 Forming PPE matrix
 Calculating LU decomposition of PPE matrix
 Starting time step loop
n=     1   udiff=  3.3880E+03 ( 61, 15)   vdiff=  2.8861E+03 ( 60, 16)
n=     2   udiff=  7.2869E+01 ( 61, 15)   vdiff=  5.7092E+01 ( 60, 15)
n=     3   udiff=  7.0788E+01 ( 61, 15)   vdiff=  5.8669E+01 ( 60, 15)
n=     4   udiff=  6.8441E+01 ( 61, 15)   vdiff=  5.9721E+01 ( 60, 15)
n=     5   udiff=  6.5868E+01 ( 61, 15)   vdiff=  6.0274E+01 ( 60, 15)
n=     6   udiff=  6.3109E+01 ( 61, 15)   vdiff=  6.0357E+01 ( 60, 15)
n=     7   udiff=  6.0200E+01 ( 61, 15)   vdiff=  6.0002E+01 ( 60, 15)
n=     8   udiff=  5.7175E+01 ( 61, 15)   vdiff=  5.9241E+01 ( 60, 15)
n=     9   udiff=  5.4066E+01 ( 61, 15)   vdiff=  5.8107E+01 ( 60, 15)
n=    10   udiff=  5.3047E+01 ( 62, 15)   vdiff=  5.6633E+01 ( 60, 15)
n=    11   udiff=  5.4265E+01 ( 62, 15)   vdiff=  5.4854E+01 ( 60, 15)
n=    12   udiff=  5.5178E+01 ( 62, 15)   vdiff=  5.2804E+01 ( 60, 15)
n=    13   udiff=  5.5796E+01 ( 62, 15)   vdiff=  5.0517E+01 ( 60, 15)
n=    14   udiff=  5.6131E+01 ( 62, 15)   vdiff=  4.8026E+01 ( 60, 15)
n=    15   udiff=  5.6206E+01 ( 62, 15)   vdiff=  4.5367E+01 ( 60, 15)
n=    16   udiff=  5.6052E+01 ( 62, 15)   vdiff=  4.2574E+01 ( 60, 15)
n=    17   udiff=  5.5654E+01 ( 62, 15)   vdiff=  3.9673E+01 ( 60, 15)
n=    18   udiff=  5.5033E+01 ( 62, 15)   vdiff=  3.6695E+01 ( 60, 15)
n=    19   udiff=  5.4199E+01 ( 62, 15)   vdiff=  3.4046E+01 (120,  8)
n=    20   udiff=  5.3171E+01 ( 62, 15)   vdiff=  3.3069E+01 (120,  8)
n=    21   udiff=  5.1967E+01 ( 62, 15)   vdiff=  3.3084E+01 ( 61, 15)
n=    22   udiff=  5.0608E+01 ( 62, 15)   vdiff=  3.3998E+01 ( 61, 15)
n=    23   udiff=  4.9112E+01 ( 62, 15)   vdiff=  3.4631E+01 ( 61, 15)
n=    24   udiff=  4.7498E+01 ( 62, 15)   vdiff=  3.4997E+01 ( 61, 15)
n=    25   udiff=  4.7596E+01 ( 63, 15)   vdiff=  3.5113E+01 ( 61, 15)
n=    26   udiff=  4.7952E+01 ( 63, 15)   vdiff=  3.4993E+01 ( 61, 15)
n=    27   udiff=  4.8162E+01 ( 63, 15)   vdiff=  3.4657E+01 ( 61, 15)
n=    28   udiff=  4.8231E+01 ( 63, 15)   vdiff=  3.4122E+01 ( 61, 15)
n=    29   udiff=  4.8166E+01 ( 63, 15)   vdiff=  3.3405E+01 ( 61, 15)
n=    30   udiff=  4.7975E+01 ( 63, 15)   vdiff=  3.2524E+01 ( 61, 15)
n=    31   udiff=  4.7665E+01 ( 63, 15)   vdiff=  3.1499E+01 ( 61, 15)
n=    32   udiff=  4.7245E+01 ( 63, 15)   vdiff=  3.0347E+01 ( 61, 15)
n=    33   udiff=  4.6724E+01 ( 63, 15)   vdiff=  2.9085E+01 ( 61, 15)
n=    34   udiff=  4.6110E+01 ( 63, 15)   vdiff=  2.8941E+01 ( 61, 14)
n=    35   udiff=  4.5414E+01 ( 63, 15)   vdiff=  2.8851E+01 ( 61, 14)
n=    36   udiff=  4.4642E+01 ( 63, 15)   vdiff=  2.8592E+01 ( 61, 14)
n=    37   udiff=  4.3807E+01 ( 63, 15)   vdiff=  2.8168E+01 ( 61, 14)
n=    38   udiff=  4.2914E+01 ( 63, 15)   vdiff=  2.7584E+01 ( 61, 14)
n=    39   udiff=  4.1972E+01 ( 63, 15)   vdiff=  2.6848E+01 ( 61, 14)
n=    40   udiff=  4.0987E+01 ( 63, 15)   vdiff=  2.5970E+01 ( 61, 14)
n=    41   udiff=  3.9969E+01 ( 63, 15)   vdiff=  2.4959E+01 ( 61, 14)
n=    42   udiff=  3.9253E+01 ( 64, 15)   vdiff=  2.3827E+01 ( 61, 14)
n=    43   udiff=  3.9311E+01 ( 64, 15)   vdiff=  2.3329E+01 ( 62, 15)
n=    44   udiff=  3.9313E+01 ( 64, 15)   vdiff=  2.3403E+01 ( 62, 15)
n=    45   udiff=  3.9261E+01 ( 64, 15)   vdiff=  2.3379E+01 ( 62, 15)
n=    46   udiff=  3.9157E+01 ( 64, 15)   vdiff=  2.3262E+01 ( 62, 15)
n=    47   udiff=  3.9005E+01 ( 64, 15)   vdiff=  2.3059E+01 ( 62, 15)
n=    48   udiff=  3.8808E+01 ( 64, 15)   vdiff=  2.3221E+01 ( 62, 14)
n=    49   udiff=  3.8568E+01 ( 64, 15)   vdiff=  2.3475E+01 ( 62, 14)
n=    50   udiff=  3.8290E+01 ( 64, 15)   vdiff=  2.3604E+01 ( 62, 14)
n=    51   udiff=  3.7975E+01 ( 64, 15)   vdiff=  2.3611E+01 ( 62, 14)
n=    52   udiff=  3.7610E+01 ( 64, 15)   vdiff=  2.3511E+01 ( 62, 14)
n=    53   udiff=  3.7207E+01 ( 64, 15)   vdiff=  2.3300E+01 ( 62, 14)
n=    54   udiff=  3.6773E+01 ( 64, 15)   vdiff=  2.2978E+01 ( 62, 14)
n=    55   udiff=  3.6309E+01 ( 64, 15)   vdiff=  2.2550E+01 ( 62, 14)
n=    56   udiff=  3.5820E+01 ( 64, 15)   vdiff=  2.2024E+01 ( 62, 14)
n=    57   udiff=  3.5307E+01 ( 64, 15)   vdiff=  2.1407E+01 ( 62, 14)
n=    58   udiff=  3.4773E+01 ( 64, 15)   vdiff=  2.0706E+01 ( 62, 14)
n=    59   udiff=  3.4221E+01 ( 64, 15)   vdiff=  1.9930E+01 ( 62, 14)
n=    60   udiff=  3.3652E+01 ( 64, 15)   vdiff=  1.9088E+01 ( 62, 14)
n=    61   udiff=  3.3070E+01 ( 64, 15)   vdiff=  1.8190E+01 ( 62, 14)
n=    62   udiff=  3.2476E+01 ( 64, 15)   vdiff=  1.7245E+01 ( 62, 14)
n=    63   udiff=  3.1872E+01 ( 64, 15)   vdiff=  1.6264E+01 ( 62, 14)
n=    64   udiff=  3.1659E+01 ( 65, 15)   vdiff=  1.6092E+01 ( 63, 14)
n=    65   udiff=  3.1600E+01 ( 65, 15)   vdiff=  1.6320E+01 ( 63, 14)
n=    66   udiff=  3.1518E+01 ( 65, 15)   vdiff=  1.6469E+01 ( 63, 14)
n=    67   udiff=  3.1412E+01 ( 65, 15)   vdiff=  1.6539E+01 ( 63, 14)
n=    68   udiff=  3.1283E+01 ( 65, 15)   vdiff=  1.6534E+01 ( 63, 14)
n=    69   udiff=  3.1134E+01 ( 65, 15)   vdiff=  1.6453E+01 ( 63, 14)
n=    70   udiff=  3.0965E+01 ( 65, 15)   vdiff=  1.6296E+01 ( 63, 14)
n=    71   udiff=  3.0777E+01 ( 65, 15)   vdiff=  1.6074E+01 ( 63, 14)
n=    72   udiff=  3.0570E+01 ( 65, 15)   vdiff=  1.5791E+01 ( 63, 14)
n=    73   udiff=  3.0346E+01 ( 65, 15)   vdiff=  1.5452E+01 ( 63, 14)
n=    74   udiff=  3.0105E+01 ( 65, 15)   vdiff=  1.5063E+01 ( 63, 14)
n=    75   udiff=  2.9848E+01 ( 65, 15)   vdiff=  1.4628E+01 ( 63, 14)
n=    76   udiff=  2.9577E+01 ( 65, 15)   vdiff=  1.4153E+01 ( 63, 14)
n=    77   udiff=  2.9292E+01 ( 65, 15)   vdiff=  1.3644E+01 ( 63, 14)
n=    78   udiff=  2.8995E+01 ( 65, 15)   vdiff=  1.3109E+01 ( 63, 14)
n=    79   udiff=  2.8686E+01 ( 65, 15)   vdiff=  1.2560E+01 ( 63, 14)
n=    80   udiff=  2.8366E+01 ( 65, 15)   vdiff=  1.2003E+01 ( 63, 15)
n=    81   udiff=  2.8037E+01 ( 65, 15)   vdiff=  1.1745E+01 ( 63, 15)
n=    82   udiff=  2.7698E+01 ( 65, 15)   vdiff=  1.1484E+01 ( 63, 15)
n=    83   udiff=  2.7351E+01 ( 65, 15)   vdiff=  1.1222E+01 ( 63, 15)
n=    84   udiff=  2.6997E+01 ( 65, 15)   vdiff=  1.0959E+01 ( 63, 15)
n=    85   udiff=  2.6636E+01 ( 65, 15)   vdiff=  1.0697E+01 ( 63, 15)
n=    86   udiff=  2.6270E+01 ( 65, 15)   vdiff=  1.0437E+01 ( 63, 15)
n=    87   udiff=  2.5900E+01 ( 65, 15)   vdiff=  1.0181E+01 ( 63, 15)
n=    88   udiff=  2.5526E+01 ( 65, 15)   vdiff=  9.9282E+00 ( 63, 15)
n=    89   udiff=  2.5439E+01 ( 66, 15)   vdiff=  9.7784E+00 ( 64, 14)
n=    90   udiff=  2.5348E+01 ( 66, 15)   vdiff=  9.6098E+00 ( 64, 14)
n=    91   udiff=  2.5244E+01 ( 66, 15)   vdiff=  9.4122E+00 ( 64, 14)
n=    92   udiff=  2.5127E+01 ( 66, 15)   vdiff=  9.2433E+00 ( 67, 14)
n=    93   udiff=  2.4997E+01 ( 66, 15)   vdiff=  9.1347E+00 ( 67, 14)
n=    94   udiff=  2.4856E+01 ( 66, 15)   vdiff=  9.0070E+00 ( 67, 14)
n=    95   udiff=  2.4704E+01 ( 66, 15)   vdiff=  8.8607E+00 ( 67, 14)
n=    96   udiff=  2.4541E+01 ( 66, 15)   vdiff=  8.6962E+00 ( 67, 14)
n=    97   udiff=  2.4368E+01 ( 66, 15)   vdiff=  8.5145E+00 ( 67, 14)
n=    98   udiff=  2.4186E+01 ( 66, 15)   vdiff=  8.3163E+00 ( 67, 14)
n=    99   udiff=  2.3996E+01 ( 66, 15)   vdiff=  8.1023E+00 ( 67, 14)
n=   100   udiff=  2.3796E+01 ( 66, 15)   vdiff=  8.0140E+00 ( 68, 14)
n=   101   udiff=  2.3589E+01 ( 66, 15)   vdiff=  8.0533E+00 ( 68, 14)
n=   102   udiff=  2.3373E+01 ( 66, 15)   vdiff=  8.0786E+00 ( 68, 14)
n=   103   udiff=  2.3151E+01 ( 66, 15)   vdiff=  8.0897E+00 ( 68, 14)
n=   104   udiff=  2.2923E+01 ( 66, 15)   vdiff=  8.0863E+00 ( 68, 14)
n=   105   udiff=  2.2685E+01 ( 66, 15)   vdiff=  8.0680E+00 ( 68, 14)
n=   106   udiff=  2.2440E+01 ( 66, 15)   vdiff=  8.0351E+00 ( 68, 14)
n=   107   udiff=  2.2191E+01 ( 66, 15)   vdiff=  7.9875E+00 ( 68, 14)
n=   108   udiff=  2.1937E+01 ( 66, 15)   vdiff=  7.9255E+00 ( 68, 14)
n=   109   udiff=  2.1681E+01 ( 66, 15)   vdiff=  7.8491E+00 ( 68, 14)
n=   110   udiff=  2.1421E+01 ( 66, 15)   vdiff=  7.7586E+00 ( 68, 14)
n=   111   udiff=  2.1159E+01 ( 66, 15)   vdiff=  7.6544E+00 ( 68, 14)
n=   112   udiff=  2.0895E+01 ( 66, 15)   vdiff=  7.5368E+00 ( 68, 14)
n=   113   udiff=  2.0647E+01 ( 67, 15)   vdiff=  7.4062E+00 ( 68, 14)
n=   114   udiff=  2.0557E+01 ( 67, 15)   vdiff=  7.2633E+00 ( 68, 14)
n=   115   udiff=  2.0458E+01 ( 67, 15)   vdiff=  7.1085E+00 ( 68, 14)
n=   116   udiff=  2.0351E+01 ( 67, 15)   vdiff=  6.9426E+00 ( 68, 14)
n=   117   udiff=  2.0236E+01 ( 67, 15)   vdiff=  6.7662E+00 ( 68, 14)
n=   118   udiff=  2.0114E+01 ( 67, 15)   vdiff=  6.7619E+00 ( 69, 14)
n=   119   udiff=  1.9985E+01 ( 67, 15)   vdiff=  6.7757E+00 ( 69, 14)
n=   120   udiff=  1.9849E+01 ( 67, 15)   vdiff=  6.7785E+00 ( 69, 14)
n=   121   udiff=  1.9707E+01 ( 67, 15)   vdiff=  6.7702E+00 ( 69, 14)
n=   122   udiff=  1.9558E+01 ( 67, 15)   vdiff=  6.7507E+00 ( 69, 14)
n=   123   udiff=  1.9404E+01 ( 67, 15)   vdiff=  6.7201E+00 ( 69, 14)
n=   124   udiff=  1.9245E+01 ( 67, 15)   vdiff=  6.7342E+00 ( 62, 13)
n=   125   udiff=  1.9081E+01 ( 67, 15)   vdiff=  6.7648E+00 ( 62, 13)
n=   126   udiff=  1.8913E+01 ( 67, 15)   vdiff=  6.7658E+00 ( 62, 13)
n=   127   udiff=  1.8740E+01 ( 67, 15)   vdiff=  6.7385E+00 ( 62, 13)
n=   128   udiff=  1.8564E+01 ( 67, 15)   vdiff=  6.6847E+00 ( 62, 13)
n=   129   udiff=  1.8385E+01 ( 67, 15)   vdiff=  6.6603E+00 ( 62, 12)
n=   130   udiff=  1.8202E+01 ( 67, 15)   vdiff=  6.7491E+00 ( 62, 12)
n=   131   udiff=  1.8018E+01 ( 67, 15)   vdiff=  6.8058E+00 ( 62, 12)
n=   132   udiff=  1.7831E+01 ( 67, 15)   vdiff=  6.8309E+00 ( 62, 12)
n=   133   udiff=  1.7642E+01 ( 67, 15)   vdiff=  6.8251E+00 ( 62, 12)
n=   134   udiff=  1.7453E+01 ( 67, 15)   vdiff=  6.7892E+00 ( 62, 12)
n=   135   udiff=  1.7262E+01 ( 67, 15)   vdiff=  6.7243E+00 ( 62, 12)
n=   136   udiff=  1.7070E+01 ( 67, 15)   vdiff=  6.6319E+00 ( 62, 12)
n=   137   udiff=  1.6890E+01 ( 68, 15)   vdiff=  6.5134E+00 ( 62, 12)
n=   138   udiff=  1.6804E+01 ( 68, 15)   vdiff=  6.3705E+00 ( 62, 12)
n=   139   udiff=  1.6711E+01 ( 68, 15)   vdiff=  6.3224E+00 ( 63, 13)
n=   140   udiff=  1.6612E+01 ( 68, 15)   vdiff=  6.3384E+00 ( 63, 13)
n=   141   udiff=  1.6509E+01 ( 68, 15)   vdiff=  6.3311E+00 ( 63, 13)
n=   142   udiff=  1.6400E+01 ( 68, 15)   vdiff=  6.3018E+00 ( 63, 13)
n=   143   udiff=  1.6287E+01 ( 68, 15)   vdiff=  6.4280E+00 ( 63, 12)
n=   144   udiff=  1.6170E+01 ( 68, 15)   vdiff=  6.5284E+00 ( 63, 12)
n=   145   udiff=  1.6048E+01 ( 68, 15)   vdiff=  6.5987E+00 ( 63, 12)
n=   146   udiff=  1.5924E+01 ( 68, 15)   vdiff=  6.6390E+00 ( 63, 12)
n=   147   udiff=  1.5796E+01 ( 68, 15)   vdiff=  6.6500E+00 ( 63, 12)
n=   148   udiff=  1.5666E+01 ( 68, 15)   vdiff=  6.6323E+00 ( 63, 12)
n=   149   udiff=  1.5533E+01 ( 68, 15)   vdiff=  6.5870E+00 ( 63, 12)
n=   150   udiff=  1.5397E+01 ( 68, 15)   vdiff=  6.5151E+00 ( 63, 12)
n=   151   udiff=  1.5260E+01 ( 68, 15)   vdiff=  6.4181E+00 ( 63, 12)
n=   152   udiff=  1.5121E+01 ( 68, 15)   vdiff=  6.2974E+00 ( 63, 12)
n=   153   udiff=  1.4981E+01 ( 68, 15)   vdiff=  6.1546E+00 ( 63, 12)
n=   154   udiff=  1.4841E+01 ( 68, 15)   vdiff=  5.9916E+00 ( 63, 12)
n=   155   udiff=  1.4699E+01 ( 68, 15)   vdiff=  5.8102E+00 ( 63, 12)
n=   156   udiff=  1.4558E+01 ( 68, 15)   vdiff=  5.6124E+00 ( 63, 12)
n=   157   udiff=  1.4416E+01 ( 68, 15)   vdiff=  5.6747E+00 ( 64, 12)
n=   158   udiff=  1.4275E+01 ( 68, 15)   vdiff=  5.7835E+00 ( 64, 12)
n=   159   udiff=  1.4134E+01 ( 68, 15)   vdiff=  5.8648E+00 ( 64, 12)
n=   160   udiff=  1.3995E+01 ( 68, 15)   vdiff=  5.9189E+00 ( 64, 12)
n=   161   udiff=  1.3856E+01 ( 68, 15)   vdiff=  5.9462E+00 ( 64, 12)
n=   162   udiff=  1.3725E+01 ( 69, 15)   vdiff=  5.9471E+00 ( 64, 12)
n=   163   udiff=  1.3638E+01 ( 69, 15)   vdiff=  5.9225E+00 ( 64, 12)
n=   164   udiff=  1.3547E+01 ( 69, 15)   vdiff=  5.8734E+00 ( 64, 12)
n=   165   udiff=  1.3454E+01 ( 69, 15)   vdiff=  5.8007E+00 ( 64, 12)
n=   166   udiff=  1.3358E+01 ( 69, 15)   vdiff=  5.7058E+00 ( 64, 12)
n=   167   udiff=  1.3260E+01 ( 69, 15)   vdiff=  5.5900E+00 ( 64, 12)
n=   168   udiff=  1.3160E+01 ( 69, 15)   vdiff=  5.4968E+00 ( 68, 13)
n=   169   udiff=  1.3058E+01 ( 69, 15)   vdiff=  5.5728E+00 ( 68, 13)
n=   170   udiff=  1.2955E+01 ( 69, 15)   vdiff=  5.6348E+00 ( 68, 13)
n=   171   udiff=  1.2851E+01 ( 69, 15)   vdiff=  5.6821E+00 ( 68, 13)
n=   172   udiff=  1.2746E+01 ( 69, 15)   vdiff=  5.7146E+00 ( 68, 13)
n=   173   udiff=  1.2641E+01 ( 69, 15)   vdiff=  5.7320E+00 ( 68, 13)
n=   174   udiff=  1.2535E+01 ( 69, 15)   vdiff=  5.7343E+00 ( 68, 13)
n=   175   udiff=  1.2430E+01 ( 69, 15)   vdiff=  5.7214E+00 ( 68, 13)
n=   176   udiff=  1.2325E+01 ( 69, 15)   vdiff=  5.7354E+00 ( 68, 12)
n=   177   udiff=  1.2221E+01 ( 69, 15)   vdiff=  5.7495E+00 ( 68, 12)
n=   178   udiff=  1.2117E+01 ( 69, 15)   vdiff=  5.7463E+00 ( 68, 12)
n=   179   udiff=  1.2015E+01 ( 69, 15)   vdiff=  5.7255E+00 ( 68, 12)
n=   180   udiff=  1.1913E+01 ( 69, 15)   vdiff=  5.6870E+00 ( 68, 12)
n=   181   udiff=  1.1814E+01 ( 69, 15)   vdiff=  5.6311E+00 ( 68, 12)
n=   182   udiff=  1.1716E+01 ( 69, 15)   vdiff=  5.6909E+00 ( 69, 13)
n=   183   udiff=  1.1620E+01 ( 69, 15)   vdiff=  5.7731E+00 ( 69, 13)
n=   184   udiff=  1.1526E+01 ( 69, 15)   vdiff=  5.8431E+00 ( 69, 13)
n=   185   udiff=  1.1434E+01 ( 69, 15)   vdiff=  5.9006E+00 ( 69, 13)
n=   186   udiff=  1.1344E+01 ( 69, 15)   vdiff=  5.9452E+00 ( 69, 13)
n=   187   udiff=  1.1257E+01 ( 69, 15)   vdiff=  5.9768E+00 ( 69, 13)
n=   188   udiff=  1.1172E+01 ( 69, 15)   vdiff=  5.9950E+00 ( 69, 13)
n=   189   udiff=  1.1090E+01 ( 69, 15)   vdiff=  5.9999E+00 ( 69, 13)
n=   190   udiff=  1.1010E+01 ( 69, 15)   vdiff=  5.9915E+00 ( 69, 13)
n=   191   udiff=  1.0933E+01 ( 69, 15)   vdiff=  5.9698E+00 ( 69, 13)
n=   192   udiff=  1.0858E+01 ( 69, 15)   vdiff=  5.9349E+00 ( 69, 13)
n=   193   udiff=  1.0787E+01 ( 69, 15)   vdiff=  5.8871E+00 ( 69, 13)
n=   194   udiff=  1.0728E+01 ( 68, 15)   vdiff=  5.8267E+00 ( 69, 13)
n=   195   udiff=  1.0678E+01 ( 68, 15)   vdiff=  5.7539E+00 ( 69, 13)
n=   196   udiff=  1.0629E+01 ( 68, 15)   vdiff=  5.6693E+00 ( 69, 13)
n=   197   udiff=  1.0583E+01 ( 68, 15)   vdiff=  5.6491E+00 ( 70, 13)
n=   198   udiff=  1.0537E+01 ( 68, 15)   vdiff=  5.7308E+00 ( 70, 13)
n=   199   udiff=  1.0493E+01 ( 68, 15)   vdiff=  5.8017E+00 ( 70, 13)
n=   200   udiff=  1.0451E+01 ( 68, 15)   vdiff=  5.8613E+00 ( 70, 13)
n=   201   udiff=  1.0409E+01 ( 68, 15)   vdiff=  5.9094E+00 ( 70, 13)
n=   202   udiff=  1.0369E+01 ( 68, 15)   vdiff=  5.9457E+00 ( 70, 13)
n=   203   udiff=  1.0329E+01 ( 68, 15)   vdiff=  5.9700E+00 ( 70, 13)
n=   204   udiff=  1.0290E+01 ( 68, 15)   vdiff=  5.9823E+00 ( 70, 13)
n=   205   udiff=  1.0252E+01 ( 68, 15)   vdiff=  5.9825E+00 ( 70, 13)
n=   206   udiff=  1.0214E+01 ( 68, 15)   vdiff=  5.9707E+00 ( 70, 13)
n=   207   udiff=  1.0177E+01 ( 68, 15)   vdiff=  5.9469E+00 ( 70, 13)
n=   208   udiff=  1.0140E+01 ( 68, 15)   vdiff=  5.9113E+00 ( 70, 13)
n=   209   udiff=  1.0104E+01 ( 68, 15)   vdiff=  5.8640E+00 ( 70, 13)
n=   210   udiff=  1.0068E+01 ( 68, 15)   vdiff=  5.8055E+00 ( 70, 13)
n=   211   udiff=  1.0032E+01 ( 68, 15)   vdiff=  5.7359E+00 ( 70, 13)
n=   212   udiff=  9.9971E+00 ( 68, 15)   vdiff=  5.6557E+00 ( 70, 13)
n=   213   udiff=  9.9621E+00 ( 68, 15)   vdiff=  5.5653E+00 ( 70, 13)
n=   214   udiff=  9.9273E+00 ( 68, 15)   vdiff=  5.5486E+00 ( 71, 13)
n=   215   udiff=  9.8927E+00 ( 68, 15)   vdiff=  5.6128E+00 ( 71, 13)
n=   216   udiff=  9.8581E+00 ( 68, 15)   vdiff=  5.6665E+00 ( 71, 13)
n=   217   udiff=  9.8236E+00 ( 68, 15)   vdiff=  5.7096E+00 ( 71, 13)
n=   218   udiff=  9.7892E+00 ( 68, 15)   vdiff=  5.7419E+00 ( 71, 13)
n=   219   udiff=  9.7545E+00 ( 68, 15)   vdiff=  5.7631E+00 ( 71, 13)
n=   220   udiff=  9.7196E+00 ( 68, 15)   vdiff=  5.7734E+00 ( 71, 13)
n=   221   udiff=  9.6891E+00 ( 69, 15)   vdiff=  5.7726E+00 ( 71, 13)
n=   222   udiff=  9.6698E+00 ( 69, 15)   vdiff=  5.7607E+00 ( 71, 13)
n=   223   udiff=  9.6509E+00 ( 69, 15)   vdiff=  5.7379E+00 ( 71, 13)
n=   224   udiff=  9.6323E+00 ( 69, 15)   vdiff=  5.7043E+00 ( 71, 13)
n=   225   udiff=  9.6139E+00 ( 69, 15)   vdiff=  5.6600E+00 ( 71, 13)
n=   226   udiff=  9.5956E+00 ( 69, 15)   vdiff=  5.6053E+00 ( 71, 13)
n=   227   udiff=  9.5774E+00 ( 69, 15)   vdiff=  5.5405E+00 ( 71, 13)
n=   228   udiff=  9.5593E+00 ( 69, 15)   vdiff=  5.4659E+00 ( 71, 13)
n=   229   udiff=  9.5410E+00 ( 69, 15)   vdiff=  5.3819E+00 ( 71, 13)
n=   230   udiff=  9.5227E+00 ( 69, 15)   vdiff=  5.2888E+00 ( 71, 13)
n=   231   udiff=  9.5043E+00 ( 69, 15)   vdiff=  5.3002E+00 ( 72, 13)
n=   232   udiff=  9.4856E+00 ( 69, 15)   vdiff=  5.3503E+00 ( 72, 13)
n=   233   udiff=  9.4668E+00 ( 69, 15)   vdiff=  5.3906E+00 ( 72, 13)
n=   234   udiff=  9.4477E+00 ( 69, 15)   vdiff=  5.4208E+00 ( 72, 13)
n=   235   udiff=  9.4283E+00 ( 69, 15)   vdiff=  5.4409E+00 ( 72, 13)
n=   236   udiff=  9.4086E+00 ( 69, 15)   vdiff=  5.4508E+00 ( 72, 13)
n=   237   udiff=  9.3886E+00 ( 69, 15)   vdiff=  5.4505E+00 ( 72, 13)
n=   238   udiff=  9.3683E+00 ( 69, 15)   vdiff=  5.4400E+00 ( 72, 13)
n=   239   udiff=  9.3476E+00 ( 69, 15)   vdiff=  5.4194E+00 ( 72, 13)
n=   240   udiff=  9.3267E+00 ( 69, 15)   vdiff=  5.3888E+00 ( 72, 13)
n=   241   udiff=  9.3053E+00 ( 69, 15)   vdiff=  5.3483E+00 ( 72, 13)
n=   242   udiff=  9.2836E+00 ( 69, 15)   vdiff=  5.2982E+00 ( 72, 13)
n=   243   udiff=  9.2616E+00 ( 69, 15)   vdiff=  5.2386E+00 ( 72, 13)
n=   244   udiff=  9.2393E+00 ( 69, 15)   vdiff=  5.1700E+00 ( 72, 13)
n=   245   udiff=  9.2166E+00 ( 69, 15)   vdiff=  5.0926E+00 ( 72, 13)
n=   246   udiff=  9.1937E+00 ( 69, 15)   vdiff=  5.0067E+00 ( 72, 13)
n=   247   udiff=  9.1704E+00 ( 69, 15)   vdiff=  4.9307E+00 ( 73, 13)
n=   248   udiff=  9.1468E+00 ( 69, 15)   vdiff=  4.9783E+00 ( 73, 13)
n=   249   udiff=  9.1230E+00 ( 69, 15)   vdiff=  5.0168E+00 ( 73, 13)
n=   250   udiff=  9.0989E+00 ( 69, 15)   vdiff=  5.0461E+00 ( 73, 13)
n=   251   udiff=  9.0746E+00 ( 69, 15)   vdiff=  5.0660E+00 ( 73, 13)
n=   252   udiff=  9.0501E+00 ( 69, 15)   vdiff=  5.0765E+00 ( 73, 13)
n=   253   udiff=  9.0254E+00 ( 69, 15)   vdiff=  5.0776E+00 ( 73, 13)
n=   254   udiff=  9.0006E+00 ( 69, 15)   vdiff=  5.0693E+00 ( 73, 13)
n=   255   udiff=  8.9756E+00 ( 69, 15)   vdiff=  5.0515E+00 ( 73, 13)
n=   256   udiff=  8.9505E+00 ( 69, 15)   vdiff=  5.0245E+00 ( 73, 13)
n=   257   udiff=  8.9253E+00 ( 69, 15)   vdiff=  4.9884E+00 ( 73, 13)
n=   258   udiff=  8.9000E+00 ( 69, 15)   vdiff=  4.9433E+00 ( 73, 13)
n=   259   udiff=  8.8747E+00 ( 69, 15)   vdiff=  4.8894E+00 ( 73, 13)
n=   260   udiff=  8.8494E+00 ( 69, 15)   vdiff=  4.8270E+00 ( 73, 13)
n=   261   udiff=  8.8241E+00 ( 69, 15)   vdiff=  4.7563E+00 ( 73, 13)
n=   262   udiff=  8.7986E+00 ( 69, 15)   vdiff=  4.6777E+00 ( 73, 13)
n=   263   udiff=  8.7730E+00 ( 69, 15)   vdiff=  4.5915E+00 ( 73, 13)
n=   264   udiff=  8.7475E+00 ( 69, 15)   vdiff=  4.5958E+00 ( 74, 13)
n=   265   udiff=  8.7221E+00 ( 69, 15)   vdiff=  4.6333E+00 ( 74, 13)
n=   266   udiff=  8.6968E+00 ( 69, 15)   vdiff=  4.6624E+00 ( 74, 13)
n=   267   udiff=  8.6716E+00 ( 69, 15)   vdiff=  4.6828E+00 ( 74, 13)
n=   268   udiff=  8.6465E+00 ( 69, 15)   vdiff=  4.6946E+00 ( 74, 13)
n=   269   udiff=  8.6215E+00 ( 69, 15)   vdiff=  4.6976E+00 ( 74, 13)
n=   270   udiff=  8.5968E+00 ( 69, 15)   vdiff=  4.6919E+00 ( 74, 13)
n=   271   udiff=  8.5722E+00 ( 69, 15)   vdiff=  4.6776E+00 ( 74, 13)
n=   272   udiff=  8.5477E+00 ( 69, 15)   vdiff=  4.6546E+00 ( 74, 13)
n=   273   udiff=  8.5235E+00 ( 69, 15)   vdiff=  4.6231E+00 ( 74, 13)
n=   274   udiff=  8.4994E+00 ( 69, 15)   vdiff=  4.5833E+00 ( 74, 13)
n=   275   udiff=  8.4755E+00 ( 69, 15)   vdiff=  4.5352E+00 ( 74, 13)
n=   276   udiff=  8.4519E+00 ( 69, 15)   vdiff=  4.4792E+00 ( 74, 13)
n=   277   udiff=  8.4284E+00 ( 69, 15)   vdiff=  4.4155E+00 ( 74, 13)
n=   278   udiff=  8.4052E+00 ( 69, 15)   vdiff=  4.3443E+00 ( 74, 13)
n=   279   udiff=  8.3821E+00 ( 69, 15)   vdiff=  4.2659E+00 ( 74, 13)
n=   280   udiff=  8.3593E+00 ( 69, 15)   vdiff=  4.2303E+00 ( 75, 13)
n=   281   udiff=  8.3368E+00 ( 69, 15)   vdiff=  4.2675E+00 ( 75, 13)
n=   282   udiff=  8.3144E+00 ( 69, 15)   vdiff=  4.2968E+00 ( 75, 13)
n=   283   udiff=  8.2923E+00 ( 69, 15)   vdiff=  4.3183E+00 ( 75, 13)
n=   284   udiff=  8.2703E+00 ( 69, 15)   vdiff=  4.3317E+00 ( 75, 13)
n=   285   udiff=  8.2486E+00 ( 69, 15)   vdiff=  4.3371E+00 ( 75, 13)
n=   286   udiff=  8.2272E+00 ( 69, 15)   vdiff=  4.3344E+00 ( 75, 13)
n=   287   udiff=  8.2059E+00 ( 69, 15)   vdiff=  4.3237E+00 ( 75, 13)
n=   288   udiff=  8.1849E+00 ( 69, 15)   vdiff=  4.3050E+00 ( 75, 13)
n=   289   udiff=  8.1640E+00 ( 69, 15)   vdiff=  4.2784E+00 ( 75, 13)
n=   290   udiff=  8.1434E+00 ( 69, 15)   vdiff=  4.2440E+00 ( 75, 13)
n=   291   udiff=  8.1230E+00 ( 69, 15)   vdiff=  4.2019E+00 ( 75, 13)
n=   292   udiff=  8.1027E+00 ( 69, 15)   vdiff=  4.1524E+00 ( 75, 13)
n=   293   udiff=  8.0826E+00 ( 69, 15)   vdiff=  4.0956E+00 ( 75, 13)
n=   294   udiff=  8.0626E+00 ( 69, 15)   vdiff=  4.0362E+00 (  9, 18)
n=   295   udiff=  8.0426E+00 ( 69, 15)   vdiff=  4.0314E+00 (  9, 18)
n=   296   udiff=  8.0229E+00 ( 69, 15)   vdiff=  4.0248E+00 (  9, 18)
n=   297   udiff=  8.0032E+00 ( 69, 15)   vdiff=  4.0166E+00 (  9, 18)
n=   298   udiff=  7.9838E+00 ( 69, 15)   vdiff=  4.0067E+00 (  9, 18)
n=   299   udiff=  7.9644E+00 ( 69, 15)   vdiff=  3.9951E+00 (  9, 18)
n=   300   udiff=  7.9452E+00 ( 69, 15)   vdiff=  4.0028E+00 ( 76, 13)
n=   301   udiff=  7.9261E+00 ( 69, 15)   vdiff=  4.0107E+00 ( 76, 13)
n=   302   udiff=  7.9071E+00 ( 69, 15)   vdiff=  4.0111E+00 ( 76, 13)
n=   303   udiff=  7.8876E+00 ( 69, 15)   vdiff=  4.0040E+00 ( 76, 13)
n=   304   udiff=  7.8682E+00 ( 69, 15)   vdiff=  3.9895E+00 ( 76, 13)
n=   305   udiff=  7.8489E+00 ( 69, 15)   vdiff=  3.9677E+00 ( 76, 13)
n=   306   udiff=  7.8298E+00 ( 69, 15)   vdiff=  3.9386E+00 ( 76, 13)
n=   307   udiff=  7.8107E+00 ( 69, 15)   vdiff=  3.9227E+00 ( 10, 16)
n=   308   udiff=  7.7919E+00 ( 69, 15)   vdiff=  3.9085E+00 ( 10, 16)
n=   309   udiff=  7.7731E+00 ( 69, 15)   vdiff=  3.9131E+00 ( 10, 17)
n=   310   udiff=  7.7544E+00 ( 69, 15)   vdiff=  3.9166E+00 ( 10, 17)
n=   311   udiff=  7.7358E+00 ( 69, 15)   vdiff=  3.9184E+00 ( 10, 17)
n=   312   udiff=  7.7174E+00 ( 69, 15)   vdiff=  3.9183E+00 ( 10, 17)
n=   313   udiff=  7.6990E+00 ( 69, 15)   vdiff=  3.9165E+00 ( 10, 17)
n=   314   udiff=  7.6807E+00 ( 69, 15)   vdiff=  3.9128E+00 ( 10, 17)
n=   315   udiff=  7.6625E+00 ( 69, 15)   vdiff=  3.9075E+00 ( 10, 17)
n=   316   udiff=  7.6444E+00 ( 69, 15)   vdiff=  3.9003E+00 ( 10, 17)
n=   317   udiff=  7.6264E+00 ( 69, 15)   vdiff=  3.8915E+00 ( 10, 17)
n=   318   udiff=  7.6085E+00 ( 69, 15)   vdiff=  3.8809E+00 ( 10, 17)
n=   319   udiff=  7.5906E+00 ( 69, 15)   vdiff=  3.8687E+00 ( 10, 17)
n=   320   udiff=  7.5728E+00 ( 69, 15)   vdiff=  3.8547E+00 ( 10, 17)
n=   321   udiff=  7.5551E+00 ( 69, 15)   vdiff=  3.8391E+00 ( 10, 17)
n=   322   udiff=  7.5375E+00 ( 69, 15)   vdiff=  3.8219E+00 ( 10, 17)
n=   323   udiff=  7.5201E+00 ( 69, 15)   vdiff=  3.8115E+00 ( 10, 18)
n=   324   udiff=  7.5028E+00 ( 69, 15)   vdiff=  3.8130E+00 ( 10, 18)
n=   325   udiff=  7.4856E+00 ( 69, 15)   vdiff=  3.8130E+00 ( 10, 18)
n=   326   udiff=  7.4703E+00 ( 70, 15)   vdiff=  3.8114E+00 ( 10, 18)
n=   327   udiff=  7.4588E+00 ( 70, 15)   vdiff=  3.8082E+00 ( 10, 18)
n=   328   udiff=  7.4474E+00 ( 70, 15)   vdiff=  3.8035E+00 ( 10, 18)
n=   329   udiff=  7.4360E+00 ( 70, 15)   vdiff=  3.7972E+00 ( 10, 18)
n=   330   udiff=  7.4248E+00 ( 70, 15)   vdiff=  3.7894E+00 ( 10, 18)
n=   331   udiff=  7.4136E+00 ( 70, 15)   vdiff=  3.7801E+00 ( 10, 18)
n=   332   udiff=  7.4026E+00 ( 70, 15)   vdiff=  3.7693E+00 ( 10, 18)
n=   333   udiff=  7.3916E+00 ( 70, 15)   vdiff=  3.7578E+00 ( 11, 16)
n=   334   udiff=  7.3806E+00 ( 70, 15)   vdiff=  3.7526E+00 ( 11, 16)
n=   335   udiff=  7.3697E+00 ( 70, 15)   vdiff=  3.7455E+00 ( 11, 16)
n=   336   udiff=  7.3589E+00 ( 70, 15)   vdiff=  3.7368E+00 ( 11, 16)
n=   337   udiff=  7.3482E+00 ( 70, 15)   vdiff=  3.7262E+00 ( 11, 16)
n=   338   udiff=  7.3375E+00 ( 70, 15)   vdiff=  3.7140E+00 ( 11, 16)
n=   339   udiff=  7.3269E+00 ( 70, 15)   vdiff=  3.7000E+00 ( 11, 16)
n=   340   udiff=  7.3164E+00 ( 70, 15)   vdiff=  3.7037E+00 ( 11, 17)
n=   341   udiff=  7.3059E+00 ( 70, 15)   vdiff=  3.7076E+00 ( 11, 17)
n=   342   udiff=  7.2955E+00 ( 70, 15)   vdiff=  3.7099E+00 ( 11, 17)
n=   343   udiff=  7.2851E+00 ( 70, 15)   vdiff=  3.7105E+00 ( 11, 17)
n=   344   udiff=  7.2748E+00 ( 70, 15)   vdiff=  3.7094E+00 ( 11, 17)
n=   345   udiff=  7.2646E+00 ( 70, 15)   vdiff=  3.7068E+00 ( 11, 17)
n=   346   udiff=  7.2544E+00 ( 70, 15)   vdiff=  3.7025E+00 ( 11, 17)
n=   347   udiff=  7.2443E+00 ( 70, 15)   vdiff=  3.7064E+00 ( 66, 14)
n=   348   udiff=  7.2343E+00 ( 70, 15)   vdiff=  3.7203E+00 ( 66, 14)
n=   349   udiff=  7.2243E+00 ( 70, 15)   vdiff=  3.7342E+00 ( 66, 14)
n=   350   udiff=  7.2144E+00 ( 70, 15)   vdiff=  3.7478E+00 ( 66, 14)
n=   351   udiff=  7.2046E+00 ( 70, 15)   vdiff=  3.7614E+00 ( 66, 14)
n=   352   udiff=  7.1949E+00 ( 70, 15)   vdiff=  3.7748E+00 ( 66, 14)
n=   353   udiff=  7.1852E+00 ( 70, 15)   vdiff=  3.7880E+00 ( 66, 14)
n=   354   udiff=  7.1756E+00 ( 70, 15)   vdiff=  3.8011E+00 ( 66, 14)
n=   355   udiff=  7.1660E+00 ( 70, 15)   vdiff=  3.8141E+00 ( 66, 14)
n=   356   udiff=  7.1566E+00 ( 70, 15)   vdiff=  3.8269E+00 ( 66, 14)
n=   357   udiff=  7.1472E+00 ( 70, 15)   vdiff=  3.8395E+00 ( 66, 14)
n=   358   udiff=  7.1379E+00 ( 70, 15)   vdiff=  3.8519E+00 ( 66, 14)
n=   359   udiff=  7.1286E+00 ( 70, 15)   vdiff=  3.8642E+00 ( 66, 14)
n=   360   udiff=  7.1195E+00 ( 70, 15)   vdiff=  3.8762E+00 ( 66, 14)
n=   361   udiff=  7.1104E+00 ( 70, 15)   vdiff=  3.8881E+00 ( 66, 14)
n=   362   udiff=  7.1014E+00 ( 70, 15)   vdiff=  3.8998E+00 ( 66, 14)
n=   363   udiff=  7.0925E+00 ( 70, 15)   vdiff=  3.9112E+00 ( 66, 14)
n=   364   udiff=  7.0836E+00 ( 70, 15)   vdiff=  3.9225E+00 ( 66, 14)
n=   365   udiff=  7.0748E+00 ( 70, 15)   vdiff=  3.9335E+00 ( 66, 14)
n=   366   udiff=  7.0660E+00 ( 70, 15)   vdiff=  3.9444E+00 ( 66, 14)
n=   367   udiff=  7.0573E+00 ( 70, 15)   vdiff=  3.9549E+00 ( 66, 14)
n=   368   udiff=  7.0487E+00 ( 70, 15)   vdiff=  3.9653E+00 ( 66, 14)
n=   369   udiff=  7.0402E+00 ( 70, 15)   vdiff=  3.9754E+00 ( 66, 14)
n=   370   udiff=  7.0317E+00 ( 70, 15)   vdiff=  3.9854E+00 ( 66, 14)
n=   371   udiff=  7.0234E+00 ( 70, 15)   vdiff=  3.9952E+00 ( 66, 14)
n=   372   udiff=  7.0154E+00 ( 70, 15)   vdiff=  4.0047E+00 ( 66, 14)
n=   373   udiff=  7.0073E+00 ( 70, 15)   vdiff=  4.0140E+00 ( 66, 14)
n=   374   udiff=  6.9993E+00 ( 70, 15)   vdiff=  4.0233E+00 ( 66, 14)
n=   375   udiff=  6.9907E+00 ( 70, 15)   vdiff=  4.0375E+00 ( 66, 14)
n=   376   udiff=  6.9822E+00 ( 70, 15)   vdiff=  4.0516E+00 ( 66, 14)
n=   377   udiff=  6.9738E+00 ( 70, 15)   vdiff=  4.0657E+00 ( 66, 14)
n=   378   udiff=  6.9655E+00 ( 70, 15)   vdiff=  4.0797E+00 ( 66, 14)
n=   379   udiff=  6.9573E+00 ( 70, 15)   vdiff=  4.0936E+00 ( 66, 14)
n=   380   udiff=  6.9492E+00 ( 70, 15)   vdiff=  4.1074E+00 ( 66, 14)
n=   381   udiff=  6.9411E+00 ( 70, 15)   vdiff=  4.1209E+00 ( 66, 14)
n=   382   udiff=  6.9332E+00 ( 70, 15)   vdiff=  4.1342E+00 ( 66, 14)
n=   383   udiff=  6.9253E+00 ( 70, 15)   vdiff=  4.1472E+00 ( 66, 14)
n=   384   udiff=  6.9175E+00 ( 70, 15)   vdiff=  4.1601E+00 ( 66, 14)
n=   385   udiff=  6.9097E+00 ( 70, 15)   vdiff=  4.1728E+00 ( 66, 14)
n=   386   udiff=  6.9020E+00 ( 70, 15)   vdiff=  4.1853E+00 ( 66, 14)
n=   387   udiff=  6.8944E+00 ( 70, 15)   vdiff=  4.1976E+00 ( 66, 14)
n=   388   udiff=  6.8868E+00 ( 70, 15)   vdiff=  4.2096E+00 ( 66, 14)
n=   389   udiff=  6.8793E+00 ( 70, 15)   vdiff=  4.2215E+00 ( 66, 14)
n=   390   udiff=  6.8717E+00 ( 70, 15)   vdiff=  4.2331E+00 ( 66, 14)
n=   391   udiff=  6.8643E+00 ( 70, 15)   vdiff=  4.2445E+00 ( 66, 14)
n=   392   udiff=  6.8568E+00 ( 70, 15)   vdiff=  4.2556E+00 ( 66, 14)
n=   393   udiff=  6.8494E+00 ( 70, 15)   vdiff=  4.2665E+00 ( 66, 14)
n=   394   udiff=  6.8418E+00 ( 70, 15)   vdiff=  4.2716E+00 ( 66, 14)
n=   395   udiff=  6.8341E+00 ( 70, 15)   vdiff=  4.2746E+00 ( 66, 14)
n=   396   udiff=  6.8265E+00 ( 70, 15)   vdiff=  4.2775E+00 ( 66, 14)
n=   397   udiff=  6.8188E+00 ( 70, 15)   vdiff=  4.2803E+00 ( 66, 14)
n=   398   udiff=  6.8111E+00 ( 70, 15)   vdiff=  4.2827E+00 ( 66, 14)
n=   399   udiff=  6.8034E+00 ( 70, 15)   vdiff=  4.2848E+00 ( 66, 14)
n=   400   udiff=  6.7957E+00 ( 70, 15)   vdiff=  4.2866E+00 ( 66, 14)
n=   401   udiff=  6.7880E+00 ( 70, 15)   vdiff=  4.2880E+00 ( 66, 14)
n=   402   udiff=  6.7802E+00 ( 70, 15)   vdiff=  4.2891E+00 ( 66, 14)
n=   403   udiff=  6.7724E+00 ( 70, 15)   vdiff=  4.2899E+00 ( 66, 14)
n=   404   udiff=  6.7646E+00 ( 70, 15)   vdiff=  4.2903E+00 ( 66, 14)
n=   405   udiff=  6.7567E+00 ( 70, 15)   vdiff=  4.2903E+00 ( 66, 14)
n=   406   udiff=  6.7488E+00 ( 70, 15)   vdiff=  4.2900E+00 ( 66, 14)
n=   407   udiff=  6.7409E+00 ( 70, 15)   vdiff=  4.2893E+00 ( 66, 14)
n=   408   udiff=  6.7329E+00 ( 70, 15)   vdiff=  4.2882E+00 ( 66, 14)
n=   409   udiff=  6.7249E+00 ( 70, 15)   vdiff=  4.2868E+00 ( 66, 14)
n=   410   udiff=  6.7168E+00 ( 70, 15)   vdiff=  4.2850E+00 ( 66, 14)
n=   411   udiff=  6.7086E+00 ( 70, 15)   vdiff=  4.2828E+00 ( 66, 14)
n=   412   udiff=  6.7004E+00 ( 70, 15)   vdiff=  4.2803E+00 ( 66, 14)
n=   413   udiff=  6.6921E+00 ( 70, 15)   vdiff=  4.2773E+00 ( 66, 14)
n=   414   udiff=  6.6838E+00 ( 70, 15)   vdiff=  4.2740E+00 ( 66, 14)
n=   415   udiff=  6.6754E+00 ( 70, 15)   vdiff=  4.2703E+00 ( 66, 14)
n=   416   udiff=  6.6669E+00 ( 70, 15)   vdiff=  4.2662E+00 ( 66, 14)
n=   417   udiff=  6.6584E+00 ( 70, 15)   vdiff=  4.2617E+00 ( 66, 14)
n=   418   udiff=  6.6498E+00 ( 70, 15)   vdiff=  4.2646E+00 ( 67, 14)
n=   419   udiff=  6.6475E+00 ( 71, 15)   vdiff=  4.2872E+00 ( 67, 14)
n=   420   udiff=  6.6484E+00 ( 71, 15)   vdiff=  4.3094E+00 ( 67, 14)
n=   421   udiff=  6.6493E+00 ( 71, 15)   vdiff=  4.3313E+00 ( 67, 14)
n=   422   udiff=  6.6502E+00 ( 71, 15)   vdiff=  4.3529E+00 ( 67, 14)
n=   423   udiff=  6.6512E+00 ( 71, 15)   vdiff=  4.3742E+00 ( 67, 14)
n=   424   udiff=  6.6521E+00 ( 71, 15)   vdiff=  4.3951E+00 ( 67, 14)
n=   425   udiff=  6.6531E+00 ( 71, 15)   vdiff=  4.4157E+00 ( 67, 14)
n=   426   udiff=  6.6543E+00 ( 71, 15)   vdiff=  4.4359E+00 ( 67, 14)
n=   427   udiff=  6.6555E+00 ( 71, 15)   vdiff=  4.4557E+00 ( 67, 14)
n=   428   udiff=  6.6567E+00 ( 71, 15)   vdiff=  4.4752E+00 ( 67, 14)
n=   429   udiff=  6.6579E+00 ( 71, 15)   vdiff=  4.4944E+00 ( 67, 14)
n=   430   udiff=  6.6591E+00 ( 71, 15)   vdiff=  4.5131E+00 ( 67, 14)
n=   431   udiff=  6.6602E+00 ( 71, 15)   vdiff=  4.5321E+00 ( 67, 14)
n=   432   udiff=  6.6613E+00 ( 71, 15)   vdiff=  4.5508E+00 ( 67, 14)
n=   433   udiff=  6.6624E+00 ( 71, 15)   vdiff=  4.5692E+00 ( 67, 14)
n=   434   udiff=  6.6635E+00 ( 71, 15)   vdiff=  4.5872E+00 ( 67, 14)
n=   435   udiff=  6.6646E+00 ( 71, 15)   vdiff=  4.6047E+00 ( 67, 14)
n=   436   udiff=  6.6656E+00 ( 71, 15)   vdiff=  4.6219E+00 ( 67, 14)
n=   437   udiff=  6.6666E+00 ( 71, 15)   vdiff=  4.6386E+00 ( 67, 14)
n=   438   udiff=  6.6675E+00 ( 71, 15)   vdiff=  4.6549E+00 ( 67, 14)
n=   439   udiff=  6.6684E+00 ( 71, 15)   vdiff=  4.6708E+00 ( 67, 14)
n=   440   udiff=  6.6692E+00 ( 71, 15)   vdiff=  4.6863E+00 ( 67, 14)
n=   441   udiff=  6.6700E+00 ( 71, 15)   vdiff=  4.7014E+00 ( 67, 14)
n=   442   udiff=  6.6708E+00 ( 71, 15)   vdiff=  4.7160E+00 ( 67, 14)
n=   443   udiff=  6.6715E+00 ( 71, 15)   vdiff=  4.7299E+00 ( 67, 14)
n=   444   udiff=  6.6721E+00 ( 71, 15)   vdiff=  4.7434E+00 ( 67, 14)
n=   445   udiff=  6.6727E+00 ( 71, 15)   vdiff=  4.7564E+00 ( 67, 14)
n=   446   udiff=  6.6732E+00 ( 71, 15)   vdiff=  4.7691E+00 ( 67, 14)
n=   447   udiff=  6.6737E+00 ( 71, 15)   vdiff=  4.7812E+00 ( 67, 14)
n=   448   udiff=  6.6741E+00 ( 71, 15)   vdiff=  4.7929E+00 ( 67, 14)
n=   449   udiff=  6.6743E+00 ( 71, 15)   vdiff=  4.8041E+00 ( 67, 14)
n=   450   udiff=  6.6746E+00 ( 71, 15)   vdiff=  4.8149E+00 ( 67, 14)
n=   451   udiff=  6.6747E+00 ( 71, 15)   vdiff=  4.8252E+00 ( 67, 14)
n=   452   udiff=  6.6748E+00 ( 71, 15)   vdiff=  4.8350E+00 ( 67, 14)
n=   453   udiff=  6.6748E+00 ( 71, 15)   vdiff=  4.8443E+00 ( 67, 14)
n=   454   udiff=  6.6747E+00 ( 71, 15)   vdiff=  4.8532E+00 ( 67, 14)
n=   455   udiff=  6.6745E+00 ( 71, 15)   vdiff=  4.8616E+00 ( 67, 14)
n=   456   udiff=  6.6742E+00 ( 71, 15)   vdiff=  4.8695E+00 ( 67, 14)
n=   457   udiff=  6.6738E+00 ( 71, 15)   vdiff=  4.8770E+00 ( 67, 14)
n=   458   udiff=  6.6734E+00 ( 71, 15)   vdiff=  4.8839E+00 ( 67, 14)
n=   459   udiff=  6.6728E+00 ( 71, 15)   vdiff=  4.8904E+00 ( 67, 14)
n=   460   udiff=  6.6722E+00 ( 71, 15)   vdiff=  4.8965E+00 ( 67, 14)
n=   461   udiff=  6.6712E+00 ( 71, 15)   vdiff=  4.9034E+00 ( 67, 14)
n=   462   udiff=  6.6696E+00 ( 71, 15)   vdiff=  4.9144E+00 ( 67, 14)
n=   463   udiff=  6.6680E+00 ( 71, 15)   vdiff=  4.9252E+00 ( 67, 14)
n=   464   udiff=  6.6663E+00 ( 71, 15)   vdiff=  4.9356E+00 ( 67, 14)
n=   465   udiff=  6.6645E+00 ( 71, 15)   vdiff=  4.9458E+00 ( 67, 14)
n=   466   udiff=  6.6626E+00 ( 71, 15)   vdiff=  4.9557E+00 ( 67, 14)
n=   467   udiff=  6.6607E+00 ( 71, 15)   vdiff=  4.9653E+00 ( 67, 14)
n=   468   udiff=  6.6587E+00 ( 71, 15)   vdiff=  4.9747E+00 ( 67, 14)
n=   469   udiff=  6.6566E+00 ( 71, 15)   vdiff=  4.9837E+00 ( 67, 14)
n=   470   udiff=  6.6544E+00 ( 71, 15)   vdiff=  4.9925E+00 ( 67, 14)
n=   471   udiff=  6.6522E+00 ( 71, 15)   vdiff=  5.0009E+00 ( 67, 14)
n=   472   udiff=  6.6498E+00 ( 71, 15)   vdiff=  5.0091E+00 ( 67, 14)
n=   473   udiff=  6.6473E+00 ( 71, 15)   vdiff=  5.0169E+00 ( 67, 14)
n=   474   udiff=  6.6446E+00 ( 71, 15)   vdiff=  5.0244E+00 ( 67, 14)
n=   475   udiff=  6.6462E+00 ( 71, 14)   vdiff=  5.0317E+00 ( 67, 14)
n=   476   udiff=  6.6495E+00 ( 71, 14)   vdiff=  5.0386E+00 ( 67, 14)
n=   477   udiff=  6.6526E+00 ( 71, 14)   vdiff=  5.0451E+00 ( 67, 14)
n=   478   udiff=  6.6555E+00 ( 71, 14)   vdiff=  5.0514E+00 ( 67, 14)
n=   479   udiff=  6.6581E+00 ( 71, 14)   vdiff=  5.0573E+00 ( 67, 14)
n=   480   udiff=  6.6605E+00 ( 71, 14)   vdiff=  5.0603E+00 ( 67, 14)
n=   481   udiff=  6.6625E+00 ( 71, 14)   vdiff=  5.0590E+00 ( 67, 14)
n=   482   udiff=  6.6644E+00 ( 71, 14)   vdiff=  5.0573E+00 ( 67, 14)
n=   483   udiff=  6.6660E+00 ( 71, 14)   vdiff=  5.0553E+00 ( 67, 14)
n=   484   udiff=  6.6674E+00 ( 71, 14)   vdiff=  5.0529E+00 ( 67, 14)
n=   485   udiff=  6.6686E+00 ( 71, 14)   vdiff=  5.0502E+00 ( 67, 14)
n=   486   udiff=  6.6696E+00 ( 71, 14)   vdiff=  5.0472E+00 ( 67, 14)
n=   487   udiff=  6.6704E+00 ( 71, 14)   vdiff=  5.0437E+00 ( 67, 14)
n=   488   udiff=  6.6709E+00 ( 71, 14)   vdiff=  5.0400E+00 ( 67, 14)
n=   489   udiff=  6.6712E+00 ( 71, 14)   vdiff=  5.0359E+00 ( 67, 14)
n=   490   udiff=  6.6712E+00 ( 71, 14)   vdiff=  5.0314E+00 ( 67, 14)
n=   491   udiff=  6.6710E+00 ( 71, 14)   vdiff=  5.0265E+00 ( 67, 14)
n=   492   udiff=  6.6709E+00 ( 71, 14)   vdiff=  5.0216E+00 ( 67, 14)
n=   493   udiff=  6.6706E+00 ( 71, 14)   vdiff=  5.0172E+00 ( 67, 14)
n=   494   udiff=  6.6700E+00 ( 71, 14)   vdiff=  5.0123E+00 ( 67, 14)
n=   495   udiff=  6.6691E+00 ( 71, 14)   vdiff=  5.0070E+00 ( 67, 14)
n=   496   udiff=  6.6680E+00 ( 71, 14)   vdiff=  5.0013E+00 ( 67, 14)
n=   497   udiff=  6.6666E+00 ( 71, 14)   vdiff=  4.9952E+00 ( 67, 14)
n=   498   udiff=  6.6649E+00 ( 71, 14)   vdiff=  4.9886E+00 ( 67, 14)
n=   499   udiff=  6.6630E+00 ( 71, 14)   vdiff=  4.9817E+00 ( 67, 14)
n=   500   udiff=  6.6608E+00 ( 71, 14)   vdiff=  4.9744E+00 ( 67, 14)
n=   501   udiff=  6.6583E+00 ( 71, 14)   vdiff=  4.9667E+00 ( 67, 14)
n=   502   udiff=  6.6555E+00 ( 71, 14)   vdiff=  4.9586E+00 ( 67, 14)
n=   503   udiff=  6.6537E+00 ( 72, 15)   vdiff=  4.9501E+00 ( 67, 14)
n=   504   udiff=  6.6583E+00 ( 72, 15)   vdiff=  4.9413E+00 ( 67, 14)
n=   505   udiff=  6.6628E+00 ( 72, 15)   vdiff=  4.9320E+00 ( 67, 14)
n=   506   udiff=  6.6671E+00 ( 72, 15)   vdiff=  4.9223E+00 ( 67, 14)
n=   507   udiff=  6.6713E+00 ( 72, 15)   vdiff=  4.9123E+00 ( 67, 14)
n=   508   udiff=  6.6753E+00 ( 72, 15)   vdiff=  4.9018E+00 ( 67, 14)
n=   509   udiff=  6.6791E+00 ( 72, 15)   vdiff=  4.8946E+00 ( 68, 13)
n=   510   udiff=  6.6828E+00 ( 72, 15)   vdiff=  4.9107E+00 ( 68, 13)
n=   511   udiff=  6.6863E+00 ( 72, 15)   vdiff=  4.9263E+00 ( 68, 13)
n=   512   udiff=  6.6897E+00 ( 72, 15)   vdiff=  4.9413E+00 ( 68, 13)
n=   513   udiff=  6.6928E+00 ( 72, 15)   vdiff=  4.9557E+00 ( 68, 13)
n=   514   udiff=  6.6958E+00 ( 72, 15)   vdiff=  4.9696E+00 ( 68, 13)
n=   515   udiff=  6.6986E+00 ( 72, 15)   vdiff=  4.9830E+00 ( 68, 13)
n=   516   udiff=  6.7012E+00 ( 72, 15)   vdiff=  4.9957E+00 ( 68, 13)
n=   517   udiff=  6.7037E+00 ( 72, 15)   vdiff=  5.0081E+00 ( 68, 13)
n=   518   udiff=  6.7059E+00 ( 72, 15)   vdiff=  5.0199E+00 ( 68, 13)
n=   519   udiff=  6.7080E+00 ( 72, 15)   vdiff=  5.0312E+00 ( 68, 13)
n=   520   udiff=  6.7098E+00 ( 72, 15)   vdiff=  5.0419E+00 ( 68, 13)
n=   521   udiff=  6.7114E+00 ( 72, 15)   vdiff=  5.0520E+00 ( 68, 13)
n=   522   udiff=  6.7129E+00 ( 72, 15)   vdiff=  5.0616E+00 ( 68, 13)
n=   523   udiff=  6.7141E+00 ( 72, 15)   vdiff=  5.0706E+00 ( 68, 13)
n=   524   udiff=  6.7151E+00 ( 72, 15)   vdiff=  5.0790E+00 ( 68, 13)
n=   525   udiff=  6.7159E+00 ( 72, 15)   vdiff=  5.0869E+00 ( 68, 13)
n=   526   udiff=  6.7165E+00 ( 72, 15)   vdiff=  5.0943E+00 ( 68, 13)
n=   527   udiff=  6.7169E+00 ( 72, 15)   vdiff=  5.1011E+00 ( 68, 13)
n=   528   udiff=  6.7170E+00 ( 72, 15)   vdiff=  5.1073E+00 ( 68, 13)
n=   529   udiff=  6.7170E+00 ( 72, 15)   vdiff=  5.1132E+00 ( 68, 13)
n=   530   udiff=  6.7166E+00 ( 72, 15)   vdiff=  5.1187E+00 ( 68, 13)
n=   531   udiff=  6.7161E+00 ( 72, 15)   vdiff=  5.1237E+00 ( 68, 13)
n=   532   udiff=  6.7153E+00 ( 72, 15)   vdiff=  5.1281E+00 ( 68, 13)
n=   533   udiff=  6.7143E+00 ( 72, 15)   vdiff=  5.1320E+00 ( 68, 13)
n=   534   udiff=  6.7131E+00 ( 72, 15)   vdiff=  5.1354E+00 ( 68, 13)
n=   535   udiff=  6.7116E+00 ( 72, 15)   vdiff=  5.1382E+00 ( 68, 13)
n=   536   udiff=  6.7098E+00 ( 72, 15)   vdiff=  5.1405E+00 ( 68, 13)
n=   537   udiff=  6.7078E+00 ( 72, 15)   vdiff=  5.1423E+00 ( 68, 13)
n=   538   udiff=  6.7056E+00 ( 72, 15)   vdiff=  5.1435E+00 ( 68, 13)
n=   539   udiff=  6.7031E+00 ( 72, 15)   vdiff=  5.1441E+00 ( 68, 13)
n=   540   udiff=  6.7004E+00 ( 72, 15)   vdiff=  5.1443E+00 ( 68, 13)
n=   541   udiff=  6.6972E+00 ( 72, 15)   vdiff=  5.1440E+00 ( 68, 13)
n=   542   udiff=  6.6938E+00 ( 72, 15)   vdiff=  5.1431E+00 ( 68, 13)
n=   543   udiff=  6.6901E+00 ( 72, 15)   vdiff=  5.1418E+00 ( 68, 13)
n=   544   udiff=  6.6860E+00 ( 72, 15)   vdiff=  5.1399E+00 ( 68, 13)
n=   545   udiff=  6.6816E+00 ( 72, 15)   vdiff=  5.1378E+00 ( 68, 13)
n=   546   udiff=  6.6762E+00 ( 72, 15)   vdiff=  5.1364E+00 ( 68, 13)
n=   547   udiff=  6.6707E+00 ( 72, 15)   vdiff=  5.1346E+00 ( 68, 13)
n=   548   udiff=  6.6649E+00 ( 72, 15)   vdiff=  5.1323E+00 ( 68, 13)
n=   549   udiff=  6.6590E+00 ( 72, 15)   vdiff=  5.1297E+00 ( 68, 13)
n=   550   udiff=  6.6528E+00 ( 72, 15)   vdiff=  5.1266E+00 ( 68, 13)
n=   551   udiff=  6.6464E+00 ( 72, 15)   vdiff=  5.1231E+00 ( 68, 13)
n=   552   udiff=  6.6398E+00 ( 72, 15)   vdiff=  5.1197E+00 ( 68, 14)
n=   553   udiff=  6.6372E+00 ( 73, 15)   vdiff=  5.1230E+00 ( 68, 14)
n=   554   udiff=  6.6440E+00 ( 73, 15)   vdiff=  5.1261E+00 ( 68, 14)
n=   555   udiff=  6.6505E+00 ( 73, 15)   vdiff=  5.1290E+00 ( 68, 14)
n=   556   udiff=  6.6570E+00 ( 73, 15)   vdiff=  5.1317E+00 ( 68, 14)
n=   557   udiff=  6.6632E+00 ( 73, 15)   vdiff=  5.1343E+00 ( 68, 14)
n=   558   udiff=  6.6692E+00 ( 73, 15)   vdiff=  5.1367E+00 ( 68, 14)
n=   559   udiff=  6.6751E+00 ( 73, 15)   vdiff=  5.1389E+00 ( 68, 14)
n=   560   udiff=  6.6808E+00 ( 73, 15)   vdiff=  5.1409E+00 ( 68, 14)
n=   561   udiff=  6.6862E+00 ( 73, 15)   vdiff=  5.1428E+00 ( 68, 14)
n=   562   udiff=  6.6915E+00 ( 73, 15)   vdiff=  5.1445E+00 ( 68, 14)
n=   563   udiff=  6.6966E+00 ( 73, 15)   vdiff=  5.1460E+00 ( 68, 14)
n=   564   udiff=  6.7014E+00 ( 73, 15)   vdiff=  5.1441E+00 ( 68, 14)
n=   565   udiff=  6.7059E+00 ( 73, 15)   vdiff=  5.1391E+00 ( 68, 14)
n=   566   udiff=  6.7102E+00 ( 73, 15)   vdiff=  5.1339E+00 ( 68, 14)
n=   567   udiff=  6.7143E+00 ( 73, 15)   vdiff=  5.1285E+00 ( 68, 14)
n=   568   udiff=  6.7182E+00 ( 73, 15)   vdiff=  5.1230E+00 ( 68, 14)
n=   569   udiff=  6.7219E+00 ( 73, 15)   vdiff=  5.1173E+00 ( 68, 14)
n=   570   udiff=  6.7253E+00 ( 73, 15)   vdiff=  5.1114E+00 ( 68, 14)
n=   571   udiff=  6.7285E+00 ( 73, 15)   vdiff=  5.1054E+00 ( 68, 14)
n=   572   udiff=  6.7315E+00 ( 73, 15)   vdiff=  5.0991E+00 ( 68, 14)
n=   573   udiff=  6.7343E+00 ( 73, 15)   vdiff=  5.0927E+00 ( 68, 14)
n=   574   udiff=  6.7368E+00 ( 73, 15)   vdiff=  5.0861E+00 ( 68, 14)
n=   575   udiff=  6.7391E+00 ( 73, 15)   vdiff=  5.0792E+00 ( 68, 14)
n=   576   udiff=  6.7412E+00 ( 73, 15)   vdiff=  5.0723E+00 ( 68, 14)
n=   577   udiff=  6.7430E+00 ( 73, 15)   vdiff=  5.0660E+00 ( 68, 14)
n=   578   udiff=  6.7445E+00 ( 73, 15)   vdiff=  5.0595E+00 ( 68, 14)
n=   579   udiff=  6.7459E+00 ( 73, 15)   vdiff=  5.0532E+00 ( 69, 13)
n=   580   udiff=  6.7469E+00 ( 73, 15)   vdiff=  5.0611E+00 ( 69, 13)
n=   581   udiff=  6.7477E+00 ( 73, 15)   vdiff=  5.0686E+00 ( 69, 13)
n=   582   udiff=  6.7483E+00 ( 73, 15)   vdiff=  5.0756E+00 ( 69, 13)
n=   583   udiff=  6.7486E+00 ( 73, 15)   vdiff=  5.0822E+00 ( 69, 13)
n=   584   udiff=  6.7487E+00 ( 73, 15)   vdiff=  5.0883E+00 ( 69, 13)
n=   585   udiff=  6.7485E+00 ( 73, 15)   vdiff=  5.0941E+00 ( 69, 13)
n=   586   udiff=  6.7481E+00 ( 73, 15)   vdiff=  5.0995E+00 ( 69, 13)
n=   587   udiff=  6.7474E+00 ( 73, 15)   vdiff=  5.1045E+00 ( 69, 13)
n=   588   udiff=  6.7465E+00 ( 73, 15)   vdiff=  5.1090E+00 ( 69, 13)
n=   589   udiff=  6.7453E+00 ( 73, 15)   vdiff=  5.1130E+00 ( 69, 13)
n=   590   udiff=  6.7438E+00 ( 73, 15)   vdiff=  5.1166E+00 ( 69, 13)
n=   591   udiff=  6.7421E+00 ( 73, 15)   vdiff=  5.1198E+00 ( 69, 13)
n=   592   udiff=  6.7401E+00 ( 73, 15)   vdiff=  5.1225E+00 ( 69, 13)
n=   593   udiff=  6.7378E+00 ( 73, 15)   vdiff=  5.1248E+00 ( 69, 13)
n=   594   udiff=  6.7351E+00 ( 73, 15)   vdiff=  5.1267E+00 ( 69, 13)
n=   595   udiff=  6.7321E+00 ( 73, 15)   vdiff=  5.1281E+00 ( 69, 13)
n=   596   udiff=  6.7289E+00 ( 73, 15)   vdiff=  5.1291E+00 ( 69, 13)
n=   597   udiff=  6.7254E+00 ( 73, 15)   vdiff=  5.1297E+00 ( 69, 13)
n=   598   udiff=  6.7216E+00 ( 73, 15)   vdiff=  5.1299E+00 ( 69, 13)
n=   599   udiff=  6.7176E+00 ( 73, 15)   vdiff=  5.1297E+00 ( 69, 13)
n=   600   udiff=  6.7132E+00 ( 73, 15)   vdiff=  5.1290E+00 ( 69, 13)
n=   601   udiff=  6.7087E+00 ( 73, 15)   vdiff=  5.1280E+00 ( 69, 13)
n=   602   udiff=  6.7038E+00 ( 73, 15)   vdiff=  5.1268E+00 ( 69, 13)
n=   603   udiff=  6.6987E+00 ( 73, 15)   vdiff=  5.1252E+00 ( 69, 13)
n=   604   udiff=  6.6933E+00 ( 73, 15)   vdiff=  5.1232E+00 ( 69, 13)
n=   605   udiff=  6.6876E+00 ( 73, 15)   vdiff=  5.1208E+00 ( 69, 13)
n=   606   udiff=  6.6816E+00 ( 73, 15)   vdiff=  5.1181E+00 ( 69, 13)
n=   607   udiff=  6.6753E+00 ( 73, 15)   vdiff=  5.1150E+00 ( 69, 13)
n=   608   udiff=  6.6688E+00 ( 73, 15)   vdiff=  5.1116E+00 ( 69, 13)
n=   609   udiff=  6.6620E+00 ( 73, 15)   vdiff=  5.1078E+00 ( 69, 13)
n=   610   udiff=  6.6550E+00 ( 73, 15)   vdiff=  5.1036E+00 ( 69, 13)
n=   611   udiff=  6.6516E+00 ( 74, 15)   vdiff=  5.0991E+00 ( 69, 13)
n=   612   udiff=  6.6575E+00 ( 74, 15)   vdiff=  5.0943E+00 ( 69, 13)
n=   613   udiff=  6.6632E+00 ( 74, 15)   vdiff=  5.0891E+00 ( 69, 13)
n=   614   udiff=  6.6686E+00 ( 74, 15)   vdiff=  5.0835E+00 ( 69, 13)
n=   615   udiff=  6.6737E+00 ( 74, 15)   vdiff=  5.0776E+00 ( 69, 13)
n=   616   udiff=  6.6787E+00 ( 74, 15)   vdiff=  5.0713E+00 ( 69, 13)
n=   617   udiff=  6.6834E+00 ( 74, 15)   vdiff=  5.0647E+00 ( 69, 13)
n=   618   udiff=  6.6879E+00 ( 74, 15)   vdiff=  5.0578E+00 ( 69, 13)
n=   619   udiff=  6.6921E+00 ( 74, 15)   vdiff=  5.0506E+00 ( 69, 13)
n=   620   udiff=  6.6961E+00 ( 74, 15)   vdiff=  5.0431E+00 ( 69, 13)
n=   621   udiff=  6.6998E+00 ( 74, 15)   vdiff=  5.0354E+00 ( 69, 13)
n=   622   udiff=  6.7033E+00 ( 74, 15)   vdiff=  5.0273E+00 ( 69, 13)
n=   623   udiff=  6.7066E+00 ( 74, 15)   vdiff=  5.0186E+00 ( 69, 13)
n=   624   udiff=  6.7096E+00 ( 74, 15)   vdiff=  5.0097E+00 ( 69, 13)
n=   625   udiff=  6.7124E+00 ( 74, 15)   vdiff=  5.0005E+00 ( 69, 13)
n=   626   udiff=  6.7149E+00 ( 74, 15)   vdiff=  4.9910E+00 ( 69, 13)
n=   627   udiff=  6.7172E+00 ( 74, 15)   vdiff=  4.9813E+00 ( 69, 13)
n=   628   udiff=  6.7192E+00 ( 74, 15)   vdiff=  4.9714E+00 ( 69, 13)
n=   629   udiff=  6.7208E+00 ( 74, 15)   vdiff=  4.9620E+00 ( 69, 13)
n=   630   udiff=  6.7220E+00 ( 74, 15)   vdiff=  4.9529E+00 ( 69, 13)
n=   631   udiff=  6.7230E+00 ( 74, 15)   vdiff=  4.9437E+00 ( 69, 13)
n=   632   udiff=  6.7237E+00 ( 74, 15)   vdiff=  4.9343E+00 ( 69, 13)
n=   633   udiff=  6.7243E+00 ( 74, 15)   vdiff=  4.9246E+00 ( 69, 13)
n=   634   udiff=  6.7246E+00 ( 74, 15)   vdiff=  4.9150E+00 ( 69, 13)
n=   635   udiff=  6.7247E+00 ( 74, 15)   vdiff=  4.9053E+00 ( 69, 13)
n=   636   udiff=  6.7246E+00 ( 74, 15)   vdiff=  4.8954E+00 ( 69, 13)
n=   637   udiff=  6.7242E+00 ( 74, 15)   vdiff=  4.8853E+00 ( 69, 13)
n=   638   udiff=  6.7236E+00 ( 74, 15)   vdiff=  4.8751E+00 ( 69, 13)
n=   639   udiff=  6.7227E+00 ( 74, 15)   vdiff=  4.8647E+00 ( 69, 13)
n=   640   udiff=  6.7216E+00 ( 74, 15)   vdiff=  4.8542E+00 ( 69, 13)
n=   641   udiff=  6.7203E+00 ( 74, 15)   vdiff=  4.8435E+00 ( 69, 13)
n=   642   udiff=  6.7187E+00 ( 74, 15)   vdiff=  4.8327E+00 ( 69, 13)
n=   643   udiff=  6.7169E+00 ( 74, 15)   vdiff=  4.8252E+00 ( 70, 13)
n=   644   udiff=  6.7148E+00 ( 74, 15)   vdiff=  4.8266E+00 ( 70, 13)
n=   645   udiff=  6.7125E+00 ( 74, 15)   vdiff=  4.8277E+00 ( 70, 13)
n=   646   udiff=  6.7100E+00 ( 74, 15)   vdiff=  4.8285E+00 ( 70, 13)
n=   647   udiff=  6.7072E+00 ( 74, 15)   vdiff=  4.8290E+00 ( 70, 13)
n=   648   udiff=  6.7041E+00 ( 74, 15)   vdiff=  4.8293E+00 ( 70, 13)
n=   649   udiff=  6.7007E+00 ( 74, 15)   vdiff=  4.8293E+00 ( 70, 13)
n=   650   udiff=  6.6970E+00 ( 74, 15)   vdiff=  4.8290E+00 ( 70, 13)
n=   651   udiff=  6.6931E+00 ( 74, 15)   vdiff=  4.8284E+00 ( 70, 13)
n=   652   udiff=  6.6888E+00 ( 74, 15)   vdiff=  4.8256E+00 ( 70, 13)
n=   653   udiff=  6.6843E+00 ( 74, 15)   vdiff=  4.8227E+00 ( 70, 13)
n=   654   udiff=  6.6795E+00 ( 74, 15)   vdiff=  4.8197E+00 ( 70, 13)
n=   655   udiff=  6.6744E+00 ( 74, 15)   vdiff=  4.8165E+00 ( 70, 13)
n=   656   udiff=  6.6691E+00 ( 74, 15)   vdiff=  4.8134E+00 ( 70, 13)
n=   657   udiff=  6.6636E+00 ( 74, 15)   vdiff=  4.8101E+00 ( 70, 13)
n=   658   udiff=  6.6578E+00 ( 74, 15)   vdiff=  4.8068E+00 ( 70, 13)
n=   659   udiff=  6.6518E+00 ( 74, 15)   vdiff=  4.8035E+00 ( 70, 13)
n=   660   udiff=  6.6455E+00 ( 74, 15)   vdiff=  4.8013E+00 ( 70, 13)
n=   661   udiff=  6.6390E+00 ( 74, 15)   vdiff=  4.7995E+00 ( 70, 13)
n=   662   udiff=  6.6322E+00 ( 74, 15)   vdiff=  4.7974E+00 ( 70, 13)
n=   663   udiff=  6.6252E+00 ( 74, 15)   vdiff=  4.7952E+00 ( 70, 13)
n=   664   udiff=  6.6179E+00 ( 74, 15)   vdiff=  4.7927E+00 ( 70, 13)
n=   665   udiff=  6.6104E+00 ( 74, 15)   vdiff=  4.7901E+00 ( 70, 13)
n=   666   udiff=  6.6026E+00 ( 74, 15)   vdiff=  4.7873E+00 ( 70, 13)
n=   667   udiff=  6.5946E+00 ( 74, 15)   vdiff=  4.7843E+00 ( 70, 13)
n=   668   udiff=  6.5910E+00 ( 75, 15)   vdiff=  4.7812E+00 ( 70, 13)
n=   669   udiff=  6.5946E+00 ( 75, 15)   vdiff=  4.7778E+00 ( 70, 13)
n=   670   udiff=  6.5980E+00 ( 75, 15)   vdiff=  4.7743E+00 ( 70, 13)
n=   671   udiff=  6.6012E+00 ( 75, 15)   vdiff=  4.7707E+00 ( 70, 13)
n=   672   udiff=  6.6041E+00 ( 75, 15)   vdiff=  4.7665E+00 ( 70, 13)
n=   673   udiff=  6.6068E+00 ( 75, 15)   vdiff=  4.7621E+00 ( 70, 13)
n=   674   udiff=  6.6093E+00 ( 75, 15)   vdiff=  4.7576E+00 ( 70, 13)
n=   675   udiff=  6.6115E+00 ( 75, 15)   vdiff=  4.7530E+00 ( 70, 13)
n=   676   udiff=  6.6136E+00 ( 75, 15)   vdiff=  4.7482E+00 ( 70, 13)
n=   677   udiff=  6.6153E+00 ( 75, 15)   vdiff=  4.7434E+00 ( 70, 13)
n=   678   udiff=  6.6169E+00 ( 75, 15)   vdiff=  4.7385E+00 ( 70, 13)
n=   679   udiff=  6.6182E+00 ( 75, 15)   vdiff=  4.7334E+00 ( 70, 13)
n=   680   udiff=  6.6193E+00 ( 75, 15)   vdiff=  4.7281E+00 ( 70, 13)
n=   681   udiff=  6.6201E+00 ( 75, 15)   vdiff=  4.7227E+00 ( 70, 13)
n=   682   udiff=  6.6207E+00 ( 75, 15)   vdiff=  4.7172E+00 ( 70, 13)
n=   683   udiff=  6.6211E+00 ( 75, 15)   vdiff=  4.7115E+00 ( 70, 13)
n=   684   udiff=  6.6213E+00 ( 75, 15)   vdiff=  4.7056E+00 ( 70, 13)
n=   685   udiff=  6.6212E+00 ( 75, 15)   vdiff=  4.6997E+00 ( 70, 13)
n=   686   udiff=  6.6209E+00 ( 75, 15)   vdiff=  4.6935E+00 ( 70, 13)
n=   687   udiff=  6.6203E+00 ( 75, 15)   vdiff=  4.6873E+00 ( 70, 13)
n=   688   udiff=  6.6195E+00 ( 75, 15)   vdiff=  4.6809E+00 ( 70, 13)
n=   689   udiff=  6.6185E+00 ( 75, 15)   vdiff=  4.6745E+00 ( 70, 13)
n=   690   udiff=  6.6173E+00 ( 75, 15)   vdiff=  4.6680E+00 ( 70, 13)
n=   691   udiff=  6.6158E+00 ( 75, 15)   vdiff=  4.6615E+00 ( 70, 13)
n=   692   udiff=  6.6141E+00 ( 75, 15)   vdiff=  4.6548E+00 ( 70, 13)
n=   693   udiff=  6.6122E+00 ( 75, 15)   vdiff=  4.6479E+00 ( 70, 13)
n=   694   udiff=  6.6100E+00 ( 75, 15)   vdiff=  4.6410E+00 ( 70, 13)
n=   695   udiff=  6.6076E+00 ( 75, 15)   vdiff=  4.6339E+00 ( 70, 13)
n=   696   udiff=  6.6050E+00 ( 75, 15)   vdiff=  4.6267E+00 ( 70, 13)
n=   697   udiff=  6.6021E+00 ( 75, 15)   vdiff=  4.6194E+00 ( 70, 13)
n=   698   udiff=  6.5990E+00 ( 75, 15)   vdiff=  4.6120E+00 ( 70, 13)
n=   699   udiff=  6.5957E+00 ( 75, 15)   vdiff=  4.6045E+00 ( 70, 13)
n=   700   udiff=  6.5922E+00 ( 75, 15)   vdiff=  4.5969E+00 ( 70, 13)
n=   701   udiff=  6.5884E+00 ( 75, 15)   vdiff=  4.5890E+00 ( 70, 13)
n=   702   udiff=  6.5844E+00 ( 75, 15)   vdiff=  4.5807E+00 ( 70, 13)
n=   703   udiff=  6.5802E+00 ( 75, 15)   vdiff=  4.5723E+00 ( 70, 13)
n=   704   udiff=  6.5758E+00 ( 75, 15)   vdiff=  4.5638E+00 ( 70, 13)
n=   705   udiff=  6.5711E+00 ( 75, 15)   vdiff=  4.5552E+00 ( 70, 13)
n=   706   udiff=  6.5663E+00 ( 75, 15)   vdiff=  4.5465E+00 ( 70, 13)
n=   707   udiff=  6.5610E+00 ( 75, 15)   vdiff=  4.5377E+00 ( 70, 13)
n=   708   udiff=  6.5556E+00 ( 75, 15)   vdiff=  4.5289E+00 ( 70, 13)
n=   709   udiff=  6.5499E+00 ( 75, 15)   vdiff=  4.5196E+00 ( 70, 13)
n=   710   udiff=  6.5440E+00 ( 75, 15)   vdiff=  4.5102E+00 ( 70, 13)
n=   711   udiff=  6.5380E+00 ( 75, 15)   vdiff=  4.5007E+00 ( 70, 13)
n=   712   udiff=  6.5316E+00 ( 75, 15)   vdiff=  4.4911E+00 ( 70, 13)
n=   713   udiff=  6.5251E+00 ( 75, 15)   vdiff=  4.4815E+00 ( 70, 13)
n=   714   udiff=  6.5182E+00 ( 75, 15)   vdiff=  4.4728E+00 ( 70, 13)
n=   715   udiff=  6.5110E+00 ( 75, 15)   vdiff=  4.4643E+00 ( 70, 13)
n=   716   udiff=  6.5037E+00 ( 75, 15)   vdiff=  4.4557E+00 ( 70, 13)
n=   717   udiff=  6.4961E+00 ( 75, 15)   vdiff=  4.4471E+00 ( 70, 13)
n=   718   udiff=  6.4884E+00 ( 75, 15)   vdiff=  4.4385E+00 ( 70, 13)
n=   719   udiff=  6.4805E+00 ( 75, 15)   vdiff=  4.4298E+00 ( 70, 13)
n=   720   udiff=  6.4724E+00 ( 75, 15)   vdiff=  4.4210E+00 ( 70, 13)
n=   721   udiff=  6.4641E+00 ( 75, 15)   vdiff=  4.4123E+00 ( 70, 13)
n=   722   udiff=  6.4557E+00 ( 75, 15)   vdiff=  4.4035E+00 ( 70, 13)
n=   723   udiff=  6.4471E+00 ( 75, 15)   vdiff=  4.3992E+00 ( 71, 13)
n=   724   udiff=  6.4383E+00 ( 75, 15)   vdiff=  4.3969E+00 ( 71, 13)
n=   725   udiff=  6.4293E+00 ( 75, 15)   vdiff=  4.3946E+00 ( 71, 13)
n=   726   udiff=  6.4246E+00 ( 76, 15)   vdiff=  4.3922E+00 ( 71, 13)
n=   727   udiff=  6.4255E+00 ( 76, 15)   vdiff=  4.3897E+00 ( 71, 13)
n=   728   udiff=  6.4262E+00 ( 76, 15)   vdiff=  4.3872E+00 ( 71, 13)
n=   729   udiff=  6.4267E+00 ( 76, 15)   vdiff=  4.3845E+00 ( 71, 13)
n=   730   udiff=  6.4270E+00 ( 76, 15)   vdiff=  4.3817E+00 ( 71, 13)
n=   731   udiff=  6.4271E+00 ( 76, 15)   vdiff=  4.3788E+00 ( 71, 13)
n=   732   udiff=  6.4270E+00 ( 76, 15)   vdiff=  4.3759E+00 ( 71, 13)
n=   733   udiff=  6.4268E+00 ( 76, 15)   vdiff=  4.3728E+00 ( 71, 13)
n=   734   udiff=  6.4263E+00 ( 76, 15)   vdiff=  4.3697E+00 ( 71, 13)
n=   735   udiff=  6.4256E+00 ( 76, 15)   vdiff=  4.3664E+00 ( 71, 13)
n=   736   udiff=  6.4247E+00 ( 76, 15)   vdiff=  4.3631E+00 ( 71, 13)
n=   737   udiff=  6.4236E+00 ( 76, 15)   vdiff=  4.3597E+00 ( 71, 13)
n=   738   udiff=  6.4223E+00 ( 76, 15)   vdiff=  4.3562E+00 ( 71, 13)
n=   739   udiff=  6.4209E+00 ( 76, 15)   vdiff=  4.3526E+00 ( 71, 13)
n=   740   udiff=  6.4192E+00 ( 76, 15)   vdiff=  4.3479E+00 ( 71, 13)
n=   741   udiff=  6.4172E+00 ( 76, 15)   vdiff=  4.3426E+00 ( 71, 13)
n=   742   udiff=  6.4151E+00 ( 76, 15)   vdiff=  4.3374E+00 ( 71, 13)
n=   743   udiff=  6.4129E+00 ( 76, 15)   vdiff=  4.3322E+00 ( 71, 13)
n=   744   udiff=  6.4104E+00 ( 76, 15)   vdiff=  4.3270E+00 ( 71, 13)
n=   745   udiff=  6.4077E+00 ( 76, 15)   vdiff=  4.3219E+00 ( 71, 13)
n=   746   udiff=  6.4048E+00 ( 76, 15)   vdiff=  4.3178E+00 ( 71, 13)
n=   747   udiff=  6.4018E+00 ( 76, 15)   vdiff=  4.3143E+00 ( 71, 13)
n=   748   udiff=  6.3985E+00 ( 76, 15)   vdiff=  4.3107E+00 ( 71, 13)
n=   749   udiff=  6.3951E+00 ( 76, 15)   vdiff=  4.3071E+00 ( 71, 13)
n=   750   udiff=  6.3915E+00 ( 76, 15)   vdiff=  4.3034E+00 ( 71, 13)
n=   751   udiff=  6.3877E+00 ( 76, 15)   vdiff=  4.2997E+00 ( 71, 13)
n=   752   udiff=  6.3837E+00 ( 76, 15)   vdiff=  4.2960E+00 ( 71, 13)
n=   753   udiff=  6.3795E+00 ( 76, 15)   vdiff=  4.2922E+00 ( 71, 13)
n=   754   udiff=  6.3752E+00 ( 76, 15)   vdiff=  4.2883E+00 ( 71, 13)
n=   755   udiff=  6.3707E+00 ( 76, 15)   vdiff=  4.2845E+00 ( 71, 13)
n=   756   udiff=  6.3660E+00 ( 76, 15)   vdiff=  4.2806E+00 ( 71, 13)
n=   757   udiff=  6.3611E+00 ( 76, 15)   vdiff=  4.2766E+00 ( 71, 13)
n=   758   udiff=  6.3560E+00 ( 76, 15)   vdiff=  4.2727E+00 ( 71, 13)
n=   759   udiff=  6.3508E+00 ( 76, 15)   vdiff=  4.2686E+00 ( 71, 13)
n=   760   udiff=  6.3454E+00 ( 76, 15)   vdiff=  4.2643E+00 ( 71, 13)
n=   761   udiff=  6.3398E+00 ( 76, 15)   vdiff=  4.2598E+00 ( 71, 13)
n=   762   udiff=  6.3340E+00 ( 76, 15)   vdiff=  4.2553E+00 ( 71, 13)
n=   763   udiff=  6.3281E+00 ( 76, 15)   vdiff=  4.2508E+00 ( 71, 13)
n=   764   udiff=  6.3220E+00 ( 76, 15)   vdiff=  4.2462E+00 ( 71, 13)
n=   765   udiff=  6.3158E+00 ( 76, 15)   vdiff=  4.2416E+00 ( 71, 13)
n=   766   udiff=  6.3094E+00 ( 76, 15)   vdiff=  4.2370E+00 ( 71, 13)
n=   767   udiff=  6.3027E+00 ( 76, 15)   vdiff=  4.2324E+00 ( 71, 13)
n=   768   udiff=  6.2959E+00 ( 76, 15)   vdiff=  4.2277E+00 ( 71, 13)
n=   769   udiff=  6.2889E+00 ( 76, 15)   vdiff=  4.2231E+00 ( 71, 13)
n=   770   udiff=  6.2817E+00 ( 76, 15)   vdiff=  4.2185E+00 ( 71, 13)
n=   771   udiff=  6.2744E+00 ( 76, 15)   vdiff=  4.2138E+00 ( 71, 13)
n=   772   udiff=  6.2669E+00 ( 76, 15)   vdiff=  4.2091E+00 ( 71, 13)
n=   773   udiff=  6.2593E+00 ( 76, 15)   vdiff=  4.2044E+00 ( 71, 13)
n=   774   udiff=  6.2516E+00 ( 76, 15)   vdiff=  4.1997E+00 ( 71, 13)
n=   775   udiff=  6.2437E+00 ( 76, 15)   vdiff=  4.1951E+00 ( 71, 13)
n=   776   udiff=  6.2356E+00 ( 76, 15)   vdiff=  4.1905E+00 ( 71, 13)
n=   777   udiff=  6.2274E+00 ( 76, 15)   vdiff=  4.1858E+00 ( 71, 13)
n=   778   udiff=  6.2191E+00 ( 76, 15)   vdiff=  4.1811E+00 ( 71, 13)
n=   779   udiff=  6.2106E+00 ( 76, 15)   vdiff=  4.1763E+00 ( 71, 13)
n=   780   udiff=  6.2020E+00 ( 76, 15)   vdiff=  4.1715E+00 ( 71, 13)
n=   781   udiff=  6.1932E+00 ( 76, 15)   vdiff=  4.1667E+00 ( 71, 13)
n=   782   udiff=  6.1843E+00 ( 76, 15)   vdiff=  4.1619E+00 ( 71, 13)
n=   783   udiff=  6.1753E+00 ( 76, 15)   vdiff=  4.1570E+00 ( 71, 13)
n=   784   udiff=  6.1661E+00 ( 76, 15)   vdiff=  4.1521E+00 ( 71, 13)
n=   785   udiff=  6.1569E+00 ( 76, 15)   vdiff=  4.1472E+00 ( 71, 13)
n=   786   udiff=  6.1474E+00 ( 76, 15)   vdiff=  4.1422E+00 ( 71, 13)
n=   787   udiff=  6.1444E+00 ( 77, 15)   vdiff=  4.1372E+00 ( 71, 13)
n=   788   udiff=  6.1427E+00 ( 77, 15)   vdiff=  4.1319E+00 ( 71, 13)
n=   789   udiff=  6.1409E+00 ( 77, 15)   vdiff=  4.1265E+00 ( 71, 13)
n=   790   udiff=  6.1390E+00 ( 77, 15)   vdiff=  4.1210E+00 ( 71, 13)
n=   791   udiff=  6.1369E+00 ( 77, 15)   vdiff=  4.1155E+00 ( 71, 13)
n=   792   udiff=  6.1347E+00 ( 77, 15)   vdiff=  4.1100E+00 ( 71, 13)
n=   793   udiff=  6.1324E+00 ( 77, 15)   vdiff=  4.1045E+00 ( 71, 13)
n=   794   udiff=  6.1299E+00 ( 77, 15)   vdiff=  4.0989E+00 ( 71, 13)
n=   795   udiff=  6.1273E+00 ( 77, 15)   vdiff=  4.0933E+00 ( 71, 13)
n=   796   udiff=  6.1245E+00 ( 77, 15)   vdiff=  4.0877E+00 ( 71, 13)
n=   797   udiff=  6.1216E+00 ( 77, 15)   vdiff=  4.0820E+00 ( 71, 13)
n=   798   udiff=  6.1185E+00 ( 77, 15)   vdiff=  4.0765E+00 ( 71, 13)
n=   799   udiff=  6.1152E+00 ( 77, 15)   vdiff=  4.0715E+00 ( 71, 13)
n=   800   udiff=  6.1118E+00 ( 77, 15)   vdiff=  4.0666E+00 ( 71, 13)
n=   801   udiff=  6.1083E+00 ( 77, 15)   vdiff=  4.0617E+00 ( 71, 13)
n=   802   udiff=  6.1046E+00 ( 77, 15)   vdiff=  4.0568E+00 ( 71, 13)
n=   803   udiff=  6.1008E+00 ( 77, 15)   vdiff=  4.0518E+00 ( 71, 13)
n=   804   udiff=  6.0969E+00 ( 77, 15)   vdiff=  4.0469E+00 ( 71, 13)
n=   805   udiff=  6.0928E+00 ( 77, 15)   vdiff=  4.0420E+00 ( 71, 13)
n=   806   udiff=  6.0887E+00 ( 77, 15)   vdiff=  4.0371E+00 ( 71, 13)
n=   807   udiff=  6.0844E+00 ( 77, 15)   vdiff=  4.0321E+00 ( 71, 13)
n=   808   udiff=  6.0800E+00 ( 77, 15)   vdiff=  4.0272E+00 ( 71, 13)
n=   809   udiff=  6.0755E+00 ( 77, 15)   vdiff=  4.0223E+00 ( 71, 13)
n=   810   udiff=  6.0708E+00 ( 77, 15)   vdiff=  4.0174E+00 ( 71, 13)
n=   811   udiff=  6.0661E+00 ( 77, 15)   vdiff=  4.0125E+00 ( 71, 13)
n=   812   udiff=  6.0612E+00 ( 77, 15)   vdiff=  4.0075E+00 ( 71, 13)
n=   813   udiff=  6.0562E+00 ( 77, 15)   vdiff=  4.0026E+00 ( 71, 13)
n=   814   udiff=  6.0511E+00 ( 77, 15)   vdiff=  3.9977E+00 ( 71, 13)
n=   815   udiff=  6.0459E+00 ( 77, 15)   vdiff=  3.9928E+00 ( 71, 13)
n=   816   udiff=  6.0405E+00 ( 77, 15)   vdiff=  3.9879E+00 ( 71, 13)
n=   817   udiff=  6.0351E+00 ( 77, 15)   vdiff=  3.9830E+00 ( 71, 13)
n=   818   udiff=  6.0295E+00 ( 77, 15)   vdiff=  3.9781E+00 ( 71, 13)
n=   819   udiff=  6.0238E+00 ( 77, 15)   vdiff=  3.9731E+00 ( 71, 13)
n=   820   udiff=  6.0181E+00 ( 77, 15)   vdiff=  3.9682E+00 ( 71, 13)
n=   821   udiff=  6.0122E+00 ( 77, 15)   vdiff=  3.9633E+00 ( 71, 13)
n=   822   udiff=  6.0061E+00 ( 77, 15)   vdiff=  3.9584E+00 ( 71, 13)
n=   823   udiff=  6.0000E+00 ( 77, 15)   vdiff=  3.9535E+00 ( 71, 13)
n=   824   udiff=  5.9938E+00 ( 77, 15)   vdiff=  3.9485E+00 ( 71, 13)
n=   825   udiff=  5.9875E+00 ( 77, 15)   vdiff=  3.9436E+00 ( 71, 13)
n=   826   udiff=  5.9810E+00 ( 77, 15)   vdiff=  3.9396E+00 ( 71, 13)
n=   827   udiff=  5.9745E+00 ( 77, 15)   vdiff=  3.9359E+00 ( 71, 13)
n=   828   udiff=  5.9678E+00 ( 77, 15)   vdiff=  3.9323E+00 ( 71, 13)
n=   829   udiff=  5.9611E+00 ( 77, 15)   vdiff=  3.9286E+00 ( 71, 13)
n=   830   udiff=  5.9541E+00 ( 77, 15)   vdiff=  3.9250E+00 ( 71, 13)
n=   831   udiff=  5.9471E+00 ( 77, 15)   vdiff=  3.9214E+00 ( 71, 13)
n=   832   udiff=  5.9400E+00 ( 77, 15)   vdiff=  3.9178E+00 ( 71, 13)
n=   833   udiff=  5.9327E+00 ( 77, 15)   vdiff=  3.9143E+00 ( 71, 13)
n=   834   udiff=  5.9254E+00 ( 77, 15)   vdiff=  3.9105E+00 ( 71, 13)
n=   835   udiff=  5.9180E+00 ( 77, 15)   vdiff=  3.9063E+00 ( 72, 13)
n=   836   udiff=  5.9105E+00 ( 77, 15)   vdiff=  3.9057E+00 ( 72, 13)
n=   837   udiff=  5.9029E+00 ( 77, 15)   vdiff=  3.9050E+00 ( 72, 13)
n=   838   udiff=  5.8952E+00 ( 77, 15)   vdiff=  3.9043E+00 ( 72, 13)
n=   839   udiff=  5.8874E+00 ( 77, 15)   vdiff=  3.9036E+00 ( 72, 13)
n=   840   udiff=  5.8796E+00 ( 77, 15)   vdiff=  3.9029E+00 ( 72, 13)
n=   841   udiff=  5.8716E+00 ( 77, 15)   vdiff=  3.9021E+00 ( 72, 13)
n=   842   udiff=  5.8636E+00 ( 77, 15)   vdiff=  3.9013E+00 ( 72, 13)
n=   843   udiff=  5.8555E+00 ( 77, 15)   vdiff=  3.9005E+00 ( 72, 13)
n=   844   udiff=  5.8473E+00 ( 77, 15)   vdiff=  3.8997E+00 ( 72, 13)
n=   845   udiff=  5.8391E+00 ( 77, 15)   vdiff=  3.8988E+00 ( 72, 13)
n=   846   udiff=  5.8307E+00 ( 77, 15)   vdiff=  3.8979E+00 ( 72, 13)
n=   847   udiff=  5.8223E+00 ( 77, 15)   vdiff=  3.8970E+00 ( 72, 13)
n=   848   udiff=  5.8138E+00 ( 77, 15)   vdiff=  3.8961E+00 ( 72, 13)
n=   849   udiff=  5.8053E+00 ( 77, 15)   vdiff=  3.8951E+00 ( 72, 13)
n=   850   udiff=  5.7966E+00 ( 77, 15)   vdiff=  3.8942E+00 ( 72, 13)
n=   851   udiff=  5.7879E+00 ( 77, 15)   vdiff=  3.8930E+00 ( 72, 13)
n=   852   udiff=  5.7815E+00 ( 78, 15)   vdiff=  3.8917E+00 ( 72, 13)
n=   853   udiff=  5.7786E+00 ( 78, 15)   vdiff=  3.8904E+00 ( 72, 13)
n=   854   udiff=  5.7758E+00 ( 78, 15)   vdiff=  3.8890E+00 ( 72, 13)
n=   855   udiff=  5.7728E+00 ( 78, 15)   vdiff=  3.8876E+00 ( 72, 13)
n=   856   udiff=  5.7698E+00 ( 78, 15)   vdiff=  3.8863E+00 ( 72, 13)
n=   857   udiff=  5.7666E+00 ( 78, 15)   vdiff=  3.8849E+00 ( 72, 13)
n=   858   udiff=  5.7634E+00 ( 78, 15)   vdiff=  3.8835E+00 ( 72, 13)
n=   859   udiff=  5.7602E+00 ( 78, 15)   vdiff=  3.8821E+00 ( 72, 13)
n=   860   udiff=  5.7568E+00 ( 78, 15)   vdiff=  3.8808E+00 ( 72, 13)
n=   861   udiff=  5.7533E+00 ( 78, 15)   vdiff=  3.8795E+00 ( 72, 13)
n=   862   udiff=  5.7498E+00 ( 78, 15)   vdiff=  3.8782E+00 ( 72, 13)
n=   863   udiff=  5.7462E+00 ( 78, 15)   vdiff=  3.8768E+00 ( 72, 13)
n=   864   udiff=  5.7425E+00 ( 78, 15)   vdiff=  3.8754E+00 ( 72, 13)
n=   865   udiff=  5.7388E+00 ( 78, 15)   vdiff=  3.8740E+00 ( 72, 13)
n=   866   udiff=  5.7349E+00 ( 78, 15)   vdiff=  3.8726E+00 ( 72, 13)
n=   867   udiff=  5.7310E+00 ( 78, 15)   vdiff=  3.8712E+00 ( 72, 13)
n=   868   udiff=  5.7271E+00 ( 78, 15)   vdiff=  3.8697E+00 ( 72, 13)
n=   869   udiff=  5.7230E+00 ( 78, 15)   vdiff=  3.8683E+00 ( 72, 13)
n=   870   udiff=  5.7189E+00 ( 78, 15)   vdiff=  3.8668E+00 ( 72, 13)
n=   871   udiff=  5.7147E+00 ( 78, 15)   vdiff=  3.8653E+00 ( 72, 13)
n=   872   udiff=  5.7104E+00 ( 78, 15)   vdiff=  3.8638E+00 ( 72, 13)
n=   873   udiff=  5.7061E+00 ( 78, 15)   vdiff=  3.8623E+00 ( 72, 13)
n=   874   udiff=  5.7017E+00 ( 78, 15)   vdiff=  3.8607E+00 ( 72, 13)
n=   875   udiff=  5.6973E+00 ( 78, 15)   vdiff=  3.8591E+00 ( 72, 13)
n=   876   udiff=  5.6927E+00 ( 78, 15)   vdiff=  3.8572E+00 ( 72, 13)
n=   877   udiff=  5.6882E+00 ( 78, 15)   vdiff=  3.8554E+00 ( 72, 13)
n=   878   udiff=  5.6835E+00 ( 78, 15)   vdiff=  3.8535E+00 ( 72, 13)
n=   879   udiff=  5.6788E+00 ( 78, 15)   vdiff=  3.8516E+00 ( 72, 13)
n=   880   udiff=  5.6740E+00 ( 78, 15)   vdiff=  3.8497E+00 ( 72, 13)
n=   881   udiff=  5.6692E+00 ( 78, 15)   vdiff=  3.8477E+00 ( 72, 13)
n=   882   udiff=  5.6643E+00 ( 78, 15)   vdiff=  3.8458E+00 ( 72, 13)
n=   883   udiff=  5.6593E+00 ( 78, 15)   vdiff=  3.8440E+00 ( 72, 13)
n=   884   udiff=  5.6542E+00 ( 78, 15)   vdiff=  3.8430E+00 ( 72, 13)
n=   885   udiff=  5.6490E+00 ( 78, 15)   vdiff=  3.8420E+00 ( 72, 13)
n=   886   udiff=  5.6438E+00 ( 78, 15)   vdiff=  3.8409E+00 ( 72, 13)
n=   887   udiff=  5.6385E+00 ( 78, 15)   vdiff=  3.8399E+00 ( 72, 13)
n=   888   udiff=  5.6332E+00 ( 78, 15)   vdiff=  3.8385E+00 ( 72, 13)
n=   889   udiff=  5.6279E+00 ( 78, 15)   vdiff=  3.8372E+00 ( 72, 13)
n=   890   udiff=  5.6225E+00 ( 78, 15)   vdiff=  3.8358E+00 ( 72, 13)
n=   891   udiff=  5.6170E+00 ( 78, 15)   vdiff=  3.8345E+00 ( 72, 13)
n=   892   udiff=  5.6115E+00 ( 78, 15)   vdiff=  3.8331E+00 ( 72, 13)
n=   893   udiff=  5.6060E+00 ( 78, 15)   vdiff=  3.8318E+00 ( 72, 13)
n=   894   udiff=  5.6059E+00 ( 70, 15)   vdiff=  3.8304E+00 ( 72, 13)
n=   895   udiff=  5.6069E+00 ( 70, 15)   vdiff=  3.8290E+00 ( 72, 13)
n=   896   udiff=  5.6076E+00 ( 70, 15)   vdiff=  3.8277E+00 ( 72, 13)
n=   897   udiff=  5.6080E+00 ( 70, 15)   vdiff=  3.8263E+00 ( 72, 13)
n=   898   udiff=  5.6081E+00 ( 70, 15)   vdiff=  3.8249E+00 ( 72, 13)
n=   899   udiff=  5.6080E+00 ( 70, 15)   vdiff=  3.8236E+00 ( 72, 13)
n=   900   udiff=  5.6076E+00 ( 70, 15)   vdiff=  3.8222E+00 ( 72, 13)
n=   901   udiff=  5.6070E+00 ( 70, 15)   vdiff=  3.8208E+00 ( 72, 13)
n=   902   udiff=  5.6062E+00 ( 70, 15)   vdiff=  3.8195E+00 ( 72, 13)
n=   903   udiff=  5.6052E+00 ( 70, 15)   vdiff=  3.8181E+00 ( 72, 13)
n=   904   udiff=  5.6040E+00 ( 70, 15)   vdiff=  3.8167E+00 ( 72, 13)
n=   905   udiff=  5.6026E+00 ( 70, 15)   vdiff=  3.8154E+00 ( 72, 13)
n=   906   udiff=  5.6010E+00 ( 70, 15)   vdiff=  3.8140E+00 ( 72, 13)
n=   907   udiff=  5.5993E+00 ( 70, 15)   vdiff=  3.8127E+00 ( 72, 13)
n=   908   udiff=  5.5973E+00 ( 70, 15)   vdiff=  3.8114E+00 ( 72, 13)
n=   909   udiff=  5.5952E+00 ( 70, 15)   vdiff=  3.8100E+00 ( 72, 13)
n=   910   udiff=  5.5930E+00 ( 70, 15)   vdiff=  3.8087E+00 ( 72, 13)
n=   911   udiff=  5.5906E+00 ( 70, 15)   vdiff=  3.8074E+00 ( 72, 13)
n=   912   udiff=  5.5881E+00 ( 70, 15)   vdiff=  3.8067E+00 ( 72, 13)
n=   913   udiff=  5.5855E+00 ( 70, 15)   vdiff=  3.8064E+00 ( 72, 13)
n=   914   udiff=  5.5828E+00 ( 70, 15)   vdiff=  3.8062E+00 ( 72, 13)
n=   915   udiff=  5.5800E+00 ( 70, 15)   vdiff=  3.8060E+00 ( 72, 13)
n=   916   udiff=  5.5771E+00 ( 70, 15)   vdiff=  3.8058E+00 ( 72, 13)
n=   917   udiff=  5.5741E+00 ( 70, 15)   vdiff=  3.8057E+00 ( 72, 13)
n=   918   udiff=  5.5709E+00 ( 70, 15)   vdiff=  3.8056E+00 ( 72, 13)
n=   919   udiff=  5.5677E+00 ( 70, 15)   vdiff=  3.8055E+00 ( 72, 13)
n=   920   udiff=  5.5644E+00 ( 70, 15)   vdiff=  3.8055E+00 ( 72, 13)
n=   921   udiff=  5.5610E+00 ( 70, 15)   vdiff=  3.8054E+00 ( 72, 13)
n=   922   udiff=  5.5575E+00 ( 70, 15)   vdiff=  3.8054E+00 ( 72, 13)
n=   923   udiff=  5.5539E+00 ( 70, 15)   vdiff=  3.8054E+00 ( 72, 13)
n=   924   udiff=  5.5503E+00 ( 70, 15)   vdiff=  3.8044E+00 ( 72, 13)
n=   925   udiff=  5.5466E+00 ( 70, 15)   vdiff=  3.8027E+00 ( 72, 13)
n=   926   udiff=  5.5429E+00 ( 70, 15)   vdiff=  3.8011E+00 ( 72, 13)
n=   927   udiff=  5.5390E+00 ( 70, 15)   vdiff=  3.7995E+00 ( 72, 13)
n=   928   udiff=  5.5351E+00 ( 70, 15)   vdiff=  3.7979E+00 ( 72, 13)
n=   929   udiff=  5.5312E+00 ( 70, 15)   vdiff=  3.7963E+00 ( 72, 13)
n=   930   udiff=  5.5272E+00 ( 70, 15)   vdiff=  3.7947E+00 ( 72, 13)
n=   931   udiff=  5.5231E+00 ( 70, 15)   vdiff=  3.7931E+00 ( 72, 13)
n=   932   udiff=  5.5189E+00 ( 70, 15)   vdiff=  3.7915E+00 ( 72, 13)
n=   933   udiff=  5.5147E+00 ( 70, 15)   vdiff=  3.7899E+00 ( 72, 13)
n=   934   udiff=  5.5104E+00 ( 70, 15)   vdiff=  3.7882E+00 ( 72, 13)
n=   935   udiff=  5.5061E+00 ( 70, 15)   vdiff=  3.7866E+00 ( 72, 13)
n=   936   udiff=  5.5017E+00 ( 70, 15)   vdiff=  3.7850E+00 ( 72, 13)
n=   937   udiff=  5.4972E+00 ( 70, 15)   vdiff=  3.7833E+00 ( 72, 13)
n=   938   udiff=  5.4927E+00 ( 70, 15)   vdiff=  3.7817E+00 ( 72, 13)
n=   939   udiff=  5.4881E+00 ( 70, 15)   vdiff=  3.7800E+00 ( 72, 13)
n=   940   udiff=  5.4835E+00 ( 70, 15)   vdiff=  3.7783E+00 ( 72, 13)
n=   941   udiff=  5.4788E+00 ( 70, 15)   vdiff=  3.7766E+00 ( 72, 13)
n=   942   udiff=  5.4740E+00 ( 70, 15)   vdiff=  3.7750E+00 ( 72, 13)
n=   943   udiff=  5.4691E+00 ( 70, 15)   vdiff=  3.7735E+00 ( 72, 13)
n=   944   udiff=  5.4642E+00 ( 70, 15)   vdiff=  3.7719E+00 ( 72, 13)
n=   945   udiff=  5.4592E+00 ( 70, 15)   vdiff=  3.7703E+00 ( 72, 13)
n=   946   udiff=  5.4542E+00 ( 70, 15)   vdiff=  3.7686E+00 ( 72, 13)
n=   947   udiff=  5.4490E+00 ( 70, 15)   vdiff=  3.7669E+00 ( 72, 13)
n=   948   udiff=  5.4438E+00 ( 70, 15)   vdiff=  3.7652E+00 ( 72, 13)
n=   949   udiff=  5.4460E+00 ( 71, 15)   vdiff=  3.7634E+00 ( 72, 13)
n=   950   udiff=  5.4598E+00 ( 71, 15)   vdiff=  3.7616E+00 ( 72, 13)
n=   951   udiff=  5.4733E+00 ( 71, 15)   vdiff=  3.7598E+00 ( 72, 13)
n=   952   udiff=  5.4866E+00 ( 71, 15)   vdiff=  3.7579E+00 ( 72, 13)
n=   953   udiff=  5.4996E+00 ( 71, 15)   vdiff=  3.7560E+00 ( 72, 13)
n=   954   udiff=  5.5124E+00 ( 71, 15)   vdiff=  3.7540E+00 ( 72, 13)
n=   955   udiff=  5.5249E+00 ( 71, 15)   vdiff=  3.7520E+00 ( 72, 13)
n=   956   udiff=  5.5372E+00 ( 71, 15)   vdiff=  3.7499E+00 ( 72, 13)
n=   957   udiff=  5.5492E+00 ( 71, 15)   vdiff=  3.7478E+00 ( 72, 13)
n=   958   udiff=  5.5609E+00 ( 71, 15)   vdiff=  3.7456E+00 ( 72, 13)
n=   959   udiff=  5.5723E+00 ( 71, 15)   vdiff=  3.7435E+00 ( 72, 13)
n=   960   udiff=  5.5835E+00 ( 71, 15)   vdiff=  3.7412E+00 ( 72, 13)
n=   961   udiff=  5.5943E+00 ( 71, 15)   vdiff=  3.7389E+00 ( 72, 13)
n=   962   udiff=  5.6049E+00 ( 71, 15)   vdiff=  3.7366E+00 ( 72, 13)
n=   963   udiff=  5.6152E+00 ( 71, 15)   vdiff=  3.7342E+00 ( 72, 13)
n=   964   udiff=  5.6252E+00 ( 71, 15)   vdiff=  3.7345E+00 ( 73, 13)
n=   965   udiff=  5.6349E+00 ( 71, 15)   vdiff=  3.7360E+00 ( 73, 13)
n=   966   udiff=  5.6443E+00 ( 71, 15)   vdiff=  3.7375E+00 ( 73, 13)
n=   967   udiff=  5.6533E+00 ( 71, 15)   vdiff=  3.7390E+00 ( 73, 13)
n=   968   udiff=  5.6621E+00 ( 71, 15)   vdiff=  3.7405E+00 ( 73, 13)
n=   969   udiff=  5.6706E+00 ( 71, 15)   vdiff=  3.7420E+00 ( 73, 13)
n=   970   udiff=  5.6792E+00 ( 71, 15)   vdiff=  3.7443E+00 ( 73, 13)
n=   971   udiff=  5.6876E+00 ( 71, 15)   vdiff=  3.7467E+00 ( 73, 13)
n=   972   udiff=  5.6956E+00 ( 71, 15)   vdiff=  3.7491E+00 ( 73, 13)
n=   973   udiff=  5.7034E+00 ( 71, 15)   vdiff=  3.7515E+00 ( 73, 13)
n=   974   udiff=  5.7109E+00 ( 71, 15)   vdiff=  3.7540E+00 ( 73, 13)
n=   975   udiff=  5.7181E+00 ( 71, 15)   vdiff=  3.7564E+00 ( 73, 13)
n=   976   udiff=  5.7250E+00 ( 71, 15)   vdiff=  3.7588E+00 ( 73, 13)
n=   977   udiff=  5.7316E+00 ( 71, 15)   vdiff=  3.7613E+00 ( 73, 13)
n=   978   udiff=  5.7379E+00 ( 71, 15)   vdiff=  3.7635E+00 ( 73, 13)
n=   979   udiff=  5.7439E+00 ( 71, 15)   vdiff=  3.7658E+00 ( 73, 13)
n=   980   udiff=  5.7496E+00 ( 71, 15)   vdiff=  3.7680E+00 ( 73, 13)
n=   981   udiff=  5.7551E+00 ( 71, 15)   vdiff=  3.7703E+00 ( 73, 13)
n=   982   udiff=  5.7603E+00 ( 71, 15)   vdiff=  3.7726E+00 ( 73, 13)
n=   983   udiff=  5.7652E+00 ( 71, 15)   vdiff=  3.7748E+00 ( 73, 13)
n=   984   udiff=  5.7698E+00 ( 71, 15)   vdiff=  3.7771E+00 ( 73, 13)
n=   985   udiff=  5.7742E+00 ( 71, 15)   vdiff=  3.7794E+00 ( 73, 13)
n=   986   udiff=  5.7783E+00 ( 71, 15)   vdiff=  3.7817E+00 ( 73, 13)
n=   987   udiff=  5.7822E+00 ( 71, 15)   vdiff=  3.7840E+00 ( 73, 13)
n=   988   udiff=  5.7858E+00 ( 71, 15)   vdiff=  3.7863E+00 ( 73, 13)
n=   989   udiff=  5.7893E+00 ( 71, 15)   vdiff=  3.7886E+00 ( 73, 13)
n=   990   udiff=  5.7924E+00 ( 71, 15)   vdiff=  3.7909E+00 ( 73, 13)
n=   991   udiff=  5.7954E+00 ( 71, 15)   vdiff=  3.7933E+00 ( 73, 13)
n=   992   udiff=  5.7982E+00 ( 71, 15)   vdiff=  3.7956E+00 ( 73, 13)
n=   993   udiff=  5.8007E+00 ( 71, 15)   vdiff=  3.7979E+00 ( 73, 13)
n=   994   udiff=  5.8031E+00 ( 71, 15)   vdiff=  3.8002E+00 ( 73, 13)
n=   995   udiff=  5.8052E+00 ( 71, 15)   vdiff=  3.8025E+00 ( 73, 13)
n=   996   udiff=  5.8072E+00 ( 71, 15)   vdiff=  3.8048E+00 ( 73, 13)
n=   997   udiff=  5.8090E+00 ( 71, 15)   vdiff=  3.8071E+00 ( 73, 13)
n=   998   udiff=  5.8106E+00 ( 71, 15)   vdiff=  3.8094E+00 ( 73, 13)
n=   999   udiff=  5.8121E+00 ( 71, 15)   vdiff=  3.8122E+00 ( 73, 13)
n=  1000   udiff=  5.8135E+00 ( 71, 15)   vdiff=  3.8154E+00 ( 73, 13)
n=  1001   udiff=  5.8147E+00 ( 71, 15)   vdiff=  3.8187E+00 ( 73, 13)
n=  1002   udiff=  5.8157E+00 ( 71, 15)   vdiff=  3.8219E+00 ( 73, 13)
n=  1003   udiff=  5.8166E+00 ( 71, 15)   vdiff=  3.8252E+00 ( 73, 13)
n=  1004   udiff=  5.8174E+00 ( 71, 15)   vdiff=  3.8285E+00 ( 73, 13)
n=  1005   udiff=  5.8180E+00 ( 71, 15)   vdiff=  3.8318E+00 ( 73, 13)
n=  1006   udiff=  5.8185E+00 ( 71, 15)   vdiff=  3.8352E+00 ( 73, 13)
n=  1007   udiff=  5.8189E+00 ( 71, 15)   vdiff=  3.8386E+00 ( 73, 13)
n=  1008   udiff=  5.8191E+00 ( 71, 15)   vdiff=  3.8419E+00 ( 73, 13)
n=  1009   udiff=  5.8192E+00 ( 71, 15)   vdiff=  3.8453E+00 ( 73, 13)
n=  1010   udiff=  5.8192E+00 ( 71, 15)   vdiff=  3.8487E+00 ( 73, 13)
n=  1011   udiff=  5.8191E+00 ( 71, 15)   vdiff=  3.8521E+00 ( 73, 13)
n=  1012   udiff=  5.8189E+00 ( 71, 15)   vdiff=  3.8555E+00 ( 73, 13)
n=  1013   udiff=  5.8185E+00 ( 71, 15)   vdiff=  3.8578E+00 ( 73, 13)
n=  1014   udiff=  5.8181E+00 ( 71, 15)   vdiff=  3.8593E+00 ( 73, 13)
n=  1015   udiff=  5.8175E+00 ( 71, 15)   vdiff=  3.8608E+00 ( 73, 13)
n=  1016   udiff=  5.8169E+00 ( 71, 15)   vdiff=  3.8623E+00 ( 73, 13)
n=  1017   udiff=  5.8161E+00 ( 71, 15)   vdiff=  3.8638E+00 ( 73, 13)
n=  1018   udiff=  5.8152E+00 ( 71, 15)   vdiff=  3.8652E+00 ( 73, 13)
n=  1019   udiff=  5.8142E+00 ( 71, 15)   vdiff=  3.8666E+00 ( 73, 13)
n=  1020   udiff=  5.8131E+00 ( 71, 15)   vdiff=  3.8680E+00 ( 73, 13)
n=  1021   udiff=  5.8118E+00 ( 71, 15)   vdiff=  3.8694E+00 ( 73, 13)
n=  1022   udiff=  5.8105E+00 ( 71, 15)   vdiff=  3.8707E+00 ( 73, 13)
n=  1023   udiff=  5.8090E+00 ( 71, 15)   vdiff=  3.8720E+00 ( 73, 13)
n=  1024   udiff=  5.8074E+00 ( 71, 15)   vdiff=  3.8733E+00 ( 73, 13)
n=  1025   udiff=  5.8057E+00 ( 71, 15)   vdiff=  3.8745E+00 ( 73, 13)
n=  1026   udiff=  5.8039E+00 ( 71, 15)   vdiff=  3.8757E+00 ( 73, 13)
n=  1027   udiff=  5.8019E+00 ( 71, 15)   vdiff=  3.8768E+00 ( 73, 13)
n=  1028   udiff=  5.7998E+00 ( 71, 15)   vdiff=  3.8779E+00 ( 73, 13)
n=  1029   udiff=  5.7976E+00 ( 71, 15)   vdiff=  3.8790E+00 ( 73, 13)
n=  1030   udiff=  5.7952E+00 ( 71, 15)   vdiff=  3.8800E+00 ( 73, 13)
n=  1031   udiff=  5.7927E+00 ( 71, 15)   vdiff=  3.8810E+00 ( 73, 13)
n=  1032   udiff=  5.7901E+00 ( 71, 15)   vdiff=  3.8820E+00 ( 73, 13)
n=  1033   udiff=  5.7873E+00 ( 71, 15)   vdiff=  3.8828E+00 ( 73, 13)
n=  1034   udiff=  5.7844E+00 ( 71, 15)   vdiff=  3.8836E+00 ( 73, 13)
n=  1035   udiff=  5.7813E+00 ( 71, 15)   vdiff=  3.8843E+00 ( 73, 13)
n=  1036   udiff=  5.7780E+00 ( 71, 15)   vdiff=  3.8850E+00 ( 73, 13)
n=  1037   udiff=  5.7746E+00 ( 71, 15)   vdiff=  3.8856E+00 ( 73, 13)
n=  1038   udiff=  5.7711E+00 ( 71, 15)   vdiff=  3.8861E+00 ( 73, 13)
n=  1039   udiff=  5.7673E+00 ( 71, 15)   vdiff=  3.8866E+00 ( 73, 13)
n=  1040   udiff=  5.7635E+00 ( 71, 15)   vdiff=  3.8870E+00 ( 73, 13)
n=  1041   udiff=  5.7594E+00 ( 71, 15)   vdiff=  3.8873E+00 ( 73, 13)
n=  1042   udiff=  5.7551E+00 ( 71, 15)   vdiff=  3.8875E+00 ( 73, 13)
n=  1043   udiff=  5.7507E+00 ( 71, 15)   vdiff=  3.8876E+00 ( 73, 13)
n=  1044   udiff=  5.7461E+00 ( 71, 15)   vdiff=  3.8876E+00 ( 73, 13)
n=  1045   udiff=  5.7413E+00 ( 71, 15)   vdiff=  3.8876E+00 ( 73, 13)
n=  1046   udiff=  5.7526E+00 ( 72, 15)   vdiff=  3.8875E+00 ( 73, 13)
n=  1047   udiff=  5.7667E+00 ( 72, 15)   vdiff=  3.8873E+00 ( 73, 13)
n=  1048   udiff=  5.7804E+00 ( 72, 15)   vdiff=  3.8871E+00 ( 73, 13)
n=  1049   udiff=  5.7938E+00 ( 72, 15)   vdiff=  3.8868E+00 ( 73, 13)
n=  1050   udiff=  5.8068E+00 ( 72, 15)   vdiff=  3.8863E+00 ( 73, 13)
n=  1051   udiff=  5.8195E+00 ( 72, 15)   vdiff=  3.8858E+00 ( 73, 13)
n=  1052   udiff=  5.8319E+00 ( 72, 15)   vdiff=  3.8852E+00 ( 73, 13)
n=  1053   udiff=  5.8439E+00 ( 72, 15)   vdiff=  3.8845E+00 ( 73, 13)
n=  1054   udiff=  5.8556E+00 ( 72, 15)   vdiff=  3.8837E+00 ( 73, 13)
n=  1055   udiff=  5.8669E+00 ( 72, 15)   vdiff=  3.8828E+00 ( 73, 13)
n=  1056   udiff=  5.8784E+00 ( 72, 15)   vdiff=  3.8821E+00 ( 73, 13)
n=  1057   udiff=  5.8895E+00 ( 72, 15)   vdiff=  3.8813E+00 ( 73, 13)
n=  1058   udiff=  5.9002E+00 ( 72, 15)   vdiff=  3.8803E+00 ( 73, 13)
n=  1059   udiff=  5.9106E+00 ( 72, 15)   vdiff=  3.8793E+00 ( 73, 13)
n=  1060   udiff=  5.9207E+00 ( 72, 15)   vdiff=  3.8781E+00 ( 73, 13)
n=  1061   udiff=  5.9304E+00 ( 72, 15)   vdiff=  3.8769E+00 ( 73, 13)
n=  1062   udiff=  5.9397E+00 ( 72, 15)   vdiff=  3.8755E+00 ( 73, 13)
n=  1063   udiff=  5.9488E+00 ( 72, 15)   vdiff=  3.8740E+00 ( 73, 13)
n=  1064   udiff=  5.9574E+00 ( 72, 15)   vdiff=  3.8725E+00 ( 73, 13)
n=  1065   udiff=  5.9658E+00 ( 72, 15)   vdiff=  3.8708E+00 ( 73, 13)
n=  1066   udiff=  5.9738E+00 ( 72, 15)   vdiff=  3.8690E+00 ( 73, 13)
n=  1067   udiff=  5.9814E+00 ( 72, 15)   vdiff=  3.8671E+00 ( 73, 13)
n=  1068   udiff=  5.9888E+00 ( 72, 15)   vdiff=  3.8650E+00 ( 73, 13)
n=  1069   udiff=  5.9958E+00 ( 72, 15)   vdiff=  3.8629E+00 ( 73, 13)
n=  1070   udiff=  6.0025E+00 ( 72, 15)   vdiff=  3.8606E+00 ( 73, 13)
n=  1071   udiff=  6.0089E+00 ( 72, 15)   vdiff=  3.8583E+00 ( 73, 13)
n=  1072   udiff=  6.0150E+00 ( 72, 15)   vdiff=  3.8558E+00 ( 73, 13)
n=  1073   udiff=  6.0209E+00 ( 72, 15)   vdiff=  3.8564E+00 ( 74, 13)
n=  1074   udiff=  6.0264E+00 ( 72, 15)   vdiff=  3.8614E+00 ( 74, 13)
n=  1075   udiff=  6.0316E+00 ( 72, 15)   vdiff=  3.8664E+00 ( 74, 13)
n=  1076   udiff=  6.0366E+00 ( 72, 15)   vdiff=  3.8713E+00 ( 74, 13)
n=  1077   udiff=  6.0413E+00 ( 72, 15)   vdiff=  3.8763E+00 ( 74, 13)
n=  1078   udiff=  6.0457E+00 ( 72, 15)   vdiff=  3.8812E+00 ( 74, 13)
n=  1079   udiff=  6.0498E+00 ( 72, 15)   vdiff=  3.8860E+00 ( 74, 13)
n=  1080   udiff=  6.0537E+00 ( 72, 15)   vdiff=  3.8908E+00 ( 74, 13)
n=  1081   udiff=  6.0573E+00 ( 72, 15)   vdiff=  3.8956E+00 ( 74, 13)
n=  1082   udiff=  6.0606E+00 ( 72, 15)   vdiff=  3.9003E+00 ( 74, 13)
n=  1083   udiff=  6.0638E+00 ( 72, 15)   vdiff=  3.9050E+00 ( 74, 13)
n=  1084   udiff=  6.0667E+00 ( 72, 15)   vdiff=  3.9097E+00 ( 74, 13)
n=  1085   udiff=  6.0694E+00 ( 72, 15)   vdiff=  3.9151E+00 ( 74, 13)
n=  1086   udiff=  6.0720E+00 ( 72, 15)   vdiff=  3.9205E+00 ( 74, 13)
n=  1087   udiff=  6.0743E+00 ( 72, 15)   vdiff=  3.9259E+00 ( 74, 13)
n=  1088   udiff=  6.0765E+00 ( 72, 15)   vdiff=  3.9313E+00 ( 74, 13)
n=  1089   udiff=  6.0784E+00 ( 72, 15)   vdiff=  3.9367E+00 ( 74, 13)
n=  1090   udiff=  6.0802E+00 ( 72, 15)   vdiff=  3.9421E+00 ( 74, 13)
n=  1091   udiff=  6.0817E+00 ( 72, 15)   vdiff=  3.9474E+00 ( 74, 13)
n=  1092   udiff=  6.0831E+00 ( 72, 15)   vdiff=  3.9527E+00 ( 74, 13)
n=  1093   udiff=  6.0843E+00 ( 72, 15)   vdiff=  3.9580E+00 ( 74, 13)
n=  1094   udiff=  6.0854E+00 ( 72, 15)   vdiff=  3.9633E+00 ( 74, 13)
n=  1095   udiff=  6.0862E+00 ( 72, 15)   vdiff=  3.9686E+00 ( 74, 13)
n=  1096   udiff=  6.0869E+00 ( 72, 15)   vdiff=  3.9738E+00 ( 74, 13)
n=  1097   udiff=  6.0874E+00 ( 72, 15)   vdiff=  3.9790E+00 ( 74, 13)
n=  1098   udiff=  6.0877E+00 ( 72, 15)   vdiff=  3.9842E+00 ( 74, 13)
n=  1099   udiff=  6.0879E+00 ( 72, 15)   vdiff=  3.9893E+00 ( 74, 13)
n=  1100   udiff=  6.0880E+00 ( 72, 15)   vdiff=  3.9928E+00 ( 74, 13)
n=  1101   udiff=  6.0879E+00 ( 72, 15)   vdiff=  3.9955E+00 ( 74, 13)
n=  1102   udiff=  6.0876E+00 ( 72, 15)   vdiff=  3.9982E+00 ( 74, 13)
n=  1103   udiff=  6.0871E+00 ( 72, 15)   vdiff=  4.0202E+00 ( 70, 13)
n=  1104   udiff=  6.0865E+00 ( 72, 15)   vdiff=  4.0425E+00 ( 70, 13)
n=  1105   udiff=  6.0857E+00 ( 72, 15)   vdiff=  4.0646E+00 ( 70, 13)
n=  1106   udiff=  6.0848E+00 ( 72, 15)   vdiff=  4.0864E+00 ( 70, 13)
n=  1107   udiff=  6.0836E+00 ( 72, 15)   vdiff=  4.1079E+00 ( 70, 13)
n=  1108   udiff=  6.0824E+00 ( 72, 15)   vdiff=  4.1291E+00 ( 70, 13)
n=  1109   udiff=  6.0809E+00 ( 72, 15)   vdiff=  4.1500E+00 ( 70, 13)
n=  1110   udiff=  6.0793E+00 ( 72, 15)   vdiff=  4.1707E+00 ( 70, 13)
n=  1111   udiff=  6.0775E+00 ( 72, 15)   vdiff=  4.1911E+00 ( 70, 13)
n=  1112   udiff=  6.0755E+00 ( 72, 15)   vdiff=  4.2111E+00 ( 70, 13)
n=  1113   udiff=  6.0733E+00 ( 72, 15)   vdiff=  4.2309E+00 ( 70, 13)
n=  1114   udiff=  6.0710E+00 ( 72, 15)   vdiff=  4.2504E+00 ( 70, 13)
n=  1115   udiff=  6.0684E+00 ( 72, 15)   vdiff=  4.2696E+00 ( 70, 13)
n=  1116   udiff=  6.0657E+00 ( 72, 15)   vdiff=  4.2885E+00 ( 70, 13)
n=  1117   udiff=  6.0628E+00 ( 72, 15)   vdiff=  4.3070E+00 ( 70, 13)
n=  1118   udiff=  6.0597E+00 ( 72, 15)   vdiff=  4.3253E+00 ( 70, 13)
n=  1119   udiff=  6.0564E+00 ( 72, 15)   vdiff=  4.3432E+00 ( 70, 13)
n=  1120   udiff=  6.0529E+00 ( 72, 15)   vdiff=  4.3609E+00 ( 70, 13)
n=  1121   udiff=  6.0492E+00 ( 72, 15)   vdiff=  4.3782E+00 ( 70, 13)
n=  1122   udiff=  6.0453E+00 ( 72, 15)   vdiff=  4.3951E+00 ( 70, 13)
n=  1123   udiff=  6.0411E+00 ( 72, 15)   vdiff=  4.4118E+00 ( 70, 13)
n=  1124   udiff=  6.0368E+00 ( 72, 15)   vdiff=  4.4281E+00 ( 70, 13)
n=  1125   udiff=  6.0322E+00 ( 72, 15)   vdiff=  4.4441E+00 ( 70, 13)
n=  1126   udiff=  6.0275E+00 ( 72, 15)   vdiff=  4.4597E+00 ( 70, 13)
n=  1127   udiff=  6.0225E+00 ( 72, 15)   vdiff=  4.4750E+00 ( 70, 13)
n=  1128   udiff=  6.0172E+00 ( 72, 15)   vdiff=  4.4899E+00 ( 70, 13)
n=  1129   udiff=  6.0117E+00 ( 72, 15)   vdiff=  4.5045E+00 ( 70, 13)
n=  1130   udiff=  6.0060E+00 ( 72, 15)   vdiff=  4.5188E+00 ( 70, 13)
n=  1131   udiff=  6.0001E+00 ( 72, 15)   vdiff=  4.5326E+00 ( 70, 13)
n=  1132   udiff=  5.9939E+00 ( 72, 15)   vdiff=  4.5462E+00 ( 70, 13)
n=  1133   udiff=  5.9874E+00 ( 72, 15)   vdiff=  4.5593E+00 ( 70, 13)
n=  1134   udiff=  5.9996E+00 ( 73, 15)   vdiff=  4.5721E+00 ( 70, 13)
n=  1135   udiff=  6.0129E+00 ( 73, 15)   vdiff=  4.5846E+00 ( 70, 13)
n=  1136   udiff=  6.0259E+00 ( 73, 15)   vdiff=  4.5966E+00 ( 70, 13)
n=  1137   udiff=  6.0385E+00 ( 73, 15)   vdiff=  4.6083E+00 ( 70, 13)
n=  1138   udiff=  6.0507E+00 ( 73, 15)   vdiff=  4.6196E+00 ( 70, 13)
n=  1139   udiff=  6.0628E+00 ( 73, 15)   vdiff=  4.6305E+00 ( 70, 13)
n=  1140   udiff=  6.0747E+00 ( 73, 15)   vdiff=  4.6410E+00 ( 70, 13)
n=  1141   udiff=  6.0862E+00 ( 73, 15)   vdiff=  4.6512E+00 ( 70, 13)
n=  1142   udiff=  6.0974E+00 ( 73, 15)   vdiff=  4.6610E+00 ( 70, 13)
n=  1143   udiff=  6.1081E+00 ( 73, 15)   vdiff=  4.6702E+00 ( 70, 13)
n=  1144   udiff=  6.1185E+00 ( 73, 15)   vdiff=  4.6790E+00 ( 70, 13)
n=  1145   udiff=  6.1285E+00 ( 73, 15)   vdiff=  4.6874E+00 ( 70, 13)
n=  1146   udiff=  6.1381E+00 ( 73, 15)   vdiff=  4.6954E+00 ( 70, 13)
n=  1147   udiff=  6.1473E+00 ( 73, 15)   vdiff=  4.7030E+00 ( 70, 13)
n=  1148   udiff=  6.1561E+00 ( 73, 15)   vdiff=  4.7102E+00 ( 70, 13)
n=  1149   udiff=  6.1646E+00 ( 73, 15)   vdiff=  4.7169E+00 ( 70, 13)
n=  1150   udiff=  6.1727E+00 ( 73, 15)   vdiff=  4.7232E+00 ( 70, 13)
n=  1151   udiff=  6.1805E+00 ( 73, 15)   vdiff=  4.7291E+00 ( 70, 13)
n=  1152   udiff=  6.1878E+00 ( 73, 15)   vdiff=  4.7345E+00 ( 70, 13)
n=  1153   udiff=  6.1949E+00 ( 73, 15)   vdiff=  4.7396E+00 ( 70, 13)
n=  1154   udiff=  6.2016E+00 ( 73, 15)   vdiff=  4.7441E+00 ( 70, 13)
n=  1155   udiff=  6.2079E+00 ( 73, 15)   vdiff=  4.7482E+00 ( 70, 13)
n=  1156   udiff=  6.2139E+00 ( 73, 15)   vdiff=  4.7519E+00 ( 70, 13)
n=  1157   udiff=  6.2196E+00 ( 73, 15)   vdiff=  4.7551E+00 ( 70, 13)
n=  1158   udiff=  6.2250E+00 ( 73, 15)   vdiff=  4.7579E+00 ( 70, 13)
n=  1159   udiff=  6.2300E+00 ( 73, 15)   vdiff=  4.7602E+00 ( 70, 13)
n=  1160   udiff=  6.2348E+00 ( 73, 15)   vdiff=  4.7621E+00 ( 70, 13)
n=  1161   udiff=  6.2392E+00 ( 73, 15)   vdiff=  4.7635E+00 ( 70, 13)
n=  1162   udiff=  6.2433E+00 ( 73, 15)   vdiff=  4.7644E+00 ( 70, 13)
n=  1163   udiff=  6.2472E+00 ( 73, 15)   vdiff=  4.7648E+00 ( 70, 13)
n=  1164   udiff=  6.2508E+00 ( 73, 15)   vdiff=  4.7647E+00 ( 70, 13)
n=  1165   udiff=  6.2541E+00 ( 73, 15)   vdiff=  4.7642E+00 ( 70, 13)
n=  1166   udiff=  6.2571E+00 ( 73, 15)   vdiff=  4.7632E+00 ( 70, 13)
n=  1167   udiff=  6.2599E+00 ( 73, 15)   vdiff=  4.7617E+00 ( 70, 13)
n=  1168   udiff=  6.2625E+00 ( 73, 15)   vdiff=  4.7597E+00 ( 70, 13)
n=  1169   udiff=  6.2649E+00 ( 73, 15)   vdiff=  4.7572E+00 ( 70, 13)
n=  1170   udiff=  6.2670E+00 ( 73, 15)   vdiff=  4.7543E+00 ( 70, 13)
n=  1171   udiff=  6.2689E+00 ( 73, 15)   vdiff=  4.7508E+00 ( 70, 13)
n=  1172   udiff=  6.2705E+00 ( 73, 15)   vdiff=  4.7468E+00 ( 70, 13)
n=  1173   udiff=  6.2719E+00 ( 73, 15)   vdiff=  4.7423E+00 ( 70, 13)
n=  1174   udiff=  6.2732E+00 ( 73, 15)   vdiff=  4.7373E+00 ( 70, 13)
n=  1175   udiff=  6.2742E+00 ( 73, 15)   vdiff=  4.7318E+00 ( 70, 13)
n=  1176   udiff=  6.2749E+00 ( 73, 15)   vdiff=  4.7258E+00 ( 70, 13)
n=  1177   udiff=  6.2755E+00 ( 73, 15)   vdiff=  4.7192E+00 ( 70, 13)
n=  1178   udiff=  6.2759E+00 ( 73, 15)   vdiff=  4.7121E+00 ( 70, 13)
n=  1179   udiff=  6.2761E+00 ( 73, 15)   vdiff=  4.7045E+00 ( 70, 13)
n=  1180   udiff=  6.2760E+00 ( 73, 15)   vdiff=  4.6964E+00 ( 70, 13)
n=  1181   udiff=  6.2758E+00 ( 73, 15)   vdiff=  4.6878E+00 ( 70, 13)
n=  1182   udiff=  6.2754E+00 ( 73, 15)   vdiff=  4.6791E+00 ( 70, 13)
n=  1183   udiff=  6.2748E+00 ( 73, 15)   vdiff=  4.6699E+00 ( 70, 13)
n=  1184   udiff=  6.2740E+00 ( 73, 15)   vdiff=  4.6600E+00 ( 70, 13)
n=  1185   udiff=  6.2731E+00 ( 73, 15)   vdiff=  4.6496E+00 ( 70, 13)
n=  1186   udiff=  6.2719E+00 ( 73, 15)   vdiff=  4.6386E+00 ( 70, 13)
n=  1187   udiff=  6.2706E+00 ( 73, 15)   vdiff=  4.6270E+00 ( 70, 13)
n=  1188   udiff=  6.2691E+00 ( 73, 15)   vdiff=  4.6126E+00 ( 70, 13)
n=  1189   udiff=  6.2674E+00 ( 73, 15)   vdiff=  4.5975E+00 ( 70, 13)
n=  1190   udiff=  6.2655E+00 ( 73, 15)   vdiff=  4.5818E+00 ( 70, 13)
n=  1191   udiff=  6.2635E+00 ( 73, 15)   vdiff=  4.5654E+00 ( 70, 13)
n=  1192   udiff=  6.2612E+00 ( 73, 15)   vdiff=  4.5485E+00 ( 70, 13)
n=  1193   udiff=  6.2588E+00 ( 73, 15)   vdiff=  4.5309E+00 ( 70, 13)
n=  1194   udiff=  6.2561E+00 ( 73, 15)   vdiff=  4.5126E+00 ( 70, 13)
n=  1195   udiff=  6.2533E+00 ( 73, 15)   vdiff=  4.4938E+00 ( 70, 13)
n=  1196   udiff=  6.2502E+00 ( 73, 15)   vdiff=  4.4743E+00 ( 70, 13)
n=  1197   udiff=  6.2470E+00 ( 73, 15)   vdiff=  4.4543E+00 ( 70, 13)
n=  1198   udiff=  6.2435E+00 ( 73, 15)   vdiff=  4.4336E+00 ( 70, 13)
n=  1199   udiff=  6.2399E+00 ( 73, 15)   vdiff=  4.4348E+00 ( 71, 13)
n=  1200   udiff=  6.2360E+00 ( 73, 15)   vdiff=  4.4565E+00 ( 71, 13)
n=  1201   udiff=  6.2319E+00 ( 73, 15)   vdiff=  4.4779E+00 ( 71, 13)
n=  1202   udiff=  6.2277E+00 ( 73, 15)   vdiff=  4.4989E+00 ( 71, 13)
n=  1203   udiff=  6.2231E+00 ( 73, 15)   vdiff=  4.5195E+00 ( 71, 13)
n=  1204   udiff=  6.2184E+00 ( 73, 15)   vdiff=  4.5397E+00 ( 71, 13)
n=  1205   udiff=  6.2135E+00 ( 73, 15)   vdiff=  4.5596E+00 ( 71, 13)
n=  1206   udiff=  6.2083E+00 ( 73, 15)   vdiff=  4.5791E+00 ( 71, 13)
n=  1207   udiff=  6.2029E+00 ( 73, 15)   vdiff=  4.5982E+00 ( 71, 13)
n=  1208   udiff=  6.1973E+00 ( 73, 15)   vdiff=  4.6170E+00 ( 71, 13)
n=  1209   udiff=  6.1914E+00 ( 73, 15)   vdiff=  4.6353E+00 ( 71, 13)
n=  1210   udiff=  6.1853E+00 ( 73, 15)   vdiff=  4.6533E+00 ( 71, 13)
n=  1211   udiff=  6.1789E+00 ( 73, 15)   vdiff=  4.6709E+00 ( 71, 13)
n=  1212   udiff=  6.1723E+00 ( 73, 15)   vdiff=  4.6882E+00 ( 71, 13)
n=  1213   udiff=  6.1655E+00 ( 73, 15)   vdiff=  4.7050E+00 ( 71, 13)
n=  1214   udiff=  6.1584E+00 ( 73, 15)   vdiff=  4.7215E+00 ( 71, 13)
n=  1215   udiff=  6.1511E+00 ( 73, 15)   vdiff=  4.7375E+00 ( 71, 13)
n=  1216   udiff=  6.1435E+00 ( 73, 15)   vdiff=  4.7532E+00 ( 71, 13)
n=  1217   udiff=  6.1378E+00 ( 74, 15)   vdiff=  4.7685E+00 ( 71, 13)
n=  1218   udiff=  6.1504E+00 ( 74, 15)   vdiff=  4.7834E+00 ( 71, 13)
n=  1219   udiff=  6.1628E+00 ( 74, 15)   vdiff=  4.7979E+00 ( 71, 13)
n=  1220   udiff=  6.1750E+00 ( 74, 15)   vdiff=  4.8121E+00 ( 71, 13)
n=  1221   udiff=  6.1869E+00 ( 74, 15)   vdiff=  4.8259E+00 ( 71, 13)
n=  1222   udiff=  6.1984E+00 ( 74, 15)   vdiff=  4.8392E+00 ( 71, 13)
n=  1223   udiff=  6.2095E+00 ( 74, 15)   vdiff=  4.8522E+00 ( 71, 13)
n=  1224   udiff=  6.2202E+00 ( 74, 15)   vdiff=  4.8648E+00 ( 71, 13)
n=  1225   udiff=  6.2305E+00 ( 74, 15)   vdiff=  4.8770E+00 ( 71, 13)
n=  1226   udiff=  6.2404E+00 ( 74, 15)   vdiff=  4.8888E+00 ( 71, 13)
n=  1227   udiff=  6.2499E+00 ( 74, 15)   vdiff=  4.9002E+00 ( 71, 13)
n=  1228   udiff=  6.2590E+00 ( 74, 15)   vdiff=  4.9113E+00 ( 71, 13)
n=  1229   udiff=  6.2678E+00 ( 74, 15)   vdiff=  4.9219E+00 ( 71, 13)
n=  1230   udiff=  6.2761E+00 ( 74, 15)   vdiff=  4.9322E+00 ( 71, 13)
n=  1231   udiff=  6.2841E+00 ( 74, 15)   vdiff=  4.9420E+00 ( 71, 13)
n=  1232   udiff=  6.2918E+00 ( 74, 15)   vdiff=  4.9515E+00 ( 71, 13)
n=  1233   udiff=  6.2990E+00 ( 74, 15)   vdiff=  4.9606E+00 ( 71, 13)
n=  1234   udiff=  6.3059E+00 ( 74, 15)   vdiff=  4.9693E+00 ( 71, 13)
n=  1235   udiff=  6.3125E+00 ( 74, 15)   vdiff=  4.9776E+00 ( 71, 13)
n=  1236   udiff=  6.3187E+00 ( 74, 15)   vdiff=  4.9855E+00 ( 71, 13)
n=  1237   udiff=  6.3245E+00 ( 74, 15)   vdiff=  4.9930E+00 ( 71, 13)
n=  1238   udiff=  6.3301E+00 ( 74, 15)   vdiff=  5.0002E+00 ( 71, 13)
n=  1239   udiff=  6.3353E+00 ( 74, 15)   vdiff=  5.0069E+00 ( 71, 13)
n=  1240   udiff=  6.3402E+00 ( 74, 15)   vdiff=  5.0133E+00 ( 71, 13)
n=  1241   udiff=  6.3448E+00 ( 74, 15)   vdiff=  5.0193E+00 ( 71, 13)
n=  1242   udiff=  6.3491E+00 ( 74, 15)   vdiff=  5.0263E+00 ( 71, 13)
n=  1243   udiff=  6.3531E+00 ( 74, 15)   vdiff=  5.0327E+00 ( 71, 13)
n=  1244   udiff=  6.3568E+00 ( 74, 15)   vdiff=  5.0388E+00 ( 71, 13)
n=  1245   udiff=  6.3602E+00 ( 74, 15)   vdiff=  5.0443E+00 ( 71, 13)
n=  1246   udiff=  6.3634E+00 ( 74, 15)   vdiff=  5.0494E+00 ( 71, 13)
n=  1247   udiff=  6.3663E+00 ( 74, 15)   vdiff=  5.0540E+00 ( 71, 13)
n=  1248   udiff=  6.3689E+00 ( 74, 15)   vdiff=  5.0582E+00 ( 71, 13)
n=  1249   udiff=  6.3713E+00 ( 74, 15)   vdiff=  5.0619E+00 ( 71, 13)
n=  1250   udiff=  6.3735E+00 ( 74, 15)   vdiff=  5.0651E+00 ( 71, 13)
n=  1251   udiff=  6.3754E+00 ( 74, 15)   vdiff=  5.0679E+00 ( 71, 13)
n=  1252   udiff=  6.3771E+00 ( 74, 15)   vdiff=  5.0702E+00 ( 71, 13)
n=  1253   udiff=  6.3786E+00 ( 74, 15)   vdiff=  5.0721E+00 ( 71, 13)
n=  1254   udiff=  6.3798E+00 ( 74, 15)   vdiff=  5.0736E+00 ( 71, 13)
n=  1255   udiff=  6.3809E+00 ( 74, 15)   vdiff=  5.0746E+00 ( 71, 13)
n=  1256   udiff=  6.3817E+00 ( 74, 15)   vdiff=  5.0751E+00 ( 71, 13)
n=  1257   udiff=  6.3822E+00 ( 74, 15)   vdiff=  5.0752E+00 ( 71, 13)
n=  1258   udiff=  6.3826E+00 ( 74, 15)   vdiff=  5.0749E+00 ( 71, 13)
n=  1259   udiff=  6.3828E+00 ( 74, 15)   vdiff=  5.0741E+00 ( 71, 13)
n=  1260   udiff=  6.3828E+00 ( 74, 15)   vdiff=  5.0729E+00 ( 71, 13)
n=  1261   udiff=  6.3825E+00 ( 74, 15)   vdiff=  5.0713E+00 ( 71, 13)
n=  1262   udiff=  6.3821E+00 ( 74, 15)   vdiff=  5.0694E+00 ( 71, 13)
n=  1263   udiff=  6.3815E+00 ( 74, 15)   vdiff=  5.0669E+00 ( 71, 13)
n=  1264   udiff=  6.3807E+00 ( 74, 15)   vdiff=  5.0641E+00 ( 71, 13)
n=  1265   udiff=  6.3797E+00 ( 74, 15)   vdiff=  5.0608E+00 ( 71, 13)
n=  1266   udiff=  6.3786E+00 ( 74, 15)   vdiff=  5.0579E+00 ( 71, 13)
n=  1267   udiff=  6.3772E+00 ( 74, 15)   vdiff=  5.0545E+00 ( 71, 13)
n=  1268   udiff=  6.3757E+00 ( 74, 15)   vdiff=  5.0505E+00 ( 71, 13)
n=  1269   udiff=  6.3740E+00 ( 74, 15)   vdiff=  5.0460E+00 ( 71, 13)
n=  1270   udiff=  6.3720E+00 ( 74, 15)   vdiff=  5.0410E+00 ( 71, 13)
n=  1271   udiff=  6.3699E+00 ( 74, 15)   vdiff=  5.0354E+00 ( 71, 13)
n=  1272   udiff=  6.3677E+00 ( 74, 15)   vdiff=  5.0294E+00 ( 71, 13)
n=  1273   udiff=  6.3652E+00 ( 74, 15)   vdiff=  5.0228E+00 ( 71, 13)
n=  1274   udiff=  6.3625E+00 ( 74, 15)   vdiff=  5.0157E+00 ( 71, 13)
n=  1275   udiff=  6.3597E+00 ( 74, 15)   vdiff=  5.0081E+00 ( 71, 13)
n=  1276   udiff=  6.3566E+00 ( 74, 15)   vdiff=  5.0000E+00 ( 71, 13)
n=  1277   udiff=  6.3534E+00 ( 74, 15)   vdiff=  4.9914E+00 ( 71, 13)
n=  1278   udiff=  6.3500E+00 ( 74, 15)   vdiff=  4.9822E+00 ( 71, 13)
n=  1279   udiff=  6.3463E+00 ( 74, 15)   vdiff=  4.9726E+00 ( 71, 13)
n=  1280   udiff=  6.3425E+00 ( 74, 15)   vdiff=  4.9624E+00 ( 71, 13)
n=  1281   udiff=  6.3385E+00 ( 74, 15)   vdiff=  4.9518E+00 ( 71, 13)
n=  1282   udiff=  6.3343E+00 ( 74, 15)   vdiff=  4.9406E+00 ( 71, 13)
n=  1283   udiff=  6.3298E+00 ( 74, 15)   vdiff=  4.9290E+00 ( 71, 13)
n=  1284   udiff=  6.3252E+00 ( 74, 15)   vdiff=  4.9168E+00 ( 71, 13)
n=  1285   udiff=  6.3204E+00 ( 74, 15)   vdiff=  4.9041E+00 ( 71, 13)
n=  1286   udiff=  6.3153E+00 ( 74, 15)   vdiff=  4.8909E+00 ( 71, 13)
n=  1287   udiff=  6.3101E+00 ( 74, 15)   vdiff=  4.8773E+00 ( 71, 13)
n=  1288   udiff=  6.3046E+00 ( 74, 15)   vdiff=  4.8631E+00 ( 71, 13)
n=  1289   udiff=  6.2989E+00 ( 74, 15)   vdiff=  4.8484E+00 ( 71, 13)
n=  1290   udiff=  6.2930E+00 ( 74, 15)   vdiff=  4.8333E+00 ( 71, 13)
n=  1291   udiff=  6.2868E+00 ( 74, 15)   vdiff=  4.8176E+00 ( 71, 13)
n=  1292   udiff=  6.2805E+00 ( 74, 15)   vdiff=  4.8015E+00 ( 71, 13)
n=  1293   udiff=  6.2739E+00 ( 74, 15)   vdiff=  4.7848E+00 ( 71, 13)
n=  1294   udiff=  6.2670E+00 ( 74, 15)   vdiff=  4.7677E+00 ( 71, 13)
n=  1295   udiff=  6.2600E+00 ( 74, 15)   vdiff=  4.7500E+00 ( 71, 13)
n=  1296   udiff=  6.2527E+00 ( 74, 15)   vdiff=  4.7319E+00 ( 71, 13)
n=  1297   udiff=  6.2452E+00 ( 74, 15)   vdiff=  4.7133E+00 ( 71, 13)
n=  1298   udiff=  6.2376E+00 ( 74, 15)   vdiff=  4.6943E+00 ( 71, 13)
n=  1299   udiff=  6.2298E+00 ( 74, 15)   vdiff=  4.6747E+00 ( 71, 13)
n=  1300   udiff=  6.2218E+00 ( 75, 15)   vdiff=  4.6547E+00 ( 71, 13)
n=  1301   udiff=  6.2336E+00 ( 75, 15)   vdiff=  4.6342E+00 ( 71, 13)
n=  1302   udiff=  6.2451E+00 ( 75, 15)   vdiff=  4.6132E+00 ( 71, 13)
n=  1303   udiff=  6.2562E+00 ( 75, 15)   vdiff=  4.5917E+00 ( 71, 13)
n=  1304   udiff=  6.2669E+00 ( 75, 15)   vdiff=  4.5822E+00 ( 72, 13)
n=  1305   udiff=  6.2773E+00 ( 75, 15)   vdiff=  4.5948E+00 ( 72, 13)
n=  1306   udiff=  6.2873E+00 ( 75, 15)   vdiff=  4.6070E+00 ( 72, 13)
n=  1307   udiff=  6.2970E+00 ( 75, 15)   vdiff=  4.6189E+00 ( 72, 13)
n=  1308   udiff=  6.3062E+00 ( 75, 15)   vdiff=  4.6305E+00 ( 72, 13)
n=  1309   udiff=  6.3152E+00 ( 75, 15)   vdiff=  4.6418E+00 ( 72, 13)
n=  1310   udiff=  6.3238E+00 ( 75, 15)   vdiff=  4.6528E+00 ( 72, 13)
n=  1311   udiff=  6.3320E+00 ( 75, 15)   vdiff=  4.6635E+00 ( 72, 13)
n=  1312   udiff=  6.3399E+00 ( 75, 15)   vdiff=  4.6740E+00 ( 72, 13)
n=  1313   udiff=  6.3475E+00 ( 75, 15)   vdiff=  4.6841E+00 ( 72, 13)
n=  1314   udiff=  6.3548E+00 ( 75, 15)   vdiff=  4.6940E+00 ( 72, 13)
n=  1315   udiff=  6.3617E+00 ( 75, 15)   vdiff=  4.7035E+00 ( 72, 13)
n=  1316   udiff=  6.3684E+00 ( 75, 15)   vdiff=  4.7128E+00 ( 72, 13)
n=  1317   udiff=  6.3747E+00 ( 75, 15)   vdiff=  4.7218E+00 ( 72, 13)
n=  1318   udiff=  6.3807E+00 ( 75, 15)   vdiff=  4.7306E+00 ( 72, 13)
n=  1319   udiff=  6.3865E+00 ( 75, 15)   vdiff=  4.7390E+00 ( 72, 13)
n=  1320   udiff=  6.3919E+00 ( 75, 15)   vdiff=  4.7472E+00 ( 72, 13)
n=  1321   udiff=  6.3971E+00 ( 75, 15)   vdiff=  4.7551E+00 ( 72, 13)
n=  1322   udiff=  6.4020E+00 ( 75, 15)   vdiff=  4.7628E+00 ( 72, 13)
n=  1323   udiff=  6.4067E+00 ( 75, 15)   vdiff=  4.7701E+00 ( 72, 13)
n=  1324   udiff=  6.4111E+00 ( 75, 15)   vdiff=  4.7773E+00 ( 72, 13)
n=  1325   udiff=  6.4152E+00 ( 75, 15)   vdiff=  4.7855E+00 ( 72, 13)
n=  1326   udiff=  6.4192E+00 ( 75, 15)   vdiff=  4.7934E+00 ( 72, 13)
n=  1327   udiff=  6.4229E+00 ( 75, 15)   vdiff=  4.8011E+00 ( 72, 13)
n=  1328   udiff=  6.4264E+00 ( 75, 15)   vdiff=  4.8084E+00 ( 72, 13)
n=  1329   udiff=  6.4297E+00 ( 75, 15)   vdiff=  4.8154E+00 ( 72, 13)
n=  1330   udiff=  6.4328E+00 ( 75, 15)   vdiff=  4.8221E+00 ( 72, 13)
n=  1331   udiff=  6.4356E+00 ( 75, 15)   vdiff=  4.8285E+00 ( 72, 13)
n=  1332   udiff=  6.4383E+00 ( 75, 15)   vdiff=  4.8346E+00 ( 72, 13)
n=  1333   udiff=  6.4407E+00 ( 75, 15)   vdiff=  4.8403E+00 ( 72, 13)
n=  1334   udiff=  6.4430E+00 ( 75, 15)   vdiff=  4.8459E+00 ( 72, 13)
n=  1335   udiff=  6.4450E+00 ( 75, 15)   vdiff=  4.8511E+00 ( 72, 13)
n=  1336   udiff=  6.4469E+00 ( 75, 15)   vdiff=  4.8560E+00 ( 72, 13)
n=  1337   udiff=  6.4486E+00 ( 75, 15)   vdiff=  4.8607E+00 ( 72, 13)
n=  1338   udiff=  6.4501E+00 ( 75, 15)   vdiff=  4.8650E+00 ( 72, 13)
n=  1339   udiff=  6.4513E+00 ( 75, 15)   vdiff=  4.8691E+00 ( 72, 13)
n=  1340   udiff=  6.4525E+00 ( 75, 15)   vdiff=  4.8729E+00 ( 72, 13)
n=  1341   udiff=  6.4534E+00 ( 75, 15)   vdiff=  4.8764E+00 ( 72, 13)
n=  1342   udiff=  6.4541E+00 ( 75, 15)   vdiff=  4.8797E+00 ( 72, 13)
n=  1343   udiff=  6.4547E+00 ( 75, 15)   vdiff=  4.8827E+00 ( 72, 13)
n=  1344   udiff=  6.4551E+00 ( 75, 15)   vdiff=  4.8855E+00 ( 72, 13)
n=  1345   udiff=  6.4554E+00 ( 75, 15)   vdiff=  4.8880E+00 ( 72, 13)
n=  1346   udiff=  6.4555E+00 ( 75, 15)   vdiff=  4.8903E+00 ( 72, 13)
n=  1347   udiff=  6.4555E+00 ( 75, 15)   vdiff=  4.8924E+00 ( 72, 13)
n=  1348   udiff=  6.4553E+00 ( 75, 15)   vdiff=  4.8941E+00 ( 72, 13)
n=  1349   udiff=  6.4549E+00 ( 75, 15)   vdiff=  4.8959E+00 ( 72, 13)
n=  1350   udiff=  6.4543E+00 ( 75, 15)   vdiff=  4.8979E+00 ( 72, 13)
n=  1351   udiff=  6.4535E+00 ( 75, 15)   vdiff=  4.8996E+00 ( 72, 13)
n=  1352   udiff=  6.4526E+00 ( 75, 15)   vdiff=  4.9012E+00 ( 72, 13)
n=  1353   udiff=  6.4515E+00 ( 75, 15)   vdiff=  4.9024E+00 ( 72, 13)
n=  1354   udiff=  6.4502E+00 ( 75, 15)   vdiff=  4.9035E+00 ( 72, 13)
n=  1355   udiff=  6.4487E+00 ( 75, 15)   vdiff=  4.9068E+00 ( 72, 13)
n=  1356   udiff=  6.4470E+00 ( 75, 15)   vdiff=  4.9108E+00 ( 72, 13)
n=  1357   udiff=  6.4451E+00 ( 75, 15)   vdiff=  4.9142E+00 ( 72, 13)
n=  1358   udiff=  6.4431E+00 ( 75, 15)   vdiff=  4.9172E+00 ( 72, 13)
n=  1359   udiff=  6.4409E+00 ( 75, 15)   vdiff=  4.9198E+00 ( 72, 13)
n=  1360   udiff=  6.4385E+00 ( 75, 15)   vdiff=  4.9221E+00 ( 72, 13)
n=  1361   udiff=  6.4359E+00 ( 75, 15)   vdiff=  4.9240E+00 ( 72, 13)
n=  1362   udiff=  6.4331E+00 ( 75, 15)   vdiff=  4.9255E+00 ( 72, 13)
n=  1363   udiff=  6.4301E+00 ( 75, 15)   vdiff=  4.9266E+00 ( 72, 13)
n=  1364   udiff=  6.4269E+00 ( 75, 15)   vdiff=  4.9274E+00 ( 72, 13)
n=  1365   udiff=  6.4236E+00 ( 75, 15)   vdiff=  4.9277E+00 ( 72, 13)
n=  1366   udiff=  6.4200E+00 ( 75, 15)   vdiff=  4.9277E+00 ( 72, 13)
n=  1367   udiff=  6.4162E+00 ( 75, 15)   vdiff=  4.9273E+00 ( 72, 13)
n=  1368   udiff=  6.4122E+00 ( 75, 15)   vdiff=  4.9266E+00 ( 72, 13)
n=  1369   udiff=  6.4080E+00 ( 75, 15)   vdiff=  4.9255E+00 ( 72, 13)
n=  1370   udiff=  6.4035E+00 ( 75, 15)   vdiff=  4.9239E+00 ( 72, 13)
n=  1371   udiff=  6.3989E+00 ( 75, 15)   vdiff=  4.9220E+00 ( 72, 13)
n=  1372   udiff=  6.3940E+00 ( 75, 15)   vdiff=  4.9197E+00 ( 72, 13)
n=  1373   udiff=  6.3889E+00 ( 75, 15)   vdiff=  4.9171E+00 ( 72, 13)
n=  1374   udiff=  6.3837E+00 ( 75, 15)   vdiff=  4.9140E+00 ( 72, 13)
n=  1375   udiff=  6.3784E+00 ( 75, 15)   vdiff=  4.9106E+00 ( 72, 13)
n=  1376   udiff=  6.3728E+00 ( 75, 15)   vdiff=  4.9067E+00 ( 72, 13)
n=  1377   udiff=  6.3669E+00 ( 75, 15)   vdiff=  4.9025E+00 ( 72, 13)
n=  1378   udiff=  6.3609E+00 ( 75, 15)   vdiff=  4.8978E+00 ( 72, 13)
n=  1379   udiff=  6.3546E+00 ( 75, 15)   vdiff=  4.8927E+00 ( 72, 13)
n=  1380   udiff=  6.3480E+00 ( 75, 15)   vdiff=  4.8873E+00 ( 72, 13)
n=  1381   udiff=  6.3413E+00 ( 75, 15)   vdiff=  4.8814E+00 ( 72, 13)
n=  1382   udiff=  6.3342E+00 ( 75, 15)   vdiff=  4.8751E+00 ( 72, 13)
n=  1383   udiff=  6.3270E+00 ( 75, 15)   vdiff=  4.8683E+00 ( 72, 13)
n=  1384   udiff=  6.3301E+00 ( 76, 15)   vdiff=  4.8612E+00 ( 72, 13)
n=  1385   udiff=  6.3417E+00 ( 76, 15)   vdiff=  4.8536E+00 ( 72, 13)
n=  1386   udiff=  6.3529E+00 ( 76, 15)   vdiff=  4.8456E+00 ( 72, 13)
n=  1387   udiff=  6.3638E+00 ( 76, 15)   vdiff=  4.8371E+00 ( 72, 13)
n=  1388   udiff=  6.3744E+00 ( 76, 15)   vdiff=  4.8282E+00 ( 72, 13)
n=  1389   udiff=  6.3846E+00 ( 76, 15)   vdiff=  4.8189E+00 ( 72, 13)
n=  1390   udiff=  6.3946E+00 ( 76, 15)   vdiff=  4.8091E+00 ( 72, 13)
n=  1391   udiff=  6.4043E+00 ( 76, 15)   vdiff=  4.7989E+00 ( 72, 13)
n=  1392   udiff=  6.4137E+00 ( 76, 15)   vdiff=  4.7882E+00 ( 72, 13)
n=  1393   udiff=  6.4228E+00 ( 76, 15)   vdiff=  4.7771E+00 ( 72, 13)
n=  1394   udiff=  6.4316E+00 ( 76, 15)   vdiff=  4.7655E+00 ( 72, 13)
n=  1395   udiff=  6.4401E+00 ( 76, 15)   vdiff=  4.7535E+00 ( 72, 13)
n=  1396   udiff=  6.4484E+00 ( 76, 15)   vdiff=  4.7410E+00 ( 72, 13)
n=  1397   udiff=  6.4564E+00 ( 76, 15)   vdiff=  4.7280E+00 ( 72, 13)
n=  1398   udiff=  6.4641E+00 ( 76, 15)   vdiff=  4.7145E+00 ( 72, 13)
n=  1399   udiff=  6.4716E+00 ( 76, 15)   vdiff=  4.7006E+00 ( 72, 13)
n=  1400   udiff=  6.4788E+00 ( 76, 15)   vdiff=  4.6862E+00 ( 72, 13)
n=  1401   udiff=  6.4858E+00 ( 76, 15)   vdiff=  4.6714E+00 ( 72, 13)
n=  1402   udiff=  6.4926E+00 ( 76, 15)   vdiff=  4.6561E+00 ( 72, 13)
n=  1403   udiff=  6.4991E+00 ( 76, 15)   vdiff=  4.6403E+00 ( 72, 13)
n=  1404   udiff=  6.5055E+00 ( 76, 15)   vdiff=  4.6240E+00 ( 72, 13)
n=  1405   udiff=  6.5116E+00 ( 76, 15)   vdiff=  4.6072E+00 ( 72, 13)
n=  1406   udiff=  6.5175E+00 ( 76, 15)   vdiff=  4.5899E+00 ( 72, 13)
n=  1407   udiff=  6.5232E+00 ( 76, 15)   vdiff=  4.5722E+00 ( 72, 13)
n=  1408   udiff=  6.5287E+00 ( 76, 15)   vdiff=  4.5539E+00 ( 72, 13)
n=  1409   udiff=  6.5340E+00 ( 76, 15)   vdiff=  4.5351E+00 ( 72, 13)
n=  1410   udiff=  6.5391E+00 ( 76, 15)   vdiff=  4.5158E+00 ( 72, 13)
n=  1411   udiff=  6.5440E+00 ( 76, 15)   vdiff=  4.4961E+00 ( 72, 13)
n=  1412   udiff=  6.5487E+00 ( 76, 15)   vdiff=  4.4849E+00 ( 73, 13)
n=  1413   udiff=  6.5532E+00 ( 76, 15)   vdiff=  4.4914E+00 ( 73, 13)
n=  1414   udiff=  6.5575E+00 ( 76, 15)   vdiff=  4.4979E+00 ( 73, 13)
n=  1415   udiff=  6.5617E+00 ( 76, 15)   vdiff=  4.5051E+00 ( 73, 13)
n=  1416   udiff=  6.5656E+00 ( 76, 15)   vdiff=  4.5119E+00 ( 73, 13)
n=  1417   udiff=  6.5694E+00 ( 76, 15)   vdiff=  4.5184E+00 ( 73, 13)
n=  1418   udiff=  6.5730E+00 ( 76, 15)   vdiff=  4.5247E+00 ( 73, 13)
n=  1419   udiff=  6.5764E+00 ( 76, 15)   vdiff=  4.5307E+00 ( 73, 13)
n=  1420   udiff=  6.5797E+00 ( 76, 15)   vdiff=  4.5364E+00 ( 73, 13)
n=  1421   udiff=  6.5828E+00 ( 76, 15)   vdiff=  4.5418E+00 ( 73, 13)
n=  1422   udiff=  6.5856E+00 ( 76, 15)   vdiff=  4.5469E+00 ( 73, 13)
n=  1423   udiff=  6.5883E+00 ( 76, 15)   vdiff=  4.5517E+00 ( 73, 13)
n=  1424   udiff=  6.5909E+00 ( 76, 15)   vdiff=  4.5563E+00 ( 73, 13)
n=  1425   udiff=  6.5932E+00 ( 76, 15)   vdiff=  4.5606E+00 ( 73, 13)
n=  1426   udiff=  6.5954E+00 ( 76, 15)   vdiff=  4.5646E+00 ( 73, 13)
n=  1427   udiff=  6.5974E+00 ( 76, 15)   vdiff=  4.5684E+00 ( 73, 13)
n=  1428   udiff=  6.5992E+00 ( 76, 15)   vdiff=  4.5719E+00 ( 73, 13)
n=  1429   udiff=  6.6008E+00 ( 76, 15)   vdiff=  4.5752E+00 ( 73, 13)
n=  1430   udiff=  6.6023E+00 ( 76, 15)   vdiff=  4.5783E+00 ( 73, 13)
n=  1431   udiff=  6.6035E+00 ( 76, 15)   vdiff=  4.5811E+00 ( 73, 13)
n=  1432   udiff=  6.6045E+00 ( 76, 15)   vdiff=  4.5840E+00 ( 73, 13)
n=  1433   udiff=  6.6054E+00 ( 76, 15)   vdiff=  4.5870E+00 ( 73, 13)
n=  1434   udiff=  6.6060E+00 ( 76, 15)   vdiff=  4.5898E+00 ( 73, 13)
n=  1435   udiff=  6.6065E+00 ( 76, 15)   vdiff=  4.5923E+00 ( 73, 13)
n=  1436   udiff=  6.6067E+00 ( 76, 15)   vdiff=  4.5946E+00 ( 73, 13)
n=  1437   udiff=  6.6068E+00 ( 76, 15)   vdiff=  4.5968E+00 ( 73, 13)
n=  1438   udiff=  6.6066E+00 ( 76, 15)   vdiff=  4.5987E+00 ( 73, 13)
n=  1439   udiff=  6.6063E+00 ( 76, 15)   vdiff=  4.6004E+00 ( 73, 13)
n=  1440   udiff=  6.6057E+00 ( 76, 15)   vdiff=  4.6019E+00 ( 73, 13)
n=  1441   udiff=  6.6049E+00 ( 76, 15)   vdiff=  4.6032E+00 ( 73, 13)
n=  1442   udiff=  6.6039E+00 ( 76, 15)   vdiff=  4.6042E+00 ( 73, 13)
n=  1443   udiff=  6.6026E+00 ( 76, 15)   vdiff=  4.6051E+00 ( 73, 13)
n=  1444   udiff=  6.6012E+00 ( 76, 15)   vdiff=  4.6058E+00 ( 73, 13)
n=  1445   udiff=  6.5995E+00 ( 76, 15)   vdiff=  4.6063E+00 ( 73, 13)
n=  1446   udiff=  6.5976E+00 ( 76, 15)   vdiff=  4.6066E+00 ( 73, 13)
n=  1447   udiff=  6.5954E+00 ( 76, 15)   vdiff=  4.6068E+00 ( 73, 13)
n=  1448   udiff=  6.5930E+00 ( 76, 15)   vdiff=  4.6067E+00 ( 73, 13)
n=  1449   udiff=  6.5905E+00 ( 76, 15)   vdiff=  4.6121E+00 ( 73, 13)
n=  1450   udiff=  6.5877E+00 ( 76, 15)   vdiff=  4.6172E+00 ( 73, 13)
n=  1451   udiff=  6.5846E+00 ( 76, 15)   vdiff=  4.6221E+00 ( 73, 13)
n=  1452   udiff=  6.5814E+00 ( 76, 15)   vdiff=  4.6266E+00 ( 73, 13)
n=  1453   udiff=  6.5779E+00 ( 76, 15)   vdiff=  4.6309E+00 ( 73, 13)
n=  1454   udiff=  6.5741E+00 ( 76, 15)   vdiff=  4.6350E+00 ( 73, 13)
n=  1455   udiff=  6.5701E+00 ( 76, 15)   vdiff=  4.6387E+00 ( 73, 13)
n=  1456   udiff=  6.5658E+00 ( 76, 15)   vdiff=  4.6422E+00 ( 73, 13)
n=  1457   udiff=  6.5612E+00 ( 76, 15)   vdiff=  4.6455E+00 ( 73, 13)
n=  1458   udiff=  6.5564E+00 ( 76, 15)   vdiff=  4.6484E+00 ( 73, 13)
n=  1459   udiff=  6.5514E+00 ( 76, 15)   vdiff=  4.6511E+00 ( 73, 13)
n=  1460   udiff=  6.5460E+00 ( 76, 15)   vdiff=  4.6536E+00 ( 73, 13)
n=  1461   udiff=  6.5404E+00 ( 76, 15)   vdiff=  4.6558E+00 ( 73, 13)
n=  1462   udiff=  6.5346E+00 ( 76, 15)   vdiff=  4.6578E+00 ( 73, 13)
n=  1463   udiff=  6.5284E+00 ( 76, 15)   vdiff=  4.6595E+00 ( 73, 13)
n=  1464   udiff=  6.5220E+00 ( 76, 15)   vdiff=  4.6609E+00 ( 73, 13)
n=  1465   udiff=  6.5153E+00 ( 76, 15)   vdiff=  4.6621E+00 ( 73, 13)
n=  1466   udiff=  6.5208E+00 ( 77, 15)   vdiff=  4.6631E+00 ( 73, 13)
n=  1467   udiff=  6.5334E+00 ( 77, 15)   vdiff=  4.6638E+00 ( 73, 13)
n=  1468   udiff=  6.5456E+00 ( 77, 15)   vdiff=  4.6643E+00 ( 73, 13)
n=  1469   udiff=  6.5575E+00 ( 77, 15)   vdiff=  4.6645E+00 ( 73, 13)
n=  1470   udiff=  6.5692E+00 ( 77, 15)   vdiff=  4.6645E+00 ( 73, 13)
n=  1471   udiff=  6.5805E+00 ( 77, 15)   vdiff=  4.6642E+00 ( 73, 13)
n=  1472   udiff=  6.5916E+00 ( 77, 15)   vdiff=  4.6638E+00 ( 73, 13)
n=  1473   udiff=  6.6025E+00 ( 77, 15)   vdiff=  4.6630E+00 ( 73, 13)
n=  1474   udiff=  6.6131E+00 ( 77, 15)   vdiff=  4.6620E+00 ( 73, 13)
n=  1475   udiff=  6.6234E+00 ( 77, 15)   vdiff=  4.6608E+00 ( 73, 13)
n=  1476   udiff=  6.6335E+00 ( 77, 15)   vdiff=  4.6594E+00 ( 73, 13)
n=  1477   udiff=  6.6434E+00 ( 77, 15)   vdiff=  4.6577E+00 ( 73, 13)
n=  1478   udiff=  6.6531E+00 ( 77, 15)   vdiff=  4.6558E+00 ( 73, 13)
n=  1479   udiff=  6.6625E+00 ( 77, 15)   vdiff=  4.6536E+00 ( 73, 13)
n=  1480   udiff=  6.6717E+00 ( 77, 15)   vdiff=  4.6512E+00 ( 73, 13)
n=  1481   udiff=  6.6807E+00 ( 77, 15)   vdiff=  4.6486E+00 ( 73, 13)
n=  1482   udiff=  6.6894E+00 ( 77, 15)   vdiff=  4.6457E+00 ( 73, 13)
n=  1483   udiff=  6.6980E+00 ( 77, 15)   vdiff=  4.6426E+00 ( 73, 13)
n=  1484   udiff=  6.7063E+00 ( 77, 15)   vdiff=  4.6396E+00 ( 73, 13)
n=  1485   udiff=  6.7145E+00 ( 77, 15)   vdiff=  4.6364E+00 ( 73, 13)
n=  1486   udiff=  6.7224E+00 ( 77, 15)   vdiff=  4.6330E+00 ( 73, 13)
n=  1487   udiff=  6.7301E+00 ( 77, 15)   vdiff=  4.6292E+00 ( 73, 13)
n=  1488   udiff=  6.7377E+00 ( 77, 15)   vdiff=  4.6252E+00 ( 73, 13)
n=  1489   udiff=  6.7450E+00 ( 77, 15)   vdiff=  4.6210E+00 ( 73, 13)
n=  1490   udiff=  6.7522E+00 ( 77, 15)   vdiff=  4.6161E+00 ( 73, 13)
n=  1491   udiff=  6.7591E+00 ( 77, 15)   vdiff=  4.6109E+00 ( 73, 13)
n=  1492   udiff=  6.7659E+00 ( 77, 15)   vdiff=  4.6055E+00 ( 73, 13)
n=  1493   udiff=  6.7724E+00 ( 77, 15)   vdiff=  4.5996E+00 ( 73, 13)
n=  1494   udiff=  6.7787E+00 ( 77, 15)   vdiff=  4.5934E+00 ( 73, 13)
n=  1495   udiff=  6.7849E+00 ( 77, 15)   vdiff=  4.5869E+00 ( 73, 13)
n=  1496   udiff=  6.7908E+00 ( 77, 15)   vdiff=  4.5801E+00 ( 73, 13)
n=  1497   udiff=  6.7965E+00 ( 77, 15)   vdiff=  4.5730E+00 ( 73, 13)
n=  1498   udiff=  6.8021E+00 ( 77, 15)   vdiff=  4.5657E+00 ( 73, 13)
n=  1499   udiff=  6.8075E+00 ( 77, 15)   vdiff=  4.5580E+00 ( 73, 13)
n=  1500   udiff=  6.8127E+00 ( 77, 15)   vdiff=  4.5501E+00 ( 73, 13)
n=  1501   udiff=  6.8177E+00 ( 77, 15)   vdiff=  4.5419E+00 ( 73, 13)
n=  1502   udiff=  6.8225E+00 ( 77, 15)   vdiff=  4.5333E+00 ( 73, 13)
n=  1503   udiff=  6.8271E+00 ( 77, 15)   vdiff=  4.5245E+00 ( 73, 13)
n=  1504   udiff=  6.8315E+00 ( 77, 15)   vdiff=  4.5153E+00 ( 73, 13)
n=  1505   udiff=  6.8357E+00 ( 77, 15)   vdiff=  4.5059E+00 ( 73, 13)
n=  1506   udiff=  6.8397E+00 ( 77, 15)   vdiff=  4.4949E+00 ( 73, 13)
n=  1507   udiff=  6.8434E+00 ( 77, 15)   vdiff=  4.4826E+00 ( 73, 13)
n=  1508   udiff=  6.8470E+00 ( 77, 15)   vdiff=  4.4699E+00 ( 73, 13)
n=  1509   udiff=  6.8504E+00 ( 77, 15)   vdiff=  4.4569E+00 ( 73, 13)
n=  1510   udiff=  6.8535E+00 ( 77, 15)   vdiff=  4.4435E+00 ( 73, 13)
n=  1511   udiff=  6.8564E+00 ( 77, 15)   vdiff=  4.4297E+00 ( 73, 13)
n=  1512   udiff=  6.8591E+00 ( 77, 15)   vdiff=  4.4156E+00 ( 73, 13)
n=  1513   udiff=  6.8615E+00 ( 77, 15)   vdiff=  4.4010E+00 ( 73, 13)
n=  1514   udiff=  6.8638E+00 ( 77, 15)   vdiff=  4.3861E+00 ( 73, 13)
n=  1515   udiff=  6.8658E+00 ( 77, 15)   vdiff=  4.3708E+00 ( 73, 13)
n=  1516   udiff=  6.8675E+00 ( 77, 15)   vdiff=  4.3551E+00 ( 73, 13)
n=  1517   udiff=  6.8690E+00 ( 77, 15)   vdiff=  4.3391E+00 ( 73, 13)
n=  1518   udiff=  6.8703E+00 ( 77, 15)   vdiff=  4.3226E+00 ( 73, 13)
n=  1519   udiff=  6.8713E+00 ( 77, 15)   vdiff=  4.3241E+00 ( 74, 13)
n=  1520   udiff=  6.8721E+00 ( 77, 15)   vdiff=  4.3265E+00 ( 74, 13)
n=  1521   udiff=  6.8726E+00 ( 77, 15)   vdiff=  4.3288E+00 ( 74, 13)
n=  1522   udiff=  6.8730E+00 ( 77, 15)   vdiff=  4.3311E+00 ( 74, 13)
n=  1523   udiff=  6.8731E+00 ( 77, 15)   vdiff=  4.3333E+00 ( 74, 13)
n=  1524   udiff=  6.8730E+00 ( 77, 15)   vdiff=  4.3359E+00 ( 74, 13)
n=  1525   udiff=  6.8726E+00 ( 77, 15)   vdiff=  4.3383E+00 ( 74, 13)
n=  1526   udiff=  6.8720E+00 ( 77, 15)   vdiff=  4.3408E+00 ( 74, 13)
n=  1527   udiff=  6.8711E+00 ( 77, 15)   vdiff=  4.3431E+00 ( 74, 13)
n=  1528   udiff=  6.8699E+00 ( 77, 15)   vdiff=  4.3454E+00 ( 74, 13)
n=  1529   udiff=  6.8684E+00 ( 77, 15)   vdiff=  4.3476E+00 ( 74, 13)
n=  1530   udiff=  6.8666E+00 ( 77, 15)   vdiff=  4.3498E+00 ( 74, 13)
n=  1531   udiff=  6.8645E+00 ( 77, 15)   vdiff=  4.3519E+00 ( 74, 13)
n=  1532   udiff=  6.8622E+00 ( 77, 15)   vdiff=  4.3540E+00 ( 74, 13)
n=  1533   udiff=  6.8595E+00 ( 77, 15)   vdiff=  4.3560E+00 ( 74, 13)
n=  1534   udiff=  6.8566E+00 ( 77, 15)   vdiff=  4.3580E+00 ( 74, 13)
n=  1535   udiff=  6.8533E+00 ( 77, 15)   vdiff=  4.3600E+00 ( 74, 13)
n=  1536   udiff=  6.8498E+00 ( 77, 15)   vdiff=  4.3619E+00 ( 74, 13)
n=  1537   udiff=  6.8459E+00 ( 77, 15)   vdiff=  4.3637E+00 ( 74, 13)
n=  1538   udiff=  6.8417E+00 ( 77, 15)   vdiff=  4.3656E+00 ( 74, 13)
n=  1539   udiff=  6.8373E+00 ( 77, 15)   vdiff=  4.3674E+00 ( 74, 13)
n=  1540   udiff=  6.8325E+00 ( 77, 15)   vdiff=  4.3692E+00 ( 74, 13)
n=  1541   udiff=  6.8274E+00 ( 77, 15)   vdiff=  4.3709E+00 ( 74, 13)
n=  1542   udiff=  6.8219E+00 ( 77, 15)   vdiff=  4.3751E+00 ( 74, 13)
n=  1543   udiff=  6.8161E+00 ( 77, 15)   vdiff=  4.3837E+00 ( 74, 13)
n=  1544   udiff=  6.8099E+00 ( 77, 15)   vdiff=  4.3922E+00 ( 74, 13)
n=  1545   udiff=  6.8221E+00 ( 78, 15)   vdiff=  4.4005E+00 ( 74, 13)
n=  1546   udiff=  6.8367E+00 ( 78, 15)   vdiff=  4.4088E+00 ( 74, 13)
n=  1547   udiff=  6.8510E+00 ( 78, 15)   vdiff=  4.4170E+00 ( 74, 13)
n=  1548   udiff=  6.8651E+00 ( 78, 15)   vdiff=  4.4250E+00 ( 74, 13)
n=  1549   udiff=  6.8788E+00 ( 78, 15)   vdiff=  4.4330E+00 ( 74, 13)
n=  1550   udiff=  6.8924E+00 ( 78, 15)   vdiff=  4.4408E+00 ( 74, 13)
n=  1551   udiff=  6.9057E+00 ( 78, 15)   vdiff=  4.4486E+00 ( 74, 13)
n=  1552   udiff=  6.9187E+00 ( 78, 15)   vdiff=  4.4562E+00 ( 74, 13)
n=  1553   udiff=  6.9315E+00 ( 78, 15)   vdiff=  4.4637E+00 ( 74, 13)
n=  1554   udiff=  6.9441E+00 ( 78, 15)   vdiff=  4.4711E+00 ( 74, 13)
n=  1555   udiff=  6.9564E+00 ( 78, 15)   vdiff=  4.4784E+00 ( 74, 13)
n=  1556   udiff=  6.9684E+00 ( 78, 15)   vdiff=  4.4856E+00 ( 74, 13)
n=  1557   udiff=  6.9803E+00 ( 78, 15)   vdiff=  4.4926E+00 ( 74, 13)
n=  1558   udiff=  6.9919E+00 ( 78, 15)   vdiff=  4.4995E+00 ( 74, 13)
n=  1559   udiff=  7.0032E+00 ( 78, 15)   vdiff=  4.5063E+00 ( 74, 13)
n=  1560   udiff=  7.0143E+00 ( 78, 15)   vdiff=  4.5130E+00 ( 74, 13)
n=  1561   udiff=  7.0252E+00 ( 78, 15)   vdiff=  4.5196E+00 ( 74, 13)
n=  1562   udiff=  7.0358E+00 ( 78, 15)   vdiff=  4.5260E+00 ( 74, 13)
n=  1563   udiff=  7.0462E+00 ( 78, 15)   vdiff=  4.5322E+00 ( 74, 13)
n=  1564   udiff=  7.0564E+00 ( 78, 15)   vdiff=  4.5384E+00 ( 74, 13)
n=  1565   udiff=  7.0664E+00 ( 78, 15)   vdiff=  4.5446E+00 ( 74, 13)
n=  1566   udiff=  7.0761E+00 ( 78, 15)   vdiff=  4.5509E+00 ( 74, 13)
n=  1567   udiff=  7.0856E+00 ( 78, 15)   vdiff=  4.5572E+00 ( 74, 13)
n=  1568   udiff=  7.0948E+00 ( 78, 15)   vdiff=  4.5630E+00 ( 74, 13)
n=  1569   udiff=  7.1038E+00 ( 78, 15)   vdiff=  4.5685E+00 ( 74, 13)
n=  1570   udiff=  7.1125E+00 ( 78, 15)   vdiff=  4.5739E+00 ( 74, 13)
n=  1571   udiff=  7.1211E+00 ( 78, 15)   vdiff=  4.5792E+00 ( 74, 13)
n=  1572   udiff=  7.1294E+00 ( 78, 15)   vdiff=  4.5842E+00 ( 74, 13)
n=  1573   udiff=  7.1374E+00 ( 78, 15)   vdiff=  4.5890E+00 ( 74, 13)
n=  1574   udiff=  7.1452E+00 ( 78, 15)   vdiff=  4.5936E+00 ( 74, 13)
n=  1575   udiff=  7.1528E+00 ( 78, 15)   vdiff=  4.5980E+00 ( 74, 13)
n=  1576   udiff=  7.1600E+00 ( 78, 15)   vdiff=  4.6022E+00 ( 74, 13)
n=  1577   udiff=  7.1671E+00 ( 78, 15)   vdiff=  4.6061E+00 ( 74, 13)
n=  1578   udiff=  7.1739E+00 ( 78, 15)   vdiff=  4.6099E+00 ( 74, 13)
n=  1579   udiff=  7.1804E+00 ( 78, 15)   vdiff=  4.6134E+00 ( 74, 13)
n=  1580   udiff=  7.1866E+00 ( 78, 15)   vdiff=  4.6167E+00 ( 74, 13)
n=  1581   udiff=  7.1926E+00 ( 78, 15)   vdiff=  4.6198E+00 ( 74, 13)
n=  1582   udiff=  7.1983E+00 ( 78, 15)   vdiff=  4.6227E+00 ( 74, 13)
n=  1583   udiff=  7.2037E+00 ( 78, 15)   vdiff=  4.6253E+00 ( 74, 13)
n=  1584   udiff=  7.2089E+00 ( 78, 15)   vdiff=  4.6276E+00 ( 74, 13)
n=  1585   udiff=  7.2137E+00 ( 78, 15)   vdiff=  4.6297E+00 ( 74, 13)
n=  1586   udiff=  7.2183E+00 ( 78, 15)   vdiff=  4.6316E+00 ( 74, 13)
n=  1587   udiff=  7.2225E+00 ( 78, 15)   vdiff=  4.6332E+00 ( 74, 13)
n=  1588   udiff=  7.2265E+00 ( 78, 15)   vdiff=  4.6345E+00 ( 74, 13)
n=  1589   udiff=  7.2302E+00 ( 78, 15)   vdiff=  4.6356E+00 ( 74, 13)
n=  1590   udiff=  7.2335E+00 ( 78, 15)   vdiff=  4.6364E+00 ( 74, 13)
n=  1591   udiff=  7.2365E+00 ( 78, 15)   vdiff=  4.6369E+00 ( 74, 13)
n=  1592   udiff=  7.2393E+00 ( 78, 15)   vdiff=  4.6371E+00 ( 74, 13)
n=  1593   udiff=  7.2419E+00 ( 78, 15)   vdiff=  4.6371E+00 ( 74, 13)
n=  1594   udiff=  7.2442E+00 ( 78, 15)   vdiff=  4.6360E+00 ( 74, 13)
n=  1595   udiff=  7.2461E+00 ( 78, 15)   vdiff=  4.6338E+00 ( 74, 13)
n=  1596   udiff=  7.2477E+00 ( 78, 15)   vdiff=  4.6312E+00 ( 74, 13)
n=  1597   udiff=  7.2490E+00 ( 78, 15)   vdiff=  4.6282E+00 ( 74, 13)
n=  1598   udiff=  7.2499E+00 ( 78, 15)   vdiff=  4.6249E+00 ( 74, 13)
n=  1599   udiff=  7.2505E+00 ( 78, 15)   vdiff=  4.6212E+00 ( 74, 13)
n=  1600   udiff=  7.2508E+00 ( 78, 15)   vdiff=  4.6171E+00 ( 74, 13)
n=  1601   udiff=  7.2507E+00 ( 78, 15)   vdiff=  4.6126E+00 ( 74, 13)
n=  1602   udiff=  7.2502E+00 ( 78, 15)   vdiff=  4.6078E+00 ( 74, 13)
n=  1603   udiff=  7.2494E+00 ( 78, 15)   vdiff=  4.6026E+00 ( 74, 13)
n=  1604   udiff=  7.2482E+00 ( 78, 15)   vdiff=  4.5970E+00 ( 74, 13)
n=  1605   udiff=  7.2466E+00 ( 78, 15)   vdiff=  4.5911E+00 ( 74, 13)
n=  1606   udiff=  7.2447E+00 ( 78, 15)   vdiff=  4.5846E+00 ( 74, 13)
n=  1607   udiff=  7.2424E+00 ( 78, 15)   vdiff=  4.5778E+00 ( 74, 13)
n=  1608   udiff=  7.2398E+00 ( 78, 15)   vdiff=  4.5705E+00 ( 74, 13)
n=  1609   udiff=  7.2367E+00 ( 78, 15)   vdiff=  4.5628E+00 ( 74, 13)
n=  1610   udiff=  7.2333E+00 ( 78, 15)   vdiff=  4.5547E+00 ( 74, 13)
n=  1611   udiff=  7.2295E+00 ( 78, 15)   vdiff=  4.5457E+00 ( 74, 13)
n=  1612   udiff=  7.2252E+00 ( 78, 15)   vdiff=  4.5355E+00 ( 74, 13)
n=  1613   udiff=  7.2207E+00 ( 78, 15)   vdiff=  4.5248E+00 ( 74, 13)
n=  1614   udiff=  7.2157E+00 ( 78, 15)   vdiff=  4.5134E+00 ( 74, 13)
n=  1615   udiff=  7.2104E+00 ( 78, 15)   vdiff=  4.5137E+00 ( 80, 13)
n=  1616   udiff=  7.2046E+00 ( 78, 15)   vdiff=  4.5159E+00 ( 80, 13)
n=  1617   udiff=  7.1985E+00 ( 78, 15)   vdiff=  4.5180E+00 ( 80, 13)
n=  1618   udiff=  7.1930E+00 ( 79, 15)   vdiff=  4.5200E+00 ( 80, 13)
n=  1619   udiff=  7.2104E+00 ( 79, 15)   vdiff=  4.5217E+00 ( 80, 13)
n=  1620   udiff=  7.2274E+00 ( 79, 15)   vdiff=  4.5234E+00 ( 80, 13)
n=  1621   udiff=  7.2442E+00 ( 79, 15)   vdiff=  4.5250E+00 ( 80, 13)
n=  1622   udiff=  7.2606E+00 ( 79, 15)   vdiff=  4.5264E+00 ( 80, 13)
n=  1623   udiff=  7.2767E+00 ( 79, 15)   vdiff=  4.5276E+00 ( 80, 13)
n=  1624   udiff=  7.2925E+00 ( 79, 15)   vdiff=  4.5286E+00 ( 80, 13)
n=  1625   udiff=  7.3081E+00 ( 79, 15)   vdiff=  4.5295E+00 ( 80, 13)
n=  1626   udiff=  7.3233E+00 ( 79, 15)   vdiff=  4.5303E+00 ( 80, 13)
n=  1627   udiff=  7.3382E+00 ( 79, 15)   vdiff=  4.5308E+00 ( 80, 13)
n=  1628   udiff=  7.3528E+00 ( 79, 15)   vdiff=  4.5312E+00 ( 80, 13)
n=  1629   udiff=  7.3671E+00 ( 79, 15)   vdiff=  4.5314E+00 ( 80, 13)
n=  1630   udiff=  7.3810E+00 ( 79, 15)   vdiff=  4.5314E+00 ( 80, 13)
n=  1631   udiff=  7.3946E+00 ( 79, 15)   vdiff=  4.5312E+00 ( 80, 13)
n=  1632   udiff=  7.4079E+00 ( 79, 15)   vdiff=  4.5308E+00 ( 80, 13)
n=  1633   udiff=  7.4209E+00 ( 79, 15)   vdiff=  4.5302E+00 ( 80, 13)
n=  1634   udiff=  7.4336E+00 ( 79, 15)   vdiff=  4.5295E+00 ( 80, 13)
n=  1635   udiff=  7.4460E+00 ( 79, 15)   vdiff=  4.5285E+00 ( 80, 13)
n=  1636   udiff=  7.4580E+00 ( 79, 15)   vdiff=  4.5274E+00 ( 80, 13)
n=  1637   udiff=  7.4698E+00 ( 79, 15)   vdiff=  4.5260E+00 ( 80, 13)
n=  1638   udiff=  7.4813E+00 ( 79, 15)   vdiff=  4.5244E+00 ( 80, 13)
n=  1639   udiff=  7.4924E+00 ( 79, 15)   vdiff=  4.5225E+00 ( 80, 13)
n=  1640   udiff=  7.5033E+00 ( 79, 15)   vdiff=  4.5199E+00 ( 80, 13)
n=  1641   udiff=  7.5139E+00 ( 79, 15)   vdiff=  4.5171E+00 ( 80, 13)
n=  1642   udiff=  7.5240E+00 ( 79, 15)   vdiff=  4.5173E+00 ( 75, 13)
n=  1643   udiff=  7.5339E+00 ( 79, 15)   vdiff=  4.5256E+00 ( 75, 13)
n=  1644   udiff=  7.5435E+00 ( 79, 15)   vdiff=  4.5345E+00 ( 75, 13)
n=  1645   udiff=  7.5527E+00 ( 79, 15)   vdiff=  4.5434E+00 ( 75, 13)
n=  1646   udiff=  7.5616E+00 ( 79, 15)   vdiff=  4.5523E+00 ( 75, 13)
n=  1647   udiff=  7.5702E+00 ( 79, 15)   vdiff=  4.5610E+00 ( 75, 13)
n=  1648   udiff=  7.5784E+00 ( 79, 15)   vdiff=  4.5698E+00 ( 75, 13)
n=  1649   udiff=  7.5863E+00 ( 79, 15)   vdiff=  4.5785E+00 ( 75, 13)
n=  1650   udiff=  7.5938E+00 ( 79, 15)   vdiff=  4.5872E+00 ( 75, 13)
n=  1651   udiff=  7.6010E+00 ( 79, 15)   vdiff=  4.5958E+00 ( 75, 13)
n=  1652   udiff=  7.6078E+00 ( 79, 15)   vdiff=  4.6043E+00 ( 75, 13)
n=  1653   udiff=  7.6143E+00 ( 79, 15)   vdiff=  4.6129E+00 ( 75, 13)
n=  1654   udiff=  7.6204E+00 ( 79, 15)   vdiff=  4.6213E+00 ( 75, 13)
n=  1655   udiff=  7.6261E+00 ( 79, 15)   vdiff=  4.6297E+00 ( 75, 13)
n=  1656   udiff=  7.6315E+00 ( 79, 15)   vdiff=  4.6381E+00 ( 75, 13)
n=  1657   udiff=  7.6364E+00 ( 79, 15)   vdiff=  4.6464E+00 ( 75, 13)
n=  1658   udiff=  7.6410E+00 ( 79, 15)   vdiff=  4.6546E+00 ( 75, 13)
n=  1659   udiff=  7.6453E+00 ( 79, 15)   vdiff=  4.6627E+00 ( 75, 13)
n=  1660   udiff=  7.6492E+00 ( 79, 15)   vdiff=  4.6708E+00 ( 75, 13)
n=  1661   udiff=  7.6528E+00 ( 79, 15)   vdiff=  4.6788E+00 ( 75, 13)
n=  1662   udiff=  7.6560E+00 ( 79, 15)   vdiff=  4.6867E+00 ( 75, 13)
n=  1663   udiff=  7.6588E+00 ( 79, 15)   vdiff=  4.6945E+00 ( 75, 13)
n=  1664   udiff=  7.6612E+00 ( 79, 15)   vdiff=  4.7021E+00 ( 75, 13)
n=  1665   udiff=  7.6632E+00 ( 79, 15)   vdiff=  4.7097E+00 ( 75, 13)
n=  1666   udiff=  7.6648E+00 ( 79, 15)   vdiff=  4.7172E+00 ( 75, 13)
n=  1667   udiff=  7.6660E+00 ( 79, 15)   vdiff=  4.7246E+00 ( 75, 13)
n=  1668   udiff=  7.6667E+00 ( 79, 15)   vdiff=  4.7318E+00 ( 75, 13)
n=  1669   udiff=  7.6670E+00 ( 79, 15)   vdiff=  4.7389E+00 ( 75, 13)
n=  1670   udiff=  7.6668E+00 ( 79, 15)   vdiff=  4.7458E+00 ( 75, 13)
n=  1671   udiff=  7.6663E+00 ( 79, 15)   vdiff=  4.7526E+00 ( 75, 13)
n=  1672   udiff=  7.6653E+00 ( 79, 15)   vdiff=  4.7592E+00 ( 75, 13)
n=  1673   udiff=  7.6638E+00 ( 79, 15)   vdiff=  4.7656E+00 ( 75, 13)
n=  1674   udiff=  7.6619E+00 ( 79, 15)   vdiff=  4.7718E+00 ( 75, 13)
n=  1675   udiff=  7.6595E+00 ( 79, 15)   vdiff=  4.7767E+00 ( 75, 13)
n=  1676   udiff=  7.6567E+00 ( 79, 15)   vdiff=  4.7814E+00 ( 75, 13)
n=  1677   udiff=  7.6535E+00 ( 79, 15)   vdiff=  4.7857E+00 ( 75, 13)
n=  1678   udiff=  7.6498E+00 ( 79, 15)   vdiff=  4.7898E+00 ( 75, 13)
n=  1679   udiff=  7.6456E+00 ( 79, 15)   vdiff=  4.7937E+00 ( 75, 13)
n=  1680   udiff=  7.6410E+00 ( 79, 15)   vdiff=  4.7972E+00 ( 75, 13)
n=  1681   udiff=  7.6359E+00 ( 79, 15)   vdiff=  4.8004E+00 ( 75, 13)
n=  1682   udiff=  7.6303E+00 ( 79, 15)   vdiff=  4.8033E+00 ( 75, 13)
n=  1683   udiff=  7.6243E+00 ( 79, 15)   vdiff=  4.8058E+00 ( 75, 13)
n=  1684   udiff=  7.6177E+00 ( 79, 15)   vdiff=  4.8079E+00 ( 75, 13)
n=  1685   udiff=  7.6108E+00 ( 79, 15)   vdiff=  4.8097E+00 ( 75, 13)
n=  1686   udiff=  7.6033E+00 ( 79, 15)   vdiff=  4.8111E+00 ( 75, 13)
n=  1687   udiff=  7.6007E+00 ( 80, 15)   vdiff=  4.8121E+00 ( 75, 13)
n=  1688   udiff=  7.6200E+00 ( 80, 15)   vdiff=  4.8127E+00 ( 75, 13)
n=  1689   udiff=  7.6389E+00 ( 80, 15)   vdiff=  4.8128E+00 ( 75, 13)
n=  1690   udiff=  7.6574E+00 ( 80, 15)   vdiff=  4.8124E+00 ( 75, 13)
n=  1691   udiff=  7.6755E+00 ( 80, 15)   vdiff=  4.8108E+00 ( 75, 13)
n=  1692   udiff=  7.6933E+00 ( 80, 15)   vdiff=  4.8086E+00 ( 75, 13)
n=  1693   udiff=  7.7107E+00 ( 80, 15)   vdiff=  4.8058E+00 ( 75, 13)
n=  1694   udiff=  7.7276E+00 ( 80, 15)   vdiff=  4.8024E+00 ( 75, 13)
n=  1695   udiff=  7.7443E+00 ( 80, 15)   vdiff=  4.7985E+00 ( 75, 13)
n=  1696   udiff=  7.7605E+00 ( 80, 15)   vdiff=  4.7939E+00 ( 75, 13)
n=  1697   udiff=  7.7763E+00 ( 80, 15)   vdiff=  4.7887E+00 ( 75, 13)
n=  1698   udiff=  7.7918E+00 ( 80, 15)   vdiff=  4.7829E+00 ( 75, 13)
n=  1699   udiff=  7.8069E+00 ( 80, 15)   vdiff=  4.7764E+00 ( 75, 13)
n=  1700   udiff=  7.8216E+00 ( 80, 15)   vdiff=  4.7692E+00 ( 75, 13)
n=  1701   udiff=  7.8359E+00 ( 80, 15)   vdiff=  4.7676E+00 ( 81, 13)
n=  1702   udiff=  7.8498E+00 ( 80, 15)   vdiff=  4.7679E+00 ( 81, 13)
n=  1703   udiff=  7.8633E+00 ( 80, 15)   vdiff=  4.7680E+00 ( 81, 13)
n=  1704   udiff=  7.8765E+00 ( 80, 15)   vdiff=  4.7675E+00 ( 81, 13)
n=  1705   udiff=  7.8893E+00 ( 80, 15)   vdiff=  4.7665E+00 ( 81, 13)
n=  1706   udiff=  7.9017E+00 ( 80, 15)   vdiff=  4.7653E+00 ( 81, 13)
n=  1707   udiff=  7.9136E+00 ( 80, 15)   vdiff=  4.7638E+00 ( 81, 13)
n=  1708   udiff=  7.9251E+00 ( 80, 15)   vdiff=  4.7620E+00 ( 81, 13)
n=  1709   udiff=  7.9361E+00 ( 80, 15)   vdiff=  4.7599E+00 ( 81, 13)
n=  1710   udiff=  7.9468E+00 ( 80, 15)   vdiff=  4.7576E+00 ( 81, 13)
n=  1711   udiff=  7.9570E+00 ( 80, 15)   vdiff=  4.7600E+00 ( 77, 13)
n=  1712   udiff=  7.9668E+00 ( 80, 15)   vdiff=  4.7731E+00 ( 77, 13)
n=  1713   udiff=  7.9761E+00 ( 80, 15)   vdiff=  4.7856E+00 ( 77, 13)
n=  1714   udiff=  7.9850E+00 ( 80, 15)   vdiff=  4.7975E+00 ( 77, 13)
n=  1715   udiff=  7.9934E+00 ( 80, 15)   vdiff=  4.8089E+00 ( 77, 13)
n=  1716   udiff=  8.0015E+00 ( 80, 15)   vdiff=  4.8198E+00 ( 77, 13)
n=  1717   udiff=  8.0091E+00 ( 80, 15)   vdiff=  4.8303E+00 ( 77, 13)
n=  1718   udiff=  8.0162E+00 ( 80, 15)   vdiff=  4.8402E+00 ( 77, 13)
n=  1719   udiff=  8.0229E+00 ( 80, 15)   vdiff=  4.8496E+00 ( 77, 13)
n=  1720   udiff=  8.0292E+00 ( 80, 15)   vdiff=  4.8584E+00 ( 77, 13)
n=  1721   udiff=  8.0349E+00 ( 80, 15)   vdiff=  4.8668E+00 ( 77, 13)
n=  1722   udiff=  8.0403E+00 ( 80, 15)   vdiff=  4.8746E+00 ( 77, 13)
n=  1723   udiff=  8.0451E+00 ( 80, 15)   vdiff=  4.8819E+00 ( 77, 13)
n=  1724   udiff=  8.0496E+00 ( 80, 15)   vdiff=  4.8887E+00 ( 77, 13)
n=  1725   udiff=  8.0537E+00 ( 80, 15)   vdiff=  4.8950E+00 ( 77, 13)
n=  1726   udiff=  8.0573E+00 ( 80, 15)   vdiff=  4.9008E+00 ( 77, 13)
n=  1727   udiff=  8.0604E+00 ( 80, 15)   vdiff=  4.9060E+00 ( 77, 13)
n=  1728   udiff=  8.0631E+00 ( 80, 15)   vdiff=  4.9108E+00 ( 77, 13)
n=  1729   udiff=  8.0652E+00 ( 80, 15)   vdiff=  4.9150E+00 ( 77, 13)
n=  1730   udiff=  8.0668E+00 ( 80, 15)   vdiff=  4.9188E+00 ( 77, 13)
n=  1731   udiff=  8.0680E+00 ( 80, 15)   vdiff=  4.9221E+00 ( 77, 13)
n=  1732   udiff=  8.0686E+00 ( 80, 15)   vdiff=  4.9249E+00 ( 77, 13)
n=  1733   udiff=  8.0687E+00 ( 80, 15)   vdiff=  4.9272E+00 ( 77, 13)
n=  1734   udiff=  8.0683E+00 ( 80, 15)   vdiff=  4.9291E+00 ( 77, 13)
n=  1735   udiff=  8.0673E+00 ( 80, 15)   vdiff=  4.9305E+00 ( 77, 13)
n=  1736   udiff=  8.0659E+00 ( 80, 15)   vdiff=  4.9315E+00 ( 77, 13)
n=  1737   udiff=  8.0639E+00 ( 80, 15)   vdiff=  4.9319E+00 ( 77, 13)
n=  1738   udiff=  8.0614E+00 ( 80, 15)   vdiff=  4.9320E+00 ( 77, 13)
n=  1739   udiff=  8.0583E+00 ( 80, 15)   vdiff=  4.9316E+00 ( 77, 13)
n=  1740   udiff=  8.0548E+00 ( 80, 15)   vdiff=  4.9307E+00 ( 77, 13)
n=  1741   udiff=  8.0507E+00 ( 80, 15)   vdiff=  4.9294E+00 ( 77, 13)
n=  1742   udiff=  8.0460E+00 ( 80, 15)   vdiff=  4.9277E+00 ( 77, 13)
n=  1743   udiff=  8.0408E+00 ( 80, 15)   vdiff=  4.9256E+00 ( 77, 13)
n=  1744   udiff=  8.0351E+00 ( 80, 15)   vdiff=  4.9230E+00 ( 77, 13)
n=  1745   udiff=  8.0287E+00 ( 80, 15)   vdiff=  4.9201E+00 ( 77, 13)
n=  1746   udiff=  8.0219E+00 ( 80, 15)   vdiff=  4.9168E+00 ( 77, 13)
n=  1747   udiff=  8.0144E+00 ( 80, 15)   vdiff=  4.9132E+00 ( 77, 13)
n=  1748   udiff=  8.0064E+00 ( 80, 15)   vdiff=  4.9134E+00 ( 82, 13)
n=  1749   udiff=  7.9979E+00 ( 80, 15)   vdiff=  4.9182E+00 ( 82, 13)
n=  1750   udiff=  7.9888E+00 ( 80, 15)   vdiff=  4.9227E+00 ( 82, 13)
n=  1751   udiff=  7.9791E+00 ( 80, 15)   vdiff=  4.9271E+00 ( 82, 13)
n=  1752   udiff=  7.9881E+00 ( 81, 15)   vdiff=  4.9312E+00 ( 82, 13)
n=  1753   udiff=  8.0085E+00 ( 81, 15)   vdiff=  4.9350E+00 ( 82, 13)
n=  1754   udiff=  8.0285E+00 ( 81, 15)   vdiff=  4.9386E+00 ( 82, 13)
n=  1755   udiff=  8.0480E+00 ( 81, 15)   vdiff=  4.9420E+00 ( 82, 13)
n=  1756   udiff=  8.0671E+00 ( 81, 15)   vdiff=  4.9451E+00 ( 82, 13)
n=  1757   udiff=  8.0856E+00 ( 81, 15)   vdiff=  4.9480E+00 ( 82, 13)
n=  1758   udiff=  8.1038E+00 ( 81, 15)   vdiff=  4.9506E+00 ( 82, 13)
n=  1759   udiff=  8.1214E+00 ( 81, 15)   vdiff=  4.9530E+00 ( 82, 13)
n=  1760   udiff=  8.1386E+00 ( 81, 15)   vdiff=  4.9551E+00 ( 82, 13)
n=  1761   udiff=  8.1553E+00 ( 81, 15)   vdiff=  4.9569E+00 ( 82, 13)
n=  1762   udiff=  8.1715E+00 ( 81, 15)   vdiff=  4.9616E+00 ( 78, 13)
n=  1763   udiff=  8.1872E+00 ( 81, 15)   vdiff=  4.9821E+00 ( 78, 13)
n=  1764   udiff=  8.2025E+00 ( 81, 15)   vdiff=  5.0018E+00 ( 78, 13)
n=  1765   udiff=  8.2173E+00 ( 81, 15)   vdiff=  5.0209E+00 ( 78, 13)
n=  1766   udiff=  8.2316E+00 ( 81, 15)   vdiff=  5.0393E+00 ( 78, 13)
n=  1767   udiff=  8.2454E+00 ( 81, 15)   vdiff=  5.0569E+00 ( 78, 13)
n=  1768   udiff=  8.2588E+00 ( 81, 15)   vdiff=  5.0739E+00 ( 78, 13)
n=  1769   udiff=  8.2716E+00 ( 81, 15)   vdiff=  5.0901E+00 ( 78, 13)
n=  1770   udiff=  8.2840E+00 ( 81, 15)   vdiff=  5.1057E+00 ( 78, 13)
n=  1771   udiff=  8.2959E+00 ( 81, 15)   vdiff=  5.1205E+00 ( 78, 13)
n=  1772   udiff=  8.3072E+00 ( 81, 15)   vdiff=  5.1346E+00 ( 78, 13)
n=  1773   udiff=  8.3180E+00 ( 81, 15)   vdiff=  5.1480E+00 ( 78, 13)
n=  1774   udiff=  8.3284E+00 ( 81, 15)   vdiff=  5.1607E+00 ( 78, 13)
n=  1775   udiff=  8.3382E+00 ( 81, 15)   vdiff=  5.1726E+00 ( 78, 13)
n=  1776   udiff=  8.3475E+00 ( 81, 15)   vdiff=  5.1839E+00 ( 78, 13)
n=  1777   udiff=  8.3562E+00 ( 81, 15)   vdiff=  5.1944E+00 ( 78, 13)
n=  1778   udiff=  8.3644E+00 ( 81, 15)   vdiff=  5.2063E+00 ( 78, 13)
n=  1779   udiff=  8.3720E+00 ( 81, 15)   vdiff=  5.2177E+00 ( 78, 13)
n=  1780   udiff=  8.3790E+00 ( 81, 15)   vdiff=  5.2283E+00 ( 78, 13)
n=  1781   udiff=  8.3854E+00 ( 81, 15)   vdiff=  5.2382E+00 ( 78, 13)
n=  1782   udiff=  8.3913E+00 ( 81, 15)   vdiff=  5.2475E+00 ( 78, 13)
n=  1783   udiff=  8.3966E+00 ( 81, 15)   vdiff=  5.2559E+00 ( 78, 13)
n=  1784   udiff=  8.4014E+00 ( 81, 15)   vdiff=  5.2637E+00 ( 78, 13)
n=  1785   udiff=  8.4058E+00 ( 81, 15)   vdiff=  5.2709E+00 ( 78, 13)
n=  1786   udiff=  8.4096E+00 ( 81, 15)   vdiff=  5.2773E+00 ( 78, 13)
n=  1787   udiff=  8.4129E+00 ( 81, 15)   vdiff=  5.2831E+00 ( 78, 13)
n=  1788   udiff=  8.4156E+00 ( 81, 15)   vdiff=  5.2882E+00 ( 78, 13)
n=  1789   udiff=  8.4177E+00 ( 81, 15)   vdiff=  5.2925E+00 ( 78, 13)
n=  1790   udiff=  8.4193E+00 ( 81, 15)   vdiff=  5.2962E+00 ( 78, 13)
n=  1791   udiff=  8.4202E+00 ( 81, 15)   vdiff=  5.2992E+00 ( 78, 13)
n=  1792   udiff=  8.4206E+00 ( 81, 15)   vdiff=  5.3016E+00 ( 78, 13)
n=  1793   udiff=  8.4204E+00 ( 81, 15)   vdiff=  5.3032E+00 ( 78, 13)
n=  1794   udiff=  8.4195E+00 ( 81, 15)   vdiff=  5.3042E+00 ( 78, 13)
n=  1795   udiff=  8.4181E+00 ( 81, 15)   vdiff=  5.3046E+00 ( 78, 13)
n=  1796   udiff=  8.4161E+00 ( 81, 15)   vdiff=  5.3042E+00 ( 78, 13)
n=  1797   udiff=  8.4135E+00 ( 81, 15)   vdiff=  5.3033E+00 ( 78, 13)
n=  1798   udiff=  8.4103E+00 ( 81, 15)   vdiff=  5.3017E+00 ( 78, 13)
n=  1799   udiff=  8.4065E+00 ( 81, 15)   vdiff=  5.2994E+00 ( 78, 13)
n=  1800   udiff=  8.4021E+00 ( 81, 15)   vdiff=  5.2965E+00 ( 78, 13)
n=  1801   udiff=  8.3970E+00 ( 81, 15)   vdiff=  5.2931E+00 ( 78, 13)
n=  1802   udiff=  8.3913E+00 ( 81, 15)   vdiff=  5.2890E+00 ( 78, 13)
n=  1803   udiff=  8.3850E+00 ( 81, 15)   vdiff=  5.2843E+00 ( 78, 13)
n=  1804   udiff=  8.3780E+00 ( 81, 15)   vdiff=  5.2791E+00 ( 78, 13)
n=  1805   udiff=  8.3704E+00 ( 81, 15)   vdiff=  5.2732E+00 ( 78, 13)
n=  1806   udiff=  8.3621E+00 ( 81, 15)   vdiff=  5.2669E+00 ( 78, 13)
n=  1807   udiff=  8.3532E+00 ( 81, 15)   vdiff=  5.2630E+00 ( 79, 12)
n=  1808   udiff=  8.3437E+00 ( 81, 15)   vdiff=  5.2764E+00 ( 79, 12)
n=  1809   udiff=  8.3335E+00 ( 81, 15)   vdiff=  5.2884E+00 ( 79, 12)
n=  1810   udiff=  8.3227E+00 ( 81, 15)   vdiff=  5.2991E+00 ( 79, 12)
n=  1811   udiff=  8.3113E+00 ( 81, 15)   vdiff=  5.3083E+00 ( 79, 12)
n=  1812   udiff=  8.2992E+00 ( 81, 15)   vdiff=  5.3162E+00 ( 79, 12)
n=  1813   udiff=  8.3075E+00 ( 82, 15)   vdiff=  5.3227E+00 ( 79, 12)
n=  1814   udiff=  8.3285E+00 ( 82, 15)   vdiff=  5.3278E+00 ( 79, 12)
n=  1815   udiff=  8.3490E+00 ( 82, 15)   vdiff=  5.3315E+00 ( 79, 12)
n=  1816   udiff=  8.3689E+00 ( 82, 15)   vdiff=  5.3337E+00 ( 79, 12)
n=  1817   udiff=  8.3883E+00 ( 82, 15)   vdiff=  5.3344E+00 ( 79, 12)
n=  1818   udiff=  8.4072E+00 ( 82, 15)   vdiff=  5.3337E+00 ( 79, 12)
n=  1819   udiff=  8.4255E+00 ( 82, 15)   vdiff=  5.3315E+00 ( 79, 12)
n=  1820   udiff=  8.4432E+00 ( 82, 15)   vdiff=  5.3279E+00 ( 79, 12)
n=  1821   udiff=  8.4604E+00 ( 82, 15)   vdiff=  5.3227E+00 ( 79, 12)
n=  1822   udiff=  8.4770E+00 ( 82, 15)   vdiff=  5.3161E+00 ( 79, 12)
n=  1823   udiff=  8.4931E+00 ( 82, 15)   vdiff=  5.3385E+00 ( 79, 13)
n=  1824   udiff=  8.5086E+00 ( 82, 15)   vdiff=  5.3605E+00 ( 79, 13)
n=  1825   udiff=  8.5236E+00 ( 82, 15)   vdiff=  5.3816E+00 ( 79, 13)
n=  1826   udiff=  8.5380E+00 ( 82, 15)   vdiff=  5.4019E+00 ( 79, 13)
n=  1827   udiff=  8.5518E+00 ( 82, 15)   vdiff=  5.4213E+00 ( 79, 13)
n=  1828   udiff=  8.5650E+00 ( 82, 15)   vdiff=  5.4398E+00 ( 79, 13)
n=  1829   udiff=  8.5777E+00 ( 82, 15)   vdiff=  5.4574E+00 ( 79, 13)
n=  1830   udiff=  8.5898E+00 ( 82, 15)   vdiff=  5.4741E+00 ( 79, 13)
n=  1831   udiff=  8.6012E+00 ( 82, 15)   vdiff=  5.4900E+00 ( 79, 13)
n=  1832   udiff=  8.6121E+00 ( 82, 15)   vdiff=  5.5049E+00 ( 79, 13)
n=  1833   udiff=  8.6224E+00 ( 82, 15)   vdiff=  5.5189E+00 ( 79, 13)
n=  1834   udiff=  8.6321E+00 ( 82, 15)   vdiff=  5.5320E+00 ( 79, 13)
n=  1835   udiff=  8.6412E+00 ( 82, 15)   vdiff=  5.5443E+00 ( 79, 13)
n=  1836   udiff=  8.6497E+00 ( 82, 15)   vdiff=  5.5556E+00 ( 79, 13)
n=  1837   udiff=  8.6575E+00 ( 82, 15)   vdiff=  5.5660E+00 ( 79, 13)
n=  1838   udiff=  8.6648E+00 ( 82, 15)   vdiff=  5.5755E+00 ( 79, 13)
n=  1839   udiff=  8.6714E+00 ( 82, 15)   vdiff=  5.5840E+00 ( 79, 13)
n=  1840   udiff=  8.6774E+00 ( 82, 15)   vdiff=  5.5917E+00 ( 79, 13)
n=  1841   udiff=  8.6827E+00 ( 82, 15)   vdiff=  5.5985E+00 ( 79, 13)
n=  1842   udiff=  8.6874E+00 ( 82, 15)   vdiff=  5.6052E+00 ( 79, 13)
n=  1843   udiff=  8.6915E+00 ( 82, 15)   vdiff=  5.6126E+00 ( 79, 13)
n=  1844   udiff=  8.6950E+00 ( 82, 15)   vdiff=  5.6189E+00 ( 79, 13)
n=  1845   udiff=  8.6978E+00 ( 82, 15)   vdiff=  5.6243E+00 ( 79, 13)
n=  1846   udiff=  8.6999E+00 ( 82, 15)   vdiff=  5.6289E+00 ( 79, 13)
n=  1847   udiff=  8.7014E+00 ( 82, 15)   vdiff=  5.6326E+00 ( 79, 13)
n=  1848   udiff=  8.7023E+00 ( 82, 15)   vdiff=  5.6354E+00 ( 79, 13)
n=  1849   udiff=  8.7025E+00 ( 82, 15)   vdiff=  5.6374E+00 ( 79, 13)
n=  1850   udiff=  8.7020E+00 ( 82, 15)   vdiff=  5.6386E+00 ( 79, 13)
n=  1851   udiff=  8.7009E+00 ( 82, 15)   vdiff=  5.6389E+00 ( 79, 13)
n=  1852   udiff=  8.6991E+00 ( 82, 15)   vdiff=  5.6383E+00 ( 79, 13)
n=  1853   udiff=  8.6967E+00 ( 82, 15)   vdiff=  5.6369E+00 ( 79, 13)
n=  1854   udiff=  8.6936E+00 ( 82, 15)   vdiff=  5.6346E+00 ( 79, 13)
n=  1855   udiff=  8.6899E+00 ( 82, 15)   vdiff=  5.6315E+00 ( 79, 13)
n=  1856   udiff=  8.6854E+00 ( 82, 15)   vdiff=  5.6277E+00 ( 79, 13)
n=  1857   udiff=  8.6803E+00 ( 82, 15)   vdiff=  5.6230E+00 ( 79, 13)
n=  1858   udiff=  8.6745E+00 ( 82, 15)   vdiff=  5.6277E+00 ( 80, 12)
n=  1859   udiff=  8.6679E+00 ( 82, 15)   vdiff=  5.6549E+00 ( 80, 12)
n=  1860   udiff=  8.6607E+00 ( 82, 15)   vdiff=  5.6806E+00 ( 80, 12)
n=  1861   udiff=  8.6527E+00 ( 82, 15)   vdiff=  5.7048E+00 ( 80, 12)
n=  1862   udiff=  8.6441E+00 ( 82, 15)   vdiff=  5.7275E+00 ( 80, 12)
n=  1863   udiff=  8.6347E+00 ( 82, 15)   vdiff=  5.7487E+00 ( 80, 12)
n=  1864   udiff=  8.6247E+00 ( 82, 15)   vdiff=  5.7683E+00 ( 80, 12)
n=  1865   udiff=  8.6139E+00 ( 82, 15)   vdiff=  5.7862E+00 ( 80, 12)
n=  1866   udiff=  8.6025E+00 ( 82, 15)   vdiff=  5.8026E+00 ( 80, 12)
n=  1867   udiff=  8.5903E+00 ( 82, 15)   vdiff=  5.8174E+00 ( 80, 12)
n=  1868   udiff=  8.5774E+00 ( 82, 15)   vdiff=  5.8305E+00 ( 80, 12)
n=  1869   udiff=  8.5639E+00 ( 82, 15)   vdiff=  5.8419E+00 ( 80, 12)
n=  1870   udiff=  8.5496E+00 ( 82, 15)   vdiff=  5.8516E+00 ( 80, 12)
n=  1871   udiff=  8.5490E+00 ( 83, 15)   vdiff=  5.8597E+00 ( 80, 12)
n=  1872   udiff=  8.5701E+00 ( 83, 15)   vdiff=  5.8660E+00 ( 80, 12)
n=  1873   udiff=  8.5907E+00 ( 83, 15)   vdiff=  5.8706E+00 ( 80, 12)
n=  1874   udiff=  8.6106E+00 ( 83, 15)   vdiff=  5.8735E+00 ( 80, 12)
n=  1875   udiff=  8.6300E+00 ( 83, 15)   vdiff=  5.8746E+00 ( 80, 12)
n=  1876   udiff=  8.6487E+00 ( 83, 15)   vdiff=  5.8740E+00 ( 80, 12)
n=  1877   udiff=  8.6668E+00 ( 83, 15)   vdiff=  5.8716E+00 ( 80, 12)
n=  1878   udiff=  8.6843E+00 ( 83, 15)   vdiff=  5.8674E+00 ( 80, 12)
n=  1879   udiff=  8.7011E+00 ( 83, 15)   vdiff=  5.8615E+00 ( 80, 12)
n=  1880   udiff=  8.7174E+00 ( 83, 15)   vdiff=  5.8537E+00 ( 80, 12)
n=  1881   udiff=  8.7330E+00 ( 83, 15)   vdiff=  5.8441E+00 ( 80, 12)
n=  1882   udiff=  8.7479E+00 ( 83, 15)   vdiff=  5.8326E+00 ( 80, 12)
n=  1883   udiff=  8.7623E+00 ( 83, 15)   vdiff=  5.8194E+00 ( 80, 12)
n=  1884   udiff=  8.7760E+00 ( 83, 15)   vdiff=  5.8043E+00 ( 80, 12)
n=  1885   udiff=  8.7890E+00 ( 83, 15)   vdiff=  5.7874E+00 ( 80, 12)
n=  1886   udiff=  8.8014E+00 ( 83, 15)   vdiff=  5.7686E+00 ( 80, 12)
n=  1887   udiff=  8.8132E+00 ( 83, 15)   vdiff=  5.7490E+00 ( 80, 13)
n=  1888   udiff=  8.8243E+00 ( 83, 15)   vdiff=  5.7655E+00 ( 80, 13)
n=  1889   udiff=  8.8347E+00 ( 83, 15)   vdiff=  5.7810E+00 ( 80, 13)
n=  1890   udiff=  8.8444E+00 ( 83, 15)   vdiff=  5.7954E+00 ( 80, 13)
n=  1891   udiff=  8.8535E+00 ( 83, 15)   vdiff=  5.8088E+00 ( 80, 13)
n=  1892   udiff=  8.8619E+00 ( 83, 15)   vdiff=  5.8211E+00 ( 80, 13)
n=  1893   udiff=  8.8697E+00 ( 83, 15)   vdiff=  5.8323E+00 ( 80, 13)
n=  1894   udiff=  8.8767E+00 ( 83, 15)   vdiff=  5.8424E+00 ( 80, 13)
n=  1895   udiff=  8.8831E+00 ( 83, 15)   vdiff=  5.8514E+00 ( 80, 13)
n=  1896   udiff=  8.8888E+00 ( 83, 15)   vdiff=  5.8594E+00 ( 80, 13)
n=  1897   udiff=  8.8938E+00 ( 83, 15)   vdiff=  5.8663E+00 ( 80, 13)
n=  1898   udiff=  8.8981E+00 ( 83, 15)   vdiff=  5.8721E+00 ( 80, 13)
n=  1899   udiff=  8.9018E+00 ( 83, 15)   vdiff=  5.8769E+00 ( 80, 13)
n=  1900   udiff=  8.9049E+00 ( 83, 15)   vdiff=  5.8807E+00 ( 80, 13)
n=  1901   udiff=  8.9073E+00 ( 83, 15)   vdiff=  5.8834E+00 ( 80, 13)
n=  1902   udiff=  8.9090E+00 ( 83, 15)   vdiff=  5.8850E+00 ( 80, 13)
n=  1903   udiff=  8.9099E+00 ( 83, 15)   vdiff=  5.8874E+00 ( 80, 13)
n=  1904   udiff=  8.9100E+00 ( 83, 15)   vdiff=  5.8892E+00 ( 80, 13)
n=  1905   udiff=  8.9094E+00 ( 83, 15)   vdiff=  5.8900E+00 ( 80, 13)
n=  1906   udiff=  8.9081E+00 ( 83, 15)   vdiff=  5.8897E+00 ( 80, 13)
n=  1907   udiff=  8.9061E+00 ( 83, 15)   vdiff=  5.8884E+00 ( 80, 13)
n=  1908   udiff=  8.9033E+00 ( 83, 15)   vdiff=  5.8862E+00 ( 80, 13)
n=  1909   udiff=  8.8998E+00 ( 83, 15)   vdiff=  5.8829E+00 ( 80, 13)
n=  1910   udiff=  8.8957E+00 ( 83, 15)   vdiff=  5.8787E+00 ( 80, 13)
n=  1911   udiff=  8.8907E+00 ( 83, 15)   vdiff=  5.8885E+00 ( 81, 12)
n=  1912   udiff=  8.8851E+00 ( 83, 15)   vdiff=  5.9234E+00 ( 81, 12)
n=  1913   udiff=  8.8787E+00 ( 83, 15)   vdiff=  5.9567E+00 ( 81, 12)
n=  1914   udiff=  8.8715E+00 ( 83, 15)   vdiff=  5.9883E+00 ( 81, 12)
n=  1915   udiff=  8.8636E+00 ( 83, 15)   vdiff=  6.0183E+00 ( 81, 12)
n=  1916   udiff=  8.8550E+00 ( 83, 15)   vdiff=  6.0466E+00 ( 81, 12)
n=  1917   udiff=  8.8455E+00 ( 83, 15)   vdiff=  6.0732E+00 ( 81, 12)
n=  1918   udiff=  8.8354E+00 ( 83, 15)   vdiff=  6.0980E+00 ( 81, 12)
n=  1919   udiff=  8.8245E+00 ( 83, 15)   vdiff=  6.1211E+00 ( 81, 12)
n=  1920   udiff=  8.8128E+00 ( 83, 15)   vdiff=  6.1423E+00 ( 81, 12)
n=  1921   udiff=  8.8004E+00 ( 83, 15)   vdiff=  6.1618E+00 ( 81, 12)
n=  1922   udiff=  8.7872E+00 ( 83, 15)   vdiff=  6.1794E+00 ( 81, 12)
n=  1923   udiff=  8.7733E+00 ( 83, 15)   vdiff=  6.1952E+00 ( 81, 12)
n=  1924   udiff=  8.7587E+00 ( 83, 15)   vdiff=  6.2091E+00 ( 81, 12)
n=  1925   udiff=  8.7433E+00 ( 83, 15)   vdiff=  6.2212E+00 ( 81, 12)
n=  1926   udiff=  8.7271E+00 ( 83, 15)   vdiff=  6.2313E+00 ( 81, 12)
n=  1927   udiff=  8.7235E+00 ( 84, 15)   vdiff=  6.2394E+00 ( 81, 12)
n=  1928   udiff=  8.7444E+00 ( 84, 15)   vdiff=  6.2457E+00 ( 81, 12)
n=  1929   udiff=  8.7647E+00 ( 84, 15)   vdiff=  6.2499E+00 ( 81, 12)
n=  1930   udiff=  8.7843E+00 ( 84, 15)   vdiff=  6.2522E+00 ( 81, 12)
n=  1931   udiff=  8.8032E+00 ( 84, 15)   vdiff=  6.2525E+00 ( 81, 12)
n=  1932   udiff=  8.8215E+00 ( 84, 15)   vdiff=  6.2508E+00 ( 81, 12)
n=  1933   udiff=  8.8391E+00 ( 84, 15)   vdiff=  6.2470E+00 ( 81, 12)
n=  1934   udiff=  8.8560E+00 ( 84, 15)   vdiff=  6.2412E+00 ( 81, 12)
n=  1935   udiff=  8.8722E+00 ( 84, 15)   vdiff=  6.2334E+00 ( 81, 12)
n=  1936   udiff=  8.8878E+00 ( 84, 15)   vdiff=  6.2236E+00 ( 81, 12)
n=  1937   udiff=  8.9027E+00 ( 84, 15)   vdiff=  6.2117E+00 ( 81, 12)
n=  1938   udiff=  8.9169E+00 ( 84, 15)   vdiff=  6.1977E+00 ( 81, 12)
n=  1939   udiff=  8.9305E+00 ( 84, 15)   vdiff=  6.1817E+00 ( 81, 12)
n=  1940   udiff=  8.9433E+00 ( 84, 15)   vdiff=  6.1636E+00 ( 81, 12)
n=  1941   udiff=  8.9554E+00 ( 84, 15)   vdiff=  6.1434E+00 ( 81, 12)
n=  1942   udiff=  8.9668E+00 ( 84, 15)   vdiff=  6.1212E+00 ( 81, 12)
n=  1943   udiff=  8.9775E+00 ( 84, 15)   vdiff=  6.0968E+00 ( 81, 12)
n=  1944   udiff=  8.9876E+00 ( 84, 15)   vdiff=  6.0704E+00 ( 81, 12)
n=  1945   udiff=  8.9969E+00 ( 84, 15)   vdiff=  6.0419E+00 ( 81, 12)
n=  1946   udiff=  9.0054E+00 ( 84, 15)   vdiff=  6.0112E+00 ( 81, 12)
n=  1947   udiff=  9.0133E+00 ( 84, 15)   vdiff=  5.9901E+00 ( 81, 13)
n=  1948   udiff=  9.0205E+00 ( 84, 15)   vdiff=  6.0013E+00 ( 81, 13)
n=  1949   udiff=  9.0269E+00 ( 84, 15)   vdiff=  6.0112E+00 ( 81, 13)
n=  1950   udiff=  9.0326E+00 ( 84, 15)   vdiff=  6.0200E+00 ( 81, 13)
n=  1951   udiff=  9.0375E+00 ( 84, 15)   vdiff=  6.0275E+00 ( 81, 13)
n=  1952   udiff=  9.0417E+00 ( 84, 15)   vdiff=  6.0339E+00 ( 81, 13)
n=  1953   udiff=  9.0454E+00 ( 84, 15)   vdiff=  6.0391E+00 ( 81, 13)
n=  1954   udiff=  9.0483E+00 ( 84, 15)   vdiff=  6.0431E+00 ( 81, 13)
n=  1955   udiff=  9.0504E+00 ( 84, 15)   vdiff=  6.0460E+00 ( 81, 13)
n=  1956   udiff=  9.0519E+00 ( 84, 15)   vdiff=  6.0477E+00 ( 81, 13)
n=  1957   udiff=  9.0525E+00 ( 84, 15)   vdiff=  6.0482E+00 ( 81, 13)
n=  1958   udiff=  9.0525E+00 ( 84, 15)   vdiff=  6.0476E+00 ( 81, 13)
n=  1959   udiff=  9.0517E+00 ( 84, 15)   vdiff=  6.0459E+00 ( 81, 13)
n=  1960   udiff=  9.0502E+00 ( 84, 15)   vdiff=  6.0430E+00 ( 81, 13)
n=  1961   udiff=  9.0478E+00 ( 84, 15)   vdiff=  6.0409E+00 ( 81, 13)
n=  1962   udiff=  9.0446E+00 ( 84, 15)   vdiff=  6.0380E+00 ( 81, 13)
n=  1963   udiff=  9.0406E+00 ( 84, 15)   vdiff=  6.0340E+00 ( 81, 13)
n=  1964   udiff=  9.0359E+00 ( 84, 15)   vdiff=  6.0389E+00 ( 82, 12)
n=  1965   udiff=  9.0304E+00 ( 84, 15)   vdiff=  6.0779E+00 ( 82, 12)
n=  1966   udiff=  9.0242E+00 ( 84, 15)   vdiff=  6.1152E+00 ( 82, 12)
n=  1967   udiff=  9.0171E+00 ( 84, 15)   vdiff=  6.1507E+00 ( 82, 12)
n=  1968   udiff=  9.0093E+00 ( 84, 15)   vdiff=  6.1844E+00 ( 82, 12)
n=  1969   udiff=  9.0007E+00 ( 84, 15)   vdiff=  6.2164E+00 ( 82, 12)
n=  1970   udiff=  8.9913E+00 ( 84, 15)   vdiff=  6.2465E+00 ( 82, 12)
n=  1971   udiff=  8.9811E+00 ( 84, 15)   vdiff=  6.2748E+00 ( 82, 12)
n=  1972   udiff=  8.9702E+00 ( 84, 15)   vdiff=  6.3012E+00 ( 82, 12)
n=  1973   udiff=  8.9585E+00 ( 84, 15)   vdiff=  6.3257E+00 ( 82, 12)
n=  1974   udiff=  8.9459E+00 ( 84, 15)   vdiff=  6.3482E+00 ( 82, 12)
n=  1975   udiff=  8.9326E+00 ( 84, 15)   vdiff=  6.3688E+00 ( 82, 12)
n=  1976   udiff=  8.9186E+00 ( 84, 15)   vdiff=  6.3874E+00 ( 82, 12)
n=  1977   udiff=  8.9037E+00 ( 84, 15)   vdiff=  6.4040E+00 ( 82, 12)
n=  1978   udiff=  8.8880E+00 ( 84, 15)   vdiff=  6.4186E+00 ( 82, 12)
n=  1979   udiff=  8.8716E+00 ( 84, 15)   vdiff=  6.4311E+00 ( 82, 12)
n=  1980   udiff=  8.8544E+00 ( 84, 15)   vdiff=  6.4416E+00 ( 82, 12)
n=  1981   udiff=  8.8369E+00 ( 85, 15)   vdiff=  6.4500E+00 ( 82, 12)
n=  1982   udiff=  8.8578E+00 ( 85, 15)   vdiff=  6.4563E+00 ( 82, 12)
n=  1983   udiff=  8.8779E+00 ( 85, 15)   vdiff=  6.4605E+00 ( 82, 12)
n=  1984   udiff=  8.8974E+00 ( 85, 15)   vdiff=  6.4625E+00 ( 82, 12)
n=  1985   udiff=  8.9162E+00 ( 85, 15)   vdiff=  6.4624E+00 ( 82, 12)
n=  1986   udiff=  8.9342E+00 ( 85, 15)   vdiff=  6.4602E+00 ( 82, 12)
n=  1987   udiff=  8.9516E+00 ( 85, 15)   vdiff=  6.4558E+00 ( 82, 12)
n=  1988   udiff=  8.9683E+00 ( 85, 15)   vdiff=  6.4492E+00 ( 82, 12)
n=  1989   udiff=  8.9842E+00 ( 85, 15)   vdiff=  6.4404E+00 ( 82, 12)
n=  1990   udiff=  8.9995E+00 ( 85, 15)   vdiff=  6.4295E+00 ( 82, 12)
n=  1991   udiff=  9.0140E+00 ( 85, 15)   vdiff=  6.4163E+00 ( 82, 12)
n=  1992   udiff=  9.0279E+00 ( 85, 15)   vdiff=  6.4010E+00 ( 82, 12)
n=  1993   udiff=  9.0410E+00 ( 85, 15)   vdiff=  6.3835E+00 ( 82, 12)
n=  1994   udiff=  9.0533E+00 ( 85, 15)   vdiff=  6.3638E+00 ( 82, 12)
n=  1995   udiff=  9.0650E+00 ( 85, 15)   vdiff=  6.3418E+00 ( 82, 12)
n=  1996   udiff=  9.0759E+00 ( 85, 15)   vdiff=  6.3176E+00 ( 82, 12)
n=  1997   udiff=  9.0861E+00 ( 85, 15)   vdiff=  6.2911E+00 ( 82, 12)
n=  1998   udiff=  9.0955E+00 ( 85, 15)   vdiff=  6.2625E+00 ( 82, 12)
n=  1999   udiff=  9.1042E+00 ( 85, 15)   vdiff=  6.2317E+00 ( 82, 12)
n=  2000   udiff=  9.1122E+00 ( 85, 15)   vdiff=  6.1986E+00 ( 82, 12)
n=  2001   udiff=  9.1194E+00 ( 85, 15)   vdiff=  6.1634E+00 ( 82, 12)
n=  2002   udiff=  9.1258E+00 ( 85, 15)   vdiff=  6.1260E+00 ( 82, 12)
n=  2003   udiff=  9.1315E+00 ( 85, 15)   vdiff=  6.0911E+00 ( 82, 13)
n=  2004   udiff=  9.1364E+00 ( 85, 15)   vdiff=  6.0996E+00 ( 82, 13)
n=  2005   udiff=  9.1406E+00 ( 85, 15)   vdiff=  6.1068E+00 ( 82, 13)
n=  2006   udiff=  9.1442E+00 ( 85, 15)   vdiff=  6.1129E+00 ( 82, 13)
n=  2007   udiff=  9.1470E+00 ( 85, 15)   vdiff=  6.1177E+00 ( 82, 13)
n=  2008   udiff=  9.1490E+00 ( 85, 15)   vdiff=  6.1213E+00 ( 82, 13)
n=  2009   udiff=  9.1503E+00 ( 85, 15)   vdiff=  6.1237E+00 ( 82, 13)
n=  2010   udiff=  9.1508E+00 ( 85, 15)   vdiff=  6.1248E+00 ( 82, 13)
n=  2011   udiff=  9.1506E+00 ( 85, 15)   vdiff=  6.1248E+00 ( 82, 13)
n=  2012   udiff=  9.1495E+00 ( 85, 15)   vdiff=  6.1235E+00 ( 82, 13)
n=  2013   udiff=  9.1477E+00 ( 85, 15)   vdiff=  6.1211E+00 ( 82, 13)
n=  2014   udiff=  9.1451E+00 ( 85, 15)   vdiff=  6.1175E+00 ( 82, 13)
n=  2015   udiff=  9.1418E+00 ( 85, 15)   vdiff=  6.1128E+00 ( 82, 13)
n=  2016   udiff=  9.1376E+00 ( 85, 15)   vdiff=  6.1071E+00 ( 82, 13)
n=  2017   udiff=  9.1326E+00 ( 85, 15)   vdiff=  6.1023E+00 ( 82, 13)
n=  2018   udiff=  9.1267E+00 ( 85, 15)   vdiff=  6.1415E+00 ( 83, 12)
n=  2019   udiff=  9.1200E+00 ( 85, 15)   vdiff=  6.1801E+00 ( 83, 12)
n=  2020   udiff=  9.1126E+00 ( 85, 15)   vdiff=  6.2169E+00 ( 83, 12)
n=  2021   udiff=  9.1043E+00 ( 85, 15)   vdiff=  6.2519E+00 ( 83, 12)
n=  2022   udiff=  9.0952E+00 ( 85, 15)   vdiff=  6.2850E+00 ( 83, 12)
n=  2023   udiff=  9.0853E+00 ( 85, 15)   vdiff=  6.3162E+00 ( 83, 12)
n=  2024   udiff=  9.0746E+00 ( 85, 15)   vdiff=  6.3454E+00 ( 83, 12)
n=  2025   udiff=  9.0631E+00 ( 85, 15)   vdiff=  6.3728E+00 ( 83, 12)
n=  2026   udiff=  9.0508E+00 ( 85, 15)   vdiff=  6.3981E+00 ( 83, 12)
n=  2027   udiff=  9.0376E+00 ( 85, 15)   vdiff=  6.4215E+00 ( 83, 12)
n=  2028   udiff=  9.0237E+00 ( 85, 15)   vdiff=  6.4428E+00 ( 83, 12)
n=  2029   udiff=  9.0090E+00 ( 85, 15)   vdiff=  6.4621E+00 ( 83, 12)
n=  2030   udiff=  8.9934E+00 ( 85, 15)   vdiff=  6.4793E+00 ( 83, 12)
n=  2031   udiff=  8.9771E+00 ( 85, 15)   vdiff=  6.4944E+00 ( 83, 12)
n=  2032   udiff=  8.9599E+00 ( 85, 15)   vdiff=  6.5075E+00 ( 83, 12)
n=  2033   udiff=  8.9420E+00 ( 85, 15)   vdiff=  6.5184E+00 ( 83, 12)
n=  2034   udiff=  8.9256E+00 ( 86, 15)   vdiff=  6.5271E+00 ( 83, 12)
n=  2035   udiff=  8.9464E+00 ( 86, 15)   vdiff=  6.5337E+00 ( 83, 12)
n=  2036   udiff=  8.9664E+00 ( 86, 15)   vdiff=  6.5382E+00 ( 83, 12)
n=  2037   udiff=  8.9857E+00 ( 86, 15)   vdiff=  6.5404E+00 ( 83, 12)
n=  2038   udiff=  9.0043E+00 ( 86, 15)   vdiff=  6.5405E+00 ( 83, 12)
n=  2039   udiff=  9.0222E+00 ( 86, 15)   vdiff=  6.5383E+00 ( 83, 12)
n=  2040   udiff=  9.0393E+00 ( 86, 15)   vdiff=  6.5340E+00 ( 83, 12)
n=  2041   udiff=  9.0558E+00 ( 86, 15)   vdiff=  6.5274E+00 ( 83, 12)
n=  2042   udiff=  9.0715E+00 ( 86, 15)   vdiff=  6.5185E+00 ( 83, 12)
n=  2043   udiff=  9.0865E+00 ( 86, 15)   vdiff=  6.5075E+00 ( 83, 12)
n=  2044   udiff=  9.1007E+00 ( 86, 15)   vdiff=  6.4941E+00 ( 83, 12)
n=  2045   udiff=  9.1142E+00 ( 86, 15)   vdiff=  6.4785E+00 ( 83, 12)
n=  2046   udiff=  9.1270E+00 ( 86, 15)   vdiff=  6.4606E+00 ( 83, 12)
n=  2047   udiff=  9.1390E+00 ( 86, 15)   vdiff=  6.4404E+00 ( 83, 12)
n=  2048   udiff=  9.1503E+00 ( 86, 15)   vdiff=  6.4180E+00 ( 83, 12)
n=  2049   udiff=  9.1608E+00 ( 86, 15)   vdiff=  6.3933E+00 ( 83, 12)
n=  2050   udiff=  9.1705E+00 ( 86, 15)   vdiff=  6.3664E+00 ( 83, 12)
n=  2051   udiff=  9.1795E+00 ( 86, 15)   vdiff=  6.3372E+00 ( 83, 12)
n=  2052   udiff=  9.1877E+00 ( 86, 15)   vdiff=  6.3058E+00 ( 83, 12)
n=  2053   udiff=  9.1952E+00 ( 86, 15)   vdiff=  6.2722E+00 ( 83, 12)
n=  2054   udiff=  9.2018E+00 ( 86, 15)   vdiff=  6.2363E+00 ( 83, 12)
n=  2055   udiff=  9.2077E+00 ( 86, 15)   vdiff=  6.1983E+00 ( 83, 12)
n=  2056   udiff=  9.2129E+00 ( 86, 15)   vdiff=  6.1580E+00 ( 83, 12)
n=  2057   udiff=  9.2174E+00 ( 86, 15)   vdiff=  6.1299E+00 ( 83, 13)
n=  2058   udiff=  9.2211E+00 ( 86, 15)   vdiff=  6.1379E+00 ( 83, 13)
n=  2059   udiff=  9.2240E+00 ( 86, 15)   vdiff=  6.1447E+00 ( 83, 13)
n=  2060   udiff=  9.2262E+00 ( 86, 15)   vdiff=  6.1502E+00 ( 83, 13)
n=  2061   udiff=  9.2276E+00 ( 86, 15)   vdiff=  6.1545E+00 ( 83, 13)
n=  2062   udiff=  9.2282E+00 ( 86, 15)   vdiff=  6.1575E+00 ( 83, 13)
n=  2063   udiff=  9.2280E+00 ( 86, 15)   vdiff=  6.1593E+00 ( 83, 13)
n=  2064   udiff=  9.2270E+00 ( 86, 15)   vdiff=  6.1599E+00 ( 83, 13)
n=  2065   udiff=  9.2252E+00 ( 86, 15)   vdiff=  6.1593E+00 ( 83, 13)
n=  2066   udiff=  9.2225E+00 ( 86, 15)   vdiff=  6.1576E+00 ( 83, 13)
n=  2067   udiff=  9.2191E+00 ( 86, 15)   vdiff=  6.1545E+00 ( 83, 13)
n=  2068   udiff=  9.2150E+00 ( 86, 15)   vdiff=  6.1502E+00 ( 83, 13)
n=  2069   udiff=  9.2100E+00 ( 86, 15)   vdiff=  6.1448E+00 ( 83, 13)
n=  2070   udiff=  9.2041E+00 ( 86, 15)   vdiff=  6.1386E+00 ( 83, 13)
n=  2071   udiff=  9.1973E+00 ( 86, 15)   vdiff=  6.1630E+00 ( 84, 12)
n=  2072   udiff=  9.1897E+00 ( 86, 15)   vdiff=  6.2017E+00 ( 84, 12)
n=  2073   udiff=  9.1812E+00 ( 86, 15)   vdiff=  6.2386E+00 ( 84, 12)
n=  2074   udiff=  9.1719E+00 ( 86, 15)   vdiff=  6.2737E+00 ( 84, 12)
n=  2075   udiff=  9.1618E+00 ( 86, 15)   vdiff=  6.3068E+00 ( 84, 12)
n=  2076   udiff=  9.1508E+00 ( 86, 15)   vdiff=  6.3380E+00 ( 84, 12)
n=  2077   udiff=  9.1390E+00 ( 86, 15)   vdiff=  6.3673E+00 ( 84, 12)
n=  2078   udiff=  9.1263E+00 ( 86, 15)   vdiff=  6.3946E+00 ( 84, 12)
n=  2079   udiff=  9.1129E+00 ( 86, 15)   vdiff=  6.4198E+00 ( 84, 12)
n=  2080   udiff=  9.0986E+00 ( 86, 15)   vdiff=  6.4431E+00 ( 84, 12)
n=  2081   udiff=  9.0834E+00 ( 86, 15)   vdiff=  6.4643E+00 ( 84, 12)
n=  2082   udiff=  9.0675E+00 ( 86, 15)   vdiff=  6.4834E+00 ( 84, 12)
n=  2083   udiff=  9.0507E+00 ( 86, 15)   vdiff=  6.5004E+00 ( 84, 12)
n=  2084   udiff=  9.0331E+00 ( 86, 15)   vdiff=  6.5153E+00 ( 84, 12)
n=  2085   udiff=  9.0146E+00 ( 86, 15)   vdiff=  6.5280E+00 ( 84, 12)
n=  2086   udiff=  9.0088E+00 ( 87, 15)   vdiff=  6.5386E+00 ( 84, 12)
n=  2087   udiff=  9.0296E+00 ( 87, 15)   vdiff=  6.5471E+00 ( 84, 12)
n=  2088   udiff=  9.0497E+00 ( 87, 15)   vdiff=  6.5533E+00 ( 84, 12)
n=  2089   udiff=  9.0690E+00 ( 87, 15)   vdiff=  6.5573E+00 ( 84, 12)
n=  2090   udiff=  9.0876E+00 ( 87, 15)   vdiff=  6.5591E+00 ( 84, 12)
n=  2091   udiff=  9.1055E+00 ( 87, 15)   vdiff=  6.5587E+00 ( 84, 12)
n=  2092   udiff=  9.1226E+00 ( 87, 15)   vdiff=  6.5560E+00 ( 84, 12)
n=  2093   udiff=  9.1390E+00 ( 87, 15)   vdiff=  6.5511E+00 ( 84, 12)
n=  2094   udiff=  9.1547E+00 ( 87, 15)   vdiff=  6.5438E+00 ( 84, 12)
n=  2095   udiff=  9.1696E+00 ( 87, 15)   vdiff=  6.5342E+00 ( 84, 12)
n=  2096   udiff=  9.1837E+00 ( 87, 15)   vdiff=  6.5224E+00 ( 84, 12)
n=  2097   udiff=  9.1971E+00 ( 87, 15)   vdiff=  6.5082E+00 ( 84, 12)
n=  2098   udiff=  9.2098E+00 ( 87, 15)   vdiff=  6.4918E+00 ( 84, 12)
n=  2099   udiff=  9.2216E+00 ( 87, 15)   vdiff=  6.4731E+00 ( 84, 12)
n=  2100   udiff=  9.2327E+00 ( 87, 15)   vdiff=  6.4521E+00 ( 84, 12)
n=  2101   udiff=  9.2430E+00 ( 87, 15)   vdiff=  6.4288E+00 ( 84, 12)
n=  2102   udiff=  9.2525E+00 ( 87, 15)   vdiff=  6.4032E+00 ( 84, 12)
n=  2103   udiff=  9.2612E+00 ( 87, 15)   vdiff=  6.3754E+00 ( 84, 12)
n=  2104   udiff=  9.2691E+00 ( 87, 15)   vdiff=  6.3453E+00 ( 84, 12)
n=  2105   udiff=  9.2762E+00 ( 87, 15)   vdiff=  6.3129E+00 ( 84, 12)
n=  2106   udiff=  9.2826E+00 ( 87, 15)   vdiff=  6.2782E+00 ( 84, 12)
n=  2107   udiff=  9.2883E+00 ( 87, 15)   vdiff=  6.2413E+00 ( 84, 12)
n=  2108   udiff=  9.2932E+00 ( 87, 15)   vdiff=  6.2021E+00 ( 84, 12)
n=  2109   udiff=  9.2972E+00 ( 87, 15)   vdiff=  6.1608E+00 ( 84, 12)
n=  2110   udiff=  9.3006E+00 ( 87, 15)   vdiff=  6.1678E+00 ( 84, 13)
n=  2111   udiff=  9.3030E+00 ( 87, 15)   vdiff=  6.1762E+00 ( 84, 13)
n=  2112   udiff=  9.3047E+00 ( 87, 15)   vdiff=  6.1834E+00 ( 84, 13)
n=  2113   udiff=  9.3056E+00 ( 87, 15)   vdiff=  6.1893E+00 ( 84, 13)
n=  2114   udiff=  9.3056E+00 ( 87, 15)   vdiff=  6.1938E+00 ( 84, 13)
n=  2115   udiff=  9.3048E+00 ( 87, 15)   vdiff=  6.1970E+00 ( 84, 13)
n=  2116   udiff=  9.3032E+00 ( 87, 15)   vdiff=  6.1990E+00 ( 84, 13)
n=  2117   udiff=  9.3008E+00 ( 87, 15)   vdiff=  6.1998E+00 ( 84, 13)
n=  2118   udiff=  9.2975E+00 ( 87, 15)   vdiff=  6.1994E+00 ( 84, 13)
n=  2119   udiff=  9.2934E+00 ( 87, 15)   vdiff=  6.1979E+00 ( 84, 13)
n=  2120   udiff=  9.2884E+00 ( 87, 15)   vdiff=  6.1951E+00 ( 84, 13)
n=  2121   udiff=  9.2825E+00 ( 87, 15)   vdiff=  6.1912E+00 ( 84, 13)
n=  2122   udiff=  9.2758E+00 ( 87, 15)   vdiff=  6.1864E+00 ( 84, 13)
n=  2123   udiff=  9.2681E+00 ( 87, 15)   vdiff=  6.1823E+00 ( 84, 13)
n=  2124   udiff=  9.2595E+00 ( 87, 15)   vdiff=  6.2103E+00 ( 85, 12)
n=  2125   udiff=  9.2501E+00 ( 87, 15)   vdiff=  6.2485E+00 ( 85, 12)
n=  2126   udiff=  9.2398E+00 ( 87, 15)   vdiff=  6.2849E+00 ( 85, 12)
n=  2127   udiff=  9.2286E+00 ( 87, 15)   vdiff=  6.3193E+00 ( 85, 12)
n=  2128   udiff=  9.2166E+00 ( 87, 15)   vdiff=  6.3518E+00 ( 85, 12)
n=  2129   udiff=  9.2036E+00 ( 87, 15)   vdiff=  6.3822E+00 ( 85, 12)
n=  2130   udiff=  9.1899E+00 ( 87, 15)   vdiff=  6.4107E+00 ( 85, 12)
n=  2131   udiff=  9.1752E+00 ( 87, 15)   vdiff=  6.4371E+00 ( 85, 12)
n=  2132   udiff=  9.1597E+00 ( 87, 15)   vdiff=  6.4614E+00 ( 85, 12)
n=  2133   udiff=  9.1433E+00 ( 87, 15)   vdiff=  6.4836E+00 ( 85, 12)
n=  2134   udiff=  9.1261E+00 ( 87, 15)   vdiff=  6.5037E+00 ( 85, 12)
n=  2135   udiff=  9.1080E+00 ( 87, 15)   vdiff=  6.5217E+00 ( 85, 12)
n=  2136   udiff=  9.0890E+00 ( 87, 15)   vdiff=  6.5375E+00 ( 85, 12)
n=  2137   udiff=  9.1039E+00 ( 88, 15)   vdiff=  6.5511E+00 ( 85, 12)
n=  2138   udiff=  9.1249E+00 ( 88, 15)   vdiff=  6.5625E+00 ( 85, 12)
n=  2139   udiff=  9.1452E+00 ( 88, 15)   vdiff=  6.5716E+00 ( 85, 12)
n=  2140   udiff=  9.1647E+00 ( 88, 15)   vdiff=  6.5785E+00 ( 85, 12)
n=  2141   udiff=  9.1834E+00 ( 88, 15)   vdiff=  6.5831E+00 ( 85, 12)
n=  2142   udiff=  9.2014E+00 ( 88, 15)   vdiff=  6.5854E+00 ( 85, 12)
n=  2143   udiff=  9.2187E+00 ( 88, 15)   vdiff=  6.5853E+00 ( 85, 12)
n=  2144   udiff=  9.2352E+00 ( 88, 15)   vdiff=  6.5830E+00 ( 85, 12)
n=  2145   udiff=  9.2509E+00 ( 88, 15)   vdiff=  6.5783E+00 ( 85, 12)
n=  2146   udiff=  9.2658E+00 ( 88, 15)   vdiff=  6.5712E+00 ( 85, 12)
n=  2147   udiff=  9.2799E+00 ( 88, 15)   vdiff=  6.5619E+00 ( 85, 12)
n=  2148   udiff=  9.2932E+00 ( 88, 15)   vdiff=  6.5501E+00 ( 85, 12)
n=  2149   udiff=  9.3057E+00 ( 88, 15)   vdiff=  6.5360E+00 ( 85, 12)
n=  2150   udiff=  9.3174E+00 ( 88, 15)   vdiff=  6.5196E+00 ( 85, 12)
n=  2151   udiff=  9.3284E+00 ( 88, 15)   vdiff=  6.5008E+00 ( 85, 12)
n=  2152   udiff=  9.3384E+00 ( 88, 15)   vdiff=  6.4797E+00 ( 85, 12)
n=  2153   udiff=  9.3477E+00 ( 88, 15)   vdiff=  6.4562E+00 ( 85, 12)
n=  2154   udiff=  9.3561E+00 ( 88, 15)   vdiff=  6.4303E+00 ( 85, 12)
n=  2155   udiff=  9.3638E+00 ( 88, 15)   vdiff=  6.4021E+00 ( 85, 12)
n=  2156   udiff=  9.3708E+00 ( 88, 15)   vdiff=  6.3716E+00 ( 85, 12)
n=  2157   udiff=  9.3769E+00 ( 88, 15)   vdiff=  6.3386E+00 ( 85, 12)
n=  2158   udiff=  9.3823E+00 ( 88, 15)   vdiff=  6.3034E+00 ( 85, 12)
n=  2159   udiff=  9.3868E+00 ( 88, 15)   vdiff=  6.2657E+00 ( 85, 12)
n=  2160   udiff=  9.3904E+00 ( 88, 15)   vdiff=  6.2258E+00 ( 85, 12)
n=  2161   udiff=  9.3932E+00 ( 88, 15)   vdiff=  6.2255E+00 ( 85, 13)
n=  2162   udiff=  9.3952E+00 ( 88, 15)   vdiff=  6.2358E+00 ( 85, 13)
n=  2163   udiff=  9.3962E+00 ( 88, 15)   vdiff=  6.2448E+00 ( 85, 13)
n=  2164   udiff=  9.3964E+00 ( 88, 15)   vdiff=  6.2524E+00 ( 85, 13)
n=  2165   udiff=  9.3958E+00 ( 88, 15)   vdiff=  6.2588E+00 ( 85, 13)
n=  2166   udiff=  9.3943E+00 ( 88, 15)   vdiff=  6.2640E+00 ( 85, 13)
n=  2167   udiff=  9.3919E+00 ( 88, 15)   vdiff=  6.2678E+00 ( 85, 13)
n=  2168   udiff=  9.3886E+00 ( 88, 15)   vdiff=  6.2705E+00 ( 85, 13)
n=  2169   udiff=  9.3844E+00 ( 88, 15)   vdiff=  6.2718E+00 ( 85, 13)
n=  2170   udiff=  9.3793E+00 ( 88, 15)   vdiff=  6.2720E+00 ( 85, 13)
n=  2171   udiff=  9.3733E+00 ( 88, 15)   vdiff=  6.2710E+00 ( 85, 13)
n=  2172   udiff=  9.3664E+00 ( 88, 15)   vdiff=  6.2688E+00 ( 85, 13)
n=  2173   udiff=  9.3585E+00 ( 88, 15)   vdiff=  6.2672E+00 ( 85, 13)
n=  2174   udiff=  9.3496E+00 ( 88, 15)   vdiff=  6.2648E+00 ( 85, 13)
n=  2175   udiff=  9.3398E+00 ( 88, 15)   vdiff=  6.2613E+00 ( 85, 13)
n=  2176   udiff=  9.3292E+00 ( 88, 15)   vdiff=  6.2960E+00 ( 86, 12)
n=  2177   udiff=  9.3175E+00 ( 88, 15)   vdiff=  6.3342E+00 ( 86, 12)
n=  2178   udiff=  9.3050E+00 ( 88, 15)   vdiff=  6.3705E+00 ( 86, 12)
n=  2179   udiff=  9.2916E+00 ( 88, 15)   vdiff=  6.4047E+00 ( 86, 12)
n=  2180   udiff=  9.2773E+00 ( 88, 15)   vdiff=  6.4368E+00 ( 86, 12)
n=  2181   udiff=  9.2620E+00 ( 88, 15)   vdiff=  6.4669E+00 ( 86, 12)
n=  2182   udiff=  9.2459E+00 ( 88, 15)   vdiff=  6.4948E+00 ( 86, 12)
n=  2183   udiff=  9.2288E+00 ( 88, 15)   vdiff=  6.5205E+00 ( 86, 12)
n=  2184   udiff=  9.2109E+00 ( 88, 15)   vdiff=  6.5440E+00 ( 86, 12)
n=  2185   udiff=  9.1920E+00 ( 88, 15)   vdiff=  6.5654E+00 ( 86, 12)
n=  2186   udiff=  9.1993E+00 ( 89, 15)   vdiff=  6.5845E+00 ( 86, 12)
n=  2187   udiff=  9.2212E+00 ( 89, 15)   vdiff=  6.6013E+00 ( 86, 12)
n=  2188   udiff=  9.2425E+00 ( 89, 15)   vdiff=  6.6158E+00 ( 86, 12)
n=  2189   udiff=  9.2629E+00 ( 89, 15)   vdiff=  6.6279E+00 ( 86, 12)
n=  2190   udiff=  9.2825E+00 ( 89, 15)   vdiff=  6.6377E+00 ( 86, 12)
n=  2191   udiff=  9.3014E+00 ( 89, 15)   vdiff=  6.6451E+00 ( 86, 12)
n=  2192   udiff=  9.3194E+00 ( 89, 15)   vdiff=  6.6501E+00 ( 86, 12)
n=  2193   udiff=  9.3366E+00 ( 89, 15)   vdiff=  6.6528E+00 ( 86, 12)
n=  2194   udiff=  9.3531E+00 ( 89, 15)   vdiff=  6.6530E+00 ( 86, 12)
n=  2195   udiff=  9.3687E+00 ( 89, 15)   vdiff=  6.6508E+00 ( 86, 12)
n=  2196   udiff=  9.3834E+00 ( 89, 15)   vdiff=  6.6462E+00 ( 86, 12)
n=  2197   udiff=  9.3974E+00 ( 89, 15)   vdiff=  6.6391E+00 ( 86, 12)
n=  2198   udiff=  9.4104E+00 ( 89, 15)   vdiff=  6.6296E+00 ( 86, 12)
n=  2199   udiff=  9.4227E+00 ( 89, 15)   vdiff=  6.6176E+00 ( 86, 12)
n=  2200   udiff=  9.4341E+00 ( 89, 15)   vdiff=  6.6031E+00 ( 86, 12)
n=  2201   udiff=  9.4446E+00 ( 89, 15)   vdiff=  6.5861E+00 ( 86, 12)
n=  2202   udiff=  9.4542E+00 ( 89, 15)   vdiff=  6.5667E+00 ( 86, 12)
n=  2203   udiff=  9.4632E+00 ( 89, 15)   vdiff=  6.5448E+00 ( 86, 12)
n=  2204   udiff=  9.4714E+00 ( 89, 15)   vdiff=  6.5203E+00 ( 86, 12)
n=  2205   udiff=  9.4787E+00 ( 89, 15)   vdiff=  6.4934E+00 ( 86, 12)
n=  2206   udiff=  9.4851E+00 ( 89, 15)   vdiff=  6.4639E+00 ( 86, 12)
n=  2207   udiff=  9.4906E+00 ( 89, 15)   vdiff=  6.4320E+00 ( 86, 12)
n=  2208   udiff=  9.4953E+00 ( 89, 15)   vdiff=  6.3976E+00 ( 86, 12)
n=  2209   udiff=  9.4990E+00 ( 89, 15)   vdiff=  6.3608E+00 ( 86, 12)
n=  2210   udiff=  9.5018E+00 ( 89, 15)   vdiff=  6.3214E+00 ( 86, 12)
n=  2211   udiff=  9.5037E+00 ( 89, 15)   vdiff=  6.3217E+00 ( 86, 13)
n=  2212   udiff=  9.5047E+00 ( 89, 15)   vdiff=  6.3337E+00 ( 86, 13)
n=  2213   udiff=  9.5049E+00 ( 89, 15)   vdiff=  6.3444E+00 ( 86, 13)
n=  2214   udiff=  9.5040E+00 ( 89, 15)   vdiff=  6.3538E+00 ( 86, 13)
n=  2215   udiff=  9.5023E+00 ( 89, 15)   vdiff=  6.3618E+00 ( 86, 13)
n=  2216   udiff=  9.4996E+00 ( 89, 15)   vdiff=  6.3685E+00 ( 86, 13)
n=  2217   udiff=  9.4959E+00 ( 89, 15)   vdiff=  6.3739E+00 ( 86, 13)
n=  2218   udiff=  9.4913E+00 ( 89, 15)   vdiff=  6.3780E+00 ( 86, 13)
n=  2219   udiff=  9.4858E+00 ( 89, 15)   vdiff=  6.3809E+00 ( 86, 13)
n=  2220   udiff=  9.4792E+00 ( 89, 15)   vdiff=  6.3824E+00 ( 86, 13)
n=  2221   udiff=  9.4717E+00 ( 89, 15)   vdiff=  6.3833E+00 ( 86, 13)
n=  2222   udiff=  9.4631E+00 ( 89, 15)   vdiff=  6.3846E+00 ( 86, 13)
n=  2223   udiff=  9.4536E+00 ( 89, 15)   vdiff=  6.3846E+00 ( 86, 13)
n=  2224   udiff=  9.4430E+00 ( 89, 15)   vdiff=  6.3836E+00 ( 86, 13)
n=  2225   udiff=  9.4316E+00 ( 89, 15)   vdiff=  6.3814E+00 ( 86, 13)
n=  2226   udiff=  9.4191E+00 ( 89, 15)   vdiff=  6.4012E+00 ( 87, 12)
n=  2227   udiff=  9.4057E+00 ( 89, 15)   vdiff=  6.4410E+00 ( 87, 12)
n=  2228   udiff=  9.3914E+00 ( 89, 15)   vdiff=  6.4787E+00 ( 87, 12)
n=  2229   udiff=  9.3760E+00 ( 89, 15)   vdiff=  6.5142E+00 ( 87, 12)
n=  2230   udiff=  9.3597E+00 ( 89, 15)   vdiff=  6.5475E+00 ( 87, 12)
n=  2231   udiff=  9.3425E+00 ( 89, 15)   vdiff=  6.5786E+00 ( 87, 12)
n=  2232   udiff=  9.3243E+00 ( 89, 15)   vdiff=  6.6075E+00 ( 87, 12)
n=  2233   udiff=  9.3051E+00 ( 89, 15)   vdiff=  6.6339E+00 ( 87, 12)
n=  2234   udiff=  9.3182E+00 ( 90, 15)   vdiff=  6.6580E+00 ( 87, 12)
n=  2235   udiff=  9.3410E+00 ( 90, 15)   vdiff=  6.6798E+00 ( 87, 12)
n=  2236   udiff=  9.3630E+00 ( 90, 15)   vdiff=  6.6991E+00 ( 87, 12)
n=  2237   udiff=  9.3841E+00 ( 90, 15)   vdiff=  6.7160E+00 ( 87, 12)
n=  2238   udiff=  9.4044E+00 ( 90, 15)   vdiff=  6.7305E+00 ( 87, 12)
n=  2239   udiff=  9.4239E+00 ( 90, 15)   vdiff=  6.7425E+00 ( 87, 12)
n=  2240   udiff=  9.4426E+00 ( 90, 15)   vdiff=  6.7520E+00 ( 87, 12)
n=  2241   udiff=  9.4603E+00 ( 90, 15)   vdiff=  6.7590E+00 ( 87, 12)
n=  2242   udiff=  9.4773E+00 ( 90, 15)   vdiff=  6.7634E+00 ( 87, 12)
n=  2243   udiff=  9.4933E+00 ( 90, 15)   vdiff=  6.7653E+00 ( 87, 12)
n=  2244   udiff=  9.5085E+00 ( 90, 15)   vdiff=  6.7646E+00 ( 87, 12)
n=  2245   udiff=  9.5227E+00 ( 90, 15)   vdiff=  6.7613E+00 ( 87, 12)
n=  2246   udiff=  9.5361E+00 ( 90, 15)   vdiff=  6.7554E+00 ( 87, 12)
n=  2247   udiff=  9.5486E+00 ( 90, 15)   vdiff=  6.7469E+00 ( 87, 12)
n=  2248   udiff=  9.5603E+00 ( 90, 15)   vdiff=  6.7358E+00 ( 87, 12)
n=  2249   udiff=  9.5710E+00 ( 90, 15)   vdiff=  6.7220E+00 ( 87, 12)
n=  2250   udiff=  9.5809E+00 ( 90, 15)   vdiff=  6.7056E+00 ( 87, 12)
n=  2251   udiff=  9.5900E+00 ( 90, 15)   vdiff=  6.6865E+00 ( 87, 12)
n=  2252   udiff=  9.5982E+00 ( 90, 15)   vdiff=  6.6648E+00 ( 87, 12)
n=  2253   udiff=  9.6054E+00 ( 90, 15)   vdiff=  6.6404E+00 ( 87, 12)
n=  2254   udiff=  9.6116E+00 ( 90, 15)   vdiff=  6.6133E+00 ( 87, 12)
n=  2255   udiff=  9.6169E+00 ( 90, 15)   vdiff=  6.5836E+00 ( 87, 12)
n=  2256   udiff=  9.6213E+00 ( 90, 15)   vdiff=  6.5513E+00 ( 87, 12)
n=  2257   udiff=  9.6247E+00 ( 90, 15)   vdiff=  6.5162E+00 ( 87, 12)
n=  2258   udiff=  9.6272E+00 ( 90, 15)   vdiff=  6.4786E+00 ( 87, 12)
n=  2259   udiff=  9.6287E+00 ( 90, 15)   vdiff=  6.4402E+00 ( 87, 13)
n=  2260   udiff=  9.6292E+00 ( 90, 15)   vdiff=  6.4548E+00 ( 87, 13)
n=  2261   udiff=  9.6288E+00 ( 90, 15)   vdiff=  6.4680E+00 ( 87, 13)
n=  2262   udiff=  9.6273E+00 ( 90, 15)   vdiff=  6.4798E+00 ( 87, 13)
n=  2263   udiff=  9.6248E+00 ( 90, 15)   vdiff=  6.4903E+00 ( 87, 13)
n=  2264   udiff=  9.6213E+00 ( 90, 15)   vdiff=  6.4993E+00 ( 87, 13)
n=  2265   udiff=  9.6169E+00 ( 90, 15)   vdiff=  6.5070E+00 ( 87, 13)
n=  2266   udiff=  9.6114E+00 ( 90, 15)   vdiff=  6.5134E+00 ( 87, 13)
n=  2267   udiff=  9.6049E+00 ( 90, 15)   vdiff=  6.5184E+00 ( 87, 13)
n=  2268   udiff=  9.5973E+00 ( 90, 15)   vdiff=  6.5226E+00 ( 87, 13)
n=  2269   udiff=  9.5886E+00 ( 90, 15)   vdiff=  6.5271E+00 ( 87, 13)
n=  2270   udiff=  9.5788E+00 ( 90, 15)   vdiff=  6.5304E+00 ( 87, 13)
n=  2271   udiff=  9.5681E+00 ( 90, 15)   vdiff=  6.5325E+00 ( 87, 13)
n=  2272   udiff=  9.5563E+00 ( 90, 15)   vdiff=  6.5334E+00 ( 87, 13)
n=  2273   udiff=  9.5436E+00 ( 90, 15)   vdiff=  6.5332E+00 ( 87, 13)
n=  2274   udiff=  9.5297E+00 ( 90, 15)   vdiff=  6.5319E+00 ( 87, 13)
n=  2275   udiff=  9.5149E+00 ( 90, 15)   vdiff=  6.5610E+00 ( 88, 12)
n=  2276   udiff=  9.4990E+00 ( 90, 15)   vdiff=  6.6013E+00 ( 88, 12)
n=  2277   udiff=  9.4822E+00 ( 90, 15)   vdiff=  6.6393E+00 ( 88, 12)
n=  2278   udiff=  9.4643E+00 ( 90, 15)   vdiff=  6.6749E+00 ( 88, 12)
n=  2279   udiff=  9.4454E+00 ( 90, 15)   vdiff=  6.7081E+00 ( 88, 12)
n=  2280   udiff=  9.4332E+00 ( 91, 15)   vdiff=  6.7389E+00 ( 88, 12)
n=  2281   udiff=  9.4575E+00 ( 91, 15)   vdiff=  6.7672E+00 ( 88, 12)
n=  2282   udiff=  9.4808E+00 ( 91, 15)   vdiff=  6.7931E+00 ( 88, 12)
n=  2283   udiff=  9.5033E+00 ( 91, 15)   vdiff=  6.8164E+00 ( 88, 12)
n=  2284   udiff=  9.5249E+00 ( 91, 15)   vdiff=  6.8372E+00 ( 88, 12)
n=  2285   udiff=  9.5457E+00 ( 91, 15)   vdiff=  6.8554E+00 ( 88, 12)
n=  2286   udiff=  9.5655E+00 ( 91, 15)   vdiff=  6.8709E+00 ( 88, 12)
n=  2287   udiff=  9.5844E+00 ( 91, 15)   vdiff=  6.8839E+00 ( 88, 12)
n=  2288   udiff=  9.6024E+00 ( 91, 15)   vdiff=  6.8941E+00 ( 88, 12)
n=  2289   udiff=  9.6195E+00 ( 91, 15)   vdiff=  6.9016E+00 ( 88, 12)
n=  2290   udiff=  9.6357E+00 ( 91, 15)   vdiff=  6.9064E+00 ( 88, 12)
n=  2291   udiff=  9.6510E+00 ( 91, 15)   vdiff=  6.9085E+00 ( 88, 12)
n=  2292   udiff=  9.6653E+00 ( 91, 15)   vdiff=  6.9079E+00 ( 88, 12)
n=  2293   udiff=  9.6787E+00 ( 91, 15)   vdiff=  6.9044E+00 ( 88, 12)
n=  2294   udiff=  9.6911E+00 ( 91, 15)   vdiff=  6.8982E+00 ( 88, 12)
n=  2295   udiff=  9.7026E+00 ( 91, 15)   vdiff=  6.8892E+00 ( 88, 12)
n=  2296   udiff=  9.7132E+00 ( 91, 15)   vdiff=  6.8773E+00 ( 88, 12)
n=  2297   udiff=  9.7228E+00 ( 91, 15)   vdiff=  6.8627E+00 ( 88, 12)
n=  2298   udiff=  9.7315E+00 ( 91, 15)   vdiff=  6.8452E+00 ( 88, 12)
n=  2299   udiff=  9.7392E+00 ( 91, 15)   vdiff=  6.8248E+00 ( 88, 12)
n=  2300   udiff=  9.7459E+00 ( 91, 15)   vdiff=  6.8016E+00 ( 88, 12)
n=  2301   udiff=  9.7516E+00 ( 91, 15)   vdiff=  6.7756E+00 ( 88, 12)
n=  2302   udiff=  9.7564E+00 ( 91, 15)   vdiff=  6.7467E+00 ( 88, 12)
n=  2303   udiff=  9.7601E+00 ( 91, 15)   vdiff=  6.7149E+00 ( 88, 12)
n=  2304   udiff=  9.7627E+00 ( 91, 15)   vdiff=  6.6803E+00 ( 88, 12)
n=  2305   udiff=  9.7644E+00 ( 91, 15)   vdiff=  6.6429E+00 ( 88, 12)
n=  2306   udiff=  9.7649E+00 ( 91, 15)   vdiff=  6.6027E+00 ( 88, 12)
n=  2307   udiff=  9.7645E+00 ( 91, 15)   vdiff=  6.6018E+00 ( 88, 13)
n=  2308   udiff=  9.7629E+00 ( 91, 15)   vdiff=  6.6171E+00 ( 88, 13)
n=  2309   udiff=  9.7603E+00 ( 91, 15)   vdiff=  6.6309E+00 ( 88, 13)
n=  2310   udiff=  9.7567E+00 ( 91, 15)   vdiff=  6.6432E+00 ( 88, 13)
n=  2311   udiff=  9.7520E+00 ( 91, 15)   vdiff=  6.6541E+00 ( 88, 13)
n=  2312   udiff=  9.7462E+00 ( 91, 15)   vdiff=  6.6636E+00 ( 88, 13)
n=  2313   udiff=  9.7392E+00 ( 91, 15)   vdiff=  6.6717E+00 ( 88, 13)
n=  2314   udiff=  9.7312E+00 ( 91, 15)   vdiff=  6.6797E+00 ( 88, 13)
n=  2315   udiff=  9.7220E+00 ( 91, 15)   vdiff=  6.6872E+00 ( 88, 13)
n=  2316   udiff=  9.7117E+00 ( 91, 15)   vdiff=  6.6934E+00 ( 88, 13)
n=  2317   udiff=  9.7003E+00 ( 91, 15)   vdiff=  6.6984E+00 ( 88, 13)
n=  2318   udiff=  9.6879E+00 ( 91, 15)   vdiff=  6.7021E+00 ( 88, 13)
n=  2319   udiff=  9.6743E+00 ( 91, 15)   vdiff=  6.7046E+00 ( 88, 13)
n=  2320   udiff=  9.6597E+00 ( 91, 15)   vdiff=  6.7059E+00 ( 88, 13)
n=  2321   udiff=  9.6440E+00 ( 91, 15)   vdiff=  6.7060E+00 ( 88, 13)
n=  2322   udiff=  9.6273E+00 ( 91, 15)   vdiff=  6.7169E+00 ( 89, 12)
n=  2323   udiff=  9.6094E+00 ( 91, 15)   vdiff=  6.7587E+00 ( 89, 12)
n=  2324   udiff=  9.5905E+00 ( 91, 15)   vdiff=  6.7980E+00 ( 89, 12)
n=  2325   udiff=  9.5705E+00 ( 91, 15)   vdiff=  6.8348E+00 ( 89, 12)
n=  2326   udiff=  9.5870E+00 ( 92, 15)   vdiff=  6.8691E+00 ( 89, 12)
n=  2327   udiff=  9.6116E+00 ( 92, 15)   vdiff=  6.9007E+00 ( 89, 12)
n=  2328   udiff=  9.6352E+00 ( 92, 15)   vdiff=  6.9298E+00 ( 89, 12)
n=  2329   udiff=  9.6579E+00 ( 92, 15)   vdiff=  6.9561E+00 ( 89, 12)
n=  2330   udiff=  9.6797E+00 ( 92, 15)   vdiff=  6.9797E+00 ( 89, 12)
n=  2331   udiff=  9.7005E+00 ( 92, 15)   vdiff=  7.0005E+00 ( 89, 12)
n=  2332   udiff=  9.7204E+00 ( 92, 15)   vdiff=  7.0186E+00 ( 89, 12)
n=  2333   udiff=  9.7393E+00 ( 92, 15)   vdiff=  7.0339E+00 ( 89, 12)
n=  2334   udiff=  9.7572E+00 ( 92, 15)   vdiff=  7.0464E+00 ( 89, 12)
n=  2335   udiff=  9.7742E+00 ( 92, 15)   vdiff=  7.0560E+00 ( 89, 12)
n=  2336   udiff=  9.7902E+00 ( 92, 15)   vdiff=  7.0627E+00 ( 89, 12)
n=  2337   udiff=  9.8052E+00 ( 92, 15)   vdiff=  7.0665E+00 ( 89, 12)
n=  2338   udiff=  9.8191E+00 ( 92, 15)   vdiff=  7.0673E+00 ( 89, 12)
n=  2339   udiff=  9.8321E+00 ( 92, 15)   vdiff=  7.0653E+00 ( 89, 12)
n=  2340   udiff=  9.8440E+00 ( 92, 15)   vdiff=  7.0602E+00 ( 89, 12)
n=  2341   udiff=  9.8550E+00 ( 92, 15)   vdiff=  7.0522E+00 ( 89, 12)
n=  2342   udiff=  9.8650E+00 ( 92, 15)   vdiff=  7.0412E+00 ( 89, 12)
n=  2343   udiff=  9.8739E+00 ( 92, 15)   vdiff=  7.0271E+00 ( 89, 12)
n=  2344   udiff=  9.8819E+00 ( 92, 15)   vdiff=  7.0100E+00 ( 89, 12)
n=  2345   udiff=  9.8888E+00 ( 92, 15)   vdiff=  6.9899E+00 ( 89, 12)
n=  2346   udiff=  9.8946E+00 ( 92, 15)   vdiff=  6.9668E+00 ( 89, 12)
n=  2347   udiff=  9.8994E+00 ( 92, 15)   vdiff=  6.9406E+00 ( 89, 12)
n=  2348   udiff=  9.9031E+00 ( 92, 15)   vdiff=  6.9114E+00 ( 89, 12)
n=  2349   udiff=  9.9056E+00 ( 92, 15)   vdiff=  6.8791E+00 ( 89, 12)
n=  2350   udiff=  9.9071E+00 ( 92, 15)   vdiff=  6.8438E+00 ( 89, 12)
n=  2351   udiff=  9.9074E+00 ( 92, 15)   vdiff=  6.8055E+00 ( 89, 12)
n=  2352   udiff=  9.9066E+00 ( 92, 15)   vdiff=  6.7642E+00 ( 89, 12)
n=  2353   udiff=  9.9047E+00 ( 92, 15)   vdiff=  6.7683E+00 ( 89, 13)
n=  2354   udiff=  9.9017E+00 ( 92, 15)   vdiff=  6.7852E+00 ( 89, 13)
n=  2355   udiff=  9.8975E+00 ( 92, 15)   vdiff=  6.8007E+00 ( 89, 13)
n=  2356   udiff=  9.8922E+00 ( 92, 15)   vdiff=  6.8147E+00 ( 89, 13)
n=  2357   udiff=  9.8857E+00 ( 92, 15)   vdiff=  6.8271E+00 ( 89, 13)
n=  2358   udiff=  9.8781E+00 ( 92, 15)   vdiff=  6.8387E+00 ( 89, 13)
n=  2359   udiff=  9.8692E+00 ( 92, 15)   vdiff=  6.8504E+00 ( 89, 13)
n=  2360   udiff=  9.8592E+00 ( 92, 15)   vdiff=  6.8608E+00 ( 89, 13)
n=  2361   udiff=  9.8480E+00 ( 92, 15)   vdiff=  6.8697E+00 ( 89, 13)
n=  2362   udiff=  9.8357E+00 ( 92, 15)   vdiff=  6.8774E+00 ( 89, 13)
n=  2363   udiff=  9.8223E+00 ( 92, 15)   vdiff=  6.8838E+00 ( 89, 13)
n=  2364   udiff=  9.8077E+00 ( 92, 15)   vdiff=  6.8889E+00 ( 89, 13)
n=  2365   udiff=  9.7919E+00 ( 92, 15)   vdiff=  6.8927E+00 ( 89, 13)
n=  2366   udiff=  9.7750E+00 ( 92, 15)   vdiff=  6.8954E+00 ( 89, 13)
n=  2367   udiff=  9.7570E+00 ( 92, 15)   vdiff=  6.8968E+00 ( 89, 13)
n=  2368   udiff=  9.7378E+00 ( 92, 15)   vdiff=  6.8971E+00 ( 89, 13)
n=  2369   udiff=  9.7174E+00 ( 92, 15)   vdiff=  6.9365E+00 ( 90, 12)
n=  2370   udiff=  9.7245E+00 ( 93, 15)   vdiff=  6.9762E+00 ( 90, 12)
n=  2371   udiff=  9.7501E+00 ( 93, 15)   vdiff=  7.0131E+00 ( 90, 12)
n=  2372   udiff=  9.7747E+00 ( 93, 15)   vdiff=  7.0474E+00 ( 90, 12)
n=  2373   udiff=  9.7983E+00 ( 93, 15)   vdiff=  7.0789E+00 ( 90, 12)
n=  2374   udiff=  9.8209E+00 ( 93, 15)   vdiff=  7.1075E+00 ( 90, 12)
n=  2375   udiff=  9.8425E+00 ( 93, 15)   vdiff=  7.1333E+00 ( 90, 12)
n=  2376   udiff=  9.8631E+00 ( 93, 15)   vdiff=  7.1562E+00 ( 90, 12)
n=  2377   udiff=  9.8827E+00 ( 93, 15)   vdiff=  7.1761E+00 ( 90, 12)
n=  2378   udiff=  9.9013E+00 ( 93, 15)   vdiff=  7.1930E+00 ( 90, 12)
n=  2379   udiff=  9.9188E+00 ( 93, 15)   vdiff=  7.2070E+00 ( 90, 12)
n=  2380   udiff=  9.9353E+00 ( 93, 15)   vdiff=  7.2179E+00 ( 90, 12)
n=  2381   udiff=  9.9507E+00 ( 93, 15)   vdiff=  7.2257E+00 ( 90, 12)
n=  2382   udiff=  9.9650E+00 ( 93, 15)   vdiff=  7.2305E+00 ( 90, 12)
n=  2383   udiff=  9.9783E+00 ( 93, 15)   vdiff=  7.2322E+00 ( 90, 12)
n=  2384   udiff=  9.9904E+00 ( 93, 15)   vdiff=  7.2307E+00 ( 90, 12)
n=  2385   udiff=  1.0002E+01 ( 93, 15)   vdiff=  7.2261E+00 ( 90, 12)
n=  2386   udiff=  1.0012E+01 ( 93, 15)   vdiff=  7.2183E+00 ( 90, 12)
n=  2387   udiff=  1.0021E+01 ( 93, 15)   vdiff=  7.2074E+00 ( 90, 12)
n=  2388   udiff=  1.0029E+01 ( 93, 15)   vdiff=  7.1932E+00 ( 90, 12)
n=  2389   udiff=  1.0036E+01 ( 93, 15)   vdiff=  7.1758E+00 ( 90, 12)
n=  2390   udiff=  1.0041E+01 ( 93, 15)   vdiff=  7.1552E+00 ( 90, 12)
n=  2391   udiff=  1.0046E+01 ( 93, 15)   vdiff=  7.1314E+00 ( 90, 12)
n=  2392   udiff=  1.0049E+01 ( 93, 15)   vdiff=  7.1044E+00 ( 90, 12)
n=  2393   udiff=  1.0051E+01 ( 93, 15)   vdiff=  7.0741E+00 ( 90, 12)
n=  2394   udiff=  1.0052E+01 ( 93, 15)   vdiff=  7.0407E+00 ( 90, 12)
n=  2395   udiff=  1.0052E+01 ( 93, 15)   vdiff=  7.0040E+00 ( 90, 12)
n=  2396   udiff=  1.0051E+01 ( 93, 15)   vdiff=  6.9641E+00 ( 90, 12)
n=  2397   udiff=  1.0048E+01 ( 93, 15)   vdiff=  6.9298E+00 ( 90, 13)
n=  2398   udiff=  1.0045E+01 ( 93, 15)   vdiff=  6.9500E+00 ( 90, 13)
n=  2399   udiff=  1.0040E+01 ( 93, 15)   vdiff=  6.9686E+00 ( 90, 13)
n=  2400   udiff=  1.0034E+01 ( 93, 15)   vdiff=  6.9856E+00 ( 90, 13)
n=  2401   udiff=  1.0026E+01 ( 93, 15)   vdiff=  7.0012E+00 ( 90, 13)
n=  2402   udiff=  1.0018E+01 ( 93, 15)   vdiff=  7.0172E+00 ( 90, 13)
n=  2403   udiff=  1.0008E+01 ( 93, 15)   vdiff=  7.0318E+00 ( 90, 13)
n=  2404   udiff=  9.9966E+00 ( 93, 15)   vdiff=  7.0451E+00 ( 90, 13)
n=  2405   udiff=  9.9843E+00 ( 93, 15)   vdiff=  7.0569E+00 ( 90, 13)
n=  2406   udiff=  9.9708E+00 ( 93, 15)   vdiff=  7.0674E+00 ( 90, 13)
n=  2407   udiff=  9.9560E+00 ( 93, 15)   vdiff=  7.0766E+00 ( 90, 13)
n=  2408   udiff=  9.9401E+00 ( 93, 15)   vdiff=  7.0845E+00 ( 90, 13)
n=  2409   udiff=  9.9229E+00 ( 93, 15)   vdiff=  7.0910E+00 ( 90, 13)
n=  2410   udiff=  9.9046E+00 ( 93, 15)   vdiff=  7.0963E+00 ( 90, 13)
n=  2411   udiff=  9.8850E+00 ( 93, 15)   vdiff=  7.1004E+00 ( 90, 13)
n=  2412   udiff=  9.8641E+00 ( 93, 15)   vdiff=  7.1032E+00 ( 90, 13)
n=  2413   udiff=  9.8651E+00 ( 94, 15)   vdiff=  7.1049E+00 ( 90, 13)
n=  2414   udiff=  9.8915E+00 ( 94, 15)   vdiff=  7.1248E+00 ( 91, 12)
n=  2415   udiff=  9.9169E+00 ( 94, 15)   vdiff=  7.1642E+00 ( 91, 12)
n=  2416   udiff=  9.9413E+00 ( 94, 15)   vdiff=  7.2007E+00 ( 91, 12)
n=  2417   udiff=  9.9646E+00 ( 94, 15)   vdiff=  7.2343E+00 ( 91, 12)
n=  2418   udiff=  9.9869E+00 ( 94, 15)   vdiff=  7.2649E+00 ( 91, 12)
n=  2419   udiff=  1.0008E+01 ( 94, 15)   vdiff=  7.2924E+00 ( 91, 12)
n=  2420   udiff=  1.0028E+01 ( 94, 15)   vdiff=  7.3169E+00 ( 91, 12)
n=  2421   udiff=  1.0047E+01 ( 94, 15)   vdiff=  7.3382E+00 ( 91, 12)
n=  2422   udiff=  1.0065E+01 ( 94, 15)   vdiff=  7.3564E+00 ( 91, 12)
n=  2423   udiff=  1.0082E+01 ( 94, 15)   vdiff=  7.3715E+00 ( 91, 12)
n=  2424   udiff=  1.0098E+01 ( 94, 15)   vdiff=  7.3833E+00 ( 91, 12)
n=  2425   udiff=  1.0112E+01 ( 94, 15)   vdiff=  7.3920E+00 ( 91, 12)
n=  2426   udiff=  1.0126E+01 ( 94, 15)   vdiff=  7.3973E+00 ( 91, 12)
n=  2427   udiff=  1.0138E+01 ( 94, 15)   vdiff=  7.3994E+00 ( 91, 12)
n=  2428   udiff=  1.0149E+01 ( 94, 15)   vdiff=  7.3982E+00 ( 91, 12)
n=  2429   udiff=  1.0159E+01 ( 94, 15)   vdiff=  7.3936E+00 ( 91, 12)
n=  2430   udiff=  1.0168E+01 ( 94, 15)   vdiff=  7.3857E+00 ( 91, 12)
n=  2431   udiff=  1.0176E+01 ( 94, 15)   vdiff=  7.3744E+00 ( 91, 12)
n=  2432   udiff=  1.0183E+01 ( 94, 15)   vdiff=  7.3598E+00 ( 91, 12)
n=  2433   udiff=  1.0188E+01 ( 94, 15)   vdiff=  7.3417E+00 ( 91, 12)
n=  2434   udiff=  1.0192E+01 ( 94, 15)   vdiff=  7.3202E+00 ( 91, 12)
n=  2435   udiff=  1.0195E+01 ( 94, 15)   vdiff=  7.2954E+00 ( 91, 12)
n=  2436   udiff=  1.0197E+01 ( 94, 15)   vdiff=  7.2671E+00 ( 91, 12)
n=  2437   udiff=  1.0197E+01 ( 94, 15)   vdiff=  7.2355E+00 ( 91, 12)
n=  2438   udiff=  1.0196E+01 ( 94, 15)   vdiff=  7.2005E+00 ( 91, 12)
n=  2439   udiff=  1.0194E+01 ( 94, 15)   vdiff=  7.1621E+00 ( 91, 12)
n=  2440   udiff=  1.0191E+01 ( 94, 15)   vdiff=  7.1203E+00 ( 91, 12)
n=  2441   udiff=  1.0186E+01 ( 94, 15)   vdiff=  7.1218E+00 ( 91, 13)
n=  2442   udiff=  1.0180E+01 ( 94, 15)   vdiff=  7.1436E+00 ( 91, 13)
n=  2443   udiff=  1.0173E+01 ( 94, 15)   vdiff=  7.1638E+00 ( 91, 13)
n=  2444   udiff=  1.0164E+01 ( 94, 15)   vdiff=  7.1843E+00 ( 91, 13)
n=  2445   udiff=  1.0155E+01 ( 94, 15)   vdiff=  7.2035E+00 ( 91, 13)
n=  2446   udiff=  1.0144E+01 ( 94, 15)   vdiff=  7.2213E+00 ( 91, 13)
n=  2447   udiff=  1.0131E+01 ( 94, 15)   vdiff=  7.2377E+00 ( 91, 13)
n=  2448   udiff=  1.0117E+01 ( 94, 15)   vdiff=  7.2526E+00 ( 91, 13)
n=  2449   udiff=  1.0103E+01 ( 94, 15)   vdiff=  7.2662E+00 ( 91, 13)
n=  2450   udiff=  1.0086E+01 ( 94, 15)   vdiff=  7.2784E+00 ( 91, 13)
n=  2451   udiff=  1.0069E+01 ( 94, 15)   vdiff=  7.2892E+00 ( 91, 13)
n=  2452   udiff=  1.0050E+01 ( 94, 15)   vdiff=  7.2987E+00 ( 91, 13)
n=  2453   udiff=  1.0030E+01 ( 94, 15)   vdiff=  7.3069E+00 ( 91, 13)
n=  2454   udiff=  1.0008E+01 ( 94, 15)   vdiff=  7.3138E+00 ( 91, 13)
n=  2455   udiff=  1.0005E+01 ( 95, 15)   vdiff=  7.3195E+00 ( 91, 13)
n=  2456   udiff=  1.0032E+01 ( 95, 15)   vdiff=  7.3240E+00 ( 91, 13)
n=  2457   udiff=  1.0058E+01 ( 95, 15)   vdiff=  7.3273E+00 ( 91, 13)
n=  2458   udiff=  1.0083E+01 ( 95, 15)   vdiff=  7.3294E+00 ( 91, 13)
n=  2459   udiff=  1.0107E+01 ( 95, 15)   vdiff=  7.3563E+00 ( 92, 12)
n=  2460   udiff=  1.0130E+01 ( 95, 15)   vdiff=  7.3918E+00 ( 92, 12)
n=  2461   udiff=  1.0152E+01 ( 95, 15)   vdiff=  7.4241E+00 ( 92, 12)
n=  2462   udiff=  1.0172E+01 ( 95, 15)   vdiff=  7.4533E+00 ( 92, 12)
n=  2463   udiff=  1.0192E+01 ( 95, 15)   vdiff=  7.4792E+00 ( 92, 12)
n=  2464   udiff=  1.0210E+01 ( 95, 15)   vdiff=  7.5018E+00 ( 92, 12)
n=  2465   udiff=  1.0227E+01 ( 95, 15)   vdiff=  7.5212E+00 ( 92, 12)
n=  2466   udiff=  1.0243E+01 ( 95, 15)   vdiff=  7.5372E+00 ( 92, 12)
n=  2467   udiff=  1.0257E+01 ( 95, 15)   vdiff=  7.5499E+00 ( 92, 12)
n=  2468   udiff=  1.0271E+01 ( 95, 15)   vdiff=  7.5591E+00 ( 92, 12)
n=  2469   udiff=  1.0283E+01 ( 95, 15)   vdiff=  7.5649E+00 ( 92, 12)
n=  2470   udiff=  1.0294E+01 ( 95, 15)   vdiff=  7.5673E+00 ( 92, 12)
n=  2471   udiff=  1.0304E+01 ( 95, 15)   vdiff=  7.5661E+00 ( 92, 12)
n=  2472   udiff=  1.0313E+01 ( 95, 15)   vdiff=  7.5615E+00 ( 92, 12)
n=  2473   udiff=  1.0320E+01 ( 95, 15)   vdiff=  7.5533E+00 ( 92, 12)
n=  2474   udiff=  1.0326E+01 ( 95, 15)   vdiff=  7.5415E+00 ( 92, 12)
n=  2475   udiff=  1.0331E+01 ( 95, 15)   vdiff=  7.5262E+00 ( 92, 12)
n=  2476   udiff=  1.0335E+01 ( 95, 15)   vdiff=  7.5073E+00 ( 92, 12)
n=  2477   udiff=  1.0337E+01 ( 95, 15)   vdiff=  7.4849E+00 ( 92, 12)
n=  2478   udiff=  1.0338E+01 ( 95, 15)   vdiff=  7.4589E+00 ( 92, 12)
n=  2479   udiff=  1.0338E+01 ( 95, 15)   vdiff=  7.4292E+00 ( 92, 12)
n=  2480   udiff=  1.0336E+01 ( 95, 15)   vdiff=  7.3958E+00 ( 92, 12)
n=  2481   udiff=  1.0333E+01 ( 95, 15)   vdiff=  7.3589E+00 ( 92, 12)
n=  2482   udiff=  1.0329E+01 ( 95, 15)   vdiff=  7.3183E+00 ( 92, 12)
n=  2483   udiff=  1.0323E+01 ( 95, 15)   vdiff=  7.2964E+00 ( 92, 13)
n=  2484   udiff=  1.0316E+01 ( 95, 15)   vdiff=  7.3218E+00 ( 92, 13)
n=  2485   udiff=  1.0308E+01 ( 95, 15)   vdiff=  7.3468E+00 ( 92, 13)
n=  2486   udiff=  1.0298E+01 ( 95, 15)   vdiff=  7.3710E+00 ( 92, 13)
n=  2487   udiff=  1.0287E+01 ( 95, 15)   vdiff=  7.3938E+00 ( 92, 13)
n=  2488   udiff=  1.0274E+01 ( 95, 15)   vdiff=  7.4150E+00 ( 92, 13)
n=  2489   udiff=  1.0260E+01 ( 95, 15)   vdiff=  7.4348E+00 ( 92, 13)
n=  2490   udiff=  1.0245E+01 ( 95, 15)   vdiff=  7.4531E+00 ( 92, 13)
n=  2491   udiff=  1.0229E+01 ( 95, 15)   vdiff=  7.4700E+00 ( 92, 13)
n=  2492   udiff=  1.0211E+01 ( 95, 15)   vdiff=  7.4855E+00 ( 92, 13)
n=  2493   udiff=  1.0191E+01 ( 95, 15)   vdiff=  7.4996E+00 ( 92, 13)
n=  2494   udiff=  1.0171E+01 ( 95, 15)   vdiff=  7.5124E+00 ( 92, 13)
n=  2495   udiff=  1.0149E+01 ( 95, 15)   vdiff=  7.5238E+00 ( 92, 13)
n=  2496   udiff=  1.0142E+01 ( 96, 15)   vdiff=  7.5339E+00 ( 92, 13)
n=  2497   udiff=  1.0169E+01 ( 96, 15)   vdiff=  7.5427E+00 ( 92, 13)
n=  2498   udiff=  1.0196E+01 ( 96, 15)   vdiff=  7.5503E+00 ( 92, 13)
n=  2499   udiff=  1.0222E+01 ( 96, 15)   vdiff=  7.5567E+00 ( 92, 13)
n=  2500   udiff=  1.0246E+01 ( 96, 15)   vdiff=  7.5618E+00 ( 92, 13)
n=  2501   udiff=  1.0270E+01 ( 96, 15)   vdiff=  7.5659E+00 ( 92, 13)
n=  2502   udiff=  1.0292E+01 ( 96, 15)   vdiff=  7.5688E+00 ( 92, 13)
n=  2503   udiff=  1.0312E+01 ( 96, 15)   vdiff=  7.5816E+00 ( 93, 12)
n=  2504   udiff=  1.0332E+01 ( 96, 15)   vdiff=  7.6124E+00 ( 93, 12)
n=  2505   udiff=  1.0350E+01 ( 96, 15)   vdiff=  7.6398E+00 ( 93, 12)
n=  2506   udiff=  1.0367E+01 ( 96, 15)   vdiff=  7.6639E+00 ( 93, 12)
n=  2507   udiff=  1.0383E+01 ( 96, 15)   vdiff=  7.6844E+00 ( 93, 12)
n=  2508   udiff=  1.0398E+01 ( 96, 15)   vdiff=  7.7015E+00 ( 93, 12)
n=  2509   udiff=  1.0411E+01 ( 96, 15)   vdiff=  7.7151E+00 ( 93, 12)
n=  2510   udiff=  1.0424E+01 ( 96, 15)   vdiff=  7.7250E+00 ( 93, 12)
n=  2511   udiff=  1.0435E+01 ( 96, 15)   vdiff=  7.7314E+00 ( 93, 12)
n=  2512   udiff=  1.0444E+01 ( 96, 15)   vdiff=  7.7341E+00 ( 93, 12)
n=  2513   udiff=  1.0453E+01 ( 96, 15)   vdiff=  7.7331E+00 ( 93, 12)
n=  2514   udiff=  1.0460E+01 ( 96, 15)   vdiff=  7.7285E+00 ( 93, 12)
n=  2515   udiff=  1.0465E+01 ( 96, 15)   vdiff=  7.7201E+00 ( 93, 12)
n=  2516   udiff=  1.0469E+01 ( 96, 15)   vdiff=  7.7080E+00 ( 93, 12)
n=  2517   udiff=  1.0472E+01 ( 96, 15)   vdiff=  7.6921E+00 ( 93, 12)
n=  2518   udiff=  1.0474E+01 ( 96, 15)   vdiff=  7.6723E+00 ( 93, 12)
n=  2519   udiff=  1.0474E+01 ( 96, 15)   vdiff=  7.6488E+00 ( 93, 12)
n=  2520   udiff=  1.0473E+01 ( 96, 15)   vdiff=  7.6215E+00 ( 93, 12)
n=  2521   udiff=  1.0470E+01 ( 96, 15)   vdiff=  7.5905E+00 ( 93, 12)
n=  2522   udiff=  1.0466E+01 ( 96, 15)   vdiff=  7.5556E+00 ( 93, 12)
n=  2523   udiff=  1.0461E+01 ( 96, 15)   vdiff=  7.5171E+00 ( 93, 12)
n=  2524   udiff=  1.0454E+01 ( 96, 15)   vdiff=  7.4748E+00 ( 93, 12)
n=  2525   udiff=  1.0446E+01 ( 96, 15)   vdiff=  7.4995E+00 ( 93, 13)
n=  2526   udiff=  1.0436E+01 ( 96, 15)   vdiff=  7.5291E+00 ( 93, 13)
n=  2527   udiff=  1.0425E+01 ( 96, 15)   vdiff=  7.5572E+00 ( 93, 13)
n=  2528   udiff=  1.0413E+01 ( 96, 15)   vdiff=  7.5837E+00 ( 93, 13)
n=  2529   udiff=  1.0399E+01 ( 96, 15)   vdiff=  7.6087E+00 ( 93, 13)
n=  2530   udiff=  1.0383E+01 ( 96, 15)   vdiff=  7.6323E+00 ( 93, 13)
n=  2531   udiff=  1.0366E+01 ( 96, 15)   vdiff=  7.6543E+00 ( 93, 13)
n=  2532   udiff=  1.0348E+01 ( 96, 15)   vdiff=  7.6749E+00 ( 93, 13)
n=  2533   udiff=  1.0328E+01 ( 96, 15)   vdiff=  7.6941E+00 ( 93, 13)
n=  2534   udiff=  1.0307E+01 ( 96, 15)   vdiff=  7.7118E+00 ( 93, 13)
n=  2535   udiff=  1.0285E+01 ( 96, 15)   vdiff=  7.7281E+00 ( 93, 13)
n=  2536   udiff=  1.0273E+01 ( 97, 15)   vdiff=  7.7431E+00 ( 93, 13)
n=  2537   udiff=  1.0301E+01 ( 97, 15)   vdiff=  7.7567E+00 ( 93, 13)
n=  2538   udiff=  1.0329E+01 ( 97, 15)   vdiff=  7.7690E+00 ( 93, 13)
n=  2539   udiff=  1.0355E+01 ( 97, 15)   vdiff=  7.7800E+00 ( 93, 13)
n=  2540   udiff=  1.0380E+01 ( 97, 15)   vdiff=  7.7897E+00 ( 93, 13)
n=  2541   udiff=  1.0403E+01 ( 97, 15)   vdiff=  7.7982E+00 ( 93, 13)
n=  2542   udiff=  1.0426E+01 ( 97, 15)   vdiff=  7.8055E+00 ( 93, 13)
n=  2543   udiff=  1.0447E+01 ( 97, 15)   vdiff=  7.8116E+00 ( 93, 13)
n=  2544   udiff=  1.0467E+01 ( 97, 15)   vdiff=  7.8166E+00 ( 93, 13)
n=  2545   udiff=  1.0485E+01 ( 97, 15)   vdiff=  7.8205E+00 ( 93, 13)
n=  2546   udiff=  1.0502E+01 ( 97, 15)   vdiff=  7.8235E+00 ( 93, 13)
n=  2547   udiff=  1.0518E+01 ( 97, 15)   vdiff=  7.8256E+00 ( 93, 13)
n=  2548   udiff=  1.0533E+01 ( 97, 15)   vdiff=  7.8446E+00 ( 94, 12)
n=  2549   udiff=  1.0546E+01 ( 97, 15)   vdiff=  7.8630E+00 ( 94, 12)
n=  2550   udiff=  1.0558E+01 ( 97, 15)   vdiff=  7.8778E+00 ( 94, 12)
n=  2551   udiff=  1.0569E+01 ( 97, 15)   vdiff=  7.8888E+00 ( 94, 12)
n=  2552   udiff=  1.0578E+01 ( 97, 15)   vdiff=  7.8960E+00 ( 94, 12)
n=  2553   udiff=  1.0586E+01 ( 97, 15)   vdiff=  7.8994E+00 ( 94, 12)
n=  2554   udiff=  1.0593E+01 ( 97, 15)   vdiff=  7.8990E+00 ( 94, 12)
n=  2555   udiff=  1.0598E+01 ( 97, 15)   vdiff=  7.8946E+00 ( 94, 12)
n=  2556   udiff=  1.0602E+01 ( 97, 15)   vdiff=  7.8862E+00 ( 94, 12)
n=  2557   udiff=  1.0604E+01 ( 97, 15)   vdiff=  7.8739E+00 ( 94, 12)
n=  2558   udiff=  1.0605E+01 ( 97, 15)   vdiff=  7.8577E+00 ( 94, 12)
n=  2559   udiff=  1.0604E+01 ( 97, 15)   vdiff=  7.8375E+00 ( 94, 12)
n=  2560   udiff=  1.0602E+01 ( 97, 15)   vdiff=  7.8135E+00 ( 94, 12)
n=  2561   udiff=  1.0598E+01 ( 97, 15)   vdiff=  7.7855E+00 ( 94, 12)
n=  2562   udiff=  1.0593E+01 ( 97, 15)   vdiff=  7.7673E+00 ( 93, 13)
n=  2563   udiff=  1.0587E+01 ( 97, 15)   vdiff=  7.7590E+00 ( 93, 13)
n=  2564   udiff=  1.0579E+01 ( 97, 15)   vdiff=  7.7501E+00 ( 93, 13)
n=  2565   udiff=  1.0569E+01 ( 97, 15)   vdiff=  7.7468E+00 ( 93, 13)
n=  2566   udiff=  1.0558E+01 ( 97, 15)   vdiff=  7.7447E+00 ( 93, 13)
n=  2567   udiff=  1.0546E+01 ( 97, 15)   vdiff=  7.7420E+00 ( 93, 13)
n=  2568   udiff=  1.0532E+01 ( 97, 15)   vdiff=  7.7693E+00 ( 94, 13)
n=  2569   udiff=  1.0516E+01 ( 97, 15)   vdiff=  7.7984E+00 ( 94, 13)
n=  2570   udiff=  1.0499E+01 ( 97, 15)   vdiff=  7.8260E+00 ( 94, 13)
n=  2571   udiff=  1.0480E+01 ( 97, 15)   vdiff=  7.8521E+00 ( 94, 13)
n=  2572   udiff=  1.0461E+01 ( 97, 15)   vdiff=  7.8767E+00 ( 94, 13)
n=  2573   udiff=  1.0439E+01 ( 97, 15)   vdiff=  7.8998E+00 ( 94, 13)
n=  2574   udiff=  1.0416E+01 ( 97, 15)   vdiff=  7.9214E+00 ( 94, 13)
n=  2575   udiff=  1.0398E+01 ( 98, 15)   vdiff=  7.9416E+00 ( 94, 13)
n=  2576   udiff=  1.0427E+01 ( 98, 15)   vdiff=  7.9604E+00 ( 94, 13)
n=  2577   udiff=  1.0455E+01 ( 98, 15)   vdiff=  7.9778E+00 ( 94, 13)
n=  2578   udiff=  1.0482E+01 ( 98, 15)   vdiff=  7.9938E+00 ( 94, 13)
n=  2579   udiff=  1.0507E+01 ( 98, 15)   vdiff=  8.0084E+00 ( 94, 13)
n=  2580   udiff=  1.0531E+01 ( 98, 15)   vdiff=  8.0217E+00 ( 94, 13)
n=  2581   udiff=  1.0554E+01 ( 98, 15)   vdiff=  8.0338E+00 ( 94, 13)
n=  2582   udiff=  1.0575E+01 ( 98, 15)   vdiff=  8.0445E+00 ( 94, 13)
n=  2583   udiff=  1.0595E+01 ( 98, 15)   vdiff=  8.0541E+00 ( 94, 13)
n=  2584   udiff=  1.0614E+01 ( 98, 15)   vdiff=  8.0624E+00 ( 94, 13)
n=  2585   udiff=  1.0631E+01 ( 98, 15)   vdiff=  8.0697E+00 ( 94, 13)
n=  2586   udiff=  1.0647E+01 ( 98, 15)   vdiff=  8.0760E+00 ( 94, 13)
n=  2587   udiff=  1.0662E+01 ( 98, 15)   vdiff=  8.0812E+00 ( 94, 13)
n=  2588   udiff=  1.0675E+01 ( 98, 15)   vdiff=  8.0854E+00 ( 94, 13)
n=  2589   udiff=  1.0687E+01 ( 98, 15)   vdiff=  8.0887E+00 ( 94, 13)
n=  2590   udiff=  1.0697E+01 ( 98, 15)   vdiff=  8.0910E+00 ( 94, 13)
n=  2591   udiff=  1.0706E+01 ( 98, 15)   vdiff=  8.0924E+00 ( 94, 13)
n=  2592   udiff=  1.0714E+01 ( 98, 15)   vdiff=  8.0930E+00 ( 94, 13)
n=  2593   udiff=  1.0720E+01 ( 98, 15)   vdiff=  8.0928E+00 ( 94, 13)
n=  2594   udiff=  1.0725E+01 ( 98, 15)   vdiff=  8.0918E+00 ( 94, 13)
n=  2595   udiff=  1.0728E+01 ( 98, 15)   vdiff=  8.0900E+00 ( 94, 13)
n=  2596   udiff=  1.0729E+01 ( 98, 15)   vdiff=  8.0874E+00 ( 94, 13)
n=  2597   udiff=  1.0729E+01 ( 98, 15)   vdiff=  8.0840E+00 ( 94, 13)
n=  2598   udiff=  1.0728E+01 ( 98, 15)   vdiff=  8.0800E+00 ( 94, 13)
n=  2599   udiff=  1.0725E+01 ( 98, 15)   vdiff=  8.0752E+00 ( 94, 13)
n=  2600   udiff=  1.0720E+01 ( 98, 15)   vdiff=  8.0698E+00 ( 94, 13)
n=  2601   udiff=  1.0714E+01 ( 98, 15)   vdiff=  8.0637E+00 ( 94, 13)
n=  2602   udiff=  1.0707E+01 ( 98, 15)   vdiff=  8.0570E+00 ( 94, 13)
n=  2603   udiff=  1.0697E+01 ( 98, 15)   vdiff=  8.0497E+00 ( 94, 13)
n=  2604   udiff=  1.0687E+01 ( 98, 15)   vdiff=  8.0491E+00 ( 94, 13)
n=  2605   udiff=  1.0674E+01 ( 98, 15)   vdiff=  8.0477E+00 ( 94, 13)
n=  2606   udiff=  1.0660E+01 ( 98, 15)   vdiff=  8.0453E+00 ( 94, 13)
n=  2607   udiff=  1.0645E+01 ( 98, 15)   vdiff=  8.0421E+00 ( 94, 13)
n=  2608   udiff=  1.0628E+01 ( 98, 15)   vdiff=  8.0380E+00 ( 94, 13)
n=  2609   udiff=  1.0609E+01 ( 98, 15)   vdiff=  8.0331E+00 ( 94, 13)
n=  2610   udiff=  1.0589E+01 ( 98, 15)   vdiff=  8.0418E+00 ( 95, 13)
n=  2611   udiff=  1.0568E+01 ( 98, 15)   vdiff=  8.0706E+00 ( 95, 13)
n=  2612   udiff=  1.0545E+01 ( 98, 15)   vdiff=  8.0979E+00 ( 95, 13)
n=  2613   udiff=  1.0520E+01 ( 98, 15)   vdiff=  8.1237E+00 ( 95, 13)
n=  2614   udiff=  1.0546E+01 ( 99, 15)   vdiff=  8.1480E+00 ( 95, 13)
n=  2615   udiff=  1.0574E+01 ( 99, 15)   vdiff=  8.1708E+00 ( 95, 13)
n=  2616   udiff=  1.0602E+01 ( 99, 15)   vdiff=  8.1921E+00 ( 95, 13)
n=  2617   udiff=  1.0627E+01 ( 99, 15)   vdiff=  8.2120E+00 ( 95, 13)
n=  2618   udiff=  1.0652E+01 ( 99, 15)   vdiff=  8.2305E+00 ( 95, 13)
n=  2619   udiff=  1.0675E+01 ( 99, 15)   vdiff=  8.2475E+00 ( 95, 13)
n=  2620   udiff=  1.0697E+01 ( 99, 15)   vdiff=  8.2632E+00 ( 95, 13)
n=  2621   udiff=  1.0717E+01 ( 99, 15)   vdiff=  8.2775E+00 ( 95, 13)
n=  2622   udiff=  1.0736E+01 ( 99, 15)   vdiff=  8.2905E+00 ( 95, 13)
n=  2623   udiff=  1.0754E+01 ( 99, 15)   vdiff=  8.3023E+00 ( 95, 13)
n=  2624   udiff=  1.0770E+01 ( 99, 15)   vdiff=  8.3130E+00 ( 95, 13)
n=  2625   udiff=  1.0784E+01 ( 99, 15)   vdiff=  8.3226E+00 ( 95, 13)
n=  2626   udiff=  1.0798E+01 ( 99, 15)   vdiff=  8.3309E+00 ( 95, 13)
n=  2627   udiff=  1.0809E+01 ( 99, 15)   vdiff=  8.3381E+00 ( 95, 13)
n=  2628   udiff=  1.0820E+01 ( 99, 15)   vdiff=  8.3443E+00 ( 95, 13)
n=  2629   udiff=  1.0828E+01 ( 99, 15)   vdiff=  8.3494E+00 ( 95, 13)
n=  2630   udiff=  1.0836E+01 ( 99, 15)   vdiff=  8.3536E+00 ( 95, 13)
n=  2631   udiff=  1.0841E+01 ( 99, 15)   vdiff=  8.3567E+00 ( 95, 13)
n=  2632   udiff=  1.0845E+01 ( 99, 15)   vdiff=  8.3588E+00 ( 95, 13)
n=  2633   udiff=  1.0848E+01 ( 99, 15)   vdiff=  8.3600E+00 ( 95, 13)
n=  2634   udiff=  1.0849E+01 ( 99, 15)   vdiff=  8.3602E+00 ( 95, 13)
n=  2635   udiff=  1.0848E+01 ( 99, 15)   vdiff=  8.3594E+00 ( 95, 13)
n=  2636   udiff=  1.0846E+01 ( 99, 15)   vdiff=  8.3577E+00 ( 95, 13)
n=  2637   udiff=  1.0842E+01 ( 99, 15)   vdiff=  8.3551E+00 ( 95, 13)
n=  2638   udiff=  1.0837E+01 ( 99, 15)   vdiff=  8.3516E+00 ( 95, 13)
n=  2639   udiff=  1.0830E+01 ( 99, 15)   vdiff=  8.3472E+00 ( 95, 13)
n=  2640   udiff=  1.0821E+01 ( 99, 15)   vdiff=  8.3420E+00 ( 95, 13)
n=  2641   udiff=  1.0811E+01 ( 99, 15)   vdiff=  8.3359E+00 ( 95, 13)
n=  2642   udiff=  1.0799E+01 ( 99, 15)   vdiff=  8.3360E+00 ( 95, 13)
n=  2643   udiff=  1.0785E+01 ( 99, 15)   vdiff=  8.3349E+00 ( 95, 13)
n=  2644   udiff=  1.0770E+01 ( 99, 15)   vdiff=  8.3326E+00 ( 95, 13)
n=  2645   udiff=  1.0753E+01 ( 99, 15)   vdiff=  8.3292E+00 ( 95, 13)
n=  2646   udiff=  1.0735E+01 ( 99, 15)   vdiff=  8.3247E+00 ( 95, 13)
n=  2647   udiff=  1.0715E+01 ( 99, 15)   vdiff=  8.3190E+00 ( 95, 13)
n=  2648   udiff=  1.0694E+01 ( 99, 15)   vdiff=  8.3121E+00 ( 95, 13)
n=  2649   udiff=  1.0670E+01 ( 99, 15)   vdiff=  8.3040E+00 ( 95, 13)
n=  2650   udiff=  1.0646E+01 ( 99, 15)   vdiff=  8.2948E+00 ( 95, 13)
n=  2651   udiff=  1.0657E+01 (100, 15)   vdiff=  8.3133E+00 ( 96, 13)
n=  2652   udiff=  1.0686E+01 (100, 15)   vdiff=  8.3418E+00 ( 96, 13)
n=  2653   udiff=  1.0714E+01 (100, 15)   vdiff=  8.3687E+00 ( 96, 13)
n=  2654   udiff=  1.0740E+01 (100, 15)   vdiff=  8.3941E+00 ( 96, 13)
n=  2655   udiff=  1.0766E+01 (100, 15)   vdiff=  8.4180E+00 ( 96, 13)
n=  2656   udiff=  1.0789E+01 (100, 15)   vdiff=  8.4403E+00 ( 96, 13)
n=  2657   udiff=  1.0812E+01 (100, 15)   vdiff=  8.4612E+00 ( 96, 13)
n=  2658   udiff=  1.0832E+01 (100, 15)   vdiff=  8.4805E+00 ( 96, 13)
n=  2659   udiff=  1.0852E+01 (100, 15)   vdiff=  8.4984E+00 ( 96, 13)
n=  2660   udiff=  1.0870E+01 (100, 15)   vdiff=  8.5149E+00 ( 96, 13)
n=  2661   udiff=  1.0886E+01 (100, 15)   vdiff=  8.5302E+00 ( 96, 13)
n=  2662   udiff=  1.0901E+01 (100, 15)   vdiff=  8.5442E+00 ( 96, 13)
n=  2663   udiff=  1.0914E+01 (100, 15)   vdiff=  8.5569E+00 ( 96, 13)
n=  2664   udiff=  1.0926E+01 (100, 15)   vdiff=  8.5682E+00 ( 96, 13)
n=  2665   udiff=  1.0936E+01 (100, 15)   vdiff=  8.5783E+00 ( 96, 13)
n=  2666   udiff=  1.0945E+01 (100, 15)   vdiff=  8.5873E+00 ( 96, 13)
n=  2667   udiff=  1.0952E+01 (100, 15)   vdiff=  8.5951E+00 ( 96, 13)
n=  2668   udiff=  1.0957E+01 (100, 15)   vdiff=  8.6016E+00 ( 96, 13)
n=  2669   udiff=  1.0961E+01 (100, 15)   vdiff=  8.6070E+00 ( 96, 13)
n=  2670   udiff=  1.0963E+01 (100, 15)   vdiff=  8.6111E+00 ( 96, 13)
n=  2671   udiff=  1.0964E+01 (100, 15)   vdiff=  8.6141E+00 ( 96, 13)
n=  2672   udiff=  1.0963E+01 (100, 15)   vdiff=  8.6159E+00 ( 96, 13)
n=  2673   udiff=  1.0960E+01 (100, 15)   vdiff=  8.6166E+00 ( 96, 13)
n=  2674   udiff=  1.0955E+01 (100, 15)   vdiff=  8.6161E+00 ( 96, 13)
n=  2675   udiff=  1.0949E+01 (100, 15)   vdiff=  8.6145E+00 ( 96, 13)
n=  2676   udiff=  1.0941E+01 (100, 15)   vdiff=  8.6118E+00 ( 96, 13)
n=  2677   udiff=  1.0932E+01 (100, 15)   vdiff=  8.6080E+00 ( 96, 13)
n=  2678   udiff=  1.0921E+01 (100, 15)   vdiff=  8.6029E+00 ( 96, 13)
n=  2679   udiff=  1.0908E+01 (100, 15)   vdiff=  8.6017E+00 ( 96, 13)
n=  2680   udiff=  1.0893E+01 (100, 15)   vdiff=  8.6009E+00 ( 96, 13)
n=  2681   udiff=  1.0877E+01 (100, 15)   vdiff=  8.5986E+00 ( 96, 13)
n=  2682   udiff=  1.0859E+01 (100, 15)   vdiff=  8.5949E+00 ( 96, 13)
n=  2683   udiff=  1.0840E+01 (100, 15)   vdiff=  8.5898E+00 ( 96, 13)
n=  2684   udiff=  1.0819E+01 (100, 15)   vdiff=  8.5832E+00 ( 96, 13)
n=  2685   udiff=  1.0796E+01 (100, 15)   vdiff=  8.5751E+00 ( 96, 13)
n=  2686   udiff=  1.0771E+01 (100, 15)   vdiff=  8.5655E+00 ( 96, 13)
n=  2687   udiff=  1.0759E+01 (101, 15)   vdiff=  8.5543E+00 ( 96, 13)
n=  2688   udiff=  1.0789E+01 (101, 15)   vdiff=  8.5417E+00 ( 96, 13)
n=  2689   udiff=  1.0818E+01 (101, 15)   vdiff=  8.5274E+00 ( 96, 13)
n=  2690   udiff=  1.0846E+01 (101, 15)   vdiff=  8.5485E+00 ( 97, 13)
n=  2691   udiff=  1.0872E+01 (101, 15)   vdiff=  8.5781E+00 ( 97, 13)
n=  2692   udiff=  1.0896E+01 (101, 15)   vdiff=  8.6059E+00 ( 97, 13)
n=  2693   udiff=  1.0919E+01 (101, 15)   vdiff=  8.6322E+00 ( 97, 13)
n=  2694   udiff=  1.0941E+01 (101, 15)   vdiff=  8.6569E+00 ( 97, 13)
n=  2695   udiff=  1.0961E+01 (101, 15)   vdiff=  8.6800E+00 ( 97, 13)
n=  2696   udiff=  1.0979E+01 (101, 15)   vdiff=  8.7015E+00 ( 97, 13)
n=  2697   udiff=  1.0996E+01 (101, 15)   vdiff=  8.7214E+00 ( 97, 13)
n=  2698   udiff=  1.1011E+01 (101, 15)   vdiff=  8.7401E+00 ( 97, 13)
n=  2699   udiff=  1.1025E+01 (101, 15)   vdiff=  8.7573E+00 ( 97, 13)
n=  2700   udiff=  1.1037E+01 (101, 15)   vdiff=  8.7730E+00 ( 97, 13)
n=  2701   udiff=  1.1047E+01 (101, 15)   vdiff=  8.7872E+00 ( 97, 13)
n=  2702   udiff=  1.1056E+01 (101, 15)   vdiff=  8.8001E+00 ( 97, 13)
n=  2703   udiff=  1.1063E+01 (101, 15)   vdiff=  8.8117E+00 ( 97, 13)
n=  2704   udiff=  1.1068E+01 (101, 15)   vdiff=  8.8218E+00 ( 97, 13)
n=  2705   udiff=  1.1072E+01 (101, 15)   vdiff=  8.8305E+00 ( 97, 13)
n=  2706   udiff=  1.1074E+01 (101, 15)   vdiff=  8.8379E+00 ( 97, 13)
n=  2707   udiff=  1.1074E+01 (101, 15)   vdiff=  8.8438E+00 ( 97, 13)
n=  2708   udiff=  1.1073E+01 (101, 15)   vdiff=  8.8484E+00 ( 97, 13)
n=  2709   udiff=  1.1070E+01 (101, 15)   vdiff=  8.8516E+00 ( 97, 13)
n=  2710   udiff=  1.1065E+01 (101, 15)   vdiff=  8.8534E+00 ( 97, 13)
n=  2711   udiff=  1.1059E+01 (101, 15)   vdiff=  8.8539E+00 ( 97, 13)
n=  2712   udiff=  1.1050E+01 (101, 15)   vdiff=  8.8529E+00 ( 97, 13)
n=  2713   udiff=  1.1040E+01 (101, 15)   vdiff=  8.8507E+00 ( 97, 13)
n=  2714   udiff=  1.1029E+01 (101, 15)   vdiff=  8.8469E+00 ( 97, 13)
n=  2715   udiff=  1.1015E+01 (101, 15)   vdiff=  8.8423E+00 ( 97, 13)
n=  2716   udiff=  1.1000E+01 (101, 15)   vdiff=  8.8420E+00 ( 97, 13)
n=  2717   udiff=  1.0983E+01 (101, 15)   vdiff=  8.8399E+00 ( 97, 13)
n=  2718   udiff=  1.0964E+01 (101, 15)   vdiff=  8.8361E+00 ( 97, 13)
n=  2719   udiff=  1.0944E+01 (101, 15)   vdiff=  8.8305E+00 ( 97, 13)
n=  2720   udiff=  1.0921E+01 (101, 15)   vdiff=  8.8231E+00 ( 97, 13)
n=  2721   udiff=  1.0897E+01 (101, 15)   vdiff=  8.8140E+00 ( 97, 13)
n=  2722   udiff=  1.0871E+01 (101, 15)   vdiff=  8.8030E+00 ( 97, 13)
n=  2723   udiff=  1.0884E+01 (102, 15)   vdiff=  8.7902E+00 ( 97, 13)
n=  2724   udiff=  1.0914E+01 (102, 15)   vdiff=  8.7755E+00 ( 97, 13)
n=  2725   udiff=  1.0942E+01 (102, 15)   vdiff=  8.7589E+00 ( 97, 13)
n=  2726   udiff=  1.0969E+01 (102, 15)   vdiff=  8.7404E+00 ( 97, 13)
n=  2727   udiff=  1.0995E+01 (102, 15)   vdiff=  8.7382E+00 ( 98, 13)
n=  2728   udiff=  1.1019E+01 (102, 15)   vdiff=  8.7702E+00 ( 98, 13)
n=  2729   udiff=  1.1041E+01 (102, 15)   vdiff=  8.8005E+00 ( 98, 13)
n=  2730   udiff=  1.1062E+01 (102, 15)   vdiff=  8.8291E+00 ( 98, 13)
n=  2731   udiff=  1.1081E+01 (102, 15)   vdiff=  8.8559E+00 ( 98, 13)
n=  2732   udiff=  1.1099E+01 (102, 15)   vdiff=  8.8811E+00 ( 98, 13)
n=  2733   udiff=  1.1115E+01 (102, 15)   vdiff=  8.9045E+00 ( 98, 13)
n=  2734   udiff=  1.1129E+01 (102, 15)   vdiff=  8.9265E+00 ( 98, 13)
n=  2735   udiff=  1.1142E+01 (102, 15)   vdiff=  8.9469E+00 ( 98, 13)
n=  2736   udiff=  1.1153E+01 (102, 15)   vdiff=  8.9656E+00 ( 98, 13)
n=  2737   udiff=  1.1162E+01 (102, 15)   vdiff=  8.9827E+00 ( 98, 13)
n=  2738   udiff=  1.1170E+01 (102, 15)   vdiff=  8.9983E+00 ( 98, 13)
n=  2739   udiff=  1.1175E+01 (102, 15)   vdiff=  9.0123E+00 ( 98, 13)
n=  2740   udiff=  1.1179E+01 (102, 15)   vdiff=  9.0248E+00 ( 98, 13)
n=  2741   udiff=  1.1182E+01 (102, 15)   vdiff=  9.0356E+00 ( 98, 13)
n=  2742   udiff=  1.1182E+01 (102, 15)   vdiff=  9.0449E+00 ( 98, 13)
n=  2743   udiff=  1.1181E+01 (102, 15)   vdiff=  9.0526E+00 ( 98, 13)
n=  2744   udiff=  1.1178E+01 (102, 15)   vdiff=  9.0586E+00 ( 98, 13)
n=  2745   udiff=  1.1173E+01 (102, 15)   vdiff=  9.0631E+00 ( 98, 13)
n=  2746   udiff=  1.1166E+01 (102, 15)   vdiff=  9.0659E+00 ( 98, 13)
n=  2747   udiff=  1.1158E+01 (102, 15)   vdiff=  9.0672E+00 ( 98, 13)
n=  2748   udiff=  1.1148E+01 (102, 15)   vdiff=  9.0668E+00 ( 98, 13)
n=  2749   udiff=  1.1136E+01 (102, 15)   vdiff=  9.0647E+00 ( 98, 13)
n=  2750   udiff=  1.1122E+01 (102, 15)   vdiff=  9.0609E+00 ( 98, 13)
n=  2751   udiff=  1.1107E+01 (102, 15)   vdiff=  9.0559E+00 ( 98, 13)
n=  2752   udiff=  1.1089E+01 (102, 15)   vdiff=  9.0546E+00 ( 98, 13)
n=  2753   udiff=  1.1070E+01 (102, 15)   vdiff=  9.0511E+00 ( 98, 13)
n=  2754   udiff=  1.1049E+01 (102, 15)   vdiff=  9.0456E+00 ( 98, 13)
n=  2755   udiff=  1.1026E+01 (102, 15)   vdiff=  9.0380E+00 ( 98, 13)
n=  2756   udiff=  1.1001E+01 (102, 15)   vdiff=  9.0283E+00 ( 98, 13)
n=  2757   udiff=  1.0974E+01 (102, 15)   vdiff=  9.0166E+00 ( 98, 13)
n=  2758   udiff=  1.0999E+01 (103, 15)   vdiff=  9.0027E+00 ( 98, 13)
n=  2759   udiff=  1.1029E+01 (103, 15)   vdiff=  8.9866E+00 ( 98, 13)
n=  2760   udiff=  1.1058E+01 (103, 15)   vdiff=  8.9683E+00 ( 98, 13)
n=  2761   udiff=  1.1085E+01 (103, 15)   vdiff=  8.9478E+00 ( 98, 13)
n=  2762   udiff=  1.1110E+01 (103, 15)   vdiff=  8.9250E+00 ( 98, 13)
n=  2763   udiff=  1.1134E+01 (103, 15)   vdiff=  8.9055E+00 ( 99, 13)
n=  2764   udiff=  1.1156E+01 (103, 15)   vdiff=  8.9400E+00 ( 99, 13)
n=  2765   udiff=  1.1177E+01 (103, 15)   vdiff=  8.9726E+00 ( 99, 13)
n=  2766   udiff=  1.1195E+01 (103, 15)   vdiff=  9.0034E+00 ( 99, 13)
n=  2767   udiff=  1.1213E+01 (103, 15)   vdiff=  9.0324E+00 ( 99, 13)
n=  2768   udiff=  1.1228E+01 (103, 15)   vdiff=  9.0595E+00 ( 99, 13)
n=  2769   udiff=  1.1242E+01 (103, 15)   vdiff=  9.0848E+00 ( 99, 13)
n=  2770   udiff=  1.1253E+01 (103, 15)   vdiff=  9.1085E+00 ( 99, 13)
n=  2771   udiff=  1.1264E+01 (103, 15)   vdiff=  9.1304E+00 ( 99, 13)
n=  2772   udiff=  1.1272E+01 (103, 15)   vdiff=  9.1505E+00 ( 99, 13)
n=  2773   udiff=  1.1278E+01 (103, 15)   vdiff=  9.1688E+00 ( 99, 13)
n=  2774   udiff=  1.1283E+01 (103, 15)   vdiff=  9.1855E+00 ( 99, 13)
n=  2775   udiff=  1.1286E+01 (103, 15)   vdiff=  9.2004E+00 ( 99, 13)
n=  2776   udiff=  1.1287E+01 (103, 15)   vdiff=  9.2135E+00 ( 99, 13)
n=  2777   udiff=  1.1286E+01 (103, 15)   vdiff=  9.2248E+00 ( 99, 13)
n=  2778   udiff=  1.1284E+01 (103, 15)   vdiff=  9.2343E+00 ( 99, 13)
n=  2779   udiff=  1.1280E+01 (103, 15)   vdiff=  9.2420E+00 ( 99, 13)
n=  2780   udiff=  1.1273E+01 (103, 15)   vdiff=  9.2478E+00 ( 99, 13)
n=  2781   udiff=  1.1265E+01 (103, 15)   vdiff=  9.2518E+00 ( 99, 13)
n=  2782   udiff=  1.1256E+01 (103, 15)   vdiff=  9.2540E+00 ( 99, 13)
n=  2783   udiff=  1.1244E+01 (103, 15)   vdiff=  9.2543E+00 ( 99, 13)
n=  2784   udiff=  1.1230E+01 (103, 15)   vdiff=  9.2526E+00 ( 99, 13)
n=  2785   udiff=  1.1215E+01 (103, 15)   vdiff=  9.2490E+00 ( 99, 13)
n=  2786   udiff=  1.1198E+01 (103, 15)   vdiff=  9.2431E+00 ( 99, 13)
n=  2787   udiff=  1.1178E+01 (103, 15)   vdiff=  9.2394E+00 ( 99, 13)
n=  2788   udiff=  1.1157E+01 (103, 15)   vdiff=  9.2349E+00 ( 99, 13)
n=  2789   udiff=  1.1134E+01 (103, 15)   vdiff=  9.2280E+00 ( 99, 13)
n=  2790   udiff=  1.1109E+01 (103, 15)   vdiff=  9.2188E+00 ( 99, 13)
n=  2791   udiff=  1.1082E+01 (103, 15)   vdiff=  9.2072E+00 ( 99, 13)
n=  2792   udiff=  1.1105E+01 (104, 15)   vdiff=  9.1931E+00 ( 99, 13)
n=  2793   udiff=  1.1136E+01 (104, 15)   vdiff=  9.1767E+00 ( 99, 13)
n=  2794   udiff=  1.1165E+01 (104, 15)   vdiff=  9.1577E+00 ( 99, 13)
n=  2795   udiff=  1.1192E+01 (104, 15)   vdiff=  9.1362E+00 ( 99, 13)
n=  2796   udiff=  1.1218E+01 (104, 15)   vdiff=  9.1122E+00 ( 99, 13)
n=  2797   udiff=  1.1242E+01 (104, 15)   vdiff=  9.0856E+00 ( 99, 13)
n=  2798   udiff=  1.1264E+01 (104, 15)   vdiff=  9.0563E+00 ( 99, 13)
n=  2799   udiff=  1.1284E+01 (104, 15)   vdiff=  9.0830E+00 (100, 13)
n=  2800   udiff=  1.1303E+01 (104, 15)   vdiff=  9.1180E+00 (100, 13)
n=  2801   udiff=  1.1320E+01 (104, 15)   vdiff=  9.1511E+00 (100, 13)
n=  2802   udiff=  1.1335E+01 (104, 15)   vdiff=  9.1821E+00 (100, 13)
n=  2803   udiff=  1.1349E+01 (104, 15)   vdiff=  9.2112E+00 (100, 13)
n=  2804   udiff=  1.1360E+01 (104, 15)   vdiff=  9.2383E+00 (100, 13)
n=  2805   udiff=  1.1370E+01 (104, 15)   vdiff=  9.2638E+00 (100, 13)
n=  2806   udiff=  1.1378E+01 (104, 15)   vdiff=  9.2872E+00 (100, 13)
n=  2807   udiff=  1.1384E+01 (104, 15)   vdiff=  9.3087E+00 (100, 13)
n=  2808   udiff=  1.1388E+01 (104, 15)   vdiff=  9.3282E+00 (100, 13)
n=  2809   udiff=  1.1390E+01 (104, 15)   vdiff=  9.3459E+00 (100, 13)
n=  2810   udiff=  1.1391E+01 (104, 15)   vdiff=  9.3616E+00 (100, 13)
n=  2811   udiff=  1.1389E+01 (104, 15)   vdiff=  9.3753E+00 (100, 13)
n=  2812   udiff=  1.1386E+01 (104, 15)   vdiff=  9.3871E+00 (100, 13)
n=  2813   udiff=  1.1381E+01 (104, 15)   vdiff=  9.3968E+00 (100, 13)
n=  2814   udiff=  1.1374E+01 (104, 15)   vdiff=  9.4045E+00 (100, 13)
n=  2815   udiff=  1.1365E+01 (104, 15)   vdiff=  9.4101E+00 (100, 13)
n=  2816   udiff=  1.1354E+01 (104, 15)   vdiff=  9.4136E+00 (100, 13)
n=  2817   udiff=  1.1341E+01 (104, 15)   vdiff=  9.4151E+00 (100, 13)
n=  2818   udiff=  1.1327E+01 (104, 15)   vdiff=  9.4143E+00 (100, 13)
n=  2819   udiff=  1.1310E+01 (104, 15)   vdiff=  9.4114E+00 (100, 13)
n=  2820   udiff=  1.1291E+01 (104, 15)   vdiff=  9.4061E+00 (100, 13)
n=  2821   udiff=  1.1270E+01 (104, 15)   vdiff=  9.3985E+00 (100, 13)
n=  2822   udiff=  1.1248E+01 (104, 15)   vdiff=  9.3931E+00 (100, 13)
n=  2823   udiff=  1.1223E+01 (104, 15)   vdiff=  9.3856E+00 (100, 13)
n=  2824   udiff=  1.1197E+01 (104, 15)   vdiff=  9.3755E+00 (100, 13)
n=  2825   udiff=  1.1202E+01 (105, 15)   vdiff=  9.3627E+00 (100, 13)
n=  2826   udiff=  1.1234E+01 (105, 15)   vdiff=  9.3472E+00 (100, 13)
n=  2827   udiff=  1.1263E+01 (105, 15)   vdiff=  9.3291E+00 (100, 13)
n=  2828   udiff=  1.1291E+01 (105, 15)   vdiff=  9.3081E+00 (100, 13)
n=  2829   udiff=  1.1318E+01 (105, 15)   vdiff=  9.2844E+00 (100, 13)
n=  2830   udiff=  1.1342E+01 (105, 15)   vdiff=  9.2578E+00 (100, 13)
n=  2831   udiff=  1.1365E+01 (105, 15)   vdiff=  9.2284E+00 (100, 13)
n=  2832   udiff=  1.1386E+01 (105, 15)   vdiff=  9.1960E+00 (100, 13)
n=  2833   udiff=  1.1405E+01 (105, 15)   vdiff=  9.1958E+00 (101, 13)
n=  2834   udiff=  1.1423E+01 (105, 15)   vdiff=  9.2333E+00 (101, 13)
n=  2835   udiff=  1.1438E+01 (105, 15)   vdiff=  9.2688E+00 (101, 13)
n=  2836   udiff=  1.1452E+01 (105, 15)   vdiff=  9.3023E+00 (101, 13)
n=  2837   udiff=  1.1464E+01 (105, 15)   vdiff=  9.3335E+00 (101, 13)
n=  2838   udiff=  1.1474E+01 (105, 15)   vdiff=  9.3627E+00 (101, 13)
n=  2839   udiff=  1.1482E+01 (105, 15)   vdiff=  9.3901E+00 (101, 13)
n=  2840   udiff=  1.1488E+01 (105, 15)   vdiff=  9.4153E+00 (101, 13)
n=  2841   udiff=  1.1492E+01 (105, 15)   vdiff=  9.4384E+00 (101, 13)
n=  2842   udiff=  1.1494E+01 (105, 15)   vdiff=  9.4593E+00 (101, 13)
n=  2843   udiff=  1.1495E+01 (105, 15)   vdiff=  9.4782E+00 (101, 13)
n=  2844   udiff=  1.1493E+01 (105, 15)   vdiff=  9.4950E+00 (101, 13)
n=  2845   udiff=  1.1490E+01 (105, 15)   vdiff=  9.5097E+00 (101, 13)
n=  2846   udiff=  1.1484E+01 (105, 15)   vdiff=  9.5221E+00 (101, 13)
n=  2847   udiff=  1.1477E+01 (105, 15)   vdiff=  9.5324E+00 (101, 13)
n=  2848   udiff=  1.1468E+01 (105, 15)   vdiff=  9.5403E+00 (101, 13)
n=  2849   udiff=  1.1456E+01 (105, 15)   vdiff=  9.5460E+00 (101, 13)
n=  2850   udiff=  1.1443E+01 (105, 15)   vdiff=  9.5494E+00 (101, 13)
n=  2851   udiff=  1.1428E+01 (105, 15)   vdiff=  9.5504E+00 (101, 13)
n=  2852   udiff=  1.1410E+01 (105, 15)   vdiff=  9.5491E+00 (101, 13)
n=  2853   udiff=  1.1391E+01 (105, 15)   vdiff=  9.5454E+00 (101, 13)
n=  2854   udiff=  1.1370E+01 (105, 15)   vdiff=  9.5389E+00 (101, 13)
n=  2855   udiff=  1.1346E+01 (105, 15)   vdiff=  9.5299E+00 (101, 13)
n=  2856   udiff=  1.1321E+01 (105, 15)   vdiff=  9.5212E+00 (101, 13)
n=  2857   udiff=  1.1294E+01 (105, 15)   vdiff=  9.5113E+00 (101, 13)
n=  2858   udiff=  1.1323E+01 (106, 15)   vdiff=  9.4985E+00 (101, 13)
n=  2859   udiff=  1.1354E+01 (106, 15)   vdiff=  9.4829E+00 (101, 13)
n=  2860   udiff=  1.1383E+01 (106, 15)   vdiff=  9.4642E+00 (101, 13)
n=  2861   udiff=  1.1411E+01 (106, 15)   vdiff=  9.4426E+00 (101, 13)
n=  2862   udiff=  1.1437E+01 (106, 15)   vdiff=  9.4180E+00 (101, 13)
n=  2863   udiff=  1.1461E+01 (106, 15)   vdiff=  9.3903E+00 (101, 13)
n=  2864   udiff=  1.1483E+01 (106, 15)   vdiff=  9.3594E+00 (101, 13)
n=  2865   udiff=  1.1503E+01 (106, 15)   vdiff=  9.3309E+00 (109, 11)
n=  2866   udiff=  1.1522E+01 (106, 15)   vdiff=  9.3440E+00 (109, 11)
n=  2867   udiff=  1.1538E+01 (106, 15)   vdiff=  9.3556E+00 (109, 11)
n=  2868   udiff=  1.1553E+01 (106, 15)   vdiff=  9.3657E+00 (109, 11)
n=  2869   udiff=  1.1566E+01 (106, 15)   vdiff=  9.3911E+00 (102, 13)
n=  2870   udiff=  1.1577E+01 (106, 15)   vdiff=  9.4250E+00 (102, 13)
n=  2871   udiff=  1.1585E+01 (106, 15)   vdiff=  9.4568E+00 (102, 13)
n=  2872   udiff=  1.1592E+01 (106, 15)   vdiff=  9.4863E+00 (102, 13)
n=  2873   udiff=  1.1597E+01 (106, 15)   vdiff=  9.5138E+00 (102, 13)
n=  2874   udiff=  1.1600E+01 (106, 15)   vdiff=  9.5391E+00 (102, 13)
n=  2875   udiff=  1.1601E+01 (106, 15)   vdiff=  9.5620E+00 (102, 13)
n=  2876   udiff=  1.1600E+01 (106, 15)   vdiff=  9.5826E+00 (102, 13)
n=  2877   udiff=  1.1597E+01 (106, 15)   vdiff=  9.6009E+00 (102, 13)
n=  2878   udiff=  1.1592E+01 (106, 15)   vdiff=  9.6170E+00 (102, 13)
n=  2879   udiff=  1.1585E+01 (106, 15)   vdiff=  9.6308E+00 (102, 13)
n=  2880   udiff=  1.1576E+01 (106, 15)   vdiff=  9.6421E+00 (102, 13)
n=  2881   udiff=  1.1565E+01 (106, 15)   vdiff=  9.6510E+00 (102, 13)
n=  2882   udiff=  1.1552E+01 (106, 15)   vdiff=  9.6575E+00 (102, 13)
n=  2883   udiff=  1.1537E+01 (106, 15)   vdiff=  9.6614E+00 (102, 13)
n=  2884   udiff=  1.1520E+01 (106, 15)   vdiff=  9.6627E+00 (102, 13)
n=  2885   udiff=  1.1501E+01 (106, 15)   vdiff=  9.6615E+00 (102, 13)
n=  2886   udiff=  1.1479E+01 (106, 15)   vdiff=  9.6577E+00 (102, 13)
n=  2887   udiff=  1.1456E+01 (106, 15)   vdiff=  9.6510E+00 (102, 13)
n=  2888   udiff=  1.1431E+01 (106, 15)   vdiff=  9.6415E+00 (102, 13)
n=  2889   udiff=  1.1404E+01 (107, 15)   vdiff=  9.6292E+00 (102, 13)
n=  2890   udiff=  1.1438E+01 (107, 15)   vdiff=  9.6176E+00 (102, 13)
n=  2891   udiff=  1.1469E+01 (107, 15)   vdiff=  9.6033E+00 (102, 13)
n=  2892   udiff=  1.1499E+01 (107, 15)   vdiff=  9.5858E+00 (102, 13)
n=  2893   udiff=  1.1527E+01 (107, 15)   vdiff=  9.5652E+00 (102, 13)
n=  2894   udiff=  1.1552E+01 (107, 15)   vdiff=  9.5413E+00 (102, 13)
n=  2895   udiff=  1.1576E+01 (107, 15)   vdiff=  9.5361E+00 (110, 11)
n=  2896   udiff=  1.1599E+01 (107, 15)   vdiff=  9.5506E+00 (110, 11)
n=  2897   udiff=  1.1619E+01 (107, 15)   vdiff=  9.5634E+00 (110, 11)
n=  2898   udiff=  1.1637E+01 (107, 15)   vdiff=  9.5745E+00 (110, 11)
n=  2899   udiff=  1.1654E+01 (107, 15)   vdiff=  9.5841E+00 (110, 11)
n=  2900   udiff=  1.1668E+01 (107, 15)   vdiff=  9.5919E+00 (110, 11)
n=  2901   udiff=  1.1681E+01 (107, 15)   vdiff=  9.6448E+00 (120, 11)
n=  2902   udiff=  1.1691E+01 (107, 15)   vdiff=  9.7062E+00 (120, 11)
n=  2903   udiff=  1.1700E+01 (107, 15)   vdiff=  9.7677E+00 (120, 11)
n=  2904   udiff=  1.1706E+01 (107, 15)   vdiff=  9.8293E+00 (120, 11)
n=  2905   udiff=  1.1711E+01 (107, 15)   vdiff=  9.8910E+00 (120, 11)
n=  2906   udiff=  1.1713E+01 (107, 15)   vdiff=  9.9528E+00 (120, 11)
n=  2907   udiff=  1.1713E+01 (107, 15)   vdiff=  1.0015E+01 (120, 11)
n=  2908   udiff=  1.1712E+01 (107, 15)   vdiff=  1.0077E+01 (120, 11)
n=  2909   udiff=  1.1708E+01 (107, 15)   vdiff=  1.0139E+01 (120, 11)
n=  2910   udiff=  1.1702E+01 (107, 15)   vdiff=  1.0201E+01 (120, 11)
n=  2911   udiff=  1.1695E+01 (107, 15)   vdiff=  1.0263E+01 (120, 11)
n=  2912   udiff=  1.1685E+01 (107, 15)   vdiff=  1.0325E+01 (120, 11)
n=  2913   udiff=  1.1673E+01 (107, 15)   vdiff=  1.0387E+01 (120, 11)
n=  2914   udiff=  1.1659E+01 (107, 15)   vdiff=  1.0449E+01 (120, 11)
n=  2915   udiff=  1.1642E+01 (107, 15)   vdiff=  1.0512E+01 (120, 11)
n=  2916   udiff=  1.1624E+01 (107, 15)   vdiff=  1.0574E+01 (120, 11)
n=  2917   udiff=  1.1604E+01 (107, 15)   vdiff=  1.0636E+01 (120, 11)
n=  2918   udiff=  1.1582E+01 (107, 15)   vdiff=  1.0698E+01 (120, 11)
n=  2919   udiff=  1.1558E+01 (107, 15)   vdiff=  1.0760E+01 (120, 11)
n=  2920   udiff=  1.1532E+01 (107, 15)   vdiff=  1.0822E+01 (120, 11)
n=  2921   udiff=  1.1550E+01 (108, 15)   vdiff=  1.0884E+01 (120, 11)
n=  2922   udiff=  1.1583E+01 (108, 15)   vdiff=  1.0946E+01 (120, 11)
n=  2923   udiff=  1.1614E+01 (108, 15)   vdiff=  1.1008E+01 (120, 11)
n=  2924   udiff=  1.1642E+01 (108, 15)   vdiff=  1.1070E+01 (120, 11)
n=  2925   udiff=  1.1669E+01 (108, 15)   vdiff=  1.1131E+01 (120, 11)
n=  2926   udiff=  1.1694E+01 (108, 15)   vdiff=  1.1192E+01 (120, 11)
n=  2927   udiff=  1.1717E+01 (108, 15)   vdiff=  1.1254E+01 (120, 11)
n=  2928   udiff=  1.1738E+01 (108, 15)   vdiff=  1.1315E+01 (120, 11)
n=  2929   udiff=  1.1757E+01 (108, 15)   vdiff=  1.1376E+01 (120, 11)
n=  2930   udiff=  1.1774E+01 (108, 15)   vdiff=  1.1436E+01 (120, 11)
n=  2931   udiff=  1.1789E+01 (108, 15)   vdiff=  1.1497E+01 (120, 11)
n=  2932   udiff=  1.1802E+01 (108, 15)   vdiff=  1.1557E+01 (120, 11)
n=  2933   udiff=  1.1813E+01 (108, 15)   vdiff=  1.1617E+01 (120, 11)
n=  2934   udiff=  1.1822E+01 (108, 15)   vdiff=  1.1676E+01 (120, 11)
n=  2935   udiff=  1.1829E+01 (108, 15)   vdiff=  1.1736E+01 (120, 11)
n=  2936   udiff=  1.1833E+01 (108, 15)   vdiff=  1.1795E+01 (120, 11)
n=  2937   udiff=  1.1836E+01 (108, 15)   vdiff=  1.1854E+01 (120, 11)
n=  2938   udiff=  1.1837E+01 (108, 15)   vdiff=  1.1916E+01 (120, 12)
n=  2939   udiff=  1.1835E+01 (108, 15)   vdiff=  1.1993E+01 (120, 12)
n=  2940   udiff=  1.1832E+01 (108, 15)   vdiff=  1.2071E+01 (120, 12)
n=  2941   udiff=  1.1826E+01 (108, 15)   vdiff=  1.2148E+01 (120, 12)
n=  2942   udiff=  1.1818E+01 (108, 15)   vdiff=  1.2225E+01 (120, 12)
n=  2943   udiff=  1.1808E+01 (108, 15)   vdiff=  1.2302E+01 (120, 12)
n=  2944   udiff=  1.1796E+01 (108, 15)   vdiff=  1.2379E+01 (120, 12)
n=  2945   udiff=  1.1782E+01 (108, 15)   vdiff=  1.2456E+01 (120, 12)
n=  2946   udiff=  1.1766E+01 (108, 15)   vdiff=  1.2532E+01 (120, 12)
n=  2947   udiff=  1.1748E+01 (108, 15)   vdiff=  1.2609E+01 (120, 12)
n=  2948   udiff=  1.1727E+01 (108, 15)   vdiff=  1.2685E+01 (120, 12)
n=  2949   udiff=  1.1705E+01 (108, 15)   vdiff=  1.2760E+01 (120, 12)
n=  2950   udiff=  1.1681E+01 (108, 15)   vdiff=  1.2836E+01 (120, 12)
n=  2951   udiff=  1.1664E+01 (109, 15)   vdiff=  1.2911E+01 (120, 12)
n=  2952   udiff=  1.1698E+01 (109, 15)   vdiff=  1.2986E+01 (120, 12)
n=  2953   udiff=  1.1731E+01 (109, 15)   vdiff=  1.3060E+01 (120, 12)
n=  2954   udiff=  1.1761E+01 (109, 15)   vdiff=  1.3134E+01 (120, 12)
n=  2955   udiff=  1.1790E+01 (109, 15)   vdiff=  1.3207E+01 (120, 12)
n=  2956   udiff=  1.1816E+01 (109, 15)   vdiff=  1.3280E+01 (120, 12)
n=  2957   udiff=  1.1841E+01 (109, 15)   vdiff=  1.3352E+01 (120, 12)
n=  2958   udiff=  1.1863E+01 (109, 15)   vdiff=  1.3423E+01 (120, 12)
n=  2959   udiff=  1.1884E+01 (109, 15)   vdiff=  1.3494E+01 (120, 12)
n=  2960   udiff=  1.1903E+01 (109, 15)   vdiff=  1.3565E+01 (120, 12)
n=  2961   udiff=  1.1919E+01 (109, 15)   vdiff=  1.3634E+01 (120, 12)
n=  2962   udiff=  1.1934E+01 (109, 15)   vdiff=  1.3703E+01 (120, 12)
n=  2963   udiff=  1.1946E+01 (109, 15)   vdiff=  1.3772E+01 (120, 12)
n=  2964   udiff=  1.1956E+01 (109, 15)   vdiff=  1.3839E+01 (120, 12)
n=  2965   udiff=  1.1964E+01 (109, 15)   vdiff=  1.3905E+01 (120, 12)
n=  2966   udiff=  1.1971E+01 (109, 15)   vdiff=  1.3971E+01 (120, 12)
n=  2967   udiff=  1.1975E+01 (109, 15)   vdiff=  1.4036E+01 (120, 12)
n=  2968   udiff=  1.1976E+01 (109, 15)   vdiff=  1.4100E+01 (120, 12)
n=  2969   udiff=  1.1976E+01 (109, 15)   vdiff=  1.4162E+01 (120, 12)
n=  2970   udiff=  1.1974E+01 (109, 15)   vdiff=  1.4224E+01 (120, 12)
n=  2971   udiff=  1.1969E+01 (109, 15)   vdiff=  1.4285E+01 (120, 12)
n=  2972   udiff=  1.1962E+01 (109, 15)   vdiff=  1.4344E+01 (120, 12)
n=  2973   udiff=  1.1953E+01 (109, 15)   vdiff=  1.4402E+01 (120, 12)
n=  2974   udiff=  1.1942E+01 (109, 15)   vdiff=  1.4459E+01 (120, 12)
n=  2975   udiff=  1.1929E+01 (109, 15)   vdiff=  1.4515E+01 (120, 12)
n=  2976   udiff=  1.1914E+01 (109, 15)   vdiff=  1.4569E+01 (120, 12)
n=  2977   udiff=  1.1896E+01 (109, 15)   vdiff=  1.4622E+01 (120, 12)
n=  2978   udiff=  1.1877E+01 (109, 15)   vdiff=  1.4673E+01 (120, 12)
n=  2979   udiff=  1.1855E+01 (109, 15)   vdiff=  1.4723E+01 (120, 12)
n=  2980   udiff=  1.1831E+01 (109, 15)   vdiff=  1.4771E+01 (120, 12)
n=  2981   udiff=  1.1822E+01 (110, 15)   vdiff=  1.4818E+01 (120, 12)
n=  2982   udiff=  1.1857E+01 (110, 15)   vdiff=  1.4863E+01 (120, 12)
n=  2983   udiff=  1.1890E+01 (110, 15)   vdiff=  1.4907E+01 (120, 12)
n=  2984   udiff=  1.1921E+01 (110, 15)   vdiff=  1.4979E+01 (120, 13)
n=  2985   udiff=  1.1950E+01 (110, 15)   vdiff=  1.5068E+01 (120, 13)
n=  2986   udiff=  1.1978E+01 (110, 15)   vdiff=  1.5156E+01 (120, 13)
n=  2987   udiff=  1.2003E+01 (110, 15)   vdiff=  1.5243E+01 (120, 13)
n=  2988   udiff=  1.2026E+01 (110, 15)   vdiff=  1.5328E+01 (120, 13)
n=  2989   udiff=  1.2047E+01 (110, 15)   vdiff=  1.5411E+01 (120, 13)
n=  2990   udiff=  1.2066E+01 (110, 15)   vdiff=  1.5493E+01 (120, 13)
n=  2991   udiff=  1.2083E+01 (110, 15)   vdiff=  1.5573E+01 (120, 13)
n=  2992   udiff=  1.2098E+01 (110, 15)   vdiff=  1.5651E+01 (120, 13)
n=  2993   udiff=  1.2110E+01 (110, 15)   vdiff=  1.5728E+01 (120, 13)
n=  2994   udiff=  1.2121E+01 (110, 15)   vdiff=  1.5802E+01 (120, 13)
n=  2995   udiff=  1.2129E+01 (110, 15)   vdiff=  1.5874E+01 (120, 13)
n=  2996   udiff=  1.2136E+01 (110, 15)   vdiff=  1.5944E+01 (120, 13)
n=  2997   udiff=  1.2140E+01 (110, 15)   vdiff=  1.6011E+01 (120, 13)
n=  2998   udiff=  1.2141E+01 (110, 15)   vdiff=  1.6077E+01 (120, 13)
n=  2999   udiff=  1.2141E+01 (110, 15)   vdiff=  1.6139E+01 (120, 13)
n=  3000   udiff=  1.2138E+01 (110, 15)   vdiff=  1.6199E+01 (120, 13)
n=  3001   udiff=  1.2134E+01 (110, 15)   vdiff=  1.6257E+01 (120, 13)
n=  3002   udiff=  1.2126E+01 (110, 15)   vdiff=  1.6311E+01 (120, 13)
n=  3003   udiff=  1.2118E+01 (110, 15)   vdiff=  1.6363E+01 (120, 13)
n=  3004   udiff=  1.2107E+01 (110, 15)   vdiff=  1.6411E+01 (120, 13)
n=  3005   udiff=  1.2093E+01 (110, 15)   vdiff=  1.6457E+01 (120, 13)
n=  3006   udiff=  1.2078E+01 (110, 15)   vdiff=  1.6499E+01 (120, 13)
n=  3007   udiff=  1.2060E+01 (110, 15)   vdiff=  1.6538E+01 (120, 13)
n=  3008   udiff=  1.2040E+01 (110, 15)   vdiff=  1.6573E+01 (120, 13)
n=  3009   udiff=  1.2017E+01 (110, 15)   vdiff=  1.6606E+01 (120, 13)
n=  3010   udiff=  1.1992E+01 (110, 15)   vdiff=  1.6673E+01 (120, 14)
n=  3011   udiff=  1.2028E+01 (111, 15)   vdiff=  1.6821E+01 (120, 14)
n=  3012   udiff=  1.2063E+01 (111, 15)   vdiff=  1.6967E+01 (120, 14)
n=  3013   udiff=  1.2096E+01 (111, 15)   vdiff=  1.7111E+01 (120, 14)
n=  3014   udiff=  1.2127E+01 (111, 15)   vdiff=  1.7253E+01 (120, 14)
n=  3015   udiff=  1.2156E+01 (111, 15)   vdiff=  1.7393E+01 (120, 14)
n=  3016   udiff=  1.2183E+01 (111, 15)   vdiff=  1.7531E+01 (120, 14)
n=  3017   udiff=  1.2208E+01 (111, 15)   vdiff=  1.7666E+01 (120, 14)
n=  3018   udiff=  1.2230E+01 (111, 15)   vdiff=  1.7799E+01 (120, 14)
n=  3019   udiff=  1.2251E+01 (111, 15)   vdiff=  1.7928E+01 (120, 14)
n=  3020   udiff=  1.2269E+01 (111, 15)   vdiff=  1.8055E+01 (120, 14)
n=  3021   udiff=  1.2285E+01 (111, 15)   vdiff=  1.8178E+01 (120, 14)
n=  3022   udiff=  1.2299E+01 (111, 15)   vdiff=  1.8297E+01 (120, 14)
n=  3023   udiff=  1.2311E+01 (111, 15)   vdiff=  1.8413E+01 (120, 14)
n=  3024   udiff=  1.2320E+01 (111, 15)   vdiff=  1.8525E+01 (120, 14)
n=  3025   udiff=  1.2327E+01 (111, 15)   vdiff=  1.8633E+01 (120, 14)
n=  3026   udiff=  1.2332E+01 (111, 15)   vdiff=  1.8737E+01 (120, 14)
n=  3027   udiff=  1.2335E+01 (111, 15)   vdiff=  1.8836E+01 (120, 14)
n=  3028   udiff=  1.2335E+01 (111, 15)   vdiff=  1.8930E+01 (120, 14)
n=  3029   udiff=  1.2333E+01 (111, 15)   vdiff=  1.9019E+01 (120, 14)
n=  3030   udiff=  1.2330E+01 (111, 15)   vdiff=  1.9103E+01 (120, 14)
n=  3031   udiff=  1.2324E+01 (111, 15)   vdiff=  1.9182E+01 (120, 14)
n=  3032   udiff=  1.2360E+01 (120, 15)   vdiff=  1.9255E+01 (120, 14)
n=  3033   udiff=  1.2487E+01 (120, 15)   vdiff=  1.9322E+01 (120, 14)
n=  3034   udiff=  1.2612E+01 (120, 15)   vdiff=  1.9383E+01 (120, 14)
n=  3035   udiff=  1.2736E+01 (120, 15)   vdiff=  1.9438E+01 (120, 14)
n=  3036   udiff=  1.2857E+01 (120, 15)   vdiff=  1.9485E+01 (120, 14)
n=  3037   udiff=  1.2977E+01 (120, 15)   vdiff=  1.9526E+01 (120, 14)
n=  3038   udiff=  1.3094E+01 (120, 15)   vdiff=  1.9559E+01 (120, 14)
n=  3039   udiff=  1.3208E+01 (120, 15)   vdiff=  1.9585E+01 (120, 14)
n=  3040   udiff=  1.3319E+01 (120, 15)   vdiff=  1.9604E+01 (120, 14)
n=  3041   udiff=  1.3427E+01 (120, 15)   vdiff=  1.9615E+01 (120, 14)
n=  3042   udiff=  1.3532E+01 (120, 15)   vdiff=  1.9618E+01 (120, 14)
n=  3043   udiff=  1.3633E+01 (120, 15)   vdiff=  1.9614E+01 (120, 14)
n=  3044   udiff=  1.3731E+01 (120, 15)   vdiff=  1.9601E+01 (120, 14)
n=  3045   udiff=  1.3824E+01 (120, 15)   vdiff=  1.9580E+01 (120, 14)
n=  3046   udiff=  1.3913E+01 (120, 15)   vdiff=  1.9551E+01 (120, 14)
n=  3047   udiff=  1.4087E+01 (119, 15)   vdiff=  1.9513E+01 (120, 14)
n=  3048   udiff=  1.4285E+01 (119, 15)   vdiff=  1.9467E+01 (120, 14)
n=  3049   udiff=  1.4483E+01 (119, 15)   vdiff=  1.9412E+01 (120, 14)
n=  3050   udiff=  1.4681E+01 (119, 15)   vdiff=  1.9348E+01 (120, 14)
n=  3051   udiff=  1.4879E+01 (119, 15)   vdiff=  1.9275E+01 (120, 14)
n=  3052   udiff=  1.5078E+01 (119, 15)   vdiff=  1.9193E+01 (120, 14)
n=  3053   udiff=  1.5269E+01 (119, 15)   vdiff=  1.9100E+01 (120, 14)
n=  3054   udiff=  1.5447E+01 (119, 15)   vdiff=  1.8997E+01 (120, 14)
n=  3055   udiff=  1.5612E+01 (119, 15)   vdiff=  1.8885E+01 (120, 14)
n=  3056   udiff=  1.5776E+01 (119, 15)   vdiff=  1.8764E+01 (120, 14)
n=  3057   udiff=  1.5938E+01 (119, 15)   vdiff=  1.8634E+01 (120, 14)
n=  3058   udiff=  1.6098E+01 (119, 15)   vdiff=  1.8496E+01 (120, 14)
n=  3059   udiff=  1.6256E+01 (119, 15)   vdiff=  1.8348E+01 (120, 14)
n=  3060   udiff=  1.6411E+01 (119, 15)   vdiff=  1.8192E+01 (120, 14)
n=  3061   udiff=  1.6565E+01 (119, 15)   vdiff=  1.8028E+01 (120, 14)
n=  3062   udiff=  1.6715E+01 (119, 15)   vdiff=  1.7855E+01 (120, 14)
n=  3063   udiff=  1.6862E+01 (119, 15)   vdiff=  1.7673E+01 (120, 14)
n=  3064   udiff=  1.7006E+01 (119, 15)   vdiff=  1.7483E+01 (120, 14)
n=  3065   udiff=  1.7147E+01 (119, 15)   vdiff=  1.7285E+01 (120, 14)
n=  3066   udiff=  1.7284E+01 (119, 15)   vdiff=  1.7079E+01 (120, 14)
n=  3067   udiff=  1.7417E+01 (119, 15)   vdiff=  1.6866E+01 (120, 14)
n=  3068   udiff=  1.7545E+01 (119, 15)   vdiff=  1.6644E+01 (120, 14)
n=  3069   udiff=  1.7669E+01 (119, 15)   vdiff=  1.6415E+01 (120, 14)
n=  3070   udiff=  1.7788E+01 (119, 15)   vdiff=  1.6179E+01 (120, 14)
n=  3071   udiff=  1.7902E+01 (119, 15)   vdiff=  1.5936E+01 (120, 14)
n=  3072   udiff=  1.8010E+01 (119, 15)   vdiff=  1.5686E+01 (120, 14)
n=  3073   udiff=  1.8113E+01 (119, 15)   vdiff=  1.5429E+01 (120, 14)
n=  3074   udiff=  1.8210E+01 (119, 15)   vdiff=  1.5166E+01 (120, 14)
n=  3075   udiff=  1.8301E+01 (119, 15)   vdiff=  1.4897E+01 (120, 14)
n=  3076   udiff=  1.8386E+01 (119, 15)   vdiff=  1.4623E+01 (120, 14)
n=  3077   udiff=  1.8465E+01 (119, 15)   vdiff=  1.4343E+01 (120, 14)
n=  3078   udiff=  1.8536E+01 (119, 15)   vdiff=  1.4057E+01 (120, 14)
n=  3079   udiff=  1.8601E+01 (119, 15)   vdiff=  1.3767E+01 (120, 14)
n=  3080   udiff=  1.8659E+01 (119, 15)   vdiff=  1.3473E+01 (120, 14)
n=  3081   udiff=  1.8710E+01 (119, 15)   vdiff=  1.3174E+01 (120, 14)
n=  3082   udiff=  1.8753E+01 (119, 15)   vdiff=  1.2871E+01 (120, 14)
n=  3083   udiff=  1.8788E+01 (119, 15)   vdiff=  1.2565E+01 (120, 14)
n=  3084   udiff=  1.8816E+01 (119, 15)   vdiff=  1.2337E+01 (120, 15)
n=  3085   udiff=  1.8835E+01 (119, 15)   vdiff=  1.2154E+01 (120, 15)
n=  3086   udiff=  1.8847E+01 (119, 15)   vdiff=  1.1964E+01 (120, 15)
n=  3087   udiff=  1.8850E+01 (119, 15)   vdiff=  1.1768E+01 (120, 15)
n=  3088   udiff=  1.8844E+01 (119, 15)   vdiff=  1.1566E+01 (120, 15)
n=  3089   udiff=  1.8830E+01 (119, 15)   vdiff=  1.1358E+01 (120, 15)
n=  3090   udiff=  1.8807E+01 (119, 15)   vdiff=  1.1145E+01 (120, 15)
n=  3091   udiff=  1.8775E+01 (119, 15)   vdiff=  1.0926E+01 (120, 15)
n=  3092   udiff=  1.8736E+01 (119, 15)   vdiff=  1.0820E+01 (117, 15)
n=  3093   udiff=  1.8687E+01 (119, 15)   vdiff=  1.0894E+01 (117, 15)
n=  3094   udiff=  1.8630E+01 (119, 15)   vdiff=  1.0964E+01 (117, 15)
n=  3095   udiff=  1.8564E+01 (119, 15)   vdiff=  1.1030E+01 (117, 15)
n=  3096   udiff=  1.8487E+01 (119, 15)   vdiff=  1.1092E+01 (117, 15)
n=  3097   udiff=  1.8401E+01 (119, 15)   vdiff=  1.1150E+01 (117, 15)
n=  3098   udiff=  1.8306E+01 (119, 15)   vdiff=  1.1204E+01 (117, 15)
n=  3099   udiff=  1.8203E+01 (119, 15)   vdiff=  1.1253E+01 (117, 15)
n=  3100   udiff=  1.8091E+01 (119, 15)   vdiff=  1.1297E+01 (117, 15)
n=  3101   udiff=  1.7971E+01 (119, 15)   vdiff=  1.1335E+01 (117, 15)
n=  3102   udiff=  1.7842E+01 (119, 15)   vdiff=  1.1369E+01 (117, 15)
n=  3103   udiff=  1.7705E+01 (119, 15)   vdiff=  1.1397E+01 (117, 15)
n=  3104   udiff=  1.7560E+01 (119, 15)   vdiff=  1.1421E+01 (117, 15)
n=  3105   udiff=  1.7407E+01 (119, 15)   vdiff=  1.1534E+01 (117, 14)
n=  3106   udiff=  1.7246E+01 (119, 15)   vdiff=  1.1660E+01 (117, 14)
n=  3107   udiff=  1.7066E+01 (119, 15)   vdiff=  1.1788E+01 (117, 14)
n=  3108   udiff=  1.6877E+01 (119, 15)   vdiff=  1.1916E+01 (117, 14)
n=  3109   udiff=  1.6679E+01 (119, 15)   vdiff=  1.2046E+01 (117, 14)
n=  3110   udiff=  1.6473E+01 (119, 15)   vdiff=  1.2177E+01 (117, 14)
n=  3111   udiff=  1.6255E+01 (119, 15)   vdiff=  1.2308E+01 (117, 14)
n=  3112   udiff=  1.6019E+01 (119, 15)   vdiff=  1.2434E+01 (117, 14)
n=  3113   udiff=  1.5774E+01 (119, 15)   vdiff=  1.2558E+01 (117, 14)
n=  3114   udiff=  1.5521E+01 (119, 15)   vdiff=  1.2682E+01 (117, 14)
n=  3115   udiff=  1.5263E+01 (119, 15)   vdiff=  1.2806E+01 (117, 14)
n=  3116   udiff=  1.4998E+01 (119, 15)   vdiff=  1.2930E+01 (117, 14)
n=  3117   udiff=  1.4727E+01 (119, 15)   vdiff=  1.3055E+01 (117, 14)
n=  3118   udiff=  1.4451E+01 (119, 15)   vdiff=  1.3182E+01 (117, 14)
n=  3119   udiff=  1.4096E+01 (119, 15)   vdiff=  1.3311E+01 (117, 14)
n=  3120   udiff=  1.3722E+01 (119, 15)   vdiff=  1.3438E+01 (117, 14)
n=  3121   udiff=  1.3340E+01 (119, 15)   vdiff=  1.3564E+01 (117, 14)
n=  3122   udiff=  1.3178E+01 (118, 13)   vdiff=  1.3688E+01 (117, 14)
n=  3123   udiff=  1.3377E+01 (118, 13)   vdiff=  1.3762E+01 (117, 14)
n=  3124   udiff=  1.3572E+01 (118, 13)   vdiff=  1.3833E+01 (117, 14)
n=  3125   udiff=  1.3762E+01 (118, 13)   vdiff=  1.3899E+01 (117, 14)
n=  3126   udiff=  1.3946E+01 (118, 13)   vdiff=  1.3962E+01 (117, 14)
n=  3127   udiff=  1.4125E+01 (118, 13)   vdiff=  1.4021E+01 (117, 14)
n=  3128   udiff=  1.4294E+01 (118, 13)   vdiff=  1.4074E+01 (117, 14)
n=  3129   udiff=  1.4457E+01 (118, 13)   vdiff=  1.4122E+01 (117, 14)
n=  3130   udiff=  1.4614E+01 (118, 13)   vdiff=  1.4165E+01 (117, 14)
n=  3131   udiff=  1.4764E+01 (118, 13)   vdiff=  1.4204E+01 (117, 14)
n=  3132   udiff=  1.4907E+01 (118, 13)   vdiff=  1.4239E+01 (117, 14)
n=  3133   udiff=  1.5044E+01 (118, 13)   vdiff=  1.4269E+01 (117, 14)
n=  3134   udiff=  1.5173E+01 (118, 13)   vdiff=  1.4295E+01 (117, 14)
n=  3135   udiff=  1.5295E+01 (118, 13)   vdiff=  1.4316E+01 (117, 14)
n=  3136   udiff=  1.5410E+01 (118, 13)   vdiff=  1.4332E+01 (117, 14)
n=  3137   udiff=  1.5518E+01 (118, 13)   vdiff=  1.4344E+01 (117, 14)
n=  3138   udiff=  1.5619E+01 (118, 13)   vdiff=  1.4352E+01 (117, 14)
n=  3139   udiff=  1.5708E+01 (118, 13)   vdiff=  1.4338E+01 (117, 14)
n=  3140   udiff=  1.5788E+01 (118, 13)   vdiff=  1.4315E+01 (117, 14)
n=  3141   udiff=  1.5861E+01 (118, 13)   vdiff=  1.4286E+01 (117, 14)
n=  3142   udiff=  1.5926E+01 (118, 13)   vdiff=  1.4253E+01 (117, 14)
n=  3143   udiff=  1.5983E+01 (118, 13)   vdiff=  1.4214E+01 (117, 14)
n=  3144   udiff=  1.6032E+01 (118, 13)   vdiff=  1.4170E+01 (117, 14)
n=  3145   udiff=  1.6066E+01 (118, 13)   vdiff=  1.4120E+01 (117, 14)
n=  3146   udiff=  1.6091E+01 (118, 13)   vdiff=  1.4066E+01 (117, 14)
n=  3147   udiff=  1.6109E+01 (118, 13)   vdiff=  1.4006E+01 (117, 14)
n=  3148   udiff=  1.6118E+01 (118, 13)   vdiff=  1.3943E+01 (117, 14)
n=  3149   udiff=  1.6120E+01 (118, 13)   vdiff=  1.3875E+01 (117, 14)
n=  3150   udiff=  1.6113E+01 (118, 13)   vdiff=  1.3803E+01 (117, 14)
n=  3151   udiff=  1.6098E+01 (118, 13)   vdiff=  1.3726E+01 (117, 14)
n=  3152   udiff=  1.6076E+01 (118, 13)   vdiff=  1.3647E+01 (117, 14)
n=  3153   udiff=  1.6046E+01 (118, 13)   vdiff=  1.3563E+01 (117, 14)
n=  3154   udiff=  1.6009E+01 (118, 13)   vdiff=  1.3476E+01 (117, 14)
n=  3155   udiff=  1.5964E+01 (118, 13)   vdiff=  1.3386E+01 (117, 14)
n=  3156   udiff=  1.5913E+01 (118, 13)   vdiff=  1.3292E+01 (117, 14)
n=  3157   udiff=  1.5854E+01 (118, 13)   vdiff=  1.3196E+01 (117, 14)
n=  3158   udiff=  1.5789E+01 (118, 13)   vdiff=  1.3097E+01 (117, 14)
n=  3159   udiff=  1.5717E+01 (118, 13)   vdiff=  1.2995E+01 (117, 14)
n=  3160   udiff=  1.5640E+01 (118, 13)   vdiff=  1.2890E+01 (117, 14)
n=  3161   udiff=  1.5556E+01 (118, 13)   vdiff=  1.2784E+01 (117, 14)
n=  3162   udiff=  1.5466E+01 (118, 13)   vdiff=  1.2675E+01 (117, 14)
n=  3163   udiff=  1.5371E+01 (118, 13)   vdiff=  1.2564E+01 (117, 14)
n=  3164   udiff=  1.5270E+01 (118, 13)   vdiff=  1.2451E+01 (117, 14)
n=  3165   udiff=  1.5164E+01 (118, 13)   vdiff=  1.2400E+01 (120, 11)
n=  3166   udiff=  1.5054E+01 (118, 13)   vdiff=  1.2610E+01 (120, 11)
n=  3167   udiff=  1.4938E+01 (118, 13)   vdiff=  1.2819E+01 (120, 11)
n=  3168   udiff=  1.4819E+01 (118, 13)   vdiff=  1.3027E+01 (120, 11)
n=  3169   udiff=  1.4695E+01 (118, 13)   vdiff=  1.3233E+01 (120, 11)
n=  3170   udiff=  1.4567E+01 (118, 13)   vdiff=  1.3437E+01 (120, 11)
n=  3171   udiff=  1.4436E+01 (118, 13)   vdiff=  1.3640E+01 (120, 11)
n=  3172   udiff=  1.4301E+01 (118, 13)   vdiff=  1.3841E+01 (120, 11)
n=  3173   udiff=  1.4163E+01 (118, 13)   vdiff=  1.4041E+01 (120, 11)
n=  3174   udiff=  1.4022E+01 (118, 13)   vdiff=  1.4238E+01 (120, 11)
n=  3175   udiff=  1.3879E+01 (118, 13)   vdiff=  1.4434E+01 (120, 11)
n=  3176   udiff=  1.3733E+01 (118, 13)   vdiff=  1.4628E+01 (120, 11)
n=  3177   udiff=  1.3585E+01 (118, 13)   vdiff=  1.4820E+01 (120, 11)
n=  3178   udiff=  1.3435E+01 (118, 13)   vdiff=  1.5010E+01 (120, 11)
n=  3179   udiff=  1.3283E+01 (118, 13)   vdiff=  1.5198E+01 (120, 11)
n=  3180   udiff=  1.3164E+01 (116, 14)   vdiff=  1.5384E+01 (120, 11)
n=  3181   udiff=  1.3146E+01 (116, 14)   vdiff=  1.5568E+01 (120, 11)
n=  3182   udiff=  1.3122E+01 (116, 14)   vdiff=  1.5750E+01 (120, 11)
n=  3183   udiff=  1.3094E+01 (116, 14)   vdiff=  1.5930E+01 (120, 11)
n=  3184   udiff=  1.3060E+01 (116, 14)   vdiff=  1.6107E+01 (120, 11)
n=  3185   udiff=  1.3021E+01 (116, 14)   vdiff=  1.6282E+01 (120, 11)
n=  3186   udiff=  1.2977E+01 (116, 14)   vdiff=  1.6454E+01 (120, 11)
n=  3187   udiff=  1.2928E+01 (116, 14)   vdiff=  1.6625E+01 (120, 11)
n=  3188   udiff=  1.2875E+01 (116, 14)   vdiff=  1.6793E+01 (120, 11)
n=  3189   udiff=  1.2816E+01 (116, 14)   vdiff=  1.6960E+01 (120, 11)
n=  3190   udiff=  1.2753E+01 (116, 14)   vdiff=  1.7124E+01 (120, 11)
n=  3191   udiff=  1.2685E+01 (116, 14)   vdiff=  1.7287E+01 (120, 11)
n=  3192   udiff=  1.2612E+01 (116, 14)   vdiff=  1.7447E+01 (120, 11)
n=  3193   udiff=  1.2535E+01 (116, 14)   vdiff=  1.7604E+01 (120, 11)
n=  3194   udiff=  1.2453E+01 (116, 14)   vdiff=  1.7760E+01 (120, 11)
n=  3195   udiff=  1.2367E+01 (116, 14)   vdiff=  1.7913E+01 (120, 11)
n=  3196   udiff=  1.2277E+01 (116, 14)   vdiff=  1.8064E+01 (120, 11)
n=  3197   udiff=  1.2182E+01 (116, 14)   vdiff=  1.8212E+01 (120, 11)
n=  3198   udiff=  1.2084E+01 (116, 14)   vdiff=  1.8358E+01 (120, 11)
n=  3199   udiff=  1.1982E+01 (116, 14)   vdiff=  1.8502E+01 (120, 11)
n=  3200   udiff=  1.1876E+01 (116, 14)   vdiff=  1.8643E+01 (120, 11)
n=  3201   udiff=  1.1766E+01 (116, 14)   vdiff=  1.8782E+01 (120, 11)
n=  3202   udiff=  1.1703E+01 (119, 12)   vdiff=  1.8918E+01 (120, 11)
n=  3203   udiff=  1.1653E+01 (119, 12)   vdiff=  1.9052E+01 (120, 11)
n=  3204   udiff=  1.1597E+01 (119, 12)   vdiff=  1.9183E+01 (120, 11)
n=  3205   udiff=  1.1537E+01 (119, 12)   vdiff=  1.9311E+01 (120, 11)
n=  3206   udiff=  1.1473E+01 (119, 12)   vdiff=  1.9437E+01 (120, 11)
n=  3207   udiff=  1.1407E+01 (119, 12)   vdiff=  1.9560E+01 (120, 11)
n=  3208   udiff=  1.1339E+01 (119, 12)   vdiff=  1.9680E+01 (120, 11)
n=  3209   udiff=  1.1266E+01 (119, 12)   vdiff=  1.9798E+01 (120, 11)
n=  3210   udiff=  1.1190E+01 (119, 12)   vdiff=  1.9913E+01 (120, 11)
n=  3211   udiff=  1.1110E+01 (119, 12)   vdiff=  2.0024E+01 (120, 11)
n=  3212   udiff=  1.1026E+01 (119, 12)   vdiff=  2.0134E+01 (120, 11)
n=  3213   udiff=  1.0938E+01 (119, 12)   vdiff=  2.0240E+01 (120, 11)
n=  3214   udiff=  1.0846E+01 (119, 12)   vdiff=  2.0343E+01 (120, 11)
n=  3215   udiff=  1.0750E+01 (119, 12)   vdiff=  2.0444E+01 (120, 11)
n=  3216   udiff=  1.0685E+01 (117, 14)   vdiff=  2.0541E+01 (120, 11)
n=  3217   udiff=  1.0674E+01 (117, 14)   vdiff=  2.0635E+01 (120, 11)
n=  3218   udiff=  1.0661E+01 (117, 14)   vdiff=  2.0726E+01 (120, 11)
n=  3219   udiff=  1.0646E+01 (117, 14)   vdiff=  2.0814E+01 (120, 11)
n=  3220   udiff=  1.0628E+01 (117, 14)   vdiff=  2.0898E+01 (120, 11)
n=  3221   udiff=  1.0609E+01 (117, 14)   vdiff=  2.0979E+01 (120, 11)
n=  3222   udiff=  1.0675E+01 (119, 13)   vdiff=  2.1057E+01 (120, 11)
n=  3223   udiff=  1.0738E+01 (119, 13)   vdiff=  2.1131E+01 (120, 11)
n=  3224   udiff=  1.0799E+01 (119, 13)   vdiff=  2.1202E+01 (120, 11)
n=  3225   udiff=  1.0857E+01 (119, 13)   vdiff=  2.1269E+01 (120, 11)
n=  3226   udiff=  1.0912E+01 (119, 13)   vdiff=  2.1332E+01 (120, 11)
n=  3227   udiff=  1.0963E+01 (119, 13)   vdiff=  2.1391E+01 (120, 11)
n=  3228   udiff=  1.1011E+01 (119, 13)   vdiff=  2.1446E+01 (120, 11)
n=  3229   udiff=  1.1056E+01 (119, 13)   vdiff=  2.1497E+01 (120, 11)
n=  3230   udiff=  1.1097E+01 (119, 13)   vdiff=  2.1544E+01 (120, 11)
n=  3231   udiff=  1.1135E+01 (119, 13)   vdiff=  2.1587E+01 (120, 11)
n=  3232   udiff=  1.1169E+01 (119, 13)   vdiff=  2.1625E+01 (120, 11)
n=  3233   udiff=  1.1198E+01 (119, 13)   vdiff=  2.1658E+01 (120, 11)
n=  3234   udiff=  1.1224E+01 (119, 13)   vdiff=  2.1687E+01 (120, 11)
n=  3235   udiff=  1.1246E+01 (119, 13)   vdiff=  2.1711E+01 (120, 11)
n=  3236   udiff=  1.1263E+01 (119, 13)   vdiff=  2.1730E+01 (120, 11)
n=  3237   udiff=  1.1275E+01 (119, 13)   vdiff=  2.1744E+01 (120, 11)
n=  3238   udiff=  1.1283E+01 (119, 13)   vdiff=  2.1754E+01 (120, 11)
n=  3239   udiff=  1.1286E+01 (119, 13)   vdiff=  2.1758E+01 (120, 11)
n=  3240   udiff=  1.1309E+01 (118, 14)   vdiff=  2.1757E+01 (120, 11)
n=  3241   udiff=  1.1471E+01 (118, 14)   vdiff=  2.1751E+01 (120, 11)
n=  3242   udiff=  1.1626E+01 (118, 14)   vdiff=  2.1739E+01 (120, 11)
n=  3243   udiff=  1.1775E+01 (118, 14)   vdiff=  2.1722E+01 (120, 11)
n=  3244   udiff=  1.1917E+01 (118, 14)   vdiff=  2.1699E+01 (120, 11)
n=  3245   udiff=  1.2048E+01 (118, 14)   vdiff=  2.1671E+01 (120, 11)
n=  3246   udiff=  1.2172E+01 (118, 14)   vdiff=  2.1636E+01 (120, 11)
n=  3247   udiff=  1.2288E+01 (118, 14)   vdiff=  2.1596E+01 (120, 11)
n=  3248   udiff=  1.2397E+01 (118, 14)   vdiff=  2.1550E+01 (120, 11)
n=  3249   udiff=  1.2499E+01 (118, 14)   vdiff=  2.1497E+01 (120, 11)
n=  3250   udiff=  1.2594E+01 (118, 14)   vdiff=  2.1439E+01 (120, 11)
n=  3251   udiff=  1.2681E+01 (118, 14)   vdiff=  2.1374E+01 (120, 11)
n=  3252   udiff=  1.2749E+01 (118, 14)   vdiff=  2.1302E+01 (120, 11)
n=  3253   udiff=  1.2803E+01 (118, 14)   vdiff=  2.1224E+01 (120, 11)
n=  3254   udiff=  1.2850E+01 (118, 14)   vdiff=  2.1141E+01 (120, 11)
n=  3255   udiff=  1.2890E+01 (118, 14)   vdiff=  2.1050E+01 (120, 11)
n=  3256   udiff=  1.2921E+01 (118, 14)   vdiff=  2.0953E+01 (120, 11)
n=  3257   udiff=  1.2946E+01 (118, 14)   vdiff=  2.0849E+01 (120, 11)
n=  3258   udiff=  1.2963E+01 (118, 14)   vdiff=  2.0739E+01 (120, 11)
n=  3259   udiff=  1.2972E+01 (118, 14)   vdiff=  2.0621E+01 (120, 11)
n=  3260   udiff=  1.2974E+01 (118, 14)   vdiff=  2.0497E+01 (120, 11)
n=  3261   udiff=  1.2969E+01 (118, 14)   vdiff=  2.0366E+01 (120, 11)
n=  3262   udiff=  1.2956E+01 (118, 14)   vdiff=  2.0227E+01 (120, 11)
n=  3263   udiff=  1.2936E+01 (118, 14)   vdiff=  2.0081E+01 (120, 11)
n=  3264   udiff=  1.2909E+01 (118, 14)   vdiff=  1.9928E+01 (120, 11)
n=  3265   udiff=  1.2874E+01 (118, 14)   vdiff=  1.9785E+01 (120, 12)
n=  3266   udiff=  1.2833E+01 (118, 14)   vdiff=  1.9692E+01 (120, 12)
n=  3267   udiff=  1.2785E+01 (118, 14)   vdiff=  1.9595E+01 (120, 12)
n=  3268   udiff=  1.2730E+01 (118, 14)   vdiff=  1.9492E+01 (120, 12)
n=  3269   udiff=  1.2668E+01 (118, 14)   vdiff=  1.9384E+01 (120, 12)
n=  3270   udiff=  1.2600E+01 (118, 14)   vdiff=  1.9270E+01 (120, 12)
n=  3271   udiff=  1.2525E+01 (118, 14)   vdiff=  1.9152E+01 (120, 12)
n=  3272   udiff=  1.2445E+01 (118, 14)   vdiff=  1.9027E+01 (120, 12)
n=  3273   udiff=  1.2358E+01 (118, 14)   vdiff=  1.8898E+01 (120, 12)
n=  3274   udiff=  1.2265E+01 (118, 14)   vdiff=  1.8763E+01 (120, 12)
n=  3275   udiff=  1.2166E+01 (118, 14)   vdiff=  1.8623E+01 (120, 12)
n=  3276   udiff=  1.2061E+01 (118, 14)   vdiff=  1.8477E+01 (120, 12)
n=  3277   udiff=  1.1951E+01 (118, 14)   vdiff=  1.8326E+01 (120, 12)
n=  3278   udiff=  1.1836E+01 (118, 14)   vdiff=  1.8169E+01 (120, 12)
n=  3279   udiff=  1.1716E+01 (118, 14)   vdiff=  1.8008E+01 (120, 12)
n=  3280   udiff=  1.1590E+01 (118, 14)   vdiff=  1.7841E+01 (120, 12)
n=  3281   udiff=  1.1460E+01 (118, 14)   vdiff=  1.7668E+01 (120, 12)
n=  3282   udiff=  1.1325E+01 (118, 14)   vdiff=  1.7491E+01 (120, 12)
n=  3283   udiff=  1.1186E+01 (118, 14)   vdiff=  1.7308E+01 (120, 12)
n=  3284   udiff=  1.1042E+01 (118, 14)   vdiff=  1.7121E+01 (120, 12)
n=  3285   udiff=  1.0894E+01 (118, 14)   vdiff=  1.6926E+01 (120, 12)
n=  3286   udiff=  1.0743E+01 (118, 14)   vdiff=  1.6723E+01 (120, 12)
n=  3287   udiff=  1.0588E+01 (118, 14)   vdiff=  1.6513E+01 (120, 12)
n=  3288   udiff=  1.0429E+01 (118, 14)   vdiff=  1.6299E+01 (120, 12)
n=  3289   udiff=  1.0267E+01 (118, 14)   vdiff=  1.6080E+01 (120, 12)
n=  3290   udiff=  1.0101E+01 (118, 14)   vdiff=  1.5858E+01 (120, 12)
n=  3291   udiff=  9.9331E+00 (118, 14)   vdiff=  1.5632E+01 (120, 12)
n=  3292   udiff=  9.7622E+00 (118, 14)   vdiff=  1.5548E+01 (120, 13)
n=  3293   udiff=  9.5888E+00 (118, 14)   vdiff=  1.5493E+01 (120, 13)
n=  3294   udiff=  9.4130E+00 (118, 14)   vdiff=  1.5433E+01 (120, 13)
n=  3295   udiff=  9.2350E+00 (118, 14)   vdiff=  1.5369E+01 (120, 13)
n=  3296   udiff=  9.0551E+00 (118, 14)   vdiff=  1.5300E+01 (120, 13)
n=  3297   udiff=  8.8734E+00 (118, 14)   vdiff=  1.5226E+01 (120, 13)
n=  3298   udiff=  8.6900E+00 (118, 14)   vdiff=  1.5147E+01 (120, 13)
n=  3299   udiff=  8.5053E+00 (118, 14)   vdiff=  1.5064E+01 (120, 13)
n=  3300   udiff=  8.3192E+00 (118, 14)   vdiff=  1.4976E+01 (120, 13)
n=  3301   udiff=  8.1321E+00 (118, 14)   vdiff=  1.4884E+01 (120, 13)
n=  3302   udiff=  7.9441E+00 (118, 14)   vdiff=  1.4787E+01 (120, 13)
n=  3303   udiff=  7.7554E+00 (118, 14)   vdiff=  1.4687E+01 (120, 13)
n=  3304   udiff=  7.5846E+00 (118, 15)   vdiff=  1.4582E+01 (120, 13)
n=  3305   udiff=  7.5630E+00 (120, 14)   vdiff=  1.4472E+01 (120, 13)
n=  3306   udiff=  7.6022E+00 (120, 14)   vdiff=  1.4359E+01 (120, 13)
n=  3307   udiff=  7.6384E+00 (120, 14)   vdiff=  1.4242E+01 (120, 13)
n=  3308   udiff=  7.6718E+00 (120, 14)   vdiff=  1.4121E+01 (120, 13)
n=  3309   udiff=  7.7022E+00 (120, 14)   vdiff=  1.3996E+01 (120, 13)
n=  3310   udiff=  7.7295E+00 (120, 14)   vdiff=  1.3867E+01 (120, 13)
n=  3311   udiff=  7.7538E+00 (120, 14)   vdiff=  1.3735E+01 (120, 13)
n=  3312   udiff=  7.7751E+00 (120, 14)   vdiff=  1.3599E+01 (120, 13)
n=  3313   udiff=  7.7933E+00 (120, 14)   vdiff=  1.3460E+01 (120, 13)
n=  3314   udiff=  7.8084E+00 (120, 14)   vdiff=  1.3318E+01 (120, 13)
n=  3315   udiff=  7.8204E+00 (120, 14)   vdiff=  1.3173E+01 (120, 13)
n=  3316   udiff=  7.8292E+00 (120, 14)   vdiff=  1.3024E+01 (120, 13)
n=  3317   udiff=  7.8350E+00 (120, 14)   vdiff=  1.2873E+01 (120, 13)
n=  3318   udiff=  7.8376E+00 (120, 14)   vdiff=  1.2719E+01 (120, 13)
n=  3319   udiff=  7.8371E+00 (120, 14)   vdiff=  1.2563E+01 (120, 13)
n=  3320   udiff=  7.8336E+00 (120, 14)   vdiff=  1.2404E+01 (120, 13)
n=  3321   udiff=  7.8269E+00 (120, 14)   vdiff=  1.2242E+01 (120, 13)
n=  3322   udiff=  7.8172E+00 (120, 14)   vdiff=  1.2078E+01 (120, 13)
n=  3323   udiff=  7.8044E+00 (120, 14)   vdiff=  1.1912E+01 (120, 13)
n=  3324   udiff=  7.7887E+00 (120, 14)   vdiff=  1.1744E+01 (120, 13)
n=  3325   udiff=  7.7699E+00 (120, 14)   vdiff=  1.1575E+01 (120, 13)
n=  3326   udiff=  7.7482E+00 (120, 14)   vdiff=  1.1403E+01 (120, 13)
n=  3327   udiff=  7.7236E+00 (120, 14)   vdiff=  1.1230E+01 (120, 13)
n=  3328   udiff=  7.6959E+00 (120, 14)   vdiff=  1.1073E+01 (120, 14)
n=  3329   udiff=  7.6652E+00 (120, 14)   vdiff=  1.1073E+01 (120, 14)
n=  3330   udiff=  7.6317E+00 (120, 14)   vdiff=  1.1069E+01 (120, 14)
n=  3331   udiff=  7.5955E+00 (120, 14)   vdiff=  1.1062E+01 (120, 14)
n=  3332   udiff=  7.5567E+00 (120, 14)   vdiff=  1.1051E+01 (120, 14)
n=  3333   udiff=  7.5153E+00 (120, 14)   vdiff=  1.1038E+01 (120, 14)
n=  3334   udiff=  7.4713E+00 (120, 14)   vdiff=  1.1020E+01 (120, 14)
n=  3335   udiff=  7.4248E+00 (120, 14)   vdiff=  1.1000E+01 (120, 14)
n=  3336   udiff=  7.3758E+00 (120, 14)   vdiff=  1.0976E+01 (120, 14)
n=  3337   udiff=  7.3245E+00 (120, 14)   vdiff=  1.0949E+01 (120, 14)
n=  3338   udiff=  7.2708E+00 (120, 14)   vdiff=  1.0919E+01 (120, 14)
n=  3339   udiff=  7.2148E+00 (120, 14)   vdiff=  1.0886E+01 (120, 14)
n=  3340   udiff=  7.1566E+00 (120, 14)   vdiff=  1.0850E+01 (120, 14)
n=  3341   udiff=  7.0963E+00 (120, 14)   vdiff=  1.0810E+01 (120, 14)
n=  3342   udiff=  7.0339E+00 (120, 14)   vdiff=  1.0768E+01 (120, 14)
n=  3343   udiff=  6.9694E+00 (120, 14)   vdiff=  1.0723E+01 (120, 14)
n=  3344   udiff=  6.9383E+00 (119, 15)   vdiff=  1.0675E+01 (120, 14)
n=  3345   udiff=  6.9262E+00 (119, 15)   vdiff=  1.0624E+01 (120, 14)
n=  3346   udiff=  6.9143E+00 (119, 15)   vdiff=  1.0571E+01 (120, 14)
n=  3347   udiff=  6.9024E+00 (119, 15)   vdiff=  1.0515E+01 (120, 14)
n=  3348   udiff=  6.8906E+00 (119, 15)   vdiff=  1.0456E+01 (120, 14)
n=  3349   udiff=  6.8789E+00 (119, 15)   vdiff=  1.0395E+01 (120, 14)
n=  3350   udiff=  6.8673E+00 (119, 15)   vdiff=  1.0331E+01 (120, 14)
n=  3351   udiff=  6.8558E+00 (119, 15)   vdiff=  1.0265E+01 (120, 14)
n=  3352   udiff=  6.8443E+00 (119, 15)   vdiff=  1.0197E+01 (120, 14)
n=  3353   udiff=  6.8329E+00 (119, 15)   vdiff=  1.0126E+01 (120, 14)
n=  3354   udiff=  6.8217E+00 (119, 15)   vdiff=  1.0054E+01 (120, 14)
n=  3355   udiff=  6.8105E+00 (119, 15)   vdiff=  9.9791E+00 (120, 14)
n=  3356   udiff=  6.7994E+00 (119, 15)   vdiff=  9.9024E+00 (120, 14)
n=  3357   udiff=  6.7884E+00 (119, 15)   vdiff=  9.8239E+00 (120, 14)
n=  3358   udiff=  6.7775E+00 (119, 15)   vdiff=  9.7435E+00 (120, 14)
n=  3359   udiff=  6.7666E+00 (119, 15)   vdiff=  9.6614E+00 (120, 14)
n=  3360   udiff=  6.7559E+00 (119, 15)   vdiff=  9.5776E+00 (120, 14)
n=  3361   udiff=  6.7452E+00 (119, 15)   vdiff=  9.4923E+00 (120, 14)
n=  3362   udiff=  6.7345E+00 (119, 15)   vdiff=  9.4056E+00 (120, 14)
n=  3363   udiff=  6.7240E+00 (119, 15)   vdiff=  9.3174E+00 (120, 14)
n=  3364   udiff=  6.7135E+00 (119, 15)   vdiff=  9.2278E+00 (120, 14)
n=  3365   udiff=  6.7030E+00 (119, 15)   vdiff=  9.1371E+00 (120, 14)
n=  3366   udiff=  6.6926E+00 (119, 15)   vdiff=  9.0452E+00 (120, 14)
n=  3367   udiff=  6.6823E+00 (119, 15)   vdiff=  8.9522E+00 (120, 14)
n=  3368   udiff=  6.6720E+00 (119, 15)   vdiff=  8.8582E+00 (120, 14)
n=  3369   udiff=  6.6618E+00 (119, 15)   vdiff=  8.7632E+00 (120, 14)
n=  3370   udiff=  6.6516E+00 (119, 15)   vdiff=  8.6674E+00 (120, 14)
n=  3371   udiff=  6.6415E+00 (119, 15)   vdiff=  8.5709E+00 (120, 14)
n=  3372   udiff=  6.6313E+00 (119, 15)   vdiff=  8.4737E+00 (120, 14)
n=  3373   udiff=  6.6213E+00 (119, 15)   vdiff=  8.3758E+00 (120, 14)
n=  3374   udiff=  6.6112E+00 (119, 15)   vdiff=  8.2774E+00 (120, 14)
n=  3375   udiff=  6.6012E+00 (119, 15)   vdiff=  8.1785E+00 (120, 14)
n=  3376   udiff=  6.5912E+00 (119, 15)   vdiff=  8.0793E+00 (120, 14)
n=  3377   udiff=  6.5812E+00 (119, 15)   vdiff=  7.9797E+00 (120, 14)
n=  3378   udiff=  6.5713E+00 (119, 15)   vdiff=  7.8798E+00 (120, 14)
n=  3379   udiff=  6.5614E+00 (119, 15)   vdiff=  7.7798E+00 (120, 14)
n=  3380   udiff=  6.5515E+00 (119, 15)   vdiff=  7.6797E+00 (120, 14)
n=  3381   udiff=  6.5416E+00 (119, 15)   vdiff=  7.5795E+00 (120, 14)
n=  3382   udiff=  6.5318E+00 (119, 15)   vdiff=  7.4793E+00 (120, 14)
n=  3383   udiff=  6.5219E+00 (119, 15)   vdiff=  7.3792E+00 (120, 14)
n=  3384   udiff=  6.5121E+00 (119, 15)   vdiff=  7.2793E+00 (120, 14)
n=  3385   udiff=  6.5023E+00 (119, 15)   vdiff=  7.1795E+00 (120, 14)
n=  3386   udiff=  6.4925E+00 (119, 15)   vdiff=  7.0801E+00 (120, 14)
n=  3387   udiff=  6.4828E+00 (119, 15)   vdiff=  6.9810E+00 (120, 14)
n=  3388   udiff=  6.4730E+00 (119, 15)   vdiff=  6.8822E+00 (120, 14)
n=  3389   udiff=  6.4633E+00 (119, 15)   vdiff=  6.7840E+00 (120, 14)
n=  3390   udiff=  6.4536E+00 (119, 15)   vdiff=  6.6862E+00 (120, 14)
n=  3391   udiff=  6.4439E+00 (119, 15)   vdiff=  6.5889E+00 (120, 14)
n=  3392   udiff=  6.4343E+00 (119, 15)   vdiff=  6.4923E+00 (120, 14)
n=  3393   udiff=  6.4246E+00 (119, 15)   vdiff=  6.3964E+00 (120, 14)
n=  3394   udiff=  6.4150E+00 (119, 15)   vdiff=  6.3012E+00 (120, 14)
n=  3395   udiff=  6.4054E+00 (119, 15)   vdiff=  6.2067E+00 (120, 14)
n=  3396   udiff=  6.3959E+00 (119, 15)   vdiff=  6.1130E+00 (120, 14)
n=  3397   udiff=  6.3864E+00 (119, 15)   vdiff=  6.0202E+00 (120, 14)
n=  3398   udiff=  6.3769E+00 (119, 15)   vdiff=  5.9283E+00 (120, 14)
n=  3399   udiff=  6.3674E+00 (119, 15)   vdiff=  5.8373E+00 (120, 14)
n=  3400   udiff=  6.3579E+00 (119, 15)   vdiff=  5.7473E+00 (120, 14)
n=  3401   udiff=  6.3485E+00 (119, 15)   vdiff=  5.6584E+00 (120, 14)
n=  3402   udiff=  6.3392E+00 (119, 15)   vdiff=  5.5705E+00 (120, 14)
n=  3403   udiff=  6.3298E+00 (119, 15)   vdiff=  5.4836E+00 (120, 14)
n=  3404   udiff=  6.3205E+00 (119, 15)   vdiff=  5.3980E+00 (120, 14)
n=  3405   udiff=  6.3112E+00 (119, 15)   vdiff=  5.3134E+00 (120, 14)
n=  3406   udiff=  6.3020E+00 (119, 15)   vdiff=  5.2301E+00 (120, 14)
n=  3407   udiff=  6.2928E+00 (119, 15)   vdiff=  5.1480E+00 (120, 14)
n=  3408   udiff=  6.2836E+00 (119, 15)   vdiff=  5.0672E+00 (120, 14)
n=  3409   udiff=  6.2745E+00 (119, 15)   vdiff=  4.9876E+00 (120, 14)
n=  3410   udiff=  6.2654E+00 (119, 15)   vdiff=  4.9093E+00 (120, 14)
n=  3411   udiff=  6.2564E+00 (119, 15)   vdiff=  4.8324E+00 (120, 14)
n=  3412   udiff=  6.2474E+00 (119, 15)   vdiff=  4.7568E+00 (120, 14)
n=  3413   udiff=  6.2384E+00 (119, 15)   vdiff=  4.6826E+00 (120, 14)
n=  3414   udiff=  6.2295E+00 (119, 15)   vdiff=  4.6097E+00 (120, 14)
n=  3415   udiff=  6.2205E+00 (119, 15)   vdiff=  4.5383E+00 (120, 14)
n=  3416   udiff=  6.2117E+00 (119, 15)   vdiff=  4.4682E+00 (120, 14)
n=  3417   udiff=  6.2028E+00 (119, 15)   vdiff=  4.3997E+00 (120, 14)
n=  3418   udiff=  6.1942E+00 (119, 15)   vdiff=  4.3327E+00 (120, 14)
n=  3419   udiff=  6.1857E+00 (119, 15)   vdiff=  4.2672E+00 (120, 14)
n=  3420   udiff=  6.1771E+00 (119, 15)   vdiff=  4.2031E+00 (120, 14)
n=  3421   udiff=  6.1686E+00 (119, 15)   vdiff=  4.1405E+00 (120, 14)
n=  3422   udiff=  6.1600E+00 (119, 15)   vdiff=  4.0793E+00 (120, 14)
n=  3423   udiff=  6.1515E+00 (119, 15)   vdiff=  4.0195E+00 (120, 14)
n=  3424   udiff=  6.1430E+00 (119, 15)   vdiff=  3.9612E+00 (120, 14)
n=  3425   udiff=  6.1351E+00 (119, 15)   vdiff=  3.9044E+00 (120, 14)
n=  3426   udiff=  6.1277E+00 (119, 15)   vdiff=  3.8490E+00 (120, 14)
n=  3427   udiff=  6.1202E+00 (119, 15)   vdiff=  3.7951E+00 (120, 14)
n=  3428   udiff=  6.1126E+00 (119, 15)   vdiff=  3.7427E+00 (120, 14)
n=  3429   udiff=  6.1049E+00 (119, 15)   vdiff=  3.6917E+00 (120, 14)
n=  3430   udiff=  6.0972E+00 (119, 15)   vdiff=  3.6421E+00 (120, 14)
n=  3431   udiff=  6.0894E+00 (119, 15)   vdiff=  3.5940E+00 (120, 14)
n=  3432   udiff=  6.0815E+00 (119, 15)   vdiff=  3.5473E+00 (120, 14)
n=  3433   udiff=  6.0735E+00 (119, 15)   vdiff=  3.5020E+00 (120, 14)
n=  3434   udiff=  6.0654E+00 (119, 15)   vdiff=  3.4581E+00 (120, 14)
n=  3435   udiff=  6.0573E+00 (119, 15)   vdiff=  3.4155E+00 (120, 14)
n=  3436   udiff=  6.0491E+00 (119, 15)   vdiff=  3.4096E+00 (117, 14)
n=  3437   udiff=  6.0397E+00 (119, 15)   vdiff=  3.4061E+00 (117, 14)
n=  3438   udiff=  6.0279E+00 (119, 15)   vdiff=  3.4024E+00 (117, 14)
n=  3439   udiff=  6.0161E+00 (119, 15)   vdiff=  3.3985E+00 (117, 14)
n=  3440   udiff=  6.0041E+00 (119, 15)   vdiff=  3.3945E+00 (117, 14)
n=  3441   udiff=  5.9921E+00 (119, 15)   vdiff=  3.3903E+00 (117, 14)
n=  3442   udiff=  5.9800E+00 (119, 15)   vdiff=  3.3858E+00 (117, 14)
n=  3443   udiff=  5.9678E+00 (119, 15)   vdiff=  3.3811E+00 (117, 14)
n=  3444   udiff=  5.9554E+00 (119, 15)   vdiff=  3.3762E+00 (117, 14)
n=  3445   udiff=  5.9430E+00 (119, 15)   vdiff=  3.3710E+00 (117, 14)
n=  3446   udiff=  5.9304E+00 (119, 15)   vdiff=  3.3654E+00 (117, 14)
n=  3447   udiff=  5.9177E+00 (119, 15)   vdiff=  3.3596E+00 (117, 14)
n=  3448   udiff=  5.9049E+00 (119, 15)   vdiff=  3.3534E+00 (117, 14)
n=  3449   udiff=  5.8919E+00 (119, 15)   vdiff=  3.3469E+00 (117, 14)
n=  3450   udiff=  5.8788E+00 (119, 15)   vdiff=  3.3400E+00 (117, 14)
n=  3451   udiff=  5.8655E+00 (119, 15)   vdiff=  3.3327E+00 (117, 14)
n=  3452   udiff=  5.8521E+00 (119, 15)   vdiff=  3.3250E+00 (117, 14)
n=  3453   udiff=  5.8385E+00 (119, 15)   vdiff=  3.3169E+00 (117, 14)
n=  3454   udiff=  5.8248E+00 (119, 15)   vdiff=  3.3083E+00 (117, 14)
n=  3455   udiff=  5.8109E+00 (119, 15)   vdiff=  3.2993E+00 (117, 14)
n=  3456   udiff=  5.7967E+00 (119, 15)   vdiff=  3.2899E+00 (117, 14)
n=  3457   udiff=  5.7824E+00 (119, 15)   vdiff=  3.2800E+00 (117, 14)
n=  3458   udiff=  5.7680E+00 (119, 15)   vdiff=  3.2696E+00 (117, 14)
n=  3459   udiff=  5.7533E+00 (119, 15)   vdiff=  3.2588E+00 (117, 14)
n=  3460   udiff=  5.7384E+00 (119, 15)   vdiff=  3.2475E+00 (117, 14)
n=  3461   udiff=  5.7233E+00 (119, 15)   vdiff=  3.2356E+00 (117, 14)
n=  3462   udiff=  5.7081E+00 (119, 15)   vdiff=  3.2233E+00 (117, 14)
n=  3463   udiff=  5.6926E+00 (119, 15)   vdiff=  3.2105E+00 (117, 14)
n=  3464   udiff=  5.6769E+00 (119, 15)   vdiff=  3.1972E+00 (117, 14)
n=  3465   udiff=  5.6609E+00 (119, 15)   vdiff=  3.1834E+00 (117, 14)
n=  3466   udiff=  5.6448E+00 (119, 15)   vdiff=  3.1691E+00 (117, 14)
n=  3467   udiff=  5.6284E+00 (119, 15)   vdiff=  3.1543E+00 (117, 14)
n=  3468   udiff=  5.6118E+00 (119, 15)   vdiff=  3.1390E+00 (117, 14)
n=  3469   udiff=  5.5950E+00 (119, 15)   vdiff=  3.1232E+00 (117, 14)
n=  3470   udiff=  5.5780E+00 (119, 15)   vdiff=  3.1068E+00 (117, 14)
n=  3471   udiff=  5.5607E+00 (119, 15)   vdiff=  3.0899E+00 (117, 14)
n=  3472   udiff=  5.5432E+00 (119, 15)   vdiff=  3.0725E+00 (117, 14)
n=  3473   udiff=  5.5254E+00 (119, 15)   vdiff=  3.0546E+00 (117, 14)
n=  3474   udiff=  5.5074E+00 (119, 15)   vdiff=  3.0362E+00 (117, 14)
n=  3475   udiff=  5.4892E+00 (119, 15)   vdiff=  3.0173E+00 (117, 14)
n=  3476   udiff=  5.4708E+00 (119, 15)   vdiff=  2.9980E+00 (117, 14)
n=  3477   udiff=  5.4521E+00 (119, 15)   vdiff=  2.9781E+00 (117, 14)
n=  3478   udiff=  5.4331E+00 (119, 15)   vdiff=  2.9579E+00 (117, 14)
n=  3479   udiff=  5.4140E+00 (119, 15)   vdiff=  2.9371E+00 (117, 14)
n=  3480   udiff=  5.3945E+00 (119, 15)   vdiff=  2.9159E+00 (117, 14)
n=  3481   udiff=  5.3749E+00 (119, 15)   vdiff=  2.8943E+00 (117, 14)
n=  3482   udiff=  5.3550E+00 (119, 15)   vdiff=  2.8723E+00 (117, 14)
n=  3483   udiff=  5.3349E+00 (119, 15)   vdiff=  2.8646E+00 (120, 15)
n=  3484   udiff=  5.3145E+00 (119, 15)   vdiff=  2.8583E+00 (120, 15)
n=  3485   udiff=  5.2939E+00 (119, 15)   vdiff=  2.8521E+00 (120, 15)
n=  3486   udiff=  5.2731E+00 (119, 15)   vdiff=  2.8460E+00 (120, 15)
n=  3487   udiff=  5.2520E+00 (119, 15)   vdiff=  2.8398E+00 (120, 15)
n=  3488   udiff=  5.2307E+00 (119, 15)   vdiff=  2.8336E+00 (120, 15)
n=  3489   udiff=  5.2092E+00 (119, 15)   vdiff=  2.8275E+00 (120, 15)
n=  3490   udiff=  5.1875E+00 (119, 15)   vdiff=  2.8214E+00 (120, 15)
n=  3491   udiff=  5.1655E+00 (119, 15)   vdiff=  2.8153E+00 (120, 15)
n=  3492   udiff=  5.1433E+00 (119, 15)   vdiff=  2.8093E+00 (120, 15)
n=  3493   udiff=  5.1209E+00 (119, 15)   vdiff=  2.8032E+00 (120, 15)
n=  3494   udiff=  5.0983E+00 (119, 15)   vdiff=  2.7972E+00 (120, 15)
n=  3495   udiff=  5.0755E+00 (119, 15)   vdiff=  2.7912E+00 (120, 15)
n=  3496   udiff=  5.0525E+00 (119, 15)   vdiff=  2.7852E+00 (120, 15)
n=  3497   udiff=  5.0293E+00 (119, 15)   vdiff=  2.7792E+00 (120, 15)
n=  3498   udiff=  5.0058E+00 (119, 15)   vdiff=  2.7732E+00 (120, 15)
n=  3499   udiff=  4.9822E+00 (119, 15)   vdiff=  2.7673E+00 (120, 15)
n=  3500   udiff=  4.9584E+00 (119, 15)   vdiff=  2.7614E+00 (120, 15)
n=  3501   udiff=  4.9344E+00 (119, 15)   vdiff=  2.7554E+00 (120, 15)
n=  3502   udiff=  4.9102E+00 (119, 15)   vdiff=  2.7495E+00 (120, 15)
n=  3503   udiff=  4.8859E+00 (119, 15)   vdiff=  2.7436E+00 (120, 15)
n=  3504   udiff=  4.8614E+00 (119, 15)   vdiff=  2.7378E+00 (120, 15)
n=  3505   udiff=  4.8367E+00 (119, 15)   vdiff=  2.7319E+00 (120, 15)
n=  3506   udiff=  4.8118E+00 (119, 15)   vdiff=  2.7260E+00 (120, 15)
n=  3507   udiff=  4.7868E+00 (119, 15)   vdiff=  2.7202E+00 (120, 15)
n=  3508   udiff=  4.7617E+00 (119, 15)   vdiff=  2.7143E+00 (120, 15)
n=  3509   udiff=  4.7364E+00 (119, 15)   vdiff=  2.7085E+00 (120, 15)
n=  3510   udiff=  4.7110E+00 (119, 15)   vdiff=  2.7026E+00 (120, 15)
n=  3511   udiff=  4.6854E+00 (119, 15)   vdiff=  2.6968E+00 (120, 15)
n=  3512   udiff=  4.6597E+00 (119, 15)   vdiff=  2.6910E+00 (120, 15)
n=  3513   udiff=  4.6339E+00 (119, 15)   vdiff=  2.6851E+00 (120, 15)
n=  3514   udiff=  4.6080E+00 (119, 15)   vdiff=  2.6793E+00 (120, 15)
n=  3515   udiff=  4.5819E+00 (119, 15)   vdiff=  2.6735E+00 (120, 15)
n=  3516   udiff=  4.5558E+00 (119, 15)   vdiff=  2.6677E+00 (120, 15)
n=  3517   udiff=  4.5295E+00 (119, 15)   vdiff=  2.6619E+00 (120, 15)
n=  3518   udiff=  4.5032E+00 (119, 15)   vdiff=  2.6560E+00 (120, 15)
n=  3519   udiff=  4.4767E+00 (119, 15)   vdiff=  2.6502E+00 (120, 15)
n=  3520   udiff=  4.4502E+00 (119, 15)   vdiff=  2.6444E+00 (120, 15)
n=  3521   udiff=  4.4236E+00 (119, 15)   vdiff=  2.6386E+00 (120, 15)
n=  3522   udiff=  4.3969E+00 (119, 15)   vdiff=  2.6327E+00 (120, 15)
n=  3523   udiff=  4.3702E+00 (119, 15)   vdiff=  2.6269E+00 (120, 15)
n=  3524   udiff=  4.3434E+00 (119, 15)   vdiff=  2.6210E+00 (120, 15)
n=  3525   udiff=  4.3165E+00 (119, 15)   vdiff=  2.6152E+00 (120, 15)
n=  3526   udiff=  4.2896E+00 (119, 15)   vdiff=  2.6093E+00 (120, 15)
n=  3527   udiff=  4.2627E+00 (119, 15)   vdiff=  2.6034E+00 (120, 15)
n=  3528   udiff=  4.2357E+00 (119, 15)   vdiff=  2.5975E+00 (120, 15)
n=  3529   udiff=  4.2086E+00 (119, 15)   vdiff=  2.5916E+00 (120, 15)
n=  3530   udiff=  4.1815E+00 (119, 15)   vdiff=  2.5857E+00 (120, 15)
n=  3531   udiff=  4.1544E+00 (119, 15)   vdiff=  2.5798E+00 (120, 15)
n=  3532   udiff=  4.1273E+00 (119, 15)   vdiff=  2.5738E+00 (120, 15)
n=  3533   udiff=  4.1002E+00 (119, 15)   vdiff=  2.5679E+00 (120, 15)
n=  3534   udiff=  4.0730E+00 (119, 15)   vdiff=  2.5619E+00 (120, 15)
n=  3535   udiff=  4.0458E+00 (119, 15)   vdiff=  2.5559E+00 (120, 15)
n=  3536   udiff=  4.0187E+00 (119, 15)   vdiff=  2.5499E+00 (120, 15)
n=  3537   udiff=  3.9915E+00 (119, 15)   vdiff=  2.5438E+00 (120, 15)
n=  3538   udiff=  3.9643E+00 (119, 15)   vdiff=  2.5378E+00 (120, 15)
n=  3539   udiff=  3.9371E+00 (119, 15)   vdiff=  2.5317E+00 (120, 15)
n=  3540   udiff=  3.9100E+00 (119, 15)   vdiff=  2.5256E+00 (120, 15)
n=  3541   udiff=  3.8828E+00 (119, 15)   vdiff=  2.5195E+00 (120, 15)
n=  3542   udiff=  3.8557E+00 (119, 15)   vdiff=  2.5134E+00 (120, 15)
n=  3543   udiff=  3.8286E+00 (119, 15)   vdiff=  2.5072E+00 (120, 15)
n=  3544   udiff=  3.8015E+00 (119, 15)   vdiff=  2.5010E+00 (120, 15)
n=  3545   udiff=  3.7744E+00 (119, 15)   vdiff=  2.4948E+00 (120, 15)
n=  3546   udiff=  3.7473E+00 (119, 15)   vdiff=  2.4886E+00 (120, 15)
n=  3547   udiff=  3.7203E+00 (119, 15)   vdiff=  2.4823E+00 (120, 15)
n=  3548   udiff=  3.6934E+00 (119, 15)   vdiff=  2.4760E+00 (120, 15)
n=  3549   udiff=  3.6664E+00 (119, 15)   vdiff=  2.4697E+00 (120, 15)
n=  3550   udiff=  3.6395E+00 (119, 15)   vdiff=  2.4633E+00 (120, 15)
n=  3551   udiff=  3.6127E+00 (119, 15)   vdiff=  2.4569E+00 (120, 15)
n=  3552   udiff=  3.5859E+00 (119, 15)   vdiff=  2.4505E+00 (120, 15)
n=  3553   udiff=  3.5592E+00 (119, 15)   vdiff=  2.4441E+00 (120, 15)
n=  3554   udiff=  3.5325E+00 (119, 15)   vdiff=  2.4376E+00 (120, 15)
n=  3555   udiff=  3.5058E+00 (119, 15)   vdiff=  2.4311E+00 (120, 15)
n=  3556   udiff=  3.4792E+00 (119, 15)   vdiff=  2.4245E+00 (120, 15)
n=  3557   udiff=  3.4527E+00 (119, 15)   vdiff=  2.4180E+00 (120, 15)
n=  3558   udiff=  3.4262E+00 (119, 15)   vdiff=  2.4113E+00 (120, 15)
n=  3559   udiff=  3.3998E+00 (119, 15)   vdiff=  2.4047E+00 (120, 15)
n=  3560   udiff=  3.3734E+00 (119, 15)   vdiff=  2.3980E+00 (120, 15)
n=  3561   udiff=  3.3471E+00 (119, 15)   vdiff=  2.3913E+00 (120, 15)
n=  3562   udiff=  3.3208E+00 (119, 15)   vdiff=  2.3845E+00 (120, 15)
n=  3563   udiff=  3.2946E+00 (119, 15)   vdiff=  2.3777E+00 (120, 15)
n=  3564   udiff=  3.2685E+00 (119, 15)   vdiff=  2.3708E+00 (120, 15)
n=  3565   udiff=  3.2424E+00 (119, 15)   vdiff=  2.3639E+00 (120, 15)
n=  3566   udiff=  3.2164E+00 (119, 15)   vdiff=  2.3570E+00 (120, 15)
n=  3567   udiff=  3.1905E+00 (119, 15)   vdiff=  2.3500E+00 (120, 15)
n=  3568   udiff=  3.1646E+00 (119, 15)   vdiff=  2.3430E+00 (120, 15)
n=  3569   udiff=  3.1388E+00 (119, 15)   vdiff=  2.3359E+00 (120, 15)
n=  3570   udiff=  3.1131E+00 (119, 15)   vdiff=  2.3288E+00 (120, 15)
n=  3571   udiff=  3.0874E+00 (119, 15)   vdiff=  2.3216E+00 (120, 15)
n=  3572   udiff=  3.0618E+00 (119, 15)   vdiff=  2.3144E+00 (120, 15)
n=  3573   udiff=  3.0362E+00 (119, 15)   vdiff=  2.3071E+00 (120, 15)
n=  3574   udiff=  3.0107E+00 (119, 15)   vdiff=  2.2998E+00 (120, 15)
n=  3575   udiff=  2.9853E+00 (119, 15)   vdiff=  2.2925E+00 (120, 15)
n=  3576   udiff=  2.9600E+00 (119, 15)   vdiff=  2.2851E+00 (120, 15)
n=  3577   udiff=  2.9347E+00 (119, 15)   vdiff=  2.2776E+00 (120, 15)
n=  3578   udiff=  2.9095E+00 (119, 15)   vdiff=  2.2701E+00 (120, 15)
n=  3579   udiff=  2.8843E+00 (119, 15)   vdiff=  2.2625E+00 (120, 15)
n=  3580   udiff=  2.8592E+00 (119, 15)   vdiff=  2.2549E+00 (120, 15)
n=  3581   udiff=  2.8342E+00 (119, 15)   vdiff=  2.2472E+00 (120, 15)
n=  3582   udiff=  2.8092E+00 (119, 15)   vdiff=  2.2415E+00 (118, 15)
n=  3583   udiff=  2.7843E+00 (119, 15)   vdiff=  2.2365E+00 (118, 15)
n=  3584   udiff=  2.7595E+00 (119, 15)   vdiff=  2.2315E+00 (118, 15)
n=  3585   udiff=  2.7347E+00 (119, 15)   vdiff=  2.2264E+00 (118, 15)
n=  3586   udiff=  2.7100E+00 (119, 15)   vdiff=  2.2213E+00 (118, 15)
n=  3587   udiff=  2.6854E+00 (119, 15)   vdiff=  2.2161E+00 (118, 15)
n=  3588   udiff=  2.6608E+00 (119, 15)   vdiff=  2.2109E+00 (118, 15)
n=  3589   udiff=  2.6362E+00 (119, 15)   vdiff=  2.2057E+00 (118, 15)
n=  3590   udiff=  2.6118E+00 (119, 15)   vdiff=  2.2004E+00 (118, 15)
n=  3591   udiff=  2.5874E+00 (119, 15)   vdiff=  2.1950E+00 (118, 15)
n=  3592   udiff=  2.5630E+00 (119, 15)   vdiff=  2.1897E+00 (118, 15)
n=  3593   udiff=  2.5387E+00 (119, 15)   vdiff=  2.1843E+00 (118, 15)
n=  3594   udiff=  2.5145E+00 (119, 15)   vdiff=  2.1789E+00 (118, 15)
n=  3595   udiff=  2.4903E+00 (119, 15)   vdiff=  2.1734E+00 (118, 15)
n=  3596   udiff=  2.4661E+00 (119, 15)   vdiff=  2.1679E+00 (118, 15)
n=  3597   udiff=  2.4421E+00 (119, 15)   vdiff=  2.1623E+00 (118, 15)
n=  3598   udiff=  2.4181E+00 (119, 15)   vdiff=  2.1567E+00 (118, 15)
n=  3599   udiff=  2.3941E+00 (119, 15)   vdiff=  2.1511E+00 (118, 15)
n=  3600   udiff=  2.3702E+00 (119, 15)   vdiff=  2.1454E+00 (118, 15)
n=  3601   udiff=  2.3464E+00 (119, 15)   vdiff=  2.1397E+00 (118, 15)
n=  3602   udiff=  2.3226E+00 (119, 15)   vdiff=  2.1340E+00 (118, 15)
n=  3603   udiff=  2.2988E+00 (119, 15)   vdiff=  2.1282E+00 (118, 15)
n=  3604   udiff=  2.2751E+00 (119, 15)   vdiff=  2.1224E+00 (118, 15)
n=  3605   udiff=  2.2515E+00 (119, 15)   vdiff=  2.1165E+00 (118, 15)
n=  3606   udiff=  2.2280E+00 (119, 15)   vdiff=  2.1105E+00 (118, 15)
n=  3607   udiff=  2.2044E+00 (119, 15)   vdiff=  2.1046E+00 (118, 15)
n=  3608   udiff=  2.1810E+00 (119, 15)   vdiff=  2.0986E+00 (118, 15)
n=  3609   udiff=  2.1576E+00 (119, 15)   vdiff=  2.0925E+00 (118, 15)
n=  3610   udiff=  2.1342E+00 (119, 15)   vdiff=  2.0864E+00 (118, 15)
n=  3611   udiff=  2.1109E+00 (119, 15)   vdiff=  2.0803E+00 (118, 15)
n=  3612   udiff=  2.1004E+00 (103, 15)   vdiff=  2.0742E+00 (118, 15)
n=  3613   udiff=  2.1042E+00 (103, 15)   vdiff=  2.0680E+00 (118, 15)
n=  3614   udiff=  2.1079E+00 (103, 15)   vdiff=  2.0618E+00 (118, 15)
n=  3615   udiff=  2.1115E+00 (103, 15)   vdiff=  2.0556E+00 (118, 15)
n=  3616   udiff=  2.1150E+00 (103, 15)   vdiff=  2.0493E+00 (118, 15)
n=  3617   udiff=  2.1184E+00 (103, 15)   vdiff=  2.0432E+00 (118, 15)
n=  3618   udiff=  2.1217E+00 (103, 15)   vdiff=  2.0370E+00 (118, 15)
n=  3619   udiff=  2.1249E+00 (103, 15)   vdiff=  2.0308E+00 (118, 15)
n=  3620   udiff=  2.1280E+00 (103, 15)   vdiff=  2.0246E+00 (118, 15)
n=  3621   udiff=  2.1310E+00 (103, 15)   vdiff=  2.0184E+00 (118, 15)
n=  3622   udiff=  2.1339E+00 (103, 15)   vdiff=  2.0121E+00 (118, 15)
n=  3623   udiff=  2.1367E+00 (103, 15)   vdiff=  2.0058E+00 (118, 15)
n=  3624   udiff=  2.1394E+00 (103, 15)   vdiff=  1.9995E+00 (118, 15)
n=  3625   udiff=  2.1421E+00 (103, 15)   vdiff=  1.9931E+00 (118, 15)
n=  3626   udiff=  2.1446E+00 (103, 15)   vdiff=  1.9868E+00 (118, 15)
n=  3627   udiff=  2.1470E+00 (103, 15)   vdiff=  1.9804E+00 (118, 15)
n=  3628   udiff=  2.1494E+00 (103, 15)   vdiff=  1.9739E+00 (118, 15)
n=  3629   udiff=  2.1516E+00 (103, 15)   vdiff=  1.9675E+00 (118, 15)
n=  3630   udiff=  2.1537E+00 (103, 15)   vdiff=  1.9609E+00 (118, 15)
n=  3631   udiff=  2.1558E+00 (103, 15)   vdiff=  1.9544E+00 (118, 15)
n=  3632   udiff=  2.1577E+00 (103, 15)   vdiff=  1.9478E+00 (118, 15)
n=  3633   udiff=  2.1596E+00 (103, 15)   vdiff=  1.9413E+00 (118, 15)
n=  3634   udiff=  2.1614E+00 (103, 15)   vdiff=  1.9346E+00 (118, 15)
n=  3635   udiff=  2.1630E+00 (103, 15)   vdiff=  1.9280E+00 (118, 15)
n=  3636   udiff=  2.1646E+00 (103, 15)   vdiff=  1.9213E+00 (118, 15)
n=  3637   udiff=  2.1661E+00 (103, 15)   vdiff=  1.9147E+00 (118, 15)
n=  3638   udiff=  2.1674E+00 (103, 15)   vdiff=  1.9079E+00 (118, 15)
n=  3639   udiff=  2.1687E+00 (103, 15)   vdiff=  1.9012E+00 (118, 15)
n=  3640   udiff=  2.1699E+00 (103, 15)   vdiff=  1.8944E+00 (118, 15)
n=  3641   udiff=  2.1710E+00 (103, 15)   vdiff=  1.8876E+00 (118, 15)
n=  3642   udiff=  2.1720E+00 (103, 15)   vdiff=  1.8808E+00 (118, 15)
n=  3643   udiff=  2.1729E+00 (103, 15)   vdiff=  1.8740E+00 (118, 15)
n=  3644   udiff=  2.1737E+00 (103, 15)   vdiff=  1.8671E+00 (118, 15)
n=  3645   udiff=  2.1743E+00 (103, 15)   vdiff=  1.8602E+00 (118, 15)
n=  3646   udiff=  2.1749E+00 (103, 15)   vdiff=  1.8533E+00 (118, 15)
n=  3647   udiff=  2.1754E+00 (103, 15)   vdiff=  1.8463E+00 (118, 15)
n=  3648   udiff=  2.1758E+00 (103, 15)   vdiff=  1.8394E+00 (118, 15)
n=  3649   udiff=  2.1762E+00 (103, 15)   vdiff=  1.8324E+00 (118, 15)
n=  3650   udiff=  2.1764E+00 (103, 15)   vdiff=  1.8254E+00 (118, 15)
n=  3651   udiff=  2.1765E+00 (103, 15)   vdiff=  1.8183E+00 (118, 15)
n=  3652   udiff=  2.1768E+00 (104, 15)   vdiff=  1.8113E+00 (118, 15)
n=  3653   udiff=  2.1819E+00 (104, 15)   vdiff=  1.8042E+00 (118, 15)
n=  3654   udiff=  2.1870E+00 (104, 15)   vdiff=  1.7971E+00 (118, 15)
n=  3655   udiff=  2.1919E+00 (104, 15)   vdiff=  1.7899E+00 (118, 15)
n=  3656   udiff=  2.1967E+00 (104, 15)   vdiff=  1.7828E+00 (118, 15)
n=  3657   udiff=  2.2014E+00 (104, 15)   vdiff=  1.7756E+00 (118, 15)
n=  3658   udiff=  2.2061E+00 (104, 15)   vdiff=  1.7684E+00 (118, 15)
n=  3659   udiff=  2.2106E+00 (104, 15)   vdiff=  1.7612E+00 (118, 15)
n=  3660   udiff=  2.2150E+00 (104, 15)   vdiff=  1.7540E+00 (118, 15)
n=  3661   udiff=  2.2193E+00 (104, 15)   vdiff=  1.7468E+00 (118, 15)
n=  3662   udiff=  2.2235E+00 (104, 15)   vdiff=  1.7396E+00 (118, 15)
n=  3663   udiff=  2.2276E+00 (104, 15)   vdiff=  1.7323E+00 (118, 15)
n=  3664   udiff=  2.2317E+00 (104, 15)   vdiff=  1.7326E+00 (120, 11)
n=  3665   udiff=  2.2355E+00 (104, 15)   vdiff=  1.7410E+00 (120, 11)
n=  3666   udiff=  2.2393E+00 (104, 15)   vdiff=  1.7494E+00 (120, 11)
n=  3667   udiff=  2.2430E+00 (104, 15)   vdiff=  1.7578E+00 (120, 11)
n=  3668   udiff=  2.2466E+00 (104, 15)   vdiff=  1.7663E+00 (120, 11)
n=  3669   udiff=  2.2501E+00 (104, 15)   vdiff=  1.7748E+00 (120, 11)
n=  3670   udiff=  2.2535E+00 (104, 15)   vdiff=  1.7834E+00 (120, 11)
n=  3671   udiff=  2.2567E+00 (104, 15)   vdiff=  1.7920E+00 (120, 11)
n=  3672   udiff=  2.2599E+00 (104, 15)   vdiff=  1.8006E+00 (120, 11)
n=  3673   udiff=  2.2629E+00 (104, 15)   vdiff=  1.8093E+00 (120, 11)
n=  3674   udiff=  2.2659E+00 (104, 15)   vdiff=  1.8180E+00 (120, 11)
n=  3675   udiff=  2.2687E+00 (104, 15)   vdiff=  1.8267E+00 (120, 11)
n=  3676   udiff=  2.2714E+00 (104, 15)   vdiff=  1.8355E+00 (120, 11)
n=  3677   udiff=  2.2740E+00 (104, 15)   vdiff=  1.8443E+00 (120, 11)
n=  3678   udiff=  2.2765E+00 (104, 15)   vdiff=  1.8532E+00 (120, 11)
n=  3679   udiff=  2.2789E+00 (104, 15)   vdiff=  1.8620E+00 (120, 11)
n=  3680   udiff=  2.2812E+00 (104, 15)   vdiff=  1.8709E+00 (120, 11)
n=  3681   udiff=  2.2834E+00 (104, 15)   vdiff=  1.8798E+00 (120, 11)
n=  3682   udiff=  2.2855E+00 (104, 15)   vdiff=  1.8888E+00 (120, 11)
n=  3683   udiff=  2.2875E+00 (104, 15)   vdiff=  1.8978E+00 (120, 11)
n=  3684   udiff=  2.2894E+00 (104, 15)   vdiff=  1.9068E+00 (120, 11)
n=  3685   udiff=  2.2911E+00 (104, 15)   vdiff=  1.9158E+00 (120, 11)
n=  3686   udiff=  2.2928E+00 (104, 15)   vdiff=  1.9249E+00 (120, 11)
n=  3687   udiff=  2.2943E+00 (104, 15)   vdiff=  1.9340E+00 (120, 11)
n=  3688   udiff=  2.2957E+00 (104, 15)   vdiff=  1.9431E+00 (120, 11)
n=  3689   udiff=  2.2971E+00 (104, 15)   vdiff=  1.9523E+00 (120, 11)
n=  3690   udiff=  2.2983E+00 (104, 15)   vdiff=  1.9614E+00 (120, 11)
n=  3691   udiff=  2.2994E+00 (104, 15)   vdiff=  1.9706E+00 (120, 11)
n=  3692   udiff=  2.3004E+00 (104, 15)   vdiff=  1.9797E+00 (120, 11)
n=  3693   udiff=  2.3013E+00 (104, 15)   vdiff=  1.9890E+00 (120, 11)
n=  3694   udiff=  2.3021E+00 (104, 15)   vdiff=  1.9982E+00 (120, 11)
n=  3695   udiff=  2.3027E+00 (104, 15)   vdiff=  2.0074E+00 (120, 11)
n=  3696   udiff=  2.3033E+00 (104, 15)   vdiff=  2.0167E+00 (120, 11)
n=  3697   udiff=  2.3037E+00 (104, 15)   vdiff=  2.0259E+00 (120, 11)
n=  3698   udiff=  2.3041E+00 (104, 15)   vdiff=  2.0352E+00 (120, 11)
n=  3699   udiff=  2.3043E+00 (104, 15)   vdiff=  2.0445E+00 (120, 11)
n=  3700   udiff=  2.3044E+00 (104, 15)   vdiff=  2.0538E+00 (120, 11)
n=  3701   udiff=  2.3052E+00 (105, 15)   vdiff=  2.0631E+00 (120, 11)
n=  3702   udiff=  2.3107E+00 (105, 15)   vdiff=  2.0724E+00 (120, 11)
n=  3703   udiff=  2.3162E+00 (105, 15)   vdiff=  2.0817E+00 (120, 11)
n=  3704   udiff=  2.3215E+00 (105, 15)   vdiff=  2.0910E+00 (120, 11)
n=  3705   udiff=  2.3267E+00 (105, 15)   vdiff=  2.1003E+00 (120, 11)
n=  3706   udiff=  2.3318E+00 (105, 15)   vdiff=  2.1097E+00 (120, 11)
n=  3707   udiff=  2.3368E+00 (105, 15)   vdiff=  2.1190E+00 (120, 11)
n=  3708   udiff=  2.3416E+00 (105, 15)   vdiff=  2.1284E+00 (120, 11)
n=  3709   udiff=  2.3464E+00 (105, 15)   vdiff=  2.1377E+00 (120, 11)
n=  3710   udiff=  2.3510E+00 (105, 15)   vdiff=  2.1471E+00 (120, 11)
n=  3711   udiff=  2.3555E+00 (105, 15)   vdiff=  2.1565E+00 (120, 11)
n=  3712   udiff=  2.3599E+00 (105, 15)   vdiff=  2.1659E+00 (120, 11)
n=  3713   udiff=  2.3642E+00 (105, 15)   vdiff=  2.1753E+00 (120, 11)
n=  3714   udiff=  2.3684E+00 (105, 15)   vdiff=  2.1847E+00 (120, 11)
n=  3715   udiff=  2.3724E+00 (105, 15)   vdiff=  2.1941E+00 (120, 11)
n=  3716   udiff=  2.3764E+00 (105, 15)   vdiff=  2.2036E+00 (120, 11)
n=  3717   udiff=  2.3802E+00 (105, 15)   vdiff=  2.2130E+00 (120, 11)
n=  3718   udiff=  2.3839E+00 (105, 15)   vdiff=  2.2225E+00 (120, 12)
n=  3719   udiff=  2.3875E+00 (105, 15)   vdiff=  2.2338E+00 (120, 12)
n=  3720   udiff=  2.3909E+00 (105, 15)   vdiff=  2.2450E+00 (120, 12)
n=  3721   udiff=  2.3943E+00 (105, 15)   vdiff=  2.2563E+00 (120, 12)
n=  3722   udiff=  2.3975E+00 (105, 15)   vdiff=  2.2675E+00 (120, 12)
n=  3723   udiff=  2.4006E+00 (105, 15)   vdiff=  2.2788E+00 (120, 12)
n=  3724   udiff=  2.4036E+00 (105, 15)   vdiff=  2.2901E+00 (120, 12)
n=  3725   udiff=  2.4064E+00 (105, 15)   vdiff=  2.3013E+00 (120, 12)
n=  3726   udiff=  2.4092E+00 (105, 15)   vdiff=  2.3126E+00 (120, 12)
n=  3727   udiff=  2.4118E+00 (105, 15)   vdiff=  2.3239E+00 (120, 12)
n=  3728   udiff=  2.4143E+00 (105, 15)   vdiff=  2.3351E+00 (120, 12)
n=  3729   udiff=  2.4167E+00 (105, 15)   vdiff=  2.3464E+00 (120, 12)
n=  3730   udiff=  2.4190E+00 (105, 15)   vdiff=  2.3577E+00 (120, 12)
n=  3731   udiff=  2.4211E+00 (105, 15)   vdiff=  2.3690E+00 (120, 12)
n=  3732   udiff=  2.4231E+00 (105, 15)   vdiff=  2.3802E+00 (120, 12)
n=  3733   udiff=  2.4250E+00 (105, 15)   vdiff=  2.3915E+00 (120, 12)
n=  3734   udiff=  2.4268E+00 (105, 15)   vdiff=  2.4027E+00 (120, 12)
n=  3735   udiff=  2.4284E+00 (105, 15)   vdiff=  2.4140E+00 (120, 12)
n=  3736   udiff=  2.4300E+00 (105, 15)   vdiff=  2.4253E+00 (120, 12)
n=  3737   udiff=  2.4314E+00 (105, 15)   vdiff=  2.4365E+00 (120, 12)
n=  3738   udiff=  2.4327E+00 (105, 15)   vdiff=  2.4477E+00 (120, 12)
n=  3739   udiff=  2.4338E+00 (105, 15)   vdiff=  2.4590E+00 (120, 12)
n=  3740   udiff=  2.4349E+00 (105, 15)   vdiff=  2.4702E+00 (120, 12)
n=  3741   udiff=  2.4358E+00 (105, 15)   vdiff=  2.4814E+00 (120, 12)
n=  3742   udiff=  2.4366E+00 (105, 15)   vdiff=  2.4926E+00 (120, 12)
n=  3743   udiff=  2.4372E+00 (105, 15)   vdiff=  2.5038E+00 (120, 12)
n=  3744   udiff=  2.4378E+00 (105, 15)   vdiff=  2.5149E+00 (120, 12)
n=  3745   udiff=  2.4382E+00 (105, 15)   vdiff=  2.5261E+00 (120, 12)
n=  3746   udiff=  2.4385E+00 (105, 15)   vdiff=  2.5373E+00 (120, 12)
n=  3747   udiff=  2.4387E+00 (105, 15)   vdiff=  2.5484E+00 (120, 12)
n=  3748   udiff=  2.4387E+00 (105, 15)   vdiff=  2.5595E+00 (120, 12)
n=  3749   udiff=  2.4432E+00 (106, 15)   vdiff=  2.5706E+00 (120, 12)
n=  3750   udiff=  2.4491E+00 (106, 15)   vdiff=  2.5817E+00 (120, 12)
n=  3751   udiff=  2.4549E+00 (106, 15)   vdiff=  2.5928E+00 (120, 12)
n=  3752   udiff=  2.4606E+00 (106, 15)   vdiff=  2.6039E+00 (120, 12)
n=  3753   udiff=  2.4661E+00 (106, 15)   vdiff=  2.6149E+00 (120, 12)
n=  3754   udiff=  2.4715E+00 (106, 15)   vdiff=  2.6259E+00 (120, 12)
n=  3755   udiff=  2.4768E+00 (106, 15)   vdiff=  2.6369E+00 (120, 12)
n=  3756   udiff=  2.4819E+00 (106, 15)   vdiff=  2.6479E+00 (120, 12)
n=  3757   udiff=  2.4870E+00 (106, 15)   vdiff=  2.6589E+00 (120, 12)
n=  3758   udiff=  2.4919E+00 (106, 15)   vdiff=  2.6698E+00 (120, 12)
n=  3759   udiff=  2.4966E+00 (106, 15)   vdiff=  2.6808E+00 (120, 12)
n=  3760   udiff=  2.5013E+00 (106, 15)   vdiff=  2.6917E+00 (120, 12)
n=  3761   udiff=  2.5058E+00 (106, 15)   vdiff=  2.7025E+00 (120, 12)
n=  3762   udiff=  2.5101E+00 (106, 15)   vdiff=  2.7134E+00 (120, 12)
n=  3763   udiff=  2.5144E+00 (106, 15)   vdiff=  2.7242E+00 (120, 12)
n=  3764   udiff=  2.5185E+00 (106, 15)   vdiff=  2.7350E+00 (120, 12)
n=  3765   udiff=  2.5225E+00 (106, 15)   vdiff=  2.7458E+00 (120, 12)
n=  3766   udiff=  2.5263E+00 (106, 15)   vdiff=  2.7564E+00 (120, 12)
n=  3767   udiff=  2.5301E+00 (106, 15)   vdiff=  2.7669E+00 (120, 12)
n=  3768   udiff=  2.5336E+00 (106, 15)   vdiff=  2.7772E+00 (120, 12)
n=  3769   udiff=  2.5371E+00 (106, 15)   vdiff=  2.7876E+00 (120, 12)
n=  3770   udiff=  2.5404E+00 (106, 15)   vdiff=  2.7980E+00 (120, 12)
n=  3771   udiff=  2.5436E+00 (106, 15)   vdiff=  2.8083E+00 (120, 12)
n=  3772   udiff=  2.5466E+00 (106, 15)   vdiff=  2.8186E+00 (120, 12)
n=  3773   udiff=  2.5496E+00 (106, 15)   vdiff=  2.8288E+00 (120, 12)
n=  3774   udiff=  2.5523E+00 (106, 15)   vdiff=  2.8391E+00 (120, 12)
n=  3775   udiff=  2.5550E+00 (106, 15)   vdiff=  2.8493E+00 (120, 12)
n=  3776   udiff=  2.5575E+00 (106, 15)   vdiff=  2.8595E+00 (120, 12)
n=  3777   udiff=  2.5599E+00 (106, 15)   vdiff=  2.8696E+00 (120, 12)
n=  3778   udiff=  2.5621E+00 (106, 15)   vdiff=  2.8798E+00 (120, 12)
n=  3779   udiff=  2.5642E+00 (106, 15)   vdiff=  2.8898E+00 (120, 12)
n=  3780   udiff=  2.5662E+00 (106, 15)   vdiff=  2.8999E+00 (120, 12)
n=  3781   udiff=  2.5680E+00 (106, 15)   vdiff=  2.9099E+00 (120, 12)
n=  3782   udiff=  2.5697E+00 (106, 15)   vdiff=  2.9199E+00 (120, 12)
n=  3783   udiff=  2.5712E+00 (106, 15)   vdiff=  2.9299E+00 (120, 12)
n=  3784   udiff=  2.5727E+00 (106, 15)   vdiff=  2.9398E+00 (120, 12)
n=  3785   udiff=  2.5739E+00 (106, 15)   vdiff=  2.9497E+00 (120, 12)
n=  3786   udiff=  2.5751E+00 (106, 15)   vdiff=  2.9596E+00 (120, 12)
n=  3787   udiff=  2.5761E+00 (106, 15)   vdiff=  2.9695E+00 (120, 12)
n=  3788   udiff=  2.5769E+00 (106, 15)   vdiff=  2.9792E+00 (120, 12)
n=  3789   udiff=  2.5777E+00 (106, 15)   vdiff=  2.9890E+00 (120, 12)
n=  3790   udiff=  2.5782E+00 (106, 15)   vdiff=  2.9987E+00 (120, 12)
n=  3791   udiff=  2.5787E+00 (106, 15)   vdiff=  3.0084E+00 (120, 12)
n=  3792   udiff=  2.5790E+00 (106, 15)   vdiff=  3.0181E+00 (120, 12)
n=  3793   udiff=  2.5792E+00 (106, 15)   vdiff=  3.0277E+00 (120, 12)
n=  3794   udiff=  2.5792E+00 (106, 15)   vdiff=  3.0371E+00 (120, 12)
n=  3795   udiff=  2.5851E+00 (107, 15)   vdiff=  3.0466E+00 (120, 12)
n=  3796   udiff=  2.5914E+00 (107, 15)   vdiff=  3.0560E+00 (120, 12)
n=  3797   udiff=  2.5976E+00 (107, 15)   vdiff=  3.0654E+00 (120, 12)
n=  3798   udiff=  2.6037E+00 (107, 15)   vdiff=  3.0747E+00 (120, 12)
n=  3799   udiff=  2.6096E+00 (107, 15)   vdiff=  3.0840E+00 (120, 12)
n=  3800   udiff=  2.6154E+00 (107, 15)   vdiff=  3.0932E+00 (120, 12)
n=  3801   udiff=  2.6210E+00 (107, 15)   vdiff=  3.1024E+00 (120, 12)
n=  3802   udiff=  2.6265E+00 (107, 15)   vdiff=  3.1115E+00 (120, 12)
n=  3803   udiff=  2.6319E+00 (107, 15)   vdiff=  3.1206E+00 (120, 12)
n=  3804   udiff=  2.6371E+00 (107, 15)   vdiff=  3.1297E+00 (120, 12)
n=  3805   udiff=  2.6422E+00 (107, 15)   vdiff=  3.1387E+00 (120, 12)
n=  3806   udiff=  2.6471E+00 (107, 15)   vdiff=  3.1477E+00 (120, 12)
n=  3807   udiff=  2.6519E+00 (107, 15)   vdiff=  3.1566E+00 (120, 12)
n=  3808   udiff=  2.6565E+00 (107, 15)   vdiff=  3.1654E+00 (120, 12)
n=  3809   udiff=  2.6610E+00 (107, 15)   vdiff=  3.1742E+00 (120, 12)
n=  3810   udiff=  2.6654E+00 (107, 15)   vdiff=  3.1830E+00 (120, 12)
n=  3811   udiff=  2.6696E+00 (107, 15)   vdiff=  3.1917E+00 (120, 12)
n=  3812   udiff=  2.6736E+00 (107, 15)   vdiff=  3.2004E+00 (120, 12)
n=  3813   udiff=  2.6775E+00 (107, 15)   vdiff=  3.2090E+00 (120, 12)
n=  3814   udiff=  2.6813E+00 (107, 15)   vdiff=  3.2175E+00 (120, 12)
n=  3815   udiff=  2.6849E+00 (107, 15)   vdiff=  3.2260E+00 (120, 12)
n=  3816   udiff=  2.6883E+00 (107, 15)   vdiff=  3.2344E+00 (120, 12)
n=  3817   udiff=  2.6916E+00 (107, 15)   vdiff=  3.2428E+00 (120, 12)
n=  3818   udiff=  2.6948E+00 (107, 15)   vdiff=  3.2511E+00 (120, 12)
n=  3819   udiff=  2.6978E+00 (107, 15)   vdiff=  3.2593E+00 (120, 12)
n=  3820   udiff=  2.7006E+00 (107, 15)   vdiff=  3.2675E+00 (120, 12)
n=  3821   udiff=  2.7033E+00 (107, 15)   vdiff=  3.2756E+00 (120, 12)
n=  3822   udiff=  2.7059E+00 (107, 15)   vdiff=  3.2837E+00 (120, 12)
n=  3823   udiff=  2.7083E+00 (107, 15)   vdiff=  3.2917E+00 (120, 12)
n=  3824   udiff=  2.7105E+00 (107, 15)   vdiff=  3.2996E+00 (120, 12)
n=  3825   udiff=  2.7126E+00 (107, 15)   vdiff=  3.3075E+00 (120, 12)
n=  3826   udiff=  2.7146E+00 (107, 15)   vdiff=  3.3153E+00 (120, 12)
n=  3827   udiff=  2.7164E+00 (107, 15)   vdiff=  3.3230E+00 (120, 12)
n=  3828   udiff=  2.7180E+00 (107, 15)   vdiff=  3.3306E+00 (120, 12)
n=  3829   udiff=  2.7195E+00 (107, 15)   vdiff=  3.3382E+00 (120, 12)
n=  3830   udiff=  2.7208E+00 (107, 15)   vdiff=  3.3457E+00 (120, 12)
n=  3831   udiff=  2.7220E+00 (107, 15)   vdiff=  3.3532E+00 (120, 12)
n=  3832   udiff=  2.7230E+00 (107, 15)   vdiff=  3.3605E+00 (120, 12)
n=  3833   udiff=  2.7239E+00 (107, 15)   vdiff=  3.3678E+00 (120, 12)
n=  3834   udiff=  2.7246E+00 (107, 15)   vdiff=  3.3750E+00 (120, 12)
n=  3835   udiff=  2.7251E+00 (107, 15)   vdiff=  3.3821E+00 (120, 12)
n=  3836   udiff=  2.7255E+00 (107, 15)   vdiff=  3.3892E+00 (120, 12)
n=  3837   udiff=  2.7258E+00 (107, 15)   vdiff=  3.3961E+00 (120, 12)
n=  3838   udiff=  2.7258E+00 (107, 15)   vdiff=  3.4030E+00 (120, 12)
n=  3839   udiff=  2.7297E+00 (108, 15)   vdiff=  3.4098E+00 (120, 12)
n=  3840   udiff=  2.7365E+00 (108, 15)   vdiff=  3.4165E+00 (120, 12)
n=  3841   udiff=  2.7432E+00 (108, 15)   vdiff=  3.4232E+00 (120, 12)
n=  3842   udiff=  2.7498E+00 (108, 15)   vdiff=  3.4297E+00 (120, 12)
n=  3843   udiff=  2.7562E+00 (108, 15)   vdiff=  3.4362E+00 (120, 12)
n=  3844   udiff=  2.7624E+00 (108, 15)   vdiff=  3.4425E+00 (120, 12)
n=  3845   udiff=  2.7685E+00 (108, 15)   vdiff=  3.4488E+00 (120, 12)
n=  3846   udiff=  2.7744E+00 (108, 15)   vdiff=  3.4550E+00 (120, 12)
n=  3847   udiff=  2.7802E+00 (108, 15)   vdiff=  3.4611E+00 (120, 12)
n=  3848   udiff=  2.7858E+00 (108, 15)   vdiff=  3.4671E+00 (120, 12)
n=  3849   udiff=  2.7912E+00 (108, 15)   vdiff=  3.4730E+00 (120, 12)
n=  3850   udiff=  2.7965E+00 (108, 15)   vdiff=  3.4788E+00 (120, 12)
n=  3851   udiff=  2.8016E+00 (108, 15)   vdiff=  3.4845E+00 (120, 12)
n=  3852   udiff=  2.8066E+00 (108, 15)   vdiff=  3.4902E+00 (120, 12)
n=  3853   udiff=  2.8114E+00 (108, 15)   vdiff=  3.4957E+00 (120, 12)
n=  3854   udiff=  2.8160E+00 (108, 15)   vdiff=  3.5011E+00 (120, 12)
n=  3855   udiff=  2.8205E+00 (108, 15)   vdiff=  3.5064E+00 (120, 12)
n=  3856   udiff=  2.8248E+00 (108, 15)   vdiff=  3.5116E+00 (120, 12)
n=  3857   udiff=  2.8290E+00 (108, 15)   vdiff=  3.5167E+00 (120, 12)
n=  3858   udiff=  2.8330E+00 (108, 15)   vdiff=  3.5217E+00 (120, 12)
n=  3859   udiff=  2.8368E+00 (108, 15)   vdiff=  3.5266E+00 (120, 12)
n=  3860   udiff=  2.8404E+00 (108, 15)   vdiff=  3.5314E+00 (120, 12)
n=  3861   udiff=  2.8439E+00 (108, 15)   vdiff=  3.5361E+00 (120, 12)
n=  3862   udiff=  2.8472E+00 (108, 15)   vdiff=  3.5407E+00 (120, 12)
n=  3863   udiff=  2.8504E+00 (108, 15)   vdiff=  3.5451E+00 (120, 12)
n=  3864   udiff=  2.8534E+00 (108, 15)   vdiff=  3.5495E+00 (120, 12)
n=  3865   udiff=  2.8562E+00 (108, 15)   vdiff=  3.5537E+00 (120, 12)
n=  3866   udiff=  2.8588E+00 (108, 15)   vdiff=  3.5578E+00 (120, 12)
n=  3867   udiff=  2.8613E+00 (108, 15)   vdiff=  3.5619E+00 (120, 12)
n=  3868   udiff=  2.8636E+00 (108, 15)   vdiff=  3.5658E+00 (120, 12)
n=  3869   udiff=  2.8658E+00 (108, 15)   vdiff=  3.5697E+00 (120, 12)
n=  3870   udiff=  2.8677E+00 (108, 15)   vdiff=  3.5734E+00 (120, 12)
n=  3871   udiff=  2.8695E+00 (108, 15)   vdiff=  3.5770E+00 (120, 12)
n=  3872   udiff=  2.8712E+00 (108, 15)   vdiff=  3.5802E+00 (120, 12)
n=  3873   udiff=  2.8726E+00 (108, 15)   vdiff=  3.5833E+00 (120, 12)
n=  3874   udiff=  2.8739E+00 (108, 15)   vdiff=  3.5863E+00 (120, 12)
n=  3875   udiff=  2.8750E+00 (108, 15)   vdiff=  3.5892E+00 (120, 12)
n=  3876   udiff=  2.8760E+00 (108, 15)   vdiff=  3.5919E+00 (120, 12)
n=  3877   udiff=  2.8767E+00 (108, 15)   vdiff=  3.5945E+00 (120, 12)
n=  3878   udiff=  2.8773E+00 (108, 15)   vdiff=  3.5969E+00 (120, 12)
n=  3879   udiff=  2.8777E+00 (108, 15)   vdiff=  3.5992E+00 (120, 12)
n=  3880   udiff=  2.8780E+00 (108, 15)   vdiff=  3.6014E+00 (120, 12)
n=  3881   udiff=  2.8781E+00 (108, 15)   vdiff=  3.6035E+00 (120, 12)
n=  3882   udiff=  2.8821E+00 (109, 15)   vdiff=  3.6054E+00 (120, 12)
n=  3883   udiff=  2.8894E+00 (109, 15)   vdiff=  3.6072E+00 (120, 12)
n=  3884   udiff=  2.8966E+00 (109, 15)   vdiff=  3.6089E+00 (120, 12)
n=  3885   udiff=  2.9035E+00 (109, 15)   vdiff=  3.6105E+00 (120, 12)
n=  3886   udiff=  2.9103E+00 (109, 15)   vdiff=  3.6119E+00 (120, 12)
n=  3887   udiff=  2.9169E+00 (109, 15)   vdiff=  3.6132E+00 (120, 12)
n=  3888   udiff=  2.9233E+00 (109, 15)   vdiff=  3.6144E+00 (120, 12)
n=  3889   udiff=  2.9296E+00 (109, 15)   vdiff=  3.6154E+00 (120, 12)
n=  3890   udiff=  2.9357E+00 (109, 15)   vdiff=  3.6163E+00 (120, 12)
n=  3891   udiff=  2.9416E+00 (109, 15)   vdiff=  3.6171E+00 (120, 12)
n=  3892   udiff=  2.9473E+00 (109, 15)   vdiff=  3.6177E+00 (120, 12)
n=  3893   udiff=  2.9529E+00 (109, 15)   vdiff=  3.6182E+00 (120, 12)
n=  3894   udiff=  2.9583E+00 (109, 15)   vdiff=  3.6186E+00 (120, 12)
n=  3895   udiff=  2.9635E+00 (109, 15)   vdiff=  3.6188E+00 (120, 12)
n=  3896   udiff=  2.9685E+00 (109, 15)   vdiff=  3.6189E+00 (120, 12)
n=  3897   udiff=  2.9733E+00 (109, 15)   vdiff=  3.6188E+00 (120, 12)
n=  3898   udiff=  2.9780E+00 (109, 15)   vdiff=  3.6186E+00 (120, 12)
n=  3899   udiff=  2.9824E+00 (109, 15)   vdiff=  3.6183E+00 (120, 12)
n=  3900   udiff=  2.9867E+00 (109, 15)   vdiff=  3.6177E+00 (120, 12)
n=  3901   udiff=  2.9908E+00 (109, 15)   vdiff=  3.6171E+00 (120, 12)
n=  3902   udiff=  2.9948E+00 (109, 15)   vdiff=  3.6163E+00 (120, 12)
n=  3903   udiff=  2.9985E+00 (109, 15)   vdiff=  3.6154E+00 (120, 12)
n=  3904   udiff=  3.0021E+00 (109, 15)   vdiff=  3.6143E+00 (120, 12)
n=  3905   udiff=  3.0054E+00 (109, 15)   vdiff=  3.6131E+00 (120, 12)
n=  3906   udiff=  3.0086E+00 (109, 15)   vdiff=  3.6117E+00 (120, 12)
n=  3907   udiff=  3.0116E+00 (109, 15)   vdiff=  3.6102E+00 (120, 12)
n=  3908   udiff=  3.0144E+00 (109, 15)   vdiff=  3.6085E+00 (120, 12)
n=  3909   udiff=  3.0170E+00 (109, 15)   vdiff=  3.6067E+00 (120, 12)
n=  3910   udiff=  3.0195E+00 (109, 15)   vdiff=  3.6048E+00 (120, 12)
n=  3911   udiff=  3.0217E+00 (109, 15)   vdiff=  3.6027E+00 (120, 12)
n=  3912   udiff=  3.0238E+00 (109, 15)   vdiff=  3.6004E+00 (120, 12)
n=  3913   udiff=  3.0257E+00 (109, 15)   vdiff=  3.5980E+00 (120, 12)
n=  3914   udiff=  3.0274E+00 (109, 15)   vdiff=  3.5954E+00 (120, 12)
n=  3915   udiff=  3.0289E+00 (109, 15)   vdiff=  3.5927E+00 (120, 12)
n=  3916   udiff=  3.0302E+00 (109, 15)   vdiff=  3.5903E+00 (120, 13)
n=  3917   udiff=  3.0313E+00 (109, 15)   vdiff=  3.5888E+00 (120, 13)
n=  3918   udiff=  3.0322E+00 (109, 15)   vdiff=  3.5872E+00 (120, 13)
n=  3919   udiff=  3.0329E+00 (109, 15)   vdiff=  3.5854E+00 (120, 13)
n=  3920   udiff=  3.0335E+00 (109, 15)   vdiff=  3.5834E+00 (120, 13)
n=  3921   udiff=  3.0338E+00 (109, 15)   vdiff=  3.5813E+00 (120, 13)
n=  3922   udiff=  3.0340E+00 (109, 15)   vdiff=  3.5790E+00 (120, 13)
n=  3923   udiff=  3.0339E+00 (109, 15)   vdiff=  3.5765E+00 (120, 13)
n=  3924   udiff=  3.0408E+00 (110, 15)   vdiff=  3.5739E+00 (120, 13)
n=  3925   udiff=  3.0522E+00 (119, 15)   vdiff=  3.5712E+00 (120, 13)
n=  3926   udiff=  3.0692E+00 (119, 15)   vdiff=  3.5682E+00 (120, 13)
n=  3927   udiff=  3.0861E+00 (119, 15)   vdiff=  3.5651E+00 (120, 13)
n=  3928   udiff=  3.1030E+00 (119, 15)   vdiff=  3.5618E+00 (120, 13)
n=  3929   udiff=  3.1199E+00 (119, 15)   vdiff=  3.5584E+00 (120, 13)
n=  3930   udiff=  3.1367E+00 (119, 15)   vdiff=  3.5547E+00 (120, 13)
n=  3931   udiff=  3.1534E+00 (119, 15)   vdiff=  3.5509E+00 (120, 13)
n=  3932   udiff=  3.1701E+00 (119, 15)   vdiff=  3.5470E+00 (120, 13)
n=  3933   udiff=  3.1868E+00 (119, 15)   vdiff=  3.5428E+00 (120, 13)
n=  3934   udiff=  3.2034E+00 (119, 15)   vdiff=  3.5385E+00 (120, 13)
n=  3935   udiff=  3.2200E+00 (119, 15)   vdiff=  3.5341E+00 (120, 13)
n=  3936   udiff=  3.2365E+00 (119, 15)   vdiff=  3.5294E+00 (120, 13)
n=  3937   udiff=  3.2529E+00 (119, 15)   vdiff=  3.5246E+00 (120, 13)
n=  3938   udiff=  3.2693E+00 (119, 15)   vdiff=  3.5196E+00 (120, 13)
n=  3939   udiff=  3.2856E+00 (119, 15)   vdiff=  3.5144E+00 (120, 13)
n=  3940   udiff=  3.3019E+00 (119, 15)   vdiff=  3.5091E+00 (120, 13)
n=  3941   udiff=  3.3181E+00 (119, 15)   vdiff=  3.5035E+00 (120, 13)
n=  3942   udiff=  3.3342E+00 (119, 15)   vdiff=  3.4978E+00 (120, 13)
n=  3943   udiff=  3.3502E+00 (119, 15)   vdiff=  3.4919E+00 (120, 13)
n=  3944   udiff=  3.3662E+00 (119, 15)   vdiff=  3.4859E+00 (120, 13)
n=  3945   udiff=  3.3821E+00 (119, 15)   vdiff=  3.4796E+00 (120, 13)
n=  3946   udiff=  3.3979E+00 (119, 15)   vdiff=  3.4732E+00 (120, 13)
n=  3947   udiff=  3.4136E+00 (119, 15)   vdiff=  3.4666E+00 (120, 13)
n=  3948   udiff=  3.4293E+00 (119, 15)   vdiff=  3.4598E+00 (120, 13)
n=  3949   udiff=  3.4449E+00 (119, 15)   vdiff=  3.4529E+00 (120, 13)
n=  3950   udiff=  3.4603E+00 (119, 15)   vdiff=  3.4457E+00 (120, 13)
n=  3951   udiff=  3.4757E+00 (119, 15)   vdiff=  3.4384E+00 (120, 13)
n=  3952   udiff=  3.4910E+00 (119, 15)   vdiff=  3.4309E+00 (120, 13)
n=  3953   udiff=  3.5062E+00 (119, 15)   vdiff=  3.4232E+00 (120, 13)
n=  3954   udiff=  3.5212E+00 (119, 15)   vdiff=  3.4153E+00 (120, 13)
n=  3955   udiff=  3.5360E+00 (119, 15)   vdiff=  3.4073E+00 (120, 13)
n=  3956   udiff=  3.5507E+00 (119, 15)   vdiff=  3.3990E+00 (120, 13)
n=  3957   udiff=  3.5653E+00 (119, 15)   vdiff=  3.3906E+00 (120, 13)
n=  3958   udiff=  3.5797E+00 (119, 15)   vdiff=  3.3820E+00 (120, 13)
n=  3959   udiff=  3.5941E+00 (119, 15)   vdiff=  3.3732E+00 (120, 13)
n=  3960   udiff=  3.6083E+00 (119, 15)   vdiff=  3.3642E+00 (120, 13)
n=  3961   udiff=  3.6224E+00 (119, 15)   vdiff=  3.3551E+00 (120, 13)
n=  3962   udiff=  3.6364E+00 (119, 15)   vdiff=  3.3458E+00 (120, 13)
n=  3963   udiff=  3.6500E+00 (119, 15)   vdiff=  3.3391E+00 (120, 14)
n=  3964   udiff=  3.6629E+00 (119, 15)   vdiff=  3.3333E+00 (120, 14)
n=  3965   udiff=  3.6756E+00 (119, 15)   vdiff=  3.3273E+00 (120, 14)
n=  3966   udiff=  3.6881E+00 (119, 15)   vdiff=  3.3212E+00 (120, 14)
n=  3967   udiff=  3.7006E+00 (119, 15)   vdiff=  3.3148E+00 (120, 14)
n=  3968   udiff=  3.7128E+00 (119, 15)   vdiff=  3.3083E+00 (120, 14)
n=  3969   udiff=  3.7249E+00 (119, 15)   vdiff=  3.3016E+00 (120, 14)
n=  3970   udiff=  3.7369E+00 (119, 15)   vdiff=  3.2947E+00 (120, 14)
n=  3971   udiff=  3.7487E+00 (119, 15)   vdiff=  3.2877E+00 (120, 14)
n=  3972   udiff=  3.7604E+00 (119, 15)   vdiff=  3.2805E+00 (120, 14)
n=  3973   udiff=  3.7719E+00 (119, 15)   vdiff=  3.2731E+00 (120, 14)
n=  3974   udiff=  3.7832E+00 (119, 15)   vdiff=  3.2655E+00 (120, 14)
n=  3975   udiff=  3.7944E+00 (119, 15)   vdiff=  3.2577E+00 (120, 14)
n=  3976   udiff=  3.8054E+00 (119, 15)   vdiff=  3.2498E+00 (120, 14)
n=  3977   udiff=  3.8162E+00 (119, 15)   vdiff=  3.2417E+00 (120, 14)
n=  3978   udiff=  3.8268E+00 (119, 15)   vdiff=  3.2334E+00 (120, 14)
n=  3979   udiff=  3.8373E+00 (119, 15)   vdiff=  3.2249E+00 (120, 14)
n=  3980   udiff=  3.8475E+00 (119, 15)   vdiff=  3.2163E+00 (120, 14)
n=  3981   udiff=  3.8576E+00 (119, 15)   vdiff=  3.2075E+00 (120, 14)
n=  3982   udiff=  3.8673E+00 (119, 15)   vdiff=  3.1985E+00 (120, 14)
n=  3983   udiff=  3.8768E+00 (119, 15)   vdiff=  3.1893E+00 (120, 14)
n=  3984   udiff=  3.8861E+00 (119, 15)   vdiff=  3.1799E+00 (120, 14)
n=  3985   udiff=  3.8951E+00 (119, 15)   vdiff=  3.1704E+00 (120, 14)
n=  3986   udiff=  3.9040E+00 (119, 15)   vdiff=  3.1607E+00 (120, 14)
n=  3987   udiff=  3.9127E+00 (119, 15)   vdiff=  3.1509E+00 (120, 14)
n=  3988   udiff=  3.9212E+00 (119, 15)   vdiff=  3.1409E+00 (120, 14)
n=  3989   udiff=  3.9295E+00 (119, 15)   vdiff=  3.1307E+00 (120, 14)
n=  3990   udiff=  3.9376E+00 (119, 15)   vdiff=  3.1203E+00 (120, 14)
n=  3991   udiff=  3.9455E+00 (119, 15)   vdiff=  3.1098E+00 (120, 14)
n=  3992   udiff=  3.9531E+00 (119, 15)   vdiff=  3.0991E+00 (120, 14)
n=  3993   udiff=  3.9606E+00 (119, 15)   vdiff=  3.0883E+00 (120, 14)
n=  3994   udiff=  3.9678E+00 (119, 15)   vdiff=  3.0773E+00 (120, 14)
n=  3995   udiff=  3.9748E+00 (119, 15)   vdiff=  3.0662E+00 (120, 14)
n=  3996   udiff=  3.9816E+00 (119, 15)   vdiff=  3.0549E+00 (120, 14)
n=  3997   udiff=  3.9881E+00 (119, 15)   vdiff=  3.0434E+00 (120, 14)
n=  3998   udiff=  3.9945E+00 (119, 15)   vdiff=  3.0318E+00 (120, 14)
n=  3999   udiff=  4.0006E+00 (119, 15)   vdiff=  3.0200E+00 (120, 14)
n=  4000   udiff=  4.0064E+00 (119, 15)   vdiff=  3.0080E+00 (120, 14)
n=  4001   udiff=  4.0120E+00 (119, 15)   vdiff=  2.9959E+00 (120, 14)
n=  4002   udiff=  4.0174E+00 (119, 15)   vdiff=  2.9837E+00 (120, 14)
n=  4003   udiff=  4.0226E+00 (119, 15)   vdiff=  2.9713E+00 (120, 14)
n=  4004   udiff=  4.0275E+00 (119, 15)   vdiff=  2.9588E+00 (120, 14)
n=  4005   udiff=  4.0322E+00 (119, 15)   vdiff=  2.9461E+00 (120, 14)
n=  4006   udiff=  4.0366E+00 (119, 15)   vdiff=  2.9333E+00 (120, 14)
n=  4007   udiff=  4.0408E+00 (119, 15)   vdiff=  2.9203E+00 (120, 14)
n=  4008   udiff=  4.0447E+00 (119, 15)   vdiff=  2.9072E+00 (120, 14)
n=  4009   udiff=  4.0484E+00 (119, 15)   vdiff=  2.8939E+00 (120, 14)
n=  4010   udiff=  4.0518E+00 (119, 15)   vdiff=  2.8805E+00 (120, 14)
n=  4011   udiff=  4.0549E+00 (119, 15)   vdiff=  2.8669E+00 (120, 14)
n=  4012   udiff=  4.0578E+00 (119, 15)   vdiff=  2.8532E+00 (120, 14)
n=  4013   udiff=  4.0604E+00 (119, 15)   vdiff=  2.8394E+00 (120, 14)
n=  4014   udiff=  4.0628E+00 (119, 15)   vdiff=  2.8254E+00 (120, 14)
n=  4015   udiff=  4.0648E+00 (119, 15)   vdiff=  2.8113E+00 (120, 14)
n=  4016   udiff=  4.0666E+00 (119, 15)   vdiff=  2.7970E+00 (120, 14)
n=  4017   udiff=  4.0682E+00 (119, 15)   vdiff=  2.7826E+00 (120, 14)
n=  4018   udiff=  4.0694E+00 (119, 15)   vdiff=  2.7681E+00 (120, 14)
n=  4019   udiff=  4.0704E+00 (119, 15)   vdiff=  2.7534E+00 (120, 14)
n=  4020   udiff=  4.0711E+00 (119, 15)   vdiff=  2.7387E+00 (120, 14)
n=  4021   udiff=  4.0716E+00 (119, 15)   vdiff=  2.7238E+00 (120, 14)
n=  4022   udiff=  4.0717E+00 (119, 15)   vdiff=  2.7087E+00 (120, 14)
n=  4023   udiff=  4.0716E+00 (119, 15)   vdiff=  2.6936E+00 (120, 14)
n=  4024   udiff=  4.0712E+00 (119, 15)   vdiff=  2.6783E+00 (120, 14)
n=  4025   udiff=  4.0705E+00 (119, 15)   vdiff=  2.6629E+00 (120, 14)
n=  4026   udiff=  4.0695E+00 (119, 15)   vdiff=  2.6474E+00 (120, 14)
n=  4027   udiff=  4.0682E+00 (119, 15)   vdiff=  2.6318E+00 (120, 14)
n=  4028   udiff=  4.0667E+00 (119, 15)   vdiff=  2.6160E+00 (120, 14)
n=  4029   udiff=  4.0648E+00 (119, 15)   vdiff=  2.6002E+00 (120, 14)
n=  4030   udiff=  4.0627E+00 (119, 15)   vdiff=  2.5842E+00 (120, 14)
n=  4031   udiff=  4.0602E+00 (119, 15)   vdiff=  2.5681E+00 (120, 14)
n=  4032   udiff=  4.0575E+00 (119, 15)   vdiff=  2.5519E+00 (120, 14)
n=  4033   udiff=  4.0544E+00 (119, 15)   vdiff=  2.5356E+00 (120, 14)
n=  4034   udiff=  4.0511E+00 (119, 15)   vdiff=  2.5192E+00 (120, 14)
n=  4035   udiff=  4.0475E+00 (119, 15)   vdiff=  2.5027E+00 (120, 14)
n=  4036   udiff=  4.0435E+00 (119, 15)   vdiff=  2.4861E+00 (120, 14)
n=  4037   udiff=  4.0393E+00 (119, 15)   vdiff=  2.4694E+00 (120, 14)
n=  4038   udiff=  4.0348E+00 (119, 15)   vdiff=  2.4526E+00 (120, 14)
n=  4039   udiff=  4.0299E+00 (119, 15)   vdiff=  2.4357E+00 (120, 14)
n=  4040   udiff=  4.0248E+00 (119, 15)   vdiff=  2.4187E+00 (120, 14)
n=  4041   udiff=  4.0193E+00 (119, 15)   vdiff=  2.4016E+00 (120, 14)
n=  4042   udiff=  4.0136E+00 (119, 15)   vdiff=  2.3844E+00 (120, 14)
n=  4043   udiff=  4.0076E+00 (119, 15)   vdiff=  2.3671E+00 (120, 14)
n=  4044   udiff=  4.0012E+00 (119, 15)   vdiff=  2.3713E+00 (117, 14)
n=  4045   udiff=  3.9945E+00 (119, 15)   vdiff=  2.3857E+00 (117, 14)
n=  4046   udiff=  3.9876E+00 (119, 15)   vdiff=  2.4000E+00 (117, 14)
n=  4047   udiff=  3.9803E+00 (119, 15)   vdiff=  2.4143E+00 (117, 14)
n=  4048   udiff=  3.9727E+00 (119, 15)   vdiff=  2.4285E+00 (117, 14)
n=  4049   udiff=  3.9648E+00 (119, 15)   vdiff=  2.4428E+00 (117, 14)
n=  4050   udiff=  3.9566E+00 (119, 15)   vdiff=  2.4570E+00 (117, 14)
n=  4051   udiff=  3.9481E+00 (119, 15)   vdiff=  2.4712E+00 (117, 14)
n=  4052   udiff=  3.9393E+00 (119, 15)   vdiff=  2.4853E+00 (117, 14)
n=  4053   udiff=  3.9302E+00 (119, 15)   vdiff=  2.4995E+00 (117, 14)
n=  4054   udiff=  3.9207E+00 (119, 15)   vdiff=  2.5136E+00 (117, 14)
n=  4055   udiff=  3.9110E+00 (119, 15)   vdiff=  2.5276E+00 (117, 14)
n=  4056   udiff=  3.9010E+00 (119, 15)   vdiff=  2.5416E+00 (117, 14)
n=  4057   udiff=  3.8906E+00 (119, 15)   vdiff=  2.5556E+00 (117, 14)
n=  4058   udiff=  3.8799E+00 (119, 15)   vdiff=  2.5696E+00 (117, 14)
n=  4059   udiff=  3.8690E+00 (119, 15)   vdiff=  2.5834E+00 (117, 14)
n=  4060   udiff=  3.8577E+00 (119, 15)   vdiff=  2.5973E+00 (117, 14)
n=  4061   udiff=  3.8460E+00 (119, 15)   vdiff=  2.6111E+00 (117, 14)
n=  4062   udiff=  3.8341E+00 (119, 15)   vdiff=  2.6248E+00 (117, 14)
n=  4063   udiff=  3.8211E+00 (119, 15)   vdiff=  2.6379E+00 (117, 14)
n=  4064   udiff=  3.8076E+00 (119, 15)   vdiff=  2.6507E+00 (117, 14)
n=  4065   udiff=  3.7937E+00 (119, 15)   vdiff=  2.6634E+00 (117, 14)
n=  4066   udiff=  3.7795E+00 (119, 15)   vdiff=  2.6760E+00 (117, 14)
n=  4067   udiff=  3.7650E+00 (119, 15)   vdiff=  2.6885E+00 (117, 14)
n=  4068   udiff=  3.7502E+00 (119, 15)   vdiff=  2.7009E+00 (117, 14)
n=  4069   udiff=  3.7351E+00 (119, 15)   vdiff=  2.7132E+00 (117, 14)
n=  4070   udiff=  3.7196E+00 (119, 15)   vdiff=  2.7254E+00 (117, 14)
n=  4071   udiff=  3.7039E+00 (119, 15)   vdiff=  2.7375E+00 (117, 14)
n=  4072   udiff=  3.6878E+00 (119, 15)   vdiff=  2.7494E+00 (117, 14)
n=  4073   udiff=  3.6713E+00 (119, 15)   vdiff=  2.7613E+00 (117, 14)
n=  4074   udiff=  3.6544E+00 (119, 15)   vdiff=  2.7731E+00 (117, 14)
n=  4075   udiff=  3.6372E+00 (119, 15)   vdiff=  2.7848E+00 (117, 14)
n=  4076   udiff=  3.6197E+00 (119, 15)   vdiff=  2.7963E+00 (117, 14)
n=  4077   udiff=  3.6019E+00 (119, 15)   vdiff=  2.8077E+00 (117, 14)
n=  4078   udiff=  3.5965E+00 (113, 15)   vdiff=  2.8190E+00 (117, 14)
n=  4079   udiff=  3.5967E+00 (114, 15)   vdiff=  2.8301E+00 (117, 14)
n=  4080   udiff=  3.6043E+00 (114, 15)   vdiff=  2.8411E+00 (117, 14)
n=  4081   udiff=  3.6116E+00 (114, 15)   vdiff=  2.8519E+00 (117, 14)
n=  4082   udiff=  3.6186E+00 (114, 15)   vdiff=  2.8626E+00 (117, 14)
n=  4083   udiff=  3.6253E+00 (114, 15)   vdiff=  2.8731E+00 (117, 14)
n=  4084   udiff=  3.6317E+00 (114, 15)   vdiff=  2.8834E+00 (117, 14)
n=  4085   udiff=  3.6379E+00 (114, 15)   vdiff=  2.8928E+00 (117, 14)
n=  4086   udiff=  3.6438E+00 (114, 15)   vdiff=  2.9019E+00 (117, 14)
n=  4087   udiff=  3.6493E+00 (114, 15)   vdiff=  2.9109E+00 (117, 14)
n=  4088   udiff=  3.6546E+00 (114, 15)   vdiff=  2.9198E+00 (117, 14)
n=  4089   udiff=  3.6596E+00 (114, 15)   vdiff=  2.9284E+00 (117, 14)
n=  4090   udiff=  3.6643E+00 (114, 15)   vdiff=  2.9369E+00 (117, 14)
n=  4091   udiff=  3.6687E+00 (114, 15)   vdiff=  2.9451E+00 (117, 14)
n=  4092   udiff=  3.6728E+00 (114, 15)   vdiff=  2.9532E+00 (117, 14)
n=  4093   udiff=  3.6766E+00 (114, 15)   vdiff=  2.9611E+00 (117, 14)
n=  4094   udiff=  3.6801E+00 (114, 15)   vdiff=  2.9687E+00 (117, 14)
n=  4095   udiff=  3.6832E+00 (114, 15)   vdiff=  2.9762E+00 (117, 14)
n=  4096   udiff=  3.6861E+00 (114, 15)   vdiff=  2.9834E+00 (117, 14)
n=  4097   udiff=  3.6887E+00 (114, 15)   vdiff=  2.9904E+00 (117, 14)
n=  4098   udiff=  3.6909E+00 (114, 15)   vdiff=  2.9972E+00 (117, 14)
n=  4099   udiff=  3.6929E+00 (114, 15)   vdiff=  3.0038E+00 (117, 14)
n=  4100   udiff=  3.6945E+00 (114, 15)   vdiff=  3.0101E+00 (117, 14)
n=  4101   udiff=  3.6958E+00 (114, 15)   vdiff=  3.0162E+00 (117, 14)
n=  4102   udiff=  3.6968E+00 (114, 15)   vdiff=  3.0220E+00 (117, 14)
n=  4103   udiff=  3.6975E+00 (114, 15)   vdiff=  3.0276E+00 (117, 14)
n=  4104   udiff=  3.6979E+00 (114, 15)   vdiff=  3.0329E+00 (117, 14)
n=  4105   udiff=  3.6979E+00 (114, 15)   vdiff=  3.0379E+00 (117, 14)
n=  4106   udiff=  3.6977E+00 (114, 15)   vdiff=  3.0427E+00 (117, 14)
n=  4107   udiff=  3.6971E+00 (114, 15)   vdiff=  3.0472E+00 (117, 14)
n=  4108   udiff=  3.6962E+00 (114, 15)   vdiff=  3.0514E+00 (117, 14)
n=  4109   udiff=  3.6951E+00 (114, 15)   vdiff=  3.0553E+00 (117, 14)
n=  4110   udiff=  3.6936E+00 (114, 15)   vdiff=  3.0589E+00 (117, 14)
n=  4111   udiff=  3.6918E+00 (114, 15)   vdiff=  3.0623E+00 (117, 14)
n=  4112   udiff=  3.6897E+00 (114, 15)   vdiff=  3.0653E+00 (117, 14)
n=  4113   udiff=  3.6873E+00 (114, 15)   vdiff=  3.0680E+00 (117, 14)
n=  4114   udiff=  3.6846E+00 (114, 15)   vdiff=  3.0704E+00 (117, 14)
n=  4115   udiff=  3.6816E+00 (114, 15)   vdiff=  3.0725E+00 (117, 14)
n=  4116   udiff=  3.6782E+00 (114, 15)   vdiff=  3.0742E+00 (117, 14)
n=  4117   udiff=  3.6815E+00 (115, 15)   vdiff=  3.0756E+00 (117, 14)
n=  4118   udiff=  3.6866E+00 (115, 15)   vdiff=  3.0767E+00 (117, 14)
n=  4119   udiff=  3.6913E+00 (115, 15)   vdiff=  3.0774E+00 (117, 14)
n=  4120   udiff=  3.6957E+00 (115, 15)   vdiff=  3.0778E+00 (117, 14)
n=  4121   udiff=  3.6998E+00 (115, 15)   vdiff=  3.0779E+00 (117, 14)
n=  4122   udiff=  3.7035E+00 (115, 15)   vdiff=  3.0775E+00 (117, 14)
n=  4123   udiff=  3.7069E+00 (115, 15)   vdiff=  3.0768E+00 (117, 14)
n=  4124   udiff=  3.7100E+00 (115, 15)   vdiff=  3.0758E+00 (117, 14)
n=  4125   udiff=  3.7128E+00 (115, 15)   vdiff=  3.0743E+00 (117, 14)
n=  4126   udiff=  3.7153E+00 (115, 15)   vdiff=  3.0725E+00 (117, 14)
n=  4127   udiff=  3.7174E+00 (115, 15)   vdiff=  3.0703E+00 (117, 14)
n=  4128   udiff=  3.7192E+00 (115, 15)   vdiff=  3.0678E+00 (117, 14)
n=  4129   udiff=  3.7206E+00 (115, 15)   vdiff=  3.0648E+00 (117, 14)
n=  4130   udiff=  3.7217E+00 (115, 15)   vdiff=  3.0614E+00 (117, 14)
n=  4131   udiff=  3.7224E+00 (115, 15)   vdiff=  3.0576E+00 (117, 14)
n=  4132   udiff=  3.7228E+00 (115, 15)   vdiff=  3.0534E+00 (117, 14)
n=  4133   udiff=  3.7228E+00 (115, 15)   vdiff=  3.0488E+00 (117, 14)
n=  4134   udiff=  3.7225E+00 (115, 15)   vdiff=  3.0438E+00 (117, 14)
n=  4135   udiff=  3.7218E+00 (115, 15)   vdiff=  3.0383E+00 (117, 14)
n=  4136   udiff=  3.7208E+00 (115, 15)   vdiff=  3.0324E+00 (117, 14)
n=  4137   udiff=  3.7194E+00 (115, 15)   vdiff=  3.0261E+00 (117, 14)
n=  4138   udiff=  3.7177E+00 (115, 15)   vdiff=  3.0185E+00 (117, 14)
n=  4139   udiff=  3.7156E+00 (115, 15)   vdiff=  3.0100E+00 (117, 14)
n=  4140   udiff=  3.7133E+00 (115, 15)   vdiff=  3.0010E+00 (117, 14)
n=  4141   udiff=  3.7108E+00 (115, 15)   vdiff=  2.9913E+00 (117, 14)
n=  4142   udiff=  3.7079E+00 (115, 15)   vdiff=  2.9812E+00 (117, 14)
n=  4143   udiff=  3.7047E+00 (115, 15)   vdiff=  2.9706E+00 (117, 14)
n=  4144   udiff=  3.7012E+00 (115, 15)   vdiff=  2.9596E+00 (117, 14)
n=  4145   udiff=  3.6973E+00 (115, 15)   vdiff=  2.9481E+00 (117, 14)
n=  4146   udiff=  3.6930E+00 (115, 15)   vdiff=  2.9362E+00 (117, 14)
n=  4147   udiff=  3.6884E+00 (115, 15)   vdiff=  2.9238E+00 (117, 14)
n=  4148   udiff=  3.6835E+00 (115, 15)   vdiff=  2.9110E+00 (117, 14)
n=  4149   udiff=  3.6782E+00 (115, 15)   vdiff=  2.8977E+00 (117, 14)
n=  4150   udiff=  3.6725E+00 (115, 15)   vdiff=  2.8839E+00 (117, 14)
n=  4151   udiff=  3.6665E+00 (115, 15)   vdiff=  2.8696E+00 (117, 14)
n=  4152   udiff=  3.6602E+00 (115, 15)   vdiff=  2.8549E+00 (117, 14)
n=  4153   udiff=  3.6535E+00 (115, 15)   vdiff=  2.8398E+00 (117, 14)
n=  4154   udiff=  3.6465E+00 (115, 15)   vdiff=  2.8241E+00 (117, 14)
n=  4155   udiff=  3.6392E+00 (115, 15)   vdiff=  2.8080E+00 (117, 14)
n=  4156   udiff=  3.6315E+00 (115, 15)   vdiff=  2.7914E+00 (117, 14)
n=  4157   udiff=  3.6235E+00 (115, 15)   vdiff=  2.7743E+00 (117, 14)
n=  4158   udiff=  3.6151E+00 (115, 15)   vdiff=  2.7568E+00 (117, 14)
n=  4159   udiff=  3.6065E+00 (115, 15)   vdiff=  2.7388E+00 (117, 14)
n=  4160   udiff=  3.5975E+00 (115, 15)   vdiff=  2.7203E+00 (117, 14)
n=  4161   udiff=  3.5882E+00 (115, 15)   vdiff=  2.7013E+00 (117, 14)
n=  4162   udiff=  3.5785E+00 (115, 15)   vdiff=  2.6872E+00 (118, 14)
n=  4163   udiff=  3.5686E+00 (115, 15)   vdiff=  2.7048E+00 (118, 14)
n=  4164   udiff=  3.5583E+00 (115, 15)   vdiff=  2.7222E+00 (118, 14)
n=  4165   udiff=  3.5477E+00 (115, 15)   vdiff=  2.7394E+00 (118, 14)
n=  4166   udiff=  3.5368E+00 (115, 15)   vdiff=  2.7565E+00 (118, 14)
n=  4167   udiff=  3.5256E+00 (115, 15)   vdiff=  2.7735E+00 (118, 14)
n=  4168   udiff=  3.5141E+00 (115, 15)   vdiff=  2.7903E+00 (118, 14)
n=  4169   udiff=  3.5023E+00 (115, 15)   vdiff=  2.8069E+00 (118, 14)
n=  4170   udiff=  3.4946E+00 (116, 15)   vdiff=  2.8233E+00 (118, 14)
n=  4171   udiff=  3.4932E+00 (116, 15)   vdiff=  2.8396E+00 (118, 14)
n=  4172   udiff=  3.4915E+00 (116, 15)   vdiff=  2.8556E+00 (118, 14)
n=  4173   udiff=  3.4896E+00 (116, 15)   vdiff=  2.8715E+00 (118, 14)
n=  4174   udiff=  3.4873E+00 (116, 15)   vdiff=  2.8872E+00 (118, 14)
n=  4175   udiff=  3.4847E+00 (116, 15)   vdiff=  2.9026E+00 (118, 14)
n=  4176   udiff=  3.4818E+00 (116, 15)   vdiff=  2.9178E+00 (118, 14)
n=  4177   udiff=  3.4786E+00 (116, 15)   vdiff=  2.9328E+00 (118, 14)
n=  4178   udiff=  3.4752E+00 (116, 15)   vdiff=  2.9483E+00 (118, 14)
n=  4179   udiff=  3.4713E+00 (116, 15)   vdiff=  2.9650E+00 (118, 14)
n=  4180   udiff=  3.4672E+00 (116, 15)   vdiff=  2.9816E+00 (118, 14)
n=  4181   udiff=  3.4628E+00 (116, 15)   vdiff=  2.9979E+00 (118, 14)
n=  4182   udiff=  3.4581E+00 (116, 15)   vdiff=  3.0139E+00 (118, 14)
n=  4183   udiff=  3.4529E+00 (116, 15)   vdiff=  3.0297E+00 (118, 14)
n=  4184   udiff=  3.4474E+00 (116, 15)   vdiff=  3.0452E+00 (118, 14)
n=  4185   udiff=  3.4416E+00 (116, 15)   vdiff=  3.0604E+00 (118, 14)
n=  4186   udiff=  3.4355E+00 (116, 15)   vdiff=  3.0753E+00 (118, 14)
n=  4187   udiff=  3.4292E+00 (116, 15)   vdiff=  3.0899E+00 (118, 14)
n=  4188   udiff=  3.4225E+00 (116, 15)   vdiff=  3.1042E+00 (118, 14)
n=  4189   udiff=  3.4156E+00 (116, 15)   vdiff=  3.1182E+00 (118, 14)
n=  4190   udiff=  3.4084E+00 (116, 15)   vdiff=  3.1319E+00 (118, 14)
n=  4191   udiff=  3.4010E+00 (116, 15)   vdiff=  3.1452E+00 (118, 14)
n=  4192   udiff=  3.3932E+00 (116, 15)   vdiff=  3.1582E+00 (118, 14)
n=  4193   udiff=  3.3852E+00 (116, 15)   vdiff=  3.1708E+00 (118, 14)
n=  4194   udiff=  3.3770E+00 (116, 15)   vdiff=  3.1831E+00 (118, 14)
n=  4195   udiff=  3.3684E+00 (116, 15)   vdiff=  3.1950E+00 (118, 14)
n=  4196   udiff=  3.3596E+00 (116, 15)   vdiff=  3.2065E+00 (118, 14)
n=  4197   udiff=  3.3506E+00 (116, 15)   vdiff=  3.2176E+00 (118, 14)
n=  4198   udiff=  3.3413E+00 (116, 15)   vdiff=  3.2286E+00 (118, 14)
n=  4199   udiff=  3.3317E+00 (116, 15)   vdiff=  3.2393E+00 (118, 14)
n=  4200   udiff=  3.3218E+00 (116, 15)   vdiff=  3.2496E+00 (118, 14)
n=  4201   udiff=  3.3152E+00 (117, 14)   vdiff=  3.2595E+00 (118, 14)
n=  4202   udiff=  3.3174E+00 (117, 14)   vdiff=  3.2689E+00 (118, 14)
n=  4203   udiff=  3.3192E+00 (117, 14)   vdiff=  3.2779E+00 (118, 14)
n=  4204   udiff=  3.3205E+00 (117, 14)   vdiff=  3.2863E+00 (118, 14)
n=  4205   udiff=  3.3215E+00 (117, 14)   vdiff=  3.2943E+00 (118, 14)
n=  4206   udiff=  3.3221E+00 (117, 14)   vdiff=  3.3019E+00 (118, 14)
n=  4207   udiff=  3.3223E+00 (117, 14)   vdiff=  3.3089E+00 (118, 14)
n=  4208   udiff=  3.3221E+00 (117, 14)   vdiff=  3.3154E+00 (118, 14)
n=  4209   udiff=  3.3215E+00 (117, 14)   vdiff=  3.3214E+00 (118, 14)
n=  4210   udiff=  3.3205E+00 (117, 14)   vdiff=  3.3269E+00 (118, 14)
n=  4211   udiff=  3.3191E+00 (117, 14)   vdiff=  3.3318E+00 (118, 14)
n=  4212   udiff=  3.3173E+00 (117, 14)   vdiff=  3.3363E+00 (118, 14)
n=  4213   udiff=  3.3151E+00 (117, 14)   vdiff=  3.3403E+00 (118, 14)
n=  4214   udiff=  3.3129E+00 (117, 14)   vdiff=  3.3437E+00 (118, 14)
n=  4215   udiff=  3.3112E+00 (117, 14)   vdiff=  3.3604E+00 (120, 12)
n=  4216   udiff=  3.3091E+00 (117, 14)   vdiff=  3.3901E+00 (120, 12)
n=  4217   udiff=  3.3067E+00 (117, 14)   vdiff=  3.4197E+00 (120, 12)
n=  4218   udiff=  3.3037E+00 (117, 14)   vdiff=  3.4490E+00 (120, 12)
n=  4219   udiff=  3.3004E+00 (117, 14)   vdiff=  3.4780E+00 (120, 12)
n=  4220   udiff=  3.2967E+00 (117, 14)   vdiff=  3.5069E+00 (120, 12)
n=  4221   udiff=  3.2925E+00 (117, 14)   vdiff=  3.5354E+00 (120, 12)
n=  4222   udiff=  3.2879E+00 (117, 14)   vdiff=  3.5638E+00 (120, 12)
n=  4223   udiff=  3.2829E+00 (117, 14)   vdiff=  3.5919E+00 (120, 12)
n=  4224   udiff=  3.2775E+00 (117, 14)   vdiff=  3.6198E+00 (120, 12)
n=  4225   udiff=  3.2717E+00 (117, 14)   vdiff=  3.6474E+00 (120, 12)
n=  4226   udiff=  3.2654E+00 (117, 14)   vdiff=  3.6748E+00 (120, 12)
n=  4227   udiff=  3.2588E+00 (117, 14)   vdiff=  3.7018E+00 (120, 12)
n=  4228   udiff=  3.2517E+00 (117, 14)   vdiff=  3.7287E+00 (120, 12)
n=  4229   udiff=  3.2443E+00 (117, 14)   vdiff=  3.7552E+00 (120, 12)
n=  4230   udiff=  3.2394E+00 (118, 14)   vdiff=  3.7823E+00 (120, 13)
n=  4231   udiff=  3.2462E+00 (118, 14)   vdiff=  3.8165E+00 (120, 13)
n=  4232   udiff=  3.2527E+00 (118, 14)   vdiff=  3.8505E+00 (120, 13)
n=  4233   udiff=  3.2588E+00 (118, 14)   vdiff=  3.8842E+00 (120, 13)
n=  4234   udiff=  3.2646E+00 (118, 14)   vdiff=  3.9176E+00 (120, 13)
n=  4235   udiff=  3.2700E+00 (118, 14)   vdiff=  3.9508E+00 (120, 13)
n=  4236   udiff=  3.2751E+00 (118, 14)   vdiff=  3.9836E+00 (120, 13)
n=  4237   udiff=  3.2799E+00 (118, 14)   vdiff=  4.0162E+00 (120, 13)
n=  4238   udiff=  3.2842E+00 (118, 14)   vdiff=  4.0484E+00 (120, 13)
n=  4239   udiff=  3.2882E+00 (118, 14)   vdiff=  4.0803E+00 (120, 13)
n=  4240   udiff=  3.2918E+00 (118, 14)   vdiff=  4.1119E+00 (120, 13)
n=  4241   udiff=  3.2950E+00 (118, 14)   vdiff=  4.1432E+00 (120, 13)
n=  4242   udiff=  3.2979E+00 (118, 14)   vdiff=  4.1741E+00 (120, 13)
n=  4243   udiff=  3.3003E+00 (118, 14)   vdiff=  4.2047E+00 (120, 13)
n=  4244   udiff=  3.3024E+00 (118, 14)   vdiff=  4.2349E+00 (120, 13)
n=  4245   udiff=  3.3040E+00 (118, 14)   vdiff=  4.2647E+00 (120, 13)
n=  4246   udiff=  3.3055E+00 (118, 15)   vdiff=  4.2942E+00 (120, 13)
n=  4247   udiff=  3.3337E+00 (118, 15)   vdiff=  4.3234E+00 (120, 13)
n=  4248   udiff=  3.3616E+00 (118, 15)   vdiff=  4.3521E+00 (120, 13)
n=  4249   udiff=  3.3892E+00 (118, 15)   vdiff=  4.3805E+00 (120, 13)
n=  4250   udiff=  3.4165E+00 (118, 15)   vdiff=  4.4085E+00 (120, 13)
n=  4251   udiff=  3.4435E+00 (118, 15)   vdiff=  4.4360E+00 (120, 13)
n=  4252   udiff=  3.4702E+00 (118, 15)   vdiff=  4.4632E+00 (120, 13)
n=  4253   udiff=  3.4966E+00 (118, 15)   vdiff=  4.4900E+00 (120, 13)
n=  4254   udiff=  3.5226E+00 (118, 15)   vdiff=  4.5163E+00 (120, 13)
n=  4255   udiff=  3.5484E+00 (118, 15)   vdiff=  4.5422E+00 (120, 13)
n=  4256   udiff=  3.5738E+00 (118, 15)   vdiff=  4.5677E+00 (120, 13)
n=  4257   udiff=  3.5990E+00 (118, 15)   vdiff=  4.5928E+00 (120, 13)
n=  4258   udiff=  3.6238E+00 (118, 15)   vdiff=  4.6174E+00 (120, 13)
n=  4259   udiff=  3.6483E+00 (118, 15)   vdiff=  4.6416E+00 (120, 13)
n=  4260   udiff=  3.6725E+00 (118, 15)   vdiff=  4.6653E+00 (120, 13)
n=  4261   udiff=  3.6963E+00 (118, 15)   vdiff=  4.6885E+00 (120, 13)
n=  4262   udiff=  3.7198E+00 (118, 15)   vdiff=  4.7113E+00 (120, 13)
n=  4263   udiff=  3.7430E+00 (118, 15)   vdiff=  4.7336E+00 (120, 13)
n=  4264   udiff=  3.7659E+00 (118, 15)   vdiff=  4.7555E+00 (120, 13)
n=  4265   udiff=  3.7884E+00 (118, 15)   vdiff=  4.7769E+00 (120, 13)
n=  4266   udiff=  3.8106E+00 (118, 15)   vdiff=  4.7977E+00 (120, 13)
n=  4267   udiff=  3.8325E+00 (118, 15)   vdiff=  4.8181E+00 (120, 13)
n=  4268   udiff=  3.8541E+00 (118, 15)   vdiff=  4.8380E+00 (120, 13)
n=  4269   udiff=  3.8753E+00 (118, 15)   vdiff=  4.8574E+00 (120, 13)
n=  4270   udiff=  3.8961E+00 (118, 15)   vdiff=  4.8763E+00 (120, 13)
n=  4271   udiff=  3.9167E+00 (118, 15)   vdiff=  4.8947E+00 (120, 13)
n=  4272   udiff=  3.9369E+00 (118, 15)   vdiff=  4.9125E+00 (120, 13)
n=  4273   udiff=  3.9568E+00 (118, 15)   vdiff=  4.9299E+00 (120, 13)
n=  4274   udiff=  3.9763E+00 (118, 15)   vdiff=  4.9467E+00 (120, 13)
n=  4275   udiff=  3.9955E+00 (118, 15)   vdiff=  4.9630E+00 (120, 13)
n=  4276   udiff=  4.0143E+00 (118, 15)   vdiff=  4.9788E+00 (120, 13)
n=  4277   udiff=  4.0329E+00 (118, 15)   vdiff=  4.9940E+00 (120, 13)
n=  4278   udiff=  4.0510E+00 (118, 15)   vdiff=  5.0087E+00 (120, 13)
n=  4279   udiff=  4.0689E+00 (118, 15)   vdiff=  5.0228E+00 (120, 13)
n=  4280   udiff=  4.0864E+00 (118, 15)   vdiff=  5.0364E+00 (120, 13)
n=  4281   udiff=  4.1036E+00 (118, 15)   vdiff=  5.0495E+00 (120, 13)
n=  4282   udiff=  4.1204E+00 (118, 15)   vdiff=  5.0620E+00 (120, 13)
n=  4283   udiff=  4.1369E+00 (118, 15)   vdiff=  5.0739E+00 (120, 13)
n=  4284   udiff=  4.1530E+00 (118, 15)   vdiff=  5.0853E+00 (120, 13)
n=  4285   udiff=  4.1688E+00 (118, 15)   vdiff=  5.0961E+00 (120, 13)
n=  4286   udiff=  4.1843E+00 (118, 15)   vdiff=  5.1064E+00 (120, 13)
n=  4287   udiff=  4.1994E+00 (118, 15)   vdiff=  5.1161E+00 (120, 13)
n=  4288   udiff=  4.2142E+00 (118, 15)   vdiff=  5.1252E+00 (120, 13)
n=  4289   udiff=  4.2286E+00 (118, 15)   vdiff=  5.1337E+00 (120, 13)
n=  4290   udiff=  4.2428E+00 (118, 15)   vdiff=  5.1417E+00 (120, 13)
n=  4291   udiff=  4.2565E+00 (118, 15)   vdiff=  5.1491E+00 (120, 13)
n=  4292   udiff=  4.2700E+00 (118, 15)   vdiff=  5.1559E+00 (120, 13)
n=  4293   udiff=  4.2831E+00 (118, 15)   vdiff=  5.1622E+00 (120, 13)
n=  4294   udiff=  4.2935E+00 (118, 15)   vdiff=  5.1679E+00 (120, 13)
n=  4295   udiff=  4.3025E+00 (118, 15)   vdiff=  5.1730E+00 (120, 13)
n=  4296   udiff=  4.3112E+00 (118, 15)   vdiff=  5.1776E+00 (120, 13)
n=  4297   udiff=  4.3196E+00 (118, 15)   vdiff=  5.1817E+00 (120, 13)
n=  4298   udiff=  4.3277E+00 (118, 15)   vdiff=  5.1851E+00 (120, 13)
n=  4299   udiff=  4.3356E+00 (118, 15)   vdiff=  5.1880E+00 (120, 13)
n=  4300   udiff=  4.3431E+00 (118, 15)   vdiff=  5.1903E+00 (120, 13)
n=  4301   udiff=  4.3503E+00 (118, 15)   vdiff=  5.1919E+00 (120, 13)
n=  4302   udiff=  4.3571E+00 (118, 15)   vdiff=  5.1930E+00 (120, 13)
n=  4303   udiff=  4.3637E+00 (118, 15)   vdiff=  5.1935E+00 (120, 13)
n=  4304   udiff=  4.3700E+00 (118, 15)   vdiff=  5.1934E+00 (120, 13)
n=  4305   udiff=  4.3760E+00 (118, 15)   vdiff=  5.1927E+00 (120, 13)
n=  4306   udiff=  4.3817E+00 (118, 15)   vdiff=  5.1914E+00 (120, 13)
n=  4307   udiff=  4.3871E+00 (118, 15)   vdiff=  5.1896E+00 (120, 13)
n=  4308   udiff=  4.3922E+00 (118, 15)   vdiff=  5.1871E+00 (120, 13)
n=  4309   udiff=  4.3970E+00 (118, 15)   vdiff=  5.1841E+00 (120, 13)
n=  4310   udiff=  4.4015E+00 (118, 15)   vdiff=  5.1804E+00 (120, 13)
n=  4311   udiff=  4.4057E+00 (118, 15)   vdiff=  5.1762E+00 (120, 13)
n=  4312   udiff=  4.4096E+00 (118, 15)   vdiff=  5.1714E+00 (120, 13)
n=  4313   udiff=  4.4132E+00 (118, 15)   vdiff=  5.1661E+00 (120, 13)
n=  4314   udiff=  4.4166E+00 (118, 15)   vdiff=  5.1601E+00 (120, 13)
n=  4315   udiff=  4.4196E+00 (118, 15)   vdiff=  5.1536E+00 (120, 13)
n=  4316   udiff=  4.4224E+00 (118, 15)   vdiff=  5.1465E+00 (120, 13)
n=  4317   udiff=  4.4249E+00 (118, 15)   vdiff=  5.1389E+00 (120, 13)
n=  4318   udiff=  4.4271E+00 (118, 15)   vdiff=  5.1307E+00 (120, 13)
n=  4319   udiff=  4.4290E+00 (118, 15)   vdiff=  5.1219E+00 (120, 13)
n=  4320   udiff=  4.4307E+00 (118, 15)   vdiff=  5.1126E+00 (120, 13)
n=  4321   udiff=  4.4466E+00 (119, 15)   vdiff=  5.1027E+00 (120, 13)
n=  4322   udiff=  4.4709E+00 (119, 15)   vdiff=  5.0923E+00 (120, 13)
n=  4323   udiff=  4.4949E+00 (119, 15)   vdiff=  5.0813E+00 (120, 13)
n=  4324   udiff=  4.5187E+00 (119, 15)   vdiff=  5.0698E+00 (120, 13)
n=  4325   udiff=  4.5422E+00 (119, 15)   vdiff=  5.0578E+00 (120, 13)
n=  4326   udiff=  4.5655E+00 (119, 15)   vdiff=  5.0452E+00 (120, 13)
n=  4327   udiff=  4.5885E+00 (119, 15)   vdiff=  5.0322E+00 (120, 13)
n=  4328   udiff=  4.6112E+00 (119, 15)   vdiff=  5.0186E+00 (120, 13)
n=  4329   udiff=  4.6337E+00 (119, 15)   vdiff=  5.0045E+00 (120, 13)
n=  4330   udiff=  4.6560E+00 (119, 15)   vdiff=  4.9899E+00 (120, 13)
n=  4331   udiff=  4.6781E+00 (119, 15)   vdiff=  4.9748E+00 (120, 13)
n=  4332   udiff=  4.6999E+00 (119, 15)   vdiff=  4.9593E+00 (120, 13)
n=  4333   udiff=  4.7214E+00 (119, 15)   vdiff=  4.9432E+00 (120, 13)
n=  4334   udiff=  4.7427E+00 (119, 15)   vdiff=  4.9267E+00 (120, 13)
n=  4335   udiff=  4.7637E+00 (119, 15)   vdiff=  4.9097E+00 (120, 13)
n=  4336   udiff=  4.7844E+00 (119, 15)   vdiff=  4.8922E+00 (120, 13)
n=  4337   udiff=  4.8048E+00 (119, 15)   vdiff=  4.8743E+00 (120, 13)
n=  4338   udiff=  4.8250E+00 (119, 15)   vdiff=  4.8560E+00 (120, 13)
n=  4339   udiff=  4.8449E+00 (119, 15)   vdiff=  4.8372E+00 (120, 13)
n=  4340   udiff=  4.8645E+00 (119, 15)   vdiff=  4.8180E+00 (120, 13)
n=  4341   udiff=  4.8839E+00 (119, 15)   vdiff=  4.7983E+00 (120, 13)
n=  4342   udiff=  4.9030E+00 (119, 15)   vdiff=  4.7782E+00 (120, 13)
n=  4343   udiff=  4.9218E+00 (119, 15)   vdiff=  4.7578E+00 (120, 13)
n=  4344   udiff=  4.9404E+00 (119, 15)   vdiff=  4.7369E+00 (120, 13)
n=  4345   udiff=  4.9587E+00 (119, 15)   vdiff=  4.7157E+00 (120, 13)
n=  4346   udiff=  4.9768E+00 (119, 15)   vdiff=  4.7162E+00 (120, 14)
n=  4347   udiff=  4.9946E+00 (119, 15)   vdiff=  4.7220E+00 (120, 14)
n=  4348   udiff=  5.0121E+00 (119, 15)   vdiff=  4.7276E+00 (120, 14)
n=  4349   udiff=  5.0294E+00 (119, 15)   vdiff=  4.7327E+00 (120, 14)
n=  4350   udiff=  5.0465E+00 (119, 15)   vdiff=  4.7374E+00 (120, 14)
n=  4351   udiff=  5.0633E+00 (119, 15)   vdiff=  4.7418E+00 (120, 14)
n=  4352   udiff=  5.0798E+00 (119, 15)   vdiff=  4.7458E+00 (120, 14)
n=  4353   udiff=  5.0961E+00 (119, 15)   vdiff=  4.7494E+00 (120, 14)
n=  4354   udiff=  5.1125E+00 (119, 15)   vdiff=  4.7527E+00 (120, 14)
n=  4355   udiff=  5.1286E+00 (119, 15)   vdiff=  4.7556E+00 (120, 14)
n=  4356   udiff=  5.1444E+00 (119, 15)   vdiff=  4.7582E+00 (120, 14)
n=  4357   udiff=  5.1599E+00 (119, 15)   vdiff=  4.7604E+00 (120, 14)
n=  4358   udiff=  5.1750E+00 (119, 15)   vdiff=  4.7623E+00 (120, 14)
n=  4359   udiff=  5.1898E+00 (119, 15)   vdiff=  4.7638E+00 (120, 14)
n=  4360   udiff=  5.2043E+00 (119, 15)   vdiff=  4.7650E+00 (120, 14)
n=  4361   udiff=  5.2184E+00 (119, 15)   vdiff=  4.7658E+00 (120, 14)
n=  4362   udiff=  5.2322E+00 (119, 15)   vdiff=  4.7663E+00 (120, 14)
n=  4363   udiff=  5.2458E+00 (119, 15)   vdiff=  4.7665E+00 (120, 14)
n=  4364   udiff=  5.2589E+00 (119, 15)   vdiff=  4.7663E+00 (120, 14)
n=  4365   udiff=  5.2718E+00 (119, 15)   vdiff=  4.7658E+00 (120, 14)
n=  4366   udiff=  5.2844E+00 (119, 15)   vdiff=  4.7650E+00 (120, 14)
n=  4367   udiff=  5.2966E+00 (119, 15)   vdiff=  4.7639E+00 (120, 14)
n=  4368   udiff=  5.3085E+00 (119, 15)   vdiff=  4.7625E+00 (120, 14)
n=  4369   udiff=  5.3201E+00 (119, 15)   vdiff=  4.7608E+00 (120, 14)
n=  4370   udiff=  5.3315E+00 (119, 15)   vdiff=  4.7588E+00 (120, 14)
n=  4371   udiff=  5.3425E+00 (119, 15)   vdiff=  4.7565E+00 (120, 14)
n=  4372   udiff=  5.3532E+00 (119, 15)   vdiff=  4.7539E+00 (120, 14)
n=  4373   udiff=  5.3635E+00 (119, 15)   vdiff=  4.7511E+00 (120, 14)
n=  4374   udiff=  5.3736E+00 (119, 15)   vdiff=  4.7480E+00 (120, 14)
n=  4375   udiff=  5.3834E+00 (119, 15)   vdiff=  4.7446E+00 (120, 14)
n=  4376   udiff=  5.3929E+00 (119, 15)   vdiff=  4.7409E+00 (120, 14)
n=  4377   udiff=  5.4021E+00 (119, 15)   vdiff=  4.7370E+00 (120, 14)
n=  4378   udiff=  5.4110E+00 (119, 15)   vdiff=  4.7328E+00 (120, 14)
n=  4379   udiff=  5.4196E+00 (119, 15)   vdiff=  4.7284E+00 (120, 14)
n=  4380   udiff=  5.4279E+00 (119, 15)   vdiff=  4.7238E+00 (120, 14)
n=  4381   udiff=  5.4359E+00 (119, 15)   vdiff=  4.7189E+00 (120, 14)
n=  4382   udiff=  5.4436E+00 (119, 15)   vdiff=  4.7138E+00 (120, 14)
n=  4383   udiff=  5.4511E+00 (119, 15)   vdiff=  4.7085E+00 (120, 14)
n=  4384   udiff=  5.4582E+00 (119, 15)   vdiff=  4.7030E+00 (120, 14)
n=  4385   udiff=  5.4651E+00 (119, 15)   vdiff=  4.6972E+00 (120, 14)
n=  4386   udiff=  5.4717E+00 (119, 15)   vdiff=  4.6913E+00 (120, 14)
n=  4387   udiff=  5.4779E+00 (119, 15)   vdiff=  4.6852E+00 (120, 14)
n=  4388   udiff=  5.4839E+00 (119, 15)   vdiff=  4.6789E+00 (120, 14)
n=  4389   udiff=  5.4897E+00 (119, 15)   vdiff=  4.6724E+00 (120, 14)
n=  4390   udiff=  5.4934E+00 (119, 15)   vdiff=  4.6675E+00 (120, 14)
n=  4391   udiff=  5.4940E+00 (119, 15)   vdiff=  4.6651E+00 (120, 14)
n=  4392   udiff=  5.4945E+00 (119, 15)   vdiff=  4.6625E+00 (120, 14)
n=  4393   udiff=  5.4946E+00 (119, 15)   vdiff=  4.6596E+00 (120, 14)
n=  4394   udiff=  5.4945E+00 (119, 15)   vdiff=  4.6564E+00 (120, 14)
n=  4395   udiff=  5.4942E+00 (119, 15)   vdiff=  4.6530E+00 (120, 14)
n=  4396   udiff=  5.4936E+00 (119, 15)   vdiff=  4.6494E+00 (120, 14)
n=  4397   udiff=  5.4927E+00 (119, 15)   vdiff=  4.6455E+00 (120, 14)
n=  4398   udiff=  5.4916E+00 (119, 15)   vdiff=  4.6414E+00 (120, 14)
n=  4399   udiff=  5.4902E+00 (119, 15)   vdiff=  4.6371E+00 (120, 14)
n=  4400   udiff=  5.4886E+00 (119, 15)   vdiff=  4.6326E+00 (120, 14)
n=  4401   udiff=  5.4867E+00 (119, 15)   vdiff=  4.6279E+00 (120, 14)
n=  4402   udiff=  5.4846E+00 (119, 15)   vdiff=  4.6230E+00 (120, 14)
n=  4403   udiff=  5.4822E+00 (119, 15)   vdiff=  4.6179E+00 (120, 14)
n=  4404   udiff=  5.4796E+00 (119, 15)   vdiff=  4.6127E+00 (120, 14)
n=  4405   udiff=  5.4767E+00 (119, 15)   vdiff=  4.6074E+00 (120, 14)
n=  4406   udiff=  5.4736E+00 (119, 15)   vdiff=  4.6019E+00 (120, 14)
n=  4407   udiff=  5.4702E+00 (119, 15)   vdiff=  4.5962E+00 (120, 14)
n=  4408   udiff=  5.4665E+00 (119, 15)   vdiff=  4.5905E+00 (120, 14)
n=  4409   udiff=  5.4627E+00 (119, 15)   vdiff=  4.5845E+00 (120, 14)
n=  4410   udiff=  5.4585E+00 (119, 15)   vdiff=  4.5785E+00 (120, 14)
n=  4411   udiff=  5.4541E+00 (119, 15)   vdiff=  4.5723E+00 (120, 14)
n=  4412   udiff=  5.4495E+00 (119, 15)   vdiff=  4.5660E+00 (120, 14)
n=  4413   udiff=  5.4446E+00 (119, 15)   vdiff=  4.5595E+00 (120, 14)
n=  4414   udiff=  5.4394E+00 (119, 15)   vdiff=  4.5529E+00 (120, 14)
n=  4415   udiff=  5.4339E+00 (119, 15)   vdiff=  4.5462E+00 (120, 14)
n=  4416   udiff=  5.4282E+00 (119, 15)   vdiff=  4.5394E+00 (120, 14)
n=  4417   udiff=  5.4223E+00 (119, 15)   vdiff=  4.5325E+00 (120, 14)
n=  4418   udiff=  5.4161E+00 (119, 15)   vdiff=  4.5256E+00 (120, 14)
n=  4419   udiff=  5.4096E+00 (119, 15)   vdiff=  4.5186E+00 (120, 14)
n=  4420   udiff=  5.4029E+00 (119, 15)   vdiff=  4.5115E+00 (120, 14)
n=  4421   udiff=  5.3959E+00 (119, 15)   vdiff=  4.5044E+00 (120, 14)
n=  4422   udiff=  5.3887E+00 (119, 15)   vdiff=  4.4972E+00 (120, 14)
n=  4423   udiff=  5.3812E+00 (119, 15)   vdiff=  4.4900E+00 (120, 14)
n=  4424   udiff=  5.3735E+00 (119, 15)   vdiff=  4.4827E+00 (120, 14)
n=  4425   udiff=  5.3655E+00 (119, 15)   vdiff=  4.4754E+00 (120, 14)
n=  4426   udiff=  5.3572E+00 (119, 15)   vdiff=  4.4680E+00 (120, 14)
n=  4427   udiff=  5.3487E+00 (119, 15)   vdiff=  4.4606E+00 (120, 14)
n=  4428   udiff=  5.3399E+00 (119, 15)   vdiff=  4.4532E+00 (120, 14)
n=  4429   udiff=  5.3309E+00 (119, 15)   vdiff=  4.4457E+00 (120, 14)
n=  4430   udiff=  5.3216E+00 (119, 15)   vdiff=  4.4382E+00 (120, 14)
n=  4431   udiff=  5.3121E+00 (119, 15)   vdiff=  4.4307E+00 (120, 14)
n=  4432   udiff=  5.3023E+00 (119, 15)   vdiff=  4.4232E+00 (120, 14)
n=  4433   udiff=  5.2922E+00 (119, 15)   vdiff=  4.4157E+00 (120, 14)
n=  4434   udiff=  5.2819E+00 (119, 15)   vdiff=  4.4081E+00 (120, 14)
n=  4435   udiff=  5.2713E+00 (119, 15)   vdiff=  4.4006E+00 (120, 14)
n=  4436   udiff=  5.2605E+00 (119, 15)   vdiff=  4.3930E+00 (120, 14)
n=  4437   udiff=  5.2493E+00 (119, 15)   vdiff=  4.3854E+00 (120, 14)
n=  4438   udiff=  5.2380E+00 (119, 15)   vdiff=  4.3778E+00 (120, 14)
n=  4439   udiff=  5.2263E+00 (119, 15)   vdiff=  4.3702E+00 (120, 14)
n=  4440   udiff=  5.2144E+00 (119, 15)   vdiff=  4.3625E+00 (120, 14)
n=  4441   udiff=  5.2022E+00 (119, 15)   vdiff=  4.3549E+00 (120, 14)
n=  4442   udiff=  5.1898E+00 (119, 15)   vdiff=  4.3472E+00 (120, 14)
n=  4443   udiff=  5.1771E+00 (119, 15)   vdiff=  4.3396E+00 (120, 14)
n=  4444   udiff=  5.1641E+00 (119, 15)   vdiff=  4.3319E+00 (120, 14)
n=  4445   udiff=  5.1508E+00 (119, 15)   vdiff=  4.3242E+00 (120, 14)
n=  4446   udiff=  5.1373E+00 (119, 15)   vdiff=  4.3165E+00 (120, 14)
n=  4447   udiff=  5.1235E+00 (119, 15)   vdiff=  4.3088E+00 (120, 14)
n=  4448   udiff=  5.1095E+00 (119, 15)   vdiff=  4.3011E+00 (120, 14)
n=  4449   udiff=  5.0951E+00 (119, 15)   vdiff=  4.2933E+00 (120, 14)
n=  4450   udiff=  5.0805E+00 (119, 15)   vdiff=  4.2856E+00 (120, 14)
n=  4451   udiff=  5.0656E+00 (119, 15)   vdiff=  4.2778E+00 (120, 14)
n=  4452   udiff=  5.0505E+00 (119, 15)   vdiff=  4.2700E+00 (120, 14)
n=  4453   udiff=  5.0351E+00 (119, 15)   vdiff=  4.2621E+00 (120, 14)
n=  4454   udiff=  5.0194E+00 (119, 15)   vdiff=  4.2542E+00 (120, 14)
n=  4455   udiff=  5.0034E+00 (119, 15)   vdiff=  4.2463E+00 (120, 14)
n=  4456   udiff=  4.9871E+00 (119, 15)   vdiff=  4.2384E+00 (120, 14)
n=  4457   udiff=  4.9706E+00 (119, 15)   vdiff=  4.2304E+00 (120, 14)
n=  4458   udiff=  4.9543E+00 (119, 15)   vdiff=  4.2224E+00 (120, 14)
n=  4459   udiff=  4.9379E+00 (119, 15)   vdiff=  4.2145E+00 (120, 14)
n=  4460   udiff=  4.9212E+00 (119, 15)   vdiff=  4.2064E+00 (120, 14)
n=  4461   udiff=  4.9042E+00 (119, 15)   vdiff=  4.1983E+00 (120, 14)
n=  4462   udiff=  4.8868E+00 (119, 15)   vdiff=  4.1901E+00 (120, 14)
n=  4463   udiff=  4.8692E+00 (119, 15)   vdiff=  4.1819E+00 (120, 14)
n=  4464   udiff=  4.8512E+00 (119, 15)   vdiff=  4.1736E+00 (120, 14)
n=  4465   udiff=  4.8328E+00 (119, 15)   vdiff=  4.1652E+00 (120, 14)
n=  4466   udiff=  4.8142E+00 (119, 15)   vdiff=  4.1567E+00 (120, 14)
n=  4467   udiff=  4.7952E+00 (119, 15)   vdiff=  4.1482E+00 (120, 14)
n=  4468   udiff=  4.7759E+00 (119, 15)   vdiff=  4.1395E+00 (120, 14)
n=  4469   udiff=  4.7563E+00 (119, 15)   vdiff=  4.1308E+00 (120, 14)
n=  4470   udiff=  4.7364E+00 (119, 15)   vdiff=  4.1219E+00 (120, 14)
n=  4471   udiff=  4.7161E+00 (119, 15)   vdiff=  4.1130E+00 (120, 14)
n=  4472   udiff=  4.6956E+00 (119, 15)   vdiff=  4.1039E+00 (120, 14)
n=  4473   udiff=  4.6747E+00 (119, 15)   vdiff=  4.0947E+00 (120, 14)
n=  4474   udiff=  4.6535E+00 (119, 15)   vdiff=  4.0854E+00 (120, 14)
n=  4475   udiff=  4.6320E+00 (119, 15)   vdiff=  4.0760E+00 (120, 14)
n=  4476   udiff=  4.6102E+00 (119, 15)   vdiff=  4.0664E+00 (120, 14)
n=  4477   udiff=  4.5881E+00 (119, 15)   vdiff=  4.0567E+00 (120, 14)
n=  4478   udiff=  4.5657E+00 (119, 15)   vdiff=  4.0468E+00 (120, 14)
n=  4479   udiff=  4.5429E+00 (119, 15)   vdiff=  4.0368E+00 (120, 14)
n=  4480   udiff=  4.5199E+00 (119, 15)   vdiff=  4.0267E+00 (120, 14)
n=  4481   udiff=  4.4966E+00 (119, 15)   vdiff=  4.0163E+00 (120, 14)
n=  4482   udiff=  4.4729E+00 (119, 15)   vdiff=  4.0058E+00 (120, 14)
n=  4483   udiff=  4.4490E+00 (119, 15)   vdiff=  3.9951E+00 (120, 14)
n=  4484   udiff=  4.4248E+00 (119, 15)   vdiff=  3.9843E+00 (120, 14)
n=  4485   udiff=  4.4003E+00 (119, 15)   vdiff=  3.9732E+00 (120, 14)
n=  4486   udiff=  4.3754E+00 (119, 15)   vdiff=  3.9619E+00 (120, 14)
n=  4487   udiff=  4.3503E+00 (119, 15)   vdiff=  3.9505E+00 (120, 14)
n=  4488   udiff=  4.3249E+00 (119, 15)   vdiff=  3.9388E+00 (120, 14)
n=  4489   udiff=  4.2993E+00 (119, 15)   vdiff=  3.9269E+00 (120, 14)
n=  4490   udiff=  4.2733E+00 (119, 15)   vdiff=  3.9148E+00 (120, 14)
n=  4491   udiff=  4.2470E+00 (119, 15)   vdiff=  3.9025E+00 (120, 14)
n=  4492   udiff=  4.2205E+00 (119, 15)   vdiff=  3.8899E+00 (120, 14)
n=  4493   udiff=  4.1937E+00 (119, 15)   vdiff=  3.8771E+00 (120, 14)
n=  4494   udiff=  4.1666E+00 (119, 15)   vdiff=  3.8640E+00 (120, 14)
n=  4495   udiff=  4.1393E+00 (119, 15)   vdiff=  3.8507E+00 (120, 14)
n=  4496   udiff=  4.1116E+00 (119, 15)   vdiff=  3.8371E+00 (120, 14)
n=  4497   udiff=  4.0838E+00 (119, 15)   vdiff=  3.8233E+00 (120, 14)
n=  4498   udiff=  4.0556E+00 (119, 15)   vdiff=  3.8092E+00 (120, 14)
n=  4499   udiff=  4.0272E+00 (119, 15)   vdiff=  3.7948E+00 (120, 14)
n=  4500   udiff=  3.9985E+00 (119, 15)   vdiff=  3.7801E+00 (120, 14)
n=  4501   udiff=  3.9696E+00 (119, 15)   vdiff=  3.7651E+00 (120, 14)
n=  4502   udiff=  3.9404E+00 (119, 15)   vdiff=  3.7499E+00 (120, 14)
n=  4503   udiff=  3.9109E+00 (119, 15)   vdiff=  3.7343E+00 (120, 14)
n=  4504   udiff=  3.8812E+00 (119, 15)   vdiff=  3.7184E+00 (120, 14)
n=  4505   udiff=  3.8512E+00 (119, 15)   vdiff=  3.7021E+00 (120, 14)
n=  4506   udiff=  3.8210E+00 (119, 15)   vdiff=  3.6855E+00 (120, 14)
n=  4507   udiff=  3.7906E+00 (119, 15)   vdiff=  3.6667E+00 (120, 14)
n=  4508   udiff=  3.7599E+00 (119, 15)   vdiff=  3.6460E+00 (120, 14)
n=  4509   udiff=  3.7290E+00 (119, 15)   vdiff=  3.6251E+00 (120, 14)
n=  4510   udiff=  3.6978E+00 (119, 15)   vdiff=  3.6039E+00 (120, 14)
n=  4511   udiff=  3.6664E+00 (119, 15)   vdiff=  3.6011E+00 (120, 15)
n=  4512   udiff=  3.6348E+00 (119, 15)   vdiff=  3.5998E+00 (120, 15)
n=  4513   udiff=  3.6029E+00 (119, 15)   vdiff=  3.5982E+00 (120, 15)
n=  4514   udiff=  3.5963E+00 (120, 15)   vdiff=  3.5963E+00 (120, 15)
n=  4515   udiff=  3.5940E+00 (120, 15)   vdiff=  3.5940E+00 (120, 15)
n=  4516   udiff=  3.5915E+00 (120, 15)   vdiff=  3.5915E+00 (120, 15)
n=  4517   udiff=  3.5886E+00 (120, 15)   vdiff=  3.5886E+00 (120, 15)
n=  4518   udiff=  3.5854E+00 (120, 15)   vdiff=  3.5854E+00 (120, 15)
n=  4519   udiff=  3.5820E+00 (120, 15)   vdiff=  3.5820E+00 (120, 15)
n=  4520   udiff=  3.5782E+00 (120, 15)   vdiff=  3.5782E+00 (120, 15)
n=  4521   udiff=  3.5740E+00 (120, 15)   vdiff=  3.5740E+00 (120, 15)
n=  4522   udiff=  3.5696E+00 (120, 15)   vdiff=  3.5696E+00 (120, 15)
n=  4523   udiff=  3.5649E+00 (120, 15)   vdiff=  3.5649E+00 (120, 15)
n=  4524   udiff=  3.5598E+00 (120, 15)   vdiff=  3.5598E+00 (120, 15)
n=  4525   udiff=  3.5545E+00 (120, 15)   vdiff=  3.5545E+00 (120, 15)
n=  4526   udiff=  3.5488E+00 (120, 15)   vdiff=  3.5488E+00 (120, 15)
n=  4527   udiff=  3.5429E+00 (120, 15)   vdiff=  3.5429E+00 (120, 15)
n=  4528   udiff=  3.5366E+00 (120, 15)   vdiff=  3.5366E+00 (120, 15)
n=  4529   udiff=  3.5300E+00 (120, 15)   vdiff=  3.5300E+00 (120, 15)
n=  4530   udiff=  3.5232E+00 (120, 15)   vdiff=  3.5232E+00 (120, 15)
n=  4531   udiff=  3.5160E+00 (120, 15)   vdiff=  3.5160E+00 (120, 15)
n=  4532   udiff=  3.5085E+00 (120, 15)   vdiff=  3.5085E+00 (120, 15)
n=  4533   udiff=  3.5007E+00 (120, 15)   vdiff=  3.5007E+00 (120, 15)
n=  4534   udiff=  3.4927E+00 (120, 15)   vdiff=  3.4927E+00 (120, 15)
n=  4535   udiff=  3.4843E+00 (120, 15)   vdiff=  3.4843E+00 (120, 15)
n=  4536   udiff=  3.4756E+00 (120, 15)   vdiff=  3.4756E+00 (120, 15)
n=  4537   udiff=  3.4666E+00 (120, 15)   vdiff=  3.4666E+00 (120, 15)
n=  4538   udiff=  3.4574E+00 (120, 15)   vdiff=  3.4574E+00 (120, 15)
n=  4539   udiff=  3.4478E+00 (120, 15)   vdiff=  3.4478E+00 (120, 15)
n=  4540   udiff=  3.4379E+00 (120, 15)   vdiff=  3.4379E+00 (120, 15)
n=  4541   udiff=  3.4278E+00 (120, 15)   vdiff=  3.4278E+00 (120, 15)
n=  4542   udiff=  3.4173E+00 (120, 15)   vdiff=  3.4173E+00 (120, 15)
n=  4543   udiff=  3.4066E+00 (120, 15)   vdiff=  3.4066E+00 (120, 15)
n=  4544   udiff=  3.3956E+00 (120, 15)   vdiff=  3.3956E+00 (120, 15)
n=  4545   udiff=  3.3843E+00 (120, 15)   vdiff=  3.3843E+00 (120, 15)
n=  4546   udiff=  3.3727E+00 (120, 15)   vdiff=  3.3727E+00 (120, 15)
n=  4547   udiff=  3.3608E+00 (120, 15)   vdiff=  3.3608E+00 (120, 15)
n=  4548   udiff=  3.3486E+00 (120, 15)   vdiff=  3.3486E+00 (120, 15)
n=  4549   udiff=  3.3361E+00 (120, 15)   vdiff=  3.3361E+00 (120, 15)
n=  4550   udiff=  3.3234E+00 (120, 15)   vdiff=  3.3234E+00 (120, 15)
n=  4551   udiff=  3.3104E+00 (120, 15)   vdiff=  3.3104E+00 (120, 15)
n=  4552   udiff=  3.2971E+00 (120, 15)   vdiff=  3.2971E+00 (120, 15)
n=  4553   udiff=  3.2836E+00 (120, 15)   vdiff=  3.2836E+00 (120, 15)
n=  4554   udiff=  3.2697E+00 (120, 15)   vdiff=  3.2697E+00 (120, 15)
n=  4555   udiff=  3.2557E+00 (120, 15)   vdiff=  3.2557E+00 (120, 15)
n=  4556   udiff=  3.2413E+00 (120, 15)   vdiff=  3.2413E+00 (120, 15)
n=  4557   udiff=  3.2267E+00 (120, 15)   vdiff=  3.2267E+00 (120, 15)
n=  4558   udiff=  3.2118E+00 (120, 15)   vdiff=  3.2118E+00 (120, 15)
n=  4559   udiff=  3.1977E+00 (120, 15)   vdiff=  3.1977E+00 (120, 15)
n=  4560   udiff=  3.1837E+00 (120, 15)   vdiff=  3.1837E+00 (120, 15)
n=  4561   udiff=  3.1697E+00 (120, 15)   vdiff=  3.1697E+00 (120, 15)
n=  4562   udiff=  3.1571E+00 (120, 15)   vdiff=  3.1571E+00 (120, 15)
n=  4563   udiff=  3.1441E+00 (120, 15)   vdiff=  3.1441E+00 (120, 15)
n=  4564   udiff=  3.1308E+00 (120, 15)   vdiff=  3.1308E+00 (120, 15)
n=  4565   udiff=  3.1172E+00 (120, 15)   vdiff=  3.1172E+00 (120, 15)
n=  4566   udiff=  3.1054E+00 (120, 15)   vdiff=  3.1054E+00 (120, 15)
n=  4567   udiff=  3.0947E+00 (120, 15)   vdiff=  3.0947E+00 (120, 15)
n=  4568   udiff=  3.0835E+00 (120, 15)   vdiff=  3.0835E+00 (120, 15)
n=  4569   udiff=  3.0718E+00 (120, 15)   vdiff=  3.0718E+00 (120, 15)
n=  4570   udiff=  3.0597E+00 (120, 15)   vdiff=  3.0597E+00 (120, 15)
n=  4571   udiff=  3.0471E+00 (120, 15)   vdiff=  3.0471E+00 (120, 15)
n=  4572   udiff=  3.0340E+00 (120, 15)   vdiff=  3.0340E+00 (120, 15)
n=  4573   udiff=  3.0205E+00 (120, 15)   vdiff=  3.0205E+00 (120, 15)
n=  4574   udiff=  3.0066E+00 (120, 15)   vdiff=  3.0066E+00 (120, 15)
n=  4575   udiff=  2.9922E+00 (120, 15)   vdiff=  2.9922E+00 (120, 15)
n=  4576   udiff=  2.9774E+00 (120, 15)   vdiff=  2.9774E+00 (120, 15)
n=  4577   udiff=  2.9621E+00 (120, 15)   vdiff=  2.9621E+00 (120, 15)
n=  4578   udiff=  2.9465E+00 (120, 15)   vdiff=  2.9465E+00 (120, 15)
n=  4579   udiff=  2.9305E+00 (120, 15)   vdiff=  2.9305E+00 (120, 15)
n=  4580   udiff=  2.9141E+00 (120, 15)   vdiff=  2.9141E+00 (120, 15)
n=  4581   udiff=  2.8973E+00 (120, 15)   vdiff=  2.8973E+00 (120, 15)
n=  4582   udiff=  2.8800E+00 (120, 15)   vdiff=  2.8800E+00 (120, 15)
n=  4583   udiff=  2.8625E+00 (120, 15)   vdiff=  2.8625E+00 (120, 15)
n=  4584   udiff=  2.8445E+00 (120, 15)   vdiff=  2.8445E+00 (120, 15)
n=  4585   udiff=  2.8262E+00 (120, 15)   vdiff=  2.8262E+00 (120, 15)
n=  4586   udiff=  2.8075E+00 (120, 15)   vdiff=  2.8075E+00 (120, 15)
n=  4587   udiff=  2.7885E+00 (120, 15)   vdiff=  2.7885E+00 (120, 15)
n=  4588   udiff=  2.7691E+00 (120, 15)   vdiff=  2.7691E+00 (120, 15)
n=  4589   udiff=  2.7494E+00 (120, 15)   vdiff=  2.7494E+00 (120, 15)
n=  4590   udiff=  2.7293E+00 (120, 15)   vdiff=  2.7293E+00 (120, 15)
n=  4591   udiff=  2.7090E+00 (120, 15)   vdiff=  2.7090E+00 (120, 15)
n=  4592   udiff=  2.6883E+00 (120, 15)   vdiff=  2.6883E+00 (120, 15)
n=  4593   udiff=  2.6674E+00 (120, 15)   vdiff=  2.6674E+00 (120, 15)
n=  4594   udiff=  2.6461E+00 (120, 15)   vdiff=  2.6461E+00 (120, 15)
n=  4595   udiff=  2.6245E+00 (120, 15)   vdiff=  2.6245E+00 (120, 15)
n=  4596   udiff=  2.6027E+00 (120, 15)   vdiff=  2.6027E+00 (120, 15)
n=  4597   udiff=  2.5806E+00 (120, 15)   vdiff=  2.5806E+00 (120, 15)
n=  4598   udiff=  2.5582E+00 (120, 15)   vdiff=  2.5582E+00 (120, 15)
n=  4599   udiff=  2.5355E+00 (120, 15)   vdiff=  2.5355E+00 (120, 15)
n=  4600   udiff=  2.5127E+00 (120, 15)   vdiff=  2.5127E+00 (120, 15)
n=  4601   udiff=  2.4895E+00 (120, 15)   vdiff=  2.4895E+00 (120, 15)
n=  4602   udiff=  2.4661E+00 (120, 15)   vdiff=  2.4661E+00 (120, 15)
n=  4603   udiff=  2.4425E+00 (120, 15)   vdiff=  2.4425E+00 (120, 15)
n=  4604   udiff=  2.4186E+00 (120, 15)   vdiff=  2.4236E+00 (119, 14)
n=  4605   udiff=  2.3946E+00 (120, 15)   vdiff=  2.4229E+00 (119, 14)
n=  4606   udiff=  2.3703E+00 (120, 15)   vdiff=  2.4217E+00 (119, 14)
n=  4607   udiff=  2.3458E+00 (120, 15)   vdiff=  2.4200E+00 (119, 14)
n=  4608   udiff=  2.3211E+00 (120, 15)   vdiff=  2.4183E+00 (119, 14)
n=  4609   udiff=  2.3046E+00 (119, 14)   vdiff=  2.4163E+00 (119, 14)
n=  4610   udiff=  2.3110E+00 (119, 14)   vdiff=  2.4138E+00 (119, 14)
n=  4611   udiff=  2.3170E+00 (119, 14)   vdiff=  2.4106E+00 (119, 14)
n=  4612   udiff=  2.3226E+00 (119, 14)   vdiff=  2.4068E+00 (119, 14)
n=  4613   udiff=  2.3278E+00 (119, 14)   vdiff=  2.4025E+00 (119, 14)
n=  4614   udiff=  2.3326E+00 (119, 14)   vdiff=  2.3974E+00 (119, 14)
n=  4615   udiff=  2.3369E+00 (119, 14)   vdiff=  2.3915E+00 (119, 14)
n=  4616   udiff=  2.3408E+00 (119, 14)   vdiff=  2.3851E+00 (119, 14)
n=  4617   udiff=  2.3443E+00 (119, 14)   vdiff=  2.3782E+00 (119, 14)
n=  4618   udiff=  2.3475E+00 (119, 14)   vdiff=  2.3706E+00 (119, 14)
n=  4619   udiff=  2.3502E+00 (119, 14)   vdiff=  2.3625E+00 (119, 14)
n=  4620   udiff=  2.3525E+00 (119, 14)   vdiff=  2.3538E+00 (119, 14)
n=  4621   udiff=  2.3544E+00 (119, 14)   vdiff=  2.3446E+00 (119, 14)
n=  4622   udiff=  2.3559E+00 (119, 14)   vdiff=  2.3348E+00 (119, 14)
n=  4623   udiff=  2.3570E+00 (119, 14)   vdiff=  2.3245E+00 (119, 14)
n=  4624   udiff=  2.3578E+00 (119, 14)   vdiff=  2.3136E+00 (119, 14)
n=  4625   udiff=  2.3581E+00 (119, 14)   vdiff=  2.3022E+00 (119, 14)
n=  4626   udiff=  2.3583E+00 (119, 14)   vdiff=  2.2897E+00 (119, 14)
n=  4627   udiff=  2.3586E+00 (119, 14)   vdiff=  2.2754E+00 (119, 14)
n=  4628   udiff=  2.3584E+00 (119, 14)   vdiff=  2.2606E+00 (119, 14)
n=  4629   udiff=  2.3578E+00 (119, 14)   vdiff=  2.2453E+00 (119, 14)
n=  4630   udiff=  2.3569E+00 (119, 14)   vdiff=  2.2295E+00 (119, 14)
n=  4631   udiff=  2.3636E+00 (120, 14)   vdiff=  2.2213E+00 (119, 15)
n=  4632   udiff=  2.3782E+00 (120, 14)   vdiff=  2.2208E+00 (119, 15)
n=  4633   udiff=  2.3925E+00 (120, 14)   vdiff=  2.2200E+00 (119, 15)
n=  4634   udiff=  2.4066E+00 (120, 14)   vdiff=  2.2189E+00 (119, 15)
n=  4635   udiff=  2.4203E+00 (120, 14)   vdiff=  2.2173E+00 (119, 15)
n=  4636   udiff=  2.4338E+00 (120, 14)   vdiff=  2.2155E+00 (119, 15)
n=  4637   udiff=  2.4470E+00 (120, 14)   vdiff=  2.2132E+00 (119, 15)
n=  4638   udiff=  2.4598E+00 (120, 14)   vdiff=  2.2106E+00 (119, 15)
n=  4639   udiff=  2.4724E+00 (120, 14)   vdiff=  2.2077E+00 (119, 15)
n=  4640   udiff=  2.4847E+00 (120, 14)   vdiff=  2.2044E+00 (119, 15)
n=  4641   udiff=  2.4967E+00 (120, 14)   vdiff=  2.2007E+00 (119, 15)
n=  4642   udiff=  2.5084E+00 (120, 14)   vdiff=  2.1967E+00 (119, 15)
n=  4643   udiff=  2.5198E+00 (120, 14)   vdiff=  2.1923E+00 (119, 15)
n=  4644   udiff=  2.5309E+00 (120, 14)   vdiff=  2.1877E+00 (119, 15)
n=  4645   udiff=  2.5417E+00 (120, 14)   vdiff=  2.1826E+00 (119, 15)
n=  4646   udiff=  2.5522E+00 (120, 14)   vdiff=  2.1773E+00 (119, 15)
n=  4647   udiff=  2.5624E+00 (120, 14)   vdiff=  2.1715E+00 (119, 15)
n=  4648   udiff=  2.5723E+00 (120, 14)   vdiff=  2.1655E+00 (119, 15)
n=  4649   udiff=  2.5819E+00 (120, 14)   vdiff=  2.1591E+00 (119, 15)
n=  4650   udiff=  2.5911E+00 (120, 14)   vdiff=  2.1524E+00 (119, 15)
n=  4651   udiff=  2.6001E+00 (120, 14)   vdiff=  2.1454E+00 (119, 15)
n=  4652   udiff=  2.6087E+00 (120, 14)   vdiff=  2.1381E+00 (119, 15)
n=  4653   udiff=  2.6171E+00 (120, 14)   vdiff=  2.1304E+00 (119, 15)
n=  4654   udiff=  2.6251E+00 (120, 14)   vdiff=  2.1224E+00 (119, 15)
n=  4655   udiff=  2.6328E+00 (120, 14)   vdiff=  2.1141E+00 (119, 15)
n=  4656   udiff=  2.6402E+00 (120, 14)   vdiff=  2.1055E+00 (119, 15)
n=  4657   udiff=  2.6473E+00 (120, 14)   vdiff=  2.0966E+00 (119, 15)
n=  4658   udiff=  2.6540E+00 (120, 14)   vdiff=  2.0874E+00 (119, 15)
n=  4659   udiff=  2.6605E+00 (120, 14)   vdiff=  2.0779E+00 (119, 15)
n=  4660   udiff=  2.6666E+00 (120, 14)   vdiff=  2.0681E+00 (119, 15)
n=  4661   udiff=  2.6724E+00 (120, 14)   vdiff=  2.0580E+00 (119, 15)
n=  4662   udiff=  2.6779E+00 (120, 14)   vdiff=  2.0477E+00 (119, 15)
n=  4663   udiff=  2.6832E+00 (120, 14)   vdiff=  2.0369E+00 (119, 15)
n=  4664   udiff=  2.6882E+00 (120, 14)   vdiff=  2.0259E+00 (119, 15)
n=  4665   udiff=  2.6929E+00 (120, 14)   vdiff=  2.0146E+00 (119, 15)
n=  4666   udiff=  2.6973E+00 (120, 14)   vdiff=  2.0029E+00 (119, 15)
n=  4667   udiff=  2.7014E+00 (120, 14)   vdiff=  1.9911E+00 (119, 15)
n=  4668   udiff=  2.7050E+00 (120, 14)   vdiff=  2.0005E+00 (120, 14)
n=  4669   udiff=  2.7084E+00 (120, 14)   vdiff=  2.0304E+00 (120, 14)
n=  4670   udiff=  2.7114E+00 (120, 14)   vdiff=  2.0599E+00 (120, 14)
n=  4671   udiff=  2.7150E+00 (120, 14)   vdiff=  2.0892E+00 (120, 14)
n=  4672   udiff=  2.7187E+00 (120, 14)   vdiff=  2.1181E+00 (120, 14)
n=  4673   udiff=  2.7220E+00 (120, 14)   vdiff=  2.1466E+00 (120, 14)
n=  4674   udiff=  2.7249E+00 (120, 14)   vdiff=  2.1747E+00 (120, 14)
n=  4675   udiff=  2.7275E+00 (120, 14)   vdiff=  2.2023E+00 (120, 14)
n=  4676   udiff=  2.7297E+00 (120, 14)   vdiff=  2.2295E+00 (120, 14)
n=  4677   udiff=  2.7315E+00 (120, 14)   vdiff=  2.2563E+00 (120, 14)
n=  4678   udiff=  2.7330E+00 (120, 14)   vdiff=  2.2826E+00 (120, 14)
n=  4679   udiff=  2.7342E+00 (120, 14)   vdiff=  2.3085E+00 (120, 14)
n=  4680   udiff=  2.7349E+00 (120, 14)   vdiff=  2.3339E+00 (120, 14)
n=  4681   udiff=  2.7354E+00 (120, 14)   vdiff=  2.3589E+00 (120, 14)
n=  4682   udiff=  2.7354E+00 (120, 14)   vdiff=  2.3835E+00 (120, 14)
n=  4683   udiff=  2.7352E+00 (120, 14)   vdiff=  2.4076E+00 (120, 14)
n=  4684   udiff=  2.7346E+00 (120, 14)   vdiff=  2.4313E+00 (120, 14)
n=  4685   udiff=  2.7336E+00 (120, 14)   vdiff=  2.4545E+00 (120, 14)
n=  4686   udiff=  2.7323E+00 (120, 14)   vdiff=  2.4773E+00 (120, 14)
n=  4687   udiff=  2.7306E+00 (120, 14)   vdiff=  2.4996E+00 (120, 14)
n=  4688   udiff=  2.7286E+00 (120, 14)   vdiff=  2.5215E+00 (120, 14)
n=  4689   udiff=  2.7262E+00 (120, 14)   vdiff=  2.5429E+00 (120, 14)
n=  4690   udiff=  2.7235E+00 (120, 14)   vdiff=  2.5639E+00 (120, 14)
n=  4691   udiff=  2.7205E+00 (120, 14)   vdiff=  2.5845E+00 (120, 14)
n=  4692   udiff=  2.7171E+00 (120, 14)   vdiff=  2.6046E+00 (120, 14)
n=  4693   udiff=  2.7134E+00 (120, 14)   vdiff=  2.6242E+00 (120, 14)
n=  4694   udiff=  2.7093E+00 (120, 14)   vdiff=  2.6434E+00 (120, 14)
n=  4695   udiff=  2.7049E+00 (120, 14)   vdiff=  2.6622E+00 (120, 14)
n=  4696   udiff=  2.7001E+00 (120, 14)   vdiff=  2.6805E+00 (120, 14)
n=  4697   udiff=  2.6948E+00 (120, 14)   vdiff=  2.6983E+00 (120, 14)
n=  4698   udiff=  2.6892E+00 (120, 14)   vdiff=  2.7158E+00 (120, 14)
n=  4699   udiff=  2.6833E+00 (120, 14)   vdiff=  2.7327E+00 (120, 14)
n=  4700   udiff=  2.6771E+00 (120, 14)   vdiff=  2.7492E+00 (120, 14)
n=  4701   udiff=  2.6705E+00 (120, 14)   vdiff=  2.7653E+00 (120, 14)
n=  4702   udiff=  2.6636E+00 (120, 14)   vdiff=  2.7809E+00 (120, 14)
n=  4703   udiff=  2.6564E+00 (120, 14)   vdiff=  2.7961E+00 (120, 14)
n=  4704   udiff=  2.6489E+00 (120, 14)   vdiff=  2.8108E+00 (120, 14)
n=  4705   udiff=  2.6411E+00 (120, 14)   vdiff=  2.8251E+00 (120, 14)
n=  4706   udiff=  2.6330E+00 (120, 14)   vdiff=  2.8390E+00 (120, 14)
n=  4707   udiff=  2.6245E+00 (120, 14)   vdiff=  2.8524E+00 (120, 14)
n=  4708   udiff=  2.6158E+00 (120, 14)   vdiff=  2.8654E+00 (120, 14)
n=  4709   udiff=  2.6068E+00 (120, 14)   vdiff=  2.8780E+00 (120, 14)
n=  4710   udiff=  2.5974E+00 (120, 14)   vdiff=  2.8901E+00 (120, 14)
n=  4711   udiff=  2.5878E+00 (120, 14)   vdiff=  2.9018E+00 (120, 14)
n=  4712   udiff=  2.5779E+00 (120, 14)   vdiff=  2.9130E+00 (120, 14)
n=  4713   udiff=  2.5677E+00 (120, 14)   vdiff=  2.9239E+00 (120, 14)
n=  4714   udiff=  2.5573E+00 (120, 14)   vdiff=  2.9343E+00 (120, 14)
n=  4715   udiff=  2.5465E+00 (120, 14)   vdiff=  2.9443E+00 (120, 14)
n=  4716   udiff=  2.5355E+00 (120, 14)   vdiff=  2.9539E+00 (120, 14)
n=  4717   udiff=  2.5242E+00 (120, 14)   vdiff=  2.9630E+00 (120, 14)
n=  4718   udiff=  2.5126E+00 (120, 14)   vdiff=  2.9718E+00 (120, 14)
n=  4719   udiff=  2.5008E+00 (120, 14)   vdiff=  2.9801E+00 (120, 14)
n=  4720   udiff=  2.4888E+00 (120, 14)   vdiff=  2.9881E+00 (120, 14)
n=  4721   udiff=  2.4764E+00 (120, 14)   vdiff=  2.9956E+00 (120, 14)
n=  4722   udiff=  2.4638E+00 (120, 14)   vdiff=  3.0027E+00 (120, 14)
n=  4723   udiff=  2.4510E+00 (120, 14)   vdiff=  3.0095E+00 (120, 14)
n=  4724   udiff=  2.4379E+00 (120, 14)   vdiff=  3.0158E+00 (120, 14)
n=  4725   udiff=  2.4246E+00 (120, 14)   vdiff=  3.0218E+00 (120, 14)
n=  4726   udiff=  2.4111E+00 (120, 14)   vdiff=  3.0273E+00 (120, 14)
n=  4727   udiff=  2.3973E+00 (120, 14)   vdiff=  3.0325E+00 (120, 14)
n=  4728   udiff=  2.3832E+00 (120, 14)   vdiff=  3.0373E+00 (120, 14)
n=  4729   udiff=  2.3690E+00 (120, 14)   vdiff=  3.0417E+00 (120, 14)
n=  4730   udiff=  2.3545E+00 (120, 14)   vdiff=  3.0457E+00 (120, 14)
n=  4731   udiff=  2.3398E+00 (120, 14)   vdiff=  3.0493E+00 (120, 14)
n=  4732   udiff=  2.3249E+00 (120, 14)   vdiff=  3.0526E+00 (120, 14)
n=  4733   udiff=  2.3098E+00 (120, 14)   vdiff=  3.0555E+00 (120, 14)
n=  4734   udiff=  2.2945E+00 (120, 14)   vdiff=  3.0581E+00 (120, 14)
n=  4735   udiff=  2.2790E+00 (120, 14)   vdiff=  3.0603E+00 (120, 14)
n=  4736   udiff=  2.2632E+00 (120, 14)   vdiff=  3.0621E+00 (120, 14)
n=  4737   udiff=  2.2473E+00 (120, 14)   vdiff=  3.0635E+00 (120, 14)
n=  4738   udiff=  2.2312E+00 (120, 14)   vdiff=  3.0647E+00 (120, 14)
n=  4739   udiff=  2.2149E+00 (120, 14)   vdiff=  3.0654E+00 (120, 14)
n=  4740   udiff=  2.1984E+00 (120, 14)   vdiff=  3.0658E+00 (120, 14)
n=  4741   udiff=  2.1817E+00 (120, 14)   vdiff=  3.0659E+00 (120, 14)
n=  4742   udiff=  2.1648E+00 (120, 14)   vdiff=  3.0657E+00 (120, 14)
n=  4743   udiff=  2.1478E+00 (120, 14)   vdiff=  3.0650E+00 (120, 14)
n=  4744   udiff=  2.1306E+00 (120, 14)   vdiff=  3.0641E+00 (120, 14)
n=  4745   udiff=  2.1132E+00 (120, 14)   vdiff=  3.0629E+00 (120, 14)
n=  4746   udiff=  2.0957E+00 (120, 14)   vdiff=  3.0613E+00 (120, 14)
n=  4747   udiff=  2.0780E+00 (120, 14)   vdiff=  3.0594E+00 (120, 14)
n=  4748   udiff=  2.0601E+00 (120, 14)   vdiff=  3.0571E+00 (120, 14)
n=  4749   udiff=  2.0421E+00 (120, 14)   vdiff=  3.0546E+00 (120, 14)
n=  4750   udiff=  2.0240E+00 (120, 14)   vdiff=  3.0517E+00 (120, 14)
n=  4751   udiff=  2.0056E+00 (120, 14)   vdiff=  3.0485E+00 (120, 14)
n=  4752   udiff=  1.9872E+00 (120, 14)   vdiff=  3.0451E+00 (120, 14)
n=  4753   udiff=  1.9686E+00 (120, 14)   vdiff=  3.0413E+00 (120, 14)
n=  4754   udiff=  1.9499E+00 (120, 14)   vdiff=  3.0372E+00 (120, 14)
n=  4755   udiff=  1.9310E+00 (120, 14)   vdiff=  3.0328E+00 (120, 14)
n=  4756   udiff=  1.9120E+00 (120, 14)   vdiff=  3.0281E+00 (120, 14)
n=  4757   udiff=  1.8929E+00 (120, 14)   vdiff=  3.0231E+00 (120, 14)
n=  4758   udiff=  1.8736E+00 (120, 14)   vdiff=  3.0179E+00 (120, 14)
n=  4759   udiff=  1.8543E+00 (120, 14)   vdiff=  3.0123E+00 (120, 14)
n=  4760   udiff=  1.8348E+00 (120, 14)   vdiff=  3.0065E+00 (120, 14)
n=  4761   udiff=  1.8152E+00 (120, 14)   vdiff=  3.0004E+00 (120, 14)
n=  4762   udiff=  1.7955E+00 (120, 14)   vdiff=  2.9940E+00 (120, 14)
n=  4763   udiff=  1.7757E+00 (120, 14)   vdiff=  2.9873E+00 (120, 14)
n=  4764   udiff=  1.7558E+00 (120, 14)   vdiff=  2.9804E+00 (120, 14)
n=  4765   udiff=  1.7357E+00 (120, 14)   vdiff=  2.9732E+00 (120, 14)
n=  4766   udiff=  1.7156E+00 (120, 14)   vdiff=  2.9658E+00 (120, 14)
n=  4767   udiff=  1.6954E+00 (120, 14)   vdiff=  2.9581E+00 (120, 14)
n=  4768   udiff=  1.6750E+00 (120, 14)   vdiff=  2.9502E+00 (120, 14)
n=  4769   udiff=  1.6546E+00 (120, 14)   vdiff=  2.9420E+00 (120, 14)
n=  4770   udiff=  1.6341E+00 (120, 14)   vdiff=  2.9335E+00 (120, 14)
n=  4771   udiff=  1.6135E+00 (120, 14)   vdiff=  2.9248E+00 (120, 14)
n=  4772   udiff=  1.5929E+00 (120, 14)   vdiff=  2.9159E+00 (120, 14)
n=  4773   udiff=  1.5721E+00 (120, 14)   vdiff=  2.9067E+00 (120, 14)
n=  4774   udiff=  1.5513E+00 (120, 14)   vdiff=  2.8973E+00 (120, 14)
n=  4775   udiff=  1.5304E+00 (120, 14)   vdiff=  2.8877E+00 (120, 14)
n=  4776   udiff=  1.5095E+00 (120, 14)   vdiff=  2.8778E+00 (120, 14)
n=  4777   udiff=  1.4885E+00 (120, 14)   vdiff=  2.8677E+00 (120, 14)
n=  4778   udiff=  1.4674E+00 (120, 14)   vdiff=  2.8573E+00 (120, 14)
n=  4779   udiff=  1.4463E+00 (120, 14)   vdiff=  2.8467E+00 (120, 14)
n=  4780   udiff=  1.4251E+00 (120, 14)   vdiff=  2.8360E+00 (120, 14)
n=  4781   udiff=  1.4210E+00 (120, 15)   vdiff=  2.8249E+00 (120, 14)
n=  4782   udiff=  1.4311E+00 (120, 15)   vdiff=  2.8137E+00 (120, 14)
n=  4783   udiff=  1.4410E+00 (120, 15)   vdiff=  2.8023E+00 (120, 14)
n=  4784   udiff=  1.4507E+00 (120, 15)   vdiff=  2.7906E+00 (120, 14)
n=  4785   udiff=  1.4602E+00 (120, 15)   vdiff=  2.7788E+00 (120, 14)
n=  4786   udiff=  1.4693E+00 (120, 15)   vdiff=  2.7667E+00 (120, 14)
n=  4787   udiff=  1.4780E+00 (120, 15)   vdiff=  2.7543E+00 (120, 14)
n=  4788   udiff=  1.4866E+00 (120, 15)   vdiff=  2.7418E+00 (120, 14)
n=  4789   udiff=  1.4951E+00 (120, 15)   vdiff=  2.7291E+00 (120, 14)
n=  4790   udiff=  1.5034E+00 (120, 15)   vdiff=  2.7162E+00 (120, 14)
n=  4791   udiff=  1.5115E+00 (120, 15)   vdiff=  2.7031E+00 (120, 14)
n=  4792   udiff=  1.5194E+00 (120, 15)   vdiff=  2.6898E+00 (120, 14)
n=  4793   udiff=  1.5272E+00 (120, 15)   vdiff=  2.6763E+00 (120, 14)
n=  4794   udiff=  1.5348E+00 (120, 15)   vdiff=  2.6626E+00 (120, 14)
n=  4795   udiff=  1.5422E+00 (120, 15)   vdiff=  2.6488E+00 (120, 14)
n=  4796   udiff=  1.5495E+00 (120, 15)   vdiff=  2.6348E+00 (120, 14)
n=  4797   udiff=  1.5566E+00 (120, 15)   vdiff=  2.6206E+00 (120, 14)
n=  4798   udiff=  1.5635E+00 (120, 15)   vdiff=  2.6062E+00 (120, 14)
n=  4799   udiff=  1.5702E+00 (120, 15)   vdiff=  2.5917E+00 (120, 14)
n=  4800   udiff=  1.5768E+00 (120, 15)   vdiff=  2.5769E+00 (120, 14)
n=  4801   udiff=  1.5832E+00 (120, 15)   vdiff=  2.5621E+00 (120, 14)
n=  4802   udiff=  1.5895E+00 (120, 15)   vdiff=  2.5470E+00 (120, 14)
n=  4803   udiff=  1.5955E+00 (120, 15)   vdiff=  2.5318E+00 (120, 14)
n=  4804   udiff=  1.6014E+00 (120, 15)   vdiff=  2.5164E+00 (120, 14)
n=  4805   udiff=  1.6072E+00 (120, 15)   vdiff=  2.5009E+00 (120, 14)
n=  4806   udiff=  1.6127E+00 (120, 15)   vdiff=  2.4852E+00 (120, 14)
n=  4807   udiff=  1.6181E+00 (120, 15)   vdiff=  2.4694E+00 (120, 14)
n=  4808   udiff=  1.6233E+00 (120, 15)   vdiff=  2.4534E+00 (120, 14)
n=  4809   udiff=  1.6284E+00 (120, 15)   vdiff=  2.4373E+00 (120, 14)
n=  4810   udiff=  1.6332E+00 (120, 15)   vdiff=  2.4211E+00 (120, 14)
n=  4811   udiff=  1.6379E+00 (120, 15)   vdiff=  2.4047E+00 (120, 14)
n=  4812   udiff=  1.6425E+00 (120, 15)   vdiff=  2.3881E+00 (120, 14)
n=  4813   udiff=  1.6468E+00 (120, 15)   vdiff=  2.3714E+00 (120, 14)
n=  4814   udiff=  1.6510E+00 (120, 15)   vdiff=  2.3546E+00 (120, 14)
n=  4815   udiff=  1.6550E+00 (120, 15)   vdiff=  2.3376E+00 (120, 14)
n=  4816   udiff=  1.6589E+00 (120, 15)   vdiff=  2.3205E+00 (120, 14)
n=  4817   udiff=  1.6625E+00 (120, 15)   vdiff=  2.3033E+00 (120, 14)
n=  4818   udiff=  1.6660E+00 (120, 15)   vdiff=  2.2860E+00 (120, 14)
n=  4819   udiff=  1.6694E+00 (120, 15)   vdiff=  2.2685E+00 (120, 14)
n=  4820   udiff=  1.6725E+00 (120, 15)   vdiff=  2.2509E+00 (120, 14)
n=  4821   udiff=  1.6755E+00 (120, 15)   vdiff=  2.2332E+00 (120, 14)
n=  4822   udiff=  1.6783E+00 (120, 15)   vdiff=  2.2153E+00 (120, 14)
n=  4823   udiff=  1.6810E+00 (120, 15)   vdiff=  2.1974E+00 (120, 14)
n=  4824   udiff=  1.6834E+00 (120, 15)   vdiff=  2.1793E+00 (120, 14)
n=  4825   udiff=  1.6857E+00 (120, 15)   vdiff=  2.1611E+00 (120, 14)
n=  4826   udiff=  1.6879E+00 (120, 15)   vdiff=  2.1428E+00 (120, 14)
n=  4827   udiff=  1.6898E+00 (120, 15)   vdiff=  2.1244E+00 (120, 14)
n=  4828   udiff=  1.6916E+00 (120, 15)   vdiff=  2.1059E+00 (120, 14)
n=  4829   udiff=  1.6932E+00 (120, 15)   vdiff=  2.0873E+00 (120, 14)
n=  4830   udiff=  1.6947E+00 (120, 15)   vdiff=  2.0686E+00 (120, 14)
n=  4831   udiff=  1.6960E+00 (120, 15)   vdiff=  2.0499E+00 (120, 14)
n=  4832   udiff=  1.6971E+00 (120, 15)   vdiff=  2.0310E+00 (120, 14)
n=  4833   udiff=  1.6980E+00 (120, 15)   vdiff=  2.0120E+00 (120, 14)
n=  4834   udiff=  1.6988E+00 (120, 15)   vdiff=  1.9929E+00 (120, 14)
n=  4835   udiff=  1.6993E+00 (120, 15)   vdiff=  1.9737E+00 (120, 14)
n=  4836   udiff=  1.6998E+00 (120, 15)   vdiff=  1.9545E+00 (120, 14)
n=  4837   udiff=  1.7000E+00 (120, 15)   vdiff=  1.9352E+00 (120, 14)
n=  4838   udiff=  1.7001E+00 (120, 15)   vdiff=  1.9157E+00 (120, 14)
n=  4839   udiff=  1.7000E+00 (120, 15)   vdiff=  1.8962E+00 (120, 14)
n=  4840   udiff=  1.6997E+00 (120, 15)   vdiff=  1.8767E+00 (120, 14)
n=  4841   udiff=  1.6993E+00 (120, 15)   vdiff=  1.8570E+00 (120, 14)
n=  4842   udiff=  1.6987E+00 (120, 15)   vdiff=  1.8373E+00 (120, 14)
n=  4843   udiff=  1.6979E+00 (120, 15)   vdiff=  1.8175E+00 (120, 14)
n=  4844   udiff=  1.6970E+00 (120, 15)   vdiff=  1.7977E+00 (120, 14)
n=  4845   udiff=  1.6959E+00 (120, 15)   vdiff=  1.7778E+00 (120, 14)
n=  4846   udiff=  1.6946E+00 (120, 15)   vdiff=  1.7578E+00 (120, 14)
n=  4847   udiff=  1.6932E+00 (120, 15)   vdiff=  1.7378E+00 (120, 14)
n=  4848   udiff=  1.6916E+00 (120, 15)   vdiff=  1.7177E+00 (120, 14)
n=  4849   udiff=  1.6898E+00 (120, 15)   vdiff=  1.6975E+00 (120, 14)
n=  4850   udiff=  1.6879E+00 (120, 15)   vdiff=  1.6879E+00 (120, 15)
n=  4851   udiff=  1.6858E+00 (120, 15)   vdiff=  1.6858E+00 (120, 15)
n=  4852   udiff=  1.6835E+00 (120, 15)   vdiff=  1.6835E+00 (120, 15)
n=  4853   udiff=  1.6811E+00 (120, 15)   vdiff=  1.6811E+00 (120, 15)
n=  4854   udiff=  1.6785E+00 (120, 15)   vdiff=  1.6785E+00 (120, 15)
n=  4855   udiff=  1.6758E+00 (120, 15)   vdiff=  1.6758E+00 (120, 15)
n=  4856   udiff=  1.6728E+00 (120, 15)   vdiff=  1.6728E+00 (120, 15)
n=  4857   udiff=  1.6698E+00 (120, 15)   vdiff=  1.6698E+00 (120, 15)
n=  4858   udiff=  1.6665E+00 (120, 15)   vdiff=  1.6665E+00 (120, 15)
n=  4859   udiff=  1.6631E+00 (120, 15)   vdiff=  1.6631E+00 (120, 15)
n=  4860   udiff=  1.6596E+00 (120, 15)   vdiff=  1.6596E+00 (120, 15)
n=  4861   udiff=  1.6559E+00 (120, 15)   vdiff=  1.6559E+00 (120, 15)
n=  4862   udiff=  1.6520E+00 (120, 15)   vdiff=  1.6520E+00 (120, 15)
n=  4863   udiff=  1.6480E+00 (120, 15)   vdiff=  1.6480E+00 (120, 15)
n=  4864   udiff=  1.6438E+00 (120, 15)   vdiff=  1.6438E+00 (120, 15)
n=  4865   udiff=  1.6394E+00 (120, 15)   vdiff=  1.6394E+00 (120, 15)
n=  4866   udiff=  1.6350E+00 (120, 15)   vdiff=  1.6350E+00 (120, 15)
n=  4867   udiff=  1.6303E+00 (120, 15)   vdiff=  1.6303E+00 (120, 15)
n=  4868   udiff=  1.6255E+00 (120, 15)   vdiff=  1.6255E+00 (120, 15)
n=  4869   udiff=  1.6205E+00 (120, 15)   vdiff=  1.6205E+00 (120, 15)
n=  4870   udiff=  1.6154E+00 (120, 15)   vdiff=  1.6154E+00 (120, 15)
n=  4871   udiff=  1.6102E+00 (120, 15)   vdiff=  1.6102E+00 (120, 15)
n=  4872   udiff=  1.6048E+00 (120, 15)   vdiff=  1.6048E+00 (120, 15)
n=  4873   udiff=  1.5992E+00 (120, 15)   vdiff=  1.5992E+00 (120, 15)
n=  4874   udiff=  1.5935E+00 (120, 15)   vdiff=  1.5935E+00 (120, 15)
n=  4875   udiff=  1.5877E+00 (120, 15)   vdiff=  1.5877E+00 (120, 15)
n=  4876   udiff=  1.5817E+00 (120, 15)   vdiff=  1.5817E+00 (120, 15)
n=  4877   udiff=  1.5756E+00 (120, 15)   vdiff=  1.5756E+00 (120, 15)
n=  4878   udiff=  1.5693E+00 (120, 15)   vdiff=  1.5693E+00 (120, 15)
n=  4879   udiff=  1.5629E+00 (120, 15)   vdiff=  1.5629E+00 (120, 15)
n=  4880   udiff=  1.5563E+00 (120, 15)   vdiff=  1.5563E+00 (120, 15)
n=  4881   udiff=  1.5496E+00 (120, 15)   vdiff=  1.5496E+00 (120, 15)
n=  4882   udiff=  1.5428E+00 (120, 15)   vdiff=  1.5428E+00 (120, 15)
n=  4883   udiff=  1.5358E+00 (120, 15)   vdiff=  1.5358E+00 (120, 15)
n=  4884   udiff=  1.5287E+00 (120, 15)   vdiff=  1.5287E+00 (120, 15)
n=  4885   udiff=  1.5215E+00 (120, 15)   vdiff=  1.5215E+00 (120, 15)
n=  4886   udiff=  1.5142E+00 (120, 15)   vdiff=  1.5142E+00 (120, 15)
n=  4887   udiff=  1.5067E+00 (120, 15)   vdiff=  1.5067E+00 (120, 15)
n=  4888   udiff=  1.4990E+00 (120, 15)   vdiff=  1.4990E+00 (120, 15)
n=  4889   udiff=  1.4913E+00 (120, 15)   vdiff=  1.4913E+00 (120, 15)
n=  4890   udiff=  1.4834E+00 (120, 15)   vdiff=  1.4834E+00 (120, 15)
n=  4891   udiff=  1.4750E+00 (120, 15)   vdiff=  1.4750E+00 (120, 15)
n=  4892   udiff=  1.4664E+00 (120, 15)   vdiff=  1.4664E+00 (120, 15)
n=  4893   udiff=  1.4577E+00 (120, 15)   vdiff=  1.4577E+00 (120, 15)
n=  4894   udiff=  1.4489E+00 (120, 15)   vdiff=  1.4489E+00 (120, 15)
n=  4895   udiff=  1.4400E+00 (120, 15)   vdiff=  1.4400E+00 (120, 15)
n=  4896   udiff=  1.4309E+00 (120, 15)   vdiff=  1.4309E+00 (120, 15)
n=  4897   udiff=  1.4217E+00 (120, 15)   vdiff=  1.4217E+00 (120, 15)
n=  4898   udiff=  1.4124E+00 (120, 15)   vdiff=  1.4124E+00 (120, 15)
n=  4899   udiff=  1.4030E+00 (120, 15)   vdiff=  1.4030E+00 (120, 15)
n=  4900   udiff=  1.3935E+00 (120, 15)   vdiff=  1.3935E+00 (120, 15)
n=  4901   udiff=  1.3839E+00 (120, 15)   vdiff=  1.3839E+00 (120, 15)
n=  4902   udiff=  1.3741E+00 (120, 15)   vdiff=  1.3741E+00 (120, 15)
n=  4903   udiff=  1.3643E+00 (120, 15)   vdiff=  1.3643E+00 (120, 15)
n=  4904   udiff=  1.3543E+00 (120, 15)   vdiff=  1.3543E+00 (120, 15)
n=  4905   udiff=  1.3442E+00 (120, 15)   vdiff=  1.3442E+00 (120, 15)
n=  4906   udiff=  1.3341E+00 (120, 15)   vdiff=  1.3341E+00 (120, 15)
n=  4907   udiff=  1.3238E+00 (120, 15)   vdiff=  1.3238E+00 (120, 15)
n=  4908   udiff=  1.3135E+00 (120, 15)   vdiff=  1.3135E+00 (120, 15)
n=  4909   udiff=  1.3030E+00 (120, 15)   vdiff=  1.3030E+00 (120, 15)
n=  4910   udiff=  1.2925E+00 (120, 15)   vdiff=  1.2925E+00 (120, 15)
n=  4911   udiff=  1.2818E+00 (120, 15)   vdiff=  1.2818E+00 (120, 15)
n=  4912   udiff=  1.2711E+00 (120, 15)   vdiff=  1.2711E+00 (120, 15)
n=  4913   udiff=  1.2603E+00 (120, 15)   vdiff=  1.2603E+00 (120, 15)
n=  4914   udiff=  1.2494E+00 (120, 15)   vdiff=  1.2494E+00 (120, 15)
n=  4915   udiff=  1.2384E+00 (120, 15)   vdiff=  1.2384E+00 (120, 15)
n=  4916   udiff=  1.2274E+00 (120, 15)   vdiff=  1.2274E+00 (120, 15)
n=  4917   udiff=  1.2162E+00 (120, 15)   vdiff=  1.2162E+00 (120, 15)
n=  4918   udiff=  1.2050E+00 (120, 15)   vdiff=  1.2050E+00 (120, 15)
n=  4919   udiff=  1.1937E+00 (120, 15)   vdiff=  1.1937E+00 (120, 15)
n=  4920   udiff=  1.1823E+00 (120, 15)   vdiff=  1.1823E+00 (120, 15)
n=  4921   udiff=  1.1709E+00 (120, 15)   vdiff=  1.1709E+00 (120, 15)
n=  4922   udiff=  1.1594E+00 (120, 15)   vdiff=  1.1594E+00 (120, 15)
n=  4923   udiff=  1.1478E+00 (120, 15)   vdiff=  1.1478E+00 (120, 15)
n=  4924   udiff=  1.1362E+00 (120, 15)   vdiff=  1.1362E+00 (120, 15)
n=  4925   udiff=  1.1244E+00 (120, 15)   vdiff=  1.1244E+00 (120, 15)
n=  4926   udiff=  1.1127E+00 (120, 15)   vdiff=  1.1127E+00 (120, 15)
n=  4927   udiff=  1.1008E+00 (120, 15)   vdiff=  1.1008E+00 (120, 15)
n=  4928   udiff=  1.0889E+00 (120, 15)   vdiff=  1.0889E+00 (120, 15)
n=  4929   udiff=  1.0770E+00 (120, 15)   vdiff=  1.0770E+00 (120, 15)
n=  4930   udiff=  1.0649E+00 (120, 15)   vdiff=  1.0649E+00 (120, 15)
n=  4931   udiff=  1.0529E+00 (120, 15)   vdiff=  1.0529E+00 (120, 15)
n=  4932   udiff=  1.0407E+00 (120, 15)   vdiff=  1.0407E+00 (120, 15)
n=  4933   udiff=  1.0286E+00 (120, 15)   vdiff=  1.0286E+00 (120, 15)
n=  4934   udiff=  1.0163E+00 (120, 15)   vdiff=  1.0163E+00 (120, 15)
n=  4935   udiff=  1.0199E+00 (120, 14)   vdiff=  1.0041E+00 (120, 15)
n=  4936   udiff=  1.0246E+00 (120, 14)   vdiff=  9.9175E-01 (120, 15)
n=  4937   udiff=  1.0291E+00 (120, 14)   vdiff=  9.7939E-01 (120, 15)
n=  4938   udiff=  1.0335E+00 (120, 14)   vdiff=  9.6699E-01 (120, 15)
n=  4939   udiff=  1.0377E+00 (120, 14)   vdiff=  9.5455E-01 (120, 15)
n=  4940   udiff=  1.0418E+00 (120, 14)   vdiff=  9.4207E-01 (120, 15)
n=  4941   udiff=  1.0457E+00 (120, 14)   vdiff=  9.2956E-01 (120, 15)
n=  4942   udiff=  1.0495E+00 (120, 14)   vdiff=  9.1701E-01 (120, 15)
n=  4943   udiff=  1.0531E+00 (120, 14)   vdiff=  9.0806E-01 (119, 15)
n=  4944   udiff=  1.0565E+00 (120, 14)   vdiff=  9.0225E-01 (119, 15)
n=  4945   udiff=  1.0598E+00 (120, 14)   vdiff=  8.9640E-01 (119, 15)
n=  4946   udiff=  1.0629E+00 (120, 14)   vdiff=  8.9050E-01 (119, 15)
n=  4947   udiff=  1.0659E+00 (120, 14)   vdiff=  8.8456E-01 (119, 15)
n=  4948   udiff=  1.0687E+00 (120, 14)   vdiff=  8.7857E-01 (119, 15)
n=  4949   udiff=  1.0714E+00 (120, 14)   vdiff=  8.7254E-01 (119, 15)
n=  4950   udiff=  1.0739E+00 (120, 14)   vdiff=  8.6647E-01 (119, 15)
n=  4951   udiff=  1.0763E+00 (120, 14)   vdiff=  8.6036E-01 (119, 15)
n=  4952   udiff=  1.0785E+00 (120, 14)   vdiff=  8.5421E-01 (119, 15)
n=  4953   udiff=  1.0806E+00 (120, 14)   vdiff=  8.4803E-01 (119, 15)
n=  4954   udiff=  1.0825E+00 (120, 14)   vdiff=  8.4181E-01 (119, 15)
n=  4955   udiff=  1.0843E+00 (120, 14)   vdiff=  8.3556E-01 (119, 15)
n=  4956   udiff=  1.0859E+00 (120, 14)   vdiff=  8.2927E-01 (119, 15)
n=  4957   udiff=  1.0874E+00 (120, 14)   vdiff=  8.2296E-01 (119, 15)
n=  4958   udiff=  1.0887E+00 (120, 14)   vdiff=  8.1661E-01 (119, 15)
n=  4959   udiff=  1.0899E+00 (120, 14)   vdiff=  8.1024E-01 (119, 15)
n=  4960   udiff=  1.0910E+00 (120, 14)   vdiff=  8.0384E-01 (119, 15)
n=  4961   udiff=  1.0919E+00 (120, 14)   vdiff=  7.9742E-01 (119, 15)
n=  4962   udiff=  1.0927E+00 (120, 14)   vdiff=  7.9097E-01 (119, 15)
n=  4963   udiff=  1.0934E+00 (120, 14)   vdiff=  7.8449E-01 (119, 15)
n=  4964   udiff=  1.0939E+00 (120, 14)   vdiff=  7.7800E-01 (119, 15)
n=  4965   udiff=  1.0943E+00 (120, 14)   vdiff=  7.7149E-01 (119, 15)
n=  4966   udiff=  1.0945E+00 (120, 14)   vdiff=  7.6496E-01 (119, 15)
n=  4967   udiff=  1.0946E+00 (120, 14)   vdiff=  7.5841E-01 (119, 15)
n=  4968   udiff=  1.0946E+00 (120, 14)   vdiff=  7.5184E-01 (119, 15)
n=  4969   udiff=  1.0944E+00 (120, 14)   vdiff=  7.4525E-01 (119, 15)
n=  4970   udiff=  1.0941E+00 (120, 14)   vdiff=  7.3866E-01 (119, 15)
n=  4971   udiff=  1.0937E+00 (120, 14)   vdiff=  7.3204E-01 (119, 15)
n=  4972   udiff=  1.0932E+00 (120, 14)   vdiff=  7.2542E-01 (119, 15)
n=  4973   udiff=  1.0925E+00 (120, 14)   vdiff=  7.1879E-01 (119, 15)
n=  4974   udiff=  1.0917E+00 (120, 14)   vdiff=  7.1215E-01 (119, 15)
n=  4975   udiff=  1.0908E+00 (120, 14)   vdiff=  7.0550E-01 (119, 15)
n=  4976   udiff=  1.0897E+00 (120, 14)   vdiff=  6.9885E-01 (119, 15)
n=  4977   udiff=  1.0886E+00 (120, 14)   vdiff=  6.9219E-01 (119, 15)
n=  4978   udiff=  1.0873E+00 (120, 14)   vdiff=  6.8552E-01 (119, 15)
n=  4979   udiff=  1.0859E+00 (120, 14)   vdiff=  6.7885E-01 (119, 15)
n=  4980   udiff=  1.0844E+00 (120, 14)   vdiff=  6.7218E-01 (119, 15)
n=  4981   udiff=  1.0827E+00 (120, 14)   vdiff=  6.6550E-01 (119, 15)
n=  4982   udiff=  1.0810E+00 (120, 14)   vdiff=  6.7323E-01 (120, 14)
n=  4983   udiff=  1.0791E+00 (120, 14)   vdiff=  6.8382E-01 (120, 14)
n=  4984   udiff=  1.0771E+00 (120, 14)   vdiff=  6.9426E-01 (120, 14)
n=  4985   udiff=  1.0750E+00 (120, 14)   vdiff=  7.0455E-01 (120, 14)
n=  4986   udiff=  1.0729E+00 (120, 14)   vdiff=  7.1470E-01 (120, 14)
n=  4987   udiff=  1.0705E+00 (120, 14)   vdiff=  7.2470E-01 (120, 14)
n=  4988   udiff=  1.0681E+00 (120, 14)   vdiff=  7.3455E-01 (120, 14)
n=  4989   udiff=  1.0656E+00 (120, 14)   vdiff=  7.4426E-01 (120, 14)
n=  4990   udiff=  1.0630E+00 (120, 14)   vdiff=  7.5382E-01 (120, 14)
n=  4991   udiff=  1.0603E+00 (120, 14)   vdiff=  7.6323E-01 (120, 14)
n=  4992   udiff=  1.0574E+00 (120, 14)   vdiff=  7.7250E-01 (120, 14)
n=  4993   udiff=  1.0545E+00 (120, 14)   vdiff=  7.8162E-01 (120, 14)
n=  4994   udiff=  1.0515E+00 (120, 14)   vdiff=  7.9060E-01 (120, 14)
n=  4995   udiff=  1.0483E+00 (120, 14)   vdiff=  7.9943E-01 (120, 14)
n=  4996   udiff=  1.0451E+00 (120, 14)   vdiff=  8.0812E-01 (120, 14)
n=  4997   udiff=  1.0418E+00 (120, 14)   vdiff=  8.1666E-01 (120, 14)
n=  4998   udiff=  1.0384E+00 (120, 14)   vdiff=  8.2506E-01 (120, 14)
n=  4999   udiff=  1.0349E+00 (120, 14)   vdiff=  8.3332E-01 (120, 14)
n=  5000   udiff=  1.0313E+00 (120, 14)   vdiff=  8.4143E-01 (120, 14)
n=  5001   udiff=  1.0276E+00 (120, 14)   vdiff=  8.4939E-01 (120, 14)
n=  5002   udiff=  1.0239E+00 (120, 14)   vdiff=  8.5722E-01 (120, 14)
n=  5003   udiff=  1.0200E+00 (120, 14)   vdiff=  8.6490E-01 (120, 14)
n=  5004   udiff=  1.0161E+00 (120, 14)   vdiff=  8.7244E-01 (120, 14)
n=  5005   udiff=  1.0120E+00 (120, 14)   vdiff=  8.7984E-01 (120, 14)
n=  5006   udiff=  1.0079E+00 (120, 14)   vdiff=  8.8710E-01 (120, 14)
n=  5007   udiff=  1.0037E+00 (120, 14)   vdiff=  8.9421E-01 (120, 14)
n=  5008   udiff=  9.9946E-01 (120, 14)   vdiff=  9.0119E-01 (120, 14)
n=  5009   udiff=  9.9511E-01 (120, 14)   vdiff=  9.0802E-01 (120, 14)
n=  5010   udiff=  9.9069E-01 (120, 14)   vdiff=  9.1472E-01 (120, 14)
n=  5011   udiff=  9.8619E-01 (120, 14)   vdiff=  9.2128E-01 (120, 14)
n=  5012   udiff=  9.8161E-01 (120, 14)   vdiff=  9.2770E-01 (120, 14)
n=  5013   udiff=  9.7696E-01 (120, 14)   vdiff=  9.3398E-01 (120, 14)
n=  5014   udiff=  9.7224E-01 (120, 14)   vdiff=  9.4012E-01 (120, 14)
n=  5015   udiff=  9.6745E-01 (120, 14)   vdiff=  9.4613E-01 (120, 14)
n=  5016   udiff=  9.6259E-01 (120, 14)   vdiff=  9.5200E-01 (120, 14)
n=  5017   udiff=  9.5766E-01 (120, 14)   vdiff=  9.5774E-01 (120, 14)
n=  5018   udiff=  9.5267E-01 (120, 14)   vdiff=  9.6334E-01 (120, 14)
n=  5019   udiff=  9.4761E-01 (120, 14)   vdiff=  9.6881E-01 (120, 14)
n=  5020   udiff=  9.4249E-01 (120, 14)   vdiff=  9.7414E-01 (120, 14)
n=  5021   udiff=  9.3730E-01 (120, 14)   vdiff=  9.7934E-01 (120, 14)
n=  5022   udiff=  9.3205E-01 (120, 14)   vdiff=  9.8441E-01 (120, 14)
n=  5023   udiff=  9.2674E-01 (120, 14)   vdiff=  9.8935E-01 (120, 14)
n=  5024   udiff=  9.2138E-01 (120, 14)   vdiff=  9.9415E-01 (120, 14)
n=  5025   udiff=  9.1595E-01 (120, 14)   vdiff=  9.9883E-01 (120, 14)
n=  5026   udiff=  9.1047E-01 (120, 14)   vdiff=  1.0034E+00 (120, 14)
n=  5027   udiff=  9.0493E-01 (120, 14)   vdiff=  1.0078E+00 (120, 14)
n=  5028   udiff=  8.9934E-01 (120, 14)   vdiff=  1.0121E+00 (120, 14)
n=  5029   udiff=  8.9369E-01 (120, 14)   vdiff=  1.0162E+00 (120, 14)
n=  5030   udiff=  8.8800E-01 (120, 14)   vdiff=  1.0203E+00 (120, 14)
n=  5031   udiff=  8.8225E-01 (120, 14)   vdiff=  1.0242E+00 (120, 14)
n=  5032   udiff=  8.7646E-01 (120, 14)   vdiff=  1.0280E+00 (120, 14)
n=  5033   udiff=  8.7061E-01 (120, 14)   vdiff=  1.0316E+00 (120, 14)
n=  5034   udiff=  8.6472E-01 (120, 14)   vdiff=  1.0352E+00 (120, 14)
n=  5035   udiff=  8.5879E-01 (120, 14)   vdiff=  1.0386E+00 (120, 14)
n=  5036   udiff=  8.5280E-01 (120, 14)   vdiff=  1.0419E+00 (120, 14)
n=  5037   udiff=  8.4678E-01 (120, 14)   vdiff=  1.0450E+00 (120, 14)
n=  5038   udiff=  8.4071E-01 (120, 14)   vdiff=  1.0481E+00 (120, 14)
n=  5039   udiff=  8.3460E-01 (120, 14)   vdiff=  1.0510E+00 (120, 14)
n=  5040   udiff=  8.2845E-01 (120, 14)   vdiff=  1.0538E+00 (120, 14)
n=  5041   udiff=  8.2227E-01 (120, 14)   vdiff=  1.0565E+00 (120, 14)
n=  5042   udiff=  8.1604E-01 (120, 14)   vdiff=  1.0591E+00 (120, 14)
n=  5043   udiff=  8.0978E-01 (120, 14)   vdiff=  1.0615E+00 (120, 14)
n=  5044   udiff=  8.0348E-01 (120, 14)   vdiff=  1.0638E+00 (120, 14)
n=  5045   udiff=  7.9714E-01 (120, 14)   vdiff=  1.0660E+00 (120, 14)
n=  5046   udiff=  7.9078E-01 (120, 14)   vdiff=  1.0681E+00 (120, 14)
n=  5047   udiff=  7.8437E-01 (120, 14)   vdiff=  1.0701E+00 (120, 14)
n=  5048   udiff=  7.7794E-01 (120, 14)   vdiff=  1.0720E+00 (120, 14)
n=  5049   udiff=  7.7148E-01 (120, 14)   vdiff=  1.0737E+00 (120, 14)
n=  5050   udiff=  7.6498E-01 (120, 14)   vdiff=  1.0754E+00 (120, 14)
n=  5051   udiff=  7.5846E-01 (120, 14)   vdiff=  1.0769E+00 (120, 14)
n=  5052   udiff=  7.5191E-01 (120, 14)   vdiff=  1.0783E+00 (120, 14)
n=  5053   udiff=  7.4533E-01 (120, 14)   vdiff=  1.0796E+00 (120, 14)
n=  5054   udiff=  7.3873E-01 (120, 14)   vdiff=  1.0808E+00 (120, 14)
n=  5055   udiff=  7.3210E-01 (120, 14)   vdiff=  1.0819E+00 (120, 14)
n=  5056   udiff=  7.2544E-01 (120, 14)   vdiff=  1.0829E+00 (120, 14)
n=  5057   udiff=  7.1876E-01 (120, 14)   vdiff=  1.0838E+00 (120, 14)
n=  5058   udiff=  7.1206E-01 (120, 14)   vdiff=  1.0845E+00 (120, 14)
n=  5059   udiff=  7.0534E-01 (120, 14)   vdiff=  1.0852E+00 (120, 14)
n=  5060   udiff=  6.9860E-01 (120, 14)   vdiff=  1.0857E+00 (120, 14)
n=  5061   udiff=  6.9183E-01 (120, 14)   vdiff=  1.0862E+00 (120, 14)
n=  5062   udiff=  6.8505E-01 (120, 14)   vdiff=  1.0865E+00 (120, 14)
n=  5063   udiff=  6.7825E-01 (120, 14)   vdiff=  1.0868E+00 (120, 14)
n=  5064   udiff=  6.7142E-01 (120, 14)   vdiff=  1.0869E+00 (120, 14)
n=  5065   udiff=  6.6459E-01 (120, 14)   vdiff=  1.0869E+00 (120, 14)
n=  5066   udiff=  6.5773E-01 (120, 14)   vdiff=  1.0868E+00 (120, 14)
n=  5067   udiff=  6.5087E-01 (120, 14)   vdiff=  1.0867E+00 (120, 14)
n=  5068   udiff=  6.4398E-01 (120, 14)   vdiff=  1.0864E+00 (120, 14)
n=  5069   udiff=  6.3708E-01 (120, 14)   vdiff=  1.0860E+00 (120, 14)
n=  5070   udiff=  6.3017E-01 (120, 14)   vdiff=  1.0856E+00 (120, 14)
n=  5071   udiff=  6.2325E-01 (120, 14)   vdiff=  1.0850E+00 (120, 14)
n=  5072   udiff=  6.1631E-01 (120, 14)   vdiff=  1.0843E+00 (120, 14)
n=  5073   udiff=  6.0937E-01 (120, 14)   vdiff=  1.0835E+00 (120, 14)
n=  5074   udiff=  6.0241E-01 (120, 14)   vdiff=  1.0827E+00 (120, 14)
n=  5075   udiff=  5.9544E-01 (120, 14)   vdiff=  1.0817E+00 (120, 14)
n=  5076   udiff=  5.8847E-01 (120, 14)   vdiff=  1.0807E+00 (120, 14)
n=  5077   udiff=  5.8516E-01 (119, 15)   vdiff=  1.0795E+00 (120, 14)
n=  5078   udiff=  5.8588E-01 (119, 15)   vdiff=  1.0783E+00 (120, 14)
n=  5079   udiff=  5.8653E-01 (119, 15)   vdiff=  1.0769E+00 (120, 14)
n=  5080   udiff=  5.8711E-01 (119, 15)   vdiff=  1.0755E+00 (120, 14)
n=  5081   udiff=  5.8763E-01 (119, 15)   vdiff=  1.0740E+00 (120, 14)
n=  5082   udiff=  5.8809E-01 (119, 15)   vdiff=  1.0724E+00 (120, 14)
n=  5083   udiff=  5.8848E-01 (119, 15)   vdiff=  1.0707E+00 (120, 14)
n=  5084   udiff=  5.8881E-01 (119, 15)   vdiff=  1.0689E+00 (120, 14)
n=  5085   udiff=  5.8908E-01 (119, 15)   vdiff=  1.0670E+00 (120, 14)
n=  5086   udiff=  5.8928E-01 (119, 15)   vdiff=  1.0650E+00 (120, 14)
n=  5087   udiff=  5.8942E-01 (119, 15)   vdiff=  1.0630E+00 (120, 14)
n=  5088   udiff=  5.8950E-01 (119, 15)   vdiff=  1.0608E+00 (120, 14)
n=  5089   udiff=  5.8951E-01 (119, 15)   vdiff=  1.0586E+00 (120, 14)
n=  5090   udiff=  5.8946E-01 (119, 15)   vdiff=  1.0563E+00 (120, 14)
n=  5091   udiff=  5.8935E-01 (119, 15)   vdiff=  1.0539E+00 (120, 14)
n=  5092   udiff=  5.8917E-01 (119, 15)   vdiff=  1.0514E+00 (120, 14)
n=  5093   udiff=  5.8889E-01 (119, 15)   vdiff=  1.0488E+00 (120, 14)
n=  5094   udiff=  5.8847E-01 (119, 15)   vdiff=  1.0461E+00 (120, 14)
n=  5095   udiff=  5.8834E-01 (120, 15)   vdiff=  1.0433E+00 (120, 14)
n=  5096   udiff=  5.9252E-01 (120, 15)   vdiff=  1.0405E+00 (120, 14)
n=  5097   udiff=  5.9661E-01 (120, 15)   vdiff=  1.0376E+00 (120, 14)
n=  5098   udiff=  6.0061E-01 (120, 15)   vdiff=  1.0346E+00 (120, 14)
n=  5099   udiff=  6.0454E-01 (120, 15)   vdiff=  1.0315E+00 (120, 14)
n=  5100   udiff=  6.0837E-01 (120, 15)   vdiff=  1.0283E+00 (120, 14)
n=  5101   udiff=  6.1213E-01 (120, 15)   vdiff=  1.0251E+00 (120, 14)
n=  5102   udiff=  6.1580E-01 (120, 15)   vdiff=  1.0217E+00 (120, 14)
n=  5103   udiff=  6.1938E-01 (120, 15)   vdiff=  1.0183E+00 (120, 14)
n=  5104   udiff=  6.2288E-01 (120, 15)   vdiff=  1.0149E+00 (120, 14)
n=  5105   udiff=  6.2630E-01 (120, 15)   vdiff=  1.0113E+00 (120, 14)
n=  5106   udiff=  6.2963E-01 (120, 15)   vdiff=  1.0077E+00 (120, 14)
n=  5107   udiff=  6.3289E-01 (120, 15)   vdiff=  1.0040E+00 (120, 14)
n=  5108   udiff=  6.3605E-01 (120, 15)   vdiff=  1.0002E+00 (120, 14)
n=  5109   udiff=  6.3914E-01 (120, 15)   vdiff=  9.9630E-01 (120, 14)
n=  5110   udiff=  6.4214E-01 (120, 15)   vdiff=  9.9237E-01 (120, 14)
n=  5111   udiff=  6.4506E-01 (120, 15)   vdiff=  9.8836E-01 (120, 14)
n=  5112   udiff=  6.4790E-01 (120, 15)   vdiff=  9.8428E-01 (120, 14)
n=  5113   udiff=  6.5066E-01 (120, 15)   vdiff=  9.8012E-01 (120, 14)
n=  5114   udiff=  6.5334E-01 (120, 15)   vdiff=  9.7589E-01 (120, 14)
n=  5115   udiff=  6.5593E-01 (120, 15)   vdiff=  9.7160E-01 (120, 14)
n=  5116   udiff=  6.5844E-01 (120, 15)   vdiff=  9.6723E-01 (120, 14)
n=  5117   udiff=  6.6087E-01 (120, 15)   vdiff=  9.6279E-01 (120, 14)
n=  5118   udiff=  6.6323E-01 (120, 15)   vdiff=  9.5828E-01 (120, 14)
n=  5119   udiff=  6.6550E-01 (120, 15)   vdiff=  9.5371E-01 (120, 14)
n=  5120   udiff=  6.6769E-01 (120, 15)   vdiff=  9.4906E-01 (120, 14)
n=  5121   udiff=  6.6980E-01 (120, 15)   vdiff=  9.4435E-01 (120, 14)
n=  5122   udiff=  6.7183E-01 (120, 15)   vdiff=  9.3957E-01 (120, 14)
n=  5123   udiff=  6.7379E-01 (120, 15)   vdiff=  9.3473E-01 (120, 14)
n=  5124   udiff=  6.7566E-01 (120, 15)   vdiff=  9.2982E-01 (120, 14)
n=  5125   udiff=  6.7746E-01 (120, 15)   vdiff=  9.2484E-01 (120, 14)
n=  5126   udiff=  6.7917E-01 (120, 15)   vdiff=  9.1981E-01 (120, 14)
n=  5127   udiff=  6.8081E-01 (120, 15)   vdiff=  9.1470E-01 (120, 14)
n=  5128   udiff=  6.8237E-01 (120, 15)   vdiff=  9.0954E-01 (120, 14)
n=  5129   udiff=  6.8386E-01 (120, 15)   vdiff=  9.0431E-01 (120, 14)
n=  5130   udiff=  6.8527E-01 (120, 15)   vdiff=  8.9902E-01 (120, 14)
n=  5131   udiff=  6.8660E-01 (120, 15)   vdiff=  8.9367E-01 (120, 14)
n=  5132   udiff=  6.8785E-01 (120, 15)   vdiff=  8.8825E-01 (120, 14)
n=  5133   udiff=  6.8903E-01 (120, 15)   vdiff=  8.8278E-01 (120, 14)
n=  5134   udiff=  6.9013E-01 (120, 15)   vdiff=  8.7725E-01 (120, 14)
n=  5135   udiff=  6.9116E-01 (120, 15)   vdiff=  8.7166E-01 (120, 14)
n=  5136   udiff=  6.9211E-01 (120, 15)   vdiff=  8.6601E-01 (120, 14)
n=  5137   udiff=  6.9299E-01 (120, 15)   vdiff=  8.6031E-01 (120, 14)
n=  5138   udiff=  6.9379E-01 (120, 15)   vdiff=  8.5455E-01 (120, 14)
n=  5139   udiff=  6.9452E-01 (120, 15)   vdiff=  8.4873E-01 (120, 14)
n=  5140   udiff=  6.9517E-01 (120, 15)   vdiff=  8.4286E-01 (120, 14)
n=  5141   udiff=  6.9576E-01 (120, 15)   vdiff=  8.3693E-01 (120, 14)
n=  5142   udiff=  6.9627E-01 (120, 15)   vdiff=  8.3095E-01 (120, 14)
n=  5143   udiff=  6.9670E-01 (120, 15)   vdiff=  8.2492E-01 (120, 14)
n=  5144   udiff=  6.9707E-01 (120, 15)   vdiff=  8.1884E-01 (120, 14)
n=  5145   udiff=  6.9736E-01 (120, 15)   vdiff=  8.1270E-01 (120, 14)
n=  5146   udiff=  6.9758E-01 (120, 15)   vdiff=  8.0651E-01 (120, 14)
n=  5147   udiff=  6.9773E-01 (120, 15)   vdiff=  8.0027E-01 (120, 14)
n=  5148   udiff=  6.9781E-01 (120, 15)   vdiff=  7.9398E-01 (120, 14)
n=  5149   udiff=  6.9782E-01 (120, 15)   vdiff=  7.8765E-01 (120, 14)
n=  5150   udiff=  6.9777E-01 (120, 15)   vdiff=  7.8127E-01 (120, 14)
n=  5151   udiff=  6.9764E-01 (120, 15)   vdiff=  7.7484E-01 (120, 14)
n=  5152   udiff=  6.9744E-01 (120, 15)   vdiff=  7.6837E-01 (120, 14)
n=  5153   udiff=  6.9718E-01 (120, 15)   vdiff=  7.6186E-01 (120, 14)
n=  5154   udiff=  6.9685E-01 (120, 15)   vdiff=  7.5530E-01 (120, 14)
n=  5155   udiff=  6.9645E-01 (120, 15)   vdiff=  7.4869E-01 (120, 14)
n=  5156   udiff=  6.9599E-01 (120, 15)   vdiff=  7.4204E-01 (120, 14)
n=  5157   udiff=  6.9545E-01 (120, 15)   vdiff=  7.3535E-01 (120, 14)
n=  5158   udiff=  6.9486E-01 (120, 15)   vdiff=  7.2862E-01 (120, 14)
n=  5159   udiff=  6.9419E-01 (120, 15)   vdiff=  7.2184E-01 (120, 14)
n=  5160   udiff=  6.9346E-01 (120, 15)   vdiff=  7.1503E-01 (120, 14)
n=  5161   udiff=  6.9267E-01 (120, 15)   vdiff=  7.0817E-01 (120, 14)
n=  5162   udiff=  6.9181E-01 (120, 15)   vdiff=  7.0128E-01 (120, 14)
n=  5163   udiff=  6.9089E-01 (120, 15)   vdiff=  6.9435E-01 (120, 14)
n=  5164   udiff=  6.8990E-01 (120, 15)   vdiff=  6.8990E-01 (120, 15)
n=  5165   udiff=  6.8885E-01 (120, 15)   vdiff=  6.8885E-01 (120, 15)
n=  5166   udiff=  6.8774E-01 (120, 15)   vdiff=  6.8774E-01 (120, 15)
n=  5167   udiff=  6.8657E-01 (120, 15)   vdiff=  6.8657E-01 (120, 15)
n=  5168   udiff=  6.8533E-01 (120, 15)   vdiff=  6.8533E-01 (120, 15)
n=  5169   udiff=  6.8403E-01 (120, 15)   vdiff=  6.8403E-01 (120, 15)
n=  5170   udiff=  6.8268E-01 (120, 15)   vdiff=  6.8268E-01 (120, 15)
n=  5171   udiff=  6.8126E-01 (120, 15)   vdiff=  6.8126E-01 (120, 15)
n=  5172   udiff=  6.7978E-01 (120, 15)   vdiff=  6.7978E-01 (120, 15)
n=  5173   udiff=  6.7825E-01 (120, 15)   vdiff=  6.7825E-01 (120, 15)
n=  5174   udiff=  6.7665E-01 (120, 15)   vdiff=  6.7665E-01 (120, 15)
n=  5175   udiff=  6.7500E-01 (120, 15)   vdiff=  6.7500E-01 (120, 15)
n=  5176   udiff=  6.7329E-01 (120, 15)   vdiff=  6.7329E-01 (120, 15)
n=  5177   udiff=  6.7152E-01 (120, 15)   vdiff=  6.7152E-01 (120, 15)
n=  5178   udiff=  6.6970E-01 (120, 15)   vdiff=  6.6970E-01 (120, 15)
n=  5179   udiff=  6.6782E-01 (120, 15)   vdiff=  6.6782E-01 (120, 15)
n=  5180   udiff=  6.6588E-01 (120, 15)   vdiff=  6.6588E-01 (120, 15)
n=  5181   udiff=  6.6389E-01 (120, 15)   vdiff=  6.6389E-01 (120, 15)
n=  5182   udiff=  6.6185E-01 (120, 15)   vdiff=  6.6185E-01 (120, 15)
n=  5183   udiff=  6.5975E-01 (120, 15)   vdiff=  6.5975E-01 (120, 15)
n=  5184   udiff=  6.5760E-01 (120, 15)   vdiff=  6.5760E-01 (120, 15)
n=  5185   udiff=  6.5540E-01 (120, 15)   vdiff=  6.5540E-01 (120, 15)
n=  5186   udiff=  6.5314E-01 (120, 15)   vdiff=  6.5314E-01 (120, 15)
n=  5187   udiff=  6.5083E-01 (120, 15)   vdiff=  6.5083E-01 (120, 15)
n=  5188   udiff=  6.4847E-01 (120, 15)   vdiff=  6.4847E-01 (120, 15)
n=  5189   udiff=  6.4606E-01 (120, 15)   vdiff=  6.4606E-01 (120, 15)
n=  5190   udiff=  6.4360E-01 (120, 15)   vdiff=  6.4360E-01 (120, 15)
n=  5191   udiff=  6.4109E-01 (120, 15)   vdiff=  6.4109E-01 (120, 15)
n=  5192   udiff=  6.3853E-01 (120, 15)   vdiff=  6.3853E-01 (120, 15)
n=  5193   udiff=  6.3592E-01 (120, 15)   vdiff=  6.3592E-01 (120, 15)
n=  5194   udiff=  6.3326E-01 (120, 15)   vdiff=  6.3326E-01 (120, 15)
n=  5195   udiff=  6.3055E-01 (120, 15)   vdiff=  6.3055E-01 (120, 15)
n=  5196   udiff=  6.2780E-01 (120, 15)   vdiff=  6.2780E-01 (120, 15)
n=  5197   udiff=  6.2500E-01 (120, 15)   vdiff=  6.2500E-01 (120, 15)
n=  5198   udiff=  6.2216E-01 (120, 15)   vdiff=  6.2216E-01 (120, 15)
n=  5199   udiff=  6.1927E-01 (120, 15)   vdiff=  6.1927E-01 (120, 15)
n=  5200   udiff=  6.1633E-01 (120, 15)   vdiff=  6.1633E-01 (120, 15)
n=  5201   udiff=  6.1335E-01 (120, 15)   vdiff=  6.1335E-01 (120, 15)
n=  5202   udiff=  6.1033E-01 (120, 15)   vdiff=  6.1033E-01 (120, 15)
n=  5203   udiff=  6.0739E-01 (120, 15)   vdiff=  6.0739E-01 (120, 15)
n=  5204   udiff=  6.0450E-01 (120, 15)   vdiff=  6.0450E-01 (120, 15)
n=  5205   udiff=  6.0156E-01 (120, 15)   vdiff=  6.0156E-01 (120, 15)
n=  5206   udiff=  5.9858E-01 (120, 15)   vdiff=  5.9858E-01 (120, 15)
n=  5207   udiff=  5.9555E-01 (120, 15)   vdiff=  5.9555E-01 (120, 15)
n=  5208   udiff=  5.9248E-01 (120, 15)   vdiff=  5.9248E-01 (120, 15)
n=  5209   udiff=  5.8937E-01 (120, 15)   vdiff=  5.8937E-01 (120, 15)
n=  5210   udiff=  5.8622E-01 (120, 15)   vdiff=  5.8622E-01 (120, 15)
n=  5211   udiff=  5.8302E-01 (120, 15)   vdiff=  5.8302E-01 (120, 15)
n=  5212   udiff=  5.7979E-01 (120, 15)   vdiff=  5.7979E-01 (120, 15)
n=  5213   udiff=  5.7651E-01 (120, 15)   vdiff=  5.7651E-01 (120, 15)
n=  5214   udiff=  5.7320E-01 (120, 15)   vdiff=  5.7320E-01 (120, 15)
n=  5215   udiff=  5.6984E-01 (120, 15)   vdiff=  5.6984E-01 (120, 15)
n=  5216   udiff=  5.6645E-01 (120, 15)   vdiff=  5.6645E-01 (120, 15)
n=  5217   udiff=  5.6302E-01 (120, 15)   vdiff=  5.6302E-01 (120, 15)
n=  5218   udiff=  5.5955E-01 (120, 15)   vdiff=  5.5955E-01 (120, 15)
n=  5219   udiff=  5.5605E-01 (120, 15)   vdiff=  5.5605E-01 (120, 15)
n=  5220   udiff=  5.5251E-01 (120, 15)   vdiff=  5.5251E-01 (120, 15)
n=  5221   udiff=  5.4893E-01 (120, 15)   vdiff=  5.4893E-01 (120, 15)
n=  5222   udiff=  5.4532E-01 (120, 15)   vdiff=  5.4532E-01 (120, 15)
n=  5223   udiff=  5.4167E-01 (120, 15)   vdiff=  5.4167E-01 (120, 15)
n=  5224   udiff=  5.3799E-01 (120, 15)   vdiff=  5.3799E-01 (120, 15)
n=  5225   udiff=  5.3428E-01 (120, 15)   vdiff=  5.3428E-01 (120, 15)
n=  5226   udiff=  5.3054E-01 (120, 15)   vdiff=  5.3054E-01 (120, 15)
n=  5227   udiff=  5.2676E-01 (120, 15)   vdiff=  5.2676E-01 (120, 15)
n=  5228   udiff=  5.2295E-01 (120, 15)   vdiff=  5.2295E-01 (120, 15)
n=  5229   udiff=  5.1911E-01 (120, 15)   vdiff=  5.1911E-01 (120, 15)
n=  5230   udiff=  5.1524E-01 (120, 15)   vdiff=  5.1524E-01 (120, 15)
n=  5231   udiff=  5.1134E-01 (120, 15)   vdiff=  5.1134E-01 (120, 15)
n=  5232   udiff=  5.0742E-01 (120, 15)   vdiff=  5.0742E-01 (120, 15)
n=  5233   udiff=  5.0346E-01 (120, 15)   vdiff=  5.0346E-01 (120, 15)
n=  5234   udiff=  4.9948E-01 (120, 15)   vdiff=  4.9948E-01 (120, 15)
n=  5235   udiff=  4.9546E-01 (120, 15)   vdiff=  4.9546E-01 (120, 15)
n=  5236   udiff=  4.9143E-01 (120, 15)   vdiff=  4.9143E-01 (120, 15)
n=  5237   udiff=  4.8736E-01 (120, 15)   vdiff=  4.8736E-01 (120, 15)
n=  5238   udiff=  4.8327E-01 (120, 15)   vdiff=  4.8327E-01 (120, 15)
n=  5239   udiff=  4.7916E-01 (120, 15)   vdiff=  4.7916E-01 (120, 15)
n=  5240   udiff=  4.7502E-01 (120, 15)   vdiff=  4.7502E-01 (120, 15)
n=  5241   udiff=  4.7086E-01 (120, 15)   vdiff=  4.7086E-01 (120, 15)
n=  5242   udiff=  4.6667E-01 (120, 15)   vdiff=  4.6667E-01 (120, 15)
n=  5243   udiff=  4.6247E-01 (120, 15)   vdiff=  4.6247E-01 (120, 15)
n=  5244   udiff=  4.5824E-01 (120, 15)   vdiff=  4.5824E-01 (120, 15)
n=  5245   udiff=  4.5399E-01 (120, 15)   vdiff=  4.5399E-01 (120, 15)
n=  5246   udiff=  4.4971E-01 (120, 15)   vdiff=  4.4971E-01 (120, 15)
n=  5247   udiff=  4.4542E-01 (120, 15)   vdiff=  4.4542E-01 (120, 15)
n=  5248   udiff=  4.4111E-01 (120, 15)   vdiff=  4.4111E-01 (120, 15)
n=  5249   udiff=  4.3678E-01 (120, 15)   vdiff=  4.3678E-01 (120, 15)
n=  5250   udiff=  4.3243E-01 (120, 15)   vdiff=  4.3243E-01 (120, 15)
n=  5251   udiff=  4.2807E-01 (120, 15)   vdiff=  4.2807E-01 (120, 15)
n=  5252   udiff=  4.2368E-01 (120, 15)   vdiff=  4.2368E-01 (120, 15)
n=  5253   udiff=  4.1928E-01 (120, 15)   vdiff=  4.1928E-01 (120, 15)
n=  5254   udiff=  4.1486E-01 (120, 15)   vdiff=  4.1486E-01 (120, 15)
n=  5255   udiff=  4.1043E-01 (120, 15)   vdiff=  4.1043E-01 (120, 15)
n=  5256   udiff=  4.0599E-01 (120, 15)   vdiff=  4.0599E-01 (120, 15)
n=  5257   udiff=  4.0492E-01 (120, 14)   vdiff=  4.0152E-01 (120, 15)
n=  5258   udiff=  4.0711E-01 (120, 14)   vdiff=  3.9705E-01 (120, 15)
n=  5259   udiff=  4.0925E-01 (120, 14)   vdiff=  3.9256E-01 (120, 15)
n=  5260   udiff=  4.1134E-01 (120, 14)   vdiff=  3.8806E-01 (120, 15)
n=  5261   udiff=  4.1338E-01 (120, 14)   vdiff=  3.8355E-01 (120, 15)
n=  5262   udiff=  4.1536E-01 (120, 14)   vdiff=  3.7902E-01 (120, 15)
n=  5263   udiff=  4.1729E-01 (120, 14)   vdiff=  3.7449E-01 (120, 15)
n=  5264   udiff=  4.1916E-01 (120, 14)   vdiff=  3.6994E-01 (120, 15)
n=  5265   udiff=  4.2098E-01 (120, 14)   vdiff=  3.6538E-01 (120, 15)
n=  5266   udiff=  4.2275E-01 (120, 14)   vdiff=  3.6082E-01 (120, 15)
n=  5267   udiff=  4.2447E-01 (120, 14)   vdiff=  3.5624E-01 (120, 15)
n=  5268   udiff=  4.2613E-01 (120, 14)   vdiff=  3.5166E-01 (120, 15)
n=  5269   udiff=  4.2774E-01 (120, 14)   vdiff=  3.4707E-01 (120, 15)
n=  5270   udiff=  4.2930E-01 (120, 14)   vdiff=  3.4248E-01 (120, 15)
n=  5271   udiff=  4.3080E-01 (120, 14)   vdiff=  3.3787E-01 (120, 15)
n=  5272   udiff=  4.3225E-01 (120, 14)   vdiff=  3.3375E-01 (119, 15)
n=  5273   udiff=  4.3364E-01 (120, 14)   vdiff=  3.3242E-01 (119, 15)
n=  5274   udiff=  4.3499E-01 (120, 14)   vdiff=  3.3105E-01 (119, 15)
n=  5275   udiff=  4.3628E-01 (120, 14)   vdiff=  3.2965E-01 (119, 15)
n=  5276   udiff=  4.3751E-01 (120, 14)   vdiff=  3.2822E-01 (119, 15)
n=  5277   udiff=  4.3870E-01 (120, 14)   vdiff=  3.2676E-01 (119, 15)
n=  5278   udiff=  4.3983E-01 (120, 14)   vdiff=  3.2527E-01 (119, 15)
n=  5279   udiff=  4.4091E-01 (120, 14)   vdiff=  3.2375E-01 (119, 15)
n=  5280   udiff=  4.4193E-01 (120, 14)   vdiff=  3.2220E-01 (119, 15)
n=  5281   udiff=  4.4290E-01 (120, 14)   vdiff=  3.2062E-01 (119, 15)
n=  5282   udiff=  4.4382E-01 (120, 14)   vdiff=  3.1901E-01 (119, 15)
n=  5283   udiff=  4.4469E-01 (120, 14)   vdiff=  3.1737E-01 (119, 15)
n=  5284   udiff=  4.4550E-01 (120, 14)   vdiff=  3.1571E-01 (119, 15)
n=  5285   udiff=  4.4626E-01 (120, 14)   vdiff=  3.1402E-01 (119, 15)
n=  5286   udiff=  4.4697E-01 (120, 14)   vdiff=  3.1230E-01 (119, 15)
n=  5287   udiff=  4.4763E-01 (120, 14)   vdiff=  3.1055E-01 (119, 15)
n=  5288   udiff=  4.4824E-01 (120, 14)   vdiff=  3.0878E-01 (119, 15)
n=  5289   udiff=  4.4879E-01 (120, 14)   vdiff=  3.0698E-01 (119, 15)
n=  5290   udiff=  4.4929E-01 (120, 14)   vdiff=  3.0515E-01 (119, 15)
n=  5291   udiff=  4.4974E-01 (120, 14)   vdiff=  3.0330E-01 (119, 15)
n=  5292   udiff=  4.5014E-01 (120, 14)   vdiff=  3.0142E-01 (119, 15)
n=  5293   udiff=  4.5049E-01 (120, 14)   vdiff=  2.9952E-01 (119, 15)
n=  5294   udiff=  4.5079E-01 (120, 14)   vdiff=  2.9759E-01 (119, 15)
n=  5295   udiff=  4.5103E-01 (120, 14)   vdiff=  2.9564E-01 (119, 15)
n=  5296   udiff=  4.5123E-01 (120, 14)   vdiff=  2.9367E-01 (119, 15)
n=  5297   udiff=  4.5137E-01 (120, 14)   vdiff=  2.9167E-01 (119, 15)
n=  5298   udiff=  4.5146E-01 (120, 14)   vdiff=  2.8965E-01 (119, 15)
n=  5299   udiff=  4.5151E-01 (120, 14)   vdiff=  2.8761E-01 (119, 15)
n=  5300   udiff=  4.5150E-01 (120, 14)   vdiff=  2.8554E-01 (119, 15)
n=  5301   udiff=  4.5145E-01 (120, 14)   vdiff=  2.8345E-01 (119, 15)
n=  5302   udiff=  4.5134E-01 (120, 14)   vdiff=  2.8134E-01 (119, 15)
n=  5303   udiff=  4.5119E-01 (120, 14)   vdiff=  2.7921E-01 (119, 15)
n=  5304   udiff=  4.5098E-01 (120, 14)   vdiff=  2.7706E-01 (119, 15)
n=  5305   udiff=  4.5073E-01 (120, 14)   vdiff=  2.7489E-01 (119, 15)
n=  5306   udiff=  4.5043E-01 (120, 14)   vdiff=  2.7372E-01 (120, 14)
n=  5307   udiff=  4.5008E-01 (120, 14)   vdiff=  2.7786E-01 (120, 14)
n=  5308   udiff=  4.4968E-01 (120, 14)   vdiff=  2.8195E-01 (120, 14)
n=  5309   udiff=  4.4924E-01 (120, 14)   vdiff=  2.8598E-01 (120, 14)
n=  5310   udiff=  4.4874E-01 (120, 14)   vdiff=  2.8995E-01 (120, 14)
n=  5311   udiff=  4.4821E-01 (120, 14)   vdiff=  2.9386E-01 (120, 14)
n=  5312   udiff=  4.4762E-01 (120, 14)   vdiff=  2.9771E-01 (120, 14)
n=  5313   udiff=  4.4699E-01 (120, 14)   vdiff=  3.0150E-01 (120, 14)
n=  5314   udiff=  4.4631E-01 (120, 14)   vdiff=  3.0523E-01 (120, 14)
n=  5315   udiff=  4.4558E-01 (120, 14)   vdiff=  3.0889E-01 (120, 14)
n=  5316   udiff=  4.4481E-01 (120, 14)   vdiff=  3.1250E-01 (120, 14)
n=  5317   udiff=  4.4399E-01 (120, 14)   vdiff=  3.1605E-01 (120, 14)
n=  5318   udiff=  4.4313E-01 (120, 14)   vdiff=  3.1953E-01 (120, 14)
n=  5319   udiff=  4.4222E-01 (120, 14)   vdiff=  3.2296E-01 (120, 14)
n=  5320   udiff=  4.4127E-01 (120, 14)   vdiff=  3.2632E-01 (120, 14)
n=  5321   udiff=  4.4028E-01 (120, 14)   vdiff=  3.2962E-01 (120, 14)
n=  5322   udiff=  4.3924E-01 (120, 14)   vdiff=  3.3287E-01 (120, 14)
n=  5323   udiff=  4.3816E-01 (120, 14)   vdiff=  3.3605E-01 (120, 14)
n=  5324   udiff=  4.3703E-01 (120, 14)   vdiff=  3.3917E-01 (120, 14)
n=  5325   udiff=  4.3586E-01 (120, 14)   vdiff=  3.4223E-01 (120, 14)
n=  5326   udiff=  4.3465E-01 (120, 14)   vdiff=  3.4523E-01 (120, 14)
n=  5327   udiff=  4.3340E-01 (120, 14)   vdiff=  3.4817E-01 (120, 14)
n=  5328   udiff=  4.3210E-01 (120, 14)   vdiff=  3.5104E-01 (120, 14)
n=  5329   udiff=  4.3077E-01 (120, 14)   vdiff=  3.5386E-01 (120, 14)
n=  5330   udiff=  4.2939E-01 (120, 14)   vdiff=  3.5661E-01 (120, 14)
n=  5331   udiff=  4.2798E-01 (120, 14)   vdiff=  3.5931E-01 (120, 14)
n=  5332   udiff=  4.2652E-01 (120, 14)   vdiff=  3.6194E-01 (120, 14)
n=  5333   udiff=  4.2502E-01 (120, 14)   vdiff=  3.6452E-01 (120, 14)
n=  5334   udiff=  4.2349E-01 (120, 14)   vdiff=  3.6703E-01 (120, 14)
n=  5335   udiff=  4.2191E-01 (120, 14)   vdiff=  3.6948E-01 (120, 14)
n=  5336   udiff=  4.2030E-01 (120, 14)   vdiff=  3.7187E-01 (120, 14)
n=  5337   udiff=  4.1865E-01 (120, 14)   vdiff=  3.7421E-01 (120, 14)
n=  5338   udiff=  4.1696E-01 (120, 14)   vdiff=  3.7648E-01 (120, 14)
n=  5339   udiff=  4.1523E-01 (120, 14)   vdiff=  3.7869E-01 (120, 14)
n=  5340   udiff=  4.1347E-01 (120, 14)   vdiff=  3.8084E-01 (120, 14)
n=  5341   udiff=  4.1167E-01 (120, 14)   vdiff=  3.8294E-01 (120, 14)
n=  5342   udiff=  4.0983E-01 (120, 14)   vdiff=  3.8497E-01 (120, 14)
n=  5343   udiff=  4.0796E-01 (120, 14)   vdiff=  3.8694E-01 (120, 14)
n=  5344   udiff=  4.0605E-01 (120, 14)   vdiff=  3.8886E-01 (120, 14)
n=  5345   udiff=  4.0411E-01 (120, 14)   vdiff=  3.9071E-01 (120, 14)
n=  5346   udiff=  4.0213E-01 (120, 14)   vdiff=  3.9251E-01 (120, 14)
n=  5347   udiff=  4.0012E-01 (120, 14)   vdiff=  3.9424E-01 (120, 14)
n=  5348   udiff=  3.9808E-01 (120, 14)   vdiff=  3.9592E-01 (120, 14)
n=  5349   udiff=  3.9601E-01 (120, 14)   vdiff=  3.9754E-01 (120, 14)
n=  5350   udiff=  3.9390E-01 (120, 14)   vdiff=  3.9911E-01 (120, 14)
n=  5351   udiff=  3.9176E-01 (120, 14)   vdiff=  4.0061E-01 (120, 14)
n=  5352   udiff=  3.8958E-01 (120, 14)   vdiff=  4.0206E-01 (120, 14)
n=  5353   udiff=  3.8738E-01 (120, 14)   vdiff=  4.0345E-01 (120, 14)
n=  5354   udiff=  3.8515E-01 (120, 14)   vdiff=  4.0478E-01 (120, 14)
n=  5355   udiff=  3.8288E-01 (120, 14)   vdiff=  4.0605E-01 (120, 14)
n=  5356   udiff=  3.8059E-01 (120, 14)   vdiff=  4.0727E-01 (120, 14)
n=  5357   udiff=  3.7826E-01 (120, 14)   vdiff=  4.0843E-01 (120, 14)
n=  5358   udiff=  3.7591E-01 (120, 14)   vdiff=  4.0954E-01 (120, 14)
n=  5359   udiff=  3.7353E-01 (120, 14)   vdiff=  4.1059E-01 (120, 14)
n=  5360   udiff=  3.7112E-01 (120, 14)   vdiff=  4.1158E-01 (120, 14)
n=  5361   udiff=  3.6869E-01 (120, 14)   vdiff=  4.1252E-01 (120, 14)
n=  5362   udiff=  3.6622E-01 (120, 14)   vdiff=  4.1340E-01 (120, 14)
n=  5363   udiff=  3.6373E-01 (120, 14)   vdiff=  4.1423E-01 (120, 14)
n=  5364   udiff=  3.6122E-01 (120, 14)   vdiff=  4.1501E-01 (120, 14)
n=  5365   udiff=  3.5868E-01 (120, 14)   vdiff=  4.1572E-01 (120, 14)
n=  5366   udiff=  3.5611E-01 (120, 14)   vdiff=  4.1639E-01 (120, 14)
n=  5367   udiff=  3.5352E-01 (120, 14)   vdiff=  4.1700E-01 (120, 14)
n=  5368   udiff=  3.5090E-01 (120, 14)   vdiff=  4.1756E-01 (120, 14)
n=  5369   udiff=  3.4827E-01 (120, 14)   vdiff=  4.1807E-01 (120, 14)
n=  5370   udiff=  3.4560E-01 (120, 14)   vdiff=  4.1852E-01 (120, 14)
n=  5371   udiff=  3.4292E-01 (120, 14)   vdiff=  4.1892E-01 (120, 14)
n=  5372   udiff=  3.4021E-01 (120, 14)   vdiff=  4.1927E-01 (120, 14)
n=  5373   udiff=  3.3748E-01 (120, 14)   vdiff=  4.1956E-01 (120, 14)
n=  5374   udiff=  3.3473E-01 (120, 14)   vdiff=  4.1981E-01 (120, 14)
n=  5375   udiff=  3.3196E-01 (120, 14)   vdiff=  4.2000E-01 (120, 14)
n=  5376   udiff=  3.2917E-01 (120, 14)   vdiff=  4.2014E-01 (120, 14)
n=  5377   udiff=  3.2636E-01 (120, 14)   vdiff=  4.2024E-01 (120, 14)
n=  5378   udiff=  3.2353E-01 (120, 14)   vdiff=  4.2028E-01 (120, 14)
n=  5379   udiff=  3.2068E-01 (120, 14)   vdiff=  4.2027E-01 (120, 14)
n=  5380   udiff=  3.1781E-01 (120, 14)   vdiff=  4.2022E-01 (120, 14)
n=  5381   udiff=  3.1493E-01 (120, 14)   vdiff=  4.2011E-01 (120, 14)
n=  5382   udiff=  3.1203E-01 (120, 14)   vdiff=  4.1996E-01 (120, 14)
n=  5383   udiff=  3.0911E-01 (120, 14)   vdiff=  4.1976E-01 (120, 14)
n=  5384   udiff=  3.0617E-01 (120, 14)   vdiff=  4.1951E-01 (120, 14)
n=  5385   udiff=  3.0322E-01 (120, 14)   vdiff=  4.1921E-01 (120, 14)
n=  5386   udiff=  3.0025E-01 (120, 14)   vdiff=  4.1887E-01 (120, 14)
n=  5387   udiff=  2.9727E-01 (120, 14)   vdiff=  4.1848E-01 (120, 14)
n=  5388   udiff=  2.9427E-01 (120, 14)   vdiff=  4.1804E-01 (120, 14)
n=  5389   udiff=  2.9126E-01 (120, 14)   vdiff=  4.1756E-01 (120, 14)
n=  5390   udiff=  2.8823E-01 (120, 14)   vdiff=  4.1703E-01 (120, 14)
n=  5391   udiff=  2.8519E-01 (120, 14)   vdiff=  4.1646E-01 (120, 14)
n=  5392   udiff=  2.8214E-01 (120, 14)   vdiff=  4.1584E-01 (120, 14)
n=  5393   udiff=  2.7908E-01 (120, 14)   vdiff=  4.1518E-01 (120, 14)
n=  5394   udiff=  2.7600E-01 (120, 14)   vdiff=  4.1447E-01 (120, 14)
n=  5395   udiff=  2.7292E-01 (120, 14)   vdiff=  4.1372E-01 (120, 14)
n=  5396   udiff=  2.6982E-01 (120, 14)   vdiff=  4.1293E-01 (120, 14)
n=  5397   udiff=  2.6671E-01 (120, 14)   vdiff=  4.1209E-01 (120, 14)
n=  5398   udiff=  2.6359E-01 (120, 14)   vdiff=  4.1122E-01 (120, 14)
n=  5399   udiff=  2.6047E-01 (120, 14)   vdiff=  4.1030E-01 (120, 14)
n=  5400   udiff=  2.5733E-01 (120, 14)   vdiff=  4.0934E-01 (120, 14)
n=  5401   udiff=  2.5418E-01 (120, 14)   vdiff=  4.0834E-01 (120, 14)
n=  5402   udiff=  2.5103E-01 (120, 14)   vdiff=  4.0729E-01 (120, 14)
n=  5403   udiff=  2.4787E-01 (120, 14)   vdiff=  4.0621E-01 (120, 14)
n=  5404   udiff=  2.4470E-01 (120, 14)   vdiff=  4.0509E-01 (120, 14)
n=  5405   udiff=  2.4153E-01 (120, 14)   vdiff=  4.0393E-01 (120, 14)
n=  5406   udiff=  2.4058E-01 (100, 15)   vdiff=  4.0273E-01 (120, 14)
n=  5407   udiff=  2.4064E-01 (100, 15)   vdiff=  4.0149E-01 (120, 14)
n=  5408   udiff=  2.4070E-01 (100, 15)   vdiff=  4.0021E-01 (120, 14)
n=  5409   udiff=  2.4075E-01 (100, 15)   vdiff=  3.9890E-01 (120, 14)
n=  5410   udiff=  2.4081E-01 (100, 15)   vdiff=  3.9755E-01 (120, 14)
n=  5411   udiff=  2.4087E-01 (100, 15)   vdiff=  3.9616E-01 (120, 14)
n=  5412   udiff=  2.4092E-01 (100, 15)   vdiff=  3.9474E-01 (120, 14)
n=  5413   udiff=  2.4097E-01 (100, 15)   vdiff=  3.9328E-01 (120, 14)
n=  5414   udiff=  2.4102E-01 (100, 15)   vdiff=  3.9178E-01 (120, 14)
n=  5415   udiff=  2.4117E-01 (101, 15)   vdiff=  3.9025E-01 (120, 14)
n=  5416   udiff=  2.4133E-01 (101, 15)   vdiff=  3.8869E-01 (120, 14)
n=  5417   udiff=  2.4148E-01 (101, 15)   vdiff=  3.8709E-01 (120, 14)
n=  5418   udiff=  2.4163E-01 (101, 15)   vdiff=  3.8545E-01 (120, 14)
n=  5419   udiff=  2.4178E-01 (101, 15)   vdiff=  3.8379E-01 (120, 14)
n=  5420   udiff=  2.4193E-01 (101, 15)   vdiff=  3.8209E-01 (120, 14)
n=  5421   udiff=  2.4208E-01 (101, 15)   vdiff=  3.8035E-01 (120, 14)
n=  5422   udiff=  2.4222E-01 (101, 15)   vdiff=  3.7859E-01 (120, 14)
n=  5423   udiff=  2.4236E-01 (101, 15)   vdiff=  3.7679E-01 (120, 14)
n=  5424   udiff=  2.4251E-01 (101, 15)   vdiff=  3.7497E-01 (120, 14)
n=  5425   udiff=  2.4265E-01 (101, 15)   vdiff=  3.7311E-01 (120, 14)
n=  5426   udiff=  2.4279E-01 (101, 15)   vdiff=  3.7122E-01 (120, 14)
n=  5427   udiff=  2.4293E-01 (101, 15)   vdiff=  3.6930E-01 (120, 14)
n=  5428   udiff=  2.4306E-01 (101, 15)   vdiff=  3.6736E-01 (120, 14)
n=  5429   udiff=  2.4320E-01 (101, 15)   vdiff=  3.6538E-01 (120, 14)
n=  5430   udiff=  2.4334E-01 (101, 15)   vdiff=  3.6337E-01 (120, 14)
n=  5431   udiff=  2.4347E-01 (101, 15)   vdiff=  3.6134E-01 (120, 14)
n=  5432   udiff=  2.4360E-01 (101, 15)   vdiff=  3.5928E-01 (120, 14)
n=  5433   udiff=  2.4373E-01 (101, 15)   vdiff=  3.5719E-01 (120, 14)
n=  5434   udiff=  2.4386E-01 (101, 15)   vdiff=  3.5507E-01 (120, 14)
n=  5435   udiff=  2.4399E-01 (101, 15)   vdiff=  3.5293E-01 (120, 14)
n=  5436   udiff=  2.4412E-01 (101, 15)   vdiff=  3.5076E-01 (120, 14)
n=  5437   udiff=  2.4425E-01 (101, 15)   vdiff=  3.4857E-01 (120, 14)
n=  5438   udiff=  2.4437E-01 (101, 15)   vdiff=  3.4635E-01 (120, 14)
n=  5439   udiff=  2.4450E-01 (101, 15)   vdiff=  3.4410E-01 (120, 14)
n=  5440   udiff=  2.4462E-01 (101, 15)   vdiff=  3.4183E-01 (120, 14)
n=  5441   udiff=  2.4475E-01 (101, 15)   vdiff=  3.3954E-01 (120, 14)
n=  5442   udiff=  2.4487E-01 (101, 15)   vdiff=  3.3722E-01 (120, 14)
n=  5443   udiff=  2.4499E-01 (101, 15)   vdiff=  3.3488E-01 (120, 14)
n=  5444   udiff=  2.4511E-01 (101, 15)   vdiff=  3.3252E-01 (120, 14)
n=  5445   udiff=  2.4523E-01 (101, 15)   vdiff=  3.3013E-01 (120, 14)
n=  5446   udiff=  2.4535E-01 (101, 15)   vdiff=  3.2772E-01 (120, 14)
n=  5447   udiff=  2.4546E-01 (101, 15)   vdiff=  3.2529E-01 (120, 14)
n=  5448   udiff=  2.4558E-01 (101, 15)   vdiff=  3.2284E-01 (120, 14)
n=  5449   udiff=  2.4569E-01 (101, 15)   vdiff=  3.2037E-01 (120, 14)
n=  5450   udiff=  2.4581E-01 (101, 15)   vdiff=  3.1788E-01 (120, 14)
n=  5451   udiff=  2.4592E-01 (101, 15)   vdiff=  3.1537E-01 (120, 14)
n=  5452   udiff=  2.4604E-01 (101, 15)   vdiff=  3.1283E-01 (120, 14)
n=  5453   udiff=  2.4615E-01 (101, 15)   vdiff=  3.1028E-01 (120, 14)
n=  5454   udiff=  2.4626E-01 (101, 15)   vdiff=  3.0771E-01 (120, 14)
n=  5455   udiff=  2.4637E-01 (101, 15)   vdiff=  3.0512E-01 (120, 14)
n=  5456   udiff=  2.4648E-01 (101, 15)   vdiff=  3.0252E-01 (120, 14)
n=  5457   udiff=  2.4659E-01 (101, 15)   vdiff=  2.9989E-01 (120, 14)
n=  5458   udiff=  2.4669E-01 (101, 15)   vdiff=  2.9725E-01 (120, 14)
n=  5459   udiff=  2.4680E-01 (101, 15)   vdiff=  2.9459E-01 (120, 14)
n=  5460   udiff=  2.4691E-01 (101, 15)   vdiff=  2.9191E-01 (120, 14)
n=  5461   udiff=  2.4701E-01 (101, 15)   vdiff=  2.8922E-01 (120, 14)
n=  5462   udiff=  2.4712E-01 (101, 15)   vdiff=  2.8651E-01 (120, 14)
n=  5463   udiff=  2.4722E-01 (101, 15)   vdiff=  2.8379E-01 (120, 14)
n=  5464   udiff=  2.4733E-01 (101, 15)   vdiff=  2.8105E-01 (120, 14)
n=  5465   udiff=  2.4743E-01 (101, 15)   vdiff=  2.7830E-01 (120, 14)
n=  5466   udiff=  2.4753E-01 (101, 15)   vdiff=  2.7553E-01 (120, 14)
n=  5467   udiff=  2.4763E-01 (101, 15)   vdiff=  2.7275E-01 (120, 14)
n=  5468   udiff=  2.4774E-01 (101, 15)   vdiff=  2.6995E-01 (120, 14)
n=  5469   udiff=  2.4784E-01 (101, 15)   vdiff=  2.6714E-01 (120, 14)
n=  5470   udiff=  2.4793E-01 (101, 15)   vdiff=  2.6432E-01 (120, 14)
n=  5471   udiff=  2.4803E-01 (101, 15)   vdiff=  2.6148E-01 (120, 14)
n=  5472   udiff=  2.4821E-01 ( 95, 13)   vdiff=  2.5864E-01 (120, 14)
n=  5473   udiff=  2.4840E-01 ( 95, 13)   vdiff=  2.5578E-01 (120, 14)
n=  5474   udiff=  2.4858E-01 ( 95, 13)   vdiff=  2.5291E-01 (120, 14)
n=  5475   udiff=  2.4877E-01 ( 95, 13)   vdiff=  2.5003E-01 (120, 14)
n=  5476   udiff=  2.4895E-01 ( 95, 13)   vdiff=  2.4713E-01 (120, 14)
n=  5477   udiff=  2.4913E-01 ( 95, 13)   vdiff=  2.4423E-01 (120, 14)
n=  5478   udiff=  2.4932E-01 ( 95, 13)   vdiff=  2.4132E-01 (120, 14)
n=  5479   udiff=  2.4950E-01 ( 95, 13)   vdiff=  2.3839E-01 (120, 14)
n=  5480   udiff=  2.4967E-01 ( 95, 13)   vdiff=  2.3546E-01 (120, 14)
n=  5481   udiff=  2.4985E-01 ( 95, 13)   vdiff=  2.3252E-01 (120, 14)
n=  5482   udiff=  2.5003E-01 ( 95, 13)   vdiff=  2.2957E-01 (120, 14)
n=  5483   udiff=  2.5020E-01 ( 95, 13)   vdiff=  2.2661E-01 (120, 14)
n=  5484   udiff=  2.5038E-01 ( 95, 13)   vdiff=  2.2364E-01 (120, 14)
n=  5485   udiff=  2.5055E-01 ( 95, 13)   vdiff=  2.2234E-01 (120, 15)
n=  5486   udiff=  2.5072E-01 ( 95, 13)   vdiff=  2.2193E-01 (120, 15)
n=  5487   udiff=  2.5090E-01 ( 95, 13)   vdiff=  2.2149E-01 (120, 15)
n=  5488   udiff=  2.5107E-01 ( 95, 13)   vdiff=  2.2104E-01 (120, 15)
n=  5489   udiff=  2.5123E-01 ( 95, 13)   vdiff=  2.2055E-01 (120, 15)
n=  5490   udiff=  2.5140E-01 ( 95, 13)   vdiff=  2.2005E-01 (120, 15)
n=  5491   udiff=  2.5157E-01 ( 95, 13)   vdiff=  2.1952E-01 (120, 15)
n=  5492   udiff=  2.5173E-01 ( 95, 13)   vdiff=  2.1896E-01 (120, 15)
n=  5493   udiff=  2.5190E-01 ( 95, 13)   vdiff=  2.1839E-01 (120, 15)
n=  5494   udiff=  2.5206E-01 ( 95, 13)   vdiff=  2.1778E-01 (120, 15)
n=  5495   udiff=  2.5222E-01 ( 95, 13)   vdiff=  2.1716E-01 (120, 15)
n=  5496   udiff=  2.5238E-01 ( 95, 13)   vdiff=  2.1651E-01 (120, 15)
n=  5497   udiff=  2.5254E-01 ( 95, 13)   vdiff=  2.1584E-01 (120, 15)
n=  5498   udiff=  2.5270E-01 ( 95, 13)   vdiff=  2.1515E-01 (120, 15)
n=  5499   udiff=  2.5286E-01 ( 95, 13)   vdiff=  2.1443E-01 (120, 15)
n=  5500   udiff=  2.5302E-01 ( 95, 13)   vdiff=  2.1369E-01 (120, 15)
n=  5501   udiff=  2.5317E-01 ( 95, 13)   vdiff=  2.1293E-01 (120, 15)
n=  5502   udiff=  2.5332E-01 ( 95, 13)   vdiff=  2.1215E-01 (120, 15)
n=  5503   udiff=  2.5348E-01 ( 95, 13)   vdiff=  2.1134E-01 (120, 15)
n=  5504   udiff=  2.5363E-01 ( 95, 13)   vdiff=  2.1051E-01 (120, 15)
n=  5505   udiff=  2.5378E-01 ( 95, 13)   vdiff=  2.0966E-01 (120, 15)
n=  5506   udiff=  2.5393E-01 ( 95, 13)   vdiff=  2.0879E-01 (120, 15)
n=  5507   udiff=  2.5408E-01 ( 95, 13)   vdiff=  2.0790E-01 (120, 15)
n=  5508   udiff=  2.5422E-01 ( 95, 13)   vdiff=  2.0699E-01 (120, 15)
n=  5509   udiff=  2.5437E-01 ( 95, 13)   vdiff=  2.0606E-01 (120, 15)
n=  5510   udiff=  2.5451E-01 ( 95, 13)   vdiff=  2.0510E-01 (120, 15)
n=  5511   udiff=  2.5466E-01 ( 95, 13)   vdiff=  2.0413E-01 (120, 15)
n=  5512   udiff=  2.5480E-01 ( 95, 13)   vdiff=  2.0314E-01 (120, 15)
n=  5513   udiff=  2.5494E-01 ( 95, 13)   vdiff=  2.0212E-01 (120, 15)
n=  5514   udiff=  2.5508E-01 ( 95, 13)   vdiff=  2.0109E-01 (120, 15)
n=  5515   udiff=  2.5522E-01 ( 95, 13)   vdiff=  2.0004E-01 (120, 15)
n=  5516   udiff=  2.5535E-01 ( 95, 13)   vdiff=  1.9896E-01 (120, 15)
n=  5517   udiff=  2.5549E-01 ( 95, 13)   vdiff=  1.9787E-01 (120, 15)
n=  5518   udiff=  2.5562E-01 ( 95, 13)   vdiff=  1.9676E-01 (120, 15)
n=  5519   udiff=  2.5576E-01 ( 95, 13)   vdiff=  1.9563E-01 (120, 15)
n=  5520   udiff=  2.5589E-01 ( 95, 13)   vdiff=  1.9448E-01 (120, 15)
n=  5521   udiff=  2.5602E-01 ( 95, 13)   vdiff=  1.9332E-01 (120, 15)
n=  5522   udiff=  2.5615E-01 ( 95, 13)   vdiff=  1.9213E-01 (120, 15)
n=  5523   udiff=  2.5628E-01 ( 95, 13)   vdiff=  1.9093E-01 (120, 15)
n=  5524   udiff=  2.5640E-01 ( 95, 13)   vdiff=  1.8971E-01 (120, 15)
n=  5525   udiff=  2.5653E-01 ( 95, 13)   vdiff=  1.8847E-01 (120, 15)
n=  5526   udiff=  2.5665E-01 ( 95, 13)   vdiff=  1.8722E-01 (120, 15)
n=  5527   udiff=  2.5678E-01 ( 95, 13)   vdiff=  1.8595E-01 (120, 15)
n=  5528   udiff=  2.5690E-01 ( 96, 13)   vdiff=  1.8466E-01 (120, 15)
n=  5529   udiff=  2.5710E-01 ( 96, 13)   vdiff=  1.8335E-01 (120, 15)
n=  5530   udiff=  2.5730E-01 ( 96, 13)   vdiff=  1.8203E-01 (120, 15)
n=  5531   udiff=  2.5749E-01 ( 96, 13)   vdiff=  1.8069E-01 (120, 15)
n=  5532   udiff=  2.5769E-01 ( 96, 13)   vdiff=  1.7934E-01 (120, 15)
n=  5533   udiff=  2.5788E-01 ( 96, 13)   vdiff=  1.7797E-01 (120, 15)
n=  5534   udiff=  2.5807E-01 ( 96, 13)   vdiff=  1.7658E-01 (120, 15)
n=  5535   udiff=  2.5826E-01 ( 96, 13)   vdiff=  1.7518E-01 (120, 15)
n=  5536   udiff=  2.5845E-01 ( 96, 13)   vdiff=  1.7376E-01 (120, 15)
n=  5537   udiff=  2.5864E-01 ( 96, 13)   vdiff=  1.7233E-01 (120, 15)
n=  5538   udiff=  2.5883E-01 ( 96, 13)   vdiff=  1.7088E-01 (120, 15)
n=  5539   udiff=  2.5901E-01 ( 96, 13)   vdiff=  1.6942E-01 (120, 15)
n=  5540   udiff=  2.5920E-01 ( 96, 13)   vdiff=  1.6795E-01 (120, 15)
n=  5541   udiff=  2.5938E-01 ( 96, 13)   vdiff=  1.6645E-01 (120, 15)
n=  5542   udiff=  2.5956E-01 ( 96, 13)   vdiff=  1.6495E-01 (120, 15)
n=  5543   udiff=  2.5974E-01 ( 96, 13)   vdiff=  1.6343E-01 (120, 15)
n=  5544   udiff=  2.5992E-01 ( 96, 13)   vdiff=  1.6190E-01 (120, 15)
n=  5545   udiff=  2.6010E-01 ( 96, 13)   vdiff=  1.6036E-01 (120, 15)
n=  5546   udiff=  2.6028E-01 ( 96, 13)   vdiff=  1.5880E-01 (120, 15)
n=  5547   udiff=  2.6045E-01 ( 96, 13)   vdiff=  1.5723E-01 (120, 15)
n=  5548   udiff=  2.6063E-01 ( 96, 13)   vdiff=  1.5564E-01 (120, 15)
n=  5549   udiff=  2.6080E-01 ( 96, 13)   vdiff=  1.5404E-01 (120, 15)
n=  5550   udiff=  2.6097E-01 ( 96, 13)   vdiff=  1.5244E-01 (120, 15)
n=  5551   udiff=  2.6115E-01 ( 96, 13)   vdiff=  1.5081E-01 (120, 15)
n=  5552   udiff=  2.6132E-01 ( 96, 13)   vdiff=  1.4918E-01 (120, 15)
n=  5553   udiff=  2.6148E-01 ( 96, 13)   vdiff=  1.4754E-01 (120, 15)
n=  5554   udiff=  2.6165E-01 ( 96, 13)   vdiff=  1.4588E-01 (120, 15)
n=  5555   udiff=  2.6182E-01 ( 96, 13)   vdiff=  1.4421E-01 (120, 15)
n=  5556   udiff=  2.6198E-01 ( 96, 13)   vdiff=  1.4253E-01 (120, 15)
n=  5557   udiff=  2.6215E-01 ( 96, 13)   vdiff=  1.4084E-01 (120, 15)
n=  5558   udiff=  2.6231E-01 ( 96, 13)   vdiff=  1.3914E-01 (120, 15)
n=  5559   udiff=  2.6247E-01 ( 96, 13)   vdiff=  1.3743E-01 (120, 15)
n=  5560   udiff=  2.6263E-01 ( 96, 13)   vdiff=  1.3571E-01 (120, 15)
n=  5561   udiff=  2.6279E-01 ( 96, 13)   vdiff=  1.3398E-01 (120, 15)
n=  5562   udiff=  2.6295E-01 ( 96, 13)   vdiff=  1.3224E-01 (120, 15)
n=  5563   udiff=  2.6310E-01 ( 96, 13)   vdiff=  1.3049E-01 (120, 15)
n=  5564   udiff=  2.6326E-01 ( 96, 13)   vdiff=  1.2873E-01 (120, 15)
n=  5565   udiff=  2.6341E-01 ( 96, 13)   vdiff=  1.2696E-01 (120, 15)
n=  5566   udiff=  2.6356E-01 ( 96, 13)   vdiff=  1.2624E-01 (119, 15)
n=  5567   udiff=  2.6371E-01 ( 96, 13)   vdiff=  1.2587E-01 (119, 15)
n=  5568   udiff=  2.6386E-01 ( 96, 13)   vdiff=  1.2550E-01 (119, 15)
n=  5569   udiff=  2.6401E-01 ( 96, 13)   vdiff=  1.2511E-01 (119, 15)
n=  5570   udiff=  2.6416E-01 ( 96, 13)   vdiff=  1.2470E-01 (119, 15)
n=  5571   udiff=  2.6430E-01 ( 96, 13)   vdiff=  1.2429E-01 (119, 15)
n=  5572   udiff=  2.6444E-01 ( 96, 13)   vdiff=  1.2387E-01 (119, 15)
n=  5573   udiff=  2.6459E-01 ( 96, 13)   vdiff=  1.2343E-01 (119, 15)
n=  5574   udiff=  2.6473E-01 ( 96, 13)   vdiff=  1.2298E-01 (119, 15)
n=  5575   udiff=  2.6487E-01 ( 96, 13)   vdiff=  1.2252E-01 (119, 15)
n=  5576   udiff=  2.6501E-01 ( 96, 13)   vdiff=  1.2205E-01 (119, 15)
n=  5577   udiff=  2.6514E-01 ( 96, 13)   vdiff=  1.2157E-01 (119, 15)
n=  5578   udiff=  2.6528E-01 ( 96, 13)   vdiff=  1.2108E-01 (119, 15)
n=  5579   udiff=  2.6541E-01 ( 96, 13)   vdiff=  1.2057E-01 (119, 15)
n=  5580   udiff=  2.6555E-01 ( 96, 13)   vdiff=  1.2006E-01 (119, 15)
n=  5581   udiff=  2.6568E-01 ( 96, 13)   vdiff=  1.1953E-01 (119, 15)
n=  5582   udiff=  2.6581E-01 ( 96, 13)   vdiff=  1.1900E-01 (119, 15)
n=  5583   udiff=  2.6594E-01 ( 96, 13)   vdiff=  1.1845E-01 (119, 15)
n=  5584   udiff=  2.6606E-01 ( 96, 13)   vdiff=  1.1790E-01 (119, 15)
n=  5585   udiff=  2.6619E-01 ( 96, 13)   vdiff=  1.1733E-01 (119, 15)
n=  5586   udiff=  2.6631E-01 ( 96, 13)   vdiff=  1.1675E-01 (119, 15)
n=  5587   udiff=  2.6643E-01 ( 96, 13)   vdiff=  1.1697E-01 (120, 13)
n=  5588   udiff=  2.6656E-01 ( 96, 13)   vdiff=  1.1903E-01 (120, 13)
n=  5589   udiff=  2.6668E-01 ( 96, 13)   vdiff=  1.2108E-01 (120, 13)
n=  5590   udiff=  2.6687E-01 ( 97, 13)   vdiff=  1.2312E-01 (120, 13)
n=  5591   udiff=  2.6707E-01 ( 97, 13)   vdiff=  1.2514E-01 (120, 13)
n=  5592   udiff=  2.6727E-01 ( 97, 13)   vdiff=  1.2715E-01 (120, 13)
n=  5593   udiff=  2.6747E-01 ( 97, 13)   vdiff=  1.2915E-01 (120, 13)
n=  5594   udiff=  2.6767E-01 ( 97, 13)   vdiff=  1.3114E-01 (120, 13)
n=  5595   udiff=  2.6786E-01 ( 97, 13)   vdiff=  1.3312E-01 (120, 13)
n=  5596   udiff=  2.6806E-01 ( 97, 13)   vdiff=  1.3508E-01 (120, 13)
n=  5597   udiff=  2.6825E-01 ( 97, 13)   vdiff=  1.3703E-01 (120, 13)
n=  5598   udiff=  2.6844E-01 ( 97, 13)   vdiff=  1.3897E-01 (120, 13)
n=  5599   udiff=  2.6863E-01 ( 97, 13)   vdiff=  1.4089E-01 (120, 13)
n=  5600   udiff=  2.6882E-01 ( 97, 13)   vdiff=  1.4280E-01 (120, 13)
n=  5601   udiff=  2.6901E-01 ( 97, 13)   vdiff=  1.4470E-01 (120, 13)
n=  5602   udiff=  2.6920E-01 ( 97, 13)   vdiff=  1.4658E-01 (120, 13)
n=  5603   udiff=  2.6938E-01 ( 97, 13)   vdiff=  1.4845E-01 (120, 13)
n=  5604   udiff=  2.6957E-01 ( 97, 13)   vdiff=  1.5031E-01 (120, 13)
n=  5605   udiff=  2.6975E-01 ( 97, 13)   vdiff=  1.5215E-01 (120, 13)
n=  5606   udiff=  2.6993E-01 ( 97, 13)   vdiff=  1.5398E-01 (120, 13)
n=  5607   udiff=  2.7011E-01 ( 97, 13)   vdiff=  1.5579E-01 (120, 13)
n=  5608   udiff=  2.7029E-01 ( 97, 13)   vdiff=  1.5759E-01 (120, 13)
n=  5609   udiff=  2.7047E-01 ( 97, 13)   vdiff=  1.5938E-01 (120, 13)
n=  5610   udiff=  2.7064E-01 ( 97, 13)   vdiff=  1.6115E-01 (120, 13)
n=  5611   udiff=  2.7081E-01 ( 97, 13)   vdiff=  1.6291E-01 (120, 13)
n=  5612   udiff=  2.7099E-01 ( 97, 13)   vdiff=  1.6465E-01 (120, 13)
n=  5613   udiff=  2.7116E-01 ( 97, 13)   vdiff=  1.6638E-01 (120, 13)
n=  5614   udiff=  2.7133E-01 ( 97, 13)   vdiff=  1.6809E-01 (120, 13)
n=  5615   udiff=  2.7150E-01 ( 97, 13)   vdiff=  1.6979E-01 (120, 13)
n=  5616   udiff=  2.7166E-01 ( 97, 13)   vdiff=  1.7147E-01 (120, 13)
n=  5617   udiff=  2.7183E-01 ( 97, 13)   vdiff=  1.7314E-01 (120, 13)
n=  5618   udiff=  2.7199E-01 ( 97, 13)   vdiff=  1.7479E-01 (120, 13)
n=  5619   udiff=  2.7215E-01 ( 97, 13)   vdiff=  1.7642E-01 (120, 13)
n=  5620   udiff=  2.7232E-01 ( 97, 13)   vdiff=  1.7805E-01 (120, 13)
n=  5621   udiff=  2.7248E-01 ( 97, 13)   vdiff=  1.7965E-01 (120, 13)
n=  5622   udiff=  2.7263E-01 ( 97, 13)   vdiff=  1.8124E-01 (120, 13)
n=  5623   udiff=  2.7279E-01 ( 97, 13)   vdiff=  1.8282E-01 (120, 13)
n=  5624   udiff=  2.7294E-01 ( 97, 13)   vdiff=  1.8437E-01 (120, 13)
n=  5625   udiff=  2.7310E-01 ( 97, 13)   vdiff=  1.8592E-01 (120, 13)
n=  5626   udiff=  2.7325E-01 ( 97, 13)   vdiff=  1.8744E-01 (120, 13)
n=  5627   udiff=  2.7340E-01 ( 97, 13)   vdiff=  1.8895E-01 (120, 13)
n=  5628   udiff=  2.7355E-01 ( 97, 13)   vdiff=  1.9045E-01 (120, 13)
n=  5629   udiff=  2.7370E-01 ( 97, 13)   vdiff=  1.9193E-01 (120, 13)
n=  5630   udiff=  2.7384E-01 ( 97, 13)   vdiff=  1.9339E-01 (120, 13)
n=  5631   udiff=  2.7399E-01 ( 97, 13)   vdiff=  1.9483E-01 (120, 13)
n=  5632   udiff=  2.7413E-01 ( 97, 13)   vdiff=  1.9626E-01 (120, 13)
n=  5633   udiff=  2.7427E-01 ( 97, 13)   vdiff=  1.9768E-01 (120, 13)
n=  5634   udiff=  2.7441E-01 ( 97, 13)   vdiff=  1.9907E-01 (120, 13)
n=  5635   udiff=  2.7455E-01 ( 97, 13)   vdiff=  2.0045E-01 (120, 13)
n=  5636   udiff=  2.7469E-01 ( 97, 13)   vdiff=  2.0182E-01 (120, 13)
n=  5637   udiff=  2.7482E-01 ( 97, 13)   vdiff=  2.0316E-01 (120, 13)
n=  5638   udiff=  2.7496E-01 ( 97, 13)   vdiff=  2.0449E-01 (120, 13)
n=  5639   udiff=  2.7509E-01 ( 97, 13)   vdiff=  2.0580E-01 (120, 13)
n=  5640   udiff=  2.7522E-01 ( 97, 13)   vdiff=  2.0710E-01 (120, 13)
n=  5641   udiff=  2.7535E-01 ( 97, 13)   vdiff=  2.0838E-01 (120, 13)
n=  5642   udiff=  2.7548E-01 ( 97, 13)   vdiff=  2.0964E-01 (120, 13)
n=  5643   udiff=  2.7561E-01 ( 97, 13)   vdiff=  2.1088E-01 (120, 13)
n=  5644   udiff=  2.7573E-01 ( 97, 13)   vdiff=  2.1211E-01 (120, 13)
n=  5645   udiff=  2.7585E-01 ( 97, 13)   vdiff=  2.1332E-01 (120, 13)
n=  5646   udiff=  2.7597E-01 ( 97, 13)   vdiff=  2.1452E-01 (120, 13)
n=  5647   udiff=  2.7609E-01 ( 97, 13)   vdiff=  2.1569E-01 (120, 13)
n=  5648   udiff=  2.7628E-01 ( 98, 13)   vdiff=  2.1685E-01 (120, 13)
n=  5649   udiff=  2.7649E-01 ( 98, 13)   vdiff=  2.1799E-01 (120, 13)
n=  5650   udiff=  2.7670E-01 ( 98, 13)   vdiff=  2.1912E-01 (120, 13)
n=  5651   udiff=  2.7691E-01 ( 98, 13)   vdiff=  2.2022E-01 (120, 13)
n=  5652   udiff=  2.7711E-01 ( 98, 13)   vdiff=  2.2131E-01 (120, 13)
n=  5653   udiff=  2.7731E-01 ( 98, 13)   vdiff=  2.2238E-01 (120, 13)
n=  5654   udiff=  2.7751E-01 ( 98, 13)   vdiff=  2.2344E-01 (120, 13)
n=  5655   udiff=  2.7771E-01 ( 98, 13)   vdiff=  2.2448E-01 (120, 13)
n=  5656   udiff=  2.7791E-01 ( 98, 13)   vdiff=  2.2550E-01 (120, 13)
n=  5657   udiff=  2.7811E-01 ( 98, 13)   vdiff=  2.2650E-01 (120, 13)
n=  5658   udiff=  2.7830E-01 ( 98, 13)   vdiff=  2.2748E-01 (120, 13)
n=  5659   udiff=  2.7849E-01 ( 98, 13)   vdiff=  2.2845E-01 (120, 13)
n=  5660   udiff=  2.7869E-01 ( 98, 13)   vdiff=  2.2940E-01 (120, 13)
n=  5661   udiff=  2.7888E-01 ( 98, 13)   vdiff=  2.3033E-01 (120, 13)
n=  5662   udiff=  2.7907E-01 ( 98, 13)   vdiff=  2.3125E-01 (120, 13)
n=  5663   udiff=  2.7925E-01 ( 98, 13)   vdiff=  2.3214E-01 (120, 13)
n=  5664   udiff=  2.7944E-01 ( 98, 13)   vdiff=  2.3302E-01 (120, 13)
n=  5665   udiff=  2.7962E-01 ( 98, 13)   vdiff=  2.3388E-01 (120, 13)
n=  5666   udiff=  2.7981E-01 ( 98, 13)   vdiff=  2.3473E-01 (120, 13)
n=  5667   udiff=  2.7999E-01 ( 98, 13)   vdiff=  2.3555E-01 (120, 13)
n=  5668   udiff=  2.8017E-01 ( 98, 13)   vdiff=  2.3636E-01 (120, 13)
n=  5669   udiff=  2.8034E-01 ( 98, 13)   vdiff=  2.3716E-01 (120, 13)
n=  5670   udiff=  2.8052E-01 ( 98, 13)   vdiff=  2.3793E-01 (120, 13)
n=  5671   udiff=  2.8069E-01 ( 98, 13)   vdiff=  2.3869E-01 (120, 13)
n=  5672   udiff=  2.8087E-01 ( 98, 13)   vdiff=  2.3943E-01 (120, 13)
n=  5673   udiff=  2.8104E-01 ( 98, 13)   vdiff=  2.4015E-01 (120, 13)
n=  5674   udiff=  2.8121E-01 ( 98, 13)   vdiff=  2.4085E-01 (120, 13)
n=  5675   udiff=  2.8138E-01 ( 98, 13)   vdiff=  2.4154E-01 (120, 13)
n=  5676   udiff=  2.8154E-01 ( 98, 13)   vdiff=  2.4221E-01 (120, 13)
n=  5677   udiff=  2.8171E-01 ( 98, 13)   vdiff=  2.4286E-01 (120, 13)
n=  5678   udiff=  2.8187E-01 ( 98, 13)   vdiff=  2.4349E-01 (120, 13)
n=  5679   udiff=  2.8203E-01 ( 98, 13)   vdiff=  2.4411E-01 (120, 13)
n=  5680   udiff=  2.8219E-01 ( 98, 13)   vdiff=  2.4471E-01 (120, 13)
n=  5681   udiff=  2.8235E-01 ( 98, 13)   vdiff=  2.4529E-01 (120, 13)
n=  5682   udiff=  2.8251E-01 ( 98, 13)   vdiff=  2.4586E-01 (120, 13)
n=  5683   udiff=  2.8266E-01 ( 98, 13)   vdiff=  2.4641E-01 (120, 13)
n=  5684   udiff=  2.8282E-01 ( 98, 13)   vdiff=  2.4694E-01 (120, 13)
n=  5685   udiff=  2.8297E-01 ( 98, 13)   vdiff=  2.4745E-01 (120, 13)
n=  5686   udiff=  2.8312E-01 ( 98, 13)   vdiff=  2.4795E-01 (120, 13)
n=  5687   udiff=  2.8331E-01 (104, 15)   vdiff=  2.4843E-01 (120, 13)
n=  5688   udiff=  2.8355E-01 (104, 15)   vdiff=  2.4889E-01 (120, 13)
n=  5689   udiff=  2.8380E-01 (104, 15)   vdiff=  2.4934E-01 (120, 13)
n=  5690   udiff=  2.8404E-01 (104, 15)   vdiff=  2.4976E-01 (120, 13)
n=  5691   udiff=  2.8428E-01 (104, 15)   vdiff=  2.5018E-01 (120, 13)
n=  5692   udiff=  2.8452E-01 (104, 15)   vdiff=  2.5057E-01 (120, 13)
n=  5693   udiff=  2.8477E-01 (104, 15)   vdiff=  2.5095E-01 (120, 13)
n=  5694   udiff=  2.8500E-01 (104, 15)   vdiff=  2.5131E-01 (120, 13)
n=  5695   udiff=  2.8524E-01 (104, 15)   vdiff=  2.5165E-01 (120, 13)
n=  5696   udiff=  2.8548E-01 (104, 15)   vdiff=  2.5198E-01 (120, 13)
n=  5697   udiff=  2.8572E-01 (104, 15)   vdiff=  2.5229E-01 (120, 13)
n=  5698   udiff=  2.8595E-01 (104, 15)   vdiff=  2.5259E-01 (120, 13)
n=  5699   udiff=  2.8619E-01 (104, 15)   vdiff=  2.5286E-01 (120, 13)
n=  5700   udiff=  2.8642E-01 (104, 15)   vdiff=  2.5312E-01 (120, 13)
n=  5701   udiff=  2.8666E-01 (104, 15)   vdiff=  2.5337E-01 (120, 13)
n=  5702   udiff=  2.8689E-01 (104, 15)   vdiff=  2.5360E-01 (120, 13)
n=  5703   udiff=  2.8712E-01 (104, 15)   vdiff=  2.5381E-01 (120, 13)
n=  5704   udiff=  2.8735E-01 (104, 15)   vdiff=  2.5400E-01 (120, 13)
n=  5705   udiff=  2.8758E-01 (104, 15)   vdiff=  2.5418E-01 (120, 13)
n=  5706   udiff=  2.8781E-01 (104, 15)   vdiff=  2.5435E-01 (120, 13)
n=  5707   udiff=  2.8803E-01 (104, 15)   vdiff=  2.5449E-01 (120, 13)
n=  5708   udiff=  2.8826E-01 (104, 15)   vdiff=  2.5462E-01 (120, 13)
n=  5709   udiff=  2.8848E-01 (104, 15)   vdiff=  2.5474E-01 (120, 13)
n=  5710   udiff=  2.8871E-01 (104, 15)   vdiff=  2.5484E-01 (120, 13)
n=  5711   udiff=  2.8893E-01 (104, 15)   vdiff=  2.5492E-01 (120, 13)
n=  5712   udiff=  2.8915E-01 (104, 15)   vdiff=  2.5499E-01 (120, 13)
n=  5713   udiff=  2.8937E-01 (104, 15)   vdiff=  2.5504E-01 (120, 13)
n=  5714   udiff=  2.8959E-01 (104, 15)   vdiff=  2.5507E-01 (120, 13)
n=  5715   udiff=  2.8980E-01 (104, 15)   vdiff=  2.5509E-01 (120, 13)
n=  5716   udiff=  2.9002E-01 (104, 15)   vdiff=  2.5509E-01 (120, 13)
n=  5717   udiff=  2.9024E-01 (104, 15)   vdiff=  2.5508E-01 (120, 13)
n=  5718   udiff=  2.9045E-01 (104, 15)   vdiff=  2.5506E-01 (120, 13)
n=  5719   udiff=  2.9066E-01 (104, 15)   vdiff=  2.5501E-01 (120, 13)
n=  5720   udiff=  2.9087E-01 (104, 15)   vdiff=  2.5496E-01 (120, 13)
n=  5721   udiff=  2.9108E-01 (104, 15)   vdiff=  2.5488E-01 (120, 13)
n=  5722   udiff=  2.9129E-01 (104, 15)   vdiff=  2.5479E-01 (120, 13)
n=  5723   udiff=  2.9150E-01 (104, 15)   vdiff=  2.5469E-01 (120, 13)
n=  5724   udiff=  2.9170E-01 (104, 15)   vdiff=  2.5457E-01 (120, 13)
n=  5725   udiff=  2.9190E-01 (104, 15)   vdiff=  2.5444E-01 (120, 13)
n=  5726   udiff=  2.9211E-01 (104, 15)   vdiff=  2.5429E-01 (120, 13)
n=  5727   udiff=  2.9231E-01 (104, 15)   vdiff=  2.5412E-01 (120, 13)
n=  5728   udiff=  2.9251E-01 (104, 15)   vdiff=  2.5395E-01 (120, 13)
n=  5729   udiff=  2.9271E-01 (104, 15)   vdiff=  2.5375E-01 (120, 13)
n=  5730   udiff=  2.9290E-01 (104, 15)   vdiff=  2.5354E-01 (120, 13)
n=  5731   udiff=  2.9310E-01 (104, 15)   vdiff=  2.5332E-01 (120, 13)
n=  5732   udiff=  2.9329E-01 (104, 15)   vdiff=  2.5309E-01 (120, 13)
n=  5733   udiff=  2.9348E-01 (104, 15)   vdiff=  2.5283E-01 (120, 13)
n=  5734   udiff=  2.9367E-01 (104, 15)   vdiff=  2.5257E-01 (120, 13)
n=  5735   udiff=  2.9386E-01 (104, 15)   vdiff=  2.5229E-01 (120, 13)
n=  5736   udiff=  2.9405E-01 (104, 15)   vdiff=  2.5199E-01 (120, 13)
n=  5737   udiff=  2.9423E-01 (104, 15)   vdiff=  2.5168E-01 (120, 13)
n=  5738   udiff=  2.9442E-01 (104, 15)   vdiff=  2.5136E-01 (120, 13)
n=  5739   udiff=  2.9460E-01 (104, 15)   vdiff=  2.5103E-01 (120, 13)
n=  5740   udiff=  2.9478E-01 (104, 15)   vdiff=  2.5067E-01 (120, 13)
n=  5741   udiff=  2.9496E-01 (104, 15)   vdiff=  2.5031E-01 (120, 13)
n=  5742   udiff=  2.9513E-01 (104, 15)   vdiff=  2.4993E-01 (120, 13)
n=  5743   udiff=  2.9535E-01 (105, 15)   vdiff=  2.4954E-01 (120, 13)
n=  5744   udiff=  2.9564E-01 (105, 15)   vdiff=  2.4913E-01 (120, 13)
n=  5745   udiff=  2.9594E-01 (105, 15)   vdiff=  2.4872E-01 (120, 13)
n=  5746   udiff=  2.9623E-01 (105, 15)   vdiff=  2.4828E-01 (120, 13)
n=  5747   udiff=  2.9652E-01 (105, 15)   vdiff=  2.4784E-01 (120, 13)
n=  5748   udiff=  2.9681E-01 (105, 15)   vdiff=  2.4738E-01 (120, 13)
n=  5749   udiff=  2.9710E-01 (105, 15)   vdiff=  2.4691E-01 (120, 13)
n=  5750   udiff=  2.9739E-01 (105, 15)   vdiff=  2.4642E-01 (120, 13)
n=  5751   udiff=  2.9768E-01 (105, 15)   vdiff=  2.4592E-01 (120, 13)
n=  5752   udiff=  2.9797E-01 (105, 15)   vdiff=  2.4541E-01 (120, 13)
n=  5753   udiff=  2.9825E-01 (105, 15)   vdiff=  2.4489E-01 (120, 13)
n=  5754   udiff=  2.9854E-01 (105, 15)   vdiff=  2.4435E-01 (120, 13)
n=  5755   udiff=  2.9882E-01 (105, 15)   vdiff=  2.4380E-01 (120, 13)
n=  5756   udiff=  2.9910E-01 (105, 15)   vdiff=  2.4324E-01 (120, 13)
n=  5757   udiff=  2.9938E-01 (105, 15)   vdiff=  2.4267E-01 (120, 13)
n=  5758   udiff=  2.9966E-01 (105, 15)   vdiff=  2.4208E-01 (120, 13)
n=  5759   udiff=  2.9994E-01 (105, 15)   vdiff=  2.4148E-01 (120, 13)
n=  5760   udiff=  3.0021E-01 (105, 15)   vdiff=  2.4087E-01 (120, 13)
n=  5761   udiff=  3.0049E-01 (105, 15)   vdiff=  2.4025E-01 (120, 13)
n=  5762   udiff=  3.0076E-01 (105, 15)   vdiff=  2.3961E-01 (120, 13)
n=  5763   udiff=  3.0103E-01 (105, 15)   vdiff=  2.3897E-01 (120, 13)
n=  5764   udiff=  3.0130E-01 (105, 15)   vdiff=  2.3831E-01 (120, 13)
n=  5765   udiff=  3.0157E-01 (105, 15)   vdiff=  2.3764E-01 (120, 13)
n=  5766   udiff=  3.0184E-01 (105, 15)   vdiff=  2.3696E-01 (120, 13)
n=  5767   udiff=  3.0211E-01 (105, 15)   vdiff=  2.3627E-01 (120, 13)
n=  5768   udiff=  3.0237E-01 (105, 15)   vdiff=  2.3556E-01 (120, 13)
n=  5769   udiff=  3.0263E-01 (105, 15)   vdiff=  2.3485E-01 (120, 13)
n=  5770   udiff=  3.0289E-01 (105, 15)   vdiff=  2.3412E-01 (120, 13)
n=  5771   udiff=  3.0315E-01 (105, 15)   vdiff=  2.3339E-01 (120, 13)
n=  5772   udiff=  3.0341E-01 (105, 15)   vdiff=  2.3264E-01 (120, 13)
n=  5773   udiff=  3.0367E-01 (105, 15)   vdiff=  2.3188E-01 (120, 13)
n=  5774   udiff=  3.0392E-01 (105, 15)   vdiff=  2.3111E-01 (120, 13)
n=  5775   udiff=  3.0418E-01 (105, 15)   vdiff=  2.3034E-01 (120, 13)
n=  5776   udiff=  3.0443E-01 (105, 15)   vdiff=  2.2955E-01 (120, 13)
n=  5777   udiff=  3.0468E-01 (105, 15)   vdiff=  2.2875E-01 (120, 13)
n=  5778   udiff=  3.0493E-01 (105, 15)   vdiff=  2.2794E-01 (120, 13)
n=  5779   udiff=  3.0517E-01 (105, 15)   vdiff=  2.2712E-01 (120, 13)
n=  5780   udiff=  3.0542E-01 (105, 15)   vdiff=  2.2629E-01 (120, 13)
n=  5781   udiff=  3.0566E-01 (105, 15)   vdiff=  2.2545E-01 (120, 13)
n=  5782   udiff=  3.0590E-01 (105, 15)   vdiff=  2.2460E-01 (120, 13)
n=  5783   udiff=  3.0614E-01 (105, 15)   vdiff=  2.2375E-01 (120, 13)
n=  5784   udiff=  3.0638E-01 (105, 15)   vdiff=  2.2288E-01 (120, 13)
n=  5785   udiff=  3.0661E-01 (105, 15)   vdiff=  2.2200E-01 (120, 13)
n=  5786   udiff=  3.0685E-01 (105, 15)   vdiff=  2.2112E-01 (120, 13)
n=  5787   udiff=  3.0708E-01 (105, 15)   vdiff=  2.2022E-01 (120, 13)
n=  5788   udiff=  3.0731E-01 (105, 15)   vdiff=  2.1932E-01 (120, 13)
n=  5789   udiff=  3.0754E-01 (105, 15)   vdiff=  2.1841E-01 (120, 13)
n=  5790   udiff=  3.0776E-01 (105, 15)   vdiff=  2.1749E-01 (120, 13)
n=  5791   udiff=  3.0799E-01 (105, 15)   vdiff=  2.1656E-01 (120, 13)
n=  5792   udiff=  3.0821E-01 (105, 15)   vdiff=  2.1562E-01 (120, 13)
n=  5793   udiff=  3.0843E-01 (105, 15)   vdiff=  2.1468E-01 (120, 13)
n=  5794   udiff=  3.0865E-01 (105, 15)   vdiff=  2.1373E-01 (120, 13)
n=  5795   udiff=  3.0886E-01 (105, 15)   vdiff=  2.1277E-01 (120, 13)
n=  5796   udiff=  3.0907E-01 (105, 15)   vdiff=  2.1180E-01 (120, 13)
n=  5797   udiff=  3.0929E-01 (105, 15)   vdiff=  2.1082E-01 (120, 13)
n=  5798   udiff=  3.0950E-01 (105, 15)   vdiff=  2.0984E-01 (120, 13)
n=  5799   udiff=  3.0970E-01 (105, 15)   vdiff=  2.0885E-01 (120, 13)
n=  5800   udiff=  3.0991E-01 (105, 15)   vdiff=  2.0785E-01 (120, 13)
n=  5801   udiff=  3.1011E-01 (105, 15)   vdiff=  2.0684E-01 (120, 13)
n=  5802   udiff=  3.1031E-01 (105, 15)   vdiff=  2.0583E-01 (120, 13)
n=  5803   udiff=  3.1051E-01 (105, 15)   vdiff=  2.0481E-01 (120, 13)
n=  5804   udiff=  3.1070E-01 (105, 15)   vdiff=  2.0379E-01 (120, 13)
n=  5805   udiff=  3.1089E-01 (105, 15)   vdiff=  2.0275E-01 (120, 13)
n=  5806   udiff=  3.1109E-01 (105, 15)   vdiff=  2.0171E-01 (120, 13)
n=  5807   udiff=  3.1127E-01 (105, 15)   vdiff=  2.0067E-01 (120, 13)
n=  5808   udiff=  3.1146E-01 (105, 15)   vdiff=  1.9962E-01 (120, 13)
n=  5809   udiff=  3.1164E-01 (105, 15)   vdiff=  1.9856E-01 (120, 13)
n=  5810   udiff=  3.1182E-01 (105, 15)   vdiff=  1.9750E-01 (120, 13)
n=  5811   udiff=  3.1211E-01 (106, 15)   vdiff=  1.9643E-01 (120, 13)
n=  5812   udiff=  3.1243E-01 (106, 15)   vdiff=  1.9535E-01 (120, 13)
n=  5813   udiff=  3.1274E-01 (106, 15)   vdiff=  1.9427E-01 (120, 13)
n=  5814   udiff=  3.1306E-01 (106, 15)   vdiff=  1.9318E-01 (120, 13)
n=  5815   udiff=  3.1338E-01 (106, 15)   vdiff=  1.9209E-01 (120, 13)
n=  5816   udiff=  3.1369E-01 (106, 15)   vdiff=  1.9099E-01 (120, 13)
n=  5817   udiff=  3.1400E-01 (106, 15)   vdiff=  1.8989E-01 (120, 13)
n=  5818   udiff=  3.1431E-01 (106, 15)   vdiff=  1.8878E-01 (120, 13)
n=  5819   udiff=  3.1462E-01 (106, 15)   vdiff=  1.8767E-01 (120, 13)
n=  5820   udiff=  3.1492E-01 (106, 15)   vdiff=  1.8655E-01 (120, 13)
n=  5821   udiff=  3.1523E-01 (106, 15)   vdiff=  1.8543E-01 (120, 13)
n=  5822   udiff=  3.1553E-01 (106, 15)   vdiff=  1.8430E-01 (120, 13)
n=  5823   udiff=  3.1583E-01 (106, 15)   vdiff=  1.8317E-01 (120, 13)
n=  5824   udiff=  3.1613E-01 (106, 15)   vdiff=  1.8204E-01 (120, 13)
n=  5825   udiff=  3.1642E-01 (106, 15)   vdiff=  1.8090E-01 (120, 13)
n=  5826   udiff=  3.1672E-01 (106, 15)   vdiff=  1.7975E-01 (120, 13)
n=  5827   udiff=  3.1701E-01 (106, 15)   vdiff=  1.7860E-01 (120, 13)
n=  5828   udiff=  3.1730E-01 (106, 15)   vdiff=  1.7745E-01 (120, 13)
n=  5829   udiff=  3.1759E-01 (106, 15)   vdiff=  1.7629E-01 (120, 13)
n=  5830   udiff=  3.1788E-01 (106, 15)   vdiff=  1.7513E-01 (120, 13)
n=  5831   udiff=  3.1816E-01 (106, 15)   vdiff=  1.7437E-01 (120, 15)
n=  5832   udiff=  3.1845E-01 (106, 15)   vdiff=  1.7393E-01 (120, 15)
n=  5833   udiff=  3.1873E-01 (106, 15)   vdiff=  1.7348E-01 (120, 15)
n=  5834   udiff=  3.1901E-01 (106, 15)   vdiff=  1.7301E-01 (120, 15)
n=  5835   udiff=  3.1928E-01 (106, 15)   vdiff=  1.7254E-01 (120, 15)
n=  5836   udiff=  3.1956E-01 (106, 15)   vdiff=  1.7205E-01 (120, 15)
n=  5837   udiff=  3.1983E-01 (106, 15)   vdiff=  1.7155E-01 (120, 15)
n=  5838   udiff=  3.2010E-01 (106, 15)   vdiff=  1.7104E-01 (120, 15)
n=  5839   udiff=  3.2037E-01 (106, 15)   vdiff=  1.7052E-01 (120, 15)
n=  5840   udiff=  3.2063E-01 (106, 15)   vdiff=  1.6999E-01 (120, 15)
n=  5841   udiff=  3.2090E-01 (106, 15)   vdiff=  1.6945E-01 (120, 15)
n=  5842   udiff=  3.2116E-01 (106, 15)   vdiff=  1.6890E-01 (120, 15)
n=  5843   udiff=  3.2142E-01 (106, 15)   vdiff=  1.6834E-01 (120, 15)
n=  5844   udiff=  3.2167E-01 (106, 15)   vdiff=  1.6776E-01 (120, 15)
n=  5845   udiff=  3.2193E-01 (106, 15)   vdiff=  1.6718E-01 (120, 15)
n=  5846   udiff=  3.2218E-01 (106, 15)   vdiff=  1.6659E-01 (120, 15)
n=  5847   udiff=  3.2243E-01 (106, 15)   vdiff=  1.6598E-01 (120, 15)
n=  5848   udiff=  3.2267E-01 (106, 15)   vdiff=  1.6537E-01 (120, 15)
n=  5849   udiff=  3.2292E-01 (106, 15)   vdiff=  1.6474E-01 (120, 15)
n=  5850   udiff=  3.2316E-01 (106, 15)   vdiff=  1.6411E-01 (120, 15)
n=  5851   udiff=  3.2344E-01 (104, 14)   vdiff=  1.6346E-01 (120, 15)
n=  5852   udiff=  3.2378E-01 (104, 14)   vdiff=  1.6281E-01 (120, 15)
n=  5853   udiff=  3.2412E-01 (104, 14)   vdiff=  1.6215E-01 (120, 15)
n=  5854   udiff=  3.2446E-01 (104, 14)   vdiff=  1.6147E-01 (120, 15)
n=  5855   udiff=  3.2479E-01 (104, 14)   vdiff=  1.6079E-01 (120, 15)
n=  5856   udiff=  3.2512E-01 (104, 14)   vdiff=  1.6010E-01 (120, 15)
n=  5857   udiff=  3.2545E-01 (104, 14)   vdiff=  1.5939E-01 (120, 15)
n=  5858   udiff=  3.2577E-01 (104, 14)   vdiff=  1.5868E-01 (120, 15)
n=  5859   udiff=  3.2609E-01 (104, 14)   vdiff=  1.5796E-01 (120, 15)
n=  5860   udiff=  3.2640E-01 (104, 14)   vdiff=  1.5723E-01 (120, 15)
n=  5861   udiff=  3.2672E-01 (104, 14)   vdiff=  1.5649E-01 (120, 15)
n=  5862   udiff=  3.2703E-01 (104, 14)   vdiff=  1.5574E-01 (120, 15)
n=  5863   udiff=  3.2733E-01 (104, 14)   vdiff=  1.5498E-01 (120, 15)
n=  5864   udiff=  3.2763E-01 (104, 14)   vdiff=  1.5422E-01 (120, 15)
n=  5865   udiff=  3.2793E-01 (104, 14)   vdiff=  1.5344E-01 (120, 15)
n=  5866   udiff=  3.2822E-01 (104, 14)   vdiff=  1.5266E-01 (120, 15)
n=  5867   udiff=  3.2851E-01 (104, 14)   vdiff=  1.5186E-01 (120, 15)
n=  5868   udiff=  3.2880E-01 (104, 14)   vdiff=  1.5106E-01 (120, 15)
n=  5869   udiff=  3.2908E-01 (104, 14)   vdiff=  1.5025E-01 (120, 15)
n=  5870   udiff=  3.2936E-01 (104, 14)   vdiff=  1.4943E-01 (120, 15)
n=  5871   udiff=  3.2964E-01 (104, 14)   vdiff=  1.4860E-01 (120, 15)
n=  5872   udiff=  3.2991E-01 (104, 14)   vdiff=  1.4777E-01 (120, 15)
n=  5873   udiff=  3.3018E-01 (104, 14)   vdiff=  1.4693E-01 (120, 15)
n=  5874   udiff=  3.3044E-01 (104, 14)   vdiff=  1.4607E-01 (120, 15)
n=  5875   udiff=  3.3070E-01 (104, 14)   vdiff=  1.4521E-01 (120, 15)
n=  5876   udiff=  3.3096E-01 (104, 14)   vdiff=  1.4435E-01 (120, 15)
n=  5877   udiff=  3.3121E-01 (104, 14)   vdiff=  1.4347E-01 (120, 15)
n=  5878   udiff=  3.3146E-01 (104, 14)   vdiff=  1.4259E-01 (120, 15)
n=  5879   udiff=  3.3170E-01 (104, 14)   vdiff=  1.4169E-01 (120, 15)
n=  5880   udiff=  3.3194E-01 (104, 14)   vdiff=  1.4080E-01 (120, 15)
n=  5881   udiff=  3.3218E-01 (104, 14)   vdiff=  1.4040E-01 ( 98, 13)
n=  5882   udiff=  3.3241E-01 (104, 14)   vdiff=  1.4049E-01 ( 98, 13)
n=  5883   udiff=  3.3264E-01 (104, 14)   vdiff=  1.4057E-01 ( 98, 13)
n=  5884   udiff=  3.3286E-01 (104, 14)   vdiff=  1.4065E-01 ( 98, 13)
n=  5885   udiff=  3.3326E-01 (105, 14)   vdiff=  1.4073E-01 ( 98, 13)
n=  5886   udiff=  3.3368E-01 (105, 14)   vdiff=  1.4080E-01 ( 98, 13)
n=  5887   udiff=  3.3410E-01 (105, 14)   vdiff=  1.4086E-01 ( 98, 13)
n=  5888   udiff=  3.3452E-01 (105, 14)   vdiff=  1.4096E-01 ( 98, 12)
n=  5889   udiff=  3.3494E-01 (105, 14)   vdiff=  1.4109E-01 ( 98, 12)
n=  5890   udiff=  3.3535E-01 (105, 14)   vdiff=  1.4122E-01 ( 98, 12)
n=  5891   udiff=  3.3576E-01 (105, 14)   vdiff=  1.4134E-01 ( 98, 12)
n=  5892   udiff=  3.3616E-01 (105, 14)   vdiff=  1.4146E-01 ( 98, 12)
n=  5893   udiff=  3.3656E-01 (105, 14)   vdiff=  1.4157E-01 ( 98, 12)
n=  5894   udiff=  3.3696E-01 (105, 14)   vdiff=  1.4169E-01 ( 98, 12)
n=  5895   udiff=  3.3736E-01 (105, 14)   vdiff=  1.4179E-01 ( 98, 12)
n=  5896   udiff=  3.3775E-01 (105, 14)   vdiff=  1.4190E-01 ( 98, 12)
n=  5897   udiff=  3.3813E-01 (105, 14)   vdiff=  1.4200E-01 ( 98, 12)
n=  5898   udiff=  3.3852E-01 (105, 14)   vdiff=  1.4210E-01 ( 98, 12)
n=  5899   udiff=  3.3890E-01 (105, 14)   vdiff=  1.4219E-01 ( 98, 12)
n=  5900   udiff=  3.3927E-01 (105, 14)   vdiff=  1.4228E-01 ( 98, 12)
n=  5901   udiff=  3.3965E-01 (105, 14)   vdiff=  1.4249E-01 ( 99, 13)
n=  5902   udiff=  3.4002E-01 (105, 14)   vdiff=  1.4271E-01 ( 99, 13)
n=  5903   udiff=  3.4038E-01 (105, 14)   vdiff=  1.4292E-01 ( 99, 13)
n=  5904   udiff=  3.4075E-01 (105, 14)   vdiff=  1.4313E-01 ( 99, 13)
n=  5905   udiff=  3.4110E-01 (105, 14)   vdiff=  1.4333E-01 ( 99, 13)
n=  5906   udiff=  3.4146E-01 (105, 14)   vdiff=  1.4353E-01 ( 99, 13)
n=  5907   udiff=  3.4181E-01 (105, 14)   vdiff=  1.4373E-01 ( 99, 13)
n=  5908   udiff=  3.4216E-01 (105, 14)   vdiff=  1.4392E-01 ( 99, 13)
n=  5909   udiff=  3.4250E-01 (105, 14)   vdiff=  1.4411E-01 ( 99, 13)
n=  5910   udiff=  3.4284E-01 (105, 14)   vdiff=  1.4430E-01 ( 99, 13)
n=  5911   udiff=  3.4317E-01 (105, 14)   vdiff=  1.4448E-01 ( 99, 13)
n=  5912   udiff=  3.4351E-01 (105, 14)   vdiff=  1.4466E-01 ( 99, 13)
n=  5913   udiff=  3.4383E-01 (105, 14)   vdiff=  1.4484E-01 ( 99, 13)
n=  5914   udiff=  3.4416E-01 (105, 14)   vdiff=  1.4501E-01 ( 99, 13)
n=  5915   udiff=  3.4448E-01 (105, 14)   vdiff=  1.4518E-01 ( 99, 13)
n=  5916   udiff=  3.4479E-01 (105, 14)   vdiff=  1.4534E-01 ( 99, 13)
n=  5917   udiff=  3.4511E-01 (105, 14)   vdiff=  1.4550E-01 ( 99, 13)
n=  5918   udiff=  3.4541E-01 (105, 14)   vdiff=  1.4566E-01 ( 99, 13)
n=  5919   udiff=  3.4572E-01 (105, 14)   vdiff=  1.4581E-01 ( 99, 13)
n=  5920   udiff=  3.4602E-01 (105, 14)   vdiff=  1.4596E-01 ( 99, 13)
n=  5921   udiff=  3.4631E-01 (105, 14)   vdiff=  1.4610E-01 ( 99, 13)
n=  5922   udiff=  3.4661E-01 (105, 14)   vdiff=  1.4624E-01 ( 99, 13)
n=  5923   udiff=  3.4689E-01 (105, 14)   vdiff=  1.4638E-01 ( 99, 13)
n=  5924   udiff=  3.4718E-01 (105, 14)   vdiff=  1.4651E-01 ( 99, 13)
n=  5925   udiff=  3.4746E-01 (105, 14)   vdiff=  1.4664E-01 ( 99, 13)
n=  5926   udiff=  3.4773E-01 (105, 14)   vdiff=  1.4676E-01 ( 99, 13)
n=  5927   udiff=  3.4800E-01 (105, 14)   vdiff=  1.4688E-01 ( 99, 13)
n=  5928   udiff=  3.4827E-01 (105, 14)   vdiff=  1.4699E-01 ( 99, 13)
n=  5929   udiff=  3.4853E-01 (105, 14)   vdiff=  1.4711E-01 ( 99, 13)
n=  5930   udiff=  3.4879E-01 (105, 14)   vdiff=  1.4721E-01 ( 99, 13)
n=  5931   udiff=  3.4904E-01 (105, 14)   vdiff=  1.4732E-01 ( 99, 13)
n=  5932   udiff=  3.4929E-01 (105, 14)   vdiff=  1.4742E-01 ( 99, 13)
n=  5933   udiff=  3.4954E-01 (105, 14)   vdiff=  1.4751E-01 ( 99, 13)
n=  5934   udiff=  3.4978E-01 (105, 14)   vdiff=  1.4760E-01 ( 99, 13)
n=  5935   udiff=  3.5002E-01 (105, 14)   vdiff=  1.4769E-01 ( 99, 13)
n=  5936   udiff=  3.5025E-01 (105, 14)   vdiff=  1.4777E-01 ( 99, 13)
n=  5937   udiff=  3.5048E-01 (105, 14)   vdiff=  1.4785E-01 ( 99, 13)
n=  5938   udiff=  3.5070E-01 (105, 14)   vdiff=  1.4793E-01 ( 99, 13)
n=  5939   udiff=  3.5092E-01 (105, 14)   vdiff=  1.4800E-01 ( 99, 13)
n=  5940   udiff=  3.5129E-01 (106, 14)   vdiff=  1.4807E-01 ( 99, 13)
n=  5941   udiff=  3.5172E-01 (106, 14)   vdiff=  1.4813E-01 ( 99, 13)
n=  5942   udiff=  3.5215E-01 (106, 14)   vdiff=  1.4819E-01 ( 99, 13)
n=  5943   udiff=  3.5258E-01 (106, 14)   vdiff=  1.4824E-01 ( 99, 13)
n=  5944   udiff=  3.5300E-01 (106, 14)   vdiff=  1.4830E-01 ( 99, 13)
n=  5945   udiff=  3.5342E-01 (106, 14)   vdiff=  1.4836E-01 ( 99, 12)
n=  5946   udiff=  3.5383E-01 (106, 14)   vdiff=  1.4848E-01 ( 99, 12)
n=  5947   udiff=  3.5424E-01 (106, 14)   vdiff=  1.4859E-01 ( 99, 12)
n=  5948   udiff=  3.5465E-01 (106, 14)   vdiff=  1.4870E-01 ( 99, 12)
n=  5949   udiff=  3.5505E-01 (106, 14)   vdiff=  1.4881E-01 ( 99, 12)
n=  5950   udiff=  3.5545E-01 (106, 14)   vdiff=  1.4891E-01 ( 99, 12)
n=  5951   udiff=  3.5585E-01 (106, 14)   vdiff=  1.4901E-01 ( 99, 12)
n=  5952   udiff=  3.5624E-01 (106, 14)   vdiff=  1.4910E-01 ( 99, 12)
n=  5953   udiff=  3.5663E-01 (106, 14)   vdiff=  1.4919E-01 ( 99, 12)
n=  5954   udiff=  3.5701E-01 (106, 14)   vdiff=  1.4938E-01 (100, 13)
n=  5955   udiff=  3.5739E-01 (106, 14)   vdiff=  1.4960E-01 (100, 13)
n=  5956   udiff=  3.5776E-01 (106, 14)   vdiff=  1.4982E-01 (100, 13)
n=  5957   udiff=  3.5813E-01 (106, 14)   vdiff=  1.5004E-01 (100, 13)
n=  5958   udiff=  3.5850E-01 (106, 14)   vdiff=  1.5025E-01 (100, 13)
n=  5959   udiff=  3.5887E-01 (106, 14)   vdiff=  1.5046E-01 (100, 13)
n=  5960   udiff=  3.5922E-01 (106, 14)   vdiff=  1.5066E-01 (100, 13)
n=  5961   udiff=  3.5958E-01 (106, 14)   vdiff=  1.5086E-01 (100, 13)
n=  5962   udiff=  3.5993E-01 (106, 14)   vdiff=  1.5106E-01 (100, 13)
n=  5963   udiff=  3.6028E-01 (106, 14)   vdiff=  1.5125E-01 (100, 13)
n=  5964   udiff=  3.6062E-01 (106, 14)   vdiff=  1.5144E-01 (100, 13)
n=  5965   udiff=  3.6096E-01 (106, 14)   vdiff=  1.5163E-01 (100, 13)
n=  5966   udiff=  3.6129E-01 (106, 14)   vdiff=  1.5181E-01 (100, 13)
n=  5967   udiff=  3.6162E-01 (106, 14)   vdiff=  1.5199E-01 (100, 13)
n=  5968   udiff=  3.6195E-01 (106, 14)   vdiff=  1.5216E-01 (100, 13)
n=  5969   udiff=  3.6227E-01 (106, 14)   vdiff=  1.5233E-01 (100, 13)
n=  5970   udiff=  3.6258E-01 (106, 14)   vdiff=  1.5249E-01 (100, 13)
n=  5971   udiff=  3.6290E-01 (106, 14)   vdiff=  1.5265E-01 (100, 13)
n=  5972   udiff=  3.6321E-01 (106, 14)   vdiff=  1.5281E-01 (100, 13)
n=  5973   udiff=  3.6351E-01 (106, 14)   vdiff=  1.5296E-01 (100, 13)
n=  5974   udiff=  3.6381E-01 (106, 14)   vdiff=  1.5311E-01 (100, 13)
n=  5975   udiff=  3.6410E-01 (106, 14)   vdiff=  1.5326E-01 (100, 13)
n=  5976   udiff=  3.6439E-01 (106, 14)   vdiff=  1.5340E-01 (100, 13)
n=  5977   udiff=  3.6468E-01 (106, 14)   vdiff=  1.5353E-01 (100, 13)
n=  5978   udiff=  3.6496E-01 (106, 14)   vdiff=  1.5366E-01 (100, 13)
n=  5979   udiff=  3.6524E-01 (106, 14)   vdiff=  1.5379E-01 (100, 13)
n=  5980   udiff=  3.6551E-01 (106, 14)   vdiff=  1.5391E-01 (100, 13)
n=  5981   udiff=  3.6578E-01 (106, 14)   vdiff=  1.5403E-01 (100, 13)
n=  5982   udiff=  3.6604E-01 (106, 14)   vdiff=  1.5415E-01 (100, 13)
n=  5983   udiff=  3.6630E-01 (106, 14)   vdiff=  1.5426E-01 (100, 13)
n=  5984   udiff=  3.6655E-01 (106, 14)   vdiff=  1.5436E-01 (100, 13)
n=  5985   udiff=  3.6680E-01 (106, 14)   vdiff=  1.5447E-01 (100, 13)
n=  5986   udiff=  3.6704E-01 (106, 14)   vdiff=  1.5456E-01 (100, 13)
n=  5987   udiff=  3.6728E-01 (106, 14)   vdiff=  1.5466E-01 (100, 13)
n=  5988   udiff=  3.6752E-01 (106, 14)   vdiff=  1.5474E-01 (100, 13)
n=  5989   udiff=  3.6775E-01 (106, 14)   vdiff=  1.5483E-01 (100, 13)
n=  5990   udiff=  3.6797E-01 (106, 14)   vdiff=  1.5491E-01 (100, 13)
n=  5991   udiff=  3.6819E-01 (106, 14)   vdiff=  1.5498E-01 (100, 13)
n=  5992   udiff=  3.6841E-01 (106, 14)   vdiff=  1.5505E-01 (100, 13)
n=  5993   udiff=  3.6862E-01 (106, 14)   vdiff=  1.5512E-01 (100, 13)
n=  5994   udiff=  3.6887E-01 (107, 14)   vdiff=  1.5518E-01 (100, 13)
n=  5995   udiff=  3.6931E-01 (107, 14)   vdiff=  1.5524E-01 (100, 13)
n=  5996   udiff=  3.6974E-01 (107, 14)   vdiff=  1.5529E-01 (100, 13)
n=  5997   udiff=  3.7017E-01 (107, 14)   vdiff=  1.5534E-01 (100, 13)
n=  5998   udiff=  3.7059E-01 (107, 14)   vdiff=  1.5538E-01 (100, 13)
n=  5999   udiff=  3.7102E-01 (107, 14)   vdiff=  1.5542E-01 (100, 13)
n=  6000   udiff=  3.7143E-01 (107, 14)   vdiff=  1.5545E-01 (100, 13)
n=  6001   udiff=  3.7185E-01 (107, 14)   vdiff=  1.5552E-01 (100, 12)
n=  6002   udiff=  3.7225E-01 (107, 14)   vdiff=  1.5563E-01 (100, 12)
n=  6003   udiff=  3.7266E-01 (107, 14)   vdiff=  1.5573E-01 (100, 12)
n=  6004   udiff=  3.7306E-01 (107, 14)   vdiff=  1.5583E-01 (100, 12)
n=  6005   udiff=  3.7346E-01 (107, 14)   vdiff=  1.5592E-01 (100, 12)
n=  6006   udiff=  3.7385E-01 (107, 14)   vdiff=  1.5601E-01 (100, 12)
n=  6007   udiff=  3.7424E-01 (107, 14)   vdiff=  1.5613E-01 (101, 13)
n=  6008   udiff=  3.7462E-01 (107, 14)   vdiff=  1.5637E-01 (101, 13)
n=  6009   udiff=  3.7500E-01 (107, 14)   vdiff=  1.5659E-01 (101, 13)
n=  6010   udiff=  3.7537E-01 (107, 14)   vdiff=  1.5682E-01 (101, 13)
n=  6011   udiff=  3.7574E-01 (107, 14)   vdiff=  1.5704E-01 (101, 13)
n=  6012   udiff=  3.7611E-01 (107, 14)   vdiff=  1.5725E-01 (101, 13)
n=  6013   udiff=  3.7647E-01 (107, 14)   vdiff=  1.5746E-01 (101, 13)
n=  6014   udiff=  3.7683E-01 (107, 14)   vdiff=  1.5767E-01 (101, 13)
n=  6015   udiff=  3.7718E-01 (107, 14)   vdiff=  1.5787E-01 (101, 13)
n=  6016   udiff=  3.7753E-01 (107, 14)   vdiff=  1.5807E-01 (101, 13)
n=  6017   udiff=  3.7787E-01 (107, 14)   vdiff=  1.5826E-01 (101, 13)
n=  6018   udiff=  3.7821E-01 (107, 14)   vdiff=  1.5845E-01 (101, 13)
n=  6019   udiff=  3.7854E-01 (107, 14)   vdiff=  1.5864E-01 (101, 13)
n=  6020   udiff=  3.7887E-01 (107, 14)   vdiff=  1.5882E-01 (101, 13)
n=  6021   udiff=  3.7920E-01 (107, 14)   vdiff=  1.5900E-01 (101, 13)
n=  6022   udiff=  3.7952E-01 (107, 14)   vdiff=  1.5917E-01 (101, 13)
n=  6023   udiff=  3.7983E-01 (107, 14)   vdiff=  1.5934E-01 (101, 13)
n=  6024   udiff=  3.8014E-01 (107, 14)   vdiff=  1.5950E-01 (101, 13)
n=  6025   udiff=  3.8045E-01 (107, 14)   vdiff=  1.5966E-01 (101, 13)
n=  6026   udiff=  3.8075E-01 (107, 14)   vdiff=  1.5982E-01 (101, 13)
n=  6027   udiff=  3.8105E-01 (107, 14)   vdiff=  1.5997E-01 (101, 13)
n=  6028   udiff=  3.8134E-01 (107, 14)   vdiff=  1.6011E-01 (101, 13)
n=  6029   udiff=  3.8162E-01 (107, 14)   vdiff=  1.6025E-01 (101, 13)
n=  6030   udiff=  3.8191E-01 (107, 14)   vdiff=  1.6039E-01 (101, 13)
n=  6031   udiff=  3.8218E-01 (107, 14)   vdiff=  1.6052E-01 (101, 13)
n=  6032   udiff=  3.8246E-01 (107, 14)   vdiff=  1.6065E-01 (101, 13)
n=  6033   udiff=  3.8272E-01 (107, 14)   vdiff=  1.6078E-01 (101, 13)
n=  6034   udiff=  3.8298E-01 (107, 14)   vdiff=  1.6089E-01 (101, 13)
n=  6035   udiff=  3.8324E-01 (107, 14)   vdiff=  1.6101E-01 (101, 13)
n=  6036   udiff=  3.8349E-01 (107, 14)   vdiff=  1.6112E-01 (101, 13)
n=  6037   udiff=  3.8374E-01 (107, 14)   vdiff=  1.6122E-01 (101, 13)
n=  6038   udiff=  3.8398E-01 (107, 14)   vdiff=  1.6133E-01 (101, 13)
n=  6039   udiff=  3.8422E-01 (107, 14)   vdiff=  1.6142E-01 (101, 13)
n=  6040   udiff=  3.8445E-01 (107, 14)   vdiff=  1.6151E-01 (101, 13)
n=  6041   udiff=  3.8468E-01 (107, 14)   vdiff=  1.6160E-01 (101, 13)
n=  6042   udiff=  3.8490E-01 (107, 14)   vdiff=  1.6168E-01 (101, 13)
n=  6043   udiff=  3.8512E-01 (107, 14)   vdiff=  1.6176E-01 (101, 13)
n=  6044   udiff=  3.8533E-01 (107, 14)   vdiff=  1.6183E-01 (101, 13)
n=  6045   udiff=  3.8554E-01 (107, 14)   vdiff=  1.6190E-01 (101, 13)
n=  6046   udiff=  3.8574E-01 (107, 14)   vdiff=  1.6197E-01 (101, 13)
n=  6047   udiff=  3.8593E-01 (107, 14)   vdiff=  1.6203E-01 (101, 13)
n=  6048   udiff=  3.8614E-01 (108, 14)   vdiff=  1.6208E-01 (101, 13)
n=  6049   udiff=  3.8657E-01 (108, 14)   vdiff=  1.6213E-01 (101, 13)
n=  6050   udiff=  3.8700E-01 (108, 14)   vdiff=  1.6217E-01 (101, 13)
n=  6051   udiff=  3.8743E-01 (108, 14)   vdiff=  1.6221E-01 (101, 13)
n=  6052   udiff=  3.8785E-01 (108, 14)   vdiff=  1.6225E-01 (101, 13)
n=  6053   udiff=  3.8827E-01 (108, 14)   vdiff=  1.6227E-01 (101, 13)
n=  6054   udiff=  3.8868E-01 (108, 14)   vdiff=  1.6230E-01 (101, 13)
n=  6055   udiff=  3.8909E-01 (108, 14)   vdiff=  1.6233E-01 (101, 12)
n=  6056   udiff=  3.8949E-01 (108, 14)   vdiff=  1.6243E-01 (101, 12)
n=  6057   udiff=  3.8989E-01 (108, 14)   vdiff=  1.6253E-01 (101, 12)
n=  6058   udiff=  3.9029E-01 (108, 14)   vdiff=  1.6261E-01 (101, 12)
n=  6059   udiff=  3.9068E-01 (108, 14)   vdiff=  1.6270E-01 (101, 12)
n=  6060   udiff=  3.9106E-01 (108, 14)   vdiff=  1.6278E-01 (101, 12)
n=  6061   udiff=  3.9144E-01 (108, 14)   vdiff=  1.6299E-01 (102, 13)
n=  6062   udiff=  3.9182E-01 (108, 14)   vdiff=  1.6322E-01 (102, 13)
n=  6063   udiff=  3.9219E-01 (108, 14)   vdiff=  1.6345E-01 (102, 13)
n=  6064   udiff=  3.9256E-01 (108, 14)   vdiff=  1.6367E-01 (102, 13)
n=  6065   udiff=  3.9292E-01 (108, 14)   vdiff=  1.6389E-01 (102, 13)
n=  6066   udiff=  3.9327E-01 (108, 14)   vdiff=  1.6411E-01 (102, 13)
n=  6067   udiff=  3.9363E-01 (108, 14)   vdiff=  1.6432E-01 (102, 13)
n=  6068   udiff=  3.9397E-01 (108, 14)   vdiff=  1.6453E-01 (102, 13)
n=  6069   udiff=  3.9432E-01 (108, 14)   vdiff=  1.6473E-01 (102, 13)
n=  6070   udiff=  3.9465E-01 (108, 14)   vdiff=  1.6492E-01 (102, 13)
n=  6071   udiff=  3.9498E-01 (108, 14)   vdiff=  1.6512E-01 (102, 13)
n=  6072   udiff=  3.9531E-01 (108, 14)   vdiff=  1.6530E-01 (102, 13)
n=  6073   udiff=  3.9563E-01 (108, 14)   vdiff=  1.6549E-01 (102, 13)
n=  6074   udiff=  3.9595E-01 (108, 14)   vdiff=  1.6567E-01 (102, 13)
n=  6075   udiff=  3.9626E-01 (108, 14)   vdiff=  1.6584E-01 (102, 13)
n=  6076   udiff=  3.9657E-01 (108, 14)   vdiff=  1.6601E-01 (102, 13)
n=  6077   udiff=  3.9687E-01 (108, 14)   vdiff=  1.6617E-01 (102, 13)
n=  6078   udiff=  3.9717E-01 (108, 14)   vdiff=  1.6633E-01 (102, 13)
n=  6079   udiff=  3.9746E-01 (108, 14)   vdiff=  1.6649E-01 (102, 13)
n=  6080   udiff=  3.9775E-01 (108, 14)   vdiff=  1.6664E-01 (102, 13)
n=  6081   udiff=  3.9803E-01 (108, 14)   vdiff=  1.6678E-01 (102, 13)
n=  6082   udiff=  3.9831E-01 (108, 14)   vdiff=  1.6692E-01 (102, 13)
n=  6083   udiff=  3.9858E-01 (108, 14)   vdiff=  1.6706E-01 (102, 13)
n=  6084   udiff=  3.9884E-01 (108, 14)   vdiff=  1.6719E-01 (102, 13)
n=  6085   udiff=  3.9910E-01 (108, 14)   vdiff=  1.6732E-01 (102, 13)
n=  6086   udiff=  3.9936E-01 (108, 14)   vdiff=  1.6744E-01 (102, 13)
n=  6087   udiff=  3.9961E-01 (108, 14)   vdiff=  1.6755E-01 (102, 13)
n=  6088   udiff=  3.9985E-01 (108, 14)   vdiff=  1.6767E-01 (102, 13)
n=  6089   udiff=  4.0009E-01 (108, 14)   vdiff=  1.6777E-01 (102, 13)
n=  6090   udiff=  4.0032E-01 (108, 14)   vdiff=  1.6787E-01 (102, 13)
n=  6091   udiff=  4.0055E-01 (108, 14)   vdiff=  1.6797E-01 (102, 13)
n=  6092   udiff=  4.0078E-01 (108, 14)   vdiff=  1.6806E-01 (102, 13)
n=  6093   udiff=  4.0099E-01 (108, 14)   vdiff=  1.6815E-01 (102, 13)
n=  6094   udiff=  4.0121E-01 (108, 14)   vdiff=  1.6823E-01 (102, 13)
n=  6095   udiff=  4.0141E-01 (108, 14)   vdiff=  1.6882E-01 (120, 14)
n=  6096   udiff=  4.0161E-01 (108, 14)   vdiff=  1.6965E-01 (120, 14)
n=  6097   udiff=  4.0181E-01 (108, 14)   vdiff=  1.7049E-01 (120, 14)
n=  6098   udiff=  4.0200E-01 (108, 14)   vdiff=  1.7133E-01 (120, 14)
n=  6099   udiff=  4.0218E-01 (108, 14)   vdiff=  1.7217E-01 (120, 14)
n=  6100   udiff=  4.0236E-01 (108, 14)   vdiff=  1.7301E-01 (120, 14)
n=  6101   udiff=  4.0253E-01 (108, 14)   vdiff=  1.7385E-01 (120, 14)
n=  6102   udiff=  4.0272E-01 (109, 14)   vdiff=  1.7468E-01 (120, 14)
n=  6103   udiff=  4.0315E-01 (109, 14)   vdiff=  1.7552E-01 (120, 14)
n=  6104   udiff=  4.0357E-01 (109, 14)   vdiff=  1.7636E-01 (120, 14)
n=  6105   udiff=  4.0398E-01 (109, 14)   vdiff=  1.7720E-01 (120, 14)
n=  6106   udiff=  4.0439E-01 (109, 14)   vdiff=  1.7804E-01 (120, 14)
n=  6107   udiff=  4.0480E-01 (109, 14)   vdiff=  1.7888E-01 (120, 14)
n=  6108   udiff=  4.0520E-01 (109, 14)   vdiff=  1.7972E-01 (120, 14)
n=  6109   udiff=  4.0559E-01 (109, 14)   vdiff=  1.8055E-01 (120, 14)
n=  6110   udiff=  4.0598E-01 (109, 14)   vdiff=  1.8139E-01 (120, 14)
n=  6111   udiff=  4.0637E-01 (109, 14)   vdiff=  1.8223E-01 (120, 14)
n=  6112   udiff=  4.0675E-01 (109, 14)   vdiff=  1.8307E-01 (120, 14)
n=  6113   udiff=  4.0713E-01 (109, 14)   vdiff=  1.8391E-01 (120, 14)
n=  6114   udiff=  4.0750E-01 (109, 14)   vdiff=  1.8475E-01 (120, 14)
n=  6115   udiff=  4.0786E-01 (109, 14)   vdiff=  1.8560E-01 (120, 14)
n=  6116   udiff=  4.0822E-01 (109, 14)   vdiff=  1.8644E-01 (120, 14)
n=  6117   udiff=  4.0858E-01 (109, 14)   vdiff=  1.8728E-01 (120, 14)
n=  6118   udiff=  4.0893E-01 (109, 14)   vdiff=  1.8812E-01 (120, 14)
n=  6119   udiff=  4.0927E-01 (109, 14)   vdiff=  1.8896E-01 (120, 14)
n=  6120   udiff=  4.0961E-01 (109, 14)   vdiff=  1.8981E-01 (120, 14)
n=  6121   udiff=  4.0995E-01 (109, 14)   vdiff=  1.9065E-01 (120, 14)
n=  6122   udiff=  4.1028E-01 (109, 14)   vdiff=  1.9150E-01 (120, 14)
n=  6123   udiff=  4.1060E-01 (109, 14)   vdiff=  1.9234E-01 (120, 14)
n=  6124   udiff=  4.1092E-01 (109, 14)   vdiff=  1.9319E-01 (120, 14)
n=  6125   udiff=  4.1123E-01 (109, 14)   vdiff=  1.9404E-01 (120, 14)
n=  6126   udiff=  4.1154E-01 (109, 14)   vdiff=  1.9489E-01 (120, 14)
n=  6127   udiff=  4.1184E-01 (109, 14)   vdiff=  1.9574E-01 (120, 14)
n=  6128   udiff=  4.1214E-01 (109, 14)   vdiff=  1.9659E-01 (120, 14)
n=  6129   udiff=  4.1243E-01 (109, 14)   vdiff=  1.9744E-01 (120, 14)
n=  6130   udiff=  4.1272E-01 (109, 14)   vdiff=  1.9829E-01 (120, 14)
n=  6131   udiff=  4.1300E-01 (109, 14)   vdiff=  1.9914E-01 (120, 14)
n=  6132   udiff=  4.1327E-01 (109, 14)   vdiff=  1.9999E-01 (120, 14)
n=  6133   udiff=  4.1354E-01 (109, 14)   vdiff=  2.0085E-01 (120, 14)
n=  6134   udiff=  4.1381E-01 (109, 14)   vdiff=  2.0171E-01 (120, 14)
n=  6135   udiff=  4.1406E-01 (109, 14)   vdiff=  2.0256E-01 (120, 14)
n=  6136   udiff=  4.1432E-01 (109, 14)   vdiff=  2.0342E-01 (120, 14)
n=  6137   udiff=  4.1456E-01 (109, 14)   vdiff=  2.0428E-01 (120, 14)
n=  6138   udiff=  4.1480E-01 (109, 14)   vdiff=  2.0514E-01 (120, 14)
n=  6139   udiff=  4.1504E-01 (109, 14)   vdiff=  2.0600E-01 (120, 14)
n=  6140   udiff=  4.1527E-01 (109, 14)   vdiff=  2.0686E-01 (120, 14)
n=  6141   udiff=  4.1549E-01 (109, 14)   vdiff=  2.0773E-01 (120, 14)
n=  6142   udiff=  4.1571E-01 (109, 14)   vdiff=  2.0860E-01 (120, 14)
n=  6143   udiff=  4.1592E-01 (109, 14)   vdiff=  2.0948E-01 (120, 14)
n=  6144   udiff=  4.1613E-01 (109, 14)   vdiff=  2.1035E-01 (120, 14)
n=  6145   udiff=  4.1633E-01 (109, 14)   vdiff=  2.1122E-01 (120, 14)
n=  6146   udiff=  4.1653E-01 (109, 14)   vdiff=  2.1210E-01 (120, 14)
n=  6147   udiff=  4.1671E-01 (109, 14)   vdiff=  2.1298E-01 (120, 14)
n=  6148   udiff=  4.1690E-01 (109, 14)   vdiff=  2.1386E-01 (120, 14)
n=  6149   udiff=  4.1707E-01 (109, 14)   vdiff=  2.1474E-01 (120, 14)
n=  6150   udiff=  4.1724E-01 (109, 14)   vdiff=  2.1562E-01 (120, 14)
n=  6151   udiff=  4.1741E-01 (109, 14)   vdiff=  2.1650E-01 (120, 14)
n=  6152   udiff=  4.1757E-01 (109, 14)   vdiff=  2.1738E-01 (120, 14)
n=  6153   udiff=  4.1772E-01 (109, 14)   vdiff=  2.1827E-01 (120, 14)
n=  6154   udiff=  4.1787E-01 (109, 14)   vdiff=  2.1916E-01 (120, 14)
n=  6155   udiff=  4.1801E-01 (109, 14)   vdiff=  2.2004E-01 (120, 14)
n=  6156   udiff=  4.1818E-01 (110, 14)   vdiff=  2.2093E-01 (120, 14)
n=  6157   udiff=  4.1859E-01 (110, 14)   vdiff=  2.2183E-01 (120, 14)
n=  6158   udiff=  4.1899E-01 (110, 14)   vdiff=  2.2272E-01 (120, 14)
n=  6159   udiff=  4.1938E-01 (110, 14)   vdiff=  2.2361E-01 (120, 14)
n=  6160   udiff=  4.1977E-01 (110, 14)   vdiff=  2.2451E-01 (120, 14)
n=  6161   udiff=  4.2016E-01 (110, 14)   vdiff=  2.2540E-01 (120, 14)
n=  6162   udiff=  4.2054E-01 (110, 14)   vdiff=  2.2630E-01 (120, 14)
n=  6163   udiff=  4.2091E-01 (110, 14)   vdiff=  2.2720E-01 (120, 14)
n=  6164   udiff=  4.2128E-01 (110, 14)   vdiff=  2.2810E-01 (120, 14)
n=  6165   udiff=  4.2164E-01 (110, 14)   vdiff=  2.2900E-01 (120, 14)
n=  6166   udiff=  4.2200E-01 (110, 14)   vdiff=  2.2991E-01 (120, 14)
n=  6167   udiff=  4.2235E-01 (110, 14)   vdiff=  2.3081E-01 (120, 14)
n=  6168   udiff=  4.2269E-01 (110, 14)   vdiff=  2.3172E-01 (120, 14)
n=  6169   udiff=  4.2303E-01 (110, 14)   vdiff=  2.3263E-01 (120, 14)
n=  6170   udiff=  4.2337E-01 (110, 14)   vdiff=  2.3354E-01 (120, 14)
n=  6171   udiff=  4.2370E-01 (110, 14)   vdiff=  2.3445E-01 (120, 14)
n=  6172   udiff=  4.2402E-01 (110, 14)   vdiff=  2.3537E-01 (120, 14)
n=  6173   udiff=  4.2434E-01 (110, 14)   vdiff=  2.3628E-01 (120, 14)
n=  6174   udiff=  4.2465E-01 (110, 14)   vdiff=  2.3720E-01 (120, 14)
n=  6175   udiff=  4.2496E-01 (110, 14)   vdiff=  2.3812E-01 (120, 14)
n=  6176   udiff=  4.2526E-01 (110, 14)   vdiff=  2.3904E-01 (120, 14)
n=  6177   udiff=  4.2556E-01 (110, 14)   vdiff=  2.3996E-01 (120, 14)
n=  6178   udiff=  4.2585E-01 (110, 14)   vdiff=  2.4088E-01 (120, 14)
n=  6179   udiff=  4.2613E-01 (110, 14)   vdiff=  2.4181E-01 (120, 14)
n=  6180   udiff=  4.2641E-01 (110, 14)   vdiff=  2.4274E-01 (120, 14)
n=  6181   udiff=  4.2668E-01 (110, 14)   vdiff=  2.4367E-01 (120, 14)
n=  6182   udiff=  4.2694E-01 (110, 14)   vdiff=  2.4460E-01 (120, 14)
n=  6183   udiff=  4.2720E-01 (110, 14)   vdiff=  2.4553E-01 (120, 14)
n=  6184   udiff=  4.2746E-01 (110, 14)   vdiff=  2.4646E-01 (120, 14)
n=  6185   udiff=  4.2771E-01 (110, 14)   vdiff=  2.4740E-01 (120, 14)
n=  6186   udiff=  4.2795E-01 (110, 14)   vdiff=  2.4833E-01 (120, 14)
n=  6187   udiff=  4.2818E-01 (110, 14)   vdiff=  2.4927E-01 (120, 14)
n=  6188   udiff=  4.2841E-01 (110, 14)   vdiff=  2.5021E-01 (120, 14)
n=  6189   udiff=  4.2864E-01 (110, 14)   vdiff=  2.5116E-01 (120, 14)
n=  6190   udiff=  4.2885E-01 (110, 14)   vdiff=  2.5210E-01 (120, 14)
n=  6191   udiff=  4.2907E-01 (110, 14)   vdiff=  2.5304E-01 (120, 14)
n=  6192   udiff=  4.2927E-01 (110, 14)   vdiff=  2.5399E-01 (120, 14)
n=  6193   udiff=  4.2947E-01 (110, 14)   vdiff=  2.5494E-01 (120, 14)
n=  6194   udiff=  4.2966E-01 (110, 14)   vdiff=  2.5589E-01 (120, 14)
n=  6195   udiff=  4.2985E-01 (110, 14)   vdiff=  2.5685E-01 (120, 14)
n=  6196   udiff=  4.3003E-01 (110, 14)   vdiff=  2.5780E-01 (120, 14)
n=  6197   udiff=  4.3020E-01 (110, 14)   vdiff=  2.5876E-01 (120, 14)
n=  6198   udiff=  4.3037E-01 (110, 14)   vdiff=  2.5972E-01 (120, 14)
n=  6199   udiff=  4.3053E-01 (110, 14)   vdiff=  2.6068E-01 (120, 14)
n=  6200   udiff=  4.3069E-01 (110, 14)   vdiff=  2.6164E-01 (120, 14)
n=  6201   udiff=  4.3084E-01 (110, 14)   vdiff=  2.6260E-01 (120, 14)
n=  6202   udiff=  4.3098E-01 (110, 14)   vdiff=  2.6357E-01 (120, 14)
n=  6203   udiff=  4.3111E-01 (110, 14)   vdiff=  2.6454E-01 (120, 14)
n=  6204   udiff=  4.3124E-01 (110, 14)   vdiff=  2.6551E-01 (120, 14)
n=  6205   udiff=  4.3137E-01 (110, 14)   vdiff=  2.6648E-01 (120, 14)
n=  6206   udiff=  4.3148E-01 (110, 14)   vdiff=  2.6746E-01 (120, 14)
n=  6207   udiff=  4.3159E-01 (110, 14)   vdiff=  2.6844E-01 (120, 14)
n=  6208   udiff=  4.3170E-01 (110, 14)   vdiff=  2.6942E-01 (120, 14)
n=  6209   udiff=  4.3179E-01 (110, 14)   vdiff=  2.7040E-01 (120, 14)
n=  6210   udiff=  4.3188E-01 (110, 14)   vdiff=  2.7152E-01 (120, 15)
n=  6211   udiff=  4.3221E-01 (111, 14)   vdiff=  2.7285E-01 (120, 15)
n=  6212   udiff=  4.3257E-01 (111, 14)   vdiff=  2.7418E-01 (120, 15)
n=  6213   udiff=  4.3294E-01 (111, 14)   vdiff=  2.7552E-01 (120, 15)
n=  6214   udiff=  4.3329E-01 (111, 14)   vdiff=  2.7685E-01 (120, 15)
n=  6215   udiff=  4.3364E-01 (111, 14)   vdiff=  2.7819E-01 (120, 15)
n=  6216   udiff=  4.3398E-01 (111, 14)   vdiff=  2.7953E-01 (120, 15)
n=  6217   udiff=  4.3432E-01 (111, 14)   vdiff=  2.8087E-01 (120, 15)
n=  6218   udiff=  4.3465E-01 (111, 14)   vdiff=  2.8221E-01 (120, 15)
n=  6219   udiff=  4.3498E-01 (111, 14)   vdiff=  2.8355E-01 (120, 15)
n=  6220   udiff=  4.3530E-01 (111, 14)   vdiff=  2.8490E-01 (120, 15)
n=  6221   udiff=  4.3561E-01 (111, 14)   vdiff=  2.8624E-01 (120, 15)
n=  6222   udiff=  4.3592E-01 (111, 14)   vdiff=  2.8759E-01 (120, 15)
n=  6223   udiff=  4.3622E-01 (111, 14)   vdiff=  2.8894E-01 (120, 15)
n=  6224   udiff=  4.3652E-01 (111, 14)   vdiff=  2.9029E-01 (120, 15)
n=  6225   udiff=  4.3681E-01 (111, 14)   vdiff=  2.9164E-01 (120, 15)
n=  6226   udiff=  4.3709E-01 (111, 14)   vdiff=  2.9300E-01 (120, 15)
n=  6227   udiff=  4.3737E-01 (111, 14)   vdiff=  2.9435E-01 (120, 15)
n=  6228   udiff=  4.3764E-01 (111, 14)   vdiff=  2.9571E-01 (120, 15)
n=  6229   udiff=  4.3791E-01 (111, 14)   vdiff=  2.9707E-01 (120, 15)
n=  6230   udiff=  4.3817E-01 (111, 14)   vdiff=  2.9843E-01 (120, 15)
n=  6231   udiff=  4.3842E-01 (111, 14)   vdiff=  2.9979E-01 (120, 15)
n=  6232   udiff=  4.3867E-01 (111, 14)   vdiff=  3.0115E-01 (120, 15)
n=  6233   udiff=  4.3891E-01 (111, 14)   vdiff=  3.0252E-01 (120, 15)
n=  6234   udiff=  4.3914E-01 (111, 14)   vdiff=  3.0388E-01 (120, 15)
n=  6235   udiff=  4.3937E-01 (111, 14)   vdiff=  3.0525E-01 (120, 15)
n=  6236   udiff=  4.3959E-01 (111, 14)   vdiff=  3.0662E-01 (120, 15)
n=  6237   udiff=  4.3980E-01 (111, 14)   vdiff=  3.0799E-01 (120, 15)
n=  6238   udiff=  4.4001E-01 (111, 14)   vdiff=  3.0937E-01 (120, 15)
n=  6239   udiff=  4.4021E-01 (111, 14)   vdiff=  3.1074E-01 (120, 15)
n=  6240   udiff=  4.4041E-01 (111, 14)   vdiff=  3.1212E-01 (120, 15)
n=  6241   udiff=  4.4059E-01 (111, 14)   vdiff=  3.1350E-01 (120, 15)
n=  6242   udiff=  4.4078E-01 (111, 14)   vdiff=  3.1489E-01 (120, 15)
n=  6243   udiff=  4.4095E-01 (111, 14)   vdiff=  3.1627E-01 (120, 15)
n=  6244   udiff=  4.4112E-01 (111, 14)   vdiff=  3.1766E-01 (120, 15)
n=  6245   udiff=  4.4128E-01 (111, 14)   vdiff=  3.1904E-01 (120, 15)
n=  6246   udiff=  4.4144E-01 (111, 14)   vdiff=  3.2044E-01 (120, 15)
n=  6247   udiff=  4.4158E-01 (111, 14)   vdiff=  3.2183E-01 (120, 15)
n=  6248   udiff=  4.4173E-01 (111, 14)   vdiff=  3.2322E-01 (120, 15)
n=  6249   udiff=  4.4186E-01 (111, 14)   vdiff=  3.2462E-01 (120, 15)
n=  6250   udiff=  4.4199E-01 (111, 14)   vdiff=  3.2602E-01 (120, 15)
n=  6251   udiff=  4.4211E-01 (111, 14)   vdiff=  3.2742E-01 (120, 15)
n=  6252   udiff=  4.4222E-01 (111, 14)   vdiff=  3.2882E-01 (120, 15)
n=  6253   udiff=  4.4233E-01 (111, 14)   vdiff=  3.3023E-01 (120, 15)
n=  6254   udiff=  4.4243E-01 (111, 14)   vdiff=  3.3163E-01 (120, 15)
n=  6255   udiff=  4.4252E-01 (111, 14)   vdiff=  3.3304E-01 (120, 15)
n=  6256   udiff=  4.4261E-01 (111, 14)   vdiff=  3.3445E-01 (120, 15)
n=  6257   udiff=  4.4269E-01 (111, 14)   vdiff=  3.3587E-01 (120, 15)
n=  6258   udiff=  4.4276E-01 (111, 14)   vdiff=  3.3728E-01 (120, 15)
n=  6259   udiff=  4.4283E-01 (111, 14)   vdiff=  3.3870E-01 (120, 15)
n=  6260   udiff=  4.4289E-01 (111, 14)   vdiff=  3.4012E-01 (120, 15)
n=  6261   udiff=  4.4294E-01 (111, 14)   vdiff=  3.4155E-01 (120, 15)
n=  6262   udiff=  4.4298E-01 (111, 14)   vdiff=  3.4297E-01 (120, 15)
n=  6263   udiff=  4.4302E-01 (111, 14)   vdiff=  3.4440E-01 (120, 15)
n=  6264   udiff=  4.4305E-01 (111, 14)   vdiff=  3.4583E-01 (120, 15)
n=  6265   udiff=  4.4313E-01 (112, 14)   vdiff=  3.4726E-01 (120, 15)
n=  6266   udiff=  4.4345E-01 (112, 14)   vdiff=  3.4869E-01 (120, 15)
n=  6267   udiff=  4.4377E-01 (112, 14)   vdiff=  3.5013E-01 (120, 15)
n=  6268   udiff=  4.4407E-01 (112, 14)   vdiff=  3.5157E-01 (120, 15)
n=  6269   udiff=  4.4437E-01 (112, 14)   vdiff=  3.5301E-01 (120, 15)
n=  6270   udiff=  4.4467E-01 (112, 14)   vdiff=  3.5445E-01 (120, 15)
n=  6271   udiff=  4.4496E-01 (112, 14)   vdiff=  3.5590E-01 (120, 15)
n=  6272   udiff=  4.4524E-01 (112, 14)   vdiff=  3.5734E-01 (120, 15)
n=  6273   udiff=  4.4552E-01 (112, 14)   vdiff=  3.5876E-01 (120, 15)
n=  6274   udiff=  4.4578E-01 (112, 14)   vdiff=  3.6009E-01 (120, 15)
n=  6275   udiff=  4.4605E-01 (112, 14)   vdiff=  3.6143E-01 (120, 15)
n=  6276   udiff=  4.4630E-01 (112, 14)   vdiff=  3.6277E-01 (120, 15)
n=  6277   udiff=  4.4655E-01 (112, 14)   vdiff=  3.6411E-01 (120, 15)
n=  6278   udiff=  4.4679E-01 (112, 14)   vdiff=  3.6546E-01 (120, 15)
n=  6279   udiff=  4.4703E-01 (112, 14)   vdiff=  3.6680E-01 (120, 15)
n=  6280   udiff=  4.4726E-01 (112, 14)   vdiff=  3.6815E-01 (120, 15)
n=  6281   udiff=  4.4748E-01 (112, 14)   vdiff=  3.6950E-01 (120, 15)
n=  6282   udiff=  4.4769E-01 (112, 14)   vdiff=  3.7086E-01 (120, 15)
n=  6283   udiff=  4.4790E-01 (112, 14)   vdiff=  3.7221E-01 (120, 15)
n=  6284   udiff=  4.4810E-01 (112, 14)   vdiff=  3.7357E-01 (120, 15)
n=  6285   udiff=  4.4830E-01 (112, 14)   vdiff=  3.7493E-01 (120, 15)
n=  6286   udiff=  4.4849E-01 (112, 14)   vdiff=  3.7629E-01 (120, 15)
n=  6287   udiff=  4.4867E-01 (112, 14)   vdiff=  3.7766E-01 (120, 15)
n=  6288   udiff=  4.4884E-01 (112, 14)   vdiff=  3.7903E-01 (120, 15)
n=  6289   udiff=  4.4901E-01 (112, 14)   vdiff=  3.8040E-01 (120, 15)
n=  6290   udiff=  4.4917E-01 (112, 14)   vdiff=  3.8177E-01 (120, 15)
n=  6291   udiff=  4.4932E-01 (112, 14)   vdiff=  3.8314E-01 (120, 15)
n=  6292   udiff=  4.4947E-01 (112, 14)   vdiff=  3.8452E-01 (120, 15)
n=  6293   udiff=  4.4960E-01 (112, 14)   vdiff=  3.8590E-01 (120, 15)
n=  6294   udiff=  4.4974E-01 (112, 14)   vdiff=  3.8728E-01 (120, 15)
n=  6295   udiff=  4.4986E-01 (112, 14)   vdiff=  3.8867E-01 (120, 15)
n=  6296   udiff=  4.4998E-01 (112, 14)   vdiff=  3.9005E-01 (120, 15)
n=  6297   udiff=  4.5009E-01 (112, 14)   vdiff=  3.9144E-01 (120, 15)
n=  6298   udiff=  4.5019E-01 (112, 14)   vdiff=  3.9283E-01 (120, 15)
n=  6299   udiff=  4.5029E-01 (112, 14)   vdiff=  3.9423E-01 (120, 15)
n=  6300   udiff=  4.5038E-01 (112, 14)   vdiff=  3.9562E-01 (120, 15)
n=  6301   udiff=  4.5046E-01 (112, 14)   vdiff=  3.9702E-01 (120, 15)
n=  6302   udiff=  4.5053E-01 (112, 14)   vdiff=  3.9842E-01 (120, 15)
n=  6303   udiff=  4.5060E-01 (112, 14)   vdiff=  3.9983E-01 (120, 15)
n=  6304   udiff=  4.5065E-01 (112, 14)   vdiff=  4.0123E-01 (120, 15)
n=  6305   udiff=  4.5071E-01 (112, 14)   vdiff=  4.0264E-01 (120, 15)
n=  6306   udiff=  4.5075E-01 (112, 14)   vdiff=  4.0405E-01 (120, 15)
n=  6307   udiff=  4.5079E-01 (112, 14)   vdiff=  4.0546E-01 (120, 15)
n=  6308   udiff=  4.5081E-01 (112, 14)   vdiff=  4.0688E-01 (120, 15)
n=  6309   udiff=  4.5084E-01 (112, 14)   vdiff=  4.0830E-01 (120, 15)
n=  6310   udiff=  4.5085E-01 (112, 14)   vdiff=  4.0972E-01 (120, 15)
n=  6311   udiff=  4.5086E-01 (112, 14)   vdiff=  4.1114E-01 (120, 15)
n=  6312   udiff=  4.5085E-01 (112, 14)   vdiff=  4.1256E-01 (120, 15)
n=  6313   udiff=  4.5084E-01 (112, 14)   vdiff=  4.1399E-01 (120, 15)
n=  6314   udiff=  4.5083E-01 (112, 14)   vdiff=  4.1542E-01 (120, 15)
n=  6315   udiff=  4.5080E-01 (112, 14)   vdiff=  4.1685E-01 (120, 15)
n=  6316   udiff=  4.5077E-01 (112, 14)   vdiff=  4.1828E-01 (120, 15)
n=  6317   udiff=  4.5073E-01 (112, 14)   vdiff=  4.1972E-01 (120, 15)
n=  6318   udiff=  4.5068E-01 (112, 14)   vdiff=  4.2116E-01 (120, 15)
n=  6319   udiff=  4.5063E-01 (112, 14)   vdiff=  4.2259E-01 (120, 15)
n=  6320   udiff=  4.5056E-01 (112, 14)   vdiff=  4.2404E-01 (120, 15)
n=  6321   udiff=  4.5049E-01 (112, 14)   vdiff=  4.2548E-01 (120, 15)
n=  6322   udiff=  4.5041E-01 (112, 14)   vdiff=  4.2693E-01 (120, 15)
n=  6323   udiff=  4.5046E-01 (113, 14)   vdiff=  4.2838E-01 (120, 15)
n=  6324   udiff=  4.5069E-01 (113, 14)   vdiff=  4.2983E-01 (120, 15)
n=  6325   udiff=  4.5091E-01 (113, 14)   vdiff=  4.3128E-01 (120, 15)
n=  6326   udiff=  4.5112E-01 (113, 14)   vdiff=  4.3274E-01 (120, 15)
n=  6327   udiff=  4.5132E-01 (113, 14)   vdiff=  4.3419E-01 (120, 15)
n=  6328   udiff=  4.5152E-01 (113, 14)   vdiff=  4.3566E-01 (120, 15)
n=  6329   udiff=  4.5171E-01 (113, 14)   vdiff=  4.3712E-01 (120, 15)
n=  6330   udiff=  4.5189E-01 (113, 14)   vdiff=  4.3858E-01 (120, 15)
n=  6331   udiff=  4.5207E-01 (113, 14)   vdiff=  4.4005E-01 (120, 15)
n=  6332   udiff=  4.5224E-01 (113, 14)   vdiff=  4.4152E-01 (120, 15)
n=  6333   udiff=  4.5240E-01 (113, 14)   vdiff=  4.4299E-01 (120, 15)
n=  6334   udiff=  4.5255E-01 (113, 14)   vdiff=  4.4446E-01 (120, 15)
n=  6335   udiff=  4.5270E-01 (113, 14)   vdiff=  4.4594E-01 (120, 15)
n=  6336   udiff=  4.5283E-01 (113, 14)   vdiff=  4.4741E-01 (120, 15)
n=  6337   udiff=  4.5297E-01 (113, 14)   vdiff=  4.4889E-01 (120, 15)
n=  6338   udiff=  4.5309E-01 (113, 14)   vdiff=  4.5038E-01 (120, 15)
n=  6339   udiff=  4.5321E-01 (113, 14)   vdiff=  4.5186E-01 (120, 15)
n=  6340   udiff=  4.5335E-01 (120, 15)   vdiff=  4.5335E-01 (120, 15)
n=  6341   udiff=  4.5484E-01 (120, 15)   vdiff=  4.5484E-01 (120, 15)
n=  6342   udiff=  4.5633E-01 (120, 15)   vdiff=  4.5633E-01 (120, 15)
n=  6343   udiff=  4.5782E-01 (120, 15)   vdiff=  4.5782E-01 (120, 15)
n=  6344   udiff=  4.5932E-01 (120, 15)   vdiff=  4.5932E-01 (120, 15)
n=  6345   udiff=  4.6081E-01 (120, 15)   vdiff=  4.6081E-01 (120, 15)
n=  6346   udiff=  4.6231E-01 (120, 15)   vdiff=  4.6231E-01 (120, 15)
n=  6347   udiff=  4.6382E-01 (120, 15)   vdiff=  4.6382E-01 (120, 15)
n=  6348   udiff=  4.6532E-01 (120, 15)   vdiff=  4.6532E-01 (120, 15)
n=  6349   udiff=  4.6683E-01 (120, 15)   vdiff=  4.6683E-01 (120, 15)
n=  6350   udiff=  4.6833E-01 (120, 15)   vdiff=  4.6833E-01 (120, 15)
n=  6351   udiff=  4.6985E-01 (120, 15)   vdiff=  4.6985E-01 (120, 15)
n=  6352   udiff=  4.7136E-01 (120, 15)   vdiff=  4.7136E-01 (120, 15)
n=  6353   udiff=  4.7287E-01 (120, 15)   vdiff=  4.7287E-01 (120, 15)
n=  6354   udiff=  4.7439E-01 (120, 15)   vdiff=  4.7439E-01 (120, 15)
n=  6355   udiff=  4.7591E-01 (120, 15)   vdiff=  4.7591E-01 (120, 15)
n=  6356   udiff=  4.7743E-01 (120, 15)   vdiff=  4.7743E-01 (120, 15)
n=  6357   udiff=  4.7896E-01 (120, 15)   vdiff=  4.7896E-01 (120, 15)
n=  6358   udiff=  4.8048E-01 (120, 15)   vdiff=  4.8048E-01 (120, 15)
n=  6359   udiff=  4.8201E-01 (120, 15)   vdiff=  4.8201E-01 (120, 15)
n=  6360   udiff=  4.8354E-01 (120, 15)   vdiff=  4.8354E-01 (120, 15)
n=  6361   udiff=  4.8507E-01 (120, 15)   vdiff=  4.8507E-01 (120, 15)
n=  6362   udiff=  4.8661E-01 (120, 15)   vdiff=  4.8661E-01 (120, 15)
n=  6363   udiff=  4.8814E-01 (120, 15)   vdiff=  4.8814E-01 (120, 15)
n=  6364   udiff=  4.8968E-01 (120, 15)   vdiff=  4.8968E-01 (120, 15)
n=  6365   udiff=  4.9123E-01 (120, 15)   vdiff=  4.9123E-01 (120, 15)
n=  6366   udiff=  4.9277E-01 (120, 15)   vdiff=  4.9277E-01 (120, 15)
n=  6367   udiff=  4.9431E-01 (120, 15)   vdiff=  4.9431E-01 (120, 15)
n=  6368   udiff=  4.9586E-01 (120, 15)   vdiff=  4.9586E-01 (120, 15)
n=  6369   udiff=  4.9741E-01 (120, 15)   vdiff=  4.9741E-01 (120, 15)
n=  6370   udiff=  4.9896E-01 (120, 15)   vdiff=  4.9896E-01 (120, 15)
n=  6371   udiff=  5.0052E-01 (120, 15)   vdiff=  5.0052E-01 (120, 15)
n=  6372   udiff=  5.0207E-01 (120, 15)   vdiff=  5.0207E-01 (120, 15)
n=  6373   udiff=  5.0363E-01 (120, 15)   vdiff=  5.0363E-01 (120, 15)
n=  6374   udiff=  5.0519E-01 (120, 15)   vdiff=  5.0519E-01 (120, 15)
n=  6375   udiff=  5.0675E-01 (120, 15)   vdiff=  5.0675E-01 (120, 15)
n=  6376   udiff=  5.0832E-01 (120, 15)   vdiff=  5.0832E-01 (120, 15)
n=  6377   udiff=  5.0988E-01 (120, 15)   vdiff=  5.0988E-01 (120, 15)
n=  6378   udiff=  5.1145E-01 (120, 15)   vdiff=  5.1145E-01 (120, 15)
n=  6379   udiff=  5.1302E-01 (120, 15)   vdiff=  5.1302E-01 (120, 15)
n=  6380   udiff=  5.1460E-01 (120, 15)   vdiff=  5.1460E-01 (120, 15)
n=  6381   udiff=  5.1617E-01 (120, 15)   vdiff=  5.1617E-01 (120, 15)
n=  6382   udiff=  5.1775E-01 (120, 15)   vdiff=  5.1775E-01 (120, 15)
n=  6383   udiff=  5.1933E-01 (120, 15)   vdiff=  5.1933E-01 (120, 15)
n=  6384   udiff=  5.2091E-01 (120, 15)   vdiff=  5.2091E-01 (120, 15)
n=  6385   udiff=  5.2249E-01 (120, 15)   vdiff=  5.2249E-01 (120, 15)
n=  6386   udiff=  5.2407E-01 (120, 15)   vdiff=  5.2407E-01 (120, 15)
n=  6387   udiff=  5.2566E-01 (120, 15)   vdiff=  5.2566E-01 (120, 15)
n=  6388   udiff=  5.2725E-01 (120, 15)   vdiff=  5.2725E-01 (120, 15)
n=  6389   udiff=  5.2884E-01 (120, 15)   vdiff=  5.2884E-01 (120, 15)
n=  6390   udiff=  5.3043E-01 (120, 15)   vdiff=  5.3043E-01 (120, 15)
n=  6391   udiff=  5.3203E-01 (120, 15)   vdiff=  5.3203E-01 (120, 15)
n=  6392   udiff=  5.3362E-01 (120, 15)   vdiff=  5.3362E-01 (120, 15)
n=  6393   udiff=  5.3522E-01 (120, 15)   vdiff=  5.3522E-01 (120, 15)
n=  6394   udiff=  5.3682E-01 (120, 15)   vdiff=  5.3682E-01 (120, 15)
n=  6395   udiff=  5.3843E-01 (120, 15)   vdiff=  5.3843E-01 (120, 15)
n=  6396   udiff=  5.4003E-01 (120, 15)   vdiff=  5.4003E-01 (120, 15)
n=  6397   udiff=  5.4164E-01 (120, 15)   vdiff=  5.4164E-01 (120, 15)
n=  6398   udiff=  5.4324E-01 (120, 15)   vdiff=  5.4324E-01 (120, 15)
n=  6399   udiff=  5.4485E-01 (120, 15)   vdiff=  5.4485E-01 (120, 15)
n=  6400   udiff=  5.4647E-01 (120, 15)   vdiff=  5.4647E-01 (120, 15)
n=  6401   udiff=  5.4808E-01 (120, 15)   vdiff=  5.4808E-01 (120, 15)
n=  6402   udiff=  5.4969E-01 (120, 15)   vdiff=  5.4969E-01 (120, 15)
n=  6403   udiff=  5.5131E-01 (120, 15)   vdiff=  5.5131E-01 (120, 15)
n=  6404   udiff=  5.5293E-01 (120, 15)   vdiff=  5.5293E-01 (120, 15)
n=  6405   udiff=  5.5455E-01 (120, 15)   vdiff=  5.5455E-01 (120, 15)
n=  6406   udiff=  5.5617E-01 (120, 15)   vdiff=  5.5617E-01 (120, 15)
n=  6407   udiff=  5.5780E-01 (120, 15)   vdiff=  5.5780E-01 (120, 15)
n=  6408   udiff=  5.5942E-01 (120, 15)   vdiff=  5.5942E-01 (120, 15)
n=  6409   udiff=  5.6105E-01 (120, 15)   vdiff=  5.6105E-01 (120, 15)
n=  6410   udiff=  5.6268E-01 (120, 15)   vdiff=  5.6268E-01 (120, 15)
n=  6411   udiff=  5.6431E-01 (120, 15)   vdiff=  5.6431E-01 (120, 15)
n=  6412   udiff=  5.6594E-01 (120, 15)   vdiff=  5.6594E-01 (120, 15)
n=  6413   udiff=  5.6757E-01 (120, 15)   vdiff=  5.6757E-01 (120, 15)
n=  6414   udiff=  5.6921E-01 (120, 15)   vdiff=  5.6921E-01 (120, 15)
n=  6415   udiff=  5.7085E-01 (120, 15)   vdiff=  5.7085E-01 (120, 15)
n=  6416   udiff=  5.7248E-01 (120, 15)   vdiff=  5.7248E-01 (120, 15)
n=  6417   udiff=  5.7412E-01 (120, 15)   vdiff=  5.7412E-01 (120, 15)
n=  6418   udiff=  5.7577E-01 (120, 15)   vdiff=  5.7577E-01 (120, 15)
n=  6419   udiff=  5.7741E-01 (120, 15)   vdiff=  5.7741E-01 (120, 15)
n=  6420   udiff=  5.7905E-01 (120, 15)   vdiff=  5.7905E-01 (120, 15)
n=  6421   udiff=  5.8070E-01 (120, 15)   vdiff=  5.8070E-01 (120, 15)
n=  6422   udiff=  5.8235E-01 (120, 15)   vdiff=  5.8235E-01 (120, 15)
n=  6423   udiff=  5.8399E-01 (120, 15)   vdiff=  5.8399E-01 (120, 15)
n=  6424   udiff=  5.8564E-01 (120, 15)   vdiff=  5.8564E-01 (120, 15)
n=  6425   udiff=  5.8730E-01 (120, 15)   vdiff=  5.8730E-01 (120, 15)
n=  6426   udiff=  5.8895E-01 (120, 15)   vdiff=  5.8895E-01 (120, 15)
n=  6427   udiff=  5.9060E-01 (120, 15)   vdiff=  5.9060E-01 (120, 15)
n=  6428   udiff=  5.9226E-01 (120, 15)   vdiff=  5.9226E-01 (120, 15)
n=  6429   udiff=  5.9391E-01 (120, 15)   vdiff=  5.9391E-01 (120, 15)
n=  6430   udiff=  5.9557E-01 (120, 15)   vdiff=  5.9557E-01 (120, 15)
n=  6431   udiff=  5.9723E-01 (120, 15)   vdiff=  5.9723E-01 (120, 15)
n=  6432   udiff=  5.9889E-01 (120, 15)   vdiff=  5.9889E-01 (120, 15)
n=  6433   udiff=  6.0055E-01 (120, 15)   vdiff=  6.0055E-01 (120, 15)
n=  6434   udiff=  6.0221E-01 (120, 15)   vdiff=  6.0221E-01 (120, 15)
n=  6435   udiff=  6.0387E-01 (120, 15)   vdiff=  6.0387E-01 (120, 15)
n=  6436   udiff=  6.0554E-01 (120, 15)   vdiff=  6.0554E-01 (120, 15)
n=  6437   udiff=  6.0720E-01 (120, 15)   vdiff=  6.0720E-01 (120, 15)
n=  6438   udiff=  6.0887E-01 (120, 15)   vdiff=  6.0887E-01 (120, 15)
n=  6439   udiff=  6.1053E-01 (120, 15)   vdiff=  6.1053E-01 (120, 15)
n=  6440   udiff=  6.1220E-01 (120, 15)   vdiff=  6.1220E-01 (120, 15)
n=  6441   udiff=  6.1387E-01 (120, 15)   vdiff=  6.1387E-01 (120, 15)
n=  6442   udiff=  6.1554E-01 (120, 15)   vdiff=  6.1554E-01 (120, 15)
n=  6443   udiff=  6.1721E-01 (120, 15)   vdiff=  6.1721E-01 (120, 15)
n=  6444   udiff=  6.1888E-01 (120, 15)   vdiff=  6.1888E-01 (120, 15)
n=  6445   udiff=  6.2055E-01 (120, 15)   vdiff=  6.2055E-01 (120, 15)
n=  6446   udiff=  6.2222E-01 (120, 15)   vdiff=  6.2222E-01 (120, 15)
n=  6447   udiff=  6.2390E-01 (120, 15)   vdiff=  6.2390E-01 (120, 15)
n=  6448   udiff=  6.2557E-01 (120, 15)   vdiff=  6.2557E-01 (120, 15)
n=  6449   udiff=  6.2724E-01 (120, 15)   vdiff=  6.2724E-01 (120, 15)
n=  6450   udiff=  6.2892E-01 (120, 15)   vdiff=  6.2892E-01 (120, 15)
n=  6451   udiff=  6.3059E-01 (120, 15)   vdiff=  6.3059E-01 (120, 15)
n=  6452   udiff=  6.3227E-01 (120, 15)   vdiff=  6.3227E-01 (120, 15)
n=  6453   udiff=  6.3394E-01 (120, 15)   vdiff=  6.3394E-01 (120, 15)
n=  6454   udiff=  6.3562E-01 (120, 15)   vdiff=  6.3562E-01 (120, 15)
n=  6455   udiff=  6.3730E-01 (120, 15)   vdiff=  6.3730E-01 (120, 15)
n=  6456   udiff=  6.3897E-01 (120, 15)   vdiff=  6.3897E-01 (120, 15)
n=  6457   udiff=  6.4065E-01 (120, 15)   vdiff=  6.4065E-01 (120, 15)
n=  6458   udiff=  6.4233E-01 (120, 15)   vdiff=  6.4233E-01 (120, 15)
n=  6459   udiff=  6.4400E-01 (120, 15)   vdiff=  6.4400E-01 (120, 15)
n=  6460   udiff=  6.4568E-01 (120, 15)   vdiff=  6.4568E-01 (120, 15)
n=  6461   udiff=  6.4736E-01 (120, 15)   vdiff=  6.4736E-01 (120, 15)
n=  6462   udiff=  6.4904E-01 (120, 15)   vdiff=  6.4904E-01 (120, 15)
n=  6463   udiff=  6.5071E-01 (120, 15)   vdiff=  6.5071E-01 (120, 15)
n=  6464   udiff=  6.5239E-01 (120, 15)   vdiff=  6.5239E-01 (120, 15)
n=  6465   udiff=  6.5407E-01 (120, 15)   vdiff=  6.5407E-01 (120, 15)
n=  6466   udiff=  6.5574E-01 (120, 15)   vdiff=  6.5574E-01 (120, 15)
n=  6467   udiff=  6.5742E-01 (120, 15)   vdiff=  6.5742E-01 (120, 15)
n=  6468   udiff=  6.5910E-01 (120, 15)   vdiff=  6.5910E-01 (120, 15)
n=  6469   udiff=  6.6077E-01 (120, 15)   vdiff=  6.6077E-01 (120, 15)
n=  6470   udiff=  6.6245E-01 (120, 15)   vdiff=  6.6245E-01 (120, 15)
n=  6471   udiff=  6.6412E-01 (120, 15)   vdiff=  6.6412E-01 (120, 15)
n=  6472   udiff=  6.6580E-01 (120, 15)   vdiff=  6.6580E-01 (120, 15)
n=  6473   udiff=  6.6747E-01 (120, 15)   vdiff=  6.6747E-01 (120, 15)
n=  6474   udiff=  6.6915E-01 (120, 15)   vdiff=  6.6915E-01 (120, 15)
n=  6475   udiff=  6.7082E-01 (120, 15)   vdiff=  6.7082E-01 (120, 15)
n=  6476   udiff=  6.7249E-01 (120, 15)   vdiff=  6.7249E-01 (120, 15)
n=  6477   udiff=  6.7416E-01 (120, 15)   vdiff=  6.7416E-01 (120, 15)
n=  6478   udiff=  6.7583E-01 (120, 15)   vdiff=  6.7583E-01 (120, 15)
n=  6479   udiff=  6.7751E-01 (120, 15)   vdiff=  6.7751E-01 (120, 15)
n=  6480   udiff=  6.7917E-01 (120, 15)   vdiff=  6.7917E-01 (120, 15)
n=  6481   udiff=  6.8084E-01 (120, 15)   vdiff=  6.8084E-01 (120, 15)
n=  6482   udiff=  6.8251E-01 (120, 15)   vdiff=  6.8251E-01 (120, 15)
n=  6483   udiff=  6.8418E-01 (120, 15)   vdiff=  6.8418E-01 (120, 15)
n=  6484   udiff=  6.8584E-01 (120, 15)   vdiff=  6.8584E-01 (120, 15)
n=  6485   udiff=  6.8751E-01 (120, 15)   vdiff=  6.8751E-01 (120, 15)
n=  6486   udiff=  6.8917E-01 (120, 15)   vdiff=  6.8917E-01 (120, 15)
n=  6487   udiff=  6.9083E-01 (120, 15)   vdiff=  6.9083E-01 (120, 15)
n=  6488   udiff=  6.9249E-01 (120, 15)   vdiff=  6.9249E-01 (120, 15)
n=  6489   udiff=  6.9415E-01 (120, 15)   vdiff=  6.9415E-01 (120, 15)
n=  6490   udiff=  6.9581E-01 (120, 15)   vdiff=  6.9581E-01 (120, 15)
n=  6491   udiff=  6.9746E-01 (120, 15)   vdiff=  6.9746E-01 (120, 15)
n=  6492   udiff=  6.9912E-01 (120, 15)   vdiff=  6.9912E-01 (120, 15)
n=  6493   udiff=  7.0077E-01 (120, 15)   vdiff=  7.0077E-01 (120, 15)
n=  6494   udiff=  7.0242E-01 (120, 15)   vdiff=  7.0242E-01 (120, 15)
n=  6495   udiff=  7.0407E-01 (120, 15)   vdiff=  7.0407E-01 (120, 15)
n=  6496   udiff=  7.0572E-01 (120, 15)   vdiff=  7.0572E-01 (120, 15)
n=  6497   udiff=  7.0736E-01 (120, 15)   vdiff=  7.0736E-01 (120, 15)
n=  6498   udiff=  7.0901E-01 (120, 15)   vdiff=  7.0901E-01 (120, 15)
n=  6499   udiff=  7.1065E-01 (120, 15)   vdiff=  7.1065E-01 (120, 15)
n=  6500   udiff=  7.1229E-01 (120, 15)   vdiff=  7.1229E-01 (120, 15)
n=  6501   udiff=  7.1393E-01 (120, 15)   vdiff=  7.1393E-01 (120, 15)
n=  6502   udiff=  7.1556E-01 (120, 15)   vdiff=  7.1556E-01 (120, 15)
n=  6503   udiff=  7.1719E-01 (120, 15)   vdiff=  7.1719E-01 (120, 15)
n=  6504   udiff=  7.1882E-01 (120, 15)   vdiff=  7.1882E-01 (120, 15)
n=  6505   udiff=  7.2045E-01 (120, 15)   vdiff=  7.2045E-01 (120, 15)
n=  6506   udiff=  7.2208E-01 (120, 15)   vdiff=  7.2208E-01 (120, 15)
n=  6507   udiff=  7.2370E-01 (120, 15)   vdiff=  7.2370E-01 (120, 15)
n=  6508   udiff=  7.2532E-01 (120, 15)   vdiff=  7.2532E-01 (120, 15)
n=  6509   udiff=  7.2694E-01 (120, 15)   vdiff=  7.2694E-01 (120, 15)
n=  6510   udiff=  7.2856E-01 (120, 15)   vdiff=  7.2856E-01 (120, 15)
n=  6511   udiff=  7.3017E-01 (120, 15)   vdiff=  7.3017E-01 (120, 15)
n=  6512   udiff=  7.3178E-01 (120, 15)   vdiff=  7.3178E-01 (120, 15)
n=  6513   udiff=  7.3338E-01 (120, 15)   vdiff=  7.3338E-01 (120, 15)
n=  6514   udiff=  7.3499E-01 (120, 15)   vdiff=  7.3499E-01 (120, 15)
n=  6515   udiff=  7.3659E-01 (120, 15)   vdiff=  7.3659E-01 (120, 15)
n=  6516   udiff=  7.3819E-01 (120, 15)   vdiff=  7.3819E-01 (120, 15)
n=  6517   udiff=  7.3978E-01 (120, 15)   vdiff=  7.3978E-01 (120, 15)
n=  6518   udiff=  7.4137E-01 (120, 15)   vdiff=  7.4137E-01 (120, 15)
n=  6519   udiff=  7.4296E-01 (120, 15)   vdiff=  7.4296E-01 (120, 15)
n=  6520   udiff=  7.4454E-01 (120, 15)   vdiff=  7.4454E-01 (120, 15)
n=  6521   udiff=  7.4612E-01 (120, 15)   vdiff=  7.4612E-01 (120, 15)
n=  6522   udiff=  7.4770E-01 (120, 15)   vdiff=  7.4770E-01 (120, 15)
n=  6523   udiff=  7.4928E-01 (120, 15)   vdiff=  7.4928E-01 (120, 15)
n=  6524   udiff=  7.5085E-01 (120, 15)   vdiff=  7.5085E-01 (120, 15)
n=  6525   udiff=  7.5241E-01 (120, 15)   vdiff=  7.5241E-01 (120, 15)
n=  6526   udiff=  7.5397E-01 (120, 15)   vdiff=  7.5397E-01 (120, 15)
n=  6527   udiff=  7.5553E-01 (120, 15)   vdiff=  7.5553E-01 (120, 15)
n=  6528   udiff=  7.5709E-01 (120, 15)   vdiff=  7.5709E-01 (120, 15)
n=  6529   udiff=  7.5864E-01 (120, 15)   vdiff=  7.5864E-01 (120, 15)
n=  6530   udiff=  7.6018E-01 (120, 15)   vdiff=  7.6018E-01 (120, 15)
n=  6531   udiff=  7.6172E-01 (120, 15)   vdiff=  7.6172E-01 (120, 15)
n=  6532   udiff=  7.6326E-01 (120, 15)   vdiff=  7.6326E-01 (120, 15)
n=  6533   udiff=  7.6480E-01 (120, 15)   vdiff=  7.6480E-01 (120, 15)
n=  6534   udiff=  7.6632E-01 (120, 15)   vdiff=  7.6632E-01 (120, 15)
n=  6535   udiff=  7.6785E-01 (120, 15)   vdiff=  7.6785E-01 (120, 15)
n=  6536   udiff=  7.6937E-01 (120, 15)   vdiff=  7.6937E-01 (120, 15)
n=  6537   udiff=  7.7088E-01 (120, 15)   vdiff=  7.7088E-01 (120, 15)
n=  6538   udiff=  7.7239E-01 (120, 15)   vdiff=  7.7239E-01 (120, 15)
n=  6539   udiff=  7.7390E-01 (120, 15)   vdiff=  7.7390E-01 (120, 15)
n=  6540   udiff=  7.7540E-01 (120, 15)   vdiff=  7.7540E-01 (120, 15)
n=  6541   udiff=  7.7689E-01 (120, 15)   vdiff=  7.7689E-01 (120, 15)
n=  6542   udiff=  7.7838E-01 (120, 15)   vdiff=  7.7838E-01 (120, 15)
n=  6543   udiff=  7.7987E-01 (120, 15)   vdiff=  7.7987E-01 (120, 15)
n=  6544   udiff=  7.8135E-01 (120, 15)   vdiff=  7.8135E-01 (120, 15)
n=  6545   udiff=  7.8282E-01 (120, 15)   vdiff=  7.8282E-01 (120, 15)
n=  6546   udiff=  7.8429E-01 (120, 15)   vdiff=  7.8429E-01 (120, 15)
n=  6547   udiff=  7.8575E-01 (120, 15)   vdiff=  7.8575E-01 (120, 15)
n=  6548   udiff=  7.8721E-01 (120, 15)   vdiff=  7.8721E-01 (120, 15)
n=  6549   udiff=  7.8867E-01 (120, 15)   vdiff=  7.8867E-01 (120, 15)
n=  6550   udiff=  7.9011E-01 (120, 15)   vdiff=  7.9011E-01 (120, 15)
n=  6551   udiff=  7.9155E-01 (120, 15)   vdiff=  7.9155E-01 (120, 15)
n=  6552   udiff=  7.9299E-01 (120, 15)   vdiff=  7.9299E-01 (120, 15)
n=  6553   udiff=  7.9442E-01 (120, 15)   vdiff=  7.9442E-01 (120, 15)
n=  6554   udiff=  7.9584E-01 (120, 15)   vdiff=  7.9584E-01 (120, 15)
n=  6555   udiff=  7.9726E-01 (120, 15)   vdiff=  7.9726E-01 (120, 15)
n=  6556   udiff=  7.9867E-01 (120, 15)   vdiff=  7.9867E-01 (120, 15)
n=  6557   udiff=  8.0007E-01 (120, 15)   vdiff=  8.0007E-01 (120, 15)
n=  6558   udiff=  8.0147E-01 (120, 15)   vdiff=  8.0147E-01 (120, 15)
n=  6559   udiff=  8.0285E-01 (120, 15)   vdiff=  8.0285E-01 (120, 15)
n=  6560   udiff=  8.0423E-01 (120, 15)   vdiff=  8.0423E-01 (120, 15)
n=  6561   udiff=  8.0561E-01 (120, 15)   vdiff=  8.0561E-01 (120, 15)
n=  6562   udiff=  8.0697E-01 (120, 15)   vdiff=  8.0697E-01 (120, 15)
n=  6563   udiff=  8.0833E-01 (120, 15)   vdiff=  8.0833E-01 (120, 15)
n=  6564   udiff=  8.0968E-01 (120, 15)   vdiff=  8.0968E-01 (120, 15)
n=  6565   udiff=  8.1103E-01 (120, 15)   vdiff=  8.1103E-01 (120, 15)
n=  6566   udiff=  8.1237E-01 (120, 15)   vdiff=  8.1237E-01 (120, 15)
n=  6567   udiff=  8.1370E-01 (120, 15)   vdiff=  8.1370E-01 (120, 15)
n=  6568   udiff=  8.1502E-01 (120, 15)   vdiff=  8.1502E-01 (120, 15)
n=  6569   udiff=  8.1634E-01 (120, 15)   vdiff=  8.1634E-01 (120, 15)
n=  6570   udiff=  8.1765E-01 (120, 15)   vdiff=  8.1765E-01 (120, 15)
n=  6571   udiff=  8.1895E-01 (120, 15)   vdiff=  8.1895E-01 (120, 15)
n=  6572   udiff=  8.2024E-01 (120, 15)   vdiff=  8.2024E-01 (120, 15)
n=  6573   udiff=  8.2153E-01 (120, 15)   vdiff=  8.2153E-01 (120, 15)
n=  6574   udiff=  8.2281E-01 (120, 15)   vdiff=  8.2281E-01 (120, 15)
n=  6575   udiff=  8.2408E-01 (120, 15)   vdiff=  8.2408E-01 (120, 15)
n=  6576   udiff=  8.2534E-01 (120, 15)   vdiff=  8.2534E-01 (120, 15)
n=  6577   udiff=  8.2659E-01 (120, 15)   vdiff=  8.2659E-01 (120, 15)
n=  6578   udiff=  8.2784E-01 (120, 15)   vdiff=  8.2784E-01 (120, 15)
n=  6579   udiff=  8.2908E-01 (120, 15)   vdiff=  8.2908E-01 (120, 15)
n=  6580   udiff=  8.3031E-01 (120, 15)   vdiff=  8.3031E-01 (120, 15)
n=  6581   udiff=  8.3153E-01 (120, 15)   vdiff=  8.3153E-01 (120, 15)
n=  6582   udiff=  8.3274E-01 (120, 15)   vdiff=  8.3274E-01 (120, 15)
n=  6583   udiff=  8.3394E-01 (120, 15)   vdiff=  8.3394E-01 (120, 15)
n=  6584   udiff=  8.3514E-01 (120, 15)   vdiff=  8.3514E-01 (120, 15)
n=  6585   udiff=  8.3633E-01 (120, 15)   vdiff=  8.3633E-01 (120, 15)
n=  6586   udiff=  8.3750E-01 (120, 15)   vdiff=  8.3750E-01 (120, 15)
n=  6587   udiff=  8.3867E-01 (120, 15)   vdiff=  8.3867E-01 (120, 15)
n=  6588   udiff=  8.3983E-01 (120, 15)   vdiff=  8.3983E-01 (120, 15)
n=  6589   udiff=  8.4098E-01 (120, 15)   vdiff=  8.4098E-01 (120, 15)
n=  6590   udiff=  8.4212E-01 (120, 15)   vdiff=  8.4212E-01 (120, 15)
n=  6591   udiff=  8.4325E-01 (120, 15)   vdiff=  8.4325E-01 (120, 15)
n=  6592   udiff=  8.4437E-01 (120, 15)   vdiff=  8.4437E-01 (120, 15)
n=  6593   udiff=  8.4549E-01 (120, 15)   vdiff=  8.4549E-01 (120, 15)
n=  6594   udiff=  8.4659E-01 (120, 15)   vdiff=  8.4659E-01 (120, 15)
n=  6595   udiff=  8.4768E-01 (120, 15)   vdiff=  8.4768E-01 (120, 15)
n=  6596   udiff=  8.4877E-01 (120, 15)   vdiff=  8.4877E-01 (120, 15)
n=  6597   udiff=  8.4984E-01 (120, 15)   vdiff=  8.4984E-01 (120, 15)
n=  6598   udiff=  8.5090E-01 (120, 15)   vdiff=  8.5090E-01 (120, 15)
n=  6599   udiff=  8.5196E-01 (120, 15)   vdiff=  8.5196E-01 (120, 15)
n=  6600   udiff=  8.5300E-01 (120, 15)   vdiff=  8.5300E-01 (120, 15)
n=  6601   udiff=  8.5403E-01 (120, 15)   vdiff=  8.5403E-01 (120, 15)
n=  6602   udiff=  8.5505E-01 (120, 15)   vdiff=  8.5505E-01 (120, 15)
n=  6603   udiff=  8.5605E-01 (120, 15)   vdiff=  8.5605E-01 (120, 15)
n=  6604   udiff=  8.5704E-01 (120, 15)   vdiff=  8.5704E-01 (120, 15)
n=  6605   udiff=  8.5802E-01 (120, 15)   vdiff=  8.5802E-01 (120, 15)
n=  6606   udiff=  8.5899E-01 (120, 15)   vdiff=  8.5899E-01 (120, 15)
n=  6607   udiff=  8.5994E-01 (120, 15)   vdiff=  8.5994E-01 (120, 15)
n=  6608   udiff=  8.6089E-01 (120, 15)   vdiff=  8.6089E-01 (120, 15)
n=  6609   udiff=  8.6182E-01 (120, 15)   vdiff=  8.6182E-01 (120, 15)
n=  6610   udiff=  8.6275E-01 (120, 15)   vdiff=  8.6275E-01 (120, 15)
n=  6611   udiff=  8.6366E-01 (120, 15)   vdiff=  8.6366E-01 (120, 15)
n=  6612   udiff=  8.6457E-01 (120, 15)   vdiff=  8.6457E-01 (120, 15)
n=  6613   udiff=  8.6546E-01 (120, 15)   vdiff=  8.6546E-01 (120, 15)
n=  6614   udiff=  8.6634E-01 (120, 15)   vdiff=  8.6634E-01 (120, 15)
n=  6615   udiff=  8.6720E-01 (120, 15)   vdiff=  8.6720E-01 (120, 15)
n=  6616   udiff=  8.6806E-01 (120, 15)   vdiff=  8.6806E-01 (120, 15)
n=  6617   udiff=  8.6891E-01 (120, 15)   vdiff=  8.6891E-01 (120, 15)
n=  6618   udiff=  8.6974E-01 (120, 15)   vdiff=  8.6974E-01 (120, 15)
n=  6619   udiff=  8.7056E-01 (120, 15)   vdiff=  8.7056E-01 (120, 15)
n=  6620   udiff=  8.7137E-01 (120, 15)   vdiff=  8.7137E-01 (120, 15)
n=  6621   udiff=  8.7217E-01 (120, 15)   vdiff=  8.7217E-01 (120, 15)
n=  6622   udiff=  8.7295E-01 (120, 15)   vdiff=  8.7295E-01 (120, 15)
n=  6623   udiff=  8.7373E-01 (120, 15)   vdiff=  8.7373E-01 (120, 15)
n=  6624   udiff=  8.7449E-01 (120, 15)   vdiff=  8.7449E-01 (120, 15)
n=  6625   udiff=  8.7524E-01 (120, 15)   vdiff=  8.7524E-01 (120, 15)
n=  6626   udiff=  8.7597E-01 (120, 15)   vdiff=  8.7597E-01 (120, 15)
n=  6627   udiff=  8.7670E-01 (120, 15)   vdiff=  8.7670E-01 (120, 15)
n=  6628   udiff=  8.7741E-01 (120, 15)   vdiff=  8.7741E-01 (120, 15)
n=  6629   udiff=  8.7811E-01 (120, 15)   vdiff=  8.7811E-01 (120, 15)
n=  6630   udiff=  8.7879E-01 (120, 15)   vdiff=  8.7879E-01 (120, 15)
n=  6631   udiff=  8.7947E-01 (120, 15)   vdiff=  8.7947E-01 (120, 15)
n=  6632   udiff=  8.8013E-01 (120, 15)   vdiff=  8.8013E-01 (120, 15)
n=  6633   udiff=  8.8078E-01 (120, 15)   vdiff=  8.8078E-01 (120, 15)
n=  6634   udiff=  8.8141E-01 (120, 15)   vdiff=  8.8141E-01 (120, 15)
n=  6635   udiff=  8.8203E-01 (120, 15)   vdiff=  8.8203E-01 (120, 15)
n=  6636   udiff=  8.8264E-01 (120, 15)   vdiff=  8.8264E-01 (120, 15)
n=  6637   udiff=  8.8324E-01 (120, 15)   vdiff=  8.8324E-01 (120, 15)
n=  6638   udiff=  8.8382E-01 (120, 15)   vdiff=  8.8382E-01 (120, 15)
n=  6639   udiff=  8.8438E-01 (120, 15)   vdiff=  8.8438E-01 (120, 15)
n=  6640   udiff=  8.8494E-01 (120, 15)   vdiff=  8.8494E-01 (120, 15)
n=  6641   udiff=  8.8548E-01 (120, 15)   vdiff=  8.8548E-01 (120, 15)
n=  6642   udiff=  8.8601E-01 (120, 15)   vdiff=  8.8601E-01 (120, 15)
n=  6643   udiff=  8.8652E-01 (120, 15)   vdiff=  8.8652E-01 (120, 15)
n=  6644   udiff=  8.8702E-01 (120, 15)   vdiff=  8.8702E-01 (120, 15)
n=  6645   udiff=  8.8750E-01 (120, 15)   vdiff=  8.8750E-01 (120, 15)
n=  6646   udiff=  8.8797E-01 (120, 15)   vdiff=  8.8797E-01 (120, 15)
n=  6647   udiff=  8.8843E-01 (120, 15)   vdiff=  8.8843E-01 (120, 15)
n=  6648   udiff=  8.8887E-01 (120, 15)   vdiff=  8.8887E-01 (120, 15)
n=  6649   udiff=  8.8930E-01 (120, 15)   vdiff=  8.8930E-01 (120, 15)
n=  6650   udiff=  8.8971E-01 (120, 15)   vdiff=  8.8971E-01 (120, 15)
n=  6651   udiff=  8.9011E-01 (120, 15)   vdiff=  8.9011E-01 (120, 15)
n=  6652   udiff=  8.9050E-01 (120, 15)   vdiff=  8.9050E-01 (120, 15)
n=  6653   udiff=  8.9087E-01 (120, 15)   vdiff=  8.9087E-01 (120, 15)
n=  6654   udiff=  8.9122E-01 (120, 15)   vdiff=  8.9122E-01 (120, 15)
n=  6655   udiff=  8.9156E-01 (120, 15)   vdiff=  8.9156E-01 (120, 15)
n=  6656   udiff=  8.9189E-01 (120, 15)   vdiff=  8.9189E-01 (120, 15)
n=  6657   udiff=  8.9220E-01 (120, 15)   vdiff=  8.9220E-01 (120, 15)
n=  6658   udiff=  8.9249E-01 (120, 15)   vdiff=  8.9249E-01 (120, 15)
n=  6659   udiff=  8.9278E-01 (120, 15)   vdiff=  8.9278E-01 (120, 15)
n=  6660   udiff=  8.9307E-01 (120, 15)   vdiff=  8.9307E-01 (120, 15)
n=  6661   udiff=  8.9333E-01 (120, 15)   vdiff=  8.9333E-01 (120, 15)
n=  6662   udiff=  8.9359E-01 (120, 15)   vdiff=  8.9359E-01 (120, 15)
n=  6663   udiff=  8.9382E-01 (120, 15)   vdiff=  8.9382E-01 (120, 15)
n=  6664   udiff=  8.9404E-01 (120, 15)   vdiff=  8.9404E-01 (120, 15)
n=  6665   udiff=  8.9425E-01 (120, 15)   vdiff=  8.9425E-01 (120, 15)
n=  6666   udiff=  8.9444E-01 (120, 15)   vdiff=  8.9444E-01 (120, 15)
n=  6667   udiff=  8.9461E-01 (120, 15)   vdiff=  8.9461E-01 (120, 15)
n=  6668   udiff=  8.9477E-01 (120, 15)   vdiff=  8.9477E-01 (120, 15)
n=  6669   udiff=  8.9491E-01 (120, 15)   vdiff=  8.9491E-01 (120, 15)
n=  6670   udiff=  8.9504E-01 (120, 15)   vdiff=  8.9504E-01 (120, 15)
n=  6671   udiff=  8.9515E-01 (120, 15)   vdiff=  8.9515E-01 (120, 15)
n=  6672   udiff=  8.9524E-01 (120, 15)   vdiff=  8.9524E-01 (120, 15)
n=  6673   udiff=  8.9532E-01 (120, 15)   vdiff=  8.9532E-01 (120, 15)
n=  6674   udiff=  8.9538E-01 (120, 15)   vdiff=  8.9538E-01 (120, 15)
n=  6675   udiff=  8.9542E-01 (120, 15)   vdiff=  8.9542E-01 (120, 15)
n=  6676   udiff=  8.9545E-01 (120, 15)   vdiff=  8.9545E-01 (120, 15)
n=  6677   udiff=  8.9546E-01 (120, 15)   vdiff=  8.9546E-01 (120, 15)
n=  6678   udiff=  8.9546E-01 (120, 15)   vdiff=  8.9546E-01 (120, 15)
n=  6679   udiff=  8.9543E-01 (120, 15)   vdiff=  8.9543E-01 (120, 15)
n=  6680   udiff=  8.9539E-01 (120, 15)   vdiff=  8.9539E-01 (120, 15)
n=  6681   udiff=  8.9534E-01 (120, 15)   vdiff=  8.9534E-01 (120, 15)
n=  6682   udiff=  8.9526E-01 (120, 15)   vdiff=  8.9526E-01 (120, 15)
n=  6683   udiff=  8.9517E-01 (120, 15)   vdiff=  8.9517E-01 (120, 15)
n=  6684   udiff=  8.9506E-01 (120, 15)   vdiff=  8.9506E-01 (120, 15)
n=  6685   udiff=  8.9494E-01 (120, 15)   vdiff=  8.9494E-01 (120, 15)
n=  6686   udiff=  8.9479E-01 (120, 15)   vdiff=  8.9479E-01 (120, 15)
n=  6687   udiff=  8.9463E-01 (120, 15)   vdiff=  8.9463E-01 (120, 15)
n=  6688   udiff=  8.9445E-01 (120, 15)   vdiff=  8.9445E-01 (120, 15)
n=  6689   udiff=  8.9424E-01 (120, 15)   vdiff=  8.9424E-01 (120, 15)
n=  6690   udiff=  8.9402E-01 (120, 15)   vdiff=  8.9402E-01 (120, 15)
n=  6691   udiff=  8.9378E-01 (120, 15)   vdiff=  8.9378E-01 (120, 15)
n=  6692   udiff=  8.9352E-01 (120, 15)   vdiff=  8.9352E-01 (120, 15)
n=  6693   udiff=  8.9325E-01 (120, 15)   vdiff=  8.9325E-01 (120, 15)
n=  6694   udiff=  8.9295E-01 (120, 15)   vdiff=  8.9295E-01 (120, 15)
n=  6695   udiff=  8.9264E-01 (120, 15)   vdiff=  8.9264E-01 (120, 15)
n=  6696   udiff=  8.9231E-01 (120, 15)   vdiff=  8.9231E-01 (120, 15)
n=  6697   udiff=  8.9196E-01 (120, 15)   vdiff=  8.9196E-01 (120, 15)
n=  6698   udiff=  8.9159E-01 (120, 15)   vdiff=  8.9159E-01 (120, 15)
n=  6699   udiff=  8.9121E-01 (120, 15)   vdiff=  8.9121E-01 (120, 15)
n=  6700   udiff=  8.9080E-01 (120, 15)   vdiff=  8.9080E-01 (120, 15)
n=  6701   udiff=  8.9038E-01 (120, 15)   vdiff=  8.9038E-01 (120, 15)
n=  6702   udiff=  8.8993E-01 (120, 15)   vdiff=  8.8993E-01 (120, 15)
n=  6703   udiff=  8.8947E-01 (120, 15)   vdiff=  8.8947E-01 (120, 15)
n=  6704   udiff=  8.8899E-01 (120, 15)   vdiff=  8.8899E-01 (120, 15)
n=  6705   udiff=  8.8849E-01 (120, 15)   vdiff=  8.8849E-01 (120, 15)
n=  6706   udiff=  8.8796E-01 (120, 15)   vdiff=  8.8796E-01 (120, 15)
n=  6707   udiff=  8.8742E-01 (120, 15)   vdiff=  8.8742E-01 (120, 15)
n=  6708   udiff=  8.8686E-01 (120, 15)   vdiff=  8.8686E-01 (120, 15)
n=  6709   udiff=  8.8628E-01 (120, 15)   vdiff=  8.8628E-01 (120, 15)
n=  6710   udiff=  8.8568E-01 (120, 15)   vdiff=  8.8568E-01 (120, 15)
n=  6711   udiff=  8.8507E-01 (120, 15)   vdiff=  8.8507E-01 (120, 15)
n=  6712   udiff=  8.8443E-01 (120, 15)   vdiff=  8.8443E-01 (120, 15)
n=  6713   udiff=  8.8377E-01 (120, 15)   vdiff=  8.8377E-01 (120, 15)
n=  6714   udiff=  8.8309E-01 (120, 15)   vdiff=  8.8309E-01 (120, 15)
n=  6715   udiff=  8.8239E-01 (120, 15)   vdiff=  8.8239E-01 (120, 15)
n=  6716   udiff=  8.8167E-01 (120, 15)   vdiff=  8.8167E-01 (120, 15)
n=  6717   udiff=  8.8094E-01 (120, 15)   vdiff=  8.8094E-01 (120, 15)
n=  6718   udiff=  8.8018E-01 (120, 15)   vdiff=  8.8018E-01 (120, 15)
n=  6719   udiff=  8.7940E-01 (120, 15)   vdiff=  8.7940E-01 (120, 15)
n=  6720   udiff=  8.7860E-01 (120, 15)   vdiff=  8.7860E-01 (120, 15)
n=  6721   udiff=  8.7778E-01 (120, 15)   vdiff=  8.7778E-01 (120, 15)
n=  6722   udiff=  8.7694E-01 (120, 15)   vdiff=  8.7694E-01 (120, 15)
n=  6723   udiff=  8.7608E-01 (120, 15)   vdiff=  8.7608E-01 (120, 15)
n=  6724   udiff=  8.7519E-01 (120, 15)   vdiff=  8.7519E-01 (120, 15)
n=  6725   udiff=  8.7429E-01 (120, 15)   vdiff=  8.7429E-01 (120, 15)
n=  6726   udiff=  8.7337E-01 (120, 15)   vdiff=  8.7337E-01 (120, 15)
n=  6727   udiff=  8.7242E-01 (120, 15)   vdiff=  8.7242E-01 (120, 15)
n=  6728   udiff=  8.6976E-01 (120, 15)   vdiff=  8.6976E-01 (120, 15)
n=  6729   udiff=  8.6668E-01 (120, 15)   vdiff=  8.6668E-01 (120, 15)
n=  6730   udiff=  8.6360E-01 (120, 15)   vdiff=  8.6360E-01 (120, 15)
n=  6731   udiff=  8.6052E-01 (120, 15)   vdiff=  8.6052E-01 (120, 15)
n=  6732   udiff=  8.5744E-01 (120, 15)   vdiff=  8.5744E-01 (120, 15)
n=  6733   udiff=  8.5435E-01 (120, 15)   vdiff=  8.5435E-01 (120, 15)
n=  6734   udiff=  8.5127E-01 (120, 15)   vdiff=  8.5127E-01 (120, 15)
n=  6735   udiff=  8.4818E-01 (120, 15)   vdiff=  8.4818E-01 (120, 15)
n=  6736   udiff=  8.4509E-01 (120, 15)   vdiff=  8.4509E-01 (120, 15)
n=  6737   udiff=  8.4199E-01 (120, 15)   vdiff=  8.4199E-01 (120, 15)
n=  6738   udiff=  8.3890E-01 (120, 15)   vdiff=  8.3890E-01 (120, 15)
n=  6739   udiff=  8.3580E-01 (120, 15)   vdiff=  8.3580E-01 (120, 15)
n=  6740   udiff=  8.3270E-01 (120, 15)   vdiff=  8.3270E-01 (120, 15)
n=  6741   udiff=  8.2960E-01 (120, 15)   vdiff=  8.2960E-01 (120, 15)
n=  6742   udiff=  8.2650E-01 (120, 15)   vdiff=  8.2650E-01 (120, 15)
n=  6743   udiff=  8.2339E-01 (120, 15)   vdiff=  8.2339E-01 (120, 15)
n=  6744   udiff=  8.2029E-01 (120, 15)   vdiff=  8.2029E-01 (120, 15)
n=  6745   udiff=  8.1718E-01 (120, 15)   vdiff=  8.1718E-01 (120, 15)
n=  6746   udiff=  8.1406E-01 (120, 15)   vdiff=  8.1406E-01 (120, 15)
n=  6747   udiff=  8.1095E-01 (120, 15)   vdiff=  8.1095E-01 (120, 15)
n=  6748   udiff=  8.0783E-01 (120, 15)   vdiff=  8.0783E-01 (120, 15)
n=  6749   udiff=  8.0471E-01 (120, 15)   vdiff=  8.0471E-01 (120, 15)
n=  6750   udiff=  8.0158E-01 (120, 15)   vdiff=  8.0158E-01 (120, 15)
n=  6751   udiff=  7.9846E-01 (120, 15)   vdiff=  7.9846E-01 (120, 15)
n=  6752   udiff=  7.9533E-01 (120, 15)   vdiff=  7.9533E-01 (120, 15)
n=  6753   udiff=  7.9220E-01 (120, 15)   vdiff=  7.9220E-01 (120, 15)
n=  6754   udiff=  7.8906E-01 (120, 15)   vdiff=  7.8906E-01 (120, 15)
n=  6755   udiff=  7.8592E-01 (120, 15)   vdiff=  7.8592E-01 (120, 15)
n=  6756   udiff=  7.8278E-01 (120, 15)   vdiff=  7.8278E-01 (120, 15)
n=  6757   udiff=  7.7964E-01 (120, 15)   vdiff=  7.7964E-01 (120, 15)
n=  6758   udiff=  7.7649E-01 (120, 15)   vdiff=  7.7649E-01 (120, 15)
n=  6759   udiff=  7.7334E-01 (120, 15)   vdiff=  7.7334E-01 (120, 15)
n=  6760   udiff=  7.7018E-01 (120, 15)   vdiff=  7.7018E-01 (120, 15)
n=  6761   udiff=  7.6702E-01 (120, 15)   vdiff=  7.6702E-01 (120, 15)
n=  6762   udiff=  7.6386E-01 (120, 15)   vdiff=  7.6386E-01 (120, 15)
n=  6763   udiff=  7.6069E-01 (120, 15)   vdiff=  7.6069E-01 (120, 15)
n=  6764   udiff=  7.5752E-01 (120, 15)   vdiff=  7.5752E-01 (120, 15)
n=  6765   udiff=  7.5435E-01 (120, 15)   vdiff=  7.5435E-01 (120, 15)
n=  6766   udiff=  7.5117E-01 (120, 15)   vdiff=  7.5117E-01 (120, 15)
n=  6767   udiff=  7.4799E-01 (120, 15)   vdiff=  7.4799E-01 (120, 15)
n=  6768   udiff=  7.4480E-01 (120, 15)   vdiff=  7.4480E-01 (120, 15)
n=  6769   udiff=  7.4161E-01 (120, 15)   vdiff=  7.4161E-01 (120, 15)
n=  6770   udiff=  7.3842E-01 (120, 15)   vdiff=  7.3842E-01 (120, 15)
n=  6771   udiff=  7.3522E-01 (120, 15)   vdiff=  7.3522E-01 (120, 15)
n=  6772   udiff=  7.3202E-01 (120, 15)   vdiff=  7.3202E-01 (120, 15)
n=  6773   udiff=  7.2881E-01 (120, 15)   vdiff=  7.2881E-01 (120, 15)
n=  6774   udiff=  7.2560E-01 (120, 15)   vdiff=  7.2560E-01 (120, 15)
n=  6775   udiff=  7.2238E-01 (120, 15)   vdiff=  7.2238E-01 (120, 15)
n=  6776   udiff=  7.1916E-01 (120, 15)   vdiff=  7.1916E-01 (120, 15)
n=  6777   udiff=  7.1594E-01 (120, 15)   vdiff=  7.1594E-01 (120, 15)
n=  6778   udiff=  7.1271E-01 (120, 15)   vdiff=  7.1271E-01 (120, 15)
n=  6779   udiff=  7.0948E-01 (120, 15)   vdiff=  7.0948E-01 (120, 15)
n=  6780   udiff=  7.0624E-01 (120, 15)   vdiff=  7.0624E-01 (120, 15)
n=  6781   udiff=  7.0299E-01 (120, 15)   vdiff=  7.0299E-01 (120, 15)
n=  6782   udiff=  6.9974E-01 (120, 15)   vdiff=  6.9974E-01 (120, 15)
n=  6783   udiff=  6.9649E-01 (120, 15)   vdiff=  6.9649E-01 (120, 15)
n=  6784   udiff=  6.9323E-01 (120, 15)   vdiff=  6.9323E-01 (120, 15)
n=  6785   udiff=  6.8997E-01 (120, 15)   vdiff=  6.8997E-01 (120, 15)
n=  6786   udiff=  6.8670E-01 (120, 15)   vdiff=  6.8670E-01 (120, 15)
n=  6787   udiff=  6.8343E-01 (120, 15)   vdiff=  6.8343E-01 (120, 15)
n=  6788   udiff=  6.8015E-01 (120, 15)   vdiff=  6.8015E-01 (120, 15)
n=  6789   udiff=  6.7686E-01 (120, 15)   vdiff=  6.7686E-01 (120, 15)
n=  6790   udiff=  6.7357E-01 (120, 15)   vdiff=  6.7357E-01 (120, 15)
n=  6791   udiff=  6.7028E-01 (120, 15)   vdiff=  6.7028E-01 (120, 15)
n=  6792   udiff=  6.6698E-01 (120, 15)   vdiff=  6.6698E-01 (120, 15)
n=  6793   udiff=  6.6367E-01 (120, 15)   vdiff=  6.6367E-01 (120, 15)
n=  6794   udiff=  6.6036E-01 (120, 15)   vdiff=  6.6036E-01 (120, 15)
n=  6795   udiff=  6.5705E-01 (120, 15)   vdiff=  6.5705E-01 (120, 15)
n=  6796   udiff=  6.5372E-01 (120, 15)   vdiff=  6.5372E-01 (120, 15)
n=  6797   udiff=  6.5040E-01 (120, 15)   vdiff=  6.5040E-01 (120, 15)
n=  6798   udiff=  6.4706E-01 (120, 15)   vdiff=  6.4706E-01 (120, 15)
n=  6799   udiff=  6.4372E-01 (120, 15)   vdiff=  6.4372E-01 (120, 15)
n=  6800   udiff=  6.4038E-01 (120, 15)   vdiff=  6.4038E-01 (120, 15)
n=  6801   udiff=  6.3703E-01 (120, 15)   vdiff=  6.3703E-01 (120, 15)
n=  6802   udiff=  6.3367E-01 (120, 15)   vdiff=  6.3367E-01 (120, 15)
n=  6803   udiff=  6.3031E-01 (120, 15)   vdiff=  6.3031E-01 (120, 15)
n=  6804   udiff=  6.2694E-01 (120, 15)   vdiff=  6.2999E-01 (118, 15)
n=  6805   udiff=  6.2357E-01 (120, 15)   vdiff=  6.3129E-01 (118, 15)
n=  6806   udiff=  6.2019E-01 (120, 15)   vdiff=  6.3257E-01 (118, 15)
n=  6807   udiff=  6.1680E-01 (120, 15)   vdiff=  6.3383E-01 (118, 15)
n=  6808   udiff=  6.1341E-01 (120, 15)   vdiff=  6.3507E-01 (118, 15)
n=  6809   udiff=  6.1002E-01 (120, 15)   vdiff=  6.3628E-01 (118, 15)
n=  6810   udiff=  6.0661E-01 (120, 15)   vdiff=  6.3747E-01 (118, 15)
n=  6811   udiff=  6.0320E-01 (120, 15)   vdiff=  6.3864E-01 (118, 15)
n=  6812   udiff=  5.9979E-01 (120, 15)   vdiff=  6.3978E-01 (118, 15)
n=  6813   udiff=  5.9637E-01 (120, 15)   vdiff=  6.4090E-01 (118, 15)
n=  6814   udiff=  5.9294E-01 (120, 15)   vdiff=  6.4199E-01 (118, 15)
n=  6815   udiff=  5.8951E-01 (120, 15)   vdiff=  6.4306E-01 (118, 15)
n=  6816   udiff=  5.8607E-01 (120, 15)   vdiff=  6.4411E-01 (118, 15)
n=  6817   udiff=  5.8262E-01 (120, 15)   vdiff=  6.4513E-01 (118, 15)
n=  6818   udiff=  5.7917E-01 (120, 15)   vdiff=  6.4613E-01 (118, 15)
n=  6819   udiff=  5.7571E-01 (120, 15)   vdiff=  6.4710E-01 (118, 15)
n=  6820   udiff=  5.7225E-01 (120, 15)   vdiff=  6.4805E-01 (118, 15)
n=  6821   udiff=  5.6878E-01 (120, 15)   vdiff=  6.4897E-01 (118, 15)
n=  6822   udiff=  5.6530E-01 (120, 15)   vdiff=  6.4987E-01 (118, 15)
n=  6823   udiff=  5.6182E-01 (120, 15)   vdiff=  6.5074E-01 (118, 15)
n=  6824   udiff=  5.5833E-01 (120, 15)   vdiff=  6.5159E-01 (118, 15)
n=  6825   udiff=  5.5484E-01 (120, 15)   vdiff=  6.5241E-01 (118, 15)
n=  6826   udiff=  5.5134E-01 (120, 15)   vdiff=  6.5321E-01 (118, 15)
n=  6827   udiff=  5.4783E-01 (120, 15)   vdiff=  6.5398E-01 (118, 15)
n=  6828   udiff=  5.4432E-01 (120, 15)   vdiff=  6.5472E-01 (118, 15)
n=  6829   udiff=  5.4080E-01 (120, 15)   vdiff=  6.5544E-01 (118, 15)
n=  6830   udiff=  5.3728E-01 (120, 15)   vdiff=  6.5613E-01 (118, 15)
n=  6831   udiff=  5.3375E-01 (120, 15)   vdiff=  6.5679E-01 (118, 15)
n=  6832   udiff=  5.3021E-01 (120, 15)   vdiff=  6.5743E-01 (118, 15)
n=  6833   udiff=  5.2667E-01 (120, 15)   vdiff=  6.5804E-01 (118, 15)
n=  6834   udiff=  5.2312E-01 (120, 15)   vdiff=  6.5863E-01 (118, 15)
n=  6835   udiff=  5.1957E-01 (120, 15)   vdiff=  6.5918E-01 (118, 15)
n=  6836   udiff=  5.1601E-01 (120, 15)   vdiff=  6.5969E-01 (118, 15)
n=  6837   udiff=  5.1245E-01 (120, 15)   vdiff=  6.6017E-01 (118, 15)
n=  6838   udiff=  5.0888E-01 (120, 15)   vdiff=  6.6063E-01 (118, 15)
n=  6839   udiff=  5.0530E-01 (120, 15)   vdiff=  6.6105E-01 (118, 15)
n=  6840   udiff=  5.0172E-01 (120, 15)   vdiff=  6.6145E-01 (118, 15)
n=  6841   udiff=  4.9813E-01 (120, 15)   vdiff=  6.6183E-01 (118, 15)
n=  6842   udiff=  4.9454E-01 (120, 15)   vdiff=  6.6217E-01 (118, 15)
n=  6843   udiff=  4.9514E-01 (115, 15)   vdiff=  6.6248E-01 (118, 15)
n=  6844   udiff=  4.9583E-01 (115, 15)   vdiff=  6.6277E-01 (118, 15)
n=  6845   udiff=  4.9650E-01 (115, 15)   vdiff=  6.6303E-01 (118, 15)
n=  6846   udiff=  4.9715E-01 (115, 15)   vdiff=  6.6326E-01 (118, 15)
n=  6847   udiff=  4.9777E-01 (115, 15)   vdiff=  6.6347E-01 (118, 15)
n=  6848   udiff=  4.9836E-01 (115, 15)   vdiff=  6.6364E-01 (118, 15)
n=  6849   udiff=  4.9893E-01 (115, 15)   vdiff=  6.6379E-01 (118, 15)
n=  6850   udiff=  4.9947E-01 (115, 15)   vdiff=  6.6391E-01 (118, 15)
n=  6851   udiff=  4.9998E-01 (115, 15)   vdiff=  6.6399E-01 (118, 15)
n=  6852   udiff=  5.0047E-01 (115, 15)   vdiff=  6.6405E-01 (118, 15)
n=  6853   udiff=  5.0093E-01 (115, 15)   vdiff=  6.6408E-01 (118, 15)
n=  6854   udiff=  5.0136E-01 (115, 15)   vdiff=  6.6409E-01 (118, 15)
n=  6855   udiff=  5.0177E-01 (115, 15)   vdiff=  6.6406E-01 (118, 15)
n=  6856   udiff=  5.0215E-01 (115, 15)   vdiff=  6.6400E-01 (118, 15)
n=  6857   udiff=  5.0250E-01 (115, 15)   vdiff=  6.6392E-01 (118, 15)
n=  6858   udiff=  5.0284E-01 (115, 15)   vdiff=  6.6351E-01 (118, 15)
n=  6859   udiff=  5.0314E-01 (115, 15)   vdiff=  6.6307E-01 (118, 15)
n=  6860   udiff=  5.0342E-01 (115, 15)   vdiff=  6.6259E-01 (118, 15)
n=  6861   udiff=  5.0367E-01 (115, 15)   vdiff=  6.6209E-01 (118, 15)
n=  6862   udiff=  5.0390E-01 (115, 15)   vdiff=  6.6156E-01 (118, 15)
n=  6863   udiff=  5.0410E-01 (115, 15)   vdiff=  6.6100E-01 (118, 15)
n=  6864   udiff=  5.0427E-01 (115, 15)   vdiff=  6.6040E-01 (118, 15)
n=  6865   udiff=  5.0442E-01 (115, 15)   vdiff=  6.5978E-01 (118, 15)
n=  6866   udiff=  5.0454E-01 (115, 15)   vdiff=  6.5913E-01 (118, 15)
n=  6867   udiff=  5.0463E-01 (115, 15)   vdiff=  6.5845E-01 (118, 15)
n=  6868   udiff=  5.0470E-01 (115, 15)   vdiff=  6.5774E-01 (118, 15)
n=  6869   udiff=  5.0474E-01 (115, 15)   vdiff=  6.5700E-01 (118, 15)
n=  6870   udiff=  5.0494E-01 (116, 15)   vdiff=  6.5623E-01 (118, 15)
n=  6871   udiff=  5.0592E-01 (116, 15)   vdiff=  6.5543E-01 (118, 15)
n=  6872   udiff=  5.0688E-01 (116, 15)   vdiff=  6.5460E-01 (118, 15)
n=  6873   udiff=  5.0780E-01 (116, 15)   vdiff=  6.5374E-01 (118, 15)
n=  6874   udiff=  5.0870E-01 (116, 15)   vdiff=  6.5285E-01 (118, 15)
n=  6875   udiff=  5.0958E-01 (116, 15)   vdiff=  6.5193E-01 (118, 15)
n=  6876   udiff=  5.1042E-01 (116, 15)   vdiff=  6.5098E-01 (118, 15)
n=  6877   udiff=  5.1124E-01 (116, 15)   vdiff=  6.5000E-01 (118, 15)
n=  6878   udiff=  5.1203E-01 (116, 15)   vdiff=  6.4899E-01 (118, 15)
n=  6879   udiff=  5.1280E-01 (116, 15)   vdiff=  6.4795E-01 (118, 15)
n=  6880   udiff=  5.1353E-01 (116, 15)   vdiff=  6.4688E-01 (118, 15)
n=  6881   udiff=  5.1424E-01 (116, 15)   vdiff=  6.4578E-01 (118, 15)
n=  6882   udiff=  5.1492E-01 (116, 15)   vdiff=  6.4465E-01 (118, 15)
n=  6883   udiff=  5.1557E-01 (116, 15)   vdiff=  6.4349E-01 (118, 15)
n=  6884   udiff=  5.1620E-01 (116, 15)   vdiff=  6.4229E-01 (118, 15)
n=  6885   udiff=  5.1679E-01 (116, 15)   vdiff=  6.4107E-01 (118, 15)
n=  6886   udiff=  5.1736E-01 (116, 15)   vdiff=  6.3982E-01 (118, 15)
n=  6887   udiff=  5.1790E-01 (116, 15)   vdiff=  6.3854E-01 (118, 15)
n=  6888   udiff=  5.1842E-01 (116, 15)   vdiff=  6.3723E-01 (118, 15)
n=  6889   udiff=  5.1890E-01 (116, 15)   vdiff=  6.3589E-01 (118, 15)
n=  6890   udiff=  5.1936E-01 (116, 15)   vdiff=  6.3451E-01 (118, 15)
n=  6891   udiff=  5.1979E-01 (116, 15)   vdiff=  6.3311E-01 (118, 15)
n=  6892   udiff=  5.2019E-01 (116, 15)   vdiff=  6.3168E-01 (118, 15)
n=  6893   udiff=  5.2057E-01 (116, 15)   vdiff=  6.3021E-01 (118, 15)
n=  6894   udiff=  5.2091E-01 (116, 15)   vdiff=  6.2872E-01 (118, 15)
n=  6895   udiff=  5.2123E-01 (116, 15)   vdiff=  6.2720E-01 (118, 15)
n=  6896   udiff=  5.2152E-01 (116, 15)   vdiff=  6.2565E-01 (118, 15)
n=  6897   udiff=  5.2178E-01 (116, 15)   vdiff=  6.2406E-01 (118, 15)
n=  6898   udiff=  5.2202E-01 (116, 15)   vdiff=  6.2243E-01 (118, 15)
n=  6899   udiff=  5.2223E-01 (116, 15)   vdiff=  6.2074E-01 (118, 15)
n=  6900   udiff=  5.2241E-01 (116, 15)   vdiff=  6.1902E-01 (118, 15)
n=  6901   udiff=  5.2257E-01 (116, 15)   vdiff=  6.1727E-01 (118, 15)
n=  6902   udiff=  5.2270E-01 (116, 15)   vdiff=  6.1549E-01 (118, 15)
n=  6903   udiff=  5.2280E-01 (116, 15)   vdiff=  6.1368E-01 (118, 15)
n=  6904   udiff=  5.2287E-01 (116, 15)   vdiff=  6.1183E-01 (118, 15)
n=  6905   udiff=  5.2291E-01 (116, 15)   vdiff=  6.0996E-01 (118, 15)
n=  6906   udiff=  5.2292E-01 (116, 15)   vdiff=  6.0806E-01 (118, 15)
n=  6907   udiff=  5.2402E-01 (117, 15)   vdiff=  6.0613E-01 (118, 15)
n=  6908   udiff=  5.2526E-01 (117, 15)   vdiff=  6.0417E-01 (118, 15)
n=  6909   udiff=  5.2647E-01 (117, 15)   vdiff=  6.0218E-01 (118, 15)
n=  6910   udiff=  5.2766E-01 (117, 15)   vdiff=  6.0016E-01 (118, 15)
n=  6911   udiff=  5.2881E-01 (117, 15)   vdiff=  5.9811E-01 (118, 15)
n=  6912   udiff=  5.2994E-01 (117, 15)   vdiff=  5.9603E-01 (118, 15)
n=  6913   udiff=  5.3104E-01 (117, 15)   vdiff=  5.9392E-01 (118, 15)
n=  6914   udiff=  5.3210E-01 (117, 15)   vdiff=  5.9178E-01 (118, 15)
n=  6915   udiff=  5.3314E-01 (117, 15)   vdiff=  5.8962E-01 (118, 15)
n=  6916   udiff=  5.3415E-01 (117, 15)   vdiff=  5.8742E-01 (118, 15)
n=  6917   udiff=  5.3513E-01 (117, 15)   vdiff=  5.8520E-01 (118, 15)
n=  6918   udiff=  5.3608E-01 (117, 15)   vdiff=  5.8294E-01 (118, 15)
n=  6919   udiff=  5.3701E-01 (117, 15)   vdiff=  5.8066E-01 (118, 15)
n=  6920   udiff=  5.3790E-01 (117, 15)   vdiff=  5.7834E-01 (118, 15)
n=  6921   udiff=  5.3876E-01 (117, 15)   vdiff=  5.7600E-01 (118, 15)
n=  6922   udiff=  5.3959E-01 (117, 15)   vdiff=  5.7363E-01 (118, 15)
n=  6923   udiff=  5.4040E-01 (117, 15)   vdiff=  5.7123E-01 (118, 15)
n=  6924   udiff=  5.4117E-01 (117, 15)   vdiff=  5.6881E-01 (118, 15)
n=  6925   udiff=  5.4192E-01 (117, 15)   vdiff=  5.6635E-01 (118, 15)
n=  6926   udiff=  5.4263E-01 (117, 15)   vdiff=  5.6387E-01 (118, 15)
n=  6927   udiff=  5.4332E-01 (117, 15)   vdiff=  5.6136E-01 (118, 15)
n=  6928   udiff=  5.4398E-01 (117, 15)   vdiff=  5.5882E-01 (118, 15)
n=  6929   udiff=  5.4460E-01 (117, 15)   vdiff=  5.5625E-01 (118, 15)
n=  6930   udiff=  5.4520E-01 (117, 15)   vdiff=  5.5365E-01 (118, 15)
n=  6931   udiff=  5.4577E-01 (117, 15)   vdiff=  5.5103E-01 (118, 15)
n=  6932   udiff=  5.4630E-01 (117, 15)   vdiff=  5.4838E-01 (118, 15)
n=  6933   udiff=  5.4681E-01 (117, 15)   vdiff=  5.4570E-01 (118, 15)
n=  6934   udiff=  5.4729E-01 (117, 15)   vdiff=  5.4299E-01 (118, 15)
n=  6935   udiff=  5.4774E-01 (117, 15)   vdiff=  5.4026E-01 (118, 15)
n=  6936   udiff=  5.4815E-01 (117, 15)   vdiff=  5.3750E-01 (118, 15)
n=  6937   udiff=  5.4854E-01 (117, 15)   vdiff=  5.3471E-01 (118, 15)
n=  6938   udiff=  5.4890E-01 (117, 15)   vdiff=  5.3189E-01 (118, 15)
n=  6939   udiff=  5.4923E-01 (117, 15)   vdiff=  5.2905E-01 (118, 15)
n=  6940   udiff=  5.4953E-01 (117, 15)   vdiff=  5.2618E-01 (118, 15)
n=  6941   udiff=  5.4979E-01 (117, 15)   vdiff=  5.2329E-01 (118, 15)
n=  6942   udiff=  5.5003E-01 (117, 15)   vdiff=  5.2037E-01 (118, 15)
n=  6943   udiff=  5.5024E-01 (117, 15)   vdiff=  5.1742E-01 (118, 15)
n=  6944   udiff=  5.5042E-01 (117, 15)   vdiff=  5.1445E-01 (118, 15)
n=  6945   udiff=  5.5057E-01 (117, 15)   vdiff=  5.1145E-01 (118, 15)
n=  6946   udiff=  5.5069E-01 (117, 15)   vdiff=  5.0843E-01 (118, 15)
n=  6947   udiff=  5.5077E-01 (117, 15)   vdiff=  5.0540E-01 (118, 15)
n=  6948   udiff=  5.5082E-01 (117, 15)   vdiff=  5.0237E-01 (118, 15)
n=  6949   udiff=  5.5084E-01 (117, 15)   vdiff=  4.9931E-01 (118, 15)
n=  6950   udiff=  5.5083E-01 (117, 15)   vdiff=  4.9623E-01 (118, 15)
n=  6951   udiff=  5.5079E-01 (117, 15)   vdiff=  4.9312E-01 (118, 15)
n=  6952   udiff=  5.5072E-01 (117, 15)   vdiff=  4.8998E-01 (118, 15)
n=  6953   udiff=  5.5063E-01 (117, 15)   vdiff=  4.8681E-01 (118, 15)
n=  6954   udiff=  5.5050E-01 (117, 15)   vdiff=  4.8362E-01 (118, 15)
n=  6955   udiff=  5.5034E-01 (117, 15)   vdiff=  4.8040E-01 (118, 15)
n=  6956   udiff=  5.5016E-01 (117, 15)   vdiff=  4.7716E-01 (118, 15)
n=  6957   udiff=  5.4995E-01 (117, 15)   vdiff=  4.7389E-01 (118, 15)
n=  6958   udiff=  5.4970E-01 (117, 15)   vdiff=  4.7059E-01 (118, 15)
n=  6959   udiff=  5.4943E-01 (117, 15)   vdiff=  4.6727E-01 (118, 15)
n=  6960   udiff=  5.4913E-01 (117, 15)   vdiff=  4.6392E-01 (118, 15)
n=  6961   udiff=  5.4930E-01 (118, 15)   vdiff=  4.6055E-01 (118, 15)
n=  6962   udiff=  5.5107E-01 (118, 15)   vdiff=  4.5715E-01 (118, 15)
n=  6963   udiff=  5.5281E-01 (118, 15)   vdiff=  4.5373E-01 (118, 15)
n=  6964   udiff=  5.5453E-01 (118, 15)   vdiff=  4.5029E-01 (118, 15)
n=  6965   udiff=  5.5621E-01 (118, 15)   vdiff=  4.4682E-01 (118, 15)
n=  6966   udiff=  5.5788E-01 (118, 15)   vdiff=  4.4332E-01 (118, 15)
n=  6967   udiff=  5.5951E-01 (118, 15)   vdiff=  4.3980E-01 (118, 15)
n=  6968   udiff=  5.6112E-01 (118, 15)   vdiff=  4.3626E-01 (118, 15)
n=  6969   udiff=  5.6270E-01 (118, 15)   vdiff=  4.3270E-01 (118, 15)
n=  6970   udiff=  5.6426E-01 (118, 15)   vdiff=  4.2911E-01 (118, 15)
n=  6971   udiff=  5.6579E-01 (118, 15)   vdiff=  4.2550E-01 (118, 15)
n=  6972   udiff=  5.6729E-01 (118, 15)   vdiff=  4.2187E-01 (118, 15)
n=  6973   udiff=  5.6877E-01 (118, 15)   vdiff=  4.1821E-01 (118, 15)
n=  6974   udiff=  5.7021E-01 (118, 15)   vdiff=  4.1453E-01 (118, 15)
n=  6975   udiff=  5.7163E-01 (118, 15)   vdiff=  4.1083E-01 (118, 15)
n=  6976   udiff=  5.7303E-01 (118, 15)   vdiff=  4.0711E-01 (118, 15)
n=  6977   udiff=  5.7439E-01 (118, 15)   vdiff=  4.0337E-01 (118, 15)
n=  6978   udiff=  5.7573E-01 (118, 15)   vdiff=  3.9961E-01 (118, 15)
n=  6979   udiff=  5.7704E-01 (118, 15)   vdiff=  3.9582E-01 (118, 15)
n=  6980   udiff=  5.7832E-01 (118, 15)   vdiff=  3.9202E-01 (118, 15)
n=  6981   udiff=  5.7958E-01 (118, 15)   vdiff=  3.8819E-01 (118, 15)
n=  6982   udiff=  5.8080E-01 (118, 15)   vdiff=  3.8435E-01 (118, 15)
n=  6983   udiff=  5.8200E-01 (118, 15)   vdiff=  3.8048E-01 (118, 15)
n=  6984   udiff=  5.8317E-01 (118, 15)   vdiff=  3.7660E-01 (118, 15)
n=  6985   udiff=  5.8432E-01 (118, 15)   vdiff=  3.7270E-01 (118, 15)
n=  6986   udiff=  5.8543E-01 (118, 15)   vdiff=  3.6878E-01 (118, 15)
n=  6987   udiff=  5.8652E-01 (118, 15)   vdiff=  3.6483E-01 (118, 15)
n=  6988   udiff=  5.8757E-01 (118, 15)   vdiff=  3.6088E-01 (118, 15)
n=  6989   udiff=  5.8860E-01 (118, 15)   vdiff=  3.5690E-01 (118, 15)
n=  6990   udiff=  5.8960E-01 (118, 15)   vdiff=  3.5290E-01 (118, 15)
n=  6991   udiff=  5.9057E-01 (118, 15)   vdiff=  3.4889E-01 (118, 15)
n=  6992   udiff=  5.9151E-01 (118, 15)   vdiff=  3.4912E-01 (120, 14)
n=  6993   udiff=  5.9243E-01 (118, 15)   vdiff=  3.5302E-01 (120, 14)
n=  6994   udiff=  5.9331E-01 (118, 15)   vdiff=  3.5689E-01 (120, 14)
n=  6995   udiff=  5.9417E-01 (118, 15)   vdiff=  3.6075E-01 (120, 14)
n=  6996   udiff=  5.9500E-01 (118, 15)   vdiff=  3.6459E-01 (120, 14)
n=  6997   udiff=  5.9579E-01 (118, 15)   vdiff=  3.6841E-01 (120, 14)
n=  6998   udiff=  5.9656E-01 (118, 15)   vdiff=  3.7221E-01 (120, 14)
n=  6999   udiff=  5.9730E-01 (118, 15)   vdiff=  3.7599E-01 (120, 14)
n=  7000   udiff=  5.9801E-01 (118, 15)   vdiff=  3.7975E-01 (120, 14)
 FAILED to converge in maximum time steps        7000
