 Forming PPE matrix
 Calculating LU decomposition of PPE matrix
 Starting time step loop
n=     1   udiff=  3.3880E+03 ( 61, 15)   vdiff=  2.8861E+03 ( 60, 16)
n=     2   udiff=  4.3095E+02 ( 61, 15)   vdiff=  2.9674E+02 ( 60, 16)
n=     3   udiff=  3.2635E+02 ( 61, 15)   vdiff=  2.3898E+02 ( 60, 16)
n=     4   udiff=  2.5186E+02 ( 61, 15)   vdiff=  1.9385E+02 ( 60, 16)
n=     5   udiff=  1.9919E+02 ( 62, 15)   vdiff=  1.5848E+02 ( 60, 16)
n=     6   udiff=  1.6464E+02 ( 62, 15)   vdiff=  1.3063E+02 ( 60, 16)
n=     7   udiff=  1.3634E+02 ( 62, 15)   vdiff=  1.0858E+02 ( 60, 16)
n=     8   udiff=  1.1333E+02 ( 62, 15)   vdiff=  9.1038E+01 ( 60, 16)
n=     9   udiff=  9.4683E+01 ( 62, 15)   vdiff=  7.6989E+01 ( 60, 16)
n=    10   udiff=  7.9586E+01 ( 62, 15)   vdiff=  6.5669E+01 ( 60, 16)
n=    11   udiff=  6.7345E+01 ( 62, 15)   vdiff=  5.6488E+01 ( 60, 16)
n=    12   udiff=  5.7393E+01 ( 62, 15)   vdiff=  4.8992E+01 ( 60, 16)
n=    13   udiff=  4.9610E+01 ( 63, 15)   vdiff=  4.2831E+01 ( 60, 16)
n=    14   udiff=  4.3659E+01 ( 61, 15)   vdiff=  3.7733E+01 ( 60, 16)
n=    15   udiff=  4.1604E+01 ( 62, 14)   vdiff=  3.3485E+01 ( 60, 16)
n=    16   udiff=  4.0084E+01 ( 62, 14)   vdiff=  2.9920E+01 ( 60, 16)
n=    17   udiff=  3.8458E+01 ( 62, 14)   vdiff=  2.6909E+01 ( 60, 16)
n=    18   udiff=  3.6790E+01 ( 62, 14)   vdiff=  2.4347E+01 ( 60, 16)
n=    19   udiff=  3.5384E+01 ( 63, 14)   vdiff=  2.2154E+01 ( 60, 16)
n=    20   udiff=  3.3999E+01 ( 63, 14)   vdiff=  2.0263E+01 ( 60, 16)
n=    21   udiff=  3.2611E+01 ( 63, 14)   vdiff=  1.8622E+01 ( 60, 16)
n=    22   udiff=  3.1239E+01 ( 63, 14)   vdiff=  1.7190E+01 ( 60, 16)
n=    23   udiff=  2.9899E+01 ( 63, 14)   vdiff=  1.5932E+01 ( 60, 16)
n=    24   udiff=  2.8599E+01 ( 63, 14)   vdiff=  1.4821E+01 ( 60, 16)
n=    25   udiff=  2.7347E+01 ( 63, 14)   vdiff=  1.3834E+01 ( 60, 16)
n=    26   udiff=  2.6148E+01 ( 63, 14)   vdiff=  1.2952E+01 ( 60, 16)
n=    27   udiff=  2.5002E+01 ( 63, 14)   vdiff=  1.2188E+01 ( 59, 16)
n=    28   udiff=  2.3911E+01 ( 63, 14)   vdiff=  1.1727E+01 ( 59, 16)
n=    29   udiff=  2.2874E+01 ( 63, 14)   vdiff=  1.1286E+01 ( 59, 16)
n=    30   udiff=  2.1932E+01 ( 64, 14)   vdiff=  1.0866E+01 ( 59, 16)
n=    31   udiff=  2.1089E+01 ( 64, 14)   vdiff=  1.0467E+01 ( 59, 16)
n=    32   udiff=  2.0283E+01 ( 64, 14)   vdiff=  1.0086E+01 ( 59, 16)
n=    33   udiff=  1.9513E+01 ( 64, 14)   vdiff=  9.7243E+00 ( 59, 16)
n=    34   udiff=  1.8778E+01 ( 64, 14)   vdiff=  9.3801E+00 ( 59, 16)
n=    35   udiff=  1.8078E+01 ( 64, 14)   vdiff=  9.0528E+00 ( 59, 16)
n=    36   udiff=  1.7410E+01 ( 64, 14)   vdiff=  8.7414E+00 ( 59, 16)
n=    37   udiff=  1.6774E+01 ( 64, 14)   vdiff=  8.4451E+00 ( 59, 16)
n=    38   udiff=  1.6167E+01 ( 64, 14)   vdiff=  8.1632E+00 ( 59, 16)
n=    39   udiff=  1.5588E+01 ( 64, 14)   vdiff=  7.8947E+00 ( 59, 16)
n=    40   udiff=  1.5042E+01 ( 65, 14)   vdiff=  7.6389E+00 ( 59, 16)
n=    41   udiff=  1.4568E+01 ( 65, 14)   vdiff=  7.3952E+00 ( 59, 16)
n=    42   udiff=  1.4114E+01 ( 65, 14)   vdiff=  7.1627E+00 ( 59, 16)
n=    43   udiff=  1.3678E+01 ( 65, 14)   vdiff=  6.9409E+00 ( 59, 16)
n=    44   udiff=  1.3260E+01 ( 65, 14)   vdiff=  6.7291E+00 ( 59, 16)
n=    45   udiff=  1.2859E+01 ( 65, 14)   vdiff=  6.5268E+00 ( 59, 16)
n=    46   udiff=  1.2473E+01 ( 65, 14)   vdiff=  6.3335E+00 ( 59, 16)
n=    47   udiff=  1.2103E+01 ( 65, 14)   vdiff=  6.1485E+00 ( 59, 16)
n=    48   udiff=  1.1747E+01 ( 65, 14)   vdiff=  5.9716E+00 ( 59, 16)
n=    49   udiff=  1.1405E+01 ( 65, 14)   vdiff=  5.8021E+00 ( 59, 16)
n=    50   udiff=  1.1076E+01 ( 65, 14)   vdiff=  5.6397E+00 ( 59, 16)
n=    51   udiff=  1.0880E+01 ( 65, 13)   vdiff=  5.4840E+00 ( 59, 16)
n=    52   udiff=  1.0696E+01 ( 65, 13)   vdiff=  5.3347E+00 ( 59, 16)
n=    53   udiff=  1.0514E+01 ( 65, 13)   vdiff=  5.1914E+00 ( 59, 16)
n=    54   udiff=  1.0332E+01 ( 65, 13)   vdiff=  5.0538E+00 ( 59, 16)
n=    55   udiff=  1.0152E+01 ( 65, 13)   vdiff=  4.9216E+00 ( 59, 16)
n=    56   udiff=  9.9729E+00 ( 65, 13)   vdiff=  4.7945E+00 ( 59, 16)
n=    57   udiff=  9.7961E+00 ( 65, 13)   vdiff=  4.6722E+00 ( 59, 16)
n=    58   udiff=  9.6213E+00 ( 65, 13)   vdiff=  4.5545E+00 ( 59, 16)
n=    59   udiff=  9.4499E+00 ( 66, 13)   vdiff=  4.4413E+00 ( 59, 16)
n=    60   udiff=  9.3007E+00 ( 66, 13)   vdiff=  4.3322E+00 ( 59, 16)
n=    61   udiff=  9.1529E+00 ( 66, 13)   vdiff=  4.2270E+00 ( 59, 16)
n=    62   udiff=  9.0066E+00 ( 66, 13)   vdiff=  4.1688E+00 (119, 11)
n=    63   udiff=  8.8618E+00 ( 66, 13)   vdiff=  4.1129E+00 (119, 11)
n=    64   udiff=  8.7188E+00 ( 66, 13)   vdiff=  4.0581E+00 (119, 11)
n=    65   udiff=  8.5774E+00 ( 66, 13)   vdiff=  4.0044E+00 (119, 11)
n=    66   udiff=  8.4378E+00 ( 66, 13)   vdiff=  3.9516E+00 (119, 11)
n=    67   udiff=  8.3001E+00 ( 66, 13)   vdiff=  3.8998E+00 (119, 11)
n=    68   udiff=  8.1641E+00 ( 66, 13)   vdiff=  3.8489E+00 (119, 11)
n=    69   udiff=  8.0300E+00 ( 66, 13)   vdiff=  3.7990E+00 (119, 11)
n=    70   udiff=  7.8978E+00 ( 66, 13)   vdiff=  3.7499E+00 (119, 11)
n=    71   udiff=  7.7756E+00 ( 67, 13)   vdiff=  3.7017E+00 (119, 11)
n=    72   udiff=  7.6620E+00 ( 67, 13)   vdiff=  3.6543E+00 (119, 11)
n=    73   udiff=  7.5499E+00 ( 67, 13)   vdiff=  3.6078E+00 (119, 11)
n=    74   udiff=  7.4391E+00 ( 67, 13)   vdiff=  3.5620E+00 (119, 11)
n=    75   udiff=  7.3297E+00 ( 67, 13)   vdiff=  3.5170E+00 (119, 11)
n=    76   udiff=  7.2218E+00 ( 67, 13)   vdiff=  3.4728E+00 (119, 11)
n=    77   udiff=  7.1152E+00 ( 67, 13)   vdiff=  3.4293E+00 (119, 11)
n=    78   udiff=  7.0100E+00 ( 67, 13)   vdiff=  3.3866E+00 (119, 11)
n=    79   udiff=  6.9062E+00 ( 67, 13)   vdiff=  3.3445E+00 (119, 11)
n=    80   udiff=  6.8038E+00 ( 67, 13)   vdiff=  3.3031E+00 (119, 11)
n=    81   udiff=  6.7028E+00 ( 67, 13)   vdiff=  3.2624E+00 (119, 11)
n=    82   udiff=  6.6032E+00 ( 67, 13)   vdiff=  3.2224E+00 (119, 11)
n=    83   udiff=  6.5049E+00 ( 67, 13)   vdiff=  3.1830E+00 (119, 11)
n=    84   udiff=  6.4166E+00 ( 68, 13)   vdiff=  3.1478E+00 (119, 10)
n=    85   udiff=  6.3317E+00 ( 68, 13)   vdiff=  3.1192E+00 (119, 10)
n=    86   udiff=  6.2478E+00 ( 68, 13)   vdiff=  3.0908E+00 (119, 10)
n=    87   udiff=  6.1650E+00 ( 68, 13)   vdiff=  3.0627E+00 (119, 10)
n=    88   udiff=  6.0831E+00 ( 68, 13)   vdiff=  3.0349E+00 (119, 10)
n=    89   udiff=  6.0023E+00 ( 68, 13)   vdiff=  3.0074E+00 (119, 10)
n=    90   udiff=  5.9225E+00 ( 68, 13)   vdiff=  2.9802E+00 (119, 10)
n=    91   udiff=  5.8436E+00 ( 68, 13)   vdiff=  2.9532E+00 (119, 10)
n=    92   udiff=  5.7657E+00 ( 68, 13)   vdiff=  2.9265E+00 (119, 10)
n=    93   udiff=  5.6888E+00 ( 68, 13)   vdiff=  2.9000E+00 (119, 10)
n=    94   udiff=  5.6128E+00 ( 68, 13)   vdiff=  2.8739E+00 (119, 10)
n=    95   udiff=  5.5378E+00 ( 68, 13)   vdiff=  2.8479E+00 (119, 10)
n=    96   udiff=  5.4637E+00 ( 68, 13)   vdiff=  2.8223E+00 (119, 10)
n=    97   udiff=  5.3905E+00 ( 68, 13)   vdiff=  2.7969E+00 (119, 10)
n=    98   udiff=  5.3257E+00 ( 69, 13)   vdiff=  2.7717E+00 (119, 10)
n=    99   udiff=  5.2622E+00 ( 69, 13)   vdiff=  2.7468E+00 (119, 10)
n=   100   udiff=  5.1993E+00 ( 69, 13)   vdiff=  2.7222E+00 (119, 10)
n=   101   udiff=  5.1372E+00 ( 69, 13)   vdiff=  2.6978E+00 (119, 10)
n=   102   udiff=  5.0758E+00 ( 69, 13)   vdiff=  2.6736E+00 (119, 10)
n=   103   udiff=  5.0150E+00 ( 69, 13)   vdiff=  2.6497E+00 (119, 10)
n=   104   udiff=  4.9549E+00 ( 69, 13)   vdiff=  2.6260E+00 (119, 10)
n=   105   udiff=  4.8954E+00 ( 69, 13)   vdiff=  2.6025E+00 (119, 10)
n=   106   udiff=  4.8367E+00 ( 69, 13)   vdiff=  2.5793E+00 (119, 10)
n=   107   udiff=  4.7785E+00 ( 69, 13)   vdiff=  2.5563E+00 (119, 10)
n=   108   udiff=  4.7210E+00 ( 69, 13)   vdiff=  2.5335E+00 (119, 10)
n=   109   udiff=  4.6641E+00 ( 69, 13)   vdiff=  2.5110E+00 (119, 10)
n=   110   udiff=  4.6078E+00 ( 69, 13)   vdiff=  2.4887E+00 (119, 10)
n=   111   udiff=  4.5522E+00 ( 69, 13)   vdiff=  2.4667E+00 (119, 10)
n=   112   udiff=  4.4985E+00 ( 70, 13)   vdiff=  2.4448E+00 (119, 10)
n=   113   udiff=  4.4500E+00 ( 70, 13)   vdiff=  2.4232E+00 (119, 10)
n=   114   udiff=  4.4020E+00 ( 70, 13)   vdiff=  2.4018E+00 (119, 10)
n=   115   udiff=  4.3545E+00 ( 70, 13)   vdiff=  2.3806E+00 (119, 10)
n=   116   udiff=  4.3074E+00 ( 70, 13)   vdiff=  2.3596E+00 (119, 10)
n=   117   udiff=  4.2608E+00 ( 70, 13)   vdiff=  2.3388E+00 (119, 10)
n=   118   udiff=  4.2146E+00 ( 70, 13)   vdiff=  2.3183E+00 (119, 10)
n=   119   udiff=  4.1689E+00 ( 70, 13)   vdiff=  2.2980E+00 (119, 10)
n=   120   udiff=  4.1236E+00 ( 70, 13)   vdiff=  2.2778E+00 (119, 10)
n=   121   udiff=  4.0788E+00 ( 70, 13)   vdiff=  2.2579E+00 (119, 10)
n=   122   udiff=  4.0343E+00 ( 70, 13)   vdiff=  2.2382E+00 (119, 10)
n=   123   udiff=  3.9903E+00 ( 70, 13)   vdiff=  2.2187E+00 (119, 10)
n=   124   udiff=  3.9467E+00 ( 70, 13)   vdiff=  2.1994E+00 (119, 10)
n=   125   udiff=  3.9035E+00 ( 70, 13)   vdiff=  2.1807E+00 (119,  9)
n=   126   udiff=  3.8608E+00 ( 70, 13)   vdiff=  2.1658E+00 (119,  9)
n=   127   udiff=  3.8184E+00 ( 70, 13)   vdiff=  2.1509E+00 (119,  9)
n=   128   udiff=  3.7805E+00 ( 71, 13)   vdiff=  2.1361E+00 (119,  9)
n=   129   udiff=  3.7435E+00 ( 71, 13)   vdiff=  2.1214E+00 (119,  9)
n=   130   udiff=  3.7067E+00 ( 71, 13)   vdiff=  2.1068E+00 (119,  9)
n=   131   udiff=  3.6703E+00 ( 71, 13)   vdiff=  2.0923E+00 (119,  9)
n=   132   udiff=  3.6342E+00 ( 71, 13)   vdiff=  2.0779E+00 (119,  9)
n=   133   udiff=  3.5983E+00 ( 71, 13)   vdiff=  2.0636E+00 (119,  9)
n=   134   udiff=  3.5628E+00 ( 71, 13)   vdiff=  2.0494E+00 (119,  9)
n=   135   udiff=  3.5289E+00 ( 71, 12)   vdiff=  2.0353E+00 (119,  9)
n=   136   udiff=  3.5011E+00 ( 71, 12)   vdiff=  2.0212E+00 (119,  9)
n=   137   udiff=  3.4734E+00 ( 71, 12)   vdiff=  2.0073E+00 (119,  9)
n=   138   udiff=  3.4457E+00 ( 71, 12)   vdiff=  1.9935E+00 (119,  9)
n=   139   udiff=  3.4181E+00 ( 71, 12)   vdiff=  1.9798E+00 (119,  9)
n=   140   udiff=  3.3906E+00 ( 71, 12)   vdiff=  1.9661E+00 (119,  9)
n=   141   udiff=  3.3631E+00 ( 71, 12)   vdiff=  1.9526E+00 (119,  9)
n=   142   udiff=  3.3357E+00 ( 71, 12)   vdiff=  1.9392E+00 (119,  9)
n=   143   udiff=  3.3083E+00 ( 71, 12)   vdiff=  1.9258E+00 (119,  9)
n=   144   udiff=  3.2815E+00 ( 72, 12)   vdiff=  1.9126E+00 (119,  9)
n=   145   udiff=  3.2577E+00 ( 72, 12)   vdiff=  1.8994E+00 (119,  9)
n=   146   udiff=  3.2339E+00 ( 72, 12)   vdiff=  1.8864E+00 (119,  9)
n=   147   udiff=  3.2101E+00 ( 72, 12)   vdiff=  1.8734E+00 (119,  9)
n=   148   udiff=  3.1864E+00 ( 72, 12)   vdiff=  1.8605E+00 (119,  9)
n=   149   udiff=  3.1627E+00 ( 72, 12)   vdiff=  1.8478E+00 (119,  9)
n=   150   udiff=  3.1391E+00 ( 72, 12)   vdiff=  1.8351E+00 (119,  9)
n=   151   udiff=  3.1155E+00 ( 72, 12)   vdiff=  1.8225E+00 (119,  9)
n=   152   udiff=  3.0920E+00 ( 72, 12)   vdiff=  1.8101E+00 (119,  9)
n=   153   udiff=  3.0685E+00 ( 72, 12)   vdiff=  1.7977E+00 (119,  9)
n=   154   udiff=  3.0450E+00 ( 72, 12)   vdiff=  1.7854E+00 (119,  9)
n=   155   udiff=  3.0216E+00 ( 72, 12)   vdiff=  1.7732E+00 (119,  9)
n=   156   udiff=  2.9983E+00 ( 72, 12)   vdiff=  1.7611E+00 (119,  9)
n=   157   udiff=  2.9750E+00 ( 72, 12)   vdiff=  1.7491E+00 (119,  9)
n=   158   udiff=  2.9518E+00 ( 72, 12)   vdiff=  1.7372E+00 (119,  9)
n=   159   udiff=  2.9287E+00 ( 73, 12)   vdiff=  1.7253E+00 (119,  9)
n=   160   udiff=  2.9084E+00 ( 73, 12)   vdiff=  1.7136E+00 (119,  9)
n=   161   udiff=  2.8881E+00 ( 73, 12)   vdiff=  1.7020E+00 (119,  9)
n=   162   udiff=  2.8679E+00 ( 73, 12)   vdiff=  1.6904E+00 (119,  9)
n=   163   udiff=  2.8477E+00 ( 73, 12)   vdiff=  1.6789E+00 (119,  9)
n=   164   udiff=  2.8275E+00 ( 73, 12)   vdiff=  1.6676E+00 (119,  9)
n=   165   udiff=  2.8074E+00 ( 73, 12)   vdiff=  1.6563E+00 (119,  9)
n=   166   udiff=  2.7873E+00 ( 73, 12)   vdiff=  1.6451E+00 (119,  9)
n=   167   udiff=  2.7673E+00 ( 73, 12)   vdiff=  1.6340E+00 (119,  9)
n=   168   udiff=  2.7473E+00 ( 73, 12)   vdiff=  1.6230E+00 (119,  9)
n=   169   udiff=  2.7273E+00 ( 73, 12)   vdiff=  1.6121E+00 (119,  9)
n=   170   udiff=  2.7074E+00 ( 73, 12)   vdiff=  1.6012E+00 (119,  9)
n=   171   udiff=  2.6875E+00 ( 73, 12)   vdiff=  1.5905E+00 (119,  9)
n=   172   udiff=  2.6677E+00 ( 73, 12)   vdiff=  1.5798E+00 (119,  9)
n=   173   udiff=  2.6478E+00 ( 73, 12)   vdiff=  1.5693E+00 (119,  9)
n=   174   udiff=  2.6281E+00 ( 73, 12)   vdiff=  1.5588E+00 (119,  9)
n=   175   udiff=  2.6098E+00 ( 74, 12)   vdiff=  1.5484E+00 (119,  9)
n=   176   udiff=  2.5925E+00 ( 74, 12)   vdiff=  1.5380E+00 (119,  9)
n=   177   udiff=  2.5752E+00 ( 74, 12)   vdiff=  1.5278E+00 (119,  9)
n=   178   udiff=  2.5580E+00 ( 74, 12)   vdiff=  1.5177E+00 (119,  9)
n=   179   udiff=  2.5408E+00 ( 74, 12)   vdiff=  1.5076E+00 (119,  9)
n=   180   udiff=  2.5236E+00 ( 74, 12)   vdiff=  1.4976E+00 (119,  9)
n=   181   udiff=  2.5064E+00 ( 74, 12)   vdiff=  1.4877E+00 (119,  9)
n=   182   udiff=  2.4892E+00 ( 74, 12)   vdiff=  1.4779E+00 (119,  9)
n=   183   udiff=  2.4721E+00 ( 74, 12)   vdiff=  1.4685E+00 (119,  8)
n=   184   udiff=  2.4550E+00 ( 74, 12)   vdiff=  1.4603E+00 (119,  8)
n=   185   udiff=  2.4379E+00 ( 74, 12)   vdiff=  1.4522E+00 (119,  8)
n=   186   udiff=  2.4209E+00 ( 74, 12)   vdiff=  1.4442E+00 (119,  8)
n=   187   udiff=  2.4039E+00 ( 74, 12)   vdiff=  1.4362E+00 (119,  8)
n=   188   udiff=  2.3869E+00 ( 74, 12)   vdiff=  1.4282E+00 (119,  8)
n=   189   udiff=  2.3700E+00 ( 74, 12)   vdiff=  1.4203E+00 (119,  8)
n=   190   udiff=  2.3530E+00 ( 75, 12)   vdiff=  1.4125E+00 (119,  8)
n=   191   udiff=  2.3382E+00 ( 75, 12)   vdiff=  1.4047E+00 (119,  8)
n=   192   udiff=  2.3234E+00 ( 75, 12)   vdiff=  1.3969E+00 (119,  8)
n=   193   udiff=  2.3085E+00 ( 75, 12)   vdiff=  1.3892E+00 (119,  8)
n=   194   udiff=  2.2937E+00 ( 75, 12)   vdiff=  1.3816E+00 (119,  8)
n=   195   udiff=  2.2789E+00 ( 75, 12)   vdiff=  1.3740E+00 (119,  8)
n=   196   udiff=  2.2642E+00 ( 75, 12)   vdiff=  1.3664E+00 (119,  8)
n=   197   udiff=  2.2494E+00 ( 75, 12)   vdiff=  1.3589E+00 (119,  8)
n=   198   udiff=  2.2347E+00 ( 75, 12)   vdiff=  1.3514E+00 (119,  8)
n=   199   udiff=  2.2199E+00 ( 75, 12)   vdiff=  1.3440E+00 (119,  8)
n=   200   udiff=  2.2052E+00 ( 75, 12)   vdiff=  1.3366E+00 (119,  8)
n=   201   udiff=  2.1905E+00 ( 75, 12)   vdiff=  1.3293E+00 (119,  8)
n=   202   udiff=  2.1759E+00 ( 75, 12)   vdiff=  1.3220E+00 (119,  8)
n=   203   udiff=  2.1612E+00 ( 75, 12)   vdiff=  1.3148E+00 (119,  8)
n=   204   udiff=  2.1466E+00 ( 75, 12)   vdiff=  1.3076E+00 (119,  8)
n=   205   udiff=  2.1320E+00 ( 75, 12)   vdiff=  1.3004E+00 (119,  8)
n=   206   udiff=  2.1179E+00 ( 76, 12)   vdiff=  1.2933E+00 (119,  8)
n=   207   udiff=  2.1051E+00 ( 76, 12)   vdiff=  1.2863E+00 (119,  8)
n=   208   udiff=  2.0922E+00 ( 76, 12)   vdiff=  1.2793E+00 (119,  8)
n=   209   udiff=  2.0794E+00 ( 76, 12)   vdiff=  1.2723E+00 (119,  8)
n=   210   udiff=  2.0666E+00 ( 76, 12)   vdiff=  1.2654E+00 (119,  8)
n=   211   udiff=  2.0538E+00 ( 76, 12)   vdiff=  1.2585E+00 (119,  8)
n=   212   udiff=  2.0411E+00 ( 76, 12)   vdiff=  1.2517E+00 (119,  8)
n=   213   udiff=  2.0283E+00 ( 76, 12)   vdiff=  1.2449E+00 (119,  8)
n=   214   udiff=  2.0155E+00 ( 76, 12)   vdiff=  1.2382E+00 (119,  8)
n=   215   udiff=  2.0028E+00 ( 76, 12)   vdiff=  1.2315E+00 (119,  8)
n=   216   udiff=  1.9900E+00 ( 76, 12)   vdiff=  1.2249E+00 (119,  8)
n=   217   udiff=  1.9773E+00 ( 76, 12)   vdiff=  1.2182E+00 (119,  8)
n=   218   udiff=  1.9646E+00 ( 76, 12)   vdiff=  1.2117E+00 (119,  8)
n=   219   udiff=  1.9519E+00 ( 76, 12)   vdiff=  1.2052E+00 (119,  8)
n=   220   udiff=  1.9392E+00 ( 76, 12)   vdiff=  1.1987E+00 (119,  8)
n=   221   udiff=  1.9265E+00 ( 76, 12)   vdiff=  1.1923E+00 (119,  8)
n=   222   udiff=  1.9146E+00 ( 77, 12)   vdiff=  1.1859E+00 (119,  8)
n=   223   udiff=  1.9066E+00 ( 77,  1)   vdiff=  1.1795E+00 (119,  8)
n=   224   udiff=  1.9013E+00 ( 77,  1)   vdiff=  1.1732E+00 (119,  8)
n=   225   udiff=  1.8958E+00 ( 77,  1)   vdiff=  1.1669E+00 (119,  8)
n=   226   udiff=  1.8903E+00 ( 77,  1)   vdiff=  1.1607E+00 (119,  8)
n=   227   udiff=  1.8847E+00 ( 77,  1)   vdiff=  1.1545E+00 (119,  8)
n=   228   udiff=  1.8797E+00 ( 78,  1)   vdiff=  1.1484E+00 (119,  8)
n=   229   udiff=  1.8752E+00 ( 78,  1)   vdiff=  1.1423E+00 (119,  8)
n=   230   udiff=  1.8705E+00 ( 78,  1)   vdiff=  1.1362E+00 (119,  8)
n=   231   udiff=  1.8658E+00 ( 78,  1)   vdiff=  1.1302E+00 (119,  8)
n=   232   udiff=  1.8611E+00 ( 78,  1)   vdiff=  1.1242E+00 (119,  8)
n=   233   udiff=  1.8562E+00 ( 78,  1)   vdiff=  1.1183E+00 (119,  8)
n=   234   udiff=  1.8512E+00 ( 78,  1)   vdiff=  1.1124E+00 (119,  8)
n=   235   udiff=  1.8462E+00 ( 78,  1)   vdiff=  1.1065E+00 (119,  8)
n=   236   udiff=  1.8410E+00 ( 78,  1)   vdiff=  1.1007E+00 (119,  8)
n=   237   udiff=  1.8358E+00 ( 78,  1)   vdiff=  1.0949E+00 (119,  8)
n=   238   udiff=  1.8305E+00 ( 78,  1)   vdiff=  1.0891E+00 (119,  8)
n=   239   udiff=  1.8251E+00 ( 78,  1)   vdiff=  1.0834E+00 (119,  8)
n=   240   udiff=  1.8196E+00 ( 78,  1)   vdiff=  1.0778E+00 (119,  8)
n=   241   udiff=  1.8140E+00 ( 78,  1)   vdiff=  1.0721E+00 (119,  8)
n=   242   udiff=  1.8083E+00 ( 78,  1)   vdiff=  1.0665E+00 (119,  8)
n=   243   udiff=  1.8036E+00 ( 79,  1)   vdiff=  1.0610E+00 (119,  8)
n=   244   udiff=  1.7990E+00 ( 79,  1)   vdiff=  1.0554E+00 (119,  8)
n=   245   udiff=  1.7943E+00 ( 79,  1)   vdiff=  1.0499E+00 (119,  8)
n=   246   udiff=  1.7895E+00 ( 79,  1)   vdiff=  1.0445E+00 (119,  8)
n=   247   udiff=  1.7846E+00 ( 79,  1)   vdiff=  1.0391E+00 (119,  8)
n=   248   udiff=  1.7797E+00 ( 79,  1)   vdiff=  1.0337E+00 (119,  8)
n=   249   udiff=  1.7746E+00 ( 79,  1)   vdiff=  1.0284E+00 (119,  8)
n=   250   udiff=  1.7695E+00 ( 79,  1)   vdiff=  1.0230E+00 (119,  8)
n=   251   udiff=  1.7643E+00 ( 79,  1)   vdiff=  1.0178E+00 (119,  8)
n=   252   udiff=  1.7590E+00 ( 79,  1)   vdiff=  1.0125E+00 (119,  8)
n=   253   udiff=  1.7537E+00 ( 79,  1)   vdiff=  1.0073E+00 (119,  8)
n=   254   udiff=  1.7482E+00 ( 79,  1)   vdiff=  1.0022E+00 (119,  8)
n=   255   udiff=  1.7427E+00 ( 79,  1)   vdiff=  9.9703E-01 (119,  8)
n=   256   udiff=  1.7371E+00 ( 79,  1)   vdiff=  9.9192E-01 (119,  8)
n=   257   udiff=  1.7318E+00 ( 80,  1)   vdiff=  9.8686E-01 (119,  8)
n=   258   udiff=  1.7272E+00 ( 80,  1)   vdiff=  9.8182E-01 (119,  8)
n=   259   udiff=  1.7225E+00 ( 80,  1)   vdiff=  9.7682E-01 (119,  8)
n=   260   udiff=  1.7177E+00 ( 80,  1)   vdiff=  9.7185E-01 (119,  8)
n=   261   udiff=  1.7128E+00 ( 80,  1)   vdiff=  9.6691E-01 (119,  8)
n=   262   udiff=  1.7079E+00 ( 80,  1)   vdiff=  9.6200E-01 (119,  8)
n=   263   udiff=  1.7029E+00 ( 80,  1)   vdiff=  9.5713E-01 (119,  8)
n=   264   udiff=  1.6978E+00 ( 80,  1)   vdiff=  9.5229E-01 (119,  8)
n=   265   udiff=  1.6927E+00 ( 80,  1)   vdiff=  9.4748E-01 (119,  8)
n=   266   udiff=  1.6874E+00 ( 80,  1)   vdiff=  9.4270E-01 (119,  8)
n=   267   udiff=  1.6821E+00 ( 80,  1)   vdiff=  9.3795E-01 (119,  8)
n=   268   udiff=  1.6767E+00 ( 80,  1)   vdiff=  9.3324E-01 (119,  8)
n=   269   udiff=  1.6713E+00 ( 80,  1)   vdiff=  9.2855E-01 (119,  8)
n=   270   udiff=  1.6657E+00 ( 80,  1)   vdiff=  9.2390E-01 (119,  8)
n=   271   udiff=  1.6601E+00 ( 80,  1)   vdiff=  9.1927E-01 (119,  8)
n=   272   udiff=  1.6554E+00 ( 81,  1)   vdiff=  9.1467E-01 (119,  8)
n=   273   udiff=  1.6507E+00 ( 81,  1)   vdiff=  9.1011E-01 (119,  8)
n=   274   udiff=  1.6460E+00 ( 81,  1)   vdiff=  9.0557E-01 (119,  8)
n=   275   udiff=  1.6412E+00 ( 81,  1)   vdiff=  9.0106E-01 (119,  8)
n=   276   udiff=  1.6363E+00 ( 81,  1)   vdiff=  8.9659E-01 (119,  8)
n=   277   udiff=  1.6314E+00 ( 81,  1)   vdiff=  8.9214E-01 (119,  8)
n=   278   udiff=  1.6264E+00 ( 81,  1)   vdiff=  8.8772E-01 (119,  8)
n=   279   udiff=  1.6213E+00 ( 81,  1)   vdiff=  8.8337E-01 (119,  7)
n=   280   udiff=  1.6161E+00 ( 81,  1)   vdiff=  8.7944E-01 (119,  7)
n=   281   udiff=  1.6109E+00 ( 81,  1)   vdiff=  8.7552E-01 (119,  7)
n=   282   udiff=  1.6056E+00 ( 81,  1)   vdiff=  8.7163E-01 (119,  7)
n=   283   udiff=  1.6002E+00 ( 81,  1)   vdiff=  8.6776E-01 (119,  7)
n=   284   udiff=  1.5948E+00 ( 81,  1)   vdiff=  8.6391E-01 (119,  7)
n=   285   udiff=  1.5893E+00 ( 81,  1)   vdiff=  8.6008E-01 (119,  7)
n=   286   udiff=  1.5842E+00 ( 82,  1)   vdiff=  8.5627E-01 (119,  7)
n=   287   udiff=  1.5796E+00 ( 82,  1)   vdiff=  8.5247E-01 (119,  7)
n=   288   udiff=  1.5749E+00 ( 82,  1)   vdiff=  8.4870E-01 (119,  7)
n=   289   udiff=  1.5702E+00 ( 82,  1)   vdiff=  8.4495E-01 (119,  7)
n=   290   udiff=  1.5653E+00 ( 82,  1)   vdiff=  8.4122E-01 (119,  7)
n=   291   udiff=  1.5605E+00 ( 82,  1)   vdiff=  8.3750E-01 (119,  7)
n=   292   udiff=  1.5555E+00 ( 82,  1)   vdiff=  8.3381E-01 (119,  7)
n=   293   udiff=  1.5505E+00 ( 82,  1)   vdiff=  8.3014E-01 (119,  7)
n=   294   udiff=  1.5455E+00 ( 82,  1)   vdiff=  8.2701E-01 ( 11, 17)
n=   295   udiff=  1.5403E+00 ( 82,  1)   vdiff=  8.2393E-01 ( 11, 17)
n=   296   udiff=  1.5351E+00 ( 82,  1)   vdiff=  8.2084E-01 ( 11, 17)
n=   297   udiff=  1.5299E+00 ( 82,  1)   vdiff=  8.1772E-01 ( 11, 17)
n=   298   udiff=  1.5246E+00 ( 82,  1)   vdiff=  8.1458E-01 ( 11, 17)
n=   299   udiff=  1.5192E+00 ( 82,  1)   vdiff=  8.1142E-01 ( 11, 17)
n=   300   udiff=  1.5139E+00 ( 83,  1)   vdiff=  8.0824E-01 ( 11, 17)
n=   301   udiff=  1.5093E+00 ( 83,  1)   vdiff=  8.0504E-01 ( 11, 17)
n=   302   udiff=  1.5047E+00 ( 83,  1)   vdiff=  8.0182E-01 ( 11, 17)
n=   303   udiff=  1.5001E+00 ( 83,  1)   vdiff=  7.9859E-01 ( 11, 17)
n=   304   udiff=  1.4953E+00 ( 83,  1)   vdiff=  7.9533E-01 ( 11, 17)
n=   305   udiff=  1.4906E+00 ( 83,  1)   vdiff=  7.9206E-01 ( 11, 17)
n=   306   udiff=  1.4857E+00 ( 83,  1)   vdiff=  7.8878E-01 ( 11, 17)
n=   307   udiff=  1.4808E+00 ( 83,  1)   vdiff=  7.8548E-01 ( 11, 17)
n=   308   udiff=  1.4759E+00 ( 83,  1)   vdiff=  7.8216E-01 ( 11, 17)
n=   309   udiff=  1.4709E+00 ( 83,  1)   vdiff=  7.7883E-01 ( 11, 17)
n=   310   udiff=  1.4658E+00 ( 83,  1)   vdiff=  7.7549E-01 ( 11, 17)
n=   311   udiff=  1.4607E+00 ( 83,  1)   vdiff=  7.7214E-01 ( 11, 17)
n=   312   udiff=  1.4555E+00 ( 83,  1)   vdiff=  7.6877E-01 ( 11, 17)
n=   313   udiff=  1.4503E+00 ( 83,  1)   vdiff=  7.6560E-01 ( 12, 17)
n=   314   udiff=  1.4450E+00 ( 83,  1)   vdiff=  7.6344E-01 ( 12, 17)
n=   315   udiff=  1.4403E+00 ( 84,  1)   vdiff=  7.6125E-01 ( 12, 17)
n=   316   udiff=  1.4358E+00 ( 84,  1)   vdiff=  7.5903E-01 ( 12, 17)
n=   317   udiff=  1.4312E+00 ( 84,  1)   vdiff=  7.5678E-01 ( 12, 17)
n=   318   udiff=  1.4266E+00 ( 84,  1)   vdiff=  7.5450E-01 ( 12, 17)
n=   319   udiff=  1.4220E+00 ( 84,  1)   vdiff=  7.5220E-01 ( 12, 17)
n=   320   udiff=  1.4172E+00 ( 84,  1)   vdiff=  7.4987E-01 ( 12, 17)
n=   321   udiff=  1.4125E+00 ( 84,  1)   vdiff=  7.4752E-01 ( 12, 17)
n=   322   udiff=  1.4076E+00 ( 84,  1)   vdiff=  7.4515E-01 ( 12, 17)
n=   323   udiff=  1.4028E+00 ( 84,  1)   vdiff=  7.4274E-01 ( 12, 17)
n=   324   udiff=  1.3978E+00 ( 84,  1)   vdiff=  7.4032E-01 ( 12, 17)
n=   325   udiff=  1.3929E+00 ( 84,  1)   vdiff=  7.3788E-01 ( 12, 17)
n=   326   udiff=  1.3878E+00 ( 84,  1)   vdiff=  7.3541E-01 ( 12, 17)
n=   327   udiff=  1.3828E+00 ( 84,  1)   vdiff=  7.3293E-01 ( 12, 17)
n=   328   udiff=  1.3776E+00 ( 84,  1)   vdiff=  7.3042E-01 ( 12, 17)
n=   329   udiff=  1.3728E+00 ( 85,  1)   vdiff=  7.2789E-01 ( 12, 17)
n=   330   udiff=  1.3684E+00 ( 85,  1)   vdiff=  7.2535E-01 ( 12, 17)
n=   331   udiff=  1.3640E+00 ( 85,  1)   vdiff=  7.2278E-01 ( 12, 17)
n=   332   udiff=  1.3595E+00 ( 85,  1)   vdiff=  7.2020E-01 ( 12, 17)
n=   333   udiff=  1.3550E+00 ( 85,  1)   vdiff=  7.1760E-01 ( 12, 17)
n=   334   udiff=  1.3504E+00 ( 85,  1)   vdiff=  7.1499E-01 ( 12, 17)
n=   335   udiff=  1.3457E+00 ( 85,  1)   vdiff=  7.1236E-01 ( 12, 17)
n=   336   udiff=  1.3410E+00 ( 85,  1)   vdiff=  7.0971E-01 ( 12, 17)
n=   337   udiff=  1.3363E+00 ( 85,  1)   vdiff=  7.0705E-01 ( 12, 17)
n=   338   udiff=  1.3315E+00 ( 85,  1)   vdiff=  7.0438E-01 ( 12, 17)
n=   339   udiff=  1.3267E+00 ( 85,  1)   vdiff=  7.0169E-01 ( 12, 17)
n=   340   udiff=  1.3219E+00 ( 85,  1)   vdiff=  6.9898E-01 ( 12, 17)
n=   341   udiff=  1.3170E+00 ( 85,  1)   vdiff=  6.9627E-01 ( 12, 17)
n=   342   udiff=  1.3120E+00 ( 85,  1)   vdiff=  6.9354E-01 ( 12, 17)
n=   343   udiff=  1.3071E+00 ( 86,  1)   vdiff=  6.9080E-01 ( 12, 17)
n=   344   udiff=  1.3028E+00 ( 86,  1)   vdiff=  6.8805E-01 ( 12, 17)
n=   345   udiff=  1.2985E+00 ( 86,  1)   vdiff=  6.8529E-01 ( 12, 17)
n=   346   udiff=  1.2941E+00 ( 86,  1)   vdiff=  6.8293E-01 ( 13, 16)
n=   347   udiff=  1.2897E+00 ( 86,  1)   vdiff=  6.8098E-01 ( 13, 16)
n=   348   udiff=  1.2853E+00 ( 86,  1)   vdiff=  6.7901E-01 ( 13, 16)
n=   349   udiff=  1.2808E+00 ( 86,  1)   vdiff=  6.7701E-01 ( 13, 16)
n=   350   udiff=  1.2763E+00 ( 86,  1)   vdiff=  6.7500E-01 ( 13, 16)
n=   351   udiff=  1.2717E+00 ( 86,  1)   vdiff=  6.7297E-01 ( 13, 16)
n=   352   udiff=  1.2671E+00 ( 86,  1)   vdiff=  6.7091E-01 ( 13, 16)
n=   353   udiff=  1.2624E+00 ( 86,  1)   vdiff=  6.6884E-01 ( 13, 16)
n=   354   udiff=  1.2577E+00 ( 86,  1)   vdiff=  6.6675E-01 ( 13, 16)
n=   355   udiff=  1.2530E+00 ( 86,  1)   vdiff=  6.6470E-01 ( 13, 17)
n=   356   udiff=  1.2482E+00 ( 86,  1)   vdiff=  6.6271E-01 ( 13, 17)
n=   357   udiff=  1.2434E+00 ( 86,  1)   vdiff=  6.6070E-01 ( 13, 17)
n=   358   udiff=  1.2391E+00 ( 87,  1)   vdiff=  6.5867E-01 ( 13, 17)
n=   359   udiff=  1.2350E+00 ( 87,  1)   vdiff=  6.5663E-01 ( 13, 17)
n=   360   udiff=  1.2307E+00 ( 87,  1)   vdiff=  6.5456E-01 ( 13, 17)
n=   361   udiff=  1.2265E+00 ( 87,  1)   vdiff=  6.5248E-01 ( 13, 17)
n=   362   udiff=  1.2222E+00 ( 87,  1)   vdiff=  6.5039E-01 ( 13, 17)
n=   363   udiff=  1.2179E+00 ( 87,  1)   vdiff=  6.4827E-01 ( 13, 17)
n=   364   udiff=  1.2135E+00 ( 87,  1)   vdiff=  6.4615E-01 ( 13, 17)
n=   365   udiff=  1.2091E+00 ( 87,  1)   vdiff=  6.4400E-01 ( 13, 17)
n=   366   udiff=  1.2046E+00 ( 87,  1)   vdiff=  6.4185E-01 ( 13, 17)
n=   367   udiff=  1.2002E+00 ( 87,  1)   vdiff=  6.3968E-01 ( 13, 17)
n=   368   udiff=  1.1957E+00 ( 87,  1)   vdiff=  6.3749E-01 ( 13, 17)
n=   369   udiff=  1.1911E+00 ( 87,  1)   vdiff=  6.3529E-01 ( 13, 17)
n=   370   udiff=  1.1865E+00 ( 87,  1)   vdiff=  6.3308E-01 ( 13, 17)
n=   371   udiff=  1.1819E+00 ( 87,  1)   vdiff=  6.3086E-01 ( 13, 17)
n=   372   udiff=  1.1775E+00 ( 88,  1)   vdiff=  6.2862E-01 ( 13, 17)
n=   373   udiff=  1.1735E+00 ( 88,  1)   vdiff=  6.2637E-01 ( 13, 17)
n=   374   udiff=  1.1694E+00 ( 88,  1)   vdiff=  6.2411E-01 ( 13, 17)
n=   375   udiff=  1.1653E+00 ( 88,  1)   vdiff=  6.2184E-01 ( 13, 17)
n=   376   udiff=  1.1612E+00 ( 88,  1)   vdiff=  6.1956E-01 ( 13, 17)
n=   377   udiff=  1.1570E+00 ( 88,  1)   vdiff=  6.1727E-01 ( 13, 17)
n=   378   udiff=  1.1528E+00 ( 88,  1)   vdiff=  6.1526E-01 ( 14, 16)
n=   379   udiff=  1.1486E+00 ( 88,  1)   vdiff=  6.1363E-01 ( 14, 16)
n=   380   udiff=  1.1443E+00 ( 88,  1)   vdiff=  6.1198E-01 ( 14, 16)
n=   381   udiff=  1.1400E+00 ( 88,  1)   vdiff=  6.1032E-01 ( 14, 16)
n=   382   udiff=  1.1357E+00 ( 88,  1)   vdiff=  6.0864E-01 ( 14, 16)
n=   383   udiff=  1.1313E+00 ( 88,  1)   vdiff=  6.0694E-01 ( 14, 16)
n=   384   udiff=  1.1269E+00 ( 88,  1)   vdiff=  6.0522E-01 ( 14, 16)
n=   385   udiff=  1.1225E+00 ( 88,  1)   vdiff=  6.0349E-01 ( 14, 16)
n=   386   udiff=  1.1181E+00 ( 89,  1)   vdiff=  6.0174E-01 ( 14, 16)
n=   387   udiff=  1.1142E+00 ( 89,  1)   vdiff=  5.9997E-01 ( 14, 16)
n=   388   udiff=  1.1103E+00 ( 89,  1)   vdiff=  5.9819E-01 ( 14, 16)
n=   389   udiff=  1.1063E+00 ( 89,  1)   vdiff=  5.9639E-01 ( 14, 16)
n=   390   udiff=  1.1024E+00 ( 89,  1)   vdiff=  5.9458E-01 ( 14, 16)
n=   391   udiff=  1.0984E+00 ( 89,  1)   vdiff=  5.9276E-01 ( 14, 16)
n=   392   udiff=  1.0943E+00 ( 89,  1)   vdiff=  5.9092E-01 ( 14, 16)
n=   393   udiff=  1.0903E+00 ( 89,  1)   vdiff=  5.8907E-01 ( 14, 16)
n=   394   udiff=  1.0862E+00 ( 89,  1)   vdiff=  5.8720E-01 ( 14, 16)
n=   395   udiff=  1.0821E+00 ( 89,  1)   vdiff=  5.8532E-01 ( 14, 16)
n=   396   udiff=  1.0779E+00 ( 89,  1)   vdiff=  5.8343E-01 ( 14, 16)
n=   397   udiff=  1.0737E+00 ( 89,  1)   vdiff=  5.8153E-01 ( 14, 16)
n=   398   udiff=  1.0695E+00 ( 89,  1)   vdiff=  5.7962E-01 ( 14, 16)
n=   399   udiff=  1.0653E+00 ( 89,  1)   vdiff=  5.7769E-01 ( 14, 16)
n=   400   udiff=  1.0610E+00 ( 89,  1)   vdiff=  5.7576E-01 ( 14, 17)
n=   401   udiff=  1.0571E+00 ( 90,  1)   vdiff=  5.7392E-01 ( 14, 17)
n=   402   udiff=  1.0534E+00 ( 90,  1)   vdiff=  5.7207E-01 ( 14, 17)
n=   403   udiff=  1.0496E+00 ( 90,  1)   vdiff=  5.7021E-01 ( 14, 17)
n=   404   udiff=  1.0458E+00 ( 90,  1)   vdiff=  5.6834E-01 ( 14, 17)
n=   405   udiff=  1.0420E+00 ( 90,  1)   vdiff=  5.6645E-01 ( 14, 17)
n=   406   udiff=  1.0381E+00 ( 90,  1)   vdiff=  5.6456E-01 ( 14, 17)
n=   407   udiff=  1.0342E+00 ( 90,  1)   vdiff=  5.6266E-01 ( 14, 17)
n=   408   udiff=  1.0303E+00 ( 90,  1)   vdiff=  5.6074E-01 ( 14, 17)
n=   409   udiff=  1.0263E+00 ( 90,  1)   vdiff=  5.5882E-01 ( 14, 17)
n=   410   udiff=  1.0224E+00 ( 90,  1)   vdiff=  5.5724E-01 ( 15, 16)
n=   411   udiff=  1.0184E+00 ( 90,  1)   vdiff=  5.5587E-01 ( 15, 16)
n=   412   udiff=  1.0144E+00 ( 90,  1)   vdiff=  5.5448E-01 ( 15, 16)
n=   413   udiff=  1.0103E+00 ( 90,  1)   vdiff=  5.5307E-01 ( 15, 16)
n=   414   udiff=  1.0063E+00 ( 90,  1)   vdiff=  5.5165E-01 ( 15, 16)
n=   415   udiff=  1.0023E+00 ( 91,  1)   vdiff=  5.5021E-01 ( 15, 16)
n=   416   udiff=  9.9872E-01 ( 91,  1)   vdiff=  5.4876E-01 ( 15, 16)
n=   417   udiff=  9.9510E-01 ( 91,  1)   vdiff=  5.4729E-01 ( 15, 16)
n=   418   udiff=  9.9146E-01 ( 91,  1)   vdiff=  5.4581E-01 ( 15, 16)
n=   419   udiff=  9.8779E-01 ( 91,  1)   vdiff=  5.4432E-01 ( 15, 16)
n=   420   udiff=  9.8410E-01 ( 91,  1)   vdiff=  5.4281E-01 ( 15, 16)
n=   421   udiff=  9.8039E-01 ( 91,  1)   vdiff=  5.4129E-01 ( 15, 16)
n=   422   udiff=  9.7665E-01 ( 91,  1)   vdiff=  5.3976E-01 ( 15, 16)
n=   423   udiff=  9.7289E-01 ( 91,  1)   vdiff=  5.3821E-01 ( 15, 16)
n=   424   udiff=  9.6910E-01 ( 91,  1)   vdiff=  5.3665E-01 ( 15, 16)
n=   425   udiff=  9.6529E-01 ( 91,  1)   vdiff=  5.3508E-01 ( 15, 16)
n=   426   udiff=  9.6146E-01 ( 91,  1)   vdiff=  5.3350E-01 ( 15, 16)
n=   427   udiff=  9.5761E-01 ( 91,  1)   vdiff=  5.3191E-01 ( 15, 16)
n=   428   udiff=  9.5374E-01 ( 91,  1)   vdiff=  5.3030E-01 ( 15, 16)
n=   429   udiff=  9.4984E-01 ( 91,  1)   vdiff=  5.2869E-01 ( 15, 16)
n=   430   udiff=  9.4632E-01 ( 92,  1)   vdiff=  5.2707E-01 ( 15, 16)
n=   431   udiff=  9.4287E-01 ( 92,  1)   vdiff=  5.2543E-01 ( 15, 16)
n=   432   udiff=  9.3939E-01 ( 92,  1)   vdiff=  5.2379E-01 ( 15, 16)
n=   433   udiff=  9.3589E-01 ( 92,  1)   vdiff=  5.2213E-01 ( 15, 16)
n=   434   udiff=  9.3237E-01 ( 92,  1)   vdiff=  5.2047E-01 ( 15, 16)
n=   435   udiff=  9.2882E-01 ( 92,  1)   vdiff=  5.1880E-01 ( 15, 16)
n=   436   udiff=  9.2526E-01 ( 92,  1)   vdiff=  5.1712E-01 ( 15, 16)
n=   437   udiff=  9.2168E-01 ( 92,  1)   vdiff=  5.1543E-01 ( 15, 16)
n=   438   udiff=  9.1807E-01 ( 92,  1)   vdiff=  5.1373E-01 ( 15, 16)
n=   439   udiff=  9.1444E-01 ( 92,  1)   vdiff=  5.1202E-01 ( 15, 16)
n=   440   udiff=  9.1080E-01 ( 92,  1)   vdiff=  5.1031E-01 ( 15, 16)
n=   441   udiff=  9.0713E-01 ( 92,  1)   vdiff=  5.0859E-01 ( 15, 16)
n=   442   udiff=  9.0345E-01 ( 92,  1)   vdiff=  5.0696E-01 ( 16, 16)
n=   443   udiff=  8.9974E-01 ( 92,  1)   vdiff=  5.0579E-01 ( 16, 16)
n=   444   udiff=  8.9617E-01 ( 93,  1)   vdiff=  5.0460E-01 ( 16, 16)
n=   445   udiff=  8.9287E-01 ( 93,  1)   vdiff=  5.0340E-01 ( 16, 16)
n=   446   udiff=  8.8956E-01 ( 93,  1)   vdiff=  5.0218E-01 ( 16, 16)
n=   447   udiff=  8.8622E-01 ( 93,  1)   vdiff=  5.0096E-01 ( 16, 16)
n=   448   udiff=  8.8287E-01 ( 93,  1)   vdiff=  4.9971E-01 ( 16, 16)
n=   449   udiff=  8.7949E-01 ( 93,  1)   vdiff=  4.9846E-01 ( 16, 16)
n=   450   udiff=  8.7610E-01 ( 93,  1)   vdiff=  4.9720E-01 ( 16, 16)
n=   451   udiff=  8.7269E-01 ( 93,  1)   vdiff=  4.9592E-01 ( 16, 16)
n=   452   udiff=  8.6926E-01 ( 93,  1)   vdiff=  4.9463E-01 ( 16, 16)
n=   453   udiff=  8.6581E-01 ( 93,  1)   vdiff=  4.9333E-01 ( 16, 16)
n=   454   udiff=  8.6235E-01 ( 93,  1)   vdiff=  4.9202E-01 ( 16, 16)
n=   455   udiff=  8.5886E-01 ( 93,  1)   vdiff=  4.9070E-01 ( 16, 16)
n=   456   udiff=  8.5536E-01 ( 93,  1)   vdiff=  4.8937E-01 ( 16, 16)
n=   457   udiff=  8.5184E-01 ( 93,  1)   vdiff=  4.8802E-01 ( 16, 16)
n=   458   udiff=  8.4831E-01 ( 93,  1)   vdiff=  4.8667E-01 ( 16, 16)
n=   459   udiff=  8.4509E-01 ( 94,  1)   vdiff=  4.8531E-01 ( 16, 16)
n=   460   udiff=  8.4193E-01 ( 94,  1)   vdiff=  4.8393E-01 ( 16, 16)
n=   461   udiff=  8.3876E-01 ( 94,  1)   vdiff=  4.8255E-01 ( 16, 16)
n=   462   udiff=  8.3556E-01 ( 94,  1)   vdiff=  4.8116E-01 ( 16, 16)
n=   463   udiff=  8.3236E-01 ( 94,  1)   vdiff=  4.7976E-01 ( 16, 16)
n=   464   udiff=  8.2913E-01 ( 94,  1)   vdiff=  4.7835E-01 ( 16, 16)
n=   465   udiff=  8.2589E-01 ( 94,  1)   vdiff=  4.7693E-01 ( 16, 16)
n=   466   udiff=  8.2263E-01 ( 94,  1)   vdiff=  4.7551E-01 ( 16, 16)
n=   467   udiff=  8.1936E-01 ( 94,  1)   vdiff=  4.7407E-01 ( 16, 16)
n=   468   udiff=  8.1607E-01 ( 94,  1)   vdiff=  4.7263E-01 ( 16, 16)
n=   469   udiff=  8.1276E-01 ( 94,  1)   vdiff=  4.7118E-01 ( 16, 16)
n=   470   udiff=  8.0944E-01 ( 94,  1)   vdiff=  4.6972E-01 ( 16, 16)
n=   471   udiff=  8.0610E-01 ( 94,  1)   vdiff=  4.6826E-01 ( 16, 16)
n=   472   udiff=  8.0275E-01 ( 94,  1)   vdiff=  4.6679E-01 ( 16, 16)
n=   473   udiff=  7.9945E-01 ( 95,  1)   vdiff=  4.6531E-01 ( 16, 16)
n=   474   udiff=  7.9645E-01 ( 95,  1)   vdiff=  4.6382E-01 ( 16, 16)
n=   475   udiff=  7.9344E-01 ( 95,  1)   vdiff=  4.6233E-01 ( 16, 16)
n=   476   udiff=  7.9041E-01 ( 95,  1)   vdiff=  4.6094E-01 ( 17, 16)
n=   477   udiff=  7.8736E-01 ( 95,  1)   vdiff=  4.5990E-01 ( 17, 16)
n=   478   udiff=  7.8430E-01 ( 95,  1)   vdiff=  4.5885E-01 ( 17, 16)
n=   479   udiff=  7.8122E-01 ( 95,  1)   vdiff=  4.5780E-01 ( 17, 16)
n=   480   udiff=  7.7813E-01 ( 95,  1)   vdiff=  4.5673E-01 ( 17, 16)
n=   481   udiff=  7.7502E-01 ( 95,  1)   vdiff=  4.5565E-01 ( 17, 16)
n=   482   udiff=  7.7190E-01 ( 95,  1)   vdiff=  4.5456E-01 ( 17, 16)
n=   483   udiff=  7.6876E-01 ( 95,  1)   vdiff=  4.5346E-01 ( 17, 16)
n=   484   udiff=  7.6562E-01 ( 95,  1)   vdiff=  4.5235E-01 ( 17, 16)
n=   485   udiff=  7.6245E-01 ( 95,  1)   vdiff=  4.5123E-01 ( 17, 16)
n=   486   udiff=  7.5928E-01 ( 95,  1)   vdiff=  4.5010E-01 ( 17, 16)
n=   487   udiff=  7.5609E-01 ( 95,  1)   vdiff=  4.4896E-01 ( 17, 16)
n=   488   udiff=  7.5307E-01 ( 96,  1)   vdiff=  4.4781E-01 ( 17, 16)
n=   489   udiff=  7.5021E-01 ( 96,  1)   vdiff=  4.4665E-01 ( 17, 16)
n=   490   udiff=  7.4733E-01 ( 96,  1)   vdiff=  4.4548E-01 ( 17, 16)
n=   491   udiff=  7.4444E-01 ( 96,  1)   vdiff=  4.4431E-01 ( 17, 16)
n=   492   udiff=  7.4153E-01 ( 96,  1)   vdiff=  4.4312E-01 ( 17, 16)
n=   493   udiff=  7.3862E-01 ( 96,  1)   vdiff=  4.4193E-01 ( 17, 16)
n=   494   udiff=  7.3568E-01 ( 96,  1)   vdiff=  4.4073E-01 ( 17, 16)
n=   495   udiff=  7.3274E-01 ( 96,  1)   vdiff=  4.3952E-01 ( 17, 16)
n=   496   udiff=  7.2978E-01 ( 96,  1)   vdiff=  4.3830E-01 ( 17, 16)
n=   497   udiff=  7.2681E-01 ( 96,  1)   vdiff=  4.3707E-01 ( 17, 16)
n=   498   udiff=  7.2383E-01 ( 96,  1)   vdiff=  4.3584E-01 ( 17, 16)
n=   499   udiff=  7.2084E-01 ( 96,  1)   vdiff=  4.3460E-01 ( 17, 16)
n=   500   udiff=  7.1783E-01 ( 96,  1)   vdiff=  4.3335E-01 ( 17, 16)
n=   501   udiff=  7.1481E-01 ( 96,  1)   vdiff=  4.3210E-01 ( 17, 16)
n=   502   udiff=  7.1178E-01 ( 96,  1)   vdiff=  4.3084E-01 ( 17, 16)
n=   503   udiff=  7.0899E-01 ( 97,  1)   vdiff=  4.2957E-01 ( 17, 16)
n=   504   udiff=  7.0626E-01 ( 97,  1)   vdiff=  4.2830E-01 ( 17, 16)
n=   505   udiff=  7.0352E-01 ( 97,  1)   vdiff=  4.2702E-01 ( 17, 16)
n=   506   udiff=  7.0077E-01 ( 97,  1)   vdiff=  4.2573E-01 ( 17, 16)
n=   507   udiff=  6.9801E-01 ( 97,  1)   vdiff=  4.2444E-01 ( 17, 16)
n=   508   udiff=  6.9523E-01 ( 97,  1)   vdiff=  4.2314E-01 ( 17, 16)
n=   509   udiff=  6.9245E-01 ( 97,  1)   vdiff=  4.2184E-01 ( 17, 16)
n=   510   udiff=  6.8965E-01 ( 97,  1)   vdiff=  4.2060E-01 ( 18, 16)
n=   511   udiff=  6.8684E-01 ( 97,  1)   vdiff=  4.1968E-01 ( 18, 16)
n=   512   udiff=  6.8402E-01 ( 97,  1)   vdiff=  4.1875E-01 ( 18, 16)
n=   513   udiff=  6.8118E-01 ( 97,  1)   vdiff=  4.1782E-01 ( 18, 16)
n=   514   udiff=  6.7834E-01 ( 97,  1)   vdiff=  4.1687E-01 ( 18, 16)
n=   515   udiff=  6.7549E-01 ( 97,  1)   vdiff=  4.1592E-01 ( 18, 16)
n=   516   udiff=  6.7262E-01 ( 97,  1)   vdiff=  4.1495E-01 ( 18, 16)
n=   517   udiff=  6.6975E-01 ( 97,  1)   vdiff=  4.1398E-01 ( 18, 16)
n=   518   udiff=  6.6713E-01 ( 98,  1)   vdiff=  4.1300E-01 ( 18, 16)
n=   519   udiff=  6.6454E-01 ( 98,  1)   vdiff=  4.1201E-01 ( 18, 16)
n=   520   udiff=  6.6193E-01 ( 98,  1)   vdiff=  4.1101E-01 ( 18, 16)
n=   521   udiff=  6.5932E-01 ( 98,  1)   vdiff=  4.1000E-01 ( 18, 16)
n=   522   udiff=  6.5669E-01 ( 98,  1)   vdiff=  4.0899E-01 ( 18, 16)
n=   523   udiff=  6.5405E-01 ( 98,  1)   vdiff=  4.0797E-01 ( 18, 16)
n=   524   udiff=  6.5141E-01 ( 98,  1)   vdiff=  4.0694E-01 ( 18, 16)
n=   525   udiff=  6.4875E-01 ( 98,  1)   vdiff=  4.0590E-01 ( 18, 16)
n=   526   udiff=  6.4609E-01 ( 98,  1)   vdiff=  4.0485E-01 ( 18, 16)
n=   527   udiff=  6.4341E-01 ( 98,  1)   vdiff=  4.0380E-01 ( 18, 16)
n=   528   udiff=  6.4072E-01 ( 98,  1)   vdiff=  4.0274E-01 ( 18, 16)
n=   529   udiff=  6.3803E-01 ( 98,  1)   vdiff=  4.0168E-01 ( 18, 16)
n=   530   udiff=  6.3532E-01 ( 98,  1)   vdiff=  4.0060E-01 ( 18, 16)
n=   531   udiff=  6.3261E-01 ( 98,  1)   vdiff=  3.9952E-01 ( 18, 16)
n=   532   udiff=  6.2989E-01 ( 98,  1)   vdiff=  3.9844E-01 ( 18, 16)
n=   533   udiff=  6.2739E-01 ( 99,  1)   vdiff=  3.9734E-01 ( 18, 16)
n=   534   udiff=  6.2493E-01 ( 99,  1)   vdiff=  3.9625E-01 ( 18, 16)
n=   535   udiff=  6.2246E-01 ( 99,  1)   vdiff=  3.9514E-01 ( 18, 16)
n=   536   udiff=  6.1997E-01 ( 99,  1)   vdiff=  3.9403E-01 ( 18, 16)
n=   537   udiff=  6.1748E-01 ( 99,  1)   vdiff=  3.9292E-01 ( 18, 16)
n=   538   udiff=  6.1498E-01 ( 99,  1)   vdiff=  3.9179E-01 ( 18, 16)
n=   539   udiff=  6.1247E-01 ( 99,  1)   vdiff=  3.9067E-01 ( 18, 16)
n=   540   udiff=  6.0996E-01 ( 99,  1)   vdiff=  3.8953E-01 ( 18, 16)
n=   541   udiff=  6.0743E-01 ( 99,  1)   vdiff=  3.8840E-01 ( 18, 16)
n=   542   udiff=  6.0489E-01 ( 99,  1)   vdiff=  3.8725E-01 ( 18, 16)
n=   543   udiff=  6.0235E-01 ( 99,  1)   vdiff=  3.8611E-01 ( 18, 16)
n=   544   udiff=  5.9980E-01 ( 99,  1)   vdiff=  3.8497E-01 ( 19, 16)
n=   545   udiff=  5.9724E-01 ( 99,  1)   vdiff=  3.8415E-01 ( 19, 16)
n=   546   udiff=  5.9467E-01 ( 99,  1)   vdiff=  3.8333E-01 ( 19, 16)
n=   547   udiff=  5.9209E-01 ( 99,  1)   vdiff=  3.8249E-01 ( 19, 16)
n=   548   udiff=  5.8967E-01 (100,  1)   vdiff=  3.8165E-01 ( 19, 16)
n=   549   udiff=  5.8734E-01 (100,  1)   vdiff=  3.8080E-01 ( 19, 16)
n=   550   udiff=  5.8499E-01 (100,  1)   vdiff=  3.7994E-01 ( 19, 16)
n=   551   udiff=  5.8264E-01 (100,  1)   vdiff=  3.7908E-01 ( 19, 16)
n=   552   udiff=  5.8028E-01 (100,  1)   vdiff=  3.7820E-01 ( 19, 16)
n=   553   udiff=  5.7791E-01 (100,  1)   vdiff=  3.7732E-01 ( 19, 16)
n=   554   udiff=  5.7554E-01 (100,  1)   vdiff=  3.7644E-01 ( 19, 16)
n=   555   udiff=  5.7315E-01 (100,  1)   vdiff=  3.7554E-01 ( 19, 16)
n=   556   udiff=  5.7076E-01 (100,  1)   vdiff=  3.7464E-01 ( 19, 16)
n=   557   udiff=  5.6836E-01 (100,  1)   vdiff=  3.7373E-01 ( 19, 16)
n=   558   udiff=  5.6596E-01 (100,  1)   vdiff=  3.7282E-01 ( 19, 16)
n=   559   udiff=  5.6354E-01 (100,  1)   vdiff=  3.7190E-01 ( 19, 16)
n=   560   udiff=  5.6112E-01 (100,  1)   vdiff=  3.7097E-01 ( 19, 16)
n=   561   udiff=  5.5869E-01 (100,  1)   vdiff=  3.7004E-01 ( 19, 16)
n=   562   udiff=  5.5626E-01 (100,  1)   vdiff=  3.6910E-01 ( 19, 16)
n=   563   udiff=  5.5386E-01 (101,  1)   vdiff=  3.6815E-01 ( 19, 16)
n=   564   udiff=  5.5165E-01 (101,  1)   vdiff=  3.6720E-01 ( 19, 16)
n=   565   udiff=  5.4944E-01 (101,  1)   vdiff=  3.6624E-01 ( 19, 16)
n=   566   udiff=  5.4721E-01 (101,  1)   vdiff=  3.6528E-01 ( 19, 16)
n=   567   udiff=  5.4498E-01 (101,  1)   vdiff=  3.6431E-01 ( 19, 16)
n=   568   udiff=  5.4274E-01 (101,  1)   vdiff=  3.6334E-01 ( 19, 16)
n=   569   udiff=  5.4049E-01 (101,  1)   vdiff=  3.6236E-01 ( 19, 16)
n=   570   udiff=  5.3824E-01 (101,  1)   vdiff=  3.6138E-01 ( 19, 16)
n=   571   udiff=  5.3597E-01 (101,  1)   vdiff=  3.6039E-01 ( 19, 16)
n=   572   udiff=  5.3371E-01 (101,  1)   vdiff=  3.5939E-01 ( 19, 16)
n=   573   udiff=  5.3143E-01 (101,  1)   vdiff=  3.5840E-01 ( 19, 16)
n=   574   udiff=  5.2915E-01 (101,  1)   vdiff=  3.5739E-01 ( 19, 16)
n=   575   udiff=  5.2687E-01 (101,  1)   vdiff=  3.5639E-01 ( 19, 16)
n=   576   udiff=  5.2457E-01 (101,  1)   vdiff=  3.5537E-01 ( 19, 16)
n=   577   udiff=  5.2227E-01 (101,  1)   vdiff=  3.5443E-01 ( 20, 15)
n=   578   udiff=  5.1997E-01 (101,  1)   vdiff=  3.5364E-01 ( 20, 15)
n=   579   udiff=  5.1777E-01 (102,  1)   vdiff=  3.5285E-01 ( 20, 15)
n=   580   udiff=  5.1567E-01 (102,  1)   vdiff=  3.5205E-01 ( 20, 15)
n=   581   udiff=  5.1356E-01 (102,  1)   vdiff=  3.5125E-01 ( 20, 15)
n=   582   udiff=  5.1145E-01 (102,  1)   vdiff=  3.5044E-01 ( 20, 15)
n=   583   udiff=  5.0934E-01 (102,  1)   vdiff=  3.4962E-01 ( 20, 15)
n=   584   udiff=  5.0722E-01 (102,  1)   vdiff=  3.4879E-01 ( 20, 15)
n=   585   udiff=  5.0509E-01 (102,  1)   vdiff=  3.4801E-01 ( 20, 16)
n=   586   udiff=  5.0341E-01 ( 31,  1)   vdiff=  3.4723E-01 ( 20, 16)
n=   587   udiff=  5.0274E-01 ( 31,  1)   vdiff=  3.4644E-01 ( 20, 16)
n=   588   udiff=  5.0207E-01 ( 31,  1)   vdiff=  3.4565E-01 ( 20, 16)
n=   589   udiff=  5.0153E-01 ( 32,  1)   vdiff=  3.4485E-01 ( 20, 16)
n=   590   udiff=  5.0105E-01 ( 32,  1)   vdiff=  3.4404E-01 ( 20, 16)
n=   591   udiff=  5.0056E-01 ( 32,  1)   vdiff=  3.4323E-01 ( 20, 16)
n=   592   udiff=  5.0007E-01 ( 32,  1)   vdiff=  3.4242E-01 ( 20, 16)
n=   593   udiff=  4.9957E-01 ( 32,  1)   vdiff=  3.4159E-01 ( 20, 16)
n=   594   udiff=  4.9906E-01 ( 32,  1)   vdiff=  3.4077E-01 ( 20, 16)
n=   595   udiff=  4.9854E-01 ( 32,  1)   vdiff=  3.3993E-01 ( 20, 16)
n=   596   udiff=  4.9802E-01 ( 32,  1)   vdiff=  3.3910E-01 ( 20, 16)
n=   597   udiff=  4.9749E-01 ( 32,  1)   vdiff=  3.3825E-01 ( 20, 16)
n=   598   udiff=  4.9695E-01 ( 32,  1)   vdiff=  3.3741E-01 ( 20, 16)
n=   599   udiff=  4.9640E-01 ( 32,  1)   vdiff=  3.3655E-01 ( 20, 16)
n=   600   udiff=  4.9585E-01 ( 32,  1)   vdiff=  3.3569E-01 ( 20, 16)
n=   601   udiff=  4.9529E-01 ( 32,  1)   vdiff=  3.3483E-01 ( 20, 16)
n=   602   udiff=  4.9473E-01 ( 32,  1)   vdiff=  3.3396E-01 ( 20, 16)
n=   603   udiff=  4.9415E-01 ( 32,  1)   vdiff=  3.3309E-01 ( 20, 16)
n=   604   udiff=  4.9357E-01 ( 32,  1)   vdiff=  3.3222E-01 ( 20, 16)
n=   605   udiff=  4.9299E-01 ( 32,  1)   vdiff=  3.3133E-01 ( 20, 16)
n=   606   udiff=  4.9239E-01 ( 32,  1)   vdiff=  3.3045E-01 ( 20, 16)
n=   607   udiff=  4.9179E-01 ( 32,  1)   vdiff=  3.2956E-01 ( 20, 16)
n=   608   udiff=  4.9118E-01 ( 32,  1)   vdiff=  3.2867E-01 ( 20, 16)
n=   609   udiff=  4.9057E-01 ( 32,  1)   vdiff=  3.2790E-01 ( 21, 15)
n=   610   udiff=  4.8995E-01 ( 32,  1)   vdiff=  3.2720E-01 ( 21, 15)
n=   611   udiff=  4.8932E-01 ( 32,  1)   vdiff=  3.2650E-01 ( 21, 15)
n=   612   udiff=  4.8869E-01 ( 32,  1)   vdiff=  3.2579E-01 ( 21, 15)
n=   613   udiff=  4.8805E-01 ( 32,  1)   vdiff=  3.2508E-01 ( 21, 15)
n=   614   udiff=  4.8740E-01 ( 32,  1)   vdiff=  3.2436E-01 ( 21, 15)
n=   615   udiff=  4.8685E-01 ( 33,  1)   vdiff=  3.2363E-01 ( 21, 15)
n=   616   udiff=  4.8638E-01 ( 33,  1)   vdiff=  3.2290E-01 ( 21, 15)
n=   617   udiff=  4.8591E-01 ( 33,  1)   vdiff=  3.2217E-01 ( 21, 15)
n=   618   udiff=  4.8543E-01 ( 33,  1)   vdiff=  3.2143E-01 ( 21, 15)
n=   619   udiff=  4.8494E-01 ( 33,  1)   vdiff=  3.2068E-01 ( 21, 15)
n=   620   udiff=  4.8445E-01 ( 33,  1)   vdiff=  3.1993E-01 ( 21, 15)
n=   621   udiff=  4.8395E-01 ( 33,  1)   vdiff=  3.1917E-01 ( 21, 15)
n=   622   udiff=  4.8344E-01 ( 33,  1)   vdiff=  3.1841E-01 ( 21, 15)
n=   623   udiff=  4.8292E-01 ( 33,  1)   vdiff=  3.1764E-01 ( 21, 15)
n=   624   udiff=  4.8240E-01 ( 33,  1)   vdiff=  3.1687E-01 ( 21, 15)
n=   625   udiff=  4.8187E-01 ( 33,  1)   vdiff=  3.1610E-01 ( 21, 15)
n=   626   udiff=  4.8134E-01 ( 33,  1)   vdiff=  3.1532E-01 ( 21, 15)
n=   627   udiff=  4.8080E-01 ( 33,  1)   vdiff=  3.1453E-01 ( 21, 15)
n=   628   udiff=  4.8025E-01 ( 33,  1)   vdiff=  3.1374E-01 ( 21, 15)
n=   629   udiff=  4.7970E-01 ( 33,  1)   vdiff=  3.1295E-01 ( 21, 15)
n=   630   udiff=  4.7914E-01 ( 33,  1)   vdiff=  3.1218E-01 ( 21, 16)
n=   631   udiff=  4.7857E-01 ( 33,  1)   vdiff=  3.1143E-01 ( 21, 16)
n=   632   udiff=  4.7800E-01 ( 33,  1)   vdiff=  3.1067E-01 ( 21, 16)
n=   633   udiff=  4.7742E-01 ( 33,  1)   vdiff=  3.0990E-01 ( 21, 16)
n=   634   udiff=  4.7683E-01 ( 33,  1)   vdiff=  3.0914E-01 ( 21, 16)
n=   635   udiff=  4.7624E-01 ( 33,  1)   vdiff=  3.0836E-01 ( 21, 16)
n=   636   udiff=  4.7564E-01 ( 33,  1)   vdiff=  3.0759E-01 ( 21, 16)
n=   637   udiff=  4.7503E-01 ( 33,  1)   vdiff=  3.0681E-01 ( 21, 16)
n=   638   udiff=  4.7442E-01 ( 33,  1)   vdiff=  3.0602E-01 ( 21, 16)
n=   639   udiff=  4.7381E-01 ( 33,  1)   vdiff=  3.0523E-01 ( 21, 16)
n=   640   udiff=  4.7318E-01 ( 33,  1)   vdiff=  3.0445E-01 ( 22, 15)
n=   641   udiff=  4.7260E-01 ( 34,  1)   vdiff=  3.0384E-01 ( 22, 15)
n=   642   udiff=  4.7214E-01 ( 34,  1)   vdiff=  3.0322E-01 ( 22, 15)
n=   643   udiff=  4.7168E-01 ( 34,  1)   vdiff=  3.0259E-01 ( 22, 15)
n=   644   udiff=  4.7121E-01 ( 34,  1)   vdiff=  3.0196E-01 ( 22, 15)
n=   645   udiff=  4.7074E-01 ( 34,  1)   vdiff=  3.0133E-01 ( 22, 15)
n=   646   udiff=  4.7026E-01 ( 34,  1)   vdiff=  3.0069E-01 ( 22, 15)
n=   647   udiff=  4.6977E-01 ( 34,  1)   vdiff=  3.0004E-01 ( 22, 15)
n=   648   udiff=  4.6927E-01 ( 34,  1)   vdiff=  2.9939E-01 ( 22, 15)
n=   649   udiff=  4.6877E-01 ( 34,  1)   vdiff=  2.9873E-01 ( 22, 15)
n=   650   udiff=  4.6827E-01 ( 34,  1)   vdiff=  2.9807E-01 ( 22, 15)
n=   651   udiff=  4.6776E-01 ( 34,  1)   vdiff=  2.9741E-01 ( 22, 15)
n=   652   udiff=  4.6724E-01 ( 34,  1)   vdiff=  2.9674E-01 ( 22, 15)
n=   653   udiff=  4.6671E-01 ( 34,  1)   vdiff=  2.9606E-01 ( 22, 15)
n=   654   udiff=  4.6618E-01 ( 34,  1)   vdiff=  2.9539E-01 ( 22, 15)
n=   655   udiff=  4.6565E-01 ( 34,  1)   vdiff=  2.9470E-01 ( 22, 15)
n=   656   udiff=  4.6510E-01 ( 34,  1)   vdiff=  2.9402E-01 ( 22, 15)
n=   657   udiff=  4.6456E-01 ( 34,  1)   vdiff=  2.9332E-01 ( 22, 15)
n=   658   udiff=  4.6400E-01 ( 34,  1)   vdiff=  2.9263E-01 ( 22, 15)
n=   659   udiff=  4.6344E-01 ( 34,  1)   vdiff=  2.9193E-01 ( 22, 15)
n=   660   udiff=  4.6287E-01 ( 34,  1)   vdiff=  2.9123E-01 ( 22, 15)
n=   661   udiff=  4.6230E-01 ( 34,  1)   vdiff=  2.9052E-01 ( 22, 15)
n=   662   udiff=  4.6172E-01 ( 34,  1)   vdiff=  2.8981E-01 ( 22, 15)
n=   663   udiff=  4.6114E-01 ( 34,  1)   vdiff=  2.8909E-01 ( 22, 15)
n=   664   udiff=  4.6055E-01 ( 34,  1)   vdiff=  2.8838E-01 ( 22, 15)
n=   665   udiff=  4.5996E-01 ( 34,  1)   vdiff=  2.8765E-01 ( 22, 15)
n=   666   udiff=  4.5936E-01 ( 34,  1)   vdiff=  2.8693E-01 ( 22, 15)
n=   667   udiff=  4.5875E-01 ( 34,  1)   vdiff=  2.8620E-01 ( 22, 15)
n=   668   udiff=  4.5826E-01 ( 35,  1)   vdiff=  2.8547E-01 ( 22, 15)
n=   669   udiff=  4.5781E-01 ( 35,  1)   vdiff=  2.8473E-01 ( 22, 15)
n=   670   udiff=  4.5735E-01 ( 35,  1)   vdiff=  2.8399E-01 ( 22, 15)
n=   671   udiff=  4.5689E-01 ( 35,  1)   vdiff=  2.8325E-01 ( 22, 15)
n=   672   udiff=  4.5642E-01 ( 35,  1)   vdiff=  2.8251E-01 ( 22, 15)
n=   673   udiff=  4.5595E-01 ( 35,  1)   vdiff=  2.8192E-01 ( 23, 15)
n=   674   udiff=  4.5547E-01 ( 35,  1)   vdiff=  2.8136E-01 ( 23, 15)
n=   675   udiff=  4.5498E-01 ( 35,  1)   vdiff=  2.8080E-01 ( 23, 15)
n=   676   udiff=  4.5449E-01 ( 35,  1)   vdiff=  2.8024E-01 ( 23, 15)
n=   677   udiff=  4.5399E-01 ( 35,  1)   vdiff=  2.7967E-01 ( 23, 15)
n=   678   udiff=  4.5349E-01 ( 35,  1)   vdiff=  2.7910E-01 ( 23, 15)
n=   679   udiff=  4.5298E-01 ( 35,  1)   vdiff=  2.7852E-01 ( 23, 15)
n=   680   udiff=  4.5246E-01 ( 35,  1)   vdiff=  2.7794E-01 ( 23, 15)
n=   681   udiff=  4.5194E-01 ( 35,  1)   vdiff=  2.7735E-01 ( 23, 15)
n=   682   udiff=  4.5142E-01 ( 35,  1)   vdiff=  2.7676E-01 ( 23, 15)
n=   683   udiff=  4.5089E-01 ( 35,  1)   vdiff=  2.7616E-01 ( 23, 15)
n=   684   udiff=  4.5035E-01 ( 35,  1)   vdiff=  2.7557E-01 ( 23, 15)
n=   685   udiff=  4.4981E-01 ( 35,  1)   vdiff=  2.7496E-01 ( 23, 15)
n=   686   udiff=  4.4926E-01 ( 35,  1)   vdiff=  2.7435E-01 ( 23, 15)
n=   687   udiff=  4.4870E-01 ( 35,  1)   vdiff=  2.7374E-01 ( 23, 15)
n=   688   udiff=  4.4814E-01 ( 35,  1)   vdiff=  2.7313E-01 ( 23, 15)
n=   689   udiff=  4.4758E-01 ( 35,  1)   vdiff=  2.7251E-01 ( 23, 15)
n=   690   udiff=  4.4701E-01 ( 35,  1)   vdiff=  2.7189E-01 ( 23, 15)
n=   691   udiff=  4.4643E-01 ( 35,  1)   vdiff=  2.7126E-01 ( 23, 15)
n=   692   udiff=  4.4585E-01 ( 35,  1)   vdiff=  2.7063E-01 ( 23, 15)
n=   693   udiff=  4.4527E-01 ( 35,  1)   vdiff=  2.7000E-01 ( 23, 15)
n=   694   udiff=  4.4468E-01 ( 36,  1)   vdiff=  2.6936E-01 ( 23, 15)
n=   695   udiff=  4.4424E-01 ( 36,  1)   vdiff=  2.6872E-01 ( 23, 15)
n=   696   udiff=  4.4379E-01 ( 36,  1)   vdiff=  2.6808E-01 ( 23, 15)
n=   697   udiff=  4.4334E-01 ( 36,  1)   vdiff=  2.6743E-01 ( 23, 15)
n=   698   udiff=  4.4289E-01 ( 36,  1)   vdiff=  2.6678E-01 ( 23, 15)
n=   699   udiff=  4.4242E-01 ( 36,  1)   vdiff=  2.6613E-01 ( 23, 15)
n=   700   udiff=  4.4196E-01 ( 36,  1)   vdiff=  2.6547E-01 ( 23, 15)
n=   701   udiff=  4.4148E-01 ( 36,  1)   vdiff=  2.6481E-01 ( 23, 15)
n=   702   udiff=  4.4100E-01 ( 36,  1)   vdiff=  2.6415E-01 ( 23, 15)
n=   703   udiff=  4.4052E-01 ( 36,  1)   vdiff=  2.6348E-01 ( 23, 15)
n=   704   udiff=  4.4003E-01 ( 36,  1)   vdiff=  2.6282E-01 ( 23, 15)
n=   705   udiff=  4.3954E-01 ( 36,  1)   vdiff=  2.6214E-01 ( 23, 15)
n=   706   udiff=  4.3904E-01 ( 36,  1)   vdiff=  2.6147E-01 ( 23, 15)
n=   707   udiff=  4.3853E-01 ( 36,  1)   vdiff=  2.6085E-01 ( 24, 15)
n=   708   udiff=  4.3802E-01 ( 36,  1)   vdiff=  2.6034E-01 ( 24, 15)
n=   709   udiff=  4.3750E-01 ( 36,  1)   vdiff=  2.5983E-01 ( 24, 15)
n=   710   udiff=  4.3698E-01 ( 36,  1)   vdiff=  2.5932E-01 ( 24, 15)
n=   711   udiff=  4.3645E-01 ( 36,  1)   vdiff=  2.5880E-01 ( 24, 15)
n=   712   udiff=  4.3592E-01 ( 36,  1)   vdiff=  2.5828E-01 ( 24, 15)
n=   713   udiff=  4.3539E-01 ( 36,  1)   vdiff=  2.5775E-01 ( 24, 15)
n=   714   udiff=  4.3484E-01 ( 36,  1)   vdiff=  2.5722E-01 ( 24, 15)
n=   715   udiff=  4.3430E-01 ( 36,  1)   vdiff=  2.5668E-01 ( 24, 15)
n=   716   udiff=  4.3375E-01 ( 36,  1)   vdiff=  2.5615E-01 ( 24, 15)
n=   717   udiff=  4.3319E-01 ( 36,  1)   vdiff=  2.5560E-01 ( 24, 15)
n=   718   udiff=  4.3263E-01 ( 36,  1)   vdiff=  2.5506E-01 ( 24, 15)
n=   719   udiff=  4.3206E-01 ( 36,  1)   vdiff=  2.5451E-01 ( 24, 15)
n=   720   udiff=  4.3149E-01 ( 36,  1)   vdiff=  2.5396E-01 ( 24, 15)
n=   721   udiff=  4.3092E-01 ( 37,  1)   vdiff=  2.5340E-01 ( 24, 15)
n=   722   udiff=  4.3049E-01 ( 37,  1)   vdiff=  2.5284E-01 ( 24, 15)
n=   723   udiff=  4.3005E-01 ( 37,  1)   vdiff=  2.5228E-01 ( 24, 15)
n=   724   udiff=  4.2960E-01 ( 37,  1)   vdiff=  2.5171E-01 ( 24, 15)
n=   725   udiff=  4.2915E-01 ( 37,  1)   vdiff=  2.5114E-01 ( 24, 15)
n=   726   udiff=  4.2869E-01 ( 37,  1)   vdiff=  2.5057E-01 ( 24, 15)
n=   727   udiff=  4.2823E-01 ( 37,  1)   vdiff=  2.5000E-01 ( 24, 15)
n=   728   udiff=  4.2776E-01 ( 37,  1)   vdiff=  2.4942E-01 ( 24, 15)
n=   729   udiff=  4.2729E-01 ( 37,  1)   vdiff=  2.4883E-01 ( 24, 15)
n=   730   udiff=  4.2681E-01 ( 37,  1)   vdiff=  2.4825E-01 ( 24, 15)
n=   731   udiff=  4.2633E-01 ( 37,  1)   vdiff=  2.4766E-01 ( 24, 15)
n=   732   udiff=  4.2584E-01 ( 37,  1)   vdiff=  2.4707E-01 ( 24, 15)
n=   733   udiff=  4.2535E-01 ( 37,  1)   vdiff=  2.4648E-01 ( 24, 15)
n=   734   udiff=  4.2485E-01 ( 37,  1)   vdiff=  2.4588E-01 ( 24, 15)
n=   735   udiff=  4.2435E-01 ( 37,  1)   vdiff=  2.4528E-01 ( 24, 15)
n=   736   udiff=  4.2385E-01 ( 37,  1)   vdiff=  2.4468E-01 ( 24, 15)
n=   737   udiff=  4.2333E-01 ( 37,  1)   vdiff=  2.4408E-01 ( 24, 15)
n=   738   udiff=  4.2282E-01 ( 37,  1)   vdiff=  2.4347E-01 ( 24, 15)
n=   739   udiff=  4.2230E-01 ( 37,  1)   vdiff=  2.4286E-01 ( 24, 15)
n=   740   udiff=  4.2177E-01 ( 37,  1)   vdiff=  2.4225E-01 ( 24, 15)
n=   741   udiff=  4.2124E-01 ( 37,  1)   vdiff=  2.4164E-01 ( 24, 15)
n=   742   udiff=  4.2070E-01 ( 37,  1)   vdiff=  2.4112E-01 ( 25, 15)
n=   743   udiff=  4.2016E-01 ( 37,  1)   vdiff=  2.4065E-01 ( 25, 15)
n=   744   udiff=  4.1962E-01 ( 37,  1)   vdiff=  2.4018E-01 ( 25, 15)
n=   745   udiff=  4.1907E-01 ( 37,  1)   vdiff=  2.3970E-01 ( 25, 15)
n=   746   udiff=  4.1851E-01 ( 37,  1)   vdiff=  2.3923E-01 ( 25, 15)
n=   747   udiff=  4.1796E-01 ( 37,  1)   vdiff=  2.3875E-01 ( 25, 15)
n=   748   udiff=  4.1739E-01 ( 37,  1)   vdiff=  2.3826E-01 ( 25, 15)
n=   749   udiff=  4.1694E-01 ( 38,  1)   vdiff=  2.3777E-01 ( 25, 15)
n=   750   udiff=  4.1651E-01 ( 38,  1)   vdiff=  2.3728E-01 ( 25, 15)
n=   751   udiff=  4.1607E-01 ( 38,  1)   vdiff=  2.3679E-01 ( 25, 15)
n=   752   udiff=  4.1562E-01 ( 38,  1)   vdiff=  2.3629E-01 ( 25, 15)
n=   753   udiff=  4.1517E-01 ( 38,  1)   vdiff=  2.3579E-01 ( 25, 15)
n=   754   udiff=  4.1471E-01 ( 38,  1)   vdiff=  2.3528E-01 ( 25, 15)
n=   755   udiff=  4.1425E-01 ( 38,  1)   vdiff=  2.3477E-01 ( 25, 15)
n=   756   udiff=  4.1378E-01 ( 38,  1)   vdiff=  2.3426E-01 ( 25, 15)
n=   757   udiff=  4.1331E-01 ( 38,  1)   vdiff=  2.3375E-01 ( 25, 15)
n=   758   udiff=  4.1284E-01 ( 38,  1)   vdiff=  2.3323E-01 ( 25, 15)
n=   759   udiff=  4.1236E-01 ( 38,  1)   vdiff=  2.3271E-01 ( 25, 15)
n=   760   udiff=  4.1188E-01 ( 38,  1)   vdiff=  2.3219E-01 ( 25, 15)
n=   761   udiff=  4.1139E-01 ( 38,  1)   vdiff=  2.3167E-01 ( 25, 15)
n=   762   udiff=  4.1089E-01 ( 38,  1)   vdiff=  2.3114E-01 ( 25, 15)
n=   763   udiff=  4.1039E-01 ( 38,  1)   vdiff=  2.3061E-01 ( 25, 15)
n=   764   udiff=  4.0989E-01 ( 38,  1)   vdiff=  2.3008E-01 ( 25, 15)
n=   765   udiff=  4.0939E-01 ( 38,  1)   vdiff=  2.2954E-01 ( 25, 15)
n=   766   udiff=  4.0887E-01 ( 38,  1)   vdiff=  2.2900E-01 ( 25, 15)
n=   767   udiff=  4.0836E-01 ( 38,  1)   vdiff=  2.2846E-01 ( 25, 15)
n=   768   udiff=  4.0784E-01 ( 38,  1)   vdiff=  2.2792E-01 ( 25, 15)
n=   769   udiff=  4.0731E-01 ( 38,  1)   vdiff=  2.2738E-01 ( 25, 15)
n=   770   udiff=  4.0678E-01 ( 38,  1)   vdiff=  2.2683E-01 ( 25, 15)
n=   771   udiff=  4.0625E-01 ( 38,  1)   vdiff=  2.2628E-01 ( 25, 15)
n=   772   udiff=  4.0571E-01 ( 38,  1)   vdiff=  2.2573E-01 ( 25, 15)
n=   773   udiff=  4.0517E-01 ( 38,  1)   vdiff=  2.2517E-01 ( 25, 15)
n=   774   udiff=  4.0462E-01 ( 38,  1)   vdiff=  2.2462E-01 ( 25, 15)
n=   775   udiff=  4.0407E-01 ( 38,  1)   vdiff=  2.2406E-01 ( 25, 15)
n=   776   udiff=  4.0356E-01 ( 39,  1)   vdiff=  2.2350E-01 ( 25, 15)
n=   777   udiff=  4.0313E-01 ( 39,  1)   vdiff=  2.2302E-01 ( 26, 15)
n=   778   udiff=  4.0269E-01 ( 39,  1)   vdiff=  2.2259E-01 ( 26, 15)
n=   779   udiff=  4.0225E-01 ( 39,  1)   vdiff=  2.2216E-01 ( 26, 15)
n=   780   udiff=  4.0180E-01 ( 39,  1)   vdiff=  2.2172E-01 ( 26, 15)
n=   781   udiff=  4.0135E-01 ( 39,  1)   vdiff=  2.2128E-01 ( 26, 15)
n=   782   udiff=  4.0090E-01 ( 39,  1)   vdiff=  2.2083E-01 ( 26, 15)
n=   783   udiff=  4.0044E-01 ( 39,  1)   vdiff=  2.2038E-01 ( 26, 15)
n=   784   udiff=  3.9997E-01 ( 39,  1)   vdiff=  2.1993E-01 ( 26, 15)
n=   785   udiff=  3.9950E-01 ( 39,  1)   vdiff=  2.1948E-01 ( 26, 15)
n=   786   udiff=  3.9903E-01 ( 39,  1)   vdiff=  2.1902E-01 ( 26, 15)
n=   787   udiff=  3.9855E-01 ( 39,  1)   vdiff=  2.1856E-01 ( 26, 15)
n=   788   udiff=  3.9807E-01 ( 39,  1)   vdiff=  2.1810E-01 ( 26, 15)
n=   789   udiff=  3.9759E-01 ( 39,  1)   vdiff=  2.1764E-01 ( 26, 15)
n=   790   udiff=  3.9710E-01 ( 39,  1)   vdiff=  2.1717E-01 ( 26, 15)
n=   791   udiff=  3.9660E-01 ( 39,  1)   vdiff=  2.1670E-01 ( 26, 15)
n=   792   udiff=  3.9610E-01 ( 39,  1)   vdiff=  2.1623E-01 ( 26, 15)
n=   793   udiff=  3.9560E-01 ( 39,  1)   vdiff=  2.1575E-01 ( 26, 15)
n=   794   udiff=  3.9509E-01 ( 39,  1)   vdiff=  2.1528E-01 ( 26, 15)
n=   795   udiff=  3.9458E-01 ( 39,  1)   vdiff=  2.1480E-01 ( 26, 15)
n=   796   udiff=  3.9407E-01 ( 39,  1)   vdiff=  2.1431E-01 ( 26, 15)
n=   797   udiff=  3.9355E-01 ( 39,  1)   vdiff=  2.1383E-01 ( 26, 15)
n=   798   udiff=  3.9303E-01 ( 39,  1)   vdiff=  2.1334E-01 ( 26, 15)
n=   799   udiff=  3.9250E-01 ( 39,  1)   vdiff=  2.1285E-01 ( 26, 15)
n=   800   udiff=  3.9197E-01 ( 39,  1)   vdiff=  2.1236E-01 ( 26, 15)
n=   801   udiff=  3.9143E-01 ( 39,  1)   vdiff=  2.1187E-01 ( 26, 15)
n=   802   udiff=  3.9089E-01 ( 39,  1)   vdiff=  2.1137E-01 ( 26, 15)
n=   803   udiff=  3.9035E-01 ( 39,  1)   vdiff=  2.1087E-01 ( 26, 15)
n=   804   udiff=  3.8986E-01 ( 40,  1)   vdiff=  2.1037E-01 ( 26, 15)
n=   805   udiff=  3.8942E-01 ( 40,  1)   vdiff=  2.0987E-01 ( 26, 15)
n=   806   udiff=  3.8899E-01 ( 40,  1)   vdiff=  2.0937E-01 ( 26, 15)
n=   807   udiff=  3.8855E-01 ( 40,  1)   vdiff=  2.0886E-01 ( 26, 15)
n=   808   udiff=  3.8810E-01 ( 40,  1)   vdiff=  2.0835E-01 ( 26, 15)
n=   809   udiff=  3.8765E-01 ( 40,  1)   vdiff=  2.0826E-01 ( 57, 15)
n=   810   udiff=  3.8720E-01 ( 40,  1)   vdiff=  2.0818E-01 ( 57, 15)
n=   811   udiff=  3.8674E-01 ( 40,  1)   vdiff=  2.0811E-01 ( 57, 15)
n=   812   udiff=  3.8628E-01 ( 40,  1)   vdiff=  2.0803E-01 ( 57, 15)
n=   813   udiff=  3.8581E-01 ( 40,  1)   vdiff=  2.0795E-01 ( 57, 15)
n=   814   udiff=  3.8534E-01 ( 40,  1)   vdiff=  2.0788E-01 ( 57, 15)
n=   815   udiff=  3.8486E-01 ( 40,  1)   vdiff=  2.0781E-01 ( 57, 15)
n=   816   udiff=  3.8439E-01 ( 40,  1)   vdiff=  2.0774E-01 ( 57, 15)
n=   817   udiff=  3.8390E-01 ( 40,  1)   vdiff=  2.0767E-01 ( 57, 15)
n=   818   udiff=  3.8342E-01 ( 40,  1)   vdiff=  2.0760E-01 ( 57, 15)
n=   819   udiff=  3.8293E-01 ( 40,  1)   vdiff=  2.0753E-01 ( 57, 15)
n=   820   udiff=  3.8243E-01 ( 40,  1)   vdiff=  2.0746E-01 ( 57, 15)
n=   821   udiff=  3.8193E-01 ( 40,  1)   vdiff=  2.0740E-01 ( 57, 15)
n=   822   udiff=  3.8143E-01 ( 40,  1)   vdiff=  2.0733E-01 ( 57, 15)
n=   823   udiff=  3.8092E-01 ( 40,  1)   vdiff=  2.0727E-01 ( 57, 15)
n=   824   udiff=  3.8041E-01 ( 40,  1)   vdiff=  2.0720E-01 ( 57, 15)
n=   825   udiff=  3.7990E-01 ( 40,  1)   vdiff=  2.0714E-01 ( 57, 15)
n=   826   udiff=  3.7938E-01 ( 40,  1)   vdiff=  2.0708E-01 ( 57, 15)
n=   827   udiff=  3.7886E-01 ( 40,  1)   vdiff=  2.0701E-01 ( 57, 15)
n=   828   udiff=  3.7834E-01 ( 40,  1)   vdiff=  2.0696E-01 ( 57, 15)
n=   829   udiff=  3.7781E-01 ( 40,  1)   vdiff=  2.0690E-01 ( 57, 15)
n=   830   udiff=  3.7727E-01 ( 40,  1)   vdiff=  2.0684E-01 ( 57, 15)
n=   831   udiff=  3.7674E-01 ( 40,  1)   vdiff=  2.0678E-01 ( 57, 15)
n=   832   udiff=  3.7622E-01 ( 41,  1)   vdiff=  2.0672E-01 ( 57, 15)
n=   833   udiff=  3.7579E-01 ( 41,  1)   vdiff=  2.0667E-01 ( 57, 15)
n=   834   udiff=  3.7535E-01 ( 41,  1)   vdiff=  2.0661E-01 ( 57, 15)
n=   835   udiff=  3.7491E-01 ( 41,  1)   vdiff=  2.0655E-01 ( 57, 15)
n=   836   udiff=  3.7446E-01 ( 41,  1)   vdiff=  2.0650E-01 ( 57, 15)
n=   837   udiff=  3.7401E-01 ( 41,  1)   vdiff=  2.0644E-01 ( 57, 15)
n=   838   udiff=  3.7356E-01 ( 41,  1)   vdiff=  2.0640E-01 ( 57, 15)
n=   839   udiff=  3.7310E-01 ( 41,  1)   vdiff=  2.0634E-01 ( 57, 15)
n=   840   udiff=  3.7264E-01 ( 41,  1)   vdiff=  2.0629E-01 ( 57, 15)
n=   841   udiff=  3.7218E-01 ( 41,  1)   vdiff=  2.0624E-01 ( 57, 15)
n=   842   udiff=  3.7171E-01 ( 41,  1)   vdiff=  2.0619E-01 ( 57, 15)
n=   843   udiff=  3.7124E-01 ( 41,  1)   vdiff=  2.0614E-01 ( 57, 15)
n=   844   udiff=  3.7076E-01 ( 41,  1)   vdiff=  2.0609E-01 ( 57, 15)
n=   845   udiff=  3.7028E-01 ( 41,  1)   vdiff=  2.0605E-01 ( 57, 15)
n=   846   udiff=  3.6980E-01 ( 41,  1)   vdiff=  2.0600E-01 ( 57, 15)
n=   847   udiff=  3.6931E-01 ( 41,  1)   vdiff=  2.0595E-01 ( 57, 15)
n=   848   udiff=  3.6882E-01 ( 41,  1)   vdiff=  2.0590E-01 ( 57, 15)
n=   849   udiff=  3.6833E-01 ( 41,  1)   vdiff=  2.0586E-01 ( 57, 15)
n=   850   udiff=  3.6783E-01 ( 41,  1)   vdiff=  2.0581E-01 ( 57, 15)
n=   851   udiff=  3.6733E-01 ( 41,  1)   vdiff=  2.0577E-01 ( 57, 15)
n=   852   udiff=  3.6682E-01 ( 41,  1)   vdiff=  2.0573E-01 ( 57, 15)
n=   853   udiff=  3.6631E-01 ( 41,  1)   vdiff=  2.0569E-01 ( 57, 15)
n=   854   udiff=  3.6580E-01 ( 41,  1)   vdiff=  2.0564E-01 ( 57, 15)
n=   855   udiff=  3.6529E-01 ( 41,  1)   vdiff=  2.0560E-01 ( 57, 15)
n=   856   udiff=  3.6477E-01 ( 41,  1)   vdiff=  2.0556E-01 ( 57, 15)
n=   857   udiff=  3.6425E-01 ( 41,  1)   vdiff=  2.0552E-01 ( 57, 15)
n=   858   udiff=  3.6372E-01 ( 41,  1)   vdiff=  2.0548E-01 ( 57, 15)
n=   859   udiff=  3.6319E-01 ( 41,  1)   vdiff=  2.0544E-01 ( 57, 15)
n=   860   udiff=  3.6266E-01 ( 41,  1)   vdiff=  2.0540E-01 ( 57, 15)
n=   861   udiff=  3.6216E-01 ( 42,  1)   vdiff=  2.0536E-01 ( 57, 15)
n=   862   udiff=  3.6172E-01 ( 42,  1)   vdiff=  2.0532E-01 ( 57, 15)
n=   863   udiff=  3.6128E-01 ( 42,  1)   vdiff=  2.0528E-01 ( 57, 15)
n=   864   udiff=  3.6084E-01 ( 42,  1)   vdiff=  2.0524E-01 ( 57, 15)
n=   865   udiff=  3.6039E-01 ( 42,  1)   vdiff=  2.0521E-01 ( 57, 15)
n=   866   udiff=  3.5994E-01 ( 42,  1)   vdiff=  2.0517E-01 ( 57, 15)
n=   867   udiff=  3.5948E-01 ( 42,  1)   vdiff=  2.0513E-01 ( 57, 15)
n=   868   udiff=  3.5903E-01 ( 42,  1)   vdiff=  2.0510E-01 ( 57, 15)
n=   869   udiff=  3.5856E-01 ( 42,  1)   vdiff=  2.0506E-01 ( 57, 15)
n=   870   udiff=  3.5810E-01 ( 42,  1)   vdiff=  2.0503E-01 ( 57, 15)
n=   871   udiff=  3.5763E-01 ( 42,  1)   vdiff=  2.0499E-01 ( 57, 15)
n=   872   udiff=  3.5715E-01 ( 42,  1)   vdiff=  2.0496E-01 ( 57, 15)
n=   873   udiff=  3.5668E-01 ( 42,  1)   vdiff=  2.0492E-01 ( 57, 15)
n=   874   udiff=  3.5620E-01 ( 42,  1)   vdiff=  2.0489E-01 ( 57, 15)
n=   875   udiff=  3.5571E-01 ( 42,  1)   vdiff=  2.0485E-01 ( 57, 15)
n=   876   udiff=  3.5523E-01 ( 42,  1)   vdiff=  2.0482E-01 ( 57, 15)
n=   877   udiff=  3.5474E-01 ( 42,  1)   vdiff=  2.0479E-01 ( 57, 15)
n=   878   udiff=  3.5424E-01 ( 42,  1)   vdiff=  2.0476E-01 ( 57, 15)
n=   879   udiff=  3.5375E-01 ( 42,  1)   vdiff=  2.0472E-01 ( 57, 15)
n=   880   udiff=  3.5325E-01 ( 42,  1)   vdiff=  2.0469E-01 ( 57, 15)
n=   881   udiff=  3.5274E-01 ( 42,  1)   vdiff=  2.0466E-01 ( 57, 15)
n=   882   udiff=  3.5224E-01 ( 42,  1)   vdiff=  2.0462E-01 ( 57, 15)
n=   883   udiff=  3.5173E-01 ( 42,  1)   vdiff=  2.0459E-01 ( 57, 15)
n=   884   udiff=  3.5121E-01 ( 42,  1)   vdiff=  2.0456E-01 ( 57, 15)
n=   885   udiff=  3.5070E-01 ( 42,  1)   vdiff=  2.0454E-01 ( 57, 15)
n=   886   udiff=  3.5018E-01 ( 42,  1)   vdiff=  2.0450E-01 ( 57, 15)
n=   887   udiff=  3.4965E-01 ( 42,  1)   vdiff=  2.0447E-01 ( 57, 15)
n=   888   udiff=  3.4913E-01 ( 42,  1)   vdiff=  2.0444E-01 ( 57, 15)
n=   889   udiff=  3.4860E-01 ( 42,  1)   vdiff=  2.0441E-01 ( 57, 15)
n=   890   udiff=  3.4807E-01 ( 43,  1)   vdiff=  2.0438E-01 ( 57, 15)
n=   891   udiff=  3.4763E-01 ( 43,  1)   vdiff=  2.0435E-01 ( 57, 15)
n=   892   udiff=  3.4718E-01 ( 43,  1)   vdiff=  2.0432E-01 ( 57, 15)
n=   893   udiff=  3.4674E-01 ( 43,  1)   vdiff=  2.0429E-01 ( 57, 15)
n=   894   udiff=  3.4629E-01 ( 43,  1)   vdiff=  2.0426E-01 ( 57, 15)
n=   895   udiff=  3.4583E-01 ( 43,  1)   vdiff=  2.0423E-01 ( 57, 15)
n=   896   udiff=  3.4538E-01 ( 43,  1)   vdiff=  2.0419E-01 ( 57, 15)
n=   897   udiff=  3.4492E-01 ( 43,  1)   vdiff=  2.0417E-01 ( 57, 15)
n=   898   udiff=  3.4445E-01 ( 43,  1)   vdiff=  2.0414E-01 ( 57, 15)
n=   899   udiff=  3.4398E-01 ( 43,  1)   vdiff=  2.0411E-01 ( 57, 15)
n=   900   udiff=  3.4351E-01 ( 43,  1)   vdiff=  2.0408E-01 ( 57, 15)
n=   901   udiff=  3.4304E-01 ( 43,  1)   vdiff=  2.0405E-01 ( 57, 15)
n=   902   udiff=  3.4256E-01 ( 43,  1)   vdiff=  2.0402E-01 ( 57, 15)
n=   903   udiff=  3.4208E-01 ( 43,  1)   vdiff=  2.0399E-01 ( 57, 15)
n=   904   udiff=  3.4160E-01 ( 43,  1)   vdiff=  2.0396E-01 ( 57, 15)
n=   905   udiff=  3.4111E-01 ( 43,  1)   vdiff=  2.0393E-01 ( 57, 15)
n=   906   udiff=  3.4063E-01 ( 43,  1)   vdiff=  2.0390E-01 ( 57, 15)
n=   907   udiff=  3.4013E-01 ( 43,  1)   vdiff=  2.0387E-01 ( 57, 15)
n=   908   udiff=  3.3964E-01 ( 43,  1)   vdiff=  2.0384E-01 ( 57, 15)
n=   909   udiff=  3.3914E-01 ( 43,  1)   vdiff=  2.0381E-01 ( 57, 15)
n=   910   udiff=  3.3864E-01 ( 43,  1)   vdiff=  2.0378E-01 ( 57, 15)
n=   911   udiff=  3.3813E-01 ( 43,  1)   vdiff=  2.0375E-01 ( 57, 15)
n=   912   udiff=  3.3762E-01 ( 43,  1)   vdiff=  2.0372E-01 ( 57, 15)
n=   913   udiff=  3.3711E-01 ( 43,  1)   vdiff=  2.0369E-01 ( 57, 15)
n=   914   udiff=  3.3660E-01 ( 43,  1)   vdiff=  2.0366E-01 ( 57, 15)
n=   915   udiff=  3.3608E-01 ( 43,  1)   vdiff=  2.0362E-01 ( 57, 15)
n=   916   udiff=  3.3556E-01 ( 43,  1)   vdiff=  2.0359E-01 ( 57, 15)
n=   917   udiff=  3.3504E-01 ( 43,  1)   vdiff=  2.0356E-01 ( 57, 15)
n=   918   udiff=  3.3452E-01 ( 43,  1)   vdiff=  2.0353E-01 ( 57, 15)
n=   919   udiff=  3.3399E-01 ( 43,  1)   vdiff=  2.0350E-01 ( 57, 15)
n=   920   udiff=  3.3346E-01 ( 43,  1)   vdiff=  2.0347E-01 ( 57, 15)
n=   921   udiff=  3.3300E-01 ( 44,  1)   vdiff=  2.0343E-01 ( 57, 15)
n=   922   udiff=  3.3256E-01 ( 44,  1)   vdiff=  2.0340E-01 ( 57, 15)
n=   923   udiff=  3.3210E-01 ( 44,  1)   vdiff=  2.0337E-01 ( 57, 15)
n=   924   udiff=  3.3165E-01 ( 44,  1)   vdiff=  2.0334E-01 ( 57, 15)
n=   925   udiff=  3.3119E-01 ( 44,  1)   vdiff=  2.0330E-01 ( 57, 15)
n=   926   udiff=  3.3073E-01 ( 44,  1)   vdiff=  2.0327E-01 ( 57, 15)
n=   927   udiff=  3.3026E-01 ( 44,  1)   vdiff=  2.0323E-01 ( 57, 15)
n=   928   udiff=  3.2980E-01 ( 44,  1)   vdiff=  2.0320E-01 ( 57, 15)
n=   929   udiff=  3.2933E-01 ( 44,  1)   vdiff=  2.0316E-01 ( 57, 15)
n=   930   udiff=  3.2885E-01 ( 44,  1)   vdiff=  2.0313E-01 ( 57, 15)
n=   931   udiff=  3.2838E-01 ( 44,  1)   vdiff=  2.0309E-01 ( 57, 15)
n=   932   udiff=  3.2790E-01 ( 44,  1)   vdiff=  2.0306E-01 ( 57, 15)
n=   933   udiff=  3.2741E-01 ( 44,  1)   vdiff=  2.0302E-01 ( 57, 15)
n=   934   udiff=  3.2693E-01 ( 44,  1)   vdiff=  2.0298E-01 ( 57, 15)
n=   935   udiff=  3.2644E-01 ( 44,  1)   vdiff=  2.0295E-01 ( 57, 15)
n=   936   udiff=  3.2595E-01 ( 44,  1)   vdiff=  2.0291E-01 ( 57, 15)
n=   937   udiff=  3.2546E-01 ( 44,  1)   vdiff=  2.0287E-01 ( 57, 15)
n=   938   udiff=  3.2496E-01 ( 44,  1)   vdiff=  2.0283E-01 ( 57, 15)
n=   939   udiff=  3.2446E-01 ( 44,  1)   vdiff=  2.0279E-01 ( 57, 15)
n=   940   udiff=  3.2396E-01 ( 44,  1)   vdiff=  2.0276E-01 ( 57, 15)
n=   941   udiff=  3.2345E-01 ( 44,  1)   vdiff=  2.0271E-01 ( 57, 15)
n=   942   udiff=  3.2294E-01 ( 44,  1)   vdiff=  2.0267E-01 ( 57, 15)
n=   943   udiff=  3.2243E-01 ( 44,  1)   vdiff=  2.0263E-01 ( 57, 15)
n=   944   udiff=  3.2192E-01 ( 44,  1)   vdiff=  2.0259E-01 ( 57, 15)
n=   945   udiff=  3.2140E-01 ( 44,  1)   vdiff=  2.0255E-01 ( 57, 15)
n=   946   udiff=  3.2089E-01 ( 44,  1)   vdiff=  2.0251E-01 ( 57, 15)
n=   947   udiff=  3.2036E-01 ( 44,  1)   vdiff=  2.0247E-01 ( 57, 15)
n=   948   udiff=  3.1984E-01 ( 44,  1)   vdiff=  2.0242E-01 ( 57, 15)
n=   949   udiff=  3.1931E-01 ( 44,  1)   vdiff=  2.0238E-01 ( 57, 15)
n=   950   udiff=  3.1878E-01 ( 44,  1)   vdiff=  2.0233E-01 ( 57, 15)
n=   951   udiff=  3.1825E-01 ( 45,  1)   vdiff=  2.0229E-01 ( 57, 15)
n=   952   udiff=  3.1780E-01 ( 45,  1)   vdiff=  2.0224E-01 ( 57, 15)
n=   953   udiff=  3.1734E-01 ( 45,  1)   vdiff=  2.0219E-01 ( 57, 15)
n=   954   udiff=  3.1689E-01 ( 45,  1)   vdiff=  2.0215E-01 ( 57, 15)
n=   955   udiff=  3.1642E-01 ( 45,  1)   vdiff=  2.0210E-01 ( 57, 15)
n=   956   udiff=  3.1596E-01 ( 45,  1)   vdiff=  2.0205E-01 ( 57, 15)
n=   957   udiff=  3.1549E-01 ( 45,  1)   vdiff=  2.0200E-01 ( 57, 15)
n=   958   udiff=  3.1502E-01 ( 45,  1)   vdiff=  2.0195E-01 ( 57, 15)
n=   959   udiff=  3.1455E-01 ( 45,  1)   vdiff=  2.0190E-01 ( 57, 15)
n=   960   udiff=  3.1407E-01 ( 45,  1)   vdiff=  2.0185E-01 ( 57, 15)
n=   961   udiff=  3.1360E-01 ( 45,  1)   vdiff=  2.0180E-01 ( 57, 15)
n=   962   udiff=  3.1311E-01 ( 45,  1)   vdiff=  2.0175E-01 ( 57, 15)
n=   963   udiff=  3.1263E-01 ( 45,  1)   vdiff=  2.0169E-01 ( 57, 15)
n=   964   udiff=  3.1214E-01 ( 45,  1)   vdiff=  2.0164E-01 ( 57, 15)
n=   965   udiff=  3.1166E-01 ( 45,  1)   vdiff=  2.0159E-01 ( 57, 15)
n=   966   udiff=  3.1116E-01 ( 45,  1)   vdiff=  2.0153E-01 ( 57, 15)
n=   967   udiff=  3.1067E-01 ( 45,  1)   vdiff=  2.0147E-01 ( 57, 15)
n=   968   udiff=  3.1017E-01 ( 45,  1)   vdiff=  2.0142E-01 ( 57, 15)
n=   969   udiff=  3.0967E-01 ( 45,  1)   vdiff=  2.0136E-01 ( 57, 15)
n=   970   udiff=  3.0917E-01 ( 45,  1)   vdiff=  2.0130E-01 ( 57, 15)
n=   971   udiff=  3.0867E-01 ( 45,  1)   vdiff=  2.0124E-01 ( 57, 15)
n=   972   udiff=  3.0816E-01 ( 45,  1)   vdiff=  2.0118E-01 ( 57, 15)
n=   973   udiff=  3.0765E-01 ( 45,  1)   vdiff=  2.0112E-01 ( 57, 15)
n=   974   udiff=  3.0714E-01 ( 45,  1)   vdiff=  2.0106E-01 ( 57, 15)
n=   975   udiff=  3.0663E-01 ( 45,  1)   vdiff=  2.0100E-01 ( 57, 15)
n=   976   udiff=  3.0611E-01 ( 45,  1)   vdiff=  2.0093E-01 ( 58, 15)
n=   977   udiff=  3.0559E-01 ( 45,  1)   vdiff=  2.0089E-01 ( 58, 15)
n=   978   udiff=  3.0507E-01 ( 45,  1)   vdiff=  2.0085E-01 ( 58, 15)
n=   979   udiff=  3.0454E-01 ( 45,  1)   vdiff=  2.0081E-01 ( 58, 15)
n=   980   udiff=  3.0402E-01 ( 45,  1)   vdiff=  2.0077E-01 ( 58, 15)
n=   981   udiff=  3.0349E-01 ( 45,  1)   vdiff=  2.0073E-01 ( 58, 15)
n=   982   udiff=  3.0296E-01 ( 45,  1)   vdiff=  2.0068E-01 ( 58, 15)
n=   983   udiff=  3.0243E-01 ( 46,  1)   vdiff=  2.0064E-01 ( 58, 15)
n=   984   udiff=  3.0197E-01 ( 46,  1)   vdiff=  2.0059E-01 ( 58, 15)
n=   985   udiff=  3.0151E-01 ( 46,  1)   vdiff=  2.0056E-01 ( 58, 15)
n=   986   udiff=  3.0104E-01 ( 46,  1)   vdiff=  2.0050E-01 ( 58, 15)
n=   987   udiff=  3.0057E-01 ( 46,  1)   vdiff=  2.0046E-01 ( 58, 15)
n=   988   udiff=  3.0010E-01 ( 46,  1)   vdiff=  2.0042E-01 ( 58, 15)
n=   989   udiff=  2.9963E-01 ( 46,  1)   vdiff=  2.0037E-01 ( 58, 15)
n=   990   udiff=  2.9915E-01 ( 46,  1)   vdiff=  2.0032E-01 ( 58, 15)
n=   991   udiff=  2.9867E-01 ( 46,  1)   vdiff=  2.0026E-01 ( 58, 15)
n=   992   udiff=  2.9819E-01 ( 46,  1)   vdiff=  2.0021E-01 ( 58, 15)
n=   993   udiff=  2.9770E-01 ( 46,  1)   vdiff=  2.0017E-01 ( 58, 15)
n=   994   udiff=  2.9722E-01 ( 46,  1)   vdiff=  2.0012E-01 ( 58, 15)
n=   995   udiff=  2.9673E-01 ( 46,  1)   vdiff=  2.0006E-01 ( 58, 15)
n=   996   udiff=  2.9624E-01 ( 46,  1)   vdiff=  2.0001E-01 ( 58, 15)
n=   997   udiff=  2.9575E-01 ( 46,  1)   vdiff=  1.9995E-01 ( 58, 15)
n=   998   udiff=  2.9525E-01 ( 46,  1)   vdiff=  1.9990E-01 ( 58, 15)
n=   999   udiff=  2.9475E-01 ( 46,  1)   vdiff=  1.9985E-01 ( 58, 15)
n=  1000   udiff=  2.9425E-01 ( 46,  1)   vdiff=  1.9978E-01 ( 58, 15)
n=  1001   udiff=  2.9375E-01 ( 46,  1)   vdiff=  1.9973E-01 ( 58, 15)
n=  1002   udiff=  2.9324E-01 ( 46,  1)   vdiff=  1.9967E-01 ( 58, 15)
n=  1003   udiff=  2.9274E-01 ( 46,  1)   vdiff=  1.9961E-01 ( 58, 15)
n=  1004   udiff=  2.9223E-01 ( 46,  1)   vdiff=  1.9956E-01 ( 58, 15)
n=  1005   udiff=  2.9172E-01 ( 46,  1)   vdiff=  1.9950E-01 ( 58, 15)
n=  1006   udiff=  2.9120E-01 ( 46,  1)   vdiff=  1.9943E-01 ( 58, 15)
n=  1007   udiff=  2.9069E-01 ( 46,  1)   vdiff=  1.9936E-01 ( 58, 15)
n=  1008   udiff=  2.9017E-01 ( 46,  1)   vdiff=  1.9930E-01 ( 58, 15)
n=  1009   udiff=  2.8965E-01 ( 46,  1)   vdiff=  1.9924E-01 ( 58, 15)
n=  1010   udiff=  2.8913E-01 ( 46,  1)   vdiff=  1.9918E-01 ( 58, 15)
n=  1011   udiff=  2.8860E-01 ( 46,  1)   vdiff=  1.9910E-01 ( 58, 15)
n=  1012   udiff=  2.8808E-01 ( 46,  1)   vdiff=  1.9904E-01 ( 58, 15)
n=  1013   udiff=  2.8755E-01 ( 46,  1)   vdiff=  1.9897E-01 ( 58, 15)
n=  1014   udiff=  2.8702E-01 ( 46,  1)   vdiff=  1.9890E-01 ( 58, 15)
n=  1015   udiff=  2.8648E-01 ( 46,  1)   vdiff=  1.9882E-01 ( 58, 15)
n=  1016   udiff=  2.8595E-01 ( 46,  1)   vdiff=  1.9875E-01 ( 58, 15)
n=  1017   udiff=  2.8548E-01 ( 47,  1)   vdiff=  1.9869E-01 ( 58, 15)
n=  1018   udiff=  2.8501E-01 ( 47,  1)   vdiff=  1.9861E-01 ( 58, 15)
n=  1019   udiff=  2.8453E-01 ( 47,  1)   vdiff=  1.9854E-01 ( 58, 15)
n=  1020   udiff=  2.8406E-01 ( 47,  1)   vdiff=  1.9847E-01 ( 58, 15)
n=  1021   udiff=  2.8358E-01 ( 47,  1)   vdiff=  1.9839E-01 ( 58, 15)
n=  1022   udiff=  2.8310E-01 ( 47,  1)   vdiff=  1.9831E-01 ( 58, 15)
n=  1023   udiff=  2.8262E-01 ( 47,  1)   vdiff=  1.9823E-01 ( 58, 15)
n=  1024   udiff=  2.8213E-01 ( 47,  1)   vdiff=  1.9815E-01 ( 58, 15)
n=  1025   udiff=  2.8164E-01 ( 47,  1)   vdiff=  1.9807E-01 ( 58, 15)
n=  1026   udiff=  2.8116E-01 ( 47,  1)   vdiff=  1.9800E-01 ( 58, 15)
n=  1027   udiff=  2.8066E-01 ( 47,  1)   vdiff=  1.9791E-01 ( 58, 15)
n=  1028   udiff=  2.8017E-01 ( 47,  1)   vdiff=  1.9783E-01 ( 58, 15)
n=  1029   udiff=  2.7968E-01 ( 47,  1)   vdiff=  1.9774E-01 ( 58, 15)
n=  1030   udiff=  2.7918E-01 ( 47,  1)   vdiff=  1.9765E-01 ( 58, 15)
n=  1031   udiff=  2.7868E-01 ( 47,  1)   vdiff=  1.9756E-01 ( 58, 15)
n=  1032   udiff=  2.7818E-01 ( 47,  1)   vdiff=  1.9748E-01 ( 58, 15)
n=  1033   udiff=  2.7767E-01 ( 47,  1)   vdiff=  1.9739E-01 ( 58, 15)
n=  1034   udiff=  2.7717E-01 ( 47,  1)   vdiff=  1.9730E-01 ( 58, 15)
n=  1035   udiff=  2.7666E-01 ( 47,  1)   vdiff=  1.9720E-01 ( 58, 15)
n=  1036   udiff=  2.7615E-01 ( 47,  1)   vdiff=  1.9712E-01 ( 58, 15)
n=  1037   udiff=  2.7564E-01 ( 47,  1)   vdiff=  1.9703E-01 ( 58, 15)
n=  1038   udiff=  2.7513E-01 ( 47,  1)   vdiff=  1.9693E-01 ( 58, 15)
n=  1039   udiff=  2.7461E-01 ( 47,  1)   vdiff=  1.9683E-01 ( 58, 15)
n=  1040   udiff=  2.7410E-01 ( 47,  1)   vdiff=  1.9674E-01 ( 58, 15)
n=  1041   udiff=  2.7358E-01 ( 47,  1)   vdiff=  1.9664E-01 ( 58, 15)
n=  1042   udiff=  2.7306E-01 ( 47,  1)   vdiff=  1.9654E-01 ( 58, 15)
n=  1043   udiff=  2.7253E-01 ( 47,  1)   vdiff=  1.9644E-01 ( 58, 15)
n=  1044   udiff=  2.7201E-01 ( 47,  1)   vdiff=  1.9633E-01 ( 58, 15)
n=  1045   udiff=  2.7148E-01 ( 47,  1)   vdiff=  1.9623E-01 ( 58, 15)
n=  1046   udiff=  2.7096E-01 ( 47,  1)   vdiff=  1.9613E-01 ( 58, 15)
n=  1047   udiff=  2.7043E-01 ( 47,  1)   vdiff=  1.9603E-01 ( 58, 15)
n=  1048   udiff=  2.6990E-01 ( 47,  1)   vdiff=  1.9592E-01 ( 58, 15)
n=  1049   udiff=  2.6936E-01 ( 47,  1)   vdiff=  1.9581E-01 ( 58, 15)
n=  1050   udiff=  2.6883E-01 ( 47,  1)   vdiff=  1.9570E-01 ( 58, 15)
n=  1051   udiff=  2.6831E-01 ( 48,  1)   vdiff=  1.9560E-01 ( 58, 15)
n=  1052   udiff=  2.6784E-01 ( 48,  1)   vdiff=  1.9548E-01 ( 58, 15)
n=  1053   udiff=  2.6736E-01 ( 48,  1)   vdiff=  1.9537E-01 ( 58, 15)
n=  1054   udiff=  2.6688E-01 ( 48,  1)   vdiff=  1.9526E-01 ( 58, 15)
n=  1055   udiff=  2.6639E-01 ( 48,  1)   vdiff=  1.9515E-01 ( 58, 15)
n=  1056   udiff=  2.6591E-01 ( 48,  1)   vdiff=  1.9503E-01 ( 58, 15)
n=  1057   udiff=  2.6542E-01 ( 48,  1)   vdiff=  1.9491E-01 ( 58, 15)
n=  1058   udiff=  2.6493E-01 ( 48,  1)   vdiff=  1.9480E-01 ( 58, 15)
n=  1059   udiff=  2.6444E-01 ( 48,  1)   vdiff=  1.9467E-01 ( 58, 15)
n=  1060   udiff=  2.6395E-01 ( 48,  1)   vdiff=  1.9455E-01 ( 58, 15)
n=  1061   udiff=  2.6345E-01 ( 48,  1)   vdiff=  1.9443E-01 ( 58, 15)
n=  1062   udiff=  2.6296E-01 ( 48,  1)   vdiff=  1.9431E-01 ( 58, 15)
n=  1063   udiff=  2.6246E-01 ( 48,  1)   vdiff=  1.9418E-01 ( 58, 15)
n=  1064   udiff=  2.6196E-01 ( 48,  1)   vdiff=  1.9406E-01 ( 58, 15)
n=  1065   udiff=  2.6146E-01 ( 48,  1)   vdiff=  1.9394E-01 ( 58, 15)
n=  1066   udiff=  2.6095E-01 ( 48,  1)   vdiff=  1.9381E-01 ( 58, 15)
n=  1067   udiff=  2.6045E-01 ( 48,  1)   vdiff=  1.9368E-01 ( 58, 15)
n=  1068   udiff=  2.5994E-01 ( 48,  1)   vdiff=  1.9355E-01 ( 58, 15)
n=  1069   udiff=  2.5943E-01 ( 48,  1)   vdiff=  1.9342E-01 ( 58, 15)
n=  1070   udiff=  2.5892E-01 ( 48,  1)   vdiff=  1.9328E-01 ( 58, 15)
n=  1071   udiff=  2.5841E-01 ( 48,  1)   vdiff=  1.9315E-01 ( 58, 15)
n=  1072   udiff=  2.5790E-01 ( 48,  1)   vdiff=  1.9302E-01 ( 58, 15)
n=  1073   udiff=  2.5738E-01 ( 48,  1)   vdiff=  1.9287E-01 ( 58, 15)
n=  1074   udiff=  2.5687E-01 ( 48,  1)   vdiff=  1.9274E-01 ( 58, 15)
n=  1075   udiff=  2.5635E-01 ( 48,  1)   vdiff=  1.9260E-01 ( 58, 15)
n=  1076   udiff=  2.5583E-01 ( 48,  1)   vdiff=  1.9246E-01 ( 58, 15)
n=  1077   udiff=  2.5531E-01 ( 48,  1)   vdiff=  1.9232E-01 ( 58, 15)
n=  1078   udiff=  2.5479E-01 ( 48,  1)   vdiff=  1.9217E-01 ( 58, 15)
n=  1079   udiff=  2.5426E-01 ( 48,  1)   vdiff=  1.9203E-01 ( 58, 15)
n=  1080   udiff=  2.5374E-01 ( 48,  1)   vdiff=  1.9188E-01 ( 58, 15)
n=  1081   udiff=  2.5321E-01 ( 48,  1)   vdiff=  1.9174E-01 ( 58, 15)
n=  1082   udiff=  2.5268E-01 ( 48,  1)   vdiff=  1.9159E-01 ( 58, 15)
n=  1083   udiff=  2.5215E-01 ( 48,  1)   vdiff=  1.9144E-01 ( 58, 15)
n=  1084   udiff=  2.5162E-01 ( 48,  1)   vdiff=  1.9129E-01 ( 58, 15)
n=  1085   udiff=  2.5109E-01 ( 48,  1)   vdiff=  1.9114E-01 ( 58, 15)
n=  1086   udiff=  2.5055E-01 ( 48,  1)   vdiff=  1.9099E-01 ( 58, 15)
n=  1087   udiff=  2.5002E-01 ( 49,  1)   vdiff=  1.9083E-01 ( 58, 15)
n=  1088   udiff=  2.4954E-01 ( 49,  1)   vdiff=  1.9067E-01 ( 58, 15)
n=  1089   udiff=  2.4905E-01 ( 49,  1)   vdiff=  1.9052E-01 ( 58, 15)
n=  1090   udiff=  2.4857E-01 ( 49,  1)   vdiff=  1.9036E-01 ( 58, 15)
n=  1091   udiff=  2.4808E-01 ( 49,  1)   vdiff=  1.9020E-01 ( 58, 15)
n=  1092   udiff=  2.4759E-01 ( 49,  1)   vdiff=  1.9004E-01 ( 58, 15)
n=  1093   udiff=  2.4710E-01 ( 49,  1)   vdiff=  1.8988E-01 ( 58, 15)
n=  1094   udiff=  2.4661E-01 ( 49,  1)   vdiff=  1.8971E-01 ( 58, 15)
n=  1095   udiff=  2.4611E-01 ( 49,  1)   vdiff=  1.8955E-01 ( 58, 15)
n=  1096   udiff=  2.4562E-01 ( 49,  1)   vdiff=  1.8938E-01 ( 58, 15)
n=  1097   udiff=  2.4512E-01 ( 49,  1)   vdiff=  1.8922E-01 ( 58, 15)
n=  1098   udiff=  2.4462E-01 ( 49,  1)   vdiff=  1.8905E-01 ( 58, 15)
n=  1099   udiff=  2.4412E-01 ( 49,  1)   vdiff=  1.8887E-01 ( 58, 15)
n=  1100   udiff=  2.4362E-01 ( 49,  1)   vdiff=  1.8871E-01 ( 58, 15)
n=  1101   udiff=  2.4312E-01 ( 49,  1)   vdiff=  1.8853E-01 ( 58, 15)
n=  1102   udiff=  2.4262E-01 ( 49,  1)   vdiff=  1.8836E-01 ( 58, 15)
n=  1103   udiff=  2.4211E-01 ( 49,  1)   vdiff=  1.8818E-01 ( 58, 15)
n=  1104   udiff=  2.4160E-01 ( 49,  1)   vdiff=  1.8801E-01 ( 58, 15)
n=  1105   udiff=  2.4110E-01 ( 49,  1)   vdiff=  1.8783E-01 ( 58, 15)
n=  1106   udiff=  2.4059E-01 ( 49,  1)   vdiff=  1.8766E-01 ( 58, 15)
n=  1107   udiff=  2.4008E-01 ( 49,  1)   vdiff=  1.8747E-01 ( 58, 15)
n=  1108   udiff=  2.3956E-01 ( 49,  1)   vdiff=  1.8729E-01 ( 58, 15)
n=  1109   udiff=  2.3905E-01 ( 49,  1)   vdiff=  1.8711E-01 ( 58, 15)
n=  1110   udiff=  2.3854E-01 ( 49,  1)   vdiff=  1.8693E-01 ( 58, 15)
n=  1111   udiff=  2.3802E-01 ( 49,  1)   vdiff=  1.8674E-01 ( 58, 15)
n=  1112   udiff=  2.3750E-01 ( 49,  1)   vdiff=  1.8655E-01 ( 58, 15)
n=  1113   udiff=  2.3698E-01 ( 49,  1)   vdiff=  1.8637E-01 ( 58, 15)
n=  1114   udiff=  2.3646E-01 ( 49,  1)   vdiff=  1.8618E-01 ( 58, 15)
n=  1115   udiff=  2.3594E-01 ( 49,  1)   vdiff=  1.8598E-01 ( 58, 15)
n=  1116   udiff=  2.3542E-01 ( 49,  1)   vdiff=  1.8579E-01 ( 58, 15)
n=  1117   udiff=  2.3490E-01 ( 49,  1)   vdiff=  1.8560E-01 ( 58, 15)
n=  1118   udiff=  2.3437E-01 ( 49,  1)   vdiff=  1.8541E-01 ( 58, 15)
n=  1119   udiff=  2.3385E-01 ( 49,  1)   vdiff=  1.8522E-01 ( 58, 15)
n=  1120   udiff=  2.3332E-01 ( 49,  1)   vdiff=  1.8502E-01 ( 58, 15)
n=  1121   udiff=  2.3279E-01 ( 49,  1)   vdiff=  1.8482E-01 ( 58, 15)
n=  1122   udiff=  2.3227E-01 ( 49,  1)   vdiff=  1.8462E-01 ( 58, 15)
n=  1123   udiff=  2.3174E-01 ( 49,  1)   vdiff=  1.8442E-01 ( 58, 15)
n=  1124   udiff=  2.3121E-01 ( 49,  1)   vdiff=  1.8422E-01 ( 58, 15)
n=  1125   udiff=  2.3067E-01 ( 49,  1)   vdiff=  1.8402E-01 ( 58, 15)
n=  1126   udiff=  2.3018E-01 ( 50,  1)   vdiff=  1.8381E-01 ( 58, 15)
n=  1127   udiff=  2.2969E-01 ( 50,  1)   vdiff=  1.8360E-01 ( 58, 15)
n=  1128   udiff=  2.2920E-01 ( 50,  1)   vdiff=  1.8340E-01 ( 58, 15)
n=  1129   udiff=  2.2871E-01 ( 50,  1)   vdiff=  1.8319E-01 ( 58, 15)
n=  1130   udiff=  2.2822E-01 ( 50,  1)   vdiff=  1.8298E-01 ( 58, 15)
n=  1131   udiff=  2.2773E-01 ( 50,  1)   vdiff=  1.8277E-01 ( 58, 15)
n=  1132   udiff=  2.2724E-01 ( 50,  1)   vdiff=  1.8256E-01 ( 58, 15)
n=  1133   udiff=  2.2675E-01 ( 50,  1)   vdiff=  1.8234E-01 ( 58, 15)
n=  1134   udiff=  2.2625E-01 ( 50,  1)   vdiff=  1.8213E-01 ( 58, 15)
n=  1135   udiff=  2.2575E-01 ( 50,  1)   vdiff=  1.8191E-01 ( 58, 15)
n=  1136   udiff=  2.2526E-01 ( 50,  1)   vdiff=  1.8170E-01 ( 58, 15)
n=  1137   udiff=  2.2476E-01 ( 50,  1)   vdiff=  1.8148E-01 ( 58, 15)
n=  1138   udiff=  2.2426E-01 ( 50,  1)   vdiff=  1.8126E-01 ( 58, 15)
n=  1139   udiff=  2.2376E-01 ( 50,  1)   vdiff=  1.8104E-01 ( 58, 15)
n=  1140   udiff=  2.2326E-01 ( 50,  1)   vdiff=  1.8082E-01 ( 58, 15)
n=  1141   udiff=  2.2275E-01 ( 50,  1)   vdiff=  1.8060E-01 ( 58, 15)
n=  1142   udiff=  2.2225E-01 ( 50,  1)   vdiff=  1.8037E-01 ( 58, 15)
n=  1143   udiff=  2.2175E-01 ( 50,  1)   vdiff=  1.8015E-01 ( 58, 15)
n=  1144   udiff=  2.2124E-01 ( 50,  1)   vdiff=  1.7993E-01 ( 58, 15)
n=  1145   udiff=  2.2073E-01 ( 50,  1)   vdiff=  1.7970E-01 ( 58, 15)
n=  1146   udiff=  2.2023E-01 ( 50,  1)   vdiff=  1.7947E-01 ( 58, 15)
n=  1147   udiff=  2.1972E-01 ( 50,  1)   vdiff=  1.7924E-01 ( 58, 15)
n=  1148   udiff=  2.1921E-01 ( 50,  1)   vdiff=  1.7901E-01 ( 58, 15)
n=  1149   udiff=  2.1870E-01 ( 50,  1)   vdiff=  1.7877E-01 ( 58, 15)
n=  1150   udiff=  2.1818E-01 ( 50,  1)   vdiff=  1.7854E-01 ( 58, 15)
n=  1151   udiff=  2.1767E-01 ( 50,  1)   vdiff=  1.7830E-01 ( 58, 15)
n=  1152   udiff=  2.1716E-01 ( 50,  1)   vdiff=  1.7807E-01 ( 58, 15)
n=  1153   udiff=  2.1664E-01 ( 50,  1)   vdiff=  1.7783E-01 ( 58, 15)
n=  1154   udiff=  2.1613E-01 ( 50,  1)   vdiff=  1.7759E-01 ( 58, 15)
n=  1155   udiff=  2.1561E-01 ( 50,  1)   vdiff=  1.7736E-01 ( 58, 15)
n=  1156   udiff=  2.1510E-01 ( 50,  1)   vdiff=  1.7711E-01 ( 58, 15)
n=  1157   udiff=  2.1458E-01 ( 50,  1)   vdiff=  1.7688E-01 ( 58, 15)
n=  1158   udiff=  2.1406E-01 ( 50,  1)   vdiff=  1.7663E-01 ( 58, 15)
n=  1159   udiff=  2.1354E-01 ( 50,  1)   vdiff=  1.7639E-01 ( 58, 15)
n=  1160   udiff=  2.1302E-01 ( 50,  1)   vdiff=  1.7614E-01 ( 58, 15)
n=  1161   udiff=  2.1250E-01 ( 50,  1)   vdiff=  1.7590E-01 ( 58, 15)
n=  1162   udiff=  2.1198E-01 ( 50,  1)   vdiff=  1.7565E-01 ( 58, 15)
n=  1163   udiff=  2.1146E-01 ( 50,  1)   vdiff=  1.7540E-01 ( 58, 15)
n=  1164   udiff=  2.1093E-01 ( 50,  1)   vdiff=  1.7515E-01 ( 58, 15)
n=  1165   udiff=  2.1041E-01 ( 50,  1)   vdiff=  1.7490E-01 ( 58, 15)
n=  1166   udiff=  2.0989E-01 ( 51,  1)   vdiff=  1.7465E-01 ( 58, 15)
n=  1167   udiff=  2.0941E-01 ( 51,  1)   vdiff=  1.7440E-01 ( 58, 15)
n=  1168   udiff=  2.0892E-01 ( 51,  1)   vdiff=  1.7414E-01 ( 58, 15)
n=  1169   udiff=  2.0844E-01 ( 51,  1)   vdiff=  1.7388E-01 ( 58, 15)
n=  1170   udiff=  2.0795E-01 ( 51,  1)   vdiff=  1.7363E-01 ( 58, 15)
n=  1171   udiff=  2.0746E-01 ( 51,  1)   vdiff=  1.7338E-01 ( 58, 15)
n=  1172   udiff=  2.0698E-01 ( 51,  1)   vdiff=  1.7311E-01 ( 58, 15)
n=  1173   udiff=  2.0649E-01 ( 51,  1)   vdiff=  1.7286E-01 ( 58, 15)
n=  1174   udiff=  2.0600E-01 ( 51,  1)   vdiff=  1.7260E-01 ( 58, 15)
n=  1175   udiff=  2.0551E-01 ( 51,  1)   vdiff=  1.7233E-01 ( 58, 15)
n=  1176   udiff=  2.0501E-01 ( 51,  1)   vdiff=  1.7207E-01 ( 58, 15)
n=  1177   udiff=  2.0452E-01 ( 51,  1)   vdiff=  1.7181E-01 ( 58, 15)
n=  1178   udiff=  2.0403E-01 ( 51,  1)   vdiff=  1.7154E-01 ( 58, 15)
n=  1179   udiff=  2.0354E-01 ( 51,  1)   vdiff=  1.7128E-01 ( 58, 15)
n=  1180   udiff=  2.0304E-01 ( 51,  1)   vdiff=  1.7101E-01 ( 58, 15)
n=  1181   udiff=  2.0255E-01 ( 51,  1)   vdiff=  1.7075E-01 ( 58, 15)
n=  1182   udiff=  2.0205E-01 ( 51,  1)   vdiff=  1.7048E-01 ( 58, 15)
n=  1183   udiff=  2.0155E-01 ( 51,  1)   vdiff=  1.7020E-01 ( 58, 15)
n=  1184   udiff=  2.0106E-01 ( 51,  1)   vdiff=  1.6993E-01 ( 58, 15)
n=  1185   udiff=  2.0056E-01 ( 51,  1)   vdiff=  1.6966E-01 ( 58, 15)
n=  1186   udiff=  2.0006E-01 ( 51,  1)   vdiff=  1.6939E-01 ( 58, 15)
n=  1187   udiff=  1.9956E-01 ( 51,  1)   vdiff=  1.6911E-01 ( 58, 15)
n=  1188   udiff=  1.9906E-01 ( 51,  1)   vdiff=  1.6884E-01 ( 58, 15)
n=  1189   udiff=  1.9856E-01 ( 51,  1)   vdiff=  1.6856E-01 ( 58, 15)
n=  1190   udiff=  1.9806E-01 ( 51,  1)   vdiff=  1.6829E-01 ( 58, 15)
n=  1191   udiff=  1.9756E-01 ( 51,  1)   vdiff=  1.6801E-01 ( 58, 15)
n=  1192   udiff=  1.9705E-01 ( 51,  1)   vdiff=  1.6773E-01 ( 58, 15)
n=  1193   udiff=  1.9655E-01 ( 51,  1)   vdiff=  1.6745E-01 ( 58, 15)
n=  1194   udiff=  1.9605E-01 ( 51,  1)   vdiff=  1.6717E-01 ( 58, 15)
n=  1195   udiff=  1.9554E-01 ( 51,  1)   vdiff=  1.6689E-01 ( 58, 15)
n=  1196   udiff=  1.9504E-01 ( 51,  1)   vdiff=  1.6661E-01 ( 58, 15)
n=  1197   udiff=  1.9454E-01 ( 51,  1)   vdiff=  1.6633E-01 ( 58, 15)
n=  1198   udiff=  1.9403E-01 ( 51,  1)   vdiff=  1.6604E-01 ( 58, 15)
n=  1199   udiff=  1.9352E-01 ( 51,  1)   vdiff=  1.6575E-01 ( 58, 15)
n=  1200   udiff=  1.9302E-01 ( 51,  1)   vdiff=  1.6547E-01 ( 58, 15)
n=  1201   udiff=  1.9251E-01 ( 51,  1)   vdiff=  1.6518E-01 ( 58, 15)
n=  1202   udiff=  1.9200E-01 ( 51,  1)   vdiff=  1.6489E-01 ( 58, 15)
n=  1203   udiff=  1.9150E-01 ( 51,  1)   vdiff=  1.6461E-01 ( 58, 15)
n=  1204   udiff=  1.9099E-01 ( 51,  1)   vdiff=  1.6432E-01 ( 58, 15)
n=  1205   udiff=  1.9048E-01 ( 51,  1)   vdiff=  1.6402E-01 ( 58, 15)
n=  1206   udiff=  1.8997E-01 ( 51,  1)   vdiff=  1.6373E-01 ( 58, 15)
n=  1207   udiff=  1.8946E-01 ( 51,  1)   vdiff=  1.6344E-01 ( 58, 15)
n=  1208   udiff=  1.8895E-01 ( 51,  1)   vdiff=  1.6315E-01 ( 58, 15)
n=  1209   udiff=  1.8844E-01 ( 51,  1)   vdiff=  1.6285E-01 ( 58, 15)
n=  1210   udiff=  1.8796E-01 ( 52,  1)   vdiff=  1.6256E-01 ( 58, 15)
n=  1211   udiff=  1.8749E-01 ( 52,  1)   vdiff=  1.6226E-01 ( 58, 15)
n=  1212   udiff=  1.8701E-01 ( 52,  1)   vdiff=  1.6196E-01 ( 58, 15)
n=  1213   udiff=  1.8653E-01 ( 52,  1)   vdiff=  1.6167E-01 ( 58, 15)
n=  1214   udiff=  1.8606E-01 ( 52,  1)   vdiff=  1.6137E-01 ( 58, 15)
n=  1215   udiff=  1.8558E-01 ( 52,  1)   vdiff=  1.6107E-01 ( 58, 15)
n=  1216   udiff=  1.8510E-01 ( 52,  1)   vdiff=  1.6077E-01 ( 58, 15)
n=  1217   udiff=  1.8462E-01 ( 52,  1)   vdiff=  1.6047E-01 ( 58, 15)
n=  1218   udiff=  1.8414E-01 ( 52,  1)   vdiff=  1.6017E-01 ( 58, 15)
n=  1219   udiff=  1.8366E-01 ( 52,  1)   vdiff=  1.5986E-01 ( 58, 15)
n=  1220   udiff=  1.8318E-01 ( 52,  1)   vdiff=  1.5956E-01 ( 58, 15)
n=  1221   udiff=  1.8270E-01 ( 52,  1)   vdiff=  1.5926E-01 ( 58, 15)
n=  1222   udiff=  1.8222E-01 ( 52,  1)   vdiff=  1.5896E-01 ( 58, 15)
n=  1223   udiff=  1.8174E-01 ( 52,  1)   vdiff=  1.5865E-01 ( 58, 15)
n=  1224   udiff=  1.8126E-01 ( 52,  1)   vdiff=  1.5834E-01 ( 58, 15)
n=  1225   udiff=  1.8077E-01 ( 52,  1)   vdiff=  1.5803E-01 ( 58, 15)
n=  1226   udiff=  1.8029E-01 ( 52,  1)   vdiff=  1.5772E-01 ( 58, 15)
n=  1227   udiff=  1.7981E-01 ( 52,  1)   vdiff=  1.5742E-01 ( 58, 15)
n=  1228   udiff=  1.7933E-01 ( 52,  1)   vdiff=  1.5711E-01 ( 58, 15)
n=  1229   udiff=  1.7884E-01 ( 52,  1)   vdiff=  1.5680E-01 ( 58, 15)
n=  1230   udiff=  1.7836E-01 ( 52,  1)   vdiff=  1.5649E-01 ( 58, 15)
n=  1231   udiff=  1.7788E-01 ( 52,  1)   vdiff=  1.5618E-01 ( 58, 15)
n=  1232   udiff=  1.7739E-01 ( 52,  1)   vdiff=  1.5587E-01 ( 58, 15)
n=  1233   udiff=  1.7691E-01 ( 52,  1)   vdiff=  1.5556E-01 ( 58, 15)
n=  1234   udiff=  1.7642E-01 ( 52,  1)   vdiff=  1.5524E-01 ( 58, 15)
n=  1235   udiff=  1.7594E-01 ( 52,  1)   vdiff=  1.5492E-01 ( 58, 15)
n=  1236   udiff=  1.7545E-01 ( 52,  1)   vdiff=  1.5461E-01 ( 58, 15)
n=  1237   udiff=  1.7496E-01 ( 52,  1)   vdiff=  1.5429E-01 ( 58, 15)
n=  1238   udiff=  1.7448E-01 ( 52,  1)   vdiff=  1.5398E-01 ( 58, 15)
n=  1239   udiff=  1.7399E-01 ( 52,  1)   vdiff=  1.5366E-01 ( 58, 15)
n=  1240   udiff=  1.7351E-01 ( 52,  1)   vdiff=  1.5334E-01 ( 58, 15)
n=  1241   udiff=  1.7302E-01 ( 52,  1)   vdiff=  1.5303E-01 ( 58, 15)
n=  1242   udiff=  1.7253E-01 ( 52,  1)   vdiff=  1.5271E-01 ( 58, 15)
n=  1243   udiff=  1.7205E-01 ( 52,  1)   vdiff=  1.5239E-01 ( 58, 15)
n=  1244   udiff=  1.7156E-01 ( 52,  1)   vdiff=  1.5207E-01 ( 58, 15)
n=  1245   udiff=  1.7107E-01 ( 52,  1)   vdiff=  1.5175E-01 ( 58, 15)
n=  1246   udiff=  1.7059E-01 ( 52,  1)   vdiff=  1.5143E-01 ( 58, 15)
n=  1247   udiff=  1.7010E-01 ( 52,  1)   vdiff=  1.5111E-01 ( 58, 15)
n=  1248   udiff=  1.6961E-01 ( 52,  1)   vdiff=  1.5078E-01 ( 58, 15)
n=  1249   udiff=  1.6912E-01 ( 52,  1)   vdiff=  1.5046E-01 ( 58, 15)
n=  1250   udiff=  1.6864E-01 ( 52,  1)   vdiff=  1.5014E-01 ( 58, 15)
n=  1251   udiff=  1.6815E-01 ( 52,  1)   vdiff=  1.4981E-01 ( 58, 15)
n=  1252   udiff=  1.6766E-01 ( 52,  1)   vdiff=  1.4949E-01 ( 58, 15)
n=  1253   udiff=  1.6717E-01 ( 52,  1)   vdiff=  1.4916E-01 ( 58, 15)
n=  1254   udiff=  1.6669E-01 ( 52,  1)   vdiff=  1.4884E-01 ( 58, 15)
n=  1255   udiff=  1.6620E-01 ( 52,  1)   vdiff=  1.4851E-01 ( 58, 15)
n=  1256   udiff=  1.6573E-01 ( 53,  1)   vdiff=  1.4818E-01 ( 58, 15)
n=  1257   udiff=  1.6527E-01 ( 53,  1)   vdiff=  1.4785E-01 ( 58, 15)
n=  1258   udiff=  1.6481E-01 ( 53,  1)   vdiff=  1.4753E-01 ( 58, 15)
n=  1259   udiff=  1.6435E-01 ( 53,  1)   vdiff=  1.4720E-01 ( 58, 15)
n=  1260   udiff=  1.6389E-01 ( 53,  1)   vdiff=  1.4687E-01 ( 58, 15)
n=  1261   udiff=  1.6343E-01 ( 53,  1)   vdiff=  1.4654E-01 ( 58, 15)
n=  1262   udiff=  1.6297E-01 ( 53,  1)   vdiff=  1.4621E-01 ( 58, 15)
n=  1263   udiff=  1.6251E-01 ( 53,  1)   vdiff=  1.4588E-01 ( 58, 15)
n=  1264   udiff=  1.6205E-01 ( 53,  1)   vdiff=  1.4555E-01 ( 58, 15)
n=  1265   udiff=  1.6159E-01 ( 53,  1)   vdiff=  1.4522E-01 ( 58, 15)
n=  1266   udiff=  1.6113E-01 ( 53,  1)   vdiff=  1.4489E-01 ( 58, 15)
n=  1267   udiff=  1.6067E-01 ( 53,  1)   vdiff=  1.4456E-01 ( 58, 15)
n=  1268   udiff=  1.6021E-01 ( 53,  1)   vdiff=  1.4422E-01 ( 58, 15)
n=  1269   udiff=  1.5975E-01 ( 53,  1)   vdiff=  1.4389E-01 ( 58, 15)
n=  1270   udiff=  1.5929E-01 ( 53,  1)   vdiff=  1.4356E-01 ( 58, 15)
n=  1271   udiff=  1.5883E-01 ( 53,  1)   vdiff=  1.4322E-01 ( 58, 15)
n=  1272   udiff=  1.5837E-01 ( 53,  1)   vdiff=  1.4289E-01 ( 58, 15)
n=  1273   udiff=  1.5791E-01 ( 53,  1)   vdiff=  1.4255E-01 ( 58, 15)
n=  1274   udiff=  1.5745E-01 ( 53,  1)   vdiff=  1.4222E-01 ( 58, 15)
n=  1275   udiff=  1.5699E-01 ( 53,  1)   vdiff=  1.4188E-01 ( 58, 15)
n=  1276   udiff=  1.5653E-01 ( 53,  1)   vdiff=  1.4155E-01 ( 58, 15)
n=  1277   udiff=  1.5607E-01 ( 53,  1)   vdiff=  1.4121E-01 ( 58, 15)
n=  1278   udiff=  1.5561E-01 ( 53,  1)   vdiff=  1.4087E-01 ( 58, 15)
n=  1279   udiff=  1.5514E-01 ( 53,  1)   vdiff=  1.4054E-01 ( 58, 15)
n=  1280   udiff=  1.5468E-01 ( 53,  1)   vdiff=  1.4020E-01 ( 58, 15)
n=  1281   udiff=  1.5422E-01 ( 53,  1)   vdiff=  1.3986E-01 ( 58, 15)
n=  1282   udiff=  1.5376E-01 ( 53,  1)   vdiff=  1.3952E-01 ( 58, 15)
n=  1283   udiff=  1.5330E-01 ( 53,  1)   vdiff=  1.3919E-01 ( 58, 15)
n=  1284   udiff=  1.5284E-01 ( 53,  1)   vdiff=  1.3884E-01 ( 58, 15)
n=  1285   udiff=  1.5238E-01 ( 53,  1)   vdiff=  1.3851E-01 ( 58, 15)
n=  1286   udiff=  1.5192E-01 ( 53,  1)   vdiff=  1.3817E-01 ( 58, 15)
n=  1287   udiff=  1.5146E-01 ( 53,  1)   vdiff=  1.3783E-01 ( 58, 15)
n=  1288   udiff=  1.5100E-01 ( 53,  1)   vdiff=  1.3749E-01 ( 58, 15)
n=  1289   udiff=  1.5054E-01 ( 53,  1)   vdiff=  1.3715E-01 ( 58, 15)
n=  1290   udiff=  1.5008E-01 ( 53,  1)   vdiff=  1.3681E-01 ( 58, 15)
n=  1291   udiff=  1.4962E-01 ( 53,  1)   vdiff=  1.3647E-01 ( 58, 15)
n=  1292   udiff=  1.4916E-01 ( 53,  1)   vdiff=  1.3612E-01 ( 58, 15)
n=  1293   udiff=  1.4870E-01 ( 53,  1)   vdiff=  1.3579E-01 ( 58, 15)
n=  1294   udiff=  1.4824E-01 ( 53,  1)   vdiff=  1.3545E-01 ( 58, 15)
n=  1295   udiff=  1.4779E-01 ( 53,  1)   vdiff=  1.3510E-01 ( 58, 15)
n=  1296   udiff=  1.4733E-01 ( 53,  1)   vdiff=  1.3476E-01 ( 58, 15)
n=  1297   udiff=  1.4687E-01 ( 53,  1)   vdiff=  1.3442E-01 ( 58, 15)
n=  1298   udiff=  1.4641E-01 ( 53,  1)   vdiff=  1.3407E-01 ( 58, 15)
n=  1299   udiff=  1.4595E-01 ( 53,  1)   vdiff=  1.3373E-01 ( 58, 15)
n=  1300   udiff=  1.4549E-01 ( 53,  1)   vdiff=  1.3339E-01 ( 58, 15)
n=  1301   udiff=  1.4504E-01 ( 53,  1)   vdiff=  1.3305E-01 ( 58, 15)
n=  1302   udiff=  1.4458E-01 ( 53,  1)   vdiff=  1.3270E-01 ( 58, 15)
n=  1303   udiff=  1.4412E-01 ( 53,  1)   vdiff=  1.3236E-01 ( 58, 15)
n=  1304   udiff=  1.4366E-01 ( 53,  1)   vdiff=  1.3201E-01 ( 58, 15)
n=  1305   udiff=  1.4321E-01 ( 54,  1)   vdiff=  1.3167E-01 ( 58, 15)
n=  1306   udiff=  1.4278E-01 ( 54,  1)   vdiff=  1.3132E-01 ( 58, 15)
n=  1307   udiff=  1.4235E-01 ( 54,  1)   vdiff=  1.3098E-01 ( 58, 15)
n=  1308   udiff=  1.4191E-01 ( 54,  1)   vdiff=  1.3064E-01 ( 58, 15)
n=  1309   udiff=  1.4148E-01 ( 54,  1)   vdiff=  1.3029E-01 ( 58, 15)
n=  1310   udiff=  1.4105E-01 ( 54,  1)   vdiff=  1.2994E-01 ( 58, 15)
n=  1311   udiff=  1.4062E-01 ( 54,  1)   vdiff=  1.2960E-01 ( 58, 15)
n=  1312   udiff=  1.4019E-01 ( 54,  1)   vdiff=  1.2926E-01 ( 58, 15)
n=  1313   udiff=  1.3975E-01 ( 54,  1)   vdiff=  1.2891E-01 ( 58, 15)
n=  1314   udiff=  1.3932E-01 ( 54,  1)   vdiff=  1.2857E-01 ( 58, 15)
n=  1315   udiff=  1.3889E-01 ( 54,  1)   vdiff=  1.2822E-01 ( 58, 15)
n=  1316   udiff=  1.3846E-01 ( 54,  1)   vdiff=  1.2788E-01 ( 58, 15)
n=  1317   udiff=  1.3803E-01 ( 54,  1)   vdiff=  1.2752E-01 ( 58, 15)
n=  1318   udiff=  1.3760E-01 ( 54,  1)   vdiff=  1.2718E-01 ( 58, 15)
n=  1319   udiff=  1.3717E-01 ( 54,  1)   vdiff=  1.2684E-01 ( 58, 15)
n=  1320   udiff=  1.3674E-01 ( 54,  1)   vdiff=  1.2649E-01 ( 58, 15)
n=  1321   udiff=  1.3631E-01 ( 54,  1)   vdiff=  1.2615E-01 ( 58, 15)
n=  1322   udiff=  1.3588E-01 ( 54,  1)   vdiff=  1.2579E-01 ( 58, 15)
n=  1323   udiff=  1.3545E-01 ( 54,  1)   vdiff=  1.2545E-01 ( 58, 15)
n=  1324   udiff=  1.3502E-01 ( 54,  1)   vdiff=  1.2510E-01 ( 58, 15)
n=  1325   udiff=  1.3459E-01 ( 54,  1)   vdiff=  1.2476E-01 ( 58, 15)
n=  1326   udiff=  1.3416E-01 ( 54,  1)   vdiff=  1.2441E-01 ( 58, 15)
n=  1327   udiff=  1.3373E-01 ( 54,  1)   vdiff=  1.2406E-01 ( 58, 15)
n=  1328   udiff=  1.3330E-01 ( 54,  1)   vdiff=  1.2372E-01 ( 58, 15)
n=  1329   udiff=  1.3287E-01 ( 54,  1)   vdiff=  1.2337E-01 ( 58, 15)
n=  1330   udiff=  1.3244E-01 ( 54,  1)   vdiff=  1.2303E-01 ( 58, 15)
n=  1331   udiff=  1.3202E-01 ( 54,  1)   vdiff=  1.2268E-01 ( 58, 15)
n=  1332   udiff=  1.3159E-01 ( 54,  1)   vdiff=  1.2234E-01 ( 58, 15)
n=  1333   udiff=  1.3116E-01 ( 54,  1)   vdiff=  1.2199E-01 ( 58, 15)
n=  1334   udiff=  1.3074E-01 ( 54,  1)   vdiff=  1.2164E-01 ( 58, 15)
n=  1335   udiff=  1.3031E-01 ( 54,  1)   vdiff=  1.2130E-01 ( 58, 15)
n=  1336   udiff=  1.2988E-01 ( 54,  1)   vdiff=  1.2095E-01 ( 58, 15)
n=  1337   udiff=  1.2946E-01 ( 54,  1)   vdiff=  1.2060E-01 ( 58, 15)
n=  1338   udiff=  1.2903E-01 ( 54,  1)   vdiff=  1.2025E-01 ( 58, 15)
n=  1339   udiff=  1.2861E-01 ( 54,  1)   vdiff=  1.1991E-01 ( 58, 15)
n=  1340   udiff=  1.2818E-01 ( 54,  1)   vdiff=  1.1956E-01 ( 58, 15)
n=  1341   udiff=  1.2776E-01 ( 54,  1)   vdiff=  1.1921E-01 ( 58, 15)
n=  1342   udiff=  1.2733E-01 ( 54,  1)   vdiff=  1.1887E-01 ( 58, 15)
n=  1343   udiff=  1.2691E-01 ( 54,  1)   vdiff=  1.1852E-01 ( 58, 15)
n=  1344   udiff=  1.2649E-01 ( 54,  1)   vdiff=  1.1817E-01 ( 58, 15)
n=  1345   udiff=  1.2607E-01 ( 54,  1)   vdiff=  1.1783E-01 ( 58, 15)
n=  1346   udiff=  1.2564E-01 ( 54,  1)   vdiff=  1.1749E-01 ( 58, 15)
n=  1347   udiff=  1.2522E-01 ( 54,  1)   vdiff=  1.1714E-01 ( 58, 15)
n=  1348   udiff=  1.2480E-01 ( 54,  1)   vdiff=  1.1679E-01 ( 58, 15)
n=  1349   udiff=  1.2438E-01 ( 54,  1)   vdiff=  1.1645E-01 ( 58, 15)
n=  1350   udiff=  1.2396E-01 ( 54,  1)   vdiff=  1.1610E-01 ( 58, 15)
n=  1351   udiff=  1.2354E-01 ( 54,  1)   vdiff=  1.1575E-01 ( 58, 15)
n=  1352   udiff=  1.2312E-01 ( 54,  1)   vdiff=  1.1541E-01 ( 58, 15)
n=  1353   udiff=  1.2270E-01 ( 54,  1)   vdiff=  1.1507E-01 ( 58, 15)
n=  1354   udiff=  1.2228E-01 ( 54,  1)   vdiff=  1.1472E-01 ( 58, 15)
n=  1355   udiff=  1.2186E-01 ( 54,  1)   vdiff=  1.1438E-01 ( 58, 15)
n=  1356   udiff=  1.2144E-01 ( 54,  1)   vdiff=  1.1403E-01 ( 58, 15)
n=  1357   udiff=  1.2103E-01 ( 54,  1)   vdiff=  1.1369E-01 ( 58, 15)
n=  1358   udiff=  1.2063E-01 ( 55,  1)   vdiff=  1.1334E-01 ( 58, 15)
n=  1359   udiff=  1.2023E-01 ( 55,  1)   vdiff=  1.1300E-01 ( 58, 15)
n=  1360   udiff=  1.1983E-01 ( 55,  1)   vdiff=  1.1265E-01 ( 58, 15)
n=  1361   udiff=  1.1944E-01 ( 55,  1)   vdiff=  1.1231E-01 ( 58, 15)
n=  1362   udiff=  1.1904E-01 ( 55,  1)   vdiff=  1.1197E-01 ( 58, 15)
n=  1363   udiff=  1.1864E-01 ( 55,  1)   vdiff=  1.1162E-01 ( 58, 15)
n=  1364   udiff=  1.1825E-01 ( 55,  1)   vdiff=  1.1128E-01 ( 58, 15)
n=  1365   udiff=  1.1785E-01 ( 55,  1)   vdiff=  1.1094E-01 ( 58, 15)
n=  1366   udiff=  1.1746E-01 ( 55,  1)   vdiff=  1.1059E-01 ( 58, 15)
n=  1367   udiff=  1.1706E-01 ( 55,  1)   vdiff=  1.1025E-01 ( 58, 15)
n=  1368   udiff=  1.1667E-01 ( 55,  1)   vdiff=  1.0990E-01 ( 58, 15)
n=  1369   udiff=  1.1627E-01 ( 55,  1)   vdiff=  1.0956E-01 ( 58, 15)
n=  1370   udiff=  1.1588E-01 ( 55,  1)   vdiff=  1.0922E-01 ( 58, 15)
n=  1371   udiff=  1.1549E-01 ( 55,  1)   vdiff=  1.0888E-01 ( 58, 15)
n=  1372   udiff=  1.1510E-01 ( 55,  1)   vdiff=  1.0854E-01 ( 58, 15)
n=  1373   udiff=  1.1470E-01 ( 55,  1)   vdiff=  1.0820E-01 ( 58, 15)
n=  1374   udiff=  1.1431E-01 ( 55,  1)   vdiff=  1.0785E-01 ( 58, 15)
n=  1375   udiff=  1.1392E-01 ( 55,  1)   vdiff=  1.0751E-01 ( 58, 15)
n=  1376   udiff=  1.1353E-01 ( 55,  1)   vdiff=  1.0717E-01 ( 58, 15)
n=  1377   udiff=  1.1314E-01 ( 55,  1)   vdiff=  1.0683E-01 ( 58, 15)
n=  1378   udiff=  1.1275E-01 ( 55,  1)   vdiff=  1.0649E-01 ( 58, 15)
n=  1379   udiff=  1.1236E-01 ( 55,  1)   vdiff=  1.0615E-01 ( 58, 15)
n=  1380   udiff=  1.1197E-01 ( 55,  1)   vdiff=  1.0581E-01 ( 58, 15)
n=  1381   udiff=  1.1158E-01 ( 55,  1)   vdiff=  1.0547E-01 ( 58, 15)
n=  1382   udiff=  1.1120E-01 ( 55,  1)   vdiff=  1.0513E-01 ( 58, 15)
n=  1383   udiff=  1.1081E-01 ( 55,  1)   vdiff=  1.0479E-01 ( 58, 15)
n=  1384   udiff=  1.1042E-01 ( 55,  1)   vdiff=  1.0445E-01 ( 58, 15)
n=  1385   udiff=  1.1004E-01 ( 55,  1)   vdiff=  1.0411E-01 ( 58, 15)
n=  1386   udiff=  1.0965E-01 ( 55,  1)   vdiff=  1.0377E-01 ( 58, 15)
n=  1387   udiff=  1.0926E-01 ( 55,  1)   vdiff=  1.0344E-01 ( 58, 15)
n=  1388   udiff=  1.0888E-01 ( 55,  1)   vdiff=  1.0310E-01 ( 58, 15)
n=  1389   udiff=  1.0850E-01 ( 55,  1)   vdiff=  1.0276E-01 ( 58, 15)
n=  1390   udiff=  1.0811E-01 ( 55,  1)   vdiff=  1.0243E-01 ( 58, 15)
n=  1391   udiff=  1.0773E-01 ( 55,  1)   vdiff=  1.0209E-01 ( 58, 15)
n=  1392   udiff=  1.0735E-01 ( 55,  1)   vdiff=  1.0175E-01 ( 58, 15)
n=  1393   udiff=  1.0696E-01 ( 55,  1)   vdiff=  1.0142E-01 ( 58, 15)
n=  1394   udiff=  1.0658E-01 ( 55,  1)   vdiff=  1.0108E-01 ( 58, 15)
n=  1395   udiff=  1.0620E-01 ( 55,  1)   vdiff=  1.0074E-01 ( 58, 15)
n=  1396   udiff=  1.0582E-01 ( 55,  1)   vdiff=  1.0041E-01 ( 58, 15)
n=  1397   udiff=  1.0544E-01 ( 55,  1)   vdiff=  1.0007E-01 ( 58, 15)
n=  1398   udiff=  1.0506E-01 ( 55,  1)   vdiff=  9.9737E-02 ( 58, 15)
n=  1399   udiff=  1.0468E-01 ( 55,  1)   vdiff=  9.9408E-02 ( 58, 15)
n=  1400   udiff=  1.0430E-01 ( 55,  1)   vdiff=  9.9074E-02 ( 58, 15)
n=  1401   udiff=  1.0393E-01 ( 55,  1)   vdiff=  9.8739E-02 ( 58, 15)
n=  1402   udiff=  1.0355E-01 ( 55,  1)   vdiff=  9.8408E-02 ( 58, 15)
n=  1403   udiff=  1.0317E-01 ( 55,  1)   vdiff=  9.8075E-02 ( 58, 15)
n=  1404   udiff=  1.0280E-01 ( 55,  1)   vdiff=  9.7742E-02 ( 58, 15)
n=  1405   udiff=  1.0242E-01 ( 55,  1)   vdiff=  9.7409E-02 ( 58, 15)
n=  1406   udiff=  1.0205E-01 ( 55,  1)   vdiff=  9.7078E-02 ( 58, 15)
n=  1407   udiff=  1.0167E-01 ( 55,  1)   vdiff=  9.6746E-02 ( 58, 15)
n=  1408   udiff=  1.0130E-01 ( 55,  1)   vdiff=  9.6417E-02 ( 58, 15)
n=  1409   udiff=  1.0093E-01 ( 55,  1)   vdiff=  9.6088E-02 ( 58, 15)
n=  1410   udiff=  1.0055E-01 ( 55,  1)   vdiff=  9.5761E-02 ( 58, 15)
n=  1411   udiff=  1.0018E-01 ( 55,  1)   vdiff=  9.5428E-02 ( 58, 15)
n=  1412   udiff=  9.9811E-02 ( 55,  1)   vdiff=  9.5097E-02 ( 58, 15)
n=  1413   udiff=  9.9456E-02 ( 56,  1)   vdiff=  9.4766E-02 ( 58, 15)
n=  1414   udiff=  9.9100E-02 ( 56,  1)   vdiff=  9.4444E-02 ( 58, 15)
n=  1415   udiff=  9.8746E-02 ( 56,  1)   vdiff=  9.4112E-02 ( 58, 15)
n=  1416   udiff=  9.8392E-02 ( 56,  1)   vdiff=  9.3784E-02 ( 58, 15)
n=  1417   udiff=  9.8039E-02 ( 56,  1)   vdiff=  9.3461E-02 ( 58, 15)
n=  1418   udiff=  9.7686E-02 ( 56,  1)   vdiff=  9.3134E-02 ( 58, 15)
n=  1419   udiff=  9.7334E-02 ( 56,  1)   vdiff=  9.2804E-02 ( 58, 15)
n=  1420   udiff=  9.6982E-02 ( 56,  1)   vdiff=  9.2480E-02 ( 58, 15)
n=  1421   udiff=  9.6631E-02 ( 56,  1)   vdiff=  9.2157E-02 ( 58, 15)
n=  1422   udiff=  9.6280E-02 ( 56,  1)   vdiff=  9.1828E-02 ( 58, 15)
n=  1423   udiff=  9.5930E-02 ( 56,  1)   vdiff=  9.1507E-02 ( 58, 15)
n=  1424   udiff=  9.5581E-02 ( 56,  1)   vdiff=  9.1183E-02 ( 58, 15)
n=  1425   udiff=  9.5232E-02 ( 56,  1)   vdiff=  9.0859E-02 ( 58, 15)
n=  1426   udiff=  9.4883E-02 ( 56,  1)   vdiff=  9.0533E-02 ( 58, 15)
n=  1427   udiff=  9.4536E-02 ( 56,  1)   vdiff=  9.0216E-02 ( 58, 15)
n=  1428   udiff=  9.4188E-02 ( 56,  1)   vdiff=  8.9888E-02 ( 58, 15)
n=  1429   udiff=  9.3842E-02 ( 56,  1)   vdiff=  8.9568E-02 ( 58, 15)
n=  1430   udiff=  9.3495E-02 ( 56,  1)   vdiff=  8.9246E-02 ( 58, 15)
n=  1431   udiff=  9.3150E-02 ( 56,  1)   vdiff=  8.8929E-02 ( 58, 15)
n=  1432   udiff=  9.2805E-02 ( 56,  1)   vdiff=  8.8608E-02 ( 58, 15)
n=  1433   udiff=  9.2461E-02 ( 56,  1)   vdiff=  8.8286E-02 ( 58, 15)
n=  1434   udiff=  9.2117E-02 ( 56,  1)   vdiff=  8.7967E-02 ( 58, 15)
n=  1435   udiff=  9.1774E-02 ( 56,  1)   vdiff=  8.7648E-02 ( 58, 15)
n=  1436   udiff=  9.1432E-02 ( 56,  1)   vdiff=  8.7333E-02 ( 58, 15)
n=  1437   udiff=  9.1090E-02 ( 56,  1)   vdiff=  8.7016E-02 ( 58, 15)
n=  1438   udiff=  9.0748E-02 ( 56,  1)   vdiff=  8.6696E-02 ( 58, 15)
n=  1439   udiff=  9.0407E-02 ( 56,  1)   vdiff=  8.6378E-02 ( 58, 15)
n=  1440   udiff=  9.0067E-02 ( 56,  1)   vdiff=  8.6063E-02 ( 58, 15)
n=  1441   udiff=  8.9727E-02 ( 56,  1)   vdiff=  8.5747E-02 ( 58, 15)
n=  1442   udiff=  8.9389E-02 ( 56,  1)   vdiff=  8.5430E-02 ( 58, 15)
n=  1443   udiff=  8.9050E-02 ( 56,  1)   vdiff=  8.5118E-02 ( 58, 15)
n=  1444   udiff=  8.8713E-02 ( 56,  1)   vdiff=  8.4805E-02 ( 58, 15)
n=  1445   udiff=  8.8376E-02 ( 56,  1)   vdiff=  8.4488E-02 ( 58, 15)
n=  1446   udiff=  8.8040E-02 ( 56,  1)   vdiff=  8.4179E-02 ( 58, 15)
n=  1447   udiff=  8.7704E-02 ( 56,  1)   vdiff=  8.3868E-02 ( 58, 15)
n=  1448   udiff=  8.7369E-02 ( 56,  1)   vdiff=  8.3554E-02 ( 58, 15)
n=  1449   udiff=  8.7035E-02 ( 56,  1)   vdiff=  8.3240E-02 ( 58, 15)
n=  1450   udiff=  8.6701E-02 ( 56,  1)   vdiff=  8.2927E-02 ( 58, 15)
n=  1451   udiff=  8.6368E-02 ( 56,  1)   vdiff=  8.2618E-02 ( 58, 15)
n=  1452   udiff=  8.6035E-02 ( 56,  1)   vdiff=  8.2308E-02 ( 58, 15)
n=  1453   udiff=  8.5703E-02 ( 56,  1)   vdiff=  8.2000E-02 ( 58, 15)
n=  1454   udiff=  8.5372E-02 ( 56,  1)   vdiff=  8.1690E-02 ( 58, 15)
n=  1455   udiff=  8.5042E-02 ( 56,  1)   vdiff=  8.1384E-02 ( 58, 15)
n=  1456   udiff=  8.4712E-02 ( 56,  1)   vdiff=  8.1072E-02 ( 58, 15)
n=  1457   udiff=  8.4383E-02 ( 56,  1)   vdiff=  8.0767E-02 ( 58, 15)
n=  1458   udiff=  8.4054E-02 ( 56,  1)   vdiff=  8.0460E-02 ( 58, 15)
n=  1459   udiff=  8.3727E-02 ( 56,  1)   vdiff=  8.0153E-02 ( 58, 15)
n=  1460   udiff=  8.3400E-02 ( 56,  1)   vdiff=  7.9848E-02 ( 58, 15)
n=  1461   udiff=  8.3073E-02 ( 56,  1)   vdiff=  7.9545E-02 ( 58, 15)
n=  1462   udiff=  8.2748E-02 ( 56,  1)   vdiff=  7.9238E-02 ( 58, 15)
n=  1463   udiff=  8.2422E-02 ( 56,  1)   vdiff=  7.8937E-02 ( 58, 15)
n=  1464   udiff=  8.2098E-02 ( 56,  1)   vdiff=  7.8636E-02 ( 58, 15)
n=  1465   udiff=  8.1774E-02 ( 56,  1)   vdiff=  7.8329E-02 ( 58, 15)
n=  1466   udiff=  8.1451E-02 ( 56,  1)   vdiff=  7.8029E-02 ( 58, 15)
n=  1467   udiff=  8.1129E-02 ( 56,  1)   vdiff=  7.7725E-02 ( 58, 15)
n=  1468   udiff=  8.0808E-02 ( 56,  1)   vdiff=  7.7424E-02 ( 58, 15)
n=  1469   udiff=  8.0493E-02 ( 57,  1)   vdiff=  7.7126E-02 ( 58, 15)
n=  1470   udiff=  8.0184E-02 ( 57,  1)   vdiff=  7.6824E-02 ( 58, 15)
n=  1471   udiff=  7.9877E-02 ( 57,  1)   vdiff=  7.6525E-02 ( 58, 15)
n=  1472   udiff=  7.9569E-02 ( 57,  1)   vdiff=  7.6226E-02 ( 58, 15)
n=  1473   udiff=  7.9262E-02 ( 57,  1)   vdiff=  7.5930E-02 ( 58, 15)
n=  1474   udiff=  7.8956E-02 ( 57,  1)   vdiff=  7.5647E-02 ( 59, 15)
n=  1475   udiff=  7.8651E-02 ( 57,  1)   vdiff=  7.5360E-02 ( 59, 15)
n=  1476   udiff=  7.8346E-02 ( 57,  1)   vdiff=  7.5078E-02 ( 59, 15)
n=  1477   udiff=  7.8042E-02 ( 57,  1)   vdiff=  7.4794E-02 ( 59, 15)
n=  1478   udiff=  7.7738E-02 ( 57,  1)   vdiff=  7.4516E-02 ( 59, 15)
n=  1479   udiff=  7.7435E-02 ( 57,  1)   vdiff=  7.4229E-02 ( 59, 15)
n=  1480   udiff=  7.7133E-02 ( 57,  1)   vdiff=  7.3952E-02 ( 59, 15)
n=  1481   udiff=  7.6831E-02 ( 57,  1)   vdiff=  7.3670E-02 ( 59, 15)
n=  1482   udiff=  7.6530E-02 ( 57,  1)   vdiff=  7.3388E-02 ( 59, 15)
n=  1483   udiff=  7.6229E-02 ( 57,  1)   vdiff=  7.3109E-02 ( 59, 15)
n=  1484   udiff=  7.5929E-02 ( 57,  1)   vdiff=  7.2833E-02 ( 59, 15)
n=  1485   udiff=  7.5630E-02 ( 57,  1)   vdiff=  7.2552E-02 ( 59, 15)
n=  1486   udiff=  7.5332E-02 ( 57,  1)   vdiff=  7.2271E-02 ( 59, 15)
n=  1487   udiff=  7.5034E-02 ( 57,  1)   vdiff=  7.1998E-02 ( 59, 15)
n=  1488   udiff=  7.4736E-02 ( 57,  1)   vdiff=  7.1718E-02 ( 59, 15)
n=  1489   udiff=  7.4440E-02 ( 57,  1)   vdiff=  7.1443E-02 ( 59, 15)
n=  1490   udiff=  7.4144E-02 ( 57,  1)   vdiff=  7.1165E-02 ( 59, 15)
n=  1491   udiff=  7.3849E-02 ( 57,  1)   vdiff=  7.0890E-02 ( 59, 15)
n=  1492   udiff=  7.3554E-02 ( 57,  1)   vdiff=  7.0615E-02 ( 59, 15)
n=  1493   udiff=  7.3260E-02 ( 57,  1)   vdiff=  7.0340E-02 ( 59, 15)
n=  1494   udiff=  7.2967E-02 ( 57,  1)   vdiff=  7.0066E-02 ( 59, 15)
n=  1495   udiff=  7.2674E-02 ( 57,  1)   vdiff=  6.9795E-02 ( 59, 15)
n=  1496   udiff=  7.2382E-02 ( 57,  1)   vdiff=  6.9524E-02 ( 59, 15)
n=  1497   udiff=  7.2091E-02 ( 57,  1)   vdiff=  6.9245E-02 ( 59, 15)
n=  1498   udiff=  7.1800E-02 ( 57,  1)   vdiff=  6.8975E-02 ( 59, 15)
n=  1499   udiff=  7.1510E-02 ( 57,  1)   vdiff=  6.8704E-02 ( 59, 15)
n=  1500   udiff=  7.1220E-02 ( 57,  1)   vdiff=  6.8435E-02 ( 59, 15)
n=  1501   udiff=  7.0932E-02 ( 57,  1)   vdiff=  6.8160E-02 ( 59, 15)
n=  1502   udiff=  7.0644E-02 ( 57,  1)   vdiff=  6.7896E-02 ( 59, 15)
n=  1503   udiff=  7.0356E-02 ( 57,  1)   vdiff=  6.7626E-02 ( 59, 15)
n=  1504   udiff=  7.0069E-02 ( 57,  1)   vdiff=  6.7356E-02 ( 59, 15)
n=  1505   udiff=  6.9784E-02 ( 57,  1)   vdiff=  6.7089E-02 ( 59, 15)
n=  1506   udiff=  6.9498E-02 ( 57,  1)   vdiff=  6.6826E-02 ( 59, 15)
n=  1507   udiff=  6.9214E-02 ( 57,  1)   vdiff=  6.6553E-02 ( 59, 15)
n=  1508   udiff=  6.8930E-02 ( 57,  1)   vdiff=  6.6289E-02 ( 59, 15)
n=  1509   udiff=  6.8647E-02 ( 57,  1)   vdiff=  6.6025E-02 ( 59, 15)
n=  1510   udiff=  6.8364E-02 ( 57,  1)   vdiff=  6.5760E-02 ( 59, 15)
n=  1511   udiff=  6.8082E-02 ( 57,  1)   vdiff=  6.5497E-02 ( 59, 15)
n=  1512   udiff=  6.7801E-02 ( 57,  1)   vdiff=  6.5230E-02 ( 59, 15)
n=  1513   udiff=  6.7521E-02 ( 57,  1)   vdiff=  6.4968E-02 ( 59, 15)
n=  1514   udiff=  6.7241E-02 ( 57,  1)   vdiff=  6.4706E-02 ( 59, 15)
n=  1515   udiff=  6.6962E-02 ( 57,  1)   vdiff=  6.4442E-02 ( 59, 15)
n=  1516   udiff=  6.6683E-02 ( 57,  1)   vdiff=  6.4182E-02 ( 59, 15)
n=  1517   udiff=  6.6405E-02 ( 57,  1)   vdiff=  6.3918E-02 ( 59, 15)
n=  1518   udiff=  6.6129E-02 ( 57,  1)   vdiff=  6.3661E-02 ( 59, 15)
n=  1519   udiff=  6.5852E-02 ( 57,  1)   vdiff=  6.3401E-02 ( 59, 15)
n=  1520   udiff=  6.5577E-02 ( 57,  1)   vdiff=  6.3139E-02 ( 59, 15)
n=  1521   udiff=  6.5302E-02 ( 57,  1)   vdiff=  6.2882E-02 ( 59, 15)
n=  1522   udiff=  6.5028E-02 ( 57,  1)   vdiff=  6.2626E-02 ( 59, 15)
n=  1523   udiff=  6.4754E-02 ( 57,  1)   vdiff=  6.2367E-02 ( 59, 15)
n=  1524   udiff=  6.4481E-02 ( 57,  1)   vdiff=  6.2111E-02 ( 59, 15)
n=  1525   udiff=  6.4210E-02 ( 58,  1)   vdiff=  6.1850E-02 ( 59, 15)
n=  1526   udiff=  6.3948E-02 ( 58,  1)   vdiff=  6.1598E-02 ( 59, 15)
n=  1527   udiff=  6.3686E-02 ( 58,  1)   vdiff=  6.1341E-02 ( 59, 15)
n=  1528   udiff=  6.3426E-02 ( 58,  1)   vdiff=  6.1088E-02 ( 59, 15)
n=  1529   udiff=  6.3165E-02 ( 58,  1)   vdiff=  6.0833E-02 ( 59, 15)
n=  1530   udiff=  6.2905E-02 ( 58,  1)   vdiff=  6.0582E-02 ( 59, 15)
n=  1531   udiff=  6.2646E-02 ( 58,  1)   vdiff=  6.0328E-02 ( 59, 15)
n=  1532   udiff=  6.2388E-02 ( 58,  1)   vdiff=  6.0077E-02 ( 59, 15)
n=  1533   udiff=  6.2130E-02 ( 58,  1)   vdiff=  5.9823E-02 ( 59, 15)
n=  1534   udiff=  6.1873E-02 ( 58,  1)   vdiff=  5.9578E-02 ( 59, 15)
n=  1535   udiff=  6.1616E-02 ( 58,  1)   vdiff=  5.9324E-02 ( 59, 15)
n=  1536   udiff=  6.1360E-02 ( 58,  1)   vdiff=  5.9075E-02 ( 59, 15)
n=  1537   udiff=  6.1105E-02 ( 58,  1)   vdiff=  5.8826E-02 ( 59, 15)
n=  1538   udiff=  6.0851E-02 ( 58,  1)   vdiff=  5.8577E-02 ( 59, 15)
n=  1539   udiff=  6.0596E-02 ( 58,  1)   vdiff=  5.8328E-02 ( 59, 15)
n=  1540   udiff=  6.0343E-02 ( 58,  1)   vdiff=  5.8081E-02 ( 59, 15)
n=  1541   udiff=  6.0090E-02 ( 58,  1)   vdiff=  5.7835E-02 ( 59, 15)
n=  1542   udiff=  5.9838E-02 ( 58,  1)   vdiff=  5.7591E-02 ( 59, 15)
n=  1543   udiff=  5.9587E-02 ( 58,  1)   vdiff=  5.7344E-02 ( 59, 15)
n=  1544   udiff=  5.9336E-02 ( 58,  1)   vdiff=  5.7096E-02 ( 59, 15)
n=  1545   udiff=  5.9086E-02 ( 58,  1)   vdiff=  5.6855E-02 ( 59, 15)
n=  1546   udiff=  5.8837E-02 ( 58,  1)   vdiff=  5.6615E-02 ( 59, 15)
n=  1547   udiff=  5.8588E-02 ( 58,  1)   vdiff=  5.6370E-02 ( 59, 15)
n=  1548   udiff=  5.8340E-02 ( 58,  1)   vdiff=  5.6128E-02 ( 59, 15)
n=  1549   udiff=  5.8092E-02 ( 58,  1)   vdiff=  5.5884E-02 ( 59, 15)
n=  1550   udiff=  5.7845E-02 ( 58,  1)   vdiff=  5.5647E-02 ( 59, 15)
n=  1551   udiff=  5.7599E-02 ( 58,  1)   vdiff=  5.5403E-02 ( 59, 15)
n=  1552   udiff=  5.7354E-02 ( 58,  1)   vdiff=  5.5166E-02 ( 59, 15)
n=  1553   udiff=  5.7109E-02 ( 58,  1)   vdiff=  5.4925E-02 ( 59, 15)
n=  1554   udiff=  5.6864E-02 ( 58,  1)   vdiff=  5.4689E-02 ( 59, 15)
n=  1555   udiff=  5.6621E-02 ( 58,  1)   vdiff=  5.4448E-02 ( 59, 15)
n=  1556   udiff=  5.6378E-02 ( 58,  1)   vdiff=  5.4214E-02 ( 59, 15)
n=  1557   udiff=  5.6136E-02 ( 58,  1)   vdiff=  5.3973E-02 ( 59, 15)
n=  1558   udiff=  5.5894E-02 ( 58,  1)   vdiff=  5.3740E-02 ( 59, 15)
n=  1559   udiff=  5.5653E-02 ( 58,  1)   vdiff=  5.3503E-02 ( 59, 15)
n=  1560   udiff=  5.5413E-02 ( 58,  1)   vdiff=  5.3267E-02 ( 59, 15)
n=  1561   udiff=  5.5173E-02 ( 58,  1)   vdiff=  5.3037E-02 ( 59, 15)
n=  1562   udiff=  5.4934E-02 ( 58,  1)   vdiff=  5.2799E-02 ( 59, 15)
n=  1563   udiff=  5.4696E-02 ( 58,  1)   vdiff=  5.2567E-02 ( 59, 15)
n=  1564   udiff=  5.4458E-02 ( 58,  1)   vdiff=  5.2334E-02 ( 59, 15)
n=  1565   udiff=  5.4221E-02 ( 58,  1)   vdiff=  5.2105E-02 ( 59, 15)
n=  1566   udiff=  5.3985E-02 ( 58,  1)   vdiff=  5.1874E-02 ( 59, 15)
n=  1567   udiff=  5.3749E-02 ( 58,  1)   vdiff=  5.1647E-02 ( 59, 15)
n=  1568   udiff=  5.3514E-02 ( 58,  1)   vdiff=  5.1412E-02 ( 59, 15)
n=  1569   udiff=  5.3280E-02 ( 58,  1)   vdiff=  5.1187E-02 ( 59, 15)
n=  1570   udiff=  5.3046E-02 ( 58,  1)   vdiff=  5.0956E-02 ( 59, 15)
n=  1571   udiff=  5.2813E-02 ( 58,  1)   vdiff=  5.0728E-02 ( 59, 15)
n=  1572   udiff=  5.2581E-02 ( 58,  1)   vdiff=  5.0500E-02 ( 59, 15)
n=  1573   udiff=  5.2349E-02 ( 58,  1)   vdiff=  5.0275E-02 ( 59, 15)
n=  1574   udiff=  5.2118E-02 ( 58,  1)   vdiff=  5.0046E-02 ( 59, 15)
n=  1575   udiff=  5.1888E-02 ( 58,  1)   vdiff=  4.9820E-02 ( 59, 15)
n=  1576   udiff=  5.1658E-02 ( 58,  1)   vdiff=  4.9600E-02 ( 59, 15)
n=  1577   udiff=  5.1429E-02 ( 58,  1)   vdiff=  4.9371E-02 ( 59, 15)
n=  1578   udiff=  5.1201E-02 ( 58,  1)   vdiff=  4.9149E-02 ( 59, 15)
n=  1579   udiff=  5.0973E-02 ( 58,  1)   vdiff=  4.8932E-02 ( 59, 15)
n=  1580   udiff=  5.0750E-02 ( 59,  1)   vdiff=  4.8708E-02 ( 59, 15)
n=  1581   udiff=  5.0531E-02 ( 59,  1)   vdiff=  4.8482E-02 ( 59, 15)
n=  1582   udiff=  5.0313E-02 ( 59,  1)   vdiff=  4.8264E-02 ( 59, 15)
n=  1583   udiff=  5.0095E-02 ( 59,  1)   vdiff=  4.8042E-02 ( 59, 15)
n=  1584   udiff=  4.9877E-02 ( 59,  1)   vdiff=  4.7823E-02 ( 59, 15)
n=  1585   udiff=  4.9661E-02 ( 59,  1)   vdiff=  4.7607E-02 ( 59, 15)
n=  1586   udiff=  4.9445E-02 ( 59,  1)   vdiff=  4.7386E-02 ( 59, 15)
n=  1587   udiff=  4.9229E-02 ( 59,  1)   vdiff=  4.7170E-02 ( 59, 15)
n=  1588   udiff=  4.9014E-02 ( 59,  1)   vdiff=  4.6955E-02 ( 59, 15)
n=  1589   udiff=  4.8800E-02 ( 59,  1)   vdiff=  4.6734E-02 ( 59, 15)
n=  1590   udiff=  4.8587E-02 ( 59,  1)   vdiff=  4.6519E-02 ( 59, 15)
n=  1591   udiff=  4.8373E-02 ( 59,  1)   vdiff=  4.6307E-02 ( 59, 15)
n=  1592   udiff=  4.8161E-02 ( 59,  1)   vdiff=  4.6092E-02 ( 59, 15)
n=  1593   udiff=  4.7949E-02 ( 59,  1)   vdiff=  4.5875E-02 ( 59, 15)
n=  1594   udiff=  4.7738E-02 ( 59,  1)   vdiff=  4.5666E-02 ( 59, 15)
n=  1595   udiff=  4.7527E-02 ( 59,  1)   vdiff=  4.5453E-02 ( 59, 15)
n=  1596   udiff=  4.7317E-02 ( 59,  1)   vdiff=  4.5238E-02 ( 59, 15)
n=  1597   udiff=  4.7108E-02 ( 59,  1)   vdiff=  4.5026E-02 ( 59, 15)
n=  1598   udiff=  4.6899E-02 ( 59,  1)   vdiff=  4.4818E-02 ( 59, 15)
n=  1599   udiff=  4.6691E-02 ( 59,  1)   vdiff=  4.4608E-02 ( 59, 15)
n=  1600   udiff=  4.6483E-02 ( 59,  1)   vdiff=  4.4394E-02 ( 59, 15)
n=  1601   udiff=  4.6277E-02 ( 59,  1)   vdiff=  4.4184E-02 ( 59, 15)
n=  1602   udiff=  4.6070E-02 ( 59,  1)   vdiff=  4.3979E-02 ( 59, 15)
n=  1603   udiff=  4.5864E-02 ( 59,  1)   vdiff=  4.3770E-02 ( 59, 15)
n=  1604   udiff=  4.5659E-02 ( 59,  1)   vdiff=  4.3566E-02 ( 59, 15)
n=  1605   udiff=  4.5455E-02 ( 59,  1)   vdiff=  4.3361E-02 ( 59, 15)
n=  1606   udiff=  4.5251E-02 ( 59,  1)   vdiff=  4.3156E-02 ( 59, 15)
n=  1607   udiff=  4.5047E-02 ( 59,  1)   vdiff=  4.2950E-02 ( 59, 15)
n=  1608   udiff=  4.4845E-02 ( 59,  1)   vdiff=  4.2744E-02 ( 59, 15)
n=  1609   udiff=  4.4643E-02 ( 59,  1)   vdiff=  4.2542E-02 ( 59, 15)
n=  1610   udiff=  4.4441E-02 ( 59,  1)   vdiff=  4.2337E-02 ( 59, 15)
n=  1611   udiff=  4.4240E-02 ( 59,  1)   vdiff=  4.2135E-02 ( 59, 15)
n=  1612   udiff=  4.4040E-02 ( 59,  1)   vdiff=  4.1934E-02 ( 59, 15)
n=  1613   udiff=  4.3840E-02 ( 59,  1)   vdiff=  4.1730E-02 ( 59, 15)
n=  1614   udiff=  4.3641E-02 ( 59,  1)   vdiff=  4.1531E-02 ( 59, 15)
n=  1615   udiff=  4.3443E-02 ( 59,  1)   vdiff=  4.1335E-02 ( 59, 15)
n=  1616   udiff=  4.3245E-02 ( 59,  1)   vdiff=  4.1131E-02 ( 59, 15)
n=  1617   udiff=  4.3048E-02 ( 59,  1)   vdiff=  4.0936E-02 ( 59, 15)
n=  1618   udiff=  4.2851E-02 ( 59,  1)   vdiff=  4.0736E-02 ( 59, 15)
n=  1619   udiff=  4.2655E-02 ( 59,  1)   vdiff=  4.0540E-02 ( 59, 15)
n=  1620   udiff=  4.2460E-02 ( 59,  1)   vdiff=  4.0346E-02 ( 59, 15)
n=  1621   udiff=  4.2265E-02 ( 59,  1)   vdiff=  4.0148E-02 ( 59, 15)
n=  1622   udiff=  4.2071E-02 ( 59,  1)   vdiff=  3.9950E-02 ( 59, 15)
n=  1623   udiff=  4.1877E-02 ( 59,  1)   vdiff=  3.9756E-02 ( 59, 15)
n=  1624   udiff=  4.1685E-02 ( 59,  1)   vdiff=  3.9561E-02 ( 59, 15)
n=  1625   udiff=  4.1492E-02 ( 59,  1)   vdiff=  3.9367E-02 ( 59, 15)
n=  1626   udiff=  4.1300E-02 ( 59,  1)   vdiff=  3.9179E-02 ( 59, 15)
n=  1627   udiff=  4.1109E-02 ( 59,  1)   vdiff=  3.8983E-02 ( 59, 15)
n=  1628   udiff=  4.0919E-02 ( 59,  1)   vdiff=  3.8788E-02 ( 59, 15)
n=  1629   udiff=  4.0729E-02 ( 59,  1)   vdiff=  3.8603E-02 ( 59, 15)
n=  1630   udiff=  4.0539E-02 ( 59,  1)   vdiff=  3.8410E-02 ( 59, 15)
n=  1631   udiff=  4.0354E-02 ( 60,  1)   vdiff=  3.8217E-02 ( 59, 15)
n=  1632   udiff=  4.0172E-02 ( 60,  1)   vdiff=  3.8030E-02 ( 59, 15)
n=  1633   udiff=  3.9990E-02 ( 60,  1)   vdiff=  3.7842E-02 ( 59, 15)
n=  1634   udiff=  3.9809E-02 ( 60,  1)   vdiff=  3.7654E-02 ( 59, 15)
n=  1635   udiff=  3.9629E-02 ( 60,  1)   vdiff=  3.7471E-02 ( 59, 15)
n=  1636   udiff=  3.9449E-02 ( 60,  1)   vdiff=  3.7282E-02 ( 59, 15)
n=  1637   udiff=  3.9269E-02 ( 60,  1)   vdiff=  3.7099E-02 ( 59, 15)
n=  1638   udiff=  3.9090E-02 ( 60,  1)   vdiff=  3.6907E-02 ( 59, 15)
n=  1639   udiff=  3.8912E-02 ( 60,  1)   vdiff=  3.6725E-02 ( 59, 15)
n=  1640   udiff=  3.8734E-02 ( 60,  1)   vdiff=  3.6543E-02 ( 59, 15)
n=  1641   udiff=  3.8557E-02 ( 60,  1)   vdiff=  3.6358E-02 ( 59, 15)
n=  1642   udiff=  3.8380E-02 ( 60,  1)   vdiff=  3.6175E-02 ( 59, 15)
n=  1643   udiff=  3.8204E-02 ( 60,  1)   vdiff=  3.5992E-02 ( 59, 15)
n=  1644   udiff=  3.8029E-02 ( 60,  1)   vdiff=  3.5808E-02 ( 59, 15)
n=  1645   udiff=  3.7853E-02 ( 60,  1)   vdiff=  3.5627E-02 ( 59, 15)
n=  1646   udiff=  3.7679E-02 ( 60,  1)   vdiff=  3.5446E-02 ( 59, 15)
n=  1647   udiff=  3.7505E-02 ( 60,  1)   vdiff=  3.5270E-02 ( 59, 15)
n=  1648   udiff=  3.7332E-02 ( 60,  1)   vdiff=  3.5089E-02 ( 59, 15)
n=  1649   udiff=  3.7159E-02 ( 60,  1)   vdiff=  3.4909E-02 ( 59, 15)
n=  1650   udiff=  3.6987E-02 ( 60,  1)   vdiff=  3.4736E-02 ( 59, 15)
n=  1651   udiff=  3.6815E-02 ( 60,  1)   vdiff=  3.4556E-02 ( 59, 15)
n=  1652   udiff=  3.6644E-02 ( 60,  1)   vdiff=  3.4378E-02 ( 59, 15)
n=  1653   udiff=  3.6473E-02 ( 60,  1)   vdiff=  3.4202E-02 ( 59, 15)
n=  1654   udiff=  3.6303E-02 ( 60,  1)   vdiff=  3.4031E-02 ( 59, 15)
n=  1655   udiff=  3.6134E-02 ( 60,  1)   vdiff=  3.3855E-02 ( 59, 15)
n=  1656   udiff=  3.5964E-02 ( 60,  1)   vdiff=  3.3679E-02 ( 59, 15)
n=  1657   udiff=  3.5796E-02 ( 60,  1)   vdiff=  3.3506E-02 ( 59, 15)
n=  1658   udiff=  3.5628E-02 ( 60,  1)   vdiff=  3.3327E-02 ( 59, 15)
n=  1659   udiff=  3.5461E-02 ( 60,  1)   vdiff=  3.3158E-02 ( 59, 15)
n=  1660   udiff=  3.5294E-02 ( 60,  1)   vdiff=  3.2987E-02 ( 59, 15)
n=  1661   udiff=  3.5128E-02 ( 60,  1)   vdiff=  3.2821E-02 ( 59, 15)
n=  1662   udiff=  3.4962E-02 ( 60,  1)   vdiff=  3.2647E-02 ( 59, 15)
n=  1663   udiff=  3.4797E-02 ( 60,  1)   vdiff=  3.2472E-02 ( 59, 15)
n=  1664   udiff=  3.4632E-02 ( 60,  1)   vdiff=  3.2303E-02 ( 59, 15)
n=  1665   udiff=  3.4468E-02 ( 60,  1)   vdiff=  3.2136E-02 ( 59, 15)
n=  1666   udiff=  3.4305E-02 ( 60,  1)   vdiff=  3.1969E-02 ( 59, 15)
n=  1667   udiff=  3.4142E-02 ( 60,  1)   vdiff=  3.1802E-02 ( 59, 15)
n=  1668   udiff=  3.3979E-02 ( 60,  1)   vdiff=  3.1634E-02 ( 59, 15)
n=  1669   udiff=  3.3817E-02 ( 60,  1)   vdiff=  3.1471E-02 ( 59, 15)
n=  1670   udiff=  3.3656E-02 ( 60,  1)   vdiff=  3.1305E-02 ( 59, 15)
n=  1671   udiff=  3.3495E-02 ( 60,  1)   vdiff=  3.1139E-02 ( 59, 15)
n=  1672   udiff=  3.3335E-02 ( 60,  1)   vdiff=  3.0973E-02 ( 59, 15)
n=  1673   udiff=  3.3175E-02 ( 60,  1)   vdiff=  3.0806E-02 ( 59, 15)
n=  1674   udiff=  3.3016E-02 ( 60,  1)   vdiff=  3.0645E-02 ( 59, 15)
n=  1675   udiff=  3.2857E-02 ( 60,  1)   vdiff=  3.0481E-02 ( 59, 15)
n=  1676   udiff=  3.2699E-02 ( 60,  1)   vdiff=  3.0321E-02 ( 59, 15)
n=  1677   udiff=  3.2543E-02 ( 61,  1)   vdiff=  3.0155E-02 ( 59, 15)
n=  1678   udiff=  3.2391E-02 ( 61,  1)   vdiff=  2.9996E-02 ( 59, 15)
n=  1679   udiff=  3.2239E-02 ( 61,  1)   vdiff=  2.9837E-02 ( 59, 15)
n=  1680   udiff=  3.2088E-02 ( 61,  1)   vdiff=  2.9679E-02 ( 59, 15)
n=  1681   udiff=  3.1937E-02 ( 61,  1)   vdiff=  2.9518E-02 ( 59, 15)
n=  1682   udiff=  3.1787E-02 ( 61,  1)   vdiff=  2.9356E-02 ( 59, 15)
n=  1683   udiff=  3.1637E-02 ( 61,  1)   vdiff=  2.9202E-02 ( 59, 15)
n=  1684   udiff=  3.1488E-02 ( 61,  1)   vdiff=  2.9043E-02 ( 59, 15)
n=  1685   udiff=  3.1339E-02 ( 61,  1)   vdiff=  2.8888E-02 ( 59, 15)
n=  1686   udiff=  3.1191E-02 ( 61,  1)   vdiff=  2.8730E-02 ( 59, 15)
n=  1687   udiff=  3.1044E-02 ( 61,  1)   vdiff=  2.8575E-02 ( 59, 15)
n=  1688   udiff=  3.0896E-02 ( 61,  1)   vdiff=  2.8422E-02 ( 59, 15)
n=  1689   udiff=  3.0750E-02 ( 61,  1)   vdiff=  2.8266E-02 ( 59, 15)
n=  1690   udiff=  3.0604E-02 ( 61,  1)   vdiff=  2.8113E-02 ( 59, 15)
n=  1691   udiff=  3.0458E-02 ( 61,  1)   vdiff=  2.7957E-02 ( 59, 15)
n=  1692   udiff=  3.0313E-02 ( 61,  1)   vdiff=  2.7805E-02 ( 59, 15)
n=  1693   udiff=  3.0168E-02 ( 61,  1)   vdiff=  2.7651E-02 ( 59, 15)
n=  1694   udiff=  3.0023E-02 ( 61,  1)   vdiff=  2.7503E-02 ( 59, 15)
n=  1695   udiff=  2.9880E-02 ( 61,  1)   vdiff=  2.7348E-02 ( 59, 15)
n=  1696   udiff=  2.9736E-02 ( 61,  1)   vdiff=  2.7198E-02 ( 59, 15)
n=  1697   udiff=  2.9594E-02 ( 61,  1)   vdiff=  2.7050E-02 ( 59, 15)
n=  1698   udiff=  2.9451E-02 ( 61,  1)   vdiff=  2.6901E-02 ( 59, 15)
n=  1699   udiff=  2.9310E-02 ( 61,  1)   vdiff=  2.6752E-02 ( 59, 15)
n=  1700   udiff=  2.9168E-02 ( 61,  1)   vdiff=  2.6604E-02 ( 59, 15)
n=  1701   udiff=  2.9027E-02 ( 61,  1)   vdiff=  2.6457E-02 ( 59, 15)
n=  1702   udiff=  2.8887E-02 ( 61,  1)   vdiff=  2.6310E-02 ( 59, 15)
n=  1703   udiff=  2.8747E-02 ( 61,  1)   vdiff=  2.6160E-02 ( 59, 15)
n=  1704   udiff=  2.8607E-02 ( 61,  1)   vdiff=  2.6019E-02 ( 59, 15)
n=  1705   udiff=  2.8468E-02 ( 61,  1)   vdiff=  2.5871E-02 ( 59, 15)
n=  1706   udiff=  2.8330E-02 ( 61,  1)   vdiff=  2.5725E-02 ( 59, 15)
n=  1707   udiff=  2.8192E-02 ( 61,  1)   vdiff=  2.5579E-02 ( 59, 15)
n=  1708   udiff=  2.8054E-02 ( 61,  1)   vdiff=  2.5436E-02 ( 59, 15)
n=  1709   udiff=  2.7917E-02 ( 61,  1)   vdiff=  2.5292E-02 ( 59, 15)
n=  1710   udiff=  2.7781E-02 ( 61,  1)   vdiff=  2.5153E-02 ( 59, 15)
n=  1711   udiff=  2.7645E-02 ( 61,  1)   vdiff=  2.5012E-02 ( 59, 15)
n=  1712   udiff=  2.7509E-02 ( 61,  1)   vdiff=  2.4874E-02 ( 59, 15)
n=  1713   udiff=  2.7374E-02 ( 61,  1)   vdiff=  2.4727E-02 ( 59, 15)
n=  1714   udiff=  2.7240E-02 ( 61,  1)   vdiff=  2.4587E-02 ( 59, 15)
n=  1715   udiff=  2.7105E-02 ( 61,  1)   vdiff=  2.4450E-02 ( 59, 15)
n=  1716   udiff=  2.6972E-02 ( 61,  1)   vdiff=  2.4311E-02 ( 59, 15)
n=  1717   udiff=  2.6838E-02 ( 61,  1)   vdiff=  2.4172E-02 ( 59, 15)
n=  1718   udiff=  2.6706E-02 ( 62,  1)   vdiff=  2.4029E-02 ( 59, 15)
n=  1719   udiff=  2.6578E-02 ( 62,  1)   vdiff=  2.3894E-02 ( 59, 15)
n=  1720   udiff=  2.6450E-02 ( 62,  1)   vdiff=  2.3758E-02 ( 59, 15)
n=  1721   udiff=  2.6323E-02 ( 62,  1)   vdiff=  2.3623E-02 ( 59, 15)
n=  1722   udiff=  2.6197E-02 ( 62,  1)   vdiff=  2.3485E-02 ( 59, 15)
n=  1723   udiff=  2.6070E-02 ( 62,  1)   vdiff=  2.3349E-02 ( 59, 15)
n=  1724   udiff=  2.5944E-02 ( 62,  1)   vdiff=  2.3219E-02 ( 59, 15)
n=  1725   udiff=  2.5819E-02 ( 62,  1)   vdiff=  2.3082E-02 ( 59, 15)
n=  1726   udiff=  2.5694E-02 ( 62,  1)   vdiff=  2.2949E-02 ( 59, 15)
n=  1727   udiff=  2.5569E-02 ( 62,  1)   vdiff=  2.2815E-02 ( 59, 15)
n=  1728   udiff=  2.5445E-02 ( 62,  1)   vdiff=  2.2684E-02 ( 59, 15)
n=  1729   udiff=  2.5321E-02 ( 62,  1)   vdiff=  2.2548E-02 ( 59, 15)
n=  1730   udiff=  2.5198E-02 ( 62,  1)   vdiff=  2.2418E-02 ( 59, 15)
n=  1731   udiff=  2.5075E-02 ( 62,  1)   vdiff=  2.2287E-02 ( 59, 15)
n=  1732   udiff=  2.4952E-02 ( 62,  1)   vdiff=  2.2156E-02 ( 59, 15)
n=  1733   udiff=  2.4830E-02 ( 62,  1)   vdiff=  2.2027E-02 ( 59, 15)
n=  1734   udiff=  2.4709E-02 ( 62,  1)   vdiff=  2.1899E-02 ( 59, 15)
n=  1735   udiff=  2.4587E-02 ( 62,  1)   vdiff=  2.1767E-02 ( 59, 15)
n=  1736   udiff=  2.4467E-02 ( 62,  1)   vdiff=  2.1642E-02 ( 59, 15)
n=  1737   udiff=  2.4346E-02 ( 62,  1)   vdiff=  2.1514E-02 ( 59, 15)
n=  1738   udiff=  2.4226E-02 ( 62,  1)   vdiff=  2.1385E-02 ( 59, 15)
n=  1739   udiff=  2.4107E-02 ( 62,  1)   vdiff=  2.1258E-02 ( 59, 15)
n=  1740   udiff=  2.3988E-02 ( 62,  1)   vdiff=  2.1134E-02 ( 59, 15)
n=  1741   udiff=  2.3869E-02 ( 62,  1)   vdiff=  2.1006E-02 ( 59, 15)
n=  1742   udiff=  2.3751E-02 ( 62,  1)   vdiff=  2.0884E-02 ( 59, 15)
n=  1743   udiff=  2.3633E-02 ( 62,  1)   vdiff=  2.0755E-02 ( 59, 15)
n=  1744   udiff=  2.3516E-02 ( 62,  1)   vdiff=  2.0633E-02 ( 59, 15)
n=  1745   udiff=  2.3399E-02 ( 62,  1)   vdiff=  2.0510E-02 ( 59, 15)
n=  1746   udiff=  2.3282E-02 ( 62,  1)   vdiff=  2.0387E-02 ( 59, 15)
n=  1747   udiff=  2.3166E-02 ( 62,  1)   vdiff=  2.0265E-02 ( 59, 15)
n=  1748   udiff=  2.3051E-02 ( 62,  1)   vdiff=  2.0142E-02 ( 59, 15)
n=  1749   udiff=  2.2935E-02 ( 62,  1)   vdiff=  2.0019E-02 ( 59, 15)
n=  1750   udiff=  2.2820E-02 ( 62,  1)   vdiff=  1.9898E-02 ( 59, 15)
n=  1751   udiff=  2.2706E-02 ( 62,  1)   vdiff=  1.9777E-02 ( 59, 15)
n=  1752   udiff=  2.2592E-02 ( 62,  1)   vdiff=  1.9657E-02 ( 59, 15)
n=  1753   udiff=  2.2478E-02 ( 62,  1)   vdiff=  1.9541E-02 ( 59, 15)
n=  1754   udiff=  2.2366E-02 ( 63,  1)   vdiff=  1.9422E-02 ( 59, 15)
n=  1755   udiff=  2.2257E-02 ( 63,  1)   vdiff=  1.9301E-02 ( 59, 15)
n=  1756   udiff=  2.2148E-02 ( 63,  1)   vdiff=  1.9182E-02 ( 59, 15)
n=  1757   udiff=  2.2040E-02 ( 63,  1)   vdiff=  1.9065E-02 ( 59, 15)
n=  1758   udiff=  2.1932E-02 ( 63,  1)   vdiff=  1.8948E-02 ( 59, 15)
n=  1759   udiff=  2.1824E-02 ( 63,  1)   vdiff=  1.8838E-02 ( 59, 15)
n=  1760   udiff=  2.1717E-02 ( 63,  1)   vdiff=  1.8716E-02 ( 59, 15)
n=  1761   udiff=  2.1610E-02 ( 63,  1)   vdiff=  1.8600E-02 ( 59, 15)
n=  1762   udiff=  2.1503E-02 ( 63,  1)   vdiff=  1.8487E-02 ( 59, 15)
n=  1763   udiff=  2.1397E-02 ( 63,  1)   vdiff=  1.8373E-02 ( 59, 15)
n=  1764   udiff=  2.1292E-02 ( 63,  1)   vdiff=  1.8260E-02 ( 59, 15)
n=  1765   udiff=  2.1186E-02 ( 63,  1)   vdiff=  1.8146E-02 ( 59, 15)
n=  1766   udiff=  2.1081E-02 ( 63,  1)   vdiff=  1.8031E-02 ( 59, 15)
n=  1767   udiff=  2.0977E-02 ( 63,  1)   vdiff=  1.7921E-02 ( 59, 15)
n=  1768   udiff=  2.0872E-02 ( 63,  1)   vdiff=  1.7806E-02 ( 59, 15)
n=  1769   udiff=  2.0769E-02 ( 63,  1)   vdiff=  1.7694E-02 ( 59, 15)
n=  1770   udiff=  2.0665E-02 ( 63,  1)   vdiff=  1.7582E-02 ( 59, 15)
n=  1771   udiff=  2.0562E-02 ( 63,  1)   vdiff=  1.7471E-02 ( 59, 15)
n=  1772   udiff=  2.0459E-02 ( 63,  1)   vdiff=  1.7364E-02 ( 59, 15)
n=  1773   udiff=  2.0357E-02 ( 63,  1)   vdiff=  1.7257E-02 ( 59, 15)
n=  1774   udiff=  2.0255E-02 ( 63,  1)   vdiff=  1.7149E-02 ( 59, 15)
n=  1775   udiff=  2.0153E-02 ( 63,  1)   vdiff=  1.7039E-02 ( 59, 15)
n=  1776   udiff=  2.0052E-02 ( 63,  1)   vdiff=  1.6931E-02 ( 59, 15)
n=  1777   udiff=  1.9951E-02 ( 63,  1)   vdiff=  1.6822E-02 ( 59, 15)
n=  1778   udiff=  1.9850E-02 ( 63,  1)   vdiff=  1.6716E-02 ( 59, 15)
n=  1779   udiff=  1.9750E-02 ( 63,  1)   vdiff=  1.6607E-02 ( 59, 15)
n=  1780   udiff=  1.9650E-02 ( 63,  1)   vdiff=  1.6503E-02 ( 59, 15)
n=  1781   udiff=  1.9551E-02 ( 63,  1)   vdiff=  1.6399E-02 ( 59, 15)
n=  1782   udiff=  1.9452E-02 ( 63,  1)   vdiff=  1.6293E-02 ( 59, 15)
n=  1783   udiff=  1.9353E-02 ( 63,  1)   vdiff=  1.6185E-02 ( 59, 15)
n=  1784   udiff=  1.9255E-02 ( 63,  1)   vdiff=  1.6083E-02 ( 59, 15)
n=  1785   udiff=  1.9157E-02 ( 64,  1)   vdiff=  1.5976E-02 ( 59, 15)
n=  1786   udiff=  1.9063E-02 ( 64,  1)   vdiff=  1.5876E-02 ( 59, 15)
n=  1787   udiff=  1.8969E-02 ( 64,  1)   vdiff=  1.5768E-02 ( 59, 15)
n=  1788   udiff=  1.8875E-02 ( 64,  1)   vdiff=  1.5671E-02 ( 59, 15)
n=  1789   udiff=  1.8782E-02 ( 64,  1)   vdiff=  1.5567E-02 ( 59, 15)
n=  1790   udiff=  1.8689E-02 ( 64,  1)   vdiff=  1.5467E-02 ( 59, 15)
n=  1791   udiff=  1.8596E-02 ( 64,  1)   vdiff=  1.5364E-02 ( 59, 15)
n=  1792   udiff=  1.8504E-02 ( 64,  1)   vdiff=  1.5268E-02 ( 59, 15)
n=  1793   udiff=  1.8411E-02 ( 64,  1)   vdiff=  1.5159E-02 ( 59, 15)
n=  1794   udiff=  1.8320E-02 ( 64,  1)   vdiff=  1.5064E-02 ( 59, 15)
n=  1795   udiff=  1.8228E-02 ( 64,  1)   vdiff=  1.4964E-02 ( 59, 15)
n=  1796   udiff=  1.8137E-02 ( 64,  1)   vdiff=  1.4865E-02 ( 59, 15)
n=  1797   udiff=  1.8047E-02 ( 64,  1)   vdiff=  1.4767E-02 ( 59, 15)
n=  1798   udiff=  1.7956E-02 ( 64,  1)   vdiff=  1.4669E-02 ( 59, 15)
n=  1799   udiff=  1.7866E-02 ( 64,  1)   vdiff=  1.4572E-02 ( 59, 15)
n=  1800   udiff=  1.7776E-02 ( 64,  1)   vdiff=  1.4480E-02 ( 59, 15)
n=  1801   udiff=  1.7687E-02 ( 64,  1)   vdiff=  1.4383E-02 ( 59, 15)
n=  1802   udiff=  1.7598E-02 ( 64,  1)   vdiff=  1.4281E-02 ( 59, 15)
n=  1803   udiff=  1.7509E-02 ( 64,  1)   vdiff=  1.4188E-02 ( 59, 15)
n=  1804   udiff=  1.7420E-02 ( 64,  1)   vdiff=  1.4092E-02 ( 59, 15)
n=  1805   udiff=  1.7332E-02 ( 64,  1)   vdiff=  1.3995E-02 ( 59, 15)
n=  1806   udiff=  1.7244E-02 ( 64,  1)   vdiff=  1.3908E-02 ( 59, 15)
n=  1807   udiff=  1.7157E-02 ( 64,  1)   vdiff=  1.3810E-02 ( 59, 15)
n=  1808   udiff=  1.7070E-02 ( 64,  1)   vdiff=  1.3714E-02 ( 59, 15)
n=  1809   udiff=  1.6983E-02 ( 64,  1)   vdiff=  1.3623E-02 ( 59, 15)
n=  1810   udiff=  1.6896E-02 ( 64,  1)   vdiff=  1.3534E-02 ( 59, 15)
n=  1811   udiff=  1.6810E-02 ( 64,  1)   vdiff=  1.3440E-02 ( 59, 15)
n=  1812   udiff=  1.6725E-02 ( 65,  1)   vdiff=  1.3347E-02 ( 59, 15)
n=  1813   udiff=  1.6642E-02 ( 65,  1)   vdiff=  1.3254E-02 ( 59, 15)
n=  1814   udiff=  1.6559E-02 ( 65,  1)   vdiff=  1.3166E-02 ( 59, 15)
n=  1815   udiff=  1.6477E-02 ( 65,  1)   vdiff=  1.3076E-02 ( 59, 15)
n=  1816   udiff=  1.6396E-02 ( 65,  1)   vdiff=  1.2987E-02 ( 59, 15)
n=  1817   udiff=  1.6314E-02 ( 65,  1)   vdiff=  1.2896E-02 ( 59, 15)
n=  1818   udiff=  1.6233E-02 ( 65,  1)   vdiff=  1.2807E-02 ( 59, 15)
n=  1819   udiff=  1.6152E-02 ( 65,  1)   vdiff=  1.2722E-02 ( 59, 15)
n=  1820   udiff=  1.6071E-02 ( 65,  1)   vdiff=  1.2627E-02 ( 59, 15)
n=  1821   udiff=  1.5991E-02 ( 65,  1)   vdiff=  1.2539E-02 ( 59, 15)
n=  1822   udiff=  1.5911E-02 ( 65,  1)   vdiff=  1.2454E-02 ( 59, 15)
n=  1823   udiff=  1.5831E-02 ( 65,  1)   vdiff=  1.2367E-02 ( 59, 15)
n=  1824   udiff=  1.5751E-02 ( 65,  1)   vdiff=  1.2281E-02 ( 59, 15)
n=  1825   udiff=  1.5672E-02 ( 65,  1)   vdiff=  1.2193E-02 ( 59, 15)
n=  1826   udiff=  1.5593E-02 ( 65,  1)   vdiff=  1.2109E-02 ( 59, 15)
n=  1827   udiff=  1.5514E-02 ( 65,  1)   vdiff=  1.2026E-02 ( 59, 15)
n=  1828   udiff=  1.5436E-02 ( 65,  1)   vdiff=  1.1940E-02 ( 59, 15)
n=  1829   udiff=  1.5358E-02 ( 65,  1)   vdiff=  1.1856E-02 ( 59, 15)
n=  1830   udiff=  1.5281E-02 ( 65,  1)   vdiff=  1.1771E-02 ( 59, 15)
n=  1831   udiff=  1.5203E-02 ( 65,  1)   vdiff=  1.1683E-02 ( 59, 15)
n=  1832   udiff=  1.5126E-02 ( 65,  1)   vdiff=  1.1602E-02 ( 59, 15)
n=  1833   udiff=  1.5049E-02 ( 65,  1)   vdiff=  1.1523E-02 ( 59, 15)
n=  1834   udiff=  1.4972E-02 ( 65,  1)   vdiff=  1.1435E-02 ( 59, 15)
n=  1835   udiff=  1.4896E-02 ( 65,  1)   vdiff=  1.1355E-02 ( 59, 15)
n=  1836   udiff=  1.4821E-02 ( 66,  1)   vdiff=  1.1276E-02 ( 59, 15)
n=  1837   udiff=  1.4748E-02 ( 66,  1)   vdiff=  1.1195E-02 ( 59, 15)
n=  1838   udiff=  1.4675E-02 ( 66,  1)   vdiff=  1.1113E-02 ( 59, 15)
n=  1839   udiff=  1.4602E-02 ( 66,  1)   vdiff=  1.1034E-02 ( 59, 15)
n=  1840   udiff=  1.4530E-02 ( 66,  1)   vdiff=  1.0949E-02 ( 59, 15)
n=  1841   udiff=  1.4458E-02 ( 66,  1)   vdiff=  1.0873E-02 ( 59, 15)
n=  1842   udiff=  1.4386E-02 ( 66,  1)   vdiff=  1.0791E-02 ( 59, 15)
n=  1843   udiff=  1.4314E-02 ( 66,  1)   vdiff=  1.0713E-02 ( 59, 15)
n=  1844   udiff=  1.4243E-02 ( 66,  1)   vdiff=  1.0635E-02 ( 59, 15)
n=  1845   udiff=  1.4171E-02 ( 66,  1)   vdiff=  1.0558E-02 ( 59, 15)
n=  1846   udiff=  1.4101E-02 ( 66,  1)   vdiff=  1.0482E-02 ( 59, 15)
n=  1847   udiff=  1.4030E-02 ( 66,  1)   vdiff=  1.0403E-02 ( 59, 15)
n=  1848   udiff=  1.3960E-02 ( 66,  1)   vdiff=  1.0330E-02 ( 59, 15)
n=  1849   udiff=  1.3890E-02 ( 66,  1)   vdiff=  1.0249E-02 ( 59, 15)
n=  1850   udiff=  1.3820E-02 ( 66,  1)   vdiff=  1.0171E-02 ( 59, 15)
n=  1851   udiff=  1.3750E-02 ( 66,  1)   vdiff=  1.0101E-02 ( 59, 15)
n=  1852   udiff=  1.3681E-02 ( 66,  1)   vdiff=  1.0023E-02 ( 59, 15)
n=  1853   udiff=  1.3611E-02 ( 66,  1)   vdiff=  9.9456E-03 ( 59, 15)
n=  1854   udiff=  1.3543E-02 ( 66,  1)   vdiff=  9.8732E-03 ( 59, 15)
n=  1855   udiff=  1.3474E-02 ( 66,  1)   vdiff=  9.8028E-03 ( 59, 15)
n=  1856   udiff=  1.3406E-02 ( 66,  1)   vdiff=  9.7248E-03 ( 59, 15)
n=  1857   udiff=  1.3339E-02 ( 67,  1)   vdiff=  9.6524E-03 ( 59, 15)
n=  1858   udiff=  1.3274E-02 ( 67,  1)   vdiff=  9.5776E-03 ( 59, 15)
n=  1859   udiff=  1.3208E-02 ( 67,  1)   vdiff=  9.5046E-03 ( 59, 15)
n=  1860   udiff=  1.3143E-02 ( 67,  1)   vdiff=  9.4343E-03 ( 59, 15)
n=  1861   udiff=  1.3078E-02 ( 67,  1)   vdiff=  9.3636E-03 ( 59, 15)
n=  1862   udiff=  1.3014E-02 ( 67,  1)   vdiff=  9.2866E-03 ( 59, 15)
n=  1863   udiff=  1.2949E-02 ( 67,  1)   vdiff=  9.2193E-03 ( 59, 15)
n=  1864   udiff=  1.2885E-02 ( 67,  1)   vdiff=  9.1455E-03 ( 59, 15)
n=  1865   udiff=  1.2821E-02 ( 67,  1)   vdiff=  9.0800E-03 ( 59, 15)
n=  1866   udiff=  1.2757E-02 ( 67,  1)   vdiff=  9.0043E-03 ( 59, 15)
n=  1867   udiff=  1.2694E-02 ( 67,  1)   vdiff=  8.9339E-03 ( 59, 15)
n=  1868   udiff=  1.2631E-02 ( 67,  1)   vdiff=  8.8671E-03 ( 59, 15)
n=  1869   udiff=  1.2568E-02 ( 67,  1)   vdiff=  8.7977E-03 ( 59, 15)
n=  1870   udiff=  1.2505E-02 ( 67,  1)   vdiff=  8.7305E-03 ( 59, 15)
n=  1871   udiff=  1.2442E-02 ( 67,  1)   vdiff=  8.6587E-03 ( 59, 15)
n=  1872   udiff=  1.2380E-02 ( 67,  1)   vdiff=  8.5926E-03 ( 59, 15)
n=  1873   udiff=  1.2318E-02 ( 67,  1)   vdiff=  8.5258E-03 ( 59, 15)
n=  1874   udiff=  1.2256E-02 ( 67,  1)   vdiff=  8.4577E-03 ( 59, 15)
n=  1875   udiff=  1.2195E-02 ( 68,  1)   vdiff=  8.3922E-03 ( 59, 15)
n=  1876   udiff=  1.2135E-02 ( 68,  1)   vdiff=  8.3235E-03 ( 59, 15)
n=  1877   udiff=  1.2076E-02 ( 68,  1)   vdiff=  8.2609E-03 ( 59, 15)
n=  1878   udiff=  1.2017E-02 ( 68,  1)   vdiff=  8.1921E-03 ( 59, 15)
n=  1879   udiff=  1.1958E-02 ( 68,  1)   vdiff=  8.1307E-03 ( 59, 15)
n=  1880   udiff=  1.1899E-02 ( 68,  1)   vdiff=  8.0605E-03 ( 59, 15)
n=  1881   udiff=  1.1841E-02 ( 68,  1)   vdiff=  7.9964E-03 ( 59, 15)
n=  1882   udiff=  1.1783E-02 ( 68,  1)   vdiff=  7.9344E-03 ( 59, 15)
n=  1883   udiff=  1.1725E-02 ( 68,  1)   vdiff=  7.8688E-03 ( 59, 15)
n=  1884   udiff=  1.1667E-02 ( 68,  1)   vdiff=  7.8059E-03 ( 59, 15)
n=  1885   udiff=  1.1610E-02 ( 68,  1)   vdiff=  7.7424E-03 ( 59, 15)
n=  1886   udiff=  1.1552E-02 ( 68,  1)   vdiff=  7.6768E-03 ( 59, 15)
n=  1887   udiff=  1.1495E-02 ( 68,  1)   vdiff=  7.6134E-03 ( 59, 15)
n=  1888   udiff=  1.1438E-02 ( 68,  1)   vdiff=  7.5493E-03 ( 59, 15)
n=  1889   udiff=  1.1381E-02 ( 68,  1)   vdiff=  7.4919E-03 ( 59, 15)
n=  1890   udiff=  1.1325E-02 ( 68,  1)   vdiff=  7.4277E-03 ( 59, 15)
n=  1891   udiff=  1.1269E-02 ( 68,  1)   vdiff=  7.3646E-03 ( 59, 15)
n=  1892   udiff=  1.1214E-02 ( 69,  1)   vdiff=  7.3060E-03 ( 59, 15)
n=  1893   udiff=  1.1159E-02 ( 69,  1)   vdiff=  7.2442E-03 ( 59, 15)
n=  1894   udiff=  1.1106E-02 ( 69,  1)   vdiff=  7.1840E-03 ( 59, 15)
n=  1895   udiff=  1.1052E-02 ( 69,  1)   vdiff=  7.1204E-03 ( 59, 15)
n=  1896   udiff=  1.0998E-02 ( 69,  1)   vdiff=  7.0667E-03 ( 59, 15)
n=  1897   udiff=  1.0945E-02 ( 69,  1)   vdiff=  7.0062E-03 ( 59, 15)
n=  1898   udiff=  1.0892E-02 ( 69,  1)   vdiff=  6.9417E-03 ( 59, 15)
n=  1899   udiff=  1.0839E-02 ( 69,  1)   vdiff=  6.8866E-03 ( 59, 15)
n=  1900   udiff=  1.0786E-02 ( 69,  1)   vdiff=  6.8251E-03 ( 59, 15)
n=  1901   udiff=  1.0733E-02 ( 69,  1)   vdiff=  6.7703E-03 ( 59, 15)
n=  1902   udiff=  1.0681E-02 ( 69,  1)   vdiff=  6.7081E-03 ( 59, 15)
n=  1903   udiff=  1.0629E-02 ( 69,  1)   vdiff=  6.6571E-03 ( 59, 15)
n=  1904   udiff=  1.0577E-02 ( 69,  1)   vdiff=  6.5944E-03 ( 59, 15)
n=  1905   udiff=  1.0525E-02 ( 69,  1)   vdiff=  6.5445E-03 ( 59, 15)
n=  1906   udiff=  1.0473E-02 ( 69,  1)   vdiff=  6.4843E-03 ( 59, 15)
n=  1907   udiff=  1.0422E-02 ( 70,  1)   vdiff=  6.4272E-03 ( 59, 15)
n=  1908   udiff=  1.0372E-02 ( 70,  1)   vdiff=  6.3716E-03 ( 59, 15)
n=  1909   udiff=  1.0323E-02 ( 70,  1)   vdiff=  6.3150E-03 ( 59, 15)
n=  1910   udiff=  1.0273E-02 ( 70,  1)   vdiff=  6.2601E-03 ( 59, 15)
n=  1911   udiff=  1.0224E-02 ( 70,  1)   vdiff=  6.2045E-03 ( 59, 15)
n=  1912   udiff=  1.0175E-02 ( 70,  1)   vdiff=  6.1490E-03 ( 59, 15)
n=  1913   udiff=  1.0126E-02 ( 70,  1)   vdiff=  6.0941E-03 ( 59, 15)
n=  1914   udiff=  1.0078E-02 ( 70,  1)   vdiff=  6.0448E-03 ( 59, 15)
n=  1915   udiff=  1.0029E-02 ( 70,  1)   vdiff=  5.9849E-03 ( 59, 15)
n=  1916   udiff=  9.9807E-03 ( 70,  1)   vdiff=  5.9352E-03 ( 59, 15)
n=  1917   udiff=  9.9324E-03 ( 70,  1)   vdiff=  5.8800E-03 ( 59, 15)
n=  1918   udiff=  9.8844E-03 ( 70,  1)   vdiff=  5.8302E-03 ( 59, 15)
n=  1919   udiff=  9.8367E-03 ( 70,  1)   vdiff=  5.7760E-03 ( 59, 15)
n=  1920   udiff=  9.7889E-03 ( 70,  1)   vdiff=  5.7229E-03 ( 59, 15)
n=  1921   udiff=  9.7415E-03 ( 70,  1)   vdiff=  5.6701E-03 ( 59, 15)
n=  1922   udiff=  9.6956E-03 ( 71,  1)   vdiff=  5.6186E-03 ( 59, 15)
n=  1923   udiff=  9.6498E-03 ( 71,  1)   vdiff=  5.5694E-03 ( 59, 15)
n=  1924   udiff=  9.6043E-03 ( 71,  1)   vdiff=  5.5142E-03 ( 59, 15)
n=  1925   udiff=  9.5589E-03 ( 71,  1)   vdiff=  5.4659E-03 ( 59, 15)
n=  1926   udiff=  9.5138E-03 ( 71,  1)   vdiff=  5.4157E-03 ( 59, 15)
n=  1927   udiff=  9.4685E-03 ( 71,  1)   vdiff=  5.3644E-03 ( 59, 15)
n=  1928   udiff=  9.4236E-03 ( 71,  1)   vdiff=  5.3139E-03 ( 59, 15)
n=  1929   udiff=  9.3787E-03 ( 71,  1)   vdiff=  5.2637E-03 ( 59, 15)
n=  1930   udiff=  9.3341E-03 ( 71,  1)   vdiff=  5.2167E-03 ( 59, 15)
n=  1931   udiff=  9.2896E-03 ( 71,  1)   vdiff=  5.1646E-03 ( 59, 15)
n=  1932   udiff=  9.2454E-03 ( 71,  1)   vdiff=  5.1148E-03 ( 59, 15)
n=  1933   udiff=  9.2012E-03 ( 71,  1)   vdiff=  5.0694E-03 ( 59, 15)
n=  1934   udiff=  9.1572E-03 ( 71,  1)   vdiff=  5.0210E-03 ( 59, 15)
n=  1935   udiff=  9.1138E-03 ( 72,  1)   vdiff=  4.9710E-03 ( 59, 15)
n=  1936   udiff=  9.0713E-03 ( 72,  1)   vdiff=  4.9227E-03 ( 59, 15)
n=  1937   udiff=  9.0291E-03 ( 72,  1)   vdiff=  4.8726E-03 ( 59, 15)
n=  1938   udiff=  8.9870E-03 ( 72,  1)   vdiff=  4.8310E-03 ( 59, 15)
n=  1939   udiff=  8.9450E-03 ( 72,  1)   vdiff=  4.7827E-03 ( 59, 15)
n=  1940   udiff=  8.9031E-03 ( 72,  1)   vdiff=  4.7337E-03 ( 59, 15)
n=  1941   udiff=  8.8614E-03 ( 72,  1)   vdiff=  4.6902E-03 ( 59, 15)
n=  1942   udiff=  8.8198E-03 ( 72,  1)   vdiff=  4.6416E-03 ( 59, 15)
n=  1943   udiff=  8.7784E-03 ( 72,  1)   vdiff=  4.5946E-03 ( 59, 15)
n=  1944   udiff=  8.7371E-03 ( 72,  1)   vdiff=  4.5495E-03 ( 59, 15)
n=  1945   udiff=  8.6960E-03 ( 72,  1)   vdiff=  4.5070E-03 ( 59, 15)
n=  1946   udiff=  8.6550E-03 ( 72,  1)   vdiff=  4.4591E-03 ( 59, 15)
n=  1947   udiff=  8.6140E-03 ( 72,  1)   vdiff=  4.4139E-03 ( 59, 15)
n=  1948   udiff=  8.5738E-03 ( 73,  1)   vdiff=  4.3706E-03 ( 59, 15)
n=  1949   udiff=  8.5345E-03 ( 73,  1)   vdiff=  4.3277E-03 ( 59, 15)
n=  1950   udiff=  8.4951E-03 ( 73,  1)   vdiff=  4.2814E-03 ( 59, 15)
n=  1951   udiff=  8.4559E-03 ( 73,  1)   vdiff=  4.2420E-03 ( 59, 15)
n=  1952   udiff=  8.4169E-03 ( 73,  1)   vdiff=  4.1948E-03 ( 59, 15)
n=  1953   udiff=  8.3781E-03 ( 73,  1)   vdiff=  4.1536E-03 ( 59, 15)
n=  1954   udiff=  8.3393E-03 ( 73,  1)   vdiff=  4.1086E-03 ( 59, 15)
n=  1955   udiff=  8.3006E-03 ( 73,  1)   vdiff=  4.0648E-03 ( 59, 15)
n=  1956   udiff=  8.2622E-03 ( 73,  1)   vdiff=  4.0241E-03 ( 59, 15)
n=  1957   udiff=  8.2238E-03 ( 73,  1)   vdiff=  3.9851E-03 ( 59, 15)
n=  1958   udiff=  8.1854E-03 ( 73,  1)   vdiff=  3.9423E-03 ( 59, 15)
n=  1959   udiff=  8.1473E-03 ( 73,  1)   vdiff=  3.9012E-03 ( 59, 15)
n=  1960   udiff=  8.1092E-03 ( 73,  1)   vdiff=  3.8557E-03 ( 59, 15)
n=  1961   udiff=  8.0721E-03 ( 74,  1)   vdiff=  3.8194E-03 ( 59, 15)
n=  1962   udiff=  8.0355E-03 ( 74,  1)   vdiff=  3.7795E-03 ( 59, 15)
n=  1963   udiff=  7.9989E-03 ( 74,  1)   vdiff=  3.7337E-03 ( 59, 15)
n=  1964   udiff=  7.9624E-03 ( 74,  1)   vdiff=  3.6974E-03 ( 59, 15)
n=  1965   udiff=  7.9261E-03 ( 74,  1)   vdiff=  3.6509E-03 ( 59, 15)
n=  1966   udiff=  7.8899E-03 ( 74,  1)   vdiff=  3.6126E-03 ( 59, 15)
n=  1967   udiff=  7.8539E-03 ( 74,  1)   vdiff=  3.5769E-03 ( 59, 15)
n=  1968   udiff=  7.8178E-03 ( 74,  1)   vdiff=  3.5350E-03 ( 59, 15)
n=  1969   udiff=  7.7820E-03 ( 74,  1)   vdiff=  3.4938E-03 ( 59, 15)
n=  1970   udiff=  7.7463E-03 ( 74,  1)   vdiff=  3.4594E-03 ( 59, 15)
n=  1971   udiff=  7.7106E-03 ( 74,  1)   vdiff=  3.4206E-03 ( 59, 15)
n=  1972   udiff=  7.6751E-03 ( 74,  1)   vdiff=  3.3797E-03 ( 59, 15)
n=  1973   udiff=  7.6398E-03 ( 75,  1)   vdiff=  3.3442E-03 ( 59, 15)
n=  1974   udiff=  7.6053E-03 ( 75,  1)   vdiff=  3.3005E-03 ( 59, 15)
n=  1975   udiff=  7.5712E-03 ( 75,  1)   vdiff=  3.2645E-03 ( 59, 15)
n=  1976   udiff=  7.5373E-03 ( 75,  1)   vdiff=  3.2271E-03 ( 59, 15)
n=  1977   udiff=  7.5032E-03 ( 75,  1)   vdiff=  3.2018E-03 ( 50, 13)
n=  1978   udiff=  7.4693E-03 ( 75,  1)   vdiff=  3.1864E-03 ( 50, 13)
n=  1979   udiff=  7.4356E-03 ( 75,  1)   vdiff=  3.1719E-03 ( 50, 13)
n=  1980   udiff=  7.4019E-03 ( 75,  1)   vdiff=  3.1567E-03 ( 50, 13)
n=  1981   udiff=  7.3684E-03 ( 75,  1)   vdiff=  3.1402E-03 ( 50, 13)
n=  1982   udiff=  7.3350E-03 ( 75,  1)   vdiff=  3.1271E-03 ( 50, 13)
n=  1983   udiff=  7.3017E-03 ( 75,  1)   vdiff=  3.1120E-03 ( 50, 13)
n=  1984   udiff=  7.2685E-03 ( 75,  1)   vdiff=  3.0978E-03 ( 50, 13)
n=  1985   udiff=  7.2353E-03 ( 75,  1)   vdiff=  3.0847E-03 ( 50, 13)
n=  1986   udiff=  7.2027E-03 ( 76,  1)   vdiff=  3.0683E-03 ( 50, 13)
n=  1987   udiff=  7.1706E-03 ( 76,  1)   vdiff=  3.0520E-03 ( 50, 13)
n=  1988   udiff=  7.1388E-03 ( 76,  1)   vdiff=  3.0392E-03 ( 50, 13)
n=  1989   udiff=  7.1069E-03 ( 76,  1)   vdiff=  3.0262E-03 ( 50, 13)
n=  1990   udiff=  7.0753E-03 ( 76,  1)   vdiff=  3.0093E-03 ( 50, 13)
n=  1991   udiff=  7.0436E-03 ( 76,  1)   vdiff=  2.9966E-03 ( 50, 13)
n=  1992   udiff=  7.0121E-03 ( 76,  1)   vdiff=  2.9825E-03 ( 50, 13)
n=  1993   udiff=  6.9807E-03 ( 76,  1)   vdiff=  2.9693E-03 ( 50, 13)
n=  1994   udiff=  6.9494E-03 ( 76,  1)   vdiff=  2.9526E-03 ( 50, 13)
n=  1995   udiff=  6.9182E-03 ( 76,  1)   vdiff=  2.9394E-03 ( 50, 13)
n=  1996   udiff=  6.8871E-03 ( 76,  1)   vdiff=  2.9238E-03 ( 50, 13)
n=  1997   udiff=  6.8560E-03 ( 76,  1)   vdiff=  2.9097E-03 ( 50, 13)
n=  1998   udiff=  6.8252E-03 ( 76,  1)   vdiff=  2.8984E-03 ( 50, 13)
n=  1999   udiff=  6.7948E-03 ( 77,  1)   vdiff=  2.8820E-03 ( 50, 13)
n=  2000   udiff=  6.7650E-03 ( 77,  1)   vdiff=  2.8703E-03 ( 50, 13)
n=  2001   udiff=  6.7352E-03 ( 77,  1)   vdiff=  2.8533E-03 ( 50, 13)
n=  2002   udiff=  6.7055E-03 ( 77,  1)   vdiff=  2.8418E-03 ( 50, 13)
n=  2003   udiff=  6.6758E-03 ( 77,  1)   vdiff=  2.8265E-03 ( 50, 13)
n=  2004   udiff=  6.6463E-03 ( 77,  1)   vdiff=  2.8116E-03 ( 50, 13)
n=  2005   udiff=  6.6168E-03 ( 77,  1)   vdiff=  2.7991E-03 ( 50, 13)
n=  2006   udiff=  6.5874E-03 ( 77,  1)   vdiff=  2.7868E-03 ( 50, 13)
n=  2007   udiff=  6.5581E-03 ( 77,  1)   vdiff=  2.7729E-03 ( 50, 13)
n=  2008   udiff=  6.5289E-03 ( 77,  1)   vdiff=  2.7597E-03 ( 50, 13)
n=  2009   udiff=  6.4998E-03 ( 77,  1)   vdiff=  2.7443E-03 ( 50, 13)
n=  2010   udiff=  6.4708E-03 ( 77,  1)   vdiff=  2.7316E-03 ( 51, 12)
n=  2011   udiff=  6.4419E-03 ( 77,  1)   vdiff=  2.7183E-03 ( 51, 12)
n=  2012   udiff=  6.4138E-03 ( 78,  1)   vdiff=  2.7070E-03 ( 51, 12)
n=  2013   udiff=  6.3858E-03 ( 78,  1)   vdiff=  2.6938E-03 ( 51, 12)
n=  2014   udiff=  6.3579E-03 ( 78,  1)   vdiff=  2.6832E-03 ( 51, 12)
n=  2015   udiff=  6.3301E-03 ( 78,  1)   vdiff=  2.6712E-03 ( 51, 12)
n=  2016   udiff=  6.3024E-03 ( 78,  1)   vdiff=  2.6571E-03 ( 51, 12)
n=  2017   udiff=  6.2747E-03 ( 78,  1)   vdiff=  2.6461E-03 ( 51, 12)
n=  2018   udiff=  6.2471E-03 ( 78,  1)   vdiff=  2.6336E-03 ( 51, 12)
n=  2019   udiff=  6.2197E-03 ( 78,  1)   vdiff=  2.6226E-03 ( 51, 12)
n=  2020   udiff=  6.1922E-03 ( 78,  1)   vdiff=  2.6110E-03 ( 51, 12)
n=  2021   udiff=  6.1649E-03 ( 78,  1)   vdiff=  2.5991E-03 ( 51, 13)
n=  2022   udiff=  6.1377E-03 ( 78,  1)   vdiff=  2.5871E-03 ( 51, 13)
n=  2023   udiff=  6.1106E-03 ( 78,  1)   vdiff=  2.5762E-03 ( 51, 13)
n=  2024   udiff=  6.0835E-03 ( 78,  1)   vdiff=  2.5670E-03 ( 51, 13)
n=  2025   udiff=  6.0571E-03 ( 79,  1)   vdiff=  2.5557E-03 ( 51, 13)
n=  2026   udiff=  6.0309E-03 ( 79,  1)   vdiff=  2.5433E-03 ( 51, 13)
n=  2027   udiff=  6.0048E-03 ( 79,  1)   vdiff=  2.5311E-03 ( 51, 13)
n=  2028   udiff=  5.9788E-03 ( 79,  1)   vdiff=  2.5207E-03 ( 51, 13)
n=  2029   udiff=  5.9528E-03 ( 79,  1)   vdiff=  2.5115E-03 ( 51, 13)
n=  2030   udiff=  5.9268E-03 ( 79,  1)   vdiff=  2.5016E-03 ( 51, 13)
n=  2031   udiff=  5.9011E-03 ( 79,  1)   vdiff=  2.4904E-03 ( 51, 13)
n=  2032   udiff=  5.8753E-03 ( 79,  1)   vdiff=  2.4782E-03 ( 51, 13)
n=  2033   udiff=  5.8496E-03 ( 79,  1)   vdiff=  2.4679E-03 ( 51, 13)
n=  2034   udiff=  5.8240E-03 ( 79,  1)   vdiff=  2.4572E-03 ( 51, 13)
n=  2035   udiff=  5.7985E-03 ( 79,  1)   vdiff=  2.4472E-03 ( 51, 13)
n=  2036   udiff=  5.7730E-03 ( 79,  1)   vdiff=  2.4375E-03 ( 51, 13)
n=  2037   udiff=  5.7476E-03 ( 79,  1)   vdiff=  2.4247E-03 ( 51, 13)
n=  2038   udiff=  5.7228E-03 ( 80,  1)   vdiff=  2.4126E-03 ( 51, 13)
n=  2039   udiff=  5.6983E-03 ( 80,  1)   vdiff=  2.4057E-03 ( 51, 13)
n=  2040   udiff=  5.6737E-03 ( 80,  1)   vdiff=  2.3936E-03 ( 51, 13)
n=  2041   udiff=  5.6494E-03 ( 80,  1)   vdiff=  2.3811E-03 ( 51, 13)
n=  2042   udiff=  5.6250E-03 ( 80,  1)   vdiff=  2.3731E-03 ( 51, 13)
n=  2043   udiff=  5.6007E-03 ( 80,  1)   vdiff=  2.3615E-03 ( 51, 13)
n=  2044   udiff=  5.5764E-03 ( 80,  1)   vdiff=  2.3520E-03 ( 51, 13)
n=  2045   udiff=  5.5523E-03 ( 80,  1)   vdiff=  2.3406E-03 ( 51, 13)
n=  2046   udiff=  5.5282E-03 ( 80,  1)   vdiff=  2.3293E-03 ( 51, 13)
n=  2047   udiff=  5.5043E-03 ( 80,  1)   vdiff=  2.3197E-03 ( 51, 13)
n=  2048   udiff=  5.4802E-03 ( 80,  1)   vdiff=  2.3092E-03 ( 51, 13)
n=  2049   udiff=  5.4564E-03 ( 80,  1)   vdiff=  2.3003E-03 ( 51, 13)
n=  2050   udiff=  5.4326E-03 ( 80,  1)   vdiff=  2.2896E-03 ( 51, 13)
n=  2051   udiff=  5.4091E-03 ( 81,  1)   vdiff=  2.2793E-03 ( 51, 13)
n=  2052   udiff=  5.3860E-03 ( 81,  1)   vdiff=  2.2673E-03 ( 51, 13)
n=  2053   udiff=  5.3630E-03 ( 81,  1)   vdiff=  2.2576E-03 ( 51, 13)
n=  2054   udiff=  5.3401E-03 ( 81,  1)   vdiff=  2.2467E-03 ( 51, 13)
n=  2055   udiff=  5.3173E-03 ( 81,  1)   vdiff=  2.2374E-03 ( 51, 13)
n=  2056   udiff=  5.2945E-03 ( 81,  1)   vdiff=  2.2283E-03 ( 51, 13)
n=  2057   udiff=  5.2717E-03 ( 81,  1)   vdiff=  2.2183E-03 ( 52, 12)
n=  2058   udiff=  5.2490E-03 ( 81,  1)   vdiff=  2.2102E-03 ( 52, 12)
n=  2059   udiff=  5.2264E-03 ( 81,  1)   vdiff=  2.1994E-03 ( 51, 13)
n=  2060   udiff=  5.2039E-03 ( 81,  1)   vdiff=  2.1917E-03 ( 52, 12)
n=  2061   udiff=  5.1815E-03 ( 81,  1)   vdiff=  2.1809E-03 ( 52, 12)
n=  2062   udiff=  5.1590E-03 ( 81,  1)   vdiff=  2.1730E-03 ( 52, 12)
n=  2063   udiff=  5.1366E-03 ( 81,  1)   vdiff=  2.1638E-03 ( 52, 12)
n=  2064   udiff=  5.1144E-03 ( 81,  1)   vdiff=  2.1569E-03 ( 52, 13)
n=  2065   udiff=  5.0927E-03 ( 82,  1)   vdiff=  2.1470E-03 ( 52, 13)
n=  2066   udiff=  5.0711E-03 ( 82,  1)   vdiff=  2.1397E-03 ( 52, 13)
n=  2067   udiff=  5.0496E-03 ( 82,  1)   vdiff=  2.1302E-03 ( 52, 13)
n=  2068   udiff=  5.0281E-03 ( 82,  1)   vdiff=  2.1244E-03 ( 52, 13)
n=  2069   udiff=  5.0067E-03 ( 82,  1)   vdiff=  2.1175E-03 ( 52, 13)
n=  2070   udiff=  4.9853E-03 ( 82,  1)   vdiff=  2.1089E-03 ( 52, 13)
n=  2071   udiff=  4.9640E-03 ( 82,  1)   vdiff=  2.1001E-03 ( 52, 13)
n=  2072   udiff=  4.9428E-03 ( 82,  1)   vdiff=  2.0909E-03 ( 52, 13)
n=  2073   udiff=  4.9216E-03 ( 82,  1)   vdiff=  2.0835E-03 ( 52, 13)
n=  2074   udiff=  4.9004E-03 ( 82,  1)   vdiff=  2.0754E-03 ( 52, 13)
n=  2075   udiff=  4.8794E-03 ( 82,  1)   vdiff=  2.0693E-03 ( 52, 13)
n=  2076   udiff=  4.8584E-03 ( 82,  1)   vdiff=  2.0602E-03 ( 52, 13)
n=  2077   udiff=  4.8375E-03 ( 82,  1)   vdiff=  2.0522E-03 ( 52, 13)
n=  2078   udiff=  4.8167E-03 ( 83,  1)   vdiff=  2.0443E-03 ( 52, 13)
n=  2079   udiff=  4.7964E-03 ( 83,  1)   vdiff=  2.0386E-03 ( 52, 13)
n=  2080   udiff=  4.7761E-03 ( 83,  1)   vdiff=  2.0281E-03 ( 52, 13)
n=  2081   udiff=  4.7560E-03 ( 83,  1)   vdiff=  2.0212E-03 ( 52, 13)
n=  2082   udiff=  4.7358E-03 ( 83,  1)   vdiff=  2.0126E-03 ( 52, 13)
n=  2083   udiff=  4.7158E-03 ( 83,  1)   vdiff=  2.0065E-03 ( 52, 13)
n=  2084   udiff=  4.6957E-03 ( 83,  1)   vdiff=  2.0003E-03 ( 52, 13)
n=  2085   udiff=  4.6758E-03 ( 83,  1)   vdiff=  1.9878E-03 ( 52, 13)
n=  2086   udiff=  4.6559E-03 ( 83,  1)   vdiff=  1.9847E-03 ( 52, 13)
n=  2087   udiff=  4.6361E-03 ( 83,  1)   vdiff=  1.9752E-03 ( 52, 13)
n=  2088   udiff=  4.6163E-03 ( 83,  1)   vdiff=  1.9685E-03 ( 52, 13)
n=  2089   udiff=  4.5965E-03 ( 83,  1)   vdiff=  1.9606E-03 ( 52, 13)
n=  2090   udiff=  4.5768E-03 ( 83,  1)   vdiff=  1.9521E-03 ( 52, 13)
n=  2091   udiff=  4.5572E-03 ( 83,  1)   vdiff=  1.9464E-03 ( 52, 13)
n=  2092   udiff=  4.5377E-03 ( 84,  1)   vdiff=  1.9365E-03 ( 52, 13)
n=  2093   udiff=  4.5187E-03 ( 84,  1)   vdiff=  1.9280E-03 ( 52, 13)
n=  2094   udiff=  4.4997E-03 ( 84,  1)   vdiff=  1.9226E-03 ( 52, 13)
n=  2095   udiff=  4.4807E-03 ( 84,  1)   vdiff=  1.9141E-03 ( 52, 13)
n=  2096   udiff=  4.4619E-03 ( 84,  1)   vdiff=  1.9062E-03 ( 52, 13)
n=  2097   udiff=  4.4431E-03 ( 84,  1)   vdiff=  1.8982E-03 ( 52, 13)
n=  2098   udiff=  4.4243E-03 ( 84,  1)   vdiff=  1.8912E-03 ( 52, 13)
n=  2099   udiff=  4.4056E-03 ( 84,  1)   vdiff=  1.8845E-03 ( 52, 13)
n=  2100   udiff=  4.3869E-03 ( 84,  1)   vdiff=  1.8752E-03 ( 53, 12)
n=  2101   udiff=  4.3683E-03 ( 84,  1)   vdiff=  1.8701E-03 ( 52, 13)
n=  2102   udiff=  4.3497E-03 ( 84,  1)   vdiff=  1.8628E-03 ( 53, 13)
n=  2103   udiff=  4.3313E-03 ( 84,  1)   vdiff=  1.8597E-03 ( 53, 13)
n=  2104   udiff=  4.3128E-03 ( 84,  1)   vdiff=  1.8545E-03 ( 53, 13)
n=  2105   udiff=  4.2943E-03 ( 84,  1)   vdiff=  1.8463E-03 ( 53, 13)
n=  2106   udiff=  4.2761E-03 ( 85,  1)   vdiff=  1.8407E-03 ( 53, 13)
n=  2107   udiff=  4.2582E-03 ( 85,  1)   vdiff=  1.8362E-03 ( 53, 13)
n=  2108   udiff=  4.2404E-03 ( 85,  1)   vdiff=  1.8305E-03 ( 53, 13)
n=  2109   udiff=  4.2226E-03 ( 85,  1)   vdiff=  1.8250E-03 ( 53, 13)
n=  2110   udiff=  4.2050E-03 ( 85,  1)   vdiff=  1.8179E-03 ( 53, 13)
n=  2111   udiff=  4.1873E-03 ( 85,  1)   vdiff=  1.8125E-03 ( 53, 13)
n=  2112   udiff=  4.1696E-03 ( 85,  1)   vdiff=  1.8077E-03 ( 53, 13)
n=  2113   udiff=  4.1521E-03 ( 85,  1)   vdiff=  1.8017E-03 ( 53, 13)
n=  2114   udiff=  4.1345E-03 ( 85,  1)   vdiff=  1.7946E-03 ( 53, 13)
n=  2115   udiff=  4.1171E-03 ( 85,  1)   vdiff=  1.7914E-03 ( 53, 13)
n=  2116   udiff=  4.0996E-03 ( 85,  1)   vdiff=  1.7862E-03 ( 53, 13)
n=  2117   udiff=  4.0823E-03 ( 85,  1)   vdiff=  1.7787E-03 ( 53, 13)
n=  2118   udiff=  4.0650E-03 ( 85,  1)   vdiff=  1.7730E-03 ( 53, 13)
n=  2119   udiff=  4.0477E-03 ( 85,  1)   vdiff=  1.7689E-03 ( 53, 13)
n=  2120   udiff=  4.0304E-03 ( 85,  1)   vdiff=  1.7639E-03 ( 53, 13)
n=  2121   udiff=  4.0136E-03 ( 86,  1)   vdiff=  1.7556E-03 ( 53, 13)
n=  2122   udiff=  3.9969E-03 ( 86,  1)   vdiff=  1.7530E-03 ( 53, 13)
n=  2123   udiff=  3.9802E-03 ( 86,  1)   vdiff=  1.7461E-03 ( 53, 13)
n=  2124   udiff=  3.9636E-03 ( 86,  1)   vdiff=  1.7391E-03 ( 53, 13)
n=  2125   udiff=  3.9470E-03 ( 86,  1)   vdiff=  1.7345E-03 ( 53, 13)
n=  2126   udiff=  3.9305E-03 ( 86,  1)   vdiff=  1.7303E-03 ( 53, 13)
n=  2127   udiff=  3.9140E-03 ( 86,  1)   vdiff=  1.7229E-03 ( 53, 13)
n=  2128   udiff=  3.8975E-03 ( 86,  1)   vdiff=  1.7177E-03 ( 53, 13)
n=  2129   udiff=  3.8811E-03 ( 86,  1)   vdiff=  1.7113E-03 ( 53, 13)
n=  2130   udiff=  3.8648E-03 ( 86,  1)   vdiff=  1.7067E-03 ( 53, 13)
n=  2131   udiff=  3.8485E-03 ( 86,  1)   vdiff=  1.6991E-03 ( 53, 13)
n=  2132   udiff=  3.8322E-03 ( 86,  1)   vdiff=  1.6934E-03 ( 53, 13)
n=  2133   udiff=  3.8160E-03 ( 86,  1)   vdiff=  1.6895E-03 ( 53, 13)
n=  2134   udiff=  3.7998E-03 ( 86,  1)   vdiff=  1.6823E-03 ( 53, 13)
n=  2135   udiff=  3.7838E-03 ( 87,  1)   vdiff=  1.6789E-03 ( 53, 13)
n=  2136   udiff=  3.7681E-03 ( 87,  1)   vdiff=  1.6735E-03 ( 53, 14)
n=  2137   udiff=  3.7525E-03 ( 87,  1)   vdiff=  1.6667E-03 ( 53, 13)
n=  2138   udiff=  3.7368E-03 ( 87,  1)   vdiff=  1.6660E-03 ( 53, 14)
n=  2139   udiff=  3.7213E-03 ( 87,  1)   vdiff=  1.6590E-03 ( 53, 14)
n=  2140   udiff=  3.7058E-03 ( 87,  1)   vdiff=  1.6584E-03 ( 54, 13)
n=  2141   udiff=  3.6903E-03 ( 87,  1)   vdiff=  1.6547E-03 ( 54, 13)
n=  2142   udiff=  3.6748E-03 ( 87,  1)   vdiff=  1.6468E-03 ( 54, 13)
n=  2143   udiff=  3.6594E-03 ( 87,  1)   vdiff=  1.6409E-03 ( 54, 13)
n=  2144   udiff=  3.6441E-03 ( 87,  1)   vdiff=  1.6426E-03 ( 54, 13)
n=  2145   udiff=  3.6287E-03 ( 87,  1)   vdiff=  1.6341E-03 ( 54, 13)
n=  2146   udiff=  3.6134E-03 ( 87,  1)   vdiff=  1.6327E-03 ( 54, 13)
n=  2147   udiff=  3.5982E-03 ( 87,  1)   vdiff=  1.6257E-03 ( 54, 13)
n=  2148   udiff=  3.5830E-03 ( 87,  1)   vdiff=  1.6239E-03 ( 54, 13)
n=  2149   udiff=  3.5678E-03 ( 87,  1)   vdiff=  1.6216E-03 ( 54, 13)
n=  2150   udiff=  3.5530E-03 ( 88,  1)   vdiff=  1.6188E-03 ( 54, 13)
n=  2151   udiff=  3.5384E-03 ( 88,  1)   vdiff=  1.6144E-03 ( 54, 13)
n=  2152   udiff=  3.5237E-03 ( 88,  1)   vdiff=  1.6097E-03 ( 54, 13)
n=  2153   udiff=  3.5090E-03 ( 88,  1)   vdiff=  1.6069E-03 ( 54, 13)
n=  2154   udiff=  3.4944E-03 ( 88,  1)   vdiff=  1.6020E-03 ( 54, 13)
n=  2155   udiff=  3.4799E-03 ( 88,  1)   vdiff=  1.5970E-03 ( 54, 13)
n=  2156   udiff=  3.4654E-03 ( 88,  1)   vdiff=  1.5919E-03 ( 54, 13)
n=  2157   udiff=  3.4509E-03 ( 88,  1)   vdiff=  1.5876E-03 ( 54, 14)
n=  2158   udiff=  3.4364E-03 ( 88,  1)   vdiff=  1.5873E-03 ( 54, 13)
n=  2159   udiff=  3.4221E-03 ( 88,  1)   vdiff=  1.5810E-03 ( 54, 14)
n=  2160   udiff=  3.4077E-03 ( 88,  1)   vdiff=  1.5754E-03 ( 54, 14)
n=  2161   udiff=  3.3934E-03 ( 88,  1)   vdiff=  1.5755E-03 ( 54, 14)
n=  2162   udiff=  3.3791E-03 ( 88,  1)   vdiff=  1.5700E-03 ( 54, 13)
n=  2163   udiff=  3.3649E-03 ( 88,  1)   vdiff=  1.5655E-03 ( 54, 14)
n=  2164   udiff=  3.3507E-03 ( 89,  1)   vdiff=  1.5640E-03 ( 54, 14)
n=  2165   udiff=  3.3369E-03 ( 89,  1)   vdiff=  1.5627E-03 ( 54, 14)
n=  2166   udiff=  3.3231E-03 ( 89,  1)   vdiff=  1.5543E-03 ( 54, 14)
n=  2167   udiff=  3.3094E-03 ( 89,  1)   vdiff=  1.5537E-03 ( 54, 14)
n=  2168   udiff=  3.2956E-03 ( 89,  1)   vdiff=  1.5508E-03 ( 54, 14)
n=  2169   udiff=  3.2820E-03 ( 89,  1)   vdiff=  1.5471E-03 ( 54, 14)
n=  2170   udiff=  3.2683E-03 ( 89,  1)   vdiff=  1.5430E-03 ( 54, 14)
n=  2171   udiff=  3.2547E-03 ( 89,  1)   vdiff=  1.5394E-03 ( 54, 14)
n=  2172   udiff=  3.2411E-03 ( 89,  1)   vdiff=  1.5416E-03 ( 54, 14)
n=  2173   udiff=  3.2276E-03 ( 89,  1)   vdiff=  1.5357E-03 ( 54, 14)
n=  2174   udiff=  3.2141E-03 ( 89,  1)   vdiff=  1.5307E-03 ( 54, 14)
n=  2175   udiff=  3.2006E-03 ( 89,  1)   vdiff=  1.5262E-03 ( 54, 14)
n=  2176   udiff=  3.1872E-03 ( 89,  1)   vdiff=  1.5272E-03 ( 54, 14)
n=  2177   udiff=  3.1738E-03 ( 89,  1)   vdiff=  1.5189E-03 ( 54, 14)
n=  2178   udiff=  3.1605E-03 ( 89,  1)   vdiff=  1.5196E-03 ( 54, 14)
n=  2179   udiff=  3.1473E-03 ( 90,  1)   vdiff=  1.5147E-03 ( 55, 13)
n=  2180   udiff=  3.1343E-03 ( 90,  1)   vdiff=  1.5106E-03 ( 54, 14)
n=  2181   udiff=  3.1214E-03 ( 90,  1)   vdiff=  1.5094E-03 ( 55, 14)
n=  2182   udiff=  3.1085E-03 ( 90,  1)   vdiff=  1.5079E-03 ( 55, 14)
n=  2183   udiff=  3.0956E-03 ( 90,  1)   vdiff=  1.5024E-03 ( 55, 14)
n=  2184   udiff=  3.0828E-03 ( 90,  1)   vdiff=  1.5009E-03 ( 55, 14)
n=  2185   udiff=  3.0701E-03 ( 90,  1)   vdiff=  1.5012E-03 ( 55, 14)
n=  2186   udiff=  3.0572E-03 ( 90,  1)   vdiff=  1.5013E-03 ( 55, 14)
n=  2187   udiff=  3.0445E-03 ( 90,  1)   vdiff=  1.5013E-03 ( 55, 14)
n=  2188   udiff=  3.0318E-03 ( 90,  1)   vdiff=  1.4950E-03 ( 55, 14)
n=  2189   udiff=  3.0192E-03 ( 90,  1)   vdiff=  1.4924E-03 ( 55, 14)
n=  2190   udiff=  3.0065E-03 ( 90,  1)   vdiff=  1.4912E-03 ( 55, 14)
n=  2191   udiff=  2.9940E-03 ( 90,  1)   vdiff=  1.4906E-03 ( 55, 14)
n=  2192   udiff=  2.9814E-03 ( 90,  1)   vdiff=  1.4873E-03 ( 55, 14)
n=  2193   udiff=  2.9689E-03 ( 90,  1)   vdiff=  1.4845E-03 ( 55, 14)
n=  2194   udiff=  2.9565E-03 ( 91,  1)   vdiff=  1.4842E-03 ( 55, 14)
n=  2195   udiff=  2.9444E-03 ( 91,  1)   vdiff=  1.4803E-03 ( 55, 14)
n=  2196   udiff=  2.9322E-03 ( 91,  1)   vdiff=  1.4835E-03 ( 55, 14)
n=  2197   udiff=  2.9201E-03 ( 91,  1)   vdiff=  1.4789E-03 ( 55, 14)
n=  2198   udiff=  2.9081E-03 ( 91,  1)   vdiff=  1.4778E-03 ( 55, 14)
n=  2199   udiff=  2.8961E-03 ( 91,  1)   vdiff=  1.4735E-03 ( 55, 14)
n=  2200   udiff=  2.8841E-03 ( 91,  1)   vdiff=  1.4683E-03 ( 55, 14)
n=  2201   udiff=  2.8721E-03 ( 91,  1)   vdiff=  1.4720E-03 ( 55, 14)
n=  2202   udiff=  2.8601E-03 ( 91,  1)   vdiff=  1.4651E-03 ( 55, 14)
n=  2203   udiff=  2.8482E-03 ( 91,  1)   vdiff=  1.4648E-03 ( 55, 15)
n=  2204   udiff=  2.8364E-03 ( 91,  1)   vdiff=  1.4649E-03 ( 55, 14)
n=  2205   udiff=  2.8245E-03 ( 91,  1)   vdiff=  1.4589E-03 ( 55, 14)
n=  2206   udiff=  2.8127E-03 ( 91,  1)   vdiff=  1.4597E-03 ( 55, 15)
n=  2207   udiff=  2.8009E-03 ( 91,  1)   vdiff=  1.4587E-03 ( 55, 15)
n=  2208   udiff=  2.7892E-03 ( 91,  1)   vdiff=  1.4545E-03 ( 55, 14)
n=  2209   udiff=  2.7776E-03 ( 92,  1)   vdiff=  1.4549E-03 ( 55, 15)
n=  2210   udiff=  2.7661E-03 ( 92,  1)   vdiff=  1.4485E-03 ( 55, 14)
n=  2211   udiff=  2.7548E-03 ( 92,  1)   vdiff=  1.4489E-03 ( 55, 15)
n=  2212   udiff=  2.7434E-03 ( 92,  1)   vdiff=  1.4525E-03 ( 55, 15)
n=  2213   udiff=  2.7321E-03 ( 92,  1)   vdiff=  1.4457E-03 ( 56, 14)
n=  2214   udiff=  2.7208E-03 ( 92,  1)   vdiff=  1.4444E-03 ( 56, 14)
n=  2215   udiff=  2.7096E-03 ( 92,  1)   vdiff=  1.4444E-03 ( 55, 15)
n=  2216   udiff=  2.6984E-03 ( 92,  1)   vdiff=  1.4434E-03 ( 55, 15)
n=  2217   udiff=  2.6871E-03 ( 92,  1)   vdiff=  1.4434E-03 ( 56, 15)
n=  2218   udiff=  2.6760E-03 ( 92,  1)   vdiff=  1.4396E-03 ( 56, 14)
n=  2219   udiff=  2.6648E-03 ( 92,  1)   vdiff=  1.4404E-03 ( 56, 14)
n=  2220   udiff=  2.6537E-03 ( 92,  1)   vdiff=  1.4368E-03 ( 56, 15)
n=  2221   udiff=  2.6427E-03 ( 92,  1)   vdiff=  1.4375E-03 ( 56, 15)
n=  2222   udiff=  2.6316E-03 ( 92,  1)   vdiff=  1.4385E-03 ( 56, 15)
n=  2223   udiff=  2.6206E-03 ( 92,  1)   vdiff=  1.4381E-03 ( 56, 15)
n=  2224   udiff=  2.6096E-03 ( 92,  1)   vdiff=  1.4372E-03 ( 56, 15)
n=  2225   udiff=  2.5989E-03 ( 93,  1)   vdiff=  1.4385E-03 ( 56, 15)
n=  2226   udiff=  2.5882E-03 ( 93,  1)   vdiff=  1.4380E-03 ( 56, 15)
n=  2227   udiff=  2.5776E-03 ( 93,  1)   vdiff=  1.4323E-03 ( 56, 15)
n=  2228   udiff=  2.5669E-03 ( 93,  1)   vdiff=  1.4324E-03 ( 56, 15)
n=  2229   udiff=  2.5564E-03 ( 93,  1)   vdiff=  1.4312E-03 ( 56, 15)
n=  2230   udiff=  2.5458E-03 ( 93,  1)   vdiff=  1.4323E-03 ( 56, 15)
n=  2231   udiff=  2.5353E-03 ( 93,  1)   vdiff=  1.4318E-03 ( 56, 15)
n=  2232   udiff=  2.5248E-03 ( 93,  1)   vdiff=  1.4311E-03 ( 56, 15)
n=  2233   udiff=  2.5143E-03 ( 93,  1)   vdiff=  1.4299E-03 ( 56, 15)
n=  2234   udiff=  2.5039E-03 ( 93,  1)   vdiff=  1.4314E-03 ( 56, 15)
n=  2235   udiff=  2.4934E-03 ( 93,  1)   vdiff=  1.4283E-03 ( 56, 15)
n=  2236   udiff=  2.4830E-03 ( 93,  1)   vdiff=  1.4288E-03 ( 56, 15)
n=  2237   udiff=  2.4726E-03 ( 93,  1)   vdiff=  1.4253E-03 ( 56, 15)
n=  2238   udiff=  2.4623E-03 ( 93,  1)   vdiff=  1.4263E-03 ( 56, 15)
n=  2239   udiff=  2.4520E-03 ( 93,  1)   vdiff=  1.4259E-03 ( 56, 15)
n=  2240   udiff=  2.4418E-03 ( 94,  1)   vdiff=  1.4296E-03 ( 56, 15)
n=  2241   udiff=  2.4318E-03 ( 94,  1)   vdiff=  1.4263E-03 ( 56, 15)
n=  2242   udiff=  2.4218E-03 ( 94,  1)   vdiff=  1.4236E-03 ( 56, 15)
n=  2243   udiff=  2.4118E-03 ( 94,  1)   vdiff=  1.4223E-03 ( 56, 15)
n=  2244   udiff=  2.4019E-03 ( 94,  1)   vdiff=  1.4210E-03 ( 56, 15)
n=  2245   udiff=  2.3920E-03 ( 94,  1)   vdiff=  1.4192E-03 ( 56, 15)
n=  2246   udiff=  2.3821E-03 ( 94,  1)   vdiff=  1.4178E-03 ( 56, 15)
n=  2247   udiff=  2.3722E-03 ( 94,  1)   vdiff=  1.4144E-03 ( 56, 15)
n=  2248   udiff=  2.3624E-03 ( 94,  1)   vdiff=  1.4164E-03 ( 56, 15)
n=  2249   udiff=  2.3526E-03 ( 94,  1)   vdiff=  1.4163E-03 ( 56, 15)
n=  2250   udiff=  2.3428E-03 ( 94,  1)   vdiff=  1.4124E-03 ( 56, 15)
n=  2251   udiff=  2.3331E-03 ( 94,  1)   vdiff=  1.4150E-03 ( 56, 15)
n=  2252   udiff=  2.3234E-03 ( 94,  1)   vdiff=  1.4121E-03 ( 56, 15)
n=  2253   udiff=  2.3137E-03 ( 94,  1)   vdiff=  1.4095E-03 ( 57, 15)
n=  2254   udiff=  2.3040E-03 ( 94,  1)   vdiff=  1.4074E-03 ( 57, 15)
n=  2255   udiff=  2.2943E-03 ( 94,  1)   vdiff=  1.4100E-03 ( 57, 15)
n=  2256   udiff=  2.2848E-03 ( 95,  1)   vdiff=  1.4078E-03 ( 57, 15)
n=  2257   udiff=  2.2754E-03 ( 95,  1)   vdiff=  1.4065E-03 ( 56, 15)
n=  2258   udiff=  2.2661E-03 ( 95,  1)   vdiff=  1.4070E-03 ( 57, 15)
n=  2259   udiff=  2.2567E-03 ( 95,  1)   vdiff=  1.4057E-03 ( 57, 15)
n=  2260   udiff=  2.2474E-03 ( 95,  1)   vdiff=  1.4096E-03 ( 57, 15)
n=  2261   udiff=  2.2382E-03 ( 95,  1)   vdiff=  1.4084E-03 ( 57, 15)
n=  2262   udiff=  2.2289E-03 ( 95,  1)   vdiff=  1.4041E-03 ( 57, 15)
n=  2263   udiff=  2.2197E-03 ( 95,  1)   vdiff=  1.4071E-03 ( 57, 15)
n=  2264   udiff=  2.2105E-03 ( 95,  1)   vdiff=  1.4057E-03 ( 57, 15)
n=  2265   udiff=  2.2013E-03 ( 95,  1)   vdiff=  1.4094E-03 ( 57, 15)
n=  2266   udiff=  2.1921E-03 ( 95,  1)   vdiff=  1.4056E-03 ( 57, 15)
n=  2267   udiff=  2.1830E-03 ( 95,  1)   vdiff=  1.4028E-03 ( 57, 15)
n=  2268   udiff=  2.1740E-03 ( 95,  1)   vdiff=  1.4049E-03 ( 57, 15)
n=  2269   udiff=  2.1648E-03 ( 95,  1)   vdiff=  1.4019E-03 ( 57, 15)
n=  2270   udiff=  2.1558E-03 ( 95,  1)   vdiff=  1.4065E-03 ( 57, 15)
n=  2271   udiff=  2.1468E-03 ( 95,  1)   vdiff=  1.4027E-03 ( 57, 15)
n=  2272   udiff=  2.1378E-03 ( 96,  1)   vdiff=  1.4037E-03 ( 57, 15)
n=  2273   udiff=  2.1290E-03 ( 96,  1)   vdiff=  1.4006E-03 ( 57, 15)
n=  2274   udiff=  2.1203E-03 ( 96,  1)   vdiff=  1.4029E-03 ( 57, 15)
n=  2275   udiff=  2.1116E-03 ( 96,  1)   vdiff=  1.4013E-03 ( 57, 15)
n=  2276   udiff=  2.1028E-03 ( 96,  1)   vdiff=  1.4034E-03 ( 57, 15)
n=  2277   udiff=  2.0942E-03 ( 96,  1)   vdiff=  1.3975E-03 ( 57, 15)
n=  2278   udiff=  2.0855E-03 ( 96,  1)   vdiff=  1.4004E-03 ( 57, 15)
n=  2279   udiff=  2.0768E-03 ( 96,  1)   vdiff=  1.3948E-03 ( 57, 15)
n=  2280   udiff=  2.0683E-03 ( 96,  1)   vdiff=  1.3980E-03 ( 57, 15)
n=  2281   udiff=  2.0597E-03 ( 96,  1)   vdiff=  1.3922E-03 ( 57, 15)
n=  2282   udiff=  2.0511E-03 ( 96,  1)   vdiff=  1.3950E-03 ( 57, 15)
n=  2283   udiff=  2.0425E-03 ( 96,  1)   vdiff=  1.3951E-03 ( 57, 16)
n=  2284   udiff=  2.0340E-03 ( 96,  1)   vdiff=  1.3933E-03 ( 57, 15)
n=  2285   udiff=  2.0255E-03 ( 96,  1)   vdiff=  1.3952E-03 ( 57, 15)
n=  2286   udiff=  2.0170E-03 ( 96,  1)   vdiff=  1.3934E-03 ( 57, 16)
n=  2287   udiff=  2.0086E-03 ( 96,  1)   vdiff=  1.3892E-03 ( 57, 16)
n=  2288   udiff=  2.0002E-03 ( 96,  1)   vdiff=  1.3900E-03 ( 57, 15)
n=  2289   udiff=  1.9919E-03 ( 97,  1)   vdiff=  1.3879E-03 ( 57, 16)
n=  2290   udiff=  1.9837E-03 ( 97,  1)   vdiff=  1.3846E-03 ( 57, 16)
n=  2291   udiff=  1.9755E-03 ( 97,  1)   vdiff=  1.3881E-03 ( 57, 16)
n=  2292   udiff=  1.9674E-03 ( 97,  1)   vdiff=  1.3863E-03 ( 57, 15)
n=  2293   udiff=  1.9592E-03 ( 97,  1)   vdiff=  1.3853E-03 ( 57, 16)
n=  2294   udiff=  1.9511E-03 ( 97,  1)   vdiff=  1.3809E-03 ( 57, 16)
n=  2295   udiff=  1.9430E-03 ( 97,  1)   vdiff=  1.3816E-03 ( 57, 15)
n=  2296   udiff=  1.9350E-03 ( 97,  1)   vdiff=  1.3819E-03 ( 57, 16)
n=  2297   udiff=  1.9269E-03 ( 97,  1)   vdiff=  1.3794E-03 ( 57, 16)
n=  2298   udiff=  1.9189E-03 ( 97,  1)   vdiff=  1.3819E-03 ( 57, 16)
n=  2299   udiff=  1.9109E-03 ( 97,  1)   vdiff=  1.3731E-03 ( 57, 16)
n=  2300   udiff=  1.9029E-03 ( 97,  1)   vdiff=  1.3721E-03 ( 57, 16)
n=  2301   udiff=  1.8949E-03 ( 97,  1)   vdiff=  1.3747E-03 ( 57, 16)
n=  2302   udiff=  1.8870E-03 ( 97,  1)   vdiff=  1.3705E-03 ( 57, 16)
n=  2303   udiff=  1.8791E-03 ( 97,  1)   vdiff=  1.3703E-03 ( 57, 16)
n=  2304   udiff=  1.8712E-03 ( 97,  1)   vdiff=  1.3712E-03 ( 57, 16)
n=  2305   udiff=  1.8633E-03 ( 97,  1)   vdiff=  1.3703E-03 ( 57, 15)
n=  2306   udiff=  1.8556E-03 ( 98,  1)   vdiff=  1.3690E-03 ( 57, 16)
n=  2307   udiff=  1.8480E-03 ( 98,  1)   vdiff=  1.3670E-03 ( 57, 16)
n=  2308   udiff=  1.8403E-03 ( 98,  1)   vdiff=  1.3645E-03 ( 57, 16)
n=  2309   udiff=  1.8327E-03 ( 98,  1)   vdiff=  1.3674E-03 ( 57, 16)
n=  2310   udiff=  1.8251E-03 ( 98,  1)   vdiff=  1.3679E-03 ( 57, 16)
n=  2311   udiff=  1.8176E-03 ( 98,  1)   vdiff=  1.3629E-03 ( 57, 16)
n=  2312   udiff=  1.8100E-03 ( 98,  1)   vdiff=  1.3629E-03 ( 57, 16)
n=  2313   udiff=  1.8025E-03 ( 98,  1)   vdiff=  1.3586E-03 ( 57, 16)
n=  2314   udiff=  1.7950E-03 ( 98,  1)   vdiff=  1.3559E-03 ( 57, 16)
n=  2315   udiff=  1.7875E-03 ( 98,  1)   vdiff=  1.3529E-03 ( 57, 16)
n=  2316   udiff=  1.7800E-03 ( 98,  1)   vdiff=  1.3573E-03 ( 57, 16)
n=  2317   udiff=  1.7726E-03 ( 98,  1)   vdiff=  1.3528E-03 ( 57, 16)
n=  2318   udiff=  1.7651E-03 ( 98,  1)   vdiff=  1.3506E-03 ( 57, 16)
n=  2319   udiff=  1.7577E-03 ( 98,  1)   vdiff=  1.3522E-03 ( 57, 16)
n=  2320   udiff=  1.7503E-03 ( 98,  1)   vdiff=  1.3491E-03 ( 57, 16)
n=  2321   udiff=  1.7430E-03 ( 98,  1)   vdiff=  1.3445E-03 ( 57, 16)
n=  2322   udiff=  1.7356E-03 ( 98,  1)   vdiff=  1.3466E-03 ( 57, 16)
n=  2323   udiff=  1.7283E-03 ( 98,  1)   vdiff=  1.3434E-03 ( 57, 16)
n=  2324   udiff=  1.7211E-03 ( 99,  1)   vdiff=  1.3430E-03 ( 57, 16)
n=  2325   udiff=  1.7141E-03 ( 99,  1)   vdiff=  1.3400E-03 ( 57, 16)
n=  2326   udiff=  1.7069E-03 ( 99,  1)   vdiff=  1.3391E-03 ( 57, 16)
n=  2327   udiff=  1.6998E-03 ( 99,  1)   vdiff=  1.3349E-03 ( 57, 16)
n=  2328   udiff=  1.6928E-03 ( 99,  1)   vdiff=  1.3337E-03 ( 57, 16)
n=  2329   udiff=  1.6857E-03 ( 99,  1)   vdiff=  1.3311E-03 ( 57, 16)
n=  2330   udiff=  1.6787E-03 ( 99,  1)   vdiff=  1.3305E-03 ( 57, 16)
n=  2331   udiff=  1.6717E-03 ( 99,  1)   vdiff=  1.3288E-03 ( 57, 16)
n=  2332   udiff=  1.6647E-03 ( 99,  1)   vdiff=  1.3264E-03 ( 57, 16)
n=  2333   udiff=  1.6577E-03 ( 99,  1)   vdiff=  1.3247E-03 ( 57, 16)
n=  2334   udiff=  1.6508E-03 ( 99,  1)   vdiff=  1.3240E-03 ( 57, 16)
n=  2335   udiff=  1.6438E-03 ( 99,  1)   vdiff=  1.3229E-03 ( 57, 16)
n=  2336   udiff=  1.6369E-03 ( 99,  1)   vdiff=  1.3243E-03 ( 57, 16)
n=  2337   udiff=  1.6300E-03 ( 99,  1)   vdiff=  1.3183E-03 ( 58, 16)
n=  2338   udiff=  1.6231E-03 ( 99,  1)   vdiff=  1.3177E-03 ( 58, 16)
n=  2339   udiff=  1.6163E-03 ( 99,  1)   vdiff=  1.3138E-03 ( 58, 15)
n=  2340   udiff=  1.6094E-03 ( 99,  1)   vdiff=  1.3123E-03 ( 58, 15)
n=  2341   udiff=  1.6026E-03 ( 99,  1)   vdiff=  1.3120E-03 ( 58, 15)
n=  2342   udiff=  1.5959E-03 (100,  1)   vdiff=  1.3105E-03 ( 58, 15)
n=  2343   udiff=  1.5892E-03 (100,  1)   vdiff=  1.3123E-03 ( 58, 16)
n=  2344   udiff=  1.5826E-03 (100,  1)   vdiff=  1.3095E-03 ( 58, 16)
n=  2345   udiff=  1.5760E-03 (100,  1)   vdiff=  1.3072E-03 ( 58, 16)
n=  2346   udiff=  1.5695E-03 (100,  1)   vdiff=  1.3053E-03 ( 58, 16)
n=  2347   udiff=  1.5629E-03 (100,  1)   vdiff=  1.3034E-03 ( 58, 16)
n=  2348   udiff=  1.5563E-03 (100,  1)   vdiff=  1.3043E-03 ( 58, 15)
n=  2349   udiff=  1.5498E-03 (100,  1)   vdiff=  1.3005E-03 ( 58, 15)
n=  2350   udiff=  1.5433E-03 (100,  1)   vdiff=  1.2971E-03 ( 58, 15)
n=  2351   udiff=  1.5368E-03 (100,  1)   vdiff=  1.2963E-03 ( 58, 15)
n=  2352   udiff=  1.5303E-03 (100,  1)   vdiff=  1.2991E-03 ( 58, 16)
n=  2353   udiff=  1.5239E-03 (100,  1)   vdiff=  1.2962E-03 ( 58, 15)
n=  2354   udiff=  1.5174E-03 (100,  1)   vdiff=  1.2899E-03 ( 58, 15)
n=  2355   udiff=  1.5110E-03 (100,  1)   vdiff=  1.2912E-03 ( 58, 16)
n=  2356   udiff=  1.5046E-03 (100,  1)   vdiff=  1.2889E-03 ( 58, 15)
n=  2357   udiff=  1.4982E-03 (100,  1)   vdiff=  1.2850E-03 ( 58, 16)
n=  2358   udiff=  1.4919E-03 (100,  1)   vdiff=  1.2859E-03 ( 58, 16)
n=  2359   udiff=  1.4855E-03 (100,  1)   vdiff=  1.2834E-03 ( 58, 16)
n=  2360   udiff=  1.4792E-03 (100,  1)   vdiff=  1.2808E-03 ( 58, 16)
n=  2361   udiff=  1.4729E-03 (101,  1)   vdiff=  1.2779E-03 ( 58, 15)
n=  2362   udiff=  1.4667E-03 (101,  1)   vdiff=  1.2796E-03 ( 58, 16)
n=  2363   udiff=  1.4606E-03 (101,  1)   vdiff=  1.2737E-03 ( 58, 16)
n=  2364   udiff=  1.4545E-03 (101,  1)   vdiff=  1.2755E-03 ( 58, 16)
n=  2365   udiff=  1.4484E-03 (101,  1)   vdiff=  1.2747E-03 ( 58, 16)
n=  2366   udiff=  1.4422E-03 (101,  1)   vdiff=  1.2688E-03 ( 58, 16)
n=  2367   udiff=  1.4362E-03 (101,  1)   vdiff=  1.2701E-03 ( 58, 16)
n=  2368   udiff=  1.4302E-03 (101,  1)   vdiff=  1.2681E-03 ( 58, 16)
n=  2369   udiff=  1.4241E-03 (101,  1)   vdiff=  1.2628E-03 ( 58, 15)
n=  2370   udiff=  1.4181E-03 (101,  1)   vdiff=  1.2617E-03 ( 58, 16)
n=  2371   udiff=  1.4121E-03 (101,  1)   vdiff=  1.2611E-03 ( 58, 16)
n=  2372   udiff=  1.4061E-03 (101,  1)   vdiff=  1.2615E-03 ( 58, 16)
n=  2373   udiff=  1.4001E-03 (101,  1)   vdiff=  1.2603E-03 ( 58, 16)
n=  2374   udiff=  1.3941E-03 (101,  1)   vdiff=  1.2547E-03 ( 58, 15)
n=  2375   udiff=  1.3882E-03 (101,  1)   vdiff=  1.2527E-03 ( 58, 15)
n=  2376   udiff=  1.3823E-03 (101,  1)   vdiff=  1.2496E-03 ( 58, 16)
n=  2377   udiff=  1.3763E-03 (101,  1)   vdiff=  1.2488E-03 ( 58, 16)
n=  2378   udiff=  1.3705E-03 (101,  1)   vdiff=  1.2508E-03 ( 58, 16)
n=  2379   udiff=  1.3645E-03 (101,  1)   vdiff=  1.2496E-03 ( 58, 16)
n=  2380   udiff=  1.3587E-03 (101,  1)   vdiff=  1.2458E-03 ( 58, 16)
n=  2381   udiff=  1.3528E-03 (101,  1)   vdiff=  1.2426E-03 ( 58, 16)
n=  2382   udiff=  1.3471E-03 (102,  1)   vdiff=  1.2370E-03 ( 58, 16)
n=  2383   udiff=  1.3414E-03 (102,  1)   vdiff=  1.2370E-03 ( 58, 16)
n=  2384   udiff=  1.3357E-03 (102,  1)   vdiff=  1.2329E-03 ( 58, 16)
n=  2385   udiff=  1.3301E-03 (102,  1)   vdiff=  1.2346E-03 ( 58, 16)
n=  2386   udiff=  1.3244E-03 (102,  1)   vdiff=  1.2314E-03 ( 58, 16)
n=  2387   udiff=  1.3188E-03 (102,  1)   vdiff=  1.2265E-03 ( 58, 16)
n=  2388   udiff=  1.3132E-03 (102,  1)   vdiff=  1.2275E-03 ( 58, 16)
n=  2389   udiff=  1.3076E-03 (102,  1)   vdiff=  1.2237E-03 ( 58, 16)
n=  2390   udiff=  1.3020E-03 (102,  1)   vdiff=  1.2246E-03 ( 58, 16)
n=  2391   udiff=  1.2965E-03 (102,  1)   vdiff=  1.2192E-03 ( 58, 16)
n=  2392   udiff=  1.2909E-03 (102,  1)   vdiff=  1.2205E-03 ( 58, 16)
n=  2393   udiff=  1.2854E-03 (102,  1)   vdiff=  1.2123E-03 ( 58, 16)
n=  2394   udiff=  1.2799E-03 (102,  1)   vdiff=  1.2135E-03 ( 58, 16)
n=  2395   udiff=  1.2744E-03 (102,  1)   vdiff=  1.2100E-03 ( 58, 15)
n=  2396   udiff=  1.2689E-03 (102,  1)   vdiff=  1.2078E-03 ( 58, 16)
n=  2397   udiff=  1.2635E-03 (102,  1)   vdiff=  1.2080E-03 ( 58, 16)
n=  2398   udiff=  1.2580E-03 (102,  1)   vdiff=  1.2075E-03 ( 58, 16)
n=  2399   udiff=  1.2526E-03 (102,  1)   vdiff=  1.1991E-03 ( 58, 16)
n=  2400   udiff=  1.2472E-03 (102,  1)   vdiff=  1.2000E-03 ( 58, 16)
n=  2401   udiff=  1.2418E-03 (102,  1)   vdiff=  1.1981E-03 ( 58, 16)
n=  2402   udiff=  1.2364E-03 (102,  1)   vdiff=  1.1956E-03 ( 58, 16)
n=  2403   udiff=  1.2310E-03 (102,  1)   vdiff=  1.1933E-03 ( 58, 16)
n=  2404   udiff=  1.2257E-03 (102,  1)   vdiff=  1.1911E-03 ( 58, 16)
n=  2405   udiff=  1.2204E-03 (103,  1)   vdiff=  1.1876E-03 ( 58, 16)
n=  2406   udiff=  1.2152E-03 (103,  1)   vdiff=  1.1860E-03 ( 58, 16)
n=  2407   udiff=  1.2100E-03 (103,  1)   vdiff=  1.1827E-03 ( 58, 16)
n=  2408   udiff=  1.2048E-03 (103,  1)   vdiff=  1.1799E-03 ( 58, 16)
n=  2409   udiff=  1.1997E-03 (103,  1)   vdiff=  1.1757E-03 ( 58, 16)
n=  2410   udiff=  1.1945E-03 (103,  1)   vdiff=  1.1783E-03 ( 58, 16)
n=  2411   udiff=  1.1893E-03 (103,  1)   vdiff=  1.1729E-03 ( 58, 16)
n=  2412   udiff=  1.1842E-03 (103,  1)   vdiff=  1.1699E-03 ( 58, 15)
n=  2413   udiff=  1.1791E-03 (103,  1)   vdiff=  1.1701E-03 ( 58, 16)
n=  2414   udiff=  1.1740E-03 (103,  1)   vdiff=  1.1645E-03 ( 58, 16)
n=  2415   udiff=  1.1689E-03 (103,  1)   vdiff=  1.1613E-03 ( 58, 16)
n=  2416   udiff=  1.1639E-03 (103,  1)   vdiff=  1.1610E-03 ( 58, 16)
n=  2417   udiff=  1.1589E-03 (103,  1)   vdiff=  1.1619E-03 ( 58, 16)
n=  2418   udiff=  1.1537E-03 (103,  1)   vdiff=  1.1568E-03 ( 58, 16)
n=  2419   udiff=  1.1488E-03 (103,  1)   vdiff=  1.1560E-03 ( 58, 16)
n=  2420   udiff=  1.1438E-03 (103,  1)   vdiff=  1.1504E-03 ( 58, 16)
n=  2421   udiff=  1.1388E-03 (103,  1)   vdiff=  1.1500E-03 ( 58, 16)
n=  2422   udiff=  1.1338E-03 (103,  1)   vdiff=  1.1494E-03 ( 58, 16)
n=  2423   udiff=  1.1289E-03 (103,  1)   vdiff=  1.1385E-03 ( 58, 16)
n=  2424   udiff=  1.1239E-03 (103,  1)   vdiff=  1.1411E-03 ( 58, 16)
n=  2425   udiff=  1.1190E-03 (103,  1)   vdiff=  1.1369E-03 ( 58, 16)
n=  2426   udiff=  1.1140E-03 (103,  1)   vdiff=  1.1364E-03 ( 58, 16)
n=  2427   udiff=  1.1091E-03 (103,  1)   vdiff=  1.1335E-03 ( 58, 16)
n=  2428   udiff=  1.1043E-03 (103,  1)   vdiff=  1.1333E-03 ( 58, 16)
n=  2429   udiff=  1.0994E-03 (103,  1)   vdiff=  1.1277E-03 ( 58, 16)
n=  2430   udiff=  1.0946E-03 (104,  1)   vdiff=  1.1277E-03 ( 58, 16)
n=  2431   udiff=  1.0899E-03 (104,  1)   vdiff=  1.1236E-03 ( 58, 16)
n=  2432   udiff=  1.0852E-03 (104,  1)   vdiff=  1.1200E-03 ( 58, 16)
n=  2433   udiff=  1.0804E-03 (104,  1)   vdiff=  1.1162E-03 ( 58, 16)
n=  2434   udiff=  1.0757E-03 (104,  1)   vdiff=  1.1177E-03 ( 58, 16)
n=  2435   udiff=  1.0710E-03 (104,  1)   vdiff=  1.1143E-03 ( 58, 16)
n=  2436   udiff=  1.0663E-03 (104,  1)   vdiff=  1.1089E-03 ( 58, 16)
n=  2437   udiff=  1.0617E-03 (104,  1)   vdiff=  1.1100E-03 ( 58, 16)
n=  2438   udiff=  1.0570E-03 (104,  1)   vdiff=  1.1049E-03 ( 58, 16)
n=  2439   udiff=  1.0524E-03 (104,  1)   vdiff=  1.1052E-03 ( 58, 16)
n=  2440   udiff=  1.0478E-03 (104,  1)   vdiff=  1.0992E-03 ( 58, 16)
n=  2441   udiff=  1.0432E-03 (104,  1)   vdiff=  1.1007E-03 ( 58, 16)
n=  2442   udiff=  1.0386E-03 (104,  1)   vdiff=  1.0952E-03 ( 58, 16)
n=  2443   udiff=  1.0340E-03 (104,  1)   vdiff=  1.0926E-03 ( 58, 16)
n=  2444   udiff=  1.0294E-03 (104,  1)   vdiff=  1.0860E-03 ( 58, 16)
n=  2445   udiff=  1.0249E-03 (104,  1)   vdiff=  1.0863E-03 ( 58, 16)
n=  2446   udiff=  1.0203E-03 (104,  1)   vdiff=  1.0834E-03 ( 58, 16)
n=  2447   udiff=  1.0158E-03 (104,  1)   vdiff=  1.0825E-03 ( 58, 16)
n=  2448   udiff=  1.0113E-03 (104,  1)   vdiff=  1.0812E-03 ( 58, 16)
n=  2449   udiff=  1.0068E-03 (104,  1)   vdiff=  1.0726E-03 ( 58, 16)
n=  2450   udiff=  1.0023E-03 (104,  1)   vdiff=  1.0700E-03 ( 58, 16)
n=  2451   udiff=  9.9785E-04 (104,  1)   vdiff=  1.0677E-03 ( 58, 16)
n=  2452   udiff=  9.9338E-04 (104,  1)   vdiff=  1.0713E-03 ( 58, 16)
n=  2453   udiff=  9.8892E-04 (104,  1)   vdiff=  1.0664E-03 ( 58, 16)
n=  2454   udiff=  9.8447E-04 (104,  1)   vdiff=  1.0640E-03 ( 58, 16)
n=  2455   udiff=  9.8006E-04 (104,  1)   vdiff=  1.0640E-03 ( 58, 16)
n=  2456   udiff=  9.7568E-04 (104,  1)   vdiff=  1.0577E-03 ( 58, 16)
n=  2457   udiff=  9.7129E-04 (105,  1)   vdiff=  1.0534E-03 ( 58, 16)
n=  2458   udiff=  9.6699E-04 (105,  1)   vdiff=  1.0539E-03 ( 58, 16)
n=  2459   udiff=  9.6274E-04 (105,  1)   vdiff=  1.0477E-03 ( 58, 16)
n=  2460   udiff=  9.5848E-04 (105,  1)   vdiff=  1.0442E-03 ( 58, 16)
n=  2461   udiff=  9.5422E-04 (105,  1)   vdiff=  1.0466E-03 ( 58, 16)
n=  2462   udiff=  9.4999E-04 (105,  1)   vdiff=  1.0400E-03 ( 58, 16)
n=  2463   udiff=  9.4575E-04 (105,  1)   vdiff=  1.0390E-03 ( 58, 16)
n=  2464   udiff=  9.4154E-04 (105,  1)   vdiff=  1.0345E-03 ( 58, 16)
n=  2465   udiff=  9.3738E-04 (105,  1)   vdiff=  1.0334E-03 ( 58, 16)
n=  2466   udiff=  9.3317E-04 (105,  1)   vdiff=  1.0303E-03 ( 58, 16)
n=  2467   udiff=  9.2900E-04 (105,  1)   vdiff=  1.0247E-03 ( 58, 16)
n=  2468   udiff=  9.2484E-04 (105,  1)   vdiff=  1.0226E-03 ( 58, 16)
n=  2469   udiff=  9.2067E-04 (105,  1)   vdiff=  1.0207E-03 ( 58, 16)
n=  2470   udiff=  9.1656E-04 (105,  1)   vdiff=  1.0197E-03 ( 58, 16)
n=  2471   udiff=  9.1243E-04 (105,  1)   vdiff=  1.0174E-03 ( 58, 16)
n=  2472   udiff=  9.0830E-04 (105,  1)   vdiff=  1.0138E-03 ( 58, 16)
n=  2473   udiff=  9.0424E-04 (105,  1)   vdiff=  1.0126E-03 ( 58, 16)
n=  2474   udiff=  9.0012E-04 (105,  1)   vdiff=  1.0101E-03 ( 58, 16)
n=  2475   udiff=  8.9607E-04 (105,  1)   vdiff=  1.0078E-03 ( 58, 16)
n=  2476   udiff=  8.9201E-04 (105,  1)   vdiff=  1.0027E-03 ( 58, 16)
n=  2477   udiff=  8.8798E-04 (105,  1)   vdiff=  9.9857E-04 ( 58, 16)
n=  2478   udiff=  8.8396E-04 (105,  1)   vdiff=  9.9611E-04 ( 58, 16)
n=  2479   udiff=  8.7993E-04 (105,  1)   vdiff=  9.9596E-04 ( 58, 16)
n=  2480   udiff=  8.7595E-04 (105,  1)   vdiff=  9.9154E-04 ( 58, 16)
n=  2481   udiff=  8.7194E-04 (105,  1)   vdiff=  9.8686E-04 ( 58, 16)
n=  2482   udiff=  8.6795E-04 (105,  1)   vdiff=  9.8840E-04 ( 58, 16)
n=  2483   udiff=  8.6395E-04 (105,  1)   vdiff=  9.8294E-04 ( 58, 16)
n=  2484   udiff=  8.6002E-04 (105,  1)   vdiff=  9.8291E-04 ( 58, 16)
n=  2485   udiff=  8.5607E-04 (105,  1)   vdiff=  9.7569E-04 ( 58, 16)
n=  2486   udiff=  8.5211E-04 (105,  1)   vdiff=  9.7642E-04 ( 58, 16)
n=  2487   udiff=  8.4819E-04 (105,  1)   vdiff=  9.6940E-04 ( 58, 16)
n=  2488   udiff=  8.4430E-04 (105,  1)   vdiff=  9.6911E-04 ( 58, 16)
n=  2489   udiff=  8.4045E-04 (106,  1)   vdiff=  9.6636E-04 ( 58, 16)
n=  2490   udiff=  8.3663E-04 (106,  1)   vdiff=  9.6549E-04 ( 58, 16)
n=  2491   udiff=  8.3283E-04 (106,  1)   vdiff=  9.5883E-04 ( 58, 16)
n=  2492   udiff=  8.2907E-04 (106,  1)   vdiff=  9.5520E-04 ( 58, 16)
n=  2493   udiff=  8.2533E-04 (106,  1)   vdiff=  9.5275E-04 ( 58, 16)
n=  2494   udiff=  8.2157E-04 (106,  1)   vdiff=  9.5394E-04 ( 58, 16)
n=  2495   udiff=  8.1782E-04 (106,  1)   vdiff=  9.5022E-04 ( 58, 16)
n=  2496   udiff=  8.1409E-04 (106,  1)   vdiff=  9.4669E-04 ( 58, 16)
n=  2497   udiff=  8.1034E-04 (106,  1)   vdiff=  9.4840E-04 ( 58, 16)
n=  2498   udiff=  8.0662E-04 (106,  1)   vdiff=  9.4531E-04 ( 58, 16)
n=  2499   udiff=  8.0295E-04 (106,  1)   vdiff=  9.3926E-04 ( 58, 16)
n=  2500   udiff=  7.9926E-04 (106,  1)   vdiff=  9.3620E-04 ( 58, 16)
n=  2501   udiff=  7.9559E-04 (106,  1)   vdiff=  9.3205E-04 ( 58, 16)
n=  2502   udiff=  7.9192E-04 (106,  1)   vdiff=  9.3205E-04 ( 58, 16)
n=  2503   udiff=  7.8828E-04 (106,  1)   vdiff=  9.2703E-04 ( 58, 16)
n=  2504   udiff=  7.8463E-04 (106,  1)   vdiff=  9.2400E-04 ( 58, 16)
n=  2505   udiff=  7.8102E-04 (106,  1)   vdiff=  9.2517E-04 ( 58, 16)
n=  2506   udiff=  7.7736E-04 (106,  1)   vdiff=  9.1594E-04 ( 58, 16)
n=  2507   udiff=  7.7377E-04 (106,  1)   vdiff=  9.1642E-04 ( 58, 16)
n=  2508   udiff=  7.7023E-04 (106,  1)   vdiff=  9.1660E-04 ( 58, 16)
n=  2509   udiff=  7.6660E-04 (106,  1)   vdiff=  9.0940E-04 ( 58, 16)
n=  2510   udiff=  7.6303E-04 (106,  1)   vdiff=  9.0844E-04 ( 58, 16)
n=  2511   udiff=  7.5948E-04 (106,  1)   vdiff=  9.0556E-04 ( 58, 16)
n=  2512   udiff=  7.5594E-04 (106,  1)   vdiff=  9.0395E-04 ( 58, 16)
n=  2513   udiff=  7.5271E-04 ( 54,  1)   vdiff=  8.9832E-04 ( 58, 16)
n=  2514   udiff=  7.5031E-04 ( 54,  1)   vdiff=  8.9528E-04 ( 58, 16)
n=  2515   udiff=  7.4812E-04 ( 54,  1)   vdiff=  8.9472E-04 ( 58, 16)
n=  2516   udiff=  7.4588E-04 ( 54,  1)   vdiff=  8.9076E-04 ( 58, 16)
n=  2517   udiff=  7.4370E-04 ( 54,  1)   vdiff=  8.8649E-04 ( 58, 16)
n=  2518   udiff=  7.4143E-04 ( 54,  1)   vdiff=  8.9015E-04 ( 58, 16)
n=  2519   udiff=  7.3910E-04 ( 54,  1)   vdiff=  8.8691E-04 ( 58, 16)
n=  2520   udiff=  7.3703E-04 ( 54,  1)   vdiff=  8.8180E-04 ( 58, 16)
n=  2521   udiff=  7.3447E-04 ( 54,  1)   vdiff=  8.7713E-04 ( 58, 16)
n=  2522   udiff=  7.3239E-04 ( 54,  1)   vdiff=  8.7281E-04 ( 58, 16)
n=  2523   udiff=  7.3004E-04 ( 54,  1)   vdiff=  8.7509E-04 ( 58, 16)
n=  2524   udiff=  7.2796E-04 ( 54,  1)   vdiff=  8.6893E-04 ( 58, 16)
n=  2525   udiff=  7.2546E-04 ( 54,  1)   vdiff=  8.6739E-04 ( 58, 16)
n=  2526   udiff=  7.2364E-04 ( 54,  1)   vdiff=  8.6460E-04 ( 58, 16)
n=  2527   udiff=  7.2127E-04 ( 54,  1)   vdiff=  8.6063E-04 ( 58, 16)
n=  2528   udiff=  7.1892E-04 ( 54,  1)   vdiff=  8.6049E-04 ( 58, 16)
n=  2529   udiff=  7.1678E-04 ( 54,  1)   vdiff=  8.5472E-04 ( 58, 16)
n=  2530   udiff=  7.1433E-04 ( 54,  1)   vdiff=  8.5400E-04 ( 58, 16)
n=  2531   udiff=  7.1204E-04 ( 54,  1)   vdiff=  8.5315E-04 ( 58, 16)
n=  2532   udiff=  7.0979E-04 ( 54,  1)   vdiff=  8.4525E-04 ( 58, 16)
n=  2533   udiff=  7.0808E-04 ( 54,  1)   vdiff=  8.4485E-04 ( 58, 16)
n=  2534   udiff=  7.0566E-04 ( 54,  1)   vdiff=  8.4248E-04 ( 58, 16)
n=  2535   udiff=  7.0338E-04 ( 54,  1)   vdiff=  8.3921E-04 ( 58, 16)
n=  2536   udiff=  7.0102E-04 ( 54,  1)   vdiff=  8.3824E-04 ( 58, 16)
n=  2537   udiff=  6.9874E-04 ( 54,  1)   vdiff=  8.3583E-04 ( 58, 16)
n=  2538   udiff=  6.9641E-04 ( 54,  1)   vdiff=  8.3280E-04 ( 58, 16)
n=  2539   udiff=  6.9437E-04 ( 54,  1)   vdiff=  8.2853E-04 ( 58, 16)
n=  2540   udiff=  6.9208E-04 ( 54,  1)   vdiff=  8.2474E-04 ( 58, 16)
n=  2541   udiff=  6.9002E-04 ( 54,  1)   vdiff=  8.2181E-04 ( 58, 16)
n=  2542   udiff=  6.8772E-04 ( 54,  1)   vdiff=  8.2050E-04 ( 58, 16)
n=  2543   udiff=  6.8537E-04 ( 54,  1)   vdiff=  8.1519E-04 ( 58, 16)
n=  2544   udiff=  6.8315E-04 ( 54,  1)   vdiff=  8.1580E-04 ( 58, 16)
n=  2545   udiff=  6.8106E-04 ( 54,  1)   vdiff=  8.0952E-04 ( 58, 16)
n=  2546   udiff=  6.7867E-04 ( 54,  1)   vdiff=  8.1146E-04 ( 58, 16)
n=  2547   udiff=  6.7646E-04 ( 54,  1)   vdiff=  8.0731E-04 ( 58, 16)
n=  2548   udiff=  6.7429E-04 ( 54,  1)   vdiff=  8.0318E-04 ( 58, 16)
n=  2549   udiff=  6.7218E-04 ( 54,  1)   vdiff=  8.0225E-04 ( 58, 16)
n=  2550   udiff=  6.6988E-04 ( 54,  1)   vdiff=  7.9637E-04 ( 58, 16)
n=  2551   udiff=  6.6769E-04 ( 54,  1)   vdiff=  7.9637E-04 ( 58, 16)
n=  2552   udiff=  6.6552E-04 ( 54,  1)   vdiff=  7.9627E-04 ( 58, 16)
n=  2553   udiff=  6.6333E-04 ( 54,  1)   vdiff=  7.8817E-04 ( 58, 16)
n=  2554   udiff=  6.6105E-04 ( 54,  1)   vdiff=  7.8622E-04 ( 58, 16)
n=  2555   udiff=  6.5907E-04 ( 54,  1)   vdiff=  7.8624E-04 ( 58, 16)
n=  2556   udiff=  6.5651E-04 ( 54,  1)   vdiff=  7.8433E-04 ( 58, 16)
n=  2557   udiff=  6.5448E-04 ( 54,  1)   vdiff=  7.8259E-04 ( 58, 16)
n=  2558   udiff=  6.5247E-04 ( 54,  1)   vdiff=  7.7364E-04 ( 58, 16)
n=  2559   udiff=  6.5004E-04 ( 54,  1)   vdiff=  7.7421E-04 ( 58, 16)
n=  2560   udiff=  6.4792E-04 ( 54,  1)   vdiff=  7.7082E-04 ( 58, 16)
n=  2561   udiff=  6.4569E-04 ( 55,  1)   vdiff=  7.7078E-04 ( 58, 16)
n=  2562   udiff=  6.4366E-04 ( 55,  1)   vdiff=  7.6756E-04 ( 58, 16)
n=  2563   udiff=  6.4144E-04 ( 55,  1)   vdiff=  7.6428E-04 ( 58, 16)
n=  2564   udiff=  6.3932E-04 ( 54,  1)   vdiff=  7.6359E-04 ( 58, 16)
n=  2565   udiff=  6.3746E-04 ( 55,  1)   vdiff=  7.5737E-04 ( 58, 16)
n=  2566   udiff=  6.3526E-04 ( 55,  1)   vdiff=  7.5197E-04 ( 58, 16)
n=  2567   udiff=  6.3324E-04 ( 55,  1)   vdiff=  7.5490E-04 ( 58, 16)
n=  2568   udiff=  6.3139E-04 ( 55,  1)   vdiff=  7.4917E-04 ( 58, 16)
n=  2569   udiff=  6.2913E-04 ( 55,  1)   vdiff=  7.5109E-04 ( 58, 16)
n=  2570   udiff=  6.2697E-04 ( 55,  1)   vdiff=  7.4447E-04 ( 58, 16)
n=  2571   udiff=  6.2502E-04 ( 55,  1)   vdiff=  7.4002E-04 ( 58, 16)
n=  2572   udiff=  6.2292E-04 ( 55,  1)   vdiff=  7.3935E-04 ( 58, 16)
n=  2573   udiff=  6.2079E-04 ( 55,  1)   vdiff=  7.3887E-04 ( 58, 16)
n=  2574   udiff=  6.1882E-04 ( 55,  1)   vdiff=  7.3265E-04 ( 58, 16)
n=  2575   udiff=  6.1647E-04 ( 55,  1)   vdiff=  7.3289E-04 ( 58, 16)
n=  2576   udiff=  6.1461E-04 ( 55,  1)   vdiff=  7.3185E-04 ( 58, 16)
n=  2577   udiff=  6.1252E-04 ( 55,  1)   vdiff=  7.2741E-04 ( 58, 16)
n=  2578   udiff=  6.1032E-04 ( 55,  1)   vdiff=  7.2232E-04 ( 58, 16)
n=  2579   udiff=  6.0849E-04 ( 55,  1)   vdiff=  7.2101E-04 ( 58, 16)
n=  2580   udiff=  6.0639E-04 ( 55,  1)   vdiff=  7.1930E-04 ( 58, 16)
n=  2581   udiff=  6.0445E-04 ( 55,  1)   vdiff=  7.1717E-04 ( 58, 16)
n=  2582   udiff=  6.0226E-04 ( 55,  1)   vdiff=  7.1572E-04 ( 58, 16)
n=  2583   udiff=  6.0020E-04 ( 55,  1)   vdiff=  7.1233E-04 ( 58, 16)
n=  2584   udiff=  5.9833E-04 ( 55,  1)   vdiff=  7.0848E-04 ( 58, 16)
n=  2585   udiff=  5.9606E-04 ( 55,  1)   vdiff=  7.0486E-04 ( 58, 16)
n=  2586   udiff=  5.9417E-04 ( 55,  1)   vdiff=  7.0235E-04 ( 58, 16)
n=  2587   udiff=  5.9217E-04 ( 55,  1)   vdiff=  7.0011E-04 ( 58, 16)
n=  2588   udiff=  5.9014E-04 ( 55,  1)   vdiff=  7.0032E-04 ( 58, 16)
n=  2589   udiff=  5.8798E-04 ( 55,  1)   vdiff=  6.9742E-04 ( 58, 16)
n=  2590   udiff=  5.8602E-04 ( 55,  1)   vdiff=  6.9362E-04 ( 58, 16)
n=  2591   udiff=  5.8390E-04 ( 55,  1)   vdiff=  6.9311E-04 ( 58, 16)
n=  2592   udiff=  5.8200E-04 ( 55,  1)   vdiff=  6.8707E-04 ( 58, 16)
n=  2593   udiff=  5.7988E-04 ( 55,  1)   vdiff=  6.8288E-04 ( 58, 16)
n=  2594   udiff=  5.7792E-04 ( 55,  1)   vdiff=  6.8329E-04 ( 58, 16)
n=  2595   udiff=  5.7594E-04 ( 55,  1)   vdiff=  6.8237E-04 ( 58, 16)
n=  2596   udiff=  5.7395E-04 ( 55,  1)   vdiff=  6.7841E-04 ( 58, 16)
n=  2597   udiff=  5.7202E-04 ( 55,  1)   vdiff=  6.7758E-04 ( 58, 16)
n=  2598   udiff=  5.7001E-04 ( 55,  1)   vdiff=  6.7207E-04 ( 58, 16)
n=  2599   udiff=  5.6816E-04 ( 55,  1)   vdiff=  6.7090E-04 ( 58, 16)
n=  2600   udiff=  5.6606E-04 ( 55,  1)   vdiff=  6.6704E-04 ( 58, 16)
n=  2601   udiff=  5.6412E-04 ( 55,  1)   vdiff=  6.6759E-04 ( 58, 16)
n=  2602   udiff=  5.6211E-04 ( 55,  1)   vdiff=  6.6009E-04 ( 58, 16)
n=  2603   udiff=  5.5975E-04 ( 55,  1)   vdiff=  6.5706E-04 ( 58, 16)
n=  2604   udiff=  5.5782E-04 ( 55,  1)   vdiff=  6.5589E-04 ( 58, 16)
n=  2605   udiff=  5.5585E-04 ( 55,  1)   vdiff=  6.5461E-04 ( 58, 16)
n=  2606   udiff=  5.5393E-04 ( 55,  1)   vdiff=  6.5180E-04 ( 58, 16)
n=  2607   udiff=  5.5202E-04 ( 55,  1)   vdiff=  6.4954E-04 ( 58, 16)
n=  2608   udiff=  5.5018E-04 ( 55,  1)   vdiff=  6.4678E-04 ( 58, 16)
n=  2609   udiff=  5.4800E-04 ( 55,  1)   vdiff=  6.4867E-04 ( 58, 16)
n=  2610   udiff=  5.4633E-04 ( 55,  1)   vdiff=  6.4499E-04 ( 58, 16)
n=  2611   udiff=  5.4434E-04 ( 55,  1)   vdiff=  6.4101E-04 ( 58, 16)
n=  2612   udiff=  5.4213E-04 ( 55,  1)   vdiff=  6.3745E-04 ( 58, 16)
n=  2613   udiff=  5.4011E-04 ( 55,  1)   vdiff=  6.3376E-04 ( 58, 16)
n=  2614   udiff=  5.3830E-04 ( 55,  1)   vdiff=  6.3512E-04 ( 58, 16)
n=  2615   udiff=  5.3658E-04 ( 55,  1)   vdiff=  6.2984E-04 ( 58, 16)
n=  2616   udiff=  5.3455E-04 ( 55,  1)   vdiff=  6.3152E-04 ( 58, 16)
n=  2617   udiff=  5.3261E-04 ( 55,  1)   vdiff=  6.2606E-04 ( 58, 16)
n=  2618   udiff=  5.3047E-04 ( 55,  1)   vdiff=  6.2613E-04 ( 58, 16)
n=  2619   udiff=  5.2863E-04 ( 55,  1)   vdiff=  6.2115E-04 ( 58, 16)
n=  2620   udiff=  5.2649E-04 ( 55,  1)   vdiff=  6.2161E-04 ( 58, 16)
n=  2621   udiff=  5.2500E-04 ( 55,  1)   vdiff=  6.1452E-04 ( 58, 16)
n=  2622   udiff=  5.2278E-04 ( 55,  1)   vdiff=  6.1626E-04 ( 58, 16)
n=  2623   udiff=  5.2106E-04 ( 56,  1)   vdiff=  6.1190E-04 ( 58, 16)
n=  2624   udiff=  5.1923E-04 ( 56,  1)   vdiff=  6.0613E-04 ( 58, 16)
n=  2625   udiff=  5.1727E-04 ( 56,  1)   vdiff=  6.0734E-04 ( 58, 16)
n=  2626   udiff=  5.1558E-04 ( 56,  1)   vdiff=  6.0382E-04 ( 58, 16)
n=  2627   udiff=  5.1375E-04 ( 56,  1)   vdiff=  6.0444E-04 ( 58, 16)
n=  2628   udiff=  5.1187E-04 ( 56,  1)   vdiff=  5.9909E-04 ( 58, 16)
n=  2629   udiff=  5.1000E-04 ( 56,  1)   vdiff=  5.9755E-04 ( 58, 16)
n=  2630   udiff=  5.0797E-04 ( 56,  1)   vdiff=  5.9558E-04 ( 58, 16)
n=  2631   udiff=  5.0634E-04 ( 56,  1)   vdiff=  5.9284E-04 ( 58, 16)
n=  2632   udiff=  5.0436E-04 ( 56,  1)   vdiff=  5.9166E-04 ( 58, 16)
n=  2633   udiff=  5.0286E-04 ( 56,  1)   vdiff=  5.8793E-04 ( 58, 16)
n=  2634   udiff=  5.0083E-04 ( 56,  1)   vdiff=  5.8527E-04 ( 58, 16)
n=  2635   udiff=  4.9901E-04 ( 56,  1)   vdiff=  5.8102E-04 ( 58, 16)
n=  2636   udiff=  4.9710E-04 ( 56,  1)   vdiff=  5.7872E-04 ( 58, 16)
n=  2637   udiff=  4.9534E-04 ( 56,  1)   vdiff=  5.7903E-04 ( 58, 16)
n=  2638   udiff=  4.9338E-04 ( 56,  1)   vdiff=  5.7671E-04 ( 58, 16)
n=  2639   udiff=  4.9189E-04 ( 56,  1)   vdiff=  5.7346E-04 ( 58, 16)
n=  2640   udiff=  4.9025E-04 ( 56,  1)   vdiff=  5.7305E-04 ( 58, 16)
n=  2641   udiff=  4.8829E-04 ( 56,  1)   vdiff=  5.6708E-04 ( 58, 16)
n=  2642   udiff=  4.8654E-04 ( 56,  1)   vdiff=  5.6540E-04 ( 58, 16)
n=  2643   udiff=  4.8468E-04 ( 56,  1)   vdiff=  5.6524E-04 ( 58, 16)
n=  2644   udiff=  4.8292E-04 ( 56,  1)   vdiff=  5.5956E-04 ( 58, 16)
n=  2645   udiff=  4.8113E-04 ( 56,  1)   vdiff=  5.5983E-04 ( 58, 16)
n=  2646   udiff=  4.7947E-04 ( 56,  1)   vdiff=  5.5998E-04 ( 58, 16)
n=  2647   udiff=  4.7767E-04 ( 56,  1)   vdiff=  5.5237E-04 ( 58, 16)
n=  2648   udiff=  4.7572E-04 ( 56,  1)   vdiff=  5.5266E-04 ( 58, 16)
n=  2649   udiff=  4.7410E-04 ( 56,  1)   vdiff=  5.5338E-04 ( 58, 16)
n=  2650   udiff=  4.7220E-04 ( 56,  1)   vdiff=  5.4607E-04 ( 58, 16)
n=  2651   udiff=  4.7052E-04 ( 56,  1)   vdiff=  5.4589E-04 ( 58, 16)
n=  2652   udiff=  4.6870E-04 ( 56,  1)   vdiff=  5.4591E-04 ( 58, 16)
n=  2653   udiff=  4.6673E-04 ( 56,  1)   vdiff=  5.4293E-04 ( 58, 16)
n=  2654   udiff=  4.6522E-04 ( 56,  1)   vdiff=  5.4191E-04 ( 58, 16)
n=  2655   udiff=  4.6353E-04 ( 56,  1)   vdiff=  5.3790E-04 ( 58, 16)
n=  2656   udiff=  4.6168E-04 ( 56,  1)   vdiff=  5.3648E-04 ( 58, 16)
n=  2657   udiff=  4.6004E-04 ( 56,  1)   vdiff=  5.3494E-04 ( 58, 16)
n=  2658   udiff=  4.5820E-04 ( 56,  1)   vdiff=  5.3049E-04 ( 58, 16)
n=  2659   udiff=  4.5647E-04 ( 56,  1)   vdiff=  5.2888E-04 ( 58, 16)
n=  2660   udiff=  4.5481E-04 ( 56,  1)   vdiff=  5.2530E-04 ( 58, 16)
n=  2661   udiff=  4.5281E-04 ( 56,  1)   vdiff=  5.2382E-04 ( 58, 16)
n=  2662   udiff=  4.5124E-04 ( 56,  1)   vdiff=  5.2058E-04 ( 58, 16)
n=  2663   udiff=  4.4937E-04 ( 56,  1)   vdiff=  5.2197E-04 ( 58, 16)
n=  2664   udiff=  4.4765E-04 ( 56,  1)   vdiff=  5.1925E-04 ( 58, 16)
n=  2665   udiff=  4.4602E-04 ( 56,  1)   vdiff=  5.1568E-04 ( 58, 16)
n=  2666   udiff=  4.4445E-04 ( 56,  1)   vdiff=  5.1474E-04 ( 58, 16)
n=  2667   udiff=  4.4275E-04 ( 56,  1)   vdiff=  5.1158E-04 ( 58, 16)
n=  2668   udiff=  4.4092E-04 ( 56,  1)   vdiff=  5.0788E-04 ( 58, 16)
n=  2669   udiff=  4.3932E-04 ( 56,  1)   vdiff=  5.0804E-04 ( 58, 16)
n=  2670   udiff=  4.3747E-04 ( 56,  1)   vdiff=  5.0317E-04 ( 58, 16)
n=  2671   udiff=  4.3579E-04 ( 56,  1)   vdiff=  5.0298E-04 ( 58, 16)
n=  2672   udiff=  4.3404E-04 ( 56,  1)   vdiff=  4.9865E-04 ( 58, 16)
n=  2673   udiff=  4.3254E-04 ( 56,  1)   vdiff=  4.9958E-04 ( 58, 16)
n=  2674   udiff=  4.3069E-04 ( 56,  1)   vdiff=  4.9648E-04 ( 58, 16)
n=  2675   udiff=  4.2896E-04 ( 56,  1)   vdiff=  4.9209E-04 ( 58, 16)
n=  2676   udiff=  4.2749E-04 ( 56,  1)   vdiff=  4.9018E-04 ( 58, 16)
n=  2677   udiff=  4.2577E-04 ( 56,  1)   vdiff=  4.9034E-04 ( 58, 16)
n=  2678   udiff=  4.2435E-04 ( 56,  1)   vdiff=  4.8941E-04 ( 58, 16)
n=  2679   udiff=  4.2252E-04 ( 57,  1)   vdiff=  4.8232E-04 ( 58, 16)
n=  2680   udiff=  4.2057E-04 ( 56,  1)   vdiff=  4.8151E-04 ( 58, 16)
n=  2681   udiff=  4.1914E-04 ( 56,  1)   vdiff=  4.8265E-04 ( 58, 16)
n=  2682   udiff=  4.1752E-04 ( 57,  1)   vdiff=  4.7944E-04 ( 58, 16)
n=  2683   udiff=  4.1608E-04 ( 57,  1)   vdiff=  4.7584E-04 ( 58, 16)
n=  2684   udiff=  4.1421E-04 ( 57,  1)   vdiff=  4.7523E-04 ( 58, 16)
n=  2685   udiff=  4.1275E-04 ( 57,  1)   vdiff=  4.7268E-04 ( 58, 16)
n=  2686   udiff=  4.1113E-04 ( 57,  1)   vdiff=  4.7102E-04 ( 58, 16)
n=  2687   udiff=  4.0944E-04 ( 57,  1)   vdiff=  4.6726E-04 ( 58, 16)
n=  2688   udiff=  4.0797E-04 ( 57,  1)   vdiff=  4.6465E-04 ( 58, 16)
n=  2689   udiff=  4.0639E-04 ( 57,  1)   vdiff=  4.6870E-04 ( 58, 16)
n=  2690   udiff=  4.0494E-04 ( 57,  1)   vdiff=  4.6252E-04 ( 58, 16)
n=  2691   udiff=  4.0325E-04 ( 57,  1)   vdiff=  4.6030E-04 ( 58, 16)
n=  2692   udiff=  4.0176E-04 ( 57,  1)   vdiff=  4.5572E-04 ( 58, 16)
n=  2693   udiff=  4.0029E-04 ( 57,  1)   vdiff=  4.5903E-04 ( 58, 16)
n=  2694   udiff=  3.9847E-04 ( 57,  1)   vdiff=  4.5394E-04 ( 58, 16)
n=  2695   udiff=  3.9701E-04 ( 57,  1)   vdiff=  4.5089E-04 ( 58, 16)
n=  2696   udiff=  3.9540E-04 ( 57,  1)   vdiff=  4.5198E-04 ( 58, 16)
n=  2697   udiff=  3.9404E-04 ( 57,  1)   vdiff=  4.4820E-04 ( 58, 16)
n=  2698   udiff=  3.9220E-04 ( 57,  1)   vdiff=  4.4945E-04 ( 58, 16)
n=  2699   udiff=  3.9094E-04 ( 57,  1)   vdiff=  4.4268E-04 ( 58, 16)
n=  2700   udiff=  3.8920E-04 ( 57,  1)   vdiff=  4.4399E-04 ( 58, 16)
n=  2701   udiff=  3.8778E-04 ( 57,  1)   vdiff=  4.3951E-04 ( 58, 16)
n=  2702   udiff=  3.8619E-04 ( 57,  1)   vdiff=  4.3941E-04 ( 58, 16)
n=  2703   udiff=  3.8471E-04 ( 57,  1)   vdiff=  4.3919E-04 ( 58, 16)
n=  2704   udiff=  3.8333E-04 ( 57,  1)   vdiff=  4.3347E-04 ( 58, 16)
n=  2705   udiff=  3.8151E-04 ( 57,  1)   vdiff=  4.3099E-04 ( 58, 16)
n=  2706   udiff=  3.8024E-04 ( 57,  1)   vdiff=  4.3253E-04 ( 58, 16)
n=  2707   udiff=  3.7877E-04 ( 57,  1)   vdiff=  4.2565E-04 ( 58, 16)
n=  2708   udiff=  3.7714E-04 ( 57,  1)   vdiff=  4.2878E-04 ( 58, 16)
n=  2709   udiff=  3.7574E-04 ( 57,  1)   vdiff=  4.2468E-04 ( 58, 16)
n=  2710   udiff=  3.7392E-04 ( 57,  1)   vdiff=  4.2360E-04 ( 58, 16)
n=  2711   udiff=  3.7276E-04 ( 57,  1)   vdiff=  4.2237E-04 ( 58, 16)
n=  2712   udiff=  3.7120E-04 ( 57,  1)   vdiff=  4.2132E-04 ( 58, 16)
n=  2713   udiff=  3.6963E-04 ( 57,  1)   vdiff=  4.2013E-04 ( 58, 16)
n=  2714   udiff=  3.6804E-04 ( 57,  1)   vdiff=  4.1704E-04 ( 58, 16)
n=  2715   udiff=  3.6650E-04 ( 57,  1)   vdiff=  4.1464E-04 ( 58, 16)
n=  2716   udiff=  3.6521E-04 ( 57,  1)   vdiff=  4.1363E-04 ( 58, 16)
n=  2717   udiff=  3.6353E-04 ( 57,  1)   vdiff=  4.1053E-04 ( 58, 16)
n=  2718   udiff=  3.6204E-04 ( 57,  1)   vdiff=  4.0719E-04 ( 58, 16)
n=  2719   udiff=  3.6055E-04 ( 57,  1)   vdiff=  4.0589E-04 ( 58, 16)
n=  2720   udiff=  3.5930E-04 ( 57,  1)   vdiff=  4.0055E-04 ( 58, 16)
n=  2721   udiff=  3.5767E-04 ( 57,  1)   vdiff=  4.0042E-04 ( 58, 16)
n=  2722   udiff=  3.5584E-04 ( 57,  1)   vdiff=  4.0223E-04 ( 58, 16)
n=  2723   udiff=  3.5476E-04 ( 57,  1)   vdiff=  3.9877E-04 ( 58, 16)
n=  2724   udiff=  3.5347E-04 ( 57,  1)   vdiff=  3.9512E-04 ( 58, 16)
n=  2725   udiff=  3.5190E-04 ( 57,  1)   vdiff=  3.9647E-04 ( 58, 16)
n=  2726   udiff=  3.5054E-04 ( 57,  1)   vdiff=  3.9137E-04 ( 58, 16)
n=  2727   udiff=  3.4875E-04 ( 57,  1)   vdiff=  3.8899E-04 ( 59, 15)
n=  2728   udiff=  3.4754E-04 ( 57,  1)   vdiff=  3.8758E-04 ( 58, 16)
n=  2729   udiff=  3.4601E-04 ( 57,  1)   vdiff=  3.8597E-04 ( 59, 15)
n=  2730   udiff=  3.4471E-04 ( 57,  1)   vdiff=  3.8515E-04 ( 58, 16)
n=  2731   udiff=  3.4322E-04 ( 57,  1)   vdiff=  3.8771E-04 ( 58, 16)
n=  2732   udiff=  3.4178E-04 ( 57,  1)   vdiff=  3.8275E-04 ( 58, 16)
n=  2733   udiff=  3.4044E-04 ( 57,  1)   vdiff=  3.8302E-04 ( 58, 16)
n=  2734   udiff=  3.3910E-04 ( 57,  1)   vdiff=  3.7826E-04 ( 58, 16)
n=  2735   udiff=  3.3756E-04 ( 57,  1)   vdiff=  3.7878E-04 ( 58, 16)
n=  2736   udiff=  3.3613E-04 ( 57,  1)   vdiff=  3.7365E-04 ( 59, 15)
n=  2737   udiff=  3.3493E-04 ( 57,  1)   vdiff=  3.7357E-04 ( 59, 15)
n=  2738   udiff=  3.3346E-04 ( 58,  1)   vdiff=  3.7332E-04 ( 59, 15)
n=  2739   udiff=  3.3204E-04 ( 58,  1)   vdiff=  3.7226E-04 ( 58, 16)
n=  2740   udiff=  3.3065E-04 ( 57,  1)   vdiff=  3.6606E-04 ( 58, 16)
n=  2741   udiff=  3.2931E-04 ( 58,  1)   vdiff=  3.6470E-04 ( 58, 16)
n=  2742   udiff=  3.2796E-04 ( 58,  1)   vdiff=  3.6492E-04 ( 58, 16)
n=  2743   udiff=  3.2652E-04 ( 58,  1)   vdiff=  3.6347E-04 ( 58, 16)
n=  2744   udiff=  3.2514E-04 ( 58,  1)   vdiff=  3.6207E-04 ( 58, 16)
n=  2745   udiff=  3.2405E-04 ( 58,  1)   vdiff=  3.6086E-04 ( 59, 15)
n=  2746   udiff=  3.2267E-04 ( 58,  1)   vdiff=  3.5905E-04 ( 58, 16)
n=  2747   udiff=  3.2130E-04 ( 58,  1)   vdiff=  3.5664E-04 ( 58, 16)
n=  2748   udiff=  3.1998E-04 ( 58,  1)   vdiff=  3.5530E-04 ( 58, 16)
n=  2749   udiff=  3.1847E-04 ( 58,  1)   vdiff=  3.5351E-04 ( 58, 16)
n=  2750   udiff=  3.1726E-04 ( 58,  1)   vdiff=  3.5103E-04 ( 58, 16)
n=  2751   udiff=  3.1583E-04 ( 58,  1)   vdiff=  3.4877E-04 ( 58, 16)
n=  2752   udiff=  3.1468E-04 ( 58,  1)   vdiff=  3.4655E-04 ( 58, 16)
n=  2753   udiff=  3.1356E-04 ( 58,  1)   vdiff=  3.4613E-04 ( 59, 15)
n=  2754   udiff=  3.1203E-04 ( 58,  1)   vdiff=  3.4698E-04 ( 58, 16)
n=  2755   udiff=  3.1101E-04 ( 58,  1)   vdiff=  3.4356E-04 ( 58, 16)
n=  2756   udiff=  3.0932E-04 ( 58,  1)   vdiff=  3.3975E-04 ( 58, 16)
n=  2757   udiff=  3.0796E-04 ( 58,  1)   vdiff=  3.4044E-04 ( 59, 15)
n=  2758   udiff=  3.0682E-04 ( 58,  1)   vdiff=  3.4141E-04 ( 58, 16)
n=  2759   udiff=  3.0560E-04 ( 58,  1)   vdiff=  3.3666E-04 ( 58, 16)
n=  2760   udiff=  3.0436E-04 ( 58,  1)   vdiff=  3.3559E-04 ( 59, 15)
n=  2761   udiff=  3.0297E-04 ( 58,  1)   vdiff=  3.3419E-04 ( 58, 16)
n=  2762   udiff=  3.0173E-04 ( 58,  1)   vdiff=  3.2946E-04 ( 58, 16)
n=  2763   udiff=  3.0058E-04 ( 58,  1)   vdiff=  3.3083E-04 ( 59, 15)
n=  2764   udiff=  2.9923E-04 ( 58,  1)   vdiff=  3.2643E-04 ( 58, 16)
n=  2765   udiff=  2.9793E-04 ( 58,  1)   vdiff=  3.2808E-04 ( 58, 16)
n=  2766   udiff=  2.9649E-04 ( 58,  1)   vdiff=  3.2316E-04 ( 59, 15)
n=  2767   udiff=  2.9558E-04 ( 58,  1)   vdiff=  3.2378E-04 ( 58, 16)
n=  2768   udiff=  2.9409E-04 ( 58,  1)   vdiff=  3.2438E-04 ( 59, 15)
n=  2769   udiff=  2.9294E-04 ( 58,  1)   vdiff=  3.1927E-04 ( 59, 15)
n=  2770   udiff=  2.9166E-04 ( 58,  1)   vdiff=  3.2094E-04 ( 58, 16)
n=  2771   udiff=  2.9053E-04 ( 58,  1)   vdiff=  3.1973E-04 ( 59, 15)
n=  2772   udiff=  2.8917E-04 ( 58,  1)   vdiff=  3.1558E-04 ( 58, 16)
n=  2773   udiff=  2.8783E-04 ( 58,  1)   vdiff=  3.1705E-04 ( 58, 16)
n=  2774   udiff=  2.8678E-04 ( 58,  1)   vdiff=  3.1386E-04 ( 59, 15)
n=  2775   udiff=  2.8557E-04 ( 58,  1)   vdiff=  3.1129E-04 ( 58, 16)
n=  2776   udiff=  2.8391E-04 ( 58,  1)   vdiff=  3.1016E-04 ( 58, 16)
n=  2777   udiff=  2.8298E-04 ( 58,  1)   vdiff=  3.0876E-04 ( 59, 15)
n=  2778   udiff=  2.8157E-04 ( 58,  1)   vdiff=  3.0781E-04 ( 59, 15)
n=  2779   udiff=  2.8043E-04 ( 58,  1)   vdiff=  3.0874E-04 ( 59, 15)
n=  2780   udiff=  2.7913E-04 ( 58,  1)   vdiff=  3.0207E-04 ( 59, 15)
n=  2781   udiff=  2.7804E-04 ( 58,  1)   vdiff=  2.9975E-04 ( 59, 15)
n=  2782   udiff=  2.7674E-04 ( 58,  1)   vdiff=  2.9996E-04 ( 58, 16)
n=  2783   udiff=  2.7556E-04 ( 58,  1)   vdiff=  2.9792E-04 ( 59, 15)
n=  2784   udiff=  2.7456E-04 ( 58,  1)   vdiff=  2.9792E-04 ( 58, 15)
n=  2785   udiff=  2.7328E-04 ( 58,  1)   vdiff=  2.9560E-04 ( 58, 16)
n=  2786   udiff=  2.7229E-04 ( 58,  1)   vdiff=  2.9380E-04 ( 58, 16)
n=  2787   udiff=  2.7076E-04 ( 58,  1)   vdiff=  2.9611E-04 ( 59, 15)
n=  2788   udiff=  2.6969E-04 ( 58,  1)   vdiff=  2.9350E-04 ( 59, 15)
n=  2789   udiff=  2.6841E-04 ( 58,  1)   vdiff=  2.9451E-04 ( 58, 16)
n=  2790   udiff=  2.6734E-04 ( 58,  1)   vdiff=  2.9062E-04 ( 58, 16)
n=  2791   udiff=  2.6624E-04 ( 58,  1)   vdiff=  2.8739E-04 ( 59, 15)
n=  2792   udiff=  2.6498E-04 ( 59,  1)   vdiff=  2.8368E-04 ( 59, 15)
n=  2793   udiff=  2.6393E-04 ( 58,  1)   vdiff=  2.8298E-04 ( 59, 15)
n=  2794   udiff=  2.6265E-04 ( 59,  1)   vdiff=  2.8719E-04 ( 59, 15)
n=  2795   udiff=  2.6148E-04 ( 59,  1)   vdiff=  2.8171E-04 ( 59, 15)
n=  2796   udiff=  2.6016E-04 ( 59,  1)   vdiff=  2.7970E-04 ( 59, 15)
n=  2797   udiff=  2.5924E-04 ( 59,  1)   vdiff=  2.7925E-04 ( 59, 15)
n=  2798   udiff=  2.5817E-04 ( 59,  1)   vdiff=  2.7899E-04 ( 59, 15)
n=  2799   udiff=  2.5692E-04 ( 59,  1)   vdiff=  2.7590E-04 ( 59, 15)
n=  2800   udiff=  2.5600E-04 ( 59,  1)   vdiff=  2.7633E-04 ( 58, 16)
n=  2801   udiff=  2.5454E-04 ( 59,  1)   vdiff=  2.7634E-04 ( 59, 15)
n=  2802   udiff=  2.5375E-04 ( 59,  1)   vdiff=  2.7164E-04 ( 59, 15)
n=  2803   udiff=  2.5239E-04 ( 59,  1)   vdiff=  2.7221E-04 ( 59, 15)
n=  2804   udiff=  2.5152E-04 ( 59,  1)   vdiff=  2.6953E-04 ( 59, 15)
n=  2805   udiff=  2.5027E-04 ( 59,  1)   vdiff=  2.6692E-04 ( 58, 16)
n=  2806   udiff=  2.4898E-04 ( 59,  1)   vdiff=  2.6769E-04 ( 59, 15)
n=  2807   udiff=  2.4822E-04 ( 59,  1)   vdiff=  2.6602E-04 ( 59, 15)
n=  2808   udiff=  2.4710E-04 ( 59,  1)   vdiff=  2.6440E-04 ( 59, 15)
n=  2809   udiff=  2.4611E-04 ( 59,  1)   vdiff=  2.6448E-04 ( 59, 15)
n=  2810   udiff=  2.4496E-04 ( 59,  1)   vdiff=  2.6242E-04 ( 58, 16)
n=  2811   udiff=  2.4380E-04 ( 59,  1)   vdiff=  2.6236E-04 ( 59, 15)
n=  2812   udiff=  2.4273E-04 ( 59,  1)   vdiff=  2.5671E-04 ( 59, 15)
n=  2813   udiff=  2.4138E-04 ( 59,  1)   vdiff=  2.5818E-04 ( 58, 16)
n=  2814   udiff=  2.4046E-04 ( 59,  1)   vdiff=  2.5599E-04 ( 59, 15)
n=  2815   udiff=  2.3943E-04 ( 59,  1)   vdiff=  2.5882E-04 ( 59, 15)
n=  2816   udiff=  2.3845E-04 ( 59,  1)   vdiff=  2.5259E-04 ( 59, 15)
n=  2817   udiff=  2.3746E-04 ( 59,  1)   vdiff=  2.5453E-04 ( 58, 16)
n=  2818   udiff=  2.3645E-04 ( 59,  1)   vdiff=  2.5103E-04 ( 58, 16)
n=  2819   udiff=  2.3548E-04 ( 59,  1)   vdiff=  2.5235E-04 ( 59, 15)
n=  2820   udiff=  2.3426E-04 ( 59,  1)   vdiff=  2.4809E-04 ( 59, 16)
n=  2821   udiff=  2.3341E-04 ( 59,  1)   vdiff=  2.4508E-04 ( 59, 15)
n=  2822   udiff=  2.3219E-04 ( 59,  1)   vdiff=  2.4623E-04 ( 59, 15)
n=  2823   udiff=  2.3120E-04 ( 59,  1)   vdiff=  2.4481E-04 ( 59, 15)
n=  2824   udiff=  2.3007E-04 ( 59,  1)   vdiff=  2.4580E-04 ( 59, 15)
n=  2825   udiff=  2.2904E-04 ( 59,  1)   vdiff=  2.4378E-04 ( 59, 15)
n=  2826   udiff=  2.2780E-04 ( 59,  1)   vdiff=  2.4109E-04 ( 59, 15)
n=  2827   udiff=  2.2689E-04 ( 59,  1)   vdiff=  2.4143E-04 ( 59, 15)
n=  2828   udiff=  2.2596E-04 ( 59,  1)   vdiff=  2.4048E-04 ( 59, 15)
n=  2829   udiff=  2.2511E-04 ( 59,  1)   vdiff=  2.3362E-04 ( 59, 15)
n=  2830   udiff=  2.2389E-04 ( 59,  1)   vdiff=  2.3798E-04 ( 59, 15)
n=  2831   udiff=  2.2304E-04 ( 59,  1)   vdiff=  2.3602E-04 ( 59, 15)
n=  2832   udiff=  2.2196E-04 ( 59,  1)   vdiff=  2.3535E-04 ( 59, 15)
n=  2833   udiff=  2.2087E-04 ( 59,  1)   vdiff=  2.3314E-04 ( 59, 15)
n=  2834   udiff=  2.1997E-04 ( 59,  1)   vdiff=  2.3106E-04 ( 59, 15)
n=  2835   udiff=  2.1905E-04 ( 59,  1)   vdiff=  2.3091E-04 ( 58, 16)
n=  2836   udiff=  2.1788E-04 ( 59,  1)   vdiff=  2.2823E-04 ( 59, 15)
n=  2837   udiff=  2.1696E-04 ( 59,  1)   vdiff=  2.2543E-04 ( 59, 15)
n=  2838   udiff=  2.1585E-04 ( 59,  1)   vdiff=  2.2248E-04 ( 58, 16)
n=  2839   udiff=  2.1491E-04 ( 59,  1)   vdiff=  2.2578E-04 ( 59, 15)
n=  2840   udiff=  2.1407E-04 ( 59,  1)   vdiff=  2.2425E-04 ( 59, 15)
n=  2841   udiff=  2.1303E-04 ( 59,  1)   vdiff=  2.2139E-04 ( 59, 15)
n=  2842   udiff=  2.1197E-04 ( 59,  1)   vdiff=  2.1905E-04 ( 59, 15)
n=  2843   udiff=  2.1102E-04 ( 60,  1)   vdiff=  2.2372E-04 ( 59, 15)
n=  2844   udiff=  2.1004E-04 ( 60,  1)   vdiff=  2.1862E-04 ( 59, 15)
n=  2845   udiff=  2.0902E-04 ( 60,  1)   vdiff=  2.1481E-04 ( 59, 15)
n=  2846   udiff=  2.0797E-04 ( 60,  1)   vdiff=  2.1877E-04 ( 59, 15)
n=  2847   udiff=  2.0699E-04 ( 60,  1)   vdiff=  2.1507E-04 ( 59, 15)
n=  2848   udiff=  2.0604E-04 ( 60,  1)   vdiff=  2.1691E-04 ( 59, 15)
n=  2849   udiff=  2.0512E-04 ( 60,  1)   vdiff=  2.1585E-04 ( 59, 15)
n=  2850   udiff=  2.0425E-04 ( 60,  1)   vdiff=  2.0842E-04 ( 59, 15)
n=  2851   udiff=  2.0356E-04 ( 60,  1)   vdiff=  2.1307E-04 ( 59, 15)
n=  2852   udiff=  2.0232E-04 ( 60,  1)   vdiff=  2.1022E-04 ( 58, 16)
n=  2853   udiff=  2.0162E-04 ( 60,  1)   vdiff=  2.1099E-04 ( 59, 15)
n=  2854   udiff=  2.0059E-04 ( 60,  1)   vdiff=  2.0715E-04 ( 58, 16)
n=  2855   udiff=  1.9964E-04 ( 60,  1)   vdiff=  2.0830E-04 ( 59, 15)
n=  2856   udiff=  1.9893E-04 ( 60,  1)   vdiff=  2.0462E-04 ( 59, 15)
n=  2857   udiff=  1.9815E-04 ( 60,  1)   vdiff=  2.0417E-04 ( 59, 15)
n=  2858   udiff=  1.9720E-04 ( 60,  1)   vdiff=  2.0178E-04 ( 59, 16)
n=  2859   udiff=  1.9612E-04 ( 60,  1)   vdiff=  2.0196E-04 ( 59, 15)
n=  2860   udiff=  1.9519E-04 ( 60,  1)   vdiff=  2.0323E-04 ( 59, 15)
n=  2861   udiff=  1.9422E-04 ( 60,  1)   vdiff=  1.9841E-04 ( 59, 16)
n=  2862   udiff=  1.9368E-04 ( 60,  1)   vdiff=  1.9783E-04 ( 59, 15)
n=  2863   udiff=  1.9252E-04 ( 60,  1)   vdiff=  1.9996E-04 ( 59, 15)
n=  2864   udiff=  1.9176E-04 ( 60,  1)   vdiff=  1.9422E-04 ( 59, 15)
n=  2865   udiff=  1.9084E-04 ( 60,  1)   vdiff=  1.9597E-04 ( 59, 15)
n=  2866   udiff=  1.8992E-04 ( 60,  1)   vdiff=  1.9559E-04 ( 59, 15)
n=  2867   udiff=  1.8898E-04 ( 60,  1)   vdiff=  1.9405E-04 ( 58, 16)
n=  2868   udiff=  1.8812E-04 ( 60,  1)   vdiff=  1.9175E-04 ( 59, 15)
n=  2869   udiff=  1.8716E-04 ( 60,  1)   vdiff=  1.9242E-04 ( 59, 15)
n=  2870   udiff=  1.8651E-04 ( 60,  1)   vdiff=  1.9244E-04 ( 59, 15)
n=  2871   udiff=  1.8540E-04 ( 60,  1)   vdiff=  1.9055E-04 ( 59, 16)
n=  2872   udiff=  1.8474E-04 ( 60,  1)   vdiff=  1.8667E-04 ( 59, 15)
n=  2873   udiff=  1.8394E-04 ( 60,  1)   vdiff=  1.8574E-04 ( 59, 15)
n=  2874   udiff=  1.8295E-04 ( 60,  1)   vdiff=  1.8627E-04 ( 59, 15)
n=  2875   udiff=  1.8208E-04 ( 60,  1)   vdiff=  1.8526E-04 ( 59, 15)
n=  2876   udiff=  1.8099E-04 ( 60,  1)   vdiff=  1.8552E-04 ( 59, 15)
n=  2877   udiff=  1.8038E-04 ( 60,  1)   vdiff=  1.8379E-04 ( 59, 15)
n=  2878   udiff=  1.7949E-04 ( 60,  1)   vdiff=  1.8268E-04 ( 59, 15)
n=  2879   udiff=  1.7874E-04 ( 60,  1)   vdiff=  1.8290E-04 ( 59, 15)
n=  2880   udiff=  1.7776E-04 ( 60,  1)   vdiff=  1.8199E-04 ( 59, 15)
n=  2881   udiff=  1.7704E-04 ( 60,  1)   vdiff=  1.7798E-04 ( 59, 16)
n=  2882   udiff=  1.7615E-04 ( 60,  1)   vdiff=  1.8120E-04 ( 59, 15)
n=  2883   udiff=  1.7545E-04 ( 60,  1)   vdiff=  1.7587E-04 ( 59, 16)
n=  2884   udiff=  1.7441E-04 ( 60,  1)   vdiff=  1.7758E-04 ( 59, 15)
n=  2885   udiff=  1.7382E-04 ( 60,  1)   vdiff=  1.7583E-04 ( 59, 15)
n=  2886   udiff=  1.7290E-04 ( 61,  1)   vdiff=  1.7509E-04 ( 59, 15)
n=  2887   udiff=  1.7195E-04 ( 61,  1)   vdiff=  1.7440E-04 ( 59, 15)
n=  2888   udiff=  1.7112E-04 ( 60,  1)   vdiff=  1.7360E-04 ( 59, 16)
n=  2889   udiff=  1.7051E-04 ( 61,  1)   vdiff=  1.7007E-04 ( 58, 16)
n=  2890   udiff=  1.6966E-04 ( 60,  1)   vdiff=  1.6959E-04 ( 59, 15)
n=  2891   udiff=  1.6889E-04 ( 61,  1)   vdiff=  1.6858E-04 ( 59, 15)
n=  2892   udiff=  1.6801E-04 ( 60,  1)   vdiff=  1.6574E-04 ( 59, 15)
n=  2893   udiff=  1.6714E-04 ( 60,  1)   vdiff=  1.6835E-04 ( 59, 15)
n=  2894   udiff=  1.6641E-04 ( 61,  1)   vdiff=  1.6711E-04 ( 59, 15)
n=  2895   udiff=  1.6571E-04 ( 60,  1)   vdiff=  1.6435E-04 ( 59, 15)
n=  2896   udiff=  1.6477E-04 ( 61,  1)   vdiff=  1.6295E-04 ( 59, 15)
n=  2897   udiff=  1.6398E-04 ( 61,  1)   vdiff=  1.6202E-04 ( 59, 16)
n=  2898   udiff=  1.6353E-04 ( 61,  1)   vdiff=  1.6424E-04 ( 59, 15)
n=  2899   udiff=  1.6237E-04 ( 61,  1)   vdiff=  1.6098E-04 ( 59, 15)
n=  2900   udiff=  1.6183E-04 ( 61,  1)   vdiff=  1.6008E-04 ( 59, 16)
n=  2901   udiff=  1.6108E-04 ( 61,  1)   vdiff=  1.6059E-04 ( 59, 15)
n=  2902   udiff=  1.6029E-04 ( 61,  1)   vdiff=  1.5811E-04 ( 59, 15)
n=  2903   udiff=  1.5945E-04 ( 61,  1)   vdiff=  1.5641E-04 ( 59, 16)
n=  2904   udiff=  1.5859E-04 ( 61,  1)   vdiff=  1.5890E-04 ( 59, 15)
n=  2905   udiff=  1.5791E-04 ( 61,  1)   vdiff=  1.5326E-04 ( 59, 15)
n=  2906   udiff=  1.5718E-04 ( 61,  1)   vdiff=  1.5360E-04 ( 59, 16)
n=  2907   udiff=  1.5642E-04 ( 61,  1)   vdiff=  1.5451E-04 ( 59, 15)
n=  2908   udiff=  1.5579E-04 ( 61,  1)   vdiff=  1.5206E-04 ( 59, 15)
n=  2909   udiff=  1.5506E-04 ( 61,  1)   vdiff=  1.5312E-04 ( 59, 15)
n=  2910   udiff=  1.5410E-04 ( 61,  1)   vdiff=  1.5193E-04 ( 59, 16)
n=  2911   udiff=  1.5354E-04 ( 61,  1)   vdiff=  1.5162E-04 ( 59, 15)
n=  2912   udiff=  1.5290E-04 ( 61,  1)   vdiff=  1.5025E-04 ( 59, 15)
n=  2913   udiff=  1.5208E-04 ( 61,  1)   vdiff=  1.4932E-04 ( 59, 15)
n=  2914   udiff=  1.5135E-04 ( 61,  1)   vdiff=  1.4663E-04 ( 59, 16)
n=  2915   udiff=  1.5050E-04 ( 61,  1)   vdiff=  1.4910E-04 ( 59, 15)
n=  2916   udiff=  1.4987E-04 ( 61,  1)   vdiff=  1.4616E-04 ( 59, 15)
n=  2917   udiff=  1.4927E-04 ( 61,  1)   vdiff=  1.4546E-04 ( 58, 16)
n=  2918   udiff=  1.4851E-04 ( 61,  1)   vdiff=  1.4349E-04 ( 59, 15)
n=  2919   udiff=  1.4760E-04 ( 61,  1)   vdiff=  1.4496E-04 ( 59, 15)
n=  2920   udiff=  1.4700E-04 ( 61,  1)   vdiff=  1.4103E-04 ( 59, 15)
n=  2921   udiff=  1.4622E-04 ( 61,  1)   vdiff=  1.4178E-04 ( 59, 16)
n=  2922   udiff=  1.4563E-04 ( 61,  1)   vdiff=  1.4227E-04 ( 59, 15)
n=  2923   udiff=  1.4479E-04 ( 61,  1)   vdiff=  1.3752E-04 ( 59, 15)
n=  2924   udiff=  1.4427E-04 ( 61,  1)   vdiff=  1.3881E-04 ( 59, 15)
n=  2925   udiff=  1.4366E-04 ( 61,  1)   vdiff=  1.4202E-04 ( 59, 15)
n=  2926   udiff=  1.4263E-04 ( 61,  1)   vdiff=  1.3518E-04 ( 59, 15)
n=  2927   udiff=  1.4194E-04 ( 61,  1)   vdiff=  1.3636E-04 ( 59, 15)
n=  2928   udiff=  1.4136E-04 ( 61,  1)   vdiff=  1.3728E-04 ( 59, 15)
n=  2929   udiff=  1.4068E-04 ( 61,  1)   vdiff=  1.3684E-04 ( 59, 16)
n=  2930   udiff=  1.3983E-04 ( 61,  1)   vdiff=  1.3211E-04 ( 59, 15)
n=  2931   udiff=  1.3924E-04 ( 61,  1)   vdiff=  1.3365E-04 ( 59, 15)
n=  2932   udiff=  1.3840E-04 ( 61,  1)   vdiff=  1.3451E-04 ( 59, 15)
n=  2933   udiff=  1.3783E-04 ( 61,  1)   vdiff=  1.3098E-04 ( 59, 16)
n=  2934   udiff=  1.3735E-04 ( 62,  1)   vdiff=  1.3261E-04 ( 59, 16)
n=  2935   udiff=  1.3659E-04 ( 62,  1)   vdiff=  1.2981E-04 ( 59, 15)
n=  2936   udiff=  1.3626E-04 ( 62,  1)   vdiff=  1.3024E-04 ( 59, 15)
n=  2937   udiff=  1.3542E-04 ( 62,  1)   vdiff=  1.3026E-04 ( 59, 15)
n=  2938   udiff=  1.3473E-04 ( 62,  1)   vdiff=  1.2539E-04 ( 59, 16)
n=  2939   udiff=  1.3406E-04 ( 62,  1)   vdiff=  1.2513E-04 ( 59, 15)
n=  2940   udiff=  1.3327E-04 ( 62,  1)   vdiff=  1.2596E-04 ( 59, 15)
n=  2941   udiff=  1.3278E-04 ( 62,  1)   vdiff=  1.2461E-04 ( 59, 16)
n=  2942   udiff=  1.3193E-04 ( 62,  1)   vdiff=  1.2509E-04 ( 59, 15)
n=  2943   udiff=  1.3138E-04 ( 62,  1)   vdiff=  1.2555E-04 ( 59, 15)
n=  2944   udiff=  1.3081E-04 ( 62,  1)   vdiff=  1.2345E-04 ( 59, 15)
n=  2945   udiff=  1.3027E-04 ( 62,  1)   vdiff=  1.2512E-04 ( 59, 15)
n=  2946   udiff=  1.2970E-04 ( 62,  1)   vdiff=  1.2245E-04 ( 59, 15)
n=  2947   udiff=  1.2886E-04 ( 62,  1)   vdiff=  1.2269E-04 ( 59, 15)
n=  2948   udiff=  1.2847E-04 ( 62,  1)   vdiff=  1.2188E-04 ( 59, 15)
n=  2949   udiff=  1.2748E-04 ( 62,  1)   vdiff=  1.2132E-04 ( 59, 15)
n=  2950   udiff=  1.2711E-04 ( 62,  1)   vdiff=  1.2118E-04 ( 59, 16)
n=  2951   udiff=  1.2626E-04 ( 62,  1)   vdiff=  1.1315E-04 ( 59, 15)
n=  2952   udiff=  1.2582E-04 ( 62,  1)   vdiff=  1.1931E-04 ( 59, 15)
n=  2953   udiff=  1.2510E-04 ( 62,  1)   vdiff=  1.1908E-04 ( 59, 16)
n=  2954   udiff=  1.2461E-04 ( 62,  1)   vdiff=  1.1703E-04 ( 59, 15)
n=  2955   udiff=  1.2386E-04 ( 62,  1)   vdiff=  1.1542E-04 ( 59, 15)
n=  2956   udiff=  1.2353E-04 ( 62,  1)   vdiff=  1.1444E-04 ( 59, 15)
n=  2957   udiff=  1.2287E-04 ( 62,  1)   vdiff=  1.1361E-04 ( 59, 15)
n=  2958   udiff=  1.2227E-04 ( 62,  1)   vdiff=  1.1171E-04 ( 59, 15)
n=  2959   udiff=  1.2162E-04 ( 62,  1)   vdiff=  1.0956E-04 ( 59, 15)
n=  2960   udiff=  1.2092E-04 ( 62,  1)   vdiff=  1.0869E-04 ( 59, 15)
n=  2961   udiff=  1.2040E-04 ( 62,  1)   vdiff=  1.1120E-04 ( 59, 16)
n=  2962   udiff=  1.1990E-04 ( 63,  1)   vdiff=  1.1302E-04 ( 59, 15)
n=  2963   udiff=  1.1913E-04 ( 62,  1)   vdiff=  1.1012E-04 ( 59, 15)
n=  2964   udiff=  1.1869E-04 ( 62,  1)   vdiff=  1.1038E-04 ( 59, 15)
n=  2965   udiff=  1.1809E-04 ( 62,  1)   vdiff=  1.0651E-04 ( 59, 15)
n=  2966   udiff=  1.1737E-04 ( 63,  1)   vdiff=  1.0742E-04 ( 59, 16)
n=  2967   udiff=  1.1669E-04 ( 62,  1)   vdiff=  1.0721E-04 ( 59, 16)
n=  2968   udiff=  1.1637E-04 ( 62,  1)   vdiff=  1.0798E-04 ( 59, 15)
n=  2969   udiff=  1.1564E-04 ( 62,  1)   vdiff=  1.0436E-04 ( 59, 15)
n=  2970   udiff=  1.1518E-04 ( 63,  1)   vdiff=  1.0344E-04 ( 59, 15)
n=  2971   udiff=  1.1455E-04 ( 63,  1)   vdiff=  1.0368E-04 ( 59, 16)
n=  2972   udiff=  1.1403E-04 ( 63,  1)   vdiff=  1.0496E-04 ( 59, 15)
n=  2973   udiff=  1.1353E-04 ( 63,  1)   vdiff=  1.0172E-04 ( 59, 15)
n=  2974   udiff=  1.1274E-04 ( 63,  1)   vdiff=  1.0079E-04 ( 59, 16)
n=  2975   udiff=  1.1223E-04 ( 63,  1)   vdiff=  9.9176E-05 ( 59, 16)
n=  2976   udiff=  1.1173E-04 ( 63,  1)   vdiff=  1.0103E-04 ( 59, 15)
n=  2977   udiff=  1.1109E-04 ( 63,  1)   vdiff=  9.9845E-05 ( 59, 15)
n=  2978   udiff=  1.1056E-04 ( 63,  1)   vdiff=  9.6606E-05 ( 59, 16)
n=  2979   udiff=  1.1005E-04 ( 63,  1)   vdiff=  9.8733E-05 ( 59, 15)
n=  2980   udiff=  1.0957E-04 ( 63,  1)   vdiff=  9.7626E-05 ( 59, 16)
n=  2981   udiff=  1.0921E-04 ( 63,  1)   vdiff=  9.9564E-05 ( 59, 15)
n=  2982   udiff=  1.0851E-04 ( 63,  1)   vdiff=  9.7145E-05 ( 59, 15)
n=  2983   udiff=  1.0801E-04 ( 63,  1)   vdiff=  9.4059E-05 ( 59, 16)
n=  2984   udiff=  1.0740E-04 ( 63,  1)   vdiff=  9.7446E-05 ( 59, 15)
n=  2985   udiff=  1.0671E-04 ( 63,  1)   vdiff=  9.3899E-05 ( 59, 16)
n=  2986   udiff=  1.0619E-04 ( 63,  1)   vdiff=  9.0679E-05 ( 58, 16)
n=  2987   udiff=  1.0582E-04 ( 63,  1)   vdiff=  9.3125E-05 ( 59, 16)
n=  2988   udiff=  1.0527E-04 ( 63,  1)   vdiff=  9.1332E-05 ( 59, 15)
n=  2989   udiff=  1.0484E-04 ( 63,  1)   vdiff=  9.3172E-05 ( 59, 15)
n=  2990   udiff=  1.0438E-04 ( 63,  1)   vdiff=  9.0868E-05 ( 59, 15)
n=  2991   udiff=  1.0390E-04 ( 64,  1)   vdiff=  9.1630E-05 ( 59, 16)
n=  2992   udiff=  1.0331E-04 ( 64,  1)   vdiff=  8.9144E-05 ( 59, 15)
n=  2993   udiff=  1.0290E-04 ( 63,  1)   vdiff=  9.2372E-05 ( 59, 15)
n=  2994   udiff=  1.0218E-04 ( 64,  1)   vdiff=  8.7089E-05 ( 59, 15)
n=  2995   udiff=  1.0177E-04 ( 64,  1)   vdiff=  9.0164E-05 ( 59, 15)
n=  2996   udiff=  1.0108E-04 ( 63,  1)   vdiff=  8.5749E-05 ( 59, 16)
n=  2997   udiff=  1.0075E-04 ( 63,  1)   vdiff=  8.8668E-05 ( 59, 16)
n=  2998   udiff=  1.0006E-04 ( 64,  1)   vdiff=  8.5519E-05 ( 59, 15)
n=  2999   udiff=  9.9642E-05 ( 63,  1)   vdiff=  8.7616E-05 ( 59, 15)
n=  3000   udiff=  9.9311E-05 ( 64,  1)   vdiff=  8.1870E-05 ( 58, 15)
n=  3001   udiff=  9.8544E-05 ( 63,  1)   vdiff=  8.5672E-05 ( 59, 16)
n=  3002   udiff=  9.8263E-05 ( 64,  1)   vdiff=  8.6630E-05 ( 59, 15)
n=  3003   udiff=  9.7855E-05 ( 64,  1)   vdiff=  8.0487E-05 ( 58, 16)
n=  3004   udiff=  9.7277E-05 ( 64,  1)   vdiff=  8.3625E-05 ( 59, 15)
n=  3005   udiff=  9.6579E-05 ( 64,  1)   vdiff=  8.3628E-05 ( 59, 16)
n=  3006   udiff=  9.6087E-05 ( 64,  1)   vdiff=  8.1757E-05 ( 59, 15)
n=  3007   udiff=  9.5682E-05 ( 64,  1)   vdiff=  8.2592E-05 ( 59, 15)
n=  3008   udiff=  9.5249E-05 ( 64,  1)   vdiff=  8.2125E-05 ( 59, 16)
n=  3009   udiff=  9.4792E-05 ( 64,  1)   vdiff=  8.0149E-05 ( 59, 15)
n=  3010   udiff=  9.4309E-05 ( 64,  1)   vdiff=  8.1560E-05 ( 59, 15)
n=  3011   udiff=  9.3952E-05 ( 64,  1)   vdiff=  7.9242E-05 ( 59, 16)
n=  3012   udiff=  9.3406E-05 ( 64,  1)   vdiff=  7.8429E-05 ( 59, 15)
n=  3013   udiff=  9.3001E-05 ( 64,  1)   vdiff=  7.9446E-05 ( 59, 15)
n=  3014   udiff=  9.2452E-05 ( 64,  1)   vdiff=  7.6931E-05 ( 59, 16)
n=  3015   udiff=  9.1937E-05 ( 64,  1)   vdiff=  7.6626E-05 ( 58, 16)
n=  3016   udiff=  9.1516E-05 ( 64,  1)   vdiff=  7.6198E-05 ( 59, 15)
n=  3017   udiff=  9.1151E-05 ( 64,  1)   vdiff=  7.3061E-05 ( 59, 16)
n=  3018   udiff=  9.0596E-05 ( 64,  1)   vdiff=  7.4297E-05 ( 59, 15)
n=  3019   udiff=  9.0080E-05 ( 64,  1)   vdiff=  7.4640E-05 ( 59, 15)
n=  3020   udiff=  8.9650E-05 ( 64,  1)   vdiff=  7.4501E-05 ( 59, 15)
n=  3021   udiff=  8.9193E-05 ( 64,  1)   vdiff=  7.5523E-05 ( 59, 15)
n=  3022   udiff=  8.8860E-05 ( 64,  1)   vdiff=  7.4519E-05 ( 59, 16)
n=  3023   udiff=  8.8471E-05 ( 64,  1)   vdiff=  7.2420E-05 ( 59, 16)
n=  3024   udiff=  8.8166E-05 ( 64,  1)   vdiff=  7.3497E-05 ( 59, 15)
n=  3025   udiff=  8.7436E-05 ( 65,  1)   vdiff=  7.3919E-05 ( 59, 15)
n=  3026   udiff=  8.7146E-05 ( 65,  1)   vdiff=  6.9267E-05 ( 59, 16)
n=  3027   udiff=  8.6823E-05 ( 65,  1)   vdiff=  6.9925E-05 ( 59, 15)
n=  3028   udiff=  8.6279E-05 ( 65,  1)   vdiff=  7.0012E-05 ( 59, 15)
n=  3029   udiff=  8.5860E-05 ( 65,  1)   vdiff=  7.1309E-05 ( 59, 15)
n=  3030   udiff=  8.5398E-05 ( 65,  1)   vdiff=  7.0406E-05 ( 59, 15)
n=  3031   udiff=  8.5034E-05 ( 65,  1)   vdiff=  6.6629E-05 ( 59, 16)
n=  3032   udiff=  8.4569E-05 ( 65,  1)   vdiff=  6.6667E-05 ( 59, 15)
n=  3033   udiff=  8.4058E-05 ( 65,  1)   vdiff=  6.7201E-05 ( 59, 16)
n=  3034   udiff=  8.3757E-05 ( 65,  1)   vdiff=  6.8570E-05 ( 59, 15)
n=  3035   udiff=  8.3447E-05 ( 65,  1)   vdiff=  6.6916E-05 ( 59, 15)
n=  3036   udiff=  8.2828E-05 ( 65,  1)   vdiff=  6.7969E-05 ( 59, 15)
n=  3037   udiff=  8.2516E-05 ( 65,  1)   vdiff=  6.7078E-05 ( 59, 15)
n=  3038   udiff=  8.2302E-05 ( 65,  1)   vdiff=  6.7683E-05 ( 59, 15)
n=  3039   udiff=  8.1777E-05 ( 65,  1)   vdiff=  6.2018E-05 ( 58, 16)
n=  3040   udiff=  8.1404E-05 ( 65,  1)   vdiff=  6.2213E-05 ( 59, 15)
n=  3041   udiff=  8.0929E-05 ( 66,  1)   vdiff=  6.3080E-05 ( 59, 15)
n=  3042   udiff=  8.0120E-05 ( 65,  1)   vdiff=  6.2927E-05 ( 59, 15)
n=  3043   udiff=  7.9741E-05 ( 65,  1)   vdiff=  6.1002E-05 ( 59, 15)
n=  3044   udiff=  7.9600E-05 ( 65,  1)   vdiff=  6.2451E-05 ( 59, 16)
n=  3045   udiff=  7.9104E-05 ( 65,  1)   vdiff=  6.2174E-05 ( 59, 16)
n=  3046   udiff=  7.8799E-05 ( 65,  1)   vdiff=  6.2255E-05 ( 59, 15)
n=  3047   udiff=  7.8518E-05 ( 65,  1)   vdiff=  6.1457E-05 ( 59, 15)
n=  3048   udiff=  7.8019E-05 ( 65,  1)   vdiff=  6.1110E-05 ( 59, 15)
n=  3049   udiff=  7.7680E-05 ( 65,  1)   vdiff=  5.9541E-05 ( 59, 15)
n=  3050   udiff=  7.7280E-05 ( 65,  1)   vdiff=  5.9425E-05 ( 59, 15)
n=  3051   udiff=  7.6814E-05 ( 66,  1)   vdiff=  5.8782E-05 ( 59, 15)
n=  3052   udiff=  7.6559E-05 ( 66,  1)   vdiff=  5.8438E-05 ( 59, 15)
n=  3053   udiff=  7.6222E-05 ( 66,  1)   vdiff=  5.8012E-05 ( 59, 15)
n=  3054   udiff=  7.5759E-05 ( 66,  1)   vdiff=  5.6324E-05 ( 59, 15)
n=  3055   udiff=  7.5379E-05 ( 66,  1)   vdiff=  5.7046E-05 ( 59, 15)
n=  3056   udiff=  7.5082E-05 ( 66,  1)   vdiff=  5.5831E-05 ( 59, 15)
n=  3057   udiff=  7.4757E-05 ( 66,  1)   vdiff=  5.5303E-05 ( 59, 15)
n=  3058   udiff=  7.4445E-05 ( 66,  1)   vdiff=  5.9801E-05 ( 59, 16)
n=  3059   udiff=  7.3790E-05 ( 67,  1)   vdiff=  5.9063E-05 ( 59, 16)
n=  3060   udiff=  7.3501E-05 ( 67,  1)   vdiff=  5.9084E-05 ( 59, 15)
n=  3061   udiff=  7.3089E-05 ( 67,  1)   vdiff=  5.8742E-05 ( 59, 15)
n=  3062   udiff=  7.2814E-05 ( 67,  1)   vdiff=  5.7429E-05 ( 59, 15)
n=  3063   udiff=  7.2370E-05 ( 67,  1)   vdiff=  5.4799E-05 ( 59, 15)
n=  3064   udiff=  7.2145E-05 ( 67,  1)   vdiff=  5.3546E-05 ( 59, 15)
n=  3065   udiff=  7.1841E-05 ( 66,  1)   vdiff=  5.2958E-05 ( 59, 15)
n=  3066   udiff=  7.1317E-05 ( 67,  1)   vdiff=  5.1874E-05 ( 58, 16)
n=  3067   udiff=  7.0851E-05 ( 67,  1)   vdiff=  5.0413E-05 ( 59, 15)
n=  3068   udiff=  7.0570E-05 ( 66,  1)   vdiff=  5.4285E-05 ( 59, 16)
n=  3069   udiff=  7.0432E-05 ( 67,  1)   vdiff=  5.0069E-05 ( 59, 16)
n=  3070   udiff=  6.9842E-05 ( 66,  1)   vdiff=  5.0308E-05 ( 59, 16)
n=  3071   udiff=  6.9656E-05 ( 67,  1)   vdiff=  5.3306E-05 ( 59, 15)
n=  3072   udiff=  6.9227E-05 ( 66,  1)   vdiff=  5.1061E-05 ( 59, 15)
n=  3073   udiff=  6.8837E-05 ( 66,  1)   vdiff=  4.9207E-05 ( 59, 15)
n=  3074   udiff=  6.8456E-05 ( 66,  1)   vdiff=  4.7483E-05 ( 59, 15)
n=  3075   udiff=  6.8148E-05 ( 66,  1)   vdiff=  5.1314E-05 ( 59, 16)
n=  3076   udiff=  6.8039E-05 ( 67,  1)   vdiff=  4.5297E-05 ( 59, 16)
n=  3077   udiff=  6.7480E-05 ( 66,  1)   vdiff=  4.8075E-05 ( 59, 15)
n=  3078   udiff=  6.7221E-05 ( 66,  1)   vdiff=  4.8129E-05 ( 59, 15)
n=  3079   udiff=  6.6898E-05 ( 67,  1)   vdiff=  4.9627E-05 ( 59, 16)
n=  3080   udiff=  6.6515E-05 ( 67,  1)   vdiff=  4.6147E-05 ( 59, 16)
n=  3081   udiff=  6.6177E-05 ( 67,  1)   vdiff=  4.9931E-05 ( 59, 15)
n=  3082   udiff=  6.5887E-05 ( 67,  1)   vdiff=  4.7609E-05 ( 59, 16)
n=  3083   udiff=  6.5658E-05 ( 67,  1)   vdiff=  4.5203E-05 ( 59, 15)
n=  3084   udiff=  6.5274E-05 ( 67,  1)   vdiff=  4.8293E-05 ( 59, 16)
n=  3085   udiff=  6.4899E-05 ( 67,  1)   vdiff=  4.4419E-05 ( 59, 16)
n=  3086   udiff=  6.4513E-05 ( 67,  1)   vdiff=  4.6552E-05 ( 59, 15)
n=  3087   udiff=  6.4305E-05 ( 67,  1)   vdiff=  4.1865E-05 ( 59, 15)
n=  3088   udiff=  6.4157E-05 ( 67,  1)   vdiff=  4.2913E-05 ( 59, 16)
n=  3089   udiff=  6.3740E-05 ( 67,  1)   vdiff=  4.2711E-05 ( 59, 15)
n=  3090   udiff=  6.3374E-05 ( 67,  1)   vdiff=  4.4123E-05 ( 59, 15)
n=  3091   udiff=  6.2943E-05 ( 68,  1)   vdiff=  4.6004E-05 ( 59, 16)
n=  3092   udiff=  6.2722E-05 ( 68,  1)   vdiff=  4.2141E-05 ( 59, 15)
n=  3093   udiff=  6.2524E-05 ( 67,  1)   vdiff=  4.4379E-05 ( 59, 15)
n=  3094   udiff=  6.2044E-05 ( 69,  1)   vdiff=  4.2719E-05 ( 59, 15)
n=  3095   udiff=  6.1712E-05 ( 69,  1)   vdiff=  4.0928E-05 ( 59, 16)
n=  3096   udiff=  6.1461E-05 ( 68,  1)   vdiff=  3.9001E-05 ( 59, 16)
n=  3097   udiff=  6.1231E-05 ( 69,  1)   vdiff=  4.1400E-05 ( 59, 15)
n=  3098   udiff=  6.0964E-05 ( 68,  1)   vdiff=  4.0634E-05 ( 59, 16)
n=  3099   udiff=  6.0578E-05 ( 69,  1)   vdiff=  3.9824E-05 ( 59, 16)
n=  3100   udiff=  6.0378E-05 ( 69,  1)   vdiff=  3.8742E-05 ( 59, 15)
n=  3101   udiff=  5.9990E-05 ( 69,  1)   vdiff=  4.0439E-05 ( 59, 16)
n=  3102   udiff=  5.9698E-05 ( 69,  1)   vdiff=  4.1924E-05 ( 59, 15)
n=  3103   udiff=  5.9522E-05 ( 68,  1)   vdiff=  4.0017E-05 ( 59, 15)
n=  3104   udiff=  5.9093E-05 ( 69,  1)   vdiff=  3.9314E-05 ( 59, 16)
n=  3105   udiff=  5.8890E-05 ( 69,  1)   vdiff=  3.8960E-05 ( 59, 15)
n=  3106   udiff=  5.8676E-05 ( 69,  1)   vdiff=  4.1376E-05 ( 59, 16)
n=  3107   udiff=  5.8399E-05 ( 68,  1)   vdiff=  3.6773E-05 ( 58, 16)
n=  3108   udiff=  5.8056E-05 ( 69,  1)   vdiff=  3.7763E-05 ( 59, 15)
n=  3109   udiff=  5.7869E-05 ( 69,  1)   vdiff=  3.5395E-05 ( 59, 15)
n=  3110   udiff=  5.7440E-05 ( 70,  1)   vdiff=  3.3687E-05 ( 59, 15)
n=  3111   udiff=  5.7152E-05 ( 70,  1)   vdiff=  3.7128E-05 ( 59, 16)
n=  3112   udiff=  5.6901E-05 ( 69,  1)   vdiff=  3.3278E-05 ( 59, 15)
n=  3113   udiff=  5.6667E-05 ( 70,  1)   vdiff=  3.6177E-05 ( 59, 15)
n=  3114   udiff=  5.6384E-05 ( 69,  1)   vdiff=  3.5003E-05 ( 59, 15)
n=  3115   udiff=  5.6163E-05 ( 69,  1)   vdiff=  3.2765E-05 ( 58, 15)
n=  3116   udiff=  5.5892E-05 ( 70,  1)   vdiff=  3.5432E-05 ( 59, 16)
n=  3117   udiff=  5.5636E-05 ( 70,  1)   vdiff=  3.2446E-05 ( 59, 16)
n=  3118   udiff=  5.5354E-05 ( 69,  1)   vdiff=  3.5584E-05 ( 59, 16)
n=  3119   udiff=  5.5170E-05 ( 69,  1)   vdiff=  3.2692E-05 ( 58, 16)
n=  3120   udiff=  5.4824E-05 ( 69,  1)   vdiff=  3.5296E-05 ( 59, 15)
n=  3121   udiff=  5.4596E-05 ( 69,  1)   vdiff=  3.3366E-05 ( 59, 16)
n=  3122   udiff=  5.4276E-05 ( 70,  1)   vdiff=  3.5199E-05 ( 59, 15)
n=  3123   udiff=  5.3966E-05 ( 70,  1)   vdiff=  3.2057E-05 ( 59, 15)
n=  3124   udiff=  5.3703E-05 ( 71,  1)   vdiff=  3.0459E-05 ( 59, 16)
n=  3125   udiff=  5.3498E-05 ( 70,  1)   vdiff=  3.1677E-05 ( 59, 16)
n=  3126   udiff=  5.3141E-05 ( 69,  1)   vdiff=  2.9517E-05 ( 59, 15)
n=  3127   udiff=  5.2972E-05 ( 69,  1)   vdiff=  3.2761E-05 ( 59, 16)
n=  3128   udiff=  5.2607E-05 ( 71,  1)   vdiff=  2.9385E-05 ( 59, 15)
n=  3129   udiff=  5.2315E-05 ( 71,  1)   vdiff=  3.2628E-05 ( 59, 16)
n=  3130   udiff=  5.2167E-05 ( 70,  1)   vdiff=  2.9224E-05 ( 59, 16)
n=  3131   udiff=  5.1882E-05 ( 71,  1)   vdiff=  3.0857E-05 ( 59, 15)
n=  3132   udiff=  5.1674E-05 ( 71,  1)   vdiff=  3.0360E-05 ( 58, 16)
n=  3133   udiff=  5.1503E-05 ( 70,  1)   vdiff=  3.1739E-05 ( 59, 15)
n=  3134   udiff=  5.1200E-05 ( 71,  1)   vdiff=  2.8298E-05 ( 60, 15)
n=  3135   udiff=  5.0867E-05 ( 70,  1)   vdiff=  3.1768E-05 ( 59, 16)
n=  3136   udiff=  5.0663E-05 ( 71,  1)   vdiff=  2.5596E-05 ( 58, 16)
n=  3137   udiff=  5.0485E-05 ( 71,  1)   vdiff=  2.8755E-05 ( 59, 15)
n=  3138   udiff=  5.0169E-05 ( 71,  1)   vdiff=  3.0992E-05 ( 59, 15)
n=  3139   udiff=  4.9943E-05 ( 71,  1)   vdiff=  2.6712E-05 ( 59, 16)
n=  3140   udiff=  4.9773E-05 ( 71,  1)   vdiff=  3.0374E-05 ( 59, 16)
n=  3141   udiff=  4.9507E-05 ( 71,  1)   vdiff=  2.5360E-05 ( 59, 15)
n=  3142   udiff=  4.9214E-05 ( 71,  1)   vdiff=  2.9329E-05 ( 59, 15)
n=  3143   udiff=  4.8968E-05 ( 71,  1)   vdiff=  2.4836E-05 ( 58, 15)
n=  3144   udiff=  4.8815E-05 ( 71,  1)   vdiff=  2.7259E-05 ( 59, 15)
n=  3145   udiff=  4.8526E-05 ( 71,  1)   vdiff=  2.3876E-05 ( 59, 15)
n=  3146   udiff=  4.8289E-05 ( 71,  1)   vdiff=  2.6362E-05 ( 59, 15)
n=  3147   udiff=  4.8054E-05 ( 72,  1)   vdiff=  2.8223E-05 ( 59, 15)
n=  3148   udiff=  4.7853E-05 ( 72,  1)   vdiff=  2.5362E-05 ( 59, 16)
n=  3149   udiff=  4.7641E-05 ( 72,  1)   vdiff=  2.6916E-05 ( 59, 15)
n=  3150   udiff=  4.7471E-05 ( 72,  1)   vdiff=  2.4361E-05 ( 60, 15)
n=  3151   udiff=  4.7121E-05 ( 72,  1)   vdiff=  2.4333E-05 ( 59, 16)
n=  3152   udiff=  4.7040E-05 ( 72,  1)   vdiff=  2.6654E-05 ( 59, 16)
n=  3153   udiff=  4.6784E-05 ( 72,  1)   vdiff=  2.4951E-05 ( 59, 15)
n=  3154   udiff=  4.6613E-05 ( 72,  1)   vdiff=  2.5008E-05 ( 59, 15)
n=  3155   udiff=  4.6434E-05 ( 72,  1)   vdiff=  2.2763E-05 ( 60, 15)
n=  3156   udiff=  4.6099E-05 ( 72,  1)   vdiff=  2.5099E-05 ( 59, 15)
n=  3157   udiff=  4.5951E-05 ( 72,  1)   vdiff=  2.3892E-05 ( 59, 16)
n=  3158   udiff=  4.5679E-05 ( 72,  1)   vdiff=  2.1977E-05 ( 60, 15)
n=  3159   udiff=  4.5464E-05 ( 72,  1)   vdiff=  2.4599E-05 ( 59, 15)
n=  3160   udiff=  4.5171E-05 ( 73,  1)   vdiff=  2.1760E-05 ( 60, 14)
n=  3161   udiff=  4.5070E-05 ( 73,  1)   vdiff=  2.0658E-05 ( 58, 15)
n=  3162   udiff=  4.4855E-05 ( 73,  1)   vdiff=  2.4111E-05 ( 59, 15)
n=  3163   udiff=  4.4610E-05 ( 71,  1)   vdiff=  2.0089E-05 ( 50, 13)
n=  3164   udiff=  4.4476E-05 ( 72,  1)   vdiff=  2.1333E-05 ( 59, 16)
n=  3165   udiff=  4.4255E-05 ( 71,  1)   vdiff=  2.3301E-05 ( 59, 15)
n=  3166   udiff=  4.4088E-05 ( 71,  1)   vdiff=  1.9326E-05 ( 50, 13)
n=  3167   udiff=  4.3838E-05 ( 72,  1)   vdiff=  2.1655E-05 ( 59, 16)
n=  3168   udiff=  4.3600E-05 ( 71,  1)   vdiff=  2.2104E-05 ( 59, 16)
n=  3169   udiff=  4.3423E-05 ( 73,  1)   vdiff=  1.9489E-05 ( 49, 12)
n=  3170   udiff=  4.3238E-05 ( 73,  1)   vdiff=  1.9363E-05 ( 49, 11)
n=  3171   udiff=  4.3011E-05 ( 73,  1)   vdiff=  2.0077E-05 ( 59, 15)
n=  3172   udiff=  4.2816E-05 ( 74,  1)   vdiff=  1.9858E-05 ( 60, 15)
n=  3173   udiff=  4.2694E-05 ( 73,  1)   vdiff=  2.1088E-05 ( 59, 15)
n=  3174   udiff=  4.2492E-05 ( 74,  1)   vdiff=  2.0496E-05 ( 59, 15)
n=  3175   udiff=  4.2310E-05 ( 74,  1)   vdiff=  1.9337E-05 ( 51, 12)
n=  3176   udiff=  4.2118E-05 ( 74,  1)   vdiff=  1.8692E-05 ( 51, 14)
n=  3177   udiff=  4.1937E-05 ( 73,  1)   vdiff=  1.9518E-05 ( 59, 15)
n=  3178   udiff=  4.1774E-05 ( 74,  1)   vdiff=  1.9543E-05 ( 59, 16)
n=  3179   udiff=  4.1526E-05 ( 73,  1)   vdiff=  1.8988E-05 ( 50, 13)
n=  3180   udiff=  4.1333E-05 ( 74,  1)   vdiff=  1.9586E-05 ( 59, 15)
n=  3181   udiff=  4.1107E-05 ( 74,  1)   vdiff=  1.9379E-05 ( 50, 13)
n=  3182   udiff=  4.0938E-05 ( 73,  1)   vdiff=  1.8994E-05 ( 52, 11)
n=  3183   udiff=  4.0781E-05 ( 74,  1)   vdiff=  1.8829E-05 ( 51, 14)
n=  3184   udiff=  4.0594E-05 ( 73,  1)   vdiff=  1.8563E-05 ( 59, 15)
n=  3185   udiff=  4.0393E-05 ( 74,  1)   vdiff=  1.7976E-05 ( 50, 12)
n=  3186   udiff=  4.0201E-05 ( 73,  1)   vdiff=  1.8233E-05 ( 50, 13)
n=  3187   udiff=  3.9968E-05 ( 74,  1)   vdiff=  1.8267E-05 ( 51, 13)
n=  3188   udiff=  3.9849E-05 ( 74,  1)   vdiff=  1.9239E-05 ( 59, 15)
n=  3189   udiff=  3.9630E-05 ( 74,  1)   vdiff=  1.7441E-05 ( 49, 13)
n=  3190   udiff=  3.9466E-05 ( 74,  1)   vdiff=  1.7409E-05 ( 53,  9)
n=  3191   udiff=  3.9248E-05 ( 74,  1)   vdiff=  1.8380E-05 ( 52, 12)
n=  3192   udiff=  3.9113E-05 ( 75,  1)   vdiff=  1.7845E-05 ( 51, 13)
n=  3193   udiff=  3.8932E-05 ( 74,  1)   vdiff=  1.7863E-05 ( 50, 13)
n=  3194   udiff=  3.8766E-05 ( 75,  1)   vdiff=  1.7880E-05 ( 51, 13)
n=  3195   udiff=  3.8552E-05 ( 75,  1)   vdiff=  1.7900E-05 ( 50, 13)
n=  3196   udiff=  3.8404E-05 ( 75,  1)   vdiff=  1.7930E-05 ( 59, 15)
n=  3197   udiff=  3.8258E-05 ( 75,  1)   vdiff=  1.8104E-05 ( 50, 13)
n=  3198   udiff=  3.8102E-05 ( 75,  1)   vdiff=  1.8131E-05 ( 51, 12)
n=  3199   udiff=  3.7991E-05 ( 75,  1)   vdiff=  1.6506E-05 ( 49, 14)
n=  3200   udiff=  3.7821E-05 ( 75,  1)   vdiff=  1.7658E-05 ( 51, 12)
n=  3201   udiff=  3.7591E-05 ( 75,  1)   vdiff=  1.5932E-05 ( 52, 14)
n=  3202   udiff=  3.7415E-05 ( 75,  1)   vdiff=  1.6788E-05 ( 59, 16)
n=  3203   udiff=  3.7266E-05 ( 76,  1)   vdiff=  1.6565E-05 ( 51, 14)
n=  3204   udiff=  3.7069E-05 ( 75,  1)   vdiff=  1.7037E-05 ( 51, 12)
n=  3205   udiff=  3.6868E-05 ( 76,  1)   vdiff=  1.6848E-05 ( 53, 12)
n=  3206   udiff=  3.6692E-05 ( 76,  1)   vdiff=  1.6660E-05 ( 52, 11)
n=  3207   udiff=  3.6556E-05 ( 75,  1)   vdiff=  1.5953E-05 ( 53, 11)
n=  3208   udiff=  3.6426E-05 ( 76,  1)   vdiff=  1.6142E-05 ( 52, 11)
n=  3209   udiff=  3.6226E-05 ( 77,  1)   vdiff=  1.5676E-05 ( 51, 13)
n=  3210   udiff=  3.6058E-05 ( 77,  1)   vdiff=  1.6944E-05 ( 51, 12)
n=  3211   udiff=  3.5860E-05 ( 76,  1)   vdiff=  1.6155E-05 ( 51, 13)
n=  3212   udiff=  3.5731E-05 ( 77,  1)   vdiff=  1.5911E-05 ( 52, 11)
n=  3213   udiff=  3.5605E-05 ( 76,  1)   vdiff=  1.6676E-05 ( 49, 14)
n=  3214   udiff=  3.5387E-05 ( 78,  1)   vdiff=  1.5857E-05 ( 53, 14)
n=  3215   udiff=  3.5255E-05 ( 77,  1)   vdiff=  1.5830E-05 ( 51, 13)
n=  3216   udiff=  3.5104E-05 ( 78,  1)   vdiff=  1.6351E-05 ( 51, 14)
n=  3217   udiff=  3.4929E-05 ( 78,  1)   vdiff=  1.5640E-05 ( 52, 12)
n=  3218   udiff=  3.4808E-05 ( 78,  1)   vdiff=  1.6291E-05 ( 51, 12)
n=  3219   udiff=  3.4656E-05 ( 77,  1)   vdiff=  1.5606E-05 ( 53, 13)
n=  3220   udiff=  3.4466E-05 ( 77,  1)   vdiff=  1.6026E-05 ( 52, 13)
n=  3221   udiff=  3.4373E-05 ( 77,  1)   vdiff=  1.5748E-05 ( 49, 13)
n=  3222   udiff=  3.4202E-05 ( 77,  1)   vdiff=  1.6164E-05 ( 50, 16)
n=  3223   udiff=  3.3996E-05 ( 77,  1)   vdiff=  1.6252E-05 ( 52, 11)
n=  3224   udiff=  3.3858E-05 ( 78,  1)   vdiff=  1.6441E-05 ( 51, 13)
n=  3225   udiff=  3.3765E-05 ( 77,  1)   vdiff=  1.6171E-05 ( 52, 11)
n=  3226   udiff=  3.3575E-05 ( 78,  1)   vdiff=  1.5710E-05 ( 50, 13)
n=  3227   udiff=  3.3444E-05 ( 76,  1)   vdiff=  1.5831E-05 ( 52, 11)
n=  3228   udiff=  3.3317E-05 ( 77,  1)   vdiff=  1.5531E-05 ( 51, 13)
n=  3229   udiff=  3.3154E-05 ( 78,  1)   vdiff=  1.6030E-05 ( 50, 13)
n=  3230   udiff=  3.3019E-05 ( 78,  1)   vdiff=  1.5643E-05 ( 51, 13)
n=  3231   udiff=  3.2863E-05 ( 78,  1)   vdiff=  1.5004E-05 ( 50, 13)
n=  3232   udiff=  3.2711E-05 ( 78,  1)   vdiff=  1.5279E-05 ( 51, 13)
n=  3233   udiff=  3.2546E-05 ( 78,  1)   vdiff=  1.5760E-05 ( 52, 13)
n=  3234   udiff=  3.2458E-05 ( 78,  1)   vdiff=  1.4956E-05 ( 51, 13)
n=  3235   udiff=  3.2300E-05 ( 77,  1)   vdiff=  1.4694E-05 ( 52, 13)
n=  3236   udiff=  3.2147E-05 ( 78,  1)   vdiff=  1.4749E-05 ( 51, 13)
n=  3237   udiff=  3.1974E-05 ( 77,  1)   vdiff=  1.4410E-05 ( 50, 12)
n=  3238   udiff=  3.1833E-05 ( 77,  1)   vdiff=  1.5314E-05 ( 52, 11)
n=  3239   udiff=  3.1683E-05 ( 77,  1)   vdiff=  1.4695E-05 ( 50, 11)
n=  3240   udiff=  3.1587E-05 ( 79,  1)   vdiff=  1.4897E-05 ( 53, 13)
n=  3241   udiff=  3.1399E-05 ( 77,  1)   vdiff=  1.4094E-05 ( 51, 14)
n=  3242   udiff=  3.1290E-05 ( 79,  1)   vdiff=  1.4175E-05 ( 51, 15)
n=  3243   udiff=  3.1139E-05 ( 78,  1)   vdiff=  1.4741E-05 ( 51, 13)
n=  3244   udiff=  3.1030E-05 ( 78,  1)   vdiff=  1.4287E-05 ( 53, 14)
n=  3245   udiff=  3.0873E-05 ( 79,  1)   vdiff=  1.4562E-05 ( 52, 14)
n=  3246   udiff=  3.0767E-05 ( 78,  1)   vdiff=  1.4232E-05 ( 52, 13)
n=  3247   udiff=  3.0657E-05 ( 78,  1)   vdiff=  1.4351E-05 ( 51, 15)
n=  3248   udiff=  3.0523E-05 ( 79,  1)   vdiff=  1.3642E-05 ( 54, 12)
n=  3249   udiff=  3.0351E-05 ( 78,  1)   vdiff=  1.4937E-05 ( 53, 14)
n=  3250   udiff=  3.0210E-05 ( 78,  1)   vdiff=  1.4320E-05 ( 51, 13)
n=  3251   udiff=  3.0123E-05 ( 78,  1)   vdiff=  1.4730E-05 ( 52, 13)
n=  3252   udiff=  2.9980E-05 ( 79,  1)   vdiff=  1.4545E-05 ( 53, 13)
n=  3253   udiff=  2.9870E-05 ( 78,  1)   vdiff=  1.4086E-05 ( 54, 12)
n=  3254   udiff=  2.9678E-05 ( 78,  1)   vdiff=  1.3911E-05 ( 53, 10)
n=  3255   udiff=  2.9532E-05 ( 78,  1)   vdiff=  1.3696E-05 ( 51, 12)
n=  3256   udiff=  2.9453E-05 ( 78,  1)   vdiff=  1.4314E-05 ( 52, 13)
n=  3257   udiff=  2.9276E-05 ( 78,  1)   vdiff=  1.3967E-05 ( 53, 13)
n=  3258   udiff=  2.9138E-05 ( 78,  1)   vdiff=  1.4033E-05 ( 54, 12)
n=  3259   udiff=  2.9043E-05 ( 79,  1)   vdiff=  1.4632E-05 ( 55, 11)
n=  3260   udiff=  2.8893E-05 ( 79,  1)   vdiff=  1.3501E-05 ( 49, 13)
n=  3261   udiff=  2.8798E-05 ( 79,  1)   vdiff=  1.3294E-05 ( 52, 14)
n=  3262   udiff=  2.8720E-05 ( 79,  1)   vdiff=  1.3584E-05 ( 53, 15)
n=  3263   udiff=  2.8610E-05 ( 79,  1)   vdiff=  1.3937E-05 ( 52, 13)
n=  3264   udiff=  2.8462E-05 ( 79,  1)   vdiff=  1.3201E-05 ( 51, 15)
n=  3265   udiff=  2.8288E-05 ( 79,  1)   vdiff=  1.4284E-05 ( 54, 14)
n=  3266   udiff=  2.8232E-05 ( 80,  1)   vdiff=  1.3257E-05 ( 52, 14)
n=  3267   udiff=  2.8061E-05 ( 80,  1)   vdiff=  1.3300E-05 ( 53, 13)
n=  3268   udiff=  2.7966E-05 ( 80,  1)   vdiff=  1.3416E-05 ( 52, 13)
n=  3269   udiff=  2.7867E-05 ( 80,  1)   vdiff=  1.3426E-05 ( 52, 15)
n=  3270   udiff=  2.7735E-05 ( 80,  1)   vdiff=  1.2974E-05 ( 51, 14)
n=  3271   udiff=  2.7601E-05 ( 80,  1)   vdiff=  1.3518E-05 ( 54, 14)
n=  3272   udiff=  2.7511E-05 ( 80,  1)   vdiff=  1.3350E-05 ( 51, 15)
n=  3273   udiff=  2.7408E-05 ( 81,  1)   vdiff=  1.3715E-05 ( 52, 13)
n=  3274   udiff=  2.7310E-05 ( 80,  1)   vdiff=  1.3745E-05 ( 54, 12)
n=  3275   udiff=  2.7148E-05 ( 81,  1)   vdiff=  1.4353E-05 ( 54, 12)
n=  3276   udiff=  2.7046E-05 ( 80,  1)   vdiff=  1.3525E-05 ( 54, 14)
n=  3277   udiff=  2.6922E-05 ( 81,  1)   vdiff=  1.3242E-05 ( 53, 12)
n=  3278   udiff=  2.6797E-05 ( 81,  1)   vdiff=  1.2991E-05 ( 53, 15)
n=  3279   udiff=  2.6698E-05 ( 80,  1)   vdiff=  1.3474E-05 ( 53, 15)
n=  3280   udiff=  2.6604E-05 ( 81,  1)   vdiff=  1.3151E-05 ( 55, 12)
n=  3281   udiff=  2.6452E-05 ( 81,  1)   vdiff=  1.2669E-05 ( 52, 13)
n=  3282   udiff=  2.6332E-05 ( 81,  1)   vdiff=  1.3725E-05 ( 54, 14)
n=  3283   udiff=  2.6224E-05 ( 82,  1)   vdiff=  1.3997E-05 ( 54, 14)
n=  3284   udiff=  2.6092E-05 ( 81,  1)   vdiff=  1.2827E-05 ( 53, 15)
n=  3285   udiff=  2.5970E-05 ( 81,  1)   vdiff=  1.4286E-05 ( 53, 14)
n=  3286   udiff=  2.5847E-05 ( 82,  1)   vdiff=  1.2931E-05 ( 55, 12)
n=  3287   udiff=  2.5744E-05 ( 81,  1)   vdiff=  1.3282E-05 ( 55, 10)
n=  3288   udiff=  2.5643E-05 ( 81,  1)   vdiff=  1.3442E-05 ( 53, 12)
n=  3289   udiff=  2.5596E-05 ( 81,  1)   vdiff=  1.4783E-05 ( 54, 13)
n=  3290   udiff=  2.5454E-05 ( 82,  1)   vdiff=  1.3115E-05 ( 53, 14)
n=  3291   udiff=  2.5343E-05 ( 81,  1)   vdiff=  1.4750E-05 ( 53, 14)
n=  3292   udiff=  2.5228E-05 ( 81,  1)   vdiff=  1.1862E-05 ( 55, 11)
n=  3293   udiff=  2.5102E-05 ( 81,  1)   vdiff=  1.2229E-05 ( 53, 12)
n=  3294   udiff=  2.5042E-05 ( 81,  1)   vdiff=  1.2712E-05 ( 54, 13)
n=  3295   udiff=  2.4959E-05 ( 81,  1)   vdiff=  1.2698E-05 ( 53, 14)
n=  3296   udiff=  2.4820E-05 ( 81,  1)   vdiff=  1.3946E-05 ( 53, 14)
n=  3297   udiff=  2.4716E-05 ( 82,  1)   vdiff=  1.2482E-05 ( 51, 15)
n=  3298   udiff=  2.4621E-05 ( 82,  1)   vdiff=  1.3020E-05 ( 55, 12)
n=  3299   udiff=  2.4507E-05 ( 82,  1)   vdiff=  1.2122E-05 ( 53, 12)
n=  3300   udiff=  2.4373E-05 ( 82,  1)   vdiff=  1.2012E-05 ( 54, 13)
n=  3301   udiff=  2.4305E-05 ( 83,  1)   vdiff=  1.2543E-05 ( 53, 14)
n=  3302   udiff=  2.4200E-05 ( 82,  1)   vdiff=  1.4056E-05 ( 53, 14)
n=  3303   udiff=  2.4126E-05 ( 82,  1)   vdiff=  1.1953E-05 ( 52, 13)
n=  3304   udiff=  2.3986E-05 ( 83,  1)   vdiff=  1.2819E-05 ( 55, 12)
n=  3305   udiff=  2.3908E-05 ( 83,  1)   vdiff=  1.2339E-05 ( 53, 12)
n=  3306   udiff=  2.3807E-05 ( 83,  1)   vdiff=  1.1875E-05 ( 54, 13)
n=  3307   udiff=  2.3724E-05 ( 83,  1)   vdiff=  1.2170E-05 ( 55, 13)
n=  3308   udiff=  2.3589E-05 ( 83,  1)   vdiff=  1.4220E-05 ( 53, 14)
n=  3309   udiff=  2.3477E-05 ( 83,  1)   vdiff=  1.3157E-05 ( 54, 16)
n=  3310   udiff=  2.3409E-05 ( 83,  1)   vdiff=  1.2343E-05 ( 55, 12)
n=  3311   udiff=  2.3289E-05 ( 84,  1)   vdiff=  1.2356E-05 ( 53, 12)
n=  3312   udiff=  2.3175E-05 ( 83,  1)   vdiff=  1.2113E-05 ( 54, 13)
n=  3313   udiff=  2.3062E-05 ( 82,  1)   vdiff=  1.2103E-05 ( 55, 13)
n=  3314   udiff=  2.2997E-05 ( 82,  1)   vdiff=  1.4437E-05 ( 53, 14)
n=  3315   udiff=  2.2905E-05 ( 83,  1)   vdiff=  1.2852E-05 ( 54, 15)
n=  3316   udiff=  2.2781E-05 ( 84,  1)   vdiff=  1.2053E-05 ( 55, 12)
n=  3317   udiff=  2.2711E-05 ( 83,  1)   vdiff=  1.1858E-05 ( 55, 17)
n=  3318   udiff=  2.2638E-05 ( 84,  1)   vdiff=  1.3373E-05 ( 55, 11)
n=  3319   udiff=  2.2539E-05 ( 83,  1)   vdiff=  1.2664E-05 ( 55, 13)
n=  3320   udiff=  2.2439E-05 ( 84,  1)   vdiff=  1.4513E-05 ( 53, 14)
n=  3321   udiff=  2.2339E-05 ( 83,  1)   vdiff=  1.2434E-05 ( 54, 15)
n=  3322   udiff=  2.2227E-05 ( 85,  1)   vdiff=  1.2467E-05 ( 55, 12)
n=  3323   udiff=  2.2156E-05 ( 84,  1)   vdiff=  1.1588E-05 ( 54, 13)
n=  3324   udiff=  2.2018E-05 ( 83,  1)   vdiff=  1.1634E-05 ( 54, 13)
n=  3325   udiff=  2.1952E-05 ( 84,  1)   vdiff=  1.2109E-05 ( 55, 13)
n=  3326   udiff=  2.1820E-05 ( 84,  1)   vdiff=  1.4170E-05 ( 53, 14)
n=  3327   udiff=  2.1732E-05 ( 84,  1)   vdiff=  1.2077E-05 ( 54, 15)
n=  3328   udiff=  2.1711E-05 ( 84,  1)   vdiff=  1.2702E-05 ( 55, 12)
n=  3329   udiff=  2.1588E-05 ( 84,  1)   vdiff=  1.2490E-05 ( 55, 12)
n=  3330   udiff=  2.1511E-05 ( 84,  1)   vdiff=  1.1647E-05 ( 54, 14)
n=  3331   udiff=  2.1379E-05 ( 86,  1)   vdiff=  1.1130E-05 ( 57, 11)
n=  3332   udiff=  2.1250E-05 ( 84,  1)   vdiff=  1.3586E-05 ( 53, 14)
n=  3333   udiff=  2.1176E-05 ( 86,  1)   vdiff=  1.1994E-05 ( 53, 15)
n=  3334   udiff=  2.1119E-05 ( 84,  1)   vdiff=  1.2706E-05 ( 54, 15)
n=  3335   udiff=  2.1054E-05 ( 84,  1)   vdiff=  1.2203E-05 ( 55, 12)
n=  3336   udiff=  2.0971E-05 ( 84,  1)   vdiff=  1.1592E-05 ( 54, 13)
n=  3337   udiff=  2.0886E-05 ( 85,  1)   vdiff=  1.0538E-05 ( 53, 11)
n=  3338   udiff=  2.0787E-05 ( 84,  1)   vdiff=  1.2218E-05 ( 53, 14)
n=  3339   udiff=  2.0680E-05 ( 85,  1)   vdiff=  1.2730E-05 ( 53, 14)
n=  3340   udiff=  2.0615E-05 ( 85,  1)   vdiff=  1.1872E-05 ( 54, 15)
n=  3341   udiff=  2.0493E-05 ( 85,  1)   vdiff=  1.2670E-05 ( 54, 15)
n=  3342   udiff=  2.0417E-05 ( 85,  1)   vdiff=  1.1302E-05 ( 54, 14)
n=  3343   udiff=  2.0320E-05 ( 85,  1)   vdiff=  1.1890E-05 ( 54, 14)
n=  3344   udiff=  2.0253E-05 ( 84,  1)   vdiff=  1.2850E-05 ( 56, 11)
n=  3345   udiff=  2.0179E-05 ( 86,  1)   vdiff=  1.1616E-05 ( 53, 14)
n=  3346   udiff=  2.0083E-05 ( 84,  1)   vdiff=  1.1677E-05 ( 54, 15)
n=  3347   udiff=  1.9965E-05 ( 85,  1)   vdiff=  1.1678E-05 ( 55, 12)
n=  3348   udiff=  1.9910E-05 ( 85,  1)   vdiff=  1.2262E-05 ( 55, 12)
n=  3349   udiff=  1.9837E-05 ( 85,  1)   vdiff=  1.1466E-05 ( 54, 13)
n=  3350   udiff=  1.9742E-05 ( 86,  1)   vdiff=  1.1348E-05 ( 55, 16)
n=  3351   udiff=  1.9684E-05 ( 85,  1)   vdiff=  1.2022E-05 ( 53, 14)
n=  3352   udiff=  1.9574E-05 ( 85,  1)   vdiff=  1.1590E-05 ( 53, 14)
n=  3353   udiff=  1.9505E-05 ( 85,  1)   vdiff=  1.1645E-05 ( 54, 15)
n=  3354   udiff=  1.9429E-05 ( 86,  1)   vdiff=  1.2155E-05 ( 54, 15)
n=  3355   udiff=  1.9387E-05 ( 86,  1)   vdiff=  1.1736E-05 ( 55, 12)
n=  3356   udiff=  1.9286E-05 ( 86,  1)   vdiff=  1.2124E-05 ( 54, 13)
n=  3357   udiff=  1.9208E-05 ( 86,  1)   vdiff=  1.1342E-05 ( 55, 16)
n=  3358   udiff=  1.9131E-05 ( 86,  1)   vdiff=  1.1779E-05 ( 53, 14)
n=  3359   udiff=  1.9067E-05 ( 86,  1)   vdiff=  1.1437E-05 ( 56, 13)
n=  3360   udiff=  1.8949E-05 ( 86,  1)   vdiff=  1.1857E-05 ( 54, 15)
n=  3361   udiff=  1.8873E-05 ( 86,  1)   vdiff=  1.1215E-05 ( 57, 13)
n=  3362   udiff=  1.8770E-05 ( 86,  1)   vdiff=  1.1521E-05 ( 55, 12)
n=  3363   udiff=  1.8744E-05 ( 86,  1)   vdiff=  1.1487E-05 ( 57, 12)
n=  3364   udiff=  1.8660E-05 ( 87,  1)   vdiff=  1.1283E-05 ( 55, 16)
n=  3365   udiff=  1.8591E-05 ( 87,  1)   vdiff=  1.2072E-05 ( 56, 11)
n=  3366   udiff=  1.8486E-05 ( 87,  1)   vdiff=  1.1758E-05 ( 56, 13)
n=  3367   udiff=  1.8403E-05 ( 87,  1)   vdiff=  1.1523E-05 ( 54, 15)
n=  3368   udiff=  1.8346E-05 ( 87,  1)   vdiff=  1.1095E-05 ( 55, 12)
n=  3369   udiff=  1.8262E-05 ( 87,  1)   vdiff=  1.1024E-05 ( 57, 13)
n=  3370   udiff=  1.8128E-05 ( 87,  1)   vdiff=  1.1345E-05 ( 54, 13)
n=  3371   udiff=  1.8078E-05 ( 87,  1)   vdiff=  1.1148E-05 ( 55, 16)
n=  3372   udiff=  1.8025E-05 ( 88,  1)   vdiff=  1.1586E-05 ( 55, 14)
n=  3373   udiff=  1.7947E-05 ( 87,  1)   vdiff=  1.1565E-05 ( 56, 13)
n=  3374   udiff=  1.7864E-05 ( 87,  1)   vdiff=  1.2144E-05 ( 54, 15)
n=  3375   udiff=  1.7838E-05 ( 88,  1)   vdiff=  1.1898E-05 ( 55, 12)
n=  3376   udiff=  1.7777E-05 ( 88,  1)   vdiff=  1.1484E-05 ( 55, 12)
n=  3377   udiff=  1.7661E-05 ( 88,  1)   vdiff=  1.1171E-05 ( 57, 13)
n=  3378   udiff=  1.7575E-05 ( 88,  1)   vdiff=  1.1027E-05 ( 55, 16)
n=  3379   udiff=  1.7527E-05 ( 88,  1)   vdiff=  1.1165E-05 ( 55, 16)
n=  3380   udiff=  1.7449E-05 ( 88,  1)   vdiff=  1.1551E-05 ( 53, 14)
n=  3381   udiff=  1.7313E-05 ( 87,  1)   vdiff=  1.2107E-05 ( 54, 15)
n=  3382   udiff=  1.7273E-05 ( 88,  1)   vdiff=  1.0821E-05 ( 55, 12)
n=  3383   udiff=  1.7225E-05 ( 87,  1)   vdiff=  1.1185E-05 ( 55, 12)
n=  3384   udiff=  1.7180E-05 ( 88,  1)   vdiff=  1.1017E-05 ( 54, 14)
n=  3385   udiff=  1.7091E-05 ( 88,  1)   vdiff=  1.1633E-05 ( 56, 15)
n=  3386   udiff=  1.7054E-05 ( 88,  1)   vdiff=  1.1899E-05 ( 55, 16)
n=  3387   udiff=  1.6974E-05 ( 89,  1)   vdiff=  1.1908E-05 ( 56, 13)
n=  3388   udiff=  1.6864E-05 ( 89,  1)   vdiff=  1.2069E-05 ( 56, 13)
n=  3389   udiff=  1.6790E-05 ( 88,  1)   vdiff=  1.1155E-05 ( 56, 18)
n=  3390   udiff=  1.6735E-05 ( 88,  1)   vdiff=  1.1528E-05 ( 58, 15)
n=  3391   udiff=  1.6653E-05 ( 89,  1)   vdiff=  1.0875E-05 ( 56, 15)
n=  3392   udiff=  1.6588E-05 ( 88,  1)   vdiff=  1.1975E-05 ( 56, 15)
n=  3393   udiff=  1.6541E-05 ( 89,  1)   vdiff=  1.2325E-05 ( 57, 16)
n=  3394   udiff=  1.6444E-05 ( 88,  1)   vdiff=  1.1862E-05 ( 55, 16)
n=  3395   udiff=  1.6366E-05 ( 89,  1)   vdiff=  1.2064E-05 ( 56, 13)
n=  3396   udiff=  1.6314E-05 ( 89,  1)   vdiff=  1.0516E-05 ( 54, 15)
n=  3397   udiff=  1.6260E-05 ( 89,  1)   vdiff=  1.1084E-05 ( 55, 12)
n=  3398   udiff=  1.6187E-05 ( 89,  1)   vdiff=  1.0942E-05 ( 56, 15)
n=  3399   udiff=  1.6075E-05 ( 89,  1)   vdiff=  1.1114E-05 ( 56, 15)
n=  3400   udiff=  1.5968E-05 ( 90,  1)   vdiff=  1.1773E-05 ( 57, 16)
n=  3401   udiff=  1.5955E-05 ( 89,  1)   vdiff=  1.1266E-05 ( 55, 16)
n=  3402   udiff=  1.5897E-05 ( 89,  1)   vdiff=  1.1355E-05 ( 58, 13)
n=  3403   udiff=  1.5801E-05 ( 90,  1)   vdiff=  1.0203E-05 ( 53, 14)
n=  3404   udiff=  1.5722E-05 ( 89,  1)   vdiff=  1.1094E-05 ( 55, 17)
n=  3405   udiff=  1.5679E-05 ( 90,  1)   vdiff=  1.1102E-05 ( 56, 15)
n=  3406   udiff=  1.5640E-05 ( 89,  1)   vdiff=  1.1261E-05 ( 56, 15)
n=  3407   udiff=  1.5571E-05 ( 90,  1)   vdiff=  1.1089E-05 ( 57, 18)
n=  3408   udiff=  1.5494E-05 ( 90,  1)   vdiff=  1.2861E-05 ( 57, 14)
n=  3409   udiff=  1.5430E-05 ( 89,  1)   vdiff=  1.2194E-05 ( 57, 16)
n=  3410   udiff=  1.5384E-05 ( 90,  1)   vdiff=  1.0324E-05 ( 54, 17)
n=  3411   udiff=  1.5302E-05 ( 91,  1)   vdiff=  1.0258E-05 ( 56, 17)
n=  3412   udiff=  1.5239E-05 ( 90,  1)   vdiff=  1.1302E-05 ( 55, 17)
n=  3413   udiff=  1.5145E-05 ( 90,  1)   vdiff=  1.1602E-05 ( 56, 15)
n=  3414   udiff=  1.5115E-05 ( 91,  1)   vdiff=  1.1695E-05 ( 56, 15)
n=  3415   udiff=  1.5048E-05 ( 90,  1)   vdiff=  1.1227E-05 ( 58, 11)
n=  3416   udiff=  1.4962E-05 ( 91,  1)   vdiff=  1.1382E-05 ( 57, 18)
n=  3417   udiff=  1.4927E-05 ( 91,  1)   vdiff=  1.1437E-05 ( 56, 13)
n=  3418   udiff=  1.4846E-05 ( 90,  1)   vdiff=  1.0161E-05 ( 54, 16)
n=  3419   udiff=  1.4804E-05 ( 91,  1)   vdiff=  1.0705E-05 ( 53, 15)
n=  3420   udiff=  1.4752E-05 ( 91,  1)   vdiff=  1.0784E-05 ( 56, 15)
n=  3421   udiff=  1.4693E-05 ( 91,  1)   vdiff=  1.1883E-05 ( 56, 15)
n=  3422   udiff=  1.4646E-05 ( 90,  1)   vdiff=  1.0847E-05 ( 58, 10)
n=  3423   udiff=  1.4561E-05 ( 91,  1)   vdiff=  1.1334E-05 ( 55, 16)
n=  3424   udiff=  1.4492E-05 ( 91,  1)   vdiff=  1.1132E-05 ( 57, 18)
n=  3425   udiff=  1.4467E-05 ( 90,  1)   vdiff=  1.1183E-05 ( 56, 13)
n=  3426   udiff=  1.4387E-05 ( 91,  1)   vdiff=  1.0318E-05 ( 54, 17)
n=  3427   udiff=  1.4336E-05 ( 90,  1)   vdiff=  1.1720E-05 ( 55, 17)
n=  3428   udiff=  1.4273E-05 ( 91,  1)   vdiff=  1.1371E-05 ( 56, 15)
n=  3429   udiff=  1.4170E-05 ( 91,  1)   vdiff=  1.1934E-05 ( 56, 15)
n=  3430   udiff=  1.4167E-05 ( 92,  1)   vdiff=  1.1258E-05 ( 55, 16)
n=  3431   udiff=  1.4106E-05 ( 91,  1)   vdiff=  1.1728E-05 ( 55, 14)
n=  3432   udiff=  1.4056E-05 ( 90,  1)   vdiff=  1.1875E-05 ( 57, 17)
n=  3433   udiff=  1.4008E-05 ( 92,  1)   vdiff=  9.8374E-06 ( 58, 13)
n=  3434   udiff=  1.3941E-05 ( 91,  1)   vdiff=  1.0114E-05 ( 56, 17)
n=  3435   udiff=  1.3898E-05 ( 91,  1)   vdiff=  1.2000E-05 ( 55, 17)
n=  3436   udiff=  1.3832E-05 ( 91,  1)   vdiff=  1.1823E-05 ( 56, 15)
n=  3437   udiff=  1.3754E-05 ( 92,  1)   vdiff=  1.0579E-05 ( 53, 15)
n=  3438   udiff=  1.3680E-05 ( 91,  1)   vdiff=  1.0880E-05 ( 57, 14)
n=  3439   udiff=  1.3638E-05 ( 92,  1)   vdiff=  1.0628E-05 ( 57, 12)
n=  3440   udiff=  1.3586E-05 ( 92,  1)   vdiff=  1.1422E-05 ( 58, 10)
n=  3441   udiff=  1.3545E-05 ( 92,  1)   vdiff=  1.2278E-05 ( 56, 13)
n=  3442   udiff=  1.3454E-05 ( 92,  1)   vdiff=  1.0583E-05 ( 56, 17)
n=  3443   udiff=  1.3418E-05 ( 92,  1)   vdiff=  1.1361E-05 ( 55, 17)
n=  3444   udiff=  1.3392E-05 ( 92,  1)   vdiff=  1.2439E-05 ( 56, 15)
n=  3445   udiff=  1.3331E-05 ( 93,  1)   vdiff=  1.0380E-05 ( 57, 16)
n=  3446   udiff=  1.3282E-05 ( 93,  1)   vdiff=  1.1349E-05 ( 57, 14)
n=  3447   udiff=  1.3213E-05 ( 92,  1)   vdiff=  1.1571E-05 ( 58, 16)
n=  3448   udiff=  1.3168E-05 ( 93,  1)   vdiff=  1.2094E-05 ( 58, 16)
n=  3449   udiff=  1.3069E-05 ( 92,  1)   vdiff=  1.0555E-05 ( 56, 17)
n=  3450   udiff=  1.3054E-05 ( 92,  1)   vdiff=  9.9160E-06 ( 56, 12)
n=  3451   udiff=  1.2960E-05 ( 93,  1)   vdiff=  1.1644E-05 ( 56, 15)
n=  3452   udiff=  1.2909E-05 ( 92,  1)   vdiff=  1.0110E-05 ( 55, 17)
n=  3453   udiff=  1.2845E-05 ( 93,  1)   vdiff=  1.0624E-05 ( 57, 16)
n=  3454   udiff=  1.2791E-05 ( 92,  1)   vdiff=  1.0299E-05 ( 55, 15)
n=  3455   udiff=  1.2761E-05 ( 93,  1)   vdiff=  1.1155E-05 ( 58, 16)
n=  3456   udiff=  1.2684E-05 ( 92,  1)   vdiff=  1.0378E-05 ( 58, 14)
n=  3457   udiff=  1.2664E-05 ( 93,  1)   vdiff=  1.0379E-05 ( 56, 16)
n=  3458   udiff=  1.2587E-05 ( 93,  1)   vdiff=  1.0268E-05 ( 58, 13)
n=  3459   udiff=  1.2536E-05 ( 93,  1)   vdiff=  1.1954E-05 ( 56, 15)
n=  3460   udiff=  1.2490E-05 ( 93,  1)   vdiff=  1.1955E-05 ( 55, 17)
n=  3461   udiff=  1.2427E-05 ( 93,  1)   vdiff=  1.0879E-05 ( 57, 14)
n=  3462   udiff=  1.2388E-05 ( 92,  1)   vdiff=  1.0213E-05 ( 55, 15)
n=  3463   udiff=  1.2320E-05 ( 94,  1)   vdiff=  1.0530E-05 ( 58, 16)
n=  3464   udiff=  1.2288E-05 ( 92,  1)   vdiff=  1.2110E-05 ( 58, 16)
n=  3465   udiff=  1.2220E-05 ( 93,  1)   vdiff=  1.1229E-05 ( 56, 13)
n=  3466   udiff=  1.2158E-05 ( 94,  1)   vdiff=  1.1181E-05 ( 56, 15)
n=  3467   udiff=  1.2087E-05 ( 93,  1)   vdiff=  1.0758E-05 ( 56, 15)
n=  3468   udiff=  1.2075E-05 ( 94,  1)   vdiff=  1.0520E-05 ( 55, 17)
n=  3469   udiff=  1.1998E-05 ( 93,  1)   vdiff=  1.1477E-05 ( 57, 14)
n=  3470   udiff=  1.1987E-05 ( 93,  1)   vdiff=  1.0629E-05 ( 55, 15)
n=  3471   udiff=  1.1943E-05 ( 93,  1)   vdiff=  1.0845E-05 ( 57, 18)
n=  3472   udiff=  1.1883E-05 ( 94,  1)   vdiff=  1.1983E-05 ( 58, 16)
n=  3473   udiff=  1.1812E-05 ( 94,  1)   vdiff=  1.0772E-05 ( 56, 15)
n=  3474   udiff=  1.1788E-05 ( 94,  1)   vdiff=  1.1550E-05 ( 56, 15)
n=  3475   udiff=  1.1735E-05 ( 94,  1)   vdiff=  9.7672E-06 ( 57, 16)
n=  3476   udiff=  1.1682E-05 ( 94,  1)   vdiff=  1.0665E-05 ( 58, 11)
n=  3477   udiff=  1.1627E-05 ( 95,  1)   vdiff=  1.0688E-05 ( 57, 14)
n=  3478   udiff=  1.1565E-05 ( 94,  1)   vdiff=  1.0376E-05 ( 57, 18)
n=  3479   udiff=  1.1535E-05 ( 95,  1)   vdiff=  1.0892E-05 ( 58, 17)
n=  3480   udiff=  1.1486E-05 ( 95,  1)   vdiff=  1.0690E-05 ( 58, 17)
n=  3481   udiff=  1.1418E-05 ( 94,  1)   vdiff=  1.1282E-05 ( 56, 15)
n=  3482   udiff=  1.1375E-05 ( 95,  1)   vdiff=  1.0474E-05 ( 55, 13)
n=  3483   udiff=  1.1320E-05 ( 94,  1)   vdiff=  1.0861E-05 ( 55, 13)
n=  3484   udiff=  1.1285E-05 ( 95,  1)   vdiff=  1.0387E-05 ( 57, 16)
n=  3485   udiff=  1.1242E-05 ( 94,  1)   vdiff=  9.6196E-06 ( 57, 14)
n=  3486   udiff=  1.1218E-05 ( 95,  1)   vdiff=  1.0911E-05 ( 58, 11)
n=  3487   udiff=  1.1156E-05 ( 95,  1)   vdiff=  9.9155E-06 ( 58, 15)
n=  3488   udiff=  1.1107E-05 ( 95,  1)   vdiff=  1.0732E-05 ( 57, 12)
n=  3489   udiff=  1.1067E-05 ( 96,  1)   vdiff=  1.1615E-05 ( 58, 15)
n=  3490   udiff=  1.1016E-05 ( 95,  1)   vdiff=  1.2284E-05 ( 56, 15)
n=  3491   udiff=  1.1000E-05 ( 95,  1)   vdiff=  1.0597E-05 ( 57, 16)
n=  3492   udiff=  1.0971E-05 ( 94,  1)   vdiff=  1.0851E-05 ( 57, 16)
n=  3493   udiff=  1.0943E-05 ( 95,  1)   vdiff=  1.1188E-05 ( 56, 14)
n=  3494   udiff=  1.0869E-05 ( 95,  1)   vdiff=  1.0386E-05 ( 57, 18)
n=  3495   udiff=  1.0821E-05 ( 95,  1)   vdiff=  9.5955E-06 ( 56, 17)
n=  3496   udiff=  1.0786E-05 ( 96,  1)   vdiff=  1.0838E-05 ( 58, 15)
n=  3497   udiff=  1.0705E-05 ( 95,  1)   vdiff=  1.1573E-05 ( 58, 15)
n=  3498   udiff=  1.0670E-05 ( 95,  1)   vdiff=  1.1038E-05 ( 56, 15)
n=  3499   udiff=  1.0630E-05 ( 96,  1)   vdiff=  1.1015E-05 ( 57, 16)
n=  3500   udiff=  1.0585E-05 ( 96,  1)   vdiff=  1.1563E-05 ( 57, 16)
n=  3501   udiff=  1.0547E-05 ( 96,  1)   vdiff=  1.0355E-05 ( 55, 16)
n=  3502   udiff=  1.0523E-05 ( 96,  1)   vdiff=  9.6942E-06 ( 58, 16)
n=  3503   udiff=  1.0476E-05 ( 95,  1)   vdiff=  9.7658E-06 ( 56, 17)
n=  3504   udiff=  1.0427E-05 ( 96,  1)   vdiff=  1.1507E-05 ( 58, 15)
n=  3505   udiff=  1.0369E-05 ( 95,  1)   vdiff=  1.0168E-05 ( 58, 15)
n=  3506   udiff=  1.0351E-05 ( 96,  1)   vdiff=  1.0680E-05 ( 56, 15)
n=  3507   udiff=  1.0309E-05 ( 96,  1)   vdiff=  9.9266E-06 ( 57, 15)
n=  3508   udiff=  1.0248E-05 ( 96,  1)   vdiff=  9.3186E-06 ( 57, 12)
n=  3509   udiff=  1.0224E-05 ( 96,  1)   vdiff=  9.4923E-06 ( 55, 16)
n=  3510   udiff=  1.0156E-05 ( 97,  1)   vdiff=  9.9187E-06 ( 55, 14)
n=  3511   udiff=  1.0103E-05 ( 96,  1)   vdiff=  1.0863E-05 ( 58, 17)
n=  3512   udiff=  1.0036E-05 ( 96,  1)   vdiff=  1.1847E-05 ( 58, 15)
n=  3513   udiff=  1.0032E-05 ( 98,  1)   vdiff=  1.0621E-05 ( 58, 15)
n=  3514   udiff=  1.0020E-05 ( 96,  1)   vdiff=  1.0215E-05 ( 57, 17)
n=  3515   udiff=  9.9456E-06 ( 97,  1)   vdiff=  1.1139E-05 ( 57, 16)
n=  3516   udiff=  9.9162E-06 ( 96,  1)   vdiff=  1.0005E-05 ( 59, 16)
n=  3517   udiff=  9.8810E-06 ( 96,  1)   vdiff=  9.8573E-06 ( 57, 15)
n=  3518   udiff=  9.8399E-06 ( 97,  1)   vdiff=  9.7347E-06 ( 58, 16)
n=  3519   udiff=  9.7953E-06 ( 97,  1)   vdiff=  1.0830E-05 ( 58, 17)
n=  3520   udiff=  9.7613E-06 ( 97,  1)   vdiff=  1.0287E-05 ( 56, 17)
n=  3521   udiff=  9.7198E-06 ( 98,  1)   vdiff=  1.0476E-05 ( 58, 14)
n=  3522   udiff=  9.6973E-06 ( 96,  1)   vdiff=  1.0243E-05 ( 57, 18)
n=  3523   udiff=  9.6313E-06 ( 97,  1)   vdiff=  1.0998E-05 ( 57, 16)
n=  3524   udiff=  9.5949E-06 ( 97,  1)   vdiff=  9.4322E-06 ( 57, 15)
n=  3525   udiff=  9.5455E-06 ( 97,  1)   vdiff=  9.3085E-06 ( 56, 13)
n=  3526   udiff=  9.5257E-06 ( 97,  1)   vdiff=  9.8873E-06 ( 58, 16)
n=  3527   udiff=  9.4416E-06 ( 97,  1)   vdiff=  1.1078E-05 ( 58, 14)
n=  3528   udiff=  9.4185E-06 ( 97,  1)   vdiff=  1.0448E-05 ( 58, 15)
n=  3529   udiff=  9.4108E-06 ( 97,  1)   vdiff=  1.0627E-05 ( 58, 15)
n=  3530   udiff=  9.3441E-06 ( 96,  1)   vdiff=  1.0647E-05 ( 57, 17)
n=  3531   udiff=  9.3047E-06 ( 98,  1)   vdiff=  1.1350E-05 ( 57, 17)
n=  3532   udiff=  9.2755E-06 ( 97,  1)   vdiff=  9.4693E-06 ( 57, 15)
n=  3533   udiff=  9.2366E-06 ( 98,  1)   vdiff=  1.0028E-05 ( 58, 10)
n=  3534   udiff=  9.1704E-06 ( 98,  1)   vdiff=  1.0954E-05 ( 58, 16)
n=  3535   udiff=  9.1220E-06 ( 98,  1)   vdiff=  1.1346E-05 ( 58, 16)
n=  3536   udiff=  9.0925E-06 ( 98,  1)   vdiff=  9.9503E-06 ( 58, 15)
n=  3537   udiff=  9.0713E-06 ( 98,  1)   vdiff=  9.0891E-06 ( 58, 14)
n=  3538   udiff=  9.0379E-06 ( 99,  1)   vdiff=  9.7071E-06 ( 58, 17)
n=  3539   udiff=  8.9852E-06 ( 98,  1)   vdiff=  1.0908E-05 ( 57, 17)
n=  3540   udiff=  8.9554E-06 ( 98,  1)   vdiff=  9.0338E-06 ( 55, 16)
n=  3541   udiff=  8.8854E-06 ( 99,  1)   vdiff=  9.5585E-06 ( 57, 15)
n=  3542   udiff=  8.8455E-06 ( 98,  1)   vdiff=  9.3553E-06 ( 58, 13)
n=  3543   udiff=  8.8460E-06 ( 98,  1)   vdiff=  9.7891E-06 ( 58, 15)
n=  3544   udiff=  8.7971E-06 ( 99,  1)   vdiff=  1.0464E-05 ( 58, 15)
n=  3545   udiff=  8.7570E-06 ( 98,  1)   vdiff=  1.0159E-05 ( 56, 13)
n=  3546   udiff=  8.7481E-06 ( 99,  1)   vdiff=  9.2533E-06 ( 57, 14)
n=  3547   udiff=  8.7160E-06 ( 99,  1)   vdiff=  1.0106E-05 ( 55, 17)
n=  3548   udiff=  8.6177E-06 ( 98,  1)   vdiff=  1.0673E-05 ( 55, 17)
n=  3549   udiff=  8.6203E-06 ( 99,  1)   vdiff=  9.6008E-06 ( 57, 17)
n=  3550   udiff=  8.5896E-06 ( 99,  1)   vdiff=  9.1449E-06 ( 57, 15)
n=  3551   udiff=  8.5556E-06 ( 98,  1)   vdiff=  9.3518E-06 ( 58, 13)
n=  3552   udiff=  8.5357E-06 ( 99,  1)   vdiff=  1.1210E-05 ( 58, 15)
n=  3553   udiff=  8.5192E-06 ( 99,  1)   vdiff=  1.0826E-05 ( 58, 15)
n=  3554   udiff=  8.4647E-06 ( 99,  1)   vdiff=  9.5936E-06 ( 56, 15)
n=  3555   udiff=  8.4086E-06 ( 99,  1)   vdiff=  1.0841E-05 ( 56, 13)
n=  3556   udiff=  8.3616E-06 ( 98,  1)   vdiff=  1.0121E-05 ( 56, 16)
n=  3557   udiff=  8.3319E-06 ( 98,  1)   vdiff=  9.8170E-06 ( 57, 13)
n=  3558   udiff=  8.2878E-06 ( 99,  1)   vdiff=  9.8631E-06 ( 57, 18)
n=  3559   udiff=  8.2828E-06 ( 99,  1)   vdiff=  9.0142E-06 ( 57, 15)
n=  3560   udiff=  8.2302E-06 (100,  1)   vdiff=  9.0853E-06 ( 58, 15)
n=  3561   udiff=  8.2067E-06 (100,  1)   vdiff=  1.0066E-05 ( 58, 15)
n=  3562   udiff=  8.1676E-06 ( 99,  1)   vdiff=  9.6028E-06 ( 59, 16)
n=  3563   udiff=  8.1171E-06 (100,  1)   vdiff=  9.6264E-06 ( 58, 13)
n=  3564   udiff=  8.0834E-06 ( 99,  1)   vdiff=  9.7514E-06 ( 56, 15)
n=  3565   udiff=  8.0696E-06 ( 99,  1)   vdiff=  1.0413E-05 ( 56, 16)
n=  3566   udiff=  8.0268E-06 ( 99,  1)   vdiff=  9.1788E-06 ( 57, 14)
n=  3567   udiff=  8.0078E-06 (100,  1)   vdiff=  1.0684E-05 ( 57, 13)
n=  3568   udiff=  7.9638E-06 ( 99,  1)   vdiff=  1.0777E-05 ( 57, 13)
n=  3569   udiff=  7.9326E-06 (100,  1)   vdiff=  1.0182E-05 ( 57, 14)
n=  3570   udiff=  7.8983E-06 (100,  1)   vdiff=  1.0075E-05 ( 58, 15)
n=  3571   udiff=  7.8525E-06 ( 99,  1)   vdiff=  9.2630E-06 ( 58, 13)
n=  3572   udiff=  7.7875E-06 ( 99,  1)   vdiff=  9.3898E-06 ( 58, 13)
n=  3573   udiff=  7.7825E-06 (100,  1)   vdiff=  8.8981E-06 ( 59, 14)
n=  3574   udiff=  7.7508E-06 ( 99,  1)   vdiff=  9.5750E-06 ( 56, 16)
n=  3575   udiff=  7.7219E-06 (101,  1)   vdiff=  1.0385E-05 ( 56, 16)
n=  3576   udiff=  7.6934E-06 ( 99,  1)   vdiff=  9.4869E-06 ( 57, 17)
n=  3577   udiff=  7.6386E-06 (100,  1)   vdiff=  9.8003E-06 ( 57, 17)
n=  3578   udiff=  7.5985E-06 (100,  1)   vdiff=  1.0797E-05 ( 57, 15)
n=  3579   udiff=  7.5884E-06 (101,  1)   vdiff=  1.1021E-05 ( 58, 15)
n=  3580   udiff=  7.5608E-06 (100,  1)   vdiff=  9.8057E-06 ( 58, 13)
n=  3581   udiff=  7.5266E-06 (100,  1)   vdiff=  1.0135E-05 ( 58, 13)
n=  3582   udiff=  7.5110E-06 (101,  1)   vdiff=  1.0100E-05 ( 58, 13)
n=  3583   udiff=  7.5050E-06 (100,  1)   vdiff=  9.3413E-06 ( 56, 16)
n=  3584   udiff=  7.4815E-06 (100,  1)   vdiff=  9.8023E-06 ( 56, 16)
n=  3585   udiff=  7.4559E-06 (101,  1)   vdiff=  9.4688E-06 ( 56, 14)
n=  3586   udiff=  7.3916E-06 (102,  1)   vdiff=  9.7584E-06 ( 57, 17)
n=  3587   udiff=  7.3589E-06 (101,  1)   vdiff=  9.7079E-06 ( 57, 14)
n=  3588   udiff=  7.3352E-06 (101,  1)   vdiff=  1.0240E-05 ( 58, 15)
n=  3589   udiff=  7.3174E-06 (101,  1)   vdiff=  8.2416E-06 ( 57, 13)
n=  3590   udiff=  7.3041E-06 (100,  1)   vdiff=  8.7586E-06 ( 58, 13)
n=  3591   udiff=  7.2676E-06 (101,  1)   vdiff=  1.0545E-05 ( 58, 13)
n=  3592   udiff=  7.2345E-06 (101,  1)   vdiff=  9.9792E-06 ( 58, 13)
n=  3593   udiff=  7.1682E-06 (100,  1)   vdiff=  9.6022E-06 ( 59, 14)
n=  3594   udiff=  7.1657E-06 (100,  1)   vdiff=  9.7658E-06 ( 56, 16)
n=  3595   udiff=  7.1370E-06 (101,  1)   vdiff=  1.0309E-05 ( 57, 17)
n=  3596   udiff=  7.0997E-06 (101,  1)   vdiff=  1.0833E-05 ( 57, 17)
n=  3597   udiff=  7.0443E-06 (101,  1)   vdiff=  8.9890E-06 ( 58, 18)
n=  3598   udiff=  7.0137E-06 (101,  1)   vdiff=  8.4087E-06 ( 59, 16)
n=  3599   udiff=  7.0136E-06 (101,  1)   vdiff=  8.5932E-06 ( 59, 16)
n=  3600   udiff=  6.9885E-06 (101,  1)   vdiff=  1.0376E-05 ( 58, 16)
n=  3601   udiff=  6.9540E-06 (101,  1)   vdiff=  1.0069E-05 ( 58, 16)
n=  3602   udiff=  6.9131E-06 (101,  1)   vdiff=  9.0320E-06 ( 58, 13)
n=  3603   udiff=  6.8825E-06 (102,  1)   vdiff=  8.6036E-06 ( 56, 17)
n=  3604   udiff=  6.8572E-06 (102,  1)   vdiff=  1.0089E-05 ( 56, 16)
n=  3605   udiff=  6.8130E-06 (101,  1)   vdiff=  1.0104E-05 ( 57, 17)
n=  3606   udiff=  6.7875E-06 (101,  1)   vdiff=  9.6802E-06 ( 57, 16)
n=  3607   udiff=  6.7833E-06 (101,  1)   vdiff=  8.5409E-06 ( 56, 15)
n=  3608   udiff=  6.7134E-06 (101,  1)   vdiff=  9.6400E-06 ( 58, 18)
n=  3609   udiff=  6.6953E-06 (101,  1)   vdiff=  8.4964E-06 ( 60, 12)
n=  3610   udiff=  6.6762E-06 (102,  1)   vdiff=  8.8875E-06 ( 59, 14)
n=  3611   udiff=  6.6510E-06 (101,  1)   vdiff=  9.1955E-06 ( 58, 16)
n=  3612   udiff=  6.6028E-06 (103,  1)   vdiff=  9.0381E-06 ( 58, 13)
n=  3613   udiff=  6.5840E-06 (101,  1)   vdiff=  9.0455E-06 ( 58, 13)
n=  3614   udiff=  6.5604E-06 (102,  1)   vdiff=  8.7402E-06 ( 56, 17)
n=  3615   udiff=  6.5184E-06 (102,  1)   vdiff=  8.9218E-06 ( 56, 17)
n=  3616   udiff=  6.4843E-06 (103,  1)   vdiff=  8.4347E-06 ( 57, 16)
n=  3617   udiff=  6.4723E-06 (102,  1)   vdiff=  8.4614E-06 ( 57, 16)
n=  3618   udiff=  6.4623E-06 (102,  1)   vdiff=  8.4887E-06 ( 59, 11)
n=  3619   udiff=  6.4625E-06 (102,  1)   vdiff=  8.8982E-06 ( 58, 16)
n=  3620   udiff=  6.4025E-06 (103,  1)   vdiff=  1.0051E-05 ( 58, 16)
n=  3621   udiff=  6.3579E-06 (102,  1)   vdiff=  8.5242E-06 ( 58, 16)
n=  3622   udiff=  6.3351E-06 (102,  1)   vdiff=  8.2002E-06 ( 59, 14)
n=  3623   udiff=  6.3254E-06 (102,  1)   vdiff=  8.4704E-06 ( 58, 13)
n=  3624   udiff=  6.2768E-06 (103,  1)   vdiff=  8.5496E-06 ( 58, 13)
n=  3625   udiff=  6.2666E-06 (102,  1)   vdiff=  9.0208E-06 ( 57, 15)
n=  3626   udiff=  6.2409E-06 (103,  1)   vdiff=  1.0959E-05 ( 56, 17)
n=  3627   udiff=  6.2128E-06 (102,  1)   vdiff=  8.0365E-06 ( 57, 16)
n=  3628   udiff=  6.1928E-06 (103,  1)   vdiff=  8.1506E-06 ( 57, 16)
n=  3629   udiff=  6.1550E-06 (102,  1)   vdiff=  8.7853E-06 ( 58, 16)
n=  3630   udiff=  6.1395E-06 (102,  1)   vdiff=  9.0133E-06 ( 58, 17)
n=  3631   udiff=  6.1205E-06 (102,  1)   vdiff=  1.0732E-05 ( 58, 16)
n=  3632   udiff=  6.0696E-06 (103,  1)   vdiff=  8.8083E-06 ( 59, 14)
n=  3633   udiff=  6.0437E-06 (104,  1)   vdiff=  9.0180E-06 ( 59, 14)
n=  3634   udiff=  6.0186E-06 (104,  1)   vdiff=  8.0536E-06 ( 57, 11)
n=  3635   udiff=  5.9861E-06 (103,  1)   vdiff=  8.7823E-06 ( 57, 15)
n=  3636   udiff=  5.9734E-06 (103,  1)   vdiff=  8.5358E-06 ( 57, 15)
n=  3637   udiff=  5.9308E-06 (103,  1)   vdiff=  8.1699E-06 ( 56, 13)
n=  3638   udiff=  5.9036E-06 (104,  1)   vdiff=  8.0830E-06 ( 57, 16)
n=  3639   udiff=  5.8814E-06 (103,  1)   vdiff=  8.3246E-06 ( 58, 16)
n=  3640   udiff=  5.8489E-06 (103,  1)   vdiff=  8.8598E-06 ( 58, 18)
n=  3641   udiff=  5.8373E-06 (103,  1)   vdiff=  9.5573E-06 ( 58, 18)
n=  3642   udiff=  5.8089E-06 (104,  1)   vdiff=  8.5961E-06 ( 58, 16)
n=  3643   udiff=  5.7955E-06 (104,  1)   vdiff=  8.5440E-06 ( 58, 12)
n=  3644   udiff=  5.7593E-06 (103,  1)   vdiff=  8.8456E-06 ( 59, 12)
n=  3645   udiff=  5.7409E-06 (103,  1)   vdiff=  9.4758E-06 ( 59, 14)
n=  3646   udiff=  5.6827E-06 (104,  1)   vdiff=  8.5775E-06 ( 57, 15)
n=  3647   udiff=  5.6934E-06 (104,  1)   vdiff=  7.8356E-06 ( 56, 17)
n=  3648   udiff=  5.6724E-06 (104,  1)   vdiff=  7.9401E-06 ( 55, 15)
n=  3649   udiff=  5.6405E-06 (103,  1)   vdiff=  8.0269E-06 ( 56, 15)
n=  3650   udiff=  5.6219E-06 (103,  1)   vdiff=  8.9615E-06 ( 58, 16)
n=  3651   udiff=  5.6555E-06 ( 61, 12)   vdiff=  9.2244E-06 ( 58, 16)
n=  3652   udiff=  5.5643E-06 (104,  1)   vdiff=  9.8666E-06 ( 56, 14)
n=  3653   udiff=  5.5385E-06 (105,  1)   vdiff=  9.7955E-06 ( 56, 14)
n=  3654   udiff=  5.5085E-06 (103,  1)   vdiff=  6.9918E-06 ( 58, 15)
n=  3655   udiff=  5.4975E-06 (104,  1)   vdiff=  8.7831E-06 ( 59, 15)
n=  3656   udiff=  5.4435E-06 (104,  1)   vdiff=  8.5267E-06 ( 59, 15)
n=  3657   udiff=  5.4149E-06 (104,  1)   vdiff=  8.5762E-06 ( 59, 15)
n=  3658   udiff=  5.3970E-06 (103,  1)   vdiff=  9.1320E-06 ( 59, 12)
n=  3659   udiff=  6.2203E-06 ( 59, 12)   vdiff=  7.5967E-06 ( 59, 12)
n=  3660   udiff=  5.3637E-06 (104,  1)   vdiff=  7.3853E-06 ( 56, 17)
n=  3661   udiff=  5.3453E-06 (104,  1)   vdiff=  7.7591E-06 ( 58, 16)
n=  3662   udiff=  5.3151E-06 (104,  1)   vdiff=  8.4524E-06 ( 58, 16)
n=  3663   udiff=  5.8744E-06 ( 59, 16)   vdiff=  8.0538E-06 ( 55, 16)
n=  3664   udiff=  5.4726E-06 ( 60, 15)   vdiff=  9.8507E-06 ( 59, 16)
n=  3665   udiff=  5.2190E-06 (104,  1)   vdiff=  7.6308E-06 ( 60, 16)
n=  3666   udiff=  5.6328E-06 ( 59, 15)   vdiff=  7.5658E-06 ( 56, 14)
n=  3667   udiff=  5.1973E-06 (105,  1)   vdiff=  8.1190E-06 ( 56, 14)
n=  3668   udiff=  5.1464E-06 (106,  1)   vdiff=  8.7517E-06 ( 57, 15)
n=  3669   udiff=  5.5732E-06 ( 61, 12)   vdiff=  9.0367E-06 ( 59, 15)
n=  3670   udiff=  5.0973E-06 (104,  1)   vdiff=  7.9542E-06 ( 60, 15)
n=  3671   udiff=  5.0846E-06 (105,  1)   vdiff=  8.3286E-06 ( 58, 15)
n=  3672   udiff=  5.0779E-06 (105,  1)   vdiff=  8.8642E-06 ( 58, 16)
n=  3673   udiff=  5.0562E-06 (105,  1)   vdiff=  8.7472E-06 ( 58, 15)
n=  3674   udiff=  5.0593E-06 (104,  1)   vdiff=  8.9170E-06 ( 59, 16)
n=  3675   udiff=  5.0286E-06 (104,  1)   vdiff=  8.6976E-06 ( 58, 17)
n=  3676   udiff=  5.0318E-06 (104,  1)   vdiff=  7.4295E-06 ( 60, 12)
n=  3677   udiff=  5.0037E-06 (105,  1)   vdiff=  7.2068E-06 ( 59, 14)
n=  3678   udiff=  4.9815E-06 (105,  1)   vdiff=  7.5297E-06 ( 60, 12)
n=  3679   udiff=  4.9575E-06 (106,  1)   vdiff=  7.2919E-06 ( 59, 14)
n=  3680   udiff=  4.9182E-06 (104,  1)   vdiff=  7.5041E-06 ( 58, 11)
n=  3681   udiff=  5.4524E-06 ( 55, 16)   vdiff=  7.8672E-06 ( 59, 14)
n=  3682   udiff=  4.8880E-06 (105,  1)   vdiff=  7.5667E-06 ( 58, 15)
n=  3683   udiff=  4.8671E-06 (105,  1)   vdiff=  7.5018E-06 ( 58, 15)
n=  3684   udiff=  4.8265E-06 (106,  1)   vdiff=  8.4912E-06 ( 58, 16)
n=  3685   udiff=  4.8209E-06 (104,  1)   vdiff=  9.2065E-06 ( 59, 16)
n=  3686   udiff=  4.7826E-06 (104,  1)   vdiff=  9.1442E-06 ( 59, 16)
n=  3687   udiff=  5.1474E-06 ( 60, 14)   vdiff=  8.4763E-06 ( 57, 13)
n=  3688   udiff=  4.7517E-06 (105,  1)   vdiff=  9.1318E-06 ( 57, 13)
n=  3689   udiff=  5.1714E-06 ( 55, 17)   vdiff=  7.2330E-06 ( 57, 17)
n=  3690   udiff=  5.0511E-06 ( 60, 12)   vdiff=  7.6178E-06 ( 54, 13)
n=  3691   udiff=  4.6784E-06 (105,  1)   vdiff=  7.2300E-06 ( 57, 16)
n=  3692   udiff=  5.0533E-06 ( 60, 13)   vdiff=  8.0478E-06 ( 59, 14)
n=  3693   udiff=  4.6571E-06 ( 59, 14)   vdiff=  7.7432E-06 ( 58, 15)
n=  3694   udiff=  4.6070E-06 ( 52,  5)   vdiff=  7.2786E-06 ( 58, 15)
n=  3695   udiff=  4.5598E-06 (106,  1)   vdiff=  8.2874E-06 ( 58, 16)
n=  3696   udiff=  4.7212E-06 ( 57, 15)   vdiff=  7.3998E-06 ( 58, 15)
n=  3697   udiff=  4.7803E-06 ( 61, 11)   vdiff=  7.5887E-06 ( 58, 14)
n=  3698   udiff=  4.5201E-06 ( 50,  4)   vdiff=  7.8109E-06 ( 58, 14)
n=  3699   udiff=  4.5108E-06 (105,  1)   vdiff=  6.5939E-06 ( 56, 17)
n=  3700   udiff=  4.6687E-06 ( 54, 15)   vdiff=  8.5767E-06 ( 56, 16)
n=  3701   udiff=  4.4763E-06 (106,  1)   vdiff=  8.0546E-06 ( 57, 14)
n=  3702   udiff=  5.2376E-06 ( 57, 17)   vdiff=  7.0701E-06 ( 57, 13)
n=  3703   udiff=  5.2167E-06 ( 61, 13)   vdiff=  6.9882E-06 ( 60, 15)
n=  3704   udiff=  5.4393E-06 ( 61, 13)   vdiff=  7.7227E-06 ( 57, 16)
n=  3705   udiff=  4.4253E-06 ( 53,  2)   vdiff=  7.5966E-06 ( 57, 16)
n=  3706   udiff=  4.8763E-06 ( 61, 13)   vdiff=  7.6786E-06 ( 58, 17)
n=  3707   udiff=  5.2420E-06 ( 55, 17)   vdiff=  7.6802E-06 ( 58, 15)
n=  3708   udiff=  4.9556E-06 ( 55, 17)   vdiff=  8.6628E-06 ( 58, 16)
n=  3709   udiff=  4.2919E-06 ( 59, 13)   vdiff=  7.4885E-06 ( 58, 15)
n=  3710   udiff=  4.2680E-06 ( 53,  6)   vdiff=  7.5027E-06 ( 58, 14)
n=  3711   udiff=  4.5781E-06 ( 52,  7)   vdiff=  8.2290E-06 ( 58, 14)
n=  3712   udiff=  4.2647E-06 ( 53,  6)   vdiff=  7.1267E-06 ( 58, 14)
n=  3713   udiff=  4.8507E-06 ( 58, 13)   vdiff=  6.8898E-06 ( 56, 17)
n=  3714   udiff=  5.2721E-06 ( 58, 12)   vdiff=  7.2464E-06 ( 56, 17)
n=  3715   udiff=  4.5481E-06 ( 52,  7)   vdiff=  8.5836E-06 ( 57, 14)
n=  3716   udiff=  5.4828E-06 ( 57, 17)   vdiff=  6.6177E-06 ( 57, 16)
n=  3717   udiff=  5.1909E-06 ( 57, 17)   vdiff=  6.8837E-06 ( 57, 16)
n=  3718   udiff=  4.9250E-06 ( 57, 17)   vdiff=  7.1597E-06 ( 57, 16)
n=  3719   udiff=  5.1248E-06 ( 61, 13)   vdiff=  7.4993E-06 ( 57, 16)
n=  3720   udiff=  4.6630E-06 ( 57, 16)   vdiff=  8.0604E-06 ( 58, 17)
n=  3721   udiff=  4.7015E-06 ( 61, 10)   vdiff=  6.8409E-06 ( 58, 15)
n=  3722   udiff=  4.2105E-06 ( 58, 17)   vdiff=  6.3979E-06 ( 58, 14)
n=  3723   udiff=  4.2221E-06 ( 61, 10)   vdiff=  6.9483E-06 ( 56, 18)
n=  3724   udiff=  4.1271E-06 ( 54,  2)   vdiff=  8.1431E-06 ( 59, 16)
n=  3725   udiff=  4.9976E-06 ( 56, 14)   vdiff=  8.0031E-06 ( 59, 16)
n=  3726   udiff=  4.4497E-06 ( 60, 16)   vdiff=  8.4375E-06 ( 60, 16)
n=  3727   udiff=  4.2463E-06 ( 59, 15)   vdiff=  7.3824E-06 ( 55, 15)
n=  3728   udiff=  5.0858E-06 ( 55, 17)   vdiff=  6.8249E-06 ( 55, 15)
n=  3729   udiff=  5.1819E-06 ( 60, 13)   vdiff=  7.1214E-06 ( 55, 15)
n=  3730   udiff=  4.8467E-06 ( 60, 13)   vdiff=  6.8804E-06 ( 56, 15)
n=  3731   udiff=  5.0791E-06 ( 56, 15)   vdiff=  7.8471E-06 ( 57, 16)
n=  3732   udiff=  5.9473E-06 ( 57, 17)   vdiff=  7.1341E-06 ( 57, 17)
n=  3733   udiff=  5.3747E-06 ( 57, 17)   vdiff=  7.8057E-06 ( 57, 16)
n=  3734   udiff=  5.1904E-06 ( 57, 17)   vdiff=  9.2343E-06 ( 58, 15)
n=  3735   udiff=  4.8158E-06 ( 61, 12)   vdiff=  7.8489E-06 ( 58, 17)
n=  3736   udiff=  5.0173E-06 ( 59, 13)   vdiff=  7.7982E-06 ( 58, 17)
n=  3737   udiff=  6.1089E-06 ( 61, 12)   vdiff=  7.6831E-06 ( 58, 17)
n=  3738   udiff=  4.5386E-06 ( 58, 17)   vdiff=  6.2528E-06 ( 58, 14)
n=  3739   udiff=  4.7317E-06 ( 60, 12)   vdiff=  5.8327E-06 ( 58, 14)
n=  3740   udiff=  4.5523E-06 ( 59, 15)   vdiff=  5.6646E-06 ( 57, 11)
n=  3741   udiff=  4.3297E-06 ( 61, 12)   vdiff=  5.5126E-06 ( 57, 18)
n=  3742   udiff=  3.9621E-06 ( 58, 13)   vdiff=  5.5477E-06 ( 58, 12)
n=  3743   udiff=  4.0325E-06 ( 58, 13)   vdiff=  6.2641E-06 ( 59, 14)
n=  3744   udiff=  4.5732E-06 ( 61, 10)   vdiff=  6.1509E-06 ( 57, 18)
n=  3745   udiff=  5.5370E-06 ( 60, 13)   vdiff=  6.4811E-06 ( 57, 14)
n=  3746   udiff=  5.0810E-06 ( 60, 13)   vdiff=  7.0368E-06 ( 57, 16)
n=  3747   udiff=  5.3732E-06 ( 57, 17)   vdiff=  7.0134E-06 ( 57, 16)
n=  3748   udiff=  5.6805E-06 ( 58, 15)   vdiff=  7.1500E-06 ( 57, 16)
n=  3749   udiff=  4.1283E-06 ( 55, 16)   vdiff=  6.2041E-06 ( 58, 15)
n=  3750   udiff=  5.3585E-06 ( 60, 15)   vdiff=  9.2569E-06 ( 59, 16)
n=  3751   udiff=  4.2437E-06 ( 56, 15)   vdiff=  7.6388E-06 ( 58, 14)
n=  3752   udiff=  5.0319E-06 ( 60, 15)   vdiff=  7.9904E-06 ( 59, 16)
n=  3753   udiff=  4.9880E-06 ( 60, 15)   vdiff=  7.7730E-06 ( 58, 17)
n=  3754   udiff=  4.5161E-06 ( 59, 15)   vdiff=  7.9049E-06 ( 60, 16)
n=  3755   udiff=  5.0035E-06 ( 60, 15)   vdiff=  7.6012E-06 ( 59, 16)
n=  3756   udiff=  4.6893E-06 ( 61, 13)   vdiff=  6.0727E-06 ( 56, 16)
n=  3757   udiff=  5.0070E-06 ( 61, 13)   vdiff=  5.4494E-06 ( 57, 15)
n=  3758   udiff=  4.5062E-06 ( 61, 13)   vdiff=  5.6038E-06 ( 57, 18)
n=  3759   udiff=  4.3799E-06 ( 61, 13)   vdiff=  5.5695E-06 ( 57, 15)
n=  3760   udiff=  4.7858E-06 ( 61, 13)   vdiff=  5.7047E-06 ( 61, 12)
n=  3761   udiff=  6.1021E-06 ( 60, 14)   vdiff=  6.7373E-06 ( 57, 13)
n=  3762   udiff=  5.9844E-06 ( 60, 13)   vdiff=  8.0349E-06 ( 57, 16)
n=  3763   udiff=  4.6087E-06 ( 62, 13)   vdiff=  7.5804E-06 ( 57, 16)
n=  3764   udiff=  4.6236E-06 ( 60, 13)   vdiff=  8.6037E-06 ( 57, 17)
n=  3765   udiff=  4.6168E-06 ( 60, 13)   vdiff=  6.3694E-06 ( 58, 15)
n=  3766   udiff=  4.2945E-06 ( 60, 13)   vdiff=  6.4233E-06 ( 58, 15)
n=  3767   udiff=  3.8131E-06 ( 59, 13)   vdiff=  5.9908E-06 ( 58, 14)
n=  3768   udiff=  4.5092E-06 ( 61, 10)   vdiff=  7.1451E-06 ( 55, 16)
n=  3769   udiff=  5.5700E-06 ( 55, 16)   vdiff=  6.1444E-06 ( 55, 16)
n=  3770   udiff=  4.6395E-06 ( 55, 16)   vdiff=  7.7612E-06 ( 58, 17)
n=  3771   udiff=  5.2926E-06 ( 58, 13)   vdiff=  6.7959E-06 ( 54, 14)
n=  3772   udiff=  4.4400E-06 ( 58, 13)   vdiff=  5.4297E-06 ( 59, 14)
n=  3773   udiff=  4.0660E-06 ( 56, 16)   vdiff=  5.8542E-06 ( 55, 11)
n=  3774   udiff=  3.6461E-06 ( 58, 13)   vdiff=  6.7892E-06 ( 59, 12)
n=  3775   udiff=  4.8269E-06 ( 60, 11)   vdiff=  7.0398E-06 ( 59, 12)
n=  3776   udiff=  4.9971E-06 ( 60, 12)   vdiff=  6.5615E-06 ( 59, 13)
n=  3777   udiff=  4.9836E-06 ( 56, 17)   vdiff=  6.8562E-06 ( 57, 16)
n=  3778   udiff=  4.4241E-06 ( 61, 13)   vdiff=  7.5900E-06 ( 57, 16)
n=  3779   udiff=  4.6107E-06 ( 56, 17)   vdiff=  7.8585E-06 ( 57, 16)
n=  3780   udiff=  4.0552E-06 ( 54, 14)   vdiff=  7.9599E-06 ( 57, 16)
n=  3781   udiff=  5.5049E-06 ( 58, 15)   vdiff=  7.1268E-06 ( 57, 17)
n=  3782   udiff=  4.3055E-06 ( 55, 14)   vdiff=  5.5551E-06 ( 59, 16)
n=  3783   udiff=  3.9606E-06 ( 61, 15)   vdiff=  6.8767E-06 ( 59, 15)
n=  3784   udiff=  5.1991E-06 ( 61, 14)   vdiff=  6.5304E-06 ( 59, 17)
n=  3785   udiff=  4.7820E-06 ( 61, 15)   vdiff=  5.9666E-06 ( 58, 18)
n=  3786   udiff=  3.7142E-06 ( 60, 13)   vdiff=  6.5963E-06 ( 58, 16)
n=  3787   udiff=  4.0136E-06 ( 58, 13)   vdiff=  5.7971E-06 ( 58, 16)
n=  3788   udiff=  3.7854E-06 ( 58, 13)   vdiff=  6.4479E-06 ( 58, 17)
n=  3789   udiff=  4.4888E-06 ( 62, 12)   vdiff=  8.3056E-06 ( 58, 17)
n=  3790   udiff=  4.7818E-06 ( 61, 12)   vdiff=  5.3598E-06 ( 58, 16)
n=  3791   udiff=  4.6866E-06 ( 58, 13)   vdiff=  5.4173E-06 ( 58, 16)
n=  3792   udiff=  4.0896E-06 ( 57, 14)   vdiff=  5.5208E-06 ( 57, 14)
n=  3793   udiff=  4.3694E-06 ( 58, 13)   vdiff=  5.9796E-06 ( 59, 13)
n=  3794   udiff=  4.4058E-06 ( 59, 14)   vdiff=  5.7920E-06 ( 59, 13)
n=  3795   udiff=  4.8493E-06 ( 61, 10)   vdiff=  6.2794E-06 ( 59, 12)
n=  3796   udiff=  4.6507E-06 ( 61, 10)   vdiff=  7.4286E-06 ( 60, 12)
n=  3797   udiff=  5.0447E-06 ( 60, 13)   vdiff=  7.8275E-06 ( 60, 12)
n=  3798   udiff=  4.1140E-06 ( 56, 17)   vdiff=  7.7261E-06 ( 59, 12)
n=  3799   udiff=  3.8117E-06 ( 56, 15)   vdiff=  6.6842E-06 ( 56, 16)
n=  3800   udiff=  3.7885E-06 ( 54, 15)   vdiff=  6.5752E-06 ( 56, 16)
n=  3801   udiff=  3.4187E-06 ( 60, 14)   vdiff=  5.4225E-06 ( 60, 14)
n=  3802   udiff=  4.1834E-06 ( 57, 16)   vdiff=  5.3569E-06 ( 60, 15)
n=  3803   udiff=  3.4751E-06 ( 57, 16)   vdiff=  5.8600E-06 ( 60, 14)
n=  3804   udiff=  5.5912E-06 ( 60, 15)   vdiff=  7.1509E-06 ( 59, 16)
n=  3805   udiff=  3.8233E-06 ( 57, 17)   vdiff=  7.2260E-06 ( 59, 16)
n=  3806   udiff=  4.2644E-06 ( 57, 13)   vdiff=  7.0965E-06 ( 58, 16)
n=  3807   udiff=  3.2127E-06 ( 63, 10)   vdiff=  7.1368E-06 ( 58, 16)
n=  3808   udiff=  4.0061E-06 ( 61, 14)   vdiff=  6.8821E-06 ( 59, 17)
n=  3809   udiff=  4.0506E-06 ( 55, 17)   vdiff=  6.5075E-06 ( 57, 11)
n=  3810   udiff=  3.3456E-06 ( 54, 16)   vdiff=  5.4593E-06 ( 57, 10)
n=  3811   udiff=  3.9497E-06 ( 56, 11)   vdiff=  5.5213E-06 ( 57, 11)
n=  3812   udiff=  3.7679E-06 ( 59, 14)   vdiff=  4.6332E-06 ( 57, 16)
n=  3813   udiff=  3.4279E-06 ( 58, 12)   vdiff=  4.8454E-06 ( 57, 16)
n=  3814   udiff=  4.5380E-06 ( 58, 13)   vdiff=  7.7790E-06 ( 56, 13)
n=  3815   udiff=  3.9407E-06 ( 59,  9)   vdiff=  5.3348E-06 ( 58,  9)
n=  3816   udiff=  4.9809E-06 ( 58, 13)   vdiff=  5.6161E-06 ( 58, 13)
n=  3817   udiff=  5.6511E-06 ( 58, 14)   vdiff=  6.9791E-06 ( 57, 15)
n=  3818   udiff=  4.2284E-06 ( 62, 12)   vdiff=  5.9916E-06 ( 56, 16)
n=  3819   udiff=  5.0094E-06 ( 57, 14)   vdiff=  5.6371E-06 ( 56, 16)
n=  3820   udiff=  4.4105E-06 ( 60, 13)   vdiff=  6.9865E-06 ( 60, 13)
n=  3821   udiff=  5.0753E-06 ( 59, 13)   vdiff=  5.9365E-06 ( 60, 13)
n=  3822   udiff=  4.0792E-06 ( 61, 11)   vdiff=  7.4177E-06 ( 60, 12)
n=  3823   udiff=  5.5390E-06 ( 61, 13)   vdiff=  6.7515E-06 ( 55, 14)
n=  3824   udiff=  4.0344E-06 ( 60, 12)   vdiff=  6.5025E-06 ( 60, 12)
n=  3825   udiff=  4.8618E-06 ( 60, 11)   vdiff=  6.6690E-06 ( 57, 11)
n=  3826   udiff=  3.6237E-06 ( 56, 16)   vdiff=  6.2515E-06 ( 56, 16)
n=  3827   udiff=  4.1447E-06 ( 56, 15)   vdiff=  5.6992E-06 ( 60, 15)
n=  3828   udiff=  4.0416E-06 ( 61, 10)   vdiff=  6.0725E-06 ( 60, 15)
n=  3829   udiff=  4.1665E-06 ( 61, 14)   vdiff=  5.6716E-06 ( 60, 16)
n=  3830   udiff=  4.2794E-06 ( 55, 15)   vdiff=  5.5538E-06 ( 59, 15)
n=  3831   udiff=  4.4988E-06 ( 59, 14)   vdiff=  5.5690E-06 ( 59, 16)
n=  3832   udiff=  3.4848E-06 ( 61, 11)   vdiff=  5.1428E-06 ( 56, 12)
n=  3833   udiff=  4.2609E-06 ( 60, 11)   vdiff=  5.4594E-06 ( 60, 10)
n=  3834   udiff=  3.9685E-06 ( 61, 11)   vdiff=  5.3082E-06 ( 57, 16)
n=  3835   udiff=  3.7003E-06 ( 61, 11)   vdiff=  5.5496E-06 ( 57, 13)
n=  3836   udiff=  3.7325E-06 ( 61, 11)   vdiff=  7.1601E-06 ( 57, 15)
n=  3837   udiff=  3.5474E-06 ( 60, 11)   vdiff=  7.0886E-06 ( 57, 15)
n=  3838   udiff=  3.5833E-06 ( 61, 11)   vdiff=  6.7321E-06 ( 57, 15)
n=  3839   udiff=  4.4115E-06 ( 57, 14)   vdiff=  6.8727E-06 ( 57, 12)
n=  3840   udiff=  5.7973E-06 ( 57, 14)   vdiff=  6.6324E-06 ( 57, 14)
n=  3841   udiff=  4.3435E-06 ( 58, 13)   vdiff=  7.3711E-06 ( 57, 11)
n=  3842   udiff=  6.2010E-06 ( 60, 16)   vdiff=  8.5141E-06 ( 60, 16)
n=  3843   udiff=  4.0359E-06 ( 57, 12)   vdiff=  7.2329E-06 ( 58, 13)
n=  3844   udiff=  5.2609E-06 ( 59, 13)   vdiff=  6.5924E-06 ( 58, 14)
n=  3845   udiff=  3.4800E-06 ( 59, 15)   vdiff=  6.2151E-06 ( 58, 14)
n=  3846   udiff=  4.2343E-06 ( 58,  6)   vdiff=  6.0616E-06 ( 58, 16)
n=  3847   udiff=  4.4171E-06 ( 57, 13)   vdiff=  6.4201E-06 ( 56, 14)
n=  3848   udiff=  4.9950E-06 ( 61, 13)   vdiff=  7.0018E-06 ( 56, 17)
n=  3849   udiff=  4.6752E-06 ( 56, 17)   vdiff=  5.6821E-06 ( 56, 17)
n=  3850   udiff=  4.4562E-06 ( 61, 13)   vdiff=  5.3828E-06 ( 56, 17)
n=  3851   udiff=  4.4198E-06 ( 59, 11)   vdiff=  5.6758E-06 ( 55, 17)
n=  3852   udiff=  3.5868E-06 ( 57, 11)   vdiff=  5.1565E-06 ( 60, 12)
n=  3853   udiff=  3.5443E-06 ( 56, 11)   vdiff=  6.1012E-06 ( 55, 15)
n=  3854   udiff=  4.1914E-06 ( 61, 12)   vdiff=  7.6812E-06 ( 61, 12)
n=  3855   udiff=  3.9818E-06 ( 62, 13)   vdiff=  6.6243E-06 ( 55, 15)
n=  3856   udiff=  3.3422E-06 ( 53, 14)   vdiff=  5.5846E-06 ( 59,  9)
n=  3857   udiff=  4.3365E-06 ( 62, 12)   vdiff=  5.7107E-06 ( 57, 11)
n=  3858   udiff=  4.5927E-06 ( 60, 11)   vdiff=  5.4253E-06 ( 54, 13)
n=  3859   udiff=  3.9432E-06 ( 55, 14)   vdiff=  6.2564E-06 ( 59,  9)
n=  3860   udiff=  4.2614E-06 ( 60, 11)   vdiff=  5.3817E-06 ( 59, 15)
n=  3861   udiff=  3.9937E-06 ( 56, 15)   vdiff=  5.1023E-06 ( 59, 14)
n=  3862   udiff=  4.1320E-06 ( 60, 11)   vdiff=  5.4394E-06 ( 60, 10)
n=  3863   udiff=  3.6813E-06 ( 59, 13)   vdiff=  6.7665E-06 ( 59,  9)
n=  3864   udiff=  3.9271E-06 ( 56, 14)   vdiff=  6.3724E-06 ( 55, 16)
n=  3865   udiff=  3.5019E-06 ( 60, 11)   vdiff=  5.4723E-06 ( 55, 13)
n=  3866   udiff=  3.9424E-06 ( 61, 11)   vdiff=  6.2768E-06 ( 58, 16)
n=  3867   udiff=  4.5727E-06 ( 58, 17)   vdiff=  4.9504E-06 ( 58, 15)
n=  3868   udiff=  4.7839E-06 ( 60, 10)   vdiff=  7.7487E-06 ( 58, 16)
n=  3869   udiff=  4.0544E-06 ( 58, 17)   vdiff=  6.4140E-06 ( 58, 16)
n=  3870   udiff=  3.6445E-06 ( 58, 12)   vdiff=  5.1273E-06 ( 57, 13)
n=  3871   udiff=  3.8818E-06 ( 58, 12)   vdiff=  6.4804E-06 ( 60, 11)
n=  3872   udiff=  4.3805E-06 ( 60, 15)   vdiff=  6.1390E-06 ( 58, 14)
n=  3873   udiff=  3.6455E-06 ( 61, 11)   vdiff=  5.5732E-06 ( 57, 13)
n=  3874   udiff=  4.5793E-06 ( 59, 14)   vdiff=  6.9413E-06 ( 56, 14)
n=  3875   udiff=  3.8950E-06 ( 61, 13)   vdiff=  6.4556E-06 ( 60, 16)
n=  3876   udiff=  3.8898E-06 ( 59, 14)   vdiff=  4.8991E-06 ( 56, 17)
n=  3877   udiff=  3.6709E-06 ( 60, 15)   vdiff=  5.9947E-06 ( 56, 18)
n=  3878   udiff=  4.6762E-06 ( 58, 14)   vdiff=  5.3856E-06 ( 56, 17)
n=  3879   udiff=  3.8973E-06 ( 60, 12)   vdiff=  5.0312E-06 ( 56, 13)
n=  3880   udiff=  4.2433E-06 ( 62, 10)   vdiff=  4.3130E-06 ( 55, 16)
n=  3881   udiff=  4.2800E-06 ( 56, 17)   vdiff=  5.7390E-06 ( 54, 12)
n=  3882   udiff=  3.8548E-06 ( 56, 16)   vdiff=  5.2711E-06 ( 59, 17)
n=  3883   udiff=  3.5508E-06 ( 54, 16)   vdiff=  5.9288E-06 ( 59, 12)
n=  3884   udiff=  3.7499E-06 ( 61, 12)   vdiff=  5.2608E-06 ( 59, 17)
n=  3885   udiff=  4.0627E-06 ( 59, 15)   vdiff=  4.4147E-06 ( 57, 17)
n=  3886   udiff=  4.1249E-06 ( 56, 12)   vdiff=  5.2963E-06 ( 57, 16)
n=  3887   udiff=  3.7912E-06 ( 61, 13)   vdiff=  5.8054E-06 ( 58, 12)
n=  3888   udiff=  3.8934E-06 ( 59, 15)   vdiff=  5.1665E-06 ( 57, 16)
n=  3889   udiff=  4.0606E-06 ( 59, 13)   vdiff=  7.4334E-06 ( 56, 16)
n=  3890   udiff=  3.7666E-06 ( 62, 12)   vdiff=  6.0065E-06 ( 58, 16)
n=  3891   udiff=  3.8325E-06 ( 55, 14)   vdiff=  7.2581E-06 ( 55, 12)
n=  3892   udiff=  4.3452E-06 ( 62, 12)   vdiff=  5.8778E-06 ( 58, 16)
n=  3893   udiff=  4.3916E-06 ( 58, 17)   vdiff=  7.3403E-06 ( 59, 16)
n=  3894   udiff=  4.2091E-06 ( 59, 12)   vdiff=  4.9908E-06 ( 57, 15)
n=  3895   udiff=  4.0053E-06 ( 56, 14)   vdiff=  4.5171E-06 ( 58, 17)
n=  3896   udiff=  3.6646E-06 ( 55, 14)   vdiff=  4.4922E-06 ( 58, 13)
n=  3897   udiff=  3.3193E-06 ( 55, 13)   vdiff=  4.2268E-06 ( 59, 14)
n=  3898   udiff=  4.5197E-06 ( 55, 15)   vdiff=  6.1852E-06 ( 55, 15)
n=  3899   udiff=  2.8752E-06 ( 62, 13)   vdiff=  5.3041E-06 ( 60, 15)
n=  3900   udiff=  2.8519E-06 ( 57, 11)   vdiff=  5.3067E-06 ( 57, 11)
n=  3901   udiff=  3.6878E-06 ( 58, 12)   vdiff=  5.5999E-06 ( 57, 13)
n=  3902   udiff=  3.9873E-06 ( 58, 12)   vdiff=  4.9727E-06 ( 56, 14)
n=  3903   udiff=  3.4142E-06 ( 54, 14)   vdiff=  5.3235E-06 ( 56, 15)
n=  3904   udiff=  4.7285E-06 ( 58, 14)   vdiff=  7.0118E-06 ( 56, 14)
n=  3905   udiff=  4.2353E-06 ( 57, 12)   vdiff=  5.1432E-06 ( 57, 15)
n=  3906   udiff=  3.2244E-06 ( 56, 14)   vdiff=  6.0587E-06 ( 56, 13)
n=  3907   udiff=  3.5627E-06 ( 59, 14)   vdiff=  5.1010E-06 ( 58, 15)
n=  3908   udiff=  4.5036E-06 ( 57, 16)   vdiff=  4.7182E-06 ( 57, 16)
n=  3909   udiff=  3.5638E-06 ( 56, 12)   vdiff=  4.9707E-06 ( 56, 18)
n=  3910   udiff=  5.2793E-06 ( 61, 13)   vdiff=  6.8867E-06 ( 57, 18)
n=  3911   udiff=  4.7326E-06 ( 57, 17)   vdiff=  5.1405E-06 ( 56, 18)
n=  3912   udiff=  4.4239E-06 ( 56, 17)   vdiff=  6.5367E-06 ( 59, 10)
n=  3913   udiff=  3.0076E-06 ( 60, 16)   vdiff=  5.1667E-06 ( 59, 13)
n=  3914   udiff=  4.2192E-06 ( 60, 12)   vdiff=  6.7368E-06 ( 56, 14)
n=  3915   udiff=  3.6737E-06 ( 60, 12)   vdiff=  4.1760E-06 ( 59, 15)
n=  3916   udiff=  4.1535E-06 ( 59, 15)   vdiff=  6.3393E-06 ( 58, 16)
n=  3917   udiff=  3.5494E-06 ( 59, 13)   vdiff=  5.7672E-06 ( 58, 16)
n=  3918   udiff=  4.9279E-06 ( 55, 16)   vdiff=  6.5908E-06 ( 59, 14)
n=  3919   udiff=  3.5272E-06 ( 58, 10)   vdiff=  6.1097E-06 ( 60, 16)
n=  3920   udiff=  3.7796E-06 ( 61, 12)   vdiff=  4.9014E-06 ( 58, 14)
n=  3921   udiff=  3.5766E-06 ( 59, 16)   vdiff=  5.3361E-06 ( 58, 17)
n=  3922   udiff=  4.1833E-06 ( 55, 16)   vdiff=  5.6602E-06 ( 58, 17)
n=  3923   udiff=  3.6176E-06 ( 58, 17)   vdiff=  6.2653E-06 ( 56, 17)
n=  3924   udiff=  4.3845E-06 ( 59, 12)   vdiff=  6.1537E-06 ( 59,  9)
n=  3925   udiff=  3.2266E-06 ( 58, 17)   vdiff=  5.0279E-06 ( 58, 17)
n=  3926   udiff=  3.6393E-06 ( 55, 16)   vdiff=  4.7103E-06 ( 54, 14)
n=  3927   udiff=  3.2452E-06 ( 55, 15)   vdiff=  4.0709E-06 ( 55, 11)
n=  3928   udiff=  4.3377E-06 ( 60, 12)   vdiff=  4.8001E-06 ( 60, 12)
n=  3929   udiff=  3.5231E-06 ( 55, 15)   vdiff=  4.6429E-06 ( 58,  9)
n=  3930   udiff=  3.5964E-06 ( 58, 12)   vdiff=  4.1611E-06 ( 53, 17)
n=  3931   udiff=  3.5509E-06 ( 62, 10)   vdiff=  4.5228E-06 ( 58, 15)
n=  3932   udiff=  3.2250E-06 ( 58, 12)   vdiff=  4.8662E-06 ( 56, 15)
n=  3933   udiff=  3.5087E-06 ( 55, 16)   vdiff=  5.3555E-06 ( 54, 14)
n=  3934   udiff=  3.3996E-06 ( 55, 14)   vdiff=  5.0522E-06 ( 56, 15)
n=  3935   udiff=  3.5122E-06 ( 62, 12)   vdiff=  4.2745E-06 ( 58, 15)
n=  3936   udiff=  3.1420E-06 ( 58, 14)   vdiff=  5.7540E-06 ( 56, 15)
n=  3937   udiff=  3.4391E-06 ( 58, 14)   vdiff=  5.3442E-06 ( 55, 16)
n=  3938   udiff=  3.2287E-06 ( 57, 12)   vdiff=  5.8874E-06 ( 56, 15)
n=  3939   udiff=  2.9670E-06 ( 60, 15)   vdiff=  6.0097E-06 ( 56, 15)
n=  3940   udiff=  4.6156E-06 ( 56, 14)   vdiff=  5.6643E-06 ( 56, 14)
n=  3941   udiff=  3.1629E-06 ( 58, 12)   vdiff=  5.1365E-06 ( 61, 10)
n=  3942   udiff=  4.4388E-06 ( 57, 16)   vdiff=  5.3952E-06 ( 57, 16)
n=  3943   udiff=  3.0931E-06 ( 62, 11)   vdiff=  5.7864E-06 ( 56, 14)
n=  3944   udiff=  3.1769E-06 ( 56, 13)   vdiff=  5.5043E-06 ( 61, 12)
n=  3945   udiff=  3.1281E-06 ( 58, 12)   vdiff=  5.0880E-06 ( 57, 13)
n=  3946   udiff=  3.2901E-06 ( 58, 16)   vdiff=  4.6812E-06 ( 58, 15)
n=  3947   udiff=  3.4592E-06 ( 56, 14)   vdiff=  5.5235E-06 ( 58, 16)
n=  3948   udiff=  3.6518E-06 ( 63, 12)   vdiff=  5.2331E-06 ( 58, 16)
n=  3949   udiff=  3.5103E-06 ( 61, 11)   vdiff=  5.3744E-06 ( 58, 16)
n=  3950   udiff=  5.0688E-06 ( 57, 15)   vdiff=  6.2437E-06 ( 56, 16)
n=  3951   udiff=  3.3946E-06 ( 58, 15)   vdiff=  4.8329E-06 ( 58, 14)
n=  3952   udiff=  3.8074E-06 ( 56, 14)   vdiff=  5.5249E-06 ( 56, 14)
n=  3953   udiff=  3.3196E-06 ( 60, 12)   vdiff=  4.7994E-06 ( 61, 11)
n=  3954   udiff=  4.0042E-06 ( 60, 10)   vdiff=  6.2192E-06 ( 59, 12)
n=  3955   udiff=  4.2058E-06 ( 56, 18)   vdiff=  5.3396E-06 ( 60, 15)
n=  3956   udiff=  4.1018E-06 ( 56, 14)   vdiff=  6.2263E-06 ( 56, 14)
n=  3957   udiff=  4.1833E-06 ( 60, 16)   vdiff=  4.4057E-06 ( 59, 10)
n=  3958   udiff=  3.5471E-06 ( 61, 10)   vdiff=  6.8705E-06 ( 58, 17)
n=  3959   udiff=  3.9874E-06 ( 61, 13)   vdiff=  5.0376E-06 ( 60, 14)
n=  3960   udiff=  3.7258E-06 ( 60, 15)   vdiff=  7.2878E-06 ( 58, 17)
n=  3961   udiff=  3.9248E-06 ( 60, 15)   vdiff=  3.7771E-06 ( 54, 13)
n=  3962   udiff=  3.6454E-06 ( 55, 13)   vdiff=  4.9395E-06 ( 55, 12)
n=  3963   udiff=  3.1861E-06 ( 55, 16)   vdiff=  4.4572E-06 ( 60, 16)
n=  3964   udiff=  2.9870E-06 ( 59, 12)   vdiff=  5.3663E-06 ( 58, 15)
n=  3965   udiff=  3.9644E-06 ( 60, 12)   vdiff=  4.7525E-06 ( 58, 18)
n=  3966   udiff=  4.1473E-06 ( 54, 14)   vdiff=  5.0517E-06 ( 57, 12)
n=  3967   udiff=  2.7875E-06 ( 55, 11)   vdiff=  4.3495E-06 ( 55, 12)
n=  3968   udiff=  4.0212E-06 ( 57, 13)   vdiff=  4.1034E-06 ( 58, 11)
n=  3969   udiff=  2.6439E-06 ( 58, 12)   vdiff=  4.0315E-06 ( 56, 11)
n=  3970   udiff=  3.3192E-06 ( 55, 16)   vdiff=  5.2687E-06 ( 60, 12)
n=  3971   udiff=  3.3922E-06 ( 56, 13)   vdiff=  6.4878E-06 ( 55, 13)
n=  3972   udiff=  2.8171E-06 ( 55, 16)   vdiff=  6.0570E-06 ( 55, 11)
n=  3973   udiff=  3.1078E-06 ( 60, 14)   vdiff=  4.7413E-06 ( 60, 10)
n=  3974   udiff=  2.7028E-06 ( 61, 14)   vdiff=  3.6307E-06 ( 60, 15)
n=  3975   udiff=  2.9312E-06 ( 61, 15)   vdiff=  3.9809E-06 ( 54, 15)
n=  3976   udiff=  2.6648E-06 ( 61, 14)   vdiff=  4.0074E-06 ( 60, 15)
n=  3977   udiff=  3.0828E-06 ( 56, 16)   vdiff=  6.2450E-06 ( 55, 12)
n=  3978   udiff=  3.0771E-06 ( 59, 15)   vdiff=  3.6346E-06 ( 54, 15)
n=  3979   udiff=  2.5469E-06 ( 57, 17)   vdiff=  5.9106E-06 ( 53, 15)
n=  3980   udiff=  3.0735E-06 ( 58, 13)   vdiff=  4.1601E-06 ( 56, 11)
n=  3981   udiff=  4.1048E-06 ( 60, 14)   vdiff=  4.4460E-06 ( 54, 15)
n=  3982   udiff=  3.4135E-06 ( 59, 14)   vdiff=  3.9828E-06 ( 59, 14)
n=  3983   udiff=  3.7911E-06 ( 60, 15)   vdiff=  5.2654E-06 ( 55, 13)
n=  3984   udiff=  3.5805E-06 ( 60, 14)   vdiff=  4.7480E-06 ( 57, 16)
n=  3985   udiff=  3.4856E-06 ( 60, 14)   vdiff=  5.9554E-06 ( 58, 16)
n=  3986   udiff=  4.0276E-06 ( 55, 16)   vdiff=  5.4375E-06 ( 57, 16)
n=  3987   udiff=  3.2960E-06 ( 62, 12)   vdiff=  4.9136E-06 ( 56, 16)
n=  3988   udiff=  3.6157E-06 ( 57, 15)   vdiff=  5.7905E-06 ( 59, 14)
n=  3989   udiff=  3.3979E-06 ( 56, 11)   vdiff=  5.8479E-06 ( 58, 15)
n=  3990   udiff=  3.9305E-06 ( 60, 12)   vdiff=  6.9286E-06 ( 53, 15)
n=  3991   udiff=  2.7140E-06 ( 55, 11)   vdiff=  5.5877E-06 ( 55, 13)
n=  3992   udiff=  3.3048E-06 ( 60, 12)   vdiff=  4.5660E-06 ( 58, 15)
n=  3993   udiff=  4.0960E-06 ( 58,  9)   vdiff=  5.5938E-06 ( 55, 16)
n=  3994   udiff=  4.0169E-06 ( 60, 10)   vdiff=  6.0961E-06 ( 56, 16)
n=  3995   udiff=  4.2531E-06 ( 56, 11)   vdiff=  6.0445E-06 ( 55, 16)
n=  3996   udiff=  3.3463E-06 ( 61, 11)   vdiff=  5.0831E-06 ( 56, 17)
n=  3997   udiff=  3.5705E-06 ( 58, 16)   vdiff=  4.5383E-06 ( 58, 11)
n=  3998   udiff=  4.0697E-06 ( 57, 16)   vdiff=  6.2308E-06 ( 58, 17)
n=  3999   udiff=  3.7261E-06 ( 55, 15)   vdiff=  5.4344E-06 ( 59, 17)
n=  4000   udiff=  4.7970E-06 ( 57, 16)   vdiff=  6.4172E-06 ( 59, 12)
n=  4001   udiff=  3.2007E-06 ( 56, 14)   vdiff=  5.4693E-06 ( 57, 17)
n=  4002   udiff=  4.0463E-06 ( 57, 16)   vdiff=  5.4160E-06 ( 58,  9)
n=  4003   udiff=  3.6832E-06 ( 56, 16)   vdiff=  4.1288E-06 ( 61, 11)
n=  4004   udiff=  4.4754E-06 ( 61, 12)   vdiff=  5.4786E-06 ( 55, 11)
n=  4005   udiff=  3.1773E-06 ( 59, 11)   vdiff=  6.3058E-06 ( 58, 10)
n=  4006   udiff=  3.7563E-06 ( 56, 12)   vdiff=  5.3742E-06 ( 56, 12)
n=  4007   udiff=  4.5161E-06 ( 60, 15)   vdiff=  5.4832E-06 ( 54, 16)
n=  4008   udiff=  3.0600E-06 ( 56, 12)   vdiff=  4.0907E-06 ( 55, 13)
n=  4009   udiff=  4.0406E-06 ( 60, 15)   vdiff=  5.0471E-06 ( 58,  9)
n=  4010   udiff=  3.7122E-06 ( 58, 10)   vdiff=  5.0035E-06 ( 58, 10)
n=  4011   udiff=  4.4736E-06 ( 58, 10)   vdiff=  6.3810E-06 ( 61, 10)
n=  4012   udiff=  3.0958E-06 ( 57, 11)   vdiff=  4.1660E-06 ( 58, 13)
n=  4013   udiff=  3.9862E-06 ( 57, 11)   vdiff=  5.1481E-06 ( 55, 13)
n=  4014   udiff=  3.7436E-06 ( 57, 16)   vdiff=  5.9540E-06 ( 58,  9)
n=  4015   udiff=  3.3405E-06 ( 60, 15)   vdiff=  5.4240E-06 ( 54, 16)
n=  4016   udiff=  4.8706E-06 ( 60, 16)   vdiff=  6.7784E-06 ( 60, 16)
n=  4017   udiff=  3.9264E-06 ( 60, 14)   vdiff=  5.6657E-06 ( 59, 16)
n=  4018   udiff=  3.0586E-06 ( 59, 15)   vdiff=  5.0826E-06 ( 60, 12)
n=  4019   udiff=  3.8488E-06 ( 58, 15)   vdiff=  3.8554E-06 ( 60, 10)
n=  4020   udiff=  5.1092E-06 ( 56, 11)   vdiff=  7.1652E-06 ( 55, 12)
n=  4021   udiff=  3.5988E-06 ( 60, 16)   vdiff=  6.7384E-06 ( 60, 16)
n=  4022   udiff=  4.5923E-06 ( 60, 14)   vdiff=  5.3765E-06 ( 58, 16)
n=  4023   udiff=  3.0798E-06 ( 61, 10)   vdiff=  4.4040E-06 ( 58, 11)
n=  4024   udiff=  3.7207E-06 ( 58, 11)   vdiff=  5.6120E-06 ( 57, 10)
n=  4025   udiff=  2.6794E-06 ( 61, 10)   vdiff=  6.0463E-06 ( 58,  9)
n=  4026   udiff=  3.2588E-06 ( 57, 11)   vdiff=  4.8332E-06 ( 55, 18)
n=  4027   udiff=  3.5859E-06 ( 55, 16)   vdiff=  5.6396E-06 ( 55, 17)
n=  4028   udiff=  3.0807E-06 ( 57, 12)   vdiff=  6.9597E-06 ( 57, 10)
n=  4029   udiff=  3.9601E-06 ( 60, 14)   vdiff=  4.1469E-06 ( 55, 18)
n=  4030   udiff=  3.2022E-06 ( 59, 13)   vdiff=  4.0797E-06 ( 58, 15)
n=  4031   udiff=  3.9770E-06 ( 58, 11)   vdiff=  6.0750E-06 ( 60, 15)
n=  4032   udiff=  4.0735E-06 ( 58, 11)   vdiff=  4.6309E-06 ( 58, 15)
n=  4033   udiff=  4.6817E-06 ( 58, 14)   vdiff=  5.5292E-06 ( 57, 16)
n=  4034   udiff=  4.6052E-06 ( 58, 10)   vdiff=  6.1793E-06 ( 57, 10)
n=  4035   udiff=  3.5239E-06 ( 59, 10)   vdiff=  4.9524E-06 ( 58,  9)
n=  4036   udiff=  3.3306E-06 ( 57, 11)   vdiff=  6.1203E-06 ( 58, 15)
n=  4037   udiff=  3.7476E-06 ( 58, 11)   vdiff=  6.3112E-06 ( 58, 11)
n=  4038   udiff=  2.7923E-06 ( 58, 13)   vdiff=  3.7440E-06 ( 54, 17)
n=  4039   udiff=  5.0848E-06 ( 60, 12)   vdiff=  4.5006E-06 ( 56, 10)
n=  4040   udiff=  3.0006E-06 ( 59,  9)   vdiff=  4.8291E-06 ( 57, 18)
n=  4041   udiff=  4.4082E-06 ( 60, 12)   vdiff=  3.9318E-06 ( 53, 14)
n=  4042   udiff=  3.9792E-06 ( 55, 13)   vdiff=  6.3002E-06 ( 58, 11)
n=  4043   udiff=  4.0548E-06 ( 57, 12)   vdiff=  5.5179E-06 ( 60, 13)
n=  4044   udiff=  4.0587E-06 ( 53, 16)   vdiff=  5.5770E-06 ( 58,  9)
n=  4045   udiff=  4.2002E-06 ( 60, 12)   vdiff=  4.3110E-06 ( 58, 17)
n=  4046   udiff=  3.8292E-06 ( 58, 13)   vdiff=  6.1457E-06 ( 57, 13)
n=  4047   udiff=  3.9357E-06 ( 57, 10)   vdiff=  6.7303E-06 ( 58, 11)
n=  4048   udiff=  3.7901E-06 ( 55, 16)   vdiff=  6.0316E-06 ( 56, 12)
n=  4049   udiff=  4.0530E-06 ( 59, 16)   vdiff=  5.4168E-06 ( 58, 17)
n=  4050   udiff=  3.9621E-06 ( 58, 13)   vdiff=  4.6086E-06 ( 57, 13)
n=  4051   udiff=  4.3972E-06 ( 61, 11)   vdiff=  6.6358E-06 ( 57, 10)
n=  4052   udiff=  3.3916E-06 ( 60, 12)   vdiff=  5.2207E-06 ( 56, 15)
n=  4053   udiff=  3.3573E-06 ( 61, 13)   vdiff=  5.6416E-06 ( 61, 12)
n=  4054   udiff=  3.6296E-06 ( 62, 12)   vdiff=  4.7177E-06 ( 58,  9)
n=  4055   udiff=  4.6148E-06 ( 61, 11)   vdiff=  5.4745E-06 ( 59, 13)
n=  4056   udiff=  3.3020E-06 ( 56, 16)   vdiff=  5.4561E-06 ( 56, 15)
n=  4057   udiff=  3.1357E-06 ( 59, 11)   vdiff=  5.1444E-06 ( 61, 11)
n=  4058   udiff=  2.7309E-06 ( 58, 12)   vdiff=  5.7334E-06 ( 57, 17)
n=  4059   udiff=  3.5170E-06 ( 58, 10)   vdiff=  6.7448E-06 ( 57, 10)
n=  4060   udiff=  3.1942E-06 ( 56, 17)   vdiff=  6.6189E-06 ( 55, 17)
n=  4061   udiff=  2.6884E-06 ( 60, 11)   vdiff=  6.7912E-06 ( 59, 13)
n=  4062   udiff=  4.2434E-06 ( 56, 16)   vdiff=  6.2747E-06 ( 56, 16)
n=  4063   udiff=  2.8821E-06 ( 62, 13)   vdiff=  3.2565E-06 ( 59, 11)
n=  4064   udiff=  2.8090E-06 ( 57, 18)   vdiff=  5.2743E-06 ( 60, 11)
n=  4065   udiff=  3.2324E-06 ( 60, 10)   vdiff=  5.7140E-06 ( 59, 12)
n=  4066   udiff=  2.6465E-06 ( 59, 10)   vdiff=  5.0067E-06 ( 60, 11)
n=  4067   udiff=  3.5884E-06 ( 56, 16)   vdiff=  5.5637E-06 ( 56, 16)
n=  4068   udiff=  3.4328E-06 ( 59, 10)   vdiff=  4.7968E-06 ( 58, 18)
n=  4069   udiff=  3.3491E-06 ( 57, 12)   vdiff=  5.9566E-06 ( 57, 11)
n=  4070   udiff=  3.8024E-06 ( 55, 12)   vdiff=  5.3386E-06 ( 61, 11)
n=  4071   udiff=  4.4913E-06 ( 55, 15)   vdiff=  4.8441E-06 ( 61, 13)
n=  4072   udiff=  3.5031E-06 ( 59, 13)   vdiff=  6.1502E-06 ( 54, 12)
n=  4073   udiff=  3.9184E-06 ( 55, 12)   vdiff=  5.3182E-06 ( 58, 18)
n=  4074   udiff=  2.9363E-06 ( 60, 11)   vdiff=  7.1434E-06 ( 53, 15)
n=  4075   udiff=  3.6929E-06 ( 61, 12)   vdiff=  7.0704E-06 ( 59, 12)
n=  4076   udiff=  4.2751E-06 ( 55, 14)   vdiff=  5.2363E-06 ( 55, 15)
n=  4077   udiff=  3.4912E-06 ( 61, 11)   vdiff=  5.7732E-06 ( 58,  9)
n=  4078   udiff=  3.5770E-06 ( 59, 13)   vdiff=  6.1486E-06 ( 59, 15)
n=  4079   udiff=  4.1114E-06 ( 55, 15)   vdiff=  5.0772E-06 ( 56, 17)
n=  4080   udiff=  3.6102E-06 ( 55, 15)   vdiff=  4.7825E-06 ( 56, 11)
n=  4081   udiff=  3.8866E-06 ( 60, 14)   vdiff=  5.4079E-06 ( 53, 15)
n=  4082   udiff=  3.5073E-06 ( 55, 14)   vdiff=  5.6761E-06 ( 55, 12)
n=  4083   udiff=  3.1862E-06 ( 56, 10)   vdiff=  5.8352E-06 ( 55, 11)
n=  4084   udiff=  3.2887E-06 ( 60, 14)   vdiff=  5.9084E-06 ( 61, 11)
n=  4085   udiff=  3.7981E-06 ( 58, 13)   vdiff=  5.1983E-06 ( 55, 12)
n=  4086   udiff=  3.8316E-06 ( 60, 14)   vdiff=  6.0467E-06 ( 56, 17)
n=  4087   udiff=  6.2152E-06 ( 60, 15)   vdiff=  5.3933E-06 ( 60, 16)
n=  4088   udiff=  4.0102E-06 ( 61, 12)   vdiff=  5.5072E-06 ( 61, 11)
n=  4089   udiff=  2.9880E-06 ( 54, 12)   vdiff=  6.5509E-06 ( 54, 12)
n=  4090   udiff=  3.1023E-06 ( 55, 15)   vdiff=  6.4191E-06 ( 58,  9)
n=  4091   udiff=  4.0692E-06 ( 55, 15)   vdiff=  5.0305E-06 ( 60, 15)
n=  4092   udiff=  3.9659E-06 ( 55, 15)   vdiff=  6.1335E-06 ( 56, 14)
n=  4093   udiff=  3.5924E-06 ( 59, 13)   vdiff=  6.9998E-06 ( 59, 14)
n=  4094   udiff=  3.6137E-06 ( 56, 10)   vdiff=  5.7220E-06 ( 56, 11)
n=  4095   udiff=  4.1068E-06 ( 57, 17)   vdiff=  5.8946E-06 ( 56, 18)
n=  4096   udiff=  4.1866E-06 ( 60, 15)   vdiff=  7.5459E-06 ( 54, 15)
n=  4097   udiff=  3.6652E-06 ( 56, 11)   vdiff=  6.9596E-06 ( 58, 15)
n=  4098   udiff=  3.0665E-06 ( 55, 15)   vdiff=  4.9926E-06 ( 61, 10)
n=  4099   udiff=  3.1433E-06 ( 54, 13)   vdiff=  5.1458E-06 ( 54, 13)
n=  4100   udiff=  4.5989E-06 ( 60, 15)   vdiff=  6.6565E-06 ( 54, 12)
n=  4101   udiff=  3.3535E-06 ( 60, 11)   vdiff=  5.3866E-06 ( 55, 13)
n=  4102   udiff=  2.8145E-06 ( 58, 17)   vdiff=  5.9484E-06 ( 61, 11)
n=  4103   udiff=  3.2631E-06 ( 57, 13)   vdiff=  4.8415E-06 ( 60, 12)
n=  4104   udiff=  3.8655E-06 ( 60, 16)   vdiff=  6.0817E-06 ( 56, 11)
n=  4105   udiff=  3.1593E-06 ( 57, 13)   vdiff=  5.8387E-06 ( 55, 12)
n=  4106   udiff=  3.2576E-06 ( 61, 10)   vdiff=  4.8876E-06 ( 61, 11)
n=  4107   udiff=  3.9519E-06 ( 58, 13)   vdiff=  5.8541E-06 ( 56, 11)
n=  4108   udiff=  4.0048E-06 ( 60, 15)   vdiff=  6.3609E-06 ( 57, 12)
n=  4109   udiff=  3.4212E-06 ( 57, 11)   vdiff=  4.9076E-06 ( 54, 15)
n=  4110   udiff=  3.1445E-06 ( 57, 13)   vdiff=  5.9589E-06 ( 55, 12)
n=  4111   udiff=  3.5185E-06 ( 60, 16)   vdiff=  5.8979E-06 ( 56, 12)
n=  4112   udiff=  3.3096E-06 ( 58, 13)   vdiff=  5.8887E-06 ( 60, 12)
n=  4113   udiff=  2.5505E-06 ( 54, 12)   vdiff=  4.7714E-06 ( 54, 13)
n=  4114   udiff=  3.2738E-06 ( 60, 15)   vdiff=  5.6974E-06 ( 56, 13)
n=  4115   udiff=  3.0745E-06 ( 61, 10)   vdiff=  3.9481E-06 ( 60, 11)
n=  4116   udiff=  3.8462E-06 ( 54, 13)   vdiff=  4.7250E-06 ( 61, 11)
n=  4117   udiff=  3.0205E-06 ( 60, 15)   vdiff=  5.7544E-06 ( 56, 12)
n=  4118   udiff=  2.6824E-06 ( 58, 13)   vdiff=  4.1670E-06 ( 60, 11)
n=  4119   udiff=  4.6690E-06 ( 60, 16)   vdiff=  6.7050E-06 ( 57, 12)
n=  4120   udiff=  4.5929E-06 ( 55, 16)   vdiff=  5.9411E-06 ( 56, 13)
n=  4121   udiff=  4.1086E-06 ( 60, 16)   vdiff=  5.8328E-06 ( 55, 12)
n=  4122   udiff=  3.6378E-06 ( 56, 10)   vdiff=  5.7685E-06 ( 55, 11)
n=  4123   udiff=  4.6294E-06 ( 54, 14)   vdiff=  7.6601E-06 ( 54, 15)
n=  4124   udiff=  3.8452E-06 ( 55, 16)   vdiff=  5.6502E-06 ( 57, 12)
n=  4125   udiff=  4.1473E-06 ( 60, 15)   vdiff=  6.8843E-06 ( 60, 16)
n=  4126   udiff=  3.8878E-06 ( 60, 17)   vdiff=  5.4128E-06 ( 55, 12)
n=  4127   udiff=  4.3529E-06 ( 54, 15)   vdiff=  6.6615E-06 ( 60, 16)
n=  4128   udiff=  3.7013E-06 ( 57, 15)   vdiff=  6.6569E-06 ( 57, 12)
n=  4129   udiff=  3.4606E-06 ( 59, 15)   vdiff=  6.0995E-06 ( 58, 11)
n=  4130   udiff=  3.0644E-06 ( 54, 13)   vdiff=  5.8124E-06 ( 54, 12)
n=  4131   udiff=  4.6623E-06 ( 55, 17)   vdiff=  6.1516E-06 ( 60, 16)
n=  4132   udiff=  4.0462E-06 ( 59, 16)   vdiff=  6.7007E-06 ( 59, 16)
n=  4133   udiff=  3.4443E-06 ( 59, 15)   vdiff=  5.2445E-06 ( 55, 11)
n=  4134   udiff=  2.8796E-06 ( 59, 11)   vdiff=  5.4129E-06 ( 55, 18)
n=  4135   udiff=  4.3377E-06 ( 60, 15)   vdiff=  7.2466E-06 ( 60, 16)
n=  4136   udiff=  3.9828E-06 ( 60, 14)   vdiff=  5.4601E-06 ( 59, 17)
n=  4137   udiff=  3.3470E-06 ( 55, 16)   vdiff=  3.9809E-06 ( 60, 11)
n=  4138   udiff=  4.1074E-06 ( 57, 11)   vdiff=  7.1947E-06 ( 56, 16)
n=  4139   udiff=  3.9170E-06 ( 56, 11)   vdiff=  6.5399E-06 ( 54, 15)
n=  4140   udiff=  2.7001E-06 ( 59, 13)   vdiff=  4.2356E-06 ( 56, 11)
n=  4141   udiff=  3.2730E-06 ( 60, 13)   vdiff=  5.5815E-06 ( 56, 13)
n=  4142   udiff=  3.2653E-06 ( 55, 13)   vdiff=  5.9782E-06 ( 57, 12)
n=  4143   udiff=  3.2933E-06 ( 53, 14)   vdiff=  5.3987E-06 ( 56, 11)
n=  4144   udiff=  6.5807E-06 ( 60, 16)   vdiff=  5.9301E-06 ( 59, 17)
n=  4145   udiff=  3.3842E-06 ( 59, 13)   vdiff=  4.6451E-06 ( 59, 15)
n=  4146   udiff=  3.9383E-06 ( 60, 13)   vdiff=  6.3244E-06 ( 58, 10)
n=  4147   udiff=  3.9508E-06 ( 56, 17)   vdiff=  6.4977E-06 ( 56, 18)
n=  4148   udiff=  3.7277E-06 ( 60, 13)   vdiff=  5.6542E-06 ( 56, 17)
n=  4149   udiff=  3.7970E-06 ( 59, 13)   vdiff=  7.4362E-06 ( 54, 15)
n=  4150   udiff=  3.6423E-06 ( 56, 11)   vdiff=  6.1011E-06 ( 55, 11)
n=  4151   udiff=  3.7737E-06 ( 57, 11)   vdiff=  7.1950E-06 ( 60, 16)
n=  4152   udiff=  3.3083E-06 ( 55, 16)   vdiff=  4.5411E-06 ( 59, 10)
n=  4153   udiff=  3.6058E-06 ( 59,  9)   vdiff=  4.7805E-06 ( 56, 11)
n=  4154   udiff=  4.0486E-06 ( 59, 14)   vdiff=  5.9661E-06 ( 59, 10)
n=  4155   udiff=  3.5235E-06 ( 60, 14)   vdiff=  6.2143E-06 ( 55, 18)
n=  4156   udiff=  3.7451E-06 ( 55, 13)   vdiff=  5.4716E-06 ( 55, 16)
n=  4157   udiff=  3.5782E-06 ( 59, 14)   vdiff=  6.0056E-06 ( 58, 14)
n=  4158   udiff=  3.4610E-06 ( 58, 14)   vdiff=  6.3231E-06 ( 55, 11)
n=  4159   udiff=  4.8273E-06 ( 58, 11)   vdiff=  6.3784E-06 ( 57, 12)
n=  4160   udiff=  3.5917E-06 ( 57, 11)   vdiff=  4.9459E-06 ( 56, 17)
n=  4161   udiff=  4.0460E-06 ( 58, 13)   vdiff=  4.8030E-06 ( 55, 17)
n=  4162   udiff=  3.3020E-06 ( 57, 11)   vdiff=  4.6147E-06 ( 60, 12)
n=  4163   udiff=  2.9529E-06 ( 57, 10)   vdiff=  3.9479E-06 ( 57, 11)
n=  4164   udiff=  4.1188E-06 ( 59, 14)   vdiff=  6.5515E-06 ( 59, 14)
n=  4165   udiff=  2.9290E-06 ( 61, 12)   vdiff=  5.8685E-06 ( 61, 12)
n=  4166   udiff=  3.2735E-06 ( 61, 11)   vdiff=  4.8572E-06 ( 59, 11)
n=  4167   udiff=  4.5256E-06 ( 61, 11)   vdiff=  5.0782E-06 ( 60, 11)
n=  4168   udiff=  3.4649E-06 ( 60, 10)   vdiff=  5.4850E-06 ( 60, 10)
n=  4169   udiff=  4.2934E-06 ( 59, 10)   vdiff=  5.4964E-06 ( 55, 17)
n=  4170   udiff=  3.1023E-06 ( 54, 15)   vdiff=  5.7032E-06 ( 54, 17)
n=  4171   udiff=  2.9424E-06 ( 55, 13)   vdiff=  5.0045E-06 ( 56, 11)
n=  4172   udiff=  3.2671E-06 ( 59,  9)   vdiff=  5.5219E-06 ( 59, 10)
n=  4173   udiff=  3.5472E-06 ( 60, 11)   vdiff=  5.5868E-06 ( 56, 11)
n=  4174   udiff=  4.1662E-06 ( 60, 10)   vdiff=  6.2294E-06 ( 60, 11)
n=  4175   udiff=  3.2575E-06 ( 61, 10)   vdiff=  5.9188E-06 ( 56, 12)
n=  4176   udiff=  3.3841E-06 ( 58, 13)   vdiff=  5.8082E-06 ( 54, 17)
n=  4177   udiff=  3.5141E-06 ( 60, 10)   vdiff=  6.2353E-06 ( 60, 10)
n=  4178   udiff=  4.8099E-06 ( 59, 10)   vdiff=  6.8279E-06 ( 56, 11)
n=  4179   udiff=  3.5498E-06 ( 57, 14)   vdiff=  4.4517E-06 ( 58, 14)
n=  4180   udiff=  3.2883E-06 ( 58, 11)   vdiff=  4.1439E-06 ( 59, 11)
n=  4181   udiff=  3.9448E-06 ( 57, 17)   vdiff=  6.2685E-06 ( 60, 11)
n=  4182   udiff=  3.3953E-06 ( 55, 15)   vdiff=  7.1687E-06 ( 54, 16)
n=  4183   udiff=  3.1457E-06 ( 56, 10)   vdiff=  5.9879E-06 ( 55, 11)
n=  4184   udiff=  3.5856E-06 ( 59,  9)   vdiff=  5.4554E-06 ( 59, 10)
n=  4185   udiff=  3.5389E-06 ( 54, 17)   vdiff=  6.2095E-06 ( 60, 10)
n=  4186   udiff=  3.1184E-06 ( 57, 10)   vdiff=  4.9749E-06 ( 60, 11)
n=  4187   udiff=  3.1557E-06 ( 54, 13)   vdiff=  5.9207E-06 ( 57, 18)
n=  4188   udiff=  3.4124E-06 ( 56, 13)   vdiff=  5.9756E-06 ( 59, 10)
n=  4189   udiff=  2.5864E-06 ( 61, 11)   vdiff=  5.8748E-06 ( 55, 17)
n=  4190   udiff=  3.1290E-06 ( 58, 13)   vdiff=  5.6224E-06 ( 57, 14)
n=  4191   udiff=  2.9144E-06 ( 56, 14)   vdiff=  5.2223E-06 ( 56, 14)
n=  4192   udiff=  3.0326E-06 ( 56, 11)   vdiff=  6.0071E-06 ( 55, 11)
n=  4193   udiff=  4.2960E-06 ( 57, 11)   vdiff=  4.8587E-06 ( 60, 11)
n=  4194   udiff=  3.6533E-06 ( 54, 13)   vdiff=  6.6033E-06 ( 60, 10)
n=  4195   udiff=  3.4414E-06 ( 57, 17)   vdiff=  5.1706E-06 ( 61, 10)
n=  4196   udiff=  4.3347E-06 ( 58, 17)   vdiff=  5.4592E-06 ( 58, 17)
n=  4197   udiff=  2.7925E-06 ( 54, 13)   vdiff=  5.5680E-06 ( 58, 16)
n=  4198   udiff=  3.1893E-06 ( 57, 13)   vdiff=  6.8390E-06 ( 57, 14)
n=  4199   udiff=  4.4615E-06 ( 58, 17)   vdiff=  5.7297E-06 ( 58, 17)
n=  4200   udiff=  4.4453E-06 ( 59, 10)   vdiff=  5.5083E-06 ( 54, 16)
n=  4201   udiff=  3.3507E-06 ( 61, 11)   vdiff=  5.8301E-06 ( 61, 11)
n=  4202   udiff=  3.4559E-06 ( 56, 14)   vdiff=  5.5936E-06 ( 56, 14)
n=  4203   udiff=  4.1887E-06 ( 58, 14)   vdiff=  5.4116E-06 ( 56, 12)
n=  4204   udiff=  3.6023E-06 ( 60, 10)   vdiff=  5.8772E-06 ( 60, 11)
n=  4205   udiff=  4.0797E-06 ( 59, 16)   vdiff=  5.9783E-06 ( 55, 17)
n=  4206   udiff=  3.8095E-06 ( 57, 13)   vdiff=  6.6342E-06 ( 57, 14)
n=  4207   udiff=  3.1753E-06 ( 54, 12)   vdiff=  5.2821E-06 ( 56, 12)
n=  4208   udiff=  2.8945E-06 ( 59, 15)   vdiff=  5.0102E-06 ( 58,  9)
n=  4209   udiff=  3.0517E-06 ( 58, 13)   vdiff=  5.9604E-06 ( 60, 11)
n=  4210   udiff=  2.8925E-06 ( 58, 10)   vdiff=  5.5625E-06 ( 60, 10)
n=  4211   udiff=  3.4463E-06 ( 59, 10)   vdiff=  4.4760E-06 ( 59, 10)
n=  4212   udiff=  3.4777E-06 ( 57, 17)   vdiff=  5.2084E-06 ( 56, 11)
n=  4213   udiff=  4.0228E-06 ( 54, 13)   vdiff=  5.1594E-06 ( 59, 11)
n=  4214   udiff=  3.2192E-06 ( 54, 13)   vdiff=  4.9536E-06 ( 55, 16)
n=  4215   udiff=  3.2391E-06 ( 57, 13)   vdiff=  6.1647E-06 ( 56, 14)
n=  4216   udiff=  3.6736E-06 ( 58, 15)   vdiff=  5.3407E-06 ( 54, 16)
n=  4217   udiff=  3.6003E-06 ( 57, 17)   vdiff=  5.1416E-06 ( 56, 12)
n=  4218   udiff=  3.3916E-06 ( 57, 17)   vdiff=  7.3579E-06 ( 57, 10)
n=  4219   udiff=  2.5084E-06 ( 60, 16)   vdiff=  3.9795E-06 ( 53, 14)
n=  4220   udiff=  4.6195E-06 ( 62, 10)   vdiff=  7.1051E-06 ( 54, 16)
n=  4221   udiff=  2.8771E-06 ( 61, 10)   vdiff=  5.2141E-06 ( 56, 11)
n=  4222   udiff=  3.1485E-06 ( 61, 13)   vdiff=  6.8493E-06 ( 59, 16)
n=  4223   udiff=  4.3414E-06 ( 61,  9)   vdiff=  7.8853E-06 ( 60, 10)
n=  4224   udiff=  4.4515E-06 ( 57, 14)   vdiff=  6.4109E-06 ( 56, 14)
n=  4225   udiff=  3.5987E-06 ( 59, 15)   vdiff=  4.7148E-06 ( 58, 16)
n=  4226   udiff=  3.2546E-06 ( 61, 13)   vdiff=  4.7905E-06 ( 57, 15)
n=  4227   udiff=  4.0967E-06 ( 57, 11)   vdiff=  5.0052E-06 ( 61, 10)
n=  4228   udiff=  3.5613E-06 ( 54, 12)   vdiff=  4.6379E-06 ( 61, 13)
n=  4229   udiff=  3.8569E-06 ( 54, 16)   vdiff=  4.4754E-06 ( 59, 15)
n=  4230   udiff=  3.4353E-06 ( 59, 12)   vdiff=  7.0738E-06 ( 57, 10)
n=  4231   udiff=  3.7017E-06 ( 61, 11)   vdiff=  6.0608E-06 ( 58, 14)
n=  4232   udiff=  3.7751E-06 ( 61,  9)   vdiff=  7.1489E-06 ( 60, 10)
n=  4233   udiff=  4.2490E-06 ( 60, 16)   vdiff=  5.8264E-06 ( 59, 17)
n=  4234   udiff=  4.0230E-06 ( 55, 16)   vdiff=  5.3562E-06 ( 54, 16)
n=  4235   udiff=  4.4018E-06 ( 57, 14)   vdiff=  6.3044E-06 ( 58,  9)
n=  4236   udiff=  4.4317E-06 ( 60, 15)   vdiff=  5.9575E-06 ( 61, 11)
n=  4237   udiff=  2.7975E-06 ( 61, 12)   vdiff=  4.5528E-06 ( 60, 13)
n=  4238   udiff=  3.7691E-06 ( 55, 15)   vdiff=  5.9747E-06 ( 56, 12)
n=  4239   udiff=  3.7127E-06 ( 57, 17)   vdiff=  6.2822E-06 ( 59, 14)
n=  4240   udiff=  3.9921E-06 ( 61,  9)   vdiff=  7.1697E-06 ( 60, 10)
n=  4241   udiff=  3.4273E-06 ( 56, 11)   vdiff=  6.5574E-06 ( 57, 14)
n=  4242   udiff=  3.2348E-06 ( 60, 15)   vdiff=  5.3872E-06 ( 61, 13)
n=  4243   udiff=  3.3964E-06 ( 54, 13)   vdiff=  5.5848E-06 ( 55, 14)
n=  4244   udiff=  3.6750E-06 ( 60, 15)   vdiff=  6.3773E-06 ( 56, 12)
n=  4245   udiff=  3.3816E-06 ( 57,  8)   vdiff=  5.4678E-06 ( 56, 18)
n=  4246   udiff=  3.8860E-06 ( 59, 15)   vdiff=  5.4687E-06 ( 61, 11)
n=  4247   udiff=  2.9047E-06 ( 61, 10)   vdiff=  5.2449E-06 ( 59, 14)
n=  4248   udiff=  3.6196E-06 ( 59, 10)   vdiff=  6.2003E-06 ( 58,  9)
n=  4249   udiff=  3.7837E-06 ( 61, 13)   vdiff=  6.6789E-06 ( 57, 10)
n=  4250   udiff=  3.3347E-06 ( 61, 11)   vdiff=  5.9914E-06 ( 56, 12)
n=  4251   udiff=  3.2751E-06 ( 58, 17)   vdiff=  6.1452E-06 ( 60, 13)
n=  4252   udiff=  2.8068E-06 ( 59, 15)   vdiff=  5.3079E-06 ( 61, 13)
n=  4253   udiff=  4.0117E-06 ( 56, 11)   vdiff=  5.5844E-06 ( 56, 11)
n=  4254   udiff=  2.8703E-06 ( 58, 17)   vdiff=  6.2960E-06 ( 60, 13)
n=  4255   udiff=  3.5297E-06 ( 55, 16)   vdiff=  5.7775E-06 ( 60, 10)
n=  4256   udiff=  3.2926E-06 ( 53, 14)   vdiff=  6.2531E-06 ( 58,  9)
n=  4257   udiff=  3.1110E-06 ( 60, 15)   vdiff=  5.2750E-06 ( 61, 10)
n=  4258   udiff=  4.5465E-06 ( 59, 16)   vdiff=  5.3586E-06 ( 56, 14)
n=  4259   udiff=  3.1946E-06 ( 56, 11)   vdiff=  6.1766E-06 ( 55, 11)
n=  4260   udiff=  3.2316E-06 ( 59,  9)   vdiff=  4.7980E-06 ( 59, 10)
n=  4261   udiff=  3.9048E-06 ( 60, 10)   vdiff=  5.7185E-06 ( 59, 14)
n=  4262   udiff=  3.0337E-06 ( 59, 10)   vdiff=  5.1747E-06 ( 56, 12)
n=  4263   udiff=  3.5516E-06 ( 59, 14)   vdiff=  5.3609E-06 ( 58, 16)
n=  4264   udiff=  2.7266E-06 ( 57, 11)   vdiff=  3.9031E-06 ( 56, 11)
n=  4265   udiff=  3.4611E-06 ( 60, 10)   vdiff=  6.3837E-06 ( 54, 16)
n=  4266   udiff=  2.7733E-06 ( 61, 11)   vdiff=  5.7000E-06 ( 59, 17)
n=  4267   udiff=  3.2748E-06 ( 56, 11)   vdiff=  5.5719E-06 ( 55, 11)
n=  4268   udiff=  3.8850E-06 ( 60, 15)   vdiff=  6.0363E-06 ( 59, 14)
n=  4269   udiff=  3.0460E-06 ( 60, 13)   vdiff=  6.0006E-06 ( 56, 12)
n=  4270   udiff=  3.5110E-06 ( 61, 10)   vdiff=  5.0159E-06 ( 61, 11)
n=  4271   udiff=  3.5594E-06 ( 61, 10)   vdiff=  4.7809E-06 ( 59, 13)
n=  4272   udiff=  3.1410E-06 ( 57, 10)   vdiff=  6.2386E-06 ( 60, 13)
n=  4273   udiff=  4.6129E-06 ( 60, 16)   vdiff=  5.7165E-06 ( 58,  9)
n=  4274   udiff=  3.0277E-06 ( 57, 11)   vdiff=  5.7473E-06 ( 57, 17)
n=  4275   udiff=  2.9859E-06 ( 60, 15)   vdiff=  6.0012E-06 ( 59, 14)
n=  4276   udiff=  3.9607E-06 ( 61,  9)   vdiff=  7.7656E-06 ( 60, 10)
n=  4277   udiff=  2.4252E-06 ( 57, 10)   vdiff=  4.0220E-06 ( 56, 11)
n=  4278   udiff=  2.9812E-06 ( 61, 13)   vdiff=  5.3595E-06 ( 61, 13)
n=  4279   udiff=  2.6798E-06 ( 59, 12)   vdiff=  5.7014E-06 ( 59, 17)
n=  4280   udiff=  3.8858E-06 ( 61, 13)   vdiff=  6.2525E-06 ( 55, 11)
n=  4281   udiff=  3.4090E-06 ( 59, 10)   vdiff=  5.2950E-06 ( 55, 16)
n=  4282   udiff=  3.1731E-06 ( 60, 15)   vdiff=  5.8975E-06 ( 59, 14)
n=  4283   udiff=  3.3961E-06 ( 53, 14)   vdiff=  6.5051E-06 ( 56, 10)
n=  4284   udiff=  2.7097E-06 ( 60, 16)   vdiff=  4.8551E-06 ( 59, 10)
n=  4285   udiff=  3.0295E-06 ( 54, 13)   vdiff=  5.5090E-06 ( 60, 10)
n=  4286   udiff=  3.4828E-06 ( 56, 11)   vdiff=  6.1040E-06 ( 55, 11)
n=  4287   udiff=  4.6336E-06 ( 60, 16)   vdiff=  5.1297E-06 ( 59, 17)
n=  4288   udiff=  3.6050E-06 ( 61,  9)   vdiff=  7.3166E-06 ( 60, 10)
n=  4289   udiff=  3.6145E-06 ( 56, 11)   vdiff=  6.3354E-06 ( 56, 11)
n=  4290   udiff=  4.6502E-06 ( 60, 13)   vdiff=  5.5722E-06 ( 55, 16)
n=  4291   udiff=  2.8959E-06 ( 54, 16)   vdiff=  5.1283E-06 ( 54, 17)
n=  4292   udiff=  3.4616E-06 ( 60, 15)   vdiff=  6.0795E-06 ( 58,  9)
n=  4293   udiff=  3.9241E-06 ( 61, 13)   vdiff=  5.9442E-06 ( 59, 14)
n=  4294   udiff=  3.3104E-06 ( 61, 10)   vdiff=  4.8387E-06 ( 59, 13)
n=  4295   udiff=  3.0035E-06 ( 61, 12)   vdiff=  6.0895E-06 ( 60, 13)
n=  4296   udiff=  2.9118E-06 ( 59, 10)   vdiff=  5.7166E-06 ( 53, 14)
n=  4297   udiff=  3.0689E-06 ( 60, 15)   vdiff=  5.0489E-06 ( 59, 13)
n=  4298   udiff=  3.2403E-06 ( 61, 11)   vdiff=  5.1412E-06 ( 54, 17)
n=  4299   udiff=  3.2279E-06 ( 61, 10)   vdiff=  6.1599E-06 ( 60, 13)
n=  4300   udiff=  4.9113E-06 ( 60, 16)   vdiff=  5.7520E-06 ( 61, 13)
n=  4301   udiff=  3.9664E-06 ( 60, 10)   vdiff=  5.6338E-06 ( 56, 11)
n=  4302   udiff=  3.3161E-06 ( 58, 10)   vdiff=  6.7311E-06 ( 57, 10)
n=  4303   udiff=  3.0202E-06 ( 60, 10)   vdiff=  5.5198E-06 ( 59, 14)
n=  4304   udiff=  3.7449E-06 ( 61, 11)   vdiff=  5.3977E-06 ( 56, 11)
n=  4305   udiff=  2.7453E-06 ( 54, 13)   vdiff=  4.8316E-06 ( 54, 17)
n=  4306   udiff=  2.9876E-06 ( 62, 10)   vdiff=  4.7326E-06 ( 61, 13)
n=  4307   udiff=  2.8327E-06 ( 61, 11)   vdiff=  5.1346E-06 ( 61, 11)
n=  4308   udiff=  4.3706E-06 ( 56, 16)   vdiff=  5.4022E-06 ( 59, 13)
n=  4309   udiff=  3.1703E-06 ( 61, 10)   vdiff=  6.1666E-06 ( 60, 13)
n=  4310   udiff=  2.8357E-06 ( 59, 16)   vdiff=  6.3326E-06 ( 59, 17)
n=  4311   udiff=  2.7467E-06 ( 59,  8)   vdiff=  5.0880E-06 ( 58,  9)
n=  4312   udiff=  3.5838E-06 ( 61, 10)   vdiff=  5.6402E-06 ( 59, 13)
n=  4313   udiff=  3.3498E-06 ( 57, 15)   vdiff=  5.5833E-06 ( 56, 16)
n=  4314   udiff=  2.9775E-06 ( 60, 14)   vdiff=  5.4845E-06 ( 61, 10)
n=  4315   udiff=  2.8162E-06 ( 59, 14)   vdiff=  5.6639E-06 ( 59, 10)
n=  4316   udiff=  3.8763E-06 ( 61, 10)   vdiff=  5.1840E-06 ( 61, 11)
n=  4317   udiff=  3.4310E-06 ( 57, 11)   vdiff=  7.3855E-06 ( 56, 10)
n=  4318   udiff=  3.8363E-06 ( 60, 12)   vdiff=  5.4981E-06 ( 59, 13)
n=  4319   udiff=  3.1265E-06 ( 61, 11)   vdiff=  5.3252E-06 ( 61, 11)
n=  4320   udiff=  3.2976E-06 ( 60, 14)   vdiff=  5.0939E-06 ( 61, 10)
n=  4321   udiff=  3.8046E-06 ( 58,  9)   vdiff=  6.2950E-06 ( 58, 10)
n=  4322   udiff=  3.6422E-06 ( 56, 10)   vdiff=  6.2345E-06 ( 57, 14)
n=  4323   udiff=  3.5225E-06 ( 60, 10)   vdiff=  5.0691E-06 ( 56, 15)
n=  4324   udiff=  3.7316E-06 ( 61, 13)   vdiff=  4.1623E-06 ( 60, 14)
n=  4325   udiff=  2.6496E-06 ( 54, 13)   vdiff=  4.5321E-06 ( 58, 13)
n=  4326   udiff=  2.9999E-06 ( 54, 13)   vdiff=  5.7536E-06 ( 60, 13)
n=  4327   udiff=  2.9507E-06 ( 61, 10)   vdiff=  4.8466E-06 ( 57, 16)
n=  4328   udiff=  3.4725E-06 ( 58, 14)   vdiff=  6.0581E-06 ( 56, 16)
n=  4329   udiff=  2.5777E-06 ( 58, 12)   vdiff=  5.5401E-06 ( 58, 14)
n=  4330   udiff=  3.2538E-06 ( 61, 13)   vdiff=  5.8444E-06 ( 57, 14)
n=  4331   udiff=  4.3508E-06 ( 56, 10)   vdiff=  6.6265E-06 ( 56, 11)
n=  4332   udiff=  3.3683E-06 ( 58, 13)   vdiff=  5.0883E-06 ( 58, 13)
n=  4333   udiff=  2.8566E-06 ( 54, 12)   vdiff=  5.7938E-06 ( 57, 15)
n=  4334   udiff=  3.2713E-06 ( 53, 14)   vdiff=  4.8399E-06 ( 54, 17)
n=  4335   udiff=  4.1109E-06 ( 58, 13)   vdiff=  5.5985E-06 ( 59, 14)
n=  4336   udiff=  3.9059E-06 ( 58, 13)   vdiff=  4.4814E-06 ( 60, 14)
n=  4337   udiff=  2.8707E-06 ( 58, 13)   vdiff=  4.9144E-06 ( 59, 12)
n=  4338   udiff=  4.1443E-06 ( 61,  9)   vdiff=  7.1071E-06 ( 60, 10)
n=  4339   udiff=  3.1409E-06 ( 58, 12)   vdiff=  4.4888E-06 ( 57, 16)
n=  4340   udiff=  2.8255E-06 ( 60, 13)   vdiff=  5.9251E-06 ( 57, 14)
n=  4341   udiff=  3.9658E-06 ( 54, 17)   vdiff=  5.7469E-06 ( 56, 16)
n=  4342   udiff=  4.0625E-06 ( 61, 12)   vdiff=  5.6568E-06 ( 60, 13)
n=  4343   udiff=  2.7264E-06 ( 61, 14)   vdiff=  5.8765E-06 ( 57, 15)
n=  4344   udiff=  3.4350E-06 ( 56, 11)   vdiff=  6.1217E-06 ( 55, 11)
n=  4345   udiff=  4.7822E-06 ( 58, 13)   vdiff=  4.4471E-06 ( 58, 13)
n=  4346   udiff=  3.1196E-06 ( 57, 13)   vdiff=  5.9666E-06 ( 57, 15)
n=  4347   udiff=  2.9692E-06 ( 59, 13)   vdiff=  5.4477E-06 ( 61, 10)
n=  4348   udiff=  2.9857E-06 ( 58, 16)   vdiff=  6.5680E-06 ( 59, 14)
n=  4349   udiff=  2.6991E-06 ( 54, 13)   vdiff=  5.5973E-06 ( 58,  9)
n=  4350   udiff=  3.2177E-06 ( 54, 13)   vdiff=  4.3745E-06 ( 54, 13)
n=  4351   udiff=  2.8554E-06 ( 53, 13)   vdiff=  4.5281E-06 ( 60, 11)
n=  4352   udiff=  3.9716E-06 ( 61, 12)   vdiff=  6.4454E-06 ( 60, 13)
n=  4353   udiff=  5.3808E-06 ( 58, 13)   vdiff=  5.1266E-06 ( 57, 16)
n=  4354   udiff=  4.6704E-06 ( 58, 13)   vdiff=  5.2838E-06 ( 61, 10)
n=  4355   udiff=  3.1073E-06 ( 58, 13)   vdiff=  6.3549E-06 ( 56, 16)
n=  4356   udiff=  3.6812E-06 ( 56, 11)   vdiff=  6.3647E-06 ( 55, 11)
n=  4357   udiff=  2.5025E-06 ( 57, 16)   vdiff=  5.7087E-06 ( 57, 16)
n=  4358   udiff=  3.1111E-06 ( 58, 16)   vdiff=  5.3938E-06 ( 58,  9)
n=  4359   udiff=  2.7545E-06 ( 58, 12)   vdiff=  4.8394E-06 ( 57, 13)
n=  4360   udiff=  3.0462E-06 ( 58, 14)   vdiff=  4.2722E-06 ( 57, 14)
n=  4361   udiff=  3.1120E-06 ( 60, 16)   vdiff=  5.5802E-06 ( 55, 18)
n=  4362   udiff=  2.5998E-06 ( 58, 13)   vdiff=  5.9240E-06 ( 57, 15)
n=  4363   udiff=  3.3867E-06 ( 60, 14)   vdiff=  6.4854E-06 ( 59, 14)
n=  4364   udiff=  3.1361E-06 ( 59, 12)   vdiff=  6.1853E-06 ( 58, 13)
n=  4365   udiff=  3.6619E-06 ( 57, 14)   vdiff=  5.9296E-06 ( 55, 11)
n=  4366   udiff=  2.9765E-06 ( 60, 16)   vdiff=  5.8166E-06 ( 61, 10)
n=  4367   udiff=  2.5162E-06 ( 54, 13)   vdiff=  5.5629E-06 ( 57, 15)
n=  4368   udiff=  3.2506E-06 ( 54, 13)   vdiff=  5.1743E-06 ( 58, 17)
n=  4369   udiff=  3.0171E-06 ( 55, 17)   vdiff=  5.3306E-06 ( 55, 18)
n=  4370   udiff=  3.5746E-06 ( 58, 14)   vdiff=  6.4467E-06 ( 58, 13)
n=  4371   udiff=  3.6307E-06 ( 61, 12)   vdiff=  6.8725E-06 ( 60, 13)
n=  4372   udiff=  3.2736E-06 ( 56, 11)   vdiff=  5.9495E-06 ( 55, 11)
n=  4373   udiff=  4.3228E-06 ( 58, 15)   vdiff=  6.3711E-06 ( 57, 15)
n=  4374   udiff=  2.6198E-06 ( 60, 16)   vdiff=  4.8068E-06 ( 57, 14)
n=  4375   udiff=  3.7896E-06 ( 56, 16)   vdiff=  6.4746E-06 ( 55, 17)
n=  4376   udiff=  3.6624E-06 ( 61, 13)   vdiff=  4.8053E-06 ( 53, 15)
n=  4377   udiff=  5.0016E-06 ( 58, 13)   vdiff=  4.6668E-06 ( 58, 14)
n=  4378   udiff=  3.5562E-06 ( 57, 14)   vdiff=  4.8784E-06 ( 57, 15)
n=  4379   udiff=  3.6010E-06 ( 54, 17)   vdiff=  5.2504E-06 ( 57, 16)
n=  4380   udiff=  3.7050E-06 ( 61, 13)   vdiff=  4.7676E-06 ( 58,  9)
n=  4381   udiff=  3.0282E-06 ( 59, 12)   vdiff=  5.2112E-06 ( 58, 13)
n=  4382   udiff=  3.9015E-06 ( 56, 16)   vdiff=  7.0421E-06 ( 55, 18)
n=  4383   udiff=  2.5346E-06 ( 58, 15)   vdiff=  5.4080E-06 ( 57, 15)
n=  4384   udiff=  3.7055E-06 ( 56, 11)   vdiff=  6.0362E-06 ( 56, 11)
n=  4385   udiff=  3.9992E-06 ( 59, 16)   vdiff=  5.5696E-06 ( 58, 16)
n=  4386   udiff=  3.8586E-06 ( 58,  9)   vdiff=  5.3962E-06 ( 58,  9)
n=  4387   udiff=  2.7439E-06 ( 56, 15)   vdiff=  4.5136E-06 ( 58, 17)
n=  4388   udiff=  3.5837E-06 ( 56, 17)   vdiff=  5.8658E-06 ( 55, 17)
n=  4389   udiff=  3.4290E-06 ( 56, 10)   vdiff=  6.4163E-06 ( 58, 13)
n=  4390   udiff=  4.0359E-06 ( 58, 14)   vdiff=  4.8683E-06 ( 56, 15)
n=  4391   udiff=  3.7049E-06 ( 53, 14)   vdiff=  5.5303E-06 ( 58, 16)
n=  4392   udiff=  3.0616E-06 ( 56, 16)   vdiff=  6.6892E-06 ( 55, 18)
n=  4393   udiff=  2.8158E-06 ( 57, 14)   vdiff=  4.7184E-06 ( 58, 14)
n=  4394   udiff=  3.4216E-06 ( 58, 14)   vdiff=  4.9927E-06 ( 56, 15)
n=  4395   udiff=  2.6889E-06 ( 57, 13)   vdiff=  4.4259E-06 ( 56, 15)
n=  4396   udiff=  2.7787E-06 ( 62, 12)   vdiff=  5.0519E-06 ( 58,  9)
n=  4397   udiff=  2.8220E-06 ( 56, 15)   vdiff=  4.1665E-06 ( 55, 15)
n=  4398   udiff=  2.5905E-06 ( 60, 16)   vdiff=  5.9924E-06 ( 58, 16)
n=  4399   udiff=  3.1510E-06 ( 58, 14)   vdiff=  5.1081E-06 ( 60, 14)
n=  4400   udiff=  3.3828E-06 ( 54, 13)   vdiff=  5.3345E-06 ( 57, 13)
n=  4401   udiff=  2.8547E-06 ( 59, 13)   vdiff=  5.2948E-06 ( 56, 18)
n=  4402   udiff=  2.6335E-06 ( 56, 18)   vdiff=  6.1055E-06 ( 55, 18)
n=  4403   udiff=  3.3926E-06 ( 59, 16)   vdiff=  4.7539E-06 ( 61, 13)
n=  4404   udiff=  4.0762E-06 ( 57, 14)   vdiff=  5.0729E-06 ( 57, 13)
n=  4405   udiff=  3.8750E-06 ( 54, 14)   vdiff=  6.3087E-06 ( 56, 11)
n=  4406   udiff=  3.5566E-06 ( 58, 14)   vdiff=  6.1680E-06 ( 60, 11)
n=  4407   udiff=  3.8874E-06 ( 58, 14)   vdiff=  4.8126E-06 ( 58,  9)
n=  4408   udiff=  5.3013E-06 ( 56, 17)   vdiff=  5.5832E-06 ( 55, 17)
n=  4409   udiff=  3.4418E-06 ( 57, 14)   vdiff=  6.1807E-06 ( 54, 12)
n=  4410   udiff=  3.7895E-06 ( 57, 14)   vdiff=  5.4735E-06 ( 61, 10)
n=  4411   udiff=  5.1124E-06 ( 60, 15)   vdiff=  7.8206E-06 ( 60, 16)
n=  4412   udiff=  2.9056E-06 ( 55, 14)   vdiff=  5.6921E-06 ( 54, 14)
n=  4413   udiff=  3.3549E-06 ( 58, 17)   vdiff=  4.8253E-06 ( 58, 16)
n=  4414   udiff=  3.3918E-06 ( 58,  8)   vdiff=  5.4266E-06 ( 55, 17)
n=  4415   udiff=  5.1142E-06 ( 57, 16)   vdiff=  6.1081E-06 ( 56, 17)
n=  4416   udiff=  3.2147E-06 ( 58, 15)   vdiff=  5.5297E-06 ( 54, 14)
n=  4417   udiff=  3.2308E-06 ( 57, 17)   vdiff=  4.9155E-06 ( 55, 15)
n=  4418   udiff=  2.9351E-06 ( 61,  9)   vdiff=  6.0064E-06 ( 55, 18)
n=  4419   udiff=  3.2417E-06 ( 57, 17)   vdiff=  4.2593E-06 ( 56, 18)
n=  4420   udiff=  3.0176E-06 ( 58, 15)   vdiff=  5.2678E-06 ( 57, 14)
n=  4421   udiff=  4.8984E-06 ( 56, 17)   vdiff=  6.2413E-06 ( 54, 14)
n=  4422   udiff=  2.9727E-06 ( 56, 17)   vdiff=  5.8964E-06 ( 54, 12)
n=  4423   udiff=  3.3420E-06 ( 58, 17)   vdiff=  5.2531E-06 ( 58, 17)
n=  4424   udiff=  3.1798E-06 ( 56, 15)   vdiff=  6.1570E-06 ( 57, 13)
n=  4425   udiff=  3.3106E-06 ( 58, 12)   vdiff=  6.2216E-06 ( 58, 13)
n=  4426   udiff=  3.9192E-06 ( 58, 16)   vdiff=  5.7203E-06 ( 57, 17)
n=  4427   udiff=  3.1423E-06 ( 58, 16)   vdiff=  5.0724E-06 ( 57, 15)
n=  4428   udiff=  3.4412E-06 ( 56, 16)   vdiff=  6.2976E-06 ( 56, 17)
n=  4429   udiff=  3.2663E-06 ( 57, 14)   vdiff=  5.4529E-06 ( 58, 17)
n=  4430   udiff=  4.4151E-06 ( 58, 14)   vdiff=  5.3316E-06 ( 59, 16)
n=  4431   udiff=  3.4540E-06 ( 59, 14)   vdiff=  5.1636E-06 ( 56, 15)
n=  4432   udiff=  5.0091E-06 ( 58, 16)   vdiff=  5.5430E-06 ( 54, 14)
n=  4433   udiff=  3.4482E-06 ( 58, 16)   vdiff=  5.5464E-06 ( 57, 14)
n=  4434   udiff=  3.3110E-06 ( 57, 18)   vdiff=  5.6809E-06 ( 57, 13)
n=  4435   udiff=  3.2640E-06 ( 58, 15)   vdiff=  6.1461E-06 ( 58, 13)
n=  4436   udiff=  3.5170E-06 ( 56, 17)   vdiff=  4.8283E-06 ( 60, 15)
n=  4437   udiff=  3.7946E-06 ( 57, 16)   vdiff=  6.4168E-06 ( 56, 17)
n=  4438   udiff=  3.5211E-06 ( 58,  9)   vdiff=  5.5272E-06 ( 57, 13)
n=  4439   udiff=  3.6350E-06 ( 56, 17)   vdiff=  5.1257E-06 ( 58, 11)
n=  4440   udiff=  3.3671E-06 ( 57, 17)   vdiff=  5.0859E-06 ( 55, 15)
n=  4441   udiff=  4.2143E-06 ( 54, 13)   vdiff=  6.1524E-06 ( 60, 15)
n=  4442   udiff=  4.3755E-06 ( 60, 14)   vdiff=  6.7049E-06 ( 58, 14)
n=  4443   udiff=  5.4551E-06 ( 57, 17)   vdiff=  5.5683E-06 ( 58, 11)
n=  4444   udiff=  3.6828E-06 ( 54, 14)   vdiff=  5.0877E-06 ( 54, 14)
n=  4445   udiff=  3.4202E-06 ( 56, 17)   vdiff=  4.4887E-06 ( 55, 15)
n=  4446   udiff=  4.0296E-06 ( 56, 17)   vdiff=  5.2104E-06 ( 61, 10)
n=  4447   udiff=  4.1679E-06 ( 57, 14)   vdiff=  5.1307E-06 ( 58, 11)
n=  4448   udiff=  2.9834E-06 ( 59, 14)   vdiff=  5.3640E-06 ( 55, 15)
n=  4449   udiff=  3.3579E-06 ( 57, 14)   vdiff=  5.7507E-06 ( 55, 18)
n=  4450   udiff=  4.4607E-06 ( 59, 13)   vdiff=  6.1348E-06 ( 59, 14)
n=  4451   udiff=  4.6143E-06 ( 57, 17)   vdiff=  4.4098E-06 ( 58, 16)
n=  4452   udiff=  3.5298E-06 ( 57, 18)   vdiff=  5.2554E-06 ( 54, 14)
n=  4453   udiff=  3.6281E-06 ( 61, 10)   vdiff=  6.1966E-06 ( 59, 11)
n=  4454   udiff=  3.4791E-06 ( 60, 10)   vdiff=  5.5589E-06 ( 60, 12)
n=  4455   udiff=  3.7870E-06 ( 54, 13)   vdiff=  5.1399E-06 ( 57, 14)
n=  4456   udiff=  5.1212E-06 ( 56, 17)   vdiff=  6.1569E-06 ( 59, 11)
n=  4457   udiff=  3.0391E-06 ( 60,  9)   vdiff=  6.2695E-06 ( 57, 18)
n=  4458   udiff=  2.9512E-06 ( 60, 10)   vdiff=  3.8697E-06 ( 54, 13)
n=  4459   udiff=  4.4413E-06 ( 59, 12)   vdiff=  7.3872E-06 ( 59, 14)
n=  4460   udiff=  3.9305E-06 ( 54, 14)   vdiff=  6.3801E-06 ( 58, 17)
n=  4461   udiff=  3.3409E-06 ( 61, 11)   vdiff=  5.5091E-06 ( 56, 18)
n=  4462   udiff=  4.0923E-06 ( 60,  9)   vdiff=  6.9711E-06 ( 56, 10)
n=  4463   udiff=  3.7965E-06 ( 58, 15)   vdiff=  5.7027E-06 ( 59, 14)
n=  4464   udiff=  3.3648E-06 ( 54, 14)   vdiff=  6.4746E-06 ( 57, 18)
n=  4465   udiff=  4.3681E-06 ( 60, 13)   vdiff=  5.5470E-06 ( 55, 15)
n=  4466   udiff=  3.7612E-06 ( 57, 14)   vdiff=  6.0299E-06 ( 56, 17)
n=  4467   udiff=  3.2853E-06 ( 57, 14)   vdiff=  7.3437E-06 ( 59, 14)
n=  4468   udiff=  4.5239E-06 ( 59, 10)   vdiff=  5.3655E-06 ( 58, 11)
n=  4469   udiff=  3.4417E-06 ( 59, 16)   vdiff=  4.5725E-06 ( 54, 14)
n=  4470   udiff=  3.2589E-06 ( 56, 17)   vdiff=  4.7212E-06 ( 54, 13)
n=  4471   udiff=  3.5443E-06 ( 56, 17)   vdiff=  7.5112E-06 ( 57, 17)
n=  4472   udiff=  3.3317E-06 ( 59, 11)   vdiff=  6.0526E-06 ( 59, 14)
n=  4473   udiff=  3.5381E-06 ( 54, 12)   vdiff=  4.7795E-06 ( 55, 11)
n=  4474   udiff=  3.0441E-06 ( 60, 11)   vdiff=  6.1337E-06 ( 60, 11)
n=  4475   udiff=  3.0338E-06 ( 57, 15)   vdiff=  5.5677E-06 ( 53, 14)
n=  4476   udiff=  4.3242E-06 ( 60, 14)   vdiff=  6.8548E-06 ( 56, 17)
n=  4477   udiff=  3.3423E-06 ( 60, 14)   vdiff=  4.9763E-06 ( 56, 13)
n=  4478   udiff=  3.3371E-06 ( 56, 17)   vdiff=  5.2317E-06 ( 58, 14)
n=  4479   udiff=  3.7472E-06 ( 54, 14)   vdiff=  6.1434E-06 ( 60, 11)
n=  4480   udiff=  3.5817E-06 ( 54, 14)   vdiff=  6.1503E-06 ( 57, 17)
n=  4481   udiff=  3.3311E-06 ( 59, 15)   vdiff=  6.2463E-06 ( 60, 16)
n=  4482   udiff=  4.5699E-06 ( 59, 10)   vdiff=  6.2945E-06 ( 59,  9)
n=  4483   udiff=  3.3067E-06 ( 56, 17)   vdiff=  5.4366E-06 ( 56, 18)
n=  4484   udiff=  4.2393E-06 ( 59, 13)   vdiff=  7.2259E-06 ( 58, 14)
n=  4485   udiff=  3.1395E-06 ( 59, 11)   vdiff=  4.9643E-06 ( 58, 11)
n=  4486   udiff=  3.4296E-06 ( 54, 15)   vdiff=  5.8866E-06 ( 56, 15)
n=  4487   udiff=  2.8889E-06 ( 59, 16)   vdiff=  4.9849E-06 ( 60, 11)
n=  4488   udiff=  3.4867E-06 ( 59, 11)   vdiff=  5.5796E-06 ( 59, 14)
n=  4489   udiff=  4.1791E-06 ( 54, 15)   vdiff=  6.5910E-06 ( 53, 14)
n=  4490   udiff=  3.0467E-06 ( 56, 17)   vdiff=  5.6843E-06 ( 54, 15)
n=  4491   udiff=  3.9273E-06 ( 60, 15)   vdiff=  4.7015E-06 ( 54, 13)
n=  4492   udiff=  3.5982E-06 ( 58, 15)   vdiff=  6.4779E-06 ( 58, 17)
n=  4493   udiff=  3.3683E-06 ( 54, 12)   vdiff=  5.8991E-06 ( 56, 15)
n=  4494   udiff=  3.6793E-06 ( 56, 17)   vdiff=  8.0335E-06 ( 59, 14)
n=  4495   udiff=  3.1637E-06 ( 58, 10)   vdiff=  6.2527E-06 ( 59, 11)
n=  4496   udiff=  3.8499E-06 ( 59,  9)   vdiff=  6.0521E-06 ( 59, 10)
n=  4497   udiff=  3.6941E-06 ( 57, 16)   vdiff=  7.2147E-06 ( 56, 17)
n=  4498   udiff=  3.9037E-06 ( 54, 14)   vdiff=  6.4651E-06 ( 59, 11)
n=  4499   udiff=  3.6472E-06 ( 58, 14)   vdiff=  6.7334E-06 ( 58, 14)
n=  4500   udiff=  3.6022E-06 ( 57,  9)   vdiff=  7.7646E-06 ( 58, 17)
n=  4501   udiff=  2.8631E-06 ( 60, 11)   vdiff=  6.5261E-06 ( 55, 18)
n=  4502   udiff=  3.4897E-06 ( 54, 13)   vdiff=  6.3317E-06 ( 59, 10)
n=  4503   udiff=  2.9253E-06 ( 60, 12)   vdiff=  4.1709E-06 ( 57, 18)
n=  4504   udiff=  4.0998E-06 ( 60, 10)   vdiff=  4.9287E-06 ( 58,  9)
n=  4505   udiff=  3.4753E-06 ( 57, 16)   vdiff=  5.8807E-06 ( 56, 18)
n=  4506   udiff=  3.3091E-06 ( 54, 14)   vdiff=  8.2975E-06 ( 59, 14)
n=  4507   udiff=  4.1868E-06 ( 54, 14)   vdiff=  5.4161E-06 ( 60, 11)
n=  4508   udiff=  4.0865E-06 ( 61, 12)   vdiff=  5.6902E-06 ( 56, 10)
n=  4509   udiff=  3.2593E-06 ( 54, 15)   vdiff=  5.5212E-06 ( 55, 18)
n=  4510   udiff=  4.1328E-06 ( 60, 13)   vdiff=  6.5213E-06 ( 60, 11)
n=  4511   udiff=  4.2658E-06 ( 60, 13)   vdiff=  4.7990E-06 ( 54, 15)
n=  4512   udiff=  3.5926E-06 ( 60, 15)   vdiff=  5.2364E-06 ( 60, 16)
n=  4513   udiff=  3.2027E-06 ( 59, 10)   vdiff=  6.4344E-06 ( 59, 11)
n=  4514   udiff=  3.4770E-06 ( 57,  9)   vdiff=  5.4501E-06 ( 56, 10)
n=  4515   udiff=  3.0685E-06 ( 58, 16)   vdiff=  4.9330E-06 ( 60, 13)
n=  4516   udiff=  3.4583E-06 ( 56, 13)   vdiff=  6.1558E-06 ( 55, 13)
n=  4517   udiff=  3.3940E-06 ( 56, 18)   vdiff=  5.6746E-06 ( 54, 15)
n=  4518   udiff=  4.0364E-06 ( 60, 10)   vdiff=  6.1286E-06 ( 61, 13)
n=  4519   udiff=  3.7076E-06 ( 61, 10)   vdiff=  5.3800E-06 ( 60, 16)
n=  4520   udiff=  3.8597E-06 ( 57, 17)   vdiff=  7.7679E-06 ( 59, 14)
n=  4521   udiff=  3.2332E-06 ( 60, 15)   vdiff=  7.0603E-06 ( 54, 15)
n=  4522   udiff=  3.5677E-06 ( 57, 10)   vdiff=  5.9167E-06 ( 59, 10)
n=  4523   udiff=  4.9228E-06 ( 58, 16)   vdiff=  5.5713E-06 ( 57, 17)
n=  4524   udiff=  3.1568E-06 ( 58, 16)   vdiff=  4.8229E-06 ( 58, 14)
n=  4525   udiff=  3.2911E-06 ( 59, 15)   vdiff=  5.6921E-06 ( 54, 13)
n=  4526   udiff=  3.9744E-06 ( 59, 15)   vdiff=  4.3322E-06 ( 57, 18)
n=  4527   udiff=  3.9716E-06 ( 59, 13)   vdiff=  6.4790E-06 ( 58, 14)
n=  4528   udiff=  4.6106E-06 ( 55, 13)   vdiff=  6.1435E-06 ( 56, 10)
n=  4529   udiff=  3.7970E-06 ( 61, 10)   vdiff=  7.0131E-06 ( 55, 18)
n=  4530   udiff=  3.6597E-06 ( 54, 15)   vdiff=  4.4927E-06 ( 60, 13)
n=  4531   udiff=  4.0602E-06 ( 55, 13)   vdiff=  5.8875E-06 ( 55, 13)
n=  4532   udiff=  4.4610E-06 ( 59, 13)   vdiff=  6.3406E-06 ( 59, 14)
n=  4533   udiff=  3.4068E-06 ( 55, 13)   vdiff=  6.1276E-06 ( 60, 11)
n=  4534   udiff=  2.8234E-06 ( 55, 13)   vdiff=  5.8644E-06 ( 59, 10)
n=  4535   udiff=  2.8521E-06 ( 58, 16)   vdiff=  5.1554E-06 ( 55, 17)
n=  4536   udiff=  4.4308E-06 ( 60, 14)   vdiff=  6.1782E-06 ( 60, 13)
n=  4537   udiff=  4.5174E-06 ( 58, 14)   vdiff=  5.2636E-06 ( 59, 17)
n=  4538   udiff=  3.6685E-06 ( 59, 15)   vdiff=  5.7221E-06 ( 55, 18)
n=  4539   udiff=  4.2420E-06 ( 55, 12)   vdiff=  5.8550E-06 ( 59, 11)
n=  4540   udiff=  3.7282E-06 ( 58, 15)   vdiff=  7.0558E-06 ( 54, 15)
n=  4541   udiff=  3.7155E-06 ( 58, 13)   vdiff=  5.5809E-06 ( 55, 16)
n=  4542   udiff=  3.5355E-06 ( 57,  9)   vdiff=  5.9607E-06 ( 59, 11)
n=  4543   udiff=  3.3139E-06 ( 59, 15)   vdiff=  4.2920E-06 ( 59, 14)
n=  4544   udiff=  2.9083E-06 ( 59, 15)   vdiff=  5.0213E-06 ( 57, 18)
n=  4545   udiff=  3.7094E-06 ( 55, 12)   vdiff=  5.6187E-06 ( 58, 14)
n=  4546   udiff=  3.9155E-06 ( 61, 12)   vdiff=  5.4332E-06 ( 61, 13)
n=  4547   udiff=  3.5404E-06 ( 57, 17)   vdiff=  5.2636E-06 ( 59, 11)
n=  4548   udiff=  3.6584E-06 ( 54, 15)   vdiff=  5.6197E-06 ( 59, 13)
n=  4549   udiff=  3.8844E-06 ( 58,  9)   vdiff=  5.5522E-06 ( 55, 18)
n=  4550   udiff=  3.1673E-06 ( 60, 17)   vdiff=  5.6934E-06 ( 59, 17)
n=  4551   udiff=  4.1802E-06 ( 58, 15)   vdiff=  5.9503E-06 ( 59, 11)
n=  4552   udiff=  3.2481E-06 ( 60, 10)   vdiff=  6.0450E-06 ( 55, 16)
n=  4553   udiff=  3.2067E-06 ( 60,  9)   vdiff=  5.7193E-06 ( 59, 10)
n=  4554   udiff=  3.5146E-06 ( 55, 12)   vdiff=  4.8736E-06 ( 55, 13)
n=  4555   udiff=  3.3182E-06 ( 59, 11)   vdiff=  5.3332E-06 ( 58,  9)
n=  4556   udiff=  3.6014E-06 ( 61, 12)   vdiff=  7.3040E-06 ( 59, 14)
n=  4557   udiff=  3.5108E-06 ( 60, 16)   vdiff=  5.0392E-06 ( 56, 18)
n=  4558   udiff=  3.6364E-06 ( 59, 10)   vdiff=  5.1458E-06 ( 55, 18)
n=  4559   udiff=  2.8043E-06 ( 56, 13)   vdiff=  4.8593E-06 ( 57, 18)
n=  4560   udiff=  4.1952E-06 ( 57,  9)   vdiff=  6.1108E-06 ( 56, 10)
n=  4561   udiff=  2.8214E-06 ( 59, 15)   vdiff=  4.8887E-06 ( 55, 17)
n=  4562   udiff=  3.2537E-06 ( 59, 11)   vdiff=  4.9407E-06 ( 53, 15)
n=  4563   udiff=  4.2523E-06 ( 55, 13)   vdiff=  7.1491E-06 ( 54, 15)
n=  4564   udiff=  3.1716E-06 ( 59,  9)   vdiff=  6.0810E-06 ( 59, 14)
n=  4565   udiff=  3.1037E-06 ( 59, 16)   vdiff=  6.6912E-06 ( 60, 11)
n=  4566   udiff=  3.1664E-06 ( 61, 12)   vdiff=  5.8331E-06 ( 61, 13)
n=  4567   udiff=  3.2711E-06 ( 60, 10)   vdiff=  4.9512E-06 ( 59, 17)
n=  4568   udiff=  3.9358E-06 ( 60, 10)   vdiff=  5.8488E-06 ( 55, 16)
n=  4569   udiff=  3.1657E-06 ( 56, 17)   vdiff=  6.6707E-06 ( 58, 14)
n=  4570   udiff=  2.8636E-06 ( 55, 11)   vdiff=  5.6450E-06 ( 57, 12)
n=  4571   udiff=  3.8215E-06 ( 58, 15)   vdiff=  6.4203E-06 ( 58, 17)
n=  4572   udiff=  3.8024E-06 ( 57, 17)   vdiff=  5.8918E-06 ( 54, 15)
n=  4573   udiff=  3.9480E-06 ( 55, 13)   vdiff=  5.5489E-06 ( 55, 13)
n=  4574   udiff=  3.2938E-06 ( 59, 11)   vdiff=  6.0012E-06 ( 60, 13)
n=  4575   udiff=  3.2443E-06 ( 60, 14)   vdiff=  5.5951E-06 ( 58, 14)
n=  4576   udiff=  3.5498E-06 ( 57, 17)   vdiff=  5.7886E-06 ( 56, 18)
n=  4577   udiff=  3.5085E-06 ( 54, 12)   vdiff=  5.5267E-06 ( 55, 13)
n=  4578   udiff=  2.6889E-06 ( 58, 10)   vdiff=  5.9651E-06 ( 59, 14)
n=  4579   udiff=  3.0051E-06 ( 60, 11)   vdiff=  6.7471E-06 ( 60, 11)
n=  4580   udiff=  4.1558E-06 ( 57, 17)   vdiff=  5.8647E-06 ( 56, 18)
n=  4581   udiff=  2.9577E-06 ( 58, 13)   vdiff=  5.7503E-06 ( 55, 16)
n=  4582   udiff=  3.5814E-06 ( 61, 12)   vdiff=  5.5223E-06 ( 55, 18)
n=  4583   udiff=  4.1957E-06 ( 55, 13)   vdiff=  6.7785E-06 ( 57, 14)
n=  4584   udiff=  3.3292E-06 ( 55, 13)   vdiff=  5.7995E-06 ( 56, 18)
n=  4585   udiff=  3.2611E-06 ( 60, 10)   vdiff=  6.4650E-06 ( 59, 11)
n=  4586   udiff=  3.2271E-06 ( 56, 14)   vdiff=  7.0562E-06 ( 55, 14)
n=  4587   udiff=  3.2137E-06 ( 56, 14)   vdiff=  4.3046E-06 ( 56, 14)
n=  4588   udiff=  4.0477E-06 ( 59, 17)   vdiff=  7.8647E-06 ( 58, 17)
n=  4589   udiff=  3.3107E-06 ( 62, 13)   vdiff=  6.0327E-06 ( 55, 16)
n=  4590   udiff=  3.9174E-06 ( 56, 17)   vdiff=  5.6266E-06 ( 56, 18)
n=  4591   udiff=  3.4714E-06 ( 55, 15)   vdiff=  5.6021E-06 ( 57, 15)
n=  4592   udiff=  3.4612E-06 ( 59, 11)   vdiff=  5.5534E-06 ( 55, 18)
n=  4593   udiff=  2.9003E-06 ( 59, 15)   vdiff=  4.5469E-06 ( 60, 11)
n=  4594   udiff=  4.8278E-06 ( 57, 14)   vdiff=  6.3067E-06 ( 54, 13)
n=  4595   udiff=  3.4657E-06 ( 57, 14)   vdiff=  6.1621E-06 ( 59, 11)
n=  4596   udiff=  2.6815E-06 ( 58, 16)   vdiff=  6.4052E-06 ( 59, 10)
n=  4597   udiff=  4.1528E-06 ( 55, 13)   vdiff=  6.8247E-06 ( 54, 15)
n=  4598   udiff=  3.1142E-06 ( 55, 13)   vdiff=  5.5088E-06 ( 55, 16)
n=  4599   udiff=  3.2381E-06 ( 59, 16)   vdiff=  6.6067E-06 ( 57, 14)
n=  4600   udiff=  3.3825E-06 ( 60, 11)   vdiff=  6.6677E-06 ( 59, 11)
n=  4601   udiff=  3.3975E-06 ( 58,  9)   vdiff=  6.7786E-06 ( 55, 14)
n=  4602   udiff=  3.6671E-06 ( 57, 14)   vdiff=  5.3472E-06 ( 59, 17)
n=  4603   udiff=  3.8178E-06 ( 60, 13)   vdiff=  5.9321E-06 ( 59, 11)
n=  4604   udiff=  4.7492E-06 ( 60, 13)   vdiff=  4.8101E-06 ( 59, 14)
n=  4605   udiff=  4.2466E-06 ( 60, 13)   vdiff=  6.6162E-06 ( 54, 13)
n=  4606   udiff=  3.2288E-06 ( 55, 15)   vdiff=  5.2017E-06 ( 55, 16)
n=  4607   udiff=  5.2589E-06 ( 55, 14)   vdiff=  7.1863E-06 ( 55, 14)
n=  4608   udiff=  4.4202E-06 ( 60, 13)   vdiff=  6.4782E-06 ( 59, 14)
n=  4609   udiff=  4.2374E-06 ( 60, 13)   vdiff=  4.9283E-06 ( 55, 18)
n=  4610   udiff=  3.1966E-06 ( 54, 12)   vdiff=  4.8168E-06 ( 59, 11)
n=  4611   udiff=  4.6341E-06 ( 60, 14)   vdiff=  5.1471E-06 ( 59, 14)
n=  4612   udiff=  3.7944E-06 ( 55, 13)   vdiff=  5.3803E-06 ( 55, 13)
n=  4613   udiff=  3.6148E-06 ( 60, 11)   vdiff=  6.9386E-06 ( 61, 13)
n=  4614   udiff=  3.6919E-06 ( 57, 18)   vdiff=  6.0637E-06 ( 59, 10)
n=  4615   udiff=  4.5977E-06 ( 60, 14)   vdiff=  6.1320E-06 ( 58, 12)
n=  4616   udiff=  3.1921E-06 ( 57, 10)   vdiff=  6.5599E-06 ( 54, 15)
n=  4617   udiff=  3.0291E-06 ( 58, 16)   vdiff=  5.1440E-06 ( 59, 17)
n=  4618   udiff=  4.1309E-06 ( 61, 13)   vdiff=  5.3780E-06 ( 61, 13)
n=  4619   udiff=  4.1522E-06 ( 60, 13)   vdiff=  6.6789E-06 ( 55, 14)
n=  4620   udiff=  4.2347E-06 ( 60, 13)   vdiff=  5.5141E-06 ( 56, 18)
n=  4621   udiff=  2.3754E-06 ( 55, 12)   vdiff=  4.8591E-06 ( 60, 11)
n=  4622   udiff=  3.5399E-06 ( 55, 17)   vdiff=  6.3162E-06 ( 59, 14)
n=  4623   udiff=  3.1841E-06 ( 55, 11)   vdiff=  6.5915E-06 ( 57, 14)
n=  4624   udiff=  3.3788E-06 ( 58,  9)   vdiff=  7.1375E-06 ( 54, 15)
n=  4625   udiff=  3.2407E-06 ( 54, 12)   vdiff=  6.2297E-06 ( 60, 11)
n=  4626   udiff=  2.7480E-06 ( 57, 18)   vdiff=  6.6721E-06 ( 55, 14)
n=  4627   udiff=  3.9723E-06 ( 57, 13)   vdiff=  5.2675E-06 ( 53, 15)
n=  4628   udiff=  2.7976E-06 ( 57, 13)   vdiff=  6.2157E-06 ( 60, 13)
n=  4629   udiff=  3.6818E-06 ( 61, 10)   vdiff=  7.1283E-06 ( 54, 15)
n=  4630   udiff=  3.2862E-06 ( 60, 10)   vdiff=  6.3935E-06 ( 56, 10)
n=  4631   udiff=  4.7029E-06 ( 60, 14)   vdiff=  6.0998E-06 ( 57, 15)
n=  4632   udiff=  3.3899E-06 ( 54, 14)   vdiff=  6.5513E-06 ( 54, 13)
n=  4633   udiff=  3.8114E-06 ( 61, 12)   vdiff=  6.0344E-06 ( 60, 13)
n=  4634   udiff=  3.8813E-06 ( 56, 13)   vdiff=  5.6944E-06 ( 58, 14)
n=  4635   udiff=  4.4559E-06 ( 60, 14)   vdiff=  5.2212E-06 ( 60, 14)
n=  4636   udiff=  3.7171E-06 ( 61, 10)   vdiff=  5.6093E-06 ( 57, 14)
n=  4637   udiff=  3.5831E-06 ( 61, 10)   vdiff=  6.9558E-06 ( 53, 14)
n=  4638   udiff=  3.3155E-06 ( 60,  9)   vdiff=  7.1634E-06 ( 54, 15)
n=  4639   udiff=  3.0752E-06 ( 60, 11)   vdiff=  6.9227E-06 ( 60, 11)
n=  4640   udiff=  3.3433E-06 ( 55, 11)   vdiff=  5.6338E-06 ( 55, 16)
n=  4641   udiff=  2.8272E-06 ( 54, 12)   vdiff=  3.7913E-06 ( 59, 14)
n=  4642   udiff=  2.7028E-06 ( 61, 12)   vdiff=  6.4433E-06 ( 60, 13)
n=  4643   udiff=  4.0974E-06 ( 57, 13)   vdiff=  6.8932E-06 ( 60, 11)
n=  4644   udiff=  3.6622E-06 ( 58, 17)   vdiff=  7.8620E-06 ( 58, 17)
n=  4645   udiff=  3.9518E-06 ( 57, 17)   vdiff=  5.7166E-06 ( 58, 12)
n=  4646   udiff=  3.7596E-06 ( 58, 15)   vdiff=  6.0334E-06 ( 55, 14)
n=  4647   udiff=  3.0671E-06 ( 61, 10)   vdiff=  5.4018E-06 ( 55, 18)
n=  4648   udiff=  2.7902E-06 ( 61, 13)   vdiff=  7.1411E-06 ( 54, 13)
n=  4649   udiff=  3.9636E-06 ( 60,  9)   vdiff=  6.4531E-06 ( 60, 11)
n=  4650   udiff=  4.9526E-06 ( 57, 13)   vdiff=  6.3807E-06 ( 57, 14)
n=  4651   udiff=  4.2391E-06 ( 54, 13)   vdiff=  6.9273E-06 ( 53, 14)
n=  4652   udiff=  4.5400E-06 ( 55, 13)   vdiff=  5.5303E-06 ( 59, 11)
n=  4653   udiff=  4.1608E-06 ( 57, 17)   vdiff=  6.0873E-06 ( 56, 18)
n=  4654   udiff=  3.9772E-06 ( 59,  9)   vdiff=  6.5386E-06 ( 59, 10)
n=  4655   udiff=  4.1720E-06 ( 56, 13)   vdiff=  6.2512E-06 ( 59, 11)
n=  4656   udiff=  3.0276E-06 ( 55, 14)   vdiff=  5.6709E-06 ( 54, 14)
n=  4657   udiff=  3.2427E-06 ( 60, 12)   vdiff=  4.6304E-06 ( 59, 17)
n=  4658   udiff=  3.6755E-06 ( 57, 13)   vdiff=  6.4685E-06 ( 59, 14)
n=  4659   udiff=  3.4437E-06 ( 57,  9)   vdiff=  6.8672E-06 ( 54, 13)
n=  4660   udiff=  4.4021E-06 ( 60, 13)   vdiff=  7.3711E-06 ( 59, 10)
n=  4661   udiff=  4.5414E-06 ( 56, 16)   vdiff=  5.2447E-06 ( 56, 13)
n=  4662   udiff=  2.7784E-06 ( 58, 14)   vdiff=  5.6510E-06 ( 57, 14)
n=  4663   udiff=  4.1956E-06 ( 57, 17)   vdiff=  6.5765E-06 ( 54, 13)
n=  4664   udiff=  2.6546E-06 ( 55, 11)   vdiff=  5.2697E-06 ( 58,  9)
n=  4665   udiff=  4.1703E-06 ( 56, 13)   vdiff=  6.1038E-06 ( 60, 11)
n=  4666   udiff=  4.1881E-06 ( 56, 13)   vdiff=  5.6771E-06 ( 57, 15)
n=  4667   udiff=  2.6462E-06 ( 58, 10)   vdiff=  3.8490E-06 ( 60, 13)
n=  4668   udiff=  4.0675E-06 ( 60, 12)   vdiff=  5.5208E-06 ( 59, 14)
n=  4669   udiff=  4.2942E-06 ( 55, 13)   vdiff=  5.8901E-06 ( 58, 12)
n=  4670   udiff=  3.8481E-06 ( 55, 13)   vdiff=  6.4800E-06 ( 60, 13)
n=  4671   udiff=  3.1869E-06 ( 60, 11)   vdiff=  4.9997E-06 ( 60, 11)
n=  4672   udiff=  3.8277E-06 ( 56, 14)   vdiff=  6.7484E-06 ( 59, 14)
n=  4673   udiff=  2.7734E-06 ( 61, 10)   vdiff=  4.1661E-06 ( 60, 13)
n=  4674   udiff=  3.6082E-06 ( 61, 13)   vdiff=  5.8790E-06 ( 59, 11)
n=  4675   udiff=  4.5192E-06 ( 60, 13)   vdiff=  5.4549E-06 ( 54, 13)
n=  4676   udiff=  3.4858E-06 ( 55, 14)   vdiff=  7.1804E-06 ( 54, 15)
n=  4677   udiff=  3.8274E-06 ( 61, 13)   vdiff=  6.6351E-06 ( 53, 14)
n=  4678   udiff=  3.5950E-06 ( 60, 14)   vdiff=  6.2152E-06 ( 56, 14)
n=  4679   udiff=  2.9900E-06 ( 61, 10)   vdiff=  4.9431E-06 ( 56, 18)
n=  4680   udiff=  2.7999E-06 ( 59, 10)   vdiff=  5.4632E-06 ( 60, 13)
n=  4681   udiff=  3.1409E-06 ( 60, 13)   vdiff=  5.7340E-06 ( 56, 10)
n=  4682   udiff=  4.4652E-06 ( 60, 13)   vdiff=  5.4441E-06 ( 58, 12)
n=  4683   udiff=  4.4838E-06 ( 60, 13)   vdiff=  5.6232E-06 ( 54, 14)
n=  4684   udiff=  4.3894E-06 ( 60, 13)   vdiff=  5.6330E-06 ( 56, 13)
n=  4685   udiff=  3.1028E-06 ( 60, 14)   vdiff=  6.9030E-06 ( 59,  9)
n=  4686   udiff=  4.6761E-06 ( 60, 14)   vdiff=  6.2266E-06 ( 60, 14)
n=  4687   udiff=  4.0981E-06 ( 58, 17)   vdiff=  6.2021E-06 ( 58, 17)
n=  4688   udiff=  3.5662E-06 ( 59, 11)   vdiff=  6.0618E-06 ( 56, 14)
n=  4689   udiff=  3.0073E-06 ( 61, 10)   vdiff=  5.7279E-06 ( 60, 14)
n=  4690   udiff=  3.8734E-06 ( 61, 10)   vdiff=  6.5083E-06 ( 56, 18)
n=  4691   udiff=  3.2769E-06 ( 61, 10)   vdiff=  4.4489E-06 ( 57, 18)
n=  4692   udiff=  3.7374E-06 ( 61, 10)   vdiff=  6.8379E-06 ( 54, 13)
n=  4693   udiff=  4.2919E-06 ( 61, 13)   vdiff=  5.3012E-06 ( 61, 13)
n=  4694   udiff=  4.6531E-06 ( 55, 16)   vdiff=  6.0996E-06 ( 55, 18)
n=  4695   udiff=  3.6007E-06 ( 54, 13)   vdiff=  6.4046E-06 ( 53, 14)
n=  4696   udiff=  3.6995E-06 ( 59, 11)   vdiff=  5.3784E-06 ( 56, 13)
n=  4697   udiff=  3.6706E-06 ( 56, 13)   vdiff=  5.6919E-06 ( 57, 14)
n=  4698   udiff=  3.4668E-06 ( 60, 10)   vdiff=  5.9061E-06 ( 59, 10)
n=  4699   udiff=  4.3127E-06 ( 56, 13)   vdiff=  5.9563E-06 ( 58, 12)
n=  4700   udiff=  5.0933E-06 ( 56, 13)   vdiff=  5.0057E-06 ( 56, 13)
n=  4701   udiff=  2.9987E-06 ( 60, 14)   vdiff=  5.2679E-06 ( 54, 13)
n=  4702   udiff=  2.7871E-06 ( 56, 14)   vdiff=  5.7245E-06 ( 54, 15)
n=  4703   udiff=  3.4364E-06 ( 58, 15)   vdiff=  7.1446E-06 ( 57, 14)
n=  4704   udiff=  4.5318E-06 ( 58, 16)   vdiff=  6.8451E-06 ( 59, 10)
n=  4705   udiff=  3.1784E-06 ( 56, 14)   vdiff=  5.2698E-06 ( 55, 14)
n=  4706   udiff=  3.5006E-06 ( 61, 12)   vdiff=  6.0407E-06 ( 59, 14)
n=  4707   udiff=  3.4516E-06 ( 59, 11)   vdiff=  6.7860E-06 ( 55, 18)
n=  4708   udiff=  2.7655E-06 ( 55, 14)   vdiff=  4.7280E-06 ( 60, 13)
n=  4709   udiff=  3.3113E-06 ( 60, 16)   vdiff=  4.9048E-06 ( 59, 17)
n=  4710   udiff=  4.2342E-06 ( 56, 13)   vdiff=  6.2534E-06 ( 54, 13)
n=  4711   udiff=  3.3611E-06 ( 57, 12)   vdiff=  6.4286E-06 ( 59, 11)
n=  4712   udiff=  3.9995E-06 ( 59,  9)   vdiff=  5.9596E-06 ( 59, 10)
n=  4713   udiff=  3.3853E-06 ( 61, 13)   vdiff=  5.2173E-06 ( 61, 13)
n=  4714   udiff=  3.2733E-06 ( 61, 13)   vdiff=  6.3814E-06 ( 60, 11)
n=  4715   udiff=  3.2714E-06 ( 58, 16)   vdiff=  4.7373E-06 ( 54, 14)
n=  4716   udiff=  2.3448E-06 ( 58, 16)   vdiff=  5.1514E-06 ( 60, 13)
n=  4717   udiff=  3.7097E-06 ( 56, 14)   vdiff=  6.5755E-06 ( 56, 14)
n=  4718   udiff=  3.2041E-06 ( 60, 12)   vdiff=  5.9800E-06 ( 59, 14)
n=  4719   udiff=  3.2689E-06 ( 58, 16)   vdiff=  4.6401E-06 ( 57, 17)
n=  4720   udiff=  3.4604E-06 ( 56, 14)   vdiff=  7.6266E-06 ( 59, 10)
n=  4721   udiff=  2.9830E-06 ( 60, 11)   vdiff=  6.2960E-06 ( 60, 11)
n=  4722   udiff=  3.5143E-06 ( 56, 13)   vdiff=  6.0741E-06 ( 54, 13)
n=  4723   udiff=  4.0318E-06 ( 58, 16)   vdiff=  5.4272E-06 ( 57, 17)
n=  4724   udiff=  3.6522E-06 ( 61, 13)   vdiff=  4.9361E-06 ( 61, 13)
n=  4725   udiff=  2.6827E-06 ( 55, 13)   vdiff=  6.3228E-06 ( 59, 11)
n=  4726   udiff=  4.7625E-06 ( 55, 13)   vdiff=  5.7321E-06 ( 59, 14)
n=  4727   udiff=  3.7439E-06 ( 61, 13)   vdiff=  5.6463E-06 ( 61, 13)
n=  4728   udiff=  3.9431E-06 ( 61, 10)   vdiff=  4.6001E-06 ( 55, 16)
n=  4729   udiff=  4.6378E-06 ( 55, 12)   vdiff=  5.5022E-06 ( 58, 12)
n=  4730   udiff=  3.2716E-06 ( 55, 12)   vdiff=  6.2549E-06 ( 59, 10)
n=  4731   udiff=  4.4182E-06 ( 60, 13)   vdiff=  7.5760E-06 ( 57, 14)
n=  4732   udiff=  3.8492E-06 ( 60, 13)   vdiff=  5.7414E-06 ( 55, 18)
n=  4733   udiff=  4.0234E-06 ( 58, 16)   vdiff=  5.2027E-06 ( 57, 17)
n=  4734   udiff=  3.6773E-06 ( 61, 12)   vdiff=  6.3853E-06 ( 56, 14)
n=  4735   udiff=  3.1672E-06 ( 61, 10)   vdiff=  5.2910E-06 ( 57, 12)
n=  4736   udiff=  3.5123E-06 ( 60,  9)   vdiff=  6.4106E-06 ( 59, 10)
n=  4737   udiff=  4.5531E-06 ( 60, 14)   vdiff=  5.9776E-06 ( 60, 13)
n=  4738   udiff=  3.1164E-06 ( 60, 14)   vdiff=  5.5328E-06 ( 55, 17)
n=  4739   udiff=  3.0020E-06 ( 55, 14)   vdiff=  6.2115E-06 ( 55, 14)
n=  4740   udiff=  3.4740E-06 ( 60, 13)   vdiff=  5.4576E-06 ( 61, 13)
n=  4741   udiff=  3.7311E-06 ( 58,  9)   vdiff=  4.9161E-06 ( 58,  9)
n=  4742   udiff=  4.2398E-06 ( 55, 13)   vdiff=  5.9838E-06 ( 58, 12)
n=  4743   udiff=  3.9539E-06 ( 55, 13)   vdiff=  4.9165E-06 ( 60, 11)
n=  4744   udiff=  4.1458E-06 ( 59, 10)   vdiff=  5.0170E-06 ( 55, 14)
n=  4745   udiff=  4.3427E-06 ( 60, 14)   vdiff=  5.7007E-06 ( 60, 14)
n=  4746   udiff=  2.7847E-06 ( 60, 14)   vdiff=  4.7231E-06 ( 55, 17)
n=  4747   udiff=  3.1583E-06 ( 60, 13)   vdiff=  4.9522E-06 ( 61, 13)
n=  4748   udiff=  4.7667E-06 ( 60, 13)   vdiff=  6.4975E-06 ( 56, 14)
n=  4749   udiff=  2.8705E-06 ( 58, 10)   vdiff=  5.2138E-06 ( 54, 12)
n=  4750   udiff=  3.6337E-06 ( 60, 10)   vdiff=  5.9784E-06 ( 60, 13)
n=  4751   udiff=  3.5600E-06 ( 61, 10)   vdiff=  5.2376E-06 ( 54, 13)
n=  4752   udiff=  2.6742E-06 ( 58, 14)   vdiff=  5.5824E-06 ( 54, 16)
n=  4753   udiff=  4.4585E-06 ( 61, 12)   vdiff=  6.8602E-06 ( 55, 14)
n=  4754   udiff=  3.1215E-06 ( 60, 14)   vdiff=  5.2491E-06 ( 57, 12)
n=  4755   udiff=  3.4125E-06 ( 60, 16)   vdiff=  6.5822E-06 ( 54, 13)
n=  4756   udiff=  3.6659E-06 ( 60, 13)   vdiff=  5.4400E-06 ( 61, 13)
n=  4757   udiff=  3.3870E-06 ( 56, 14)   vdiff=  6.6133E-06 ( 56, 14)
n=  4758   udiff=  2.8837E-06 ( 58, 16)   vdiff=  5.0394E-06 ( 60, 11)
n=  4759   udiff=  3.0720E-06 ( 59, 10)   vdiff=  6.6870E-06 ( 60, 13)
n=  4760   udiff=  2.9992E-06 ( 57, 18)   vdiff=  5.2602E-06 ( 55, 18)
n=  4761   udiff=  4.5203E-06 ( 60, 14)   vdiff=  6.1993E-06 ( 59, 10)
n=  4762   udiff=  3.5108E-06 ( 59, 11)   vdiff=  5.9832E-06 ( 56, 14)
n=  4763   udiff=  3.8588E-06 ( 61, 13)   vdiff=  6.0944E-06 ( 57, 14)
n=  4764   udiff=  3.2736E-06 ( 58, 17)   vdiff=  5.3033E-06 ( 58, 12)
n=  4765   udiff=  4.1275E-06 ( 60, 14)   vdiff=  5.7557E-06 ( 60, 14)
n=  4766   udiff=  3.7129E-06 ( 56, 12)   vdiff=  6.3507E-06 ( 59, 11)
n=  4767   udiff=  3.2687E-06 ( 60, 13)   vdiff=  5.9029E-06 ( 59, 10)
n=  4768   udiff=  4.1782E-06 ( 55, 16)   vdiff=  5.8975E-06 ( 55, 14)
n=  4769   udiff=  3.4543E-06 ( 55, 11)   vdiff=  5.8340E-06 ( 54, 12)
n=  4770   udiff=  3.6901E-06 ( 56, 13)   vdiff=  5.8391E-06 ( 58, 12)
n=  4771   udiff=  2.6891E-06 ( 56, 13)   vdiff=  5.5281E-06 ( 55, 18)
n=  4772   udiff=  2.6755E-06 ( 60, 14)   vdiff=  3.8039E-06 ( 61, 11)
n=  4773   udiff=  3.1679E-06 ( 61, 12)   vdiff=  5.8516E-06 ( 60, 13)
n=  4774   udiff=  3.6271E-06 ( 59, 11)   vdiff=  5.5974E-06 ( 59, 10)
n=  4775   udiff=  3.2521E-06 ( 56, 14)   vdiff=  5.7430E-06 ( 56, 14)
n=  4776   udiff=  3.8744E-06 ( 61, 12)   vdiff=  6.3815E-06 ( 59, 11)
n=  4777   udiff=  3.9722E-06 ( 58, 17)   vdiff=  7.3357E-06 ( 58, 17)
n=  4778   udiff=  3.0973E-06 ( 57,  9)   vdiff=  6.0881E-06 ( 56, 10)
n=  4779   udiff=  4.0627E-06 ( 61, 12)   vdiff=  5.6956E-06 ( 55, 16)
n=  4780   udiff=  3.6582E-06 ( 59, 12)   vdiff=  5.9347E-06 ( 58, 11)
n=  4781   udiff=  4.5832E-06 ( 60, 13)   vdiff=  4.9459E-06 ( 57, 12)
n=  4782   udiff=  4.8795E-06 ( 60, 16)   vdiff=  6.2337E-06 ( 59, 10)
n=  4783   udiff=  3.6415E-06 ( 56, 14)   vdiff=  7.5227E-06 ( 56, 14)
n=  4784   udiff=  3.4471E-06 ( 59, 11)   vdiff=  4.4079E-06 ( 58, 12)
n=  4785   udiff=  2.8299E-06 ( 57, 14)   vdiff=  6.7147E-06 ( 57, 14)
n=  4786   udiff=  4.2501E-06 ( 60, 10)   vdiff=  6.1523E-06 ( 59, 11)
n=  4787   udiff=  3.3237E-06 ( 58, 16)   vdiff=  5.7950E-06 ( 55, 13)
n=  4788   udiff=  2.8665E-06 ( 58, 16)   vdiff=  4.8793E-06 ( 55, 13)
n=  4789   udiff=  4.0275E-06 ( 55, 10)   vdiff=  5.7478E-06 ( 55, 16)
n=  4790   udiff=  4.6481E-06 ( 60, 13)   vdiff=  6.3512E-06 ( 59, 11)
n=  4791   udiff=  4.1904E-06 ( 60, 13)   vdiff=  5.8071E-06 ( 59, 10)
n=  4792   udiff=  2.8790E-06 ( 60, 10)   vdiff=  4.9959E-06 ( 58,  9)
n=  4793   udiff=  3.6719E-06 ( 56, 14)   vdiff=  6.7615E-06 ( 56, 14)
n=  4794   udiff=  3.4447E-06 ( 61, 10)   vdiff=  5.1771E-06 ( 58, 12)
n=  4795   udiff=  2.8128E-06 ( 58, 12)   vdiff=  4.7086E-06 ( 57, 12)
n=  4796   udiff=  3.9408E-06 ( 61, 12)   vdiff=  6.4490E-06 ( 58, 17)
n=  4797   udiff=  2.9380E-06 ( 60, 12)   vdiff=  5.9530E-06 ( 55, 13)
n=  4798   udiff=  3.0117E-06 ( 60, 12)   vdiff=  5.8213E-06 ( 59, 14)
n=  4799   udiff=  4.0512E-06 ( 61, 10)   vdiff=  5.9385E-06 ( 60, 16)
n=  4800   udiff=  3.2333E-06 ( 57,  9)   vdiff=  6.1609E-06 ( 59, 10)
n=  4801   udiff=  3.5754E-06 ( 60, 13)   vdiff=  6.0109E-06 ( 59, 11)
n=  4802   udiff=  4.6446E-06 ( 60, 13)   vdiff=  5.3452E-06 ( 56, 16)
n=  4803   udiff=  4.5585E-06 ( 56, 16)   vdiff=  6.3223E-06 ( 56, 14)
n=  4804   udiff=  3.3512E-06 ( 61, 14)   vdiff=  5.5085E-06 ( 61, 13)
n=  4805   udiff=  3.0078E-06 ( 60, 17)   vdiff=  5.0360E-06 ( 59, 17)
n=  4806   udiff=  4.4593E-06 ( 60, 13)   vdiff=  5.0783E-06 ( 58, 12)
n=  4807   udiff=  4.8847E-06 ( 60, 13)   vdiff=  4.9816E-06 ( 60, 11)
n=  4808   udiff=  3.6998E-06 ( 60, 13)   vdiff=  5.7671E-06 ( 59, 10)
n=  4809   udiff=  3.6805E-06 ( 56, 13)   vdiff=  6.5026E-06 ( 60, 11)
n=  4810   udiff=  4.4621E-06 ( 60, 14)   vdiff=  5.6973E-06 ( 56, 10)
n=  4811   udiff=  2.8955E-06 ( 60, 14)   vdiff=  5.2875E-06 ( 57, 12)
n=  4812   udiff=  3.5929E-06 ( 56, 14)   vdiff=  7.4105E-06 ( 56, 14)
n=  4813   udiff=  2.7052E-06 ( 58, 10)   vdiff=  4.8850E-06 ( 55, 11)
n=  4814   udiff=  3.7739E-06 ( 59, 11)   vdiff=  5.7785E-06 ( 56, 16)
n=  4815   udiff=  3.7890E-06 ( 60, 10)   vdiff=  5.4895E-06 ( 60, 11)
n=  4816   udiff=  3.0144E-06 ( 60, 17)   vdiff=  4.9386E-06 ( 59, 17)
n=  4817   udiff=  3.5499E-06 ( 61, 12)   vdiff=  4.8801E-06 ( 61, 13)
n=  4818   udiff=  3.7262E-06 ( 59, 12)   vdiff=  5.8772E-06 ( 59, 11)
n=  4819   udiff=  3.6572E-06 ( 57, 12)   vdiff=  5.7222E-06 ( 57, 12)
n=  4820   udiff=  2.9166E-06 ( 58, 18)   vdiff=  6.4176E-06 ( 59, 10)
n=  4821   udiff=  3.8253E-06 ( 60, 13)   vdiff=  6.7972E-06 ( 56, 14)
n=  4822   udiff=  4.7690E-06 ( 60, 13)   vdiff=  4.1958E-06 ( 55, 13)
n=  4823   udiff=  3.1932E-06 ( 59, 16)   vdiff=  5.4494E-06 ( 57, 17)
n=  4824   udiff=  3.4042E-06 ( 57,  9)   vdiff=  5.9110E-06 ( 56, 16)
n=  4825   udiff=  3.6079E-06 ( 56, 13)   vdiff=  4.7199E-06 ( 56, 13)
n=  4826   udiff=  3.6186E-06 ( 59, 10)   vdiff=  5.2680E-06 ( 58, 11)
n=  4827   udiff=  3.3755E-06 ( 56, 13)   vdiff=  5.3508E-06 ( 59, 14)
n=  4828   udiff=  3.7888E-06 ( 55, 13)   vdiff=  5.1036E-06 ( 60, 11)
n=  4829   udiff=  4.8576E-06 ( 55, 13)   vdiff=  5.5594E-06 ( 58, 11)
n=  4830   udiff=  4.2450E-06 ( 55, 13)   vdiff=  5.3503E-06 ( 56, 10)
n=  4831   udiff=  2.9665E-06 ( 61, 12)   vdiff=  5.2225E-06 ( 60, 13)
n=  4832   udiff=  3.5000E-06 ( 56, 12)   vdiff=  6.8606E-06 ( 56, 14)
n=  4833   udiff=  2.9236E-06 ( 60, 12)   vdiff=  5.5290E-06 ( 59, 14)
n=  4834   udiff=  4.0616E-06 ( 58, 16)   vdiff=  5.6799E-06 ( 59, 13)
n=  4835   udiff=  3.1005E-06 ( 56, 18)   vdiff=  6.9182E-06 ( 55, 17)
n=  4836   udiff=  3.1588E-06 ( 56, 12)   vdiff=  4.5309E-06 ( 56, 13)
n=  4837   udiff=  4.1018E-06 ( 59, 12)   vdiff=  6.1859E-06 ( 56, 10)
n=  4838   udiff=  3.4662E-06 ( 57, 12)   vdiff=  5.3978E-06 ( 57, 12)
n=  4839   udiff=  3.5758E-06 ( 61, 10)   vdiff=  5.9608E-06 ( 58, 17)
n=  4840   udiff=  3.2248E-06 ( 61, 10)   vdiff=  5.0750E-06 ( 55, 11)
n=  4841   udiff=  2.4554E-06 ( 60, 16)   vdiff=  5.5064E-06 ( 60, 16)
n=  4842   udiff=  3.3407E-06 ( 56, 12)   vdiff=  6.3276E-06 ( 56, 14)
n=  4843   udiff=  4.5353E-06 ( 60, 10)   vdiff=  5.5926E-06 ( 54, 14)
n=  4844   udiff=  3.1721E-06 ( 57, 10)   vdiff=  5.6681E-06 ( 60, 14)
n=  4845   udiff=  4.9441E-06 ( 56, 16)   vdiff=  6.2778E-06 ( 55, 18)
n=  4846   udiff=  3.3888E-06 ( 59, 13)   vdiff=  5.0700E-06 ( 57, 17)
n=  4847   udiff=  3.8001E-06 ( 59, 11)   vdiff=  4.9809E-06 ( 59, 11)
n=  4848   udiff=  3.2506E-06 ( 56, 13)   vdiff=  6.3169E-06 ( 59, 10)
n=  4849   udiff=  3.9039E-06 ( 61, 13)   vdiff=  5.6769E-06 ( 61, 13)
n=  4850   udiff=  3.5142E-06 ( 56, 13)   vdiff=  6.0095E-06 ( 58, 11)
n=  4851   udiff=  3.2774E-06 ( 55, 13)   vdiff=  5.9288E-06 ( 55, 16)
n=  4852   udiff=  5.1360E-06 ( 55, 13)   vdiff=  5.3482E-06 ( 55, 11)
n=  4853   udiff=  3.1705E-06 ( 61, 10)   vdiff=  6.9005E-06 ( 55, 18)
n=  4854   udiff=  3.7535E-06 ( 61, 10)   vdiff=  5.4406E-06 ( 57, 17)
n=  4855   udiff=  3.4421E-06 ( 57, 10)   vdiff=  5.5635E-06 ( 55, 16)
n=  4856   udiff=  2.8490E-06 ( 59, 11)   vdiff=  5.0750E-06 ( 60, 11)
n=  4857   udiff=  3.4081E-06 ( 59, 11)   vdiff=  5.5268E-06 ( 61, 13)
n=  4858   udiff=  3.2968E-06 ( 55, 13)   vdiff=  3.8048E-06 ( 59, 19)
n=  4859   udiff=  3.4828E-06 ( 56, 13)   vdiff=  5.7072E-06 ( 60, 16)
n=  4860   udiff=  4.0180E-06 ( 58, 11)   vdiff=  7.2423E-06 ( 59, 11)
n=  4861   udiff=  3.3276E-06 ( 56, 14)   vdiff=  6.5742E-06 ( 56, 14)
n=  4862   udiff=  4.5106E-06 ( 60, 14)   vdiff=  5.0040E-06 ( 60, 14)
n=  4863   udiff=  3.5549E-06 ( 61, 10)   vdiff=  6.2606E-06 ( 59, 11)
n=  4864   udiff=  3.1861E-06 ( 57,  9)   vdiff=  5.8134E-06 ( 60, 13)
n=  4865   udiff=  3.2949E-06 ( 61, 10)   vdiff=  5.3857E-06 ( 55, 16)
n=  4866   udiff=  3.2332E-06 ( 59, 12)   vdiff=  7.1792E-06 ( 56, 14)
n=  4867   udiff=  4.7192E-06 ( 58, 16)   vdiff=  6.0901E-06 ( 57, 17)
n=  4868   udiff=  3.6759E-06 ( 59, 11)   vdiff=  5.1825E-06 ( 59, 11)
n=  4869   udiff=  3.4112E-06 ( 57, 10)   vdiff=  6.2619E-06 ( 55, 13)
n=  4870   udiff=  3.4827E-06 ( 61, 10)   vdiff=  4.5270E-06 ( 59, 14)
n=  4871   udiff=  3.4076E-06 ( 56, 13)   vdiff=  6.0080E-06 ( 60, 13)
n=  4872   udiff=  3.3395E-06 ( 56, 13)   vdiff=  4.9555E-06 ( 60, 11)
n=  4873   udiff=  3.7348E-06 ( 59, 13)   vdiff=  5.4075E-06 ( 55, 18)
n=  4874   udiff=  3.1293E-06 ( 61, 14)   vdiff=  6.4605E-06 ( 55, 13)
n=  4875   udiff=  3.3281E-06 ( 60,  9)   vdiff=  6.3519E-06 ( 59, 10)
n=  4876   udiff=  3.6759E-06 ( 56, 13)   vdiff=  4.3745E-06 ( 56, 13)
n=  4877   udiff=  4.0817E-06 ( 60, 10)   vdiff=  5.5642E-06 ( 60, 13)
n=  4878   udiff=  3.9296E-06 ( 59, 15)   vdiff=  6.0871E-06 ( 60, 16)
n=  4879   udiff=  3.4959E-06 ( 57,  9)   vdiff=  5.7856E-06 ( 56, 10)
n=  4880   udiff=  3.1188E-06 ( 54, 13)   vdiff=  5.9315E-06 ( 53, 15)
n=  4881   udiff=  3.7852E-06 ( 56, 14)   vdiff=  7.0406E-06 ( 56, 14)
n=  4882   udiff=  2.8662E-06 ( 60, 14)   vdiff=  4.8962E-06 ( 54, 13)
n=  4883   udiff=  3.3347E-06 ( 61, 13)   vdiff=  4.3465E-06 ( 56, 16)
n=  4884   udiff=  3.6852E-06 ( 61, 13)   vdiff=  5.0922E-06 ( 57, 12)
n=  4885   udiff=  3.5530E-06 ( 55, 11)   vdiff=  6.5251E-06 ( 54, 12)
n=  4886   udiff=  4.2474E-06 ( 60, 14)   vdiff=  5.7741E-06 ( 55, 17)
n=  4887   udiff=  3.8680E-06 ( 59,  9)   vdiff=  6.4092E-06 ( 59, 10)
n=  4888   udiff=  3.9321E-06 ( 61, 10)   vdiff=  6.0903E-06 ( 53, 15)
n=  4889   udiff=  2.3002E-06 ( 56, 12)   vdiff=  4.4049E-06 ( 59, 15)
n=  4890   udiff=  3.0704E-06 ( 56, 12)   vdiff=  5.1912E-06 ( 55, 13)
n=  4891   udiff=  4.8536E-06 ( 58, 11)   vdiff=  5.5041E-06 ( 54, 13)
n=  4892   udiff=  4.2547E-06 ( 60, 10)   vdiff=  6.2846E-06 ( 55, 18)
n=  4893   udiff=  3.7691E-06 ( 60, 10)   vdiff=  5.4520E-06 ( 55, 11)
n=  4894   udiff=  3.7131E-06 ( 60, 12)   vdiff=  5.4770E-06 ( 59, 13)
n=  4895   udiff=  3.9134E-06 ( 60, 14)   vdiff=  5.9591E-06 ( 53, 15)
n=  4896   udiff=  4.0118E-06 ( 60, 13)   vdiff=  5.7762E-06 ( 56, 10)
n=  4897   udiff=  5.1424E-06 ( 60, 13)   vdiff=  6.2863E-06 ( 60, 11)
n=  4898   udiff=  4.4920E-06 ( 60, 13)   vdiff=  6.2430E-06 ( 59, 10)
n=  4899   udiff=  2.8962E-06 ( 56, 13)   vdiff=  4.5997E-06 ( 55, 13)
n=  4900   udiff=  3.2380E-06 ( 60, 12)   vdiff=  4.6593E-06 ( 59, 13)
n=  4901   udiff=  3.4054E-06 ( 60, 14)   vdiff=  4.6183E-06 ( 58, 12)
n=  4902   udiff=  3.3920E-06 ( 61, 10)   vdiff=  5.3241E-06 ( 60, 16)
n=  4903   udiff=  3.2307E-06 ( 60, 13)   vdiff=  5.6241E-06 ( 54, 12)
n=  4904   udiff=  2.9733E-06 ( 60, 15)   vdiff=  4.6140E-06 ( 60, 11)
n=  4905   udiff=  3.1418E-06 ( 56, 12)   vdiff=  4.7516E-06 ( 55, 13)
n=  4906   udiff=  3.8042E-06 ( 60, 10)   vdiff=  5.5363E-06 ( 59, 13)
n=  4907   udiff=  3.9256E-06 ( 61, 10)   vdiff=  5.7397E-06 ( 56, 14)
n=  4908   udiff=  3.2678E-06 ( 57, 15)   vdiff=  5.1573E-06 ( 57, 16)
n=  4909   udiff=  3.1742E-06 ( 54, 13)   vdiff=  6.5304E-06 ( 53, 15)
n=  4910   udiff=  4.4521E-06 ( 61, 13)   vdiff=  6.0547E-06 ( 56, 10)
n=  4911   udiff=  2.6741E-06 ( 61, 13)   vdiff=  5.3238E-06 ( 58, 12)
n=  4912   udiff=  4.3522E-06 ( 60, 13)   vdiff=  5.7916E-06 ( 56, 13)
n=  4913   udiff=  4.6314E-06 ( 60, 13)   vdiff=  5.5465E-06 ( 54, 16)
n=  4914   udiff=  4.2876E-06 ( 60, 13)   vdiff=  5.6544E-06 ( 53, 15)
n=  4915   udiff=  2.9500E-06 ( 57, 13)   vdiff=  4.1822E-06 ( 59, 14)
n=  4916   udiff=  4.0104E-06 ( 55, 16)   vdiff=  6.6769E-06 ( 59, 11)
n=  4917   udiff=  2.7605E-06 ( 60,  9)   vdiff=  5.5703E-06 ( 59, 10)
n=  4918   udiff=  3.4686E-06 ( 60, 14)   vdiff=  5.3332E-06 ( 55, 18)
n=  4919   udiff=  3.1504E-06 ( 57, 13)   vdiff=  5.1574E-06 ( 58,  9)
n=  4920   udiff=  4.1787E-06 ( 60, 16)   vdiff=  5.5866E-06 ( 58, 12)
n=  4921   udiff=  2.6984E-06 ( 61, 11)   vdiff=  5.9352E-06 ( 53, 15)
n=  4922   udiff=  3.0098E-06 ( 60, 17)   vdiff=  4.4340E-06 ( 55, 18)
n=  4923   udiff=  3.6040E-06 ( 61, 12)   vdiff=  6.2468E-06 ( 54, 17)
n=  4924   udiff=  4.3244E-06 ( 58, 11)   vdiff=  5.9081E-06 ( 59, 13)
n=  4925   udiff=  3.3652E-06 ( 54, 14)   vdiff=  4.5665E-06 ( 54, 15)
n=  4926   udiff=  2.8946E-06 ( 60, 14)   vdiff=  4.5181E-06 ( 57, 12)
n=  4927   udiff=  3.4391E-06 ( 60, 15)   vdiff=  6.4543E-06 ( 53, 15)
n=  4928   udiff=  3.3664E-06 ( 60, 12)   vdiff=  6.2490E-06 ( 54, 17)
n=  4929   udiff=  3.4360E-06 ( 58,  9)   vdiff=  6.0696E-06 ( 60, 13)
n=  4930   udiff=  3.8356E-06 ( 55, 16)   vdiff=  4.9522E-06 ( 57, 12)
n=  4931   udiff=  4.0445E-06 ( 54, 14)   vdiff=  4.8205E-06 ( 56, 16)
n=  4932   udiff=  4.3404E-06 ( 57, 14)   vdiff=  5.6282E-06 ( 59, 13)
n=  4933   udiff=  3.5044E-06 ( 60,  9)   vdiff=  5.9608E-06 ( 59, 10)
n=  4934   udiff=  3.6893E-06 ( 60, 11)   vdiff=  5.4470E-06 ( 54, 15)
n=  4935   udiff=  3.2341E-06 ( 54, 15)   vdiff=  5.1776E-06 ( 54, 16)
n=  4936   udiff=  3.8804E-06 ( 60, 12)   vdiff=  6.3519E-06 ( 59, 13)
n=  4937   udiff=  2.9817E-06 ( 57, 14)   vdiff=  6.0894E-06 ( 54, 15)
n=  4938   udiff=  3.1524E-06 ( 55, 17)   vdiff=  5.9416E-06 ( 54, 17)
n=  4939   udiff=  3.6682E-06 ( 54, 15)   vdiff=  5.8949E-06 ( 56, 16)
n=  4940   udiff=  3.1654E-06 ( 60, 15)   vdiff=  6.5348E-06 ( 54, 15)
n=  4941   udiff=  3.7010E-06 ( 60, 13)   vdiff=  5.6222E-06 ( 58, 11)
n=  4942   udiff=  5.7948E-06 ( 60, 13)   vdiff=  5.6476E-06 ( 59, 13)
n=  4943   udiff=  5.6984E-06 ( 55, 17)   vdiff=  5.3976E-06 ( 53, 14)
n=  4944   udiff=  3.7662E-06 ( 59, 13)   vdiff=  5.8635E-06 ( 58, 14)
n=  4945   udiff=  3.4568E-06 ( 57, 14)   vdiff=  3.9602E-06 ( 59, 17)
n=  4946   udiff=  3.6468E-06 ( 61, 13)   vdiff=  5.4643E-06 ( 61, 13)
n=  4947   udiff=  4.1921E-06 ( 59, 13)   vdiff=  5.6043E-06 ( 54, 15)
n=  4948   udiff=  3.1589E-06 ( 55, 15)   vdiff=  4.3912E-06 ( 55, 15)
n=  4949   udiff=  4.4332E-06 ( 55, 17)   vdiff=  5.1090E-06 ( 54, 17)
n=  4950   udiff=  3.1769E-06 ( 57, 13)   vdiff=  6.8367E-06 ( 59, 14)
n=  4951   udiff=  3.7180E-06 ( 59, 10)   vdiff=  6.3451E-06 ( 61, 13)
n=  4952   udiff=  3.5503E-06 ( 60, 16)   vdiff=  6.4191E-06 ( 59, 10)
n=  4953   udiff=  3.7307E-06 ( 58, 14)   vdiff=  5.8124E-06 ( 58, 14)
n=  4954   udiff=  3.6365E-06 ( 57, 17)   vdiff=  6.6440E-06 ( 55, 17)
n=  4955   udiff=  3.5154E-06 ( 60, 13)   vdiff=  4.0092E-06 ( 57, 10)
n=  4956   udiff=  2.8001E-06 ( 54, 15)   vdiff=  6.8270E-06 ( 57, 14)
n=  4957   udiff=  3.5591E-06 ( 60, 11)   vdiff=  6.8782E-06 ( 54, 15)
n=  4958   udiff=  3.5450E-06 ( 60, 14)   vdiff=  5.7090E-06 ( 58, 13)
n=  4959   udiff=  3.6098E-06 ( 55, 15)   vdiff=  4.7876E-06 ( 55, 15)
n=  4960   udiff=  3.9878E-06 ( 57, 14)   vdiff=  5.6569E-06 ( 56, 18)
n=  4961   udiff=  4.8642E-06 ( 60, 13)   vdiff=  4.6120E-06 ( 59, 13)
n=  4962   udiff=  4.0083E-06 ( 55, 16)   vdiff=  5.8857E-06 ( 55, 17)
n=  4963   udiff=  3.6448E-06 ( 59, 13)   vdiff=  6.5830E-06 ( 59, 11)
n=  4964   udiff=  3.4345E-06 ( 54, 14)   vdiff=  6.1516E-06 ( 54, 15)
n=  4965   udiff=  3.4813E-06 ( 55, 15)   vdiff=  5.2904E-06 ( 55, 15)
n=  4966   udiff=  3.7319E-06 ( 59, 13)   vdiff=  5.8621E-06 ( 59, 14)
n=  4967   udiff=  3.3361E-06 ( 57, 14)   vdiff=  5.3955E-06 ( 58, 18)
n=  4968   udiff=  3.8558E-06 ( 55, 16)   vdiff=  6.0493E-06 ( 55, 17)
n=  4969   udiff=  3.9677E-06 ( 55, 16)   vdiff=  5.4791E-06 ( 58,  9)
n=  4970   udiff=  3.1384E-06 ( 61, 12)   vdiff=  6.1413E-06 ( 60, 13)
n=  4971   udiff=  3.6141E-06 ( 58, 12)   vdiff=  7.2440E-06 ( 57, 14)
n=  4972   udiff=  3.1446E-06 ( 57, 13)   vdiff=  5.2649E-06 ( 58, 13)
n=  4973   udiff=  3.8905E-06 ( 61, 13)   vdiff=  6.0131E-06 ( 56, 18)
n=  4974   udiff=  4.2394E-06 ( 55, 17)   vdiff=  4.8461E-06 ( 55, 17)
n=  4975   udiff=  3.7348E-06 ( 59, 14)   vdiff=  6.0436E-06 ( 59, 14)
n=  4976   udiff=  2.1230E-06 ( 61, 11)   vdiff=  4.2725E-06 ( 60, 11)
n=  4977   udiff=  3.4329E-06 ( 61, 13)   vdiff=  6.4396E-06 ( 59, 10)
n=  4978   udiff=  3.8712E-06 ( 58, 17)   vdiff=  4.8851E-06 ( 57, 18)
n=  4979   udiff=  3.3796E-06 ( 60, 16)   vdiff=  6.4471E-06 ( 54, 15)
n=  4980   udiff=  3.4278E-06 ( 59, 13)   vdiff=  7.3961E-06 ( 57, 13)
n=  4981   udiff=  3.3083E-06 ( 61, 13)   vdiff=  5.5210E-06 ( 57, 18)
n=  4982   udiff=  2.7569E-06 ( 59, 11)   vdiff=  6.3707E-06 ( 59, 11)
n=  4983   udiff=  3.6310E-06 ( 61, 13)   vdiff=  4.9690E-06 ( 60, 13)
n=  4984   udiff=  4.1856E-06 ( 56, 17)   vdiff=  5.4033E-06 ( 54, 16)
n=  4985   udiff=  3.3094E-06 ( 61, 10)   vdiff=  4.9463E-06 ( 60, 14)
n=  4986   udiff=  3.6326E-06 ( 57, 12)   vdiff=  7.2830E-06 ( 57, 13)
n=  4987   udiff=  3.1529E-06 ( 57, 17)   vdiff=  5.7660E-06 ( 59, 14)
n=  4988   udiff=  2.9935E-06 ( 54, 16)   vdiff=  6.4846E-06 ( 54, 15)
n=  4989   udiff=  3.5243E-06 ( 53, 14)   vdiff=  6.7170E-06 ( 56, 14)
n=  4990   udiff=  4.4095E-06 ( 55, 17)   vdiff=  5.5138E-06 ( 54, 14)
n=  4991   udiff=  3.5889E-06 ( 60, 12)   vdiff=  7.1856E-06 ( 59, 14)
n=  4992   udiff=  2.7057E-06 ( 58, 17)   vdiff=  5.4611E-06 ( 57, 18)
n=  4993   udiff=  3.0633E-06 ( 61, 11)   vdiff=  7.0827E-06 ( 57, 15)
n=  4994   udiff=  2.8344E-06 ( 57, 12)   vdiff=  5.6847E-06 ( 56, 14)
n=  4995   udiff=  3.9746E-06 ( 58, 13)   vdiff=  5.3448E-06 ( 57, 13)
n=  4996   udiff=  3.8772E-06 ( 57, 13)   vdiff=  5.1379E-06 ( 60, 11)
n=  4997   udiff=  3.4992E-06 ( 59, 11)   vdiff=  6.5723E-06 ( 54, 15)
n=  4998   udiff=  3.2639E-06 ( 54, 13)   vdiff=  4.6089E-06 ( 61, 11)
n=  4999   udiff=  4.2377E-06 ( 59, 17)   vdiff=  6.2395E-06 ( 59, 17)
n=  5000   udiff=  3.9292E-06 ( 54, 14)   vdiff=  6.2169E-06 ( 55, 15)
n=  5001   udiff=  3.8742E-06 ( 58, 13)   vdiff=  7.2623E-06 ( 59, 14)
n=  5002   udiff=  3.3452E-06 ( 54, 14)   vdiff=  4.9416E-06 ( 56, 18)
n=  5003   udiff=  3.6746E-06 ( 58, 14)   vdiff=  5.5488E-06 ( 54, 16)
n=  5004   udiff=  3.3837E-06 ( 54, 14)   vdiff=  7.3857E-06 ( 54, 15)
n=  5005   udiff=  3.3453E-06 ( 61, 10)   vdiff=  5.1061E-06 ( 58, 13)
n=  5006   udiff=  3.2064E-06 ( 53, 14)   vdiff=  5.3206E-06 ( 56, 18)
n=  5007   udiff=  3.2623E-06 ( 61, 13)   vdiff=  5.6798E-06 ( 58, 14)
n=  5008   udiff=  3.9156E-06 ( 60, 13)   vdiff=  6.0857E-06 ( 59, 13)
n=  5009   udiff=  3.5981E-06 ( 53, 14)   vdiff=  4.3241E-06 ( 58, 13)
n=  5010   udiff=  3.5826E-06 ( 59, 13)   vdiff=  5.8103E-06 ( 59, 10)
n=  5011   udiff=  3.5505E-06 ( 56, 17)   vdiff=  5.5680E-06 ( 57, 14)
n=  5012   udiff=  3.8358E-06 ( 58, 18)   vdiff=  5.4937E-06 ( 58, 18)
n=  5013   udiff=  4.3208E-06 ( 55, 16)   vdiff=  6.4568E-06 ( 54, 15)
n=  5014   udiff=  3.7063E-06 ( 61, 13)   vdiff=  6.3380E-06 ( 58, 14)
n=  5015   udiff=  3.4887E-06 ( 58, 17)   vdiff=  7.8325E-06 ( 54, 13)
n=  5016   udiff=  3.8927E-06 ( 58, 14)   vdiff=  6.6284E-06 ( 54, 15)
n=  5017   udiff=  3.5677E-06 ( 60, 10)   vdiff=  5.5298E-06 ( 59, 10)
n=  5018   udiff=  3.8070E-06 ( 61, 10)   vdiff=  4.8818E-06 ( 54, 14)
n=  5019   udiff=  3.5813E-06 ( 58, 18)   vdiff=  5.9742E-06 ( 54, 17)
n=  5020   udiff=  3.0945E-06 ( 61, 13)   vdiff=  4.8644E-06 ( 58, 13)
n=  5021   udiff=  3.5605E-06 ( 58, 14)   vdiff=  6.4413E-06 ( 57, 14)
n=  5022   udiff=  3.6134E-06 ( 58, 17)   vdiff=  5.3757E-06 ( 57, 18)
n=  5023   udiff=  3.5890E-06 ( 61, 10)   vdiff=  6.0901E-06 ( 59, 14)
n=  5024   udiff=  4.1379E-06 ( 55, 17)   vdiff=  4.9865E-06 ( 55, 17)
n=  5025   udiff=  3.4829E-06 ( 59, 16)   vdiff=  6.4062E-06 ( 59, 17)
n=  5026   udiff=  3.8565E-06 ( 60, 12)   vdiff=  6.0179E-06 ( 55, 14)
n=  5027   udiff=  3.6780E-06 ( 60,  9)   vdiff=  5.7024E-06 ( 54, 15)
n=  5028   udiff=  2.4213E-06 ( 54, 15)   vdiff=  5.0347E-06 ( 58, 11)
n=  5029   udiff=  3.4279E-06 ( 59, 11)   vdiff=  5.7992E-06 ( 55, 17)
n=  5030   udiff=  3.5452E-06 ( 55, 16)   vdiff=  7.4358E-06 ( 54, 13)
n=  5031   udiff=  3.0136E-06 ( 60,  9)   vdiff=  6.5077E-06 ( 58, 13)
n=  5032   udiff=  3.3895E-06 ( 56, 17)   vdiff=  5.4289E-06 ( 58, 11)
n=  5033   udiff=  3.4542E-06 ( 61, 10)   vdiff=  4.2989E-06 ( 54, 14)
n=  5034   udiff=  4.5828E-06 ( 54, 15)   vdiff=  6.6598E-06 ( 59, 14)
n=  5035   udiff=  3.6298E-06 ( 58, 17)   vdiff=  6.3316E-06 ( 54, 13)
n=  5036   udiff=  3.3601E-06 ( 58, 17)   vdiff=  5.4796E-06 ( 58, 13)
n=  5037   udiff=  3.0209E-06 ( 54, 13)   vdiff=  4.9606E-06 ( 56, 18)
n=  5038   udiff=  3.5042E-06 ( 54, 14)   vdiff=  4.7625E-06 ( 58, 11)
n=  5039   udiff=  3.7448E-06 ( 55, 16)   vdiff=  6.3492E-06 ( 55, 17)
n=  5040   udiff=  4.1913E-06 ( 55, 13)   vdiff=  6.4988E-06 ( 58, 13)
n=  5041   udiff=  5.1640E-06 ( 55, 13)   vdiff=  6.0326E-06 ( 54, 15)
n=  5042   udiff=  3.6602E-06 ( 55, 16)   vdiff=  6.1421E-06 ( 55, 15)
n=  5043   udiff=  3.5093E-06 ( 54, 13)   vdiff=  5.9624E-06 ( 58, 18)
n=  5044   udiff=  3.2831E-06 ( 54, 13)   vdiff=  4.9995E-06 ( 60, 13)
n=  5045   udiff=  3.4037E-06 ( 54, 13)   vdiff=  4.9702E-06 ( 54, 14)
n=  5046   udiff=  3.1929E-06 ( 61, 10)   vdiff=  6.3346E-06 ( 54, 15)
n=  5047   udiff=  4.9659E-06 ( 60, 10)   vdiff=  7.5735E-06 ( 54, 13)
n=  5048   udiff=  3.2641E-06 ( 61, 13)   vdiff=  5.7837E-06 ( 57, 18)
n=  5049   udiff=  3.5166E-06 ( 53, 14)   vdiff=  4.6131E-06 ( 60, 11)
n=  5050   udiff=  3.4608E-06 ( 58, 10)   vdiff=  5.6861E-06 ( 57, 16)
n=  5051   udiff=  3.6469E-06 ( 60, 13)   vdiff=  5.4309E-06 ( 57, 18)
n=  5052   udiff=  3.8251E-06 ( 54, 12)   vdiff=  5.6946E-06 ( 54, 13)
n=  5053   udiff=  3.5590E-06 ( 54, 16)   vdiff=  6.2722E-06 ( 54, 15)
n=  5054   udiff=  4.0290E-06 ( 54, 13)   vdiff=  5.3538E-06 ( 60, 13)
n=  5055   udiff=  3.7276E-06 ( 56, 15)   vdiff=  7.2364E-06 ( 55, 15)
n=  5056   udiff=  3.6262E-06 ( 58, 14)   vdiff=  6.5573E-06 ( 57, 14)
n=  5057   udiff=  3.3888E-06 ( 58, 10)   vdiff=  5.5085E-06 ( 60, 13)
n=  5058   udiff=  4.2994E-06 ( 54, 14)   vdiff=  6.8313E-06 ( 59, 11)
n=  5059   udiff=  3.5345E-06 ( 61, 10)   vdiff=  5.4259E-06 ( 54, 16)
n=  5060   udiff=  3.3304E-06 ( 60,  9)   vdiff=  5.8769E-06 ( 59, 10)
n=  5061   udiff=  3.7726E-06 ( 55, 17)   vdiff=  6.0911E-06 ( 60, 13)
n=  5062   udiff=  4.8119E-06 ( 55, 12)   vdiff=  5.0344E-06 ( 55, 13)
n=  5063   udiff=  3.6209E-06 ( 55, 12)   vdiff=  5.5142E-06 ( 54, 16)
n=  5064   udiff=  3.7187E-06 ( 54, 13)   vdiff=  4.7716E-06 ( 54, 14)
n=  5065   udiff=  2.7166E-06 ( 61, 10)   vdiff=  6.2112E-06 ( 54, 15)
n=  5066   udiff=  3.4236E-06 ( 61, 10)   vdiff=  6.8442E-06 ( 54, 17)
n=  5067   udiff=  3.0855E-06 ( 54, 14)   vdiff=  5.6223E-06 ( 58, 18)
n=  5068   udiff=  2.9416E-06 ( 60, 15)   vdiff=  5.1941E-06 ( 56, 10)
n=  5069   udiff=  3.0595E-06 ( 57, 18)   vdiff=  5.2395E-06 ( 55, 13)
n=  5070   udiff=  3.0504E-06 ( 55, 12)   vdiff=  4.9808E-06 ( 54, 13)
n=  5071   udiff=  3.6366E-06 ( 61, 10)   vdiff=  4.9919E-06 ( 54, 16)
n=  5072   udiff=  3.6635E-06 ( 56, 10)   vdiff=  6.8125E-06 ( 54, 15)
n=  5073   udiff=  3.5795E-06 ( 55, 12)   vdiff=  5.2129E-06 ( 54, 14)
n=  5074   udiff=  3.2732E-06 ( 54, 14)   vdiff=  5.2752E-06 ( 56, 18)
n=  5075   udiff=  3.5514E-06 ( 54, 14)   vdiff=  6.6578E-06 ( 55, 17)
n=  5076   udiff=  3.6201E-06 ( 59, 13)   vdiff=  5.3049E-06 ( 55, 13)
n=  5077   udiff=  3.3971E-06 ( 53, 14)   vdiff=  6.8525E-06 ( 59, 11)
n=  5078   udiff=  2.9514E-06 ( 54, 13)   vdiff=  5.6785E-06 ( 56, 10)
n=  5079   udiff=  3.3094E-06 ( 61, 11)   vdiff=  5.4023E-06 ( 59,  9)
n=  5080   udiff=  2.9558E-06 ( 61, 11)   vdiff=  5.5679E-06 ( 54, 14)
n=  5081   udiff=  2.5608E-06 ( 54, 15)   vdiff=  6.4064E-06 ( 54, 15)
n=  5082   udiff=  3.6150E-06 ( 57,  9)   vdiff=  6.4233E-06 ( 54, 13)
n=  5083   udiff=  2.8949E-06 ( 54, 14)   vdiff=  6.3799E-06 ( 56, 17)
n=  5084   udiff=  3.8414E-06 ( 53, 14)   vdiff=  5.2782E-06 ( 56, 18)
n=  5085   udiff=  3.0457E-06 ( 56, 14)   vdiff=  5.1159E-06 ( 55, 13)
n=  5086   udiff=  3.9425E-06 ( 54, 14)   vdiff=  6.8545E-06 ( 54, 14)
n=  5087   udiff=  3.4675E-06 ( 54, 14)   vdiff=  4.6545E-06 ( 55, 17)
n=  5088   udiff=  3.6425E-06 ( 55, 14)   vdiff=  5.8957E-06 ( 58, 13)
n=  5089   udiff=  3.0874E-06 ( 61, 11)   vdiff=  4.5006E-06 ( 54, 14)
n=  5090   udiff=  3.6134E-06 ( 61, 13)   vdiff=  6.9290E-06 ( 59, 11)
n=  5091   udiff=  3.2430E-06 ( 57, 11)   vdiff=  4.5345E-06 ( 54, 14)
n=  5092   udiff=  3.1382E-06 ( 54, 14)   vdiff=  5.8998E-06 ( 58, 18)
n=  5093   udiff=  3.5111E-06 ( 55, 12)   vdiff=  6.2595E-06 ( 55, 17)
n=  5094   udiff=  3.6453E-06 ( 54, 14)   vdiff=  4.8145E-06 ( 56, 18)
n=  5095   udiff=  3.9673E-06 ( 54, 14)   vdiff=  6.8524E-06 ( 54, 15)
n=  5096   udiff=  2.7490E-06 ( 54, 12)   vdiff=  6.4025E-06 ( 54, 13)
n=  5097   udiff=  3.9444E-06 ( 54, 14)   vdiff=  5.5280E-06 ( 56, 10)
n=  5098   udiff=  3.4448E-06 ( 58, 17)   vdiff=  5.7188E-06 ( 60, 13)
n=  5099   udiff=  3.4080E-06 ( 58, 17)   vdiff=  5.5095E-06 ( 56, 18)
n=  5100   udiff=  3.2218E-06 ( 54, 15)   vdiff=  5.5804E-06 ( 54, 16)
n=  5101   udiff=  3.4460E-06 ( 61, 13)   vdiff=  4.9147E-06 ( 60, 13)
n=  5102   udiff=  3.7842E-06 ( 58, 16)   vdiff=  6.2551E-06 ( 57, 17)
n=  5103   udiff=  3.6421E-06 ( 60, 10)   vdiff=  6.7381E-06 ( 59, 11)
n=  5104   udiff=  3.3861E-06 ( 58, 17)   vdiff=  6.2569E-06 ( 54, 15)
n=  5105   udiff=  3.5112E-06 ( 61, 12)   vdiff=  6.1641E-06 ( 60, 13)
n=  5106   udiff=  3.2885E-06 ( 55, 14)   vdiff=  5.8848E-06 ( 57, 18)
n=  5107   udiff=  2.7520E-06 ( 54, 12)   vdiff=  5.3020E-06 ( 56, 18)
n=  5108   udiff=  3.4745E-06 ( 54, 14)   vdiff=  4.8332E-06 ( 54, 16)
n=  5109   udiff=  4.8154E-06 ( 57, 17)   vdiff=  5.9061E-06 ( 56, 10)
n=  5110   udiff=  3.2495E-06 ( 61, 13)   vdiff=  5.5786E-06 ( 56, 18)
n=  5111   udiff=  3.4551E-06 ( 55, 12)   vdiff=  5.7359E-06 ( 54, 13)
n=  5112   udiff=  3.6634E-06 ( 58, 16)   vdiff=  6.7147E-06 ( 58, 17)
n=  5113   udiff=  4.1006E-06 ( 54, 14)   vdiff=  4.4706E-06 ( 57, 18)
n=  5114   udiff=  4.1714E-06 ( 55, 11)   vdiff=  8.3919E-06 ( 54, 13)
n=  5115   udiff=  4.8065E-06 ( 56, 16)   vdiff=  6.3674E-06 ( 55, 17)
n=  5116   udiff=  2.5447E-06 ( 57, 17)   vdiff=  6.1396E-06 ( 56, 10)
n=  5117   udiff=  3.4713E-06 ( 54, 14)   vdiff=  6.6536E-06 ( 54, 15)
n=  5118   udiff=  4.1161E-06 ( 55, 13)   vdiff=  5.7826E-06 ( 54, 16)
n=  5119   udiff=  2.7184E-06 ( 55, 13)   vdiff=  5.6529E-06 ( 56, 18)
n=  5120   udiff=  3.3471E-06 ( 60, 16)   vdiff=  5.4619E-06 ( 56, 18)
n=  5121   udiff=  3.0751E-06 ( 55, 12)   vdiff=  5.9218E-06 ( 54, 13)
n=  5122   udiff=  3.1396E-06 ( 56, 18)   vdiff=  5.4753E-06 ( 58, 12)
n=  5123   udiff=  3.6513E-06 ( 58, 16)   vdiff=  7.1102E-06 ( 58, 17)
n=  5124   udiff=  3.7132E-06 ( 57, 10)   vdiff=  6.1646E-06 ( 54, 15)
n=  5125   udiff=  2.9104E-06 ( 54, 13)   vdiff=  4.9123E-06 ( 58, 18)
n=  5126   udiff=  4.4203E-06 ( 55, 13)   vdiff=  5.4374E-06 ( 54, 16)
n=  5127   udiff=  4.2840E-06 ( 57, 10)   vdiff=  6.4347E-06 ( 57, 15)
n=  5128   udiff=  3.0824E-06 ( 54, 14)   vdiff=  4.1884E-06 ( 56, 12)
n=  5129   udiff=  3.5481E-06 ( 58, 18)   vdiff=  5.4896E-06 ( 59, 15)
n=  5130   udiff=  3.6848E-06 ( 54, 12)   vdiff=  5.2201E-06 ( 53, 14)
n=  5131   udiff=  4.7872E-06 ( 56, 11)   vdiff=  6.1483E-06 ( 56, 17)
n=  5132   udiff=  3.3446E-06 ( 54, 14)   vdiff=  5.8128E-06 ( 54, 16)
n=  5133   udiff=  4.5892E-06 ( 54, 13)   vdiff=  6.0501E-06 ( 57, 13)
n=  5134   udiff=  3.6714E-06 ( 59, 16)   vdiff=  7.1446E-06 ( 56, 11)
n=  5135   udiff=  2.9268E-06 ( 56, 17)   vdiff=  4.4167E-06 ( 53, 15)
n=  5136   udiff=  3.5766E-06 ( 56, 17)   vdiff=  5.0508E-06 ( 57, 17)
n=  5137   udiff=  2.7847E-06 ( 56, 14)   vdiff=  4.9848E-06 ( 57, 17)
n=  5138   udiff=  3.5496E-06 ( 55, 12)   vdiff=  6.7464E-06 ( 54, 14)
n=  5139   udiff=  3.7496E-06 ( 61, 10)   vdiff=  4.4083E-06 ( 55, 18)
n=  5140   udiff=  3.3084E-06 ( 61, 10)   vdiff=  5.1938E-06 ( 59, 15)
n=  5141   udiff=  3.8882E-06 ( 59, 12)   vdiff=  6.8662E-06 ( 58, 12)
n=  5142   udiff=  3.9068E-06 ( 60, 15)   vdiff=  4.9974E-06 ( 59, 16)
n=  5143   udiff=  3.8072E-06 ( 56, 16)   vdiff=  6.3724E-06 ( 55, 17)
n=  5144   udiff=  3.3782E-06 ( 54, 15)   vdiff=  5.6722E-06 ( 56, 18)
n=  5145   udiff=  3.7066E-06 ( 60, 16)   vdiff=  5.9873E-06 ( 59, 16)
n=  5146   udiff=  4.0993E-06 ( 56, 10)   vdiff=  5.5462E-06 ( 56, 18)
n=  5147   udiff=  3.7771E-06 ( 55, 12)   vdiff=  5.7975E-06 ( 60, 11)
n=  5148   udiff=  4.2028E-06 ( 59, 12)   vdiff=  7.5460E-06 ( 58, 17)
n=  5149   udiff=  3.1965E-06 ( 60, 10)   vdiff=  7.4592E-06 ( 54, 15)
n=  5150   udiff=  3.7851E-06 ( 55, 14)   vdiff=  5.6192E-06 ( 56, 18)
n=  5151   udiff=  3.9966E-06 ( 57, 17)   vdiff=  7.1443E-06 ( 56, 11)
n=  5152   udiff=  4.4099E-06 ( 57, 17)   vdiff=  4.5597E-06 ( 53, 14)
n=  5153   udiff=  3.4404E-06 ( 57, 17)   vdiff=  5.2992E-06 ( 60, 15)
n=  5154   udiff=  3.4194E-06 ( 58, 17)   vdiff=  5.4613E-06 ( 54, 16)
n=  5155   udiff=  3.8421E-06 ( 54, 13)   vdiff=  6.3084E-06 ( 59, 16)
n=  5156   udiff=  4.5328E-06 ( 57, 17)   vdiff=  6.1406E-06 ( 56, 11)
n=  5157   udiff=  3.6350E-06 ( 57, 17)   vdiff=  6.2294E-06 ( 54, 15)
n=  5158   udiff=  3.8974E-06 ( 59, 12)   vdiff=  8.1352E-06 ( 54, 13)
n=  5159   udiff=  3.9252E-06 ( 61, 10)   vdiff=  5.1214E-06 ( 60, 11)
n=  5160   udiff=  4.3643E-06 ( 60, 15)   vdiff=  6.4339E-06 ( 56, 10)
n=  5161   udiff=  3.9523E-06 ( 60, 15)   vdiff=  5.6201E-06 ( 58, 12)
n=  5162   udiff=  3.8933E-06 ( 55, 12)   vdiff=  6.0594E-06 ( 54, 13)
n=  5163   udiff=  3.6637E-06 ( 55, 16)   vdiff=  7.5885E-06 ( 55, 17)
n=  5164   udiff=  4.0999E-06 ( 56, 10)   vdiff=  6.6887E-06 ( 54, 15)
n=  5165   udiff=  3.8947E-06 ( 60, 10)   vdiff=  5.0927E-06 ( 54, 16)
n=  5166   udiff=  3.2872E-06 ( 54, 13)   vdiff=  5.0783E-06 ( 54, 14)
n=  5167   udiff=  3.3903E-06 ( 57,  9)   vdiff=  7.3749E-06 ( 56, 11)
n=  5168   udiff=  4.3409E-06 ( 57, 17)   vdiff=  6.3231E-06 ( 57, 15)
n=  5169   udiff=  4.6326E-06 ( 55, 13)   vdiff=  6.3443E-06 ( 54, 13)
n=  5170   udiff=  3.6281E-06 ( 60, 16)   vdiff=  5.8080E-06 ( 57, 18)
n=  5171   udiff=  3.1624E-06 ( 56, 17)   vdiff=  4.9931E-06 ( 54, 16)
n=  5172   udiff=  3.1997E-06 ( 54, 15)   vdiff=  7.1331E-06 ( 57, 15)
n=  5173   udiff=  3.7607E-06 ( 60, 16)   vdiff=  6.5723E-06 ( 59, 16)
n=  5174   udiff=  3.2573E-06 ( 60, 14)   vdiff=  6.1337E-06 ( 56, 11)
n=  5175   udiff=  3.4793E-06 ( 55, 14)   vdiff=  5.2580E-06 ( 54, 16)
n=  5176   udiff=  3.5969E-06 ( 58, 17)   vdiff=  5.9881E-06 ( 54, 14)
n=  5177   udiff=  3.5715E-06 ( 56, 16)   vdiff=  8.1856E-06 ( 55, 17)
n=  5178   udiff=  3.1526E-06 ( 56, 13)   vdiff=  4.5805E-06 ( 58, 18)
n=  5179   udiff=  3.5364E-06 ( 57, 17)   vdiff=  5.9904E-06 ( 56, 11)
n=  5180   udiff=  3.3297E-06 ( 55, 12)   vdiff=  5.5562E-06 ( 56, 18)
n=  5181   udiff=  3.3166E-06 ( 56, 10)   vdiff=  6.1714E-06 ( 56, 18)
n=  5182   udiff=  4.0537E-06 ( 56, 10)   vdiff=  5.3437E-06 ( 56, 18)
n=  5183   udiff=  4.7622E-06 ( 55, 13)   vdiff=  5.1480E-06 ( 59, 16)
n=  5184   udiff=  2.9368E-06 ( 58, 18)   vdiff=  5.0672E-06 ( 57, 18)
n=  5185   udiff=  4.3650E-06 ( 60, 15)   vdiff=  6.1624E-06 ( 54, 15)
n=  5186   udiff=  3.9551E-06 ( 59, 11)   vdiff=  5.6356E-06 ( 57, 18)
n=  5187   udiff=  3.8309E-06 ( 56, 14)   vdiff=  4.9803E-06 ( 54, 16)
n=  5188   udiff=  4.2039E-06 ( 57, 17)   vdiff=  5.2180E-06 ( 54, 13)
n=  5189   udiff=  3.7190E-06 ( 57, 17)   vdiff=  7.0855E-06 ( 58, 17)
n=  5190   udiff=  3.0703E-06 ( 60, 10)   vdiff=  5.3988E-06 ( 56, 12)
n=  5191   udiff=  2.7050E-06 ( 56, 17)   vdiff=  4.9261E-06 ( 55, 14)
n=  5192   udiff=  2.8205E-06 ( 59, 10)   vdiff=  5.4013E-06 ( 59, 12)
n=  5193   udiff=  3.4786E-06 ( 57,  9)   vdiff=  7.2687E-06 ( 54, 14)
n=  5194   udiff=  3.2201E-06 ( 55, 13)   vdiff=  5.2486E-06 ( 54, 15)
n=  5195   udiff=  2.8050E-06 ( 55, 11)   vdiff=  5.2431E-06 ( 53, 14)
n=  5196   udiff=  4.5004E-06 ( 57, 14)   vdiff=  5.2677E-06 ( 56, 15)
n=  5197   udiff=  5.5332E-06 ( 60, 15)   vdiff=  5.4067E-06 ( 59, 16)
n=  5198   udiff=  3.4837E-06 ( 54, 14)   vdiff=  6.6032E-06 ( 54, 15)
n=  5199   udiff=  2.7714E-06 ( 56, 17)   vdiff=  4.6292E-06 ( 57, 18)
n=  5200   udiff=  4.1236E-06 ( 57, 17)   vdiff=  6.3630E-06 ( 59, 16)
n=  5201   udiff=  3.8708E-06 ( 57, 13)   vdiff=  7.2976E-06 ( 56, 11)
n=  5202   udiff=  3.1855E-06 ( 57, 15)   vdiff=  5.9904E-06 ( 57, 15)
n=  5203   udiff=  3.9533E-06 ( 60, 16)   vdiff=  6.6558E-06 ( 59, 16)
n=  5204   udiff=  4.8879E-06 ( 57, 17)   vdiff=  4.6209E-06 ( 56, 17)
n=  5205   udiff=  3.5381E-06 ( 54, 15)   vdiff=  5.2301E-06 ( 53, 14)
n=  5206   udiff=  4.9057E-06 ( 60, 15)   vdiff=  5.4876E-06 ( 55, 14)
n=  5207   udiff=  4.4448E-06 ( 60, 15)   vdiff=  7.0426E-06 ( 54, 15)
n=  5208   udiff=  3.6893E-06 ( 53, 14)   vdiff=  5.4861E-06 ( 58, 15)
n=  5209   udiff=  3.8950E-06 ( 60, 16)   vdiff=  5.5223E-06 ( 60, 16)
n=  5210   udiff=  3.9732E-06 ( 59, 11)   vdiff=  6.7943E-06 ( 56, 11)
n=  5211   udiff=  3.1851E-06 ( 54, 14)   vdiff=  5.3520E-06 ( 57, 10)
n=  5212   udiff=  4.2438E-06 ( 60, 16)   vdiff=  6.6154E-06 ( 57, 15)
n=  5213   udiff=  3.9218E-06 ( 54, 14)   vdiff=  5.6151E-06 ( 61, 11)
n=  5214   udiff=  4.3876E-06 ( 55, 13)   vdiff=  5.7130E-06 ( 60, 10)
n=  5215   udiff=  4.7788E-06 ( 55, 13)   vdiff=  5.3322E-06 ( 60, 12)
n=  5216   udiff=  3.6427E-06 ( 56, 11)   vdiff=  6.6288E-06 ( 54, 15)
n=  5217   udiff=  3.8528E-06 ( 58, 17)   vdiff=  5.5747E-06 ( 57, 15)
n=  5218   udiff=  3.9345E-06 ( 60, 16)   vdiff=  5.7913E-06 ( 60, 16)
n=  5219   udiff=  4.0756E-06 ( 57, 17)   vdiff=  5.7643E-06 ( 58, 15)
n=  5220   udiff=  3.5868E-06 ( 54, 13)   vdiff=  5.9554E-06 ( 54, 13)
n=  5221   udiff=  3.7055E-06 ( 55, 13)   vdiff=  5.8468E-06 ( 54, 14)
n=  5222   udiff=  3.4946E-06 ( 57, 13)   vdiff=  7.0024E-06 ( 54, 15)
n=  5223   udiff=  4.4511E-06 ( 60, 15)   vdiff=  5.8171E-06 ( 57, 10)
n=  5224   udiff=  3.9998E-06 ( 55, 12)   vdiff=  6.8066E-06 ( 54, 14)
n=  5225   udiff=  3.5514E-06 ( 57, 14)   vdiff=  5.0718E-06 ( 60, 12)
n=  5226   udiff=  5.0489E-06 ( 60, 15)   vdiff=  6.3945E-06 ( 56, 11)
n=  5227   udiff=  3.0707E-06 ( 60, 10)   vdiff=  5.8276E-06 ( 56, 17)
n=  5228   udiff=  4.6313E-06 ( 57, 14)   vdiff=  5.8312E-06 ( 57, 15)
n=  5229   udiff=  3.9927E-06 ( 58, 17)   vdiff=  6.1452E-06 ( 54, 13)
n=  5230   udiff=  5.0534E-06 ( 54, 15)   vdiff=  5.7914E-06 ( 53, 15)
n=  5231   udiff=  3.3280E-06 ( 58, 17)   vdiff=  5.9928E-06 ( 56, 17)
n=  5232   udiff=  3.6946E-06 ( 58, 17)   vdiff=  7.0512E-06 ( 58, 15)
n=  5233   udiff=  3.9175E-06 ( 58, 18)   vdiff=  5.2144E-06 ( 60, 10)
n=  5234   udiff=  3.2181E-06 ( 58, 18)   vdiff=  6.4881E-06 ( 60, 13)
n=  5235   udiff=  3.8615E-06 ( 60, 16)   vdiff=  7.8841E-06 ( 54, 13)
n=  5236   udiff=  3.5145E-06 ( 56, 18)   vdiff=  5.2615E-06 ( 56, 10)
n=  5237   udiff=  5.0620E-06 ( 60, 15)   vdiff=  6.1493E-06 ( 57, 10)
n=  5238   udiff=  5.4242E-06 ( 60, 15)   vdiff=  5.9993E-06 ( 56, 17)
n=  5239   udiff=  3.4833E-06 ( 58, 12)   vdiff=  5.1506E-06 ( 58, 12)
n=  5240   udiff=  4.7502E-06 ( 54, 14)   vdiff=  5.7501E-06 ( 59, 12)
n=  5241   udiff=  4.0963E-06 ( 60, 16)   vdiff=  6.5279E-06 ( 59, 16)
n=  5242   udiff=  3.4680E-06 ( 54, 12)   vdiff=  6.2428E-06 ( 54, 13)
n=  5243   udiff=  3.2586E-06 ( 60, 10)   vdiff=  5.1078E-06 ( 54, 16)
n=  5244   udiff=  4.8960E-06 ( 60, 15)   vdiff=  5.1324E-06 ( 59, 16)
n=  5245   udiff=  3.5876E-06 ( 57, 12)   vdiff=  6.8670E-06 ( 56, 10)
n=  5246   udiff=  3.9913E-06 ( 54, 12)   vdiff=  6.4276E-06 ( 54, 13)
n=  5247   udiff=  4.1393E-06 ( 60, 16)   vdiff=  5.9728E-06 ( 60, 16)
n=  5248   udiff=  2.9357E-06 ( 57, 18)   vdiff=  5.6483E-06 ( 57, 15)
n=  5249   udiff=  3.8277E-06 ( 55, 12)   vdiff=  5.8593E-06 ( 56, 18)
n=  5250   udiff=  4.6668E-06 ( 60, 15)   vdiff=  5.5796E-06 ( 56, 11)
n=  5251   udiff=  3.3913E-06 ( 56, 17)   vdiff=  5.3785E-06 ( 55, 14)
n=  5252   udiff=  3.0488E-06 ( 55, 12)   vdiff=  5.7778E-06 ( 57, 15)
n=  5253   udiff=  3.6445E-06 ( 56, 16)   vdiff=  7.9382E-06 ( 55, 17)
n=  5254   udiff=  3.5405E-06 ( 58, 17)   vdiff=  5.6103E-06 ( 59, 12)
n=  5255   udiff=  3.4091E-06 ( 57, 17)   vdiff=  6.6643E-06 ( 54, 15)
n=  5256   udiff=  3.5906E-06 ( 55, 12)   vdiff=  6.6162E-06 ( 54, 14)
n=  5257   udiff=  4.1546E-06 ( 60, 16)   vdiff=  6.1062E-06 ( 59, 15)
n=  5258   udiff=  3.6248E-06 ( 56, 17)   vdiff=  4.4603E-06 ( 56, 17)
n=  5259   udiff=  4.9363E-06 ( 57, 14)   vdiff=  6.7002E-06 ( 58, 17)
n=  5260   udiff=  4.9985E-06 ( 60, 15)   vdiff=  5.0652E-06 ( 53, 14)
n=  5261   udiff=  4.0430E-06 ( 54, 12)   vdiff=  6.2399E-06 ( 56, 11)
n=  5262   udiff=  2.6277E-06 ( 53, 13)   vdiff=  5.5601E-06 ( 54, 15)
n=  5263   udiff=  4.1493E-06 ( 60, 16)   vdiff=  7.1749E-06 ( 57, 15)
n=  5264   udiff=  3.5199E-06 ( 56, 11)   vdiff=  5.1953E-06 ( 58, 15)
n=  5265   udiff=  4.5051E-06 ( 59, 11)   vdiff=  5.7092E-06 ( 59, 12)
n=  5266   udiff=  3.7060E-06 ( 56, 17)   vdiff=  5.3522E-06 ( 60, 12)
n=  5267   udiff=  3.4362E-06 ( 55, 12)   vdiff=  6.5492E-06 ( 54, 14)
n=  5268   udiff=  3.8946E-06 ( 57, 12)   vdiff=  7.2291E-06 ( 56, 11)
n=  5269   udiff=  2.4633E-06 ( 56, 17)   vdiff=  4.9479E-06 ( 54, 15)
n=  5270   udiff=  3.7329E-06 ( 56, 17)   vdiff=  5.7025E-06 ( 60, 16)
n=  5271   udiff=  3.5343E-06 ( 54, 12)   vdiff=  6.6013E-06 ( 54, 14)
n=  5272   udiff=  3.1849E-06 ( 57, 12)   vdiff=  6.3545E-06 ( 56, 11)
n=  5273   udiff=  4.6936E-06 ( 60, 15)   vdiff=  6.1801E-06 ( 55, 17)
n=  5274   udiff=  4.8648E-06 ( 60, 15)   vdiff=  5.5054E-06 ( 59, 15)
n=  5275   udiff=  3.2786E-06 ( 54, 13)   vdiff=  5.6751E-06 ( 54, 14)
n=  5276   udiff=  4.1877E-06 ( 60, 16)   vdiff=  6.8953E-06 ( 54, 15)
n=  5277   udiff=  3.4131E-06 ( 57, 14)   vdiff=  5.4141E-06 ( 58, 12)
n=  5278   udiff=  3.3751E-06 ( 58, 18)   vdiff=  6.8135E-06 ( 54, 13)
n=  5279   udiff=  3.0706E-06 ( 60, 10)   vdiff=  5.3880E-06 ( 56, 18)
n=  5280   udiff=  4.2198E-06 ( 60, 16)   vdiff=  6.0791E-06 ( 59, 15)
n=  5281   udiff=  2.9824E-06 ( 56, 17)   vdiff=  5.2579E-06 ( 60, 13)
n=  5282   udiff=  3.2152E-06 ( 60,  9)   vdiff=  6.6259E-06 ( 54, 13)
n=  5283   udiff=  4.8860E-06 ( 58, 17)   vdiff=  6.5978E-06 ( 54, 15)
n=  5284   udiff=  3.7489E-06 ( 58, 17)   vdiff=  6.0079E-06 ( 57, 15)
n=  5285   udiff=  3.7029E-06 ( 59, 14)   vdiff=  7.4213E-06 ( 59, 15)
n=  5286   udiff=  2.9163E-06 ( 57, 18)   vdiff=  4.5291E-06 ( 56, 18)
n=  5287   udiff=  3.6840E-06 ( 57, 16)   vdiff=  5.6092E-06 ( 56, 18)
n=  5288   udiff=  3.6318E-06 ( 55, 16)   vdiff=  5.8666E-06 ( 58, 12)
n=  5289   udiff=  2.8319E-06 ( 56, 17)   vdiff=  4.3674E-06 ( 57, 18)
n=  5290   udiff=  4.6271E-06 ( 60, 15)   vdiff=  6.8905E-06 ( 54, 15)
n=  5291   udiff=  4.1334E-06 ( 56, 16)   vdiff=  7.7657E-06 ( 55, 17)
n=  5292   udiff=  3.2709E-06 ( 56, 10)   vdiff=  5.7163E-06 ( 58, 12)
n=  5293   udiff=  3.8921E-06 ( 60, 16)   vdiff=  5.7615E-06 ( 60, 16)
n=  5294   udiff=  3.4103E-06 ( 60, 10)   vdiff=  5.4546E-06 ( 56, 18)
n=  5295   udiff=  4.7329E-06 ( 55, 13)   vdiff=  4.7006E-06 ( 57, 14)
n=  5296   udiff=  4.5587E-06 ( 57, 17)   vdiff=  4.7028E-06 ( 55, 11)
n=  5297   udiff=  3.9547E-06 ( 60, 16)   vdiff=  8.0712E-06 ( 59, 15)
n=  5298   udiff=  3.2976E-06 ( 58, 17)   vdiff=  6.3765E-06 ( 54, 15)
n=  5299   udiff=  3.2897E-06 ( 55, 13)   vdiff=  5.4307E-06 ( 56, 18)
n=  5300   udiff=  4.6622E-06 ( 60, 15)   vdiff=  7.0209E-06 ( 58, 17)
n=  5301   udiff=  3.5614E-06 ( 54, 14)   vdiff=  7.1779E-06 ( 54, 14)
n=  5302   udiff=  2.4877E-06 ( 56, 12)   vdiff=  5.3675E-06 ( 55, 14)
n=  5303   udiff=  4.3223E-06 ( 60, 16)   vdiff=  6.5531E-06 ( 54, 15)
n=  5304   udiff=  4.2298E-06 ( 57, 17)   vdiff=  4.5181E-06 ( 56, 17)
n=  5305   udiff=  3.3560E-06 ( 57, 14)   vdiff=  5.7601E-06 ( 54, 16)
n=  5306   udiff=  3.4113E-06 ( 58, 17)   vdiff=  4.9534E-06 ( 53, 14)
n=  5307   udiff=  4.5859E-06 ( 60, 15)   vdiff=  5.6734E-06 ( 56, 11)
n=  5308   udiff=  4.6798E-06 ( 60, 15)   vdiff=  6.6779E-06 ( 59, 15)
n=  5309   udiff=  4.8117E-06 ( 55, 13)   vdiff=  7.5029E-06 ( 55, 17)
n=  5310   udiff=  4.1465E-06 ( 58, 12)   vdiff=  6.2724E-06 ( 54, 15)
n=  5311   udiff=  3.7719E-06 ( 58, 17)   vdiff=  6.0306E-06 ( 56, 11)
n=  5312   udiff=  3.6461E-06 ( 55, 12)   vdiff=  6.6462E-06 ( 54, 14)
n=  5313   udiff=  5.0602E-06 ( 60, 15)   vdiff=  5.5049E-06 ( 60, 13)
n=  5314   udiff=  4.0000E-06 ( 56, 17)   vdiff=  4.4683E-06 ( 57, 17)
n=  5315   udiff=  3.4727E-06 ( 56, 17)   vdiff=  4.7133E-06 ( 56, 11)
n=  5316   udiff=  3.1285E-06 ( 54, 15)   vdiff=  6.6857E-06 ( 54, 15)
n=  5317   udiff=  4.1598E-06 ( 58, 16)   vdiff=  7.4991E-06 ( 58, 17)
n=  5318   udiff=  3.2147E-06 ( 58, 14)   vdiff=  4.1721E-06 ( 55, 18)
n=  5319   udiff=  3.9437E-06 ( 55, 13)   vdiff=  4.8424E-06 ( 58, 15)
n=  5320   udiff=  3.1145E-06 ( 56, 13)   vdiff=  4.7630E-06 ( 57, 14)
n=  5321   udiff=  3.8446E-06 ( 60, 16)   vdiff=  5.2653E-06 ( 53, 14)
n=  5322   udiff=  3.8739E-06 ( 61, 10)   vdiff=  6.7194E-06 ( 61, 10)
n=  5323   udiff=  4.3003E-06 ( 55, 13)   vdiff=  6.4665E-06 ( 59,  9)
n=  5324   udiff=  3.2395E-06 ( 58, 17)   vdiff=  4.0076E-06 ( 55, 18)
n=  5325   udiff=  4.2293E-06 ( 58, 12)   vdiff=  7.7987E-06 ( 55, 17)
n=  5326   udiff=  5.2907E-06 ( 55, 14)   vdiff=  6.9062E-06 ( 56, 10)
n=  5327   udiff=  4.2049E-06 ( 60, 16)   vdiff=  6.2217E-06 ( 59, 15)
n=  5328   udiff=  5.3904E-06 ( 57, 14)   vdiff=  5.3424E-06 ( 56, 15)
n=  5329   udiff=  2.7871E-06 ( 57, 14)   vdiff=  5.1113E-06 ( 53, 14)
n=  5330   udiff=  4.0205E-06 ( 56, 17)   vdiff=  5.5742E-06 ( 60, 16)
n=  5331   udiff=  3.3540E-06 ( 54, 15)   vdiff=  5.9525E-06 ( 56, 11)
n=  5332   udiff=  3.2307E-06 ( 55, 13)   vdiff=  5.0654E-06 ( 54, 14)
n=  5333   udiff=  4.0350E-06 ( 58, 14)   vdiff=  6.3771E-06 ( 54, 15)
n=  5334   udiff=  3.6673E-06 ( 54, 12)   vdiff=  6.4558E-06 ( 58, 12)
n=  5335   udiff=  3.3236E-06 ( 55, 13)   vdiff=  4.9563E-06 ( 56, 12)
n=  5336   udiff=  3.1647E-06 ( 56, 17)   vdiff=  5.8561E-06 ( 59, 15)
n=  5337   udiff=  3.3290E-06 ( 58, 18)   vdiff=  4.4590E-06 ( 55, 18)
n=  5338   udiff=  3.8252E-06 ( 60, 16)   vdiff=  5.9415E-06 ( 60, 16)
n=  5339   udiff=  3.7712E-06 ( 55, 12)   vdiff=  6.2565E-06 ( 57, 15)
n=  5340   udiff=  3.9851E-06 ( 61,  9)   vdiff=  7.4273E-06 ( 56, 11)
n=  5341   udiff=  4.1461E-06 ( 60, 15)   vdiff=  6.8415E-06 ( 54, 15)
n=  5342   udiff=  3.2852E-06 ( 55, 13)   vdiff=  5.2671E-06 ( 54, 14)
n=  5343   udiff=  4.5599E-06 ( 57, 14)   vdiff=  5.5641E-06 ( 56, 18)
n=  5344   udiff=  3.6930E-06 ( 60, 16)   vdiff=  5.3565E-06 ( 56, 18)
n=  5345   udiff=  4.0235E-06 ( 56, 11)   vdiff=  5.4101E-06 ( 54, 12)
n=  5346   udiff=  3.0921E-06 ( 60, 15)   vdiff=  6.0982E-06 ( 59, 15)
n=  5347   udiff=  3.4528E-06 ( 60, 10)   vdiff=  5.9787E-06 ( 56, 18)
n=  5348   udiff=  4.0440E-06 ( 60, 16)   vdiff=  5.8284E-06 ( 56, 18)
n=  5349   udiff=  3.0169E-06 ( 53, 14)   vdiff=  4.9032E-06 ( 61, 10)
n=  5350   udiff=  3.5059E-06 ( 56, 11)   vdiff=  7.6726E-06 ( 54, 13)
n=  5351   udiff=  4.5913E-06 ( 60, 15)   vdiff=  6.6250E-06 ( 54, 15)
n=  5352   udiff=  3.5536E-06 ( 57, 15)   vdiff=  6.5932E-06 ( 57, 15)
n=  5353   udiff=  3.6409E-06 ( 56, 10)   vdiff=  5.9297E-06 ( 56, 11)
n=  5354   udiff=  3.5165E-06 ( 55, 12)   vdiff=  5.5375E-06 ( 54, 13)
n=  5355   udiff=  3.4293E-06 ( 60, 16)   vdiff=  5.5114E-06 ( 60, 16)
n=  5356   udiff=  3.2800E-06 ( 58, 14)   vdiff=  5.7331E-06 ( 58, 15)
n=  5357   udiff=  4.5282E-06 ( 58, 17)   vdiff=  6.1924E-06 ( 56, 10)
n=  5358   udiff=  4.4052E-06 ( 57, 17)   vdiff=  6.3854E-06 ( 54, 15)
n=  5359   udiff=  3.3580E-06 ( 60,  9)   vdiff=  5.7089E-06 ( 59, 10)
n=  5360   udiff=  4.3462E-06 ( 60, 16)   vdiff=  6.1312E-06 ( 60, 16)
n=  5361   udiff=  3.8770E-06 ( 54, 13)   vdiff=  6.1279E-06 ( 54, 13)
n=  5362   udiff=  2.7521E-06 ( 57, 18)   vdiff=  5.8549E-06 ( 57, 18)
n=  5363   udiff=  3.0590E-06 ( 56, 11)   vdiff=  4.8506E-06 ( 58, 15)
n=  5364   udiff=  5.0329E-06 ( 60, 15)   vdiff=  7.6655E-06 ( 57, 11)
n=  5365   udiff=  3.5821E-06 ( 57, 17)   vdiff=  6.7140E-06 ( 57, 15)
n=  5366   udiff=  3.6744E-06 ( 57, 17)   vdiff=  5.8649E-06 ( 54, 12)
n=  5367   udiff=  3.7108E-06 ( 58, 17)   vdiff=  6.3697E-06 ( 54, 15)
n=  5368   udiff=  3.7828E-06 ( 60, 16)   vdiff=  6.1705E-06 ( 59, 10)
n=  5369   udiff=  3.6552E-06 ( 56, 11)   vdiff=  5.8287E-06 ( 56, 11)
n=  5370   udiff=  3.5820E-06 ( 58, 12)   vdiff=  7.8783E-06 ( 54, 13)
n=  5371   udiff=  3.0250E-06 ( 54, 15)   vdiff=  6.3987E-06 ( 54, 15)
n=  5372   udiff=  2.9041E-06 ( 54, 16)   vdiff=  5.5730E-06 ( 58, 15)
n=  5373   udiff=  3.9045E-06 ( 56, 11)   vdiff=  5.6396E-06 ( 60, 16)
n=  5374   udiff=  3.7102E-06 ( 55, 13)   vdiff=  5.0202E-06 ( 56, 18)
n=  5375   udiff=  3.0546E-06 ( 56, 17)   vdiff=  5.0630E-06 ( 53, 14)
n=  5376   udiff=  3.1975E-06 ( 56, 11)   vdiff=  6.8428E-06 ( 57, 15)
n=  5377   udiff=  3.9596E-06 ( 55, 12)   vdiff=  6.0808E-06 ( 54, 13)
n=  5378   udiff=  3.1944E-06 ( 58, 14)   vdiff=  5.7826E-06 ( 58, 15)
n=  5379   udiff=  3.5926E-06 ( 58, 12)   vdiff=  5.9521E-06 ( 58, 11)
n=  5380   udiff=  3.7392E-06 ( 60, 16)   vdiff=  5.7884E-06 ( 56, 10)
n=  5381   udiff=  4.4816E-06 ( 55, 11)   vdiff=  8.0625E-06 ( 54, 13)
n=  5382   udiff=  3.2126E-06 ( 54, 15)   vdiff=  6.1328E-06 ( 54, 15)
n=  5383   udiff=  2.7236E-06 ( 57, 14)   vdiff=  5.7639E-06 ( 56, 17)
n=  5384   udiff=  3.5760E-06 ( 56, 10)   vdiff=  6.2517E-06 ( 56, 11)
n=  5385   udiff=  2.9426E-06 ( 57, 14)   vdiff=  6.0397E-06 ( 56, 18)
n=  5386   udiff=  3.9993E-06 ( 53, 14)   vdiff=  6.1707E-06 ( 54, 12)
n=  5387   udiff=  3.8494E-06 ( 58, 17)   vdiff=  7.0619E-06 ( 54, 15)
n=  5388   udiff=  3.3692E-06 ( 56, 10)   vdiff=  5.7137E-06 ( 56, 11)
n=  5389   udiff=  2.8489E-06 ( 59, 11)   vdiff=  4.7290E-06 ( 54, 14)
n=  5390   udiff=  3.6887E-06 ( 56, 17)   vdiff=  6.0729E-06 ( 58, 10)
n=  5391   udiff=  4.0292E-06 ( 60, 16)   vdiff=  6.6070E-06 ( 57, 15)
n=  5392   udiff=  3.3069E-06 ( 56, 18)   vdiff=  5.6028E-06 ( 54, 16)
n=  5393   udiff=  4.0472E-06 ( 58, 16)   vdiff=  7.1752E-06 ( 58, 17)
n=  5394   udiff=  3.5860E-06 ( 56, 10)   vdiff=  5.7802E-06 ( 58, 11)
n=  5395   udiff=  4.7485E-06 ( 54, 13)   vdiff=  6.6540E-06 ( 54, 15)
n=  5396   udiff=  3.8370E-06 ( 54, 13)   vdiff=  5.3984E-06 ( 54, 16)
n=  5397   udiff=  3.6187E-06 ( 56, 12)   vdiff=  5.8778E-06 ( 56, 11)
n=  5398   udiff=  3.3450E-06 ( 55, 12)   vdiff=  4.6091E-06 ( 54, 12)
n=  5399   udiff=  4.1274E-06 ( 58, 17)   vdiff=  6.4611E-06 ( 57, 15)
n=  5400   udiff=  3.7004E-06 ( 57, 12)   vdiff=  5.9480E-06 ( 56, 11)
n=  5401   udiff=  3.1359E-06 ( 57, 12)   vdiff=  5.6134E-06 ( 58, 11)
n=  5402   udiff=  2.8779E-06 ( 56, 18)   vdiff=  3.8444E-06 ( 57, 14)
n=  5403   udiff=  4.2462E-06 ( 55, 12)   vdiff=  7.5294E-06 ( 56, 11)
n=  5404   udiff=  4.0585E-06 ( 60, 16)   vdiff=  6.0441E-06 ( 60, 16)
n=  5405   udiff=  3.2170E-06 ( 55, 17)   vdiff=  5.6149E-06 ( 57, 15)
n=  5406   udiff=  2.7607E-06 ( 56, 18)   vdiff=  4.9085E-06 ( 55, 13)
n=  5407   udiff=  3.4783E-06 ( 54, 14)   vdiff=  4.6824E-06 ( 58, 18)
n=  5408   udiff=  3.8398E-06 ( 56, 17)   vdiff=  5.6620E-06 ( 54, 12)
n=  5409   udiff=  4.3825E-06 ( 60, 16)   vdiff=  5.7613E-06 ( 60, 16)
n=  5410   udiff=  3.3545E-06 ( 57, 15)   vdiff=  5.9895E-06 ( 57, 15)
n=  5411   udiff=  3.3944E-06 ( 56, 11)   vdiff=  5.8585E-06 ( 58, 10)
n=  5412   udiff=  3.6530E-06 ( 58, 17)   vdiff=  4.9952E-06 ( 56, 18)
n=  5413   udiff=  5.1799E-06 ( 54, 15)   vdiff=  5.8388E-06 ( 53, 15)
n=  5414   udiff=  4.3417E-06 ( 57, 17)   vdiff=  6.3631E-06 ( 57, 15)
n=  5415   udiff=  3.9148E-06 ( 57, 17)   vdiff=  5.5916E-06 ( 60, 16)
n=  5416   udiff=  3.2591E-06 ( 54, 13)   vdiff=  5.0729E-06 ( 54, 14)
n=  5417   udiff=  3.2912E-06 ( 56, 11)   vdiff=  5.7979E-06 ( 59, 10)
n=  5418   udiff=  3.6199E-06 ( 56, 14)   vdiff=  6.7267E-06 ( 57, 15)
n=  5419   udiff=  3.3363E-06 ( 55, 11)   vdiff=  5.4103E-06 ( 58, 15)
n=  5420   udiff=  3.8390E-06 ( 60, 16)   vdiff=  5.4837E-06 ( 60, 16)
n=  5421   udiff=  3.6610E-06 ( 54, 13)   vdiff=  5.5238E-06 ( 56, 17)
n=  5422   udiff=  3.5482E-06 ( 54, 15)   vdiff=  5.2623E-06 ( 57, 15)
n=  5423   udiff=  3.5319E-06 ( 56, 11)   vdiff=  4.7640E-06 ( 57, 14)
n=  5424   udiff=  4.0316E-06 ( 54, 14)   vdiff=  7.5319E-06 ( 54, 13)
n=  5425   udiff=  3.7057E-06 ( 56, 10)   vdiff=  5.8297E-06 ( 56, 17)
n=  5426   udiff=  3.9417E-06 ( 60, 16)   vdiff=  5.6947E-06 ( 60, 16)
n=  5427   udiff=  3.6987E-06 ( 57, 15)   vdiff=  6.3412E-06 ( 57, 15)
n=  5428   udiff=  3.5636E-06 ( 58, 12)   vdiff=  5.7106E-06 ( 58, 11)
n=  5429   udiff=  3.0907E-06 ( 54, 12)   vdiff=  6.8889E-06 ( 54, 14)
n=  5430   udiff=  2.7734E-06 ( 56, 17)   vdiff=  6.6807E-06 ( 54, 15)
n=  5431   udiff=  3.1005E-06 ( 54, 13)   vdiff=  5.1997E-06 ( 61, 13)
n=  5432   udiff=  4.4400E-06 ( 55, 12)   vdiff=  6.4133E-06 ( 58, 18)
n=  5433   udiff=  4.2925E-06 ( 56, 11)   vdiff=  6.3641E-06 ( 56, 11)
n=  5434   udiff=  2.9375E-06 ( 56, 17)   vdiff=  5.2270E-06 ( 58, 11)
n=  5435   udiff=  3.0456E-06 ( 58, 17)   vdiff=  5.5283E-06 ( 59, 12)
n=  5436   udiff=  3.4642E-06 ( 57, 17)   vdiff=  5.8225E-06 ( 56, 11)
n=  5437   udiff=  4.7644E-06 ( 57, 17)   vdiff=  5.1473E-06 ( 54, 16)
n=  5438   udiff=  4.1532E-06 ( 60, 16)   vdiff=  5.9455E-06 ( 59, 15)
n=  5439   udiff=  4.2704E-06 ( 55, 13)   vdiff=  5.8711E-06 ( 54, 14)
n=  5440   udiff=  3.0349E-06 ( 58, 12)   vdiff=  7.4686E-06 ( 54, 15)
n=  5441   udiff=  4.0390E-06 ( 59, 11)   vdiff=  6.9118E-06 ( 58, 17)
n=  5442   udiff=  2.8827E-06 ( 54, 15)   vdiff=  5.6816E-06 ( 61, 13)
n=  5443   udiff=  3.2797E-06 ( 56, 12)   vdiff=  7.5924E-06 ( 56, 11)
n=  5444   udiff=  3.0133E-06 ( 55, 17)   vdiff=  5.4587E-06 ( 56, 17)
n=  5445   udiff=  3.3279E-06 ( 54, 15)   vdiff=  5.5706E-06 ( 57, 18)
n=  5446   udiff=  4.0490E-06 ( 60, 16)   vdiff=  6.3825E-06 ( 59, 15)
n=  5447   udiff=  3.1910E-06 ( 54, 14)   vdiff=  5.2737E-06 ( 56, 18)
n=  5448   udiff=  3.2837E-06 ( 55, 17)   vdiff=  7.9275E-06 ( 54, 13)
n=  5449   udiff=  3.1044E-06 ( 56, 17)   vdiff=  5.6545E-06 ( 59, 12)
n=  5450   udiff=  2.7822E-06 ( 54, 16)   vdiff=  6.0338E-06 ( 56, 18)
n=  5451   udiff=  3.8913E-06 ( 60, 16)   vdiff=  6.2941E-06 ( 60, 16)
n=  5452   udiff=  2.6496E-06 ( 56, 13)   vdiff=  4.9107E-06 ( 54, 16)
n=  5453   udiff=  4.4227E-06 ( 55, 14)   vdiff=  6.1559E-06 ( 59, 15)
n=  5454   udiff=  4.0945E-06 ( 55, 12)   vdiff=  7.3844E-06 ( 56, 11)
n=  5455   udiff=  3.0871E-06 ( 60, 10)   vdiff=  6.0610E-06 ( 59, 10)
n=  5456   udiff=  3.3352E-06 ( 58, 12)   vdiff=  5.8735E-06 ( 58, 11)
n=  5457   udiff=  3.8812E-06 ( 60, 16)   vdiff=  6.3001E-06 ( 56, 11)
n=  5458   udiff=  2.7140E-06 ( 56, 17)   vdiff=  4.5956E-06 ( 55, 18)
n=  5459   udiff=  2.6765E-06 ( 56, 18)   vdiff=  5.2482E-06 ( 54, 14)
n=  5460   udiff=  3.7633E-06 ( 55, 12)   vdiff=  6.4365E-06 ( 57, 15)
n=  5461   udiff=  3.6195E-06 ( 58, 17)   vdiff=  5.8768E-06 ( 58, 15)
n=  5462   udiff=  4.1126E-06 ( 56, 11)   vdiff=  4.7249E-06 ( 56, 11)
n=  5463   udiff=  5.1184E-06 ( 58, 17)   vdiff=  6.1605E-06 ( 60, 16)
n=  5464   udiff=  3.4069E-06 ( 55, 13)   vdiff=  6.5168E-06 ( 56, 10)
n=  5465   udiff=  2.6288E-06 ( 56, 18)   vdiff=  4.2801E-06 ( 55, 11)
n=  5466   udiff=  4.0114E-06 ( 54, 13)   vdiff=  5.8101E-06 ( 59, 10)
n=  5467   udiff=  2.5043E-06 ( 60, 15)   vdiff=  5.1839E-06 ( 54, 15)
n=  5468   udiff=  3.9077E-06 ( 56, 10)   vdiff=  6.5026E-06 ( 54, 13)
n=  5469   udiff=  4.1930E-06 ( 60, 16)   vdiff=  6.3029E-06 ( 60, 16)
n=  5470   udiff=  3.1845E-06 ( 54, 14)   vdiff=  5.8438E-06 ( 58, 11)
n=  5471   udiff=  3.1253E-06 ( 57, 16)   vdiff=  5.4858E-06 ( 56, 18)
n=  5472   udiff=  2.3289E-06 ( 56, 19)   vdiff=  5.7328E-06 ( 56, 18)
n=  5473   udiff=  3.4897E-06 ( 54, 15)   vdiff=  6.3999E-06 ( 56, 10)
n=  5474   udiff=  3.8592E-06 ( 54, 15)   vdiff=  6.6926E-06 ( 57, 15)
n=  5475   udiff=  3.9795E-06 ( 60, 16)   vdiff=  5.9199E-06 ( 54, 15)
n=  5476   udiff=  3.6274E-06 ( 57, 18)   vdiff=  4.3031E-06 ( 57, 17)
n=  5477   udiff=  3.6148E-06 ( 56, 10)   vdiff=  6.1161E-06 ( 54, 14)
n=  5478   udiff=  3.4800E-06 ( 57, 12)   vdiff=  4.8421E-06 ( 57, 14)
n=  5479   udiff=  2.7365E-06 ( 57, 14)   vdiff=  5.3040E-06 ( 59, 15)
n=  5480   udiff=  3.7656E-06 ( 58, 16)   vdiff=  6.8271E-06 ( 54, 14)
n=  5481   udiff=  3.8819E-06 ( 60, 16)   vdiff=  6.9060E-06 ( 54, 15)
n=  5482   udiff=  2.8779E-06 ( 56, 12)   vdiff=  5.3880E-06 ( 59, 12)
n=  5483   udiff=  3.2733E-06 ( 56, 11)   vdiff=  6.4786E-06 ( 56, 11)
n=  5484   udiff=  3.7186E-06 ( 54, 15)   vdiff=  5.3787E-06 ( 58, 11)
n=  5485   udiff=  2.9500E-06 ( 56, 14)   vdiff=  4.7131E-06 ( 53, 14)
n=  5486   udiff=  3.6613E-06 ( 56, 10)   vdiff=  5.9970E-06 ( 56, 11)
n=  5487   udiff=  2.9001E-06 ( 58, 17)   vdiff=  5.5171E-06 ( 56, 18)
n=  5488   udiff=  4.4280E-06 ( 60, 16)   vdiff=  6.0796E-06 ( 60, 16)
n=  5489   udiff=  3.6529E-06 ( 53, 14)   vdiff=  5.5312E-06 ( 57, 15)
n=  5490   udiff=  3.5541E-06 ( 57, 12)   vdiff=  5.4821E-06 ( 56, 12)
n=  5491   udiff=  3.0207E-06 ( 54, 13)   vdiff=  5.1206E-06 ( 56, 18)
n=  5492   udiff=  3.8108E-06 ( 60, 10)   vdiff=  5.6140E-06 ( 59, 10)
n=  5493   udiff=  3.7444E-06 ( 58, 12)   vdiff=  6.8552E-06 ( 54, 13)
n=  5494   udiff=  4.9013E-06 ( 58, 17)   vdiff=  6.8849E-06 ( 54, 15)
n=  5495   udiff=  3.6732E-06 ( 58, 17)   vdiff=  5.2947E-06 ( 54, 16)
n=  5496   udiff=  3.4025E-06 ( 57, 17)   vdiff=  5.9172E-06 ( 58, 11)
n=  5497   udiff=  4.6524E-06 ( 57, 17)   vdiff=  5.2094E-06 ( 53, 14)
n=  5498   udiff=  4.0748E-06 ( 56, 10)   vdiff=  6.5061E-06 ( 54, 12)
n=  5499   udiff=  3.7814E-06 ( 57, 15)   vdiff=  7.0017E-06 ( 60, 13)
n=  5500   udiff=  3.3831E-06 ( 56, 17)   vdiff=  5.2791E-06 ( 55, 14)
n=  5501   udiff=  4.5072E-06 ( 58, 16)   vdiff=  7.0614E-06 ( 54, 15)
n=  5502   udiff=  4.2706E-06 ( 61, 15)   vdiff=  5.8742E-06 ( 60, 16)
n=  5503   udiff=  2.8565E-06 ( 54, 14)   vdiff=  4.5072E-06 ( 54, 14)
n=  5504   udiff=  4.0043E-06 ( 59, 10)   vdiff=  6.7125E-06 ( 54, 13)
n=  5505   udiff=  3.8416E-06 ( 57, 12)   vdiff=  6.7262E-06 ( 56, 10)
n=  5506   udiff=  4.2474E-06 ( 54, 13)   vdiff=  5.7129E-06 ( 54, 16)
n=  5507   udiff=  3.7282E-06 ( 58, 18)   vdiff=  7.1599E-06 ( 54, 15)
n=  5508   udiff=  3.8813E-06 ( 56, 17)   vdiff=  4.6085E-06 ( 57, 17)
n=  5509   udiff=  4.0197E-06 ( 57, 11)   vdiff=  6.3726E-06 ( 54, 13)
n=  5510   udiff=  4.8059E-06 ( 60, 15)   vdiff=  5.2875E-06 ( 53, 14)
n=  5511   udiff=  4.6721E-06 ( 60, 15)   vdiff=  5.2455E-06 ( 56, 17)
n=  5512   udiff=  3.3167E-06 ( 58, 12)   vdiff=  5.9863E-06 ( 58, 11)
n=  5513   udiff=  2.5590E-06 ( 57, 14)   vdiff=  5.7506E-06 ( 54, 14)
n=  5514   udiff=  4.9091E-06 ( 55, 12)   vdiff=  6.9085E-06 ( 54, 15)
n=  5515   udiff=  3.4624E-06 ( 58, 17)   vdiff=  5.0913E-06 ( 59, 15)
n=  5516   udiff=  3.8004E-06 ( 55, 13)   vdiff=  6.0234E-06 ( 56, 17)
n=  5517   udiff=  3.5691E-06 ( 58, 12)   vdiff=  6.0535E-06 ( 58, 11)
n=  5518   udiff=  3.6064E-06 ( 56, 10)   vdiff=  6.5099E-06 ( 54, 13)
n=  5519   udiff=  2.8403E-06 ( 58, 15)   vdiff=  5.9832E-06 ( 59, 15)
n=  5520   udiff=  3.8427E-06 ( 58, 16)   vdiff=  6.0805E-06 ( 60, 10)
n=  5521   udiff=  3.7342E-06 ( 60, 16)   vdiff=  5.4565E-06 ( 60, 16)
n=  5522   udiff=  4.0852E-06 ( 58, 12)   vdiff=  5.6798E-06 ( 58, 11)
n=  5523   udiff=  4.0936E-06 ( 55, 11)   vdiff=  7.5247E-06 ( 54, 13)
n=  5524   udiff=  3.2482E-06 ( 58, 17)   vdiff=  5.6946E-06 ( 56, 17)
n=  5525   udiff=  3.6494E-06 ( 56, 11)   vdiff=  6.4225E-06 ( 56, 11)
n=  5526   udiff=  3.1403E-06 ( 58, 17)   vdiff=  4.9575E-06 ( 57, 15)
n=  5527   udiff=  4.9289E-06 ( 58, 17)   vdiff=  5.3822E-06 ( 54, 14)
n=  5528   udiff=  3.0148E-06 ( 55, 13)   vdiff=  5.1443E-06 ( 56, 17)
n=  5529   udiff=  2.5670E-06 ( 58, 18)   vdiff=  5.3736E-06 ( 57, 11)
n=  5530   udiff=  4.4574E-06 ( 60, 16)   vdiff=  6.3753E-06 ( 56, 11)
n=  5531   udiff=  3.9628E-06 ( 60, 10)   vdiff=  6.9190E-06 ( 60, 13)
n=  5532   udiff=  3.8799E-06 ( 58, 16)   vdiff=  7.7453E-06 ( 55, 17)
n=  5533   udiff=  2.5767E-06 ( 58, 16)   vdiff=  4.9554E-06 ( 57, 15)
n=  5534   udiff=  4.0821E-06 ( 56, 17)   vdiff=  7.7871E-06 ( 56, 11)
n=  5535   udiff=  2.7540E-06 ( 55, 14)   vdiff=  4.2877E-06 ( 59, 16)
n=  5536   udiff=  3.2644E-06 ( 54, 13)   vdiff=  5.0346E-06 ( 54, 14)
n=  5537   udiff=  3.3934E-06 ( 58, 12)   vdiff=  6.2494E-06 ( 58, 11)
n=  5538   udiff=  3.6011E-06 ( 57, 16)   vdiff=  5.2342E-06 ( 54, 15)
n=  5539   udiff=  3.6829E-06 ( 56, 10)   vdiff=  7.0045E-06 ( 54, 13)
n=  5540   udiff=  2.7177E-06 ( 55, 13)   vdiff=  4.3268E-06 ( 57, 18)
n=  5541   udiff=  3.7008E-06 ( 57, 15)   vdiff=  6.8858E-06 ( 57, 15)
n=  5542   udiff=  4.0530E-06 ( 60, 16)   vdiff=  5.9527E-06 ( 59, 15)
n=  5543   udiff=  3.4866E-06 ( 60, 10)   vdiff=  5.9488E-06 ( 60, 10)
n=  5544   udiff=  3.1404E-06 ( 56, 17)   vdiff=  5.2356E-06 ( 53, 14)
n=  5545   udiff=  3.5922E-06 ( 54, 16)   vdiff=  6.0416E-06 ( 58, 17)
n=  5546   udiff=  4.7733E-06 ( 54, 14)   vdiff=  5.9331E-06 ( 56, 11)
n=  5547   udiff=  3.1061E-06 ( 57, 16)   vdiff=  4.9146E-06 ( 57, 14)
n=  5548   udiff=  3.8571E-06 ( 57, 15)   vdiff=  7.0974E-06 ( 57, 15)
n=  5549   udiff=  3.6395E-06 ( 57, 17)   vdiff=  5.0103E-06 ( 54, 16)
n=  5550   udiff=  3.9793E-06 ( 57, 17)   vdiff=  4.4105E-06 ( 59, 16)
n=  5551   udiff=  4.6448E-06 ( 57, 17)   vdiff=  6.0355E-06 ( 56, 11)
n=  5552   udiff=  3.3158E-06 ( 58, 12)   vdiff=  5.6396E-06 ( 58, 11)
n=  5553   udiff=  3.0528E-06 ( 55, 12)   vdiff=  5.6011E-06 ( 54, 16)
n=  5554   udiff=  3.7945E-06 ( 60, 16)   vdiff=  6.2517E-06 ( 60, 10)
n=  5555   udiff=  4.1433E-06 ( 56, 17)   vdiff=  6.7088E-06 ( 57, 15)
n=  5556   udiff=  3.3954E-06 ( 55, 16)   vdiff=  6.0018E-06 ( 56, 18)
n=  5557   udiff=  3.4393E-06 ( 58, 12)   vdiff=  5.8201E-06 ( 58, 11)
n=  5558   udiff=  4.0943E-06 ( 57, 17)   vdiff=  4.4609E-06 ( 58, 18)
n=  5559   udiff=  3.9671E-06 ( 59, 16)   vdiff=  5.1474E-06 ( 56, 12)
n=  5560   udiff=  3.7198E-06 ( 55, 12)   vdiff=  6.4280E-06 ( 54, 14)
n=  5561   udiff=  3.1788E-06 ( 58, 17)   vdiff=  6.7422E-06 ( 54, 15)
n=  5562   udiff=  3.7108E-06 ( 58, 17)   vdiff=  5.1654E-06 ( 57, 11)
n=  5563   udiff=  4.4190E-06 ( 60, 16)   vdiff=  7.6398E-06 ( 56, 11)
n=  5564   udiff=  3.6997E-06 ( 58, 17)   vdiff=  5.6825E-06 ( 59, 10)
n=  5565   udiff=  3.8682E-06 ( 56, 16)   vdiff=  7.3753E-06 ( 56, 17)
n=  5566   udiff=  2.7590E-06 ( 56, 13)   vdiff=  6.2235E-06 ( 53, 15)
n=  5567   udiff=  3.2138E-06 ( 60, 14)   vdiff=  5.4730E-06 ( 59, 15)
n=  5568   udiff=  3.2192E-06 ( 60, 14)   vdiff=  6.3142E-06 ( 56, 12)
n=  5569   udiff=  3.2488E-06 ( 57, 18)   vdiff=  5.7348E-06 ( 54, 16)
n=  5570   udiff=  3.2816E-06 ( 60, 10)   vdiff=  5.9580E-06 ( 60, 10)
n=  5571   udiff=  3.5720E-06 ( 58, 12)   vdiff=  6.1461E-06 ( 58, 12)
n=  5572   udiff=  3.7133E-06 ( 54, 13)   vdiff=  6.4622E-06 ( 57, 15)
n=  5573   udiff=  3.2342E-06 ( 58, 17)   vdiff=  5.5327E-06 ( 59, 15)
n=  5574   udiff=  3.5311E-06 ( 60, 10)   vdiff=  5.5655E-06 ( 59, 10)
n=  5575   udiff=  4.4331E-06 ( 56, 11)   vdiff=  6.3701E-06 ( 56, 10)
n=  5576   udiff=  3.9479E-06 ( 57, 14)   vdiff=  6.5191E-06 ( 54, 15)
n=  5577   udiff=  3.8359E-06 ( 55, 11)   vdiff=  7.0896E-06 ( 54, 13)
n=  5578   udiff=  3.5491E-06 ( 56, 11)   vdiff=  4.5724E-06 ( 53, 14)
n=  5579   udiff=  2.9982E-06 ( 58, 11)   vdiff=  6.4221E-06 ( 55, 17)
n=  5580   udiff=  2.8305E-06 ( 53, 14)   vdiff=  4.5711E-06 ( 59, 16)
n=  5581   udiff=  4.3931E-06 ( 60, 16)   vdiff=  6.2935E-06 ( 60, 16)
n=  5582   udiff=  3.6738E-06 ( 57, 17)   vdiff=  5.8313E-06 ( 54, 12)
n=  5583   udiff=  4.3081E-06 ( 57, 17)   vdiff=  4.9806E-06 ( 54, 16)
n=  5584   udiff=  4.1353E-06 ( 57, 17)   vdiff=  5.6222E-06 ( 59, 10)
n=  5585   udiff=  3.9031E-06 ( 57, 10)   vdiff=  6.8969E-06 ( 57, 11)
n=  5586   udiff=  3.5640E-06 ( 54, 16)   vdiff=  5.5631E-06 ( 59, 15)
n=  5587   udiff=  3.6019E-06 ( 54, 13)   vdiff=  6.5854E-06 ( 57, 15)
n=  5588   udiff=  2.4364E-06 ( 56, 14)   vdiff=  5.9087E-06 ( 56, 17)
n=  5589   udiff=  3.9045E-06 ( 54, 13)   vdiff=  5.6087E-06 ( 56, 18)
n=  5590   udiff=  3.5459E-06 ( 60,  9)   vdiff=  7.0143E-06 ( 54, 15)
n=  5591   udiff=  4.3557E-06 ( 59, 17)   vdiff=  4.5218E-06 ( 56, 18)
n=  5592   udiff=  3.6174E-06 ( 57, 15)   vdiff=  7.1252E-06 ( 54, 13)
n=  5593   udiff=  3.9595E-06 ( 55, 16)   vdiff=  6.4299E-06 ( 55, 17)
n=  5594   udiff=  2.8206E-06 ( 57, 16)   vdiff=  5.9112E-06 ( 56, 17)
n=  5595   udiff=  3.4233E-06 ( 58, 12)   vdiff=  5.3023E-06 ( 53, 14)
n=  5596   udiff=  4.4385E-06 ( 57, 17)   vdiff=  5.5373E-06 ( 59, 10)
n=  5597   udiff=  3.6369E-06 ( 56, 10)   vdiff=  6.6099E-06 ( 53, 15)
n=  5598   udiff=  4.4376E-06 ( 55, 13)   vdiff=  5.0700E-06 ( 54, 13)
n=  5599   udiff=  3.8207E-06 ( 55, 13)   vdiff=  6.1975E-06 ( 57, 18)
n=  5600   udiff=  3.6916E-06 ( 60,  9)   vdiff=  5.4259E-06 ( 59, 10)
n=  5601   udiff=  2.7956E-06 ( 60, 15)   vdiff=  5.2480E-06 ( 59, 15)
n=  5602   udiff=  4.5681E-06 ( 57, 17)   vdiff=  6.0239E-06 ( 54, 13)
n=  5603   udiff=  3.3902E-06 ( 56, 10)   vdiff=  5.0157E-06 ( 56, 10)
n=  5604   udiff=  5.4762E-06 ( 60, 15)   vdiff=  6.5106E-06 ( 58, 17)
n=  5605   udiff=  3.0399E-06 ( 55, 14)   vdiff=  4.9868E-06 ( 53, 15)
n=  5606   udiff=  3.5862E-06 ( 60,  9)   vdiff=  5.7699E-06 ( 59, 10)
n=  5607   udiff=  4.1001E-06 ( 57, 17)   vdiff=  6.9200E-06 ( 54, 13)
n=  5608   udiff=  3.7830E-06 ( 54, 15)   vdiff=  5.6261E-06 ( 54, 16)
n=  5609   udiff=  4.2542E-06 ( 57, 16)   vdiff=  6.2685E-06 ( 56, 17)
n=  5610   udiff=  3.2455E-06 ( 56, 11)   vdiff=  5.1066E-06 ( 57, 18)
n=  5611   udiff=  2.7576E-06 ( 53, 14)   vdiff=  6.2005E-06 ( 55, 17)
n=  5612   udiff=  4.0783E-06 ( 55, 12)   vdiff=  4.4137E-06 ( 55, 18)
n=  5613   udiff=  3.5691E-06 ( 57, 17)   vdiff=  5.3158E-06 ( 59, 15)
n=  5614   udiff=  4.5446E-06 ( 57, 17)   vdiff=  5.5533E-06 ( 58, 18)
n=  5615   udiff=  4.1636E-06 ( 58, 10)   vdiff=  6.2208E-06 ( 58, 11)
n=  5616   udiff=  3.4726E-06 ( 60,  9)   vdiff=  7.2526E-06 ( 54, 15)
n=  5617   udiff=  3.4781E-06 ( 56,  9)   vdiff=  7.1508E-06 ( 56, 11)
n=  5618   udiff=  2.8980E-06 ( 57, 18)   vdiff=  4.8516E-06 ( 56, 18)
n=  5619   udiff=  4.7576E-06 ( 58, 17)   vdiff=  6.5583E-06 ( 60, 16)
n=  5620   udiff=  3.9526E-06 ( 58, 17)   vdiff=  4.9433E-06 ( 57, 18)
n=  5621   udiff=  4.1900E-06 ( 55, 13)   vdiff=  5.5228E-06 ( 54, 16)
n=  5622   udiff=  3.6676E-06 ( 60,  9)   vdiff=  6.2071E-06 ( 54, 15)
n=  5623   udiff=  3.1653E-06 ( 56, 18)   vdiff=  5.0579E-06 ( 56, 17)
n=  5624   udiff=  4.3145E-06 ( 55, 12)   vdiff=  6.2231E-06 ( 54, 13)
n=  5625   udiff=  3.0270E-06 ( 52, 19)   vdiff=  5.3413E-06 ( 61, 10)
n=  5626   udiff=  3.7422E-06 ( 56, 12)   vdiff=  9.0045E-06 ( 56, 11)
n=  5627   udiff=  2.6682E-06 ( 57, 16)   vdiff=  6.1033E-06 ( 56, 18)
n=  5628   udiff=  3.4708E-06 ( 54, 13)   vdiff=  5.2349E-06 ( 56, 18)
n=  5629   udiff=  3.6349E-06 ( 57, 17)   vdiff=  6.1059E-06 ( 58, 11)
n=  5630   udiff=  3.8566E-06 ( 57, 15)   vdiff=  7.7613E-06 ( 54, 13)
n=  5631   udiff=  2.9981E-06 ( 56, 10)   vdiff=  7.0216E-06 ( 54, 15)
n=  5632   udiff=  3.3550E-06 ( 58, 16)   vdiff=  6.3527E-06 ( 58, 17)
n=  5633   udiff=  4.3867E-06 ( 60, 15)   vdiff=  5.9033E-06 ( 56, 17)
n=  5634   udiff=  3.6274E-06 ( 56, 13)   vdiff=  7.4293E-06 ( 54, 13)
n=  5635   udiff=  3.5391E-06 ( 57, 17)   vdiff=  4.6427E-06 ( 56, 11)
n=  5636   udiff=  2.9693E-06 ( 57, 18)   vdiff=  5.0462E-06 ( 53, 14)
n=  5637   udiff=  3.2520E-06 ( 60,  9)   vdiff=  5.6974E-06 ( 59, 10)
n=  5638   udiff=  4.1468E-06 ( 56, 11)   vdiff=  8.0575E-06 ( 56, 11)
n=  5639   udiff=  3.0727E-06 ( 55, 12)   vdiff=  4.9178E-06 ( 55, 14)
n=  5640   udiff=  3.7680E-06 ( 58, 17)   vdiff=  5.2187E-06 ( 54, 15)
n=  5641   udiff=  4.6332E-06 ( 58, 17)   vdiff=  6.4098E-06 ( 54, 14)
n=  5642   udiff=  3.8935E-06 ( 56, 13)   vdiff=  4.1031E-06 ( 57, 18)
n=  5643   udiff=  3.3910E-06 ( 60, 10)   vdiff=  5.7720E-06 ( 56, 17)
n=  5644   udiff=  3.6447E-06 ( 54, 13)   vdiff=  6.4566E-06 ( 54, 13)
n=  5645   udiff=  3.0888E-06 ( 60, 14)   vdiff=  6.2953E-06 ( 59, 15)
n=  5646   udiff=  3.7345E-06 ( 55, 16)   vdiff=  6.8343E-06 ( 61, 10)
n=  5647   udiff=  3.5777E-06 ( 56, 10)   vdiff=  6.2335E-06 ( 56, 11)
n=  5648   udiff=  3.5948E-06 ( 59, 17)   vdiff=  4.2627E-06 ( 54, 16)
n=  5649   udiff=  3.1509E-06 ( 55, 12)   vdiff=  5.1638E-06 ( 55, 14)
n=  5650   udiff=  4.1668E-06 ( 55, 14)   vdiff=  6.1415E-06 ( 57, 18)
n=  5651   udiff=  3.3003E-06 ( 55, 16)   vdiff=  5.3798E-06 ( 56, 17)
n=  5652   udiff=  4.3019E-06 ( 56, 11)   vdiff=  6.3723E-06 ( 58, 17)
n=  5653   udiff=  3.9096E-06 ( 56, 11)   vdiff=  5.3247E-06 ( 57, 15)
n=  5654   udiff=  3.3143E-06 ( 54, 15)   vdiff=  4.9946E-06 ( 54, 16)
n=  5655   udiff=  3.4470E-06 ( 56, 14)   vdiff=  6.2308E-06 ( 56, 18)
n=  5656   udiff=  3.2070E-06 ( 56, 10)   vdiff=  5.8753E-06 ( 56, 11)
n=  5657   udiff=  3.1234E-06 ( 55, 13)   vdiff=  7.0791E-06 ( 54, 13)
n=  5658   udiff=  5.7472E-06 ( 54, 15)   vdiff=  6.3277E-06 ( 58, 17)
n=  5659   udiff=  3.5845E-06 ( 56, 10)   vdiff=  5.2988E-06 ( 56, 17)
n=  5660   udiff=  3.3812E-06 ( 56, 11)   vdiff=  5.0805E-06 ( 55, 14)
n=  5661   udiff=  3.1853E-06 ( 56, 11)   vdiff=  4.5206E-06 ( 56, 18)
n=  5662   udiff=  2.6246E-06 ( 55, 13)   vdiff=  4.7739E-06 ( 56, 18)
n=  5663   udiff=  4.3431E-06 ( 57, 17)   vdiff=  6.1012E-06 ( 58, 17)
n=  5664   udiff=  3.5013E-06 ( 55, 12)   vdiff=  7.0030E-06 ( 61, 10)
n=  5665   udiff=  3.6201E-06 ( 56, 10)   vdiff=  5.9655E-06 ( 54, 15)
n=  5666   udiff=  3.7505E-06 ( 54, 14)   vdiff=  4.3633E-06 ( 56, 18)
n=  5667   udiff=  5.8051E-06 ( 58, 17)   vdiff=  5.3608E-06 ( 57, 15)
n=  5668   udiff=  3.8443E-06 ( 56, 11)   vdiff=  6.1260E-06 ( 56, 10)
n=  5669   udiff=  3.0510E-06 ( 56, 14)   vdiff=  4.4072E-06 ( 56, 18)
n=  5670   udiff=  5.1632E-06 ( 55, 13)   vdiff=  5.4155E-06 ( 56, 18)
n=  5671   udiff=  4.8052E-06 ( 55, 13)   vdiff=  6.0204E-06 ( 56, 18)
n=  5672   udiff=  3.5051E-06 ( 60,  9)   vdiff=  7.1839E-06 ( 57, 15)
n=  5673   udiff=  2.6585E-06 ( 58, 18)   vdiff=  6.9391E-06 ( 54, 15)
n=  5674   udiff=  3.4773E-06 ( 54, 12)   vdiff=  6.5571E-06 ( 54, 14)
n=  5675   udiff=  3.2508E-06 ( 54, 15)   vdiff=  5.6913E-06 ( 55, 14)
n=  5676   udiff=  3.3715E-06 ( 55, 16)   vdiff=  7.3172E-06 ( 55, 17)
n=  5677   udiff=  3.9477E-06 ( 56, 11)   vdiff=  5.5869E-06 ( 56, 17)
n=  5678   udiff=  3.6346E-06 ( 59, 17)   vdiff=  5.7659E-06 ( 57, 17)
n=  5679   udiff=  3.3546E-06 ( 54, 14)   vdiff=  6.4749E-06 ( 56, 10)
n=  5680   udiff=  3.6223E-06 ( 58, 12)   vdiff=  5.9336E-06 ( 58, 11)
n=  5681   udiff=  4.3035E-06 ( 55, 11)   vdiff=  7.1185E-06 ( 54, 13)
n=  5682   udiff=  3.6494E-06 ( 58, 16)   vdiff=  6.6723E-06 ( 58, 17)
n=  5683   udiff=  3.6647E-06 ( 56, 11)   vdiff=  7.0006E-06 ( 54, 15)
n=  5684   udiff=  3.9591E-06 ( 54, 14)   vdiff=  5.4159E-06 ( 56, 18)
n=  5685   udiff=  3.0785E-06 ( 54, 12)   vdiff=  6.4141E-06 ( 54, 13)
n=  5686   udiff=  4.5021E-06 ( 57, 11)   vdiff=  6.4744E-06 ( 57, 11)
n=  5687   udiff=  2.9300E-06 ( 58, 17)   vdiff=  5.7321E-06 ( 56, 18)
n=  5688   udiff=  3.7574E-06 ( 57, 15)   vdiff=  6.2561E-06 ( 57, 15)
n=  5689   udiff=  3.9553E-06 ( 58, 17)   vdiff=  5.3855E-06 ( 56, 10)
n=  5690   udiff=  4.2380E-06 ( 55, 12)   vdiff=  6.0718E-06 ( 58, 11)
n=  5691   udiff=  3.9788E-06 ( 56, 16)   vdiff=  7.3522E-06 ( 56, 17)
n=  5692   udiff=  3.3571E-06 ( 57, 15)   vdiff=  6.6745E-06 ( 57, 15)
n=  5693   udiff=  3.3824E-06 ( 55, 12)   vdiff=  5.1343E-06 ( 55, 14)
n=  5694   udiff=  3.4678E-06 ( 54, 13)   vdiff=  6.1948E-06 ( 58, 17)
n=  5695   udiff=  3.7797E-06 ( 54, 15)   vdiff=  7.5847E-06 ( 54, 15)
n=  5696   udiff=  3.4129E-06 ( 55, 14)   vdiff=  5.4677E-06 ( 55, 14)
n=  5697   udiff=  3.8116E-06 ( 57, 17)   vdiff=  5.6641E-06 ( 58, 11)
n=  5698   udiff=  3.9260E-06 ( 57, 12)   vdiff=  7.4638E-06 ( 56, 11)
n=  5699   udiff=  3.2559E-06 ( 55, 17)   vdiff=  6.1941E-06 ( 56, 18)
n=  5700   udiff=  3.5914E-06 ( 58, 16)   vdiff=  5.8336E-06 ( 59, 10)
n=  5701   udiff=  3.5933E-06 ( 56, 13)   vdiff=  5.8837E-06 ( 59, 15)
n=  5702   udiff=  3.2618E-06 ( 58, 17)   vdiff=  5.2248E-06 ( 53, 14)
n=  5703   udiff=  3.7048E-06 ( 57, 17)   vdiff=  5.3480E-06 ( 54, 16)
n=  5704   udiff=  5.3942E-06 ( 55, 14)   vdiff=  7.1311E-06 ( 54, 13)
n=  5705   udiff=  3.1979E-06 ( 58, 17)   vdiff=  4.8459E-06 ( 53, 14)
n=  5706   udiff=  4.6735E-06 ( 56, 11)   vdiff=  6.5605E-06 ( 56, 11)
n=  5707   udiff=  4.3125E-06 ( 59, 16)   vdiff=  5.5083E-06 ( 58, 15)
n=  5708   udiff=  2.6592E-06 ( 58, 12)   vdiff=  5.3040E-06 ( 56, 18)
n=  5709   udiff=  3.8621E-06 ( 56, 10)   vdiff=  7.0482E-06 ( 54, 13)
n=  5710   udiff=  3.2909E-06 ( 57, 15)   vdiff=  7.1089E-06 ( 57, 15)
n=  5711   udiff=  3.4848E-06 ( 58, 12)   vdiff=  5.8786E-06 ( 58, 11)
n=  5712   udiff=  3.6376E-06 ( 58, 17)   vdiff=  6.1704E-06 ( 56, 11)
n=  5713   udiff=  4.9655E-06 ( 58, 17)   vdiff=  6.1904E-06 ( 58, 17)
n=  5714   udiff=  3.5656E-06 ( 54, 16)   vdiff=  6.3762E-06 ( 54, 14)
n=  5715   udiff=  3.1279E-06 ( 54, 16)   vdiff=  6.0260E-06 ( 54, 15)
n=  5716   udiff=  3.6322E-06 ( 56, 12)   vdiff=  6.5043E-06 ( 56, 10)
n=  5717   udiff=  3.6146E-06 ( 56, 16)   vdiff=  7.8596E-06 ( 55, 17)
n=  5718   udiff=  3.8640E-06 ( 55, 10)   vdiff=  6.8764E-06 ( 57, 15)
n=  5719   udiff=  3.6004E-06 ( 55, 12)   vdiff=  6.6491E-06 ( 54, 14)
n=  5720   udiff=  3.3938E-06 ( 59, 16)   vdiff=  5.6613E-06 ( 58, 18)
n=  5721   udiff=  3.5210E-06 ( 60, 10)   vdiff=  5.5930E-06 ( 59, 10)
n=  5722   udiff=  3.6033E-06 ( 58, 12)   vdiff=  5.4539E-06 ( 56, 18)
n=  5723   udiff=  3.9382E-06 ( 56, 10)   vdiff=  6.1417E-06 ( 54, 15)
n=  5724   udiff=  3.0430E-06 ( 57, 18)   vdiff=  4.8274E-06 ( 56, 18)
n=  5725   udiff=  3.9519E-06 ( 57, 15)   vdiff=  6.5675E-06 ( 57, 15)
n=  5726   udiff=  3.7322E-06 ( 58, 16)   vdiff=  7.7430E-06 ( 56, 11)
n=  5727   udiff=  2.8680E-06 ( 56, 17)   vdiff=  6.0593E-06 ( 59, 10)
n=  5728   udiff=  2.5871E-06 ( 56, 12)   vdiff=  4.8872E-06 ( 55, 13)
n=  5729   udiff=  3.1484E-06 ( 53, 14)   vdiff=  4.3997E-06 ( 56, 15)
n=  5730   udiff=  4.0854E-06 ( 55, 12)   vdiff=  4.4038E-06 ( 56, 18)
n=  5731   udiff=  3.9949E-06 ( 54, 14)   vdiff=  5.2369E-06 ( 56, 17)
n=  5732   udiff=  3.7679E-06 ( 58, 16)   vdiff=  6.3772E-06 ( 58, 17)
n=  5733   udiff=  2.9026E-06 ( 55, 13)   vdiff=  7.1020E-06 ( 54, 15)
n=  5734   udiff=  3.6432E-06 ( 56, 11)   vdiff=  7.8495E-06 ( 54, 13)
n=  5735   udiff=  2.8799E-06 ( 59, 17)   vdiff=  6.0430E-06 ( 56, 18)
n=  5736   udiff=  3.4173E-06 ( 60, 10)   vdiff=  5.4389E-06 ( 59, 10)
n=  5737   udiff=  3.5070E-06 ( 57, 14)   vdiff=  5.2321E-06 ( 54, 16)
n=  5738   udiff=  3.6851E-06 ( 57, 17)   vdiff=  5.4355E-06 ( 61, 13)
n=  5739   udiff=  4.6473E-06 ( 58, 17)   vdiff=  5.0995E-06 ( 58, 17)
n=  5740   udiff=  3.7663E-06 ( 59, 14)   vdiff=  7.3129E-06 ( 59, 15)
n=  5741   udiff=  3.8904E-06 ( 54, 16)   vdiff=  4.8094E-06 ( 57, 18)
n=  5742   udiff=  3.5565E-06 ( 56, 11)   vdiff=  5.8566E-06 ( 56, 18)
n=  5743   udiff=  3.4709E-06 ( 54, 12)   vdiff=  6.1601E-06 ( 54, 13)
n=  5744   udiff=  3.3392E-06 ( 58, 16)   vdiff=  6.4670E-06 ( 54, 15)
n=  5745   udiff=  3.9472E-06 ( 54, 16)   vdiff=  6.4600E-06 ( 57, 15)
n=  5746   udiff=  3.6980E-06 ( 55, 12)   vdiff=  5.6913E-06 ( 56, 12)
n=  5747   udiff=  2.8167E-06 ( 57, 14)   vdiff=  5.9806E-06 ( 56, 18)
n=  5748   udiff=  3.0219E-06 ( 57, 18)   vdiff=  5.2088E-06 ( 55, 14)
n=  5749   udiff=  4.1551E-06 ( 55, 12)   vdiff=  5.8140E-06 ( 54, 13)
n=  5750   udiff=  3.9571E-06 ( 55, 16)   vdiff=  6.1990E-06 ( 58, 17)
n=  5751   udiff=  2.8830E-06 ( 54, 12)   vdiff=  4.2890E-06 ( 56, 18)
n=  5752   udiff=  4.5050E-06 ( 57, 14)   vdiff=  5.9755E-06 ( 56, 15)
n=  5753   udiff=  4.0575E-06 ( 60, 16)   vdiff=  5.8292E-06 ( 60, 16)
n=  5754   udiff=  3.2005E-06 ( 54, 12)   vdiff=  6.8521E-06 ( 54, 14)
n=  5755   udiff=  3.9042E-06 ( 57, 17)   vdiff=  5.5964E-06 ( 59, 15)
n=  5756   udiff=  3.2993E-06 ( 54, 13)   vdiff=  4.9350E-06 ( 56, 18)
n=  5757   udiff=  4.0050E-06 ( 56, 10)   vdiff=  5.8212E-06 ( 59, 10)
n=  5758   udiff=  2.9975E-06 ( 59, 16)   vdiff=  6.5196E-06 ( 58, 17)
n=  5759   udiff=  3.0012E-06 ( 56, 18)   vdiff=  4.9827E-06 ( 57, 18)
n=  5760   udiff=  3.4007E-06 ( 56, 11)   vdiff=  4.9422E-06 ( 55, 11)
n=  5761   udiff=  3.3642E-06 ( 55, 16)   vdiff=  6.1677E-06 ( 56, 18)
n=  5762   udiff=  3.1089E-06 ( 56, 12)   vdiff=  5.4692E-06 ( 56, 18)
n=  5763   udiff=  3.8898E-06 ( 56, 11)   vdiff=  6.8942E-06 ( 54, 15)
n=  5764   udiff=  4.1384E-06 ( 55, 13)   vdiff=  5.8809E-06 ( 59, 12)
n=  5765   udiff=  5.2715E-06 ( 58, 17)   vdiff=  5.8649E-06 ( 56, 18)
n=  5766   udiff=  2.8760E-06 ( 54, 13)   vdiff=  5.2890E-06 ( 56, 18)
n=  5767   udiff=  3.7872E-06 ( 55, 12)   vdiff=  6.7113E-06 ( 54, 14)
n=  5768   udiff=  3.4477E-06 ( 56, 10)   vdiff=  6.2005E-06 ( 56, 11)
n=  5769   udiff=  2.6991E-06 ( 57, 16)   vdiff=  5.3386E-06 ( 56, 18)
n=  5770   udiff=  3.8178E-06 ( 60, 16)   vdiff=  5.8232E-06 ( 57, 18)
n=  5771   udiff=  3.7516E-06 ( 55, 12)   vdiff=  7.2910E-06 ( 56, 11)
n=  5772   udiff=  2.9194E-06 ( 54, 15)   vdiff=  5.2414E-06 ( 57, 18)
n=  5773   udiff=  3.0345E-06 ( 57, 16)   vdiff=  6.2218E-06 ( 59, 15)
n=  5774   udiff=  3.7460E-06 ( 54, 16)   vdiff=  6.6645E-06 ( 58, 17)
n=  5775   udiff=  3.6143E-06 ( 55, 12)   vdiff=  5.8931E-06 ( 59, 12)
n=  5776   udiff=  3.2966E-06 ( 58, 11)   vdiff=  4.4583E-06 ( 56, 18)
n=  5777   udiff=  3.4981E-06 ( 57, 18)   vdiff=  7.5988E-06 ( 55, 17)
n=  5778   udiff=  3.5049E-06 ( 57, 11)   vdiff=  6.5024E-06 ( 54, 13)
n=  5779   udiff=  2.9838E-06 ( 54, 16)   vdiff=  6.3379E-06 ( 54, 15)
n=  5780   udiff=  3.7127E-06 ( 58, 16)   vdiff=  5.9809E-06 ( 58, 17)
n=  5781   udiff=  4.6412E-06 ( 57, 14)   vdiff=  5.6556E-06 ( 54, 14)
n=  5782   udiff=  3.5884E-06 ( 56, 11)   vdiff=  5.4800E-06 ( 58, 12)
n=  5783   udiff=  3.3648E-06 ( 60,  9)   vdiff=  5.6892E-06 ( 59, 15)
n=  5784   udiff=  3.3292E-06 ( 54, 13)   vdiff=  5.2395E-06 ( 60, 12)
n=  5785   udiff=  4.0288E-06 ( 57, 17)   vdiff=  5.4344E-06 ( 59, 12)
n=  5786   udiff=  4.4991E-06 ( 57, 17)   vdiff=  5.3552E-06 ( 54, 15)
n=  5787   udiff=  4.1717E-06 ( 58, 17)   vdiff=  5.0915E-06 ( 58, 17)
n=  5788   udiff=  4.1342E-06 ( 60, 16)   vdiff=  6.8930E-06 ( 60, 16)
n=  5789   udiff=  2.7802E-06 ( 60, 14)   vdiff=  5.8380E-06 ( 56, 10)
n=  5790   udiff=  3.8546E-06 ( 54, 16)   vdiff=  4.9013E-06 ( 57, 18)
n=  5791   udiff=  3.9620E-06 ( 56, 11)   vdiff=  7.1723E-06 ( 54, 13)
n=  5792   udiff=  3.5079E-06 ( 57, 18)   vdiff=  7.0546E-06 ( 54, 15)
n=  5793   udiff=  3.0782E-06 ( 57, 16)   vdiff=  5.4502E-06 ( 54, 16)
n=  5794   udiff=  3.6626E-06 ( 60,  9)   vdiff=  5.4047E-06 ( 60, 10)
n=  5795   udiff=  2.9985E-06 ( 55, 14)   vdiff=  5.1679E-06 ( 57, 18)
n=  5796   udiff=  3.2602E-06 ( 60, 16)   vdiff=  6.7323E-06 ( 60, 16)
n=  5797   udiff=  3.0611E-06 ( 54, 13)   vdiff=  6.3440E-06 ( 54, 13)
n=  5798   udiff=  3.8607E-06 ( 60,  9)   vdiff=  6.4447E-06 ( 57, 18)
n=  5799   udiff=  3.2304E-06 ( 54, 15)   vdiff=  5.3741E-06 ( 53, 14)
n=  5800   udiff=  3.9762E-06 ( 55, 17)   vdiff=  4.2069E-06 ( 57, 17)
n=  5801   udiff=  3.9526E-06 ( 55, 12)   vdiff=  6.9460E-06 ( 54, 14)
n=  5802   udiff=  3.3649E-06 ( 53, 14)   vdiff=  5.5967E-06 ( 59, 15)
n=  5803   udiff=  3.7545E-06 ( 57, 16)   vdiff=  6.2074E-06 ( 56, 18)
n=  5804   udiff=  3.1610E-06 ( 59, 12)   vdiff=  5.5082E-06 ( 56, 18)
n=  5805   udiff=  3.8609E-06 ( 56, 11)   vdiff=  6.2461E-06 ( 56, 10)
n=  5806   udiff=  3.6375E-06 ( 58, 17)   vdiff=  5.7429E-06 ( 58, 11)
n=  5807   udiff=  3.6355E-06 ( 55, 12)   vdiff=  5.5033E-06 ( 56, 18)
n=  5808   udiff=  4.0458E-06 ( 55, 12)   vdiff=  6.5938E-06 ( 57, 15)
n=  5809   udiff=  3.2256E-06 ( 56, 17)   vdiff=  4.8699E-06 ( 53, 15)
n=  5810   udiff=  3.0785E-06 ( 60, 14)   vdiff=  5.9298E-06 ( 57, 18)
n=  5811   udiff=  3.3256E-06 ( 55, 13)   vdiff=  5.3957E-06 ( 56, 17)
n=  5812   udiff=  4.4388E-06 ( 57, 10)   vdiff=  6.4314E-06 ( 57, 11)
n=  5813   udiff=  3.6415E-06 ( 55, 11)   vdiff=  6.4173E-06 ( 54, 13)
n=  5814   udiff=  3.3278E-06 ( 60, 10)   vdiff=  5.6357E-06 ( 59, 10)
n=  5815   udiff=  3.2676E-06 ( 56, 16)   vdiff=  7.3072E-06 ( 55, 17)
n=  5816   udiff=  3.4477E-06 ( 57, 12)   vdiff=  6.9432E-06 ( 56, 10)
n=  5817   udiff=  2.7862E-06 ( 56, 17)   vdiff=  6.6925E-06 ( 54, 15)
n=  5818   udiff=  4.1288E-06 ( 60, 10)   vdiff=  6.7926E-06 ( 54, 14)
n=  5819   udiff=  2.7588E-06 ( 60, 15)   vdiff=  5.7554E-06 ( 59, 15)
n=  5820   udiff=  3.2578E-06 ( 60, 14)   vdiff=  5.6772E-06 ( 56, 18)
n=  5821   udiff=  3.4219E-06 ( 57, 16)   vdiff=  5.7143E-06 ( 56, 17)
n=  5822   udiff=  3.3132E-06 ( 58, 17)   vdiff=  5.1856E-06 ( 57, 14)
n=  5823   udiff=  3.8833E-06 ( 57, 17)   vdiff=  7.4476E-06 ( 54, 13)
n=  5824   udiff=  3.6924E-06 ( 58, 17)   vdiff=  5.9000E-06 ( 56, 10)
n=  5825   udiff=  3.5804E-06 ( 54, 13)   vdiff=  5.5935E-06 ( 54, 14)
n=  5826   udiff=  3.4937E-06 ( 54, 14)   vdiff=  6.8725E-06 ( 54, 15)
n=  5827   udiff=  4.2621E-06 ( 54, 14)   vdiff=  4.6905E-06 ( 57, 18)
n=  5828   udiff=  3.8406E-06 ( 60, 10)   vdiff=  6.3099E-06 ( 54, 13)
n=  5829   udiff=  3.8502E-06 ( 57, 14)   vdiff=  6.6430E-06 ( 55, 17)
n=  5830   udiff=  4.1231E-06 ( 57, 17)   vdiff=  5.7487E-06 ( 58, 18)
n=  5831   udiff=  3.0295E-06 ( 56, 17)   vdiff=  5.2146E-06 ( 54, 16)
n=  5832   udiff=  4.7695E-06 ( 60, 15)   vdiff=  7.7400E-06 ( 57, 11)
n=  5833   udiff=  3.4522E-06 ( 60, 14)   vdiff=  5.9849E-06 ( 59, 15)
n=  5834   udiff=  3.2345E-06 ( 60,  9)   vdiff=  5.6275E-06 ( 59, 10)
n=  5835   udiff=  3.6151E-06 ( 58, 16)   vdiff=  6.9021E-06 ( 58, 17)
n=  5836   udiff=  2.5164E-06 ( 54, 12)   vdiff=  5.1380E-06 ( 56, 18)
n=  5837   udiff=  3.5188E-06 ( 57, 14)   vdiff=  5.2565E-06 ( 57, 14)
n=  5838   udiff=  2.9704E-06 ( 54, 13)   vdiff=  5.9526E-06 ( 57, 18)
n=  5839   udiff=  4.1777E-06 ( 54, 15)   vdiff=  7.1061E-06 ( 54, 15)
n=  5840   udiff=  3.4868E-06 ( 56, 10)   vdiff=  6.3246E-06 ( 58, 17)
n=  5841   udiff=  3.4098E-06 ( 55, 12)   vdiff=  6.3120E-06 ( 54, 13)
n=  5842   udiff=  3.8514E-06 ( 57, 14)   vdiff=  5.6085E-06 ( 56, 18)
n=  5843   udiff=  3.2680E-06 ( 56, 10)   vdiff=  5.8670E-06 ( 56, 18)
n=  5844   udiff=  3.4130E-06 ( 60, 10)   vdiff=  5.4897E-06 ( 59, 10)
n=  5845   udiff=  3.8579E-06 ( 58, 12)   vdiff=  7.9281E-06 ( 54, 13)
n=  5846   udiff=  4.0421E-06 ( 57, 15)   vdiff=  6.1567E-06 ( 60, 16)
n=  5847   udiff=  3.6418E-06 ( 56, 16)   vdiff=  7.6653E-06 ( 55, 17)
n=  5848   udiff=  3.2910E-06 ( 54, 14)   vdiff=  7.0133E-06 ( 54, 15)
n=  5849   udiff=  3.2442E-06 ( 55, 12)   vdiff=  6.3774E-06 ( 54, 14)
n=  5850   udiff=  3.9331E-06 ( 57, 14)   vdiff=  5.9694E-06 ( 60, 10)
n=  5851   udiff=  4.0068E-06 ( 57, 17)   vdiff=  6.0665E-06 ( 58, 17)
n=  5852   udiff=  4.8781E-06 ( 60, 15)   vdiff=  7.2386E-06 ( 56, 11)
n=  5853   udiff=  4.0541E-06 ( 55, 12)   vdiff=  5.8073E-06 ( 54, 13)
n=  5854   udiff=  3.2727E-06 ( 55, 17)   vdiff=  6.4680E-06 ( 57, 18)
n=  5855   udiff=  3.0698E-06 ( 55, 17)   vdiff=  5.0132E-06 ( 53, 14)
n=  5856   udiff=  4.3923E-06 ( 57, 10)   vdiff=  7.4545E-06 ( 58, 16)
n=  5857   udiff=  3.0736E-06 ( 54, 15)   vdiff=  5.3500E-06 ( 56, 17)
n=  5858   udiff=  3.8553E-06 ( 58, 12)   vdiff=  5.5841E-06 ( 58, 12)
n=  5859   udiff=  4.5339E-06 ( 57, 17)   vdiff=  5.5847E-06 ( 60, 13)
n=  5860   udiff=  4.0365E-06 ( 54, 13)   vdiff=  6.1384E-06 ( 60, 10)
n=  5861   udiff=  3.2881E-06 ( 56, 10)   vdiff=  5.6463E-06 ( 56, 11)
n=  5862   udiff=  3.3348E-06 ( 55, 17)   vdiff=  6.3283E-06 ( 57, 18)
n=  5863   udiff=  3.5203E-06 ( 57, 14)   vdiff=  5.9467E-06 ( 58, 11)
n=  5864   udiff=  4.3598E-06 ( 60, 15)   vdiff=  6.2512E-06 ( 56, 10)
n=  5865   udiff=  3.3435E-06 ( 54, 15)   vdiff=  6.4982E-06 ( 54, 15)
n=  5866   udiff=  3.7412E-06 ( 56, 11)   vdiff=  7.2633E-06 ( 54, 14)
n=  5867   udiff=  2.8359E-06 ( 57, 17)   vdiff=  4.7636E-06 ( 57, 15)
n=  5868   udiff=  4.3129E-06 ( 60, 16)   vdiff=  6.4330E-06 ( 60, 16)
n=  5869   udiff=  3.7380E-06 ( 55, 13)   vdiff=  5.4664E-06 ( 54, 16)
n=  5870   udiff=  3.3460E-06 ( 60,  9)   vdiff=  6.7595E-06 ( 54, 15)
n=  5871   udiff=  3.4629E-06 ( 57, 16)   vdiff=  6.1125E-06 ( 56, 11)
n=  5872   udiff=  3.1214E-06 ( 60, 15)   vdiff=  5.5456E-06 ( 59, 15)
n=  5873   udiff=  3.2810E-06 ( 54, 15)   vdiff=  5.1031E-06 ( 54, 13)
n=  5874   udiff=  3.5000E-06 ( 57, 18)   vdiff=  4.4549E-06 ( 57, 14)
n=  5875   udiff=  4.8429E-06 ( 57, 15)   vdiff=  6.4807E-06 ( 57, 15)
n=  5876   udiff=  3.8665E-06 ( 55, 13)   vdiff=  5.3428E-06 ( 59, 15)
n=  5877   udiff=  3.1672E-06 ( 57, 12)   vdiff=  5.4335E-06 ( 57, 18)
n=  5878   udiff=  4.6989E-06 ( 54, 13)   vdiff=  6.6520E-06 ( 57, 18)
n=  5879   udiff=  3.8356E-06 ( 54, 13)   vdiff=  5.6430E-06 ( 54, 14)
n=  5880   udiff=  3.5045E-06 ( 57, 18)   vdiff=  6.6451E-06 ( 53, 15)
n=  5881   udiff=  4.4483E-06 ( 57, 17)   vdiff=  4.6355E-06 ( 58, 16)
n=  5882   udiff=  5.2453E-06 ( 57, 17)   vdiff=  6.0801E-06 ( 56, 11)
n=  5883   udiff=  4.9479E-06 ( 57, 17)   vdiff=  6.0561E-06 ( 60, 12)
n=  5884   udiff=  3.1604E-06 ( 57, 17)   vdiff=  5.8687E-06 ( 58, 12)
n=  5885   udiff=  4.0411E-06 ( 54, 15)   vdiff=  6.3491E-06 ( 56, 11)
n=  5886   udiff=  4.3040E-06 ( 57, 17)   vdiff=  4.8333E-06 ( 54, 14)
n=  5887   udiff=  4.3631E-06 ( 57, 17)   vdiff=  6.1829E-06 ( 54, 15)
n=  5888   udiff=  3.1747E-06 ( 58, 12)   vdiff=  4.8445E-06 ( 59, 16)
n=  5889   udiff=  3.8741E-06 ( 57, 17)   vdiff=  6.2020E-06 ( 58, 17)
n=  5890   udiff=  4.6912E-06 ( 57, 17)   vdiff=  6.7913E-06 ( 57, 11)
n=  5891   udiff=  3.1068E-06 ( 60, 14)   vdiff=  5.2902E-06 ( 59, 15)
n=  5892   udiff=  3.4494E-06 ( 60, 14)   vdiff=  6.1665E-06 ( 57, 18)
n=  5893   udiff=  3.4275E-06 ( 55, 12)   vdiff=  5.3340E-06 ( 54, 16)
n=  5894   udiff=  3.8467E-06 ( 56, 10)   vdiff=  6.8764E-06 ( 57, 17)
n=  5895   udiff=  3.6808E-06 ( 56, 10)   vdiff=  5.4759E-06 ( 59, 15)
n=  5896   udiff=  3.4067E-06 ( 55, 12)   vdiff=  6.5086E-06 ( 54, 14)
n=  5897   udiff=  4.4616E-06 ( 55, 12)   vdiff=  6.5612E-06 ( 54, 15)
n=  5898   udiff=  3.8549E-06 ( 54, 14)   vdiff=  5.4226E-06 ( 60, 13)
n=  5899   udiff=  3.2908E-06 ( 54, 13)   vdiff=  5.0409E-06 ( 59, 15)
n=  5900   udiff=  4.0118E-06 ( 57, 15)   vdiff=  6.7812E-06 ( 57, 15)
n=  5901   udiff=  3.2438E-06 ( 60, 10)   vdiff=  5.3792E-06 ( 59, 10)
n=  5902   udiff=  3.3052E-06 ( 56, 11)   vdiff=  4.7339E-06 ( 54, 16)
n=  5903   udiff=  4.6324E-06 ( 58, 17)   vdiff=  4.9155E-06 ( 53, 14)
n=  5904   udiff=  3.5021E-06 ( 57, 14)   vdiff=  4.8188E-06 ( 57, 14)
n=  5905   udiff=  3.3183E-06 ( 60, 10)   vdiff=  6.5064E-06 ( 53, 15)
n=  5906   udiff=  4.2494E-06 ( 54, 16)   vdiff=  7.4493E-06 ( 54, 13)
n=  5907   udiff=  3.1600E-06 ( 54, 14)   vdiff=  4.7131E-06 ( 57, 14)
n=  5908   udiff=  3.0452E-06 ( 57, 15)   vdiff=  7.7706E-06 ( 57, 15)
n=  5909   udiff=  3.4194E-06 ( 58, 15)   vdiff=  6.1017E-06 ( 58, 16)
n=  5910   udiff=  3.3091E-06 ( 58, 17)   vdiff=  5.0266E-06 ( 57, 18)
n=  5911   udiff=  3.0495E-06 ( 53, 14)   vdiff=  4.9112E-06 ( 57, 18)
n=  5912   udiff=  3.7868E-06 ( 56, 13)   vdiff=  5.7583E-06 ( 58, 12)
n=  5913   udiff=  2.8083E-06 ( 60, 14)   vdiff=  5.1839E-06 ( 57, 18)
n=  5914   udiff=  3.2299E-06 ( 57, 17)   vdiff=  7.1391E-06 ( 54, 15)
n=  5915   udiff=  2.2997E-06 ( 60, 15)   vdiff=  6.5617E-06 ( 54, 14)
n=  5916   udiff=  3.8388E-06 ( 61, 10)   vdiff=  6.9679E-06 ( 61, 10)
n=  5917   udiff=  3.3927E-06 ( 55, 13)   vdiff=  5.9562E-06 ( 58, 12)
n=  5918   udiff=  3.6602E-06 ( 55, 17)   vdiff=  7.1376E-06 ( 60, 12)
n=  5919   udiff=  3.6247E-06 ( 57, 12)   vdiff=  5.4779E-06 ( 59, 12)
n=  5920   udiff=  3.6249E-06 ( 55, 12)   vdiff=  5.8024E-06 ( 54, 13)
n=  5921   udiff=  3.2359E-06 ( 54, 14)   vdiff=  6.8459E-06 ( 58, 17)
n=  5922   udiff=  2.8482E-06 ( 57, 17)   vdiff=  4.0001E-06 ( 57, 13)
n=  5923   udiff=  3.6215E-06 ( 57, 10)   vdiff=  6.2776E-06 ( 57, 11)
n=  5924   udiff=  4.0647E-06 ( 56, 13)   vdiff=  5.4971E-06 ( 57, 18)
n=  5925   udiff=  3.5282E-06 ( 57, 18)   vdiff=  5.0265E-06 ( 53, 14)
n=  5926   udiff=  3.2658E-06 ( 57, 18)   vdiff=  5.6761E-06 ( 58, 11)
n=  5927   udiff=  3.1840E-06 ( 55, 12)   vdiff=  5.6866E-06 ( 55, 14)
n=  5928   udiff=  4.5182E-06 ( 57, 15)   vdiff=  7.4261E-06 ( 54, 15)
n=  5929   udiff=  5.0024E-06 ( 55, 17)   vdiff=  5.6312E-06 ( 54, 16)
n=  5930   udiff=  3.2236E-06 ( 55, 17)   vdiff=  5.7173E-06 ( 57, 18)
n=  5931   udiff=  3.8209E-06 ( 60,  9)   vdiff=  6.1532E-06 ( 58, 11)
n=  5932   udiff=  2.7249E-06 ( 55, 17)   vdiff=  5.6652E-06 ( 57, 18)
n=  5933   udiff=  4.0729E-06 ( 60, 16)   vdiff=  6.0934E-06 ( 60, 16)
n=  5934   udiff=  3.1263E-06 ( 53, 14)   vdiff=  5.0793E-06 ( 57, 18)
n=  5935   udiff=  3.4472E-06 ( 54, 12)   vdiff=  6.7470E-06 ( 54, 13)
n=  5936   udiff=  4.7007E-06 ( 57, 11)   vdiff=  6.2094E-06 ( 56, 11)
n=  5937   udiff=  4.1334E-06 ( 57, 16)   vdiff=  5.5041E-06 ( 59, 10)
n=  5938   udiff=  3.0394E-06 ( 54, 16)   vdiff=  4.4770E-06 ( 57, 17)
n=  5939   udiff=  3.5161E-06 ( 56, 10)   vdiff=  4.9834E-06 ( 56, 10)
n=  5940   udiff=  4.2095E-06 ( 54, 14)   vdiff=  6.9071E-06 ( 54, 14)
n=  5941   udiff=  3.2093E-06 ( 58, 17)   vdiff=  5.8873E-06 ( 59, 15)
n=  5942   udiff=  3.4176E-06 ( 58, 17)   vdiff=  5.1864E-06 ( 56, 11)
n=  5943   udiff=  3.6902E-06 ( 57, 17)   vdiff=  5.5447E-06 ( 59, 10)
n=  5944   udiff=  3.6391E-06 ( 57, 14)   vdiff=  4.9555E-06 ( 57, 14)
n=  5945   udiff=  5.2119E-06 ( 54, 15)   vdiff=  7.7298E-06 ( 55, 17)
n=  5946   udiff=  3.5401E-06 ( 54, 15)   vdiff=  5.6577E-06 ( 58, 11)
n=  5947   udiff=  4.2085E-06 ( 55, 12)   vdiff=  5.3832E-06 ( 54, 16)
n=  5948   udiff=  2.9436E-06 ( 60, 14)   vdiff=  5.3130E-06 ( 59, 15)
n=  5949   udiff=  4.0454E-06 ( 56, 11)   vdiff=  6.2769E-06 ( 56, 10)
n=  5950   udiff=  3.5153E-06 ( 55, 13)   vdiff=  5.6719E-06 ( 57, 18)
n=  5951   udiff=  3.1128E-06 ( 57, 16)   vdiff=  5.2007E-06 ( 56, 17)
n=  5952   udiff=  3.7590E-06 ( 57, 14)   vdiff=  6.7735E-06 ( 61, 10)
n=  5953   udiff=  3.4998E-06 ( 55, 12)   vdiff=  6.3930E-06 ( 54, 13)
n=  5954   udiff=  3.4264E-06 ( 56, 11)   vdiff=  5.4143E-06 ( 54, 15)
n=  5955   udiff=  4.3177E-06 ( 54, 15)   vdiff=  5.7564E-06 ( 59, 10)
n=  5956   udiff=  3.7933E-06 ( 56, 18)   vdiff=  4.8595E-06 ( 57, 18)
n=  5957   udiff=  3.4719E-06 ( 56, 18)   vdiff=  6.6973E-06 ( 54, 14)
n=  5958   udiff=  3.9700E-06 ( 58, 14)   vdiff=  6.3494E-06 ( 57, 17)
n=  5959   udiff=  2.6839E-06 ( 55, 17)   vdiff=  5.2773E-06 ( 57, 18)
n=  5960   udiff=  3.5878E-06 ( 57, 14)   vdiff=  5.5450E-06 ( 56, 10)
n=  5961   udiff=  4.4681E-06 ( 58, 10)   vdiff=  7.5903E-06 ( 58, 11)
n=  5962   udiff=  4.7532E-06 ( 57, 17)   vdiff=  6.8118E-06 ( 54, 15)
n=  5963   udiff=  3.5222E-06 ( 54, 14)   vdiff=  5.3082E-06 ( 57, 18)
n=  5964   udiff=  3.8637E-06 ( 54, 16)   vdiff=  6.7403E-06 ( 57, 15)
n=  5965   udiff=  4.4043E-06 ( 55, 11)   vdiff=  7.3317E-06 ( 54, 13)
n=  5966   udiff=  4.1372E-06 ( 57, 17)   vdiff=  4.9609E-06 ( 56, 17)
n=  5967   udiff=  3.3282E-06 ( 58, 17)   vdiff=  6.1113E-06 ( 59, 15)
n=  5968   udiff=  3.5776E-06 ( 58, 17)   vdiff=  4.5680E-06 ( 56, 18)
n=  5969   udiff=  5.0719E-06 ( 58, 17)   vdiff=  4.9242E-06 ( 58, 17)
n=  5970   udiff=  4.7571E-06 ( 57, 17)   vdiff=  6.9127E-06 ( 56, 11)
n=  5971   udiff=  3.0510E-06 ( 58, 13)   vdiff=  5.0031E-06 ( 53, 14)
n=  5972   udiff=  3.0058E-06 ( 57, 18)   vdiff=  5.2878E-06 ( 57, 18)
n=  5973   udiff=  3.5093E-06 ( 57, 14)   vdiff=  5.8928E-06 ( 59, 10)
n=  5974   udiff=  4.9581E-06 ( 55, 14)   vdiff=  5.7603E-06 ( 53, 15)
n=  5975   udiff=  3.2463E-06 ( 60, 14)   vdiff=  5.9621E-06 ( 59, 15)
n=  5976   udiff=  3.1877E-06 ( 57, 18)   vdiff=  4.8506E-06 ( 56, 18)
n=  5977   udiff=  3.5658E-06 ( 54, 15)   vdiff=  5.5575E-06 ( 58, 12)
n=  5978   udiff=  3.4034E-06 ( 54, 13)   vdiff=  5.3274E-06 ( 56, 18)
n=  5979   udiff=  3.6535E-06 ( 57, 16)   vdiff=  6.2381E-06 ( 56, 17)
n=  5980   udiff=  3.6055E-06 ( 56, 10)   vdiff=  6.1007E-06 ( 54, 13)
n=  5981   udiff=  3.6972E-06 ( 57, 17)   vdiff=  5.1953E-06 ( 54, 16)
n=  5982   udiff=  4.6051E-06 ( 55, 14)   vdiff=  5.8516E-06 ( 54, 15)
n=  5983   udiff=  3.7764E-06 ( 57, 12)   vdiff=  5.8438E-06 ( 54, 17)
n=  5984   udiff=  3.1657E-06 ( 58, 16)   vdiff=  6.5503E-06 ( 57, 15)
n=  5985   udiff=  3.7141E-06 ( 55, 12)   vdiff=  5.7358E-06 ( 56, 17)
n=  5986   udiff=  3.6614E-06 ( 53, 14)   vdiff=  4.8179E-06 ( 56, 11)
n=  5987   udiff=  4.6921E-06 ( 57, 17)   vdiff=  4.9769E-06 ( 55, 13)
n=  5988   udiff=  2.9135E-06 ( 56, 12)   vdiff=  5.2255E-06 ( 56, 18)
n=  5989   udiff=  3.4897E-06 ( 56, 14)   vdiff=  5.0797E-06 ( 57, 11)
n=  5990   udiff=  3.8243E-06 ( 55, 12)   vdiff=  7.2412E-06 ( 56, 11)
n=  5991   udiff=  2.9001E-06 ( 56, 17)   vdiff=  5.2757E-06 ( 54, 14)
n=  5992   udiff=  3.0651E-06 ( 53, 14)   vdiff=  5.8300E-06 ( 59, 15)
n=  5993   udiff=  4.1565E-06 ( 55, 12)   vdiff=  7.1379E-06 ( 54, 14)
n=  5994   udiff=  2.7633E-06 ( 56, 11)   vdiff=  5.3544E-06 ( 56, 18)
n=  5995   udiff=  3.5977E-06 ( 56, 10)   vdiff=  4.9639E-06 ( 56, 11)
n=  5996   udiff=  3.4936E-06 ( 56, 14)   vdiff=  4.6965E-06 ( 56, 18)
n=  5997   udiff=  5.2108E-06 ( 58, 17)   vdiff=  5.5980E-06 ( 56, 18)
n=  5998   udiff=  5.3227E-06 ( 55, 14)   vdiff=  6.4460E-06 ( 56, 11)
n=  5999   udiff=  2.6088E-06 ( 55, 16)   vdiff=  5.3486E-06 ( 58, 11)
n=  6000   udiff=  3.3780E-06 ( 54, 14)   vdiff=  5.8105E-06 ( 57, 18)
n=  6001   udiff=  4.0777E-06 ( 55, 13)   vdiff=  5.6129E-06 ( 54, 14)
n=  6002   udiff=  4.9741E-06 ( 57, 17)   vdiff=  6.1205E-06 ( 56, 11)
n=  6003   udiff=  3.4210E-06 ( 57, 17)   vdiff=  5.5639E-06 ( 59, 15)
n=  6004   udiff=  3.8410E-06 ( 58, 17)   vdiff=  4.4179E-06 ( 56, 18)
n=  6005   udiff=  3.8485E-06 ( 54, 14)   vdiff=  7.7941E-06 ( 54, 13)
n=  6006   udiff=  3.4307E-06 ( 56, 11)   vdiff=  5.4102E-06 ( 57, 11)
n=  6007   udiff=  3.2549E-06 ( 58, 12)   vdiff=  4.9986E-06 ( 57, 18)
n=  6008   udiff=  4.2467E-06 ( 58, 16)   vdiff=  7.0075E-06 ( 54, 15)
n=  6009   udiff=  4.2969E-06 ( 55, 12)   vdiff=  5.7072E-06 ( 54, 13)
n=  6010   udiff=  3.4728E-06 ( 58, 17)   vdiff=  4.7715E-06 ( 56, 18)
n=  6011   udiff=  3.5689E-06 ( 57, 17)   vdiff=  4.1067E-06 ( 54, 12)
n=  6012   udiff=  3.7027E-06 ( 57, 17)   vdiff=  5.2853E-06 ( 53, 14)
n=  6013   udiff=  3.6087E-06 ( 54, 12)   vdiff=  6.3521E-06 ( 54, 13)
n=  6014   udiff=  3.1511E-06 ( 59, 10)   vdiff=  5.9113E-06 ( 59, 15)
n=  6015   udiff=  2.7286E-06 ( 56, 13)   vdiff=  4.8161E-06 ( 57, 18)
n=  6016   udiff=  3.0454E-06 ( 58, 11)   vdiff=  6.1958E-06 ( 56, 10)
n=  6017   udiff=  4.0060E-06 ( 54, 15)   vdiff=  5.7882E-06 ( 56, 18)
n=  6018   udiff=  3.2296E-06 ( 54, 15)   vdiff=  5.2934E-06 ( 56, 18)
n=  6019   udiff=  3.8918E-06 ( 58, 12)   vdiff=  6.4093E-06 ( 58, 11)
n=  6020   udiff=  4.5554E-06 ( 57, 17)   vdiff=  8.2669E-06 ( 54, 13)
n=  6021   udiff=  3.6159E-06 ( 57, 17)   vdiff=  4.9631E-06 ( 57, 15)
n=  6022   udiff=  2.4736E-06 ( 53, 15)   vdiff=  4.9190E-06 ( 53, 14)
n=  6023   udiff=  2.9403E-06 ( 57, 11)   vdiff=  4.5704E-06 ( 56, 18)
n=  6024   udiff=  3.3527E-06 ( 54, 13)   vdiff=  5.2967E-06 ( 54, 14)
n=  6025   udiff=  3.3264E-06 ( 55, 13)   vdiff=  7.0628E-06 ( 56, 11)
n=  6026   udiff=  3.5440E-06 ( 57, 15)   vdiff=  7.3829E-06 ( 57, 15)
n=  6027   udiff=  3.1302E-06 ( 58, 12)   vdiff=  7.2777E-06 ( 54, 15)
n=  6028   udiff=  3.7614E-06 ( 54, 12)   vdiff=  5.7869E-06 ( 54, 16)
n=  6029   udiff=  4.3087E-06 ( 56, 16)   vdiff=  6.6525E-06 ( 55, 17)
n=  6030   udiff=  3.5277E-06 ( 56, 18)   vdiff=  4.9417E-06 ( 55, 11)
n=  6031   udiff=  4.3184E-06 ( 57, 17)   vdiff=  5.6957E-06 ( 58, 11)
n=  6032   udiff=  3.5254E-06 ( 57, 12)   vdiff=  5.7319E-06 ( 56, 18)
n=  6033   udiff=  4.2652E-06 ( 57, 15)   vdiff=  7.1026E-06 ( 57, 15)
n=  6034   udiff=  3.9392E-06 ( 55, 12)   vdiff=  6.9563E-06 ( 54, 14)
n=  6035   udiff=  4.3068E-06 ( 58, 14)   vdiff=  5.7941E-06 ( 54, 14)
n=  6036   udiff=  3.5414E-06 ( 56, 12)   vdiff=  7.8817E-06 ( 56, 11)
n=  6037   udiff=  4.1789E-06 ( 57, 17)   vdiff=  6.9178E-06 ( 57, 15)
n=  6038   udiff=  4.3544E-06 ( 57, 17)   vdiff=  5.0988E-06 ( 54, 13)
n=  6039   udiff=  4.8901E-06 ( 58, 17)   vdiff=  5.4988E-06 ( 59, 15)
n=  6040   udiff=  3.3578E-06 ( 58, 17)   vdiff=  5.4995E-06 ( 59, 12)
n=  6041   udiff=  3.8861E-06 ( 58, 12)   vdiff=  6.0033E-06 ( 58, 11)
n=  6042   udiff=  2.9520E-06 ( 55, 14)   vdiff=  7.5799E-06 ( 54, 13)
n=  6043   udiff=  3.5347E-06 ( 57, 12)   vdiff=  5.8338E-06 ( 56, 11)
n=  6044   udiff=  3.2078E-06 ( 57, 15)   vdiff=  6.9897E-06 ( 57, 15)
n=  6045   udiff=  4.0955E-06 ( 60, 16)   vdiff=  6.0188E-06 ( 59, 15)
n=  6046   udiff=  2.9382E-06 ( 53, 14)   vdiff=  5.3691E-06 ( 56, 18)
n=  6047   udiff=  3.7182E-06 ( 56, 14)   vdiff=  6.5215E-06 ( 56, 10)
n=  6048   udiff=  4.2842E-06 ( 59, 10)   vdiff=  5.7898E-06 ( 58, 11)
n=  6049   udiff=  5.1487E-06 ( 58, 17)   vdiff=  5.7384E-06 ( 56, 18)
n=  6050   udiff=  3.6087E-06 ( 57, 12)   vdiff=  4.8542E-06 ( 56, 18)
n=  6051   udiff=  4.0910E-06 ( 57, 15)   vdiff=  6.6948E-06 ( 57, 15)
n=  6052   udiff=  3.5111E-06 ( 55, 13)   vdiff=  5.8893E-06 ( 57, 18)
n=  6053   udiff=  3.2953E-06 ( 54, 14)   vdiff=  5.6133E-06 ( 58, 12)
n=  6054   udiff=  3.5943E-06 ( 56, 12)   vdiff=  5.6006E-06 ( 56, 11)
n=  6055   udiff=  2.9872E-06 ( 56, 12)   vdiff=  4.9773E-06 ( 55, 14)
n=  6056   udiff=  3.6220E-06 ( 55, 12)   vdiff=  5.7229E-06 ( 54, 13)
n=  6057   udiff=  3.6279E-06 ( 57, 12)   vdiff=  7.1606E-06 ( 56, 11)
n=  6058   udiff=  3.9730E-06 ( 57, 15)   vdiff=  6.4509E-06 ( 57, 15)
n=  6059   udiff=  3.6164E-06 ( 61, 10)   vdiff=  6.0155E-06 ( 58, 11)
n=  6060   udiff=  4.0217E-06 ( 54, 14)   vdiff=  6.2272E-06 ( 54, 13)
n=  6061   udiff=  4.0442E-06 ( 55, 16)   vdiff=  6.3914E-06 ( 55, 17)
n=  6062   udiff=  3.4216E-06 ( 56, 11)   vdiff=  5.4294E-06 ( 57, 17)
n=  6063   udiff=  2.9587E-06 ( 54, 15)   vdiff=  5.7494E-06 ( 56, 17)
n=  6064   udiff=  3.5756E-06 ( 58, 17)   vdiff=  6.0312E-06 ( 58, 11)
n=  6065   udiff=  4.0057E-06 ( 57, 17)   vdiff=  6.3285E-06 ( 56, 10)
n=  6066   udiff=  3.5481E-06 ( 56, 17)   vdiff=  4.3183E-06 ( 56, 17)
n=  6067   udiff=  4.0743E-06 ( 55, 12)   vdiff=  5.9689E-06 ( 54, 13)
n=  6068   udiff=  3.4060E-06 ( 54, 14)   vdiff=  6.6820E-06 ( 54, 15)
n=  6069   udiff=  3.1680E-06 ( 56, 17)   vdiff=  5.4216E-06 ( 56, 12)
n=  6070   udiff=  3.4836E-06 ( 59, 10)   vdiff=  5.8921E-06 ( 57, 17)
n=  6071   udiff=  3.8575E-06 ( 55, 12)   vdiff=  6.6440E-06 ( 54, 14)
n=  6072   udiff=  2.7863E-06 ( 57, 11)   vdiff=  5.4451E-06 ( 55, 11)
n=  6073   udiff=  4.4389E-06 ( 60, 15)   vdiff=  6.8172E-06 ( 57, 15)
n=  6074   udiff=  3.6451E-06 ( 55, 13)   vdiff=  5.9630E-06 ( 60, 12)
n=  6075   udiff=  3.7805E-06 ( 56, 11)   vdiff=  5.5929E-06 ( 56, 18)
n=  6076   udiff=  2.7919E-06 ( 59, 16)   vdiff=  5.0762E-06 ( 56, 18)
n=  6077   udiff=  3.6109E-06 ( 57, 12)   vdiff=  4.7981E-06 ( 57, 14)
n=  6078   udiff=  4.7895E-06 ( 54, 15)   vdiff=  6.2353E-06 ( 54, 13)
n=  6079   udiff=  3.1092E-06 ( 60, 10)   vdiff=  5.7997E-06 ( 60, 10)
n=  6080   udiff=  3.6711E-06 ( 58, 16)   vdiff=  6.5523E-06 ( 56, 11)
n=  6081   udiff=  4.2549E-06 ( 59, 11)   vdiff=  5.3913E-06 ( 54, 16)
n=  6082   udiff=  3.2199E-06 ( 58, 17)   vdiff=  4.8820E-06 ( 56, 18)
n=  6083   udiff=  4.0958E-06 ( 56, 11)   vdiff=  6.1460E-06 ( 60, 10)
n=  6084   udiff=  4.0269E-06 ( 57, 17)   vdiff=  5.4400E-06 ( 60, 12)
n=  6085   udiff=  4.1482E-06 ( 57, 17)   vdiff=  6.4248E-06 ( 53, 15)
n=  6086   udiff=  3.1359E-06 ( 57,  9)   vdiff=  6.3338E-06 ( 54, 13)
n=  6087   udiff=  4.0144E-06 ( 54, 14)   vdiff=  6.0199E-06 ( 56, 18)
n=  6088   udiff=  4.5206E-06 ( 60, 15)   vdiff=  5.6759E-06 ( 57, 15)
n=  6089   udiff=  3.4294E-06 ( 57, 12)   vdiff=  6.4276E-06 ( 56, 11)
n=  6090   udiff=  3.3617E-06 ( 58, 17)   vdiff=  4.3184E-06 ( 56, 18)
n=  6091   udiff=  4.1348E-06 ( 54, 14)   vdiff=  6.2698E-06 ( 55, 17)
n=  6092   udiff=  3.3432E-06 ( 58, 17)   vdiff=  5.4625E-06 ( 58, 11)
n=  6093   udiff=  4.3481E-06 ( 54, 13)   vdiff=  5.8819E-06 ( 60, 10)
n=  6094   udiff=  4.9079E-06 ( 55, 14)   vdiff=  5.3873E-06 ( 56, 18)
n=  6095   udiff=  3.1461E-06 ( 54, 14)   vdiff=  4.5282E-06 ( 59, 16)
n=  6096   udiff=  5.3626E-06 ( 57, 14)   vdiff=  6.3064E-06 ( 56, 15)
n=  6097   udiff=  3.2943E-06 ( 58, 16)   vdiff=  6.8342E-06 ( 58, 17)
n=  6098   udiff=  4.7460E-06 ( 60, 15)   vdiff=  5.1842E-06 ( 56, 18)
n=  6099   udiff=  2.9968E-06 ( 56, 17)   vdiff=  5.2566E-06 ( 54, 16)
n=  6100   udiff=  2.4343E-06 ( 57, 18)   vdiff=  5.1583E-06 ( 57, 18)
n=  6101   udiff=  3.7850E-06 ( 54, 13)   vdiff=  6.1019E-06 ( 56, 11)
n=  6102   udiff=  3.0212E-06 ( 60, 14)   vdiff=  5.9490E-06 ( 57, 15)
n=  6103   udiff=  3.1737E-06 ( 54, 15)   vdiff=  5.6584E-06 ( 58, 11)
n=  6104   udiff=  3.8071E-06 ( 56, 11)   vdiff=  6.4294E-06 ( 56, 11)
n=  6105   udiff=  3.6226E-06 ( 57, 16)   vdiff=  5.6980E-06 ( 56, 18)
n=  6106   udiff=  2.7661E-06 ( 56, 12)   vdiff=  5.1896E-06 ( 56, 18)
n=  6107   udiff=  3.4386E-06 ( 57, 17)   vdiff=  5.8964E-06 ( 59, 10)
n=  6108   udiff=  3.7482E-06 ( 58, 17)   vdiff=  6.9027E-06 ( 54, 13)
n=  6109   udiff=  3.9596E-06 ( 60, 16)   vdiff=  6.4071E-06 ( 60, 16)
n=  6110   udiff=  3.2342E-06 ( 58, 16)   vdiff=  7.3494E-06 ( 54, 15)
n=  6111   udiff=  3.2295E-06 ( 60,  9)   vdiff=  5.4806E-06 ( 59, 15)
n=  6112   udiff=  3.1655E-06 ( 54, 14)   vdiff=  5.2913E-06 ( 56, 18)
n=  6113   udiff=  3.8330E-06 ( 55, 12)   vdiff=  4.5514E-06 ( 56, 18)
n=  6114   udiff=  3.0909E-06 ( 56, 11)   vdiff=  5.2391E-06 ( 56, 11)
n=  6115   udiff=  3.6323E-06 ( 54, 15)   vdiff=  6.8560E-06 ( 58, 17)
n=  6116   udiff=  3.3924E-06 ( 56, 13)   vdiff=  5.8702E-06 ( 58, 11)
n=  6117   udiff=  3.9194E-06 ( 56, 10)   vdiff=  5.3824E-06 ( 60, 10)
n=  6118   udiff=  3.6087E-06 ( 56, 10)   vdiff=  6.6780E-06 ( 57, 15)
n=  6119   udiff=  2.6799E-06 ( 55, 14)   vdiff=  5.5267E-06 ( 54, 14)
n=  6120   udiff=  3.0367E-06 ( 56, 11)   vdiff=  7.2888E-06 ( 54, 15)
n=  6121   udiff=  3.9047E-06 ( 55, 12)   vdiff=  6.5668E-06 ( 54, 14)
n=  6122   udiff=  3.0299E-06 ( 59, 12)   vdiff=  6.1790E-06 ( 59, 12)
n=  6123   udiff=  4.2058E-06 ( 56, 12)   vdiff=  7.8484E-06 ( 56, 11)
n=  6124   udiff=  3.5313E-06 ( 58, 16)   vdiff=  5.9368E-06 ( 58, 17)
n=  6125   udiff=  3.7413E-06 ( 55, 12)   vdiff=  5.7673E-06 ( 54, 13)
n=  6126   udiff=  3.2444E-06 ( 60, 14)   vdiff=  5.3795E-06 ( 59, 15)
n=  6127   udiff=  3.2509E-06 ( 60, 10)   vdiff=  5.8270E-06 ( 60, 10)
n=  6128   udiff=  3.7878E-06 ( 56, 11)   vdiff=  5.2965E-06 ( 54, 14)
n=  6129   udiff=  5.0373E-06 ( 54, 15)   vdiff=  5.7927E-06 ( 53, 15)
n=  6130   udiff=  2.7045E-06 ( 54, 15)   vdiff=  5.5729E-06 ( 57, 15)
n=  6131   udiff=  3.3672E-06 ( 54, 13)   vdiff=  5.5627E-06 ( 56, 18)
n=  6132   udiff=  3.5164E-06 ( 54, 13)   vdiff=  5.3279E-06 ( 53, 14)
n=  6133   udiff=  2.5053E-06 ( 57, 18)   vdiff=  4.7710E-06 ( 57, 18)
n=  6134   udiff=  5.1821E-06 ( 60, 15)   vdiff=  6.7734E-06 ( 56, 11)
n=  6135   udiff=  4.6507E-06 ( 60, 15)   vdiff=  7.6656E-06 ( 55, 17)
n=  6136   udiff=  3.4068E-06 ( 59, 10)   vdiff=  6.5361E-06 ( 54, 15)
n=  6137   udiff=  3.6658E-06 ( 56, 11)   vdiff=  6.5581E-06 ( 54, 14)
n=  6138   udiff=  3.3109E-06 ( 57, 18)   vdiff=  5.5045E-06 ( 57, 15)
n=  6139   udiff=  3.5995E-06 ( 55, 12)   vdiff=  5.8042E-06 ( 56, 18)
n=  6140   udiff=  3.6464E-06 ( 56, 11)   vdiff=  5.4748E-06 ( 56, 18)
n=  6141   udiff=  3.7597E-06 ( 56, 17)   vdiff=  6.1589E-06 ( 59, 12)
n=  6142   udiff=  3.9147E-06 ( 58, 17)   vdiff=  6.1074E-06 ( 54, 13)
n=  6143   udiff=  3.0019E-06 ( 56, 11)   vdiff=  5.4802E-06 ( 59, 15)
n=  6144   udiff=  2.7191E-06 ( 57, 18)   vdiff=  5.2689E-06 ( 57, 18)
n=  6145   udiff=  3.5666E-06 ( 54, 14)   vdiff=  5.3066E-06 ( 57, 18)
n=  6146   udiff=  2.9779E-06 ( 55, 14)   vdiff=  5.6076E-06 ( 54, 15)
n=  6147   udiff=  3.8150E-06 ( 56, 10)   vdiff=  6.1173E-06 ( 56, 18)
n=  6148   udiff=  4.6609E-06 ( 54, 13)   vdiff=  5.0901E-06 ( 55, 13)
n=  6149   udiff=  2.8835E-06 ( 56, 17)   vdiff=  4.7980E-06 ( 57, 18)
n=  6150   udiff=  3.4398E-06 ( 56, 14)   vdiff=  5.4399E-06 ( 59, 15)
n=  6151   udiff=  3.9973E-06 ( 55, 13)   vdiff=  5.6121E-06 ( 54, 16)
n=  6152   udiff=  4.4189E-06 ( 58, 16)   vdiff=  6.9356E-06 ( 58, 17)
n=  6153   udiff=  3.4727E-06 ( 55, 12)   vdiff=  6.1609E-06 ( 56, 11)
n=  6154   udiff=  2.7999E-06 ( 56, 12)   vdiff=  5.3117E-06 ( 56, 18)
n=  6155   udiff=  4.3680E-06 ( 57, 17)   vdiff=  6.0875E-06 ( 58, 11)
n=  6156   udiff=  4.2428E-06 ( 57, 17)   vdiff=  5.4306E-06 ( 60, 12)
n=  6157   udiff=  3.8079E-06 ( 55, 12)   vdiff=  6.8803E-06 ( 54, 14)
n=  6158   udiff=  3.4142E-06 ( 56, 11)   vdiff=  6.3662E-06 ( 54, 15)
n=  6159   udiff=  3.5404E-06 ( 56, 11)   vdiff=  7.6918E-06 ( 56, 14)
n=  6160   udiff=  3.5356E-06 ( 54, 15)   vdiff=  4.8921E-06 ( 57, 18)
n=  6161   udiff=  3.5166E-06 ( 56, 16)   vdiff=  7.8471E-06 ( 55, 17)
n=  6162   udiff=  3.4976E-06 ( 57, 12)   vdiff=  5.7629E-06 ( 56, 11)
n=  6163   udiff=  4.2230E-06 ( 55, 12)   vdiff=  6.3470E-06 ( 58, 17)
n=  6164   udiff=  3.3352E-06 ( 57, 15)   vdiff=  6.6250E-06 ( 57, 15)
n=  6165   udiff=  4.8294E-06 ( 60, 15)   vdiff=  4.8470E-06 ( 53, 14)
n=  6166   udiff=  4.0224E-06 ( 56, 12)   vdiff=  6.0790E-06 ( 56, 11)
n=  6167   udiff=  2.5986E-06 ( 57, 16)   vdiff=  5.3864E-06 ( 55, 14)
n=  6168   udiff=  3.2189E-06 ( 58, 18)   vdiff=  7.0890E-06 ( 54, 15)
n=  6169   udiff=  3.4171E-06 ( 54, 12)   vdiff=  5.0881E-06 ( 54, 14)
n=  6170   udiff=  3.6209E-06 ( 54, 14)   vdiff=  5.2710E-06 ( 56, 18)
n=  6171   udiff=  4.0297E-06 ( 55, 12)   vdiff=  5.9401E-06 ( 56, 18)
n=  6172   udiff=  3.2476E-06 ( 59, 17)   vdiff=  5.9960E-06 ( 57, 17)
n=  6173   udiff=  3.5726E-06 ( 57, 18)   vdiff=  7.0848E-06 ( 60, 12)
n=  6174   udiff=  4.1363E-06 ( 56, 11)   vdiff=  6.0445E-06 ( 56, 11)
n=  6175   udiff=  4.2160E-06 ( 57, 17)   vdiff=  6.5941E-06 ( 55, 17)
n=  6176   udiff=  3.4360E-06 ( 58, 17)   vdiff=  5.8592E-06 ( 58, 11)
n=  6177   udiff=  4.2595E-06 ( 54, 15)   vdiff=  5.4157E-06 ( 56, 17)
n=  6178   udiff=  3.2776E-06 ( 56, 11)   vdiff=  5.3771E-06 ( 56, 18)
n=  6179   udiff=  4.0273E-06 ( 59, 16)   vdiff=  6.3896E-06 ( 58, 16)
n=  6180   udiff=  2.7121E-06 ( 58, 18)   vdiff=  5.1440E-06 ( 57, 18)
n=  6181   udiff=  3.2732E-06 ( 56, 11)   vdiff=  6.2799E-06 ( 59, 15)
n=  6182   udiff=  3.4882E-06 ( 56, 14)   vdiff=  5.7208E-06 ( 57, 18)
n=  6183   udiff=  3.1611E-06 ( 56, 17)   vdiff=  5.2538E-06 ( 54, 16)
n=  6184   udiff=  2.9752E-06 ( 59, 16)   vdiff=  6.9814E-06 ( 54, 15)
n=  6185   udiff=  3.7390E-06 ( 60,  9)   vdiff=  7.5058E-06 ( 54, 13)
n=  6186   udiff=  2.9812E-06 ( 60, 14)   vdiff=  5.5154E-06 ( 59, 15)
n=  6187   udiff=  3.6098E-06 ( 55, 16)   vdiff=  7.5959E-06 ( 55, 17)
n=  6188   udiff=  3.1172E-06 ( 53, 15)   vdiff=  5.1877E-06 ( 56, 18)
n=  6189   udiff=  3.3295E-06 ( 54, 13)   vdiff=  5.4043E-06 ( 54, 14)
n=  6190   udiff=  3.7807E-06 ( 54, 13)   vdiff=  7.3803E-06 ( 57, 15)
n=  6191   udiff=  3.6691E-06 ( 55, 12)   vdiff=  6.5526E-06 ( 54, 13)
n=  6192   udiff=  4.2963E-06 ( 56, 17)   vdiff=  6.0834E-06 ( 57, 18)
n=  6193   udiff=  3.8141E-06 ( 53, 14)   vdiff=  4.9237E-06 ( 57, 18)
n=  6194   udiff=  3.7628E-06 ( 58, 18)   vdiff=  6.5310E-06 ( 56, 10)
n=  6195   udiff=  3.6925E-06 ( 55, 11)   vdiff=  7.6172E-06 ( 54, 13)
n=  6196   udiff=  2.6319E-06 ( 57, 13)   vdiff=  5.3887E-06 ( 56, 18)
n=  6197   udiff=  4.3799E-06 ( 57, 17)   vdiff=  6.8205E-06 ( 54, 15)
n=  6198   udiff=  3.8995E-06 ( 54, 16)   vdiff=  4.7914E-06 ( 57, 14)
n=  6199   udiff=  4.0971E-06 ( 56, 11)   vdiff=  4.7019E-06 ( 56, 11)
n=  6200   udiff=  3.7548E-06 ( 56, 17)   vdiff=  4.5975E-06 ( 58, 12)
n=  6201   udiff=  4.9922E-06 ( 59, 15)   vdiff=  7.8785E-06 ( 58, 16)
n=  6202   udiff=  3.3945E-06 ( 56, 11)   vdiff=  6.1153E-06 ( 54, 15)
n=  6203   udiff=  3.1198E-06 ( 56, 17)   vdiff=  3.9951E-06 ( 53, 15)
n=  6204   udiff=  3.2354E-06 ( 55, 13)   vdiff=  4.8392E-06 ( 54, 14)
n=  6205   udiff=  3.9541E-06 ( 57, 17)   vdiff=  6.4244E-06 ( 55, 17)
n=  6206   udiff=  5.0033E-06 ( 57, 10)   vdiff=  6.5629E-06 ( 57, 11)
n=  6207   udiff=  3.7215E-06 ( 58, 16)   vdiff=  6.5675E-06 ( 58, 17)
n=  6208   udiff=  3.7958E-06 ( 55, 12)   vdiff=  5.2979E-06 ( 54, 13)
n=  6209   udiff=  3.7837E-06 ( 58, 12)   vdiff=  6.1215E-06 ( 58, 11)
n=  6210   udiff=  4.3916E-06 ( 60, 16)   vdiff=  7.2873E-06 ( 57, 15)
n=  6211   udiff=  3.2475E-06 ( 56, 10)   vdiff=  5.4901E-06 ( 56, 18)
n=  6212   udiff=  3.4454E-06 ( 55, 12)   vdiff=  6.2705E-06 ( 54, 14)
n=  6213   udiff=  3.1743E-06 ( 53, 14)   vdiff=  5.5341E-06 ( 56, 18)
n=  6214   udiff=  3.4098E-06 ( 58, 12)   vdiff=  5.4451E-06 ( 54, 14)
n=  6215   udiff=  4.5482E-06 ( 60, 15)   vdiff=  8.8991E-06 ( 56, 11)
n=  6216   udiff=  2.6197E-06 ( 60, 15)   vdiff=  4.9380E-06 ( 53, 14)
n=  6217   udiff=  3.7965E-06 ( 55, 13)   vdiff=  5.5623E-06 ( 54, 14)
n=  6218   udiff=  3.1995E-06 ( 58, 17)   vdiff=  5.8653E-06 ( 54, 14)
n=  6219   udiff=  3.0531E-06 ( 57, 17)   vdiff=  7.7801E-06 ( 54, 13)
n=  6220   udiff=  3.6703E-06 ( 56, 10)   vdiff=  4.9047E-06 ( 56, 11)
n=  6221   udiff=  2.8152E-06 ( 56, 17)   vdiff=  4.7560E-06 ( 57, 18)
n=  6222   udiff=  3.7856E-06 ( 59, 10)   vdiff=  5.1371E-06 ( 57, 14)
n=  6223   udiff=  4.2167E-06 ( 58, 16)   vdiff=  7.8430E-06 ( 55, 17)
n=  6224   udiff=  3.3254E-06 ( 55, 14)   vdiff=  4.8253E-06 ( 56, 11)
n=  6225   udiff=  3.5230E-06 ( 56, 17)   vdiff=  4.4757E-06 ( 55, 18)
n=  6226   udiff=  2.9868E-06 ( 54, 13)   vdiff=  6.3014E-06 ( 59, 15)
n=  6227   udiff=  4.2250E-06 ( 54, 13)   vdiff=  5.5805E-06 ( 57, 17)
n=  6228   udiff=  2.8736E-06 ( 54, 13)   vdiff=  6.9862E-06 ( 54, 15)
n=  6229   udiff=  3.5740E-06 ( 58, 17)   vdiff=  7.8325E-06 ( 54, 13)
n=  6230   udiff=  3.2742E-06 ( 56, 10)   vdiff=  4.6958E-06 ( 56, 11)
n=  6231   udiff=  3.8136E-06 ( 58, 17)   vdiff=  4.6159E-06 ( 58, 18)
n=  6232   udiff=  4.7259E-06 ( 60, 15)   vdiff=  4.6077E-06 ( 58, 18)
n=  6233   udiff=  3.9242E-06 ( 55, 11)   vdiff=  7.6828E-06 ( 54, 13)
n=  6234   udiff=  4.3268E-06 ( 54, 14)   vdiff=  7.2822E-06 ( 61, 10)
n=  6235   udiff=  3.1777E-06 ( 59, 10)   vdiff=  6.0529E-06 ( 57, 15)
n=  6236   udiff=  2.5704E-06 ( 55, 16)   vdiff=  5.2731E-06 ( 53, 14)
n=  6237   udiff=  3.9423E-06 ( 60, 16)   vdiff=  6.5047E-06 ( 60, 16)
n=  6238   udiff=  3.2676E-06 ( 60,  9)   vdiff=  5.2827E-06 ( 59, 10)
n=  6239   udiff=  3.6875E-06 ( 56, 17)   vdiff=  5.6957E-06 ( 58, 12)
n=  6240   udiff=  2.6532E-06 ( 56, 13)   vdiff=  4.7558E-06 ( 58, 18)
n=  6241   udiff=  4.6554E-06 ( 57, 14)   vdiff=  6.7180E-06 ( 55, 17)
n=  6242   udiff=  3.8729E-06 ( 57, 11)   vdiff=  6.4323E-06 ( 56, 11)
n=  6243   udiff=  3.6321E-06 ( 54, 13)   vdiff=  5.9996E-06 ( 54, 13)
n=  6244   udiff=  2.2564E-06 ( 56, 17)   vdiff=  4.8820E-06 ( 58, 18)
n=  6245   udiff=  3.5198E-06 ( 57, 12)   vdiff=  5.3889E-06 ( 54, 14)
n=  6246   udiff=  3.3211E-06 ( 53, 14)   vdiff=  5.9937E-06 ( 58, 12)
n=  6247   udiff=  3.7476E-06 ( 55, 15)   vdiff=  4.7419E-06 ( 55, 13)
n=  6248   udiff=  3.6446E-06 ( 56, 17)   vdiff=  5.7499E-06 ( 59, 10)
n=  6249   udiff=  4.2783E-06 ( 58, 18)   vdiff=  6.7343E-06 ( 57, 15)
n=  6250   udiff=  3.7112E-06 ( 58, 18)   vdiff=  6.1182E-06 ( 56, 11)
n=  6251   udiff=  4.1827E-06 ( 55, 13)   vdiff=  4.7079E-06 ( 53, 14)
n=  6252   udiff=  4.0477E-06 ( 55, 13)   vdiff=  6.8207E-06 ( 60, 10)
n=  6253   udiff=  4.3409E-06 ( 56, 16)   vdiff=  7.8412E-06 ( 55, 17)
n=  6254   udiff=  2.9844E-06 ( 56, 14)   vdiff=  4.6336E-06 ( 59, 16)
n=  6255   udiff=  3.3286E-06 ( 54, 15)   vdiff=  6.5416E-06 ( 54, 15)
n=  6256   udiff=  4.4464E-06 ( 57, 12)   vdiff=  5.3500E-06 ( 57, 14)
n=  6257   udiff=  4.0835E-06 ( 54, 13)   vdiff=  5.8145E-06 ( 54, 13)
n=  6258   udiff=  4.9066E-06 ( 58, 17)   vdiff=  4.7089E-06 ( 58, 17)
n=  6259   udiff=  3.9440E-06 ( 56, 11)   vdiff=  6.2172E-06 ( 56, 10)
n=  6260   udiff=  3.3462E-06 ( 54, 16)   vdiff=  4.6391E-06 ( 55, 18)
n=  6261   udiff=  3.0135E-06 ( 57, 11)   vdiff=  4.5333E-06 ( 58, 11)
n=  6262   udiff=  4.2200E-06 ( 56, 17)   vdiff=  6.6442E-06 ( 59, 15)
n=  6263   udiff=  3.3120E-06 ( 56, 17)   vdiff=  4.9104E-06 ( 55, 13)
n=  6264   udiff=  3.9762E-06 ( 60, 16)   vdiff=  6.5008E-06 ( 60, 16)
n=  6265   udiff=  4.0115E-06 ( 58, 16)   vdiff=  6.3015E-06 ( 58, 17)
n=  6266   udiff=  4.0750E-06 ( 56, 12)   vdiff=  7.4210E-06 ( 58, 11)
n=  6267   udiff=  3.7166E-06 ( 58, 17)   vdiff=  4.7618E-06 ( 58, 18)
n=  6268   udiff=  3.7541E-06 ( 57, 14)   vdiff=  6.5371E-06 ( 54, 13)
n=  6269   udiff=  2.7337E-06 ( 58, 17)   vdiff=  6.7341E-06 ( 54, 15)
n=  6270   udiff=  5.0114E-06 ( 60, 15)   vdiff=  5.8099E-06 ( 59, 10)
n=  6271   udiff=  3.2053E-06 ( 58, 17)   vdiff=  6.0867E-06 ( 56, 17)
n=  6272   udiff=  3.0734E-06 ( 58, 17)   vdiff=  4.7936E-06 ( 53, 14)
n=  6273   udiff=  4.4486E-06 ( 58, 17)   vdiff=  5.2676E-06 ( 56, 11)
n=  6274   udiff=  3.3760E-06 ( 58, 17)   vdiff=  6.5463E-06 ( 54, 14)
n=  6275   udiff=  3.0919E-06 ( 57, 12)   vdiff=  5.8730E-06 ( 56, 17)
n=  6276   udiff=  3.8393E-06 ( 57, 15)   vdiff=  7.2229E-06 ( 57, 15)
n=  6277   udiff=  3.9408E-06 ( 56, 11)   vdiff=  6.4806E-06 ( 56, 11)
n=  6278   udiff=  4.3394E-06 ( 55, 17)   vdiff=  6.6280E-06 ( 54, 15)
n=  6279   udiff=  3.3400E-06 ( 55, 12)   vdiff=  5.8496E-06 ( 54, 13)
n=  6280   udiff=  3.6357E-06 ( 57, 12)   vdiff=  6.4913E-06 ( 58, 17)
n=  6281   udiff=  3.8202E-06 ( 54, 13)   vdiff=  5.7151E-06 ( 56, 18)
n=  6282   udiff=  3.3079E-06 ( 56, 10)   vdiff=  5.4562E-06 ( 56, 18)
n=  6283   udiff=  3.8199E-06 ( 58, 12)   vdiff=  6.0821E-06 ( 58, 11)
n=  6284   udiff=  3.0794E-06 ( 53, 14)   vdiff=  4.7203E-06 ( 56, 18)
n=  6285   udiff=  5.0363E-06 ( 55, 13)   vdiff=  6.5516E-06 ( 54, 13)
n=  6286   udiff=  4.5118E-06 ( 57, 17)   vdiff=  4.8527E-06 ( 53, 14)
n=  6287   udiff=  4.7143E-06 ( 58, 17)   vdiff=  4.8295E-06 ( 54, 14)
n=  6288   udiff=  4.3727E-06 ( 54, 15)   vdiff=  6.1689E-06 ( 53, 15)
n=  6289   udiff=  3.2978E-06 ( 55, 12)   vdiff=  6.4145E-06 ( 56, 18)
n=  6290   udiff=  5.4066E-06 ( 57, 14)   vdiff=  6.2227E-06 ( 59, 15)
n=  6291   udiff=  3.4364E-06 ( 56, 11)   vdiff=  4.9820E-06 ( 56, 11)
n=  6292   udiff=  3.8381E-06 ( 58, 16)   vdiff=  6.3622E-06 ( 58, 17)
n=  6293   udiff=  3.2336E-06 ( 57, 11)   vdiff=  5.8969E-06 ( 56, 17)
n=  6294   udiff=  3.7053E-06 ( 55, 12)   vdiff=  5.8911E-06 ( 54, 13)
n=  6295   udiff=  4.4193E-06 ( 57, 17)   vdiff=  5.1368E-06 ( 54, 15)
n=  6296   udiff=  3.0342E-06 ( 54, 12)   vdiff=  5.5712E-06 ( 53, 14)
n=  6297   udiff=  5.1877E-06 ( 57, 14)   vdiff=  5.9923E-06 ( 56, 15)
n=  6298   udiff=  3.5453E-06 ( 58, 16)   vdiff=  5.9293E-06 ( 57, 17)
n=  6299   udiff=  2.7966E-06 ( 55, 17)   vdiff=  5.7597E-06 ( 56, 10)
n=  6300   udiff=  4.1023E-06 ( 55, 11)   vdiff=  8.2870E-06 ( 54, 13)
n=  6301   udiff=  4.0808E-06 ( 57, 17)   vdiff=  6.6849E-06 ( 57, 15)
n=  6302   udiff=  2.7207E-06 ( 57, 18)   vdiff=  5.0060E-06 ( 56, 18)
n=  6303   udiff=  3.1215E-06 ( 58, 17)   vdiff=  6.1057E-06 ( 56, 17)
n=  6304   udiff=  3.2639E-06 ( 54, 16)   vdiff=  5.4941E-06 ( 57, 18)
n=  6305   udiff=  2.4685E-06 ( 57, 12)   vdiff=  4.1647E-06 ( 57, 18)
n=  6306   udiff=  3.9086E-06 ( 55, 13)   vdiff=  5.5983E-06 ( 57, 18)
n=  6307   udiff=  3.2748E-06 ( 56, 10)   vdiff=  6.2074E-06 ( 56, 11)
n=  6308   udiff=  3.3305E-06 ( 57, 15)   vdiff=  7.1247E-06 ( 57, 15)
n=  6309   udiff=  3.4308E-06 ( 60, 10)   vdiff=  6.1319E-06 ( 59, 10)
n=  6310   udiff=  3.5596E-06 ( 54, 13)   vdiff=  6.1500E-06 ( 56, 11)
n=  6311   udiff=  4.7148E-06 ( 58, 17)   vdiff=  4.7106E-06 ( 57, 17)
n=  6312   udiff=  4.1161E-06 ( 57, 17)   vdiff=  4.8605E-06 ( 54, 14)
n=  6313   udiff=  4.4799E-06 ( 54, 15)   vdiff=  6.4072E-06 ( 53, 15)
n=  6314   udiff=  4.0277E-06 ( 57, 11)   vdiff=  6.7166E-06 ( 57, 11)
n=  6315   udiff=  2.7702E-06 ( 57, 12)   vdiff=  4.8700E-06 ( 55, 13)
n=  6316   udiff=  3.5802E-06 ( 55, 17)   vdiff=  5.6902E-06 ( 54, 17)
n=  6317   udiff=  3.0978E-06 ( 57, 14)   vdiff=  4.6061E-06 ( 57, 18)
n=  6318   udiff=  3.4697E-06 ( 56, 12)   vdiff=  7.4552E-06 ( 56, 11)
n=  6319   udiff=  3.3660E-06 ( 55, 14)   vdiff=  6.3422E-06 ( 56, 18)
n=  6320   udiff=  3.5660E-06 ( 54, 15)   vdiff=  5.5955E-06 ( 56, 18)
n=  6321   udiff=  2.6267E-06 ( 55, 17)   vdiff=  4.5311E-06 ( 57, 18)
n=  6322   udiff=  4.4424E-06 ( 55, 12)   vdiff=  5.8090E-06 ( 58, 18)
n=  6323   udiff=  3.3909E-06 ( 58, 17)   vdiff=  5.5528E-06 ( 56, 18)
n=  6324   udiff=  2.8592E-06 ( 56, 12)   vdiff=  5.3871E-06 ( 56, 18)
n=  6325   udiff=  4.6188E-06 ( 57, 17)   vdiff=  5.0369E-06 ( 56, 12)
n=  6326   udiff=  3.6690E-06 ( 58, 12)   vdiff=  6.1877E-06 ( 58, 11)
n=  6327   udiff=  3.6308E-06 ( 54, 16)   vdiff=  5.8183E-06 ( 56, 18)
n=  6328   udiff=  4.2425E-06 ( 55, 12)   vdiff=  7.2975E-06 ( 56, 11)
n=  6329   udiff=  4.5485E-06 ( 57, 14)   vdiff=  5.5805E-06 ( 56, 15)
n=  6330   udiff=  3.1368E-06 ( 54, 13)   vdiff=  5.5664E-06 ( 54, 16)
n=  6331   udiff=  3.3073E-06 ( 60, 10)   vdiff=  5.7618E-06 ( 59, 10)
n=  6332   udiff=  5.3680E-06 ( 55, 13)   vdiff=  6.8035E-06 ( 54, 13)
n=  6333   udiff=  3.4321E-06 ( 58, 14)   vdiff=  6.4787E-06 ( 58, 15)
n=  6334   udiff=  3.9273E-06 ( 54, 15)   vdiff=  5.4596E-06 ( 54, 16)
n=  6335   udiff=  3.2873E-06 ( 54, 15)   vdiff=  6.2752E-06 ( 56, 17)
n=  6336   udiff=  4.0913E-06 ( 54, 15)   vdiff=  6.9483E-06 ( 54, 15)
n=  6337   udiff=  3.4594E-06 ( 56, 17)   vdiff=  6.4819E-06 ( 54, 13)
n=  6338   udiff=  3.5032E-06 ( 57, 18)   vdiff=  6.1667E-06 ( 57, 15)
n=  6339   udiff=  2.8811E-06 ( 57, 13)   vdiff=  5.5662E-06 ( 56, 18)
n=  6340   udiff=  3.6352E-06 ( 56, 11)   vdiff=  5.5441E-06 ( 59, 10)
n=  6341   udiff=  2.7410E-06 ( 56, 17)   vdiff=  4.8054E-06 ( 55, 14)
n=  6342   udiff=  3.3270E-06 ( 57, 14)   vdiff=  5.7232E-06 ( 58, 18)
n=  6343   udiff=  4.0287E-06 ( 55, 16)   vdiff=  6.0129E-06 ( 55, 17)
n=  6344   udiff=  3.2507E-06 ( 56,  9)   vdiff=  6.3634E-06 ( 54, 12)
n=  6345   udiff=  2.7624E-06 ( 55, 10)   vdiff=  5.7832E-06 ( 56, 18)
n=  6346   udiff=  3.4583E-06 ( 58, 15)   vdiff=  6.1839E-06 ( 58, 15)
n=  6347   udiff=  2.8386E-06 ( 53, 14)   vdiff=  4.2883E-06 ( 56, 18)
n=  6348   udiff=  4.2626E-06 ( 56, 11)   vdiff=  5.5005E-06 ( 59, 10)
n=  6349   udiff=  3.3987E-06 ( 58, 14)   vdiff=  7.1418E-06 ( 58, 17)
n=  6350   udiff=  3.9409E-06 ( 55, 13)   vdiff=  5.4273E-06 ( 56, 18)
n=  6351   udiff=  4.0303E-06 ( 56, 11)   vdiff=  5.4755E-06 ( 54, 13)
n=  6352   udiff=  2.6355E-06 ( 55, 13)   vdiff=  6.4877E-06 ( 54, 15)
n=  6353   udiff=  2.6192E-06 ( 57, 12)   vdiff=  5.3628E-06 ( 56, 18)
n=  6354   udiff=  3.3748E-06 ( 57, 12)   vdiff=  5.0398E-06 ( 57, 18)
n=  6355   udiff=  3.9973E-06 ( 54, 13)   vdiff=  5.9487E-06 ( 54, 13)
n=  6356   udiff=  3.1351E-06 ( 60,  9)   vdiff=  6.1562E-06 ( 57, 17)
n=  6357   udiff=  3.4595E-06 ( 57, 13)   vdiff=  5.4451E-06 ( 54, 14)
n=  6358   udiff=  4.1959E-06 ( 59, 15)   vdiff=  5.7291E-06 ( 58, 15)
n=  6359   udiff=  3.9847E-06 ( 57, 17)   vdiff=  7.0099E-06 ( 57, 15)
n=  6360   udiff=  3.7715E-06 ( 57, 17)   vdiff=  6.6853E-06 ( 54, 13)
n=  6361   udiff=  4.2051E-06 ( 54, 15)   vdiff=  5.3324E-06 ( 53, 15)
n=  6362   udiff=  3.6466E-06 ( 60, 16)   vdiff=  7.0577E-06 ( 56, 10)
n=  6363   udiff=  3.5337E-06 ( 55, 14)   vdiff=  4.6617E-06 ( 57, 18)
n=  6364   udiff=  3.5240E-06 ( 59, 10)   vdiff=  5.8959E-06 ( 59, 10)
n=  6365   udiff=  3.4293E-06 ( 57, 13)   vdiff=  5.3151E-06 ( 56, 18)
n=  6366   udiff=  3.7750E-06 ( 56, 13)   vdiff=  6.3805E-06 ( 56, 11)
n=  6367   udiff=  3.8178E-06 ( 55, 12)   vdiff=  7.0911E-06 ( 54, 14)
n=  6368   udiff=  3.6290E-06 ( 57, 17)   vdiff=  5.4148E-06 ( 59, 12)
n=  6369   udiff=  3.8028E-06 ( 54, 15)   vdiff=  5.2207E-06 ( 53, 14)
n=  6370   udiff=  3.3264E-06 ( 54, 15)   vdiff=  4.9030E-06 ( 57, 14)
n=  6371   udiff=  3.6437E-06 ( 56, 14)   vdiff=  5.5063E-06 ( 53, 14)
n=  6372   udiff=  3.9402E-06 ( 55, 12)   vdiff=  7.0119E-06 ( 58, 17)
n=  6373   udiff=  3.4979E-06 ( 54, 13)   vdiff=  5.1686E-06 ( 54, 14)
n=  6374   udiff=  3.1746E-06 ( 54, 13)   vdiff=  7.1390E-06 ( 54, 15)
n=  6375   udiff=  3.8831E-06 ( 56, 11)   vdiff=  5.9159E-06 ( 56, 10)
n=  6376   udiff=  3.7062E-06 ( 56, 17)   vdiff=  6.4671E-06 ( 54, 13)
n=  6377   udiff=  3.4309E-06 ( 57, 17)   vdiff=  5.5457E-06 ( 59, 12)
n=  6378   udiff=  3.3713E-06 ( 58, 17)   vdiff=  5.2243E-06 ( 58, 11)
n=  6379   udiff=  4.4641E-06 ( 57, 15)   vdiff=  6.5141E-06 ( 57, 15)
n=  6380   udiff=  4.6369E-06 ( 60, 16)   vdiff=  6.4488E-06 ( 60, 16)
n=  6381   udiff=  2.6352E-06 ( 57, 16)   vdiff=  5.3212E-06 ( 56, 18)
n=  6382   udiff=  3.9384E-06 ( 57, 12)   vdiff=  6.0639E-06 ( 54, 16)
n=  6383   udiff=  3.1240E-06 ( 57, 12)   vdiff=  5.4062E-06 ( 58, 11)
n=  6384   udiff=  3.3472E-06 ( 56, 17)   vdiff=  5.7388E-06 ( 57, 18)
n=  6385   udiff=  3.1587E-06 ( 56, 11)   vdiff=  4.9418E-06 ( 54, 14)
n=  6386   udiff=  3.2376E-06 ( 54, 14)   vdiff=  6.7376E-06 ( 57, 15)
n=  6387   udiff=  3.2308E-06 ( 60, 10)   vdiff=  5.4521E-06 ( 59, 10)
n=  6388   udiff=  3.5654E-06 ( 58, 17)   vdiff=  4.6790E-06 ( 58, 18)
n=  6389   udiff=  4.2698E-06 ( 54, 13)   vdiff=  7.3139E-06 ( 56, 11)
n=  6390   udiff=  4.0112E-06 ( 58, 17)   vdiff=  5.2151E-06 ( 54, 14)
n=  6391   udiff=  3.7513E-06 ( 60, 16)   vdiff=  7.0669E-06 ( 54, 15)
n=  6392   udiff=  4.0605E-06 ( 58, 12)   vdiff=  6.7193E-06 ( 58, 17)
n=  6393   udiff=  3.2773E-06 ( 55, 13)   vdiff=  5.9620E-06 ( 59, 15)
n=  6394   udiff=  2.9704E-06 ( 60, 14)   vdiff=  5.5785E-06 ( 56, 18)
n=  6395   udiff=  4.0394E-06 ( 54, 16)   vdiff=  8.1030E-06 ( 54, 13)
n=  6396   udiff=  3.7153E-06 ( 57, 12)   vdiff=  6.1711E-06 ( 53, 15)
n=  6397   udiff=  4.0767E-06 ( 56, 11)   vdiff=  5.5012E-06 ( 56, 18)
n=  6398   udiff=  3.4641E-06 ( 58, 17)   vdiff=  5.2099E-06 ( 59, 12)
n=  6399   udiff=  3.4197E-06 ( 57, 13)   vdiff=  5.3041E-06 ( 59, 15)
n=  6400   udiff=  3.8377E-06 ( 56, 11)   vdiff=  4.6751E-06 ( 61, 11)
n=  6401   udiff=  4.0222E-06 ( 55, 12)   vdiff=  6.6041E-06 ( 57, 15)
n=  6402   udiff=  4.0046E-06 ( 55, 12)   vdiff=  6.8640E-06 ( 58, 17)
n=  6403   udiff=  2.8372E-06 ( 55, 17)   vdiff=  5.3413E-06 ( 54, 15)
n=  6404   udiff=  3.7248E-06 ( 54, 15)   vdiff=  5.3874E-06 ( 59, 12)
n=  6405   udiff=  4.5395E-06 ( 60, 16)   vdiff=  6.1849E-06 ( 60, 16)
n=  6406   udiff=  3.8515E-06 ( 58, 17)   vdiff=  5.7101E-06 ( 60, 10)
n=  6407   udiff=  3.5253E-06 ( 57, 17)   vdiff=  5.2330E-06 ( 57, 15)
n=  6408   udiff=  3.6865E-06 ( 57, 17)   vdiff=  4.7641E-06 ( 55, 14)
n=  6409   udiff=  3.5039E-06 ( 57, 17)   vdiff=  6.2477E-06 ( 56, 11)
n=  6410   udiff=  3.2698E-06 ( 58, 17)   vdiff=  5.4513E-06 ( 59, 15)
n=  6411   udiff=  3.3011E-06 ( 56, 17)   vdiff=  5.2655E-06 ( 53, 14)
n=  6412   udiff=  3.5577E-06 ( 55, 12)   vdiff=  7.5256E-06 ( 56, 11)
n=  6413   udiff=  3.3076E-06 ( 55, 13)   vdiff=  5.5182E-06 ( 56, 18)
n=  6414   udiff=  3.3094E-06 ( 54, 15)   vdiff=  5.3576E-06 ( 57, 15)
n=  6415   udiff=  3.9241E-06 ( 57, 12)   vdiff=  5.7532E-06 ( 59, 15)
n=  6416   udiff=  3.4486E-06 ( 56, 14)   vdiff=  5.4648E-06 ( 58, 18)
n=  6417   udiff=  4.1926E-06 ( 55, 12)   vdiff=  5.5487E-06 ( 56, 18)
n=  6418   udiff=  3.1557E-06 ( 57, 18)   vdiff=  5.2001E-06 ( 58, 11)
n=  6419   udiff=  4.3613E-06 ( 55, 13)   vdiff=  4.9646E-06 ( 53, 15)
n=  6420   udiff=  4.6241E-06 ( 60, 15)   vdiff=  7.7201E-06 ( 57, 15)
n=  6421   udiff=  5.2604E-06 ( 54, 13)   vdiff=  5.7803E-06 ( 54, 12)
n=  6422   udiff=  2.9263E-06 ( 57, 12)   vdiff=  5.5287E-06 ( 56, 18)
n=  6423   udiff=  4.1949E-06 ( 60, 16)   vdiff=  7.3395E-06 ( 56, 11)
n=  6424   udiff=  4.0407E-06 ( 58, 16)   vdiff=  7.0624E-06 ( 58, 17)
n=  6425   udiff=  3.3259E-06 ( 57, 14)   vdiff=  6.1662E-06 ( 54, 15)
n=  6426   udiff=  3.6559E-06 ( 55, 12)   vdiff=  6.3745E-06 ( 54, 13)
n=  6427   udiff=  4.1798E-06 ( 57, 17)   vdiff=  4.7867E-06 ( 56, 18)
n=  6428   udiff=  3.6667E-06 ( 53, 14)   vdiff=  5.9570E-06 ( 60, 10)
n=  6429   udiff=  3.3604E-06 ( 55, 17)   vdiff=  5.9220E-06 ( 56, 18)
n=  6430   udiff=  3.2390E-06 ( 60, 14)   vdiff=  5.7422E-06 ( 59, 12)
n=  6431   udiff=  4.0082E-06 ( 57, 15)   vdiff=  6.5238E-06 ( 54, 14)
n=  6432   udiff=  3.2541E-06 ( 56, 10)   vdiff=  6.5221E-06 ( 58, 17)
n=  6433   udiff=  3.5570E-06 ( 54, 13)   vdiff=  5.9355E-06 ( 56, 17)
n=  6434   udiff=  4.6137E-06 ( 60, 15)   vdiff=  5.6228E-06 ( 57, 18)
n=  6435   udiff=  4.0202E-06 ( 56, 11)   vdiff=  6.5356E-06 ( 56, 10)
n=  6436   udiff=  3.8428E-06 ( 55, 16)   vdiff=  5.1012E-06 ( 55, 17)
n=  6437   udiff=  3.5238E-06 ( 57, 17)   vdiff=  6.1827E-06 ( 58, 17)
n=  6438   udiff=  4.5513E-06 ( 57, 17)   vdiff=  6.1470E-06 ( 54, 13)
n=  6439   udiff=  4.2924E-06 ( 60, 16)   vdiff=  6.1188E-06 ( 60, 16)
n=  6440   udiff=  3.1957E-06 ( 56, 14)   vdiff=  5.7458E-06 ( 57, 18)
n=  6441   udiff=  3.4234E-06 ( 56, 11)   vdiff=  5.7650E-06 ( 59, 12)
n=  6442   udiff=  4.4726E-06 ( 54, 13)   vdiff=  6.4809E-06 ( 54, 15)
n=  6443   udiff=  4.0722E-06 ( 55, 13)   vdiff=  5.2297E-06 ( 54, 14)
n=  6444   udiff=  3.3510E-06 ( 59, 16)   vdiff=  6.5983E-06 ( 58, 17)
n=  6445   udiff=  3.2579E-06 ( 60, 10)   vdiff=  5.8576E-06 ( 56, 17)
n=  6446   udiff=  3.8414E-06 ( 56, 11)   vdiff=  5.6046E-06 ( 56, 18)
n=  6447   udiff=  3.9279E-06 ( 54, 14)   vdiff=  7.3794E-06 ( 54, 15)
n=  6448   udiff=  3.1697E-06 ( 53, 14)   vdiff=  6.0225E-06 ( 54, 12)
n=  6449   udiff=  2.8416E-06 ( 58, 15)   vdiff=  7.1468E-06 ( 56, 11)
n=  6450   udiff=  3.8080E-06 ( 58, 16)   vdiff=  6.8663E-06 ( 58, 17)
n=  6451   udiff=  3.2448E-06 ( 54, 16)   vdiff=  5.2558E-06 ( 56, 18)
n=  6452   udiff=  3.0754E-06 ( 60, 14)   vdiff=  5.6486E-06 ( 59, 15)
n=  6453   udiff=  3.6984E-06 ( 56, 11)   vdiff=  7.2121E-06 ( 54, 13)
n=  6454   udiff=  3.8149E-06 ( 59, 10)   vdiff=  5.0217E-06 ( 55, 11)
n=  6455   udiff=  3.0114E-06 ( 53, 14)   vdiff=  5.3988E-06 ( 54, 15)
n=  6456   udiff=  3.1280E-06 ( 55, 14)   vdiff=  4.7491E-06 ( 56, 18)
n=  6457   udiff=  4.7472E-06 ( 58, 17)   vdiff=  5.7964E-06 ( 54, 13)
n=  6458   udiff=  4.6760E-06 ( 60, 15)   vdiff=  5.3915E-06 ( 58, 12)
n=  6459   udiff=  5.0382E-06 ( 60, 15)   vdiff=  5.4784E-06 ( 60, 16)
n=  6460   udiff=  3.3876E-06 ( 55, 12)   vdiff=  5.0603E-06 ( 56, 18)
n=  6461   udiff=  3.7836E-06 ( 57, 13)   vdiff=  6.1361E-06 ( 56, 18)
n=  6462   udiff=  4.0031E-06 ( 59, 10)   vdiff=  6.3709E-06 ( 54, 13)
n=  6463   udiff=  3.1927E-06 ( 56, 17)   vdiff=  4.6818E-06 ( 53, 14)
n=  6464   udiff=  3.7179E-06 ( 58, 16)   vdiff=  6.1809E-06 ( 56, 10)
n=  6465   udiff=  3.7634E-06 ( 55, 12)   vdiff=  5.3202E-06 ( 56, 17)
n=  6466   udiff=  3.1499E-06 ( 54, 13)   vdiff=  5.0346E-06 ( 56, 18)
n=  6467   udiff=  4.7344E-06 ( 54, 15)   vdiff=  5.6261E-06 ( 53, 14)
n=  6468   udiff=  4.0812E-06 ( 60, 16)   vdiff=  6.1608E-06 ( 60, 16)
n=  6469   udiff=  4.0238E-06 ( 56, 10)   vdiff=  7.2938E-06 ( 54, 13)
n=  6470   udiff=  3.2446E-06 ( 59, 17)   vdiff=  6.4923E-06 ( 57, 17)
n=  6471   udiff=  2.6934E-06 ( 57, 16)   vdiff=  5.1939E-06 ( 56, 18)
n=  6472   udiff=  3.4131E-06 ( 56, 11)   vdiff=  5.5955E-06 ( 59, 15)
n=  6473   udiff=  3.8727E-06 ( 57, 17)   vdiff=  6.1449E-06 ( 54, 14)
n=  6474   udiff=  3.6918E-06 ( 57, 12)   vdiff=  5.0482E-06 ( 57, 14)
n=  6475   udiff=  3.4989E-06 ( 54, 13)   vdiff=  5.5181E-06 ( 56, 18)
n=  6476   udiff=  3.7368E-06 ( 55, 12)   vdiff=  6.2064E-06 ( 57, 17)
n=  6477   udiff=  2.8780E-06 ( 56, 17)   vdiff=  5.1950E-06 ( 53, 14)
n=  6478   udiff=  3.2765E-06 ( 55, 13)   vdiff=  5.4132E-06 ( 56, 18)
n=  6479   udiff=  4.3812E-06 ( 55, 13)   vdiff=  6.2665E-06 ( 58, 17)
n=  6480   udiff=  3.9924E-06 ( 56, 11)   vdiff=  5.8219E-06 ( 56, 11)
n=  6481   udiff=  4.3335E-06 ( 56, 16)   vdiff=  7.9914E-06 ( 55, 17)
n=  6482   udiff=  3.6075E-06 ( 60,  9)   vdiff=  5.8482E-06 ( 57, 18)
n=  6483   udiff=  2.9258E-06 ( 56, 10)   vdiff=  6.1172E-06 ( 56, 11)
n=  6484   udiff=  3.7825E-06 ( 55, 12)   vdiff=  5.3179E-06 ( 53, 15)
n=  6485   udiff=  5.4466E-06 ( 59, 15)   vdiff=  7.6265E-06 ( 58, 16)
n=  6486   udiff=  4.8924E-06 ( 57, 17)   vdiff=  5.5841E-06 ( 60, 12)
n=  6487   udiff=  3.1441E-06 ( 56, 17)   vdiff=  5.4846E-06 ( 56, 11)
n=  6488   udiff=  3.5044E-06 ( 57, 15)   vdiff=  7.3775E-06 ( 57, 15)
n=  6489   udiff=  3.6433E-06 ( 54, 14)   vdiff=  6.6298E-06 ( 54, 14)
n=  6490   udiff=  3.8872E-06 ( 58, 16)   vdiff=  6.0093E-06 ( 58, 17)
n=  6491   udiff=  3.8382E-06 ( 55, 12)   vdiff=  7.6178E-06 ( 56, 11)
n=  6492   udiff=  3.0696E-06 ( 58, 13)   vdiff=  4.8132E-06 ( 56, 18)
n=  6493   udiff=  4.2156E-06 ( 57, 17)   vdiff=  4.6801E-06 ( 56, 18)
n=  6494   udiff=  3.7181E-06 ( 55, 12)   vdiff=  7.0250E-06 ( 54, 14)
n=  6495   udiff=  3.8773E-06 ( 55, 16)   vdiff=  7.6645E-06 ( 55, 17)
n=  6496   udiff=  3.8286E-06 ( 56, 12)   vdiff=  6.7607E-06 ( 56, 11)
n=  6497   udiff=  3.7804E-06 ( 55, 13)   vdiff=  5.3735E-06 ( 54, 14)
n=  6498   udiff=  3.9509E-06 ( 58, 17)   vdiff=  5.6784E-06 ( 60, 16)
n=  6499   udiff=  3.8298E-06 ( 57, 17)   vdiff=  5.6113E-06 ( 60, 12)
n=  6500   udiff=  3.8609E-06 ( 57, 17)   vdiff=  5.9411E-06 ( 56, 11)
n=  6501   udiff=  3.4160E-06 ( 56, 14)   vdiff=  5.4491E-06 ( 53, 14)
n=  6502   udiff=  3.3745E-06 ( 54, 12)   vdiff=  4.9830E-06 ( 56, 18)
n=  6503   udiff=  4.1450E-06 ( 59, 16)   vdiff=  6.2248E-06 ( 56, 11)
n=  6504   udiff=  3.3278E-06 ( 59, 10)   vdiff=  4.9667E-06 ( 56, 18)
n=  6505   udiff=  3.7247E-06 ( 56, 11)   vdiff=  6.3678E-06 ( 54, 12)
n=  6506   udiff=  3.1174E-06 ( 57, 18)   vdiff=  5.4722E-06 ( 57, 18)
n=  6507   udiff=  3.6660E-06 ( 54, 13)   vdiff=  5.8120E-06 ( 57, 15)
n=  6508   udiff=  3.0191E-06 ( 56, 10)   vdiff=  5.6469E-06 ( 58, 18)
n=  6509   udiff=  3.3138E-06 ( 54, 13)   vdiff=  5.1664E-06 ( 56, 18)
n=  6510   udiff=  4.0013E-06 ( 54, 13)   vdiff=  5.9536E-06 ( 54, 12)
n=  6511   udiff=  2.6496E-06 ( 56, 17)   vdiff=  5.0331E-06 ( 54, 16)
n=  6512   udiff=  4.8325E-06 ( 60, 15)   vdiff=  6.4113E-06 ( 57, 11)
n=  6513   udiff=  3.4311E-06 ( 56, 13)   vdiff=  5.5258E-06 ( 56, 18)
n=  6514   udiff=  3.4748E-06 ( 57, 15)   vdiff=  7.1768E-06 ( 57, 15)
n=  6515   udiff=  3.8846E-06 ( 55, 12)   vdiff=  6.4799E-06 ( 53, 15)
n=  6516   udiff=  4.2339E-06 ( 55, 12)   vdiff=  6.5156E-06 ( 54, 14)
n=  6517   udiff=  2.5270E-06 ( 55, 14)   vdiff=  5.8690E-06 ( 56, 18)
n=  6518   udiff=  3.5750E-06 ( 56, 10)   vdiff=  6.7910E-06 ( 56, 11)
n=  6519   udiff=  3.5050E-06 ( 59, 16)   vdiff=  6.1809E-06 ( 59, 16)
n=  6520   udiff=  4.7456E-06 ( 55, 13)   vdiff=  5.5888E-06 ( 54, 13)
n=  6521   udiff=  4.6097E-06 ( 55, 13)   vdiff=  7.3093E-06 ( 55, 17)
n=  6522   udiff=  3.6998E-06 ( 54, 14)   vdiff=  7.2959E-06 ( 57, 15)
n=  6523   udiff=  4.1035E-06 ( 55, 13)   vdiff=  5.6811E-06 ( 54, 16)
n=  6524   udiff=  3.2092E-06 ( 55, 13)   vdiff=  5.3430E-06 ( 56, 18)
n=  6525   udiff=  3.9456E-06 ( 56, 11)   vdiff=  6.6318E-06 ( 56, 11)
n=  6526   udiff=  3.3613E-06 ( 58, 16)   vdiff=  5.9157E-06 ( 57, 18)
n=  6527   udiff=  3.7609E-06 ( 54, 14)   vdiff=  5.5650E-06 ( 54, 13)
n=  6528   udiff=  4.2676E-06 ( 60, 16)   vdiff=  6.4189E-06 ( 60, 16)
n=  6529   udiff=  3.9788E-06 ( 57, 17)   vdiff=  4.7179E-06 ( 53, 14)
n=  6530   udiff=  3.8927E-06 ( 55, 11)   vdiff=  7.6840E-06 ( 54, 13)
n=  6531   udiff=  3.9825E-06 ( 59, 16)   vdiff=  6.1271E-06 ( 54, 15)
n=  6532   udiff=  3.3188E-06 ( 54, 16)   vdiff=  5.3952E-06 ( 56, 18)
n=  6533   udiff=  2.8965E-06 ( 60, 15)   vdiff=  5.6395E-06 ( 58, 11)
n=  6534   udiff=  4.2514E-06 ( 55, 12)   vdiff=  7.6597E-06 ( 56, 11)
n=  6535   udiff=  3.3356E-06 ( 54, 13)   vdiff=  5.4365E-06 ( 54, 14)
n=  6536   udiff=  3.4018E-06 ( 55, 14)   vdiff=  5.7418E-06 ( 57, 18)
n=  6537   udiff=  3.3416E-06 ( 55, 12)   vdiff=  4.5657E-06 ( 55, 13)
n=  6538   udiff=  3.3755E-06 ( 59, 16)   vdiff=  5.9606E-06 ( 58, 11)
n=  6539   udiff=  3.6843E-06 ( 58, 14)   vdiff=  6.2183E-06 ( 55, 17)
n=  6540   udiff=  2.8918E-06 ( 60, 14)   vdiff=  5.6936E-06 ( 59, 15)
n=  6541   udiff=  3.5131E-06 ( 57, 16)   vdiff=  5.7662E-06 ( 56, 18)
n=  6542   udiff=  3.1010E-06 ( 53, 14)   vdiff=  5.6994E-06 ( 56, 18)
n=  6543   udiff=  3.4651E-06 ( 57, 11)   vdiff=  7.1904E-06 ( 54, 13)
n=  6544   udiff=  2.9994E-06 ( 59, 17)   vdiff=  4.6551E-06 ( 58, 12)
n=  6545   udiff=  4.5409E-06 ( 58, 17)   vdiff=  4.7948E-06 ( 59, 16)
n=  6546   udiff=  3.4855E-06 ( 58, 17)   vdiff=  4.8493E-06 ( 53, 14)
n=  6547   udiff=  3.2415E-06 ( 60, 10)   vdiff=  6.2703E-06 ( 54, 13)
n=  6548   udiff=  3.9177E-06 ( 58, 18)   vdiff=  7.2274E-06 ( 54, 15)
n=  6549   udiff=  3.0777E-06 ( 55, 13)   vdiff=  4.9104E-06 ( 57, 18)
n=  6550   udiff=  4.1753E-06 ( 60, 16)   vdiff=  6.3649E-06 ( 60, 16)
n=  6551   udiff=  3.3858E-06 ( 60, 10)   vdiff=  5.8833E-06 ( 56, 18)
n=  6552   udiff=  3.5433E-06 ( 56, 11)   vdiff=  6.5488E-06 ( 54, 13)
n=  6553   udiff=  4.5513E-06 ( 59, 16)   vdiff=  5.1634E-06 ( 57, 15)
n=  6554   udiff=  3.4832E-06 ( 55, 11)   vdiff=  4.6745E-06 ( 56, 18)
n=  6555   udiff=  4.4485E-06 ( 57, 17)   vdiff=  6.9100E-06 ( 55, 17)
n=  6556   udiff=  3.6807E-06 ( 56, 11)   vdiff=  6.4620E-06 ( 56, 11)
n=  6557   udiff=  3.9497E-06 ( 55, 13)   vdiff=  5.4109E-06 ( 56, 18)
n=  6558   udiff=  5.1106E-06 ( 55, 13)   vdiff=  6.4159E-06 ( 57, 17)
n=  6559   udiff=  3.9440E-06 ( 55, 13)   vdiff=  6.5325E-06 ( 56, 11)
n=  6560   udiff=  3.1461E-06 ( 55, 13)   vdiff=  5.3201E-06 ( 56, 18)
n=  6561   udiff=  2.9411E-06 ( 57, 16)   vdiff=  5.8417E-06 ( 56, 18)
n=  6562   udiff=  3.1241E-06 ( 54, 16)   vdiff=  5.5336E-06 ( 61, 10)
n=  6563   udiff=  3.5460E-06 ( 60, 10)   vdiff=  5.3659E-06 ( 60, 10)
n=  6564   udiff=  4.4304E-06 ( 60, 15)   vdiff=  5.5807E-06 ( 58, 18)
n=  6565   udiff=  3.0758E-06 ( 56, 11)   vdiff=  5.4740E-06 ( 56, 18)
n=  6566   udiff=  3.5625E-06 ( 54, 16)   vdiff=  5.7816E-06 ( 57, 18)
n=  6567   udiff=  3.1390E-06 ( 54, 16)   vdiff=  5.4710E-06 ( 60, 10)
n=  6568   udiff=  3.7050E-06 ( 57, 14)   vdiff=  7.0837E-06 ( 57, 15)
n=  6569   udiff=  3.5293E-06 ( 57, 16)   vdiff=  7.8270E-06 ( 56, 11)
n=  6570   udiff=  2.9781E-06 ( 57, 17)   vdiff=  5.6654E-06 ( 58, 12)
n=  6571   udiff=  3.9546E-06 ( 57, 17)   vdiff=  5.4951E-06 ( 60, 10)
n=  6572   udiff=  3.7315E-06 ( 55, 14)   vdiff=  5.1445E-06 ( 53, 14)
n=  6573   udiff=  3.3886E-06 ( 56, 12)   vdiff=  6.0623E-06 ( 54, 13)
n=  6574   udiff=  3.4642E-06 ( 58, 16)   vdiff=  6.4387E-06 ( 58, 17)
n=  6575   udiff=  3.2013E-06 ( 55, 17)   vdiff=  5.3011E-06 ( 57, 15)
n=  6576   udiff=  4.6190E-06 ( 60, 15)   vdiff=  6.9714E-06 ( 61, 10)
n=  6577   udiff=  4.3150E-06 ( 57, 17)   vdiff=  6.6841E-06 ( 54, 15)
n=  6578   udiff=  5.4442E-06 ( 56, 17)   vdiff=  7.1447E-06 ( 56, 11)
n=  6579   udiff=  4.8046E-06 ( 58, 17)   vdiff=  5.5142E-06 ( 59, 10)
n=  6580   udiff=  4.1675E-06 ( 58, 17)   vdiff=  4.5248E-06 ( 56, 18)
n=  6581   udiff=  3.7865E-06 ( 60, 16)   vdiff=  6.2673E-06 ( 57, 15)
n=  6582   udiff=  3.6326E-06 ( 54, 15)   vdiff=  7.4581E-06 ( 54, 13)
n=  6583   udiff=  3.4002E-06 ( 60,  9)   vdiff=  6.1357E-06 ( 56, 11)
n=  6584   udiff=  3.7539E-06 ( 54, 15)   vdiff=  6.6323E-06 ( 58, 17)
n=  6585   udiff=  4.1464E-06 ( 55, 13)   vdiff=  4.5638E-06 ( 53, 14)
n=  6586   udiff=  3.3154E-06 ( 56, 13)   vdiff=  5.1204E-06 ( 56, 18)
n=  6587   udiff=  4.5569E-06 ( 57, 11)   vdiff=  6.3767E-06 ( 56, 11)
n=  6588   udiff=  3.5593E-06 ( 55, 12)   vdiff=  6.4005E-06 ( 54, 13)
n=  6589   udiff=  3.0399E-06 ( 60, 14)   vdiff=  5.9162E-06 ( 56, 17)
n=  6590   udiff=  3.7328E-06 ( 58, 17)   vdiff=  5.0548E-06 ( 54, 16)
n=  6591   udiff=  3.7669E-06 ( 57, 17)   vdiff=  5.8953E-06 ( 58, 11)
n=  6592   udiff=  3.6256E-06 ( 56,  9)   vdiff=  5.5700E-06 ( 56, 10)
n=  6593   udiff=  3.6723E-06 ( 54, 16)   vdiff=  6.2194E-06 ( 56, 18)
n=  6594   udiff=  3.9152E-06 ( 54, 13)   vdiff=  5.9785E-06 ( 54, 15)
n=  6595   udiff=  3.3156E-06 ( 60,  9)   vdiff=  5.4495E-06 ( 59, 10)
n=  6596   udiff=  4.3715E-06 ( 55, 17)   vdiff=  6.1507E-06 ( 59, 15)
n=  6597   udiff=  2.8969E-06 ( 55, 12)   vdiff=  5.9390E-06 ( 58, 12)
n=  6598   udiff=  3.7872E-06 ( 58, 17)   vdiff=  4.3392E-06 ( 56, 18)
n=  6599   udiff=  3.6147E-06 ( 55, 16)   vdiff=  6.1997E-06 ( 56, 11)
n=  6600   udiff=  3.2864E-06 ( 58, 16)   vdiff=  6.6149E-06 ( 58, 17)
n=  6601   udiff=  3.2469E-06 ( 55, 13)   vdiff=  5.7750E-06 ( 54, 13)
n=  6602   udiff=  4.6946E-06 ( 55, 13)   vdiff=  6.2303E-06 ( 57, 15)
n=  6603   udiff=  3.1708E-06 ( 57, 12)   vdiff=  6.1612E-06 ( 56, 18)
n=  6604   udiff=  3.3872E-06 ( 56, 14)   vdiff=  5.3357E-06 ( 56, 18)
n=  6605   udiff=  4.4219E-06 ( 55, 13)   vdiff=  6.9352E-06 ( 54, 13)
n=  6606   udiff=  4.5970E-06 ( 55, 13)   vdiff=  5.6128E-06 ( 58, 18)
n=  6607   udiff=  2.9234E-06 ( 55, 17)   vdiff=  7.0331E-06 ( 54, 15)
n=  6608   udiff=  3.8043E-06 ( 57, 12)   vdiff=  6.3993E-06 ( 56, 11)
n=  6609   udiff=  2.9449E-06 ( 54, 14)   vdiff=  5.6380E-06 ( 58, 12)
n=  6610   udiff=  2.8709E-06 ( 57, 18)   vdiff=  4.6807E-06 ( 56, 18)
n=  6611   udiff=  4.0586E-06 ( 54, 16)   vdiff=  6.5564E-06 ( 54, 13)
n=  6612   udiff=  3.5861E-06 ( 54, 16)   vdiff=  6.8923E-06 ( 61, 10)
n=  6613   udiff=  2.4253E-06 ( 56, 13)   vdiff=  4.6014E-06 ( 57, 18)
n=  6614   udiff=  3.4345E-06 ( 58, 14)   vdiff=  6.2875E-06 ( 58, 17)
n=  6615   udiff=  4.3719E-06 ( 55, 13)   vdiff=  6.0778E-06 ( 56, 10)
n=  6616   udiff=  4.7293E-06 ( 55, 13)   vdiff=  6.9063E-06 ( 54, 13)
n=  6617   udiff=  3.8478E-06 ( 57, 17)   vdiff=  4.8085E-06 ( 53, 14)
n=  6618   udiff=  3.6078E-06 ( 56, 12)   vdiff=  5.3444E-06 ( 56, 18)
n=  6619   udiff=  4.0206E-06 ( 54, 14)   vdiff=  5.9544E-06 ( 56, 18)
n=  6620   udiff=  4.2023E-06 ( 54, 14)   vdiff=  6.3261E-06 ( 57, 11)
n=  6621   udiff=  3.5402E-06 ( 55, 12)   vdiff=  5.2286E-06 ( 54, 15)
n=  6622   udiff=  3.7635E-06 ( 55, 12)   vdiff=  6.5386E-06 ( 57, 15)
n=  6623   udiff=  3.6634E-06 ( 54, 14)   vdiff=  4.4988E-06 ( 57, 18)
n=  6624   udiff=  3.3743E-06 ( 58, 12)   vdiff=  5.7854E-06 ( 58, 11)
n=  6625   udiff=  3.3238E-06 ( 59, 17)   vdiff=  4.7196E-06 ( 53, 14)
n=  6626   udiff=  3.8486E-06 ( 57, 14)   vdiff=  6.2406E-06 ( 54, 12)
n=  6627   udiff=  3.2505E-06 ( 57, 16)   vdiff=  6.0609E-06 ( 56, 18)
n=  6628   udiff=  3.0496E-06 ( 54, 14)   vdiff=  5.6330E-06 ( 56, 18)
n=  6629   udiff=  3.7927E-06 ( 56, 11)   vdiff=  5.7342E-06 ( 56, 17)
n=  6630   udiff=  4.0970E-06 ( 58, 16)   vdiff=  6.5501E-06 ( 58, 17)
n=  6631   udiff=  3.2840E-06 ( 55, 12)   vdiff=  6.3155E-06 ( 54, 15)
n=  6632   udiff=  3.8376E-06 ( 56, 11)   vdiff=  5.6084E-06 ( 56, 18)
n=  6633   udiff=  3.7835E-06 ( 54, 16)   vdiff=  5.0328E-06 ( 56, 18)
n=  6634   udiff=  4.7185E-06 ( 55, 13)   vdiff=  5.6908E-06 ( 55, 17)
n=  6635   udiff=  3.6889E-06 ( 56, 11)   vdiff=  4.9234E-06 ( 56, 11)
n=  6636   udiff=  4.7151E-06 ( 57, 17)   vdiff=  6.0230E-06 ( 58, 18)
n=  6637   udiff=  4.0971E-06 ( 57, 17)   vdiff=  5.2992E-06 ( 57, 15)
n=  6638   udiff=  3.6708E-06 ( 58, 17)   vdiff=  5.3608E-06 ( 56, 18)
n=  6639   udiff=  3.2935E-06 ( 55, 16)   vdiff=  4.7427E-06 ( 57, 18)
n=  6640   udiff=  4.2218E-06 ( 57, 11)   vdiff=  6.7598E-06 ( 57, 11)
n=  6641   udiff=  2.7144E-06 ( 53, 15)   vdiff=  5.3116E-06 ( 56, 17)
n=  6642   udiff=  3.5448E-06 ( 54, 12)   vdiff=  6.5477E-06 ( 54, 14)
n=  6643   udiff=  3.0239E-06 ( 58, 12)   vdiff=  5.2422E-06 ( 58, 15)
n=  6644   udiff=  3.6087E-06 ( 56, 11)   vdiff=  4.7436E-06 ( 56, 11)
n=  6645   udiff=  3.0240E-06 ( 55, 17)   vdiff=  5.3161E-06 ( 56, 18)
n=  6646   udiff=  4.5791E-06 ( 55, 13)   vdiff=  6.7963E-06 ( 58, 17)
n=  6647   udiff=  5.3177E-06 ( 55, 13)   vdiff=  5.6544E-06 ( 59, 10)
n=  6648   udiff=  3.4147E-06 ( 56, 11)   vdiff=  6.3269E-06 ( 56, 10)
n=  6649   udiff=  3.3074E-06 ( 57, 16)   vdiff=  5.7866E-06 ( 56, 18)
n=  6650   udiff=  3.9290E-06 ( 55, 12)   vdiff=  5.5297E-06 ( 56, 18)
n=  6651   udiff=  2.6098E-06 ( 55, 12)   vdiff=  5.1488E-06 ( 53, 14)
n=  6652   udiff=  2.9825E-06 ( 55, 17)   vdiff=  5.6804E-06 ( 58, 18)
n=  6653   udiff=  3.7285E-06 ( 55, 13)   vdiff=  5.7721E-06 ( 56, 17)
n=  6654   udiff=  4.1990E-06 ( 54, 13)   vdiff=  6.7882E-06 ( 53, 15)
n=  6655   udiff=  3.5985E-06 ( 55, 14)   vdiff=  5.9285E-06 ( 57, 15)
n=  6656   udiff=  3.6584E-06 ( 58, 12)   vdiff=  5.7160E-06 ( 58, 11)
n=  6657   udiff=  4.0476E-06 ( 55, 13)   vdiff=  5.8157E-06 ( 56, 18)
n=  6658   udiff=  3.1615E-06 ( 55, 13)   vdiff=  5.3511E-06 ( 56, 18)
n=  6659   udiff=  4.2671E-06 ( 54, 13)   vdiff=  5.7160E-06 ( 54, 16)
n=  6660   udiff=  3.7375E-06 ( 56, 10)   vdiff=  6.1148E-06 ( 58, 17)
n=  6661   udiff=  3.4575E-06 ( 55, 16)   vdiff=  7.3743E-06 ( 55, 17)
n=  6662   udiff=  3.2148E-06 ( 57, 15)   vdiff=  6.3755E-06 ( 57, 15)
n=  6663   udiff=  3.2688E-06 ( 54, 15)   vdiff=  5.7548E-06 ( 59, 15)
n=  6664   udiff=  2.5642E-06 ( 57, 16)   vdiff=  4.9993E-06 ( 57, 17)
n=  6665   udiff=  3.7566E-06 ( 55, 12)   vdiff=  5.0217E-06 ( 53, 14)
n=  6666   udiff=  3.9045E-06 ( 54, 13)   vdiff=  6.4946E-06 ( 58, 17)
n=  6667   udiff=  3.2516E-06 ( 59, 10)   vdiff=  5.4974E-06 ( 59, 10)
n=  6668   udiff=  3.4627E-06 ( 56, 10)   vdiff=  5.4529E-06 ( 56, 18)
n=  6669   udiff=  4.1103E-06 ( 57, 17)   vdiff=  6.9726E-06 ( 57, 15)
n=  6670   udiff=  4.5636E-06 ( 57, 17)   vdiff=  4.7113E-06 ( 55, 14)
n=  6671   udiff=  4.4928E-06 ( 57, 17)   vdiff=  6.8066E-06 ( 54, 15)
n=  6672   udiff=  3.8405E-06 ( 55, 11)   vdiff=  5.5528E-06 ( 54, 14)
n=  6673   udiff=  3.3286E-06 ( 55, 14)   vdiff=  5.1306E-06 ( 57, 18)
n=  6674   udiff=  4.4537E-06 ( 56, 11)   vdiff=  6.0561E-06 ( 57, 18)
n=  6675   udiff=  2.5215E-06 ( 57, 16)   vdiff=  5.3606E-06 ( 56, 18)
n=  6676   udiff=  3.2135E-06 ( 57, 15)   vdiff=  6.9434E-06 ( 57, 15)
n=  6677   udiff=  3.9665E-06 ( 59, 10)   vdiff=  5.5462E-06 ( 58, 12)
n=  6678   udiff=  2.6106E-06 ( 55, 10)   vdiff=  7.3656E-06 ( 54, 15)
n=  6679   udiff=  5.2998E-06 ( 58, 17)   vdiff=  5.6650E-06 ( 56, 18)
n=  6680   udiff=  3.9925E-06 ( 58, 17)   vdiff=  5.1255E-06 ( 56, 11)
n=  6681   udiff=  3.1947E-06 ( 60, 10)   vdiff=  5.4808E-06 ( 59, 10)
n=  6682   udiff=  3.9090E-06 ( 59, 15)   vdiff=  5.8476E-06 ( 54, 14)
n=  6683   udiff=  3.6557E-06 ( 56, 16)   vdiff=  7.6041E-06 ( 55, 17)
n=  6684   udiff=  3.1350E-06 ( 56, 14)   vdiff=  5.4315E-06 ( 56, 18)
n=  6685   udiff=  3.7594E-06 ( 60, 16)   vdiff=  5.8360E-06 ( 60, 16)
n=  6686   udiff=  3.3103E-06 ( 60, 10)   vdiff=  7.3549E-06 ( 56, 11)
n=  6687   udiff=  4.0050E-06 ( 55, 12)   vdiff=  7.1703E-06 ( 54, 14)
n=  6688   udiff=  5.0185E-06 ( 57, 17)   vdiff=  4.4776E-06 ( 56, 17)
n=  6689   udiff=  3.1019E-06 ( 60, 10)   vdiff=  5.3864E-06 ( 59, 10)
n=  6690   udiff=  3.7073E-06 ( 57, 12)   vdiff=  6.1555E-06 ( 57, 18)
n=  6691   udiff=  2.8279E-06 ( 54, 12)   vdiff=  5.0292E-06 ( 53, 14)
n=  6692   udiff=  4.7070E-06 ( 57, 14)   vdiff=  5.7166E-06 ( 56, 15)
n=  6693   udiff=  3.6533E-06 ( 57, 18)   vdiff=  5.6926E-06 ( 59, 15)
n=  6694   udiff=  3.7512E-06 ( 54, 13)   vdiff=  7.6400E-06 ( 56, 11)
n=  6695   udiff=  3.5160E-06 ( 57, 16)   vdiff=  6.2178E-06 ( 54, 15)
n=  6696   udiff=  2.8970E-06 ( 54, 13)   vdiff=  4.7193E-06 ( 57, 18)
n=  6697   udiff=  4.1433E-06 ( 56, 10)   vdiff=  5.7696E-06 ( 56, 11)
n=  6698   udiff=  2.9046E-06 ( 57, 18)   vdiff=  4.5518E-06 ( 59, 16)
n=  6699   udiff=  4.6299E-06 ( 60, 16)   vdiff=  6.4988E-06 ( 60, 16)
n=  6700   udiff=  3.7984E-06 ( 54, 14)   vdiff=  6.9627E-06 ( 54, 15)
n=  6701   udiff=  3.4250E-06 ( 57, 12)   vdiff=  7.3934E-06 ( 54, 13)
n=  6702   udiff=  3.2010E-06 ( 61, 10)   vdiff=  5.8273E-06 ( 58, 11)
n=  6703   udiff=  3.4040E-06 ( 56, 14)   vdiff=  5.4963E-06 ( 59, 12)
n=  6704   udiff=  3.7892E-06 ( 57, 17)   vdiff=  6.4678E-06 ( 56, 10)
n=  6705   udiff=  2.5294E-06 ( 57, 17)   vdiff=  5.2305E-06 ( 53, 14)
n=  6706   udiff=  3.7564E-06 ( 57, 14)   vdiff=  5.8712E-06 ( 54, 16)
n=  6707   udiff=  4.2291E-06 ( 57, 17)   vdiff=  6.7554E-06 ( 54, 15)
n=  6708   udiff=  4.1791E-06 ( 55, 12)   vdiff=  7.5742E-06 ( 55, 17)
n=  6709   udiff=  4.1980E-06 ( 57, 17)   vdiff=  5.1436E-06 ( 54, 14)
n=  6710   udiff=  3.1932E-06 ( 55, 14)   vdiff=  5.5088E-06 ( 59, 15)
n=  6711   udiff=  3.0978E-06 ( 56, 14)   vdiff=  5.4020E-06 ( 57, 18)
n=  6712   udiff=  4.2504E-06 ( 59, 10)   vdiff=  5.7671E-06 ( 58, 11)
n=  6713   udiff=  3.2865E-06 ( 53, 14)   vdiff=  7.0477E-06 ( 54, 15)
n=  6714   udiff=  3.7446E-06 ( 57, 14)   vdiff=  6.2477E-06 ( 57, 18)
n=  6715   udiff=  3.4337E-06 ( 56, 12)   vdiff=  7.4470E-06 ( 56, 11)
n=  6716   udiff=  3.8531E-06 ( 59, 15)   vdiff=  5.5068E-06 ( 57, 15)
n=  6717   udiff=  3.1400E-06 ( 58, 17)   vdiff=  6.0727E-06 ( 56, 17)
n=  6718   udiff=  3.2866E-06 ( 55, 11)   vdiff=  6.0481E-06 ( 54, 14)
n=  6719   udiff=  3.5667E-06 ( 57, 12)   vdiff=  5.4394E-06 ( 56, 12)
n=  6720   udiff=  3.6496E-06 ( 59, 10)   vdiff=  5.7286E-06 ( 58, 12)
n=  6721   udiff=  3.1592E-06 ( 54, 12)   vdiff=  6.1714E-06 ( 54, 13)
n=  6722   udiff=  3.9226E-06 ( 57, 12)   vdiff=  6.0623E-06 ( 56, 11)
n=  6723   udiff=  4.3673E-06 ( 60, 16)   vdiff=  6.4260E-06 ( 60, 16)
n=  6724   udiff=  3.8805E-06 ( 58, 12)   vdiff=  6.7244E-06 ( 58, 17)
n=  6725   udiff=  4.4333E-06 ( 57, 15)   vdiff=  6.4394E-06 ( 57, 15)
n=  6726   udiff=  2.8739E-06 ( 57, 17)   vdiff=  3.8822E-06 ( 56, 18)
n=  6727   udiff=  4.6803E-06 ( 57, 17)   vdiff=  4.8675E-06 ( 53, 15)
n=  6728   udiff=  4.0641E-06 ( 56, 11)   vdiff=  6.0391E-06 ( 56, 11)
n=  6729   udiff=  2.7270E-06 ( 60, 14)   vdiff=  5.7736E-06 ( 56, 17)
n=  6730   udiff=  3.9880E-06 ( 58, 16)   vdiff=  6.2787E-06 ( 58, 17)
n=  6731   udiff=  2.8614E-06 ( 57, 12)   vdiff=  5.0210E-06 ( 57, 18)
n=  6732   udiff=  3.6556E-06 ( 55, 16)   vdiff=  6.7822E-06 ( 55, 17)
n=  6733   udiff=  3.5276E-06 ( 54, 12)   vdiff=  5.9837E-06 ( 59, 15)
n=  6734   udiff=  3.6609E-06 ( 56, 14)   vdiff=  4.4097E-06 ( 54, 16)
n=  6735   udiff=  3.7818E-06 ( 54, 14)   vdiff=  6.6799E-06 ( 54, 15)
n=  6736   udiff=  3.6471E-06 ( 57, 18)   vdiff=  5.4074E-06 ( 54, 14)
n=  6737   udiff=  4.1442E-06 ( 56, 11)   vdiff=  6.3111E-06 ( 56, 11)
n=  6738   udiff=  3.6340E-06 ( 55, 14)   vdiff=  6.9756E-06 ( 57, 15)
n=  6739   udiff=  3.3991E-06 ( 54, 13)   vdiff=  5.2930E-06 ( 56, 17)
n=  6740   udiff=  2.8694E-06 ( 55, 14)   vdiff=  6.3099E-06 ( 57, 18)
n=  6741   udiff=  2.6895E-06 ( 60, 11)   vdiff=  5.5640E-06 ( 59, 12)
n=  6742   udiff=  3.4160E-06 ( 58, 13)   vdiff=  5.4064E-06 ( 53, 14)
n=  6743   udiff=  3.8634E-06 ( 57, 12)   vdiff=  7.2540E-06 ( 58, 17)
n=  6744   udiff=  2.9226E-06 ( 55, 16)   vdiff=  4.9544E-06 ( 54, 15)
n=  6745   udiff=  2.7422E-06 ( 55, 13)   vdiff=  4.9820E-06 ( 57, 18)
n=  6746   udiff=  3.1832E-06 ( 57, 15)   vdiff=  7.0658E-06 ( 54, 13)
n=  6747   udiff=  4.2534E-06 ( 60, 16)   vdiff=  7.2006E-06 ( 56, 11)
n=  6748   udiff=  3.4756E-06 ( 58, 16)   vdiff=  6.4815E-06 ( 58, 17)
n=  6749   udiff=  2.4792E-06 ( 54, 16)   vdiff=  4.6859E-06 ( 57, 18)
n=  6750   udiff=  3.4545E-06 ( 58, 12)   vdiff=  5.8067E-06 ( 58, 11)
n=  6751   udiff=  3.3340E-06 ( 55, 14)   vdiff=  6.6923E-06 ( 54, 14)
n=  6752   udiff=  2.8432E-06 ( 57, 17)   vdiff=  6.8020E-06 ( 54, 15)
n=  6753   udiff=  4.4870E-06 ( 55, 13)   vdiff=  5.7122E-06 ( 54, 14)
n=  6754   udiff=  3.3303E-06 ( 57, 15)   vdiff=  6.8814E-06 ( 57, 15)
n=  6755   udiff=  3.4000E-06 ( 57, 16)   vdiff=  6.4880E-06 ( 56, 11)
n=  6756   udiff=  4.1325E-06 ( 54, 16)   vdiff=  6.2387E-06 ( 57, 18)
n=  6757   udiff=  3.5286E-06 ( 54, 12)   vdiff=  5.6592E-06 ( 59, 15)
n=  6758   udiff=  3.9372E-06 ( 57, 18)   vdiff=  5.2524E-06 ( 55, 17)
n=  6759   udiff=  4.7280E-06 ( 55, 13)   vdiff=  6.0581E-06 ( 56, 11)
n=  6760   udiff=  4.1846E-06 ( 60, 16)   vdiff=  6.3984E-06 ( 60, 16)
n=  6761   udiff=  3.1173E-06 ( 59, 16)   vdiff=  6.8995E-06 ( 58, 17)
n=  6762   udiff=  4.3950E-06 ( 60, 15)   vdiff=  6.5346E-06 ( 54, 13)
n=  6763   udiff=  2.7946E-06 ( 58, 13)   vdiff=  7.0530E-06 ( 54, 15)
n=  6764   udiff=  3.5117E-06 ( 60, 10)   vdiff=  6.1935E-06 ( 60, 10)
n=  6765   udiff=  3.5391E-06 ( 55, 16)   vdiff=  5.5958E-06 ( 54, 14)
n=  6766   udiff=  3.7777E-06 ( 58, 18)   vdiff=  5.7225E-06 ( 59, 15)
n=  6767   udiff=  3.9546E-06 ( 56, 11)   vdiff=  6.0239E-06 ( 56, 10)
n=  6768   udiff=  3.3103E-06 ( 58, 16)   vdiff=  5.1145E-06 ( 57, 17)
n=  6769   udiff=  3.6482E-06 ( 56, 12)   vdiff=  5.7748E-06 ( 56, 17)
n=  6770   udiff=  3.1736E-06 ( 58, 17)   vdiff=  5.3978E-06 ( 59, 15)
n=  6771   udiff=  4.2927E-06 ( 57, 17)   vdiff=  7.2030E-06 ( 54, 15)
n=  6772   udiff=  3.8195E-06 ( 58, 17)   vdiff=  6.4460E-06 ( 54, 14)
n=  6773   udiff=  5.0911E-06 ( 60, 15)   vdiff=  5.9289E-06 ( 56, 17)
n=  6774   udiff=  3.9108E-06 ( 56, 12)   vdiff=  5.8256E-06 ( 56, 11)
n=  6775   udiff=  2.6952E-06 ( 58, 11)   vdiff=  5.5259E-06 ( 57, 15)
n=  6776   udiff=  3.5506E-06 ( 57, 18)   vdiff=  6.8882E-06 ( 55, 17)
n=  6777   udiff=  3.2839E-06 ( 59, 10)   vdiff=  4.5143E-06 ( 58, 11)
n=  6778   udiff=  3.8074E-06 ( 57, 12)   vdiff=  7.5149E-06 ( 54, 13)
n=  6779   udiff=  4.9942E-06 ( 58, 17)   vdiff=  5.2067E-06 ( 58, 17)
n=  6780   udiff=  3.5388E-06 ( 58, 17)   vdiff=  4.1540E-06 ( 58, 12)
n=  6781   udiff=  4.3954E-06 ( 55, 13)   vdiff=  5.0163E-06 ( 57, 18)
n=  6782   udiff=  4.1168E-06 ( 60, 16)   vdiff=  7.6186E-06 ( 57, 11)
n=  6783   udiff=  2.9227E-06 ( 55, 12)   vdiff=  5.6166E-06 ( 56, 17)
n=  6784   udiff=  3.4299E-06 ( 57, 12)   vdiff=  7.2486E-06 ( 54, 13)
n=  6785   udiff=  3.6503E-06 ( 60, 10)   vdiff=  5.8946E-06 ( 60, 10)
n=  6786   udiff=  3.8010E-06 ( 58, 15)   vdiff=  7.6166E-06 ( 58, 17)
n=  6787   udiff=  3.0657E-06 ( 55, 14)   vdiff=  4.8715E-06 ( 57, 18)
n=  6788   udiff=  3.2520E-06 ( 55, 11)   vdiff=  7.9946E-06 ( 56, 11)
n=  6789   udiff=  4.0575E-06 ( 60,  9)   vdiff=  5.3625E-06 ( 59, 10)
n=  6790   udiff=  2.1512E-06 ( 57, 16)   vdiff=  6.2137E-06 ( 57, 18)
n=  6791   udiff=  3.0907E-06 ( 56, 10)   vdiff=  5.4087E-06 ( 56, 17)
n=  6792   udiff=  3.8701E-06 ( 58, 18)   vdiff=  6.5851E-06 ( 54, 14)
n=  6793   udiff=  3.0068E-06 ( 54, 15)   vdiff=  6.7820E-06 ( 54, 15)
n=  6794   udiff=  3.5726E-06 ( 54, 13)   vdiff=  6.0155E-06 ( 59, 12)
n=  6795   udiff=  3.8894E-06 ( 55, 12)   vdiff=  5.6109E-06 ( 58, 12)
n=  6796   udiff=  3.1224E-06 ( 57, 18)   vdiff=  5.2283E-06 ( 53, 14)
n=  6797   udiff=  4.5115E-06 ( 58, 14)   vdiff=  6.3982E-06 ( 60, 16)
n=  6798   udiff=  3.6744E-06 ( 54, 14)   vdiff=  5.8419E-06 ( 56, 11)
n=  6799   udiff=  3.7150E-06 ( 54, 13)   vdiff=  5.9067E-06 ( 56, 17)
n=  6800   udiff=  3.5427E-06 ( 57, 14)   vdiff=  5.3121E-06 ( 54, 16)
n=  6801   udiff=  2.3850E-06 ( 58, 11)   vdiff=  4.9928E-06 ( 57, 18)
n=  6802   udiff=  4.7625E-06 ( 60, 15)   vdiff=  4.7197E-06 ( 57, 14)
n=  6803   udiff=  3.5377E-06 ( 55, 13)   vdiff=  6.6816E-06 ( 58, 17)
n=  6804   udiff=  3.8372E-06 ( 55, 11)   vdiff=  6.5819E-06 ( 54, 12)
n=  6805   udiff=  2.3057E-06 ( 57, 17)   vdiff=  4.9037E-06 ( 57, 18)
n=  6806   udiff=  3.4665E-06 ( 56, 11)   vdiff=  6.8784E-06 ( 55, 17)
n=  6807   udiff=  3.0154E-06 ( 57, 13)   vdiff=  5.0623E-06 ( 57, 18)
n=  6808   udiff=  4.4500E-06 ( 55, 13)   vdiff=  6.2909E-06 ( 58, 11)
n=  6809   udiff=  3.6624E-06 ( 57, 12)   vdiff=  5.3820E-06 ( 56, 10)
n=  6810   udiff=  4.0817E-06 ( 55, 13)   vdiff=  5.3189E-06 ( 54, 14)
n=  6811   udiff=  3.4711E-06 ( 57, 16)   vdiff=  7.0128E-06 ( 60, 13)
n=  6812   udiff=  4.0012E-06 ( 60, 16)   vdiff=  6.1483E-06 ( 60, 16)
n=  6813   udiff=  3.4604E-06 ( 54, 16)   vdiff=  4.6321E-06 ( 57, 18)
n=  6814   udiff=  3.5202E-06 ( 58, 17)   vdiff=  5.7013E-06 ( 58, 11)
n=  6815   udiff=  3.6504E-06 ( 55, 13)   vdiff=  5.6815E-06 ( 59, 12)
n=  6816   udiff=  3.2807E-06 ( 58, 17)   vdiff=  6.8450E-06 ( 54, 15)
n=  6817   udiff=  3.6615E-06 ( 57, 17)   vdiff=  7.2283E-06 ( 54, 14)
n=  6818   udiff=  4.4131E-06 ( 57, 15)   vdiff=  6.3891E-06 ( 57, 15)
n=  6819   udiff=  4.3044E-06 ( 57, 17)   vdiff=  5.1614E-06 ( 53, 14)
n=  6820   udiff=  4.4901E-06 ( 60, 15)   vdiff=  4.7236E-06 ( 54, 16)
n=  6821   udiff=  3.4594E-06 ( 59, 16)   vdiff=  5.5759E-06 ( 58, 12)
n=  6822   udiff=  3.3846E-06 ( 60, 10)   vdiff=  7.0472E-06 ( 55, 17)
n=  6823   udiff=  3.5741E-06 ( 54, 16)   vdiff=  5.3537E-06 ( 56, 17)
n=  6824   udiff=  3.8449E-06 ( 56, 11)   vdiff=  7.6301E-06 ( 58, 16)
n=  6825   udiff=  3.2332E-06 ( 58, 13)   vdiff=  5.8359E-06 ( 59, 15)
n=  6826   udiff=  4.0457E-06 ( 54, 14)   vdiff=  5.7665E-06 ( 58, 11)
n=  6827   udiff=  3.4171E-06 ( 57, 12)   vdiff=  6.4750E-06 ( 56, 10)
n=  6828   udiff=  3.6503E-06 ( 55, 13)   vdiff=  4.8361E-06 ( 54, 14)
n=  6829   udiff=  3.0884E-06 ( 57, 16)   vdiff=  5.6270E-06 ( 56, 17)
n=  6830   udiff=  3.3834E-06 ( 54, 12)   vdiff=  6.5339E-06 ( 54, 14)
n=  6831   udiff=  3.4786E-06 ( 57, 16)   vdiff=  6.2592E-06 ( 54, 15)
n=  6832   udiff=  3.6686E-06 ( 55, 12)   vdiff=  4.6256E-06 ( 57, 18)
n=  6833   udiff=  4.5241E-06 ( 57, 17)   vdiff=  6.3503E-06 ( 60, 16)
n=  6834   udiff=  3.5599E-06 ( 58, 17)   vdiff=  5.1203E-06 ( 57, 13)
n=  6835   udiff=  3.5751E-06 ( 59, 10)   vdiff=  6.6692E-06 ( 54, 14)
n=  6836   udiff=  3.7214E-06 ( 56, 11)   vdiff=  6.2229E-06 ( 57, 17)
n=  6837   udiff=  4.9939E-06 ( 54, 14)   vdiff=  5.6774E-06 ( 56, 17)
n=  6838   udiff=  3.5717E-06 ( 55, 14)   vdiff=  4.8192E-06 ( 54, 16)
n=  6839   udiff=  4.6718E-06 ( 57, 17)   vdiff=  5.4721E-06 ( 59, 10)
n=  6840   udiff=  3.3749E-06 ( 57, 17)   vdiff=  6.2740E-06 ( 54, 14)
n=  6841   udiff=  2.9562E-06 ( 58, 17)   vdiff=  5.6370E-06 ( 56, 18)
n=  6842   udiff=  3.4399E-06 ( 53, 14)   vdiff=  5.7499E-06 ( 58, 18)
n=  6843   udiff=  3.8870E-06 ( 58, 14)   vdiff=  5.4812E-06 ( 60, 10)
n=  6844   udiff=  3.6939E-06 ( 56, 11)   vdiff=  5.8403E-06 ( 57, 18)
n=  6845   udiff=  3.0325E-06 ( 55, 11)   vdiff=  8.3021E-06 ( 54, 13)
n=  6846   udiff=  2.8045E-06 ( 58, 11)   vdiff=  7.1060E-06 ( 54, 15)
n=  6847   udiff=  3.6459E-06 ( 56, 11)   vdiff=  5.3730E-06 ( 59, 15)
n=  6848   udiff=  3.5049E-06 ( 59, 17)   vdiff=  5.1458E-06 ( 55, 14)
n=  6849   udiff=  3.2637E-06 ( 54, 15)   vdiff=  6.0955E-06 ( 55, 17)
n=  6850   udiff=  4.0923E-06 ( 56, 11)   vdiff=  7.6741E-06 ( 58, 16)
n=  6851   udiff=  3.4001E-06 ( 56, 11)   vdiff=  5.7702E-06 ( 59, 15)
n=  6852   udiff=  4.4101E-06 ( 55, 13)   vdiff=  5.3597E-06 ( 54, 13)
n=  6853   udiff=  4.5983E-06 ( 57, 17)   vdiff=  4.4506E-06 ( 56, 18)
n=  6854   udiff=  3.7409E-06 ( 57, 10)   vdiff=  6.2148E-06 ( 57, 11)
n=  6855   udiff=  3.4287E-06 ( 55, 12)   vdiff=  5.0155E-06 ( 53, 14)
n=  6856   udiff=  3.4442E-06 ( 58, 16)   vdiff=  7.1683E-06 ( 54, 15)
n=  6857   udiff=  3.0301E-06 ( 60, 14)   vdiff=  5.6815E-06 ( 54, 16)
n=  6858   udiff=  3.9624E-06 ( 56, 11)   vdiff=  6.1198E-06 ( 56, 11)
n=  6859   udiff=  3.4039E-06 ( 55, 14)   vdiff=  4.3795E-06 ( 56, 18)
n=  6860   udiff=  3.1147E-06 ( 55, 11)   vdiff=  5.3081E-06 ( 54, 14)
n=  6861   udiff=  3.8027E-06 ( 56, 16)   vdiff=  7.5025E-06 ( 55, 17)
n=  6862   udiff=  3.6723E-06 ( 56, 12)   vdiff=  6.0381E-06 ( 56, 11)
n=  6863   udiff=  3.4891E-06 ( 56, 17)   vdiff=  4.9924E-06 ( 53, 14)
n=  6864   udiff=  4.3961E-06 ( 60, 16)   vdiff=  6.2007E-06 ( 60, 16)
n=  6865   udiff=  4.2523E-06 ( 55, 13)   vdiff=  5.6657E-06 ( 54, 14)
n=  6866   udiff=  3.5793E-06 ( 57, 17)   vdiff=  5.0770E-06 ( 57, 11)
n=  6867   udiff=  3.4496E-06 ( 58, 17)   vdiff=  6.8463E-06 ( 54, 14)
n=  6868   udiff=  3.4042E-06 ( 58, 12)   vdiff=  6.5757E-06 ( 54, 15)
n=  6869   udiff=  4.1078E-06 ( 57, 15)   vdiff=  6.7299E-06 ( 57, 15)
n=  6870   udiff=  3.6128E-06 ( 55, 12)   vdiff=  5.5406E-06 ( 59, 15)
n=  6871   udiff=  3.4323E-06 ( 60, 10)   vdiff=  5.6597E-06 ( 59, 10)
n=  6872   udiff=  3.5525E-06 ( 54, 12)   vdiff=  6.1275E-06 ( 54, 14)
n=  6873   udiff=  3.7198E-06 ( 57, 12)   vdiff=  5.4294E-06 ( 54, 16)
n=  6874   udiff=  2.9364E-06 ( 57, 17)   vdiff=  5.6671E-06 ( 58, 11)
n=  6875   udiff=  3.5174E-06 ( 56, 11)   vdiff=  7.6236E-06 ( 55, 17)
n=  6876   udiff=  2.7231E-06 ( 57, 16)   vdiff=  5.9541E-06 ( 57, 18)
n=  6877   udiff=  3.8250E-06 ( 57, 15)   vdiff=  6.2691E-06 ( 56, 15)
n=  6878   udiff=  3.1008E-06 ( 58, 16)   vdiff=  6.1899E-06 ( 56, 11)
n=  6879   udiff=  3.4024E-06 ( 59, 10)   vdiff=  4.6065E-06 ( 57, 18)
n=  6880   udiff=  4.2680E-06 ( 55, 13)   vdiff=  5.2465E-06 ( 54, 14)
n=  6881   udiff=  3.1775E-06 ( 56, 13)   vdiff=  6.0031E-06 ( 56, 18)
n=  6882   udiff=  3.8777E-06 ( 57, 11)   vdiff=  6.0447E-06 ( 57, 11)
n=  6883   udiff=  3.2278E-06 ( 56, 17)   vdiff=  7.7571E-06 ( 54, 13)
n=  6884   udiff=  3.5436E-06 ( 57, 12)   vdiff=  6.2893E-06 ( 54, 15)
n=  6885   udiff=  4.5079E-06 ( 57, 15)   vdiff=  6.9018E-06 ( 57, 15)
n=  6886   udiff=  3.6515E-06 ( 58, 17)   vdiff=  4.9925E-06 ( 55, 14)
n=  6887   udiff=  3.4614E-06 ( 57, 17)   vdiff=  7.0223E-06 ( 54, 13)
n=  6888   udiff=  3.1456E-06 ( 54, 15)   vdiff=  4.3119E-06 ( 56, 18)
n=  6889   udiff=  3.8156E-06 ( 58, 12)   vdiff=  4.9564E-06 ( 58, 12)
n=  6890   udiff=  3.4671E-06 ( 54, 15)   vdiff=  5.3295E-06 ( 57, 11)
n=  6891   udiff=  3.7015E-06 ( 56, 16)   vdiff=  7.5376E-06 ( 55, 17)
n=  6892   udiff=  3.2570E-06 ( 58, 18)   vdiff=  7.0177E-06 ( 54, 15)
n=  6893   udiff=  3.7347E-06 ( 56, 10)   vdiff=  6.1362E-06 ( 56, 11)
n=  6894   udiff=  3.6084E-06 ( 58, 12)   vdiff=  5.9653E-06 ( 58, 11)
n=  6895   udiff=  2.7012E-06 ( 56, 17)   vdiff=  5.1365E-06 ( 53, 14)
n=  6896   udiff=  3.2574E-06 ( 57, 18)   vdiff=  5.0249E-06 ( 55, 14)
n=  6897   udiff=  3.3941E-06 ( 55, 11)   vdiff=  7.9720E-06 ( 56, 11)
n=  6898   udiff=  2.4556E-06 ( 57, 16)   vdiff=  5.4004E-06 ( 56, 18)
n=  6899   udiff=  3.3336E-06 ( 53, 14)   vdiff=  5.8558E-06 ( 58, 12)
n=  6900   udiff=  3.5280E-06 ( 54, 16)   vdiff=  6.4662E-06 ( 57, 17)
n=  6901   udiff=  3.5044E-06 ( 56, 13)   vdiff=  4.9023E-06 ( 53, 14)
n=  6902   udiff=  4.0783E-06 ( 60, 16)   vdiff=  7.5217E-06 ( 54, 13)
n=  6903   udiff=  3.5003E-06 ( 60, 10)   vdiff=  5.8954E-06 ( 59, 10)
n=  6904   udiff=  3.3528E-06 ( 54, 13)   vdiff=  5.6706E-06 ( 57, 17)
n=  6905   udiff=  3.1478E-06 ( 55, 17)   vdiff=  6.1258E-06 ( 56, 17)
n=  6906   udiff=  4.1167E-06 ( 56, 12)   vdiff=  7.2983E-06 ( 56, 11)
n=  6907   udiff=  3.2768E-06 ( 55, 12)   vdiff=  4.9255E-06 ( 55, 14)
n=  6908   udiff=  3.8326E-06 ( 55, 12)   vdiff=  5.7293E-06 ( 54, 13)
n=  6909   udiff=  3.3509E-06 ( 54, 14)   vdiff=  6.7048E-06 ( 54, 15)
n=  6910   udiff=  3.7472E-06 ( 56, 14)   vdiff=  4.7179E-06 ( 56, 18)
n=  6911   udiff=  3.7910E-06 ( 57, 17)   vdiff=  6.0830E-06 ( 56, 11)
n=  6912   udiff=  5.5119E-06 ( 57, 17)   vdiff=  5.5044E-06 ( 54, 16)
n=  6913   udiff=  3.2625E-06 ( 56, 14)   vdiff=  4.0997E-06 ( 56, 18)
n=  6914   udiff=  3.4897E-06 ( 56, 11)   vdiff=  5.2194E-06 ( 57, 18)
n=  6915   udiff=  3.2663E-06 ( 55, 12)   vdiff=  6.2681E-06 ( 54, 13)
n=  6916   udiff=  4.4293E-06 ( 55, 17)   vdiff=  6.3268E-06 ( 57, 18)
n=  6917   udiff=  3.3682E-06 ( 55, 13)   vdiff=  5.4081E-06 ( 56, 17)
n=  6918   udiff=  4.0638E-06 ( 57, 10)   vdiff=  6.3576E-06 ( 56, 11)
n=  6919   udiff=  4.0870E-06 ( 55, 13)   vdiff=  4.6298E-06 ( 57, 18)
n=  6920   udiff=  5.1865E-06 ( 55, 13)   vdiff=  5.3099E-06 ( 56, 18)
n=  6921   udiff=  3.3502E-06 ( 58, 12)   vdiff=  5.0209E-06 ( 58, 15)
n=  6922   udiff=  3.1476E-06 ( 56, 13)   vdiff=  4.8670E-06 ( 56, 18)
n=  6923   udiff=  3.8534E-06 ( 58, 16)   vdiff=  6.9753E-06 ( 58, 17)
n=  6924   udiff=  3.1567E-06 ( 54, 15)   vdiff=  5.4098E-06 ( 54, 16)
n=  6925   udiff=  3.0974E-06 ( 57, 15)   vdiff=  6.9990E-06 ( 57, 15)
n=  6926   udiff=  3.3724E-06 ( 56, 11)   vdiff=  6.4014E-06 ( 56, 10)
n=  6927   udiff=  3.2798E-06 ( 56, 11)   vdiff=  7.9473E-06 ( 54, 13)
n=  6928   udiff=  2.9603E-06 ( 57, 16)   vdiff=  4.8501E-06 ( 55, 13)
n=  6929   udiff=  3.4960E-06 ( 56, 14)   vdiff=  4.7959E-06 ( 58, 17)
n=  6930   udiff=  3.7980E-06 ( 54, 16)   vdiff=  6.0636E-06 ( 58, 11)
n=  6931   udiff=  4.0519E-06 ( 57, 17)   vdiff=  5.4799E-06 ( 55, 17)
n=  6932   udiff=  3.4852E-06 ( 55, 12)   vdiff=  5.2147E-06 ( 57, 15)
n=  6933   udiff=  3.2263E-06 ( 60, 10)   vdiff=  5.9774E-06 ( 59, 10)
n=  6934   udiff=  4.3985E-06 ( 58, 16)   vdiff=  6.6962E-06 ( 58, 17)
n=  6935   udiff=  3.3945E-06 ( 55, 13)   vdiff=  4.7810E-06 ( 54, 14)
n=  6936   udiff=  4.9695E-06 ( 55, 13)   vdiff=  6.3610E-06 ( 54, 15)
n=  6937   udiff=  4.2888E-06 ( 57, 17)   vdiff=  4.6613E-06 ( 56, 18)
n=  6938   udiff=  4.4812E-06 ( 57, 17)   vdiff=  5.9324E-06 ( 56, 11)
n=  6939   udiff=  3.6496E-06 ( 57, 17)   vdiff=  4.8750E-06 ( 57, 14)
n=  6940   udiff=  3.5169E-06 ( 58, 17)   vdiff=  5.0347E-06 ( 54, 16)
n=  6941   udiff=  3.6389E-06 ( 56, 10)   vdiff=  6.2359E-06 ( 56, 17)
n=  6942   udiff=  3.3408E-06 ( 54, 14)   vdiff=  5.9681E-06 ( 56, 18)
n=  6943   udiff=  3.9305E-06 ( 55, 13)   vdiff=  5.7272E-06 ( 58, 11)
n=  6944   udiff=  3.5398E-06 ( 56, 11)   vdiff=  4.5346E-06 ( 56, 11)
n=  6945   udiff=  3.4280E-06 ( 54, 16)   vdiff=  6.8330E-06 ( 54, 15)
n=  6946   udiff=  3.7709E-06 ( 54, 16)   vdiff=  5.7814E-06 ( 57, 18)
n=  6947   udiff=  4.1648E-06 ( 56, 11)   vdiff=  6.3385E-06 ( 56, 10)
n=  6948   udiff=  3.0554E-06 ( 54, 15)   vdiff=  5.5189E-06 ( 58, 18)
n=  6949   udiff=  3.9514E-06 ( 55, 12)   vdiff=  6.2216E-06 ( 54, 13)
n=  6950   udiff=  4.3533E-06 ( 56, 17)   vdiff=  5.4332E-06 ( 54, 15)
n=  6951   udiff=  2.8599E-06 ( 53, 14)   vdiff=  5.2070E-06 ( 58, 15)
n=  6952   udiff=  4.2832E-06 ( 54, 14)   vdiff=  6.0010E-06 ( 56, 11)
n=  6953   udiff=  3.1413E-06 ( 56, 18)   vdiff=  5.1617E-06 ( 56, 17)
n=  6954   udiff=  3.2500E-06 ( 58, 16)   vdiff=  6.3325E-06 ( 58, 17)
n=  6955   udiff=  4.3019E-06 ( 54, 12)   vdiff=  7.3663E-06 ( 56, 11)
n=  6956   udiff=  2.5179E-06 ( 57, 17)   vdiff=  7.0271E-06 ( 54, 15)
n=  6957   udiff=  4.1553E-06 ( 55, 16)   vdiff=  5.6070E-06 ( 55, 17)
n=  6958   udiff=  3.0031E-06 ( 57, 18)   vdiff=  5.7373E-06 ( 57, 15)
n=  6959   udiff=  3.6684E-06 ( 55, 12)   vdiff=  5.6248E-06 ( 56, 18)
n=  6960   udiff=  3.5103E-06 ( 55, 12)   vdiff=  6.0625E-06 ( 54, 13)
n=  6961   udiff=  3.4448E-06 ( 56, 17)   vdiff=  4.7808E-06 ( 53, 14)
n=  6962   udiff=  4.2068E-06 ( 58, 17)   vdiff=  5.4802E-06 ( 59, 10)
n=  6963   udiff=  3.7713E-06 ( 57, 15)   vdiff=  6.6703E-06 ( 57, 15)
n=  6964   udiff=  3.7059E-06 ( 58, 16)   vdiff=  5.8819E-06 ( 58, 17)
n=  6965   udiff=  2.9250E-06 ( 55, 14)   vdiff=  7.7013E-06 ( 54, 13)
n=  6966   udiff=  3.2161E-06 ( 58, 12)   vdiff=  6.7496E-06 ( 54, 15)
n=  6967   udiff=  3.7427E-06 ( 57, 15)   vdiff=  6.2809E-06 ( 57, 15)
n=  6968   udiff=  4.0633E-06 ( 57, 17)   vdiff=  5.3604E-06 ( 55, 14)
n=  6969   udiff=  3.9937E-06 ( 59, 10)   vdiff=  5.8760E-06 ( 58, 11)
n=  6970   udiff=  3.1593E-06 ( 58, 17)   vdiff=  4.9041E-06 ( 56, 18)
n=  6971   udiff=  3.4157E-06 ( 56, 10)   vdiff=  5.0689E-06 ( 57, 14)
n=  6972   udiff=  4.5153E-06 ( 57, 15)   vdiff=  6.3961E-06 ( 57, 15)
n=  6973   udiff=  2.9988E-06 ( 56, 17)   vdiff=  5.1132E-06 ( 57, 18)
n=  6974   udiff=  4.0632E-06 ( 55, 12)   vdiff=  5.9794E-06 ( 59, 12)
n=  6975   udiff=  4.0540E-06 ( 55, 15)   vdiff=  5.0521E-06 ( 54, 15)
n=  6976   udiff=  3.9112E-06 ( 58, 17)   vdiff=  4.2587E-06 ( 58, 18)
n=  6977   udiff=  5.0280E-06 ( 58, 17)   vdiff=  7.8635E-06 ( 55, 17)
n=  6978   udiff=  4.5030E-06 ( 54, 14)   vdiff=  6.9262E-06 ( 54, 12)
n=  6979   udiff=  3.4534E-06 ( 57, 15)   vdiff=  6.3088E-06 ( 57, 15)
n=  6980   udiff=  3.2582E-06 ( 57, 18)   vdiff=  5.2765E-06 ( 55, 14)
n=  6981   udiff=  3.9895E-06 ( 54, 15)   vdiff=  6.0335E-06 ( 56, 18)
n=  6982   udiff=  4.4257E-06 ( 56, 11)   vdiff=  6.0625E-06 ( 56, 10)
n=  6983   udiff=  3.8735E-06 ( 54, 14)   vdiff=  5.8651E-06 ( 54, 15)
n=  6984   udiff=  3.5797E-06 ( 54, 14)   vdiff=  6.6195E-06 ( 58, 17)
n=  6985   udiff=  2.5557E-06 ( 60, 15)   vdiff=  5.8988E-06 ( 56, 17)
n=  6986   udiff=  3.2664E-06 ( 57, 14)   vdiff=  5.7465E-06 ( 56, 18)
n=  6987   udiff=  4.2002E-06 ( 57, 17)   vdiff=  5.1584E-06 ( 54, 14)
n=  6988   udiff=  3.9419E-06 ( 57, 12)   vdiff=  5.9172E-06 ( 56, 11)
n=  6989   udiff=  2.8345E-06 ( 57, 16)   vdiff=  5.5763E-06 ( 56, 17)
n=  6990   udiff=  3.4298E-06 ( 60, 10)   vdiff=  6.8997E-06 ( 58, 17)
n=  6991   udiff=  3.4500E-06 ( 57, 13)   vdiff=  7.2128E-06 ( 56, 11)
n=  6992   udiff=  2.8618E-06 ( 57, 18)   vdiff=  5.1685E-06 ( 58, 11)
n=  6993   udiff=  3.1352E-06 ( 59, 12)   vdiff=  5.7092E-06 ( 53, 14)
n=  6994   udiff=  3.6139E-06 ( 56, 17)   vdiff=  5.4278E-06 ( 54, 16)
n=  6995   udiff=  4.3278E-06 ( 57, 17)   vdiff=  5.4157E-06 ( 59, 10)
n=  6996   udiff=  2.7562E-06 ( 55, 13)   vdiff=  5.3455E-06 ( 57, 15)
n=  6997   udiff=  4.0666E-06 ( 55, 13)   vdiff=  5.3553E-06 ( 54, 14)
n=  6998   udiff=  4.6666E-06 ( 55, 13)   vdiff=  6.8564E-06 ( 58, 17)
n=  6999   udiff=  2.9798E-06 ( 56, 13)   vdiff=  4.3403E-06 ( 56, 18)
n=  7000   udiff=  3.0404E-06 ( 56, 14)   vdiff=  5.8821E-06 ( 54, 14)
 FAILED to converge in maximum time steps        7000
