 Forming PPE matrix
 Calculating LU decomposition of PPE matrix
 Starting time step loop
n=     1   udiff=  3.3880E+03 ( 61, 15)   vdiff=  2.8861E+03 ( 60, 16)
n=     2   udiff=  1.1790E+02 ( 61, 15)   vdiff=  6.5899E+01 ( 61, 15)
n=     3   udiff=  1.0566E+02 ( 61, 15)   vdiff=  5.0056E+01 ( 61, 15)
n=     4   udiff=  9.5051E+01 ( 61, 15)   vdiff=  4.2644E+01 ( 60, 15)
n=     5   udiff=  8.5822E+01 ( 61, 15)   vdiff=  3.6891E+01 ( 60, 15)
n=     6   udiff=  7.7754E+01 ( 61, 15)   vdiff=  3.1963E+01 ( 60, 15)
n=     7   udiff=  7.0673E+01 ( 61, 15)   vdiff=  2.7729E+01 ( 60, 15)
n=     8   udiff=  6.4436E+01 ( 61, 15)   vdiff=  2.4082E+01 ( 60, 15)
n=     9   udiff=  5.8923E+01 ( 61, 15)   vdiff=  2.1837E+01 (  1, 18)
n=    10   udiff=  5.6098E+01 ( 62, 15)   vdiff=  2.0428E+01 (  1, 18)
n=    11   udiff=  5.4573E+01 ( 62, 15)   vdiff=  1.9112E+01 (  1, 18)
n=    12   udiff=  5.2911E+01 ( 62, 15)   vdiff=  1.7937E+01 (  1, 19)
n=    13   udiff=  5.1159E+01 ( 62, 15)   vdiff=  1.6844E+01 (  1, 19)
n=    14   udiff=  4.9353E+01 ( 62, 15)   vdiff=  1.5819E+01 (  1, 19)
n=    15   udiff=  4.7521E+01 ( 62, 15)   vdiff=  1.4887E+01 (  1, 20)
n=    16   udiff=  4.5684E+01 ( 62, 15)   vdiff=  1.4035E+01 (  1, 20)
n=    17   udiff=  4.3845E+01 ( 62, 15)   vdiff=  1.3234E+01 (  1, 20)
n=    18   udiff=  4.2030E+01 ( 62, 15)   vdiff=  1.2605E+01 ( 60, 16)
n=    19   udiff=  4.0254E+01 ( 62, 15)   vdiff=  1.2559E+01 ( 61, 15)
n=    20   udiff=  3.8524E+01 ( 62, 15)   vdiff=  1.2537E+01 ( 61, 15)
n=    21   udiff=  3.7881E+01 ( 63, 15)   vdiff=  1.2417E+01 ( 61, 15)
n=    22   udiff=  3.7225E+01 ( 63, 15)   vdiff=  1.2218E+01 ( 61, 15)
n=    23   udiff=  3.6526E+01 ( 63, 15)   vdiff=  1.1960E+01 ( 61, 15)
n=    24   udiff=  3.5792E+01 ( 63, 15)   vdiff=  1.1655E+01 ( 61, 15)
n=    25   udiff=  3.5033E+01 ( 63, 15)   vdiff=  1.1317E+01 ( 61, 15)
n=    26   udiff=  3.4254E+01 ( 63, 15)   vdiff=  1.0954E+01 ( 61, 15)
n=    27   udiff=  3.3463E+01 ( 63, 15)   vdiff=  1.0574E+01 ( 61, 15)
n=    28   udiff=  3.2664E+01 ( 63, 15)   vdiff=  1.0186E+01 ( 61, 15)
n=    29   udiff=  3.1863E+01 ( 63, 15)   vdiff=  9.7922E+00 ( 61, 15)
n=    30   udiff=  3.1063E+01 ( 63, 15)   vdiff=  9.3988E+00 ( 61, 15)
n=    31   udiff=  3.0267E+01 ( 63, 15)   vdiff=  9.0086E+00 ( 61, 15)
n=    32   udiff=  2.9480E+01 ( 63, 15)   vdiff=  8.6246E+00 ( 61, 15)
n=    33   udiff=  2.8702E+01 ( 63, 15)   vdiff=  8.2488E+00 ( 61, 15)
n=    34   udiff=  2.7937E+01 ( 63, 15)   vdiff=  8.0168E+00 ( 61, 14)
n=    35   udiff=  2.7202E+01 ( 64, 15)   vdiff=  7.9372E+00 ( 61, 14)
n=    36   udiff=  2.6841E+01 ( 64, 15)   vdiff=  7.8433E+00 ( 61, 14)
n=    37   udiff=  2.6469E+01 ( 64, 15)   vdiff=  7.7372E+00 ( 61, 14)
n=    38   udiff=  2.6088E+01 ( 64, 15)   vdiff=  7.7589E+00 ( 62, 15)
n=    39   udiff=  2.5701E+01 ( 64, 15)   vdiff=  7.7772E+00 ( 62, 15)
n=    40   udiff=  2.5308E+01 ( 64, 15)   vdiff=  7.7766E+00 ( 62, 15)
n=    41   udiff=  2.4904E+01 ( 64, 15)   vdiff=  7.7419E+00 ( 62, 15)
n=    42   udiff=  2.4480E+01 ( 64, 15)   vdiff=  7.6480E+00 ( 62, 15)
n=    43   udiff=  2.4051E+01 ( 64, 15)   vdiff=  7.5412E+00 ( 62, 15)
n=    44   udiff=  2.3619E+01 ( 64, 15)   vdiff=  7.4233E+00 ( 62, 15)
n=    45   udiff=  2.3186E+01 ( 64, 15)   vdiff=  7.2961E+00 ( 62, 15)
n=    46   udiff=  2.2751E+01 ( 64, 15)   vdiff=  7.1611E+00 ( 62, 15)
n=    47   udiff=  2.2317E+01 ( 64, 15)   vdiff=  7.0197E+00 ( 62, 15)
n=    48   udiff=  2.1885E+01 ( 64, 15)   vdiff=  6.8732E+00 ( 62, 15)
n=    49   udiff=  2.1455E+01 ( 64, 15)   vdiff=  6.7225E+00 ( 62, 15)
n=    50   udiff=  2.1029E+01 ( 64, 15)   vdiff=  6.5689E+00 ( 62, 15)
n=    51   udiff=  2.0606E+01 ( 64, 15)   vdiff=  6.4130E+00 ( 62, 15)
n=    52   udiff=  2.0187E+01 ( 64, 15)   vdiff=  6.2558E+00 ( 62, 15)
n=    53   udiff=  1.9774E+01 ( 64, 15)   vdiff=  6.1700E+00 ( 62, 14)
n=    54   udiff=  1.9474E+01 ( 65, 15)   vdiff=  6.1521E+00 ( 62, 14)
n=    55   udiff=  1.9239E+01 ( 65, 15)   vdiff=  6.1257E+00 ( 62, 14)
n=    56   udiff=  1.9001E+01 ( 65, 15)   vdiff=  6.0917E+00 ( 62, 14)
n=    57   udiff=  1.8762E+01 ( 65, 15)   vdiff=  6.0507E+00 ( 62, 14)
n=    58   udiff=  1.8522E+01 ( 65, 15)   vdiff=  6.0033E+00 ( 62, 14)
n=    59   udiff=  1.8281E+01 ( 65, 15)   vdiff=  5.9502E+00 ( 62, 14)
n=    60   udiff=  1.8039E+01 ( 65, 15)   vdiff=  5.8920E+00 ( 62, 14)
n=    61   udiff=  1.7798E+01 ( 65, 15)   vdiff=  5.8292E+00 ( 62, 14)
n=    62   udiff=  1.7557E+01 ( 65, 15)   vdiff=  5.7626E+00 ( 62, 14)
n=    63   udiff=  1.7317E+01 ( 65, 15)   vdiff=  5.6936E+00 ( 62, 14)
n=    64   udiff=  1.7078E+01 ( 65, 15)   vdiff=  5.6214E+00 ( 62, 14)
n=    65   udiff=  1.6840E+01 ( 65, 15)   vdiff=  5.5463E+00 ( 62, 14)
n=    66   udiff=  1.6604E+01 ( 65, 15)   vdiff=  5.4688E+00 ( 62, 14)
n=    67   udiff=  1.6369E+01 ( 65, 15)   vdiff=  5.3893E+00 ( 62, 14)
n=    68   udiff=  1.6136E+01 ( 65, 15)   vdiff=  5.3080E+00 ( 62, 14)
n=    69   udiff=  1.5904E+01 ( 65, 15)   vdiff=  5.2254E+00 ( 62, 14)
n=    70   udiff=  1.5675E+01 ( 65, 15)   vdiff=  5.1416E+00 ( 62, 14)
n=    71   udiff=  1.5447E+01 ( 65, 15)   vdiff=  5.0570E+00 ( 62, 14)
n=    72   udiff=  1.5222E+01 ( 65, 15)   vdiff=  4.9718E+00 ( 62, 14)
n=    73   udiff=  1.4999E+01 ( 65, 15)   vdiff=  4.8862E+00 ( 62, 14)
n=    74   udiff=  1.4779E+01 ( 65, 15)   vdiff=  4.8004E+00 ( 62, 14)
n=    75   udiff=  1.4560E+01 ( 65, 15)   vdiff=  4.7109E+00 ( 62, 14)
n=    76   udiff=  1.4353E+01 ( 66, 15)   vdiff=  4.6555E+00 ( 63, 14)
n=    77   udiff=  1.4211E+01 ( 66, 15)   vdiff=  4.6352E+00 ( 63, 14)
n=    78   udiff=  1.4069E+01 ( 66, 15)   vdiff=  4.6115E+00 ( 63, 14)
n=    79   udiff=  1.3926E+01 ( 66, 15)   vdiff=  4.5848E+00 ( 63, 14)
n=    80   udiff=  1.3784E+01 ( 66, 15)   vdiff=  4.5552E+00 ( 63, 14)
n=    81   udiff=  1.3642E+01 ( 66, 15)   vdiff=  4.5229E+00 ( 63, 14)
n=    82   udiff=  1.3500E+01 ( 66, 15)   vdiff=  4.4883E+00 ( 63, 14)
n=    83   udiff=  1.3358E+01 ( 66, 15)   vdiff=  4.4514E+00 ( 63, 14)
n=    84   udiff=  1.3216E+01 ( 66, 15)   vdiff=  4.4125E+00 ( 63, 14)
n=    85   udiff=  1.3075E+01 ( 66, 15)   vdiff=  4.3718E+00 ( 63, 14)
n=    86   udiff=  1.2934E+01 ( 66, 15)   vdiff=  4.3294E+00 ( 63, 14)
n=    87   udiff=  1.2794E+01 ( 66, 15)   vdiff=  4.2855E+00 ( 63, 14)
n=    88   udiff=  1.2654E+01 ( 66, 15)   vdiff=  4.2403E+00 ( 63, 14)
n=    89   udiff=  1.2515E+01 ( 66, 15)   vdiff=  4.1939E+00 ( 63, 14)
n=    90   udiff=  1.2377E+01 ( 66, 15)   vdiff=  4.1465E+00 ( 63, 14)
n=    91   udiff=  1.2239E+01 ( 66, 15)   vdiff=  4.0982E+00 ( 63, 14)
n=    92   udiff=  1.2102E+01 ( 66, 15)   vdiff=  4.0492E+00 ( 63, 14)
n=    93   udiff=  1.1966E+01 ( 66, 15)   vdiff=  3.9995E+00 ( 63, 14)
n=    94   udiff=  1.1830E+01 ( 66, 15)   vdiff=  3.9492E+00 ( 63, 14)
n=    95   udiff=  1.1694E+01 ( 66, 15)   vdiff=  3.9021E+00 ( 63, 14)
n=    96   udiff=  1.1555E+01 ( 66, 15)   vdiff=  3.8647E+00 ( 63, 14)
n=    97   udiff=  1.1417E+01 ( 66, 15)   vdiff=  3.8262E+00 ( 63, 14)
n=    98   udiff=  1.1280E+01 ( 66, 15)   vdiff=  3.7868E+00 ( 63, 14)
n=    99   udiff=  1.1143E+01 ( 66, 15)   vdiff=  3.7465E+00 ( 63, 14)
n=   100   udiff=  1.1008E+01 ( 66, 15)   vdiff=  3.7053E+00 ( 63, 14)
n=   101   udiff=  1.0874E+01 ( 66, 15)   vdiff=  3.6635E+00 ( 63, 14)
n=   102   udiff=  1.0774E+01 ( 67, 15)   vdiff=  3.6210E+00 ( 63, 14)
n=   103   udiff=  1.0682E+01 ( 67, 15)   vdiff=  3.5780E+00 ( 63, 14)
n=   104   udiff=  1.0589E+01 ( 67, 15)   vdiff=  3.5345E+00 ( 63, 14)
n=   105   udiff=  1.0497E+01 ( 67, 15)   vdiff=  3.4905E+00 ( 63, 14)
n=   106   udiff=  1.0405E+01 ( 67, 15)   vdiff=  3.4463E+00 ( 63, 14)
n=   107   udiff=  1.0313E+01 ( 67, 15)   vdiff=  3.4017E+00 ( 63, 14)
n=   108   udiff=  1.0221E+01 ( 67, 15)   vdiff=  3.3891E+00 ( 64, 14)
n=   109   udiff=  1.0129E+01 ( 67, 15)   vdiff=  3.3805E+00 ( 64, 14)
n=   110   udiff=  1.0037E+01 ( 67, 15)   vdiff=  3.3711E+00 ( 64, 14)
n=   111   udiff=  9.9456E+00 ( 67, 15)   vdiff=  3.3608E+00 ( 64, 14)
n=   112   udiff=  9.8543E+00 ( 67, 15)   vdiff=  3.3497E+00 ( 64, 14)
n=   113   udiff=  9.7632E+00 ( 67, 15)   vdiff=  3.3378E+00 ( 64, 14)
n=   114   udiff=  9.6724E+00 ( 67, 15)   vdiff=  3.3252E+00 ( 64, 14)
n=   115   udiff=  9.5820E+00 ( 67, 15)   vdiff=  3.3117E+00 ( 64, 14)
n=   116   udiff=  9.4918E+00 ( 67, 15)   vdiff=  3.2975E+00 ( 64, 14)
n=   117   udiff=  9.4020E+00 ( 67, 15)   vdiff=  3.2826E+00 ( 64, 14)
n=   118   udiff=  9.3125E+00 ( 67, 15)   vdiff=  3.2646E+00 ( 64, 14)
n=   119   udiff=  9.2234E+00 ( 67, 15)   vdiff=  3.2460E+00 ( 64, 14)
n=   120   udiff=  9.1347E+00 ( 67, 15)   vdiff=  3.2269E+00 ( 64, 14)
n=   121   udiff=  9.0465E+00 ( 67, 15)   vdiff=  3.2073E+00 ( 64, 14)
n=   122   udiff=  8.9586E+00 ( 67, 15)   vdiff=  3.1873E+00 ( 64, 14)
n=   123   udiff=  8.8712E+00 ( 67, 15)   vdiff=  3.1670E+00 ( 64, 14)
n=   124   udiff=  8.7842E+00 ( 67, 15)   vdiff=  3.1462E+00 ( 64, 14)
n=   125   udiff=  8.6977E+00 ( 67, 15)   vdiff=  3.1250E+00 ( 64, 14)
n=   126   udiff=  8.6117E+00 ( 67, 15)   vdiff=  3.1035E+00 ( 64, 14)
n=   127   udiff=  8.5479E+00 ( 68, 15)   vdiff=  3.0816E+00 ( 64, 14)
n=   128   udiff=  8.4868E+00 ( 68, 15)   vdiff=  3.0595E+00 ( 64, 14)
n=   129   udiff=  8.4257E+00 ( 68, 15)   vdiff=  3.0370E+00 ( 64, 14)
n=   130   udiff=  8.3645E+00 ( 68, 15)   vdiff=  3.0141E+00 ( 64, 14)
n=   131   udiff=  8.3034E+00 ( 68, 15)   vdiff=  2.9910E+00 ( 64, 14)
n=   132   udiff=  8.2420E+00 ( 68, 15)   vdiff=  2.9603E+00 ( 64, 14)
n=   133   udiff=  8.1802E+00 ( 68, 15)   vdiff=  2.9176E+00 ( 64, 14)
n=   134   udiff=  8.1185E+00 ( 68, 15)   vdiff=  2.8757E+00 ( 64, 14)
n=   135   udiff=  8.0567E+00 ( 68, 15)   vdiff=  2.8343E+00 ( 64, 14)
n=   136   udiff=  7.9949E+00 ( 68, 15)   vdiff=  2.7948E+00 (  5, 18)
n=   137   udiff=  7.9332E+00 ( 68, 15)   vdiff=  2.7829E+00 (  5, 18)
n=   138   udiff=  7.8716E+00 ( 68, 15)   vdiff=  2.7705E+00 (  5, 18)
n=   139   udiff=  7.8100E+00 ( 68, 15)   vdiff=  2.7576E+00 (  5, 18)
n=   140   udiff=  7.7484E+00 ( 68, 15)   vdiff=  2.7441E+00 (  5, 18)
n=   141   udiff=  7.6869E+00 ( 68, 15)   vdiff=  2.7305E+00 (  5, 19)
n=   142   udiff=  7.6255E+00 ( 68, 15)   vdiff=  2.7205E+00 (  5, 19)
n=   143   udiff=  7.5643E+00 ( 68, 15)   vdiff=  2.7099E+00 (  5, 19)
n=   144   udiff=  7.5031E+00 ( 68, 15)   vdiff=  2.6988E+00 (  5, 19)
n=   145   udiff=  7.4420E+00 ( 68, 15)   vdiff=  2.6872E+00 (  5, 19)
n=   146   udiff=  7.3810E+00 ( 68, 15)   vdiff=  2.6751E+00 (  5, 19)
n=   147   udiff=  7.3202E+00 ( 68, 15)   vdiff=  2.6625E+00 (  5, 19)
n=   148   udiff=  7.2595E+00 ( 68, 15)   vdiff=  2.6494E+00 (  5, 19)
n=   149   udiff=  7.1990E+00 ( 68, 15)   vdiff=  2.6359E+00 (  5, 19)
n=   150   udiff=  7.1386E+00 ( 68, 15)   vdiff=  2.6220E+00 (  5, 19)
n=   151   udiff=  7.0784E+00 ( 68, 15)   vdiff=  2.6077E+00 (  5, 19)
n=   152   udiff=  7.0187E+00 ( 69, 15)   vdiff=  2.5929E+00 (  5, 19)
n=   153   udiff=  6.9755E+00 ( 69, 15)   vdiff=  2.5778E+00 (  5, 19)
n=   154   udiff=  6.9321E+00 ( 69, 15)   vdiff=  2.5624E+00 (  5, 19)
n=   155   udiff=  6.8887E+00 ( 69, 15)   vdiff=  2.5487E+00 (  5, 20)
n=   156   udiff=  6.8452E+00 ( 69, 15)   vdiff=  2.5368E+00 (  5, 20)
n=   157   udiff=  6.8016E+00 ( 69, 15)   vdiff=  2.5245E+00 (  5, 20)
n=   158   udiff=  6.7580E+00 ( 69, 15)   vdiff=  2.5118E+00 (  5, 20)
n=   159   udiff=  6.7143E+00 ( 69, 15)   vdiff=  2.4988E+00 (  5, 20)
n=   160   udiff=  6.6705E+00 ( 69, 15)   vdiff=  2.4854E+00 (  5, 20)
n=   161   udiff=  6.6266E+00 ( 69, 15)   vdiff=  2.4717E+00 (  5, 20)
n=   162   udiff=  6.5828E+00 ( 69, 15)   vdiff=  2.4577E+00 (  5, 20)
n=   163   udiff=  6.5389E+00 ( 69, 15)   vdiff=  2.4434E+00 (  5, 20)
n=   164   udiff=  6.4949E+00 ( 69, 15)   vdiff=  2.4288E+00 (  5, 20)
n=   165   udiff=  6.4510E+00 ( 69, 15)   vdiff=  2.4140E+00 (  5, 20)
n=   166   udiff=  6.4070E+00 ( 69, 15)   vdiff=  2.3988E+00 (  5, 20)
n=   167   udiff=  6.3629E+00 ( 69, 15)   vdiff=  2.3835E+00 (  5, 20)
n=   168   udiff=  6.3187E+00 ( 69, 15)   vdiff=  2.3678E+00 (  5, 20)
n=   169   udiff=  6.2744E+00 ( 69, 15)   vdiff=  2.3595E+00 (  6, 18)
n=   170   udiff=  6.2301E+00 ( 69, 15)   vdiff=  2.3522E+00 (  6, 18)
n=   171   udiff=  6.1858E+00 ( 69, 15)   vdiff=  2.3445E+00 (  6, 18)
n=   172   udiff=  6.1416E+00 ( 69, 15)   vdiff=  2.3363E+00 (  6, 18)
n=   173   udiff=  6.0975E+00 ( 69, 15)   vdiff=  2.3277E+00 (  6, 18)
n=   174   udiff=  6.0534E+00 ( 69, 15)   vdiff=  2.3188E+00 (  6, 18)
n=   175   udiff=  6.0094E+00 ( 69, 15)   vdiff=  2.3094E+00 (  6, 18)
n=   176   udiff=  5.9655E+00 ( 69, 15)   vdiff=  2.2997E+00 (  6, 18)
n=   177   udiff=  5.9217E+00 ( 69, 15)   vdiff=  2.2899E+00 (  6, 19)
n=   178   udiff=  5.8780E+00 ( 69, 15)   vdiff=  2.2831E+00 (  6, 19)
n=   179   udiff=  5.8427E+00 ( 70, 15)   vdiff=  2.2760E+00 (  6, 19)
n=   180   udiff=  5.8110E+00 ( 70, 15)   vdiff=  2.2684E+00 (  6, 19)
n=   181   udiff=  5.7792E+00 ( 70, 15)   vdiff=  2.2606E+00 (  6, 19)
n=   182   udiff=  5.7473E+00 ( 70, 15)   vdiff=  2.2523E+00 (  6, 19)
n=   183   udiff=  5.7154E+00 ( 70, 15)   vdiff=  2.2438E+00 (  6, 19)
n=   184   udiff=  5.6834E+00 ( 70, 15)   vdiff=  2.2349E+00 (  6, 19)
n=   185   udiff=  5.6513E+00 ( 70, 15)   vdiff=  2.2256E+00 (  6, 19)
n=   186   udiff=  5.6191E+00 ( 70, 15)   vdiff=  2.2161E+00 (  6, 19)
n=   187   udiff=  5.5869E+00 ( 70, 15)   vdiff=  2.2063E+00 (  6, 19)
n=   188   udiff=  5.5547E+00 ( 70, 15)   vdiff=  2.1962E+00 (  6, 19)
n=   189   udiff=  5.5224E+00 ( 70, 15)   vdiff=  2.1858E+00 (  6, 19)
n=   190   udiff=  5.4901E+00 ( 70, 15)   vdiff=  2.1752E+00 (  6, 19)
n=   191   udiff=  5.4577E+00 ( 70, 15)   vdiff=  2.1643E+00 (  6, 19)
n=   192   udiff=  5.4253E+00 ( 70, 15)   vdiff=  2.1532E+00 (  6, 19)
n=   193   udiff=  5.3929E+00 ( 70, 15)   vdiff=  2.1429E+00 (  6, 20)
n=   194   udiff=  5.3605E+00 ( 70, 15)   vdiff=  2.1346E+00 (  6, 20)
n=   195   udiff=  5.3312E+00 ( 71, 14)   vdiff=  2.1261E+00 (  6, 20)
n=   196   udiff=  5.3127E+00 ( 71, 14)   vdiff=  2.1173E+00 (  6, 20)
n=   197   udiff=  5.2939E+00 ( 71, 14)   vdiff=  2.1083E+00 (  6, 20)
n=   198   udiff=  5.2749E+00 ( 71, 14)   vdiff=  2.0990E+00 (  6, 20)
n=   199   udiff=  5.2556E+00 ( 71, 14)   vdiff=  2.0895E+00 (  6, 20)
n=   200   udiff=  5.2361E+00 ( 71, 14)   vdiff=  2.0798E+00 (  6, 20)
n=   201   udiff=  5.2164E+00 ( 71, 14)   vdiff=  2.0698E+00 (  6, 20)
n=   202   udiff=  5.1965E+00 ( 71, 14)   vdiff=  2.0596E+00 (  6, 20)
n=   203   udiff=  5.1764E+00 ( 71, 14)   vdiff=  2.0492E+00 (  6, 20)
n=   204   udiff=  5.1562E+00 ( 71, 14)   vdiff=  2.0386E+00 (  6, 20)
n=   205   udiff=  5.1357E+00 ( 71, 14)   vdiff=  2.0279E+00 (  6, 20)
n=   206   udiff=  5.1151E+00 ( 71, 14)   vdiff=  2.0216E+00 (  7, 18)
n=   207   udiff=  5.0943E+00 ( 71, 14)   vdiff=  2.0156E+00 (  7, 18)
n=   208   udiff=  5.0734E+00 ( 71, 14)   vdiff=  2.0093E+00 (  7, 18)
n=   209   udiff=  5.0523E+00 ( 71, 14)   vdiff=  2.0027E+00 (  7, 18)
n=   210   udiff=  5.0311E+00 ( 71, 14)   vdiff=  1.9958E+00 (  7, 18)
n=   211   udiff=  5.0098E+00 ( 71, 14)   vdiff=  1.9887E+00 (  7, 18)
n=   212   udiff=  4.9884E+00 ( 71, 14)   vdiff=  1.9813E+00 (  7, 18)
n=   213   udiff=  4.9733E+00 ( 72, 14)   vdiff=  1.9736E+00 (  7, 18)
n=   214   udiff=  4.9581E+00 ( 72, 14)   vdiff=  1.9681E+00 (  7, 19)
n=   215   udiff=  4.9428E+00 ( 72, 14)   vdiff=  1.9629E+00 (  7, 19)
n=   216   udiff=  4.9272E+00 ( 72, 14)   vdiff=  1.9575E+00 (  7, 19)
n=   217   udiff=  4.9114E+00 ( 72, 14)   vdiff=  1.9518E+00 (  7, 19)
n=   218   udiff=  4.8954E+00 ( 72, 14)   vdiff=  1.9458E+00 (  7, 19)
n=   219   udiff=  4.8792E+00 ( 72, 14)   vdiff=  1.9396E+00 (  7, 19)
n=   220   udiff=  4.8629E+00 ( 72, 14)   vdiff=  1.9331E+00 (  7, 19)
n=   221   udiff=  4.8463E+00 ( 72, 14)   vdiff=  1.9264E+00 (  7, 19)
n=   222   udiff=  4.8296E+00 ( 72, 14)   vdiff=  1.9195E+00 (  7, 19)
n=   223   udiff=  4.8128E+00 ( 72, 14)   vdiff=  1.9123E+00 (  7, 19)
n=   224   udiff=  4.7958E+00 ( 72, 14)   vdiff=  1.9049E+00 (  7, 19)
n=   225   udiff=  4.7786E+00 ( 72, 14)   vdiff=  1.8973E+00 (  7, 19)
n=   226   udiff=  4.7613E+00 ( 72, 14)   vdiff=  1.8895E+00 (  7, 19)
n=   227   udiff=  4.7439E+00 ( 72, 14)   vdiff=  1.8816E+00 (  7, 19)
n=   228   udiff=  4.7263E+00 ( 72, 14)   vdiff=  1.8734E+00 (  7, 19)
n=   229   udiff=  4.7086E+00 ( 72, 14)   vdiff=  1.8650E+00 (  7, 19)
n=   230   udiff=  4.6908E+00 ( 72, 14)   vdiff=  1.8565E+00 (  7, 19)
n=   231   udiff=  4.6729E+00 ( 72, 14)   vdiff=  1.8479E+00 (  7, 20)
n=   232   udiff=  4.6549E+00 ( 72, 14)   vdiff=  1.8418E+00 (  7, 20)
n=   233   udiff=  4.6368E+00 ( 72, 14)   vdiff=  1.8354E+00 (  7, 20)
n=   234   udiff=  4.6186E+00 ( 72, 14)   vdiff=  1.8289E+00 (  7, 20)
n=   235   udiff=  4.6002E+00 ( 72, 14)   vdiff=  1.8223E+00 (  7, 20)
n=   236   udiff=  4.5838E+00 ( 73, 14)   vdiff=  1.8154E+00 (  7, 20)
n=   237   udiff=  4.5705E+00 ( 73, 14)   vdiff=  1.8083E+00 (  7, 20)
n=   238   udiff=  4.5569E+00 ( 73, 14)   vdiff=  1.8011E+00 (  7, 20)
n=   239   udiff=  4.5432E+00 ( 73, 14)   vdiff=  1.7937E+00 (  7, 20)
n=   240   udiff=  4.5294E+00 ( 73, 14)   vdiff=  1.7861E+00 (  7, 20)
n=   241   udiff=  4.5154E+00 ( 73, 14)   vdiff=  1.7784E+00 (  7, 20)
n=   242   udiff=  4.5013E+00 ( 73, 14)   vdiff=  1.7711E+00 (  8, 18)
n=   243   udiff=  4.4870E+00 ( 73, 14)   vdiff=  1.7662E+00 (  8, 18)
n=   244   udiff=  4.4726E+00 ( 73, 14)   vdiff=  1.7612E+00 (  8, 18)
n=   245   udiff=  4.4580E+00 ( 73, 14)   vdiff=  1.7559E+00 (  8, 18)
n=   246   udiff=  4.4434E+00 ( 73, 14)   vdiff=  1.7504E+00 (  8, 18)
n=   247   udiff=  4.4286E+00 ( 73, 14)   vdiff=  1.7447E+00 (  8, 18)
n=   248   udiff=  4.4137E+00 ( 73, 14)   vdiff=  1.7388E+00 (  8, 18)
n=   249   udiff=  4.3987E+00 ( 73, 14)   vdiff=  1.7327E+00 (  8, 18)
n=   250   udiff=  4.3836E+00 ( 73, 14)   vdiff=  1.7277E+00 (  8, 19)
n=   251   udiff=  4.3684E+00 ( 73, 14)   vdiff=  1.7237E+00 (  8, 19)
n=   252   udiff=  4.3531E+00 ( 73, 14)   vdiff=  1.7196E+00 (  8, 19)
n=   253   udiff=  4.3377E+00 ( 73, 14)   vdiff=  1.7152E+00 (  8, 19)
n=   254   udiff=  4.3222E+00 ( 73, 14)   vdiff=  1.7107E+00 (  8, 19)
n=   255   udiff=  4.3066E+00 ( 73, 14)   vdiff=  1.7059E+00 (  8, 19)
n=   256   udiff=  4.2910E+00 ( 73, 14)   vdiff=  1.7010E+00 (  8, 19)
n=   257   udiff=  4.2752E+00 ( 73, 14)   vdiff=  1.6959E+00 (  8, 19)
n=   258   udiff=  4.2594E+00 ( 73, 14)   vdiff=  1.6906E+00 (  8, 19)
n=   259   udiff=  4.2436E+00 ( 73, 14)   vdiff=  1.6851E+00 (  8, 19)
n=   260   udiff=  4.2304E+00 ( 74, 14)   vdiff=  1.6795E+00 (  8, 19)
n=   261   udiff=  4.2185E+00 ( 74, 14)   vdiff=  1.6737E+00 (  8, 19)
n=   262   udiff=  4.2065E+00 ( 74, 14)   vdiff=  1.6677E+00 (  8, 19)
n=   263   udiff=  4.1943E+00 ( 74, 14)   vdiff=  1.6616E+00 (  8, 19)
n=   264   udiff=  4.1820E+00 ( 74, 14)   vdiff=  1.6553E+00 (  8, 19)
n=   265   udiff=  4.1697E+00 ( 74, 14)   vdiff=  1.6489E+00 (  8, 19)
n=   266   udiff=  4.1572E+00 ( 74, 14)   vdiff=  1.6423E+00 (  8, 19)
n=   267   udiff=  4.1446E+00 ( 74, 14)   vdiff=  1.6356E+00 (  8, 19)
n=   268   udiff=  4.1319E+00 ( 74, 14)   vdiff=  1.6288E+00 (  8, 19)
n=   269   udiff=  4.1191E+00 ( 74, 14)   vdiff=  1.6218E+00 (  8, 19)
n=   270   udiff=  4.1062E+00 ( 74, 14)   vdiff=  1.6165E+00 (  8, 20)
n=   271   udiff=  4.0932E+00 ( 74, 14)   vdiff=  1.6116E+00 (  8, 20)
n=   272   udiff=  4.0801E+00 ( 74, 14)   vdiff=  1.6066E+00 (  8, 20)
n=   273   udiff=  4.0670E+00 ( 74, 14)   vdiff=  1.6014E+00 (  8, 20)
n=   274   udiff=  4.0538E+00 ( 74, 14)   vdiff=  1.5960E+00 (  8, 20)
n=   275   udiff=  4.0404E+00 ( 74, 14)   vdiff=  1.5906E+00 (  8, 20)
n=   276   udiff=  4.0270E+00 ( 74, 14)   vdiff=  1.5849E+00 (  8, 20)
n=   277   udiff=  4.0135E+00 ( 74, 14)   vdiff=  1.5792E+00 (  8, 20)
n=   278   udiff=  4.0000E+00 ( 74, 14)   vdiff=  1.5733E+00 (  8, 20)
n=   279   udiff=  3.9864E+00 ( 74, 14)   vdiff=  1.5691E+00 (  9, 18)
n=   280   udiff=  3.9727E+00 ( 74, 14)   vdiff=  1.5649E+00 (  9, 18)
n=   281   udiff=  3.9589E+00 ( 74, 14)   vdiff=  1.5605E+00 (  9, 18)
n=   282   udiff=  3.9451E+00 ( 74, 14)   vdiff=  1.5560E+00 (  9, 18)
n=   283   udiff=  3.9313E+00 ( 74, 14)   vdiff=  1.5513E+00 (  9, 18)
n=   284   udiff=  3.9198E+00 ( 75, 14)   vdiff=  1.5465E+00 (  9, 18)
n=   285   udiff=  3.9092E+00 ( 75, 14)   vdiff=  1.5415E+00 (  9, 18)
n=   286   udiff=  3.8984E+00 ( 75, 14)   vdiff=  1.5367E+00 (  9, 19)
n=   287   udiff=  3.8876E+00 ( 75, 14)   vdiff=  1.5335E+00 (  9, 19)
n=   288   udiff=  3.8767E+00 ( 75, 14)   vdiff=  1.5303E+00 (  9, 19)
n=   289   udiff=  3.8657E+00 ( 75, 14)   vdiff=  1.5268E+00 (  9, 19)
n=   290   udiff=  3.8546E+00 ( 75, 14)   vdiff=  1.5232E+00 (  9, 19)
n=   291   udiff=  3.8434E+00 ( 75, 14)   vdiff=  1.5195E+00 (  9, 19)
n=   292   udiff=  3.8322E+00 ( 75, 14)   vdiff=  1.5156E+00 (  9, 19)
n=   293   udiff=  3.8208E+00 ( 75, 14)   vdiff=  1.5115E+00 (  9, 19)
n=   294   udiff=  3.8094E+00 ( 75, 14)   vdiff=  1.5073E+00 (  9, 19)
n=   295   udiff=  3.7980E+00 ( 75, 14)   vdiff=  1.5030E+00 (  9, 19)
n=   296   udiff=  3.7864E+00 ( 75, 14)   vdiff=  1.4986E+00 (  9, 19)
n=   297   udiff=  3.7748E+00 ( 75, 14)   vdiff=  1.4940E+00 (  9, 19)
n=   298   udiff=  3.7631E+00 ( 75, 14)   vdiff=  1.4893E+00 (  9, 19)
n=   299   udiff=  3.7514E+00 ( 75, 14)   vdiff=  1.4844E+00 (  9, 19)
n=   300   udiff=  3.7396E+00 ( 75, 14)   vdiff=  1.4794E+00 (  9, 19)
n=   301   udiff=  3.7278E+00 ( 75, 14)   vdiff=  1.4744E+00 (  9, 19)
n=   302   udiff=  3.7159E+00 ( 75, 14)   vdiff=  1.4692E+00 (  9, 19)
n=   303   udiff=  3.7039E+00 ( 75, 14)   vdiff=  1.4638E+00 (  9, 19)
n=   304   udiff=  3.6919E+00 ( 75, 14)   vdiff=  1.4584E+00 (  9, 19)
n=   305   udiff=  3.6799E+00 ( 75, 14)   vdiff=  1.4529E+00 (  9, 19)
n=   306   udiff=  3.6678E+00 ( 75, 14)   vdiff=  1.4472E+00 (  9, 19)
n=   307   udiff=  3.6557E+00 ( 75, 14)   vdiff=  1.4415E+00 (  9, 19)
n=   308   udiff=  3.6451E+00 ( 76, 14)   vdiff=  1.4367E+00 (  9, 20)
n=   309   udiff=  3.6356E+00 ( 76, 14)   vdiff=  1.4328E+00 (  9, 20)
n=   310   udiff=  3.6260E+00 ( 76, 14)   vdiff=  1.4287E+00 (  9, 20)
n=   311   udiff=  3.6163E+00 ( 76, 14)   vdiff=  1.4245E+00 (  9, 20)
n=   312   udiff=  3.6066E+00 ( 76, 14)   vdiff=  1.4202E+00 (  9, 20)
n=   313   udiff=  3.5968E+00 ( 76, 14)   vdiff=  1.4158E+00 (  9, 20)
n=   314   udiff=  3.5870E+00 ( 76, 14)   vdiff=  1.4119E+00 ( 10, 18)
n=   315   udiff=  3.5770E+00 ( 76, 14)   vdiff=  1.4085E+00 ( 10, 18)
n=   316   udiff=  3.5670E+00 ( 76, 14)   vdiff=  1.4049E+00 ( 10, 18)
n=   317   udiff=  3.5570E+00 ( 76, 14)   vdiff=  1.4012E+00 ( 10, 18)
n=   318   udiff=  3.5469E+00 ( 76, 14)   vdiff=  1.3974E+00 ( 10, 18)
n=   319   udiff=  3.5367E+00 ( 76, 14)   vdiff=  1.3934E+00 ( 10, 18)
n=   320   udiff=  3.5265E+00 ( 76, 14)   vdiff=  1.3893E+00 ( 10, 18)
n=   321   udiff=  3.5162E+00 ( 76, 14)   vdiff=  1.3852E+00 ( 10, 18)
n=   322   udiff=  3.5059E+00 ( 76, 14)   vdiff=  1.3808E+00 ( 10, 18)
n=   323   udiff=  3.4955E+00 ( 76, 14)   vdiff=  1.3780E+00 ( 10, 19)
n=   324   udiff=  3.4851E+00 ( 76, 14)   vdiff=  1.3753E+00 ( 10, 19)
n=   325   udiff=  3.4746E+00 ( 76, 14)   vdiff=  1.3725E+00 ( 10, 19)
n=   326   udiff=  3.4641E+00 ( 76, 14)   vdiff=  1.3696E+00 ( 10, 19)
n=   327   udiff=  3.4535E+00 ( 76, 14)   vdiff=  1.3665E+00 ( 10, 19)
n=   328   udiff=  3.4429E+00 ( 76, 14)   vdiff=  1.3633E+00 ( 10, 19)
n=   329   udiff=  3.4323E+00 ( 76, 14)   vdiff=  1.3601E+00 ( 10, 19)
n=   330   udiff=  3.4216E+00 ( 76, 14)   vdiff=  1.3567E+00 ( 10, 19)
n=   331   udiff=  3.4109E+00 ( 76, 14)   vdiff=  1.3531E+00 ( 10, 19)
n=   332   udiff=  3.4004E+00 ( 77, 14)   vdiff=  1.3495E+00 ( 10, 19)
n=   333   udiff=  3.3919E+00 ( 77, 14)   vdiff=  1.3458E+00 ( 10, 19)
n=   334   udiff=  3.3834E+00 ( 77, 14)   vdiff=  1.3420E+00 ( 10, 19)
n=   335   udiff=  3.3747E+00 ( 77, 14)   vdiff=  1.3380E+00 ( 10, 19)
n=   336   udiff=  3.3660E+00 ( 77, 14)   vdiff=  1.3340E+00 ( 10, 19)
n=   337   udiff=  3.3573E+00 ( 77, 14)   vdiff=  1.3299E+00 ( 10, 19)
n=   338   udiff=  3.3485E+00 ( 77, 14)   vdiff=  1.3256E+00 ( 10, 19)
n=   339   udiff=  3.3396E+00 ( 77, 14)   vdiff=  1.3213E+00 ( 10, 19)
n=   340   udiff=  3.3307E+00 ( 77, 14)   vdiff=  1.3169E+00 ( 10, 19)
n=   341   udiff=  3.3218E+00 ( 77, 14)   vdiff=  1.3124E+00 ( 10, 19)
n=   342   udiff=  3.3127E+00 ( 77, 14)   vdiff=  1.3078E+00 ( 10, 19)
n=   343   udiff=  3.3037E+00 ( 77, 14)   vdiff=  1.3031E+00 ( 10, 19)
n=   344   udiff=  3.2946E+00 ( 77, 14)   vdiff=  1.2984E+00 ( 10, 19)
n=   345   udiff=  3.2854E+00 ( 77, 14)   vdiff=  1.2935E+00 ( 10, 19)
n=   346   udiff=  3.2762E+00 ( 77, 14)   vdiff=  1.2892E+00 ( 10, 20)
n=   347   udiff=  3.2670E+00 ( 77, 14)   vdiff=  1.2859E+00 ( 11, 18)
n=   348   udiff=  3.2578E+00 ( 77, 14)   vdiff=  1.2833E+00 ( 11, 18)
n=   349   udiff=  3.2484E+00 ( 77, 14)   vdiff=  1.2805E+00 ( 11, 18)
n=   350   udiff=  3.2391E+00 ( 77, 14)   vdiff=  1.2776E+00 ( 11, 18)
n=   351   udiff=  3.2297E+00 ( 77, 14)   vdiff=  1.2746E+00 ( 11, 18)
n=   352   udiff=  3.2203E+00 ( 77, 14)   vdiff=  1.2715E+00 ( 11, 18)
n=   353   udiff=  3.2108E+00 ( 77, 14)   vdiff=  1.2683E+00 ( 11, 18)
n=   354   udiff=  3.2014E+00 ( 77, 14)   vdiff=  1.2650E+00 ( 11, 18)
n=   355   udiff=  3.1919E+00 ( 77, 14)   vdiff=  1.2616E+00 ( 11, 18)
n=   356   udiff=  3.1823E+00 ( 77, 14)   vdiff=  1.2582E+00 ( 11, 18)
n=   357   udiff=  3.1736E+00 ( 78, 14)   vdiff=  1.2546E+00 ( 11, 18)
n=   358   udiff=  3.1659E+00 ( 78, 14)   vdiff=  1.2509E+00 ( 11, 18)
n=   359   udiff=  3.1581E+00 ( 78, 14)   vdiff=  1.2479E+00 ( 11, 19)
n=   360   udiff=  3.1503E+00 ( 78, 14)   vdiff=  1.2457E+00 ( 11, 19)
n=   361   udiff=  3.1425E+00 ( 78, 14)   vdiff=  1.2434E+00 ( 11, 19)
n=   362   udiff=  3.1346E+00 ( 78, 14)   vdiff=  1.2409E+00 ( 11, 19)
n=   363   udiff=  3.1266E+00 ( 78, 14)   vdiff=  1.2384E+00 ( 11, 19)
n=   364   udiff=  3.1187E+00 ( 78, 14)   vdiff=  1.2358E+00 ( 11, 19)
n=   365   udiff=  3.1106E+00 ( 78, 14)   vdiff=  1.2330E+00 ( 11, 19)
n=   366   udiff=  3.1026E+00 ( 78, 14)   vdiff=  1.2302E+00 ( 11, 19)
n=   367   udiff=  3.0945E+00 ( 78, 14)   vdiff=  1.2273E+00 ( 11, 19)
n=   368   udiff=  3.0863E+00 ( 78, 14)   vdiff=  1.2243E+00 ( 11, 19)
n=   369   udiff=  3.0781E+00 ( 78, 14)   vdiff=  1.2212E+00 ( 11, 19)
n=   370   udiff=  3.0699E+00 ( 78, 14)   vdiff=  1.2180E+00 ( 11, 19)
n=   371   udiff=  3.0616E+00 ( 78, 14)   vdiff=  1.2147E+00 ( 11, 19)
n=   372   udiff=  3.0534E+00 ( 78, 14)   vdiff=  1.2114E+00 ( 11, 19)
n=   373   udiff=  3.0450E+00 ( 78, 14)   vdiff=  1.2080E+00 ( 11, 19)
n=   374   udiff=  3.0367E+00 ( 78, 14)   vdiff=  1.2044E+00 ( 11, 19)
n=   375   udiff=  3.0283E+00 ( 78, 14)   vdiff=  1.2008E+00 ( 11, 19)
n=   376   udiff=  3.0199E+00 ( 78, 14)   vdiff=  1.1972E+00 ( 11, 19)
n=   377   udiff=  3.0115E+00 ( 78, 14)   vdiff=  1.1934E+00 ( 11, 19)
n=   378   udiff=  3.0030E+00 ( 78, 14)   vdiff=  1.1896E+00 ( 11, 19)
n=   379   udiff=  2.9945E+00 ( 78, 14)   vdiff=  1.1857E+00 ( 11, 19)
n=   380   udiff=  2.9860E+00 ( 78, 14)   vdiff=  1.1818E+00 ( 11, 19)
n=   381   udiff=  2.9775E+00 ( 78, 14)   vdiff=  1.1778E+00 ( 11, 19)
n=   382   udiff=  2.9697E+00 ( 79, 14)   vdiff=  1.1737E+00 ( 11, 19)
n=   383   udiff=  2.9628E+00 ( 79, 14)   vdiff=  1.1710E+00 ( 12, 18)
n=   384   udiff=  2.9557E+00 ( 79, 14)   vdiff=  1.1687E+00 ( 12, 18)
n=   385   udiff=  2.9487E+00 ( 79, 14)   vdiff=  1.1662E+00 ( 12, 18)
n=   386   udiff=  2.9416E+00 ( 79, 14)   vdiff=  1.1637E+00 ( 12, 18)
n=   387   udiff=  2.9344E+00 ( 79, 14)   vdiff=  1.1611E+00 ( 12, 18)
n=   388   udiff=  2.9272E+00 ( 79, 14)   vdiff=  1.1584E+00 ( 12, 18)
n=   389   udiff=  2.9200E+00 ( 79, 14)   vdiff=  1.1556E+00 ( 12, 18)
n=   390   udiff=  2.9128E+00 ( 79, 14)   vdiff=  1.1527E+00 ( 12, 18)
n=   391   udiff=  2.9055E+00 ( 79, 14)   vdiff=  1.1497E+00 ( 12, 18)
n=   392   udiff=  2.8982E+00 ( 79, 14)   vdiff=  1.1467E+00 ( 12, 18)
n=   393   udiff=  2.8908E+00 ( 79, 14)   vdiff=  1.1436E+00 ( 12, 18)
n=   394   udiff=  2.8834E+00 ( 79, 14)   vdiff=  1.1404E+00 ( 12, 18)
n=   395   udiff=  2.8760E+00 ( 79, 14)   vdiff=  1.1374E+00 ( 12, 19)
n=   396   udiff=  2.8686E+00 ( 79, 14)   vdiff=  1.1355E+00 ( 12, 19)
n=   397   udiff=  2.8611E+00 ( 79, 14)   vdiff=  1.1335E+00 ( 12, 19)
n=   398   udiff=  2.8536E+00 ( 79, 14)   vdiff=  1.1315E+00 ( 12, 19)
n=   399   udiff=  2.8461E+00 ( 79, 14)   vdiff=  1.1293E+00 ( 12, 19)
n=   400   udiff=  2.8386E+00 ( 79, 14)   vdiff=  1.1271E+00 ( 12, 19)
n=   401   udiff=  2.8310E+00 ( 79, 14)   vdiff=  1.1248E+00 ( 12, 19)
n=   402   udiff=  2.8234E+00 ( 79, 14)   vdiff=  1.1224E+00 ( 12, 19)
n=   403   udiff=  2.8158E+00 ( 79, 14)   vdiff=  1.1199E+00 ( 12, 19)
n=   404   udiff=  2.8082E+00 ( 79, 14)   vdiff=  1.1174E+00 ( 12, 19)
n=   405   udiff=  2.8006E+00 ( 79, 14)   vdiff=  1.1147E+00 ( 12, 19)
n=   406   udiff=  2.7929E+00 ( 79, 14)   vdiff=  1.1121E+00 ( 12, 19)
n=   407   udiff=  2.7857E+00 ( 80, 14)   vdiff=  1.1093E+00 ( 12, 19)
n=   408   udiff=  2.7794E+00 ( 80, 14)   vdiff=  1.1065E+00 ( 12, 19)
n=   409   udiff=  2.7730E+00 ( 80, 14)   vdiff=  1.1036E+00 ( 12, 19)
n=   410   udiff=  2.7666E+00 ( 80, 14)   vdiff=  1.1006E+00 ( 12, 19)
n=   411   udiff=  2.7601E+00 ( 80, 14)   vdiff=  1.0976E+00 ( 12, 19)
n=   412   udiff=  2.7536E+00 ( 80, 14)   vdiff=  1.0945E+00 ( 12, 19)
n=   413   udiff=  2.7471E+00 ( 80, 14)   vdiff=  1.0913E+00 ( 12, 19)
n=   414   udiff=  2.7406E+00 ( 80, 14)   vdiff=  1.0881E+00 ( 12, 19)
n=   415   udiff=  2.7340E+00 ( 80, 14)   vdiff=  1.0848E+00 ( 12, 19)
n=   416   udiff=  2.7274E+00 ( 80, 14)   vdiff=  1.0815E+00 ( 12, 19)
n=   417   udiff=  2.7208E+00 ( 80, 14)   vdiff=  1.0781E+00 ( 12, 19)
n=   418   udiff=  2.7142E+00 ( 80, 14)   vdiff=  1.0746E+00 ( 12, 19)
n=   419   udiff=  2.7075E+00 ( 80, 14)   vdiff=  1.0723E+00 ( 13, 18)
n=   420   udiff=  2.7008E+00 ( 80, 14)   vdiff=  1.0702E+00 ( 13, 18)
n=   421   udiff=  2.6941E+00 ( 80, 14)   vdiff=  1.0680E+00 ( 13, 18)
n=   422   udiff=  2.6873E+00 ( 80, 14)   vdiff=  1.0657E+00 ( 13, 18)
n=   423   udiff=  2.6806E+00 ( 80, 14)   vdiff=  1.0634E+00 ( 13, 18)
n=   424   udiff=  2.6738E+00 ( 80, 14)   vdiff=  1.0610E+00 ( 13, 18)
n=   425   udiff=  2.6670E+00 ( 80, 14)   vdiff=  1.0586E+00 ( 13, 18)
n=   426   udiff=  2.6602E+00 ( 80, 14)   vdiff=  1.0560E+00 ( 13, 18)
n=   427   udiff=  2.6533E+00 ( 80, 14)   vdiff=  1.0534E+00 ( 13, 18)
n=   428   udiff=  2.6465E+00 ( 80, 14)   vdiff=  1.0507E+00 ( 13, 18)
n=   429   udiff=  2.6396E+00 ( 80, 14)   vdiff=  1.0480E+00 ( 13, 18)
n=   430   udiff=  2.6327E+00 ( 80, 14)   vdiff=  1.0452E+00 ( 13, 18)
n=   431   udiff=  2.6258E+00 ( 80, 14)   vdiff=  1.0424E+00 ( 13, 18)
n=   432   udiff=  2.6189E+00 ( 80, 14)   vdiff=  1.0406E+00 ( 13, 19)
n=   433   udiff=  2.6131E+00 ( 81, 14)   vdiff=  1.0389E+00 ( 13, 19)
n=   434   udiff=  2.6073E+00 ( 81, 14)   vdiff=  1.0371E+00 ( 13, 19)
n=   435   udiff=  2.6015E+00 ( 81, 14)   vdiff=  1.0352E+00 ( 13, 19)
n=   436   udiff=  2.5956E+00 ( 81, 14)   vdiff=  1.0333E+00 ( 13, 19)
n=   437   udiff=  2.5897E+00 ( 81, 14)   vdiff=  1.0313E+00 ( 13, 19)
n=   438   udiff=  2.5838E+00 ( 81, 14)   vdiff=  1.0293E+00 ( 13, 19)
n=   439   udiff=  2.5779E+00 ( 81, 14)   vdiff=  1.0271E+00 ( 13, 19)
n=   440   udiff=  2.5719E+00 ( 81, 14)   vdiff=  1.0250E+00 ( 13, 19)
n=   441   udiff=  2.5659E+00 ( 81, 14)   vdiff=  1.0227E+00 ( 13, 19)
n=   442   udiff=  2.5599E+00 ( 81, 14)   vdiff=  1.0204E+00 ( 13, 19)
n=   443   udiff=  2.5539E+00 ( 81, 14)   vdiff=  1.0180E+00 ( 13, 19)
n=   444   udiff=  2.5478E+00 ( 81, 14)   vdiff=  1.0156E+00 ( 13, 19)
n=   445   udiff=  2.5418E+00 ( 81, 14)   vdiff=  1.0131E+00 ( 13, 19)
n=   446   udiff=  2.5357E+00 ( 81, 14)   vdiff=  1.0106E+00 ( 13, 19)
n=   447   udiff=  2.5296E+00 ( 81, 14)   vdiff=  1.0080E+00 ( 13, 19)
n=   448   udiff=  2.5234E+00 ( 81, 14)   vdiff=  1.0053E+00 ( 13, 19)
n=   449   udiff=  2.5173E+00 ( 81, 14)   vdiff=  1.0026E+00 ( 13, 19)
n=   450   udiff=  2.5111E+00 ( 81, 14)   vdiff=  9.9988E-01 ( 13, 19)
n=   451   udiff=  2.5050E+00 ( 81, 14)   vdiff=  9.9707E-01 ( 13, 19)
n=   452   udiff=  2.4988E+00 ( 81, 14)   vdiff=  9.9422E-01 ( 13, 19)
n=   453   udiff=  2.4926E+00 ( 81, 14)   vdiff=  9.9132E-01 ( 13, 19)
n=   454   udiff=  2.4864E+00 ( 81, 14)   vdiff=  9.8836E-01 ( 13, 19)
n=   455   udiff=  2.4801E+00 ( 81, 14)   vdiff=  9.8645E-01 ( 14, 18)
n=   456   udiff=  2.4739E+00 ( 81, 14)   vdiff=  9.8454E-01 ( 14, 18)
n=   457   udiff=  2.4676E+00 ( 81, 14)   vdiff=  9.8258E-01 ( 14, 18)
n=   458   udiff=  2.4617E+00 ( 82, 14)   vdiff=  9.8056E-01 ( 14, 18)
n=   459   udiff=  2.4564E+00 ( 82, 14)   vdiff=  9.7847E-01 ( 14, 18)
n=   460   udiff=  2.4511E+00 ( 82, 14)   vdiff=  9.7633E-01 ( 14, 18)
n=   461   udiff=  2.4458E+00 ( 82, 14)   vdiff=  9.7413E-01 ( 14, 18)
n=   462   udiff=  2.4404E+00 ( 82, 14)   vdiff=  9.7187E-01 ( 14, 18)
n=   463   udiff=  2.4350E+00 ( 82, 14)   vdiff=  9.6956E-01 ( 14, 18)
n=   464   udiff=  2.4296E+00 ( 82, 14)   vdiff=  9.6719E-01 ( 14, 18)
n=   465   udiff=  2.4242E+00 ( 82, 14)   vdiff=  9.6477E-01 ( 14, 18)
n=   466   udiff=  2.4188E+00 ( 82, 14)   vdiff=  9.6230E-01 ( 14, 18)
n=   467   udiff=  2.4133E+00 ( 82, 14)   vdiff=  9.5977E-01 ( 14, 18)
n=   468   udiff=  2.4078E+00 ( 82, 14)   vdiff=  9.5789E-01 ( 14, 19)
n=   469   udiff=  2.4023E+00 ( 82, 14)   vdiff=  9.5639E-01 ( 14, 19)
n=   470   udiff=  2.3968E+00 ( 82, 14)   vdiff=  9.5482E-01 ( 14, 19)
n=   471   udiff=  2.3913E+00 ( 82, 14)   vdiff=  9.5320E-01 ( 14, 19)
n=   472   udiff=  2.3857E+00 ( 82, 14)   vdiff=  9.5151E-01 ( 14, 19)
n=   473   udiff=  2.3802E+00 ( 82, 14)   vdiff=  9.4978E-01 ( 14, 19)
n=   474   udiff=  2.3746E+00 ( 82, 14)   vdiff=  9.4799E-01 ( 14, 19)
n=   475   udiff=  2.3690E+00 ( 82, 14)   vdiff=  9.4614E-01 ( 14, 19)
n=   476   udiff=  2.3634E+00 ( 82, 14)   vdiff=  9.4424E-01 ( 14, 19)
n=   477   udiff=  2.3578E+00 ( 82, 14)   vdiff=  9.4229E-01 ( 14, 19)
n=   478   udiff=  2.3521E+00 ( 82, 14)   vdiff=  9.4028E-01 ( 14, 19)
n=   479   udiff=  2.3465E+00 ( 82, 14)   vdiff=  9.3823E-01 ( 14, 19)
n=   480   udiff=  2.3408E+00 ( 82, 14)   vdiff=  9.3612E-01 ( 14, 19)
n=   481   udiff=  2.3352E+00 ( 82, 14)   vdiff=  9.3397E-01 ( 14, 19)
n=   482   udiff=  2.3295E+00 ( 82, 14)   vdiff=  9.3177E-01 ( 14, 19)
n=   483   udiff=  2.3238E+00 ( 82, 14)   vdiff=  9.2952E-01 ( 14, 19)
n=   484   udiff=  2.3186E+00 ( 83, 14)   vdiff=  9.2722E-01 ( 14, 19)
n=   485   udiff=  2.3138E+00 ( 83, 14)   vdiff=  9.2488E-01 ( 14, 19)
n=   486   udiff=  2.3089E+00 ( 83, 14)   vdiff=  9.2250E-01 ( 14, 19)
n=   487   udiff=  2.3040E+00 ( 83, 14)   vdiff=  9.2007E-01 ( 14, 19)
n=   488   udiff=  2.2991E+00 ( 83, 14)   vdiff=  9.1760E-01 ( 14, 19)
n=   489   udiff=  2.2941E+00 ( 83, 14)   vdiff=  9.1509E-01 ( 14, 19)
n=   490   udiff=  2.2892E+00 ( 83, 14)   vdiff=  9.1278E-01 ( 15, 18)
n=   491   udiff=  2.2842E+00 ( 83, 14)   vdiff=  9.1110E-01 ( 15, 18)
n=   492   udiff=  2.2792E+00 ( 83, 14)   vdiff=  9.0938E-01 ( 15, 18)
n=   493   udiff=  2.2742E+00 ( 83, 14)   vdiff=  9.0760E-01 ( 15, 18)
n=   494   udiff=  2.2692E+00 ( 83, 14)   vdiff=  9.0577E-01 ( 15, 18)
n=   495   udiff=  2.2642E+00 ( 83, 14)   vdiff=  9.0389E-01 ( 15, 18)
n=   496   udiff=  2.2591E+00 ( 83, 14)   vdiff=  9.0196E-01 ( 15, 18)
n=   497   udiff=  2.2541E+00 ( 83, 14)   vdiff=  8.9998E-01 ( 15, 18)
n=   498   udiff=  2.2490E+00 ( 83, 14)   vdiff=  8.9796E-01 ( 15, 18)
n=   499   udiff=  2.2439E+00 ( 83, 14)   vdiff=  8.9589E-01 ( 15, 18)
n=   500   udiff=  2.2389E+00 ( 83, 14)   vdiff=  8.9377E-01 ( 15, 18)
n=   501   udiff=  2.2338E+00 ( 83, 14)   vdiff=  8.9160E-01 ( 15, 18)
n=   502   udiff=  2.2286E+00 ( 83, 14)   vdiff=  8.8940E-01 ( 15, 18)
n=   503   udiff=  2.2235E+00 ( 83, 14)   vdiff=  8.8715E-01 ( 15, 18)
n=   504   udiff=  2.2184E+00 ( 83, 14)   vdiff=  8.8519E-01 ( 15, 19)
n=   505   udiff=  2.2132E+00 ( 83, 14)   vdiff=  8.8385E-01 ( 15, 19)
n=   506   udiff=  2.2081E+00 ( 83, 14)   vdiff=  8.8246E-01 ( 15, 19)
n=   507   udiff=  2.2029E+00 ( 83, 14)   vdiff=  8.8103E-01 ( 15, 19)
n=   508   udiff=  2.1977E+00 ( 83, 14)   vdiff=  8.7954E-01 ( 15, 19)
n=   509   udiff=  2.1926E+00 ( 83, 14)   vdiff=  8.7801E-01 ( 15, 19)
n=   510   udiff=  2.1879E+00 ( 84, 14)   vdiff=  8.7643E-01 ( 15, 19)
n=   511   udiff=  2.1834E+00 ( 84, 14)   vdiff=  8.7481E-01 ( 15, 19)
n=   512   udiff=  2.1789E+00 ( 84, 14)   vdiff=  8.7314E-01 ( 15, 19)
n=   513   udiff=  2.1744E+00 ( 84, 14)   vdiff=  8.7142E-01 ( 15, 19)
n=   514   udiff=  2.1699E+00 ( 84, 14)   vdiff=  8.6966E-01 ( 15, 19)
n=   515   udiff=  2.1654E+00 ( 84, 14)   vdiff=  8.6786E-01 ( 15, 19)
n=   516   udiff=  2.1609E+00 ( 84, 14)   vdiff=  8.6602E-01 ( 15, 19)
n=   517   udiff=  2.1563E+00 ( 84, 14)   vdiff=  8.6413E-01 ( 15, 19)
n=   518   udiff=  2.1517E+00 ( 84, 14)   vdiff=  8.6220E-01 ( 15, 19)
n=   519   udiff=  2.1472E+00 ( 84, 14)   vdiff=  8.6023E-01 ( 15, 19)
n=   520   udiff=  2.1426E+00 ( 84, 14)   vdiff=  8.5822E-01 ( 15, 19)
n=   521   udiff=  2.1380E+00 ( 84, 14)   vdiff=  8.5618E-01 ( 15, 19)
n=   522   udiff=  2.1333E+00 ( 84, 14)   vdiff=  8.5409E-01 ( 15, 19)
n=   523   udiff=  2.1287E+00 ( 84, 14)   vdiff=  8.5197E-01 ( 15, 19)
n=   524   udiff=  2.1241E+00 ( 84, 14)   vdiff=  8.4981E-01 ( 15, 19)
n=   525   udiff=  2.1194E+00 ( 84, 14)   vdiff=  8.4761E-01 ( 15, 19)
n=   526   udiff=  2.1148E+00 ( 84, 14)   vdiff=  8.4598E-01 ( 16, 18)
n=   527   udiff=  2.1101E+00 ( 84, 14)   vdiff=  8.4445E-01 ( 16, 18)
n=   528   udiff=  2.1054E+00 ( 84, 14)   vdiff=  8.4287E-01 ( 16, 18)
n=   529   udiff=  2.1007E+00 ( 84, 14)   vdiff=  8.4125E-01 ( 16, 18)
n=   530   udiff=  2.0961E+00 ( 84, 14)   vdiff=  8.3959E-01 ( 16, 18)
n=   531   udiff=  2.0914E+00 ( 84, 14)   vdiff=  8.3788E-01 ( 16, 18)
n=   532   udiff=  2.0866E+00 ( 84, 14)   vdiff=  8.3614E-01 ( 16, 18)
n=   533   udiff=  2.0819E+00 ( 84, 14)   vdiff=  8.3435E-01 ( 16, 18)
n=   534   udiff=  2.0772E+00 ( 84, 14)   vdiff=  8.3252E-01 ( 16, 18)
n=   535   udiff=  2.0725E+00 ( 84, 14)   vdiff=  8.3065E-01 ( 16, 18)
n=   536   udiff=  2.0681E+00 ( 85, 14)   vdiff=  8.2875E-01 ( 16, 18)
n=   537   udiff=  2.0640E+00 ( 85, 14)   vdiff=  8.2680E-01 ( 16, 18)
n=   538   udiff=  2.0599E+00 ( 85, 14)   vdiff=  8.2482E-01 ( 16, 18)
n=   539   udiff=  2.0557E+00 ( 85, 14)   vdiff=  8.2280E-01 ( 16, 18)
n=   540   udiff=  2.0516E+00 ( 85, 14)   vdiff=  8.2077E-01 ( 16, 19)
n=   541   udiff=  2.0474E+00 ( 85, 14)   vdiff=  8.1958E-01 ( 16, 19)
n=   542   udiff=  2.0433E+00 ( 85, 14)   vdiff=  8.1834E-01 ( 16, 19)
n=   543   udiff=  2.0391E+00 ( 85, 14)   vdiff=  8.1706E-01 ( 16, 19)
n=   544   udiff=  2.0349E+00 ( 85, 14)   vdiff=  8.1573E-01 ( 16, 19)
n=   545   udiff=  2.0307E+00 ( 85, 14)   vdiff=  8.1437E-01 ( 16, 19)
n=   546   udiff=  2.0265E+00 ( 85, 14)   vdiff=  8.1297E-01 ( 16, 19)
n=   547   udiff=  2.0222E+00 ( 85, 14)   vdiff=  8.1152E-01 ( 16, 19)
n=   548   udiff=  2.0180E+00 ( 85, 14)   vdiff=  8.1004E-01 ( 16, 19)
n=   549   udiff=  2.0138E+00 ( 85, 14)   vdiff=  8.0852E-01 ( 16, 19)
n=   550   udiff=  2.0095E+00 ( 85, 14)   vdiff=  8.0696E-01 ( 16, 19)
n=   551   udiff=  2.0053E+00 ( 85, 14)   vdiff=  8.0537E-01 ( 16, 19)
n=   552   udiff=  2.0010E+00 ( 85, 14)   vdiff=  8.0373E-01 ( 16, 19)
n=   553   udiff=  1.9967E+00 ( 85, 14)   vdiff=  8.0207E-01 ( 16, 19)
n=   554   udiff=  1.9924E+00 ( 85, 14)   vdiff=  8.0036E-01 ( 16, 19)
n=   555   udiff=  1.9881E+00 ( 85, 14)   vdiff=  7.9862E-01 ( 16, 19)
n=   556   udiff=  1.9838E+00 ( 85, 14)   vdiff=  7.9685E-01 ( 16, 19)
n=   557   udiff=  1.9795E+00 ( 85, 14)   vdiff=  7.9505E-01 ( 16, 19)
n=   558   udiff=  1.9752E+00 ( 85, 14)   vdiff=  7.9321E-01 ( 16, 19)
n=   559   udiff=  1.9709E+00 ( 85, 14)   vdiff=  7.9134E-01 ( 16, 19)
n=   560   udiff=  1.9666E+00 ( 85, 14)   vdiff=  7.8943E-01 ( 16, 19)
n=   561   udiff=  1.9623E+00 ( 85, 14)   vdiff=  7.8784E-01 ( 17, 18)
n=   562   udiff=  1.9581E+00 ( 86, 14)   vdiff=  7.8648E-01 ( 17, 18)
n=   563   udiff=  1.9543E+00 ( 86, 14)   vdiff=  7.8507E-01 ( 17, 18)
n=   564   udiff=  1.9505E+00 ( 86, 14)   vdiff=  7.8363E-01 ( 17, 18)
n=   565   udiff=  1.9467E+00 ( 86, 14)   vdiff=  7.8215E-01 ( 17, 18)
n=   566   udiff=  1.9429E+00 ( 86, 14)   vdiff=  7.8063E-01 ( 17, 18)
n=   567   udiff=  1.9391E+00 ( 86, 14)   vdiff=  7.7907E-01 ( 17, 18)
n=   568   udiff=  1.9352E+00 ( 86, 14)   vdiff=  7.7748E-01 ( 17, 18)
n=   569   udiff=  1.9314E+00 ( 86, 14)   vdiff=  7.7586E-01 ( 17, 18)
n=   570   udiff=  1.9275E+00 ( 86, 14)   vdiff=  7.7420E-01 ( 17, 18)
n=   571   udiff=  1.9237E+00 ( 86, 14)   vdiff=  7.7251E-01 ( 17, 18)
n=   572   udiff=  1.9198E+00 ( 86, 14)   vdiff=  7.7078E-01 ( 17, 18)
n=   573   udiff=  1.9159E+00 ( 86, 14)   vdiff=  7.6902E-01 ( 17, 18)
n=   574   udiff=  1.9120E+00 ( 86, 14)   vdiff=  7.6723E-01 ( 17, 18)
n=   575   udiff=  1.9081E+00 ( 86, 14)   vdiff=  7.6541E-01 ( 17, 18)
n=   576   udiff=  1.9042E+00 ( 86, 14)   vdiff=  7.6356E-01 ( 17, 18)
n=   577   udiff=  1.9003E+00 ( 86, 14)   vdiff=  7.6224E-01 ( 17, 19)
n=   578   udiff=  1.8964E+00 ( 86, 14)   vdiff=  7.6113E-01 ( 17, 19)
n=   579   udiff=  1.8924E+00 ( 86, 14)   vdiff=  7.5997E-01 ( 17, 19)
n=   580   udiff=  1.8885E+00 ( 86, 14)   vdiff=  7.5879E-01 ( 17, 19)
n=   581   udiff=  1.8846E+00 ( 86, 14)   vdiff=  7.5756E-01 ( 17, 19)
n=   582   udiff=  1.8806E+00 ( 86, 14)   vdiff=  7.5631E-01 ( 17, 19)
n=   583   udiff=  1.8767E+00 ( 86, 14)   vdiff=  7.5502E-01 ( 17, 19)
n=   584   udiff=  1.8727E+00 ( 86, 14)   vdiff=  7.5369E-01 ( 17, 19)
n=   585   udiff=  1.8688E+00 ( 86, 14)   vdiff=  7.5233E-01 ( 17, 19)
n=   586   udiff=  1.8648E+00 ( 86, 14)   vdiff=  7.5094E-01 ( 17, 19)
n=   587   udiff=  1.8608E+00 ( 86, 14)   vdiff=  7.4952E-01 ( 17, 19)
n=   588   udiff=  1.8568E+00 ( 86, 14)   vdiff=  7.4806E-01 ( 17, 19)
n=   589   udiff=  1.8533E+00 ( 87, 14)   vdiff=  7.4658E-01 ( 17, 19)
n=   590   udiff=  1.8498E+00 ( 87, 14)   vdiff=  7.4506E-01 ( 17, 19)
n=   591   udiff=  1.8463E+00 ( 87, 14)   vdiff=  7.4351E-01 ( 17, 19)
n=   592   udiff=  1.8428E+00 ( 87, 14)   vdiff=  7.4194E-01 ( 17, 19)
n=   593   udiff=  1.8393E+00 ( 87, 14)   vdiff=  7.4033E-01 ( 17, 19)
n=   594   udiff=  1.8357E+00 ( 87, 14)   vdiff=  7.3870E-01 ( 17, 19)
n=   595   udiff=  1.8322E+00 ( 87, 14)   vdiff=  7.3704E-01 ( 17, 19)
n=   596   udiff=  1.8286E+00 ( 87, 14)   vdiff=  7.3565E-01 ( 18, 18)
n=   597   udiff=  1.8251E+00 ( 87, 14)   vdiff=  7.3442E-01 ( 18, 18)
n=   598   udiff=  1.8215E+00 ( 87, 14)   vdiff=  7.3316E-01 ( 18, 18)
n=   599   udiff=  1.8179E+00 ( 87, 14)   vdiff=  7.3187E-01 ( 18, 18)
n=   600   udiff=  1.8143E+00 ( 87, 14)   vdiff=  7.3054E-01 ( 18, 18)
n=   601   udiff=  1.8107E+00 ( 87, 14)   vdiff=  7.2918E-01 ( 18, 18)
n=   602   udiff=  1.8071E+00 ( 87, 14)   vdiff=  7.2779E-01 ( 18, 18)
n=   603   udiff=  1.8035E+00 ( 87, 14)   vdiff=  7.2637E-01 ( 18, 18)
n=   604   udiff=  1.7999E+00 ( 87, 14)   vdiff=  7.2491E-01 ( 18, 18)
n=   605   udiff=  1.7963E+00 ( 87, 14)   vdiff=  7.2343E-01 ( 18, 18)
n=   606   udiff=  1.7927E+00 ( 87, 14)   vdiff=  7.2192E-01 ( 18, 18)
n=   607   udiff=  1.7891E+00 ( 87, 14)   vdiff=  7.2038E-01 ( 18, 18)
n=   608   udiff=  1.7854E+00 ( 87, 14)   vdiff=  7.1881E-01 ( 18, 18)
n=   609   udiff=  1.7818E+00 ( 87, 14)   vdiff=  7.1721E-01 ( 18, 18)
n=   610   udiff=  1.7782E+00 ( 87, 14)   vdiff=  7.1558E-01 ( 18, 18)
n=   611   udiff=  1.7745E+00 ( 87, 14)   vdiff=  7.1393E-01 ( 18, 18)
n=   612   udiff=  1.7709E+00 ( 87, 14)   vdiff=  7.1225E-01 ( 18, 18)
n=   613   udiff=  1.7672E+00 ( 87, 14)   vdiff=  7.1080E-01 ( 18, 19)
n=   614   udiff=  1.7636E+00 ( 87, 14)   vdiff=  7.0979E-01 ( 18, 19)
n=   615   udiff=  1.7602E+00 ( 88, 14)   vdiff=  7.0875E-01 ( 18, 19)
n=   616   udiff=  1.7569E+00 ( 88, 14)   vdiff=  7.0767E-01 ( 18, 19)
n=   617   udiff=  1.7537E+00 ( 88, 14)   vdiff=  7.0657E-01 ( 18, 19)
n=   618   udiff=  1.7504E+00 ( 88, 14)   vdiff=  7.0544E-01 ( 18, 19)
n=   619   udiff=  1.7472E+00 ( 88, 14)   vdiff=  7.0427E-01 ( 18, 19)
n=   620   udiff=  1.7439E+00 ( 88, 14)   vdiff=  7.0308E-01 ( 18, 19)
n=   621   udiff=  1.7406E+00 ( 88, 14)   vdiff=  7.0186E-01 ( 18, 19)
n=   622   udiff=  1.7373E+00 ( 88, 14)   vdiff=  7.0061E-01 ( 18, 19)
n=   623   udiff=  1.7340E+00 ( 88, 14)   vdiff=  6.9933E-01 ( 18, 19)
n=   624   udiff=  1.7308E+00 ( 88, 14)   vdiff=  6.9803E-01 ( 18, 19)
n=   625   udiff=  1.7275E+00 ( 88, 14)   vdiff=  6.9669E-01 ( 18, 19)
n=   626   udiff=  1.7241E+00 ( 88, 14)   vdiff=  6.9533E-01 ( 18, 19)
n=   627   udiff=  1.7208E+00 ( 88, 14)   vdiff=  6.9395E-01 ( 18, 19)
n=   628   udiff=  1.7175E+00 ( 88, 14)   vdiff=  6.9254E-01 ( 18, 19)
n=   629   udiff=  1.7142E+00 ( 88, 14)   vdiff=  6.9110E-01 ( 18, 19)
n=   630   udiff=  1.7109E+00 ( 88, 14)   vdiff=  6.8964E-01 ( 18, 19)
n=   631   udiff=  1.7075E+00 ( 88, 14)   vdiff=  6.8855E-01 ( 19, 18)
n=   632   udiff=  1.7042E+00 ( 88, 14)   vdiff=  6.8744E-01 ( 19, 18)
n=   633   udiff=  1.7009E+00 ( 88, 14)   vdiff=  6.8630E-01 ( 19, 18)
n=   634   udiff=  1.6975E+00 ( 88, 14)   vdiff=  6.8514E-01 ( 19, 18)
n=   635   udiff=  1.6942E+00 ( 88, 14)   vdiff=  6.8394E-01 ( 19, 18)
n=   636   udiff=  1.6908E+00 ( 88, 14)   vdiff=  6.8272E-01 ( 19, 18)
n=   637   udiff=  1.6875E+00 ( 88, 14)   vdiff=  6.8146E-01 ( 19, 18)
n=   638   udiff=  1.6841E+00 ( 88, 14)   vdiff=  6.8019E-01 ( 19, 18)
n=   639   udiff=  1.6807E+00 ( 88, 14)   vdiff=  6.7888E-01 ( 19, 18)
n=   640   udiff=  1.6774E+00 ( 88, 14)   vdiff=  6.7755E-01 ( 19, 18)
n=   641   udiff=  1.6740E+00 ( 89, 14)   vdiff=  6.7619E-01 ( 19, 18)
n=   642   udiff=  1.6710E+00 ( 89, 14)   vdiff=  6.7481E-01 ( 19, 18)
n=   643   udiff=  1.6680E+00 ( 89, 14)   vdiff=  6.7340E-01 ( 19, 18)
n=   644   udiff=  1.6650E+00 ( 89, 14)   vdiff=  6.7196E-01 ( 19, 18)
n=   645   udiff=  1.6620E+00 ( 89, 14)   vdiff=  6.7051E-01 ( 19, 18)
n=   646   udiff=  1.6590E+00 ( 89, 14)   vdiff=  6.6903E-01 ( 19, 18)
n=   647   udiff=  1.6560E+00 ( 89, 14)   vdiff=  6.6752E-01 ( 19, 18)
n=   648   udiff=  1.6529E+00 ( 89, 14)   vdiff=  6.6599E-01 ( 19, 18)
n=   649   udiff=  1.6499E+00 ( 89, 14)   vdiff=  6.6444E-01 ( 19, 18)
n=   650   udiff=  1.6468E+00 ( 89, 14)   vdiff=  6.6349E-01 ( 19, 19)
n=   651   udiff=  1.6438E+00 ( 89, 14)   vdiff=  6.6254E-01 ( 19, 19)
n=   652   udiff=  1.6407E+00 ( 89, 14)   vdiff=  6.6156E-01 ( 19, 19)
n=   653   udiff=  1.6377E+00 ( 89, 14)   vdiff=  6.6056E-01 ( 19, 19)
n=   654   udiff=  1.6346E+00 ( 89, 14)   vdiff=  6.5953E-01 ( 19, 19)
n=   655   udiff=  1.6315E+00 ( 89, 14)   vdiff=  6.5848E-01 ( 19, 19)
n=   656   udiff=  1.6285E+00 ( 89, 14)   vdiff=  6.5740E-01 ( 19, 19)
n=   657   udiff=  1.6254E+00 ( 89, 14)   vdiff=  6.5629E-01 ( 19, 19)
n=   658   udiff=  1.6223E+00 ( 89, 14)   vdiff=  6.5516E-01 ( 19, 19)
n=   659   udiff=  1.6192E+00 ( 89, 14)   vdiff=  6.5401E-01 ( 19, 19)
n=   660   udiff=  1.6161E+00 ( 89, 14)   vdiff=  6.5283E-01 ( 19, 19)
n=   661   udiff=  1.6130E+00 ( 89, 14)   vdiff=  6.5163E-01 ( 19, 19)
n=   662   udiff=  1.6099E+00 ( 89, 14)   vdiff=  6.5041E-01 ( 19, 19)
n=   663   udiff=  1.6068E+00 ( 89, 14)   vdiff=  6.4916E-01 ( 19, 19)
n=   664   udiff=  1.6037E+00 ( 89, 14)   vdiff=  6.4789E-01 ( 19, 19)
n=   665   udiff=  1.6006E+00 ( 89, 14)   vdiff=  6.4683E-01 ( 20, 18)
n=   666   udiff=  1.5975E+00 ( 89, 14)   vdiff=  6.4585E-01 ( 20, 18)
n=   667   udiff=  1.5944E+00 ( 89, 14)   vdiff=  6.4485E-01 ( 20, 18)
n=   668   udiff=  1.5915E+00 ( 90, 14)   vdiff=  6.4381E-01 ( 20, 18)
n=   669   udiff=  1.5887E+00 ( 90, 14)   vdiff=  6.4276E-01 ( 20, 18)
n=   670   udiff=  1.5859E+00 ( 90, 14)   vdiff=  6.4167E-01 ( 20, 18)
n=   671   udiff=  1.5831E+00 ( 90, 14)   vdiff=  6.4057E-01 ( 20, 18)
n=   672   udiff=  1.5803E+00 ( 90, 14)   vdiff=  6.3943E-01 ( 20, 18)
n=   673   udiff=  1.5775E+00 ( 90, 14)   vdiff=  6.3828E-01 ( 20, 18)
n=   674   udiff=  1.5747E+00 ( 90, 14)   vdiff=  6.3710E-01 ( 20, 18)
n=   675   udiff=  1.5719E+00 ( 90, 14)   vdiff=  6.3590E-01 ( 20, 18)
n=   676   udiff=  1.5691E+00 ( 90, 14)   vdiff=  6.3467E-01 ( 20, 18)
n=   677   udiff=  1.5662E+00 ( 90, 14)   vdiff=  6.3342E-01 ( 20, 18)
n=   678   udiff=  1.5634E+00 ( 90, 14)   vdiff=  6.3215E-01 ( 20, 18)
n=   679   udiff=  1.5606E+00 ( 90, 14)   vdiff=  6.3086E-01 ( 20, 18)
n=   680   udiff=  1.5577E+00 ( 90, 14)   vdiff=  6.2955E-01 ( 20, 18)
n=   681   udiff=  1.5549E+00 ( 90, 14)   vdiff=  6.2822E-01 ( 20, 18)
n=   682   udiff=  1.5521E+00 ( 90, 14)   vdiff=  6.2686E-01 ( 20, 18)
n=   683   udiff=  1.5492E+00 ( 90, 14)   vdiff=  6.2549E-01 ( 20, 18)
n=   684   udiff=  1.5463E+00 ( 90, 14)   vdiff=  6.2409E-01 ( 20, 18)
n=   685   udiff=  1.5435E+00 ( 90, 14)   vdiff=  6.2268E-01 ( 20, 18)
n=   686   udiff=  1.5406E+00 ( 90, 14)   vdiff=  6.2153E-01 ( 20, 19)
n=   687   udiff=  1.5378E+00 ( 90, 14)   vdiff=  6.2066E-01 ( 20, 19)
n=   688   udiff=  1.5349E+00 ( 90, 14)   vdiff=  6.1977E-01 ( 20, 19)
n=   689   udiff=  1.5320E+00 ( 90, 14)   vdiff=  6.1885E-01 ( 20, 19)
n=   690   udiff=  1.5292E+00 ( 90, 14)   vdiff=  6.1792E-01 ( 20, 19)
n=   691   udiff=  1.5263E+00 ( 90, 14)   vdiff=  6.1696E-01 ( 20, 19)
n=   692   udiff=  1.5234E+00 ( 90, 14)   vdiff=  6.1598E-01 ( 20, 19)
n=   693   udiff=  1.5205E+00 ( 90, 14)   vdiff=  6.1497E-01 ( 20, 19)
n=   694   udiff=  1.5177E+00 ( 91, 14)   vdiff=  6.1395E-01 ( 20, 19)
n=   695   udiff=  1.5151E+00 ( 91, 14)   vdiff=  6.1290E-01 ( 20, 19)
n=   696   udiff=  1.5125E+00 ( 91, 14)   vdiff=  6.1183E-01 ( 20, 19)
n=   697   udiff=  1.5099E+00 ( 91, 14)   vdiff=  6.1074E-01 ( 20, 19)
n=   698   udiff=  1.5073E+00 ( 91, 14)   vdiff=  6.0964E-01 ( 20, 19)
n=   699   udiff=  1.5047E+00 ( 91, 14)   vdiff=  6.0874E-01 ( 21, 18)
n=   700   udiff=  1.5021E+00 ( 91, 14)   vdiff=  6.0787E-01 ( 21, 18)
n=   701   udiff=  1.4995E+00 ( 91, 14)   vdiff=  6.0697E-01 ( 21, 18)
n=   702   udiff=  1.4969E+00 ( 91, 14)   vdiff=  6.0606E-01 ( 21, 18)
n=   703   udiff=  1.4943E+00 ( 91, 14)   vdiff=  6.0512E-01 ( 21, 18)
n=   704   udiff=  1.4916E+00 ( 91, 14)   vdiff=  6.0416E-01 ( 21, 18)
n=   705   udiff=  1.4890E+00 ( 91, 14)   vdiff=  6.0317E-01 ( 21, 18)
n=   706   udiff=  1.4864E+00 ( 91, 14)   vdiff=  6.0217E-01 ( 21, 18)
n=   707   udiff=  1.4837E+00 ( 91, 14)   vdiff=  6.0114E-01 ( 21, 18)
n=   708   udiff=  1.4811E+00 ( 91, 14)   vdiff=  6.0009E-01 ( 21, 18)
n=   709   udiff=  1.4784E+00 ( 91, 14)   vdiff=  5.9902E-01 ( 21, 18)
n=   710   udiff=  1.4758E+00 ( 91, 14)   vdiff=  5.9793E-01 ( 21, 18)
n=   711   udiff=  1.4731E+00 ( 91, 14)   vdiff=  5.9682E-01 ( 21, 18)
n=   712   udiff=  1.4705E+00 ( 91, 14)   vdiff=  5.9569E-01 ( 21, 18)
n=   713   udiff=  1.4678E+00 ( 91, 14)   vdiff=  5.9454E-01 ( 21, 18)
n=   714   udiff=  1.4652E+00 ( 91, 14)   vdiff=  5.9338E-01 ( 21, 18)
n=   715   udiff=  1.4625E+00 ( 91, 14)   vdiff=  5.9219E-01 ( 21, 18)
n=   716   udiff=  1.4598E+00 ( 91, 14)   vdiff=  5.9098E-01 ( 21, 18)
n=   717   udiff=  1.4572E+00 ( 91, 14)   vdiff=  5.8976E-01 ( 21, 18)
n=   718   udiff=  1.4545E+00 ( 91, 14)   vdiff=  5.8852E-01 ( 21, 18)
n=   719   udiff=  1.4518E+00 ( 91, 14)   vdiff=  5.8726E-01 ( 21, 18)
n=   720   udiff=  1.4492E+00 ( 91, 14)   vdiff=  5.8598E-01 ( 21, 18)
n=   721   udiff=  1.4467E+00 ( 92, 14)   vdiff=  5.8468E-01 ( 21, 18)
n=   722   udiff=  1.4443E+00 ( 92, 14)   vdiff=  5.8337E-01 ( 21, 18)
n=   723   udiff=  1.4419E+00 ( 92, 14)   vdiff=  5.8254E-01 ( 21, 19)
n=   724   udiff=  1.4395E+00 ( 92, 14)   vdiff=  5.8172E-01 ( 21, 19)
n=   725   udiff=  1.4370E+00 ( 92, 14)   vdiff=  5.8089E-01 ( 21, 19)
n=   726   udiff=  1.4346E+00 ( 92, 14)   vdiff=  5.8003E-01 ( 21, 19)
n=   727   udiff=  1.4322E+00 ( 92, 14)   vdiff=  5.7915E-01 ( 21, 19)
n=   728   udiff=  1.4297E+00 ( 92, 14)   vdiff=  5.7826E-01 ( 21, 19)
n=   729   udiff=  1.4273E+00 ( 92, 14)   vdiff=  5.7734E-01 ( 21, 19)
n=   730   udiff=  1.4249E+00 ( 92, 14)   vdiff=  5.7641E-01 ( 21, 19)
n=   731   udiff=  1.4224E+00 ( 92, 14)   vdiff=  5.7545E-01 ( 21, 19)
n=   732   udiff=  1.4200E+00 ( 92, 14)   vdiff=  5.7457E-01 ( 22, 18)
n=   733   udiff=  1.4175E+00 ( 92, 14)   vdiff=  5.7382E-01 ( 22, 18)
n=   734   udiff=  1.4151E+00 ( 92, 14)   vdiff=  5.7305E-01 ( 22, 18)
n=   735   udiff=  1.4126E+00 ( 92, 14)   vdiff=  5.7225E-01 ( 22, 18)
n=   736   udiff=  1.4101E+00 ( 92, 14)   vdiff=  5.7143E-01 ( 22, 18)
n=   737   udiff=  1.4077E+00 ( 92, 14)   vdiff=  5.7059E-01 ( 22, 18)
n=   738   udiff=  1.4052E+00 ( 92, 14)   vdiff=  5.6974E-01 ( 22, 18)
n=   739   udiff=  1.4027E+00 ( 92, 14)   vdiff=  5.6886E-01 ( 22, 18)
n=   740   udiff=  1.4003E+00 ( 92, 14)   vdiff=  5.6796E-01 ( 22, 18)
n=   741   udiff=  1.3978E+00 ( 92, 14)   vdiff=  5.6705E-01 ( 22, 18)
n=   742   udiff=  1.3953E+00 ( 92, 14)   vdiff=  5.6611E-01 ( 22, 18)
n=   743   udiff=  1.3928E+00 ( 92, 14)   vdiff=  5.6516E-01 ( 22, 18)
n=   744   udiff=  1.3904E+00 ( 92, 14)   vdiff=  5.6418E-01 ( 22, 18)
n=   745   udiff=  1.3879E+00 ( 92, 14)   vdiff=  5.6319E-01 ( 22, 18)
n=   746   udiff=  1.3854E+00 ( 92, 14)   vdiff=  5.6218E-01 ( 22, 18)
n=   747   udiff=  1.3830E+00 ( 93, 14)   vdiff=  5.6116E-01 ( 22, 18)
n=   748   udiff=  1.3808E+00 ( 93, 14)   vdiff=  5.6011E-01 ( 22, 18)
n=   749   udiff=  1.3785E+00 ( 93, 14)   vdiff=  5.5905E-01 ( 22, 18)
n=   750   udiff=  1.3762E+00 ( 93, 14)   vdiff=  5.5797E-01 ( 22, 18)
n=   751   udiff=  1.3740E+00 ( 93, 14)   vdiff=  5.5688E-01 ( 22, 18)
n=   752   udiff=  1.3717E+00 ( 93, 14)   vdiff=  5.5577E-01 ( 22, 18)
n=   753   udiff=  1.3695E+00 ( 93, 14)   vdiff=  5.5464E-01 ( 22, 18)
n=   754   udiff=  1.3672E+00 ( 93, 14)   vdiff=  5.5350E-01 ( 22, 18)
n=   755   udiff=  1.3649E+00 ( 93, 14)   vdiff=  5.5234E-01 ( 22, 18)
n=   756   udiff=  1.3626E+00 ( 93, 14)   vdiff=  5.5117E-01 ( 22, 18)
n=   757   udiff=  1.3604E+00 ( 93, 14)   vdiff=  5.4998E-01 ( 22, 18)
n=   758   udiff=  1.3581E+00 ( 93, 14)   vdiff=  5.4878E-01 ( 22, 18)
n=   759   udiff=  1.3558E+00 ( 93, 14)   vdiff=  5.4770E-01 ( 22, 19)
n=   760   udiff=  1.3535E+00 ( 93, 14)   vdiff=  5.4695E-01 ( 22, 19)
n=   761   udiff=  1.3512E+00 ( 93, 14)   vdiff=  5.4618E-01 ( 22, 19)
n=   762   udiff=  1.3489E+00 ( 93, 14)   vdiff=  5.4539E-01 ( 22, 19)
n=   763   udiff=  1.3466E+00 ( 93, 14)   vdiff=  5.4459E-01 ( 22, 19)
n=   764   udiff=  1.3443E+00 ( 93, 14)   vdiff=  5.4377E-01 ( 22, 19)
n=   765   udiff=  1.3420E+00 ( 93, 14)   vdiff=  5.4303E-01 ( 23, 18)
n=   766   udiff=  1.3397E+00 ( 93, 14)   vdiff=  5.4237E-01 ( 23, 18)
n=   767   udiff=  1.3374E+00 ( 93, 14)   vdiff=  5.4170E-01 ( 23, 18)
n=   768   udiff=  1.3351E+00 ( 93, 14)   vdiff=  5.4101E-01 ( 23, 18)
n=   769   udiff=  1.3328E+00 ( 93, 14)   vdiff=  5.4029E-01 ( 23, 18)
n=   770   udiff=  1.3305E+00 ( 93, 14)   vdiff=  5.3956E-01 ( 23, 18)
n=   771   udiff=  1.3282E+00 ( 93, 14)   vdiff=  5.3881E-01 ( 23, 18)
n=   772   udiff=  1.3259E+00 ( 93, 14)   vdiff=  5.3805E-01 ( 23, 18)
n=   773   udiff=  1.3236E+00 ( 94, 14)   vdiff=  5.3726E-01 ( 23, 18)
n=   774   udiff=  1.3215E+00 ( 94, 14)   vdiff=  5.3646E-01 ( 23, 18)
n=   775   udiff=  1.3193E+00 ( 94, 14)   vdiff=  5.3564E-01 ( 23, 18)
n=   776   udiff=  1.3172E+00 ( 94, 14)   vdiff=  5.3480E-01 ( 23, 18)
n=   777   udiff=  1.3151E+00 ( 94, 14)   vdiff=  5.3395E-01 ( 23, 18)
n=   778   udiff=  1.3130E+00 ( 94, 14)   vdiff=  5.3307E-01 ( 23, 18)
n=   779   udiff=  1.3109E+00 ( 94, 14)   vdiff=  5.3219E-01 ( 23, 18)
n=   780   udiff=  1.3088E+00 ( 94, 14)   vdiff=  5.3128E-01 ( 23, 18)
n=   781   udiff=  1.3067E+00 ( 94, 14)   vdiff=  5.3036E-01 ( 23, 18)
n=   782   udiff=  1.3045E+00 ( 94, 14)   vdiff=  5.2943E-01 ( 23, 18)
n=   783   udiff=  1.3024E+00 ( 94, 14)   vdiff=  5.2848E-01 ( 23, 18)
n=   784   udiff=  1.3003E+00 ( 94, 14)   vdiff=  5.2751E-01 ( 23, 18)
n=   785   udiff=  1.2981E+00 ( 94, 14)   vdiff=  5.2653E-01 ( 23, 18)
n=   786   udiff=  1.2960E+00 ( 94, 14)   vdiff=  5.2553E-01 ( 23, 18)
n=   787   udiff=  1.2939E+00 ( 94, 14)   vdiff=  5.2452E-01 ( 23, 18)
n=   788   udiff=  1.2917E+00 ( 94, 14)   vdiff=  5.2350E-01 ( 23, 18)
n=   789   udiff=  1.2896E+00 ( 94, 14)   vdiff=  5.2246E-01 ( 23, 18)
n=   790   udiff=  1.2874E+00 ( 94, 14)   vdiff=  5.2140E-01 ( 23, 18)
n=   791   udiff=  1.2853E+00 ( 94, 14)   vdiff=  5.2034E-01 ( 23, 18)
n=   792   udiff=  1.2831E+00 ( 94, 14)   vdiff=  5.1926E-01 ( 23, 18)
n=   793   udiff=  1.2810E+00 ( 94, 14)   vdiff=  5.1816E-01 ( 23, 18)
n=   794   udiff=  1.2788E+00 ( 94, 14)   vdiff=  5.1706E-01 ( 23, 18)
n=   795   udiff=  1.2767E+00 ( 94, 14)   vdiff=  5.1594E-01 ( 23, 18)
n=   796   udiff=  1.2745E+00 ( 94, 14)   vdiff=  5.1503E-01 ( 23, 19)
n=   797   udiff=  1.2724E+00 ( 94, 14)   vdiff=  5.1435E-01 ( 24, 18)
n=   798   udiff=  1.2702E+00 ( 94, 14)   vdiff=  5.1380E-01 ( 24, 18)
n=   799   udiff=  1.2680E+00 ( 94, 14)   vdiff=  5.1323E-01 ( 24, 18)
n=   800   udiff=  1.2660E+00 ( 95, 14)   vdiff=  5.1265E-01 ( 24, 18)
n=   801   udiff=  1.2640E+00 ( 95, 14)   vdiff=  5.1204E-01 ( 24, 18)
n=   802   udiff=  1.2620E+00 ( 95, 14)   vdiff=  5.1142E-01 ( 24, 18)
n=   803   udiff=  1.2601E+00 ( 95, 14)   vdiff=  5.1078E-01 ( 24, 18)
n=   804   udiff=  1.2581E+00 ( 95, 14)   vdiff=  5.1013E-01 ( 24, 18)
n=   805   udiff=  1.2561E+00 ( 95, 14)   vdiff=  5.0945E-01 ( 24, 18)
n=   806   udiff=  1.2541E+00 ( 95, 14)   vdiff=  5.0877E-01 ( 24, 18)
n=   807   udiff=  1.2521E+00 ( 95, 14)   vdiff=  5.0806E-01 ( 24, 18)
n=   808   udiff=  1.2501E+00 ( 95, 14)   vdiff=  5.0734E-01 ( 24, 18)
n=   809   udiff=  1.2481E+00 ( 95, 14)   vdiff=  5.0660E-01 ( 24, 18)
n=   810   udiff=  1.2462E+00 ( 95, 14)   vdiff=  5.0585E-01 ( 24, 18)
n=   811   udiff=  1.2442E+00 ( 95, 14)   vdiff=  5.0508E-01 ( 24, 18)
n=   812   udiff=  1.2422E+00 ( 95, 14)   vdiff=  5.0430E-01 ( 24, 18)
n=   813   udiff=  1.2402E+00 ( 95, 14)   vdiff=  5.0350E-01 ( 24, 18)
n=   814   udiff=  1.2382E+00 ( 95, 14)   vdiff=  5.0269E-01 ( 24, 18)
n=   815   udiff=  1.2361E+00 ( 95, 14)   vdiff=  5.0186E-01 ( 24, 18)
n=   816   udiff=  1.2341E+00 ( 95, 14)   vdiff=  5.0102E-01 ( 24, 18)
n=   817   udiff=  1.2321E+00 ( 95, 14)   vdiff=  5.0017E-01 ( 24, 18)
n=   818   udiff=  1.2301E+00 ( 95, 14)   vdiff=  4.9930E-01 ( 24, 18)
n=   819   udiff=  1.2281E+00 ( 95, 14)   vdiff=  4.9841E-01 ( 24, 18)
n=   820   udiff=  1.2261E+00 ( 95, 14)   vdiff=  4.9752E-01 ( 24, 18)
n=   821   udiff=  1.2241E+00 ( 95, 14)   vdiff=  4.9661E-01 ( 24, 18)
n=   822   udiff=  1.2221E+00 ( 95, 14)   vdiff=  4.9568E-01 ( 24, 18)
n=   823   udiff=  1.2200E+00 ( 95, 14)   vdiff=  4.9475E-01 ( 24, 18)
n=   824   udiff=  1.2180E+00 ( 95, 14)   vdiff=  4.9380E-01 ( 24, 18)
n=   825   udiff=  1.2160E+00 ( 95, 14)   vdiff=  4.9284E-01 ( 24, 18)
n=   826   udiff=  1.2140E+00 ( 95, 14)   vdiff=  4.9187E-01 ( 24, 18)
n=   827   udiff=  1.2121E+00 ( 96, 14)   vdiff=  4.9088E-01 ( 24, 18)
n=   828   udiff=  1.2102E+00 ( 96, 14)   vdiff=  4.8989E-01 ( 24, 18)
n=   829   udiff=  1.2084E+00 ( 96, 14)   vdiff=  4.8888E-01 ( 24, 18)
n=   830   udiff=  1.2065E+00 ( 96, 14)   vdiff=  4.8786E-01 ( 24, 18)
n=   831   udiff=  1.2047E+00 ( 96, 14)   vdiff=  4.8683E-01 ( 24, 18)
n=   832   udiff=  1.2028E+00 ( 96, 14)   vdiff=  4.8614E-01 ( 25, 18)
n=   833   udiff=  1.2010E+00 ( 96, 14)   vdiff=  4.8563E-01 ( 25, 18)
n=   834   udiff=  1.1991E+00 ( 96, 14)   vdiff=  4.8510E-01 ( 25, 18)
n=   835   udiff=  1.1972E+00 ( 96, 14)   vdiff=  4.8456E-01 ( 25, 18)
n=   836   udiff=  1.1953E+00 ( 96, 14)   vdiff=  4.8400E-01 ( 25, 18)
n=   837   udiff=  1.1935E+00 ( 96, 14)   vdiff=  4.8342E-01 ( 25, 18)
n=   838   udiff=  1.1916E+00 ( 96, 14)   vdiff=  4.8283E-01 ( 25, 18)
n=   839   udiff=  1.1897E+00 ( 96, 14)   vdiff=  4.8223E-01 ( 25, 18)
n=   840   udiff=  1.1878E+00 ( 96, 14)   vdiff=  4.8161E-01 ( 25, 18)
n=   841   udiff=  1.1860E+00 ( 96, 14)   vdiff=  4.8097E-01 ( 25, 18)
n=   842   udiff=  1.1841E+00 ( 96, 14)   vdiff=  4.8032E-01 ( 25, 18)
n=   843   udiff=  1.1822E+00 ( 96, 14)   vdiff=  4.7966E-01 ( 25, 18)
n=   844   udiff=  1.1803E+00 ( 96, 14)   vdiff=  4.7898E-01 ( 25, 18)
n=   845   udiff=  1.1784E+00 ( 96, 14)   vdiff=  4.7829E-01 ( 25, 18)
n=   846   udiff=  1.1765E+00 ( 96, 14)   vdiff=  4.7759E-01 ( 25, 18)
n=   847   udiff=  1.1746E+00 ( 96, 14)   vdiff=  4.7687E-01 ( 25, 18)
n=   848   udiff=  1.1727E+00 ( 96, 14)   vdiff=  4.7613E-01 ( 25, 18)
n=   849   udiff=  1.1709E+00 ( 96, 14)   vdiff=  4.7539E-01 ( 25, 18)
n=   850   udiff=  1.1690E+00 ( 96, 14)   vdiff=  4.7463E-01 ( 25, 18)
n=   851   udiff=  1.1671E+00 ( 96, 14)   vdiff=  4.7386E-01 ( 25, 18)
n=   852   udiff=  1.1652E+00 ( 96, 14)   vdiff=  4.7308E-01 ( 25, 18)
n=   853   udiff=  1.1633E+00 ( 96, 14)   vdiff=  4.7228E-01 ( 25, 18)
n=   854   udiff=  1.1615E+00 ( 97, 14)   vdiff=  4.7147E-01 ( 25, 18)
n=   855   udiff=  1.1597E+00 ( 97, 14)   vdiff=  4.7065E-01 ( 25, 18)
n=   856   udiff=  1.1580E+00 ( 97, 14)   vdiff=  4.6982E-01 ( 25, 18)
n=   857   udiff=  1.1562E+00 ( 97, 14)   vdiff=  4.6897E-01 ( 25, 18)
n=   858   udiff=  1.1545E+00 ( 97, 14)   vdiff=  4.6812E-01 ( 25, 18)
n=   859   udiff=  1.1527E+00 ( 97, 14)   vdiff=  4.6725E-01 ( 25, 18)
n=   860   udiff=  1.1510E+00 ( 97, 14)   vdiff=  4.6637E-01 ( 25, 18)
n=   861   udiff=  1.1492E+00 ( 97, 14)   vdiff=  4.6548E-01 ( 25, 18)
n=   862   udiff=  1.1475E+00 ( 97, 14)   vdiff=  4.6458E-01 ( 25, 18)
n=   863   udiff=  1.1457E+00 ( 97, 14)   vdiff=  4.6367E-01 ( 25, 18)
n=   864   udiff=  1.1439E+00 ( 97, 14)   vdiff=  4.6275E-01 ( 25, 18)
n=   865   udiff=  1.1422E+00 ( 97, 14)   vdiff=  4.6197E-01 (120, 10)
n=   866   udiff=  1.1404E+00 ( 97, 14)   vdiff=  4.6309E-01 (120, 10)
n=   867   udiff=  1.1386E+00 ( 97, 14)   vdiff=  4.6421E-01 (120, 10)
n=   868   udiff=  1.1369E+00 ( 97, 14)   vdiff=  4.6532E-01 (120, 10)
n=   869   udiff=  1.1351E+00 ( 97, 14)   vdiff=  4.6643E-01 (120, 10)
n=   870   udiff=  1.1333E+00 ( 97, 14)   vdiff=  4.6754E-01 (120, 10)
n=   871   udiff=  1.1316E+00 ( 97, 14)   vdiff=  4.6864E-01 (120, 10)
n=   872   udiff=  1.1298E+00 ( 97, 14)   vdiff=  4.6975E-01 (120, 10)
n=   873   udiff=  1.1280E+00 ( 97, 14)   vdiff=  4.7084E-01 (120, 10)
n=   874   udiff=  1.1262E+00 ( 97, 14)   vdiff=  4.7194E-01 (120, 10)
n=   875   udiff=  1.1244E+00 ( 97, 14)   vdiff=  4.7303E-01 (120, 10)
n=   876   udiff=  1.1227E+00 ( 97, 14)   vdiff=  4.7411E-01 (120, 10)
n=   877   udiff=  1.1209E+00 ( 97, 14)   vdiff=  4.7520E-01 (120, 10)
n=   878   udiff=  1.1191E+00 ( 97, 14)   vdiff=  4.7628E-01 (120, 10)
n=   879   udiff=  1.1173E+00 ( 97, 14)   vdiff=  4.7735E-01 (120, 10)
n=   880   udiff=  1.1155E+00 ( 97, 14)   vdiff=  4.7842E-01 (120, 10)
n=   881   udiff=  1.1137E+00 ( 97, 14)   vdiff=  4.7949E-01 (120, 10)
n=   882   udiff=  1.1121E+00 ( 98, 14)   vdiff=  4.8055E-01 (120, 10)
n=   883   udiff=  1.1104E+00 ( 98, 14)   vdiff=  4.8161E-01 (120, 10)
n=   884   udiff=  1.1088E+00 ( 98, 14)   vdiff=  4.8266E-01 (120, 10)
n=   885   udiff=  1.1071E+00 ( 98, 14)   vdiff=  4.8371E-01 (120, 10)
n=   886   udiff=  1.1055E+00 ( 98, 14)   vdiff=  4.8476E-01 (120, 10)
n=   887   udiff=  1.1038E+00 ( 98, 14)   vdiff=  4.8579E-01 (120, 10)
n=   888   udiff=  1.1022E+00 ( 98, 14)   vdiff=  4.8683E-01 (120, 10)
n=   889   udiff=  1.1005E+00 ( 98, 14)   vdiff=  4.8786E-01 (120, 10)
n=   890   udiff=  1.0988E+00 ( 98, 14)   vdiff=  4.8888E-01 (120, 10)
n=   891   udiff=  1.0972E+00 ( 98, 14)   vdiff=  4.8990E-01 (120, 10)
n=   892   udiff=  1.0955E+00 ( 98, 14)   vdiff=  4.9091E-01 (120, 10)
n=   893   udiff=  1.0938E+00 ( 98, 14)   vdiff=  4.9192E-01 (120, 10)
n=   894   udiff=  1.0922E+00 ( 98, 14)   vdiff=  4.9293E-01 (120, 10)
n=   895   udiff=  1.0905E+00 ( 98, 14)   vdiff=  4.9392E-01 (120, 10)
n=   896   udiff=  1.0888E+00 ( 98, 14)   vdiff=  4.9492E-01 (120, 10)
n=   897   udiff=  1.0872E+00 ( 98, 14)   vdiff=  4.9590E-01 (120, 10)
n=   898   udiff=  1.0855E+00 ( 98, 14)   vdiff=  4.9688E-01 (120, 10)
n=   899   udiff=  1.0838E+00 ( 98, 14)   vdiff=  4.9786E-01 (120, 10)
n=   900   udiff=  1.0822E+00 ( 98, 14)   vdiff=  4.9883E-01 (120, 10)
n=   901   udiff=  1.0805E+00 ( 98, 14)   vdiff=  4.9979E-01 (120, 10)
n=   902   udiff=  1.0788E+00 ( 98, 14)   vdiff=  5.0075E-01 (120, 10)
n=   903   udiff=  1.0771E+00 ( 98, 14)   vdiff=  5.0170E-01 (120, 10)
n=   904   udiff=  1.0754E+00 ( 98, 14)   vdiff=  5.0265E-01 (120, 10)
n=   905   udiff=  1.0738E+00 ( 98, 14)   vdiff=  5.0358E-01 (120, 10)
n=   906   udiff=  1.0721E+00 ( 98, 14)   vdiff=  5.0452E-01 (120, 10)
n=   907   udiff=  1.0704E+00 ( 98, 14)   vdiff=  5.0544E-01 (120, 10)
n=   908   udiff=  1.0687E+00 ( 98, 14)   vdiff=  5.0636E-01 (120, 10)
n=   909   udiff=  1.0670E+00 ( 98, 14)   vdiff=  5.0728E-01 (120, 10)
n=   910   udiff=  1.0653E+00 ( 98, 14)   vdiff=  5.0818E-01 (120, 10)
n=   911   udiff=  1.0638E+00 ( 99, 14)   vdiff=  5.0909E-01 (120, 10)
n=   912   udiff=  1.0622E+00 ( 99, 14)   vdiff=  5.0998E-01 (120, 10)
n=   913   udiff=  1.0606E+00 ( 99, 14)   vdiff=  5.1087E-01 (120, 10)
n=   914   udiff=  1.0591E+00 ( 99, 14)   vdiff=  5.1175E-01 (120, 10)
n=   915   udiff=  1.0575E+00 ( 99, 14)   vdiff=  5.1262E-01 (120, 10)
n=   916   udiff=  1.0559E+00 ( 99, 14)   vdiff=  5.1349E-01 (120, 10)
n=   917   udiff=  1.0544E+00 ( 99, 14)   vdiff=  5.1435E-01 (120, 10)
n=   918   udiff=  1.0528E+00 ( 99, 14)   vdiff=  5.1520E-01 (120, 10)
n=   919   udiff=  1.0512E+00 ( 99, 14)   vdiff=  5.1605E-01 (120, 10)
n=   920   udiff=  1.0497E+00 ( 99, 14)   vdiff=  5.1689E-01 (120, 10)
n=   921   udiff=  1.0481E+00 ( 99, 14)   vdiff=  5.1772E-01 (120, 10)
n=   922   udiff=  1.0465E+00 ( 99, 14)   vdiff=  5.1854E-01 (120, 10)
n=   923   udiff=  1.0449E+00 ( 99, 14)   vdiff=  5.1936E-01 (120, 10)
n=   924   udiff=  1.0434E+00 ( 99, 14)   vdiff=  5.2017E-01 (120, 10)
n=   925   udiff=  1.0418E+00 ( 99, 14)   vdiff=  5.2098E-01 (120, 10)
n=   926   udiff=  1.0402E+00 ( 99, 14)   vdiff=  5.2177E-01 (120, 10)
n=   927   udiff=  1.0386E+00 ( 99, 14)   vdiff=  5.2256E-01 (120, 10)
n=   928   udiff=  1.0370E+00 ( 99, 14)   vdiff=  5.2334E-01 (120, 10)
n=   929   udiff=  1.0354E+00 ( 99, 14)   vdiff=  5.2412E-01 (120, 10)
n=   930   udiff=  1.0338E+00 ( 99, 14)   vdiff=  5.2488E-01 (120, 10)
n=   931   udiff=  1.0323E+00 ( 99, 14)   vdiff=  5.2564E-01 (120, 10)
n=   932   udiff=  1.0307E+00 ( 99, 14)   vdiff=  5.2639E-01 (120, 10)
n=   933   udiff=  1.0291E+00 ( 99, 14)   vdiff=  5.2714E-01 (120, 10)
n=   934   udiff=  1.0275E+00 ( 99, 14)   vdiff=  5.2787E-01 (120, 10)
n=   935   udiff=  1.0259E+00 ( 99, 14)   vdiff=  5.2860E-01 (120, 10)
n=   936   udiff=  1.0243E+00 ( 99, 14)   vdiff=  5.2932E-01 (120, 10)
n=   937   udiff=  1.0227E+00 ( 99, 14)   vdiff=  5.3004E-01 (120, 10)
n=   938   udiff=  1.0211E+00 ( 99, 14)   vdiff=  5.3074E-01 (120, 10)
n=   939   udiff=  1.0195E+00 ( 99, 14)   vdiff=  5.3144E-01 (120, 10)
n=   940   udiff=  1.0179E+00 ( 99, 14)   vdiff=  5.3213E-01 (120, 10)
n=   941   udiff=  1.0163E+00 ( 99, 14)   vdiff=  5.3281E-01 (120, 10)
n=   942   udiff=  1.0148E+00 (100, 14)   vdiff=  5.3349E-01 (120, 10)
n=   943   udiff=  1.0134E+00 (100, 14)   vdiff=  5.3416E-01 (120, 10)
n=   944   udiff=  1.0119E+00 (100, 14)   vdiff=  5.3482E-01 (120, 10)
n=   945   udiff=  1.0104E+00 (100, 14)   vdiff=  5.3547E-01 (120, 10)
n=   946   udiff=  1.0089E+00 (100, 14)   vdiff=  5.3611E-01 (120, 10)
n=   947   udiff=  1.0074E+00 (100, 14)   vdiff=  5.3675E-01 (120, 10)
n=   948   udiff=  1.0059E+00 (100, 14)   vdiff=  5.3737E-01 (120, 10)
n=   949   udiff=  1.0044E+00 (100, 14)   vdiff=  5.3799E-01 (120, 10)
n=   950   udiff=  1.0029E+00 (100, 14)   vdiff=  5.3861E-01 (120, 10)
n=   951   udiff=  1.0014E+00 (100, 14)   vdiff=  5.3921E-01 (120, 10)
n=   952   udiff=  9.9995E-01 (100, 14)   vdiff=  5.3981E-01 (120, 10)
n=   953   udiff=  9.9845E-01 (100, 14)   vdiff=  5.4039E-01 (120, 10)
n=   954   udiff=  9.9695E-01 (100, 14)   vdiff=  5.4097E-01 (120, 10)
n=   955   udiff=  9.9545E-01 (100, 14)   vdiff=  5.4155E-01 (120, 10)
n=   956   udiff=  9.9395E-01 (100, 14)   vdiff=  5.4211E-01 (120, 10)
n=   957   udiff=  9.9245E-01 (100, 14)   vdiff=  5.4267E-01 (120, 10)
n=   958   udiff=  9.9095E-01 (100, 14)   vdiff=  5.4322E-01 (120, 10)
n=   959   udiff=  9.8945E-01 (100, 14)   vdiff=  5.4376E-01 (120, 10)
n=   960   udiff=  9.8794E-01 (100, 14)   vdiff=  5.4429E-01 (120, 10)
n=   961   udiff=  9.8644E-01 (100, 14)   vdiff=  5.4481E-01 (120, 10)
n=   962   udiff=  9.8493E-01 (100, 14)   vdiff=  5.4533E-01 (120, 10)
n=   963   udiff=  9.8343E-01 (100, 14)   vdiff=  5.4584E-01 (120, 10)
n=   964   udiff=  9.8192E-01 (100, 14)   vdiff=  5.4634E-01 (120, 10)
n=   965   udiff=  9.8041E-01 (100, 14)   vdiff=  5.4683E-01 (120, 10)
n=   966   udiff=  9.7890E-01 (100, 14)   vdiff=  5.4732E-01 (120, 10)
n=   967   udiff=  9.7739E-01 (100, 14)   vdiff=  5.4779E-01 (120, 10)
n=   968   udiff=  9.7588E-01 (100, 14)   vdiff=  5.4826E-01 (120, 10)
n=   969   udiff=  9.7437E-01 (100, 14)   vdiff=  5.4872E-01 (120, 10)
n=   970   udiff=  9.7286E-01 (100, 14)   vdiff=  5.4917E-01 (120, 10)
n=   971   udiff=  9.7135E-01 (100, 14)   vdiff=  5.4962E-01 (120, 10)
n=   972   udiff=  9.6984E-01 (100, 14)   vdiff=  5.5006E-01 (120, 10)
n=   973   udiff=  9.6832E-01 (100, 14)   vdiff=  5.5048E-01 (120, 10)
n=   974   udiff=  9.6681E-01 (100, 14)   vdiff=  5.5091E-01 (120, 10)
n=   975   udiff=  9.6530E-01 (100, 14)   vdiff=  5.5132E-01 (120, 10)
n=   976   udiff=  9.6387E-01 (101, 14)   vdiff=  5.5172E-01 (120, 10)
n=   977   udiff=  9.6246E-01 (101, 14)   vdiff=  5.5212E-01 (120, 10)
n=   978   udiff=  9.6104E-01 (101, 14)   vdiff=  5.5251E-01 (120, 10)
n=   979   udiff=  9.5963E-01 (101, 14)   vdiff=  5.5289E-01 (120, 10)
n=   980   udiff=  9.5821E-01 (101, 14)   vdiff=  5.5327E-01 (120, 10)
n=   981   udiff=  9.5679E-01 (101, 14)   vdiff=  5.5363E-01 (120, 10)
n=   982   udiff=  9.5537E-01 (101, 14)   vdiff=  5.5399E-01 (120, 10)
n=   983   udiff=  9.5395E-01 (101, 14)   vdiff=  5.5434E-01 (120, 10)
n=   984   udiff=  9.5253E-01 (101, 14)   vdiff=  5.5468E-01 (120, 10)
n=   985   udiff=  9.5111E-01 (101, 14)   vdiff=  5.5502E-01 (120, 10)
n=   986   udiff=  9.4969E-01 (101, 14)   vdiff=  5.5534E-01 (120, 10)
n=   987   udiff=  9.4827E-01 (101, 14)   vdiff=  5.5566E-01 (120, 10)
n=   988   udiff=  9.4684E-01 (101, 14)   vdiff=  5.5597E-01 (120, 10)
n=   989   udiff=  9.4542E-01 (101, 14)   vdiff=  5.5628E-01 (120, 10)
n=   990   udiff=  9.4399E-01 (101, 14)   vdiff=  5.5657E-01 (120, 10)
n=   991   udiff=  9.4256E-01 (101, 14)   vdiff=  5.5686E-01 (120, 10)
n=   992   udiff=  9.4114E-01 (101, 14)   vdiff=  5.5714E-01 (120, 10)
n=   993   udiff=  9.3971E-01 (101, 14)   vdiff=  5.5742E-01 (120, 10)
n=   994   udiff=  9.3828E-01 (101, 14)   vdiff=  5.5768E-01 (120, 10)
n=   995   udiff=  9.3685E-01 (101, 14)   vdiff=  5.5794E-01 (120, 10)
n=   996   udiff=  9.3542E-01 (101, 14)   vdiff=  5.5819E-01 (120, 10)
n=   997   udiff=  9.3399E-01 (101, 14)   vdiff=  5.5844E-01 (120, 10)
n=   998   udiff=  9.3256E-01 (101, 14)   vdiff=  5.5867E-01 (120, 10)
n=   999   udiff=  9.3113E-01 (101, 14)   vdiff=  5.5890E-01 (120, 10)
n=  1000   udiff=  9.2969E-01 (101, 14)   vdiff=  5.5912E-01 (120, 10)
n=  1001   udiff=  9.2826E-01 (101, 14)   vdiff=  5.5933E-01 (120, 10)
n=  1002   udiff=  9.2683E-01 (101, 14)   vdiff=  5.5954E-01 (120, 10)
n=  1003   udiff=  9.2540E-01 (101, 14)   vdiff=  5.5974E-01 (120, 10)
n=  1004   udiff=  9.2396E-01 (101, 14)   vdiff=  5.5993E-01 (120, 10)
n=  1005   udiff=  9.2253E-01 (101, 14)   vdiff=  5.6012E-01 (120, 10)
n=  1006   udiff=  9.2109E-01 (101, 14)   vdiff=  5.6029E-01 (120, 10)
n=  1007   udiff=  9.1966E-01 (101, 14)   vdiff=  5.6046E-01 (120, 10)
n=  1008   udiff=  9.1822E-01 (101, 14)   vdiff=  5.6063E-01 (120, 10)
n=  1009   udiff=  9.1679E-01 (101, 14)   vdiff=  5.6078E-01 (120, 10)
n=  1010   udiff=  9.1535E-01 (101, 14)   vdiff=  5.6093E-01 (120, 10)
n=  1011   udiff=  9.1392E-01 (101, 14)   vdiff=  5.6107E-01 (120, 10)
n=  1012   udiff=  9.1248E-01 (101, 14)   vdiff=  5.6121E-01 (120, 10)
n=  1013   udiff=  9.1105E-01 (101, 14)   vdiff=  5.6133E-01 (120, 10)
n=  1014   udiff=  9.0961E-01 (101, 14)   vdiff=  5.6145E-01 (120, 10)
n=  1015   udiff=  9.0821E-01 (102, 14)   vdiff=  5.6157E-01 (120, 10)
n=  1016   udiff=  9.0686E-01 (102, 14)   vdiff=  5.6168E-01 (120, 10)
n=  1017   udiff=  9.0551E-01 (102, 14)   vdiff=  5.6178E-01 (120, 10)
n=  1018   udiff=  9.0416E-01 (102, 14)   vdiff=  5.6187E-01 (120, 10)
n=  1019   udiff=  9.0281E-01 (102, 14)   vdiff=  5.6195E-01 (120, 10)
n=  1020   udiff=  9.0146E-01 (102, 14)   vdiff=  5.6203E-01 (120, 10)
n=  1021   udiff=  9.0011E-01 (102, 14)   vdiff=  5.6211E-01 (120, 10)
n=  1022   udiff=  8.9875E-01 (102, 14)   vdiff=  5.6217E-01 (120, 10)
n=  1023   udiff=  8.9740E-01 (102, 14)   vdiff=  5.6223E-01 (120, 10)
n=  1024   udiff=  8.9605E-01 (102, 14)   vdiff=  5.6228E-01 (120, 10)
n=  1025   udiff=  8.9469E-01 (102, 14)   vdiff=  5.6233E-01 (120, 10)
n=  1026   udiff=  8.9334E-01 (102, 14)   vdiff=  5.6237E-01 (120, 10)
n=  1027   udiff=  8.9198E-01 (102, 14)   vdiff=  5.6240E-01 (120, 10)
n=  1028   udiff=  8.9063E-01 (102, 14)   vdiff=  5.6243E-01 (120, 10)
n=  1029   udiff=  8.8927E-01 (102, 14)   vdiff=  5.6245E-01 (120, 10)
n=  1030   udiff=  8.8791E-01 (102, 14)   vdiff=  5.6246E-01 (120, 10)
n=  1031   udiff=  8.8656E-01 (102, 14)   vdiff=  5.6247E-01 (120, 10)
n=  1032   udiff=  8.8520E-01 (102, 14)   vdiff=  5.6247E-01 (120, 10)
n=  1033   udiff=  8.8384E-01 (102, 14)   vdiff=  5.6247E-01 (120, 10)
n=  1034   udiff=  8.8248E-01 (102, 14)   vdiff=  5.6246E-01 (120, 10)
n=  1035   udiff=  8.8112E-01 (102, 14)   vdiff=  5.6244E-01 (120, 10)
n=  1036   udiff=  8.7977E-01 (102, 14)   vdiff=  5.6241E-01 (120, 10)
n=  1037   udiff=  8.7841E-01 (102, 14)   vdiff=  5.6238E-01 (120, 10)
n=  1038   udiff=  8.7706E-01 (102, 14)   vdiff=  5.6235E-01 (120, 10)
n=  1039   udiff=  8.7570E-01 (102, 14)   vdiff=  5.6231E-01 (120, 10)
n=  1040   udiff=  8.7435E-01 (102, 14)   vdiff=  5.6226E-01 (120, 10)
n=  1041   udiff=  8.7299E-01 (102, 14)   vdiff=  5.6220E-01 (120, 10)
n=  1042   udiff=  8.7163E-01 (102, 14)   vdiff=  5.6214E-01 (120, 10)
n=  1043   udiff=  8.7028E-01 (102, 14)   vdiff=  5.6208E-01 (120, 10)
n=  1044   udiff=  8.6892E-01 (102, 14)   vdiff=  5.6201E-01 (120, 10)
n=  1045   udiff=  8.6756E-01 (102, 14)   vdiff=  5.6193E-01 (120, 10)
n=  1046   udiff=  8.6621E-01 (102, 14)   vdiff=  5.6184E-01 (120, 10)
n=  1047   udiff=  8.6485E-01 (102, 14)   vdiff=  5.6176E-01 (120, 10)
n=  1048   udiff=  8.6349E-01 (102, 14)   vdiff=  5.6166E-01 (120, 10)
n=  1049   udiff=  8.6214E-01 (102, 14)   vdiff=  5.6156E-01 (120, 10)
n=  1050   udiff=  8.6078E-01 (102, 14)   vdiff=  5.6145E-01 (120, 10)
n=  1051   udiff=  8.5942E-01 (102, 14)   vdiff=  5.6134E-01 (120, 10)
n=  1052   udiff=  8.5807E-01 (102, 14)   vdiff=  5.6123E-01 (120, 10)
n=  1053   udiff=  8.5671E-01 (102, 14)   vdiff=  5.6110E-01 (120, 10)
n=  1054   udiff=  8.5535E-01 (102, 14)   vdiff=  5.6097E-01 (120, 10)
n=  1055   udiff=  8.5400E-01 (102, 14)   vdiff=  5.6084E-01 (120, 10)
n=  1056   udiff=  8.5264E-01 (102, 14)   vdiff=  5.6070E-01 (120, 10)
n=  1057   udiff=  8.5129E-01 (102, 14)   vdiff=  5.6056E-01 (120, 10)
n=  1058   udiff=  8.4993E-01 (102, 14)   vdiff=  5.6041E-01 (120, 10)
n=  1059   udiff=  8.4858E-01 (102, 14)   vdiff=  5.6025E-01 (120, 10)
n=  1060   udiff=  8.4722E-01 (102, 14)   vdiff=  5.6009E-01 (120, 10)
n=  1061   udiff=  8.4586E-01 (102, 14)   vdiff=  5.5993E-01 (120, 10)
n=  1062   udiff=  8.4451E-01 (102, 14)   vdiff=  5.5976E-01 (120, 10)
n=  1063   udiff=  8.4322E-01 (103, 14)   vdiff=  5.5958E-01 (120, 10)
n=  1064   udiff=  8.4194E-01 (103, 14)   vdiff=  5.5940E-01 (120, 10)
n=  1065   udiff=  8.4067E-01 (103, 14)   vdiff=  5.5922E-01 (120, 10)
n=  1066   udiff=  8.3939E-01 (103, 14)   vdiff=  5.5902E-01 (120, 10)
n=  1067   udiff=  8.3812E-01 (103, 14)   vdiff=  5.5883E-01 (120, 10)
n=  1068   udiff=  8.3684E-01 (103, 14)   vdiff=  5.5863E-01 (120, 10)
n=  1069   udiff=  8.3556E-01 (103, 14)   vdiff=  5.5842E-01 (120, 10)
n=  1070   udiff=  8.3428E-01 (103, 14)   vdiff=  5.5821E-01 (120, 10)
n=  1071   udiff=  8.3300E-01 (103, 14)   vdiff=  5.5800E-01 (120, 10)
n=  1072   udiff=  8.3172E-01 (103, 14)   vdiff=  5.5778E-01 (120, 10)
n=  1073   udiff=  8.3044E-01 (103, 14)   vdiff=  5.5755E-01 (120, 10)
n=  1074   udiff=  8.2916E-01 (103, 14)   vdiff=  5.5732E-01 (120, 10)
n=  1075   udiff=  8.2788E-01 (103, 14)   vdiff=  5.5709E-01 (120, 10)
n=  1076   udiff=  8.2660E-01 (103, 14)   vdiff=  5.5685E-01 (120, 10)
n=  1077   udiff=  8.2532E-01 (103, 14)   vdiff=  5.5661E-01 (120, 10)
n=  1078   udiff=  8.2404E-01 (103, 14)   vdiff=  5.5636E-01 (120, 10)
n=  1079   udiff=  8.2275E-01 (103, 14)   vdiff=  5.5611E-01 (120, 10)
n=  1080   udiff=  8.2147E-01 (103, 14)   vdiff=  5.5585E-01 (120, 10)
n=  1081   udiff=  8.2019E-01 (103, 14)   vdiff=  5.5559E-01 (120, 10)
n=  1082   udiff=  8.1891E-01 (103, 14)   vdiff=  5.5533E-01 (120, 10)
n=  1083   udiff=  8.1762E-01 (103, 14)   vdiff=  5.5506E-01 (120, 10)
n=  1084   udiff=  8.1634E-01 (103, 14)   vdiff=  5.5478E-01 (120, 10)
n=  1085   udiff=  8.1506E-01 (103, 14)   vdiff=  5.5450E-01 (120, 10)
n=  1086   udiff=  8.1378E-01 (103, 14)   vdiff=  5.5422E-01 (120, 10)
n=  1087   udiff=  8.1249E-01 (103, 14)   vdiff=  5.5393E-01 (120, 10)
n=  1088   udiff=  8.1121E-01 (103, 14)   vdiff=  5.5364E-01 (120, 10)
n=  1089   udiff=  8.0993E-01 (103, 14)   vdiff=  5.5335E-01 (120, 10)
n=  1090   udiff=  8.0865E-01 (103, 14)   vdiff=  5.5305E-01 (120, 10)
n=  1091   udiff=  8.0736E-01 (103, 14)   vdiff=  5.5275E-01 (120, 10)
n=  1092   udiff=  8.0608E-01 (103, 14)   vdiff=  5.5244E-01 (120, 10)
n=  1093   udiff=  8.0480E-01 (103, 14)   vdiff=  5.5213E-01 (120, 10)
n=  1094   udiff=  8.0352E-01 (103, 14)   vdiff=  5.5181E-01 (120, 10)
n=  1095   udiff=  8.0224E-01 (103, 14)   vdiff=  5.5149E-01 (120, 10)
n=  1096   udiff=  8.0096E-01 (103, 14)   vdiff=  5.5117E-01 (120, 10)
n=  1097   udiff=  7.9968E-01 (103, 14)   vdiff=  5.5084E-01 (120, 10)
n=  1098   udiff=  7.9840E-01 (103, 14)   vdiff=  5.5051E-01 (120, 10)
n=  1099   udiff=  7.9712E-01 (103, 14)   vdiff=  5.5018E-01 (120, 10)
n=  1100   udiff=  7.9584E-01 (103, 14)   vdiff=  5.4984E-01 (120, 10)
n=  1101   udiff=  7.9456E-01 (103, 14)   vdiff=  5.4950E-01 (120, 10)
n=  1102   udiff=  7.9328E-01 (103, 14)   vdiff=  5.4915E-01 (120, 10)
n=  1103   udiff=  7.9200E-01 (103, 14)   vdiff=  5.4880E-01 (120, 10)
n=  1104   udiff=  7.9072E-01 (103, 14)   vdiff=  5.4845E-01 (120, 10)
n=  1105   udiff=  7.8945E-01 (103, 14)   vdiff=  5.4809E-01 (120, 10)
n=  1106   udiff=  7.8817E-01 (103, 14)   vdiff=  5.4773E-01 (120, 10)
n=  1107   udiff=  7.8689E-01 (103, 14)   vdiff=  5.4737E-01 (120, 10)
n=  1108   udiff=  7.8562E-01 (103, 14)   vdiff=  5.4700E-01 (120, 10)
n=  1109   udiff=  7.8434E-01 (103, 14)   vdiff=  5.4663E-01 (120, 10)
n=  1110   udiff=  7.8306E-01 (103, 14)   vdiff=  5.4626E-01 (120, 10)
n=  1111   udiff=  7.8179E-01 (103, 14)   vdiff=  5.4588E-01 (120, 10)
n=  1112   udiff=  7.8051E-01 (103, 14)   vdiff=  5.4550E-01 (120, 10)
n=  1113   udiff=  7.7924E-01 (103, 14)   vdiff=  5.4511E-01 (120, 10)
n=  1114   udiff=  7.7797E-01 (103, 14)   vdiff=  5.4473E-01 (120, 10)
n=  1115   udiff=  7.7669E-01 (103, 14)   vdiff=  5.4434E-01 (120, 10)
n=  1116   udiff=  7.7542E-01 (103, 14)   vdiff=  5.4394E-01 (120, 10)
n=  1117   udiff=  7.7415E-01 (103, 14)   vdiff=  5.4354E-01 (120, 10)
n=  1118   udiff=  7.7288E-01 (103, 14)   vdiff=  5.4314E-01 (120, 10)
n=  1119   udiff=  7.7161E-01 (103, 14)   vdiff=  5.4274E-01 (120, 10)
n=  1120   udiff=  7.7034E-01 (103, 14)   vdiff=  5.4233E-01 (120, 10)
n=  1121   udiff=  7.6907E-01 (103, 14)   vdiff=  5.4192E-01 (120, 10)
n=  1122   udiff=  7.6780E-01 (103, 14)   vdiff=  5.4151E-01 (120, 10)
n=  1123   udiff=  7.6659E-01 (104, 14)   vdiff=  5.4110E-01 (120, 10)
n=  1124   udiff=  7.6538E-01 (104, 14)   vdiff=  5.4068E-01 (120, 10)
n=  1125   udiff=  7.6417E-01 (104, 14)   vdiff=  5.4025E-01 (120, 10)
n=  1126   udiff=  7.6296E-01 (104, 14)   vdiff=  5.3983E-01 (120, 10)
n=  1127   udiff=  7.6175E-01 (104, 14)   vdiff=  5.3940E-01 (120, 10)
n=  1128   udiff=  7.6054E-01 (104, 14)   vdiff=  5.3897E-01 (120, 10)
n=  1129   udiff=  7.5934E-01 (104, 14)   vdiff=  5.3854E-01 (120, 10)
n=  1130   udiff=  7.5813E-01 (104, 14)   vdiff=  5.3810E-01 (120, 10)
n=  1131   udiff=  7.5692E-01 (104, 14)   vdiff=  5.3766E-01 (120, 10)
n=  1132   udiff=  7.5571E-01 (104, 14)   vdiff=  5.3722E-01 (120, 10)
n=  1133   udiff=  7.5451E-01 (104, 14)   vdiff=  5.3678E-01 (120, 10)
n=  1134   udiff=  7.5330E-01 (104, 14)   vdiff=  5.3633E-01 (120, 10)
n=  1135   udiff=  7.5210E-01 (104, 14)   vdiff=  5.3588E-01 (120, 10)
n=  1136   udiff=  7.5089E-01 (104, 14)   vdiff=  5.3543E-01 (120, 10)
n=  1137   udiff=  7.4969E-01 (104, 14)   vdiff=  5.3497E-01 (120, 10)
n=  1138   udiff=  7.4848E-01 (104, 14)   vdiff=  5.3451E-01 (120, 10)
n=  1139   udiff=  7.4728E-01 (104, 14)   vdiff=  5.3405E-01 (120, 10)
n=  1140   udiff=  7.4607E-01 (104, 14)   vdiff=  5.3359E-01 (120, 10)
n=  1141   udiff=  7.4487E-01 (104, 14)   vdiff=  5.3313E-01 (120, 10)
n=  1142   udiff=  7.4367E-01 (104, 14)   vdiff=  5.3266E-01 (120, 10)
n=  1143   udiff=  7.4246E-01 (104, 14)   vdiff=  5.3219E-01 (120, 10)
n=  1144   udiff=  7.4126E-01 (104, 14)   vdiff=  5.3171E-01 (120, 10)
n=  1145   udiff=  7.4006E-01 (104, 14)   vdiff=  5.3124E-01 (120, 10)
n=  1146   udiff=  7.3886E-01 (104, 14)   vdiff=  5.3076E-01 (120, 10)
n=  1147   udiff=  7.3766E-01 (104, 14)   vdiff=  5.3028E-01 (120, 10)
n=  1148   udiff=  7.3646E-01 (104, 14)   vdiff=  5.2980E-01 (120, 10)
n=  1149   udiff=  7.3526E-01 (104, 14)   vdiff=  5.2931E-01 (120, 10)
n=  1150   udiff=  7.3406E-01 (104, 14)   vdiff=  5.2883E-01 (120, 10)
n=  1151   udiff=  7.3286E-01 (104, 14)   vdiff=  5.2834E-01 (120, 10)
n=  1152   udiff=  7.3166E-01 (104, 14)   vdiff=  5.2785E-01 (120, 10)
n=  1153   udiff=  7.3047E-01 (104, 14)   vdiff=  5.2735E-01 (120, 10)
n=  1154   udiff=  7.2927E-01 (104, 14)   vdiff=  5.2686E-01 (120, 10)
n=  1155   udiff=  7.2808E-01 (104, 14)   vdiff=  5.2636E-01 (120, 10)
n=  1156   udiff=  7.2688E-01 (104, 14)   vdiff=  5.2586E-01 (120, 10)
n=  1157   udiff=  7.2569E-01 (104, 14)   vdiff=  5.2536E-01 (120, 10)
n=  1158   udiff=  7.2449E-01 (104, 14)   vdiff=  5.2485E-01 (120, 10)
n=  1159   udiff=  7.2330E-01 (104, 14)   vdiff=  5.2435E-01 (120, 10)
n=  1160   udiff=  7.2211E-01 (104, 14)   vdiff=  5.2384E-01 (120, 10)
n=  1161   udiff=  7.2091E-01 (104, 14)   vdiff=  5.2333E-01 (120, 10)
n=  1162   udiff=  7.1972E-01 (104, 14)   vdiff=  5.2282E-01 (120, 10)
n=  1163   udiff=  7.1853E-01 (104, 14)   vdiff=  5.2230E-01 (120, 10)
n=  1164   udiff=  7.1734E-01 (104, 14)   vdiff=  5.2179E-01 (120, 10)
n=  1165   udiff=  7.1615E-01 (104, 14)   vdiff=  5.2127E-01 (120, 10)
n=  1166   udiff=  7.1497E-01 (104, 14)   vdiff=  5.2075E-01 (120, 10)
n=  1167   udiff=  7.1378E-01 (104, 14)   vdiff=  5.2023E-01 (120, 10)
n=  1168   udiff=  7.1259E-01 (104, 14)   vdiff=  5.1971E-01 (120, 10)
n=  1169   udiff=  7.1141E-01 (104, 14)   vdiff=  5.1918E-01 (120, 10)
n=  1170   udiff=  7.1022E-01 (104, 14)   vdiff=  5.1865E-01 (120, 10)
n=  1171   udiff=  7.0904E-01 (104, 14)   vdiff=  5.1813E-01 (120, 10)
n=  1172   udiff=  7.0785E-01 (104, 14)   vdiff=  5.1760E-01 (120, 10)
n=  1173   udiff=  7.0667E-01 (104, 14)   vdiff=  5.1706E-01 (120, 10)
n=  1174   udiff=  7.0549E-01 (104, 14)   vdiff=  5.1653E-01 (120, 10)
n=  1175   udiff=  7.0431E-01 (104, 14)   vdiff=  5.1599E-01 (120, 10)
n=  1176   udiff=  7.0313E-01 (104, 14)   vdiff=  5.1546E-01 (120, 10)
n=  1177   udiff=  7.0195E-01 (104, 14)   vdiff=  5.1492E-01 (120, 10)
n=  1178   udiff=  7.0077E-01 (104, 14)   vdiff=  5.1438E-01 (120, 10)
n=  1179   udiff=  6.9959E-01 (104, 14)   vdiff=  5.1384E-01 (120, 10)
n=  1180   udiff=  6.9841E-01 (104, 14)   vdiff=  5.1329E-01 (120, 10)
n=  1181   udiff=  6.9724E-01 (104, 14)   vdiff=  5.1275E-01 (120, 10)
n=  1182   udiff=  6.9606E-01 (104, 14)   vdiff=  5.1220E-01 (120, 10)
n=  1183   udiff=  6.9489E-01 (104, 14)   vdiff=  5.1165E-01 (120, 10)
n=  1184   udiff=  6.9371E-01 (104, 14)   vdiff=  5.1111E-01 (120, 10)
n=  1185   udiff=  6.9254E-01 (104, 14)   vdiff=  5.1055E-01 (120, 10)
n=  1186   udiff=  6.9137E-01 (104, 14)   vdiff=  5.1000E-01 (120, 10)
n=  1187   udiff=  6.9020E-01 (104, 14)   vdiff=  5.0945E-01 (120, 10)
n=  1188   udiff=  6.8903E-01 (104, 14)   vdiff=  5.0889E-01 (120, 10)
n=  1189   udiff=  6.8786E-01 (104, 14)   vdiff=  5.0834E-01 (120, 10)
n=  1190   udiff=  6.8669E-01 (104, 14)   vdiff=  5.0778E-01 (120, 10)
n=  1191   udiff=  6.8552E-01 (104, 14)   vdiff=  5.0722E-01 (120, 10)
n=  1192   udiff=  6.8435E-01 (104, 14)   vdiff=  5.0666E-01 (120, 10)
n=  1193   udiff=  6.8319E-01 (104, 14)   vdiff=  5.0610E-01 (120, 10)
n=  1194   udiff=  6.8202E-01 (104, 14)   vdiff=  5.0554E-01 (120, 10)
n=  1195   udiff=  6.8086E-01 (104, 14)   vdiff=  5.0497E-01 (120, 10)
n=  1196   udiff=  6.7970E-01 (104, 14)   vdiff=  5.0441E-01 (120, 10)
n=  1197   udiff=  6.7854E-01 (104, 14)   vdiff=  5.0384E-01 (120, 10)
n=  1198   udiff=  6.7738E-01 (104, 14)   vdiff=  5.0328E-01 (120, 10)
n=  1199   udiff=  6.7623E-01 (104, 14)   vdiff=  5.0271E-01 (120, 10)
n=  1200   udiff=  6.7508E-01 (104, 14)   vdiff=  5.0214E-01 (120, 10)
n=  1201   udiff=  6.7396E-01 (108, 13)   vdiff=  5.0157E-01 (120, 10)
n=  1202   udiff=  6.7291E-01 (108, 13)   vdiff=  5.0100E-01 (120, 10)
n=  1203   udiff=  6.7187E-01 (108, 13)   vdiff=  5.0042E-01 (120, 10)
n=  1204   udiff=  6.7083E-01 (108, 13)   vdiff=  4.9985E-01 (120, 10)
n=  1205   udiff=  6.6979E-01 (108, 13)   vdiff=  4.9927E-01 (120, 10)
n=  1206   udiff=  6.6875E-01 (108, 13)   vdiff=  4.9870E-01 (120, 10)
n=  1207   udiff=  6.6771E-01 (108, 13)   vdiff=  4.9812E-01 (120, 10)
n=  1208   udiff=  6.6668E-01 (108, 13)   vdiff=  4.9754E-01 (120, 10)
n=  1209   udiff=  6.6564E-01 (108, 13)   vdiff=  4.9696E-01 (120, 10)
n=  1210   udiff=  6.6460E-01 (108, 13)   vdiff=  4.9638E-01 (120, 10)
n=  1211   udiff=  6.6357E-01 (108, 13)   vdiff=  4.9580E-01 (120, 10)
n=  1212   udiff=  6.6253E-01 (108, 13)   vdiff=  4.9522E-01 (120, 10)
n=  1213   udiff=  6.6150E-01 (108, 13)   vdiff=  4.9464E-01 (120, 10)
n=  1214   udiff=  6.6047E-01 (108, 13)   vdiff=  4.9406E-01 (120, 10)
n=  1215   udiff=  6.5943E-01 (108, 13)   vdiff=  4.9347E-01 (120, 10)
n=  1216   udiff=  6.5840E-01 (108, 13)   vdiff=  4.9289E-01 (120, 10)
n=  1217   udiff=  6.5737E-01 (108, 13)   vdiff=  4.9230E-01 (120, 10)
n=  1218   udiff=  6.5634E-01 (108, 13)   vdiff=  4.9171E-01 (120, 10)
n=  1219   udiff=  6.5533E-01 (109, 13)   vdiff=  4.9113E-01 (120, 10)
n=  1220   udiff=  6.5433E-01 (109, 13)   vdiff=  4.9054E-01 (120, 10)
n=  1221   udiff=  6.5333E-01 (109, 13)   vdiff=  4.8995E-01 (120, 10)
n=  1222   udiff=  6.5234E-01 (109, 13)   vdiff=  4.8936E-01 (120, 10)
n=  1223   udiff=  6.5134E-01 (109, 13)   vdiff=  4.8877E-01 (120, 10)
n=  1224   udiff=  6.5034E-01 (109, 13)   vdiff=  4.8818E-01 (120, 10)
n=  1225   udiff=  6.4935E-01 (109, 13)   vdiff=  4.8758E-01 (120, 10)
n=  1226   udiff=  6.4835E-01 (109, 13)   vdiff=  4.8699E-01 (120, 10)
n=  1227   udiff=  6.4736E-01 (109, 13)   vdiff=  4.8640E-01 (120, 10)
n=  1228   udiff=  6.4636E-01 (109, 13)   vdiff=  4.8580E-01 (120, 10)
n=  1229   udiff=  6.4537E-01 (109, 13)   vdiff=  4.8521E-01 (120, 10)
n=  1230   udiff=  6.4438E-01 (109, 13)   vdiff=  4.8461E-01 (120, 10)
n=  1231   udiff=  6.4339E-01 (109, 13)   vdiff=  4.8402E-01 (120, 10)
n=  1232   udiff=  6.4240E-01 (109, 13)   vdiff=  4.8342E-01 (120, 10)
n=  1233   udiff=  6.4141E-01 (109, 13)   vdiff=  4.8282E-01 (120, 10)
n=  1234   udiff=  6.4042E-01 (109, 13)   vdiff=  4.8222E-01 (120, 10)
n=  1235   udiff=  6.3943E-01 (109, 13)   vdiff=  4.8163E-01 (120, 10)
n=  1236   udiff=  6.3844E-01 (109, 13)   vdiff=  4.8103E-01 (120, 10)
n=  1237   udiff=  6.3745E-01 (109, 13)   vdiff=  4.8043E-01 (120, 10)
n=  1238   udiff=  6.3647E-01 (109, 13)   vdiff=  4.7983E-01 (120, 10)
n=  1239   udiff=  6.3548E-01 (109, 13)   vdiff=  4.7923E-01 (120, 10)
n=  1240   udiff=  6.3450E-01 (109, 13)   vdiff=  4.7862E-01 (120, 10)
n=  1241   udiff=  6.3351E-01 (109, 13)   vdiff=  4.7802E-01 (120, 10)
n=  1242   udiff=  6.3253E-01 (109, 13)   vdiff=  4.7742E-01 (120, 10)
n=  1243   udiff=  6.3154E-01 (109, 13)   vdiff=  4.7682E-01 (120, 10)
n=  1244   udiff=  6.3056E-01 (109, 13)   vdiff=  4.7621E-01 (120, 10)
n=  1245   udiff=  6.2958E-01 (109, 13)   vdiff=  4.7561E-01 (120, 10)
n=  1246   udiff=  6.2860E-01 (109, 13)   vdiff=  4.7501E-01 (120, 10)
n=  1247   udiff=  6.2762E-01 (109, 13)   vdiff=  4.7440E-01 (120, 10)
n=  1248   udiff=  6.2664E-01 (109, 13)   vdiff=  4.7380E-01 (120, 10)
n=  1249   udiff=  6.2566E-01 (109, 13)   vdiff=  4.7319E-01 (120, 10)
n=  1250   udiff=  6.2469E-01 (109, 13)   vdiff=  4.7259E-01 (120, 10)
n=  1251   udiff=  6.2371E-01 (109, 13)   vdiff=  4.7198E-01 (120, 10)
n=  1252   udiff=  6.2273E-01 (109, 13)   vdiff=  4.7137E-01 (120, 10)
n=  1253   udiff=  6.2176E-01 (109, 13)   vdiff=  4.7077E-01 (120, 10)
n=  1254   udiff=  6.2079E-01 (109, 13)   vdiff=  4.7016E-01 (120, 10)
n=  1255   udiff=  6.1981E-01 (109, 13)   vdiff=  4.6955E-01 (120, 10)
n=  1256   udiff=  6.1884E-01 (109, 13)   vdiff=  4.6894E-01 (120, 10)
n=  1257   udiff=  6.1787E-01 (109, 13)   vdiff=  4.6833E-01 (120, 10)
n=  1258   udiff=  6.1690E-01 (109, 13)   vdiff=  4.6772E-01 (120, 10)
n=  1259   udiff=  6.1593E-01 (109, 13)   vdiff=  4.6712E-01 (120, 10)
n=  1260   udiff=  6.1496E-01 (109, 13)   vdiff=  4.6651E-01 (120, 10)
n=  1261   udiff=  6.1399E-01 (109, 13)   vdiff=  4.6590E-01 (120, 10)
n=  1262   udiff=  6.1302E-01 (109, 13)   vdiff=  4.6529E-01 (120, 10)
n=  1263   udiff=  6.1206E-01 (109, 13)   vdiff=  4.6468E-01 (120, 10)
n=  1264   udiff=  6.1109E-01 (109, 13)   vdiff=  4.6406E-01 (120, 10)
n=  1265   udiff=  6.1013E-01 (109, 13)   vdiff=  4.6345E-01 (120, 10)
n=  1266   udiff=  6.0916E-01 (109, 13)   vdiff=  4.6284E-01 (120, 10)
n=  1267   udiff=  6.0820E-01 (109, 13)   vdiff=  4.6223E-01 (120, 10)
n=  1268   udiff=  6.0724E-01 (109, 13)   vdiff=  4.6162E-01 (120, 10)
n=  1269   udiff=  6.0628E-01 (109, 13)   vdiff=  4.6101E-01 (120, 10)
n=  1270   udiff=  6.0532E-01 (109, 13)   vdiff=  4.6039E-01 (120, 10)
n=  1271   udiff=  6.0436E-01 (109, 13)   vdiff=  4.5978E-01 (120, 10)
n=  1272   udiff=  6.0340E-01 (109, 13)   vdiff=  4.5917E-01 (120, 10)
n=  1273   udiff=  6.0244E-01 (109, 13)   vdiff=  4.5856E-01 (120, 10)
n=  1274   udiff=  6.0149E-01 (109, 13)   vdiff=  4.5794E-01 (120, 10)
n=  1275   udiff=  6.0053E-01 (109, 13)   vdiff=  4.5733E-01 (120, 10)
n=  1276   udiff=  5.9958E-01 (109, 13)   vdiff=  4.5672E-01 (120, 10)
n=  1277   udiff=  5.9862E-01 (109, 13)   vdiff=  4.5610E-01 (120, 10)
n=  1278   udiff=  5.9767E-01 (109, 13)   vdiff=  4.5549E-01 (120, 10)
n=  1279   udiff=  5.9672E-01 (109, 13)   vdiff=  4.5487E-01 (120, 10)
n=  1280   udiff=  5.9577E-01 (109, 13)   vdiff=  4.5426E-01 (120, 10)
n=  1281   udiff=  5.9482E-01 (109, 13)   vdiff=  4.5365E-01 (120, 10)
n=  1282   udiff=  5.9387E-01 (109, 13)   vdiff=  4.5303E-01 (120, 10)
n=  1283   udiff=  5.9292E-01 (109, 13)   vdiff=  4.5242E-01 (120, 10)
n=  1284   udiff=  5.9197E-01 (109, 13)   vdiff=  4.5180E-01 (120, 10)
n=  1285   udiff=  5.9102E-01 (109, 13)   vdiff=  4.5119E-01 (120, 10)
n=  1286   udiff=  5.9008E-01 (109, 13)   vdiff=  4.5057E-01 (120, 10)
n=  1287   udiff=  5.8913E-01 (109, 13)   vdiff=  4.4996E-01 (120, 10)
n=  1288   udiff=  5.8819E-01 (109, 13)   vdiff=  4.4934E-01 (120, 10)
n=  1289   udiff=  5.8725E-01 (109, 13)   vdiff=  4.4872E-01 (120, 10)
n=  1290   udiff=  5.8631E-01 (109, 13)   vdiff=  4.4811E-01 (120, 10)
n=  1291   udiff=  5.8537E-01 (109, 13)   vdiff=  4.4749E-01 (120, 10)
n=  1292   udiff=  5.8443E-01 (109, 13)   vdiff=  4.4688E-01 (120, 10)
n=  1293   udiff=  5.8349E-01 (109, 13)   vdiff=  4.4626E-01 (120, 10)
n=  1294   udiff=  5.8255E-01 (109, 13)   vdiff=  4.4656E-01 ( 60, 16)
n=  1295   udiff=  5.8161E-01 (109, 13)   vdiff=  4.4689E-01 ( 60, 16)
n=  1296   udiff=  5.8068E-01 (109, 13)   vdiff=  4.4722E-01 ( 60, 16)
n=  1297   udiff=  5.7974E-01 (109, 13)   vdiff=  4.4755E-01 ( 60, 16)
n=  1298   udiff=  5.7881E-01 (109, 13)   vdiff=  4.4787E-01 ( 60, 16)
n=  1299   udiff=  5.7788E-01 (109, 13)   vdiff=  4.4818E-01 ( 60, 16)
n=  1300   udiff=  5.7694E-01 (109, 13)   vdiff=  4.4850E-01 ( 60, 16)
n=  1301   udiff=  5.7601E-01 (109, 13)   vdiff=  4.4881E-01 ( 60, 16)
n=  1302   udiff=  5.7508E-01 (109, 13)   vdiff=  4.4911E-01 ( 60, 16)
n=  1303   udiff=  5.7415E-01 (109, 13)   vdiff=  4.4941E-01 ( 60, 16)
n=  1304   udiff=  5.7323E-01 (109, 13)   vdiff=  4.4971E-01 ( 60, 16)
n=  1305   udiff=  5.7230E-01 (109, 13)   vdiff=  4.5000E-01 ( 60, 16)
n=  1306   udiff=  5.7137E-01 (109, 13)   vdiff=  4.5029E-01 ( 60, 16)
n=  1307   udiff=  5.7045E-01 (109, 13)   vdiff=  4.5057E-01 ( 60, 16)
n=  1308   udiff=  5.6953E-01 (109, 13)   vdiff=  4.5085E-01 ( 60, 16)
n=  1309   udiff=  5.6860E-01 (109, 13)   vdiff=  4.5113E-01 ( 60, 16)
n=  1310   udiff=  5.6768E-01 (109, 13)   vdiff=  4.5140E-01 ( 60, 16)
n=  1311   udiff=  5.6676E-01 (109, 13)   vdiff=  4.5167E-01 ( 60, 16)
n=  1312   udiff=  5.6584E-01 (109, 13)   vdiff=  4.5193E-01 ( 60, 16)
n=  1313   udiff=  5.6492E-01 (109, 13)   vdiff=  4.5219E-01 ( 60, 16)
n=  1314   udiff=  5.6400E-01 (109, 13)   vdiff=  4.5244E-01 ( 60, 16)
n=  1315   udiff=  5.6309E-01 (109, 13)   vdiff=  4.5269E-01 ( 60, 16)
n=  1316   udiff=  5.6217E-01 (109, 13)   vdiff=  4.5294E-01 ( 60, 16)
n=  1317   udiff=  5.6126E-01 (109, 13)   vdiff=  4.5318E-01 ( 60, 16)
n=  1318   udiff=  5.6034E-01 (109, 13)   vdiff=  4.5342E-01 ( 60, 16)
n=  1319   udiff=  5.5943E-01 (109, 13)   vdiff=  4.5365E-01 ( 60, 16)
n=  1320   udiff=  5.5852E-01 (109, 13)   vdiff=  4.5388E-01 ( 60, 16)
n=  1321   udiff=  5.5761E-01 (109, 13)   vdiff=  4.5411E-01 ( 60, 16)
n=  1322   udiff=  5.5670E-01 (109, 13)   vdiff=  4.5433E-01 ( 60, 16)
n=  1323   udiff=  5.5579E-01 (109, 13)   vdiff=  4.5454E-01 ( 60, 16)
n=  1324   udiff=  5.5488E-01 (109, 13)   vdiff=  4.5476E-01 ( 60, 16)
n=  1325   udiff=  5.5397E-01 (109, 13)   vdiff=  4.5496E-01 ( 60, 16)
n=  1326   udiff=  5.5307E-01 (109, 13)   vdiff=  4.5517E-01 ( 60, 16)
n=  1327   udiff=  5.5216E-01 (109, 13)   vdiff=  4.5537E-01 ( 60, 16)
n=  1328   udiff=  5.5126E-01 (109, 13)   vdiff=  4.5556E-01 ( 60, 16)
n=  1329   udiff=  5.5036E-01 (109, 13)   vdiff=  4.5575E-01 ( 60, 16)
n=  1330   udiff=  5.4945E-01 (109, 13)   vdiff=  4.5594E-01 ( 60, 16)
n=  1331   udiff=  5.4855E-01 (109, 13)   vdiff=  4.5612E-01 ( 60, 16)
n=  1332   udiff=  5.4765E-01 (109, 13)   vdiff=  4.5630E-01 ( 60, 16)
n=  1333   udiff=  5.4676E-01 (109, 13)   vdiff=  4.5647E-01 ( 60, 16)
n=  1334   udiff=  5.4586E-01 (109, 13)   vdiff=  4.5664E-01 ( 60, 16)
n=  1335   udiff=  5.4496E-01 (109, 13)   vdiff=  4.5681E-01 ( 60, 16)
n=  1336   udiff=  5.4407E-01 (109, 13)   vdiff=  4.5697E-01 ( 60, 16)
n=  1337   udiff=  5.4317E-01 (109, 13)   vdiff=  4.5712E-01 ( 60, 16)
n=  1338   udiff=  5.4228E-01 (109, 13)   vdiff=  4.5728E-01 ( 60, 16)
n=  1339   udiff=  5.4138E-01 (109, 13)   vdiff=  4.5742E-01 ( 60, 16)
n=  1340   udiff=  5.4049E-01 (109, 13)   vdiff=  4.5757E-01 ( 60, 16)
n=  1341   udiff=  5.3960E-01 (109, 13)   vdiff=  4.5771E-01 ( 60, 16)
n=  1342   udiff=  5.3871E-01 (109, 13)   vdiff=  4.5784E-01 ( 60, 16)
n=  1343   udiff=  5.3782E-01 (109, 13)   vdiff=  4.5797E-01 ( 60, 16)
n=  1344   udiff=  5.3694E-01 (109, 13)   vdiff=  4.5810E-01 ( 60, 16)
n=  1345   udiff=  5.3605E-01 (109, 13)   vdiff=  4.5822E-01 ( 60, 16)
n=  1346   udiff=  5.3516E-01 (109, 13)   vdiff=  4.5834E-01 ( 60, 16)
n=  1347   udiff=  5.3428E-01 (109, 13)   vdiff=  4.5845E-01 ( 60, 16)
n=  1348   udiff=  5.3340E-01 (109, 13)   vdiff=  4.5856E-01 ( 60, 16)
n=  1349   udiff=  5.3251E-01 (109, 13)   vdiff=  4.5867E-01 ( 60, 16)
n=  1350   udiff=  5.3163E-01 (109, 13)   vdiff=  4.5877E-01 ( 60, 16)
n=  1351   udiff=  5.3075E-01 (109, 13)   vdiff=  4.5887E-01 ( 60, 16)
n=  1352   udiff=  5.2987E-01 (109, 13)   vdiff=  4.5896E-01 ( 60, 16)
n=  1353   udiff=  5.2899E-01 (109, 13)   vdiff=  4.5905E-01 ( 60, 16)
n=  1354   udiff=  5.2812E-01 (109, 13)   vdiff=  4.5913E-01 ( 60, 16)
n=  1355   udiff=  5.2724E-01 (109, 13)   vdiff=  4.5921E-01 ( 60, 16)
n=  1356   udiff=  5.2636E-01 (109, 13)   vdiff=  4.5929E-01 ( 60, 16)
n=  1357   udiff=  5.2549E-01 (109, 13)   vdiff=  4.5936E-01 ( 60, 16)
n=  1358   udiff=  5.2462E-01 (109, 13)   vdiff=  4.5942E-01 ( 60, 16)
n=  1359   udiff=  5.2374E-01 (109, 13)   vdiff=  4.5949E-01 ( 60, 16)
n=  1360   udiff=  5.2287E-01 (109, 13)   vdiff=  4.5955E-01 ( 60, 16)
n=  1361   udiff=  5.2200E-01 (109, 13)   vdiff=  4.5960E-01 ( 60, 16)
n=  1362   udiff=  5.2113E-01 (109, 13)   vdiff=  4.5965E-01 ( 60, 16)
n=  1363   udiff=  5.2026E-01 (109, 13)   vdiff=  4.5970E-01 ( 60, 16)
n=  1364   udiff=  5.1941E-01 (110, 13)   vdiff=  4.5974E-01 ( 60, 16)
n=  1365   udiff=  5.1856E-01 (110, 13)   vdiff=  4.5978E-01 ( 60, 16)
n=  1366   udiff=  5.1771E-01 (110, 13)   vdiff=  4.5981E-01 ( 60, 16)
n=  1367   udiff=  5.1686E-01 (110, 13)   vdiff=  4.5984E-01 ( 60, 16)
n=  1368   udiff=  5.1602E-01 (110, 13)   vdiff=  4.5986E-01 ( 60, 16)
n=  1369   udiff=  5.1517E-01 (110, 13)   vdiff=  4.5988E-01 ( 60, 16)
n=  1370   udiff=  5.1433E-01 (110, 13)   vdiff=  4.5990E-01 ( 60, 16)
n=  1371   udiff=  5.1348E-01 (110, 13)   vdiff=  4.5991E-01 ( 60, 16)
n=  1372   udiff=  5.1264E-01 (110, 13)   vdiff=  4.5992E-01 ( 60, 16)
n=  1373   udiff=  5.1180E-01 (110, 13)   vdiff=  4.5993E-01 ( 60, 16)
n=  1374   udiff=  5.1096E-01 (110, 13)   vdiff=  4.5993E-01 ( 60, 16)
n=  1375   udiff=  5.1012E-01 (110, 13)   vdiff=  4.5992E-01 ( 60, 16)
n=  1376   udiff=  5.0928E-01 (110, 13)   vdiff=  4.5991E-01 ( 60, 16)
n=  1377   udiff=  5.0844E-01 (110, 13)   vdiff=  4.5990E-01 ( 60, 16)
n=  1378   udiff=  5.0761E-01 (110, 13)   vdiff=  4.5989E-01 ( 60, 16)
n=  1379   udiff=  5.0677E-01 (110, 13)   vdiff=  4.5987E-01 ( 60, 16)
n=  1380   udiff=  5.0594E-01 (110, 13)   vdiff=  4.5984E-01 ( 60, 16)
n=  1381   udiff=  5.0510E-01 (110, 13)   vdiff=  4.5981E-01 ( 60, 16)
n=  1382   udiff=  5.0427E-01 (110, 13)   vdiff=  4.5978E-01 ( 60, 16)
n=  1383   udiff=  5.0344E-01 (110, 13)   vdiff=  4.5974E-01 ( 60, 16)
n=  1384   udiff=  5.0261E-01 (110, 13)   vdiff=  4.5970E-01 ( 60, 16)
n=  1385   udiff=  5.0178E-01 (110, 13)   vdiff=  4.5966E-01 ( 60, 16)
n=  1386   udiff=  5.0095E-01 (110, 13)   vdiff=  4.5961E-01 ( 60, 16)
n=  1387   udiff=  5.0012E-01 (110, 13)   vdiff=  4.5956E-01 ( 60, 16)
n=  1388   udiff=  4.9930E-01 (110, 13)   vdiff=  4.5950E-01 ( 60, 16)
n=  1389   udiff=  4.9847E-01 (110, 13)   vdiff=  4.5944E-01 ( 60, 16)
n=  1390   udiff=  4.9765E-01 (110, 13)   vdiff=  4.5938E-01 ( 60, 16)
n=  1391   udiff=  4.9683E-01 (110, 13)   vdiff=  4.5931E-01 ( 60, 16)
n=  1392   udiff=  4.9601E-01 (110, 13)   vdiff=  4.5924E-01 ( 60, 16)
n=  1393   udiff=  4.9519E-01 (110, 13)   vdiff=  4.5916E-01 ( 60, 16)
n=  1394   udiff=  4.9437E-01 (110, 13)   vdiff=  4.5908E-01 ( 60, 16)
n=  1395   udiff=  4.9355E-01 (110, 13)   vdiff=  4.5899E-01 ( 60, 16)
n=  1396   udiff=  4.9273E-01 (110, 13)   vdiff=  4.5891E-01 ( 60, 16)
n=  1397   udiff=  4.9191E-01 (110, 13)   vdiff=  4.5881E-01 ( 60, 16)
n=  1398   udiff=  4.9110E-01 (110, 13)   vdiff=  4.5872E-01 ( 60, 16)
n=  1399   udiff=  4.9029E-01 (110, 13)   vdiff=  4.5862E-01 ( 60, 16)
n=  1400   udiff=  4.8947E-01 (110, 13)   vdiff=  4.5851E-01 ( 60, 16)
n=  1401   udiff=  4.8866E-01 (110, 13)   vdiff=  4.5841E-01 ( 60, 16)
n=  1402   udiff=  4.8785E-01 (110, 13)   vdiff=  4.5830E-01 ( 60, 16)
n=  1403   udiff=  4.8704E-01 (110, 13)   vdiff=  4.5818E-01 ( 60, 16)
n=  1404   udiff=  4.8623E-01 (110, 13)   vdiff=  4.5806E-01 ( 60, 16)
n=  1405   udiff=  4.8543E-01 (110, 13)   vdiff=  4.5794E-01 ( 60, 16)
n=  1406   udiff=  4.8462E-01 (110, 13)   vdiff=  4.5781E-01 ( 60, 16)
n=  1407   udiff=  4.8382E-01 (110, 13)   vdiff=  4.5768E-01 ( 60, 16)
n=  1408   udiff=  4.8301E-01 (110, 13)   vdiff=  4.5755E-01 ( 60, 16)
n=  1409   udiff=  4.8221E-01 (110, 13)   vdiff=  4.5741E-01 ( 60, 16)
n=  1410   udiff=  4.8141E-01 (110, 13)   vdiff=  4.5727E-01 ( 60, 16)
n=  1411   udiff=  4.8061E-01 (110, 13)   vdiff=  4.5712E-01 ( 60, 16)
n=  1412   udiff=  4.7981E-01 (110, 13)   vdiff=  4.5697E-01 ( 60, 16)
n=  1413   udiff=  4.7901E-01 (110, 13)   vdiff=  4.5682E-01 ( 60, 16)
n=  1414   udiff=  4.7821E-01 (110, 13)   vdiff=  4.5666E-01 ( 60, 16)
n=  1415   udiff=  4.7741E-01 (110, 13)   vdiff=  4.5650E-01 ( 60, 16)
n=  1416   udiff=  4.7662E-01 (110, 13)   vdiff=  4.5634E-01 ( 60, 16)
n=  1417   udiff=  4.7582E-01 (110, 13)   vdiff=  4.5617E-01 ( 60, 16)
n=  1418   udiff=  4.7503E-01 (110, 13)   vdiff=  4.5600E-01 ( 60, 16)
n=  1419   udiff=  4.7423E-01 (110, 13)   vdiff=  4.5583E-01 ( 60, 16)
n=  1420   udiff=  4.7344E-01 (110, 13)   vdiff=  4.5565E-01 ( 60, 16)
n=  1421   udiff=  4.7265E-01 (110, 13)   vdiff=  4.5547E-01 ( 60, 16)
n=  1422   udiff=  4.7186E-01 (110, 13)   vdiff=  4.5528E-01 ( 60, 16)
n=  1423   udiff=  4.7107E-01 (110, 13)   vdiff=  4.5510E-01 ( 60, 16)
n=  1424   udiff=  4.7028E-01 (110, 13)   vdiff=  4.5490E-01 ( 60, 16)
n=  1425   udiff=  4.6950E-01 (110, 13)   vdiff=  4.5471E-01 ( 60, 16)
n=  1426   udiff=  4.6871E-01 (110, 13)   vdiff=  4.5451E-01 ( 60, 16)
n=  1427   udiff=  4.6792E-01 (110, 13)   vdiff=  4.5431E-01 ( 60, 16)
n=  1428   udiff=  4.6714E-01 (110, 13)   vdiff=  4.5410E-01 ( 60, 16)
n=  1429   udiff=  4.6636E-01 (110, 13)   vdiff=  4.5389E-01 ( 60, 16)
n=  1430   udiff=  4.6557E-01 (110, 13)   vdiff=  4.5368E-01 ( 60, 16)
n=  1431   udiff=  4.6479E-01 (110, 13)   vdiff=  4.5346E-01 ( 60, 16)
n=  1432   udiff=  4.6401E-01 (110, 13)   vdiff=  4.5324E-01 ( 60, 16)
n=  1433   udiff=  4.6323E-01 (110, 13)   vdiff=  4.5302E-01 ( 60, 16)
n=  1434   udiff=  4.6245E-01 (110, 13)   vdiff=  4.5279E-01 ( 60, 16)
n=  1435   udiff=  4.6167E-01 (110, 13)   vdiff=  4.5256E-01 ( 60, 16)
n=  1436   udiff=  4.6089E-01 (110, 13)   vdiff=  4.5233E-01 ( 60, 16)
n=  1437   udiff=  4.6012E-01 (110, 13)   vdiff=  4.5209E-01 ( 60, 16)
n=  1438   udiff=  4.5934E-01 (110, 13)   vdiff=  4.5185E-01 ( 60, 16)
n=  1439   udiff=  4.5856E-01 (110, 13)   vdiff=  4.5161E-01 ( 60, 16)
n=  1440   udiff=  4.5779E-01 (110, 13)   vdiff=  4.5137E-01 ( 60, 16)
n=  1441   udiff=  4.5702E-01 (110, 13)   vdiff=  4.5112E-01 ( 60, 16)
n=  1442   udiff=  4.5624E-01 (110, 13)   vdiff=  4.5086E-01 ( 60, 16)
n=  1443   udiff=  4.5547E-01 (110, 13)   vdiff=  4.5061E-01 ( 60, 16)
n=  1444   udiff=  4.5470E-01 (110, 13)   vdiff=  4.5035E-01 ( 60, 16)
n=  1445   udiff=  4.5393E-01 (110, 13)   vdiff=  4.5009E-01 ( 60, 16)
n=  1446   udiff=  4.5316E-01 (110, 13)   vdiff=  4.4982E-01 ( 60, 16)
n=  1447   udiff=  4.5239E-01 (110, 13)   vdiff=  4.4955E-01 ( 60, 16)
n=  1448   udiff=  4.5162E-01 (110, 13)   vdiff=  4.4928E-01 ( 60, 16)
n=  1449   udiff=  4.5085E-01 (110, 13)   vdiff=  4.4901E-01 ( 60, 16)
n=  1450   udiff=  4.5008E-01 (110, 13)   vdiff=  4.4873E-01 ( 60, 16)
n=  1451   udiff=  4.4932E-01 (110, 13)   vdiff=  4.4845E-01 ( 60, 16)
n=  1452   udiff=  4.4855E-01 (110, 13)   vdiff=  4.4816E-01 ( 60, 16)
n=  1453   udiff=  4.4778E-01 (110, 13)   vdiff=  4.4788E-01 ( 60, 16)
n=  1454   udiff=  4.4702E-01 (110, 13)   vdiff=  4.4759E-01 ( 60, 16)
n=  1455   udiff=  4.4626E-01 (110, 13)   vdiff=  4.4729E-01 ( 60, 16)
n=  1456   udiff=  4.4549E-01 (110, 13)   vdiff=  4.4700E-01 ( 60, 16)
n=  1457   udiff=  4.4473E-01 (110, 13)   vdiff=  4.4670E-01 ( 60, 16)
n=  1458   udiff=  4.4397E-01 (110, 13)   vdiff=  4.4640E-01 ( 60, 16)
n=  1459   udiff=  4.4321E-01 (110, 13)   vdiff=  4.4609E-01 ( 60, 16)
n=  1460   udiff=  4.4245E-01 (110, 13)   vdiff=  4.4578E-01 ( 60, 16)
n=  1461   udiff=  4.4169E-01 (110, 13)   vdiff=  4.4547E-01 ( 60, 16)
n=  1462   udiff=  4.4093E-01 (110, 13)   vdiff=  4.4516E-01 ( 60, 16)
n=  1463   udiff=  4.4017E-01 (110, 13)   vdiff=  4.4484E-01 ( 60, 16)
n=  1464   udiff=  4.3942E-01 (110, 13)   vdiff=  4.4452E-01 ( 60, 16)
n=  1465   udiff=  4.3866E-01 (110, 13)   vdiff=  4.4420E-01 ( 60, 16)
n=  1466   udiff=  4.3790E-01 (110, 13)   vdiff=  4.4387E-01 ( 60, 16)
n=  1467   udiff=  4.3715E-01 (110, 13)   vdiff=  4.4355E-01 ( 60, 16)
n=  1468   udiff=  4.3639E-01 (110, 13)   vdiff=  4.4322E-01 ( 60, 16)
n=  1469   udiff=  4.3564E-01 (110, 13)   vdiff=  4.4288E-01 ( 60, 16)
n=  1470   udiff=  4.3489E-01 (110, 13)   vdiff=  4.4255E-01 ( 60, 16)
n=  1471   udiff=  4.3414E-01 (110, 13)   vdiff=  4.4221E-01 ( 60, 16)
n=  1472   udiff=  4.3339E-01 (110, 13)   vdiff=  4.4187E-01 ( 60, 16)
n=  1473   udiff=  4.3263E-01 (110, 13)   vdiff=  4.4152E-01 ( 60, 16)
n=  1474   udiff=  4.3189E-01 (110, 13)   vdiff=  4.4118E-01 ( 60, 16)
n=  1475   udiff=  4.3114E-01 (110, 13)   vdiff=  4.4083E-01 ( 60, 16)
n=  1476   udiff=  4.3039E-01 (110, 13)   vdiff=  4.4047E-01 ( 60, 16)
n=  1477   udiff=  4.2964E-01 (110, 13)   vdiff=  4.4012E-01 ( 60, 16)
n=  1478   udiff=  4.2889E-01 (110, 13)   vdiff=  4.3976E-01 ( 60, 16)
n=  1479   udiff=  4.2815E-01 (110, 13)   vdiff=  4.3940E-01 ( 60, 16)
n=  1480   udiff=  4.2740E-01 (110, 13)   vdiff=  4.3904E-01 ( 60, 16)
n=  1481   udiff=  4.2666E-01 (110, 13)   vdiff=  4.3867E-01 ( 60, 16)
n=  1482   udiff=  4.2591E-01 (110, 13)   vdiff=  4.3831E-01 ( 60, 16)
n=  1483   udiff=  4.2517E-01 (110, 13)   vdiff=  4.3794E-01 ( 60, 16)
n=  1484   udiff=  4.2443E-01 (110, 13)   vdiff=  4.3756E-01 ( 60, 16)
n=  1485   udiff=  4.2369E-01 (110, 13)   vdiff=  4.3719E-01 ( 60, 16)
n=  1486   udiff=  4.2294E-01 (110, 13)   vdiff=  4.3681E-01 ( 60, 16)
n=  1487   udiff=  4.2220E-01 (110, 13)   vdiff=  4.3643E-01 ( 60, 16)
n=  1488   udiff=  4.2146E-01 (110, 13)   vdiff=  4.3605E-01 ( 60, 16)
n=  1489   udiff=  4.2073E-01 (110, 13)   vdiff=  4.3566E-01 ( 60, 16)
n=  1490   udiff=  4.1999E-01 (110, 13)   vdiff=  4.3528E-01 ( 60, 16)
n=  1491   udiff=  4.1925E-01 (110, 13)   vdiff=  4.3489E-01 ( 60, 16)
n=  1492   udiff=  4.1851E-01 (110, 13)   vdiff=  4.3450E-01 ( 60, 16)
n=  1493   udiff=  4.1778E-01 (110, 13)   vdiff=  4.3410E-01 ( 60, 16)
n=  1494   udiff=  4.1704E-01 (110, 13)   vdiff=  4.3371E-01 ( 60, 16)
n=  1495   udiff=  4.1631E-01 (110, 13)   vdiff=  4.3331E-01 ( 60, 16)
n=  1496   udiff=  4.1557E-01 (110, 13)   vdiff=  4.3291E-01 ( 60, 16)
n=  1497   udiff=  4.1484E-01 (110, 13)   vdiff=  4.3250E-01 ( 60, 16)
n=  1498   udiff=  4.1411E-01 (110, 13)   vdiff=  4.3210E-01 ( 60, 16)
n=  1499   udiff=  4.1338E-01 (110, 13)   vdiff=  4.3169E-01 ( 60, 16)
n=  1500   udiff=  4.1264E-01 (110, 13)   vdiff=  4.3128E-01 ( 60, 16)
n=  1501   udiff=  4.1191E-01 (110, 13)   vdiff=  4.3087E-01 ( 60, 16)
n=  1502   udiff=  4.1118E-01 (110, 13)   vdiff=  4.3045E-01 ( 60, 16)
n=  1503   udiff=  4.1046E-01 (110, 13)   vdiff=  4.3004E-01 ( 60, 16)
n=  1504   udiff=  4.0973E-01 (110, 13)   vdiff=  4.2962E-01 ( 60, 16)
n=  1505   udiff=  4.0900E-01 (110, 13)   vdiff=  4.2920E-01 ( 60, 16)
n=  1506   udiff=  4.0827E-01 (110, 13)   vdiff=  4.2878E-01 ( 60, 16)
n=  1507   udiff=  4.0755E-01 (110, 13)   vdiff=  4.2835E-01 ( 60, 16)
n=  1508   udiff=  4.0682E-01 (110, 13)   vdiff=  4.2793E-01 ( 60, 16)
n=  1509   udiff=  4.0609E-01 (110, 13)   vdiff=  4.2750E-01 ( 60, 16)
n=  1510   udiff=  4.0537E-01 (110, 13)   vdiff=  4.2707E-01 ( 60, 16)
n=  1511   udiff=  4.0465E-01 (110, 13)   vdiff=  4.2663E-01 ( 60, 16)
n=  1512   udiff=  4.0392E-01 (110, 13)   vdiff=  4.2620E-01 ( 60, 16)
n=  1513   udiff=  4.0320E-01 (110, 13)   vdiff=  4.2576E-01 ( 60, 16)
n=  1514   udiff=  4.0248E-01 (110, 13)   vdiff=  4.2532E-01 ( 60, 16)
n=  1515   udiff=  4.0176E-01 (110, 13)   vdiff=  4.2488E-01 ( 60, 16)
n=  1516   udiff=  4.0104E-01 (110, 13)   vdiff=  4.2444E-01 ( 60, 16)
n=  1517   udiff=  4.0032E-01 (110, 13)   vdiff=  4.2400E-01 ( 60, 16)
n=  1518   udiff=  3.9960E-01 (110, 13)   vdiff=  4.2355E-01 ( 60, 16)
n=  1519   udiff=  3.9888E-01 (110, 13)   vdiff=  4.2310E-01 ( 60, 16)
n=  1520   udiff=  3.9816E-01 (110, 13)   vdiff=  4.2265E-01 ( 60, 16)
n=  1521   udiff=  3.9745E-01 (110, 13)   vdiff=  4.2220E-01 ( 60, 16)
n=  1522   udiff=  3.9673E-01 (110, 13)   vdiff=  4.2175E-01 ( 60, 16)
n=  1523   udiff=  3.9601E-01 (110, 13)   vdiff=  4.2129E-01 ( 60, 16)
n=  1524   udiff=  3.9530E-01 (110, 13)   vdiff=  4.2084E-01 ( 60, 16)
n=  1525   udiff=  3.9459E-01 (110, 13)   vdiff=  4.2038E-01 ( 60, 16)
n=  1526   udiff=  3.9387E-01 (110, 13)   vdiff=  4.1992E-01 ( 60, 16)
n=  1527   udiff=  3.9316E-01 (110, 13)   vdiff=  4.1945E-01 ( 60, 16)
n=  1528   udiff=  3.9245E-01 (110, 13)   vdiff=  4.1899E-01 ( 60, 16)
n=  1529   udiff=  3.9174E-01 (110, 13)   vdiff=  4.1852E-01 ( 60, 16)
n=  1530   udiff=  3.9102E-01 (110, 13)   vdiff=  4.1806E-01 ( 60, 16)
n=  1531   udiff=  3.9031E-01 (110, 13)   vdiff=  4.1759E-01 ( 60, 16)
n=  1532   udiff=  3.8961E-01 (110, 13)   vdiff=  4.1712E-01 ( 60, 16)
n=  1533   udiff=  3.8890E-01 (110, 13)   vdiff=  4.1665E-01 ( 60, 16)
n=  1534   udiff=  3.8819E-01 (110, 13)   vdiff=  4.1617E-01 ( 60, 16)
n=  1535   udiff=  3.8748E-01 (110, 13)   vdiff=  4.1570E-01 ( 60, 16)
n=  1536   udiff=  3.8677E-01 (110, 13)   vdiff=  4.1522E-01 ( 60, 16)
n=  1537   udiff=  3.8607E-01 (110, 13)   vdiff=  4.1474E-01 ( 60, 16)
n=  1538   udiff=  3.8536E-01 (110, 13)   vdiff=  4.1426E-01 ( 60, 16)
n=  1539   udiff=  3.8466E-01 (110, 13)   vdiff=  4.1378E-01 ( 60, 16)
n=  1540   udiff=  3.8396E-01 (110, 13)   vdiff=  4.1330E-01 ( 60, 16)
n=  1541   udiff=  3.8326E-01 (111, 13)   vdiff=  4.1281E-01 ( 60, 16)
n=  1542   udiff=  3.8258E-01 (111, 13)   vdiff=  4.1233E-01 ( 60, 16)
n=  1543   udiff=  3.8189E-01 (111, 13)   vdiff=  4.1184E-01 ( 60, 16)
n=  1544   udiff=  3.8121E-01 (111, 13)   vdiff=  4.1135E-01 ( 60, 16)
n=  1545   udiff=  3.8052E-01 (111, 13)   vdiff=  4.1086E-01 ( 60, 16)
n=  1546   udiff=  3.7984E-01 (111, 13)   vdiff=  4.1037E-01 ( 60, 16)
n=  1547   udiff=  3.7916E-01 (111, 13)   vdiff=  4.0988E-01 ( 60, 16)
n=  1548   udiff=  3.7848E-01 (111, 13)   vdiff=  4.0939E-01 ( 60, 16)
n=  1549   udiff=  3.7780E-01 (111, 13)   vdiff=  4.0889E-01 ( 60, 16)
n=  1550   udiff=  3.7712E-01 (111, 13)   vdiff=  4.0839E-01 ( 60, 16)
n=  1551   udiff=  3.7644E-01 (111, 13)   vdiff=  4.0790E-01 ( 60, 16)
n=  1552   udiff=  3.7576E-01 (111, 13)   vdiff=  4.0740E-01 ( 60, 16)
n=  1553   udiff=  3.7508E-01 (111, 13)   vdiff=  4.0689E-01 ( 60, 16)
n=  1554   udiff=  3.7441E-01 (111, 13)   vdiff=  4.0639E-01 ( 60, 16)
n=  1555   udiff=  3.7373E-01 (111, 13)   vdiff=  4.0589E-01 ( 60, 16)
n=  1556   udiff=  3.7305E-01 (111, 13)   vdiff=  4.0539E-01 ( 60, 16)
n=  1557   udiff=  3.7238E-01 (111, 13)   vdiff=  4.0488E-01 ( 60, 16)
n=  1558   udiff=  3.7170E-01 (111, 13)   vdiff=  4.0437E-01 ( 60, 16)
n=  1559   udiff=  3.7103E-01 (111, 13)   vdiff=  4.0387E-01 ( 60, 16)
n=  1560   udiff=  3.7036E-01 (111, 13)   vdiff=  4.0336E-01 ( 60, 16)
n=  1561   udiff=  3.6968E-01 (111, 13)   vdiff=  4.0285E-01 ( 60, 16)
n=  1562   udiff=  3.6901E-01 (111, 13)   vdiff=  4.0233E-01 ( 60, 16)
n=  1563   udiff=  3.6834E-01 (111, 13)   vdiff=  4.0182E-01 ( 60, 16)
n=  1564   udiff=  3.6767E-01 (111, 13)   vdiff=  4.0131E-01 ( 60, 16)
n=  1565   udiff=  3.6700E-01 (111, 13)   vdiff=  4.0079E-01 ( 60, 16)
n=  1566   udiff=  3.6633E-01 (111, 13)   vdiff=  4.0028E-01 ( 60, 16)
n=  1567   udiff=  3.6566E-01 (111, 13)   vdiff=  3.9976E-01 ( 60, 16)
n=  1568   udiff=  3.6500E-01 (111, 13)   vdiff=  3.9924E-01 ( 60, 16)
n=  1569   udiff=  3.6433E-01 (111, 13)   vdiff=  3.9872E-01 ( 60, 16)
n=  1570   udiff=  3.6366E-01 (111, 13)   vdiff=  3.9820E-01 ( 60, 16)
n=  1571   udiff=  3.6300E-01 (111, 13)   vdiff=  3.9768E-01 ( 60, 16)
n=  1572   udiff=  3.6233E-01 (111, 13)   vdiff=  3.9716E-01 ( 60, 16)
n=  1573   udiff=  3.6167E-01 (111, 13)   vdiff=  3.9664E-01 ( 60, 16)
n=  1574   udiff=  3.6100E-01 (111, 13)   vdiff=  3.9611E-01 ( 60, 16)
n=  1575   udiff=  3.6034E-01 (111, 13)   vdiff=  3.9559E-01 ( 60, 16)
n=  1576   udiff=  3.5968E-01 (111, 13)   vdiff=  3.9506E-01 ( 60, 16)
n=  1577   udiff=  3.5902E-01 (111, 13)   vdiff=  3.9454E-01 ( 60, 16)
n=  1578   udiff=  3.5835E-01 (111, 13)   vdiff=  3.9401E-01 ( 60, 16)
n=  1579   udiff=  3.5769E-01 (111, 13)   vdiff=  3.9348E-01 ( 60, 16)
n=  1580   udiff=  3.5703E-01 (111, 13)   vdiff=  3.9295E-01 ( 60, 16)
n=  1581   udiff=  3.5637E-01 (111, 13)   vdiff=  3.9242E-01 ( 60, 16)
n=  1582   udiff=  3.5572E-01 (111, 13)   vdiff=  3.9189E-01 ( 60, 16)
n=  1583   udiff=  3.5506E-01 (111, 13)   vdiff=  3.9136E-01 ( 60, 16)
n=  1584   udiff=  3.5440E-01 (111, 13)   vdiff=  3.9083E-01 ( 60, 16)
n=  1585   udiff=  3.5374E-01 (111, 13)   vdiff=  3.9029E-01 ( 60, 16)
n=  1586   udiff=  3.5309E-01 (111, 13)   vdiff=  3.8976E-01 ( 60, 16)
n=  1587   udiff=  3.5243E-01 (111, 13)   vdiff=  3.8922E-01 ( 60, 16)
n=  1588   udiff=  3.5178E-01 (111, 13)   vdiff=  3.8869E-01 ( 60, 16)
n=  1589   udiff=  3.5113E-01 (111, 13)   vdiff=  3.8815E-01 ( 60, 16)
n=  1590   udiff=  3.5047E-01 (111, 13)   vdiff=  3.8761E-01 ( 60, 16)
n=  1591   udiff=  3.4982E-01 (111, 13)   vdiff=  3.8707E-01 ( 60, 16)
n=  1592   udiff=  3.4917E-01 (111, 13)   vdiff=  3.8654E-01 ( 60, 16)
n=  1593   udiff=  3.4852E-01 (111, 13)   vdiff=  3.8600E-01 ( 60, 16)
n=  1594   udiff=  3.4787E-01 (111, 13)   vdiff=  3.8546E-01 ( 60, 16)
n=  1595   udiff=  3.4722E-01 (111, 13)   vdiff=  3.8492E-01 ( 60, 16)
n=  1596   udiff=  3.4657E-01 (111, 13)   vdiff=  3.8437E-01 ( 60, 16)
n=  1597   udiff=  3.4592E-01 (111, 13)   vdiff=  3.8383E-01 ( 60, 16)
n=  1598   udiff=  3.4527E-01 (111, 13)   vdiff=  3.8329E-01 ( 60, 16)
n=  1599   udiff=  3.4462E-01 (111, 13)   vdiff=  3.8275E-01 ( 60, 16)
n=  1600   udiff=  3.4398E-01 (111, 13)   vdiff=  3.8220E-01 ( 60, 16)
n=  1601   udiff=  3.4333E-01 (111, 13)   vdiff=  3.8166E-01 ( 60, 16)
n=  1602   udiff=  3.4269E-01 (111, 13)   vdiff=  3.8111E-01 ( 60, 16)
n=  1603   udiff=  3.4204E-01 (111, 13)   vdiff=  3.8057E-01 ( 60, 16)
n=  1604   udiff=  3.4140E-01 (111, 13)   vdiff=  3.8002E-01 ( 60, 16)
n=  1605   udiff=  3.4075E-01 (111, 13)   vdiff=  3.7947E-01 ( 60, 16)
n=  1606   udiff=  3.4011E-01 (111, 13)   vdiff=  3.7893E-01 ( 60, 16)
n=  1607   udiff=  3.3947E-01 (111, 13)   vdiff=  3.7838E-01 ( 60, 16)
n=  1608   udiff=  3.3882E-01 (111, 13)   vdiff=  3.7783E-01 ( 60, 16)
n=  1609   udiff=  3.3818E-01 (111, 13)   vdiff=  3.7728E-01 ( 60, 16)
n=  1610   udiff=  3.3754E-01 (111, 13)   vdiff=  3.7673E-01 ( 60, 16)
n=  1611   udiff=  3.3690E-01 (111, 13)   vdiff=  3.7618E-01 ( 60, 16)
n=  1612   udiff=  3.3626E-01 (111, 13)   vdiff=  3.7563E-01 ( 60, 16)
n=  1613   udiff=  3.3562E-01 (111, 13)   vdiff=  3.7508E-01 ( 60, 16)
n=  1614   udiff=  3.3498E-01 (111, 13)   vdiff=  3.7453E-01 ( 60, 16)
n=  1615   udiff=  3.3434E-01 (111, 13)   vdiff=  3.7398E-01 ( 60, 16)
n=  1616   udiff=  3.3371E-01 (111, 13)   vdiff=  3.7343E-01 ( 60, 16)
n=  1617   udiff=  3.3307E-01 (111, 13)   vdiff=  3.7287E-01 ( 60, 16)
n=  1618   udiff=  3.3243E-01 (111, 13)   vdiff=  3.7232E-01 ( 60, 16)
n=  1619   udiff=  3.3180E-01 (111, 13)   vdiff=  3.7177E-01 ( 60, 16)
n=  1620   udiff=  3.3116E-01 (111, 13)   vdiff=  3.7121E-01 ( 60, 16)
n=  1621   udiff=  3.3053E-01 (111, 13)   vdiff=  3.7066E-01 ( 60, 16)
n=  1622   udiff=  3.2989E-01 (111, 13)   vdiff=  3.7010E-01 ( 60, 16)
n=  1623   udiff=  3.2926E-01 (111, 13)   vdiff=  3.6955E-01 ( 60, 16)
n=  1624   udiff=  3.2863E-01 (111, 13)   vdiff=  3.6899E-01 ( 60, 16)
n=  1625   udiff=  3.2799E-01 (111, 13)   vdiff=  3.6844E-01 ( 60, 16)
n=  1626   udiff=  3.2736E-01 (111, 13)   vdiff=  3.6788E-01 ( 60, 16)
n=  1627   udiff=  3.2673E-01 (111, 13)   vdiff=  3.6733E-01 ( 60, 16)
n=  1628   udiff=  3.2610E-01 (111, 13)   vdiff=  3.6677E-01 ( 60, 16)
n=  1629   udiff=  3.2547E-01 (111, 13)   vdiff=  3.6621E-01 ( 60, 16)
n=  1630   udiff=  3.2484E-01 (111, 13)   vdiff=  3.6566E-01 ( 60, 16)
n=  1631   udiff=  3.2421E-01 (111, 13)   vdiff=  3.6510E-01 ( 60, 16)
n=  1632   udiff=  3.2358E-01 (111, 13)   vdiff=  3.6454E-01 ( 60, 16)
n=  1633   udiff=  3.2296E-01 (111, 13)   vdiff=  3.6399E-01 ( 60, 16)
n=  1634   udiff=  3.2233E-01 (111, 13)   vdiff=  3.6343E-01 ( 60, 16)
n=  1635   udiff=  3.2170E-01 (111, 13)   vdiff=  3.6287E-01 ( 60, 16)
n=  1636   udiff=  3.2108E-01 (111, 13)   vdiff=  3.6231E-01 ( 60, 16)
n=  1637   udiff=  3.2045E-01 (111, 13)   vdiff=  3.6175E-01 ( 60, 16)
n=  1638   udiff=  3.1983E-01 (111, 13)   vdiff=  3.6119E-01 ( 60, 16)
n=  1639   udiff=  3.1920E-01 (111, 13)   vdiff=  3.6064E-01 ( 60, 16)
n=  1640   udiff=  3.1858E-01 (111, 13)   vdiff=  3.6008E-01 ( 60, 16)
n=  1641   udiff=  3.1796E-01 (111, 13)   vdiff=  3.5952E-01 ( 60, 16)
n=  1642   udiff=  3.1733E-01 (111, 13)   vdiff=  3.5896E-01 ( 60, 16)
n=  1643   udiff=  3.1671E-01 (111, 13)   vdiff=  3.5840E-01 ( 60, 16)
n=  1644   udiff=  3.1609E-01 (111, 13)   vdiff=  3.5784E-01 ( 60, 16)
n=  1645   udiff=  3.1547E-01 (111, 13)   vdiff=  3.5728E-01 ( 60, 16)
n=  1646   udiff=  3.1485E-01 (111, 13)   vdiff=  3.5672E-01 ( 60, 16)
n=  1647   udiff=  3.1423E-01 (111, 13)   vdiff=  3.5616E-01 ( 60, 16)
n=  1648   udiff=  3.1361E-01 (111, 13)   vdiff=  3.5560E-01 ( 60, 16)
n=  1649   udiff=  3.1299E-01 (111, 13)   vdiff=  3.5504E-01 ( 60, 16)
n=  1650   udiff=  3.1238E-01 (111, 13)   vdiff=  3.5448E-01 ( 60, 16)
n=  1651   udiff=  3.1176E-01 (111, 13)   vdiff=  3.5392E-01 ( 60, 16)
n=  1652   udiff=  3.1115E-01 (111, 13)   vdiff=  3.5336E-01 ( 60, 16)
n=  1653   udiff=  3.1053E-01 (111, 13)   vdiff=  3.5280E-01 ( 60, 16)
n=  1654   udiff=  3.0992E-01 (111, 13)   vdiff=  3.5224E-01 ( 60, 16)
n=  1655   udiff=  3.0930E-01 (111, 13)   vdiff=  3.5168E-01 ( 60, 16)
n=  1656   udiff=  3.0869E-01 (111, 13)   vdiff=  3.5112E-01 ( 60, 16)
n=  1657   udiff=  3.0808E-01 (111, 13)   vdiff=  3.5056E-01 ( 60, 16)
n=  1658   udiff=  3.0747E-01 (111, 13)   vdiff=  3.5000E-01 ( 60, 16)
n=  1659   udiff=  3.0685E-01 (111, 13)   vdiff=  3.4944E-01 ( 60, 16)
n=  1660   udiff=  3.0624E-01 (111, 13)   vdiff=  3.4888E-01 ( 60, 16)
n=  1661   udiff=  3.0564E-01 (111, 13)   vdiff=  3.4832E-01 ( 60, 16)
n=  1662   udiff=  3.0503E-01 (111, 13)   vdiff=  3.4776E-01 ( 60, 16)
n=  1663   udiff=  3.0442E-01 (111, 13)   vdiff=  3.4720E-01 ( 60, 16)
n=  1664   udiff=  3.0381E-01 (111, 13)   vdiff=  3.4663E-01 ( 60, 16)
n=  1665   udiff=  3.0320E-01 (111, 13)   vdiff=  3.4607E-01 ( 60, 16)
n=  1666   udiff=  3.0260E-01 (111, 13)   vdiff=  3.4551E-01 ( 60, 16)
n=  1667   udiff=  3.0199E-01 (111, 13)   vdiff=  3.4495E-01 ( 60, 16)
n=  1668   udiff=  3.0139E-01 (111, 13)   vdiff=  3.4439E-01 ( 60, 16)
n=  1669   udiff=  3.0079E-01 (111, 13)   vdiff=  3.4383E-01 ( 60, 16)
n=  1670   udiff=  3.0018E-01 (111, 13)   vdiff=  3.4327E-01 ( 60, 16)
n=  1671   udiff=  2.9958E-01 (111, 13)   vdiff=  3.4271E-01 ( 60, 16)
n=  1672   udiff=  2.9898E-01 (111, 13)   vdiff=  3.4215E-01 ( 60, 16)
n=  1673   udiff=  2.9838E-01 (111, 13)   vdiff=  3.4159E-01 ( 60, 16)
n=  1674   udiff=  2.9778E-01 (111, 13)   vdiff=  3.4104E-01 ( 60, 16)
n=  1675   udiff=  2.9718E-01 (111, 13)   vdiff=  3.4048E-01 ( 60, 16)
n=  1676   udiff=  2.9658E-01 (111, 13)   vdiff=  3.3992E-01 ( 60, 16)
n=  1677   udiff=  2.9598E-01 (111, 13)   vdiff=  3.3936E-01 ( 60, 16)
n=  1678   udiff=  2.9539E-01 (111, 13)   vdiff=  3.3880E-01 ( 60, 16)
n=  1679   udiff=  2.9479E-01 (111, 13)   vdiff=  3.3824E-01 ( 60, 16)
n=  1680   udiff=  2.9419E-01 (111, 13)   vdiff=  3.3768E-01 ( 60, 16)
n=  1681   udiff=  2.9360E-01 (111, 13)   vdiff=  3.3712E-01 ( 60, 16)
n=  1682   udiff=  2.9300E-01 (111, 13)   vdiff=  3.3656E-01 ( 60, 16)
n=  1683   udiff=  2.9241E-01 (111, 13)   vdiff=  3.3600E-01 ( 60, 16)
n=  1684   udiff=  2.9182E-01 (111, 13)   vdiff=  3.3545E-01 ( 60, 16)
n=  1685   udiff=  2.9123E-01 (111, 13)   vdiff=  3.3489E-01 ( 60, 16)
n=  1686   udiff=  2.9063E-01 (111, 13)   vdiff=  3.3433E-01 ( 60, 16)
n=  1687   udiff=  2.9004E-01 (111, 13)   vdiff=  3.3377E-01 ( 60, 16)
n=  1688   udiff=  2.8945E-01 (111, 13)   vdiff=  3.3322E-01 ( 60, 16)
n=  1689   udiff=  2.8886E-01 (111, 13)   vdiff=  3.3266E-01 ( 60, 16)
n=  1690   udiff=  2.8828E-01 (111, 13)   vdiff=  3.3210E-01 ( 60, 16)
n=  1691   udiff=  2.8769E-01 (111, 13)   vdiff=  3.3155E-01 ( 60, 16)
n=  1692   udiff=  2.8710E-01 (111, 13)   vdiff=  3.3099E-01 ( 60, 16)
n=  1693   udiff=  2.8651E-01 (111, 13)   vdiff=  3.3043E-01 ( 60, 16)
n=  1694   udiff=  2.8593E-01 (111, 13)   vdiff=  3.2988E-01 ( 60, 16)
n=  1695   udiff=  2.8534E-01 (111, 13)   vdiff=  3.2932E-01 ( 60, 16)
n=  1696   udiff=  2.8476E-01 (111, 13)   vdiff=  3.2877E-01 ( 60, 16)
n=  1697   udiff=  2.8417E-01 (111, 13)   vdiff=  3.2821E-01 ( 60, 16)
n=  1698   udiff=  2.8359E-01 (111, 13)   vdiff=  3.2765E-01 ( 60, 16)
n=  1699   udiff=  2.8301E-01 (111, 13)   vdiff=  3.2710E-01 ( 60, 16)
n=  1700   udiff=  2.8244E-01 (112, 13)   vdiff=  3.2655E-01 ( 60, 16)
n=  1701   udiff=  2.8187E-01 (112, 13)   vdiff=  3.2599E-01 ( 60, 16)
n=  1702   udiff=  2.8130E-01 (112, 13)   vdiff=  3.2544E-01 ( 60, 16)
n=  1703   udiff=  2.8073E-01 (112, 13)   vdiff=  3.2488E-01 ( 60, 16)
n=  1704   udiff=  2.8016E-01 (112, 13)   vdiff=  3.2433E-01 ( 60, 16)
n=  1705   udiff=  2.7960E-01 (112, 13)   vdiff=  3.2378E-01 ( 60, 16)
n=  1706   udiff=  2.7903E-01 (112, 13)   vdiff=  3.2323E-01 ( 60, 16)
n=  1707   udiff=  2.7847E-01 (112, 13)   vdiff=  3.2267E-01 ( 60, 16)
n=  1708   udiff=  2.7790E-01 (112, 13)   vdiff=  3.2212E-01 ( 60, 16)
n=  1709   udiff=  2.7734E-01 (112, 13)   vdiff=  3.2157E-01 ( 60, 16)
n=  1710   udiff=  2.7677E-01 (112, 13)   vdiff=  3.2102E-01 ( 60, 16)
n=  1711   udiff=  2.7621E-01 (112, 13)   vdiff=  3.2047E-01 ( 60, 16)
n=  1712   udiff=  2.7565E-01 (112, 13)   vdiff=  3.1992E-01 ( 60, 16)
n=  1713   udiff=  2.7509E-01 (112, 13)   vdiff=  3.1937E-01 ( 60, 16)
n=  1714   udiff=  2.7453E-01 (112, 13)   vdiff=  3.1882E-01 ( 60, 16)
n=  1715   udiff=  2.7397E-01 (112, 13)   vdiff=  3.1827E-01 ( 60, 16)
n=  1716   udiff=  2.7341E-01 (112, 13)   vdiff=  3.1772E-01 ( 60, 16)
n=  1717   udiff=  2.7285E-01 (112, 13)   vdiff=  3.1717E-01 ( 60, 16)
n=  1718   udiff=  2.7229E-01 (112, 13)   vdiff=  3.1662E-01 ( 60, 16)
n=  1719   udiff=  2.7173E-01 (112, 13)   vdiff=  3.1607E-01 ( 60, 16)
n=  1720   udiff=  2.7117E-01 (112, 13)   vdiff=  3.1552E-01 ( 60, 16)
n=  1721   udiff=  2.7061E-01 (112, 13)   vdiff=  3.1498E-01 ( 60, 16)
n=  1722   udiff=  2.7006E-01 (112, 13)   vdiff=  3.1443E-01 ( 60, 16)
n=  1723   udiff=  2.6950E-01 (112, 13)   vdiff=  3.1388E-01 ( 60, 16)
n=  1724   udiff=  2.6894E-01 (112, 13)   vdiff=  3.1334E-01 ( 60, 16)
n=  1725   udiff=  2.6839E-01 (112, 13)   vdiff=  3.1279E-01 ( 60, 16)
n=  1726   udiff=  2.6783E-01 (112, 13)   vdiff=  3.1225E-01 ( 60, 16)
n=  1727   udiff=  2.6728E-01 (112, 13)   vdiff=  3.1170E-01 ( 60, 16)
n=  1728   udiff=  2.6672E-01 (112, 13)   vdiff=  3.1116E-01 ( 60, 16)
n=  1729   udiff=  2.6617E-01 (112, 13)   vdiff=  3.1061E-01 ( 60, 16)
n=  1730   udiff=  2.6562E-01 (112, 13)   vdiff=  3.1007E-01 ( 60, 16)
n=  1731   udiff=  2.6506E-01 (112, 13)   vdiff=  3.0952E-01 ( 60, 16)
n=  1732   udiff=  2.6451E-01 (112, 13)   vdiff=  3.0898E-01 ( 60, 16)
n=  1733   udiff=  2.6396E-01 (112, 13)   vdiff=  3.0844E-01 ( 60, 16)
n=  1734   udiff=  2.6341E-01 (112, 13)   vdiff=  3.0790E-01 ( 60, 16)
n=  1735   udiff=  2.6285E-01 (112, 13)   vdiff=  3.0735E-01 ( 60, 16)
n=  1736   udiff=  2.6230E-01 (112, 13)   vdiff=  3.0681E-01 ( 60, 16)
n=  1737   udiff=  2.6175E-01 (112, 13)   vdiff=  3.0627E-01 ( 60, 16)
n=  1738   udiff=  2.6120E-01 (112, 13)   vdiff=  3.0573E-01 ( 60, 16)
n=  1739   udiff=  2.6065E-01 (112, 13)   vdiff=  3.0519E-01 ( 60, 16)
n=  1740   udiff=  2.6010E-01 (112, 13)   vdiff=  3.0465E-01 ( 60, 16)
n=  1741   udiff=  2.5955E-01 (112, 13)   vdiff=  3.0411E-01 ( 60, 16)
n=  1742   udiff=  2.5900E-01 (112, 13)   vdiff=  3.0358E-01 ( 60, 16)
n=  1743   udiff=  2.5845E-01 (112, 13)   vdiff=  3.0304E-01 ( 60, 16)
n=  1744   udiff=  2.5790E-01 (112, 13)   vdiff=  3.0250E-01 ( 60, 16)
n=  1745   udiff=  2.5736E-01 (112, 13)   vdiff=  3.0196E-01 ( 60, 16)
n=  1746   udiff=  2.5681E-01 (112, 13)   vdiff=  3.0143E-01 ( 60, 16)
n=  1747   udiff=  2.5626E-01 (112, 13)   vdiff=  3.0089E-01 ( 60, 16)
n=  1748   udiff=  2.5571E-01 (112, 13)   vdiff=  3.0036E-01 ( 60, 16)
n=  1749   udiff=  2.5516E-01 (112, 13)   vdiff=  2.9982E-01 ( 60, 16)
n=  1750   udiff=  2.5469E-01 ( 72, 14)   vdiff=  2.9929E-01 ( 60, 16)
n=  1751   udiff=  2.5432E-01 ( 72, 14)   vdiff=  2.9875E-01 ( 60, 16)
n=  1752   udiff=  2.5395E-01 ( 72, 14)   vdiff=  2.9822E-01 ( 60, 16)
n=  1753   udiff=  2.5358E-01 ( 73, 14)   vdiff=  2.9768E-01 ( 60, 16)
n=  1754   udiff=  2.5322E-01 ( 73, 14)   vdiff=  2.9715E-01 ( 60, 16)
n=  1755   udiff=  2.5286E-01 ( 73, 14)   vdiff=  2.9662E-01 ( 60, 16)
n=  1756   udiff=  2.5251E-01 ( 73, 14)   vdiff=  2.9609E-01 ( 60, 16)
n=  1757   udiff=  2.5215E-01 ( 73, 14)   vdiff=  2.9556E-01 ( 60, 16)
n=  1758   udiff=  2.5179E-01 ( 73, 14)   vdiff=  2.9503E-01 ( 60, 16)
n=  1759   udiff=  2.5144E-01 ( 73, 14)   vdiff=  2.9450E-01 ( 60, 16)
n=  1760   udiff=  2.5108E-01 ( 73, 14)   vdiff=  2.9397E-01 ( 60, 16)
n=  1761   udiff=  2.5073E-01 ( 73, 14)   vdiff=  2.9344E-01 ( 60, 16)
n=  1762   udiff=  2.5037E-01 ( 73, 14)   vdiff=  2.9291E-01 ( 60, 16)
n=  1763   udiff=  2.5001E-01 ( 73, 14)   vdiff=  2.9238E-01 ( 60, 16)
n=  1764   udiff=  2.4966E-01 ( 73, 14)   vdiff=  2.9185E-01 ( 60, 16)
n=  1765   udiff=  2.4930E-01 ( 73, 14)   vdiff=  2.9133E-01 ( 60, 16)
n=  1766   udiff=  2.4895E-01 ( 73, 14)   vdiff=  2.9080E-01 ( 60, 16)
n=  1767   udiff=  2.4859E-01 ( 73, 14)   vdiff=  2.9028E-01 ( 60, 16)
n=  1768   udiff=  2.4824E-01 ( 73, 14)   vdiff=  2.8975E-01 ( 60, 16)
n=  1769   udiff=  2.4788E-01 ( 73, 14)   vdiff=  2.8923E-01 ( 60, 16)
n=  1770   udiff=  2.4753E-01 ( 73, 14)   vdiff=  2.8870E-01 ( 60, 16)
n=  1771   udiff=  2.4718E-01 ( 73, 14)   vdiff=  2.8818E-01 ( 60, 16)
n=  1772   udiff=  2.4682E-01 ( 73, 14)   vdiff=  2.8765E-01 ( 60, 16)
n=  1773   udiff=  2.4647E-01 ( 73, 14)   vdiff=  2.8713E-01 ( 60, 16)
n=  1774   udiff=  2.4611E-01 ( 73, 14)   vdiff=  2.8661E-01 ( 60, 16)
n=  1775   udiff=  2.4576E-01 ( 73, 14)   vdiff=  2.8609E-01 ( 60, 16)
n=  1776   udiff=  2.4541E-01 ( 73, 14)   vdiff=  2.8557E-01 ( 60, 16)
n=  1777   udiff=  2.4506E-01 ( 73, 14)   vdiff=  2.8505E-01 ( 60, 16)
n=  1778   udiff=  2.4470E-01 ( 73, 14)   vdiff=  2.8453E-01 ( 60, 16)
n=  1779   udiff=  2.4435E-01 ( 73, 14)   vdiff=  2.8401E-01 ( 60, 16)
n=  1780   udiff=  2.4400E-01 ( 73, 14)   vdiff=  2.8349E-01 ( 60, 16)
n=  1781   udiff=  2.4365E-01 ( 73, 14)   vdiff=  2.8297E-01 ( 60, 16)
n=  1782   udiff=  2.4329E-01 ( 73, 14)   vdiff=  2.8246E-01 ( 60, 16)
n=  1783   udiff=  2.4294E-01 ( 73, 14)   vdiff=  2.8194E-01 ( 60, 16)
n=  1784   udiff=  2.4259E-01 ( 73, 14)   vdiff=  2.8142E-01 ( 60, 16)
n=  1785   udiff=  2.4224E-01 ( 73, 14)   vdiff=  2.8091E-01 ( 60, 16)
n=  1786   udiff=  2.4189E-01 ( 73, 14)   vdiff=  2.8039E-01 ( 60, 16)
n=  1787   udiff=  2.4154E-01 ( 73, 14)   vdiff=  2.7988E-01 ( 60, 16)
n=  1788   udiff=  2.4119E-01 ( 73, 14)   vdiff=  2.7936E-01 ( 60, 16)
n=  1789   udiff=  2.4084E-01 ( 73, 14)   vdiff=  2.7885E-01 ( 60, 16)
n=  1790   udiff=  2.4049E-01 ( 73, 14)   vdiff=  2.7834E-01 ( 60, 16)
n=  1791   udiff=  2.4014E-01 ( 73, 14)   vdiff=  2.7783E-01 ( 60, 16)
n=  1792   udiff=  2.3979E-01 ( 73, 14)   vdiff=  2.7731E-01 ( 60, 16)
n=  1793   udiff=  2.3944E-01 ( 73, 14)   vdiff=  2.7680E-01 ( 60, 16)
n=  1794   udiff=  2.3909E-01 ( 73, 14)   vdiff=  2.7629E-01 ( 60, 16)
n=  1795   udiff=  2.3874E-01 ( 73, 14)   vdiff=  2.7578E-01 ( 60, 16)
n=  1796   udiff=  2.3839E-01 ( 73, 14)   vdiff=  2.7528E-01 ( 60, 16)
n=  1797   udiff=  2.3804E-01 ( 73, 14)   vdiff=  2.7477E-01 ( 60, 16)
n=  1798   udiff=  2.3770E-01 ( 73, 14)   vdiff=  2.7426E-01 ( 60, 16)
n=  1799   udiff=  2.3735E-01 ( 73, 14)   vdiff=  2.7375E-01 ( 60, 16)
n=  1800   udiff=  2.3700E-01 ( 73, 14)   vdiff=  2.7325E-01 ( 60, 16)
n=  1801   udiff=  2.3666E-01 ( 73, 14)   vdiff=  2.7274E-01 ( 60, 16)
n=  1802   udiff=  2.3631E-01 ( 73, 14)   vdiff=  2.7223E-01 ( 60, 16)
n=  1803   udiff=  2.3596E-01 ( 73, 14)   vdiff=  2.7173E-01 ( 60, 16)
n=  1804   udiff=  2.3562E-01 ( 73, 14)   vdiff=  2.7122E-01 ( 60, 16)
n=  1805   udiff=  2.3527E-01 ( 73, 14)   vdiff=  2.7072E-01 ( 60, 16)
n=  1806   udiff=  2.3493E-01 ( 73, 14)   vdiff=  2.7022E-01 ( 60, 16)
n=  1807   udiff=  2.3458E-01 ( 73, 14)   vdiff=  2.6972E-01 ( 60, 16)
n=  1808   udiff=  2.3424E-01 ( 73, 14)   vdiff=  2.6921E-01 ( 60, 16)
n=  1809   udiff=  2.3389E-01 ( 73, 14)   vdiff=  2.6871E-01 ( 60, 16)
n=  1810   udiff=  2.3355E-01 ( 73, 14)   vdiff=  2.6821E-01 ( 60, 16)
n=  1811   udiff=  2.3320E-01 ( 73, 14)   vdiff=  2.6771E-01 ( 60, 16)
n=  1812   udiff=  2.3286E-01 ( 73, 14)   vdiff=  2.6721E-01 ( 60, 16)
n=  1813   udiff=  2.3252E-01 ( 73, 14)   vdiff=  2.6671E-01 ( 60, 16)
n=  1814   udiff=  2.3217E-01 ( 73, 14)   vdiff=  2.6622E-01 ( 60, 16)
n=  1815   udiff=  2.3183E-01 ( 73, 14)   vdiff=  2.6572E-01 ( 60, 16)
n=  1816   udiff=  2.3149E-01 ( 73, 14)   vdiff=  2.6522E-01 ( 60, 16)
n=  1817   udiff=  2.3114E-01 ( 73, 14)   vdiff=  2.6473E-01 ( 60, 16)
n=  1818   udiff=  2.3080E-01 ( 73, 14)   vdiff=  2.6423E-01 ( 60, 16)
n=  1819   udiff=  2.3046E-01 ( 73, 14)   vdiff=  2.6374E-01 ( 60, 16)
n=  1820   udiff=  2.3012E-01 ( 73, 14)   vdiff=  2.6324E-01 ( 60, 16)
n=  1821   udiff=  2.2977E-01 ( 73, 14)   vdiff=  2.6275E-01 ( 60, 16)
n=  1822   udiff=  2.2943E-01 ( 73, 14)   vdiff=  2.6226E-01 ( 60, 16)
n=  1823   udiff=  2.2909E-01 ( 73, 14)   vdiff=  2.6176E-01 ( 60, 16)
n=  1824   udiff=  2.2875E-01 ( 73, 14)   vdiff=  2.6127E-01 ( 60, 16)
n=  1825   udiff=  2.2841E-01 ( 73, 14)   vdiff=  2.6078E-01 ( 60, 16)
n=  1826   udiff=  2.2807E-01 ( 73, 14)   vdiff=  2.6029E-01 ( 60, 16)
n=  1827   udiff=  2.2773E-01 ( 73, 14)   vdiff=  2.5980E-01 ( 60, 16)
n=  1828   udiff=  2.2738E-01 ( 73, 14)   vdiff=  2.5931E-01 ( 60, 16)
n=  1829   udiff=  2.2704E-01 ( 73, 14)   vdiff=  2.5882E-01 ( 60, 16)
n=  1830   udiff=  2.2670E-01 ( 73, 14)   vdiff=  2.5834E-01 ( 60, 16)
n=  1831   udiff=  2.2636E-01 ( 73, 14)   vdiff=  2.5785E-01 ( 60, 16)
n=  1832   udiff=  2.2602E-01 ( 73, 14)   vdiff=  2.5736E-01 ( 60, 16)
n=  1833   udiff=  2.2568E-01 ( 73, 14)   vdiff=  2.5688E-01 ( 60, 16)
n=  1834   udiff=  2.2534E-01 ( 73, 14)   vdiff=  2.5639E-01 ( 60, 16)
n=  1835   udiff=  2.2500E-01 ( 73, 14)   vdiff=  2.5591E-01 ( 60, 16)
n=  1836   udiff=  2.2466E-01 ( 73, 14)   vdiff=  2.5542E-01 ( 60, 16)
n=  1837   udiff=  2.2432E-01 ( 73, 14)   vdiff=  2.5494E-01 ( 60, 16)
n=  1838   udiff=  2.2399E-01 ( 73, 14)   vdiff=  2.5446E-01 ( 60, 16)
n=  1839   udiff=  2.2365E-01 ( 73, 14)   vdiff=  2.5398E-01 ( 60, 16)
n=  1840   udiff=  2.2331E-01 ( 73, 14)   vdiff=  2.5349E-01 ( 60, 16)
n=  1841   udiff=  2.2297E-01 ( 73, 14)   vdiff=  2.5301E-01 ( 60, 16)
n=  1842   udiff=  2.2263E-01 ( 73, 14)   vdiff=  2.5253E-01 ( 60, 16)
n=  1843   udiff=  2.2229E-01 ( 73, 14)   vdiff=  2.5206E-01 ( 60, 16)
n=  1844   udiff=  2.2195E-01 ( 73, 14)   vdiff=  2.5158E-01 ( 60, 16)
n=  1845   udiff=  2.2161E-01 ( 73, 14)   vdiff=  2.5110E-01 ( 60, 16)
n=  1846   udiff=  2.2128E-01 ( 73, 14)   vdiff=  2.5062E-01 ( 60, 16)
n=  1847   udiff=  2.2094E-01 ( 73, 14)   vdiff=  2.5015E-01 ( 60, 16)
n=  1848   udiff=  2.2060E-01 ( 73, 14)   vdiff=  2.4967E-01 ( 60, 16)
n=  1849   udiff=  2.2026E-01 ( 73, 14)   vdiff=  2.4919E-01 ( 60, 16)
n=  1850   udiff=  2.1992E-01 ( 73, 14)   vdiff=  2.4872E-01 ( 60, 16)
n=  1851   udiff=  2.1958E-01 ( 73, 14)   vdiff=  2.4825E-01 ( 60, 16)
n=  1852   udiff=  2.1925E-01 ( 73, 14)   vdiff=  2.4777E-01 ( 60, 16)
n=  1853   udiff=  2.1891E-01 ( 73, 14)   vdiff=  2.4730E-01 ( 60, 16)
n=  1854   udiff=  2.1857E-01 ( 73, 14)   vdiff=  2.4683E-01 ( 60, 16)
n=  1855   udiff=  2.1823E-01 ( 73, 14)   vdiff=  2.4636E-01 ( 60, 16)
n=  1856   udiff=  2.1790E-01 ( 73, 14)   vdiff=  2.4589E-01 ( 60, 16)
n=  1857   udiff=  2.1756E-01 ( 73, 14)   vdiff=  2.4542E-01 ( 60, 16)
n=  1858   udiff=  2.1722E-01 ( 73, 14)   vdiff=  2.4495E-01 ( 60, 16)
n=  1859   udiff=  2.1688E-01 ( 73, 14)   vdiff=  2.4448E-01 ( 60, 16)
n=  1860   udiff=  2.1655E-01 ( 74, 14)   vdiff=  2.4401E-01 ( 60, 16)
n=  1861   udiff=  2.1623E-01 ( 74, 14)   vdiff=  2.4355E-01 ( 60, 16)
n=  1862   udiff=  2.1591E-01 ( 74, 14)   vdiff=  2.4308E-01 ( 60, 16)
n=  1863   udiff=  2.1559E-01 ( 74, 14)   vdiff=  2.4261E-01 ( 60, 16)
n=  1864   udiff=  2.1526E-01 ( 74, 14)   vdiff=  2.4215E-01 ( 60, 16)
n=  1865   udiff=  2.1494E-01 ( 74, 14)   vdiff=  2.4168E-01 ( 60, 16)
n=  1866   udiff=  2.1462E-01 ( 74, 14)   vdiff=  2.4122E-01 ( 60, 16)
n=  1867   udiff=  2.1430E-01 ( 74, 14)   vdiff=  2.4076E-01 ( 60, 16)
n=  1868   udiff=  2.1397E-01 ( 74, 14)   vdiff=  2.4030E-01 ( 60, 16)
n=  1869   udiff=  2.1365E-01 ( 74, 14)   vdiff=  2.3983E-01 ( 60, 16)
n=  1870   udiff=  2.1333E-01 ( 74, 14)   vdiff=  2.3937E-01 ( 60, 16)
n=  1871   udiff=  2.1301E-01 ( 74, 14)   vdiff=  2.3891E-01 ( 60, 16)
n=  1872   udiff=  2.1268E-01 ( 74, 14)   vdiff=  2.3845E-01 ( 60, 16)
n=  1873   udiff=  2.1236E-01 ( 74, 14)   vdiff=  2.3799E-01 ( 60, 16)
n=  1874   udiff=  2.1204E-01 ( 74, 14)   vdiff=  2.3754E-01 ( 60, 16)
n=  1875   udiff=  2.1172E-01 ( 74, 14)   vdiff=  2.3708E-01 ( 60, 16)
n=  1876   udiff=  2.1140E-01 ( 74, 14)   vdiff=  2.3662E-01 ( 60, 16)
n=  1877   udiff=  2.1108E-01 ( 74, 14)   vdiff=  2.3617E-01 ( 60, 16)
n=  1878   udiff=  2.1075E-01 ( 74, 14)   vdiff=  2.3571E-01 ( 60, 16)
n=  1879   udiff=  2.1043E-01 ( 74, 14)   vdiff=  2.3526E-01 ( 60, 16)
n=  1880   udiff=  2.1011E-01 ( 74, 14)   vdiff=  2.3480E-01 ( 60, 16)
n=  1881   udiff=  2.0979E-01 ( 74, 14)   vdiff=  2.3435E-01 ( 60, 16)
n=  1882   udiff=  2.0947E-01 ( 74, 14)   vdiff=  2.3390E-01 ( 60, 16)
n=  1883   udiff=  2.0915E-01 ( 74, 14)   vdiff=  2.3344E-01 ( 60, 16)
n=  1884   udiff=  2.0883E-01 ( 74, 14)   vdiff=  2.3299E-01 ( 60, 16)
n=  1885   udiff=  2.0851E-01 ( 74, 14)   vdiff=  2.3254E-01 ( 60, 16)
n=  1886   udiff=  2.0819E-01 ( 74, 14)   vdiff=  2.3209E-01 ( 60, 16)
n=  1887   udiff=  2.0787E-01 ( 74, 14)   vdiff=  2.3164E-01 ( 60, 16)
n=  1888   udiff=  2.0755E-01 ( 74, 14)   vdiff=  2.3119E-01 ( 60, 16)
n=  1889   udiff=  2.0722E-01 ( 74, 14)   vdiff=  2.3075E-01 ( 60, 16)
n=  1890   udiff=  2.0690E-01 ( 74, 14)   vdiff=  2.3030E-01 ( 60, 16)
n=  1891   udiff=  2.0658E-01 ( 74, 14)   vdiff=  2.2985E-01 ( 60, 16)
n=  1892   udiff=  2.0627E-01 ( 74, 14)   vdiff=  2.2941E-01 ( 60, 16)
n=  1893   udiff=  2.0595E-01 ( 74, 14)   vdiff=  2.2896E-01 ( 60, 16)
n=  1894   udiff=  2.0563E-01 ( 74, 14)   vdiff=  2.2852E-01 ( 60, 16)
n=  1895   udiff=  2.0531E-01 ( 74, 14)   vdiff=  2.2807E-01 ( 60, 16)
n=  1896   udiff=  2.0499E-01 ( 74, 14)   vdiff=  2.2763E-01 ( 60, 16)
n=  1897   udiff=  2.0467E-01 ( 74, 14)   vdiff=  2.2719E-01 ( 60, 16)
n=  1898   udiff=  2.0435E-01 ( 74, 14)   vdiff=  2.2675E-01 ( 60, 16)
n=  1899   udiff=  2.0403E-01 ( 74, 14)   vdiff=  2.2631E-01 ( 60, 16)
n=  1900   udiff=  2.0371E-01 ( 74, 14)   vdiff=  2.2587E-01 ( 60, 16)
n=  1901   udiff=  2.0340E-01 ( 74, 14)   vdiff=  2.2543E-01 ( 60, 16)
n=  1902   udiff=  2.0308E-01 ( 74, 14)   vdiff=  2.2499E-01 ( 60, 16)
n=  1903   udiff=  2.0276E-01 ( 48, 26)   vdiff=  2.2455E-01 ( 60, 16)
n=  1904   udiff=  2.0248E-01 ( 48, 26)   vdiff=  2.2411E-01 ( 60, 16)
n=  1905   udiff=  2.0219E-01 ( 48, 26)   vdiff=  2.2367E-01 ( 60, 16)
n=  1906   udiff=  2.0190E-01 ( 48, 26)   vdiff=  2.2324E-01 ( 60, 16)
n=  1907   udiff=  2.0161E-01 ( 48, 26)   vdiff=  2.2280E-01 ( 60, 16)
n=  1908   udiff=  2.0132E-01 ( 48, 26)   vdiff=  2.2237E-01 ( 60, 16)
n=  1909   udiff=  2.0104E-01 ( 48, 26)   vdiff=  2.2193E-01 ( 60, 16)
n=  1910   udiff=  2.0075E-01 ( 48, 26)   vdiff=  2.2150E-01 ( 60, 16)
n=  1911   udiff=  2.0046E-01 ( 48, 26)   vdiff=  2.2107E-01 ( 60, 16)
n=  1912   udiff=  2.0018E-01 ( 48, 26)   vdiff=  2.2064E-01 ( 60, 16)
n=  1913   udiff=  1.9989E-01 ( 48, 26)   vdiff=  2.2021E-01 ( 60, 16)
n=  1914   udiff=  1.9961E-01 ( 48, 26)   vdiff=  2.1977E-01 ( 60, 16)
n=  1915   udiff=  1.9932E-01 ( 48, 26)   vdiff=  2.1934E-01 ( 60, 16)
n=  1916   udiff=  1.9904E-01 ( 48, 26)   vdiff=  2.1892E-01 ( 60, 16)
n=  1917   udiff=  1.9875E-01 ( 48, 26)   vdiff=  2.1849E-01 ( 60, 16)
n=  1918   udiff=  1.9847E-01 ( 48, 26)   vdiff=  2.1806E-01 ( 60, 16)
n=  1919   udiff=  1.9818E-01 ( 48, 26)   vdiff=  2.1763E-01 ( 60, 16)
n=  1920   udiff=  1.9790E-01 ( 48, 26)   vdiff=  2.1721E-01 ( 60, 16)
n=  1921   udiff=  1.9761E-01 ( 48, 26)   vdiff=  2.1678E-01 ( 60, 16)
n=  1922   udiff=  1.9733E-01 ( 48, 26)   vdiff=  2.1636E-01 ( 60, 16)
n=  1923   udiff=  1.9705E-01 ( 48, 26)   vdiff=  2.1593E-01 ( 60, 16)
n=  1924   udiff=  1.9676E-01 ( 48, 26)   vdiff=  2.1551E-01 ( 60, 16)
n=  1925   udiff=  1.9648E-01 ( 48, 26)   vdiff=  2.1508E-01 ( 60, 16)
n=  1926   udiff=  1.9620E-01 ( 48, 26)   vdiff=  2.1466E-01 ( 60, 16)
n=  1927   udiff=  1.9591E-01 ( 48, 26)   vdiff=  2.1424E-01 ( 60, 16)
n=  1928   udiff=  1.9563E-01 ( 48, 26)   vdiff=  2.1382E-01 ( 60, 16)
n=  1929   udiff=  1.9535E-01 ( 48, 26)   vdiff=  2.1340E-01 ( 60, 16)
n=  1930   udiff=  1.9507E-01 ( 48, 26)   vdiff=  2.1298E-01 ( 60, 16)
n=  1931   udiff=  1.9479E-01 ( 48, 26)   vdiff=  2.1256E-01 ( 60, 16)
n=  1932   udiff=  1.9450E-01 ( 48, 26)   vdiff=  2.1214E-01 ( 60, 16)
n=  1933   udiff=  1.9422E-01 ( 48, 26)   vdiff=  2.1172E-01 ( 60, 16)
n=  1934   udiff=  1.9394E-01 ( 48, 26)   vdiff=  2.1131E-01 ( 60, 16)
n=  1935   udiff=  1.9366E-01 ( 48, 26)   vdiff=  2.1089E-01 ( 60, 16)
n=  1936   udiff=  1.9338E-01 ( 48, 26)   vdiff=  2.1048E-01 ( 60, 16)
n=  1937   udiff=  1.9310E-01 ( 48, 26)   vdiff=  2.1006E-01 ( 60, 16)
n=  1938   udiff=  1.9282E-01 ( 48, 26)   vdiff=  2.0965E-01 ( 60, 16)
n=  1939   udiff=  1.9254E-01 ( 48, 26)   vdiff=  2.0923E-01 ( 60, 16)
n=  1940   udiff=  1.9226E-01 ( 48, 26)   vdiff=  2.0882E-01 ( 60, 16)
n=  1941   udiff=  1.9198E-01 ( 48, 26)   vdiff=  2.0841E-01 ( 60, 16)
n=  1942   udiff=  1.9171E-01 ( 48, 26)   vdiff=  2.0800E-01 ( 60, 16)
n=  1943   udiff=  1.9143E-01 ( 48, 26)   vdiff=  2.0759E-01 ( 60, 16)
n=  1944   udiff=  1.9115E-01 ( 48, 26)   vdiff=  2.0718E-01 ( 60, 16)
n=  1945   udiff=  1.9087E-01 ( 48, 26)   vdiff=  2.0677E-01 ( 60, 16)
n=  1946   udiff=  1.9059E-01 ( 48, 26)   vdiff=  2.0636E-01 ( 60, 16)
n=  1947   udiff=  1.9031E-01 ( 48, 26)   vdiff=  2.0595E-01 ( 60, 16)
n=  1948   udiff=  1.9004E-01 ( 48, 26)   vdiff=  2.0554E-01 ( 60, 16)
n=  1949   udiff=  1.8976E-01 ( 48, 26)   vdiff=  2.0514E-01 ( 60, 16)
n=  1950   udiff=  1.8948E-01 ( 48, 26)   vdiff=  2.0473E-01 ( 60, 16)
n=  1951   udiff=  1.8921E-01 ( 48, 26)   vdiff=  2.0433E-01 ( 60, 16)
n=  1952   udiff=  1.8893E-01 ( 48, 26)   vdiff=  2.0392E-01 ( 60, 16)
n=  1953   udiff=  1.8865E-01 ( 48, 26)   vdiff=  2.0352E-01 ( 60, 16)
n=  1954   udiff=  1.8838E-01 ( 48, 26)   vdiff=  2.0312E-01 ( 60, 16)
n=  1955   udiff=  1.8810E-01 ( 48, 26)   vdiff=  2.0271E-01 ( 60, 16)
n=  1956   udiff=  1.8783E-01 ( 48, 26)   vdiff=  2.0231E-01 ( 60, 16)
n=  1957   udiff=  1.8755E-01 ( 48, 26)   vdiff=  2.0191E-01 ( 60, 16)
n=  1958   udiff=  1.8728E-01 ( 48, 26)   vdiff=  2.0151E-01 ( 60, 16)
n=  1959   udiff=  1.8700E-01 ( 48, 26)   vdiff=  2.0111E-01 ( 60, 16)
n=  1960   udiff=  1.8673E-01 ( 48, 26)   vdiff=  2.0071E-01 ( 60, 16)
n=  1961   udiff=  1.8646E-01 ( 48, 26)   vdiff=  2.0031E-01 ( 60, 16)
n=  1962   udiff=  1.8618E-01 ( 48, 26)   vdiff=  1.9992E-01 ( 60, 16)
n=  1963   udiff=  1.8591E-01 ( 48, 26)   vdiff=  1.9952E-01 ( 60, 16)
n=  1964   udiff=  1.8564E-01 ( 48, 26)   vdiff=  1.9912E-01 ( 60, 16)
n=  1965   udiff=  1.8536E-01 ( 48, 26)   vdiff=  1.9873E-01 ( 60, 16)
n=  1966   udiff=  1.8509E-01 ( 48, 26)   vdiff=  1.9833E-01 ( 60, 16)
n=  1967   udiff=  1.8482E-01 ( 48, 26)   vdiff=  1.9794E-01 ( 60, 16)
n=  1968   udiff=  1.8455E-01 ( 48, 26)   vdiff=  1.9754E-01 ( 60, 16)
n=  1969   udiff=  1.8427E-01 ( 48, 26)   vdiff=  1.9715E-01 ( 60, 16)
n=  1970   udiff=  1.8400E-01 ( 48, 26)   vdiff=  1.9676E-01 ( 60, 16)
n=  1971   udiff=  1.8373E-01 ( 48, 26)   vdiff=  1.9637E-01 ( 60, 16)
n=  1972   udiff=  1.8346E-01 ( 48, 26)   vdiff=  1.9598E-01 ( 60, 16)
n=  1973   udiff=  1.8319E-01 ( 48, 26)   vdiff=  1.9559E-01 ( 60, 16)
n=  1974   udiff=  1.8292E-01 ( 48, 26)   vdiff=  1.9520E-01 ( 60, 16)
n=  1975   udiff=  1.8265E-01 ( 48, 26)   vdiff=  1.9481E-01 ( 60, 16)
n=  1976   udiff=  1.8238E-01 ( 48, 26)   vdiff=  1.9442E-01 ( 60, 16)
n=  1977   udiff=  1.8211E-01 ( 48, 26)   vdiff=  1.9403E-01 ( 60, 16)
n=  1978   udiff=  1.8184E-01 ( 48, 26)   vdiff=  1.9365E-01 ( 60, 16)
n=  1979   udiff=  1.8157E-01 ( 48, 26)   vdiff=  1.9326E-01 ( 60, 16)
n=  1980   udiff=  1.8130E-01 ( 48, 26)   vdiff=  1.9287E-01 ( 60, 16)
n=  1981   udiff=  1.8103E-01 ( 48, 26)   vdiff=  1.9249E-01 ( 60, 16)
n=  1982   udiff=  1.8076E-01 ( 48, 26)   vdiff=  1.9211E-01 ( 60, 16)
n=  1983   udiff=  1.8050E-01 ( 48, 26)   vdiff=  1.9172E-01 ( 60, 16)
n=  1984   udiff=  1.8023E-01 ( 48, 26)   vdiff=  1.9134E-01 ( 60, 16)
n=  1985   udiff=  1.7996E-01 ( 48, 26)   vdiff=  1.9096E-01 ( 60, 16)
n=  1986   udiff=  1.7969E-01 ( 48, 26)   vdiff=  1.9058E-01 ( 60, 16)
n=  1987   udiff=  1.7943E-01 ( 48, 26)   vdiff=  1.9019E-01 ( 60, 16)
n=  1988   udiff=  1.7916E-01 ( 48, 26)   vdiff=  1.8981E-01 ( 60, 16)
n=  1989   udiff=  1.7889E-01 ( 48, 26)   vdiff=  1.8943E-01 ( 60, 16)
n=  1990   udiff=  1.7863E-01 ( 48, 26)   vdiff=  1.8906E-01 ( 60, 16)
n=  1991   udiff=  1.7836E-01 ( 48, 26)   vdiff=  1.8872E-01 ( 59, 18)
n=  1992   udiff=  1.7809E-01 ( 48, 26)   vdiff=  1.8844E-01 ( 59, 18)
n=  1993   udiff=  1.7783E-01 ( 48, 26)   vdiff=  1.8815E-01 ( 59, 18)
n=  1994   udiff=  1.7756E-01 ( 48, 26)   vdiff=  1.8787E-01 ( 59, 18)
n=  1995   udiff=  1.7730E-01 ( 48, 26)   vdiff=  1.8759E-01 ( 59, 18)
n=  1996   udiff=  1.7703E-01 ( 48, 26)   vdiff=  1.8730E-01 ( 59, 18)
n=  1997   udiff=  1.7677E-01 ( 48, 26)   vdiff=  1.8702E-01 ( 59, 18)
n=  1998   udiff=  1.7650E-01 ( 48, 26)   vdiff=  1.8673E-01 ( 59, 18)
n=  1999   udiff=  1.7624E-01 ( 48, 26)   vdiff=  1.8645E-01 ( 59, 18)
n=  2000   udiff=  1.7598E-01 ( 48, 26)   vdiff=  1.8617E-01 ( 59, 18)
n=  2001   udiff=  1.7571E-01 ( 48, 26)   vdiff=  1.8589E-01 ( 59, 18)
n=  2002   udiff=  1.7545E-01 ( 48, 26)   vdiff=  1.8560E-01 ( 59, 18)
n=  2003   udiff=  1.7519E-01 ( 48, 26)   vdiff=  1.8532E-01 ( 59, 18)
n=  2004   udiff=  1.7492E-01 ( 48, 26)   vdiff=  1.8504E-01 ( 59, 18)
n=  2005   udiff=  1.7466E-01 ( 48, 26)   vdiff=  1.8476E-01 ( 59, 18)
n=  2006   udiff=  1.7440E-01 ( 48, 26)   vdiff=  1.8448E-01 ( 59, 18)
n=  2007   udiff=  1.7414E-01 ( 48, 26)   vdiff=  1.8420E-01 ( 59, 18)
n=  2008   udiff=  1.7388E-01 ( 48, 26)   vdiff=  1.8392E-01 ( 59, 18)
n=  2009   udiff=  1.7362E-01 ( 48, 26)   vdiff=  1.8364E-01 ( 59, 18)
n=  2010   udiff=  1.7335E-01 ( 48, 26)   vdiff=  1.8336E-01 ( 59, 18)
n=  2011   udiff=  1.7309E-01 ( 48, 26)   vdiff=  1.8308E-01 ( 59, 18)
n=  2012   udiff=  1.7283E-01 ( 48, 26)   vdiff=  1.8280E-01 ( 59, 18)
n=  2013   udiff=  1.7257E-01 ( 48, 26)   vdiff=  1.8252E-01 ( 59, 18)
n=  2014   udiff=  1.7231E-01 ( 48, 26)   vdiff=  1.8224E-01 ( 59, 18)
n=  2015   udiff=  1.7205E-01 ( 48, 26)   vdiff=  1.8196E-01 ( 59, 18)
n=  2016   udiff=  1.7179E-01 ( 48, 26)   vdiff=  1.8168E-01 ( 59, 18)
n=  2017   udiff=  1.7154E-01 ( 48, 26)   vdiff=  1.8140E-01 ( 59, 18)
n=  2018   udiff=  1.7128E-01 ( 48, 26)   vdiff=  1.8113E-01 ( 59, 18)
n=  2019   udiff=  1.7102E-01 ( 48, 26)   vdiff=  1.8085E-01 ( 59, 18)
n=  2020   udiff=  1.7076E-01 ( 48, 26)   vdiff=  1.8057E-01 ( 59, 18)
n=  2021   udiff=  1.7050E-01 ( 48, 26)   vdiff=  1.8029E-01 ( 59, 18)
n=  2022   udiff=  1.7024E-01 ( 48, 26)   vdiff=  1.8002E-01 ( 59, 18)
n=  2023   udiff=  1.6999E-01 ( 48, 26)   vdiff=  1.7974E-01 ( 59, 18)
n=  2024   udiff=  1.6973E-01 ( 48, 26)   vdiff=  1.7946E-01 ( 59, 18)
n=  2025   udiff=  1.6947E-01 ( 48, 26)   vdiff=  1.7919E-01 ( 59, 18)
n=  2026   udiff=  1.6922E-01 ( 48, 26)   vdiff=  1.7891E-01 ( 59, 18)
n=  2027   udiff=  1.6896E-01 ( 48, 26)   vdiff=  1.7864E-01 ( 59, 18)
n=  2028   udiff=  1.6870E-01 ( 48, 26)   vdiff=  1.7836E-01 ( 59, 18)
n=  2029   udiff=  1.6845E-01 ( 48, 26)   vdiff=  1.7809E-01 ( 59, 18)
n=  2030   udiff=  1.6819E-01 ( 48, 26)   vdiff=  1.7781E-01 ( 59, 18)
n=  2031   udiff=  1.6794E-01 ( 48, 26)   vdiff=  1.7754E-01 ( 59, 18)
n=  2032   udiff=  1.6768E-01 ( 48, 26)   vdiff=  1.7727E-01 ( 59, 18)
n=  2033   udiff=  1.6743E-01 ( 48, 26)   vdiff=  1.7699E-01 ( 59, 18)
n=  2034   udiff=  1.6717E-01 ( 48, 26)   vdiff=  1.7672E-01 ( 59, 18)
n=  2035   udiff=  1.6692E-01 ( 48, 26)   vdiff=  1.7645E-01 ( 59, 18)
n=  2036   udiff=  1.6666E-01 ( 48, 26)   vdiff=  1.7617E-01 ( 59, 18)
n=  2037   udiff=  1.6641E-01 ( 48, 26)   vdiff=  1.7590E-01 ( 59, 18)
n=  2038   udiff=  1.6616E-01 ( 48, 26)   vdiff=  1.7563E-01 ( 59, 18)
n=  2039   udiff=  1.6590E-01 ( 48, 26)   vdiff=  1.7536E-01 ( 59, 18)
n=  2040   udiff=  1.6565E-01 ( 48, 26)   vdiff=  1.7509E-01 ( 59, 18)
n=  2041   udiff=  1.6540E-01 ( 49, 26)   vdiff=  1.7482E-01 ( 59, 18)
n=  2042   udiff=  1.6516E-01 ( 49, 26)   vdiff=  1.7454E-01 ( 59, 18)
n=  2043   udiff=  1.6493E-01 ( 49, 26)   vdiff=  1.7427E-01 ( 59, 18)
n=  2044   udiff=  1.6469E-01 ( 49, 26)   vdiff=  1.7400E-01 ( 59, 18)
n=  2045   udiff=  1.6446E-01 ( 49, 26)   vdiff=  1.7373E-01 ( 59, 18)
n=  2046   udiff=  1.6422E-01 ( 49, 26)   vdiff=  1.7346E-01 ( 59, 18)
n=  2047   udiff=  1.6398E-01 ( 49, 26)   vdiff=  1.7319E-01 ( 59, 18)
n=  2048   udiff=  1.6375E-01 ( 49, 26)   vdiff=  1.7292E-01 ( 59, 18)
n=  2049   udiff=  1.6351E-01 ( 49, 26)   vdiff=  1.7266E-01 ( 59, 18)
n=  2050   udiff=  1.6328E-01 ( 49, 26)   vdiff=  1.7239E-01 ( 59, 18)
n=  2051   udiff=  1.6304E-01 ( 49, 26)   vdiff=  1.7212E-01 ( 59, 18)
n=  2052   udiff=  1.6281E-01 ( 49, 26)   vdiff=  1.7185E-01 ( 59, 18)
n=  2053   udiff=  1.6257E-01 ( 49, 26)   vdiff=  1.7158E-01 ( 59, 18)
n=  2054   udiff=  1.6234E-01 ( 49, 26)   vdiff=  1.7132E-01 ( 59, 18)
n=  2055   udiff=  1.6211E-01 ( 49, 26)   vdiff=  1.7105E-01 ( 59, 18)
n=  2056   udiff=  1.6187E-01 ( 49, 26)   vdiff=  1.7078E-01 ( 59, 18)
n=  2057   udiff=  1.6164E-01 ( 49, 26)   vdiff=  1.7051E-01 ( 59, 18)
n=  2058   udiff=  1.6141E-01 ( 49, 26)   vdiff=  1.7025E-01 ( 59, 18)
n=  2059   udiff=  1.6117E-01 ( 49, 26)   vdiff=  1.6998E-01 ( 59, 18)
n=  2060   udiff=  1.6094E-01 ( 49, 26)   vdiff=  1.6972E-01 ( 59, 18)
n=  2061   udiff=  1.6071E-01 ( 49, 26)   vdiff=  1.6945E-01 ( 59, 18)
n=  2062   udiff=  1.6048E-01 ( 49, 26)   vdiff=  1.6919E-01 ( 59, 18)
n=  2063   udiff=  1.6024E-01 ( 49, 26)   vdiff=  1.6892E-01 ( 59, 18)
n=  2064   udiff=  1.6001E-01 ( 49, 26)   vdiff=  1.6866E-01 ( 59, 18)
n=  2065   udiff=  1.5978E-01 ( 49, 26)   vdiff=  1.6839E-01 ( 59, 18)
n=  2066   udiff=  1.5955E-01 ( 49, 26)   vdiff=  1.6813E-01 ( 59, 18)
n=  2067   udiff=  1.5932E-01 ( 49, 26)   vdiff=  1.6786E-01 ( 59, 18)
n=  2068   udiff=  1.5909E-01 ( 49, 26)   vdiff=  1.6760E-01 ( 59, 18)
n=  2069   udiff=  1.5886E-01 ( 49, 26)   vdiff=  1.6734E-01 ( 59, 18)
n=  2070   udiff=  1.5863E-01 ( 49, 26)   vdiff=  1.6708E-01 ( 59, 18)
n=  2071   udiff=  1.5840E-01 ( 49, 26)   vdiff=  1.6681E-01 ( 59, 18)
n=  2072   udiff=  1.5817E-01 ( 49, 26)   vdiff=  1.6655E-01 ( 59, 18)
n=  2073   udiff=  1.5794E-01 ( 49, 26)   vdiff=  1.6629E-01 ( 59, 18)
n=  2074   udiff=  1.5771E-01 ( 49, 26)   vdiff=  1.6603E-01 ( 59, 18)
n=  2075   udiff=  1.5748E-01 ( 49, 26)   vdiff=  1.6577E-01 ( 59, 18)
n=  2076   udiff=  1.5725E-01 ( 49, 26)   vdiff=  1.6550E-01 ( 59, 18)
n=  2077   udiff=  1.5702E-01 ( 49, 26)   vdiff=  1.6524E-01 ( 59, 18)
n=  2078   udiff=  1.5679E-01 ( 49, 26)   vdiff=  1.6498E-01 ( 59, 18)
n=  2079   udiff=  1.5656E-01 ( 49, 26)   vdiff=  1.6472E-01 ( 59, 18)
n=  2080   udiff=  1.5633E-01 ( 49, 26)   vdiff=  1.6446E-01 ( 59, 18)
n=  2081   udiff=  1.5611E-01 ( 49, 26)   vdiff=  1.6420E-01 ( 59, 18)
n=  2082   udiff=  1.5588E-01 ( 49, 26)   vdiff=  1.6394E-01 ( 59, 18)
n=  2083   udiff=  1.5565E-01 ( 49, 26)   vdiff=  1.6368E-01 ( 59, 18)
n=  2084   udiff=  1.5542E-01 ( 49, 26)   vdiff=  1.6343E-01 ( 59, 18)
n=  2085   udiff=  1.5520E-01 ( 49, 26)   vdiff=  1.6317E-01 ( 59, 18)
n=  2086   udiff=  1.5497E-01 ( 49, 26)   vdiff=  1.6291E-01 ( 59, 18)
n=  2087   udiff=  1.5474E-01 ( 49, 26)   vdiff=  1.6265E-01 ( 59, 18)
n=  2088   udiff=  1.5452E-01 ( 49, 26)   vdiff=  1.6239E-01 ( 59, 18)
n=  2089   udiff=  1.5429E-01 ( 49, 26)   vdiff=  1.6214E-01 ( 59, 18)
n=  2090   udiff=  1.5407E-01 ( 49, 26)   vdiff=  1.6188E-01 ( 59, 18)
n=  2091   udiff=  1.5384E-01 ( 49, 26)   vdiff=  1.6162E-01 ( 59, 18)
n=  2092   udiff=  1.5361E-01 ( 49, 26)   vdiff=  1.6137E-01 ( 59, 18)
n=  2093   udiff=  1.5339E-01 ( 49, 26)   vdiff=  1.6111E-01 ( 59, 18)
n=  2094   udiff=  1.5316E-01 ( 49, 26)   vdiff=  1.6085E-01 ( 59, 18)
n=  2095   udiff=  1.5294E-01 ( 49, 26)   vdiff=  1.6060E-01 ( 59, 18)
n=  2096   udiff=  1.5272E-01 ( 49, 26)   vdiff=  1.6034E-01 ( 59, 18)
n=  2097   udiff=  1.5249E-01 ( 49, 26)   vdiff=  1.6009E-01 ( 59, 18)
n=  2098   udiff=  1.5227E-01 ( 49, 26)   vdiff=  1.5983E-01 ( 59, 18)
n=  2099   udiff=  1.5204E-01 ( 49, 26)   vdiff=  1.5958E-01 ( 59, 18)
n=  2100   udiff=  1.5182E-01 ( 49, 26)   vdiff=  1.5933E-01 ( 59, 18)
n=  2101   udiff=  1.5160E-01 ( 49, 26)   vdiff=  1.5907E-01 ( 59, 18)
n=  2102   udiff=  1.5137E-01 ( 49, 26)   vdiff=  1.5882E-01 ( 59, 18)
n=  2103   udiff=  1.5115E-01 ( 49, 26)   vdiff=  1.5857E-01 ( 59, 18)
n=  2104   udiff=  1.5093E-01 ( 49, 26)   vdiff=  1.5831E-01 ( 59, 18)
n=  2105   udiff=  1.5071E-01 ( 49, 26)   vdiff=  1.5806E-01 ( 59, 18)
n=  2106   udiff=  1.5048E-01 ( 49, 26)   vdiff=  1.5781E-01 ( 59, 18)
n=  2107   udiff=  1.5026E-01 ( 49, 26)   vdiff=  1.5756E-01 ( 59, 18)
n=  2108   udiff=  1.5004E-01 ( 49, 26)   vdiff=  1.5730E-01 ( 59, 18)
n=  2109   udiff=  1.4982E-01 ( 49, 26)   vdiff=  1.5705E-01 ( 59, 18)
n=  2110   udiff=  1.4960E-01 ( 49, 26)   vdiff=  1.5680E-01 ( 59, 18)
n=  2111   udiff=  1.4938E-01 ( 49, 26)   vdiff=  1.5655E-01 ( 59, 18)
n=  2112   udiff=  1.4916E-01 ( 49, 26)   vdiff=  1.5630E-01 ( 59, 18)
n=  2113   udiff=  1.4894E-01 ( 49, 26)   vdiff=  1.5605E-01 ( 59, 18)
n=  2114   udiff=  1.4871E-01 ( 49, 26)   vdiff=  1.5580E-01 ( 59, 18)
n=  2115   udiff=  1.4849E-01 ( 49, 26)   vdiff=  1.5555E-01 ( 59, 18)
n=  2116   udiff=  1.4828E-01 ( 49, 26)   vdiff=  1.5530E-01 ( 59, 18)
n=  2117   udiff=  1.4806E-01 ( 49, 26)   vdiff=  1.5505E-01 ( 59, 18)
n=  2118   udiff=  1.4784E-01 ( 49, 26)   vdiff=  1.5480E-01 ( 59, 18)
n=  2119   udiff=  1.4762E-01 ( 49, 26)   vdiff=  1.5455E-01 ( 59, 18)
n=  2120   udiff=  1.4740E-01 ( 49, 26)   vdiff=  1.5431E-01 ( 59, 18)
n=  2121   udiff=  1.4718E-01 ( 49, 26)   vdiff=  1.5406E-01 ( 59, 18)
n=  2122   udiff=  1.4696E-01 ( 49, 26)   vdiff=  1.5381E-01 ( 59, 18)
n=  2123   udiff=  1.4674E-01 ( 49, 26)   vdiff=  1.5356E-01 ( 59, 18)
n=  2124   udiff=  1.4652E-01 ( 49, 26)   vdiff=  1.5332E-01 ( 59, 18)
n=  2125   udiff=  1.4631E-01 ( 49, 26)   vdiff=  1.5307E-01 ( 59, 18)
n=  2126   udiff=  1.4609E-01 ( 49, 26)   vdiff=  1.5282E-01 ( 59, 18)
n=  2127   udiff=  1.4587E-01 ( 49, 26)   vdiff=  1.5258E-01 ( 59, 18)
n=  2128   udiff=  1.4566E-01 ( 49, 26)   vdiff=  1.5233E-01 ( 59, 18)
n=  2129   udiff=  1.4544E-01 ( 49, 26)   vdiff=  1.5208E-01 ( 59, 18)
n=  2130   udiff=  1.4522E-01 ( 49, 26)   vdiff=  1.5184E-01 ( 59, 18)
n=  2131   udiff=  1.4501E-01 ( 49, 26)   vdiff=  1.5159E-01 ( 59, 18)
n=  2132   udiff=  1.4479E-01 ( 49, 26)   vdiff=  1.5135E-01 ( 59, 18)
n=  2133   udiff=  1.4457E-01 ( 49, 26)   vdiff=  1.5111E-01 ( 59, 18)
n=  2134   udiff=  1.4436E-01 ( 49, 26)   vdiff=  1.5086E-01 ( 59, 18)
n=  2135   udiff=  1.4414E-01 ( 49, 26)   vdiff=  1.5062E-01 ( 59, 18)
n=  2136   udiff=  1.4393E-01 ( 49, 26)   vdiff=  1.5037E-01 ( 59, 18)
n=  2137   udiff=  1.4371E-01 ( 49, 26)   vdiff=  1.5013E-01 ( 59, 18)
n=  2138   udiff=  1.4350E-01 ( 49, 26)   vdiff=  1.4989E-01 ( 59, 18)
n=  2139   udiff=  1.4328E-01 ( 49, 26)   vdiff=  1.4965E-01 ( 59, 18)
n=  2140   udiff=  1.4307E-01 ( 49, 26)   vdiff=  1.4940E-01 ( 59, 18)
n=  2141   udiff=  1.4286E-01 ( 49, 26)   vdiff=  1.4916E-01 ( 59, 18)
n=  2142   udiff=  1.4264E-01 ( 49, 26)   vdiff=  1.4892E-01 ( 59, 18)
n=  2143   udiff=  1.4243E-01 ( 49, 26)   vdiff=  1.4868E-01 ( 59, 18)
n=  2144   udiff=  1.4221E-01 ( 49, 26)   vdiff=  1.4844E-01 ( 59, 18)
n=  2145   udiff=  1.4200E-01 ( 49, 26)   vdiff=  1.4820E-01 ( 59, 18)
n=  2146   udiff=  1.4179E-01 ( 49, 26)   vdiff=  1.4796E-01 ( 59, 18)
n=  2147   udiff=  1.4158E-01 ( 49, 26)   vdiff=  1.4771E-01 ( 59, 18)
n=  2148   udiff=  1.4136E-01 ( 49, 26)   vdiff=  1.4747E-01 ( 59, 18)
n=  2149   udiff=  1.4115E-01 ( 49, 26)   vdiff=  1.4724E-01 ( 59, 18)
n=  2150   udiff=  1.4094E-01 ( 49, 26)   vdiff=  1.4700E-01 ( 59, 18)
n=  2151   udiff=  1.4073E-01 ( 49, 26)   vdiff=  1.4676E-01 ( 59, 18)
n=  2152   udiff=  1.4052E-01 ( 49, 26)   vdiff=  1.4652E-01 ( 59, 18)
n=  2153   udiff=  1.4031E-01 ( 49, 26)   vdiff=  1.4628E-01 ( 59, 18)
n=  2154   udiff=  1.4009E-01 ( 49, 26)   vdiff=  1.4604E-01 ( 59, 18)
n=  2155   udiff=  1.3988E-01 ( 49, 26)   vdiff=  1.4580E-01 ( 59, 18)
n=  2156   udiff=  1.3967E-01 ( 49, 26)   vdiff=  1.4557E-01 ( 59, 18)
n=  2157   udiff=  1.3946E-01 ( 49, 26)   vdiff=  1.4533E-01 ( 59, 18)
n=  2158   udiff=  1.3925E-01 ( 49, 26)   vdiff=  1.4509E-01 ( 59, 18)
n=  2159   udiff=  1.3904E-01 ( 49, 26)   vdiff=  1.4485E-01 ( 59, 18)
n=  2160   udiff=  1.3883E-01 ( 49, 26)   vdiff=  1.4462E-01 ( 59, 18)
n=  2161   udiff=  1.3862E-01 ( 49, 26)   vdiff=  1.4438E-01 ( 59, 18)
n=  2162   udiff=  1.3841E-01 ( 49, 26)   vdiff=  1.4415E-01 ( 59, 18)
n=  2163   udiff=  1.3821E-01 ( 49, 26)   vdiff=  1.4391E-01 ( 59, 18)
n=  2164   udiff=  1.3800E-01 ( 49, 26)   vdiff=  1.4368E-01 ( 59, 18)
n=  2165   udiff=  1.3779E-01 ( 49, 26)   vdiff=  1.4344E-01 ( 59, 18)
n=  2166   udiff=  1.3758E-01 ( 49, 26)   vdiff=  1.4321E-01 ( 59, 18)
n=  2167   udiff=  1.3737E-01 ( 49, 26)   vdiff=  1.4297E-01 ( 59, 18)
n=  2168   udiff=  1.3716E-01 ( 49, 26)   vdiff=  1.4274E-01 ( 59, 18)
n=  2169   udiff=  1.3696E-01 ( 49, 26)   vdiff=  1.4250E-01 ( 59, 18)
n=  2170   udiff=  1.3675E-01 ( 49, 26)   vdiff=  1.4227E-01 ( 59, 18)
n=  2171   udiff=  1.3654E-01 ( 49, 26)   vdiff=  1.4204E-01 ( 59, 18)
n=  2172   udiff=  1.3634E-01 ( 49, 26)   vdiff=  1.4180E-01 ( 59, 18)
n=  2173   udiff=  1.3613E-01 ( 49, 26)   vdiff=  1.4157E-01 ( 59, 18)
n=  2174   udiff=  1.3592E-01 ( 49, 26)   vdiff=  1.4134E-01 ( 59, 18)
n=  2175   udiff=  1.3572E-01 ( 49, 26)   vdiff=  1.4111E-01 ( 59, 18)
n=  2176   udiff=  1.3551E-01 ( 49, 26)   vdiff=  1.4088E-01 ( 59, 18)
n=  2177   udiff=  1.3531E-01 ( 49, 26)   vdiff=  1.4064E-01 ( 59, 18)
n=  2178   udiff=  1.3510E-01 ( 49, 26)   vdiff=  1.4041E-01 ( 59, 18)
n=  2179   udiff=  1.3489E-01 ( 49, 26)   vdiff=  1.4018E-01 ( 59, 18)
n=  2180   udiff=  1.3469E-01 ( 49, 26)   vdiff=  1.3995E-01 ( 59, 18)
n=  2181   udiff=  1.3449E-01 ( 49, 26)   vdiff=  1.3972E-01 ( 59, 18)
n=  2182   udiff=  1.3428E-01 ( 49, 26)   vdiff=  1.3949E-01 ( 59, 18)
n=  2183   udiff=  1.3408E-01 ( 49, 26)   vdiff=  1.3926E-01 ( 59, 18)
n=  2184   udiff=  1.3387E-01 ( 49, 26)   vdiff=  1.3905E-01 ( 59, 19)
n=  2185   udiff=  1.3367E-01 ( 49, 26)   vdiff=  1.3885E-01 ( 59, 19)
n=  2186   udiff=  1.3347E-01 ( 49, 26)   vdiff=  1.3864E-01 ( 59, 19)
n=  2187   udiff=  1.3326E-01 ( 49, 26)   vdiff=  1.3844E-01 ( 59, 19)
n=  2188   udiff=  1.3306E-01 ( 49, 26)   vdiff=  1.3824E-01 ( 59, 19)
n=  2189   udiff=  1.3286E-01 ( 49, 26)   vdiff=  1.3804E-01 ( 59, 19)
n=  2190   udiff=  1.3265E-01 ( 49, 26)   vdiff=  1.3783E-01 ( 59, 19)
n=  2191   udiff=  1.3245E-01 ( 49, 26)   vdiff=  1.3763E-01 ( 59, 19)
n=  2192   udiff=  1.3225E-01 ( 49, 26)   vdiff=  1.3743E-01 ( 59, 19)
n=  2193   udiff=  1.3205E-01 ( 49, 26)   vdiff=  1.3723E-01 ( 59, 19)
n=  2194   udiff=  1.3184E-01 ( 49, 26)   vdiff=  1.3703E-01 ( 59, 19)
n=  2195   udiff=  1.3164E-01 ( 49, 26)   vdiff=  1.3683E-01 ( 59, 19)
n=  2196   udiff=  1.3144E-01 ( 49, 26)   vdiff=  1.3663E-01 ( 59, 19)
n=  2197   udiff=  1.3124E-01 ( 49, 26)   vdiff=  1.3643E-01 ( 59, 19)
n=  2198   udiff=  1.3105E-01 ( 77, 14)   vdiff=  1.3623E-01 ( 59, 19)
n=  2199   udiff=  1.3086E-01 ( 77, 14)   vdiff=  1.3602E-01 ( 59, 19)
n=  2200   udiff=  1.3067E-01 ( 77, 14)   vdiff=  1.3582E-01 ( 59, 19)
n=  2201   udiff=  1.3049E-01 ( 77, 14)   vdiff=  1.3563E-01 ( 59, 19)
n=  2202   udiff=  1.3030E-01 ( 77, 14)   vdiff=  1.3543E-01 ( 59, 19)
n=  2203   udiff=  1.3011E-01 ( 77, 14)   vdiff=  1.3523E-01 ( 59, 19)
n=  2204   udiff=  1.2992E-01 ( 77, 14)   vdiff=  1.3503E-01 ( 59, 19)
n=  2205   udiff=  1.2974E-01 ( 77, 14)   vdiff=  1.3483E-01 ( 59, 19)
n=  2206   udiff=  1.2955E-01 ( 77, 14)   vdiff=  1.3463E-01 ( 59, 19)
n=  2207   udiff=  1.2936E-01 ( 77, 14)   vdiff=  1.3443E-01 ( 59, 19)
n=  2208   udiff=  1.2918E-01 ( 77, 14)   vdiff=  1.3423E-01 ( 59, 19)
n=  2209   udiff=  1.2899E-01 ( 77, 14)   vdiff=  1.3403E-01 ( 59, 19)
n=  2210   udiff=  1.2880E-01 ( 77, 14)   vdiff=  1.3384E-01 ( 59, 19)
n=  2211   udiff=  1.2862E-01 ( 77, 14)   vdiff=  1.3364E-01 ( 59, 19)
n=  2212   udiff=  1.2843E-01 ( 77, 14)   vdiff=  1.3344E-01 ( 59, 19)
n=  2213   udiff=  1.2825E-01 ( 77, 14)   vdiff=  1.3324E-01 ( 59, 19)
n=  2214   udiff=  1.2806E-01 ( 77, 14)   vdiff=  1.3305E-01 ( 59, 19)
n=  2215   udiff=  1.2788E-01 ( 77, 14)   vdiff=  1.3285E-01 ( 59, 19)
n=  2216   udiff=  1.2769E-01 ( 77, 14)   vdiff=  1.3265E-01 ( 59, 19)
n=  2217   udiff=  1.2751E-01 ( 77, 14)   vdiff=  1.3246E-01 ( 59, 19)
n=  2218   udiff=  1.2732E-01 ( 77, 14)   vdiff=  1.3226E-01 ( 59, 19)
n=  2219   udiff=  1.2714E-01 ( 77, 14)   vdiff=  1.3206E-01 ( 59, 19)
n=  2220   udiff=  1.2695E-01 ( 77, 14)   vdiff=  1.3187E-01 ( 59, 19)
n=  2221   udiff=  1.2677E-01 ( 77, 14)   vdiff=  1.3167E-01 ( 59, 19)
n=  2222   udiff=  1.2659E-01 ( 77, 14)   vdiff=  1.3148E-01 ( 59, 19)
n=  2223   udiff=  1.2640E-01 ( 77, 14)   vdiff=  1.3128E-01 ( 59, 19)
n=  2224   udiff=  1.2622E-01 ( 77, 14)   vdiff=  1.3109E-01 ( 59, 19)
n=  2225   udiff=  1.2604E-01 ( 77, 14)   vdiff=  1.3089E-01 ( 59, 19)
n=  2226   udiff=  1.2585E-01 ( 77, 14)   vdiff=  1.3070E-01 ( 59, 19)
n=  2227   udiff=  1.2567E-01 ( 77, 14)   vdiff=  1.3050E-01 ( 59, 19)
n=  2228   udiff=  1.2549E-01 ( 77, 14)   vdiff=  1.3031E-01 ( 59, 19)
n=  2229   udiff=  1.2530E-01 ( 77, 14)   vdiff=  1.3012E-01 ( 59, 19)
n=  2230   udiff=  1.2512E-01 ( 77, 14)   vdiff=  1.2992E-01 ( 59, 19)
n=  2231   udiff=  1.2494E-01 ( 77, 14)   vdiff=  1.2973E-01 ( 59, 19)
n=  2232   udiff=  1.2476E-01 ( 77, 14)   vdiff=  1.2953E-01 ( 59, 19)
n=  2233   udiff=  1.2457E-01 ( 77, 14)   vdiff=  1.2934E-01 ( 59, 19)
n=  2234   udiff=  1.2439E-01 ( 77, 14)   vdiff=  1.2915E-01 ( 59, 19)
n=  2235   udiff=  1.2421E-01 ( 77, 14)   vdiff=  1.2896E-01 ( 59, 19)
n=  2236   udiff=  1.2404E-01 ( 78, 14)   vdiff=  1.2876E-01 ( 59, 19)
n=  2237   udiff=  1.2386E-01 ( 78, 14)   vdiff=  1.2857E-01 ( 59, 19)
n=  2238   udiff=  1.2369E-01 ( 78, 14)   vdiff=  1.2838E-01 ( 59, 19)
n=  2239   udiff=  1.2351E-01 ( 78, 14)   vdiff=  1.2819E-01 ( 59, 19)
n=  2240   udiff=  1.2334E-01 ( 78, 14)   vdiff=  1.2800E-01 ( 59, 19)
n=  2241   udiff=  1.2316E-01 ( 78, 14)   vdiff=  1.2780E-01 ( 59, 19)
n=  2242   udiff=  1.2299E-01 ( 78, 14)   vdiff=  1.2761E-01 ( 59, 19)
n=  2243   udiff=  1.2282E-01 ( 78, 14)   vdiff=  1.2742E-01 ( 59, 19)
n=  2244   udiff=  1.2264E-01 ( 78, 14)   vdiff=  1.2723E-01 ( 59, 19)
n=  2245   udiff=  1.2247E-01 ( 78, 14)   vdiff=  1.2704E-01 ( 59, 19)
n=  2246   udiff=  1.2230E-01 ( 78, 14)   vdiff=  1.2685E-01 ( 59, 19)
n=  2247   udiff=  1.2212E-01 ( 78, 14)   vdiff=  1.2666E-01 ( 59, 19)
n=  2248   udiff=  1.2195E-01 ( 78, 14)   vdiff=  1.2647E-01 ( 59, 19)
n=  2249   udiff=  1.2178E-01 ( 78, 14)   vdiff=  1.2628E-01 ( 59, 19)
n=  2250   udiff=  1.2161E-01 ( 78, 14)   vdiff=  1.2609E-01 ( 59, 19)
n=  2251   udiff=  1.2143E-01 ( 78, 14)   vdiff=  1.2590E-01 ( 59, 19)
n=  2252   udiff=  1.2126E-01 ( 78, 14)   vdiff=  1.2571E-01 ( 59, 19)
n=  2253   udiff=  1.2109E-01 ( 78, 14)   vdiff=  1.2552E-01 ( 59, 19)
n=  2254   udiff=  1.2092E-01 ( 78, 14)   vdiff=  1.2533E-01 ( 59, 19)
n=  2255   udiff=  1.2075E-01 ( 78, 14)   vdiff=  1.2515E-01 ( 59, 19)
n=  2256   udiff=  1.2057E-01 ( 78, 14)   vdiff=  1.2496E-01 ( 59, 19)
n=  2257   udiff=  1.2040E-01 ( 78, 14)   vdiff=  1.2477E-01 ( 59, 19)
n=  2258   udiff=  1.2023E-01 ( 78, 14)   vdiff=  1.2458E-01 ( 59, 19)
n=  2259   udiff=  1.2006E-01 ( 78, 14)   vdiff=  1.2439E-01 ( 59, 19)
n=  2260   udiff=  1.1989E-01 ( 78, 14)   vdiff=  1.2421E-01 ( 59, 19)
n=  2261   udiff=  1.1972E-01 ( 78, 14)   vdiff=  1.2402E-01 ( 59, 19)
n=  2262   udiff=  1.1955E-01 ( 78, 14)   vdiff=  1.2383E-01 ( 59, 19)
n=  2263   udiff=  1.1938E-01 ( 78, 14)   vdiff=  1.2364E-01 ( 59, 19)
n=  2264   udiff=  1.1921E-01 ( 78, 14)   vdiff=  1.2346E-01 ( 59, 19)
n=  2265   udiff=  1.1904E-01 ( 78, 14)   vdiff=  1.2327E-01 ( 59, 19)
n=  2266   udiff=  1.1887E-01 ( 78, 14)   vdiff=  1.2309E-01 ( 59, 19)
n=  2267   udiff=  1.1870E-01 ( 78, 14)   vdiff=  1.2290E-01 ( 59, 19)
n=  2268   udiff=  1.1853E-01 ( 78, 14)   vdiff=  1.2271E-01 ( 59, 19)
n=  2269   udiff=  1.1836E-01 ( 78, 14)   vdiff=  1.2253E-01 ( 59, 19)
n=  2270   udiff=  1.1819E-01 ( 78, 14)   vdiff=  1.2234E-01 ( 59, 19)
n=  2271   udiff=  1.1802E-01 ( 78, 14)   vdiff=  1.2216E-01 ( 59, 19)
n=  2272   udiff=  1.1785E-01 ( 78, 14)   vdiff=  1.2197E-01 ( 59, 19)
n=  2273   udiff=  1.1768E-01 ( 78, 14)   vdiff=  1.2179E-01 ( 59, 19)
n=  2274   udiff=  1.1751E-01 ( 78, 14)   vdiff=  1.2160E-01 ( 59, 19)
n=  2275   udiff=  1.1734E-01 ( 78, 14)   vdiff=  1.2142E-01 ( 59, 19)
n=  2276   udiff=  1.1717E-01 ( 78, 14)   vdiff=  1.2123E-01 ( 59, 19)
n=  2277   udiff=  1.1700E-01 ( 78, 14)   vdiff=  1.2105E-01 ( 59, 19)
n=  2278   udiff=  1.1684E-01 ( 78, 14)   vdiff=  1.2087E-01 ( 59, 19)
n=  2279   udiff=  1.1667E-01 ( 78, 14)   vdiff=  1.2068E-01 ( 59, 19)
n=  2280   udiff=  1.1650E-01 ( 78, 14)   vdiff=  1.2050E-01 ( 59, 19)
n=  2281   udiff=  1.1633E-01 ( 78, 14)   vdiff=  1.2032E-01 ( 59, 19)
n=  2282   udiff=  1.1616E-01 ( 78, 14)   vdiff=  1.2013E-01 ( 59, 19)
n=  2283   udiff=  1.1600E-01 ( 78, 14)   vdiff=  1.1995E-01 ( 59, 19)
n=  2284   udiff=  1.1583E-01 ( 78, 14)   vdiff=  1.1977E-01 ( 59, 19)
n=  2285   udiff=  1.1566E-01 ( 78, 14)   vdiff=  1.1959E-01 ( 59, 19)
n=  2286   udiff=  1.1549E-01 ( 78, 14)   vdiff=  1.1941E-01 ( 59, 19)
n=  2287   udiff=  1.1533E-01 ( 78, 14)   vdiff=  1.1922E-01 ( 59, 19)
n=  2288   udiff=  1.1516E-01 ( 78, 14)   vdiff=  1.1904E-01 ( 59, 19)
n=  2289   udiff=  1.1499E-01 ( 78, 14)   vdiff=  1.1886E-01 ( 59, 19)
n=  2290   udiff=  1.1483E-01 ( 78, 14)   vdiff=  1.1868E-01 ( 59, 19)
n=  2291   udiff=  1.1466E-01 ( 78, 14)   vdiff=  1.1850E-01 ( 59, 19)
n=  2292   udiff=  1.1449E-01 ( 78, 14)   vdiff=  1.1832E-01 ( 59, 19)
n=  2293   udiff=  1.1433E-01 ( 78, 14)   vdiff=  1.1814E-01 ( 59, 19)
n=  2294   udiff=  1.1416E-01 ( 79, 14)   vdiff=  1.1796E-01 ( 59, 19)
n=  2295   udiff=  1.1400E-01 ( 79, 14)   vdiff=  1.1778E-01 ( 59, 19)
n=  2296   udiff=  1.1385E-01 ( 79, 14)   vdiff=  1.1760E-01 ( 59, 19)
n=  2297   udiff=  1.1369E-01 ( 79, 14)   vdiff=  1.1742E-01 ( 59, 19)
n=  2298   udiff=  1.1353E-01 ( 79, 14)   vdiff=  1.1724E-01 ( 59, 19)
n=  2299   udiff=  1.1337E-01 ( 79, 14)   vdiff=  1.1706E-01 ( 59, 19)
n=  2300   udiff=  1.1321E-01 ( 79, 14)   vdiff=  1.1688E-01 ( 59, 19)
n=  2301   udiff=  1.1305E-01 ( 79, 14)   vdiff=  1.1670E-01 ( 59, 19)
n=  2302   udiff=  1.1289E-01 ( 79, 14)   vdiff=  1.1652E-01 ( 59, 19)
n=  2303   udiff=  1.1273E-01 ( 79, 14)   vdiff=  1.1634E-01 ( 59, 19)
n=  2304   udiff=  1.1257E-01 ( 79, 14)   vdiff=  1.1616E-01 ( 59, 19)
n=  2305   udiff=  1.1241E-01 ( 79, 14)   vdiff=  1.1599E-01 ( 59, 19)
n=  2306   udiff=  1.1226E-01 ( 79, 14)   vdiff=  1.1581E-01 ( 59, 19)
n=  2307   udiff=  1.1210E-01 ( 79, 14)   vdiff=  1.1563E-01 ( 59, 19)
n=  2308   udiff=  1.1194E-01 ( 79, 14)   vdiff=  1.1545E-01 ( 59, 19)
n=  2309   udiff=  1.1178E-01 ( 79, 14)   vdiff=  1.1528E-01 ( 59, 19)
n=  2310   udiff=  1.1162E-01 ( 79, 14)   vdiff=  1.1510E-01 ( 59, 19)
n=  2311   udiff=  1.1147E-01 ( 79, 14)   vdiff=  1.1492E-01 ( 59, 19)
n=  2312   udiff=  1.1131E-01 ( 79, 14)   vdiff=  1.1475E-01 ( 59, 19)
n=  2313   udiff=  1.1115E-01 ( 79, 14)   vdiff=  1.1457E-01 ( 59, 19)
n=  2314   udiff=  1.1099E-01 ( 79, 14)   vdiff=  1.1439E-01 ( 59, 19)
n=  2315   udiff=  1.1084E-01 ( 79, 14)   vdiff=  1.1422E-01 ( 59, 19)
n=  2316   udiff=  1.1074E-01 ( 92, 13)   vdiff=  1.1404E-01 ( 59, 19)
n=  2317   udiff=  1.1065E-01 ( 92, 13)   vdiff=  1.1387E-01 ( 59, 19)
n=  2318   udiff=  1.1057E-01 ( 92, 13)   vdiff=  1.1369E-01 ( 59, 19)
n=  2319   udiff=  1.1048E-01 ( 92, 13)   vdiff=  1.1352E-01 ( 59, 19)
n=  2320   udiff=  1.1039E-01 ( 92, 13)   vdiff=  1.1334E-01 ( 59, 19)
n=  2321   udiff=  1.1031E-01 ( 92, 13)   vdiff=  1.1317E-01 ( 59, 19)
n=  2322   udiff=  1.1022E-01 ( 92, 13)   vdiff=  1.1299E-01 ( 59, 19)
n=  2323   udiff=  1.1013E-01 ( 92, 13)   vdiff=  1.1282E-01 ( 59, 19)
n=  2324   udiff=  1.1004E-01 ( 92, 13)   vdiff=  1.1264E-01 ( 59, 19)
n=  2325   udiff=  1.0995E-01 ( 92, 13)   vdiff=  1.1247E-01 ( 59, 19)
n=  2326   udiff=  1.0986E-01 ( 92, 13)   vdiff=  1.1230E-01 ( 59, 19)
n=  2327   udiff=  1.0977E-01 ( 92, 13)   vdiff=  1.1212E-01 ( 59, 19)
n=  2328   udiff=  1.0968E-01 ( 92, 13)   vdiff=  1.1195E-01 ( 59, 19)
n=  2329   udiff=  1.0959E-01 ( 92, 13)   vdiff=  1.1178E-01 ( 59, 19)
n=  2330   udiff=  1.0950E-01 ( 92, 13)   vdiff=  1.1160E-01 ( 59, 19)
n=  2331   udiff=  1.0940E-01 ( 92, 13)   vdiff=  1.1143E-01 ( 59, 19)
n=  2332   udiff=  1.0931E-01 ( 92, 13)   vdiff=  1.1126E-01 ( 59, 19)
n=  2333   udiff=  1.0923E-01 ( 93, 13)   vdiff=  1.1109E-01 ( 59, 19)
n=  2334   udiff=  1.0915E-01 ( 93, 13)   vdiff=  1.1092E-01 ( 59, 19)
n=  2335   udiff=  1.0906E-01 ( 93, 13)   vdiff=  1.1074E-01 ( 59, 19)
n=  2336   udiff=  1.0898E-01 ( 93, 13)   vdiff=  1.1057E-01 ( 59, 19)
n=  2337   udiff=  1.0890E-01 ( 93, 13)   vdiff=  1.1040E-01 ( 59, 19)
n=  2338   udiff=  1.0882E-01 ( 93, 13)   vdiff=  1.1023E-01 ( 59, 19)
n=  2339   udiff=  1.0874E-01 ( 93, 13)   vdiff=  1.1006E-01 ( 59, 19)
n=  2340   udiff=  1.0865E-01 ( 93, 13)   vdiff=  1.0989E-01 ( 59, 19)
n=  2341   udiff=  1.0857E-01 ( 93, 13)   vdiff=  1.0972E-01 ( 59, 19)
n=  2342   udiff=  1.0849E-01 ( 93, 13)   vdiff=  1.0955E-01 ( 59, 19)
n=  2343   udiff=  1.0840E-01 ( 93, 13)   vdiff=  1.0938E-01 ( 59, 19)
n=  2344   udiff=  1.0832E-01 ( 93, 13)   vdiff=  1.0921E-01 ( 59, 19)
n=  2345   udiff=  1.0823E-01 ( 93, 13)   vdiff=  1.0904E-01 ( 59, 19)
n=  2346   udiff=  1.0815E-01 ( 93, 13)   vdiff=  1.0887E-01 ( 59, 19)
n=  2347   udiff=  1.0806E-01 ( 93, 13)   vdiff=  1.0870E-01 ( 59, 19)
n=  2348   udiff=  1.0797E-01 ( 93, 13)   vdiff=  1.0853E-01 ( 59, 19)
n=  2349   udiff=  1.0789E-01 ( 93, 13)   vdiff=  1.0836E-01 ( 59, 19)
n=  2350   udiff=  1.0780E-01 ( 93, 13)   vdiff=  1.0819E-01 ( 59, 19)
n=  2351   udiff=  1.0771E-01 ( 93, 13)   vdiff=  1.0802E-01 ( 59, 19)
n=  2352   udiff=  1.0763E-01 ( 93, 13)   vdiff=  1.0786E-01 ( 59, 19)
n=  2353   udiff=  1.0754E-01 ( 93, 13)   vdiff=  1.0769E-01 ( 59, 19)
n=  2354   udiff=  1.0745E-01 ( 93, 13)   vdiff=  1.0752E-01 ( 59, 19)
n=  2355   udiff=  1.0736E-01 ( 93, 13)   vdiff=  1.0735E-01 ( 59, 19)
n=  2356   udiff=  1.0727E-01 ( 93, 13)   vdiff=  1.0719E-01 ( 59, 19)
n=  2357   udiff=  1.0718E-01 ( 93, 13)   vdiff=  1.0702E-01 ( 59, 19)
n=  2358   udiff=  1.0709E-01 ( 93, 13)   vdiff=  1.0685E-01 ( 59, 19)
n=  2359   udiff=  1.0700E-01 ( 93, 13)   vdiff=  1.0669E-01 ( 59, 19)
n=  2360   udiff=  1.0691E-01 ( 93, 13)   vdiff=  1.0652E-01 ( 59, 19)
n=  2361   udiff=  1.0682E-01 ( 93, 13)   vdiff=  1.0635E-01 ( 59, 19)
n=  2362   udiff=  1.0673E-01 ( 93, 13)   vdiff=  1.0619E-01 ( 59, 19)
n=  2363   udiff=  1.0663E-01 ( 93, 13)   vdiff=  1.0602E-01 ( 59, 19)
n=  2364   udiff=  1.0654E-01 ( 93, 13)   vdiff=  1.0586E-01 ( 59, 19)
n=  2365   udiff=  1.0645E-01 ( 93, 13)   vdiff=  1.0569E-01 ( 59, 19)
n=  2366   udiff=  1.0636E-01 ( 93, 13)   vdiff=  1.0552E-01 ( 59, 19)
n=  2367   udiff=  1.0626E-01 ( 93, 13)   vdiff=  1.0536E-01 ( 59, 19)
n=  2368   udiff=  1.0617E-01 ( 93, 13)   vdiff=  1.0519E-01 ( 59, 19)
n=  2369   udiff=  1.0608E-01 ( 94, 13)   vdiff=  1.0503E-01 ( 59, 19)
n=  2370   udiff=  1.0600E-01 ( 94, 13)   vdiff=  1.0487E-01 ( 59, 19)
n=  2371   udiff=  1.0592E-01 ( 94, 13)   vdiff=  1.0470E-01 ( 59, 19)
n=  2372   udiff=  1.0583E-01 ( 94, 13)   vdiff=  1.0454E-01 ( 59, 19)
n=  2373   udiff=  1.0575E-01 ( 94, 13)   vdiff=  1.0437E-01 ( 59, 19)
n=  2374   udiff=  1.0567E-01 ( 94, 13)   vdiff=  1.0421E-01 ( 59, 19)
n=  2375   udiff=  1.0558E-01 ( 94, 13)   vdiff=  1.0405E-01 ( 59, 19)
n=  2376   udiff=  1.0550E-01 ( 94, 13)   vdiff=  1.0388E-01 ( 59, 19)
n=  2377   udiff=  1.0541E-01 ( 94, 13)   vdiff=  1.0372E-01 ( 59, 19)
n=  2378   udiff=  1.0533E-01 ( 94, 13)   vdiff=  1.0356E-01 ( 59, 19)
n=  2379   udiff=  1.0524E-01 ( 94, 13)   vdiff=  1.0340E-01 ( 59, 19)
n=  2380   udiff=  1.0516E-01 ( 94, 13)   vdiff=  1.0323E-01 ( 59, 19)
n=  2381   udiff=  1.0507E-01 ( 94, 13)   vdiff=  1.0307E-01 ( 59, 19)
n=  2382   udiff=  1.0498E-01 ( 94, 13)   vdiff=  1.0291E-01 ( 59, 19)
n=  2383   udiff=  1.0490E-01 ( 94, 13)   vdiff=  1.0275E-01 ( 59, 19)
n=  2384   udiff=  1.0481E-01 ( 94, 13)   vdiff=  1.0259E-01 ( 59, 19)
n=  2385   udiff=  1.0472E-01 ( 94, 13)   vdiff=  1.0242E-01 ( 59, 19)
n=  2386   udiff=  1.0464E-01 ( 94, 13)   vdiff=  1.0226E-01 ( 59, 19)
n=  2387   udiff=  1.0455E-01 ( 94, 13)   vdiff=  1.0210E-01 ( 59, 19)
n=  2388   udiff=  1.0446E-01 ( 94, 13)   vdiff=  1.0194E-01 ( 59, 19)
n=  2389   udiff=  1.0437E-01 ( 94, 13)   vdiff=  1.0178E-01 ( 59, 19)
n=  2390   udiff=  1.0428E-01 ( 94, 13)   vdiff=  1.0162E-01 ( 59, 19)
n=  2391   udiff=  1.0420E-01 ( 94, 13)   vdiff=  1.0146E-01 ( 59, 19)
n=  2392   udiff=  1.0411E-01 ( 94, 13)   vdiff=  1.0130E-01 ( 59, 19)
n=  2393   udiff=  1.0402E-01 ( 94, 13)   vdiff=  1.0114E-01 ( 59, 19)
n=  2394   udiff=  1.0393E-01 ( 94, 13)   vdiff=  1.0098E-01 ( 59, 19)
n=  2395   udiff=  1.0384E-01 ( 94, 13)   vdiff=  1.0082E-01 ( 59, 19)
n=  2396   udiff=  1.0375E-01 ( 94, 13)   vdiff=  1.0066E-01 ( 59, 19)
n=  2397   udiff=  1.0366E-01 ( 94, 13)   vdiff=  1.0051E-01 ( 59, 19)
n=  2398   udiff=  1.0357E-01 ( 94, 13)   vdiff=  1.0035E-01 ( 59, 19)
n=  2399   udiff=  1.0348E-01 ( 94, 13)   vdiff=  1.0019E-01 ( 59, 19)
n=  2400   udiff=  1.0339E-01 ( 94, 13)   vdiff=  1.0003E-01 ( 59, 19)
n=  2401   udiff=  1.0329E-01 ( 94, 13)   vdiff=  9.9872E-02 ( 59, 19)
n=  2402   udiff=  1.0320E-01 ( 94, 13)   vdiff=  9.9714E-02 ( 59, 19)
n=  2403   udiff=  1.0311E-01 ( 94, 13)   vdiff=  9.9557E-02 ( 59, 19)
n=  2404   udiff=  1.0302E-01 ( 94, 13)   vdiff=  9.9399E-02 ( 59, 19)
n=  2405   udiff=  1.0293E-01 ( 94, 13)   vdiff=  9.9242E-02 ( 59, 19)
n=  2406   udiff=  1.0284E-01 ( 94, 13)   vdiff=  9.9085E-02 ( 59, 19)
n=  2407   udiff=  1.0274E-01 ( 94, 13)   vdiff=  9.8928E-02 ( 59, 19)
n=  2408   udiff=  1.0265E-01 ( 94, 13)   vdiff=  9.8772E-02 ( 59, 19)
n=  2409   udiff=  1.0256E-01 ( 94, 13)   vdiff=  9.8615E-02 ( 59, 19)
n=  2410   udiff=  1.0247E-01 ( 94, 13)   vdiff=  9.8459E-02 ( 59, 19)
n=  2411   udiff=  1.0237E-01 ( 94, 13)   vdiff=  9.8303E-02 ( 59, 19)
n=  2412   udiff=  1.0228E-01 ( 94, 13)   vdiff=  9.8147E-02 ( 59, 19)
n=  2413   udiff=  1.0219E-01 ( 94, 13)   vdiff=  9.7992E-02 ( 59, 19)
n=  2414   udiff=  1.0209E-01 ( 94, 13)   vdiff=  9.7836E-02 ( 59, 19)
n=  2415   udiff=  1.0200E-01 ( 94, 13)   vdiff=  9.7682E-02 ( 59, 19)
n=  2416   udiff=  1.0190E-01 ( 94, 13)   vdiff=  9.7526E-02 ( 59, 19)
n=  2417   udiff=  1.0181E-01 ( 94, 13)   vdiff=  9.7372E-02 ( 59, 19)
n=  2418   udiff=  1.0172E-01 ( 94, 13)   vdiff=  9.7217E-02 ( 59, 19)
n=  2419   udiff=  1.0162E-01 ( 94, 13)   vdiff=  9.7063E-02 ( 59, 19)
n=  2420   udiff=  1.0153E-01 ( 94, 13)   vdiff=  9.6909E-02 ( 59, 19)
n=  2421   udiff=  1.0143E-01 ( 94, 13)   vdiff=  9.6755E-02 ( 59, 19)
n=  2422   udiff=  1.0134E-01 ( 94, 13)   vdiff=  9.6601E-02 ( 59, 19)
n=  2423   udiff=  1.0124E-01 ( 94, 13)   vdiff=  9.6448E-02 ( 59, 19)
n=  2424   udiff=  1.0115E-01 ( 95, 13)   vdiff=  9.6295E-02 ( 59, 19)
n=  2425   udiff=  1.0107E-01 ( 95, 13)   vdiff=  9.6141E-02 ( 59, 19)
n=  2426   udiff=  1.0099E-01 ( 95, 13)   vdiff=  9.5988E-02 ( 59, 19)
n=  2427   udiff=  1.0090E-01 ( 95, 13)   vdiff=  9.5836E-02 ( 59, 19)
n=  2428   udiff=  1.0082E-01 ( 95, 13)   vdiff=  9.5683E-02 ( 59, 19)
n=  2429   udiff=  1.0073E-01 ( 95, 13)   vdiff=  9.5531E-02 ( 59, 19)
n=  2430   udiff=  1.0065E-01 ( 95, 13)   vdiff=  9.5379E-02 ( 59, 19)
n=  2431   udiff=  1.0056E-01 ( 95, 13)   vdiff=  9.5227E-02 ( 59, 19)
n=  2432   udiff=  1.0048E-01 ( 95, 13)   vdiff=  9.5076E-02 ( 59, 19)
n=  2433   udiff=  1.0039E-01 ( 95, 13)   vdiff=  9.4924E-02 ( 59, 19)
n=  2434   udiff=  1.0031E-01 ( 95, 13)   vdiff=  9.4773E-02 ( 59, 19)
n=  2435   udiff=  1.0022E-01 ( 95, 13)   vdiff=  9.4622E-02 ( 59, 19)
n=  2436   udiff=  1.0013E-01 ( 95, 13)   vdiff=  9.4471E-02 ( 59, 19)
n=  2437   udiff=  1.0005E-01 ( 95, 13)   vdiff=  9.4320E-02 ( 59, 19)
n=  2438   udiff=  9.9960E-02 ( 95, 13)   vdiff=  9.4170E-02 ( 59, 19)
n=  2439   udiff=  9.9873E-02 ( 95, 13)   vdiff=  9.4020E-02 ( 59, 19)
n=  2440   udiff=  9.9786E-02 ( 95, 13)   vdiff=  9.3870E-02 ( 59, 19)
n=  2441   udiff=  9.9699E-02 ( 95, 13)   vdiff=  9.3720E-02 ( 59, 19)
n=  2442   udiff=  9.9612E-02 ( 95, 13)   vdiff=  9.3570E-02 ( 59, 19)
n=  2443   udiff=  9.9524E-02 ( 95, 13)   vdiff=  9.3421E-02 ( 59, 19)
n=  2444   udiff=  9.9436E-02 ( 95, 13)   vdiff=  9.3272E-02 ( 59, 19)
n=  2445   udiff=  9.9348E-02 ( 95, 13)   vdiff=  9.3122E-02 ( 59, 19)
n=  2446   udiff=  9.9260E-02 ( 95, 13)   vdiff=  9.2973E-02 ( 59, 19)
n=  2447   udiff=  9.9172E-02 ( 95, 13)   vdiff=  9.2825E-02 ( 59, 19)
n=  2448   udiff=  9.9084E-02 ( 95, 13)   vdiff=  9.2676E-02 ( 59, 19)
n=  2449   udiff=  9.8995E-02 ( 95, 13)   vdiff=  9.2528E-02 ( 59, 19)
n=  2450   udiff=  9.8906E-02 ( 95, 13)   vdiff=  9.2380E-02 ( 59, 19)
n=  2451   udiff=  9.8817E-02 ( 95, 13)   vdiff=  9.2232E-02 ( 59, 19)
n=  2452   udiff=  9.8728E-02 ( 95, 13)   vdiff=  9.2085E-02 ( 59, 19)
n=  2453   udiff=  9.8639E-02 ( 95, 13)   vdiff=  9.1937E-02 ( 59, 19)
n=  2454   udiff=  9.8550E-02 ( 95, 13)   vdiff=  9.1790E-02 ( 59, 19)
n=  2455   udiff=  9.8461E-02 ( 96, 13)   vdiff=  9.1643E-02 ( 59, 19)
n=  2456   udiff=  9.8382E-02 ( 96, 13)   vdiff=  9.1496E-02 ( 59, 19)
n=  2457   udiff=  9.8303E-02 ( 96, 13)   vdiff=  9.1350E-02 ( 59, 19)
n=  2458   udiff=  9.8224E-02 ( 96, 13)   vdiff=  9.1203E-02 ( 59, 19)
n=  2459   udiff=  9.8144E-02 ( 96, 13)   vdiff=  9.1057E-02 ( 59, 19)
n=  2460   udiff=  9.8064E-02 ( 96, 13)   vdiff=  9.0911E-02 ( 59, 19)
n=  2461   udiff=  9.7984E-02 ( 96, 13)   vdiff=  9.0765E-02 ( 59, 19)
n=  2462   udiff=  9.7904E-02 ( 96, 13)   vdiff=  9.0620E-02 ( 59, 19)
n=  2463   udiff=  9.7824E-02 ( 96, 13)   vdiff=  9.0474E-02 ( 59, 19)
n=  2464   udiff=  9.7743E-02 ( 96, 13)   vdiff=  9.0329E-02 ( 59, 19)
n=  2465   udiff=  9.7662E-02 ( 96, 13)   vdiff=  9.0184E-02 ( 59, 19)
n=  2466   udiff=  9.7581E-02 ( 96, 13)   vdiff=  9.0039E-02 ( 59, 19)
n=  2467   udiff=  9.7500E-02 ( 96, 13)   vdiff=  8.9895E-02 ( 59, 19)
n=  2468   udiff=  9.7418E-02 ( 96, 13)   vdiff=  8.9750E-02 ( 59, 19)
n=  2469   udiff=  9.7337E-02 ( 96, 13)   vdiff=  8.9606E-02 ( 59, 19)
n=  2470   udiff=  9.7255E-02 ( 96, 13)   vdiff=  8.9462E-02 ( 59, 19)
n=  2471   udiff=  9.7173E-02 ( 96, 13)   vdiff=  8.9318E-02 ( 59, 19)
n=  2472   udiff=  9.7091E-02 ( 96, 13)   vdiff=  8.9174E-02 ( 59, 19)
n=  2473   udiff=  9.7008E-02 ( 96, 13)   vdiff=  8.9031E-02 ( 59, 19)
n=  2474   udiff=  9.6926E-02 ( 96, 13)   vdiff=  8.8888E-02 ( 59, 19)
n=  2475   udiff=  9.6843E-02 ( 96, 13)   vdiff=  8.8745E-02 ( 59, 19)
n=  2476   udiff=  9.6760E-02 ( 96, 13)   vdiff=  8.8602E-02 ( 59, 19)
n=  2477   udiff=  9.6677E-02 ( 96, 13)   vdiff=  8.8459E-02 ( 59, 19)
n=  2478   udiff=  9.6593E-02 ( 96, 13)   vdiff=  8.8317E-02 ( 59, 19)
n=  2479   udiff=  9.6510E-02 ( 96, 13)   vdiff=  8.8175E-02 ( 59, 19)
n=  2480   udiff=  9.6426E-02 ( 96, 13)   vdiff=  8.8033E-02 ( 59, 19)
n=  2481   udiff=  9.6342E-02 ( 96, 13)   vdiff=  8.7891E-02 ( 59, 19)
n=  2482   udiff=  9.6258E-02 ( 96, 13)   vdiff=  8.7749E-02 ( 59, 19)
n=  2483   udiff=  9.6174E-02 ( 96, 13)   vdiff=  8.7608E-02 ( 59, 19)
n=  2484   udiff=  9.6092E-02 ( 97, 13)   vdiff=  8.7466E-02 ( 59, 19)
n=  2485   udiff=  9.6018E-02 ( 97, 13)   vdiff=  8.7326E-02 ( 59, 19)
n=  2486   udiff=  9.5943E-02 ( 97, 13)   vdiff=  8.7185E-02 ( 59, 19)
n=  2487   udiff=  9.5868E-02 ( 97, 13)   vdiff=  8.7044E-02 ( 59, 19)
n=  2488   udiff=  9.5793E-02 ( 97, 13)   vdiff=  8.6904E-02 ( 59, 19)
n=  2489   udiff=  9.5718E-02 ( 97, 13)   vdiff=  8.6763E-02 ( 59, 19)
n=  2490   udiff=  9.5642E-02 ( 97, 13)   vdiff=  8.6623E-02 ( 59, 19)
n=  2491   udiff=  9.5567E-02 ( 97, 13)   vdiff=  8.6483E-02 ( 59, 19)
n=  2492   udiff=  9.5491E-02 ( 97, 13)   vdiff=  8.6344E-02 ( 59, 19)
n=  2493   udiff=  9.5414E-02 ( 97, 13)   vdiff=  8.6208E-02 ( 59, 20)
n=  2494   udiff=  9.5338E-02 ( 97, 13)   vdiff=  8.6080E-02 ( 59, 20)
n=  2495   udiff=  9.5261E-02 ( 97, 13)   vdiff=  8.5953E-02 ( 59, 20)
n=  2496   udiff=  9.5184E-02 ( 97, 13)   vdiff=  8.5825E-02 ( 59, 20)
n=  2497   udiff=  9.5107E-02 ( 97, 13)   vdiff=  8.5698E-02 ( 59, 20)
n=  2498   udiff=  9.5030E-02 ( 97, 13)   vdiff=  8.5571E-02 ( 59, 20)
n=  2499   udiff=  9.4952E-02 ( 97, 13)   vdiff=  8.5444E-02 ( 59, 20)
n=  2500   udiff=  9.4875E-02 ( 97, 13)   vdiff=  8.5318E-02 ( 59, 20)
n=  2501   udiff=  9.4797E-02 ( 97, 13)   vdiff=  8.5191E-02 ( 59, 20)
n=  2502   udiff=  9.4718E-02 ( 97, 13)   vdiff=  8.5064E-02 ( 59, 20)
n=  2503   udiff=  9.4640E-02 ( 97, 13)   vdiff=  8.4938E-02 ( 59, 20)
n=  2504   udiff=  9.4561E-02 ( 97, 13)   vdiff=  8.4812E-02 ( 59, 20)
n=  2505   udiff=  9.4483E-02 ( 97, 13)   vdiff=  8.4686E-02 ( 59, 20)
n=  2506   udiff=  9.4404E-02 ( 97, 13)   vdiff=  8.4560E-02 ( 59, 20)
n=  2507   udiff=  9.4324E-02 ( 97, 13)   vdiff=  8.4434E-02 ( 59, 20)
n=  2508   udiff=  9.4245E-02 ( 97, 13)   vdiff=  8.4309E-02 ( 59, 20)
n=  2509   udiff=  9.4165E-02 ( 97, 13)   vdiff=  8.4184E-02 ( 59, 20)
n=  2510   udiff=  9.4086E-02 ( 97, 13)   vdiff=  8.4058E-02 ( 59, 20)
n=  2511   udiff=  9.4006E-02 ( 97, 13)   vdiff=  8.3933E-02 ( 59, 20)
n=  2512   udiff=  9.3930E-02 ( 98, 13)   vdiff=  8.3808E-02 ( 59, 20)
n=  2513   udiff=  9.3859E-02 ( 98, 13)   vdiff=  8.3683E-02 ( 59, 20)
n=  2514   udiff=  9.3788E-02 ( 98, 13)   vdiff=  8.3559E-02 ( 59, 20)
n=  2515   udiff=  9.3717E-02 ( 98, 13)   vdiff=  8.3434E-02 ( 59, 20)
n=  2516   udiff=  9.3646E-02 ( 98, 13)   vdiff=  8.3310E-02 ( 59, 20)
n=  2517   udiff=  9.3574E-02 ( 98, 13)   vdiff=  8.3186E-02 ( 59, 20)
n=  2518   udiff=  9.3503E-02 ( 98, 13)   vdiff=  8.3062E-02 ( 59, 20)
n=  2519   udiff=  9.3431E-02 ( 98, 13)   vdiff=  8.2938E-02 ( 59, 20)
n=  2520   udiff=  9.3358E-02 ( 98, 13)   vdiff=  8.2814E-02 ( 59, 20)
n=  2521   udiff=  9.3286E-02 ( 98, 13)   vdiff=  8.2690E-02 ( 59, 20)
n=  2522   udiff=  9.3213E-02 ( 98, 13)   vdiff=  8.2567E-02 ( 59, 20)
n=  2523   udiff=  9.3140E-02 ( 98, 13)   vdiff=  8.2443E-02 ( 59, 20)
n=  2524   udiff=  9.3067E-02 ( 98, 13)   vdiff=  8.2320E-02 ( 59, 20)
n=  2525   udiff=  9.2993E-02 ( 98, 13)   vdiff=  8.2197E-02 ( 59, 20)
n=  2526   udiff=  9.2920E-02 ( 98, 13)   vdiff=  8.2074E-02 ( 59, 20)
n=  2527   udiff=  9.2846E-02 ( 98, 13)   vdiff=  8.1951E-02 ( 59, 20)
n=  2528   udiff=  9.2772E-02 ( 98, 13)   vdiff=  8.1829E-02 ( 59, 20)
n=  2529   udiff=  9.2697E-02 ( 98, 13)   vdiff=  8.1706E-02 ( 59, 20)
n=  2530   udiff=  9.2623E-02 ( 98, 13)   vdiff=  8.1584E-02 ( 59, 20)
n=  2531   udiff=  9.2548E-02 ( 98, 13)   vdiff=  8.1462E-02 ( 59, 20)
n=  2532   udiff=  9.2473E-02 ( 98, 13)   vdiff=  8.1340E-02 ( 59, 20)
n=  2533   udiff=  9.2398E-02 ( 98, 13)   vdiff=  8.1218E-02 ( 59, 20)
n=  2534   udiff=  9.2323E-02 ( 98, 13)   vdiff=  8.1096E-02 ( 59, 20)
n=  2535   udiff=  9.2247E-02 ( 98, 13)   vdiff=  8.0975E-02 ( 59, 20)
n=  2536   udiff=  9.2172E-02 ( 98, 13)   vdiff=  8.0853E-02 ( 59, 20)
n=  2537   udiff=  9.2096E-02 ( 98, 13)   vdiff=  8.0732E-02 ( 59, 20)
n=  2538   udiff=  9.2020E-02 ( 98, 13)   vdiff=  8.0611E-02 ( 59, 20)
n=  2539   udiff=  9.1943E-02 ( 98, 13)   vdiff=  8.0490E-02 ( 59, 20)
n=  2540   udiff=  9.1873E-02 ( 99, 13)   vdiff=  8.0369E-02 ( 59, 20)
n=  2541   udiff=  9.1806E-02 ( 99, 13)   vdiff=  8.0248E-02 ( 59, 20)
n=  2542   udiff=  9.1738E-02 ( 99, 13)   vdiff=  8.0128E-02 ( 59, 20)
n=  2543   udiff=  9.1670E-02 ( 99, 13)   vdiff=  8.0007E-02 ( 59, 20)
n=  2544   udiff=  9.1601E-02 ( 99, 13)   vdiff=  7.9887E-02 ( 59, 20)
n=  2545   udiff=  9.1533E-02 ( 99, 13)   vdiff=  7.9767E-02 ( 59, 20)
n=  2546   udiff=  9.1464E-02 ( 99, 13)   vdiff=  7.9647E-02 ( 59, 20)
n=  2547   udiff=  9.1395E-02 ( 99, 13)   vdiff=  7.9527E-02 ( 59, 20)
n=  2548   udiff=  9.1326E-02 ( 99, 13)   vdiff=  7.9408E-02 ( 59, 20)
n=  2549   udiff=  9.1256E-02 ( 99, 13)   vdiff=  7.9288E-02 ( 59, 20)
n=  2550   udiff=  9.1186E-02 ( 99, 13)   vdiff=  7.9169E-02 ( 59, 20)
n=  2551   udiff=  9.1116E-02 ( 99, 13)   vdiff=  7.9050E-02 ( 59, 20)
n=  2552   udiff=  9.1046E-02 ( 99, 13)   vdiff=  7.8930E-02 ( 59, 20)
n=  2553   udiff=  9.0976E-02 ( 99, 13)   vdiff=  7.8812E-02 ( 59, 20)
n=  2554   udiff=  9.0905E-02 ( 99, 13)   vdiff=  7.8693E-02 ( 59, 20)
n=  2555   udiff=  9.0834E-02 ( 99, 13)   vdiff=  7.8574E-02 ( 59, 20)
n=  2556   udiff=  9.0763E-02 ( 99, 13)   vdiff=  7.8456E-02 ( 59, 20)
n=  2557   udiff=  9.0692E-02 ( 99, 13)   vdiff=  7.8337E-02 ( 59, 20)
n=  2558   udiff=  9.0620E-02 ( 99, 13)   vdiff=  7.8219E-02 ( 59, 20)
n=  2559   udiff=  9.0548E-02 ( 99, 13)   vdiff=  7.8101E-02 ( 59, 20)
n=  2560   udiff=  9.0476E-02 ( 99, 13)   vdiff=  7.7983E-02 ( 59, 20)
n=  2561   udiff=  9.0404E-02 ( 99, 13)   vdiff=  7.7865E-02 ( 59, 20)
n=  2562   udiff=  9.0332E-02 ( 99, 13)   vdiff=  7.7748E-02 ( 59, 20)
n=  2563   udiff=  9.0259E-02 ( 99, 13)   vdiff=  7.7630E-02 ( 59, 20)
n=  2564   udiff=  9.0187E-02 ( 99, 13)   vdiff=  7.7513E-02 ( 59, 20)
n=  2565   udiff=  9.0114E-02 ( 99, 13)   vdiff=  7.7396E-02 ( 59, 20)
n=  2566   udiff=  9.0040E-02 ( 99, 13)   vdiff=  7.7279E-02 ( 59, 20)
n=  2567   udiff=  8.9967E-02 ( 99, 13)   vdiff=  7.7162E-02 ( 59, 20)
n=  2568   udiff=  8.9901E-02 (100, 13)   vdiff=  7.7045E-02 ( 59, 20)
n=  2569   udiff=  8.9835E-02 (100, 13)   vdiff=  7.6928E-02 ( 59, 20)
n=  2570   udiff=  8.9770E-02 (100, 13)   vdiff=  7.6812E-02 ( 59, 20)
n=  2571   udiff=  8.9704E-02 (100, 13)   vdiff=  7.6696E-02 ( 59, 20)
n=  2572   udiff=  8.9638E-02 (100, 13)   vdiff=  7.6579E-02 ( 59, 20)
n=  2573   udiff=  8.9572E-02 (100, 13)   vdiff=  7.6463E-02 ( 59, 20)
n=  2574   udiff=  8.9505E-02 (100, 13)   vdiff=  7.6347E-02 ( 59, 20)
n=  2575   udiff=  8.9438E-02 (100, 13)   vdiff=  7.6232E-02 ( 59, 20)
n=  2576   udiff=  8.9371E-02 (100, 13)   vdiff=  7.6116E-02 ( 59, 20)
n=  2577   udiff=  8.9304E-02 (100, 13)   vdiff=  7.6001E-02 ( 59, 20)
n=  2578   udiff=  8.9237E-02 (100, 13)   vdiff=  7.5885E-02 ( 59, 20)
n=  2579   udiff=  8.9169E-02 (100, 13)   vdiff=  7.5770E-02 ( 59, 20)
n=  2580   udiff=  8.9101E-02 (100, 13)   vdiff=  7.5655E-02 ( 59, 20)
n=  2581   udiff=  8.9033E-02 (100, 13)   vdiff=  7.5540E-02 ( 59, 20)
n=  2582   udiff=  8.8965E-02 (100, 13)   vdiff=  7.5425E-02 ( 59, 20)
n=  2583   udiff=  8.8896E-02 (100, 13)   vdiff=  7.5311E-02 ( 59, 20)
n=  2584   udiff=  8.8827E-02 (100, 13)   vdiff=  7.5196E-02 ( 59, 20)
n=  2585   udiff=  8.8758E-02 (100, 13)   vdiff=  7.5082E-02 ( 59, 20)
n=  2586   udiff=  8.8689E-02 (100, 13)   vdiff=  7.4968E-02 ( 59, 20)
n=  2587   udiff=  8.8619E-02 (100, 13)   vdiff=  7.4854E-02 ( 59, 20)
n=  2588   udiff=  8.8550E-02 (100, 13)   vdiff=  7.4740E-02 ( 59, 20)
n=  2589   udiff=  8.8480E-02 (100, 13)   vdiff=  7.4626E-02 ( 59, 20)
n=  2590   udiff=  8.8410E-02 (100, 13)   vdiff=  7.4513E-02 ( 59, 20)
n=  2591   udiff=  8.8339E-02 (100, 13)   vdiff=  7.4399E-02 ( 59, 20)
n=  2592   udiff=  8.8269E-02 (100, 13)   vdiff=  7.4286E-02 ( 59, 20)
n=  2593   udiff=  8.8198E-02 (100, 13)   vdiff=  7.4173E-02 ( 59, 20)
n=  2594   udiff=  8.8127E-02 (100, 13)   vdiff=  7.4060E-02 ( 59, 20)
n=  2595   udiff=  8.8056E-02 (100, 13)   vdiff=  7.3947E-02 ( 59, 20)
n=  2596   udiff=  8.7989E-02 (101, 13)   vdiff=  7.3834E-02 ( 59, 20)
n=  2597   udiff=  8.7926E-02 (101, 13)   vdiff=  7.3722E-02 ( 59, 20)
n=  2598   udiff=  8.7862E-02 (101, 13)   vdiff=  7.3609E-02 ( 59, 20)
n=  2599   udiff=  8.7798E-02 (101, 13)   vdiff=  7.3497E-02 ( 59, 20)
n=  2600   udiff=  8.7733E-02 (101, 13)   vdiff=  7.3385E-02 ( 59, 20)
n=  2601   udiff=  8.7669E-02 (101, 13)   vdiff=  7.3273E-02 ( 59, 20)
n=  2602   udiff=  8.7604E-02 (101, 13)   vdiff=  7.3161E-02 ( 59, 20)
n=  2603   udiff=  8.7539E-02 (101, 13)   vdiff=  7.3049E-02 ( 59, 20)
n=  2604   udiff=  8.7474E-02 (101, 13)   vdiff=  7.2938E-02 ( 59, 20)
n=  2605   udiff=  8.7408E-02 (101, 13)   vdiff=  7.2826E-02 ( 59, 20)
n=  2606   udiff=  8.7343E-02 (101, 13)   vdiff=  7.2715E-02 ( 59, 20)
n=  2607   udiff=  8.7277E-02 (101, 13)   vdiff=  7.2604E-02 ( 59, 20)
n=  2608   udiff=  8.7210E-02 (101, 13)   vdiff=  7.2493E-02 ( 59, 20)
n=  2609   udiff=  8.7144E-02 (101, 13)   vdiff=  7.2382E-02 ( 59, 20)
n=  2610   udiff=  8.7077E-02 (101, 13)   vdiff=  7.2271E-02 ( 59, 20)
n=  2611   udiff=  8.7010E-02 (101, 13)   vdiff=  7.2160E-02 ( 59, 20)
n=  2612   udiff=  8.6943E-02 (101, 13)   vdiff=  7.2050E-02 ( 59, 20)
n=  2613   udiff=  8.6876E-02 (101, 13)   vdiff=  7.1940E-02 ( 59, 20)
n=  2614   udiff=  8.6808E-02 (101, 13)   vdiff=  7.1829E-02 ( 59, 20)
n=  2615   udiff=  8.6740E-02 (101, 13)   vdiff=  7.1719E-02 ( 59, 20)
n=  2616   udiff=  8.6672E-02 (101, 13)   vdiff=  7.1609E-02 ( 59, 20)
n=  2617   udiff=  8.6604E-02 (101, 13)   vdiff=  7.1500E-02 ( 59, 20)
n=  2618   udiff=  8.6536E-02 (101, 13)   vdiff=  7.1390E-02 ( 59, 20)
n=  2619   udiff=  8.6467E-02 (101, 13)   vdiff=  7.1281E-02 ( 59, 20)
n=  2620   udiff=  8.6398E-02 (101, 13)   vdiff=  7.1171E-02 ( 59, 20)
n=  2621   udiff=  8.6329E-02 (101, 13)   vdiff=  7.1062E-02 ( 59, 20)
n=  2622   udiff=  8.6260E-02 (101, 13)   vdiff=  7.0953E-02 ( 59, 20)
n=  2623   udiff=  8.6190E-02 (101, 13)   vdiff=  7.0844E-02 ( 59, 20)
n=  2624   udiff=  8.6121E-02 (101, 13)   vdiff=  7.0736E-02 ( 59, 20)
n=  2625   udiff=  8.6054E-02 (102, 13)   vdiff=  7.0627E-02 ( 59, 20)
n=  2626   udiff=  8.5991E-02 (102, 13)   vdiff=  7.0518E-02 ( 59, 20)
n=  2627   udiff=  8.5928E-02 (102, 13)   vdiff=  7.0410E-02 ( 59, 20)
n=  2628   udiff=  8.5865E-02 (102, 13)   vdiff=  7.0302E-02 ( 59, 20)
n=  2629   udiff=  8.5802E-02 (102, 13)   vdiff=  7.0194E-02 ( 59, 20)
n=  2630   udiff=  8.5738E-02 (102, 13)   vdiff=  7.0086E-02 ( 59, 20)
n=  2631   udiff=  8.5674E-02 (102, 13)   vdiff=  6.9978E-02 ( 59, 20)
n=  2632   udiff=  8.5610E-02 (102, 13)   vdiff=  6.9870E-02 ( 59, 20)
n=  2633   udiff=  8.5546E-02 (102, 13)   vdiff=  6.9763E-02 ( 59, 20)
n=  2634   udiff=  8.5481E-02 (102, 13)   vdiff=  6.9656E-02 ( 59, 20)
n=  2635   udiff=  8.5416E-02 (102, 13)   vdiff=  6.9548E-02 ( 59, 20)
n=  2636   udiff=  8.5351E-02 (102, 13)   vdiff=  6.9441E-02 ( 59, 20)
n=  2637   udiff=  8.5286E-02 (102, 13)   vdiff=  6.9334E-02 ( 59, 20)
n=  2638   udiff=  8.5221E-02 (102, 13)   vdiff=  6.9228E-02 ( 59, 20)
n=  2639   udiff=  8.5155E-02 (102, 13)   vdiff=  6.9121E-02 ( 59, 20)
n=  2640   udiff=  8.5089E-02 (102, 13)   vdiff=  6.9014E-02 ( 59, 20)
n=  2641   udiff=  8.5023E-02 (102, 13)   vdiff=  6.8908E-02 ( 59, 20)
n=  2642   udiff=  8.4956E-02 (102, 13)   vdiff=  6.8802E-02 ( 59, 20)
n=  2643   udiff=  8.4890E-02 (102, 13)   vdiff=  6.8696E-02 ( 59, 20)
n=  2644   udiff=  8.4823E-02 (102, 13)   vdiff=  6.8590E-02 ( 59, 20)
n=  2645   udiff=  8.4756E-02 (102, 13)   vdiff=  6.8484E-02 ( 59, 20)
n=  2646   udiff=  8.4688E-02 (102, 13)   vdiff=  6.8378E-02 ( 59, 20)
n=  2647   udiff=  8.4621E-02 (102, 13)   vdiff=  6.8273E-02 ( 59, 20)
n=  2648   udiff=  8.4553E-02 (102, 13)   vdiff=  6.8167E-02 ( 59, 20)
n=  2649   udiff=  8.4485E-02 (102, 13)   vdiff=  6.8062E-02 ( 59, 20)
n=  2650   udiff=  8.4417E-02 (102, 13)   vdiff=  6.7957E-02 ( 59, 20)
n=  2651   udiff=  8.4349E-02 (102, 13)   vdiff=  6.7852E-02 ( 59, 20)
n=  2652   udiff=  8.4280E-02 (102, 13)   vdiff=  6.7747E-02 ( 59, 20)
n=  2653   udiff=  8.4211E-02 (102, 13)   vdiff=  6.7642E-02 ( 59, 20)
n=  2654   udiff=  8.4142E-02 (102, 13)   vdiff=  6.7538E-02 ( 59, 20)
n=  2655   udiff=  8.4073E-02 (102, 13)   vdiff=  6.7433E-02 ( 59, 20)
n=  2656   udiff=  8.4010E-02 (103, 13)   vdiff=  6.7329E-02 ( 59, 20)
n=  2657   udiff=  8.3948E-02 (103, 13)   vdiff=  6.7225E-02 ( 59, 20)
n=  2658   udiff=  8.3885E-02 (103, 13)   vdiff=  6.7121E-02 ( 59, 20)
n=  2659   udiff=  8.3821E-02 (103, 13)   vdiff=  6.7017E-02 ( 59, 20)
n=  2660   udiff=  8.3758E-02 (103, 13)   vdiff=  6.6913E-02 ( 59, 20)
n=  2661   udiff=  8.3694E-02 (103, 13)   vdiff=  6.6809E-02 ( 59, 20)
n=  2662   udiff=  8.3630E-02 (103, 13)   vdiff=  6.6706E-02 ( 59, 20)
n=  2663   udiff=  8.3566E-02 (103, 13)   vdiff=  6.6602E-02 ( 59, 20)
n=  2664   udiff=  8.3502E-02 (103, 13)   vdiff=  6.6499E-02 ( 59, 20)
n=  2665   udiff=  8.3437E-02 (103, 13)   vdiff=  6.6396E-02 ( 59, 20)
n=  2666   udiff=  8.3372E-02 (103, 13)   vdiff=  6.6293E-02 ( 59, 20)
n=  2667   udiff=  8.3307E-02 (103, 13)   vdiff=  6.6190E-02 ( 59, 20)
n=  2668   udiff=  8.3242E-02 (103, 13)   vdiff=  6.6088E-02 ( 59, 20)
n=  2669   udiff=  8.3177E-02 (103, 13)   vdiff=  6.5985E-02 ( 59, 20)
n=  2670   udiff=  8.3111E-02 (103, 13)   vdiff=  6.5883E-02 ( 59, 20)
n=  2671   udiff=  8.3045E-02 (103, 13)   vdiff=  6.5781E-02 ( 59, 20)
n=  2672   udiff=  8.2979E-02 (103, 13)   vdiff=  6.5678E-02 ( 59, 20)
n=  2673   udiff=  8.2912E-02 (103, 13)   vdiff=  6.5577E-02 ( 59, 20)
n=  2674   udiff=  8.2846E-02 (103, 13)   vdiff=  6.5475E-02 ( 59, 20)
n=  2675   udiff=  8.2779E-02 (103, 13)   vdiff=  6.5373E-02 ( 59, 20)
n=  2676   udiff=  8.2712E-02 (103, 13)   vdiff=  6.5271E-02 ( 59, 20)
n=  2677   udiff=  8.2645E-02 (103, 13)   vdiff=  6.5170E-02 ( 59, 20)
n=  2678   udiff=  8.2577E-02 (103, 13)   vdiff=  6.5069E-02 ( 59, 20)
n=  2679   udiff=  8.2510E-02 (103, 13)   vdiff=  6.4968E-02 ( 59, 20)
n=  2680   udiff=  8.2442E-02 (103, 13)   vdiff=  6.4867E-02 ( 59, 20)
n=  2681   udiff=  8.2374E-02 (103, 13)   vdiff=  6.4766E-02 ( 59, 20)
n=  2682   udiff=  8.2306E-02 (103, 13)   vdiff=  6.4665E-02 ( 59, 20)
n=  2683   udiff=  8.2237E-02 (103, 13)   vdiff=  6.4564E-02 ( 59, 20)
n=  2684   udiff=  8.2169E-02 (103, 13)   vdiff=  6.4464E-02 ( 59, 20)
n=  2685   udiff=  8.2100E-02 (103, 13)   vdiff=  6.4363E-02 ( 59, 20)
n=  2686   udiff=  8.2031E-02 (103, 13)   vdiff=  6.4263E-02 ( 59, 20)
n=  2687   udiff=  8.1962E-02 (103, 13)   vdiff=  6.4163E-02 ( 59, 20)
n=  2688   udiff=  8.1893E-02 (104, 13)   vdiff=  6.4063E-02 ( 59, 20)
n=  2689   udiff=  8.1830E-02 (104, 13)   vdiff=  6.3963E-02 ( 59, 20)
n=  2690   udiff=  8.1766E-02 (104, 13)   vdiff=  6.3864E-02 ( 59, 20)
n=  2691   udiff=  8.1702E-02 (104, 13)   vdiff=  6.3764E-02 ( 59, 20)
n=  2692   udiff=  8.1638E-02 (104, 13)   vdiff=  6.3665E-02 ( 59, 20)
n=  2693   udiff=  8.1574E-02 (104, 13)   vdiff=  6.3565E-02 ( 59, 20)
n=  2694   udiff=  8.1509E-02 (104, 13)   vdiff=  6.3466E-02 ( 59, 20)
n=  2695   udiff=  8.1444E-02 (104, 13)   vdiff=  6.3367E-02 ( 59, 20)
n=  2696   udiff=  8.1379E-02 (104, 13)   vdiff=  6.3268E-02 ( 59, 20)
n=  2697   udiff=  8.1314E-02 (104, 13)   vdiff=  6.3170E-02 ( 59, 20)
n=  2698   udiff=  8.1249E-02 (104, 13)   vdiff=  6.3071E-02 ( 59, 20)
n=  2699   udiff=  8.1183E-02 (104, 13)   vdiff=  6.2972E-02 ( 59, 20)
n=  2700   udiff=  8.1117E-02 (104, 13)   vdiff=  6.2874E-02 ( 59, 20)
n=  2701   udiff=  8.1051E-02 (104, 13)   vdiff=  6.2776E-02 ( 59, 20)
n=  2702   udiff=  8.0985E-02 (104, 13)   vdiff=  6.2678E-02 ( 59, 20)
n=  2703   udiff=  8.0919E-02 (104, 13)   vdiff=  6.2580E-02 ( 59, 20)
n=  2704   udiff=  8.0852E-02 (104, 13)   vdiff=  6.2482E-02 ( 59, 20)
n=  2705   udiff=  8.0785E-02 (104, 13)   vdiff=  6.2384E-02 ( 59, 20)
n=  2706   udiff=  8.0718E-02 (104, 13)   vdiff=  6.2287E-02 ( 59, 20)
n=  2707   udiff=  8.0651E-02 (104, 13)   vdiff=  6.2189E-02 ( 59, 20)
n=  2708   udiff=  8.0583E-02 (104, 13)   vdiff=  6.2092E-02 ( 59, 20)
n=  2709   udiff=  8.0516E-02 (104, 13)   vdiff=  6.1995E-02 ( 59, 20)
n=  2710   udiff=  8.0448E-02 (104, 13)   vdiff=  6.1898E-02 ( 59, 20)
n=  2711   udiff=  8.0380E-02 (104, 13)   vdiff=  6.1801E-02 ( 59, 20)
n=  2712   udiff=  8.0311E-02 (104, 13)   vdiff=  6.1704E-02 ( 59, 20)
n=  2713   udiff=  8.0243E-02 (104, 13)   vdiff=  6.1608E-02 ( 59, 20)
n=  2714   udiff=  8.0174E-02 (104, 13)   vdiff=  6.1511E-02 ( 59, 20)
n=  2715   udiff=  8.0105E-02 (104, 13)   vdiff=  6.1415E-02 ( 59, 20)
n=  2716   udiff=  8.0036E-02 (104, 13)   vdiff=  6.1319E-02 ( 59, 20)
n=  2717   udiff=  7.9967E-02 (104, 13)   vdiff=  6.1223E-02 ( 59, 20)
n=  2718   udiff=  7.9898E-02 (104, 13)   vdiff=  6.1127E-02 ( 59, 20)
n=  2719   udiff=  7.9828E-02 (104, 13)   vdiff=  6.1031E-02 ( 59, 20)
n=  2720   udiff=  7.9758E-02 (104, 13)   vdiff=  6.0935E-02 ( 59, 20)
n=  2721   udiff=  7.9689E-02 (104, 13)   vdiff=  6.0840E-02 ( 59, 20)
n=  2722   udiff=  7.9618E-02 (104, 13)   vdiff=  6.0744E-02 ( 59, 20)
n=  2723   udiff=  7.9548E-02 (104, 13)   vdiff=  6.0649E-02 ( 59, 20)
n=  2724   udiff=  7.9478E-02 (104, 13)   vdiff=  6.0554E-02 ( 59, 20)
n=  2725   udiff=  7.9411E-02 (105, 13)   vdiff=  6.0458E-02 ( 59, 20)
n=  2726   udiff=  7.9345E-02 (105, 13)   vdiff=  6.0364E-02 ( 59, 20)
n=  2727   udiff=  7.9280E-02 (105, 13)   vdiff=  6.0269E-02 ( 59, 20)
n=  2728   udiff=  7.9214E-02 (105, 13)   vdiff=  6.0174E-02 ( 59, 20)
n=  2729   udiff=  7.9148E-02 (105, 13)   vdiff=  6.0080E-02 ( 59, 20)
n=  2730   udiff=  7.9082E-02 (105, 13)   vdiff=  5.9985E-02 ( 59, 20)
n=  2731   udiff=  7.9015E-02 (105, 13)   vdiff=  5.9891E-02 ( 59, 20)
n=  2732   udiff=  7.8949E-02 (105, 13)   vdiff=  5.9797E-02 ( 59, 20)
n=  2733   udiff=  7.8882E-02 (105, 13)   vdiff=  5.9703E-02 ( 59, 20)
n=  2734   udiff=  7.8815E-02 (105, 13)   vdiff=  5.9609E-02 ( 59, 20)
n=  2735   udiff=  7.8748E-02 (105, 13)   vdiff=  5.9515E-02 ( 59, 20)
n=  2736   udiff=  7.8680E-02 (105, 13)   vdiff=  5.9422E-02 ( 59, 20)
n=  2737   udiff=  7.8613E-02 (105, 13)   vdiff=  5.9328E-02 ( 59, 20)
n=  2738   udiff=  7.8545E-02 (105, 13)   vdiff=  5.9235E-02 ( 59, 20)
n=  2739   udiff=  7.8477E-02 (105, 13)   vdiff=  5.9141E-02 ( 59, 20)
n=  2740   udiff=  7.8409E-02 (105, 13)   vdiff=  5.9048E-02 ( 59, 20)
n=  2741   udiff=  7.8340E-02 (105, 13)   vdiff=  5.8955E-02 ( 59, 20)
n=  2742   udiff=  7.8272E-02 (105, 13)   vdiff=  5.8862E-02 ( 59, 20)
n=  2743   udiff=  7.8203E-02 (105, 13)   vdiff=  5.8770E-02 ( 59, 20)
n=  2744   udiff=  7.8134E-02 (105, 13)   vdiff=  5.8677E-02 ( 59, 20)
n=  2745   udiff=  7.8065E-02 (105, 13)   vdiff=  5.8585E-02 ( 59, 20)
n=  2746   udiff=  7.7996E-02 (105, 13)   vdiff=  5.8492E-02 ( 59, 20)
n=  2747   udiff=  7.7926E-02 (105, 13)   vdiff=  5.8400E-02 ( 59, 20)
n=  2748   udiff=  7.7856E-02 (105, 13)   vdiff=  5.8308E-02 ( 59, 20)
n=  2749   udiff=  7.7787E-02 (105, 13)   vdiff=  5.8216E-02 ( 59, 20)
n=  2750   udiff=  7.7717E-02 (105, 13)   vdiff=  5.8124E-02 ( 59, 20)
n=  2751   udiff=  7.7646E-02 (105, 13)   vdiff=  5.8033E-02 ( 59, 20)
n=  2752   udiff=  7.7576E-02 (105, 13)   vdiff=  5.7941E-02 ( 59, 20)
n=  2753   udiff=  7.7506E-02 (105, 13)   vdiff=  5.7850E-02 ( 59, 20)
n=  2754   udiff=  7.7435E-02 (105, 13)   vdiff=  5.7758E-02 ( 59, 20)
n=  2755   udiff=  7.7364E-02 (105, 13)   vdiff=  5.7667E-02 ( 59, 20)
n=  2756   udiff=  7.7293E-02 (105, 13)   vdiff=  5.7576E-02 ( 59, 20)
n=  2757   udiff=  7.7222E-02 (105, 13)   vdiff=  5.7485E-02 ( 59, 20)
n=  2758   udiff=  7.7150E-02 (105, 13)   vdiff=  5.7394E-02 ( 59, 20)
n=  2759   udiff=  7.7079E-02 (105, 13)   vdiff=  5.7304E-02 ( 59, 20)
n=  2760   udiff=  7.7007E-02 (105, 13)   vdiff=  5.7213E-02 ( 59, 20)
n=  2761   udiff=  7.6935E-02 (105, 13)   vdiff=  5.7123E-02 ( 59, 20)
n=  2762   udiff=  7.6863E-02 (105, 13)   vdiff=  5.7032E-02 ( 59, 20)
n=  2763   udiff=  7.6791E-02 (105, 13)   vdiff=  5.6942E-02 ( 59, 20)
n=  2764   udiff=  7.6719E-02 (105, 13)   vdiff=  5.6852E-02 ( 59, 20)
n=  2765   udiff=  7.6647E-02 (105, 13)   vdiff=  5.6762E-02 ( 59, 20)
n=  2766   udiff=  7.6574E-02 (105, 13)   vdiff=  5.6672E-02 ( 59, 20)
n=  2767   udiff=  7.6503E-02 (106, 13)   vdiff=  5.6583E-02 ( 59, 20)
n=  2768   udiff=  7.6434E-02 (106, 13)   vdiff=  5.6493E-02 ( 59, 20)
n=  2769   udiff=  7.6366E-02 (106, 13)   vdiff=  5.6404E-02 ( 59, 20)
n=  2770   udiff=  7.6297E-02 (106, 13)   vdiff=  5.6314E-02 ( 59, 20)
n=  2771   udiff=  7.6228E-02 (106, 13)   vdiff=  5.6225E-02 ( 59, 20)
n=  2772   udiff=  7.6159E-02 (106, 13)   vdiff=  5.6136E-02 ( 59, 20)
n=  2773   udiff=  7.6090E-02 (106, 13)   vdiff=  5.6047E-02 ( 59, 20)
n=  2774   udiff=  7.6021E-02 (106, 13)   vdiff=  5.5958E-02 ( 59, 20)
n=  2775   udiff=  7.5951E-02 (106, 13)   vdiff=  5.5870E-02 ( 59, 20)
n=  2776   udiff=  7.5881E-02 (106, 13)   vdiff=  5.5781E-02 ( 59, 20)
n=  2777   udiff=  7.5811E-02 (106, 13)   vdiff=  5.5693E-02 ( 59, 20)
n=  2778   udiff=  7.5741E-02 (106, 13)   vdiff=  5.5604E-02 ( 59, 20)
n=  2779   udiff=  7.5671E-02 (106, 13)   vdiff=  5.5516E-02 ( 59, 20)
n=  2780   udiff=  7.5601E-02 (106, 13)   vdiff=  5.5428E-02 ( 59, 20)
n=  2781   udiff=  7.5530E-02 (106, 13)   vdiff=  5.5340E-02 ( 59, 20)
n=  2782   udiff=  7.5459E-02 (106, 13)   vdiff=  5.5252E-02 ( 59, 20)
n=  2783   udiff=  7.5389E-02 (106, 13)   vdiff=  5.5165E-02 ( 59, 20)
n=  2784   udiff=  7.5318E-02 (106, 13)   vdiff=  5.5077E-02 ( 59, 20)
n=  2785   udiff=  7.5246E-02 (106, 13)   vdiff=  5.4990E-02 ( 59, 20)
n=  2786   udiff=  7.5175E-02 (106, 13)   vdiff=  5.4902E-02 ( 59, 20)
n=  2787   udiff=  7.5103E-02 (106, 13)   vdiff=  5.4815E-02 ( 59, 20)
n=  2788   udiff=  7.5032E-02 (106, 13)   vdiff=  5.4728E-02 ( 59, 20)
n=  2789   udiff=  7.4960E-02 (106, 13)   vdiff=  5.4641E-02 ( 59, 20)
n=  2790   udiff=  7.4888E-02 (106, 13)   vdiff=  5.4554E-02 ( 59, 20)
n=  2791   udiff=  7.4816E-02 (106, 13)   vdiff=  5.4468E-02 ( 59, 20)
n=  2792   udiff=  7.4744E-02 (106, 13)   vdiff=  5.4381E-02 ( 59, 20)
n=  2793   udiff=  7.4671E-02 (106, 13)   vdiff=  5.4295E-02 ( 59, 20)
n=  2794   udiff=  7.4599E-02 (106, 13)   vdiff=  5.4208E-02 ( 59, 20)
n=  2795   udiff=  7.4526E-02 (106, 13)   vdiff=  5.4122E-02 ( 59, 20)
n=  2796   udiff=  7.4453E-02 (106, 13)   vdiff=  5.4036E-02 ( 59, 20)
n=  2797   udiff=  7.4380E-02 (106, 13)   vdiff=  5.3950E-02 ( 59, 20)
n=  2798   udiff=  7.4307E-02 (106, 13)   vdiff=  5.3864E-02 ( 59, 20)
n=  2799   udiff=  7.4234E-02 (106, 13)   vdiff=  5.3778E-02 ( 59, 20)
n=  2800   udiff=  7.4160E-02 (106, 13)   vdiff=  5.3693E-02 ( 59, 20)
n=  2801   udiff=  7.4087E-02 (106, 13)   vdiff=  5.3607E-02 ( 59, 20)
n=  2802   udiff=  7.4013E-02 (106, 13)   vdiff=  5.3522E-02 ( 59, 20)
n=  2803   udiff=  7.3939E-02 (106, 13)   vdiff=  5.3437E-02 ( 59, 20)
n=  2804   udiff=  7.3865E-02 (106, 13)   vdiff=  5.3352E-02 ( 59, 20)
n=  2805   udiff=  7.3791E-02 (106, 13)   vdiff=  5.3267E-02 ( 59, 20)
n=  2806   udiff=  7.3717E-02 (106, 13)   vdiff=  5.3182E-02 ( 59, 20)
n=  2807   udiff=  7.3642E-02 (106, 13)   vdiff=  5.3097E-02 ( 59, 20)
n=  2808   udiff=  7.3568E-02 (106, 13)   vdiff=  5.3012E-02 ( 59, 20)
n=  2809   udiff=  7.3493E-02 (106, 13)   vdiff=  5.2928E-02 ( 59, 20)
n=  2810   udiff=  7.3418E-02 (106, 13)   vdiff=  5.2843E-02 ( 59, 20)
n=  2811   udiff=  7.3344E-02 (106, 13)   vdiff=  5.2759E-02 ( 59, 20)
n=  2812   udiff=  7.3269E-02 (106, 13)   vdiff=  5.2675E-02 ( 59, 20)
n=  2813   udiff=  7.3193E-02 (106, 13)   vdiff=  5.2591E-02 ( 59, 20)
n=  2814   udiff=  7.3118E-02 (106, 13)   vdiff=  5.2507E-02 ( 59, 20)
n=  2815   udiff=  7.3043E-02 (106, 13)   vdiff=  5.2423E-02 ( 59, 20)
n=  2816   udiff=  7.2967E-02 (106, 13)   vdiff=  5.2339E-02 ( 59, 20)
n=  2817   udiff=  7.2892E-02 (106, 13)   vdiff=  5.2256E-02 ( 59, 20)
n=  2818   udiff=  7.2816E-02 (106, 13)   vdiff=  5.2172E-02 ( 59, 20)
n=  2819   udiff=  7.2740E-02 (106, 13)   vdiff=  5.2089E-02 ( 59, 20)
n=  2820   udiff=  7.2666E-02 (107, 13)   vdiff=  5.2006E-02 ( 59, 20)
n=  2821   udiff=  7.2593E-02 (107, 13)   vdiff=  5.1923E-02 ( 59, 20)
n=  2822   udiff=  7.2520E-02 (107, 13)   vdiff=  5.1840E-02 ( 59, 20)
n=  2823   udiff=  7.2448E-02 (107, 13)   vdiff=  5.1757E-02 ( 59, 20)
n=  2824   udiff=  7.2375E-02 (107, 13)   vdiff=  5.1674E-02 ( 59, 20)
n=  2825   udiff=  7.2302E-02 (107, 13)   vdiff=  5.1592E-02 ( 59, 20)
n=  2826   udiff=  7.2229E-02 (107, 13)   vdiff=  5.1509E-02 ( 59, 20)
n=  2827   udiff=  7.2155E-02 (107, 13)   vdiff=  5.1427E-02 ( 59, 20)
n=  2828   udiff=  7.2082E-02 (107, 13)   vdiff=  5.1344E-02 ( 59, 20)
n=  2829   udiff=  7.2008E-02 (107, 13)   vdiff=  5.1262E-02 ( 59, 20)
n=  2830   udiff=  7.1935E-02 (107, 13)   vdiff=  5.1180E-02 ( 59, 20)
n=  2831   udiff=  7.1861E-02 (107, 13)   vdiff=  5.1136E-02 (120, 11)
n=  2832   udiff=  7.1787E-02 (107, 13)   vdiff=  5.1125E-02 (120, 11)
n=  2833   udiff=  7.1713E-02 (107, 13)   vdiff=  5.1114E-02 (120, 11)
n=  2834   udiff=  7.1639E-02 (107, 13)   vdiff=  5.1102E-02 (120, 11)
n=  2835   udiff=  7.1564E-02 (107, 13)   vdiff=  5.1090E-02 (120, 11)
n=  2836   udiff=  7.1490E-02 (107, 13)   vdiff=  5.1077E-02 (120, 11)
n=  2837   udiff=  7.1415E-02 (107, 13)   vdiff=  5.1064E-02 (120, 11)
n=  2838   udiff=  7.1341E-02 (107, 13)   vdiff=  5.1051E-02 (120, 11)
n=  2839   udiff=  7.1266E-02 (107, 13)   vdiff=  5.1038E-02 (120, 11)
n=  2840   udiff=  7.1191E-02 (107, 13)   vdiff=  5.1024E-02 (120, 11)
n=  2841   udiff=  7.1116E-02 (107, 13)   vdiff=  5.1010E-02 (120, 11)
n=  2842   udiff=  7.1041E-02 (107, 13)   vdiff=  5.0996E-02 (120, 11)
n=  2843   udiff=  7.0966E-02 (107, 13)   vdiff=  5.0982E-02 (120, 11)
n=  2844   udiff=  7.0891E-02 (107, 13)   vdiff=  5.0967E-02 (120, 11)
n=  2845   udiff=  7.0815E-02 (107, 13)   vdiff=  5.0952E-02 (120, 11)
n=  2846   udiff=  7.0740E-02 (107, 13)   vdiff=  5.0936E-02 (120, 11)
n=  2847   udiff=  7.0664E-02 (107, 13)   vdiff=  5.0920E-02 (120, 11)
n=  2848   udiff=  7.0588E-02 (107, 13)   vdiff=  5.0904E-02 (120, 11)
n=  2849   udiff=  7.0512E-02 (107, 13)   vdiff=  5.0888E-02 (120, 11)
n=  2850   udiff=  7.0436E-02 (107, 13)   vdiff=  5.0871E-02 (120, 11)
n=  2851   udiff=  7.0360E-02 (107, 13)   vdiff=  5.0854E-02 (120, 11)
n=  2852   udiff=  7.0284E-02 (107, 13)   vdiff=  5.0837E-02 (120, 11)
n=  2853   udiff=  7.0208E-02 (107, 13)   vdiff=  5.0820E-02 (120, 11)
n=  2854   udiff=  7.0132E-02 (107, 13)   vdiff=  5.0802E-02 (120, 11)
n=  2855   udiff=  7.0055E-02 (107, 13)   vdiff=  5.0784E-02 (120, 11)
n=  2856   udiff=  6.9979E-02 (107, 13)   vdiff=  5.0765E-02 (120, 11)
n=  2857   udiff=  6.9902E-02 (107, 13)   vdiff=  5.0747E-02 (120, 11)
n=  2858   udiff=  6.9825E-02 (107, 13)   vdiff=  5.0728E-02 (120, 11)
n=  2859   udiff=  6.9749E-02 (107, 13)   vdiff=  5.0708E-02 (120, 11)
n=  2860   udiff=  6.9672E-02 (107, 13)   vdiff=  5.0689E-02 (120, 11)
n=  2861   udiff=  6.9595E-02 (107, 13)   vdiff=  5.0669E-02 (120, 11)
n=  2862   udiff=  6.9518E-02 (107, 13)   vdiff=  5.0649E-02 (120, 11)
n=  2863   udiff=  6.9441E-02 (107, 13)   vdiff=  5.0628E-02 (120, 11)
n=  2864   udiff=  6.9363E-02 (107, 13)   vdiff=  5.0608E-02 (120, 11)
n=  2865   udiff=  6.9286E-02 (107, 13)   vdiff=  5.0587E-02 (120, 11)
n=  2866   udiff=  6.9209E-02 (107, 13)   vdiff=  5.0565E-02 (120, 11)
n=  2867   udiff=  6.9131E-02 (107, 13)   vdiff=  5.0544E-02 (120, 11)
n=  2868   udiff=  6.9054E-02 (107, 13)   vdiff=  5.0522E-02 (120, 11)
n=  2869   udiff=  6.8976E-02 (107, 13)   vdiff=  5.0500E-02 (120, 11)
n=  2870   udiff=  6.8898E-02 (107, 13)   vdiff=  5.0477E-02 (120, 11)
n=  2871   udiff=  6.8821E-02 (107, 13)   vdiff=  5.0455E-02 (120, 11)
n=  2872   udiff=  6.8743E-02 (107, 13)   vdiff=  5.0432E-02 (120, 11)
n=  2873   udiff=  6.8665E-02 (107, 13)   vdiff=  5.0408E-02 (120, 11)
n=  2874   udiff=  6.8587E-02 (107, 13)   vdiff=  5.0385E-02 (120, 11)
n=  2875   udiff=  6.8509E-02 (107, 13)   vdiff=  5.0361E-02 (120, 11)
n=  2876   udiff=  6.8431E-02 (107, 13)   vdiff=  5.0337E-02 (120, 11)
n=  2877   udiff=  6.8352E-02 (107, 13)   vdiff=  5.0312E-02 (120, 11)
n=  2878   udiff=  6.8274E-02 (107, 13)   vdiff=  5.0288E-02 (120, 11)
n=  2879   udiff=  6.8196E-02 (107, 13)   vdiff=  5.0263E-02 (120, 11)
n=  2880   udiff=  6.8117E-02 (107, 13)   vdiff=  5.0238E-02 (120, 11)
n=  2881   udiff=  6.8039E-02 (107, 13)   vdiff=  5.0212E-02 (120, 11)
n=  2882   udiff=  6.7961E-02 (107, 13)   vdiff=  5.0186E-02 (120, 11)
n=  2883   udiff=  6.7882E-02 (107, 13)   vdiff=  5.0160E-02 (120, 11)
n=  2884   udiff=  6.7803E-02 (107, 13)   vdiff=  5.0134E-02 (120, 11)
n=  2885   udiff=  6.7725E-02 (107, 13)   vdiff=  5.0108E-02 (120, 11)
n=  2886   udiff=  6.7646E-02 (107, 13)   vdiff=  5.0081E-02 (120, 11)
n=  2887   udiff=  6.7567E-02 (107, 13)   vdiff=  5.0054E-02 (120, 11)
n=  2888   udiff=  6.7488E-02 (107, 13)   vdiff=  5.0026E-02 (120, 11)
n=  2889   udiff=  6.7409E-02 (107, 13)   vdiff=  4.9999E-02 (120, 11)
n=  2890   udiff=  6.7330E-02 (107, 13)   vdiff=  4.9971E-02 (120, 11)
n=  2891   udiff=  6.7251E-02 (107, 13)   vdiff=  4.9943E-02 (120, 11)
n=  2892   udiff=  6.7172E-02 (107, 13)   vdiff=  4.9914E-02 (120, 11)
n=  2893   udiff=  6.7093E-02 (107, 13)   vdiff=  4.9886E-02 (120, 11)
n=  2894   udiff=  6.7014E-02 (107, 13)   vdiff=  4.9857E-02 (120, 11)
n=  2895   udiff=  6.6935E-02 (107, 13)   vdiff=  4.9828E-02 (120, 11)
n=  2896   udiff=  6.6855E-02 (107, 13)   vdiff=  4.9798E-02 (120, 11)
n=  2897   udiff=  6.6778E-02 (108, 13)   vdiff=  4.9769E-02 (120, 11)
n=  2898   udiff=  6.6701E-02 (108, 13)   vdiff=  4.9739E-02 (120, 11)
n=  2899   udiff=  6.6624E-02 (108, 13)   vdiff=  4.9709E-02 (120, 11)
n=  2900   udiff=  6.6546E-02 (108, 13)   vdiff=  4.9678E-02 (120, 11)
n=  2901   udiff=  6.6469E-02 (108, 13)   vdiff=  4.9648E-02 (120, 11)
n=  2902   udiff=  6.6391E-02 (108, 13)   vdiff=  4.9617E-02 (120, 11)
n=  2903   udiff=  6.6314E-02 (108, 13)   vdiff=  4.9586E-02 (120, 11)
n=  2904   udiff=  6.6236E-02 (108, 13)   vdiff=  4.9554E-02 (120, 11)
n=  2905   udiff=  6.6159E-02 (108, 13)   vdiff=  4.9523E-02 (120, 11)
n=  2906   udiff=  6.6081E-02 (108, 13)   vdiff=  4.9491E-02 (120, 11)
n=  2907   udiff=  6.6003E-02 (108, 13)   vdiff=  4.9459E-02 (120, 11)
n=  2908   udiff=  6.5926E-02 (108, 13)   vdiff=  4.9426E-02 (120, 11)
n=  2909   udiff=  6.5848E-02 (108, 13)   vdiff=  4.9394E-02 (120, 11)
n=  2910   udiff=  6.5770E-02 (108, 13)   vdiff=  4.9361E-02 (120, 11)
n=  2911   udiff=  6.5692E-02 (108, 13)   vdiff=  4.9328E-02 (120, 11)
n=  2912   udiff=  6.5614E-02 (108, 13)   vdiff=  4.9294E-02 (120, 11)
n=  2913   udiff=  6.5536E-02 (108, 13)   vdiff=  4.9261E-02 (120, 11)
n=  2914   udiff=  6.5458E-02 (108, 13)   vdiff=  4.9227E-02 (120, 11)
n=  2915   udiff=  6.5380E-02 (108, 13)   vdiff=  4.9193E-02 (120, 11)
n=  2916   udiff=  6.5302E-02 (108, 13)   vdiff=  4.9159E-02 (120, 11)
n=  2917   udiff=  6.5223E-02 (108, 13)   vdiff=  4.9124E-02 (120, 11)
n=  2918   udiff=  6.5145E-02 (108, 13)   vdiff=  4.9090E-02 (120, 11)
n=  2919   udiff=  6.5067E-02 (108, 13)   vdiff=  4.9055E-02 (120, 11)
n=  2920   udiff=  6.4988E-02 (108, 13)   vdiff=  4.9020E-02 (120, 11)
n=  2921   udiff=  6.4910E-02 (108, 13)   vdiff=  4.8984E-02 (120, 11)
n=  2922   udiff=  6.4832E-02 (108, 13)   vdiff=  4.8949E-02 (120, 11)
n=  2923   udiff=  6.4753E-02 (108, 13)   vdiff=  4.8913E-02 (120, 11)
n=  2924   udiff=  6.4675E-02 (108, 13)   vdiff=  4.8877E-02 (120, 11)
n=  2925   udiff=  6.4596E-02 (108, 13)   vdiff=  4.8841E-02 (120, 11)
n=  2926   udiff=  6.4518E-02 (108, 13)   vdiff=  4.8804E-02 (120, 11)
n=  2927   udiff=  6.4439E-02 (108, 13)   vdiff=  4.8768E-02 (120, 11)
n=  2928   udiff=  6.4360E-02 (108, 13)   vdiff=  4.8731E-02 (120, 11)
n=  2929   udiff=  6.4282E-02 (108, 13)   vdiff=  4.8694E-02 (120, 11)
n=  2930   udiff=  6.4203E-02 (108, 13)   vdiff=  4.8656E-02 (120, 11)
n=  2931   udiff=  6.4124E-02 (108, 13)   vdiff=  4.8619E-02 (120, 11)
n=  2932   udiff=  6.4046E-02 (108, 13)   vdiff=  4.8581E-02 (120, 11)
n=  2933   udiff=  6.3967E-02 (108, 13)   vdiff=  4.8543E-02 (120, 11)
n=  2934   udiff=  6.3888E-02 (108, 13)   vdiff=  4.8505E-02 (120, 11)
n=  2935   udiff=  6.3809E-02 (108, 13)   vdiff=  4.8467E-02 (120, 11)
n=  2936   udiff=  6.3731E-02 (108, 13)   vdiff=  4.8428E-02 (120, 11)
n=  2937   udiff=  6.3652E-02 (108, 13)   vdiff=  4.8390E-02 (120, 11)
n=  2938   udiff=  6.3573E-02 (108, 13)   vdiff=  4.8351E-02 (120, 11)
n=  2939   udiff=  6.3494E-02 (108, 13)   vdiff=  4.8312E-02 (120, 11)
n=  2940   udiff=  6.3415E-02 (108, 13)   vdiff=  4.8272E-02 (120, 11)
n=  2941   udiff=  6.3336E-02 (108, 13)   vdiff=  4.8233E-02 (120, 11)
n=  2942   udiff=  6.3257E-02 (108, 13)   vdiff=  4.8193E-02 (120, 11)
n=  2943   udiff=  6.3178E-02 (108, 13)   vdiff=  4.8153E-02 (120, 11)
n=  2944   udiff=  6.3099E-02 (108, 13)   vdiff=  4.8113E-02 (120, 11)
n=  2945   udiff=  6.3020E-02 (108, 13)   vdiff=  4.8073E-02 (120, 11)
n=  2946   udiff=  6.2941E-02 (108, 13)   vdiff=  4.8032E-02 (120, 11)
n=  2947   udiff=  6.2862E-02 (108, 13)   vdiff=  4.7991E-02 (120, 11)
n=  2948   udiff=  6.2783E-02 (108, 13)   vdiff=  4.7951E-02 (120, 11)
n=  2949   udiff=  6.2704E-02 (108, 13)   vdiff=  4.7910E-02 (120, 11)
n=  2950   udiff=  6.2625E-02 (108, 13)   vdiff=  4.7868E-02 (120, 11)
n=  2951   udiff=  6.2546E-02 (108, 13)   vdiff=  4.7827E-02 (120, 11)
n=  2952   udiff=  6.2467E-02 (108, 13)   vdiff=  4.7785E-02 (120, 11)
n=  2953   udiff=  6.2388E-02 (108, 13)   vdiff=  4.7744E-02 (120, 11)
n=  2954   udiff=  6.2309E-02 (108, 13)   vdiff=  4.7702E-02 (120, 11)
n=  2955   udiff=  6.2230E-02 (108, 13)   vdiff=  4.7659E-02 (120, 11)
n=  2956   udiff=  6.2151E-02 (108, 13)   vdiff=  4.7617E-02 (120, 11)
n=  2957   udiff=  6.2072E-02 (108, 13)   vdiff=  4.7575E-02 (120, 11)
n=  2958   udiff=  6.1992E-02 (108, 13)   vdiff=  4.7532E-02 (120, 11)
n=  2959   udiff=  6.1913E-02 (108, 13)   vdiff=  4.7489E-02 (120, 11)
n=  2960   udiff=  6.1834E-02 (108, 13)   vdiff=  4.7446E-02 (120, 11)
n=  2961   udiff=  6.1755E-02 (108, 13)   vdiff=  4.7403E-02 (120, 11)
n=  2962   udiff=  6.1676E-02 (108, 13)   vdiff=  4.7360E-02 (120, 11)
n=  2963   udiff=  6.1597E-02 (108, 13)   vdiff=  4.7316E-02 (120, 11)
n=  2964   udiff=  6.1518E-02 (108, 13)   vdiff=  4.7273E-02 (120, 11)
n=  2965   udiff=  6.1439E-02 (108, 13)   vdiff=  4.7229E-02 (120, 11)
n=  2966   udiff=  6.1360E-02 (108, 13)   vdiff=  4.7185E-02 (120, 11)
n=  2967   udiff=  6.1281E-02 (108, 13)   vdiff=  4.7141E-02 (120, 11)
n=  2968   udiff=  6.1202E-02 (108, 13)   vdiff=  4.7096E-02 (120, 11)
n=  2969   udiff=  6.1123E-02 (108, 13)   vdiff=  4.7052E-02 (120, 11)
n=  2970   udiff=  6.1044E-02 (108, 13)   vdiff=  4.7007E-02 (120, 11)
n=  2971   udiff=  6.0965E-02 (108, 13)   vdiff=  4.6962E-02 (120, 11)
n=  2972   udiff=  6.0886E-02 (108, 13)   vdiff=  4.6917E-02 (120, 11)
n=  2973   udiff=  6.0807E-02 (108, 13)   vdiff=  4.6872E-02 (120, 11)
n=  2974   udiff=  6.0728E-02 (108, 13)   vdiff=  4.6827E-02 (120, 11)
n=  2975   udiff=  6.0649E-02 (108, 13)   vdiff=  4.6782E-02 (120, 11)
n=  2976   udiff=  6.0570E-02 (108, 13)   vdiff=  4.6736E-02 (120, 11)
n=  2977   udiff=  6.0491E-02 (108, 13)   vdiff=  4.6690E-02 (120, 11)
n=  2978   udiff=  6.0412E-02 (108, 13)   vdiff=  4.6645E-02 (120, 11)
n=  2979   udiff=  6.0333E-02 (108, 13)   vdiff=  4.6599E-02 (120, 11)
n=  2980   udiff=  6.0254E-02 (108, 13)   vdiff=  4.6552E-02 (120, 11)
n=  2981   udiff=  6.0175E-02 (108, 13)   vdiff=  4.6506E-02 (120, 11)
n=  2982   udiff=  6.0096E-02 (108, 13)   vdiff=  4.6460E-02 (120, 11)
n=  2983   udiff=  6.0017E-02 (108, 13)   vdiff=  4.6413E-02 (120, 11)
n=  2984   udiff=  5.9938E-02 (108, 13)   vdiff=  4.6366E-02 (120, 11)
n=  2985   udiff=  5.9860E-02 (108, 13)   vdiff=  4.6320E-02 (120, 11)
n=  2986   udiff=  5.9781E-02 (108, 13)   vdiff=  4.6273E-02 (120, 11)
n=  2987   udiff=  5.9702E-02 (108, 13)   vdiff=  4.6225E-02 (120, 11)
n=  2988   udiff=  5.9623E-02 (108, 13)   vdiff=  4.6178E-02 (120, 11)
n=  2989   udiff=  5.9545E-02 (108, 13)   vdiff=  4.6131E-02 (120, 11)
n=  2990   udiff=  5.9466E-02 (108, 13)   vdiff=  4.6083E-02 (120, 11)
n=  2991   udiff=  5.9387E-02 (108, 13)   vdiff=  4.6036E-02 (120, 11)
n=  2992   udiff=  5.9308E-02 (108, 13)   vdiff=  4.5988E-02 (120, 11)
n=  2993   udiff=  5.9230E-02 (108, 13)   vdiff=  4.5940E-02 (120, 11)
n=  2994   udiff=  5.9151E-02 (108, 13)   vdiff=  4.5892E-02 (120, 11)
n=  2995   udiff=  5.9073E-02 (108, 13)   vdiff=  4.5844E-02 (120, 11)
n=  2996   udiff=  5.8994E-02 (108, 13)   vdiff=  4.5795E-02 (120, 11)
n=  2997   udiff=  5.8916E-02 (108, 13)   vdiff=  4.5747E-02 (120, 11)
n=  2998   udiff=  5.8837E-02 (108, 13)   vdiff=  4.5698E-02 (120, 11)
n=  2999   udiff=  5.8759E-02 (108, 13)   vdiff=  4.5650E-02 (120, 11)
n=  3000   udiff=  5.8680E-02 (108, 13)   vdiff=  4.5601E-02 (120, 11)
n=  3001   udiff=  5.8602E-02 (108, 13)   vdiff=  4.5552E-02 (120, 11)
n=  3002   udiff=  5.8523E-02 (108, 13)   vdiff=  4.5503E-02 (120, 11)
n=  3003   udiff=  5.8445E-02 (108, 13)   vdiff=  4.5454E-02 (120, 11)
n=  3004   udiff=  5.8367E-02 (108, 13)   vdiff=  4.5405E-02 (120, 11)
n=  3005   udiff=  5.8289E-02 (108, 13)   vdiff=  4.5355E-02 (120, 11)
n=  3006   udiff=  5.8210E-02 (108, 13)   vdiff=  4.5306E-02 (120, 11)
n=  3007   udiff=  5.8132E-02 (108, 13)   vdiff=  4.5256E-02 (120, 11)
n=  3008   udiff=  5.8054E-02 (108, 13)   vdiff=  4.5207E-02 (120, 11)
n=  3009   udiff=  5.7976E-02 (108, 13)   vdiff=  4.5157E-02 (120, 11)
n=  3010   udiff=  5.7898E-02 (108, 13)   vdiff=  4.5107E-02 (120, 11)
n=  3011   udiff=  5.7820E-02 (108, 13)   vdiff=  4.5057E-02 (120, 11)
n=  3012   udiff=  5.7742E-02 (108, 13)   vdiff=  4.5007E-02 (120, 11)
n=  3013   udiff=  5.7664E-02 (108, 13)   vdiff=  4.4956E-02 (120, 11)
n=  3014   udiff=  5.7586E-02 (108, 13)   vdiff=  4.4906E-02 (120, 11)
n=  3015   udiff=  5.7508E-02 (108, 13)   vdiff=  4.4856E-02 (120, 11)
n=  3016   udiff=  5.7430E-02 (108, 13)   vdiff=  4.4805E-02 (120, 11)
n=  3017   udiff=  5.7352E-02 (108, 13)   vdiff=  4.4754E-02 (120, 11)
n=  3018   udiff=  5.7274E-02 (108, 13)   vdiff=  4.4704E-02 (120, 11)
n=  3019   udiff=  5.7197E-02 (108, 13)   vdiff=  4.4653E-02 (120, 11)
n=  3020   udiff=  5.7119E-02 (108, 13)   vdiff=  4.4602E-02 (120, 11)
n=  3021   udiff=  5.7041E-02 (108, 13)   vdiff=  4.4551E-02 (120, 11)
n=  3022   udiff=  5.6964E-02 (108, 13)   vdiff=  4.4500E-02 (120, 11)
n=  3023   udiff=  5.6886E-02 (108, 13)   vdiff=  4.4449E-02 (120, 11)
n=  3024   udiff=  5.6809E-02 (108, 13)   vdiff=  4.4397E-02 (120, 11)
n=  3025   udiff=  5.6731E-02 (108, 13)   vdiff=  4.4346E-02 (120, 11)
n=  3026   udiff=  5.6654E-02 (108, 13)   vdiff=  4.4294E-02 (120, 11)
n=  3027   udiff=  5.6576E-02 (108, 13)   vdiff=  4.4243E-02 (120, 11)
n=  3028   udiff=  5.6499E-02 (108, 13)   vdiff=  4.4191E-02 (120, 11)
n=  3029   udiff=  5.6422E-02 (108, 13)   vdiff=  4.4139E-02 (120, 11)
n=  3030   udiff=  5.6344E-02 (108, 13)   vdiff=  4.4087E-02 (120, 11)
n=  3031   udiff=  5.6267E-02 (108, 13)   vdiff=  4.4036E-02 (120, 11)
n=  3032   udiff=  5.6190E-02 (108, 13)   vdiff=  4.3984E-02 (120, 11)
n=  3033   udiff=  5.6113E-02 (108, 13)   vdiff=  4.3931E-02 (120, 11)
n=  3034   udiff=  5.6036E-02 (108, 13)   vdiff=  4.3879E-02 (120, 11)
n=  3035   udiff=  5.5959E-02 (108, 13)   vdiff=  4.3827E-02 (120, 11)
n=  3036   udiff=  5.5882E-02 (108, 13)   vdiff=  4.3775E-02 (120, 11)
n=  3037   udiff=  5.5805E-02 (108, 13)   vdiff=  4.3722E-02 (120, 11)
n=  3038   udiff=  5.5728E-02 (108, 13)   vdiff=  4.3670E-02 (120, 11)
n=  3039   udiff=  5.5651E-02 (108, 13)   vdiff=  4.3617E-02 (120, 11)
n=  3040   udiff=  5.5575E-02 (108, 13)   vdiff=  4.3565E-02 (120, 11)
n=  3041   udiff=  5.5498E-02 (108, 13)   vdiff=  4.3512E-02 (120, 11)
n=  3042   udiff=  5.5421E-02 (108, 13)   vdiff=  4.3459E-02 (120, 11)
n=  3043   udiff=  5.5345E-02 (108, 13)   vdiff=  4.3406E-02 (120, 11)
n=  3044   udiff=  5.5268E-02 (108, 13)   vdiff=  4.3353E-02 (120, 11)
n=  3045   udiff=  5.5191E-02 (108, 13)   vdiff=  4.3300E-02 (120, 11)
n=  3046   udiff=  5.5115E-02 (108, 13)   vdiff=  4.3247E-02 (120, 11)
n=  3047   udiff=  5.5039E-02 (108, 13)   vdiff=  4.3194E-02 (120, 11)
n=  3048   udiff=  5.4962E-02 (108, 13)   vdiff=  4.3141E-02 (120, 11)
n=  3049   udiff=  5.4886E-02 (108, 13)   vdiff=  4.3088E-02 (120, 11)
n=  3050   udiff=  5.4810E-02 (108, 13)   vdiff=  4.3034E-02 (120, 11)
n=  3051   udiff=  5.4734E-02 (108, 13)   vdiff=  4.2981E-02 (120, 11)
n=  3052   udiff=  5.4657E-02 (108, 13)   vdiff=  4.2928E-02 (120, 11)
n=  3053   udiff=  5.4581E-02 (108, 13)   vdiff=  4.2874E-02 (120, 11)
n=  3054   udiff=  5.4505E-02 (108, 13)   vdiff=  4.2820E-02 (120, 11)
n=  3055   udiff=  5.4429E-02 (108, 13)   vdiff=  4.2767E-02 (120, 11)
n=  3056   udiff=  5.4354E-02 (108, 13)   vdiff=  4.2713E-02 (120, 11)
n=  3057   udiff=  5.4278E-02 (108, 13)   vdiff=  4.2659E-02 (120, 11)
n=  3058   udiff=  5.4202E-02 (108, 13)   vdiff=  4.2606E-02 (120, 11)
n=  3059   udiff=  5.4126E-02 (108, 13)   vdiff=  4.2552E-02 (120, 11)
n=  3060   udiff=  5.4051E-02 (108, 13)   vdiff=  4.2498E-02 (120, 11)
n=  3061   udiff=  5.3975E-02 (108, 13)   vdiff=  4.2444E-02 (120, 11)
n=  3062   udiff=  5.3899E-02 (108, 13)   vdiff=  4.2390E-02 (120, 11)
n=  3063   udiff=  5.3824E-02 (108, 13)   vdiff=  4.2336E-02 (120, 11)
n=  3064   udiff=  5.3748E-02 (108, 13)   vdiff=  4.2282E-02 (120, 11)
n=  3065   udiff=  5.3673E-02 (108, 13)   vdiff=  4.2228E-02 (120, 11)
n=  3066   udiff=  5.3598E-02 (108, 13)   vdiff=  4.2173E-02 (120, 11)
n=  3067   udiff=  5.3522E-02 (108, 13)   vdiff=  4.2119E-02 (120, 11)
n=  3068   udiff=  5.3447E-02 (108, 13)   vdiff=  4.2065E-02 (120, 11)
n=  3069   udiff=  5.3372E-02 (108, 13)   vdiff=  4.2010E-02 (120, 11)
n=  3070   udiff=  5.3297E-02 (108, 13)   vdiff=  4.1956E-02 (120, 11)
n=  3071   udiff=  5.3222E-02 (108, 13)   vdiff=  4.1902E-02 (120, 11)
n=  3072   udiff=  5.3147E-02 (108, 13)   vdiff=  4.1847E-02 (120, 11)
n=  3073   udiff=  5.3072E-02 (108, 13)   vdiff=  4.1793E-02 (120, 11)
n=  3074   udiff=  5.2997E-02 (108, 13)   vdiff=  4.1738E-02 (120, 11)
n=  3075   udiff=  5.2923E-02 (108, 13)   vdiff=  4.1683E-02 (120, 11)
n=  3076   udiff=  5.2848E-02 (108, 13)   vdiff=  4.1629E-02 (120, 11)
n=  3077   udiff=  5.2773E-02 (108, 13)   vdiff=  4.1574E-02 (120, 11)
n=  3078   udiff=  5.2699E-02 (108, 13)   vdiff=  4.1519E-02 (120, 11)
n=  3079   udiff=  5.2624E-02 (108, 13)   vdiff=  4.1465E-02 (120, 11)
n=  3080   udiff=  5.2550E-02 (108, 13)   vdiff=  4.1410E-02 (120, 11)
n=  3081   udiff=  5.2475E-02 (108, 13)   vdiff=  4.1355E-02 (120, 11)
n=  3082   udiff=  5.2401E-02 (108, 13)   vdiff=  4.1300E-02 (120, 11)
n=  3083   udiff=  5.2327E-02 (108, 13)   vdiff=  4.1245E-02 (120, 11)
n=  3084   udiff=  5.2253E-02 (108, 13)   vdiff=  4.1191E-02 (120, 11)
n=  3085   udiff=  5.2178E-02 (108, 13)   vdiff=  4.1136E-02 (120, 11)
n=  3086   udiff=  5.2104E-02 (108, 13)   vdiff=  4.1081E-02 (120, 11)
n=  3087   udiff=  5.2030E-02 (108, 13)   vdiff=  4.1026E-02 (120, 11)
n=  3088   udiff=  5.1956E-02 (108, 13)   vdiff=  4.0971E-02 (120, 11)
n=  3089   udiff=  5.1882E-02 (108, 13)   vdiff=  4.0916E-02 (120, 11)
n=  3090   udiff=  5.1809E-02 (108, 13)   vdiff=  4.0861E-02 (120, 11)
n=  3091   udiff=  5.1735E-02 (108, 13)   vdiff=  4.0806E-02 (120, 11)
n=  3092   udiff=  5.1661E-02 (108, 13)   vdiff=  4.0750E-02 (120, 11)
n=  3093   udiff=  5.1588E-02 (108, 13)   vdiff=  4.0695E-02 (120, 11)
n=  3094   udiff=  5.1514E-02 (108, 13)   vdiff=  4.0640E-02 (120, 11)
n=  3095   udiff=  5.1441E-02 (108, 13)   vdiff=  4.0585E-02 (120, 11)
n=  3096   udiff=  5.1367E-02 (108, 13)   vdiff=  4.0530E-02 (120, 11)
n=  3097   udiff=  5.1294E-02 (108, 13)   vdiff=  4.0475E-02 (120, 11)
n=  3098   udiff=  5.1221E-02 (108, 13)   vdiff=  4.0419E-02 (120, 11)
n=  3099   udiff=  5.1147E-02 (108, 13)   vdiff=  4.0364E-02 (120, 11)
n=  3100   udiff=  5.1074E-02 (108, 13)   vdiff=  4.0309E-02 (120, 11)
n=  3101   udiff=  5.1001E-02 (108, 13)   vdiff=  4.0254E-02 (120, 11)
n=  3102   udiff=  5.0928E-02 (108, 13)   vdiff=  4.0198E-02 (120, 11)
n=  3103   udiff=  5.0855E-02 (108, 13)   vdiff=  4.0143E-02 (120, 11)
n=  3104   udiff=  5.0782E-02 (108, 13)   vdiff=  4.0088E-02 (120, 11)
n=  3105   udiff=  5.0710E-02 (108, 13)   vdiff=  4.0032E-02 (120, 11)
n=  3106   udiff=  5.0637E-02 (108, 13)   vdiff=  3.9977E-02 (120, 11)
n=  3107   udiff=  5.0564E-02 (108, 13)   vdiff=  3.9922E-02 (120, 11)
n=  3108   udiff=  5.0492E-02 (108, 13)   vdiff=  3.9866E-02 (120, 11)
n=  3109   udiff=  5.0419E-02 (108, 13)   vdiff=  3.9811E-02 (120, 11)
n=  3110   udiff=  5.0347E-02 (108, 13)   vdiff=  3.9756E-02 (120, 11)
n=  3111   udiff=  5.0274E-02 (108, 13)   vdiff=  3.9700E-02 (120, 11)
n=  3112   udiff=  5.0202E-02 (108, 13)   vdiff=  3.9645E-02 (120, 11)
n=  3113   udiff=  5.0130E-02 (108, 13)   vdiff=  3.9590E-02 (120, 11)
n=  3114   udiff=  5.0057E-02 (108, 13)   vdiff=  3.9534E-02 (120, 11)
n=  3115   udiff=  4.9985E-02 (108, 13)   vdiff=  3.9479E-02 (120, 11)
n=  3116   udiff=  4.9913E-02 (108, 13)   vdiff=  3.9423E-02 (120, 11)
n=  3117   udiff=  4.9841E-02 (108, 13)   vdiff=  3.9368E-02 (120, 11)
n=  3118   udiff=  4.9769E-02 (108, 13)   vdiff=  3.9313E-02 (120, 11)
n=  3119   udiff=  4.9698E-02 (108, 13)   vdiff=  3.9257E-02 (120, 11)
n=  3120   udiff=  4.9626E-02 (108, 13)   vdiff=  3.9202E-02 (120, 11)
n=  3121   udiff=  4.9554E-02 (108, 13)   vdiff=  3.9146E-02 (120, 11)
n=  3122   udiff=  4.9483E-02 (108, 13)   vdiff=  3.9091E-02 (120, 11)
n=  3123   udiff=  4.9411E-02 (108, 13)   vdiff=  3.9036E-02 (120, 11)
n=  3124   udiff=  4.9340E-02 (108, 13)   vdiff=  3.8980E-02 (120, 11)
n=  3125   udiff=  4.9268E-02 (108, 13)   vdiff=  3.8925E-02 (120, 11)
n=  3126   udiff=  4.9197E-02 (108, 13)   vdiff=  3.8869E-02 (120, 11)
n=  3127   udiff=  4.9126E-02 (108, 13)   vdiff=  3.8814E-02 (120, 11)
n=  3128   udiff=  4.9054E-02 (108, 13)   vdiff=  3.8759E-02 (120, 11)
n=  3129   udiff=  4.8983E-02 (108, 13)   vdiff=  3.8703E-02 (120, 11)
n=  3130   udiff=  4.8912E-02 (108, 13)   vdiff=  3.8648E-02 (120, 11)
n=  3131   udiff=  4.8841E-02 (108, 13)   vdiff=  3.8593E-02 (120, 11)
n=  3132   udiff=  4.8770E-02 (108, 13)   vdiff=  3.8537E-02 (120, 11)
n=  3133   udiff=  4.8700E-02 (108, 13)   vdiff=  3.8482E-02 (120, 11)
n=  3134   udiff=  4.8629E-02 (108, 13)   vdiff=  3.8427E-02 (120, 11)
n=  3135   udiff=  4.8558E-02 (108, 13)   vdiff=  3.8371E-02 (120, 11)
n=  3136   udiff=  4.8488E-02 (108, 13)   vdiff=  3.8316E-02 (120, 11)
n=  3137   udiff=  4.8417E-02 (108, 13)   vdiff=  3.8261E-02 (120, 11)
n=  3138   udiff=  4.8347E-02 (108, 13)   vdiff=  3.8206E-02 (120, 11)
n=  3139   udiff=  4.8276E-02 (108, 13)   vdiff=  3.8150E-02 (120, 11)
n=  3140   udiff=  4.8206E-02 (108, 13)   vdiff=  3.8095E-02 (120, 11)
n=  3141   udiff=  4.8136E-02 (108, 13)   vdiff=  3.8040E-02 (120, 11)
n=  3142   udiff=  4.8066E-02 (108, 13)   vdiff=  3.7985E-02 (120, 11)
n=  3143   udiff=  4.7995E-02 (108, 13)   vdiff=  3.7930E-02 (120, 11)
n=  3144   udiff=  4.7925E-02 (108, 13)   vdiff=  3.7874E-02 (120, 11)
n=  3145   udiff=  4.7856E-02 (108, 13)   vdiff=  3.7819E-02 (120, 11)
n=  3146   udiff=  4.7786E-02 (108, 13)   vdiff=  3.7764E-02 (120, 11)
n=  3147   udiff=  4.7716E-02 (108, 13)   vdiff=  3.7709E-02 (120, 11)
n=  3148   udiff=  4.7646E-02 (108, 13)   vdiff=  3.7654E-02 (120, 11)
n=  3149   udiff=  4.7577E-02 (108, 13)   vdiff=  3.7599E-02 (120, 11)
n=  3150   udiff=  4.7507E-02 (108, 13)   vdiff=  3.7544E-02 (120, 11)
n=  3151   udiff=  4.7438E-02 (108, 13)   vdiff=  3.7489E-02 (120, 11)
n=  3152   udiff=  4.7368E-02 (108, 13)   vdiff=  3.7434E-02 (120, 11)
n=  3153   udiff=  4.7299E-02 (108, 13)   vdiff=  3.7379E-02 (120, 11)
n=  3154   udiff=  4.7229E-02 (108, 13)   vdiff=  3.7324E-02 (120, 11)
n=  3155   udiff=  4.7160E-02 (108, 13)   vdiff=  3.7269E-02 (120, 11)
n=  3156   udiff=  4.7091E-02 (108, 13)   vdiff=  3.7214E-02 (120, 11)
n=  3157   udiff=  4.7022E-02 (108, 13)   vdiff=  3.7159E-02 (120, 11)
n=  3158   udiff=  4.6953E-02 (108, 13)   vdiff=  3.7105E-02 (120, 11)
n=  3159   udiff=  4.6884E-02 (108, 13)   vdiff=  3.7050E-02 (120, 11)
n=  3160   udiff=  4.6816E-02 (108, 13)   vdiff=  3.6995E-02 (120, 11)
n=  3161   udiff=  4.6747E-02 (108, 13)   vdiff=  3.6940E-02 (120, 11)
n=  3162   udiff=  4.6678E-02 (108, 13)   vdiff=  3.6886E-02 (120, 11)
n=  3163   udiff=  4.6610E-02 (108, 13)   vdiff=  3.6831E-02 (120, 11)
n=  3164   udiff=  4.6541E-02 (108, 13)   vdiff=  3.6776E-02 (120, 11)
n=  3165   udiff=  4.6473E-02 (108, 13)   vdiff=  3.6722E-02 (120, 11)
n=  3166   udiff=  4.6404E-02 (108, 13)   vdiff=  3.6667E-02 (120, 11)
n=  3167   udiff=  4.6336E-02 (108, 13)   vdiff=  3.6613E-02 (120, 11)
n=  3168   udiff=  4.6268E-02 (108, 13)   vdiff=  3.6558E-02 (120, 11)
n=  3169   udiff=  4.6200E-02 (108, 13)   vdiff=  3.6504E-02 (120, 11)
n=  3170   udiff=  4.6132E-02 (108, 13)   vdiff=  3.6449E-02 (120, 11)
n=  3171   udiff=  4.6064E-02 (108, 13)   vdiff=  3.6395E-02 (120, 11)
n=  3172   udiff=  4.5996E-02 (108, 13)   vdiff=  3.6340E-02 (120, 11)
n=  3173   udiff=  4.5928E-02 (108, 13)   vdiff=  3.6286E-02 (120, 11)
n=  3174   udiff=  4.5860E-02 (108, 13)   vdiff=  3.6232E-02 (120, 11)
n=  3175   udiff=  4.5792E-02 (108, 13)   vdiff=  3.6177E-02 (120, 11)
n=  3176   udiff=  4.5725E-02 (108, 13)   vdiff=  3.6123E-02 (120, 11)
n=  3177   udiff=  4.5657E-02 (108, 13)   vdiff=  3.6069E-02 (120, 11)
n=  3178   udiff=  4.5590E-02 (108, 13)   vdiff=  3.6015E-02 (120, 11)
n=  3179   udiff=  4.5522E-02 (108, 13)   vdiff=  3.5961E-02 (120, 11)
n=  3180   udiff=  4.5455E-02 (108, 13)   vdiff=  3.5907E-02 (120, 11)
n=  3181   udiff=  4.5388E-02 (108, 13)   vdiff=  3.5853E-02 (120, 11)
n=  3182   udiff=  4.5321E-02 (108, 13)   vdiff=  3.5799E-02 (120, 11)
n=  3183   udiff=  4.5254E-02 (108, 13)   vdiff=  3.5745E-02 (120, 11)
n=  3184   udiff=  4.5187E-02 (108, 13)   vdiff=  3.5691E-02 (120, 11)
n=  3185   udiff=  4.5120E-02 (108, 13)   vdiff=  3.5637E-02 (120, 11)
n=  3186   udiff=  4.5053E-02 (108, 13)   vdiff=  3.5583E-02 (120, 11)
n=  3187   udiff=  4.4986E-02 (108, 13)   vdiff=  3.5529E-02 (120, 11)
n=  3188   udiff=  4.4920E-02 (108, 13)   vdiff=  3.5475E-02 (120, 11)
n=  3189   udiff=  4.4853E-02 (108, 13)   vdiff=  3.5422E-02 (120, 11)
n=  3190   udiff=  4.4786E-02 (108, 13)   vdiff=  3.5368E-02 (120, 11)
n=  3191   udiff=  4.4720E-02 (108, 13)   vdiff=  3.5314E-02 (120, 11)
n=  3192   udiff=  4.4654E-02 (108, 13)   vdiff=  3.5261E-02 (120, 11)
n=  3193   udiff=  4.4587E-02 (108, 13)   vdiff=  3.5207E-02 (120, 11)
n=  3194   udiff=  4.4521E-02 (108, 13)   vdiff=  3.5154E-02 (120, 11)
n=  3195   udiff=  4.4455E-02 (108, 13)   vdiff=  3.5100E-02 (120, 11)
n=  3196   udiff=  4.4389E-02 (108, 13)   vdiff=  3.5047E-02 (120, 11)
n=  3197   udiff=  4.4323E-02 (108, 13)   vdiff=  3.4994E-02 (120, 11)
n=  3198   udiff=  4.4257E-02 (108, 13)   vdiff=  3.4940E-02 (120, 11)
n=  3199   udiff=  4.4191E-02 (108, 13)   vdiff=  3.4887E-02 (120, 11)
n=  3200   udiff=  4.4125E-02 (108, 13)   vdiff=  3.4834E-02 (120, 11)
n=  3201   udiff=  4.4059E-02 (108, 13)   vdiff=  3.4781E-02 (120, 11)
n=  3202   udiff=  4.3994E-02 (108, 13)   vdiff=  3.4728E-02 (120, 11)
n=  3203   udiff=  4.3928E-02 (108, 13)   vdiff=  3.4679E-02 (120, 10)
n=  3204   udiff=  4.3863E-02 (108, 13)   vdiff=  3.4631E-02 (120, 10)
n=  3205   udiff=  4.3797E-02 (108, 13)   vdiff=  3.4583E-02 (120, 10)
n=  3206   udiff=  4.3732E-02 (108, 13)   vdiff=  3.4535E-02 (120, 10)
n=  3207   udiff=  4.3667E-02 (108, 13)   vdiff=  3.4486E-02 (120, 10)
n=  3208   udiff=  4.3602E-02 (108, 13)   vdiff=  3.4438E-02 (120, 10)
n=  3209   udiff=  4.3537E-02 (108, 13)   vdiff=  3.4390E-02 (120, 10)
n=  3210   udiff=  4.3471E-02 (108, 13)   vdiff=  3.4342E-02 (120, 10)
n=  3211   udiff=  4.3406E-02 (108, 13)   vdiff=  3.4294E-02 (120, 10)
n=  3212   udiff=  4.3342E-02 (108, 13)   vdiff=  3.4246E-02 (120, 10)
n=  3213   udiff=  4.3277E-02 (108, 13)   vdiff=  3.4198E-02 (120, 10)
n=  3214   udiff=  4.3212E-02 (108, 13)   vdiff=  3.4150E-02 (120, 10)
n=  3215   udiff=  4.3147E-02 (108, 13)   vdiff=  3.4102E-02 (120, 10)
n=  3216   udiff=  4.3083E-02 (108, 13)   vdiff=  3.4054E-02 (120, 10)
n=  3217   udiff=  4.3018E-02 (108, 13)   vdiff=  3.4006E-02 (120, 10)
n=  3218   udiff=  4.2954E-02 (108, 13)   vdiff=  3.3958E-02 (120, 10)
n=  3219   udiff=  4.2890E-02 (108, 13)   vdiff=  3.3910E-02 (120, 10)
n=  3220   udiff=  4.2825E-02 (108, 13)   vdiff=  3.3862E-02 (120, 10)
n=  3221   udiff=  4.2761E-02 (108, 13)   vdiff=  3.3814E-02 (120, 10)
n=  3222   udiff=  4.2697E-02 (108, 13)   vdiff=  3.3767E-02 (120, 10)
n=  3223   udiff=  4.2633E-02 (108, 13)   vdiff=  3.3719E-02 (120, 10)
n=  3224   udiff=  4.2569E-02 (108, 13)   vdiff=  3.3671E-02 (120, 10)
n=  3225   udiff=  4.2505E-02 (108, 13)   vdiff=  3.3623E-02 (120, 10)
n=  3226   udiff=  4.2441E-02 (108, 13)   vdiff=  3.3576E-02 (120, 10)
n=  3227   udiff=  4.2377E-02 (108, 13)   vdiff=  3.3528E-02 (120, 10)
n=  3228   udiff=  4.2314E-02 (108, 13)   vdiff=  3.3480E-02 (120, 10)
n=  3229   udiff=  4.2250E-02 (108, 13)   vdiff=  3.3433E-02 (120, 10)
n=  3230   udiff=  4.2186E-02 (108, 13)   vdiff=  3.3385E-02 (120, 10)
n=  3231   udiff=  4.2123E-02 (108, 13)   vdiff=  3.3337E-02 (120, 10)
n=  3232   udiff=  4.2060E-02 (108, 13)   vdiff=  3.3290E-02 (120, 10)
n=  3233   udiff=  4.1996E-02 (108, 13)   vdiff=  3.3242E-02 (120, 10)
n=  3234   udiff=  4.1933E-02 (108, 13)   vdiff=  3.3195E-02 (120, 10)
n=  3235   udiff=  4.1870E-02 (108, 13)   vdiff=  3.3147E-02 (120, 10)
n=  3236   udiff=  4.1807E-02 (108, 13)   vdiff=  3.3100E-02 (120, 10)
n=  3237   udiff=  4.1744E-02 (108, 13)   vdiff=  3.3052E-02 (120, 10)
n=  3238   udiff=  4.1681E-02 (108, 13)   vdiff=  3.3005E-02 (120, 10)
n=  3239   udiff=  4.1618E-02 (108, 13)   vdiff=  3.2958E-02 (120, 10)
n=  3240   udiff=  4.1555E-02 (108, 13)   vdiff=  3.2911E-02 (120, 10)
n=  3241   udiff=  4.1492E-02 (108, 13)   vdiff=  3.2863E-02 (120, 10)
n=  3242   udiff=  4.1429E-02 (108, 13)   vdiff=  3.2816E-02 (120, 10)
n=  3243   udiff=  4.1367E-02 (109, 13)   vdiff=  3.2769E-02 (120, 10)
n=  3244   udiff=  4.1305E-02 (109, 13)   vdiff=  3.2722E-02 (120, 10)
n=  3245   udiff=  4.1242E-02 (109, 13)   vdiff=  3.2675E-02 (120, 10)
n=  3246   udiff=  4.1180E-02 (109, 13)   vdiff=  3.2627E-02 (120, 10)
n=  3247   udiff=  4.1118E-02 (109, 13)   vdiff=  3.2580E-02 (120, 10)
n=  3248   udiff=  4.1056E-02 (109, 13)   vdiff=  3.2533E-02 (120, 10)
n=  3249   udiff=  4.0994E-02 (109, 13)   vdiff=  3.2486E-02 (120, 10)
n=  3250   udiff=  4.0932E-02 (109, 13)   vdiff=  3.2439E-02 (120, 10)
n=  3251   udiff=  4.0870E-02 (109, 13)   vdiff=  3.2392E-02 (120, 10)
n=  3252   udiff=  4.0808E-02 (109, 13)   vdiff=  3.2346E-02 (120, 10)
n=  3253   udiff=  4.0747E-02 (109, 13)   vdiff=  3.2299E-02 (120, 10)
n=  3254   udiff=  4.0685E-02 (109, 13)   vdiff=  3.2252E-02 (120, 10)
n=  3255   udiff=  4.0624E-02 (109, 13)   vdiff=  3.2205E-02 (120, 10)
n=  3256   udiff=  4.0562E-02 (109, 13)   vdiff=  3.2158E-02 (120, 10)
n=  3257   udiff=  4.0501E-02 (109, 13)   vdiff=  3.2112E-02 (120, 10)
n=  3258   udiff=  4.0439E-02 (109, 13)   vdiff=  3.2065E-02 (120, 10)
n=  3259   udiff=  4.0378E-02 (109, 13)   vdiff=  3.2018E-02 (120, 10)
n=  3260   udiff=  4.0317E-02 (109, 13)   vdiff=  3.1972E-02 (120, 10)
n=  3261   udiff=  4.0256E-02 (109, 13)   vdiff=  3.1925E-02 (120, 10)
n=  3262   udiff=  4.0195E-02 (109, 13)   vdiff=  3.1879E-02 (120, 10)
n=  3263   udiff=  4.0134E-02 (109, 13)   vdiff=  3.1832E-02 (120, 10)
n=  3264   udiff=  4.0073E-02 (109, 13)   vdiff=  3.1786E-02 (120, 10)
n=  3265   udiff=  4.0012E-02 (109, 13)   vdiff=  3.1739E-02 (120, 10)
n=  3266   udiff=  3.9951E-02 (109, 13)   vdiff=  3.1693E-02 (120, 10)
n=  3267   udiff=  3.9891E-02 (109, 13)   vdiff=  3.1647E-02 (120, 10)
n=  3268   udiff=  3.9830E-02 (109, 13)   vdiff=  3.1601E-02 (120, 10)
n=  3269   udiff=  3.9770E-02 (109, 13)   vdiff=  3.1554E-02 (120, 10)
n=  3270   udiff=  3.9709E-02 (109, 13)   vdiff=  3.1508E-02 (120, 10)
n=  3271   udiff=  3.9649E-02 (109, 13)   vdiff=  3.1462E-02 (120, 10)
n=  3272   udiff=  3.9588E-02 (109, 13)   vdiff=  3.1416E-02 (120, 10)
n=  3273   udiff=  3.9528E-02 (109, 13)   vdiff=  3.1370E-02 (120, 10)
n=  3274   udiff=  3.9468E-02 (109, 13)   vdiff=  3.1324E-02 (120, 10)
n=  3275   udiff=  3.9408E-02 (109, 13)   vdiff=  3.1278E-02 (120, 10)
n=  3276   udiff=  3.9348E-02 (109, 13)   vdiff=  3.1232E-02 (120, 10)
n=  3277   udiff=  3.9288E-02 (109, 13)   vdiff=  3.1186E-02 (120, 10)
n=  3278   udiff=  3.9228E-02 (109, 13)   vdiff=  3.1140E-02 (120, 10)
n=  3279   udiff=  3.9168E-02 (109, 13)   vdiff=  3.1094E-02 (120, 10)
n=  3280   udiff=  3.9108E-02 (109, 13)   vdiff=  3.1049E-02 (120, 10)
n=  3281   udiff=  3.9049E-02 (109, 13)   vdiff=  3.1003E-02 (120, 10)
n=  3282   udiff=  3.8989E-02 (109, 13)   vdiff=  3.0957E-02 (120, 10)
n=  3283   udiff=  3.8930E-02 (109, 13)   vdiff=  3.0911E-02 (120, 10)
n=  3284   udiff=  3.8870E-02 (109, 13)   vdiff=  3.0866E-02 (120, 10)
n=  3285   udiff=  3.8811E-02 (109, 13)   vdiff=  3.0820E-02 (120, 10)
n=  3286   udiff=  3.8751E-02 (109, 13)   vdiff=  3.0775E-02 (120, 10)
n=  3287   udiff=  3.8692E-02 (109, 13)   vdiff=  3.0729E-02 (120, 10)
n=  3288   udiff=  3.8633E-02 (109, 13)   vdiff=  3.0684E-02 (120, 10)
n=  3289   udiff=  3.8574E-02 (109, 13)   vdiff=  3.0639E-02 (120, 10)
n=  3290   udiff=  3.8515E-02 (109, 13)   vdiff=  3.0593E-02 (120, 10)
n=  3291   udiff=  3.8456E-02 (109, 13)   vdiff=  3.0548E-02 (120, 10)
n=  3292   udiff=  3.8397E-02 (109, 13)   vdiff=  3.0503E-02 (120, 10)
n=  3293   udiff=  3.8338E-02 (109, 13)   vdiff=  3.0458E-02 (120, 10)
n=  3294   udiff=  3.8279E-02 (109, 13)   vdiff=  3.0412E-02 (120, 10)
n=  3295   udiff=  3.8221E-02 (109, 13)   vdiff=  3.0367E-02 (120, 10)
n=  3296   udiff=  3.8162E-02 (109, 13)   vdiff=  3.0322E-02 (120, 10)
n=  3297   udiff=  3.8104E-02 (109, 13)   vdiff=  3.0277E-02 (120, 10)
n=  3298   udiff=  3.8045E-02 (109, 13)   vdiff=  3.0232E-02 (120, 10)
n=  3299   udiff=  3.7987E-02 (109, 13)   vdiff=  3.0188E-02 (120, 10)
n=  3300   udiff=  3.7928E-02 (109, 13)   vdiff=  3.0143E-02 (120, 10)
n=  3301   udiff=  3.7870E-02 (109, 13)   vdiff=  3.0098E-02 (120, 10)
n=  3302   udiff=  3.7812E-02 (109, 13)   vdiff=  3.0053E-02 (120, 10)
n=  3303   udiff=  3.7754E-02 (109, 13)   vdiff=  3.0008E-02 (120, 10)
n=  3304   udiff=  3.7696E-02 (109, 13)   vdiff=  2.9964E-02 (120, 10)
n=  3305   udiff=  3.7638E-02 (109, 13)   vdiff=  2.9919E-02 (120, 10)
n=  3306   udiff=  3.7580E-02 (109, 13)   vdiff=  2.9875E-02 (120, 10)
n=  3307   udiff=  3.7522E-02 (109, 13)   vdiff=  2.9830E-02 (120, 10)
n=  3308   udiff=  3.7464E-02 (109, 13)   vdiff=  2.9786E-02 (120, 10)
n=  3309   udiff=  3.7407E-02 (109, 13)   vdiff=  2.9741E-02 (120, 10)
n=  3310   udiff=  3.7349E-02 (109, 13)   vdiff=  2.9697E-02 (120, 10)
n=  3311   udiff=  3.7291E-02 (109, 13)   vdiff=  2.9652E-02 (120, 10)
n=  3312   udiff=  3.7234E-02 (109, 13)   vdiff=  2.9608E-02 (120, 10)
n=  3313   udiff=  3.7176E-02 (109, 13)   vdiff=  2.9564E-02 (120, 10)
n=  3314   udiff=  3.7119E-02 (109, 13)   vdiff=  2.9520E-02 (120, 10)
n=  3315   udiff=  3.7062E-02 (109, 13)   vdiff=  2.9475E-02 (120, 10)
n=  3316   udiff=  3.7005E-02 (109, 13)   vdiff=  2.9431E-02 (120, 10)
n=  3317   udiff=  3.6947E-02 (109, 13)   vdiff=  2.9387E-02 (120, 10)
n=  3318   udiff=  3.6890E-02 (109, 13)   vdiff=  2.9343E-02 (120, 10)
n=  3319   udiff=  3.6833E-02 (109, 13)   vdiff=  2.9299E-02 (120, 10)
n=  3320   udiff=  3.6776E-02 (109, 13)   vdiff=  2.9256E-02 (120, 10)
n=  3321   udiff=  3.6720E-02 (109, 13)   vdiff=  2.9212E-02 (120, 10)
n=  3322   udiff=  3.6663E-02 (109, 13)   vdiff=  2.9168E-02 (120, 10)
n=  3323   udiff=  3.6606E-02 (109, 13)   vdiff=  2.9124E-02 (120, 10)
n=  3324   udiff=  3.6549E-02 (109, 13)   vdiff=  2.9080E-02 (120, 10)
n=  3325   udiff=  3.6493E-02 (109, 13)   vdiff=  2.9037E-02 (120, 10)
n=  3326   udiff=  3.6436E-02 (109, 13)   vdiff=  2.8993E-02 (120, 10)
n=  3327   udiff=  3.6380E-02 (109, 13)   vdiff=  2.8950E-02 (120, 10)
n=  3328   udiff=  3.6324E-02 (109, 13)   vdiff=  2.8906E-02 (120, 10)
n=  3329   udiff=  3.6267E-02 (109, 13)   vdiff=  2.8863E-02 (120, 10)
n=  3330   udiff=  3.6211E-02 (109, 13)   vdiff=  2.8819E-02 (120, 10)
n=  3331   udiff=  3.6155E-02 (109, 13)   vdiff=  2.8776E-02 (120, 10)
n=  3332   udiff=  3.6099E-02 (109, 13)   vdiff=  2.8733E-02 (120, 10)
n=  3333   udiff=  3.6043E-02 (109, 13)   vdiff=  2.8689E-02 (120, 10)
n=  3334   udiff=  3.5987E-02 (109, 13)   vdiff=  2.8646E-02 (120, 10)
n=  3335   udiff=  3.5931E-02 (109, 13)   vdiff=  2.8603E-02 (120, 10)
n=  3336   udiff=  3.5875E-02 (109, 13)   vdiff=  2.8560E-02 (120, 10)
n=  3337   udiff=  3.5820E-02 (109, 13)   vdiff=  2.8517E-02 (120, 10)
n=  3338   udiff=  3.5764E-02 (109, 13)   vdiff=  2.8474E-02 (120, 10)
n=  3339   udiff=  3.5708E-02 (109, 13)   vdiff=  2.8431E-02 (120, 10)
n=  3340   udiff=  3.5653E-02 (109, 13)   vdiff=  2.8388E-02 (120, 10)
n=  3341   udiff=  3.5597E-02 (109, 13)   vdiff=  2.8345E-02 (120, 10)
n=  3342   udiff=  3.5542E-02 (109, 13)   vdiff=  2.8303E-02 (120, 10)
n=  3343   udiff=  3.5487E-02 (109, 13)   vdiff=  2.8260E-02 (120, 10)
n=  3344   udiff=  3.5431E-02 (109, 13)   vdiff=  2.8217E-02 (120, 10)
n=  3345   udiff=  3.5376E-02 (109, 13)   vdiff=  2.8174E-02 (120, 10)
n=  3346   udiff=  3.5321E-02 (109, 13)   vdiff=  2.8132E-02 (120, 10)
n=  3347   udiff=  3.5266E-02 (109, 13)   vdiff=  2.8089E-02 (120, 10)
n=  3348   udiff=  3.5211E-02 (109, 13)   vdiff=  2.8047E-02 (120, 10)
n=  3349   udiff=  3.5156E-02 (109, 13)   vdiff=  2.8004E-02 (120, 10)
n=  3350   udiff=  3.5102E-02 (109, 13)   vdiff=  2.7962E-02 (120, 10)
n=  3351   udiff=  3.5047E-02 (109, 13)   vdiff=  2.7920E-02 (120, 10)
n=  3352   udiff=  3.4992E-02 (109, 13)   vdiff=  2.7877E-02 (120, 10)
n=  3353   udiff=  3.4938E-02 (109, 13)   vdiff=  2.7835E-02 (120, 10)
n=  3354   udiff=  3.4883E-02 (109, 13)   vdiff=  2.7793E-02 (120, 10)
n=  3355   udiff=  3.4829E-02 (109, 13)   vdiff=  2.7751E-02 (120, 10)
n=  3356   udiff=  3.4774E-02 (109, 13)   vdiff=  2.7709E-02 (120, 10)
n=  3357   udiff=  3.4720E-02 (109, 13)   vdiff=  2.7667E-02 (120, 10)
n=  3358   udiff=  3.4666E-02 (109, 13)   vdiff=  2.7625E-02 (120, 10)
n=  3359   udiff=  3.4612E-02 (109, 13)   vdiff=  2.7583E-02 (120, 10)
n=  3360   udiff=  3.4557E-02 (109, 13)   vdiff=  2.7541E-02 (120, 10)
n=  3361   udiff=  3.4503E-02 (109, 13)   vdiff=  2.7499E-02 (120, 10)
n=  3362   udiff=  3.4449E-02 (109, 13)   vdiff=  2.7457E-02 (120, 10)
n=  3363   udiff=  3.4396E-02 (109, 13)   vdiff=  2.7416E-02 (120, 10)
n=  3364   udiff=  3.4342E-02 (109, 13)   vdiff=  2.7374E-02 (120, 10)
n=  3365   udiff=  3.4288E-02 (109, 13)   vdiff=  2.7332E-02 (120, 10)
n=  3366   udiff=  3.4234E-02 (109, 13)   vdiff=  2.7291E-02 (120, 10)
n=  3367   udiff=  3.4181E-02 (109, 13)   vdiff=  2.7249E-02 (120, 10)
n=  3368   udiff=  3.4127E-02 (109, 13)   vdiff=  2.7208E-02 (120, 10)
n=  3369   udiff=  3.4074E-02 (109, 13)   vdiff=  2.7166E-02 (120, 10)
n=  3370   udiff=  3.4020E-02 (109, 13)   vdiff=  2.7125E-02 (120, 10)
n=  3371   udiff=  3.3967E-02 (109, 13)   vdiff=  2.7084E-02 (120, 10)
n=  3372   udiff=  3.3914E-02 (109, 13)   vdiff=  2.7042E-02 (120, 10)
n=  3373   udiff=  3.3861E-02 (109, 13)   vdiff=  2.7001E-02 (120, 10)
n=  3374   udiff=  3.3807E-02 (109, 13)   vdiff=  2.6960E-02 (120, 10)
n=  3375   udiff=  3.3754E-02 (109, 13)   vdiff=  2.6919E-02 (120, 10)
n=  3376   udiff=  3.3701E-02 (109, 13)   vdiff=  2.6878E-02 (120, 10)
n=  3377   udiff=  3.3649E-02 (109, 13)   vdiff=  2.6837E-02 (120, 10)
n=  3378   udiff=  3.3596E-02 (109, 13)   vdiff=  2.6796E-02 (120, 10)
n=  3379   udiff=  3.3543E-02 (109, 13)   vdiff=  2.6755E-02 (120, 10)
n=  3380   udiff=  3.3490E-02 (109, 13)   vdiff=  2.6714E-02 (120, 10)
n=  3381   udiff=  3.3438E-02 (109, 13)   vdiff=  2.6673E-02 (120, 10)
n=  3382   udiff=  3.3385E-02 (109, 13)   vdiff=  2.6633E-02 (120, 10)
n=  3383   udiff=  3.3333E-02 (109, 13)   vdiff=  2.6592E-02 (120, 10)
n=  3384   udiff=  3.3280E-02 (109, 13)   vdiff=  2.6551E-02 (120, 10)
n=  3385   udiff=  3.3228E-02 (109, 13)   vdiff=  2.6511E-02 (120, 10)
n=  3386   udiff=  3.3176E-02 (109, 13)   vdiff=  2.6470E-02 (120, 10)
n=  3387   udiff=  3.3124E-02 (109, 13)   vdiff=  2.6430E-02 (120, 10)
n=  3388   udiff=  3.3071E-02 (109, 13)   vdiff=  2.6389E-02 (120, 10)
n=  3389   udiff=  3.3019E-02 (109, 13)   vdiff=  2.6349E-02 (120, 10)
n=  3390   udiff=  3.2967E-02 (109, 13)   vdiff=  2.6308E-02 (120, 10)
n=  3391   udiff=  3.2915E-02 (109, 13)   vdiff=  2.6268E-02 (120, 10)
n=  3392   udiff=  3.2864E-02 (109, 13)   vdiff=  2.6228E-02 (120, 10)
n=  3393   udiff=  3.2812E-02 (109, 13)   vdiff=  2.6188E-02 (120, 10)
n=  3394   udiff=  3.2760E-02 (109, 13)   vdiff=  2.6147E-02 (120, 10)
n=  3395   udiff=  3.2709E-02 (109, 13)   vdiff=  2.6107E-02 (120, 10)
n=  3396   udiff=  3.2657E-02 (109, 13)   vdiff=  2.6067E-02 (120, 10)
n=  3397   udiff=  3.2605E-02 (109, 13)   vdiff=  2.6027E-02 (120, 10)
n=  3398   udiff=  3.2554E-02 (109, 13)   vdiff=  2.5987E-02 (120, 10)
n=  3399   udiff=  3.2503E-02 (109, 13)   vdiff=  2.5947E-02 (120, 10)
n=  3400   udiff=  3.2451E-02 (109, 13)   vdiff=  2.5908E-02 (120, 10)
n=  3401   udiff=  3.2400E-02 (109, 13)   vdiff=  2.5868E-02 (120, 10)
n=  3402   udiff=  3.2349E-02 (109, 13)   vdiff=  2.5828E-02 (120, 10)
n=  3403   udiff=  3.2298E-02 (109, 13)   vdiff=  2.5788E-02 (120, 10)
n=  3404   udiff=  3.2247E-02 (109, 13)   vdiff=  2.5749E-02 (120, 10)
n=  3405   udiff=  3.2196E-02 (109, 13)   vdiff=  2.5709E-02 (120, 10)
n=  3406   udiff=  3.2145E-02 (109, 13)   vdiff=  2.5670E-02 (120, 10)
n=  3407   udiff=  3.2094E-02 (109, 13)   vdiff=  2.5630E-02 (120, 10)
n=  3408   udiff=  3.2044E-02 (109, 13)   vdiff=  2.5591E-02 (120, 10)
n=  3409   udiff=  3.1993E-02 (109, 13)   vdiff=  2.5551E-02 (120, 10)
n=  3410   udiff=  3.1943E-02 (109, 13)   vdiff=  2.5512E-02 (120, 10)
n=  3411   udiff=  3.1892E-02 (109, 13)   vdiff=  2.5472E-02 (120, 10)
n=  3412   udiff=  3.1842E-02 (109, 13)   vdiff=  2.5433E-02 (120, 10)
n=  3413   udiff=  3.1791E-02 (109, 13)   vdiff=  2.5394E-02 (120, 10)
n=  3414   udiff=  3.1741E-02 (109, 13)   vdiff=  2.5355E-02 (120, 10)
n=  3415   udiff=  3.1691E-02 (109, 13)   vdiff=  2.5316E-02 (120, 10)
n=  3416   udiff=  3.1640E-02 (109, 13)   vdiff=  2.5277E-02 (120, 10)
n=  3417   udiff=  3.1590E-02 (109, 13)   vdiff=  2.5238E-02 (120, 10)
n=  3418   udiff=  3.1540E-02 (109, 13)   vdiff=  2.5199E-02 (120, 10)
n=  3419   udiff=  3.1490E-02 (109, 13)   vdiff=  2.5160E-02 (120, 10)
n=  3420   udiff=  3.1440E-02 (109, 13)   vdiff=  2.5121E-02 (120, 10)
n=  3421   udiff=  3.1391E-02 (109, 13)   vdiff=  2.5082E-02 (120, 10)
n=  3422   udiff=  3.1341E-02 (109, 13)   vdiff=  2.5043E-02 (120, 10)
n=  3423   udiff=  3.1291E-02 (109, 13)   vdiff=  2.5005E-02 (120, 10)
n=  3424   udiff=  3.1242E-02 (109, 13)   vdiff=  2.4966E-02 (120, 10)
n=  3425   udiff=  3.1192E-02 (109, 13)   vdiff=  2.4927E-02 (120, 10)
n=  3426   udiff=  3.1143E-02 (109, 13)   vdiff=  2.4889E-02 (120, 10)
n=  3427   udiff=  3.1093E-02 (109, 13)   vdiff=  2.4850E-02 (120, 10)
n=  3428   udiff=  3.1044E-02 (109, 13)   vdiff=  2.4812E-02 (120, 10)
n=  3429   udiff=  3.0995E-02 (109, 13)   vdiff=  2.4773E-02 (120, 10)
n=  3430   udiff=  3.0945E-02 (109, 13)   vdiff=  2.4735E-02 (120, 10)
n=  3431   udiff=  3.0896E-02 (109, 13)   vdiff=  2.4696E-02 (120, 10)
n=  3432   udiff=  3.0847E-02 (109, 13)   vdiff=  2.4658E-02 (120, 10)
n=  3433   udiff=  3.0798E-02 (109, 13)   vdiff=  2.4620E-02 (120, 10)
n=  3434   udiff=  3.0749E-02 (109, 13)   vdiff=  2.4582E-02 (120, 10)
n=  3435   udiff=  3.0700E-02 (109, 13)   vdiff=  2.4544E-02 (120, 10)
n=  3436   udiff=  3.0651E-02 (109, 13)   vdiff=  2.4505E-02 (120, 10)
n=  3437   udiff=  3.0603E-02 (109, 13)   vdiff=  2.4467E-02 (120, 10)
n=  3438   udiff=  3.0554E-02 (109, 13)   vdiff=  2.4429E-02 (120, 10)
n=  3439   udiff=  3.0505E-02 (109, 13)   vdiff=  2.4391E-02 (120, 10)
n=  3440   udiff=  3.0457E-02 (109, 13)   vdiff=  2.4354E-02 (120, 10)
n=  3441   udiff=  3.0408E-02 (109, 13)   vdiff=  2.4316E-02 (120, 10)
n=  3442   udiff=  3.0360E-02 (109, 13)   vdiff=  2.4278E-02 (120, 10)
n=  3443   udiff=  3.0312E-02 (109, 13)   vdiff=  2.4240E-02 (120, 10)
n=  3444   udiff=  3.0263E-02 (109, 13)   vdiff=  2.4202E-02 (120, 10)
n=  3445   udiff=  3.0215E-02 (109, 13)   vdiff=  2.4165E-02 (120, 10)
n=  3446   udiff=  3.0167E-02 (109, 13)   vdiff=  2.4127E-02 (120, 10)
n=  3447   udiff=  3.0119E-02 (109, 13)   vdiff=  2.4089E-02 (120, 10)
n=  3448   udiff=  3.0071E-02 (109, 13)   vdiff=  2.4052E-02 (120, 10)
n=  3449   udiff=  3.0023E-02 (109, 13)   vdiff=  2.4014E-02 (120, 10)
n=  3450   udiff=  2.9975E-02 (109, 13)   vdiff=  2.3977E-02 (120, 10)
n=  3451   udiff=  2.9927E-02 (109, 13)   vdiff=  2.3940E-02 (120, 10)
n=  3452   udiff=  2.9879E-02 (109, 13)   vdiff=  2.3902E-02 (120, 10)
n=  3453   udiff=  2.9832E-02 (109, 13)   vdiff=  2.3865E-02 (120, 10)
n=  3454   udiff=  2.9784E-02 (109, 13)   vdiff=  2.3828E-02 (120, 10)
n=  3455   udiff=  2.9737E-02 (109, 13)   vdiff=  2.3790E-02 (120, 10)
n=  3456   udiff=  2.9689E-02 (109, 13)   vdiff=  2.3753E-02 (120, 10)
n=  3457   udiff=  2.9642E-02 (109, 13)   vdiff=  2.3716E-02 (120, 10)
n=  3458   udiff=  2.9594E-02 (109, 13)   vdiff=  2.3679E-02 (120, 10)
n=  3459   udiff=  2.9547E-02 (109, 13)   vdiff=  2.3642E-02 (120, 10)
n=  3460   udiff=  2.9500E-02 (109, 13)   vdiff=  2.3605E-02 (120, 10)
n=  3461   udiff=  2.9453E-02 (109, 13)   vdiff=  2.3568E-02 (120, 10)
n=  3462   udiff=  2.9405E-02 (109, 13)   vdiff=  2.3531E-02 (120, 10)
n=  3463   udiff=  2.9358E-02 (109, 13)   vdiff=  2.3494E-02 (120, 10)
n=  3464   udiff=  2.9311E-02 (109, 13)   vdiff=  2.3458E-02 (120, 10)
n=  3465   udiff=  2.9265E-02 (109, 13)   vdiff=  2.3421E-02 (120, 10)
n=  3466   udiff=  2.9218E-02 (109, 13)   vdiff=  2.3384E-02 (120, 10)
n=  3467   udiff=  2.9171E-02 (109, 13)   vdiff=  2.3348E-02 (120, 10)
n=  3468   udiff=  2.9124E-02 (109, 13)   vdiff=  2.3311E-02 (120, 10)
n=  3469   udiff=  2.9078E-02 (109, 13)   vdiff=  2.3274E-02 (120, 10)
n=  3470   udiff=  2.9031E-02 (109, 13)   vdiff=  2.3238E-02 (120, 10)
n=  3471   udiff=  2.8984E-02 (109, 13)   vdiff=  2.3201E-02 (120, 10)
n=  3472   udiff=  2.8938E-02 (109, 13)   vdiff=  2.3165E-02 (120, 10)
n=  3473   udiff=  2.8891E-02 (109, 13)   vdiff=  2.3129E-02 (120, 10)
n=  3474   udiff=  2.8845E-02 (109, 13)   vdiff=  2.3092E-02 (120, 10)
n=  3475   udiff=  2.8799E-02 (109, 13)   vdiff=  2.3056E-02 (120, 10)
n=  3476   udiff=  2.8753E-02 (109, 13)   vdiff=  2.3020E-02 (120, 10)
n=  3477   udiff=  2.8706E-02 (109, 13)   vdiff=  2.2984E-02 (120, 10)
n=  3478   udiff=  2.8660E-02 (109, 13)   vdiff=  2.2948E-02 (120, 10)
n=  3479   udiff=  2.8614E-02 (109, 13)   vdiff=  2.2911E-02 (120, 10)
n=  3480   udiff=  2.8568E-02 (109, 13)   vdiff=  2.2875E-02 (120, 10)
n=  3481   udiff=  2.8522E-02 (109, 13)   vdiff=  2.2839E-02 (120, 10)
n=  3482   udiff=  2.8477E-02 (109, 13)   vdiff=  2.2804E-02 (120, 10)
n=  3483   udiff=  2.8431E-02 (109, 13)   vdiff=  2.2767E-02 (120, 10)
n=  3484   udiff=  2.8385E-02 (109, 13)   vdiff=  2.2732E-02 (120, 10)
n=  3485   udiff=  2.8339E-02 (109, 13)   vdiff=  2.2696E-02 (120, 10)
n=  3486   udiff=  2.8294E-02 (109, 13)   vdiff=  2.2660E-02 (120, 10)
n=  3487   udiff=  2.8248E-02 (109, 13)   vdiff=  2.2624E-02 (120, 10)
n=  3488   udiff=  2.8203E-02 (109, 13)   vdiff=  2.2589E-02 (120, 10)
n=  3489   udiff=  2.8157E-02 (109, 13)   vdiff=  2.2553E-02 (120, 10)
n=  3490   udiff=  2.8112E-02 (109, 13)   vdiff=  2.2517E-02 (120, 10)
n=  3491   udiff=  2.8067E-02 (109, 13)   vdiff=  2.2482E-02 (120, 10)
n=  3492   udiff=  2.8022E-02 (109, 13)   vdiff=  2.2446E-02 (120, 10)
n=  3493   udiff=  2.7976E-02 (109, 13)   vdiff=  2.2411E-02 (120, 10)
n=  3494   udiff=  2.7931E-02 (109, 13)   vdiff=  2.2376E-02 (120, 10)
n=  3495   udiff=  2.7886E-02 (109, 13)   vdiff=  2.2340E-02 (120, 10)
n=  3496   udiff=  2.7841E-02 (109, 13)   vdiff=  2.2305E-02 (120, 10)
n=  3497   udiff=  2.7796E-02 (109, 13)   vdiff=  2.2270E-02 (120, 10)
n=  3498   udiff=  2.7751E-02 (109, 13)   vdiff=  2.2234E-02 (120, 10)
n=  3499   udiff=  2.7707E-02 (109, 13)   vdiff=  2.2199E-02 (120, 10)
n=  3500   udiff=  2.7662E-02 (109, 13)   vdiff=  2.2164E-02 (120, 10)
n=  3501   udiff=  2.7617E-02 (109, 13)   vdiff=  2.2129E-02 (120, 10)
n=  3502   udiff=  2.7573E-02 (109, 13)   vdiff=  2.2094E-02 (120, 10)
n=  3503   udiff=  2.7528E-02 (109, 13)   vdiff=  2.2059E-02 (120, 10)
n=  3504   udiff=  2.7484E-02 (109, 13)   vdiff=  2.2024E-02 (120, 10)
n=  3505   udiff=  2.7439E-02 (109, 13)   vdiff=  2.1989E-02 (120, 10)
n=  3506   udiff=  2.7395E-02 (109, 13)   vdiff=  2.1954E-02 (120, 10)
n=  3507   udiff=  2.7350E-02 (109, 13)   vdiff=  2.1919E-02 (120, 10)
n=  3508   udiff=  2.7306E-02 (109, 13)   vdiff=  2.1885E-02 (120, 10)
n=  3509   udiff=  2.7262E-02 (109, 13)   vdiff=  2.1850E-02 (120, 10)
n=  3510   udiff=  2.7218E-02 (109, 13)   vdiff=  2.1815E-02 (120, 10)
n=  3511   udiff=  2.7174E-02 (109, 13)   vdiff=  2.1781E-02 (120, 10)
n=  3512   udiff=  2.7130E-02 (109, 13)   vdiff=  2.1746E-02 (120, 10)
n=  3513   udiff=  2.7086E-02 (109, 13)   vdiff=  2.1712E-02 (120, 10)
n=  3514   udiff=  2.7042E-02 (109, 13)   vdiff=  2.1677E-02 (120, 10)
n=  3515   udiff=  2.6998E-02 (109, 13)   vdiff=  2.1643E-02 (120, 10)
n=  3516   udiff=  2.6954E-02 (109, 13)   vdiff=  2.1608E-02 (120, 10)
n=  3517   udiff=  2.6911E-02 (109, 13)   vdiff=  2.1574E-02 (120, 10)
n=  3518   udiff=  2.6867E-02 (109, 13)   vdiff=  2.1540E-02 (120, 10)
n=  3519   udiff=  2.6823E-02 (109, 13)   vdiff=  2.1505E-02 (120, 10)
n=  3520   udiff=  2.6780E-02 (109, 13)   vdiff=  2.1471E-02 (120, 10)
n=  3521   udiff=  2.6736E-02 (109, 13)   vdiff=  2.1437E-02 (120, 10)
n=  3522   udiff=  2.6693E-02 (109, 13)   vdiff=  2.1403E-02 (120, 10)
n=  3523   udiff=  2.6649E-02 (109, 13)   vdiff=  2.1369E-02 (120, 10)
n=  3524   udiff=  2.6606E-02 (109, 13)   vdiff=  2.1335E-02 (120, 10)
n=  3525   udiff=  2.6563E-02 (109, 13)   vdiff=  2.1301E-02 (120, 10)
n=  3526   udiff=  2.6520E-02 (109, 13)   vdiff=  2.1267E-02 (120, 10)
n=  3527   udiff=  2.6477E-02 (109, 13)   vdiff=  2.1233E-02 (120, 10)
n=  3528   udiff=  2.6434E-02 (109, 13)   vdiff=  2.1199E-02 (120, 10)
n=  3529   udiff=  2.6390E-02 (109, 13)   vdiff=  2.1165E-02 (120, 10)
n=  3530   udiff=  2.6348E-02 (109, 13)   vdiff=  2.1131E-02 (120, 10)
n=  3531   udiff=  2.6305E-02 (109, 13)   vdiff=  2.1098E-02 (120, 10)
n=  3532   udiff=  2.6262E-02 (109, 13)   vdiff=  2.1064E-02 (120, 10)
n=  3533   udiff=  2.6219E-02 (109, 13)   vdiff=  2.1030E-02 (120, 10)
n=  3534   udiff=  2.6176E-02 (109, 13)   vdiff=  2.0997E-02 (120, 10)
n=  3535   udiff=  2.6134E-02 (109, 13)   vdiff=  2.0963E-02 (120, 10)
n=  3536   udiff=  2.6091E-02 (109, 13)   vdiff=  2.0930E-02 (120, 10)
n=  3537   udiff=  2.6049E-02 (109, 13)   vdiff=  2.0896E-02 (120, 10)
n=  3538   udiff=  2.6006E-02 (109, 13)   vdiff=  2.0863E-02 (120, 10)
n=  3539   udiff=  2.5964E-02 (109, 13)   vdiff=  2.0830E-02 (120, 10)
n=  3540   udiff=  2.5921E-02 (109, 13)   vdiff=  2.0796E-02 (120, 10)
n=  3541   udiff=  2.5879E-02 (109, 13)   vdiff=  2.0763E-02 (120, 10)
n=  3542   udiff=  2.5837E-02 (109, 13)   vdiff=  2.0730E-02 (120, 10)
n=  3543   udiff=  2.5795E-02 (109, 13)   vdiff=  2.0697E-02 (120, 10)
n=  3544   udiff=  2.5752E-02 (109, 13)   vdiff=  2.0664E-02 (120, 10)
n=  3545   udiff=  2.5710E-02 (109, 13)   vdiff=  2.0631E-02 (120, 10)
n=  3546   udiff=  2.5668E-02 (109, 13)   vdiff=  2.0598E-02 (120, 10)
n=  3547   udiff=  2.5626E-02 (109, 13)   vdiff=  2.0565E-02 (120, 10)
n=  3548   udiff=  2.5584E-02 (109, 13)   vdiff=  2.0532E-02 (120, 10)
n=  3549   udiff=  2.5543E-02 (109, 13)   vdiff=  2.0499E-02 (120, 10)
n=  3550   udiff=  2.5501E-02 (109, 13)   vdiff=  2.0466E-02 (120, 10)
n=  3551   udiff=  2.5459E-02 (109, 13)   vdiff=  2.0433E-02 (120, 10)
n=  3552   udiff=  2.5417E-02 (109, 13)   vdiff=  2.0400E-02 (120, 10)
n=  3553   udiff=  2.5376E-02 (109, 13)   vdiff=  2.0368E-02 (120, 10)
n=  3554   udiff=  2.5334E-02 (109, 13)   vdiff=  2.0335E-02 (120, 10)
n=  3555   udiff=  2.5293E-02 (109, 13)   vdiff=  2.0302E-02 (120, 10)
n=  3556   udiff=  2.5251E-02 (109, 13)   vdiff=  2.0270E-02 (120, 10)
n=  3557   udiff=  2.5210E-02 (109, 13)   vdiff=  2.0237E-02 (120, 10)
n=  3558   udiff=  2.5169E-02 (109, 13)   vdiff=  2.0205E-02 (120, 10)
n=  3559   udiff=  2.5127E-02 (109, 13)   vdiff=  2.0172E-02 (120, 10)
n=  3560   udiff=  2.5086E-02 (109, 13)   vdiff=  2.0140E-02 (120, 10)
n=  3561   udiff=  2.5045E-02 (109, 13)   vdiff=  2.0108E-02 (120, 10)
n=  3562   udiff=  2.5004E-02 (109, 13)   vdiff=  2.0075E-02 (120, 10)
n=  3563   udiff=  2.4963E-02 (109, 13)   vdiff=  2.0043E-02 (120, 10)
n=  3564   udiff=  2.4922E-02 (109, 13)   vdiff=  2.0011E-02 (120, 10)
n=  3565   udiff=  2.4881E-02 (109, 13)   vdiff=  1.9979E-02 (120, 10)
n=  3566   udiff=  2.4840E-02 (109, 13)   vdiff=  1.9947E-02 (120, 10)
n=  3567   udiff=  2.4799E-02 (109, 13)   vdiff=  1.9915E-02 (120, 10)
n=  3568   udiff=  2.4759E-02 (109, 13)   vdiff=  1.9883E-02 (120, 10)
n=  3569   udiff=  2.4718E-02 (109, 13)   vdiff=  1.9851E-02 (120, 10)
n=  3570   udiff=  2.4677E-02 (109, 13)   vdiff=  1.9819E-02 (120, 10)
n=  3571   udiff=  2.4637E-02 (109, 13)   vdiff=  1.9787E-02 (120, 10)
n=  3572   udiff=  2.4596E-02 (109, 13)   vdiff=  1.9755E-02 (120, 10)
n=  3573   udiff=  2.4556E-02 (109, 13)   vdiff=  1.9723E-02 (120, 10)
n=  3574   udiff=  2.4515E-02 (109, 13)   vdiff=  1.9691E-02 (120, 10)
n=  3575   udiff=  2.4475E-02 (109, 13)   vdiff=  1.9660E-02 (120, 10)
n=  3576   udiff=  2.4435E-02 (109, 13)   vdiff=  1.9628E-02 (120, 10)
n=  3577   udiff=  2.4394E-02 (109, 13)   vdiff=  1.9596E-02 (120, 10)
n=  3578   udiff=  2.4354E-02 (109, 13)   vdiff=  1.9565E-02 (120, 10)
n=  3579   udiff=  2.4314E-02 (109, 13)   vdiff=  1.9533E-02 (120, 10)
n=  3580   udiff=  2.4274E-02 (109, 13)   vdiff=  1.9502E-02 (120, 10)
n=  3581   udiff=  2.4234E-02 (109, 13)   vdiff=  1.9470E-02 (120, 10)
n=  3582   udiff=  2.4194E-02 (109, 13)   vdiff=  1.9439E-02 (120, 10)
n=  3583   udiff=  2.4154E-02 (109, 13)   vdiff=  1.9408E-02 (120, 10)
n=  3584   udiff=  2.4114E-02 (109, 13)   vdiff=  1.9376E-02 (120, 10)
n=  3585   udiff=  2.4075E-02 (109, 13)   vdiff=  1.9345E-02 (120, 10)
n=  3586   udiff=  2.4035E-02 (109, 13)   vdiff=  1.9314E-02 (120, 10)
n=  3587   udiff=  2.3995E-02 (109, 13)   vdiff=  1.9283E-02 (120, 10)
n=  3588   udiff=  2.3956E-02 (109, 13)   vdiff=  1.9251E-02 (120, 10)
n=  3589   udiff=  2.3916E-02 (109, 13)   vdiff=  1.9220E-02 (120, 10)
n=  3590   udiff=  2.3876E-02 (109, 13)   vdiff=  1.9189E-02 (120, 10)
n=  3591   udiff=  2.3837E-02 (109, 13)   vdiff=  1.9158E-02 (120, 10)
n=  3592   udiff=  2.3798E-02 (109, 13)   vdiff=  1.9127E-02 (120, 10)
n=  3593   udiff=  2.3758E-02 (109, 13)   vdiff=  1.9096E-02 (120, 10)
n=  3594   udiff=  2.3719E-02 (109, 13)   vdiff=  1.9066E-02 (120, 10)
n=  3595   udiff=  2.3680E-02 (109, 13)   vdiff=  1.9035E-02 (120, 10)
n=  3596   udiff=  2.3641E-02 (109, 13)   vdiff=  1.9004E-02 (120, 10)
n=  3597   udiff=  2.3602E-02 (109, 13)   vdiff=  1.8973E-02 (120, 10)
n=  3598   udiff=  2.3563E-02 (109, 13)   vdiff=  1.8943E-02 (120, 10)
n=  3599   udiff=  2.3524E-02 (109, 13)   vdiff=  1.8912E-02 (120, 10)
n=  3600   udiff=  2.3485E-02 (109, 13)   vdiff=  1.8881E-02 (120, 10)
n=  3601   udiff=  2.3446E-02 (109, 13)   vdiff=  1.8851E-02 (120, 10)
n=  3602   udiff=  2.3407E-02 (109, 13)   vdiff=  1.8820E-02 (120, 10)
n=  3603   udiff=  2.3368E-02 (109, 13)   vdiff=  1.8790E-02 (120, 10)
n=  3604   udiff=  2.3329E-02 (109, 13)   vdiff=  1.8759E-02 (120, 10)
n=  3605   udiff=  2.3291E-02 (109, 13)   vdiff=  1.8729E-02 (120, 10)
n=  3606   udiff=  2.3252E-02 (109, 13)   vdiff=  1.8699E-02 (120, 10)
n=  3607   udiff=  2.3214E-02 (109, 13)   vdiff=  1.8668E-02 (120, 10)
n=  3608   udiff=  2.3175E-02 (109, 13)   vdiff=  1.8638E-02 (120, 10)
n=  3609   udiff=  2.3137E-02 (109, 13)   vdiff=  1.8608E-02 (120, 10)
n=  3610   udiff=  2.3098E-02 (109, 13)   vdiff=  1.8578E-02 (120, 10)
n=  3611   udiff=  2.3060E-02 (109, 13)   vdiff=  1.8548E-02 (120, 10)
n=  3612   udiff=  2.3022E-02 (109, 13)   vdiff=  1.8518E-02 (120, 10)
n=  3613   udiff=  2.2983E-02 (109, 13)   vdiff=  1.8488E-02 (120, 10)
n=  3614   udiff=  2.2945E-02 (109, 13)   vdiff=  1.8457E-02 (120, 10)
n=  3615   udiff=  2.2907E-02 (109, 13)   vdiff=  1.8428E-02 (120, 10)
n=  3616   udiff=  2.2869E-02 (109, 13)   vdiff=  1.8398E-02 (120, 10)
n=  3617   udiff=  2.2831E-02 (109, 13)   vdiff=  1.8368E-02 (120, 10)
n=  3618   udiff=  2.2793E-02 (109, 13)   vdiff=  1.8338E-02 (120, 10)
n=  3619   udiff=  2.2755E-02 (109, 13)   vdiff=  1.8308E-02 (120, 10)
n=  3620   udiff=  2.2717E-02 (109, 13)   vdiff=  1.8278E-02 (120, 10)
n=  3621   udiff=  2.2680E-02 (109, 13)   vdiff=  1.8249E-02 (120, 10)
n=  3622   udiff=  2.2642E-02 (109, 13)   vdiff=  1.8219E-02 (120, 10)
n=  3623   udiff=  2.2604E-02 (109, 13)   vdiff=  1.8190E-02 (120, 10)
n=  3624   udiff=  2.2567E-02 (109, 13)   vdiff=  1.8160E-02 (120, 10)
n=  3625   udiff=  2.2529E-02 (109, 13)   vdiff=  1.8130E-02 (120, 10)
n=  3626   udiff=  2.2492E-02 (109, 13)   vdiff=  1.8101E-02 (120, 10)
n=  3627   udiff=  2.2454E-02 (109, 13)   vdiff=  1.8071E-02 (120, 10)
n=  3628   udiff=  2.2417E-02 (109, 13)   vdiff=  1.8042E-02 (120, 10)
n=  3629   udiff=  2.2379E-02 (109, 13)   vdiff=  1.8013E-02 (120, 10)
n=  3630   udiff=  2.2342E-02 (109, 13)   vdiff=  1.7983E-02 (120, 10)
n=  3631   udiff=  2.2305E-02 (109, 13)   vdiff=  1.7954E-02 (120, 10)
n=  3632   udiff=  2.2268E-02 (109, 13)   vdiff=  1.7925E-02 (120, 10)
n=  3633   udiff=  2.2231E-02 (109, 13)   vdiff=  1.7896E-02 (120, 10)
n=  3634   udiff=  2.2194E-02 (109, 13)   vdiff=  1.7867E-02 (120, 10)
n=  3635   udiff=  2.2157E-02 (109, 13)   vdiff=  1.7837E-02 (120, 10)
n=  3636   udiff=  2.2120E-02 (109, 13)   vdiff=  1.7808E-02 (120, 10)
n=  3637   udiff=  2.2083E-02 (109, 13)   vdiff=  1.7779E-02 (120, 10)
n=  3638   udiff=  2.2046E-02 (109, 13)   vdiff=  1.7750E-02 (120, 10)
n=  3639   udiff=  2.2009E-02 (109, 13)   vdiff=  1.7721E-02 (120, 10)
n=  3640   udiff=  2.1972E-02 (109, 13)   vdiff=  1.7693E-02 (120, 10)
n=  3641   udiff=  2.1936E-02 (109, 13)   vdiff=  1.7664E-02 (120, 10)
n=  3642   udiff=  2.1899E-02 (109, 13)   vdiff=  1.7635E-02 (120, 10)
n=  3643   udiff=  2.1862E-02 (109, 13)   vdiff=  1.7606E-02 (120, 10)
n=  3644   udiff=  2.1826E-02 (109, 13)   vdiff=  1.7577E-02 (120, 10)
n=  3645   udiff=  2.1789E-02 (109, 13)   vdiff=  1.7549E-02 (120, 10)
n=  3646   udiff=  2.1753E-02 (109, 13)   vdiff=  1.7520E-02 (120, 10)
n=  3647   udiff=  2.1717E-02 (109, 13)   vdiff=  1.7491E-02 (120, 10)
n=  3648   udiff=  2.1680E-02 (109, 13)   vdiff=  1.7463E-02 (120, 10)
n=  3649   udiff=  2.1644E-02 (109, 13)   vdiff=  1.7434E-02 (120, 10)
n=  3650   udiff=  2.1608E-02 (109, 13)   vdiff=  1.7406E-02 (120, 10)
n=  3651   udiff=  2.1572E-02 (109, 13)   vdiff=  1.7377E-02 (120, 10)
n=  3652   udiff=  2.1535E-02 (109, 13)   vdiff=  1.7349E-02 (120, 10)
n=  3653   udiff=  2.1499E-02 (109, 13)   vdiff=  1.7321E-02 (120, 10)
n=  3654   udiff=  2.1463E-02 (109, 13)   vdiff=  1.7292E-02 (120, 10)
n=  3655   udiff=  2.1427E-02 (109, 13)   vdiff=  1.7264E-02 (120, 10)
n=  3656   udiff=  2.1392E-02 (109, 13)   vdiff=  1.7236E-02 (120, 10)
n=  3657   udiff=  2.1356E-02 (109, 13)   vdiff=  1.7207E-02 (120, 10)
n=  3658   udiff=  2.1320E-02 (109, 13)   vdiff=  1.7179E-02 (120, 10)
n=  3659   udiff=  2.1284E-02 (109, 13)   vdiff=  1.7151E-02 (120, 10)
n=  3660   udiff=  2.1248E-02 (109, 13)   vdiff=  1.7123E-02 (120, 10)
n=  3661   udiff=  2.1213E-02 (109, 13)   vdiff=  1.7095E-02 (120, 10)
n=  3662   udiff=  2.1177E-02 (109, 13)   vdiff=  1.7067E-02 (120, 10)
n=  3663   udiff=  2.1142E-02 (109, 13)   vdiff=  1.7039E-02 (120, 10)
n=  3664   udiff=  2.1106E-02 (109, 13)   vdiff=  1.7011E-02 (120, 10)
n=  3665   udiff=  2.1071E-02 (109, 13)   vdiff=  1.6983E-02 (120, 10)
n=  3666   udiff=  2.1035E-02 (109, 13)   vdiff=  1.6955E-02 (120, 10)
n=  3667   udiff=  2.1000E-02 (109, 13)   vdiff=  1.6927E-02 (120, 10)
n=  3668   udiff=  2.0965E-02 (109, 13)   vdiff=  1.6900E-02 (120, 10)
n=  3669   udiff=  2.0930E-02 (109, 13)   vdiff=  1.6872E-02 (120, 10)
n=  3670   udiff=  2.0894E-02 (109, 13)   vdiff=  1.6844E-02 (120, 10)
n=  3671   udiff=  2.0859E-02 (109, 13)   vdiff=  1.6817E-02 (120, 10)
n=  3672   udiff=  2.0824E-02 (109, 13)   vdiff=  1.6789E-02 (120, 10)
n=  3673   udiff=  2.0789E-02 (109, 13)   vdiff=  1.6761E-02 (120, 10)
n=  3674   udiff=  2.0754E-02 (109, 13)   vdiff=  1.6734E-02 (120, 10)
n=  3675   udiff=  2.0719E-02 (109, 13)   vdiff=  1.6706E-02 (120, 10)
n=  3676   udiff=  2.0685E-02 (109, 13)   vdiff=  1.6679E-02 (120, 10)
n=  3677   udiff=  2.0650E-02 (109, 13)   vdiff=  1.6651E-02 (120, 10)
n=  3678   udiff=  2.0615E-02 (109, 13)   vdiff=  1.6624E-02 (120, 10)
n=  3679   udiff=  2.0580E-02 (109, 13)   vdiff=  1.6597E-02 (120, 10)
n=  3680   udiff=  2.0546E-02 (109, 13)   vdiff=  1.6569E-02 (120, 10)
n=  3681   udiff=  2.0511E-02 (109, 13)   vdiff=  1.6542E-02 (120, 10)
n=  3682   udiff=  2.0477E-02 (109, 13)   vdiff=  1.6515E-02 (120, 10)
n=  3683   udiff=  2.0442E-02 (109, 13)   vdiff=  1.6488E-02 (120, 10)
n=  3684   udiff=  2.0408E-02 (109, 13)   vdiff=  1.6461E-02 (120, 10)
n=  3685   udiff=  2.0373E-02 (109, 13)   vdiff=  1.6433E-02 (120, 10)
n=  3686   udiff=  2.0339E-02 (109, 13)   vdiff=  1.6406E-02 (120, 10)
n=  3687   udiff=  2.0305E-02 (109, 13)   vdiff=  1.6379E-02 (120, 10)
n=  3688   udiff=  2.0270E-02 (109, 13)   vdiff=  1.6352E-02 (120, 10)
n=  3689   udiff=  2.0236E-02 (109, 13)   vdiff=  1.6325E-02 (120, 10)
n=  3690   udiff=  2.0202E-02 (109, 13)   vdiff=  1.6298E-02 (120, 10)
n=  3691   udiff=  2.0168E-02 (109, 13)   vdiff=  1.6271E-02 (120, 10)
n=  3692   udiff=  2.0134E-02 (109, 13)   vdiff=  1.6245E-02 (120, 10)
n=  3693   udiff=  2.0100E-02 (109, 13)   vdiff=  1.6218E-02 (120, 10)
n=  3694   udiff=  2.0066E-02 (109, 13)   vdiff=  1.6191E-02 (120, 10)
n=  3695   udiff=  2.0032E-02 (109, 13)   vdiff=  1.6164E-02 (120, 10)
n=  3696   udiff=  1.9998E-02 (109, 13)   vdiff=  1.6138E-02 (120, 10)
n=  3697   udiff=  1.9964E-02 (109, 13)   vdiff=  1.6111E-02 (120, 10)
n=  3698   udiff=  1.9931E-02 (109, 13)   vdiff=  1.6084E-02 (120, 10)
n=  3699   udiff=  1.9897E-02 (109, 13)   vdiff=  1.6058E-02 (120, 10)
n=  3700   udiff=  1.9863E-02 (109, 13)   vdiff=  1.6031E-02 (120, 10)
n=  3701   udiff=  1.9830E-02 (109, 13)   vdiff=  1.6005E-02 (120, 10)
n=  3702   udiff=  1.9796E-02 (109, 13)   vdiff=  1.5978E-02 (120, 10)
n=  3703   udiff=  1.9763E-02 (109, 13)   vdiff=  1.5952E-02 (120, 10)
n=  3704   udiff=  1.9729E-02 (109, 13)   vdiff=  1.5925E-02 (120, 10)
n=  3705   udiff=  1.9696E-02 (109, 13)   vdiff=  1.5899E-02 (120, 10)
n=  3706   udiff=  1.9663E-02 (109, 13)   vdiff=  1.5873E-02 (120, 10)
n=  3707   udiff=  1.9629E-02 (109, 13)   vdiff=  1.5846E-02 (120, 10)
n=  3708   udiff=  1.9596E-02 (109, 13)   vdiff=  1.5820E-02 (120, 10)
n=  3709   udiff=  1.9563E-02 (109, 13)   vdiff=  1.5794E-02 (120, 10)
n=  3710   udiff=  1.9530E-02 (109, 13)   vdiff=  1.5768E-02 (120, 10)
n=  3711   udiff=  1.9497E-02 (109, 13)   vdiff=  1.5741E-02 (120, 10)
n=  3712   udiff=  1.9464E-02 (109, 13)   vdiff=  1.5715E-02 (120, 10)
n=  3713   udiff=  1.9431E-02 (109, 13)   vdiff=  1.5689E-02 (120, 10)
n=  3714   udiff=  1.9398E-02 (109, 13)   vdiff=  1.5663E-02 (120, 10)
n=  3715   udiff=  1.9365E-02 (109, 13)   vdiff=  1.5637E-02 (120, 10)
n=  3716   udiff=  1.9332E-02 (109, 13)   vdiff=  1.5611E-02 (120, 10)
n=  3717   udiff=  1.9299E-02 (109, 13)   vdiff=  1.5585E-02 (120, 10)
n=  3718   udiff=  1.9266E-02 (109, 13)   vdiff=  1.5560E-02 (120, 10)
n=  3719   udiff=  1.9234E-02 (109, 13)   vdiff=  1.5534E-02 (120, 10)
n=  3720   udiff=  1.9201E-02 (109, 13)   vdiff=  1.5508E-02 (120, 10)
n=  3721   udiff=  1.9168E-02 (109, 13)   vdiff=  1.5482E-02 (120, 10)
n=  3722   udiff=  1.9136E-02 (109, 13)   vdiff=  1.5456E-02 (120, 10)
n=  3723   udiff=  1.9103E-02 (109, 13)   vdiff=  1.5431E-02 (120, 10)
n=  3724   udiff=  1.9071E-02 (109, 13)   vdiff=  1.5405E-02 (120, 10)
n=  3725   udiff=  1.9038E-02 (109, 13)   vdiff=  1.5379E-02 (120, 10)
n=  3726   udiff=  1.9006E-02 (109, 13)   vdiff=  1.5354E-02 (120, 10)
n=  3727   udiff=  1.8974E-02 (109, 13)   vdiff=  1.5328E-02 (120, 10)
n=  3728   udiff=  1.8941E-02 (109, 13)   vdiff=  1.5303E-02 (120, 10)
n=  3729   udiff=  1.8909E-02 (109, 13)   vdiff=  1.5277E-02 (120, 10)
n=  3730   udiff=  1.8877E-02 (109, 13)   vdiff=  1.5252E-02 (120, 10)
n=  3731   udiff=  1.8845E-02 (109, 13)   vdiff=  1.5226E-02 (120, 10)
n=  3732   udiff=  1.8813E-02 (109, 13)   vdiff=  1.5201E-02 (120, 10)
n=  3733   udiff=  1.8781E-02 (109, 13)   vdiff=  1.5176E-02 (120, 10)
n=  3734   udiff=  1.8749E-02 (109, 13)   vdiff=  1.5150E-02 (120, 10)
n=  3735   udiff=  1.8717E-02 (109, 13)   vdiff=  1.5125E-02 (120, 10)
n=  3736   udiff=  1.8685E-02 (109, 13)   vdiff=  1.5100E-02 (120, 10)
n=  3737   udiff=  1.8653E-02 (109, 13)   vdiff=  1.5075E-02 (120, 10)
n=  3738   udiff=  1.8622E-02 (109, 13)   vdiff=  1.5050E-02 (120, 10)
n=  3739   udiff=  1.8590E-02 (109, 13)   vdiff=  1.5024E-02 (120, 10)
n=  3740   udiff=  1.8558E-02 (109, 13)   vdiff=  1.4999E-02 (120, 10)
n=  3741   udiff=  1.8526E-02 (109, 13)   vdiff=  1.4974E-02 (120, 10)
n=  3742   udiff=  1.8495E-02 (109, 13)   vdiff=  1.4949E-02 (120, 10)
n=  3743   udiff=  1.8463E-02 (109, 13)   vdiff=  1.4924E-02 (120, 10)
n=  3744   udiff=  1.8432E-02 (109, 13)   vdiff=  1.4899E-02 (120, 10)
n=  3745   udiff=  1.8400E-02 (109, 13)   vdiff=  1.4875E-02 (120, 10)
n=  3746   udiff=  1.8369E-02 (109, 13)   vdiff=  1.4850E-02 (120, 10)
n=  3747   udiff=  1.8338E-02 (109, 13)   vdiff=  1.4825E-02 (120, 10)
n=  3748   udiff=  1.8306E-02 (109, 13)   vdiff=  1.4800E-02 (120, 10)
n=  3749   udiff=  1.8275E-02 (109, 13)   vdiff=  1.4775E-02 (120, 10)
n=  3750   udiff=  1.8244E-02 (109, 13)   vdiff=  1.4751E-02 (120, 10)
n=  3751   udiff=  1.8213E-02 (109, 13)   vdiff=  1.4726E-02 (120, 10)
n=  3752   udiff=  1.8182E-02 (109, 13)   vdiff=  1.4701E-02 (120, 10)
n=  3753   udiff=  1.8150E-02 (109, 13)   vdiff=  1.4677E-02 (120, 10)
n=  3754   udiff=  1.8119E-02 (109, 13)   vdiff=  1.4652E-02 (120, 10)
n=  3755   udiff=  1.8088E-02 (109, 13)   vdiff=  1.4627E-02 (120, 10)
n=  3756   udiff=  1.8058E-02 (109, 13)   vdiff=  1.4603E-02 (120, 10)
n=  3757   udiff=  1.8027E-02 (109, 13)   vdiff=  1.4579E-02 (120, 10)
n=  3758   udiff=  1.7996E-02 (109, 13)   vdiff=  1.4554E-02 (120, 10)
n=  3759   udiff=  1.7965E-02 (109, 13)   vdiff=  1.4530E-02 (120, 10)
n=  3760   udiff=  1.7934E-02 (109, 13)   vdiff=  1.4505E-02 (120, 10)
n=  3761   udiff=  1.7904E-02 (109, 13)   vdiff=  1.4481E-02 (120, 10)
n=  3762   udiff=  1.7873E-02 (109, 13)   vdiff=  1.4457E-02 (120, 10)
n=  3763   udiff=  1.7842E-02 (109, 13)   vdiff=  1.4432E-02 (120, 10)
n=  3764   udiff=  1.7812E-02 (109, 13)   vdiff=  1.4408E-02 (120, 10)
n=  3765   udiff=  1.7781E-02 (109, 13)   vdiff=  1.4384E-02 (120, 10)
n=  3766   udiff=  1.7751E-02 (109, 13)   vdiff=  1.4360E-02 (120, 10)
n=  3767   udiff=  1.7720E-02 (109, 13)   vdiff=  1.4336E-02 (120, 10)
n=  3768   udiff=  1.7690E-02 (109, 13)   vdiff=  1.4312E-02 (120, 10)
n=  3769   udiff=  1.7660E-02 (109, 13)   vdiff=  1.4288E-02 (120, 10)
n=  3770   udiff=  1.7629E-02 (109, 13)   vdiff=  1.4264E-02 (120, 10)
n=  3771   udiff=  1.7599E-02 (109, 13)   vdiff=  1.4240E-02 (120, 10)
n=  3772   udiff=  1.7569E-02 (109, 13)   vdiff=  1.4216E-02 (120, 10)
n=  3773   udiff=  1.7539E-02 (109, 13)   vdiff=  1.4192E-02 (120, 10)
n=  3774   udiff=  1.7509E-02 (109, 13)   vdiff=  1.4168E-02 (120, 10)
n=  3775   udiff=  1.7479E-02 (109, 13)   vdiff=  1.4144E-02 (120, 10)
n=  3776   udiff=  1.7449E-02 (109, 13)   vdiff=  1.4120E-02 (120, 10)
n=  3777   udiff=  1.7419E-02 (109, 13)   vdiff=  1.4097E-02 (120, 10)
n=  3778   udiff=  1.7389E-02 (109, 13)   vdiff=  1.4073E-02 (120, 10)
n=  3779   udiff=  1.7359E-02 (109, 13)   vdiff=  1.4049E-02 (120, 10)
n=  3780   udiff=  1.7329E-02 (109, 13)   vdiff=  1.4026E-02 (120, 10)
n=  3781   udiff=  1.7299E-02 (109, 13)   vdiff=  1.4002E-02 (120, 10)
n=  3782   udiff=  1.7270E-02 (109, 13)   vdiff=  1.3978E-02 (120, 10)
n=  3783   udiff=  1.7240E-02 (109, 13)   vdiff=  1.3955E-02 (120, 10)
n=  3784   udiff=  1.7210E-02 (109, 13)   vdiff=  1.3931E-02 (120, 10)
n=  3785   udiff=  1.7181E-02 (109, 13)   vdiff=  1.3908E-02 (120, 10)
n=  3786   udiff=  1.7151E-02 (109, 13)   vdiff=  1.3885E-02 (120, 10)
n=  3787   udiff=  1.7122E-02 (109, 13)   vdiff=  1.3861E-02 (120, 10)
n=  3788   udiff=  1.7092E-02 (109, 13)   vdiff=  1.3838E-02 (120, 10)
n=  3789   udiff=  1.7063E-02 (109, 13)   vdiff=  1.3814E-02 (120, 10)
n=  3790   udiff=  1.7033E-02 (109, 13)   vdiff=  1.3791E-02 (120, 10)
n=  3791   udiff=  1.7004E-02 (109, 13)   vdiff=  1.3768E-02 (120, 10)
n=  3792   udiff=  1.6975E-02 (109, 13)   vdiff=  1.3745E-02 (120, 10)
n=  3793   udiff=  1.6946E-02 (109, 13)   vdiff=  1.3721E-02 (120, 10)
n=  3794   udiff=  1.6917E-02 (109, 13)   vdiff=  1.3698E-02 (120, 10)
n=  3795   udiff=  1.6887E-02 (109, 13)   vdiff=  1.3675E-02 (120, 10)
n=  3796   udiff=  1.6858E-02 (109, 13)   vdiff=  1.3652E-02 (120, 10)
n=  3797   udiff=  1.6829E-02 (109, 13)   vdiff=  1.3629E-02 (120, 10)
n=  3798   udiff=  1.6800E-02 (109, 13)   vdiff=  1.3606E-02 (120, 10)
n=  3799   udiff=  1.6771E-02 (109, 13)   vdiff=  1.3583E-02 (120, 10)
n=  3800   udiff=  1.6742E-02 (109, 13)   vdiff=  1.3560E-02 (120, 10)
n=  3801   udiff=  1.6713E-02 (109, 13)   vdiff=  1.3537E-02 (120, 10)
n=  3802   udiff=  1.6685E-02 (109, 13)   vdiff=  1.3514E-02 (120, 10)
n=  3803   udiff=  1.6656E-02 (109, 13)   vdiff=  1.3491E-02 (120, 10)
n=  3804   udiff=  1.6627E-02 (109, 13)   vdiff=  1.3469E-02 (120, 10)
n=  3805   udiff=  1.6598E-02 (109, 13)   vdiff=  1.3446E-02 (120, 10)
n=  3806   udiff=  1.6570E-02 (109, 13)   vdiff=  1.3423E-02 (120, 10)
n=  3807   udiff=  1.6541E-02 (109, 13)   vdiff=  1.3400E-02 (120, 10)
n=  3808   udiff=  1.6513E-02 (109, 13)   vdiff=  1.3378E-02 (120, 10)
n=  3809   udiff=  1.6484E-02 (109, 13)   vdiff=  1.3355E-02 (120, 10)
n=  3810   udiff=  1.6456E-02 (109, 13)   vdiff=  1.3332E-02 (120, 10)
n=  3811   udiff=  1.6427E-02 (109, 13)   vdiff=  1.3310E-02 (120, 10)
n=  3812   udiff=  1.6399E-02 (109, 13)   vdiff=  1.3287E-02 (120, 10)
n=  3813   udiff=  1.6371E-02 (109, 13)   vdiff=  1.3265E-02 (120, 10)
n=  3814   udiff=  1.6342E-02 (109, 13)   vdiff=  1.3242E-02 (120, 10)
n=  3815   udiff=  1.6314E-02 (109, 13)   vdiff=  1.3220E-02 (120, 10)
n=  3816   udiff=  1.6286E-02 (109, 13)   vdiff=  1.3198E-02 (120, 10)
n=  3817   udiff=  1.6258E-02 (109, 13)   vdiff=  1.3175E-02 (120, 10)
n=  3818   udiff=  1.6230E-02 (109, 13)   vdiff=  1.3153E-02 (120, 10)
n=  3819   udiff=  1.6202E-02 (109, 13)   vdiff=  1.3131E-02 (120, 10)
n=  3820   udiff=  1.6173E-02 (109, 13)   vdiff=  1.3108E-02 (120, 10)
n=  3821   udiff=  1.6146E-02 (109, 13)   vdiff=  1.3086E-02 (120, 10)
n=  3822   udiff=  1.6118E-02 (109, 13)   vdiff=  1.3064E-02 (120, 10)
n=  3823   udiff=  1.6090E-02 (109, 13)   vdiff=  1.3042E-02 (120, 10)
n=  3824   udiff=  1.6062E-02 (109, 13)   vdiff=  1.3020E-02 (120, 10)
n=  3825   udiff=  1.6034E-02 (109, 13)   vdiff=  1.2997E-02 (120, 10)
n=  3826   udiff=  1.6006E-02 (109, 13)   vdiff=  1.2975E-02 (120, 10)
n=  3827   udiff=  1.5979E-02 (109, 13)   vdiff=  1.2953E-02 (120, 10)
n=  3828   udiff=  1.5951E-02 (109, 13)   vdiff=  1.2931E-02 (120, 10)
n=  3829   udiff=  1.5923E-02 (109, 13)   vdiff=  1.2909E-02 (120, 10)
n=  3830   udiff=  1.5896E-02 (109, 13)   vdiff=  1.2887E-02 (120, 10)
n=  3831   udiff=  1.5868E-02 (109, 13)   vdiff=  1.2866E-02 (120, 10)
n=  3832   udiff=  1.5841E-02 (109, 13)   vdiff=  1.2844E-02 (120, 10)
n=  3833   udiff=  1.5813E-02 (109, 13)   vdiff=  1.2822E-02 (120, 10)
n=  3834   udiff=  1.5786E-02 (109, 13)   vdiff=  1.2800E-02 (120, 10)
n=  3835   udiff=  1.5758E-02 (109, 13)   vdiff=  1.2778E-02 (120, 10)
n=  3836   udiff=  1.5731E-02 (109, 13)   vdiff=  1.2757E-02 (120, 10)
n=  3837   udiff=  1.5704E-02 (109, 13)   vdiff=  1.2735E-02 (120, 10)
n=  3838   udiff=  1.5677E-02 (109, 13)   vdiff=  1.2713E-02 (120, 10)
n=  3839   udiff=  1.5649E-02 (109, 13)   vdiff=  1.2692E-02 (120, 10)
n=  3840   udiff=  1.5622E-02 (109, 13)   vdiff=  1.2670E-02 (120, 10)
n=  3841   udiff=  1.5595E-02 (109, 13)   vdiff=  1.2649E-02 (120, 10)
n=  3842   udiff=  1.5568E-02 (109, 13)   vdiff=  1.2627E-02 (120, 10)
n=  3843   udiff=  1.5541E-02 (109, 13)   vdiff=  1.2606E-02 (120, 10)
n=  3844   udiff=  1.5514E-02 (109, 13)   vdiff=  1.2584E-02 (120, 10)
n=  3845   udiff=  1.5487E-02 (109, 13)   vdiff=  1.2563E-02 (120, 10)
n=  3846   udiff=  1.5460E-02 (109, 13)   vdiff=  1.2541E-02 (120, 10)
n=  3847   udiff=  1.5433E-02 (109, 13)   vdiff=  1.2520E-02 (120, 10)
n=  3848   udiff=  1.5407E-02 (109, 13)   vdiff=  1.2499E-02 (120, 10)
n=  3849   udiff=  1.5380E-02 (109, 13)   vdiff=  1.2477E-02 (120, 10)
n=  3850   udiff=  1.5353E-02 (109, 13)   vdiff=  1.2456E-02 (120, 10)
n=  3851   udiff=  1.5327E-02 (109, 13)   vdiff=  1.2435E-02 (120, 10)
n=  3852   udiff=  1.5300E-02 (109, 13)   vdiff=  1.2414E-02 (120, 10)
n=  3853   udiff=  1.5273E-02 (109, 13)   vdiff=  1.2392E-02 (120, 10)
n=  3854   udiff=  1.5247E-02 (109, 13)   vdiff=  1.2371E-02 (120, 10)
n=  3855   udiff=  1.5220E-02 (109, 13)   vdiff=  1.2350E-02 (120, 10)
n=  3856   udiff=  1.5194E-02 (109, 13)   vdiff=  1.2329E-02 (120, 10)
n=  3857   udiff=  1.5167E-02 (109, 13)   vdiff=  1.2308E-02 (120, 10)
n=  3858   udiff=  1.5141E-02 (109, 13)   vdiff=  1.2287E-02 (120, 10)
n=  3859   udiff=  1.5115E-02 (109, 13)   vdiff=  1.2266E-02 (120, 10)
n=  3860   udiff=  1.5088E-02 (109, 13)   vdiff=  1.2245E-02 (120, 10)
n=  3861   udiff=  1.5062E-02 (109, 13)   vdiff=  1.2224E-02 (120, 10)
n=  3862   udiff=  1.5036E-02 (109, 13)   vdiff=  1.2203E-02 (120, 10)
n=  3863   udiff=  1.5010E-02 (109, 13)   vdiff=  1.2183E-02 (120, 10)
n=  3864   udiff=  1.4984E-02 (109, 13)   vdiff=  1.2162E-02 (120, 10)
n=  3865   udiff=  1.4958E-02 (109, 13)   vdiff=  1.2141E-02 (120, 10)
n=  3866   udiff=  1.4932E-02 (109, 13)   vdiff=  1.2120E-02 (120, 10)
n=  3867   udiff=  1.4906E-02 (109, 13)   vdiff=  1.2100E-02 (120, 10)
n=  3868   udiff=  1.4880E-02 (109, 13)   vdiff=  1.2079E-02 (120, 10)
n=  3869   udiff=  1.4854E-02 (109, 13)   vdiff=  1.2058E-02 (120, 10)
n=  3870   udiff=  1.4828E-02 (109, 13)   vdiff=  1.2038E-02 (120, 10)
n=  3871   udiff=  1.4802E-02 (109, 13)   vdiff=  1.2017E-02 (120, 10)
n=  3872   udiff=  1.4776E-02 (109, 13)   vdiff=  1.1996E-02 (120, 10)
n=  3873   udiff=  1.4751E-02 (109, 13)   vdiff=  1.1976E-02 (120, 10)
n=  3874   udiff=  1.4725E-02 (109, 13)   vdiff=  1.1955E-02 (120, 10)
n=  3875   udiff=  1.4699E-02 (109, 13)   vdiff=  1.1935E-02 (120, 10)
n=  3876   udiff=  1.4674E-02 (109, 13)   vdiff=  1.1915E-02 (120, 10)
n=  3877   udiff=  1.4648E-02 (109, 13)   vdiff=  1.1894E-02 (120, 10)
n=  3878   udiff=  1.4623E-02 (109, 13)   vdiff=  1.1874E-02 (120, 10)
n=  3879   udiff=  1.4597E-02 (109, 13)   vdiff=  1.1853E-02 (120, 10)
n=  3880   udiff=  1.4572E-02 (109, 13)   vdiff=  1.1833E-02 (120, 10)
n=  3881   udiff=  1.4546E-02 (109, 13)   vdiff=  1.1813E-02 (120, 10)
n=  3882   udiff=  1.4521E-02 (109, 13)   vdiff=  1.1793E-02 (120, 10)
n=  3883   udiff=  1.4496E-02 (109, 13)   vdiff=  1.1772E-02 (120, 10)
n=  3884   udiff=  1.4470E-02 (109, 13)   vdiff=  1.1752E-02 (120, 10)
n=  3885   udiff=  1.4445E-02 (109, 13)   vdiff=  1.1732E-02 (120, 10)
n=  3886   udiff=  1.4420E-02 (109, 13)   vdiff=  1.1712E-02 (120, 10)
n=  3887   udiff=  1.4395E-02 (109, 13)   vdiff=  1.1692E-02 (120, 10)
n=  3888   udiff=  1.4370E-02 (109, 13)   vdiff=  1.1672E-02 (120, 10)
n=  3889   udiff=  1.4345E-02 (109, 13)   vdiff=  1.1652E-02 (120, 10)
n=  3890   udiff=  1.4320E-02 (109, 13)   vdiff=  1.1632E-02 (120, 10)
n=  3891   udiff=  1.4295E-02 (109, 13)   vdiff=  1.1612E-02 (120, 10)
n=  3892   udiff=  1.4270E-02 (109, 13)   vdiff=  1.1592E-02 (120, 10)
n=  3893   udiff=  1.4245E-02 (109, 13)   vdiff=  1.1572E-02 (120, 10)
n=  3894   udiff=  1.4220E-02 (109, 13)   vdiff=  1.1552E-02 (120, 10)
n=  3895   udiff=  1.4195E-02 (109, 13)   vdiff=  1.1532E-02 (120, 10)
n=  3896   udiff=  1.4171E-02 (109, 13)   vdiff=  1.1512E-02 (120, 10)
n=  3897   udiff=  1.4146E-02 (109, 13)   vdiff=  1.1493E-02 (120, 10)
n=  3898   udiff=  1.4121E-02 (109, 13)   vdiff=  1.1473E-02 (120, 10)
n=  3899   udiff=  1.4096E-02 (109, 13)   vdiff=  1.1453E-02 (120, 10)
n=  3900   udiff=  1.4072E-02 (109, 13)   vdiff=  1.1433E-02 (120, 10)
n=  3901   udiff=  1.4047E-02 (109, 13)   vdiff=  1.1414E-02 (120, 10)
n=  3902   udiff=  1.4023E-02 (109, 13)   vdiff=  1.1394E-02 (120, 10)
n=  3903   udiff=  1.3998E-02 (109, 13)   vdiff=  1.1375E-02 (120, 10)
n=  3904   udiff=  1.3974E-02 (109, 13)   vdiff=  1.1355E-02 (120, 10)
n=  3905   udiff=  1.3950E-02 (109, 13)   vdiff=  1.1335E-02 (120, 10)
n=  3906   udiff=  1.3925E-02 (109, 13)   vdiff=  1.1316E-02 (120, 10)
n=  3907   udiff=  1.3901E-02 (109, 13)   vdiff=  1.1296E-02 (120, 10)
n=  3908   udiff=  1.3877E-02 (109, 13)   vdiff=  1.1277E-02 (120, 10)
n=  3909   udiff=  1.3852E-02 (109, 13)   vdiff=  1.1258E-02 (120, 10)
n=  3910   udiff=  1.3828E-02 (109, 13)   vdiff=  1.1238E-02 (120, 10)
n=  3911   udiff=  1.3804E-02 (109, 13)   vdiff=  1.1219E-02 (120, 10)
n=  3912   udiff=  1.3780E-02 (109, 13)   vdiff=  1.1200E-02 (120, 10)
n=  3913   udiff=  1.3756E-02 (109, 13)   vdiff=  1.1180E-02 (120, 10)
n=  3914   udiff=  1.3732E-02 (109, 13)   vdiff=  1.1161E-02 (120, 10)
n=  3915   udiff=  1.3708E-02 (109, 13)   vdiff=  1.1142E-02 (120, 10)
n=  3916   udiff=  1.3684E-02 (109, 13)   vdiff=  1.1122E-02 (120, 10)
n=  3917   udiff=  1.3660E-02 (109, 13)   vdiff=  1.1103E-02 (120, 10)
n=  3918   udiff=  1.3636E-02 (109, 13)   vdiff=  1.1084E-02 (120, 10)
n=  3919   udiff=  1.3613E-02 (109, 13)   vdiff=  1.1065E-02 (120, 10)
n=  3920   udiff=  1.3589E-02 (109, 13)   vdiff=  1.1046E-02 (120, 10)
n=  3921   udiff=  1.3565E-02 (109, 13)   vdiff=  1.1027E-02 (120, 10)
n=  3922   udiff=  1.3541E-02 (109, 13)   vdiff=  1.1008E-02 (120, 10)
n=  3923   udiff=  1.3518E-02 (109, 13)   vdiff=  1.0989E-02 (120, 10)
n=  3924   udiff=  1.3494E-02 (109, 13)   vdiff=  1.0970E-02 (120, 10)
n=  3925   udiff=  1.3471E-02 (109, 13)   vdiff=  1.0951E-02 (120, 10)
n=  3926   udiff=  1.3447E-02 (109, 13)   vdiff=  1.0932E-02 (120, 10)
n=  3927   udiff=  1.3424E-02 (109, 13)   vdiff=  1.0913E-02 (120, 10)
n=  3928   udiff=  1.3400E-02 (109, 13)   vdiff=  1.0894E-02 (120, 10)
n=  3929   udiff=  1.3377E-02 (109, 13)   vdiff=  1.0875E-02 (120, 10)
n=  3930   udiff=  1.3354E-02 (109, 13)   vdiff=  1.0857E-02 (120, 10)
n=  3931   udiff=  1.3330E-02 (109, 13)   vdiff=  1.0838E-02 (120, 10)
n=  3932   udiff=  1.3307E-02 (109, 13)   vdiff=  1.0819E-02 (120, 10)
n=  3933   udiff=  1.3284E-02 (109, 13)   vdiff=  1.0800E-02 (120, 10)
n=  3934   udiff=  1.3261E-02 (109, 13)   vdiff=  1.0782E-02 (120, 10)
n=  3935   udiff=  1.3238E-02 (109, 13)   vdiff=  1.0763E-02 (120, 10)
n=  3936   udiff=  1.3214E-02 (109, 13)   vdiff=  1.0744E-02 (120, 10)
n=  3937   udiff=  1.3191E-02 (109, 13)   vdiff=  1.0726E-02 (120, 10)
n=  3938   udiff=  1.3168E-02 (109, 13)   vdiff=  1.0707E-02 (120, 10)
n=  3939   udiff=  1.3145E-02 (109, 13)   vdiff=  1.0689E-02 (120, 10)
n=  3940   udiff=  1.3122E-02 (109, 13)   vdiff=  1.0670E-02 (120, 10)
n=  3941   udiff=  1.3100E-02 (109, 13)   vdiff=  1.0652E-02 (120, 10)
n=  3942   udiff=  1.3077E-02 (109, 13)   vdiff=  1.0633E-02 (120, 10)
n=  3943   udiff=  1.3054E-02 (109, 13)   vdiff=  1.0615E-02 (120, 10)
n=  3944   udiff=  1.3031E-02 (109, 13)   vdiff=  1.0596E-02 (120, 10)
n=  3945   udiff=  1.3008E-02 (109, 13)   vdiff=  1.0578E-02 (120, 10)
n=  3946   udiff=  1.2986E-02 (109, 13)   vdiff=  1.0560E-02 (120, 10)
n=  3947   udiff=  1.2963E-02 (109, 13)   vdiff=  1.0541E-02 (120, 10)
n=  3948   udiff=  1.2940E-02 (109, 13)   vdiff=  1.0523E-02 (120, 10)
n=  3949   udiff=  1.2918E-02 (109, 13)   vdiff=  1.0505E-02 (120, 10)
n=  3950   udiff=  1.2895E-02 (109, 13)   vdiff=  1.0486E-02 (120, 10)
n=  3951   udiff=  1.2873E-02 (109, 13)   vdiff=  1.0468E-02 (120, 10)
n=  3952   udiff=  1.2850E-02 (109, 13)   vdiff=  1.0450E-02 (120, 10)
n=  3953   udiff=  1.2828E-02 (109, 13)   vdiff=  1.0432E-02 (120, 10)
n=  3954   udiff=  1.2806E-02 (109, 13)   vdiff=  1.0414E-02 (120, 10)
n=  3955   udiff=  1.2783E-02 (109, 13)   vdiff=  1.0396E-02 (120, 10)
n=  3956   udiff=  1.2761E-02 (109, 13)   vdiff=  1.0378E-02 (120, 10)
n=  3957   udiff=  1.2739E-02 (109, 13)   vdiff=  1.0360E-02 (120, 10)
n=  3958   udiff=  1.2717E-02 (109, 13)   vdiff=  1.0342E-02 (120, 10)
n=  3959   udiff=  1.2694E-02 (109, 13)   vdiff=  1.0324E-02 (120, 10)
n=  3960   udiff=  1.2672E-02 (109, 13)   vdiff=  1.0306E-02 (120, 10)
n=  3961   udiff=  1.2650E-02 (109, 13)   vdiff=  1.0288E-02 (120, 10)
n=  3962   udiff=  1.2628E-02 (109, 13)   vdiff=  1.0270E-02 (120, 10)
n=  3963   udiff=  1.2606E-02 (109, 13)   vdiff=  1.0252E-02 (120, 10)
n=  3964   udiff=  1.2584E-02 (109, 13)   vdiff=  1.0234E-02 (120, 10)
n=  3965   udiff=  1.2562E-02 (109, 13)   vdiff=  1.0216E-02 (120, 10)
n=  3966   udiff=  1.2540E-02 (109, 13)   vdiff=  1.0199E-02 (120, 10)
n=  3967   udiff=  1.2518E-02 (109, 13)   vdiff=  1.0181E-02 (120, 10)
n=  3968   udiff=  1.2497E-02 (109, 13)   vdiff=  1.0163E-02 (120, 10)
n=  3969   udiff=  1.2475E-02 (109, 13)   vdiff=  1.0145E-02 (120, 10)
n=  3970   udiff=  1.2453E-02 (109, 13)   vdiff=  1.0128E-02 (120, 10)
n=  3971   udiff=  1.2431E-02 (109, 13)   vdiff=  1.0110E-02 (120, 10)
n=  3972   udiff=  1.2410E-02 (109, 13)   vdiff=  1.0092E-02 (120, 10)
n=  3973   udiff=  1.2388E-02 (109, 13)   vdiff=  1.0075E-02 (120, 10)
n=  3974   udiff=  1.2367E-02 (109, 13)   vdiff=  1.0057E-02 (120, 10)
n=  3975   udiff=  1.2345E-02 (109, 13)   vdiff=  1.0040E-02 (120, 10)
n=  3976   udiff=  1.2323E-02 (109, 13)   vdiff=  1.0022E-02 (120, 10)
n=  3977   udiff=  1.2302E-02 (109, 13)   vdiff=  1.0005E-02 (120, 10)
n=  3978   udiff=  1.2281E-02 (109, 13)   vdiff=  9.9872E-03 (120, 10)
n=  3979   udiff=  1.2259E-02 (109, 13)   vdiff=  9.9697E-03 (120, 10)
n=  3980   udiff=  1.2238E-02 (109, 13)   vdiff=  9.9523E-03 (120, 10)
n=  3981   udiff=  1.2217E-02 (109, 13)   vdiff=  9.9349E-03 (120, 10)
n=  3982   udiff=  1.2195E-02 (109, 13)   vdiff=  9.9177E-03 (120, 10)
n=  3983   udiff=  1.2174E-02 (109, 13)   vdiff=  9.9003E-03 (120, 10)
n=  3984   udiff=  1.2153E-02 (109, 13)   vdiff=  9.8830E-03 (120, 10)
n=  3985   udiff=  1.2132E-02 (109, 13)   vdiff=  9.8657E-03 (120, 10)
n=  3986   udiff=  1.2111E-02 (109, 13)   vdiff=  9.8484E-03 (120, 10)
n=  3987   udiff=  1.2089E-02 (109, 13)   vdiff=  9.8312E-03 (120, 10)
n=  3988   udiff=  1.2068E-02 (109, 13)   vdiff=  9.8140E-03 (120, 10)
n=  3989   udiff=  1.2047E-02 (109, 13)   vdiff=  9.7969E-03 (120, 10)
n=  3990   udiff=  1.2026E-02 (109, 13)   vdiff=  9.7797E-03 (120, 10)
n=  3991   udiff=  1.2006E-02 (109, 13)   vdiff=  9.7626E-03 (120, 10)
n=  3992   udiff=  1.1985E-02 (109, 13)   vdiff=  9.7455E-03 (120, 10)
n=  3993   udiff=  1.1964E-02 (109, 13)   vdiff=  9.7285E-03 (120, 10)
n=  3994   udiff=  1.1943E-02 (109, 13)   vdiff=  9.7114E-03 (120, 10)
n=  3995   udiff=  1.1922E-02 (109, 13)   vdiff=  9.6945E-03 (120, 10)
n=  3996   udiff=  1.1901E-02 (109, 13)   vdiff=  9.6774E-03 (120, 10)
n=  3997   udiff=  1.1881E-02 (109, 13)   vdiff=  9.6604E-03 (120, 10)
n=  3998   udiff=  1.1860E-02 (109, 13)   vdiff=  9.6435E-03 (120, 10)
n=  3999   udiff=  1.1839E-02 (109, 13)   vdiff=  9.6266E-03 (120, 10)
n=  4000   udiff=  1.1819E-02 (109, 13)   vdiff=  9.6098E-03 (120, 10)
n=  4001   udiff=  1.1798E-02 (109, 13)   vdiff=  9.5929E-03 (120, 10)
n=  4002   udiff=  1.1778E-02 (109, 13)   vdiff=  9.5760E-03 (120, 10)
n=  4003   udiff=  1.1757E-02 (109, 13)   vdiff=  9.5593E-03 (120, 10)
n=  4004   udiff=  1.1737E-02 (109, 13)   vdiff=  9.5425E-03 (120, 10)
n=  4005   udiff=  1.1716E-02 (109, 13)   vdiff=  9.5258E-03 (120, 10)
n=  4006   udiff=  1.1696E-02 (109, 13)   vdiff=  9.5090E-03 (120, 10)
n=  4007   udiff=  1.1676E-02 (109, 13)   vdiff=  9.4923E-03 (120, 10)
n=  4008   udiff=  1.1655E-02 (109, 13)   vdiff=  9.4756E-03 (120, 10)
n=  4009   udiff=  1.1635E-02 (109, 13)   vdiff=  9.4591E-03 (120, 10)
n=  4010   udiff=  1.1615E-02 (109, 13)   vdiff=  9.4424E-03 (120, 10)
n=  4011   udiff=  1.1595E-02 (109, 13)   vdiff=  9.4258E-03 (120, 10)
n=  4012   udiff=  1.1574E-02 (109, 13)   vdiff=  9.4092E-03 (120, 10)
n=  4013   udiff=  1.1554E-02 (109, 13)   vdiff=  9.3927E-03 (120, 10)
n=  4014   udiff=  1.1534E-02 (109, 13)   vdiff=  9.3762E-03 (120, 10)
n=  4015   udiff=  1.1514E-02 (109, 13)   vdiff=  9.3597E-03 (120, 10)
n=  4016   udiff=  1.1494E-02 (109, 13)   vdiff=  9.3432E-03 (120, 10)
n=  4017   udiff=  1.1474E-02 (109, 13)   vdiff=  9.3268E-03 (120, 10)
n=  4018   udiff=  1.1454E-02 (109, 13)   vdiff=  9.3103E-03 (120, 10)
n=  4019   udiff=  1.1434E-02 (109, 13)   vdiff=  9.2940E-03 (120, 10)
n=  4020   udiff=  1.1414E-02 (109, 13)   vdiff=  9.2776E-03 (120, 10)
n=  4021   udiff=  1.1394E-02 (109, 13)   vdiff=  9.2613E-03 (120, 10)
n=  4022   udiff=  1.1375E-02 (109, 13)   vdiff=  9.2450E-03 (120, 10)
n=  4023   udiff=  1.1355E-02 (109, 13)   vdiff=  9.2287E-03 (120, 10)
n=  4024   udiff=  1.1335E-02 (109, 13)   vdiff=  9.2124E-03 (120, 10)
n=  4025   udiff=  1.1315E-02 (109, 13)   vdiff=  9.1962E-03 (120, 10)
n=  4026   udiff=  1.1296E-02 (109, 13)   vdiff=  9.1800E-03 (120, 10)
n=  4027   udiff=  1.1276E-02 (109, 13)   vdiff=  9.1638E-03 (120, 10)
n=  4028   udiff=  1.1256E-02 (109, 13)   vdiff=  9.1477E-03 (120, 10)
n=  4029   udiff=  1.1237E-02 (109, 13)   vdiff=  9.1315E-03 (120, 10)
n=  4030   udiff=  1.1217E-02 (109, 13)   vdiff=  9.1154E-03 (120, 10)
n=  4031   udiff=  1.1198E-02 (109, 13)   vdiff=  9.0994E-03 (120, 10)
n=  4032   udiff=  1.1178E-02 (109, 13)   vdiff=  9.0833E-03 (120, 10)
n=  4033   udiff=  1.1159E-02 (109, 13)   vdiff=  9.0673E-03 (120, 10)
n=  4034   udiff=  1.1139E-02 (109, 13)   vdiff=  9.0513E-03 (120, 10)
n=  4035   udiff=  1.1120E-02 (109, 13)   vdiff=  9.0353E-03 (120, 10)
n=  4036   udiff=  1.1101E-02 (109, 13)   vdiff=  9.0194E-03 (120, 10)
n=  4037   udiff=  1.1081E-02 (109, 13)   vdiff=  9.0033E-03 (120, 10)
n=  4038   udiff=  1.1062E-02 (109, 13)   vdiff=  8.9875E-03 (120, 10)
n=  4039   udiff=  1.1043E-02 (109, 13)   vdiff=  8.9716E-03 (120, 10)
n=  4040   udiff=  1.1024E-02 (109, 13)   vdiff=  8.9558E-03 (120, 10)
n=  4041   udiff=  1.1004E-02 (109, 13)   vdiff=  8.9399E-03 (120, 10)
n=  4042   udiff=  1.0985E-02 (109, 13)   vdiff=  8.9241E-03 (120, 10)
n=  4043   udiff=  1.0966E-02 (109, 13)   vdiff=  8.9084E-03 (120, 10)
n=  4044   udiff=  1.0947E-02 (109, 13)   vdiff=  8.8926E-03 (120, 10)
n=  4045   udiff=  1.0928E-02 (109, 13)   vdiff=  8.8769E-03 (120, 10)
n=  4046   udiff=  1.0909E-02 (109, 13)   vdiff=  8.8612E-03 (120, 10)
n=  4047   udiff=  1.0890E-02 (109, 13)   vdiff=  8.8456E-03 (120, 10)
n=  4048   udiff=  1.0871E-02 (109, 13)   vdiff=  8.8299E-03 (120, 10)
n=  4049   udiff=  1.0852E-02 (109, 13)   vdiff=  8.8143E-03 (120, 10)
n=  4050   udiff=  1.0833E-02 (109, 13)   vdiff=  8.7987E-03 (120, 10)
n=  4051   udiff=  1.0814E-02 (109, 13)   vdiff=  8.7831E-03 (120, 10)
n=  4052   udiff=  1.0796E-02 (109, 13)   vdiff=  8.7676E-03 (120, 10)
n=  4053   udiff=  1.0777E-02 (109, 13)   vdiff=  8.7521E-03 (120, 10)
n=  4054   udiff=  1.0758E-02 (109, 13)   vdiff=  8.7366E-03 (120, 10)
n=  4055   udiff=  1.0739E-02 (109, 13)   vdiff=  8.7211E-03 (120, 10)
n=  4056   udiff=  1.0721E-02 (109, 13)   vdiff=  8.7056E-03 (120, 10)
n=  4057   udiff=  1.0702E-02 (109, 13)   vdiff=  8.6902E-03 (120, 10)
n=  4058   udiff=  1.0683E-02 (109, 13)   vdiff=  8.6748E-03 (120, 10)
n=  4059   udiff=  1.0665E-02 (109, 13)   vdiff=  8.6595E-03 (120, 10)
n=  4060   udiff=  1.0646E-02 (109, 13)   vdiff=  8.6442E-03 (120, 10)
n=  4061   udiff=  1.0628E-02 (109, 13)   vdiff=  8.6288E-03 (120, 10)
n=  4062   udiff=  1.0609E-02 (109, 13)   vdiff=  8.6135E-03 (120, 10)
n=  4063   udiff=  1.0591E-02 (109, 13)   vdiff=  8.5982E-03 (120, 10)
n=  4064   udiff=  1.0572E-02 (109, 13)   vdiff=  8.5830E-03 (120, 10)
n=  4065   udiff=  1.0554E-02 (109, 13)   vdiff=  8.5677E-03 (120, 10)
n=  4066   udiff=  1.0535E-02 (109, 13)   vdiff=  8.5526E-03 (120, 10)
n=  4067   udiff=  1.0517E-02 (109, 13)   vdiff=  8.5374E-03 (120, 10)
n=  4068   udiff=  1.0499E-02 (109, 13)   vdiff=  8.5223E-03 (120, 10)
n=  4069   udiff=  1.0480E-02 (109, 13)   vdiff=  8.5072E-03 (120, 10)
n=  4070   udiff=  1.0462E-02 (109, 13)   vdiff=  8.4921E-03 (120, 10)
n=  4071   udiff=  1.0444E-02 (109, 13)   vdiff=  8.4770E-03 (120, 10)
n=  4072   udiff=  1.0426E-02 (109, 13)   vdiff=  8.4619E-03 (120, 10)
n=  4073   udiff=  1.0408E-02 (109, 13)   vdiff=  8.4469E-03 (120, 10)
n=  4074   udiff=  1.0389E-02 (109, 13)   vdiff=  8.4319E-03 (120, 10)
n=  4075   udiff=  1.0371E-02 (109, 13)   vdiff=  8.4170E-03 (120, 10)
n=  4076   udiff=  1.0353E-02 (109, 13)   vdiff=  8.4020E-03 (120, 10)
n=  4077   udiff=  1.0335E-02 (109, 13)   vdiff=  8.3871E-03 (120, 10)
n=  4078   udiff=  1.0317E-02 (109, 13)   vdiff=  8.3722E-03 (120, 10)
n=  4079   udiff=  1.0299E-02 (109, 13)   vdiff=  8.3574E-03 (120, 10)
n=  4080   udiff=  1.0281E-02 (109, 13)   vdiff=  8.3425E-03 (120, 10)
n=  4081   udiff=  1.0263E-02 (109, 13)   vdiff=  8.3276E-03 (120, 10)
n=  4082   udiff=  1.0245E-02 (109, 13)   vdiff=  8.3128E-03 (120, 10)
n=  4083   udiff=  1.0228E-02 (109, 13)   vdiff=  8.2982E-03 (120, 10)
n=  4084   udiff=  1.0210E-02 (109, 13)   vdiff=  8.2834E-03 (120, 10)
n=  4085   udiff=  1.0192E-02 (109, 13)   vdiff=  8.2686E-03 (120, 10)
n=  4086   udiff=  1.0174E-02 (109, 13)   vdiff=  8.2539E-03 (120, 10)
n=  4087   udiff=  1.0156E-02 (109, 13)   vdiff=  8.2393E-03 (120, 10)
n=  4088   udiff=  1.0139E-02 (109, 13)   vdiff=  8.2247E-03 (120, 10)
n=  4089   udiff=  1.0121E-02 (109, 13)   vdiff=  8.2101E-03 (120, 10)
n=  4090   udiff=  1.0103E-02 (109, 13)   vdiff=  8.1954E-03 (120, 10)
n=  4091   udiff=  1.0086E-02 (109, 13)   vdiff=  8.1809E-03 (120, 10)
n=  4092   udiff=  1.0068E-02 (109, 13)   vdiff=  8.1663E-03 (120, 10)
n=  4093   udiff=  1.0050E-02 (109, 13)   vdiff=  8.1518E-03 (120, 10)
n=  4094   udiff=  1.0033E-02 (109, 13)   vdiff=  8.1373E-03 (120, 10)
n=  4095   udiff=  1.0015E-02 (109, 13)   vdiff=  8.1229E-03 (120, 10)
n=  4096   udiff=  9.9979E-03 (109, 13)   vdiff=  8.1084E-03 (120, 10)
n=  4097   udiff=  9.9804E-03 (109, 13)   vdiff=  8.0940E-03 (120, 10)
n=  4098   udiff=  9.9630E-03 (109, 13)   vdiff=  8.0796E-03 (120, 10)
n=  4099   udiff=  9.9456E-03 (109, 13)   vdiff=  8.0652E-03 (120, 10)
n=  4100   udiff=  9.9282E-03 (109, 13)   vdiff=  8.0509E-03 (120, 10)
n=  4101   udiff=  9.9108E-03 (109, 13)   vdiff=  8.0366E-03 (120, 10)
n=  4102   udiff=  9.8935E-03 (109, 13)   vdiff=  8.0222E-03 (120, 10)
n=  4103   udiff=  9.8762E-03 (109, 13)   vdiff=  8.0080E-03 (120, 10)
n=  4104   udiff=  9.8589E-03 (109, 13)   vdiff=  7.9937E-03 (120, 10)
n=  4105   udiff=  9.8417E-03 (109, 13)   vdiff=  7.9796E-03 (120, 10)
n=  4106   udiff=  9.8245E-03 (109, 13)   vdiff=  7.9653E-03 (120, 10)
n=  4107   udiff=  9.8073E-03 (109, 13)   vdiff=  7.9511E-03 (120, 10)
n=  4108   udiff=  9.7901E-03 (109, 13)   vdiff=  7.9371E-03 (120, 10)
n=  4109   udiff=  9.7730E-03 (109, 13)   vdiff=  7.9229E-03 (120, 10)
n=  4110   udiff=  9.7559E-03 (109, 13)   vdiff=  7.9088E-03 (120, 10)
n=  4111   udiff=  9.7388E-03 (109, 13)   vdiff=  7.8947E-03 (120, 10)
n=  4112   udiff=  9.7218E-03 (109, 13)   vdiff=  7.8807E-03 (120, 10)
n=  4113   udiff=  9.7048E-03 (109, 13)   vdiff=  7.8666E-03 (120, 10)
n=  4114   udiff=  9.6878E-03 (109, 13)   vdiff=  7.8527E-03 (120, 10)
n=  4115   udiff=  9.6708E-03 (109, 13)   vdiff=  7.8387E-03 (120, 10)
n=  4116   udiff=  9.6539E-03 (109, 13)   vdiff=  7.8248E-03 (120, 10)
n=  4117   udiff=  9.6369E-03 (109, 13)   vdiff=  7.8108E-03 (120, 10)
n=  4118   udiff=  9.6201E-03 (109, 13)   vdiff=  7.7969E-03 (120, 10)
n=  4119   udiff=  9.6032E-03 (109, 13)   vdiff=  7.7830E-03 (120, 10)
n=  4120   udiff=  9.5864E-03 (109, 13)   vdiff=  7.7692E-03 (120, 10)
n=  4121   udiff=  9.5696E-03 (109, 13)   vdiff=  7.7554E-03 (120, 10)
n=  4122   udiff=  9.5528E-03 (109, 13)   vdiff=  7.7416E-03 (120, 10)
n=  4123   udiff=  9.5360E-03 (109, 13)   vdiff=  7.7278E-03 (120, 10)
n=  4124   udiff=  9.5193E-03 (109, 13)   vdiff=  7.7141E-03 (120, 10)
n=  4125   udiff=  9.5026E-03 (109, 13)   vdiff=  7.7003E-03 (120, 10)
n=  4126   udiff=  9.4859E-03 (109, 13)   vdiff=  7.6866E-03 (120, 10)
n=  4127   udiff=  9.4693E-03 (109, 13)   vdiff=  7.6729E-03 (120, 10)
n=  4128   udiff=  9.4527E-03 (109, 13)   vdiff=  7.6593E-03 (120, 10)
n=  4129   udiff=  9.4361E-03 (109, 13)   vdiff=  7.6457E-03 (120, 10)
n=  4130   udiff=  9.4195E-03 (109, 13)   vdiff=  7.6320E-03 (120, 10)
n=  4131   udiff=  9.4030E-03 (109, 13)   vdiff=  7.6185E-03 (120, 10)
n=  4132   udiff=  9.3865E-03 (109, 13)   vdiff=  7.6049E-03 (120, 10)
n=  4133   udiff=  9.3700E-03 (109, 13)   vdiff=  7.5913E-03 (120, 10)
n=  4134   udiff=  9.3536E-03 (109, 13)   vdiff=  7.5778E-03 (120, 10)
n=  4135   udiff=  9.3371E-03 (109, 13)   vdiff=  7.5644E-03 (120, 10)
n=  4136   udiff=  9.3207E-03 (109, 13)   vdiff=  7.5509E-03 (120, 10)
n=  4137   udiff=  9.3043E-03 (109, 13)   vdiff=  7.5375E-03 (120, 10)
n=  4138   udiff=  9.2880E-03 (109, 13)   vdiff=  7.5241E-03 (120, 10)
n=  4139   udiff=  9.2716E-03 (109, 13)   vdiff=  7.5107E-03 (120, 10)
n=  4140   udiff=  9.2553E-03 (109, 13)   vdiff=  7.4973E-03 (120, 10)
n=  4141   udiff=  9.2391E-03 (109, 13)   vdiff=  7.4840E-03 (120, 10)
n=  4142   udiff=  9.2228E-03 (109, 13)   vdiff=  7.4706E-03 (120, 10)
n=  4143   udiff=  9.2066E-03 (109, 13)   vdiff=  7.4574E-03 (120, 10)
n=  4144   udiff=  9.1904E-03 (109, 13)   vdiff=  7.4441E-03 (120, 10)
n=  4145   udiff=  9.1742E-03 (109, 13)   vdiff=  7.4309E-03 (120, 10)
n=  4146   udiff=  9.1580E-03 (109, 13)   vdiff=  7.4176E-03 (120, 10)
n=  4147   udiff=  9.1419E-03 (109, 13)   vdiff=  7.4045E-03 (120, 10)
n=  4148   udiff=  9.1258E-03 (109, 13)   vdiff=  7.3913E-03 (120, 10)
n=  4149   udiff=  9.1097E-03 (109, 13)   vdiff=  7.3781E-03 (120, 10)
n=  4150   udiff=  9.0937E-03 (109, 13)   vdiff=  7.3651E-03 (120, 10)
n=  4151   udiff=  9.0777E-03 (109, 13)   vdiff=  7.3519E-03 (120, 10)
n=  4152   udiff=  9.0617E-03 (109, 13)   vdiff=  7.3389E-03 (120, 10)
n=  4153   udiff=  9.0457E-03 (109, 13)   vdiff=  7.3258E-03 (120, 10)
n=  4154   udiff=  9.0297E-03 (109, 13)   vdiff=  7.3128E-03 (120, 10)
n=  4155   udiff=  9.0138E-03 (109, 13)   vdiff=  7.2998E-03 (120, 10)
n=  4156   udiff=  8.9979E-03 (109, 13)   vdiff=  7.2868E-03 (120, 10)
n=  4157   udiff=  8.9821E-03 (109, 13)   vdiff=  7.2738E-03 (120, 10)
n=  4158   udiff=  8.9662E-03 (109, 13)   vdiff=  7.2609E-03 (120, 10)
n=  4159   udiff=  8.9504E-03 (109, 13)   vdiff=  7.2480E-03 (120, 10)
n=  4160   udiff=  8.9346E-03 (109, 13)   vdiff=  7.2351E-03 (120, 10)
n=  4161   udiff=  8.9188E-03 (109, 13)   vdiff=  7.2223E-03 (120, 10)
n=  4162   udiff=  8.9030E-03 (109, 13)   vdiff=  7.2094E-03 (120, 10)
n=  4163   udiff=  8.8873E-03 (109, 13)   vdiff=  7.1966E-03 (120, 10)
n=  4164   udiff=  8.8716E-03 (109, 13)   vdiff=  7.1839E-03 (120, 10)
n=  4165   udiff=  8.8560E-03 (109, 13)   vdiff=  7.1710E-03 (120, 10)
n=  4166   udiff=  8.8403E-03 (109, 13)   vdiff=  7.1583E-03 (120, 10)
n=  4167   udiff=  8.8247E-03 (109, 13)   vdiff=  7.1457E-03 (120, 10)
n=  4168   udiff=  8.8091E-03 (109, 13)   vdiff=  7.1330E-03 (120, 10)
n=  4169   udiff=  8.7935E-03 (109, 13)   vdiff=  7.1202E-03 (120, 10)
n=  4170   udiff=  8.7779E-03 (109, 13)   vdiff=  7.1077E-03 (120, 10)
n=  4171   udiff=  8.7624E-03 (109, 13)   vdiff=  7.0950E-03 (120, 10)
n=  4172   udiff=  8.7469E-03 (109, 13)   vdiff=  7.0824E-03 (120, 10)
n=  4173   udiff=  8.7314E-03 (109, 13)   vdiff=  7.0698E-03 (120, 10)
n=  4174   udiff=  8.7160E-03 (109, 13)   vdiff=  7.0573E-03 (120, 10)
n=  4175   udiff=  8.7006E-03 (109, 13)   vdiff=  7.0447E-03 (120, 10)
n=  4176   udiff=  8.6851E-03 (109, 13)   vdiff=  7.0322E-03 (120, 10)
n=  4177   udiff=  8.6698E-03 (109, 13)   vdiff=  7.0197E-03 (120, 10)
n=  4178   udiff=  8.6544E-03 (110, 13)   vdiff=  7.0072E-03 (120, 10)
n=  4179   udiff=  8.6391E-03 (110, 13)   vdiff=  6.9948E-03 (120, 10)
n=  4180   udiff=  8.6239E-03 (110, 13)   vdiff=  6.9825E-03 (120, 10)
n=  4181   udiff=  8.6087E-03 (110, 13)   vdiff=  6.9700E-03 (120, 10)
n=  4182   udiff=  8.5935E-03 (110, 13)   vdiff=  6.9576E-03 (120, 10)
n=  4183   udiff=  8.5783E-03 (110, 13)   vdiff=  6.9453E-03 (120, 10)
n=  4184   udiff=  8.5632E-03 (110, 13)   vdiff=  6.9330E-03 (120, 10)
n=  4185   udiff=  8.5481E-03 (110, 13)   vdiff=  6.9207E-03 (120, 10)
n=  4186   udiff=  8.5330E-03 (110, 13)   vdiff=  6.9084E-03 (120, 10)
n=  4187   udiff=  8.5179E-03 (110, 13)   vdiff=  6.8961E-03 (120, 10)
n=  4188   udiff=  8.5028E-03 (110, 13)   vdiff=  6.8839E-03 (120, 10)
n=  4189   udiff=  8.4878E-03 (110, 13)   vdiff=  6.8717E-03 (120, 10)
n=  4190   udiff=  8.4728E-03 (110, 13)   vdiff=  6.8595E-03 (120, 10)
n=  4191   udiff=  8.4578E-03 (110, 13)   vdiff=  6.8474E-03 (120, 10)
n=  4192   udiff=  8.4429E-03 (110, 13)   vdiff=  6.8362E-03 ( 59, 27)
n=  4193   udiff=  8.4279E-03 (110, 13)   vdiff=  6.8311E-03 ( 59, 27)
n=  4194   udiff=  8.4130E-03 (110, 13)   vdiff=  6.8259E-03 ( 59, 27)
n=  4195   udiff=  8.3982E-03 (110, 13)   vdiff=  6.8207E-03 ( 59, 27)
n=  4196   udiff=  8.3833E-03 (110, 13)   vdiff=  6.8156E-03 ( 59, 27)
n=  4197   udiff=  8.3685E-03 (110, 13)   vdiff=  6.8104E-03 ( 59, 27)
n=  4198   udiff=  8.3536E-03 (110, 13)   vdiff=  6.8052E-03 ( 59, 27)
n=  4199   udiff=  8.3388E-03 (110, 13)   vdiff=  6.8001E-03 ( 59, 27)
n=  4200   udiff=  8.3240E-03 (110, 13)   vdiff=  6.7949E-03 ( 59, 27)
n=  4201   udiff=  8.3093E-03 (110, 13)   vdiff=  6.7897E-03 ( 59, 27)
n=  4202   udiff=  8.2946E-03 (110, 13)   vdiff=  6.7846E-03 ( 59, 27)
n=  4203   udiff=  8.2799E-03 (110, 13)   vdiff=  6.7794E-03 ( 59, 27)
n=  4204   udiff=  8.2652E-03 (110, 13)   vdiff=  6.7742E-03 ( 59, 27)
n=  4205   udiff=  8.2506E-03 (110, 13)   vdiff=  6.7691E-03 ( 59, 27)
n=  4206   udiff=  8.2359E-03 (110, 13)   vdiff=  6.7639E-03 ( 59, 27)
n=  4207   udiff=  8.2213E-03 (110, 13)   vdiff=  6.7588E-03 ( 59, 27)
n=  4208   udiff=  8.2067E-03 (110, 13)   vdiff=  6.7536E-03 ( 59, 27)
n=  4209   udiff=  8.1922E-03 (110, 13)   vdiff=  6.7484E-03 ( 59, 27)
n=  4210   udiff=  8.1776E-03 (110, 13)   vdiff=  6.7433E-03 ( 59, 27)
n=  4211   udiff=  8.1631E-03 (110, 13)   vdiff=  6.7381E-03 ( 59, 27)
n=  4212   udiff=  8.1486E-03 (110, 13)   vdiff=  6.7330E-03 ( 59, 27)
n=  4213   udiff=  8.1341E-03 (110, 13)   vdiff=  6.7279E-03 ( 59, 27)
n=  4214   udiff=  8.1197E-03 (110, 13)   vdiff=  6.7230E-03 ( 59, 27)
n=  4215   udiff=  8.1052E-03 (110, 13)   vdiff=  6.7181E-03 ( 59, 27)
n=  4216   udiff=  8.0908E-03 (110, 13)   vdiff=  6.7133E-03 ( 59, 27)
n=  4217   udiff=  8.0765E-03 (110, 13)   vdiff=  6.7084E-03 ( 59, 27)
n=  4218   udiff=  8.0621E-03 (110, 13)   vdiff=  6.7035E-03 ( 59, 27)
n=  4219   udiff=  8.0478E-03 (110, 13)   vdiff=  6.6986E-03 ( 59, 27)
n=  4220   udiff=  8.0334E-03 (110, 13)   vdiff=  6.6937E-03 ( 59, 27)
n=  4221   udiff=  8.0191E-03 (110, 13)   vdiff=  6.6888E-03 ( 59, 27)
n=  4222   udiff=  8.0048E-03 (110, 13)   vdiff=  6.6839E-03 ( 59, 27)
n=  4223   udiff=  7.9906E-03 (110, 13)   vdiff=  6.6791E-03 ( 59, 27)
n=  4224   udiff=  7.9764E-03 (110, 13)   vdiff=  6.6742E-03 ( 59, 27)
n=  4225   udiff=  7.9622E-03 (110, 13)   vdiff=  6.6693E-03 ( 59, 27)
n=  4226   udiff=  7.9480E-03 (110, 13)   vdiff=  6.6644E-03 ( 59, 27)
n=  4227   udiff=  7.9338E-03 (110, 13)   vdiff=  6.6595E-03 ( 59, 27)
n=  4228   udiff=  7.9197E-03 (110, 13)   vdiff=  6.6547E-03 ( 59, 27)
n=  4229   udiff=  7.9056E-03 (110, 13)   vdiff=  6.6498E-03 ( 59, 27)
n=  4230   udiff=  7.8915E-03 (110, 13)   vdiff=  6.6449E-03 ( 59, 27)
n=  4231   udiff=  7.8774E-03 (110, 13)   vdiff=  6.6400E-03 ( 59, 27)
n=  4232   udiff=  7.8633E-03 (110, 13)   vdiff=  6.6351E-03 ( 59, 27)
n=  4233   udiff=  7.8493E-03 (110, 13)   vdiff=  6.6302E-03 ( 59, 27)
n=  4234   udiff=  7.8353E-03 (110, 13)   vdiff=  6.6254E-03 ( 59, 27)
n=  4235   udiff=  7.8213E-03 (110, 13)   vdiff=  6.6205E-03 ( 59, 27)
n=  4236   udiff=  7.8073E-03 (110, 13)   vdiff=  6.6156E-03 ( 59, 27)
n=  4237   udiff=  7.7934E-03 (110, 13)   vdiff=  6.6107E-03 ( 59, 27)
n=  4238   udiff=  7.7794E-03 (110, 13)   vdiff=  6.6058E-03 ( 59, 27)
n=  4239   udiff=  7.7655E-03 (110, 13)   vdiff=  6.6010E-03 ( 59, 27)
n=  4240   udiff=  7.7517E-03 (110, 13)   vdiff=  6.5961E-03 ( 59, 27)
n=  4241   udiff=  7.7378E-03 (110, 13)   vdiff=  6.5912E-03 ( 59, 27)
n=  4242   udiff=  7.7239E-03 (110, 13)   vdiff=  6.5863E-03 ( 59, 27)
n=  4243   udiff=  7.7101E-03 (110, 13)   vdiff=  6.5814E-03 ( 59, 27)
n=  4244   udiff=  7.6963E-03 (110, 13)   vdiff=  6.5766E-03 ( 59, 27)
n=  4245   udiff=  7.6826E-03 (110, 13)   vdiff=  6.5717E-03 ( 59, 27)
n=  4246   udiff=  7.6688E-03 (110, 13)   vdiff=  6.5668E-03 ( 59, 27)
n=  4247   udiff=  7.6551E-03 (110, 13)   vdiff=  6.5619E-03 ( 59, 27)
n=  4248   udiff=  7.6414E-03 (110, 13)   vdiff=  6.5571E-03 ( 59, 27)
n=  4249   udiff=  7.6277E-03 (110, 13)   vdiff=  6.5522E-03 ( 59, 27)
n=  4250   udiff=  7.6140E-03 (110, 13)   vdiff=  6.5473E-03 ( 59, 27)
n=  4251   udiff=  7.6003E-03 (110, 13)   vdiff=  6.5424E-03 ( 59, 27)
n=  4252   udiff=  7.5867E-03 (110, 13)   vdiff=  6.5375E-03 ( 59, 27)
n=  4253   udiff=  7.5731E-03 (110, 13)   vdiff=  6.5327E-03 ( 59, 27)
n=  4254   udiff=  7.5595E-03 (110, 13)   vdiff=  6.5278E-03 ( 59, 27)
n=  4255   udiff=  7.5460E-03 (110, 13)   vdiff=  6.5229E-03 ( 59, 27)
n=  4256   udiff=  7.5324E-03 (110, 13)   vdiff=  6.5180E-03 ( 59, 27)
n=  4257   udiff=  7.5189E-03 (110, 13)   vdiff=  6.5131E-03 ( 59, 27)
n=  4258   udiff=  7.5054E-03 (110, 13)   vdiff=  6.5083E-03 ( 59, 27)
n=  4259   udiff=  7.4919E-03 (110, 13)   vdiff=  6.5034E-03 ( 59, 27)
n=  4260   udiff=  7.4784E-03 (110, 13)   vdiff=  6.4985E-03 ( 59, 27)
n=  4261   udiff=  7.4650E-03 (110, 13)   vdiff=  6.4936E-03 ( 59, 27)
n=  4262   udiff=  7.4516E-03 (110, 13)   vdiff=  6.4887E-03 ( 59, 27)
n=  4263   udiff=  7.4382E-03 (110, 13)   vdiff=  6.4839E-03 ( 59, 27)
n=  4264   udiff=  7.4248E-03 (110, 13)   vdiff=  6.4790E-03 ( 59, 27)
n=  4265   udiff=  7.4114E-03 (110, 13)   vdiff=  6.4741E-03 ( 59, 27)
n=  4266   udiff=  7.3981E-03 (110, 13)   vdiff=  6.4692E-03 ( 59, 27)
n=  4267   udiff=  7.3848E-03 (110, 13)   vdiff=  6.4643E-03 ( 59, 27)
n=  4268   udiff=  7.3715E-03 (110, 13)   vdiff=  6.4595E-03 ( 59, 27)
n=  4269   udiff=  7.3582E-03 (110, 13)   vdiff=  6.4546E-03 ( 59, 27)
n=  4270   udiff=  7.3450E-03 (110, 13)   vdiff=  6.4497E-03 ( 59, 27)
n=  4271   udiff=  7.3317E-03 (110, 13)   vdiff=  6.4448E-03 ( 59, 27)
n=  4272   udiff=  7.3185E-03 (110, 13)   vdiff=  6.4399E-03 ( 59, 27)
n=  4273   udiff=  7.3053E-03 (110, 13)   vdiff=  6.4351E-03 ( 59, 27)
n=  4274   udiff=  7.2921E-03 (110, 13)   vdiff=  6.4302E-03 ( 59, 27)
n=  4275   udiff=  7.2790E-03 (110, 13)   vdiff=  6.4253E-03 ( 59, 27)
n=  4276   udiff=  7.2659E-03 (110, 13)   vdiff=  6.4204E-03 ( 59, 27)
n=  4277   udiff=  7.2527E-03 (110, 13)   vdiff=  6.4155E-03 ( 59, 27)
n=  4278   udiff=  7.2396E-03 (110, 13)   vdiff=  6.4107E-03 ( 59, 27)
n=  4279   udiff=  7.2266E-03 (110, 13)   vdiff=  6.4058E-03 ( 59, 27)
n=  4280   udiff=  7.2135E-03 (110, 13)   vdiff=  6.4009E-03 ( 59, 27)
n=  4281   udiff=  7.2005E-03 (110, 13)   vdiff=  6.3960E-03 ( 59, 27)
n=  4282   udiff=  7.1875E-03 (110, 13)   vdiff=  6.3911E-03 ( 59, 27)
n=  4283   udiff=  7.1745E-03 (110, 13)   vdiff=  6.3862E-03 ( 59, 27)
n=  4284   udiff=  7.1615E-03 (110, 13)   vdiff=  6.3814E-03 ( 59, 27)
n=  4285   udiff=  7.1485E-03 (110, 13)   vdiff=  6.3765E-03 ( 59, 27)
n=  4286   udiff=  7.1356E-03 (110, 13)   vdiff=  6.3716E-03 ( 59, 27)
n=  4287   udiff=  7.1227E-03 (110, 13)   vdiff=  6.3667E-03 ( 59, 27)
n=  4288   udiff=  7.1098E-03 (110, 13)   vdiff=  6.3618E-03 ( 59, 27)
n=  4289   udiff=  7.0969E-03 (110, 13)   vdiff=  6.3569E-03 ( 59, 27)
n=  4290   udiff=  7.0841E-03 (110, 13)   vdiff=  6.3520E-03 ( 59, 27)
n=  4291   udiff=  7.0712E-03 (110, 13)   vdiff=  6.3472E-03 ( 59, 27)
n=  4292   udiff=  7.0584E-03 (110, 13)   vdiff=  6.3423E-03 ( 59, 27)
n=  4293   udiff=  7.0456E-03 (110, 13)   vdiff=  6.3374E-03 ( 59, 27)
n=  4294   udiff=  7.0328E-03 (110, 13)   vdiff=  6.3325E-03 ( 59, 27)
n=  4295   udiff=  7.0201E-03 (110, 13)   vdiff=  6.3276E-03 ( 59, 27)
n=  4296   udiff=  7.0074E-03 (110, 13)   vdiff=  6.3227E-03 ( 59, 27)
n=  4297   udiff=  6.9946E-03 (110, 13)   vdiff=  6.3179E-03 ( 59, 27)
n=  4298   udiff=  6.9819E-03 (110, 13)   vdiff=  6.3130E-03 ( 59, 27)
n=  4299   udiff=  6.9693E-03 (110, 13)   vdiff=  6.3081E-03 ( 59, 27)
n=  4300   udiff=  6.9566E-03 (110, 13)   vdiff=  6.3032E-03 ( 59, 27)
n=  4301   udiff=  6.9440E-03 (110, 13)   vdiff=  6.2983E-03 ( 59, 27)
n=  4302   udiff=  6.9313E-03 (110, 13)   vdiff=  6.2934E-03 ( 59, 27)
n=  4303   udiff=  6.9187E-03 (110, 13)   vdiff=  6.2885E-03 ( 59, 27)
n=  4304   udiff=  6.9061E-03 (110, 13)   vdiff=  6.2836E-03 ( 59, 27)
n=  4305   udiff=  6.8936E-03 (110, 13)   vdiff=  6.2787E-03 ( 59, 27)
n=  4306   udiff=  6.8810E-03 (110, 13)   vdiff=  6.2739E-03 ( 59, 27)
n=  4307   udiff=  6.8685E-03 (110, 13)   vdiff=  6.2690E-03 ( 59, 27)
n=  4308   udiff=  6.8560E-03 (110, 13)   vdiff=  6.2641E-03 ( 59, 27)
n=  4309   udiff=  6.8435E-03 (110, 13)   vdiff=  6.2592E-03 ( 59, 27)
n=  4310   udiff=  6.8311E-03 (110, 13)   vdiff=  6.2543E-03 ( 59, 27)
n=  4311   udiff=  6.8186E-03 (110, 13)   vdiff=  6.2494E-03 ( 59, 27)
n=  4312   udiff=  6.8062E-03 (110, 13)   vdiff=  6.2445E-03 ( 59, 27)
n=  4313   udiff=  6.7938E-03 (110, 13)   vdiff=  6.2396E-03 ( 59, 27)
n=  4314   udiff=  6.7814E-03 (110, 13)   vdiff=  6.2347E-03 ( 59, 27)
n=  4315   udiff=  6.7690E-03 (110, 13)   vdiff=  6.2299E-03 ( 59, 27)
n=  4316   udiff=  6.7567E-03 (110, 13)   vdiff=  6.2250E-03 ( 59, 27)
n=  4317   udiff=  6.7443E-03 (110, 13)   vdiff=  6.2201E-03 ( 59, 27)
n=  4318   udiff=  6.7320E-03 (110, 13)   vdiff=  6.2152E-03 ( 59, 27)
n=  4319   udiff=  6.7197E-03 (110, 13)   vdiff=  6.2114E-03 ( 59, 26)
n=  4320   udiff=  6.7074E-03 (110, 13)   vdiff=  6.2083E-03 ( 59, 26)
n=  4321   udiff=  6.6952E-03 (110, 13)   vdiff=  6.2051E-03 ( 59, 26)
n=  4322   udiff=  6.6829E-03 (110, 13)   vdiff=  6.2020E-03 ( 59, 26)
n=  4323   udiff=  6.6707E-03 (110, 13)   vdiff=  6.1989E-03 ( 59, 26)
n=  4324   udiff=  6.6585E-03 (110, 13)   vdiff=  6.1957E-03 ( 59, 26)
n=  4325   udiff=  6.6463E-03 (110, 13)   vdiff=  6.1926E-03 ( 59, 26)
n=  4326   udiff=  6.6342E-03 (110, 13)   vdiff=  6.1894E-03 ( 59, 26)
n=  4327   udiff=  6.6220E-03 (110, 13)   vdiff=  6.1862E-03 ( 59, 26)
n=  4328   udiff=  6.6099E-03 (110, 13)   vdiff=  6.1831E-03 ( 59, 26)
n=  4329   udiff=  6.5978E-03 (110, 13)   vdiff=  6.1799E-03 ( 59, 26)
n=  4330   udiff=  6.5857E-03 (110, 13)   vdiff=  6.1768E-03 ( 59, 26)
n=  4331   udiff=  6.5736E-03 (110, 13)   vdiff=  6.1736E-03 ( 59, 26)
n=  4332   udiff=  6.5616E-03 (110, 13)   vdiff=  6.1704E-03 ( 59, 26)
n=  4333   udiff=  6.5495E-03 (110, 13)   vdiff=  6.1672E-03 ( 59, 26)
n=  4334   udiff=  6.5375E-03 (110, 13)   vdiff=  6.1641E-03 ( 59, 26)
n=  4335   udiff=  6.5255E-03 (110, 13)   vdiff=  6.1609E-03 ( 59, 26)
n=  4336   udiff=  6.5135E-03 (110, 13)   vdiff=  6.1577E-03 ( 59, 26)
n=  4337   udiff=  6.5016E-03 (110, 13)   vdiff=  6.1545E-03 ( 59, 26)
n=  4338   udiff=  6.4896E-03 (110, 13)   vdiff=  6.1513E-03 ( 59, 26)
n=  4339   udiff=  6.4777E-03 (110, 13)   vdiff=  6.1481E-03 ( 59, 26)
n=  4340   udiff=  6.4658E-03 (110, 13)   vdiff=  6.1449E-03 ( 59, 26)
n=  4341   udiff=  6.4539E-03 (110, 13)   vdiff=  6.1417E-03 ( 59, 26)
n=  4342   udiff=  6.4420E-03 (110, 13)   vdiff=  6.1385E-03 ( 59, 26)
n=  4343   udiff=  6.4302E-03 (110, 13)   vdiff=  6.1353E-03 ( 59, 26)
n=  4344   udiff=  6.4184E-03 (110, 13)   vdiff=  6.1321E-03 ( 59, 26)
n=  4345   udiff=  6.4065E-03 (110, 13)   vdiff=  6.1289E-03 ( 59, 26)
n=  4346   udiff=  6.3948E-03 (110, 13)   vdiff=  6.1257E-03 ( 59, 26)
n=  4347   udiff=  6.3830E-03 (110, 13)   vdiff=  6.1224E-03 ( 59, 26)
n=  4348   udiff=  6.3712E-03 (110, 13)   vdiff=  6.1192E-03 ( 59, 26)
n=  4349   udiff=  6.3595E-03 (110, 13)   vdiff=  6.1160E-03 ( 59, 26)
n=  4350   udiff=  6.3477E-03 (110, 13)   vdiff=  6.1128E-03 ( 59, 26)
n=  4351   udiff=  6.3360E-03 (110, 13)   vdiff=  6.1095E-03 ( 59, 26)
n=  4352   udiff=  6.3243E-03 (110, 13)   vdiff=  6.1063E-03 ( 59, 26)
n=  4353   udiff=  6.3127E-03 (110, 13)   vdiff=  6.1031E-03 ( 59, 26)
n=  4354   udiff=  6.3010E-03 (110, 13)   vdiff=  6.0998E-03 ( 59, 26)
n=  4355   udiff=  6.2894E-03 (110, 13)   vdiff=  6.0966E-03 ( 59, 26)
n=  4356   udiff=  6.2778E-03 (110, 13)   vdiff=  6.0933E-03 ( 59, 26)
n=  4357   udiff=  6.2662E-03 (110, 13)   vdiff=  6.0901E-03 ( 59, 26)
n=  4358   udiff=  6.2546E-03 (110, 13)   vdiff=  6.0868E-03 ( 59, 26)
n=  4359   udiff=  6.2430E-03 (110, 13)   vdiff=  6.0836E-03 ( 59, 26)
n=  4360   udiff=  6.2315E-03 (110, 13)   vdiff=  6.0803E-03 ( 59, 26)
n=  4361   udiff=  6.2199E-03 (110, 13)   vdiff=  6.0770E-03 ( 59, 26)
n=  4362   udiff=  6.2084E-03 (110, 13)   vdiff=  6.0738E-03 ( 59, 26)
n=  4363   udiff=  6.1969E-03 (110, 13)   vdiff=  6.0705E-03 ( 59, 26)
n=  4364   udiff=  6.1855E-03 (110, 13)   vdiff=  6.0672E-03 ( 59, 26)
n=  4365   udiff=  6.1740E-03 (110, 13)   vdiff=  6.0639E-03 ( 59, 26)
n=  4366   udiff=  6.1626E-03 (110, 13)   vdiff=  6.0607E-03 ( 59, 26)
n=  4367   udiff=  6.1512E-03 (110, 13)   vdiff=  6.0574E-03 ( 59, 26)
n=  4368   udiff=  6.1397E-03 (110, 13)   vdiff=  6.0541E-03 ( 59, 26)
n=  4369   udiff=  6.1283E-03 (110, 13)   vdiff=  6.0508E-03 ( 59, 26)
n=  4370   udiff=  6.1170E-03 (110, 13)   vdiff=  6.0475E-03 ( 59, 26)
n=  4371   udiff=  6.1056E-03 (110, 13)   vdiff=  6.0442E-03 ( 59, 26)
n=  4372   udiff=  6.0943E-03 (110, 13)   vdiff=  6.0409E-03 ( 59, 26)
n=  4373   udiff=  6.0830E-03 (110, 13)   vdiff=  6.0376E-03 ( 59, 26)
n=  4374   udiff=  6.0717E-03 (110, 13)   vdiff=  6.0343E-03 ( 59, 26)
n=  4375   udiff=  6.0604E-03 (110, 13)   vdiff=  6.0310E-03 ( 59, 26)
n=  4376   udiff=  6.0491E-03 (110, 13)   vdiff=  6.0277E-03 ( 59, 26)
n=  4377   udiff=  6.0379E-03 (110, 13)   vdiff=  6.0244E-03 ( 59, 26)
n=  4378   udiff=  6.0266E-03 (110, 13)   vdiff=  6.0211E-03 ( 59, 26)
n=  4379   udiff=  6.0154E-03 (110, 13)   vdiff=  6.0177E-03 ( 59, 26)
n=  4380   udiff=  6.0042E-03 (110, 13)   vdiff=  6.0144E-03 ( 59, 26)
n=  4381   udiff=  5.9930E-03 (110, 13)   vdiff=  6.0111E-03 ( 59, 26)
n=  4382   udiff=  5.9819E-03 (110, 13)   vdiff=  6.0078E-03 ( 59, 26)
n=  4383   udiff=  5.9708E-03 (110, 13)   vdiff=  6.0044E-03 ( 59, 26)
n=  4384   udiff=  5.9596E-03 (110, 13)   vdiff=  6.0011E-03 ( 59, 26)
n=  4385   udiff=  5.9485E-03 (110, 13)   vdiff=  5.9978E-03 ( 59, 26)
n=  4386   udiff=  5.9374E-03 (110, 13)   vdiff=  5.9944E-03 ( 59, 26)
n=  4387   udiff=  5.9263E-03 (110, 13)   vdiff=  5.9911E-03 ( 59, 26)
n=  4388   udiff=  5.9153E-03 (110, 13)   vdiff=  5.9877E-03 ( 59, 26)
n=  4389   udiff=  5.9042E-03 (110, 13)   vdiff=  5.9844E-03 ( 59, 26)
n=  4390   udiff=  5.8932E-03 (110, 13)   vdiff=  5.9810E-03 ( 59, 26)
n=  4391   udiff=  5.8822E-03 (110, 13)   vdiff=  5.9777E-03 ( 59, 26)
n=  4392   udiff=  5.8712E-03 (110, 13)   vdiff=  5.9743E-03 ( 59, 26)
n=  4393   udiff=  5.8602E-03 (110, 13)   vdiff=  5.9710E-03 ( 59, 26)
n=  4394   udiff=  5.8493E-03 (110, 13)   vdiff=  5.9676E-03 ( 59, 26)
n=  4395   udiff=  5.8383E-03 (110, 13)   vdiff=  5.9642E-03 ( 59, 26)
n=  4396   udiff=  5.8274E-03 (110, 13)   vdiff=  5.9609E-03 ( 59, 26)
n=  4397   udiff=  5.8165E-03 (110, 13)   vdiff=  5.9575E-03 ( 59, 26)
n=  4398   udiff=  5.8056E-03 (110, 13)   vdiff=  5.9541E-03 ( 59, 26)
n=  4399   udiff=  5.7947E-03 (110, 13)   vdiff=  5.9507E-03 ( 59, 26)
n=  4400   udiff=  5.7838E-03 (110, 13)   vdiff=  5.9474E-03 ( 59, 26)
n=  4401   udiff=  5.7730E-03 (110, 13)   vdiff=  5.9440E-03 ( 59, 26)
n=  4402   udiff=  5.7622E-03 (110, 13)   vdiff=  5.9406E-03 ( 59, 26)
n=  4403   udiff=  5.7514E-03 (110, 13)   vdiff=  5.9372E-03 ( 59, 26)
n=  4404   udiff=  5.7406E-03 (110, 13)   vdiff=  5.9338E-03 ( 59, 26)
n=  4405   udiff=  5.7298E-03 (110, 13)   vdiff=  5.9304E-03 ( 59, 26)
n=  4406   udiff=  5.7191E-03 (110, 13)   vdiff=  5.9270E-03 ( 59, 26)
n=  4407   udiff=  5.7083E-03 (110, 13)   vdiff=  5.9236E-03 ( 59, 26)
n=  4408   udiff=  5.6976E-03 (110, 13)   vdiff=  5.9202E-03 ( 59, 26)
n=  4409   udiff=  5.6869E-03 (110, 13)   vdiff=  5.9168E-03 ( 59, 26)
n=  4410   udiff=  5.6762E-03 (110, 13)   vdiff=  5.9134E-03 ( 59, 26)
n=  4411   udiff=  5.6655E-03 (110, 13)   vdiff=  5.9099E-03 ( 59, 26)
n=  4412   udiff=  5.6548E-03 (110, 13)   vdiff=  5.9065E-03 ( 59, 26)
n=  4413   udiff=  5.6442E-03 (110, 13)   vdiff=  5.9031E-03 ( 59, 26)
n=  4414   udiff=  5.6336E-03 (110, 13)   vdiff=  5.8997E-03 ( 59, 26)
n=  4415   udiff=  5.6229E-03 (110, 13)   vdiff=  5.8963E-03 ( 59, 26)
n=  4416   udiff=  5.6124E-03 (110, 13)   vdiff=  5.8928E-03 ( 59, 26)
n=  4417   udiff=  5.6018E-03 (110, 13)   vdiff=  5.8894E-03 ( 59, 26)
n=  4418   udiff=  5.5912E-03 (110, 13)   vdiff=  5.8860E-03 ( 59, 26)
n=  4419   udiff=  5.5807E-03 (110, 13)   vdiff=  5.8825E-03 ( 59, 26)
n=  4420   udiff=  5.5701E-03 (110, 13)   vdiff=  5.8791E-03 ( 59, 26)
n=  4421   udiff=  5.5596E-03 (110, 13)   vdiff=  5.8756E-03 ( 59, 26)
n=  4422   udiff=  5.5492E-03 (110, 13)   vdiff=  5.8722E-03 ( 59, 26)
n=  4423   udiff=  5.5387E-03 (110, 13)   vdiff=  5.8687E-03 ( 59, 26)
n=  4424   udiff=  5.5282E-03 (110, 13)   vdiff=  5.8653E-03 ( 59, 26)
n=  4425   udiff=  5.5177E-03 (110, 13)   vdiff=  5.8618E-03 ( 59, 26)
n=  4426   udiff=  5.5073E-03 (110, 13)   vdiff=  5.8584E-03 ( 59, 26)
n=  4427   udiff=  5.4969E-03 (110, 13)   vdiff=  5.8549E-03 ( 59, 26)
n=  4428   udiff=  5.4865E-03 (110, 13)   vdiff=  5.8514E-03 ( 59, 26)
n=  4429   udiff=  5.4761E-03 (110, 13)   vdiff=  5.8480E-03 ( 59, 26)
n=  4430   udiff=  5.4657E-03 (110, 13)   vdiff=  5.8445E-03 ( 59, 26)
n=  4431   udiff=  5.4554E-03 (110, 13)   vdiff=  5.8410E-03 ( 59, 26)
n=  4432   udiff=  5.4450E-03 (110, 13)   vdiff=  5.8376E-03 ( 59, 26)
n=  4433   udiff=  5.4347E-03 (110, 13)   vdiff=  5.8341E-03 ( 59, 26)
n=  4434   udiff=  5.4266E-03 ( 56, 29)   vdiff=  5.8306E-03 ( 59, 26)
n=  4435   udiff=  5.4206E-03 ( 56, 29)   vdiff=  5.8271E-03 ( 59, 26)
n=  4436   udiff=  5.4146E-03 ( 56, 29)   vdiff=  5.8236E-03 ( 59, 26)
n=  4437   udiff=  5.4087E-03 ( 56, 28)   vdiff=  5.8201E-03 ( 59, 26)
n=  4438   udiff=  5.4048E-03 ( 56, 28)   vdiff=  5.8166E-03 ( 59, 26)
n=  4439   udiff=  5.4009E-03 ( 56, 28)   vdiff=  5.8131E-03 ( 59, 26)
n=  4440   udiff=  5.3971E-03 ( 56, 28)   vdiff=  5.8096E-03 ( 59, 26)
n=  4441   udiff=  5.3932E-03 ( 56, 28)   vdiff=  5.8061E-03 ( 59, 26)
n=  4442   udiff=  5.3893E-03 ( 56, 28)   vdiff=  5.8027E-03 ( 59, 26)
n=  4443   udiff=  5.3855E-03 ( 56, 28)   vdiff=  5.7995E-03 ( 59, 26)
n=  4444   udiff=  5.3821E-03 ( 56, 28)   vdiff=  5.7963E-03 ( 59, 26)
n=  4445   udiff=  5.3788E-03 ( 56, 28)   vdiff=  5.7931E-03 ( 59, 26)
n=  4446   udiff=  5.3755E-03 ( 56, 28)   vdiff=  5.7898E-03 ( 59, 26)
n=  4447   udiff=  5.3722E-03 ( 56, 28)   vdiff=  5.7866E-03 ( 59, 26)
n=  4448   udiff=  5.3688E-03 ( 56, 28)   vdiff=  5.7834E-03 ( 59, 26)
n=  4449   udiff=  5.3654E-03 ( 56, 28)   vdiff=  5.7801E-03 ( 59, 26)
n=  4450   udiff=  5.3621E-03 ( 56, 28)   vdiff=  5.7769E-03 ( 59, 26)
n=  4451   udiff=  5.3587E-03 ( 56, 28)   vdiff=  5.7736E-03 ( 59, 26)
n=  4452   udiff=  5.3553E-03 ( 56, 28)   vdiff=  5.7704E-03 ( 59, 26)
n=  4453   udiff=  5.3519E-03 ( 56, 28)   vdiff=  5.7671E-03 ( 59, 26)
n=  4454   udiff=  5.3485E-03 ( 56, 28)   vdiff=  5.7638E-03 ( 59, 26)
n=  4455   udiff=  5.3451E-03 ( 56, 28)   vdiff=  5.7605E-03 ( 59, 26)
n=  4456   udiff=  5.3417E-03 ( 56, 28)   vdiff=  5.7573E-03 ( 59, 26)
n=  4457   udiff=  5.3383E-03 ( 56, 28)   vdiff=  5.7540E-03 ( 59, 26)
n=  4458   udiff=  5.3348E-03 ( 56, 28)   vdiff=  5.7506E-03 ( 59, 26)
n=  4459   udiff=  5.3314E-03 ( 56, 28)   vdiff=  5.7473E-03 ( 59, 26)
n=  4460   udiff=  5.3279E-03 ( 56, 28)   vdiff=  5.7440E-03 ( 59, 26)
n=  4461   udiff=  5.3244E-03 ( 56, 28)   vdiff=  5.7407E-03 ( 59, 26)
n=  4462   udiff=  5.3210E-03 ( 56, 28)   vdiff=  5.7374E-03 ( 59, 26)
n=  4463   udiff=  5.3175E-03 ( 56, 28)   vdiff=  5.7340E-03 ( 59, 26)
n=  4464   udiff=  5.3140E-03 ( 56, 28)   vdiff=  5.7307E-03 ( 59, 26)
n=  4465   udiff=  5.3105E-03 ( 56, 28)   vdiff=  5.7273E-03 ( 59, 26)
n=  4466   udiff=  5.3070E-03 ( 56, 28)   vdiff=  5.7240E-03 ( 59, 26)
n=  4467   udiff=  5.3035E-03 ( 56, 28)   vdiff=  5.7206E-03 ( 59, 26)
n=  4468   udiff=  5.3000E-03 ( 56, 28)   vdiff=  5.7173E-03 ( 59, 26)
n=  4469   udiff=  5.2964E-03 ( 56, 28)   vdiff=  5.7139E-03 ( 59, 26)
n=  4470   udiff=  5.2929E-03 ( 56, 28)   vdiff=  5.7105E-03 ( 59, 26)
n=  4471   udiff=  5.2894E-03 ( 56, 28)   vdiff=  5.7071E-03 ( 59, 26)
n=  4472   udiff=  5.2858E-03 ( 56, 28)   vdiff=  5.7037E-03 ( 59, 26)
n=  4473   udiff=  5.2823E-03 ( 56, 28)   vdiff=  5.7003E-03 ( 59, 26)
n=  4474   udiff=  5.2787E-03 ( 56, 28)   vdiff=  5.6969E-03 ( 59, 26)
n=  4475   udiff=  5.2751E-03 ( 56, 28)   vdiff=  5.6935E-03 ( 59, 26)
n=  4476   udiff=  5.2715E-03 ( 56, 28)   vdiff=  5.6901E-03 ( 59, 26)
n=  4477   udiff=  5.2680E-03 ( 56, 28)   vdiff=  5.6867E-03 ( 59, 26)
n=  4478   udiff=  5.2644E-03 ( 56, 28)   vdiff=  5.6833E-03 ( 59, 26)
n=  4479   udiff=  5.2608E-03 ( 56, 28)   vdiff=  5.6798E-03 ( 59, 26)
n=  4480   udiff=  5.2572E-03 ( 56, 28)   vdiff=  5.6764E-03 ( 59, 26)
n=  4481   udiff=  5.2535E-03 ( 56, 28)   vdiff=  5.6730E-03 ( 59, 26)
n=  4482   udiff=  5.2499E-03 ( 56, 28)   vdiff=  5.6695E-03 ( 59, 26)
n=  4483   udiff=  5.2463E-03 ( 56, 28)   vdiff=  5.6661E-03 ( 59, 26)
n=  4484   udiff=  5.2427E-03 ( 56, 28)   vdiff=  5.6626E-03 ( 59, 26)
n=  4485   udiff=  5.2390E-03 ( 56, 28)   vdiff=  5.6592E-03 ( 59, 26)
n=  4486   udiff=  5.2354E-03 ( 56, 28)   vdiff=  5.6557E-03 ( 59, 26)
n=  4487   udiff=  5.2317E-03 ( 56, 28)   vdiff=  5.6522E-03 ( 59, 26)
n=  4488   udiff=  5.2280E-03 ( 56, 28)   vdiff=  5.6487E-03 ( 59, 26)
n=  4489   udiff=  5.2244E-03 ( 56, 28)   vdiff=  5.6453E-03 ( 59, 26)
n=  4490   udiff=  5.2207E-03 ( 56, 28)   vdiff=  5.6418E-03 ( 59, 26)
n=  4491   udiff=  5.2170E-03 ( 56, 28)   vdiff=  5.6383E-03 ( 59, 26)
n=  4492   udiff=  5.2133E-03 ( 56, 28)   vdiff=  5.6348E-03 ( 59, 26)
n=  4493   udiff=  5.2096E-03 ( 56, 28)   vdiff=  5.6313E-03 ( 59, 26)
n=  4494   udiff=  5.2059E-03 ( 56, 28)   vdiff=  5.6278E-03 ( 59, 26)
n=  4495   udiff=  5.2022E-03 ( 56, 28)   vdiff=  5.6243E-03 ( 59, 26)
n=  4496   udiff=  5.1985E-03 ( 56, 28)   vdiff=  5.6207E-03 ( 59, 26)
n=  4497   udiff=  5.1948E-03 ( 56, 28)   vdiff=  5.6172E-03 ( 59, 26)
n=  4498   udiff=  5.1911E-03 ( 56, 28)   vdiff=  5.6137E-03 ( 59, 26)
n=  4499   udiff=  5.1873E-03 ( 56, 28)   vdiff=  5.6102E-03 ( 59, 26)
n=  4500   udiff=  5.1836E-03 ( 56, 28)   vdiff=  5.6066E-03 ( 59, 26)
n=  4501   udiff=  5.1798E-03 ( 56, 28)   vdiff=  5.6031E-03 ( 59, 26)
n=  4502   udiff=  5.1761E-03 ( 56, 28)   vdiff=  5.5996E-03 ( 59, 26)
n=  4503   udiff=  5.1723E-03 ( 56, 28)   vdiff=  5.5960E-03 ( 59, 26)
n=  4504   udiff=  5.1686E-03 ( 56, 28)   vdiff=  5.5925E-03 ( 59, 26)
n=  4505   udiff=  5.1648E-03 ( 56, 28)   vdiff=  5.5889E-03 ( 59, 26)
n=  4506   udiff=  5.1610E-03 ( 56, 28)   vdiff=  5.5853E-03 ( 59, 26)
n=  4507   udiff=  5.1573E-03 ( 56, 28)   vdiff=  5.5818E-03 ( 59, 26)
n=  4508   udiff=  5.1535E-03 ( 56, 28)   vdiff=  5.5782E-03 ( 59, 26)
n=  4509   udiff=  5.1497E-03 ( 56, 28)   vdiff=  5.5746E-03 ( 59, 26)
n=  4510   udiff=  5.1459E-03 ( 56, 28)   vdiff=  5.5710E-03 ( 59, 26)
n=  4511   udiff=  5.1421E-03 ( 56, 28)   vdiff=  5.5675E-03 ( 59, 26)
n=  4512   udiff=  5.1383E-03 ( 56, 28)   vdiff=  5.5639E-03 ( 59, 26)
n=  4513   udiff=  5.1345E-03 ( 56, 28)   vdiff=  5.5603E-03 ( 59, 26)
n=  4514   udiff=  5.1306E-03 ( 56, 28)   vdiff=  5.5567E-03 ( 59, 26)
n=  4515   udiff=  5.1268E-03 ( 56, 28)   vdiff=  5.5531E-03 ( 59, 26)
n=  4516   udiff=  5.1230E-03 ( 56, 28)   vdiff=  5.5495E-03 ( 59, 26)
n=  4517   udiff=  5.1192E-03 ( 56, 28)   vdiff=  5.5459E-03 ( 59, 26)
n=  4518   udiff=  5.1153E-03 ( 56, 28)   vdiff=  5.5422E-03 ( 59, 26)
n=  4519   udiff=  5.1115E-03 ( 56, 28)   vdiff=  5.5386E-03 ( 59, 26)
n=  4520   udiff=  5.1076E-03 ( 56, 28)   vdiff=  5.5350E-03 ( 59, 26)
n=  4521   udiff=  5.1038E-03 ( 56, 28)   vdiff=  5.5314E-03 ( 59, 26)
n=  4522   udiff=  5.0999E-03 ( 56, 28)   vdiff=  5.5278E-03 ( 59, 26)
n=  4523   udiff=  5.0961E-03 ( 56, 28)   vdiff=  5.5241E-03 ( 59, 26)
n=  4524   udiff=  5.0922E-03 ( 56, 28)   vdiff=  5.5205E-03 ( 59, 26)
n=  4525   udiff=  5.0883E-03 ( 56, 28)   vdiff=  5.5168E-03 ( 59, 26)
n=  4526   udiff=  5.0844E-03 ( 56, 28)   vdiff=  5.5132E-03 ( 59, 26)
n=  4527   udiff=  5.0806E-03 ( 56, 28)   vdiff=  5.5096E-03 ( 59, 26)
n=  4528   udiff=  5.0767E-03 ( 56, 28)   vdiff=  5.5059E-03 ( 59, 26)
n=  4529   udiff=  5.0728E-03 ( 56, 28)   vdiff=  5.5022E-03 ( 59, 26)
n=  4530   udiff=  5.0689E-03 ( 56, 28)   vdiff=  5.4986E-03 ( 59, 26)
n=  4531   udiff=  5.0650E-03 ( 56, 28)   vdiff=  5.4949E-03 ( 59, 26)
n=  4532   udiff=  5.0611E-03 ( 56, 28)   vdiff=  5.4912E-03 ( 59, 26)
n=  4533   udiff=  5.0571E-03 ( 56, 28)   vdiff=  5.4876E-03 ( 59, 26)
n=  4534   udiff=  5.0532E-03 ( 56, 28)   vdiff=  5.4839E-03 ( 59, 26)
n=  4535   udiff=  5.0493E-03 ( 56, 28)   vdiff=  5.4802E-03 ( 59, 26)
n=  4536   udiff=  5.0454E-03 ( 56, 28)   vdiff=  5.4765E-03 ( 59, 26)
n=  4537   udiff=  5.0415E-03 ( 56, 28)   vdiff=  5.4728E-03 ( 59, 26)
n=  4538   udiff=  5.0375E-03 ( 56, 28)   vdiff=  5.4692E-03 ( 59, 26)
n=  4539   udiff=  5.0336E-03 ( 56, 28)   vdiff=  5.4655E-03 ( 59, 26)
n=  4540   udiff=  5.0296E-03 ( 56, 28)   vdiff=  5.4618E-03 ( 59, 26)
n=  4541   udiff=  5.0257E-03 ( 56, 28)   vdiff=  5.4581E-03 ( 59, 26)
n=  4542   udiff=  5.0217E-03 ( 56, 28)   vdiff=  5.4544E-03 ( 59, 26)
n=  4543   udiff=  5.0178E-03 ( 56, 28)   vdiff=  5.4507E-03 ( 59, 26)
n=  4544   udiff=  5.0138E-03 ( 56, 28)   vdiff=  5.4470E-03 ( 59, 26)
n=  4545   udiff=  5.0098E-03 ( 56, 28)   vdiff=  5.4432E-03 ( 59, 26)
n=  4546   udiff=  5.0059E-03 ( 56, 28)   vdiff=  5.4395E-03 ( 59, 26)
n=  4547   udiff=  5.0019E-03 ( 56, 28)   vdiff=  5.4358E-03 ( 59, 26)
n=  4548   udiff=  4.9979E-03 ( 56, 28)   vdiff=  5.4321E-03 ( 59, 26)
n=  4549   udiff=  4.9939E-03 ( 56, 28)   vdiff=  5.4283E-03 ( 59, 26)
n=  4550   udiff=  4.9900E-03 ( 56, 28)   vdiff=  5.4246E-03 ( 59, 26)
n=  4551   udiff=  4.9860E-03 ( 56, 28)   vdiff=  5.4209E-03 ( 59, 26)
n=  4552   udiff=  4.9820E-03 ( 56, 28)   vdiff=  5.4171E-03 ( 59, 26)
n=  4553   udiff=  4.9780E-03 ( 56, 28)   vdiff=  5.4134E-03 ( 59, 26)
n=  4554   udiff=  4.9740E-03 ( 56, 28)   vdiff=  5.4097E-03 ( 59, 26)
n=  4555   udiff=  4.9700E-03 ( 56, 28)   vdiff=  5.4059E-03 ( 59, 26)
n=  4556   udiff=  4.9660E-03 ( 56, 28)   vdiff=  5.4022E-03 ( 59, 26)
n=  4557   udiff=  4.9619E-03 ( 56, 28)   vdiff=  5.3984E-03 ( 59, 26)
n=  4558   udiff=  4.9579E-03 ( 56, 28)   vdiff=  5.3946E-03 ( 59, 26)
n=  4559   udiff=  4.9539E-03 ( 56, 28)   vdiff=  5.3909E-03 ( 59, 26)
n=  4560   udiff=  4.9499E-03 ( 56, 28)   vdiff=  5.3871E-03 ( 59, 26)
n=  4561   udiff=  4.9459E-03 ( 56, 28)   vdiff=  5.3834E-03 ( 59, 26)
n=  4562   udiff=  4.9418E-03 ( 56, 28)   vdiff=  5.3796E-03 ( 59, 26)
n=  4563   udiff=  4.9378E-03 ( 56, 28)   vdiff=  5.3758E-03 ( 59, 26)
n=  4564   udiff=  4.9337E-03 ( 56, 28)   vdiff=  5.3720E-03 ( 59, 26)
n=  4565   udiff=  4.9297E-03 ( 56, 28)   vdiff=  5.3683E-03 ( 59, 26)
n=  4566   udiff=  4.9256E-03 ( 56, 28)   vdiff=  5.3645E-03 ( 59, 26)
n=  4567   udiff=  4.9216E-03 ( 56, 28)   vdiff=  5.3607E-03 ( 59, 26)
n=  4568   udiff=  4.9175E-03 ( 56, 28)   vdiff=  5.3569E-03 ( 59, 26)
n=  4569   udiff=  4.9135E-03 ( 56, 28)   vdiff=  5.3531E-03 ( 59, 26)
n=  4570   udiff=  4.9094E-03 ( 56, 28)   vdiff=  5.3493E-03 ( 59, 26)
n=  4571   udiff=  4.9053E-03 ( 56, 28)   vdiff=  5.3455E-03 ( 59, 26)
n=  4572   udiff=  4.9013E-03 ( 56, 28)   vdiff=  5.3417E-03 ( 59, 26)
n=  4573   udiff=  4.8972E-03 ( 56, 28)   vdiff=  5.3379E-03 ( 59, 26)
n=  4574   udiff=  4.8931E-03 ( 56, 28)   vdiff=  5.3341E-03 ( 59, 26)
n=  4575   udiff=  4.8891E-03 ( 56, 28)   vdiff=  5.3303E-03 ( 59, 26)
n=  4576   udiff=  4.8850E-03 ( 56, 28)   vdiff=  5.3265E-03 ( 59, 26)
n=  4577   udiff=  4.8809E-03 ( 56, 28)   vdiff=  5.3227E-03 ( 59, 26)
n=  4578   udiff=  4.8768E-03 ( 56, 28)   vdiff=  5.3189E-03 ( 59, 26)
n=  4579   udiff=  4.8727E-03 ( 56, 28)   vdiff=  5.3151E-03 ( 59, 26)
n=  4580   udiff=  4.8686E-03 ( 56, 28)   vdiff=  5.3112E-03 ( 59, 26)
n=  4581   udiff=  4.8645E-03 ( 56, 28)   vdiff=  5.3074E-03 ( 59, 26)
n=  4582   udiff=  4.8604E-03 ( 56, 28)   vdiff=  5.3036E-03 ( 59, 26)
n=  4583   udiff=  4.8563E-03 ( 56, 28)   vdiff=  5.2998E-03 ( 59, 26)
n=  4584   udiff=  4.8522E-03 ( 56, 28)   vdiff=  5.2959E-03 ( 59, 26)
n=  4585   udiff=  4.8481E-03 ( 56, 28)   vdiff=  5.2921E-03 ( 59, 26)
n=  4586   udiff=  4.8440E-03 ( 56, 28)   vdiff=  5.2882E-03 ( 59, 26)
n=  4587   udiff=  4.8398E-03 ( 56, 28)   vdiff=  5.2844E-03 ( 59, 26)
n=  4588   udiff=  4.8357E-03 ( 56, 28)   vdiff=  5.2806E-03 ( 59, 26)
n=  4589   udiff=  4.8316E-03 ( 56, 28)   vdiff=  5.2767E-03 ( 59, 26)
n=  4590   udiff=  4.8275E-03 ( 56, 28)   vdiff=  5.2729E-03 ( 59, 26)
n=  4591   udiff=  4.8233E-03 ( 56, 28)   vdiff=  5.2690E-03 ( 59, 26)
n=  4592   udiff=  4.8192E-03 ( 56, 28)   vdiff=  5.2652E-03 ( 59, 26)
n=  4593   udiff=  4.8151E-03 ( 56, 28)   vdiff=  5.2613E-03 ( 59, 26)
n=  4594   udiff=  4.8109E-03 ( 56, 28)   vdiff=  5.2575E-03 ( 59, 26)
n=  4595   udiff=  4.8068E-03 ( 56, 28)   vdiff=  5.2536E-03 ( 59, 26)
n=  4596   udiff=  4.8026E-03 ( 56, 28)   vdiff=  5.2497E-03 ( 59, 26)
n=  4597   udiff=  4.7985E-03 ( 56, 28)   vdiff=  5.2459E-03 ( 59, 26)
n=  4598   udiff=  4.7943E-03 ( 56, 28)   vdiff=  5.2420E-03 ( 59, 26)
n=  4599   udiff=  4.7902E-03 ( 56, 28)   vdiff=  5.2381E-03 ( 59, 26)
n=  4600   udiff=  4.7860E-03 ( 56, 28)   vdiff=  5.2343E-03 ( 59, 26)
n=  4601   udiff=  4.7819E-03 ( 56, 28)   vdiff=  5.2304E-03 ( 59, 26)
n=  4602   udiff=  4.7777E-03 ( 56, 28)   vdiff=  5.2265E-03 ( 59, 26)
n=  4603   udiff=  4.7735E-03 ( 56, 28)   vdiff=  5.2226E-03 ( 59, 26)
n=  4604   udiff=  4.7694E-03 ( 56, 28)   vdiff=  5.2187E-03 ( 59, 26)
n=  4605   udiff=  4.7652E-03 ( 56, 28)   vdiff=  5.2148E-03 ( 59, 26)
n=  4606   udiff=  4.7610E-03 ( 56, 28)   vdiff=  5.2110E-03 ( 59, 26)
n=  4607   udiff=  4.7569E-03 ( 56, 28)   vdiff=  5.2071E-03 ( 59, 26)
n=  4608   udiff=  4.7527E-03 ( 56, 28)   vdiff=  5.2032E-03 ( 59, 26)
n=  4609   udiff=  4.7485E-03 ( 56, 28)   vdiff=  5.1993E-03 ( 59, 26)
n=  4610   udiff=  4.7443E-03 ( 56, 28)   vdiff=  5.1954E-03 ( 59, 26)
n=  4611   udiff=  4.7401E-03 ( 56, 28)   vdiff=  5.1915E-03 ( 59, 26)
n=  4612   udiff=  4.7359E-03 ( 56, 28)   vdiff=  5.1876E-03 ( 59, 26)
n=  4613   udiff=  4.7317E-03 ( 56, 28)   vdiff=  5.1837E-03 ( 59, 26)
n=  4614   udiff=  4.7275E-03 ( 56, 28)   vdiff=  5.1798E-03 ( 59, 26)
n=  4615   udiff=  4.7233E-03 ( 56, 28)   vdiff=  5.1759E-03 ( 59, 26)
n=  4616   udiff=  4.7191E-03 ( 56, 28)   vdiff=  5.1719E-03 ( 59, 26)
n=  4617   udiff=  4.7149E-03 ( 56, 28)   vdiff=  5.1680E-03 ( 59, 26)
n=  4618   udiff=  4.7107E-03 ( 56, 28)   vdiff=  5.1641E-03 ( 59, 26)
n=  4619   udiff=  4.7065E-03 ( 56, 28)   vdiff=  5.1602E-03 ( 59, 26)
n=  4620   udiff=  4.7023E-03 ( 56, 28)   vdiff=  5.1563E-03 ( 59, 26)
n=  4621   udiff=  4.6981E-03 ( 56, 28)   vdiff=  5.1523E-03 ( 59, 26)
n=  4622   udiff=  4.6939E-03 ( 56, 28)   vdiff=  5.1484E-03 ( 59, 26)
n=  4623   udiff=  4.6897E-03 ( 56, 28)   vdiff=  5.1445E-03 ( 59, 26)
n=  4624   udiff=  4.6855E-03 ( 56, 28)   vdiff=  5.1406E-03 ( 59, 26)
n=  4625   udiff=  4.6812E-03 ( 56, 28)   vdiff=  5.1366E-03 ( 59, 26)
n=  4626   udiff=  4.6770E-03 ( 56, 28)   vdiff=  5.1327E-03 ( 59, 26)
n=  4627   udiff=  4.6728E-03 ( 56, 28)   vdiff=  5.1288E-03 ( 59, 26)
n=  4628   udiff=  4.6686E-03 ( 56, 28)   vdiff=  5.1248E-03 ( 59, 26)
n=  4629   udiff=  4.6643E-03 ( 56, 28)   vdiff=  5.1209E-03 ( 59, 26)
n=  4630   udiff=  4.6601E-03 ( 56, 28)   vdiff=  5.1170E-03 ( 59, 26)
n=  4631   udiff=  4.6559E-03 ( 56, 28)   vdiff=  5.1130E-03 ( 59, 26)
n=  4632   udiff=  4.6516E-03 ( 56, 28)   vdiff=  5.1091E-03 ( 59, 26)
n=  4633   udiff=  4.6474E-03 ( 56, 28)   vdiff=  5.1051E-03 ( 59, 26)
n=  4634   udiff=  4.6432E-03 ( 56, 28)   vdiff=  5.1012E-03 ( 59, 26)
n=  4635   udiff=  4.6389E-03 ( 56, 28)   vdiff=  5.0972E-03 ( 59, 26)
n=  4636   udiff=  4.6347E-03 ( 56, 28)   vdiff=  5.0933E-03 ( 59, 26)
n=  4637   udiff=  4.6304E-03 ( 56, 28)   vdiff=  5.0893E-03 ( 59, 26)
n=  4638   udiff=  4.6262E-03 ( 56, 28)   vdiff=  5.0853E-03 ( 59, 26)
n=  4639   udiff=  4.6219E-03 ( 56, 28)   vdiff=  5.0814E-03 ( 59, 26)
n=  4640   udiff=  4.6177E-03 ( 56, 28)   vdiff=  5.0774E-03 ( 59, 26)
n=  4641   udiff=  4.6134E-03 ( 56, 28)   vdiff=  5.0735E-03 ( 59, 26)
n=  4642   udiff=  4.6091E-03 ( 56, 28)   vdiff=  5.0695E-03 ( 59, 26)
n=  4643   udiff=  4.6049E-03 ( 56, 28)   vdiff=  5.0655E-03 ( 59, 26)
n=  4644   udiff=  4.6006E-03 ( 56, 28)   vdiff=  5.0616E-03 ( 59, 26)
n=  4645   udiff=  4.5964E-03 ( 56, 28)   vdiff=  5.0576E-03 ( 59, 26)
n=  4646   udiff=  4.5921E-03 ( 56, 28)   vdiff=  5.0536E-03 ( 59, 26)
n=  4647   udiff=  4.5878E-03 ( 56, 28)   vdiff=  5.0496E-03 ( 59, 26)
n=  4648   udiff=  4.5835E-03 ( 56, 28)   vdiff=  5.0457E-03 ( 59, 26)
n=  4649   udiff=  4.5793E-03 ( 56, 28)   vdiff=  5.0417E-03 ( 59, 26)
n=  4650   udiff=  4.5750E-03 ( 56, 28)   vdiff=  5.0377E-03 ( 59, 26)
n=  4651   udiff=  4.5707E-03 ( 56, 28)   vdiff=  5.0337E-03 ( 59, 26)
n=  4652   udiff=  4.5664E-03 ( 56, 28)   vdiff=  5.0297E-03 ( 59, 26)
n=  4653   udiff=  4.5622E-03 ( 56, 28)   vdiff=  5.0257E-03 ( 59, 26)
n=  4654   udiff=  4.5579E-03 ( 56, 28)   vdiff=  5.0217E-03 ( 59, 26)
n=  4655   udiff=  4.5536E-03 ( 56, 28)   vdiff=  5.0178E-03 ( 59, 26)
n=  4656   udiff=  4.5493E-03 ( 56, 28)   vdiff=  5.0138E-03 ( 59, 26)
n=  4657   udiff=  4.5450E-03 ( 56, 28)   vdiff=  5.0098E-03 ( 59, 26)
n=  4658   udiff=  4.5407E-03 ( 56, 28)   vdiff=  5.0058E-03 ( 59, 26)
n=  4659   udiff=  4.5364E-03 ( 56, 28)   vdiff=  5.0018E-03 ( 59, 26)
n=  4660   udiff=  4.5322E-03 ( 56, 28)   vdiff=  4.9978E-03 ( 59, 26)
n=  4661   udiff=  4.5279E-03 ( 56, 28)   vdiff=  4.9938E-03 ( 59, 26)
n=  4662   udiff=  4.5236E-03 ( 56, 28)   vdiff=  4.9898E-03 ( 59, 26)
n=  4663   udiff=  4.5193E-03 ( 56, 28)   vdiff=  4.9858E-03 ( 59, 26)
n=  4664   udiff=  4.5150E-03 ( 56, 28)   vdiff=  4.9818E-03 ( 59, 26)
n=  4665   udiff=  4.5107E-03 ( 56, 28)   vdiff=  4.9778E-03 ( 59, 26)
n=  4666   udiff=  4.5064E-03 ( 56, 28)   vdiff=  4.9737E-03 ( 59, 26)
n=  4667   udiff=  4.5020E-03 ( 56, 28)   vdiff=  4.9697E-03 ( 59, 26)
n=  4668   udiff=  4.4977E-03 ( 56, 28)   vdiff=  4.9657E-03 ( 59, 26)
n=  4669   udiff=  4.4934E-03 ( 56, 28)   vdiff=  4.9617E-03 ( 59, 26)
n=  4670   udiff=  4.4891E-03 ( 56, 28)   vdiff=  4.9577E-03 ( 59, 26)
n=  4671   udiff=  4.4848E-03 ( 56, 28)   vdiff=  4.9537E-03 ( 59, 26)
n=  4672   udiff=  4.4805E-03 ( 56, 28)   vdiff=  4.9497E-03 ( 59, 26)
n=  4673   udiff=  4.4762E-03 ( 56, 28)   vdiff=  4.9456E-03 ( 59, 26)
n=  4674   udiff=  4.4719E-03 ( 56, 28)   vdiff=  4.9416E-03 ( 59, 26)
n=  4675   udiff=  4.4676E-03 ( 56, 28)   vdiff=  4.9376E-03 ( 59, 26)
n=  4676   udiff=  4.4632E-03 ( 56, 28)   vdiff=  4.9336E-03 ( 59, 26)
n=  4677   udiff=  4.4589E-03 ( 56, 28)   vdiff=  4.9295E-03 ( 59, 26)
n=  4678   udiff=  4.4546E-03 ( 56, 28)   vdiff=  4.9255E-03 ( 59, 26)
n=  4679   udiff=  4.4503E-03 ( 56, 28)   vdiff=  4.9215E-03 ( 59, 26)
n=  4680   udiff=  4.4459E-03 ( 56, 28)   vdiff=  4.9174E-03 ( 59, 26)
n=  4681   udiff=  4.4416E-03 ( 56, 28)   vdiff=  4.9134E-03 ( 59, 26)
n=  4682   udiff=  4.4373E-03 ( 56, 28)   vdiff=  4.9094E-03 ( 59, 26)
n=  4683   udiff=  4.4330E-03 ( 56, 28)   vdiff=  4.9053E-03 ( 59, 26)
n=  4684   udiff=  4.4286E-03 ( 56, 28)   vdiff=  4.9013E-03 ( 59, 26)
n=  4685   udiff=  4.4243E-03 ( 56, 28)   vdiff=  4.8973E-03 ( 59, 26)
n=  4686   udiff=  4.4200E-03 ( 56, 28)   vdiff=  4.8939E-03 ( 59, 25)
n=  4687   udiff=  4.4156E-03 ( 56, 28)   vdiff=  4.8914E-03 ( 59, 25)
n=  4688   udiff=  4.4113E-03 ( 56, 28)   vdiff=  4.8889E-03 ( 59, 25)
n=  4689   udiff=  4.4070E-03 ( 56, 28)   vdiff=  4.8864E-03 ( 59, 25)
n=  4690   udiff=  4.4026E-03 ( 56, 28)   vdiff=  4.8839E-03 ( 59, 25)
n=  4691   udiff=  4.3983E-03 ( 56, 28)   vdiff=  4.8813E-03 ( 59, 25)
n=  4692   udiff=  4.3939E-03 ( 56, 28)   vdiff=  4.8788E-03 ( 59, 25)
n=  4693   udiff=  4.3896E-03 ( 56, 28)   vdiff=  4.8763E-03 ( 59, 25)
n=  4694   udiff=  4.3853E-03 ( 56, 28)   vdiff=  4.8738E-03 ( 59, 25)
n=  4695   udiff=  4.3809E-03 ( 56, 28)   vdiff=  4.8712E-03 ( 59, 25)
n=  4696   udiff=  4.3766E-03 ( 56, 28)   vdiff=  4.8687E-03 ( 59, 25)
n=  4697   udiff=  4.3722E-03 ( 56, 28)   vdiff=  4.8661E-03 ( 59, 25)
n=  4698   udiff=  4.3679E-03 ( 56, 28)   vdiff=  4.8636E-03 ( 59, 25)
n=  4699   udiff=  4.3635E-03 ( 56, 28)   vdiff=  4.8610E-03 ( 59, 25)
n=  4700   udiff=  4.3592E-03 ( 56, 28)   vdiff=  4.8585E-03 ( 59, 25)
n=  4701   udiff=  4.3548E-03 ( 56, 28)   vdiff=  4.8559E-03 ( 59, 25)
n=  4702   udiff=  4.3505E-03 ( 56, 28)   vdiff=  4.8533E-03 ( 59, 25)
n=  4703   udiff=  4.3461E-03 ( 56, 28)   vdiff=  4.8508E-03 ( 59, 25)
n=  4704   udiff=  4.3417E-03 ( 56, 28)   vdiff=  4.8482E-03 ( 59, 25)
n=  4705   udiff=  4.3374E-03 ( 56, 28)   vdiff=  4.8456E-03 ( 59, 25)
n=  4706   udiff=  4.3330E-03 ( 56, 28)   vdiff=  4.8430E-03 ( 59, 25)
n=  4707   udiff=  4.3287E-03 ( 56, 28)   vdiff=  4.8404E-03 ( 59, 25)
n=  4708   udiff=  4.3243E-03 ( 56, 28)   vdiff=  4.8378E-03 ( 59, 25)
n=  4709   udiff=  4.3199E-03 ( 56, 28)   vdiff=  4.8351E-03 ( 59, 25)
n=  4710   udiff=  4.3156E-03 ( 56, 28)   vdiff=  4.8325E-03 ( 59, 25)
n=  4711   udiff=  4.3112E-03 ( 56, 28)   vdiff=  4.8299E-03 ( 59, 25)
n=  4712   udiff=  4.3068E-03 ( 56, 28)   vdiff=  4.8273E-03 ( 59, 25)
n=  4713   udiff=  4.3025E-03 ( 56, 28)   vdiff=  4.8246E-03 ( 59, 25)
n=  4714   udiff=  4.2981E-03 ( 56, 28)   vdiff=  4.8220E-03 ( 59, 25)
n=  4715   udiff=  4.2937E-03 ( 56, 28)   vdiff=  4.8193E-03 ( 59, 25)
n=  4716   udiff=  4.2894E-03 ( 56, 28)   vdiff=  4.8167E-03 ( 59, 25)
n=  4717   udiff=  4.2850E-03 ( 56, 28)   vdiff=  4.8140E-03 ( 59, 25)
n=  4718   udiff=  4.2806E-03 ( 56, 28)   vdiff=  4.8114E-03 ( 59, 25)
n=  4719   udiff=  4.2763E-03 ( 56, 28)   vdiff=  4.8087E-03 ( 59, 25)
n=  4720   udiff=  4.2719E-03 ( 56, 28)   vdiff=  4.8060E-03 ( 59, 25)
n=  4721   udiff=  4.2675E-03 ( 56, 28)   vdiff=  4.8033E-03 ( 59, 25)
n=  4722   udiff=  4.2632E-03 ( 56, 28)   vdiff=  4.8007E-03 ( 59, 25)
n=  4723   udiff=  4.2588E-03 ( 56, 28)   vdiff=  4.7980E-03 ( 59, 25)
n=  4724   udiff=  4.2544E-03 ( 56, 28)   vdiff=  4.7953E-03 ( 59, 25)
n=  4725   udiff=  4.2500E-03 ( 56, 28)   vdiff=  4.7926E-03 ( 59, 25)
n=  4726   udiff=  4.2456E-03 ( 56, 28)   vdiff=  4.7899E-03 ( 59, 25)
n=  4727   udiff=  4.2413E-03 ( 56, 28)   vdiff=  4.7871E-03 ( 59, 25)
n=  4728   udiff=  4.2369E-03 ( 56, 28)   vdiff=  4.7844E-03 ( 59, 25)
n=  4729   udiff=  4.2325E-03 ( 56, 28)   vdiff=  4.7817E-03 ( 59, 25)
n=  4730   udiff=  4.2281E-03 ( 56, 28)   vdiff=  4.7790E-03 ( 59, 25)
n=  4731   udiff=  4.2237E-03 ( 56, 28)   vdiff=  4.7763E-03 ( 59, 25)
n=  4732   udiff=  4.2194E-03 ( 56, 28)   vdiff=  4.7735E-03 ( 59, 25)
n=  4733   udiff=  4.2150E-03 ( 56, 28)   vdiff=  4.7708E-03 ( 59, 25)
n=  4734   udiff=  4.2106E-03 ( 56, 28)   vdiff=  4.7680E-03 ( 59, 25)
n=  4735   udiff=  4.2062E-03 ( 56, 28)   vdiff=  4.7653E-03 ( 59, 25)
n=  4736   udiff=  4.2018E-03 ( 56, 28)   vdiff=  4.7625E-03 ( 59, 25)
n=  4737   udiff=  4.1974E-03 ( 56, 28)   vdiff=  4.7597E-03 ( 59, 25)
n=  4738   udiff=  4.1930E-03 ( 56, 28)   vdiff=  4.7570E-03 ( 59, 25)
n=  4739   udiff=  4.1886E-03 ( 56, 28)   vdiff=  4.7542E-03 ( 59, 25)
n=  4740   udiff=  4.1843E-03 ( 56, 28)   vdiff=  4.7514E-03 ( 59, 25)
n=  4741   udiff=  4.1799E-03 ( 56, 28)   vdiff=  4.7486E-03 ( 59, 25)
n=  4742   udiff=  4.1755E-03 ( 56, 28)   vdiff=  4.7459E-03 ( 59, 25)
n=  4743   udiff=  4.1711E-03 ( 56, 28)   vdiff=  4.7431E-03 ( 59, 25)
n=  4744   udiff=  4.1667E-03 ( 56, 28)   vdiff=  4.7402E-03 ( 59, 25)
n=  4745   udiff=  4.1623E-03 ( 56, 28)   vdiff=  4.7374E-03 ( 59, 25)
n=  4746   udiff=  4.1579E-03 ( 56, 28)   vdiff=  4.7346E-03 ( 59, 25)
n=  4747   udiff=  4.1535E-03 ( 56, 28)   vdiff=  4.7318E-03 ( 59, 25)
n=  4748   udiff=  4.1491E-03 ( 56, 28)   vdiff=  4.7290E-03 ( 59, 25)
n=  4749   udiff=  4.1447E-03 ( 56, 28)   vdiff=  4.7262E-03 ( 59, 25)
n=  4750   udiff=  4.1403E-03 ( 56, 28)   vdiff=  4.7233E-03 ( 59, 25)
n=  4751   udiff=  4.1359E-03 ( 56, 28)   vdiff=  4.7205E-03 ( 59, 25)
n=  4752   udiff=  4.1315E-03 ( 56, 28)   vdiff=  4.7177E-03 ( 59, 25)
n=  4753   udiff=  4.1271E-03 ( 56, 28)   vdiff=  4.7148E-03 ( 59, 25)
n=  4754   udiff=  4.1227E-03 ( 56, 28)   vdiff=  4.7120E-03 ( 59, 25)
n=  4755   udiff=  4.1183E-03 ( 56, 28)   vdiff=  4.7091E-03 ( 59, 25)
n=  4756   udiff=  4.1139E-03 ( 56, 28)   vdiff=  4.7063E-03 ( 59, 25)
n=  4757   udiff=  4.1095E-03 ( 56, 28)   vdiff=  4.7034E-03 ( 59, 25)
n=  4758   udiff=  4.1051E-03 ( 56, 28)   vdiff=  4.7005E-03 ( 59, 25)
n=  4759   udiff=  4.1007E-03 ( 56, 28)   vdiff=  4.6976E-03 ( 59, 25)
n=  4760   udiff=  4.0963E-03 ( 56, 28)   vdiff=  4.6948E-03 ( 59, 25)
n=  4761   udiff=  4.0919E-03 ( 56, 28)   vdiff=  4.6919E-03 ( 59, 25)
n=  4762   udiff=  4.0875E-03 ( 56, 28)   vdiff=  4.6890E-03 ( 59, 25)
n=  4763   udiff=  4.0831E-03 ( 56, 28)   vdiff=  4.6861E-03 ( 59, 25)
n=  4764   udiff=  4.0787E-03 ( 56, 28)   vdiff=  4.6832E-03 ( 59, 25)
n=  4765   udiff=  4.0743E-03 ( 56, 28)   vdiff=  4.6803E-03 ( 59, 25)
n=  4766   udiff=  4.0699E-03 ( 56, 28)   vdiff=  4.6774E-03 ( 59, 25)
n=  4767   udiff=  4.0655E-03 ( 56, 28)   vdiff=  4.6745E-03 ( 59, 25)
n=  4768   udiff=  4.0611E-03 ( 56, 28)   vdiff=  4.6716E-03 ( 59, 25)
n=  4769   udiff=  4.0567E-03 ( 56, 28)   vdiff=  4.6686E-03 ( 59, 25)
n=  4770   udiff=  4.0523E-03 ( 56, 28)   vdiff=  4.6657E-03 ( 59, 25)
n=  4771   udiff=  4.0479E-03 ( 56, 28)   vdiff=  4.6628E-03 ( 59, 25)
n=  4772   udiff=  4.0435E-03 ( 56, 28)   vdiff=  4.6598E-03 ( 59, 25)
n=  4773   udiff=  4.0391E-03 ( 56, 28)   vdiff=  4.6569E-03 ( 59, 25)
n=  4774   udiff=  4.0347E-03 ( 56, 28)   vdiff=  4.6540E-03 ( 59, 25)
n=  4775   udiff=  4.0303E-03 ( 56, 28)   vdiff=  4.6510E-03 ( 59, 25)
n=  4776   udiff=  4.0259E-03 ( 56, 28)   vdiff=  4.6480E-03 ( 59, 25)
n=  4777   udiff=  4.0215E-03 ( 56, 28)   vdiff=  4.6451E-03 ( 59, 25)
n=  4778   udiff=  4.0170E-03 ( 56, 28)   vdiff=  4.6421E-03 ( 59, 25)
n=  4779   udiff=  4.0126E-03 ( 56, 28)   vdiff=  4.6392E-03 ( 59, 25)
n=  4780   udiff=  4.0082E-03 ( 56, 28)   vdiff=  4.6362E-03 ( 59, 25)
n=  4781   udiff=  4.0038E-03 ( 56, 28)   vdiff=  4.6332E-03 ( 59, 25)
n=  4782   udiff=  3.9994E-03 ( 56, 28)   vdiff=  4.6302E-03 ( 59, 25)
n=  4783   udiff=  3.9950E-03 ( 56, 28)   vdiff=  4.6272E-03 ( 59, 25)
n=  4784   udiff=  3.9906E-03 ( 56, 28)   vdiff=  4.6242E-03 ( 59, 25)
n=  4785   udiff=  3.9862E-03 ( 56, 28)   vdiff=  4.6212E-03 ( 59, 25)
n=  4786   udiff=  3.9818E-03 ( 56, 28)   vdiff=  4.6182E-03 ( 59, 25)
n=  4787   udiff=  3.9774E-03 ( 56, 28)   vdiff=  4.6152E-03 ( 59, 25)
n=  4788   udiff=  3.9729E-03 ( 56, 28)   vdiff=  4.6122E-03 ( 59, 25)
n=  4789   udiff=  3.9685E-03 ( 56, 28)   vdiff=  4.6092E-03 ( 59, 25)
n=  4790   udiff=  3.9641E-03 ( 56, 28)   vdiff=  4.6062E-03 ( 59, 25)
n=  4791   udiff=  3.9597E-03 ( 56, 28)   vdiff=  4.6032E-03 ( 59, 25)
n=  4792   udiff=  3.9553E-03 ( 56, 28)   vdiff=  4.6001E-03 ( 59, 25)
n=  4793   udiff=  3.9509E-03 ( 56, 28)   vdiff=  4.5971E-03 ( 59, 25)
n=  4794   udiff=  3.9465E-03 ( 56, 28)   vdiff=  4.5941E-03 ( 59, 25)
n=  4795   udiff=  3.9421E-03 ( 56, 28)   vdiff=  4.5910E-03 ( 59, 25)
n=  4796   udiff=  3.9377E-03 ( 56, 28)   vdiff=  4.5880E-03 ( 59, 25)
n=  4797   udiff=  3.9333E-03 ( 56, 28)   vdiff=  4.5849E-03 ( 59, 25)
n=  4798   udiff=  3.9288E-03 ( 56, 28)   vdiff=  4.5819E-03 ( 59, 25)
n=  4799   udiff=  3.9244E-03 ( 56, 28)   vdiff=  4.5788E-03 ( 59, 25)
n=  4800   udiff=  3.9200E-03 ( 56, 28)   vdiff=  4.5758E-03 ( 59, 25)
n=  4801   udiff=  3.9156E-03 ( 56, 28)   vdiff=  4.5727E-03 ( 59, 25)
n=  4802   udiff=  3.9112E-03 ( 56, 28)   vdiff=  4.5696E-03 ( 59, 25)
n=  4803   udiff=  3.9068E-03 ( 56, 28)   vdiff=  4.5665E-03 ( 59, 25)
n=  4804   udiff=  3.9024E-03 ( 56, 28)   vdiff=  4.5635E-03 ( 59, 25)
n=  4805   udiff=  3.8980E-03 ( 56, 28)   vdiff=  4.5604E-03 ( 59, 25)
n=  4806   udiff=  3.8935E-03 ( 56, 28)   vdiff=  4.5573E-03 ( 59, 25)
n=  4807   udiff=  3.8891E-03 ( 56, 28)   vdiff=  4.5542E-03 ( 59, 25)
n=  4808   udiff=  3.8847E-03 ( 56, 28)   vdiff=  4.5511E-03 ( 59, 25)
n=  4809   udiff=  3.8803E-03 ( 56, 28)   vdiff=  4.5480E-03 ( 59, 25)
n=  4810   udiff=  3.8759E-03 ( 56, 28)   vdiff=  4.5449E-03 ( 59, 25)
n=  4811   udiff=  3.8715E-03 ( 56, 28)   vdiff=  4.5418E-03 ( 59, 25)
n=  4812   udiff=  3.8671E-03 ( 56, 28)   vdiff=  4.5387E-03 ( 59, 25)
n=  4813   udiff=  3.8627E-03 ( 56, 28)   vdiff=  4.5356E-03 ( 59, 25)
n=  4814   udiff=  3.8582E-03 ( 56, 28)   vdiff=  4.5324E-03 ( 59, 25)
n=  4815   udiff=  3.8538E-03 ( 56, 28)   vdiff=  4.5293E-03 ( 59, 25)
n=  4816   udiff=  3.8494E-03 ( 56, 28)   vdiff=  4.5262E-03 ( 59, 25)
n=  4817   udiff=  3.8450E-03 ( 56, 28)   vdiff=  4.5231E-03 ( 59, 25)
n=  4818   udiff=  3.8406E-03 ( 56, 28)   vdiff=  4.5200E-03 ( 59, 25)
n=  4819   udiff=  3.8362E-03 ( 56, 28)   vdiff=  4.5168E-03 ( 59, 25)
n=  4820   udiff=  3.8318E-03 ( 56, 28)   vdiff=  4.5137E-03 ( 59, 25)
n=  4821   udiff=  3.8273E-03 ( 56, 28)   vdiff=  4.5106E-03 ( 59, 25)
n=  4822   udiff=  3.8229E-03 ( 56, 28)   vdiff=  4.5074E-03 ( 59, 25)
n=  4823   udiff=  3.8185E-03 ( 56, 28)   vdiff=  4.5043E-03 ( 59, 25)
n=  4824   udiff=  3.8141E-03 ( 56, 28)   vdiff=  4.5011E-03 ( 59, 25)
n=  4825   udiff=  3.8097E-03 ( 56, 28)   vdiff=  4.4980E-03 ( 59, 25)
n=  4826   udiff=  3.8053E-03 ( 56, 28)   vdiff=  4.4948E-03 ( 59, 25)
n=  4827   udiff=  3.8009E-03 ( 56, 28)   vdiff=  4.4917E-03 ( 59, 25)
n=  4828   udiff=  3.7965E-03 ( 56, 28)   vdiff=  4.4885E-03 ( 59, 25)
n=  4829   udiff=  3.7920E-03 ( 56, 28)   vdiff=  4.4854E-03 ( 59, 25)
n=  4830   udiff=  3.7876E-03 ( 56, 28)   vdiff=  4.4822E-03 ( 59, 25)
n=  4831   udiff=  3.7832E-03 ( 56, 28)   vdiff=  4.4790E-03 ( 59, 25)
n=  4832   udiff=  3.7788E-03 ( 56, 28)   vdiff=  4.4758E-03 ( 59, 25)
n=  4833   udiff=  3.7744E-03 ( 56, 28)   vdiff=  4.4726E-03 ( 59, 25)
n=  4834   udiff=  3.7700E-03 ( 56, 28)   vdiff=  4.4695E-03 ( 59, 25)
n=  4835   udiff=  3.7656E-03 ( 56, 28)   vdiff=  4.4663E-03 ( 59, 25)
n=  4836   udiff=  3.7612E-03 ( 56, 28)   vdiff=  4.4631E-03 ( 59, 25)
n=  4837   udiff=  3.7567E-03 ( 56, 28)   vdiff=  4.4599E-03 ( 59, 25)
n=  4838   udiff=  3.7523E-03 ( 56, 28)   vdiff=  4.4567E-03 ( 59, 25)
n=  4839   udiff=  3.7479E-03 ( 56, 28)   vdiff=  4.4535E-03 ( 59, 25)
n=  4840   udiff=  3.7435E-03 ( 56, 28)   vdiff=  4.4503E-03 ( 59, 25)
n=  4841   udiff=  3.7391E-03 ( 56, 28)   vdiff=  4.4470E-03 ( 59, 25)
n=  4842   udiff=  3.7347E-03 ( 56, 28)   vdiff=  4.4438E-03 ( 59, 25)
n=  4843   udiff=  3.7303E-03 ( 56, 28)   vdiff=  4.4406E-03 ( 59, 25)
n=  4844   udiff=  3.7259E-03 ( 56, 28)   vdiff=  4.4374E-03 ( 59, 25)
n=  4845   udiff=  3.7215E-03 ( 56, 28)   vdiff=  4.4341E-03 ( 59, 25)
n=  4846   udiff=  3.7171E-03 ( 56, 28)   vdiff=  4.4309E-03 ( 59, 25)
n=  4847   udiff=  3.7127E-03 ( 56, 28)   vdiff=  4.4277E-03 ( 59, 25)
n=  4848   udiff=  3.7083E-03 ( 56, 28)   vdiff=  4.4244E-03 ( 59, 25)
n=  4849   udiff=  3.7039E-03 ( 56, 28)   vdiff=  4.4212E-03 ( 59, 25)
n=  4850   udiff=  3.6994E-03 ( 56, 28)   vdiff=  4.4180E-03 ( 59, 25)
n=  4851   udiff=  3.6950E-03 ( 56, 28)   vdiff=  4.4147E-03 ( 59, 25)
n=  4852   udiff=  3.6906E-03 ( 56, 28)   vdiff=  4.4114E-03 ( 59, 25)
n=  4853   udiff=  3.6862E-03 ( 56, 28)   vdiff=  4.4082E-03 ( 59, 25)
n=  4854   udiff=  3.6818E-03 ( 56, 28)   vdiff=  4.4049E-03 ( 59, 25)
n=  4855   udiff=  3.6774E-03 ( 56, 28)   vdiff=  4.4017E-03 ( 59, 25)
n=  4856   udiff=  3.6730E-03 ( 56, 28)   vdiff=  4.3984E-03 ( 59, 25)
n=  4857   udiff=  3.6686E-03 ( 56, 28)   vdiff=  4.3951E-03 ( 59, 25)
n=  4858   udiff=  3.6642E-03 ( 56, 28)   vdiff=  4.3918E-03 ( 59, 25)
n=  4859   udiff=  3.6598E-03 ( 56, 28)   vdiff=  4.3886E-03 ( 59, 25)
n=  4860   udiff=  3.6554E-03 ( 56, 28)   vdiff=  4.3853E-03 ( 59, 25)
n=  4861   udiff=  3.6510E-03 ( 56, 28)   vdiff=  4.3820E-03 ( 59, 25)
n=  4862   udiff=  3.6466E-03 ( 56, 28)   vdiff=  4.3787E-03 ( 59, 25)
n=  4863   udiff=  3.6422E-03 ( 56, 28)   vdiff=  4.3754E-03 ( 59, 25)
n=  4864   udiff=  3.6378E-03 ( 56, 28)   vdiff=  4.3721E-03 ( 59, 25)
n=  4865   udiff=  3.6334E-03 ( 56, 28)   vdiff=  4.3688E-03 ( 59, 25)
n=  4866   udiff=  3.6290E-03 ( 56, 28)   vdiff=  4.3655E-03 ( 59, 25)
n=  4867   udiff=  3.6246E-03 ( 56, 28)   vdiff=  4.3622E-03 ( 59, 25)
n=  4868   udiff=  3.6202E-03 ( 56, 28)   vdiff=  4.3589E-03 ( 59, 25)
n=  4869   udiff=  3.6158E-03 ( 56, 28)   vdiff=  4.3556E-03 ( 59, 25)
n=  4870   udiff=  3.6114E-03 ( 56, 28)   vdiff=  4.3522E-03 ( 59, 25)
n=  4871   udiff=  3.6070E-03 ( 56, 28)   vdiff=  4.3489E-03 ( 59, 25)
n=  4872   udiff=  3.6026E-03 ( 56, 28)   vdiff=  4.3456E-03 ( 59, 25)
n=  4873   udiff=  3.5982E-03 ( 56, 28)   vdiff=  4.3423E-03 ( 59, 25)
n=  4874   udiff=  3.5939E-03 ( 56, 28)   vdiff=  4.3389E-03 ( 59, 25)
n=  4875   udiff=  3.5895E-03 ( 56, 28)   vdiff=  4.3356E-03 ( 59, 25)
n=  4876   udiff=  3.5851E-03 ( 56, 28)   vdiff=  4.3322E-03 ( 59, 25)
n=  4877   udiff=  3.5807E-03 ( 56, 28)   vdiff=  4.3289E-03 ( 59, 25)
n=  4878   udiff=  3.5763E-03 ( 56, 28)   vdiff=  4.3256E-03 ( 59, 25)
n=  4879   udiff=  3.5719E-03 ( 56, 28)   vdiff=  4.3222E-03 ( 59, 25)
n=  4880   udiff=  3.5675E-03 ( 56, 28)   vdiff=  4.3189E-03 ( 59, 25)
n=  4881   udiff=  3.5631E-03 ( 56, 28)   vdiff=  4.3155E-03 ( 59, 25)
n=  4882   udiff=  3.5587E-03 ( 56, 28)   vdiff=  4.3121E-03 ( 59, 25)
n=  4883   udiff=  3.5543E-03 ( 56, 28)   vdiff=  4.3088E-03 ( 59, 25)
n=  4884   udiff=  3.5500E-03 ( 56, 28)   vdiff=  4.3054E-03 ( 59, 25)
n=  4885   udiff=  3.5456E-03 ( 56, 28)   vdiff=  4.3020E-03 ( 59, 25)
n=  4886   udiff=  3.5412E-03 ( 56, 28)   vdiff=  4.2987E-03 ( 59, 25)
n=  4887   udiff=  3.5368E-03 ( 56, 28)   vdiff=  4.2953E-03 ( 59, 25)
n=  4888   udiff=  3.5324E-03 ( 56, 28)   vdiff=  4.2919E-03 ( 59, 25)
n=  4889   udiff=  3.5280E-03 ( 56, 28)   vdiff=  4.2885E-03 ( 59, 25)
n=  4890   udiff=  3.5237E-03 ( 56, 28)   vdiff=  4.2851E-03 ( 59, 25)
n=  4891   udiff=  3.5193E-03 ( 56, 28)   vdiff=  4.2818E-03 ( 59, 25)
n=  4892   udiff=  3.5149E-03 ( 56, 28)   vdiff=  4.2784E-03 ( 59, 25)
n=  4893   udiff=  3.5105E-03 ( 56, 28)   vdiff=  4.2750E-03 ( 59, 25)
n=  4894   udiff=  3.5061E-03 ( 56, 28)   vdiff=  4.2716E-03 ( 59, 25)
n=  4895   udiff=  3.5018E-03 ( 56, 28)   vdiff=  4.2682E-03 ( 59, 25)
n=  4896   udiff=  3.4974E-03 ( 56, 28)   vdiff=  4.2648E-03 ( 59, 25)
n=  4897   udiff=  3.4930E-03 ( 56, 28)   vdiff=  4.2614E-03 ( 59, 25)
n=  4898   udiff=  3.4886E-03 ( 56, 28)   vdiff=  4.2580E-03 ( 59, 25)
n=  4899   udiff=  3.4843E-03 ( 56, 28)   vdiff=  4.2545E-03 ( 59, 25)
n=  4900   udiff=  3.4799E-03 ( 56, 28)   vdiff=  4.2511E-03 ( 59, 25)
n=  4901   udiff=  3.4755E-03 ( 56, 28)   vdiff=  4.2477E-03 ( 59, 25)
n=  4902   udiff=  3.4711E-03 ( 56, 28)   vdiff=  4.2443E-03 ( 59, 25)
n=  4903   udiff=  3.4668E-03 ( 56, 28)   vdiff=  4.2409E-03 ( 59, 25)
n=  4904   udiff=  3.4624E-03 ( 56, 28)   vdiff=  4.2374E-03 ( 59, 25)
n=  4905   udiff=  3.4580E-03 ( 56, 28)   vdiff=  4.2340E-03 ( 59, 25)
n=  4906   udiff=  3.4537E-03 ( 56, 28)   vdiff=  4.2306E-03 ( 59, 25)
n=  4907   udiff=  3.4493E-03 ( 56, 28)   vdiff=  4.2271E-03 ( 59, 25)
n=  4908   udiff=  3.4449E-03 ( 56, 28)   vdiff=  4.2237E-03 ( 59, 25)
n=  4909   udiff=  3.4406E-03 ( 56, 28)   vdiff=  4.2202E-03 ( 59, 25)
n=  4910   udiff=  3.4362E-03 ( 56, 28)   vdiff=  4.2168E-03 ( 59, 25)
n=  4911   udiff=  3.4318E-03 ( 56, 28)   vdiff=  4.2133E-03 ( 59, 25)
n=  4912   udiff=  3.4275E-03 ( 56, 28)   vdiff=  4.2099E-03 ( 59, 25)
n=  4913   udiff=  3.4231E-03 ( 56, 28)   vdiff=  4.2064E-03 ( 59, 25)
n=  4914   udiff=  3.4188E-03 ( 56, 28)   vdiff=  4.2030E-03 ( 59, 25)
n=  4915   udiff=  3.4144E-03 ( 56, 28)   vdiff=  4.1995E-03 ( 59, 25)
n=  4916   udiff=  3.4100E-03 ( 56, 28)   vdiff=  4.1960E-03 ( 59, 25)
n=  4917   udiff=  3.4057E-03 ( 56, 28)   vdiff=  4.1926E-03 ( 59, 25)
n=  4918   udiff=  3.4013E-03 ( 56, 28)   vdiff=  4.1891E-03 ( 59, 25)
n=  4919   udiff=  3.3970E-03 ( 56, 28)   vdiff=  4.1856E-03 ( 59, 25)
n=  4920   udiff=  3.3926E-03 ( 56, 28)   vdiff=  4.1821E-03 ( 59, 25)
n=  4921   udiff=  3.3883E-03 ( 56, 28)   vdiff=  4.1787E-03 ( 59, 25)
n=  4922   udiff=  3.3839E-03 ( 56, 28)   vdiff=  4.1752E-03 ( 59, 25)
n=  4923   udiff=  3.3796E-03 ( 56, 28)   vdiff=  4.1717E-03 ( 59, 25)
n=  4924   udiff=  3.3752E-03 ( 56, 28)   vdiff=  4.1682E-03 ( 59, 25)
n=  4925   udiff=  3.3709E-03 ( 56, 28)   vdiff=  4.1647E-03 ( 59, 25)
n=  4926   udiff=  3.3665E-03 ( 56, 28)   vdiff=  4.1612E-03 ( 59, 25)
n=  4927   udiff=  3.3622E-03 ( 56, 28)   vdiff=  4.1577E-03 ( 59, 25)
n=  4928   udiff=  3.3578E-03 ( 56, 28)   vdiff=  4.1542E-03 ( 59, 25)
n=  4929   udiff=  3.3535E-03 ( 56, 28)   vdiff=  4.1507E-03 ( 59, 25)
n=  4930   udiff=  3.3491E-03 ( 56, 28)   vdiff=  4.1472E-03 ( 59, 25)
n=  4931   udiff=  3.3448E-03 ( 56, 28)   vdiff=  4.1437E-03 ( 59, 25)
n=  4932   udiff=  3.3405E-03 ( 56, 28)   vdiff=  4.1402E-03 ( 59, 25)
n=  4933   udiff=  3.3361E-03 ( 56, 28)   vdiff=  4.1367E-03 ( 59, 25)
n=  4934   udiff=  3.3318E-03 ( 56, 28)   vdiff=  4.1332E-03 ( 59, 25)
n=  4935   udiff=  3.3274E-03 ( 56, 28)   vdiff=  4.1297E-03 ( 59, 25)
n=  4936   udiff=  3.3231E-03 ( 56, 28)   vdiff=  4.1262E-03 ( 59, 25)
n=  4937   udiff=  3.3188E-03 ( 56, 28)   vdiff=  4.1226E-03 ( 59, 25)
n=  4938   udiff=  3.3144E-03 ( 56, 28)   vdiff=  4.1191E-03 ( 59, 25)
n=  4939   udiff=  3.3101E-03 ( 56, 28)   vdiff=  4.1156E-03 ( 59, 25)
n=  4940   udiff=  3.3058E-03 ( 56, 28)   vdiff=  4.1118E-03 ( 59, 25)
n=  4941   udiff=  3.3014E-03 ( 56, 28)   vdiff=  4.1080E-03 ( 59, 25)
n=  4942   udiff=  3.2971E-03 ( 56, 28)   vdiff=  4.1041E-03 ( 59, 25)
n=  4943   udiff=  3.2928E-03 ( 56, 28)   vdiff=  4.1002E-03 ( 59, 25)
n=  4944   udiff=  3.2885E-03 ( 56, 28)   vdiff=  4.0964E-03 ( 59, 25)
n=  4945   udiff=  3.2841E-03 ( 56, 28)   vdiff=  4.0925E-03 ( 59, 25)
n=  4946   udiff=  3.2798E-03 ( 56, 28)   vdiff=  4.0886E-03 ( 59, 25)
n=  4947   udiff=  3.2755E-03 ( 56, 28)   vdiff=  4.0848E-03 ( 59, 25)
n=  4948   udiff=  3.2712E-03 ( 56, 28)   vdiff=  4.0809E-03 ( 59, 25)
n=  4949   udiff=  3.2668E-03 ( 56, 28)   vdiff=  4.0771E-03 ( 59, 25)
n=  4950   udiff=  3.2625E-03 ( 56, 28)   vdiff=  4.0732E-03 ( 59, 25)
n=  4951   udiff=  3.2582E-03 ( 56, 28)   vdiff=  4.0693E-03 ( 59, 25)
n=  4952   udiff=  3.2539E-03 ( 56, 28)   vdiff=  4.0655E-03 ( 59, 25)
n=  4953   udiff=  3.2496E-03 ( 56, 28)   vdiff=  4.0616E-03 ( 59, 25)
n=  4954   udiff=  3.2453E-03 ( 56, 28)   vdiff=  4.0578E-03 ( 59, 25)
n=  4955   udiff=  3.2410E-03 ( 56, 28)   vdiff=  4.0539E-03 ( 59, 25)
n=  4956   udiff=  3.2366E-03 ( 56, 28)   vdiff=  4.0501E-03 ( 59, 25)
n=  4957   udiff=  3.2323E-03 ( 56, 28)   vdiff=  4.0462E-03 ( 59, 25)
n=  4958   udiff=  3.2280E-03 ( 56, 28)   vdiff=  4.0424E-03 ( 59, 25)
n=  4959   udiff=  3.2237E-03 ( 56, 28)   vdiff=  4.0385E-03 ( 59, 25)
n=  4960   udiff=  3.2194E-03 ( 56, 28)   vdiff=  4.0347E-03 ( 59, 25)
n=  4961   udiff=  3.2151E-03 ( 56, 28)   vdiff=  4.0309E-03 ( 59, 25)
n=  4962   udiff=  3.2108E-03 ( 56, 28)   vdiff=  4.0270E-03 ( 59, 25)
n=  4963   udiff=  3.2065E-03 ( 56, 28)   vdiff=  4.0232E-03 ( 59, 25)
n=  4964   udiff=  3.2022E-03 ( 56, 28)   vdiff=  4.0193E-03 ( 59, 25)
n=  4965   udiff=  3.1979E-03 ( 56, 28)   vdiff=  4.0155E-03 ( 59, 25)
n=  4966   udiff=  3.1936E-03 ( 56, 28)   vdiff=  4.0117E-03 ( 59, 25)
n=  4967   udiff=  3.1893E-03 ( 56, 28)   vdiff=  4.0078E-03 ( 59, 25)
n=  4968   udiff=  3.1850E-03 ( 56, 28)   vdiff=  4.0040E-03 ( 59, 25)
n=  4969   udiff=  3.1807E-03 ( 56, 28)   vdiff=  4.0002E-03 ( 59, 25)
n=  4970   udiff=  3.1764E-03 ( 56, 28)   vdiff=  3.9963E-03 ( 59, 25)
n=  4971   udiff=  3.1721E-03 ( 56, 28)   vdiff=  3.9925E-03 ( 59, 25)
n=  4972   udiff=  3.1678E-03 ( 56, 28)   vdiff=  3.9887E-03 ( 59, 25)
n=  4973   udiff=  3.1636E-03 ( 56, 28)   vdiff=  3.9848E-03 ( 59, 25)
n=  4974   udiff=  3.1593E-03 ( 56, 28)   vdiff=  3.9810E-03 ( 59, 25)
n=  4975   udiff=  3.1550E-03 ( 56, 28)   vdiff=  3.9772E-03 ( 59, 25)
n=  4976   udiff=  3.1507E-03 ( 56, 28)   vdiff=  3.9733E-03 ( 59, 25)
n=  4977   udiff=  3.1464E-03 ( 56, 28)   vdiff=  3.9695E-03 ( 59, 25)
n=  4978   udiff=  3.1421E-03 ( 56, 28)   vdiff=  3.9657E-03 ( 59, 25)
n=  4979   udiff=  3.1379E-03 ( 56, 28)   vdiff=  3.9619E-03 ( 59, 25)
n=  4980   udiff=  3.1336E-03 ( 56, 28)   vdiff=  3.9580E-03 ( 59, 25)
n=  4981   udiff=  3.1293E-03 ( 56, 28)   vdiff=  3.9542E-03 ( 59, 25)
n=  4982   udiff=  3.1250E-03 ( 56, 28)   vdiff=  3.9504E-03 ( 59, 25)
n=  4983   udiff=  3.1208E-03 ( 56, 28)   vdiff=  3.9466E-03 ( 59, 25)
n=  4984   udiff=  3.1165E-03 ( 56, 28)   vdiff=  3.9428E-03 ( 59, 25)
n=  4985   udiff=  3.1122E-03 ( 56, 28)   vdiff=  3.9389E-03 ( 59, 25)
n=  4986   udiff=  3.1080E-03 ( 56, 28)   vdiff=  3.9351E-03 ( 59, 25)
n=  4987   udiff=  3.1037E-03 ( 56, 28)   vdiff=  3.9313E-03 ( 59, 25)
n=  4988   udiff=  3.0994E-03 ( 56, 28)   vdiff=  3.9275E-03 ( 59, 25)
n=  4989   udiff=  3.0952E-03 ( 56, 28)   vdiff=  3.9236E-03 ( 59, 25)
n=  4990   udiff=  3.0909E-03 ( 56, 28)   vdiff=  3.9198E-03 ( 59, 25)
n=  4991   udiff=  3.0866E-03 ( 56, 28)   vdiff=  3.9160E-03 ( 59, 25)
n=  4992   udiff=  3.0824E-03 ( 56, 28)   vdiff=  3.9122E-03 ( 59, 25)
n=  4993   udiff=  3.0781E-03 ( 56, 28)   vdiff=  3.9084E-03 ( 59, 25)
n=  4994   udiff=  3.0739E-03 ( 56, 28)   vdiff=  3.9046E-03 ( 59, 25)
n=  4995   udiff=  3.0696E-03 ( 56, 28)   vdiff=  3.9007E-03 ( 59, 25)
n=  4996   udiff=  3.0654E-03 ( 56, 28)   vdiff=  3.8969E-03 ( 59, 25)
n=  4997   udiff=  3.0611E-03 ( 56, 28)   vdiff=  3.8931E-03 ( 59, 25)
n=  4998   udiff=  3.0569E-03 ( 56, 28)   vdiff=  3.8893E-03 ( 59, 25)
n=  4999   udiff=  3.0526E-03 ( 56, 28)   vdiff=  3.8855E-03 ( 59, 25)
n=  5000   udiff=  3.0484E-03 ( 56, 28)   vdiff=  3.8817E-03 ( 59, 25)
n=  5001   udiff=  3.0441E-03 ( 56, 28)   vdiff=  3.8778E-03 ( 59, 25)
n=  5002   udiff=  3.0399E-03 ( 56, 28)   vdiff=  3.8740E-03 ( 59, 25)
n=  5003   udiff=  3.0357E-03 ( 56, 28)   vdiff=  3.8702E-03 ( 59, 25)
n=  5004   udiff=  3.0314E-03 ( 56, 28)   vdiff=  3.8664E-03 ( 59, 25)
n=  5005   udiff=  3.0272E-03 ( 56, 28)   vdiff=  3.8626E-03 ( 59, 25)
n=  5006   udiff=  3.0229E-03 ( 56, 28)   vdiff=  3.8588E-03 ( 59, 25)
n=  5007   udiff=  3.0187E-03 ( 56, 28)   vdiff=  3.8550E-03 ( 59, 25)
n=  5008   udiff=  3.0145E-03 ( 56, 28)   vdiff=  3.8512E-03 ( 59, 25)
n=  5009   udiff=  3.0102E-03 ( 56, 28)   vdiff=  3.8473E-03 ( 59, 25)
n=  5010   udiff=  3.0060E-03 ( 56, 28)   vdiff=  3.8435E-03 ( 59, 25)
n=  5011   udiff=  3.0018E-03 ( 56, 28)   vdiff=  3.8397E-03 ( 59, 25)
n=  5012   udiff=  2.9976E-03 ( 56, 28)   vdiff=  3.8359E-03 ( 59, 25)
n=  5013   udiff=  2.9933E-03 ( 56, 28)   vdiff=  3.8321E-03 ( 59, 25)
n=  5014   udiff=  2.9891E-03 ( 56, 28)   vdiff=  3.8283E-03 ( 59, 25)
n=  5015   udiff=  2.9849E-03 ( 56, 28)   vdiff=  3.8245E-03 ( 59, 25)
n=  5016   udiff=  2.9806E-03 ( 56, 28)   vdiff=  3.8207E-03 ( 59, 25)
n=  5017   udiff=  2.9763E-03 ( 56, 28)   vdiff=  3.8168E-03 ( 59, 25)
n=  5018   udiff=  2.9720E-03 ( 56, 28)   vdiff=  3.8130E-03 ( 59, 25)
n=  5019   udiff=  2.9676E-03 ( 56, 28)   vdiff=  3.8092E-03 ( 59, 25)
n=  5020   udiff=  2.9633E-03 ( 56, 28)   vdiff=  3.8054E-03 ( 59, 25)
n=  5021   udiff=  2.9590E-03 ( 56, 28)   vdiff=  3.8016E-03 ( 59, 25)
n=  5022   udiff=  2.9547E-03 ( 56, 28)   vdiff=  3.7978E-03 ( 59, 25)
n=  5023   udiff=  2.9504E-03 ( 56, 28)   vdiff=  3.7940E-03 ( 59, 25)
n=  5024   udiff=  2.9461E-03 ( 56, 28)   vdiff=  3.7902E-03 ( 59, 25)
n=  5025   udiff=  2.9419E-03 ( 56, 28)   vdiff=  3.7864E-03 ( 59, 25)
n=  5026   udiff=  2.9376E-03 ( 56, 28)   vdiff=  3.7826E-03 ( 59, 25)
n=  5027   udiff=  2.9333E-03 ( 56, 28)   vdiff=  3.7788E-03 ( 59, 25)
n=  5028   udiff=  2.9290E-03 ( 56, 28)   vdiff=  3.7750E-03 ( 59, 25)
n=  5029   udiff=  2.9247E-03 ( 56, 28)   vdiff=  3.7712E-03 ( 59, 25)
n=  5030   udiff=  2.9204E-03 ( 56, 28)   vdiff=  3.7674E-03 ( 59, 25)
n=  5031   udiff=  2.9162E-03 ( 56, 28)   vdiff=  3.7635E-03 ( 59, 25)
n=  5032   udiff=  2.9119E-03 ( 56, 28)   vdiff=  3.7597E-03 ( 59, 25)
n=  5033   udiff=  2.9076E-03 ( 56, 28)   vdiff=  3.7559E-03 ( 59, 25)
n=  5034   udiff=  2.9034E-03 ( 56, 28)   vdiff=  3.7521E-03 ( 59, 25)
n=  5035   udiff=  2.8991E-03 ( 56, 28)   vdiff=  3.7483E-03 ( 59, 25)
n=  5036   udiff=  2.8949E-03 ( 56, 28)   vdiff=  3.7445E-03 ( 59, 25)
n=  5037   udiff=  2.8906E-03 ( 56, 28)   vdiff=  3.7407E-03 ( 59, 25)
n=  5038   udiff=  2.8864E-03 ( 56, 28)   vdiff=  3.7369E-03 ( 59, 25)
n=  5039   udiff=  2.8821E-03 ( 56, 28)   vdiff=  3.7331E-03 ( 59, 25)
n=  5040   udiff=  2.8779E-03 ( 56, 28)   vdiff=  3.7293E-03 ( 59, 25)
n=  5041   udiff=  2.8736E-03 ( 56, 28)   vdiff=  3.7255E-03 ( 59, 25)
n=  5042   udiff=  2.8694E-03 ( 56, 28)   vdiff=  3.7217E-03 ( 59, 25)
n=  5043   udiff=  2.8652E-03 ( 56, 28)   vdiff=  3.7179E-03 ( 59, 25)
n=  5044   udiff=  2.8609E-03 ( 56, 28)   vdiff=  3.7140E-03 ( 59, 25)
n=  5045   udiff=  2.8567E-03 ( 56, 28)   vdiff=  3.7102E-03 ( 59, 25)
n=  5046   udiff=  2.8525E-03 ( 56, 28)   vdiff=  3.7064E-03 ( 59, 25)
n=  5047   udiff=  2.8482E-03 ( 56, 28)   vdiff=  3.7026E-03 ( 59, 25)
n=  5048   udiff=  2.8440E-03 ( 56, 28)   vdiff=  3.6988E-03 ( 59, 25)
n=  5049   udiff=  2.8398E-03 ( 56, 28)   vdiff=  3.6950E-03 ( 59, 25)
n=  5050   udiff=  2.8356E-03 ( 56, 28)   vdiff=  3.6912E-03 ( 59, 25)
n=  5051   udiff=  2.8314E-03 ( 56, 28)   vdiff=  3.6874E-03 ( 59, 25)
n=  5052   udiff=  2.8272E-03 ( 56, 28)   vdiff=  3.6836E-03 ( 59, 25)
n=  5053   udiff=  2.8230E-03 ( 56, 28)   vdiff=  3.6798E-03 ( 59, 25)
n=  5054   udiff=  2.8188E-03 ( 56, 28)   vdiff=  3.6760E-03 ( 59, 25)
n=  5055   udiff=  2.8146E-03 ( 56, 28)   vdiff=  3.6721E-03 ( 59, 25)
n=  5056   udiff=  2.8104E-03 ( 56, 28)   vdiff=  3.6683E-03 ( 59, 25)
n=  5057   udiff=  2.8062E-03 ( 56, 28)   vdiff=  3.6645E-03 ( 59, 25)
n=  5058   udiff=  2.8020E-03 ( 56, 28)   vdiff=  3.6607E-03 ( 59, 25)
n=  5059   udiff=  2.7978E-03 ( 56, 28)   vdiff=  3.6569E-03 ( 59, 25)
n=  5060   udiff=  2.7936E-03 ( 56, 28)   vdiff=  3.6531E-03 ( 59, 25)
n=  5061   udiff=  2.7894E-03 ( 56, 28)   vdiff=  3.6493E-03 ( 59, 25)
n=  5062   udiff=  2.7853E-03 ( 56, 28)   vdiff=  3.6455E-03 ( 59, 25)
n=  5063   udiff=  2.7811E-03 ( 56, 28)   vdiff=  3.6417E-03 ( 59, 25)
n=  5064   udiff=  2.7769E-03 ( 56, 28)   vdiff=  3.6379E-03 ( 59, 25)
n=  5065   udiff=  2.7727E-03 ( 56, 28)   vdiff=  3.6341E-03 ( 59, 25)
n=  5066   udiff=  2.7686E-03 ( 56, 28)   vdiff=  3.6302E-03 ( 59, 25)
n=  5067   udiff=  2.7644E-03 ( 56, 28)   vdiff=  3.6264E-03 ( 59, 25)
n=  5068   udiff=  2.7602E-03 ( 56, 28)   vdiff=  3.6226E-03 ( 59, 25)
n=  5069   udiff=  2.7561E-03 ( 56, 28)   vdiff=  3.6188E-03 ( 59, 25)
n=  5070   udiff=  2.7519E-03 ( 56, 28)   vdiff=  3.6150E-03 ( 59, 25)
n=  5071   udiff=  2.7478E-03 ( 56, 28)   vdiff=  3.6112E-03 ( 59, 25)
n=  5072   udiff=  2.7436E-03 ( 56, 28)   vdiff=  3.6074E-03 ( 59, 25)
n=  5073   udiff=  2.7395E-03 ( 56, 28)   vdiff=  3.6036E-03 ( 59, 25)
n=  5074   udiff=  2.7353E-03 ( 56, 28)   vdiff=  3.5998E-03 ( 59, 25)
n=  5075   udiff=  2.7312E-03 ( 56, 28)   vdiff=  3.5960E-03 ( 59, 25)
n=  5076   udiff=  2.7270E-03 ( 56, 28)   vdiff=  3.5921E-03 ( 59, 25)
n=  5077   udiff=  2.7229E-03 ( 56, 28)   vdiff=  3.5883E-03 ( 59, 25)
n=  5078   udiff=  2.7188E-03 ( 56, 28)   vdiff=  3.5845E-03 ( 59, 25)
n=  5079   udiff=  2.7147E-03 ( 56, 28)   vdiff=  3.5807E-03 ( 59, 25)
n=  5080   udiff=  2.7105E-03 ( 56, 28)   vdiff=  3.5769E-03 ( 59, 25)
n=  5081   udiff=  2.7064E-03 ( 56, 28)   vdiff=  3.5731E-03 ( 59, 25)
n=  5082   udiff=  2.7023E-03 ( 56, 28)   vdiff=  3.5693E-03 ( 59, 25)
n=  5083   udiff=  2.6982E-03 ( 56, 28)   vdiff=  3.5655E-03 ( 59, 25)
n=  5084   udiff=  2.6940E-03 ( 56, 28)   vdiff=  3.5617E-03 ( 59, 25)
n=  5085   udiff=  2.6899E-03 ( 56, 28)   vdiff=  3.5578E-03 ( 59, 25)
n=  5086   udiff=  2.6858E-03 ( 56, 28)   vdiff=  3.5540E-03 ( 59, 25)
n=  5087   udiff=  2.6817E-03 ( 56, 28)   vdiff=  3.5502E-03 ( 59, 25)
n=  5088   udiff=  2.6776E-03 ( 56, 28)   vdiff=  3.5464E-03 ( 59, 25)
n=  5089   udiff=  2.6735E-03 ( 56, 28)   vdiff=  3.5426E-03 ( 59, 25)
n=  5090   udiff=  2.6694E-03 ( 56, 28)   vdiff=  3.5388E-03 ( 59, 25)
n=  5091   udiff=  2.6653E-03 ( 56, 28)   vdiff=  3.5350E-03 ( 59, 25)
n=  5092   udiff=  2.6612E-03 ( 56, 28)   vdiff=  3.5312E-03 ( 59, 25)
n=  5093   udiff=  2.6571E-03 ( 56, 28)   vdiff=  3.5273E-03 ( 59, 25)
n=  5094   udiff=  2.6530E-03 ( 56, 28)   vdiff=  3.5235E-03 ( 59, 25)
n=  5095   udiff=  2.6490E-03 ( 56, 28)   vdiff=  3.5197E-03 ( 59, 25)
n=  5096   udiff=  2.6449E-03 ( 56, 28)   vdiff=  3.5159E-03 ( 59, 25)
n=  5097   udiff=  2.6408E-03 ( 56, 28)   vdiff=  3.5121E-03 ( 59, 25)
n=  5098   udiff=  2.6367E-03 ( 56, 28)   vdiff=  3.5083E-03 ( 59, 25)
n=  5099   udiff=  2.6326E-03 ( 56, 28)   vdiff=  3.5045E-03 ( 59, 25)
n=  5100   udiff=  2.6286E-03 ( 56, 28)   vdiff=  3.5007E-03 ( 59, 25)
n=  5101   udiff=  2.6245E-03 ( 56, 28)   vdiff=  3.4968E-03 ( 59, 25)
n=  5102   udiff=  2.6204E-03 ( 56, 28)   vdiff=  3.4930E-03 ( 59, 25)
n=  5103   udiff=  2.6164E-03 ( 56, 28)   vdiff=  3.4892E-03 ( 59, 25)
n=  5104   udiff=  2.6123E-03 ( 56, 28)   vdiff=  3.4854E-03 ( 59, 25)
n=  5105   udiff=  2.6082E-03 ( 56, 28)   vdiff=  3.4816E-03 ( 59, 25)
n=  5106   udiff=  2.6042E-03 ( 56, 28)   vdiff=  3.4778E-03 ( 59, 25)
n=  5107   udiff=  2.6001E-03 ( 56, 28)   vdiff=  3.4740E-03 ( 59, 25)
n=  5108   udiff=  2.5961E-03 ( 56, 28)   vdiff=  3.4702E-03 ( 59, 25)
n=  5109   udiff=  2.5920E-03 ( 56, 28)   vdiff=  3.4663E-03 ( 59, 25)
n=  5110   udiff=  2.5880E-03 ( 56, 28)   vdiff=  3.4625E-03 ( 59, 25)
n=  5111   udiff=  2.5840E-03 ( 56, 28)   vdiff=  3.4587E-03 ( 59, 25)
n=  5112   udiff=  2.5799E-03 ( 56, 28)   vdiff=  3.4549E-03 ( 59, 25)
n=  5113   udiff=  2.5759E-03 ( 56, 28)   vdiff=  3.4511E-03 ( 59, 25)
n=  5114   udiff=  2.5719E-03 ( 56, 28)   vdiff=  3.4473E-03 ( 59, 25)
n=  5115   udiff=  2.5678E-03 ( 56, 28)   vdiff=  3.4435E-03 ( 59, 25)
n=  5116   udiff=  2.5638E-03 ( 56, 28)   vdiff=  3.4396E-03 ( 59, 25)
n=  5117   udiff=  2.5598E-03 ( 56, 28)   vdiff=  3.4358E-03 ( 59, 25)
n=  5118   udiff=  2.5557E-03 ( 56, 28)   vdiff=  3.4320E-03 ( 59, 25)
n=  5119   udiff=  2.5517E-03 ( 56, 28)   vdiff=  3.4282E-03 ( 59, 25)
n=  5120   udiff=  2.5477E-03 ( 56, 28)   vdiff=  3.4244E-03 ( 59, 25)
n=  5121   udiff=  2.5437E-03 ( 56, 28)   vdiff=  3.4206E-03 ( 59, 25)
n=  5122   udiff=  2.5397E-03 ( 56, 28)   vdiff=  3.4168E-03 ( 59, 25)
n=  5123   udiff=  2.5357E-03 ( 56, 28)   vdiff=  3.4130E-03 ( 59, 25)
n=  5124   udiff=  2.5317E-03 ( 56, 28)   vdiff=  3.4091E-03 ( 59, 25)
n=  5125   udiff=  2.5277E-03 ( 56, 28)   vdiff=  3.4053E-03 ( 59, 25)
n=  5126   udiff=  2.5237E-03 ( 56, 28)   vdiff=  3.4015E-03 ( 59, 25)
n=  5127   udiff=  2.5197E-03 ( 56, 28)   vdiff=  3.3977E-03 ( 59, 25)
n=  5128   udiff=  2.5157E-03 ( 56, 28)   vdiff=  3.3939E-03 ( 59, 25)
n=  5129   udiff=  2.5117E-03 ( 56, 28)   vdiff=  3.3901E-03 ( 59, 25)
n=  5130   udiff=  2.5077E-03 ( 56, 28)   vdiff=  3.3862E-03 ( 59, 25)
n=  5131   udiff=  2.5037E-03 ( 56, 28)   vdiff=  3.3824E-03 ( 59, 25)
n=  5132   udiff=  2.4997E-03 ( 56, 28)   vdiff=  3.3786E-03 ( 59, 25)
n=  5133   udiff=  2.4958E-03 ( 56, 28)   vdiff=  3.3748E-03 ( 59, 25)
n=  5134   udiff=  2.4918E-03 ( 56, 28)   vdiff=  3.3710E-03 ( 59, 25)
n=  5135   udiff=  2.4878E-03 ( 56, 28)   vdiff=  3.3672E-03 ( 59, 25)
n=  5136   udiff=  2.4838E-03 ( 56, 28)   vdiff=  3.3633E-03 ( 59, 25)
n=  5137   udiff=  2.4799E-03 ( 56, 28)   vdiff=  3.3592E-03 ( 59, 25)
n=  5138   udiff=  2.4759E-03 ( 56, 28)   vdiff=  3.3552E-03 ( 59, 25)
n=  5139   udiff=  2.4720E-03 ( 56, 28)   vdiff=  3.3512E-03 ( 59, 25)
n=  5140   udiff=  2.4680E-03 ( 56, 28)   vdiff=  3.3472E-03 ( 59, 25)
n=  5141   udiff=  2.4640E-03 ( 56, 28)   vdiff=  3.3432E-03 ( 59, 25)
n=  5142   udiff=  2.4601E-03 ( 56, 28)   vdiff=  3.3392E-03 ( 59, 25)
n=  5143   udiff=  2.4561E-03 ( 56, 28)   vdiff=  3.3352E-03 ( 59, 25)
n=  5144   udiff=  2.4522E-03 ( 56, 28)   vdiff=  3.3312E-03 ( 59, 25)
n=  5145   udiff=  2.4483E-03 ( 56, 28)   vdiff=  3.3272E-03 ( 59, 25)
n=  5146   udiff=  2.4443E-03 ( 56, 28)   vdiff=  3.3232E-03 ( 59, 25)
n=  5147   udiff=  2.4404E-03 ( 56, 28)   vdiff=  3.3192E-03 ( 59, 25)
n=  5148   udiff=  2.4364E-03 ( 56, 28)   vdiff=  3.3152E-03 ( 59, 25)
n=  5149   udiff=  2.4325E-03 ( 56, 28)   vdiff=  3.3112E-03 ( 59, 25)
n=  5150   udiff=  2.4286E-03 ( 56, 28)   vdiff=  3.3072E-03 ( 59, 25)
n=  5151   udiff=  2.4247E-03 ( 56, 28)   vdiff=  3.3033E-03 ( 59, 25)
n=  5152   udiff=  2.4207E-03 ( 56, 28)   vdiff=  3.2993E-03 ( 59, 25)
n=  5153   udiff=  2.4168E-03 ( 56, 28)   vdiff=  3.2953E-03 ( 59, 25)
n=  5154   udiff=  2.4129E-03 ( 56, 28)   vdiff=  3.2913E-03 ( 59, 25)
n=  5155   udiff=  2.4090E-03 ( 56, 28)   vdiff=  3.2874E-03 ( 59, 25)
n=  5156   udiff=  2.4051E-03 ( 56, 28)   vdiff=  3.2834E-03 ( 59, 25)
n=  5157   udiff=  2.4012E-03 ( 56, 28)   vdiff=  3.2795E-03 ( 59, 25)
n=  5158   udiff=  2.3973E-03 ( 56, 28)   vdiff=  3.2755E-03 ( 59, 25)
n=  5159   udiff=  2.3934E-03 ( 56, 28)   vdiff=  3.2716E-03 ( 59, 25)
n=  5160   udiff=  2.3895E-03 ( 56, 28)   vdiff=  3.2676E-03 ( 59, 25)
n=  5161   udiff=  2.3856E-03 ( 56, 28)   vdiff=  3.2637E-03 ( 59, 25)
n=  5162   udiff=  2.3817E-03 ( 56, 28)   vdiff=  3.2597E-03 ( 59, 25)
n=  5163   udiff=  2.3778E-03 ( 56, 28)   vdiff=  3.2558E-03 ( 59, 25)
n=  5164   udiff=  2.3739E-03 ( 56, 28)   vdiff=  3.2519E-03 ( 59, 25)
n=  5165   udiff=  2.3700E-03 ( 56, 28)   vdiff=  3.2479E-03 ( 59, 25)
n=  5166   udiff=  2.3661E-03 ( 56, 28)   vdiff=  3.2440E-03 ( 59, 25)
n=  5167   udiff=  2.3622E-03 ( 56, 28)   vdiff=  3.2401E-03 ( 59, 25)
n=  5168   udiff=  2.3584E-03 ( 56, 28)   vdiff=  3.2362E-03 ( 59, 25)
n=  5169   udiff=  2.3545E-03 ( 56, 28)   vdiff=  3.2322E-03 ( 59, 25)
n=  5170   udiff=  2.3506E-03 ( 56, 28)   vdiff=  3.2283E-03 ( 59, 25)
n=  5171   udiff=  2.3467E-03 ( 56, 28)   vdiff=  3.2244E-03 ( 59, 25)
n=  5172   udiff=  2.3429E-03 ( 56, 28)   vdiff=  3.2205E-03 ( 59, 25)
n=  5173   udiff=  2.3390E-03 ( 56, 28)   vdiff=  3.2166E-03 ( 59, 25)
n=  5174   udiff=  2.3352E-03 ( 56, 28)   vdiff=  3.2127E-03 ( 59, 25)
n=  5175   udiff=  2.3313E-03 ( 56, 28)   vdiff=  3.2088E-03 ( 59, 25)
n=  5176   udiff=  2.3274E-03 ( 56, 28)   vdiff=  3.2049E-03 ( 59, 25)
n=  5177   udiff=  2.3236E-03 ( 56, 28)   vdiff=  3.2010E-03 ( 59, 25)
n=  5178   udiff=  2.3197E-03 ( 56, 28)   vdiff=  3.1971E-03 ( 59, 25)
n=  5179   udiff=  2.3159E-03 ( 56, 28)   vdiff=  3.1932E-03 ( 59, 25)
n=  5180   udiff=  2.3121E-03 ( 56, 28)   vdiff=  3.1893E-03 ( 59, 25)
n=  5181   udiff=  2.3082E-03 ( 56, 28)   vdiff=  3.1854E-03 ( 59, 25)
n=  5182   udiff=  2.3044E-03 ( 56, 28)   vdiff=  3.1815E-03 ( 59, 25)
n=  5183   udiff=  2.3005E-03 ( 56, 28)   vdiff=  3.1776E-03 ( 59, 25)
n=  5184   udiff=  2.2967E-03 ( 56, 28)   vdiff=  3.1738E-03 ( 59, 25)
n=  5185   udiff=  2.2929E-03 ( 56, 28)   vdiff=  3.1699E-03 ( 59, 25)
n=  5186   udiff=  2.2890E-03 ( 56, 28)   vdiff=  3.1660E-03 ( 59, 25)
n=  5187   udiff=  2.2852E-03 ( 56, 28)   vdiff=  3.1621E-03 ( 59, 25)
n=  5188   udiff=  2.2814E-03 ( 56, 28)   vdiff=  3.1583E-03 ( 59, 25)
n=  5189   udiff=  2.2776E-03 ( 56, 28)   vdiff=  3.1544E-03 ( 59, 25)
n=  5190   udiff=  2.2738E-03 ( 56, 28)   vdiff=  3.1505E-03 ( 59, 25)
n=  5191   udiff=  2.2700E-03 ( 56, 28)   vdiff=  3.1466E-03 ( 59, 25)
n=  5192   udiff=  2.2661E-03 ( 56, 28)   vdiff=  3.1428E-03 ( 59, 25)
n=  5193   udiff=  2.2623E-03 ( 56, 28)   vdiff=  3.1389E-03 ( 59, 25)
n=  5194   udiff=  2.2585E-03 ( 56, 28)   vdiff=  3.1351E-03 ( 59, 25)
n=  5195   udiff=  2.2547E-03 ( 56, 28)   vdiff=  3.1312E-03 ( 59, 25)
n=  5196   udiff=  2.2509E-03 ( 56, 28)   vdiff=  3.1273E-03 ( 59, 25)
n=  5197   udiff=  2.2471E-03 ( 56, 28)   vdiff=  3.1235E-03 ( 59, 25)
n=  5198   udiff=  2.2433E-03 ( 56, 28)   vdiff=  3.1196E-03 ( 59, 25)
n=  5199   udiff=  2.2396E-03 ( 56, 28)   vdiff=  3.1158E-03 ( 59, 25)
n=  5200   udiff=  2.2358E-03 ( 56, 28)   vdiff=  3.1119E-03 ( 59, 25)
n=  5201   udiff=  2.2320E-03 ( 56, 28)   vdiff=  3.1081E-03 ( 59, 25)
n=  5202   udiff=  2.2282E-03 ( 56, 28)   vdiff=  3.1042E-03 ( 59, 25)
n=  5203   udiff=  2.2244E-03 ( 56, 28)   vdiff=  3.1004E-03 ( 59, 25)
n=  5204   udiff=  2.2206E-03 ( 56, 28)   vdiff=  3.0966E-03 ( 59, 25)
n=  5205   udiff=  2.2169E-03 ( 56, 28)   vdiff=  3.0927E-03 ( 59, 25)
n=  5206   udiff=  2.2131E-03 ( 56, 28)   vdiff=  3.0889E-03 ( 59, 25)
n=  5207   udiff=  2.2093E-03 ( 56, 28)   vdiff=  3.0851E-03 ( 59, 25)
n=  5208   udiff=  2.2056E-03 ( 56, 28)   vdiff=  3.0812E-03 ( 59, 25)
n=  5209   udiff=  2.2018E-03 ( 56, 28)   vdiff=  3.0774E-03 ( 59, 25)
n=  5210   udiff=  2.1981E-03 ( 56, 28)   vdiff=  3.0736E-03 ( 59, 25)
n=  5211   udiff=  2.1943E-03 ( 56, 28)   vdiff=  3.0697E-03 ( 59, 25)
n=  5212   udiff=  2.1906E-03 ( 56, 28)   vdiff=  3.0659E-03 ( 59, 25)
n=  5213   udiff=  2.1868E-03 ( 56, 28)   vdiff=  3.0621E-03 ( 59, 25)
n=  5214   udiff=  2.1831E-03 ( 56, 28)   vdiff=  3.0583E-03 ( 59, 25)
n=  5215   udiff=  2.1793E-03 ( 56, 28)   vdiff=  3.0544E-03 ( 59, 25)
n=  5216   udiff=  2.1756E-03 ( 56, 28)   vdiff=  3.0506E-03 ( 59, 25)
n=  5217   udiff=  2.1718E-03 ( 56, 28)   vdiff=  3.0468E-03 ( 59, 25)
n=  5218   udiff=  2.1681E-03 ( 56, 28)   vdiff=  3.0430E-03 ( 59, 25)
n=  5219   udiff=  2.1644E-03 ( 56, 28)   vdiff=  3.0392E-03 ( 59, 25)
n=  5220   udiff=  2.1606E-03 ( 56, 28)   vdiff=  3.0354E-03 ( 59, 25)
n=  5221   udiff=  2.1569E-03 ( 56, 28)   vdiff=  3.0316E-03 ( 59, 25)
n=  5222   udiff=  2.1532E-03 ( 56, 28)   vdiff=  3.0278E-03 ( 59, 25)
n=  5223   udiff=  2.1495E-03 ( 56, 28)   vdiff=  3.0240E-03 ( 59, 25)
n=  5224   udiff=  2.1458E-03 ( 56, 28)   vdiff=  3.0202E-03 ( 59, 25)
n=  5225   udiff=  2.1420E-03 ( 56, 28)   vdiff=  3.0164E-03 ( 59, 25)
n=  5226   udiff=  2.1383E-03 ( 56, 28)   vdiff=  3.0125E-03 ( 59, 25)
n=  5227   udiff=  2.1346E-03 ( 56, 28)   vdiff=  3.0088E-03 ( 59, 25)
n=  5228   udiff=  2.1309E-03 ( 56, 28)   vdiff=  3.0050E-03 ( 59, 25)
n=  5229   udiff=  2.1272E-03 ( 56, 28)   vdiff=  3.0012E-03 ( 59, 25)
n=  5230   udiff=  2.1235E-03 ( 56, 28)   vdiff=  2.9974E-03 ( 59, 25)
n=  5231   udiff=  2.1198E-03 ( 56, 28)   vdiff=  2.9933E-03 ( 59, 25)
n=  5232   udiff=  2.1161E-03 ( 56, 28)   vdiff=  2.9889E-03 ( 59, 25)
n=  5233   udiff=  2.1125E-03 ( 56, 28)   vdiff=  2.9845E-03 ( 59, 25)
n=  5234   udiff=  2.1088E-03 ( 56, 28)   vdiff=  2.9801E-03 ( 59, 25)
n=  5235   udiff=  2.1051E-03 ( 56, 28)   vdiff=  2.9757E-03 ( 59, 25)
n=  5236   udiff=  2.1014E-03 ( 56, 28)   vdiff=  2.9714E-03 ( 59, 25)
n=  5237   udiff=  2.0977E-03 ( 56, 28)   vdiff=  2.9670E-03 ( 59, 25)
n=  5238   udiff=  2.0941E-03 ( 56, 28)   vdiff=  2.9627E-03 ( 59, 25)
n=  5239   udiff=  2.0904E-03 ( 56, 28)   vdiff=  2.9583E-03 ( 59, 25)
n=  5240   udiff=  2.0867E-03 ( 56, 28)   vdiff=  2.9540E-03 ( 59, 25)
n=  5241   udiff=  2.0831E-03 ( 56, 28)   vdiff=  2.9497E-03 ( 59, 25)
n=  5242   udiff=  2.0794E-03 ( 56, 28)   vdiff=  2.9454E-03 ( 59, 25)
n=  5243   udiff=  2.0758E-03 ( 56, 28)   vdiff=  2.9411E-03 ( 59, 25)
n=  5244   udiff=  2.0721E-03 ( 56, 28)   vdiff=  2.9368E-03 ( 59, 25)
n=  5245   udiff=  2.0684E-03 ( 56, 28)   vdiff=  2.9325E-03 ( 59, 25)
n=  5246   udiff=  2.0648E-03 ( 56, 28)   vdiff=  2.9282E-03 ( 59, 25)
n=  5247   udiff=  2.0612E-03 ( 56, 28)   vdiff=  2.9240E-03 ( 59, 25)
n=  5248   udiff=  2.0575E-03 ( 56, 28)   vdiff=  2.9197E-03 ( 59, 25)
n=  5249   udiff=  2.0539E-03 ( 56, 28)   vdiff=  2.9155E-03 ( 59, 25)
n=  5250   udiff=  2.0502E-03 ( 56, 28)   vdiff=  2.9113E-03 ( 59, 25)
n=  5251   udiff=  2.0466E-03 ( 56, 28)   vdiff=  2.9070E-03 ( 59, 25)
n=  5252   udiff=  2.0430E-03 ( 56, 28)   vdiff=  2.9028E-03 ( 59, 25)
n=  5253   udiff=  2.0393E-03 ( 56, 28)   vdiff=  2.8986E-03 ( 59, 25)
n=  5254   udiff=  2.0357E-03 ( 56, 28)   vdiff=  2.8944E-03 ( 59, 25)
n=  5255   udiff=  2.0321E-03 ( 56, 28)   vdiff=  2.8902E-03 ( 59, 25)
n=  5256   udiff=  2.0285E-03 ( 56, 28)   vdiff=  2.8860E-03 ( 59, 25)
n=  5257   udiff=  2.0249E-03 ( 56, 28)   vdiff=  2.8818E-03 ( 59, 25)
n=  5258   udiff=  2.0213E-03 ( 56, 28)   vdiff=  2.8776E-03 ( 59, 25)
n=  5259   udiff=  2.0177E-03 ( 56, 28)   vdiff=  2.8735E-03 ( 59, 25)
n=  5260   udiff=  2.0141E-03 ( 56, 28)   vdiff=  2.8693E-03 ( 59, 25)
n=  5261   udiff=  2.0104E-03 ( 56, 28)   vdiff=  2.8651E-03 ( 59, 25)
n=  5262   udiff=  2.0068E-03 ( 56, 28)   vdiff=  2.8610E-03 ( 59, 25)
n=  5263   udiff=  2.0033E-03 ( 56, 28)   vdiff=  2.8569E-03 ( 59, 25)
n=  5264   udiff=  1.9997E-03 ( 56, 28)   vdiff=  2.8527E-03 ( 59, 25)
n=  5265   udiff=  1.9961E-03 ( 56, 28)   vdiff=  2.8486E-03 ( 59, 25)
n=  5266   udiff=  1.9925E-03 ( 56, 28)   vdiff=  2.8445E-03 ( 59, 25)
n=  5267   udiff=  1.9889E-03 ( 56, 28)   vdiff=  2.8404E-03 ( 59, 25)
n=  5268   udiff=  1.9853E-03 ( 56, 28)   vdiff=  2.8363E-03 ( 59, 25)
n=  5269   udiff=  1.9817E-03 ( 56, 28)   vdiff=  2.8322E-03 ( 59, 25)
n=  5270   udiff=  1.9782E-03 ( 56, 28)   vdiff=  2.8281E-03 ( 59, 25)
n=  5271   udiff=  1.9746E-03 ( 56, 28)   vdiff=  2.8240E-03 ( 59, 25)
n=  5272   udiff=  1.9710E-03 ( 56, 28)   vdiff=  2.8199E-03 ( 59, 25)
n=  5273   udiff=  1.9675E-03 ( 56, 28)   vdiff=  2.8158E-03 ( 59, 25)
n=  5274   udiff=  1.9639E-03 ( 56, 28)   vdiff=  2.8118E-03 ( 59, 25)
n=  5275   udiff=  1.9603E-03 ( 56, 28)   vdiff=  2.8077E-03 ( 59, 25)
n=  5276   udiff=  1.9568E-03 ( 56, 28)   vdiff=  2.8037E-03 ( 59, 25)
n=  5277   udiff=  1.9532E-03 ( 56, 28)   vdiff=  2.7996E-03 ( 59, 25)
n=  5278   udiff=  1.9497E-03 ( 56, 28)   vdiff=  2.7956E-03 ( 59, 25)
n=  5279   udiff=  1.9461E-03 ( 56, 28)   vdiff=  2.7915E-03 ( 59, 25)
n=  5280   udiff=  1.9426E-03 ( 56, 28)   vdiff=  2.7875E-03 ( 59, 25)
n=  5281   udiff=  1.9391E-03 ( 56, 28)   vdiff=  2.7835E-03 ( 59, 25)
n=  5282   udiff=  1.9355E-03 ( 56, 28)   vdiff=  2.7795E-03 ( 59, 25)
n=  5283   udiff=  1.9320E-03 ( 56, 28)   vdiff=  2.7755E-03 ( 59, 25)
n=  5284   udiff=  1.9285E-03 ( 56, 28)   vdiff=  2.7715E-03 ( 59, 25)
n=  5285   udiff=  1.9249E-03 ( 56, 28)   vdiff=  2.7675E-03 ( 59, 25)
n=  5286   udiff=  1.9214E-03 ( 56, 28)   vdiff=  2.7635E-03 ( 59, 25)
n=  5287   udiff=  1.9179E-03 ( 56, 28)   vdiff=  2.7595E-03 ( 59, 25)
n=  5288   udiff=  1.9144E-03 ( 56, 28)   vdiff=  2.7555E-03 ( 59, 25)
n=  5289   udiff=  1.9108E-03 ( 56, 28)   vdiff=  2.7515E-03 ( 59, 25)
n=  5290   udiff=  1.9073E-03 ( 56, 28)   vdiff=  2.7475E-03 ( 59, 25)
n=  5291   udiff=  1.9038E-03 ( 56, 28)   vdiff=  2.7436E-03 ( 59, 25)
n=  5292   udiff=  1.9003E-03 ( 56, 28)   vdiff=  2.7396E-03 ( 59, 25)
n=  5293   udiff=  1.8968E-03 ( 56, 28)   vdiff=  2.7357E-03 ( 59, 25)
n=  5294   udiff=  1.8933E-03 ( 56, 28)   vdiff=  2.7317E-03 ( 59, 25)
n=  5295   udiff=  1.8898E-03 ( 56, 28)   vdiff=  2.7278E-03 ( 59, 25)
n=  5296   udiff=  1.8863E-03 ( 56, 28)   vdiff=  2.7238E-03 ( 59, 25)
n=  5297   udiff=  1.8828E-03 ( 56, 28)   vdiff=  2.7199E-03 ( 59, 25)
n=  5298   udiff=  1.8793E-03 ( 56, 28)   vdiff=  2.7160E-03 ( 59, 25)
n=  5299   udiff=  1.8759E-03 ( 56, 28)   vdiff=  2.7120E-03 ( 59, 25)
n=  5300   udiff=  1.8724E-03 ( 56, 28)   vdiff=  2.7081E-03 ( 59, 25)
n=  5301   udiff=  1.8689E-03 ( 56, 28)   vdiff=  2.7042E-03 ( 59, 25)
n=  5302   udiff=  1.8654E-03 ( 56, 28)   vdiff=  2.7003E-03 ( 59, 25)
n=  5303   udiff=  1.8619E-03 ( 56, 28)   vdiff=  2.6964E-03 ( 59, 25)
n=  5304   udiff=  1.8585E-03 ( 56, 28)   vdiff=  2.6925E-03 ( 59, 25)
n=  5305   udiff=  1.8550E-03 ( 56, 28)   vdiff=  2.6886E-03 ( 59, 25)
n=  5306   udiff=  1.8515E-03 ( 56, 28)   vdiff=  2.6847E-03 ( 59, 25)
n=  5307   udiff=  1.8481E-03 ( 56, 28)   vdiff=  2.6808E-03 ( 59, 25)
n=  5308   udiff=  1.8446E-03 ( 56, 28)   vdiff=  2.6769E-03 ( 59, 25)
n=  5309   udiff=  1.8412E-03 ( 56, 28)   vdiff=  2.6730E-03 ( 59, 25)
n=  5310   udiff=  1.8377E-03 ( 56, 28)   vdiff=  2.6692E-03 ( 59, 25)
n=  5311   udiff=  1.8343E-03 ( 56, 28)   vdiff=  2.6653E-03 ( 59, 25)
n=  5312   udiff=  1.8308E-03 ( 56, 28)   vdiff=  2.6614E-03 ( 59, 25)
n=  5313   udiff=  1.8274E-03 ( 56, 28)   vdiff=  2.6576E-03 ( 59, 25)
n=  5314   udiff=  1.8240E-03 ( 56, 28)   vdiff=  2.6537E-03 ( 59, 25)
n=  5315   udiff=  1.8205E-03 ( 56, 28)   vdiff=  2.6499E-03 ( 59, 25)
n=  5316   udiff=  1.8171E-03 ( 56, 28)   vdiff=  2.6460E-03 ( 59, 25)
n=  5317   udiff=  1.8137E-03 ( 56, 28)   vdiff=  2.6422E-03 ( 59, 25)
n=  5318   udiff=  1.8104E-03 ( 57, 28)   vdiff=  2.6384E-03 ( 59, 25)
n=  5319   udiff=  1.8072E-03 ( 57, 28)   vdiff=  2.6345E-03 ( 59, 25)
n=  5320   udiff=  1.8041E-03 ( 57, 28)   vdiff=  2.6307E-03 ( 59, 25)
n=  5321   udiff=  1.8010E-03 ( 57, 28)   vdiff=  2.6269E-03 ( 59, 25)
n=  5322   udiff=  1.7979E-03 ( 57, 28)   vdiff=  2.6231E-03 ( 59, 25)
n=  5323   udiff=  1.7947E-03 ( 57, 28)   vdiff=  2.6193E-03 ( 59, 25)
n=  5324   udiff=  1.7916E-03 ( 57, 28)   vdiff=  2.6154E-03 ( 59, 25)
n=  5325   udiff=  1.7885E-03 ( 57, 28)   vdiff=  2.6116E-03 ( 59, 25)
n=  5326   udiff=  1.7854E-03 ( 57, 28)   vdiff=  2.6078E-03 ( 59, 25)
n=  5327   udiff=  1.7823E-03 ( 57, 28)   vdiff=  2.6040E-03 ( 59, 25)
n=  5328   udiff=  1.7792E-03 ( 57, 28)   vdiff=  2.6002E-03 ( 59, 25)
n=  5329   udiff=  1.7760E-03 ( 57, 28)   vdiff=  2.5965E-03 ( 59, 25)
n=  5330   udiff=  1.7729E-03 ( 57, 28)   vdiff=  2.5927E-03 ( 59, 25)
n=  5331   udiff=  1.7698E-03 ( 57, 28)   vdiff=  2.5889E-03 ( 59, 25)
n=  5332   udiff=  1.7667E-03 ( 57, 28)   vdiff=  2.5851E-03 ( 59, 25)
n=  5333   udiff=  1.7636E-03 ( 57, 28)   vdiff=  2.5813E-03 ( 59, 25)
n=  5334   udiff=  1.7605E-03 ( 57, 28)   vdiff=  2.5776E-03 ( 59, 25)
n=  5335   udiff=  1.7575E-03 ( 57, 28)   vdiff=  2.5738E-03 ( 59, 25)
n=  5336   udiff=  1.7544E-03 ( 57, 28)   vdiff=  2.5700E-03 ( 59, 25)
n=  5337   udiff=  1.7513E-03 ( 57, 28)   vdiff=  2.5663E-03 ( 59, 25)
n=  5338   udiff=  1.7482E-03 ( 57, 28)   vdiff=  2.5625E-03 ( 59, 25)
n=  5339   udiff=  1.7451E-03 ( 57, 28)   vdiff=  2.5588E-03 ( 59, 25)
n=  5340   udiff=  1.7420E-03 ( 57, 28)   vdiff=  2.5550E-03 ( 59, 25)
n=  5341   udiff=  1.7390E-03 ( 57, 28)   vdiff=  2.5513E-03 ( 59, 25)
n=  5342   udiff=  1.7359E-03 ( 57, 28)   vdiff=  2.5475E-03 ( 59, 25)
n=  5343   udiff=  1.7328E-03 ( 57, 28)   vdiff=  2.5438E-03 ( 59, 25)
n=  5344   udiff=  1.7298E-03 ( 57, 28)   vdiff=  2.5400E-03 ( 59, 25)
n=  5345   udiff=  1.7267E-03 ( 57, 28)   vdiff=  2.5363E-03 ( 59, 25)
n=  5346   udiff=  1.7236E-03 ( 57, 28)   vdiff=  2.5326E-03 ( 59, 25)
n=  5347   udiff=  1.7206E-03 ( 57, 28)   vdiff=  2.5289E-03 ( 59, 25)
n=  5348   udiff=  1.7175E-03 ( 57, 28)   vdiff=  2.5252E-03 ( 59, 25)
n=  5349   udiff=  1.7145E-03 ( 57, 28)   vdiff=  2.5214E-03 ( 59, 25)
n=  5350   udiff=  1.7114E-03 ( 57, 28)   vdiff=  2.5177E-03 ( 59, 25)
n=  5351   udiff=  1.7084E-03 ( 57, 28)   vdiff=  2.5140E-03 ( 59, 25)
n=  5352   udiff=  1.7053E-03 ( 57, 28)   vdiff=  2.5103E-03 ( 59, 25)
n=  5353   udiff=  1.7023E-03 ( 57, 28)   vdiff=  2.5066E-03 ( 59, 25)
n=  5354   udiff=  1.6993E-03 ( 57, 28)   vdiff=  2.5029E-03 ( 59, 25)
n=  5355   udiff=  1.6962E-03 ( 57, 28)   vdiff=  2.4992E-03 ( 59, 25)
n=  5356   udiff=  1.6932E-03 ( 57, 28)   vdiff=  2.4955E-03 ( 59, 25)
n=  5357   udiff=  1.6902E-03 ( 57, 28)   vdiff=  2.4919E-03 ( 59, 25)
n=  5358   udiff=  1.6871E-03 ( 57, 28)   vdiff=  2.4882E-03 ( 59, 25)
n=  5359   udiff=  1.6841E-03 ( 57, 28)   vdiff=  2.4845E-03 ( 59, 25)
n=  5360   udiff=  1.6811E-03 ( 57, 28)   vdiff=  2.4808E-03 ( 59, 25)
n=  5361   udiff=  1.6781E-03 ( 57, 28)   vdiff=  2.4771E-03 ( 59, 25)
n=  5362   udiff=  1.6751E-03 ( 57, 28)   vdiff=  2.4735E-03 ( 59, 25)
n=  5363   udiff=  1.6720E-03 ( 57, 28)   vdiff=  2.4698E-03 ( 59, 25)
n=  5364   udiff=  1.6690E-03 ( 57, 28)   vdiff=  2.4661E-03 ( 59, 25)
n=  5365   udiff=  1.6660E-03 ( 57, 28)   vdiff=  2.4625E-03 ( 59, 25)
n=  5366   udiff=  1.6630E-03 ( 57, 28)   vdiff=  2.4588E-03 ( 59, 25)
n=  5367   udiff=  1.6600E-03 ( 57, 28)   vdiff=  2.4552E-03 ( 59, 25)
n=  5368   udiff=  1.6570E-03 ( 57, 28)   vdiff=  2.4515E-03 ( 59, 25)
n=  5369   udiff=  1.6540E-03 ( 57, 28)   vdiff=  2.4479E-03 ( 59, 25)
n=  5370   udiff=  1.6510E-03 ( 57, 28)   vdiff=  2.4442E-03 ( 59, 25)
n=  5371   udiff=  1.6480E-03 ( 57, 28)   vdiff=  2.4406E-03 ( 59, 25)
n=  5372   udiff=  1.6450E-03 ( 57, 28)   vdiff=  2.4369E-03 ( 59, 25)
n=  5373   udiff=  1.6421E-03 ( 57, 28)   vdiff=  2.4333E-03 ( 59, 25)
n=  5374   udiff=  1.6391E-03 ( 57, 28)   vdiff=  2.4297E-03 ( 59, 25)
n=  5375   udiff=  1.6361E-03 ( 57, 28)   vdiff=  2.4260E-03 ( 59, 25)
n=  5376   udiff=  1.6331E-03 ( 57, 28)   vdiff=  2.4224E-03 ( 59, 25)
n=  5377   udiff=  1.6302E-03 ( 57, 28)   vdiff=  2.4188E-03 ( 59, 25)
n=  5378   udiff=  1.6272E-03 ( 57, 28)   vdiff=  2.4152E-03 ( 59, 25)
n=  5379   udiff=  1.6242E-03 ( 57, 28)   vdiff=  2.4115E-03 ( 59, 25)
n=  5380   udiff=  1.6213E-03 ( 57, 28)   vdiff=  2.4079E-03 ( 59, 25)
n=  5381   udiff=  1.6183E-03 ( 57, 28)   vdiff=  2.4043E-03 ( 59, 25)
n=  5382   udiff=  1.6153E-03 ( 57, 28)   vdiff=  2.4007E-03 ( 59, 25)
n=  5383   udiff=  1.6124E-03 ( 57, 28)   vdiff=  2.3971E-03 ( 59, 25)
n=  5384   udiff=  1.6094E-03 ( 57, 28)   vdiff=  2.3935E-03 ( 59, 25)
n=  5385   udiff=  1.6065E-03 ( 57, 28)   vdiff=  2.3899E-03 ( 59, 25)
n=  5386   udiff=  1.6035E-03 ( 57, 28)   vdiff=  2.3863E-03 ( 59, 25)
n=  5387   udiff=  1.6006E-03 ( 57, 28)   vdiff=  2.3827E-03 ( 59, 25)
n=  5388   udiff=  1.5976E-03 ( 57, 28)   vdiff=  2.3791E-03 ( 59, 25)
n=  5389   udiff=  1.5947E-03 ( 57, 28)   vdiff=  2.3755E-03 ( 59, 25)
n=  5390   udiff=  1.5918E-03 ( 57, 28)   vdiff=  2.3720E-03 ( 59, 25)
n=  5391   udiff=  1.5888E-03 ( 57, 28)   vdiff=  2.3684E-03 ( 59, 25)
n=  5392   udiff=  1.5859E-03 ( 57, 28)   vdiff=  2.3648E-03 ( 59, 25)
n=  5393   udiff=  1.5830E-03 ( 57, 28)   vdiff=  2.3612E-03 ( 59, 25)
n=  5394   udiff=  1.5800E-03 ( 57, 28)   vdiff=  2.3576E-03 ( 59, 25)
n=  5395   udiff=  1.5771E-03 ( 57, 28)   vdiff=  2.3541E-03 ( 59, 25)
n=  5396   udiff=  1.5742E-03 ( 57, 28)   vdiff=  2.3505E-03 ( 59, 25)
n=  5397   udiff=  1.5713E-03 ( 57, 28)   vdiff=  2.3469E-03 ( 59, 25)
n=  5398   udiff=  1.5684E-03 ( 57, 28)   vdiff=  2.3434E-03 ( 59, 25)
n=  5399   udiff=  1.5655E-03 ( 57, 28)   vdiff=  2.3398E-03 ( 59, 25)
n=  5400   udiff=  1.5626E-03 ( 57, 28)   vdiff=  2.3363E-03 ( 59, 25)
n=  5401   udiff=  1.5597E-03 ( 57, 28)   vdiff=  2.3327E-03 ( 59, 25)
n=  5402   udiff=  1.5568E-03 ( 57, 28)   vdiff=  2.3292E-03 ( 59, 25)
n=  5403   udiff=  1.5539E-03 ( 57, 28)   vdiff=  2.3256E-03 ( 59, 25)
n=  5404   udiff=  1.5510E-03 ( 57, 28)   vdiff=  2.3221E-03 ( 59, 25)
n=  5405   udiff=  1.5481E-03 ( 57, 28)   vdiff=  2.3185E-03 ( 59, 25)
n=  5406   udiff=  1.5452E-03 ( 57, 28)   vdiff=  2.3150E-03 ( 59, 25)
n=  5407   udiff=  1.5423E-03 ( 57, 28)   vdiff=  2.3115E-03 ( 59, 25)
n=  5408   udiff=  1.5394E-03 ( 57, 28)   vdiff=  2.3079E-03 ( 59, 25)
n=  5409   udiff=  1.5365E-03 ( 57, 28)   vdiff=  2.3044E-03 ( 59, 25)
n=  5410   udiff=  1.5336E-03 ( 57, 28)   vdiff=  2.3009E-03 ( 59, 25)
n=  5411   udiff=  1.5308E-03 ( 57, 28)   vdiff=  2.2974E-03 ( 59, 25)
n=  5412   udiff=  1.5279E-03 ( 57, 28)   vdiff=  2.2938E-03 ( 59, 25)
n=  5413   udiff=  1.5250E-03 ( 57, 28)   vdiff=  2.2903E-03 ( 59, 25)
n=  5414   udiff=  1.5222E-03 ( 57, 28)   vdiff=  2.2868E-03 ( 59, 25)
n=  5415   udiff=  1.5193E-03 ( 57, 28)   vdiff=  2.2833E-03 ( 59, 25)
n=  5416   udiff=  1.5164E-03 ( 57, 28)   vdiff=  2.2798E-03 ( 59, 25)
n=  5417   udiff=  1.5136E-03 ( 57, 28)   vdiff=  2.2763E-03 ( 59, 25)
n=  5418   udiff=  1.5107E-03 ( 57, 28)   vdiff=  2.2728E-03 ( 59, 25)
n=  5419   udiff=  1.5079E-03 ( 57, 28)   vdiff=  2.2693E-03 ( 59, 25)
n=  5420   udiff=  1.5050E-03 ( 57, 28)   vdiff=  2.2658E-03 ( 59, 25)
n=  5421   udiff=  1.5022E-03 ( 57, 28)   vdiff=  2.2623E-03 ( 59, 25)
n=  5422   udiff=  1.4993E-03 ( 57, 28)   vdiff=  2.2588E-03 ( 59, 25)
n=  5423   udiff=  1.4965E-03 ( 57, 28)   vdiff=  2.2553E-03 ( 59, 25)
n=  5424   udiff=  1.4937E-03 ( 57, 28)   vdiff=  2.2518E-03 ( 59, 25)
n=  5425   udiff=  1.4908E-03 ( 57, 28)   vdiff=  2.2483E-03 ( 59, 25)
n=  5426   udiff=  1.4880E-03 ( 57, 28)   vdiff=  2.2448E-03 ( 59, 25)
n=  5427   udiff=  1.4852E-03 ( 57, 28)   vdiff=  2.2413E-03 ( 59, 25)
n=  5428   udiff=  1.4823E-03 ( 57, 28)   vdiff=  2.2379E-03 ( 59, 25)
n=  5429   udiff=  1.4795E-03 ( 57, 28)   vdiff=  2.2344E-03 ( 59, 25)
n=  5430   udiff=  1.4767E-03 ( 57, 28)   vdiff=  2.2309E-03 ( 59, 25)
n=  5431   udiff=  1.4739E-03 ( 57, 28)   vdiff=  2.2275E-03 ( 59, 25)
n=  5432   udiff=  1.4711E-03 ( 57, 28)   vdiff=  2.2240E-03 ( 59, 25)
n=  5433   udiff=  1.4683E-03 ( 57, 28)   vdiff=  2.2205E-03 ( 59, 25)
n=  5434   udiff=  1.4654E-03 ( 57, 28)   vdiff=  2.2171E-03 ( 59, 25)
n=  5435   udiff=  1.4626E-03 ( 57, 28)   vdiff=  2.2136E-03 ( 59, 25)
n=  5436   udiff=  1.4598E-03 ( 57, 28)   vdiff=  2.2101E-03 ( 59, 25)
n=  5437   udiff=  1.4570E-03 ( 57, 28)   vdiff=  2.2067E-03 ( 59, 25)
n=  5438   udiff=  1.4542E-03 ( 57, 28)   vdiff=  2.2032E-03 ( 59, 25)
n=  5439   udiff=  1.4515E-03 ( 57, 28)   vdiff=  2.1998E-03 ( 59, 25)
n=  5440   udiff=  1.4487E-03 ( 57, 28)   vdiff=  2.1963E-03 ( 59, 25)
n=  5441   udiff=  1.4459E-03 ( 57, 28)   vdiff=  2.1929E-03 ( 59, 25)
n=  5442   udiff=  1.4431E-03 ( 57, 28)   vdiff=  2.1895E-03 ( 59, 25)
n=  5443   udiff=  1.4403E-03 ( 57, 28)   vdiff=  2.1860E-03 ( 59, 25)
n=  5444   udiff=  1.4375E-03 ( 57, 28)   vdiff=  2.1826E-03 ( 59, 25)
n=  5445   udiff=  1.4348E-03 ( 57, 28)   vdiff=  2.1792E-03 ( 59, 25)
n=  5446   udiff=  1.4320E-03 ( 57, 28)   vdiff=  2.1757E-03 ( 59, 25)
n=  5447   udiff=  1.4292E-03 ( 57, 28)   vdiff=  2.1723E-03 ( 59, 25)
n=  5448   udiff=  1.4264E-03 ( 57, 28)   vdiff=  2.1689E-03 ( 59, 25)
n=  5449   udiff=  1.4237E-03 ( 57, 28)   vdiff=  2.1655E-03 ( 59, 25)
n=  5450   udiff=  1.4209E-03 ( 57, 28)   vdiff=  2.1620E-03 ( 59, 25)
n=  5451   udiff=  1.4182E-03 ( 57, 28)   vdiff=  2.1586E-03 ( 59, 25)
n=  5452   udiff=  1.4154E-03 ( 57, 28)   vdiff=  2.1552E-03 ( 59, 25)
n=  5453   udiff=  1.4127E-03 ( 57, 28)   vdiff=  2.1518E-03 ( 59, 25)
n=  5454   udiff=  1.4099E-03 ( 57, 28)   vdiff=  2.1484E-03 ( 59, 25)
n=  5455   udiff=  1.4072E-03 ( 57, 28)   vdiff=  2.1450E-03 ( 59, 25)
n=  5456   udiff=  1.4044E-03 ( 57, 28)   vdiff=  2.1416E-03 ( 59, 25)
n=  5457   udiff=  1.4017E-03 ( 57, 28)   vdiff=  2.1382E-03 ( 59, 25)
n=  5458   udiff=  1.3989E-03 ( 57, 28)   vdiff=  2.1348E-03 ( 59, 25)
n=  5459   udiff=  1.3962E-03 ( 57, 28)   vdiff=  2.1314E-03 ( 59, 25)
n=  5460   udiff=  1.3935E-03 ( 57, 28)   vdiff=  2.1280E-03 ( 59, 25)
n=  5461   udiff=  1.3908E-03 ( 57, 28)   vdiff=  2.1246E-03 ( 59, 25)
n=  5462   udiff=  1.3880E-03 ( 57, 28)   vdiff=  2.1212E-03 ( 59, 25)
n=  5463   udiff=  1.3853E-03 ( 57, 28)   vdiff=  2.1178E-03 ( 59, 25)
n=  5464   udiff=  1.3826E-03 ( 57, 28)   vdiff=  2.1144E-03 ( 59, 25)
n=  5465   udiff=  1.3799E-03 ( 57, 28)   vdiff=  2.1111E-03 ( 59, 25)
n=  5466   udiff=  1.3772E-03 ( 57, 28)   vdiff=  2.1077E-03 ( 59, 25)
n=  5467   udiff=  1.3744E-03 ( 57, 28)   vdiff=  2.1043E-03 ( 59, 25)
n=  5468   udiff=  1.3717E-03 ( 57, 28)   vdiff=  2.1009E-03 ( 59, 25)
n=  5469   udiff=  1.3690E-03 ( 57, 28)   vdiff=  2.0976E-03 ( 59, 25)
n=  5470   udiff=  1.3663E-03 ( 57, 28)   vdiff=  2.0942E-03 ( 59, 25)
n=  5471   udiff=  1.3636E-03 ( 57, 28)   vdiff=  2.0908E-03 ( 59, 25)
n=  5472   udiff=  1.3609E-03 ( 57, 28)   vdiff=  2.0875E-03 ( 59, 25)
n=  5473   udiff=  1.3582E-03 ( 57, 28)   vdiff=  2.0841E-03 ( 59, 25)
n=  5474   udiff=  1.3556E-03 ( 57, 28)   vdiff=  2.0808E-03 ( 59, 25)
n=  5475   udiff=  1.3529E-03 ( 57, 28)   vdiff=  2.0774E-03 ( 59, 25)
n=  5476   udiff=  1.3502E-03 ( 57, 28)   vdiff=  2.0740E-03 ( 59, 25)
n=  5477   udiff=  1.3475E-03 ( 57, 28)   vdiff=  2.0707E-03 ( 59, 25)
n=  5478   udiff=  1.3448E-03 ( 57, 28)   vdiff=  2.0673E-03 ( 59, 25)
n=  5479   udiff=  1.3422E-03 ( 57, 28)   vdiff=  2.0640E-03 ( 59, 25)
n=  5480   udiff=  1.3395E-03 ( 57, 28)   vdiff=  2.0607E-03 ( 59, 25)
n=  5481   udiff=  1.3368E-03 ( 57, 28)   vdiff=  2.0573E-03 ( 59, 25)
n=  5482   udiff=  1.3341E-03 ( 57, 28)   vdiff=  2.0540E-03 ( 59, 25)
n=  5483   udiff=  1.3315E-03 ( 57, 28)   vdiff=  2.0507E-03 ( 59, 25)
n=  5484   udiff=  1.3288E-03 ( 57, 28)   vdiff=  2.0473E-03 ( 59, 25)
n=  5485   udiff=  1.3262E-03 ( 57, 28)   vdiff=  2.0440E-03 ( 59, 25)
n=  5486   udiff=  1.3235E-03 ( 57, 28)   vdiff=  2.0407E-03 ( 59, 25)
n=  5487   udiff=  1.3209E-03 ( 57, 28)   vdiff=  2.0373E-03 ( 59, 25)
n=  5488   udiff=  1.3182E-03 ( 57, 28)   vdiff=  2.0340E-03 ( 59, 25)
n=  5489   udiff=  1.3156E-03 ( 57, 28)   vdiff=  2.0307E-03 ( 59, 25)
n=  5490   udiff=  1.3129E-03 ( 57, 28)   vdiff=  2.0274E-03 ( 59, 25)
n=  5491   udiff=  1.3103E-03 ( 57, 28)   vdiff=  2.0241E-03 ( 59, 25)
n=  5492   udiff=  1.3077E-03 ( 57, 28)   vdiff=  2.0208E-03 ( 59, 25)
n=  5493   udiff=  1.3050E-03 ( 57, 28)   vdiff=  2.0175E-03 ( 59, 25)
n=  5494   udiff=  1.3024E-03 ( 57, 28)   vdiff=  2.0141E-03 ( 59, 25)
n=  5495   udiff=  1.2998E-03 ( 57, 28)   vdiff=  2.0108E-03 ( 59, 25)
n=  5496   udiff=  1.2971E-03 ( 57, 28)   vdiff=  2.0075E-03 ( 59, 25)
n=  5497   udiff=  1.2945E-03 ( 57, 28)   vdiff=  2.0042E-03 ( 59, 25)
n=  5498   udiff=  1.2919E-03 ( 57, 28)   vdiff=  2.0009E-03 ( 59, 25)
n=  5499   udiff=  1.2893E-03 ( 57, 28)   vdiff=  1.9977E-03 ( 59, 25)
n=  5500   udiff=  1.2867E-03 ( 57, 28)   vdiff=  1.9944E-03 ( 59, 25)
n=  5501   udiff=  1.2841E-03 ( 57, 28)   vdiff=  1.9911E-03 ( 59, 25)
n=  5502   udiff=  1.2815E-03 ( 57, 28)   vdiff=  1.9878E-03 ( 59, 25)
n=  5503   udiff=  1.2789E-03 ( 57, 28)   vdiff=  1.9845E-03 ( 59, 25)
n=  5504   udiff=  1.2763E-03 ( 57, 28)   vdiff=  1.9812E-03 ( 59, 25)
n=  5505   udiff=  1.2737E-03 ( 57, 28)   vdiff=  1.9779E-03 ( 59, 25)
n=  5506   udiff=  1.2711E-03 ( 57, 28)   vdiff=  1.9747E-03 ( 59, 25)
n=  5507   udiff=  1.2685E-03 ( 57, 28)   vdiff=  1.9714E-03 ( 59, 25)
n=  5508   udiff=  1.2659E-03 ( 57, 28)   vdiff=  1.9681E-03 ( 59, 25)
n=  5509   udiff=  1.2633E-03 ( 57, 28)   vdiff=  1.9649E-03 ( 59, 25)
n=  5510   udiff=  1.2607E-03 ( 57, 28)   vdiff=  1.9616E-03 ( 59, 25)
n=  5511   udiff=  1.2582E-03 ( 57, 28)   vdiff=  1.9583E-03 ( 59, 25)
n=  5512   udiff=  1.2556E-03 ( 57, 28)   vdiff=  1.9551E-03 ( 59, 25)
n=  5513   udiff=  1.2530E-03 ( 57, 28)   vdiff=  1.9518E-03 ( 59, 25)
n=  5514   udiff=  1.2504E-03 ( 57, 28)   vdiff=  1.9486E-03 ( 59, 25)
n=  5515   udiff=  1.2479E-03 ( 57, 28)   vdiff=  1.9453E-03 ( 59, 25)
n=  5516   udiff=  1.2453E-03 ( 57, 28)   vdiff=  1.9421E-03 ( 59, 25)
n=  5517   udiff=  1.2427E-03 ( 57, 28)   vdiff=  1.9388E-03 ( 59, 25)
n=  5518   udiff=  1.2402E-03 ( 57, 28)   vdiff=  1.9356E-03 ( 59, 25)
n=  5519   udiff=  1.2376E-03 ( 57, 28)   vdiff=  1.9323E-03 ( 59, 25)
n=  5520   udiff=  1.2351E-03 ( 57, 28)   vdiff=  1.9291E-03 ( 59, 25)
n=  5521   udiff=  1.2325E-03 ( 57, 28)   vdiff=  1.9259E-03 ( 59, 25)
n=  5522   udiff=  1.2300E-03 ( 57, 28)   vdiff=  1.9226E-03 ( 59, 25)
n=  5523   udiff=  1.2274E-03 ( 57, 28)   vdiff=  1.9194E-03 ( 59, 25)
n=  5524   udiff=  1.2249E-03 ( 57, 28)   vdiff=  1.9162E-03 ( 59, 25)
n=  5525   udiff=  1.2224E-03 ( 57, 28)   vdiff=  1.9129E-03 ( 59, 25)
n=  5526   udiff=  1.2198E-03 ( 57, 28)   vdiff=  1.9097E-03 ( 59, 25)
n=  5527   udiff=  1.2173E-03 ( 57, 28)   vdiff=  1.9065E-03 ( 59, 25)
n=  5528   udiff=  1.2148E-03 ( 57, 28)   vdiff=  1.9033E-03 ( 59, 25)
n=  5529   udiff=  1.2123E-03 ( 57, 28)   vdiff=  1.9001E-03 ( 59, 25)
n=  5530   udiff=  1.2097E-03 ( 57, 28)   vdiff=  1.8968E-03 ( 59, 25)
n=  5531   udiff=  1.2072E-03 ( 57, 28)   vdiff=  1.8936E-03 ( 59, 25)
n=  5532   udiff=  1.2047E-03 ( 57, 28)   vdiff=  1.8904E-03 ( 59, 25)
n=  5533   udiff=  1.2022E-03 ( 57, 28)   vdiff=  1.8872E-03 ( 59, 25)
n=  5534   udiff=  1.1997E-03 ( 57, 28)   vdiff=  1.8840E-03 ( 59, 25)
n=  5535   udiff=  1.1972E-03 ( 57, 28)   vdiff=  1.8808E-03 ( 59, 25)
n=  5536   udiff=  1.1947E-03 ( 57, 28)   vdiff=  1.8776E-03 ( 59, 25)
n=  5537   udiff=  1.1922E-03 ( 57, 28)   vdiff=  1.8744E-03 ( 59, 25)
n=  5538   udiff=  1.1897E-03 ( 57, 28)   vdiff=  1.8712E-03 ( 59, 25)
n=  5539   udiff=  1.1872E-03 ( 57, 28)   vdiff=  1.8680E-03 ( 59, 25)
n=  5540   udiff=  1.1847E-03 ( 57, 28)   vdiff=  1.8649E-03 ( 59, 25)
n=  5541   udiff=  1.1822E-03 ( 57, 28)   vdiff=  1.8617E-03 ( 59, 25)
n=  5542   udiff=  1.1797E-03 ( 57, 28)   vdiff=  1.8585E-03 ( 59, 25)
n=  5543   udiff=  1.1772E-03 ( 57, 28)   vdiff=  1.8553E-03 ( 59, 25)
n=  5544   udiff=  1.1747E-03 ( 57, 28)   vdiff=  1.8521E-03 ( 59, 25)
n=  5545   udiff=  1.1723E-03 ( 57, 28)   vdiff=  1.8490E-03 ( 59, 25)
n=  5546   udiff=  1.1698E-03 ( 57, 28)   vdiff=  1.8458E-03 ( 59, 25)
n=  5547   udiff=  1.1673E-03 ( 57, 28)   vdiff=  1.8426E-03 ( 59, 25)
n=  5548   udiff=  1.1649E-03 ( 57, 28)   vdiff=  1.8395E-03 ( 59, 25)
n=  5549   udiff=  1.1624E-03 ( 57, 28)   vdiff=  1.8363E-03 ( 59, 25)
n=  5550   udiff=  1.1599E-03 ( 57, 28)   vdiff=  1.8331E-03 ( 59, 25)
n=  5551   udiff=  1.1575E-03 ( 57, 28)   vdiff=  1.8300E-03 ( 59, 25)
n=  5552   udiff=  1.1550E-03 ( 57, 28)   vdiff=  1.8268E-03 ( 59, 25)
n=  5553   udiff=  1.1526E-03 ( 57, 28)   vdiff=  1.8237E-03 ( 59, 25)
n=  5554   udiff=  1.1501E-03 ( 57, 28)   vdiff=  1.8205E-03 ( 59, 25)
n=  5555   udiff=  1.1477E-03 ( 57, 28)   vdiff=  1.8174E-03 ( 59, 25)
n=  5556   udiff=  1.1452E-03 ( 57, 28)   vdiff=  1.8142E-03 ( 59, 25)
n=  5557   udiff=  1.1428E-03 ( 57, 28)   vdiff=  1.8111E-03 ( 59, 25)
n=  5558   udiff=  1.1403E-03 ( 57, 28)   vdiff=  1.8079E-03 ( 59, 25)
n=  5559   udiff=  1.1379E-03 ( 57, 28)   vdiff=  1.8048E-03 ( 59, 25)
n=  5560   udiff=  1.1355E-03 ( 57, 28)   vdiff=  1.8017E-03 ( 59, 25)
n=  5561   udiff=  1.1330E-03 ( 57, 28)   vdiff=  1.7985E-03 ( 59, 25)
n=  5562   udiff=  1.1306E-03 ( 57, 28)   vdiff=  1.7954E-03 ( 59, 25)
n=  5563   udiff=  1.1282E-03 ( 57, 28)   vdiff=  1.7923E-03 ( 59, 25)
n=  5564   udiff=  1.1258E-03 ( 57, 28)   vdiff=  1.7892E-03 ( 59, 25)
n=  5565   udiff=  1.1234E-03 ( 57, 28)   vdiff=  1.7860E-03 ( 59, 25)
n=  5566   udiff=  1.1209E-03 ( 57, 28)   vdiff=  1.7829E-03 ( 59, 25)
n=  5567   udiff=  1.1185E-03 ( 57, 28)   vdiff=  1.7798E-03 ( 59, 25)
n=  5568   udiff=  1.1161E-03 ( 57, 28)   vdiff=  1.7767E-03 ( 59, 25)
n=  5569   udiff=  1.1137E-03 ( 57, 28)   vdiff=  1.7736E-03 ( 59, 25)
n=  5570   udiff=  1.1113E-03 ( 57, 28)   vdiff=  1.7705E-03 ( 59, 25)
n=  5571   udiff=  1.1089E-03 ( 57, 28)   vdiff=  1.7674E-03 ( 59, 25)
n=  5572   udiff=  1.1065E-03 ( 57, 28)   vdiff=  1.7643E-03 ( 59, 25)
n=  5573   udiff=  1.1041E-03 ( 57, 28)   vdiff=  1.7612E-03 ( 59, 25)
n=  5574   udiff=  1.1018E-03 ( 57, 28)   vdiff=  1.7581E-03 ( 59, 25)
n=  5575   udiff=  1.0994E-03 ( 57, 28)   vdiff=  1.7550E-03 ( 59, 25)
n=  5576   udiff=  1.0970E-03 ( 57, 28)   vdiff=  1.7519E-03 ( 59, 25)
n=  5577   udiff=  1.0946E-03 ( 57, 28)   vdiff=  1.7488E-03 ( 59, 25)
n=  5578   udiff=  1.0922E-03 ( 57, 28)   vdiff=  1.7457E-03 ( 59, 25)
n=  5579   udiff=  1.0898E-03 ( 57, 28)   vdiff=  1.7426E-03 ( 59, 25)
n=  5580   udiff=  1.0875E-03 ( 57, 28)   vdiff=  1.7395E-03 ( 59, 25)
n=  5581   udiff=  1.0851E-03 ( 57, 28)   vdiff=  1.7364E-03 ( 59, 25)
n=  5582   udiff=  1.0827E-03 ( 57, 28)   vdiff=  1.7334E-03 ( 59, 25)
n=  5583   udiff=  1.0804E-03 ( 57, 28)   vdiff=  1.7303E-03 ( 59, 25)
n=  5584   udiff=  1.0781E-03 ( 57, 27)   vdiff=  1.7272E-03 ( 59, 25)
n=  5585   udiff=  1.0760E-03 ( 57, 27)   vdiff=  1.7242E-03 ( 59, 25)
n=  5586   udiff=  1.0740E-03 ( 57, 27)   vdiff=  1.7211E-03 ( 59, 25)
n=  5587   udiff=  1.0719E-03 ( 57, 27)   vdiff=  1.7180E-03 ( 59, 25)
n=  5588   udiff=  1.0699E-03 ( 57, 27)   vdiff=  1.7150E-03 ( 59, 25)
n=  5589   udiff=  1.0678E-03 ( 57, 27)   vdiff=  1.7119E-03 ( 59, 25)
n=  5590   udiff=  1.0658E-03 ( 57, 27)   vdiff=  1.7089E-03 ( 59, 25)
n=  5591   udiff=  1.0638E-03 ( 57, 27)   vdiff=  1.7058E-03 ( 59, 25)
n=  5592   udiff=  1.0617E-03 ( 57, 27)   vdiff=  1.7028E-03 ( 59, 25)
n=  5593   udiff=  1.0597E-03 ( 57, 27)   vdiff=  1.6997E-03 ( 59, 25)
n=  5594   udiff=  1.0577E-03 ( 57, 27)   vdiff=  1.6967E-03 ( 59, 25)
n=  5595   udiff=  1.0557E-03 ( 57, 27)   vdiff=  1.6936E-03 ( 59, 25)
n=  5596   udiff=  1.0536E-03 ( 57, 27)   vdiff=  1.6906E-03 ( 59, 25)
n=  5597   udiff=  1.0516E-03 ( 57, 27)   vdiff=  1.6876E-03 ( 59, 25)
n=  5598   udiff=  1.0496E-03 ( 57, 27)   vdiff=  1.6845E-03 ( 59, 25)
n=  5599   udiff=  1.0476E-03 ( 57, 27)   vdiff=  1.6815E-03 ( 59, 25)
n=  5600   udiff=  1.0455E-03 ( 57, 27)   vdiff=  1.6785E-03 ( 59, 25)
n=  5601   udiff=  1.0435E-03 ( 57, 27)   vdiff=  1.6754E-03 ( 59, 25)
n=  5602   udiff=  1.0415E-03 ( 57, 27)   vdiff=  1.6724E-03 ( 59, 25)
n=  5603   udiff=  1.0395E-03 ( 57, 27)   vdiff=  1.6694E-03 ( 59, 25)
n=  5604   udiff=  1.0375E-03 ( 57, 27)   vdiff=  1.6664E-03 ( 59, 25)
n=  5605   udiff=  1.0355E-03 ( 57, 27)   vdiff=  1.6634E-03 ( 59, 25)
n=  5606   udiff=  1.0335E-03 ( 57, 27)   vdiff=  1.6603E-03 ( 59, 25)
n=  5607   udiff=  1.0315E-03 ( 57, 27)   vdiff=  1.6573E-03 ( 59, 25)
n=  5608   udiff=  1.0295E-03 ( 57, 27)   vdiff=  1.6543E-03 ( 59, 25)
n=  5609   udiff=  1.0275E-03 ( 57, 27)   vdiff=  1.6513E-03 ( 59, 25)
n=  5610   udiff=  1.0255E-03 ( 57, 27)   vdiff=  1.6483E-03 ( 59, 25)
n=  5611   udiff=  1.0235E-03 ( 57, 27)   vdiff=  1.6453E-03 ( 59, 25)
n=  5612   udiff=  1.0215E-03 ( 57, 27)   vdiff=  1.6423E-03 ( 59, 25)
n=  5613   udiff=  1.0195E-03 ( 57, 27)   vdiff=  1.6393E-03 ( 59, 25)
n=  5614   udiff=  1.0175E-03 ( 57, 27)   vdiff=  1.6363E-03 ( 59, 25)
n=  5615   udiff=  1.0155E-03 ( 57, 27)   vdiff=  1.6334E-03 ( 59, 25)
n=  5616   udiff=  1.0135E-03 ( 57, 27)   vdiff=  1.6304E-03 ( 59, 25)
n=  5617   udiff=  1.0115E-03 ( 57, 27)   vdiff=  1.6274E-03 ( 59, 25)
n=  5618   udiff=  1.0095E-03 ( 57, 27)   vdiff=  1.6244E-03 ( 59, 25)
n=  5619   udiff=  1.0075E-03 ( 57, 27)   vdiff=  1.6214E-03 ( 59, 25)
n=  5620   udiff=  1.0056E-03 ( 57, 27)   vdiff=  1.6185E-03 ( 59, 25)
n=  5621   udiff=  1.0036E-03 ( 57, 27)   vdiff=  1.6155E-03 ( 59, 25)
n=  5622   udiff=  1.0016E-03 ( 57, 27)   vdiff=  1.6125E-03 ( 59, 25)
n=  5623   udiff=  9.9962E-04 ( 57, 27)   vdiff=  1.6096E-03 ( 59, 25)
n=  5624   udiff=  9.9765E-04 ( 57, 27)   vdiff=  1.6066E-03 ( 59, 25)
n=  5625   udiff=  9.9567E-04 ( 57, 27)   vdiff=  1.6036E-03 ( 59, 25)
n=  5626   udiff=  9.9370E-04 ( 57, 27)   vdiff=  1.6007E-03 ( 59, 25)
n=  5627   udiff=  9.9173E-04 ( 57, 27)   vdiff=  1.5977E-03 ( 59, 25)
n=  5628   udiff=  9.8976E-04 ( 57, 27)   vdiff=  1.5948E-03 ( 59, 25)
n=  5629   udiff=  9.8779E-04 ( 57, 27)   vdiff=  1.5918E-03 ( 59, 25)
n=  5630   udiff=  9.8583E-04 ( 57, 27)   vdiff=  1.5889E-03 ( 59, 25)
n=  5631   udiff=  9.8387E-04 ( 57, 27)   vdiff=  1.5859E-03 ( 59, 25)
n=  5632   udiff=  9.8191E-04 ( 57, 27)   vdiff=  1.5830E-03 ( 59, 25)
n=  5633   udiff=  9.7995E-04 ( 57, 27)   vdiff=  1.5800E-03 ( 59, 25)
n=  5634   udiff=  9.7800E-04 ( 57, 27)   vdiff=  1.5771E-03 ( 59, 25)
n=  5635   udiff=  9.7604E-04 ( 57, 27)   vdiff=  1.5742E-03 ( 59, 25)
n=  5636   udiff=  9.7409E-04 ( 57, 27)   vdiff=  1.5712E-03 ( 59, 25)
n=  5637   udiff=  9.7214E-04 ( 57, 27)   vdiff=  1.5683E-03 ( 59, 25)
n=  5638   udiff=  9.7019E-04 ( 57, 27)   vdiff=  1.5654E-03 ( 59, 25)
n=  5639   udiff=  9.6823E-04 ( 57, 27)   vdiff=  1.5625E-03 ( 59, 25)
n=  5640   udiff=  9.6629E-04 ( 57, 27)   vdiff=  1.5596E-03 ( 59, 25)
n=  5641   udiff=  9.6435E-04 ( 57, 27)   vdiff=  1.5566E-03 ( 59, 25)
n=  5642   udiff=  9.6241E-04 ( 57, 27)   vdiff=  1.5537E-03 ( 59, 25)
n=  5643   udiff=  9.6046E-04 ( 57, 27)   vdiff=  1.5508E-03 ( 59, 25)
n=  5644   udiff=  9.5852E-04 ( 57, 27)   vdiff=  1.5479E-03 ( 59, 25)
n=  5645   udiff=  9.5659E-04 ( 57, 27)   vdiff=  1.5450E-03 ( 59, 25)
n=  5646   udiff=  9.5466E-04 ( 57, 27)   vdiff=  1.5421E-03 ( 59, 25)
n=  5647   udiff=  9.5272E-04 ( 57, 27)   vdiff=  1.5392E-03 ( 59, 25)
n=  5648   udiff=  9.5079E-04 ( 57, 27)   vdiff=  1.5363E-03 ( 59, 25)
n=  5649   udiff=  9.4886E-04 ( 57, 27)   vdiff=  1.5334E-03 ( 59, 25)
n=  5650   udiff=  9.4694E-04 ( 57, 27)   vdiff=  1.5305E-03 ( 59, 25)
n=  5651   udiff=  9.4501E-04 ( 57, 27)   vdiff=  1.5276E-03 ( 59, 25)
n=  5652   udiff=  9.4309E-04 ( 57, 27)   vdiff=  1.5247E-03 ( 59, 25)
n=  5653   udiff=  9.4117E-04 ( 57, 27)   vdiff=  1.5219E-03 ( 59, 25)
n=  5654   udiff=  9.3925E-04 ( 57, 27)   vdiff=  1.5190E-03 ( 59, 25)
n=  5655   udiff=  9.3733E-04 ( 57, 27)   vdiff=  1.5161E-03 ( 59, 25)
n=  5656   udiff=  9.3541E-04 ( 57, 27)   vdiff=  1.5132E-03 ( 59, 25)
n=  5657   udiff=  9.3350E-04 ( 57, 27)   vdiff=  1.5104E-03 ( 59, 25)
n=  5658   udiff=  9.3158E-04 ( 57, 27)   vdiff=  1.5075E-03 ( 59, 25)
n=  5659   udiff=  9.2968E-04 ( 57, 27)   vdiff=  1.5046E-03 ( 59, 25)
n=  5660   udiff=  9.2777E-04 ( 57, 27)   vdiff=  1.5018E-03 ( 59, 25)
n=  5661   udiff=  9.2586E-04 ( 57, 27)   vdiff=  1.4989E-03 ( 59, 25)
n=  5662   udiff=  9.2396E-04 ( 57, 27)   vdiff=  1.4960E-03 ( 59, 25)
n=  5663   udiff=  9.2205E-04 ( 57, 27)   vdiff=  1.4932E-03 ( 59, 25)
n=  5664   udiff=  9.2015E-04 ( 57, 27)   vdiff=  1.4903E-03 ( 59, 25)
n=  5665   udiff=  9.1825E-04 ( 57, 27)   vdiff=  1.4875E-03 ( 59, 25)
n=  5666   udiff=  9.1636E-04 ( 57, 27)   vdiff=  1.4846E-03 ( 59, 25)
n=  5667   udiff=  9.1446E-04 ( 57, 27)   vdiff=  1.4818E-03 ( 59, 25)
n=  5668   udiff=  9.1257E-04 ( 57, 27)   vdiff=  1.4790E-03 ( 59, 25)
n=  5669   udiff=  9.1068E-04 ( 57, 27)   vdiff=  1.4761E-03 ( 59, 25)
n=  5670   udiff=  9.0879E-04 ( 57, 27)   vdiff=  1.4733E-03 ( 59, 25)
n=  5671   udiff=  9.0690E-04 ( 57, 27)   vdiff=  1.4705E-03 ( 59, 25)
n=  5672   udiff=  9.0502E-04 ( 57, 27)   vdiff=  1.4676E-03 ( 59, 25)
n=  5673   udiff=  9.0313E-04 ( 57, 27)   vdiff=  1.4648E-03 ( 59, 25)
n=  5674   udiff=  9.0125E-04 ( 57, 27)   vdiff=  1.4620E-03 ( 59, 25)
n=  5675   udiff=  8.9937E-04 ( 57, 27)   vdiff=  1.4591E-03 ( 59, 25)
n=  5676   udiff=  8.9749E-04 ( 57, 27)   vdiff=  1.4563E-03 ( 59, 25)
n=  5677   udiff=  8.9561E-04 ( 57, 27)   vdiff=  1.4535E-03 ( 59, 25)
n=  5678   udiff=  8.9374E-04 ( 57, 27)   vdiff=  1.4507E-03 ( 59, 25)
n=  5679   udiff=  8.9187E-04 ( 57, 27)   vdiff=  1.4479E-03 ( 59, 25)
n=  5680   udiff=  8.9000E-04 ( 57, 27)   vdiff=  1.4451E-03 ( 59, 25)
n=  5681   udiff=  8.8813E-04 ( 57, 27)   vdiff=  1.4423E-03 ( 59, 25)
n=  5682   udiff=  8.8626E-04 ( 57, 27)   vdiff=  1.4395E-03 ( 59, 25)
n=  5683   udiff=  8.8440E-04 ( 57, 27)   vdiff=  1.4367E-03 ( 59, 25)
n=  5684   udiff=  8.8254E-04 ( 57, 27)   vdiff=  1.4339E-03 ( 59, 25)
n=  5685   udiff=  8.8068E-04 ( 57, 27)   vdiff=  1.4311E-03 ( 59, 25)
n=  5686   udiff=  8.7882E-04 ( 57, 27)   vdiff=  1.4283E-03 ( 59, 25)
n=  5687   udiff=  8.7696E-04 ( 57, 27)   vdiff=  1.4255E-03 ( 59, 25)
n=  5688   udiff=  8.7511E-04 ( 57, 27)   vdiff=  1.4226E-03 ( 59, 25)
n=  5689   udiff=  8.7326E-04 ( 57, 27)   vdiff=  1.4198E-03 ( 59, 25)
n=  5690   udiff=  8.7141E-04 ( 57, 27)   vdiff=  1.4169E-03 ( 59, 25)
n=  5691   udiff=  8.6956E-04 ( 57, 27)   vdiff=  1.4141E-03 ( 59, 25)
n=  5692   udiff=  8.6771E-04 ( 57, 27)   vdiff=  1.4112E-03 ( 59, 25)
n=  5693   udiff=  8.6588E-04 ( 57, 27)   vdiff=  1.4084E-03 ( 59, 25)
n=  5694   udiff=  8.6402E-04 ( 57, 27)   vdiff=  1.4056E-03 ( 59, 25)
n=  5695   udiff=  8.6218E-04 ( 57, 27)   vdiff=  1.4027E-03 ( 59, 25)
n=  5696   udiff=  8.6035E-04 ( 57, 27)   vdiff=  1.3999E-03 ( 59, 25)
n=  5697   udiff=  8.5852E-04 ( 57, 27)   vdiff=  1.3971E-03 ( 59, 25)
n=  5698   udiff=  8.5668E-04 ( 57, 27)   vdiff=  1.3943E-03 ( 59, 25)
n=  5699   udiff=  8.5484E-04 ( 57, 27)   vdiff=  1.3915E-03 ( 59, 25)
n=  5700   udiff=  8.5302E-04 ( 57, 27)   vdiff=  1.3887E-03 ( 59, 25)
n=  5701   udiff=  8.5119E-04 ( 57, 27)   vdiff=  1.3858E-03 ( 59, 25)
n=  5702   udiff=  8.4936E-04 ( 57, 27)   vdiff=  1.3830E-03 ( 59, 25)
n=  5703   udiff=  8.4753E-04 ( 57, 27)   vdiff=  1.3802E-03 ( 59, 25)
n=  5704   udiff=  8.4571E-04 ( 57, 27)   vdiff=  1.3774E-03 ( 59, 25)
n=  5705   udiff=  8.4390E-04 ( 57, 27)   vdiff=  1.3747E-03 ( 59, 25)
n=  5706   udiff=  8.4208E-04 ( 57, 27)   vdiff=  1.3719E-03 ( 59, 25)
n=  5707   udiff=  8.4026E-04 ( 57, 27)   vdiff=  1.3691E-03 ( 59, 25)
n=  5708   udiff=  8.3844E-04 ( 57, 27)   vdiff=  1.3663E-03 ( 59, 25)
n=  5709   udiff=  8.3663E-04 ( 57, 27)   vdiff=  1.3635E-03 ( 59, 25)
n=  5710   udiff=  8.3482E-04 ( 57, 27)   vdiff=  1.3607E-03 ( 59, 25)
n=  5711   udiff=  8.3301E-04 ( 57, 27)   vdiff=  1.3580E-03 ( 59, 25)
n=  5712   udiff=  8.3121E-04 ( 57, 27)   vdiff=  1.3552E-03 ( 59, 25)
n=  5713   udiff=  8.2940E-04 ( 57, 27)   vdiff=  1.3524E-03 ( 59, 25)
n=  5714   udiff=  8.2760E-04 ( 57, 27)   vdiff=  1.3497E-03 ( 59, 25)
n=  5715   udiff=  8.2579E-04 ( 57, 27)   vdiff=  1.3469E-03 ( 59, 25)
n=  5716   udiff=  8.2400E-04 ( 57, 27)   vdiff=  1.3442E-03 ( 59, 25)
n=  5717   udiff=  8.2220E-04 ( 57, 27)   vdiff=  1.3414E-03 ( 59, 25)
n=  5718   udiff=  8.2040E-04 ( 57, 27)   vdiff=  1.3387E-03 ( 59, 25)
n=  5719   udiff=  8.1861E-04 ( 57, 27)   vdiff=  1.3359E-03 ( 59, 25)
n=  5720   udiff=  8.1682E-04 ( 57, 27)   vdiff=  1.3332E-03 ( 59, 25)
n=  5721   udiff=  8.1503E-04 ( 57, 27)   vdiff=  1.3305E-03 ( 59, 25)
n=  5722   udiff=  8.1324E-04 ( 57, 27)   vdiff=  1.3277E-03 ( 59, 25)
n=  5723   udiff=  8.1146E-04 ( 57, 27)   vdiff=  1.3250E-03 ( 59, 25)
n=  5724   udiff=  8.0967E-04 ( 57, 27)   vdiff=  1.3223E-03 ( 59, 25)
n=  5725   udiff=  8.0790E-04 ( 57, 27)   vdiff=  1.3196E-03 ( 59, 25)
n=  5726   udiff=  8.0611E-04 ( 57, 27)   vdiff=  1.3168E-03 ( 59, 25)
n=  5727   udiff=  8.0434E-04 ( 57, 27)   vdiff=  1.3141E-03 ( 59, 25)
n=  5728   udiff=  8.0256E-04 ( 57, 27)   vdiff=  1.3114E-03 ( 59, 25)
n=  5729   udiff=  8.0079E-04 ( 57, 27)   vdiff=  1.3087E-03 ( 59, 25)
n=  5730   udiff=  7.9902E-04 ( 57, 27)   vdiff=  1.3060E-03 ( 59, 25)
n=  5731   udiff=  7.9725E-04 ( 57, 27)   vdiff=  1.3033E-03 ( 59, 25)
n=  5732   udiff=  7.9548E-04 ( 57, 27)   vdiff=  1.3006E-03 ( 59, 25)
n=  5733   udiff=  7.9371E-04 ( 57, 27)   vdiff=  1.2979E-03 ( 59, 25)
n=  5734   udiff=  7.9195E-04 ( 57, 27)   vdiff=  1.2952E-03 ( 59, 25)
n=  5735   udiff=  7.9019E-04 ( 57, 27)   vdiff=  1.2925E-03 ( 59, 25)
n=  5736   udiff=  7.8843E-04 ( 57, 27)   vdiff=  1.2899E-03 ( 59, 25)
n=  5737   udiff=  7.8667E-04 ( 57, 27)   vdiff=  1.2872E-03 ( 59, 25)
n=  5738   udiff=  7.8492E-04 ( 57, 27)   vdiff=  1.2845E-03 ( 59, 25)
n=  5739   udiff=  7.8316E-04 ( 57, 27)   vdiff=  1.2818E-03 ( 59, 25)
n=  5740   udiff=  7.8141E-04 ( 57, 27)   vdiff=  1.2792E-03 ( 59, 25)
n=  5741   udiff=  7.7967E-04 ( 57, 27)   vdiff=  1.2765E-03 ( 59, 25)
n=  5742   udiff=  7.7792E-04 ( 57, 27)   vdiff=  1.2738E-03 ( 59, 25)
n=  5743   udiff=  7.7617E-04 ( 57, 27)   vdiff=  1.2712E-03 ( 59, 25)
n=  5744   udiff=  7.7443E-04 ( 57, 27)   vdiff=  1.2685E-03 ( 59, 25)
n=  5745   udiff=  7.7269E-04 ( 57, 27)   vdiff=  1.2659E-03 ( 59, 25)
n=  5746   udiff=  7.7095E-04 ( 57, 27)   vdiff=  1.2632E-03 ( 59, 25)
n=  5747   udiff=  7.6934E-04 ( 58, 27)   vdiff=  1.2606E-03 ( 59, 25)
n=  5748   udiff=  7.6779E-04 ( 58, 27)   vdiff=  1.2579E-03 ( 59, 25)
n=  5749   udiff=  7.6625E-04 ( 58, 27)   vdiff=  1.2553E-03 ( 59, 25)
n=  5750   udiff=  7.6470E-04 ( 58, 27)   vdiff=  1.2527E-03 ( 59, 25)
n=  5751   udiff=  7.6316E-04 ( 58, 27)   vdiff=  1.2500E-03 ( 59, 25)
n=  5752   udiff=  7.6162E-04 ( 58, 27)   vdiff=  1.2474E-03 ( 59, 25)
n=  5753   udiff=  7.6008E-04 ( 58, 27)   vdiff=  1.2448E-03 ( 59, 25)
n=  5754   udiff=  7.5854E-04 ( 58, 27)   vdiff=  1.2422E-03 ( 59, 25)
n=  5755   udiff=  7.5701E-04 ( 58, 27)   vdiff=  1.2396E-03 ( 59, 25)
n=  5756   udiff=  7.5547E-04 ( 58, 27)   vdiff=  1.2369E-03 ( 59, 25)
n=  5757   udiff=  7.5393E-04 ( 58, 27)   vdiff=  1.2343E-03 ( 59, 25)
n=  5758   udiff=  7.5240E-04 ( 58, 27)   vdiff=  1.2317E-03 ( 59, 25)
n=  5759   udiff=  7.5087E-04 ( 58, 27)   vdiff=  1.2291E-03 ( 59, 25)
n=  5760   udiff=  7.4935E-04 ( 58, 27)   vdiff=  1.2265E-03 ( 59, 25)
n=  5761   udiff=  7.4782E-04 ( 58, 27)   vdiff=  1.2239E-03 ( 59, 25)
n=  5762   udiff=  7.4629E-04 ( 58, 27)   vdiff=  1.2213E-03 ( 59, 25)
n=  5763   udiff=  7.4477E-04 ( 58, 27)   vdiff=  1.2187E-03 ( 59, 25)
n=  5764   udiff=  7.4324E-04 ( 58, 27)   vdiff=  1.2161E-03 ( 59, 25)
n=  5765   udiff=  7.4172E-04 ( 58, 27)   vdiff=  1.2136E-03 ( 59, 25)
n=  5766   udiff=  7.4020E-04 ( 58, 27)   vdiff=  1.2110E-03 ( 59, 25)
n=  5767   udiff=  7.3869E-04 ( 58, 27)   vdiff=  1.2084E-03 ( 59, 25)
n=  5768   udiff=  7.3717E-04 ( 58, 27)   vdiff=  1.2058E-03 ( 59, 25)
n=  5769   udiff=  7.3566E-04 ( 58, 27)   vdiff=  1.2033E-03 ( 59, 25)
n=  5770   udiff=  7.3414E-04 ( 58, 27)   vdiff=  1.2007E-03 ( 59, 25)
n=  5771   udiff=  7.3264E-04 ( 58, 27)   vdiff=  1.1981E-03 ( 59, 25)
n=  5772   udiff=  7.3113E-04 ( 58, 27)   vdiff=  1.1956E-03 ( 59, 25)
n=  5773   udiff=  7.2962E-04 ( 58, 27)   vdiff=  1.1930E-03 ( 59, 25)
n=  5774   udiff=  7.2811E-04 ( 58, 27)   vdiff=  1.1905E-03 ( 59, 25)
n=  5775   udiff=  7.2661E-04 ( 58, 27)   vdiff=  1.1879E-03 ( 59, 25)
n=  5776   udiff=  7.2511E-04 ( 58, 27)   vdiff=  1.1854E-03 ( 59, 25)
n=  5777   udiff=  7.2361E-04 ( 58, 27)   vdiff=  1.1828E-03 ( 59, 25)
n=  5778   udiff=  7.2210E-04 ( 58, 27)   vdiff=  1.1803E-03 ( 59, 25)
n=  5779   udiff=  7.2061E-04 ( 58, 27)   vdiff=  1.1777E-03 ( 59, 25)
n=  5780   udiff=  7.1911E-04 ( 58, 27)   vdiff=  1.1752E-03 ( 59, 25)
n=  5781   udiff=  7.1762E-04 ( 58, 27)   vdiff=  1.1727E-03 ( 59, 25)
n=  5782   udiff=  7.1613E-04 ( 58, 27)   vdiff=  1.1701E-03 ( 59, 25)
n=  5783   udiff=  7.1463E-04 ( 58, 27)   vdiff=  1.1676E-03 ( 59, 25)
n=  5784   udiff=  7.1314E-04 ( 58, 27)   vdiff=  1.1651E-03 ( 59, 25)
n=  5785   udiff=  7.1166E-04 ( 58, 27)   vdiff=  1.1626E-03 ( 59, 25)
n=  5786   udiff=  7.1017E-04 ( 58, 27)   vdiff=  1.1601E-03 ( 59, 25)
n=  5787   udiff=  7.0869E-04 ( 58, 27)   vdiff=  1.1576E-03 ( 59, 25)
n=  5788   udiff=  7.0720E-04 ( 58, 27)   vdiff=  1.1550E-03 ( 59, 25)
n=  5789   udiff=  7.0572E-04 ( 58, 27)   vdiff=  1.1525E-03 ( 59, 25)
n=  5790   udiff=  7.0424E-04 ( 58, 27)   vdiff=  1.1500E-03 ( 59, 25)
n=  5791   udiff=  7.0276E-04 ( 58, 27)   vdiff=  1.1475E-03 ( 59, 25)
n=  5792   udiff=  7.0129E-04 ( 58, 27)   vdiff=  1.1450E-03 ( 59, 25)
n=  5793   udiff=  6.9981E-04 ( 58, 27)   vdiff=  1.1426E-03 ( 59, 25)
n=  5794   udiff=  6.9834E-04 ( 58, 27)   vdiff=  1.1401E-03 ( 59, 25)
n=  5795   udiff=  6.9687E-04 ( 58, 27)   vdiff=  1.1376E-03 ( 59, 25)
n=  5796   udiff=  6.9540E-04 ( 58, 27)   vdiff=  1.1351E-03 ( 59, 25)
n=  5797   udiff=  6.9393E-04 ( 58, 27)   vdiff=  1.1326E-03 ( 59, 25)
n=  5798   udiff=  6.9246E-04 ( 58, 27)   vdiff=  1.1301E-03 ( 59, 25)
n=  5799   udiff=  6.9099E-04 ( 58, 27)   vdiff=  1.1277E-03 ( 59, 25)
n=  5800   udiff=  6.8953E-04 ( 58, 27)   vdiff=  1.1252E-03 ( 59, 25)
n=  5801   udiff=  6.8807E-04 ( 58, 27)   vdiff=  1.1227E-03 ( 59, 25)
n=  5802   udiff=  6.8661E-04 ( 58, 27)   vdiff=  1.1203E-03 ( 59, 25)
n=  5803   udiff=  6.8516E-04 ( 58, 27)   vdiff=  1.1178E-03 ( 59, 25)
n=  5804   udiff=  6.8370E-04 ( 58, 27)   vdiff=  1.1153E-03 ( 59, 25)
n=  5805   udiff=  6.8224E-04 ( 58, 27)   vdiff=  1.1129E-03 ( 59, 25)
n=  5806   udiff=  6.8079E-04 ( 58, 27)   vdiff=  1.1104E-03 ( 59, 25)
n=  5807   udiff=  6.7934E-04 ( 58, 27)   vdiff=  1.1080E-03 ( 59, 25)
n=  5808   udiff=  6.7789E-04 ( 58, 27)   vdiff=  1.1055E-03 ( 59, 25)
n=  5809   udiff=  6.7644E-04 ( 58, 27)   vdiff=  1.1031E-03 ( 59, 25)
n=  5810   udiff=  6.7499E-04 ( 58, 27)   vdiff=  1.1007E-03 ( 59, 25)
n=  5811   udiff=  6.7354E-04 ( 58, 27)   vdiff=  1.0982E-03 ( 59, 25)
n=  5812   udiff=  6.7210E-04 ( 58, 27)   vdiff=  1.0958E-03 ( 59, 25)
n=  5813   udiff=  6.7066E-04 ( 58, 27)   vdiff=  1.0934E-03 ( 59, 25)
n=  5814   udiff=  6.6922E-04 ( 58, 27)   vdiff=  1.0910E-03 ( 59, 25)
n=  5815   udiff=  6.6778E-04 ( 58, 27)   vdiff=  1.0885E-03 ( 59, 25)
n=  5816   udiff=  6.6634E-04 ( 58, 27)   vdiff=  1.0861E-03 ( 59, 25)
n=  5817   udiff=  6.6491E-04 ( 58, 27)   vdiff=  1.0837E-03 ( 59, 25)
n=  5818   udiff=  6.6348E-04 ( 58, 27)   vdiff=  1.0813E-03 ( 59, 25)
n=  5819   udiff=  6.6205E-04 ( 58, 27)   vdiff=  1.0789E-03 ( 59, 25)
n=  5820   udiff=  6.6061E-04 ( 58, 27)   vdiff=  1.0765E-03 ( 59, 25)
n=  5821   udiff=  6.5919E-04 ( 58, 27)   vdiff=  1.0741E-03 ( 59, 25)
n=  5822   udiff=  6.5776E-04 ( 58, 27)   vdiff=  1.0717E-03 ( 59, 25)
n=  5823   udiff=  6.5633E-04 ( 58, 27)   vdiff=  1.0693E-03 ( 59, 25)
n=  5824   udiff=  6.5491E-04 ( 58, 27)   vdiff=  1.0669E-03 ( 59, 25)
n=  5825   udiff=  6.5349E-04 ( 58, 27)   vdiff=  1.0645E-03 ( 59, 25)
n=  5826   udiff=  6.5207E-04 ( 58, 27)   vdiff=  1.0621E-03 ( 59, 25)
n=  5827   udiff=  6.5065E-04 ( 58, 27)   vdiff=  1.0597E-03 ( 59, 25)
n=  5828   udiff=  6.4923E-04 ( 58, 27)   vdiff=  1.0573E-03 ( 59, 25)
n=  5829   udiff=  6.4782E-04 ( 58, 27)   vdiff=  1.0550E-03 ( 59, 25)
n=  5830   udiff=  6.4641E-04 ( 58, 27)   vdiff=  1.0526E-03 ( 59, 25)
n=  5831   udiff=  6.4499E-04 ( 58, 27)   vdiff=  1.0502E-03 ( 59, 25)
n=  5832   udiff=  6.4358E-04 ( 58, 27)   vdiff=  1.0478E-03 ( 59, 25)
n=  5833   udiff=  6.4218E-04 ( 58, 27)   vdiff=  1.0455E-03 ( 59, 25)
n=  5834   udiff=  6.4077E-04 ( 58, 27)   vdiff=  1.0431E-03 ( 59, 25)
n=  5835   udiff=  6.3936E-04 ( 58, 27)   vdiff=  1.0408E-03 ( 59, 25)
n=  5836   udiff=  6.3796E-04 ( 58, 27)   vdiff=  1.0384E-03 ( 59, 25)
n=  5837   udiff=  6.3656E-04 ( 58, 27)   vdiff=  1.0360E-03 ( 59, 25)
n=  5838   udiff=  6.3516E-04 ( 58, 27)   vdiff=  1.0337E-03 ( 59, 25)
n=  5839   udiff=  6.3376E-04 ( 58, 27)   vdiff=  1.0313E-03 ( 59, 25)
n=  5840   udiff=  6.3236E-04 ( 58, 27)   vdiff=  1.0290E-03 ( 59, 25)
n=  5841   udiff=  6.3097E-04 ( 58, 27)   vdiff=  1.0267E-03 ( 59, 25)
n=  5842   udiff=  6.2957E-04 ( 58, 27)   vdiff=  1.0243E-03 ( 59, 25)
n=  5843   udiff=  6.2818E-04 ( 58, 27)   vdiff=  1.0220E-03 ( 59, 25)
n=  5844   udiff=  6.2679E-04 ( 58, 27)   vdiff=  1.0197E-03 ( 59, 25)
n=  5845   udiff=  6.2540E-04 ( 58, 27)   vdiff=  1.0173E-03 ( 59, 25)
n=  5846   udiff=  6.2402E-04 ( 58, 27)   vdiff=  1.0150E-03 ( 59, 25)
n=  5847   udiff=  6.2263E-04 ( 58, 27)   vdiff=  1.0127E-03 ( 59, 25)
n=  5848   udiff=  6.2125E-04 ( 58, 27)   vdiff=  1.0104E-03 ( 59, 25)
n=  5849   udiff=  6.1987E-04 ( 58, 27)   vdiff=  1.0081E-03 ( 59, 25)
n=  5850   udiff=  6.1849E-04 ( 58, 27)   vdiff=  1.0057E-03 ( 59, 25)
n=  5851   udiff=  6.1711E-04 ( 58, 27)   vdiff=  1.0034E-03 ( 59, 25)
n=  5852   udiff=  6.1573E-04 ( 58, 27)   vdiff=  1.0011E-03 ( 59, 25)
n=  5853   udiff=  6.1435E-04 ( 58, 27)   vdiff=  9.9882E-04 ( 59, 25)
n=  5854   udiff=  6.1298E-04 ( 58, 27)   vdiff=  9.9653E-04 ( 59, 25)
n=  5855   udiff=  6.1161E-04 ( 58, 27)   vdiff=  9.9423E-04 ( 59, 25)
n=  5856   udiff=  6.1024E-04 ( 58, 27)   vdiff=  9.9194E-04 ( 59, 25)
n=  5857   udiff=  6.0887E-04 ( 58, 27)   vdiff=  9.8964E-04 ( 59, 25)
n=  5858   udiff=  6.0750E-04 ( 58, 27)   vdiff=  9.8735E-04 ( 59, 25)
n=  5859   udiff=  6.0614E-04 ( 58, 27)   vdiff=  9.8506E-04 ( 59, 25)
n=  5860   udiff=  6.0477E-04 ( 58, 27)   vdiff=  9.8279E-04 ( 59, 25)
n=  5861   udiff=  6.0341E-04 ( 58, 27)   vdiff=  9.8051E-04 ( 59, 25)
n=  5862   udiff=  6.0205E-04 ( 58, 27)   vdiff=  9.7823E-04 ( 59, 25)
n=  5863   udiff=  6.0069E-04 ( 58, 27)   vdiff=  9.7596E-04 ( 59, 25)
n=  5864   udiff=  5.9934E-04 ( 58, 27)   vdiff=  9.7369E-04 ( 59, 25)
n=  5865   udiff=  5.9798E-04 ( 58, 27)   vdiff=  9.7142E-04 ( 59, 25)
n=  5866   udiff=  5.9663E-04 ( 58, 27)   vdiff=  9.6916E-04 ( 59, 25)
n=  5867   udiff=  5.9528E-04 ( 58, 27)   vdiff=  9.6690E-04 ( 59, 25)
n=  5868   udiff=  5.9393E-04 ( 58, 27)   vdiff=  9.6464E-04 ( 59, 25)
n=  5869   udiff=  5.9258E-04 ( 58, 27)   vdiff=  9.6239E-04 ( 59, 25)
n=  5870   udiff=  5.9123E-04 ( 58, 27)   vdiff=  9.6014E-04 ( 59, 25)
n=  5871   udiff=  5.8989E-04 ( 58, 27)   vdiff=  9.5790E-04 ( 59, 25)
n=  5872   udiff=  5.8854E-04 ( 58, 27)   vdiff=  9.5564E-04 ( 59, 25)
n=  5873   udiff=  5.8720E-04 ( 58, 27)   vdiff=  9.5340E-04 ( 59, 25)
n=  5874   udiff=  5.8586E-04 ( 58, 27)   vdiff=  9.5117E-04 ( 59, 25)
n=  5875   udiff=  5.8452E-04 ( 58, 27)   vdiff=  9.4893E-04 ( 59, 25)
n=  5876   udiff=  5.8319E-04 ( 58, 27)   vdiff=  9.4670E-04 ( 59, 25)
n=  5877   udiff=  5.8186E-04 ( 58, 27)   vdiff=  9.4447E-04 ( 59, 25)
n=  5878   udiff=  5.8052E-04 ( 58, 27)   vdiff=  9.4224E-04 ( 59, 25)
n=  5879   udiff=  5.7919E-04 ( 58, 27)   vdiff=  9.4002E-04 ( 59, 25)
n=  5880   udiff=  5.7786E-04 ( 58, 27)   vdiff=  9.3779E-04 ( 59, 25)
n=  5881   udiff=  5.7653E-04 ( 58, 27)   vdiff=  9.3558E-04 ( 59, 25)
n=  5882   udiff=  5.7520E-04 ( 58, 27)   vdiff=  9.3337E-04 ( 59, 25)
n=  5883   udiff=  5.7388E-04 ( 58, 27)   vdiff=  9.3115E-04 ( 59, 25)
n=  5884   udiff=  5.7255E-04 ( 58, 27)   vdiff=  9.2894E-04 ( 59, 25)
n=  5885   udiff=  5.7123E-04 ( 58, 27)   vdiff=  9.2674E-04 ( 59, 25)
n=  5886   udiff=  5.6991E-04 ( 58, 27)   vdiff=  9.2454E-04 ( 59, 25)
n=  5887   udiff=  5.6859E-04 ( 58, 27)   vdiff=  9.2234E-04 ( 59, 25)
n=  5888   udiff=  5.6728E-04 ( 58, 27)   vdiff=  9.2014E-04 ( 59, 25)
n=  5889   udiff=  5.6597E-04 ( 58, 27)   vdiff=  9.1796E-04 ( 59, 25)
n=  5890   udiff=  5.6466E-04 ( 58, 27)   vdiff=  9.1577E-04 ( 59, 25)
n=  5891   udiff=  5.6334E-04 ( 58, 27)   vdiff=  9.1358E-04 ( 59, 25)
n=  5892   udiff=  5.6203E-04 ( 58, 27)   vdiff=  9.1139E-04 ( 59, 25)
n=  5893   udiff=  5.6073E-04 ( 58, 27)   vdiff=  9.0922E-04 ( 59, 25)
n=  5894   udiff=  5.5942E-04 ( 58, 27)   vdiff=  9.0704E-04 ( 59, 25)
n=  5895   udiff=  5.5811E-04 ( 58, 27)   vdiff=  9.0486E-04 ( 59, 25)
n=  5896   udiff=  5.5681E-04 ( 58, 27)   vdiff=  9.0269E-04 ( 59, 25)
n=  5897   udiff=  5.5551E-04 ( 58, 27)   vdiff=  9.0051E-04 ( 59, 25)
n=  5898   udiff=  5.5421E-04 ( 58, 27)   vdiff=  8.9834E-04 ( 59, 25)
n=  5899   udiff=  5.5291E-04 ( 58, 27)   vdiff=  8.9619E-04 ( 59, 25)
n=  5900   udiff=  5.5161E-04 ( 58, 27)   vdiff=  8.9403E-04 ( 59, 25)
n=  5901   udiff=  5.5032E-04 ( 58, 27)   vdiff=  8.9188E-04 ( 59, 25)
n=  5902   udiff=  5.4903E-04 ( 58, 27)   vdiff=  8.8973E-04 ( 59, 25)
n=  5903   udiff=  5.4774E-04 ( 58, 27)   vdiff=  8.8757E-04 ( 59, 25)
n=  5904   udiff=  5.4645E-04 ( 58, 27)   vdiff=  8.8543E-04 ( 59, 25)
n=  5905   udiff=  5.4516E-04 ( 58, 27)   vdiff=  8.8328E-04 ( 59, 25)
n=  5906   udiff=  5.4388E-04 ( 58, 27)   vdiff=  8.8114E-04 ( 59, 25)
n=  5907   udiff=  5.4259E-04 ( 58, 27)   vdiff=  8.7900E-04 ( 59, 25)
n=  5908   udiff=  5.4130E-04 ( 58, 27)   vdiff=  8.7686E-04 ( 59, 25)
n=  5909   udiff=  5.4003E-04 ( 58, 27)   vdiff=  8.7473E-04 ( 59, 25)
n=  5910   udiff=  5.3874E-04 ( 58, 27)   vdiff=  8.7259E-04 ( 59, 25)
n=  5911   udiff=  5.3747E-04 ( 58, 27)   vdiff=  8.7048E-04 ( 59, 25)
n=  5912   udiff=  5.3619E-04 ( 58, 27)   vdiff=  8.6836E-04 ( 59, 25)
n=  5913   udiff=  5.3492E-04 ( 58, 27)   vdiff=  8.6623E-04 ( 59, 25)
n=  5914   udiff=  5.3365E-04 ( 58, 27)   vdiff=  8.6412E-04 ( 59, 25)
n=  5915   udiff=  5.3237E-04 ( 58, 27)   vdiff=  8.6200E-04 ( 59, 25)
n=  5916   udiff=  5.3111E-04 ( 58, 27)   vdiff=  8.5989E-04 ( 59, 25)
n=  5917   udiff=  5.2983E-04 ( 58, 27)   vdiff=  8.5777E-04 ( 59, 25)
n=  5918   udiff=  5.2857E-04 ( 58, 27)   vdiff=  8.5568E-04 ( 59, 25)
n=  5919   udiff=  5.2731E-04 ( 58, 27)   vdiff=  8.5358E-04 ( 59, 25)
n=  5920   udiff=  5.2604E-04 ( 58, 27)   vdiff=  8.5147E-04 ( 59, 25)
n=  5921   udiff=  5.2478E-04 ( 58, 27)   vdiff=  8.4938E-04 ( 59, 25)
n=  5922   udiff=  5.2352E-04 ( 58, 27)   vdiff=  8.4728E-04 ( 59, 25)
n=  5923   udiff=  5.2226E-04 ( 58, 27)   vdiff=  8.4519E-04 ( 59, 25)
n=  5924   udiff=  5.2101E-04 ( 58, 27)   vdiff=  8.4311E-04 ( 59, 25)
n=  5925   udiff=  5.1976E-04 ( 58, 27)   vdiff=  8.4102E-04 ( 59, 25)
n=  5926   udiff=  5.1850E-04 ( 58, 27)   vdiff=  8.3893E-04 ( 59, 25)
n=  5927   udiff=  5.1725E-04 ( 58, 27)   vdiff=  8.3686E-04 ( 59, 25)
n=  5928   udiff=  5.1600E-04 ( 58, 27)   vdiff=  8.3478E-04 ( 59, 25)
n=  5929   udiff=  5.1476E-04 ( 58, 27)   vdiff=  8.3272E-04 ( 59, 25)
n=  5930   udiff=  5.1351E-04 ( 58, 27)   vdiff=  8.3063E-04 ( 59, 25)
n=  5931   udiff=  5.1226E-04 ( 58, 27)   vdiff=  8.2857E-04 ( 59, 25)
n=  5932   udiff=  5.1102E-04 ( 58, 27)   vdiff=  8.2651E-04 ( 59, 25)
n=  5933   udiff=  5.0978E-04 ( 58, 27)   vdiff=  8.2445E-04 ( 59, 25)
n=  5934   udiff=  5.0854E-04 ( 58, 27)   vdiff=  8.2239E-04 ( 59, 25)
n=  5935   udiff=  5.0730E-04 ( 58, 27)   vdiff=  8.2033E-04 ( 59, 25)
n=  5936   udiff=  5.0607E-04 ( 58, 27)   vdiff=  8.1829E-04 ( 59, 25)
n=  5937   udiff=  5.0484E-04 ( 58, 27)   vdiff=  8.1624E-04 ( 59, 25)
n=  5938   udiff=  5.0361E-04 ( 58, 27)   vdiff=  8.1419E-04 ( 59, 25)
n=  5939   udiff=  5.0237E-04 ( 58, 27)   vdiff=  8.1215E-04 ( 59, 25)
n=  5940   udiff=  5.0114E-04 ( 58, 27)   vdiff=  8.1010E-04 ( 59, 25)
n=  5941   udiff=  4.9992E-04 ( 58, 27)   vdiff=  8.0808E-04 ( 59, 25)
n=  5942   udiff=  4.9869E-04 ( 58, 27)   vdiff=  8.0603E-04 ( 59, 25)
n=  5943   udiff=  4.9747E-04 ( 58, 27)   vdiff=  8.0401E-04 ( 59, 25)
n=  5944   udiff=  4.9625E-04 ( 58, 27)   vdiff=  8.0198E-04 ( 59, 25)
n=  5945   udiff=  4.9502E-04 ( 58, 27)   vdiff=  7.9996E-04 ( 59, 25)
n=  5946   udiff=  4.9380E-04 ( 58, 27)   vdiff=  7.9793E-04 ( 59, 25)
n=  5947   udiff=  4.9259E-04 ( 58, 27)   vdiff=  7.9591E-04 ( 59, 25)
n=  5948   udiff=  4.9137E-04 ( 58, 27)   vdiff=  7.9390E-04 ( 59, 25)
n=  5949   udiff=  4.9016E-04 ( 58, 27)   vdiff=  7.9188E-04 ( 59, 25)
n=  5950   udiff=  4.8895E-04 ( 58, 27)   vdiff=  7.8987E-04 ( 59, 25)
n=  5951   udiff=  4.8773E-04 ( 58, 27)   vdiff=  7.8786E-04 ( 59, 25)
n=  5952   udiff=  4.8653E-04 ( 58, 27)   vdiff=  7.8586E-04 ( 59, 25)
n=  5953   udiff=  4.8532E-04 ( 58, 27)   vdiff=  7.8386E-04 ( 59, 25)
n=  5954   udiff=  4.8412E-04 ( 58, 27)   vdiff=  7.8186E-04 ( 59, 25)
n=  5955   udiff=  4.8291E-04 ( 58, 27)   vdiff=  7.7986E-04 ( 59, 25)
n=  5956   udiff=  4.8171E-04 ( 58, 27)   vdiff=  7.7787E-04 ( 59, 25)
n=  5957   udiff=  4.8051E-04 ( 58, 27)   vdiff=  7.7588E-04 ( 59, 25)
n=  5958   udiff=  4.7931E-04 ( 58, 27)   vdiff=  7.7389E-04 ( 59, 25)
n=  5959   udiff=  4.7811E-04 ( 58, 27)   vdiff=  7.7191E-04 ( 59, 25)
n=  5960   udiff=  4.7691E-04 ( 58, 27)   vdiff=  7.6993E-04 ( 59, 25)
n=  5961   udiff=  4.7573E-04 ( 58, 27)   vdiff=  7.6796E-04 ( 59, 25)
n=  5962   udiff=  4.7453E-04 ( 58, 27)   vdiff=  7.6598E-04 ( 59, 25)
n=  5963   udiff=  4.7333E-04 ( 58, 27)   vdiff=  7.6400E-04 ( 59, 25)
n=  5964   udiff=  4.7215E-04 ( 58, 27)   vdiff=  7.6203E-04 ( 59, 25)
n=  5965   udiff=  4.7096E-04 ( 58, 27)   vdiff=  7.6007E-04 ( 59, 25)
n=  5966   udiff=  4.6978E-04 ( 58, 27)   vdiff=  7.5811E-04 ( 59, 25)
n=  5967   udiff=  4.6859E-04 ( 58, 27)   vdiff=  7.5615E-04 ( 59, 25)
n=  5968   udiff=  4.6741E-04 ( 58, 27)   vdiff=  7.5419E-04 ( 59, 25)
n=  5969   udiff=  4.6623E-04 ( 58, 27)   vdiff=  7.5223E-04 ( 59, 25)
n=  5970   udiff=  4.6505E-04 ( 58, 27)   vdiff=  7.5028E-04 ( 59, 25)
n=  5971   udiff=  4.6387E-04 ( 58, 27)   vdiff=  7.4833E-04 ( 59, 25)
n=  5972   udiff=  4.6270E-04 ( 58, 27)   vdiff=  7.4639E-04 ( 59, 25)
n=  5973   udiff=  4.6153E-04 ( 58, 27)   vdiff=  7.4445E-04 ( 59, 25)
n=  5974   udiff=  4.6035E-04 ( 58, 27)   vdiff=  7.4250E-04 ( 59, 25)
n=  5975   udiff=  4.5918E-04 ( 58, 27)   vdiff=  7.4057E-04 ( 59, 25)
n=  5976   udiff=  4.5802E-04 ( 58, 27)   vdiff=  7.3863E-04 ( 59, 25)
n=  5977   udiff=  4.5685E-04 ( 58, 27)   vdiff=  7.3670E-04 ( 59, 25)
n=  5978   udiff=  4.5568E-04 ( 58, 27)   vdiff=  7.3477E-04 ( 59, 25)
n=  5979   udiff=  4.5452E-04 ( 58, 27)   vdiff=  7.3285E-04 ( 59, 25)
n=  5980   udiff=  4.5336E-04 ( 58, 27)   vdiff=  7.3093E-04 ( 59, 25)
n=  5981   udiff=  4.5219E-04 ( 58, 27)   vdiff=  7.2901E-04 ( 59, 25)
n=  5982   udiff=  4.5104E-04 ( 58, 27)   vdiff=  7.2709E-04 ( 59, 25)
n=  5983   udiff=  4.4988E-04 ( 58, 27)   vdiff=  7.2518E-04 ( 59, 25)
n=  5984   udiff=  4.4872E-04 ( 58, 27)   vdiff=  7.2326E-04 ( 59, 25)
n=  5985   udiff=  4.4757E-04 ( 58, 27)   vdiff=  7.2135E-04 ( 59, 25)
n=  5986   udiff=  4.4642E-04 ( 58, 27)   vdiff=  7.1946E-04 ( 59, 25)
n=  5987   udiff=  4.4527E-04 ( 58, 27)   vdiff=  7.1755E-04 ( 59, 25)
n=  5988   udiff=  4.4412E-04 ( 58, 27)   vdiff=  7.1565E-04 ( 59, 25)
n=  5989   udiff=  4.4297E-04 ( 58, 27)   vdiff=  7.1375E-04 ( 59, 25)
n=  5990   udiff=  4.4182E-04 ( 58, 27)   vdiff=  7.1186E-04 ( 59, 25)
n=  5991   udiff=  4.4069E-04 ( 58, 27)   vdiff=  7.0998E-04 ( 59, 25)
n=  5992   udiff=  4.3954E-04 ( 58, 27)   vdiff=  7.0808E-04 ( 59, 25)
n=  5993   udiff=  4.3840E-04 ( 58, 27)   vdiff=  7.0620E-04 ( 59, 25)
n=  5994   udiff=  4.3726E-04 ( 58, 27)   vdiff=  7.0432E-04 ( 59, 25)
n=  5995   udiff=  4.3612E-04 ( 58, 27)   vdiff=  7.0243E-04 ( 59, 25)
n=  5996   udiff=  4.3499E-04 ( 58, 27)   vdiff=  7.0056E-04 ( 59, 25)
n=  5997   udiff=  4.3385E-04 ( 58, 27)   vdiff=  6.9869E-04 ( 59, 25)
n=  5998   udiff=  4.3272E-04 ( 58, 27)   vdiff=  6.9682E-04 ( 59, 25)
n=  5999   udiff=  4.3159E-04 ( 58, 27)   vdiff=  6.9495E-04 ( 59, 25)
n=  6000   udiff=  4.3046E-04 ( 58, 27)   vdiff=  6.9309E-04 ( 59, 25)
n=  6001   udiff=  4.2933E-04 ( 58, 27)   vdiff=  6.9122E-04 ( 59, 25)
n=  6002   udiff=  4.2821E-04 ( 58, 27)   vdiff=  6.8937E-04 ( 59, 25)
n=  6003   udiff=  4.2708E-04 ( 58, 27)   vdiff=  6.8751E-04 ( 59, 25)
n=  6004   udiff=  4.2596E-04 ( 58, 27)   vdiff=  6.8566E-04 ( 59, 25)
n=  6005   udiff=  4.2484E-04 ( 58, 27)   vdiff=  6.8380E-04 ( 59, 25)
n=  6006   udiff=  4.2372E-04 ( 58, 27)   vdiff=  6.8196E-04 ( 59, 25)
n=  6007   udiff=  4.2261E-04 ( 58, 27)   vdiff=  6.8012E-04 ( 59, 25)
n=  6008   udiff=  4.2149E-04 ( 58, 27)   vdiff=  6.7828E-04 ( 59, 25)
n=  6009   udiff=  4.2038E-04 ( 58, 27)   vdiff=  6.7644E-04 ( 59, 25)
n=  6010   udiff=  4.1927E-04 ( 58, 27)   vdiff=  6.7460E-04 ( 59, 25)
n=  6011   udiff=  4.1815E-04 ( 58, 27)   vdiff=  6.7277E-04 ( 59, 25)
n=  6012   udiff=  4.1704E-04 ( 58, 27)   vdiff=  6.7093E-04 ( 59, 25)
n=  6013   udiff=  4.1594E-04 ( 58, 27)   vdiff=  6.6911E-04 ( 59, 25)
n=  6014   udiff=  4.1483E-04 ( 58, 27)   vdiff=  6.6728E-04 ( 59, 25)
n=  6015   udiff=  4.1373E-04 ( 58, 27)   vdiff=  6.6547E-04 ( 59, 25)
n=  6016   udiff=  4.1263E-04 ( 58, 27)   vdiff=  6.6364E-04 ( 59, 25)
n=  6017   udiff=  4.1153E-04 ( 58, 27)   vdiff=  6.6183E-04 ( 59, 25)
n=  6018   udiff=  4.1043E-04 ( 58, 27)   vdiff=  6.6002E-04 ( 59, 25)
n=  6019   udiff=  4.0933E-04 ( 58, 27)   vdiff=  6.5821E-04 ( 59, 25)
n=  6020   udiff=  4.0824E-04 ( 58, 27)   vdiff=  6.5641E-04 ( 59, 25)
n=  6021   udiff=  4.0714E-04 ( 58, 27)   vdiff=  6.5459E-04 ( 59, 25)
n=  6022   udiff=  4.0605E-04 ( 58, 27)   vdiff=  6.5279E-04 ( 59, 25)
n=  6023   udiff=  4.0495E-04 ( 58, 27)   vdiff=  6.5099E-04 ( 59, 25)
n=  6024   udiff=  4.0386E-04 ( 58, 27)   vdiff=  6.4920E-04 ( 59, 25)
n=  6025   udiff=  4.0277E-04 ( 58, 27)   vdiff=  6.4740E-04 ( 59, 25)
n=  6026   udiff=  4.0169E-04 ( 58, 27)   vdiff=  6.4562E-04 ( 59, 25)
n=  6027   udiff=  4.0061E-04 ( 58, 27)   vdiff=  6.4383E-04 ( 59, 25)
n=  6028   udiff=  3.9952E-04 ( 58, 27)   vdiff=  6.4204E-04 ( 59, 25)
n=  6029   udiff=  3.9844E-04 ( 58, 27)   vdiff=  6.4026E-04 ( 59, 25)
n=  6030   udiff=  3.9736E-04 ( 58, 27)   vdiff=  6.3848E-04 ( 59, 25)
n=  6031   udiff=  3.9629E-04 ( 58, 27)   vdiff=  6.3671E-04 ( 59, 25)
n=  6032   udiff=  3.9521E-04 ( 58, 27)   vdiff=  6.3493E-04 ( 59, 25)
n=  6033   udiff=  3.9414E-04 ( 58, 27)   vdiff=  6.3316E-04 ( 59, 25)
n=  6034   udiff=  3.9306E-04 ( 58, 27)   vdiff=  6.3140E-04 ( 59, 25)
n=  6035   udiff=  3.9199E-04 ( 58, 27)   vdiff=  6.2963E-04 ( 59, 25)
n=  6036   udiff=  3.9092E-04 ( 58, 27)   vdiff=  6.2787E-04 ( 59, 25)
n=  6037   udiff=  3.8986E-04 ( 58, 27)   vdiff=  6.2611E-04 ( 59, 25)
n=  6038   udiff=  3.8879E-04 ( 58, 27)   vdiff=  6.2436E-04 ( 59, 25)
n=  6039   udiff=  3.8773E-04 ( 58, 27)   vdiff=  6.2261E-04 ( 59, 25)
n=  6040   udiff=  3.8666E-04 ( 58, 27)   vdiff=  6.2086E-04 ( 59, 25)
n=  6041   udiff=  3.8560E-04 ( 58, 27)   vdiff=  6.1911E-04 ( 59, 25)
n=  6042   udiff=  3.8454E-04 ( 58, 27)   vdiff=  6.1736E-04 ( 59, 25)
n=  6043   udiff=  3.8348E-04 ( 58, 27)   vdiff=  6.1562E-04 ( 59, 25)
n=  6044   udiff=  3.8243E-04 ( 58, 27)   vdiff=  6.1388E-04 ( 59, 25)
n=  6045   udiff=  3.8137E-04 ( 58, 27)   vdiff=  6.1214E-04 ( 59, 25)
n=  6046   udiff=  3.8032E-04 ( 58, 27)   vdiff=  6.1042E-04 ( 59, 25)
n=  6047   udiff=  3.7927E-04 ( 58, 27)   vdiff=  6.0868E-04 ( 59, 25)
n=  6048   udiff=  3.7821E-04 ( 58, 27)   vdiff=  6.0695E-04 ( 59, 25)
n=  6049   udiff=  3.7717E-04 ( 58, 27)   vdiff=  6.0523E-04 ( 59, 25)
n=  6050   udiff=  3.7613E-04 ( 58, 27)   vdiff=  6.0351E-04 ( 59, 25)
n=  6051   udiff=  3.7508E-04 ( 58, 27)   vdiff=  6.0178E-04 ( 59, 25)
n=  6052   udiff=  3.7404E-04 ( 58, 27)   vdiff=  6.0007E-04 ( 59, 25)
n=  6053   udiff=  3.7299E-04 ( 58, 27)   vdiff=  5.9836E-04 ( 59, 25)
n=  6054   udiff=  3.7195E-04 ( 58, 27)   vdiff=  5.9665E-04 ( 59, 25)
n=  6055   udiff=  3.7092E-04 ( 58, 27)   vdiff=  5.9494E-04 ( 59, 25)
n=  6056   udiff=  3.6988E-04 ( 58, 27)   vdiff=  5.9323E-04 ( 59, 25)
n=  6057   udiff=  3.6884E-04 ( 58, 27)   vdiff=  5.9153E-04 ( 59, 25)
n=  6058   udiff=  3.6781E-04 ( 58, 27)   vdiff=  5.8982E-04 ( 59, 25)
n=  6059   udiff=  3.6678E-04 ( 58, 27)   vdiff=  5.8813E-04 ( 59, 25)
n=  6060   udiff=  3.6575E-04 ( 58, 27)   vdiff=  5.8644E-04 ( 59, 25)
n=  6061   udiff=  3.6472E-04 ( 58, 27)   vdiff=  5.8474E-04 ( 59, 25)
n=  6062   udiff=  3.6369E-04 ( 58, 27)   vdiff=  5.8306E-04 ( 59, 25)
n=  6063   udiff=  3.6266E-04 ( 58, 27)   vdiff=  5.8137E-04 ( 59, 25)
n=  6064   udiff=  3.6164E-04 ( 58, 27)   vdiff=  5.7968E-04 ( 59, 25)
n=  6065   udiff=  3.6062E-04 ( 58, 27)   vdiff=  5.7800E-04 ( 59, 25)
n=  6066   udiff=  3.5959E-04 ( 58, 27)   vdiff=  5.7632E-04 ( 59, 25)
n=  6067   udiff=  3.5858E-04 ( 58, 27)   vdiff=  5.7466E-04 ( 59, 25)
n=  6068   udiff=  3.5756E-04 ( 58, 27)   vdiff=  5.7298E-04 ( 59, 25)
n=  6069   udiff=  3.5655E-04 ( 58, 27)   vdiff=  5.7131E-04 ( 59, 25)
n=  6070   udiff=  3.5553E-04 ( 58, 27)   vdiff=  5.6965E-04 ( 59, 25)
n=  6071   udiff=  3.5452E-04 ( 58, 27)   vdiff=  5.6798E-04 ( 59, 25)
n=  6072   udiff=  3.5351E-04 ( 58, 27)   vdiff=  5.6632E-04 ( 59, 25)
n=  6073   udiff=  3.5250E-04 ( 58, 27)   vdiff=  5.6467E-04 ( 59, 25)
n=  6074   udiff=  3.5149E-04 ( 58, 27)   vdiff=  5.6301E-04 ( 59, 25)
n=  6075   udiff=  3.5048E-04 ( 58, 27)   vdiff=  5.6135E-04 ( 59, 25)
n=  6076   udiff=  3.4948E-04 ( 58, 27)   vdiff=  5.5970E-04 ( 59, 25)
n=  6077   udiff=  3.4848E-04 ( 58, 27)   vdiff=  5.5806E-04 ( 59, 25)
n=  6078   udiff=  3.4747E-04 ( 58, 27)   vdiff=  5.5641E-04 ( 59, 25)
n=  6079   udiff=  3.4647E-04 ( 58, 27)   vdiff=  5.5476E-04 ( 59, 25)
n=  6080   udiff=  3.4548E-04 ( 58, 27)   vdiff=  5.5313E-04 ( 59, 25)
n=  6081   udiff=  3.4450E-04 ( 96, 13)   vdiff=  5.5150E-04 ( 59, 25)
n=  6082   udiff=  3.4419E-04 ( 96, 13)   vdiff=  5.4986E-04 ( 59, 25)
n=  6083   udiff=  3.4388E-04 ( 96, 13)   vdiff=  5.4823E-04 ( 59, 25)
n=  6084   udiff=  3.4359E-04 ( 96, 13)   vdiff=  5.4660E-04 ( 59, 25)
n=  6085   udiff=  3.4328E-04 ( 96, 13)   vdiff=  5.4498E-04 ( 59, 25)
n=  6086   udiff=  3.4298E-04 ( 96, 13)   vdiff=  5.4336E-04 ( 59, 25)
n=  6087   udiff=  3.4266E-04 ( 96, 13)   vdiff=  5.4174E-04 ( 59, 25)
n=  6088   udiff=  3.4236E-04 ( 96, 13)   vdiff=  5.4012E-04 ( 59, 25)
n=  6089   udiff=  3.4204E-04 ( 96, 13)   vdiff=  5.3851E-04 ( 59, 25)
n=  6090   udiff=  3.4175E-04 ( 96, 13)   vdiff=  5.3689E-04 ( 59, 25)
n=  6091   udiff=  3.4146E-04 ( 96, 13)   vdiff=  5.3529E-04 ( 59, 25)
n=  6092   udiff=  3.4115E-04 ( 96, 13)   vdiff=  5.3368E-04 ( 59, 25)
n=  6093   udiff=  3.4084E-04 ( 96, 13)   vdiff=  5.3208E-04 ( 59, 25)
n=  6094   udiff=  3.4053E-04 ( 96, 13)   vdiff=  5.3047E-04 ( 59, 25)
n=  6095   udiff=  3.4021E-04 ( 96, 13)   vdiff=  5.2888E-04 ( 59, 25)
n=  6096   udiff=  3.3991E-04 ( 96, 13)   vdiff=  5.2728E-04 ( 59, 25)
n=  6097   udiff=  3.3959E-04 ( 96, 13)   vdiff=  5.2569E-04 ( 59, 25)
n=  6098   udiff=  3.3928E-04 ( 96, 13)   vdiff=  5.2410E-04 ( 59, 25)
n=  6099   udiff=  3.3896E-04 ( 96, 13)   vdiff=  5.2252E-04 ( 59, 25)
n=  6100   udiff=  3.3865E-04 ( 96, 13)   vdiff=  5.2093E-04 ( 59, 25)
n=  6101   udiff=  3.3834E-04 ( 96, 13)   vdiff=  5.1935E-04 ( 59, 25)
n=  6102   udiff=  3.3802E-04 ( 96, 13)   vdiff=  5.1777E-04 ( 59, 25)
n=  6103   udiff=  3.3771E-04 ( 96, 13)   vdiff=  5.1619E-04 ( 59, 25)
n=  6104   udiff=  3.3738E-04 ( 96, 13)   vdiff=  5.1462E-04 ( 59, 25)
n=  6105   udiff=  3.3708E-04 ( 96, 13)   vdiff=  5.1304E-04 ( 59, 25)
n=  6106   udiff=  3.3676E-04 ( 96, 13)   vdiff=  5.1148E-04 ( 59, 25)
n=  6107   udiff=  3.3643E-04 ( 96, 13)   vdiff=  5.0992E-04 ( 59, 25)
n=  6108   udiff=  3.3612E-04 ( 96, 13)   vdiff=  5.0835E-04 ( 59, 25)
n=  6109   udiff=  3.3580E-04 ( 96, 13)   vdiff=  5.0679E-04 ( 59, 25)
n=  6110   udiff=  3.3547E-04 ( 96, 13)   vdiff=  5.0524E-04 ( 59, 25)
n=  6111   udiff=  3.3516E-04 ( 96, 13)   vdiff=  5.0368E-04 ( 59, 25)
n=  6112   udiff=  3.3484E-04 ( 96, 13)   vdiff=  5.0213E-04 ( 59, 25)
n=  6113   udiff=  3.3451E-04 ( 96, 13)   vdiff=  5.0058E-04 ( 59, 25)
n=  6114   udiff=  3.3420E-04 ( 96, 13)   vdiff=  4.9904E-04 ( 59, 25)
n=  6115   udiff=  3.3388E-04 ( 96, 13)   vdiff=  4.9749E-04 ( 59, 25)
n=  6116   udiff=  3.3356E-04 ( 96, 13)   vdiff=  4.9595E-04 ( 59, 25)
n=  6117   udiff=  3.3323E-04 ( 96, 13)   vdiff=  4.9441E-04 ( 59, 25)
n=  6118   udiff=  3.3292E-04 ( 97, 13)   vdiff=  4.9288E-04 ( 59, 25)
n=  6119   udiff=  3.3261E-04 ( 97, 13)   vdiff=  4.9134E-04 ( 59, 25)
n=  6120   udiff=  3.3231E-04 ( 97, 13)   vdiff=  4.8982E-04 ( 59, 25)
n=  6121   udiff=  3.3203E-04 ( 97, 13)   vdiff=  4.8829E-04 ( 59, 25)
n=  6122   udiff=  3.3172E-04 ( 97, 13)   vdiff=  4.8676E-04 ( 59, 25)
n=  6123   udiff=  3.3141E-04 ( 97, 13)   vdiff=  4.8524E-04 ( 59, 25)
n=  6124   udiff=  3.3110E-04 ( 97, 13)   vdiff=  4.8372E-04 ( 59, 25)
n=  6125   udiff=  3.3078E-04 ( 97, 13)   vdiff=  4.8220E-04 ( 59, 25)
n=  6126   udiff=  3.3048E-04 ( 97, 13)   vdiff=  4.8068E-04 ( 59, 25)
n=  6127   udiff=  3.3019E-04 ( 97, 13)   vdiff=  4.7918E-04 ( 59, 25)
n=  6128   udiff=  3.2987E-04 ( 97, 13)   vdiff=  4.7767E-04 ( 59, 25)
n=  6129   udiff=  3.2956E-04 ( 97, 13)   vdiff=  4.7617E-04 ( 59, 25)
n=  6130   udiff=  3.2924E-04 ( 97, 13)   vdiff=  4.7466E-04 ( 59, 25)
n=  6131   udiff=  3.2893E-04 ( 97, 13)   vdiff=  4.7315E-04 ( 59, 25)
n=  6132   udiff=  3.2862E-04 ( 97, 13)   vdiff=  4.7166E-04 ( 59, 25)
n=  6133   udiff=  3.2833E-04 ( 97, 13)   vdiff=  4.7017E-04 ( 59, 25)
n=  6134   udiff=  3.2801E-04 ( 97, 13)   vdiff=  4.6867E-04 ( 59, 25)
n=  6135   udiff=  3.2770E-04 ( 97, 13)   vdiff=  4.6718E-04 ( 59, 25)
n=  6136   udiff=  3.2739E-04 ( 97, 13)   vdiff=  4.6568E-04 ( 59, 25)
n=  6137   udiff=  3.2706E-04 ( 97, 13)   vdiff=  4.6421E-04 ( 59, 25)
n=  6138   udiff=  3.2675E-04 ( 97, 13)   vdiff=  4.6272E-04 ( 59, 25)
n=  6139   udiff=  3.2646E-04 ( 97, 13)   vdiff=  4.6125E-04 ( 59, 25)
n=  6140   udiff=  3.2614E-04 ( 97, 13)   vdiff=  4.5978E-04 ( 59, 25)
n=  6141   udiff=  3.2582E-04 ( 97, 13)   vdiff=  4.5829E-04 ( 59, 25)
n=  6142   udiff=  3.2550E-04 ( 97, 13)   vdiff=  4.5682E-04 ( 59, 25)
n=  6143   udiff=  3.2518E-04 ( 97, 13)   vdiff=  4.5535E-04 ( 59, 25)
n=  6144   udiff=  3.2486E-04 ( 97, 13)   vdiff=  4.5389E-04 ( 59, 25)
n=  6145   udiff=  3.2457E-04 ( 97, 13)   vdiff=  4.5242E-04 ( 59, 25)
n=  6146   udiff=  3.2425E-04 ( 97, 13)   vdiff=  4.5097E-04 ( 59, 25)
n=  6147   udiff=  3.2393E-04 ( 97, 13)   vdiff=  4.4950E-04 ( 59, 25)
n=  6148   udiff=  3.2360E-04 ( 98, 13)   vdiff=  4.4806E-04 ( 59, 25)
n=  6149   udiff=  3.2332E-04 ( 98, 13)   vdiff=  4.4660E-04 ( 59, 25)
n=  6150   udiff=  3.2301E-04 ( 98, 13)   vdiff=  4.4515E-04 ( 59, 25)
n=  6151   udiff=  3.2270E-04 ( 98, 13)   vdiff=  4.4370E-04 ( 59, 25)
n=  6152   udiff=  3.2243E-04 ( 98, 13)   vdiff=  4.4225E-04 ( 59, 25)
n=  6153   udiff=  3.2211E-04 ( 98, 13)   vdiff=  4.4081E-04 ( 59, 25)
n=  6154   udiff=  3.2181E-04 ( 98, 13)   vdiff=  4.3936E-04 ( 59, 25)
n=  6155   udiff=  3.2152E-04 ( 98, 13)   vdiff=  4.3792E-04 ( 59, 25)
n=  6156   udiff=  3.2122E-04 ( 98, 13)   vdiff=  4.3650E-04 ( 59, 25)
n=  6157   udiff=  3.2090E-04 ( 98, 13)   vdiff=  4.3507E-04 ( 59, 25)
n=  6158   udiff=  3.2059E-04 ( 98, 13)   vdiff=  4.3364E-04 ( 59, 25)
n=  6159   udiff=  3.2031E-04 ( 98, 13)   vdiff=  4.3221E-04 ( 59, 25)
n=  6160   udiff=  3.2000E-04 ( 98, 13)   vdiff=  4.3079E-04 ( 59, 25)
n=  6161   udiff=  3.1968E-04 ( 98, 13)   vdiff=  4.2937E-04 ( 59, 25)
n=  6162   udiff=  3.1940E-04 ( 98, 13)   vdiff=  4.2793E-04 ( 59, 25)
n=  6163   udiff=  3.1908E-04 ( 98, 13)   vdiff=  4.2652E-04 ( 59, 25)
n=  6164   udiff=  3.1876E-04 ( 98, 13)   vdiff=  4.2511E-04 ( 59, 25)
n=  6165   udiff=  3.1848E-04 ( 98, 13)   vdiff=  4.2370E-04 ( 59, 25)
n=  6166   udiff=  3.1817E-04 ( 98, 13)   vdiff=  4.2229E-04 ( 59, 25)
n=  6167   udiff=  3.1786E-04 ( 98, 13)   vdiff=  4.2089E-04 ( 59, 25)
n=  6168   udiff=  3.1754E-04 ( 98, 13)   vdiff=  4.1947E-04 ( 59, 25)
n=  6169   udiff=  3.1726E-04 ( 98, 13)   vdiff=  4.1807E-04 ( 59, 25)
n=  6170   udiff=  3.1694E-04 ( 98, 13)   vdiff=  4.1668E-04 ( 59, 25)
n=  6171   udiff=  3.1662E-04 ( 98, 13)   vdiff=  4.1529E-04 ( 59, 25)
n=  6172   udiff=  3.1632E-04 ( 98, 13)   vdiff=  4.1389E-04 ( 59, 25)
n=  6173   udiff=  3.1600E-04 ( 98, 13)   vdiff=  4.1250E-04 ( 59, 25)
n=  6174   udiff=  3.1569E-04 ( 98, 13)   vdiff=  4.1111E-04 ( 59, 25)
n=  6175   udiff=  3.1537E-04 ( 98, 13)   vdiff=  4.0972E-04 ( 59, 25)
n=  6176   udiff=  3.1509E-04 ( 99, 13)   vdiff=  4.0834E-04 ( 59, 25)
n=  6177   udiff=  3.1478E-04 ( 99, 13)   vdiff=  4.0696E-04 ( 59, 25)
n=  6178   udiff=  3.1447E-04 ( 99, 13)   vdiff=  4.0558E-04 ( 59, 25)
n=  6179   udiff=  3.1419E-04 ( 99, 13)   vdiff=  4.0421E-04 ( 59, 25)
n=  6180   udiff=  3.1389E-04 ( 99, 13)   vdiff=  4.0283E-04 ( 59, 25)
n=  6181   udiff=  3.1361E-04 ( 99, 13)   vdiff=  4.0146E-04 ( 59, 25)
n=  6182   udiff=  3.1330E-04 ( 99, 13)   vdiff=  4.0009E-04 ( 59, 25)
n=  6183   udiff=  3.1302E-04 ( 99, 13)   vdiff=  3.9874E-04 ( 59, 25)
n=  6184   udiff=  3.1271E-04 ( 99, 13)   vdiff=  3.9737E-04 ( 59, 25)
n=  6185   udiff=  3.1240E-04 ( 99, 13)   vdiff=  3.9601E-04 ( 59, 25)
n=  6186   udiff=  3.1212E-04 ( 99, 13)   vdiff=  3.9466E-04 ( 59, 25)
n=  6187   udiff=  3.1181E-04 ( 99, 13)   vdiff=  3.9330E-04 ( 59, 25)
n=  6188   udiff=  3.1153E-04 ( 99, 13)   vdiff=  3.9195E-04 ( 59, 25)
n=  6189   udiff=  3.1121E-04 ( 99, 13)   vdiff=  3.9059E-04 ( 59, 25)
n=  6190   udiff=  3.1093E-04 ( 99, 13)   vdiff=  3.8924E-04 ( 59, 25)
n=  6191   udiff=  3.1062E-04 ( 99, 13)   vdiff=  3.8791E-04 ( 59, 25)
n=  6192   udiff=  3.1031E-04 ( 99, 13)   vdiff=  3.8656E-04 ( 59, 25)
n=  6193   udiff=  3.1003E-04 ( 99, 13)   vdiff=  3.8522E-04 ( 59, 25)
n=  6194   udiff=  3.0971E-04 ( 99, 13)   vdiff=  3.8389E-04 ( 59, 25)
n=  6195   udiff=  3.0942E-04 ( 99, 13)   vdiff=  3.8255E-04 ( 59, 25)
n=  6196   udiff=  3.0912E-04 ( 99, 13)   vdiff=  3.8121E-04 ( 59, 25)
n=  6197   udiff=  3.0880E-04 ( 99, 13)   vdiff=  3.7989E-04 ( 59, 25)
n=  6198   udiff=  3.0852E-04 ( 99, 13)   vdiff=  3.7856E-04 ( 59, 25)
n=  6199   udiff=  3.0820E-04 ( 99, 13)   vdiff=  3.7723E-04 ( 59, 25)
n=  6200   udiff=  3.0790E-04 ( 99, 13)   vdiff=  3.7591E-04 ( 59, 25)
n=  6201   udiff=  3.0759E-04 ( 99, 13)   vdiff=  3.7460E-04 ( 59, 25)
n=  6202   udiff=  3.0730E-04 ( 99, 13)   vdiff=  3.7328E-04 ( 59, 25)
n=  6203   udiff=  3.0698E-04 ( 99, 13)   vdiff=  3.7197E-04 ( 59, 25)
n=  6204   udiff=  3.0667E-04 ( 99, 13)   vdiff=  3.7065E-04 ( 59, 25)
n=  6205   udiff=  3.0637E-04 ( 99, 13)   vdiff=  3.6934E-04 ( 59, 25)
n=  6206   udiff=  3.0609E-04 (100, 13)   vdiff=  3.6804E-04 ( 59, 25)
n=  6207   udiff=  3.0581E-04 (100, 13)   vdiff=  3.6673E-04 ( 59, 25)
n=  6208   udiff=  3.0551E-04 (100, 13)   vdiff=  3.6543E-04 ( 59, 25)
n=  6209   udiff=  3.0523E-04 (100, 13)   vdiff=  3.6412E-04 ( 59, 25)
n=  6210   udiff=  3.0493E-04 (100, 13)   vdiff=  3.6283E-04 ( 59, 25)
n=  6211   udiff=  3.0464E-04 (100, 13)   vdiff=  3.6153E-04 ( 59, 25)
n=  6212   udiff=  3.0434E-04 (100, 13)   vdiff=  3.6024E-04 ( 59, 25)
n=  6213   udiff=  3.0406E-04 (100, 13)   vdiff=  3.5896E-04 ( 59, 25)
n=  6214   udiff=  3.0375E-04 (100, 13)   vdiff=  3.5766E-04 ( 59, 25)
n=  6215   udiff=  3.0347E-04 (100, 13)   vdiff=  3.5638E-04 ( 59, 25)
n=  6216   udiff=  3.0319E-04 (100, 13)   vdiff=  3.5509E-04 ( 59, 25)
n=  6217   udiff=  3.0288E-04 (100, 13)   vdiff=  3.5383E-04 ( 59, 25)
n=  6218   udiff=  3.0259E-04 (100, 13)   vdiff=  3.5255E-04 ( 59, 25)
n=  6219   udiff=  3.0229E-04 (100, 13)   vdiff=  3.5127E-04 ( 59, 25)
n=  6220   udiff=  3.0201E-04 (100, 13)   vdiff=  3.5000E-04 ( 59, 25)
n=  6221   udiff=  3.0169E-04 (100, 13)   vdiff=  3.4872E-04 ( 59, 25)
n=  6222   udiff=  3.0142E-04 (100, 13)   vdiff=  3.4746E-04 ( 59, 25)
n=  6223   udiff=  3.0110E-04 (100, 13)   vdiff=  3.4620E-04 ( 59, 25)
n=  6224   udiff=  3.0081E-04 (100, 13)   vdiff=  3.4494E-04 ( 59, 25)
n=  6225   udiff=  3.0050E-04 (100, 13)   vdiff=  3.4367E-04 ( 59, 25)
n=  6226   udiff=  3.0022E-04 (100, 13)   vdiff=  3.4241E-04 ( 59, 25)
n=  6227   udiff=  2.9991E-04 (100, 13)   vdiff=  3.4116E-04 ( 59, 25)
n=  6228   udiff=  2.9962E-04 (100, 13)   vdiff=  3.3991E-04 ( 59, 25)
n=  6229   udiff=  2.9933E-04 (100, 13)   vdiff=  3.3866E-04 ( 59, 25)
n=  6230   udiff=  2.9901E-04 (100, 13)   vdiff=  3.3741E-04 ( 59, 25)
n=  6231   udiff=  2.9873E-04 (100, 13)   vdiff=  3.3617E-04 ( 59, 25)
n=  6232   udiff=  2.9843E-04 (100, 13)   vdiff=  3.3493E-04 ( 59, 25)
n=  6233   udiff=  2.9812E-04 (100, 13)   vdiff=  3.3368E-04 ( 59, 25)
n=  6234   udiff=  2.9781E-04 (100, 13)   vdiff=  3.3245E-04 ( 59, 25)
n=  6235   udiff=  2.9752E-04 (100, 13)   vdiff=  3.3121E-04 ( 59, 25)
n=  6236   udiff=  2.9722E-04 (101, 13)   vdiff=  3.2997E-04 ( 59, 25)
n=  6237   udiff=  2.9695E-04 (101, 13)   vdiff=  3.2875E-04 ( 59, 25)
n=  6238   udiff=  2.9666E-04 (101, 13)   vdiff=  3.2752E-04 ( 59, 25)
n=  6239   udiff=  2.9636E-04 (101, 13)   vdiff=  3.2629E-04 ( 59, 25)
n=  6240   udiff=  2.9608E-04 (101, 13)   vdiff=  3.2508E-04 ( 59, 25)
n=  6241   udiff=  2.9580E-04 (101, 13)   vdiff=  3.2384E-04 ( 59, 25)
n=  6242   udiff=  2.9551E-04 (101, 13)   vdiff=  3.2263E-04 ( 59, 25)
n=  6243   udiff=  2.9523E-04 (101, 13)   vdiff=  3.2142E-04 ( 59, 25)
n=  6244   udiff=  2.9495E-04 (101, 13)   vdiff=  3.2020E-04 ( 59, 25)
n=  6245   udiff=  2.9463E-04 (101, 13)   vdiff=  3.1900E-04 ( 59, 25)
n=  6246   udiff=  2.9435E-04 (101, 13)   vdiff=  3.1778E-04 ( 59, 25)
n=  6247   udiff=  2.9407E-04 (101, 13)   vdiff=  3.1657E-04 ( 59, 25)
n=  6248   udiff=  2.9376E-04 (101, 13)   vdiff=  3.1537E-04 ( 59, 25)
n=  6249   udiff=  2.9348E-04 (101, 13)   vdiff=  3.1416E-04 ( 59, 25)
n=  6250   udiff=  2.9321E-04 (101, 13)   vdiff=  3.1297E-04 ( 59, 25)
n=  6251   udiff=  2.9289E-04 (101, 13)   vdiff=  3.1177E-04 ( 59, 25)
n=  6252   udiff=  2.9261E-04 (101, 13)   vdiff=  3.1058E-04 ( 59, 25)
n=  6253   udiff=  2.9231E-04 (101, 13)   vdiff=  3.0976E-04 ( 56, 26)
n=  6254   udiff=  2.9201E-04 (101, 13)   vdiff=  3.0947E-04 ( 56, 26)
n=  6255   udiff=  2.9173E-04 (101, 13)   vdiff=  3.0918E-04 ( 56, 26)
n=  6256   udiff=  2.9144E-04 (101, 13)   vdiff=  3.0889E-04 ( 56, 26)
n=  6257   udiff=  2.9114E-04 (101, 13)   vdiff=  3.0862E-04 ( 56, 26)
n=  6258   udiff=  2.9084E-04 (101, 13)   vdiff=  3.0833E-04 ( 56, 26)
n=  6259   udiff=  2.9056E-04 (101, 13)   vdiff=  3.0805E-04 ( 56, 26)
n=  6260   udiff=  2.9025E-04 (101, 13)   vdiff=  3.0775E-04 ( 56, 26)
n=  6261   udiff=  2.8996E-04 (101, 13)   vdiff=  3.0748E-04 ( 56, 26)
n=  6262   udiff=  2.8968E-04 (101, 13)   vdiff=  3.0719E-04 ( 56, 26)
n=  6263   udiff=  2.8936E-04 (101, 13)   vdiff=  3.0690E-04 ( 56, 26)
n=  6264   udiff=  2.8907E-04 (101, 13)   vdiff=  3.0660E-04 ( 56, 26)
n=  6265   udiff=  2.8879E-04 (101, 13)   vdiff=  3.0632E-04 ( 56, 26)
n=  6266   udiff=  2.8846E-04 (101, 13)   vdiff=  3.0604E-04 ( 56, 26)
n=  6267   udiff=  2.8818E-04 (101, 13)   vdiff=  3.0575E-04 ( 56, 26)
n=  6268   udiff=  2.8788E-04 (101, 13)   vdiff=  3.0545E-04 ( 56, 26)
n=  6269   udiff=  2.8758E-04 (102, 13)   vdiff=  3.0518E-04 ( 56, 26)
n=  6270   udiff=  2.8730E-04 (102, 13)   vdiff=  3.0488E-04 ( 56, 26)
n=  6271   udiff=  2.8702E-04 (102, 13)   vdiff=  3.0459E-04 ( 56, 26)
n=  6272   udiff=  2.8672E-04 (102, 13)   vdiff=  3.0430E-04 ( 56, 26)
n=  6273   udiff=  2.8645E-04 (102, 13)   vdiff=  3.0400E-04 ( 56, 26)
n=  6274   udiff=  2.8616E-04 (102, 13)   vdiff=  3.0372E-04 ( 56, 26)
n=  6275   udiff=  2.8589E-04 (102, 13)   vdiff=  3.0342E-04 ( 56, 26)
n=  6276   udiff=  2.8561E-04 (102, 13)   vdiff=  3.0314E-04 ( 56, 26)
n=  6277   udiff=  2.8529E-04 (102, 13)   vdiff=  3.0283E-04 ( 56, 26)
n=  6278   udiff=  2.8502E-04 (102, 13)   vdiff=  3.0255E-04 ( 56, 26)
n=  6279   udiff=  2.8474E-04 (102, 13)   vdiff=  3.0225E-04 ( 56, 26)
n=  6280   udiff=  2.8445E-04 (102, 13)   vdiff=  3.0197E-04 ( 56, 26)
n=  6281   udiff=  2.8415E-04 (102, 13)   vdiff=  3.0167E-04 ( 56, 26)
n=  6282   udiff=  2.8386E-04 (102, 13)   vdiff=  3.0138E-04 ( 56, 26)
n=  6283   udiff=  2.8359E-04 (102, 13)   vdiff=  3.0108E-04 ( 56, 26)
n=  6284   udiff=  2.8330E-04 (102, 13)   vdiff=  3.0078E-04 ( 56, 26)
n=  6285   udiff=  2.8302E-04 (102, 13)   vdiff=  3.0048E-04 ( 56, 26)
n=  6286   udiff=  2.8270E-04 (102, 13)   vdiff=  3.0021E-04 ( 56, 26)
n=  6287   udiff=  2.8243E-04 (102, 13)   vdiff=  2.9990E-04 ( 56, 26)
n=  6288   udiff=  2.8214E-04 (102, 13)   vdiff=  2.9960E-04 ( 56, 26)
n=  6289   udiff=  2.8186E-04 (102, 13)   vdiff=  2.9931E-04 ( 56, 26)
n=  6290   udiff=  2.8156E-04 (102, 13)   vdiff=  2.9902E-04 ( 56, 26)
n=  6291   udiff=  2.8127E-04 (102, 13)   vdiff=  2.9871E-04 ( 56, 26)
n=  6292   udiff=  2.8097E-04 (102, 13)   vdiff=  2.9842E-04 ( 56, 26)
n=  6293   udiff=  2.8069E-04 (102, 13)   vdiff=  2.9812E-04 ( 56, 26)
n=  6294   udiff=  2.8040E-04 (102, 13)   vdiff=  2.9782E-04 ( 56, 26)
n=  6295   udiff=  2.8009E-04 (102, 13)   vdiff=  2.9753E-04 ( 56, 26)
n=  6296   udiff=  2.7980E-04 (102, 13)   vdiff=  2.9722E-04 ( 56, 26)
n=  6297   udiff=  2.7951E-04 (102, 13)   vdiff=  2.9692E-04 ( 56, 26)
n=  6298   udiff=  2.7923E-04 (102, 13)   vdiff=  2.9663E-04 ( 56, 26)
n=  6299   udiff=  2.7894E-04 (102, 13)   vdiff=  2.9632E-04 ( 56, 26)
n=  6300   udiff=  2.7862E-04 (102, 13)   vdiff=  2.9604E-04 ( 56, 26)
n=  6301   udiff=  2.7832E-04 (102, 13)   vdiff=  2.9573E-04 ( 56, 26)
n=  6302   udiff=  2.7804E-04 (102, 13)   vdiff=  2.9544E-04 ( 56, 26)
n=  6303   udiff=  2.7775E-04 (102, 13)   vdiff=  2.9512E-04 ( 56, 26)
n=  6304   udiff=  2.7742E-04 (102, 13)   vdiff=  2.9483E-04 ( 56, 26)
n=  6305   udiff=  2.7714E-04 (102, 13)   vdiff=  2.9452E-04 ( 56, 26)
n=  6306   udiff=  2.7686E-04 (103, 13)   vdiff=  2.9422E-04 ( 56, 26)
n=  6307   udiff=  2.7658E-04 (103, 13)   vdiff=  2.9392E-04 ( 56, 26)
n=  6308   udiff=  2.7630E-04 (103, 13)   vdiff=  2.9362E-04 ( 56, 26)
n=  6309   udiff=  2.7603E-04 (103, 13)   vdiff=  2.9331E-04 ( 56, 26)
n=  6310   udiff=  2.7572E-04 (103, 13)   vdiff=  2.9302E-04 ( 56, 26)
n=  6311   udiff=  2.7544E-04 (103, 13)   vdiff=  2.9272E-04 ( 56, 26)
n=  6312   udiff=  2.7517E-04 (103, 13)   vdiff=  2.9241E-04 ( 56, 26)
n=  6313   udiff=  2.7488E-04 (103, 13)   vdiff=  2.9211E-04 ( 56, 26)
n=  6314   udiff=  2.7459E-04 (103, 13)   vdiff=  2.9180E-04 ( 56, 26)
n=  6315   udiff=  2.7432E-04 (103, 13)   vdiff=  2.9150E-04 ( 56, 26)
n=  6316   udiff=  2.7403E-04 (103, 13)   vdiff=  2.9120E-04 ( 56, 26)
n=  6317   udiff=  2.7376E-04 (103, 13)   vdiff=  2.9090E-04 ( 56, 26)
n=  6318   udiff=  2.7347E-04 (103, 13)   vdiff=  2.9059E-04 ( 56, 26)
n=  6319   udiff=  2.7315E-04 (103, 13)   vdiff=  2.9029E-04 ( 56, 26)
n=  6320   udiff=  2.7288E-04 (103, 13)   vdiff=  2.8998E-04 ( 56, 26)
n=  6321   udiff=  2.7259E-04 (103, 13)   vdiff=  2.8968E-04 ( 56, 26)
n=  6322   udiff=  2.7230E-04 (103, 13)   vdiff=  2.8937E-04 ( 56, 26)
n=  6323   udiff=  2.7203E-04 (103, 13)   vdiff=  2.8905E-04 ( 56, 26)
n=  6324   udiff=  2.7174E-04 (103, 13)   vdiff=  2.8875E-04 ( 56, 26)
n=  6325   udiff=  2.7145E-04 (103, 13)   vdiff=  2.8845E-04 ( 56, 26)
n=  6326   udiff=  2.7116E-04 (103, 13)   vdiff=  2.8814E-04 ( 56, 26)
n=  6327   udiff=  2.7088E-04 (103, 13)   vdiff=  2.8783E-04 ( 56, 26)
n=  6328   udiff=  2.7059E-04 (103, 13)   vdiff=  2.8752E-04 ( 56, 26)
n=  6329   udiff=  2.7026E-04 (103, 13)   vdiff=  2.8722E-04 ( 56, 26)
n=  6330   udiff=  2.6999E-04 (103, 13)   vdiff=  2.8691E-04 ( 56, 26)
n=  6331   udiff=  2.6971E-04 (103, 13)   vdiff=  2.8660E-04 ( 56, 26)
n=  6332   udiff=  2.6940E-04 (103, 13)   vdiff=  2.8629E-04 ( 56, 26)
n=  6333   udiff=  2.6912E-04 (103, 13)   vdiff=  2.8598E-04 ( 56, 26)
n=  6334   udiff=  2.6883E-04 (103, 13)   vdiff=  2.8567E-04 ( 56, 26)
n=  6335   udiff=  2.6854E-04 (103, 13)   vdiff=  2.8537E-04 ( 56, 26)
n=  6336   udiff=  2.6825E-04 (103, 13)   vdiff=  2.8505E-04 ( 56, 26)
n=  6337   udiff=  2.6796E-04 (103, 13)   vdiff=  2.8475E-04 ( 56, 26)
n=  6338   udiff=  2.6768E-04 (103, 13)   vdiff=  2.8443E-04 ( 56, 26)
n=  6339   udiff=  2.6736E-04 (103, 13)   vdiff=  2.8412E-04 ( 56, 26)
n=  6340   udiff=  2.6706E-04 (103, 13)   vdiff=  2.8382E-04 ( 56, 26)
n=  6341   udiff=  2.6677E-04 (103, 13)   vdiff=  2.8349E-04 ( 56, 26)
n=  6342   udiff=  2.6649E-04 (103, 13)   vdiff=  2.8318E-04 ( 56, 26)
n=  6343   udiff=  2.6618E-04 (103, 13)   vdiff=  2.8288E-04 ( 56, 26)
n=  6344   udiff=  2.6590E-04 (103, 13)   vdiff=  2.8256E-04 ( 56, 26)
n=  6345   udiff=  2.6560E-04 (103, 13)   vdiff=  2.8226E-04 ( 56, 26)
n=  6346   udiff=  2.6531E-04 (103, 13)   vdiff=  2.8194E-04 ( 56, 26)
n=  6347   udiff=  2.6502E-04 (104, 13)   vdiff=  2.8163E-04 ( 56, 26)
n=  6348   udiff=  2.6473E-04 (104, 13)   vdiff=  2.8132E-04 ( 56, 26)
n=  6349   udiff=  2.6445E-04 (104, 13)   vdiff=  2.8101E-04 ( 56, 26)
n=  6350   udiff=  2.6416E-04 (104, 13)   vdiff=  2.8069E-04 ( 56, 26)
n=  6351   udiff=  2.6388E-04 (104, 13)   vdiff=  2.8038E-04 ( 56, 26)
n=  6352   udiff=  2.6360E-04 (104, 13)   vdiff=  2.8007E-04 ( 56, 26)
n=  6353   udiff=  2.6331E-04 (104, 13)   vdiff=  2.7975E-04 ( 56, 26)
n=  6354   udiff=  2.6304E-04 (104, 13)   vdiff=  2.7944E-04 ( 56, 26)
n=  6355   udiff=  2.6275E-04 (104, 13)   vdiff=  2.7913E-04 ( 56, 26)
n=  6356   udiff=  2.6246E-04 (104, 13)   vdiff=  2.7882E-04 ( 56, 26)
n=  6357   udiff=  2.6218E-04 (104, 13)   vdiff=  2.7850E-04 ( 56, 26)
n=  6358   udiff=  2.6190E-04 (104, 13)   vdiff=  2.7818E-04 ( 56, 26)
n=  6359   udiff=  2.6162E-04 (104, 13)   vdiff=  2.7786E-04 ( 56, 26)
n=  6360   udiff=  2.6132E-04 (104, 13)   vdiff=  2.7756E-04 ( 56, 26)
n=  6361   udiff=  2.6103E-04 (104, 13)   vdiff=  2.7723E-04 ( 56, 26)
n=  6362   udiff=  2.6075E-04 (104, 13)   vdiff=  2.7692E-04 ( 56, 26)
n=  6363   udiff=  2.6047E-04 (104, 13)   vdiff=  2.7662E-04 ( 56, 26)
n=  6364   udiff=  2.6018E-04 (104, 13)   vdiff=  2.7629E-04 ( 56, 26)
n=  6365   udiff=  2.5989E-04 (104, 13)   vdiff=  2.7598E-04 ( 56, 26)
n=  6366   udiff=  2.5961E-04 (104, 13)   vdiff=  2.7566E-04 ( 56, 26)
n=  6367   udiff=  2.5931E-04 (104, 13)   vdiff=  2.7534E-04 ( 56, 26)
n=  6368   udiff=  2.5903E-04 (104, 13)   vdiff=  2.7502E-04 ( 56, 26)
n=  6369   udiff=  2.5874E-04 (104, 13)   vdiff=  2.7470E-04 ( 56, 26)
n=  6370   udiff=  2.5845E-04 (104, 13)   vdiff=  2.7440E-04 ( 56, 26)
n=  6371   udiff=  2.5817E-04 (104, 13)   vdiff=  2.7408E-04 ( 56, 26)
n=  6372   udiff=  2.5787E-04 (104, 13)   vdiff=  2.7375E-04 ( 56, 26)
n=  6373   udiff=  2.5759E-04 (104, 13)   vdiff=  2.7343E-04 ( 56, 26)
n=  6374   udiff=  2.5729E-04 (104, 13)   vdiff=  2.7312E-04 ( 56, 26)
n=  6375   udiff=  2.5700E-04 (104, 13)   vdiff=  2.7280E-04 ( 56, 26)
n=  6376   udiff=  2.5671E-04 (104, 13)   vdiff=  2.7248E-04 ( 56, 26)
n=  6377   udiff=  2.5644E-04 (104, 13)   vdiff=  2.7217E-04 ( 56, 26)
n=  6378   udiff=  2.5616E-04 (104, 13)   vdiff=  2.7185E-04 ( 56, 26)
n=  6379   udiff=  2.5586E-04 (104, 13)   vdiff=  2.7154E-04 ( 56, 26)
n=  6380   udiff=  2.5557E-04 (104, 13)   vdiff=  2.7121E-04 ( 56, 26)
n=  6381   udiff=  2.5528E-04 (104, 13)   vdiff=  2.7089E-04 ( 56, 26)
n=  6382   udiff=  2.5498E-04 (104, 13)   vdiff=  2.7057E-04 ( 56, 26)
n=  6383   udiff=  2.5469E-04 (104, 13)   vdiff=  2.7026E-04 ( 56, 26)
n=  6384   udiff=  2.5439E-04 (104, 13)   vdiff=  2.6993E-04 ( 56, 26)
n=  6385   udiff=  2.5411E-04 (104, 13)   vdiff=  2.6962E-04 ( 56, 26)
n=  6386   udiff=  2.5381E-04 (104, 13)   vdiff=  2.6929E-04 ( 56, 26)
n=  6387   udiff=  2.5352E-04 (104, 13)   vdiff=  2.6898E-04 ( 56, 26)
n=  6388   udiff=  2.5322E-04 (104, 13)   vdiff=  2.6866E-04 ( 56, 26)
n=  6389   udiff=  2.5292E-04 (104, 13)   vdiff=  2.6834E-04 ( 56, 26)
n=  6390   udiff=  2.5263E-04 (104, 13)   vdiff=  2.6802E-04 ( 56, 26)
n=  6391   udiff=  2.5233E-04 (104, 13)   vdiff=  2.6770E-04 ( 56, 26)
n=  6392   udiff=  2.5204E-04 (104, 13)   vdiff=  2.6737E-04 ( 56, 26)
n=  6393   udiff=  2.5175E-04 (105, 13)   vdiff=  2.6706E-04 ( 56, 26)
n=  6394   udiff=  2.5146E-04 (105, 13)   vdiff=  2.6672E-04 ( 56, 26)
n=  6395   udiff=  2.5117E-04 (105, 13)   vdiff=  2.6641E-04 ( 56, 26)
n=  6396   udiff=  2.5090E-04 (105, 13)   vdiff=  2.6609E-04 ( 56, 26)
n=  6397   udiff=  2.5060E-04 (105, 13)   vdiff=  2.6577E-04 ( 56, 26)
n=  6398   udiff=  2.5032E-04 (105, 13)   vdiff=  2.6545E-04 ( 56, 26)
n=  6399   udiff=  2.5003E-04 (105, 13)   vdiff=  2.6513E-04 ( 56, 26)
n=  6400   udiff=  2.4975E-04 (105, 13)   vdiff=  2.6480E-04 ( 56, 26)
n=  6401   udiff=  2.4949E-04 (105, 13)   vdiff=  2.6448E-04 ( 56, 26)
n=  6402   udiff=  2.4920E-04 (105, 13)   vdiff=  2.6415E-04 ( 56, 26)
n=  6403   udiff=  2.4891E-04 (105, 13)   vdiff=  2.6383E-04 ( 56, 26)
n=  6404   udiff=  2.4862E-04 (105, 13)   vdiff=  2.6351E-04 ( 56, 26)
n=  6405   udiff=  2.4833E-04 (105, 13)   vdiff=  2.6320E-04 ( 56, 26)
n=  6406   udiff=  2.4805E-04 (105, 13)   vdiff=  2.6287E-04 ( 56, 26)
n=  6407   udiff=  2.4775E-04 (105, 13)   vdiff=  2.6254E-04 ( 56, 26)
n=  6408   udiff=  2.4750E-04 (105, 13)   vdiff=  2.6222E-04 ( 56, 26)
n=  6409   udiff=  2.4720E-04 (105, 13)   vdiff=  2.6189E-04 ( 56, 26)
n=  6410   udiff=  2.4691E-04 (105, 13)   vdiff=  2.6158E-04 ( 56, 26)
n=  6411   udiff=  2.4661E-04 (105, 13)   vdiff=  2.6125E-04 ( 56, 26)
n=  6412   udiff=  2.4634E-04 (105, 13)   vdiff=  2.6093E-04 ( 56, 26)
n=  6413   udiff=  2.4605E-04 (105, 13)   vdiff=  2.6060E-04 ( 56, 26)
n=  6414   udiff=  2.4576E-04 (105, 13)   vdiff=  2.6029E-04 ( 56, 26)
n=  6415   udiff=  2.4549E-04 (105, 13)   vdiff=  2.5995E-04 ( 56, 26)
n=  6416   udiff=  2.4520E-04 (105, 13)   vdiff=  2.5963E-04 ( 56, 26)
n=  6417   udiff=  2.4491E-04 (105, 13)   vdiff=  2.5930E-04 ( 56, 26)
n=  6418   udiff=  2.4461E-04 (105, 13)   vdiff=  2.5899E-04 ( 56, 26)
n=  6419   udiff=  2.4432E-04 (105, 13)   vdiff=  2.5865E-04 ( 56, 26)
n=  6420   udiff=  2.4402E-04 (105, 13)   vdiff=  2.5834E-04 ( 56, 26)
n=  6421   udiff=  2.4374E-04 (105, 13)   vdiff=  2.5802E-04 ( 56, 26)
n=  6422   udiff=  2.4347E-04 (105, 13)   vdiff=  2.5768E-04 ( 56, 26)
n=  6423   udiff=  2.4318E-04 (105, 13)   vdiff=  2.5736E-04 ( 56, 26)
n=  6424   udiff=  2.4288E-04 (105, 13)   vdiff=  2.5704E-04 ( 56, 26)
n=  6425   udiff=  2.4259E-04 (105, 13)   vdiff=  2.5671E-04 ( 56, 26)
n=  6426   udiff=  2.4229E-04 (105, 13)   vdiff=  2.5638E-04 ( 56, 26)
n=  6427   udiff=  2.4200E-04 (105, 13)   vdiff=  2.5605E-04 ( 56, 26)
n=  6428   udiff=  2.4170E-04 (105, 13)   vdiff=  2.5574E-04 ( 56, 26)
n=  6429   udiff=  2.4143E-04 (105, 13)   vdiff=  2.5540E-04 ( 56, 26)
n=  6430   udiff=  2.4115E-04 (105, 13)   vdiff=  2.5508E-04 ( 56, 26)
n=  6431   udiff=  2.4085E-04 (105, 13)   vdiff=  2.5476E-04 ( 56, 26)
n=  6432   udiff=  2.4055E-04 (105, 13)   vdiff=  2.5444E-04 ( 56, 26)
n=  6433   udiff=  2.4026E-04 (105, 13)   vdiff=  2.5410E-04 ( 56, 26)
n=  6434   udiff=  2.3996E-04 (105, 13)   vdiff=  2.5378E-04 ( 56, 26)
n=  6435   udiff=  2.3966E-04 (105, 13)   vdiff=  2.5345E-04 ( 56, 26)
n=  6436   udiff=  2.3940E-04 (105, 13)   vdiff=  2.5313E-04 ( 56, 26)
n=  6437   udiff=  2.3910E-04 (105, 13)   vdiff=  2.5280E-04 ( 56, 26)
n=  6438   udiff=  2.3881E-04 (105, 13)   vdiff=  2.5247E-04 ( 56, 26)
n=  6439   udiff=  2.3851E-04 (105, 13)   vdiff=  2.5214E-04 ( 56, 26)
n=  6440   udiff=  2.3821E-04 (105, 13)   vdiff=  2.5182E-04 ( 56, 26)
n=  6441   udiff=  2.3791E-04 (105, 13)   vdiff=  2.5150E-04 ( 56, 26)
n=  6442   udiff=  2.3762E-04 (105, 13)   vdiff=  2.5116E-04 ( 56, 26)
n=  6443   udiff=  2.3735E-04 (105, 13)   vdiff=  2.5084E-04 ( 56, 26)
n=  6444   udiff=  2.3705E-04 (105, 13)   vdiff=  2.5052E-04 ( 56, 26)
n=  6445   udiff=  2.3675E-04 (105, 13)   vdiff=  2.5018E-04 ( 56, 26)
n=  6446   udiff=  2.3645E-04 (105, 13)   vdiff=  2.4986E-04 ( 56, 26)
n=  6447   udiff=  2.3615E-04 (105, 13)   vdiff=  2.4953E-04 ( 56, 26)
n=  6448   udiff=  2.3586E-04 (106, 13)   vdiff=  2.4921E-04 ( 56, 26)
n=  6449   udiff=  2.3560E-04 (106, 13)   vdiff=  2.4888E-04 ( 56, 26)
n=  6450   udiff=  2.3530E-04 (106, 13)   vdiff=  2.4856E-04 ( 56, 26)
n=  6451   udiff=  2.3502E-04 (106, 13)   vdiff=  2.4822E-04 ( 56, 26)
n=  6452   udiff=  2.3475E-04 (106, 13)   vdiff=  2.4789E-04 ( 56, 26)
n=  6453   udiff=  2.3447E-04 (106, 13)   vdiff=  2.4759E-04 ( 56, 26)
n=  6454   udiff=  2.3417E-04 (106, 13)   vdiff=  2.4725E-04 ( 56, 26)
n=  6455   udiff=  2.3389E-04 (106, 13)   vdiff=  2.4692E-04 ( 56, 26)
n=  6456   udiff=  2.3362E-04 (106, 13)   vdiff=  2.4660E-04 ( 56, 26)
n=  6457   udiff=  2.3333E-04 (106, 13)   vdiff=  2.4626E-04 ( 56, 26)
n=  6458   udiff=  2.3303E-04 (106, 13)   vdiff=  2.4593E-04 ( 56, 26)
n=  6459   udiff=  2.3275E-04 (106, 13)   vdiff=  2.4561E-04 ( 56, 26)
n=  6460   udiff=  2.3247E-04 (106, 13)   vdiff=  2.4528E-04 ( 56, 26)
n=  6461   udiff=  2.3219E-04 (106, 13)   vdiff=  2.4494E-04 ( 56, 26)
n=  6462   udiff=  2.3189E-04 (106, 13)   vdiff=  2.4463E-04 ( 56, 26)
n=  6463   udiff=  2.3160E-04 (106, 13)   vdiff=  2.4430E-04 ( 56, 26)
n=  6464   udiff=  2.3134E-04 (106, 13)   vdiff=  2.4396E-04 ( 56, 26)
n=  6465   udiff=  2.3104E-04 (106, 13)   vdiff=  2.4364E-04 ( 56, 26)
n=  6466   udiff=  2.3075E-04 (106, 13)   vdiff=  2.4332E-04 ( 56, 26)
n=  6467   udiff=  2.3047E-04 (106, 13)   vdiff=  2.4298E-04 ( 56, 26)
n=  6468   udiff=  2.3019E-04 (106, 13)   vdiff=  2.4265E-04 ( 56, 26)
n=  6469   udiff=  2.2989E-04 (106, 13)   vdiff=  2.4233E-04 ( 56, 26)
n=  6470   udiff=  2.2960E-04 (106, 13)   vdiff=  2.4200E-04 ( 56, 26)
n=  6471   udiff=  2.2933E-04 (106, 13)   vdiff=  2.4168E-04 ( 56, 26)
n=  6472   udiff=  2.2903E-04 (106, 13)   vdiff=  2.4134E-04 ( 56, 26)
n=  6473   udiff=  2.2876E-04 (106, 13)   vdiff=  2.4101E-04 ( 56, 26)
n=  6474   udiff=  2.2845E-04 (106, 13)   vdiff=  2.4069E-04 ( 56, 26)
n=  6475   udiff=  2.2818E-04 (106, 13)   vdiff=  2.4036E-04 ( 56, 26)
n=  6476   udiff=  2.2788E-04 (106, 13)   vdiff=  2.4002E-04 ( 56, 26)
n=  6477   udiff=  2.2759E-04 (106, 13)   vdiff=  2.3969E-04 ( 56, 26)
n=  6478   udiff=  2.2730E-04 (106, 13)   vdiff=  2.3938E-04 ( 56, 26)
n=  6479   udiff=  2.2703E-04 (106, 13)   vdiff=  2.3904E-04 ( 56, 26)
n=  6480   udiff=  2.2673E-04 (106, 13)   vdiff=  2.3871E-04 ( 56, 26)
n=  6481   udiff=  2.2643E-04 (106, 13)   vdiff=  2.3838E-04 ( 56, 26)
n=  6482   udiff=  2.2617E-04 (106, 13)   vdiff=  2.3806E-04 ( 56, 26)
n=  6483   udiff=  2.2587E-04 (106, 13)   vdiff=  2.3772E-04 ( 56, 26)
n=  6484   udiff=  2.2557E-04 (106, 13)   vdiff=  2.3739E-04 ( 56, 26)
n=  6485   udiff=  2.2528E-04 (106, 13)   vdiff=  2.3708E-04 ( 56, 26)
n=  6486   udiff=  2.2500E-04 (106, 13)   vdiff=  2.3674E-04 ( 56, 26)
n=  6487   udiff=  2.2471E-04 (106, 13)   vdiff=  2.3642E-04 ( 56, 26)
n=  6488   udiff=  2.2441E-04 (106, 13)   vdiff=  2.3608E-04 ( 56, 26)
n=  6489   udiff=  2.2412E-04 (106, 13)   vdiff=  2.3576E-04 ( 56, 26)
n=  6490   udiff=  2.2385E-04 (106, 13)   vdiff=  2.3542E-04 ( 56, 26)
n=  6491   udiff=  2.2356E-04 (106, 13)   vdiff=  2.3509E-04 ( 56, 26)
n=  6492   udiff=  2.2328E-04 ( 53, 29)   vdiff=  2.3476E-04 ( 56, 26)
n=  6493   udiff=  2.2305E-04 ( 53, 29)   vdiff=  2.3444E-04 ( 56, 26)
n=  6494   udiff=  2.2282E-04 ( 53, 29)   vdiff=  2.3410E-04 ( 56, 26)
n=  6495   udiff=  2.2259E-04 ( 53, 29)   vdiff=  2.3377E-04 ( 56, 26)
n=  6496   udiff=  2.2236E-04 ( 53, 29)   vdiff=  2.3346E-04 ( 56, 26)
n=  6497   udiff=  2.2213E-04 ( 53, 29)   vdiff=  2.3313E-04 ( 56, 26)
n=  6498   udiff=  2.2189E-04 ( 53, 29)   vdiff=  2.3279E-04 ( 56, 26)
n=  6499   udiff=  2.2167E-04 ( 53, 29)   vdiff=  2.3247E-04 ( 56, 26)
n=  6500   udiff=  2.2143E-04 ( 53, 29)   vdiff=  2.3213E-04 ( 56, 26)
n=  6501   udiff=  2.2120E-04 ( 53, 29)   vdiff=  2.3180E-04 ( 56, 26)
n=  6502   udiff=  2.2097E-04 ( 53, 29)   vdiff=  2.3149E-04 ( 56, 26)
n=  6503   udiff=  2.2073E-04 ( 53, 29)   vdiff=  2.3116E-04 ( 56, 26)
n=  6504   udiff=  2.2050E-04 ( 53, 29)   vdiff=  2.3083E-04 ( 56, 26)
n=  6505   udiff=  2.2027E-04 ( 53, 29)   vdiff=  2.3049E-04 ( 56, 26)
n=  6506   udiff=  2.2003E-04 ( 53, 29)   vdiff=  2.3017E-04 ( 56, 26)
n=  6507   udiff=  2.1979E-04 ( 53, 29)   vdiff=  2.2983E-04 ( 56, 26)
n=  6508   udiff=  2.1956E-04 ( 53, 29)   vdiff=  2.2950E-04 ( 56, 26)
n=  6509   udiff=  2.1932E-04 ( 53, 29)   vdiff=  2.2918E-04 ( 56, 26)
n=  6510   udiff=  2.1909E-04 ( 53, 29)   vdiff=  2.2884E-04 ( 56, 26)
n=  6511   udiff=  2.1885E-04 ( 53, 29)   vdiff=  2.2852E-04 ( 56, 26)
n=  6512   udiff=  2.1862E-04 ( 53, 29)   vdiff=  2.2819E-04 ( 56, 26)
n=  6513   udiff=  2.1838E-04 ( 53, 29)   vdiff=  2.2786E-04 ( 56, 26)
n=  6514   udiff=  2.1814E-04 ( 53, 29)   vdiff=  2.2754E-04 ( 56, 26)
n=  6515   udiff=  2.1791E-04 ( 53, 29)   vdiff=  2.2721E-04 ( 56, 26)
n=  6516   udiff=  2.1767E-04 ( 53, 29)   vdiff=  2.2687E-04 ( 56, 26)
n=  6517   udiff=  2.1743E-04 ( 53, 29)   vdiff=  2.2655E-04 ( 56, 26)
n=  6518   udiff=  2.1719E-04 ( 53, 29)   vdiff=  2.2621E-04 ( 56, 26)
n=  6519   udiff=  2.1695E-04 ( 53, 29)   vdiff=  2.2590E-04 ( 56, 26)
n=  6520   udiff=  2.1672E-04 ( 53, 29)   vdiff=  2.2557E-04 ( 56, 26)
n=  6521   udiff=  2.1648E-04 ( 53, 29)   vdiff=  2.2523E-04 ( 56, 26)
n=  6522   udiff=  2.1624E-04 ( 53, 29)   vdiff=  2.2491E-04 ( 56, 26)
n=  6523   udiff=  2.1600E-04 ( 53, 29)   vdiff=  2.2458E-04 ( 56, 26)
n=  6524   udiff=  2.1576E-04 ( 53, 29)   vdiff=  2.2424E-04 ( 56, 26)
n=  6525   udiff=  2.1552E-04 ( 53, 29)   vdiff=  2.2391E-04 ( 56, 26)
n=  6526   udiff=  2.1528E-04 ( 53, 29)   vdiff=  2.2359E-04 ( 56, 26)
n=  6527   udiff=  2.1504E-04 ( 53, 29)   vdiff=  2.2326E-04 ( 56, 26)
n=  6528   udiff=  2.1480E-04 ( 53, 29)   vdiff=  2.2294E-04 ( 56, 26)
n=  6529   udiff=  2.1456E-04 ( 53, 29)   vdiff=  2.2261E-04 ( 56, 26)
n=  6530   udiff=  2.1432E-04 ( 53, 29)   vdiff=  2.2227E-04 ( 56, 26)
n=  6531   udiff=  2.1408E-04 ( 53, 29)   vdiff=  2.2195E-04 ( 56, 26)
n=  6532   udiff=  2.1384E-04 ( 53, 29)   vdiff=  2.2162E-04 ( 56, 26)
n=  6533   udiff=  2.1359E-04 ( 53, 29)   vdiff=  2.2129E-04 ( 56, 26)
n=  6534   udiff=  2.1335E-04 ( 53, 29)   vdiff=  2.2096E-04 ( 56, 26)
n=  6535   udiff=  2.1311E-04 ( 53, 29)   vdiff=  2.2063E-04 ( 56, 26)
n=  6536   udiff=  2.1287E-04 ( 53, 29)   vdiff=  2.2031E-04 ( 56, 26)
n=  6537   udiff=  2.1262E-04 ( 53, 29)   vdiff=  2.1999E-04 ( 56, 26)
n=  6538   udiff=  2.1238E-04 ( 53, 29)   vdiff=  2.1966E-04 ( 56, 26)
n=  6539   udiff=  2.1214E-04 ( 53, 29)   vdiff=  2.1933E-04 ( 56, 26)
n=  6540   udiff=  2.1189E-04 ( 53, 29)   vdiff=  2.1900E-04 ( 56, 26)
n=  6541   udiff=  2.1165E-04 ( 53, 29)   vdiff=  2.1867E-04 ( 56, 26)
n=  6542   udiff=  2.1140E-04 ( 53, 29)   vdiff=  2.1834E-04 ( 56, 26)
n=  6543   udiff=  2.1116E-04 ( 53, 29)   vdiff=  2.1802E-04 ( 56, 26)
n=  6544   udiff=  2.1092E-04 ( 53, 29)   vdiff=  2.1768E-04 ( 56, 26)
n=  6545   udiff=  2.1067E-04 ( 53, 29)   vdiff=  2.1736E-04 ( 56, 26)
n=  6546   udiff=  2.1043E-04 ( 53, 29)   vdiff=  2.1703E-04 ( 56, 26)
n=  6547   udiff=  2.1018E-04 ( 53, 29)   vdiff=  2.1670E-04 ( 56, 26)
n=  6548   udiff=  2.0993E-04 ( 53, 29)   vdiff=  2.1637E-04 ( 56, 26)
n=  6549   udiff=  2.0969E-04 ( 53, 29)   vdiff=  2.1605E-04 ( 56, 26)
n=  6550   udiff=  2.0944E-04 ( 53, 29)   vdiff=  2.1572E-04 ( 56, 26)
n=  6551   udiff=  2.0920E-04 ( 53, 29)   vdiff=  2.1539E-04 ( 56, 26)
n=  6552   udiff=  2.0895E-04 ( 53, 29)   vdiff=  2.1506E-04 ( 56, 26)
n=  6553   udiff=  2.0871E-04 ( 53, 29)   vdiff=  2.1473E-04 ( 56, 26)
n=  6554   udiff=  2.0846E-04 ( 53, 29)   vdiff=  2.1441E-04 ( 56, 26)
n=  6555   udiff=  2.0821E-04 ( 53, 29)   vdiff=  2.1409E-04 ( 56, 26)
n=  6556   udiff=  2.0796E-04 ( 53, 29)   vdiff=  2.1376E-04 ( 56, 26)
n=  6557   udiff=  2.0771E-04 ( 53, 29)   vdiff=  2.1343E-04 ( 56, 26)
n=  6558   udiff=  2.0747E-04 ( 53, 29)   vdiff=  2.1310E-04 ( 56, 26)
n=  6559   udiff=  2.0722E-04 ( 53, 29)   vdiff=  2.1278E-04 ( 56, 26)
n=  6560   udiff=  2.0698E-04 ( 53, 29)   vdiff=  2.1246E-04 ( 56, 26)
n=  6561   udiff=  2.0672E-04 ( 53, 29)   vdiff=  2.1212E-04 ( 56, 26)
n=  6562   udiff=  2.0648E-04 ( 53, 29)   vdiff=  2.1180E-04 ( 56, 26)
n=  6563   udiff=  2.0623E-04 ( 53, 29)   vdiff=  2.1147E-04 ( 56, 26)
n=  6564   udiff=  2.0598E-04 ( 53, 29)   vdiff=  2.1114E-04 ( 56, 26)
n=  6565   udiff=  2.0574E-04 ( 53, 29)   vdiff=  2.1081E-04 ( 56, 26)
n=  6566   udiff=  2.0548E-04 ( 53, 29)   vdiff=  2.1050E-04 ( 56, 26)
n=  6567   udiff=  2.0523E-04 ( 53, 29)   vdiff=  2.1016E-04 ( 56, 26)
n=  6568   udiff=  2.0498E-04 ( 53, 29)   vdiff=  2.0984E-04 ( 56, 26)
n=  6569   udiff=  2.0473E-04 ( 53, 29)   vdiff=  2.0951E-04 ( 56, 26)
n=  6570   udiff=  2.0448E-04 ( 53, 29)   vdiff=  2.0917E-04 ( 56, 26)
n=  6571   udiff=  2.0423E-04 ( 53, 29)   vdiff=  2.0886E-04 ( 56, 26)
n=  6572   udiff=  2.0398E-04 ( 53, 29)   vdiff=  2.0853E-04 ( 56, 26)
n=  6573   udiff=  2.0373E-04 ( 53, 29)   vdiff=  2.0820E-04 ( 56, 26)
n=  6574   udiff=  2.0348E-04 ( 53, 29)   vdiff=  2.0788E-04 ( 56, 26)
n=  6575   udiff=  2.0323E-04 ( 53, 29)   vdiff=  2.0755E-04 ( 56, 26)
n=  6576   udiff=  2.0298E-04 ( 53, 29)   vdiff=  2.0723E-04 ( 56, 26)
n=  6577   udiff=  2.0273E-04 ( 53, 29)   vdiff=  2.0690E-04 ( 56, 26)
n=  6578   udiff=  2.0248E-04 ( 53, 29)   vdiff=  2.0658E-04 ( 56, 26)
n=  6579   udiff=  2.0222E-04 ( 53, 29)   vdiff=  2.0625E-04 ( 56, 26)
n=  6580   udiff=  2.0197E-04 ( 53, 29)   vdiff=  2.0593E-04 ( 56, 26)
n=  6581   udiff=  2.0172E-04 ( 53, 29)   vdiff=  2.0560E-04 ( 56, 26)
n=  6582   udiff=  2.0147E-04 ( 53, 29)   vdiff=  2.0528E-04 ( 56, 26)
n=  6583   udiff=  2.0122E-04 ( 53, 29)   vdiff=  2.0495E-04 ( 56, 26)
n=  6584   udiff=  2.0096E-04 ( 53, 29)   vdiff=  2.0462E-04 ( 56, 26)
n=  6585   udiff=  2.0071E-04 ( 53, 29)   vdiff=  2.0430E-04 ( 56, 26)
n=  6586   udiff=  2.0046E-04 ( 53, 29)   vdiff=  2.0397E-04 ( 56, 26)
n=  6587   udiff=  2.0021E-04 ( 53, 29)   vdiff=  2.0366E-04 ( 56, 26)
n=  6588   udiff=  1.9996E-04 ( 53, 29)   vdiff=  2.0333E-04 ( 56, 26)
n=  6589   udiff=  1.9970E-04 ( 53, 29)   vdiff=  2.0300E-04 ( 56, 26)
n=  6590   udiff=  1.9945E-04 ( 53, 29)   vdiff=  2.0268E-04 ( 56, 26)
n=  6591   udiff=  1.9919E-04 ( 53, 29)   vdiff=  2.0235E-04 ( 56, 26)
n=  6592   udiff=  1.9894E-04 ( 53, 29)   vdiff=  2.0203E-04 ( 56, 26)
n=  6593   udiff=  1.9869E-04 ( 53, 29)   vdiff=  2.0171E-04 ( 56, 26)
n=  6594   udiff=  1.9844E-04 ( 53, 29)   vdiff=  2.0139E-04 ( 56, 26)
n=  6595   udiff=  1.9819E-04 ( 53, 29)   vdiff=  2.0107E-04 ( 56, 26)
n=  6596   udiff=  1.9792E-04 ( 53, 29)   vdiff=  2.0074E-04 ( 56, 26)
n=  6597   udiff=  1.9767E-04 ( 53, 29)   vdiff=  2.0041E-04 ( 56, 26)
n=  6598   udiff=  1.9742E-04 ( 53, 29)   vdiff=  2.0009E-04 ( 56, 26)
n=  6599   udiff=  1.9717E-04 ( 53, 29)   vdiff=  1.9976E-04 ( 56, 26)
n=  6600   udiff=  1.9691E-04 ( 53, 29)   vdiff=  1.9944E-04 ( 56, 26)
n=  6601   udiff=  1.9665E-04 ( 53, 29)   vdiff=  1.9912E-04 ( 56, 26)
n=  6602   udiff=  1.9640E-04 ( 53, 29)   vdiff=  1.9880E-04 ( 56, 26)
n=  6603   udiff=  1.9616E-04 ( 54, 29)   vdiff=  1.9847E-04 ( 56, 26)
n=  6604   udiff=  1.9596E-04 ( 54, 29)   vdiff=  1.9815E-04 ( 56, 26)
n=  6605   udiff=  1.9577E-04 ( 54, 29)   vdiff=  1.9782E-04 ( 56, 26)
n=  6606   udiff=  1.9557E-04 ( 54, 29)   vdiff=  1.9751E-04 ( 56, 26)
n=  6607   udiff=  1.9538E-04 ( 54, 29)   vdiff=  1.9719E-04 ( 56, 26)
n=  6608   udiff=  1.9518E-04 ( 54, 29)   vdiff=  1.9686E-04 ( 56, 26)
n=  6609   udiff=  1.9498E-04 ( 54, 29)   vdiff=  1.9654E-04 ( 56, 26)
n=  6610   udiff=  1.9478E-04 ( 54, 29)   vdiff=  1.9621E-04 ( 56, 26)
n=  6611   udiff=  1.9459E-04 ( 54, 29)   vdiff=  1.9590E-04 ( 56, 26)
n=  6612   udiff=  1.9439E-04 ( 54, 29)   vdiff=  1.9557E-04 ( 56, 26)
n=  6613   udiff=  1.9419E-04 ( 54, 29)   vdiff=  1.9525E-04 ( 56, 26)
n=  6614   udiff=  1.9400E-04 ( 54, 29)   vdiff=  1.9493E-04 ( 56, 26)
n=  6615   udiff=  1.9379E-04 ( 54, 29)   vdiff=  1.9461E-04 ( 56, 26)
n=  6616   udiff=  1.9360E-04 ( 54, 29)   vdiff=  1.9430E-04 ( 56, 26)
n=  6617   udiff=  1.9340E-04 ( 54, 29)   vdiff=  1.9396E-04 ( 56, 26)
n=  6618   udiff=  1.9320E-04 ( 54, 29)   vdiff=  1.9364E-04 ( 56, 26)
n=  6619   udiff=  1.9300E-04 ( 54, 29)   vdiff=  1.9331E-04 ( 56, 26)
n=  6620   udiff=  1.9280E-04 ( 54, 29)   vdiff=  1.9300E-04 ( 56, 26)
n=  6621   udiff=  1.9260E-04 ( 54, 29)   vdiff=  1.9268E-04 ( 56, 26)
n=  6622   udiff=  1.9240E-04 ( 54, 29)   vdiff=  1.9236E-04 ( 56, 26)
n=  6623   udiff=  1.9220E-04 ( 54, 29)   vdiff=  1.9204E-04 ( 56, 26)
n=  6624   udiff=  1.9199E-04 ( 54, 29)   vdiff=  1.9172E-04 ( 56, 26)
n=  6625   udiff=  1.9179E-04 ( 54, 29)   vdiff=  1.9140E-04 ( 56, 26)
n=  6626   udiff=  1.9159E-04 ( 54, 29)   vdiff=  1.9108E-04 ( 56, 26)
n=  6627   udiff=  1.9139E-04 ( 54, 29)   vdiff=  1.9077E-04 ( 56, 26)
n=  6628   udiff=  1.9119E-04 ( 54, 29)   vdiff=  1.9043E-04 ( 56, 26)
n=  6629   udiff=  1.9099E-04 ( 54, 29)   vdiff=  1.9012E-04 ( 56, 26)
n=  6630   udiff=  1.9078E-04 ( 54, 29)   vdiff=  1.8980E-04 ( 56, 26)
n=  6631   udiff=  1.9059E-04 ( 54, 29)   vdiff=  1.8948E-04 ( 56, 26)
n=  6632   udiff=  1.9038E-04 ( 54, 29)   vdiff=  1.8916E-04 ( 56, 26)
n=  6633   udiff=  1.9018E-04 ( 54, 29)   vdiff=  1.8885E-04 ( 56, 26)
n=  6634   udiff=  1.8997E-04 ( 54, 29)   vdiff=  1.8852E-04 ( 56, 26)
n=  6635   udiff=  1.8977E-04 ( 54, 29)   vdiff=  1.8820E-04 ( 56, 26)
n=  6636   udiff=  1.8957E-04 ( 54, 29)   vdiff=  1.8789E-04 ( 56, 26)
n=  6637   udiff=  1.8936E-04 ( 54, 29)   vdiff=  1.8756E-04 ( 56, 26)
n=  6638   udiff=  1.8916E-04 ( 54, 29)   vdiff=  1.8725E-04 ( 56, 26)
n=  6639   udiff=  1.8895E-04 ( 54, 29)   vdiff=  1.8694E-04 ( 56, 26)
n=  6640   udiff=  1.8875E-04 ( 54, 29)   vdiff=  1.8662E-04 ( 56, 26)
n=  6641   udiff=  1.8854E-04 ( 54, 29)   vdiff=  1.8629E-04 ( 56, 26)
n=  6642   udiff=  1.8834E-04 ( 54, 29)   vdiff=  1.8597E-04 ( 56, 26)
n=  6643   udiff=  1.8813E-04 ( 54, 29)   vdiff=  1.8567E-04 ( 56, 26)
n=  6644   udiff=  1.8793E-04 ( 54, 29)   vdiff=  1.8535E-04 ( 56, 26)
n=  6645   udiff=  1.8772E-04 ( 54, 29)   vdiff=  1.8503E-04 ( 56, 26)
n=  6646   udiff=  1.8751E-04 ( 54, 29)   vdiff=  1.8471E-04 ( 56, 26)
n=  6647   udiff=  1.8731E-04 ( 54, 29)   vdiff=  1.8439E-04 ( 56, 26)
n=  6648   udiff=  1.8710E-04 ( 54, 29)   vdiff=  1.8407E-04 ( 56, 26)
n=  6649   udiff=  1.8689E-04 ( 54, 29)   vdiff=  1.8376E-04 ( 56, 26)
n=  6650   udiff=  1.8669E-04 ( 54, 29)   vdiff=  1.8343E-04 ( 56, 26)
n=  6651   udiff=  1.8648E-04 ( 54, 29)   vdiff=  1.8312E-04 ( 56, 26)
n=  6652   udiff=  1.8627E-04 ( 54, 29)   vdiff=  1.8281E-04 ( 56, 26)
n=  6653   udiff=  1.8606E-04 ( 54, 29)   vdiff=  1.8250E-04 ( 56, 26)
n=  6654   udiff=  1.8586E-04 ( 54, 29)   vdiff=  1.8217E-04 ( 56, 26)
n=  6655   udiff=  1.8564E-04 ( 54, 29)   vdiff=  1.8186E-04 ( 56, 26)
n=  6656   udiff=  1.8544E-04 ( 54, 29)   vdiff=  1.8155E-04 ( 56, 26)
n=  6657   udiff=  1.8523E-04 ( 54, 29)   vdiff=  1.8123E-04 ( 56, 26)
n=  6658   udiff=  1.8502E-04 ( 54, 29)   vdiff=  1.8091E-04 ( 56, 26)
n=  6659   udiff=  1.8481E-04 ( 54, 29)   vdiff=  1.8059E-04 ( 56, 26)
n=  6660   udiff=  1.8461E-04 ( 54, 29)   vdiff=  1.8029E-04 ( 56, 26)
n=  6661   udiff=  1.8439E-04 ( 54, 29)   vdiff=  1.7996E-04 ( 56, 26)
n=  6662   udiff=  1.8419E-04 ( 54, 29)   vdiff=  1.7965E-04 ( 56, 26)
n=  6663   udiff=  1.8397E-04 ( 54, 29)   vdiff=  1.7934E-04 ( 56, 26)
n=  6664   udiff=  1.8377E-04 ( 54, 29)   vdiff=  1.7903E-04 ( 56, 26)
n=  6665   udiff=  1.8355E-04 ( 54, 29)   vdiff=  1.7871E-04 ( 56, 26)
n=  6666   udiff=  1.8334E-04 ( 54, 29)   vdiff=  1.7840E-04 ( 56, 26)
n=  6667   udiff=  1.8313E-04 ( 54, 29)   vdiff=  1.7809E-04 ( 56, 26)
n=  6668   udiff=  1.8293E-04 ( 54, 29)   vdiff=  1.7777E-04 ( 56, 26)
n=  6669   udiff=  1.8271E-04 ( 54, 29)   vdiff=  1.7746E-04 ( 56, 26)
n=  6670   udiff=  1.8250E-04 ( 54, 29)   vdiff=  1.7715E-04 ( 56, 26)
n=  6671   udiff=  1.8229E-04 ( 54, 29)   vdiff=  1.7683E-04 ( 56, 26)
n=  6672   udiff=  1.8208E-04 ( 54, 29)   vdiff=  1.7652E-04 ( 56, 26)
n=  6673   udiff=  1.8187E-04 ( 54, 29)   vdiff=  1.7620E-04 ( 56, 26)
n=  6674   udiff=  1.8165E-04 ( 54, 29)   vdiff=  1.7589E-04 ( 56, 26)
n=  6675   udiff=  1.8144E-04 ( 54, 29)   vdiff=  1.7558E-04 ( 56, 26)
n=  6676   udiff=  1.8123E-04 ( 54, 29)   vdiff=  1.7528E-04 ( 56, 26)
n=  6677   udiff=  1.8102E-04 ( 54, 29)   vdiff=  1.7496E-04 ( 56, 26)
n=  6678   udiff=  1.8080E-04 ( 54, 29)   vdiff=  1.7464E-04 ( 56, 26)
n=  6679   udiff=  1.8059E-04 ( 54, 29)   vdiff=  1.7434E-04 ( 56, 26)
n=  6680   udiff=  1.8038E-04 ( 54, 29)   vdiff=  1.7402E-04 ( 56, 26)
n=  6681   udiff=  1.8017E-04 ( 54, 29)   vdiff=  1.7371E-04 ( 56, 26)
n=  6682   udiff=  1.7995E-04 ( 54, 29)   vdiff=  1.7340E-04 ( 56, 26)
n=  6683   udiff=  1.7975E-04 ( 54, 29)   vdiff=  1.7309E-04 ( 56, 26)
n=  6684   udiff=  1.7953E-04 ( 54, 29)   vdiff=  1.7278E-04 ( 56, 26)
n=  6685   udiff=  1.7932E-04 ( 54, 29)   vdiff=  1.7246E-04 ( 56, 26)
n=  6686   udiff=  1.7910E-04 ( 54, 29)   vdiff=  1.7215E-04 ( 56, 26)
n=  6687   udiff=  1.7889E-04 ( 54, 29)   vdiff=  1.7185E-04 ( 56, 26)
n=  6688   udiff=  1.7868E-04 ( 54, 29)   vdiff=  1.7154E-04 ( 56, 26)
n=  6689   udiff=  1.7846E-04 ( 54, 29)   vdiff=  1.7124E-04 ( 56, 26)
n=  6690   udiff=  1.7824E-04 ( 54, 29)   vdiff=  1.7092E-04 ( 56, 26)
n=  6691   udiff=  1.7803E-04 ( 54, 29)   vdiff=  1.7061E-04 ( 56, 26)
n=  6692   udiff=  1.7781E-04 ( 54, 29)   vdiff=  1.7030E-04 ( 56, 26)
n=  6693   udiff=  1.7760E-04 ( 54, 29)   vdiff=  1.6998E-04 ( 56, 26)
n=  6694   udiff=  1.7738E-04 ( 54, 29)   vdiff=  1.6968E-04 ( 56, 26)
n=  6695   udiff=  1.7717E-04 ( 54, 29)   vdiff=  1.6937E-04 ( 56, 26)
n=  6696   udiff=  1.7695E-04 ( 54, 29)   vdiff=  1.6907E-04 ( 56, 26)
n=  6697   udiff=  1.7674E-04 ( 54, 29)   vdiff=  1.6876E-04 ( 56, 26)
n=  6698   udiff=  1.7652E-04 ( 54, 29)   vdiff=  1.6845E-04 ( 56, 26)
n=  6699   udiff=  1.7630E-04 ( 54, 29)   vdiff=  1.6815E-04 ( 56, 26)
n=  6700   udiff=  1.7609E-04 ( 54, 29)   vdiff=  1.6782E-04 ( 56, 26)
n=  6701   udiff=  1.7587E-04 ( 54, 29)   vdiff=  1.6760E-04 ( 57, 25)
n=  6702   udiff=  1.7566E-04 ( 54, 29)   vdiff=  1.6744E-04 ( 57, 25)
n=  6703   udiff=  1.7544E-04 ( 54, 29)   vdiff=  1.6729E-04 ( 57, 25)
n=  6704   udiff=  1.7522E-04 ( 54, 29)   vdiff=  1.6713E-04 ( 57, 25)
n=  6705   udiff=  1.7500E-04 ( 54, 29)   vdiff=  1.6696E-04 ( 57, 25)
n=  6706   udiff=  1.7479E-04 ( 54, 29)   vdiff=  1.6679E-04 ( 57, 25)
n=  6707   udiff=  1.7457E-04 ( 54, 29)   vdiff=  1.6663E-04 ( 57, 25)
n=  6708   udiff=  1.7435E-04 ( 54, 29)   vdiff=  1.6646E-04 ( 57, 25)
n=  6709   udiff=  1.7413E-04 ( 54, 29)   vdiff=  1.6630E-04 ( 57, 25)
n=  6710   udiff=  1.7392E-04 ( 54, 29)   vdiff=  1.6614E-04 ( 57, 25)
n=  6711   udiff=  1.7370E-04 ( 54, 29)   vdiff=  1.6597E-04 ( 57, 25)
n=  6712   udiff=  1.7348E-04 ( 54, 29)   vdiff=  1.6581E-04 ( 57, 25)
n=  6713   udiff=  1.7327E-04 ( 54, 29)   vdiff=  1.6565E-04 ( 57, 25)
n=  6714   udiff=  1.7305E-04 ( 54, 29)   vdiff=  1.6549E-04 ( 57, 25)
n=  6715   udiff=  1.7283E-04 ( 54, 29)   vdiff=  1.6532E-04 ( 57, 25)
n=  6716   udiff=  1.7261E-04 ( 54, 29)   vdiff=  1.6515E-04 ( 57, 25)
n=  6717   udiff=  1.7240E-04 ( 54, 29)   vdiff=  1.6500E-04 ( 57, 25)
n=  6718   udiff=  1.7218E-04 ( 54, 29)   vdiff=  1.6483E-04 ( 57, 25)
n=  6719   udiff=  1.7196E-04 ( 54, 29)   vdiff=  1.6465E-04 ( 57, 25)
n=  6720   udiff=  1.7174E-04 ( 54, 29)   vdiff=  1.6449E-04 ( 57, 25)
n=  6721   udiff=  1.7152E-04 ( 54, 29)   vdiff=  1.6433E-04 ( 57, 25)
n=  6722   udiff=  1.7130E-04 ( 54, 29)   vdiff=  1.6417E-04 ( 57, 25)
n=  6723   udiff=  1.7109E-04 ( 54, 29)   vdiff=  1.6401E-04 ( 57, 25)
n=  6724   udiff=  1.7087E-04 ( 54, 29)   vdiff=  1.6384E-04 ( 57, 25)
n=  6725   udiff=  1.7065E-04 ( 54, 29)   vdiff=  1.6366E-04 ( 57, 25)
n=  6726   udiff=  1.7043E-04 ( 54, 29)   vdiff=  1.6350E-04 ( 57, 25)
n=  6727   udiff=  1.7021E-04 ( 54, 29)   vdiff=  1.6333E-04 ( 57, 25)
n=  6728   udiff=  1.6999E-04 ( 54, 29)   vdiff=  1.6316E-04 ( 57, 25)
n=  6729   udiff=  1.6977E-04 ( 54, 29)   vdiff=  1.6299E-04 ( 57, 25)
n=  6730   udiff=  1.6963E-04 ( 54, 28)   vdiff=  1.6282E-04 ( 57, 25)
n=  6731   udiff=  1.6949E-04 ( 54, 28)   vdiff=  1.6266E-04 ( 57, 25)
n=  6732   udiff=  1.6936E-04 ( 54, 28)   vdiff=  1.6249E-04 ( 57, 25)
n=  6733   udiff=  1.6922E-04 ( 54, 28)   vdiff=  1.6231E-04 ( 57, 25)
n=  6734   udiff=  1.6908E-04 ( 54, 28)   vdiff=  1.6215E-04 ( 57, 25)
n=  6735   udiff=  1.6895E-04 ( 54, 28)   vdiff=  1.6198E-04 ( 57, 25)
n=  6736   udiff=  1.6881E-04 ( 54, 28)   vdiff=  1.6181E-04 ( 57, 25)
n=  6737   udiff=  1.6868E-04 ( 54, 28)   vdiff=  1.6163E-04 ( 57, 25)
n=  6738   udiff=  1.6854E-04 ( 54, 28)   vdiff=  1.6147E-04 ( 57, 25)
n=  6739   udiff=  1.6841E-04 ( 54, 28)   vdiff=  1.6130E-04 ( 57, 25)
n=  6740   udiff=  1.6827E-04 ( 54, 28)   vdiff=  1.6112E-04 ( 57, 25)
n=  6741   udiff=  1.6813E-04 ( 54, 28)   vdiff=  1.6095E-04 ( 57, 25)
n=  6742   udiff=  1.6800E-04 ( 54, 28)   vdiff=  1.6079E-04 ( 57, 25)
n=  6743   udiff=  1.6785E-04 ( 54, 28)   vdiff=  1.6062E-04 ( 57, 25)
n=  6744   udiff=  1.6772E-04 ( 54, 28)   vdiff=  1.6045E-04 ( 57, 25)
n=  6745   udiff=  1.6758E-04 ( 54, 28)   vdiff=  1.6028E-04 ( 57, 25)
n=  6746   udiff=  1.6744E-04 ( 54, 28)   vdiff=  1.6011E-04 ( 57, 25)
n=  6747   udiff=  1.6730E-04 ( 54, 28)   vdiff=  1.5994E-04 ( 57, 25)
n=  6748   udiff=  1.6716E-04 ( 54, 28)   vdiff=  1.5976E-04 ( 57, 25)
n=  6749   udiff=  1.6702E-04 ( 54, 28)   vdiff=  1.5960E-04 ( 57, 25)
n=  6750   udiff=  1.6688E-04 ( 54, 28)   vdiff=  1.5941E-04 ( 57, 25)
n=  6751   udiff=  1.6674E-04 ( 54, 28)   vdiff=  1.5923E-04 ( 57, 25)
n=  6752   udiff=  1.6659E-04 ( 54, 28)   vdiff=  1.5906E-04 ( 57, 25)
n=  6753   udiff=  1.6645E-04 ( 54, 28)   vdiff=  1.5890E-04 ( 57, 25)
n=  6754   udiff=  1.6631E-04 ( 54, 28)   vdiff=  1.5872E-04 ( 57, 25)
n=  6755   udiff=  1.6617E-04 ( 54, 28)   vdiff=  1.5854E-04 ( 57, 25)
n=  6756   udiff=  1.6603E-04 ( 54, 28)   vdiff=  1.5838E-04 ( 57, 25)
n=  6757   udiff=  1.6588E-04 ( 54, 28)   vdiff=  1.5819E-04 ( 57, 25)
n=  6758   udiff=  1.6574E-04 ( 54, 28)   vdiff=  1.5803E-04 ( 57, 25)
n=  6759   udiff=  1.6560E-04 ( 54, 28)   vdiff=  1.5784E-04 ( 57, 25)
n=  6760   udiff=  1.6545E-04 ( 54, 28)   vdiff=  1.5768E-04 ( 57, 25)
n=  6761   udiff=  1.6530E-04 ( 54, 28)   vdiff=  1.5750E-04 ( 57, 25)
n=  6762   udiff=  1.6516E-04 ( 54, 28)   vdiff=  1.5732E-04 ( 57, 25)
n=  6763   udiff=  1.6502E-04 ( 54, 28)   vdiff=  1.5714E-04 ( 57, 25)
n=  6764   udiff=  1.6487E-04 ( 54, 28)   vdiff=  1.5697E-04 ( 57, 25)
n=  6765   udiff=  1.6473E-04 ( 54, 28)   vdiff=  1.5680E-04 ( 57, 25)
n=  6766   udiff=  1.6458E-04 ( 54, 28)   vdiff=  1.5663E-04 ( 57, 25)
n=  6767   udiff=  1.6443E-04 ( 54, 28)   vdiff=  1.5645E-04 ( 57, 25)
n=  6768   udiff=  1.6429E-04 ( 54, 28)   vdiff=  1.5626E-04 ( 57, 25)
n=  6769   udiff=  1.6414E-04 ( 54, 28)   vdiff=  1.5610E-04 ( 57, 25)
n=  6770   udiff=  1.6399E-04 ( 54, 28)   vdiff=  1.5591E-04 ( 57, 25)
n=  6771   udiff=  1.6384E-04 ( 54, 28)   vdiff=  1.5574E-04 ( 57, 25)
n=  6772   udiff=  1.6370E-04 ( 54, 28)   vdiff=  1.5557E-04 ( 57, 25)
n=  6773   udiff=  1.6355E-04 ( 54, 28)   vdiff=  1.5539E-04 ( 57, 25)
n=  6774   udiff=  1.6340E-04 ( 54, 28)   vdiff=  1.5521E-04 ( 57, 25)
n=  6775   udiff=  1.6325E-04 ( 54, 28)   vdiff=  1.5503E-04 ( 57, 25)
n=  6776   udiff=  1.6310E-04 ( 54, 28)   vdiff=  1.5486E-04 ( 57, 25)
n=  6777   udiff=  1.6295E-04 ( 54, 28)   vdiff=  1.5468E-04 ( 57, 25)
n=  6778   udiff=  1.6280E-04 ( 54, 28)   vdiff=  1.5449E-04 ( 57, 25)
n=  6779   udiff=  1.6265E-04 ( 54, 28)   vdiff=  1.5433E-04 ( 57, 25)
n=  6780   udiff=  1.6250E-04 ( 54, 28)   vdiff=  1.5415E-04 ( 57, 25)
n=  6781   udiff=  1.6235E-04 ( 54, 28)   vdiff=  1.5397E-04 ( 57, 25)
n=  6782   udiff=  1.6220E-04 ( 54, 28)   vdiff=  1.5379E-04 ( 57, 25)
n=  6783   udiff=  1.6204E-04 ( 54, 28)   vdiff=  1.5362E-04 ( 57, 25)
n=  6784   udiff=  1.6190E-04 ( 54, 28)   vdiff=  1.5343E-04 ( 57, 25)
n=  6785   udiff=  1.6174E-04 ( 54, 28)   vdiff=  1.5325E-04 ( 57, 25)
n=  6786   udiff=  1.6159E-04 ( 54, 28)   vdiff=  1.5308E-04 ( 57, 25)
n=  6787   udiff=  1.6143E-04 ( 54, 28)   vdiff=  1.5289E-04 ( 57, 25)
n=  6788   udiff=  1.6128E-04 ( 54, 28)   vdiff=  1.5272E-04 ( 57, 25)
n=  6789   udiff=  1.6113E-04 ( 54, 28)   vdiff=  1.5254E-04 ( 57, 25)
n=  6790   udiff=  1.6097E-04 ( 54, 28)   vdiff=  1.5234E-04 ( 57, 25)
n=  6791   udiff=  1.6083E-04 ( 54, 28)   vdiff=  1.5218E-04 ( 57, 25)
n=  6792   udiff=  1.6067E-04 ( 54, 28)   vdiff=  1.5200E-04 ( 57, 25)
n=  6793   udiff=  1.6052E-04 ( 54, 28)   vdiff=  1.5181E-04 ( 57, 25)
n=  6794   udiff=  1.6036E-04 ( 54, 28)   vdiff=  1.5164E-04 ( 57, 25)
n=  6795   udiff=  1.6021E-04 ( 54, 28)   vdiff=  1.5146E-04 ( 57, 25)
n=  6796   udiff=  1.6005E-04 ( 54, 28)   vdiff=  1.5127E-04 ( 57, 25)
n=  6797   udiff=  1.5990E-04 ( 54, 28)   vdiff=  1.5110E-04 ( 57, 25)
n=  6798   udiff=  1.5974E-04 ( 54, 28)   vdiff=  1.5091E-04 ( 57, 25)
n=  6799   udiff=  1.5958E-04 ( 54, 28)   vdiff=  1.5074E-04 ( 57, 25)
n=  6800   udiff=  1.5943E-04 ( 54, 28)   vdiff=  1.5055E-04 ( 57, 25)
n=  6801   udiff=  1.5927E-04 ( 54, 28)   vdiff=  1.5038E-04 ( 57, 25)
n=  6802   udiff=  1.5911E-04 ( 54, 28)   vdiff=  1.5019E-04 ( 57, 25)
n=  6803   udiff=  1.5896E-04 ( 54, 28)   vdiff=  1.5001E-04 ( 57, 25)
n=  6804   udiff=  1.5880E-04 ( 54, 28)   vdiff=  1.4983E-04 ( 57, 25)
n=  6805   udiff=  1.5864E-04 ( 54, 28)   vdiff=  1.4965E-04 ( 57, 25)
n=  6806   udiff=  1.5848E-04 ( 54, 28)   vdiff=  1.4946E-04 ( 57, 25)
n=  6807   udiff=  1.5832E-04 ( 54, 28)   vdiff=  1.4927E-04 ( 57, 25)
n=  6808   udiff=  1.5817E-04 ( 54, 28)   vdiff=  1.4910E-04 ( 57, 25)
n=  6809   udiff=  1.5801E-04 ( 54, 28)   vdiff=  1.4891E-04 ( 57, 25)
n=  6810   udiff=  1.5785E-04 ( 54, 28)   vdiff=  1.4872E-04 ( 57, 25)
n=  6811   udiff=  1.5769E-04 ( 54, 28)   vdiff=  1.4855E-04 ( 57, 25)
n=  6812   udiff=  1.5753E-04 ( 54, 28)   vdiff=  1.4836E-04 ( 57, 25)
n=  6813   udiff=  1.5737E-04 ( 54, 28)   vdiff=  1.4818E-04 ( 57, 25)
n=  6814   udiff=  1.5721E-04 ( 54, 28)   vdiff=  1.4800E-04 ( 57, 25)
n=  6815   udiff=  1.5705E-04 ( 54, 28)   vdiff=  1.4782E-04 ( 57, 25)
n=  6816   udiff=  1.5689E-04 ( 54, 28)   vdiff=  1.4763E-04 ( 57, 25)
n=  6817   udiff=  1.5673E-04 ( 54, 28)   vdiff=  1.4746E-04 ( 57, 25)
n=  6818   udiff=  1.5657E-04 ( 54, 28)   vdiff=  1.4727E-04 ( 57, 25)
n=  6819   udiff=  1.5641E-04 ( 54, 28)   vdiff=  1.4709E-04 ( 57, 25)
n=  6820   udiff=  1.5624E-04 ( 54, 28)   vdiff=  1.4690E-04 ( 57, 25)
n=  6821   udiff=  1.5608E-04 ( 54, 28)   vdiff=  1.4673E-04 ( 57, 25)
n=  6822   udiff=  1.5592E-04 ( 54, 28)   vdiff=  1.4653E-04 ( 57, 25)
n=  6823   udiff=  1.5576E-04 ( 54, 28)   vdiff=  1.4635E-04 ( 57, 25)
n=  6824   udiff=  1.5560E-04 ( 54, 28)   vdiff=  1.4618E-04 ( 57, 25)
n=  6825   udiff=  1.5544E-04 ( 54, 28)   vdiff=  1.4598E-04 ( 57, 25)
n=  6826   udiff=  1.5527E-04 ( 54, 28)   vdiff=  1.4579E-04 ( 57, 25)
n=  6827   udiff=  1.5510E-04 ( 54, 28)   vdiff=  1.4562E-04 ( 57, 25)
n=  6828   udiff=  1.5495E-04 ( 54, 28)   vdiff=  1.4544E-04 ( 57, 25)
n=  6829   udiff=  1.5478E-04 ( 54, 28)   vdiff=  1.4525E-04 ( 57, 25)
n=  6830   udiff=  1.5462E-04 ( 54, 28)   vdiff=  1.4506E-04 ( 57, 25)
n=  6831   udiff=  1.5445E-04 ( 54, 28)   vdiff=  1.4487E-04 ( 57, 25)
n=  6832   udiff=  1.5429E-04 ( 54, 28)   vdiff=  1.4469E-04 ( 57, 25)
n=  6833   udiff=  1.5412E-04 ( 54, 28)   vdiff=  1.4451E-04 ( 57, 25)
n=  6834   udiff=  1.5396E-04 ( 54, 28)   vdiff=  1.4433E-04 ( 57, 25)
n=  6835   udiff=  1.5379E-04 ( 54, 28)   vdiff=  1.4413E-04 ( 57, 25)
n=  6836   udiff=  1.5363E-04 ( 54, 28)   vdiff=  1.4395E-04 ( 57, 25)
n=  6837   udiff=  1.5346E-04 ( 54, 28)   vdiff=  1.4377E-04 ( 57, 25)
n=  6838   udiff=  1.5329E-04 ( 54, 28)   vdiff=  1.4360E-04 ( 57, 26)
n=  6839   udiff=  1.5313E-04 ( 54, 28)   vdiff=  1.4342E-04 ( 57, 26)
n=  6840   udiff=  1.5296E-04 ( 54, 28)   vdiff=  1.4326E-04 ( 57, 26)
n=  6841   udiff=  1.5280E-04 ( 54, 28)   vdiff=  1.4308E-04 ( 57, 26)
n=  6842   udiff=  1.5263E-04 ( 54, 28)   vdiff=  1.4292E-04 ( 57, 26)
n=  6843   udiff=  1.5246E-04 ( 54, 28)   vdiff=  1.4274E-04 ( 57, 26)
n=  6844   udiff=  1.5230E-04 ( 54, 28)   vdiff=  1.4256E-04 ( 57, 26)
n=  6845   udiff=  1.5213E-04 ( 54, 28)   vdiff=  1.4240E-04 ( 57, 26)
n=  6846   udiff=  1.5196E-04 ( 54, 28)   vdiff=  1.4223E-04 ( 57, 26)
n=  6847   udiff=  1.5179E-04 ( 54, 28)   vdiff=  1.4205E-04 ( 57, 26)
n=  6848   udiff=  1.5163E-04 ( 54, 28)   vdiff=  1.4188E-04 ( 57, 26)
n=  6849   udiff=  1.5146E-04 ( 54, 28)   vdiff=  1.4171E-04 ( 57, 26)
n=  6850   udiff=  1.5129E-04 ( 54, 28)   vdiff=  1.4154E-04 ( 57, 26)
n=  6851   udiff=  1.5113E-04 ( 54, 28)   vdiff=  1.4136E-04 ( 57, 26)
n=  6852   udiff=  1.5096E-04 ( 54, 28)   vdiff=  1.4120E-04 ( 57, 26)
n=  6853   udiff=  1.5079E-04 ( 54, 28)   vdiff=  1.4101E-04 ( 57, 26)
n=  6854   udiff=  1.5062E-04 ( 54, 28)   vdiff=  1.4085E-04 ( 57, 26)
n=  6855   udiff=  1.5045E-04 ( 54, 28)   vdiff=  1.4068E-04 ( 57, 26)
n=  6856   udiff=  1.5028E-04 ( 54, 28)   vdiff=  1.4051E-04 ( 57, 26)
n=  6857   udiff=  1.5011E-04 ( 54, 28)   vdiff=  1.4033E-04 ( 57, 26)
n=  6858   udiff=  1.4994E-04 ( 54, 28)   vdiff=  1.4017E-04 ( 57, 26)
n=  6859   udiff=  1.4977E-04 ( 54, 28)   vdiff=  1.3999E-04 ( 57, 26)
n=  6860   udiff=  1.4960E-04 ( 54, 28)   vdiff=  1.3981E-04 ( 57, 26)
n=  6861   udiff=  1.4943E-04 ( 54, 28)   vdiff=  1.3965E-04 ( 57, 26)
n=  6862   udiff=  1.4926E-04 ( 54, 28)   vdiff=  1.3946E-04 ( 57, 26)
n=  6863   udiff=  1.4909E-04 ( 54, 28)   vdiff=  1.3929E-04 ( 57, 26)
n=  6864   udiff=  1.4892E-04 ( 54, 28)   vdiff=  1.3911E-04 ( 57, 26)
n=  6865   udiff=  1.4875E-04 ( 54, 28)   vdiff=  1.3895E-04 ( 57, 26)
n=  6866   udiff=  1.4857E-04 ( 54, 28)   vdiff=  1.3878E-04 ( 57, 26)
n=  6867   udiff=  1.4841E-04 ( 54, 28)   vdiff=  1.3861E-04 ( 57, 26)
n=  6868   udiff=  1.4824E-04 ( 54, 28)   vdiff=  1.3842E-04 ( 57, 26)
n=  6869   udiff=  1.4806E-04 ( 54, 28)   vdiff=  1.3825E-04 ( 57, 26)
n=  6870   udiff=  1.4789E-04 ( 54, 28)   vdiff=  1.3808E-04 ( 57, 26)
n=  6871   udiff=  1.4772E-04 ( 54, 28)   vdiff=  1.3791E-04 ( 57, 26)
n=  6872   udiff=  1.4755E-04 ( 54, 28)   vdiff=  1.3773E-04 ( 57, 26)
n=  6873   udiff=  1.4737E-04 ( 54, 28)   vdiff=  1.3756E-04 ( 57, 26)
n=  6874   udiff=  1.4720E-04 ( 54, 28)   vdiff=  1.3738E-04 ( 57, 26)
n=  6875   udiff=  1.4703E-04 ( 54, 28)   vdiff=  1.3721E-04 ( 57, 26)
n=  6876   udiff=  1.4686E-04 ( 54, 28)   vdiff=  1.3703E-04 ( 57, 26)
n=  6877   udiff=  1.4668E-04 ( 54, 28)   vdiff=  1.3687E-04 ( 57, 26)
n=  6878   udiff=  1.4651E-04 ( 54, 28)   vdiff=  1.3669E-04 ( 57, 26)
n=  6879   udiff=  1.4634E-04 ( 54, 28)   vdiff=  1.3651E-04 ( 57, 26)
n=  6880   udiff=  1.4617E-04 ( 54, 28)   vdiff=  1.3634E-04 ( 57, 26)
n=  6881   udiff=  1.4600E-04 ( 54, 28)   vdiff=  1.3617E-04 ( 57, 26)
n=  6882   udiff=  1.4582E-04 ( 54, 28)   vdiff=  1.3599E-04 ( 57, 26)
n=  6883   udiff=  1.4564E-04 ( 54, 28)   vdiff=  1.3581E-04 ( 57, 26)
n=  6884   udiff=  1.4547E-04 ( 54, 28)   vdiff=  1.3563E-04 ( 57, 26)
n=  6885   udiff=  1.4529E-04 ( 54, 28)   vdiff=  1.3546E-04 ( 57, 26)
n=  6886   udiff=  1.4512E-04 ( 54, 28)   vdiff=  1.3529E-04 ( 57, 26)
n=  6887   udiff=  1.4494E-04 ( 54, 28)   vdiff=  1.3510E-04 ( 57, 26)
n=  6888   udiff=  1.4477E-04 ( 54, 28)   vdiff=  1.3494E-04 ( 57, 26)
n=  6889   udiff=  1.4459E-04 ( 54, 28)   vdiff=  1.3476E-04 ( 57, 26)
n=  6890   udiff=  1.4442E-04 ( 54, 28)   vdiff=  1.3459E-04 ( 57, 26)
n=  6891   udiff=  1.4424E-04 ( 54, 28)   vdiff=  1.3442E-04 ( 57, 26)
n=  6892   udiff=  1.4407E-04 ( 54, 28)   vdiff=  1.3423E-04 ( 57, 26)
n=  6893   udiff=  1.4389E-04 ( 54, 28)   vdiff=  1.3405E-04 ( 57, 26)
n=  6894   udiff=  1.4372E-04 ( 54, 28)   vdiff=  1.3388E-04 ( 57, 26)
n=  6895   udiff=  1.4354E-04 ( 54, 28)   vdiff=  1.3371E-04 ( 57, 26)
n=  6896   udiff=  1.4337E-04 ( 54, 28)   vdiff=  1.3354E-04 ( 57, 26)
n=  6897   udiff=  1.4320E-04 ( 54, 28)   vdiff=  1.3336E-04 ( 57, 26)
n=  6898   udiff=  1.4301E-04 ( 54, 28)   vdiff=  1.3318E-04 ( 57, 26)
n=  6899   udiff=  1.4284E-04 ( 54, 28)   vdiff=  1.3301E-04 ( 57, 26)
n=  6900   udiff=  1.4267E-04 ( 54, 28)   vdiff=  1.3284E-04 ( 57, 26)
n=  6901   udiff=  1.4249E-04 ( 54, 28)   vdiff=  1.3266E-04 ( 57, 26)
n=  6902   udiff=  1.4231E-04 ( 54, 28)   vdiff=  1.3248E-04 ( 57, 26)
n=  6903   udiff=  1.4214E-04 ( 54, 28)   vdiff=  1.3231E-04 ( 57, 26)
n=  6904   udiff=  1.4196E-04 ( 54, 28)   vdiff=  1.3212E-04 ( 57, 26)
n=  6905   udiff=  1.4178E-04 ( 54, 28)   vdiff=  1.3196E-04 ( 57, 26)
n=  6906   udiff=  1.4161E-04 ( 54, 28)   vdiff=  1.3177E-04 ( 57, 26)
n=  6907   udiff=  1.4143E-04 ( 54, 28)   vdiff=  1.3160E-04 ( 57, 26)
n=  6908   udiff=  1.4125E-04 ( 54, 28)   vdiff=  1.3142E-04 ( 57, 26)
n=  6909   udiff=  1.4108E-04 ( 54, 28)   vdiff=  1.3124E-04 ( 57, 26)
n=  6910   udiff=  1.4090E-04 ( 54, 28)   vdiff=  1.3106E-04 ( 57, 26)
n=  6911   udiff=  1.4072E-04 ( 54, 28)   vdiff=  1.3089E-04 ( 57, 26)
n=  6912   udiff=  1.4054E-04 ( 54, 28)   vdiff=  1.3072E-04 ( 57, 26)
n=  6913   udiff=  1.4036E-04 ( 54, 28)   vdiff=  1.3054E-04 ( 57, 26)
n=  6914   udiff=  1.4018E-04 ( 54, 28)   vdiff=  1.3036E-04 ( 57, 26)
n=  6915   udiff=  1.4001E-04 ( 54, 28)   vdiff=  1.3019E-04 ( 57, 26)
n=  6916   udiff=  1.3983E-04 ( 54, 28)   vdiff=  1.3001E-04 ( 57, 26)
n=  6917   udiff=  1.3965E-04 ( 54, 28)   vdiff=  1.2983E-04 ( 57, 26)
n=  6918   udiff=  1.3948E-04 ( 54, 28)   vdiff=  1.2966E-04 ( 57, 26)
n=  6919   udiff=  1.3929E-04 ( 54, 28)   vdiff=  1.2948E-04 ( 57, 26)
n=  6920   udiff=  1.3911E-04 ( 54, 28)   vdiff=  1.2929E-04 ( 57, 26)
n=  6921   udiff=  1.3894E-04 ( 54, 28)   vdiff=  1.2913E-04 ( 57, 26)
n=  6922   udiff=  1.3876E-04 ( 54, 28)   vdiff=  1.2894E-04 ( 57, 26)
n=  6923   udiff=  1.3858E-04 ( 54, 28)   vdiff=  1.2876E-04 ( 57, 26)
n=  6924   udiff=  1.3840E-04 ( 54, 28)   vdiff=  1.2859E-04 ( 57, 26)
n=  6925   udiff=  1.3822E-04 ( 54, 28)   vdiff=  1.2841E-04 ( 57, 26)
n=  6926   udiff=  1.3804E-04 ( 54, 28)   vdiff=  1.2824E-04 ( 57, 26)
n=  6927   udiff=  1.3785E-04 ( 54, 28)   vdiff=  1.2805E-04 ( 57, 26)
n=  6928   udiff=  1.3768E-04 ( 54, 28)   vdiff=  1.2788E-04 ( 57, 26)
n=  6929   udiff=  1.3750E-04 ( 54, 28)   vdiff=  1.2771E-04 ( 57, 26)
n=  6930   udiff=  1.3732E-04 ( 54, 28)   vdiff=  1.2752E-04 ( 57, 26)
n=  6931   udiff=  1.3714E-04 ( 54, 28)   vdiff=  1.2734E-04 ( 57, 26)
n=  6932   udiff=  1.3696E-04 ( 54, 28)   vdiff=  1.2717E-04 ( 57, 26)
n=  6933   udiff=  1.3678E-04 ( 54, 28)   vdiff=  1.2700E-04 ( 57, 26)
n=  6934   udiff=  1.3660E-04 ( 54, 28)   vdiff=  1.2682E-04 ( 57, 26)
n=  6935   udiff=  1.3642E-04 ( 54, 28)   vdiff=  1.2664E-04 ( 57, 26)
n=  6936   udiff=  1.3624E-04 ( 54, 28)   vdiff=  1.2646E-04 ( 57, 26)
n=  6937   udiff=  1.3606E-04 ( 54, 28)   vdiff=  1.2628E-04 ( 57, 26)
n=  6938   udiff=  1.3588E-04 ( 54, 28)   vdiff=  1.2611E-04 ( 57, 26)
n=  6939   udiff=  1.3570E-04 ( 54, 28)   vdiff=  1.2593E-04 ( 57, 26)
n=  6940   udiff=  1.3552E-04 ( 54, 28)   vdiff=  1.2575E-04 ( 57, 26)
n=  6941   udiff=  1.3534E-04 ( 54, 28)   vdiff=  1.2557E-04 ( 57, 26)
n=  6942   udiff=  1.3516E-04 ( 54, 28)   vdiff=  1.2540E-04 ( 57, 26)
n=  6943   udiff=  1.3498E-04 ( 54, 28)   vdiff=  1.2522E-04 ( 57, 26)
n=  6944   udiff=  1.3480E-04 ( 54, 28)   vdiff=  1.2505E-04 ( 57, 26)
n=  6945   udiff=  1.3462E-04 ( 54, 28)   vdiff=  1.2486E-04 ( 57, 26)
n=  6946   udiff=  1.3444E-04 ( 54, 28)   vdiff=  1.2468E-04 ( 57, 26)
n=  6947   udiff=  1.3425E-04 ( 54, 28)   vdiff=  1.2451E-04 ( 57, 26)
n=  6948   udiff=  1.3407E-04 ( 54, 28)   vdiff=  1.2434E-04 ( 57, 26)
n=  6949   udiff=  1.3389E-04 ( 54, 28)   vdiff=  1.2415E-04 ( 57, 26)
n=  6950   udiff=  1.3372E-04 ( 54, 28)   vdiff=  1.2398E-04 ( 57, 26)
n=  6951   udiff=  1.3353E-04 ( 54, 28)   vdiff=  1.2380E-04 ( 57, 26)
n=  6952   udiff=  1.3335E-04 ( 54, 28)   vdiff=  1.2362E-04 ( 57, 26)
n=  6953   udiff=  1.3317E-04 ( 54, 28)   vdiff=  1.2344E-04 ( 57, 26)
n=  6954   udiff=  1.3298E-04 ( 54, 28)   vdiff=  1.2326E-04 ( 57, 26)
n=  6955   udiff=  1.3280E-04 ( 54, 28)   vdiff=  1.2308E-04 ( 57, 26)
n=  6956   udiff=  1.3262E-04 ( 54, 28)   vdiff=  1.2291E-04 ( 57, 26)
n=  6957   udiff=  1.3244E-04 ( 54, 28)   vdiff=  1.2273E-04 ( 57, 26)
n=  6958   udiff=  1.3226E-04 ( 54, 28)   vdiff=  1.2256E-04 ( 57, 26)
n=  6959   udiff=  1.3207E-04 ( 54, 28)   vdiff=  1.2237E-04 ( 57, 26)
n=  6960   udiff=  1.3189E-04 ( 54, 28)   vdiff=  1.2219E-04 ( 57, 26)
n=  6961   udiff=  1.3171E-04 ( 54, 28)   vdiff=  1.2201E-04 ( 57, 26)
n=  6962   udiff=  1.3153E-04 ( 54, 28)   vdiff=  1.2184E-04 ( 57, 26)
n=  6963   udiff=  1.3135E-04 ( 54, 28)   vdiff=  1.2166E-04 ( 57, 26)
n=  6964   udiff=  1.3116E-04 ( 54, 28)   vdiff=  1.2148E-04 ( 57, 26)
n=  6965   udiff=  1.3099E-04 ( 54, 28)   vdiff=  1.2131E-04 ( 57, 26)
n=  6966   udiff=  1.3080E-04 ( 54, 28)   vdiff=  1.2113E-04 ( 57, 26)
n=  6967   udiff=  1.3062E-04 ( 54, 28)   vdiff=  1.2095E-04 ( 57, 26)
n=  6968   udiff=  1.3044E-04 ( 54, 28)   vdiff=  1.2077E-04 ( 57, 26)
n=  6969   udiff=  1.3026E-04 ( 55, 28)   vdiff=  1.2059E-04 ( 57, 26)
n=  6970   udiff=  1.3012E-04 ( 55, 28)   vdiff=  1.2042E-04 ( 57, 26)
n=  6971   udiff=  1.2998E-04 ( 55, 28)   vdiff=  1.2024E-04 ( 57, 26)
n=  6972   udiff=  1.2984E-04 ( 55, 28)   vdiff=  1.2006E-04 ( 57, 26)
n=  6973   udiff=  1.2970E-04 ( 55, 28)   vdiff=  1.1989E-04 ( 57, 26)
n=  6974   udiff=  1.2956E-04 ( 55, 28)   vdiff=  1.1971E-04 ( 57, 26)
n=  6975   udiff=  1.2942E-04 ( 55, 28)   vdiff=  1.1953E-04 ( 57, 26)
n=  6976   udiff=  1.2927E-04 ( 55, 28)   vdiff=  1.1935E-04 ( 57, 26)
n=  6977   udiff=  1.2914E-04 ( 55, 28)   vdiff=  1.1917E-04 ( 57, 26)
n=  6978   udiff=  1.2899E-04 ( 55, 28)   vdiff=  1.1899E-04 ( 57, 26)
n=  6979   udiff=  1.2885E-04 ( 55, 28)   vdiff=  1.1881E-04 ( 57, 26)
n=  6980   udiff=  1.2871E-04 ( 55, 28)   vdiff=  1.1864E-04 ( 57, 26)
n=  6981   udiff=  1.2856E-04 ( 55, 28)   vdiff=  1.1846E-04 ( 57, 26)
n=  6982   udiff=  1.2842E-04 ( 55, 28)   vdiff=  1.1828E-04 ( 57, 26)
n=  6983   udiff=  1.2828E-04 ( 55, 28)   vdiff=  1.1811E-04 ( 57, 26)
n=  6984   udiff=  1.2814E-04 ( 55, 28)   vdiff=  1.1793E-04 ( 57, 26)
n=  6985   udiff=  1.2799E-04 ( 55, 28)   vdiff=  1.1775E-04 ( 57, 26)
n=  6986   udiff=  1.2785E-04 ( 55, 28)   vdiff=  1.1757E-04 ( 57, 26)
n=  6987   udiff=  1.2770E-04 ( 55, 28)   vdiff=  1.1739E-04 ( 57, 26)
n=  6988   udiff=  1.2757E-04 ( 55, 28)   vdiff=  1.1722E-04 ( 57, 26)
n=  6989   udiff=  1.2742E-04 ( 55, 28)   vdiff=  1.1704E-04 ( 57, 26)
n=  6990   udiff=  1.2728E-04 ( 55, 28)   vdiff=  1.1686E-04 ( 57, 26)
n=  6991   udiff=  1.2714E-04 ( 55, 28)   vdiff=  1.1668E-04 ( 57, 26)
n=  6992   udiff=  1.2699E-04 ( 55, 28)   vdiff=  1.1650E-04 ( 57, 26)
n=  6993   udiff=  1.2684E-04 ( 55, 28)   vdiff=  1.1633E-04 ( 57, 26)
n=  6994   udiff=  1.2671E-04 ( 55, 28)   vdiff=  1.1615E-04 ( 57, 26)
n=  6995   udiff=  1.2656E-04 ( 55, 28)   vdiff=  1.1597E-04 ( 57, 26)
n=  6996   udiff=  1.2642E-04 ( 55, 28)   vdiff=  1.1580E-04 ( 57, 26)
n=  6997   udiff=  1.2627E-04 ( 55, 28)   vdiff=  1.1562E-04 ( 57, 26)
n=  6998   udiff=  1.2612E-04 ( 55, 28)   vdiff=  1.1544E-04 ( 57, 26)
n=  6999   udiff=  1.2598E-04 ( 55, 28)   vdiff=  1.1527E-04 ( 57, 26)
n=  7000   udiff=  1.2583E-04 ( 55, 28)   vdiff=  1.1508E-04 ( 57, 26)
n=  7001   udiff=  1.2569E-04 ( 55, 28)   vdiff=  1.1496E-04 ( 58, 25)
n=  7002   udiff=  1.2555E-04 ( 55, 28)   vdiff=  1.1488E-04 ( 58, 25)
n=  7003   udiff=  1.2540E-04 ( 55, 28)   vdiff=  1.1481E-04 ( 58, 25)
n=  7004   udiff=  1.2526E-04 ( 55, 28)   vdiff=  1.1475E-04 ( 58, 25)
n=  7005   udiff=  1.2511E-04 ( 55, 28)   vdiff=  1.1469E-04 ( 58, 25)
n=  7006   udiff=  1.2496E-04 ( 55, 28)   vdiff=  1.1463E-04 ( 58, 25)
n=  7007   udiff=  1.2482E-04 ( 55, 28)   vdiff=  1.1456E-04 ( 58, 25)
n=  7008   udiff=  1.2467E-04 ( 55, 28)   vdiff=  1.1448E-04 ( 58, 25)
n=  7009   udiff=  1.2453E-04 ( 55, 28)   vdiff=  1.1443E-04 ( 58, 25)
n=  7010   udiff=  1.2438E-04 ( 55, 28)   vdiff=  1.1436E-04 ( 58, 25)
n=  7011   udiff=  1.2423E-04 ( 55, 28)   vdiff=  1.1428E-04 ( 58, 25)
n=  7012   udiff=  1.2409E-04 ( 55, 28)   vdiff=  1.1422E-04 ( 58, 25)
n=  7013   udiff=  1.2394E-04 ( 55, 28)   vdiff=  1.1416E-04 ( 58, 25)
n=  7014   udiff=  1.2379E-04 ( 55, 28)   vdiff=  1.1408E-04 ( 58, 25)
n=  7015   udiff=  1.2365E-04 ( 55, 28)   vdiff=  1.1401E-04 ( 58, 25)
n=  7016   udiff=  1.2350E-04 ( 55, 28)   vdiff=  1.1394E-04 ( 58, 25)
n=  7017   udiff=  1.2335E-04 ( 55, 28)   vdiff=  1.1386E-04 ( 58, 25)
n=  7018   udiff=  1.2320E-04 ( 55, 28)   vdiff=  1.1380E-04 ( 58, 25)
n=  7019   udiff=  1.2306E-04 ( 55, 28)   vdiff=  1.1372E-04 ( 58, 25)
n=  7020   udiff=  1.2291E-04 ( 55, 28)   vdiff=  1.1366E-04 ( 58, 25)
n=  7021   udiff=  1.2276E-04 ( 55, 28)   vdiff=  1.1358E-04 ( 58, 25)
n=  7022   udiff=  1.2261E-04 ( 55, 28)   vdiff=  1.1351E-04 ( 58, 25)
n=  7023   udiff=  1.2246E-04 ( 55, 28)   vdiff=  1.1344E-04 ( 58, 25)
n=  7024   udiff=  1.2232E-04 ( 55, 28)   vdiff=  1.1337E-04 ( 58, 25)
n=  7025   udiff=  1.2217E-04 ( 55, 28)   vdiff=  1.1329E-04 ( 58, 25)
n=  7026   udiff=  1.2202E-04 ( 55, 28)   vdiff=  1.1323E-04 ( 58, 25)
n=  7027   udiff=  1.2187E-04 ( 55, 28)   vdiff=  1.1316E-04 ( 58, 25)
n=  7028   udiff=  1.2172E-04 ( 55, 28)   vdiff=  1.1307E-04 ( 58, 25)
n=  7029   udiff=  1.2158E-04 ( 55, 28)   vdiff=  1.1301E-04 ( 58, 25)
n=  7030   udiff=  1.2143E-04 ( 55, 28)   vdiff=  1.1293E-04 ( 58, 25)
n=  7031   udiff=  1.2127E-04 ( 55, 28)   vdiff=  1.1286E-04 ( 58, 25)
n=  7032   udiff=  1.2113E-04 ( 55, 28)   vdiff=  1.1279E-04 ( 58, 25)
n=  7033   udiff=  1.2098E-04 ( 55, 28)   vdiff=  1.1271E-04 ( 58, 25)
n=  7034   udiff=  1.2083E-04 ( 55, 28)   vdiff=  1.1263E-04 ( 58, 25)
n=  7035   udiff=  1.2069E-04 ( 55, 28)   vdiff=  1.1256E-04 ( 58, 25)
n=  7036   udiff=  1.2053E-04 ( 55, 28)   vdiff=  1.1247E-04 ( 58, 25)
n=  7037   udiff=  1.2038E-04 ( 55, 28)   vdiff=  1.1241E-04 ( 58, 25)
n=  7038   udiff=  1.2023E-04 ( 55, 28)   vdiff=  1.1233E-04 ( 58, 25)
n=  7039   udiff=  1.2008E-04 ( 55, 28)   vdiff=  1.1225E-04 ( 58, 25)
n=  7040   udiff=  1.1993E-04 ( 55, 28)   vdiff=  1.1217E-04 ( 58, 25)
n=  7041   udiff=  1.1978E-04 ( 55, 28)   vdiff=  1.1209E-04 ( 58, 25)
n=  7042   udiff=  1.1963E-04 ( 55, 28)   vdiff=  1.1201E-04 ( 58, 25)
n=  7043   udiff=  1.1949E-04 ( 55, 28)   vdiff=  1.1195E-04 ( 58, 25)
n=  7044   udiff=  1.1934E-04 ( 55, 28)   vdiff=  1.1187E-04 ( 58, 25)
n=  7045   udiff=  1.1918E-04 ( 55, 28)   vdiff=  1.1178E-04 ( 58, 25)
n=  7046   udiff=  1.1903E-04 ( 55, 28)   vdiff=  1.1170E-04 ( 58, 25)
n=  7047   udiff=  1.1888E-04 ( 55, 28)   vdiff=  1.1162E-04 ( 58, 25)
n=  7048   udiff=  1.1874E-04 ( 55, 28)   vdiff=  1.1155E-04 ( 58, 25)
n=  7049   udiff=  1.1858E-04 ( 55, 28)   vdiff=  1.1147E-04 ( 58, 25)
n=  7050   udiff=  1.1844E-04 ( 55, 28)   vdiff=  1.1139E-04 ( 58, 25)
n=  7051   udiff=  1.1829E-04 ( 55, 28)   vdiff=  1.1131E-04 ( 58, 25)
n=  7052   udiff=  1.1813E-04 ( 55, 28)   vdiff=  1.1122E-04 ( 58, 25)
n=  7053   udiff=  1.1798E-04 ( 55, 28)   vdiff=  1.1115E-04 ( 58, 25)
n=  7054   udiff=  1.1783E-04 ( 55, 28)   vdiff=  1.1107E-04 ( 58, 25)
n=  7055   udiff=  1.1767E-04 ( 55, 28)   vdiff=  1.1098E-04 ( 58, 25)
n=  7056   udiff=  1.1753E-04 ( 55, 28)   vdiff=  1.1090E-04 ( 58, 25)
n=  7057   udiff=  1.1738E-04 ( 55, 28)   vdiff=  1.1082E-04 ( 58, 25)
n=  7058   udiff=  1.1722E-04 ( 55, 28)   vdiff=  1.1074E-04 ( 58, 25)
n=  7059   udiff=  1.1707E-04 ( 55, 28)   vdiff=  1.1066E-04 ( 58, 25)
n=  7060   udiff=  1.1692E-04 ( 55, 28)   vdiff=  1.1056E-04 ( 58, 25)
n=  7061   udiff=  1.1677E-04 ( 55, 28)   vdiff=  1.1048E-04 ( 58, 25)
n=  7062   udiff=  1.1662E-04 ( 55, 28)   vdiff=  1.1041E-04 ( 58, 25)
n=  7063   udiff=  1.1646E-04 ( 55, 28)   vdiff=  1.1032E-04 ( 58, 25)
n=  7064   udiff=  1.1632E-04 ( 55, 28)   vdiff=  1.1025E-04 ( 58, 25)
n=  7065   udiff=  1.1617E-04 ( 55, 28)   vdiff=  1.1017E-04 ( 58, 25)
n=  7066   udiff=  1.1601E-04 ( 55, 28)   vdiff=  1.1007E-04 ( 58, 25)
n=  7067   udiff=  1.1586E-04 ( 55, 28)   vdiff=  1.0999E-04 ( 58, 25)
n=  7068   udiff=  1.1571E-04 ( 55, 28)   vdiff=  1.0990E-04 ( 58, 25)
n=  7069   udiff=  1.1556E-04 ( 55, 28)   vdiff=  1.0982E-04 ( 58, 25)
n=  7070   udiff=  1.1540E-04 ( 55, 28)   vdiff=  1.0973E-04 ( 58, 25)
n=  7071   udiff=  1.1525E-04 ( 55, 28)   vdiff=  1.0964E-04 ( 58, 25)
n=  7072   udiff=  1.1510E-04 ( 55, 28)   vdiff=  1.0955E-04 ( 58, 25)
n=  7073   udiff=  1.1494E-04 ( 55, 28)   vdiff=  1.0947E-04 ( 58, 25)
n=  7074   udiff=  1.1479E-04 ( 55, 28)   vdiff=  1.0939E-04 ( 58, 25)
n=  7075   udiff=  1.1464E-04 ( 55, 28)   vdiff=  1.0929E-04 ( 58, 25)
n=  7076   udiff=  1.1449E-04 ( 55, 28)   vdiff=  1.0922E-04 ( 58, 25)
n=  7077   udiff=  1.1434E-04 ( 55, 28)   vdiff=  1.0914E-04 ( 58, 25)
n=  7078   udiff=  1.1418E-04 ( 55, 28)   vdiff=  1.0903E-04 ( 58, 25)
n=  7079   udiff=  1.1403E-04 ( 55, 28)   vdiff=  1.0896E-04 ( 58, 25)
n=  7080   udiff=  1.1388E-04 ( 55, 28)   vdiff=  1.0887E-04 ( 58, 25)
n=  7081   udiff=  1.1372E-04 ( 55, 28)   vdiff=  1.0878E-04 ( 58, 25)
n=  7082   udiff=  1.1358E-04 ( 55, 28)   vdiff=  1.0869E-04 ( 58, 25)
n=  7083   udiff=  1.1342E-04 ( 55, 28)   vdiff=  1.0859E-04 ( 58, 25)
n=  7084   udiff=  1.1326E-04 ( 55, 28)   vdiff=  1.0850E-04 ( 58, 25)
n=  7085   udiff=  1.1311E-04 ( 55, 28)   vdiff=  1.0842E-04 ( 58, 25)
n=  7086   udiff=  1.1296E-04 ( 55, 28)   vdiff=  1.0833E-04 ( 58, 25)
n=  7087   udiff=  1.1280E-04 ( 55, 28)   vdiff=  1.0825E-04 ( 58, 25)
n=  7088   udiff=  1.1266E-04 ( 55, 28)   vdiff=  1.0816E-04 ( 58, 25)
n=  7089   udiff=  1.1250E-04 ( 55, 28)   vdiff=  1.0806E-04 ( 58, 25)
n=  7090   udiff=  1.1234E-04 ( 55, 28)   vdiff=  1.0797E-04 ( 58, 25)
n=  7091   udiff=  1.1220E-04 ( 55, 28)   vdiff=  1.0789E-04 ( 58, 25)
n=  7092   udiff=  1.1205E-04 ( 55, 28)   vdiff=  1.0781E-04 ( 58, 25)
n=  7093   udiff=  1.1188E-04 ( 55, 28)   vdiff=  1.0771E-04 ( 58, 25)
n=  7094   udiff=  1.1173E-04 ( 55, 28)   vdiff=  1.0761E-04 ( 58, 25)
n=  7095   udiff=  1.1158E-04 ( 55, 28)   vdiff=  1.0751E-04 ( 58, 25)
n=  7096   udiff=  1.1142E-04 ( 55, 28)   vdiff=  1.0741E-04 ( 58, 25)
n=  7097   udiff=  1.1127E-04 ( 55, 28)   vdiff=  1.0733E-04 ( 58, 25)
n=  7098   udiff=  1.1112E-04 ( 55, 28)   vdiff=  1.0724E-04 ( 58, 25)
n=  7099   udiff=  1.1096E-04 ( 55, 28)   vdiff=  1.0715E-04 ( 58, 25)
n=  7100   udiff=  1.1081E-04 ( 55, 28)   vdiff=  1.0706E-04 ( 58, 25)
n=  7101   udiff=  1.1066E-04 ( 55, 28)   vdiff=  1.0696E-04 ( 58, 25)
n=  7102   udiff=  1.1051E-04 ( 55, 28)   vdiff=  1.0687E-04 ( 58, 25)
n=  7103   udiff=  1.1035E-04 ( 55, 28)   vdiff=  1.0678E-04 ( 58, 25)
n=  7104   udiff=  1.1019E-04 ( 55, 28)   vdiff=  1.0668E-04 ( 58, 25)
n=  7105   udiff=  1.1005E-04 ( 55, 28)   vdiff=  1.0659E-04 ( 58, 25)
n=  7106   udiff=  1.0988E-04 ( 55, 28)   vdiff=  1.0650E-04 ( 58, 25)
n=  7107   udiff=  1.0973E-04 ( 55, 28)   vdiff=  1.0640E-04 ( 58, 25)
n=  7108   udiff=  1.0958E-04 ( 55, 28)   vdiff=  1.0631E-04 ( 58, 25)
n=  7109   udiff=  1.0942E-04 ( 55, 28)   vdiff=  1.0621E-04 ( 58, 25)
n=  7110   udiff=  1.0927E-04 ( 55, 28)   vdiff=  1.0612E-04 ( 58, 25)
n=  7111   udiff=  1.0912E-04 ( 55, 28)   vdiff=  1.0603E-04 ( 58, 25)
n=  7112   udiff=  1.0896E-04 ( 55, 28)   vdiff=  1.0594E-04 ( 58, 25)
n=  7113   udiff=  1.0881E-04 ( 55, 28)   vdiff=  1.0583E-04 ( 58, 25)
n=  7114   udiff=  1.0865E-04 ( 55, 28)   vdiff=  1.0574E-04 ( 58, 25)
n=  7115   udiff=  1.0850E-04 ( 55, 28)   vdiff=  1.0564E-04 ( 58, 25)
n=  7116   udiff=  1.0834E-04 ( 55, 28)   vdiff=  1.0555E-04 ( 58, 25)
n=  7117   udiff=  1.0819E-04 ( 55, 28)   vdiff=  1.0545E-04 ( 58, 25)
n=  7118   udiff=  1.0804E-04 ( 55, 28)   vdiff=  1.0536E-04 ( 58, 25)
n=  7119   udiff=  1.0788E-04 ( 55, 28)   vdiff=  1.0526E-04 ( 58, 25)
n=  7120   udiff=  1.0773E-04 ( 55, 28)   vdiff=  1.0517E-04 ( 58, 25)
n=  7121   udiff=  1.0757E-04 ( 55, 28)   vdiff=  1.0506E-04 ( 58, 25)
n=  7122   udiff=  1.0742E-04 ( 55, 28)   vdiff=  1.0498E-04 ( 58, 25)
n=  7123   udiff=  1.0726E-04 ( 55, 28)   vdiff=  1.0487E-04 ( 58, 25)
n=  7124   udiff=  1.0711E-04 ( 55, 28)   vdiff=  1.0477E-04 ( 58, 25)
n=  7125   udiff=  1.0695E-04 ( 55, 28)   vdiff=  1.0467E-04 ( 58, 25)
n=  7126   udiff=  1.0680E-04 ( 55, 28)   vdiff=  1.0458E-04 ( 58, 25)
n=  7127   udiff=  1.0664E-04 ( 55, 28)   vdiff=  1.0448E-04 ( 58, 25)
n=  7128   udiff=  1.0649E-04 ( 55, 28)   vdiff=  1.0438E-04 ( 58, 25)
n=  7129   udiff=  1.0634E-04 ( 55, 28)   vdiff=  1.0429E-04 ( 58, 25)
n=  7130   udiff=  1.0618E-04 ( 55, 28)   vdiff=  1.0419E-04 ( 58, 25)
n=  7131   udiff=  1.0603E-04 ( 55, 28)   vdiff=  1.0409E-04 ( 58, 25)
n=  7132   udiff=  1.0587E-04 ( 55, 28)   vdiff=  1.0398E-04 ( 58, 25)
n=  7133   udiff=  1.0572E-04 ( 55, 28)   vdiff=  1.0389E-04 ( 58, 25)
n=  7134   udiff=  1.0556E-04 ( 55, 28)   vdiff=  1.0379E-04 ( 58, 25)
n=  7135   udiff=  1.0541E-04 ( 55, 28)   vdiff=  1.0368E-04 ( 58, 25)
n=  7136   udiff=  1.0525E-04 ( 55, 28)   vdiff=  1.0359E-04 ( 58, 25)
n=  7137   udiff=  1.0510E-04 ( 55, 28)   vdiff=  1.0350E-04 ( 58, 25)
n=  7138   udiff=  1.0494E-04 ( 55, 28)   vdiff=  1.0340E-04 ( 58, 25)
n=  7139   udiff=  1.0479E-04 ( 55, 28)   vdiff=  1.0329E-04 ( 58, 25)
n=  7140   udiff=  1.0463E-04 ( 55, 28)   vdiff=  1.0319E-04 ( 58, 25)
n=  7141   udiff=  1.0448E-04 ( 55, 28)   vdiff=  1.0309E-04 ( 58, 25)
n=  7142   udiff=  1.0432E-04 ( 55, 28)   vdiff=  1.0299E-04 ( 58, 25)
n=  7143   udiff=  1.0417E-04 ( 55, 28)   vdiff=  1.0288E-04 ( 58, 25)
n=  7144   udiff=  1.0402E-04 ( 55, 28)   vdiff=  1.0279E-04 ( 58, 25)
n=  7145   udiff=  1.0386E-04 ( 55, 28)   vdiff=  1.0268E-04 ( 58, 25)
n=  7146   udiff=  1.0371E-04 ( 55, 28)   vdiff=  1.0259E-04 ( 58, 25)
n=  7147   udiff=  1.0355E-04 ( 55, 28)   vdiff=  1.0249E-04 ( 58, 25)
n=  7148   udiff=  1.0340E-04 ( 55, 28)   vdiff=  1.0237E-04 ( 58, 25)
n=  7149   udiff=  1.0324E-04 ( 55, 28)   vdiff=  1.0228E-04 ( 58, 25)
n=  7150   udiff=  1.0309E-04 ( 55, 28)   vdiff=  1.0219E-04 ( 58, 25)
n=  7151   udiff=  1.0293E-04 ( 55, 28)   vdiff=  1.0207E-04 ( 58, 25)
n=  7152   udiff=  1.0277E-04 ( 55, 28)   vdiff=  1.0198E-04 ( 58, 25)
n=  7153   udiff=  1.0262E-04 ( 55, 28)   vdiff=  1.0187E-04 ( 58, 25)
n=  7154   udiff=  1.0247E-04 ( 55, 28)   vdiff=  1.0177E-04 ( 58, 25)
n=  7155   udiff=  1.0231E-04 ( 55, 28)   vdiff=  1.0166E-04 ( 58, 25)
n=  7156   udiff=  1.0216E-04 ( 55, 28)   vdiff=  1.0156E-04 ( 58, 25)
n=  7157   udiff=  1.0200E-04 ( 55, 28)   vdiff=  1.0146E-04 ( 58, 25)
n=  7158   udiff=  1.0185E-04 ( 55, 28)   vdiff=  1.0136E-04 ( 58, 25)
n=  7159   udiff=  1.0169E-04 ( 55, 28)   vdiff=  1.0126E-04 ( 58, 25)
n=  7160   udiff=  1.0154E-04 ( 55, 28)   vdiff=  1.0115E-04 ( 58, 25)
n=  7161   udiff=  1.0138E-04 ( 55, 28)   vdiff=  1.0104E-04 ( 58, 25)
n=  7162   udiff=  1.0123E-04 ( 55, 28)   vdiff=  1.0094E-04 ( 58, 25)
n=  7163   udiff=  1.0107E-04 ( 55, 28)   vdiff=  1.0083E-04 ( 58, 25)
n=  7164   udiff=  1.0092E-04 ( 55, 28)   vdiff=  1.0073E-04 ( 58, 25)
n=  7165   udiff=  1.0076E-04 ( 55, 28)   vdiff=  1.0063E-04 ( 58, 25)
n=  7166   udiff=  1.0061E-04 ( 55, 28)   vdiff=  1.0051E-04 ( 58, 25)
n=  7167   udiff=  1.0045E-04 ( 55, 28)   vdiff=  1.0042E-04 ( 58, 25)
n=  7168   udiff=  1.0030E-04 ( 55, 28)   vdiff=  1.0032E-04 ( 58, 25)
n=  7169   udiff=  1.0014E-04 ( 55, 28)   vdiff=  1.0021E-04 ( 58, 25)
n=  7170   udiff=  9.9991E-05 ( 55, 28)   vdiff=  1.0010E-04 ( 58, 25)
n=  7171   udiff=  9.9837E-05 ( 55, 28)   vdiff=  1.0000E-04 ( 58, 25)
n=  7172   udiff=  9.9679E-05 ( 55, 28)   vdiff=  9.9903E-05 ( 58, 25)
n=  7173   udiff=  9.9525E-05 ( 55, 28)   vdiff=  9.9791E-05 ( 58, 25)
n=  7174   udiff=  9.9371E-05 ( 55, 28)   vdiff=  9.9684E-05 ( 58, 25)
n=  7175   udiff=  9.9221E-05 ( 55, 28)   vdiff=  9.9577E-05 ( 58, 25)
n=  7176   udiff=  9.9063E-05 ( 55, 28)   vdiff=  9.9463E-05 ( 58, 25)
n=  7177   udiff=  9.8907E-05 ( 55, 28)   vdiff=  9.9367E-05 ( 58, 25)
n=  7178   udiff=  9.8753E-05 ( 55, 28)   vdiff=  9.9258E-05 ( 58, 25)
n=  7179   udiff=  9.8601E-05 ( 55, 28)   vdiff=  9.9148E-05 ( 58, 25)
n=  7180   udiff=  9.8440E-05 ( 55, 28)   vdiff=  9.9045E-05 ( 58, 25)
n=  7181   udiff=  9.8288E-05 ( 55, 28)   vdiff=  9.8934E-05 ( 58, 25)
n=  7182   udiff=  9.8138E-05 ( 55, 28)   vdiff=  9.8832E-05 ( 58, 25)
n=  7183   udiff=  9.7978E-05 ( 55, 28)   vdiff=  9.8717E-05 ( 58, 25)
n=  7184   udiff=  9.7827E-05 ( 55, 28)   vdiff=  9.8624E-05 ( 58, 25)
n=  7185   udiff=  9.7674E-05 ( 55, 28)   vdiff=  9.8512E-05 ( 58, 25)
n=  7186   udiff=  9.7515E-05 ( 55, 28)   vdiff=  9.8400E-05 ( 58, 25)
n=  7187   udiff=  9.7364E-05 ( 55, 28)   vdiff=  9.8290E-05 ( 58, 25)
n=  7188   udiff=  9.7210E-05 ( 55, 28)   vdiff=  9.8186E-05 ( 58, 25)
n=  7189   udiff=  9.7058E-05 ( 55, 28)   vdiff=  9.8087E-05 ( 58, 25)
n=  7190   udiff=  9.6901E-05 ( 55, 28)   vdiff=  9.7964E-05 ( 58, 25)
n=  7191   udiff=  9.6749E-05 ( 55, 28)   vdiff=  9.7862E-05 ( 58, 25)
n=  7192   udiff=  9.6592E-05 ( 55, 28)   vdiff=  9.7757E-05 ( 58, 25)
n=  7193   udiff=  9.6436E-05 ( 55, 28)   vdiff=  9.7642E-05 ( 58, 25)
n=  7194   udiff=  9.6283E-05 ( 55, 28)   vdiff=  9.7533E-05 ( 58, 25)
n=  7195   udiff=  9.6127E-05 ( 55, 28)   vdiff=  9.7419E-05 ( 58, 25)
n=  7196   udiff=  9.5971E-05 ( 55, 28)   vdiff=  9.7325E-05 ( 58, 25)
n=  7197   udiff=  9.5818E-05 ( 55, 28)   vdiff=  9.7212E-05 ( 58, 25)
n=  7198   udiff=  9.5667E-05 ( 55, 28)   vdiff=  9.7111E-05 ( 58, 25)
n=  7199   udiff=  9.5512E-05 ( 55, 28)   vdiff=  9.6995E-05 ( 58, 25)
n=  7200   udiff=  9.5360E-05 ( 55, 28)   vdiff=  9.6893E-05 ( 58, 25)
n=  7201   udiff=  9.5203E-05 ( 55, 28)   vdiff=  9.6779E-05 ( 58, 25)
n=  7202   udiff=  9.5053E-05 ( 55, 28)   vdiff=  9.6673E-05 ( 58, 25)
n=  7203   udiff=  9.4894E-05 ( 55, 28)   vdiff=  9.6562E-05 ( 58, 25)
n=  7204   udiff=  9.4742E-05 ( 55, 28)   vdiff=  9.6448E-05 ( 58, 25)
n=  7205   udiff=  9.4590E-05 ( 55, 28)   vdiff=  9.6343E-05 ( 58, 25)
n=  7206   udiff=  9.4439E-05 ( 55, 28)   vdiff=  9.6230E-05 ( 58, 25)
n=  7207   udiff=  9.4281E-05 ( 55, 28)   vdiff=  9.6114E-05 ( 58, 25)
n=  7208   udiff=  9.4132E-05 ( 55, 28)   vdiff=  9.6001E-05 ( 58, 25)
n=  7209   udiff=  9.3977E-05 ( 55, 28)   vdiff=  9.5907E-05 ( 58, 25)
n=  7210   udiff=  9.3825E-05 ( 55, 28)   vdiff=  9.5789E-05 ( 58, 25)
n=  7211   udiff=  9.3667E-05 ( 55, 28)   vdiff=  9.5680E-05 ( 58, 25)
n=  7212   udiff=  9.3513E-05 ( 55, 28)   vdiff=  9.5558E-05 ( 58, 25)
n=  7213   udiff=  9.3364E-05 ( 55, 28)   vdiff=  9.5455E-05 ( 58, 25)
n=  7214   udiff=  9.3207E-05 ( 55, 28)   vdiff=  9.5341E-05 ( 58, 25)
n=  7215   udiff=  9.3050E-05 ( 55, 28)   vdiff=  9.5230E-05 ( 58, 25)
n=  7216   udiff=  9.2905E-05 ( 55, 28)   vdiff=  9.5123E-05 ( 58, 25)
n=  7217   udiff=  9.2748E-05 ( 55, 28)   vdiff=  9.5012E-05 ( 58, 25)
n=  7218   udiff=  9.2592E-05 ( 55, 28)   vdiff=  9.4897E-05 ( 58, 25)
n=  7219   udiff=  9.2435E-05 ( 55, 28)   vdiff=  9.4783E-05 ( 59, 24)
n=  7220   udiff=  9.2287E-05 ( 55, 28)   vdiff=  9.4752E-05 ( 59, 24)
n=  7221   udiff=  9.2133E-05 ( 55, 28)   vdiff=  9.4718E-05 ( 59, 24)
n=  7222   udiff=  9.1983E-05 ( 55, 28)   vdiff=  9.4670E-05 ( 59, 24)
n=  7223   udiff=  9.1829E-05 ( 55, 28)   vdiff=  9.4626E-05 ( 59, 24)
n=  7224   udiff=  9.1676E-05 ( 55, 28)   vdiff=  9.4576E-05 ( 59, 24)
n=  7225   udiff=  9.1523E-05 ( 55, 28)   vdiff=  9.4543E-05 ( 59, 24)
n=  7226   udiff=  9.1373E-05 ( 55, 28)   vdiff=  9.4496E-05 ( 59, 24)
n=  7227   udiff=  9.1215E-05 ( 55, 28)   vdiff=  9.4440E-05 ( 59, 24)
n=  7228   udiff=  9.1061E-05 ( 55, 28)   vdiff=  9.4399E-05 ( 59, 24)
n=  7229   udiff=  9.0911E-05 ( 55, 28)   vdiff=  9.4350E-05 ( 59, 24)
n=  7230   udiff=  9.0760E-05 ( 55, 28)   vdiff=  9.4309E-05 ( 59, 24)
n=  7231   udiff=  9.0607E-05 ( 55, 28)   vdiff=  9.4267E-05 ( 59, 24)
n=  7232   udiff=  9.0448E-05 ( 55, 28)   vdiff=  9.4207E-05 ( 59, 24)
n=  7233   udiff=  9.0300E-05 ( 55, 28)   vdiff=  9.4169E-05 ( 59, 24)
n=  7234   udiff=  9.0145E-05 ( 55, 28)   vdiff=  9.4128E-05 ( 59, 24)
n=  7235   udiff=  8.9999E-05 ( 55, 28)   vdiff=  9.4080E-05 ( 59, 24)
n=  7236   udiff=  8.9842E-05 ( 55, 28)   vdiff=  9.4024E-05 ( 59, 24)
n=  7237   udiff=  8.9693E-05 ( 55, 28)   vdiff=  9.3989E-05 ( 59, 24)
n=  7238   udiff=  8.9543E-05 ( 55, 28)   vdiff=  9.3945E-05 ( 59, 24)
n=  7239   udiff=  8.9385E-05 ( 55, 28)   vdiff=  9.3879E-05 ( 59, 24)
n=  7240   udiff=  8.9236E-05 ( 55, 28)   vdiff=  9.3836E-05 ( 59, 24)
n=  7241   udiff=  8.9081E-05 ( 55, 28)   vdiff=  9.3785E-05 ( 59, 24)
n=  7242   udiff=  8.8930E-05 ( 55, 28)   vdiff=  9.3744E-05 ( 59, 24)
n=  7243   udiff=  8.8774E-05 ( 55, 28)   vdiff=  9.3684E-05 ( 59, 24)
n=  7244   udiff=  8.8625E-05 ( 55, 28)   vdiff=  9.3641E-05 ( 59, 24)
n=  7245   udiff=  8.8473E-05 ( 55, 28)   vdiff=  9.3571E-05 ( 59, 24)
n=  7246   udiff=  8.8322E-05 ( 55, 28)   vdiff=  9.3530E-05 ( 59, 24)
n=  7247   udiff=  8.8168E-05 ( 55, 28)   vdiff=  9.3485E-05 ( 59, 24)
n=  7248   udiff=  8.8020E-05 ( 55, 28)   vdiff=  9.3432E-05 ( 59, 24)
n=  7249   udiff=  8.7870E-05 ( 55, 28)   vdiff=  9.3394E-05 ( 59, 24)
n=  7250   udiff=  8.7716E-05 ( 55, 28)   vdiff=  9.3336E-05 ( 59, 24)
n=  7251   udiff=  8.7564E-05 ( 55, 28)   vdiff=  9.3281E-05 ( 59, 24)
n=  7252   udiff=  8.7414E-05 ( 55, 28)   vdiff=  9.3232E-05 ( 59, 24)
n=  7253   udiff=  8.7262E-05 ( 55, 28)   vdiff=  9.3170E-05 ( 59, 24)
n=  7254   udiff=  8.7108E-05 ( 55, 28)   vdiff=  9.3128E-05 ( 59, 24)
n=  7255   udiff=  8.6960E-05 ( 55, 28)   vdiff=  9.3070E-05 ( 59, 24)
n=  7256   udiff=  8.6812E-05 ( 55, 28)   vdiff=  9.3030E-05 ( 59, 24)
n=  7257   udiff=  8.6661E-05 ( 55, 28)   vdiff=  9.2976E-05 ( 59, 24)
n=  7258   udiff=  8.6506E-05 ( 55, 28)   vdiff=  9.2905E-05 ( 59, 24)
n=  7259   udiff=  8.6351E-05 ( 55, 28)   vdiff=  9.2851E-05 ( 59, 24)
n=  7260   udiff=  8.6205E-05 ( 55, 28)   vdiff=  9.2816E-05 ( 59, 24)
n=  7261   udiff=  8.6054E-05 ( 55, 28)   vdiff=  9.2738E-05 ( 59, 24)
n=  7262   udiff=  8.5905E-05 ( 55, 28)   vdiff=  9.2688E-05 ( 59, 24)
n=  7263   udiff=  8.5752E-05 ( 55, 28)   vdiff=  9.2633E-05 ( 59, 24)
n=  7264   udiff=  8.5602E-05 ( 55, 28)   vdiff=  9.2589E-05 ( 59, 24)
n=  7265   udiff=  8.5454E-05 ( 55, 28)   vdiff=  9.2536E-05 ( 59, 24)
n=  7266   udiff=  8.5301E-05 ( 55, 28)   vdiff=  9.2468E-05 ( 59, 24)
n=  7267   udiff=  8.5153E-05 ( 55, 28)   vdiff=  9.2431E-05 ( 59, 24)
n=  7268   udiff=  8.5008E-05 ( 55, 28)   vdiff=  9.2362E-05 ( 59, 24)
n=  7269   udiff=  8.4848E-05 ( 55, 28)   vdiff=  9.2289E-05 ( 59, 24)
n=  7270   udiff=  8.4705E-05 ( 55, 28)   vdiff=  9.2248E-05 ( 59, 24)
n=  7271   udiff=  8.4554E-05 ( 55, 28)   vdiff=  9.2204E-05 ( 59, 24)
n=  7272   udiff=  8.4405E-05 ( 55, 28)   vdiff=  9.2132E-05 ( 59, 24)
n=  7273   udiff=  8.4252E-05 ( 55, 28)   vdiff=  9.2059E-05 ( 59, 24)
n=  7274   udiff=  8.4100E-05 ( 55, 28)   vdiff=  9.2021E-05 ( 59, 24)
n=  7275   udiff=  8.3950E-05 ( 55, 28)   vdiff=  9.1962E-05 ( 59, 24)
n=  7276   udiff=  8.3795E-05 ( 55, 28)   vdiff=  9.1881E-05 ( 59, 24)
n=  7277   udiff=  8.3651E-05 ( 55, 28)   vdiff=  9.1835E-05 ( 59, 24)
n=  7278   udiff=  8.3498E-05 ( 55, 28)   vdiff=  9.1778E-05 ( 59, 24)
n=  7279   udiff=  8.3351E-05 ( 55, 28)   vdiff=  9.1710E-05 ( 59, 24)
n=  7280   udiff=  8.3202E-05 ( 55, 28)   vdiff=  9.1679E-05 ( 59, 24)
n=  7281   udiff=  8.3056E-05 ( 55, 28)   vdiff=  9.1603E-05 ( 59, 24)
n=  7282   udiff=  8.2900E-05 ( 55, 28)   vdiff=  9.1523E-05 ( 59, 24)
n=  7283   udiff=  8.2759E-05 ( 55, 28)   vdiff=  9.1485E-05 ( 59, 24)
n=  7284   udiff=  8.2606E-05 ( 55, 28)   vdiff=  9.1416E-05 ( 59, 24)
n=  7285   udiff=  8.2460E-05 ( 55, 28)   vdiff=  9.1361E-05 ( 59, 24)
n=  7286   udiff=  8.2309E-05 ( 55, 28)   vdiff=  9.1286E-05 ( 59, 24)
n=  7287   udiff=  8.2160E-05 ( 55, 28)   vdiff=  9.1233E-05 ( 59, 24)
n=  7288   udiff=  8.2011E-05 ( 55, 28)   vdiff=  9.1173E-05 ( 59, 24)
n=  7289   udiff=  8.1865E-05 ( 55, 28)   vdiff=  9.1118E-05 ( 59, 24)
n=  7290   udiff=  8.1713E-05 ( 55, 28)   vdiff=  9.1046E-05 ( 59, 24)
n=  7291   udiff=  8.1563E-05 ( 55, 28)   vdiff=  9.0990E-05 ( 59, 24)
n=  7292   udiff=  8.1417E-05 ( 55, 28)   vdiff=  9.0928E-05 ( 59, 24)
n=  7293   udiff=  8.1270E-05 ( 55, 28)   vdiff=  9.0862E-05 ( 59, 24)
n=  7294   udiff=  8.1116E-05 ( 55, 28)   vdiff=  9.0798E-05 ( 59, 24)
n=  7295   udiff=  8.0974E-05 ( 55, 28)   vdiff=  9.0742E-05 ( 59, 24)
n=  7296   udiff=  8.0826E-05 ( 55, 28)   vdiff=  9.0681E-05 ( 59, 24)
n=  7297   udiff=  8.0673E-05 ( 55, 28)   vdiff=  9.0618E-05 ( 59, 24)
n=  7298   udiff=  8.0531E-05 ( 55, 28)   vdiff=  9.0544E-05 ( 59, 24)
n=  7299   udiff=  8.0380E-05 ( 55, 28)   vdiff=  9.0483E-05 ( 59, 24)
n=  7300   udiff=  8.0233E-05 ( 55, 28)   vdiff=  9.0417E-05 ( 59, 24)
n=  7301   udiff=  8.0087E-05 ( 55, 28)   vdiff=  9.0356E-05 ( 59, 24)
n=  7302   udiff=  7.9938E-05 ( 55, 28)   vdiff=  9.0289E-05 ( 59, 24)
n=  7303   udiff=  7.9789E-05 ( 55, 28)   vdiff=  9.0223E-05 ( 59, 24)
n=  7304   udiff=  7.9641E-05 ( 55, 28)   vdiff=  9.0156E-05 ( 59, 24)
n=  7305   udiff=  7.9493E-05 ( 55, 28)   vdiff=  9.0094E-05 ( 59, 24)
n=  7306   udiff=  7.9349E-05 ( 55, 28)   vdiff=  9.0024E-05 ( 59, 24)
n=  7307   udiff=  7.9203E-05 ( 55, 28)   vdiff=  8.9957E-05 ( 59, 24)
n=  7308   udiff=  7.9056E-05 ( 55, 28)   vdiff=  8.9896E-05 ( 59, 24)
n=  7309   udiff=  7.8905E-05 ( 55, 28)   vdiff=  8.9827E-05 ( 59, 24)
n=  7310   udiff=  7.8762E-05 ( 55, 28)   vdiff=  8.9761E-05 ( 59, 24)
n=  7311   udiff=  7.8611E-05 ( 55, 28)   vdiff=  8.9694E-05 ( 59, 24)
n=  7312   udiff=  7.8466E-05 ( 55, 28)   vdiff=  8.9631E-05 ( 59, 24)
n=  7313   udiff=  7.8322E-05 ( 55, 28)   vdiff=  8.9565E-05 ( 59, 24)
n=  7314   udiff=  7.8175E-05 ( 55, 28)   vdiff=  8.9493E-05 ( 59, 24)
n=  7315   udiff=  7.8030E-05 ( 55, 28)   vdiff=  8.9418E-05 ( 59, 24)
n=  7316   udiff=  7.7878E-05 ( 55, 28)   vdiff=  8.9341E-05 ( 59, 24)
n=  7317   udiff=  7.7730E-05 ( 55, 28)   vdiff=  8.9287E-05 ( 59, 24)
n=  7318   udiff=  7.7592E-05 ( 55, 28)   vdiff=  8.9221E-05 ( 59, 24)
n=  7319   udiff=  7.7445E-05 ( 55, 28)   vdiff=  8.9153E-05 ( 59, 24)
n=  7320   udiff=  7.7292E-05 ( 55, 28)   vdiff=  8.9082E-05 ( 59, 24)
n=  7321   udiff=  7.7152E-05 ( 55, 28)   vdiff=  8.9024E-05 ( 59, 24)
n=  7322   udiff=  7.7003E-05 ( 55, 28)   vdiff=  8.8939E-05 ( 59, 24)
n=  7323   udiff=  7.6864E-05 ( 55, 28)   vdiff=  8.8882E-05 ( 59, 24)
n=  7324   udiff=  7.6712E-05 ( 55, 28)   vdiff=  8.8796E-05 ( 59, 24)
n=  7325   udiff=  7.6596E-05 ( 56, 28)   vdiff=  8.8731E-05 ( 59, 24)
n=  7326   udiff=  7.6476E-05 ( 56, 28)   vdiff=  8.8662E-05 ( 59, 24)
n=  7327   udiff=  7.6358E-05 ( 56, 28)   vdiff=  8.8589E-05 ( 59, 24)
n=  7328   udiff=  7.6241E-05 ( 56, 28)   vdiff=  8.8518E-05 ( 59, 24)
n=  7329   udiff=  7.6120E-05 ( 56, 28)   vdiff=  8.8442E-05 ( 59, 24)
n=  7330   udiff=  7.6008E-05 ( 56, 28)   vdiff=  8.8386E-05 ( 59, 24)
n=  7331   udiff=  7.5892E-05 ( 56, 28)   vdiff=  8.8315E-05 ( 59, 24)
n=  7332   udiff=  7.5769E-05 ( 56, 28)   vdiff=  8.8241E-05 ( 59, 24)
n=  7333   udiff=  7.5650E-05 ( 56, 28)   vdiff=  8.8156E-05 ( 59, 24)
n=  7334   udiff=  7.5533E-05 ( 56, 28)   vdiff=  8.8100E-05 ( 59, 24)
n=  7335   udiff=  7.5417E-05 ( 56, 28)   vdiff=  8.8023E-05 ( 59, 24)
n=  7336   udiff=  7.5290E-05 ( 56, 28)   vdiff=  8.7935E-05 ( 59, 24)
n=  7337   udiff=  7.5177E-05 ( 56, 28)   vdiff=  8.7881E-05 ( 59, 24)
n=  7338   udiff=  7.5060E-05 ( 56, 28)   vdiff=  8.7806E-05 ( 59, 24)
n=  7339   udiff=  7.4937E-05 ( 56, 28)   vdiff=  8.7732E-05 ( 59, 24)
n=  7340   udiff=  7.4824E-05 ( 56, 28)   vdiff=  8.7655E-05 ( 59, 24)
n=  7341   udiff=  7.4704E-05 ( 56, 28)   vdiff=  8.7583E-05 ( 59, 24)
n=  7342   udiff=  7.4587E-05 ( 56, 28)   vdiff=  8.7511E-05 ( 59, 24)
n=  7343   udiff=  7.4469E-05 ( 56, 28)   vdiff=  8.7428E-05 ( 59, 24)
n=  7344   udiff=  7.4353E-05 ( 56, 28)   vdiff=  8.7368E-05 ( 59, 24)
n=  7345   udiff=  7.4232E-05 ( 56, 28)   vdiff=  8.7298E-05 ( 59, 24)
n=  7346   udiff=  7.4118E-05 ( 56, 28)   vdiff=  8.7217E-05 ( 59, 24)
n=  7347   udiff=  7.3995E-05 ( 56, 28)   vdiff=  8.7142E-05 ( 59, 24)
n=  7348   udiff=  7.3876E-05 ( 56, 28)   vdiff=  8.7062E-05 ( 59, 24)
n=  7349   udiff=  7.3764E-05 ( 56, 28)   vdiff=  8.7002E-05 ( 59, 24)
n=  7350   udiff=  7.3645E-05 ( 56, 28)   vdiff=  8.6925E-05 ( 59, 24)
n=  7351   udiff=  7.3527E-05 ( 56, 28)   vdiff=  8.6840E-05 ( 59, 24)
n=  7352   udiff=  7.3409E-05 ( 56, 28)   vdiff=  8.6774E-05 ( 59, 24)
n=  7353   udiff=  7.3290E-05 ( 56, 28)   vdiff=  8.6694E-05 ( 59, 24)
n=  7354   udiff=  7.3175E-05 ( 56, 28)   vdiff=  8.6617E-05 ( 59, 24)
n=  7355   udiff=  7.3054E-05 ( 56, 28)   vdiff=  8.6535E-05 ( 59, 24)
n=  7356   udiff=  7.2936E-05 ( 56, 28)   vdiff=  8.6468E-05 ( 59, 24)
n=  7357   udiff=  7.2823E-05 ( 56, 28)   vdiff=  8.6394E-05 ( 59, 24)
n=  7358   udiff=  7.2701E-05 ( 56, 28)   vdiff=  8.6298E-05 ( 59, 24)
n=  7359   udiff=  7.2584E-05 ( 56, 28)   vdiff=  8.6224E-05 ( 59, 24)
n=  7360   udiff=  7.2468E-05 ( 56, 28)   vdiff=  8.6166E-05 ( 59, 24)
n=  7361   udiff=  7.2350E-05 ( 56, 28)   vdiff=  8.6078E-05 ( 59, 24)
n=  7362   udiff=  7.2232E-05 ( 56, 28)   vdiff=  8.6001E-05 ( 59, 24)
n=  7363   udiff=  7.2119E-05 ( 56, 28)   vdiff=  8.5943E-05 ( 59, 24)
n=  7364   udiff=  7.1995E-05 ( 56, 28)   vdiff=  8.5845E-05 ( 59, 24)
n=  7365   udiff=  7.1883E-05 ( 56, 28)   vdiff=  8.5781E-05 ( 59, 24)
n=  7366   udiff=  7.1763E-05 ( 56, 28)   vdiff=  8.5698E-05 ( 59, 24)
n=  7367   udiff=  7.1650E-05 ( 56, 28)   vdiff=  8.5623E-05 ( 59, 24)
n=  7368   udiff=  7.1531E-05 ( 56, 28)   vdiff=  8.5542E-05 ( 59, 24)
n=  7369   udiff=  7.1413E-05 ( 56, 28)   vdiff=  8.5468E-05 ( 59, 24)
n=  7370   udiff=  7.1291E-05 ( 56, 28)   vdiff=  8.5388E-05 ( 59, 24)
n=  7371   udiff=  7.1175E-05 ( 56, 28)   vdiff=  8.5309E-05 ( 59, 24)
n=  7372   udiff=  7.1065E-05 ( 56, 28)   vdiff=  8.5242E-05 ( 59, 24)
n=  7373   udiff=  7.0942E-05 ( 56, 28)   vdiff=  8.5155E-05 ( 59, 24)
n=  7374   udiff=  7.0825E-05 ( 56, 28)   vdiff=  8.5057E-05 ( 59, 24)
n=  7375   udiff=  7.0708E-05 ( 56, 28)   vdiff=  8.4982E-05 ( 59, 24)
n=  7376   udiff=  7.0592E-05 ( 56, 28)   vdiff=  8.4922E-05 ( 59, 24)
n=  7377   udiff=  7.0477E-05 ( 56, 28)   vdiff=  8.4841E-05 ( 59, 24)
n=  7378   udiff=  7.0359E-05 ( 56, 28)   vdiff=  8.4764E-05 ( 59, 24)
n=  7379   udiff=  7.0245E-05 ( 56, 28)   vdiff=  8.4675E-05 ( 59, 24)
n=  7380   udiff=  7.0126E-05 ( 56, 28)   vdiff=  8.4608E-05 ( 59, 24)
n=  7381   udiff=  7.0007E-05 ( 56, 28)   vdiff=  8.4522E-05 ( 59, 24)
n=  7382   udiff=  6.9890E-05 ( 56, 28)   vdiff=  8.4442E-05 ( 59, 24)
n=  7383   udiff=  6.9776E-05 ( 56, 28)   vdiff=  8.4359E-05 ( 59, 24)
n=  7384   udiff=  6.9658E-05 ( 56, 28)   vdiff=  8.4278E-05 ( 59, 24)
n=  7385   udiff=  6.9542E-05 ( 56, 28)   vdiff=  8.4201E-05 ( 59, 24)
n=  7386   udiff=  6.9429E-05 ( 56, 28)   vdiff=  8.4127E-05 ( 59, 24)
n=  7387   udiff=  6.9305E-05 ( 56, 28)   vdiff=  8.4032E-05 ( 59, 24)
n=  7388   udiff=  6.9191E-05 ( 56, 28)   vdiff=  8.3939E-05 ( 59, 24)
n=  7389   udiff=  6.9076E-05 ( 56, 28)   vdiff=  8.3866E-05 ( 59, 24)
n=  7390   udiff=  6.8955E-05 ( 56, 28)   vdiff=  8.3780E-05 ( 59, 24)
n=  7391   udiff=  6.8843E-05 ( 56, 28)   vdiff=  8.3717E-05 ( 59, 24)
n=  7392   udiff=  6.8724E-05 ( 56, 28)   vdiff=  8.3622E-05 ( 59, 24)
n=  7393   udiff=  6.8609E-05 ( 56, 28)   vdiff=  8.3539E-05 ( 59, 24)
n=  7394   udiff=  6.8499E-05 ( 56, 28)   vdiff=  8.3480E-05 ( 59, 24)
n=  7395   udiff=  6.8378E-05 ( 56, 28)   vdiff=  8.3377E-05 ( 59, 24)
n=  7396   udiff=  6.8260E-05 ( 56, 28)   vdiff=  8.3302E-05 ( 59, 24)
n=  7397   udiff=  6.8151E-05 ( 56, 28)   vdiff=  8.3217E-05 ( 59, 24)
n=  7398   udiff=  6.8029E-05 ( 56, 28)   vdiff=  8.3141E-05 ( 59, 24)
n=  7399   udiff=  6.7914E-05 ( 56, 28)   vdiff=  8.3060E-05 ( 59, 24)
n=  7400   udiff=  6.7801E-05 ( 56, 28)   vdiff=  8.2971E-05 ( 59, 24)
n=  7401   udiff=  6.7678E-05 ( 56, 28)   vdiff=  8.2881E-05 ( 59, 24)
n=  7402   udiff=  6.7567E-05 ( 56, 28)   vdiff=  8.2806E-05 ( 59, 24)
n=  7403   udiff=  6.7453E-05 ( 56, 28)   vdiff=  8.2731E-05 ( 59, 24)
n=  7404   udiff=  6.7336E-05 ( 56, 28)   vdiff=  8.2649E-05 ( 59, 24)
n=  7405   udiff=  6.7217E-05 ( 56, 28)   vdiff=  8.2540E-05 ( 59, 24)
n=  7406   udiff=  6.7101E-05 ( 56, 28)   vdiff=  8.2469E-05 ( 59, 24)
n=  7407   udiff=  6.6987E-05 ( 56, 28)   vdiff=  8.2387E-05 ( 59, 24)
n=  7408   udiff=  6.6875E-05 ( 56, 28)   vdiff=  8.2307E-05 ( 59, 24)
n=  7409   udiff=  6.6759E-05 ( 56, 28)   vdiff=  8.2221E-05 ( 59, 24)
n=  7410   udiff=  6.6639E-05 ( 56, 28)   vdiff=  8.2144E-05 ( 59, 24)
n=  7411   udiff=  6.6523E-05 ( 56, 28)   vdiff=  8.2046E-05 ( 59, 24)
n=  7412   udiff=  6.6413E-05 ( 56, 28)   vdiff=  8.1972E-05 ( 59, 24)
n=  7413   udiff=  6.6294E-05 ( 56, 28)   vdiff=  8.1884E-05 ( 59, 24)
n=  7414   udiff=  6.6181E-05 ( 56, 28)   vdiff=  8.1805E-05 ( 59, 24)
n=  7415   udiff=  6.6064E-05 ( 56, 28)   vdiff=  8.1721E-05 ( 59, 24)
n=  7416   udiff=  6.5948E-05 ( 56, 28)   vdiff=  8.1627E-05 ( 59, 24)
n=  7417   udiff=  6.5834E-05 ( 56, 28)   vdiff=  8.1542E-05 ( 59, 24)
n=  7418   udiff=  6.5720E-05 ( 56, 28)   vdiff=  8.1459E-05 ( 59, 24)
n=  7419   udiff=  6.5608E-05 ( 56, 28)   vdiff=  8.1373E-05 ( 59, 24)
n=  7420   udiff=  6.5492E-05 ( 56, 28)   vdiff=  8.1280E-05 ( 59, 24)
n=  7421   udiff=  6.5374E-05 ( 56, 28)   vdiff=  8.1202E-05 ( 59, 24)
n=  7422   udiff=  6.5261E-05 ( 56, 28)   vdiff=  8.1131E-05 ( 59, 24)
n=  7423   udiff=  6.5149E-05 ( 56, 28)   vdiff=  8.1042E-05 ( 59, 24)
n=  7424   udiff=  6.5029E-05 ( 56, 28)   vdiff=  8.0947E-05 ( 59, 24)
n=  7425   udiff=  6.4914E-05 ( 56, 28)   vdiff=  8.0857E-05 ( 59, 24)
n=  7426   udiff=  6.4802E-05 ( 56, 28)   vdiff=  8.0786E-05 ( 59, 24)
n=  7427   udiff=  6.4687E-05 ( 56, 28)   vdiff=  8.0686E-05 ( 59, 24)
n=  7428   udiff=  6.4573E-05 ( 56, 28)   vdiff=  8.0601E-05 ( 59, 24)
n=  7429   udiff=  6.4455E-05 ( 56, 28)   vdiff=  8.0517E-05 ( 59, 24)
n=  7430   udiff=  6.4345E-05 ( 56, 28)   vdiff=  8.0428E-05 ( 59, 24)
n=  7431   udiff=  6.4232E-05 ( 56, 28)   vdiff=  8.0351E-05 ( 59, 24)
n=  7432   udiff=  6.4115E-05 ( 56, 28)   vdiff=  8.0255E-05 ( 59, 24)
n=  7433   udiff=  6.4004E-05 ( 56, 28)   vdiff=  8.0172E-05 ( 59, 24)
n=  7434   udiff=  6.3885E-05 ( 56, 28)   vdiff=  8.0080E-05 ( 59, 24)
n=  7435   udiff=  6.3775E-05 ( 56, 28)   vdiff=  7.9994E-05 ( 59, 24)
n=  7436   udiff=  6.3660E-05 ( 56, 28)   vdiff=  7.9913E-05 ( 59, 24)
n=  7437   udiff=  6.3545E-05 ( 56, 28)   vdiff=  7.9838E-05 ( 59, 24)
n=  7438   udiff=  6.3431E-05 ( 56, 28)   vdiff=  7.9731E-05 ( 59, 24)
n=  7439   udiff=  6.3323E-05 ( 56, 28)   vdiff=  7.9664E-05 ( 59, 24)
n=  7440   udiff=  6.3205E-05 ( 56, 28)   vdiff=  7.9556E-05 ( 59, 24)
n=  7441   udiff=  6.3092E-05 ( 56, 28)   vdiff=  7.9473E-05 ( 59, 24)
n=  7442   udiff=  6.2977E-05 ( 56, 28)   vdiff=  7.9395E-05 ( 59, 24)
n=  7443   udiff=  6.2865E-05 ( 56, 28)   vdiff=  7.9292E-05 ( 59, 24)
n=  7444   udiff=  6.2751E-05 ( 56, 28)   vdiff=  7.9213E-05 ( 59, 24)
n=  7445   udiff=  6.2636E-05 ( 56, 28)   vdiff=  7.9129E-05 ( 59, 24)
n=  7446   udiff=  6.2524E-05 ( 56, 28)   vdiff=  7.9022E-05 ( 59, 24)
n=  7447   udiff=  6.2407E-05 ( 56, 28)   vdiff=  7.8932E-05 ( 59, 24)
n=  7448   udiff=  6.2295E-05 ( 56, 28)   vdiff=  7.8859E-05 ( 59, 24)
n=  7449   udiff=  6.2182E-05 ( 56, 28)   vdiff=  7.8766E-05 ( 59, 24)
n=  7450   udiff=  6.2068E-05 ( 56, 28)   vdiff=  7.8679E-05 ( 59, 24)
n=  7451   udiff=  6.1961E-05 ( 56, 28)   vdiff=  7.8607E-05 ( 59, 24)
n=  7452   udiff=  6.1840E-05 ( 56, 28)   vdiff=  7.8497E-05 ( 59, 24)
n=  7453   udiff=  6.1730E-05 ( 56, 28)   vdiff=  7.8402E-05 ( 59, 24)
n=  7454   udiff=  6.1619E-05 ( 56, 28)   vdiff=  7.8314E-05 ( 59, 24)
n=  7455   udiff=  6.1508E-05 ( 56, 28)   vdiff=  7.8230E-05 ( 59, 24)
n=  7456   udiff=  6.1394E-05 ( 56, 28)   vdiff=  7.8133E-05 ( 59, 24)
n=  7457   udiff=  6.1282E-05 ( 56, 28)   vdiff=  7.8054E-05 ( 59, 24)
n=  7458   udiff=  6.1168E-05 ( 56, 28)   vdiff=  7.7964E-05 ( 59, 24)
n=  7459   udiff=  6.1057E-05 ( 56, 28)   vdiff=  7.7892E-05 ( 59, 24)
n=  7460   udiff=  6.0946E-05 ( 56, 28)   vdiff=  7.7797E-05 ( 59, 24)
n=  7461   udiff=  6.0832E-05 ( 56, 28)   vdiff=  7.7713E-05 ( 59, 24)
n=  7462   udiff=  6.0719E-05 ( 56, 28)   vdiff=  7.7614E-05 ( 59, 24)
n=  7463   udiff=  6.0606E-05 ( 56, 28)   vdiff=  7.7521E-05 ( 59, 24)
n=  7464   udiff=  6.0498E-05 ( 56, 28)   vdiff=  7.7426E-05 ( 59, 24)
n=  7465   udiff=  6.0384E-05 ( 56, 28)   vdiff=  7.7339E-05 ( 59, 24)
n=  7466   udiff=  6.0273E-05 ( 56, 28)   vdiff=  7.7260E-05 ( 59, 24)
n=  7467   udiff=  6.0159E-05 ( 56, 28)   vdiff=  7.7153E-05 ( 59, 24)
n=  7468   udiff=  6.0047E-05 ( 56, 28)   vdiff=  7.7065E-05 ( 59, 24)
n=  7469   udiff=  5.9934E-05 ( 56, 28)   vdiff=  7.6976E-05 ( 59, 24)
n=  7470   udiff=  5.9826E-05 ( 56, 28)   vdiff=  7.6892E-05 ( 59, 24)
n=  7471   udiff=  5.9713E-05 ( 56, 28)   vdiff=  7.6805E-05 ( 59, 24)
n=  7472   udiff=  5.9605E-05 ( 56, 28)   vdiff=  7.6720E-05 ( 59, 24)
n=  7473   udiff=  5.9489E-05 ( 56, 28)   vdiff=  7.6621E-05 ( 59, 24)
n=  7474   udiff=  5.9382E-05 ( 56, 28)   vdiff=  7.6543E-05 ( 59, 24)
n=  7475   udiff=  5.9268E-05 ( 56, 28)   vdiff=  7.6449E-05 ( 59, 24)
n=  7476   udiff=  5.9157E-05 ( 56, 28)   vdiff=  7.6350E-05 ( 59, 24)
n=  7477   udiff=  5.9044E-05 ( 56, 28)   vdiff=  7.6260E-05 ( 59, 24)
n=  7478   udiff=  5.8933E-05 ( 56, 28)   vdiff=  7.6158E-05 ( 59, 24)
n=  7479   udiff=  5.8825E-05 ( 56, 28)   vdiff=  7.6079E-05 ( 59, 24)
n=  7480   udiff=  5.8709E-05 ( 56, 28)   vdiff=  7.5989E-05 ( 59, 24)
n=  7481   udiff=  5.8606E-05 ( 56, 28)   vdiff=  7.5901E-05 ( 59, 24)
n=  7482   udiff=  5.8489E-05 ( 56, 28)   vdiff=  7.5806E-05 ( 59, 24)
n=  7483   udiff=  5.8380E-05 ( 56, 28)   vdiff=  7.5716E-05 ( 59, 24)
n=  7484   udiff=  5.8271E-05 ( 56, 28)   vdiff=  7.5618E-05 ( 59, 24)
n=  7485   udiff=  5.8157E-05 ( 56, 28)   vdiff=  7.5525E-05 ( 59, 24)
n=  7486   udiff=  5.8046E-05 ( 56, 28)   vdiff=  7.5433E-05 ( 59, 24)
n=  7487   udiff=  5.7939E-05 ( 56, 28)   vdiff=  7.5334E-05 ( 59, 24)
n=  7488   udiff=  5.7830E-05 ( 56, 28)   vdiff=  7.5254E-05 ( 59, 24)
n=  7489   udiff=  5.7720E-05 ( 56, 28)   vdiff=  7.5164E-05 ( 59, 24)
n=  7490   udiff=  5.7604E-05 ( 56, 28)   vdiff=  7.5069E-05 ( 59, 24)
n=  7491   udiff=  5.7496E-05 ( 56, 28)   vdiff=  7.4980E-05 ( 59, 24)
n=  7492   udiff=  5.7390E-05 ( 56, 28)   vdiff=  7.4888E-05 ( 59, 24)
n=  7493   udiff=  5.7275E-05 ( 56, 28)   vdiff=  7.4783E-05 ( 59, 24)
n=  7494   udiff=  5.7169E-05 ( 56, 28)   vdiff=  7.4703E-05 ( 59, 24)
n=  7495   udiff=  5.7056E-05 ( 56, 28)   vdiff=  7.4603E-05 ( 59, 24)
n=  7496   udiff=  5.6946E-05 ( 56, 28)   vdiff=  7.4509E-05 ( 59, 24)
n=  7497   udiff=  5.6841E-05 ( 56, 28)   vdiff=  7.4430E-05 ( 59, 24)
n=  7498   udiff=  5.6729E-05 ( 56, 28)   vdiff=  7.4332E-05 ( 59, 24)
n=  7499   udiff=  5.6619E-05 ( 56, 28)   vdiff=  7.4233E-05 ( 59, 24)
n=  7500   udiff=  5.6509E-05 ( 56, 28)   vdiff=  7.4146E-05 ( 59, 24)
n=  7501   udiff=  5.6398E-05 ( 56, 28)   vdiff=  7.4059E-05 ( 59, 24)
n=  7502   udiff=  5.6291E-05 ( 56, 28)   vdiff=  7.3972E-05 ( 59, 24)
n=  7503   udiff=  5.6181E-05 ( 56, 28)   vdiff=  7.3870E-05 ( 59, 24)
n=  7504   udiff=  5.6073E-05 ( 56, 28)   vdiff=  7.3783E-05 ( 59, 24)
n=  7505   udiff=  5.5965E-05 ( 56, 28)   vdiff=  7.3695E-05 ( 59, 24)
n=  7506   udiff=  5.5851E-05 ( 56, 28)   vdiff=  7.3587E-05 ( 59, 24)
n=  7507   udiff=  5.5753E-05 ( 56, 28)   vdiff=  7.3518E-05 ( 59, 24)
n=  7508   udiff=  5.5641E-05 ( 56, 28)   vdiff=  7.3418E-05 ( 59, 24)
n=  7509   udiff=  5.5530E-05 ( 56, 28)   vdiff=  7.3314E-05 ( 59, 24)
n=  7510   udiff=  5.5419E-05 ( 56, 28)   vdiff=  7.3220E-05 ( 59, 24)
n=  7511   udiff=  5.5312E-05 ( 56, 28)   vdiff=  7.3128E-05 ( 59, 24)
n=  7512   udiff=  5.5205E-05 ( 56, 28)   vdiff=  7.3045E-05 ( 59, 24)
n=  7513   udiff=  5.5093E-05 ( 56, 28)   vdiff=  7.2951E-05 ( 59, 24)
n=  7514   udiff=  5.4989E-05 ( 56, 28)   vdiff=  7.2853E-05 ( 59, 24)
n=  7515   udiff=  5.4880E-05 ( 56, 28)   vdiff=  7.2753E-05 ( 59, 24)
n=  7516   udiff=  5.4773E-05 ( 56, 28)   vdiff=  7.2672E-05 ( 59, 24)
n=  7517   udiff=  5.4662E-05 ( 56, 28)   vdiff=  7.2569E-05 ( 59, 24)
n=  7518   udiff=  5.4562E-05 ( 56, 28)   vdiff=  7.2495E-05 ( 59, 24)
n=  7519   udiff=  5.4446E-05 ( 56, 28)   vdiff=  7.2365E-05 ( 59, 24)
n=  7520   udiff=  5.4339E-05 ( 56, 28)   vdiff=  7.2289E-05 ( 59, 24)
n=  7521   udiff=  5.4232E-05 ( 56, 28)   vdiff=  7.2195E-05 ( 59, 24)
n=  7522   udiff=  5.4123E-05 ( 56, 28)   vdiff=  7.2101E-05 ( 59, 24)
n=  7523   udiff=  5.4020E-05 ( 56, 28)   vdiff=  7.2017E-05 ( 59, 24)
n=  7524   udiff=  5.3915E-05 ( 56, 28)   vdiff=  7.1930E-05 ( 59, 24)
n=  7525   udiff=  5.3802E-05 ( 56, 28)   vdiff=  7.1813E-05 ( 59, 24)
n=  7526   udiff=  5.3697E-05 ( 56, 28)   vdiff=  7.1733E-05 ( 59, 24)
n=  7527   udiff=  5.3587E-05 ( 56, 28)   vdiff=  7.1628E-05 ( 59, 24)
n=  7528   udiff=  5.3480E-05 ( 56, 28)   vdiff=  7.1537E-05 ( 59, 24)
n=  7529   udiff=  5.3377E-05 ( 56, 28)   vdiff=  7.1448E-05 ( 59, 24)
n=  7530   udiff=  5.3270E-05 ( 56, 28)   vdiff=  7.1361E-05 ( 59, 24)
n=  7531   udiff=  5.3160E-05 ( 56, 28)   vdiff=  7.1258E-05 ( 59, 24)
n=  7532   udiff=  5.3053E-05 ( 56, 28)   vdiff=  7.1156E-05 ( 59, 24)
n=  7533   udiff=  5.2948E-05 ( 56, 28)   vdiff=  7.1073E-05 ( 59, 24)
n=  7534   udiff=  5.2845E-05 ( 56, 28)   vdiff=  7.0978E-05 ( 59, 24)
n=  7535   udiff=  5.2738E-05 ( 56, 28)   vdiff=  7.0898E-05 ( 59, 24)
n=  7536   udiff=  5.2629E-05 ( 56, 28)   vdiff=  7.0800E-05 ( 59, 24)
n=  7537   udiff=  5.2522E-05 ( 56, 28)   vdiff=  7.0684E-05 ( 59, 24)
n=  7538   udiff=  5.2416E-05 ( 56, 28)   vdiff=  7.0606E-05 ( 59, 24)
n=  7539   udiff=  5.2311E-05 ( 56, 28)   vdiff=  7.0520E-05 ( 59, 24)
n=  7540   udiff=  5.2206E-05 ( 56, 28)   vdiff=  7.0409E-05 ( 59, 24)
n=  7541   udiff=  5.2099E-05 ( 56, 28)   vdiff=  7.0315E-05 ( 59, 24)
n=  7542   udiff=  5.1994E-05 ( 56, 28)   vdiff=  7.0232E-05 ( 59, 24)
n=  7543   udiff=  5.1888E-05 ( 56, 28)   vdiff=  7.0126E-05 ( 59, 24)
n=  7544   udiff=  5.1790E-05 ( 56, 28)   vdiff=  7.0042E-05 ( 59, 24)
n=  7545   udiff=  5.1680E-05 ( 56, 28)   vdiff=  6.9928E-05 ( 59, 24)
n=  7546   udiff=  5.1572E-05 ( 56, 28)   vdiff=  6.9844E-05 ( 59, 24)
n=  7547   udiff=  5.1466E-05 ( 56, 28)   vdiff=  6.9753E-05 ( 59, 24)
n=  7548   udiff=  5.1365E-05 ( 56, 28)   vdiff=  6.9659E-05 ( 59, 24)
n=  7549   udiff=  5.1257E-05 ( 56, 28)   vdiff=  6.9554E-05 ( 59, 24)
n=  7550   udiff=  5.1155E-05 ( 56, 28)   vdiff=  6.9471E-05 ( 59, 24)
n=  7551   udiff=  5.1046E-05 ( 56, 28)   vdiff=  6.9369E-05 ( 59, 24)
n=  7552   udiff=  5.0944E-05 ( 56, 28)   vdiff=  6.9285E-05 ( 59, 24)
n=  7553   udiff=  5.0838E-05 ( 56, 28)   vdiff=  6.9187E-05 ( 59, 24)
n=  7554   udiff=  5.0732E-05 ( 56, 28)   vdiff=  6.9081E-05 ( 59, 24)
n=  7555   udiff=  5.0629E-05 ( 56, 28)   vdiff=  6.8994E-05 ( 59, 24)
n=  7556   udiff=  5.0526E-05 ( 56, 28)   vdiff=  6.8895E-05 ( 59, 24)
n=  7557   udiff=  5.0420E-05 ( 56, 28)   vdiff=  6.8800E-05 ( 59, 24)
n=  7558   udiff=  5.0316E-05 ( 56, 28)   vdiff=  6.8704E-05 ( 59, 24)
n=  7559   udiff=  5.0211E-05 ( 56, 28)   vdiff=  6.8610E-05 ( 59, 24)
n=  7560   udiff=  5.0108E-05 ( 56, 28)   vdiff=  6.8508E-05 ( 59, 24)
n=  7561   udiff=  5.0010E-05 ( 56, 28)   vdiff=  6.8432E-05 ( 59, 24)
n=  7562   udiff=  4.9905E-05 ( 56, 28)   vdiff=  6.8335E-05 ( 59, 24)
n=  7563   udiff=  4.9796E-05 ( 56, 28)   vdiff=  6.8228E-05 ( 59, 24)
n=  7564   udiff=  4.9691E-05 ( 56, 28)   vdiff=  6.8136E-05 ( 59, 24)
n=  7565   udiff=  4.9586E-05 ( 56, 28)   vdiff=  6.8046E-05 ( 59, 24)
n=  7566   udiff=  4.9484E-05 ( 56, 28)   vdiff=  6.7944E-05 ( 59, 24)
n=  7567   udiff=  4.9385E-05 ( 56, 28)   vdiff=  6.7852E-05 ( 59, 24)
n=  7568   udiff=  4.9279E-05 ( 56, 28)   vdiff=  6.7762E-05 ( 59, 24)
n=  7569   udiff=  4.9174E-05 ( 56, 28)   vdiff=  6.7674E-05 ( 59, 24)
n=  7570   udiff=  4.9074E-05 ( 56, 28)   vdiff=  6.7566E-05 ( 59, 24)
n=  7571   udiff=  4.8967E-05 ( 56, 28)   vdiff=  6.7465E-05 ( 59, 24)
n=  7572   udiff=  4.8869E-05 ( 56, 28)   vdiff=  6.7372E-05 ( 59, 24)
n=  7573   udiff=  4.8764E-05 ( 56, 28)   vdiff=  6.7282E-05 ( 59, 24)
n=  7574   udiff=  4.8661E-05 ( 56, 28)   vdiff=  6.7187E-05 ( 59, 24)
n=  7575   udiff=  4.8559E-05 ( 56, 28)   vdiff=  6.7087E-05 ( 59, 24)
n=  7576   udiff=  4.8454E-05 ( 56, 28)   vdiff=  6.6989E-05 ( 59, 24)
n=  7577   udiff=  4.8350E-05 ( 56, 28)   vdiff=  6.6895E-05 ( 59, 24)
n=  7578   udiff=  4.8249E-05 ( 56, 28)   vdiff=  6.6795E-05 ( 59, 24)
n=  7579   udiff=  4.8151E-05 ( 56, 28)   vdiff=  6.6704E-05 ( 59, 24)
n=  7580   udiff=  4.8047E-05 ( 56, 28)   vdiff=  6.6613E-05 ( 59, 24)
n=  7581   udiff=  4.7945E-05 ( 56, 28)   vdiff=  6.6522E-05 ( 59, 24)
n=  7582   udiff=  4.7842E-05 ( 56, 28)   vdiff=  6.6427E-05 ( 59, 24)
n=  7583   udiff=  4.7741E-05 ( 56, 28)   vdiff=  6.6332E-05 ( 59, 24)
n=  7584   udiff=  4.7636E-05 ( 56, 28)   vdiff=  6.6225E-05 ( 59, 24)
n=  7585   udiff=  4.7537E-05 ( 56, 28)   vdiff=  6.6128E-05 ( 59, 24)
n=  7586   udiff=  4.7434E-05 ( 56, 28)   vdiff=  6.6052E-05 ( 59, 24)
n=  7587   udiff=  4.7334E-05 ( 56, 28)   vdiff=  6.5943E-05 ( 59, 24)
n=  7588   udiff=  4.7232E-05 ( 56, 28)   vdiff=  6.5845E-05 ( 59, 24)
n=  7589   udiff=  4.7131E-05 ( 56, 28)   vdiff=  6.5757E-05 ( 59, 24)
n=  7590   udiff=  4.7033E-05 ( 56, 28)   vdiff=  6.5667E-05 ( 59, 24)
n=  7591   udiff=  4.6932E-05 ( 56, 28)   vdiff=  6.5573E-05 ( 59, 24)
n=  7592   udiff=  4.6828E-05 ( 56, 28)   vdiff=  6.5472E-05 ( 59, 24)
n=  7593   udiff=  4.6731E-05 ( 56, 28)   vdiff=  6.5379E-05 ( 59, 24)
n=  7594   udiff=  4.6631E-05 ( 56, 28)   vdiff=  6.5274E-05 ( 59, 24)
n=  7595   udiff=  4.6525E-05 ( 56, 28)   vdiff=  6.5182E-05 ( 59, 24)
n=  7596   udiff=  4.6428E-05 ( 56, 28)   vdiff=  6.5085E-05 ( 59, 24)
n=  7597   udiff=  4.6327E-05 ( 56, 28)   vdiff=  6.4990E-05 ( 59, 24)
n=  7598   udiff=  4.6230E-05 ( 56, 28)   vdiff=  6.4906E-05 ( 59, 24)
n=  7599   udiff=  4.6126E-05 ( 56, 28)   vdiff=  6.4794E-05 ( 59, 24)
n=  7600   udiff=  4.6028E-05 ( 56, 28)   vdiff=  6.4711E-05 ( 59, 24)
n=  7601   udiff=  4.5926E-05 ( 56, 28)   vdiff=  6.4604E-05 ( 59, 24)
n=  7602   udiff=  4.5829E-05 ( 57, 27)   vdiff=  6.4513E-05 ( 59, 24)
n=  7603   udiff=  4.5753E-05 ( 57, 27)   vdiff=  6.4416E-05 ( 59, 24)
n=  7604   udiff=  4.5682E-05 ( 57, 27)   vdiff=  6.4310E-05 ( 59, 24)
n=  7605   udiff=  4.5602E-05 ( 57, 27)   vdiff=  6.4219E-05 ( 59, 24)
n=  7606   udiff=  4.5527E-05 ( 57, 27)   vdiff=  6.4131E-05 ( 59, 24)
n=  7607   udiff=  4.5454E-05 ( 57, 27)   vdiff=  6.4043E-05 ( 59, 24)
n=  7608   udiff=  4.5379E-05 ( 57, 27)   vdiff=  6.3944E-05 ( 59, 24)
n=  7609   udiff=  4.5303E-05 ( 57, 27)   vdiff=  6.3841E-05 ( 59, 24)
n=  7610   udiff=  4.5220E-05 ( 57, 27)   vdiff=  6.3735E-05 ( 59, 24)
n=  7611   udiff=  4.5149E-05 ( 57, 27)   vdiff=  6.3649E-05 ( 59, 24)
n=  7612   udiff=  4.5079E-05 ( 57, 27)   vdiff=  6.3568E-05 ( 59, 24)
n=  7613   udiff=  4.5006E-05 ( 57, 27)   vdiff=  6.3470E-05 ( 59, 24)
n=  7614   udiff=  4.4927E-05 ( 57, 27)   vdiff=  6.3372E-05 ( 59, 24)
n=  7615   udiff=  4.4853E-05 ( 57, 27)   vdiff=  6.3274E-05 ( 59, 24)
n=  7616   udiff=  4.4773E-05 ( 57, 27)   vdiff=  6.3181E-05 ( 59, 24)
n=  7617   udiff=  4.4698E-05 ( 57, 27)   vdiff=  6.3086E-05 ( 59, 24)
n=  7618   udiff=  4.4625E-05 ( 57, 27)   vdiff=  6.2986E-05 ( 59, 24)
n=  7619   udiff=  4.4552E-05 ( 57, 27)   vdiff=  6.2891E-05 ( 59, 24)
n=  7620   udiff=  4.4472E-05 ( 57, 27)   vdiff=  6.2786E-05 ( 59, 24)
n=  7621   udiff=  4.4400E-05 ( 57, 27)   vdiff=  6.2690E-05 ( 59, 24)
n=  7622   udiff=  4.4320E-05 ( 57, 27)   vdiff=  6.2589E-05 ( 59, 24)
n=  7623   udiff=  4.4249E-05 ( 57, 27)   vdiff=  6.2514E-05 ( 59, 24)
n=  7624   udiff=  4.4171E-05 ( 57, 27)   vdiff=  6.2407E-05 ( 59, 24)
n=  7625   udiff=  4.4100E-05 ( 57, 27)   vdiff=  6.2318E-05 ( 59, 24)
n=  7626   udiff=  4.4020E-05 ( 57, 27)   vdiff=  6.2213E-05 ( 59, 24)
n=  7627   udiff=  4.3948E-05 ( 57, 27)   vdiff=  6.2126E-05 ( 59, 24)
n=  7628   udiff=  4.3871E-05 ( 57, 27)   vdiff=  6.2027E-05 ( 59, 24)
n=  7629   udiff=  4.3794E-05 ( 57, 27)   vdiff=  6.1923E-05 ( 59, 24)
n=  7630   udiff=  4.3724E-05 ( 57, 27)   vdiff=  6.1840E-05 ( 59, 24)
n=  7631   udiff=  4.3641E-05 ( 57, 27)   vdiff=  6.1735E-05 ( 59, 24)
n=  7632   udiff=  4.3574E-05 ( 57, 27)   vdiff=  6.1650E-05 ( 59, 24)
n=  7633   udiff=  4.3498E-05 ( 57, 27)   vdiff=  6.1548E-05 ( 59, 24)
n=  7634   udiff=  4.3422E-05 ( 57, 27)   vdiff=  6.1465E-05 ( 59, 24)
n=  7635   udiff=  4.3346E-05 ( 57, 27)   vdiff=  6.1359E-05 ( 59, 24)
n=  7636   udiff=  4.3272E-05 ( 57, 27)   vdiff=  6.1268E-05 ( 59, 24)
n=  7637   udiff=  4.3197E-05 ( 57, 27)   vdiff=  6.1165E-05 ( 59, 24)
n=  7638   udiff=  4.3118E-05 ( 57, 27)   vdiff=  6.1066E-05 ( 59, 24)
n=  7639   udiff=  4.3047E-05 ( 57, 27)   vdiff=  6.0968E-05 ( 59, 24)
n=  7640   udiff=  4.2973E-05 ( 57, 27)   vdiff=  6.0873E-05 ( 59, 24)
n=  7641   udiff=  4.2896E-05 ( 57, 27)   vdiff=  6.0789E-05 ( 59, 24)
n=  7642   udiff=  4.2830E-05 ( 57, 27)   vdiff=  6.0696E-05 ( 59, 24)
n=  7643   udiff=  4.2750E-05 ( 57, 27)   vdiff=  6.0595E-05 ( 59, 24)
n=  7644   udiff=  4.2678E-05 ( 57, 27)   vdiff=  6.0496E-05 ( 59, 24)
n=  7645   udiff=  4.2604E-05 ( 57, 27)   vdiff=  6.0402E-05 ( 59, 24)
n=  7646   udiff=  4.2532E-05 ( 57, 27)   vdiff=  6.0310E-05 ( 59, 24)
n=  7647   udiff=  4.2457E-05 ( 57, 27)   vdiff=  6.0218E-05 ( 59, 24)
n=  7648   udiff=  4.2383E-05 ( 57, 27)   vdiff=  6.0131E-05 ( 59, 24)
n=  7649   udiff=  4.2306E-05 ( 57, 27)   vdiff=  6.0028E-05 ( 59, 24)
n=  7650   udiff=  4.2232E-05 ( 57, 27)   vdiff=  5.9937E-05 ( 59, 24)
n=  7651   udiff=  4.2155E-05 ( 57, 27)   vdiff=  5.9842E-05 ( 59, 24)
n=  7652   udiff=  4.2081E-05 ( 57, 27)   vdiff=  5.9753E-05 ( 59, 24)
n=  7653   udiff=  4.2010E-05 ( 57, 27)   vdiff=  5.9636E-05 ( 59, 24)
n=  7654   udiff=  4.1937E-05 ( 57, 27)   vdiff=  5.9558E-05 ( 59, 24)
n=  7655   udiff=  4.1855E-05 ( 57, 27)   vdiff=  5.9449E-05 ( 59, 24)
n=  7656   udiff=  4.1787E-05 ( 57, 27)   vdiff=  5.9363E-05 ( 59, 24)
n=  7657   udiff=  4.1714E-05 ( 57, 27)   vdiff=  5.9270E-05 ( 59, 24)
n=  7658   udiff=  4.1638E-05 ( 57, 27)   vdiff=  5.9175E-05 ( 59, 24)
n=  7659   udiff=  4.1566E-05 ( 57, 27)   vdiff=  5.9076E-05 ( 59, 24)
n=  7660   udiff=  4.1491E-05 ( 57, 27)   vdiff=  5.8981E-05 ( 59, 24)
n=  7661   udiff=  4.1419E-05 ( 57, 27)   vdiff=  5.8879E-05 ( 59, 24)
n=  7662   udiff=  4.1341E-05 ( 57, 27)   vdiff=  5.8785E-05 ( 59, 24)
n=  7663   udiff=  4.1268E-05 ( 57, 27)   vdiff=  5.8702E-05 ( 59, 24)
n=  7664   udiff=  4.1193E-05 ( 57, 27)   vdiff=  5.8598E-05 ( 59, 24)
n=  7665   udiff=  4.1125E-05 ( 57, 27)   vdiff=  5.8509E-05 ( 59, 24)
n=  7666   udiff=  4.1051E-05 ( 57, 27)   vdiff=  5.8409E-05 ( 59, 24)
n=  7667   udiff=  4.0975E-05 ( 57, 27)   vdiff=  5.8324E-05 ( 59, 24)
n=  7668   udiff=  4.0905E-05 ( 57, 27)   vdiff=  5.8228E-05 ( 59, 24)
n=  7669   udiff=  4.0824E-05 ( 57, 27)   vdiff=  5.8113E-05 ( 59, 24)
n=  7670   udiff=  4.0751E-05 ( 57, 27)   vdiff=  5.8025E-05 ( 59, 24)
n=  7671   udiff=  4.0681E-05 ( 57, 27)   vdiff=  5.7938E-05 ( 59, 24)
n=  7672   udiff=  4.0608E-05 ( 57, 27)   vdiff=  5.7837E-05 ( 59, 24)
n=  7673   udiff=  4.0533E-05 ( 57, 27)   vdiff=  5.7745E-05 ( 59, 24)
n=  7674   udiff=  4.0462E-05 ( 57, 27)   vdiff=  5.7664E-05 ( 59, 24)
n=  7675   udiff=  4.0389E-05 ( 57, 27)   vdiff=  5.7554E-05 ( 59, 24)
n=  7676   udiff=  4.0314E-05 ( 57, 27)   vdiff=  5.7467E-05 ( 59, 24)
n=  7677   udiff=  4.0240E-05 ( 57, 27)   vdiff=  5.7360E-05 ( 59, 24)
n=  7678   udiff=  4.0168E-05 ( 57, 27)   vdiff=  5.7269E-05 ( 59, 24)
n=  7679   udiff=  4.0095E-05 ( 57, 27)   vdiff=  5.7169E-05 ( 59, 24)
n=  7680   udiff=  4.0022E-05 ( 57, 27)   vdiff=  5.7078E-05 ( 59, 24)
n=  7681   udiff=  3.9953E-05 ( 57, 27)   vdiff=  5.7003E-05 ( 59, 24)
n=  7682   udiff=  3.9876E-05 ( 57, 27)   vdiff=  5.6899E-05 ( 59, 24)
n=  7683   udiff=  3.9804E-05 ( 57, 27)   vdiff=  5.6795E-05 ( 59, 24)
n=  7684   udiff=  3.9728E-05 ( 57, 27)   vdiff=  5.6692E-05 ( 59, 24)
n=  7685   udiff=  3.9655E-05 ( 57, 27)   vdiff=  5.6608E-05 ( 59, 24)
n=  7686   udiff=  3.9585E-05 ( 57, 27)   vdiff=  5.6528E-05 ( 59, 24)
n=  7687   udiff=  3.9512E-05 ( 57, 27)   vdiff=  5.6416E-05 ( 59, 24)
n=  7688   udiff=  3.9435E-05 ( 57, 27)   vdiff=  5.6324E-05 ( 59, 24)
n=  7689   udiff=  3.9365E-05 ( 57, 27)   vdiff=  5.6231E-05 ( 59, 24)
n=  7690   udiff=  3.9291E-05 ( 57, 27)   vdiff=  5.6138E-05 ( 59, 24)
n=  7691   udiff=  3.9221E-05 ( 57, 27)   vdiff=  5.6042E-05 ( 59, 24)
n=  7692   udiff=  3.9144E-05 ( 57, 27)   vdiff=  5.5942E-05 ( 59, 24)
n=  7693   udiff=  3.9072E-05 ( 57, 27)   vdiff=  5.5862E-05 ( 59, 24)
n=  7694   udiff=  3.9003E-05 ( 57, 27)   vdiff=  5.5769E-05 ( 59, 24)
n=  7695   udiff=  3.8929E-05 ( 57, 27)   vdiff=  5.5658E-05 ( 59, 24)
n=  7696   udiff=  3.8858E-05 ( 57, 27)   vdiff=  5.5570E-05 ( 59, 24)
n=  7697   udiff=  3.8790E-05 ( 57, 27)   vdiff=  5.5479E-05 ( 59, 24)
n=  7698   udiff=  3.8714E-05 ( 57, 27)   vdiff=  5.5376E-05 ( 59, 24)
n=  7699   udiff=  3.8645E-05 ( 57, 27)   vdiff=  5.5285E-05 ( 59, 24)
n=  7700   udiff=  3.8576E-05 ( 57, 27)   vdiff=  5.5199E-05 ( 59, 24)
n=  7701   udiff=  3.8499E-05 ( 57, 27)   vdiff=  5.5112E-05 ( 59, 24)
n=  7702   udiff=  3.8426E-05 ( 57, 27)   vdiff=  5.5014E-05 ( 59, 24)
n=  7703   udiff=  3.8352E-05 ( 57, 27)   vdiff=  5.4919E-05 ( 59, 24)
n=  7704   udiff=  3.8281E-05 ( 57, 27)   vdiff=  5.4818E-05 ( 59, 24)
n=  7705   udiff=  3.8215E-05 ( 57, 27)   vdiff=  5.4743E-05 ( 59, 24)
n=  7706   udiff=  3.8142E-05 ( 57, 27)   vdiff=  5.4647E-05 ( 59, 24)
n=  7707   udiff=  3.8072E-05 ( 57, 27)   vdiff=  5.4547E-05 ( 59, 24)
n=  7708   udiff=  3.7995E-05 ( 57, 27)   vdiff=  5.4452E-05 ( 59, 24)
n=  7709   udiff=  3.7923E-05 ( 57, 27)   vdiff=  5.4360E-05 ( 59, 24)
n=  7710   udiff=  3.7845E-05 ( 57, 27)   vdiff=  5.4251E-05 ( 59, 24)
n=  7711   udiff=  3.7778E-05 ( 57, 27)   vdiff=  5.4170E-05 ( 59, 24)
n=  7712   udiff=  3.7709E-05 ( 57, 27)   vdiff=  5.4075E-05 ( 59, 24)
n=  7713   udiff=  3.7639E-05 ( 57, 27)   vdiff=  5.3991E-05 ( 59, 24)
n=  7714   udiff=  3.7567E-05 ( 57, 27)   vdiff=  5.3888E-05 ( 59, 24)
n=  7715   udiff=  3.7489E-05 ( 57, 27)   vdiff=  5.3797E-05 ( 59, 24)
n=  7716   udiff=  3.7421E-05 ( 57, 27)   vdiff=  5.3688E-05 ( 59, 24)
n=  7717   udiff=  3.7349E-05 ( 57, 27)   vdiff=  5.3598E-05 ( 59, 24)
n=  7718   udiff=  3.7280E-05 ( 57, 27)   vdiff=  5.3519E-05 ( 59, 24)
n=  7719   udiff=  3.7215E-05 ( 57, 27)   vdiff=  5.3421E-05 ( 59, 24)
n=  7720   udiff=  3.7135E-05 ( 57, 27)   vdiff=  5.3334E-05 ( 59, 24)
n=  7721   udiff=  3.7064E-05 ( 57, 27)   vdiff=  5.3245E-05 ( 59, 24)
n=  7722   udiff=  3.7002E-05 ( 57, 27)   vdiff=  5.3148E-05 ( 59, 24)
n=  7723   udiff=  3.6921E-05 ( 57, 27)   vdiff=  5.3039E-05 ( 59, 24)
n=  7724   udiff=  3.6852E-05 ( 57, 27)   vdiff=  5.2956E-05 ( 59, 24)
n=  7725   udiff=  3.6784E-05 ( 57, 27)   vdiff=  5.2866E-05 ( 59, 24)
n=  7726   udiff=  3.6710E-05 ( 57, 27)   vdiff=  5.2763E-05 ( 59, 24)
n=  7727   udiff=  3.6640E-05 ( 57, 27)   vdiff=  5.2677E-05 ( 59, 24)
n=  7728   udiff=  3.6575E-05 ( 57, 27)   vdiff=  5.2592E-05 ( 59, 24)
n=  7729   udiff=  3.6502E-05 ( 57, 27)   vdiff=  5.2500E-05 ( 59, 24)
n=  7730   udiff=  3.6431E-05 ( 57, 27)   vdiff=  5.2411E-05 ( 59, 24)
n=  7731   udiff=  3.6359E-05 ( 57, 27)   vdiff=  5.2317E-05 ( 59, 24)
n=  7732   udiff=  3.6287E-05 ( 57, 27)   vdiff=  5.2220E-05 ( 59, 24)
n=  7733   udiff=  3.6223E-05 ( 57, 27)   vdiff=  5.2137E-05 ( 59, 24)
n=  7734   udiff=  3.6147E-05 ( 57, 27)   vdiff=  5.2030E-05 ( 59, 24)
n=  7735   udiff=  3.6077E-05 ( 57, 27)   vdiff=  5.1942E-05 ( 59, 24)
n=  7736   udiff=  3.6009E-05 ( 57, 27)   vdiff=  5.1853E-05 ( 59, 24)
n=  7737   udiff=  3.5937E-05 ( 57, 27)   vdiff=  5.1761E-05 ( 59, 24)
n=  7738   udiff=  3.5864E-05 ( 57, 27)   vdiff=  5.1657E-05 ( 59, 24)
n=  7739   udiff=  3.5796E-05 ( 57, 27)   vdiff=  5.1570E-05 ( 59, 24)
n=  7740   udiff=  3.5726E-05 ( 57, 27)   vdiff=  5.1481E-05 ( 59, 24)
n=  7741   udiff=  3.5659E-05 ( 57, 27)   vdiff=  5.1379E-05 ( 59, 24)
n=  7742   udiff=  3.5580E-05 ( 57, 27)   vdiff=  5.1292E-05 ( 59, 24)
n=  7743   udiff=  3.5515E-05 ( 57, 27)   vdiff=  5.1198E-05 ( 59, 24)
n=  7744   udiff=  3.5446E-05 ( 57, 27)   vdiff=  5.1104E-05 ( 59, 24)
n=  7745   udiff=  3.5376E-05 ( 57, 27)   vdiff=  5.1003E-05 ( 59, 24)
n=  7746   udiff=  3.5304E-05 ( 57, 27)   vdiff=  5.0925E-05 ( 59, 24)
n=  7747   udiff=  3.5235E-05 ( 57, 27)   vdiff=  5.0836E-05 ( 59, 24)
n=  7748   udiff=  3.5169E-05 ( 57, 27)   vdiff=  5.0737E-05 ( 59, 24)
n=  7749   udiff=  3.5093E-05 ( 57, 27)   vdiff=  5.0648E-05 ( 59, 24)
n=  7750   udiff=  3.5023E-05 ( 57, 27)   vdiff=  5.0553E-05 ( 59, 24)
n=  7751   udiff=  3.4960E-05 ( 57, 27)   vdiff=  5.0475E-05 ( 59, 24)
n=  7752   udiff=  3.4889E-05 ( 57, 27)   vdiff=  5.0376E-05 ( 59, 24)
n=  7753   udiff=  3.4823E-05 ( 57, 27)   vdiff=  5.0295E-05 ( 59, 24)
n=  7754   udiff=  3.4748E-05 ( 57, 27)   vdiff=  5.0187E-05 ( 59, 24)
n=  7755   udiff=  3.4685E-05 ( 57, 27)   vdiff=  5.0106E-05 ( 59, 24)
n=  7756   udiff=  3.4612E-05 ( 57, 27)   vdiff=  5.0015E-05 ( 59, 24)
n=  7757   udiff=  3.4540E-05 ( 57, 27)   vdiff=  4.9914E-05 ( 59, 24)
n=  7758   udiff=  3.4471E-05 ( 57, 27)   vdiff=  4.9827E-05 ( 59, 24)
n=  7759   udiff=  3.4403E-05 ( 57, 27)   vdiff=  4.9735E-05 ( 59, 24)
n=  7760   udiff=  3.4331E-05 ( 57, 27)   vdiff=  4.9640E-05 ( 59, 24)
n=  7761   udiff=  3.4267E-05 ( 57, 27)   vdiff=  4.9552E-05 ( 59, 24)
n=  7762   udiff=  3.4198E-05 ( 57, 27)   vdiff=  4.9463E-05 ( 59, 24)
n=  7763   udiff=  3.4125E-05 ( 57, 27)   vdiff=  4.9382E-05 ( 59, 24)
n=  7764   udiff=  3.4058E-05 ( 57, 27)   vdiff=  4.9281E-05 ( 59, 24)
n=  7765   udiff=  3.3994E-05 ( 57, 27)   vdiff=  4.9196E-05 ( 59, 24)
n=  7766   udiff=  3.3923E-05 ( 57, 27)   vdiff=  4.9099E-05 ( 59, 24)
n=  7767   udiff=  3.3855E-05 ( 57, 27)   vdiff=  4.9013E-05 ( 59, 24)
n=  7768   udiff=  3.3789E-05 ( 57, 27)   vdiff=  4.8923E-05 ( 59, 24)
n=  7769   udiff=  3.3715E-05 ( 57, 27)   vdiff=  4.8832E-05 ( 59, 24)
n=  7770   udiff=  3.3646E-05 ( 57, 27)   vdiff=  4.8730E-05 ( 59, 24)
n=  7771   udiff=  3.3578E-05 ( 57, 27)   vdiff=  4.8640E-05 ( 59, 24)
n=  7772   udiff=  3.3513E-05 ( 57, 27)   vdiff=  4.8554E-05 ( 59, 24)
n=  7773   udiff=  3.3438E-05 ( 57, 27)   vdiff=  4.8449E-05 ( 59, 24)
n=  7774   udiff=  3.3374E-05 ( 57, 27)   vdiff=  4.8371E-05 ( 59, 24)
n=  7775   udiff=  3.3309E-05 ( 57, 27)   vdiff=  4.8293E-05 ( 59, 24)
n=  7776   udiff=  3.3238E-05 ( 57, 27)   vdiff=  4.8190E-05 ( 59, 24)
n=  7777   udiff=  3.3170E-05 ( 57, 27)   vdiff=  4.8107E-05 ( 59, 24)
n=  7778   udiff=  3.3104E-05 ( 57, 27)   vdiff=  4.8010E-05 ( 59, 24)
n=  7779   udiff=  3.3033E-05 ( 57, 27)   vdiff=  4.7934E-05 ( 59, 24)
n=  7780   udiff=  3.2971E-05 ( 57, 27)   vdiff=  4.7846E-05 ( 59, 24)
n=  7781   udiff=  3.2900E-05 ( 57, 27)   vdiff=  4.7750E-05 ( 59, 24)
n=  7782   udiff=  3.2835E-05 ( 57, 27)   vdiff=  4.7656E-05 ( 59, 24)
n=  7783   udiff=  3.2767E-05 ( 57, 27)   vdiff=  4.7565E-05 ( 59, 24)
n=  7784   udiff=  3.2696E-05 ( 57, 27)   vdiff=  4.7485E-05 ( 59, 24)
n=  7785   udiff=  3.2624E-05 ( 57, 27)   vdiff=  4.7385E-05 ( 59, 24)
n=  7786   udiff=  3.2562E-05 ( 57, 27)   vdiff=  4.7291E-05 ( 59, 24)
n=  7787   udiff=  3.2494E-05 ( 57, 27)   vdiff=  4.7208E-05 ( 59, 24)
n=  7788   udiff=  3.2428E-05 ( 57, 27)   vdiff=  4.7124E-05 ( 59, 24)
n=  7789   udiff=  3.2363E-05 ( 57, 27)   vdiff=  4.7033E-05 ( 59, 24)
n=  7790   udiff=  3.2294E-05 ( 57, 27)   vdiff=  4.6945E-05 ( 59, 24)
n=  7791   udiff=  3.2226E-05 ( 57, 27)   vdiff=  4.6854E-05 ( 59, 24)
n=  7792   udiff=  3.2158E-05 ( 57, 27)   vdiff=  4.6756E-05 ( 59, 24)
n=  7793   udiff=  3.2093E-05 ( 57, 27)   vdiff=  4.6679E-05 ( 59, 24)
n=  7794   udiff=  3.2029E-05 ( 57, 27)   vdiff=  4.6590E-05 ( 59, 24)
n=  7795   udiff=  3.1961E-05 ( 57, 27)   vdiff=  4.6506E-05 ( 59, 24)
n=  7796   udiff=  3.1889E-05 ( 57, 27)   vdiff=  4.6403E-05 ( 59, 24)
n=  7797   udiff=  3.1824E-05 ( 57, 27)   vdiff=  4.6325E-05 ( 59, 24)
n=  7798   udiff=  3.1757E-05 ( 57, 27)   vdiff=  4.6225E-05 ( 59, 24)
n=  7799   udiff=  3.1692E-05 ( 57, 27)   vdiff=  4.6145E-05 ( 59, 24)
n=  7800   udiff=  3.1630E-05 ( 57, 27)   vdiff=  4.6066E-05 ( 59, 24)
n=  7801   udiff=  3.1556E-05 ( 57, 27)   vdiff=  4.5961E-05 ( 59, 24)
n=  7802   udiff=  3.1492E-05 ( 57, 27)   vdiff=  4.5866E-05 ( 59, 24)
n=  7803   udiff=  3.1425E-05 ( 57, 27)   vdiff=  4.5774E-05 ( 59, 24)
n=  7804   udiff=  3.1355E-05 ( 57, 27)   vdiff=  4.5685E-05 ( 59, 24)
n=  7805   udiff=  3.1287E-05 ( 57, 27)   vdiff=  4.5601E-05 ( 59, 24)
n=  7806   udiff=  3.1227E-05 ( 57, 27)   vdiff=  4.5518E-05 ( 59, 24)
n=  7807   udiff=  3.1164E-05 ( 57, 27)   vdiff=  4.5433E-05 ( 59, 24)
n=  7808   udiff=  3.1093E-05 ( 57, 27)   vdiff=  4.5339E-05 ( 59, 24)
n=  7809   udiff=  3.1031E-05 ( 57, 27)   vdiff=  4.5261E-05 ( 59, 24)
n=  7810   udiff=  3.0965E-05 ( 57, 27)   vdiff=  4.5165E-05 ( 59, 24)
n=  7811   udiff=  3.0897E-05 ( 57, 27)   vdiff=  4.5086E-05 ( 59, 24)
n=  7812   udiff=  3.0833E-05 ( 57, 27)   vdiff=  4.4996E-05 ( 59, 24)
n=  7813   udiff=  3.0765E-05 ( 57, 27)   vdiff=  4.4909E-05 ( 59, 24)
n=  7814   udiff=  3.0697E-05 ( 57, 27)   vdiff=  4.4819E-05 ( 59, 24)
n=  7815   udiff=  3.0635E-05 ( 57, 27)   vdiff=  4.4731E-05 ( 59, 24)
n=  7816   udiff=  3.0569E-05 ( 57, 27)   vdiff=  4.4641E-05 ( 59, 24)
n=  7817   udiff=  3.0498E-05 ( 57, 27)   vdiff=  4.4552E-05 ( 59, 24)
n=  7818   udiff=  3.0438E-05 ( 57, 27)   vdiff=  4.4471E-05 ( 59, 24)
n=  7819   udiff=  3.0372E-05 ( 57, 27)   vdiff=  4.4380E-05 ( 59, 24)
n=  7820   udiff=  3.0307E-05 ( 57, 27)   vdiff=  4.4294E-05 ( 59, 24)
n=  7821   udiff=  3.0243E-05 ( 57, 27)   vdiff=  4.4216E-05 ( 59, 24)
n=  7822   udiff=  3.0175E-05 ( 57, 27)   vdiff=  4.4114E-05 ( 59, 24)
n=  7823   udiff=  3.0117E-05 ( 57, 27)   vdiff=  4.4031E-05 ( 59, 24)
n=  7824   udiff=  3.0050E-05 ( 57, 27)   vdiff=  4.3938E-05 ( 59, 24)
n=  7825   udiff=  2.9981E-05 ( 57, 27)   vdiff=  4.3860E-05 ( 59, 24)
n=  7826   udiff=  2.9914E-05 ( 57, 27)   vdiff=  4.3763E-05 ( 59, 24)
n=  7827   udiff=  2.9852E-05 ( 57, 27)   vdiff=  4.3684E-05 ( 59, 24)
n=  7828   udiff=  2.9792E-05 ( 57, 27)   vdiff=  4.3601E-05 ( 59, 24)
n=  7829   udiff=  2.9722E-05 ( 57, 27)   vdiff=  4.3505E-05 ( 59, 24)
n=  7830   udiff=  2.9658E-05 ( 57, 27)   vdiff=  4.3421E-05 ( 59, 24)
n=  7831   udiff=  2.9593E-05 ( 57, 27)   vdiff=  4.3325E-05 ( 59, 24)
n=  7832   udiff=  2.9526E-05 ( 57, 27)   vdiff=  4.3244E-05 ( 59, 24)
n=  7833   udiff=  2.9466E-05 ( 57, 27)   vdiff=  4.3167E-05 ( 59, 24)
n=  7834   udiff=  2.9401E-05 ( 57, 27)   vdiff=  4.3073E-05 ( 59, 24)
n=  7835   udiff=  2.9335E-05 ( 57, 27)   vdiff=  4.2990E-05 ( 59, 24)
n=  7836   udiff=  2.9273E-05 ( 57, 27)   vdiff=  4.2890E-05 ( 59, 24)
n=  7837   udiff=  2.9207E-05 ( 57, 27)   vdiff=  4.2814E-05 ( 59, 24)
n=  7838   udiff=  2.9141E-05 ( 57, 27)   vdiff=  4.2719E-05 ( 59, 24)
n=  7839   udiff=  2.9075E-05 ( 57, 27)   vdiff=  4.2637E-05 ( 59, 24)
n=  7840   udiff=  2.9014E-05 ( 57, 27)   vdiff=  4.2537E-05 ( 59, 24)
n=  7841   udiff=  2.8950E-05 ( 57, 27)   vdiff=  4.2469E-05 ( 59, 24)
n=  7842   udiff=  2.8888E-05 ( 57, 27)   vdiff=  4.2386E-05 ( 59, 24)
n=  7843   udiff=  2.8822E-05 ( 57, 27)   vdiff=  4.2305E-05 ( 59, 24)
n=  7844   udiff=  2.8765E-05 ( 57, 27)   vdiff=  4.2211E-05 ( 59, 24)
n=  7845   udiff=  2.8699E-05 ( 57, 27)   vdiff=  4.2141E-05 ( 59, 24)
n=  7846   udiff=  2.8634E-05 ( 57, 27)   vdiff=  4.2043E-05 ( 59, 24)
n=  7847   udiff=  2.8568E-05 ( 57, 27)   vdiff=  4.1958E-05 ( 59, 24)
n=  7848   udiff=  2.8509E-05 ( 57, 27)   vdiff=  4.1879E-05 ( 59, 24)
n=  7849   udiff=  2.8445E-05 ( 57, 27)   vdiff=  4.1793E-05 ( 59, 24)
n=  7850   udiff=  2.8377E-05 ( 57, 27)   vdiff=  4.1696E-05 ( 59, 24)
n=  7851   udiff=  2.8316E-05 ( 57, 27)   vdiff=  4.1615E-05 ( 59, 24)
n=  7852   udiff=  2.8255E-05 ( 57, 27)   vdiff=  4.1529E-05 ( 59, 24)
n=  7853   udiff=  2.8190E-05 ( 57, 27)   vdiff=  4.1452E-05 ( 59, 24)
n=  7854   udiff=  2.8132E-05 ( 57, 27)   vdiff=  4.1378E-05 ( 59, 24)
n=  7855   udiff=  2.8065E-05 ( 57, 27)   vdiff=  4.1268E-05 ( 59, 24)
n=  7856   udiff=  2.8001E-05 ( 57, 27)   vdiff=  4.1188E-05 ( 59, 24)
n=  7857   udiff=  2.7936E-05 ( 57, 27)   vdiff=  4.1104E-05 ( 59, 24)
n=  7858   udiff=  2.7871E-05 ( 57, 27)   vdiff=  4.1008E-05 ( 59, 24)
n=  7859   udiff=  2.7815E-05 ( 57, 27)   vdiff=  4.0936E-05 ( 59, 24)
n=  7860   udiff=  2.7751E-05 ( 57, 27)   vdiff=  4.0855E-05 ( 59, 24)
n=  7861   udiff=  2.7689E-05 ( 57, 27)   vdiff=  4.0765E-05 ( 59, 24)
n=  7862   udiff=  2.7624E-05 ( 57, 27)   vdiff=  4.0671E-05 ( 59, 24)
n=  7863   udiff=  2.7567E-05 ( 57, 27)   vdiff=  4.0606E-05 ( 59, 24)
n=  7864   udiff=  2.7506E-05 ( 57, 27)   vdiff=  4.0539E-05 ( 59, 24)
n=  7865   udiff=  2.7439E-05 ( 57, 27)   vdiff=  4.0442E-05 ( 59, 24)
n=  7866   udiff=  2.7375E-05 ( 57, 27)   vdiff=  4.0348E-05 ( 59, 24)
n=  7867   udiff=  2.7318E-05 ( 57, 27)   vdiff=  4.0278E-05 ( 59, 24)
n=  7868   udiff=  2.7253E-05 ( 57, 27)   vdiff=  4.0180E-05 ( 59, 24)
n=  7869   udiff=  2.7189E-05 ( 57, 27)   vdiff=  4.0094E-05 ( 59, 24)
n=  7870   udiff=  2.7128E-05 ( 57, 27)   vdiff=  4.0011E-05 ( 59, 24)
n=  7871   udiff=  2.7068E-05 ( 57, 27)   vdiff=  3.9938E-05 ( 59, 24)
n=  7872   udiff=  2.7008E-05 ( 57, 27)   vdiff=  3.9851E-05 ( 59, 24)
n=  7873   udiff=  2.6945E-05 ( 57, 27)   vdiff=  3.9755E-05 ( 59, 24)
n=  7874   udiff=  2.6877E-05 ( 57, 27)   vdiff=  3.9675E-05 ( 59, 24)
n=  7875   udiff=  2.6819E-05 ( 57, 27)   vdiff=  3.9596E-05 ( 59, 24)
n=  7876   udiff=  2.6756E-05 ( 57, 27)   vdiff=  3.9521E-05 ( 59, 24)
n=  7877   udiff=  2.6694E-05 ( 57, 27)   vdiff=  3.9424E-05 ( 59, 24)
n=  7878   udiff=  2.6633E-05 ( 57, 27)   vdiff=  3.9341E-05 ( 59, 24)
n=  7879   udiff=  2.6577E-05 ( 57, 27)   vdiff=  3.9269E-05 ( 59, 24)
n=  7880   udiff=  2.6515E-05 ( 57, 27)   vdiff=  3.9181E-05 ( 59, 24)
n=  7881   udiff=  2.6449E-05 ( 57, 27)   vdiff=  3.9097E-05 ( 59, 24)
n=  7882   udiff=  2.6393E-05 ( 57, 27)   vdiff=  3.9015E-05 ( 59, 24)
n=  7883   udiff=  2.6336E-05 ( 57, 27)   vdiff=  3.8941E-05 ( 59, 24)
n=  7884   udiff=  2.6271E-05 ( 57, 27)   vdiff=  3.8851E-05 ( 59, 24)
n=  7885   udiff=  2.6209E-05 ( 57, 27)   vdiff=  3.8777E-05 ( 59, 24)
n=  7886   udiff=  2.6148E-05 ( 57, 27)   vdiff=  3.8683E-05 ( 59, 24)
n=  7887   udiff=  2.6089E-05 ( 57, 27)   vdiff=  3.8606E-05 ( 59, 24)
n=  7888   udiff=  2.6026E-05 ( 57, 27)   vdiff=  3.8533E-05 ( 59, 24)
n=  7889   udiff=  2.5963E-05 ( 57, 27)   vdiff=  3.8435E-05 ( 59, 24)
n=  7890   udiff=  2.5907E-05 ( 57, 27)   vdiff=  3.8361E-05 ( 59, 24)
n=  7891   udiff=  2.5849E-05 ( 57, 27)   vdiff=  3.8286E-05 ( 59, 24)
n=  7892   udiff=  2.5786E-05 ( 57, 27)   vdiff=  3.8190E-05 ( 59, 24)
n=  7893   udiff=  2.5723E-05 ( 57, 27)   vdiff=  3.8107E-05 ( 59, 24)
n=  7894   udiff=  2.5661E-05 ( 57, 27)   vdiff=  3.8022E-05 ( 59, 24)
n=  7895   udiff=  2.5605E-05 ( 57, 27)   vdiff=  3.7956E-05 ( 59, 24)
n=  7896   udiff=  2.5547E-05 ( 57, 27)   vdiff=  3.7878E-05 ( 59, 24)
n=  7897   udiff=  2.5483E-05 ( 57, 27)   vdiff=  3.7785E-05 ( 59, 24)
n=  7898   udiff=  2.5424E-05 ( 57, 27)   vdiff=  3.7703E-05 ( 59, 24)
n=  7899   udiff=  2.5363E-05 ( 57, 27)   vdiff=  3.7624E-05 ( 59, 24)
n=  7900   udiff=  2.5305E-05 ( 57, 27)   vdiff=  3.7548E-05 ( 59, 24)
n=  7901   udiff=  2.5249E-05 ( 57, 27)   vdiff=  3.7471E-05 ( 59, 24)
n=  7902   udiff=  2.5188E-05 ( 57, 27)   vdiff=  3.7386E-05 ( 59, 24)
n=  7903   udiff=  2.5129E-05 ( 57, 27)   vdiff=  3.7301E-05 ( 59, 24)
n=  7904   udiff=  2.5071E-05 ( 57, 27)   vdiff=  3.7219E-05 ( 59, 24)
n=  7905   udiff=  2.5008E-05 ( 57, 27)   vdiff=  3.7136E-05 ( 59, 24)
n=  7906   udiff=  2.4948E-05 ( 57, 27)   vdiff=  3.7057E-05 ( 59, 24)
n=  7907   udiff=  2.4887E-05 ( 57, 27)   vdiff=  3.6978E-05 ( 59, 24)
n=  7908   udiff=  2.4833E-05 ( 57, 27)   vdiff=  3.6898E-05 ( 59, 24)
n=  7909   udiff=  2.4765E-05 ( 57, 27)   vdiff=  3.6814E-05 ( 59, 24)
n=  7910   udiff=  2.4706E-05 ( 57, 27)   vdiff=  3.6727E-05 ( 59, 24)
n=  7911   udiff=  2.4648E-05 ( 57, 27)   vdiff=  3.6637E-05 ( 59, 24)
n=  7912   udiff=  2.4597E-05 ( 57, 27)   vdiff=  3.6579E-05 ( 59, 24)
n=  7913   udiff=  2.4536E-05 ( 57, 27)   vdiff=  3.6497E-05 ( 59, 24)
n=  7914   udiff=  2.4478E-05 ( 57, 27)   vdiff=  3.6425E-05 ( 59, 24)
n=  7915   udiff=  2.4419E-05 ( 57, 27)   vdiff=  3.6334E-05 ( 59, 24)
n=  7916   udiff=  2.4360E-05 ( 57, 27)   vdiff=  3.6247E-05 ( 59, 24)
n=  7917   udiff=  2.4305E-05 ( 57, 27)   vdiff=  3.6176E-05 ( 59, 24)
n=  7918   udiff=  2.4240E-05 ( 57, 27)   vdiff=  3.6094E-05 ( 59, 24)
n=  7919   udiff=  2.4183E-05 ( 57, 27)   vdiff=  3.6010E-05 ( 59, 24)
n=  7920   udiff=  2.4124E-05 ( 57, 27)   vdiff=  3.5941E-05 ( 59, 24)
n=  7921   udiff=  2.4064E-05 ( 57, 27)   vdiff=  3.5852E-05 ( 59, 24)
n=  7922   udiff=  2.4012E-05 ( 57, 27)   vdiff=  3.5773E-05 ( 59, 24)
n=  7923   udiff=  2.3950E-05 ( 57, 27)   vdiff=  3.5700E-05 ( 59, 24)
n=  7924   udiff=  2.3891E-05 ( 57, 27)   vdiff=  3.5604E-05 ( 59, 24)
n=  7925   udiff=  2.3835E-05 ( 57, 27)   vdiff=  3.5547E-05 ( 59, 24)
n=  7926   udiff=  2.3778E-05 ( 57, 27)   vdiff=  3.5460E-05 ( 59, 24)
n=  7927   udiff=  2.3717E-05 ( 57, 27)   vdiff=  3.5389E-05 ( 59, 24)
n=  7928   udiff=  2.3663E-05 ( 57, 27)   vdiff=  3.5290E-05 ( 59, 24)
n=  7929   udiff=  2.3607E-05 ( 57, 27)   vdiff=  3.5232E-05 ( 59, 24)
n=  7930   udiff=  2.3547E-05 ( 57, 27)   vdiff=  3.5151E-05 ( 59, 24)
n=  7931   udiff=  2.3490E-05 ( 57, 27)   vdiff=  3.5063E-05 ( 59, 24)
n=  7932   udiff=  2.3429E-05 ( 57, 27)   vdiff=  3.4978E-05 ( 59, 24)
n=  7933   udiff=  2.3374E-05 ( 57, 27)   vdiff=  3.4915E-05 ( 59, 24)
n=  7934   udiff=  2.3316E-05 ( 57, 27)   vdiff=  3.4819E-05 ( 59, 24)
n=  7935   udiff=  2.3257E-05 ( 57, 27)   vdiff=  3.4741E-05 ( 59, 24)
n=  7936   udiff=  2.3202E-05 ( 57, 27)   vdiff=  3.4669E-05 ( 59, 24)
n=  7937   udiff=  2.3147E-05 ( 57, 27)   vdiff=  3.4600E-05 ( 59, 24)
n=  7938   udiff=  2.3087E-05 ( 57, 27)   vdiff=  3.4509E-05 ( 59, 24)
n=  7939   udiff=  2.3034E-05 ( 57, 27)   vdiff=  3.4439E-05 ( 59, 24)
n=  7940   udiff=  2.2976E-05 ( 57, 27)   vdiff=  3.4369E-05 ( 59, 24)
n=  7941   udiff=  2.2921E-05 ( 57, 27)   vdiff=  3.4276E-05 ( 59, 24)
n=  7942   udiff=  2.2862E-05 ( 57, 27)   vdiff=  3.4207E-05 ( 59, 24)
n=  7943   udiff=  2.2807E-05 ( 57, 27)   vdiff=  3.4138E-05 ( 59, 24)
n=  7944   udiff=  2.2749E-05 ( 57, 27)   vdiff=  3.4058E-05 ( 59, 24)
n=  7945   udiff=  2.2694E-05 ( 57, 27)   vdiff=  3.3985E-05 ( 59, 24)
n=  7946   udiff=  2.2636E-05 ( 57, 27)   vdiff=  3.3895E-05 ( 59, 24)
n=  7947   udiff=  2.2576E-05 ( 57, 27)   vdiff=  3.3829E-05 ( 59, 24)
n=  7948   udiff=  2.2526E-05 ( 57, 27)   vdiff=  3.3734E-05 ( 59, 24)
n=  7949   udiff=  2.2467E-05 ( 57, 27)   vdiff=  3.3656E-05 ( 59, 24)
n=  7950   udiff=  2.2409E-05 ( 57, 27)   vdiff=  3.3578E-05 ( 59, 24)
n=  7951   udiff=  2.2354E-05 ( 57, 27)   vdiff=  3.3505E-05 ( 59, 24)
n=  7952   udiff=  2.2300E-05 ( 57, 27)   vdiff=  3.3420E-05 ( 59, 24)
n=  7953   udiff=  2.2242E-05 ( 57, 27)   vdiff=  3.3353E-05 ( 59, 24)
n=  7954   udiff=  2.2185E-05 ( 57, 27)   vdiff=  3.3270E-05 ( 59, 24)
n=  7955   udiff=  2.2131E-05 ( 57, 27)   vdiff=  3.3211E-05 ( 59, 24)
n=  7956   udiff=  2.2079E-05 ( 57, 27)   vdiff=  3.3137E-05 ( 59, 24)
n=  7957   udiff=  2.2020E-05 ( 57, 27)   vdiff=  3.3051E-05 ( 59, 24)
n=  7958   udiff=  2.1962E-05 ( 57, 27)   vdiff=  3.2983E-05 ( 59, 24)
n=  7959   udiff=  2.1913E-05 ( 57, 27)   vdiff=  3.2904E-05 ( 59, 24)
n=  7960   udiff=  2.1855E-05 ( 57, 27)   vdiff=  3.2826E-05 ( 59, 24)
n=  7961   udiff=  2.1794E-05 ( 57, 27)   vdiff=  3.2742E-05 ( 59, 25)
n=  7962   udiff=  2.1742E-05 ( 57, 27)   vdiff=  3.2680E-05 ( 59, 24)
n=  7963   udiff=  2.1686E-05 ( 57, 27)   vdiff=  3.2600E-05 ( 59, 24)
n=  7964   udiff=  2.1632E-05 ( 57, 27)   vdiff=  3.2531E-05 ( 59, 25)
n=  7965   udiff=  2.1576E-05 ( 57, 27)   vdiff=  3.2450E-05 ( 59, 25)
n=  7966   udiff=  2.1523E-05 ( 57, 27)   vdiff=  3.2385E-05 ( 59, 25)
n=  7967   udiff=  2.1469E-05 ( 57, 27)   vdiff=  3.2314E-05 ( 59, 25)
n=  7968   udiff=  2.1414E-05 ( 57, 27)   vdiff=  3.2237E-05 ( 59, 25)
n=  7969   udiff=  2.1359E-05 ( 57, 27)   vdiff=  3.2169E-05 ( 59, 25)
n=  7970   udiff=  2.1304E-05 ( 57, 27)   vdiff=  3.2097E-05 ( 59, 25)
n=  7971   udiff=  2.1252E-05 ( 57, 27)   vdiff=  3.2028E-05 ( 59, 25)
n=  7972   udiff=  2.1195E-05 ( 57, 27)   vdiff=  3.1951E-05 ( 59, 25)
n=  7973   udiff=  2.1143E-05 ( 57, 27)   vdiff=  3.1884E-05 ( 59, 25)
n=  7974   udiff=  2.1092E-05 ( 57, 27)   vdiff=  3.1819E-05 ( 59, 25)
n=  7975   udiff=  2.1030E-05 ( 57, 27)   vdiff=  3.1737E-05 ( 59, 25)
n=  7976   udiff=  2.0978E-05 ( 57, 27)   vdiff=  3.1662E-05 ( 59, 25)
n=  7977   udiff=  2.0928E-05 ( 58, 27)   vdiff=  3.1588E-05 ( 59, 25)
n=  7978   udiff=  2.0884E-05 ( 58, 27)   vdiff=  3.1525E-05 ( 59, 25)
n=  7979   udiff=  2.0838E-05 ( 58, 27)   vdiff=  3.1451E-05 ( 59, 25)
n=  7980   udiff=  2.0793E-05 ( 58, 27)   vdiff=  3.1385E-05 ( 59, 25)
n=  7981   udiff=  2.0749E-05 ( 58, 27)   vdiff=  3.1311E-05 ( 59, 25)
n=  7982   udiff=  2.0704E-05 ( 58, 27)   vdiff=  3.1243E-05 ( 59, 25)
n=  7983   udiff=  2.0661E-05 ( 58, 27)   vdiff=  3.1175E-05 ( 59, 25)
n=  7984   udiff=  2.0617E-05 ( 58, 27)   vdiff=  3.1099E-05 ( 59, 25)
n=  7985   udiff=  2.0571E-05 ( 58, 27)   vdiff=  3.1035E-05 ( 59, 25)
n=  7986   udiff=  2.0530E-05 ( 58, 27)   vdiff=  3.0969E-05 ( 59, 25)
n=  7987   udiff=  2.0484E-05 ( 58, 27)   vdiff=  3.0889E-05 ( 59, 25)
n=  7988   udiff=  2.0438E-05 ( 58, 27)   vdiff=  3.0825E-05 ( 59, 25)
n=  7989   udiff=  2.0394E-05 ( 58, 27)   vdiff=  3.0756E-05 ( 59, 25)
n=  7990   udiff=  2.0348E-05 ( 58, 27)   vdiff=  3.0684E-05 ( 59, 25)
n=  7991   udiff=  2.0307E-05 ( 58, 27)   vdiff=  3.0617E-05 ( 59, 25)
n=  7992   udiff=  2.0259E-05 ( 58, 27)   vdiff=  3.0543E-05 ( 59, 25)
n=  7993   udiff=  2.0215E-05 ( 58, 27)   vdiff=  3.0476E-05 ( 59, 25)
n=  7994   udiff=  2.0169E-05 ( 58, 27)   vdiff=  3.0403E-05 ( 59, 25)
n=  7995   udiff=  2.0128E-05 ( 58, 27)   vdiff=  3.0340E-05 ( 59, 25)
n=  7996   udiff=  2.0081E-05 ( 58, 27)   vdiff=  3.0266E-05 ( 59, 25)
n=  7997   udiff=  2.0034E-05 ( 58, 27)   vdiff=  3.0195E-05 ( 59, 25)
n=  7998   udiff=  1.9992E-05 ( 58, 27)   vdiff=  3.0120E-05 ( 59, 25)
n=  7999   udiff=  1.9944E-05 ( 58, 27)   vdiff=  3.0048E-05 ( 59, 25)
n=  8000   udiff=  1.9903E-05 ( 58, 27)   vdiff=  2.9984E-05 ( 59, 25)
n=  8001   udiff=  1.9859E-05 ( 58, 27)   vdiff=  2.9916E-05 ( 59, 25)
n=  8002   udiff=  1.9818E-05 ( 58, 27)   vdiff=  2.9851E-05 ( 59, 25)
n=  8003   udiff=  1.9769E-05 ( 58, 27)   vdiff=  2.9772E-05 ( 59, 25)
n=  8004   udiff=  1.9729E-05 ( 58, 27)   vdiff=  2.9713E-05 ( 59, 25)
n=  8005   udiff=  1.9683E-05 ( 58, 27)   vdiff=  2.9645E-05 ( 59, 25)
n=  8006   udiff=  1.9644E-05 ( 58, 27)   vdiff=  2.9584E-05 ( 59, 25)
n=  8007   udiff=  1.9596E-05 ( 58, 27)   vdiff=  2.9506E-05 ( 59, 25)
n=  8008   udiff=  1.9552E-05 ( 58, 27)   vdiff=  2.9438E-05 ( 59, 25)
n=  8009   udiff=  1.9506E-05 ( 58, 27)   vdiff=  2.9369E-05 ( 59, 25)
n=  8010   udiff=  1.9466E-05 ( 58, 27)   vdiff=  2.9299E-05 ( 59, 25)
n=  8011   udiff=  1.9424E-05 ( 58, 27)   vdiff=  2.9241E-05 ( 59, 25)
n=  8012   udiff=  1.9374E-05 ( 58, 27)   vdiff=  2.9154E-05 ( 59, 25)
n=  8013   udiff=  1.9336E-05 ( 58, 27)   vdiff=  2.9097E-05 ( 59, 25)
n=  8014   udiff=  1.9291E-05 ( 58, 27)   vdiff=  2.9026E-05 ( 59, 25)
n=  8015   udiff=  1.9249E-05 ( 58, 27)   vdiff=  2.8961E-05 ( 59, 25)
n=  8016   udiff=  1.9202E-05 ( 58, 27)   vdiff=  2.8888E-05 ( 59, 25)
n=  8017   udiff=  1.9160E-05 ( 58, 27)   vdiff=  2.8818E-05 ( 59, 25)
n=  8018   udiff=  1.9118E-05 ( 58, 27)   vdiff=  2.8754E-05 ( 59, 25)
n=  8019   udiff=  1.9074E-05 ( 58, 27)   vdiff=  2.8688E-05 ( 59, 25)
n=  8020   udiff=  1.9029E-05 ( 58, 27)   vdiff=  2.8620E-05 ( 59, 25)
n=  8021   udiff=  1.8991E-05 ( 58, 27)   vdiff=  2.8555E-05 ( 59, 25)
n=  8022   udiff=  1.8946E-05 ( 58, 27)   vdiff=  2.8489E-05 ( 59, 25)
n=  8023   udiff=  1.8901E-05 ( 58, 27)   vdiff=  2.8417E-05 ( 59, 25)
n=  8024   udiff=  1.8859E-05 ( 58, 27)   vdiff=  2.8350E-05 ( 59, 25)
n=  8025   udiff=  1.8817E-05 ( 58, 27)   vdiff=  2.8288E-05 ( 59, 25)
n=  8026   udiff=  1.8775E-05 ( 58, 27)   vdiff=  2.8216E-05 ( 59, 25)
n=  8027   udiff=  1.8727E-05 ( 58, 27)   vdiff=  2.8146E-05 ( 59, 25)
n=  8028   udiff=  1.8685E-05 ( 58, 27)   vdiff=  2.8075E-05 ( 59, 25)
n=  8029   udiff=  1.8646E-05 ( 58, 27)   vdiff=  2.8016E-05 ( 59, 25)
n=  8030   udiff=  1.8605E-05 ( 58, 27)   vdiff=  2.7955E-05 ( 59, 25)
n=  8031   udiff=  1.8559E-05 ( 58, 27)   vdiff=  2.7885E-05 ( 59, 25)
n=  8032   udiff=  1.8518E-05 ( 58, 27)   vdiff=  2.7819E-05 ( 59, 25)
n=  8033   udiff=  1.8478E-05 ( 58, 27)   vdiff=  2.7752E-05 ( 59, 25)
n=  8034   udiff=  1.8434E-05 ( 58, 27)   vdiff=  2.7687E-05 ( 59, 25)
n=  8035   udiff=  1.8387E-05 ( 58, 27)   vdiff=  2.7612E-05 ( 59, 25)
n=  8036   udiff=  1.8347E-05 ( 58, 27)   vdiff=  2.7552E-05 ( 59, 25)
n=  8037   udiff=  1.8306E-05 ( 58, 27)   vdiff=  2.7487E-05 ( 59, 25)
n=  8038   udiff=  1.8262E-05 ( 58, 27)   vdiff=  2.7418E-05 ( 59, 25)
n=  8039   udiff=  1.8219E-05 ( 58, 27)   vdiff=  2.7352E-05 ( 59, 25)
n=  8040   udiff=  1.8179E-05 ( 58, 27)   vdiff=  2.7289E-05 ( 59, 25)
n=  8041   udiff=  1.8136E-05 ( 58, 27)   vdiff=  2.7223E-05 ( 59, 25)
n=  8042   udiff=  1.8099E-05 ( 58, 27)   vdiff=  2.7162E-05 ( 59, 25)
n=  8043   udiff=  1.8053E-05 ( 58, 27)   vdiff=  2.7091E-05 ( 59, 25)
n=  8044   udiff=  1.8012E-05 ( 58, 27)   vdiff=  2.7027E-05 ( 59, 25)
n=  8045   udiff=  1.7970E-05 ( 58, 27)   vdiff=  2.6964E-05 ( 59, 25)
n=  8046   udiff=  1.7926E-05 ( 58, 27)   vdiff=  2.6892E-05 ( 59, 25)
n=  8047   udiff=  1.7884E-05 ( 58, 27)   vdiff=  2.6825E-05 ( 59, 25)
n=  8048   udiff=  1.7839E-05 ( 58, 27)   vdiff=  2.6758E-05 ( 59, 25)
n=  8049   udiff=  1.7800E-05 ( 58, 27)   vdiff=  2.6699E-05 ( 59, 25)
n=  8050   udiff=  1.7759E-05 ( 58, 27)   vdiff=  2.6633E-05 ( 59, 25)
n=  8051   udiff=  1.7716E-05 ( 58, 27)   vdiff=  2.6564E-05 ( 59, 25)
n=  8052   udiff=  1.7676E-05 ( 58, 27)   vdiff=  2.6504E-05 ( 59, 25)
n=  8053   udiff=  1.7635E-05 ( 58, 27)   vdiff=  2.6439E-05 ( 59, 25)
n=  8054   udiff=  1.7592E-05 ( 58, 27)   vdiff=  2.6376E-05 ( 59, 25)
n=  8055   udiff=  1.7556E-05 ( 58, 27)   vdiff=  2.6318E-05 ( 59, 25)
n=  8056   udiff=  1.7513E-05 ( 58, 27)   vdiff=  2.6246E-05 ( 59, 25)
n=  8057   udiff=  1.7469E-05 ( 58, 27)   vdiff=  2.6180E-05 ( 59, 25)
n=  8058   udiff=  1.7425E-05 ( 58, 27)   vdiff=  2.6110E-05 ( 59, 25)
n=  8059   udiff=  1.7387E-05 ( 58, 27)   vdiff=  2.6050E-05 ( 59, 25)
n=  8060   udiff=  1.7344E-05 ( 58, 27)   vdiff=  2.5980E-05 ( 59, 25)
n=  8061   udiff=  1.7306E-05 ( 58, 27)   vdiff=  2.5925E-05 ( 59, 25)
n=  8062   udiff=  1.7261E-05 ( 58, 27)   vdiff=  2.5855E-05 ( 59, 25)
n=  8063   udiff=  1.7224E-05 ( 58, 27)   vdiff=  2.5802E-05 ( 59, 25)
n=  8064   udiff=  1.7182E-05 ( 58, 27)   vdiff=  2.5735E-05 ( 59, 25)
n=  8065   udiff=  1.7138E-05 ( 58, 27)   vdiff=  2.5663E-05 ( 59, 25)
n=  8066   udiff=  1.7098E-05 ( 58, 27)   vdiff=  2.5598E-05 ( 59, 25)
n=  8067   udiff=  1.7053E-05 ( 58, 27)   vdiff=  2.5526E-05 ( 59, 25)
n=  8068   udiff=  1.7016E-05 ( 58, 27)   vdiff=  2.5477E-05 ( 59, 25)
n=  8069   udiff=  1.6977E-05 ( 58, 27)   vdiff=  2.5412E-05 ( 59, 25)
n=  8070   udiff=  1.6938E-05 ( 58, 27)   vdiff=  2.5348E-05 ( 59, 25)
n=  8071   udiff=  1.6895E-05 ( 58, 27)   vdiff=  2.5282E-05 ( 59, 25)
n=  8072   udiff=  1.6855E-05 ( 58, 27)   vdiff=  2.5229E-05 ( 59, 25)
n=  8073   udiff=  1.6816E-05 ( 58, 27)   vdiff=  2.5160E-05 ( 59, 25)
n=  8074   udiff=  1.6771E-05 ( 58, 27)   vdiff=  2.5097E-05 ( 59, 25)
n=  8075   udiff=  1.6732E-05 ( 58, 27)   vdiff=  2.5035E-05 ( 59, 25)
n=  8076   udiff=  1.6690E-05 ( 58, 27)   vdiff=  2.4964E-05 ( 59, 25)
n=  8077   udiff=  1.6650E-05 ( 58, 27)   vdiff=  2.4902E-05 ( 59, 25)
n=  8078   udiff=  1.6612E-05 ( 58, 27)   vdiff=  2.4838E-05 ( 59, 25)
n=  8079   udiff=  1.6573E-05 ( 58, 27)   vdiff=  2.4785E-05 ( 59, 25)
n=  8080   udiff=  1.6533E-05 ( 58, 27)   vdiff=  2.4724E-05 ( 59, 25)
n=  8081   udiff=  1.6491E-05 ( 58, 27)   vdiff=  2.4658E-05 ( 59, 25)
n=  8082   udiff=  1.6453E-05 ( 58, 27)   vdiff=  2.4599E-05 ( 59, 25)
n=  8083   udiff=  1.6415E-05 ( 58, 27)   vdiff=  2.4535E-05 ( 59, 25)
n=  8084   udiff=  1.6372E-05 ( 58, 27)   vdiff=  2.4470E-05 ( 59, 25)
n=  8085   udiff=  1.6334E-05 ( 58, 27)   vdiff=  2.4405E-05 ( 59, 25)
n=  8086   udiff=  1.6294E-05 ( 58, 27)   vdiff=  2.4353E-05 ( 59, 25)
n=  8087   udiff=  1.6256E-05 ( 58, 27)   vdiff=  2.4290E-05 ( 59, 25)
n=  8088   udiff=  1.6217E-05 ( 58, 27)   vdiff=  2.4233E-05 ( 59, 25)
n=  8089   udiff=  1.6175E-05 ( 58, 27)   vdiff=  2.4164E-05 ( 59, 25)
n=  8090   udiff=  1.6132E-05 ( 58, 27)   vdiff=  2.4101E-05 ( 59, 25)
n=  8091   udiff=  1.6096E-05 ( 58, 27)   vdiff=  2.4042E-05 ( 59, 25)
n=  8092   udiff=  1.6054E-05 ( 58, 27)   vdiff=  2.3978E-05 ( 59, 25)
n=  8093   udiff=  1.6016E-05 ( 58, 27)   vdiff=  2.3919E-05 ( 59, 25)
n=  8094   udiff=  1.5976E-05 ( 58, 27)   vdiff=  2.3854E-05 ( 59, 25)
n=  8095   udiff=  1.5939E-05 ( 58, 27)   vdiff=  2.3799E-05 ( 59, 25)
n=  8096   udiff=  1.5899E-05 ( 58, 27)   vdiff=  2.3729E-05 ( 59, 25)
n=  8097   udiff=  1.5859E-05 ( 58, 27)   vdiff=  2.3678E-05 ( 59, 25)
n=  8098   udiff=  1.5820E-05 ( 58, 27)   vdiff=  2.3615E-05 ( 59, 25)
n=  8099   udiff=  1.5779E-05 ( 58, 27)   vdiff=  2.3546E-05 ( 59, 25)
n=  8100   udiff=  1.5740E-05 ( 58, 27)   vdiff=  2.3492E-05 ( 59, 25)
n=  8101   udiff=  1.5700E-05 ( 58, 27)   vdiff=  2.3428E-05 ( 59, 25)
n=  8102   udiff=  1.5662E-05 ( 58, 27)   vdiff=  2.3361E-05 ( 59, 25)
n=  8103   udiff=  1.5624E-05 ( 58, 27)   vdiff=  2.3305E-05 ( 59, 25)
n=  8104   udiff=  1.5588E-05 ( 58, 27)   vdiff=  2.3253E-05 ( 59, 25)
n=  8105   udiff=  1.5549E-05 ( 58, 27)   vdiff=  2.3191E-05 ( 59, 25)
n=  8106   udiff=  1.5510E-05 ( 58, 27)   vdiff=  2.3126E-05 ( 59, 25)
n=  8107   udiff=  1.5470E-05 ( 58, 27)   vdiff=  2.3068E-05 ( 59, 25)
n=  8108   udiff=  1.5431E-05 ( 58, 27)   vdiff=  2.3012E-05 ( 59, 25)
n=  8109   udiff=  1.5393E-05 ( 58, 27)   vdiff=  2.2951E-05 ( 59, 25)
n=  8110   udiff=  1.5354E-05 ( 58, 27)   vdiff=  2.2886E-05 ( 59, 25)
n=  8111   udiff=  1.5316E-05 ( 58, 27)   vdiff=  2.2827E-05 ( 59, 25)
n=  8112   udiff=  1.5277E-05 ( 58, 27)   vdiff=  2.2765E-05 ( 59, 25)
n=  8113   udiff=  1.5237E-05 ( 58, 27)   vdiff=  2.2705E-05 ( 59, 25)
n=  8114   udiff=  1.5194E-05 ( 58, 27)   vdiff=  2.2641E-05 ( 59, 25)
n=  8115   udiff=  1.5159E-05 ( 58, 27)   vdiff=  2.2584E-05 ( 59, 25)
n=  8116   udiff=  1.5123E-05 ( 58, 27)   vdiff=  2.2526E-05 ( 59, 25)
n=  8117   udiff=  1.5088E-05 ( 58, 27)   vdiff=  2.2476E-05 ( 59, 25)
n=  8118   udiff=  1.5048E-05 ( 58, 27)   vdiff=  2.2411E-05 ( 59, 25)
n=  8119   udiff=  1.5010E-05 ( 58, 27)   vdiff=  2.2354E-05 ( 59, 25)
n=  8120   udiff=  1.4973E-05 ( 58, 27)   vdiff=  2.2293E-05 ( 59, 25)
n=  8121   udiff=  1.4933E-05 ( 58, 27)   vdiff=  2.2237E-05 ( 59, 25)
n=  8122   udiff=  1.4893E-05 ( 58, 27)   vdiff=  2.2169E-05 ( 59, 25)
n=  8123   udiff=  1.4856E-05 ( 58, 27)   vdiff=  2.2114E-05 ( 59, 25)
n=  8124   udiff=  1.4814E-05 ( 58, 27)   vdiff=  2.2049E-05 ( 59, 25)
n=  8125   udiff=  1.4780E-05 ( 58, 27)   vdiff=  2.1996E-05 ( 59, 25)
n=  8126   udiff=  1.4742E-05 ( 58, 27)   vdiff=  2.1941E-05 ( 59, 25)
n=  8127   udiff=  1.4705E-05 ( 58, 27)   vdiff=  2.1877E-05 ( 59, 25)
n=  8128   udiff=  1.4668E-05 ( 58, 27)   vdiff=  2.1827E-05 ( 59, 25)
n=  8129   udiff=  1.4629E-05 ( 58, 27)   vdiff=  2.1767E-05 ( 59, 25)
n=  8130   udiff=  1.4593E-05 ( 58, 27)   vdiff=  2.1705E-05 ( 59, 25)
n=  8131   udiff=  1.4551E-05 ( 58, 27)   vdiff=  2.1642E-05 ( 59, 25)
n=  8132   udiff=  1.4516E-05 ( 58, 27)   vdiff=  2.1586E-05 ( 59, 25)
n=  8133   udiff=  1.4479E-05 ( 58, 27)   vdiff=  2.1530E-05 ( 59, 25)
n=  8134   udiff=  1.4438E-05 ( 58, 27)   vdiff=  2.1466E-05 ( 59, 25)
n=  8135   udiff=  1.4406E-05 ( 58, 27)   vdiff=  2.1411E-05 ( 59, 25)
n=  8136   udiff=  1.4369E-05 ( 58, 27)   vdiff=  2.1358E-05 ( 59, 25)
n=  8137   udiff=  1.4333E-05 ( 58, 27)   vdiff=  2.1301E-05 ( 59, 25)
n=  8138   udiff=  1.4292E-05 ( 58, 27)   vdiff=  2.1236E-05 ( 59, 25)
n=  8139   udiff=  1.4258E-05 ( 58, 27)   vdiff=  2.1190E-05 ( 59, 25)
n=  8140   udiff=  1.4219E-05 ( 58, 27)   vdiff=  2.1126E-05 ( 59, 25)
n=  8141   udiff=  1.4181E-05 ( 58, 27)   vdiff=  2.1066E-05 ( 59, 25)
n=  8142   udiff=  1.4146E-05 ( 58, 27)   vdiff=  2.1011E-05 ( 59, 25)
n=  8143   udiff=  1.4107E-05 ( 58, 27)   vdiff=  2.0953E-05 ( 59, 25)
n=  8144   udiff=  1.4069E-05 ( 58, 27)   vdiff=  2.0895E-05 ( 59, 25)
n=  8145   udiff=  1.4039E-05 ( 58, 27)   vdiff=  2.0845E-05 ( 59, 25)
n=  8146   udiff=  1.4000E-05 ( 58, 27)   vdiff=  2.0786E-05 ( 59, 25)
n=  8147   udiff=  1.3960E-05 ( 58, 27)   vdiff=  2.0723E-05 ( 59, 25)
n=  8148   udiff=  1.3925E-05 ( 58, 27)   vdiff=  2.0670E-05 ( 59, 25)
n=  8149   udiff=  1.3886E-05 ( 58, 27)   vdiff=  2.0609E-05 ( 59, 25)
n=  8150   udiff=  1.3854E-05 ( 58, 27)   vdiff=  2.0563E-05 ( 59, 25)
n=  8151   udiff=  1.3817E-05 ( 58, 27)   vdiff=  2.0503E-05 ( 59, 25)
n=  8152   udiff=  1.3776E-05 ( 58, 27)   vdiff=  2.0437E-05 ( 59, 25)
n=  8153   udiff=  1.3743E-05 ( 58, 27)   vdiff=  2.0389E-05 ( 59, 25)
n=  8154   udiff=  1.3704E-05 ( 58, 27)   vdiff=  2.0322E-05 ( 59, 25)
n=  8155   udiff=  1.3671E-05 ( 58, 27)   vdiff=  2.0273E-05 ( 59, 25)
n=  8156   udiff=  1.3634E-05 ( 58, 27)   vdiff=  2.0218E-05 ( 59, 25)
n=  8157   udiff=  1.3596E-05 ( 58, 27)   vdiff=  2.0159E-05 ( 59, 25)
n=  8158   udiff=  1.3561E-05 ( 58, 27)   vdiff=  2.0108E-05 ( 59, 25)
n=  8159   udiff=  1.3523E-05 ( 58, 27)   vdiff=  2.0045E-05 ( 59, 25)
n=  8160   udiff=  1.3491E-05 ( 58, 27)   vdiff=  1.9997E-05 ( 59, 25)
n=  8161   udiff=  1.3453E-05 ( 58, 27)   vdiff=  1.9937E-05 ( 59, 25)
n=  8162   udiff=  1.3418E-05 ( 58, 27)   vdiff=  1.9885E-05 ( 59, 25)
n=  8163   udiff=  1.3383E-05 ( 58, 27)   vdiff=  1.9833E-05 ( 59, 25)
n=  8164   udiff=  1.3346E-05 ( 58, 27)   vdiff=  1.9773E-05 ( 59, 25)
n=  8165   udiff=  1.3313E-05 ( 58, 27)   vdiff=  1.9727E-05 ( 59, 25)
n=  8166   udiff=  1.3270E-05 ( 58, 27)   vdiff=  1.9654E-05 ( 59, 25)
n=  8167   udiff=  1.3240E-05 ( 58, 27)   vdiff=  1.9611E-05 ( 59, 25)
n=  8168   udiff=  1.3203E-05 ( 58, 27)   vdiff=  1.9553E-05 ( 59, 25)
n=  8169   udiff=  1.3167E-05 ( 58, 27)   vdiff=  1.9500E-05 ( 59, 25)
n=  8170   udiff=  1.3132E-05 ( 58, 27)   vdiff=  1.9444E-05 ( 59, 25)
n=  8171   udiff=  1.3095E-05 ( 58, 27)   vdiff=  1.9385E-05 ( 59, 25)
n=  8172   udiff=  1.3062E-05 ( 58, 27)   vdiff=  1.9334E-05 ( 59, 25)
n=  8173   udiff=  1.3027E-05 ( 58, 27)   vdiff=  1.9280E-05 ( 59, 25)
n=  8174   udiff=  1.2992E-05 ( 58, 27)   vdiff=  1.9229E-05 ( 59, 25)
n=  8175   udiff=  1.2957E-05 ( 58, 27)   vdiff=  1.9179E-05 ( 59, 25)
n=  8176   udiff=  1.2923E-05 ( 58, 27)   vdiff=  1.9120E-05 ( 59, 25)
n=  8177   udiff=  1.2888E-05 ( 58, 27)   vdiff=  1.9070E-05 ( 59, 25)
n=  8178   udiff=  1.2852E-05 ( 58, 27)   vdiff=  1.9004E-05 ( 59, 25)
n=  8179   udiff=  1.2816E-05 ( 58, 27)   vdiff=  1.8951E-05 ( 59, 25)
n=  8180   udiff=  1.2782E-05 ( 58, 27)   vdiff=  1.8902E-05 ( 59, 25)
n=  8181   udiff=  1.2748E-05 ( 58, 27)   vdiff=  1.8847E-05 ( 59, 25)
n=  8182   udiff=  1.2712E-05 ( 58, 27)   vdiff=  1.8791E-05 ( 59, 25)
n=  8183   udiff=  1.2677E-05 ( 58, 27)   vdiff=  1.8742E-05 ( 59, 25)
n=  8184   udiff=  1.2645E-05 ( 58, 27)   vdiff=  1.8692E-05 ( 59, 25)
n=  8185   udiff=  1.2609E-05 ( 58, 27)   vdiff=  1.8633E-05 ( 59, 25)
n=  8186   udiff=  1.2572E-05 ( 58, 27)   vdiff=  1.8583E-05 ( 59, 25)
n=  8187   udiff=  1.2539E-05 ( 58, 27)   vdiff=  1.8530E-05 ( 59, 25)
n=  8188   udiff=  1.2502E-05 ( 58, 27)   vdiff=  1.8471E-05 ( 59, 25)
n=  8189   udiff=  1.2470E-05 ( 58, 27)   vdiff=  1.8424E-05 ( 59, 25)
n=  8190   udiff=  1.2437E-05 ( 58, 27)   vdiff=  1.8370E-05 ( 59, 25)
n=  8191   udiff=  1.2403E-05 ( 58, 27)   vdiff=  1.8320E-05 ( 59, 25)
n=  8192   udiff=  1.2370E-05 ( 58, 27)   vdiff=  1.8266E-05 ( 59, 25)
n=  8193   udiff=  1.2335E-05 ( 58, 27)   vdiff=  1.8207E-05 ( 59, 25)
n=  8194   udiff=  1.2300E-05 ( 58, 27)   vdiff=  1.8155E-05 ( 59, 25)
n=  8195   udiff=  1.2263E-05 ( 58, 27)   vdiff=  1.8094E-05 ( 59, 25)
n=  8196   udiff=  1.2231E-05 ( 58, 27)   vdiff=  1.8051E-05 ( 59, 25)
n=  8197   udiff=  1.2198E-05 ( 58, 27)   vdiff=  1.7998E-05 ( 59, 25)
n=  8198   udiff=  1.2160E-05 ( 58, 27)   vdiff=  1.7943E-05 ( 59, 25)
n=  8199   udiff=  1.2126E-05 ( 58, 27)   vdiff=  1.7888E-05 ( 59, 25)
n=  8200   udiff=  1.2093E-05 ( 58, 27)   vdiff=  1.7837E-05 ( 59, 25)
n=  8201   udiff=  1.2058E-05 ( 58, 27)   vdiff=  1.7781E-05 ( 59, 25)
n=  8202   udiff=  1.2024E-05 ( 58, 27)   vdiff=  1.7727E-05 ( 59, 25)
n=  8203   udiff=  1.1991E-05 ( 58, 27)   vdiff=  1.7677E-05 ( 59, 25)
n=  8204   udiff=  1.1957E-05 ( 58, 27)   vdiff=  1.7622E-05 ( 59, 25)
n=  8205   udiff=  1.1922E-05 ( 58, 27)   vdiff=  1.7570E-05 ( 59, 25)
n=  8206   udiff=  1.1889E-05 ( 58, 27)   vdiff=  1.7526E-05 ( 59, 25)
n=  8207   udiff=  1.1856E-05 ( 58, 27)   vdiff=  1.7471E-05 ( 59, 25)
n=  8208   udiff=  1.1825E-05 ( 58, 27)   vdiff=  1.7424E-05 ( 59, 25)
n=  8209   udiff=  1.1789E-05 ( 58, 27)   vdiff=  1.7372E-05 ( 59, 25)
n=  8210   udiff=  1.1758E-05 ( 58, 27)   vdiff=  1.7326E-05 ( 59, 25)
n=  8211   udiff=  1.1725E-05 ( 58, 27)   vdiff=  1.7267E-05 ( 59, 25)
n=  8212   udiff=  1.1691E-05 ( 58, 27)   vdiff=  1.7221E-05 ( 59, 25)
n=  8213   udiff=  1.1658E-05 ( 58, 27)   vdiff=  1.7166E-05 ( 59, 25)
n=  8214   udiff=  1.1627E-05 ( 58, 27)   vdiff=  1.7127E-05 ( 59, 25)
n=  8215   udiff=  1.1595E-05 ( 58, 27)   vdiff=  1.7067E-05 ( 59, 25)
n=  8216   udiff=  1.1558E-05 ( 58, 27)   vdiff=  1.7011E-05 ( 59, 25)
n=  8217   udiff=  1.1525E-05 ( 58, 27)   vdiff=  1.6965E-05 ( 59, 25)
n=  8218   udiff=  1.1494E-05 ( 58, 27)   vdiff=  1.6912E-05 ( 59, 25)
n=  8219   udiff=  1.1462E-05 ( 58, 27)   vdiff=  1.6864E-05 ( 59, 25)
n=  8220   udiff=  1.1430E-05 ( 58, 27)   vdiff=  1.6812E-05 ( 59, 25)
n=  8221   udiff=  1.1404E-05 ( 98, 13)   vdiff=  1.6765E-05 ( 59, 25)
n=  8222   udiff=  1.1394E-05 ( 98, 13)   vdiff=  1.6714E-05 ( 59, 25)
n=  8223   udiff=  1.1387E-05 ( 98, 13)   vdiff=  1.6653E-05 ( 59, 25)
n=  8224   udiff=  1.1379E-05 ( 98, 13)   vdiff=  1.6609E-05 ( 59, 25)
n=  8225   udiff=  1.1345E-05 ( 97, 13)   vdiff=  1.6557E-05 ( 59, 25)
n=  8226   udiff=  1.1338E-05 ( 97, 13)   vdiff=  1.6517E-05 ( 59, 25)
n=  8227   udiff=  1.1339E-05 ( 98, 13)   vdiff=  1.6460E-05 ( 59, 25)
n=  8228   udiff=  1.1327E-05 ( 98, 13)   vdiff=  1.6417E-05 ( 59, 25)
n=  8229   udiff=  1.1324E-05 ( 98, 13)   vdiff=  1.6363E-05 ( 59, 25)
n=  8230   udiff=  1.1308E-05 ( 97, 13)   vdiff=  1.6310E-05 ( 59, 25)
n=  8231   udiff=  1.1286E-05 ( 98, 13)   vdiff=  1.6252E-05 ( 59, 25)
n=  8232   udiff=  1.1280E-05 ( 98, 13)   vdiff=  1.6207E-05 ( 59, 25)
n=  8233   udiff=  1.1270E-05 ( 98, 13)   vdiff=  1.6164E-05 ( 59, 25)
n=  8234   udiff=  1.1270E-05 ( 98, 13)   vdiff=  1.6113E-05 ( 59, 25)
n=  8235   udiff=  1.1259E-05 ( 98, 13)   vdiff=  1.6061E-05 ( 59, 25)
n=  8236   udiff=  1.1226E-05 ( 98, 13)   vdiff=  1.6015E-05 ( 59, 25)
n=  8237   udiff=  1.1228E-05 ( 99, 13)   vdiff=  1.5955E-05 ( 59, 25)
n=  8238   udiff=  1.1223E-05 ( 99, 13)   vdiff=  1.5915E-05 ( 59, 25)
n=  8239   udiff=  1.1212E-05 ( 99, 13)   vdiff=  1.5863E-05 ( 59, 25)
n=  8240   udiff=  1.1195E-05 ( 98, 13)   vdiff=  1.5815E-05 ( 59, 25)
n=  8241   udiff=  1.1174E-05 ( 98, 13)   vdiff=  1.5766E-05 ( 59, 25)
n=  8242   udiff=  1.1175E-05 ( 98, 13)   vdiff=  1.5715E-05 ( 59, 25)
n=  8243   udiff=  1.1167E-05 ( 98, 13)   vdiff=  1.5669E-05 ( 59, 25)
n=  8244   udiff=  1.1159E-05 ( 98, 13)   vdiff=  1.5625E-05 ( 59, 25)
n=  8245   udiff=  1.1143E-05 ( 99, 13)   vdiff=  1.5573E-05 ( 59, 25)
n=  8246   udiff=  1.1129E-05 ( 99, 13)   vdiff=  1.5525E-05 ( 59, 25)
n=  8247   udiff=  1.1122E-05 ( 99, 13)   vdiff=  1.5473E-05 ( 59, 25)
n=  8248   udiff=  1.1114E-05 ( 99, 13)   vdiff=  1.5425E-05 ( 59, 25)
n=  8249   udiff=  1.1106E-05 ( 99, 13)   vdiff=  1.5384E-05 ( 59, 25)
n=  8250   udiff=  1.1088E-05 ( 99, 13)   vdiff=  1.5336E-05 ( 59, 25)
n=  8251   udiff=  1.1087E-05 ( 99, 13)   vdiff=  1.5282E-05 ( 59, 25)
n=  8252   udiff=  1.1075E-05 ( 99, 13)   vdiff=  1.5240E-05 ( 59, 25)
n=  8253   udiff=  1.1046E-05 ( 98, 13)   vdiff=  1.5187E-05 ( 59, 25)
n=  8254   udiff=  1.1040E-05 ( 98, 13)   vdiff=  1.5135E-05 ( 59, 25)
n=  8255   udiff=  1.1033E-05 ( 98, 13)   vdiff=  1.5083E-05 ( 59, 25)
n=  8256   udiff=  1.1013E-05 ( 99, 13)   vdiff=  1.5044E-05 ( 59, 25)
n=  8257   udiff=  1.1008E-05 ( 99, 13)   vdiff=  1.4996E-05 ( 59, 25)
n=  8258   udiff=  1.1010E-05 ( 99, 13)   vdiff=  1.4954E-05 ( 59, 25)
n=  8259   udiff=  1.1002E-05 ( 99, 13)   vdiff=  1.4903E-05 ( 59, 25)
n=  8260   udiff=  1.0990E-05 ( 99, 13)   vdiff=  1.4858E-05 ( 59, 25)
n=  8261   udiff=  1.0979E-05 ( 99, 13)   vdiff=  1.4813E-05 ( 59, 25)
n=  8262   udiff=  1.0972E-05 ( 99, 13)   vdiff=  1.4766E-05 ( 59, 25)
n=  8263   udiff=  1.0965E-05 ( 99, 13)   vdiff=  1.4720E-05 ( 59, 25)
n=  8264   udiff=  1.0927E-05 ( 99, 13)   vdiff=  1.4671E-05 ( 59, 25)
n=  8265   udiff=  1.0918E-05 ( 98, 13)   vdiff=  1.4616E-05 ( 59, 25)
n=  8266   udiff=  1.0911E-05 ( 99, 13)   vdiff=  1.4575E-05 ( 59, 25)
n=  8267   udiff=  1.0897E-05 ( 99, 13)   vdiff=  1.4530E-05 ( 59, 25)
n=  8268   udiff=  1.0890E-05 ( 99, 13)   vdiff=  1.4479E-05 ( 59, 25)
n=  8269   udiff=  1.0882E-05 ( 99, 13)   vdiff=  1.4437E-05 ( 59, 25)
n=  8270   udiff=  1.0873E-05 (100, 13)   vdiff=  1.4391E-05 ( 59, 25)
n=  8271   udiff=  1.0870E-05 (100, 13)   vdiff=  1.4341E-05 ( 59, 25)
n=  8272   udiff=  1.0857E-05 (100, 13)   vdiff=  1.4293E-05 ( 59, 25)
n=  8273   udiff=  1.0857E-05 ( 99, 13)   vdiff=  1.4248E-05 ( 59, 25)
n=  8274   udiff=  1.0851E-05 ( 99, 13)   vdiff=  1.4207E-05 ( 59, 25)
n=  8275   udiff=  1.0810E-05 ( 99, 13)   vdiff=  1.4162E-05 ( 59, 25)
n=  8276   udiff=  1.0799E-05 ( 99, 13)   vdiff=  1.4114E-05 ( 59, 25)
n=  8277   udiff=  1.0782E-05 ( 99, 13)   vdiff=  1.4063E-05 ( 59, 25)
n=  8278   udiff=  1.0784E-05 (100, 13)   vdiff=  1.4025E-05 ( 59, 25)
n=  8279   udiff=  1.0778E-05 (100, 13)   vdiff=  1.3979E-05 ( 59, 25)
n=  8280   udiff=  1.0770E-05 (100, 13)   vdiff=  1.3929E-05 ( 59, 25)
n=  8281   udiff=  1.0761E-05 (100, 13)   vdiff=  1.3892E-05 ( 59, 25)
n=  8282   udiff=  1.0749E-05 (100, 13)   vdiff=  1.3835E-05 ( 59, 25)
n=  8283   udiff=  1.0744E-05 (100, 13)   vdiff=  1.3799E-05 ( 59, 25)
n=  8284   udiff=  1.0738E-05 (100, 13)   vdiff=  1.3745E-05 ( 59, 25)
n=  8285   udiff=  1.0729E-05 (100, 13)   vdiff=  1.3704E-05 ( 59, 25)
n=  8286   udiff=  1.0719E-05 (100, 13)   vdiff=  1.3654E-05 ( 59, 25)
n=  8287   udiff=  1.0679E-05 (100, 13)   vdiff=  1.3613E-05 ( 59, 25)
n=  8288   udiff=  1.0671E-05 (100, 13)   vdiff=  1.3567E-05 ( 59, 25)
n=  8289   udiff=  1.0668E-05 (100, 13)   vdiff=  1.3524E-05 ( 59, 25)
n=  8290   udiff=  1.0662E-05 (100, 13)   vdiff=  1.3477E-05 ( 59, 25)
n=  8291   udiff=  1.0648E-05 (100, 13)   vdiff=  1.3431E-05 ( 59, 25)
n=  8292   udiff=  1.0645E-05 (101, 13)   vdiff=  1.3391E-05 ( 59, 25)
n=  8293   udiff=  1.0636E-05 (100, 13)   vdiff=  1.3345E-05 ( 59, 25)
n=  8294   udiff=  1.0630E-05 (100, 13)   vdiff=  1.3300E-05 ( 59, 25)
n=  8295   udiff=  1.0623E-05 (100, 13)   vdiff=  1.3253E-05 ( 59, 25)
n=  8296   udiff=  1.0610E-05 (101, 13)   vdiff=  1.3207E-05 ( 59, 25)
n=  8297   udiff=  1.0594E-05 (100, 13)   vdiff=  1.3172E-05 ( 59, 25)
n=  8298   udiff=  1.0554E-05 (100, 13)   vdiff=  1.3120E-05 ( 59, 25)
n=  8299   udiff=  1.0555E-05 (101, 13)   vdiff=  1.3077E-05 ( 59, 25)
n=  8300   udiff=  1.0547E-05 (101, 13)   vdiff=  1.3034E-05 ( 59, 25)
n=  8301   udiff=  1.0544E-05 (100, 13)   vdiff=  1.2986E-05 ( 59, 25)
n=  8302   udiff=  1.0536E-05 (100, 13)   vdiff=  1.2943E-05 ( 59, 25)
n=  8303   udiff=  1.0531E-05 (100, 13)   vdiff=  1.2901E-05 ( 59, 25)
n=  8304   udiff=  1.0520E-05 (100, 13)   vdiff=  1.2859E-05 ( 59, 25)
n=  8305   udiff=  1.0512E-05 (100, 13)   vdiff=  1.2814E-05 ( 59, 25)
n=  8306   udiff=  1.0503E-05 (100, 13)   vdiff=  1.2764E-05 ( 59, 25)
n=  8307   udiff=  1.0499E-05 (101, 13)   vdiff=  1.2725E-05 ( 59, 25)
n=  8308   udiff=  1.0492E-05 (101, 13)   vdiff=  1.2679E-05 ( 59, 25)
n=  8309   udiff=  1.0463E-05 (100, 13)   vdiff=  1.2640E-05 ( 59, 25)
n=  8310   udiff=  1.0442E-05 (101, 13)   vdiff=  1.2598E-05 ( 59, 25)
n=  8311   udiff=  1.0428E-05 (101, 13)   vdiff=  1.2556E-05 ( 59, 25)
n=  8312   udiff=  1.0420E-05 (101, 13)   vdiff=  1.2514E-05 ( 59, 25)
n=  8313   udiff=  1.0413E-05 (101, 13)   vdiff=  1.2471E-05 ( 59, 25)
n=  8314   udiff=  1.0403E-05 (101, 13)   vdiff=  1.2429E-05 ( 59, 25)
n=  8315   udiff=  1.0403E-05 (101, 13)   vdiff=  1.2389E-05 ( 59, 25)
n=  8316   udiff=  1.0398E-05 (101, 13)   vdiff=  1.2343E-05 ( 59, 25)
n=  8317   udiff=  1.0392E-05 (101, 13)   vdiff=  1.2300E-05 ( 59, 25)
n=  8318   udiff=  1.0384E-05 (101, 13)   vdiff=  1.2261E-05 ( 59, 25)
n=  8319   udiff=  1.0370E-05 (101, 13)   vdiff=  1.2218E-05 ( 59, 25)
n=  8320   udiff=  1.0359E-05 (101, 13)   vdiff=  1.2179E-05 ( 59, 25)
n=  8321   udiff=  1.0345E-05 (101, 13)   vdiff=  1.2137E-05 ( 59, 25)
n=  8322   udiff=  1.0319E-05 (102, 13)   vdiff=  1.2088E-05 ( 59, 25)
n=  8323   udiff=  1.0312E-05 (101, 13)   vdiff=  1.2046E-05 ( 59, 25)
n=  8324   udiff=  1.0305E-05 (101, 13)   vdiff=  1.2005E-05 ( 59, 25)
n=  8325   udiff=  1.0296E-05 (101, 13)   vdiff=  1.1963E-05 ( 59, 25)
n=  8326   udiff=  1.0290E-05 (102, 13)   vdiff=  1.1917E-05 ( 59, 25)
n=  8327   udiff=  1.0275E-05 (101, 13)   vdiff=  1.1871E-05 ( 59, 25)
n=  8328   udiff=  1.0267E-05 (101, 13)   vdiff=  1.1835E-05 ( 59, 25)
n=  8329   udiff=  1.0258E-05 (102, 13)   vdiff=  1.1792E-05 ( 59, 25)
n=  8330   udiff=  1.0256E-05 (101, 13)   vdiff=  1.1753E-05 ( 59, 25)
n=  8331   udiff=  1.0245E-05 (101, 13)   vdiff=  1.1715E-05 ( 59, 25)
n=  8332   udiff=  1.0234E-05 (101, 13)   vdiff=  1.1675E-05 ( 59, 25)
n=  8333   udiff=  1.0221E-05 (101, 13)   vdiff=  1.1635E-05 ( 59, 25)
n=  8334   udiff=  1.0189E-05 (102, 13)   vdiff=  1.1590E-05 ( 59, 25)
n=  8335   udiff=  1.0183E-05 (102, 13)   vdiff=  1.1552E-05 ( 59, 25)
n=  8336   udiff=  1.0177E-05 (102, 13)   vdiff=  1.1503E-05 ( 59, 25)
n=  8337   udiff=  1.0176E-05 (102, 13)   vdiff=  1.1465E-05 ( 59, 25)
n=  8338   udiff=  1.0170E-05 (102, 13)   vdiff=  1.1423E-05 ( 59, 25)
n=  8339   udiff=  1.0165E-05 (102, 13)   vdiff=  1.1384E-05 ( 55, 26)
n=  8340   udiff=  1.0151E-05 (102, 13)   vdiff=  1.1362E-05 ( 55, 26)
n=  8341   udiff=  1.0139E-05 (102, 13)   vdiff=  1.1348E-05 ( 55, 26)
n=  8342   udiff=  1.0127E-05 (101, 13)   vdiff=  1.1332E-05 ( 55, 26)
n=  8343   udiff=  1.0115E-05 (102, 13)   vdiff=  1.1297E-05 ( 55, 26)
n=  8344   udiff=  1.0110E-05 (102, 13)   vdiff=  1.1279E-05 ( 55, 26)
n=  8345   udiff=  1.0085E-05 (101, 13)   vdiff=  1.1257E-05 ( 55, 26)
n=  8346   udiff=  1.0066E-05 (102, 13)   vdiff=  1.1236E-05 ( 55, 26)
n=  8347   udiff=  1.0061E-05 (102, 13)   vdiff=  1.1221E-05 ( 55, 26)
n=  8348   udiff=  1.0052E-05 (102, 13)   vdiff=  1.1201E-05 ( 55, 26)
n=  8349   udiff=  1.0045E-05 (102, 13)   vdiff=  1.1186E-05 ( 55, 26)
n=  8350   udiff=  1.0041E-05 (102, 13)   vdiff=  1.1160E-05 ( 55, 26)
n=  8351   udiff=  1.0030E-05 (102, 13)   vdiff=  1.1151E-05 ( 55, 26)
n=  8352   udiff=  1.0023E-05 (102, 13)   vdiff=  1.1120E-05 ( 55, 26)
n=  8353   udiff=  1.0022E-05 (102, 13)   vdiff=  1.1106E-05 ( 55, 26)
n=  8354   udiff=  1.0014E-05 (102, 13)   vdiff=  1.1084E-05 ( 55, 26)
n=  8355   udiff=  1.0000E-05 (102, 13)   vdiff=  1.1066E-05 ( 55, 26)
n=  8356   udiff=  9.9919E-06 (102, 13)   vdiff=  1.1046E-05 ( 55, 26)
n=  8357   udiff=  9.9627E-06 (101, 13)   vdiff=  1.1037E-05 ( 55, 26)
n=  8358   udiff=  9.9415E-06 (103, 13)   vdiff=  1.1019E-05 ( 55, 26)
n=  8359   udiff=  9.9300E-06 (103, 13)   vdiff=  1.1004E-05 ( 55, 26)
n=  8360   udiff=  9.9229E-06 (103, 13)   vdiff=  1.0978E-05 ( 55, 26)
n=  8361   udiff=  9.9178E-06 (103, 13)   vdiff=  1.0959E-05 ( 55, 26)
n=  8362   udiff=  9.9142E-06 (102, 13)   vdiff=  1.0943E-05 ( 55, 26)
n=  8363   udiff=  9.9055E-06 (102, 13)   vdiff=  1.0923E-05 ( 55, 26)
n=  8364   udiff=  9.8992E-06 (102, 13)   vdiff=  1.0900E-05 ( 55, 26)
n=  8365   udiff=  9.8894E-06 (102, 13)   vdiff=  1.0872E-05 ( 55, 26)
n=  8366   udiff=  9.8849E-06 (102, 13)   vdiff=  1.0863E-05 ( 55, 26)
n=  8367   udiff=  9.8780E-06 (102, 13)   vdiff=  1.0834E-05 ( 55, 26)
n=  8368   udiff=  9.8630E-06 (102, 13)   vdiff=  1.0813E-05 ( 55, 26)
n=  8369   udiff=  9.8510E-06 (102, 13)   vdiff=  1.0801E-05 ( 55, 26)
n=  8370   udiff=  9.8202E-06 (103, 13)   vdiff=  1.0777E-05 ( 55, 26)
n=  8371   udiff=  9.8093E-06 (103, 13)   vdiff=  1.0766E-05 ( 55, 26)
n=  8372   udiff=  9.8044E-06 (103, 13)   vdiff=  1.0754E-05 ( 55, 26)
n=  8373   udiff=  9.7960E-06 (103, 13)   vdiff=  1.0725E-05 ( 55, 26)
n=  8374   udiff=  9.7869E-06 (103, 13)   vdiff=  1.0706E-05 ( 55, 26)
n=  8375   udiff=  9.7828E-06 (103, 13)   vdiff=  1.0685E-05 ( 55, 26)
n=  8376   udiff=  9.7747E-06 (103, 13)   vdiff=  1.0665E-05 ( 55, 26)
n=  8377   udiff=  9.7572E-06 (103, 13)   vdiff=  1.0647E-05 ( 55, 26)
n=  8378   udiff=  9.7590E-06 (103, 13)   vdiff=  1.0619E-05 ( 55, 26)
n=  8379   udiff=  9.7515E-06 (103, 13)   vdiff=  1.0615E-05 ( 55, 26)
n=  8380   udiff=  9.7453E-06 (103, 13)   vdiff=  1.0599E-05 ( 55, 26)
n=  8381   udiff=  9.7402E-06 (103, 13)   vdiff=  1.0571E-05 ( 55, 26)
n=  8382   udiff=  9.7098E-06 (102, 13)   vdiff=  1.0555E-05 ( 55, 26)
n=  8383   udiff=  9.6782E-06 (103, 13)   vdiff=  1.0537E-05 ( 55, 26)
n=  8384   udiff=  9.6740E-06 (103, 13)   vdiff=  1.0506E-05 ( 55, 26)
n=  8385   udiff=  9.6673E-06 (103, 13)   vdiff=  1.0506E-05 ( 55, 26)
n=  8386   udiff=  9.6680E-06 (103, 13)   vdiff=  1.0488E-05 ( 55, 26)
n=  8387   udiff=  9.6604E-06 (103, 13)   vdiff=  1.0456E-05 ( 55, 26)
n=  8388   udiff=  9.6490E-06 (103, 13)   vdiff=  1.0440E-05 ( 55, 26)
n=  8389   udiff=  9.6422E-06 (103, 13)   vdiff=  1.0419E-05 ( 55, 26)
n=  8390   udiff=  9.6349E-06 (103, 13)   vdiff=  1.0390E-05 ( 55, 26)
n=  8391   udiff=  9.6289E-06 (103, 13)   vdiff=  1.0387E-05 ( 55, 26)
n=  8392   udiff=  9.6193E-06 (103, 13)   vdiff=  1.0365E-05 ( 55, 26)
n=  8393   udiff=  9.6056E-06 (103, 13)   vdiff=  1.0348E-05 ( 55, 26)
n=  8394   udiff=  9.5917E-06 (103, 13)   vdiff=  1.0318E-05 ( 55, 26)
n=  8395   udiff=  9.5940E-06 (103, 13)   vdiff=  1.0317E-05 ( 55, 26)
n=  8396   udiff=  9.5686E-06 (104, 13)   vdiff=  1.0292E-05 ( 55, 26)
n=  8397   udiff=  9.5406E-06 (103, 13)   vdiff=  1.0271E-05 ( 55, 26)
n=  8398   udiff=  9.5337E-06 (103, 13)   vdiff=  1.0245E-05 ( 55, 26)
n=  8399   udiff=  9.5268E-06 (103, 13)   vdiff=  1.0236E-05 ( 55, 26)
n=  8400   udiff=  9.5141E-06 (103, 13)   vdiff=  1.0208E-05 ( 55, 26)
n=  8401   udiff=  9.5084E-06 (103, 13)   vdiff=  1.0188E-05 ( 55, 26)
n=  8402   udiff=  9.5015E-06 (103, 13)   vdiff=  1.0170E-05 ( 55, 26)
n=  8403   udiff=  9.5036E-06 (103, 13)   vdiff=  1.0164E-05 ( 55, 26)
n=  8404   udiff=  9.4960E-06 (103, 13)   vdiff=  1.0139E-05 ( 55, 26)
n=  8405   udiff=  9.4865E-06 (103, 13)   vdiff=  1.0116E-05 ( 55, 26)
n=  8406   udiff=  9.4737E-06 (103, 13)   vdiff=  1.0100E-05 ( 55, 26)
n=  8407   udiff=  9.4641E-06 (103, 13)   vdiff=  1.0077E-05 ( 55, 26)
n=  8408   udiff=  9.4597E-06 (103, 13)   vdiff=  1.0060E-05 ( 55, 26)
n=  8409   udiff=  9.4330E-06 (104, 13)   vdiff=  1.0036E-05 ( 55, 26)
n=  8410   udiff=  9.4258E-06 (104, 13)   vdiff=  1.0029E-05 ( 55, 26)
n=  8411   udiff=  9.4202E-06 (104, 13)   vdiff=  1.0001E-05 ( 55, 26)
n=  8412   udiff=  9.3879E-06 (104, 13)   vdiff=  9.9821E-06 ( 55, 26)
n=  8413   udiff=  9.3802E-06 (104, 13)   vdiff=  9.9777E-06 ( 55, 26)
n=  8414   udiff=  9.3773E-06 (104, 13)   vdiff=  9.9540E-06 ( 55, 26)
n=  8415   udiff=  9.3692E-06 (104, 13)   vdiff=  9.9244E-06 ( 55, 26)
n=  8416   udiff=  9.3629E-06 (104, 13)   vdiff=  9.9187E-06 ( 55, 26)
n=  8417   udiff=  9.3567E-06 (104, 13)   vdiff=  9.8956E-06 ( 55, 26)
n=  8418   udiff=  9.3406E-06 (103, 13)   vdiff=  9.8763E-06 ( 55, 26)
n=  8419   udiff=  9.3325E-06 (103, 13)   vdiff=  9.8582E-06 ( 55, 26)
n=  8420   udiff=  9.3255E-06 (103, 13)   vdiff=  9.8301E-06 ( 55, 26)
n=  8421   udiff=  9.3268E-06 (103, 13)   vdiff=  9.8128E-06 ( 55, 26)
n=  8422   udiff=  9.3092E-06 (103, 13)   vdiff=  9.8019E-06 ( 55, 26)
n=  8423   udiff=  9.2954E-06 (104, 13)   vdiff=  9.7753E-06 ( 55, 26)
n=  8424   udiff=  9.2811E-06 (104, 13)   vdiff=  9.7532E-06 ( 55, 26)
n=  8425   udiff=  9.2725E-06 (104, 13)   vdiff=  9.7448E-06 ( 55, 26)
n=  8426   udiff=  9.2404E-06 (103, 13)   vdiff=  9.7241E-06 ( 55, 26)
n=  8427   udiff=  9.2367E-06 (103, 13)   vdiff=  9.7073E-06 ( 55, 26)
n=  8428   udiff=  9.2284E-06 (104, 13)   vdiff=  9.6855E-06 ( 55, 26)
n=  8429   udiff=  9.2208E-06 (104, 13)   vdiff=  9.6599E-06 ( 55, 26)
n=  8430   udiff=  9.2193E-06 (104, 13)   vdiff=  9.6537E-06 ( 55, 26)
n=  8431   udiff=  9.2118E-06 (104, 13)   vdiff=  9.6367E-06 ( 55, 26)
n=  8432   udiff=  9.2032E-06 (104, 13)   vdiff=  9.6146E-06 ( 55, 26)
n=  8433   udiff=  9.1988E-06 (104, 13)   vdiff=  9.5926E-06 ( 55, 26)
n=  8434   udiff=  9.1898E-06 (104, 13)   vdiff=  9.5694E-06 ( 55, 26)
n=  8435   udiff=  9.1671E-06 (104, 13)   vdiff=  9.5637E-06 ( 55, 26)
n=  8436   udiff=  9.1509E-06 (104, 13)   vdiff=  9.5412E-06 ( 55, 26)
n=  8437   udiff=  9.1440E-06 (104, 13)   vdiff=  9.5220E-06 ( 55, 26)
n=  8438   udiff=  9.1325E-06 (104, 13)   vdiff=  9.4994E-06 ( 55, 26)
n=  8439   udiff=  9.1318E-06 (104, 13)   vdiff=  9.4907E-06 ( 55, 26)
n=  8440   udiff=  9.1270E-06 (104, 13)   vdiff=  9.4669E-06 ( 55, 26)
n=  8441   udiff=  9.0915E-06 (104, 13)   vdiff=  9.4551E-06 ( 55, 26)
n=  8442   udiff=  9.0831E-06 (105, 13)   vdiff=  9.4221E-06 ( 56, 26)
n=  8443   udiff=  9.0753E-06 (105, 13)   vdiff=  9.4095E-06 ( 56, 26)
n=  8444   udiff=  9.0653E-06 (104, 13)   vdiff=  9.3972E-06 ( 55, 26)
n=  8445   udiff=  9.0606E-06 (104, 13)   vdiff=  9.3877E-06 ( 56, 26)
n=  8446   udiff=  9.0534E-06 (104, 13)   vdiff=  9.3711E-06 ( 56, 26)
n=  8447   udiff=  9.0461E-06 (105, 13)   vdiff=  9.3706E-06 ( 56, 26)
n=  8448   udiff=  9.0466E-06 (104, 13)   vdiff=  9.3533E-06 ( 56, 26)
n=  8449   udiff=  9.0401E-06 (105, 13)   vdiff=  9.3463E-06 ( 56, 26)
n=  8450   udiff=  9.0144E-06 (104, 13)   vdiff=  9.3278E-06 ( 56, 26)
n=  8451   udiff=  9.0063E-06 (104, 13)   vdiff=  9.3320E-06 ( 56, 26)
n=  8452   udiff=  8.9989E-06 (104, 13)   vdiff=  9.3110E-06 ( 56, 26)
n=  8453   udiff=  8.9818E-06 (104, 13)   vdiff=  9.3141E-06 ( 56, 26)
n=  8454   udiff=  8.9765E-06 (104, 13)   vdiff=  9.2887E-06 ( 56, 26)
n=  8455   udiff=  8.9464E-06 (105, 13)   vdiff=  9.2897E-06 ( 56, 26)
n=  8456   udiff=  8.9388E-06 (105, 13)   vdiff=  9.2718E-06 ( 56, 26)
n=  8457   udiff=  8.9273E-06 (105, 13)   vdiff=  9.2679E-06 ( 56, 26)
n=  8458   udiff=  8.9248E-06 (105, 13)   vdiff=  9.2495E-06 ( 56, 26)
n=  8459   udiff=  8.9181E-06 (105, 13)   vdiff=  9.2468E-06 ( 56, 26)
n=  8460   udiff=  8.9101E-06 (105, 13)   vdiff=  9.2334E-06 ( 56, 26)
n=  8461   udiff=  8.9020E-06 (105, 13)   vdiff=  9.2275E-06 ( 56, 26)
n=  8462   udiff=  8.8978E-06 (105, 13)   vdiff=  9.2072E-06 ( 56, 26)
n=  8463   udiff=  8.8866E-06 (105, 13)   vdiff=  9.2006E-06 ( 56, 26)
n=  8464   udiff=  8.8782E-06 (105, 13)   vdiff=  9.2037E-06 ( 56, 26)
n=  8465   udiff=  8.8542E-06 (104, 13)   vdiff=  9.1863E-06 ( 56, 26)
n=  8466   udiff=  8.8476E-06 (104, 13)   vdiff=  9.1806E-06 ( 56, 26)
n=  8467   udiff=  8.8449E-06 (104, 13)   vdiff=  9.1614E-06 ( 56, 26)
n=  8468   udiff=  8.8355E-06 (104, 13)   vdiff=  9.1544E-06 ( 56, 26)
n=  8469   udiff=  8.8183E-06 (105, 13)   vdiff=  9.1431E-06 ( 56, 26)
n=  8470   udiff=  8.8099E-06 (105, 13)   vdiff=  9.1374E-06 ( 56, 26)
n=  8471   udiff=  8.7866E-06 (105, 13)   vdiff=  9.1148E-06 ( 56, 26)
n=  8472   udiff=  8.7785E-06 (105, 13)   vdiff=  9.1160E-06 ( 56, 26)
n=  8473   udiff=  8.7728E-06 (105, 13)   vdiff=  9.0950E-06 ( 56, 26)
n=  8474   udiff=  8.7612E-06 (105, 13)   vdiff=  9.0933E-06 ( 56, 26)
n=  8475   udiff=  8.7545E-06 (105, 13)   vdiff=  9.0868E-06 ( 56, 26)
n=  8476   udiff=  8.7421E-06 (105, 13)   vdiff=  9.0647E-06 ( 56, 26)
n=  8477   udiff=  8.7338E-06 (105, 13)   vdiff=  9.0603E-06 ( 56, 26)
n=  8478   udiff=  8.7355E-06 (105, 13)   vdiff=  9.0454E-06 ( 56, 26)
n=  8479   udiff=  8.7297E-06 (105, 13)   vdiff=  9.0425E-06 ( 56, 26)
n=  8480   udiff=  8.7192E-06 (105, 13)   vdiff=  9.0265E-06 ( 56, 26)
n=  8481   udiff=  8.6866E-06 (104, 13)   vdiff=  9.0155E-06 ( 56, 26)
n=  8482   udiff=  8.6770E-06 (104, 13)   vdiff=  9.0121E-06 ( 56, 26)
n=  8483   udiff=  8.6714E-06 (104, 13)   vdiff=  8.9974E-06 ( 56, 26)
n=  8484   udiff=  8.6591E-06 (106, 13)   vdiff=  8.9904E-06 ( 56, 26)
n=  8485   udiff=  8.6488E-06 (105, 13)   vdiff=  8.9735E-06 ( 56, 26)
n=  8486   udiff=  8.6426E-06 (105, 13)   vdiff=  8.9624E-06 ( 56, 26)
n=  8487   udiff=  8.6364E-06 (105, 13)   vdiff=  8.9473E-06 ( 56, 26)
n=  8488   udiff=  8.6281E-06 (105, 13)   vdiff=  8.9434E-06 ( 56, 26)
n=  8489   udiff=  8.6092E-06 (105, 13)   vdiff=  8.9397E-06 ( 56, 26)
n=  8490   udiff=  8.6026E-06 (105, 13)   vdiff=  8.9236E-06 ( 56, 26)
n=  8491   udiff=  8.5921E-06 (105, 13)   vdiff=  8.9115E-06 ( 56, 26)
n=  8492   udiff=  8.5817E-06 (105, 13)   vdiff=  8.8963E-06 ( 56, 26)
n=  8493   udiff=  8.5743E-06 (105, 13)   vdiff=  8.8877E-06 ( 56, 26)
n=  8494   udiff=  8.5671E-06 (105, 13)   vdiff=  8.8818E-06 ( 56, 26)
n=  8495   udiff=  8.5554E-06 (105, 13)   vdiff=  8.8686E-06 ( 56, 26)
n=  8496   udiff=  8.5265E-06 (106, 13)   vdiff=  8.8645E-06 ( 56, 26)
n=  8497   udiff=  8.5258E-06 (106, 13)   vdiff=  8.8501E-06 ( 56, 26)
n=  8498   udiff=  8.5135E-06 (106, 13)   vdiff=  8.8284E-06 ( 56, 26)
n=  8499   udiff=  8.5053E-06 (106, 13)   vdiff=  8.8306E-06 ( 56, 26)
n=  8500   udiff=  8.5012E-06 (106, 13)   vdiff=  8.8116E-06 ( 56, 26)
n=  8501   udiff=  8.4923E-06 (106, 13)   vdiff=  8.8054E-06 ( 56, 26)
n=  8502   udiff=  8.4824E-06 (106, 13)   vdiff=  8.7985E-06 ( 56, 26)
n=  8503   udiff=  8.4641E-06 (105, 13)   vdiff=  8.7764E-06 ( 56, 26)
n=  8504   udiff=  8.4567E-06 (105, 13)   vdiff=  8.7714E-06 ( 56, 26)
n=  8505   udiff=  8.4472E-06 (105, 13)   vdiff=  8.7654E-06 ( 56, 26)
n=  8506   udiff=  8.4361E-06 (105, 13)   vdiff=  8.7473E-06 ( 56, 26)
n=  8507   udiff=  8.4383E-06 (105, 13)   vdiff=  8.7413E-06 ( 56, 26)
n=  8508   udiff=  8.4202E-06 (106, 13)   vdiff=  8.7384E-06 ( 56, 26)
n=  8509   udiff=  8.4126E-06 (105, 13)   vdiff=  8.7137E-06 ( 56, 26)
n=  8510   udiff=  8.4043E-06 (105, 13)   vdiff=  8.7038E-06 ( 56, 26)
n=  8511   udiff=  8.3756E-06 (106, 13)   vdiff=  8.6978E-06 ( 56, 26)
n=  8512   udiff=  8.3663E-06 (106, 13)   vdiff=  8.6836E-06 ( 56, 26)
n=  8513   udiff=  8.3573E-06 (106, 13)   vdiff=  8.6750E-06 ( 56, 26)
n=  8514   udiff=  8.3496E-06 (106, 13)   vdiff=  8.6700E-06 ( 56, 26)
n=  8515   udiff=  8.3390E-06 (106, 13)   vdiff=  8.6496E-06 ( 56, 26)
n=  8516   udiff=  8.3339E-06 (106, 13)   vdiff=  8.6352E-06 ( 56, 26)
n=  8517   udiff=  8.3260E-06 (106, 13)   vdiff=  8.6319E-06 ( 56, 26)
n=  8518   udiff=  8.3221E-06 (106, 13)   vdiff=  8.6124E-06 ( 56, 26)
n=  8519   udiff=  8.3147E-06 (106, 13)   vdiff=  8.6062E-06 ( 56, 26)
n=  8520   udiff=  8.2908E-06 (105, 13)   vdiff=  8.6013E-06 ( 56, 26)
n=  8521   udiff=  8.2837E-06 (105, 13)   vdiff=  8.5830E-06 ( 56, 26)
n=  8522   udiff=  8.2714E-06 (105, 13)   vdiff=  8.5781E-06 ( 56, 26)
n=  8523   udiff=  8.2647E-06 (105, 13)   vdiff=  8.5666E-06 ( 56, 26)
n=  8524   udiff=  8.2560E-06 (105, 13)   vdiff=  8.5489E-06 ( 56, 26)
n=  8525   udiff=  8.2487E-06 (105, 13)   vdiff=  8.5389E-06 ( 56, 26)
n=  8526   udiff=  8.2383E-06 (105, 13)   vdiff=  8.5325E-06 ( 56, 26)
n=  8527   udiff=  8.2158E-06 (106, 13)   vdiff=  8.5289E-06 ( 56, 26)
n=  8528   udiff=  8.2117E-06 (106, 13)   vdiff=  8.5090E-06 ( 56, 26)
n=  8529   udiff=  8.2052E-06 (106, 13)   vdiff=  8.4998E-06 ( 56, 26)
n=  8530   udiff=  8.1913E-06 (106, 13)   vdiff=  8.4946E-06 ( 56, 26)
n=  8531   udiff=  8.1801E-06 (106, 13)   vdiff=  8.4649E-06 ( 56, 26)
n=  8532   udiff=  8.1709E-06 (106, 13)   vdiff=  8.4618E-06 ( 56, 26)
n=  8533   udiff=  8.1611E-06 (106, 13)   vdiff=  8.4537E-06 ( 56, 26)
n=  8534   udiff=  8.1541E-06 (106, 13)   vdiff=  8.4496E-06 ( 56, 26)
n=  8535   udiff=  8.1443E-06 (106, 13)   vdiff=  8.4264E-06 ( 56, 26)
n=  8536   udiff=  8.1155E-06 (105, 13)   vdiff=  8.4189E-06 ( 56, 26)
n=  8537   udiff=  8.1090E-06 (105, 13)   vdiff=  8.4141E-06 ( 56, 26)
n=  8538   udiff=  8.1072E-06 (106, 13)   vdiff=  8.4060E-06 ( 56, 26)
n=  8539   udiff=  8.0999E-06 (105, 13)   vdiff=  8.3857E-06 ( 56, 26)
n=  8540   udiff=  8.0900E-06 (106, 13)   vdiff=  8.3690E-06 ( 56, 26)
n=  8541   udiff=  8.0825E-06 (106, 13)   vdiff=  8.3637E-06 ( 56, 26)
n=  8542   udiff=  8.0682E-06 (106, 13)   vdiff=  8.3558E-06 ( 56, 26)
n=  8543   udiff=  8.0601E-06 (106, 13)   vdiff=  8.3400E-06 ( 56, 26)
n=  8544   udiff=  8.0460E-06 (106, 13)   vdiff=  8.3308E-06 ( 56, 26)
n=  8545   udiff=  8.0333E-06 (106, 13)   vdiff=  8.3232E-06 ( 56, 26)
n=  8546   udiff=  8.0256E-06 (106, 13)   vdiff=  8.3193E-06 ( 56, 26)
n=  8547   udiff=  8.0169E-06 (106, 13)   vdiff=  8.2971E-06 ( 56, 26)
n=  8548   udiff=  8.0113E-06 (106, 13)   vdiff=  8.2921E-06 ( 56, 26)
n=  8549   udiff=  8.0091E-06 (106, 13)   vdiff=  8.2868E-06 ( 56, 26)
n=  8550   udiff=  7.9937E-06 (106, 13)   vdiff=  8.2707E-06 ( 56, 26)
n=  8551   udiff=  7.9850E-06 (106, 13)   vdiff=  8.2486E-06 ( 56, 26)
n=  8552   udiff=  7.9596E-06 (107, 13)   vdiff=  8.2407E-06 ( 56, 26)
n=  8553   udiff=  7.9473E-06 (107, 13)   vdiff=  8.2316E-06 ( 56, 26)
n=  8554   udiff=  7.9326E-06 (105, 13)   vdiff=  8.2239E-06 ( 56, 26)
n=  8555   udiff=  7.9261E-06 (106, 13)   vdiff=  8.2134E-06 ( 56, 26)
n=  8556   udiff=  7.9193E-06 (106, 13)   vdiff=  8.1941E-06 ( 56, 26)
n=  8557   udiff=  7.9119E-06 (106, 13)   vdiff=  8.1851E-06 ( 56, 26)
n=  8558   udiff=  7.8999E-06 (107, 13)   vdiff=  8.1751E-06 ( 56, 26)
n=  8559   udiff=  7.8881E-06 (107, 13)   vdiff=  8.1724E-06 ( 56, 26)
n=  8560   udiff=  7.8866E-06 (106, 13)   vdiff=  8.1640E-06 ( 56, 26)
n=  8561   udiff=  7.8706E-06 (106, 13)   vdiff=  8.1412E-06 ( 56, 26)
n=  8562   udiff=  7.8600E-06 (106, 13)   vdiff=  8.1359E-06 ( 56, 26)
n=  8563   udiff=  7.8522E-06 (106, 13)   vdiff=  8.1204E-06 ( 56, 26)
n=  8564   udiff=  7.8447E-06 (106, 13)   vdiff=  8.1153E-06 ( 56, 26)
n=  8565   udiff=  7.8396E-06 (106, 13)   vdiff=  8.1052E-06 ( 56, 26)
n=  8566   udiff=  7.8284E-06 (106, 13)   vdiff=  8.0964E-06 ( 56, 26)
n=  8567   udiff=  7.8204E-06 (106, 13)   vdiff=  8.0655E-06 ( 56, 26)
n=  8568   udiff=  7.8137E-06 (106, 13)   vdiff=  8.0608E-06 ( 56, 26)
n=  8569   udiff=  7.7900E-06 (107, 13)   vdiff=  8.0508E-06 ( 56, 26)
n=  8570   udiff=  7.7736E-06 (107, 13)   vdiff=  8.0421E-06 ( 56, 26)
n=  8571   udiff=  7.7658E-06 (107, 13)   vdiff=  8.0332E-06 ( 56, 26)
n=  8572   udiff=  7.7581E-06 (107, 13)   vdiff=  8.0276E-06 ( 56, 26)
n=  8573   udiff=  7.7566E-06 (107, 13)   vdiff=  8.0061E-06 ( 56, 26)
n=  8574   udiff=  7.7334E-06 (107, 13)   vdiff=  7.9961E-06 ( 56, 26)
n=  8575   udiff=  7.7263E-06 (107, 13)   vdiff=  7.9885E-06 ( 56, 26)
n=  8576   udiff=  7.7182E-06 (107, 13)   vdiff=  7.9804E-06 ( 56, 26)
n=  8577   udiff=  7.7106E-06 (107, 13)   vdiff=  7.9700E-06 ( 56, 26)
n=  8578   udiff=  7.7029E-06 (107, 13)   vdiff=  7.9606E-06 ( 56, 26)
n=  8579   udiff=  7.6815E-06 (106, 13)   vdiff=  7.9544E-06 ( 56, 26)
n=  8580   udiff=  7.6714E-06 (106, 13)   vdiff=  7.9253E-06 ( 56, 26)
n=  8581   udiff=  7.6637E-06 (106, 13)   vdiff=  7.9199E-06 ( 56, 26)
n=  8582   udiff=  7.6631E-06 (106, 13)   vdiff=  7.9105E-06 ( 56, 26)
n=  8583   udiff=  7.6568E-06 (106, 13)   vdiff=  7.8963E-06 ( 56, 26)
n=  8584   udiff=  7.6469E-06 (106, 13)   vdiff=  7.8855E-06 ( 56, 26)
n=  8585   udiff=  7.6383E-06 (106, 13)   vdiff=  7.8734E-06 ( 56, 26)
n=  8586   udiff=  7.6210E-06 (107, 13)   vdiff=  7.8683E-06 ( 56, 26)
n=  8587   udiff=  7.6120E-06 (107, 13)   vdiff=  7.8566E-06 ( 56, 26)
n=  8588   udiff=  7.5943E-06 (107, 13)   vdiff=  7.8350E-06 ( 56, 26)
n=  8589   udiff=  7.5875E-06 (107, 13)   vdiff=  7.8252E-06 ( 56, 26)
n=  8590   udiff=  7.5766E-06 (107, 13)   vdiff=  7.8123E-06 ( 56, 26)
n=  8591   udiff=  7.5704E-06 (107, 13)   vdiff=  7.8043E-06 ( 56, 26)
n=  8592   udiff=  7.5602E-06 (107, 13)   vdiff=  7.7971E-06 ( 56, 26)
n=  8593   udiff=  7.5535E-06 (107, 13)   vdiff=  7.7851E-06 ( 56, 26)
n=  8594   udiff=  7.5425E-06 (107, 13)   vdiff=  7.7776E-06 ( 56, 26)
n=  8595   udiff=  7.5226E-06 (107, 13)   vdiff=  7.7622E-06 ( 56, 26)
n=  8596   udiff=  7.5225E-06 (107, 13)   vdiff=  7.7554E-06 ( 56, 26)
n=  8597   udiff=  7.4927E-06 (106, 13)   vdiff=  7.7437E-06 ( 56, 26)
n=  8598   udiff=  7.4852E-06 (106, 13)   vdiff=  7.7344E-06 ( 56, 26)
n=  8599   udiff=  7.4766E-06 (106, 13)   vdiff=  7.7266E-06 ( 56, 26)
n=  8600   udiff=  7.4701E-06 (106, 13)   vdiff=  7.6984E-06 ( 56, 26)
n=  8601   udiff=  7.4607E-06 (107, 13)   vdiff=  7.6876E-06 ( 56, 26)
n=  8602   udiff=  7.4531E-06 (106, 13)   vdiff=  7.6837E-06 ( 56, 26)
n=  8603   udiff=  7.4384E-06 (107, 13)   vdiff=  7.6731E-06 ( 56, 26)
n=  8604   udiff=  7.4315E-06 (107, 13)   vdiff=  7.6639E-06 ( 56, 26)
n=  8605   udiff=  7.4235E-06 (107, 13)   vdiff=  7.6488E-06 ( 56, 26)
n=  8606   udiff=  7.4139E-06 (107, 13)   vdiff=  7.6400E-06 ( 56, 26)
n=  8607   udiff=  7.4051E-06 (107, 13)   vdiff=  7.6258E-06 ( 56, 26)
n=  8608   udiff=  7.3959E-06 (107, 13)   vdiff=  7.6168E-06 ( 56, 26)
n=  8609   udiff=  7.3881E-06 (107, 13)   vdiff=  7.6088E-06 ( 56, 26)
n=  8610   udiff=  7.3776E-06 (107, 13)   vdiff=  7.5924E-06 ( 56, 26)
n=  8611   udiff=  7.3694E-06 (107, 13)   vdiff=  7.5840E-06 ( 56, 26)
n=  8612   udiff=  7.3645E-06 (107, 13)   vdiff=  7.5752E-06 ( 56, 26)
n=  8613   udiff=  7.3546E-06 (107, 13)   vdiff=  7.5689E-06 ( 56, 26)
n=  8614   udiff=  7.3442E-06 (107, 13)   vdiff=  7.5514E-06 ( 56, 26)
n=  8615   udiff=  7.3114E-06 (106, 13)   vdiff=  7.5395E-06 ( 56, 26)
n=  8616   udiff=  7.2947E-06 (107, 13)   vdiff=  7.5308E-06 ( 56, 26)
n=  8617   udiff=  7.2907E-06 (106, 13)   vdiff=  7.5209E-06 ( 56, 26)
n=  8618   udiff=  7.2848E-06 (106, 13)   vdiff=  7.5080E-06 ( 56, 26)
n=  8619   udiff=  7.2782E-06 (107, 13)   vdiff=  7.4971E-06 ( 56, 26)
n=  8620   udiff=  7.2629E-06 (107, 13)   vdiff=  7.4903E-06 ( 56, 26)
n=  8621   udiff=  7.2555E-06 (107, 13)   vdiff=  7.4744E-06 ( 56, 26)
n=  8622   udiff=  7.2480E-06 (108, 13)   vdiff=  7.4642E-06 ( 56, 26)
n=  8623   udiff=  7.2400E-06 (108, 13)   vdiff=  7.4508E-06 ( 56, 26)
n=  8624   udiff=  7.2324E-06 (107, 13)   vdiff=  7.4413E-06 ( 56, 26)
n=  8625   udiff=  7.2243E-06 (108, 13)   vdiff=  7.4259E-06 ( 56, 26)
n=  8626   udiff=  7.2155E-06 (108, 13)   vdiff=  7.4243E-06 ( 56, 26)
n=  8627   udiff=  7.1969E-06 (107, 13)   vdiff=  7.4108E-06 ( 56, 26)
n=  8628   udiff=  7.1902E-06 (107, 13)   vdiff=  7.3991E-06 ( 56, 26)
n=  8629   udiff=  7.1799E-06 (107, 13)   vdiff=  7.3845E-06 ( 56, 26)
n=  8630   udiff=  7.1730E-06 (107, 13)   vdiff=  7.3726E-06 ( 56, 26)
n=  8631   udiff=  7.1703E-06 (107, 13)   vdiff=  7.3661E-06 ( 56, 26)
n=  8632   udiff=  7.1639E-06 (107, 13)   vdiff=  7.3555E-06 ( 56, 26)
n=  8633   udiff=  7.1315E-06 (108, 13)   vdiff=  7.3416E-06 ( 56, 26)
n=  8634   udiff=  7.1259E-06 (108, 13)   vdiff=  7.3244E-06 ( 56, 26)
n=  8635   udiff=  7.1137E-06 (107, 13)   vdiff=  7.3141E-06 ( 56, 26)
n=  8636   udiff=  7.1068E-06 (107, 13)   vdiff=  7.3026E-06 ( 56, 26)
n=  8637   udiff=  7.0909E-06 (107, 13)   vdiff=  7.2886E-06 ( 56, 26)
n=  8638   udiff=  7.0805E-06 (107, 13)   vdiff=  7.2817E-06 ( 56, 26)
n=  8639   udiff=  7.0673E-06 (108, 13)   vdiff=  7.2688E-06 ( 56, 26)
n=  8640   udiff=  7.0594E-06 (108, 13)   vdiff=  7.2567E-06 ( 56, 26)
n=  8641   udiff=  7.0528E-06 (108, 13)   vdiff=  7.2418E-06 ( 56, 26)
n=  8642   udiff=  7.0459E-06 (108, 13)   vdiff=  7.2345E-06 ( 56, 26)
n=  8643   udiff=  7.0370E-06 (108, 13)   vdiff=  7.2167E-06 ( 56, 26)
n=  8644   udiff=  7.0273E-06 (107, 13)   vdiff=  7.2061E-06 ( 56, 26)
n=  8645   udiff=  7.0262E-06 (108, 13)   vdiff=  7.1923E-06 ( 56, 26)
n=  8646   udiff=  7.0062E-06 (107, 13)   vdiff=  7.1857E-06 ( 56, 26)
n=  8647   udiff=  7.0005E-06 (107, 13)   vdiff=  7.1773E-06 ( 56, 26)
n=  8648   udiff=  6.9892E-06 (107, 13)   vdiff=  7.1734E-06 ( 56, 26)
n=  8649   udiff=  6.9815E-06 (107, 13)   vdiff=  7.1612E-06 ( 56, 26)
n=  8650   udiff=  6.9722E-06 (107, 13)   vdiff=  7.1516E-06 ( 56, 26)
n=  8651   udiff=  6.9508E-06 (108, 13)   vdiff=  7.1326E-06 ( 56, 26)
n=  8652   udiff=  6.9406E-06 (108, 13)   vdiff=  7.1238E-06 ( 56, 26)
n=  8653   udiff=  6.9370E-06 (108, 13)   vdiff=  7.1097E-06 ( 56, 26)
n=  8654   udiff=  6.9179E-06 (108, 13)   vdiff=  7.0963E-06 ( 56, 26)
n=  8655   udiff=  6.9068E-06 (108, 13)   vdiff=  7.0858E-06 ( 56, 26)
n=  8656   udiff=  6.8950E-06 (107, 13)   vdiff=  7.0662E-06 ( 56, 26)
n=  8657   udiff=  6.8865E-06 (107, 13)   vdiff=  7.0562E-06 ( 56, 26)
n=  8658   udiff=  6.8852E-06 (108, 13)   vdiff=  7.0452E-06 ( 56, 26)
n=  8659   udiff=  6.8785E-06 (108, 13)   vdiff=  7.0557E-06 ( 56, 26)
n=  8660   udiff=  6.8658E-06 (108, 13)   vdiff=  7.0371E-06 ( 56, 26)
n=  8661   udiff=  6.8595E-06 (108, 13)   vdiff=  7.0248E-06 ( 56, 26)
n=  8662   udiff=  6.8522E-06 (108, 13)   vdiff=  7.0101E-06 ( 56, 26)
n=  8663   udiff=  6.8402E-06 (108, 13)   vdiff=  6.9990E-06 ( 56, 26)
n=  8664   udiff=  6.8321E-06 (108, 13)   vdiff=  6.9882E-06 ( 56, 26)
n=  8665   udiff=  6.8066E-06 (107, 13)   vdiff=  6.9718E-06 ( 56, 26)
n=  8666   udiff=  6.7985E-06 (107, 13)   vdiff=  6.9571E-06 ( 56, 26)
n=  8667   udiff=  6.7903E-06 (107, 13)   vdiff=  6.9450E-06 ( 56, 26)
n=  8668   udiff=  6.7821E-06 (107, 13)   vdiff=  6.9471E-06 ( 56, 26)
n=  8669   udiff=  6.7834E-06 (107, 13)   vdiff=  6.9318E-06 ( 56, 26)
n=  8670   udiff=  6.7629E-06 (108, 13)   vdiff=  6.9245E-06 ( 56, 26)
n=  8671   udiff=  6.7537E-06 (108, 13)   vdiff=  6.9069E-06 ( 56, 26)
n=  8672   udiff=  6.7474E-06 (108, 13)   vdiff=  6.8984E-06 ( 56, 26)
n=  8673   udiff=  6.7374E-06 (108, 13)   vdiff=  6.8787E-06 ( 56, 26)
n=  8674   udiff=  6.7294E-06 (108, 13)   vdiff=  6.8665E-06 ( 56, 26)
n=  8675   udiff=  6.7233E-06 (108, 13)   vdiff=  6.8631E-06 ( 56, 26)
n=  8676   udiff=  6.7027E-06 (108, 13)   vdiff=  6.8523E-06 ( 56, 26)
n=  8677   udiff=  6.6880E-06 (108, 13)   vdiff=  6.8398E-06 ( 56, 26)
n=  8678   udiff=  6.6793E-06 (108, 13)   vdiff=  6.8288E-06 ( 56, 26)
n=  8679   udiff=  6.6702E-06 (108, 13)   vdiff=  6.8177E-06 ( 56, 26)
n=  8680   udiff=  6.6662E-06 (108, 13)   vdiff=  6.8054E-06 ( 56, 26)
n=  8681   udiff=  6.6586E-06 (108, 13)   vdiff=  6.8028E-06 ( 56, 26)
n=  8682   udiff=  6.6484E-06 (108, 13)   vdiff=  6.7896E-06 ( 56, 26)
n=  8683   udiff=  6.6386E-06 (108, 13)   vdiff=  6.7727E-06 ( 56, 26)
n=  8684   udiff=  6.6344E-06 (108, 13)   vdiff=  6.7627E-06 ( 56, 26)
n=  8685   udiff=  6.6142E-06 (107, 13)   vdiff=  6.7452E-06 ( 56, 26)
n=  8686   udiff=  6.6060E-06 (107, 13)   vdiff=  6.7428E-06 ( 56, 26)
n=  8687   udiff=  6.5949E-06 (107, 13)   vdiff=  6.7353E-06 ( 56, 26)
n=  8688   udiff=  6.5850E-06 (108, 13)   vdiff=  6.7207E-06 ( 56, 26)
n=  8689   udiff=  6.5699E-06 (108, 13)   vdiff=  6.7048E-06 ( 56, 26)
n=  8690   udiff=  6.5574E-06 (108, 13)   vdiff=  6.6866E-06 ( 56, 26)
n=  8691   udiff=  6.5487E-06 (108, 13)   vdiff=  6.6882E-06 ( 56, 26)
n=  8692   udiff=  6.5398E-06 (108, 13)   vdiff=  6.6696E-06 ( 56, 26)
n=  8693   udiff=  6.5319E-06 (108, 13)   vdiff=  6.6628E-06 ( 56, 26)
n=  8694   udiff=  6.5252E-06 (109, 13)   vdiff=  6.6544E-06 ( 56, 26)
n=  8695   udiff=  6.5135E-06 (109, 13)   vdiff=  6.6372E-06 ( 56, 26)
n=  8696   udiff=  6.5063E-06 (109, 13)   vdiff=  6.6353E-06 ( 56, 26)
n=  8697   udiff=  6.5088E-06 (108, 13)   vdiff=  6.6193E-06 ( 56, 26)
n=  8698   udiff=  6.4935E-06 (108, 13)   vdiff=  6.6083E-06 ( 56, 26)
n=  8699   udiff=  6.4865E-06 (108, 13)   vdiff=  6.5869E-06 ( 56, 26)
n=  8700   udiff=  6.4738E-06 (108, 13)   vdiff=  6.5771E-06 ( 56, 26)
n=  8701   udiff=  6.4652E-06 (108, 13)   vdiff=  6.5792E-06 ( 56, 26)
n=  8702   udiff=  6.4492E-06 (108, 13)   vdiff=  6.5637E-06 ( 56, 26)
n=  8703   udiff=  6.4405E-06 (108, 13)   vdiff=  6.5485E-06 ( 56, 26)
n=  8704   udiff=  6.4310E-06 (108, 13)   vdiff=  6.5352E-06 ( 56, 26)
n=  8705   udiff=  6.4047E-06 (107, 13)   vdiff=  6.5316E-06 ( 56, 26)
n=  8706   udiff=  6.4002E-06 (107, 13)   vdiff=  6.5161E-06 ( 56, 26)
n=  8707   udiff=  6.3889E-06 (107, 13)   vdiff=  6.5034E-06 ( 56, 26)
n=  8708   udiff=  6.3733E-06 (109, 13)   vdiff=  6.4908E-06 ( 56, 26)
n=  8709   udiff=  6.3633E-06 (109, 13)   vdiff=  6.4874E-06 ( 56, 26)
n=  8710   udiff=  6.3532E-06 (109, 13)   vdiff=  6.4781E-06 ( 56, 26)
n=  8711   udiff=  6.3530E-06 (108, 13)   vdiff=  6.4579E-06 ( 56, 26)
n=  8712   udiff=  6.3434E-06 (108, 13)   vdiff=  6.4400E-06 ( 56, 26)
n=  8713   udiff=  6.3377E-06 (108, 13)   vdiff=  6.4472E-06 ( 56, 26)
n=  8714   udiff=  6.3295E-06 (108, 13)   vdiff=  6.4305E-06 ( 56, 26)
n=  8715   udiff=  6.3224E-06 (108, 13)   vdiff=  6.4163E-06 ( 56, 26)
n=  8716   udiff=  6.3135E-06 (108, 13)   vdiff=  6.4137E-06 ( 56, 26)
n=  8717   udiff=  6.3021E-06 (108, 13)   vdiff=  6.3970E-06 ( 56, 26)
n=  8718   udiff=  6.2941E-06 (108, 13)   vdiff=  6.3815E-06 ( 56, 26)
n=  8719   udiff=  6.2779E-06 (108, 13)   vdiff=  6.3727E-06 ( 56, 26)
n=  8720   udiff=  6.2673E-06 (108, 13)   vdiff=  6.3661E-06 ( 56, 26)
n=  8721   udiff=  6.2620E-06 (108, 13)   vdiff=  6.3477E-06 ( 56, 26)
n=  8722   udiff=  6.2551E-06 (108, 13)   vdiff=  6.3358E-06 ( 56, 26)
n=  8723   udiff=  6.2462E-06 (108, 13)   vdiff=  6.3295E-06 ( 56, 26)
n=  8724   udiff=  6.2407E-06 (108, 13)   vdiff=  6.3107E-06 ( 56, 26)
n=  8725   udiff=  6.2364E-06 (108, 13)   vdiff=  6.3095E-06 ( 56, 26)
n=  8726   udiff=  6.2055E-06 (109, 13)   vdiff=  6.2911E-06 ( 56, 26)
n=  8727   udiff=  6.1963E-06 (109, 13)   vdiff=  6.2875E-06 ( 56, 26)
n=  8728   udiff=  6.1841E-06 (109, 13)   vdiff=  6.2734E-06 ( 56, 26)
n=  8729   udiff=  6.1705E-06 (109, 13)   vdiff=  6.2572E-06 ( 56, 26)
n=  8730   udiff=  6.1612E-06 (109, 13)   vdiff=  6.2603E-06 ( 56, 26)
n=  8731   udiff=  6.1544E-06 (109, 13)   vdiff=  6.2433E-06 ( 56, 26)
n=  8732   udiff=  6.1383E-06 (109, 13)   vdiff=  6.2280E-06 ( 56, 26)
n=  8733   udiff=  6.1315E-06 (109, 13)   vdiff=  6.2191E-06 ( 56, 26)
n=  8734   udiff=  6.1230E-06 (109, 13)   vdiff=  6.2009E-06 ( 56, 26)
n=  8735   udiff=  6.1136E-06 (108, 13)   vdiff=  6.1977E-06 ( 56, 26)
n=  8736   udiff=  6.1147E-06 (109, 13)   vdiff=  6.1922E-06 ( 56, 26)
n=  8737   udiff=  6.1032E-06 (109, 13)   vdiff=  6.1718E-06 ( 56, 26)
n=  8738   udiff=  6.0951E-06 (109, 13)   vdiff=  6.1601E-06 ( 56, 26)
n=  8739   udiff=  6.0888E-06 (108, 13)   vdiff=  6.1541E-06 ( 56, 26)
n=  8740   udiff=  6.0847E-06 (108, 13)   vdiff=  6.1431E-06 ( 56, 26)
n=  8741   udiff=  6.0700E-06 (108, 13)   vdiff=  6.1257E-06 ( 56, 26)
n=  8742   udiff=  6.0612E-06 (108, 13)   vdiff=  6.1267E-06 ( 56, 26)
n=  8743   udiff=  6.0501E-06 (108, 13)   vdiff=  6.1100E-06 ( 56, 26)
n=  8744   udiff=  6.0433E-06 (108, 13)   vdiff=  6.1076E-06 ( 56, 26)
n=  8745   udiff=  6.0366E-06 (108, 13)   vdiff=  6.0914E-06 ( 56, 26)
n=  8746   udiff=  6.0223E-06 (108, 13)   vdiff=  6.0788E-06 ( 56, 26)
n=  8747   udiff=  5.9962E-06 (109, 13)   vdiff=  6.0756E-06 ( 56, 26)
n=  8748   udiff=  5.9872E-06 (109, 13)   vdiff=  6.0541E-06 ( 56, 26)
n=  8749   udiff=  5.9760E-06 (109, 13)   vdiff=  6.0397E-06 ( 56, 26)
n=  8750   udiff=  5.9677E-06 (109, 13)   vdiff=  6.0436E-06 ( 56, 26)
n=  8751   udiff=  5.9692E-06 (109, 13)   vdiff=  6.0222E-06 ( 56, 26)
n=  8752   udiff=  5.9536E-06 (109, 13)   vdiff=  6.0016E-06 ( 56, 26)
n=  8753   udiff=  5.9460E-06 (109, 13)   vdiff=  6.0028E-06 ( 56, 26)
n=  8754   udiff=  5.9406E-06 (109, 13)   vdiff=  5.9855E-06 ( 56, 26)
n=  8755   udiff=  5.9272E-06 (109, 13)   vdiff=  5.9819E-06 ( 56, 26)
n=  8756   udiff=  5.9243E-06 (109, 13)   vdiff=  5.9642E-06 ( 56, 26)
n=  8757   udiff=  5.9158E-06 (109, 13)   vdiff=  5.9533E-06 ( 56, 26)
n=  8758   udiff=  5.8976E-06 (109, 13)   vdiff=  5.9501E-06 ( 56, 26)
n=  8759   udiff=  5.8912E-06 (109, 13)   vdiff=  5.9312E-06 ( 56, 26)
n=  8760   udiff=  5.8819E-06 (109, 13)   vdiff=  5.9305E-06 ( 56, 26)
n=  8761   udiff=  5.8740E-06 (109, 13)   vdiff=  5.9146E-06 ( 56, 26)
n=  8762   udiff=  5.8681E-06 (109, 13)   vdiff=  5.8994E-06 ( 56, 26)
n=  8763   udiff=  5.8475E-06 (108, 13)   vdiff=  5.8900E-06 ( 56, 26)
n=  8764   udiff=  5.8391E-06 (108, 13)   vdiff=  5.8692E-06 ( 56, 26)
n=  8765   udiff=  5.8269E-06 (108, 13)   vdiff=  5.8712E-06 ( 56, 26)
n=  8766   udiff=  5.8191E-06 (108, 13)   vdiff=  5.8593E-06 ( 56, 26)
n=  8767   udiff=  5.8051E-06 (108, 13)   vdiff=  5.8563E-06 ( 56, 26)
n=  8768   udiff=  5.7883E-06 (109, 13)   vdiff=  5.8364E-06 ( 56, 26)
n=  8769   udiff=  5.7809E-06 (109, 13)   vdiff=  5.8252E-06 ( 56, 26)
n=  8770   udiff=  5.7742E-06 (109, 13)   vdiff=  5.8223E-06 ( 56, 26)
n=  8771   udiff=  5.7686E-06 (109, 13)   vdiff=  5.8061E-06 ( 56, 26)
n=  8772   udiff=  5.7631E-06 (109, 13)   vdiff=  5.8001E-06 ( 56, 26)
n=  8773   udiff=  5.7534E-06 (109, 13)   vdiff=  5.7901E-06 ( 56, 26)
n=  8774   udiff=  5.7456E-06 (109, 13)   vdiff=  5.7823E-06 ( 56, 26)
n=  8775   udiff=  5.7389E-06 (109, 13)   vdiff=  5.7583E-06 ( 56, 26)
n=  8776   udiff=  5.7200E-06 (109, 13)   vdiff=  5.7552E-06 ( 56, 26)
n=  8777   udiff=  5.7127E-06 (109, 13)   vdiff=  5.7515E-06 ( 56, 26)
n=  8778   udiff=  5.7037E-06 (109, 13)   vdiff=  5.7263E-06 ( 56, 26)
n=  8779   udiff=  5.6973E-06 (109, 13)   vdiff=  5.7238E-06 ( 56, 26)
n=  8780   udiff=  5.6909E-06 (109, 13)   vdiff=  5.7046E-06 ( 56, 26)
n=  8781   udiff=  5.6833E-06 (109, 13)   vdiff=  5.7070E-06 ( 56, 26)
n=  8782   udiff=  5.6806E-06 (109, 13)   vdiff=  5.6836E-06 ( 56, 26)
n=  8783   udiff=  5.6748E-06 (109, 13)   vdiff=  5.6790E-06 ( 56, 26)
n=  8784   udiff=  5.6660E-06 (109, 13)   vdiff=  5.6701E-06 ( 56, 26)
n=  8785   udiff=  5.6504E-06 (109, 13)   vdiff=  5.6612E-06 ( 56, 26)
n=  8786   udiff=  5.6263E-06 (108, 13)   vdiff=  5.6407E-06 ( 56, 26)
n=  8787   udiff=  5.6198E-06 (108, 13)   vdiff=  5.6376E-06 ( 56, 26)
n=  8788   udiff=  5.6009E-06 (109, 13)   vdiff=  5.6250E-06 ( 56, 26)
n=  8789   udiff=  5.5863E-06 (109, 13)   vdiff=  5.6214E-06 ( 56, 26)
n=  8790   udiff=  5.5822E-06 (109, 13)   vdiff=  5.5978E-06 ( 56, 26)
n=  8791   udiff=  5.5722E-06 (109, 13)   vdiff=  5.6002E-06 ( 56, 26)
n=  8792   udiff=  5.5607E-06 (109, 13)   vdiff=  5.5817E-06 ( 56, 26)
n=  8793   udiff=  5.5524E-06 (109, 13)   vdiff=  5.5745E-06 ( 56, 26)
n=  8794   udiff=  5.5435E-06 (109, 13)   vdiff=  5.5551E-06 ( 56, 26)
n=  8795   udiff=  5.5373E-06 (109, 13)   vdiff=  5.5583E-06 ( 56, 26)
n=  8796   udiff=  5.5342E-06 (109, 13)   vdiff=  5.5377E-06 ( 56, 26)
n=  8797   udiff=  5.5190E-06 (109, 13)   vdiff=  5.5365E-06 ( 56, 26)
n=  8798   udiff=  5.5211E-06 (109, 13)   vdiff=  5.5196E-06 ( 56, 26)
n=  8799   udiff=  5.5132E-06 (109, 13)   vdiff=  5.5184E-06 ( 56, 26)
n=  8800   udiff=  5.4973E-06 (109, 13)   vdiff=  5.4943E-06 ( 56, 26)
n=  8801   udiff=  5.4874E-06 (109, 13)   vdiff=  5.4870E-06 ( 56, 26)
n=  8802   udiff=  5.4788E-06 (109, 13)   vdiff=  5.4738E-06 ( 56, 26)
n=  8803   udiff=  5.4714E-06 (109, 13)   vdiff=  5.4646E-06 ( 56, 26)
n=  8804   udiff=  5.4664E-06 (109, 13)   vdiff=  5.4497E-06 ( 56, 26)
n=  8805   udiff=  5.4583E-06 (109, 13)   vdiff=  5.4470E-06 ( 56, 26)
n=  8806   udiff=  5.4542E-06 (109, 13)   vdiff=  5.4234E-06 ( 56, 26)
n=  8807   udiff=  5.4444E-06 (109, 13)   vdiff=  5.4202E-06 ( 56, 26)
n=  8808   udiff=  5.4360E-06 (109, 13)   vdiff=  5.4227E-06 ( 56, 26)
n=  8809   udiff=  5.4233E-06 ( 54, 29)   vdiff=  5.4045E-06 ( 56, 26)
n=  8810   udiff=  5.4147E-06 ( 54, 29)   vdiff=  5.3937E-06 ( 56, 26)
n=  8811   udiff=  5.4077E-06 ( 54, 29)   vdiff=  5.3823E-06 ( 56, 26)
n=  8812   udiff=  5.4013E-06 ( 54, 29)   vdiff=  5.3768E-06 ( 56, 26)
n=  8813   udiff=  5.3942E-06 ( 54, 29)   vdiff=  5.3579E-06 ( 56, 26)
n=  8814   udiff=  5.3864E-06 ( 54, 28)   vdiff=  5.3561E-06 ( 56, 26)
n=  8815   udiff=  5.3779E-06 ( 54, 28)   vdiff=  5.3325E-06 ( 56, 26)
n=  8816   udiff=  5.3716E-06 ( 54, 28)   vdiff=  5.3280E-06 ( 56, 26)
n=  8817   udiff=  5.3726E-06 ( 54, 28)   vdiff=  5.3183E-06 ( 56, 26)
n=  8818   udiff=  5.3656E-06 ( 54, 28)   vdiff=  5.3075E-06 ( 56, 26)
n=  8819   udiff=  5.3584E-06 ( 54, 28)   vdiff=  5.2980E-06 ( 56, 26)
n=  8820   udiff=  5.3542E-06 ( 54, 28)   vdiff=  5.2786E-06 ( 56, 26)
n=  8821   udiff=  5.3554E-06 ( 54, 28)   vdiff=  5.2784E-06 ( 56, 26)
n=  8822   udiff=  5.3505E-06 ( 54, 28)   vdiff=  5.2605E-06 ( 56, 26)
n=  8823   udiff=  5.3446E-06 ( 54, 28)   vdiff=  5.2552E-06 ( 56, 26)
n=  8824   udiff=  5.3396E-06 ( 54, 28)   vdiff=  5.2535E-06 ( 56, 26)
n=  8825   udiff=  5.3361E-06 ( 54, 28)   vdiff=  5.2301E-06 ( 56, 26)
n=  8826   udiff=  5.3307E-06 ( 54, 28)   vdiff=  5.2303E-06 ( 57, 25)
n=  8827   udiff=  5.3215E-06 ( 54, 28)   vdiff=  5.2093E-06 ( 57, 25)
n=  8828   udiff=  5.3193E-06 ( 54, 28)   vdiff=  5.2053E-06 ( 57, 25)
n=  8829   udiff=  5.3085E-06 ( 54, 28)   vdiff=  5.2018E-06 ( 57, 25)
n=  8830   udiff=  5.3067E-06 ( 54, 28)   vdiff=  5.1886E-06 ( 57, 25)
n=  8831   udiff=  5.3017E-06 ( 54, 28)   vdiff=  5.1890E-06 ( 57, 25)
n=  8832   udiff=  5.2976E-06 ( 54, 28)   vdiff=  5.1771E-06 ( 57, 25)
n=  8833   udiff=  5.2936E-06 ( 54, 28)   vdiff=  5.1719E-06 ( 57, 25)
n=  8834   udiff=  5.2859E-06 ( 54, 28)   vdiff=  5.1763E-06 ( 57, 25)
n=  8835   udiff=  5.2873E-06 ( 54, 28)   vdiff=  5.1640E-06 ( 57, 25)
n=  8836   udiff=  5.2816E-06 ( 54, 28)   vdiff=  5.1580E-06 ( 57, 25)
n=  8837   udiff=  5.2781E-06 ( 54, 28)   vdiff=  5.1553E-06 ( 57, 25)
n=  8838   udiff=  5.2758E-06 ( 54, 28)   vdiff=  5.1475E-06 ( 57, 25)
n=  8839   udiff=  5.2700E-06 ( 54, 28)   vdiff=  5.1442E-06 ( 57, 25)
n=  8840   udiff=  5.2620E-06 ( 54, 28)   vdiff=  5.1400E-06 ( 57, 25)
n=  8841   udiff=  5.2632E-06 ( 54, 28)   vdiff=  5.1356E-06 ( 57, 25)
n=  8842   udiff=  5.2587E-06 ( 54, 28)   vdiff=  5.1365E-06 ( 57, 25)
n=  8843   udiff=  5.2480E-06 ( 54, 28)   vdiff=  5.1240E-06 ( 57, 25)
n=  8844   udiff=  5.2475E-06 ( 54, 28)   vdiff=  5.1209E-06 ( 57, 25)
n=  8845   udiff=  5.2423E-06 ( 54, 28)   vdiff=  5.1043E-06 ( 57, 25)
n=  8846   udiff=  5.2352E-06 ( 54, 28)   vdiff=  5.1041E-06 ( 57, 25)
n=  8847   udiff=  5.2318E-06 ( 54, 28)   vdiff=  5.0995E-06 ( 57, 25)
n=  8848   udiff=  5.2244E-06 ( 54, 28)   vdiff=  5.0898E-06 ( 57, 25)
n=  8849   udiff=  5.2229E-06 ( 54, 28)   vdiff=  5.0828E-06 ( 57, 25)
n=  8850   udiff=  5.2164E-06 ( 54, 28)   vdiff=  5.0805E-06 ( 57, 25)
n=  8851   udiff=  5.2114E-06 ( 54, 28)   vdiff=  5.0743E-06 ( 57, 25)
n=  8852   udiff=  5.2078E-06 ( 54, 28)   vdiff=  5.0658E-06 ( 57, 25)
n=  8853   udiff=  5.2059E-06 ( 54, 28)   vdiff=  5.0752E-06 ( 57, 25)
n=  8854   udiff=  5.1974E-06 ( 54, 28)   vdiff=  5.0518E-06 ( 57, 25)
n=  8855   udiff=  5.1940E-06 ( 54, 28)   vdiff=  5.0520E-06 ( 57, 25)
n=  8856   udiff=  5.1877E-06 ( 54, 28)   vdiff=  5.0468E-06 ( 57, 25)
n=  8857   udiff=  5.1841E-06 ( 54, 28)   vdiff=  5.0382E-06 ( 57, 25)
n=  8858   udiff=  5.1798E-06 ( 54, 28)   vdiff=  5.0339E-06 ( 57, 25)
n=  8859   udiff=  5.1708E-06 ( 54, 28)   vdiff=  5.0295E-06 ( 57, 25)
n=  8860   udiff=  5.1682E-06 ( 54, 28)   vdiff=  5.0178E-06 ( 57, 25)
n=  8861   udiff=  5.1627E-06 ( 54, 28)   vdiff=  5.0286E-06 ( 57, 25)
n=  8862   udiff=  5.1569E-06 ( 54, 28)   vdiff=  4.9999E-06 ( 57, 25)
n=  8863   udiff=  5.1526E-06 ( 54, 28)   vdiff=  5.0016E-06 ( 57, 25)
n=  8864   udiff=  5.1446E-06 ( 54, 28)   vdiff=  5.0106E-06 ( 57, 25)
n=  8865   udiff=  5.1467E-06 ( 54, 28)   vdiff=  4.9878E-06 ( 57, 25)
n=  8866   udiff=  5.1398E-06 ( 54, 28)   vdiff=  4.9887E-06 ( 57, 25)
n=  8867   udiff=  5.1331E-06 ( 54, 28)   vdiff=  4.9808E-06 ( 57, 25)
n=  8868   udiff=  5.1314E-06 ( 54, 28)   vdiff=  4.9684E-06 ( 57, 25)
n=  8869   udiff=  5.1262E-06 ( 54, 28)   vdiff=  4.9785E-06 ( 57, 25)
n=  8870   udiff=  5.1226E-06 ( 54, 28)   vdiff=  4.9653E-06 ( 57, 25)
n=  8871   udiff=  5.1127E-06 ( 54, 28)   vdiff=  4.9489E-06 ( 57, 25)
n=  8872   udiff=  5.1056E-06 ( 54, 28)   vdiff=  4.9456E-06 ( 57, 25)
n=  8873   udiff=  5.1034E-06 ( 54, 28)   vdiff=  4.9407E-06 ( 57, 25)
n=  8874   udiff=  5.0951E-06 ( 54, 28)   vdiff=  4.9351E-06 ( 57, 25)
n=  8875   udiff=  5.0912E-06 ( 54, 28)   vdiff=  4.9247E-06 ( 57, 25)
n=  8876   udiff=  5.0870E-06 ( 54, 28)   vdiff=  4.9274E-06 ( 57, 25)
n=  8877   udiff=  5.0782E-06 ( 54, 28)   vdiff=  4.9097E-06 ( 57, 25)
n=  8878   udiff=  5.0757E-06 ( 54, 28)   vdiff=  4.9071E-06 ( 57, 25)
n=  8879   udiff=  5.0659E-06 ( 54, 28)   vdiff=  4.9143E-06 ( 57, 25)
n=  8880   udiff=  5.0700E-06 ( 54, 28)   vdiff=  4.8973E-06 ( 57, 25)
n=  8881   udiff=  5.0583E-06 ( 54, 28)   vdiff=  4.8907E-06 ( 57, 25)
n=  8882   udiff=  5.0586E-06 ( 54, 28)   vdiff=  4.8888E-06 ( 57, 25)
n=  8883   udiff=  5.0516E-06 ( 54, 28)   vdiff=  4.8733E-06 ( 57, 25)
n=  8884   udiff=  5.0423E-06 ( 54, 28)   vdiff=  4.8780E-06 ( 57, 25)
n=  8885   udiff=  5.0370E-06 ( 54, 28)   vdiff=  4.8651E-06 ( 57, 25)
n=  8886   udiff=  5.0336E-06 ( 54, 28)   vdiff=  4.8659E-06 ( 57, 25)
n=  8887   udiff=  5.0290E-06 ( 54, 28)   vdiff=  4.8519E-06 ( 57, 25)
n=  8888   udiff=  5.0248E-06 ( 54, 28)   vdiff=  4.8552E-06 ( 57, 25)
n=  8889   udiff=  5.0194E-06 ( 54, 28)   vdiff=  4.8435E-06 ( 57, 25)
n=  8890   udiff=  5.0125E-06 ( 54, 28)   vdiff=  4.8295E-06 ( 57, 25)
n=  8891   udiff=  5.0069E-06 ( 54, 28)   vdiff=  4.8410E-06 ( 57, 25)
n=  8892   udiff=  5.0081E-06 ( 54, 28)   vdiff=  4.8314E-06 ( 57, 25)
n=  8893   udiff=  5.0024E-06 ( 54, 28)   vdiff=  4.8130E-06 ( 57, 25)
n=  8894   udiff=  4.9962E-06 ( 54, 28)   vdiff=  4.8118E-06 ( 57, 25)
n=  8895   udiff=  4.9934E-06 ( 54, 28)   vdiff=  4.8092E-06 ( 57, 25)
n=  8896   udiff=  4.9867E-06 ( 54, 28)   vdiff=  4.8078E-06 ( 57, 25)
n=  8897   udiff=  4.9796E-06 ( 54, 28)   vdiff=  4.7933E-06 ( 57, 25)
n=  8898   udiff=  4.9784E-06 ( 54, 28)   vdiff=  4.7928E-06 ( 57, 25)
n=  8899   udiff=  4.9681E-06 ( 54, 28)   vdiff=  4.7902E-06 ( 57, 25)
n=  8900   udiff=  4.9623E-06 ( 54, 28)   vdiff=  4.7748E-06 ( 57, 25)
n=  8901   udiff=  4.9596E-06 ( 54, 28)   vdiff=  4.7704E-06 ( 57, 25)
n=  8902   udiff=  4.9545E-06 ( 54, 28)   vdiff=  4.7657E-06 ( 57, 25)
n=  8903   udiff=  4.9483E-06 ( 54, 28)   vdiff=  4.7685E-06 ( 57, 25)
n=  8904   udiff=  4.9433E-06 ( 54, 28)   vdiff=  4.7540E-06 ( 57, 25)
n=  8905   udiff=  4.9350E-06 ( 54, 28)   vdiff=  4.7493E-06 ( 57, 25)
n=  8906   udiff=  4.9350E-06 ( 54, 28)   vdiff=  4.7454E-06 ( 57, 25)
n=  8907   udiff=  4.9251E-06 ( 54, 28)   vdiff=  4.7302E-06 ( 57, 25)
n=  8908   udiff=  4.9230E-06 ( 54, 28)   vdiff=  4.7293E-06 ( 57, 25)
n=  8909   udiff=  4.9175E-06 ( 54, 28)   vdiff=  4.7271E-06 ( 57, 25)
n=  8910   udiff=  4.9111E-06 ( 54, 28)   vdiff=  4.7164E-06 ( 57, 25)
n=  8911   udiff=  4.9050E-06 ( 54, 28)   vdiff=  4.7113E-06 ( 57, 25)
n=  8912   udiff=  4.8998E-06 ( 54, 28)   vdiff=  4.7019E-06 ( 57, 25)
n=  8913   udiff=  4.8956E-06 ( 54, 28)   vdiff=  4.7092E-06 ( 57, 25)
n=  8914   udiff=  4.8883E-06 ( 54, 28)   vdiff=  4.6898E-06 ( 57, 25)
n=  8915   udiff=  4.8799E-06 ( 54, 28)   vdiff=  4.6846E-06 ( 57, 25)
n=  8916   udiff=  4.8792E-06 ( 54, 28)   vdiff=  4.6834E-06 ( 57, 25)
n=  8917   udiff=  4.8721E-06 ( 54, 28)   vdiff=  4.6740E-06 ( 57, 25)
n=  8918   udiff=  4.8668E-06 ( 54, 28)   vdiff=  4.6752E-06 ( 57, 25)
n=  8919   udiff=  4.8574E-06 ( 54, 28)   vdiff=  4.6499E-06 ( 57, 25)
n=  8920   udiff=  4.8525E-06 ( 54, 28)   vdiff=  4.6493E-06 ( 57, 25)
n=  8921   udiff=  4.8467E-06 ( 54, 28)   vdiff=  4.6446E-06 ( 57, 25)
n=  8922   udiff=  4.8412E-06 ( 54, 28)   vdiff=  4.6444E-06 ( 57, 25)
n=  8923   udiff=  4.8335E-06 ( 54, 28)   vdiff=  4.6239E-06 ( 57, 25)
n=  8924   udiff=  4.8306E-06 ( 54, 28)   vdiff=  4.6310E-06 ( 57, 25)
n=  8925   udiff=  4.8258E-06 ( 54, 28)   vdiff=  4.6207E-06 ( 57, 25)
n=  8926   udiff=  4.8229E-06 ( 54, 28)   vdiff=  4.6176E-06 ( 57, 25)
n=  8927   udiff=  4.8163E-06 ( 54, 28)   vdiff=  4.6004E-06 ( 57, 25)
n=  8928   udiff=  4.8141E-06 ( 54, 28)   vdiff=  4.6015E-06 ( 57, 25)
n=  8929   udiff=  4.8035E-06 ( 54, 28)   vdiff=  4.5964E-06 ( 57, 25)
n=  8930   udiff=  4.7935E-06 ( 54, 28)   vdiff=  4.5863E-06 ( 57, 25)
n=  8931   udiff=  4.7878E-06 ( 54, 28)   vdiff=  4.5812E-06 ( 57, 25)
n=  8932   udiff=  4.7846E-06 ( 54, 28)   vdiff=  4.5711E-06 ( 57, 25)
n=  8933   udiff=  4.7780E-06 ( 54, 28)   vdiff=  4.5663E-06 ( 57, 25)
n=  8934   udiff=  4.7731E-06 ( 54, 28)   vdiff=  4.5618E-06 ( 57, 25)
n=  8935   udiff=  4.7698E-06 ( 54, 28)   vdiff=  4.5615E-06 ( 57, 25)
n=  8936   udiff=  4.7650E-06 ( 54, 28)   vdiff=  4.5464E-06 ( 57, 25)
n=  8937   udiff=  4.7574E-06 ( 54, 28)   vdiff=  4.5439E-06 ( 57, 25)
n=  8938   udiff=  4.7535E-06 ( 54, 28)   vdiff=  4.5427E-06 ( 57, 25)
n=  8939   udiff=  4.7476E-06 ( 54, 28)   vdiff=  4.5360E-06 ( 57, 25)
n=  8940   udiff=  4.7384E-06 ( 54, 28)   vdiff=  4.5176E-06 ( 57, 25)
n=  8941   udiff=  4.7319E-06 ( 54, 28)   vdiff=  4.5156E-06 ( 57, 25)
n=  8942   udiff=  4.7302E-06 ( 54, 28)   vdiff=  4.5134E-06 ( 57, 25)
n=  8943   udiff=  4.7208E-06 ( 54, 28)   vdiff=  4.5094E-06 ( 57, 25)
n=  8944   udiff=  4.7190E-06 ( 54, 28)   vdiff=  4.4982E-06 ( 57, 25)
n=  8945   udiff=  4.7130E-06 ( 54, 28)   vdiff=  4.4923E-06 ( 57, 25)
n=  8946   udiff=  4.7059E-06 ( 54, 28)   vdiff=  4.4797E-06 ( 57, 25)
n=  8947   udiff=  4.7045E-06 ( 54, 28)   vdiff=  4.4810E-06 ( 57, 25)
n=  8948   udiff=  4.6976E-06 ( 54, 28)   vdiff=  4.4741E-06 ( 57, 25)
n=  8949   udiff=  4.6925E-06 ( 54, 28)   vdiff=  4.4819E-06 ( 57, 25)
n=  8950   udiff=  4.6890E-06 ( 54, 28)   vdiff=  4.4591E-06 ( 57, 25)
n=  8951   udiff=  4.6798E-06 ( 54, 28)   vdiff=  4.4599E-06 ( 57, 25)
n=  8952   udiff=  4.6766E-06 ( 54, 28)   vdiff=  4.4521E-06 ( 57, 25)
n=  8953   udiff=  4.6683E-06 ( 54, 28)   vdiff=  4.4534E-06 ( 57, 25)
n=  8954   udiff=  4.6647E-06 ( 54, 28)   vdiff=  4.4455E-06 ( 57, 25)
n=  8955   udiff=  4.6620E-06 ( 54, 28)   vdiff=  4.4288E-06 ( 57, 25)
n=  8956   udiff=  4.6542E-06 ( 54, 28)   vdiff=  4.4223E-06 ( 57, 25)
n=  8957   udiff=  4.6500E-06 ( 54, 28)   vdiff=  4.4197E-06 ( 57, 25)
n=  8958   udiff=  4.6433E-06 ( 54, 28)   vdiff=  4.4126E-06 ( 57, 25)
n=  8959   udiff=  4.6384E-06 ( 54, 28)   vdiff=  4.4103E-06 ( 57, 25)
n=  8960   udiff=  4.6301E-06 ( 54, 28)   vdiff=  4.3897E-06 ( 57, 25)
n=  8961   udiff=  4.6283E-06 ( 54, 28)   vdiff=  4.3914E-06 ( 57, 25)
n=  8962   udiff=  4.6229E-06 ( 54, 28)   vdiff=  4.3873E-06 ( 57, 25)
n=  8963   udiff=  4.6131E-06 ( 54, 28)   vdiff=  4.3861E-06 ( 57, 25)
n=  8964   udiff=  4.6087E-06 ( 54, 28)   vdiff=  4.3820E-06 ( 57, 25)
n=  8965   udiff=  4.6054E-06 ( 54, 28)   vdiff=  4.3728E-06 ( 57, 25)
n=  8966   udiff=  4.5971E-06 ( 54, 28)   vdiff=  4.3582E-06 ( 57, 25)
n=  8967   udiff=  4.5935E-06 ( 54, 28)   vdiff=  4.3525E-06 ( 57, 25)
n=  8968   udiff=  4.5921E-06 ( 54, 28)   vdiff=  4.3575E-06 ( 57, 25)
n=  8969   udiff=  4.5842E-06 ( 54, 28)   vdiff=  4.3430E-06 ( 57, 25)
n=  8970   udiff=  4.5783E-06 ( 54, 28)   vdiff=  4.3405E-06 ( 57, 25)
n=  8971   udiff=  4.5740E-06 ( 54, 28)   vdiff=  4.3348E-06 ( 57, 25)
n=  8972   udiff=  4.5620E-06 ( 54, 28)   vdiff=  4.3170E-06 ( 57, 25)
n=  8973   udiff=  4.5559E-06 ( 54, 28)   vdiff=  4.3125E-06 ( 57, 25)
n=  8974   udiff=  4.5495E-06 ( 54, 28)   vdiff=  4.3036E-06 ( 57, 25)
n=  8975   udiff=  4.5464E-06 ( 54, 28)   vdiff=  4.3012E-06 ( 57, 25)
n=  8976   udiff=  4.5414E-06 ( 54, 28)   vdiff=  4.2997E-06 ( 57, 25)
n=  8977   udiff=  4.5350E-06 ( 54, 28)   vdiff=  4.2961E-06 ( 57, 25)
n=  8978   udiff=  4.5295E-06 ( 54, 28)   vdiff=  4.2755E-06 ( 57, 25)
n=  8979   udiff=  4.5208E-06 ( 54, 28)   vdiff=  4.2758E-06 ( 57, 25)
n=  8980   udiff=  4.5163E-06 ( 54, 28)   vdiff=  4.2737E-06 ( 57, 25)
n=  8981   udiff=  4.5097E-06 ( 54, 28)   vdiff=  4.2678E-06 ( 57, 25)
n=  8982   udiff=  4.5024E-06 ( 54, 28)   vdiff=  4.2641E-06 ( 57, 25)
n=  8983   udiff=  4.4998E-06 ( 54, 28)   vdiff=  4.2590E-06 ( 57, 25)
n=  8984   udiff=  4.4946E-06 ( 54, 28)   vdiff=  4.2459E-06 ( 57, 25)
n=  8985   udiff=  4.4854E-06 ( 54, 28)   vdiff=  4.2374E-06 ( 57, 25)
n=  8986   udiff=  4.4817E-06 ( 54, 28)   vdiff=  4.2266E-06 ( 57, 25)
n=  8987   udiff=  4.4779E-06 ( 54, 28)   vdiff=  4.2294E-06 ( 57, 25)
n=  8988   udiff=  4.4684E-06 ( 54, 28)   vdiff=  4.2164E-06 ( 57, 25)
n=  8989   udiff=  4.4637E-06 ( 54, 28)   vdiff=  4.2201E-06 ( 57, 25)
n=  8990   udiff=  4.4557E-06 ( 54, 28)   vdiff=  4.2110E-06 ( 57, 25)
n=  8991   udiff=  4.4528E-06 ( 54, 28)   vdiff=  4.2177E-06 ( 57, 25)
n=  8992   udiff=  4.4481E-06 ( 54, 28)   vdiff=  4.1914E-06 ( 57, 26)
n=  8993   udiff=  4.4467E-06 ( 54, 28)   vdiff=  4.1890E-06 ( 57, 26)
n=  8994   udiff=  4.4346E-06 ( 54, 28)   vdiff=  4.1825E-06 ( 57, 26)
n=  8995   udiff=  4.4308E-06 ( 54, 28)   vdiff=  4.1814E-06 ( 57, 26)
n=  8996   udiff=  4.4288E-06 ( 54, 28)   vdiff=  4.1778E-06 ( 57, 25)
n=  8997   udiff=  4.4213E-06 ( 54, 28)   vdiff=  4.1665E-06 ( 57, 26)
n=  8998   udiff=  4.4170E-06 ( 54, 28)   vdiff=  4.1621E-06 ( 57, 26)
n=  8999   udiff=  4.4055E-06 ( 54, 28)   vdiff=  4.1596E-06 ( 57, 26)
n=  9000   udiff=  4.4051E-06 ( 54, 28)   vdiff=  4.1573E-06 ( 57, 25)
n=  9001   udiff=  4.3957E-06 ( 54, 28)   vdiff=  4.1455E-06 ( 57, 26)
n=  9002   udiff=  4.3953E-06 ( 54, 28)   vdiff=  4.1378E-06 ( 57, 26)
n=  9003   udiff=  4.3905E-06 ( 54, 28)   vdiff=  4.1355E-06 ( 57, 26)
n=  9004   udiff=  4.3803E-06 ( 54, 28)   vdiff=  4.1292E-06 ( 57, 26)
n=  9005   udiff=  4.3738E-06 ( 54, 28)   vdiff=  4.1232E-06 ( 57, 25)
n=  9006   udiff=  4.3735E-06 ( 54, 28)   vdiff=  4.1168E-06 ( 57, 26)
n=  9007   udiff=  4.3674E-06 ( 54, 28)   vdiff=  4.1123E-06 ( 57, 26)
n=  9008   udiff=  4.3554E-06 ( 54, 28)   vdiff=  4.1059E-06 ( 57, 26)
n=  9009   udiff=  4.3505E-06 ( 54, 28)   vdiff=  4.1007E-06 ( 57, 25)
n=  9010   udiff=  4.3431E-06 ( 54, 28)   vdiff=  4.0854E-06 ( 57, 26)
n=  9011   udiff=  4.3380E-06 ( 54, 28)   vdiff=  4.0835E-06 ( 57, 26)
n=  9012   udiff=  4.3294E-06 ( 54, 28)   vdiff=  4.0784E-06 ( 57, 26)
n=  9013   udiff=  4.3264E-06 ( 54, 28)   vdiff=  4.0785E-06 ( 57, 26)
n=  9014   udiff=  4.3156E-06 ( 54, 28)   vdiff=  4.0651E-06 ( 57, 26)
n=  9015   udiff=  4.3166E-06 ( 54, 28)   vdiff=  4.0636E-06 ( 57, 26)
n=  9016   udiff=  4.3051E-06 ( 54, 28)   vdiff=  4.0562E-06 ( 57, 26)
n=  9017   udiff=  4.3038E-06 ( 54, 28)   vdiff=  4.0561E-06 ( 57, 26)
n=  9018   udiff=  4.2942E-06 ( 54, 28)   vdiff=  4.0499E-06 ( 57, 26)
n=  9019   udiff=  4.2942E-06 ( 54, 28)   vdiff=  4.0467E-06 ( 57, 26)
n=  9020   udiff=  4.2894E-06 ( 54, 28)   vdiff=  4.0335E-06 ( 57, 26)
n=  9021   udiff=  4.2814E-06 ( 54, 28)   vdiff=  4.0259E-06 ( 57, 26)
n=  9022   udiff=  4.2720E-06 ( 54, 28)   vdiff=  4.0205E-06 ( 57, 26)
n=  9023   udiff=  4.2684E-06 ( 54, 28)   vdiff=  4.0189E-06 ( 57, 26)
n=  9024   udiff=  4.2616E-06 ( 54, 28)   vdiff=  4.0135E-06 ( 57, 26)
n=  9025   udiff=  4.2567E-06 ( 54, 28)   vdiff=  4.0107E-06 ( 57, 26)
n=  9026   udiff=  4.2530E-06 ( 54, 28)   vdiff=  3.9993E-06 ( 57, 26)
n=  9027   udiff=  4.2484E-06 ( 54, 28)   vdiff=  3.9967E-06 ( 57, 26)
n=  9028   udiff=  4.2395E-06 ( 54, 28)   vdiff=  3.9913E-06 ( 57, 26)
n=  9029   udiff=  4.2337E-06 ( 54, 28)   vdiff=  3.9861E-06 ( 57, 26)
n=  9030   udiff=  4.2321E-06 ( 54, 28)   vdiff=  3.9798E-06 ( 57, 26)
n=  9031   udiff=  4.2203E-06 ( 54, 28)   vdiff=  3.9739E-06 ( 57, 26)
n=  9032   udiff=  4.2162E-06 ( 54, 28)   vdiff=  3.9700E-06 ( 57, 26)
n=  9033   udiff=  4.2096E-06 ( 54, 28)   vdiff=  3.9601E-06 ( 57, 26)
n=  9034   udiff=  4.2047E-06 ( 54, 28)   vdiff=  3.9570E-06 ( 57, 26)
n=  9035   udiff=  4.1955E-06 ( 54, 28)   vdiff=  3.9504E-06 ( 57, 26)
n=  9036   udiff=  4.1920E-06 ( 54, 28)   vdiff=  3.9449E-06 ( 57, 26)
n=  9037   udiff=  4.1860E-06 ( 54, 28)   vdiff=  3.9325E-06 ( 57, 26)
n=  9038   udiff=  4.1810E-06 ( 54, 28)   vdiff=  3.9321E-06 ( 57, 26)
n=  9039   udiff=  4.1714E-06 ( 54, 28)   vdiff=  3.9271E-06 ( 57, 26)
n=  9040   udiff=  4.1665E-06 ( 54, 28)   vdiff=  3.9221E-06 ( 57, 26)
n=  9041   udiff=  4.1599E-06 ( 54, 28)   vdiff=  3.9164E-06 ( 57, 26)
n=  9042   udiff=  4.1577E-06 ( 54, 28)   vdiff=  3.9038E-06 ( 57, 26)
n=  9043   udiff=  4.1523E-06 ( 54, 28)   vdiff=  3.9040E-06 ( 57, 26)
n=  9044   udiff=  4.1499E-06 ( 54, 28)   vdiff=  3.9027E-06 ( 57, 26)
n=  9045   udiff=  4.1413E-06 ( 54, 28)   vdiff=  3.8902E-06 ( 57, 26)
n=  9046   udiff=  4.1340E-06 ( 54, 28)   vdiff=  3.8843E-06 ( 57, 26)
n=  9047   udiff=  4.1260E-06 ( 54, 28)   vdiff=  3.8804E-06 ( 57, 26)
n=  9048   udiff=  4.1241E-06 ( 54, 28)   vdiff=  3.8798E-06 ( 57, 26)
n=  9049   udiff=  4.1177E-06 ( 54, 28)   vdiff=  3.8760E-06 ( 57, 26)
n=  9050   udiff=  4.1111E-06 ( 54, 28)   vdiff=  3.8720E-06 ( 57, 26)
n=  9051   udiff=  4.1016E-06 ( 54, 28)   vdiff=  3.8642E-06 ( 57, 26)
n=  9052   udiff=  4.0993E-06 ( 54, 28)   vdiff=  3.8547E-06 ( 57, 26)
n=  9053   udiff=  4.0922E-06 ( 54, 28)   vdiff=  3.8527E-06 ( 57, 26)
n=  9054   udiff=  4.0869E-06 ( 54, 28)   vdiff=  3.8412E-06 ( 57, 26)
n=  9055   udiff=  4.0804E-06 ( 54, 28)   vdiff=  3.8373E-06 ( 57, 26)
n=  9056   udiff=  4.0775E-06 ( 54, 28)   vdiff=  3.8284E-06 ( 57, 26)
n=  9057   udiff=  4.0677E-06 ( 54, 28)   vdiff=  3.8266E-06 ( 57, 26)
n=  9058   udiff=  4.0656E-06 ( 54, 28)   vdiff=  3.8182E-06 ( 57, 26)
n=  9059   udiff=  4.0590E-06 ( 54, 28)   vdiff=  3.8169E-06 ( 57, 26)
n=  9060   udiff=  4.0514E-06 ( 54, 28)   vdiff=  3.8095E-06 ( 57, 26)
n=  9061   udiff=  4.0446E-06 ( 54, 28)   vdiff=  3.8050E-06 ( 57, 26)
n=  9062   udiff=  4.0398E-06 ( 54, 28)   vdiff=  3.8032E-06 ( 57, 26)
n=  9063   udiff=  4.0345E-06 ( 54, 28)   vdiff=  3.7928E-06 ( 57, 26)
n=  9064   udiff=  4.0268E-06 ( 54, 28)   vdiff=  3.7888E-06 ( 57, 26)
n=  9065   udiff=  4.0218E-06 ( 54, 28)   vdiff=  3.7806E-06 ( 57, 26)
n=  9066   udiff=  4.0149E-06 ( 54, 28)   vdiff=  3.7773E-06 ( 57, 26)
n=  9067   udiff=  4.0112E-06 ( 54, 28)   vdiff=  3.7732E-06 ( 57, 26)
n=  9068   udiff=  4.0062E-06 ( 54, 28)   vdiff=  3.7698E-06 ( 57, 26)
n=  9069   udiff=  3.9960E-06 ( 54, 28)   vdiff=  3.7584E-06 ( 57, 26)
n=  9070   udiff=  3.9890E-06 ( 55, 28)   vdiff=  3.7535E-06 ( 57, 26)
n=  9071   udiff=  3.9853E-06 ( 54, 28)   vdiff=  3.7453E-06 ( 57, 26)
n=  9072   udiff=  3.9788E-06 ( 55, 28)   vdiff=  3.7422E-06 ( 57, 26)
n=  9073   udiff=  3.9764E-06 ( 55, 28)   vdiff=  3.7417E-06 ( 57, 26)
n=  9074   udiff=  3.9740E-06 ( 55, 28)   vdiff=  3.7293E-06 ( 57, 26)
n=  9075   udiff=  3.9645E-06 ( 55, 28)   vdiff=  3.7263E-06 ( 57, 26)
n=  9076   udiff=  3.9613E-06 ( 55, 28)   vdiff=  3.7214E-06 ( 57, 26)
n=  9077   udiff=  3.9578E-06 ( 55, 28)   vdiff=  3.7135E-06 ( 57, 26)
n=  9078   udiff=  3.9550E-06 ( 55, 28)   vdiff=  3.7081E-06 ( 57, 26)
n=  9079   udiff=  3.9544E-06 ( 55, 28)   vdiff=  3.6994E-06 ( 57, 26)
n=  9080   udiff=  3.9459E-06 ( 55, 28)   vdiff=  3.6980E-06 ( 57, 26)
n=  9081   udiff=  3.9435E-06 ( 55, 28)   vdiff=  3.6927E-06 ( 57, 26)
n=  9082   udiff=  3.9410E-06 ( 55, 28)   vdiff=  3.6879E-06 ( 57, 26)
n=  9083   udiff=  3.9376E-06 ( 55, 28)   vdiff=  3.6800E-06 ( 57, 26)
n=  9084   udiff=  3.9298E-06 ( 55, 28)   vdiff=  3.6744E-06 ( 57, 26)
n=  9085   udiff=  3.9252E-06 ( 55, 28)   vdiff=  3.6698E-06 ( 57, 26)
n=  9086   udiff=  3.9214E-06 ( 55, 28)   vdiff=  3.6634E-06 ( 57, 26)
n=  9087   udiff=  3.9197E-06 ( 55, 28)   vdiff=  3.6609E-06 ( 57, 26)
n=  9088   udiff=  3.9153E-06 ( 55, 28)   vdiff=  3.6504E-06 ( 57, 26)
n=  9089   udiff=  3.9096E-06 ( 55, 28)   vdiff=  3.6466E-06 ( 57, 26)
n=  9090   udiff=  3.9030E-06 ( 55, 28)   vdiff=  3.6371E-06 ( 57, 26)
n=  9091   udiff=  3.8972E-06 ( 55, 28)   vdiff=  3.6336E-06 ( 57, 26)
n=  9092   udiff=  3.8944E-06 ( 55, 28)   vdiff=  3.6240E-06 ( 57, 26)
n=  9093   udiff=  3.8835E-06 ( 55, 28)   vdiff=  3.6188E-06 ( 57, 26)
n=  9094   udiff=  3.8818E-06 ( 55, 28)   vdiff=  3.6143E-06 ( 57, 26)
n=  9095   udiff=  3.8785E-06 ( 55, 28)   vdiff=  3.6086E-06 ( 57, 26)
n=  9096   udiff=  3.8759E-06 ( 55, 28)   vdiff=  3.6021E-06 ( 57, 26)
n=  9097   udiff=  3.8708E-06 ( 55, 28)   vdiff=  3.5934E-06 ( 57, 26)
n=  9098   udiff=  3.8691E-06 ( 55, 28)   vdiff=  3.5991E-06 ( 57, 26)
n=  9099   udiff=  3.8617E-06 ( 55, 28)   vdiff=  3.5926E-06 ( 57, 26)
n=  9100   udiff=  3.8602E-06 ( 55, 28)   vdiff=  3.5871E-06 ( 57, 26)
n=  9101   udiff=  3.8568E-06 ( 55, 28)   vdiff=  3.5843E-06 ( 57, 26)
n=  9102   udiff=  3.8511E-06 ( 55, 28)   vdiff=  3.5762E-06 ( 57, 26)
n=  9103   udiff=  3.8426E-06 ( 55, 28)   vdiff=  3.5720E-06 ( 57, 26)
n=  9104   udiff=  3.8360E-06 ( 55, 28)   vdiff=  3.5568E-06 ( 57, 26)
n=  9105   udiff=  3.8324E-06 ( 55, 28)   vdiff=  3.5505E-06 ( 57, 26)
n=  9106   udiff=  3.8274E-06 ( 55, 28)   vdiff=  3.5440E-06 ( 57, 26)
n=  9107   udiff=  3.8187E-06 ( 55, 28)   vdiff=  3.5370E-06 ( 57, 26)
n=  9108   udiff=  3.8170E-06 ( 55, 28)   vdiff=  3.5313E-06 ( 57, 26)
n=  9109   udiff=  3.8131E-06 ( 55, 28)   vdiff=  3.5267E-06 ( 57, 26)
n=  9110   udiff=  3.8078E-06 ( 55, 28)   vdiff=  3.5279E-06 ( 57, 26)
n=  9111   udiff=  3.8061E-06 ( 55, 28)   vdiff=  3.5158E-06 ( 57, 26)
n=  9112   udiff=  3.7995E-06 ( 55, 28)   vdiff=  3.5127E-06 ( 57, 26)
n=  9113   udiff=  3.7964E-06 ( 55, 28)   vdiff=  3.5104E-06 ( 57, 26)
n=  9114   udiff=  3.7950E-06 ( 55, 28)   vdiff=  3.5060E-06 ( 57, 26)
n=  9115   udiff=  3.7908E-06 ( 55, 28)   vdiff=  3.4987E-06 ( 57, 26)
n=  9116   udiff=  3.7843E-06 ( 55, 28)   vdiff=  3.4920E-06 ( 57, 26)
n=  9117   udiff=  3.7763E-06 ( 55, 28)   vdiff=  3.4888E-06 ( 57, 26)
n=  9118   udiff=  3.7738E-06 ( 55, 28)   vdiff=  3.4870E-06 ( 57, 26)
n=  9119   udiff=  3.7694E-06 ( 55, 28)   vdiff=  3.4800E-06 ( 57, 26)
n=  9120   udiff=  3.7660E-06 ( 55, 28)   vdiff=  3.4740E-06 ( 57, 26)
n=  9121   udiff=  3.7575E-06 ( 55, 28)   vdiff=  3.4578E-06 ( 57, 26)
n=  9122   udiff=  3.7511E-06 ( 55, 28)   vdiff=  3.4533E-06 ( 57, 26)
n=  9123   udiff=  3.7474E-06 ( 55, 28)   vdiff=  3.4470E-06 ( 57, 26)
n=  9124   udiff=  3.7441E-06 ( 55, 28)   vdiff=  3.4430E-06 ( 57, 26)
n=  9125   udiff=  3.7392E-06 ( 55, 28)   vdiff=  3.4405E-06 ( 57, 26)
n=  9126   udiff=  3.7354E-06 ( 55, 28)   vdiff=  3.4373E-06 ( 57, 26)
n=  9127   udiff=  3.7283E-06 ( 55, 28)   vdiff=  3.4336E-06 ( 57, 26)
n=  9128   udiff=  3.7261E-06 ( 55, 28)   vdiff=  3.4271E-06 ( 58, 25)
n=  9129   udiff=  3.7230E-06 ( 55, 28)   vdiff=  3.4233E-06 ( 58, 25)
n=  9130   udiff=  3.7184E-06 ( 55, 28)   vdiff=  3.4218E-06 ( 58, 25)
n=  9131   udiff=  3.7117E-06 ( 55, 28)   vdiff=  3.4152E-06 ( 58, 25)
n=  9132   udiff=  3.7052E-06 ( 55, 28)   vdiff=  3.4087E-06 ( 58, 25)
n=  9133   udiff=  3.7030E-06 ( 55, 28)   vdiff=  3.4118E-06 ( 58, 25)
n=  9134   udiff=  3.7001E-06 ( 55, 28)   vdiff=  3.4083E-06 ( 58, 25)
n=  9135   udiff=  3.6985E-06 ( 55, 28)   vdiff=  3.4078E-06 ( 58, 25)
n=  9136   udiff=  3.6944E-06 ( 55, 28)   vdiff=  3.4156E-06 ( 58, 25)
n=  9137   udiff=  3.6841E-06 ( 55, 28)   vdiff=  3.4078E-06 ( 58, 25)
n=  9138   udiff=  3.6808E-06 ( 55, 28)   vdiff=  3.4092E-06 ( 58, 25)
n=  9139   udiff=  3.6743E-06 ( 55, 28)   vdiff=  3.4028E-06 ( 58, 25)
n=  9140   udiff=  3.6703E-06 ( 55, 28)   vdiff=  3.3974E-06 ( 58, 25)
n=  9141   udiff=  3.6592E-06 ( 55, 28)   vdiff=  3.3895E-06 ( 58, 25)
n=  9142   udiff=  3.6547E-06 ( 55, 28)   vdiff=  3.3878E-06 ( 58, 25)
n=  9143   udiff=  3.6529E-06 ( 55, 28)   vdiff=  3.3831E-06 ( 58, 25)
n=  9144   udiff=  3.6463E-06 ( 55, 28)   vdiff=  3.3813E-06 ( 58, 25)
n=  9145   udiff=  3.6426E-06 ( 55, 28)   vdiff=  3.3751E-06 ( 58, 25)
n=  9146   udiff=  3.6410E-06 ( 55, 28)   vdiff=  3.3665E-06 ( 58, 25)
n=  9147   udiff=  3.6326E-06 ( 55, 28)   vdiff=  3.3809E-06 ( 58, 25)
n=  9148   udiff=  3.6290E-06 ( 55, 28)   vdiff=  3.3774E-06 ( 58, 25)
n=  9149   udiff=  3.6292E-06 ( 55, 28)   vdiff=  3.3822E-06 ( 58, 25)
n=  9150   udiff=  3.6236E-06 ( 55, 28)   vdiff=  3.3701E-06 ( 58, 25)
n=  9151   udiff=  3.6161E-06 ( 55, 28)   vdiff=  3.3685E-06 ( 58, 25)
n=  9152   udiff=  3.6131E-06 ( 55, 28)   vdiff=  3.3620E-06 ( 58, 25)
n=  9153   udiff=  3.6069E-06 ( 55, 28)   vdiff=  3.3592E-06 ( 58, 25)
n=  9154   udiff=  3.6026E-06 ( 55, 28)   vdiff=  3.3612E-06 ( 58, 25)
n=  9155   udiff=  3.5970E-06 ( 55, 28)   vdiff=  3.3486E-06 ( 58, 25)
n=  9156   udiff=  3.5918E-06 ( 55, 28)   vdiff=  3.3511E-06 ( 58, 25)
n=  9157   udiff=  3.5896E-06 ( 55, 28)   vdiff=  3.3457E-06 ( 58, 25)
n=  9158   udiff=  3.5827E-06 ( 55, 28)   vdiff=  3.3586E-06 ( 58, 25)
n=  9159   udiff=  3.5779E-06 ( 55, 28)   vdiff=  3.3495E-06 ( 58, 25)
n=  9160   udiff=  3.5778E-06 ( 55, 28)   vdiff=  3.3478E-06 ( 58, 25)
n=  9161   udiff=  3.5725E-06 ( 55, 28)   vdiff=  3.3518E-06 ( 58, 25)
n=  9162   udiff=  3.5652E-06 ( 55, 28)   vdiff=  3.3440E-06 ( 58, 25)
n=  9163   udiff=  3.5584E-06 ( 55, 28)   vdiff=  3.3423E-06 ( 58, 25)
n=  9164   udiff=  3.5549E-06 ( 55, 28)   vdiff=  3.3337E-06 ( 58, 25)
n=  9165   udiff=  3.5524E-06 ( 55, 28)   vdiff=  3.3311E-06 ( 58, 25)
n=  9166   udiff=  3.5484E-06 ( 55, 28)   vdiff=  3.3269E-06 ( 58, 25)
n=  9167   udiff=  3.5448E-06 ( 55, 28)   vdiff=  3.3401E-06 ( 58, 25)
n=  9168   udiff=  3.5415E-06 ( 55, 28)   vdiff=  3.3283E-06 ( 58, 25)
n=  9169   udiff=  3.5356E-06 ( 55, 28)   vdiff=  3.3292E-06 ( 58, 25)
n=  9170   udiff=  3.5305E-06 ( 55, 28)   vdiff=  3.3266E-06 ( 58, 25)
n=  9171   udiff=  3.5241E-06 ( 55, 28)   vdiff=  3.3153E-06 ( 58, 25)
n=  9172   udiff=  3.5175E-06 ( 55, 28)   vdiff=  3.3141E-06 ( 58, 25)
n=  9173   udiff=  3.5135E-06 ( 55, 28)   vdiff=  3.3079E-06 ( 58, 25)
n=  9174   udiff=  3.5063E-06 ( 55, 28)   vdiff=  3.3097E-06 ( 58, 25)
n=  9175   udiff=  3.5018E-06 ( 55, 28)   vdiff=  3.2938E-06 ( 58, 25)
n=  9176   udiff=  3.4971E-06 ( 55, 28)   vdiff=  3.2974E-06 ( 58, 25)
n=  9177   udiff=  3.4964E-06 ( 55, 28)   vdiff=  3.3075E-06 ( 58, 25)
n=  9178   udiff=  3.4932E-06 ( 55, 28)   vdiff=  3.3048E-06 ( 58, 25)
n=  9179   udiff=  3.4872E-06 ( 55, 28)   vdiff=  3.3031E-06 ( 58, 25)
n=  9180   udiff=  3.4788E-06 ( 55, 28)   vdiff=  3.2915E-06 ( 58, 25)
n=  9181   udiff=  3.4750E-06 ( 55, 28)   vdiff=  3.2930E-06 ( 58, 25)
n=  9182   udiff=  3.4694E-06 ( 55, 28)   vdiff=  3.2765E-06 ( 58, 25)
n=  9183   udiff=  3.4645E-06 ( 55, 28)   vdiff=  3.2771E-06 ( 58, 25)
n=  9184   udiff=  3.4626E-06 ( 55, 28)   vdiff=  3.2826E-06 ( 58, 25)
n=  9185   udiff=  3.4618E-06 ( 55, 28)   vdiff=  3.2893E-06 ( 58, 25)
n=  9186   udiff=  3.4518E-06 ( 55, 28)   vdiff=  3.2858E-06 ( 58, 25)
n=  9187   udiff=  3.4459E-06 ( 55, 28)   vdiff=  3.2726E-06 ( 58, 25)
n=  9188   udiff=  3.4418E-06 ( 55, 28)   vdiff=  3.2748E-06 ( 58, 25)
n=  9189   udiff=  3.4396E-06 ( 55, 28)   vdiff=  3.2682E-06 ( 58, 25)
n=  9190   udiff=  3.4332E-06 ( 55, 28)   vdiff=  3.2656E-06 ( 58, 25)
n=  9191   udiff=  3.4267E-06 ( 55, 28)   vdiff=  3.2621E-06 ( 58, 25)
n=  9192   udiff=  3.4241E-06 ( 55, 28)   vdiff=  3.2538E-06 ( 58, 25)
n=  9193   udiff=  3.4197E-06 ( 55, 28)   vdiff=  3.2688E-06 ( 58, 25)
n=  9194   udiff=  3.4161E-06 ( 55, 28)   vdiff=  3.2631E-06 ( 58, 25)
n=  9195   udiff=  3.4100E-06 ( 55, 28)   vdiff=  3.2610E-06 ( 58, 25)
n=  9196   udiff=  3.4070E-06 ( 55, 28)   vdiff=  3.2521E-06 ( 58, 25)
n=  9197   udiff=  3.4012E-06 ( 55, 28)   vdiff=  3.2474E-06 ( 58, 25)
n=  9198   udiff=  3.3947E-06 ( 55, 28)   vdiff=  3.2455E-06 ( 58, 25)
n=  9199   udiff=  3.3922E-06 ( 55, 28)   vdiff=  3.2402E-06 ( 58, 25)
n=  9200   udiff=  3.3880E-06 ( 55, 28)   vdiff=  3.2425E-06 ( 58, 25)
n=  9201   udiff=  3.3835E-06 ( 55, 28)   vdiff=  3.2402E-06 ( 58, 25)
n=  9202   udiff=  3.3781E-06 ( 55, 28)   vdiff=  3.2395E-06 ( 58, 25)
n=  9203   udiff=  3.3714E-06 ( 55, 28)   vdiff=  3.2311E-06 ( 58, 25)
n=  9204   udiff=  3.3660E-06 ( 55, 28)   vdiff=  3.2313E-06 ( 58, 25)
n=  9205   udiff=  3.3636E-06 ( 55, 28)   vdiff=  3.2303E-06 ( 58, 25)
n=  9206   udiff=  3.3607E-06 ( 55, 28)   vdiff=  3.2167E-06 ( 58, 25)
n=  9207   udiff=  3.3580E-06 ( 55, 28)   vdiff=  3.2215E-06 ( 58, 25)
n=  9208   udiff=  3.3485E-06 ( 55, 28)   vdiff=  3.2151E-06 ( 58, 25)
n=  9209   udiff=  3.3408E-06 ( 55, 28)   vdiff=  3.2244E-06 ( 58, 25)
n=  9210   udiff=  3.3395E-06 ( 55, 28)   vdiff=  3.2216E-06 ( 58, 25)
n=  9211   udiff=  3.3309E-06 ( 55, 28)   vdiff=  3.2004E-06 ( 58, 25)
n=  9212   udiff=  3.3261E-06 ( 55, 28)   vdiff=  3.2014E-06 ( 58, 25)
n=  9213   udiff=  3.3251E-06 ( 55, 28)   vdiff=  3.1986E-06 ( 58, 25)
n=  9214   udiff=  3.3160E-06 ( 55, 28)   vdiff=  3.1981E-06 ( 58, 25)
n=  9215   udiff=  3.3100E-06 ( 55, 28)   vdiff=  3.1885E-06 ( 58, 25)
n=  9216   udiff=  3.3053E-06 ( 55, 28)   vdiff=  3.1958E-06 ( 58, 25)
n=  9217   udiff=  3.3015E-06 ( 55, 28)   vdiff=  3.1927E-06 ( 58, 25)
n=  9218   udiff=  3.2981E-06 ( 55, 28)   vdiff=  3.1878E-06 ( 58, 25)
n=  9219   udiff=  3.2933E-06 ( 55, 28)   vdiff=  3.1813E-06 ( 58, 25)
n=  9220   udiff=  3.2879E-06 ( 55, 28)   vdiff=  3.1752E-06 ( 58, 25)
n=  9221   udiff=  3.2808E-06 ( 55, 28)   vdiff=  3.1745E-06 ( 58, 25)
n=  9222   udiff=  3.2750E-06 ( 55, 28)   vdiff=  3.1675E-06 ( 58, 25)
n=  9223   udiff=  3.2710E-06 ( 55, 28)   vdiff=  3.1678E-06 ( 58, 25)
n=  9224   udiff=  3.2671E-06 ( 55, 28)   vdiff=  3.1665E-06 ( 58, 25)
n=  9225   udiff=  3.2613E-06 ( 55, 28)   vdiff=  3.1601E-06 ( 58, 25)
n=  9226   udiff=  3.2561E-06 ( 55, 28)   vdiff=  3.1625E-06 ( 58, 25)
n=  9227   udiff=  3.2538E-06 ( 55, 28)   vdiff=  3.1471E-06 ( 58, 25)
n=  9228   udiff=  3.2457E-06 ( 55, 28)   vdiff=  3.1450E-06 ( 58, 25)
n=  9229   udiff=  3.2427E-06 ( 55, 28)   vdiff=  3.1574E-06 ( 58, 25)
n=  9230   udiff=  3.2387E-06 ( 55, 28)   vdiff=  3.1545E-06 ( 58, 25)
n=  9231   udiff=  3.2330E-06 ( 55, 28)   vdiff=  3.1475E-06 ( 58, 25)
n=  9232   udiff=  3.2295E-06 ( 55, 28)   vdiff=  3.1418E-06 ( 58, 25)
n=  9233   udiff=  3.2277E-06 ( 55, 28)   vdiff=  3.1381E-06 ( 58, 25)
n=  9234   udiff=  3.2211E-06 ( 55, 28)   vdiff=  3.1361E-06 ( 58, 25)
n=  9235   udiff=  3.2154E-06 ( 55, 28)   vdiff=  3.1266E-06 ( 58, 25)
n=  9236   udiff=  3.2114E-06 ( 55, 28)   vdiff=  3.1412E-06 ( 58, 25)
n=  9237   udiff=  3.2077E-06 ( 55, 28)   vdiff=  3.1311E-06 ( 58, 25)
n=  9238   udiff=  3.2052E-06 ( 55, 28)   vdiff=  3.1273E-06 ( 58, 25)
n=  9239   udiff=  3.1976E-06 ( 55, 28)   vdiff=  3.1222E-06 ( 58, 25)
n=  9240   udiff=  3.1950E-06 ( 55, 28)   vdiff=  3.1176E-06 ( 58, 25)
n=  9241   udiff=  3.1901E-06 ( 55, 28)   vdiff=  3.1181E-06 ( 58, 25)
n=  9242   udiff=  3.1821E-06 ( 55, 28)   vdiff=  3.1198E-06 ( 58, 25)
n=  9243   udiff=  3.1795E-06 ( 55, 28)   vdiff=  3.1174E-06 ( 58, 25)
n=  9244   udiff=  3.1766E-06 ( 55, 28)   vdiff=  3.1162E-06 ( 58, 25)
n=  9245   udiff=  3.1727E-06 ( 55, 28)   vdiff=  3.1069E-06 ( 58, 25)
n=  9246   udiff=  3.1700E-06 ( 55, 28)   vdiff=  3.1031E-06 ( 58, 25)
n=  9247   udiff=  3.1600E-06 ( 55, 28)   vdiff=  3.0929E-06 ( 58, 25)
n=  9248   udiff=  3.1558E-06 ( 55, 28)   vdiff=  3.1093E-06 ( 58, 25)
n=  9249   udiff=  3.1527E-06 ( 55, 28)   vdiff=  3.1043E-06 ( 58, 25)
n=  9250   udiff=  3.1471E-06 ( 55, 28)   vdiff=  3.0920E-06 ( 58, 25)
n=  9251   udiff=  3.1434E-06 ( 55, 28)   vdiff=  3.0891E-06 ( 58, 25)
n=  9252   udiff=  3.1377E-06 ( 55, 28)   vdiff=  3.0804E-06 ( 58, 25)
n=  9253   udiff=  3.1351E-06 ( 55, 28)   vdiff=  3.0757E-06 ( 58, 25)
n=  9254   udiff=  3.1280E-06 ( 55, 28)   vdiff=  3.0890E-06 ( 58, 25)
n=  9255   udiff=  3.1212E-06 ( 55, 28)   vdiff=  3.0783E-06 ( 58, 25)
n=  9256   udiff=  3.1191E-06 ( 55, 28)   vdiff=  3.0733E-06 ( 58, 25)
n=  9257   udiff=  3.1114E-06 ( 55, 28)   vdiff=  3.0658E-06 ( 58, 25)
n=  9258   udiff=  3.1103E-06 ( 55, 28)   vdiff=  3.0674E-06 ( 58, 25)
n=  9259   udiff=  3.1013E-06 ( 55, 28)   vdiff=  3.0579E-06 ( 58, 25)
n=  9260   udiff=  3.0967E-06 ( 55, 28)   vdiff=  3.0552E-06 ( 58, 25)
n=  9261   udiff=  3.0906E-06 ( 55, 28)   vdiff=  3.0553E-06 ( 58, 25)
n=  9262   udiff=  3.0846E-06 ( 55, 28)   vdiff=  3.0486E-06 ( 58, 25)
n=  9263   udiff=  3.0808E-06 ( 55, 28)   vdiff=  3.0431E-06 ( 58, 25)
n=  9264   udiff=  3.0789E-06 ( 55, 28)   vdiff=  3.0469E-06 ( 58, 25)
n=  9265   udiff=  3.0754E-06 ( 55, 28)   vdiff=  3.0493E-06 ( 58, 25)
n=  9266   udiff=  3.0680E-06 ( 55, 28)   vdiff=  3.0389E-06 ( 58, 25)
n=  9267   udiff=  3.0655E-06 ( 55, 28)   vdiff=  3.0313E-06 ( 58, 25)
n=  9268   udiff=  3.0584E-06 ( 55, 28)   vdiff=  3.0293E-06 ( 58, 25)
n=  9269   udiff=  3.0530E-06 ( 55, 28)   vdiff=  3.0280E-06 ( 58, 25)
n=  9270   udiff=  3.0521E-06 ( 55, 28)   vdiff=  3.0227E-06 ( 58, 25)
n=  9271   udiff=  3.0439E-06 ( 55, 28)   vdiff=  3.0284E-06 ( 58, 25)
n=  9272   udiff=  3.0412E-06 ( 55, 28)   vdiff=  3.0122E-06 ( 58, 25)
n=  9273   udiff=  3.0379E-06 ( 55, 28)   vdiff=  3.0131E-06 ( 58, 25)
n=  9274   udiff=  3.0355E-06 ( 55, 28)   vdiff=  3.0138E-06 ( 58, 25)
n=  9275   udiff=  3.0246E-06 ( 55, 28)   vdiff=  3.0016E-06 ( 58, 25)
n=  9276   udiff=  3.0219E-06 ( 55, 28)   vdiff=  3.0136E-06 ( 58, 25)
n=  9277   udiff=  3.0129E-06 ( 55, 28)   vdiff=  2.9981E-06 ( 58, 25)
n=  9278   udiff=  3.0118E-06 ( 55, 28)   vdiff=  2.9923E-06 ( 58, 25)
n=  9279   udiff=  3.0048E-06 ( 55, 28)   vdiff=  2.9913E-06 ( 58, 25)
n=  9280   udiff=  2.9990E-06 ( 55, 28)   vdiff=  2.9862E-06 ( 58, 25)
n=  9281   udiff=  2.9988E-06 ( 55, 28)   vdiff=  2.9933E-06 ( 58, 25)
n=  9282   udiff=  2.9907E-06 ( 55, 28)   vdiff=  2.9924E-06 ( 58, 25)
n=  9283   udiff=  2.9865E-06 ( 55, 28)   vdiff=  2.9784E-06 ( 58, 25)
n=  9284   udiff=  2.9810E-06 ( 55, 28)   vdiff=  2.9719E-06 ( 58, 25)
n=  9285   udiff=  2.9771E-06 ( 55, 28)   vdiff=  2.9678E-06 ( 58, 25)
n=  9286   udiff=  2.9734E-06 ( 55, 28)   vdiff=  2.9794E-06 ( 58, 25)
n=  9287   udiff=  2.9698E-06 ( 55, 28)   vdiff=  2.9771E-06 ( 58, 25)
n=  9288   udiff=  2.9651E-06 ( 55, 28)   vdiff=  2.9664E-06 ( 58, 25)
n=  9289   udiff=  2.9621E-06 ( 55, 28)   vdiff=  2.9636E-06 ( 58, 25)
n=  9290   udiff=  2.9548E-06 ( 55, 28)   vdiff=  2.9490E-06 ( 58, 25)
n=  9291   udiff=  2.9475E-06 ( 55, 28)   vdiff=  2.9649E-06 ( 58, 25)
n=  9292   udiff=  2.9460E-06 ( 55, 28)   vdiff=  2.9606E-06 ( 58, 25)
n=  9293   udiff=  2.9420E-06 ( 55, 28)   vdiff=  2.9496E-06 ( 58, 25)
n=  9294   udiff=  2.9361E-06 ( 55, 28)   vdiff=  2.9439E-06 ( 58, 25)
n=  9295   udiff=  2.9324E-06 ( 55, 28)   vdiff=  2.9405E-06 ( 58, 25)
n=  9296   udiff=  2.9275E-06 ( 55, 28)   vdiff=  2.9387E-06 ( 58, 25)
n=  9297   udiff=  2.9186E-06 ( 55, 28)   vdiff=  2.9416E-06 ( 58, 25)
n=  9298   udiff=  2.9149E-06 ( 55, 28)   vdiff=  2.9312E-06 ( 58, 25)
n=  9299   udiff=  2.9125E-06 ( 55, 28)   vdiff=  2.9280E-06 ( 58, 25)
n=  9300   udiff=  2.9062E-06 ( 55, 28)   vdiff=  2.9200E-06 ( 58, 25)
n=  9301   udiff=  2.9039E-06 ( 55, 28)   vdiff=  2.9241E-06 ( 58, 25)
n=  9302   udiff=  2.8985E-06 ( 55, 28)   vdiff=  2.9228E-06 ( 58, 25)
n=  9303   udiff=  2.8978E-06 ( 55, 28)   vdiff=  2.9248E-06 ( 58, 25)
n=  9304   udiff=  2.8940E-06 ( 55, 28)   vdiff=  2.9107E-06 ( 58, 25)
n=  9305   udiff=  2.8825E-06 ( 55, 28)   vdiff=  2.9206E-06 ( 58, 25)
n=  9306   udiff=  2.8784E-06 ( 55, 28)   vdiff=  2.9069E-06 ( 58, 25)
n=  9307   udiff=  2.8709E-06 ( 55, 28)   vdiff=  2.8994E-06 ( 58, 25)
n=  9308   udiff=  2.8688E-06 ( 55, 28)   vdiff=  2.8959E-06 ( 58, 25)
n=  9309   udiff=  2.8601E-06 ( 55, 28)   vdiff=  2.8836E-06 ( 58, 25)
n=  9310   udiff=  2.8578E-06 ( 55, 28)   vdiff=  2.8969E-06 ( 58, 25)
n=  9311   udiff=  2.8536E-06 ( 55, 28)   vdiff=  2.8952E-06 ( 58, 25)
n=  9312   udiff=  2.8492E-06 ( 55, 28)   vdiff=  2.8761E-06 ( 58, 25)
n=  9313   udiff=  2.8419E-06 ( 55, 28)   vdiff=  2.8750E-06 ( 58, 25)
n=  9314   udiff=  2.8372E-06 ( 55, 28)   vdiff=  2.8813E-06 ( 58, 25)
n=  9315   udiff=  2.8349E-06 ( 55, 28)   vdiff=  2.8792E-06 ( 58, 25)
n=  9316   udiff=  2.8328E-06 ( 55, 28)   vdiff=  2.8781E-06 ( 58, 25)
n=  9317   udiff=  2.8256E-06 ( 55, 28)   vdiff=  2.8659E-06 ( 58, 25)
n=  9318   udiff=  2.8193E-06 ( 55, 28)   vdiff=  2.8556E-06 ( 58, 25)
n=  9319   udiff=  2.8164E-06 ( 55, 28)   vdiff=  2.8676E-06 ( 58, 25)
n=  9320   udiff=  2.8135E-06 ( 55, 28)   vdiff=  2.8550E-06 ( 58, 25)
n=  9321   udiff=  2.8052E-06 ( 55, 28)   vdiff=  2.8548E-06 ( 58, 25)
n=  9322   udiff=  2.7985E-06 ( 55, 28)   vdiff=  2.8424E-06 ( 58, 25)
n=  9323   udiff=  2.7947E-06 ( 55, 28)   vdiff=  2.8533E-06 ( 58, 25)
n=  9324   udiff=  2.7904E-06 ( 55, 28)   vdiff=  2.8477E-06 ( 58, 25)
n=  9325   udiff=  2.7853E-06 ( 55, 28)   vdiff=  2.8296E-06 ( 58, 25)
n=  9326   udiff=  2.7823E-06 ( 55, 28)   vdiff=  2.8285E-06 ( 58, 25)
n=  9327   udiff=  2.7786E-06 ( 55, 28)   vdiff=  2.8359E-06 ( 58, 25)
n=  9328   udiff=  2.7733E-06 ( 55, 28)   vdiff=  2.8311E-06 ( 58, 25)
n=  9329   udiff=  2.7653E-06 ( 55, 28)   vdiff=  2.8270E-06 ( 58, 25)
n=  9330   udiff=  2.7606E-06 ( 55, 28)   vdiff=  2.8189E-06 ( 58, 25)
n=  9331   udiff=  2.7594E-06 ( 55, 28)   vdiff=  2.8243E-06 ( 58, 25)
n=  9332   udiff=  2.7536E-06 ( 55, 28)   vdiff=  2.8165E-06 ( 58, 25)
n=  9333   udiff=  2.7488E-06 ( 55, 28)   vdiff=  2.8078E-06 ( 58, 25)
n=  9334   udiff=  2.7451E-06 ( 55, 28)   vdiff=  2.8049E-06 ( 58, 25)
n=  9335   udiff=  2.7408E-06 ( 55, 28)   vdiff=  2.8140E-06 ( 58, 25)
n=  9336   udiff=  2.7357E-06 ( 55, 28)   vdiff=  2.8029E-06 ( 58, 25)
n=  9337   udiff=  2.7298E-06 ( 55, 28)   vdiff=  2.7957E-06 ( 58, 25)
n=  9338   udiff=  2.7271E-06 ( 55, 28)   vdiff=  2.7951E-06 ( 58, 25)
n=  9339   udiff=  2.7197E-06 ( 55, 28)   vdiff=  2.7952E-06 ( 58, 25)
n=  9340   udiff=  2.7155E-06 ( 55, 28)   vdiff=  2.7923E-06 ( 58, 25)
n=  9341   udiff=  2.7145E-06 ( 55, 28)   vdiff=  2.7896E-06 ( 58, 25)
n=  9342   udiff=  2.7105E-06 ( 55, 28)   vdiff=  2.7764E-06 ( 58, 25)
n=  9343   udiff=  2.7038E-06 ( 55, 28)   vdiff=  2.7882E-06 ( 58, 25)
n=  9344   udiff=  2.6977E-06 ( 55, 28)   vdiff=  2.7795E-06 ( 58, 25)
n=  9345   udiff=  2.6937E-06 ( 55, 28)   vdiff=  2.7693E-06 ( 58, 25)
n=  9346   udiff=  2.6873E-06 ( 55, 28)   vdiff=  2.7663E-06 ( 58, 25)
n=  9347   udiff=  2.6821E-06 ( 55, 28)   vdiff=  2.7666E-06 ( 58, 25)
n=  9348   udiff=  2.6767E-06 ( 55, 28)   vdiff=  2.7584E-06 ( 58, 25)
n=  9349   udiff=  2.6725E-06 ( 55, 28)   vdiff=  2.7577E-06 ( 58, 25)
n=  9350   udiff=  2.6688E-06 ( 55, 28)   vdiff=  2.7602E-06 ( 59, 24)
n=  9351   udiff=  2.6682E-06 ( 55, 28)   vdiff=  2.7572E-06 ( 58, 25)
n=  9352   udiff=  2.6617E-06 ( 55, 28)   vdiff=  2.7527E-06 ( 58, 25)
n=  9353   udiff=  2.6614E-06 ( 55, 28)   vdiff=  2.7549E-06 ( 59, 24)
n=  9354   udiff=  2.6549E-06 ( 55, 28)   vdiff=  2.7473E-06 ( 59, 24)
n=  9355   udiff=  2.6479E-06 ( 55, 28)   vdiff=  2.7458E-06 ( 58, 25)
n=  9356   udiff=  2.6436E-06 ( 55, 28)   vdiff=  2.7391E-06 ( 59, 24)
n=  9357   udiff=  2.6383E-06 ( 55, 28)   vdiff=  2.7518E-06 ( 59, 24)
n=  9358   udiff=  2.6339E-06 ( 55, 28)   vdiff=  2.7445E-06 ( 59, 24)
n=  9359   udiff=  2.6292E-06 ( 55, 28)   vdiff=  2.7389E-06 ( 59, 24)
n=  9360   udiff=  2.6270E-06 ( 55, 28)   vdiff=  2.7456E-06 ( 59, 24)
n=  9361   udiff=  2.6188E-06 ( 55, 28)   vdiff=  2.7385E-06 ( 59, 24)
n=  9362   udiff=  2.6174E-06 ( 55, 28)   vdiff=  2.7365E-06 ( 59, 24)
n=  9363   udiff=  2.6139E-06 ( 55, 28)   vdiff=  2.7325E-06 ( 59, 24)
n=  9364   udiff=  2.6031E-06 ( 55, 28)   vdiff=  2.7355E-06 ( 59, 24)
n=  9365   udiff=  2.5978E-06 ( 55, 28)   vdiff=  2.7287E-06 ( 59, 24)
n=  9366   udiff=  2.5968E-06 ( 55, 28)   vdiff=  2.7298E-06 ( 59, 24)
n=  9367   udiff=  2.5902E-06 ( 55, 28)   vdiff=  2.7271E-06 ( 59, 24)
n=  9368   udiff=  2.5870E-06 ( 55, 28)   vdiff=  2.7376E-06 ( 59, 24)
n=  9369   udiff=  2.5845E-06 ( 55, 28)   vdiff=  2.7324E-06 ( 59, 24)
n=  9370   udiff=  2.5814E-06 ( 55, 28)   vdiff=  2.7285E-06 ( 59, 24)
n=  9371   udiff=  2.5767E-06 ( 55, 28)   vdiff=  2.7261E-06 ( 59, 24)
n=  9372   udiff=  2.5743E-06 ( 55, 28)   vdiff=  2.7350E-06 ( 59, 24)
n=  9373   udiff=  2.5626E-06 ( 55, 28)   vdiff=  2.7264E-06 ( 59, 24)
n=  9374   udiff=  2.5597E-06 ( 55, 28)   vdiff=  2.7162E-06 ( 59, 24)
n=  9375   udiff=  2.5548E-06 ( 55, 28)   vdiff=  2.7295E-06 ( 59, 24)
n=  9376   udiff=  2.5489E-06 ( 55, 28)   vdiff=  2.7218E-06 ( 59, 24)
n=  9377   udiff=  2.5455E-06 ( 55, 28)   vdiff=  2.7097E-06 ( 59, 24)
n=  9378   udiff=  2.5383E-06 ( 55, 28)   vdiff=  2.6924E-06 ( 59, 24)
n=  9379   udiff=  2.5357E-06 ( 55, 28)   vdiff=  2.7137E-06 ( 59, 24)
n=  9380   udiff=  2.5269E-06 ( 55, 28)   vdiff=  2.6988E-06 ( 59, 24)
n=  9381   udiff=  2.5217E-06 ( 55, 28)   vdiff=  2.6857E-06 ( 59, 24)
n=  9382   udiff=  2.5156E-06 ( 55, 28)   vdiff=  2.6820E-06 ( 59, 24)
n=  9383   udiff=  2.5093E-06 ( 55, 28)   vdiff=  2.6939E-06 ( 59, 24)
n=  9384   udiff=  2.5079E-06 ( 55, 28)   vdiff=  2.6807E-06 ( 59, 24)
n=  9385   udiff=  2.5008E-06 ( 55, 28)   vdiff=  2.6867E-06 ( 59, 24)
n=  9386   udiff=  2.5016E-06 ( 55, 28)   vdiff=  2.6941E-06 ( 59, 24)
n=  9387   udiff=  2.4965E-06 ( 55, 28)   vdiff=  2.6827E-06 ( 59, 24)
n=  9388   udiff=  2.4894E-06 ( 55, 28)   vdiff=  2.6849E-06 ( 59, 24)
n=  9389   udiff=  2.4892E-06 ( 55, 28)   vdiff=  2.6858E-06 ( 59, 24)
n=  9390   udiff=  2.4852E-06 ( 55, 28)   vdiff=  2.6846E-06 ( 59, 24)
n=  9391   udiff=  2.4817E-06 ( 55, 28)   vdiff=  2.6858E-06 ( 59, 24)
n=  9392   udiff=  2.4713E-06 ( 55, 28)   vdiff=  2.6787E-06 ( 59, 24)
n=  9393   udiff=  2.4704E-06 ( 55, 28)   vdiff=  2.6878E-06 ( 59, 24)
n=  9394   udiff=  2.4672E-06 ( 55, 28)   vdiff=  2.6881E-06 ( 59, 24)
n=  9395   udiff=  2.4625E-06 ( 55, 28)   vdiff=  2.6762E-06 ( 59, 24)
n=  9396   udiff=  2.4588E-06 ( 55, 28)   vdiff=  2.6717E-06 ( 59, 24)
n=  9397   udiff=  2.4546E-06 ( 55, 28)   vdiff=  2.6910E-06 ( 59, 24)
n=  9398   udiff=  2.4479E-06 ( 55, 28)   vdiff=  2.6769E-06 ( 59, 24)
n=  9399   udiff=  2.4436E-06 ( 55, 28)   vdiff=  2.6717E-06 ( 59, 24)
n=  9400   udiff=  2.4397E-06 ( 55, 28)   vdiff=  2.6705E-06 ( 59, 24)
n=  9401   udiff=  2.4326E-06 ( 55, 28)   vdiff=  2.6623E-06 ( 59, 24)
n=  9402   udiff=  2.4274E-06 ( 55, 28)   vdiff=  2.6596E-06 ( 59, 24)
n=  9403   udiff=  2.4245E-06 ( 55, 28)   vdiff=  2.6628E-06 ( 59, 24)
n=  9404   udiff=  2.4209E-06 ( 55, 28)   vdiff=  2.6635E-06 ( 59, 24)
n=  9405   udiff=  2.4162E-06 ( 55, 28)   vdiff=  2.6600E-06 ( 59, 24)
n=  9406   udiff=  2.4102E-06 ( 55, 28)   vdiff=  2.6622E-06 ( 59, 24)
n=  9407   udiff=  2.4082E-06 ( 55, 28)   vdiff=  2.6519E-06 ( 59, 24)
n=  9408   udiff=  2.4029E-06 ( 55, 28)   vdiff=  2.6591E-06 ( 59, 24)
n=  9409   udiff=  2.3998E-06 ( 55, 28)   vdiff=  2.6630E-06 ( 59, 24)
n=  9410   udiff=  2.3958E-06 ( 55, 28)   vdiff=  2.6535E-06 ( 59, 24)
n=  9411   udiff=  2.3913E-06 ( 55, 28)   vdiff=  2.6632E-06 ( 59, 24)
n=  9412   udiff=  2.3878E-06 ( 55, 28)   vdiff=  2.6608E-06 ( 59, 24)
n=  9413   udiff=  2.3818E-06 ( 55, 28)   vdiff=  2.6497E-06 ( 59, 24)
n=  9414   udiff=  2.3750E-06 ( 55, 28)   vdiff=  2.6432E-06 ( 59, 24)
n=  9415   udiff=  2.3701E-06 ( 55, 28)   vdiff=  2.6503E-06 ( 59, 24)
n=  9416   udiff=  2.3644E-06 ( 55, 28)   vdiff=  2.6376E-06 ( 59, 24)
n=  9417   udiff=  2.3586E-06 ( 55, 28)   vdiff=  2.6319E-06 ( 59, 24)
n=  9418   udiff=  2.3549E-06 ( 55, 28)   vdiff=  2.6292E-06 ( 59, 24)
n=  9419   udiff=  2.3527E-06 ( 55, 28)   vdiff=  2.6313E-06 ( 59, 24)
n=  9420   udiff=  2.3497E-06 ( 55, 28)   vdiff=  2.6295E-06 ( 59, 24)
n=  9421   udiff=  2.3422E-06 ( 55, 28)   vdiff=  2.6275E-06 ( 59, 24)
n=  9422   udiff=  2.3404E-06 ( 55, 28)   vdiff=  2.6319E-06 ( 59, 24)
n=  9423   udiff=  2.3382E-06 ( 55, 28)   vdiff=  2.6258E-06 ( 59, 24)
n=  9424   udiff=  2.3279E-06 ( 55, 28)   vdiff=  2.6117E-06 ( 59, 24)
n=  9425   udiff=  2.3241E-06 ( 55, 28)   vdiff=  2.6256E-06 ( 59, 24)
n=  9426   udiff=  2.3237E-06 ( 55, 28)   vdiff=  2.6211E-06 ( 59, 24)
n=  9427   udiff=  2.3180E-06 ( 55, 28)   vdiff=  2.6103E-06 ( 59, 24)
n=  9428   udiff=  2.3149E-06 ( 55, 28)   vdiff=  2.6253E-06 ( 59, 24)
n=  9429   udiff=  2.3088E-06 ( 55, 28)   vdiff=  2.6150E-06 ( 59, 24)
n=  9430   udiff=  2.3049E-06 ( 56, 28)   vdiff=  2.6068E-06 ( 59, 24)
n=  9431   udiff=  2.2982E-06 ( 56, 28)   vdiff=  2.6161E-06 ( 59, 24)
n=  9432   udiff=  2.2951E-06 ( 56, 28)   vdiff=  2.6095E-06 ( 59, 24)
n=  9433   udiff=  2.2956E-06 ( 56, 28)   vdiff=  2.5982E-06 ( 59, 24)
n=  9434   udiff=  2.2899E-06 ( 56, 28)   vdiff=  2.5972E-06 ( 59, 24)
n=  9435   udiff=  2.2859E-06 ( 56, 28)   vdiff=  2.6070E-06 ( 59, 24)
n=  9436   udiff=  2.2846E-06 ( 56, 28)   vdiff=  2.5979E-06 ( 59, 24)
n=  9437   udiff=  2.2810E-06 ( 56, 28)   vdiff=  2.5884E-06 ( 59, 24)
n=  9438   udiff=  2.2779E-06 ( 56, 28)   vdiff=  2.6050E-06 ( 59, 24)
n=  9439   udiff=  2.2747E-06 ( 56, 28)   vdiff=  2.5928E-06 ( 59, 24)
n=  9440   udiff=  2.2685E-06 ( 56, 28)   vdiff=  2.5855E-06 ( 59, 24)
n=  9441   udiff=  2.2659E-06 ( 56, 28)   vdiff=  2.5973E-06 ( 59, 24)
n=  9442   udiff=  2.2626E-06 ( 56, 28)   vdiff=  2.5933E-06 ( 59, 24)
n=  9443   udiff=  2.2576E-06 ( 56, 28)   vdiff=  2.5788E-06 ( 59, 24)
n=  9444   udiff=  2.2538E-06 ( 56, 28)   vdiff=  2.5719E-06 ( 59, 24)
n=  9445   udiff=  2.2512E-06 ( 56, 28)   vdiff=  2.5819E-06 ( 59, 24)
n=  9446   udiff=  2.2483E-06 ( 56, 28)   vdiff=  2.5780E-06 ( 59, 24)
n=  9447   udiff=  2.2442E-06 ( 56, 28)   vdiff=  2.5735E-06 ( 59, 24)
n=  9448   udiff=  2.2415E-06 ( 56, 28)   vdiff=  2.5816E-06 ( 59, 24)
n=  9449   udiff=  2.2384E-06 ( 56, 28)   vdiff=  2.5772E-06 ( 59, 24)
n=  9450   udiff=  2.2373E-06 ( 56, 28)   vdiff=  2.5641E-06 ( 59, 24)
n=  9451   udiff=  2.2318E-06 ( 56, 28)   vdiff=  2.5744E-06 ( 59, 24)
n=  9452   udiff=  2.2273E-06 ( 56, 28)   vdiff=  2.5670E-06 ( 59, 24)
n=  9453   udiff=  2.2240E-06 ( 56, 28)   vdiff=  2.5507E-06 ( 59, 24)
n=  9454   udiff=  2.2231E-06 ( 56, 28)   vdiff=  2.5673E-06 ( 59, 24)
n=  9455   udiff=  2.2197E-06 ( 56, 28)   vdiff=  2.5664E-06 ( 59, 24)
n=  9456   udiff=  2.2151E-06 ( 56, 28)   vdiff=  2.5555E-06 ( 59, 24)
n=  9457   udiff=  2.2128E-06 ( 56, 28)   vdiff=  2.5575E-06 ( 59, 24)
n=  9458   udiff=  2.2088E-06 ( 56, 28)   vdiff=  2.5617E-06 ( 59, 24)
n=  9459   udiff=  2.2027E-06 ( 56, 28)   vdiff=  2.5437E-06 ( 59, 24)
n=  9460   udiff=  2.2022E-06 ( 56, 28)   vdiff=  2.5399E-06 ( 59, 24)
n=  9461   udiff=  2.1974E-06 ( 56, 28)   vdiff=  2.5543E-06 ( 59, 24)
n=  9462   udiff=  2.1929E-06 ( 56, 28)   vdiff=  2.5403E-06 ( 59, 24)
n=  9463   udiff=  2.1906E-06 ( 56, 28)   vdiff=  2.5278E-06 ( 59, 24)
n=  9464   udiff=  2.1852E-06 ( 56, 28)   vdiff=  2.5448E-06 ( 59, 24)
n=  9465   udiff=  2.1819E-06 ( 56, 28)   vdiff=  2.5300E-06 ( 59, 24)
n=  9466   udiff=  2.1784E-06 ( 56, 28)   vdiff=  2.5254E-06 ( 59, 24)
n=  9467   udiff=  2.1759E-06 ( 56, 28)   vdiff=  2.5425E-06 ( 59, 24)
n=  9468   udiff=  2.1716E-06 ( 56, 28)   vdiff=  2.5313E-06 ( 59, 24)
n=  9469   udiff=  2.1691E-06 ( 56, 28)   vdiff=  2.5249E-06 ( 59, 24)
n=  9470   udiff=  2.1656E-06 ( 56, 28)   vdiff=  2.5293E-06 ( 59, 24)
n=  9471   udiff=  2.1617E-06 ( 56, 28)   vdiff=  2.5231E-06 ( 59, 24)
n=  9472   udiff=  2.1556E-06 ( 56, 28)   vdiff=  2.5230E-06 ( 59, 24)
n=  9473   udiff=  2.1550E-06 ( 56, 28)   vdiff=  2.5261E-06 ( 59, 24)
n=  9474   udiff=  2.1497E-06 ( 56, 28)   vdiff=  2.5195E-06 ( 59, 24)
n=  9475   udiff=  2.1472E-06 ( 56, 28)   vdiff=  2.5162E-06 ( 59, 24)
n=  9476   udiff=  2.1452E-06 ( 56, 28)   vdiff=  2.5211E-06 ( 59, 24)
n=  9477   udiff=  2.1429E-06 ( 56, 28)   vdiff=  2.5163E-06 ( 59, 24)
n=  9478   udiff=  2.1359E-06 ( 56, 28)   vdiff=  2.5099E-06 ( 59, 24)
n=  9479   udiff=  2.1356E-06 ( 56, 28)   vdiff=  2.5167E-06 ( 59, 24)
n=  9480   udiff=  2.1297E-06 ( 56, 28)   vdiff=  2.5050E-06 ( 59, 24)
n=  9481   udiff=  2.1270E-06 ( 56, 28)   vdiff=  2.5027E-06 ( 59, 24)
n=  9482   udiff=  2.1262E-06 ( 56, 28)   vdiff=  2.5113E-06 ( 59, 24)
n=  9483   udiff=  2.1208E-06 ( 56, 28)   vdiff=  2.5021E-06 ( 59, 24)
n=  9484   udiff=  2.1161E-06 ( 56, 28)   vdiff=  2.4989E-06 ( 59, 24)
n=  9485   udiff=  2.1131E-06 ( 56, 28)   vdiff=  2.4921E-06 ( 59, 24)
n=  9486   udiff=  2.1107E-06 ( 56, 28)   vdiff=  2.4999E-06 ( 59, 24)
n=  9487   udiff=  2.1064E-06 ( 56, 28)   vdiff=  2.4866E-06 ( 59, 24)
n=  9488   udiff=  2.1029E-06 ( 56, 28)   vdiff=  2.4882E-06 ( 59, 24)
n=  9489   udiff=  2.0974E-06 ( 56, 28)   vdiff=  2.4944E-06 ( 59, 24)
n=  9490   udiff=  2.0925E-06 ( 56, 28)   vdiff=  2.4738E-06 ( 59, 24)
n=  9491   udiff=  2.0895E-06 ( 56, 28)   vdiff=  2.4731E-06 ( 59, 24)
n=  9492   udiff=  2.0848E-06 ( 56, 28)   vdiff=  2.4815E-06 ( 59, 24)
n=  9493   udiff=  2.0832E-06 ( 56, 28)   vdiff=  2.4687E-06 ( 59, 24)
n=  9494   udiff=  2.0817E-06 ( 56, 28)   vdiff=  2.4630E-06 ( 59, 24)
n=  9495   udiff=  2.0773E-06 ( 56, 28)   vdiff=  2.4811E-06 ( 59, 24)
n=  9496   udiff=  2.0736E-06 ( 56, 28)   vdiff=  2.4665E-06 ( 59, 24)
n=  9497   udiff=  2.0699E-06 ( 56, 28)   vdiff=  2.4576E-06 ( 59, 24)
n=  9498   udiff=  2.0650E-06 ( 56, 28)   vdiff=  2.4657E-06 ( 59, 24)
n=  9499   udiff=  2.0599E-06 ( 56, 28)   vdiff=  2.4538E-06 ( 59, 24)
n=  9500   udiff=  2.0571E-06 ( 56, 28)   vdiff=  2.4597E-06 ( 59, 24)
n=  9501   udiff=  2.0528E-06 ( 56, 28)   vdiff=  2.4558E-06 ( 59, 24)
n=  9502   udiff=  2.0493E-06 ( 56, 28)   vdiff=  2.4509E-06 ( 59, 24)
n=  9503   udiff=  2.0475E-06 ( 56, 28)   vdiff=  2.4572E-06 ( 59, 24)
n=  9504   udiff=  2.0424E-06 ( 56, 28)   vdiff=  2.4421E-06 ( 59, 24)
n=  9505   udiff=  2.0408E-06 ( 56, 28)   vdiff=  2.4314E-06 ( 59, 24)
n=  9506   udiff=  2.0386E-06 ( 56, 28)   vdiff=  2.4434E-06 ( 59, 24)
n=  9507   udiff=  2.0340E-06 ( 56, 28)   vdiff=  2.4387E-06 ( 59, 24)
n=  9508   udiff=  2.0313E-06 ( 56, 28)   vdiff=  2.4335E-06 ( 59, 24)
n=  9509   udiff=  2.0286E-06 ( 56, 28)   vdiff=  2.4399E-06 ( 59, 24)
n=  9510   udiff=  2.0228E-06 ( 56, 28)   vdiff=  2.4333E-06 ( 59, 24)
n=  9511   udiff=  2.0194E-06 ( 56, 28)   vdiff=  2.4290E-06 ( 59, 24)
n=  9512   udiff=  2.0171E-06 ( 56, 28)   vdiff=  2.4237E-06 ( 59, 24)
n=  9513   udiff=  2.0113E-06 ( 56, 28)   vdiff=  2.4273E-06 ( 59, 24)
n=  9514   udiff=  2.0081E-06 ( 56, 28)   vdiff=  2.4238E-06 ( 59, 24)
n=  9515   udiff=  2.0056E-06 ( 56, 28)   vdiff=  2.4214E-06 ( 59, 24)
n=  9516   udiff=  2.0044E-06 ( 56, 28)   vdiff=  2.4241E-06 ( 59, 24)
n=  9517   udiff=  1.9984E-06 ( 56, 28)   vdiff=  2.4097E-06 ( 59, 24)
n=  9518   udiff=  1.9957E-06 ( 56, 28)   vdiff=  2.4059E-06 ( 59, 24)
n=  9519   udiff=  1.9909E-06 ( 56, 28)   vdiff=  2.4032E-06 ( 59, 24)
n=  9520   udiff=  1.9886E-06 ( 56, 28)   vdiff=  2.4059E-06 ( 59, 24)
n=  9521   udiff=  1.9861E-06 ( 56, 28)   vdiff=  2.4075E-06 ( 59, 24)
n=  9522   udiff=  1.9815E-06 ( 56, 28)   vdiff=  2.3976E-06 ( 59, 24)
n=  9523   udiff=  1.9795E-06 ( 56, 28)   vdiff=  2.4070E-06 ( 59, 24)
n=  9524   udiff=  1.9775E-06 ( 56, 28)   vdiff=  2.3992E-06 ( 59, 24)
n=  9525   udiff=  1.9759E-06 ( 56, 28)   vdiff=  2.3939E-06 ( 59, 24)
n=  9526   udiff=  1.9702E-06 ( 56, 28)   vdiff=  2.4051E-06 ( 59, 24)
n=  9527   udiff=  1.9680E-06 ( 56, 28)   vdiff=  2.3953E-06 ( 59, 24)
n=  9528   udiff=  1.9635E-06 ( 56, 28)   vdiff=  2.3920E-06 ( 59, 24)
n=  9529   udiff=  1.9602E-06 ( 56, 28)   vdiff=  2.4012E-06 ( 59, 24)
n=  9530   udiff=  1.9563E-06 ( 56, 28)   vdiff=  2.3845E-06 ( 59, 24)
n=  9531   udiff=  1.9505E-06 ( 56, 28)   vdiff=  2.3759E-06 ( 59, 24)
n=  9532   udiff=  1.9494E-06 ( 56, 28)   vdiff=  2.3807E-06 ( 59, 24)
n=  9533   udiff=  1.9464E-06 ( 56, 28)   vdiff=  2.3788E-06 ( 59, 24)
n=  9534   udiff=  1.9405E-06 ( 56, 28)   vdiff=  2.3629E-06 ( 59, 24)
n=  9535   udiff=  1.9379E-06 ( 56, 28)   vdiff=  2.3763E-06 ( 59, 24)
n=  9536   udiff=  1.9359E-06 ( 56, 28)   vdiff=  2.3710E-06 ( 59, 24)
n=  9537   udiff=  1.9313E-06 ( 56, 28)   vdiff=  2.3649E-06 ( 59, 24)
n=  9538   udiff=  1.9300E-06 ( 56, 28)   vdiff=  2.3608E-06 ( 59, 24)
n=  9539   udiff=  1.9258E-06 ( 56, 28)   vdiff=  2.3611E-06 ( 59, 24)
n=  9540   udiff=  1.9187E-06 ( 56, 28)   vdiff=  2.3648E-06 ( 59, 24)
n=  9541   udiff=  1.9170E-06 ( 56, 28)   vdiff=  2.3524E-06 ( 59, 24)
n=  9542   udiff=  1.9133E-06 ( 56, 28)   vdiff=  2.3428E-06 ( 59, 24)
n=  9543   udiff=  1.9125E-06 ( 56, 28)   vdiff=  2.3604E-06 ( 59, 24)
n=  9544   udiff=  1.9075E-06 ( 56, 28)   vdiff=  2.3405E-06 ( 59, 24)
n=  9545   udiff=  1.9036E-06 ( 56, 28)   vdiff=  2.3330E-06 ( 59, 24)
n=  9546   udiff=  1.9003E-06 ( 56, 28)   vdiff=  2.3401E-06 ( 59, 24)
n=  9547   udiff=  1.8934E-06 ( 56, 28)   vdiff=  2.3299E-06 ( 59, 24)
n=  9548   udiff=  1.8913E-06 ( 56, 28)   vdiff=  2.3380E-06 ( 59, 24)
n=  9549   udiff=  1.8883E-06 ( 56, 28)   vdiff=  2.3330E-06 ( 59, 24)
n=  9550   udiff=  1.8844E-06 ( 56, 28)   vdiff=  2.3340E-06 ( 59, 24)
n=  9551   udiff=  1.8817E-06 ( 56, 28)   vdiff=  2.3280E-06 ( 59, 24)
n=  9552   udiff=  1.8786E-06 ( 56, 28)   vdiff=  2.3253E-06 ( 59, 24)
n=  9553   udiff=  1.8751E-06 ( 56, 28)   vdiff=  2.3203E-06 ( 59, 24)
n=  9554   udiff=  1.8732E-06 ( 56, 28)   vdiff=  2.3290E-06 ( 59, 24)
n=  9555   udiff=  1.8706E-06 ( 56, 28)   vdiff=  2.3198E-06 ( 59, 24)
n=  9556   udiff=  1.8686E-06 ( 56, 28)   vdiff=  2.3274E-06 ( 59, 24)
n=  9557   udiff=  1.8618E-06 ( 56, 28)   vdiff=  2.3116E-06 ( 59, 24)
n=  9558   udiff=  1.8598E-06 ( 56, 28)   vdiff=  2.3146E-06 ( 59, 24)
n=  9559   udiff=  1.8565E-06 ( 56, 28)   vdiff=  2.3209E-06 ( 59, 24)
n=  9560   udiff=  1.8538E-06 ( 56, 28)   vdiff=  2.3127E-06 ( 59, 24)
n=  9561   udiff=  1.8481E-06 ( 56, 28)   vdiff=  2.2987E-06 ( 59, 24)
n=  9562   udiff=  1.8482E-06 ( 56, 28)   vdiff=  2.3158E-06 ( 59, 24)
n=  9563   udiff=  1.8446E-06 ( 56, 28)   vdiff=  2.3088E-06 ( 59, 24)
n=  9564   udiff=  1.8398E-06 ( 56, 28)   vdiff=  2.3084E-06 ( 59, 24)
n=  9565   udiff=  1.8365E-06 ( 56, 28)   vdiff=  2.2947E-06 ( 59, 24)
n=  9566   udiff=  1.8313E-06 ( 56, 28)   vdiff=  2.2923E-06 ( 59, 24)
n=  9567   udiff=  1.8259E-06 ( 56, 28)   vdiff=  2.2818E-06 ( 59, 24)
n=  9568   udiff=  1.8230E-06 ( 56, 28)   vdiff=  2.2728E-06 ( 59, 24)
n=  9569   udiff=  1.8221E-06 ( 56, 28)   vdiff=  2.2806E-06 ( 59, 24)
n=  9570   udiff=  1.8163E-06 ( 56, 28)   vdiff=  2.2754E-06 ( 59, 24)
n=  9571   udiff=  1.8122E-06 ( 56, 28)   vdiff=  2.2640E-06 ( 59, 24)
n=  9572   udiff=  1.8103E-06 ( 56, 28)   vdiff=  2.2704E-06 ( 59, 24)
n=  9573   udiff=  1.8069E-06 ( 56, 28)   vdiff=  2.2643E-06 ( 59, 24)
n=  9574   udiff=  1.8026E-06 ( 56, 28)   vdiff=  2.2740E-06 ( 59, 24)
n=  9575   udiff=  1.7977E-06 ( 56, 28)   vdiff=  2.2666E-06 ( 59, 24)
n=  9576   udiff=  1.7980E-06 ( 56, 28)   vdiff=  2.2598E-06 ( 59, 24)
n=  9577   udiff=  1.7933E-06 ( 56, 28)   vdiff=  2.2672E-06 ( 59, 24)
n=  9578   udiff=  1.7908E-06 ( 56, 28)   vdiff=  2.2511E-06 ( 59, 24)
n=  9579   udiff=  1.7870E-06 ( 56, 28)   vdiff=  2.2545E-06 ( 59, 24)
n=  9580   udiff=  1.7834E-06 ( 56, 28)   vdiff=  2.2574E-06 ( 59, 24)
n=  9581   udiff=  1.7818E-06 ( 56, 28)   vdiff=  2.2430E-06 ( 59, 24)
n=  9582   udiff=  1.7778E-06 ( 56, 28)   vdiff=  2.2465E-06 ( 59, 24)
n=  9583   udiff=  1.7719E-06 ( 56, 28)   vdiff=  2.2460E-06 ( 59, 24)
n=  9584   udiff=  1.7696E-06 ( 56, 28)   vdiff=  2.2306E-06 ( 59, 24)
n=  9585   udiff=  1.7665E-06 ( 56, 28)   vdiff=  2.2363E-06 ( 59, 24)
n=  9586   udiff=  1.7642E-06 ( 56, 28)   vdiff=  2.2294E-06 ( 59, 24)
n=  9587   udiff=  1.7607E-06 ( 56, 28)   vdiff=  2.2419E-06 ( 59, 24)
n=  9588   udiff=  1.7569E-06 ( 56, 28)   vdiff=  2.2302E-06 ( 59, 24)
n=  9589   udiff=  1.7548E-06 ( 56, 28)   vdiff=  2.2219E-06 ( 59, 24)
n=  9590   udiff=  1.7507E-06 ( 56, 28)   vdiff=  2.2236E-06 ( 59, 24)
n=  9591   udiff=  1.7462E-06 ( 56, 28)   vdiff=  2.2181E-06 ( 59, 24)
n=  9592   udiff=  1.7443E-06 ( 56, 28)   vdiff=  2.2221E-06 ( 59, 24)
n=  9593   udiff=  1.7401E-06 ( 56, 28)   vdiff=  2.2126E-06 ( 59, 24)
n=  9594   udiff=  1.7375E-06 ( 56, 28)   vdiff=  2.2064E-06 ( 59, 24)
n=  9595   udiff=  1.7340E-06 ( 56, 28)   vdiff=  2.2137E-06 ( 59, 24)
n=  9596   udiff=  1.7322E-06 ( 56, 28)   vdiff=  2.2078E-06 ( 59, 24)
n=  9597   udiff=  1.7292E-06 ( 56, 28)   vdiff=  2.2132E-06 ( 59, 24)
n=  9598   udiff=  1.7244E-06 ( 56, 28)   vdiff=  2.1951E-06 ( 59, 24)
n=  9599   udiff=  1.7205E-06 ( 56, 28)   vdiff=  2.2119E-06 ( 59, 24)
n=  9600   udiff=  1.7186E-06 ( 56, 28)   vdiff=  2.2063E-06 ( 59, 24)
n=  9601   udiff=  1.7164E-06 ( 56, 28)   vdiff=  2.1994E-06 ( 59, 24)
n=  9602   udiff=  1.7133E-06 ( 56, 28)   vdiff=  2.1964E-06 ( 59, 24)
n=  9603   udiff=  1.7101E-06 ( 56, 28)   vdiff=  2.1891E-06 ( 59, 24)
n=  9604   udiff=  1.7091E-06 ( 56, 28)   vdiff=  2.2061E-06 ( 59, 24)
n=  9605   udiff=  1.7037E-06 ( 56, 28)   vdiff=  2.1897E-06 ( 59, 24)
n=  9606   udiff=  1.7021E-06 ( 56, 28)   vdiff=  2.1814E-06 ( 59, 24)
n=  9607   udiff=  1.6979E-06 ( 56, 28)   vdiff=  2.1854E-06 ( 59, 24)
n=  9608   udiff=  1.6938E-06 ( 56, 28)   vdiff=  2.1876E-06 ( 59, 24)
n=  9609   udiff=  1.6897E-06 ( 56, 28)   vdiff=  2.1804E-06 ( 59, 24)
n=  9610   udiff=  1.6871E-06 ( 56, 28)   vdiff=  2.1745E-06 ( 59, 24)
n=  9611   udiff=  1.6847E-06 ( 56, 28)   vdiff=  2.1660E-06 ( 59, 24)
n=  9612   udiff=  1.6811E-06 ( 56, 28)   vdiff=  2.1829E-06 ( 59, 24)
n=  9613   udiff=  1.6787E-06 ( 56, 28)   vdiff=  2.1695E-06 ( 59, 24)
n=  9614   udiff=  1.6733E-06 ( 56, 28)   vdiff=  2.1675E-06 ( 59, 24)
n=  9615   udiff=  1.6719E-06 ( 56, 28)   vdiff=  2.1600E-06 ( 59, 24)
n=  9616   udiff=  1.6668E-06 ( 56, 28)   vdiff=  2.1626E-06 ( 59, 24)
n=  9617   udiff=  1.6650E-06 ( 56, 28)   vdiff=  2.1625E-06 ( 59, 24)
n=  9618   udiff=  1.6646E-06 ( 56, 28)   vdiff=  2.1552E-06 ( 59, 24)
n=  9619   udiff=  1.6596E-06 ( 56, 28)   vdiff=  2.1614E-06 ( 59, 24)
n=  9620   udiff=  1.6533E-06 ( 56, 28)   vdiff=  2.1438E-06 ( 59, 24)
n=  9621   udiff=  1.6509E-06 ( 56, 28)   vdiff=  2.1545E-06 ( 59, 24)
n=  9622   udiff=  1.6469E-06 ( 56, 28)   vdiff=  2.1443E-06 ( 59, 24)
n=  9623   udiff=  1.6444E-06 ( 56, 28)   vdiff=  2.1279E-06 ( 59, 24)
n=  9624   udiff=  1.6427E-06 ( 56, 28)   vdiff=  2.1333E-06 ( 59, 24)
n=  9625   udiff=  1.6387E-06 ( 56, 28)   vdiff=  2.1271E-06 ( 59, 24)
n=  9626   udiff=  1.6335E-06 ( 56, 28)   vdiff=  2.1379E-06 ( 59, 24)
n=  9627   udiff=  1.6306E-06 ( 56, 28)   vdiff=  2.1254E-06 ( 59, 24)
n=  9628   udiff=  1.6273E-06 ( 56, 28)   vdiff=  2.1275E-06 ( 59, 24)
n=  9629   udiff=  1.6261E-06 ( 56, 28)   vdiff=  2.1244E-06 ( 59, 24)
n=  9630   udiff=  1.6218E-06 ( 56, 28)   vdiff=  2.1216E-06 ( 59, 24)
n=  9631   udiff=  1.6171E-06 ( 56, 28)   vdiff=  2.1170E-06 ( 59, 24)
n=  9632   udiff=  1.6129E-06 ( 56, 28)   vdiff=  2.1000E-06 ( 59, 24)
n=  9633   udiff=  1.6112E-06 ( 56, 28)   vdiff=  2.1061E-06 ( 59, 24)
n=  9634   udiff=  1.6069E-06 ( 56, 28)   vdiff=  2.0956E-06 ( 59, 24)
n=  9635   udiff=  1.6049E-06 ( 56, 28)   vdiff=  2.1106E-06 ( 59, 24)
n=  9636   udiff=  1.6000E-06 ( 56, 28)   vdiff=  2.1020E-06 ( 59, 24)
n=  9637   udiff=  1.5968E-06 ( 56, 28)   vdiff=  2.1055E-06 ( 59, 24)
n=  9638   udiff=  1.5913E-06 ( 56, 28)   vdiff=  2.0878E-06 ( 59, 24)
n=  9639   udiff=  1.5865E-06 ( 56, 28)   vdiff=  2.0804E-06 ( 59, 24)
n=  9640   udiff=  1.5857E-06 ( 56, 28)   vdiff=  2.0852E-06 ( 59, 24)
n=  9641   udiff=  1.5832E-06 ( 56, 28)   vdiff=  2.0772E-06 ( 59, 24)
n=  9642   udiff=  1.5795E-06 ( 56, 28)   vdiff=  2.0750E-06 ( 59, 24)
n=  9643   udiff=  1.5748E-06 ( 56, 28)   vdiff=  2.0687E-06 ( 59, 24)
n=  9644   udiff=  1.5735E-06 ( 56, 28)   vdiff=  2.0845E-06 ( 59, 24)
n=  9645   udiff=  1.5728E-06 ( 56, 28)   vdiff=  2.0779E-06 ( 59, 24)
n=  9646   udiff=  1.5679E-06 ( 56, 28)   vdiff=  2.0717E-06 ( 59, 24)
n=  9647   udiff=  1.5658E-06 ( 56, 28)   vdiff=  2.0666E-06 ( 59, 24)
n=  9648   udiff=  1.5647E-06 ( 56, 28)   vdiff=  2.0579E-06 ( 59, 24)
n=  9649   udiff=  1.5585E-06 ( 56, 28)   vdiff=  2.0592E-06 ( 59, 24)
n=  9650   udiff=  1.5562E-06 ( 56, 28)   vdiff=  2.0529E-06 ( 59, 24)
n=  9651   udiff=  1.5526E-06 ( 56, 28)   vdiff=  2.0591E-06 ( 59, 24)
n=  9652   udiff=  1.5504E-06 ( 56, 28)   vdiff=  2.0519E-06 ( 59, 24)
n=  9653   udiff=  1.5458E-06 ( 56, 28)   vdiff=  2.0587E-06 ( 59, 24)
n=  9654   udiff=  1.5453E-06 ( 56, 28)   vdiff=  2.0527E-06 ( 59, 24)
n=  9655   udiff=  1.5394E-06 ( 56, 28)   vdiff=  2.0509E-06 ( 59, 24)
n=  9656   udiff=  1.5356E-06 ( 56, 28)   vdiff=  2.0414E-06 ( 59, 24)
n=  9657   udiff=  1.5336E-06 ( 56, 28)   vdiff=  2.0280E-06 ( 59, 24)
n=  9658   udiff=  1.5297E-06 ( 56, 28)   vdiff=  2.0364E-06 ( 59, 24)
n=  9659   udiff=  1.5245E-06 ( 56, 28)   vdiff=  2.0300E-06 ( 59, 24)
n=  9660   udiff=  1.5243E-06 ( 56, 28)   vdiff=  2.0335E-06 ( 59, 24)
n=  9661   udiff=  1.5215E-06 ( 56, 28)   vdiff=  2.0230E-06 ( 59, 24)
n=  9662   udiff=  1.5198E-06 ( 56, 28)   vdiff=  2.0293E-06 ( 59, 24)
n=  9663   udiff=  1.5149E-06 ( 56, 28)   vdiff=  2.0296E-06 ( 59, 24)
n=  9664   udiff=  1.5138E-06 ( 56, 28)   vdiff=  2.0364E-06 ( 59, 24)
n=  9665   udiff=  1.5099E-06 ( 56, 28)   vdiff=  2.0131E-06 ( 59, 24)
n=  9666   udiff=  1.5078E-06 ( 56, 28)   vdiff=  2.0190E-06 ( 59, 24)
n=  9667   udiff=  1.5030E-06 ( 56, 28)   vdiff=  2.0111E-06 ( 59, 24)
n=  9668   udiff=  1.5009E-06 ( 56, 28)   vdiff=  2.0118E-06 ( 59, 24)
n=  9669   udiff=  1.5018E-06 ( 56, 28)   vdiff=  2.0090E-06 ( 59, 24)
n=  9670   udiff=  1.4966E-06 ( 56, 28)   vdiff=  2.0009E-06 ( 59, 24)
n=  9671   udiff=  1.4939E-06 ( 56, 28)   vdiff=  2.0077E-06 ( 59, 24)
n=  9672   udiff=  1.4923E-06 ( 56, 28)   vdiff=  1.9974E-06 ( 59, 24)
n=  9673   udiff=  1.4891E-06 ( 56, 28)   vdiff=  2.0045E-06 ( 59, 24)
n=  9674   udiff=  1.4871E-06 ( 56, 28)   vdiff=  2.0003E-06 ( 59, 24)
n=  9675   udiff=  1.4826E-06 ( 56, 28)   vdiff=  2.0064E-06 ( 59, 24)
n=  9676   udiff=  1.4787E-06 ( 56, 28)   vdiff=  1.9993E-06 ( 59, 24)
n=  9677   udiff=  1.4754E-06 ( 56, 28)   vdiff=  1.9914E-06 ( 59, 24)
n=  9678   udiff=  1.4722E-06 ( 56, 28)   vdiff=  1.9892E-06 ( 59, 24)
n=  9679   udiff=  1.4675E-06 ( 56, 28)   vdiff=  1.9968E-06 ( 59, 24)
n=  9680   udiff=  1.4672E-06 ( 56, 28)   vdiff=  1.9838E-06 ( 59, 24)
n=  9681   udiff=  1.4633E-06 ( 56, 28)   vdiff=  1.9700E-06 ( 59, 24)
n=  9682   udiff=  1.4601E-06 ( 56, 28)   vdiff=  1.9731E-06 ( 59, 24)
n=  9683   udiff=  1.4566E-06 ( 56, 28)   vdiff=  1.9735E-06 ( 59, 24)
n=  9684   udiff=  1.4545E-06 ( 56, 28)   vdiff=  1.9747E-06 ( 59, 24)
n=  9685   udiff=  1.4498E-06 ( 56, 28)   vdiff=  1.9694E-06 ( 59, 24)
n=  9686   udiff=  1.4478E-06 ( 56, 28)   vdiff=  1.9755E-06 ( 59, 24)
n=  9687   udiff=  1.4452E-06 ( 56, 28)   vdiff=  1.9619E-06 ( 59, 24)
n=  9688   udiff=  1.4420E-06 ( 56, 28)   vdiff=  1.9676E-06 ( 59, 24)
n=  9689   udiff=  1.4377E-06 ( 56, 28)   vdiff=  1.9548E-06 ( 59, 24)
n=  9690   udiff=  1.4365E-06 ( 56, 28)   vdiff=  1.9545E-06 ( 59, 24)
n=  9691   udiff=  1.4321E-06 ( 56, 28)   vdiff=  1.9449E-06 ( 59, 24)
n=  9692   udiff=  1.4270E-06 ( 56, 28)   vdiff=  1.9380E-06 ( 59, 24)
n=  9693   udiff=  1.4244E-06 ( 56, 28)   vdiff=  1.9374E-06 ( 59, 24)
n=  9694   udiff=  1.4206E-06 ( 56, 28)   vdiff=  1.9443E-06 ( 59, 24)
n=  9695   udiff=  1.4182E-06 ( 56, 28)   vdiff=  1.9344E-06 ( 59, 24)
n=  9696   udiff=  1.4145E-06 ( 56, 28)   vdiff=  1.9357E-06 ( 59, 24)
n=  9697   udiff=  1.4144E-06 ( 56, 28)   vdiff=  1.9314E-06 ( 59, 24)
n=  9698   udiff=  1.4094E-06 ( 56, 28)   vdiff=  1.9344E-06 ( 59, 24)
n=  9699   udiff=  1.4064E-06 ( 56, 28)   vdiff=  1.9262E-06 ( 59, 24)
n=  9700   udiff=  1.4034E-06 ( 56, 28)   vdiff=  1.9324E-06 ( 59, 24)
n=  9701   udiff=  1.4008E-06 ( 56, 28)   vdiff=  1.9149E-06 ( 59, 24)
n=  9702   udiff=  1.3962E-06 ( 56, 28)   vdiff=  1.9007E-06 ( 59, 24)
n=  9703   udiff=  1.3913E-06 ( 56, 28)   vdiff=  1.9131E-06 ( 59, 24)
n=  9704   udiff=  1.3888E-06 ( 56, 28)   vdiff=  1.9045E-06 ( 59, 24)
n=  9705   udiff=  1.3870E-06 ( 56, 28)   vdiff=  1.9025E-06 ( 59, 24)
n=  9706   udiff=  1.3846E-06 ( 56, 28)   vdiff=  1.8962E-06 ( 59, 24)
n=  9707   udiff=  1.3839E-06 ( 56, 28)   vdiff=  1.9012E-06 ( 59, 24)
n=  9708   udiff=  1.3776E-06 ( 56, 28)   vdiff=  1.8911E-06 ( 59, 24)
n=  9709   udiff=  1.3736E-06 ( 56, 28)   vdiff=  1.9005E-06 ( 59, 24)
n=  9710   udiff=  1.3708E-06 ( 56, 28)   vdiff=  1.8929E-06 ( 59, 24)
n=  9711   udiff=  1.3704E-06 ( 56, 28)   vdiff=  1.8973E-06 ( 59, 24)
n=  9712   udiff=  1.3673E-06 ( 56, 28)   vdiff=  1.8892E-06 ( 59, 24)
n=  9713   udiff=  1.3617E-06 ( 56, 28)   vdiff=  1.8853E-06 ( 59, 24)
n=  9714   udiff=  1.3605E-06 ( 56, 28)   vdiff=  1.8844E-06 ( 59, 24)
n=  9715   udiff=  1.3600E-06 ( 56, 28)   vdiff=  1.8902E-06 ( 59, 24)
n=  9716   udiff=  1.3595E-06 ( 56, 28)   vdiff=  1.8835E-06 ( 59, 24)
n=  9717   udiff=  1.3516E-06 ( 56, 28)   vdiff=  1.8753E-06 ( 59, 24)
n=  9718   udiff=  1.3521E-06 ( 56, 28)   vdiff=  1.8678E-06 ( 59, 24)
n=  9719   udiff=  1.3490E-06 ( 56, 28)   vdiff=  1.8711E-06 ( 59, 24)
n=  9720   udiff=  1.3454E-06 ( 56, 28)   vdiff=  1.8724E-06 ( 59, 24)
n=  9721   udiff=  1.3407E-06 ( 56, 28)   vdiff=  1.8687E-06 ( 59, 24)
n=  9722   udiff=  1.3373E-06 ( 56, 28)   vdiff=  1.8609E-06 ( 59, 24)
n=  9723   udiff=  1.3338E-06 ( 56, 28)   vdiff=  1.8628E-06 ( 59, 24)
n=  9724   udiff=  1.3327E-06 ( 56, 28)   vdiff=  1.8544E-06 ( 59, 24)
n=  9725   udiff=  1.3288E-06 ( 56, 28)   vdiff=  1.8680E-06 ( 59, 24)
n=  9726   udiff=  1.3255E-06 ( 56, 28)   vdiff=  1.8442E-06 ( 59, 24)
n=  9727   udiff=  1.3209E-06 ( 56, 28)   vdiff=  1.8439E-06 ( 59, 24)
n=  9728   udiff=  1.3179E-06 ( 56, 28)   vdiff=  1.8339E-06 ( 59, 24)
n=  9729   udiff=  1.3172E-06 ( 56, 28)   vdiff=  1.8368E-06 ( 59, 24)
n=  9730   udiff=  1.3128E-06 ( 56, 28)   vdiff=  1.8218E-06 ( 59, 24)
n=  9731   udiff=  1.3112E-06 ( 56, 28)   vdiff=  1.8386E-06 ( 59, 24)
n=  9732   udiff=  1.3107E-06 ( 56, 28)   vdiff=  1.8292E-06 ( 59, 24)
n=  9733   udiff=  1.3061E-06 ( 56, 28)   vdiff=  1.8384E-06 ( 59, 24)
n=  9734   udiff=  1.3046E-06 ( 57, 27)   vdiff=  1.8253E-06 ( 59, 24)
n=  9735   udiff=  1.3036E-06 ( 57, 27)   vdiff=  1.8307E-06 ( 59, 24)
n=  9736   udiff=  1.3009E-06 ( 57, 27)   vdiff=  1.8263E-06 ( 59, 24)
n=  9737   udiff=  1.2976E-06 ( 57, 27)   vdiff=  1.8309E-06 ( 59, 24)
n=  9738   udiff=  1.2952E-06 ( 57, 27)   vdiff=  1.8152E-06 ( 59, 24)
n=  9739   udiff=  1.2914E-06 ( 56, 28)   vdiff=  1.8193E-06 ( 59, 24)
n=  9740   udiff=  1.2915E-06 ( 57, 27)   vdiff=  1.8107E-06 ( 59, 24)
n=  9741   udiff=  1.2866E-06 ( 57, 27)   vdiff=  1.8102E-06 ( 59, 24)
n=  9742   udiff=  1.2810E-06 ( 57, 27)   vdiff=  1.8070E-06 ( 59, 24)
n=  9743   udiff=  1.2801E-06 ( 57, 27)   vdiff=  1.8040E-06 ( 59, 24)
n=  9744   udiff=  1.2792E-06 ( 57, 27)   vdiff=  1.8123E-06 ( 59, 24)
n=  9745   udiff=  1.2771E-06 ( 57, 27)   vdiff=  1.7993E-06 ( 59, 24)
n=  9746   udiff=  1.2778E-06 ( 57, 27)   vdiff=  1.8018E-06 ( 59, 24)
n=  9747   udiff=  1.2763E-06 ( 57, 27)   vdiff=  1.7870E-06 ( 59, 24)
n=  9748   udiff=  1.2758E-06 ( 57, 27)   vdiff=  1.8034E-06 ( 59, 24)
n=  9749   udiff=  1.2720E-06 ( 57, 27)   vdiff=  1.7922E-06 ( 59, 24)
n=  9750   udiff=  1.2686E-06 ( 57, 27)   vdiff=  1.7906E-06 ( 59, 24)
n=  9751   udiff=  1.2640E-06 ( 57, 27)   vdiff=  1.7824E-06 ( 59, 24)
n=  9752   udiff=  1.2599E-06 ( 57, 27)   vdiff=  1.7797E-06 ( 59, 24)
n=  9753   udiff=  1.2590E-06 ( 57, 27)   vdiff=  1.7703E-06 ( 59, 24)
n=  9754   udiff=  1.2573E-06 ( 57, 27)   vdiff=  1.7835E-06 ( 59, 24)
n=  9755   udiff=  1.2569E-06 ( 57, 27)   vdiff=  1.7705E-06 ( 59, 24)
n=  9756   udiff=  1.2530E-06 ( 57, 27)   vdiff=  1.7659E-06 ( 59, 24)
n=  9757   udiff=  1.2495E-06 ( 57, 27)   vdiff=  1.7598E-06 ( 59, 24)
n=  9758   udiff=  1.2494E-06 ( 57, 27)   vdiff=  1.7629E-06 ( 59, 24)
n=  9759   udiff=  1.2470E-06 ( 57, 27)   vdiff=  1.7548E-06 ( 59, 24)
n=  9760   udiff=  1.2446E-06 ( 57, 27)   vdiff=  1.7613E-06 ( 59, 24)
n=  9761   udiff=  1.2447E-06 ( 57, 27)   vdiff=  1.7490E-06 ( 59, 24)
n=  9762   udiff=  1.2396E-06 ( 57, 27)   vdiff=  1.7547E-06 ( 59, 24)
n=  9763   udiff=  1.2392E-06 ( 57, 27)   vdiff=  1.7491E-06 ( 59, 24)
n=  9764   udiff=  1.2372E-06 ( 57, 27)   vdiff=  1.7496E-06 ( 59, 24)
n=  9765   udiff=  1.2334E-06 ( 57, 27)   vdiff=  1.7414E-06 ( 59, 24)
n=  9766   udiff=  1.2316E-06 ( 57, 27)   vdiff=  1.7400E-06 ( 59, 24)
n=  9767   udiff=  1.2301E-06 ( 57, 27)   vdiff=  1.7450E-06 ( 59, 24)
n=  9768   udiff=  1.2270E-06 ( 57, 27)   vdiff=  1.7341E-06 ( 59, 24)
n=  9769   udiff=  1.2254E-06 ( 57, 27)   vdiff=  1.7349E-06 ( 59, 24)
n=  9770   udiff=  1.2244E-06 ( 57, 27)   vdiff=  1.7188E-06 ( 59, 24)
n=  9771   udiff=  1.2231E-06 ( 57, 27)   vdiff=  1.7248E-06 ( 59, 24)
n=  9772   udiff=  1.2199E-06 ( 57, 27)   vdiff=  1.7286E-06 ( 59, 24)
n=  9773   udiff=  1.2185E-06 ( 57, 27)   vdiff=  1.7315E-06 ( 59, 24)
n=  9774   udiff=  1.2126E-06 ( 57, 27)   vdiff=  1.7175E-06 ( 59, 24)
n=  9775   udiff=  1.2107E-06 ( 57, 27)   vdiff=  1.7158E-06 ( 59, 24)
n=  9776   udiff=  1.2095E-06 ( 57, 27)   vdiff=  1.7095E-06 ( 59, 24)
n=  9777   udiff=  1.2110E-06 ( 57, 27)   vdiff=  1.7156E-06 ( 59, 24)
n=  9778   udiff=  1.2062E-06 ( 57, 27)   vdiff=  1.7158E-06 ( 59, 24)
n=  9779   udiff=  1.2054E-06 ( 57, 27)   vdiff=  1.7141E-06 ( 59, 24)
n=  9780   udiff=  1.2014E-06 ( 57, 27)   vdiff=  1.7145E-06 ( 59, 24)
n=  9781   udiff=  1.1956E-06 ( 57, 27)   vdiff=  1.6939E-06 ( 59, 24)
n=  9782   udiff=  1.1970E-06 ( 57, 27)   vdiff=  1.6966E-06 ( 59, 24)
n=  9783   udiff=  1.1930E-06 ( 57, 27)   vdiff=  1.6763E-06 ( 59, 24)
n=  9784   udiff=  1.1905E-06 ( 57, 27)   vdiff=  1.6893E-06 ( 59, 24)
n=  9785   udiff=  1.1870E-06 ( 57, 27)   vdiff=  1.6789E-06 ( 59, 24)
n=  9786   udiff=  1.1871E-06 ( 57, 27)   vdiff=  1.6801E-06 ( 59, 24)
n=  9787   udiff=  1.1799E-06 ( 57, 27)   vdiff=  1.6666E-06 ( 59, 24)
n=  9788   udiff=  1.1779E-06 ( 57, 27)   vdiff=  1.6629E-06 ( 59, 24)
n=  9789   udiff=  1.1771E-06 ( 57, 27)   vdiff=  1.6531E-06 ( 59, 24)
n=  9790   udiff=  1.1771E-06 ( 57, 27)   vdiff=  1.6607E-06 ( 59, 24)
n=  9791   udiff=  1.1757E-06 ( 57, 27)   vdiff=  1.6733E-06 ( 59, 24)
n=  9792   udiff=  1.1733E-06 ( 57, 27)   vdiff=  1.6642E-06 ( 59, 24)
n=  9793   udiff=  1.1710E-06 ( 57, 27)   vdiff=  1.6625E-06 ( 59, 24)
n=  9794   udiff=  1.1702E-06 ( 57, 27)   vdiff=  1.6503E-06 ( 59, 24)
n=  9795   udiff=  1.1674E-06 ( 57, 27)   vdiff=  1.6554E-06 ( 59, 24)
n=  9796   udiff=  1.1648E-06 ( 57, 27)   vdiff=  1.6485E-06 ( 59, 24)
n=  9797   udiff=  1.1614E-06 ( 57, 27)   vdiff=  1.6538E-06 ( 59, 24)
n=  9798   udiff=  1.1611E-06 ( 57, 27)   vdiff=  1.6395E-06 ( 59, 24)
n=  9799   udiff=  1.1560E-06 ( 57, 27)   vdiff=  1.6435E-06 ( 59, 24)
n=  9800   udiff=  1.1539E-06 ( 57, 27)   vdiff=  1.6484E-06 ( 59, 24)
n=  9801   udiff=  1.1540E-06 ( 57, 27)   vdiff=  1.6398E-06 ( 59, 24)
n=  9802   udiff=  1.1542E-06 ( 57, 27)   vdiff=  1.6374E-06 ( 59, 24)
n=  9803   udiff=  1.1501E-06 ( 57, 27)   vdiff=  1.6291E-06 ( 59, 24)
n=  9804   udiff=  1.1489E-06 ( 57, 27)   vdiff=  1.6394E-06 ( 59, 24)
n=  9805   udiff=  1.1468E-06 ( 57, 27)   vdiff=  1.6304E-06 ( 59, 24)
n=  9806   udiff=  1.1449E-06 ( 57, 27)   vdiff=  1.6366E-06 ( 59, 24)
n=  9807   udiff=  1.1422E-06 ( 57, 27)   vdiff=  1.6278E-06 ( 59, 24)
n=  9808   udiff=  1.1420E-06 ( 57, 27)   vdiff=  1.6166E-06 ( 59, 24)
n=  9809   udiff=  1.1410E-06 ( 57, 27)   vdiff=  1.6221E-06 ( 59, 24)
n=  9810   udiff=  1.1358E-06 ( 57, 27)   vdiff=  1.6168E-06 ( 59, 24)
n=  9811   udiff=  1.1359E-06 ( 57, 27)   vdiff=  1.6204E-06 ( 59, 24)
n=  9812   udiff=  1.1298E-06 ( 57, 27)   vdiff=  1.6046E-06 ( 59, 24)
n=  9813   udiff=  1.1293E-06 ( 57, 27)   vdiff=  1.6090E-06 ( 59, 24)
n=  9814   udiff=  1.1247E-06 ( 57, 27)   vdiff=  1.5982E-06 ( 59, 24)
n=  9815   udiff=  1.1221E-06 ( 57, 27)   vdiff=  1.5994E-06 ( 59, 24)
n=  9816   udiff=  1.1224E-06 ( 57, 27)   vdiff=  1.6038E-06 ( 59, 24)
n=  9817   udiff=  1.1190E-06 ( 57, 27)   vdiff=  1.5978E-06 ( 59, 24)
n=  9818   udiff=  1.1163E-06 ( 57, 27)   vdiff=  1.5977E-06 ( 59, 24)
n=  9819   udiff=  1.1162E-06 ( 57, 27)   vdiff=  1.5901E-06 ( 59, 24)
n=  9820   udiff=  1.1151E-06 ( 57, 27)   vdiff=  1.5943E-06 ( 59, 24)
n=  9821   udiff=  1.1141E-06 ( 57, 27)   vdiff=  1.5844E-06 ( 59, 24)
n=  9822   udiff=  1.1130E-06 ( 57, 27)   vdiff=  1.5828E-06 ( 59, 24)
n=  9823   udiff=  1.1097E-06 ( 57, 27)   vdiff=  1.5792E-06 ( 59, 24)
n=  9824   udiff=  1.1060E-06 ( 57, 27)   vdiff=  1.5762E-06 ( 59, 24)
n=  9825   udiff=  1.1017E-06 ( 57, 27)   vdiff=  1.5823E-06 ( 59, 24)
n=  9826   udiff=  1.0998E-06 ( 57, 27)   vdiff=  1.5737E-06 ( 59, 24)
n=  9827   udiff=  1.0989E-06 ( 57, 27)   vdiff=  1.5725E-06 ( 59, 24)
n=  9828   udiff=  1.1002E-06 ( 57, 27)   vdiff=  1.5766E-06 ( 59, 24)
n=  9829   udiff=  1.0984E-06 ( 57, 27)   vdiff=  1.5671E-06 ( 59, 24)
n=  9830   udiff=  1.0935E-06 ( 57, 27)   vdiff=  1.5662E-06 ( 59, 24)
n=  9831   udiff=  1.0930E-06 ( 57, 27)   vdiff=  1.5673E-06 ( 59, 24)
n=  9832   udiff=  1.0893E-06 ( 57, 27)   vdiff=  1.5654E-06 ( 59, 24)
n=  9833   udiff=  1.0888E-06 ( 57, 27)   vdiff=  1.5556E-06 ( 59, 24)
n=  9834   udiff=  1.0884E-06 ( 57, 27)   vdiff=  1.5603E-06 ( 59, 24)
n=  9835   udiff=  1.0864E-06 ( 57, 27)   vdiff=  1.5653E-06 ( 59, 24)
n=  9836   udiff=  1.0860E-06 ( 57, 27)   vdiff=  1.5565E-06 ( 59, 24)
n=  9837   udiff=  1.0840E-06 ( 57, 27)   vdiff=  1.5539E-06 ( 59, 24)
n=  9838   udiff=  1.0785E-06 ( 57, 27)   vdiff=  1.5508E-06 ( 59, 24)
n=  9839   udiff=  1.0754E-06 ( 57, 27)   vdiff=  1.5489E-06 ( 59, 24)
n=  9840   udiff=  1.0728E-06 ( 57, 27)   vdiff=  1.5399E-06 ( 59, 24)
n=  9841   udiff=  1.0689E-06 ( 57, 27)   vdiff=  1.5367E-06 ( 59, 24)
n=  9842   udiff=  1.0682E-06 ( 57, 27)   vdiff=  1.5406E-06 ( 59, 24)
n=  9843   udiff=  1.0658E-06 ( 57, 27)   vdiff=  1.5226E-06 ( 59, 24)
n=  9844   udiff=  1.0637E-06 ( 57, 27)   vdiff=  1.5247E-06 ( 59, 24)
n=  9845   udiff=  1.0642E-06 ( 57, 27)   vdiff=  1.5167E-06 ( 59, 24)
n=  9846   udiff=  1.0646E-06 ( 57, 27)   vdiff=  1.5279E-06 ( 59, 24)
n=  9847   udiff=  1.0608E-06 ( 57, 27)   vdiff=  1.5311E-06 ( 59, 24)
n=  9848   udiff=  1.0582E-06 ( 57, 27)   vdiff=  1.5180E-06 ( 59, 24)
n=  9849   udiff=  1.0559E-06 ( 57, 27)   vdiff=  1.5188E-06 ( 59, 24)
n=  9850   udiff=  1.0553E-06 ( 57, 27)   vdiff=  1.5092E-06 ( 59, 24)
n=  9851   udiff=  1.0542E-06 ( 57, 27)   vdiff=  1.5128E-06 ( 59, 24)
n=  9852   udiff=  1.0491E-06 ( 57, 27)   vdiff=  1.5153E-06 ( 59, 24)
n=  9853   udiff=  1.0466E-06 ( 57, 27)   vdiff=  1.5013E-06 ( 59, 24)
n=  9854   udiff=  1.0428E-06 ( 57, 27)   vdiff=  1.5007E-06 ( 59, 24)
n=  9855   udiff=  1.0420E-06 ( 57, 27)   vdiff=  1.4911E-06 ( 59, 24)
n=  9856   udiff=  1.0403E-06 ( 57, 27)   vdiff=  1.4948E-06 ( 59, 24)
n=  9857   udiff=  1.0390E-06 ( 57, 27)   vdiff=  1.4978E-06 ( 59, 24)
n=  9858   udiff=  1.0355E-06 ( 57, 27)   vdiff=  1.4842E-06 ( 59, 24)
n=  9859   udiff=  1.0344E-06 ( 57, 27)   vdiff=  1.4892E-06 ( 59, 24)
n=  9860   udiff=  1.0357E-06 ( 57, 27)   vdiff=  1.4801E-06 ( 59, 24)
n=  9861   udiff=  1.0326E-06 ( 57, 27)   vdiff=  1.4900E-06 ( 59, 24)
n=  9862   udiff=  1.0291E-06 ( 57, 27)   vdiff=  1.4957E-06 ( 59, 24)
n=  9863   udiff=  1.0288E-06 ( 57, 27)   vdiff=  1.4844E-06 ( 59, 24)
n=  9864   udiff=  1.0285E-06 ( 57, 27)   vdiff=  1.4807E-06 ( 59, 24)
n=  9865   udiff=  1.0255E-06 ( 57, 27)   vdiff=  1.4638E-06 ( 59, 24)
n=  9866   udiff=  1.0187E-06 ( 57, 27)   vdiff=  1.4632E-06 ( 59, 24)
n=  9867   udiff=  1.0172E-06 ( 57, 27)   vdiff=  1.4644E-06 ( 59, 24)
n=  9868   udiff=  1.0142E-06 ( 57, 27)   vdiff=  1.4619E-06 ( 59, 24)
n=  9869   udiff=  1.0118E-06 ( 57, 27)   vdiff=  1.4579E-06 ( 59, 24)
n=  9870   udiff=  1.0090E-06 ( 57, 27)   vdiff=  1.4470E-06 ( 59, 24)
n=  9871   udiff=  1.0081E-06 ( 57, 27)   vdiff=  1.4534E-06 ( 59, 24)
n=  9872   udiff=  1.0090E-06 ( 57, 27)   vdiff=  1.4567E-06 ( 59, 24)
n=  9873   udiff=  1.0081E-06 ( 57, 27)   vdiff=  1.4485E-06 ( 59, 24)
n=  9874   udiff=  1.0067E-06 ( 57, 27)   vdiff=  1.4490E-06 ( 59, 24)
n=  9875   udiff=  1.0037E-06 ( 57, 27)   vdiff=  1.4331E-06 ( 59, 24)
n=  9876   udiff=  1.0026E-06 ( 57, 27)   vdiff=  1.4428E-06 ( 59, 24)
n=  9877   udiff=  1.0008E-06 ( 57, 27)   vdiff=  1.4432E-06 ( 59, 24)
n=  9878   udiff=  9.9835E-07 ( 57, 27)   vdiff=  1.4349E-06 ( 59, 24)
n=  9879   udiff=  9.9827E-07 ( 57, 27)   vdiff=  1.4383E-06 ( 59, 24)
n=  9880   udiff=  9.9173E-07 ( 57, 27)   vdiff=  1.4344E-06 ( 59, 24)
n=  9881   udiff=  9.9321E-07 ( 57, 27)   vdiff=  1.4272E-06 ( 59, 24)
n=  9882   udiff=  9.9036E-07 ( 57, 27)   vdiff=  1.4299E-06 ( 59, 24)
n=  9883   udiff=  9.9011E-07 ( 57, 27)   vdiff=  1.4208E-06 ( 59, 24)
n=  9884   udiff=  9.8532E-07 ( 57, 27)   vdiff=  1.4287E-06 ( 59, 24)
n=  9885   udiff=  9.8105E-07 ( 57, 27)   vdiff=  1.4302E-06 ( 59, 24)
n=  9886   udiff=  9.7694E-07 ( 57, 27)   vdiff=  1.4104E-06 ( 59, 24)
n=  9887   udiff=  9.7584E-07 ( 57, 27)   vdiff=  1.4145E-06 ( 59, 24)
n=  9888   udiff=  9.7587E-07 ( 57, 27)   vdiff=  1.4081E-06 ( 59, 24)
n=  9889   udiff=  9.7384E-07 ( 57, 27)   vdiff=  1.4103E-06 ( 59, 24)
n=  9890   udiff=  9.7158E-07 ( 57, 27)   vdiff=  1.4089E-06 ( 59, 24)
n=  9891   udiff=  9.6949E-07 ( 57, 27)   vdiff=  1.3946E-06 ( 59, 24)
n=  9892   udiff=  9.6592E-07 ( 57, 27)   vdiff=  1.4007E-06 ( 59, 24)
n=  9893   udiff=  9.6597E-07 ( 57, 27)   vdiff=  1.4043E-06 ( 59, 24)
n=  9894   udiff=  9.6477E-07 ( 57, 27)   vdiff=  1.3931E-06 ( 59, 24)
n=  9895   udiff=  9.5727E-07 ( 57, 27)   vdiff=  1.3906E-06 ( 59, 24)
n=  9896   udiff=  9.5656E-07 ( 57, 27)   vdiff=  1.3785E-06 ( 59, 24)
n=  9897   udiff=  9.5474E-07 ( 57, 27)   vdiff=  1.3767E-06 ( 59, 24)
n=  9898   udiff=  9.5474E-07 ( 57, 27)   vdiff=  1.3782E-06 ( 59, 24)
n=  9899   udiff=  9.5023E-07 ( 57, 27)   vdiff=  1.3678E-06 ( 59, 24)
n=  9900   udiff=  9.4855E-07 ( 57, 27)   vdiff=  1.3704E-06 ( 59, 24)
n=  9901   udiff=  9.4853E-07 ( 57, 27)   vdiff=  1.3833E-06 ( 59, 24)
n=  9902   udiff=  9.4639E-07 ( 57, 27)   vdiff=  1.3750E-06 ( 59, 24)
n=  9903   udiff=  9.4598E-07 ( 57, 27)   vdiff=  1.3678E-06 ( 59, 24)
n=  9904   udiff=  9.4109E-07 ( 57, 27)   vdiff=  1.3662E-06 ( 59, 24)
n=  9905   udiff=  9.4070E-07 ( 57, 27)   vdiff=  1.3565E-06 ( 59, 24)
n=  9906   udiff=  9.3709E-07 ( 57, 27)   vdiff=  1.3593E-06 ( 59, 24)
n=  9907   udiff=  9.3762E-07 ( 57, 27)   vdiff=  1.3494E-06 ( 59, 24)
n=  9908   udiff=  9.3302E-07 ( 57, 27)   vdiff=  1.3492E-06 ( 59, 24)
n=  9909   udiff=  9.3082E-07 ( 57, 27)   vdiff=  1.3513E-06 ( 59, 24)
n=  9910   udiff=  9.2656E-07 ( 57, 27)   vdiff=  1.3427E-06 ( 59, 24)
n=  9911   udiff=  9.2618E-07 ( 57, 27)   vdiff=  1.3447E-06 ( 59, 24)
n=  9912   udiff=  9.2438E-07 ( 57, 27)   vdiff=  1.3497E-06 ( 59, 24)
n=  9913   udiff=  9.2401E-07 ( 57, 27)   vdiff=  1.3394E-06 ( 59, 24)
n=  9914   udiff=  9.2397E-07 ( 57, 27)   vdiff=  1.3443E-06 ( 59, 24)
n=  9915   udiff=  9.2380E-07 ( 57, 27)   vdiff=  1.3419E-06 ( 59, 24)
n=  9916   udiff=  9.2146E-07 ( 57, 27)   vdiff=  1.3257E-06 ( 59, 24)
n=  9917   udiff=  9.1698E-07 ( 57, 27)   vdiff=  1.3278E-06 ( 59, 24)
n=  9918   udiff=  9.1581E-07 ( 57, 27)   vdiff=  1.3297E-06 ( 59, 24)
n=  9919   udiff=  9.1480E-07 ( 57, 27)   vdiff=  1.3329E-06 ( 59, 24)
n=  9920   udiff=  9.1536E-07 ( 57, 27)   vdiff=  1.3370E-06 ( 59, 24)
n=  9921   udiff=  9.1006E-07 ( 57, 27)   vdiff=  1.3174E-06 ( 59, 24)
n=  9922   udiff=  9.1008E-07 ( 57, 27)   vdiff=  1.3217E-06 ( 59, 24)
n=  9923   udiff=  9.0950E-07 ( 57, 27)   vdiff=  1.3238E-06 ( 59, 24)
n=  9924   udiff=  9.0779E-07 ( 57, 27)   vdiff=  1.3132E-06 ( 59, 24)
n=  9925   udiff=  9.0039E-07 ( 57, 27)   vdiff=  1.3122E-06 ( 59, 24)
n=  9926   udiff=  9.0077E-07 ( 57, 27)   vdiff=  1.3149E-06 ( 59, 24)
n=  9927   udiff=  8.9509E-07 ( 57, 27)   vdiff=  1.3032E-06 ( 59, 24)
n=  9928   udiff=  8.9509E-07 ( 57, 27)   vdiff=  1.3071E-06 ( 59, 24)
n=  9929   udiff=  8.9032E-07 ( 57, 27)   vdiff=  1.3103E-06 ( 59, 24)
n=  9930   udiff=  8.8993E-07 ( 57, 27)   vdiff=  1.2962E-06 ( 59, 24)
n=  9931   udiff=  8.8828E-07 ( 57, 27)   vdiff=  1.2964E-06 ( 59, 24)
n=  9932   udiff=  8.8813E-07 ( 57, 27)   vdiff=  1.2968E-06 ( 59, 24)
n=  9933   udiff=  8.8741E-07 ( 57, 27)   vdiff=  1.2823E-06 ( 59, 24)
n=  9934   udiff=  8.8505E-07 ( 57, 27)   vdiff=  1.2841E-06 ( 59, 24)
n=  9935   udiff=  8.8416E-07 ( 57, 27)   vdiff=  1.2761E-06 ( 59, 25)
n=  9936   udiff=  8.8180E-07 ( 57, 27)   vdiff=  1.2757E-06 ( 59, 24)
n=  9937   udiff=  8.8098E-07 ( 57, 27)   vdiff=  1.2887E-06 ( 59, 24)
n=  9938   udiff=  8.7925E-07 ( 57, 27)   vdiff=  1.2793E-06 ( 59, 24)
n=  9939   udiff=  8.7830E-07 ( 57, 27)   vdiff=  1.2713E-06 ( 59, 24)
n=  9940   udiff=  8.7473E-07 ( 57, 27)   vdiff=  1.2717E-06 ( 59, 24)
n=  9941   udiff=  8.7012E-07 ( 57, 27)   vdiff=  1.2609E-06 ( 59, 24)
n=  9942   udiff=  8.6886E-07 ( 57, 27)   vdiff=  1.2639E-06 ( 59, 24)
n=  9943   udiff=  8.6661E-07 ( 57, 27)   vdiff=  1.2685E-06 ( 59, 24)
n=  9944   udiff=  8.6291E-07 ( 57, 27)   vdiff=  1.2510E-06 ( 59, 24)
n=  9945   udiff=  8.6024E-07 ( 57, 27)   vdiff=  1.2556E-06 ( 59, 24)
n=  9946   udiff=  8.5940E-07 ( 57, 27)   vdiff=  1.2606E-06 ( 59, 24)
n=  9947   udiff=  8.5691E-07 ( 57, 27)   vdiff=  1.2458E-06 ( 59, 24)
n=  9948   udiff=  8.5706E-07 ( 57, 27)   vdiff=  1.2489E-06 ( 59, 24)
n=  9949   udiff=  8.5630E-07 ( 57, 27)   vdiff=  1.2532E-06 ( 59, 24)
n=  9950   udiff=  8.5385E-07 ( 57, 27)   vdiff=  1.2409E-06 ( 59, 24)
n=  9951   udiff=  8.5272E-07 ( 57, 27)   vdiff=  1.2439E-06 ( 59, 24)
n=  9952   udiff=  8.5062E-07 ( 57, 27)   vdiff=  1.2402E-06 ( 59, 24)
n=  9953   udiff=  8.5125E-07 ( 57, 27)   vdiff=  1.2307E-06 ( 59, 25)
n=  9954   udiff=  8.5098E-07 ( 57, 27)   vdiff=  1.2363E-06 ( 59, 24)
n=  9955   udiff=  8.4771E-07 ( 57, 27)   vdiff=  1.2365E-06 ( 59, 24)
n=  9956   udiff=  8.4693E-07 ( 57, 27)   vdiff=  1.2338E-06 ( 59, 24)
n=  9957   udiff=  8.4221E-07 ( 57, 27)   vdiff=  1.2334E-06 ( 59, 24)
n=  9958   udiff=  8.3607E-07 ( 57, 27)   vdiff=  1.2367E-06 ( 59, 24)
n=  9959   udiff=  8.3285E-07 ( 57, 27)   vdiff=  1.2161E-06 ( 59, 25)
n=  9960   udiff=  8.3222E-07 ( 57, 27)   vdiff=  1.2142E-06 ( 59, 24)
n=  9961   udiff=  8.3216E-07 ( 57, 27)   vdiff=  1.2195E-06 ( 59, 24)
n=  9962   udiff=  8.3094E-07 ( 57, 27)   vdiff=  1.2121E-06 ( 59, 24)
n=  9963   udiff=  8.2862E-07 ( 57, 27)   vdiff=  1.2126E-06 ( 59, 25)
n=  9964   udiff=  8.2689E-07 ( 57, 27)   vdiff=  1.2165E-06 ( 59, 24)
n=  9965   udiff=  8.2554E-07 ( 57, 27)   vdiff=  1.2071E-06 ( 59, 25)
n=  9966   udiff=  8.2671E-07 ( 57, 27)   vdiff=  1.2117E-06 ( 59, 24)
n=  9967   udiff=  8.2392E-07 ( 57, 27)   vdiff=  1.2128E-06 ( 59, 24)
n=  9968   udiff=  8.2186E-07 ( 57, 27)   vdiff=  1.2023E-06 ( 59, 24)
n=  9969   udiff=  8.2224E-07 ( 57, 27)   vdiff=  1.2060E-06 ( 59, 24)
n=  9970   udiff=  8.1992E-07 ( 57, 27)   vdiff=  1.2058E-06 ( 59, 24)
n=  9971   udiff=  8.1928E-07 ( 57, 27)   vdiff=  1.1963E-06 ( 59, 24)
n=  9972   udiff=  8.1365E-07 ( 57, 27)   vdiff=  1.1933E-06 ( 59, 25)
n=  9973   udiff=  8.1274E-07 ( 57, 27)   vdiff=  1.1913E-06 ( 59, 24)
n=  9974   udiff=  8.1119E-07 ( 57, 27)   vdiff=  1.1880E-06 ( 59, 24)
n=  9975   udiff=  8.0585E-07 ( 57, 27)   vdiff=  1.1804E-06 ( 59, 25)
n=  9976   udiff=  8.0582E-07 ( 57, 27)   vdiff=  1.1901E-06 ( 59, 24)
n=  9977   udiff=  8.0399E-07 ( 57, 27)   vdiff=  1.1934E-06 ( 59, 24)
n=  9978   udiff=  8.0318E-07 ( 57, 27)   vdiff=  1.1817E-06 ( 59, 24)
n=  9979   udiff=  8.0113E-07 ( 57, 27)   vdiff=  1.1770E-06 ( 59, 24)
n=  9980   udiff=  7.9718E-07 ( 57, 27)   vdiff=  1.1783E-06 ( 59, 24)
n=  9981   udiff=  7.9666E-07 ( 57, 27)   vdiff=  1.1696E-06 ( 59, 24)
n=  9982   udiff=  7.9702E-07 ( 57, 27)   vdiff=  1.1713E-06 ( 59, 24)
n=  9983   udiff=  7.9544E-07 ( 57, 27)   vdiff=  1.1731E-06 ( 59, 24)
n=  9984   udiff=  7.9276E-07 ( 57, 27)   vdiff=  1.1638E-06 ( 59, 25)
n=  9985   udiff=  7.9085E-07 ( 57, 27)   vdiff=  1.1647E-06 ( 59, 24)
n=  9986   udiff=  7.9017E-07 ( 57, 27)   vdiff=  1.1642E-06 ( 59, 25)
n=  9987   udiff=  7.8835E-07 ( 57, 27)   vdiff=  1.1617E-06 ( 59, 25)
n=  9988   udiff=  7.8433E-07 ( 57, 27)   vdiff=  1.1579E-06 ( 59, 24)
n=  9989   udiff=  7.8623E-07 ( 57, 27)   vdiff=  1.1624E-06 ( 59, 24)
n=  9990   udiff=  7.8436E-07 ( 57, 27)   vdiff=  1.1488E-06 ( 59, 25)
n=  9991   udiff=  7.8296E-07 ( 57, 27)   vdiff=  1.1502E-06 ( 59, 25)
n=  9992   udiff=  7.8049E-07 ( 57, 27)   vdiff=  1.1504E-06 ( 59, 24)
n=  9993   udiff=  7.7569E-07 ( 57, 27)   vdiff=  1.1444E-06 ( 59, 24)
n=  9994   udiff=  7.7283E-07 ( 57, 27)   vdiff=  1.1383E-06 ( 59, 25)
n=  9995   udiff=  7.7145E-07 ( 57, 27)   vdiff=  1.1366E-06 ( 59, 25)
n=  9996   udiff=  7.6950E-07 ( 57, 27)   vdiff=  1.1404E-06 ( 59, 24)
n=  9997   udiff=  7.6685E-07 ( 57, 27)   vdiff=  1.1320E-06 ( 59, 25)
n=  9998   udiff=  7.6662E-07 ( 57, 27)   vdiff=  1.1357E-06 ( 59, 24)
n=  9999   udiff=  7.6407E-07 ( 57, 27)   vdiff=  1.1356E-06 ( 59, 24)
n= 10000   udiff=  7.6021E-07 ( 57, 27)   vdiff=  1.1193E-06 ( 59, 25)
 FAILED to converge in maximum time steps       10000
