 Forming PPE matrix
 Calculating LU decomposition of PPE matrix
 Starting time step loop
n=     1   udiff=  3.3880E+03 ( 61, 15)   vdiff=  2.8861E+03 ( 60, 16)
n=     2   udiff=  7.1190E+01 ( 61, 15)   vdiff=  5.8826E+01 ( 60, 15)
n=     3   udiff=  6.9911E+01 ( 61, 15)   vdiff=  6.1402E+01 ( 60, 15)
n=     4   udiff=  6.8412E+01 ( 61, 15)   vdiff=  6.3559E+01 ( 60, 15)
n=     5   udiff=  6.6718E+01 ( 61, 15)   vdiff=  6.5305E+01 ( 60, 15)
n=     6   udiff=  6.4851E+01 ( 61, 15)   vdiff=  6.6645E+01 ( 60, 15)
n=     7   udiff=  6.2834E+01 ( 61, 15)   vdiff=  6.7591E+01 ( 60, 15)
n=     8   udiff=  6.0687E+01 ( 61, 15)   vdiff=  6.8152E+01 ( 60, 15)
n=     9   udiff=  5.8428E+01 ( 61, 15)   vdiff=  6.8341E+01 ( 60, 15)
n=    10   udiff=  5.6076E+01 ( 61, 15)   vdiff=  6.8169E+01 ( 60, 15)
n=    11   udiff=  5.3972E+01 ( 62, 15)   vdiff=  6.7652E+01 ( 60, 15)
n=    12   udiff=  5.4293E+01 ( 62, 15)   vdiff=  6.6802E+01 ( 60, 15)
n=    13   udiff=  5.4446E+01 ( 62, 15)   vdiff=  6.5636E+01 ( 60, 15)
n=    14   udiff=  5.4435E+01 ( 62, 15)   vdiff=  6.4170E+01 ( 60, 15)
n=    15   udiff=  5.4264E+01 ( 62, 15)   vdiff=  6.2420E+01 ( 60, 15)
n=    16   udiff=  5.3938E+01 ( 62, 15)   vdiff=  6.0403E+01 ( 60, 15)
n=    17   udiff=  5.3463E+01 ( 62, 15)   vdiff=  5.8139E+01 ( 60, 15)
n=    18   udiff=  5.2845E+01 ( 62, 15)   vdiff=  5.5644E+01 ( 60, 15)
n=    19   udiff=  5.2090E+01 ( 62, 15)   vdiff=  5.4015E+01 (120,  7)
n=    20   udiff=  5.1205E+01 ( 62, 15)   vdiff=  5.3801E+01 (120,  7)
n=    21   udiff=  5.0197E+01 ( 62, 15)   vdiff=  5.3793E+01 (120,  6)
n=    22   udiff=  4.9075E+01 ( 62, 15)   vdiff=  5.3764E+01 (120,  6)
n=    23   udiff=  4.7845E+01 ( 62, 15)   vdiff=  5.3670E+01 (120,  6)
n=    24   udiff=  4.6517E+01 ( 62, 15)   vdiff=  5.3509E+01 (120,  6)
n=    25   udiff=  4.5099E+01 ( 62, 15)   vdiff=  5.3278E+01 (120,  6)
n=    26   udiff=  4.3598E+01 ( 62, 15)   vdiff=  5.2975E+01 (120,  6)
n=    27   udiff=  4.2025E+01 ( 62, 15)   vdiff=  5.2599E+01 (120,  6)
n=    28   udiff=  4.1516E+01 ( 63, 15)   vdiff=  5.2148E+01 (120,  6)
n=    29   udiff=  4.1046E+01 ( 63, 15)   vdiff=  5.1620E+01 (120,  6)
n=    30   udiff=  4.0514E+01 ( 63, 15)   vdiff=  5.1012E+01 (120,  6)
n=    31   udiff=  3.9923E+01 ( 63, 15)   vdiff=  5.0805E+01 (119,  6)
n=    32   udiff=  3.9275E+01 ( 63, 15)   vdiff=  5.1428E+01 (119,  6)
n=    33   udiff=  3.8575E+01 ( 63, 15)   vdiff=  5.1968E+01 (119,  6)
n=    34   udiff=  3.7827E+01 ( 63, 15)   vdiff=  5.2421E+01 (119,  6)
n=    35   udiff=  3.7035E+01 ( 63, 15)   vdiff=  5.2786E+01 (119,  6)
n=    36   udiff=  3.6203E+01 ( 63, 15)   vdiff=  5.3059E+01 (119,  6)
n=    37   udiff=  3.5334E+01 ( 63, 15)   vdiff=  5.3240E+01 (119,  6)
n=    38   udiff=  3.4434E+01 ( 63, 15)   vdiff=  5.3325E+01 (119,  6)
n=    39   udiff=  3.3505E+01 ( 63, 15)   vdiff=  5.3313E+01 (119,  6)
n=    40   udiff=  3.2553E+01 ( 63, 15)   vdiff=  5.3202E+01 (119,  6)
n=    41   udiff=  3.1582E+01 ( 63, 15)   vdiff=  5.2990E+01 (119,  6)
n=    42   udiff=  3.0594E+01 ( 63, 15)   vdiff=  5.2676E+01 (119,  6)
n=    43   udiff=  2.9594E+01 ( 63, 15)   vdiff=  5.2258E+01 (119,  6)
n=    44   udiff=  2.8585E+01 ( 63, 15)   vdiff=  5.1736E+01 (119,  6)
n=    45   udiff=  2.8134E+01 ( 64, 15)   vdiff=  5.1109E+01 (119,  6)
n=    46   udiff=  2.7721E+01 ( 64, 15)   vdiff=  5.0377E+01 (119,  6)
n=    47   udiff=  2.7297E+01 ( 64, 15)   vdiff=  4.9616E+01 (119,  5)
n=    48   udiff=  2.6863E+01 ( 64, 15)   vdiff=  4.8947E+01 (119,  5)
n=    49   udiff=  2.6419E+01 ( 64, 15)   vdiff=  4.8183E+01 (119,  5)
n=    50   udiff=  2.5967E+01 ( 64, 15)   vdiff=  4.7323E+01 (119,  5)
n=    51   udiff=  2.5508E+01 ( 64, 15)   vdiff=  4.6368E+01 (119,  5)
n=    52   udiff=  2.5042E+01 ( 64, 15)   vdiff=  4.5318E+01 (119,  5)
n=    53   udiff=  2.5080E+01 (120,  1)   vdiff=  4.4175E+01 (119,  5)
n=    54   udiff=  2.5333E+01 (120,  1)   vdiff=  4.2939E+01 (119,  5)
n=    55   udiff=  2.5572E+01 (120,  1)   vdiff=  4.2778E+01 (118,  6)
n=    56   udiff=  2.5795E+01 (120,  1)   vdiff=  4.3372E+01 (118,  6)
n=    57   udiff=  2.5999E+01 (120,  1)   vdiff=  4.3866E+01 (118,  6)
n=    58   udiff=  2.6183E+01 (120,  1)   vdiff=  4.4252E+01 (118,  6)
n=    59   udiff=  2.6344E+01 (120,  1)   vdiff=  4.4523E+01 (118,  6)
n=    60   udiff=  2.6480E+01 (120,  1)   vdiff=  4.4671E+01 (118,  6)
n=    61   udiff=  2.6588E+01 (120,  1)   vdiff=  4.4689E+01 (118,  6)
n=    62   udiff=  2.6667E+01 (120,  1)   vdiff=  4.4570E+01 (118,  6)
n=    63   udiff=  2.6713E+01 (120,  1)   vdiff=  4.4495E+01 (118,  5)
n=    64   udiff=  2.6725E+01 (120,  1)   vdiff=  4.4838E+01 (118,  5)
n=    65   udiff=  2.6699E+01 (120,  1)   vdiff=  4.5072E+01 (118,  5)
n=    66   udiff=  2.6635E+01 (120,  1)   vdiff=  4.5186E+01 (118,  5)
n=    67   udiff=  2.6529E+01 (120,  1)   vdiff=  4.5171E+01 (118,  5)
n=    68   udiff=  2.6380E+01 (120,  1)   vdiff=  4.5020E+01 (118,  5)
n=    69   udiff=  2.6185E+01 (120,  1)   vdiff=  4.4723E+01 (118,  5)
n=    70   udiff=  2.5944E+01 (120,  1)   vdiff=  4.4273E+01 (118,  5)
n=    71   udiff=  2.5654E+01 (120,  1)   vdiff=  4.3663E+01 (118,  5)
n=    72   udiff=  2.5314E+01 (120,  1)   vdiff=  4.2888E+01 (118,  5)
n=    73   udiff=  2.4923E+01 (120,  1)   vdiff=  4.2205E+01 (118,  4)
n=    74   udiff=  2.4481E+01 (120,  1)   vdiff=  4.2468E+01 (118,  4)
n=    75   udiff=  2.3987E+01 (120,  1)   vdiff=  4.2619E+01 (118,  4)
n=    76   udiff=  2.3440E+01 (120,  1)   vdiff=  4.2648E+01 (118,  4)
n=    77   udiff=  2.3065E+01 (120,  3)   vdiff=  4.2543E+01 (118,  4)
n=    78   udiff=  2.3185E+01 (120,  3)   vdiff=  4.2296E+01 (118,  4)
n=    79   udiff=  2.3192E+01 (120,  3)   vdiff=  4.1898E+01 (118,  4)
n=    80   udiff=  2.3084E+01 (120,  3)   vdiff=  4.1341E+01 (118,  4)
n=    81   udiff=  2.2858E+01 (120,  3)   vdiff=  4.0618E+01 (118,  4)
n=    82   udiff=  2.2517E+01 (120,  3)   vdiff=  3.9723E+01 (118,  4)
n=    83   udiff=  2.2059E+01 (120,  3)   vdiff=  3.8653E+01 (118,  4)
n=    84   udiff=  2.1489E+01 (120,  3)   vdiff=  3.7403E+01 (118,  4)
n=    85   udiff=  2.0808E+01 (120,  3)   vdiff=  3.5974E+01 (118,  4)
n=    86   udiff=  2.0022E+01 (120,  3)   vdiff=  3.6189E+01 (118,  3)
n=    87   udiff=  1.9550E+01 (120,  2)   vdiff=  3.6430E+01 (118,  3)
n=    88   udiff=  2.0241E+01 (120,  2)   vdiff=  3.6557E+01 (118,  3)
n=    89   udiff=  2.0850E+01 (120,  2)   vdiff=  3.6562E+01 (118,  3)
n=    90   udiff=  2.1371E+01 (120,  2)   vdiff=  3.6437E+01 (118,  3)
n=    91   udiff=  2.1801E+01 (120,  2)   vdiff=  3.6174E+01 (118,  3)
n=    92   udiff=  2.2138E+01 (120,  2)   vdiff=  3.5768E+01 (118,  3)
n=    93   udiff=  2.2378E+01 (120,  2)   vdiff=  3.5214E+01 (118,  3)
n=    94   udiff=  2.2520E+01 (120,  2)   vdiff=  3.4757E+01 (116,  5)
n=    95   udiff=  2.2564E+01 (120,  2)   vdiff=  3.4660E+01 (116,  5)
n=    96   udiff=  2.2508E+01 (120,  2)   vdiff=  3.4451E+01 (116,  5)
n=    97   udiff=  2.2354E+01 (120,  2)   vdiff=  3.4123E+01 (116,  5)
n=    98   udiff=  2.2104E+01 (120,  2)   vdiff=  3.3675E+01 (116,  5)
n=    99   udiff=  2.1758E+01 (120,  2)   vdiff=  3.3103E+01 (116,  5)
n=   100   udiff=  2.1322E+01 (120,  2)   vdiff=  3.2746E+01 (116,  4)
n=   101   udiff=  2.0797E+01 (120,  2)   vdiff=  3.2959E+01 (116,  4)
n=   102   udiff=  2.0189E+01 (120,  2)   vdiff=  3.3084E+01 (116,  4)
n=   103   udiff=  1.9504E+01 (120,  2)   vdiff=  3.3113E+01 (116,  4)
n=   104   udiff=  1.9554E+01 (118,  3)   vdiff=  3.3040E+01 (116,  4)
n=   105   udiff=  1.9953E+01 (118,  3)   vdiff=  3.2859E+01 (116,  4)
n=   106   udiff=  2.0247E+01 (118,  3)   vdiff=  3.2566E+01 (116,  4)
n=   107   udiff=  2.0432E+01 (118,  3)   vdiff=  3.2156E+01 (116,  4)
n=   108   udiff=  2.0506E+01 (118,  3)   vdiff=  3.1626E+01 (116,  4)
n=   109   udiff=  2.0467E+01 (118,  3)   vdiff=  3.0973E+01 (116,  4)
n=   110   udiff=  2.0315E+01 (118,  3)   vdiff=  3.0367E+01 (118,  5)
n=   111   udiff=  2.0050E+01 (118,  3)   vdiff=  3.0105E+01 (118,  5)
n=   112   udiff=  1.9675E+01 (118,  3)   vdiff=  2.9680E+01 (118,  5)
n=   113   udiff=  1.9192E+01 (118,  3)   vdiff=  2.9229E+01 (118,  4)
n=   114   udiff=  1.8606E+01 (118,  3)   vdiff=  3.0075E+01 (118,  4)
n=   115   udiff=  1.7921E+01 (118,  3)   vdiff=  3.0713E+01 (118,  4)
n=   116   udiff=  1.7145E+01 (118,  3)   vdiff=  3.1145E+01 (118,  4)
n=   117   udiff=  1.6284E+01 (118,  3)   vdiff=  3.1376E+01 (118,  4)
n=   118   udiff=  1.5345E+01 (118,  3)   vdiff=  3.1412E+01 (118,  4)
n=   119   udiff=  1.4992E+01 (118,  2)   vdiff=  3.1260E+01 (118,  4)
n=   120   udiff=  1.5507E+01 (118,  2)   vdiff=  3.0930E+01 (118,  4)
n=   121   udiff=  1.5949E+01 (118,  2)   vdiff=  3.0431E+01 (118,  4)
n=   122   udiff=  1.6318E+01 (118,  2)   vdiff=  2.9774E+01 (118,  4)
n=   123   udiff=  1.6610E+01 (118,  2)   vdiff=  2.8972E+01 (118,  4)
n=   124   udiff=  1.6825E+01 (118,  2)   vdiff=  2.8036E+01 (118,  4)
n=   125   udiff=  1.6961E+01 (118,  2)   vdiff=  2.6980E+01 (118,  4)
n=   126   udiff=  1.7021E+01 (118,  2)   vdiff=  2.5816E+01 (118,  4)
n=   127   udiff=  1.7002E+01 (118,  2)   vdiff=  2.4559E+01 (118,  4)
n=   128   udiff=  1.6908E+01 (118,  2)   vdiff=  2.4197E+01 (118,  3)
n=   129   udiff=  1.6740E+01 (118,  2)   vdiff=  2.4543E+01 (118,  3)
n=   130   udiff=  1.6499E+01 (118,  2)   vdiff=  2.4740E+01 (118,  3)
n=   131   udiff=  1.6189E+01 (118,  2)   vdiff=  2.4792E+01 (118,  3)
n=   132   udiff=  1.5814E+01 (118,  2)   vdiff=  2.4704E+01 (118,  3)
n=   133   udiff=  1.5375E+01 (118,  2)   vdiff=  2.4483E+01 (118,  3)
n=   134   udiff=  1.4878E+01 (118,  2)   vdiff=  2.4136E+01 (118,  3)
n=   135   udiff=  1.4326E+01 (118,  2)   vdiff=  2.3670E+01 (118,  3)
n=   136   udiff=  1.3725E+01 (118,  2)   vdiff=  2.3093E+01 (118,  3)
n=   137   udiff=  1.3078E+01 (118,  2)   vdiff=  2.3178E+01 (116,  5)
n=   138   udiff=  1.2391E+01 (118,  2)   vdiff=  2.3404E+01 (116,  5)
n=   139   udiff=  1.2112E+01 (116,  3)   vdiff=  2.3513E+01 (116,  5)
n=   140   udiff=  1.2114E+01 (116,  3)   vdiff=  2.3510E+01 (116,  5)
n=   141   udiff=  1.2058E+01 (116,  3)   vdiff=  2.3398E+01 (116,  5)
n=   142   udiff=  1.1945E+01 (116,  3)   vdiff=  2.3184E+01 (116,  5)
n=   143   udiff=  1.1777E+01 (116,  3)   vdiff=  2.2872E+01 (116,  5)
n=   144   udiff=  1.1555E+01 (116,  3)   vdiff=  2.3137E+01 (116,  4)
n=   145   udiff=  1.1281E+01 (116,  3)   vdiff=  2.3568E+01 (116,  4)
n=   146   udiff=  1.0959E+01 (116,  3)   vdiff=  2.3871E+01 (116,  4)
n=   147   udiff=  1.0590E+01 (116,  3)   vdiff=  2.4048E+01 (116,  4)
n=   148   udiff=  1.0179E+01 (116,  3)   vdiff=  2.4104E+01 (116,  4)
n=   149   udiff=  9.9822E+00 (118,  3)   vdiff=  2.4042E+01 (116,  4)
n=   150   udiff=  9.8993E+00 (118,  3)   vdiff=  2.3866E+01 (116,  4)
n=   151   udiff=  9.7581E+00 (118,  3)   vdiff=  2.3583E+01 (116,  4)
n=   152   udiff=  9.5616E+00 (118,  3)   vdiff=  2.3197E+01 (116,  4)
n=   153   udiff=  9.3132E+00 (118,  3)   vdiff=  2.2715E+01 (116,  4)
n=   154   udiff=  9.2977E+00 (116,  2)   vdiff=  2.2143E+01 (116,  4)
n=   155   udiff=  9.4497E+00 (116,  2)   vdiff=  2.1487E+01 (116,  4)
n=   156   udiff=  9.5620E+00 (116,  2)   vdiff=  2.0756E+01 (116,  4)
n=   157   udiff=  9.6349E+00 (116,  2)   vdiff=  1.9956E+01 (116,  4)
n=   158   udiff=  9.6685E+00 (116,  2)   vdiff=  1.9093E+01 (116,  4)
n=   159   udiff=  9.6636E+00 (116,  2)   vdiff=  1.8177E+01 (116,  4)
n=   160   udiff=  9.6207E+00 (116,  2)   vdiff=  1.7759E+01 (116,  3)
n=   161   udiff=  9.5410E+00 (116,  2)   vdiff=  1.7844E+01 (116,  3)
n=   162   udiff=  9.4256E+00 (116,  2)   vdiff=  1.7844E+01 (116,  3)
n=   163   udiff=  9.2757E+00 (116,  2)   vdiff=  1.7760E+01 (116,  3)
n=   164   udiff=  9.0930E+00 (116,  2)   vdiff=  1.7596E+01 (116,  3)
n=   165   udiff=  8.8791E+00 (116,  2)   vdiff=  1.7355E+01 (116,  3)
n=   166   udiff=  8.6357E+00 (116,  2)   vdiff=  1.7043E+01 (116,  3)
n=   167   udiff=  8.3646E+00 (116,  2)   vdiff=  1.6663E+01 (116,  3)
n=   168   udiff=  8.0679E+00 (116,  2)   vdiff=  1.6219E+01 (116,  3)
n=   169   udiff=  7.7477E+00 (116,  2)   vdiff=  1.5717E+01 (116,  3)
n=   170   udiff=  7.4059E+00 (116,  2)   vdiff=  1.5162E+01 (116,  3)
n=   171   udiff=  7.1706E+00 ( 70, 14)   vdiff=  1.4658E+01 (115,  4)
n=   172   udiff=  7.1208E+00 ( 70, 14)   vdiff=  1.4626E+01 (114,  5)
n=   173   udiff=  7.0686E+00 ( 70, 14)   vdiff=  1.4689E+01 (114,  5)
n=   174   udiff=  7.0139E+00 ( 70, 14)   vdiff=  1.4699E+01 (114,  5)
n=   175   udiff=  6.9569E+00 ( 70, 14)   vdiff=  1.4657E+01 (114,  5)
n=   176   udiff=  6.8976E+00 ( 70, 14)   vdiff=  1.4566E+01 (114,  5)
n=   177   udiff=  6.8361E+00 ( 70, 14)   vdiff=  1.4427E+01 (114,  5)
n=   178   udiff=  6.7725E+00 ( 70, 14)   vdiff=  1.4577E+01 (114,  4)
n=   179   udiff=  6.7070E+00 ( 70, 14)   vdiff=  1.4734E+01 (114,  4)
n=   180   udiff=  6.6395E+00 ( 70, 14)   vdiff=  1.4831E+01 (114,  4)
n=   181   udiff=  6.6107E+00 ( 71, 14)   vdiff=  1.4869E+01 (114,  4)
n=   182   udiff=  6.5895E+00 ( 71, 14)   vdiff=  1.4850E+01 (114,  4)
n=   183   udiff=  6.5661E+00 ( 71, 14)   vdiff=  1.4776E+01 (114,  4)
n=   184   udiff=  6.5405E+00 ( 71, 14)   vdiff=  1.4648E+01 (114,  4)
n=   185   udiff=  6.5127E+00 ( 71, 14)   vdiff=  1.4468E+01 (114,  4)
n=   186   udiff=  6.4828E+00 ( 71, 14)   vdiff=  1.4240E+01 (114,  4)
n=   187   udiff=  6.4507E+00 ( 71, 14)   vdiff=  1.3964E+01 (114,  4)
n=   188   udiff=  6.4166E+00 ( 71, 14)   vdiff=  1.3645E+01 (114,  4)
n=   189   udiff=  6.3804E+00 ( 71, 14)   vdiff=  1.3285E+01 (114,  4)
n=   190   udiff=  6.3422E+00 ( 71, 14)   vdiff=  1.2886E+01 (114,  4)
n=   191   udiff=  6.3021E+00 ( 71, 14)   vdiff=  1.2452E+01 (114,  4)
n=   192   udiff=  6.2600E+00 ( 71, 14)   vdiff=  1.1985E+01 (114,  4)
n=   193   udiff=  6.2162E+00 ( 71, 14)   vdiff=  1.1489E+01 (114,  4)
n=   194   udiff=  6.1705E+00 ( 71, 14)   vdiff=  1.0967E+01 (114,  4)
n=   195   udiff=  6.1232E+00 ( 71, 14)   vdiff=  1.0573E+01 (114,  3)
n=   196   udiff=  6.0742E+00 ( 71, 14)   vdiff=  1.0514E+01 (114,  3)
n=   197   udiff=  6.0236E+00 ( 71, 14)   vdiff=  1.0417E+01 (114,  3)
n=   198   udiff=  5.9715E+00 ( 71, 14)   vdiff=  1.0310E+01 (113,  4)
n=   199   udiff=  5.9180E+00 ( 71, 14)   vdiff=  1.0275E+01 (113,  4)
n=   200   udiff=  5.8632E+00 ( 71, 14)   vdiff=  1.0209E+01 (113,  4)
n=   201   udiff=  5.8152E+00 ( 72, 14)   vdiff=  1.0113E+01 (113,  4)
n=   202   udiff=  5.7959E+00 ( 72, 14)   vdiff=  9.9862E+00 (113,  4)
n=   203   udiff=  5.7749E+00 ( 72, 14)   vdiff=  9.8311E+00 (113,  4)
n=   204   udiff=  5.7522E+00 ( 72, 14)   vdiff=  9.6483E+00 (113,  4)
n=   205   udiff=  5.7278E+00 ( 72, 14)   vdiff=  9.4390E+00 (113,  4)
n=   206   udiff=  5.7018E+00 ( 72, 14)   vdiff=  9.2045E+00 (113,  4)
n=   207   udiff=  5.6742E+00 ( 72, 14)   vdiff=  8.9462E+00 (113,  4)
n=   208   udiff=  5.6450E+00 ( 72, 14)   vdiff=  8.6655E+00 (113,  4)
n=   209   udiff=  5.6143E+00 ( 72, 14)   vdiff=  8.3638E+00 (113,  4)
n=   210   udiff=  5.5821E+00 ( 72, 14)   vdiff=  8.4889E+00 ( 65, 11)
n=   211   udiff=  5.5485E+00 ( 72, 14)   vdiff=  8.6395E+00 ( 65, 11)
n=   212   udiff=  5.5134E+00 ( 72, 14)   vdiff=  8.7583E+00 ( 65, 11)
n=   213   udiff=  5.4770E+00 ( 72, 14)   vdiff=  8.8449E+00 ( 65, 11)
n=   214   udiff=  5.4393E+00 ( 72, 14)   vdiff=  8.8989E+00 ( 65, 11)
n=   215   udiff=  5.4003E+00 ( 72, 14)   vdiff=  8.9200E+00 ( 65, 11)
n=   216   udiff=  5.3601E+00 ( 72, 14)   vdiff=  8.9083E+00 ( 65, 11)
n=   217   udiff=  5.3188E+00 ( 72, 14)   vdiff=  8.8638E+00 ( 65, 11)
n=   218   udiff=  5.2764E+00 ( 72, 14)   vdiff=  8.7866E+00 ( 65, 11)
n=   219   udiff=  5.2330E+00 ( 72, 14)   vdiff=  8.6773E+00 ( 65, 11)
n=   220   udiff=  5.1886E+00 ( 72, 14)   vdiff=  8.5364E+00 ( 65, 11)
n=   221   udiff=  5.1433E+00 ( 72, 14)   vdiff=  8.3644E+00 ( 65, 11)
n=   222   udiff=  5.1067E+00 ( 73, 14)   vdiff=  8.1623E+00 ( 65, 11)
n=   223   udiff=  5.0882E+00 ( 73, 14)   vdiff=  7.9310E+00 ( 65, 11)
n=   224   udiff=  5.0685E+00 ( 73, 14)   vdiff=  7.6717E+00 ( 65, 11)
n=   225   udiff=  5.0475E+00 ( 73, 14)   vdiff=  7.3855E+00 ( 65, 11)
n=   226   udiff=  5.0253E+00 ( 73, 14)   vdiff=  7.3442E+00 ( 66, 11)
n=   227   udiff=  5.0019E+00 ( 73, 14)   vdiff=  7.4972E+00 ( 66, 11)
n=   228   udiff=  4.9773E+00 ( 73, 14)   vdiff=  7.6238E+00 ( 66, 11)
n=   229   udiff=  4.9515E+00 ( 73, 14)   vdiff=  7.7234E+00 ( 66, 11)
n=   230   udiff=  4.9246E+00 ( 73, 14)   vdiff=  7.7957E+00 ( 66, 11)
n=   231   udiff=  4.8967E+00 ( 73, 14)   vdiff=  7.8403E+00 ( 66, 11)
n=   232   udiff=  4.8677E+00 ( 73, 14)   vdiff=  7.8572E+00 ( 66, 11)
n=   233   udiff=  4.8377E+00 ( 73, 14)   vdiff=  7.8462E+00 ( 66, 11)
n=   234   udiff=  4.8067E+00 ( 73, 14)   vdiff=  7.8074E+00 ( 66, 11)
n=   235   udiff=  4.7749E+00 ( 73, 14)   vdiff=  7.7410E+00 ( 66, 11)
n=   236   udiff=  4.7422E+00 ( 73, 14)   vdiff=  7.6474E+00 ( 66, 11)
n=   237   udiff=  4.7086E+00 ( 73, 14)   vdiff=  7.5271E+00 ( 66, 11)
n=   238   udiff=  4.6743E+00 ( 73, 14)   vdiff=  7.3805E+00 ( 66, 11)
n=   239   udiff=  4.6393E+00 ( 73, 14)   vdiff=  7.2084E+00 ( 66, 11)
n=   240   udiff=  4.6037E+00 ( 73, 14)   vdiff=  7.0116E+00 ( 66, 11)
n=   241   udiff=  4.5674E+00 ( 73, 14)   vdiff=  6.7910E+00 ( 66, 11)
n=   242   udiff=  4.5306E+00 ( 73, 14)   vdiff=  6.5477E+00 ( 66, 11)
n=   243   udiff=  4.4933E+00 ( 73, 14)   vdiff=  6.4318E+00 ( 67, 11)
n=   244   udiff=  4.4757E+00 ( 74, 14)   vdiff=  6.5604E+00 ( 67, 11)
n=   245   udiff=  4.4579E+00 ( 74, 14)   vdiff=  6.6668E+00 ( 67, 11)
n=   246   udiff=  4.4392E+00 ( 74, 14)   vdiff=  6.7507E+00 ( 67, 11)
n=   247   udiff=  4.4196E+00 ( 74, 14)   vdiff=  6.8116E+00 ( 67, 11)
n=   248   udiff=  4.3991E+00 ( 74, 14)   vdiff=  6.8495E+00 ( 67, 11)
n=   249   udiff=  4.3777E+00 ( 74, 14)   vdiff=  6.8640E+00 ( 67, 11)
n=   250   udiff=  4.3725E+00 ( 69, 13)   vdiff=  6.8553E+00 ( 67, 11)
n=   251   udiff=  4.3669E+00 ( 69, 13)   vdiff=  6.8233E+00 ( 67, 11)
n=   252   udiff=  4.3556E+00 ( 69, 13)   vdiff=  6.7683E+00 ( 67, 11)
n=   253   udiff=  4.3387E+00 ( 69, 13)   vdiff=  6.6904E+00 ( 67, 11)
n=   254   udiff=  4.3163E+00 ( 69, 13)   vdiff=  6.5902E+00 ( 67, 11)
n=   255   udiff=  4.2886E+00 ( 69, 13)   vdiff=  6.4679E+00 ( 67, 11)
n=   256   udiff=  4.2557E+00 ( 69, 13)   vdiff=  6.3243E+00 ( 67, 11)
n=   257   udiff=  4.2178E+00 ( 69, 13)   vdiff=  6.1600E+00 ( 67, 11)
n=   258   udiff=  4.1751E+00 ( 69, 13)   vdiff=  5.9757E+00 ( 67, 11)
n=   259   udiff=  4.1277E+00 ( 69, 13)   vdiff=  5.7723E+00 ( 67, 11)
n=   260   udiff=  4.0968E+00 ( 74, 14)   vdiff=  5.5993E+00 ( 68, 11)
n=   261   udiff=  4.0681E+00 ( 74, 14)   vdiff=  5.7083E+00 ( 68, 11)
n=   262   udiff=  4.0391E+00 ( 74, 14)   vdiff=  5.7989E+00 ( 68, 11)
n=   263   udiff=  4.0097E+00 ( 74, 14)   vdiff=  5.8707E+00 ( 68, 11)
n=   264   udiff=  3.9801E+00 ( 74, 14)   vdiff=  5.9235E+00 ( 68, 11)
n=   265   udiff=  3.9910E+00 ( 70, 13)   vdiff=  5.9570E+00 ( 68, 11)
n=   266   udiff=  4.0076E+00 ( 70, 13)   vdiff=  5.9712E+00 ( 68, 11)
n=   267   udiff=  4.0194E+00 ( 70, 13)   vdiff=  5.9659E+00 ( 68, 11)
n=   268   udiff=  4.0263E+00 ( 70, 13)   vdiff=  5.9414E+00 ( 68, 11)
n=   269   udiff=  4.0283E+00 ( 70, 13)   vdiff=  5.8976E+00 ( 68, 11)
n=   270   udiff=  4.0255E+00 ( 70, 13)   vdiff=  5.8348E+00 ( 68, 11)
n=   271   udiff=  4.0180E+00 ( 70, 13)   vdiff=  5.7534E+00 ( 68, 11)
n=   272   udiff=  4.0058E+00 ( 70, 13)   vdiff=  5.6536E+00 ( 68, 11)
n=   273   udiff=  3.9891E+00 ( 70, 13)   vdiff=  5.5359E+00 ( 68, 11)
n=   274   udiff=  3.9678E+00 ( 70, 13)   vdiff=  5.4008E+00 ( 68, 11)
n=   275   udiff=  3.9422E+00 ( 70, 13)   vdiff=  5.2490E+00 ( 68, 11)
n=   276   udiff=  3.9124E+00 ( 70, 13)   vdiff=  5.0812E+00 ( 68, 11)
n=   277   udiff=  3.8784E+00 ( 70, 13)   vdiff=  4.8980E+00 ( 68, 11)
n=   278   udiff=  3.8405E+00 ( 70, 13)   vdiff=  4.9494E+00 ( 69, 11)
n=   279   udiff=  3.7987E+00 ( 70, 13)   vdiff=  5.0278E+00 ( 69, 11)
n=   280   udiff=  3.7533E+00 ( 70, 13)   vdiff=  5.0907E+00 ( 69, 11)
n=   281   udiff=  3.7045E+00 ( 70, 13)   vdiff=  5.1377E+00 ( 69, 11)
n=   282   udiff=  3.6524E+00 ( 70, 13)   vdiff=  5.1687E+00 ( 69, 11)
n=   283   udiff=  3.6713E+00 ( 71, 13)   vdiff=  5.1837E+00 ( 69, 11)
n=   284   udiff=  3.6887E+00 ( 71, 13)   vdiff=  5.1825E+00 ( 69, 11)
n=   285   udiff=  3.7020E+00 ( 71, 13)   vdiff=  5.1653E+00 ( 69, 11)
n=   286   udiff=  3.7112E+00 ( 71, 13)   vdiff=  5.1321E+00 ( 69, 11)
n=   287   udiff=  3.7164E+00 ( 71, 13)   vdiff=  5.0830E+00 ( 69, 11)
n=   288   udiff=  3.7176E+00 ( 71, 13)   vdiff=  5.0183E+00 ( 69, 11)
n=   289   udiff=  3.7148E+00 ( 71, 13)   vdiff=  4.9383E+00 ( 69, 11)
n=   290   udiff=  3.7081E+00 ( 71, 13)   vdiff=  4.8482E+00 ( 66, 10)
n=   291   udiff=  3.6974E+00 ( 71, 13)   vdiff=  4.7389E+00 ( 66, 10)
n=   292   udiff=  3.6829E+00 ( 71, 13)   vdiff=  4.6101E+00 ( 69, 11)
n=   293   udiff=  3.6647E+00 ( 71, 13)   vdiff=  4.4729E+00 ( 69, 11)
n=   294   udiff=  3.6428E+00 ( 71, 13)   vdiff=  4.3999E+00 ( 64, 10)
n=   295   udiff=  3.6173E+00 ( 71, 13)   vdiff=  4.4952E+00 ( 64, 10)
n=   296   udiff=  3.5884E+00 ( 71, 13)   vdiff=  4.5712E+00 ( 64, 10)
n=   297   udiff=  3.5562E+00 ( 71, 13)   vdiff=  4.6280E+00 ( 64, 10)
n=   298   udiff=  3.5207E+00 ( 71, 13)   vdiff=  4.6658E+00 ( 64, 10)
n=   299   udiff=  3.4822E+00 ( 71, 13)   vdiff=  4.6847E+00 ( 64, 10)
n=   300   udiff=  3.4407E+00 ( 71, 13)   vdiff=  4.6850E+00 ( 64, 10)
n=   301   udiff=  3.3965E+00 ( 71, 13)   vdiff=  4.6671E+00 ( 64, 10)
n=   302   udiff=  3.4120E+00 ( 72, 13)   vdiff=  4.6313E+00 ( 64, 10)
n=   303   udiff=  3.4244E+00 ( 72, 13)   vdiff=  4.5783E+00 ( 64, 10)
n=   304   udiff=  3.4335E+00 ( 72, 13)   vdiff=  4.5437E+00 ( 67, 10)
n=   305   udiff=  3.4392E+00 ( 72, 13)   vdiff=  4.5039E+00 ( 67, 10)
n=   306   udiff=  3.4416E+00 ( 72, 13)   vdiff=  4.4448E+00 ( 67, 10)
n=   307   udiff=  3.4406E+00 ( 72, 13)   vdiff=  4.3668E+00 ( 67, 10)
n=   308   udiff=  3.4362E+00 ( 72, 13)   vdiff=  4.2720E+00 ( 64,  9)
n=   309   udiff=  3.4286E+00 ( 72, 13)   vdiff=  4.2472E+00 ( 64,  9)
n=   310   udiff=  3.4177E+00 ( 72, 13)   vdiff=  4.2076E+00 ( 64,  9)
n=   311   udiff=  3.4037E+00 ( 72, 13)   vdiff=  4.1953E+00 ( 65, 10)
n=   312   udiff=  3.3865E+00 ( 72, 13)   vdiff=  4.2901E+00 ( 65, 10)
n=   313   udiff=  3.3663E+00 ( 72, 13)   vdiff=  4.3669E+00 ( 65, 10)
n=   314   udiff=  3.3431E+00 ( 72, 13)   vdiff=  4.4257E+00 ( 65, 10)
n=   315   udiff=  3.3171E+00 ( 72, 13)   vdiff=  4.4666E+00 ( 65, 10)
n=   316   udiff=  3.2882E+00 ( 72, 13)   vdiff=  4.4896E+00 ( 65, 10)
n=   317   udiff=  3.2567E+00 ( 72, 13)   vdiff=  4.4950E+00 ( 65, 10)
n=   318   udiff=  3.2226E+00 ( 72, 13)   vdiff=  4.4831E+00 ( 65, 10)
n=   319   udiff=  3.1861E+00 ( 72, 13)   vdiff=  4.4543E+00 ( 65, 10)
n=   320   udiff=  3.1748E+00 ( 73, 13)   vdiff=  4.4090E+00 ( 65, 10)
n=   321   udiff=  3.1852E+00 ( 73, 13)   vdiff=  4.3476E+00 ( 65, 10)
n=   322   udiff=  3.1928E+00 ( 73, 13)   vdiff=  4.2709E+00 ( 65, 10)
n=   323   udiff=  3.1976E+00 ( 73, 13)   vdiff=  4.2132E+00 ( 65,  9)
n=   324   udiff=  3.1996E+00 ( 73, 13)   vdiff=  4.2185E+00 ( 65,  9)
n=   325   udiff=  3.1987E+00 ( 73, 13)   vdiff=  4.2088E+00 ( 65,  9)
n=   326   udiff=  3.1951E+00 ( 73, 13)   vdiff=  4.1844E+00 ( 65,  9)
n=   327   udiff=  3.1887E+00 ( 73, 13)   vdiff=  4.1455E+00 ( 65,  9)
n=   328   udiff=  3.1796E+00 ( 73, 13)   vdiff=  4.0925E+00 ( 65,  9)
n=   329   udiff=  3.1677E+00 ( 73, 13)   vdiff=  4.0382E+00 ( 66, 10)
n=   330   udiff=  3.1532E+00 ( 73, 13)   vdiff=  4.1162E+00 ( 66, 10)
n=   331   udiff=  3.1362E+00 ( 73, 13)   vdiff=  4.1775E+00 ( 66, 10)
n=   332   udiff=  3.1166E+00 ( 73, 13)   vdiff=  4.2222E+00 ( 66, 10)
n=   333   udiff=  3.0946E+00 ( 73, 13)   vdiff=  4.2504E+00 ( 66, 10)
n=   334   udiff=  3.0701E+00 ( 73, 13)   vdiff=  4.2623E+00 ( 66, 10)
n=   335   udiff=  3.0434E+00 ( 73, 13)   vdiff=  4.2580E+00 ( 66, 10)
n=   336   udiff=  3.0145E+00 ( 73, 13)   vdiff=  4.2378E+00 ( 66, 10)
n=   337   udiff=  2.9835E+00 ( 73, 13)   vdiff=  4.2022E+00 ( 66, 10)
n=   338   udiff=  2.9712E+00 ( 74, 13)   vdiff=  4.1515E+00 ( 66, 10)
n=   339   udiff=  2.9792E+00 ( 74, 13)   vdiff=  4.0862E+00 ( 66, 10)
n=   340   udiff=  2.9848E+00 ( 74, 13)   vdiff=  4.0916E+00 ( 66,  9)
n=   341   udiff=  2.9881E+00 ( 74, 13)   vdiff=  4.0959E+00 ( 66,  9)
n=   342   udiff=  2.9890E+00 ( 74, 13)   vdiff=  4.0860E+00 ( 66,  9)
n=   343   udiff=  2.9875E+00 ( 74, 13)   vdiff=  4.0619E+00 ( 66,  9)
n=   344   udiff=  2.9836E+00 ( 74, 13)   vdiff=  4.0239E+00 ( 66,  9)
n=   345   udiff=  2.9775E+00 ( 74, 13)   vdiff=  3.9723E+00 ( 66,  9)
n=   346   udiff=  2.9690E+00 ( 74, 13)   vdiff=  3.9074E+00 ( 66,  9)
n=   347   udiff=  2.9583E+00 ( 74, 13)   vdiff=  3.8333E+00 ( 67, 10)
n=   348   udiff=  2.9453E+00 ( 74, 13)   vdiff=  3.8974E+00 ( 67, 10)
n=   349   udiff=  2.9301E+00 ( 74, 13)   vdiff=  3.9465E+00 ( 67, 10)
n=   350   udiff=  2.9128E+00 ( 74, 13)   vdiff=  3.9805E+00 ( 67, 10)
n=   351   udiff=  2.8935E+00 ( 74, 13)   vdiff=  3.9995E+00 ( 67, 10)
n=   352   udiff=  2.8721E+00 ( 74, 13)   vdiff=  4.0036E+00 ( 67, 10)
n=   353   udiff=  2.8487E+00 ( 74, 13)   vdiff=  3.9932E+00 ( 67, 10)
n=   354   udiff=  2.8272E+00 ( 75, 14)   vdiff=  3.9684E+00 ( 67, 10)
n=   355   udiff=  2.8245E+00 ( 75, 14)   vdiff=  3.9296E+00 ( 67, 10)
n=   356   udiff=  2.8214E+00 ( 75, 14)   vdiff=  3.9078E+00 ( 67,  9)
n=   357   udiff=  2.8179E+00 ( 75, 14)   vdiff=  3.9249E+00 ( 67,  9)
n=   358   udiff=  2.8140E+00 ( 75, 14)   vdiff=  3.9284E+00 ( 67,  9)
n=   359   udiff=  2.8097E+00 ( 75, 14)   vdiff=  3.9183E+00 ( 67,  9)
n=   360   udiff=  2.8050E+00 ( 75, 14)   vdiff=  3.8950E+00 ( 67,  9)
n=   361   udiff=  2.8024E+00 ( 75, 13)   vdiff=  3.8585E+00 ( 67,  9)
n=   362   udiff=  2.7980E+00 ( 75, 13)   vdiff=  3.8091E+00 ( 67,  9)
n=   363   udiff=  2.7916E+00 ( 75, 13)   vdiff=  3.7472E+00 ( 67,  9)
n=   364   udiff=  2.7833E+00 ( 75, 13)   vdiff=  3.6732E+00 ( 67,  9)
n=   365   udiff=  2.7739E+00 ( 75, 14)   vdiff=  3.6012E+00 ( 68, 10)
n=   366   udiff=  2.7661E+00 ( 75, 14)   vdiff=  3.6544E+00 ( 68, 10)
n=   367   udiff=  2.7578E+00 ( 75, 14)   vdiff=  3.6940E+00 ( 68, 10)
n=   368   udiff=  2.7489E+00 ( 75, 14)   vdiff=  3.7200E+00 ( 68, 10)
n=   369   udiff=  2.7394E+00 ( 75, 14)   vdiff=  3.7326E+00 ( 68, 10)
n=   370   udiff=  2.7294E+00 ( 75, 14)   vdiff=  3.7318E+00 ( 68, 10)
n=   371   udiff=  2.7270E+00 ( 76, 14)   vdiff=  3.7178E+00 ( 68, 10)
n=   372   udiff=  2.7250E+00 ( 76, 14)   vdiff=  3.6910E+00 ( 68, 10)
n=   373   udiff=  2.7227E+00 ( 76, 14)   vdiff=  3.7110E+00 ( 68,  9)
n=   374   udiff=  2.7200E+00 ( 76, 14)   vdiff=  3.7266E+00 ( 68,  9)
n=   375   udiff=  2.7170E+00 ( 76, 14)   vdiff=  3.7296E+00 ( 68,  9)
n=   376   udiff=  2.7136E+00 ( 76, 14)   vdiff=  3.7199E+00 ( 68,  9)
n=   377   udiff=  2.7098E+00 ( 76, 14)   vdiff=  3.6978E+00 ( 68,  9)
n=   378   udiff=  2.7056E+00 ( 76, 14)   vdiff=  3.6635E+00 ( 68,  9)
n=   379   udiff=  2.7009E+00 ( 76, 14)   vdiff=  3.6172E+00 ( 68,  9)
n=   380   udiff=  2.6958E+00 ( 76, 14)   vdiff=  3.5591E+00 ( 68,  9)
n=   381   udiff=  2.6902E+00 ( 76, 14)   vdiff=  3.4897E+00 ( 68,  9)
n=   382   udiff=  2.6841E+00 ( 76, 14)   vdiff=  3.4093E+00 ( 68,  9)
n=   383   udiff=  2.6775E+00 ( 76, 14)   vdiff=  3.3594E+00 ( 69, 10)
n=   384   udiff=  2.6705E+00 ( 76, 14)   vdiff=  3.4038E+00 ( 69, 10)
n=   385   udiff=  2.6629E+00 ( 76, 14)   vdiff=  3.4361E+00 ( 69, 10)
n=   386   udiff=  2.6549E+00 ( 76, 14)   vdiff=  3.4562E+00 ( 69, 10)
n=   387   udiff=  2.6463E+00 ( 76, 14)   vdiff=  3.4642E+00 ( 69, 10)
n=   388   udiff=  2.6372E+00 ( 76, 14)   vdiff=  3.4603E+00 ( 69, 10)
n=   389   udiff=  2.6276E+00 ( 76, 14)   vdiff=  3.4689E+00 ( 69,  9)
n=   390   udiff=  2.6175E+00 ( 76, 14)   vdiff=  3.4950E+00 ( 69,  9)
n=   391   udiff=  2.6082E+00 ( 77, 14)   vdiff=  3.5094E+00 ( 69,  9)
n=   392   udiff=  2.6060E+00 ( 77, 14)   vdiff=  3.5120E+00 ( 69,  9)
n=   393   udiff=  2.6035E+00 ( 77, 14)   vdiff=  3.5031E+00 ( 69,  9)
n=   394   udiff=  2.6006E+00 ( 77, 14)   vdiff=  3.4827E+00 ( 69,  9)
n=   395   udiff=  2.5973E+00 ( 77, 14)   vdiff=  3.4510E+00 ( 69,  9)
n=   396   udiff=  2.5936E+00 ( 77, 14)   vdiff=  3.4082E+00 ( 69,  9)
n=   397   udiff=  2.5895E+00 ( 77, 14)   vdiff=  3.3545E+00 ( 69,  9)
n=   398   udiff=  2.5851E+00 ( 77, 14)   vdiff=  3.2903E+00 ( 69,  9)
n=   399   udiff=  2.5801E+00 ( 77, 14)   vdiff=  3.2159E+00 ( 69,  9)
n=   400   udiff=  2.5748E+00 ( 77, 14)   vdiff=  3.1316E+00 ( 69,  9)
n=   401   udiff=  2.5690E+00 ( 77, 14)   vdiff=  3.1201E+00 ( 70, 10)
n=   402   udiff=  2.5628E+00 ( 77, 14)   vdiff=  3.1573E+00 ( 70, 10)
n=   403   udiff=  2.5560E+00 ( 77, 14)   vdiff=  3.1836E+00 ( 70, 10)
n=   404   udiff=  2.5489E+00 ( 77, 14)   vdiff=  3.1990E+00 ( 70, 10)
n=   405   udiff=  2.5413E+00 ( 77, 14)   vdiff=  3.2113E+00 ( 70,  9)
n=   406   udiff=  2.5332E+00 ( 77, 14)   vdiff=  3.2460E+00 ( 70,  9)
n=   407   udiff=  2.5246E+00 ( 77, 14)   vdiff=  3.2700E+00 ( 70,  9)
n=   408   udiff=  2.5156E+00 ( 77, 14)   vdiff=  3.2833E+00 ( 70,  9)
n=   409   udiff=  2.5061E+00 ( 77, 14)   vdiff=  3.2860E+00 ( 70,  9)
n=   410   udiff=  2.4961E+00 ( 77, 14)   vdiff=  3.2779E+00 ( 70,  9)
n=   411   udiff=  2.4857E+00 ( 77, 14)   vdiff=  3.2594E+00 ( 70,  9)
n=   412   udiff=  2.4792E+00 ( 78, 14)   vdiff=  3.2305E+00 ( 70,  9)
n=   413   udiff=  2.4765E+00 ( 78, 14)   vdiff=  3.1914E+00 ( 70,  9)
n=   414   udiff=  2.4734E+00 ( 78, 14)   vdiff=  3.1423E+00 ( 70,  9)
n=   415   udiff=  2.4700E+00 ( 78, 14)   vdiff=  3.0835E+00 ( 70,  9)
n=   416   udiff=  2.4661E+00 ( 78, 14)   vdiff=  3.0153E+00 ( 70,  9)
n=   417   udiff=  2.4619E+00 ( 78, 14)   vdiff=  2.9380E+00 ( 70,  9)
n=   418   udiff=  2.4573E+00 ( 78, 14)   vdiff=  2.8519E+00 ( 70,  9)
n=   419   udiff=  2.4522E+00 ( 78, 14)   vdiff=  2.8902E+00 ( 71, 10)
n=   420   udiff=  2.4468E+00 ( 78, 14)   vdiff=  2.9212E+00 ( 71, 10)
n=   421   udiff=  2.4410E+00 ( 78, 14)   vdiff=  2.9486E+00 ( 71,  9)
n=   422   udiff=  2.4347E+00 ( 78, 14)   vdiff=  2.9901E+00 ( 71,  9)
n=   423   udiff=  2.4280E+00 ( 78, 14)   vdiff=  3.0219E+00 ( 71,  9)
n=   424   udiff=  2.4209E+00 ( 78, 14)   vdiff=  3.0441E+00 ( 71,  9)
n=   425   udiff=  2.4134E+00 ( 78, 14)   vdiff=  3.0564E+00 ( 71,  9)
n=   426   udiff=  2.4054E+00 ( 78, 14)   vdiff=  3.0591E+00 ( 71,  9)
n=   427   udiff=  2.3971E+00 ( 78, 14)   vdiff=  3.0520E+00 ( 71,  9)
n=   428   udiff=  2.3883E+00 ( 78, 14)   vdiff=  3.0354E+00 ( 71,  9)
n=   429   udiff=  2.3792E+00 ( 78, 14)   vdiff=  3.0093E+00 ( 71,  9)
n=   430   udiff=  2.3696E+00 ( 78, 14)   vdiff=  2.9738E+00 ( 71,  9)
n=   431   udiff=  2.3596E+00 ( 78, 14)   vdiff=  2.9292E+00 ( 71,  9)
n=   432   udiff=  2.3493E+00 ( 78, 14)   vdiff=  2.8757E+00 ( 71,  9)
n=   433   udiff=  2.3457E+00 ( 79, 14)   vdiff=  2.8136E+00 ( 71,  9)
n=   434   udiff=  2.3425E+00 ( 79, 14)   vdiff=  2.7431E+00 ( 71,  9)
n=   435   udiff=  2.3389E+00 ( 79, 14)   vdiff=  2.6646E+00 ( 71,  9)
n=   436   udiff=  2.3350E+00 ( 79, 14)   vdiff=  2.6389E+00 ( 72, 10)
n=   437   udiff=  2.3307E+00 ( 79, 14)   vdiff=  2.6890E+00 ( 72,  9)
n=   438   udiff=  2.3260E+00 ( 79, 14)   vdiff=  2.7355E+00 ( 72,  9)
n=   439   udiff=  2.3210E+00 ( 79, 14)   vdiff=  2.7734E+00 ( 72,  9)
n=   440   udiff=  2.3156E+00 ( 79, 14)   vdiff=  2.8025E+00 ( 72,  9)
n=   441   udiff=  2.3099E+00 ( 79, 14)   vdiff=  2.8228E+00 ( 72,  9)
n=   442   udiff=  2.3037E+00 ( 79, 14)   vdiff=  2.8343E+00 ( 72,  9)
n=   443   udiff=  2.2972E+00 ( 79, 14)   vdiff=  2.8369E+00 ( 72,  9)
n=   444   udiff=  2.2903E+00 ( 79, 14)   vdiff=  2.8307E+00 ( 72,  9)
n=   445   udiff=  2.2830E+00 ( 79, 14)   vdiff=  2.8159E+00 ( 72,  9)
n=   446   udiff=  2.2754E+00 ( 79, 14)   vdiff=  2.7923E+00 ( 72,  9)
n=   447   udiff=  2.2674E+00 ( 79, 14)   vdiff=  2.7603E+00 ( 72,  9)
n=   448   udiff=  2.2591E+00 ( 79, 14)   vdiff=  2.7200E+00 ( 72,  9)
n=   449   udiff=  2.2504E+00 ( 79, 14)   vdiff=  2.6715E+00 ( 72,  9)
n=   450   udiff=  2.2413E+00 ( 79, 14)   vdiff=  2.6151E+00 ( 72,  9)
n=   451   udiff=  2.2320E+00 ( 79, 14)   vdiff=  2.5511E+00 ( 72,  9)
n=   452   udiff=  2.2223E+00 ( 79, 14)   vdiff=  2.4797E+00 ( 72,  9)
n=   453   udiff=  2.2140E+00 ( 80, 14)   vdiff=  2.4384E+00 ( 73,  9)
n=   454   udiff=  2.2108E+00 ( 80, 14)   vdiff=  2.4883E+00 ( 73,  9)
n=   455   udiff=  2.2072E+00 ( 80, 14)   vdiff=  2.5305E+00 ( 73,  9)
n=   456   udiff=  2.2033E+00 ( 80, 14)   vdiff=  2.5649E+00 ( 73,  9)
n=   457   udiff=  2.1990E+00 ( 80, 14)   vdiff=  2.5914E+00 ( 73,  9)
n=   458   udiff=  2.1945E+00 ( 80, 14)   vdiff=  2.6100E+00 ( 73,  9)
n=   459   udiff=  2.1896E+00 ( 80, 14)   vdiff=  2.6205E+00 ( 73,  9)
n=   460   udiff=  2.1843E+00 ( 80, 14)   vdiff=  2.6230E+00 ( 73,  9)
n=   461   udiff=  2.1787E+00 ( 80, 14)   vdiff=  2.6176E+00 ( 73,  9)
n=   462   udiff=  2.1728E+00 ( 80, 14)   vdiff=  2.6043E+00 ( 73,  9)
n=   463   udiff=  2.1666E+00 ( 80, 14)   vdiff=  2.5831E+00 ( 73,  9)
n=   464   udiff=  2.1600E+00 ( 80, 14)   vdiff=  2.5542E+00 ( 73,  9)
n=   465   udiff=  2.1531E+00 ( 80, 14)   vdiff=  2.5177E+00 ( 73,  9)
n=   466   udiff=  2.1459E+00 ( 80, 14)   vdiff=  2.4738E+00 ( 73,  9)
n=   467   udiff=  2.1384E+00 ( 80, 14)   vdiff=  2.4227E+00 ( 73,  9)
n=   468   udiff=  2.1306E+00 ( 80, 14)   vdiff=  2.3647E+00 ( 73,  9)
n=   469   udiff=  2.1225E+00 ( 80, 14)   vdiff=  2.2999E+00 ( 73,  9)
n=   470   udiff=  2.1141E+00 ( 80, 14)   vdiff=  2.2525E+00 ( 74,  9)
n=   471   udiff=  2.1055E+00 ( 80, 14)   vdiff=  2.2976E+00 ( 74,  9)
n=   472   udiff=  2.0965E+00 ( 80, 14)   vdiff=  2.3358E+00 ( 74,  9)
n=   473   udiff=  2.0873E+00 ( 80, 14)   vdiff=  2.3669E+00 ( 74,  9)
n=   474   udiff=  2.0808E+00 ( 81, 14)   vdiff=  2.3909E+00 ( 74,  9)
n=   475   udiff=  2.0773E+00 ( 81, 14)   vdiff=  2.4077E+00 ( 74,  9)
n=   476   udiff=  2.0735E+00 ( 81, 14)   vdiff=  2.4172E+00 ( 74,  9)
n=   477   udiff=  2.0693E+00 ( 81, 14)   vdiff=  2.4196E+00 ( 74,  9)
n=   478   udiff=  2.0649E+00 ( 81, 14)   vdiff=  2.4147E+00 ( 74,  9)
n=   479   udiff=  2.0602E+00 ( 81, 14)   vdiff=  2.4026E+00 ( 74,  9)
n=   480   udiff=  2.0552E+00 ( 81, 14)   vdiff=  2.3835E+00 ( 74,  9)
n=   481   udiff=  2.0499E+00 ( 81, 14)   vdiff=  2.3573E+00 ( 74,  9)
n=   482   udiff=  2.0443E+00 ( 81, 14)   vdiff=  2.3243E+00 ( 74,  9)
n=   483   udiff=  2.0385E+00 ( 81, 14)   vdiff=  2.2846E+00 ( 74,  9)
n=   484   udiff=  2.0324E+00 ( 81, 14)   vdiff=  2.2383E+00 ( 74,  9)
n=   485   udiff=  2.0259E+00 ( 81, 14)   vdiff=  2.1856E+00 ( 74,  9)
n=   486   udiff=  2.0193E+00 ( 81, 14)   vdiff=  2.1268E+00 ( 74,  9)
n=   487   udiff=  2.0123E+00 ( 81, 14)   vdiff=  2.0774E+00 ( 75,  9)
n=   488   udiff=  2.0052E+00 ( 81, 14)   vdiff=  2.1181E+00 ( 75,  9)
n=   489   udiff=  1.9977E+00 ( 81, 14)   vdiff=  2.1524E+00 ( 75,  9)
n=   490   udiff=  1.9901E+00 ( 81, 14)   vdiff=  2.1804E+00 ( 75,  9)
n=   491   udiff=  1.9822E+00 ( 81, 14)   vdiff=  2.2020E+00 ( 75,  9)
n=   492   udiff=  1.9740E+00 ( 81, 14)   vdiff=  2.2171E+00 ( 75,  9)
n=   493   udiff=  1.9657E+00 ( 81, 14)   vdiff=  2.2256E+00 ( 75,  9)
n=   494   udiff=  1.9572E+00 ( 81, 14)   vdiff=  2.2276E+00 ( 75,  9)
n=   495   udiff=  1.9509E+00 ( 82, 14)   vdiff=  2.2231E+00 ( 75,  9)
n=   496   udiff=  1.9473E+00 ( 82, 14)   vdiff=  2.2121E+00 ( 75,  9)
n=   497   udiff=  1.9434E+00 ( 82, 14)   vdiff=  2.1947E+00 ( 75,  9)
n=   498   udiff=  1.9392E+00 ( 82, 14)   vdiff=  2.1709E+00 ( 75,  9)
n=   499   udiff=  1.9348E+00 ( 82, 14)   vdiff=  2.1409E+00 ( 75,  9)
n=   500   udiff=  1.9301E+00 ( 82, 14)   vdiff=  2.1048E+00 ( 75,  9)
n=   501   udiff=  1.9252E+00 ( 82, 14)   vdiff=  2.0628E+00 ( 75,  9)
n=   502   udiff=  1.9200E+00 ( 82, 14)   vdiff=  2.0149E+00 ( 75,  9)
n=   503   udiff=  1.9146E+00 ( 82, 14)   vdiff=  1.9615E+00 ( 75,  9)
n=   504   udiff=  1.9090E+00 ( 82, 14)   vdiff=  1.9136E+00 ( 76,  9)
n=   505   udiff=  1.9031E+00 ( 82, 14)   vdiff=  1.9501E+00 ( 76,  9)
n=   506   udiff=  1.8970E+00 ( 82, 14)   vdiff=  1.9809E+00 ( 76,  9)
n=   507   udiff=  1.8907E+00 ( 82, 14)   vdiff=  2.0059E+00 ( 76,  9)
n=   508   udiff=  1.8842E+00 ( 82, 14)   vdiff=  2.0252E+00 ( 76,  9)
n=   509   udiff=  1.8775E+00 ( 82, 14)   vdiff=  2.0386E+00 ( 76,  9)
n=   510   udiff=  1.8706E+00 ( 82, 14)   vdiff=  2.0460E+00 ( 76,  9)
n=   511   udiff=  1.8635E+00 ( 82, 14)   vdiff=  2.0476E+00 ( 76,  9)
n=   512   udiff=  1.8563E+00 ( 82, 14)   vdiff=  2.0433E+00 ( 76,  9)
n=   513   udiff=  1.8488E+00 ( 82, 14)   vdiff=  2.0331E+00 ( 76,  9)
n=   514   udiff=  1.8413E+00 ( 82, 14)   vdiff=  2.0171E+00 ( 76,  9)
n=   515   udiff=  1.8335E+00 ( 82, 14)   vdiff=  1.9954E+00 ( 76,  9)
n=   516   udiff=  1.8261E+00 ( 83, 14)   vdiff=  1.9681E+00 ( 76,  9)
n=   517   udiff=  1.8224E+00 ( 83, 14)   vdiff=  1.9351E+00 ( 76,  9)
n=   518   udiff=  1.8186E+00 ( 83, 14)   vdiff=  1.8968E+00 ( 76,  9)
n=   519   udiff=  1.8145E+00 ( 83, 14)   vdiff=  1.8533E+00 ( 76,  9)
n=   520   udiff=  1.8102E+00 ( 83, 14)   vdiff=  1.8046E+00 ( 76,  9)
n=   521   udiff=  1.8057E+00 ( 83, 14)   vdiff=  1.7610E+00 ( 77,  9)
n=   522   udiff=  1.8010E+00 ( 83, 14)   vdiff=  1.7935E+00 ( 77,  9)
n=   523   udiff=  1.7961E+00 ( 83, 14)   vdiff=  1.8210E+00 ( 77,  9)
n=   524   udiff=  1.7910E+00 ( 83, 14)   vdiff=  1.8433E+00 ( 77,  9)
n=   525   udiff=  1.7857E+00 ( 83, 14)   vdiff=  1.8603E+00 ( 77,  9)
n=   526   udiff=  1.7803E+00 ( 83, 14)   vdiff=  1.8720E+00 ( 77,  9)
n=   527   udiff=  1.7746E+00 ( 83, 14)   vdiff=  1.8784E+00 ( 77,  9)
n=   528   udiff=  1.7688E+00 ( 83, 14)   vdiff=  1.8795E+00 ( 77,  9)
n=   529   udiff=  1.7629E+00 ( 83, 14)   vdiff=  1.8753E+00 ( 77,  9)
n=   530   udiff=  1.7568E+00 ( 83, 14)   vdiff=  1.8657E+00 ( 77,  9)
n=   531   udiff=  1.7505E+00 ( 83, 14)   vdiff=  1.8509E+00 ( 77,  9)
n=   532   udiff=  1.7441E+00 ( 83, 14)   vdiff=  1.8309E+00 ( 77,  9)
n=   533   udiff=  1.7376E+00 ( 83, 14)   vdiff=  1.8058E+00 ( 77,  9)
n=   534   udiff=  1.7310E+00 ( 83, 14)   vdiff=  1.7757E+00 ( 77,  9)
n=   535   udiff=  1.7242E+00 ( 83, 14)   vdiff=  1.7407E+00 ( 77,  9)
n=   536   udiff=  1.7174E+00 ( 83, 14)   vdiff=  1.7009E+00 ( 77,  9)
n=   537   udiff=  1.7104E+00 ( 83, 14)   vdiff=  1.6565E+00 ( 77,  9)
n=   538   udiff=  1.7039E+00 ( 84, 14)   vdiff=  1.6404E+00 ( 17, 16)
n=   539   udiff=  1.7002E+00 ( 84, 14)   vdiff=  1.6481E+00 ( 78,  9)
n=   540   udiff=  1.6964E+00 ( 84, 14)   vdiff=  1.6725E+00 ( 78,  9)
n=   541   udiff=  1.6923E+00 ( 84, 14)   vdiff=  1.6921E+00 ( 78,  9)
n=   542   udiff=  1.6881E+00 ( 84, 14)   vdiff=  1.7071E+00 ( 78,  9)
n=   543   udiff=  1.6838E+00 ( 84, 14)   vdiff=  1.7172E+00 ( 78,  9)
n=   544   udiff=  1.6792E+00 ( 84, 14)   vdiff=  1.7225E+00 ( 78,  9)
n=   545   udiff=  1.6746E+00 ( 84, 14)   vdiff=  1.7231E+00 ( 78,  9)
n=   546   udiff=  1.6698E+00 ( 84, 14)   vdiff=  1.7188E+00 ( 78,  9)
n=   547   udiff=  1.6648E+00 ( 84, 14)   vdiff=  1.7097E+00 ( 78,  9)
n=   548   udiff=  1.6597E+00 ( 84, 14)   vdiff=  1.6958E+00 ( 78,  9)
n=   549   udiff=  1.6545E+00 ( 84, 14)   vdiff=  1.6773E+00 ( 78,  9)
n=   550   udiff=  1.6492E+00 ( 84, 14)   vdiff=  1.6541E+00 ( 78,  9)
n=   551   udiff=  1.6438E+00 ( 84, 14)   vdiff=  1.6264E+00 ( 78,  9)
n=   552   udiff=  1.6382E+00 ( 84, 14)   vdiff=  1.5943E+00 ( 78,  9)
n=   553   udiff=  1.6326E+00 ( 84, 14)   vdiff=  1.5848E+00 ( 18, 15)
n=   554   udiff=  1.6269E+00 ( 84, 14)   vdiff=  1.5809E+00 ( 18, 15)
n=   555   udiff=  1.6211E+00 ( 84, 14)   vdiff=  1.5767E+00 ( 18, 15)
n=   556   udiff=  1.6152E+00 ( 84, 14)   vdiff=  1.5721E+00 ( 18, 15)
n=   557   udiff=  1.6092E+00 ( 84, 14)   vdiff=  1.5675E+00 ( 18, 16)
n=   558   udiff=  1.6032E+00 ( 84, 14)   vdiff=  1.5673E+00 ( 18, 16)
n=   559   udiff=  1.5971E+00 ( 84, 14)   vdiff=  1.5668E+00 ( 18, 16)
n=   560   udiff=  1.5910E+00 ( 84, 14)   vdiff=  1.5735E+00 ( 79,  9)
n=   561   udiff=  1.5855E+00 ( 85, 14)   vdiff=  1.5778E+00 ( 79,  9)
n=   562   udiff=  1.5818E+00 ( 85, 14)   vdiff=  1.5777E+00 ( 79,  9)
n=   563   udiff=  1.5780E+00 ( 85, 14)   vdiff=  1.5733E+00 ( 79,  9)
n=   564   udiff=  1.5741E+00 ( 85, 14)   vdiff=  1.5645E+00 ( 79,  9)
n=   565   udiff=  1.5701E+00 ( 85, 14)   vdiff=  1.5571E+00 ( 18, 16)
n=   566   udiff=  1.5659E+00 ( 85, 14)   vdiff=  1.5544E+00 ( 18, 16)
n=   567   udiff=  1.5616E+00 ( 85, 14)   vdiff=  1.5514E+00 ( 18, 16)
n=   568   udiff=  1.5573E+00 ( 85, 14)   vdiff=  1.5481E+00 ( 18, 16)
n=   569   udiff=  1.5528E+00 ( 85, 14)   vdiff=  1.5446E+00 ( 18, 16)
n=   570   udiff=  1.5482E+00 ( 85, 14)   vdiff=  1.5408E+00 ( 18, 16)
n=   571   udiff=  1.5436E+00 ( 85, 14)   vdiff=  1.5366E+00 ( 18, 16)
n=   572   udiff=  1.5389E+00 ( 85, 14)   vdiff=  1.5322E+00 ( 18, 16)
n=   573   udiff=  1.5341E+00 ( 85, 14)   vdiff=  1.5275E+00 ( 18, 16)
n=   574   udiff=  1.5292E+00 ( 85, 14)   vdiff=  1.5226E+00 ( 18, 16)
n=   575   udiff=  1.5243E+00 ( 85, 14)   vdiff=  1.5173E+00 ( 18, 16)
n=   576   udiff=  1.5193E+00 ( 85, 14)   vdiff=  1.5142E+00 ( 19, 15)
n=   577   udiff=  1.5143E+00 ( 85, 14)   vdiff=  1.5127E+00 ( 19, 15)
n=   578   udiff=  1.5092E+00 ( 85, 14)   vdiff=  1.5108E+00 ( 19, 15)
n=   579   udiff=  1.5041E+00 ( 85, 14)   vdiff=  1.5086E+00 ( 19, 15)
n=   580   udiff=  1.4990E+00 ( 85, 14)   vdiff=  1.5061E+00 ( 19, 15)
n=   581   udiff=  1.4938E+00 ( 85, 14)   vdiff=  1.5033E+00 ( 19, 15)
n=   582   udiff=  1.4887E+00 ( 85, 14)   vdiff=  1.5002E+00 ( 19, 15)
n=   583   udiff=  1.4835E+00 ( 85, 14)   vdiff=  1.4968E+00 ( 19, 15)
n=   584   udiff=  1.4783E+00 ( 85, 14)   vdiff=  1.4931E+00 ( 19, 15)
n=   585   udiff=  1.4731E+00 ( 85, 14)   vdiff=  1.4891E+00 ( 19, 15)
n=   586   udiff=  1.4688E+00 ( 86, 14)   vdiff=  1.4848E+00 ( 19, 15)
n=   587   udiff=  1.4651E+00 ( 86, 14)   vdiff=  1.4802E+00 ( 19, 15)
n=   588   udiff=  1.4614E+00 ( 86, 14)   vdiff=  1.4795E+00 ( 19, 16)
n=   589   udiff=  1.4577E+00 ( 86, 14)   vdiff=  1.4790E+00 ( 19, 16)
n=   590   udiff=  1.4539E+00 ( 86, 14)   vdiff=  1.4782E+00 ( 19, 16)
n=   591   udiff=  1.4500E+00 ( 86, 14)   vdiff=  1.4772E+00 ( 19, 16)
n=   592   udiff=  1.4460E+00 ( 86, 14)   vdiff=  1.4759E+00 ( 19, 16)
n=   593   udiff=  1.4420E+00 ( 86, 14)   vdiff=  1.4743E+00 ( 19, 16)
n=   594   udiff=  1.4380E+00 ( 86, 14)   vdiff=  1.4724E+00 ( 19, 16)
n=   595   udiff=  1.4339E+00 ( 86, 14)   vdiff=  1.4702E+00 ( 19, 16)
n=   596   udiff=  1.4297E+00 ( 86, 14)   vdiff=  1.4678E+00 ( 19, 16)
n=   597   udiff=  1.4256E+00 ( 86, 14)   vdiff=  1.4651E+00 ( 19, 16)
n=   598   udiff=  1.4214E+00 ( 86, 14)   vdiff=  1.4621E+00 ( 19, 16)
n=   599   udiff=  1.4172E+00 ( 86, 14)   vdiff=  1.4589E+00 ( 19, 16)
n=   600   udiff=  1.4129E+00 ( 86, 14)   vdiff=  1.4554E+00 ( 19, 16)
n=   601   udiff=  1.4087E+00 ( 86, 14)   vdiff=  1.4517E+00 ( 19, 16)
n=   602   udiff=  1.4044E+00 ( 86, 14)   vdiff=  1.4477E+00 ( 19, 16)
n=   603   udiff=  1.4002E+00 ( 86, 14)   vdiff=  1.4434E+00 ( 19, 16)
n=   604   udiff=  1.3959E+00 ( 86, 14)   vdiff=  1.4389E+00 ( 19, 16)
n=   605   udiff=  1.3917E+00 ( 86, 14)   vdiff=  1.4342E+00 ( 19, 16)
n=   606   udiff=  1.3874E+00 ( 86, 14)   vdiff=  1.4318E+00 ( 20, 15)
n=   607   udiff=  1.3832E+00 ( 86, 14)   vdiff=  1.4302E+00 ( 20, 15)
n=   608   udiff=  1.3790E+00 ( 86, 14)   vdiff=  1.4283E+00 ( 20, 15)
n=   609   udiff=  1.3747E+00 ( 86, 14)   vdiff=  1.4262E+00 ( 20, 15)
n=   610   udiff=  1.3706E+00 ( 86, 14)   vdiff=  1.4237E+00 ( 20, 15)
n=   611   udiff=  1.3664E+00 ( 86, 14)   vdiff=  1.4210E+00 ( 20, 15)
n=   612   udiff=  1.3622E+00 ( 86, 14)   vdiff=  1.4180E+00 ( 20, 15)
n=   613   udiff=  1.3581E+00 ( 86, 14)   vdiff=  1.4147E+00 ( 20, 15)
n=   614   udiff=  1.3540E+00 ( 86, 14)   vdiff=  1.4111E+00 ( 20, 15)
n=   615   udiff=  1.3500E+00 ( 86, 14)   vdiff=  1.4073E+00 ( 20, 15)
n=   616   udiff=  1.3463E+00 ( 87, 14)   vdiff=  1.4032E+00 ( 20, 15)
n=   617   udiff=  1.3429E+00 ( 87, 14)   vdiff=  1.3988E+00 ( 20, 15)
n=   618   udiff=  1.3395E+00 ( 87, 14)   vdiff=  1.3977E+00 ( 20, 16)
n=   619   udiff=  1.3361E+00 ( 87, 14)   vdiff=  1.3973E+00 ( 20, 16)
n=   620   udiff=  1.3327E+00 ( 87, 14)   vdiff=  1.3966E+00 ( 20, 16)
n=   621   udiff=  1.3293E+00 ( 87, 14)   vdiff=  1.3956E+00 ( 20, 16)
n=   622   udiff=  1.3259E+00 ( 87, 14)   vdiff=  1.3944E+00 ( 20, 16)
n=   623   udiff=  1.3224E+00 ( 87, 14)   vdiff=  1.3929E+00 ( 20, 16)
n=   624   udiff=  1.3190E+00 ( 87, 14)   vdiff=  1.3912E+00 ( 20, 16)
n=   625   udiff=  1.3156E+00 ( 87, 14)   vdiff=  1.3892E+00 ( 20, 16)
n=   626   udiff=  1.3122E+00 ( 87, 14)   vdiff=  1.3870E+00 ( 20, 16)
n=   627   udiff=  1.3088E+00 ( 87, 14)   vdiff=  1.3845E+00 ( 20, 16)
n=   628   udiff=  1.3054E+00 ( 87, 14)   vdiff=  1.3818E+00 ( 20, 16)
n=   629   udiff=  1.3020E+00 ( 87, 14)   vdiff=  1.3789E+00 ( 20, 16)
n=   630   udiff=  1.2986E+00 ( 87, 14)   vdiff=  1.3757E+00 ( 20, 16)
n=   631   udiff=  1.2953E+00 ( 87, 14)   vdiff=  1.3723E+00 ( 20, 16)
n=   632   udiff=  1.2920E+00 ( 87, 14)   vdiff=  1.3686E+00 ( 20, 16)
n=   633   udiff=  1.2887E+00 ( 87, 14)   vdiff=  1.3647E+00 ( 20, 16)
n=   634   udiff=  1.2854E+00 ( 87, 14)   vdiff=  1.3606E+00 ( 20, 16)
n=   635   udiff=  1.2822E+00 ( 87, 14)   vdiff=  1.3563E+00 ( 20, 16)
n=   636   udiff=  1.2790E+00 ( 87, 14)   vdiff=  1.3548E+00 ( 21, 15)
n=   637   udiff=  1.2758E+00 ( 87, 14)   vdiff=  1.3532E+00 ( 21, 15)
n=   638   udiff=  1.2726E+00 ( 87, 14)   vdiff=  1.3513E+00 ( 21, 15)
n=   639   udiff=  1.2695E+00 ( 87, 14)   vdiff=  1.3491E+00 ( 21, 15)
n=   640   udiff=  1.2664E+00 ( 87, 14)   vdiff=  1.3467E+00 ( 21, 15)
n=   641   udiff=  1.2633E+00 ( 87, 14)   vdiff=  1.3440E+00 ( 21, 15)
n=   642   udiff=  1.2602E+00 ( 87, 14)   vdiff=  1.3411E+00 ( 21, 15)
n=   643   udiff=  1.2572E+00 ( 87, 14)   vdiff=  1.3379E+00 ( 21, 15)
n=   644   udiff=  1.2542E+00 ( 87, 14)   vdiff=  1.3345E+00 ( 21, 15)
n=   645   udiff=  1.2512E+00 ( 87, 14)   vdiff=  1.3309E+00 ( 21, 15)
n=   646   udiff=  1.2483E+00 ( 87, 14)   vdiff=  1.3269E+00 ( 21, 15)
n=   647   udiff=  1.2453E+00 ( 87, 14)   vdiff=  1.3228E+00 ( 21, 15)
n=   648   udiff=  1.2424E+00 ( 87, 14)   vdiff=  1.3215E+00 ( 21, 16)
n=   649   udiff=  1.2396E+00 ( 87, 14)   vdiff=  1.3211E+00 ( 21, 16)
n=   650   udiff=  1.2367E+00 ( 87, 14)   vdiff=  1.3204E+00 ( 21, 16)
n=   651   udiff=  1.2338E+00 ( 87, 14)   vdiff=  1.3195E+00 ( 21, 16)
n=   652   udiff=  1.2310E+00 ( 87, 14)   vdiff=  1.3184E+00 ( 21, 16)
n=   653   udiff=  1.2282E+00 ( 87, 14)   vdiff=  1.3170E+00 ( 21, 16)
n=   654   udiff=  1.2254E+00 ( 87, 14)   vdiff=  1.3154E+00 ( 21, 16)
n=   655   udiff=  1.2226E+00 ( 87, 14)   vdiff=  1.3136E+00 ( 21, 16)
n=   656   udiff=  1.2198E+00 ( 87, 14)   vdiff=  1.3115E+00 ( 21, 16)
n=   657   udiff=  1.2170E+00 ( 87, 14)   vdiff=  1.3093E+00 ( 21, 16)
n=   658   udiff=  1.2143E+00 ( 87, 14)   vdiff=  1.3068E+00 ( 21, 16)
n=   659   udiff=  1.2115E+00 ( 87, 14)   vdiff=  1.3041E+00 ( 21, 16)
n=   660   udiff=  1.2087E+00 ( 87, 14)   vdiff=  1.3011E+00 ( 21, 16)
n=   661   udiff=  1.2060E+00 ( 87, 14)   vdiff=  1.2980E+00 ( 21, 16)
n=   662   udiff=  1.2032E+00 ( 87, 14)   vdiff=  1.2946E+00 ( 21, 16)
n=   663   udiff=  1.2004E+00 ( 87, 14)   vdiff=  1.2910E+00 ( 21, 16)
n=   664   udiff=  1.1976E+00 ( 87, 14)   vdiff=  1.2873E+00 ( 21, 16)
n=   665   udiff=  1.1948E+00 ( 87, 14)   vdiff=  1.2841E+00 ( 22, 15)
n=   666   udiff=  1.1920E+00 ( 87, 14)   vdiff=  1.2827E+00 ( 22, 15)
n=   667   udiff=  1.1891E+00 ( 87, 14)   vdiff=  1.2811E+00 ( 22, 15)
n=   668   udiff=  1.1863E+00 ( 88, 14)   vdiff=  1.2791E+00 ( 22, 15)
n=   669   udiff=  1.1840E+00 ( 88, 14)   vdiff=  1.2770E+00 ( 22, 15)
n=   670   udiff=  1.1816E+00 ( 88, 14)   vdiff=  1.2746E+00 ( 22, 15)
n=   671   udiff=  1.1793E+00 ( 88, 14)   vdiff=  1.2720E+00 ( 22, 15)
n=   672   udiff=  1.1769E+00 ( 88, 14)   vdiff=  1.2692E+00 ( 22, 15)
n=   673   udiff=  1.1746E+00 ( 88, 14)   vdiff=  1.2661E+00 ( 22, 15)
n=   674   udiff=  1.1722E+00 ( 88, 14)   vdiff=  1.2628E+00 ( 22, 15)
n=   675   udiff=  1.1699E+00 ( 88, 14)   vdiff=  1.2593E+00 ( 22, 15)
n=   676   udiff=  1.1675E+00 ( 88, 14)   vdiff=  1.2555E+00 ( 22, 15)
n=   677   udiff=  1.1652E+00 ( 88, 14)   vdiff=  1.2516E+00 ( 22, 15)
n=   678   udiff=  1.1628E+00 ( 88, 14)   vdiff=  1.2502E+00 ( 22, 16)
n=   679   udiff=  1.1609E+00 ( 87, 13)   vdiff=  1.2498E+00 ( 22, 16)
n=   680   udiff=  1.1599E+00 ( 87, 13)   vdiff=  1.2492E+00 ( 22, 16)
n=   681   udiff=  1.1586E+00 ( 87, 13)   vdiff=  1.2483E+00 ( 22, 16)
n=   682   udiff=  1.1571E+00 ( 87, 13)   vdiff=  1.2473E+00 ( 22, 16)
n=   683   udiff=  1.1554E+00 ( 87, 13)   vdiff=  1.2460E+00 ( 22, 16)
n=   684   udiff=  1.1535E+00 ( 87, 13)   vdiff=  1.2445E+00 ( 22, 16)
n=   685   udiff=  1.1515E+00 ( 87, 13)   vdiff=  1.2428E+00 ( 22, 16)
n=   686   udiff=  1.1492E+00 ( 87, 13)   vdiff=  1.2409E+00 ( 22, 16)
n=   687   udiff=  1.1467E+00 ( 87, 13)   vdiff=  1.2388E+00 ( 22, 16)
n=   688   udiff=  1.1440E+00 ( 87, 13)   vdiff=  1.2365E+00 ( 22, 16)
n=   689   udiff=  1.1411E+00 ( 87, 13)   vdiff=  1.2340E+00 ( 22, 16)
n=   690   udiff=  1.1381E+00 ( 87, 13)   vdiff=  1.2313E+00 ( 22, 16)
n=   691   udiff=  1.1363E+00 ( 88, 13)   vdiff=  1.2284E+00 ( 22, 16)
n=   692   udiff=  1.1359E+00 ( 88, 13)   vdiff=  1.2253E+00 ( 22, 16)
n=   693   udiff=  1.1354E+00 ( 88, 13)   vdiff=  1.2220E+00 ( 22, 16)
n=   694   udiff=  1.1347E+00 ( 88, 13)   vdiff=  1.2185E+00 ( 22, 16)
n=   695   udiff=  1.1339E+00 ( 88, 13)   vdiff=  1.2166E+00 ( 23, 15)
n=   696   udiff=  1.1329E+00 ( 88, 13)   vdiff=  1.2151E+00 ( 23, 15)
n=   697   udiff=  1.1318E+00 ( 88, 13)   vdiff=  1.2134E+00 ( 23, 15)
n=   698   udiff=  1.1305E+00 ( 88, 13)   vdiff=  1.2115E+00 ( 23, 15)
n=   699   udiff=  1.1290E+00 ( 88, 13)   vdiff=  1.2094E+00 ( 23, 15)
n=   700   udiff=  1.1273E+00 ( 88, 13)   vdiff=  1.2071E+00 ( 23, 15)
n=   701   udiff=  1.1255E+00 ( 88, 13)   vdiff=  1.2045E+00 ( 23, 15)
n=   702   udiff=  1.1235E+00 ( 88, 13)   vdiff=  1.2017E+00 ( 23, 15)
n=   703   udiff=  1.1213E+00 ( 88, 13)   vdiff=  1.1988E+00 ( 23, 15)
n=   704   udiff=  1.1189E+00 ( 88, 13)   vdiff=  1.1956E+00 ( 23, 15)
n=   705   udiff=  1.1163E+00 ( 88, 13)   vdiff=  1.1922E+00 ( 23, 15)
n=   706   udiff=  1.1136E+00 ( 88, 13)   vdiff=  1.1886E+00 ( 23, 15)
n=   707   udiff=  1.1107E+00 ( 88, 13)   vdiff=  1.1849E+00 ( 23, 15)
n=   708   udiff=  1.1083E+00 ( 89, 13)   vdiff=  1.1835E+00 ( 23, 16)
n=   709   udiff=  1.1078E+00 ( 89, 13)   vdiff=  1.1831E+00 ( 23, 16)
n=   710   udiff=  1.1072E+00 ( 89, 13)   vdiff=  1.1825E+00 ( 23, 16)
n=   711   udiff=  1.1065E+00 ( 89, 13)   vdiff=  1.1817E+00 ( 23, 16)
n=   712   udiff=  1.1056E+00 ( 89, 13)   vdiff=  1.1807E+00 ( 23, 16)
n=   713   udiff=  1.1046E+00 ( 89, 13)   vdiff=  1.1795E+00 ( 23, 16)
n=   714   udiff=  1.1034E+00 ( 89, 13)   vdiff=  1.1781E+00 ( 23, 16)
n=   715   udiff=  1.1021E+00 ( 89, 13)   vdiff=  1.1765E+00 ( 23, 16)
n=   716   udiff=  1.1006E+00 ( 89, 13)   vdiff=  1.1747E+00 ( 23, 16)
n=   717   udiff=  1.0990E+00 ( 89, 13)   vdiff=  1.1728E+00 ( 23, 16)
n=   718   udiff=  1.0972E+00 ( 89, 13)   vdiff=  1.1706E+00 ( 23, 16)
n=   719   udiff=  1.0952E+00 ( 89, 13)   vdiff=  1.1683E+00 ( 23, 16)
n=   720   udiff=  1.0931E+00 ( 89, 13)   vdiff=  1.1658E+00 ( 23, 16)
n=   721   udiff=  1.0909E+00 ( 89, 13)   vdiff=  1.1631E+00 ( 23, 16)
n=   722   udiff=  1.0884E+00 ( 89, 13)   vdiff=  1.1602E+00 ( 23, 16)
n=   723   udiff=  1.0858E+00 ( 89, 13)   vdiff=  1.1572E+00 ( 23, 16)
n=   724   udiff=  1.0831E+00 ( 89, 13)   vdiff=  1.1544E+00 ( 24, 15)
n=   725   udiff=  1.0802E+00 ( 89, 13)   vdiff=  1.1531E+00 ( 24, 15)
n=   726   udiff=  1.0794E+00 ( 90, 13)   vdiff=  1.1516E+00 ( 24, 15)
n=   727   udiff=  1.0787E+00 ( 90, 13)   vdiff=  1.1499E+00 ( 24, 15)
n=   728   udiff=  1.0779E+00 ( 90, 13)   vdiff=  1.1480E+00 ( 24, 15)
n=   729   udiff=  1.0770E+00 ( 90, 13)   vdiff=  1.1459E+00 ( 24, 15)
n=   730   udiff=  1.0759E+00 ( 90, 13)   vdiff=  1.1436E+00 ( 24, 15)
n=   731   udiff=  1.0748E+00 ( 90, 13)   vdiff=  1.1411E+00 ( 24, 15)
n=   732   udiff=  1.0735E+00 ( 90, 13)   vdiff=  1.1385E+00 ( 24, 15)
n=   733   udiff=  1.0720E+00 ( 90, 13)   vdiff=  1.1356E+00 ( 24, 15)
n=   734   udiff=  1.0704E+00 ( 90, 13)   vdiff=  1.1325E+00 ( 24, 15)
n=   735   udiff=  1.0687E+00 ( 90, 13)   vdiff=  1.1293E+00 ( 24, 15)
n=   736   udiff=  1.0668E+00 ( 90, 13)   vdiff=  1.1258E+00 ( 24, 15)
n=   737   udiff=  1.0648E+00 ( 90, 13)   vdiff=  1.1222E+00 ( 24, 15)
n=   738   udiff=  1.0626E+00 ( 90, 13)   vdiff=  1.1210E+00 ( 24, 16)
n=   739   udiff=  1.0603E+00 ( 90, 13)   vdiff=  1.1206E+00 ( 24, 16)
n=   740   udiff=  1.0579E+00 ( 90, 13)   vdiff=  1.1200E+00 ( 24, 16)
n=   741   udiff=  1.0553E+00 ( 90, 13)   vdiff=  1.1192E+00 ( 24, 16)
n=   742   udiff=  1.0526E+00 ( 90, 13)   vdiff=  1.1182E+00 ( 24, 16)
n=   743   udiff=  1.0505E+00 ( 91, 13)   vdiff=  1.1171E+00 ( 24, 16)
n=   744   udiff=  1.0498E+00 ( 91, 13)   vdiff=  1.1158E+00 ( 24, 16)
n=   745   udiff=  1.0490E+00 ( 91, 13)   vdiff=  1.1143E+00 ( 24, 16)
n=   746   udiff=  1.0481E+00 ( 91, 13)   vdiff=  1.1126E+00 ( 24, 16)
n=   747   udiff=  1.0470E+00 ( 91, 13)   vdiff=  1.1108E+00 ( 24, 16)
n=   748   udiff=  1.0459E+00 ( 91, 13)   vdiff=  1.1088E+00 ( 24, 16)
n=   749   udiff=  1.0446E+00 ( 91, 13)   vdiff=  1.1066E+00 ( 24, 16)
n=   750   udiff=  1.0432E+00 ( 91, 13)   vdiff=  1.1043E+00 ( 24, 16)
n=   751   udiff=  1.0416E+00 ( 91, 13)   vdiff=  1.1018E+00 ( 24, 16)
n=   752   udiff=  1.0400E+00 ( 91, 13)   vdiff=  1.0992E+00 ( 24, 16)
n=   753   udiff=  1.0382E+00 ( 91, 13)   vdiff=  1.0963E+00 ( 24, 16)
n=   754   udiff=  1.0363E+00 ( 91, 13)   vdiff=  1.0947E+00 ( 25, 15)
n=   755   udiff=  1.0342E+00 ( 91, 13)   vdiff=  1.0934E+00 ( 25, 15)
n=   756   udiff=  1.0321E+00 ( 91, 13)   vdiff=  1.0919E+00 ( 25, 15)
n=   757   udiff=  1.0298E+00 ( 91, 13)   vdiff=  1.0902E+00 ( 25, 15)
n=   758   udiff=  1.0273E+00 ( 91, 13)   vdiff=  1.0883E+00 ( 25, 15)
n=   759   udiff=  1.0248E+00 ( 91, 13)   vdiff=  1.0862E+00 ( 25, 15)
n=   760   udiff=  1.0221E+00 ( 91, 13)   vdiff=  1.0840E+00 ( 25, 15)
n=   761   udiff=  1.0207E+00 ( 92, 13)   vdiff=  1.0816E+00 ( 25, 15)
n=   762   udiff=  1.0199E+00 ( 92, 13)   vdiff=  1.0790E+00 ( 25, 15)
n=   763   udiff=  1.0190E+00 ( 92, 13)   vdiff=  1.0762E+00 ( 25, 15)
n=   764   udiff=  1.0179E+00 ( 92, 13)   vdiff=  1.0733E+00 ( 25, 15)
n=   765   udiff=  1.0168E+00 ( 92, 13)   vdiff=  1.0701E+00 ( 25, 15)
n=   766   udiff=  1.0155E+00 ( 92, 13)   vdiff=  1.0669E+00 ( 25, 15)
n=   767   udiff=  1.0142E+00 ( 92, 13)   vdiff=  1.0634E+00 ( 25, 15)
n=   768   udiff=  1.0127E+00 ( 92, 13)   vdiff=  1.0622E+00 ( 25, 16)
n=   769   udiff=  1.0111E+00 ( 92, 13)   vdiff=  1.0618E+00 ( 25, 16)
n=   770   udiff=  1.0094E+00 ( 92, 13)   vdiff=  1.0612E+00 ( 25, 16)
n=   771   udiff=  1.0076E+00 ( 92, 13)   vdiff=  1.0604E+00 ( 25, 16)
n=   772   udiff=  1.0057E+00 ( 92, 13)   vdiff=  1.0595E+00 ( 25, 16)
n=   773   udiff=  1.0037E+00 ( 92, 13)   vdiff=  1.0585E+00 ( 25, 16)
n=   774   udiff=  1.0015E+00 ( 92, 13)   vdiff=  1.0572E+00 ( 25, 16)
n=   775   udiff=  9.9927E-01 ( 92, 13)   vdiff=  1.0558E+00 ( 25, 16)
n=   776   udiff=  9.9691E-01 ( 92, 13)   vdiff=  1.0543E+00 ( 25, 16)
n=   777   udiff=  9.9444E-01 ( 92, 13)   vdiff=  1.0526E+00 ( 25, 16)
n=   778   udiff=  9.9186E-01 ( 92, 13)   vdiff=  1.0507E+00 ( 25, 16)
n=   779   udiff=  9.9053E-01 ( 93, 13)   vdiff=  1.0487E+00 ( 25, 16)
n=   780   udiff=  9.8963E-01 ( 93, 13)   vdiff=  1.0465E+00 ( 25, 16)
n=   781   udiff=  9.8863E-01 ( 93, 13)   vdiff=  1.0442E+00 ( 25, 16)
n=   782   udiff=  9.8753E-01 ( 93, 13)   vdiff=  1.0417E+00 ( 25, 16)
n=   783   udiff=  9.8634E-01 ( 93, 13)   vdiff=  1.0397E+00 ( 26, 15)
n=   784   udiff=  9.8505E-01 ( 93, 13)   vdiff=  1.0385E+00 ( 26, 15)
n=   785   udiff=  9.8366E-01 ( 93, 13)   vdiff=  1.0371E+00 ( 26, 15)
n=   786   udiff=  9.8217E-01 ( 93, 13)   vdiff=  1.0356E+00 ( 26, 15)
n=   787   udiff=  9.8057E-01 ( 93, 13)   vdiff=  1.0339E+00 ( 26, 15)
n=   788   udiff=  9.7888E-01 ( 93, 13)   vdiff=  1.0321E+00 ( 26, 15)
n=   789   udiff=  9.7708E-01 ( 93, 13)   vdiff=  1.0300E+00 ( 26, 15)
n=   790   udiff=  9.7519E-01 ( 93, 13)   vdiff=  1.0279E+00 ( 26, 15)
n=   791   udiff=  9.7320E-01 ( 93, 13)   vdiff=  1.0255E+00 ( 26, 15)
n=   792   udiff=  9.7110E-01 ( 93, 13)   vdiff=  1.0230E+00 ( 26, 15)
n=   793   udiff=  9.6891E-01 ( 93, 13)   vdiff=  1.0203E+00 ( 26, 15)
n=   794   udiff=  9.6663E-01 ( 93, 13)   vdiff=  1.0175E+00 ( 26, 15)
n=   795   udiff=  9.6425E-01 ( 93, 13)   vdiff=  1.0145E+00 ( 26, 15)
n=   796   udiff=  9.6178E-01 ( 93, 13)   vdiff=  1.0114E+00 ( 26, 15)
n=   797   udiff=  9.6022E-01 ( 94, 13)   vdiff=  1.0081E+00 ( 26, 15)
n=   798   udiff=  9.5927E-01 ( 94, 13)   vdiff=  1.0068E+00 ( 26, 16)
n=   799   udiff=  9.5823E-01 ( 94, 13)   vdiff=  1.0064E+00 ( 26, 16)
n=   800   udiff=  9.5710E-01 ( 94, 13)   vdiff=  1.0059E+00 ( 26, 16)
n=   801   udiff=  9.5589E-01 ( 94, 13)   vdiff=  1.0051E+00 ( 26, 16)
n=   802   udiff=  9.5458E-01 ( 94, 13)   vdiff=  1.0043E+00 ( 26, 16)
n=   803   udiff=  9.5319E-01 ( 94, 13)   vdiff=  1.0033E+00 ( 26, 16)
n=   804   udiff=  9.5170E-01 ( 94, 13)   vdiff=  1.0021E+00 ( 26, 16)
n=   805   udiff=  9.5012E-01 ( 94, 13)   vdiff=  1.0008E+00 ( 26, 16)
n=   806   udiff=  9.4846E-01 ( 94, 13)   vdiff=  9.9934E-01 ( 26, 16)
n=   807   udiff=  9.4670E-01 ( 94, 13)   vdiff=  9.9775E-01 ( 26, 16)
n=   808   udiff=  9.4486E-01 ( 94, 13)   vdiff=  9.9601E-01 ( 26, 16)
n=   809   udiff=  9.4292E-01 ( 94, 13)   vdiff=  9.9413E-01 ( 26, 16)
n=   810   udiff=  9.4091E-01 ( 94, 13)   vdiff=  9.9211E-01 ( 26, 16)
n=   811   udiff=  9.3880E-01 ( 94, 13)   vdiff=  9.8995E-01 ( 26, 16)
n=   812   udiff=  9.3662E-01 ( 94, 13)   vdiff=  9.8768E-01 ( 27, 15)
n=   813   udiff=  9.3435E-01 ( 94, 13)   vdiff=  9.8663E-01 ( 27, 15)
n=   814   udiff=  9.3200E-01 ( 94, 13)   vdiff=  9.8543E-01 ( 27, 15)
n=   815   udiff=  9.2985E-01 ( 95, 13)   vdiff=  9.8407E-01 ( 27, 15)
n=   816   udiff=  9.2887E-01 ( 95, 13)   vdiff=  9.8255E-01 ( 27, 15)
n=   817   udiff=  9.2782E-01 ( 95, 13)   vdiff=  9.8088E-01 ( 27, 15)
n=   818   udiff=  9.2668E-01 ( 95, 13)   vdiff=  9.7905E-01 ( 27, 15)
n=   819   udiff=  9.2547E-01 ( 95, 13)   vdiff=  9.7708E-01 ( 27, 15)
n=   820   udiff=  9.2417E-01 ( 95, 13)   vdiff=  9.7495E-01 ( 27, 15)
n=   821   udiff=  9.2280E-01 ( 95, 13)   vdiff=  9.7267E-01 ( 27, 15)
n=   822   udiff=  9.2134E-01 ( 95, 13)   vdiff=  9.7025E-01 ( 27, 15)
n=   823   udiff=  9.1981E-01 ( 95, 13)   vdiff=  9.6768E-01 ( 27, 15)
n=   824   udiff=  9.1819E-01 ( 95, 13)   vdiff=  9.6497E-01 ( 27, 15)
n=   825   udiff=  9.1649E-01 ( 95, 13)   vdiff=  9.6211E-01 ( 27, 15)
n=   826   udiff=  9.1472E-01 ( 95, 13)   vdiff=  9.5912E-01 ( 27, 15)
n=   827   udiff=  9.1287E-01 ( 95, 13)   vdiff=  9.5599E-01 ( 27, 15)
n=   828   udiff=  9.1094E-01 ( 95, 13)   vdiff=  9.5464E-01 ( 27, 16)
n=   829   udiff=  9.0894E-01 ( 95, 13)   vdiff=  9.5423E-01 ( 27, 16)
n=   830   udiff=  9.0687E-01 ( 95, 13)   vdiff=  9.5369E-01 ( 27, 16)
n=   831   udiff=  9.0473E-01 ( 95, 13)   vdiff=  9.5300E-01 ( 27, 16)
n=   832   udiff=  9.0252E-01 ( 95, 13)   vdiff=  9.5218E-01 ( 27, 16)
n=   833   udiff=  9.0024E-01 ( 95, 13)   vdiff=  9.5122E-01 ( 27, 16)
n=   834   udiff=  8.9860E-01 ( 96, 13)   vdiff=  9.5013E-01 ( 27, 16)
n=   835   udiff=  8.9756E-01 ( 96, 13)   vdiff=  9.4890E-01 ( 27, 16)
n=   836   udiff=  8.9644E-01 ( 96, 13)   vdiff=  9.4754E-01 ( 27, 16)
n=   837   udiff=  8.9525E-01 ( 96, 13)   vdiff=  9.4605E-01 ( 27, 16)
n=   838   udiff=  8.9398E-01 ( 96, 13)   vdiff=  9.4443E-01 ( 27, 16)
n=   839   udiff=  8.9265E-01 ( 96, 13)   vdiff=  9.4268E-01 ( 27, 16)
n=   840   udiff=  8.9124E-01 ( 96, 13)   vdiff=  9.4080E-01 ( 27, 16)
n=   841   udiff=  8.8976E-01 ( 96, 13)   vdiff=  9.3880E-01 ( 27, 16)
n=   842   udiff=  8.8821E-01 ( 96, 13)   vdiff=  9.3756E-01 ( 28, 15)
n=   843   udiff=  8.8660E-01 ( 96, 13)   vdiff=  9.3650E-01 ( 28, 15)
n=   844   udiff=  8.8491E-01 ( 96, 13)   vdiff=  9.3528E-01 ( 28, 15)
n=   845   udiff=  8.8316E-01 ( 96, 13)   vdiff=  9.3392E-01 ( 28, 15)
n=   846   udiff=  8.8134E-01 ( 96, 13)   vdiff=  9.3242E-01 ( 28, 15)
n=   847   udiff=  8.7945E-01 ( 96, 13)   vdiff=  9.3077E-01 ( 28, 15)
n=   848   udiff=  8.7751E-01 ( 96, 13)   vdiff=  9.2899E-01 ( 28, 15)
n=   849   udiff=  8.7550E-01 ( 96, 13)   vdiff=  9.2706E-01 ( 28, 15)
n=   850   udiff=  8.7344E-01 ( 96, 13)   vdiff=  9.2500E-01 ( 28, 15)
n=   851   udiff=  8.7132E-01 ( 96, 13)   vdiff=  9.2280E-01 ( 28, 15)
n=   852   udiff=  8.6914E-01 ( 96, 13)   vdiff=  9.2047E-01 ( 28, 15)
n=   853   udiff=  8.6745E-01 ( 97, 13)   vdiff=  9.1801E-01 ( 28, 15)
n=   854   udiff=  8.6636E-01 ( 97, 13)   vdiff=  9.1541E-01 ( 28, 15)
n=   855   udiff=  8.6521E-01 ( 97, 13)   vdiff=  9.1269E-01 ( 28, 15)
n=   856   udiff=  8.6400E-01 ( 97, 13)   vdiff=  9.0984E-01 ( 28, 15)
n=   857   udiff=  8.6272E-01 ( 97, 13)   vdiff=  9.0686E-01 ( 28, 15)
n=   858   udiff=  8.6138E-01 ( 97, 13)   vdiff=  9.0530E-01 ( 28, 16)
n=   859   udiff=  8.5998E-01 ( 97, 13)   vdiff=  9.0490E-01 ( 28, 16)
n=   860   udiff=  8.5851E-01 ( 97, 13)   vdiff=  9.0438E-01 ( 28, 16)
n=   861   udiff=  8.5699E-01 ( 97, 13)   vdiff=  9.0373E-01 ( 28, 16)
n=   862   udiff=  8.5540E-01 ( 97, 13)   vdiff=  9.0296E-01 ( 28, 16)
n=   863   udiff=  8.5376E-01 ( 97, 13)   vdiff=  9.0205E-01 ( 28, 16)
n=   864   udiff=  8.5206E-01 ( 97, 13)   vdiff=  9.0103E-01 ( 28, 16)
n=   865   udiff=  8.5030E-01 ( 97, 13)   vdiff=  8.9988E-01 ( 28, 16)
n=   866   udiff=  8.4849E-01 ( 97, 13)   vdiff=  8.9861E-01 ( 28, 16)
n=   867   udiff=  8.4663E-01 ( 97, 13)   vdiff=  8.9722E-01 ( 28, 16)
n=   868   udiff=  8.4472E-01 ( 97, 13)   vdiff=  8.9571E-01 ( 28, 16)
n=   869   udiff=  8.4276E-01 ( 97, 13)   vdiff=  8.9408E-01 ( 28, 16)
n=   870   udiff=  8.4076E-01 ( 97, 13)   vdiff=  8.9234E-01 ( 28, 16)
n=   871   udiff=  8.3871E-01 ( 97, 13)   vdiff=  8.9104E-01 ( 29, 15)
n=   872   udiff=  8.3663E-01 ( 98, 13)   vdiff=  8.9009E-01 ( 29, 15)
n=   873   udiff=  8.3554E-01 ( 98, 13)   vdiff=  8.8901E-01 ( 29, 15)
n=   874   udiff=  8.3439E-01 ( 98, 13)   vdiff=  8.8780E-01 ( 29, 15)
n=   875   udiff=  8.3318E-01 ( 98, 13)   vdiff=  8.8645E-01 ( 29, 15)
n=   876   udiff=  8.3192E-01 ( 98, 13)   vdiff=  8.8498E-01 ( 29, 15)
n=   877   udiff=  8.3060E-01 ( 98, 13)   vdiff=  8.8337E-01 ( 29, 15)
n=   878   udiff=  8.2923E-01 ( 98, 13)   vdiff=  8.8163E-01 ( 29, 15)
n=   879   udiff=  8.2781E-01 ( 98, 13)   vdiff=  8.7977E-01 ( 29, 15)
n=   880   udiff=  8.2634E-01 ( 98, 13)   vdiff=  8.7778E-01 ( 29, 15)
n=   881   udiff=  8.2481E-01 ( 98, 13)   vdiff=  8.7566E-01 ( 29, 15)
n=   882   udiff=  8.2324E-01 ( 98, 13)   vdiff=  8.7343E-01 ( 29, 15)
n=   883   udiff=  8.2162E-01 ( 98, 13)   vdiff=  8.7107E-01 ( 29, 15)
n=   884   udiff=  8.1995E-01 ( 98, 13)   vdiff=  8.6859E-01 ( 29, 15)
n=   885   udiff=  8.1824E-01 ( 98, 13)   vdiff=  8.6600E-01 ( 29, 15)
n=   886   udiff=  8.1649E-01 ( 98, 13)   vdiff=  8.6329E-01 ( 29, 15)
n=   887   udiff=  8.1470E-01 ( 98, 13)   vdiff=  8.6046E-01 ( 29, 15)
n=   888   udiff=  8.1287E-01 ( 98, 13)   vdiff=  8.5856E-01 ( 29, 16)
n=   889   udiff=  8.1100E-01 ( 98, 13)   vdiff=  8.5818E-01 ( 29, 16)
n=   890   udiff=  8.0910E-01 ( 98, 13)   vdiff=  8.5769E-01 ( 29, 16)
n=   891   udiff=  8.0717E-01 ( 98, 13)   vdiff=  8.5707E-01 ( 29, 16)
n=   892   udiff=  8.0521E-01 ( 98, 13)   vdiff=  8.5634E-01 ( 29, 16)
n=   893   udiff=  8.0396E-01 ( 99, 13)   vdiff=  8.5550E-01 ( 29, 16)
n=   894   udiff=  8.0279E-01 ( 99, 13)   vdiff=  8.5454E-01 ( 29, 16)
n=   895   udiff=  8.0157E-01 ( 99, 13)   vdiff=  8.5347E-01 ( 29, 16)
n=   896   udiff=  8.0031E-01 ( 99, 13)   vdiff=  8.5229E-01 ( 29, 16)
n=   897   udiff=  7.9899E-01 ( 99, 13)   vdiff=  8.5100E-01 ( 29, 16)
n=   898   udiff=  7.9764E-01 ( 99, 13)   vdiff=  8.4959E-01 ( 29, 16)
n=   899   udiff=  7.9624E-01 ( 99, 13)   vdiff=  8.4808E-01 ( 29, 16)
n=   900   udiff=  7.9480E-01 ( 99, 13)   vdiff=  8.4683E-01 ( 30, 15)
n=   901   udiff=  7.9332E-01 ( 99, 13)   vdiff=  8.4600E-01 ( 30, 15)
n=   902   udiff=  7.9180E-01 ( 99, 13)   vdiff=  8.4505E-01 ( 30, 15)
n=   903   udiff=  7.9024E-01 ( 99, 13)   vdiff=  8.4397E-01 ( 30, 15)
n=   904   udiff=  7.8865E-01 ( 99, 13)   vdiff=  8.4277E-01 ( 30, 15)
n=   905   udiff=  7.8702E-01 ( 99, 13)   vdiff=  8.4144E-01 ( 30, 15)
n=   906   udiff=  7.8537E-01 ( 99, 13)   vdiff=  8.4000E-01 ( 30, 15)
n=   907   udiff=  7.8368E-01 ( 99, 13)   vdiff=  8.3844E-01 ( 30, 15)
n=   908   udiff=  7.8196E-01 ( 99, 13)   vdiff=  8.3676E-01 ( 30, 15)
n=   909   udiff=  7.8022E-01 ( 99, 13)   vdiff=  8.3496E-01 ( 30, 15)
n=   910   udiff=  7.7846E-01 ( 99, 13)   vdiff=  8.3305E-01 ( 30, 15)
n=   911   udiff=  7.7667E-01 ( 99, 13)   vdiff=  8.3102E-01 ( 30, 15)
n=   912   udiff=  7.7486E-01 ( 99, 13)   vdiff=  8.2888E-01 ( 30, 15)
n=   913   udiff=  7.7304E-01 ( 99, 13)   vdiff=  8.2664E-01 ( 30, 15)
n=   914   udiff=  7.7187E-01 (100, 13)   vdiff=  8.2428E-01 ( 30, 15)
n=   915   udiff=  7.7067E-01 (100, 13)   vdiff=  8.2182E-01 ( 30, 15)
n=   916   udiff=  7.6944E-01 (100, 13)   vdiff=  8.1924E-01 ( 30, 15)
n=   917   udiff=  7.6817E-01 (100, 13)   vdiff=  8.1657E-01 ( 30, 15)
n=   918   udiff=  7.6687E-01 (100, 13)   vdiff=  8.1418E-01 ( 30, 16)
n=   919   udiff=  7.6553E-01 (100, 13)   vdiff=  8.1382E-01 ( 30, 16)
n=   920   udiff=  7.6415E-01 (100, 13)   vdiff=  8.1336E-01 ( 30, 16)
n=   921   udiff=  7.6275E-01 (100, 13)   vdiff=  8.1278E-01 ( 30, 16)
n=   922   udiff=  7.6132E-01 (100, 13)   vdiff=  8.1210E-01 ( 30, 16)
n=   923   udiff=  7.5986E-01 (100, 13)   vdiff=  8.1132E-01 ( 30, 16)
n=   924   udiff=  7.5837E-01 (100, 13)   vdiff=  8.1043E-01 ( 30, 16)
n=   925   udiff=  7.5686E-01 (100, 13)   vdiff=  8.0944E-01 ( 30, 16)
n=   926   udiff=  7.5533E-01 (100, 13)   vdiff=  8.0834E-01 ( 30, 16)
n=   927   udiff=  7.5378E-01 (100, 13)   vdiff=  8.0714E-01 ( 30, 16)
n=   928   udiff=  7.5220E-01 (100, 13)   vdiff=  8.0585E-01 ( 30, 16)
n=   929   udiff=  7.5061E-01 (100, 13)   vdiff=  8.0472E-01 ( 31, 15)
n=   930   udiff=  7.4901E-01 (100, 13)   vdiff=  8.0400E-01 ( 31, 15)
n=   931   udiff=  7.4739E-01 (100, 13)   vdiff=  8.0316E-01 ( 31, 15)
n=   932   udiff=  7.4576E-01 (100, 13)   vdiff=  8.0221E-01 ( 31, 15)
n=   933   udiff=  7.4412E-01 (100, 13)   vdiff=  8.0114E-01 ( 31, 15)
n=   934   udiff=  7.4247E-01 (100, 13)   vdiff=  7.9996E-01 ( 31, 15)
n=   935   udiff=  7.4081E-01 (100, 13)   vdiff=  7.9867E-01 ( 31, 15)
n=   936   udiff=  7.3929E-01 (101, 13)   vdiff=  7.9727E-01 ( 31, 15)
n=   937   udiff=  7.3809E-01 (101, 13)   vdiff=  7.9576E-01 ( 31, 15)
n=   938   udiff=  7.3687E-01 (101, 13)   vdiff=  7.9414E-01 ( 31, 15)
n=   939   udiff=  7.3562E-01 (101, 13)   vdiff=  7.9242E-01 ( 31, 15)
n=   940   udiff=  7.3434E-01 (101, 13)   vdiff=  7.9059E-01 ( 31, 15)
n=   941   udiff=  7.3305E-01 (101, 13)   vdiff=  7.8866E-01 ( 31, 15)
n=   942   udiff=  7.3173E-01 (101, 13)   vdiff=  7.8662E-01 ( 31, 15)
n=   943   udiff=  7.3039E-01 (101, 13)   vdiff=  7.8449E-01 ( 31, 15)
n=   944   udiff=  7.2904E-01 (101, 13)   vdiff=  7.8225E-01 ( 31, 15)
n=   945   udiff=  7.2766E-01 (101, 13)   vdiff=  7.7992E-01 ( 31, 15)
n=   946   udiff=  7.2628E-01 (101, 13)   vdiff=  7.7749E-01 ( 31, 15)
n=   947   udiff=  7.2488E-01 (101, 13)   vdiff=  7.7497E-01 ( 31, 15)
n=   948   udiff=  7.2346E-01 (101, 13)   vdiff=  7.7279E-01 ( 32, 14)
n=   949   udiff=  7.2204E-01 (101, 13)   vdiff=  7.7159E-01 ( 31, 16)
n=   950   udiff=  7.2061E-01 (101, 13)   vdiff=  7.7116E-01 ( 31, 16)
n=   951   udiff=  7.1917E-01 (101, 13)   vdiff=  7.7063E-01 ( 31, 16)
n=   952   udiff=  7.1796E-01 ( 31, 26)   vdiff=  7.7000E-01 ( 31, 16)
n=   953   udiff=  7.1750E-01 ( 31, 26)   vdiff=  7.6928E-01 ( 31, 16)
n=   954   udiff=  7.1704E-01 ( 31, 26)   vdiff=  7.6846E-01 ( 31, 16)
n=   955   udiff=  7.1656E-01 ( 31, 26)   vdiff=  7.6754E-01 ( 31, 16)
n=   956   udiff=  7.1607E-01 ( 31, 26)   vdiff=  7.6653E-01 ( 31, 16)
n=   957   udiff=  7.1558E-01 ( 31, 26)   vdiff=  7.6543E-01 ( 31, 16)
n=   958   udiff=  7.1508E-01 ( 31, 26)   vdiff=  7.6449E-01 ( 32, 15)
n=   959   udiff=  7.1456E-01 ( 31, 26)   vdiff=  7.6387E-01 ( 32, 15)
n=   960   udiff=  7.1404E-01 ( 31, 26)   vdiff=  7.6314E-01 ( 32, 15)
n=   961   udiff=  7.1351E-01 ( 31, 26)   vdiff=  7.6231E-01 ( 32, 15)
n=   962   udiff=  7.1297E-01 ( 31, 26)   vdiff=  7.6137E-01 ( 32, 15)
n=   963   udiff=  7.1242E-01 ( 31, 26)   vdiff=  7.6033E-01 ( 32, 15)
n=   964   udiff=  7.1186E-01 ( 31, 26)   vdiff=  7.5918E-01 ( 32, 15)
n=   965   udiff=  7.1130E-01 ( 31, 26)   vdiff=  7.5793E-01 ( 32, 15)
n=   966   udiff=  7.1072E-01 ( 31, 26)   vdiff=  7.5658E-01 ( 32, 15)
n=   967   udiff=  7.1013E-01 ( 31, 26)   vdiff=  7.5513E-01 ( 32, 15)
n=   968   udiff=  7.0954E-01 ( 31, 26)   vdiff=  7.5359E-01 ( 32, 15)
n=   969   udiff=  7.0894E-01 ( 31, 26)   vdiff=  7.5194E-01 ( 32, 15)
n=   970   udiff=  7.0833E-01 ( 31, 26)   vdiff=  7.5020E-01 ( 32, 15)
n=   971   udiff=  7.0771E-01 ( 31, 26)   vdiff=  7.4837E-01 ( 32, 15)
n=   972   udiff=  7.0708E-01 ( 31, 26)   vdiff=  7.4644E-01 ( 32, 15)
n=   973   udiff=  7.0644E-01 ( 31, 26)   vdiff=  7.4442E-01 ( 32, 15)
n=   974   udiff=  7.0579E-01 ( 31, 26)   vdiff=  7.4230E-01 ( 32, 15)
n=   975   udiff=  7.0513E-01 ( 31, 26)   vdiff=  7.4010E-01 ( 32, 15)
n=   976   udiff=  7.0447E-01 ( 31, 26)   vdiff=  7.3781E-01 ( 32, 15)
n=   977   udiff=  7.0379E-01 ( 31, 26)   vdiff=  7.3544E-01 ( 32, 15)
n=   978   udiff=  7.0311E-01 ( 31, 26)   vdiff=  7.3349E-01 ( 33, 14)
n=   979   udiff=  7.0242E-01 ( 31, 26)   vdiff=  7.3162E-01 ( 33, 14)
n=   980   udiff=  7.0172E-01 ( 31, 26)   vdiff=  7.3087E-01 ( 32, 16)
n=   981   udiff=  7.0101E-01 ( 31, 26)   vdiff=  7.3039E-01 ( 32, 16)
n=   982   udiff=  7.0029E-01 ( 31, 26)   vdiff=  7.2981E-01 ( 32, 16)
n=   983   udiff=  6.9957E-01 ( 31, 26)   vdiff=  7.2915E-01 ( 32, 16)
n=   984   udiff=  6.9896E-01 ( 32, 26)   vdiff=  7.2840E-01 ( 32, 16)
n=   985   udiff=  6.9851E-01 ( 32, 26)   vdiff=  7.2757E-01 ( 32, 16)
n=   986   udiff=  6.9805E-01 ( 32, 26)   vdiff=  7.2665E-01 ( 32, 16)
n=   987   udiff=  6.9757E-01 ( 32, 26)   vdiff=  7.2593E-01 ( 33, 15)
n=   988   udiff=  6.9709E-01 ( 32, 26)   vdiff=  7.2541E-01 ( 33, 15)
n=   989   udiff=  6.9660E-01 ( 32, 26)   vdiff=  7.2479E-01 ( 33, 15)
n=   990   udiff=  6.9611E-01 ( 32, 26)   vdiff=  7.2407E-01 ( 33, 15)
n=   991   udiff=  6.9560E-01 ( 32, 26)   vdiff=  7.2325E-01 ( 33, 15)
n=   992   udiff=  6.9509E-01 ( 32, 26)   vdiff=  7.2233E-01 ( 33, 15)
n=   993   udiff=  6.9457E-01 ( 32, 26)   vdiff=  7.2132E-01 ( 33, 15)
n=   994   udiff=  6.9404E-01 ( 32, 26)   vdiff=  7.2022E-01 ( 33, 15)
n=   995   udiff=  6.9350E-01 ( 32, 26)   vdiff=  7.1902E-01 ( 33, 15)
n=   996   udiff=  6.9295E-01 ( 32, 26)   vdiff=  7.1773E-01 ( 33, 15)
n=   997   udiff=  6.9239E-01 ( 32, 26)   vdiff=  7.1635E-01 ( 33, 15)
n=   998   udiff=  6.9183E-01 ( 32, 26)   vdiff=  7.1488E-01 ( 33, 15)
n=   999   udiff=  6.9126E-01 ( 32, 26)   vdiff=  7.1332E-01 ( 33, 15)
n=  1000   udiff=  6.9068E-01 ( 32, 26)   vdiff=  7.1167E-01 ( 33, 15)
n=  1001   udiff=  6.9009E-01 ( 32, 26)   vdiff=  7.0994E-01 ( 33, 15)
n=  1002   udiff=  6.8949E-01 ( 32, 26)   vdiff=  7.0812E-01 ( 33, 15)
n=  1003   udiff=  6.8889E-01 ( 32, 26)   vdiff=  7.0621E-01 ( 33, 15)
n=  1004   udiff=  6.8828E-01 ( 32, 26)   vdiff=  7.0423E-01 ( 33, 15)
n=  1005   udiff=  6.8765E-01 ( 32, 26)   vdiff=  7.0216E-01 ( 33, 15)
n=  1006   udiff=  6.8702E-01 ( 32, 26)   vdiff=  7.0001E-01 ( 33, 15)
n=  1007   udiff=  6.8639E-01 ( 32, 26)   vdiff=  6.9778E-01 ( 33, 15)
n=  1008   udiff=  6.8574E-01 ( 32, 26)   vdiff=  6.9592E-01 ( 34, 14)
n=  1009   udiff=  6.8509E-01 ( 32, 26)   vdiff=  6.9409E-01 ( 34, 14)
n=  1010   udiff=  6.8442E-01 ( 32, 26)   vdiff=  6.9227E-01 ( 33, 16)
n=  1011   udiff=  6.8375E-01 ( 32, 26)   vdiff=  6.9184E-01 ( 33, 16)
n=  1012   udiff=  6.8308E-01 ( 32, 26)   vdiff=  6.9132E-01 ( 33, 16)
n=  1013   udiff=  6.8239E-01 ( 32, 26)   vdiff=  6.9073E-01 ( 33, 16)
n=  1014   udiff=  6.8170E-01 ( 32, 26)   vdiff=  6.9005E-01 ( 33, 16)
n=  1015   udiff=  6.8099E-01 ( 32, 26)   vdiff=  6.8930E-01 ( 33, 16)
n=  1016   udiff=  6.8028E-01 ( 32, 26)   vdiff=  6.8885E-01 ( 34, 15)
n=  1017   udiff=  6.7957E-01 ( 32, 26)   vdiff=  6.8842E-01 ( 34, 15)
n=  1018   udiff=  6.7884E-01 ( 32, 26)   vdiff=  6.8790E-01 ( 34, 15)
n=  1019   udiff=  6.7833E-01 ( 33, 26)   vdiff=  6.8728E-01 ( 34, 15)
n=  1020   udiff=  6.7786E-01 ( 33, 26)   vdiff=  6.8658E-01 ( 34, 15)
n=  1021   udiff=  6.7738E-01 ( 33, 26)   vdiff=  6.8579E-01 ( 34, 15)
n=  1022   udiff=  6.7688E-01 ( 33, 26)   vdiff=  6.8491E-01 ( 34, 15)
n=  1023   udiff=  6.7639E-01 ( 33, 26)   vdiff=  6.8394E-01 ( 34, 15)
n=  1024   udiff=  6.7592E-01 ( 34, 25)   vdiff=  6.8288E-01 ( 34, 15)
n=  1025   udiff=  6.7549E-01 ( 34, 25)   vdiff=  6.8174E-01 ( 34, 15)
n=  1026   udiff=  6.7506E-01 ( 34, 25)   vdiff=  6.8052E-01 ( 34, 15)
n=  1027   udiff=  6.7461E-01 ( 34, 25)   vdiff=  6.7921E-01 ( 34, 15)
n=  1028   udiff=  6.7415E-01 ( 34, 25)   vdiff=  6.7782E-01 ( 34, 15)
n=  1029   udiff=  6.7368E-01 ( 34, 25)   vdiff=  6.7635E-01 ( 34, 15)
n=  1030   udiff=  6.7320E-01 ( 34, 25)   vdiff=  6.7480E-01 ( 34, 15)
n=  1031   udiff=  6.7272E-01 ( 34, 25)   vdiff=  6.7317E-01 ( 34, 15)
n=  1032   udiff=  6.7222E-01 ( 34, 25)   vdiff=  6.7146E-01 ( 34, 15)
n=  1033   udiff=  6.7171E-01 ( 34, 25)   vdiff=  6.6967E-01 ( 34, 15)
n=  1034   udiff=  6.7120E-01 ( 34, 25)   vdiff=  6.6781E-01 ( 34, 15)
n=  1035   udiff=  6.7067E-01 ( 34, 25)   vdiff=  6.6588E-01 ( 34, 15)
n=  1036   udiff=  6.7013E-01 ( 34, 25)   vdiff=  6.6387E-01 ( 34, 15)
n=  1037   udiff=  6.6959E-01 ( 34, 25)   vdiff=  6.6179E-01 ( 34, 15)
n=  1038   udiff=  6.6903E-01 ( 34, 25)   vdiff=  6.5990E-01 ( 35, 14)
n=  1039   udiff=  6.6847E-01 ( 34, 25)   vdiff=  6.5812E-01 ( 35, 14)
n=  1040   udiff=  6.6818E-01 ( 45,  1)   vdiff=  6.5626E-01 ( 35, 14)
n=  1041   udiff=  6.6818E-01 ( 45,  1)   vdiff=  6.5477E-01 ( 34, 16)
n=  1042   udiff=  6.6815E-01 ( 45,  1)   vdiff=  6.5432E-01 ( 34, 16)
n=  1043   udiff=  6.6807E-01 ( 45,  1)   vdiff=  6.5379E-01 ( 34, 16)
n=  1044   udiff=  6.6796E-01 ( 45,  1)   vdiff=  6.5328E-01 ( 35, 15)
n=  1045   udiff=  6.6780E-01 ( 45,  1)   vdiff=  6.5302E-01 ( 35, 15)
n=  1046   udiff=  6.6761E-01 ( 45,  1)   vdiff=  6.5268E-01 ( 35, 15)
n=  1047   udiff=  6.6737E-01 ( 45,  1)   vdiff=  6.5226E-01 ( 35, 15)
n=  1048   udiff=  6.6710E-01 ( 45,  1)   vdiff=  6.5175E-01 ( 35, 15)
n=  1049   udiff=  6.6678E-01 ( 45,  1)   vdiff=  6.5115E-01 ( 35, 15)
n=  1050   udiff=  6.6642E-01 ( 45,  1)   vdiff=  6.5048E-01 ( 35, 15)
n=  1051   udiff=  6.6602E-01 ( 45,  1)   vdiff=  6.4972E-01 ( 35, 15)
n=  1052   udiff=  6.6558E-01 ( 45,  1)   vdiff=  6.4888E-01 ( 35, 15)
n=  1053   udiff=  6.6510E-01 ( 45,  1)   vdiff=  6.4797E-01 ( 35, 15)
n=  1054   udiff=  6.6458E-01 ( 45,  1)   vdiff=  6.4697E-01 ( 35, 15)
n=  1055   udiff=  6.6401E-01 ( 45,  1)   vdiff=  6.4589E-01 ( 35, 15)
n=  1056   udiff=  6.6341E-01 ( 45,  1)   vdiff=  6.4474E-01 ( 35, 15)
n=  1057   udiff=  6.6276E-01 ( 45,  1)   vdiff=  6.4351E-01 ( 35, 15)
n=  1058   udiff=  6.6207E-01 ( 45,  1)   vdiff=  6.4221E-01 ( 35, 15)
n=  1059   udiff=  6.6134E-01 ( 45,  1)   vdiff=  6.4083E-01 ( 35, 15)
n=  1060   udiff=  6.6056E-01 ( 45,  1)   vdiff=  6.3938E-01 ( 35, 15)
n=  1061   udiff=  6.6020E-01 ( 46,  1)   vdiff=  6.3785E-01 ( 35, 15)
n=  1062   udiff=  6.6035E-01 ( 46,  1)   vdiff=  6.3626E-01 ( 35, 15)
n=  1063   udiff=  6.6046E-01 ( 46,  1)   vdiff=  6.3460E-01 ( 35, 15)
n=  1064   udiff=  6.6052E-01 ( 46,  1)   vdiff=  6.3286E-01 ( 35, 15)
n=  1065   udiff=  6.6055E-01 ( 46,  1)   vdiff=  6.3106E-01 ( 35, 15)
n=  1066   udiff=  6.6054E-01 ( 46,  1)   vdiff=  6.2919E-01 ( 35, 15)
n=  1067   udiff=  6.6049E-01 ( 46,  1)   vdiff=  6.2726E-01 ( 35, 15)
n=  1068   udiff=  6.6040E-01 ( 46,  1)   vdiff=  6.2526E-01 ( 35, 15)
n=  1069   udiff=  6.6027E-01 ( 46,  1)   vdiff=  6.2353E-01 ( 36, 14)
n=  1070   udiff=  6.6010E-01 ( 46,  1)   vdiff=  6.2174E-01 ( 36, 14)
n=  1071   udiff=  6.5989E-01 ( 46,  1)   vdiff=  6.1988E-01 ( 36, 14)
n=  1072   udiff=  6.5964E-01 ( 46,  1)   vdiff=  6.1858E-01 ( 35, 16)
n=  1073   udiff=  6.5935E-01 ( 46,  1)   vdiff=  6.1843E-01 ( 36, 15)
n=  1074   udiff=  6.5902E-01 ( 46,  1)   vdiff=  6.1825E-01 ( 36, 15)
n=  1075   udiff=  6.5865E-01 ( 46,  1)   vdiff=  6.1800E-01 ( 36, 15)
n=  1076   udiff=  6.5823E-01 ( 46,  1)   vdiff=  6.1767E-01 ( 36, 15)
n=  1077   udiff=  6.5778E-01 ( 46,  1)   vdiff=  6.1726E-01 ( 36, 15)
n=  1078   udiff=  6.5728E-01 ( 46,  1)   vdiff=  6.1677E-01 ( 36, 15)
n=  1079   udiff=  6.5675E-01 ( 46,  1)   vdiff=  6.1621E-01 ( 36, 15)
n=  1080   udiff=  6.5617E-01 ( 46,  1)   vdiff=  6.1557E-01 ( 36, 15)
n=  1081   udiff=  6.5555E-01 ( 46,  1)   vdiff=  6.1485E-01 ( 36, 15)
n=  1082   udiff=  6.5488E-01 ( 46,  1)   vdiff=  6.1407E-01 ( 36, 15)
n=  1083   udiff=  6.5418E-01 ( 46,  1)   vdiff=  6.1321E-01 ( 36, 15)
n=  1084   udiff=  6.5344E-01 ( 46,  1)   vdiff=  6.1227E-01 ( 36, 15)
n=  1085   udiff=  6.5265E-01 ( 46,  1)   vdiff=  6.1127E-01 ( 36, 15)
n=  1086   udiff=  6.5247E-01 ( 47,  1)   vdiff=  6.1019E-01 ( 36, 15)
n=  1087   udiff=  6.5259E-01 ( 47,  1)   vdiff=  6.0905E-01 ( 36, 15)
n=  1088   udiff=  6.5267E-01 ( 47,  1)   vdiff=  6.0783E-01 ( 36, 15)
n=  1089   udiff=  6.5271E-01 ( 47,  1)   vdiff=  6.0655E-01 ( 36, 15)
n=  1090   udiff=  6.5271E-01 ( 47,  1)   vdiff=  6.0521E-01 ( 36, 15)
n=  1091   udiff=  6.5267E-01 ( 47,  1)   vdiff=  6.0379E-01 ( 36, 15)
n=  1092   udiff=  6.5260E-01 ( 47,  1)   vdiff=  6.0231E-01 ( 36, 15)
n=  1093   udiff=  6.5248E-01 ( 47,  1)   vdiff=  6.0077E-01 ( 36, 15)
n=  1094   udiff=  6.5232E-01 ( 47,  1)   vdiff=  6.0089E-01 (120,  8)
n=  1095   udiff=  6.5213E-01 ( 47,  1)   vdiff=  6.0149E-01 (120,  8)
n=  1096   udiff=  6.5189E-01 ( 47,  1)   vdiff=  6.0212E-01 (120,  8)
n=  1097   udiff=  6.5161E-01 ( 47,  1)   vdiff=  6.0280E-01 (120,  8)
n=  1098   udiff=  6.5129E-01 ( 47,  1)   vdiff=  6.0352E-01 (120,  8)
n=  1099   udiff=  6.5093E-01 ( 47,  1)   vdiff=  6.0429E-01 (120,  8)
n=  1100   udiff=  6.5053E-01 ( 47,  1)   vdiff=  6.0510E-01 (120,  8)
n=  1101   udiff=  6.5009E-01 ( 47,  1)   vdiff=  6.0595E-01 (120,  8)
n=  1102   udiff=  6.4961E-01 ( 47,  1)   vdiff=  6.0685E-01 (120,  8)
n=  1103   udiff=  6.4909E-01 ( 47,  1)   vdiff=  6.0780E-01 (120,  8)
n=  1104   udiff=  6.4852E-01 ( 47,  1)   vdiff=  6.0880E-01 (120,  8)
n=  1105   udiff=  6.4791E-01 ( 47,  1)   vdiff=  6.0985E-01 (120,  8)
n=  1106   udiff=  6.4727E-01 ( 47,  1)   vdiff=  6.1095E-01 (120,  8)
n=  1107   udiff=  6.4658E-01 ( 47,  1)   vdiff=  6.1229E-01 (120,  7)
n=  1108   udiff=  6.4585E-01 ( 47,  1)   vdiff=  6.1398E-01 (120,  7)
n=  1109   udiff=  6.4507E-01 ( 47,  1)   vdiff=  6.1573E-01 (120,  7)
n=  1110   udiff=  6.4433E-01 ( 48,  1)   vdiff=  6.1755E-01 (120,  7)
n=  1111   udiff=  6.4445E-01 ( 48,  1)   vdiff=  6.1944E-01 (120,  7)
n=  1112   udiff=  6.4453E-01 ( 48,  1)   vdiff=  6.2139E-01 (120,  7)
n=  1113   udiff=  6.4457E-01 ( 48,  1)   vdiff=  6.2340E-01 (120,  7)
n=  1114   udiff=  6.4457E-01 ( 48,  1)   vdiff=  6.2548E-01 (120,  7)
n=  1115   udiff=  6.4453E-01 ( 48,  1)   vdiff=  6.2761E-01 (120,  7)
n=  1116   udiff=  6.4445E-01 ( 48,  1)   vdiff=  6.2979E-01 (120,  7)
n=  1117   udiff=  6.4433E-01 ( 48,  1)   vdiff=  6.3203E-01 (120,  7)
n=  1118   udiff=  6.4418E-01 ( 48,  1)   vdiff=  6.3431E-01 (120,  7)
n=  1119   udiff=  6.4398E-01 ( 48,  1)   vdiff=  6.3665E-01 (120,  7)
n=  1120   udiff=  6.4374E-01 ( 48,  1)   vdiff=  6.3902E-01 (120,  7)
n=  1121   udiff=  6.4346E-01 ( 48,  1)   vdiff=  6.4144E-01 (120,  7)
n=  1122   udiff=  6.4314E-01 ( 48,  1)   vdiff=  6.4388E-01 (120,  7)
n=  1123   udiff=  6.4278E-01 ( 48,  1)   vdiff=  6.4637E-01 (120,  7)
n=  1124   udiff=  6.4238E-01 ( 48,  1)   vdiff=  6.4887E-01 (120,  7)
n=  1125   udiff=  6.4194E-01 ( 48,  1)   vdiff=  6.5140E-01 (120,  7)
n=  1126   udiff=  6.4145E-01 ( 48,  1)   vdiff=  6.5394E-01 (120,  7)
n=  1127   udiff=  6.4093E-01 ( 48,  1)   vdiff=  6.5650E-01 (120,  7)
n=  1128   udiff=  6.4036E-01 ( 48,  1)   vdiff=  6.5907E-01 (120,  7)
n=  1129   udiff=  6.3976E-01 ( 48,  1)   vdiff=  6.6164E-01 (120,  7)
n=  1130   udiff=  6.3911E-01 ( 48,  1)   vdiff=  6.6421E-01 (120,  7)
n=  1131   udiff=  6.3842E-01 ( 48,  1)   vdiff=  6.6677E-01 (120,  7)
n=  1132   udiff=  6.3769E-01 ( 48,  1)   vdiff=  6.6932E-01 (120,  7)
n=  1133   udiff=  6.3691E-01 ( 48,  1)   vdiff=  6.7185E-01 (120,  7)
n=  1134   udiff=  6.3610E-01 ( 48,  1)   vdiff=  6.7435E-01 (120,  7)
n=  1135   udiff=  6.3591E-01 ( 49,  1)   vdiff=  6.7683E-01 (120,  7)
n=  1136   udiff=  6.3598E-01 ( 49,  1)   vdiff=  6.7927E-01 (120,  7)
n=  1137   udiff=  6.3601E-01 ( 49,  1)   vdiff=  6.8167E-01 (120,  7)
n=  1138   udiff=  6.3599E-01 ( 49,  1)   vdiff=  6.8403E-01 (120,  7)
n=  1139   udiff=  6.3594E-01 ( 49,  1)   vdiff=  6.8633E-01 (120,  7)
n=  1140   udiff=  6.3584E-01 ( 49,  1)   vdiff=  6.8858E-01 (120,  7)
n=  1141   udiff=  6.3571E-01 ( 49,  1)   vdiff=  6.9076E-01 (120,  7)
n=  1142   udiff=  6.3554E-01 ( 49,  1)   vdiff=  6.9287E-01 (120,  7)
n=  1143   udiff=  6.3532E-01 ( 49,  1)   vdiff=  6.9491E-01 (120,  7)
n=  1144   udiff=  6.3507E-01 ( 49,  1)   vdiff=  6.9687E-01 (120,  7)
n=  1145   udiff=  6.3477E-01 ( 49,  1)   vdiff=  6.9875E-01 (120,  7)
n=  1146   udiff=  6.3444E-01 ( 49,  1)   vdiff=  7.0053E-01 (120,  7)
n=  1147   udiff=  6.3406E-01 ( 49,  1)   vdiff=  7.0222E-01 (120,  7)
n=  1148   udiff=  6.3364E-01 ( 49,  1)   vdiff=  7.0381E-01 (120,  7)
n=  1149   udiff=  6.3318E-01 ( 49,  1)   vdiff=  7.0529E-01 (120,  7)
n=  1150   udiff=  6.3268E-01 ( 49,  1)   vdiff=  7.0667E-01 (120,  7)
n=  1151   udiff=  6.3214E-01 ( 49,  1)   vdiff=  7.0792E-01 (120,  7)
n=  1152   udiff=  6.3156E-01 ( 49,  1)   vdiff=  7.0906E-01 (120,  7)
n=  1153   udiff=  6.3093E-01 ( 49,  1)   vdiff=  7.1008E-01 (120,  7)
n=  1154   udiff=  6.3027E-01 ( 49,  1)   vdiff=  7.1097E-01 (120,  7)
n=  1155   udiff=  6.2956E-01 ( 49,  1)   vdiff=  7.1173E-01 (120,  7)
n=  1156   udiff=  6.2881E-01 ( 49,  1)   vdiff=  7.1236E-01 (120,  7)
n=  1157   udiff=  6.2802E-01 ( 49,  1)   vdiff=  7.1285E-01 (120,  7)
n=  1158   udiff=  6.2719E-01 ( 49,  1)   vdiff=  7.1320E-01 (120,  7)
n=  1159   udiff=  6.2686E-01 ( 50,  1)   vdiff=  7.1341E-01 (120,  7)
n=  1160   udiff=  6.2690E-01 ( 50,  1)   vdiff=  7.1347E-01 (120,  7)
n=  1161   udiff=  6.2689E-01 ( 50,  1)   vdiff=  7.1339E-01 (120,  7)
n=  1162   udiff=  6.2685E-01 ( 50,  1)   vdiff=  7.1316E-01 (120,  7)
n=  1163   udiff=  6.2677E-01 ( 50,  1)   vdiff=  7.1278E-01 (120,  7)
n=  1164   udiff=  6.2664E-01 ( 50,  1)   vdiff=  7.1226E-01 (120,  7)
n=  1165   udiff=  6.2648E-01 ( 50,  1)   vdiff=  7.1158E-01 (120,  7)
n=  1166   udiff=  6.2627E-01 ( 50,  1)   vdiff=  7.1075E-01 (120,  7)
n=  1167   udiff=  6.2602E-01 ( 50,  1)   vdiff=  7.0978E-01 (120,  7)
n=  1168   udiff=  6.2574E-01 ( 50,  1)   vdiff=  7.0865E-01 (120,  7)
n=  1169   udiff=  6.2541E-01 ( 50,  1)   vdiff=  7.0738E-01 (120,  7)
n=  1170   udiff=  6.2504E-01 ( 50,  1)   vdiff=  7.0596E-01 (120,  7)
n=  1171   udiff=  6.2463E-01 ( 50,  1)   vdiff=  7.0440E-01 (120,  7)
n=  1172   udiff=  6.2418E-01 ( 50,  1)   vdiff=  7.0269E-01 (120,  7)
n=  1173   udiff=  6.2369E-01 ( 50,  1)   vdiff=  7.0085E-01 (120,  7)
n=  1174   udiff=  6.2315E-01 ( 50,  1)   vdiff=  6.9886E-01 (120,  7)
n=  1175   udiff=  6.2258E-01 ( 50,  1)   vdiff=  6.9675E-01 (120,  7)
n=  1176   udiff=  6.2196E-01 ( 50,  1)   vdiff=  6.9573E-01 (120,  8)
n=  1177   udiff=  6.2130E-01 ( 50,  1)   vdiff=  6.9475E-01 (120,  8)
n=  1178   udiff=  6.2060E-01 ( 50,  1)   vdiff=  6.9367E-01 (120,  8)
n=  1179   udiff=  6.1986E-01 ( 50,  1)   vdiff=  6.9251E-01 (120,  8)
n=  1180   udiff=  6.1907E-01 ( 50,  1)   vdiff=  6.9125E-01 (120,  8)
n=  1181   udiff=  6.1825E-01 ( 50,  1)   vdiff=  6.8991E-01 (120,  8)
n=  1182   udiff=  6.1738E-01 ( 50,  1)   vdiff=  6.8849E-01 (120,  8)
n=  1183   udiff=  6.1714E-01 ( 51,  1)   vdiff=  6.8699E-01 (120,  8)
n=  1184   udiff=  6.1713E-01 ( 51,  1)   vdiff=  6.8541E-01 (120,  8)
n=  1185   udiff=  6.1708E-01 ( 51,  1)   vdiff=  6.8376E-01 (120,  8)
n=  1186   udiff=  6.1698E-01 ( 51,  1)   vdiff=  6.8205E-01 (120,  8)
n=  1187   udiff=  6.1685E-01 ( 51,  1)   vdiff=  6.8027E-01 (120,  8)
n=  1188   udiff=  6.1668E-01 ( 51,  1)   vdiff=  6.7843E-01 (120,  8)
n=  1189   udiff=  6.1646E-01 ( 51,  1)   vdiff=  6.7653E-01 (120,  8)
n=  1190   udiff=  6.1621E-01 ( 51,  1)   vdiff=  6.7458E-01 (120,  8)
n=  1191   udiff=  6.1591E-01 ( 51,  1)   vdiff=  6.7259E-01 (120,  8)
n=  1192   udiff=  6.1557E-01 ( 51,  1)   vdiff=  6.7055E-01 (120,  8)
n=  1193   udiff=  6.1520E-01 ( 51,  1)   vdiff=  6.6848E-01 (120,  8)
n=  1194   udiff=  6.1477E-01 ( 51,  1)   vdiff=  6.6638E-01 (120,  8)
n=  1195   udiff=  6.1431E-01 ( 51,  1)   vdiff=  6.6425E-01 (120,  8)
n=  1196   udiff=  6.1381E-01 ( 51,  1)   vdiff=  6.6210E-01 (120,  8)
n=  1197   udiff=  6.1326E-01 ( 51,  1)   vdiff=  6.5993E-01 (120,  8)
n=  1198   udiff=  6.1268E-01 ( 51,  1)   vdiff=  6.5775E-01 (120,  8)
n=  1199   udiff=  6.1205E-01 ( 51,  1)   vdiff=  6.5557E-01 (120,  8)
n=  1200   udiff=  6.1138E-01 ( 51,  1)   vdiff=  6.5339E-01 (120,  8)
n=  1201   udiff=  6.1066E-01 ( 51,  1)   vdiff=  6.5122E-01 (120,  8)
n=  1202   udiff=  6.0991E-01 ( 51,  1)   vdiff=  6.4906E-01 (120,  8)
n=  1203   udiff=  6.0911E-01 ( 51,  1)   vdiff=  6.4692E-01 (120,  8)
n=  1204   udiff=  6.0828E-01 ( 51,  1)   vdiff=  6.4480E-01 (120,  8)
n=  1205   udiff=  6.0740E-01 ( 51,  1)   vdiff=  6.4271E-01 (120,  8)
n=  1206   udiff=  6.0661E-01 ( 52,  1)   vdiff=  6.4065E-01 (120,  8)
n=  1207   udiff=  6.0657E-01 ( 52,  1)   vdiff=  6.3864E-01 (120,  8)
n=  1208   udiff=  6.0649E-01 ( 52,  1)   vdiff=  6.3667E-01 (120,  8)
n=  1209   udiff=  6.0637E-01 ( 52,  1)   vdiff=  6.3475E-01 (120,  8)
n=  1210   udiff=  6.0621E-01 ( 52,  1)   vdiff=  6.3289E-01 (120,  8)
n=  1211   udiff=  6.0601E-01 ( 52,  1)   vdiff=  6.3188E-01 (120,  9)
n=  1212   udiff=  6.0577E-01 ( 52,  1)   vdiff=  6.3122E-01 (120,  9)
n=  1213   udiff=  6.0549E-01 ( 52,  1)   vdiff=  6.3059E-01 (120,  9)
n=  1214   udiff=  6.0517E-01 ( 52,  1)   vdiff=  6.2999E-01 (120,  9)
n=  1215   udiff=  6.0480E-01 ( 52,  1)   vdiff=  6.2941E-01 (120,  9)
n=  1216   udiff=  6.0439E-01 ( 52,  1)   vdiff=  6.2885E-01 (120,  9)
n=  1217   udiff=  6.0394E-01 ( 52,  1)   vdiff=  6.2833E-01 (120,  9)
n=  1218   udiff=  6.0345E-01 ( 52,  1)   vdiff=  6.2785E-01 (120,  9)
n=  1219   udiff=  6.0292E-01 ( 52,  1)   vdiff=  6.2739E-01 (120,  9)
n=  1220   udiff=  6.0234E-01 ( 52,  1)   vdiff=  6.2698E-01 (120,  9)
n=  1221   udiff=  6.0173E-01 ( 52,  1)   vdiff=  6.2660E-01 (120,  9)
n=  1222   udiff=  6.0107E-01 ( 52,  1)   vdiff=  6.2626E-01 (120,  9)
n=  1223   udiff=  6.0037E-01 ( 52,  1)   vdiff=  6.2596E-01 (120,  9)
n=  1224   udiff=  5.9962E-01 ( 52,  1)   vdiff=  6.2571E-01 (120,  9)
n=  1225   udiff=  5.9884E-01 ( 52,  1)   vdiff=  6.2549E-01 (120,  9)
n=  1226   udiff=  5.9801E-01 ( 52,  1)   vdiff=  6.2533E-01 (120,  9)
n=  1227   udiff=  5.9714E-01 ( 52,  1)   vdiff=  6.2521E-01 (120,  9)
n=  1228   udiff=  5.9623E-01 ( 52,  1)   vdiff=  6.2514E-01 (120,  9)
n=  1229   udiff=  5.9527E-01 ( 52,  1)   vdiff=  6.2511E-01 (120,  9)
n=  1230   udiff=  5.9508E-01 ( 53,  1)   vdiff=  6.2514E-01 (120,  9)
n=  1231   udiff=  5.9496E-01 ( 53,  1)   vdiff=  6.2521E-01 (120,  9)
n=  1232   udiff=  5.9480E-01 ( 53,  1)   vdiff=  6.2533E-01 (120,  9)
n=  1233   udiff=  5.9459E-01 ( 53,  1)   vdiff=  6.2550E-01 (120,  9)
n=  1234   udiff=  5.9435E-01 ( 53,  1)   vdiff=  6.2572E-01 (120,  9)
n=  1235   udiff=  5.9406E-01 ( 53,  1)   vdiff=  6.2599E-01 (120,  9)
n=  1236   udiff=  5.9373E-01 ( 53,  1)   vdiff=  6.2631E-01 (120,  9)
n=  1237   udiff=  5.9336E-01 ( 53,  1)   vdiff=  6.2668E-01 (120,  9)
n=  1238   udiff=  5.9294E-01 ( 53,  1)   vdiff=  6.2709E-01 (120,  9)
n=  1239   udiff=  5.9249E-01 ( 53,  1)   vdiff=  6.2755E-01 (120,  9)
n=  1240   udiff=  5.9199E-01 ( 53,  1)   vdiff=  6.2806E-01 (120,  9)
n=  1241   udiff=  5.9145E-01 ( 53,  1)   vdiff=  6.2862E-01 (120,  9)
n=  1242   udiff=  5.9087E-01 ( 53,  1)   vdiff=  6.2921E-01 (120,  9)
n=  1243   udiff=  5.9024E-01 ( 53,  1)   vdiff=  6.2985E-01 (120,  9)
n=  1244   udiff=  5.8957E-01 ( 53,  1)   vdiff=  6.3053E-01 (120,  9)
n=  1245   udiff=  5.8886E-01 ( 53,  1)   vdiff=  6.3126E-01 (120,  9)
n=  1246   udiff=  5.8811E-01 ( 53,  1)   vdiff=  6.3201E-01 (120,  9)
n=  1247   udiff=  5.8732E-01 ( 53,  1)   vdiff=  6.3281E-01 (120,  9)
n=  1248   udiff=  5.8648E-01 ( 53,  1)   vdiff=  6.3465E-01 (120,  8)
n=  1249   udiff=  5.8560E-01 ( 53,  1)   vdiff=  6.3666E-01 (120,  8)
n=  1250   udiff=  5.8468E-01 ( 53,  1)   vdiff=  6.3874E-01 (120,  8)
n=  1251   udiff=  5.8371E-01 ( 53,  1)   vdiff=  6.4087E-01 (120,  8)
n=  1252   udiff=  5.8271E-01 ( 53,  1)   vdiff=  6.4305E-01 (120,  8)
n=  1253   udiff=  5.8253E-01 ( 54,  1)   vdiff=  6.4528E-01 (120,  8)
n=  1254   udiff=  5.8234E-01 ( 54,  1)   vdiff=  6.4755E-01 (120,  8)
n=  1255   udiff=  5.8211E-01 ( 54,  1)   vdiff=  6.4984E-01 (120,  8)
n=  1256   udiff=  5.8184E-01 ( 54,  1)   vdiff=  6.5217E-01 (120,  8)
n=  1257   udiff=  5.8153E-01 ( 54,  1)   vdiff=  6.5451E-01 (120,  8)
n=  1258   udiff=  5.8117E-01 ( 54,  1)   vdiff=  6.5686E-01 (120,  8)
n=  1259   udiff=  5.8078E-01 ( 54,  1)   vdiff=  6.5922E-01 (120,  8)
n=  1260   udiff=  5.8034E-01 ( 54,  1)   vdiff=  6.6158E-01 (120,  8)
n=  1261   udiff=  5.7985E-01 ( 54,  1)   vdiff=  6.6492E-01 (120,  7)
n=  1262   udiff=  5.7933E-01 ( 54,  1)   vdiff=  6.6860E-01 (120,  7)
n=  1263   udiff=  5.7876E-01 ( 54,  1)   vdiff=  6.7220E-01 (120,  7)
n=  1264   udiff=  5.7815E-01 ( 54,  1)   vdiff=  6.7571E-01 (120,  7)
n=  1265   udiff=  5.7750E-01 ( 54,  1)   vdiff=  6.7912E-01 (120,  7)
n=  1266   udiff=  5.7680E-01 ( 54,  1)   vdiff=  6.8242E-01 (120,  7)
n=  1267   udiff=  5.7607E-01 ( 54,  1)   vdiff=  6.8560E-01 (120,  7)
n=  1268   udiff=  5.7528E-01 ( 54,  1)   vdiff=  6.8865E-01 (120,  7)
n=  1269   udiff=  5.7446E-01 ( 54,  1)   vdiff=  6.9155E-01 (120,  7)
n=  1270   udiff=  5.7359E-01 ( 54,  1)   vdiff=  6.9431E-01 (120,  7)
n=  1271   udiff=  5.7268E-01 ( 54,  1)   vdiff=  6.9690E-01 (120,  7)
n=  1272   udiff=  5.7173E-01 ( 54,  1)   vdiff=  6.9933E-01 (120,  7)
n=  1273   udiff=  5.7074E-01 ( 54,  1)   vdiff=  7.0158E-01 (120,  7)
n=  1274   udiff=  5.6970E-01 ( 54,  1)   vdiff=  7.0364E-01 (120,  7)
n=  1275   udiff=  5.6899E-01 ( 55,  1)   vdiff=  7.0551E-01 (120,  7)
n=  1276   udiff=  5.6876E-01 ( 55,  1)   vdiff=  7.0718E-01 (120,  7)
n=  1277   udiff=  5.6849E-01 ( 55,  1)   vdiff=  7.0864E-01 (120,  7)
n=  1278   udiff=  5.6818E-01 ( 55,  1)   vdiff=  7.0989E-01 (120,  7)
n=  1279   udiff=  5.6782E-01 ( 55,  1)   vdiff=  7.1092E-01 (120,  7)
n=  1280   udiff=  5.6742E-01 ( 55,  1)   vdiff=  7.1173E-01 (120,  7)
n=  1281   udiff=  5.6698E-01 ( 55,  1)   vdiff=  7.1231E-01 (120,  7)
n=  1282   udiff=  5.6649E-01 ( 55,  1)   vdiff=  7.1266E-01 (120,  7)
n=  1283   udiff=  5.6596E-01 ( 55,  1)   vdiff=  7.1277E-01 (120,  7)
n=  1284   udiff=  5.6539E-01 ( 55,  1)   vdiff=  7.1265E-01 (120,  7)
n=  1285   udiff=  5.6478E-01 ( 55,  1)   vdiff=  7.1229E-01 (120,  7)
n=  1286   udiff=  5.6412E-01 ( 55,  1)   vdiff=  7.1169E-01 (120,  7)
n=  1287   udiff=  5.6342E-01 ( 55,  1)   vdiff=  7.1085E-01 (120,  7)
n=  1288   udiff=  5.6267E-01 ( 55,  1)   vdiff=  7.0977E-01 (120,  7)
n=  1289   udiff=  5.6189E-01 ( 55,  1)   vdiff=  7.0844E-01 (120,  7)
n=  1290   udiff=  5.6106E-01 ( 55,  1)   vdiff=  7.0688E-01 (120,  7)
n=  1291   udiff=  5.6018E-01 ( 55,  1)   vdiff=  7.0508E-01 (120,  7)
n=  1292   udiff=  5.5927E-01 ( 55,  1)   vdiff=  7.0305E-01 (120,  7)
n=  1293   udiff=  5.5831E-01 ( 55,  1)   vdiff=  7.0079E-01 (120,  7)
n=  1294   udiff=  5.5731E-01 ( 55,  1)   vdiff=  6.9830E-01 (120,  7)
n=  1295   udiff=  5.5626E-01 ( 55,  1)   vdiff=  6.9559E-01 (120,  7)
n=  1296   udiff=  5.5518E-01 ( 55,  1)   vdiff=  6.9407E-01 (120,  8)
n=  1297   udiff=  5.5430E-01 ( 56,  1)   vdiff=  6.9260E-01 (120,  8)
n=  1298   udiff=  5.5401E-01 ( 56,  1)   vdiff=  6.9098E-01 (120,  8)
n=  1299   udiff=  5.5367E-01 ( 56,  1)   vdiff=  6.8922E-01 (120,  8)
n=  1300   udiff=  5.5329E-01 ( 56,  1)   vdiff=  6.8734E-01 (120,  8)
n=  1301   udiff=  5.5287E-01 ( 56,  1)   vdiff=  6.8532E-01 (120,  8)
n=  1302   udiff=  5.5241E-01 ( 56,  1)   vdiff=  6.8318E-01 (120,  8)
n=  1303   udiff=  5.5190E-01 ( 56,  1)   vdiff=  6.8091E-01 (120,  8)
n=  1304   udiff=  5.5135E-01 ( 56,  1)   vdiff=  6.7853E-01 (120,  8)
n=  1305   udiff=  5.5075E-01 ( 56,  1)   vdiff=  6.7604E-01 (120,  8)
n=  1306   udiff=  5.5011E-01 ( 56,  1)   vdiff=  6.7344E-01 (120,  8)
n=  1307   udiff=  5.4943E-01 ( 56,  1)   vdiff=  6.7074E-01 (120,  8)
n=  1308   udiff=  5.4870E-01 ( 56,  1)   vdiff=  6.6794E-01 (120,  8)
n=  1309   udiff=  5.4794E-01 ( 56,  1)   vdiff=  6.6505E-01 (120,  8)
n=  1310   udiff=  5.4712E-01 ( 56,  1)   vdiff=  6.6208E-01 (120,  8)
n=  1311   udiff=  5.4627E-01 ( 56,  1)   vdiff=  6.5904E-01 (120,  8)
n=  1312   udiff=  5.4537E-01 ( 56,  1)   vdiff=  6.5592E-01 (120,  8)
n=  1313   udiff=  5.4443E-01 ( 56,  1)   vdiff=  6.5274E-01 (120,  8)
n=  1314   udiff=  5.4344E-01 ( 56,  1)   vdiff=  6.4951E-01 (120,  8)
n=  1315   udiff=  5.4241E-01 ( 56,  1)   vdiff=  6.4623E-01 (120,  8)
n=  1316   udiff=  5.4134E-01 ( 56,  1)   vdiff=  6.4291E-01 (120,  8)
n=  1317   udiff=  5.4023E-01 ( 56,  1)   vdiff=  6.3955E-01 (120,  8)
n=  1318   udiff=  5.3907E-01 ( 56,  1)   vdiff=  6.3617E-01 (120,  8)
n=  1319   udiff=  5.3842E-01 ( 57,  1)   vdiff=  6.3350E-01 (120,  9)
n=  1320   udiff=  5.3804E-01 ( 57,  1)   vdiff=  6.3185E-01 (120,  9)
n=  1321   udiff=  5.3762E-01 ( 57,  1)   vdiff=  6.3018E-01 (120,  9)
n=  1322   udiff=  5.3716E-01 ( 57,  1)   vdiff=  6.2978E-01 ( 60, 15)
n=  1323   udiff=  5.3665E-01 ( 57,  1)   vdiff=  6.3072E-01 ( 60, 15)
n=  1324   udiff=  5.3610E-01 ( 57,  1)   vdiff=  6.3167E-01 ( 60, 15)
n=  1325   udiff=  5.3550E-01 ( 57,  1)   vdiff=  6.3260E-01 ( 60, 15)
n=  1326   udiff=  5.3487E-01 ( 57,  1)   vdiff=  6.3352E-01 ( 60, 15)
n=  1327   udiff=  5.3418E-01 ( 57,  1)   vdiff=  6.3444E-01 ( 60, 15)
n=  1328   udiff=  5.3346E-01 ( 57,  1)   vdiff=  6.3535E-01 ( 60, 15)
n=  1329   udiff=  5.3269E-01 ( 57,  1)   vdiff=  6.3626E-01 ( 60, 15)
n=  1330   udiff=  5.3188E-01 ( 57,  1)   vdiff=  6.3715E-01 ( 60, 15)
n=  1331   udiff=  5.3102E-01 ( 57,  1)   vdiff=  6.3804E-01 ( 60, 15)
n=  1332   udiff=  5.3012E-01 ( 57,  1)   vdiff=  6.3892E-01 ( 60, 15)
n=  1333   udiff=  5.2918E-01 ( 57,  1)   vdiff=  6.3979E-01 ( 60, 15)
n=  1334   udiff=  5.2819E-01 ( 57,  1)   vdiff=  6.4066E-01 ( 60, 15)
n=  1335   udiff=  5.2716E-01 ( 57,  1)   vdiff=  6.4151E-01 ( 60, 15)
n=  1336   udiff=  5.2608E-01 ( 57,  1)   vdiff=  6.4236E-01 ( 60, 15)
n=  1337   udiff=  5.2497E-01 ( 57,  1)   vdiff=  6.4320E-01 ( 60, 15)
n=  1338   udiff=  5.2381E-01 ( 57,  1)   vdiff=  6.4403E-01 ( 60, 15)
n=  1339   udiff=  5.2261E-01 ( 57,  1)   vdiff=  6.4485E-01 ( 60, 15)
n=  1340   udiff=  5.2177E-01 ( 58,  1)   vdiff=  6.4566E-01 ( 60, 15)
n=  1341   udiff=  5.2134E-01 ( 58,  1)   vdiff=  6.4647E-01 ( 60, 15)
n=  1342   udiff=  5.2086E-01 ( 58,  1)   vdiff=  6.4726E-01 ( 60, 15)
n=  1343   udiff=  5.2033E-01 ( 58,  1)   vdiff=  6.4805E-01 ( 60, 15)
n=  1344   udiff=  5.1977E-01 ( 58,  1)   vdiff=  6.4883E-01 ( 60, 15)
n=  1345   udiff=  5.1916E-01 ( 58,  1)   vdiff=  6.4959E-01 ( 60, 15)
n=  1346   udiff=  5.1850E-01 ( 58,  1)   vdiff=  6.5035E-01 ( 60, 15)
n=  1347   udiff=  5.1780E-01 ( 58,  1)   vdiff=  6.5110E-01 ( 60, 15)
n=  1348   udiff=  5.1706E-01 ( 58,  1)   vdiff=  6.5185E-01 ( 60, 15)
n=  1349   udiff=  5.1627E-01 ( 58,  1)   vdiff=  6.5258E-01 ( 60, 15)
n=  1350   udiff=  5.1544E-01 ( 58,  1)   vdiff=  6.5330E-01 ( 60, 15)
n=  1351   udiff=  5.1456E-01 ( 58,  1)   vdiff=  6.5401E-01 ( 60, 15)
n=  1352   udiff=  5.1364E-01 ( 58,  1)   vdiff=  6.5472E-01 ( 60, 15)
n=  1353   udiff=  5.1268E-01 ( 58,  1)   vdiff=  6.5541E-01 ( 60, 15)
n=  1354   udiff=  5.1168E-01 ( 58,  1)   vdiff=  6.5609E-01 ( 60, 15)
n=  1355   udiff=  5.1063E-01 ( 58,  1)   vdiff=  6.5677E-01 ( 60, 15)
n=  1356   udiff=  5.0953E-01 ( 58,  1)   vdiff=  6.5743E-01 ( 60, 15)
n=  1357   udiff=  5.0840E-01 ( 58,  1)   vdiff=  6.5809E-01 ( 60, 15)
n=  1358   udiff=  5.0722E-01 ( 58,  1)   vdiff=  6.5873E-01 ( 60, 15)
n=  1359   udiff=  5.0600E-01 ( 58,  1)   vdiff=  6.5936E-01 ( 60, 15)
n=  1360   udiff=  5.0473E-01 ( 58,  1)   vdiff=  6.5999E-01 ( 60, 15)
n=  1361   udiff=  5.0418E-01 ( 59,  1)   vdiff=  6.6060E-01 ( 60, 15)
n=  1362   udiff=  5.0367E-01 ( 59,  1)   vdiff=  6.6121E-01 ( 60, 15)
n=  1363   udiff=  5.0311E-01 ( 59,  1)   vdiff=  6.6180E-01 ( 60, 15)
n=  1364   udiff=  5.0251E-01 ( 59,  1)   vdiff=  6.6238E-01 ( 60, 15)
n=  1365   udiff=  5.0187E-01 ( 59,  1)   vdiff=  6.6295E-01 ( 60, 15)
n=  1366   udiff=  5.0117E-01 ( 59,  1)   vdiff=  6.6352E-01 ( 60, 15)
n=  1367   udiff=  5.0044E-01 ( 59,  1)   vdiff=  6.6407E-01 ( 60, 15)
n=  1368   udiff=  4.9966E-01 ( 59,  1)   vdiff=  6.6461E-01 ( 60, 15)
n=  1369   udiff=  4.9884E-01 ( 59,  1)   vdiff=  6.6514E-01 ( 60, 15)
n=  1370   udiff=  4.9797E-01 ( 59,  1)   vdiff=  6.6566E-01 ( 60, 15)
n=  1371   udiff=  4.9706E-01 ( 59,  1)   vdiff=  6.6617E-01 ( 60, 15)
n=  1372   udiff=  4.9611E-01 ( 59,  1)   vdiff=  6.6666E-01 ( 60, 15)
n=  1373   udiff=  4.9511E-01 ( 59,  1)   vdiff=  6.6715E-01 ( 60, 15)
n=  1374   udiff=  4.9407E-01 ( 59,  1)   vdiff=  6.6763E-01 ( 60, 15)
n=  1375   udiff=  4.9298E-01 ( 59,  1)   vdiff=  6.6809E-01 ( 60, 15)
n=  1376   udiff=  4.9186E-01 ( 59,  1)   vdiff=  6.6854E-01 ( 60, 15)
n=  1377   udiff=  4.9068E-01 ( 59,  1)   vdiff=  6.6899E-01 ( 60, 15)
n=  1378   udiff=  4.8947E-01 ( 59,  1)   vdiff=  6.6942E-01 ( 60, 15)
n=  1379   udiff=  4.8821E-01 ( 59,  1)   vdiff=  6.6984E-01 ( 60, 15)
n=  1380   udiff=  4.8691E-01 ( 59,  1)   vdiff=  6.7025E-01 ( 60, 15)
n=  1381   udiff=  4.8635E-01 ( 60,  1)   vdiff=  6.7064E-01 ( 60, 15)
n=  1382   udiff=  4.8579E-01 ( 60,  1)   vdiff=  6.7103E-01 ( 60, 15)
n=  1383   udiff=  4.8518E-01 ( 60,  1)   vdiff=  6.7141E-01 ( 60, 15)
n=  1384   udiff=  4.8453E-01 ( 60,  1)   vdiff=  6.7177E-01 ( 60, 15)
n=  1385   udiff=  4.8383E-01 ( 60,  1)   vdiff=  6.7212E-01 ( 60, 15)
n=  1386   udiff=  4.8309E-01 ( 60,  1)   vdiff=  6.7246E-01 ( 60, 15)
n=  1387   udiff=  4.8230E-01 ( 60,  1)   vdiff=  6.7279E-01 ( 60, 15)
n=  1388   udiff=  4.8147E-01 ( 60,  1)   vdiff=  6.7311E-01 ( 60, 15)
n=  1389   udiff=  4.8060E-01 ( 60,  1)   vdiff=  6.7341E-01 ( 60, 15)
n=  1390   udiff=  4.7968E-01 ( 60,  1)   vdiff=  6.7371E-01 ( 60, 15)
n=  1391   udiff=  4.7872E-01 ( 60,  1)   vdiff=  6.7399E-01 ( 60, 15)
n=  1392   udiff=  4.7772E-01 ( 60,  1)   vdiff=  6.7426E-01 ( 60, 15)
n=  1393   udiff=  4.7667E-01 ( 60,  1)   vdiff=  6.7452E-01 ( 60, 15)
n=  1394   udiff=  4.7557E-01 ( 60,  1)   vdiff=  6.7477E-01 ( 60, 15)
n=  1395   udiff=  4.7444E-01 ( 60,  1)   vdiff=  6.7501E-01 ( 60, 15)
n=  1396   udiff=  4.7326E-01 ( 60,  1)   vdiff=  6.7523E-01 ( 60, 15)
n=  1397   udiff=  4.7204E-01 ( 60,  1)   vdiff=  6.7544E-01 ( 60, 15)
n=  1398   udiff=  4.7077E-01 ( 60,  1)   vdiff=  6.7565E-01 ( 60, 15)
n=  1399   udiff=  4.6947E-01 ( 60,  1)   vdiff=  6.7583E-01 ( 60, 15)
n=  1400   udiff=  4.6865E-01 ( 61,  1)   vdiff=  6.7601E-01 ( 60, 15)
n=  1401   udiff=  4.6806E-01 ( 61,  1)   vdiff=  6.7618E-01 ( 60, 15)
n=  1402   udiff=  4.6743E-01 ( 61,  1)   vdiff=  6.7633E-01 ( 60, 15)
n=  1403   udiff=  4.6676E-01 ( 61,  1)   vdiff=  6.7647E-01 ( 60, 15)
n=  1404   udiff=  4.6604E-01 ( 61,  1)   vdiff=  6.7660E-01 ( 60, 15)
n=  1405   udiff=  4.6528E-01 ( 61,  1)   vdiff=  6.7672E-01 ( 60, 15)
n=  1406   udiff=  4.6447E-01 ( 61,  1)   vdiff=  6.7683E-01 ( 60, 15)
n=  1407   udiff=  4.6362E-01 ( 61,  1)   vdiff=  6.7692E-01 ( 60, 15)
n=  1408   udiff=  4.6272E-01 ( 61,  1)   vdiff=  6.7701E-01 ( 60, 15)
n=  1409   udiff=  4.6178E-01 ( 61,  1)   vdiff=  6.7708E-01 ( 60, 15)
n=  1410   udiff=  4.6080E-01 ( 61,  1)   vdiff=  6.7714E-01 ( 60, 15)
n=  1411   udiff=  4.5977E-01 ( 61,  1)   vdiff=  6.7719E-01 ( 60, 15)
n=  1412   udiff=  4.5870E-01 ( 61,  1)   vdiff=  6.7722E-01 ( 60, 15)
n=  1413   udiff=  4.5759E-01 ( 61,  1)   vdiff=  6.7725E-01 ( 60, 15)
n=  1414   udiff=  4.5643E-01 ( 61,  1)   vdiff=  6.7726E-01 ( 60, 15)
n=  1415   udiff=  4.5523E-01 ( 61,  1)   vdiff=  6.7726E-01 ( 60, 15)
n=  1416   udiff=  4.5399E-01 ( 61,  1)   vdiff=  6.7725E-01 ( 60, 15)
n=  1417   udiff=  4.5270E-01 ( 61,  1)   vdiff=  6.7722E-01 ( 60, 15)
n=  1418   udiff=  4.5143E-01 ( 62,  1)   vdiff=  6.7719E-01 ( 60, 15)
n=  1419   udiff=  4.5085E-01 ( 62,  1)   vdiff=  6.7714E-01 ( 60, 15)
n=  1420   udiff=  4.5023E-01 ( 62,  1)   vdiff=  6.7709E-01 ( 60, 15)
n=  1421   udiff=  4.4956E-01 ( 62,  1)   vdiff=  6.7702E-01 ( 60, 15)
n=  1422   udiff=  4.4885E-01 ( 62,  1)   vdiff=  6.7693E-01 ( 60, 15)
n=  1423   udiff=  4.4809E-01 ( 62,  1)   vdiff=  6.7684E-01 ( 60, 15)
n=  1424   udiff=  4.4729E-01 ( 62,  1)   vdiff=  6.7674E-01 ( 60, 15)
n=  1425   udiff=  4.4645E-01 ( 62,  1)   vdiff=  6.7662E-01 ( 60, 15)
n=  1426   udiff=  4.4556E-01 ( 62,  1)   vdiff=  6.7649E-01 ( 60, 15)
n=  1427   udiff=  4.4463E-01 ( 62,  1)   vdiff=  6.7635E-01 ( 60, 15)
n=  1428   udiff=  4.4365E-01 ( 62,  1)   vdiff=  6.7620E-01 ( 60, 15)
n=  1429   udiff=  4.4263E-01 ( 62,  1)   vdiff=  6.7604E-01 ( 60, 15)
n=  1430   udiff=  4.4157E-01 ( 62,  1)   vdiff=  6.7587E-01 ( 60, 15)
n=  1431   udiff=  4.4047E-01 ( 62,  1)   vdiff=  6.7568E-01 ( 60, 15)
n=  1432   udiff=  4.3946E-01 ( 63, 12)   vdiff=  6.7549E-01 ( 60, 15)
n=  1433   udiff=  4.4022E-01 ( 63, 12)   vdiff=  6.7528E-01 ( 60, 15)
n=  1434   udiff=  4.4098E-01 ( 63, 12)   vdiff=  6.7506E-01 ( 60, 15)
n=  1435   udiff=  4.4172E-01 ( 63, 12)   vdiff=  6.7483E-01 ( 60, 15)
n=  1436   udiff=  4.4245E-01 ( 63, 12)   vdiff=  6.7459E-01 ( 60, 15)
n=  1437   udiff=  4.4317E-01 ( 63, 12)   vdiff=  6.7434E-01 ( 60, 15)
n=  1438   udiff=  4.4388E-01 ( 63, 12)   vdiff=  6.7407E-01 ( 60, 15)
n=  1439   udiff=  4.4457E-01 ( 63, 12)   vdiff=  6.7380E-01 ( 60, 15)
n=  1440   udiff=  4.4525E-01 ( 63, 12)   vdiff=  6.7351E-01 ( 60, 15)
n=  1441   udiff=  4.4592E-01 ( 63, 12)   vdiff=  6.7322E-01 ( 60, 15)
n=  1442   udiff=  4.4658E-01 ( 63, 12)   vdiff=  6.7291E-01 ( 60, 15)
n=  1443   udiff=  4.4722E-01 ( 63, 12)   vdiff=  6.7259E-01 ( 60, 15)
n=  1444   udiff=  4.4785E-01 ( 63, 12)   vdiff=  6.7226E-01 ( 60, 15)
n=  1445   udiff=  4.4846E-01 ( 63, 12)   vdiff=  6.7192E-01 ( 60, 15)
n=  1446   udiff=  4.4907E-01 ( 63, 12)   vdiff=  6.7157E-01 ( 60, 15)
n=  1447   udiff=  4.4965E-01 ( 63, 12)   vdiff=  6.7121E-01 ( 60, 15)
n=  1448   udiff=  4.5023E-01 ( 63, 12)   vdiff=  6.7084E-01 ( 60, 15)
n=  1449   udiff=  4.5079E-01 ( 63, 12)   vdiff=  6.7046E-01 ( 60, 15)
n=  1450   udiff=  4.5134E-01 ( 63, 12)   vdiff=  6.7007E-01 ( 60, 15)
n=  1451   udiff=  4.5188E-01 ( 63, 12)   vdiff=  6.6966E-01 ( 60, 15)
n=  1452   udiff=  4.5240E-01 ( 63, 12)   vdiff=  6.6925E-01 ( 60, 15)
n=  1453   udiff=  4.5290E-01 ( 63, 12)   vdiff=  6.6883E-01 ( 60, 15)
n=  1454   udiff=  4.5340E-01 ( 63, 12)   vdiff=  6.6839E-01 ( 60, 15)
n=  1455   udiff=  4.5388E-01 ( 63, 12)   vdiff=  6.6795E-01 ( 60, 15)
n=  1456   udiff=  4.5434E-01 ( 63, 12)   vdiff=  6.6750E-01 ( 60, 15)
n=  1457   udiff=  4.5479E-01 ( 63, 12)   vdiff=  6.6703E-01 ( 60, 15)
n=  1458   udiff=  4.5523E-01 ( 63, 12)   vdiff=  6.6656E-01 ( 60, 15)
n=  1459   udiff=  4.5565E-01 ( 63, 12)   vdiff=  6.6608E-01 ( 60, 15)
n=  1460   udiff=  4.5606E-01 ( 63, 12)   vdiff=  6.6558E-01 ( 60, 15)
n=  1461   udiff=  4.5645E-01 ( 63, 12)   vdiff=  6.6508E-01 ( 60, 15)
n=  1462   udiff=  4.5683E-01 ( 63, 12)   vdiff=  6.6457E-01 ( 60, 15)
n=  1463   udiff=  4.5719E-01 ( 63, 12)   vdiff=  6.6405E-01 ( 60, 15)
n=  1464   udiff=  4.5754E-01 ( 63, 12)   vdiff=  6.6352E-01 ( 60, 15)
n=  1465   udiff=  4.5787E-01 ( 63, 12)   vdiff=  6.6298E-01 ( 60, 15)
n=  1466   udiff=  4.5819E-01 ( 63, 12)   vdiff=  6.6243E-01 ( 60, 15)
n=  1467   udiff=  4.5850E-01 ( 63, 12)   vdiff=  6.6187E-01 ( 60, 15)
n=  1468   udiff=  4.5879E-01 ( 63, 12)   vdiff=  6.6130E-01 ( 60, 15)
n=  1469   udiff=  4.5906E-01 ( 63, 12)   vdiff=  6.6072E-01 ( 60, 15)
n=  1470   udiff=  4.5932E-01 ( 63, 12)   vdiff=  6.6014E-01 ( 60, 15)
n=  1471   udiff=  4.5956E-01 ( 63, 12)   vdiff=  6.5954E-01 ( 60, 15)
n=  1472   udiff=  4.5979E-01 ( 63, 12)   vdiff=  6.5894E-01 ( 60, 15)
n=  1473   udiff=  4.6001E-01 ( 63, 12)   vdiff=  6.5833E-01 ( 60, 15)
n=  1474   udiff=  4.6020E-01 ( 63, 12)   vdiff=  6.5771E-01 ( 60, 15)
n=  1475   udiff=  4.6039E-01 ( 63, 12)   vdiff=  6.5708E-01 ( 60, 15)
n=  1476   udiff=  4.6056E-01 ( 63, 12)   vdiff=  6.5644E-01 ( 60, 15)
n=  1477   udiff=  4.6071E-01 ( 63, 12)   vdiff=  6.5579E-01 ( 60, 15)
n=  1478   udiff=  4.6085E-01 ( 63, 12)   vdiff=  6.5514E-01 ( 60, 15)
n=  1479   udiff=  4.6097E-01 ( 63, 12)   vdiff=  6.5447E-01 ( 60, 15)
n=  1480   udiff=  4.6108E-01 ( 63, 12)   vdiff=  6.5380E-01 ( 60, 15)
n=  1481   udiff=  4.6117E-01 ( 63, 12)   vdiff=  6.5312E-01 ( 60, 15)
n=  1482   udiff=  4.6124E-01 ( 63, 12)   vdiff=  6.5244E-01 ( 60, 15)
n=  1483   udiff=  4.6131E-01 ( 63, 12)   vdiff=  6.5174E-01 ( 60, 15)
n=  1484   udiff=  4.6135E-01 ( 63, 12)   vdiff=  6.5104E-01 ( 60, 15)
n=  1485   udiff=  4.6138E-01 ( 63, 12)   vdiff=  6.5033E-01 ( 60, 15)
n=  1486   udiff=  4.6140E-01 ( 63, 12)   vdiff=  6.4961E-01 ( 60, 15)
n=  1487   udiff=  4.6140E-01 ( 63, 12)   vdiff=  6.4889E-01 ( 60, 15)
n=  1488   udiff=  4.6138E-01 ( 63, 12)   vdiff=  6.4816E-01 ( 60, 15)
n=  1489   udiff=  4.6135E-01 ( 63, 12)   vdiff=  6.4742E-01 ( 60, 15)
n=  1490   udiff=  4.6130E-01 ( 63, 12)   vdiff=  6.4667E-01 ( 60, 15)
n=  1491   udiff=  4.6124E-01 ( 63, 12)   vdiff=  6.4592E-01 ( 60, 15)
n=  1492   udiff=  4.6117E-01 ( 63, 12)   vdiff=  6.4516E-01 ( 60, 15)
n=  1493   udiff=  4.6107E-01 ( 63, 12)   vdiff=  6.4439E-01 ( 60, 15)
n=  1494   udiff=  4.6097E-01 ( 63, 12)   vdiff=  6.4361E-01 ( 60, 15)
n=  1495   udiff=  4.6084E-01 ( 63, 12)   vdiff=  6.4283E-01 ( 60, 15)
n=  1496   udiff=  4.6071E-01 ( 63, 12)   vdiff=  6.4204E-01 ( 60, 15)
n=  1497   udiff=  4.6055E-01 ( 63, 12)   vdiff=  6.4125E-01 ( 60, 15)
n=  1498   udiff=  4.6039E-01 ( 63, 12)   vdiff=  6.4045E-01 ( 60, 15)
n=  1499   udiff=  4.6020E-01 ( 63, 12)   vdiff=  6.3964E-01 ( 60, 15)
n=  1500   udiff=  4.6001E-01 ( 63, 12)   vdiff=  6.3883E-01 ( 60, 15)
n=  1501   udiff=  4.5979E-01 ( 63, 12)   vdiff=  6.3801E-01 ( 60, 15)
n=  1502   udiff=  4.5956E-01 ( 63, 12)   vdiff=  6.3718E-01 ( 60, 15)
n=  1503   udiff=  4.5963E-01 ( 65, 11)   vdiff=  6.3635E-01 ( 60, 15)
n=  1504   udiff=  4.5969E-01 ( 65, 11)   vdiff=  6.3551E-01 ( 60, 15)
n=  1505   udiff=  4.5974E-01 ( 65, 11)   vdiff=  6.3467E-01 ( 60, 15)
n=  1506   udiff=  4.5977E-01 ( 65, 11)   vdiff=  6.3382E-01 ( 60, 15)
n=  1507   udiff=  4.5978E-01 ( 65, 11)   vdiff=  6.3297E-01 ( 60, 15)
n=  1508   udiff=  4.5977E-01 ( 65, 11)   vdiff=  6.3211E-01 ( 60, 15)
n=  1509   udiff=  4.5974E-01 ( 65, 11)   vdiff=  6.3124E-01 ( 60, 15)
n=  1510   udiff=  4.5969E-01 ( 65, 11)   vdiff=  6.3037E-01 ( 60, 15)
n=  1511   udiff=  4.5962E-01 ( 65, 11)   vdiff=  6.2949E-01 ( 60, 15)
n=  1512   udiff=  4.5954E-01 ( 65, 11)   vdiff=  6.2861E-01 ( 60, 15)
n=  1513   udiff=  4.5943E-01 ( 65, 11)   vdiff=  6.2773E-01 ( 60, 15)
n=  1514   udiff=  4.5931E-01 ( 65, 11)   vdiff=  6.2683E-01 ( 60, 15)
n=  1515   udiff=  4.5916E-01 ( 65, 11)   vdiff=  6.2594E-01 ( 60, 15)
n=  1516   udiff=  4.5900E-01 ( 65, 11)   vdiff=  6.2504E-01 ( 60, 15)
n=  1517   udiff=  4.5881E-01 ( 65, 11)   vdiff=  6.2413E-01 ( 60, 15)
n=  1518   udiff=  4.5890E-01 ( 66, 11)   vdiff=  6.2322E-01 ( 60, 15)
n=  1519   udiff=  4.5901E-01 ( 66, 11)   vdiff=  6.2231E-01 ( 60, 15)
n=  1520   udiff=  4.5910E-01 ( 66, 11)   vdiff=  6.2139E-01 ( 60, 15)
n=  1521   udiff=  4.5918E-01 ( 66, 11)   vdiff=  6.2046E-01 ( 60, 15)
n=  1522   udiff=  4.5923E-01 ( 66, 11)   vdiff=  6.1954E-01 ( 60, 15)
n=  1523   udiff=  4.5927E-01 ( 66, 11)   vdiff=  6.1861E-01 ( 60, 15)
n=  1524   udiff=  4.5929E-01 ( 66, 11)   vdiff=  6.1767E-01 ( 60, 15)
n=  1525   udiff=  4.5929E-01 ( 66, 11)   vdiff=  6.1673E-01 ( 60, 15)
n=  1526   udiff=  4.5927E-01 ( 66, 11)   vdiff=  6.1579E-01 ( 60, 15)
n=  1527   udiff=  4.5923E-01 ( 66, 11)   vdiff=  6.1484E-01 ( 60, 15)
n=  1528   udiff=  4.5917E-01 ( 66, 11)   vdiff=  6.1389E-01 ( 60, 15)
n=  1529   udiff=  4.5909E-01 ( 66, 11)   vdiff=  6.1293E-01 ( 60, 15)
n=  1530   udiff=  4.5899E-01 ( 66, 11)   vdiff=  6.1198E-01 ( 60, 15)
n=  1531   udiff=  4.5888E-01 ( 66, 11)   vdiff=  6.1102E-01 ( 60, 15)
n=  1532   udiff=  4.5874E-01 ( 66, 11)   vdiff=  6.1005E-01 ( 60, 15)
n=  1533   udiff=  4.5858E-01 ( 66, 11)   vdiff=  6.0908E-01 ( 60, 15)
n=  1534   udiff=  4.5841E-01 ( 66, 11)   vdiff=  6.0811E-01 ( 60, 15)
n=  1535   udiff=  4.5822E-01 ( 66, 11)   vdiff=  6.0714E-01 ( 60, 15)
n=  1536   udiff=  4.5801E-01 ( 66, 11)   vdiff=  6.0616E-01 ( 60, 15)
n=  1537   udiff=  4.5777E-01 ( 66, 11)   vdiff=  6.0518E-01 ( 60, 15)
n=  1538   udiff=  4.5752E-01 ( 66, 11)   vdiff=  6.0420E-01 ( 60, 15)
n=  1539   udiff=  4.5725E-01 ( 66, 11)   vdiff=  6.0321E-01 ( 60, 15)
n=  1540   udiff=  4.5697E-01 ( 66, 11)   vdiff=  6.0222E-01 ( 60, 15)
n=  1541   udiff=  4.5666E-01 ( 66, 11)   vdiff=  6.0123E-01 ( 60, 15)
n=  1542   udiff=  4.5633E-01 ( 66, 11)   vdiff=  6.0024E-01 ( 60, 15)
n=  1543   udiff=  4.5599E-01 ( 66, 11)   vdiff=  5.9924E-01 ( 60, 15)
n=  1544   udiff=  4.5562E-01 ( 66, 11)   vdiff=  5.9824E-01 ( 60, 15)
n=  1545   udiff=  4.5524E-01 ( 66, 11)   vdiff=  5.9724E-01 ( 60, 15)
n=  1546   udiff=  4.5484E-01 ( 66, 11)   vdiff=  5.9624E-01 ( 60, 15)
n=  1547   udiff=  4.5442E-01 ( 66, 11)   vdiff=  5.9523E-01 ( 60, 15)
n=  1548   udiff=  4.5398E-01 ( 66, 11)   vdiff=  5.9422E-01 ( 60, 15)
n=  1549   udiff=  4.5353E-01 ( 66, 11)   vdiff=  5.9321E-01 ( 60, 15)
n=  1550   udiff=  4.5305E-01 ( 66, 11)   vdiff=  5.9220E-01 ( 60, 15)
n=  1551   udiff=  4.5256E-01 ( 66, 11)   vdiff=  5.9119E-01 ( 60, 15)
n=  1552   udiff=  4.5205E-01 ( 66, 11)   vdiff=  5.9017E-01 ( 60, 15)
n=  1553   udiff=  4.5152E-01 ( 66, 11)   vdiff=  5.8916E-01 ( 60, 15)
n=  1554   udiff=  4.5097E-01 ( 66, 11)   vdiff=  5.8814E-01 ( 60, 15)
n=  1555   udiff=  4.5041E-01 ( 66, 11)   vdiff=  5.8712E-01 ( 60, 15)
n=  1556   udiff=  4.4983E-01 ( 66, 11)   vdiff=  5.8610E-01 ( 60, 15)
n=  1557   udiff=  4.4923E-01 ( 66, 11)   vdiff=  5.8507E-01 ( 60, 15)
n=  1558   udiff=  4.4861E-01 ( 66, 11)   vdiff=  5.8405E-01 ( 60, 15)
n=  1559   udiff=  4.4797E-01 ( 66, 11)   vdiff=  5.8302E-01 ( 60, 15)
n=  1560   udiff=  4.4732E-01 ( 66, 11)   vdiff=  5.8199E-01 ( 60, 15)
n=  1561   udiff=  4.4670E-01 ( 67, 11)   vdiff=  5.8097E-01 ( 60, 15)
n=  1562   udiff=  4.4634E-01 ( 67, 11)   vdiff=  5.7994E-01 ( 60, 15)
n=  1563   udiff=  4.4596E-01 ( 67, 11)   vdiff=  5.7890E-01 ( 60, 15)
n=  1564   udiff=  4.4557E-01 ( 67, 11)   vdiff=  5.7787E-01 ( 60, 15)
n=  1565   udiff=  4.4515E-01 ( 67, 11)   vdiff=  5.7684E-01 ( 60, 15)
n=  1566   udiff=  4.4472E-01 ( 67, 11)   vdiff=  5.7581E-01 ( 60, 15)
n=  1567   udiff=  4.4426E-01 ( 67, 11)   vdiff=  5.7477E-01 ( 60, 15)
n=  1568   udiff=  4.4379E-01 ( 67, 11)   vdiff=  5.7373E-01 ( 60, 15)
n=  1569   udiff=  4.4331E-01 ( 67, 11)   vdiff=  5.7270E-01 ( 60, 15)
n=  1570   udiff=  4.4280E-01 ( 67, 11)   vdiff=  5.7166E-01 ( 60, 15)
n=  1571   udiff=  4.4227E-01 ( 67, 11)   vdiff=  5.7062E-01 ( 60, 15)
n=  1572   udiff=  4.4173E-01 ( 67, 11)   vdiff=  5.6958E-01 ( 60, 15)
n=  1573   udiff=  4.4117E-01 ( 67, 11)   vdiff=  5.6855E-01 ( 60, 15)
n=  1574   udiff=  4.4060E-01 ( 67, 11)   vdiff=  5.6751E-01 ( 60, 15)
n=  1575   udiff=  4.4000E-01 ( 67, 11)   vdiff=  5.6647E-01 ( 60, 15)
n=  1576   udiff=  4.3939E-01 ( 67, 11)   vdiff=  5.6543E-01 ( 60, 15)
n=  1577   udiff=  4.3876E-01 ( 67, 11)   vdiff=  5.6438E-01 ( 60, 15)
n=  1578   udiff=  4.3812E-01 ( 67, 11)   vdiff=  5.6334E-01 ( 60, 15)
n=  1579   udiff=  4.3746E-01 ( 67, 11)   vdiff=  5.6230E-01 ( 60, 15)
n=  1580   udiff=  4.3678E-01 ( 67, 11)   vdiff=  5.6126E-01 ( 60, 15)
n=  1581   udiff=  4.3608E-01 ( 67, 11)   vdiff=  5.6022E-01 ( 60, 15)
n=  1582   udiff=  4.3537E-01 ( 67, 11)   vdiff=  5.5918E-01 ( 60, 15)
n=  1583   udiff=  4.3464E-01 ( 67, 11)   vdiff=  5.5813E-01 ( 60, 15)
n=  1584   udiff=  4.3390E-01 ( 67, 11)   vdiff=  5.5709E-01 ( 60, 15)
n=  1585   udiff=  4.3314E-01 ( 67, 11)   vdiff=  5.5605E-01 ( 60, 15)
n=  1586   udiff=  4.3236E-01 ( 67, 11)   vdiff=  5.5501E-01 ( 60, 15)
n=  1587   udiff=  4.3193E-01 ( 70, 10)   vdiff=  5.5396E-01 ( 60, 15)
n=  1588   udiff=  4.3153E-01 ( 70, 10)   vdiff=  5.5292E-01 ( 60, 15)
n=  1589   udiff=  4.3111E-01 ( 70, 10)   vdiff=  5.5188E-01 ( 60, 15)
n=  1590   udiff=  4.3067E-01 ( 70, 10)   vdiff=  5.5084E-01 ( 60, 15)
n=  1591   udiff=  4.3020E-01 ( 70, 10)   vdiff=  5.4980E-01 ( 60, 15)
n=  1592   udiff=  4.2970E-01 ( 70, 10)   vdiff=  5.4876E-01 ( 60, 15)
n=  1593   udiff=  4.2918E-01 ( 70, 10)   vdiff=  5.4771E-01 ( 60, 15)
n=  1594   udiff=  4.2864E-01 ( 70, 10)   vdiff=  5.4667E-01 ( 60, 15)
n=  1595   udiff=  4.2808E-01 ( 70, 10)   vdiff=  5.4563E-01 ( 60, 15)
n=  1596   udiff=  4.2749E-01 ( 70, 10)   vdiff=  5.4459E-01 ( 60, 15)
n=  1597   udiff=  4.2688E-01 ( 70, 10)   vdiff=  5.4355E-01 ( 60, 15)
n=  1598   udiff=  4.2625E-01 ( 70, 10)   vdiff=  5.4251E-01 ( 60, 15)
n=  1599   udiff=  4.2595E-01 ( 71, 10)   vdiff=  5.4147E-01 ( 60, 15)
n=  1600   udiff=  4.2565E-01 ( 71, 10)   vdiff=  5.4044E-01 ( 60, 15)
n=  1601   udiff=  4.2534E-01 ( 71, 10)   vdiff=  5.3940E-01 ( 60, 15)
n=  1602   udiff=  4.2500E-01 ( 71, 10)   vdiff=  5.3836E-01 ( 60, 15)
n=  1603   udiff=  4.2463E-01 ( 71, 10)   vdiff=  5.3732E-01 ( 60, 15)
n=  1604   udiff=  4.2424E-01 ( 71, 10)   vdiff=  5.3629E-01 ( 60, 15)
n=  1605   udiff=  4.2383E-01 ( 71, 10)   vdiff=  5.3525E-01 ( 60, 15)
n=  1606   udiff=  4.2340E-01 ( 71, 10)   vdiff=  5.3422E-01 ( 60, 15)
n=  1607   udiff=  4.2294E-01 ( 71, 10)   vdiff=  5.3318E-01 ( 60, 15)
n=  1608   udiff=  4.2245E-01 ( 71, 10)   vdiff=  5.3215E-01 ( 60, 15)
n=  1609   udiff=  4.2195E-01 ( 71, 10)   vdiff=  5.3111E-01 ( 60, 15)
n=  1610   udiff=  4.2142E-01 ( 71, 10)   vdiff=  5.3008E-01 ( 60, 15)
n=  1611   udiff=  4.2087E-01 ( 71, 10)   vdiff=  5.2905E-01 ( 60, 15)
n=  1612   udiff=  4.2029E-01 ( 71, 10)   vdiff=  5.2802E-01 ( 60, 15)
n=  1613   udiff=  4.1969E-01 ( 71, 10)   vdiff=  5.2699E-01 ( 60, 15)
n=  1614   udiff=  4.1907E-01 ( 71, 10)   vdiff=  5.2596E-01 ( 60, 15)
n=  1615   udiff=  4.1842E-01 ( 71, 10)   vdiff=  5.2493E-01 ( 60, 15)
n=  1616   udiff=  4.1775E-01 ( 71, 10)   vdiff=  5.2390E-01 ( 60, 15)
n=  1617   udiff=  4.1706E-01 ( 71, 10)   vdiff=  5.2288E-01 ( 60, 15)
n=  1618   udiff=  4.1635E-01 ( 71, 10)   vdiff=  5.2185E-01 ( 60, 15)
n=  1619   udiff=  4.1565E-01 ( 72, 10)   vdiff=  5.2083E-01 ( 60, 15)
n=  1620   udiff=  4.1528E-01 ( 72, 10)   vdiff=  5.1980E-01 ( 60, 15)
n=  1621   udiff=  4.1488E-01 ( 72, 10)   vdiff=  5.1878E-01 ( 60, 15)
n=  1622   udiff=  4.1445E-01 ( 72, 10)   vdiff=  5.1776E-01 ( 60, 15)
n=  1623   udiff=  4.1400E-01 ( 72, 10)   vdiff=  5.1673E-01 ( 60, 15)
n=  1624   udiff=  4.1353E-01 ( 72, 10)   vdiff=  5.1572E-01 ( 60, 15)
n=  1625   udiff=  4.1304E-01 ( 72, 10)   vdiff=  5.1470E-01 ( 60, 15)
n=  1626   udiff=  4.1252E-01 ( 72, 10)   vdiff=  5.1368E-01 ( 60, 15)
n=  1627   udiff=  4.1198E-01 ( 72, 10)   vdiff=  5.1266E-01 ( 60, 15)
n=  1628   udiff=  4.1142E-01 ( 72, 10)   vdiff=  5.1164E-01 ( 60, 15)
n=  1629   udiff=  4.1083E-01 ( 72, 10)   vdiff=  5.1063E-01 ( 60, 15)
n=  1630   udiff=  4.1022E-01 ( 72, 10)   vdiff=  5.0961E-01 ( 60, 15)
n=  1631   udiff=  4.0959E-01 ( 72, 10)   vdiff=  5.0860E-01 ( 60, 15)
n=  1632   udiff=  4.0893E-01 ( 72, 10)   vdiff=  5.0759E-01 ( 60, 15)
n=  1633   udiff=  4.0825E-01 ( 72, 10)   vdiff=  5.0658E-01 ( 60, 15)
n=  1634   udiff=  4.0755E-01 ( 72, 10)   vdiff=  5.0557E-01 ( 60, 15)
n=  1635   udiff=  4.0683E-01 ( 72, 10)   vdiff=  5.0456E-01 ( 60, 15)
n=  1636   udiff=  4.0608E-01 ( 72, 10)   vdiff=  5.0355E-01 ( 60, 15)
n=  1637   udiff=  4.0532E-01 ( 72, 10)   vdiff=  5.0254E-01 ( 60, 15)
n=  1638   udiff=  4.0453E-01 ( 72, 10)   vdiff=  5.0154E-01 ( 60, 15)
n=  1639   udiff=  4.0404E-01 ( 73, 10)   vdiff=  5.0053E-01 ( 60, 15)
n=  1640   udiff=  4.0358E-01 ( 73, 10)   vdiff=  4.9953E-01 ( 60, 15)
n=  1641   udiff=  4.0310E-01 ( 73, 10)   vdiff=  4.9852E-01 ( 60, 15)
n=  1642   udiff=  4.0259E-01 ( 73, 10)   vdiff=  4.9752E-01 ( 60, 15)
n=  1643   udiff=  4.0206E-01 ( 73, 10)   vdiff=  4.9652E-01 ( 60, 15)
n=  1644   udiff=  4.0151E-01 ( 73, 10)   vdiff=  4.9552E-01 ( 60, 15)
n=  1645   udiff=  4.0093E-01 ( 73, 10)   vdiff=  4.9452E-01 ( 60, 15)
n=  1646   udiff=  4.0033E-01 ( 73, 10)   vdiff=  4.9353E-01 ( 60, 15)
n=  1647   udiff=  3.9971E-01 ( 73, 10)   vdiff=  4.9253E-01 ( 60, 15)
n=  1648   udiff=  3.9907E-01 ( 73, 10)   vdiff=  4.9154E-01 ( 60, 15)
n=  1649   udiff=  3.9841E-01 ( 73, 10)   vdiff=  4.9054E-01 ( 60, 15)
n=  1650   udiff=  3.9772E-01 ( 73, 10)   vdiff=  4.8955E-01 ( 60, 15)
n=  1651   udiff=  3.9701E-01 ( 73, 10)   vdiff=  4.8856E-01 ( 60, 15)
n=  1652   udiff=  3.9628E-01 ( 73, 10)   vdiff=  4.8757E-01 ( 60, 15)
n=  1653   udiff=  3.9552E-01 ( 73, 10)   vdiff=  4.8658E-01 ( 60, 15)
n=  1654   udiff=  3.9475E-01 ( 73, 10)   vdiff=  4.8559E-01 ( 60, 15)
n=  1655   udiff=  3.9395E-01 ( 73, 10)   vdiff=  4.8460E-01 ( 60, 15)
n=  1656   udiff=  3.9314E-01 ( 73, 10)   vdiff=  4.8362E-01 ( 60, 15)
n=  1657   udiff=  3.9260E-01 ( 74, 10)   vdiff=  4.8263E-01 ( 60, 15)
n=  1658   udiff=  3.9210E-01 ( 74, 10)   vdiff=  4.8165E-01 ( 60, 15)
n=  1659   udiff=  3.9158E-01 ( 74, 10)   vdiff=  4.8067E-01 ( 60, 15)
n=  1660   udiff=  3.9104E-01 ( 74, 10)   vdiff=  4.7969E-01 ( 60, 15)
n=  1661   udiff=  3.9047E-01 ( 74, 10)   vdiff=  4.7871E-01 ( 60, 15)
n=  1662   udiff=  3.8988E-01 ( 74, 10)   vdiff=  4.7773E-01 ( 60, 15)
n=  1663   udiff=  3.8927E-01 ( 74, 10)   vdiff=  4.7675E-01 ( 60, 15)
n=  1664   udiff=  3.8864E-01 ( 74, 10)   vdiff=  4.7577E-01 ( 60, 15)
n=  1665   udiff=  3.8799E-01 ( 74, 10)   vdiff=  4.7480E-01 ( 60, 15)
n=  1666   udiff=  3.8731E-01 ( 74, 10)   vdiff=  4.7383E-01 ( 60, 15)
n=  1667   udiff=  3.8661E-01 ( 74, 10)   vdiff=  4.7285E-01 ( 60, 15)
n=  1668   udiff=  3.8590E-01 ( 74, 10)   vdiff=  4.7188E-01 ( 60, 15)
n=  1669   udiff=  3.8516E-01 ( 74, 10)   vdiff=  4.7091E-01 ( 60, 15)
n=  1670   udiff=  3.8439E-01 ( 74, 10)   vdiff=  4.6994E-01 ( 60, 15)
n=  1671   udiff=  3.8361E-01 ( 74, 10)   vdiff=  4.6897E-01 ( 60, 15)
n=  1672   udiff=  3.8281E-01 ( 74, 10)   vdiff=  4.6801E-01 ( 60, 15)
n=  1673   udiff=  3.8198E-01 ( 74, 10)   vdiff=  4.6704E-01 ( 60, 15)
n=  1674   udiff=  3.8137E-01 ( 75, 10)   vdiff=  4.6608E-01 ( 60, 15)
n=  1675   udiff=  3.8086E-01 ( 75, 10)   vdiff=  4.6511E-01 ( 60, 15)
n=  1676   udiff=  3.8032E-01 ( 75, 10)   vdiff=  4.6415E-01 ( 60, 15)
n=  1677   udiff=  3.7977E-01 ( 75, 10)   vdiff=  4.6319E-01 ( 60, 15)
n=  1678   udiff=  3.7919E-01 ( 75, 10)   vdiff=  4.6223E-01 ( 60, 15)
n=  1679   udiff=  3.7859E-01 ( 75, 10)   vdiff=  4.6127E-01 ( 60, 15)
n=  1680   udiff=  3.7797E-01 ( 75, 10)   vdiff=  4.6031E-01 ( 60, 15)
n=  1681   udiff=  3.7732E-01 ( 75, 10)   vdiff=  4.5936E-01 ( 60, 15)
n=  1682   udiff=  3.7666E-01 ( 75, 10)   vdiff=  4.5840E-01 ( 60, 15)
n=  1683   udiff=  3.7597E-01 ( 75, 10)   vdiff=  4.5745E-01 ( 60, 15)
n=  1684   udiff=  3.7526E-01 ( 75, 10)   vdiff=  4.5649E-01 ( 60, 15)
n=  1685   udiff=  3.7453E-01 ( 75, 10)   vdiff=  4.5554E-01 ( 60, 15)
n=  1686   udiff=  3.7378E-01 ( 75, 10)   vdiff=  4.5459E-01 ( 60, 15)
n=  1687   udiff=  3.7301E-01 ( 75, 10)   vdiff=  4.5364E-01 ( 60, 15)
n=  1688   udiff=  3.7222E-01 ( 75, 10)   vdiff=  4.5269E-01 ( 60, 15)
n=  1689   udiff=  3.7141E-01 ( 75, 10)   vdiff=  4.5175E-01 ( 60, 15)
n=  1690   udiff=  3.7062E-01 ( 76, 10)   vdiff=  4.5080E-01 ( 60, 15)
n=  1691   udiff=  3.7011E-01 ( 76, 10)   vdiff=  4.4985E-01 ( 60, 15)
n=  1692   udiff=  3.6958E-01 ( 76, 10)   vdiff=  4.4891E-01 ( 60, 15)
n=  1693   udiff=  3.6903E-01 ( 76, 10)   vdiff=  4.4797E-01 ( 60, 15)
n=  1694   udiff=  3.6846E-01 ( 76, 10)   vdiff=  4.4703E-01 ( 60, 15)
n=  1695   udiff=  3.6787E-01 ( 76, 10)   vdiff=  4.4609E-01 ( 60, 15)
n=  1696   udiff=  3.6726E-01 ( 76, 10)   vdiff=  4.4515E-01 ( 60, 15)
n=  1697   udiff=  3.6662E-01 ( 76, 10)   vdiff=  4.4421E-01 ( 60, 15)
n=  1698   udiff=  3.6596E-01 ( 76, 10)   vdiff=  4.4327E-01 ( 60, 15)
n=  1699   udiff=  3.6529E-01 ( 76, 10)   vdiff=  4.4234E-01 ( 60, 15)
n=  1700   udiff=  3.6459E-01 ( 76, 10)   vdiff=  4.4140E-01 ( 60, 15)
n=  1701   udiff=  3.6387E-01 ( 76, 10)   vdiff=  4.4047E-01 ( 60, 15)
n=  1702   udiff=  3.6313E-01 ( 76, 10)   vdiff=  4.3953E-01 ( 60, 15)
n=  1703   udiff=  3.6237E-01 ( 76, 10)   vdiff=  4.3860E-01 ( 60, 15)
n=  1704   udiff=  3.6159E-01 ( 76, 10)   vdiff=  4.3767E-01 ( 60, 15)
n=  1705   udiff=  3.6079E-01 ( 76, 10)   vdiff=  4.3674E-01 ( 60, 15)
n=  1706   udiff=  3.5997E-01 ( 77, 10)   vdiff=  4.3582E-01 ( 60, 15)
n=  1707   udiff=  3.5947E-01 ( 77, 10)   vdiff=  4.3489E-01 ( 60, 15)
n=  1708   udiff=  3.5895E-01 ( 77, 10)   vdiff=  4.3396E-01 ( 60, 15)
n=  1709   udiff=  3.5840E-01 ( 77, 10)   vdiff=  4.3304E-01 ( 60, 15)
n=  1710   udiff=  3.5784E-01 ( 77, 10)   vdiff=  4.3212E-01 ( 60, 15)
n=  1711   udiff=  3.5725E-01 ( 77, 10)   vdiff=  4.3119E-01 ( 60, 15)
n=  1712   udiff=  3.5664E-01 ( 77, 10)   vdiff=  4.3027E-01 ( 60, 15)
n=  1713   udiff=  3.5601E-01 ( 77, 10)   vdiff=  4.2935E-01 ( 60, 15)
n=  1714   udiff=  3.5536E-01 ( 77, 10)   vdiff=  4.2844E-01 ( 60, 15)
n=  1715   udiff=  3.5469E-01 ( 77, 10)   vdiff=  4.2752E-01 ( 60, 15)
n=  1716   udiff=  3.5400E-01 ( 77, 10)   vdiff=  4.2660E-01 ( 60, 15)
n=  1717   udiff=  3.5329E-01 ( 77, 10)   vdiff=  4.2569E-01 ( 60, 15)
n=  1718   udiff=  3.5256E-01 ( 77, 10)   vdiff=  4.2477E-01 ( 60, 15)
n=  1719   udiff=  3.5181E-01 ( 77, 10)   vdiff=  4.2386E-01 ( 60, 15)
n=  1720   udiff=  3.5104E-01 ( 77, 10)   vdiff=  4.2295E-01 ( 60, 15)
n=  1721   udiff=  3.5025E-01 ( 77, 10)   vdiff=  4.2203E-01 ( 60, 15)
n=  1722   udiff=  3.4951E-01 ( 78, 10)   vdiff=  4.2113E-01 ( 60, 15)
n=  1723   udiff=  3.4901E-01 ( 78, 10)   vdiff=  4.2022E-01 ( 60, 15)
n=  1724   udiff=  3.4849E-01 ( 78, 10)   vdiff=  4.1931E-01 ( 60, 15)
n=  1725   udiff=  3.4795E-01 ( 78, 10)   vdiff=  4.1840E-01 ( 60, 15)
n=  1726   udiff=  3.4739E-01 ( 78, 10)   vdiff=  4.1750E-01 ( 60, 15)
n=  1727   udiff=  3.4681E-01 ( 78, 10)   vdiff=  4.1659E-01 ( 60, 15)
n=  1728   udiff=  3.4621E-01 ( 78, 10)   vdiff=  4.1569E-01 ( 60, 15)
n=  1729   udiff=  3.4558E-01 ( 78, 10)   vdiff=  4.1479E-01 ( 60, 15)
n=  1730   udiff=  3.4494E-01 ( 78, 10)   vdiff=  4.1389E-01 ( 60, 15)
n=  1731   udiff=  3.4428E-01 ( 78, 10)   vdiff=  4.1299E-01 ( 60, 15)
n=  1732   udiff=  3.4359E-01 ( 78, 10)   vdiff=  4.1209E-01 ( 60, 15)
n=  1733   udiff=  3.4289E-01 ( 78, 10)   vdiff=  4.1119E-01 ( 60, 15)
n=  1734   udiff=  3.4217E-01 ( 78, 10)   vdiff=  4.1030E-01 ( 60, 15)
n=  1735   udiff=  3.4142E-01 ( 78, 10)   vdiff=  4.0940E-01 ( 60, 15)
n=  1736   udiff=  3.4066E-01 ( 78, 10)   vdiff=  4.0851E-01 ( 60, 15)
n=  1737   udiff=  3.3988E-01 ( 78, 10)   vdiff=  4.0761E-01 ( 60, 15)
n=  1738   udiff=  3.3927E-01 ( 79, 10)   vdiff=  4.0672E-01 ( 60, 15)
n=  1739   udiff=  3.3878E-01 ( 79, 10)   vdiff=  4.0583E-01 ( 60, 15)
n=  1740   udiff=  3.3826E-01 ( 79, 10)   vdiff=  4.0494E-01 ( 60, 15)
n=  1741   udiff=  3.3772E-01 ( 79, 10)   vdiff=  4.0405E-01 ( 60, 15)
n=  1742   udiff=  3.3717E-01 ( 79, 10)   vdiff=  4.0317E-01 ( 60, 15)
n=  1743   udiff=  3.3659E-01 ( 79, 10)   vdiff=  4.0228E-01 ( 60, 15)
n=  1744   udiff=  3.3599E-01 ( 79, 10)   vdiff=  4.0140E-01 ( 60, 15)
n=  1745   udiff=  3.3537E-01 ( 79, 10)   vdiff=  4.0051E-01 ( 60, 15)
n=  1746   udiff=  3.3473E-01 ( 79, 10)   vdiff=  3.9963E-01 ( 60, 15)
n=  1747   udiff=  3.3407E-01 ( 79, 10)   vdiff=  3.9875E-01 ( 60, 15)
n=  1748   udiff=  3.3340E-01 ( 79, 10)   vdiff=  3.9787E-01 ( 60, 15)
n=  1749   udiff=  3.3270E-01 ( 79, 10)   vdiff=  3.9699E-01 ( 60, 15)
n=  1750   udiff=  3.3198E-01 ( 79, 10)   vdiff=  3.9611E-01 ( 60, 15)
n=  1751   udiff=  3.3125E-01 ( 79, 10)   vdiff=  3.9523E-01 ( 60, 15)
n=  1752   udiff=  3.3050E-01 ( 79, 10)   vdiff=  3.9436E-01 ( 60, 15)
n=  1753   udiff=  3.2976E-01 ( 80, 10)   vdiff=  3.9348E-01 ( 60, 15)
n=  1754   udiff=  3.2929E-01 ( 80, 10)   vdiff=  3.9261E-01 ( 60, 15)
n=  1755   udiff=  3.2879E-01 ( 80, 10)   vdiff=  3.9174E-01 ( 60, 15)
n=  1756   udiff=  3.2828E-01 ( 80, 10)   vdiff=  3.9087E-01 ( 60, 15)
n=  1757   udiff=  3.2774E-01 ( 80, 10)   vdiff=  3.9000E-01 ( 60, 15)
n=  1758   udiff=  3.2719E-01 ( 80, 10)   vdiff=  3.8913E-01 ( 60, 15)
n=  1759   udiff=  3.2661E-01 ( 80, 10)   vdiff=  3.8826E-01 ( 60, 15)
n=  1760   udiff=  3.2602E-01 ( 80, 10)   vdiff=  3.8739E-01 ( 60, 15)
n=  1761   udiff=  3.2540E-01 ( 80, 10)   vdiff=  3.8653E-01 ( 60, 15)
n=  1762   udiff=  3.2477E-01 ( 80, 10)   vdiff=  3.8566E-01 ( 60, 15)
n=  1763   udiff=  3.2411E-01 ( 80, 10)   vdiff=  3.8480E-01 ( 60, 15)
n=  1764   udiff=  3.2344E-01 ( 80, 10)   vdiff=  3.8394E-01 ( 60, 15)
n=  1765   udiff=  3.2275E-01 ( 80, 10)   vdiff=  3.8308E-01 ( 60, 15)
n=  1766   udiff=  3.2204E-01 ( 80, 10)   vdiff=  3.8222E-01 ( 60, 15)
n=  1767   udiff=  3.2131E-01 ( 80, 10)   vdiff=  3.8136E-01 ( 60, 15)
n=  1768   udiff=  3.2057E-01 ( 80, 10)   vdiff=  3.8050E-01 ( 60, 15)
n=  1769   udiff=  3.2003E-01 ( 81, 10)   vdiff=  3.7964E-01 ( 60, 15)
n=  1770   udiff=  3.1956E-01 ( 81, 10)   vdiff=  3.7879E-01 ( 60, 15)
n=  1771   udiff=  3.1906E-01 ( 81, 10)   vdiff=  3.7793E-01 ( 60, 15)
n=  1772   udiff=  3.1855E-01 ( 81, 10)   vdiff=  3.7708E-01 ( 60, 15)
n=  1773   udiff=  3.1801E-01 ( 81, 10)   vdiff=  3.7623E-01 ( 60, 15)
n=  1774   udiff=  3.1746E-01 ( 81, 10)   vdiff=  3.7538E-01 ( 60, 15)
n=  1775   udiff=  3.1688E-01 ( 81, 10)   vdiff=  3.7453E-01 ( 60, 15)
n=  1776   udiff=  3.1629E-01 ( 81, 10)   vdiff=  3.7368E-01 ( 60, 15)
n=  1777   udiff=  3.1568E-01 ( 81, 10)   vdiff=  3.7283E-01 ( 60, 15)
n=  1778   udiff=  3.1505E-01 ( 81, 10)   vdiff=  3.7199E-01 ( 60, 15)
n=  1779   udiff=  3.1443E-01 ( 84,  9)   vdiff=  3.7114E-01 ( 60, 15)
n=  1780   udiff=  3.1405E-01 ( 84,  9)   vdiff=  3.7030E-01 ( 60, 15)
n=  1781   udiff=  3.1365E-01 ( 84,  9)   vdiff=  3.6946E-01 ( 60, 15)
n=  1782   udiff=  3.1323E-01 ( 84,  9)   vdiff=  3.6862E-01 ( 60, 15)
n=  1783   udiff=  3.1278E-01 ( 84,  9)   vdiff=  3.6778E-01 ( 60, 15)
n=  1784   udiff=  3.1230E-01 ( 84,  9)   vdiff=  3.6694E-01 ( 60, 15)
n=  1785   udiff=  3.1180E-01 ( 84,  9)   vdiff=  3.6610E-01 ( 60, 15)
n=  1786   udiff=  3.1128E-01 ( 84,  9)   vdiff=  3.6526E-01 ( 60, 15)
n=  1787   udiff=  3.1074E-01 ( 84,  9)   vdiff=  3.6443E-01 ( 60, 15)
n=  1788   udiff=  3.1017E-01 ( 84,  9)   vdiff=  3.6359E-01 ( 60, 15)
n=  1789   udiff=  3.0957E-01 ( 84,  9)   vdiff=  3.6276E-01 ( 60, 15)
n=  1790   udiff=  3.0895E-01 ( 84,  9)   vdiff=  3.6193E-01 ( 60, 15)
n=  1791   udiff=  3.0862E-01 ( 85,  9)   vdiff=  3.6110E-01 ( 60, 15)
n=  1792   udiff=  3.0832E-01 ( 85,  9)   vdiff=  3.6027E-01 ( 60, 15)
n=  1793   udiff=  3.0799E-01 ( 85,  9)   vdiff=  3.5944E-01 ( 60, 15)
n=  1794   udiff=  3.0764E-01 ( 85,  9)   vdiff=  3.5861E-01 ( 60, 15)
n=  1795   udiff=  3.0727E-01 ( 85,  9)   vdiff=  3.5778E-01 ( 60, 15)
n=  1796   udiff=  3.0687E-01 ( 85,  9)   vdiff=  3.5696E-01 ( 60, 15)
n=  1797   udiff=  3.0645E-01 ( 85,  9)   vdiff=  3.5613E-01 ( 60, 15)
n=  1798   udiff=  3.0600E-01 ( 85,  9)   vdiff=  3.5531E-01 ( 60, 15)
n=  1799   udiff=  3.0553E-01 ( 85,  9)   vdiff=  3.5449E-01 ( 60, 15)
n=  1800   udiff=  3.0504E-01 ( 85,  9)   vdiff=  3.5367E-01 ( 60, 15)
n=  1801   udiff=  3.0452E-01 ( 85,  9)   vdiff=  3.5285E-01 ( 60, 15)
n=  1802   udiff=  3.0398E-01 ( 85,  9)   vdiff=  3.5203E-01 ( 60, 15)
n=  1803   udiff=  3.0342E-01 ( 85,  9)   vdiff=  3.5121E-01 ( 60, 15)
n=  1804   udiff=  3.0283E-01 ( 85,  9)   vdiff=  3.5040E-01 ( 60, 15)
n=  1805   udiff=  3.0222E-01 ( 85,  9)   vdiff=  3.4959E-01 ( 60, 15)
n=  1806   udiff=  3.0193E-01 ( 86,  9)   vdiff=  3.4877E-01 ( 60, 15)
n=  1807   udiff=  3.0163E-01 ( 86,  9)   vdiff=  3.4796E-01 ( 60, 15)
n=  1808   udiff=  3.0130E-01 ( 86,  9)   vdiff=  3.4715E-01 ( 60, 15)
n=  1809   udiff=  3.0096E-01 ( 86,  9)   vdiff=  3.4634E-01 ( 60, 15)
n=  1810   udiff=  3.0058E-01 ( 86,  9)   vdiff=  3.4553E-01 ( 60, 15)
n=  1811   udiff=  3.0019E-01 ( 86,  9)   vdiff=  3.4472E-01 ( 60, 15)
n=  1812   udiff=  2.9977E-01 ( 86,  9)   vdiff=  3.4392E-01 ( 60, 15)
n=  1813   udiff=  2.9933E-01 ( 86,  9)   vdiff=  3.4311E-01 ( 60, 15)
n=  1814   udiff=  2.9886E-01 ( 86,  9)   vdiff=  3.4231E-01 ( 60, 15)
n=  1815   udiff=  2.9837E-01 ( 86,  9)   vdiff=  3.4150E-01 ( 60, 15)
n=  1816   udiff=  2.9786E-01 ( 86,  9)   vdiff=  3.4070E-01 ( 60, 15)
n=  1817   udiff=  2.9733E-01 ( 86,  9)   vdiff=  3.3990E-01 ( 60, 15)
n=  1818   udiff=  2.9677E-01 ( 86,  9)   vdiff=  3.3910E-01 ( 60, 15)
n=  1819   udiff=  2.9619E-01 ( 86,  9)   vdiff=  3.3830E-01 ( 60, 15)
n=  1820   udiff=  2.9558E-01 ( 86,  9)   vdiff=  3.3751E-01 ( 60, 15)
n=  1821   udiff=  2.9529E-01 ( 87,  9)   vdiff=  3.3671E-01 ( 60, 15)
n=  1822   udiff=  2.9499E-01 ( 87,  9)   vdiff=  3.3592E-01 ( 60, 15)
n=  1823   udiff=  2.9467E-01 ( 87,  9)   vdiff=  3.3512E-01 ( 60, 15)
n=  1824   udiff=  2.9432E-01 ( 87,  9)   vdiff=  3.3433E-01 ( 60, 15)
n=  1825   udiff=  2.9395E-01 ( 87,  9)   vdiff=  3.3354E-01 ( 60, 15)
n=  1826   udiff=  2.9356E-01 ( 87,  9)   vdiff=  3.3275E-01 ( 60, 15)
n=  1827   udiff=  2.9314E-01 ( 87,  9)   vdiff=  3.3196E-01 ( 60, 15)
n=  1828   udiff=  2.9270E-01 ( 87,  9)   vdiff=  3.3117E-01 ( 60, 15)
n=  1829   udiff=  2.9224E-01 ( 87,  9)   vdiff=  3.3039E-01 ( 60, 15)
n=  1830   udiff=  2.9213E-01 ( 90,  1)   vdiff=  3.2960E-01 ( 60, 15)
n=  1831   udiff=  2.9199E-01 ( 90,  1)   vdiff=  3.2882E-01 ( 60, 15)
n=  1832   udiff=  2.9182E-01 ( 90,  1)   vdiff=  3.2804E-01 ( 60, 15)
n=  1833   udiff=  2.9161E-01 ( 90,  1)   vdiff=  3.2725E-01 ( 60, 15)
n=  1834   udiff=  2.9137E-01 ( 90,  1)   vdiff=  3.2647E-01 ( 60, 15)
n=  1835   udiff=  2.9110E-01 ( 90,  1)   vdiff=  3.2569E-01 ( 60, 15)
n=  1836   udiff=  2.9078E-01 ( 90,  1)   vdiff=  3.2492E-01 ( 60, 15)
n=  1837   udiff=  2.9044E-01 ( 91,  1)   vdiff=  3.2414E-01 ( 60, 15)
n=  1838   udiff=  2.9054E-01 ( 91,  1)   vdiff=  3.2336E-01 ( 60, 15)
n=  1839   udiff=  2.9060E-01 ( 91,  1)   vdiff=  3.2259E-01 ( 60, 15)
n=  1840   udiff=  2.9063E-01 ( 91,  1)   vdiff=  3.2182E-01 ( 60, 15)
n=  1841   udiff=  2.9063E-01 ( 91,  1)   vdiff=  3.2104E-01 ( 60, 15)
n=  1842   udiff=  2.9059E-01 ( 91,  1)   vdiff=  3.2027E-01 ( 60, 15)
n=  1843   udiff=  2.9052E-01 ( 91,  1)   vdiff=  3.1950E-01 ( 60, 15)
n=  1844   udiff=  2.9041E-01 ( 91,  1)   vdiff=  3.1873E-01 ( 60, 15)
n=  1845   udiff=  2.9027E-01 ( 91,  1)   vdiff=  3.1797E-01 ( 60, 15)
n=  1846   udiff=  2.9010E-01 ( 91,  1)   vdiff=  3.1720E-01 ( 60, 15)
n=  1847   udiff=  2.8989E-01 ( 91,  1)   vdiff=  3.1644E-01 ( 60, 15)
n=  1848   udiff=  2.8965E-01 ( 91,  1)   vdiff=  3.1567E-01 ( 60, 15)
n=  1849   udiff=  2.8937E-01 ( 91,  1)   vdiff=  3.1491E-01 ( 60, 15)
n=  1850   udiff=  2.8906E-01 ( 91,  1)   vdiff=  3.1415E-01 ( 60, 15)
n=  1851   udiff=  2.8903E-01 ( 92,  1)   vdiff=  3.1339E-01 ( 60, 15)
n=  1852   udiff=  2.8911E-01 ( 92,  1)   vdiff=  3.1263E-01 ( 60, 15)
n=  1853   udiff=  2.8917E-01 ( 92,  1)   vdiff=  3.1187E-01 ( 60, 15)
n=  1854   udiff=  2.8919E-01 ( 92,  1)   vdiff=  3.1111E-01 ( 60, 15)
n=  1855   udiff=  2.8918E-01 ( 92,  1)   vdiff=  3.1036E-01 ( 60, 15)
n=  1856   udiff=  2.8914E-01 ( 92,  1)   vdiff=  3.0960E-01 ( 60, 15)
n=  1857   udiff=  2.8906E-01 ( 92,  1)   vdiff=  3.0885E-01 ( 60, 15)
n=  1858   udiff=  2.8895E-01 ( 92,  1)   vdiff=  3.0810E-01 ( 60, 15)
n=  1859   udiff=  2.8881E-01 ( 92,  1)   vdiff=  3.0735E-01 ( 60, 15)
n=  1860   udiff=  2.8863E-01 ( 92,  1)   vdiff=  3.0660E-01 ( 60, 15)
n=  1861   udiff=  2.8842E-01 ( 92,  1)   vdiff=  3.0585E-01 ( 60, 15)
n=  1862   udiff=  2.8818E-01 ( 92,  1)   vdiff=  3.0510E-01 ( 60, 15)
n=  1863   udiff=  2.8790E-01 ( 92,  1)   vdiff=  3.0435E-01 ( 60, 15)
n=  1864   udiff=  2.8759E-01 ( 92,  1)   vdiff=  3.0361E-01 ( 60, 15)
n=  1865   udiff=  2.8724E-01 ( 92,  1)   vdiff=  3.0287E-01 ( 60, 15)
n=  1866   udiff=  2.8731E-01 ( 93,  1)   vdiff=  3.0212E-01 ( 60, 15)
n=  1867   udiff=  2.8737E-01 ( 93,  1)   vdiff=  3.0138E-01 ( 60, 15)
n=  1868   udiff=  2.8738E-01 ( 93,  1)   vdiff=  3.0064E-01 ( 60, 15)
n=  1869   udiff=  2.8737E-01 ( 93,  1)   vdiff=  2.9990E-01 ( 60, 15)
n=  1870   udiff=  2.8733E-01 ( 93,  1)   vdiff=  2.9917E-01 ( 60, 15)
n=  1871   udiff=  2.8725E-01 ( 93,  1)   vdiff=  2.9843E-01 ( 60, 15)
n=  1872   udiff=  2.8714E-01 ( 93,  1)   vdiff=  2.9769E-01 ( 60, 15)
n=  1873   udiff=  2.8699E-01 ( 93,  1)   vdiff=  2.9696E-01 ( 60, 15)
n=  1874   udiff=  2.8681E-01 ( 93,  1)   vdiff=  2.9623E-01 ( 60, 15)
n=  1875   udiff=  2.8660E-01 ( 93,  1)   vdiff=  2.9549E-01 ( 60, 15)
n=  1876   udiff=  2.8636E-01 ( 93,  1)   vdiff=  2.9476E-01 ( 60, 15)
n=  1877   udiff=  2.8608E-01 ( 93,  1)   vdiff=  2.9403E-01 ( 60, 15)
n=  1878   udiff=  2.8577E-01 ( 93,  1)   vdiff=  2.9331E-01 ( 60, 15)
n=  1879   udiff=  2.8578E-01 ( 94,  1)   vdiff=  2.9258E-01 ( 60, 15)
n=  1880   udiff=  2.8586E-01 ( 94,  1)   vdiff=  2.9185E-01 ( 60, 15)
n=  1881   udiff=  2.8590E-01 ( 94,  1)   vdiff=  2.9113E-01 ( 60, 15)
n=  1882   udiff=  2.8592E-01 ( 94,  1)   vdiff=  2.9041E-01 ( 60, 15)
n=  1883   udiff=  2.8590E-01 ( 94,  1)   vdiff=  2.8968E-01 ( 60, 15)
n=  1884   udiff=  2.8585E-01 ( 94,  1)   vdiff=  2.8896E-01 ( 60, 15)
n=  1885   udiff=  2.8577E-01 ( 94,  1)   vdiff=  2.8824E-01 ( 60, 15)
n=  1886   udiff=  2.8565E-01 ( 94,  1)   vdiff=  2.8752E-01 ( 60, 15)
n=  1887   udiff=  2.8551E-01 ( 94,  1)   vdiff=  2.8681E-01 ( 60, 15)
n=  1888   udiff=  2.8533E-01 ( 94,  1)   vdiff=  2.8609E-01 ( 60, 15)
n=  1889   udiff=  2.8512E-01 ( 94,  1)   vdiff=  2.8537E-01 ( 60, 15)
n=  1890   udiff=  2.8487E-01 ( 94,  1)   vdiff=  2.8466E-01 ( 60, 15)
n=  1891   udiff=  2.8459E-01 ( 94,  1)   vdiff=  2.8395E-01 ( 60, 15)
n=  1892   udiff=  2.8429E-01 ( 94,  1)   vdiff=  2.8324E-01 ( 60, 15)
n=  1893   udiff=  2.8394E-01 ( 94,  1)   vdiff=  2.8253E-01 ( 60, 15)
n=  1894   udiff=  2.8382E-01 ( 95,  1)   vdiff=  2.8182E-01 ( 60, 15)
n=  1895   udiff=  2.8386E-01 ( 95,  1)   vdiff=  2.8111E-01 ( 60, 15)
n=  1896   udiff=  2.8387E-01 ( 95,  1)   vdiff=  2.8040E-01 ( 60, 15)
n=  1897   udiff=  2.8384E-01 ( 95,  1)   vdiff=  2.7970E-01 ( 60, 15)
n=  1898   udiff=  2.8379E-01 ( 95,  1)   vdiff=  2.7899E-01 ( 60, 15)
n=  1899   udiff=  2.8370E-01 ( 95,  1)   vdiff=  2.7829E-01 ( 60, 15)
n=  1900   udiff=  2.8359E-01 ( 95,  1)   vdiff=  2.7759E-01 ( 60, 15)
n=  1901   udiff=  2.8344E-01 ( 95,  1)   vdiff=  2.7689E-01 ( 60, 15)
n=  1902   udiff=  2.8325E-01 ( 95,  1)   vdiff=  2.7619E-01 ( 60, 15)
n=  1903   udiff=  2.8304E-01 ( 95,  1)   vdiff=  2.7549E-01 ( 60, 15)
n=  1904   udiff=  2.8280E-01 ( 95,  1)   vdiff=  2.7479E-01 ( 60, 15)
n=  1905   udiff=  2.8252E-01 ( 95,  1)   vdiff=  2.7410E-01 ( 60, 15)
n=  1906   udiff=  2.8231E-01 ( 96,  1)   vdiff=  2.7340E-01 ( 60, 15)
n=  1907   udiff=  2.8240E-01 ( 96,  1)   vdiff=  2.7271E-01 ( 60, 15)
n=  1908   udiff=  2.8247E-01 ( 96,  1)   vdiff=  2.7202E-01 ( 60, 15)
n=  1909   udiff=  2.8250E-01 ( 96,  1)   vdiff=  2.7132E-01 ( 60, 15)
n=  1910   udiff=  2.8249E-01 ( 96,  1)   vdiff=  2.7063E-01 ( 60, 15)
n=  1911   udiff=  2.8246E-01 ( 96,  1)   vdiff=  2.6995E-01 ( 60, 15)
n=  1912   udiff=  2.8240E-01 ( 96,  1)   vdiff=  2.6926E-01 ( 60, 15)
n=  1913   udiff=  2.8230E-01 ( 96,  1)   vdiff=  2.6857E-01 ( 60, 15)
n=  1914   udiff=  2.8217E-01 ( 96,  1)   vdiff=  2.6789E-01 ( 60, 15)
n=  1915   udiff=  2.8202E-01 ( 96,  1)   vdiff=  2.6720E-01 ( 60, 15)
n=  1916   udiff=  2.8183E-01 ( 96,  1)   vdiff=  2.6652E-01 ( 60, 15)
n=  1917   udiff=  2.8160E-01 ( 96,  1)   vdiff=  2.6584E-01 ( 60, 15)
n=  1918   udiff=  2.8135E-01 ( 96,  1)   vdiff=  2.6516E-01 ( 60, 15)
n=  1919   udiff=  2.8107E-01 ( 96,  1)   vdiff=  2.6448E-01 ( 60, 15)
n=  1920   udiff=  2.8075E-01 ( 96,  1)   vdiff=  2.6380E-01 ( 60, 15)
n=  1921   udiff=  2.8040E-01 ( 96,  1)   vdiff=  2.6312E-01 ( 60, 15)
n=  1922   udiff=  2.8032E-01 ( 97,  1)   vdiff=  2.6245E-01 ( 60, 15)
n=  1923   udiff=  2.8035E-01 ( 97,  1)   vdiff=  2.6177E-01 ( 60, 15)
n=  1924   udiff=  2.8035E-01 ( 97,  1)   vdiff=  2.6110E-01 ( 60, 15)
n=  1925   udiff=  2.8032E-01 ( 97,  1)   vdiff=  2.6043E-01 ( 60, 15)
n=  1926   udiff=  2.8025E-01 ( 97,  1)   vdiff=  2.5976E-01 ( 60, 15)
n=  1927   udiff=  2.8016E-01 ( 97,  1)   vdiff=  2.5909E-01 ( 60, 15)
n=  1928   udiff=  2.8003E-01 ( 97,  1)   vdiff=  2.5842E-01 ( 60, 15)
n=  1929   udiff=  2.7987E-01 ( 97,  1)   vdiff=  2.5776E-01 ( 60, 15)
n=  1930   udiff=  2.7968E-01 ( 97,  1)   vdiff=  2.5709E-01 ( 60, 15)
n=  1931   udiff=  2.7946E-01 ( 97,  1)   vdiff=  2.5643E-01 ( 60, 15)
n=  1932   udiff=  2.7921E-01 ( 97,  1)   vdiff=  2.5576E-01 ( 60, 15)
n=  1933   udiff=  2.7893E-01 ( 97,  1)   vdiff=  2.5510E-01 ( 60, 15)
n=  1934   udiff=  2.7875E-01 ( 98,  1)   vdiff=  2.5444E-01 ( 60, 15)
n=  1935   udiff=  2.7884E-01 ( 98,  1)   vdiff=  2.5378E-01 ( 60, 15)
n=  1936   udiff=  2.7890E-01 ( 98,  1)   vdiff=  2.5312E-01 ( 60, 15)
n=  1937   udiff=  2.7892E-01 ( 98,  1)   vdiff=  2.5246E-01 ( 60, 15)
n=  1938   udiff=  2.7892E-01 ( 98,  1)   vdiff=  2.5181E-01 ( 60, 15)
n=  1939   udiff=  2.7888E-01 ( 98,  1)   vdiff=  2.5115E-01 ( 60, 15)
n=  1940   udiff=  2.7881E-01 ( 98,  1)   vdiff=  2.5050E-01 ( 60, 15)
n=  1941   udiff=  2.7872E-01 ( 98,  1)   vdiff=  2.4985E-01 ( 60, 15)
n=  1942   udiff=  2.7859E-01 ( 98,  1)   vdiff=  2.4920E-01 ( 60, 15)
n=  1943   udiff=  2.7843E-01 ( 98,  1)   vdiff=  2.4855E-01 ( 60, 15)
n=  1944   udiff=  2.7824E-01 ( 98,  1)   vdiff=  2.4790E-01 ( 60, 15)
n=  1945   udiff=  2.7802E-01 ( 98,  1)   vdiff=  2.4725E-01 ( 60, 15)
n=  1946   udiff=  2.7777E-01 ( 98,  1)   vdiff=  2.4660E-01 ( 60, 15)
n=  1947   udiff=  2.7749E-01 ( 98,  1)   vdiff=  2.4596E-01 ( 60, 15)
n=  1948   udiff=  2.7717E-01 ( 98,  1)   vdiff=  2.4531E-01 ( 60, 15)
n=  1949   udiff=  2.7683E-01 ( 98,  1)   vdiff=  2.4467E-01 ( 60, 15)
n=  1950   udiff=  2.7646E-01 ( 98,  1)   vdiff=  2.4403E-01 ( 60, 15)
n=  1951   udiff=  2.7632E-01 ( 99,  1)   vdiff=  2.4339E-01 ( 60, 15)
n=  1952   udiff=  2.7631E-01 ( 99,  1)   vdiff=  2.4275E-01 ( 60, 15)
n=  1953   udiff=  2.7627E-01 ( 99,  1)   vdiff=  2.4211E-01 ( 60, 15)
n=  1954   udiff=  2.7620E-01 ( 99,  1)   vdiff=  2.4148E-01 ( 60, 15)
n=  1955   udiff=  2.7610E-01 ( 99,  1)   vdiff=  2.4084E-01 ( 60, 15)
n=  1956   udiff=  2.7597E-01 ( 99,  1)   vdiff=  2.4021E-01 ( 60, 15)
n=  1957   udiff=  2.7580E-01 ( 99,  1)   vdiff=  2.3958E-01 ( 60, 15)
n=  1958   udiff=  2.7561E-01 ( 99,  1)   vdiff=  2.3894E-01 ( 60, 15)
n=  1959   udiff=  2.7539E-01 ( 99,  1)   vdiff=  2.3831E-01 ( 60, 15)
n=  1960   udiff=  2.7514E-01 ( 99,  1)   vdiff=  2.3769E-01 ( 60, 15)
n=  1961   udiff=  2.7503E-01 (100,  1)   vdiff=  2.3706E-01 ( 60, 15)
n=  1962   udiff=  2.7512E-01 (100,  1)   vdiff=  2.3643E-01 ( 60, 15)
n=  1963   udiff=  2.7518E-01 (100,  1)   vdiff=  2.3581E-01 ( 60, 15)
n=  1964   udiff=  2.7520E-01 (100,  1)   vdiff=  2.3518E-01 ( 60, 15)
n=  1965   udiff=  2.7520E-01 (100,  1)   vdiff=  2.3456E-01 ( 60, 15)
n=  1966   udiff=  2.7517E-01 (100,  1)   vdiff=  2.3394E-01 ( 60, 15)
n=  1967   udiff=  2.7511E-01 (100,  1)   vdiff=  2.3332E-01 ( 60, 15)
n=  1968   udiff=  2.7502E-01 (100,  1)   vdiff=  2.3270E-01 ( 60, 15)
n=  1969   udiff=  2.7490E-01 (100,  1)   vdiff=  2.3208E-01 ( 60, 15)
n=  1970   udiff=  2.7475E-01 (100,  1)   vdiff=  2.3146E-01 ( 60, 15)
n=  1971   udiff=  2.7457E-01 (100,  1)   vdiff=  2.3085E-01 ( 60, 15)
n=  1972   udiff=  2.7436E-01 (100,  1)   vdiff=  2.3023E-01 ( 60, 15)
n=  1973   udiff=  2.7412E-01 (100,  1)   vdiff=  2.2962E-01 ( 60, 15)
n=  1974   udiff=  2.7386E-01 (100,  1)   vdiff=  2.2901E-01 ( 60, 15)
n=  1975   udiff=  2.7356E-01 (100,  1)   vdiff=  2.2839E-01 ( 60, 15)
n=  1976   udiff=  2.7323E-01 (100,  1)   vdiff=  2.2779E-01 ( 60, 15)
n=  1977   udiff=  2.7287E-01 (100,  1)   vdiff=  2.2718E-01 ( 60, 15)
n=  1978   udiff=  2.7252E-01 (101,  1)   vdiff=  2.2657E-01 ( 60, 15)
n=  1979   udiff=  2.7253E-01 (101,  1)   vdiff=  2.2596E-01 ( 60, 15)
n=  1980   udiff=  2.7251E-01 (101,  1)   vdiff=  2.2536E-01 ( 60, 15)
n=  1981   udiff=  2.7245E-01 (101,  1)   vdiff=  2.2476E-01 ( 60, 15)
n=  1982   udiff=  2.7237E-01 (101,  1)   vdiff=  2.2415E-01 ( 60, 15)
n=  1983   udiff=  2.7226E-01 (101,  1)   vdiff=  2.2355E-01 ( 60, 15)
n=  1984   udiff=  2.7211E-01 (101,  1)   vdiff=  2.2295E-01 ( 60, 15)
n=  1985   udiff=  2.7194E-01 (101,  1)   vdiff=  2.2236E-01 ( 60, 15)
n=  1986   udiff=  2.7174E-01 (101,  1)   vdiff=  2.2176E-01 ( 60, 15)
n=  1987   udiff=  2.7150E-01 (101,  1)   vdiff=  2.2116E-01 ( 60, 15)
n=  1988   udiff=  2.7124E-01 (101,  1)   vdiff=  2.2057E-01 ( 60, 15)
n=  1989   udiff=  2.7111E-01 (102,  1)   vdiff=  2.1997E-01 ( 60, 15)
n=  1990   udiff=  2.7120E-01 (102,  1)   vdiff=  2.1938E-01 ( 60, 15)
n=  1991   udiff=  2.7126E-01 (102,  1)   vdiff=  2.1879E-01 ( 60, 15)
n=  1992   udiff=  2.7129E-01 (102,  1)   vdiff=  2.1820E-01 ( 60, 15)
n=  1993   udiff=  2.7130E-01 (102,  1)   vdiff=  2.1761E-01 ( 60, 15)
n=  1994   udiff=  2.7127E-01 (102,  1)   vdiff=  2.1702E-01 ( 60, 15)
n=  1995   udiff=  2.7121E-01 (102,  1)   vdiff=  2.1644E-01 ( 60, 15)
n=  1996   udiff=  2.7113E-01 (102,  1)   vdiff=  2.1585E-01 ( 60, 15)
n=  1997   udiff=  2.7102E-01 (102,  1)   vdiff=  2.1527E-01 ( 60, 15)
n=  1998   udiff=  2.7087E-01 (102,  1)   vdiff=  2.1469E-01 ( 60, 15)
n=  1999   udiff=  2.7070E-01 (102,  1)   vdiff=  2.1410E-01 ( 60, 15)
n=  2000   udiff=  2.7050E-01 (102,  1)   vdiff=  2.1352E-01 ( 60, 15)
n=  2001   udiff=  2.7026E-01 (102,  1)   vdiff=  2.1295E-01 ( 60, 15)
n=  2002   udiff=  2.7000E-01 (102,  1)   vdiff=  2.1237E-01 ( 60, 15)
n=  2003   udiff=  2.6971E-01 (102,  1)   vdiff=  2.1179E-01 ( 60, 15)
n=  2004   udiff=  2.6939E-01 (102,  1)   vdiff=  2.1122E-01 ( 60, 15)
n=  2005   udiff=  2.6904E-01 (102,  1)   vdiff=  2.1064E-01 ( 60, 15)
n=  2006   udiff=  2.6866E-01 (102,  1)   vdiff=  2.1007E-01 ( 60, 15)
n=  2007   udiff=  2.6825E-01 (102,  1)   vdiff=  2.0950E-01 ( 60, 15)
n=  2008   udiff=  2.6781E-01 (102,  1)   vdiff=  2.0893E-01 ( 60, 15)
n=  2009   udiff=  2.6771E-01 (103,  1)   vdiff=  2.0836E-01 ( 60, 15)
n=  2010   udiff=  2.6762E-01 (103,  1)   vdiff=  2.0779E-01 ( 60, 15)
n=  2011   udiff=  2.6751E-01 (103,  1)   vdiff=  2.0722E-01 ( 60, 15)
n=  2012   udiff=  2.6737E-01 (103,  1)   vdiff=  2.0666E-01 ( 60, 15)
n=  2013   udiff=  2.6720E-01 (103,  1)   vdiff=  2.0609E-01 ( 60, 15)
n=  2014   udiff=  2.6700E-01 (103,  1)   vdiff=  2.0553E-01 ( 60, 15)
n=  2015   udiff=  2.6687E-01 (104,  1)   vdiff=  2.0497E-01 ( 60, 15)
n=  2016   udiff=  2.6698E-01 (104,  1)   vdiff=  2.0441E-01 ( 60, 15)
n=  2017   udiff=  2.6706E-01 (104,  1)   vdiff=  2.0385E-01 ( 60, 15)
n=  2018   udiff=  2.6711E-01 (104,  1)   vdiff=  2.0329E-01 ( 60, 15)
n=  2019   udiff=  2.6713E-01 (104,  1)   vdiff=  2.0273E-01 ( 60, 15)
n=  2020   udiff=  2.6712E-01 (104,  1)   vdiff=  2.0218E-01 ( 60, 15)
n=  2021   udiff=  2.6709E-01 (104,  1)   vdiff=  2.0162E-01 ( 60, 15)
n=  2022   udiff=  2.6703E-01 (104,  1)   vdiff=  2.0107E-01 ( 60, 15)
n=  2023   udiff=  2.6694E-01 (104,  1)   vdiff=  2.0051E-01 ( 60, 15)
n=  2024   udiff=  2.6682E-01 (104,  1)   vdiff=  1.9996E-01 ( 60, 15)
n=  2025   udiff=  2.6667E-01 (104,  1)   vdiff=  1.9941E-01 ( 60, 15)
n=  2026   udiff=  2.6650E-01 (104,  1)   vdiff=  1.9887E-01 ( 60, 15)
n=  2027   udiff=  2.6629E-01 (104,  1)   vdiff=  1.9832E-01 ( 60, 15)
n=  2028   udiff=  2.6606E-01 (104,  1)   vdiff=  1.9777E-01 ( 60, 15)
n=  2029   udiff=  2.6580E-01 (104,  1)   vdiff=  1.9723E-01 ( 60, 15)
n=  2030   udiff=  2.6551E-01 (104,  1)   vdiff=  1.9668E-01 ( 60, 15)
n=  2031   udiff=  2.6520E-01 (104,  1)   vdiff=  1.9614E-01 ( 60, 15)
n=  2032   udiff=  2.6485E-01 (104,  1)   vdiff=  1.9560E-01 ( 60, 15)
n=  2033   udiff=  2.6448E-01 (104,  1)   vdiff=  1.9506E-01 ( 60, 15)
n=  2034   udiff=  2.6408E-01 (104,  1)   vdiff=  1.9452E-01 ( 60, 15)
n=  2035   udiff=  2.6365E-01 (104,  1)   vdiff=  1.9398E-01 ( 60, 15)
n=  2036   udiff=  2.6336E-01 (105,  1)   vdiff=  1.9345E-01 ( 60, 15)
n=  2037   udiff=  2.6328E-01 (105,  1)   vdiff=  1.9291E-01 ( 60, 15)
n=  2038   udiff=  2.6318E-01 (105,  1)   vdiff=  1.9238E-01 ( 60, 15)
n=  2039   udiff=  2.6304E-01 (105,  1)   vdiff=  1.9184E-01 ( 60, 15)
n=  2040   udiff=  2.6288E-01 (105,  1)   vdiff=  1.9131E-01 ( 60, 15)
n=  2041   udiff=  2.6268E-01 (105,  1)   vdiff=  1.9078E-01 ( 60, 15)
n=  2042   udiff=  2.6246E-01 (105,  1)   vdiff=  1.9025E-01 ( 60, 15)
n=  2043   udiff=  2.6252E-01 (106,  1)   vdiff=  1.8972E-01 ( 60, 15)
n=  2044   udiff=  2.6262E-01 (106,  1)   vdiff=  1.8919E-01 ( 60, 15)
n=  2045   udiff=  2.6271E-01 (106,  1)   vdiff=  1.8867E-01 ( 60, 15)
n=  2046   udiff=  2.6276E-01 (106,  1)   vdiff=  1.8814E-01 ( 60, 15)
n=  2047   udiff=  2.6278E-01 (106,  1)   vdiff=  1.8762E-01 ( 60, 15)
n=  2048   udiff=  2.6278E-01 (106,  1)   vdiff=  1.8710E-01 ( 60, 15)
n=  2049   udiff=  2.6275E-01 (106,  1)   vdiff=  1.8658E-01 ( 60, 15)
n=  2050   udiff=  2.6269E-01 (106,  1)   vdiff=  1.8606E-01 ( 60, 15)
n=  2051   udiff=  2.6260E-01 (106,  1)   vdiff=  1.8554E-01 ( 60, 15)
n=  2052   udiff=  2.6248E-01 (106,  1)   vdiff=  1.8502E-01 ( 60, 15)
n=  2053   udiff=  2.6233E-01 (106,  1)   vdiff=  1.8450E-01 ( 60, 15)
n=  2054   udiff=  2.6216E-01 (106,  1)   vdiff=  1.8399E-01 ( 60, 15)
n=  2055   udiff=  2.6195E-01 (106,  1)   vdiff=  1.8347E-01 ( 60, 15)
n=  2056   udiff=  2.6172E-01 (106,  1)   vdiff=  1.8296E-01 ( 60, 15)
n=  2057   udiff=  2.6146E-01 (106,  1)   vdiff=  1.8245E-01 ( 60, 15)
n=  2058   udiff=  2.6117E-01 (106,  1)   vdiff=  1.8194E-01 ( 60, 15)
n=  2059   udiff=  2.6085E-01 (106,  1)   vdiff=  1.8143E-01 ( 60, 15)
n=  2060   udiff=  2.6050E-01 (106,  1)   vdiff=  1.8092E-01 ( 60, 15)
n=  2061   udiff=  2.6012E-01 (106,  1)   vdiff=  1.8041E-01 ( 60, 15)
n=  2062   udiff=  2.5972E-01 (106,  1)   vdiff=  1.7991E-01 ( 60, 15)
n=  2063   udiff=  2.5928E-01 (106,  1)   vdiff=  1.7940E-01 ( 60, 15)
n=  2064   udiff=  2.5882E-01 (106,  1)   vdiff=  1.7890E-01 ( 60, 15)
n=  2065   udiff=  2.5833E-01 (106,  1)   vdiff=  1.7840E-01 ( 60, 15)
n=  2066   udiff=  2.5781E-01 (106,  1)   vdiff=  1.7790E-01 ( 60, 15)
n=  2067   udiff=  2.5735E-01 (107,  1)   vdiff=  1.7740E-01 ( 60, 15)
n=  2068   udiff=  2.5733E-01 (108,  1)   vdiff=  1.7690E-01 ( 60, 15)
n=  2069   udiff=  2.5748E-01 (108,  1)   vdiff=  1.7640E-01 ( 60, 15)
n=  2070   udiff=  2.5759E-01 (108,  1)   vdiff=  1.7627E-01 (120,  4)
n=  2071   udiff=  2.5768E-01 (108,  1)   vdiff=  1.7841E-01 (120,  4)
n=  2072   udiff=  2.5775E-01 (108,  1)   vdiff=  1.8058E-01 (120,  4)
n=  2073   udiff=  2.5778E-01 (108,  1)   vdiff=  1.8277E-01 (120,  4)
n=  2074   udiff=  2.5779E-01 (108,  1)   vdiff=  1.8499E-01 (120,  4)
n=  2075   udiff=  2.5778E-01 (108,  1)   vdiff=  1.8724E-01 (120,  4)
n=  2076   udiff=  2.5773E-01 (108,  1)   vdiff=  1.8951E-01 (120,  4)
n=  2077   udiff=  2.5766E-01 (108,  1)   vdiff=  1.9181E-01 (120,  4)
n=  2078   udiff=  2.5756E-01 (108,  1)   vdiff=  1.9414E-01 (120,  4)
n=  2079   udiff=  2.5744E-01 (108,  1)   vdiff=  1.9649E-01 (120,  4)
n=  2080   udiff=  2.5729E-01 (108,  1)   vdiff=  1.9886E-01 (120,  4)
n=  2081   udiff=  2.5711E-01 (108,  1)   vdiff=  2.0126E-01 (120,  4)
n=  2082   udiff=  2.5690E-01 (108,  1)   vdiff=  2.0369E-01 (120,  4)
n=  2083   udiff=  2.5667E-01 (108,  1)   vdiff=  2.0614E-01 (120,  4)
n=  2084   udiff=  2.5641E-01 (108,  1)   vdiff=  2.0861E-01 (120,  4)
n=  2085   udiff=  2.5612E-01 (108,  1)   vdiff=  2.1111E-01 (120,  4)
n=  2086   udiff=  2.5580E-01 (108,  1)   vdiff=  2.1363E-01 (120,  4)
n=  2087   udiff=  2.5546E-01 (108,  1)   vdiff=  2.1617E-01 (120,  4)
n=  2088   udiff=  2.5509E-01 (108,  1)   vdiff=  2.1874E-01 (120,  4)
n=  2089   udiff=  2.5469E-01 (108,  1)   vdiff=  2.2132E-01 (120,  4)
n=  2090   udiff=  2.5427E-01 (108,  1)   vdiff=  2.2393E-01 (120,  4)
n=  2091   udiff=  2.5382E-01 (108,  1)   vdiff=  2.2656E-01 (120,  4)
n=  2092   udiff=  2.5334E-01 (108,  1)   vdiff=  2.2921E-01 (120,  4)
n=  2093   udiff=  2.5284E-01 (108,  1)   vdiff=  2.3188E-01 (120,  4)
n=  2094   udiff=  2.5231E-01 (108,  1)   vdiff=  2.3457E-01 (120,  4)
n=  2095   udiff=  2.5220E-01 (110,  1)   vdiff=  2.3729E-01 (120,  4)
n=  2096   udiff=  2.5234E-01 (110,  1)   vdiff=  2.4002E-01 (120,  4)
n=  2097   udiff=  2.5245E-01 (110,  1)   vdiff=  2.4277E-01 (120,  4)
n=  2098   udiff=  2.5254E-01 (110,  1)   vdiff=  2.4553E-01 (120,  4)
n=  2099   udiff=  2.5260E-01 (110,  1)   vdiff=  2.4832E-01 (120,  4)
n=  2100   udiff=  2.5264E-01 (110,  1)   vdiff=  2.5112E-01 (120,  4)
n=  2101   udiff=  2.5264E-01 (110,  1)   vdiff=  2.5395E-01 (120,  4)
n=  2102   udiff=  2.5262E-01 (110,  1)   vdiff=  2.5678E-01 (120,  4)
n=  2103   udiff=  2.5258E-01 (110,  1)   vdiff=  2.5964E-01 (120,  4)
n=  2104   udiff=  2.5250E-01 (110,  1)   vdiff=  2.6251E-01 (120,  4)
n=  2105   udiff=  2.5240E-01 (110,  1)   vdiff=  2.6540E-01 (120,  4)
n=  2106   udiff=  2.5227E-01 (110,  1)   vdiff=  2.6831E-01 (120,  4)
n=  2107   udiff=  2.5211E-01 (110,  1)   vdiff=  2.7123E-01 (120,  4)
n=  2108   udiff=  2.5193E-01 (110,  1)   vdiff=  2.7416E-01 (120,  4)
n=  2109   udiff=  2.5172E-01 (110,  1)   vdiff=  2.7711E-01 (120,  4)
n=  2110   udiff=  2.5148E-01 (110,  1)   vdiff=  2.8008E-01 (120,  4)
n=  2111   udiff=  2.5121E-01 (110,  1)   vdiff=  2.8305E-01 (120,  4)
n=  2112   udiff=  2.5092E-01 (110,  1)   vdiff=  2.8605E-01 (120,  4)
n=  2113   udiff=  2.5060E-01 (110,  1)   vdiff=  2.8905E-01 (120,  4)
n=  2114   udiff=  2.5025E-01 (110,  1)   vdiff=  2.9207E-01 (120,  4)
n=  2115   udiff=  2.4988E-01 (110,  1)   vdiff=  2.9510E-01 (120,  4)
n=  2116   udiff=  2.4948E-01 (110,  1)   vdiff=  2.9815E-01 (120,  4)
n=  2117   udiff=  2.4905E-01 (110,  1)   vdiff=  3.0120E-01 (120,  4)
n=  2118   udiff=  2.4860E-01 (110,  1)   vdiff=  3.0427E-01 (120,  4)
n=  2119   udiff=  2.4812E-01 (110,  1)   vdiff=  3.0735E-01 (120,  4)
n=  2120   udiff=  2.4761E-01 (110,  1)   vdiff=  3.1044E-01 (120,  4)
n=  2121   udiff=  2.4708E-01 (110,  1)   vdiff=  3.1354E-01 (120,  4)
n=  2122   udiff=  2.4717E-01 (112,  1)   vdiff=  3.1665E-01 (120,  4)
n=  2123   udiff=  2.4731E-01 (112,  1)   vdiff=  3.1977E-01 (120,  4)
n=  2124   udiff=  2.4743E-01 (112,  1)   vdiff=  3.2291E-01 (120,  4)
n=  2125   udiff=  2.4752E-01 (112,  1)   vdiff=  3.2605E-01 (120,  4)
n=  2126   udiff=  2.4759E-01 (112,  1)   vdiff=  3.2920E-01 (120,  4)
n=  2127   udiff=  2.4764E-01 (112,  1)   vdiff=  3.3235E-01 (120,  4)
n=  2128   udiff=  2.4765E-01 (112,  1)   vdiff=  3.3552E-01 (120,  4)
n=  2129   udiff=  2.4764E-01 (112,  1)   vdiff=  3.3869E-01 (120,  4)
n=  2130   udiff=  2.4761E-01 (112,  1)   vdiff=  3.4187E-01 (120,  4)
n=  2131   udiff=  2.4755E-01 (112,  1)   vdiff=  3.4506E-01 (120,  4)
n=  2132   udiff=  2.4746E-01 (112,  1)   vdiff=  3.4826E-01 (120,  4)
n=  2133   udiff=  2.4735E-01 (112,  1)   vdiff=  3.5146E-01 (120,  4)
n=  2134   udiff=  2.4721E-01 (112,  1)   vdiff=  3.5466E-01 (120,  4)
n=  2135   udiff=  2.4705E-01 (112,  1)   vdiff=  3.5787E-01 (120,  4)
n=  2136   udiff=  2.4810E-01 (120,  1)   vdiff=  3.6109E-01 (120,  4)
n=  2137   udiff=  2.5036E-01 (120,  1)   vdiff=  3.6431E-01 (120,  4)
n=  2138   udiff=  2.5264E-01 (120,  1)   vdiff=  3.6753E-01 (120,  4)
n=  2139   udiff=  2.5491E-01 (120,  1)   vdiff=  3.7075E-01 (120,  4)
n=  2140   udiff=  2.5719E-01 (120,  1)   vdiff=  3.7398E-01 (120,  4)
n=  2141   udiff=  2.5947E-01 (120,  1)   vdiff=  3.7721E-01 (120,  4)
n=  2142   udiff=  2.6175E-01 (120,  1)   vdiff=  3.8044E-01 (120,  4)
n=  2143   udiff=  2.6404E-01 (120,  1)   vdiff=  3.8367E-01 (120,  4)
n=  2144   udiff=  2.6633E-01 (120,  1)   vdiff=  3.8690E-01 (120,  4)
n=  2145   udiff=  2.6862E-01 (120,  1)   vdiff=  3.9013E-01 (120,  4)
n=  2146   udiff=  2.7091E-01 (120,  1)   vdiff=  3.9336E-01 (120,  4)
n=  2147   udiff=  2.7320E-01 (120,  1)   vdiff=  3.9658E-01 (120,  4)
n=  2148   udiff=  2.7549E-01 (120,  1)   vdiff=  3.9981E-01 (120,  4)
n=  2149   udiff=  2.7778E-01 (120,  1)   vdiff=  4.0303E-01 (120,  4)
n=  2150   udiff=  2.8007E-01 (120,  1)   vdiff=  4.0624E-01 (120,  4)
n=  2151   udiff=  2.8236E-01 (120,  1)   vdiff=  4.0946E-01 (120,  4)
n=  2152   udiff=  2.8464E-01 (120,  1)   vdiff=  4.1266E-01 (120,  4)
n=  2153   udiff=  2.8693E-01 (120,  1)   vdiff=  4.1586E-01 (120,  4)
n=  2154   udiff=  2.8921E-01 (120,  1)   vdiff=  4.1905E-01 (120,  4)
n=  2155   udiff=  2.9149E-01 (120,  1)   vdiff=  4.2223E-01 (120,  4)
n=  2156   udiff=  2.9376E-01 (120,  1)   vdiff=  4.2541E-01 (120,  4)
n=  2157   udiff=  2.9603E-01 (120,  1)   vdiff=  4.2857E-01 (120,  4)
n=  2158   udiff=  2.9830E-01 (120,  1)   vdiff=  4.3173E-01 (120,  4)
n=  2159   udiff=  3.0056E-01 (120,  1)   vdiff=  4.3487E-01 (120,  4)
n=  2160   udiff=  3.0282E-01 (120,  1)   vdiff=  4.3800E-01 (120,  4)
n=  2161   udiff=  3.0506E-01 (120,  1)   vdiff=  4.4112E-01 (120,  4)
n=  2162   udiff=  3.0730E-01 (120,  1)   vdiff=  4.4423E-01 (120,  4)
n=  2163   udiff=  3.0954E-01 (120,  1)   vdiff=  4.4731E-01 (120,  4)
n=  2164   udiff=  3.1176E-01 (120,  1)   vdiff=  4.5039E-01 (120,  4)
n=  2165   udiff=  3.1398E-01 (120,  1)   vdiff=  4.5345E-01 (120,  4)
n=  2166   udiff=  3.1619E-01 (120,  1)   vdiff=  4.5648E-01 (120,  4)
n=  2167   udiff=  3.1838E-01 (120,  1)   vdiff=  4.5951E-01 (120,  4)
n=  2168   udiff=  3.2057E-01 (120,  1)   vdiff=  4.6251E-01 (120,  4)
n=  2169   udiff=  3.2274E-01 (120,  1)   vdiff=  4.6550E-01 (120,  3)
n=  2170   udiff=  3.2491E-01 (120,  1)   vdiff=  4.6853E-01 (120,  3)
n=  2171   udiff=  3.2706E-01 (120,  1)   vdiff=  4.7153E-01 (120,  3)
n=  2172   udiff=  3.2920E-01 (120,  1)   vdiff=  4.7452E-01 (120,  3)
n=  2173   udiff=  3.3132E-01 (120,  1)   vdiff=  4.7748E-01 (120,  3)
n=  2174   udiff=  3.3343E-01 (120,  1)   vdiff=  4.8042E-01 (120,  3)
n=  2175   udiff=  3.3553E-01 (120,  1)   vdiff=  4.8334E-01 (120,  3)
n=  2176   udiff=  3.3761E-01 (120,  1)   vdiff=  4.8623E-01 (120,  3)
n=  2177   udiff=  3.3967E-01 (120,  1)   vdiff=  4.8910E-01 (120,  3)
n=  2178   udiff=  3.4172E-01 (120,  1)   vdiff=  4.9194E-01 (120,  3)
n=  2179   udiff=  3.4375E-01 (120,  1)   vdiff=  4.9475E-01 (120,  3)
n=  2180   udiff=  3.4576E-01 (120,  1)   vdiff=  4.9753E-01 (120,  3)
n=  2181   udiff=  3.4776E-01 (120,  1)   vdiff=  5.0028E-01 (120,  3)
n=  2182   udiff=  3.4973E-01 (120,  1)   vdiff=  5.0301E-01 (120,  3)
n=  2183   udiff=  3.5168E-01 (120,  1)   vdiff=  5.0570E-01 (120,  3)
n=  2184   udiff=  3.5362E-01 (120,  1)   vdiff=  5.0836E-01 (120,  3)
n=  2185   udiff=  3.5553E-01 (120,  1)   vdiff=  5.1098E-01 (120,  3)
n=  2186   udiff=  3.5742E-01 (120,  1)   vdiff=  5.1357E-01 (120,  3)
n=  2187   udiff=  3.5929E-01 (120,  1)   vdiff=  5.1613E-01 (120,  3)
n=  2188   udiff=  3.6114E-01 (120,  1)   vdiff=  5.1865E-01 (120,  3)
n=  2189   udiff=  3.6296E-01 (120,  1)   vdiff=  5.2114E-01 (120,  3)
n=  2190   udiff=  3.6476E-01 (120,  1)   vdiff=  5.2359E-01 (120,  3)
n=  2191   udiff=  3.6653E-01 (120,  1)   vdiff=  5.2600E-01 (120,  3)
n=  2192   udiff=  3.6828E-01 (120,  1)   vdiff=  5.2837E-01 (120,  3)
n=  2193   udiff=  3.7000E-01 (120,  1)   vdiff=  5.3070E-01 (120,  3)
n=  2194   udiff=  3.7170E-01 (120,  1)   vdiff=  5.3299E-01 (120,  3)
n=  2195   udiff=  3.7337E-01 (120,  1)   vdiff=  5.3524E-01 (120,  3)
n=  2196   udiff=  3.7501E-01 (120,  1)   vdiff=  5.3744E-01 (120,  3)
n=  2197   udiff=  3.7662E-01 (120,  1)   vdiff=  5.3961E-01 (120,  3)
n=  2198   udiff=  3.7820E-01 (120,  1)   vdiff=  5.4173E-01 (120,  3)
n=  2199   udiff=  3.7976E-01 (120,  1)   vdiff=  5.4380E-01 (120,  3)
n=  2200   udiff=  3.8128E-01 (120,  1)   vdiff=  5.4583E-01 (120,  3)
n=  2201   udiff=  3.8278E-01 (120,  1)   vdiff=  5.4781E-01 (120,  3)
n=  2202   udiff=  3.8424E-01 (120,  1)   vdiff=  5.4975E-01 (120,  3)
n=  2203   udiff=  3.8567E-01 (120,  1)   vdiff=  5.5164E-01 (120,  3)
n=  2204   udiff=  3.8707E-01 (120,  1)   vdiff=  5.5348E-01 (120,  3)
n=  2205   udiff=  3.8844E-01 (120,  1)   vdiff=  5.5527E-01 (120,  3)
n=  2206   udiff=  3.8977E-01 (120,  1)   vdiff=  5.5701E-01 (120,  3)
n=  2207   udiff=  3.9107E-01 (120,  1)   vdiff=  5.5870E-01 (120,  3)
n=  2208   udiff=  3.9234E-01 (120,  1)   vdiff=  5.6034E-01 (120,  3)
n=  2209   udiff=  3.9357E-01 (120,  1)   vdiff=  5.6193E-01 (120,  3)
n=  2210   udiff=  3.9477E-01 (120,  1)   vdiff=  5.6347E-01 (120,  3)
n=  2211   udiff=  3.9593E-01 (120,  1)   vdiff=  5.6495E-01 (120,  3)
n=  2212   udiff=  3.9706E-01 (120,  1)   vdiff=  5.6638E-01 (120,  3)
n=  2213   udiff=  3.9815E-01 (120,  1)   vdiff=  5.6776E-01 (120,  3)
n=  2214   udiff=  3.9920E-01 (120,  1)   vdiff=  5.6908E-01 (120,  3)
n=  2215   udiff=  4.0022E-01 (120,  1)   vdiff=  5.7035E-01 (120,  3)
n=  2216   udiff=  4.0120E-01 (120,  1)   vdiff=  5.7156E-01 (120,  3)
n=  2217   udiff=  4.0214E-01 (120,  1)   vdiff=  5.7271E-01 (120,  3)
n=  2218   udiff=  4.0304E-01 (120,  1)   vdiff=  5.7381E-01 (120,  3)
n=  2219   udiff=  4.0390E-01 (120,  1)   vdiff=  5.7486E-01 (120,  3)
n=  2220   udiff=  4.0473E-01 (120,  1)   vdiff=  5.7584E-01 (120,  3)
n=  2221   udiff=  4.0551E-01 (120,  1)   vdiff=  5.7676E-01 (120,  3)
n=  2222   udiff=  4.0626E-01 (120,  1)   vdiff=  5.7763E-01 (120,  3)
n=  2223   udiff=  4.0697E-01 (120,  1)   vdiff=  5.7844E-01 (120,  3)
n=  2224   udiff=  4.0763E-01 (120,  1)   vdiff=  5.7919E-01 (120,  3)
n=  2225   udiff=  4.0826E-01 (120,  1)   vdiff=  5.7988E-01 (120,  3)
n=  2226   udiff=  4.0884E-01 (120,  1)   vdiff=  5.8051E-01 (120,  3)
n=  2227   udiff=  4.0938E-01 (120,  1)   vdiff=  5.8108E-01 (120,  3)
n=  2228   udiff=  4.0989E-01 (120,  1)   vdiff=  5.8158E-01 (120,  3)
n=  2229   udiff=  4.1034E-01 (120,  1)   vdiff=  5.8203E-01 (120,  3)
n=  2230   udiff=  4.1076E-01 (120,  1)   vdiff=  5.8242E-01 (120,  3)
n=  2231   udiff=  4.1114E-01 (120,  1)   vdiff=  5.8274E-01 (120,  3)
n=  2232   udiff=  4.1147E-01 (120,  1)   vdiff=  5.8300E-01 (120,  3)
n=  2233   udiff=  4.1176E-01 (120,  1)   vdiff=  5.8320E-01 (120,  3)
n=  2234   udiff=  4.1201E-01 (120,  1)   vdiff=  5.8334E-01 (120,  3)
n=  2235   udiff=  4.1221E-01 (120,  1)   vdiff=  5.8341E-01 (120,  3)
n=  2236   udiff=  4.1237E-01 (120,  1)   vdiff=  5.8342E-01 (120,  3)
n=  2237   udiff=  4.1249E-01 (120,  1)   vdiff=  5.8337E-01 (120,  3)
n=  2238   udiff=  4.1256E-01 (120,  1)   vdiff=  5.8325E-01 (120,  3)
n=  2239   udiff=  4.1259E-01 (120,  1)   vdiff=  5.8307E-01 (120,  3)
n=  2240   udiff=  4.1258E-01 (120,  1)   vdiff=  5.8283E-01 (120,  3)
n=  2241   udiff=  4.1252E-01 (120,  1)   vdiff=  5.8252E-01 (120,  3)
n=  2242   udiff=  4.1242E-01 (120,  1)   vdiff=  5.8215E-01 (120,  3)
n=  2243   udiff=  4.1227E-01 (120,  1)   vdiff=  5.8172E-01 (120,  3)
n=  2244   udiff=  4.1208E-01 (120,  1)   vdiff=  5.8122E-01 (120,  3)
n=  2245   udiff=  4.1184E-01 (120,  1)   vdiff=  5.8065E-01 (120,  3)
n=  2246   udiff=  4.1156E-01 (120,  1)   vdiff=  5.8003E-01 (120,  3)
n=  2247   udiff=  4.1124E-01 (120,  1)   vdiff=  5.7934E-01 (120,  3)
n=  2248   udiff=  4.1087E-01 (120,  1)   vdiff=  5.7858E-01 (120,  3)
n=  2249   udiff=  4.1046E-01 (120,  1)   vdiff=  5.7776E-01 (120,  3)
n=  2250   udiff=  4.1000E-01 (120,  1)   vdiff=  5.7688E-01 (120,  3)
n=  2251   udiff=  4.0950E-01 (120,  1)   vdiff=  5.7593E-01 (120,  3)
n=  2252   udiff=  4.0895E-01 (120,  1)   vdiff=  5.7492E-01 (120,  3)
n=  2253   udiff=  4.0836E-01 (120,  1)   vdiff=  5.7384E-01 (120,  3)
n=  2254   udiff=  4.0772E-01 (120,  1)   vdiff=  5.7270E-01 (120,  3)
n=  2255   udiff=  4.0704E-01 (120,  1)   vdiff=  5.7150E-01 (120,  3)
n=  2256   udiff=  4.0632E-01 (120,  1)   vdiff=  5.7023E-01 (120,  3)
n=  2257   udiff=  4.0555E-01 (120,  1)   vdiff=  5.6890E-01 (120,  3)
n=  2258   udiff=  4.0474E-01 (120,  1)   vdiff=  5.6751E-01 (120,  3)
n=  2259   udiff=  4.0388E-01 (120,  1)   vdiff=  5.6606E-01 (120,  3)
n=  2260   udiff=  4.0298E-01 (120,  1)   vdiff=  5.6454E-01 (120,  3)
n=  2261   udiff=  4.0204E-01 (120,  1)   vdiff=  5.6296E-01 (120,  3)
n=  2262   udiff=  4.0105E-01 (120,  1)   vdiff=  5.6132E-01 (120,  3)
n=  2263   udiff=  4.0002E-01 (120,  1)   vdiff=  5.5962E-01 (120,  3)
n=  2264   udiff=  3.9895E-01 (120,  1)   vdiff=  5.5785E-01 (120,  3)
n=  2265   udiff=  3.9784E-01 (120,  1)   vdiff=  5.5603E-01 (120,  3)
n=  2266   udiff=  3.9668E-01 (120,  1)   vdiff=  5.5415E-01 (120,  3)
n=  2267   udiff=  3.9548E-01 (120,  1)   vdiff=  5.5220E-01 (120,  3)
n=  2268   udiff=  3.9424E-01 (120,  1)   vdiff=  5.5020E-01 (120,  3)
n=  2269   udiff=  3.9296E-01 (120,  1)   vdiff=  5.4814E-01 (120,  3)
n=  2270   udiff=  3.9163E-01 (120,  1)   vdiff=  5.4602E-01 (120,  3)
n=  2271   udiff=  3.9027E-01 (120,  1)   vdiff=  5.4384E-01 (120,  3)
n=  2272   udiff=  3.8886E-01 (120,  1)   vdiff=  5.4161E-01 (120,  3)
n=  2273   udiff=  3.8742E-01 (120,  1)   vdiff=  5.3931E-01 (120,  3)
n=  2274   udiff=  3.8593E-01 (120,  1)   vdiff=  5.3697E-01 (120,  3)
n=  2275   udiff=  3.8441E-01 (120,  1)   vdiff=  5.3456E-01 (120,  3)
n=  2276   udiff=  3.8284E-01 (120,  1)   vdiff=  5.3211E-01 (120,  3)
n=  2277   udiff=  3.8124E-01 (120,  1)   vdiff=  5.2960E-01 (120,  3)
n=  2278   udiff=  3.7960E-01 (120,  1)   vdiff=  5.2703E-01 (120,  3)
n=  2279   udiff=  3.7792E-01 (120,  1)   vdiff=  5.2441E-01 (120,  3)
n=  2280   udiff=  3.7620E-01 (120,  1)   vdiff=  5.2175E-01 (120,  3)
n=  2281   udiff=  3.7445E-01 (120,  1)   vdiff=  5.1903E-01 (120,  3)
n=  2282   udiff=  3.7266E-01 (120,  1)   vdiff=  5.1626E-01 (120,  3)
n=  2283   udiff=  3.7084E-01 (120,  1)   vdiff=  5.1344E-01 (120,  3)
n=  2284   udiff=  3.6898E-01 (120,  1)   vdiff=  5.1057E-01 (120,  3)
n=  2285   udiff=  3.6709E-01 (120,  1)   vdiff=  5.0765E-01 (120,  3)
n=  2286   udiff=  3.6516E-01 (120,  1)   vdiff=  5.0469E-01 (120,  3)
n=  2287   udiff=  3.6320E-01 (120,  1)   vdiff=  5.0168E-01 (120,  3)
n=  2288   udiff=  3.6120E-01 (120,  1)   vdiff=  4.9863E-01 (120,  3)
n=  2289   udiff=  3.5918E-01 (120,  1)   vdiff=  4.9553E-01 (120,  3)
n=  2290   udiff=  3.5712E-01 (120,  1)   vdiff=  4.9239E-01 (120,  3)
n=  2291   udiff=  3.5503E-01 (120,  1)   vdiff=  4.8921E-01 (120,  3)
n=  2292   udiff=  3.5291E-01 (120,  1)   vdiff=  4.8599E-01 (120,  3)
n=  2293   udiff=  3.5076E-01 (120,  1)   vdiff=  4.8272E-01 (120,  3)
n=  2294   udiff=  3.4858E-01 (120,  1)   vdiff=  4.7942E-01 (120,  3)
n=  2295   udiff=  3.4637E-01 (120,  1)   vdiff=  4.7608E-01 (120,  3)
n=  2296   udiff=  3.4414E-01 (120,  1)   vdiff=  4.7270E-01 (120,  3)
n=  2297   udiff=  3.4188E-01 (120,  1)   vdiff=  4.6929E-01 (120,  3)
n=  2298   udiff=  3.3959E-01 (120,  1)   vdiff=  4.6584E-01 (120,  3)
n=  2299   udiff=  3.3728E-01 (120,  1)   vdiff=  4.6236E-01 (120,  3)
n=  2300   udiff=  3.3494E-01 (120,  1)   vdiff=  4.5885E-01 (120,  3)
n=  2301   udiff=  3.3258E-01 (120,  1)   vdiff=  4.5530E-01 (120,  3)
n=  2302   udiff=  3.3019E-01 (120,  1)   vdiff=  4.5172E-01 (120,  3)
n=  2303   udiff=  3.2779E-01 (120,  1)   vdiff=  4.4812E-01 (120,  3)
n=  2304   udiff=  3.2536E-01 (120,  1)   vdiff=  4.4449E-01 (120,  3)
n=  2305   udiff=  3.2291E-01 (120,  1)   vdiff=  4.4083E-01 (120,  3)
n=  2306   udiff=  3.2043E-01 (120,  1)   vdiff=  4.3714E-01 (120,  3)
n=  2307   udiff=  3.1794E-01 (120,  1)   vdiff=  4.3343E-01 (120,  3)
n=  2308   udiff=  3.1543E-01 (120,  1)   vdiff=  4.2970E-01 (120,  3)
n=  2309   udiff=  3.1291E-01 (120,  1)   vdiff=  4.2594E-01 (120,  3)
n=  2310   udiff=  3.1036E-01 (120,  1)   vdiff=  4.2217E-01 (120,  3)
n=  2311   udiff=  3.0780E-01 (120,  1)   vdiff=  4.1837E-01 (120,  3)
n=  2312   udiff=  3.0523E-01 (120,  1)   vdiff=  4.1456E-01 (120,  3)
n=  2313   udiff=  3.0264E-01 (120,  1)   vdiff=  4.1073E-01 (120,  3)
n=  2314   udiff=  3.0003E-01 (120,  1)   vdiff=  4.0688E-01 (120,  3)
n=  2315   udiff=  2.9742E-01 (120,  1)   vdiff=  4.0302E-01 (120,  3)
n=  2316   udiff=  2.9479E-01 (120,  1)   vdiff=  3.9915E-01 (120,  3)
n=  2317   udiff=  2.9214E-01 (120,  1)   vdiff=  3.9526E-01 (120,  3)
n=  2318   udiff=  2.8949E-01 (120,  1)   vdiff=  3.9136E-01 (120,  3)
n=  2319   udiff=  2.8683E-01 (120,  1)   vdiff=  3.8745E-01 (120,  3)
n=  2320   udiff=  2.8416E-01 (120,  1)   vdiff=  3.8354E-01 (120,  3)
n=  2321   udiff=  2.8148E-01 (120,  1)   vdiff=  3.7961E-01 (120,  3)
n=  2322   udiff=  2.7880E-01 (120,  1)   vdiff=  3.7568E-01 (120,  3)
n=  2323   udiff=  2.7611E-01 (120,  1)   vdiff=  3.7175E-01 (120,  3)
n=  2324   udiff=  2.7341E-01 (120,  1)   vdiff=  3.6781E-01 (120,  3)
n=  2325   udiff=  2.7071E-01 (120,  1)   vdiff=  3.6387E-01 (120,  3)
n=  2326   udiff=  2.6800E-01 (120,  1)   vdiff=  3.5992E-01 (120,  3)
n=  2327   udiff=  2.6529E-01 (120,  1)   vdiff=  3.5598E-01 (120,  3)
n=  2328   udiff=  2.6258E-01 (120,  1)   vdiff=  3.5204E-01 (120,  3)
n=  2329   udiff=  2.5986E-01 (120,  1)   vdiff=  3.4810E-01 (120,  3)
n=  2330   udiff=  2.5715E-01 (120,  1)   vdiff=  3.4416E-01 (120,  3)
n=  2331   udiff=  2.5443E-01 (120,  1)   vdiff=  3.4023E-01 (120,  3)
n=  2332   udiff=  2.5172E-01 (120,  1)   vdiff=  3.3630E-01 (120,  3)
n=  2333   udiff=  2.4901E-01 (120,  1)   vdiff=  3.3238E-01 (120,  3)
n=  2334   udiff=  2.4630E-01 (120,  1)   vdiff=  3.2847E-01 (120,  3)
n=  2335   udiff=  2.4359E-01 (120,  1)   vdiff=  3.2457E-01 (120,  3)
n=  2336   udiff=  2.4089E-01 (120,  1)   vdiff=  3.2068E-01 (120,  3)
n=  2337   udiff=  2.3819E-01 (120,  1)   vdiff=  3.1680E-01 (120,  3)
n=  2338   udiff=  2.3550E-01 (120,  1)   vdiff=  3.1293E-01 (120,  3)
n=  2339   udiff=  2.3281E-01 (120,  1)   vdiff=  3.0907E-01 (120,  3)
n=  2340   udiff=  2.3013E-01 (120,  1)   vdiff=  3.0523E-01 (120,  3)
n=  2341   udiff=  2.2746E-01 (120,  1)   vdiff=  3.0141E-01 (120,  3)
n=  2342   udiff=  2.2479E-01 (120,  1)   vdiff=  2.9760E-01 (120,  3)
n=  2343   udiff=  2.2214E-01 (120,  1)   vdiff=  2.9381E-01 (120,  3)
n=  2344   udiff=  2.1949E-01 (120,  1)   vdiff=  2.9004E-01 (120,  3)
n=  2345   udiff=  2.1686E-01 (120,  1)   vdiff=  2.8628E-01 (120,  3)
n=  2346   udiff=  2.1424E-01 (120,  1)   vdiff=  2.8255E-01 (120,  3)
n=  2347   udiff=  2.1163E-01 (120,  1)   vdiff=  2.7884E-01 (120,  3)
n=  2348   udiff=  2.0903E-01 (120,  1)   vdiff=  2.7515E-01 (120,  3)
n=  2349   udiff=  2.0644E-01 (120,  1)   vdiff=  2.7149E-01 (120,  3)
n=  2350   udiff=  2.0387E-01 (120,  1)   vdiff=  2.6785E-01 (120,  3)
n=  2351   udiff=  2.0131E-01 (120,  1)   vdiff=  2.6423E-01 (120,  3)
n=  2352   udiff=  1.9877E-01 (120,  1)   vdiff=  2.6064E-01 (120,  3)
n=  2353   udiff=  1.9624E-01 (120,  1)   vdiff=  2.5708E-01 (120,  3)
n=  2354   udiff=  1.9373E-01 (120,  1)   vdiff=  2.5354E-01 (120,  3)
n=  2355   udiff=  1.9124E-01 (120,  1)   vdiff=  2.5004E-01 (120,  3)
n=  2356   udiff=  1.8876E-01 (120,  1)   vdiff=  2.4656E-01 (120,  3)
n=  2357   udiff=  1.8630E-01 (120,  1)   vdiff=  2.4311E-01 (120,  3)
n=  2358   udiff=  1.8386E-01 (120,  1)   vdiff=  2.3970E-01 (120,  3)
n=  2359   udiff=  1.8144E-01 (120,  1)   vdiff=  2.3631E-01 (120,  3)
n=  2360   udiff=  1.7904E-01 (120,  1)   vdiff=  2.3296E-01 (120,  3)
n=  2361   udiff=  1.7666E-01 (120,  1)   vdiff=  2.2964E-01 (120,  3)
n=  2362   udiff=  1.7429E-01 (120,  1)   vdiff=  2.2636E-01 (120,  3)
n=  2363   udiff=  1.7196E-01 (120,  1)   vdiff=  2.2311E-01 (120,  3)
n=  2364   udiff=  1.6964E-01 (120,  1)   vdiff=  2.1989E-01 (120,  3)
n=  2365   udiff=  1.6734E-01 (120,  1)   vdiff=  2.1671E-01 (120,  3)
n=  2366   udiff=  1.6507E-01 (120,  1)   vdiff=  2.1357E-01 (120,  3)
n=  2367   udiff=  1.6282E-01 (120,  1)   vdiff=  2.1046E-01 (120,  3)
n=  2368   udiff=  1.6059E-01 (120,  1)   vdiff=  2.0739E-01 (120,  3)
n=  2369   udiff=  1.5839E-01 (120,  1)   vdiff=  2.0436E-01 (120,  3)
n=  2370   udiff=  1.5621E-01 (120,  1)   vdiff=  2.0136E-01 (120,  3)
n=  2371   udiff=  1.5405E-01 (120,  1)   vdiff=  1.9841E-01 (120,  3)
n=  2372   udiff=  1.5192E-01 (120,  1)   vdiff=  1.9550E-01 (120,  3)
n=  2373   udiff=  1.4982E-01 (120,  1)   vdiff=  1.9262E-01 (120,  3)
n=  2374   udiff=  1.4774E-01 (120,  1)   vdiff=  1.8979E-01 (120,  3)
n=  2375   udiff=  1.4569E-01 (120,  1)   vdiff=  1.8699E-01 (120,  3)
n=  2376   udiff=  1.4366E-01 (120,  1)   vdiff=  1.8424E-01 (120,  3)
n=  2377   udiff=  1.4166E-01 (120,  1)   vdiff=  1.8153E-01 (120,  3)
n=  2378   udiff=  1.3968E-01 (120,  1)   vdiff=  1.7886E-01 (120,  3)
n=  2379   udiff=  1.3774E-01 (120,  1)   vdiff=  1.7623E-01 (120,  3)
n=  2380   udiff=  1.3582E-01 (120,  1)   vdiff=  1.7365E-01 (120,  3)
n=  2381   udiff=  1.3393E-01 (120,  1)   vdiff=  1.7110E-01 (120,  3)
n=  2382   udiff=  1.3206E-01 (120,  1)   vdiff=  1.6860E-01 (120,  3)
n=  2383   udiff=  1.3023E-01 (120,  1)   vdiff=  1.6615E-01 (120,  3)
n=  2384   udiff=  1.2842E-01 (120,  1)   vdiff=  1.6374E-01 (120,  3)
n=  2385   udiff=  1.2664E-01 (120,  1)   vdiff=  1.6137E-01 (120,  3)
n=  2386   udiff=  1.2489E-01 (120,  1)   vdiff=  1.5904E-01 (120,  3)
n=  2387   udiff=  1.2317E-01 (120,  1)   vdiff=  1.5676E-01 (120,  3)
n=  2388   udiff=  1.2147E-01 (120,  1)   vdiff=  1.5452E-01 (120,  3)
n=  2389   udiff=  1.1981E-01 (120,  1)   vdiff=  1.5233E-01 (120,  3)
n=  2390   udiff=  1.1817E-01 (120,  1)   vdiff=  1.5018E-01 (120,  3)
n=  2391   udiff=  1.1657E-01 (120,  1)   vdiff=  1.4807E-01 (120,  3)
n=  2392   udiff=  1.1499E-01 (120,  1)   vdiff=  1.4601E-01 (120,  3)
n=  2393   udiff=  1.1344E-01 (120,  1)   vdiff=  1.4399E-01 (120,  3)
n=  2394   udiff=  1.1192E-01 (120,  1)   vdiff=  1.4202E-01 (120,  3)
n=  2395   udiff=  1.1043E-01 (120,  1)   vdiff=  1.4009E-01 (120,  3)
n=  2396   udiff=  1.0897E-01 (120,  1)   vdiff=  1.3820E-01 (120,  3)
n=  2397   udiff=  1.0754E-01 (120,  1)   vdiff=  1.3636E-01 (120,  3)
n=  2398   udiff=  1.0614E-01 (120,  1)   vdiff=  1.3456E-01 (120,  3)
n=  2399   udiff=  1.0477E-01 (120,  1)   vdiff=  1.3281E-01 (120,  3)
n=  2400   udiff=  1.0342E-01 (120,  1)   vdiff=  1.3110E-01 (120,  3)
n=  2401   udiff=  1.0211E-01 (120,  1)   vdiff=  1.2943E-01 (120,  3)
n=  2402   udiff=  1.0082E-01 (120,  1)   vdiff=  1.2781E-01 (120,  3)
n=  2403   udiff=  9.9567E-02 (120,  1)   vdiff=  1.2623E-01 (120,  3)
n=  2404   udiff=  9.8340E-02 (120,  1)   vdiff=  1.2469E-01 (120,  3)
n=  2405   udiff=  9.7141E-02 (120,  1)   vdiff=  1.2319E-01 (120,  3)
n=  2406   udiff=  9.5970E-02 (120,  1)   vdiff=  1.2174E-01 (120,  3)
n=  2407   udiff=  9.4829E-02 (120,  1)   vdiff=  1.2033E-01 (120,  3)
n=  2408   udiff=  9.3715E-02 (120,  1)   vdiff=  1.1895E-01 (120,  3)
n=  2409   udiff=  9.2630E-02 (120,  1)   vdiff=  1.1763E-01 (120,  3)
n=  2410   udiff=  9.1572E-02 (120,  1)   vdiff=  1.1634E-01 (120,  3)
n=  2411   udiff=  9.0542E-02 (120,  1)   vdiff=  1.1509E-01 (120,  3)
n=  2412   udiff=  8.9540E-02 (120,  1)   vdiff=  1.1388E-01 (120,  3)
n=  2413   udiff=  8.8565E-02 (120,  1)   vdiff=  1.1271E-01 (120,  3)
n=  2414   udiff=  8.7617E-02 (120,  1)   vdiff=  1.1158E-01 (120,  3)
n=  2415   udiff=  8.6696E-02 (120,  1)   vdiff=  1.1071E-01 (120,  6)
n=  2416   udiff=  8.5801E-02 (120,  1)   vdiff=  1.1005E-01 (120,  6)
n=  2417   udiff=  8.4933E-02 (120,  1)   vdiff=  1.0941E-01 (120,  6)
n=  2418   udiff=  8.4090E-02 (120,  1)   vdiff=  1.0879E-01 (120,  6)
n=  2419   udiff=  8.3274E-02 (120,  1)   vdiff=  1.0819E-01 (120,  6)
n=  2420   udiff=  8.2483E-02 (120,  1)   vdiff=  1.0762E-01 (120,  6)
n=  2421   udiff=  8.1717E-02 (120,  1)   vdiff=  1.0706E-01 (120,  6)
n=  2422   udiff=  8.0976E-02 (120,  1)   vdiff=  1.0652E-01 (120,  6)
n=  2423   udiff=  8.0259E-02 (120,  1)   vdiff=  1.0601E-01 (120,  6)
n=  2424   udiff=  7.9567E-02 (120,  1)   vdiff=  1.0551E-01 (120,  6)
n=  2425   udiff=  7.8898E-02 (120,  1)   vdiff=  1.0503E-01 (120,  6)
n=  2426   udiff=  7.8253E-02 (120,  1)   vdiff=  1.0456E-01 (120,  6)
n=  2427   udiff=  7.7630E-02 (120,  1)   vdiff=  1.0412E-01 (120,  6)
n=  2428   udiff=  7.7031E-02 (120,  1)   vdiff=  1.0369E-01 (120,  6)
n=  2429   udiff=  7.6453E-02 (120,  1)   vdiff=  1.0328E-01 (120,  6)
n=  2430   udiff=  7.5898E-02 (120,  1)   vdiff=  1.0288E-01 (120,  6)
n=  2431   udiff=  7.5365E-02 (120,  1)   vdiff=  1.0250E-01 (120,  6)
n=  2432   udiff=  7.4852E-02 (120,  1)   vdiff=  1.0214E-01 (120,  6)
n=  2433   udiff=  7.4360E-02 (120,  1)   vdiff=  1.0179E-01 (120,  6)
n=  2434   udiff=  7.3889E-02 (120,  1)   vdiff=  1.0145E-01 (120,  6)
n=  2435   udiff=  7.3437E-02 (120,  1)   vdiff=  1.0113E-01 (120,  6)
n=  2436   udiff=  7.3005E-02 (120,  1)   vdiff=  1.0083E-01 (120,  6)
n=  2437   udiff=  7.2592E-02 (120,  1)   vdiff=  1.0053E-01 (120,  6)
n=  2438   udiff=  7.2197E-02 (120,  1)   vdiff=  1.0025E-01 (120,  6)
n=  2439   udiff=  7.1821E-02 (120,  1)   vdiff=  9.9986E-02 (120,  6)
n=  2440   udiff=  7.1463E-02 (120,  1)   vdiff=  9.9730E-02 (120,  6)
n=  2441   udiff=  7.1122E-02 (120,  1)   vdiff=  9.9485E-02 (120,  6)
n=  2442   udiff=  7.0798E-02 (120,  1)   vdiff=  9.9252E-02 (120,  6)
n=  2443   udiff=  7.0490E-02 (120,  1)   vdiff=  9.9029E-02 (120,  6)
n=  2444   udiff=  7.0198E-02 (120,  1)   vdiff=  9.8818E-02 (120,  6)
n=  2445   udiff=  6.9922E-02 (120,  1)   vdiff=  9.8616E-02 (120,  6)
n=  2446   udiff=  6.9660E-02 (120,  1)   vdiff=  9.8423E-02 (120,  6)
n=  2447   udiff=  6.9414E-02 (120,  1)   vdiff=  9.8240E-02 (120,  6)
n=  2448   udiff=  6.9181E-02 (120,  1)   vdiff=  9.8065E-02 (120,  6)
n=  2449   udiff=  6.8962E-02 (120,  1)   vdiff=  9.7897E-02 (120,  6)
n=  2450   udiff=  6.8757E-02 (120,  1)   vdiff=  9.7738E-02 (120,  6)
n=  2451   udiff=  6.8564E-02 (120,  1)   vdiff=  9.7585E-02 (120,  6)
n=  2452   udiff=  6.8384E-02 (120,  1)   vdiff=  9.7440E-02 (120,  6)
n=  2453   udiff=  6.8216E-02 (120,  1)   vdiff=  9.7302E-02 (120,  6)
n=  2454   udiff=  6.8059E-02 (120,  1)   vdiff=  9.7169E-02 (120,  6)
n=  2455   udiff=  6.7913E-02 (120,  1)   vdiff=  9.7042E-02 (120,  6)
n=  2456   udiff=  6.7777E-02 (120,  1)   vdiff=  9.6920E-02 (120,  6)
n=  2457   udiff=  6.7652E-02 (120,  1)   vdiff=  9.6802E-02 (120,  6)
n=  2458   udiff=  6.7536E-02 (120,  1)   vdiff=  9.6690E-02 (120,  6)
n=  2459   udiff=  6.7429E-02 (120,  1)   vdiff=  9.6580E-02 (120,  6)
n=  2460   udiff=  6.7331E-02 (120,  1)   vdiff=  9.6474E-02 (120,  6)
n=  2461   udiff=  6.7242E-02 (120,  1)   vdiff=  9.6372E-02 (120,  6)
n=  2462   udiff=  6.7160E-02 (120,  1)   vdiff=  9.6273E-02 (120,  6)
n=  2463   udiff=  6.7086E-02 (120,  1)   vdiff=  9.6176E-02 (120,  6)
n=  2464   udiff=  6.7019E-02 (120,  1)   vdiff=  9.6081E-02 (120,  6)
n=  2465   udiff=  6.6958E-02 (120,  1)   vdiff=  9.5988E-02 (120,  6)
n=  2466   udiff=  6.6904E-02 (120,  1)   vdiff=  9.5897E-02 (120,  6)
n=  2467   udiff=  6.6855E-02 (120,  1)   vdiff=  9.5806E-02 (120,  6)
n=  2468   udiff=  6.6811E-02 (120,  1)   vdiff=  9.5716E-02 (120,  6)
n=  2469   udiff=  6.6773E-02 (120,  1)   vdiff=  9.5627E-02 (120,  6)
n=  2470   udiff=  6.6739E-02 (120,  1)   vdiff=  9.5537E-02 (120,  6)
n=  2471   udiff=  6.6710E-02 (120,  1)   vdiff=  9.5447E-02 (120,  6)
n=  2472   udiff=  6.6683E-02 (120,  1)   vdiff=  9.5357E-02 (120,  6)
n=  2473   udiff=  6.6661E-02 (120,  1)   vdiff=  9.5266E-02 (120,  6)
n=  2474   udiff=  6.6641E-02 (120,  1)   vdiff=  9.5247E-02 (120,  4)
n=  2475   udiff=  6.6624E-02 (120,  1)   vdiff=  9.5397E-02 (120,  4)
n=  2476   udiff=  6.6609E-02 (120,  1)   vdiff=  9.5544E-02 (120,  4)
n=  2477   udiff=  6.6596E-02 (120,  1)   vdiff=  9.5688E-02 (120,  4)
n=  2478   udiff=  6.6585E-02 (120,  1)   vdiff=  9.5830E-02 (120,  4)
n=  2479   udiff=  6.6575E-02 (120,  1)   vdiff=  9.5967E-02 (120,  4)
n=  2480   udiff=  6.6566E-02 (120,  1)   vdiff=  9.6099E-02 (120,  4)
n=  2481   udiff=  6.6557E-02 (120,  1)   vdiff=  9.6227E-02 (120,  4)
n=  2482   udiff=  6.6549E-02 (120,  1)   vdiff=  9.6350E-02 (120,  4)
n=  2483   udiff=  6.6540E-02 (120,  1)   vdiff=  9.6466E-02 (120,  4)
n=  2484   udiff=  6.6531E-02 (120,  1)   vdiff=  9.6577E-02 (120,  4)
n=  2485   udiff=  6.6521E-02 (120,  1)   vdiff=  9.6681E-02 (120,  4)
n=  2486   udiff=  6.6510E-02 (120,  1)   vdiff=  9.6777E-02 (120,  4)
n=  2487   udiff=  6.6498E-02 (120,  1)   vdiff=  9.6868E-02 (120,  4)
n=  2488   udiff=  6.6485E-02 (120,  1)   vdiff=  9.6950E-02 (120,  4)
n=  2489   udiff=  6.6469E-02 (120,  1)   vdiff=  9.7024E-02 (120,  4)
n=  2490   udiff=  6.6451E-02 (120,  1)   vdiff=  9.7091E-02 (120,  4)
n=  2491   udiff=  6.6432E-02 (120,  1)   vdiff=  9.7148E-02 (120,  4)
n=  2492   udiff=  6.6409E-02 (120,  1)   vdiff=  9.7197E-02 (120,  4)
n=  2493   udiff=  6.6383E-02 (120,  1)   vdiff=  9.7237E-02 (120,  4)
n=  2494   udiff=  6.6355E-02 (120,  1)   vdiff=  9.7267E-02 (120,  4)
n=  2495   udiff=  6.6323E-02 (120,  1)   vdiff=  9.7287E-02 (120,  4)
n=  2496   udiff=  6.6288E-02 (120,  1)   vdiff=  9.7298E-02 (120,  4)
n=  2497   udiff=  6.6249E-02 (120,  1)   vdiff=  9.7299E-02 (120,  4)
n=  2498   udiff=  6.6206E-02 (120,  1)   vdiff=  9.7289E-02 (120,  4)
n=  2499   udiff=  6.6159E-02 (120,  1)   vdiff=  9.7269E-02 (120,  4)
n=  2500   udiff=  6.6107E-02 (120,  1)   vdiff=  9.7238E-02 (120,  4)
n=  2501   udiff=  6.6052E-02 (120,  1)   vdiff=  9.7197E-02 (120,  4)
n=  2502   udiff=  6.5991E-02 (120,  1)   vdiff=  9.7144E-02 (120,  4)
n=  2503   udiff=  6.5926E-02 (120,  1)   vdiff=  9.7081E-02 (120,  4)
n=  2504   udiff=  6.5856E-02 (120,  1)   vdiff=  9.7006E-02 (120,  4)
n=  2505   udiff=  6.5781E-02 (120,  1)   vdiff=  9.6920E-02 (120,  4)
n=  2506   udiff=  6.5700E-02 (120,  1)   vdiff=  9.6822E-02 (120,  4)
n=  2507   udiff=  6.5615E-02 (120,  1)   vdiff=  9.6714E-02 (120,  4)
n=  2508   udiff=  6.5524E-02 (120,  1)   vdiff=  9.6593E-02 (120,  4)
n=  2509   udiff=  6.5427E-02 (120,  1)   vdiff=  9.6461E-02 (120,  4)
n=  2510   udiff=  6.5325E-02 (120,  1)   vdiff=  9.6316E-02 (120,  4)
n=  2511   udiff=  6.5217E-02 (120,  1)   vdiff=  9.6160E-02 (120,  4)
n=  2512   udiff=  6.5103E-02 (120,  1)   vdiff=  9.5992E-02 (120,  4)
n=  2513   udiff=  6.4983E-02 (120,  1)   vdiff=  9.5813E-02 (120,  4)
n=  2514   udiff=  6.4858E-02 (120,  1)   vdiff=  9.5621E-02 (120,  4)
n=  2515   udiff=  6.4726E-02 (120,  1)   vdiff=  9.5418E-02 (120,  4)
n=  2516   udiff=  6.4589E-02 (120,  1)   vdiff=  9.5204E-02 (120,  4)
n=  2517   udiff=  6.4445E-02 (120,  1)   vdiff=  9.4977E-02 (120,  4)
n=  2518   udiff=  6.4296E-02 (120,  1)   vdiff=  9.4739E-02 (120,  4)
n=  2519   udiff=  6.4140E-02 (120,  1)   vdiff=  9.4490E-02 (120,  4)
n=  2520   udiff=  6.3978E-02 (120,  1)   vdiff=  9.4228E-02 (120,  4)
n=  2521   udiff=  6.3810E-02 (120,  1)   vdiff=  9.3956E-02 (120,  4)
n=  2522   udiff=  6.3636E-02 (120,  1)   vdiff=  9.3671E-02 (120,  4)
n=  2523   udiff=  6.3455E-02 (120,  1)   vdiff=  9.3376E-02 (120,  4)
n=  2524   udiff=  6.3269E-02 (120,  1)   vdiff=  9.3070E-02 (120,  4)
n=  2525   udiff=  6.3076E-02 (120,  1)   vdiff=  9.2753E-02 (120,  4)
n=  2526   udiff=  6.2878E-02 (120,  1)   vdiff=  9.2425E-02 (120,  4)
n=  2527   udiff=  6.2673E-02 (120,  1)   vdiff=  9.2085E-02 (120,  4)
n=  2528   udiff=  6.2462E-02 (120,  1)   vdiff=  9.1736E-02 (120,  4)
n=  2529   udiff=  6.2246E-02 (120,  1)   vdiff=  9.1376E-02 (120,  4)
n=  2530   udiff=  6.2023E-02 (120,  1)   vdiff=  9.1006E-02 (120,  4)
n=  2531   udiff=  6.1794E-02 (120,  1)   vdiff=  9.0626E-02 (120,  4)
n=  2532   udiff=  6.1560E-02 (120,  1)   vdiff=  9.0236E-02 (120,  4)
n=  2533   udiff=  6.1320E-02 (120,  1)   vdiff=  8.9837E-02 (120,  4)
n=  2534   udiff=  6.1075E-02 (120,  1)   vdiff=  8.9427E-02 (120,  4)
n=  2535   udiff=  6.0824E-02 (120,  1)   vdiff=  8.9009E-02 (120,  4)
n=  2536   udiff=  6.0567E-02 (120,  1)   vdiff=  8.8582E-02 (120,  4)
n=  2537   udiff=  6.0305E-02 (120,  1)   vdiff=  8.8146E-02 (120,  4)
n=  2538   udiff=  6.0038E-02 (120,  1)   vdiff=  8.7701E-02 (120,  4)
n=  2539   udiff=  5.9766E-02 (120,  1)   vdiff=  8.7248E-02 (120,  4)
n=  2540   udiff=  5.9488E-02 (120,  1)   vdiff=  8.6788E-02 (120,  4)
n=  2541   udiff=  5.9206E-02 (120,  1)   vdiff=  8.6319E-02 (120,  4)
n=  2542   udiff=  5.8919E-02 (120,  1)   vdiff=  8.5843E-02 (120,  4)
n=  2543   udiff=  5.8627E-02 (120,  1)   vdiff=  8.5359E-02 (120,  4)
n=  2544   udiff=  5.8331E-02 (120,  1)   vdiff=  8.4868E-02 (120,  4)
n=  2545   udiff=  5.8030E-02 (120,  1)   vdiff=  8.4371E-02 (120,  4)
n=  2546   udiff=  5.7724E-02 (120,  1)   vdiff=  8.3867E-02 (120,  4)
n=  2547   udiff=  5.7415E-02 (120,  1)   vdiff=  8.3357E-02 (120,  4)
n=  2548   udiff=  5.7102E-02 (120,  1)   vdiff=  8.2841E-02 (120,  4)
n=  2549   udiff=  5.6785E-02 (120,  1)   vdiff=  8.2319E-02 (120,  4)
n=  2550   udiff=  5.6464E-02 (120,  1)   vdiff=  8.1793E-02 (120,  4)
n=  2551   udiff=  5.6139E-02 (120,  1)   vdiff=  8.1261E-02 (120,  4)
n=  2552   udiff=  5.5812E-02 (120,  1)   vdiff=  8.0725E-02 (120,  4)
n=  2553   udiff=  5.5480E-02 (120,  1)   vdiff=  8.0183E-02 (120,  4)
n=  2554   udiff=  5.5146E-02 (120,  1)   vdiff=  7.9639E-02 (120,  4)
n=  2555   udiff=  5.4809E-02 (120,  1)   vdiff=  7.9090E-02 (120,  4)
n=  2556   udiff=  5.4468E-02 (120,  1)   vdiff=  7.8537E-02 (120,  4)
n=  2557   udiff=  5.4126E-02 (120,  1)   vdiff=  7.7981E-02 (120,  4)
n=  2558   udiff=  5.3781E-02 (120,  1)   vdiff=  7.7423E-02 (120,  4)
n=  2559   udiff=  5.3433E-02 (120,  1)   vdiff=  7.6862E-02 (120,  4)
n=  2560   udiff=  5.3084E-02 (120,  1)   vdiff=  7.6298E-02 (120,  4)
n=  2561   udiff=  5.2732E-02 (120,  1)   vdiff=  7.5733E-02 (120,  4)
n=  2562   udiff=  5.2379E-02 (120,  1)   vdiff=  7.5165E-02 (120,  4)
n=  2563   udiff=  5.2024E-02 (120,  1)   vdiff=  7.4596E-02 (120,  4)
n=  2564   udiff=  5.1667E-02 (120,  1)   vdiff=  7.4026E-02 (120,  4)
n=  2565   udiff=  5.1310E-02 (120,  1)   vdiff=  7.3455E-02 (120,  4)
n=  2566   udiff=  5.0951E-02 (120,  1)   vdiff=  7.2884E-02 (120,  4)
n=  2567   udiff=  5.0591E-02 (120,  1)   vdiff=  7.2312E-02 (120,  4)
n=  2568   udiff=  5.0231E-02 (120,  1)   vdiff=  7.1741E-02 (120,  4)
n=  2569   udiff=  4.9870E-02 (120,  1)   vdiff=  7.1169E-02 (120,  4)
n=  2570   udiff=  4.9508E-02 (120,  1)   vdiff=  7.0599E-02 (120,  4)
n=  2571   udiff=  4.9146E-02 (120,  1)   vdiff=  7.0030E-02 (120,  4)
n=  2572   udiff=  4.8784E-02 (120,  1)   vdiff=  6.9461E-02 (120,  4)
n=  2573   udiff=  4.8422E-02 (120,  1)   vdiff=  6.8894E-02 (120,  4)
n=  2574   udiff=  4.8060E-02 (120,  1)   vdiff=  6.8329E-02 (120,  4)
n=  2575   udiff=  4.7699E-02 (120,  1)   vdiff=  6.7765E-02 (120,  4)
n=  2576   udiff=  4.7338E-02 (120,  1)   vdiff=  6.7204E-02 (120,  4)
n=  2577   udiff=  4.6978E-02 (120,  1)   vdiff=  6.6645E-02 (120,  4)
n=  2578   udiff=  4.6618E-02 (120,  1)   vdiff=  6.6089E-02 (120,  4)
n=  2579   udiff=  4.6260E-02 (120,  1)   vdiff=  6.5535E-02 (120,  4)
n=  2580   udiff=  4.5903E-02 (120,  1)   vdiff=  6.4986E-02 (120,  4)
n=  2581   udiff=  4.5547E-02 (120,  1)   vdiff=  6.4439E-02 (120,  4)
n=  2582   udiff=  4.5193E-02 (120,  1)   vdiff=  6.3896E-02 (120,  4)
n=  2583   udiff=  4.4839E-02 (120,  1)   vdiff=  6.3356E-02 (120,  4)
n=  2584   udiff=  4.4488E-02 (120,  1)   vdiff=  6.2821E-02 (120,  4)
n=  2585   udiff=  4.4139E-02 (120,  1)   vdiff=  6.2290E-02 (120,  4)
n=  2586   udiff=  4.3791E-02 (120,  1)   vdiff=  6.1764E-02 (120,  4)
n=  2587   udiff=  4.3446E-02 (120,  1)   vdiff=  6.1243E-02 (120,  4)
n=  2588   udiff=  4.3103E-02 (120,  1)   vdiff=  6.0726E-02 (120,  4)
n=  2589   udiff=  4.2763E-02 (120,  1)   vdiff=  6.0214E-02 (120,  4)
n=  2590   udiff=  4.2424E-02 (120,  1)   vdiff=  5.9708E-02 (120,  4)
n=  2591   udiff=  4.2088E-02 (120,  1)   vdiff=  5.9207E-02 (120,  4)
n=  2592   udiff=  4.1755E-02 (120,  1)   vdiff=  5.8711E-02 (120,  4)
n=  2593   udiff=  4.1425E-02 (120,  1)   vdiff=  5.8220E-02 (120,  4)
n=  2594   udiff=  4.1098E-02 (120,  1)   vdiff=  5.7737E-02 (120,  4)
n=  2595   udiff=  4.0774E-02 (120,  1)   vdiff=  5.7258E-02 (120,  4)
n=  2596   udiff=  4.0452E-02 (120,  1)   vdiff=  5.6785E-02 (120,  4)
n=  2597   udiff=  4.0134E-02 (120,  1)   vdiff=  5.6320E-02 (120,  4)
n=  2598   udiff=  3.9820E-02 (120,  1)   vdiff=  5.5861E-02 (120,  4)
n=  2599   udiff=  3.9508E-02 (120,  1)   vdiff=  5.5407E-02 (120,  4)
n=  2600   udiff=  3.9200E-02 (120,  1)   vdiff=  5.4960E-02 (120,  4)
n=  2601   udiff=  3.8896E-02 (120,  1)   vdiff=  5.4520E-02 (120,  4)
n=  2602   udiff=  3.8595E-02 (120,  1)   vdiff=  5.4087E-02 (120,  4)
n=  2603   udiff=  3.8298E-02 (120,  1)   vdiff=  5.3660E-02 (120,  4)
n=  2604   udiff=  3.8005E-02 (120,  1)   vdiff=  5.3241E-02 (120,  4)
n=  2605   udiff=  3.7715E-02 (120,  1)   vdiff=  5.2828E-02 (120,  4)
n=  2606   udiff=  3.7429E-02 (120,  1)   vdiff=  5.2422E-02 (120,  4)
n=  2607   udiff=  3.7148E-02 (120,  1)   vdiff=  5.2024E-02 (120,  4)
n=  2608   udiff=  3.6870E-02 (120,  1)   vdiff=  5.1631E-02 (120,  4)
n=  2609   udiff=  3.6596E-02 (120,  1)   vdiff=  5.1247E-02 (120,  4)
n=  2610   udiff=  3.6326E-02 (120,  1)   vdiff=  5.0870E-02 (120,  4)
n=  2611   udiff=  3.6060E-02 (120,  1)   vdiff=  5.0499E-02 (120,  4)
n=  2612   udiff=  3.5798E-02 (120,  1)   vdiff=  5.0136E-02 (120,  4)
n=  2613   udiff=  3.5541E-02 (120,  1)   vdiff=  4.9780E-02 (120,  4)
n=  2614   udiff=  3.5287E-02 (120,  1)   vdiff=  4.9432E-02 (120,  4)
n=  2615   udiff=  3.5038E-02 (120,  1)   vdiff=  4.9090E-02 (120,  4)
n=  2616   udiff=  3.4793E-02 (120,  1)   vdiff=  4.8755E-02 (120,  4)
n=  2617   udiff=  3.4552E-02 (120,  1)   vdiff=  4.8428E-02 (120,  4)
n=  2618   udiff=  3.4316E-02 (120,  1)   vdiff=  4.8108E-02 (120,  4)
n=  2619   udiff=  3.4083E-02 (120,  1)   vdiff=  4.7795E-02 (120,  4)
n=  2620   udiff=  3.3855E-02 (120,  1)   vdiff=  4.7489E-02 (120,  4)
n=  2621   udiff=  3.3631E-02 (120,  1)   vdiff=  4.7191E-02 (120,  4)
n=  2622   udiff=  3.3411E-02 (120,  1)   vdiff=  4.6899E-02 (120,  4)
n=  2623   udiff=  3.3196E-02 (120,  1)   vdiff=  4.6614E-02 (120,  4)
n=  2624   udiff=  3.2984E-02 (120,  1)   vdiff=  4.6335E-02 (120,  4)
n=  2625   udiff=  3.2777E-02 (120,  1)   vdiff=  4.6065E-02 (120,  4)
n=  2626   udiff=  3.2574E-02 (120,  1)   vdiff=  4.5800E-02 (120,  4)
n=  2627   udiff=  3.2375E-02 (120,  1)   vdiff=  4.5542E-02 (120,  4)
n=  2628   udiff=  3.2180E-02 (120,  1)   vdiff=  4.5291E-02 (120,  4)
n=  2629   udiff=  3.2092E-02 ( 55, 23)   vdiff=  4.5047E-02 (120,  4)
n=  2630   udiff=  3.2007E-02 ( 55, 23)   vdiff=  4.4809E-02 (120,  4)
n=  2631   udiff=  3.1922E-02 ( 55, 23)   vdiff=  4.4576E-02 (120,  4)
n=  2632   udiff=  3.1838E-02 ( 55, 23)   vdiff=  4.4351E-02 (120,  4)
n=  2633   udiff=  3.1753E-02 ( 55, 23)   vdiff=  4.4132E-02 (120,  4)
n=  2634   udiff=  3.1669E-02 ( 55, 23)   vdiff=  4.3919E-02 (120,  4)
n=  2635   udiff=  3.1585E-02 ( 55, 23)   vdiff=  4.3711E-02 (120,  4)
n=  2636   udiff=  3.1501E-02 ( 55, 23)   vdiff=  4.3510E-02 (120,  4)
n=  2637   udiff=  3.1417E-02 ( 55, 23)   vdiff=  4.3314E-02 (120,  4)
n=  2638   udiff=  3.1334E-02 ( 55, 23)   vdiff=  4.3125E-02 (120,  4)
n=  2639   udiff=  3.1250E-02 ( 55, 23)   vdiff=  4.2940E-02 (120,  4)
n=  2640   udiff=  3.1167E-02 ( 55, 23)   vdiff=  4.2761E-02 (120,  4)
n=  2641   udiff=  3.1084E-02 ( 55, 23)   vdiff=  4.2587E-02 (120,  4)
n=  2642   udiff=  3.1001E-02 ( 55, 23)   vdiff=  4.2418E-02 (120,  4)
n=  2643   udiff=  3.0918E-02 ( 55, 23)   vdiff=  4.2255E-02 (120,  4)
n=  2644   udiff=  3.0835E-02 ( 55, 23)   vdiff=  4.2096E-02 (120,  4)
n=  2645   udiff=  3.0752E-02 ( 55, 23)   vdiff=  4.1942E-02 (120,  4)
n=  2646   udiff=  3.0670E-02 ( 55, 23)   vdiff=  4.1793E-02 (120,  4)
n=  2647   udiff=  3.0588E-02 ( 55, 23)   vdiff=  4.1649E-02 (120,  4)
n=  2648   udiff=  3.0505E-02 ( 55, 23)   vdiff=  4.1509E-02 (120,  4)
n=  2649   udiff=  3.0424E-02 ( 55, 23)   vdiff=  4.1372E-02 (120,  4)
n=  2650   udiff=  3.0342E-02 ( 55, 23)   vdiff=  4.1241E-02 (120,  4)
n=  2651   udiff=  3.0260E-02 ( 55, 23)   vdiff=  4.1113E-02 (120,  4)
n=  2652   udiff=  3.0178E-02 ( 55, 23)   vdiff=  4.0989E-02 (120,  4)
n=  2653   udiff=  3.0097E-02 ( 55, 23)   vdiff=  4.0869E-02 (120,  4)
n=  2654   udiff=  3.0016E-02 ( 55, 23)   vdiff=  4.0752E-02 (120,  4)
n=  2655   udiff=  2.9934E-02 ( 55, 23)   vdiff=  4.0638E-02 (120,  4)
n=  2656   udiff=  2.9853E-02 ( 55, 23)   vdiff=  4.0528E-02 (120,  4)
n=  2657   udiff=  2.9773E-02 ( 55, 23)   vdiff=  4.0422E-02 (120,  4)
n=  2658   udiff=  2.9692E-02 ( 55, 23)   vdiff=  4.0317E-02 (120,  4)
n=  2659   udiff=  2.9611E-02 ( 55, 23)   vdiff=  4.0217E-02 (120,  4)
n=  2660   udiff=  2.9531E-02 ( 55, 23)   vdiff=  4.0118E-02 (120,  4)
n=  2661   udiff=  2.9450E-02 ( 55, 23)   vdiff=  4.0022E-02 (120,  4)
n=  2662   udiff=  2.9370E-02 ( 55, 23)   vdiff=  3.9930E-02 (120,  4)
n=  2663   udiff=  2.9290E-02 ( 55, 23)   vdiff=  3.9839E-02 (120,  4)
n=  2664   udiff=  2.9211E-02 ( 55, 23)   vdiff=  3.9749E-02 (120,  4)
n=  2665   udiff=  2.9131E-02 ( 55, 23)   vdiff=  3.9663E-02 (120,  4)
n=  2666   udiff=  2.9051E-02 ( 55, 23)   vdiff=  3.9578E-02 (120,  4)
n=  2667   udiff=  2.8972E-02 ( 55, 23)   vdiff=  3.9495E-02 (120,  4)
n=  2668   udiff=  2.8893E-02 ( 55, 23)   vdiff=  3.9413E-02 (120,  4)
n=  2669   udiff=  2.8813E-02 ( 55, 23)   vdiff=  3.9334E-02 (120,  4)
n=  2670   udiff=  2.8734E-02 ( 55, 23)   vdiff=  3.9255E-02 (120,  4)
n=  2671   udiff=  2.8656E-02 ( 55, 23)   vdiff=  3.9178E-02 (120,  4)
n=  2672   udiff=  2.8577E-02 ( 55, 23)   vdiff=  3.9102E-02 (120,  4)
n=  2673   udiff=  2.8498E-02 ( 55, 23)   vdiff=  3.9026E-02 (120,  4)
n=  2674   udiff=  2.8420E-02 ( 55, 23)   vdiff=  3.8953E-02 (120,  4)
n=  2675   udiff=  2.8341E-02 ( 55, 23)   vdiff=  3.8879E-02 (120,  4)
n=  2676   udiff=  2.8263E-02 ( 55, 23)   vdiff=  3.8807E-02 (120,  4)
n=  2677   udiff=  2.8185E-02 ( 55, 23)   vdiff=  3.8734E-02 (120,  4)
n=  2678   udiff=  2.8107E-02 ( 55, 23)   vdiff=  3.8663E-02 (120,  4)
n=  2679   udiff=  2.8030E-02 ( 55, 23)   vdiff=  3.8591E-02 (120,  4)
n=  2680   udiff=  2.7952E-02 ( 55, 23)   vdiff=  3.8520E-02 (120,  4)
n=  2681   udiff=  2.7875E-02 ( 55, 23)   vdiff=  3.8449E-02 (120,  4)
n=  2682   udiff=  2.7797E-02 ( 55, 23)   vdiff=  3.8378E-02 (120,  4)
n=  2683   udiff=  2.7720E-02 ( 55, 23)   vdiff=  3.8306E-02 (120,  4)
n=  2684   udiff=  2.7643E-02 ( 55, 23)   vdiff=  3.8235E-02 (120,  4)
n=  2685   udiff=  2.7566E-02 ( 55, 23)   vdiff=  3.8163E-02 (120,  4)
n=  2686   udiff=  2.7489E-02 ( 55, 23)   vdiff=  3.8091E-02 (120,  4)
n=  2687   udiff=  2.7413E-02 ( 55, 23)   vdiff=  3.8018E-02 (120,  4)
n=  2688   udiff=  2.7336E-02 ( 55, 23)   vdiff=  3.7945E-02 (120,  4)
n=  2689   udiff=  2.7260E-02 ( 55, 23)   vdiff=  3.7872E-02 (120,  4)
n=  2690   udiff=  2.7184E-02 ( 55, 23)   vdiff=  3.7797E-02 (120,  4)
n=  2691   udiff=  2.7108E-02 ( 55, 23)   vdiff=  3.7722E-02 (120,  4)
n=  2692   udiff=  2.7032E-02 ( 55, 23)   vdiff=  3.7646E-02 (120,  4)
n=  2693   udiff=  2.6956E-02 ( 55, 23)   vdiff=  3.7569E-02 (120,  4)
n=  2694   udiff=  2.6880E-02 ( 55, 23)   vdiff=  3.7491E-02 (120,  4)
n=  2695   udiff=  2.6805E-02 ( 55, 23)   vdiff=  3.7412E-02 (120,  4)
n=  2696   udiff=  2.6729E-02 ( 55, 23)   vdiff=  3.7332E-02 (120,  4)
n=  2697   udiff=  2.6654E-02 ( 55, 23)   vdiff=  3.7251E-02 (120,  4)
n=  2698   udiff=  2.6579E-02 ( 55, 23)   vdiff=  3.7168E-02 (120,  4)
n=  2699   udiff=  2.6504E-02 ( 55, 23)   vdiff=  3.7085E-02 (120,  4)
n=  2700   udiff=  2.6429E-02 ( 55, 23)   vdiff=  3.7001E-02 (120,  4)
n=  2701   udiff=  2.6355E-02 ( 55, 23)   vdiff=  3.6914E-02 (120,  4)
n=  2702   udiff=  2.6280E-02 ( 55, 23)   vdiff=  3.6826E-02 (120,  4)
n=  2703   udiff=  2.6205E-02 ( 55, 23)   vdiff=  3.6738E-02 (120,  4)
n=  2704   udiff=  2.6131E-02 ( 55, 23)   vdiff=  3.6647E-02 (120,  4)
n=  2705   udiff=  2.6057E-02 ( 55, 23)   vdiff=  3.6556E-02 (120,  4)
n=  2706   udiff=  2.5983E-02 ( 55, 23)   vdiff=  3.6462E-02 (120,  4)
n=  2707   udiff=  2.5909E-02 ( 55, 23)   vdiff=  3.6368E-02 (120,  4)
n=  2708   udiff=  2.5835E-02 ( 55, 23)   vdiff=  3.6270E-02 (120,  4)
n=  2709   udiff=  2.5762E-02 ( 55, 23)   vdiff=  3.6173E-02 (120,  4)
n=  2710   udiff=  2.5688E-02 ( 55, 23)   vdiff=  3.6073E-02 (120,  4)
n=  2711   udiff=  2.5615E-02 ( 55, 23)   vdiff=  3.5973E-02 (120,  4)
n=  2712   udiff=  2.5542E-02 ( 55, 23)   vdiff=  3.5870E-02 (120,  4)
n=  2713   udiff=  2.5469E-02 ( 55, 23)   vdiff=  3.5766E-02 (120,  4)
n=  2714   udiff=  2.5396E-02 ( 55, 23)   vdiff=  3.5660E-02 (120,  4)
n=  2715   udiff=  2.5323E-02 ( 55, 23)   vdiff=  3.5553E-02 (120,  4)
n=  2716   udiff=  2.5250E-02 ( 55, 23)   vdiff=  3.5444E-02 (120,  4)
n=  2717   udiff=  2.5178E-02 ( 55, 23)   vdiff=  3.5334E-02 (120,  4)
n=  2718   udiff=  2.5105E-02 ( 55, 23)   vdiff=  3.5222E-02 (120,  4)
n=  2719   udiff=  2.5033E-02 ( 55, 23)   vdiff=  3.5108E-02 (120,  4)
n=  2720   udiff=  2.4961E-02 ( 55, 23)   vdiff=  3.4993E-02 (120,  4)
n=  2721   udiff=  2.4889E-02 ( 55, 23)   vdiff=  3.4877E-02 (120,  4)
n=  2722   udiff=  2.4817E-02 ( 55, 23)   vdiff=  3.4760E-02 (120,  4)
n=  2723   udiff=  2.4745E-02 ( 55, 23)   vdiff=  3.4641E-02 (120,  4)
n=  2724   udiff=  2.4674E-02 ( 55, 23)   vdiff=  3.4520E-02 (120,  4)
n=  2725   udiff=  2.4602E-02 ( 55, 23)   vdiff=  3.4398E-02 (120,  4)
n=  2726   udiff=  2.4531E-02 ( 55, 23)   vdiff=  3.4274E-02 (120,  4)
n=  2727   udiff=  2.4459E-02 ( 55, 23)   vdiff=  3.4150E-02 (120,  4)
n=  2728   udiff=  2.4388E-02 ( 55, 23)   vdiff=  3.4024E-02 (120,  4)
n=  2729   udiff=  2.4317E-02 ( 55, 23)   vdiff=  3.3897E-02 (120,  4)
n=  2730   udiff=  2.4247E-02 ( 55, 23)   vdiff=  3.3769E-02 (120,  4)
n=  2731   udiff=  2.4176E-02 ( 55, 23)   vdiff=  3.3639E-02 (120,  4)
n=  2732   udiff=  2.4105E-02 ( 55, 23)   vdiff=  3.3508E-02 (120,  4)
n=  2733   udiff=  2.4035E-02 ( 55, 23)   vdiff=  3.3377E-02 (120,  4)
n=  2734   udiff=  2.3964E-02 ( 55, 23)   vdiff=  3.3244E-02 (120,  4)
n=  2735   udiff=  2.3894E-02 ( 55, 23)   vdiff=  3.3111E-02 (120,  4)
n=  2736   udiff=  2.3824E-02 ( 55, 23)   vdiff=  3.2976E-02 (120,  4)
n=  2737   udiff=  2.3754E-02 ( 55, 23)   vdiff=  3.2840E-02 (120,  4)
n=  2738   udiff=  2.3685E-02 ( 55, 23)   vdiff=  3.2704E-02 (120,  4)
n=  2739   udiff=  2.3615E-02 ( 55, 23)   vdiff=  3.2567E-02 (120,  4)
n=  2740   udiff=  2.3545E-02 ( 55, 23)   vdiff=  3.2429E-02 (120,  4)
n=  2741   udiff=  2.3476E-02 ( 55, 23)   vdiff=  3.2291E-02 (120,  4)
n=  2742   udiff=  2.3407E-02 ( 55, 23)   vdiff=  3.2152E-02 (120,  4)
n=  2743   udiff=  2.3337E-02 ( 55, 23)   vdiff=  3.2012E-02 (120,  4)
n=  2744   udiff=  2.3269E-02 ( 55, 23)   vdiff=  3.1872E-02 (120,  4)
n=  2745   udiff=  2.3200E-02 ( 55, 23)   vdiff=  3.1731E-02 (120,  4)
n=  2746   udiff=  2.3131E-02 ( 55, 23)   vdiff=  3.1590E-02 (120,  4)
n=  2747   udiff=  2.3062E-02 ( 55, 23)   vdiff=  3.1449E-02 (120,  4)
n=  2748   udiff=  2.2994E-02 ( 55, 23)   vdiff=  3.1307E-02 (120,  4)
n=  2749   udiff=  2.2925E-02 ( 55, 23)   vdiff=  3.1166E-02 (120,  4)
n=  2750   udiff=  2.2857E-02 ( 55, 23)   vdiff=  3.1024E-02 (120,  4)
n=  2751   udiff=  2.2789E-02 ( 55, 23)   vdiff=  3.0882E-02 (120,  4)
n=  2752   udiff=  2.2721E-02 ( 55, 23)   vdiff=  3.0739E-02 (120,  4)
n=  2753   udiff=  2.2653E-02 ( 55, 23)   vdiff=  3.0597E-02 (120,  4)
n=  2754   udiff=  2.2585E-02 ( 55, 23)   vdiff=  3.0455E-02 (120,  4)
n=  2755   udiff=  2.2518E-02 ( 55, 23)   vdiff=  3.0313E-02 (120,  4)
n=  2756   udiff=  2.2450E-02 ( 55, 23)   vdiff=  3.0171E-02 (120,  4)
n=  2757   udiff=  2.2383E-02 ( 55, 23)   vdiff=  3.0029E-02 (120,  4)
n=  2758   udiff=  2.2316E-02 ( 55, 23)   vdiff=  2.9888E-02 (120,  4)
n=  2759   udiff=  2.2249E-02 ( 55, 23)   vdiff=  2.9747E-02 (120,  4)
n=  2760   udiff=  2.2182E-02 ( 55, 23)   vdiff=  2.9606E-02 (120,  4)
n=  2761   udiff=  2.2115E-02 ( 55, 23)   vdiff=  2.9465E-02 (120,  4)
n=  2762   udiff=  2.2048E-02 ( 55, 23)   vdiff=  2.9325E-02 (120,  4)
n=  2763   udiff=  2.1981E-02 ( 55, 23)   vdiff=  2.9187E-02 (120,  4)
n=  2764   udiff=  2.1915E-02 ( 55, 23)   vdiff=  2.9047E-02 (120,  4)
n=  2765   udiff=  2.1848E-02 ( 55, 23)   vdiff=  2.8908E-02 (120,  4)
n=  2766   udiff=  2.1782E-02 ( 55, 23)   vdiff=  2.8771E-02 (120,  4)
n=  2767   udiff=  2.1716E-02 ( 55, 23)   vdiff=  2.8635E-02 (120,  4)
n=  2768   udiff=  2.1650E-02 ( 55, 23)   vdiff=  2.8498E-02 (120,  4)
n=  2769   udiff=  2.1584E-02 ( 55, 23)   vdiff=  2.8363E-02 (120,  4)
n=  2770   udiff=  2.1518E-02 ( 55, 23)   vdiff=  2.8228E-02 (120,  4)
n=  2771   udiff=  2.1453E-02 ( 55, 23)   vdiff=  2.8095E-02 (120,  4)
n=  2772   udiff=  2.1387E-02 ( 55, 23)   vdiff=  2.7962E-02 (120,  4)
n=  2773   udiff=  2.1322E-02 ( 55, 23)   vdiff=  2.7830E-02 (120,  4)
n=  2774   udiff=  2.1257E-02 ( 55, 23)   vdiff=  2.7699E-02 (120,  4)
n=  2775   udiff=  2.1192E-02 ( 55, 23)   vdiff=  2.7569E-02 (120,  4)
n=  2776   udiff=  2.1127E-02 ( 55, 23)   vdiff=  2.7440E-02 (120,  4)
n=  2777   udiff=  2.1062E-02 ( 55, 23)   vdiff=  2.7313E-02 (120,  4)
n=  2778   udiff=  2.0999E-02 ( 56, 22)   vdiff=  2.7186E-02 (120,  4)
n=  2779   udiff=  2.0941E-02 ( 56, 22)   vdiff=  2.7060E-02 (120,  4)
n=  2780   udiff=  2.0882E-02 ( 56, 22)   vdiff=  2.6936E-02 (120,  4)
n=  2781   udiff=  2.0824E-02 ( 56, 22)   vdiff=  2.6813E-02 (120,  4)
n=  2782   udiff=  2.0766E-02 ( 56, 22)   vdiff=  2.6691E-02 (120,  4)
n=  2783   udiff=  2.0708E-02 ( 56, 22)   vdiff=  2.6570E-02 (120,  4)
n=  2784   udiff=  2.0650E-02 ( 56, 22)   vdiff=  2.6450E-02 (120,  4)
n=  2785   udiff=  2.0592E-02 ( 56, 22)   vdiff=  2.6332E-02 (120,  4)
n=  2786   udiff=  2.0535E-02 ( 56, 22)   vdiff=  2.6216E-02 (120,  4)
n=  2787   udiff=  2.0477E-02 ( 56, 22)   vdiff=  2.6100E-02 (120,  4)
n=  2788   udiff=  2.0419E-02 ( 56, 22)   vdiff=  2.5985E-02 (120,  4)
n=  2789   udiff=  2.0362E-02 ( 56, 22)   vdiff=  2.5872E-02 (120,  4)
n=  2790   udiff=  2.0305E-02 ( 56, 22)   vdiff=  2.5760E-02 (120,  4)
n=  2791   udiff=  2.0248E-02 ( 56, 22)   vdiff=  2.5650E-02 (120,  4)
n=  2792   udiff=  2.0191E-02 ( 56, 22)   vdiff=  2.5541E-02 (120,  4)
n=  2793   udiff=  2.0134E-02 ( 56, 22)   vdiff=  2.5434E-02 (120,  4)
n=  2794   udiff=  2.0077E-02 ( 56, 22)   vdiff=  2.5327E-02 (120,  4)
n=  2795   udiff=  2.0020E-02 ( 56, 22)   vdiff=  2.5222E-02 (120,  4)
n=  2796   udiff=  1.9964E-02 ( 56, 22)   vdiff=  2.5119E-02 (120,  4)
n=  2797   udiff=  1.9907E-02 ( 56, 22)   vdiff=  2.5016E-02 (120,  4)
n=  2798   udiff=  1.9851E-02 ( 56, 22)   vdiff=  2.4916E-02 (120,  4)
n=  2799   udiff=  1.9794E-02 ( 56, 22)   vdiff=  2.4816E-02 (120,  4)
n=  2800   udiff=  1.9738E-02 ( 56, 22)   vdiff=  2.4718E-02 (120,  4)
n=  2801   udiff=  1.9682E-02 ( 56, 22)   vdiff=  2.4622E-02 (120,  4)
n=  2802   udiff=  1.9626E-02 ( 56, 22)   vdiff=  2.4527E-02 (120,  4)
n=  2803   udiff=  1.9570E-02 ( 56, 22)   vdiff=  2.4432E-02 (120,  4)
n=  2804   udiff=  1.9514E-02 ( 56, 22)   vdiff=  2.4340E-02 (120,  4)
n=  2805   udiff=  1.9459E-02 ( 56, 22)   vdiff=  2.4249E-02 (120,  4)
n=  2806   udiff=  1.9403E-02 ( 56, 22)   vdiff=  2.4159E-02 (120,  4)
n=  2807   udiff=  1.9348E-02 ( 56, 22)   vdiff=  2.4071E-02 (120,  4)
n=  2808   udiff=  1.9292E-02 ( 56, 22)   vdiff=  2.3983E-02 (120,  4)
n=  2809   udiff=  1.9237E-02 ( 56, 22)   vdiff=  2.3898E-02 (120,  4)
n=  2810   udiff=  1.9182E-02 ( 56, 22)   vdiff=  2.3813E-02 (120,  4)
n=  2811   udiff=  1.9127E-02 ( 56, 22)   vdiff=  2.3729E-02 (120,  4)
n=  2812   udiff=  1.9072E-02 ( 56, 22)   vdiff=  2.3648E-02 (120,  4)
n=  2813   udiff=  1.9017E-02 ( 56, 22)   vdiff=  2.3567E-02 (120,  4)
n=  2814   udiff=  1.8962E-02 ( 56, 22)   vdiff=  2.3487E-02 (120,  4)
n=  2815   udiff=  1.8908E-02 ( 56, 22)   vdiff=  2.3409E-02 (120,  4)
n=  2816   udiff=  1.8853E-02 ( 56, 22)   vdiff=  2.3332E-02 (120,  4)
n=  2817   udiff=  1.8799E-02 ( 56, 22)   vdiff=  2.3256E-02 (120,  4)
n=  2818   udiff=  1.8745E-02 ( 56, 22)   vdiff=  2.3181E-02 (120,  4)
n=  2819   udiff=  1.8690E-02 ( 56, 22)   vdiff=  2.3107E-02 (120,  4)
n=  2820   udiff=  1.8636E-02 ( 56, 22)   vdiff=  2.3034E-02 (120,  4)
n=  2821   udiff=  1.8582E-02 ( 56, 22)   vdiff=  2.2963E-02 (120,  4)
n=  2822   udiff=  1.8528E-02 ( 56, 22)   vdiff=  2.2892E-02 (120,  4)
n=  2823   udiff=  1.8475E-02 ( 56, 22)   vdiff=  2.2823E-02 (120,  4)
n=  2824   udiff=  1.8421E-02 ( 56, 22)   vdiff=  2.2755E-02 (120,  4)
n=  2825   udiff=  1.8367E-02 ( 56, 22)   vdiff=  2.2688E-02 (120,  4)
n=  2826   udiff=  1.8314E-02 ( 56, 22)   vdiff=  2.2621E-02 (120,  4)
n=  2827   udiff=  1.8260E-02 ( 56, 22)   vdiff=  2.2555E-02 (120,  4)
n=  2828   udiff=  1.8207E-02 ( 56, 22)   vdiff=  2.2491E-02 (120,  4)
n=  2829   udiff=  1.8154E-02 ( 56, 22)   vdiff=  2.2427E-02 (120,  4)
n=  2830   udiff=  1.8101E-02 ( 56, 22)   vdiff=  2.2364E-02 (120,  4)
n=  2831   udiff=  1.8048E-02 ( 56, 22)   vdiff=  2.2302E-02 (120,  4)
n=  2832   udiff=  1.7995E-02 ( 56, 22)   vdiff=  2.2241E-02 (120,  4)
n=  2833   udiff=  1.7942E-02 ( 56, 22)   vdiff=  2.2181E-02 (120,  4)
n=  2834   udiff=  1.7890E-02 ( 56, 22)   vdiff=  2.2121E-02 (120,  4)
n=  2835   udiff=  1.7837E-02 ( 56, 22)   vdiff=  2.2062E-02 (120,  4)
n=  2836   udiff=  1.7784E-02 ( 56, 22)   vdiff=  2.2004E-02 (120,  4)
n=  2837   udiff=  1.7732E-02 ( 56, 22)   vdiff=  2.1945E-02 (120,  4)
n=  2838   udiff=  1.7680E-02 ( 56, 22)   vdiff=  2.1888E-02 (120,  4)
n=  2839   udiff=  1.7628E-02 ( 56, 22)   vdiff=  2.1832E-02 (120,  4)
n=  2840   udiff=  1.7576E-02 ( 56, 22)   vdiff=  2.1776E-02 (120,  4)
n=  2841   udiff=  1.7524E-02 ( 56, 22)   vdiff=  2.1721E-02 (120,  4)
n=  2842   udiff=  1.7472E-02 ( 56, 22)   vdiff=  2.1666E-02 (120,  4)
n=  2843   udiff=  1.7420E-02 ( 56, 22)   vdiff=  2.1612E-02 (120,  4)
n=  2844   udiff=  1.7368E-02 ( 56, 22)   vdiff=  2.1558E-02 (120,  4)
n=  2845   udiff=  1.7317E-02 ( 56, 22)   vdiff=  2.1504E-02 (120,  4)
n=  2846   udiff=  1.7265E-02 ( 56, 22)   vdiff=  2.1451E-02 (120,  4)
n=  2847   udiff=  1.7214E-02 ( 56, 22)   vdiff=  2.1398E-02 (120,  4)
n=  2848   udiff=  1.7163E-02 ( 56, 22)   vdiff=  2.1345E-02 (120,  4)
n=  2849   udiff=  1.7111E-02 ( 56, 22)   vdiff=  2.1294E-02 (120,  4)
n=  2850   udiff=  1.7060E-02 ( 56, 22)   vdiff=  2.1242E-02 (120,  4)
n=  2851   udiff=  1.7009E-02 ( 56, 22)   vdiff=  2.1191E-02 (120,  4)
n=  2852   udiff=  1.6959E-02 ( 56, 22)   vdiff=  2.1140E-02 (120,  4)
n=  2853   udiff=  1.6908E-02 ( 56, 22)   vdiff=  2.1089E-02 (120,  4)
n=  2854   udiff=  1.6857E-02 ( 56, 22)   vdiff=  2.1038E-02 (120,  4)
n=  2855   udiff=  1.6806E-02 ( 56, 22)   vdiff=  2.0987E-02 (120,  4)
n=  2856   udiff=  1.6756E-02 ( 56, 22)   vdiff=  2.0937E-02 (120,  4)
n=  2857   udiff=  1.6705E-02 ( 56, 22)   vdiff=  2.0886E-02 (120,  4)
n=  2858   udiff=  1.6655E-02 ( 56, 22)   vdiff=  2.0836E-02 (120,  4)
n=  2859   udiff=  1.6605E-02 ( 56, 22)   vdiff=  2.0786E-02 (120,  4)
n=  2860   udiff=  1.6555E-02 ( 56, 22)   vdiff=  2.0736E-02 (120,  4)
n=  2861   udiff=  1.6505E-02 ( 56, 22)   vdiff=  2.0686E-02 (120,  4)
n=  2862   udiff=  1.6455E-02 ( 56, 22)   vdiff=  2.0636E-02 (120,  4)
n=  2863   udiff=  1.6405E-02 ( 56, 22)   vdiff=  2.0586E-02 (120,  4)
n=  2864   udiff=  1.6355E-02 ( 56, 22)   vdiff=  2.0535E-02 (120,  4)
n=  2865   udiff=  1.6306E-02 ( 56, 22)   vdiff=  2.0485E-02 (120,  4)
n=  2866   udiff=  1.6256E-02 ( 56, 22)   vdiff=  2.0434E-02 (120,  4)
n=  2867   udiff=  1.6207E-02 ( 56, 22)   vdiff=  2.0384E-02 (120,  4)
n=  2868   udiff=  1.6158E-02 ( 56, 22)   vdiff=  2.0333E-02 (120,  4)
n=  2869   udiff=  1.6108E-02 ( 56, 22)   vdiff=  2.0283E-02 (120,  4)
n=  2870   udiff=  1.6059E-02 ( 56, 22)   vdiff=  2.0233E-02 (120,  4)
n=  2871   udiff=  1.6010E-02 ( 56, 22)   vdiff=  2.0181E-02 (120,  4)
n=  2872   udiff=  1.5961E-02 ( 56, 22)   vdiff=  2.0130E-02 (120,  4)
n=  2873   udiff=  1.5912E-02 ( 56, 22)   vdiff=  2.0079E-02 (120,  4)
n=  2874   udiff=  1.5864E-02 ( 56, 22)   vdiff=  2.0028E-02 (120,  4)
n=  2875   udiff=  1.5815E-02 ( 56, 22)   vdiff=  1.9976E-02 (120,  4)
n=  2876   udiff=  1.5766E-02 ( 56, 22)   vdiff=  1.9924E-02 (120,  4)
n=  2877   udiff=  1.5718E-02 ( 56, 22)   vdiff=  1.9872E-02 (120,  4)
n=  2878   udiff=  1.5669E-02 ( 56, 22)   vdiff=  1.9820E-02 (120,  4)
n=  2879   udiff=  1.5621E-02 ( 56, 22)   vdiff=  1.9768E-02 (120,  4)
n=  2880   udiff=  1.5573E-02 ( 56, 22)   vdiff=  1.9715E-02 (120,  4)
n=  2881   udiff=  1.5525E-02 ( 56, 22)   vdiff=  1.9661E-02 (120,  4)
n=  2882   udiff=  1.5477E-02 ( 56, 22)   vdiff=  1.9608E-02 (120,  4)
n=  2883   udiff=  1.5429E-02 ( 56, 22)   vdiff=  1.9555E-02 (120,  4)
n=  2884   udiff=  1.5381E-02 ( 56, 22)   vdiff=  1.9500E-02 (120,  4)
n=  2885   udiff=  1.5333E-02 ( 56, 22)   vdiff=  1.9446E-02 (120,  4)
n=  2886   udiff=  1.5286E-02 ( 56, 22)   vdiff=  1.9393E-02 (120,  4)
n=  2887   udiff=  1.5238E-02 ( 56, 22)   vdiff=  1.9338E-02 (120,  4)
n=  2888   udiff=  1.5191E-02 ( 56, 22)   vdiff=  1.9283E-02 (120,  4)
n=  2889   udiff=  1.5143E-02 ( 56, 22)   vdiff=  1.9228E-02 (120,  4)
n=  2890   udiff=  1.5096E-02 ( 56, 22)   vdiff=  1.9172E-02 (120,  4)
n=  2891   udiff=  1.5049E-02 ( 56, 22)   vdiff=  1.9116E-02 (120,  4)
n=  2892   udiff=  1.5002E-02 ( 56, 22)   vdiff=  1.9060E-02 (120,  4)
n=  2893   udiff=  1.4955E-02 ( 56, 22)   vdiff=  1.9004E-02 (120,  4)
n=  2894   udiff=  1.4908E-02 ( 56, 22)   vdiff=  1.8947E-02 (120,  4)
n=  2895   udiff=  1.4861E-02 ( 56, 22)   vdiff=  1.8890E-02 (120,  4)
n=  2896   udiff=  1.4815E-02 ( 56, 22)   vdiff=  1.8832E-02 (120,  4)
n=  2897   udiff=  1.4768E-02 ( 56, 22)   vdiff=  1.8775E-02 (120,  4)
n=  2898   udiff=  1.4722E-02 ( 56, 22)   vdiff=  1.8717E-02 (120,  4)
n=  2899   udiff=  1.4675E-02 ( 56, 22)   vdiff=  1.8659E-02 (120,  4)
n=  2900   udiff=  1.4629E-02 ( 56, 22)   vdiff=  1.8601E-02 (120,  4)
n=  2901   udiff=  1.4583E-02 ( 56, 22)   vdiff=  1.8542E-02 (120,  4)
n=  2902   udiff=  1.4536E-02 ( 56, 22)   vdiff=  1.8483E-02 (120,  4)
n=  2903   udiff=  1.4490E-02 ( 56, 22)   vdiff=  1.8424E-02 (120,  4)
n=  2904   udiff=  1.4444E-02 ( 56, 22)   vdiff=  1.8365E-02 (120,  4)
n=  2905   udiff=  1.4399E-02 ( 56, 22)   vdiff=  1.8306E-02 (120,  4)
n=  2906   udiff=  1.4353E-02 ( 56, 22)   vdiff=  1.8245E-02 (120,  4)
n=  2907   udiff=  1.4307E-02 ( 56, 22)   vdiff=  1.8186E-02 (120,  4)
n=  2908   udiff=  1.4262E-02 ( 56, 22)   vdiff=  1.8125E-02 (120,  4)
n=  2909   udiff=  1.4216E-02 ( 56, 22)   vdiff=  1.8065E-02 (120,  4)
n=  2910   udiff=  1.4171E-02 ( 56, 22)   vdiff=  1.8004E-02 (120,  4)
n=  2911   udiff=  1.4125E-02 ( 56, 22)   vdiff=  1.7943E-02 (120,  4)
n=  2912   udiff=  1.4080E-02 ( 56, 22)   vdiff=  1.7883E-02 (120,  4)
n=  2913   udiff=  1.4035E-02 ( 56, 22)   vdiff=  1.7821E-02 (120,  4)
n=  2914   udiff=  1.3990E-02 ( 56, 22)   vdiff=  1.7760E-02 (120,  4)
n=  2915   udiff=  1.3945E-02 ( 56, 22)   vdiff=  1.7698E-02 (120,  4)
n=  2916   udiff=  1.3900E-02 ( 56, 22)   vdiff=  1.7637E-02 (120,  4)
n=  2917   udiff=  1.3855E-02 ( 56, 22)   vdiff=  1.7576E-02 (120,  4)
n=  2918   udiff=  1.3810E-02 ( 56, 22)   vdiff=  1.7514E-02 (120,  4)
n=  2919   udiff=  1.3766E-02 ( 56, 22)   vdiff=  1.7452E-02 (120,  4)
n=  2920   udiff=  1.3721E-02 ( 56, 22)   vdiff=  1.7390E-02 (120,  4)
n=  2921   udiff=  1.3677E-02 ( 56, 22)   vdiff=  1.7328E-02 (120,  4)
n=  2922   udiff=  1.3633E-02 ( 56, 22)   vdiff=  1.7266E-02 (120,  4)
n=  2923   udiff=  1.3588E-02 ( 56, 22)   vdiff=  1.7203E-02 (120,  4)
n=  2924   udiff=  1.3544E-02 ( 56, 22)   vdiff=  1.7142E-02 (120,  4)
n=  2925   udiff=  1.3500E-02 ( 56, 22)   vdiff=  1.7080E-02 (120,  4)
n=  2926   udiff=  1.3456E-02 ( 56, 22)   vdiff=  1.7017E-02 (120,  4)
n=  2927   udiff=  1.3412E-02 ( 56, 22)   vdiff=  1.6956E-02 (120,  4)
n=  2928   udiff=  1.3369E-02 ( 56, 22)   vdiff=  1.6893E-02 (120,  4)
n=  2929   udiff=  1.3325E-02 ( 56, 22)   vdiff=  1.6831E-02 (120,  4)
n=  2930   udiff=  1.3281E-02 ( 56, 22)   vdiff=  1.6769E-02 (120,  4)
n=  2931   udiff=  1.3238E-02 ( 56, 22)   vdiff=  1.6707E-02 (120,  4)
n=  2932   udiff=  1.3194E-02 ( 56, 22)   vdiff=  1.6645E-02 (120,  4)
n=  2933   udiff=  1.3151E-02 ( 56, 22)   vdiff=  1.6583E-02 (120,  4)
n=  2934   udiff=  1.3108E-02 ( 56, 22)   vdiff=  1.6521E-02 (120,  4)
n=  2935   udiff=  1.3064E-02 ( 56, 22)   vdiff=  1.6459E-02 (120,  4)
n=  2936   udiff=  1.3021E-02 ( 56, 22)   vdiff=  1.6398E-02 (120,  4)
n=  2937   udiff=  1.2978E-02 ( 56, 22)   vdiff=  1.6337E-02 (120,  4)
n=  2938   udiff=  1.2935E-02 ( 56, 22)   vdiff=  1.6275E-02 (120,  4)
n=  2939   udiff=  1.2892E-02 ( 56, 22)   vdiff=  1.6214E-02 (120,  4)
n=  2940   udiff=  1.2850E-02 ( 56, 22)   vdiff=  1.6152E-02 (120,  4)
n=  2941   udiff=  1.2807E-02 ( 56, 22)   vdiff=  1.6092E-02 (120,  4)
n=  2942   udiff=  1.2764E-02 ( 56, 22)   vdiff=  1.6031E-02 (120,  4)
n=  2943   udiff=  1.2722E-02 ( 56, 22)   vdiff=  1.5970E-02 (120,  4)
n=  2944   udiff=  1.2680E-02 ( 56, 22)   vdiff=  1.5910E-02 (120,  4)
n=  2945   udiff=  1.2637E-02 ( 56, 22)   vdiff=  1.5850E-02 (120,  4)
n=  2946   udiff=  1.2595E-02 ( 56, 22)   vdiff=  1.5789E-02 (120,  4)
n=  2947   udiff=  1.2553E-02 ( 56, 22)   vdiff=  1.5730E-02 (120,  4)
n=  2948   udiff=  1.2511E-02 ( 56, 22)   vdiff=  1.5670E-02 (120,  4)
n=  2949   udiff=  1.2469E-02 ( 56, 22)   vdiff=  1.5610E-02 (120,  4)
n=  2950   udiff=  1.2427E-02 ( 56, 22)   vdiff=  1.5551E-02 (120,  4)
n=  2951   udiff=  1.2385E-02 ( 56, 22)   vdiff=  1.5492E-02 (120,  4)
n=  2952   udiff=  1.2343E-02 ( 56, 22)   vdiff=  1.5434E-02 (120,  4)
n=  2953   udiff=  1.2302E-02 ( 56, 22)   vdiff=  1.5375E-02 (120,  4)
n=  2954   udiff=  1.2260E-02 ( 56, 22)   vdiff=  1.5317E-02 (120,  4)
n=  2955   udiff=  1.2219E-02 ( 56, 22)   vdiff=  1.5259E-02 (120,  4)
n=  2956   udiff=  1.2178E-02 ( 56, 22)   vdiff=  1.5201E-02 (120,  4)
n=  2957   udiff=  1.2136E-02 ( 56, 22)   vdiff=  1.5144E-02 (120,  4)
n=  2958   udiff=  1.2095E-02 ( 56, 22)   vdiff=  1.5086E-02 (120,  4)
n=  2959   udiff=  1.2054E-02 ( 56, 22)   vdiff=  1.5029E-02 (120,  4)
n=  2960   udiff=  1.2013E-02 ( 56, 22)   vdiff=  1.4972E-02 (120,  4)
n=  2961   udiff=  1.1972E-02 ( 56, 22)   vdiff=  1.4916E-02 (120,  4)
n=  2962   udiff=  1.1931E-02 ( 56, 22)   vdiff=  1.4860E-02 (120,  4)
n=  2963   udiff=  1.1890E-02 ( 56, 22)   vdiff=  1.4805E-02 (120,  4)
n=  2964   udiff=  1.1850E-02 ( 56, 22)   vdiff=  1.4749E-02 (120,  4)
n=  2965   udiff=  1.1809E-02 ( 56, 22)   vdiff=  1.4694E-02 (120,  4)
n=  2966   udiff=  1.1768E-02 ( 56, 22)   vdiff=  1.4638E-02 (120,  4)
n=  2967   udiff=  1.1728E-02 ( 56, 22)   vdiff=  1.4584E-02 (120,  4)
n=  2968   udiff=  1.1688E-02 ( 56, 22)   vdiff=  1.4530E-02 (120,  4)
n=  2969   udiff=  1.1647E-02 ( 56, 22)   vdiff=  1.4476E-02 (120,  4)
n=  2970   udiff=  1.1607E-02 ( 56, 22)   vdiff=  1.4422E-02 (120,  4)
n=  2971   udiff=  1.1567E-02 ( 56, 22)   vdiff=  1.4368E-02 (120,  4)
n=  2972   udiff=  1.1527E-02 ( 56, 22)   vdiff=  1.4316E-02 (120,  4)
n=  2973   udiff=  1.1487E-02 ( 56, 22)   vdiff=  1.4263E-02 (120,  4)
n=  2974   udiff=  1.1447E-02 ( 56, 22)   vdiff=  1.4210E-02 (120,  4)
n=  2975   udiff=  1.1408E-02 ( 56, 22)   vdiff=  1.4158E-02 (120,  4)
n=  2976   udiff=  1.1368E-02 ( 56, 22)   vdiff=  1.4106E-02 (120,  4)
n=  2977   udiff=  1.1328E-02 ( 56, 22)   vdiff=  1.4054E-02 (120,  4)
n=  2978   udiff=  1.1289E-02 ( 56, 22)   vdiff=  1.4002E-02 (120,  4)
n=  2979   udiff=  1.1249E-02 ( 56, 22)   vdiff=  1.3952E-02 (120,  4)
n=  2980   udiff=  1.1210E-02 ( 56, 22)   vdiff=  1.3901E-02 (120,  4)
n=  2981   udiff=  1.1171E-02 ( 56, 22)   vdiff=  1.3850E-02 (120,  4)
n=  2982   udiff=  1.1131E-02 ( 56, 22)   vdiff=  1.3800E-02 (120,  4)
n=  2983   udiff=  1.1092E-02 ( 56, 22)   vdiff=  1.3751E-02 (120,  4)
n=  2984   udiff=  1.1055E-02 ( 57, 22)   vdiff=  1.3702E-02 (120,  4)
n=  2985   udiff=  1.1041E-02 ( 55, 28)   vdiff=  1.3652E-02 (120,  4)
n=  2986   udiff=  1.1030E-02 ( 55, 28)   vdiff=  1.3602E-02 (120,  4)
n=  2987   udiff=  1.1019E-02 ( 55, 28)   vdiff=  1.3553E-02 (120,  4)
n=  2988   udiff=  1.1008E-02 ( 55, 28)   vdiff=  1.3505E-02 (120,  4)
n=  2989   udiff=  1.0997E-02 ( 55, 28)   vdiff=  1.3457E-02 (120,  4)
n=  2990   udiff=  1.0987E-02 ( 55, 28)   vdiff=  1.3409E-02 (120,  4)
n=  2991   udiff=  1.0976E-02 ( 55, 28)   vdiff=  1.3362E-02 (120,  4)
n=  2992   udiff=  1.0965E-02 ( 55, 28)   vdiff=  1.3314E-02 (120,  4)
n=  2993   udiff=  1.0954E-02 ( 55, 28)   vdiff=  1.3266E-02 (120,  4)
n=  2994   udiff=  1.0943E-02 ( 55, 28)   vdiff=  1.3219E-02 (120,  4)
n=  2995   udiff=  1.0933E-02 ( 55, 28)   vdiff=  1.3172E-02 (120,  4)
n=  2996   udiff=  1.0922E-02 ( 55, 28)   vdiff=  1.3126E-02 (120,  4)
n=  2997   udiff=  1.0911E-02 ( 55, 28)   vdiff=  1.3080E-02 (120,  4)
n=  2998   udiff=  1.0900E-02 ( 55, 28)   vdiff=  1.3033E-02 (120,  4)
n=  2999   udiff=  1.0890E-02 ( 55, 28)   vdiff=  1.2988E-02 (120,  4)
n=  3000   udiff=  1.0879E-02 ( 55, 28)   vdiff=  1.2942E-02 (120,  4)
n=  3001   udiff=  1.0868E-02 ( 55, 28)   vdiff=  1.2897E-02 (120,  4)
n=  3002   udiff=  1.0857E-02 ( 55, 28)   vdiff=  1.2851E-02 (120,  4)
n=  3003   udiff=  1.0846E-02 ( 55, 28)   vdiff=  1.2806E-02 (120,  4)
n=  3004   udiff=  1.0836E-02 ( 55, 28)   vdiff=  1.2761E-02 (120,  4)
n=  3005   udiff=  1.0825E-02 ( 55, 28)   vdiff=  1.2716E-02 (120,  4)
n=  3006   udiff=  1.0814E-02 ( 55, 28)   vdiff=  1.2671E-02 (120,  4)
n=  3007   udiff=  1.0803E-02 ( 55, 28)   vdiff=  1.2628E-02 (120,  4)
n=  3008   udiff=  1.0793E-02 ( 55, 28)   vdiff=  1.2583E-02 (120,  4)
n=  3009   udiff=  1.0782E-02 ( 55, 28)   vdiff=  1.2539E-02 (120,  4)
n=  3010   udiff=  1.0771E-02 ( 55, 28)   vdiff=  1.2495E-02 (120,  4)
n=  3011   udiff=  1.0760E-02 ( 55, 28)   vdiff=  1.2452E-02 (120,  4)
n=  3012   udiff=  1.0749E-02 ( 55, 28)   vdiff=  1.2408E-02 (120,  4)
n=  3013   udiff=  1.0739E-02 ( 55, 28)   vdiff=  1.2365E-02 (120,  4)
n=  3014   udiff=  1.0728E-02 ( 55, 28)   vdiff=  1.2321E-02 (120,  4)
n=  3015   udiff=  1.0717E-02 ( 55, 28)   vdiff=  1.2278E-02 (120,  4)
n=  3016   udiff=  1.0706E-02 ( 55, 28)   vdiff=  1.2235E-02 (120,  4)
n=  3017   udiff=  1.0696E-02 ( 55, 28)   vdiff=  1.2192E-02 (120,  4)
n=  3018   udiff=  1.0685E-02 ( 55, 28)   vdiff=  1.2149E-02 (120,  4)
n=  3019   udiff=  1.0674E-02 ( 55, 28)   vdiff=  1.2106E-02 (120,  4)
n=  3020   udiff=  1.0663E-02 ( 55, 28)   vdiff=  1.2063E-02 (120,  4)
n=  3021   udiff=  1.0653E-02 ( 55, 28)   vdiff=  1.2021E-02 (120,  4)
n=  3022   udiff=  1.0642E-02 ( 55, 28)   vdiff=  1.1978E-02 (120,  4)
n=  3023   udiff=  1.0631E-02 ( 55, 28)   vdiff=  1.1936E-02 (120,  4)
n=  3024   udiff=  1.0620E-02 ( 55, 28)   vdiff=  1.1894E-02 (120,  4)
n=  3025   udiff=  1.0610E-02 ( 55, 28)   vdiff=  1.1851E-02 (120,  4)
n=  3026   udiff=  1.0599E-02 ( 55, 28)   vdiff=  1.1809E-02 (120,  4)
n=  3027   udiff=  1.0588E-02 ( 55, 28)   vdiff=  1.1767E-02 (120,  4)
n=  3028   udiff=  1.0577E-02 ( 55, 28)   vdiff=  1.1725E-02 (120,  4)
n=  3029   udiff=  1.0567E-02 ( 55, 28)   vdiff=  1.1683E-02 (120,  4)
n=  3030   udiff=  1.0556E-02 ( 55, 28)   vdiff=  1.1641E-02 (120,  4)
n=  3031   udiff=  1.0545E-02 ( 55, 28)   vdiff=  1.1600E-02 (120,  4)
n=  3032   udiff=  1.0534E-02 ( 55, 28)   vdiff=  1.1557E-02 (120,  4)
n=  3033   udiff=  1.0524E-02 ( 55, 28)   vdiff=  1.1516E-02 (120,  4)
n=  3034   udiff=  1.0513E-02 ( 55, 28)   vdiff=  1.1474E-02 (120,  4)
n=  3035   udiff=  1.0502E-02 ( 55, 28)   vdiff=  1.1433E-02 (120,  4)
n=  3036   udiff=  1.0491E-02 ( 55, 28)   vdiff=  1.1391E-02 (120,  4)
n=  3037   udiff=  1.0481E-02 ( 55, 28)   vdiff=  1.1349E-02 (120,  4)
n=  3038   udiff=  1.0470E-02 ( 55, 28)   vdiff=  1.1317E-02 ( 59, 25)
n=  3039   udiff=  1.0459E-02 ( 55, 28)   vdiff=  1.1307E-02 ( 59, 25)
n=  3040   udiff=  1.0448E-02 ( 55, 28)   vdiff=  1.1298E-02 ( 59, 25)
n=  3041   udiff=  1.0438E-02 ( 55, 28)   vdiff=  1.1289E-02 ( 59, 25)
n=  3042   udiff=  1.0427E-02 ( 55, 28)   vdiff=  1.1279E-02 ( 59, 25)
n=  3043   udiff=  1.0416E-02 ( 55, 28)   vdiff=  1.1270E-02 ( 59, 25)
n=  3044   udiff=  1.0405E-02 ( 55, 28)   vdiff=  1.1261E-02 ( 59, 25)
n=  3045   udiff=  1.0395E-02 ( 55, 28)   vdiff=  1.1252E-02 ( 59, 25)
n=  3046   udiff=  1.0384E-02 ( 55, 28)   vdiff=  1.1242E-02 ( 59, 25)
n=  3047   udiff=  1.0373E-02 ( 55, 28)   vdiff=  1.1233E-02 ( 59, 25)
n=  3048   udiff=  1.0363E-02 ( 55, 28)   vdiff=  1.1224E-02 ( 59, 25)
n=  3049   udiff=  1.0352E-02 ( 55, 28)   vdiff=  1.1214E-02 ( 59, 25)
n=  3050   udiff=  1.0341E-02 ( 55, 28)   vdiff=  1.1205E-02 ( 59, 25)
n=  3051   udiff=  1.0330E-02 ( 55, 28)   vdiff=  1.1196E-02 ( 59, 25)
n=  3052   udiff=  1.0320E-02 ( 55, 28)   vdiff=  1.1186E-02 ( 59, 25)
n=  3053   udiff=  1.0309E-02 ( 55, 28)   vdiff=  1.1177E-02 ( 59, 25)
n=  3054   udiff=  1.0298E-02 ( 55, 28)   vdiff=  1.1168E-02 ( 59, 25)
n=  3055   udiff=  1.0287E-02 ( 55, 28)   vdiff=  1.1159E-02 ( 59, 25)
n=  3056   udiff=  1.0277E-02 ( 55, 28)   vdiff=  1.1149E-02 ( 59, 25)
n=  3057   udiff=  1.0266E-02 ( 55, 28)   vdiff=  1.1140E-02 ( 59, 25)
n=  3058   udiff=  1.0255E-02 ( 55, 28)   vdiff=  1.1131E-02 ( 59, 25)
n=  3059   udiff=  1.0244E-02 ( 55, 28)   vdiff=  1.1121E-02 ( 59, 25)
n=  3060   udiff=  1.0234E-02 ( 55, 28)   vdiff=  1.1112E-02 ( 59, 25)
n=  3061   udiff=  1.0223E-02 ( 55, 28)   vdiff=  1.1103E-02 ( 59, 25)
n=  3062   udiff=  1.0212E-02 ( 55, 28)   vdiff=  1.1093E-02 ( 59, 25)
n=  3063   udiff=  1.0202E-02 ( 55, 28)   vdiff=  1.1084E-02 ( 59, 25)
n=  3064   udiff=  1.0191E-02 ( 55, 28)   vdiff=  1.1074E-02 ( 59, 25)
n=  3065   udiff=  1.0180E-02 ( 55, 28)   vdiff=  1.1065E-02 ( 59, 25)
n=  3066   udiff=  1.0169E-02 ( 55, 28)   vdiff=  1.1056E-02 ( 59, 25)
n=  3067   udiff=  1.0159E-02 ( 55, 28)   vdiff=  1.1046E-02 ( 59, 25)
n=  3068   udiff=  1.0148E-02 ( 55, 28)   vdiff=  1.1037E-02 ( 59, 25)
n=  3069   udiff=  1.0137E-02 ( 55, 28)   vdiff=  1.1028E-02 ( 59, 25)
n=  3070   udiff=  1.0126E-02 ( 55, 28)   vdiff=  1.1018E-02 ( 59, 25)
n=  3071   udiff=  1.0116E-02 ( 55, 28)   vdiff=  1.1009E-02 ( 59, 25)
n=  3072   udiff=  1.0105E-02 ( 55, 28)   vdiff=  1.1000E-02 ( 59, 25)
n=  3073   udiff=  1.0094E-02 ( 55, 28)   vdiff=  1.0990E-02 ( 59, 25)
n=  3074   udiff=  1.0084E-02 ( 55, 28)   vdiff=  1.0981E-02 ( 59, 25)
n=  3075   udiff=  1.0073E-02 ( 55, 28)   vdiff=  1.0971E-02 ( 59, 25)
n=  3076   udiff=  1.0062E-02 ( 55, 28)   vdiff=  1.0962E-02 ( 59, 25)
n=  3077   udiff=  1.0051E-02 ( 55, 28)   vdiff=  1.0953E-02 ( 59, 25)
n=  3078   udiff=  1.0041E-02 ( 55, 28)   vdiff=  1.0943E-02 ( 59, 25)
n=  3079   udiff=  1.0030E-02 ( 55, 28)   vdiff=  1.0934E-02 ( 59, 25)
n=  3080   udiff=  1.0019E-02 ( 55, 28)   vdiff=  1.0924E-02 ( 59, 25)
n=  3081   udiff=  1.0008E-02 ( 55, 28)   vdiff=  1.0915E-02 ( 59, 25)
n=  3082   udiff=  9.9977E-03 ( 55, 28)   vdiff=  1.0906E-02 ( 59, 25)
n=  3083   udiff=  9.9870E-03 ( 55, 28)   vdiff=  1.0896E-02 ( 59, 25)
n=  3084   udiff=  9.9762E-03 ( 55, 28)   vdiff=  1.0887E-02 ( 59, 25)
n=  3085   udiff=  9.9655E-03 ( 55, 28)   vdiff=  1.0877E-02 ( 59, 25)
n=  3086   udiff=  9.9548E-03 ( 55, 28)   vdiff=  1.0868E-02 ( 59, 25)
n=  3087   udiff=  9.9440E-03 ( 55, 28)   vdiff=  1.0859E-02 ( 59, 25)
n=  3088   udiff=  9.9333E-03 ( 55, 28)   vdiff=  1.0849E-02 ( 59, 25)
n=  3089   udiff=  9.9226E-03 ( 55, 28)   vdiff=  1.0840E-02 ( 59, 25)
n=  3090   udiff=  9.9119E-03 ( 55, 28)   vdiff=  1.0830E-02 ( 59, 25)
n=  3091   udiff=  9.9011E-03 ( 55, 28)   vdiff=  1.0821E-02 ( 59, 25)
n=  3092   udiff=  9.8904E-03 ( 55, 28)   vdiff=  1.0811E-02 ( 59, 25)
n=  3093   udiff=  9.8797E-03 ( 55, 28)   vdiff=  1.0802E-02 ( 59, 25)
n=  3094   udiff=  9.8689E-03 ( 55, 28)   vdiff=  1.0793E-02 ( 59, 25)
n=  3095   udiff=  9.8582E-03 ( 55, 28)   vdiff=  1.0783E-02 ( 59, 25)
n=  3096   udiff=  9.8474E-03 ( 55, 28)   vdiff=  1.0774E-02 ( 59, 25)
n=  3097   udiff=  9.8367E-03 ( 55, 28)   vdiff=  1.0764E-02 ( 59, 25)
n=  3098   udiff=  9.8260E-03 ( 55, 28)   vdiff=  1.0755E-02 ( 59, 25)
n=  3099   udiff=  9.8153E-03 ( 55, 28)   vdiff=  1.0745E-02 ( 59, 25)
n=  3100   udiff=  9.8045E-03 ( 55, 28)   vdiff=  1.0736E-02 ( 59, 25)
n=  3101   udiff=  9.7938E-03 ( 55, 28)   vdiff=  1.0726E-02 ( 59, 25)
n=  3102   udiff=  9.7831E-03 ( 55, 28)   vdiff=  1.0717E-02 ( 59, 25)
n=  3103   udiff=  9.7723E-03 ( 55, 28)   vdiff=  1.0707E-02 ( 59, 25)
n=  3104   udiff=  9.7616E-03 ( 55, 28)   vdiff=  1.0698E-02 ( 59, 25)
n=  3105   udiff=  9.7509E-03 ( 55, 28)   vdiff=  1.0688E-02 ( 59, 25)
n=  3106   udiff=  9.7401E-03 ( 55, 28)   vdiff=  1.0679E-02 ( 59, 25)
n=  3107   udiff=  9.7294E-03 ( 55, 28)   vdiff=  1.0669E-02 ( 59, 25)
n=  3108   udiff=  9.7187E-03 ( 55, 28)   vdiff=  1.0660E-02 ( 59, 25)
n=  3109   udiff=  9.7079E-03 ( 55, 28)   vdiff=  1.0650E-02 ( 59, 25)
n=  3110   udiff=  9.6972E-03 ( 55, 28)   vdiff=  1.0641E-02 ( 59, 25)
n=  3111   udiff=  9.6864E-03 ( 55, 28)   vdiff=  1.0631E-02 ( 59, 25)
n=  3112   udiff=  9.6757E-03 ( 55, 28)   vdiff=  1.0622E-02 ( 59, 25)
n=  3113   udiff=  9.6650E-03 ( 55, 28)   vdiff=  1.0612E-02 ( 59, 25)
n=  3114   udiff=  9.6542E-03 ( 55, 28)   vdiff=  1.0603E-02 ( 59, 25)
n=  3115   udiff=  9.6435E-03 ( 55, 28)   vdiff=  1.0593E-02 ( 59, 25)
n=  3116   udiff=  9.6328E-03 ( 55, 28)   vdiff=  1.0584E-02 ( 59, 25)
n=  3117   udiff=  9.6220E-03 ( 55, 28)   vdiff=  1.0574E-02 ( 59, 25)
n=  3118   udiff=  9.6113E-03 ( 55, 28)   vdiff=  1.0565E-02 ( 59, 25)
n=  3119   udiff=  9.6005E-03 ( 55, 28)   vdiff=  1.0555E-02 ( 59, 25)
n=  3120   udiff=  9.5898E-03 ( 55, 28)   vdiff=  1.0546E-02 ( 59, 25)
n=  3121   udiff=  9.5790E-03 ( 55, 28)   vdiff=  1.0536E-02 ( 59, 25)
n=  3122   udiff=  9.5683E-03 ( 55, 28)   vdiff=  1.0527E-02 ( 59, 25)
n=  3123   udiff=  9.5575E-03 ( 55, 28)   vdiff=  1.0517E-02 ( 59, 25)
n=  3124   udiff=  9.5468E-03 ( 55, 28)   vdiff=  1.0508E-02 ( 59, 25)
n=  3125   udiff=  9.5360E-03 ( 55, 28)   vdiff=  1.0498E-02 ( 59, 25)
n=  3126   udiff=  9.5253E-03 ( 55, 28)   vdiff=  1.0488E-02 ( 59, 25)
n=  3127   udiff=  9.5146E-03 ( 55, 28)   vdiff=  1.0479E-02 ( 59, 25)
n=  3128   udiff=  9.5038E-03 ( 55, 28)   vdiff=  1.0469E-02 ( 59, 25)
n=  3129   udiff=  9.4931E-03 ( 55, 28)   vdiff=  1.0460E-02 ( 59, 25)
n=  3130   udiff=  9.4823E-03 ( 55, 28)   vdiff=  1.0450E-02 ( 59, 25)
n=  3131   udiff=  9.4716E-03 ( 55, 28)   vdiff=  1.0441E-02 ( 59, 25)
n=  3132   udiff=  9.4608E-03 ( 55, 28)   vdiff=  1.0431E-02 ( 59, 25)
n=  3133   udiff=  9.4501E-03 ( 55, 28)   vdiff=  1.0422E-02 ( 59, 25)
n=  3134   udiff=  9.4393E-03 ( 55, 28)   vdiff=  1.0412E-02 ( 59, 25)
n=  3135   udiff=  9.4286E-03 ( 55, 28)   vdiff=  1.0402E-02 ( 59, 25)
n=  3136   udiff=  9.4178E-03 ( 55, 28)   vdiff=  1.0393E-02 ( 59, 25)
n=  3137   udiff=  9.4071E-03 ( 55, 28)   vdiff=  1.0383E-02 ( 59, 25)
n=  3138   udiff=  9.3963E-03 ( 55, 28)   vdiff=  1.0374E-02 ( 59, 25)
n=  3139   udiff=  9.3856E-03 ( 55, 28)   vdiff=  1.0364E-02 ( 59, 25)
n=  3140   udiff=  9.3748E-03 ( 55, 28)   vdiff=  1.0354E-02 ( 59, 25)
n=  3141   udiff=  9.3641E-03 ( 55, 28)   vdiff=  1.0345E-02 ( 59, 25)
n=  3142   udiff=  9.3533E-03 ( 55, 28)   vdiff=  1.0335E-02 ( 59, 25)
n=  3143   udiff=  9.3425E-03 ( 55, 28)   vdiff=  1.0326E-02 ( 59, 25)
n=  3144   udiff=  9.3318E-03 ( 55, 28)   vdiff=  1.0316E-02 ( 59, 25)
n=  3145   udiff=  9.3210E-03 ( 55, 28)   vdiff=  1.0306E-02 ( 59, 25)
n=  3146   udiff=  9.3103E-03 ( 55, 28)   vdiff=  1.0297E-02 ( 59, 25)
n=  3147   udiff=  9.2995E-03 ( 55, 28)   vdiff=  1.0287E-02 ( 59, 25)
n=  3148   udiff=  9.2887E-03 ( 55, 28)   vdiff=  1.0277E-02 ( 59, 25)
n=  3149   udiff=  9.2780E-03 ( 55, 28)   vdiff=  1.0268E-02 ( 59, 25)
n=  3150   udiff=  9.2672E-03 ( 55, 28)   vdiff=  1.0258E-02 ( 59, 25)
n=  3151   udiff=  9.2565E-03 ( 55, 28)   vdiff=  1.0249E-02 ( 59, 25)
n=  3152   udiff=  9.2457E-03 ( 55, 28)   vdiff=  1.0239E-02 ( 59, 25)
n=  3153   udiff=  9.2349E-03 ( 55, 28)   vdiff=  1.0229E-02 ( 59, 25)
n=  3154   udiff=  9.2242E-03 ( 55, 28)   vdiff=  1.0220E-02 ( 59, 25)
n=  3155   udiff=  9.2134E-03 ( 55, 28)   vdiff=  1.0210E-02 ( 59, 25)
n=  3156   udiff=  9.2026E-03 ( 55, 28)   vdiff=  1.0200E-02 ( 59, 25)
n=  3157   udiff=  9.1919E-03 ( 55, 28)   vdiff=  1.0191E-02 ( 59, 25)
n=  3158   udiff=  9.1811E-03 ( 55, 28)   vdiff=  1.0181E-02 ( 59, 25)
n=  3159   udiff=  9.1704E-03 ( 55, 28)   vdiff=  1.0171E-02 ( 59, 25)
n=  3160   udiff=  9.1596E-03 ( 55, 28)   vdiff=  1.0162E-02 ( 59, 25)
n=  3161   udiff=  9.1488E-03 ( 55, 28)   vdiff=  1.0152E-02 ( 59, 25)
n=  3162   udiff=  9.1380E-03 ( 55, 28)   vdiff=  1.0142E-02 ( 59, 25)
n=  3163   udiff=  9.1273E-03 ( 55, 28)   vdiff=  1.0133E-02 ( 59, 25)
n=  3164   udiff=  9.1165E-03 ( 55, 28)   vdiff=  1.0123E-02 ( 59, 25)
n=  3165   udiff=  9.1057E-03 ( 55, 28)   vdiff=  1.0113E-02 ( 59, 25)
n=  3166   udiff=  9.0950E-03 ( 55, 28)   vdiff=  1.0103E-02 ( 59, 25)
n=  3167   udiff=  9.0842E-03 ( 55, 28)   vdiff=  1.0094E-02 ( 59, 25)
n=  3168   udiff=  9.0734E-03 ( 55, 28)   vdiff=  1.0084E-02 ( 59, 25)
n=  3169   udiff=  9.0626E-03 ( 55, 28)   vdiff=  1.0074E-02 ( 59, 25)
n=  3170   udiff=  9.0519E-03 ( 55, 28)   vdiff=  1.0065E-02 ( 59, 25)
n=  3171   udiff=  9.0411E-03 ( 55, 28)   vdiff=  1.0055E-02 ( 59, 25)
n=  3172   udiff=  9.0303E-03 ( 55, 28)   vdiff=  1.0045E-02 ( 59, 25)
n=  3173   udiff=  9.0195E-03 ( 55, 28)   vdiff=  1.0036E-02 ( 59, 25)
n=  3174   udiff=  9.0087E-03 ( 55, 28)   vdiff=  1.0026E-02 ( 59, 25)
n=  3175   udiff=  8.9979E-03 ( 55, 28)   vdiff=  1.0016E-02 ( 59, 25)
n=  3176   udiff=  8.9872E-03 ( 55, 28)   vdiff=  1.0006E-02 ( 59, 25)
n=  3177   udiff=  8.9764E-03 ( 55, 28)   vdiff=  9.9966E-03 ( 59, 25)
n=  3178   udiff=  8.9656E-03 ( 55, 28)   vdiff=  9.9869E-03 ( 59, 25)
n=  3179   udiff=  8.9548E-03 ( 55, 28)   vdiff=  9.9771E-03 ( 59, 25)
n=  3180   udiff=  8.9440E-03 ( 55, 28)   vdiff=  9.9674E-03 ( 59, 25)
n=  3181   udiff=  8.9333E-03 ( 55, 28)   vdiff=  9.9576E-03 ( 59, 25)
n=  3182   udiff=  8.9225E-03 ( 55, 28)   vdiff=  9.9479E-03 ( 59, 25)
n=  3183   udiff=  8.9117E-03 ( 55, 28)   vdiff=  9.9381E-03 ( 59, 25)
n=  3184   udiff=  8.9009E-03 ( 55, 28)   vdiff=  9.9284E-03 ( 59, 25)
n=  3185   udiff=  8.8901E-03 ( 55, 28)   vdiff=  9.9186E-03 ( 59, 25)
n=  3186   udiff=  8.8793E-03 ( 55, 28)   vdiff=  9.9089E-03 ( 59, 25)
n=  3187   udiff=  8.8685E-03 ( 55, 28)   vdiff=  9.8991E-03 ( 59, 25)
n=  3188   udiff=  8.8577E-03 ( 55, 28)   vdiff=  9.8893E-03 ( 59, 25)
n=  3189   udiff=  8.8469E-03 ( 55, 28)   vdiff=  9.8796E-03 ( 59, 25)
n=  3190   udiff=  8.8362E-03 ( 55, 28)   vdiff=  9.8698E-03 ( 59, 25)
n=  3191   udiff=  8.8254E-03 ( 55, 28)   vdiff=  9.8600E-03 ( 59, 25)
n=  3192   udiff=  8.8146E-03 ( 55, 28)   vdiff=  9.8502E-03 ( 59, 25)
n=  3193   udiff=  8.8038E-03 ( 55, 28)   vdiff=  9.8404E-03 ( 59, 25)
n=  3194   udiff=  8.7930E-03 ( 55, 28)   vdiff=  9.8306E-03 ( 59, 25)
n=  3195   udiff=  8.7822E-03 ( 55, 28)   vdiff=  9.8208E-03 ( 59, 25)
n=  3196   udiff=  8.7714E-03 ( 55, 28)   vdiff=  9.8110E-03 ( 59, 25)
n=  3197   udiff=  8.7606E-03 ( 55, 28)   vdiff=  9.8012E-03 ( 59, 25)
n=  3198   udiff=  8.7498E-03 ( 55, 28)   vdiff=  9.7914E-03 ( 59, 25)
n=  3199   udiff=  8.7390E-03 ( 55, 28)   vdiff=  9.7816E-03 ( 59, 25)
n=  3200   udiff=  8.7282E-03 ( 55, 28)   vdiff=  9.7718E-03 ( 59, 25)
n=  3201   udiff=  8.7174E-03 ( 55, 28)   vdiff=  9.7620E-03 ( 59, 25)
n=  3202   udiff=  8.7066E-03 ( 55, 28)   vdiff=  9.7522E-03 ( 59, 25)
n=  3203   udiff=  8.6958E-03 ( 55, 28)   vdiff=  9.7424E-03 ( 59, 25)
n=  3204   udiff=  8.6850E-03 ( 55, 28)   vdiff=  9.7326E-03 ( 59, 25)
n=  3205   udiff=  8.6742E-03 ( 55, 28)   vdiff=  9.7227E-03 ( 59, 25)
n=  3206   udiff=  8.6634E-03 ( 55, 28)   vdiff=  9.7129E-03 ( 59, 25)
n=  3207   udiff=  8.6526E-03 ( 55, 28)   vdiff=  9.7031E-03 ( 59, 25)
n=  3208   udiff=  8.6418E-03 ( 55, 28)   vdiff=  9.6932E-03 ( 59, 25)
n=  3209   udiff=  8.6310E-03 ( 55, 28)   vdiff=  9.6834E-03 ( 59, 25)
n=  3210   udiff=  8.6202E-03 ( 55, 28)   vdiff=  9.6736E-03 ( 59, 25)
n=  3211   udiff=  8.6093E-03 ( 55, 28)   vdiff=  9.6637E-03 ( 59, 25)
n=  3212   udiff=  8.5985E-03 ( 55, 28)   vdiff=  9.6538E-03 ( 59, 25)
n=  3213   udiff=  8.5877E-03 ( 55, 28)   vdiff=  9.6440E-03 ( 59, 25)
n=  3214   udiff=  8.5769E-03 ( 55, 28)   vdiff=  9.6341E-03 ( 59, 25)
n=  3215   udiff=  8.5661E-03 ( 55, 28)   vdiff=  9.6243E-03 ( 59, 25)
n=  3216   udiff=  8.5553E-03 ( 55, 28)   vdiff=  9.6144E-03 ( 59, 25)
n=  3217   udiff=  8.5445E-03 ( 55, 28)   vdiff=  9.6045E-03 ( 59, 25)
n=  3218   udiff=  8.5337E-03 ( 55, 28)   vdiff=  9.5947E-03 ( 59, 25)
n=  3219   udiff=  8.5228E-03 ( 55, 28)   vdiff=  9.5848E-03 ( 59, 25)
n=  3220   udiff=  8.5120E-03 ( 55, 28)   vdiff=  9.5749E-03 ( 59, 25)
n=  3221   udiff=  8.5012E-03 ( 55, 28)   vdiff=  9.5650E-03 ( 59, 25)
n=  3222   udiff=  8.4904E-03 ( 55, 28)   vdiff=  9.5552E-03 ( 59, 25)
n=  3223   udiff=  8.4796E-03 ( 55, 28)   vdiff=  9.5453E-03 ( 59, 25)
n=  3224   udiff=  8.4688E-03 ( 55, 28)   vdiff=  9.5354E-03 ( 59, 25)
n=  3225   udiff=  8.4580E-03 ( 55, 28)   vdiff=  9.5255E-03 ( 59, 25)
n=  3226   udiff=  8.4471E-03 ( 55, 28)   vdiff=  9.5156E-03 ( 59, 25)
n=  3227   udiff=  8.4363E-03 ( 55, 28)   vdiff=  9.5057E-03 ( 59, 25)
n=  3228   udiff=  8.4255E-03 ( 55, 28)   vdiff=  9.4958E-03 ( 59, 25)
n=  3229   udiff=  8.4147E-03 ( 55, 28)   vdiff=  9.4859E-03 ( 59, 25)
n=  3230   udiff=  8.4039E-03 ( 55, 28)   vdiff=  9.4760E-03 ( 59, 25)
n=  3231   udiff=  8.3930E-03 ( 55, 28)   vdiff=  9.4661E-03 ( 59, 25)
n=  3232   udiff=  8.3822E-03 ( 55, 28)   vdiff=  9.4561E-03 ( 59, 25)
n=  3233   udiff=  8.3714E-03 ( 55, 28)   vdiff=  9.4462E-03 ( 59, 25)
n=  3234   udiff=  8.3606E-03 ( 55, 28)   vdiff=  9.4393E-03 ( 59, 24)
n=  3235   udiff=  8.3498E-03 ( 55, 28)   vdiff=  9.4331E-03 ( 59, 24)
n=  3236   udiff=  8.3389E-03 ( 55, 28)   vdiff=  9.4269E-03 ( 59, 24)
n=  3237   udiff=  8.3281E-03 ( 55, 28)   vdiff=  9.4206E-03 ( 59, 24)
n=  3238   udiff=  8.3173E-03 ( 55, 28)   vdiff=  9.4143E-03 ( 59, 24)
n=  3239   udiff=  8.3064E-03 ( 55, 28)   vdiff=  9.4081E-03 ( 59, 24)
n=  3240   udiff=  8.2956E-03 ( 55, 28)   vdiff=  9.4017E-03 ( 59, 24)
n=  3241   udiff=  8.2848E-03 ( 55, 28)   vdiff=  9.3954E-03 ( 59, 24)
n=  3242   udiff=  8.2740E-03 ( 55, 28)   vdiff=  9.3891E-03 ( 59, 24)
n=  3243   udiff=  8.2631E-03 ( 55, 28)   vdiff=  9.3828E-03 ( 59, 24)
n=  3244   udiff=  8.2523E-03 ( 55, 28)   vdiff=  9.3765E-03 ( 59, 24)
n=  3245   udiff=  8.2415E-03 ( 55, 28)   vdiff=  9.3701E-03 ( 59, 24)
n=  3246   udiff=  8.2307E-03 ( 55, 28)   vdiff=  9.3637E-03 ( 59, 24)
n=  3247   udiff=  8.2198E-03 ( 55, 28)   vdiff=  9.3573E-03 ( 59, 24)
n=  3248   udiff=  8.2090E-03 ( 55, 28)   vdiff=  9.3509E-03 ( 59, 24)
n=  3249   udiff=  8.1982E-03 ( 55, 28)   vdiff=  9.3445E-03 ( 59, 24)
n=  3250   udiff=  8.1873E-03 ( 55, 28)   vdiff=  9.3381E-03 ( 59, 24)
n=  3251   udiff=  8.1765E-03 ( 55, 28)   vdiff=  9.3316E-03 ( 59, 24)
n=  3252   udiff=  8.1657E-03 ( 55, 28)   vdiff=  9.3251E-03 ( 59, 24)
n=  3253   udiff=  8.1548E-03 ( 55, 28)   vdiff=  9.3186E-03 ( 59, 24)
n=  3254   udiff=  8.1440E-03 ( 55, 28)   vdiff=  9.3122E-03 ( 59, 24)
n=  3255   udiff=  8.1332E-03 ( 55, 28)   vdiff=  9.3057E-03 ( 59, 24)
n=  3256   udiff=  8.1223E-03 ( 55, 28)   vdiff=  9.2992E-03 ( 59, 24)
n=  3257   udiff=  8.1115E-03 ( 55, 28)   vdiff=  9.2926E-03 ( 59, 24)
n=  3258   udiff=  8.1007E-03 ( 55, 28)   vdiff=  9.2861E-03 ( 59, 24)
n=  3259   udiff=  8.0898E-03 ( 55, 28)   vdiff=  9.2795E-03 ( 59, 24)
n=  3260   udiff=  8.0790E-03 ( 55, 28)   vdiff=  9.2730E-03 ( 59, 24)
n=  3261   udiff=  8.0682E-03 ( 55, 28)   vdiff=  9.2664E-03 ( 59, 24)
n=  3262   udiff=  8.0573E-03 ( 55, 28)   vdiff=  9.2598E-03 ( 59, 24)
n=  3263   udiff=  8.0465E-03 ( 55, 28)   vdiff=  9.2532E-03 ( 59, 24)
n=  3264   udiff=  8.0356E-03 ( 55, 28)   vdiff=  9.2465E-03 ( 59, 24)
n=  3265   udiff=  8.0248E-03 ( 55, 28)   vdiff=  9.2399E-03 ( 59, 24)
n=  3266   udiff=  8.0140E-03 ( 55, 28)   vdiff=  9.2333E-03 ( 59, 24)
n=  3267   udiff=  8.0031E-03 ( 55, 28)   vdiff=  9.2266E-03 ( 59, 24)
n=  3268   udiff=  7.9923E-03 ( 55, 28)   vdiff=  9.2199E-03 ( 59, 24)
n=  3269   udiff=  7.9815E-03 ( 55, 28)   vdiff=  9.2132E-03 ( 59, 24)
n=  3270   udiff=  7.9706E-03 ( 55, 28)   vdiff=  9.2066E-03 ( 59, 24)
n=  3271   udiff=  7.9598E-03 ( 55, 28)   vdiff=  9.1998E-03 ( 59, 24)
n=  3272   udiff=  7.9490E-03 ( 55, 28)   vdiff=  9.1931E-03 ( 59, 24)
n=  3273   udiff=  7.9381E-03 ( 55, 28)   vdiff=  9.1863E-03 ( 59, 24)
n=  3274   udiff=  7.9273E-03 ( 55, 28)   vdiff=  9.1796E-03 ( 59, 24)
n=  3275   udiff=  7.9164E-03 ( 55, 28)   vdiff=  9.1728E-03 ( 59, 24)
n=  3276   udiff=  7.9056E-03 ( 55, 28)   vdiff=  9.1661E-03 ( 59, 24)
n=  3277   udiff=  7.8948E-03 ( 55, 28)   vdiff=  9.1593E-03 ( 59, 24)
n=  3278   udiff=  7.8839E-03 ( 55, 28)   vdiff=  9.1525E-03 ( 59, 24)
n=  3279   udiff=  7.8731E-03 ( 55, 28)   vdiff=  9.1457E-03 ( 59, 24)
n=  3280   udiff=  7.8622E-03 ( 55, 28)   vdiff=  9.1388E-03 ( 59, 24)
n=  3281   udiff=  7.8514E-03 ( 55, 28)   vdiff=  9.1320E-03 ( 59, 24)
n=  3282   udiff=  7.8406E-03 ( 55, 28)   vdiff=  9.1251E-03 ( 59, 24)
n=  3283   udiff=  7.8297E-03 ( 55, 28)   vdiff=  9.1183E-03 ( 59, 24)
n=  3284   udiff=  7.8189E-03 ( 55, 28)   vdiff=  9.1114E-03 ( 59, 24)
n=  3285   udiff=  7.8080E-03 ( 55, 28)   vdiff=  9.1045E-03 ( 59, 24)
n=  3286   udiff=  7.7972E-03 ( 55, 28)   vdiff=  9.0976E-03 ( 59, 24)
n=  3287   udiff=  7.7864E-03 ( 55, 28)   vdiff=  9.0907E-03 ( 59, 24)
n=  3288   udiff=  7.7755E-03 ( 55, 28)   vdiff=  9.0837E-03 ( 59, 24)
n=  3289   udiff=  7.7647E-03 ( 55, 28)   vdiff=  9.0768E-03 ( 59, 24)
n=  3290   udiff=  7.7539E-03 ( 55, 28)   vdiff=  9.0698E-03 ( 59, 24)
n=  3291   udiff=  7.7430E-03 ( 55, 28)   vdiff=  9.0628E-03 ( 59, 24)
n=  3292   udiff=  7.7322E-03 ( 55, 28)   vdiff=  9.0559E-03 ( 59, 24)
n=  3293   udiff=  7.7213E-03 ( 55, 28)   vdiff=  9.0488E-03 ( 59, 24)
n=  3294   udiff=  7.7105E-03 ( 55, 28)   vdiff=  9.0419E-03 ( 59, 24)
n=  3295   udiff=  7.6996E-03 ( 55, 28)   vdiff=  9.0348E-03 ( 59, 24)
n=  3296   udiff=  7.6888E-03 ( 55, 28)   vdiff=  9.0278E-03 ( 59, 24)
n=  3297   udiff=  7.6780E-03 ( 55, 28)   vdiff=  9.0208E-03 ( 59, 24)
n=  3298   udiff=  7.6671E-03 ( 55, 28)   vdiff=  9.0137E-03 ( 59, 24)
n=  3299   udiff=  7.6563E-03 ( 55, 28)   vdiff=  9.0066E-03 ( 59, 24)
n=  3300   udiff=  7.6454E-03 ( 55, 28)   vdiff=  8.9995E-03 ( 59, 24)
n=  3301   udiff=  7.6346E-03 ( 55, 28)   vdiff=  8.9924E-03 ( 59, 24)
n=  3302   udiff=  7.6238E-03 ( 55, 28)   vdiff=  8.9853E-03 ( 59, 24)
n=  3303   udiff=  7.6129E-03 ( 55, 28)   vdiff=  8.9782E-03 ( 59, 24)
n=  3304   udiff=  7.6021E-03 ( 55, 28)   vdiff=  8.9710E-03 ( 59, 24)
n=  3305   udiff=  7.5913E-03 ( 55, 28)   vdiff=  8.9639E-03 ( 59, 24)
n=  3306   udiff=  7.5804E-03 ( 55, 28)   vdiff=  8.9567E-03 ( 59, 24)
n=  3307   udiff=  7.5696E-03 ( 55, 28)   vdiff=  8.9496E-03 ( 59, 24)
n=  3308   udiff=  7.5587E-03 ( 55, 28)   vdiff=  8.9424E-03 ( 59, 24)
n=  3309   udiff=  7.5479E-03 ( 55, 28)   vdiff=  8.9352E-03 ( 59, 24)
n=  3310   udiff=  7.5371E-03 ( 55, 28)   vdiff=  8.9279E-03 ( 59, 24)
n=  3311   udiff=  7.5262E-03 ( 55, 28)   vdiff=  8.9208E-03 ( 59, 24)
n=  3312   udiff=  7.5154E-03 ( 55, 28)   vdiff=  8.9136E-03 ( 59, 24)
n=  3313   udiff=  7.5046E-03 ( 55, 28)   vdiff=  8.9063E-03 ( 59, 24)
n=  3314   udiff=  7.4937E-03 ( 55, 28)   vdiff=  8.8990E-03 ( 59, 24)
n=  3315   udiff=  7.4829E-03 ( 55, 28)   vdiff=  8.8918E-03 ( 59, 24)
n=  3316   udiff=  7.4721E-03 ( 55, 28)   vdiff=  8.8845E-03 ( 59, 24)
n=  3317   udiff=  7.4612E-03 ( 55, 28)   vdiff=  8.8772E-03 ( 59, 24)
n=  3318   udiff=  7.4504E-03 ( 55, 28)   vdiff=  8.8699E-03 ( 59, 24)
n=  3319   udiff=  7.4396E-03 ( 55, 28)   vdiff=  8.8626E-03 ( 59, 24)
n=  3320   udiff=  7.4287E-03 ( 55, 28)   vdiff=  8.8552E-03 ( 59, 24)
n=  3321   udiff=  7.4179E-03 ( 55, 28)   vdiff=  8.8479E-03 ( 59, 24)
n=  3322   udiff=  7.4071E-03 ( 55, 28)   vdiff=  8.8405E-03 ( 59, 24)
n=  3323   udiff=  7.3962E-03 ( 55, 28)   vdiff=  8.8332E-03 ( 59, 24)
n=  3324   udiff=  7.3854E-03 ( 55, 28)   vdiff=  8.8258E-03 ( 59, 24)
n=  3325   udiff=  7.3746E-03 ( 55, 28)   vdiff=  8.8184E-03 ( 59, 24)
n=  3326   udiff=  7.3637E-03 ( 55, 28)   vdiff=  8.8110E-03 ( 59, 24)
n=  3327   udiff=  7.3529E-03 ( 55, 28)   vdiff=  8.8036E-03 ( 59, 24)
n=  3328   udiff=  7.3421E-03 ( 55, 28)   vdiff=  8.7962E-03 ( 59, 24)
n=  3329   udiff=  7.3313E-03 ( 55, 28)   vdiff=  8.7887E-03 ( 59, 24)
n=  3330   udiff=  7.3204E-03 ( 55, 28)   vdiff=  8.7813E-03 ( 59, 24)
n=  3331   udiff=  7.3096E-03 ( 55, 28)   vdiff=  8.7739E-03 ( 59, 24)
n=  3332   udiff=  7.2988E-03 ( 55, 28)   vdiff=  8.7664E-03 ( 59, 24)
n=  3333   udiff=  7.2880E-03 ( 55, 28)   vdiff=  8.7589E-03 ( 59, 24)
n=  3334   udiff=  7.2771E-03 ( 55, 28)   vdiff=  8.7514E-03 ( 59, 24)
n=  3335   udiff=  7.2663E-03 ( 55, 28)   vdiff=  8.7439E-03 ( 59, 24)
n=  3336   udiff=  7.2555E-03 ( 55, 28)   vdiff=  8.7364E-03 ( 59, 24)
n=  3337   udiff=  7.2447E-03 ( 55, 28)   vdiff=  8.7288E-03 ( 59, 24)
n=  3338   udiff=  7.2338E-03 ( 55, 28)   vdiff=  8.7213E-03 ( 59, 24)
n=  3339   udiff=  7.2230E-03 ( 55, 28)   vdiff=  8.7138E-03 ( 59, 24)
n=  3340   udiff=  7.2122E-03 ( 55, 28)   vdiff=  8.7062E-03 ( 59, 24)
n=  3341   udiff=  7.2014E-03 ( 55, 28)   vdiff=  8.6986E-03 ( 59, 24)
n=  3342   udiff=  7.1906E-03 ( 55, 28)   vdiff=  8.6910E-03 ( 59, 24)
n=  3343   udiff=  7.1798E-03 ( 55, 28)   vdiff=  8.6834E-03 ( 59, 24)
n=  3344   udiff=  7.1689E-03 ( 55, 28)   vdiff=  8.6758E-03 ( 59, 24)
n=  3345   udiff=  7.1581E-03 ( 55, 28)   vdiff=  8.6682E-03 ( 59, 24)
n=  3346   udiff=  7.1473E-03 ( 55, 28)   vdiff=  8.6606E-03 ( 59, 24)
n=  3347   udiff=  7.1365E-03 ( 55, 28)   vdiff=  8.6529E-03 ( 59, 24)
n=  3348   udiff=  7.1257E-03 ( 55, 28)   vdiff=  8.6453E-03 ( 59, 24)
n=  3349   udiff=  7.1149E-03 ( 55, 28)   vdiff=  8.6376E-03 ( 59, 24)
n=  3350   udiff=  7.1041E-03 ( 55, 28)   vdiff=  8.6299E-03 ( 59, 24)
n=  3351   udiff=  7.0932E-03 ( 55, 28)   vdiff=  8.6223E-03 ( 59, 24)
n=  3352   udiff=  7.0824E-03 ( 55, 28)   vdiff=  8.6146E-03 ( 59, 24)
n=  3353   udiff=  7.0716E-03 ( 55, 28)   vdiff=  8.6069E-03 ( 59, 24)
n=  3354   udiff=  7.0637E-03 ( 48, 27)   vdiff=  8.5991E-03 ( 59, 24)
n=  3355   udiff=  7.0564E-03 ( 48, 27)   vdiff=  8.5914E-03 ( 59, 24)
n=  3356   udiff=  7.0491E-03 ( 48, 27)   vdiff=  8.5837E-03 ( 59, 24)
n=  3357   udiff=  7.0418E-03 ( 48, 27)   vdiff=  8.5759E-03 ( 59, 24)
n=  3358   udiff=  7.0344E-03 ( 48, 27)   vdiff=  8.5681E-03 ( 59, 24)
n=  3359   udiff=  7.0270E-03 ( 48, 27)   vdiff=  8.5604E-03 ( 59, 24)
n=  3360   udiff=  7.0196E-03 ( 48, 27)   vdiff=  8.5526E-03 ( 59, 24)
n=  3361   udiff=  7.0121E-03 ( 48, 27)   vdiff=  8.5448E-03 ( 59, 24)
n=  3362   udiff=  7.0046E-03 ( 48, 27)   vdiff=  8.5370E-03 ( 59, 24)
n=  3363   udiff=  6.9976E-03 ( 49, 27)   vdiff=  8.5292E-03 ( 59, 24)
n=  3364   udiff=  6.9914E-03 ( 49, 27)   vdiff=  8.5213E-03 ( 59, 24)
n=  3365   udiff=  6.9851E-03 ( 49, 27)   vdiff=  8.5135E-03 ( 59, 24)
n=  3366   udiff=  6.9788E-03 ( 49, 27)   vdiff=  8.5056E-03 ( 59, 24)
n=  3367   udiff=  6.9724E-03 ( 49, 27)   vdiff=  8.4978E-03 ( 59, 24)
n=  3368   udiff=  6.9660E-03 ( 49, 27)   vdiff=  8.4899E-03 ( 59, 24)
n=  3369   udiff=  6.9597E-03 ( 49, 27)   vdiff=  8.4821E-03 ( 59, 24)
n=  3370   udiff=  6.9532E-03 ( 49, 27)   vdiff=  8.4741E-03 ( 59, 24)
n=  3371   udiff=  6.9468E-03 ( 49, 27)   vdiff=  8.4663E-03 ( 59, 24)
n=  3372   udiff=  6.9402E-03 ( 49, 27)   vdiff=  8.4584E-03 ( 59, 24)
n=  3373   udiff=  6.9337E-03 ( 49, 27)   vdiff=  8.4504E-03 ( 59, 24)
n=  3374   udiff=  6.9271E-03 ( 49, 27)   vdiff=  8.4424E-03 ( 59, 24)
n=  3375   udiff=  6.9205E-03 ( 49, 27)   vdiff=  8.4345E-03 ( 59, 24)
n=  3376   udiff=  6.9139E-03 ( 49, 27)   vdiff=  8.4266E-03 ( 59, 24)
n=  3377   udiff=  6.9073E-03 ( 49, 27)   vdiff=  8.4186E-03 ( 59, 24)
n=  3378   udiff=  6.9006E-03 ( 49, 27)   vdiff=  8.4106E-03 ( 59, 24)
n=  3379   udiff=  6.8938E-03 ( 49, 27)   vdiff=  8.4026E-03 ( 59, 24)
n=  3380   udiff=  6.8871E-03 ( 49, 27)   vdiff=  8.3947E-03 ( 59, 24)
n=  3381   udiff=  6.8803E-03 ( 49, 27)   vdiff=  8.3866E-03 ( 59, 24)
n=  3382   udiff=  6.8735E-03 ( 49, 27)   vdiff=  8.3786E-03 ( 59, 24)
n=  3383   udiff=  6.8666E-03 ( 49, 27)   vdiff=  8.3706E-03 ( 59, 24)
n=  3384   udiff=  6.8598E-03 ( 49, 27)   vdiff=  8.3626E-03 ( 59, 24)
n=  3385   udiff=  6.8529E-03 ( 49, 27)   vdiff=  8.3546E-03 ( 59, 24)
n=  3386   udiff=  6.8459E-03 ( 49, 27)   vdiff=  8.3465E-03 ( 59, 24)
n=  3387   udiff=  6.8390E-03 ( 49, 27)   vdiff=  8.3384E-03 ( 59, 24)
n=  3388   udiff=  6.8320E-03 ( 49, 27)   vdiff=  8.3303E-03 ( 59, 24)
n=  3389   udiff=  6.8250E-03 ( 49, 27)   vdiff=  8.3222E-03 ( 59, 24)
n=  3390   udiff=  6.8180E-03 ( 49, 27)   vdiff=  8.3142E-03 ( 59, 24)
n=  3391   udiff=  6.8109E-03 ( 49, 27)   vdiff=  8.3061E-03 ( 59, 24)
n=  3392   udiff=  6.8038E-03 ( 49, 27)   vdiff=  8.2979E-03 ( 59, 24)
n=  3393   udiff=  6.7966E-03 ( 49, 27)   vdiff=  8.2898E-03 ( 59, 24)
n=  3394   udiff=  6.7895E-03 ( 49, 27)   vdiff=  8.2817E-03 ( 59, 24)
n=  3395   udiff=  6.7823E-03 ( 49, 27)   vdiff=  8.2735E-03 ( 59, 24)
n=  3396   udiff=  6.7751E-03 ( 49, 27)   vdiff=  8.2654E-03 ( 59, 24)
n=  3397   udiff=  6.7678E-03 ( 49, 27)   vdiff=  8.2572E-03 ( 59, 24)
n=  3398   udiff=  6.7606E-03 ( 49, 27)   vdiff=  8.2490E-03 ( 59, 24)
n=  3399   udiff=  6.7533E-03 ( 49, 27)   vdiff=  8.2409E-03 ( 59, 24)
n=  3400   udiff=  6.7459E-03 ( 49, 27)   vdiff=  8.2327E-03 ( 59, 24)
n=  3401   udiff=  6.7386E-03 ( 49, 27)   vdiff=  8.2244E-03 ( 59, 24)
n=  3402   udiff=  6.7312E-03 ( 49, 27)   vdiff=  8.2163E-03 ( 59, 24)
n=  3403   udiff=  6.7238E-03 ( 49, 27)   vdiff=  8.2081E-03 ( 59, 24)
n=  3404   udiff=  6.7164E-03 ( 49, 27)   vdiff=  8.1998E-03 ( 59, 24)
n=  3405   udiff=  6.7089E-03 ( 49, 27)   vdiff=  8.1916E-03 ( 59, 24)
n=  3406   udiff=  6.7014E-03 ( 49, 27)   vdiff=  8.1833E-03 ( 59, 24)
n=  3407   udiff=  6.6939E-03 ( 49, 27)   vdiff=  8.1751E-03 ( 59, 24)
n=  3408   udiff=  6.6864E-03 ( 49, 27)   vdiff=  8.1668E-03 ( 59, 24)
n=  3409   udiff=  6.6788E-03 ( 49, 27)   vdiff=  8.1585E-03 ( 59, 24)
n=  3410   udiff=  6.6712E-03 ( 49, 27)   vdiff=  8.1502E-03 ( 59, 24)
n=  3411   udiff=  6.6636E-03 ( 49, 27)   vdiff=  8.1419E-03 ( 59, 24)
n=  3412   udiff=  6.6560E-03 ( 49, 27)   vdiff=  8.1336E-03 ( 59, 24)
n=  3413   udiff=  6.6483E-03 ( 49, 27)   vdiff=  8.1253E-03 ( 59, 24)
n=  3414   udiff=  6.6406E-03 ( 49, 27)   vdiff=  8.1170E-03 ( 59, 24)
n=  3415   udiff=  6.6329E-03 ( 49, 27)   vdiff=  8.1086E-03 ( 59, 24)
n=  3416   udiff=  6.6251E-03 ( 49, 27)   vdiff=  8.1003E-03 ( 59, 24)
n=  3417   udiff=  6.6174E-03 ( 49, 27)   vdiff=  8.0920E-03 ( 59, 24)
n=  3418   udiff=  6.6096E-03 ( 49, 27)   vdiff=  8.0836E-03 ( 59, 24)
n=  3419   udiff=  6.6017E-03 ( 49, 27)   vdiff=  8.0752E-03 ( 59, 24)
n=  3420   udiff=  6.5956E-03 ( 49, 26)   vdiff=  8.0669E-03 ( 59, 24)
n=  3421   udiff=  6.5900E-03 ( 49, 26)   vdiff=  8.0585E-03 ( 59, 24)
n=  3422   udiff=  6.5845E-03 ( 49, 26)   vdiff=  8.0501E-03 ( 59, 24)
n=  3423   udiff=  6.5789E-03 ( 49, 26)   vdiff=  8.0416E-03 ( 59, 24)
n=  3424   udiff=  6.5733E-03 ( 49, 26)   vdiff=  8.0333E-03 ( 59, 24)
n=  3425   udiff=  6.5677E-03 ( 49, 26)   vdiff=  8.0248E-03 ( 59, 24)
n=  3426   udiff=  6.5620E-03 ( 49, 26)   vdiff=  8.0164E-03 ( 59, 24)
n=  3427   udiff=  6.5563E-03 ( 49, 26)   vdiff=  8.0080E-03 ( 59, 24)
n=  3428   udiff=  6.5506E-03 ( 49, 26)   vdiff=  7.9996E-03 ( 59, 24)
n=  3429   udiff=  6.5448E-03 ( 49, 26)   vdiff=  7.9940E-03 ( 59, 23)
n=  3430   udiff=  6.5390E-03 ( 49, 26)   vdiff=  7.9886E-03 ( 59, 23)
n=  3431   udiff=  6.5331E-03 ( 49, 26)   vdiff=  7.9833E-03 ( 59, 23)
n=  3432   udiff=  6.5273E-03 ( 49, 26)   vdiff=  7.9780E-03 ( 59, 23)
n=  3433   udiff=  6.5214E-03 ( 49, 26)   vdiff=  7.9727E-03 ( 59, 23)
n=  3434   udiff=  6.5154E-03 ( 49, 26)   vdiff=  7.9673E-03 ( 59, 23)
n=  3435   udiff=  6.5095E-03 ( 49, 26)   vdiff=  7.9619E-03 ( 59, 23)
n=  3436   udiff=  6.5035E-03 ( 49, 26)   vdiff=  7.9565E-03 ( 59, 23)
n=  3437   udiff=  6.4975E-03 ( 49, 26)   vdiff=  7.9511E-03 ( 59, 23)
n=  3438   udiff=  6.4914E-03 ( 49, 26)   vdiff=  7.9456E-03 ( 59, 23)
n=  3439   udiff=  6.4853E-03 ( 49, 26)   vdiff=  7.9402E-03 ( 59, 23)
n=  3440   udiff=  6.4792E-03 ( 49, 26)   vdiff=  7.9347E-03 ( 59, 23)
n=  3441   udiff=  6.4731E-03 ( 49, 26)   vdiff=  7.9293E-03 ( 59, 23)
n=  3442   udiff=  6.4669E-03 ( 49, 26)   vdiff=  7.9237E-03 ( 59, 23)
n=  3443   udiff=  6.4607E-03 ( 49, 26)   vdiff=  7.9181E-03 ( 59, 23)
n=  3444   udiff=  6.4545E-03 ( 49, 26)   vdiff=  7.9125E-03 ( 59, 23)
n=  3445   udiff=  6.4482E-03 ( 49, 26)   vdiff=  7.9070E-03 ( 59, 23)
n=  3446   udiff=  6.4419E-03 ( 49, 26)   vdiff=  7.9014E-03 ( 59, 23)
n=  3447   udiff=  6.4356E-03 ( 49, 26)   vdiff=  7.8959E-03 ( 59, 23)
n=  3448   udiff=  6.4292E-03 ( 49, 26)   vdiff=  7.8902E-03 ( 59, 23)
n=  3449   udiff=  6.4229E-03 ( 49, 26)   vdiff=  7.8844E-03 ( 59, 23)
n=  3450   udiff=  6.4164E-03 ( 49, 26)   vdiff=  7.8788E-03 ( 59, 23)
n=  3451   udiff=  6.4100E-03 ( 49, 26)   vdiff=  7.8731E-03 ( 59, 23)
n=  3452   udiff=  6.4036E-03 ( 49, 26)   vdiff=  7.8674E-03 ( 59, 23)
n=  3453   udiff=  6.3970E-03 ( 49, 26)   vdiff=  7.8617E-03 ( 59, 23)
n=  3454   udiff=  6.3905E-03 ( 49, 26)   vdiff=  7.8559E-03 ( 59, 23)
n=  3455   udiff=  6.3840E-03 ( 49, 26)   vdiff=  7.8502E-03 ( 59, 23)
n=  3456   udiff=  6.3774E-03 ( 49, 26)   vdiff=  7.8444E-03 ( 59, 23)
n=  3457   udiff=  6.3708E-03 ( 49, 26)   vdiff=  7.8386E-03 ( 59, 23)
n=  3458   udiff=  6.3641E-03 ( 49, 26)   vdiff=  7.8328E-03 ( 59, 23)
n=  3459   udiff=  6.3575E-03 ( 49, 26)   vdiff=  7.8269E-03 ( 59, 23)
n=  3460   udiff=  6.3508E-03 ( 49, 26)   vdiff=  7.8211E-03 ( 59, 23)
n=  3461   udiff=  6.3441E-03 ( 49, 26)   vdiff=  7.8152E-03 ( 59, 23)
n=  3462   udiff=  6.3373E-03 ( 49, 26)   vdiff=  7.8094E-03 ( 59, 23)
n=  3463   udiff=  6.3306E-03 ( 49, 26)   vdiff=  7.8035E-03 ( 59, 23)
n=  3464   udiff=  6.3238E-03 ( 49, 26)   vdiff=  7.7975E-03 ( 59, 23)
n=  3465   udiff=  6.3169E-03 ( 49, 26)   vdiff=  7.7916E-03 ( 59, 23)
n=  3466   udiff=  6.3101E-03 ( 49, 26)   vdiff=  7.7856E-03 ( 59, 23)
n=  3467   udiff=  6.3032E-03 ( 49, 26)   vdiff=  7.7795E-03 ( 59, 23)
n=  3468   udiff=  6.2963E-03 ( 49, 26)   vdiff=  7.7736E-03 ( 59, 23)
n=  3469   udiff=  6.2894E-03 ( 49, 26)   vdiff=  7.7677E-03 ( 59, 23)
n=  3470   udiff=  6.2824E-03 ( 49, 26)   vdiff=  7.7615E-03 ( 59, 23)
n=  3471   udiff=  6.2754E-03 ( 49, 26)   vdiff=  7.7554E-03 ( 59, 23)
n=  3472   udiff=  6.2684E-03 ( 49, 26)   vdiff=  7.7494E-03 ( 59, 23)
n=  3473   udiff=  6.2615E-03 ( 50, 26)   vdiff=  7.7434E-03 ( 59, 23)
n=  3474   udiff=  6.2558E-03 ( 50, 26)   vdiff=  7.7373E-03 ( 59, 23)
n=  3475   udiff=  6.2502E-03 ( 50, 26)   vdiff=  7.7312E-03 ( 59, 23)
n=  3476   udiff=  6.2445E-03 ( 50, 26)   vdiff=  7.7250E-03 ( 59, 23)
n=  3477   udiff=  6.2387E-03 ( 50, 26)   vdiff=  7.7188E-03 ( 59, 23)
n=  3478   udiff=  6.2330E-03 ( 50, 26)   vdiff=  7.7127E-03 ( 59, 23)
n=  3479   udiff=  6.2272E-03 ( 50, 26)   vdiff=  7.7064E-03 ( 59, 23)
n=  3480   udiff=  6.2214E-03 ( 50, 26)   vdiff=  7.7003E-03 ( 59, 23)
n=  3481   udiff=  6.2156E-03 ( 50, 26)   vdiff=  7.6940E-03 ( 59, 23)
n=  3482   udiff=  6.2097E-03 ( 50, 26)   vdiff=  7.6878E-03 ( 59, 23)
n=  3483   udiff=  6.2038E-03 ( 50, 26)   vdiff=  7.6815E-03 ( 59, 23)
n=  3484   udiff=  6.1979E-03 ( 50, 26)   vdiff=  7.6753E-03 ( 59, 23)
n=  3485   udiff=  6.1919E-03 ( 50, 26)   vdiff=  7.6689E-03 ( 59, 23)
n=  3486   udiff=  6.1860E-03 ( 50, 26)   vdiff=  7.6627E-03 ( 59, 23)
n=  3487   udiff=  6.1799E-03 ( 50, 26)   vdiff=  7.6564E-03 ( 59, 23)
n=  3488   udiff=  6.1739E-03 ( 50, 26)   vdiff=  7.6500E-03 ( 59, 23)
n=  3489   udiff=  6.1679E-03 ( 50, 26)   vdiff=  7.6436E-03 ( 59, 23)
n=  3490   udiff=  6.1617E-03 ( 50, 26)   vdiff=  7.6372E-03 ( 59, 23)
n=  3491   udiff=  6.1556E-03 ( 50, 26)   vdiff=  7.6310E-03 ( 59, 23)
n=  3492   udiff=  6.1495E-03 ( 50, 26)   vdiff=  7.6244E-03 ( 59, 23)
n=  3493   udiff=  6.1433E-03 ( 50, 26)   vdiff=  7.6180E-03 ( 59, 23)
n=  3494   udiff=  6.1371E-03 ( 50, 26)   vdiff=  7.6116E-03 ( 59, 23)
n=  3495   udiff=  6.1309E-03 ( 50, 26)   vdiff=  7.6051E-03 ( 59, 23)
n=  3496   udiff=  6.1247E-03 ( 50, 26)   vdiff=  7.5987E-03 ( 59, 23)
n=  3497   udiff=  6.1184E-03 ( 50, 26)   vdiff=  7.5922E-03 ( 59, 23)
n=  3498   udiff=  6.1121E-03 ( 50, 26)   vdiff=  7.5856E-03 ( 59, 23)
n=  3499   udiff=  6.1058E-03 ( 50, 26)   vdiff=  7.5791E-03 ( 59, 23)
n=  3500   udiff=  6.0994E-03 ( 50, 26)   vdiff=  7.5727E-03 ( 59, 23)
n=  3501   udiff=  6.0930E-03 ( 50, 26)   vdiff=  7.5660E-03 ( 59, 23)
n=  3502   udiff=  6.0866E-03 ( 50, 26)   vdiff=  7.5595E-03 ( 59, 23)
n=  3503   udiff=  6.0802E-03 ( 50, 26)   vdiff=  7.5528E-03 ( 59, 23)
n=  3504   udiff=  6.0737E-03 ( 50, 26)   vdiff=  7.5462E-03 ( 59, 23)
n=  3505   udiff=  6.0672E-03 ( 50, 26)   vdiff=  7.5397E-03 ( 59, 23)
n=  3506   udiff=  6.0608E-03 ( 50, 26)   vdiff=  7.5330E-03 ( 59, 23)
n=  3507   udiff=  6.0542E-03 ( 50, 26)   vdiff=  7.5264E-03 ( 59, 23)
n=  3508   udiff=  6.0477E-03 ( 50, 26)   vdiff=  7.5197E-03 ( 59, 23)
n=  3509   udiff=  6.0411E-03 ( 50, 26)   vdiff=  7.5131E-03 ( 59, 23)
n=  3510   udiff=  6.0345E-03 ( 50, 26)   vdiff=  7.5064E-03 ( 59, 23)
n=  3511   udiff=  6.0278E-03 ( 50, 26)   vdiff=  7.4997E-03 ( 59, 23)
n=  3512   udiff=  6.0212E-03 ( 50, 26)   vdiff=  7.4930E-03 ( 59, 23)
n=  3513   udiff=  6.0145E-03 ( 50, 26)   vdiff=  7.4862E-03 ( 59, 23)
n=  3514   udiff=  6.0078E-03 ( 50, 26)   vdiff=  7.4794E-03 ( 59, 23)
n=  3515   udiff=  6.0011E-03 ( 50, 26)   vdiff=  7.4726E-03 ( 59, 23)
n=  3516   udiff=  5.9943E-03 ( 50, 26)   vdiff=  7.4659E-03 ( 59, 23)
n=  3517   udiff=  5.9876E-03 ( 50, 26)   vdiff=  7.4590E-03 ( 59, 23)
n=  3518   udiff=  5.9808E-03 ( 50, 26)   vdiff=  7.4522E-03 ( 59, 23)
n=  3519   udiff=  5.9740E-03 ( 50, 26)   vdiff=  7.4454E-03 ( 59, 23)
n=  3520   udiff=  5.9671E-03 ( 50, 26)   vdiff=  7.4386E-03 ( 59, 23)
n=  3521   udiff=  5.9603E-03 ( 50, 26)   vdiff=  7.4316E-03 ( 59, 23)
n=  3522   udiff=  5.9534E-03 ( 50, 26)   vdiff=  7.4248E-03 ( 59, 23)
n=  3523   udiff=  5.9465E-03 ( 50, 26)   vdiff=  7.4179E-03 ( 59, 23)
n=  3524   udiff=  5.9395E-03 ( 50, 26)   vdiff=  7.4111E-03 ( 59, 23)
n=  3525   udiff=  5.9326E-03 ( 50, 26)   vdiff=  7.4041E-03 ( 59, 23)
n=  3526   udiff=  5.9256E-03 ( 50, 26)   vdiff=  7.3971E-03 ( 59, 23)
n=  3527   udiff=  5.9186E-03 ( 50, 26)   vdiff=  7.3902E-03 ( 59, 23)
n=  3528   udiff=  5.9116E-03 ( 50, 26)   vdiff=  7.3833E-03 ( 59, 23)
n=  3529   udiff=  5.9046E-03 ( 50, 26)   vdiff=  7.3762E-03 ( 59, 23)
n=  3530   udiff=  5.8975E-03 ( 50, 26)   vdiff=  7.3692E-03 ( 59, 23)
n=  3531   udiff=  5.8904E-03 ( 50, 26)   vdiff=  7.3623E-03 ( 59, 23)
n=  3532   udiff=  5.8833E-03 ( 50, 26)   vdiff=  7.3553E-03 ( 59, 23)
n=  3533   udiff=  5.8761E-03 ( 50, 26)   vdiff=  7.3482E-03 ( 59, 23)
n=  3534   udiff=  5.8690E-03 ( 50, 26)   vdiff=  7.3412E-03 ( 59, 23)
n=  3535   udiff=  5.8618E-03 ( 50, 26)   vdiff=  7.3340E-03 ( 59, 23)
n=  3536   udiff=  5.8546E-03 ( 50, 26)   vdiff=  7.3270E-03 ( 59, 23)
n=  3537   udiff=  5.8474E-03 ( 50, 26)   vdiff=  7.3200E-03 ( 59, 23)
n=  3538   udiff=  5.8402E-03 ( 50, 26)   vdiff=  7.3128E-03 ( 59, 23)
n=  3539   udiff=  5.8329E-03 ( 50, 26)   vdiff=  7.3058E-03 ( 59, 23)
n=  3540   udiff=  5.8256E-03 ( 50, 26)   vdiff=  7.2985E-03 ( 59, 23)
n=  3541   udiff=  5.8183E-03 ( 50, 26)   vdiff=  7.2915E-03 ( 59, 23)
n=  3542   udiff=  5.8110E-03 ( 50, 26)   vdiff=  7.2843E-03 ( 59, 23)
n=  3543   udiff=  5.8037E-03 ( 50, 26)   vdiff=  7.2771E-03 ( 59, 23)
n=  3544   udiff=  5.7963E-03 ( 50, 26)   vdiff=  7.2699E-03 ( 59, 23)
n=  3545   udiff=  5.7890E-03 ( 50, 26)   vdiff=  7.2627E-03 ( 59, 23)
n=  3546   udiff=  5.7816E-03 ( 50, 26)   vdiff=  7.2556E-03 ( 59, 23)
n=  3547   udiff=  5.7741E-03 ( 50, 26)   vdiff=  7.2483E-03 ( 59, 23)
n=  3548   udiff=  5.7667E-03 ( 50, 26)   vdiff=  7.2410E-03 ( 59, 23)
n=  3549   udiff=  5.7593E-03 ( 50, 26)   vdiff=  7.2337E-03 ( 59, 23)
n=  3550   udiff=  5.7518E-03 ( 50, 26)   vdiff=  7.2265E-03 ( 59, 23)
n=  3551   udiff=  5.7443E-03 ( 50, 26)   vdiff=  7.2195E-03 ( 59, 22)
n=  3552   udiff=  5.7367E-03 ( 50, 26)   vdiff=  7.2149E-03 ( 59, 22)
n=  3553   udiff=  5.7292E-03 ( 50, 26)   vdiff=  7.2102E-03 ( 59, 22)
n=  3554   udiff=  5.7217E-03 ( 50, 26)   vdiff=  7.2054E-03 ( 59, 22)
n=  3555   udiff=  5.7141E-03 ( 50, 26)   vdiff=  7.2006E-03 ( 59, 22)
n=  3556   udiff=  5.7065E-03 ( 50, 26)   vdiff=  7.1957E-03 ( 59, 22)
n=  3557   udiff=  5.6989E-03 ( 50, 26)   vdiff=  7.1908E-03 ( 59, 22)
n=  3558   udiff=  5.6913E-03 ( 50, 26)   vdiff=  7.1861E-03 ( 59, 22)
n=  3559   udiff=  5.6836E-03 ( 50, 26)   vdiff=  7.1810E-03 ( 59, 22)
n=  3560   udiff=  5.6760E-03 ( 50, 26)   vdiff=  7.1762E-03 ( 59, 22)
n=  3561   udiff=  5.6683E-03 ( 50, 26)   vdiff=  7.1713E-03 ( 59, 22)
n=  3562   udiff=  5.6606E-03 ( 50, 26)   vdiff=  7.1665E-03 ( 59, 22)
n=  3563   udiff=  5.6538E-03 ( 51, 26)   vdiff=  7.1615E-03 ( 59, 22)
n=  3564   udiff=  5.6472E-03 ( 51, 26)   vdiff=  7.1564E-03 ( 59, 22)
n=  3565   udiff=  5.6405E-03 ( 51, 26)   vdiff=  7.1514E-03 ( 59, 22)
n=  3566   udiff=  5.6339E-03 ( 51, 26)   vdiff=  7.1464E-03 ( 59, 22)
n=  3567   udiff=  5.6272E-03 ( 51, 26)   vdiff=  7.1413E-03 ( 59, 22)
n=  3568   udiff=  5.6205E-03 ( 51, 26)   vdiff=  7.1362E-03 ( 59, 22)
n=  3569   udiff=  5.6138E-03 ( 51, 26)   vdiff=  7.1311E-03 ( 59, 22)
n=  3570   udiff=  5.6070E-03 ( 51, 26)   vdiff=  7.1261E-03 ( 59, 22)
n=  3571   udiff=  5.6002E-03 ( 51, 26)   vdiff=  7.1208E-03 ( 59, 22)
n=  3572   udiff=  5.5935E-03 ( 51, 26)   vdiff=  7.1157E-03 ( 59, 22)
n=  3573   udiff=  5.5867E-03 ( 51, 26)   vdiff=  7.1105E-03 ( 59, 22)
n=  3574   udiff=  5.5798E-03 ( 51, 26)   vdiff=  7.1052E-03 ( 59, 22)
n=  3575   udiff=  5.5730E-03 ( 51, 26)   vdiff=  7.1000E-03 ( 59, 22)
n=  3576   udiff=  5.5661E-03 ( 51, 26)   vdiff=  7.0948E-03 ( 59, 22)
n=  3577   udiff=  5.5593E-03 ( 51, 26)   vdiff=  7.0894E-03 ( 59, 22)
n=  3578   udiff=  5.5523E-03 ( 51, 26)   vdiff=  7.0841E-03 ( 59, 22)
n=  3579   udiff=  5.5454E-03 ( 51, 26)   vdiff=  7.0788E-03 ( 59, 22)
n=  3580   udiff=  5.5385E-03 ( 51, 26)   vdiff=  7.0734E-03 ( 59, 22)
n=  3581   udiff=  5.5315E-03 ( 51, 26)   vdiff=  7.0682E-03 ( 59, 22)
n=  3582   udiff=  5.5246E-03 ( 51, 26)   vdiff=  7.0627E-03 ( 59, 22)
n=  3583   udiff=  5.5176E-03 ( 51, 26)   vdiff=  7.0573E-03 ( 59, 22)
n=  3584   udiff=  5.5106E-03 ( 51, 26)   vdiff=  7.0520E-03 ( 59, 22)
n=  3585   udiff=  5.5035E-03 ( 51, 26)   vdiff=  7.0465E-03 ( 59, 22)
n=  3586   udiff=  5.4965E-03 ( 51, 26)   vdiff=  7.0409E-03 ( 59, 22)
n=  3587   udiff=  5.4894E-03 ( 51, 26)   vdiff=  7.0355E-03 ( 59, 22)
n=  3588   udiff=  5.4823E-03 ( 51, 26)   vdiff=  7.0299E-03 ( 59, 22)
n=  3589   udiff=  5.4752E-03 ( 51, 26)   vdiff=  7.0244E-03 ( 59, 22)
n=  3590   udiff=  5.4681E-03 ( 51, 26)   vdiff=  7.0189E-03 ( 59, 22)
n=  3591   udiff=  5.4610E-03 ( 51, 26)   vdiff=  7.0133E-03 ( 59, 22)
n=  3592   udiff=  5.4538E-03 ( 51, 26)   vdiff=  7.0078E-03 ( 59, 22)
n=  3593   udiff=  5.4467E-03 ( 51, 26)   vdiff=  7.0021E-03 ( 59, 22)
n=  3594   udiff=  5.4395E-03 ( 51, 26)   vdiff=  6.9965E-03 ( 59, 22)
n=  3595   udiff=  5.4323E-03 ( 51, 26)   vdiff=  6.9907E-03 ( 59, 22)
n=  3596   udiff=  5.4250E-03 ( 51, 26)   vdiff=  6.9851E-03 ( 59, 22)
n=  3597   udiff=  5.4178E-03 ( 51, 26)   vdiff=  6.9794E-03 ( 59, 22)
n=  3598   udiff=  5.4106E-03 ( 51, 26)   vdiff=  6.9737E-03 ( 59, 22)
n=  3599   udiff=  5.4033E-03 ( 51, 26)   vdiff=  6.9680E-03 ( 59, 22)
n=  3600   udiff=  5.3960E-03 ( 51, 26)   vdiff=  6.9622E-03 ( 59, 22)
n=  3601   udiff=  5.3887E-03 ( 51, 26)   vdiff=  6.9564E-03 ( 59, 22)
n=  3602   udiff=  5.3814E-03 ( 51, 26)   vdiff=  6.9506E-03 ( 59, 22)
n=  3603   udiff=  5.3740E-03 ( 51, 26)   vdiff=  6.9449E-03 ( 59, 22)
n=  3604   udiff=  5.3667E-03 ( 51, 26)   vdiff=  6.9390E-03 ( 59, 22)
n=  3605   udiff=  5.3593E-03 ( 51, 26)   vdiff=  6.9332E-03 ( 59, 22)
n=  3606   udiff=  5.3519E-03 ( 51, 26)   vdiff=  6.9273E-03 ( 59, 22)
n=  3607   udiff=  5.3445E-03 ( 51, 26)   vdiff=  6.9214E-03 ( 59, 22)
n=  3608   udiff=  5.3371E-03 ( 51, 26)   vdiff=  6.9154E-03 ( 59, 22)
n=  3609   udiff=  5.3297E-03 ( 51, 26)   vdiff=  6.9095E-03 ( 59, 22)
n=  3610   udiff=  5.3222E-03 ( 51, 26)   vdiff=  6.9037E-03 ( 59, 22)
n=  3611   udiff=  5.3148E-03 ( 51, 26)   vdiff=  6.8976E-03 ( 59, 22)
n=  3612   udiff=  5.3073E-03 ( 51, 26)   vdiff=  6.8916E-03 ( 59, 22)
n=  3613   udiff=  5.2998E-03 ( 51, 26)   vdiff=  6.8856E-03 ( 59, 22)
n=  3614   udiff=  5.2923E-03 ( 51, 26)   vdiff=  6.8797E-03 ( 59, 22)
n=  3615   udiff=  5.2848E-03 ( 51, 26)   vdiff=  6.8736E-03 ( 59, 22)
n=  3616   udiff=  5.2772E-03 ( 51, 26)   vdiff=  6.8675E-03 ( 59, 22)
n=  3617   udiff=  5.2697E-03 ( 51, 26)   vdiff=  6.8614E-03 ( 59, 22)
n=  3618   udiff=  5.2621E-03 ( 51, 26)   vdiff=  6.8554E-03 ( 59, 22)
n=  3619   udiff=  5.2546E-03 ( 51, 26)   vdiff=  6.8493E-03 ( 59, 22)
n=  3620   udiff=  5.2469E-03 ( 51, 26)   vdiff=  6.8430E-03 ( 59, 22)
n=  3621   udiff=  5.2393E-03 ( 51, 26)   vdiff=  6.8370E-03 ( 59, 22)
n=  3622   udiff=  5.2317E-03 ( 51, 26)   vdiff=  6.8308E-03 ( 59, 22)
n=  3623   udiff=  5.2241E-03 ( 51, 26)   vdiff=  6.8245E-03 ( 59, 22)
n=  3624   udiff=  5.2164E-03 ( 51, 26)   vdiff=  6.8183E-03 ( 59, 22)
n=  3625   udiff=  5.2088E-03 ( 51, 26)   vdiff=  6.8122E-03 ( 59, 22)
n=  3626   udiff=  5.2011E-03 ( 51, 26)   vdiff=  6.8059E-03 ( 59, 22)
n=  3627   udiff=  5.1934E-03 ( 51, 26)   vdiff=  6.7996E-03 ( 59, 22)
n=  3628   udiff=  5.1857E-03 ( 51, 26)   vdiff=  6.7934E-03 ( 59, 22)
n=  3629   udiff=  5.1780E-03 ( 51, 26)   vdiff=  6.7871E-03 ( 59, 22)
n=  3630   udiff=  5.1702E-03 ( 51, 26)   vdiff=  6.7807E-03 ( 59, 22)
n=  3631   udiff=  5.1625E-03 ( 51, 26)   vdiff=  6.7744E-03 ( 59, 22)
n=  3632   udiff=  5.1547E-03 ( 51, 26)   vdiff=  6.7681E-03 ( 59, 22)
n=  3633   udiff=  5.1470E-03 ( 51, 26)   vdiff=  6.7617E-03 ( 59, 22)
n=  3634   udiff=  5.1392E-03 ( 51, 26)   vdiff=  6.7554E-03 ( 59, 22)
n=  3635   udiff=  5.1314E-03 ( 51, 26)   vdiff=  6.7489E-03 ( 59, 22)
n=  3636   udiff=  5.1236E-03 ( 51, 26)   vdiff=  6.7424E-03 ( 59, 22)
n=  3637   udiff=  5.1158E-03 ( 51, 26)   vdiff=  6.7361E-03 ( 59, 22)
n=  3638   udiff=  5.1079E-03 ( 51, 26)   vdiff=  6.7296E-03 ( 59, 22)
n=  3639   udiff=  5.1001E-03 ( 51, 26)   vdiff=  6.7231E-03 ( 59, 22)
n=  3640   udiff=  5.0923E-03 ( 51, 26)   vdiff=  6.7170E-03 ( 59, 21)
n=  3641   udiff=  5.0844E-03 ( 51, 26)   vdiff=  6.7125E-03 ( 59, 21)
n=  3642   udiff=  5.0765E-03 ( 51, 26)   vdiff=  6.7076E-03 ( 59, 21)
n=  3643   udiff=  5.0686E-03 ( 51, 26)   vdiff=  6.7029E-03 ( 59, 21)
n=  3644   udiff=  5.0607E-03 ( 51, 26)   vdiff=  6.6983E-03 ( 59, 21)
n=  3645   udiff=  5.0528E-03 ( 51, 26)   vdiff=  6.6937E-03 ( 59, 21)
n=  3646   udiff=  5.0448E-03 ( 51, 26)   vdiff=  6.6888E-03 ( 59, 21)
n=  3647   udiff=  5.0369E-03 ( 51, 26)   vdiff=  6.6842E-03 ( 59, 21)
n=  3648   udiff=  5.0289E-03 ( 51, 26)   vdiff=  6.6792E-03 ( 59, 21)
n=  3649   udiff=  5.0210E-03 ( 51, 26)   vdiff=  6.6743E-03 ( 59, 21)
n=  3650   udiff=  5.0130E-03 ( 51, 26)   vdiff=  6.6694E-03 ( 59, 21)
n=  3651   udiff=  5.0050E-03 ( 51, 26)   vdiff=  6.6646E-03 ( 59, 21)
n=  3652   udiff=  4.9970E-03 ( 51, 26)   vdiff=  6.6599E-03 ( 59, 21)
n=  3653   udiff=  4.9890E-03 ( 51, 26)   vdiff=  6.6548E-03 ( 59, 21)
n=  3654   udiff=  4.9810E-03 ( 51, 26)   vdiff=  6.6499E-03 ( 59, 21)
n=  3655   udiff=  4.9730E-03 ( 51, 26)   vdiff=  6.6450E-03 ( 59, 21)
n=  3656   udiff=  4.9649E-03 ( 51, 26)   vdiff=  6.6400E-03 ( 59, 21)
n=  3657   udiff=  4.9569E-03 ( 51, 26)   vdiff=  6.6349E-03 ( 59, 21)
n=  3658   udiff=  4.9488E-03 ( 51, 26)   vdiff=  6.6300E-03 ( 59, 21)
n=  3659   udiff=  4.9407E-03 ( 51, 26)   vdiff=  6.6249E-03 ( 59, 21)
n=  3660   udiff=  4.9327E-03 ( 51, 26)   vdiff=  6.6197E-03 ( 59, 21)
n=  3661   udiff=  4.9246E-03 ( 51, 26)   vdiff=  6.6147E-03 ( 59, 21)
n=  3662   udiff=  4.9165E-03 ( 51, 26)   vdiff=  6.6096E-03 ( 59, 21)
n=  3663   udiff=  4.9084E-03 ( 51, 26)   vdiff=  6.6043E-03 ( 59, 21)
n=  3664   udiff=  4.9003E-03 ( 51, 26)   vdiff=  6.5992E-03 ( 59, 21)
n=  3665   udiff=  4.8921E-03 ( 51, 26)   vdiff=  6.5940E-03 ( 59, 21)
n=  3666   udiff=  4.8840E-03 ( 51, 26)   vdiff=  6.5888E-03 ( 59, 21)
n=  3667   udiff=  4.8759E-03 ( 51, 26)   vdiff=  6.5836E-03 ( 59, 21)
n=  3668   udiff=  4.8679E-03 ( 52, 26)   vdiff=  6.5784E-03 ( 59, 21)
n=  3669   udiff=  4.8606E-03 ( 52, 26)   vdiff=  6.5730E-03 ( 59, 21)
n=  3670   udiff=  4.8533E-03 ( 52, 26)   vdiff=  6.5676E-03 ( 59, 21)
n=  3671   udiff=  4.8459E-03 ( 52, 26)   vdiff=  6.5623E-03 ( 59, 21)
n=  3672   udiff=  4.8385E-03 ( 52, 26)   vdiff=  6.5569E-03 ( 59, 21)
n=  3673   udiff=  4.8311E-03 ( 52, 26)   vdiff=  6.5517E-03 ( 59, 21)
n=  3674   udiff=  4.8237E-03 ( 52, 26)   vdiff=  6.5462E-03 ( 59, 21)
n=  3675   udiff=  4.8163E-03 ( 52, 26)   vdiff=  6.5406E-03 ( 59, 21)
n=  3676   udiff=  4.8089E-03 ( 52, 26)   vdiff=  6.5353E-03 ( 59, 21)
n=  3677   udiff=  4.8015E-03 ( 52, 26)   vdiff=  6.5299E-03 ( 59, 21)
n=  3678   udiff=  4.7940E-03 ( 52, 26)   vdiff=  6.5241E-03 ( 59, 21)
n=  3679   udiff=  4.7866E-03 ( 52, 26)   vdiff=  6.5187E-03 ( 59, 21)
n=  3680   udiff=  4.7792E-03 ( 52, 26)   vdiff=  6.5134E-03 ( 59, 21)
n=  3681   udiff=  4.7717E-03 ( 52, 26)   vdiff=  6.5076E-03 ( 59, 21)
n=  3682   udiff=  4.7642E-03 ( 52, 26)   vdiff=  6.5021E-03 ( 59, 21)
n=  3683   udiff=  4.7568E-03 ( 52, 26)   vdiff=  6.4965E-03 ( 59, 21)
n=  3684   udiff=  4.7492E-03 ( 52, 26)   vdiff=  6.4909E-03 ( 59, 21)
n=  3685   udiff=  4.7417E-03 ( 52, 26)   vdiff=  6.4853E-03 ( 59, 21)
n=  3686   udiff=  4.7342E-03 ( 52, 26)   vdiff=  6.4795E-03 ( 59, 21)
n=  3687   udiff=  4.7267E-03 ( 52, 26)   vdiff=  6.4739E-03 ( 59, 21)
n=  3688   udiff=  4.7192E-03 ( 52, 26)   vdiff=  6.4683E-03 ( 59, 21)
n=  3689   udiff=  4.7116E-03 ( 52, 26)   vdiff=  6.4625E-03 ( 59, 21)
n=  3690   udiff=  4.7041E-03 ( 52, 26)   vdiff=  6.4568E-03 ( 59, 21)
n=  3691   udiff=  4.6965E-03 ( 52, 26)   vdiff=  6.4509E-03 ( 59, 21)
n=  3692   udiff=  4.6889E-03 ( 52, 26)   vdiff=  6.4453E-03 ( 59, 21)
n=  3693   udiff=  4.6813E-03 ( 52, 26)   vdiff=  6.4392E-03 ( 59, 21)
n=  3694   udiff=  4.6737E-03 ( 52, 26)   vdiff=  6.4334E-03 ( 59, 21)
n=  3695   udiff=  4.6661E-03 ( 52, 26)   vdiff=  6.4276E-03 ( 59, 21)
n=  3696   udiff=  4.6585E-03 ( 52, 26)   vdiff=  6.4217E-03 ( 59, 21)
n=  3697   udiff=  4.6509E-03 ( 52, 26)   vdiff=  6.4158E-03 ( 59, 21)
n=  3698   udiff=  4.6433E-03 ( 52, 26)   vdiff=  6.4100E-03 ( 59, 21)
n=  3699   udiff=  4.6356E-03 ( 52, 26)   vdiff=  6.4041E-03 ( 59, 21)
n=  3700   udiff=  4.6280E-03 ( 52, 26)   vdiff=  6.3981E-03 ( 59, 21)
n=  3701   udiff=  4.6203E-03 ( 52, 26)   vdiff=  6.3920E-03 ( 59, 21)
n=  3702   udiff=  4.6127E-03 ( 52, 26)   vdiff=  6.3863E-03 ( 59, 21)
n=  3703   udiff=  4.6050E-03 ( 52, 26)   vdiff=  6.3803E-03 ( 59, 21)
n=  3704   udiff=  4.5973E-03 ( 52, 26)   vdiff=  6.3740E-03 ( 59, 21)
n=  3705   udiff=  4.5896E-03 ( 52, 26)   vdiff=  6.3683E-03 ( 59, 21)
n=  3706   udiff=  4.5819E-03 ( 52, 26)   vdiff=  6.3620E-03 ( 59, 21)
n=  3707   udiff=  4.5742E-03 ( 52, 26)   vdiff=  6.3559E-03 ( 59, 21)
n=  3708   udiff=  4.5665E-03 ( 52, 26)   vdiff=  6.3498E-03 ( 59, 21)
n=  3709   udiff=  4.5588E-03 ( 52, 26)   vdiff=  6.3438E-03 ( 59, 21)
n=  3710   udiff=  4.5510E-03 ( 52, 26)   vdiff=  6.3377E-03 ( 59, 21)
n=  3711   udiff=  4.5433E-03 ( 52, 26)   vdiff=  6.3317E-03 ( 59, 21)
n=  3712   udiff=  4.5356E-03 ( 52, 26)   vdiff=  6.3252E-03 ( 59, 21)
n=  3713   udiff=  4.5278E-03 ( 52, 26)   vdiff=  6.3192E-03 ( 59, 21)
n=  3714   udiff=  4.5200E-03 ( 52, 26)   vdiff=  6.3128E-03 ( 59, 21)
n=  3715   udiff=  4.5123E-03 ( 52, 26)   vdiff=  6.3067E-03 ( 59, 21)
n=  3716   udiff=  4.5045E-03 ( 52, 26)   vdiff=  6.3003E-03 ( 59, 21)
n=  3717   udiff=  4.4967E-03 ( 52, 26)   vdiff=  6.2941E-03 ( 59, 21)
n=  3718   udiff=  4.4889E-03 ( 52, 26)   vdiff=  6.2879E-03 ( 59, 21)
n=  3719   udiff=  4.4812E-03 ( 52, 26)   vdiff=  6.2816E-03 ( 59, 21)
n=  3720   udiff=  4.4733E-03 ( 52, 26)   vdiff=  6.2752E-03 ( 59, 21)
n=  3721   udiff=  4.4655E-03 ( 52, 26)   vdiff=  6.2694E-03 ( 59, 19)
n=  3722   udiff=  4.4577E-03 ( 52, 26)   vdiff=  6.2649E-03 ( 59, 19)
n=  3723   udiff=  4.4499E-03 ( 52, 26)   vdiff=  6.2605E-03 ( 59, 19)
n=  3724   udiff=  4.4420E-03 ( 52, 26)   vdiff=  6.2557E-03 ( 59, 19)
n=  3725   udiff=  4.4342E-03 ( 52, 26)   vdiff=  6.2512E-03 ( 59, 19)
n=  3726   udiff=  4.4264E-03 ( 52, 26)   vdiff=  6.2466E-03 ( 59, 19)
n=  3727   udiff=  4.4185E-03 ( 52, 26)   vdiff=  6.2418E-03 ( 59, 19)
n=  3728   udiff=  4.4107E-03 ( 52, 26)   vdiff=  6.2371E-03 ( 59, 19)
n=  3729   udiff=  4.4028E-03 ( 52, 26)   vdiff=  6.2330E-03 ( 59, 19)
n=  3730   udiff=  4.3950E-03 ( 52, 26)   vdiff=  6.2279E-03 ( 59, 19)
n=  3731   udiff=  4.3871E-03 ( 52, 26)   vdiff=  6.2233E-03 ( 59, 19)
n=  3732   udiff=  4.3792E-03 ( 52, 26)   vdiff=  6.2184E-03 ( 59, 19)
n=  3733   udiff=  4.3713E-03 ( 52, 26)   vdiff=  6.2136E-03 ( 59, 19)
n=  3734   udiff=  4.3634E-03 ( 52, 26)   vdiff=  6.2089E-03 ( 59, 19)
n=  3735   udiff=  4.3555E-03 ( 52, 26)   vdiff=  6.2040E-03 ( 59, 19)
n=  3736   udiff=  4.3476E-03 ( 52, 26)   vdiff=  6.1992E-03 ( 59, 19)
n=  3737   udiff=  4.3397E-03 ( 52, 26)   vdiff=  6.1941E-03 ( 59, 19)
n=  3738   udiff=  4.3318E-03 ( 52, 26)   vdiff=  6.1894E-03 ( 59, 19)
n=  3739   udiff=  4.3239E-03 ( 52, 26)   vdiff=  6.1847E-03 ( 59, 19)
n=  3740   udiff=  4.3159E-03 ( 52, 26)   vdiff=  6.1798E-03 ( 59, 19)
n=  3741   udiff=  4.3080E-03 ( 52, 26)   vdiff=  6.1745E-03 ( 59, 19)
n=  3742   udiff=  4.3001E-03 ( 52, 26)   vdiff=  6.1691E-03 ( 59, 19)
n=  3743   udiff=  4.2921E-03 ( 52, 26)   vdiff=  6.1645E-03 ( 59, 19)
n=  3744   udiff=  4.2842E-03 ( 52, 26)   vdiff=  6.1598E-03 ( 59, 19)
n=  3745   udiff=  4.2762E-03 ( 52, 26)   vdiff=  6.1544E-03 ( 59, 19)
n=  3746   udiff=  4.2683E-03 ( 52, 26)   vdiff=  6.1491E-03 ( 59, 19)
n=  3747   udiff=  4.2603E-03 ( 52, 26)   vdiff=  6.1444E-03 ( 59, 19)
n=  3748   udiff=  4.2523E-03 ( 52, 26)   vdiff=  6.1392E-03 ( 59, 19)
n=  3749   udiff=  4.2444E-03 ( 52, 26)   vdiff=  6.1339E-03 ( 59, 19)
n=  3750   udiff=  4.2364E-03 ( 52, 26)   vdiff=  6.1288E-03 ( 59, 19)
n=  3751   udiff=  4.2284E-03 ( 52, 26)   vdiff=  6.1234E-03 ( 59, 19)
n=  3752   udiff=  4.2204E-03 ( 52, 26)   vdiff=  6.1180E-03 ( 59, 19)
n=  3753   udiff=  4.2125E-03 ( 52, 26)   vdiff=  6.1130E-03 ( 59, 19)
n=  3754   udiff=  4.2044E-03 ( 52, 26)   vdiff=  6.1076E-03 ( 59, 19)
n=  3755   udiff=  4.1965E-03 ( 52, 26)   vdiff=  6.1025E-03 ( 59, 19)
n=  3756   udiff=  4.1884E-03 ( 52, 26)   vdiff=  6.0967E-03 ( 59, 19)
n=  3757   udiff=  4.1804E-03 ( 52, 26)   vdiff=  6.0918E-03 ( 59, 19)
n=  3758   udiff=  4.1724E-03 ( 52, 26)   vdiff=  6.0861E-03 ( 59, 19)
n=  3759   udiff=  4.1644E-03 ( 52, 26)   vdiff=  6.0810E-03 ( 59, 19)
n=  3760   udiff=  4.1564E-03 ( 52, 26)   vdiff=  6.0754E-03 ( 59, 19)
n=  3761   udiff=  4.1484E-03 ( 52, 26)   vdiff=  6.0701E-03 ( 59, 19)
n=  3762   udiff=  4.1404E-03 ( 52, 26)   vdiff=  6.0644E-03 ( 59, 19)
n=  3763   udiff=  4.1323E-03 ( 52, 26)   vdiff=  6.0586E-03 ( 59, 19)
n=  3764   udiff=  4.1243E-03 ( 52, 26)   vdiff=  6.0533E-03 ( 59, 19)
n=  3765   udiff=  4.1162E-03 ( 52, 26)   vdiff=  6.0479E-03 ( 59, 19)
n=  3766   udiff=  4.1082E-03 ( 52, 26)   vdiff=  6.0420E-03 ( 59, 19)
n=  3767   udiff=  4.1002E-03 ( 52, 26)   vdiff=  6.0364E-03 ( 59, 19)
n=  3768   udiff=  4.0921E-03 ( 52, 26)   vdiff=  6.0312E-03 ( 59, 19)
n=  3769   udiff=  4.0841E-03 ( 52, 26)   vdiff=  6.0257E-03 ( 59, 19)
n=  3770   udiff=  4.0760E-03 ( 52, 26)   vdiff=  6.0194E-03 ( 59, 19)
n=  3771   udiff=  4.0680E-03 ( 52, 26)   vdiff=  6.0137E-03 ( 59, 19)
n=  3772   udiff=  4.0599E-03 ( 52, 26)   vdiff=  6.0085E-03 ( 59, 19)
n=  3773   udiff=  4.0518E-03 ( 52, 26)   vdiff=  6.0028E-03 ( 59, 19)
n=  3774   udiff=  4.0438E-03 ( 52, 26)   vdiff=  5.9967E-03 ( 59, 19)
n=  3775   udiff=  4.0357E-03 ( 52, 26)   vdiff=  5.9906E-03 ( 59, 19)
n=  3776   udiff=  4.0276E-03 ( 52, 26)   vdiff=  5.9853E-03 ( 59, 19)
n=  3777   udiff=  4.0196E-03 ( 52, 26)   vdiff=  5.9796E-03 ( 59, 19)
n=  3778   udiff=  4.0115E-03 ( 52, 26)   vdiff=  5.9734E-03 ( 59, 19)
n=  3779   udiff=  4.0034E-03 ( 52, 26)   vdiff=  5.9677E-03 ( 59, 19)
n=  3780   udiff=  3.9953E-03 ( 52, 26)   vdiff=  5.9618E-03 ( 59, 19)
n=  3781   udiff=  3.9872E-03 ( 52, 26)   vdiff=  5.9560E-03 ( 59, 19)
n=  3782   udiff=  3.9792E-03 ( 52, 26)   vdiff=  5.9501E-03 ( 59, 19)
n=  3783   udiff=  3.9711E-03 ( 52, 26)   vdiff=  5.9440E-03 ( 59, 19)
n=  3784   udiff=  3.9630E-03 ( 52, 26)   vdiff=  5.9377E-03 ( 59, 19)
n=  3785   udiff=  3.9549E-03 ( 52, 26)   vdiff=  5.9321E-03 ( 59, 19)
n=  3786   udiff=  3.9468E-03 ( 52, 26)   vdiff=  5.9260E-03 ( 59, 19)
n=  3787   udiff=  3.9387E-03 ( 52, 26)   vdiff=  5.9201E-03 ( 59, 19)
n=  3788   udiff=  3.9306E-03 ( 52, 26)   vdiff=  5.9136E-03 ( 59, 19)
n=  3789   udiff=  3.9225E-03 ( 52, 26)   vdiff=  5.9078E-03 ( 59, 19)
n=  3790   udiff=  3.9144E-03 ( 52, 26)   vdiff=  5.9017E-03 ( 59, 19)
n=  3791   udiff=  3.9063E-03 ( 52, 26)   vdiff=  5.8957E-03 ( 59, 19)
n=  3792   udiff=  3.8982E-03 ( 52, 26)   vdiff=  5.8894E-03 ( 59, 19)
n=  3793   udiff=  3.8901E-03 ( 52, 26)   vdiff=  5.8830E-03 ( 59, 19)
n=  3794   udiff=  3.8820E-03 ( 52, 26)   vdiff=  5.8775E-03 ( 59, 19)
n=  3795   udiff=  3.8742E-03 ( 53, 26)   vdiff=  5.8710E-03 ( 59, 19)
n=  3796   udiff=  3.8667E-03 ( 53, 26)   vdiff=  5.8651E-03 ( 59, 19)
n=  3797   udiff=  3.8592E-03 ( 53, 26)   vdiff=  5.8585E-03 ( 59, 19)
n=  3798   udiff=  3.8516E-03 ( 53, 26)   vdiff=  5.8523E-03 ( 59, 19)
n=  3799   udiff=  3.8441E-03 ( 53, 26)   vdiff=  5.8463E-03 ( 59, 19)
n=  3800   udiff=  3.8366E-03 ( 53, 26)   vdiff=  5.8400E-03 ( 59, 19)
n=  3801   udiff=  3.8291E-03 ( 53, 26)   vdiff=  5.8337E-03 ( 59, 19)
n=  3802   udiff=  3.8216E-03 ( 53, 26)   vdiff=  5.8271E-03 ( 59, 19)
n=  3803   udiff=  3.8141E-03 ( 53, 26)   vdiff=  5.8208E-03 ( 59, 19)
n=  3804   udiff=  3.8066E-03 ( 53, 26)   vdiff=  5.8144E-03 ( 59, 19)
n=  3805   udiff=  3.7990E-03 ( 53, 26)   vdiff=  5.8081E-03 ( 59, 19)
n=  3806   udiff=  3.7915E-03 ( 53, 26)   vdiff=  5.8016E-03 ( 59, 19)
n=  3807   udiff=  3.7840E-03 ( 53, 26)   vdiff=  5.7953E-03 ( 59, 19)
n=  3808   udiff=  3.7765E-03 ( 53, 26)   vdiff=  5.7890E-03 ( 59, 19)
n=  3809   udiff=  3.7689E-03 ( 53, 26)   vdiff=  5.7824E-03 ( 59, 19)
n=  3810   udiff=  3.7614E-03 ( 53, 26)   vdiff=  5.7760E-03 ( 59, 19)
n=  3811   udiff=  3.7539E-03 ( 53, 26)   vdiff=  5.7695E-03 ( 59, 19)
n=  3812   udiff=  3.7463E-03 ( 53, 26)   vdiff=  5.7629E-03 ( 59, 19)
n=  3813   udiff=  3.7388E-03 ( 53, 26)   vdiff=  5.7563E-03 ( 59, 19)
n=  3814   udiff=  3.7312E-03 ( 53, 26)   vdiff=  5.7499E-03 ( 59, 19)
n=  3815   udiff=  3.7237E-03 ( 53, 26)   vdiff=  5.7431E-03 ( 59, 19)
n=  3816   udiff=  3.7161E-03 ( 53, 26)   vdiff=  5.7367E-03 ( 59, 19)
n=  3817   udiff=  3.7086E-03 ( 53, 26)   vdiff=  5.7303E-03 ( 59, 19)
n=  3818   udiff=  3.7011E-03 ( 53, 26)   vdiff=  5.7239E-03 ( 59, 19)
n=  3819   udiff=  3.6935E-03 ( 53, 26)   vdiff=  5.7167E-03 ( 59, 19)
n=  3820   udiff=  3.6860E-03 ( 53, 26)   vdiff=  5.7104E-03 ( 59, 19)
n=  3821   udiff=  3.6784E-03 ( 53, 26)   vdiff=  5.7036E-03 ( 59, 19)
n=  3822   udiff=  3.6708E-03 ( 53, 26)   vdiff=  5.6968E-03 ( 59, 19)
n=  3823   udiff=  3.6633E-03 ( 53, 26)   vdiff=  5.6902E-03 ( 59, 19)
n=  3824   udiff=  3.6557E-03 ( 53, 26)   vdiff=  5.6833E-03 ( 59, 19)
n=  3825   udiff=  3.6482E-03 ( 53, 26)   vdiff=  5.6770E-03 ( 59, 19)
n=  3826   udiff=  3.6406E-03 ( 53, 26)   vdiff=  5.6698E-03 ( 59, 19)
n=  3827   udiff=  3.6331E-03 ( 53, 26)   vdiff=  5.6631E-03 ( 59, 19)
n=  3828   udiff=  3.6255E-03 ( 53, 26)   vdiff=  5.6561E-03 ( 59, 19)
n=  3829   udiff=  3.6179E-03 ( 53, 26)   vdiff=  5.6493E-03 ( 59, 19)
n=  3830   udiff=  3.6104E-03 ( 53, 26)   vdiff=  5.6429E-03 ( 59, 19)
n=  3831   udiff=  3.6028E-03 ( 53, 26)   vdiff=  5.6360E-03 ( 59, 19)
n=  3832   udiff=  3.5952E-03 ( 53, 26)   vdiff=  5.6290E-03 ( 59, 19)
n=  3833   udiff=  3.5877E-03 ( 53, 26)   vdiff=  5.6222E-03 ( 59, 19)
n=  3834   udiff=  3.5801E-03 ( 53, 26)   vdiff=  5.6154E-03 ( 59, 19)
n=  3835   udiff=  3.5725E-03 ( 53, 26)   vdiff=  5.6083E-03 ( 59, 19)
n=  3836   udiff=  3.5649E-03 ( 53, 26)   vdiff=  5.6014E-03 ( 59, 19)
n=  3837   udiff=  3.5574E-03 ( 53, 26)   vdiff=  5.5944E-03 ( 59, 19)
n=  3838   udiff=  3.5498E-03 ( 53, 26)   vdiff=  5.5880E-03 ( 59, 19)
n=  3839   udiff=  3.5423E-03 ( 53, 26)   vdiff=  5.5809E-03 ( 59, 19)
n=  3840   udiff=  3.5347E-03 ( 53, 26)   vdiff=  5.5735E-03 ( 59, 19)
n=  3841   udiff=  3.5271E-03 ( 53, 26)   vdiff=  5.5671E-03 ( 59, 19)
n=  3842   udiff=  3.5196E-03 ( 53, 26)   vdiff=  5.5597E-03 ( 59, 19)
n=  3843   udiff=  3.5120E-03 ( 53, 26)   vdiff=  5.5529E-03 ( 59, 19)
n=  3844   udiff=  3.5044E-03 ( 53, 26)   vdiff=  5.5458E-03 ( 59, 19)
n=  3845   udiff=  3.4969E-03 ( 53, 26)   vdiff=  5.5387E-03 ( 59, 19)
n=  3846   udiff=  3.4893E-03 ( 53, 26)   vdiff=  5.5317E-03 ( 59, 19)
n=  3847   udiff=  3.4817E-03 ( 53, 26)   vdiff=  5.5247E-03 ( 59, 19)
n=  3848   udiff=  3.4742E-03 ( 53, 26)   vdiff=  5.5174E-03 ( 59, 19)
n=  3849   udiff=  3.4666E-03 ( 53, 26)   vdiff=  5.5106E-03 ( 59, 19)
n=  3850   udiff=  3.4590E-03 ( 53, 26)   vdiff=  5.5030E-03 ( 59, 19)
n=  3851   udiff=  3.4515E-03 ( 53, 26)   vdiff=  5.4961E-03 ( 59, 19)
n=  3852   udiff=  3.4439E-03 ( 53, 26)   vdiff=  5.4893E-03 ( 59, 19)
n=  3853   udiff=  3.4363E-03 ( 53, 26)   vdiff=  5.4821E-03 ( 59, 19)
n=  3854   udiff=  3.4288E-03 ( 53, 26)   vdiff=  5.4749E-03 ( 59, 19)
n=  3855   udiff=  3.4212E-03 ( 53, 26)   vdiff=  5.4676E-03 ( 59, 19)
n=  3856   udiff=  3.4136E-03 ( 53, 26)   vdiff=  5.4603E-03 ( 59, 19)
n=  3857   udiff=  3.4061E-03 ( 53, 26)   vdiff=  5.4533E-03 ( 59, 19)
n=  3858   udiff=  3.3993E-03 ( 53, 25)   vdiff=  5.4461E-03 ( 59, 19)
n=  3859   udiff=  3.3929E-03 ( 53, 25)   vdiff=  5.4386E-03 ( 59, 19)
n=  3860   udiff=  3.3866E-03 ( 53, 25)   vdiff=  5.4311E-03 ( 59, 19)
n=  3861   udiff=  3.3802E-03 ( 53, 25)   vdiff=  5.4240E-03 ( 59, 19)
n=  3862   udiff=  3.3738E-03 ( 53, 25)   vdiff=  5.4168E-03 ( 59, 19)
n=  3863   udiff=  3.3675E-03 ( 53, 25)   vdiff=  5.4092E-03 ( 59, 19)
n=  3864   udiff=  3.3611E-03 ( 53, 25)   vdiff=  5.4023E-03 ( 59, 19)
n=  3865   udiff=  3.3548E-03 ( 53, 25)   vdiff=  5.3949E-03 ( 59, 19)
n=  3866   udiff=  3.3484E-03 ( 53, 25)   vdiff=  5.3879E-03 ( 59, 19)
n=  3867   udiff=  3.3420E-03 ( 53, 25)   vdiff=  5.3802E-03 ( 59, 19)
n=  3868   udiff=  3.3356E-03 ( 53, 25)   vdiff=  5.3729E-03 ( 59, 19)
n=  3869   udiff=  3.3293E-03 ( 53, 25)   vdiff=  5.3658E-03 ( 59, 19)
n=  3870   udiff=  3.3228E-03 ( 53, 25)   vdiff=  5.3584E-03 ( 59, 19)
n=  3871   udiff=  3.3164E-03 ( 53, 25)   vdiff=  5.3509E-03 ( 59, 19)
n=  3872   udiff=  3.3101E-03 ( 53, 25)   vdiff=  5.3433E-03 ( 59, 19)
n=  3873   udiff=  3.3037E-03 ( 53, 25)   vdiff=  5.3356E-03 ( 59, 19)
n=  3874   udiff=  3.2973E-03 ( 53, 25)   vdiff=  5.3287E-03 ( 59, 19)
n=  3875   udiff=  3.2909E-03 ( 53, 25)   vdiff=  5.3209E-03 ( 59, 19)
n=  3876   udiff=  3.2845E-03 ( 53, 25)   vdiff=  5.3136E-03 ( 59, 19)
n=  3877   udiff=  3.2781E-03 ( 53, 25)   vdiff=  5.3062E-03 ( 59, 19)
n=  3878   udiff=  3.2717E-03 ( 53, 25)   vdiff=  5.2987E-03 ( 59, 19)
n=  3879   udiff=  3.2653E-03 ( 53, 25)   vdiff=  5.2912E-03 ( 59, 19)
n=  3880   udiff=  3.2589E-03 ( 53, 25)   vdiff=  5.2836E-03 ( 59, 19)
n=  3881   udiff=  3.2524E-03 ( 53, 25)   vdiff=  5.2764E-03 ( 59, 19)
n=  3882   udiff=  3.2460E-03 ( 53, 25)   vdiff=  5.2686E-03 ( 59, 19)
n=  3883   udiff=  3.2396E-03 ( 53, 25)   vdiff=  5.2613E-03 ( 59, 19)
n=  3884   udiff=  3.2332E-03 ( 53, 25)   vdiff=  5.2538E-03 ( 59, 19)
n=  3885   udiff=  3.2268E-03 ( 53, 25)   vdiff=  5.2460E-03 ( 59, 19)
n=  3886   udiff=  3.2204E-03 ( 53, 25)   vdiff=  5.2385E-03 ( 59, 19)
n=  3887   udiff=  3.2139E-03 ( 53, 25)   vdiff=  5.2305E-03 ( 59, 19)
n=  3888   udiff=  3.2075E-03 ( 53, 25)   vdiff=  5.2235E-03 ( 59, 19)
n=  3889   udiff=  3.2011E-03 ( 53, 25)   vdiff=  5.2157E-03 ( 59, 19)
n=  3890   udiff=  3.1947E-03 ( 53, 25)   vdiff=  5.2083E-03 ( 59, 19)
n=  3891   udiff=  3.1882E-03 ( 53, 25)   vdiff=  5.2004E-03 ( 59, 19)
n=  3892   udiff=  3.1818E-03 ( 53, 25)   vdiff=  5.1928E-03 ( 59, 19)
n=  3893   udiff=  3.1754E-03 ( 53, 25)   vdiff=  5.1854E-03 ( 59, 19)
n=  3894   udiff=  3.1689E-03 ( 53, 25)   vdiff=  5.1779E-03 ( 59, 19)
n=  3895   udiff=  3.1625E-03 ( 53, 25)   vdiff=  5.1699E-03 ( 59, 19)
n=  3896   udiff=  3.1561E-03 ( 53, 25)   vdiff=  5.1623E-03 ( 59, 19)
n=  3897   udiff=  3.1496E-03 ( 53, 25)   vdiff=  5.1548E-03 ( 59, 19)
n=  3898   udiff=  3.1432E-03 ( 53, 25)   vdiff=  5.1469E-03 ( 59, 19)
n=  3899   udiff=  3.1367E-03 ( 53, 25)   vdiff=  5.1394E-03 ( 59, 19)
n=  3900   udiff=  3.1303E-03 ( 53, 25)   vdiff=  5.1319E-03 ( 59, 19)
n=  3901   udiff=  3.1238E-03 ( 53, 25)   vdiff=  5.1236E-03 ( 59, 19)
n=  3902   udiff=  3.1174E-03 ( 53, 25)   vdiff=  5.1159E-03 ( 59, 19)
n=  3903   udiff=  3.1110E-03 ( 53, 25)   vdiff=  5.1086E-03 ( 59, 19)
n=  3904   udiff=  3.1045E-03 ( 53, 25)   vdiff=  5.1006E-03 ( 59, 19)
n=  3905   udiff=  3.0981E-03 ( 53, 25)   vdiff=  5.0926E-03 ( 59, 19)
n=  3906   udiff=  3.0916E-03 ( 53, 25)   vdiff=  5.0851E-03 ( 59, 19)
n=  3907   udiff=  3.0851E-03 ( 53, 25)   vdiff=  5.0775E-03 ( 59, 19)
n=  3908   udiff=  3.0787E-03 ( 53, 25)   vdiff=  5.0694E-03 ( 59, 19)
n=  3909   udiff=  3.0722E-03 ( 53, 25)   vdiff=  5.0617E-03 ( 59, 19)
n=  3910   udiff=  3.0658E-03 ( 53, 25)   vdiff=  5.0537E-03 ( 59, 19)
n=  3911   udiff=  3.0593E-03 ( 53, 25)   vdiff=  5.0464E-03 ( 59, 19)
n=  3912   udiff=  3.0529E-03 ( 53, 25)   vdiff=  5.0383E-03 ( 59, 19)
n=  3913   udiff=  3.0464E-03 ( 53, 25)   vdiff=  5.0304E-03 ( 59, 19)
n=  3914   udiff=  3.0400E-03 ( 53, 25)   vdiff=  5.0228E-03 ( 59, 19)
n=  3915   udiff=  3.0335E-03 ( 53, 25)   vdiff=  5.0151E-03 ( 59, 19)
n=  3916   udiff=  3.0271E-03 ( 53, 25)   vdiff=  5.0072E-03 ( 59, 19)
n=  3917   udiff=  3.0206E-03 ( 53, 25)   vdiff=  4.9995E-03 ( 59, 19)
n=  3918   udiff=  3.0141E-03 ( 53, 25)   vdiff=  4.9914E-03 ( 59, 19)
n=  3919   udiff=  3.0077E-03 ( 53, 25)   vdiff=  4.9835E-03 ( 59, 19)
n=  3920   udiff=  3.0012E-03 ( 53, 25)   vdiff=  4.9756E-03 ( 59, 19)
n=  3921   udiff=  2.9948E-03 ( 53, 25)   vdiff=  4.9676E-03 ( 59, 19)
n=  3922   udiff=  2.9883E-03 ( 53, 25)   vdiff=  4.9601E-03 ( 59, 19)
n=  3923   udiff=  2.9819E-03 ( 53, 25)   vdiff=  4.9517E-03 ( 59, 19)
n=  3924   udiff=  2.9754E-03 ( 53, 25)   vdiff=  4.9439E-03 ( 59, 19)
n=  3925   udiff=  2.9690E-03 ( 53, 25)   vdiff=  4.9360E-03 ( 59, 19)
n=  3926   udiff=  2.9625E-03 ( 53, 25)   vdiff=  4.9285E-03 ( 59, 19)
n=  3927   udiff=  2.9560E-03 ( 53, 25)   vdiff=  4.9203E-03 ( 59, 19)
n=  3928   udiff=  2.9496E-03 ( 53, 25)   vdiff=  4.9122E-03 ( 59, 19)
n=  3929   udiff=  2.9432E-03 ( 53, 25)   vdiff=  4.9045E-03 ( 59, 19)
n=  3930   udiff=  2.9367E-03 ( 53, 25)   vdiff=  4.8965E-03 ( 59, 19)
n=  3931   udiff=  2.9303E-03 ( 53, 25)   vdiff=  4.8880E-03 ( 59, 19)
n=  3932   udiff=  2.9238E-03 ( 53, 25)   vdiff=  4.8803E-03 ( 59, 19)
n=  3933   udiff=  2.9174E-03 ( 53, 25)   vdiff=  4.8727E-03 ( 59, 19)
n=  3934   udiff=  2.9109E-03 ( 53, 25)   vdiff=  4.8646E-03 ( 59, 19)
n=  3935   udiff=  2.9045E-03 ( 53, 25)   vdiff=  4.8565E-03 ( 59, 19)
n=  3936   udiff=  2.8980E-03 ( 53, 25)   vdiff=  4.8486E-03 ( 59, 19)
n=  3937   udiff=  2.8916E-03 ( 53, 25)   vdiff=  4.8404E-03 ( 59, 19)
n=  3938   udiff=  2.8851E-03 ( 53, 25)   vdiff=  4.8324E-03 ( 59, 19)
n=  3939   udiff=  2.8786E-03 ( 53, 25)   vdiff=  4.8244E-03 ( 59, 19)
n=  3940   udiff=  2.8722E-03 ( 53, 25)   vdiff=  4.8163E-03 ( 59, 19)
n=  3941   udiff=  2.8658E-03 ( 53, 25)   vdiff=  4.8083E-03 ( 59, 19)
n=  3942   udiff=  2.8593E-03 ( 53, 25)   vdiff=  4.8006E-03 ( 59, 19)
n=  3943   udiff=  2.8529E-03 ( 53, 25)   vdiff=  4.7923E-03 ( 59, 19)
n=  3944   udiff=  2.8465E-03 ( 53, 25)   vdiff=  4.7846E-03 ( 59, 19)
n=  3945   udiff=  2.8400E-03 ( 53, 25)   vdiff=  4.7766E-03 ( 59, 19)
n=  3946   udiff=  2.8336E-03 ( 53, 25)   vdiff=  4.7679E-03 ( 59, 19)
n=  3947   udiff=  2.8271E-03 ( 53, 25)   vdiff=  4.7602E-03 ( 59, 19)
n=  3948   udiff=  2.8207E-03 ( 53, 25)   vdiff=  4.7523E-03 ( 59, 19)
n=  3949   udiff=  2.8143E-03 ( 53, 25)   vdiff=  4.7440E-03 ( 59, 19)
n=  3950   udiff=  2.8078E-03 ( 53, 25)   vdiff=  4.7358E-03 ( 59, 19)
n=  3951   udiff=  2.8014E-03 ( 53, 25)   vdiff=  4.7280E-03 ( 59, 19)
n=  3952   udiff=  2.7950E-03 ( 53, 25)   vdiff=  4.7196E-03 ( 59, 19)
n=  3953   udiff=  2.7886E-03 ( 53, 25)   vdiff=  4.7116E-03 ( 59, 19)
n=  3954   udiff=  2.7821E-03 ( 53, 25)   vdiff=  4.7035E-03 ( 59, 19)
n=  3955   udiff=  2.7757E-03 ( 53, 25)   vdiff=  4.6952E-03 ( 59, 19)
n=  3956   udiff=  2.7693E-03 ( 53, 25)   vdiff=  4.6877E-03 ( 59, 19)
n=  3957   udiff=  2.7629E-03 ( 53, 25)   vdiff=  4.6792E-03 ( 59, 19)
n=  3958   udiff=  2.7564E-03 ( 53, 25)   vdiff=  4.6709E-03 ( 59, 19)
n=  3959   udiff=  2.7500E-03 ( 53, 25)   vdiff=  4.6631E-03 ( 59, 19)
n=  3960   udiff=  2.7436E-03 ( 53, 25)   vdiff=  4.6550E-03 ( 59, 19)
n=  3961   udiff=  2.7372E-03 ( 53, 25)   vdiff=  4.6469E-03 ( 59, 19)
n=  3962   udiff=  2.7308E-03 ( 53, 25)   vdiff=  4.6386E-03 ( 59, 19)
n=  3963   udiff=  2.7244E-03 ( 53, 25)   vdiff=  4.6305E-03 ( 59, 19)
n=  3964   udiff=  2.7180E-03 ( 53, 25)   vdiff=  4.6221E-03 ( 59, 19)
n=  3965   udiff=  2.7116E-03 ( 53, 25)   vdiff=  4.6142E-03 ( 59, 19)
n=  3966   udiff=  2.7052E-03 ( 53, 25)   vdiff=  4.6056E-03 ( 59, 19)
n=  3967   udiff=  2.6988E-03 ( 53, 25)   vdiff=  4.5979E-03 ( 59, 19)
n=  3968   udiff=  2.6923E-03 ( 53, 25)   vdiff=  4.5898E-03 ( 59, 19)
n=  3969   udiff=  2.6860E-03 ( 53, 25)   vdiff=  4.5817E-03 ( 59, 19)
n=  3970   udiff=  2.6796E-03 ( 53, 25)   vdiff=  4.5733E-03 ( 59, 19)
n=  3971   udiff=  2.6732E-03 ( 53, 25)   vdiff=  4.5650E-03 ( 59, 19)
n=  3972   udiff=  2.6668E-03 ( 53, 25)   vdiff=  4.5572E-03 ( 59, 19)
n=  3973   udiff=  2.6604E-03 ( 53, 25)   vdiff=  4.5485E-03 ( 59, 19)
n=  3974   udiff=  2.6540E-03 ( 53, 25)   vdiff=  4.5406E-03 ( 59, 19)
n=  3975   udiff=  2.6477E-03 ( 53, 25)   vdiff=  4.5323E-03 ( 59, 19)
n=  3976   udiff=  2.6413E-03 ( 53, 25)   vdiff=  4.5243E-03 ( 59, 19)
n=  3977   udiff=  2.6349E-03 ( 53, 25)   vdiff=  4.5159E-03 ( 59, 19)
n=  3978   udiff=  2.6285E-03 ( 53, 25)   vdiff=  4.5076E-03 ( 59, 19)
n=  3979   udiff=  2.6222E-03 ( 53, 25)   vdiff=  4.4993E-03 ( 59, 19)
n=  3980   udiff=  2.6158E-03 ( 53, 25)   vdiff=  4.4913E-03 ( 59, 19)
n=  3981   udiff=  2.6094E-03 ( 53, 25)   vdiff=  4.4835E-03 ( 59, 19)
n=  3982   udiff=  2.6031E-03 ( 53, 25)   vdiff=  4.4747E-03 ( 59, 19)
n=  3983   udiff=  2.5967E-03 ( 53, 25)   vdiff=  4.4666E-03 ( 59, 19)
n=  3984   udiff=  2.5904E-03 ( 53, 25)   vdiff=  4.4583E-03 ( 59, 19)
n=  3985   udiff=  2.5840E-03 ( 53, 25)   vdiff=  4.4500E-03 ( 59, 19)
n=  3986   udiff=  2.5776E-03 ( 53, 25)   vdiff=  4.4420E-03 ( 59, 19)
n=  3987   udiff=  2.5713E-03 ( 53, 25)   vdiff=  4.4335E-03 ( 59, 19)
n=  3988   udiff=  2.5652E-03 ( 54, 25)   vdiff=  4.4254E-03 ( 59, 19)
n=  3989   udiff=  2.5594E-03 ( 54, 25)   vdiff=  4.4174E-03 ( 59, 19)
n=  3990   udiff=  2.5536E-03 ( 54, 25)   vdiff=  4.4090E-03 ( 59, 19)
n=  3991   udiff=  2.5478E-03 ( 54, 25)   vdiff=  4.4010E-03 ( 59, 19)
n=  3992   udiff=  2.5420E-03 ( 54, 25)   vdiff=  4.3927E-03 ( 59, 19)
n=  3993   udiff=  2.5362E-03 ( 54, 25)   vdiff=  4.3843E-03 ( 59, 19)
n=  3994   udiff=  2.5303E-03 ( 54, 25)   vdiff=  4.3762E-03 ( 59, 19)
n=  3995   udiff=  2.5245E-03 ( 54, 25)   vdiff=  4.3678E-03 ( 59, 19)
n=  3996   udiff=  2.5187E-03 ( 54, 25)   vdiff=  4.3596E-03 ( 59, 19)
n=  3997   udiff=  2.5129E-03 ( 54, 25)   vdiff=  4.3515E-03 ( 59, 19)
n=  3998   udiff=  2.5071E-03 ( 54, 25)   vdiff=  4.3430E-03 ( 59, 19)
n=  3999   udiff=  2.5013E-03 ( 54, 25)   vdiff=  4.3347E-03 ( 59, 19)
n=  4000   udiff=  2.4955E-03 ( 54, 25)   vdiff=  4.3264E-03 ( 59, 19)
n=  4001   udiff=  2.4897E-03 ( 54, 25)   vdiff=  4.3178E-03 ( 59, 19)
n=  4002   udiff=  2.4839E-03 ( 54, 25)   vdiff=  4.3098E-03 ( 59, 19)
n=  4003   udiff=  2.4781E-03 ( 54, 25)   vdiff=  4.3015E-03 ( 59, 19)
n=  4004   udiff=  2.4723E-03 ( 54, 25)   vdiff=  4.2936E-03 ( 59, 19)
n=  4005   udiff=  2.4665E-03 ( 54, 25)   vdiff=  4.2853E-03 ( 59, 19)
n=  4006   udiff=  2.4607E-03 ( 54, 25)   vdiff=  4.2770E-03 ( 59, 19)
n=  4007   udiff=  2.4550E-03 ( 54, 25)   vdiff=  4.2686E-03 ( 59, 19)
n=  4008   udiff=  2.4492E-03 ( 54, 25)   vdiff=  4.2600E-03 ( 59, 19)
n=  4009   udiff=  2.4434E-03 ( 54, 25)   vdiff=  4.2521E-03 ( 59, 19)
n=  4010   udiff=  2.4376E-03 ( 54, 25)   vdiff=  4.2435E-03 ( 59, 19)
n=  4011   udiff=  2.4318E-03 ( 54, 25)   vdiff=  4.2353E-03 ( 59, 19)
n=  4012   udiff=  2.4261E-03 ( 54, 25)   vdiff=  4.2270E-03 ( 59, 19)
n=  4013   udiff=  2.4203E-03 ( 54, 25)   vdiff=  4.2187E-03 ( 59, 19)
n=  4014   udiff=  2.4145E-03 ( 54, 25)   vdiff=  4.2108E-03 ( 59, 19)
n=  4015   udiff=  2.4087E-03 ( 54, 25)   vdiff=  4.2025E-03 ( 59, 19)
n=  4016   udiff=  2.4029E-03 ( 54, 25)   vdiff=  4.1938E-03 ( 59, 19)
n=  4017   udiff=  2.3972E-03 ( 54, 25)   vdiff=  4.1858E-03 ( 59, 19)
n=  4018   udiff=  2.3914E-03 ( 54, 25)   vdiff=  4.1776E-03 ( 59, 19)
n=  4019   udiff=  2.3857E-03 ( 54, 25)   vdiff=  4.1693E-03 ( 59, 19)
n=  4020   udiff=  2.3799E-03 ( 54, 25)   vdiff=  4.1609E-03 ( 59, 19)
n=  4021   udiff=  2.3741E-03 ( 54, 25)   vdiff=  4.1525E-03 ( 59, 19)
n=  4022   udiff=  2.3684E-03 ( 54, 25)   vdiff=  4.1442E-03 ( 59, 19)
n=  4023   udiff=  2.3626E-03 ( 54, 25)   vdiff=  4.1360E-03 ( 59, 19)
n=  4024   udiff=  2.3569E-03 ( 54, 25)   vdiff=  4.1275E-03 ( 59, 19)
n=  4025   udiff=  2.3511E-03 ( 54, 25)   vdiff=  4.1192E-03 ( 59, 19)
n=  4026   udiff=  2.3453E-03 ( 54, 25)   vdiff=  4.1109E-03 ( 59, 19)
n=  4027   udiff=  2.3396E-03 ( 54, 25)   vdiff=  4.1028E-03 ( 59, 19)
n=  4028   udiff=  2.3339E-03 ( 54, 25)   vdiff=  4.0942E-03 ( 59, 19)
n=  4029   udiff=  2.3282E-03 ( 54, 25)   vdiff=  4.0861E-03 ( 59, 19)
n=  4030   udiff=  2.3224E-03 ( 54, 25)   vdiff=  4.0780E-03 ( 59, 19)
n=  4031   udiff=  2.3167E-03 ( 54, 25)   vdiff=  4.0698E-03 ( 59, 19)
n=  4032   udiff=  2.3110E-03 ( 54, 25)   vdiff=  4.0612E-03 ( 59, 19)
n=  4033   udiff=  2.3053E-03 ( 54, 25)   vdiff=  4.0528E-03 ( 59, 19)
n=  4034   udiff=  2.2995E-03 ( 54, 25)   vdiff=  4.0446E-03 ( 59, 19)
n=  4035   udiff=  2.2938E-03 ( 54, 25)   vdiff=  4.0363E-03 ( 59, 19)
n=  4036   udiff=  2.2881E-03 ( 54, 25)   vdiff=  4.0284E-03 ( 59, 19)
n=  4037   udiff=  2.2824E-03 ( 54, 25)   vdiff=  4.0200E-03 ( 59, 19)
n=  4038   udiff=  2.2767E-03 ( 54, 25)   vdiff=  4.0118E-03 ( 59, 19)
n=  4039   udiff=  2.2710E-03 ( 54, 25)   vdiff=  4.0032E-03 ( 59, 19)
n=  4040   udiff=  2.2653E-03 ( 54, 25)   vdiff=  3.9951E-03 ( 59, 19)
n=  4041   udiff=  2.2596E-03 ( 54, 25)   vdiff=  3.9868E-03 ( 59, 19)
n=  4042   udiff=  2.2539E-03 ( 54, 25)   vdiff=  3.9784E-03 ( 59, 19)
n=  4043   udiff=  2.2481E-03 ( 54, 25)   vdiff=  3.9699E-03 ( 59, 19)
n=  4044   udiff=  2.2425E-03 ( 54, 25)   vdiff=  3.9620E-03 ( 59, 19)
n=  4045   udiff=  2.2368E-03 ( 54, 25)   vdiff=  3.9533E-03 ( 59, 19)
n=  4046   udiff=  2.2311E-03 ( 54, 25)   vdiff=  3.9452E-03 ( 59, 19)
n=  4047   udiff=  2.2254E-03 ( 54, 25)   vdiff=  3.9370E-03 ( 59, 19)
n=  4048   udiff=  2.2198E-03 ( 54, 25)   vdiff=  3.9288E-03 ( 59, 19)
n=  4049   udiff=  2.2141E-03 ( 54, 25)   vdiff=  3.9206E-03 ( 59, 19)
n=  4050   udiff=  2.2084E-03 ( 54, 25)   vdiff=  3.9119E-03 ( 59, 19)
n=  4051   udiff=  2.2027E-03 ( 54, 25)   vdiff=  3.9036E-03 ( 59, 19)
n=  4052   udiff=  2.1971E-03 ( 54, 25)   vdiff=  3.8954E-03 ( 59, 19)
n=  4053   udiff=  2.1914E-03 ( 54, 25)   vdiff=  3.8875E-03 ( 59, 19)
n=  4054   udiff=  2.1858E-03 ( 54, 25)   vdiff=  3.8789E-03 ( 59, 19)
n=  4055   udiff=  2.1801E-03 ( 54, 25)   vdiff=  3.8705E-03 ( 59, 19)
n=  4056   udiff=  2.1744E-03 ( 54, 25)   vdiff=  3.8621E-03 ( 59, 19)
n=  4057   udiff=  2.1688E-03 ( 54, 25)   vdiff=  3.8545E-03 ( 59, 19)
n=  4058   udiff=  2.1632E-03 ( 54, 25)   vdiff=  3.8460E-03 ( 59, 19)
n=  4059   udiff=  2.1575E-03 ( 54, 25)   vdiff=  3.8373E-03 ( 59, 19)
n=  4060   udiff=  2.1519E-03 ( 54, 25)   vdiff=  3.8294E-03 ( 59, 19)
n=  4061   udiff=  2.1463E-03 ( 54, 25)   vdiff=  3.8212E-03 ( 59, 19)
n=  4062   udiff=  2.1407E-03 ( 54, 25)   vdiff=  3.8130E-03 ( 59, 19)
n=  4063   udiff=  2.1350E-03 ( 54, 25)   vdiff=  3.8045E-03 ( 59, 19)
n=  4064   udiff=  2.1294E-03 ( 54, 25)   vdiff=  3.7964E-03 ( 59, 19)
n=  4065   udiff=  2.1238E-03 ( 54, 25)   vdiff=  3.7879E-03 ( 59, 19)
n=  4066   udiff=  2.1182E-03 ( 54, 25)   vdiff=  3.7800E-03 ( 59, 19)
n=  4067   udiff=  2.1126E-03 ( 54, 25)   vdiff=  3.7713E-03 ( 59, 19)
n=  4068   udiff=  2.1070E-03 ( 54, 25)   vdiff=  3.7633E-03 ( 59, 19)
n=  4069   udiff=  2.1014E-03 ( 54, 25)   vdiff=  3.7549E-03 ( 59, 19)
n=  4070   udiff=  2.0958E-03 ( 54, 25)   vdiff=  3.7468E-03 ( 59, 19)
n=  4071   udiff=  2.0902E-03 ( 54, 25)   vdiff=  3.7385E-03 ( 59, 19)
n=  4072   udiff=  2.0846E-03 ( 54, 25)   vdiff=  3.7301E-03 ( 59, 19)
n=  4073   udiff=  2.0790E-03 ( 54, 25)   vdiff=  3.7222E-03 ( 59, 19)
n=  4074   udiff=  2.0734E-03 ( 54, 25)   vdiff=  3.7137E-03 ( 59, 19)
n=  4075   udiff=  2.0679E-03 ( 54, 25)   vdiff=  3.7056E-03 ( 59, 19)
n=  4076   udiff=  2.0623E-03 ( 54, 25)   vdiff=  3.6974E-03 ( 59, 19)
n=  4077   udiff=  2.0568E-03 ( 54, 25)   vdiff=  3.6894E-03 ( 59, 19)
n=  4078   udiff=  2.0512E-03 ( 54, 25)   vdiff=  3.6808E-03 ( 59, 19)
n=  4079   udiff=  2.0456E-03 ( 54, 25)   vdiff=  3.6725E-03 ( 59, 19)
n=  4080   udiff=  2.0400E-03 ( 54, 25)   vdiff=  3.6642E-03 ( 59, 19)
n=  4081   udiff=  2.0345E-03 ( 54, 25)   vdiff=  3.6563E-03 ( 59, 19)
n=  4082   udiff=  2.0290E-03 ( 54, 25)   vdiff=  3.6481E-03 ( 59, 19)
n=  4083   udiff=  2.0235E-03 ( 54, 25)   vdiff=  3.6394E-03 ( 59, 19)
n=  4084   udiff=  2.0179E-03 ( 54, 25)   vdiff=  3.6314E-03 ( 59, 19)
n=  4085   udiff=  2.0124E-03 ( 54, 25)   vdiff=  3.6232E-03 ( 59, 19)
n=  4086   udiff=  2.0068E-03 ( 54, 25)   vdiff=  3.6153E-03 ( 59, 19)
n=  4087   udiff=  2.0013E-03 ( 54, 25)   vdiff=  3.6069E-03 ( 59, 19)
n=  4088   udiff=  1.9958E-03 ( 54, 25)   vdiff=  3.5985E-03 ( 59, 19)
n=  4089   udiff=  1.9903E-03 ( 54, 25)   vdiff=  3.5904E-03 ( 59, 19)
n=  4090   udiff=  1.9848E-03 ( 54, 25)   vdiff=  3.5822E-03 ( 59, 19)
n=  4091   udiff=  1.9793E-03 ( 54, 25)   vdiff=  3.5741E-03 ( 59, 19)
n=  4092   udiff=  1.9738E-03 ( 54, 25)   vdiff=  3.5660E-03 ( 59, 19)
n=  4093   udiff=  1.9683E-03 ( 54, 25)   vdiff=  3.5578E-03 ( 59, 19)
n=  4094   udiff=  1.9629E-03 ( 54, 25)   vdiff=  3.5492E-03 ( 59, 19)
n=  4095   udiff=  1.9574E-03 ( 54, 25)   vdiff=  3.5414E-03 ( 59, 19)
n=  4096   udiff=  1.9519E-03 ( 54, 25)   vdiff=  3.5330E-03 ( 59, 19)
n=  4097   udiff=  1.9464E-03 ( 54, 25)   vdiff=  3.5252E-03 ( 59, 19)
n=  4098   udiff=  1.9409E-03 ( 54, 25)   vdiff=  3.5168E-03 ( 59, 19)
n=  4099   udiff=  1.9355E-03 ( 54, 25)   vdiff=  3.5088E-03 ( 59, 19)
n=  4100   udiff=  1.9300E-03 ( 54, 25)   vdiff=  3.5007E-03 ( 59, 19)
n=  4101   udiff=  1.9246E-03 ( 54, 25)   vdiff=  3.4921E-03 ( 59, 19)
n=  4102   udiff=  1.9191E-03 ( 54, 25)   vdiff=  3.4845E-03 ( 59, 19)
n=  4103   udiff=  1.9137E-03 ( 54, 25)   vdiff=  3.4760E-03 ( 59, 19)
n=  4104   udiff=  1.9083E-03 ( 54, 25)   vdiff=  3.4680E-03 ( 59, 19)
n=  4105   udiff=  1.9028E-03 ( 54, 25)   vdiff=  3.4598E-03 ( 59, 19)
n=  4106   udiff=  1.8974E-03 ( 54, 25)   vdiff=  3.4519E-03 ( 59, 19)
n=  4107   udiff=  1.8920E-03 ( 54, 25)   vdiff=  3.4434E-03 ( 59, 19)
n=  4108   udiff=  1.8866E-03 ( 54, 25)   vdiff=  3.4355E-03 ( 59, 19)
n=  4109   udiff=  1.8811E-03 ( 54, 25)   vdiff=  3.4272E-03 ( 59, 19)
n=  4110   udiff=  1.8757E-03 ( 54, 25)   vdiff=  3.4193E-03 ( 59, 19)
n=  4111   udiff=  1.8703E-03 ( 54, 25)   vdiff=  3.4107E-03 ( 59, 19)
n=  4112   udiff=  1.8650E-03 ( 54, 25)   vdiff=  3.4027E-03 ( 59, 19)
n=  4113   udiff=  1.8596E-03 ( 54, 25)   vdiff=  3.3947E-03 ( 59, 19)
n=  4114   udiff=  1.8542E-03 ( 54, 25)   vdiff=  3.3865E-03 ( 59, 19)
n=  4115   udiff=  1.8488E-03 ( 54, 25)   vdiff=  3.3783E-03 ( 59, 19)
n=  4116   udiff=  1.8434E-03 ( 54, 25)   vdiff=  3.3706E-03 ( 59, 19)
n=  4117   udiff=  1.8381E-03 ( 54, 25)   vdiff=  3.3624E-03 ( 59, 19)
n=  4118   udiff=  1.8327E-03 ( 54, 25)   vdiff=  3.3545E-03 ( 59, 19)
n=  4119   udiff=  1.8273E-03 ( 54, 25)   vdiff=  3.3461E-03 ( 59, 19)
n=  4120   udiff=  1.8220E-03 ( 54, 25)   vdiff=  3.3380E-03 ( 59, 19)
n=  4121   udiff=  1.8167E-03 ( 54, 25)   vdiff=  3.3299E-03 ( 59, 19)
n=  4122   udiff=  1.8113E-03 ( 54, 25)   vdiff=  3.3218E-03 ( 59, 19)
n=  4123   udiff=  1.8060E-03 ( 54, 25)   vdiff=  3.3141E-03 ( 59, 19)
n=  4124   udiff=  1.8006E-03 ( 54, 25)   vdiff=  3.3059E-03 ( 59, 19)
n=  4125   udiff=  1.7953E-03 ( 54, 25)   vdiff=  3.2980E-03 ( 59, 19)
n=  4126   udiff=  1.7900E-03 ( 54, 25)   vdiff=  3.2897E-03 ( 59, 19)
n=  4127   udiff=  1.7847E-03 ( 54, 25)   vdiff=  3.2816E-03 ( 59, 19)
n=  4128   udiff=  1.7794E-03 ( 54, 25)   vdiff=  3.2739E-03 ( 59, 19)
n=  4129   udiff=  1.7741E-03 ( 54, 25)   vdiff=  3.2658E-03 ( 59, 19)
n=  4130   udiff=  1.7688E-03 ( 54, 25)   vdiff=  3.2574E-03 ( 59, 19)
n=  4131   udiff=  1.7635E-03 ( 54, 25)   vdiff=  3.2500E-03 ( 59, 19)
n=  4132   udiff=  1.7582E-03 ( 54, 25)   vdiff=  3.2415E-03 ( 59, 19)
n=  4133   udiff=  1.7529E-03 ( 54, 25)   vdiff=  3.2338E-03 ( 59, 19)
n=  4134   udiff=  1.7477E-03 ( 54, 25)   vdiff=  3.2258E-03 ( 59, 19)
n=  4135   udiff=  1.7424E-03 ( 54, 25)   vdiff=  3.2174E-03 ( 59, 19)
n=  4136   udiff=  1.7371E-03 ( 54, 25)   vdiff=  3.2092E-03 ( 59, 19)
n=  4137   udiff=  1.7319E-03 ( 54, 25)   vdiff=  3.2020E-03 ( 59, 19)
n=  4138   udiff=  1.7267E-03 ( 54, 25)   vdiff=  3.1937E-03 ( 59, 19)
n=  4139   udiff=  1.7214E-03 ( 54, 25)   vdiff=  3.1853E-03 ( 59, 19)
n=  4140   udiff=  1.7162E-03 ( 54, 25)   vdiff=  3.1777E-03 ( 59, 19)
n=  4141   udiff=  1.7109E-03 ( 54, 25)   vdiff=  3.1700E-03 ( 59, 19)
n=  4142   udiff=  1.7057E-03 ( 54, 25)   vdiff=  3.1615E-03 ( 59, 19)
n=  4143   udiff=  1.7005E-03 ( 54, 25)   vdiff=  3.1536E-03 ( 59, 19)
n=  4144   udiff=  1.6952E-03 ( 54, 25)   vdiff=  3.1455E-03 ( 59, 19)
n=  4145   udiff=  1.6901E-03 ( 54, 25)   vdiff=  3.1381E-03 ( 59, 19)
n=  4146   udiff=  1.6849E-03 ( 54, 25)   vdiff=  3.1300E-03 ( 59, 19)
n=  4147   udiff=  1.6797E-03 ( 54, 25)   vdiff=  3.1218E-03 ( 59, 19)
n=  4148   udiff=  1.6745E-03 ( 54, 25)   vdiff=  3.1141E-03 ( 59, 19)
n=  4149   udiff=  1.6693E-03 ( 54, 25)   vdiff=  3.1063E-03 ( 59, 19)
n=  4150   udiff=  1.6641E-03 ( 54, 25)   vdiff=  3.0984E-03 ( 59, 19)
n=  4151   udiff=  1.6590E-03 ( 54, 25)   vdiff=  3.0906E-03 ( 59, 19)
n=  4152   udiff=  1.6537E-03 ( 54, 25)   vdiff=  3.0825E-03 ( 59, 19)
n=  4153   udiff=  1.6486E-03 ( 54, 25)   vdiff=  3.0746E-03 ( 59, 19)
n=  4154   udiff=  1.6435E-03 ( 54, 25)   vdiff=  3.0668E-03 ( 59, 19)
n=  4155   udiff=  1.6383E-03 ( 54, 25)   vdiff=  3.0587E-03 ( 59, 19)
n=  4156   udiff=  1.6332E-03 ( 54, 25)   vdiff=  3.0509E-03 ( 59, 19)
n=  4157   udiff=  1.6281E-03 ( 54, 25)   vdiff=  3.0431E-03 ( 59, 19)
n=  4158   udiff=  1.6229E-03 ( 54, 25)   vdiff=  3.0354E-03 ( 59, 19)
n=  4159   udiff=  1.6178E-03 ( 54, 25)   vdiff=  3.0274E-03 ( 59, 19)
n=  4160   udiff=  1.6127E-03 ( 54, 25)   vdiff=  3.0192E-03 ( 59, 19)
n=  4161   udiff=  1.6076E-03 ( 54, 25)   vdiff=  3.0115E-03 ( 59, 19)
n=  4162   udiff=  1.6025E-03 ( 54, 25)   vdiff=  3.0039E-03 ( 59, 19)
n=  4163   udiff=  1.5974E-03 ( 54, 25)   vdiff=  2.9957E-03 ( 59, 19)
n=  4164   udiff=  1.5924E-03 ( 55, 25)   vdiff=  2.9880E-03 ( 59, 19)
n=  4165   udiff=  1.5877E-03 ( 55, 25)   vdiff=  2.9803E-03 ( 59, 19)
n=  4166   udiff=  1.5830E-03 ( 55, 25)   vdiff=  2.9724E-03 ( 59, 19)
n=  4167   udiff=  1.5783E-03 ( 55, 25)   vdiff=  2.9646E-03 ( 59, 19)
n=  4168   udiff=  1.5736E-03 ( 55, 25)   vdiff=  2.9567E-03 ( 59, 19)
n=  4169   udiff=  1.5689E-03 ( 55, 25)   vdiff=  2.9490E-03 ( 59, 19)
n=  4170   udiff=  1.5642E-03 ( 55, 25)   vdiff=  2.9411E-03 ( 59, 19)
n=  4171   udiff=  1.5595E-03 ( 55, 25)   vdiff=  2.9335E-03 ( 59, 19)
n=  4172   udiff=  1.5548E-03 ( 55, 25)   vdiff=  2.9259E-03 ( 59, 19)
n=  4173   udiff=  1.5502E-03 ( 55, 25)   vdiff=  2.9183E-03 ( 59, 19)
n=  4174   udiff=  1.5455E-03 ( 55, 25)   vdiff=  2.9101E-03 ( 59, 19)
n=  4175   udiff=  1.5408E-03 ( 55, 25)   vdiff=  2.9024E-03 ( 59, 19)
n=  4176   udiff=  1.5361E-03 ( 55, 25)   vdiff=  2.8944E-03 ( 59, 19)
n=  4177   udiff=  1.5315E-03 ( 55, 25)   vdiff=  2.8870E-03 ( 59, 19)
n=  4178   udiff=  1.5268E-03 ( 55, 25)   vdiff=  2.8792E-03 ( 59, 19)
n=  4179   udiff=  1.5222E-03 ( 55, 25)   vdiff=  2.8713E-03 ( 59, 19)
n=  4180   udiff=  1.5176E-03 ( 55, 25)   vdiff=  2.8637E-03 ( 59, 19)
n=  4181   udiff=  1.5129E-03 ( 55, 25)   vdiff=  2.8563E-03 ( 59, 19)
n=  4182   udiff=  1.5083E-03 ( 55, 25)   vdiff=  2.8485E-03 ( 59, 19)
n=  4183   udiff=  1.5036E-03 ( 55, 25)   vdiff=  2.8404E-03 ( 59, 19)
n=  4184   udiff=  1.4990E-03 ( 55, 25)   vdiff=  2.8326E-03 ( 59, 19)
n=  4185   udiff=  1.4944E-03 ( 55, 25)   vdiff=  2.8254E-03 ( 59, 19)
n=  4186   udiff=  1.4898E-03 ( 55, 25)   vdiff=  2.8173E-03 ( 59, 19)
n=  4187   udiff=  1.4852E-03 ( 55, 25)   vdiff=  2.8097E-03 ( 59, 19)
n=  4188   udiff=  1.4806E-03 ( 55, 25)   vdiff=  2.8023E-03 ( 59, 19)
n=  4189   udiff=  1.4760E-03 ( 55, 25)   vdiff=  2.7947E-03 ( 59, 19)
n=  4190   udiff=  1.4714E-03 ( 55, 25)   vdiff=  2.7868E-03 ( 59, 19)
n=  4191   udiff=  1.4668E-03 ( 55, 25)   vdiff=  2.7788E-03 ( 59, 19)
n=  4192   udiff=  1.4623E-03 ( 55, 25)   vdiff=  2.7717E-03 ( 59, 19)
n=  4193   udiff=  1.4577E-03 ( 55, 25)   vdiff=  2.7639E-03 ( 59, 19)
n=  4194   udiff=  1.4531E-03 ( 55, 25)   vdiff=  2.7563E-03 ( 59, 19)
n=  4195   udiff=  1.4486E-03 ( 55, 25)   vdiff=  2.7485E-03 ( 59, 19)
n=  4196   udiff=  1.4440E-03 ( 55, 25)   vdiff=  2.7409E-03 ( 59, 19)
n=  4197   udiff=  1.4394E-03 ( 55, 25)   vdiff=  2.7333E-03 ( 59, 19)
n=  4198   udiff=  1.4349E-03 ( 55, 25)   vdiff=  2.7261E-03 ( 59, 19)
n=  4199   udiff=  1.4303E-03 ( 55, 25)   vdiff=  2.7186E-03 ( 59, 19)
n=  4200   udiff=  1.4258E-03 ( 55, 25)   vdiff=  2.7107E-03 ( 59, 19)
n=  4201   udiff=  1.4213E-03 ( 55, 25)   vdiff=  2.7031E-03 ( 59, 19)
n=  4202   udiff=  1.4168E-03 ( 55, 25)   vdiff=  2.6953E-03 ( 59, 19)
n=  4203   udiff=  1.4122E-03 ( 55, 25)   vdiff=  2.6880E-03 ( 59, 19)
n=  4204   udiff=  1.4077E-03 ( 55, 25)   vdiff=  2.6806E-03 ( 59, 19)
n=  4205   udiff=  1.4033E-03 ( 55, 25)   vdiff=  2.6728E-03 ( 59, 19)
n=  4206   udiff=  1.3987E-03 ( 55, 25)   vdiff=  2.6654E-03 ( 59, 19)
n=  4207   udiff=  1.3942E-03 ( 55, 25)   vdiff=  2.6581E-03 ( 59, 19)
n=  4208   udiff=  1.3898E-03 ( 55, 25)   vdiff=  2.6503E-03 ( 59, 19)
n=  4209   udiff=  1.3853E-03 ( 55, 25)   vdiff=  2.6427E-03 ( 59, 19)
n=  4210   udiff=  1.3808E-03 ( 55, 25)   vdiff=  2.6354E-03 ( 59, 19)
n=  4211   udiff=  1.3763E-03 ( 55, 25)   vdiff=  2.6279E-03 ( 59, 19)
n=  4212   udiff=  1.3719E-03 ( 55, 25)   vdiff=  2.6205E-03 ( 59, 19)
n=  4213   udiff=  1.3674E-03 ( 55, 25)   vdiff=  2.6131E-03 ( 59, 19)
n=  4214   udiff=  1.3629E-03 ( 55, 25)   vdiff=  2.6055E-03 ( 59, 19)
n=  4215   udiff=  1.3585E-03 ( 55, 25)   vdiff=  2.5979E-03 ( 59, 19)
n=  4216   udiff=  1.3541E-03 ( 55, 25)   vdiff=  2.5905E-03 ( 59, 19)
n=  4217   udiff=  1.3496E-03 ( 55, 25)   vdiff=  2.5828E-03 ( 59, 19)
n=  4218   udiff=  1.3452E-03 ( 55, 25)   vdiff=  2.5756E-03 ( 59, 19)
n=  4219   udiff=  1.3408E-03 ( 55, 25)   vdiff=  2.5683E-03 ( 59, 19)
n=  4220   udiff=  1.3363E-03 ( 55, 25)   vdiff=  2.5611E-03 ( 59, 19)
n=  4221   udiff=  1.3319E-03 ( 55, 25)   vdiff=  2.5535E-03 ( 59, 19)
n=  4222   udiff=  1.3275E-03 ( 55, 25)   vdiff=  2.5461E-03 ( 59, 19)
n=  4223   udiff=  1.3235E-03 ( 55, 24)   vdiff=  2.5384E-03 ( 59, 19)
n=  4224   udiff=  1.3197E-03 ( 55, 24)   vdiff=  2.5315E-03 ( 59, 19)
n=  4225   udiff=  1.3159E-03 ( 55, 24)   vdiff=  2.5238E-03 ( 59, 19)
n=  4226   udiff=  1.3121E-03 ( 55, 24)   vdiff=  2.5165E-03 ( 59, 19)
n=  4227   udiff=  1.3084E-03 ( 55, 24)   vdiff=  2.5089E-03 ( 59, 19)
n=  4228   udiff=  1.3045E-03 ( 55, 24)   vdiff=  2.5015E-03 ( 59, 19)
n=  4229   udiff=  1.3008E-03 ( 55, 24)   vdiff=  2.4941E-03 ( 59, 19)
n=  4230   udiff=  1.2970E-03 ( 55, 24)   vdiff=  2.4873E-03 ( 59, 19)
n=  4231   udiff=  1.2932E-03 ( 55, 24)   vdiff=  2.4797E-03 ( 59, 19)
n=  4232   udiff=  1.2894E-03 ( 55, 24)   vdiff=  2.4723E-03 ( 59, 19)
n=  4233   udiff=  1.2857E-03 ( 55, 24)   vdiff=  2.4653E-03 ( 59, 19)
n=  4234   udiff=  1.2819E-03 ( 55, 24)   vdiff=  2.4575E-03 ( 59, 19)
n=  4235   udiff=  1.2781E-03 ( 55, 24)   vdiff=  2.4506E-03 ( 59, 19)
n=  4236   udiff=  1.2744E-03 ( 55, 24)   vdiff=  2.4433E-03 ( 59, 19)
n=  4237   udiff=  1.2706E-03 ( 55, 24)   vdiff=  2.4360E-03 ( 59, 19)
n=  4238   udiff=  1.2669E-03 ( 55, 24)   vdiff=  2.4287E-03 ( 59, 19)
n=  4239   udiff=  1.2631E-03 ( 55, 24)   vdiff=  2.4213E-03 ( 59, 19)
n=  4240   udiff=  1.2594E-03 ( 55, 24)   vdiff=  2.4142E-03 ( 59, 19)
n=  4241   udiff=  1.2557E-03 ( 55, 24)   vdiff=  2.4067E-03 ( 59, 19)
n=  4242   udiff=  1.2520E-03 ( 55, 24)   vdiff=  2.3997E-03 ( 59, 19)
n=  4243   udiff=  1.2482E-03 ( 55, 24)   vdiff=  2.3926E-03 ( 59, 19)
n=  4244   udiff=  1.2445E-03 ( 55, 24)   vdiff=  2.3856E-03 ( 59, 19)
n=  4245   udiff=  1.2408E-03 ( 55, 24)   vdiff=  2.3783E-03 ( 59, 19)
n=  4246   udiff=  1.2370E-03 ( 55, 24)   vdiff=  2.3710E-03 ( 59, 19)
n=  4247   udiff=  1.2333E-03 ( 55, 24)   vdiff=  2.3637E-03 ( 59, 19)
n=  4248   udiff=  1.2296E-03 ( 55, 24)   vdiff=  2.3563E-03 ( 59, 19)
n=  4249   udiff=  1.2259E-03 ( 55, 24)   vdiff=  2.3496E-03 ( 59, 19)
n=  4250   udiff=  1.2222E-03 ( 55, 24)   vdiff=  2.3421E-03 ( 59, 19)
n=  4251   udiff=  1.2185E-03 ( 55, 24)   vdiff=  2.3351E-03 ( 59, 19)
n=  4252   udiff=  1.2148E-03 ( 55, 24)   vdiff=  2.3281E-03 ( 59, 19)
n=  4253   udiff=  1.2112E-03 ( 55, 24)   vdiff=  2.3209E-03 ( 59, 19)
n=  4254   udiff=  1.2075E-03 ( 55, 24)   vdiff=  2.3136E-03 ( 59, 19)
n=  4255   udiff=  1.2038E-03 ( 55, 24)   vdiff=  2.3064E-03 ( 59, 19)
n=  4256   udiff=  1.2001E-03 ( 55, 24)   vdiff=  2.2993E-03 ( 59, 19)
n=  4257   udiff=  1.1965E-03 ( 55, 24)   vdiff=  2.2924E-03 ( 59, 19)
n=  4258   udiff=  1.1928E-03 ( 55, 24)   vdiff=  2.2850E-03 ( 59, 19)
n=  4259   udiff=  1.1892E-03 ( 55, 24)   vdiff=  2.2783E-03 ( 59, 19)
n=  4260   udiff=  1.1855E-03 ( 55, 24)   vdiff=  2.2711E-03 ( 59, 19)
n=  4261   udiff=  1.1818E-03 ( 55, 24)   vdiff=  2.2642E-03 ( 59, 19)
n=  4262   udiff=  1.1783E-03 ( 55, 24)   vdiff=  2.2572E-03 ( 59, 19)
n=  4263   udiff=  1.1746E-03 ( 55, 24)   vdiff=  2.2501E-03 ( 59, 19)
n=  4264   udiff=  1.1709E-03 ( 55, 24)   vdiff=  2.2429E-03 ( 59, 19)
n=  4265   udiff=  1.1673E-03 ( 55, 24)   vdiff=  2.2357E-03 ( 59, 19)
n=  4266   udiff=  1.1637E-03 ( 55, 24)   vdiff=  2.2290E-03 ( 59, 19)
n=  4267   udiff=  1.1601E-03 ( 55, 24)   vdiff=  2.2214E-03 ( 59, 19)
n=  4268   udiff=  1.1565E-03 ( 55, 24)   vdiff=  2.2146E-03 ( 59, 19)
n=  4269   udiff=  1.1529E-03 ( 55, 24)   vdiff=  2.2078E-03 ( 59, 19)
n=  4270   udiff=  1.1492E-03 ( 55, 24)   vdiff=  2.2008E-03 ( 59, 19)
n=  4271   udiff=  1.1456E-03 ( 55, 24)   vdiff=  2.1940E-03 ( 59, 19)
n=  4272   udiff=  1.1420E-03 ( 55, 24)   vdiff=  2.1868E-03 ( 59, 19)
n=  4273   udiff=  1.1385E-03 ( 55, 24)   vdiff=  2.1803E-03 ( 59, 19)
n=  4274   udiff=  1.1348E-03 ( 55, 24)   vdiff=  2.1729E-03 ( 59, 19)
n=  4275   udiff=  1.1313E-03 ( 55, 24)   vdiff=  2.1658E-03 ( 59, 19)
n=  4276   udiff=  1.1277E-03 ( 55, 24)   vdiff=  2.1589E-03 ( 59, 19)
n=  4277   udiff=  1.1241E-03 ( 55, 24)   vdiff=  2.1524E-03 ( 59, 19)
n=  4278   udiff=  1.1206E-03 ( 55, 24)   vdiff=  2.1454E-03 ( 59, 19)
n=  4279   udiff=  1.1170E-03 ( 55, 24)   vdiff=  2.1386E-03 ( 59, 19)
n=  4280   udiff=  1.1134E-03 ( 55, 24)   vdiff=  2.1316E-03 ( 59, 19)
n=  4281   udiff=  1.1099E-03 ( 55, 24)   vdiff=  2.1245E-03 ( 59, 19)
n=  4282   udiff=  1.1064E-03 ( 55, 24)   vdiff=  2.1179E-03 ( 59, 19)
n=  4283   udiff=  1.1028E-03 ( 55, 24)   vdiff=  2.1109E-03 ( 59, 19)
n=  4284   udiff=  1.0993E-03 ( 55, 24)   vdiff=  2.1044E-03 ( 59, 19)
n=  4285   udiff=  1.0957E-03 ( 55, 24)   vdiff=  2.0971E-03 ( 59, 19)
n=  4286   udiff=  1.0922E-03 ( 55, 24)   vdiff=  2.0904E-03 ( 59, 19)
n=  4287   udiff=  1.0887E-03 ( 55, 24)   vdiff=  2.0835E-03 ( 59, 19)
n=  4288   udiff=  1.0852E-03 ( 55, 24)   vdiff=  2.0769E-03 ( 59, 19)
n=  4289   udiff=  1.0817E-03 ( 55, 24)   vdiff=  2.0699E-03 ( 59, 19)
n=  4290   udiff=  1.0782E-03 ( 55, 24)   vdiff=  2.0635E-03 ( 59, 19)
n=  4291   udiff=  1.0746E-03 ( 55, 24)   vdiff=  2.0566E-03 ( 59, 19)
n=  4292   udiff=  1.0712E-03 ( 55, 24)   vdiff=  2.0492E-03 ( 59, 19)
n=  4293   udiff=  1.0676E-03 ( 55, 24)   vdiff=  2.0428E-03 ( 59, 19)
n=  4294   udiff=  1.0642E-03 ( 55, 24)   vdiff=  2.0363E-03 ( 59, 19)
n=  4295   udiff=  1.0607E-03 ( 55, 24)   vdiff=  2.0297E-03 ( 59, 19)
n=  4296   udiff=  1.0572E-03 ( 55, 24)   vdiff=  2.0228E-03 ( 59, 19)
n=  4297   udiff=  1.0537E-03 ( 55, 24)   vdiff=  2.0162E-03 ( 59, 19)
n=  4298   udiff=  1.0503E-03 ( 55, 24)   vdiff=  2.0094E-03 ( 59, 19)
n=  4299   udiff=  1.0468E-03 ( 55, 24)   vdiff=  2.0026E-03 ( 59, 19)
n=  4300   udiff=  1.0433E-03 ( 55, 24)   vdiff=  1.9956E-03 ( 59, 19)
n=  4301   udiff=  1.0399E-03 ( 55, 24)   vdiff=  1.9893E-03 ( 59, 19)
n=  4302   udiff=  1.0364E-03 ( 55, 24)   vdiff=  1.9828E-03 ( 59, 19)
n=  4303   udiff=  1.0330E-03 ( 55, 24)   vdiff=  1.9755E-03 ( 59, 19)
n=  4304   udiff=  1.0296E-03 ( 55, 24)   vdiff=  1.9691E-03 ( 59, 19)
n=  4305   udiff=  1.0261E-03 ( 55, 24)   vdiff=  1.9626E-03 ( 59, 19)
n=  4306   udiff=  1.0227E-03 ( 55, 24)   vdiff=  1.9559E-03 ( 59, 19)
n=  4307   udiff=  1.0193E-03 ( 55, 24)   vdiff=  1.9491E-03 ( 59, 19)
n=  4308   udiff=  1.0158E-03 ( 55, 24)   vdiff=  1.9430E-03 ( 59, 19)
n=  4309   udiff=  1.0125E-03 ( 55, 24)   vdiff=  1.9361E-03 ( 59, 19)
n=  4310   udiff=  1.0090E-03 ( 55, 24)   vdiff=  1.9297E-03 ( 59, 19)
n=  4311   udiff=  1.0056E-03 ( 55, 24)   vdiff=  1.9229E-03 ( 59, 19)
n=  4312   udiff=  1.0022E-03 ( 55, 24)   vdiff=  1.9163E-03 ( 59, 19)
n=  4313   udiff=  9.9883E-04 ( 55, 24)   vdiff=  1.9099E-03 ( 59, 19)
n=  4314   udiff=  9.9542E-04 ( 55, 24)   vdiff=  1.9034E-03 ( 59, 19)
n=  4315   udiff=  9.9205E-04 ( 55, 24)   vdiff=  1.8968E-03 ( 59, 19)
n=  4316   udiff=  9.8871E-04 ( 55, 24)   vdiff=  1.8903E-03 ( 59, 19)
n=  4317   udiff=  9.8531E-04 ( 55, 24)   vdiff=  1.8835E-03 ( 59, 19)
n=  4318   udiff=  9.8195E-04 ( 55, 24)   vdiff=  1.8773E-03 ( 59, 19)
n=  4319   udiff=  9.7856E-04 ( 55, 24)   vdiff=  1.8705E-03 ( 59, 19)
n=  4320   udiff=  9.7521E-04 ( 55, 24)   vdiff=  1.8642E-03 ( 59, 19)
n=  4321   udiff=  9.7189E-04 ( 55, 24)   vdiff=  1.8577E-03 ( 59, 19)
n=  4322   udiff=  9.6853E-04 ( 55, 24)   vdiff=  1.8511E-03 ( 59, 19)
n=  4323   udiff=  9.6522E-04 ( 55, 24)   vdiff=  1.8446E-03 ( 59, 19)
n=  4324   udiff=  9.6184E-04 ( 55, 24)   vdiff=  1.8382E-03 ( 59, 19)
n=  4325   udiff=  9.5855E-04 ( 55, 24)   vdiff=  1.8321E-03 ( 59, 19)
n=  4326   udiff=  9.5520E-04 ( 55, 24)   vdiff=  1.8255E-03 ( 59, 19)
n=  4327   udiff=  9.5188E-04 ( 55, 24)   vdiff=  1.8188E-03 ( 59, 19)
n=  4328   udiff=  9.4854E-04 ( 55, 24)   vdiff=  1.8127E-03 ( 59, 19)
n=  4329   udiff=  9.4523E-04 ( 55, 24)   vdiff=  1.8060E-03 ( 59, 19)
n=  4330   udiff=  9.4194E-04 ( 55, 24)   vdiff=  1.7999E-03 ( 59, 19)
n=  4331   udiff=  9.3870E-04 ( 55, 24)   vdiff=  1.7937E-03 ( 59, 19)
n=  4332   udiff=  9.3538E-04 ( 55, 24)   vdiff=  1.7874E-03 ( 59, 19)
n=  4333   udiff=  9.3209E-04 ( 55, 24)   vdiff=  1.7809E-03 ( 59, 19)
n=  4334   udiff=  9.2875E-04 ( 55, 24)   vdiff=  1.7745E-03 ( 59, 19)
n=  4335   udiff=  9.2550E-04 ( 55, 24)   vdiff=  1.7678E-03 ( 59, 19)
n=  4336   udiff=  9.2220E-04 ( 55, 24)   vdiff=  1.7615E-03 ( 59, 19)
n=  4337   udiff=  9.1900E-04 ( 55, 24)   vdiff=  1.7556E-03 ( 59, 19)
n=  4338   udiff=  9.1569E-04 ( 55, 24)   vdiff=  1.7490E-03 ( 59, 19)
n=  4339   udiff=  9.1248E-04 ( 55, 24)   vdiff=  1.7429E-03 ( 59, 19)
n=  4340   udiff=  9.0921E-04 ( 55, 24)   vdiff=  1.7365E-03 ( 59, 19)
n=  4341   udiff=  9.0600E-04 ( 55, 24)   vdiff=  1.7304E-03 ( 59, 19)
n=  4342   udiff=  9.0275E-04 ( 55, 24)   vdiff=  1.7243E-03 ( 59, 19)
n=  4343   udiff=  8.9951E-04 ( 55, 24)   vdiff=  1.7179E-03 ( 59, 19)
n=  4344   udiff=  8.9627E-04 ( 55, 24)   vdiff=  1.7115E-03 ( 59, 19)
n=  4345   udiff=  8.9302E-04 ( 55, 24)   vdiff=  1.7052E-03 ( 59, 19)
n=  4346   udiff=  8.8981E-04 ( 55, 24)   vdiff=  1.6991E-03 ( 59, 19)
n=  4347   udiff=  8.8661E-04 ( 55, 24)   vdiff=  1.6926E-03 ( 59, 19)
n=  4348   udiff=  8.8340E-04 ( 55, 24)   vdiff=  1.6870E-03 ( 59, 19)
n=  4349   udiff=  8.8021E-04 ( 55, 24)   vdiff=  1.6804E-03 ( 59, 19)
n=  4350   udiff=  8.7716E-04 ( 56, 24)   vdiff=  1.6740E-03 ( 59, 19)
n=  4351   udiff=  8.7421E-04 ( 56, 24)   vdiff=  1.6679E-03 ( 59, 19)
n=  4352   udiff=  8.7123E-04 ( 56, 24)   vdiff=  1.6618E-03 ( 59, 19)
n=  4353   udiff=  8.6825E-04 ( 56, 24)   vdiff=  1.6557E-03 ( 59, 19)
n=  4354   udiff=  8.6535E-04 ( 56, 24)   vdiff=  1.6494E-03 ( 59, 19)
n=  4355   udiff=  8.6240E-04 ( 56, 24)   vdiff=  1.6436E-03 ( 59, 19)
n=  4356   udiff=  8.5943E-04 ( 56, 24)   vdiff=  1.6373E-03 ( 59, 19)
n=  4357   udiff=  8.5650E-04 ( 56, 24)   vdiff=  1.6315E-03 ( 59, 19)
n=  4358   udiff=  8.5356E-04 ( 56, 24)   vdiff=  1.6250E-03 ( 59, 19)
n=  4359   udiff=  8.5065E-04 ( 56, 24)   vdiff=  1.6190E-03 ( 59, 19)
n=  4360   udiff=  8.4767E-04 ( 56, 24)   vdiff=  1.6132E-03 ( 59, 19)
n=  4361   udiff=  8.4477E-04 ( 56, 24)   vdiff=  1.6071E-03 ( 59, 19)
n=  4362   udiff=  8.4190E-04 ( 56, 24)   vdiff=  1.6010E-03 ( 59, 19)
n=  4363   udiff=  8.3893E-04 ( 56, 24)   vdiff=  1.5949E-03 ( 59, 19)
n=  4364   udiff=  8.3605E-04 ( 56, 24)   vdiff=  1.5888E-03 ( 59, 19)
n=  4365   udiff=  8.3318E-04 ( 56, 24)   vdiff=  1.5831E-03 ( 59, 19)
n=  4366   udiff=  8.3025E-04 ( 56, 24)   vdiff=  1.5770E-03 ( 59, 19)
n=  4367   udiff=  8.2733E-04 ( 56, 24)   vdiff=  1.5711E-03 ( 59, 19)
n=  4368   udiff=  8.2445E-04 ( 56, 24)   vdiff=  1.5645E-03 ( 59, 19)
n=  4369   udiff=  8.2156E-04 ( 56, 24)   vdiff=  1.5590E-03 ( 59, 19)
n=  4370   udiff=  8.1868E-04 ( 56, 24)   vdiff=  1.5530E-03 ( 59, 19)
n=  4371   udiff=  8.1579E-04 ( 56, 24)   vdiff=  1.5471E-03 ( 59, 19)
n=  4372   udiff=  8.1296E-04 ( 56, 24)   vdiff=  1.5411E-03 ( 59, 19)
n=  4373   udiff=  8.1005E-04 ( 56, 24)   vdiff=  1.5351E-03 ( 59, 19)
n=  4374   udiff=  8.0719E-04 ( 56, 24)   vdiff=  1.5290E-03 ( 59, 19)
n=  4375   udiff=  8.0435E-04 ( 56, 24)   vdiff=  1.5235E-03 ( 59, 19)
n=  4376   udiff=  8.0146E-04 ( 56, 24)   vdiff=  1.5173E-03 ( 59, 19)
n=  4377   udiff=  7.9860E-04 ( 56, 24)   vdiff=  1.5115E-03 ( 59, 19)
n=  4378   udiff=  7.9578E-04 ( 56, 24)   vdiff=  1.5054E-03 ( 59, 19)
n=  4379   udiff=  7.9296E-04 ( 56, 24)   vdiff=  1.4998E-03 ( 59, 19)
n=  4380   udiff=  7.9014E-04 ( 56, 24)   vdiff=  1.4940E-03 ( 59, 19)
n=  4381   udiff=  7.8728E-04 ( 56, 24)   vdiff=  1.4881E-03 ( 59, 19)
n=  4382   udiff=  7.8443E-04 ( 56, 24)   vdiff=  1.4823E-03 ( 59, 19)
n=  4383   udiff=  7.8162E-04 ( 56, 24)   vdiff=  1.4763E-03 ( 59, 19)
n=  4384   udiff=  7.7881E-04 ( 56, 24)   vdiff=  1.4704E-03 ( 59, 19)
n=  4385   udiff=  7.7594E-04 ( 56, 24)   vdiff=  1.4645E-03 ( 59, 19)
n=  4386   udiff=  7.7318E-04 ( 56, 24)   vdiff=  1.4590E-03 ( 59, 19)
n=  4387   udiff=  7.7035E-04 ( 56, 24)   vdiff=  1.4528E-03 ( 59, 19)
n=  4388   udiff=  7.6758E-04 ( 56, 24)   vdiff=  1.4472E-03 ( 59, 19)
n=  4389   udiff=  7.6479E-04 ( 56, 24)   vdiff=  1.4417E-03 ( 59, 19)
n=  4390   udiff=  7.6200E-04 ( 56, 24)   vdiff=  1.4361E-03 ( 59, 19)
n=  4391   udiff=  7.5921E-04 ( 56, 24)   vdiff=  1.4299E-03 ( 59, 19)
n=  4392   udiff=  7.5642E-04 ( 56, 24)   vdiff=  1.4240E-03 ( 59, 19)
n=  4393   udiff=  7.5368E-04 ( 56, 24)   vdiff=  1.4189E-03 ( 59, 19)
n=  4394   udiff=  7.5090E-04 ( 56, 24)   vdiff=  1.4129E-03 ( 59, 19)
n=  4395   udiff=  7.4811E-04 ( 56, 24)   vdiff=  1.4071E-03 ( 59, 19)
n=  4396   udiff=  7.4535E-04 ( 56, 24)   vdiff=  1.4013E-03 ( 59, 19)
n=  4397   udiff=  7.4259E-04 ( 56, 24)   vdiff=  1.3958E-03 ( 59, 19)
n=  4398   udiff=  7.3982E-04 ( 56, 24)   vdiff=  1.3905E-03 ( 59, 19)
n=  4399   udiff=  7.3708E-04 ( 56, 24)   vdiff=  1.3844E-03 ( 59, 19)
n=  4400   udiff=  7.3433E-04 ( 56, 24)   vdiff=  1.3790E-03 ( 59, 19)
n=  4401   udiff=  7.3161E-04 ( 56, 24)   vdiff=  1.3733E-03 ( 59, 19)
n=  4402   udiff=  7.2885E-04 ( 56, 24)   vdiff=  1.3676E-03 ( 59, 19)
n=  4403   udiff=  7.2617E-04 ( 56, 24)   vdiff=  1.3622E-03 ( 59, 19)
n=  4404   udiff=  7.2337E-04 ( 56, 24)   vdiff=  1.3562E-03 ( 59, 19)
n=  4405   udiff=  7.2070E-04 ( 56, 24)   vdiff=  1.3508E-03 ( 59, 19)
n=  4406   udiff=  7.1798E-04 ( 56, 24)   vdiff=  1.3456E-03 ( 59, 19)
n=  4407   udiff=  7.1525E-04 ( 56, 24)   vdiff=  1.3397E-03 ( 59, 19)
n=  4408   udiff=  7.1257E-04 ( 56, 24)   vdiff=  1.3342E-03 ( 59, 19)
n=  4409   udiff=  7.0979E-04 ( 56, 24)   vdiff=  1.3286E-03 ( 59, 19)
n=  4410   udiff=  7.0715E-04 ( 56, 24)   vdiff=  1.3231E-03 ( 59, 19)
n=  4411   udiff=  7.0446E-04 ( 56, 24)   vdiff=  1.3177E-03 ( 59, 19)
n=  4412   udiff=  7.0180E-04 ( 56, 24)   vdiff=  1.3122E-03 ( 59, 19)
n=  4413   udiff=  6.9906E-04 ( 56, 24)   vdiff=  1.3066E-03 ( 59, 19)
n=  4414   udiff=  6.9639E-04 ( 56, 24)   vdiff=  1.3011E-03 ( 59, 19)
n=  4415   udiff=  6.9371E-04 ( 56, 24)   vdiff=  1.2956E-03 ( 59, 19)
n=  4416   udiff=  6.9108E-04 ( 56, 24)   vdiff=  1.2899E-03 ( 59, 19)
n=  4417   udiff=  6.8844E-04 ( 56, 24)   vdiff=  1.2846E-03 ( 59, 19)
n=  4418   udiff=  6.8569E-04 ( 56, 24)   vdiff=  1.2792E-03 ( 59, 19)
n=  4419   udiff=  6.8307E-04 ( 56, 24)   vdiff=  1.2733E-03 ( 59, 19)
n=  4420   udiff=  6.8045E-04 ( 56, 24)   vdiff=  1.2682E-03 ( 59, 19)
n=  4421   udiff=  6.7774E-04 ( 56, 24)   vdiff=  1.2629E-03 ( 59, 19)
n=  4422   udiff=  6.7513E-04 ( 56, 24)   vdiff=  1.2575E-03 ( 59, 19)
n=  4423   udiff=  6.7250E-04 ( 56, 24)   vdiff=  1.2518E-03 ( 59, 19)
n=  4424   udiff=  6.6985E-04 ( 56, 24)   vdiff=  1.2464E-03 ( 59, 19)
n=  4425   udiff=  6.6724E-04 ( 56, 24)   vdiff=  1.2414E-03 ( 59, 19)
n=  4426   udiff=  6.6463E-04 ( 56, 24)   vdiff=  1.2361E-03 ( 59, 19)
n=  4427   udiff=  6.6200E-04 ( 56, 24)   vdiff=  1.2306E-03 ( 59, 19)
n=  4428   udiff=  6.5938E-04 ( 56, 24)   vdiff=  1.2250E-03 ( 59, 19)
n=  4429   udiff=  6.5677E-04 ( 56, 24)   vdiff=  1.2199E-03 ( 59, 19)
n=  4430   udiff=  6.5415E-04 ( 56, 24)   vdiff=  1.2143E-03 ( 59, 19)
n=  4431   udiff=  6.5155E-04 ( 56, 24)   vdiff=  1.2093E-03 ( 59, 19)
n=  4432   udiff=  6.4898E-04 ( 56, 24)   vdiff=  1.2043E-03 ( 59, 19)
n=  4433   udiff=  6.4638E-04 ( 56, 24)   vdiff=  1.1983E-03 ( 59, 19)
n=  4434   udiff=  6.4383E-04 ( 56, 24)   vdiff=  1.1932E-03 ( 59, 19)
n=  4435   udiff=  6.4123E-04 ( 56, 24)   vdiff=  1.1879E-03 ( 59, 19)
n=  4436   udiff=  6.3866E-04 ( 56, 24)   vdiff=  1.1827E-03 ( 59, 19)
n=  4437   udiff=  6.3610E-04 ( 56, 24)   vdiff=  1.1780E-03 ( 59, 19)
n=  4438   udiff=  6.3356E-04 ( 56, 24)   vdiff=  1.1725E-03 ( 59, 19)
n=  4439   udiff=  6.3098E-04 ( 56, 24)   vdiff=  1.1670E-03 ( 59, 19)
n=  4440   udiff=  6.2841E-04 ( 56, 24)   vdiff=  1.1623E-03 ( 59, 19)
n=  4441   udiff=  6.2588E-04 ( 56, 24)   vdiff=  1.1569E-03 ( 59, 19)
n=  4442   udiff=  6.2331E-04 ( 56, 24)   vdiff=  1.1517E-03 ( 59, 19)
n=  4443   udiff=  6.2078E-04 ( 56, 24)   vdiff=  1.1463E-03 ( 59, 19)
n=  4444   udiff=  6.1824E-04 ( 56, 24)   vdiff=  1.1411E-03 ( 59, 19)
n=  4445   udiff=  6.1573E-04 ( 56, 24)   vdiff=  1.1361E-03 ( 59, 19)
n=  4446   udiff=  6.1319E-04 ( 56, 24)   vdiff=  1.1312E-03 ( 59, 19)
n=  4447   udiff=  6.1065E-04 ( 56, 24)   vdiff=  1.1260E-03 ( 59, 19)
n=  4448   udiff=  6.0817E-04 ( 56, 24)   vdiff=  1.1206E-03 ( 59, 19)
n=  4449   udiff=  6.0562E-04 ( 56, 24)   vdiff=  1.1155E-03 ( 59, 19)
n=  4450   udiff=  6.0313E-04 ( 56, 24)   vdiff=  1.1108E-03 ( 59, 19)
n=  4451   udiff=  6.0063E-04 ( 56, 24)   vdiff=  1.1054E-03 ( 59, 19)
n=  4452   udiff=  5.9812E-04 ( 56, 24)   vdiff=  1.1000E-03 ( 59, 19)
n=  4453   udiff=  5.9565E-04 ( 56, 24)   vdiff=  1.0953E-03 ( 59, 19)
n=  4454   udiff=  5.9318E-04 ( 56, 24)   vdiff=  1.0897E-03 ( 59, 19)
n=  4455   udiff=  5.9066E-04 ( 56, 24)   vdiff=  1.0849E-03 ( 59, 19)
n=  4456   udiff=  5.8821E-04 ( 56, 24)   vdiff=  1.0802E-03 ( 59, 19)
n=  4457   udiff=  5.8576E-04 ( 56, 24)   vdiff=  1.0752E-03 ( 59, 19)
n=  4458   udiff=  5.8325E-04 ( 56, 24)   vdiff=  1.0702E-03 ( 59, 19)
n=  4459   udiff=  5.8084E-04 ( 56, 24)   vdiff=  1.0651E-03 ( 59, 19)
n=  4460   udiff=  5.7834E-04 ( 56, 24)   vdiff=  1.0600E-03 ( 59, 19)
n=  4461   udiff=  5.7588E-04 ( 56, 24)   vdiff=  1.0550E-03 ( 59, 19)
n=  4462   udiff=  5.7345E-04 ( 56, 24)   vdiff=  1.0503E-03 ( 59, 19)
n=  4463   udiff=  5.7098E-04 ( 56, 24)   vdiff=  1.0454E-03 ( 59, 19)
n=  4464   udiff=  5.6859E-04 ( 56, 24)   vdiff=  1.0401E-03 ( 59, 19)
n=  4465   udiff=  5.6765E-04 ( 51, 29)   vdiff=  1.0354E-03 ( 59, 19)
n=  4466   udiff=  5.6753E-04 ( 51, 29)   vdiff=  1.0307E-03 ( 59, 19)
n=  4467   udiff=  5.6740E-04 ( 51, 29)   vdiff=  1.0255E-03 ( 59, 19)
n=  4468   udiff=  5.6728E-04 ( 51, 29)   vdiff=  1.0206E-03 ( 59, 19)
n=  4469   udiff=  5.6714E-04 ( 51, 29)   vdiff=  1.0157E-03 ( 59, 19)
n=  4470   udiff=  5.6700E-04 ( 51, 29)   vdiff=  1.0108E-03 ( 59, 19)
n=  4471   udiff=  5.6686E-04 ( 51, 29)   vdiff=  1.0059E-03 ( 59, 19)
n=  4472   udiff=  5.6671E-04 ( 51, 29)   vdiff=  1.0009E-03 ( 59, 19)
n=  4473   udiff=  5.6657E-04 ( 51, 29)   vdiff=  9.9620E-04 ( 59, 19)
n=  4474   udiff=  5.6642E-04 ( 51, 29)   vdiff=  9.9167E-04 ( 59, 19)
n=  4475   udiff=  5.6625E-04 ( 51, 29)   vdiff=  9.8666E-04 ( 59, 19)
n=  4476   udiff=  5.6611E-04 ( 51, 29)   vdiff=  9.8137E-04 ( 59, 19)
n=  4477   udiff=  5.6594E-04 ( 51, 29)   vdiff=  9.7702E-04 ( 59, 19)
n=  4478   udiff=  5.6577E-04 ( 51, 29)   vdiff=  9.7230E-04 ( 59, 19)
n=  4479   udiff=  5.6560E-04 ( 51, 29)   vdiff=  9.6720E-04 ( 59, 19)
n=  4480   udiff=  5.6543E-04 ( 51, 29)   vdiff=  9.6259E-04 ( 59, 19)
n=  4481   udiff=  5.6525E-04 ( 51, 29)   vdiff=  9.5790E-04 ( 59, 19)
n=  4482   udiff=  5.6506E-04 ( 51, 29)   vdiff=  9.5320E-04 ( 59, 19)
n=  4483   udiff=  5.6488E-04 ( 51, 29)   vdiff=  9.4840E-04 ( 59, 19)
n=  4484   udiff=  5.6469E-04 ( 51, 29)   vdiff=  9.4367E-04 ( 59, 19)
n=  4485   udiff=  5.6449E-04 ( 51, 29)   vdiff=  9.3882E-04 ( 59, 19)
n=  4486   udiff=  5.6430E-04 ( 51, 29)   vdiff=  9.3391E-04 ( 59, 19)
n=  4487   udiff=  5.6410E-04 ( 51, 29)   vdiff=  9.2967E-04 ( 59, 19)
n=  4488   udiff=  5.6390E-04 ( 51, 29)   vdiff=  9.2472E-04 ( 59, 19)
n=  4489   udiff=  5.6369E-04 ( 51, 29)   vdiff=  9.1980E-04 ( 59, 19)
n=  4490   udiff=  5.6347E-04 ( 51, 29)   vdiff=  9.1545E-04 ( 59, 19)
n=  4491   udiff=  5.6325E-04 ( 51, 29)   vdiff=  9.1076E-04 ( 59, 19)
n=  4492   udiff=  5.6303E-04 ( 51, 29)   vdiff=  9.0603E-04 ( 59, 19)
n=  4493   udiff=  5.6281E-04 ( 51, 29)   vdiff=  9.0130E-04 ( 59, 19)
n=  4494   udiff=  5.6259E-04 ( 51, 29)   vdiff=  8.9685E-04 ( 59, 19)
n=  4495   udiff=  5.6236E-04 ( 51, 29)   vdiff=  8.9217E-04 ( 59, 19)
n=  4496   udiff=  5.6212E-04 ( 51, 29)   vdiff=  8.8753E-04 ( 59, 19)
n=  4497   udiff=  5.6187E-04 ( 51, 29)   vdiff=  8.8291E-04 ( 59, 19)
n=  4498   udiff=  5.6165E-04 ( 51, 29)   vdiff=  8.7833E-04 ( 59, 19)
n=  4499   udiff=  5.6168E-04 ( 49, 28)   vdiff=  8.7403E-04 ( 59, 19)
n=  4500   udiff=  5.6179E-04 ( 49, 28)   vdiff=  8.6947E-04 ( 59, 19)
n=  4501   udiff=  5.6190E-04 ( 49, 28)   vdiff=  8.6468E-04 ( 59, 19)
n=  4502   udiff=  5.6200E-04 ( 49, 28)   vdiff=  8.6036E-04 ( 59, 19)
n=  4503   udiff=  5.6211E-04 ( 49, 28)   vdiff=  8.5561E-04 ( 59, 19)
n=  4504   udiff=  5.6222E-04 ( 49, 28)   vdiff=  8.5120E-04 ( 59, 19)
n=  4505   udiff=  5.6229E-04 ( 49, 28)   vdiff=  8.4684E-04 ( 59, 19)
n=  4506   udiff=  5.6238E-04 ( 49, 28)   vdiff=  8.4248E-04 ( 59, 19)
n=  4507   udiff=  5.6246E-04 ( 49, 28)   vdiff=  8.3745E-04 ( 59, 19)
n=  4508   udiff=  5.6256E-04 ( 49, 28)   vdiff=  8.3325E-04 ( 59, 19)
n=  4509   udiff=  5.6262E-04 ( 49, 28)   vdiff=  8.2891E-04 ( 59, 19)
n=  4510   udiff=  5.6268E-04 ( 49, 28)   vdiff=  8.2457E-04 ( 59, 19)
n=  4511   udiff=  5.6274E-04 ( 49, 28)   vdiff=  8.1995E-04 ( 59, 19)
n=  4512   udiff=  5.6278E-04 ( 49, 28)   vdiff=  8.1565E-04 ( 59, 19)
n=  4513   udiff=  5.6294E-04 ( 50, 28)   vdiff=  8.1098E-04 ( 59, 19)
n=  4514   udiff=  5.6317E-04 ( 50, 28)   vdiff=  8.0698E-04 ( 59, 19)
n=  4515   udiff=  5.6338E-04 ( 50, 28)   vdiff=  8.0223E-04 ( 59, 19)
n=  4516   udiff=  5.6358E-04 ( 50, 28)   vdiff=  7.9827E-04 ( 59, 19)
n=  4517   udiff=  5.6378E-04 ( 50, 28)   vdiff=  7.9351E-04 ( 59, 19)
n=  4518   udiff=  5.6397E-04 ( 50, 28)   vdiff=  7.8928E-04 ( 59, 19)
n=  4519   udiff=  5.6417E-04 ( 50, 28)   vdiff=  7.8492E-04 ( 59, 19)
n=  4520   udiff=  5.6435E-04 ( 50, 28)   vdiff=  7.8081E-04 ( 59, 19)
n=  4521   udiff=  5.6453E-04 ( 50, 28)   vdiff=  7.7607E-04 ( 59, 19)
n=  4522   udiff=  5.6471E-04 ( 50, 28)   vdiff=  7.7146E-04 ( 59, 19)
n=  4523   udiff=  5.6488E-04 ( 50, 28)   vdiff=  7.6729E-04 ( 59, 19)
n=  4524   udiff=  5.6504E-04 ( 50, 28)   vdiff=  7.6348E-04 ( 59, 19)
n=  4525   udiff=  5.6519E-04 ( 50, 28)   vdiff=  7.5913E-04 ( 59, 19)
n=  4526   udiff=  5.6535E-04 ( 50, 28)   vdiff=  7.5465E-04 ( 59, 19)
n=  4527   udiff=  5.6550E-04 ( 50, 28)   vdiff=  7.5039E-04 ( 59, 19)
n=  4528   udiff=  5.6565E-04 ( 50, 28)   vdiff=  7.4627E-04 ( 59, 19)
n=  4529   udiff=  5.6577E-04 ( 50, 28)   vdiff=  7.4186E-04 ( 59, 19)
n=  4530   udiff=  5.6591E-04 ( 50, 28)   vdiff=  7.3764E-04 ( 59, 19)
n=  4531   udiff=  5.6604E-04 ( 50, 28)   vdiff=  7.3324E-04 ( 59, 19)
n=  4532   udiff=  5.6615E-04 ( 50, 28)   vdiff=  7.2925E-04 ( 59, 19)
n=  4533   udiff=  5.6628E-04 ( 50, 28)   vdiff=  7.2509E-04 ( 59, 19)
n=  4534   udiff=  5.6638E-04 ( 50, 28)   vdiff=  7.2095E-04 ( 59, 19)
n=  4535   udiff=  5.6650E-04 ( 50, 28)   vdiff=  7.1689E-04 ( 59, 19)
n=  4536   udiff=  5.6659E-04 ( 50, 28)   vdiff=  7.1270E-04 ( 59, 19)
n=  4537   udiff=  5.6669E-04 ( 50, 28)   vdiff=  7.0845E-04 ( 59, 19)
n=  4538   udiff=  5.6678E-04 ( 50, 28)   vdiff=  7.0421E-04 ( 59, 19)
n=  4539   udiff=  5.6687E-04 ( 50, 28)   vdiff=  7.0005E-04 ( 59, 19)
n=  4540   udiff=  5.6694E-04 ( 50, 28)   vdiff=  6.9580E-04 ( 59, 19)
n=  4541   udiff=  5.6704E-04 ( 50, 28)   vdiff=  6.9181E-04 ( 59, 19)
n=  4542   udiff=  5.6708E-04 ( 50, 28)   vdiff=  6.8752E-04 ( 59, 19)
n=  4543   udiff=  5.6715E-04 ( 50, 28)   vdiff=  6.8336E-04 ( 59, 19)
n=  4544   udiff=  5.6723E-04 ( 50, 28)   vdiff=  6.7954E-04 ( 59, 19)
n=  4545   udiff=  5.6728E-04 ( 50, 28)   vdiff=  6.7572E-04 ( 59, 19)
n=  4546   udiff=  5.6733E-04 ( 50, 28)   vdiff=  6.7129E-04 ( 59, 19)
n=  4547   udiff=  5.6737E-04 ( 50, 28)   vdiff=  6.6743E-04 ( 59, 19)
n=  4548   udiff=  5.6740E-04 ( 50, 28)   vdiff=  6.6345E-04 ( 59, 19)
n=  4549   udiff=  5.6744E-04 ( 50, 28)   vdiff=  6.5921E-04 ( 59, 19)
n=  4550   udiff=  5.6748E-04 ( 50, 28)   vdiff=  6.5525E-04 ( 59, 19)
n=  4551   udiff=  5.6751E-04 ( 50, 28)   vdiff=  6.5130E-04 ( 59, 19)
n=  4552   udiff=  5.6752E-04 ( 50, 28)   vdiff=  6.4742E-04 ( 59, 19)
n=  4553   udiff=  5.6753E-04 ( 50, 28)   vdiff=  6.4318E-04 ( 59, 19)
n=  4554   udiff=  5.6755E-04 ( 50, 28)   vdiff=  6.3921E-04 ( 59, 19)
n=  4555   udiff=  5.6756E-04 ( 50, 28)   vdiff=  6.3509E-04 ( 59, 19)
n=  4556   udiff=  5.6756E-04 ( 50, 28)   vdiff=  6.3128E-04 ( 59, 19)
n=  4557   udiff=  5.6756E-04 ( 50, 28)   vdiff=  6.2723E-04 ( 59, 19)
n=  4558   udiff=  5.6755E-04 ( 50, 28)   vdiff=  6.2315E-04 ( 59, 19)
n=  4559   udiff=  5.6754E-04 ( 50, 28)   vdiff=  6.1924E-04 ( 59, 19)
n=  4560   udiff=  5.6752E-04 ( 50, 28)   vdiff=  6.1574E-04 ( 59, 19)
n=  4561   udiff=  5.6751E-04 ( 50, 28)   vdiff=  6.1139E-04 ( 59, 19)
n=  4562   udiff=  5.6745E-04 ( 50, 28)   vdiff=  6.0761E-04 ( 59, 19)
n=  4563   udiff=  5.6744E-04 ( 50, 28)   vdiff=  6.0390E-04 ( 59, 19)
n=  4564   udiff=  5.6739E-04 ( 50, 28)   vdiff=  6.0007E-04 ( 59, 19)
n=  4565   udiff=  5.6737E-04 ( 50, 28)   vdiff=  5.9625E-04 ( 59, 19)
n=  4566   udiff=  5.6732E-04 ( 50, 28)   vdiff=  5.9245E-04 ( 59, 19)
n=  4567   udiff=  5.6728E-04 ( 50, 28)   vdiff=  5.8842E-04 ( 59, 19)
n=  4568   udiff=  5.6723E-04 ( 50, 28)   vdiff=  5.8454E-04 ( 59, 19)
n=  4569   udiff=  5.6716E-04 ( 50, 28)   vdiff=  5.8061E-04 ( 59, 19)
n=  4570   udiff=  5.6709E-04 ( 50, 28)   vdiff=  5.7662E-04 ( 59, 19)
n=  4571   udiff=  5.6704E-04 ( 50, 28)   vdiff=  5.7318E-04 ( 59, 19)
n=  4572   udiff=  5.6696E-04 ( 50, 28)   vdiff=  5.6926E-04 ( 59, 19)
n=  4573   udiff=  5.6688E-04 ( 50, 28)   vdiff=  5.6532E-04 ( 59, 19)
n=  4574   udiff=  5.6681E-04 ( 50, 28)   vdiff=  5.6160E-04 ( 59, 19)
n=  4575   udiff=  5.6672E-04 ( 50, 28)   vdiff=  5.5804E-04 ( 59, 19)
n=  4576   udiff=  5.6662E-04 ( 50, 28)   vdiff=  5.5400E-04 ( 59, 19)
n=  4577   udiff=  5.6653E-04 ( 50, 28)   vdiff=  5.5054E-04 ( 59, 19)
n=  4578   udiff=  5.6643E-04 ( 50, 28)   vdiff=  5.4684E-04 ( 59, 19)
n=  4579   udiff=  5.6633E-04 ( 50, 28)   vdiff=  5.4260E-04 ( 59, 19)
n=  4580   udiff=  5.6623E-04 ( 50, 28)   vdiff=  5.3891E-04 ( 59, 19)
n=  4581   udiff=  5.6611E-04 ( 50, 28)   vdiff=  5.3529E-04 ( 59, 19)
n=  4582   udiff=  5.6598E-04 ( 50, 28)   vdiff=  5.3180E-04 ( 59, 19)
n=  4583   udiff=  5.6587E-04 ( 50, 28)   vdiff=  5.2791E-04 ( 59, 19)
n=  4584   udiff=  5.6574E-04 ( 50, 28)   vdiff=  5.2473E-04 ( 59, 19)
n=  4585   udiff=  5.6562E-04 ( 50, 28)   vdiff=  5.2094E-04 ( 59, 19)
n=  4586   udiff=  5.6549E-04 ( 50, 28)   vdiff=  5.1722E-04 ( 59, 19)
n=  4587   udiff=  5.6536E-04 ( 50, 28)   vdiff=  5.1328E-04 ( 59, 19)
n=  4588   udiff=  5.6522E-04 ( 50, 28)   vdiff=  5.1092E-04 ( 60, 16)
n=  4589   udiff=  5.6507E-04 ( 50, 28)   vdiff=  5.0670E-04 ( 60, 16)
n=  4590   udiff=  5.6491E-04 ( 50, 28)   vdiff=  5.0441E-04 ( 60, 16)
n=  4591   udiff=  5.6477E-04 ( 50, 28)   vdiff=  5.0179E-04 ( 60, 16)
n=  4592   udiff=  5.6464E-04 ( 51, 28)   vdiff=  4.9927E-04 ( 60, 16)
n=  4593   udiff=  5.6464E-04 ( 51, 28)   vdiff=  4.9529E-04 ( 60, 16)
n=  4594   udiff=  5.6461E-04 ( 51, 28)   vdiff=  4.9229E-04 ( 60, 16)
n=  4595   udiff=  5.6458E-04 ( 51, 28)   vdiff=  4.9007E-04 ( 60, 16)
n=  4596   udiff=  5.6455E-04 ( 51, 28)   vdiff=  4.8743E-04 ( 60, 16)
n=  4597   udiff=  5.6452E-04 ( 51, 28)   vdiff=  4.8508E-04 ( 60, 16)
n=  4598   udiff=  5.6448E-04 ( 51, 28)   vdiff=  4.8203E-04 ( 60, 16)
n=  4599   udiff=  5.6445E-04 ( 51, 28)   vdiff=  4.7913E-04 ( 60, 16)
n=  4600   udiff=  5.6439E-04 ( 51, 28)   vdiff=  4.7680E-04 ( 60, 16)
n=  4601   udiff=  5.6433E-04 ( 51, 28)   vdiff=  4.7393E-04 ( 60, 16)
n=  4602   udiff=  5.6428E-04 ( 51, 28)   vdiff=  4.7096E-04 ( 60, 16)
n=  4603   udiff=  5.6422E-04 ( 51, 28)   vdiff=  4.6848E-04 ( 60, 16)
n=  4604   udiff=  5.6417E-04 ( 51, 28)   vdiff=  4.6563E-04 ( 60, 16)
n=  4605   udiff=  5.6408E-04 ( 51, 28)   vdiff=  4.6271E-04 ( 60, 16)
n=  4606   udiff=  5.6402E-04 ( 51, 28)   vdiff=  4.5976E-04 ( 60, 16)
n=  4607   udiff=  5.6393E-04 ( 51, 28)   vdiff=  4.5728E-04 ( 60, 16)
n=  4608   udiff=  5.6387E-04 ( 51, 28)   vdiff=  4.5406E-04 ( 60, 16)
n=  4609   udiff=  5.6377E-04 ( 51, 28)   vdiff=  4.5246E-04 ( 60, 16)
n=  4610   udiff=  5.6367E-04 ( 51, 28)   vdiff=  4.4976E-04 ( 60, 16)
n=  4611   udiff=  5.6359E-04 ( 51, 28)   vdiff=  4.4648E-04 ( 60, 16)
n=  4612   udiff=  5.6349E-04 ( 51, 28)   vdiff=  4.4349E-04 ( 60, 16)
n=  4613   udiff=  5.6338E-04 ( 51, 28)   vdiff=  4.4127E-04 ( 60, 16)
n=  4614   udiff=  5.6327E-04 ( 51, 28)   vdiff=  4.3945E-04 ( 60, 16)
n=  4615   udiff=  5.6317E-04 ( 51, 28)   vdiff=  4.3586E-04 ( 60, 16)
n=  4616   udiff=  5.6305E-04 ( 51, 28)   vdiff=  4.3388E-04 ( 60, 16)
n=  4617   udiff=  5.6294E-04 ( 51, 28)   vdiff=  4.3085E-04 ( 60, 16)
n=  4618   udiff=  5.6281E-04 ( 51, 28)   vdiff=  4.2786E-04 ( 60, 16)
n=  4619   udiff=  5.6268E-04 ( 51, 28)   vdiff=  4.2565E-04 ( 60, 16)
n=  4620   udiff=  5.6254E-04 ( 51, 28)   vdiff=  4.2264E-04 ( 60, 16)
n=  4621   udiff=  5.6241E-04 ( 51, 28)   vdiff=  4.2094E-04 ( 60, 16)
n=  4622   udiff=  5.6228E-04 ( 51, 28)   vdiff=  4.1799E-04 ( 60, 16)
n=  4623   udiff=  5.6211E-04 ( 51, 28)   vdiff=  4.1640E-04 ( 60, 16)
n=  4624   udiff=  5.6198E-04 ( 51, 28)   vdiff=  4.1209E-04 ( 60, 16)
n=  4625   udiff=  5.6182E-04 ( 51, 28)   vdiff=  4.1051E-04 ( 60, 16)
n=  4626   udiff=  5.6166E-04 ( 51, 28)   vdiff=  4.0723E-04 ( 60, 16)
n=  4627   udiff=  5.6150E-04 ( 51, 28)   vdiff=  4.0524E-04 ( 60, 16)
n=  4628   udiff=  5.6135E-04 ( 51, 28)   vdiff=  4.0223E-04 ( 60, 16)
n=  4629   udiff=  5.6118E-04 ( 51, 28)   vdiff=  4.0023E-04 ( 60, 16)
n=  4630   udiff=  5.6100E-04 ( 51, 28)   vdiff=  3.9953E-04 ( 55, 22)
n=  4631   udiff=  5.6083E-04 ( 51, 28)   vdiff=  3.9924E-04 ( 55, 22)
n=  4632   udiff=  5.6064E-04 ( 51, 28)   vdiff=  3.9886E-04 ( 55, 22)
n=  4633   udiff=  5.6046E-04 ( 51, 28)   vdiff=  3.9864E-04 ( 55, 22)
n=  4634   udiff=  5.6027E-04 ( 51, 28)   vdiff=  3.9833E-04 ( 55, 22)
n=  4635   udiff=  5.6009E-04 ( 51, 28)   vdiff=  3.9791E-04 ( 55, 22)
n=  4636   udiff=  5.5990E-04 ( 51, 28)   vdiff=  3.9753E-04 ( 55, 22)
n=  4637   udiff=  5.5971E-04 ( 51, 28)   vdiff=  3.9729E-04 ( 55, 22)
n=  4638   udiff=  5.5948E-04 ( 51, 28)   vdiff=  3.9691E-04 ( 55, 22)
n=  4639   udiff=  5.5928E-04 ( 51, 28)   vdiff=  3.9645E-04 ( 55, 22)
n=  4640   udiff=  5.5908E-04 ( 51, 28)   vdiff=  3.9617E-04 ( 55, 22)
n=  4641   udiff=  5.5887E-04 ( 51, 28)   vdiff=  3.9576E-04 ( 55, 22)
n=  4642   udiff=  5.5865E-04 ( 51, 28)   vdiff=  3.9547E-04 ( 55, 22)
n=  4643   udiff=  5.5843E-04 ( 51, 28)   vdiff=  3.9506E-04 ( 55, 22)
n=  4644   udiff=  5.5820E-04 ( 51, 28)   vdiff=  3.9475E-04 ( 55, 22)
n=  4645   udiff=  5.5796E-04 ( 51, 28)   vdiff=  3.9434E-04 ( 55, 22)
n=  4646   udiff=  5.5773E-04 ( 51, 28)   vdiff=  3.9414E-04 ( 55, 22)
n=  4647   udiff=  5.5750E-04 ( 51, 28)   vdiff=  3.9367E-04 ( 55, 22)
n=  4648   udiff=  5.5726E-04 ( 51, 28)   vdiff=  3.9337E-04 ( 55, 22)
n=  4649   udiff=  5.5701E-04 ( 51, 28)   vdiff=  3.9291E-04 ( 55, 22)
n=  4650   udiff=  5.5677E-04 ( 51, 28)   vdiff=  3.9257E-04 ( 55, 22)
n=  4651   udiff=  5.5653E-04 ( 51, 28)   vdiff=  3.9223E-04 ( 55, 22)
n=  4652   udiff=  5.5626E-04 ( 51, 28)   vdiff=  3.9180E-04 ( 55, 22)
n=  4653   udiff=  5.5601E-04 ( 51, 28)   vdiff=  3.9141E-04 ( 55, 22)
n=  4654   udiff=  5.5575E-04 ( 51, 28)   vdiff=  3.9107E-04 ( 55, 22)
n=  4655   udiff=  5.5549E-04 ( 51, 28)   vdiff=  3.9075E-04 ( 55, 22)
n=  4656   udiff=  5.5521E-04 ( 51, 28)   vdiff=  3.9024E-04 ( 55, 22)
n=  4657   udiff=  5.5495E-04 ( 51, 28)   vdiff=  3.8987E-04 ( 55, 22)
n=  4658   udiff=  5.5467E-04 ( 51, 28)   vdiff=  3.8949E-04 ( 55, 22)
n=  4659   udiff=  5.5438E-04 ( 51, 28)   vdiff=  3.8904E-04 ( 55, 22)
n=  4660   udiff=  5.5411E-04 ( 51, 28)   vdiff=  3.8878E-04 ( 55, 22)
n=  4661   udiff=  5.5381E-04 ( 51, 28)   vdiff=  3.8836E-04 ( 55, 22)
n=  4662   udiff=  5.5354E-04 ( 51, 28)   vdiff=  3.8794E-04 ( 55, 22)
n=  4663   udiff=  5.5324E-04 ( 51, 28)   vdiff=  3.8759E-04 ( 55, 22)
n=  4664   udiff=  5.5294E-04 ( 51, 28)   vdiff=  3.8717E-04 ( 55, 22)
n=  4665   udiff=  5.5265E-04 ( 51, 28)   vdiff=  3.8671E-04 ( 55, 22)
n=  4666   udiff=  5.5235E-04 ( 51, 28)   vdiff=  3.8632E-04 ( 55, 22)
n=  4667   udiff=  5.5203E-04 ( 51, 28)   vdiff=  3.8594E-04 ( 55, 22)
n=  4668   udiff=  5.5173E-04 ( 51, 28)   vdiff=  3.8542E-04 ( 55, 22)
n=  4669   udiff=  5.5142E-04 ( 51, 28)   vdiff=  3.8505E-04 ( 55, 22)
n=  4670   udiff=  5.5109E-04 ( 51, 28)   vdiff=  3.8456E-04 ( 55, 22)
n=  4671   udiff=  5.5078E-04 ( 51, 28)   vdiff=  3.8421E-04 ( 55, 22)
n=  4672   udiff=  5.5047E-04 ( 51, 28)   vdiff=  3.8384E-04 ( 55, 22)
n=  4673   udiff=  5.5012E-04 ( 51, 28)   vdiff=  3.8339E-04 ( 55, 22)
n=  4674   udiff=  5.4980E-04 ( 51, 28)   vdiff=  3.8290E-04 ( 55, 22)
n=  4675   udiff=  5.4947E-04 ( 51, 28)   vdiff=  3.8245E-04 ( 55, 22)
n=  4676   udiff=  5.4914E-04 ( 51, 28)   vdiff=  3.8208E-04 ( 55, 22)
n=  4677   udiff=  5.4879E-04 ( 51, 28)   vdiff=  3.8162E-04 ( 55, 22)
n=  4678   udiff=  5.4846E-04 ( 51, 28)   vdiff=  3.8112E-04 ( 55, 22)
n=  4679   udiff=  5.4811E-04 ( 51, 28)   vdiff=  3.8081E-04 ( 55, 22)
n=  4680   udiff=  5.4777E-04 ( 51, 28)   vdiff=  3.8024E-04 ( 55, 22)
n=  4681   udiff=  5.4742E-04 ( 51, 28)   vdiff=  3.7989E-04 ( 55, 22)
n=  4682   udiff=  5.4706E-04 ( 51, 28)   vdiff=  3.7945E-04 ( 55, 22)
n=  4683   udiff=  5.4669E-04 ( 51, 28)   vdiff=  3.7901E-04 ( 55, 22)
n=  4684   udiff=  5.4634E-04 ( 51, 28)   vdiff=  3.7847E-04 ( 55, 22)
n=  4685   udiff=  5.4599E-04 ( 51, 28)   vdiff=  3.7812E-04 ( 55, 22)
n=  4686   udiff=  5.4562E-04 ( 51, 28)   vdiff=  3.7764E-04 ( 55, 22)
n=  4687   udiff=  5.4525E-04 ( 51, 28)   vdiff=  3.7715E-04 ( 55, 22)
n=  4688   udiff=  5.4488E-04 ( 51, 28)   vdiff=  3.7671E-04 ( 55, 22)
n=  4689   udiff=  5.4450E-04 ( 51, 28)   vdiff=  3.7628E-04 ( 55, 22)
n=  4690   udiff=  5.4413E-04 ( 51, 28)   vdiff=  3.7573E-04 ( 55, 22)
n=  4691   udiff=  5.4374E-04 ( 51, 28)   vdiff=  3.7534E-04 ( 55, 22)
n=  4692   udiff=  5.4337E-04 ( 51, 28)   vdiff=  3.7487E-04 ( 55, 22)
n=  4693   udiff=  5.4297E-04 ( 51, 28)   vdiff=  3.7445E-04 ( 55, 22)
n=  4694   udiff=  5.4258E-04 ( 51, 28)   vdiff=  3.7392E-04 ( 55, 22)
n=  4695   udiff=  5.4219E-04 ( 51, 28)   vdiff=  3.7350E-04 ( 55, 22)
n=  4696   udiff=  5.4179E-04 ( 51, 28)   vdiff=  3.7305E-04 ( 55, 22)
n=  4697   udiff=  5.4139E-04 ( 51, 28)   vdiff=  3.7260E-04 ( 55, 22)
n=  4698   udiff=  5.4099E-04 ( 51, 28)   vdiff=  3.7214E-04 ( 55, 22)
n=  4699   udiff=  5.4058E-04 ( 51, 28)   vdiff=  3.7165E-04 ( 55, 22)
n=  4700   udiff=  5.4018E-04 ( 51, 28)   vdiff=  3.7116E-04 ( 55, 22)
n=  4701   udiff=  5.3977E-04 ( 51, 28)   vdiff=  3.7075E-04 ( 55, 22)
n=  4702   udiff=  5.3945E-04 ( 52, 28)   vdiff=  3.7020E-04 ( 55, 22)
n=  4703   udiff=  5.3915E-04 ( 52, 28)   vdiff=  3.6972E-04 ( 55, 22)
n=  4704   udiff=  5.3885E-04 ( 52, 28)   vdiff=  3.6923E-04 ( 55, 22)
n=  4705   udiff=  5.3855E-04 ( 52, 28)   vdiff=  3.6866E-04 ( 55, 22)
n=  4706   udiff=  5.3823E-04 ( 52, 28)   vdiff=  3.6833E-04 ( 55, 22)
n=  4707   udiff=  5.3792E-04 ( 52, 28)   vdiff=  3.6775E-04 ( 55, 22)
n=  4708   udiff=  5.3762E-04 ( 52, 28)   vdiff=  3.6719E-04 ( 55, 22)
n=  4709   udiff=  5.3731E-04 ( 52, 28)   vdiff=  3.6681E-04 ( 55, 22)
n=  4710   udiff=  5.3697E-04 ( 52, 28)   vdiff=  3.6624E-04 ( 55, 22)
n=  4711   udiff=  5.3666E-04 ( 52, 28)   vdiff=  3.6572E-04 ( 55, 22)
n=  4712   udiff=  5.3634E-04 ( 52, 28)   vdiff=  3.6528E-04 ( 55, 22)
n=  4713   udiff=  5.3600E-04 ( 52, 28)   vdiff=  3.6470E-04 ( 55, 22)
n=  4714   udiff=  5.3567E-04 ( 52, 28)   vdiff=  3.6429E-04 ( 55, 22)
n=  4715   udiff=  5.3534E-04 ( 52, 28)   vdiff=  3.6367E-04 ( 55, 22)
n=  4716   udiff=  5.3499E-04 ( 52, 28)   vdiff=  3.6321E-04 ( 55, 22)
n=  4717   udiff=  5.3466E-04 ( 52, 28)   vdiff=  3.6281E-04 ( 55, 22)
n=  4718   udiff=  5.3432E-04 ( 52, 28)   vdiff=  3.6224E-04 ( 55, 22)
n=  4719   udiff=  5.3395E-04 ( 52, 28)   vdiff=  3.6238E-04 ( 56, 23)
n=  4720   udiff=  5.3363E-04 ( 52, 28)   vdiff=  3.6254E-04 ( 56, 23)
n=  4721   udiff=  5.3325E-04 ( 52, 28)   vdiff=  3.6250E-04 ( 56, 23)
n=  4722   udiff=  5.3291E-04 ( 52, 28)   vdiff=  3.6264E-04 ( 56, 23)
n=  4723   udiff=  5.3257E-04 ( 52, 28)   vdiff=  3.6282E-04 ( 56, 23)
n=  4724   udiff=  5.3220E-04 ( 52, 28)   vdiff=  3.6277E-04 ( 56, 23)
n=  4725   udiff=  5.3183E-04 ( 52, 28)   vdiff=  3.6289E-04 ( 56, 23)
n=  4726   udiff=  5.3146E-04 ( 52, 28)   vdiff=  3.6300E-04 ( 56, 23)
n=  4727   udiff=  5.3108E-04 ( 52, 28)   vdiff=  3.6296E-04 ( 56, 23)
n=  4728   udiff=  5.3072E-04 ( 52, 28)   vdiff=  3.6311E-04 ( 56, 23)
n=  4729   udiff=  5.3034E-04 ( 52, 28)   vdiff=  3.6311E-04 ( 56, 23)
n=  4730   udiff=  5.2997E-04 ( 52, 28)   vdiff=  3.6324E-04 ( 56, 23)
n=  4731   udiff=  5.2959E-04 ( 52, 28)   vdiff=  3.6336E-04 ( 56, 23)
n=  4732   udiff=  5.2921E-04 ( 52, 28)   vdiff=  3.6332E-04 ( 56, 23)
n=  4733   udiff=  5.2883E-04 ( 52, 28)   vdiff=  3.6336E-04 ( 56, 23)
n=  4734   udiff=  5.2843E-04 ( 52, 28)   vdiff=  3.6346E-04 ( 56, 23)
n=  4735   udiff=  5.2804E-04 ( 52, 28)   vdiff=  3.6345E-04 ( 56, 23)
n=  4736   udiff=  5.2765E-04 ( 52, 28)   vdiff=  3.6356E-04 ( 56, 23)
n=  4737   udiff=  5.2725E-04 ( 52, 28)   vdiff=  3.6350E-04 ( 56, 23)
n=  4738   udiff=  5.2686E-04 ( 52, 28)   vdiff=  3.6361E-04 ( 56, 23)
n=  4739   udiff=  5.2645E-04 ( 52, 28)   vdiff=  3.6367E-04 ( 56, 23)
n=  4740   udiff=  5.2604E-04 ( 52, 28)   vdiff=  3.6361E-04 ( 56, 23)
n=  4741   udiff=  5.2563E-04 ( 52, 28)   vdiff=  3.6368E-04 ( 56, 23)
n=  4742   udiff=  5.2522E-04 ( 52, 28)   vdiff=  3.6363E-04 ( 56, 23)
n=  4743   udiff=  5.2481E-04 ( 52, 28)   vdiff=  3.6369E-04 ( 56, 23)
n=  4744   udiff=  5.2441E-04 ( 52, 28)   vdiff=  3.6382E-04 ( 56, 23)
n=  4745   udiff=  5.2398E-04 ( 52, 28)   vdiff=  3.6371E-04 ( 56, 23)
n=  4746   udiff=  5.2356E-04 ( 52, 28)   vdiff=  3.6379E-04 ( 56, 23)
n=  4747   udiff=  5.2314E-04 ( 52, 28)   vdiff=  3.6370E-04 ( 56, 23)
n=  4748   udiff=  5.2271E-04 ( 52, 28)   vdiff=  3.6375E-04 ( 56, 23)
n=  4749   udiff=  5.2227E-04 ( 52, 28)   vdiff=  3.6369E-04 ( 56, 23)
n=  4750   udiff=  5.2186E-04 ( 52, 28)   vdiff=  3.6377E-04 ( 56, 23)
n=  4751   udiff=  5.2142E-04 ( 52, 28)   vdiff=  3.6374E-04 ( 56, 23)
n=  4752   udiff=  5.2099E-04 ( 52, 28)   vdiff=  3.6370E-04 ( 56, 23)
n=  4753   udiff=  5.2055E-04 ( 52, 28)   vdiff=  3.6377E-04 ( 56, 23)
n=  4754   udiff=  5.2011E-04 ( 52, 28)   vdiff=  3.6362E-04 ( 56, 23)
n=  4755   udiff=  5.1965E-04 ( 52, 28)   vdiff=  3.6366E-04 ( 56, 23)
n=  4756   udiff=  5.1923E-04 ( 52, 28)   vdiff=  3.6367E-04 ( 56, 23)
n=  4757   udiff=  5.1878E-04 ( 52, 28)   vdiff=  3.6356E-04 ( 56, 23)
n=  4758   udiff=  5.1832E-04 ( 52, 28)   vdiff=  3.6360E-04 ( 56, 23)
n=  4759   udiff=  5.1788E-04 ( 52, 28)   vdiff=  3.6352E-04 ( 56, 23)
n=  4760   udiff=  5.1741E-04 ( 52, 28)   vdiff=  3.6353E-04 ( 56, 23)
n=  4761   udiff=  5.1697E-04 ( 52, 28)   vdiff=  3.6353E-04 ( 56, 23)
n=  4762   udiff=  5.1650E-04 ( 52, 28)   vdiff=  3.6341E-04 ( 56, 23)
n=  4763   udiff=  5.1604E-04 ( 52, 28)   vdiff=  3.6346E-04 ( 56, 23)
n=  4764   udiff=  5.1557E-04 ( 52, 28)   vdiff=  3.6330E-04 ( 56, 23)
n=  4765   udiff=  5.1510E-04 ( 52, 28)   vdiff=  3.6330E-04 ( 56, 23)
n=  4766   udiff=  5.1464E-04 ( 52, 28)   vdiff=  3.6330E-04 ( 56, 23)
n=  4767   udiff=  5.1416E-04 ( 52, 28)   vdiff=  3.6316E-04 ( 56, 23)
n=  4768   udiff=  5.1369E-04 ( 52, 28)   vdiff=  3.6309E-04 ( 56, 23)
n=  4769   udiff=  5.1323E-04 ( 52, 28)   vdiff=  3.6311E-04 ( 56, 23)
n=  4770   udiff=  5.1275E-04 ( 52, 28)   vdiff=  3.6295E-04 ( 56, 23)
n=  4771   udiff=  5.1227E-04 ( 52, 28)   vdiff=  3.6295E-04 ( 56, 23)
n=  4772   udiff=  5.1179E-04 ( 52, 28)   vdiff=  3.6277E-04 ( 56, 23)
n=  4773   udiff=  5.1129E-04 ( 52, 28)   vdiff=  3.6273E-04 ( 56, 23)
n=  4774   udiff=  5.1082E-04 ( 52, 28)   vdiff=  3.6277E-04 ( 56, 23)
n=  4775   udiff=  5.1032E-04 ( 52, 28)   vdiff=  3.6259E-04 ( 56, 23)
n=  4776   udiff=  5.0984E-04 ( 52, 28)   vdiff=  3.6253E-04 ( 56, 23)
n=  4777   udiff=  5.0934E-04 ( 52, 28)   vdiff=  3.6248E-04 ( 56, 23)
n=  4778   udiff=  5.0884E-04 ( 52, 28)   vdiff=  3.6230E-04 ( 56, 23)
n=  4779   udiff=  5.0835E-04 ( 52, 28)   vdiff=  3.6229E-04 ( 56, 23)
n=  4780   udiff=  5.0783E-04 ( 52, 28)   vdiff=  3.6217E-04 ( 56, 23)
n=  4781   udiff=  5.0734E-04 ( 52, 28)   vdiff=  3.6217E-04 ( 56, 23)
n=  4782   udiff=  5.0684E-04 ( 52, 28)   vdiff=  3.6193E-04 ( 56, 23)
n=  4783   udiff=  5.0632E-04 ( 52, 28)   vdiff=  3.6186E-04 ( 56, 23)
n=  4784   udiff=  5.0583E-04 ( 52, 28)   vdiff=  3.6187E-04 ( 56, 23)
n=  4785   udiff=  5.0531E-04 ( 52, 28)   vdiff=  3.6167E-04 ( 56, 23)
n=  4786   udiff=  5.0481E-04 ( 52, 28)   vdiff=  3.6155E-04 ( 56, 23)
n=  4787   udiff=  5.0428E-04 ( 52, 28)   vdiff=  3.6143E-04 ( 56, 23)
n=  4788   udiff=  5.0377E-04 ( 52, 28)   vdiff=  3.6133E-04 ( 56, 23)
n=  4789   udiff=  5.0324E-04 ( 52, 28)   vdiff=  3.6115E-04 ( 56, 23)
n=  4790   udiff=  5.0272E-04 ( 52, 28)   vdiff=  3.6108E-04 ( 56, 23)
n=  4791   udiff=  5.0221E-04 ( 52, 28)   vdiff=  3.6099E-04 ( 56, 23)
n=  4792   udiff=  5.0168E-04 ( 52, 28)   vdiff=  3.6088E-04 ( 56, 23)
n=  4793   udiff=  5.0115E-04 ( 52, 28)   vdiff=  3.6063E-04 ( 56, 23)
n=  4794   udiff=  5.0062E-04 ( 52, 28)   vdiff=  3.6054E-04 ( 56, 23)
n=  4795   udiff=  5.0011E-04 ( 52, 28)   vdiff=  3.6045E-04 ( 56, 23)
n=  4796   udiff=  4.9957E-04 ( 52, 28)   vdiff=  3.6033E-04 ( 56, 23)
n=  4797   udiff=  4.9903E-04 ( 52, 28)   vdiff=  3.6017E-04 ( 56, 23)
n=  4798   udiff=  4.9849E-04 ( 52, 28)   vdiff=  3.5994E-04 ( 56, 23)
n=  4799   udiff=  4.9795E-04 ( 52, 28)   vdiff=  3.5980E-04 ( 56, 23)
n=  4800   udiff=  4.9742E-04 ( 52, 28)   vdiff=  3.5972E-04 ( 56, 23)
n=  4801   udiff=  4.9688E-04 ( 52, 28)   vdiff=  3.5953E-04 ( 56, 23)
n=  4802   udiff=  4.9634E-04 ( 52, 28)   vdiff=  3.5944E-04 ( 56, 23)
n=  4803   udiff=  4.9577E-04 ( 52, 28)   vdiff=  3.5929E-04 ( 56, 23)
n=  4804   udiff=  4.9524E-04 ( 52, 28)   vdiff=  3.5914E-04 ( 56, 23)
n=  4805   udiff=  4.9469E-04 ( 52, 28)   vdiff=  3.5901E-04 ( 56, 23)
n=  4806   udiff=  4.9414E-04 ( 52, 28)   vdiff=  3.5874E-04 ( 56, 23)
n=  4807   udiff=  4.9358E-04 ( 52, 28)   vdiff=  3.5856E-04 ( 56, 23)
n=  4808   udiff=  4.9303E-04 ( 52, 28)   vdiff=  3.5838E-04 ( 56, 23)
n=  4809   udiff=  4.9246E-04 ( 52, 28)   vdiff=  3.5821E-04 ( 56, 23)
n=  4810   udiff=  4.9192E-04 ( 52, 28)   vdiff=  3.5807E-04 ( 56, 23)
n=  4811   udiff=  4.9137E-04 ( 52, 28)   vdiff=  3.5794E-04 ( 56, 23)
n=  4812   udiff=  4.9080E-04 ( 52, 28)   vdiff=  3.5773E-04 ( 56, 23)
n=  4813   udiff=  4.9023E-04 ( 52, 28)   vdiff=  3.5753E-04 ( 56, 23)
n=  4814   udiff=  4.8966E-04 ( 52, 28)   vdiff=  3.5742E-04 ( 56, 23)
n=  4815   udiff=  4.8910E-04 ( 52, 28)   vdiff=  3.5713E-04 ( 56, 23)
n=  4816   udiff=  4.8853E-04 ( 52, 28)   vdiff=  3.5698E-04 ( 56, 23)
n=  4817   udiff=  4.8796E-04 ( 52, 28)   vdiff=  3.5679E-04 ( 56, 23)
n=  4818   udiff=  4.8739E-04 ( 52, 28)   vdiff=  3.5656E-04 ( 56, 23)
n=  4819   udiff=  4.8681E-04 ( 52, 28)   vdiff=  3.5640E-04 ( 56, 23)
n=  4820   udiff=  4.8625E-04 ( 52, 28)   vdiff=  3.5633E-04 ( 56, 23)
n=  4821   udiff=  4.8565E-04 ( 52, 28)   vdiff=  3.5610E-04 ( 56, 23)
n=  4822   udiff=  4.8509E-04 ( 52, 28)   vdiff=  3.5591E-04 ( 56, 23)
n=  4823   udiff=  4.8451E-04 ( 52, 28)   vdiff=  3.5568E-04 ( 56, 23)
n=  4824   udiff=  4.8393E-04 ( 52, 28)   vdiff=  3.5543E-04 ( 56, 23)
n=  4825   udiff=  4.8333E-04 ( 52, 28)   vdiff=  3.5517E-04 ( 56, 23)
n=  4826   udiff=  4.8275E-04 ( 52, 28)   vdiff=  3.5497E-04 ( 56, 23)
n=  4827   udiff=  4.8217E-04 ( 52, 28)   vdiff=  3.5477E-04 ( 56, 23)
n=  4828   udiff=  4.8157E-04 ( 52, 28)   vdiff=  3.5462E-04 ( 56, 23)
n=  4829   udiff=  4.8099E-04 ( 52, 28)   vdiff=  3.5487E-04 ( 57, 24)
n=  4830   udiff=  4.8040E-04 ( 52, 28)   vdiff=  3.5507E-04 ( 57, 24)
n=  4831   udiff=  4.7981E-04 ( 52, 28)   vdiff=  3.5529E-04 ( 57, 24)
n=  4832   udiff=  4.7923E-04 ( 52, 28)   vdiff=  3.5552E-04 ( 57, 24)
n=  4833   udiff=  4.7862E-04 ( 52, 28)   vdiff=  3.5570E-04 ( 57, 24)
n=  4834   udiff=  4.7801E-04 ( 52, 28)   vdiff=  3.5587E-04 ( 57, 24)
n=  4835   udiff=  4.7742E-04 ( 52, 28)   vdiff=  3.5615E-04 ( 57, 24)
n=  4836   udiff=  4.7683E-04 ( 52, 28)   vdiff=  3.5637E-04 ( 57, 24)
n=  4837   udiff=  4.7622E-04 ( 52, 28)   vdiff=  3.5652E-04 ( 57, 24)
n=  4838   udiff=  4.7563E-04 ( 52, 28)   vdiff=  3.5669E-04 ( 57, 24)
n=  4839   udiff=  4.7501E-04 ( 52, 28)   vdiff=  3.5687E-04 ( 57, 24)
n=  4840   udiff=  4.7440E-04 ( 52, 28)   vdiff=  3.5704E-04 ( 57, 24)
n=  4841   udiff=  4.7379E-04 ( 52, 28)   vdiff=  3.5720E-04 ( 57, 24)
n=  4842   udiff=  4.7319E-04 ( 52, 28)   vdiff=  3.5738E-04 ( 57, 24)
n=  4843   udiff=  4.7258E-04 ( 52, 28)   vdiff=  3.5753E-04 ( 57, 24)
n=  4844   udiff=  4.7195E-04 ( 52, 28)   vdiff=  3.5773E-04 ( 57, 24)
n=  4845   udiff=  4.7134E-04 ( 52, 28)   vdiff=  3.5788E-04 ( 57, 24)
n=  4846   udiff=  4.7073E-04 ( 52, 28)   vdiff=  3.5805E-04 ( 57, 24)
n=  4847   udiff=  4.7013E-04 ( 52, 28)   vdiff=  3.5821E-04 ( 57, 24)
n=  4848   udiff=  4.6950E-04 ( 52, 28)   vdiff=  3.5839E-04 ( 57, 24)
n=  4849   udiff=  4.6888E-04 ( 52, 28)   vdiff=  3.5852E-04 ( 57, 24)
n=  4850   udiff=  4.6825E-04 ( 52, 28)   vdiff=  3.5872E-04 ( 57, 23)
n=  4851   udiff=  4.6763E-04 ( 52, 28)   vdiff=  3.5899E-04 ( 57, 23)
n=  4852   udiff=  4.6702E-04 ( 52, 28)   vdiff=  3.5918E-04 ( 57, 23)
n=  4853   udiff=  4.6639E-04 ( 52, 28)   vdiff=  3.5945E-04 ( 57, 23)
n=  4854   udiff=  4.6578E-04 ( 53, 28)   vdiff=  3.5965E-04 ( 57, 23)
n=  4855   udiff=  4.6524E-04 ( 53, 28)   vdiff=  3.5981E-04 ( 57, 23)
n=  4856   udiff=  4.6470E-04 ( 53, 28)   vdiff=  3.6008E-04 ( 57, 23)
n=  4857   udiff=  4.6417E-04 ( 53, 28)   vdiff=  3.6017E-04 ( 57, 23)
n=  4858   udiff=  4.6363E-04 ( 53, 28)   vdiff=  3.6032E-04 ( 57, 23)
n=  4859   udiff=  4.6308E-04 ( 53, 28)   vdiff=  3.6062E-04 ( 57, 23)
n=  4860   udiff=  4.6253E-04 ( 53, 28)   vdiff=  3.6078E-04 ( 57, 23)
n=  4861   udiff=  4.6199E-04 ( 53, 28)   vdiff=  3.6095E-04 ( 57, 23)
n=  4862   udiff=  4.6143E-04 ( 53, 28)   vdiff=  3.6104E-04 ( 57, 23)
n=  4863   udiff=  4.6089E-04 ( 53, 28)   vdiff=  3.6127E-04 ( 57, 23)
n=  4864   udiff=  4.6035E-04 ( 53, 28)   vdiff=  3.6143E-04 ( 57, 23)
n=  4865   udiff=  4.5979E-04 ( 53, 28)   vdiff=  3.6168E-04 ( 57, 23)
n=  4866   udiff=  4.5924E-04 ( 53, 28)   vdiff=  3.6172E-04 ( 57, 23)
n=  4867   udiff=  4.5868E-04 ( 53, 28)   vdiff=  3.6191E-04 ( 57, 23)
n=  4868   udiff=  4.5813E-04 ( 53, 28)   vdiff=  3.6214E-04 ( 57, 23)
n=  4869   udiff=  4.5756E-04 ( 53, 28)   vdiff=  3.6229E-04 ( 57, 23)
n=  4870   udiff=  4.5701E-04 ( 53, 28)   vdiff=  3.6231E-04 ( 57, 23)
n=  4871   udiff=  4.5645E-04 ( 53, 28)   vdiff=  3.6256E-04 ( 57, 23)
n=  4872   udiff=  4.5589E-04 ( 53, 28)   vdiff=  3.6277E-04 ( 57, 23)
n=  4873   udiff=  4.5533E-04 ( 53, 28)   vdiff=  3.6280E-04 ( 57, 23)
n=  4874   udiff=  4.5477E-04 ( 53, 28)   vdiff=  3.6298E-04 ( 57, 23)
n=  4875   udiff=  4.5419E-04 ( 53, 28)   vdiff=  3.6312E-04 ( 57, 23)
n=  4876   udiff=  4.5363E-04 ( 53, 28)   vdiff=  3.6317E-04 ( 57, 23)
n=  4877   udiff=  4.5306E-04 ( 53, 28)   vdiff=  3.6333E-04 ( 57, 23)
n=  4878   udiff=  4.5249E-04 ( 53, 28)   vdiff=  3.6337E-04 ( 57, 23)
n=  4879   udiff=  4.5191E-04 ( 53, 28)   vdiff=  3.6354E-04 ( 57, 23)
n=  4880   udiff=  4.5134E-04 ( 53, 28)   vdiff=  3.6368E-04 ( 57, 23)
n=  4881   udiff=  4.5077E-04 ( 53, 28)   vdiff=  3.6373E-04 ( 57, 23)
n=  4882   udiff=  4.5020E-04 ( 53, 28)   vdiff=  3.6391E-04 ( 57, 23)
n=  4883   udiff=  4.4961E-04 ( 53, 28)   vdiff=  3.6393E-04 ( 57, 23)
n=  4884   udiff=  4.4904E-04 ( 53, 28)   vdiff=  3.6407E-04 ( 57, 23)
n=  4885   udiff=  4.4846E-04 ( 53, 28)   vdiff=  3.6422E-04 ( 57, 23)
n=  4886   udiff=  4.4791E-04 ( 53, 28)   vdiff=  3.6429E-04 ( 57, 23)
n=  4887   udiff=  4.4730E-04 ( 53, 28)   vdiff=  3.6440E-04 ( 57, 23)
n=  4888   udiff=  4.4671E-04 ( 53, 28)   vdiff=  3.6439E-04 ( 57, 23)
n=  4889   udiff=  4.4614E-04 ( 53, 28)   vdiff=  3.6455E-04 ( 57, 23)
n=  4890   udiff=  4.4556E-04 ( 53, 28)   vdiff=  3.6456E-04 ( 57, 23)
n=  4891   udiff=  4.4498E-04 ( 53, 28)   vdiff=  3.6467E-04 ( 57, 23)
n=  4892   udiff=  4.4437E-04 ( 53, 28)   vdiff=  3.6471E-04 ( 57, 23)
n=  4893   udiff=  4.4379E-04 ( 53, 28)   vdiff=  3.6481E-04 ( 57, 23)
n=  4894   udiff=  4.4319E-04 ( 53, 28)   vdiff=  3.6483E-04 ( 57, 23)
n=  4895   udiff=  4.4260E-04 ( 53, 28)   vdiff=  3.6498E-04 ( 57, 23)
n=  4896   udiff=  4.4201E-04 ( 53, 28)   vdiff=  3.6491E-04 ( 57, 23)
n=  4897   udiff=  4.4142E-04 ( 53, 28)   vdiff=  3.6509E-04 ( 57, 23)
n=  4898   udiff=  4.4083E-04 ( 53, 28)   vdiff=  3.6505E-04 ( 57, 23)
n=  4899   udiff=  4.4023E-04 ( 53, 28)   vdiff=  3.6515E-04 ( 57, 23)
n=  4900   udiff=  4.3963E-04 ( 53, 28)   vdiff=  3.6517E-04 ( 57, 23)
n=  4901   udiff=  4.3903E-04 ( 53, 28)   vdiff=  3.6525E-04 ( 57, 23)
n=  4902   udiff=  4.3843E-04 ( 53, 28)   vdiff=  3.6529E-04 ( 57, 23)
n=  4903   udiff=  4.3783E-04 ( 53, 28)   vdiff=  3.6538E-04 ( 57, 23)
n=  4904   udiff=  4.3723E-04 ( 53, 28)   vdiff=  3.6532E-04 ( 57, 23)
n=  4905   udiff=  4.3662E-04 ( 53, 28)   vdiff=  3.6541E-04 ( 57, 23)
n=  4906   udiff=  4.3602E-04 ( 53, 28)   vdiff=  3.6544E-04 ( 57, 23)
n=  4907   udiff=  4.3541E-04 ( 53, 28)   vdiff=  3.6548E-04 ( 57, 23)
n=  4908   udiff=  4.3480E-04 ( 53, 28)   vdiff=  3.6542E-04 ( 57, 23)
n=  4909   udiff=  4.3421E-04 ( 53, 28)   vdiff=  3.6552E-04 ( 57, 23)
n=  4910   udiff=  4.3359E-04 ( 53, 28)   vdiff=  3.6547E-04 ( 57, 23)
n=  4911   udiff=  4.3297E-04 ( 53, 28)   vdiff=  3.6556E-04 ( 57, 23)
n=  4912   udiff=  4.3238E-04 ( 53, 28)   vdiff=  3.6550E-04 ( 57, 23)
n=  4913   udiff=  4.3177E-04 ( 53, 28)   vdiff=  3.6556E-04 ( 57, 23)
n=  4914   udiff=  4.3115E-04 ( 53, 28)   vdiff=  3.6550E-04 ( 57, 23)
n=  4915   udiff=  4.3055E-04 ( 53, 28)   vdiff=  3.6559E-04 ( 57, 23)
n=  4916   udiff=  4.2994E-04 ( 53, 28)   vdiff=  3.6552E-04 ( 57, 23)
n=  4917   udiff=  4.2931E-04 ( 53, 28)   vdiff=  3.6559E-04 ( 57, 23)
n=  4918   udiff=  4.2869E-04 ( 53, 28)   vdiff=  3.6549E-04 ( 57, 23)
n=  4919   udiff=  4.2808E-04 ( 53, 28)   vdiff=  3.6555E-04 ( 57, 23)
n=  4920   udiff=  4.2746E-04 ( 53, 28)   vdiff=  3.6548E-04 ( 57, 23)
n=  4921   udiff=  4.2684E-04 ( 53, 28)   vdiff=  3.6539E-04 ( 57, 23)
n=  4922   udiff=  4.2621E-04 ( 53, 28)   vdiff=  3.6546E-04 ( 57, 23)
n=  4923   udiff=  4.2559E-04 ( 53, 28)   vdiff=  3.6540E-04 ( 57, 23)
n=  4924   udiff=  4.2498E-04 ( 53, 28)   vdiff=  3.6543E-04 ( 57, 23)
n=  4925   udiff=  4.2434E-04 ( 53, 28)   vdiff=  3.6532E-04 ( 57, 23)
n=  4926   udiff=  4.2372E-04 ( 53, 28)   vdiff=  3.6538E-04 ( 57, 23)
n=  4927   udiff=  4.2311E-04 ( 53, 28)   vdiff=  3.6531E-04 ( 57, 23)
n=  4928   udiff=  4.2248E-04 ( 53, 28)   vdiff=  3.6535E-04 ( 57, 23)
n=  4929   udiff=  4.2184E-04 ( 53, 28)   vdiff=  3.6519E-04 ( 57, 23)
n=  4930   udiff=  4.2123E-04 ( 53, 28)   vdiff=  3.6524E-04 ( 57, 23)
n=  4931   udiff=  4.2059E-04 ( 53, 28)   vdiff=  3.6512E-04 ( 57, 23)
n=  4932   udiff=  4.1996E-04 ( 53, 28)   vdiff=  3.6514E-04 ( 57, 23)
n=  4933   udiff=  4.1933E-04 ( 53, 28)   vdiff=  3.6504E-04 ( 57, 23)
n=  4934   udiff=  4.1868E-04 ( 53, 28)   vdiff=  3.6502E-04 ( 57, 23)
n=  4935   udiff=  4.1807E-04 ( 53, 28)   vdiff=  3.6492E-04 ( 57, 23)
n=  4936   udiff=  4.1744E-04 ( 53, 28)   vdiff=  3.6491E-04 ( 57, 23)
n=  4937   udiff=  4.1681E-04 ( 53, 28)   vdiff=  3.6478E-04 ( 57, 23)
n=  4938   udiff=  4.1617E-04 ( 53, 28)   vdiff=  3.6475E-04 ( 57, 23)
n=  4939   udiff=  4.1553E-04 ( 53, 28)   vdiff=  3.6464E-04 ( 57, 23)
n=  4940   udiff=  4.1490E-04 ( 53, 28)   vdiff=  3.6464E-04 ( 57, 23)
n=  4941   udiff=  4.1427E-04 ( 53, 28)   vdiff=  3.6475E-04 ( 58, 24)
n=  4942   udiff=  4.1363E-04 ( 53, 28)   vdiff=  3.6493E-04 ( 58, 24)
n=  4943   udiff=  4.1298E-04 ( 53, 28)   vdiff=  3.6510E-04 ( 58, 24)
n=  4944   udiff=  4.1235E-04 ( 53, 28)   vdiff=  3.6522E-04 ( 58, 24)
n=  4945   udiff=  4.1170E-04 ( 53, 28)   vdiff=  3.6539E-04 ( 58, 24)
n=  4946   udiff=  4.1107E-04 ( 53, 28)   vdiff=  3.6552E-04 ( 58, 24)
n=  4947   udiff=  4.1043E-04 ( 53, 28)   vdiff=  3.6583E-04 ( 58, 23)
n=  4948   udiff=  4.0990E-04 ( 53, 27)   vdiff=  3.6606E-04 ( 58, 23)
n=  4949   udiff=  4.0948E-04 ( 53, 27)   vdiff=  3.6624E-04 ( 58, 23)
n=  4950   udiff=  4.0909E-04 ( 53, 27)   vdiff=  3.6661E-04 ( 58, 23)
n=  4951   udiff=  4.0867E-04 ( 53, 27)   vdiff=  3.6678E-04 ( 58, 23)
n=  4952   udiff=  4.0826E-04 ( 53, 27)   vdiff=  3.6715E-04 ( 58, 23)
n=  4953   udiff=  4.0784E-04 ( 53, 27)   vdiff=  3.6734E-04 ( 58, 23)
n=  4954   udiff=  4.0742E-04 ( 53, 27)   vdiff=  3.6752E-04 ( 58, 23)
n=  4955   udiff=  4.0698E-04 ( 53, 27)   vdiff=  3.6786E-04 ( 58, 23)
n=  4956   udiff=  4.0656E-04 ( 53, 27)   vdiff=  3.6808E-04 ( 58, 23)
n=  4957   udiff=  4.0614E-04 ( 53, 27)   vdiff=  3.6823E-04 ( 58, 23)
n=  4958   udiff=  4.0571E-04 ( 53, 27)   vdiff=  3.6856E-04 ( 58, 23)
n=  4959   udiff=  4.0531E-04 ( 53, 27)   vdiff=  3.6872E-04 ( 58, 23)
n=  4960   udiff=  4.0488E-04 ( 53, 27)   vdiff=  3.6896E-04 ( 58, 23)
n=  4961   udiff=  4.0445E-04 ( 53, 27)   vdiff=  3.6917E-04 ( 58, 23)
n=  4962   udiff=  4.0400E-04 ( 53, 27)   vdiff=  3.6943E-04 ( 58, 23)
n=  4963   udiff=  4.0359E-04 ( 53, 27)   vdiff=  3.6957E-04 ( 58, 23)
n=  4964   udiff=  4.0313E-04 ( 53, 27)   vdiff=  3.6977E-04 ( 58, 23)
n=  4965   udiff=  4.0271E-04 ( 53, 27)   vdiff=  3.6997E-04 ( 58, 23)
n=  4966   udiff=  4.0228E-04 ( 53, 27)   vdiff=  3.7010E-04 ( 58, 23)
n=  4967   udiff=  4.0184E-04 ( 53, 27)   vdiff=  3.7050E-04 ( 58, 23)
n=  4968   udiff=  4.0136E-04 ( 53, 27)   vdiff=  3.7062E-04 ( 58, 23)
n=  4969   udiff=  4.0095E-04 ( 53, 27)   vdiff=  3.7075E-04 ( 58, 23)
n=  4970   udiff=  4.0049E-04 ( 53, 27)   vdiff=  3.7092E-04 ( 58, 23)
n=  4971   udiff=  4.0006E-04 ( 53, 27)   vdiff=  3.7112E-04 ( 58, 23)
n=  4972   udiff=  3.9962E-04 ( 53, 27)   vdiff=  3.7130E-04 ( 58, 23)
n=  4973   udiff=  3.9917E-04 ( 53, 27)   vdiff=  3.7144E-04 ( 58, 23)
n=  4974   udiff=  3.9870E-04 ( 53, 27)   vdiff=  3.7159E-04 ( 58, 23)
n=  4975   udiff=  3.9827E-04 ( 53, 27)   vdiff=  3.7175E-04 ( 58, 23)
n=  4976   udiff=  3.9781E-04 ( 53, 27)   vdiff=  3.7191E-04 ( 58, 23)
n=  4977   udiff=  3.9736E-04 ( 53, 27)   vdiff=  3.7208E-04 ( 58, 23)
n=  4978   udiff=  3.9691E-04 ( 53, 27)   vdiff=  3.7222E-04 ( 58, 23)
n=  4979   udiff=  3.9647E-04 ( 53, 27)   vdiff=  3.7236E-04 ( 58, 23)
n=  4980   udiff=  3.9600E-04 ( 53, 27)   vdiff=  3.7251E-04 ( 58, 23)
n=  4981   udiff=  3.9552E-04 ( 53, 27)   vdiff=  3.7266E-04 ( 58, 23)
n=  4982   udiff=  3.9506E-04 ( 53, 27)   vdiff=  3.7281E-04 ( 58, 23)
n=  4983   udiff=  3.9460E-04 ( 53, 27)   vdiff=  3.7296E-04 ( 58, 23)
n=  4984   udiff=  3.9416E-04 ( 53, 27)   vdiff=  3.7307E-04 ( 58, 23)
n=  4985   udiff=  3.9368E-04 ( 53, 27)   vdiff=  3.7324E-04 ( 58, 23)
n=  4986   udiff=  3.9321E-04 ( 53, 27)   vdiff=  3.7333E-04 ( 58, 23)
n=  4987   udiff=  3.9277E-04 ( 53, 27)   vdiff=  3.7350E-04 ( 58, 23)
n=  4988   udiff=  3.9228E-04 ( 53, 27)   vdiff=  3.7359E-04 ( 58, 23)
n=  4989   udiff=  3.9181E-04 ( 53, 27)   vdiff=  3.7375E-04 ( 58, 23)
n=  4990   udiff=  3.9133E-04 ( 53, 27)   vdiff=  3.7383E-04 ( 58, 23)
n=  4991   udiff=  3.9087E-04 ( 53, 27)   vdiff=  3.7397E-04 ( 58, 23)
n=  4992   udiff=  3.9040E-04 ( 53, 27)   vdiff=  3.7407E-04 ( 58, 23)
n=  4993   udiff=  3.8992E-04 ( 53, 27)   vdiff=  3.7421E-04 ( 58, 23)
n=  4994   udiff=  3.8943E-04 ( 53, 27)   vdiff=  3.7432E-04 ( 58, 23)
n=  4995   udiff=  3.8895E-04 ( 53, 27)   vdiff=  3.7443E-04 ( 58, 23)
n=  4996   udiff=  3.8848E-04 ( 53, 27)   vdiff=  3.7445E-04 ( 58, 23)
n=  4997   udiff=  3.8799E-04 ( 53, 27)   vdiff=  3.7453E-04 ( 58, 23)
n=  4998   udiff=  3.8752E-04 ( 53, 27)   vdiff=  3.7468E-04 ( 58, 23)
n=  4999   udiff=  3.8703E-04 ( 53, 27)   vdiff=  3.7476E-04 ( 58, 23)
n=  5000   udiff=  3.8655E-04 ( 53, 27)   vdiff=  3.7486E-04 ( 58, 23)
n=  5001   udiff=  3.8607E-04 ( 53, 27)   vdiff=  3.7495E-04 ( 58, 23)
n=  5002   udiff=  3.8558E-04 ( 53, 27)   vdiff=  3.7504E-04 ( 58, 23)
n=  5003   udiff=  3.8509E-04 ( 53, 27)   vdiff=  3.7502E-04 ( 58, 23)
n=  5004   udiff=  3.8461E-04 ( 53, 27)   vdiff=  3.7510E-04 ( 58, 23)
n=  5005   udiff=  3.8412E-04 ( 53, 27)   vdiff=  3.7516E-04 ( 58, 23)
n=  5006   udiff=  3.8362E-04 ( 53, 27)   vdiff=  3.7524E-04 ( 58, 23)
n=  5007   udiff=  3.8312E-04 ( 53, 27)   vdiff=  3.7538E-04 ( 58, 23)
n=  5008   udiff=  3.8265E-04 ( 53, 27)   vdiff=  3.7528E-04 ( 58, 23)
n=  5009   udiff=  3.8215E-04 ( 53, 27)   vdiff=  3.7534E-04 ( 58, 23)
n=  5010   udiff=  3.8166E-04 ( 53, 27)   vdiff=  3.7548E-04 ( 58, 23)
n=  5011   udiff=  3.8115E-04 ( 53, 27)   vdiff=  3.7556E-04 ( 58, 23)
n=  5012   udiff=  3.8066E-04 ( 53, 27)   vdiff=  3.7557E-04 ( 58, 23)
n=  5013   udiff=  3.8015E-04 ( 53, 27)   vdiff=  3.7556E-04 ( 58, 23)
n=  5014   udiff=  3.7966E-04 ( 53, 27)   vdiff=  3.7560E-04 ( 58, 23)
n=  5015   udiff=  3.7917E-04 ( 53, 27)   vdiff=  3.7566E-04 ( 58, 23)
n=  5016   udiff=  3.7865E-04 ( 53, 27)   vdiff=  3.7572E-04 ( 58, 23)
n=  5017   udiff=  3.7815E-04 ( 53, 27)   vdiff=  3.7580E-04 ( 58, 23)
n=  5018   udiff=  3.7764E-04 ( 53, 27)   vdiff=  3.7571E-04 ( 58, 23)
n=  5019   udiff=  3.7713E-04 ( 53, 27)   vdiff=  3.7571E-04 ( 58, 23)
n=  5020   udiff=  3.7663E-04 ( 53, 27)   vdiff=  3.7579E-04 ( 58, 23)
n=  5021   udiff=  3.7613E-04 ( 53, 27)   vdiff=  3.7587E-04 ( 58, 23)
n=  5022   udiff=  3.7561E-04 ( 53, 27)   vdiff=  3.7588E-04 ( 58, 23)
n=  5023   udiff=  3.7510E-04 ( 53, 27)   vdiff=  3.7579E-04 ( 58, 23)
n=  5024   udiff=  3.7460E-04 ( 53, 27)   vdiff=  3.7584E-04 ( 58, 23)
n=  5025   udiff=  3.7408E-04 ( 53, 27)   vdiff=  3.7588E-04 ( 58, 23)
n=  5026   udiff=  3.7356E-04 ( 53, 27)   vdiff=  3.7589E-04 ( 58, 23)
n=  5027   udiff=  3.7306E-04 ( 53, 27)   vdiff=  3.7582E-04 ( 58, 23)
n=  5028   udiff=  3.7253E-04 ( 53, 27)   vdiff=  3.7582E-04 ( 58, 23)
n=  5029   udiff=  3.7202E-04 ( 53, 27)   vdiff=  3.7586E-04 ( 58, 23)
n=  5030   udiff=  3.7152E-04 ( 53, 27)   vdiff=  3.7584E-04 ( 58, 23)
n=  5031   udiff=  3.7100E-04 ( 53, 27)   vdiff=  3.7590E-04 ( 58, 23)
n=  5032   udiff=  3.7047E-04 ( 53, 27)   vdiff=  3.7573E-04 ( 58, 23)
n=  5033   udiff=  3.6998E-04 ( 53, 27)   vdiff=  3.7575E-04 ( 58, 23)
n=  5034   udiff=  3.6943E-04 ( 53, 27)   vdiff=  3.7578E-04 ( 58, 23)
n=  5035   udiff=  3.6890E-04 ( 53, 27)   vdiff=  3.7574E-04 ( 58, 23)
n=  5036   udiff=  3.6839E-04 ( 53, 27)   vdiff=  3.7565E-04 ( 58, 23)
n=  5037   udiff=  3.6788E-04 ( 53, 27)   vdiff=  3.7565E-04 ( 58, 23)
n=  5038   udiff=  3.6734E-04 ( 53, 27)   vdiff=  3.7565E-04 ( 58, 23)
n=  5039   udiff=  3.6682E-04 ( 53, 27)   vdiff=  3.7558E-04 ( 58, 23)
n=  5040   udiff=  3.6632E-04 ( 53, 27)   vdiff=  3.7559E-04 ( 58, 23)
n=  5041   udiff=  3.6575E-04 ( 53, 27)   vdiff=  3.7549E-04 ( 58, 23)
n=  5042   udiff=  3.6526E-04 ( 53, 27)   vdiff=  3.7546E-04 ( 58, 23)
n=  5043   udiff=  3.6472E-04 ( 53, 27)   vdiff=  3.7543E-04 ( 58, 23)
n=  5044   udiff=  3.6419E-04 ( 53, 27)   vdiff=  3.7538E-04 ( 58, 23)
n=  5045   udiff=  3.6366E-04 ( 53, 27)   vdiff=  3.7535E-04 ( 58, 23)
n=  5046   udiff=  3.6313E-04 ( 53, 27)   vdiff=  3.7520E-04 ( 58, 23)
n=  5047   udiff=  3.6260E-04 ( 53, 27)   vdiff=  3.7522E-04 ( 58, 23)
n=  5048   udiff=  3.6206E-04 ( 53, 27)   vdiff=  3.7517E-04 ( 58, 23)
n=  5049   udiff=  3.6152E-04 ( 53, 27)   vdiff=  3.7512E-04 ( 58, 23)
n=  5050   udiff=  3.6099E-04 ( 53, 27)   vdiff=  3.7510E-04 ( 58, 23)
n=  5051   udiff=  3.6046E-04 ( 53, 27)   vdiff=  3.7502E-04 ( 58, 23)
n=  5052   udiff=  3.5992E-04 ( 53, 27)   vdiff=  3.7487E-04 ( 58, 23)
n=  5053   udiff=  3.5939E-04 ( 53, 27)   vdiff=  3.7480E-04 ( 58, 23)
n=  5054   udiff=  3.5885E-04 ( 53, 27)   vdiff=  3.7472E-04 ( 58, 23)
n=  5055   udiff=  3.5832E-04 ( 53, 27)   vdiff=  3.7468E-04 ( 58, 23)
n=  5056   udiff=  3.5776E-04 ( 53, 27)   vdiff=  3.7461E-04 ( 58, 23)
n=  5057   udiff=  3.5724E-04 ( 53, 27)   vdiff=  3.7453E-04 ( 58, 23)
n=  5058   udiff=  3.5669E-04 ( 53, 27)   vdiff=  3.7444E-04 ( 58, 23)
n=  5059   udiff=  3.5615E-04 ( 53, 27)   vdiff=  3.7432E-04 ( 58, 23)
n=  5060   udiff=  3.5562E-04 ( 53, 27)   vdiff=  3.7423E-04 ( 58, 23)
n=  5061   udiff=  3.5506E-04 ( 53, 27)   vdiff=  3.7411E-04 ( 58, 23)
n=  5062   udiff=  3.5452E-04 ( 53, 27)   vdiff=  3.7402E-04 ( 58, 23)
n=  5063   udiff=  3.5398E-04 ( 53, 27)   vdiff=  3.7396E-04 ( 58, 23)
n=  5064   udiff=  3.5344E-04 ( 53, 27)   vdiff=  3.7387E-04 ( 58, 23)
n=  5065   udiff=  3.5290E-04 ( 53, 27)   vdiff=  3.7374E-04 ( 58, 23)
n=  5066   udiff=  3.5235E-04 ( 53, 27)   vdiff=  3.7366E-04 ( 58, 23)
n=  5067   udiff=  3.5179E-04 ( 53, 27)   vdiff=  3.7360E-04 ( 58, 23)
n=  5068   udiff=  3.5124E-04 ( 53, 27)   vdiff=  3.7342E-04 ( 58, 23)
n=  5069   udiff=  3.5070E-04 ( 53, 27)   vdiff=  3.7323E-04 ( 58, 23)
n=  5070   udiff=  3.5015E-04 ( 53, 27)   vdiff=  3.7315E-04 ( 58, 23)
n=  5071   udiff=  3.4960E-04 ( 53, 27)   vdiff=  3.7299E-04 ( 58, 23)
n=  5072   udiff=  3.4905E-04 ( 53, 27)   vdiff=  3.7287E-04 ( 58, 23)
n=  5073   udiff=  3.4851E-04 ( 53, 27)   vdiff=  3.7276E-04 ( 58, 23)
n=  5074   udiff=  3.4794E-04 ( 53, 27)   vdiff=  3.7265E-04 ( 58, 23)
n=  5075   udiff=  3.4740E-04 ( 53, 27)   vdiff=  3.7253E-04 ( 58, 23)
n=  5076   udiff=  3.4685E-04 ( 53, 27)   vdiff=  3.7242E-04 ( 58, 23)
n=  5077   udiff=  3.4629E-04 ( 53, 27)   vdiff=  3.7226E-04 ( 58, 23)
n=  5078   udiff=  3.4577E-04 ( 53, 27)   vdiff=  3.7215E-04 ( 58, 23)
n=  5079   udiff=  3.4520E-04 ( 53, 27)   vdiff=  3.7204E-04 ( 58, 23)
n=  5080   udiff=  3.4463E-04 ( 53, 27)   vdiff=  3.7179E-04 ( 58, 23)
n=  5081   udiff=  3.4408E-04 ( 53, 27)   vdiff=  3.7167E-04 ( 58, 23)
n=  5082   udiff=  3.4352E-04 ( 53, 27)   vdiff=  3.7169E-04 ( 58, 23)
n=  5083   udiff=  3.4296E-04 ( 53, 27)   vdiff=  3.7148E-04 ( 58, 23)
n=  5084   udiff=  3.4241E-04 ( 53, 27)   vdiff=  3.7132E-04 ( 58, 23)
n=  5085   udiff=  3.4185E-04 ( 53, 27)   vdiff=  3.7120E-04 ( 58, 23)
n=  5086   udiff=  3.4127E-04 ( 53, 27)   vdiff=  3.7102E-04 ( 58, 23)
n=  5087   udiff=  3.4073E-04 ( 53, 27)   vdiff=  3.7082E-04 ( 58, 23)
n=  5088   udiff=  3.4017E-04 ( 53, 27)   vdiff=  3.7068E-04 ( 58, 23)
n=  5089   udiff=  3.3962E-04 ( 53, 27)   vdiff=  3.7046E-04 ( 58, 23)
n=  5090   udiff=  3.3905E-04 ( 53, 27)   vdiff=  3.7030E-04 ( 58, 23)
n=  5091   udiff=  3.3849E-04 ( 53, 27)   vdiff=  3.7015E-04 ( 58, 23)
n=  5092   udiff=  3.3794E-04 ( 53, 27)   vdiff=  3.7009E-04 ( 58, 23)
n=  5093   udiff=  3.3737E-04 ( 53, 27)   vdiff=  3.6990E-04 ( 58, 23)
n=  5094   udiff=  3.3682E-04 ( 53, 27)   vdiff=  3.6971E-04 ( 58, 23)
n=  5095   udiff=  3.3624E-04 ( 53, 27)   vdiff=  3.6952E-04 ( 58, 23)
n=  5096   udiff=  3.3568E-04 ( 53, 27)   vdiff=  3.6930E-04 ( 58, 23)
n=  5097   udiff=  3.3512E-04 ( 53, 27)   vdiff=  3.6921E-04 ( 58, 23)
n=  5098   udiff=  3.3454E-04 ( 53, 27)   vdiff=  3.6898E-04 ( 58, 23)
n=  5099   udiff=  3.3398E-04 ( 53, 27)   vdiff=  3.6875E-04 ( 58, 23)
n=  5100   udiff=  3.3342E-04 ( 53, 27)   vdiff=  3.6856E-04 ( 58, 23)
n=  5101   udiff=  3.3285E-04 ( 53, 27)   vdiff=  3.6838E-04 ( 58, 23)
n=  5102   udiff=  3.3230E-04 ( 53, 27)   vdiff=  3.6825E-04 ( 58, 23)
n=  5103   udiff=  3.3174E-04 ( 53, 27)   vdiff=  3.6801E-04 ( 58, 23)
n=  5104   udiff=  3.3115E-04 ( 53, 27)   vdiff=  3.6783E-04 ( 58, 23)
n=  5105   udiff=  3.3061E-04 ( 54, 27)   vdiff=  3.6763E-04 ( 58, 23)
n=  5106   udiff=  3.3010E-04 ( 54, 27)   vdiff=  3.6742E-04 ( 58, 23)
n=  5107   udiff=  3.2959E-04 ( 54, 27)   vdiff=  3.6720E-04 ( 58, 23)
n=  5108   udiff=  3.2910E-04 ( 54, 27)   vdiff=  3.6704E-04 ( 58, 23)
n=  5109   udiff=  3.2859E-04 ( 54, 27)   vdiff=  3.6682E-04 ( 58, 23)
n=  5110   udiff=  3.2808E-04 ( 54, 27)   vdiff=  3.6660E-04 ( 58, 23)
n=  5111   udiff=  3.2758E-04 ( 54, 27)   vdiff=  3.6638E-04 ( 58, 23)
n=  5112   udiff=  3.2707E-04 ( 54, 27)   vdiff=  3.6616E-04 ( 58, 23)
n=  5113   udiff=  3.2656E-04 ( 54, 27)   vdiff=  3.6601E-04 ( 58, 23)
n=  5114   udiff=  3.2608E-04 ( 54, 27)   vdiff=  3.6577E-04 ( 58, 23)
n=  5115   udiff=  3.2555E-04 ( 54, 27)   vdiff=  3.6558E-04 ( 58, 23)
n=  5116   udiff=  3.2506E-04 ( 54, 27)   vdiff=  3.6534E-04 ( 58, 23)
n=  5117   udiff=  3.2453E-04 ( 54, 27)   vdiff=  3.6515E-04 ( 58, 23)
n=  5118   udiff=  3.2402E-04 ( 54, 27)   vdiff=  3.6491E-04 ( 58, 23)
n=  5119   udiff=  3.2350E-04 ( 54, 27)   vdiff=  3.6470E-04 ( 58, 23)
n=  5120   udiff=  3.2300E-04 ( 54, 27)   vdiff=  3.6445E-04 ( 58, 23)
n=  5121   udiff=  3.2250E-04 ( 54, 27)   vdiff=  3.6425E-04 ( 58, 23)
n=  5122   udiff=  3.2196E-04 ( 54, 27)   vdiff=  3.6397E-04 ( 58, 22)
n=  5123   udiff=  3.2146E-04 ( 54, 27)   vdiff=  3.6378E-04 ( 58, 23)
n=  5124   udiff=  3.2094E-04 ( 54, 27)   vdiff=  3.6350E-04 ( 58, 22)
n=  5125   udiff=  3.2040E-04 ( 54, 27)   vdiff=  3.6336E-04 ( 58, 22)
n=  5126   udiff=  3.1992E-04 ( 54, 27)   vdiff=  3.6316E-04 ( 58, 22)
n=  5127   udiff=  3.1940E-04 ( 54, 27)   vdiff=  3.6299E-04 ( 58, 22)
n=  5128   udiff=  3.1890E-04 ( 54, 27)   vdiff=  3.6279E-04 ( 58, 22)
n=  5129   udiff=  3.1838E-04 ( 54, 27)   vdiff=  3.6252E-04 ( 58, 22)
n=  5130   udiff=  3.1786E-04 ( 54, 27)   vdiff=  3.6238E-04 ( 58, 22)
n=  5131   udiff=  3.1735E-04 ( 54, 27)   vdiff=  3.6218E-04 ( 58, 22)
n=  5132   udiff=  3.1680E-04 ( 54, 27)   vdiff=  3.6190E-04 ( 58, 22)
n=  5133   udiff=  3.1628E-04 ( 54, 27)   vdiff=  3.6177E-04 ( 58, 22)
n=  5134   udiff=  3.1577E-04 ( 54, 27)   vdiff=  3.6155E-04 ( 58, 22)
n=  5135   udiff=  3.1526E-04 ( 54, 27)   vdiff=  3.6123E-04 ( 58, 22)
n=  5136   udiff=  3.1473E-04 ( 54, 27)   vdiff=  3.6103E-04 ( 58, 22)
n=  5137   udiff=  3.1421E-04 ( 54, 27)   vdiff=  3.6089E-04 ( 58, 22)
n=  5138   udiff=  3.1370E-04 ( 54, 27)   vdiff=  3.6065E-04 ( 58, 22)
n=  5139   udiff=  3.1317E-04 ( 54, 27)   vdiff=  3.6048E-04 ( 58, 22)
n=  5140   udiff=  3.1268E-04 ( 54, 27)   vdiff=  3.6018E-04 ( 58, 22)
n=  5141   udiff=  3.1213E-04 ( 54, 27)   vdiff=  3.5995E-04 ( 58, 22)
n=  5142   udiff=  3.1162E-04 ( 54, 27)   vdiff=  3.5976E-04 ( 58, 22)
n=  5143   udiff=  3.1110E-04 ( 54, 27)   vdiff=  3.5958E-04 ( 58, 22)
n=  5144   udiff=  3.1054E-04 ( 54, 27)   vdiff=  3.5931E-04 ( 58, 22)
n=  5145   udiff=  3.1002E-04 ( 54, 27)   vdiff=  3.5908E-04 ( 58, 22)
n=  5146   udiff=  3.0954E-04 ( 54, 27)   vdiff=  3.5893E-04 ( 58, 22)
n=  5147   udiff=  3.0898E-04 ( 54, 27)   vdiff=  3.5849E-04 ( 58, 22)
n=  5148   udiff=  3.0847E-04 ( 54, 27)   vdiff=  3.5821E-04 ( 58, 22)
n=  5149   udiff=  3.0794E-04 ( 54, 27)   vdiff=  3.5804E-04 ( 58, 22)
n=  5150   udiff=  3.0743E-04 ( 54, 27)   vdiff=  3.5778E-04 ( 58, 22)
n=  5151   udiff=  3.0691E-04 ( 54, 27)   vdiff=  3.5762E-04 ( 58, 22)
n=  5152   udiff=  3.0638E-04 ( 54, 27)   vdiff=  3.5738E-04 ( 58, 22)
n=  5153   udiff=  3.0585E-04 ( 54, 27)   vdiff=  3.5708E-04 ( 58, 22)
n=  5154   udiff=  3.0531E-04 ( 54, 27)   vdiff=  3.5679E-04 ( 58, 22)
n=  5155   udiff=  3.0477E-04 ( 54, 27)   vdiff=  3.5650E-04 ( 58, 22)
n=  5156   udiff=  3.0424E-04 ( 54, 27)   vdiff=  3.5624E-04 ( 58, 22)
n=  5157   udiff=  3.0373E-04 ( 54, 27)   vdiff=  3.5610E-04 ( 58, 22)
n=  5158   udiff=  3.0321E-04 ( 54, 27)   vdiff=  3.5589E-04 ( 58, 22)
n=  5159   udiff=  3.0267E-04 ( 54, 27)   vdiff=  3.5559E-04 ( 58, 22)
n=  5160   udiff=  3.0213E-04 ( 54, 27)   vdiff=  3.5527E-04 ( 58, 22)
n=  5161   udiff=  3.0161E-04 ( 54, 27)   vdiff=  3.5504E-04 ( 58, 22)
n=  5162   udiff=  3.0108E-04 ( 54, 27)   vdiff=  3.5473E-04 ( 58, 22)
n=  5163   udiff=  3.0055E-04 ( 54, 27)   vdiff=  3.5441E-04 ( 58, 22)
n=  5164   udiff=  3.0002E-04 ( 54, 27)   vdiff=  3.5423E-04 ( 58, 22)
n=  5165   udiff=  2.9949E-04 ( 54, 27)   vdiff=  3.5395E-04 ( 58, 22)
n=  5166   udiff=  2.9897E-04 ( 54, 27)   vdiff=  3.5362E-04 ( 58, 22)
n=  5167   udiff=  2.9843E-04 ( 54, 27)   vdiff=  3.5336E-04 ( 58, 22)
n=  5168   udiff=  2.9792E-04 ( 54, 27)   vdiff=  3.5321E-04 ( 58, 22)
n=  5169   udiff=  2.9738E-04 ( 54, 27)   vdiff=  3.5281E-04 ( 58, 22)
n=  5170   udiff=  2.9686E-04 ( 54, 27)   vdiff=  3.5256E-04 ( 58, 22)
n=  5171   udiff=  2.9631E-04 ( 54, 27)   vdiff=  3.5232E-04 ( 58, 22)
n=  5172   udiff=  2.9578E-04 ( 54, 27)   vdiff=  3.5202E-04 ( 58, 22)
n=  5173   udiff=  2.9525E-04 ( 54, 27)   vdiff=  3.5164E-04 ( 58, 22)
n=  5174   udiff=  2.9471E-04 ( 54, 27)   vdiff=  3.5145E-04 ( 58, 22)
n=  5175   udiff=  2.9417E-04 ( 54, 27)   vdiff=  3.5110E-04 ( 58, 22)
n=  5176   udiff=  2.9364E-04 ( 54, 27)   vdiff=  3.5087E-04 ( 58, 22)
n=  5177   udiff=  2.9309E-04 ( 54, 27)   vdiff=  3.5057E-04 ( 58, 22)
n=  5178   udiff=  2.9256E-04 ( 54, 27)   vdiff=  3.5032E-04 ( 58, 22)
n=  5179   udiff=  2.9204E-04 ( 54, 27)   vdiff=  3.4996E-04 ( 58, 22)
n=  5180   udiff=  2.9150E-04 ( 54, 27)   vdiff=  3.4971E-04 ( 58, 22)
n=  5181   udiff=  2.9098E-04 ( 54, 27)   vdiff=  3.4937E-04 ( 58, 22)
n=  5182   udiff=  2.9044E-04 ( 54, 27)   vdiff=  3.4910E-04 ( 58, 22)
n=  5183   udiff=  2.8990E-04 ( 54, 27)   vdiff=  3.4875E-04 ( 58, 22)
n=  5184   udiff=  2.8937E-04 ( 54, 27)   vdiff=  3.4847E-04 ( 58, 22)
n=  5185   udiff=  2.8883E-04 ( 54, 27)   vdiff=  3.4813E-04 ( 58, 22)
n=  5186   udiff=  2.8832E-04 ( 54, 27)   vdiff=  3.4782E-04 ( 58, 22)
n=  5187   udiff=  2.8777E-04 ( 54, 27)   vdiff=  3.4756E-04 ( 58, 22)
n=  5188   udiff=  2.8723E-04 ( 54, 27)   vdiff=  3.4716E-04 ( 58, 22)
n=  5189   udiff=  2.8668E-04 ( 54, 27)   vdiff=  3.4689E-04 ( 58, 22)
n=  5190   udiff=  2.8616E-04 ( 54, 27)   vdiff=  3.4659E-04 ( 58, 22)
n=  5191   udiff=  2.8564E-04 ( 54, 27)   vdiff=  3.4631E-04 ( 58, 22)
n=  5192   udiff=  2.8510E-04 ( 54, 27)   vdiff=  3.4595E-04 ( 58, 22)
n=  5193   udiff=  2.8454E-04 ( 54, 27)   vdiff=  3.4562E-04 ( 58, 22)
n=  5194   udiff=  2.8401E-04 ( 54, 27)   vdiff=  3.4530E-04 ( 58, 22)
n=  5195   udiff=  2.8350E-04 ( 54, 27)   vdiff=  3.4505E-04 ( 58, 22)
n=  5196   udiff=  2.8296E-04 ( 54, 27)   vdiff=  3.4471E-04 ( 58, 22)
n=  5197   udiff=  2.8241E-04 ( 54, 27)   vdiff=  3.4432E-04 ( 58, 22)
n=  5198   udiff=  2.8187E-04 ( 54, 27)   vdiff=  3.4408E-04 ( 58, 22)
n=  5199   udiff=  2.8133E-04 ( 54, 27)   vdiff=  3.4365E-04 ( 58, 22)
n=  5200   udiff=  2.8078E-04 ( 54, 27)   vdiff=  3.4337E-04 ( 58, 22)
n=  5201   udiff=  2.8025E-04 ( 54, 27)   vdiff=  3.4304E-04 ( 58, 22)
n=  5202   udiff=  2.7972E-04 ( 54, 27)   vdiff=  3.4275E-04 ( 58, 22)
n=  5203   udiff=  2.7919E-04 ( 54, 27)   vdiff=  3.4240E-04 ( 58, 22)
n=  5204   udiff=  2.7865E-04 ( 54, 27)   vdiff=  3.4203E-04 ( 58, 22)
n=  5205   udiff=  2.7812E-04 ( 54, 27)   vdiff=  3.4178E-04 ( 58, 22)
n=  5206   udiff=  2.7757E-04 ( 54, 27)   vdiff=  3.4140E-04 ( 58, 22)
n=  5207   udiff=  2.7702E-04 ( 54, 27)   vdiff=  3.4103E-04 ( 58, 22)
n=  5208   udiff=  2.7651E-04 ( 54, 27)   vdiff=  3.4067E-04 ( 58, 22)
n=  5209   udiff=  2.7595E-04 ( 54, 27)   vdiff=  3.4044E-04 ( 58, 22)
n=  5210   udiff=  2.7542E-04 ( 54, 27)   vdiff=  3.4009E-04 ( 58, 22)
n=  5211   udiff=  2.7487E-04 ( 54, 27)   vdiff=  3.3973E-04 ( 58, 22)
n=  5212   udiff=  2.7433E-04 ( 54, 27)   vdiff=  3.3930E-04 ( 58, 22)
n=  5213   udiff=  2.7381E-04 ( 54, 27)   vdiff=  3.3898E-04 ( 58, 22)
n=  5214   udiff=  2.7327E-04 ( 54, 27)   vdiff=  3.3874E-04 ( 58, 22)
n=  5215   udiff=  2.7274E-04 ( 54, 27)   vdiff=  3.3836E-04 ( 58, 22)
n=  5216   udiff=  2.7218E-04 ( 54, 27)   vdiff=  3.3791E-04 ( 58, 22)
n=  5217   udiff=  2.7167E-04 ( 54, 27)   vdiff=  3.3763E-04 ( 58, 22)
n=  5218   udiff=  2.7112E-04 ( 54, 27)   vdiff=  3.3729E-04 ( 58, 22)
n=  5219   udiff=  2.7058E-04 ( 54, 27)   vdiff=  3.3689E-04 ( 58, 22)
n=  5220   udiff=  2.7005E-04 ( 54, 27)   vdiff=  3.3666E-04 ( 58, 22)
n=  5221   udiff=  2.6950E-04 ( 54, 27)   vdiff=  3.3625E-04 ( 58, 22)
n=  5222   udiff=  2.6896E-04 ( 54, 27)   vdiff=  3.3579E-04 ( 58, 22)
n=  5223   udiff=  2.6843E-04 ( 54, 27)   vdiff=  3.3542E-04 ( 58, 22)
n=  5224   udiff=  2.6788E-04 ( 54, 27)   vdiff=  3.3501E-04 ( 58, 22)
n=  5225   udiff=  2.6736E-04 ( 54, 27)   vdiff=  3.3480E-04 ( 58, 22)
n=  5226   udiff=  2.6681E-04 ( 54, 27)   vdiff=  3.3438E-04 ( 58, 22)
n=  5227   udiff=  2.6628E-04 ( 54, 27)   vdiff=  3.3409E-04 ( 58, 22)
n=  5228   udiff=  2.6574E-04 ( 54, 27)   vdiff=  3.3378E-04 ( 58, 22)
n=  5229   udiff=  2.6519E-04 ( 54, 27)   vdiff=  3.3327E-04 ( 58, 22)
n=  5230   udiff=  2.6465E-04 ( 54, 27)   vdiff=  3.3300E-04 ( 58, 22)
n=  5231   udiff=  2.6411E-04 ( 54, 27)   vdiff=  3.3262E-04 ( 58, 22)
n=  5232   udiff=  2.6358E-04 ( 54, 27)   vdiff=  3.3219E-04 ( 58, 22)
n=  5233   udiff=  2.6304E-04 ( 54, 27)   vdiff=  3.3189E-04 ( 58, 22)
n=  5234   udiff=  2.6251E-04 ( 54, 27)   vdiff=  3.3156E-04 ( 58, 22)
n=  5235   udiff=  2.6197E-04 ( 54, 27)   vdiff=  3.3106E-04 ( 58, 22)
n=  5236   udiff=  2.6145E-04 ( 54, 27)   vdiff=  3.3071E-04 ( 58, 22)
n=  5237   udiff=  2.6088E-04 ( 54, 27)   vdiff=  3.3033E-04 ( 58, 22)
n=  5238   udiff=  2.6036E-04 ( 54, 27)   vdiff=  3.2998E-04 ( 58, 22)
n=  5239   udiff=  2.5983E-04 ( 54, 27)   vdiff=  3.2959E-04 ( 58, 22)
n=  5240   udiff=  2.5927E-04 ( 54, 27)   vdiff=  3.2926E-04 ( 58, 22)
n=  5241   udiff=  2.5875E-04 ( 54, 27)   vdiff=  3.2882E-04 ( 58, 22)
n=  5242   udiff=  2.5819E-04 ( 54, 27)   vdiff=  3.2840E-04 ( 58, 22)
n=  5243   udiff=  2.5767E-04 ( 54, 27)   vdiff=  3.2801E-04 ( 58, 22)
n=  5244   udiff=  2.5713E-04 ( 54, 27)   vdiff=  3.2766E-04 ( 58, 22)
n=  5245   udiff=  2.5659E-04 ( 54, 27)   vdiff=  3.2730E-04 ( 58, 22)
n=  5246   udiff=  2.5605E-04 ( 54, 27)   vdiff=  3.2684E-04 ( 58, 22)
n=  5247   udiff=  2.5553E-04 ( 54, 27)   vdiff=  3.2652E-04 ( 58, 22)
n=  5248   udiff=  2.5498E-04 ( 54, 27)   vdiff=  3.2623E-04 ( 58, 22)
n=  5249   udiff=  2.5446E-04 ( 54, 27)   vdiff=  3.2578E-04 ( 58, 22)
n=  5250   udiff=  2.5390E-04 ( 54, 27)   vdiff=  3.2543E-04 ( 58, 22)
n=  5251   udiff=  2.5337E-04 ( 54, 27)   vdiff=  3.2498E-04 ( 58, 22)
n=  5252   udiff=  2.5283E-04 ( 54, 27)   vdiff=  3.2458E-04 ( 58, 22)
n=  5253   udiff=  2.5230E-04 ( 54, 27)   vdiff=  3.2415E-04 ( 59, 21)
n=  5254   udiff=  2.5177E-04 ( 54, 27)   vdiff=  3.2387E-04 ( 58, 22)
n=  5255   udiff=  2.5124E-04 ( 54, 27)   vdiff=  3.2362E-04 ( 59, 21)
n=  5256   udiff=  2.5070E-04 ( 54, 27)   vdiff=  3.2328E-04 ( 59, 21)
n=  5257   udiff=  2.5017E-04 ( 54, 27)   vdiff=  3.2324E-04 ( 59, 21)
n=  5258   udiff=  2.4963E-04 ( 54, 27)   vdiff=  3.2296E-04 ( 59, 21)
n=  5259   udiff=  2.4909E-04 ( 54, 27)   vdiff=  3.2254E-04 ( 59, 21)
n=  5260   udiff=  2.4856E-04 ( 54, 27)   vdiff=  3.2239E-04 ( 59, 21)
n=  5261   udiff=  2.4802E-04 ( 54, 27)   vdiff=  3.2203E-04 ( 59, 21)
n=  5262   udiff=  2.4749E-04 ( 54, 27)   vdiff=  3.2174E-04 ( 59, 21)
n=  5263   udiff=  2.4696E-04 ( 54, 27)   vdiff=  3.2171E-04 ( 59, 21)
n=  5264   udiff=  2.4643E-04 ( 54, 27)   vdiff=  3.2143E-04 ( 59, 21)
n=  5265   udiff=  2.4588E-04 ( 54, 27)   vdiff=  3.2110E-04 ( 59, 21)
n=  5266   udiff=  2.4537E-04 ( 54, 27)   vdiff=  3.2076E-04 ( 59, 21)
n=  5267   udiff=  2.4482E-04 ( 54, 27)   vdiff=  3.2073E-04 ( 59, 21)
n=  5268   udiff=  2.4430E-04 ( 54, 27)   vdiff=  3.2042E-04 ( 59, 21)
n=  5269   udiff=  2.4374E-04 ( 54, 27)   vdiff=  3.2003E-04 ( 59, 21)
n=  5270   udiff=  2.4321E-04 ( 54, 27)   vdiff=  3.1964E-04 ( 59, 21)
n=  5271   udiff=  2.4269E-04 ( 54, 27)   vdiff=  3.1958E-04 ( 59, 21)
n=  5272   udiff=  2.4215E-04 ( 54, 27)   vdiff=  3.1920E-04 ( 59, 21)
n=  5273   udiff=  2.4161E-04 ( 54, 27)   vdiff=  3.1892E-04 ( 59, 21)
n=  5274   udiff=  2.4108E-04 ( 54, 27)   vdiff=  3.1851E-04 ( 59, 21)
n=  5275   udiff=  2.4055E-04 ( 54, 27)   vdiff=  3.1843E-04 ( 59, 21)
n=  5276   udiff=  2.4001E-04 ( 54, 27)   vdiff=  3.1803E-04 ( 59, 21)
n=  5277   udiff=  2.3949E-04 ( 54, 27)   vdiff=  3.1777E-04 ( 59, 21)
n=  5278   udiff=  2.3895E-04 ( 54, 27)   vdiff=  3.1766E-04 ( 59, 21)
n=  5279   udiff=  2.3843E-04 ( 54, 27)   vdiff=  3.1729E-04 ( 59, 21)
n=  5280   udiff=  2.3788E-04 ( 54, 27)   vdiff=  3.1684E-04 ( 59, 21)
n=  5281   udiff=  2.3735E-04 ( 54, 27)   vdiff=  3.1681E-04 ( 59, 21)
n=  5282   udiff=  2.3682E-04 ( 54, 27)   vdiff=  3.1643E-04 ( 59, 21)
n=  5283   udiff=  2.3632E-04 ( 54, 27)   vdiff=  3.1631E-04 ( 59, 21)
n=  5284   udiff=  2.3579E-04 ( 54, 27)   vdiff=  3.1590E-04 ( 59, 21)
n=  5285   udiff=  2.3525E-04 ( 54, 27)   vdiff=  3.1551E-04 ( 59, 21)
n=  5286   udiff=  2.3471E-04 ( 54, 27)   vdiff=  3.1533E-04 ( 59, 21)
n=  5287   udiff=  2.3418E-04 ( 54, 27)   vdiff=  3.1490E-04 ( 59, 21)
n=  5288   udiff=  2.3365E-04 ( 54, 27)   vdiff=  3.1496E-04 ( 59, 21)
n=  5289   udiff=  2.3312E-04 ( 54, 27)   vdiff=  3.1438E-04 ( 59, 21)
n=  5290   udiff=  2.3260E-04 ( 54, 27)   vdiff=  3.1427E-04 ( 59, 21)
n=  5291   udiff=  2.3204E-04 ( 54, 27)   vdiff=  3.1381E-04 ( 59, 21)
n=  5292   udiff=  2.3154E-04 ( 54, 27)   vdiff=  3.1344E-04 ( 59, 21)
n=  5293   udiff=  2.3100E-04 ( 54, 27)   vdiff=  3.1322E-04 ( 59, 21)
n=  5294   udiff=  2.3048E-04 ( 54, 27)   vdiff=  3.1279E-04 ( 59, 21)
n=  5295   udiff=  2.2995E-04 ( 54, 27)   vdiff=  3.1263E-04 ( 59, 21)
n=  5296   udiff=  2.2943E-04 ( 54, 27)   vdiff=  3.1229E-04 ( 59, 21)
n=  5297   udiff=  2.2890E-04 ( 54, 27)   vdiff=  3.1209E-04 ( 59, 21)
n=  5298   udiff=  2.2838E-04 ( 54, 27)   vdiff=  3.1161E-04 ( 59, 21)
n=  5299   udiff=  2.2787E-04 ( 54, 27)   vdiff=  3.1145E-04 ( 59, 21)
n=  5300   udiff=  2.2731E-04 ( 54, 27)   vdiff=  3.1122E-04 ( 59, 21)
n=  5301   udiff=  2.2679E-04 ( 54, 27)   vdiff=  3.1084E-04 ( 59, 21)
n=  5302   udiff=  2.2627E-04 ( 54, 27)   vdiff=  3.1064E-04 ( 59, 21)
n=  5303   udiff=  2.2575E-04 ( 54, 27)   vdiff=  3.1006E-04 ( 59, 21)
n=  5304   udiff=  2.2522E-04 ( 54, 27)   vdiff=  3.0981E-04 ( 59, 21)
n=  5305   udiff=  2.2471E-04 ( 54, 27)   vdiff=  3.0941E-04 ( 59, 21)
n=  5306   udiff=  2.2418E-04 ( 54, 27)   vdiff=  3.0915E-04 ( 59, 21)
n=  5307   udiff=  2.2364E-04 ( 54, 27)   vdiff=  3.0897E-04 ( 59, 21)
n=  5308   udiff=  2.2313E-04 ( 54, 27)   vdiff=  3.0855E-04 ( 59, 21)
n=  5309   udiff=  2.2261E-04 ( 54, 27)   vdiff=  3.0831E-04 ( 59, 21)
n=  5310   udiff=  2.2207E-04 ( 54, 27)   vdiff=  3.0810E-04 ( 59, 21)
n=  5311   udiff=  2.2156E-04 ( 54, 27)   vdiff=  3.0759E-04 ( 59, 21)
n=  5312   udiff=  2.2105E-04 ( 54, 27)   vdiff=  3.0733E-04 ( 59, 21)
n=  5313   udiff=  2.2052E-04 ( 54, 27)   vdiff=  3.0706E-04 ( 59, 21)
n=  5314   udiff=  2.1998E-04 ( 54, 27)   vdiff=  3.0661E-04 ( 59, 21)
n=  5315   udiff=  2.1946E-04 ( 54, 27)   vdiff=  3.0623E-04 ( 59, 21)
n=  5316   udiff=  2.1895E-04 ( 54, 27)   vdiff=  3.0603E-04 ( 59, 21)
n=  5317   udiff=  2.1843E-04 ( 54, 27)   vdiff=  3.0581E-04 ( 59, 21)
n=  5318   udiff=  2.1790E-04 ( 54, 27)   vdiff=  3.0525E-04 ( 59, 21)
n=  5319   udiff=  2.1739E-04 ( 54, 27)   vdiff=  3.0496E-04 ( 59, 21)
n=  5320   udiff=  2.1687E-04 ( 54, 27)   vdiff=  3.0472E-04 ( 59, 21)
n=  5321   udiff=  2.1635E-04 ( 54, 27)   vdiff=  3.0437E-04 ( 59, 21)
n=  5322   udiff=  2.1583E-04 ( 54, 27)   vdiff=  3.0397E-04 ( 59, 21)
n=  5323   udiff=  2.1530E-04 ( 54, 27)   vdiff=  3.0371E-04 ( 59, 21)
n=  5324   udiff=  2.1480E-04 ( 54, 27)   vdiff=  3.0342E-04 ( 59, 21)
n=  5325   udiff=  2.1429E-04 ( 54, 27)   vdiff=  3.0311E-04 ( 59, 21)
n=  5326   udiff=  2.1375E-04 ( 54, 27)   vdiff=  3.0276E-04 ( 59, 21)
n=  5327   udiff=  2.1325E-04 ( 54, 27)   vdiff=  3.0218E-04 ( 59, 21)
n=  5328   udiff=  2.1273E-04 ( 54, 27)   vdiff=  3.0202E-04 ( 59, 21)
n=  5329   udiff=  2.1222E-04 ( 54, 27)   vdiff=  3.0164E-04 ( 59, 21)
n=  5330   udiff=  2.1167E-04 ( 54, 27)   vdiff=  3.0132E-04 ( 59, 21)
n=  5331   udiff=  2.1117E-04 ( 54, 27)   vdiff=  3.0094E-04 ( 59, 21)
n=  5332   udiff=  2.1065E-04 ( 54, 27)   vdiff=  3.0058E-04 ( 59, 21)
n=  5333   udiff=  2.1015E-04 ( 54, 27)   vdiff=  3.0039E-04 ( 59, 21)
n=  5334   udiff=  2.0964E-04 ( 54, 27)   vdiff=  3.0008E-04 ( 59, 21)
n=  5335   udiff=  2.0913E-04 ( 54, 27)   vdiff=  2.9966E-04 ( 59, 21)
n=  5336   udiff=  2.0862E-04 ( 54, 27)   vdiff=  2.9934E-04 ( 59, 21)
n=  5337   udiff=  2.0809E-04 ( 54, 27)   vdiff=  2.9897E-04 ( 59, 21)
n=  5338   udiff=  2.0760E-04 ( 54, 27)   vdiff=  2.9870E-04 ( 59, 21)
n=  5339   udiff=  2.0708E-04 ( 54, 27)   vdiff=  2.9810E-04 ( 59, 21)
n=  5340   udiff=  2.0655E-04 ( 54, 27)   vdiff=  2.9772E-04 ( 59, 21)
n=  5341   udiff=  2.0605E-04 ( 54, 27)   vdiff=  2.9732E-04 ( 59, 21)
n=  5342   udiff=  2.0551E-04 ( 54, 27)   vdiff=  2.9725E-04 ( 59, 21)
n=  5343   udiff=  2.0504E-04 ( 54, 27)   vdiff=  2.9692E-04 ( 59, 21)
n=  5344   udiff=  2.0451E-04 ( 54, 27)   vdiff=  2.9642E-04 ( 59, 21)
n=  5345   udiff=  2.0399E-04 ( 54, 27)   vdiff=  2.9616E-04 ( 59, 21)
n=  5346   udiff=  2.0350E-04 ( 54, 27)   vdiff=  2.9581E-04 ( 59, 21)
n=  5347   udiff=  2.0299E-04 ( 54, 27)   vdiff=  2.9543E-04 ( 59, 21)
n=  5348   udiff=  2.0252E-04 ( 55, 27)   vdiff=  2.9499E-04 ( 59, 21)
n=  5349   udiff=  2.0204E-04 ( 55, 27)   vdiff=  2.9463E-04 ( 59, 21)
n=  5350   udiff=  2.0159E-04 ( 55, 27)   vdiff=  2.9424E-04 ( 59, 21)
n=  5351   udiff=  2.0114E-04 ( 55, 27)   vdiff=  2.9384E-04 ( 59, 21)
n=  5352   udiff=  2.0064E-04 ( 55, 27)   vdiff=  2.9342E-04 ( 59, 21)
n=  5353   udiff=  2.0018E-04 ( 55, 27)   vdiff=  2.9311E-04 ( 59, 21)
n=  5354   udiff=  1.9973E-04 ( 55, 27)   vdiff=  2.9295E-04 ( 59, 21)
n=  5355   udiff=  1.9927E-04 ( 55, 27)   vdiff=  2.9255E-04 ( 59, 21)
n=  5356   udiff=  1.9880E-04 ( 55, 27)   vdiff=  2.9207E-04 ( 59, 21)
n=  5357   udiff=  1.9834E-04 ( 55, 27)   vdiff=  2.9169E-04 ( 59, 21)
n=  5358   udiff=  1.9789E-04 ( 55, 26)   vdiff=  2.9125E-04 ( 59, 21)
n=  5359   udiff=  1.9752E-04 ( 55, 26)   vdiff=  2.9108E-04 ( 59, 21)
n=  5360   udiff=  1.9711E-04 ( 55, 26)   vdiff=  2.9060E-04 ( 59, 21)
n=  5361   udiff=  1.9674E-04 ( 55, 26)   vdiff=  2.9016E-04 ( 59, 21)
n=  5362   udiff=  1.9634E-04 ( 55, 26)   vdiff=  2.8973E-04 ( 59, 21)
n=  5363   udiff=  1.9598E-04 ( 55, 26)   vdiff=  2.8962E-04 ( 59, 21)
n=  5364   udiff=  1.9558E-04 ( 55, 26)   vdiff=  2.8918E-04 ( 59, 21)
n=  5365   udiff=  1.9518E-04 ( 55, 26)   vdiff=  2.8866E-04 ( 59, 21)
n=  5366   udiff=  1.9481E-04 ( 55, 26)   vdiff=  2.8851E-04 ( 59, 21)
n=  5367   udiff=  1.9443E-04 ( 55, 26)   vdiff=  2.8809E-04 ( 59, 21)
n=  5368   udiff=  1.9404E-04 ( 55, 26)   vdiff=  2.8752E-04 ( 59, 21)
n=  5369   udiff=  1.9366E-04 ( 55, 26)   vdiff=  2.8738E-04 ( 59, 21)
n=  5370   udiff=  1.9328E-04 ( 55, 26)   vdiff=  2.8687E-04 ( 59, 21)
n=  5371   udiff=  1.9289E-04 ( 55, 26)   vdiff=  2.8640E-04 ( 59, 21)
n=  5372   udiff=  1.9251E-04 ( 55, 26)   vdiff=  2.8613E-04 ( 59, 21)
n=  5373   udiff=  1.9212E-04 ( 55, 26)   vdiff=  2.8565E-04 ( 59, 21)
n=  5374   udiff=  1.9172E-04 ( 55, 26)   vdiff=  2.8546E-04 ( 59, 21)
n=  5375   udiff=  1.9135E-04 ( 55, 26)   vdiff=  2.8507E-04 ( 59, 21)
n=  5376   udiff=  1.9093E-04 ( 55, 26)   vdiff=  2.8452E-04 ( 59, 21)
n=  5377   udiff=  1.9057E-04 ( 55, 26)   vdiff=  2.8426E-04 ( 59, 21)
n=  5378   udiff=  1.9018E-04 ( 55, 26)   vdiff=  2.8370E-04 ( 59, 21)
n=  5379   udiff=  1.8981E-04 ( 55, 26)   vdiff=  2.8351E-04 ( 59, 21)
n=  5380   udiff=  1.8941E-04 ( 55, 26)   vdiff=  2.8299E-04 ( 59, 21)
n=  5381   udiff=  1.8903E-04 ( 55, 26)   vdiff=  2.8280E-04 ( 59, 21)
n=  5382   udiff=  1.8864E-04 ( 55, 26)   vdiff=  2.8221E-04 ( 59, 21)
n=  5383   udiff=  1.8824E-04 ( 55, 26)   vdiff=  2.8192E-04 ( 59, 21)
n=  5384   udiff=  1.8787E-04 ( 55, 26)   vdiff=  2.8148E-04 ( 59, 21)
n=  5385   udiff=  1.8747E-04 ( 55, 26)   vdiff=  2.8111E-04 ( 59, 21)
n=  5386   udiff=  1.8709E-04 ( 55, 26)   vdiff=  2.8057E-04 ( 59, 21)
n=  5387   udiff=  1.8672E-04 ( 55, 26)   vdiff=  2.8039E-04 ( 59, 21)
n=  5388   udiff=  1.8634E-04 ( 55, 26)   vdiff=  2.8009E-04 ( 59, 21)
n=  5389   udiff=  1.8593E-04 ( 55, 26)   vdiff=  2.7947E-04 ( 59, 21)
n=  5390   udiff=  1.8558E-04 ( 55, 26)   vdiff=  2.7922E-04 ( 59, 21)
n=  5391   udiff=  1.8516E-04 ( 55, 26)   vdiff=  2.7867E-04 ( 59, 21)
n=  5392   udiff=  1.8479E-04 ( 55, 26)   vdiff=  2.7831E-04 ( 59, 21)
n=  5393   udiff=  1.8440E-04 ( 55, 26)   vdiff=  2.7803E-04 ( 59, 21)
n=  5394   udiff=  1.8401E-04 ( 55, 26)   vdiff=  2.7751E-04 ( 59, 21)
n=  5395   udiff=  1.8362E-04 ( 55, 26)   vdiff=  2.7721E-04 ( 59, 21)
n=  5396   udiff=  1.8325E-04 ( 55, 26)   vdiff=  2.7682E-04 ( 59, 21)
n=  5397   udiff=  1.8287E-04 ( 55, 26)   vdiff=  2.7652E-04 ( 59, 21)
n=  5398   udiff=  1.8248E-04 ( 55, 26)   vdiff=  2.7590E-04 ( 59, 21)
n=  5399   udiff=  1.8210E-04 ( 55, 26)   vdiff=  2.7563E-04 ( 59, 21)
n=  5400   udiff=  1.8172E-04 ( 55, 26)   vdiff=  2.7522E-04 ( 59, 21)
n=  5401   udiff=  1.8131E-04 ( 55, 26)   vdiff=  2.7500E-04 ( 59, 21)
n=  5402   udiff=  1.8095E-04 ( 55, 26)   vdiff=  2.7429E-04 ( 59, 21)
n=  5403   udiff=  1.8056E-04 ( 55, 26)   vdiff=  2.7397E-04 ( 59, 21)
n=  5404   udiff=  1.8018E-04 ( 55, 26)   vdiff=  2.7371E-04 ( 59, 21)
n=  5405   udiff=  1.7981E-04 ( 55, 26)   vdiff=  2.7330E-04 ( 59, 21)
n=  5406   udiff=  1.7942E-04 ( 55, 26)   vdiff=  2.7303E-04 ( 59, 21)
n=  5407   udiff=  1.7903E-04 ( 55, 26)   vdiff=  2.7225E-04 ( 59, 21)
n=  5408   udiff=  1.7864E-04 ( 55, 26)   vdiff=  2.7192E-04 ( 59, 21)
n=  5409   udiff=  1.7825E-04 ( 55, 26)   vdiff=  2.7160E-04 ( 59, 21)
n=  5410   udiff=  1.7787E-04 ( 55, 26)   vdiff=  2.7123E-04 ( 59, 21)
n=  5411   udiff=  1.7751E-04 ( 55, 26)   vdiff=  2.7081E-04 ( 59, 21)
n=  5412   udiff=  1.7712E-04 ( 55, 26)   vdiff=  2.7039E-04 ( 59, 21)
n=  5413   udiff=  1.7671E-04 ( 55, 26)   vdiff=  2.7011E-04 ( 59, 21)
n=  5414   udiff=  1.7634E-04 ( 55, 26)   vdiff=  2.6968E-04 ( 59, 21)
n=  5415   udiff=  1.7595E-04 ( 55, 26)   vdiff=  2.6926E-04 ( 59, 21)
n=  5416   udiff=  1.7558E-04 ( 55, 26)   vdiff=  2.6886E-04 ( 59, 21)
n=  5417   udiff=  1.7520E-04 ( 55, 26)   vdiff=  2.6853E-04 ( 59, 21)
n=  5418   udiff=  1.7484E-04 ( 55, 26)   vdiff=  2.6807E-04 ( 59, 21)
n=  5419   udiff=  1.7444E-04 ( 55, 26)   vdiff=  2.6761E-04 ( 59, 21)
n=  5420   udiff=  1.7406E-04 ( 55, 26)   vdiff=  2.6724E-04 ( 59, 21)
n=  5421   udiff=  1.7368E-04 ( 55, 26)   vdiff=  2.6677E-04 ( 59, 21)
n=  5422   udiff=  1.7329E-04 ( 55, 26)   vdiff=  2.6632E-04 ( 59, 21)
n=  5423   udiff=  1.7291E-04 ( 55, 26)   vdiff=  2.6607E-04 ( 59, 21)
n=  5424   udiff=  1.7250E-04 ( 55, 26)   vdiff=  2.6557E-04 ( 59, 21)
n=  5425   udiff=  1.7216E-04 ( 55, 26)   vdiff=  2.6512E-04 ( 59, 21)
n=  5426   udiff=  1.7175E-04 ( 55, 26)   vdiff=  2.6470E-04 ( 59, 21)
n=  5427   udiff=  1.7138E-04 ( 55, 26)   vdiff=  2.6424E-04 ( 59, 21)
n=  5428   udiff=  1.7099E-04 ( 55, 26)   vdiff=  2.6373E-04 ( 59, 21)
n=  5429   udiff=  1.7062E-04 ( 55, 26)   vdiff=  2.6338E-04 ( 59, 21)
n=  5430   udiff=  1.7026E-04 ( 55, 26)   vdiff=  2.6315E-04 ( 59, 21)
n=  5431   udiff=  1.6986E-04 ( 55, 26)   vdiff=  2.6268E-04 ( 59, 21)
n=  5432   udiff=  1.6951E-04 ( 55, 26)   vdiff=  2.6222E-04 ( 59, 21)
n=  5433   udiff=  1.6912E-04 ( 55, 26)   vdiff=  2.6175E-04 ( 59, 21)
n=  5434   udiff=  1.6873E-04 ( 55, 26)   vdiff=  2.6127E-04 ( 59, 21)
n=  5435   udiff=  1.6836E-04 ( 55, 26)   vdiff=  2.6105E-04 ( 59, 21)
n=  5436   udiff=  1.6798E-04 ( 55, 26)   vdiff=  2.6070E-04 ( 59, 21)
n=  5437   udiff=  1.6759E-04 ( 55, 26)   vdiff=  2.6017E-04 ( 59, 21)
n=  5438   udiff=  1.6719E-04 ( 55, 26)   vdiff=  2.5955E-04 ( 59, 21)
n=  5439   udiff=  1.6683E-04 ( 55, 26)   vdiff=  2.5940E-04 ( 59, 21)
n=  5440   udiff=  1.6647E-04 ( 55, 26)   vdiff=  2.5890E-04 ( 59, 21)
n=  5441   udiff=  1.6606E-04 ( 55, 26)   vdiff=  2.5845E-04 ( 59, 21)
n=  5442   udiff=  1.6570E-04 ( 55, 26)   vdiff=  2.5817E-04 ( 59, 21)
n=  5443   udiff=  1.6532E-04 ( 55, 26)   vdiff=  2.5777E-04 ( 59, 21)
n=  5444   udiff=  1.6495E-04 ( 55, 26)   vdiff=  2.5712E-04 ( 59, 21)
n=  5445   udiff=  1.6457E-04 ( 55, 26)   vdiff=  2.5683E-04 ( 59, 21)
n=  5446   udiff=  1.6418E-04 ( 55, 26)   vdiff=  2.5637E-04 ( 59, 21)
n=  5447   udiff=  1.6382E-04 ( 55, 26)   vdiff=  2.5591E-04 ( 59, 21)
n=  5448   udiff=  1.6344E-04 ( 55, 26)   vdiff=  2.5567E-04 ( 59, 21)
n=  5449   udiff=  1.6306E-04 ( 55, 26)   vdiff=  2.5499E-04 ( 59, 21)
n=  5450   udiff=  1.6268E-04 ( 55, 26)   vdiff=  2.5477E-04 ( 59, 21)
n=  5451   udiff=  1.6229E-04 ( 55, 26)   vdiff=  2.5431E-04 ( 59, 21)
n=  5452   udiff=  1.6194E-04 ( 55, 26)   vdiff=  2.5403E-04 ( 59, 21)
n=  5453   udiff=  1.6156E-04 ( 55, 26)   vdiff=  2.5341E-04 ( 59, 21)
n=  5454   udiff=  1.6119E-04 ( 55, 26)   vdiff=  2.5313E-04 ( 59, 21)
n=  5455   udiff=  1.6080E-04 ( 55, 26)   vdiff=  2.5265E-04 ( 59, 21)
n=  5456   udiff=  1.6043E-04 ( 55, 26)   vdiff=  2.5232E-04 ( 59, 21)
n=  5457   udiff=  1.6007E-04 ( 55, 26)   vdiff=  2.5167E-04 ( 59, 21)
n=  5458   udiff=  1.5968E-04 ( 55, 26)   vdiff=  2.5146E-04 ( 59, 21)
n=  5459   udiff=  1.5930E-04 ( 55, 26)   vdiff=  2.5074E-04 ( 59, 21)
n=  5460   udiff=  1.5894E-04 ( 55, 26)   vdiff=  2.5059E-04 ( 59, 21)
n=  5461   udiff=  1.5856E-04 ( 55, 26)   vdiff=  2.4988E-04 ( 59, 21)
n=  5462   udiff=  1.5818E-04 ( 55, 26)   vdiff=  2.4957E-04 ( 59, 21)
n=  5463   udiff=  1.5783E-04 ( 55, 26)   vdiff=  2.4933E-04 ( 59, 21)
n=  5464   udiff=  1.5744E-04 ( 55, 26)   vdiff=  2.4872E-04 ( 59, 21)
n=  5465   udiff=  1.5707E-04 ( 55, 26)   vdiff=  2.4838E-04 ( 59, 21)
n=  5466   udiff=  1.5668E-04 ( 55, 26)   vdiff=  2.4800E-04 ( 59, 21)
n=  5467   udiff=  1.5633E-04 ( 55, 26)   vdiff=  2.4746E-04 ( 59, 21)
n=  5468   udiff=  1.5596E-04 ( 55, 26)   vdiff=  2.4719E-04 ( 59, 21)
n=  5469   udiff=  1.5558E-04 ( 55, 26)   vdiff=  2.4676E-04 ( 59, 21)
n=  5470   udiff=  1.5520E-04 ( 55, 26)   vdiff=  2.4627E-04 ( 59, 21)
n=  5471   udiff=  1.5483E-04 ( 55, 26)   vdiff=  2.4588E-04 ( 59, 21)
n=  5472   udiff=  1.5446E-04 ( 55, 26)   vdiff=  2.4537E-04 ( 59, 21)
n=  5473   udiff=  1.5410E-04 ( 55, 26)   vdiff=  2.4511E-04 ( 59, 21)
n=  5474   udiff=  1.5373E-04 ( 55, 26)   vdiff=  2.4442E-04 ( 59, 21)
n=  5475   udiff=  1.5334E-04 ( 55, 26)   vdiff=  2.4403E-04 ( 59, 21)
n=  5476   udiff=  1.5299E-04 ( 55, 26)   vdiff=  2.4373E-04 ( 59, 21)
n=  5477   udiff=  1.5261E-04 ( 55, 26)   vdiff=  2.4334E-04 ( 59, 21)
n=  5478   udiff=  1.5227E-04 ( 55, 26)   vdiff=  2.4293E-04 ( 59, 21)
n=  5479   udiff=  1.5190E-04 ( 55, 26)   vdiff=  2.4248E-04 ( 59, 21)
n=  5480   udiff=  1.5151E-04 ( 55, 26)   vdiff=  2.4190E-04 ( 59, 21)
n=  5481   udiff=  1.5114E-04 ( 55, 26)   vdiff=  2.4151E-04 ( 59, 21)
n=  5482   udiff=  1.5076E-04 ( 55, 26)   vdiff=  2.4109E-04 ( 59, 21)
n=  5483   udiff=  1.5040E-04 ( 55, 26)   vdiff=  2.4067E-04 ( 59, 21)
n=  5484   udiff=  1.5005E-04 ( 55, 26)   vdiff=  2.4016E-04 ( 59, 21)
n=  5485   udiff=  1.4966E-04 ( 55, 26)   vdiff=  2.3980E-04 ( 59, 21)
n=  5486   udiff=  1.4930E-04 ( 55, 26)   vdiff=  2.3948E-04 ( 59, 21)
n=  5487   udiff=  1.4895E-04 ( 55, 26)   vdiff=  2.3904E-04 ( 59, 21)
n=  5488   udiff=  1.4858E-04 ( 55, 26)   vdiff=  2.3867E-04 ( 59, 21)
n=  5489   udiff=  1.4823E-04 ( 55, 26)   vdiff=  2.3820E-04 ( 59, 21)
n=  5490   udiff=  1.4784E-04 ( 55, 26)   vdiff=  2.3769E-04 ( 59, 21)
n=  5491   udiff=  1.4748E-04 ( 55, 26)   vdiff=  2.3733E-04 ( 59, 21)
n=  5492   udiff=  1.4710E-04 ( 55, 26)   vdiff=  2.3688E-04 ( 59, 21)
n=  5493   udiff=  1.4675E-04 ( 55, 26)   vdiff=  2.3637E-04 ( 59, 21)
n=  5494   udiff=  1.4639E-04 ( 55, 26)   vdiff=  2.3601E-04 ( 59, 21)
n=  5495   udiff=  1.4602E-04 ( 55, 26)   vdiff=  2.3557E-04 ( 59, 21)
n=  5496   udiff=  1.4565E-04 ( 55, 26)   vdiff=  2.3505E-04 ( 59, 21)
n=  5497   udiff=  1.4529E-04 ( 55, 26)   vdiff=  2.3454E-04 ( 59, 21)
n=  5498   udiff=  1.4492E-04 ( 55, 26)   vdiff=  2.3443E-04 ( 59, 21)
n=  5499   udiff=  1.4457E-04 ( 55, 26)   vdiff=  2.3397E-04 ( 59, 21)
n=  5500   udiff=  1.4420E-04 ( 55, 26)   vdiff=  2.3348E-04 ( 59, 21)
n=  5501   udiff=  1.4386E-04 ( 55, 26)   vdiff=  2.3302E-04 ( 59, 21)
n=  5502   udiff=  1.4348E-04 ( 55, 26)   vdiff=  2.3251E-04 ( 59, 21)
n=  5503   udiff=  1.4311E-04 ( 55, 26)   vdiff=  2.3210E-04 ( 59, 21)
n=  5504   udiff=  1.4278E-04 ( 55, 26)   vdiff=  2.3177E-04 ( 59, 21)
n=  5505   udiff=  1.4240E-04 ( 55, 26)   vdiff=  2.3130E-04 ( 59, 21)
n=  5506   udiff=  1.4204E-04 ( 55, 26)   vdiff=  2.3083E-04 ( 59, 21)
n=  5507   udiff=  1.4166E-04 ( 55, 26)   vdiff=  2.3037E-04 ( 59, 21)
n=  5508   udiff=  1.4132E-04 ( 55, 26)   vdiff=  2.3012E-04 ( 59, 21)
n=  5509   udiff=  1.4093E-04 ( 55, 26)   vdiff=  2.2959E-04 ( 59, 21)
n=  5510   udiff=  1.4061E-04 ( 55, 26)   vdiff=  2.2912E-04 ( 59, 21)
n=  5511   udiff=  1.4022E-04 ( 55, 26)   vdiff=  2.2851E-04 ( 59, 21)
n=  5512   udiff=  1.3991E-04 ( 55, 26)   vdiff=  2.2830E-04 ( 59, 21)
n=  5513   udiff=  1.3951E-04 ( 55, 26)   vdiff=  2.2783E-04 ( 59, 21)
n=  5514   udiff=  1.3916E-04 ( 55, 26)   vdiff=  2.2728E-04 ( 59, 21)
n=  5515   udiff=  1.3879E-04 ( 55, 26)   vdiff=  2.2692E-04 ( 59, 21)
n=  5516   udiff=  1.3845E-04 ( 55, 26)   vdiff=  2.2649E-04 ( 59, 21)
n=  5517   udiff=  1.3808E-04 ( 55, 26)   vdiff=  2.2614E-04 ( 59, 21)
n=  5518   udiff=  1.3774E-04 ( 55, 26)   vdiff=  2.2570E-04 ( 59, 21)
n=  5519   udiff=  1.3740E-04 ( 55, 26)   vdiff=  2.2516E-04 ( 59, 21)
n=  5520   udiff=  1.3703E-04 ( 55, 26)   vdiff=  2.2485E-04 ( 59, 21)
n=  5521   udiff=  1.3667E-04 ( 55, 26)   vdiff=  2.2426E-04 ( 59, 21)
n=  5522   udiff=  1.3633E-04 ( 55, 26)   vdiff=  2.2410E-04 ( 59, 21)
n=  5523   udiff=  1.3596E-04 ( 55, 26)   vdiff=  2.2342E-04 ( 59, 21)
n=  5524   udiff=  1.3559E-04 ( 55, 26)   vdiff=  2.2306E-04 ( 59, 21)
n=  5525   udiff=  1.3523E-04 ( 55, 26)   vdiff=  2.2251E-04 ( 59, 21)
n=  5526   udiff=  1.3489E-04 ( 55, 26)   vdiff=  2.2224E-04 ( 59, 21)
n=  5527   udiff=  1.3452E-04 ( 55, 26)   vdiff=  2.2165E-04 ( 59, 21)
n=  5528   udiff=  1.3419E-04 ( 55, 26)   vdiff=  2.2142E-04 ( 59, 21)
n=  5529   udiff=  1.3384E-04 ( 55, 26)   vdiff=  2.2103E-04 ( 59, 21)
n=  5530   udiff=  1.3349E-04 ( 55, 26)   vdiff=  2.2041E-04 ( 59, 21)
n=  5531   udiff=  1.3314E-04 ( 55, 26)   vdiff=  2.2008E-04 ( 59, 21)
n=  5532   udiff=  1.3275E-04 ( 55, 26)   vdiff=  2.1947E-04 ( 59, 21)
n=  5533   udiff=  1.3243E-04 ( 55, 26)   vdiff=  2.1919E-04 ( 59, 21)
n=  5534   udiff=  1.3209E-04 ( 55, 26)   vdiff=  2.1876E-04 ( 59, 21)
n=  5535   udiff=  1.3173E-04 ( 55, 26)   vdiff=  2.1829E-04 ( 59, 21)
n=  5536   udiff=  1.3136E-04 ( 55, 26)   vdiff=  2.1789E-04 ( 59, 21)
n=  5537   udiff=  1.3102E-04 ( 55, 26)   vdiff=  2.1762E-04 ( 59, 21)
n=  5538   udiff=  1.3070E-04 ( 55, 26)   vdiff=  2.1689E-04 ( 59, 21)
n=  5539   udiff=  1.3033E-04 ( 55, 26)   vdiff=  2.1655E-04 ( 59, 21)
n=  5540   udiff=  1.2998E-04 ( 55, 26)   vdiff=  2.1629E-04 ( 59, 21)
n=  5541   udiff=  1.2965E-04 ( 55, 26)   vdiff=  2.1589E-04 ( 59, 21)
n=  5542   udiff=  1.2929E-04 ( 55, 26)   vdiff=  2.1516E-04 ( 59, 21)
n=  5543   udiff=  1.2895E-04 ( 55, 26)   vdiff=  2.1481E-04 ( 59, 21)
n=  5544   udiff=  1.2859E-04 ( 55, 26)   vdiff=  2.1449E-04 ( 59, 21)
n=  5545   udiff=  1.2824E-04 ( 55, 26)   vdiff=  2.1412E-04 ( 59, 21)
n=  5546   udiff=  1.2789E-04 ( 55, 26)   vdiff=  2.1336E-04 ( 59, 21)
n=  5547   udiff=  1.2753E-04 ( 55, 26)   vdiff=  2.1293E-04 ( 59, 21)
n=  5548   udiff=  1.2720E-04 ( 55, 26)   vdiff=  2.1274E-04 ( 59, 21)
n=  5549   udiff=  1.2685E-04 ( 55, 26)   vdiff=  2.1227E-04 ( 59, 21)
n=  5550   udiff=  1.2650E-04 ( 55, 26)   vdiff=  2.1188E-04 ( 59, 21)
n=  5551   udiff=  1.2618E-04 ( 55, 26)   vdiff=  2.1147E-04 ( 59, 21)
n=  5552   udiff=  1.2585E-04 ( 55, 26)   vdiff=  2.1107E-04 ( 59, 21)
n=  5553   udiff=  1.2549E-04 ( 55, 26)   vdiff=  2.1055E-04 ( 59, 21)
n=  5554   udiff=  1.2513E-04 ( 55, 26)   vdiff=  2.1024E-04 ( 59, 21)
n=  5555   udiff=  1.2480E-04 ( 55, 26)   vdiff=  2.0986E-04 ( 59, 21)
n=  5556   udiff=  1.2447E-04 ( 55, 26)   vdiff=  2.0913E-04 ( 59, 21)
n=  5557   udiff=  1.2410E-04 ( 55, 26)   vdiff=  2.0868E-04 ( 59, 21)
n=  5558   udiff=  1.2377E-04 ( 55, 26)   vdiff=  2.0834E-04 ( 59, 21)
n=  5559   udiff=  1.2343E-04 ( 55, 26)   vdiff=  2.0789E-04 ( 59, 21)
n=  5560   udiff=  1.2310E-04 ( 55, 26)   vdiff=  2.0747E-04 ( 59, 21)
n=  5561   udiff=  1.2276E-04 ( 55, 26)   vdiff=  2.0729E-04 ( 59, 21)
n=  5562   udiff=  1.2241E-04 ( 55, 26)   vdiff=  2.0678E-04 ( 59, 21)
n=  5563   udiff=  1.2208E-04 ( 55, 26)   vdiff=  2.0638E-04 ( 59, 21)
n=  5564   udiff=  1.2173E-04 ( 55, 26)   vdiff=  2.0593E-04 ( 59, 21)
n=  5565   udiff=  1.2139E-04 ( 55, 26)   vdiff=  2.0546E-04 ( 59, 21)
n=  5566   udiff=  1.2107E-04 ( 55, 26)   vdiff=  2.0506E-04 ( 59, 21)
n=  5567   udiff=  1.2072E-04 ( 55, 26)   vdiff=  2.0453E-04 ( 59, 21)
n=  5568   udiff=  1.2039E-04 ( 55, 26)   vdiff=  2.0401E-04 ( 59, 21)
n=  5569   udiff=  1.2006E-04 ( 55, 26)   vdiff=  2.0351E-04 ( 59, 21)
n=  5570   udiff=  1.1972E-04 ( 55, 26)   vdiff=  2.0306E-04 ( 59, 21)
n=  5571   udiff=  1.1938E-04 ( 55, 26)   vdiff=  2.0287E-04 ( 59, 21)
n=  5572   udiff=  1.1905E-04 ( 55, 26)   vdiff=  2.0239E-04 ( 59, 21)
n=  5573   udiff=  1.1872E-04 ( 55, 26)   vdiff=  2.0205E-04 ( 59, 21)
n=  5574   udiff=  1.1838E-04 ( 55, 26)   vdiff=  2.0144E-04 ( 59, 21)
n=  5575   udiff=  1.1803E-04 ( 55, 26)   vdiff=  2.0115E-04 ( 59, 21)
n=  5576   udiff=  1.1772E-04 ( 55, 26)   vdiff=  2.0072E-04 ( 59, 21)
n=  5577   udiff=  1.1737E-04 ( 55, 26)   vdiff=  2.0022E-04 ( 59, 21)
n=  5578   udiff=  1.1702E-04 ( 55, 26)   vdiff=  1.9965E-04 ( 59, 21)
n=  5579   udiff=  1.1670E-04 ( 55, 26)   vdiff=  1.9950E-04 ( 59, 21)
n=  5580   udiff=  1.1636E-04 ( 55, 26)   vdiff=  1.9885E-04 ( 59, 21)
n=  5581   udiff=  1.1604E-04 ( 55, 26)   vdiff=  1.9841E-04 ( 59, 21)
n=  5582   udiff=  1.1571E-04 ( 55, 26)   vdiff=  1.9820E-04 ( 59, 21)
n=  5583   udiff=  1.1537E-04 ( 55, 26)   vdiff=  1.9765E-04 ( 59, 21)
n=  5584   udiff=  1.1504E-04 ( 55, 26)   vdiff=  1.9711E-04 ( 59, 21)
n=  5585   udiff=  1.1471E-04 ( 55, 26)   vdiff=  1.9689E-04 ( 59, 21)
n=  5586   udiff=  1.1439E-04 ( 55, 26)   vdiff=  1.9634E-04 ( 59, 21)
n=  5587   udiff=  1.1405E-04 ( 55, 26)   vdiff=  1.9602E-04 ( 59, 21)
n=  5588   udiff=  1.1373E-04 ( 55, 26)   vdiff=  1.9558E-04 ( 59, 21)
n=  5589   udiff=  1.1340E-04 ( 55, 26)   vdiff=  1.9498E-04 ( 59, 21)
n=  5590   udiff=  1.1306E-04 ( 55, 26)   vdiff=  1.9474E-04 ( 59, 21)
n=  5591   udiff=  1.1274E-04 ( 55, 26)   vdiff=  1.9406E-04 ( 59, 21)
n=  5592   udiff=  1.1241E-04 ( 55, 26)   vdiff=  1.9385E-04 ( 59, 21)
n=  5593   udiff=  1.1208E-04 ( 55, 26)   vdiff=  1.9336E-04 ( 59, 21)
n=  5594   udiff=  1.1176E-04 ( 55, 26)   vdiff=  1.9299E-04 ( 59, 21)
n=  5595   udiff=  1.1144E-04 ( 55, 26)   vdiff=  1.9249E-04 ( 59, 21)
n=  5596   udiff=  1.1111E-04 ( 55, 26)   vdiff=  1.9214E-04 ( 59, 21)
n=  5597   udiff=  1.1080E-04 ( 55, 26)   vdiff=  1.9164E-04 ( 59, 21)
n=  5598   udiff=  1.1045E-04 ( 55, 26)   vdiff=  1.9125E-04 ( 59, 21)
n=  5599   udiff=  1.1013E-04 ( 55, 26)   vdiff=  1.9091E-04 ( 59, 21)
n=  5600   udiff=  1.0982E-04 ( 55, 26)   vdiff=  1.9035E-04 ( 59, 21)
n=  5601   udiff=  1.0950E-04 ( 55, 26)   vdiff=  1.9004E-04 ( 59, 21)
n=  5602   udiff=  1.0918E-04 ( 55, 26)   vdiff=  1.8946E-04 ( 59, 21)
n=  5603   udiff=  1.0885E-04 ( 55, 26)   vdiff=  1.8909E-04 ( 59, 21)
n=  5604   udiff=  1.0855E-04 ( 55, 26)   vdiff=  1.8892E-04 ( 59, 21)
n=  5605   udiff=  1.0821E-04 ( 55, 26)   vdiff=  1.8826E-04 ( 59, 21)
n=  5606   udiff=  1.0790E-04 ( 55, 26)   vdiff=  1.8784E-04 ( 59, 21)
n=  5607   udiff=  1.0756E-04 ( 55, 26)   vdiff=  1.8760E-04 ( 59, 21)
n=  5608   udiff=  1.0724E-04 ( 55, 26)   vdiff=  1.8693E-04 ( 59, 21)
n=  5609   udiff=  1.0692E-04 ( 55, 26)   vdiff=  1.8656E-04 ( 59, 21)
n=  5610   udiff=  1.0662E-04 ( 55, 26)   vdiff=  1.8628E-04 ( 59, 21)
n=  5611   udiff=  1.0629E-04 ( 55, 26)   vdiff=  1.8587E-04 ( 59, 21)
n=  5612   udiff=  1.0597E-04 ( 55, 26)   vdiff=  1.8532E-04 ( 59, 21)
n=  5613   udiff=  1.0564E-04 ( 55, 26)   vdiff=  1.8487E-04 ( 59, 21)
n=  5614   udiff=  1.0534E-04 ( 55, 26)   vdiff=  1.8455E-04 ( 59, 21)
n=  5615   udiff=  1.0503E-04 ( 55, 26)   vdiff=  1.8412E-04 ( 59, 21)
n=  5616   udiff=  1.0470E-04 ( 55, 26)   vdiff=  1.8376E-04 ( 59, 21)
n=  5617   udiff=  1.0439E-04 ( 55, 26)   vdiff=  1.8308E-04 ( 59, 21)
n=  5618   udiff=  1.0406E-04 ( 55, 26)   vdiff=  1.8276E-04 ( 59, 21)
n=  5619   udiff=  1.0376E-04 ( 55, 26)   vdiff=  1.8247E-04 ( 59, 21)
n=  5620   udiff=  1.0343E-04 ( 55, 26)   vdiff=  1.8203E-04 ( 59, 21)
n=  5621   udiff=  1.0312E-04 ( 55, 26)   vdiff=  1.8160E-04 ( 59, 21)
n=  5622   udiff=  1.0281E-04 ( 55, 26)   vdiff=  1.8116E-04 ( 59, 21)
n=  5623   udiff=  1.0252E-04 ( 55, 26)   vdiff=  1.8078E-04 ( 59, 21)
n=  5624   udiff=  1.0219E-04 ( 55, 26)   vdiff=  1.8034E-04 ( 59, 21)
n=  5625   udiff=  1.0187E-04 ( 55, 26)   vdiff=  1.8008E-04 ( 59, 21)
n=  5626   udiff=  1.0157E-04 ( 55, 26)   vdiff=  1.7963E-04 ( 59, 21)
n=  5627   udiff=  1.0125E-04 ( 56, 26)   vdiff=  1.7927E-04 ( 59, 21)
n=  5628   udiff=  1.0098E-04 ( 56, 26)   vdiff=  1.7886E-04 ( 59, 21)
n=  5629   udiff=  1.0069E-04 ( 56, 26)   vdiff=  1.7837E-04 ( 59, 21)
n=  5630   udiff=  1.0040E-04 ( 56, 26)   vdiff=  1.7788E-04 ( 59, 21)
n=  5631   udiff=  1.0011E-04 ( 56, 26)   vdiff=  1.7752E-04 ( 59, 21)
n=  5632   udiff=  9.9821E-05 ( 56, 26)   vdiff=  1.7704E-04 ( 59, 21)
n=  5633   udiff=  9.9523E-05 ( 56, 26)   vdiff=  1.7666E-04 ( 59, 21)
n=  5634   udiff=  9.9248E-05 ( 56, 26)   vdiff=  1.7612E-04 ( 59, 21)
n=  5635   udiff=  9.8967E-05 ( 56, 26)   vdiff=  1.7573E-04 ( 59, 21)
n=  5636   udiff=  9.8688E-05 ( 56, 26)   vdiff=  1.7538E-04 ( 59, 21)
n=  5637   udiff=  9.8405E-05 ( 56, 26)   vdiff=  1.7480E-04 ( 59, 21)
n=  5638   udiff=  9.8113E-05 ( 56, 26)   vdiff=  1.7439E-04 ( 59, 21)
n=  5639   udiff=  9.7844E-05 ( 56, 26)   vdiff=  1.7398E-04 ( 59, 21)
n=  5640   udiff=  9.7564E-05 ( 56, 26)   vdiff=  1.7378E-04 ( 59, 21)
n=  5641   udiff=  9.7277E-05 ( 56, 26)   vdiff=  1.7331E-04 ( 59, 21)
n=  5642   udiff=  9.6981E-05 ( 56, 26)   vdiff=  1.7285E-04 ( 59, 21)
n=  5643   udiff=  9.6705E-05 ( 56, 26)   vdiff=  1.7241E-04 ( 59, 21)
n=  5644   udiff=  9.6414E-05 ( 56, 26)   vdiff=  1.7195E-04 ( 59, 21)
n=  5645   udiff=  9.6149E-05 ( 56, 26)   vdiff=  1.7175E-04 ( 59, 21)
n=  5646   udiff=  9.5877E-05 ( 56, 26)   vdiff=  1.7123E-04 ( 59, 21)
n=  5647   udiff=  9.5591E-05 ( 56, 26)   vdiff=  1.7068E-04 ( 59, 21)
n=  5648   udiff=  9.5295E-05 ( 56, 26)   vdiff=  1.7034E-04 ( 59, 21)
n=  5649   udiff=  9.5012E-05 ( 56, 26)   vdiff=  1.7012E-04 ( 59, 21)
n=  5650   udiff=  9.4743E-05 ( 56, 26)   vdiff=  1.6960E-04 ( 59, 21)
n=  5651   udiff=  9.4483E-05 ( 56, 26)   vdiff=  1.6913E-04 ( 59, 21)
n=  5652   udiff=  9.4193E-05 ( 56, 26)   vdiff=  1.6880E-04 ( 59, 21)
n=  5653   udiff=  9.3905E-05 ( 56, 26)   vdiff=  1.6834E-04 ( 59, 21)
n=  5654   udiff=  9.3629E-05 ( 56, 26)   vdiff=  1.6788E-04 ( 59, 21)
n=  5655   udiff=  9.3354E-05 ( 56, 26)   vdiff=  1.6747E-04 ( 59, 21)
n=  5656   udiff=  9.3069E-05 ( 56, 26)   vdiff=  1.6710E-04 ( 59, 21)
n=  5657   udiff=  9.2810E-05 ( 56, 26)   vdiff=  1.6651E-04 ( 59, 21)
n=  5658   udiff=  9.2537E-05 ( 56, 26)   vdiff=  1.6639E-04 ( 59, 21)
n=  5659   udiff=  9.2263E-05 ( 56, 26)   vdiff=  1.6585E-04 ( 59, 21)
n=  5660   udiff=  9.1981E-05 ( 56, 26)   vdiff=  1.6547E-04 ( 59, 21)
n=  5661   udiff=  9.1694E-05 ( 56, 26)   vdiff=  1.6503E-04 ( 59, 21)
n=  5662   udiff=  9.1433E-05 ( 56, 26)   vdiff=  1.6475E-04 ( 59, 21)
n=  5663   udiff=  9.1161E-05 ( 56, 26)   vdiff=  1.6421E-04 ( 59, 21)
n=  5664   udiff=  9.0884E-05 ( 56, 26)   vdiff=  1.6405E-04 ( 59, 21)
n=  5665   udiff=  9.0608E-05 ( 56, 26)   vdiff=  1.6335E-04 ( 59, 21)
n=  5666   udiff=  9.0329E-05 ( 56, 26)   vdiff=  1.6316E-04 ( 59, 21)
n=  5667   udiff=  9.0087E-05 ( 56, 26)   vdiff=  1.6260E-04 ( 59, 21)
n=  5668   udiff=  8.9796E-05 ( 56, 26)   vdiff=  1.6227E-04 ( 59, 21)
n=  5669   udiff=  8.9523E-05 ( 56, 26)   vdiff=  1.6177E-04 ( 59, 21)
n=  5670   udiff=  8.9264E-05 ( 56, 26)   vdiff=  1.6146E-04 ( 59, 21)
n=  5671   udiff=  8.8993E-05 ( 56, 26)   vdiff=  1.6092E-04 ( 59, 21)
n=  5672   udiff=  8.8711E-05 ( 56, 26)   vdiff=  1.6071E-04 ( 59, 21)
n=  5673   udiff=  8.8451E-05 ( 56, 26)   vdiff=  1.6030E-04 ( 59, 21)
n=  5674   udiff=  8.8179E-05 ( 56, 26)   vdiff=  1.5980E-04 ( 59, 21)
n=  5675   udiff=  8.7908E-05 ( 56, 26)   vdiff=  1.5942E-04 ( 59, 21)
n=  5676   udiff=  8.7650E-05 ( 56, 26)   vdiff=  1.5896E-04 ( 59, 21)
n=  5677   udiff=  8.7367E-05 ( 56, 26)   vdiff=  1.5863E-04 ( 59, 21)
n=  5678   udiff=  8.7106E-05 ( 56, 26)   vdiff=  1.5830E-04 ( 59, 21)
n=  5679   udiff=  8.6836E-05 ( 56, 26)   vdiff=  1.5768E-04 ( 59, 21)
n=  5680   udiff=  8.6587E-05 ( 56, 26)   vdiff=  1.5732E-04 ( 59, 21)
n=  5681   udiff=  8.6302E-05 ( 56, 26)   vdiff=  1.5694E-04 ( 59, 21)
n=  5682   udiff=  8.6006E-05 ( 56, 26)   vdiff=  1.5668E-04 ( 59, 21)
n=  5683   udiff=  8.5785E-05 ( 56, 26)   vdiff=  1.5606E-04 ( 59, 21)
n=  5684   udiff=  8.5495E-05 ( 56, 26)   vdiff=  1.5583E-04 ( 59, 21)
n=  5685   udiff=  8.5226E-05 ( 56, 26)   vdiff=  1.5547E-04 ( 59, 21)
n=  5686   udiff=  8.4992E-05 ( 56, 26)   vdiff=  1.5513E-04 ( 59, 21)
n=  5687   udiff=  8.4718E-05 ( 56, 26)   vdiff=  1.5451E-04 ( 59, 21)
n=  5688   udiff=  8.4455E-05 ( 56, 26)   vdiff=  1.5411E-04 ( 59, 21)
n=  5689   udiff=  8.4179E-05 ( 56, 26)   vdiff=  1.5386E-04 ( 59, 21)
n=  5690   udiff=  8.3917E-05 ( 56, 26)   vdiff=  1.5353E-04 ( 59, 21)
n=  5691   udiff=  8.3654E-05 ( 56, 26)   vdiff=  1.5308E-04 ( 59, 21)
n=  5692   udiff=  8.3410E-05 ( 56, 26)   vdiff=  1.5274E-04 ( 59, 21)
n=  5693   udiff=  8.3131E-05 ( 56, 26)   vdiff=  1.5234E-04 ( 59, 21)
n=  5694   udiff=  8.2873E-05 ( 56, 26)   vdiff=  1.5182E-04 ( 59, 21)
n=  5695   udiff=  8.2624E-05 ( 56, 26)   vdiff=  1.5129E-04 ( 59, 21)
n=  5696   udiff=  8.2362E-05 ( 56, 26)   vdiff=  1.5098E-04 ( 59, 21)
n=  5697   udiff=  8.2100E-05 ( 56, 26)   vdiff=  1.5055E-04 ( 59, 21)
n=  5698   udiff=  8.1831E-05 ( 56, 26)   vdiff=  1.5020E-04 ( 59, 21)
n=  5699   udiff=  8.1581E-05 ( 56, 26)   vdiff=  1.4986E-04 ( 59, 21)
n=  5700   udiff=  8.1327E-05 ( 56, 26)   vdiff=  1.4955E-04 ( 59, 21)
n=  5701   udiff=  8.1051E-05 ( 56, 26)   vdiff=  1.4908E-04 ( 59, 21)
n=  5702   udiff=  8.0814E-05 ( 56, 26)   vdiff=  1.4864E-04 ( 59, 21)
n=  5703   udiff=  8.0548E-05 ( 56, 26)   vdiff=  1.4833E-04 ( 59, 21)
n=  5704   udiff=  8.0309E-05 ( 56, 26)   vdiff=  1.4799E-04 ( 59, 21)
n=  5705   udiff=  8.0032E-05 ( 56, 26)   vdiff=  1.4760E-04 ( 59, 21)
n=  5706   udiff=  7.9785E-05 ( 56, 26)   vdiff=  1.4716E-04 ( 59, 21)
n=  5707   udiff=  7.9518E-05 ( 56, 26)   vdiff=  1.4672E-04 ( 59, 21)
n=  5708   udiff=  7.9264E-05 ( 56, 26)   vdiff=  1.4632E-04 ( 59, 21)
n=  5709   udiff=  7.9016E-05 ( 56, 26)   vdiff=  1.4593E-04 ( 59, 21)
n=  5710   udiff=  7.8769E-05 ( 56, 26)   vdiff=  1.4546E-04 ( 59, 21)
n=  5711   udiff=  7.8480E-05 ( 56, 26)   vdiff=  1.4525E-04 ( 59, 21)
n=  5712   udiff=  7.8258E-05 ( 56, 26)   vdiff=  1.4497E-04 ( 59, 21)
n=  5713   udiff=  7.8005E-05 ( 56, 26)   vdiff=  1.4450E-04 ( 59, 21)
n=  5714   udiff=  7.7746E-05 ( 56, 26)   vdiff=  1.4407E-04 ( 59, 21)
n=  5715   udiff=  7.7473E-05 ( 56, 26)   vdiff=  1.4365E-04 ( 59, 21)
n=  5716   udiff=  7.7225E-05 ( 56, 26)   vdiff=  1.4321E-04 ( 59, 21)
n=  5717   udiff=  7.7008E-05 ( 56, 26)   vdiff=  1.4319E-04 ( 59, 21)
n=  5718   udiff=  7.6751E-05 ( 56, 26)   vdiff=  1.4261E-04 ( 59, 21)
n=  5719   udiff=  7.6484E-05 ( 56, 26)   vdiff=  1.4214E-04 ( 59, 21)
n=  5720   udiff=  7.6220E-05 ( 56, 26)   vdiff=  1.4165E-04 ( 59, 21)
n=  5721   udiff=  7.5989E-05 ( 56, 26)   vdiff=  1.4127E-04 ( 59, 21)
n=  5722   udiff=  7.5739E-05 ( 56, 26)   vdiff=  1.4109E-04 ( 59, 21)
n=  5723   udiff=  7.5489E-05 ( 56, 26)   vdiff=  1.4063E-04 ( 59, 21)
n=  5724   udiff=  7.5243E-05 ( 56, 26)   vdiff=  1.4024E-04 ( 59, 21)
n=  5725   udiff=  7.4994E-05 ( 56, 26)   vdiff=  1.3997E-04 ( 59, 21)
n=  5726   udiff=  7.4745E-05 ( 56, 26)   vdiff=  1.3957E-04 ( 59, 21)
n=  5727   udiff=  7.4502E-05 ( 56, 26)   vdiff=  1.3910E-04 ( 59, 21)
n=  5728   udiff=  7.4261E-05 ( 56, 26)   vdiff=  1.3892E-04 ( 59, 21)
n=  5729   udiff=  7.4018E-05 ( 56, 26)   vdiff=  1.3836E-04 ( 59, 21)
n=  5730   udiff=  7.3767E-05 ( 56, 26)   vdiff=  1.3787E-04 ( 59, 21)
n=  5731   udiff=  7.3510E-05 ( 56, 26)   vdiff=  1.3768E-04 ( 59, 21)
n=  5732   udiff=  7.3268E-05 ( 56, 26)   vdiff=  1.3723E-04 ( 59, 21)
n=  5733   udiff=  7.3030E-05 ( 56, 26)   vdiff=  1.3675E-04 ( 59, 21)
n=  5734   udiff=  7.2772E-05 ( 56, 26)   vdiff=  1.3651E-04 ( 59, 21)
n=  5735   udiff=  7.2522E-05 ( 56, 26)   vdiff=  1.3598E-04 ( 59, 21)
n=  5736   udiff=  7.2277E-05 ( 56, 26)   vdiff=  1.3576E-04 ( 59, 21)
n=  5737   udiff=  7.2043E-05 ( 56, 26)   vdiff=  1.3531E-04 ( 59, 21)
n=  5738   udiff=  7.1816E-05 ( 56, 26)   vdiff=  1.3511E-04 ( 59, 21)
n=  5739   udiff=  7.1568E-05 ( 56, 26)   vdiff=  1.3457E-04 ( 59, 21)
n=  5740   udiff=  7.1327E-05 ( 56, 26)   vdiff=  1.3407E-04 ( 59, 21)
n=  5741   udiff=  7.1083E-05 ( 56, 26)   vdiff=  1.3385E-04 ( 59, 21)
n=  5742   udiff=  7.0856E-05 ( 56, 25)   vdiff=  1.3332E-04 ( 59, 21)
n=  5743   udiff=  7.0684E-05 ( 56, 25)   vdiff=  1.3305E-04 ( 59, 21)
n=  5744   udiff=  7.0490E-05 ( 56, 25)   vdiff=  1.3289E-04 ( 59, 21)
n=  5745   udiff=  7.0239E-05 ( 56, 25)   vdiff=  1.3237E-04 ( 59, 21)
n=  5746   udiff=  7.0039E-05 ( 56, 25)   vdiff=  1.3204E-04 ( 59, 21)
n=  5747   udiff=  6.9836E-05 ( 56, 25)   vdiff=  1.3153E-04 ( 59, 21)
n=  5748   udiff=  6.9618E-05 ( 56, 25)   vdiff=  1.3132E-04 ( 59, 21)
n=  5749   udiff=  6.9426E-05 ( 56, 25)   vdiff=  1.3076E-04 ( 59, 21)
n=  5750   udiff=  6.9203E-05 ( 56, 25)   vdiff=  1.3055E-04 ( 59, 21)
n=  5751   udiff=  6.9015E-05 ( 56, 25)   vdiff=  1.3028E-04 ( 59, 21)
n=  5752   udiff=  6.8777E-05 ( 56, 25)   vdiff=  1.2979E-04 ( 59, 21)
n=  5753   udiff=  6.8581E-05 ( 56, 25)   vdiff=  1.2941E-04 ( 59, 21)
n=  5754   udiff=  6.8420E-05 ( 56, 25)   vdiff=  1.2911E-04 ( 59, 21)
n=  5755   udiff=  6.8171E-05 ( 56, 25)   vdiff=  1.2865E-04 ( 59, 21)
n=  5756   udiff=  6.7941E-05 ( 56, 25)   vdiff=  1.2828E-04 ( 59, 21)
n=  5757   udiff=  6.7747E-05 ( 56, 25)   vdiff=  1.2800E-04 ( 59, 21)
n=  5758   udiff=  6.7572E-05 ( 56, 25)   vdiff=  1.2751E-04 ( 59, 21)
n=  5759   udiff=  6.7324E-05 ( 56, 25)   vdiff=  1.2727E-04 ( 59, 21)
n=  5760   udiff=  6.7150E-05 ( 56, 25)   vdiff=  1.2692E-04 ( 59, 21)
n=  5761   udiff=  6.6929E-05 ( 56, 25)   vdiff=  1.2658E-04 ( 59, 21)
n=  5762   udiff=  6.6755E-05 ( 56, 25)   vdiff=  1.2605E-04 ( 59, 21)
n=  5763   udiff=  6.6528E-05 ( 56, 25)   vdiff=  1.2580E-04 ( 59, 21)
n=  5764   udiff=  6.6359E-05 ( 56, 25)   vdiff=  1.2539E-04 ( 59, 21)
n=  5765   udiff=  6.6142E-05 ( 56, 25)   vdiff=  1.2517E-04 ( 59, 21)
n=  5766   udiff=  6.5885E-05 ( 56, 25)   vdiff=  1.2447E-04 ( 59, 21)
n=  5767   udiff=  6.5709E-05 ( 56, 25)   vdiff=  1.2420E-04 ( 59, 21)
n=  5768   udiff=  6.5512E-05 ( 56, 25)   vdiff=  1.2389E-04 ( 59, 21)
n=  5769   udiff=  6.5290E-05 ( 56, 25)   vdiff=  1.2359E-04 ( 59, 21)
n=  5770   udiff=  6.5127E-05 ( 56, 25)   vdiff=  1.2330E-04 ( 59, 21)
n=  5771   udiff=  6.4910E-05 ( 56, 25)   vdiff=  1.2295E-04 ( 59, 21)
n=  5772   udiff=  6.4691E-05 ( 56, 25)   vdiff=  1.2241E-04 ( 59, 21)
n=  5773   udiff=  6.4503E-05 ( 56, 25)   vdiff=  1.2208E-04 ( 59, 21)
n=  5774   udiff=  6.4294E-05 ( 56, 25)   vdiff=  1.2165E-04 ( 59, 21)
n=  5775   udiff=  6.4091E-05 ( 56, 25)   vdiff=  1.2138E-04 ( 59, 21)
n=  5776   udiff=  6.3901E-05 ( 56, 25)   vdiff=  1.2107E-04 ( 59, 21)
n=  5777   udiff=  6.3715E-05 ( 56, 25)   vdiff=  1.2073E-04 ( 59, 21)
n=  5778   udiff=  6.3496E-05 ( 56, 25)   vdiff=  1.2027E-04 ( 59, 21)
n=  5779   udiff=  6.3306E-05 ( 56, 25)   vdiff=  1.1995E-04 ( 59, 21)
n=  5780   udiff=  6.3137E-05 ( 56, 25)   vdiff=  1.1979E-04 ( 59, 21)
n=  5781   udiff=  6.2918E-05 ( 56, 25)   vdiff=  1.1939E-04 ( 59, 21)
n=  5782   udiff=  6.2735E-05 ( 56, 25)   vdiff=  1.1899E-04 ( 59, 21)
n=  5783   udiff=  6.2499E-05 ( 56, 25)   vdiff=  1.1863E-04 ( 59, 21)
n=  5784   udiff=  6.2322E-05 ( 56, 25)   vdiff=  1.1826E-04 ( 59, 21)
n=  5785   udiff=  6.2163E-05 ( 56, 25)   vdiff=  1.1793E-04 ( 59, 21)
n=  5786   udiff=  6.1923E-05 ( 56, 25)   vdiff=  1.1753E-04 ( 59, 21)
n=  5787   udiff=  6.1768E-05 ( 56, 25)   vdiff=  1.1722E-04 ( 59, 21)
n=  5788   udiff=  6.1535E-05 ( 56, 25)   vdiff=  1.1680E-04 ( 59, 21)
n=  5789   udiff=  6.1316E-05 ( 56, 25)   vdiff=  1.1648E-04 ( 59, 21)
n=  5790   udiff=  6.1139E-05 ( 56, 25)   vdiff=  1.1610E-04 ( 59, 21)
n=  5791   udiff=  6.0940E-05 ( 56, 25)   vdiff=  1.1576E-04 ( 59, 21)
n=  5792   udiff=  6.0770E-05 ( 56, 25)   vdiff=  1.1559E-04 ( 59, 21)
n=  5793   udiff=  6.0543E-05 ( 56, 25)   vdiff=  1.1527E-04 ( 59, 21)
n=  5794   udiff=  6.0351E-05 ( 56, 25)   vdiff=  1.1488E-04 ( 59, 21)
n=  5795   udiff=  6.0164E-05 ( 56, 25)   vdiff=  1.1446E-04 ( 59, 21)
n=  5796   udiff=  5.9980E-05 ( 56, 25)   vdiff=  1.1410E-04 ( 59, 21)
n=  5797   udiff=  5.9770E-05 ( 56, 25)   vdiff=  1.1368E-04 ( 59, 21)
n=  5798   udiff=  5.9608E-05 ( 56, 25)   vdiff=  1.1339E-04 ( 59, 21)
n=  5799   udiff=  5.9404E-05 ( 56, 25)   vdiff=  1.1315E-04 ( 59, 21)
n=  5800   udiff=  5.9221E-05 ( 56, 25)   vdiff=  1.1266E-04 ( 59, 21)
n=  5801   udiff=  5.9027E-05 ( 56, 25)   vdiff=  1.1243E-04 ( 59, 21)
n=  5802   udiff=  5.8827E-05 ( 56, 25)   vdiff=  1.1200E-04 ( 59, 21)
n=  5803   udiff=  5.8641E-05 ( 56, 25)   vdiff=  1.1181E-04 ( 59, 21)
n=  5804   udiff=  5.8439E-05 ( 56, 25)   vdiff=  1.1126E-04 ( 59, 21)
n=  5805   udiff=  5.8237E-05 ( 56, 25)   vdiff=  1.1094E-04 ( 59, 21)
n=  5806   udiff=  5.8092E-05 ( 56, 25)   vdiff=  1.1055E-04 ( 59, 21)
n=  5807   udiff=  5.7874E-05 ( 56, 25)   vdiff=  1.1036E-04 ( 59, 21)
n=  5808   udiff=  5.7677E-05 ( 56, 25)   vdiff=  1.1003E-04 ( 59, 21)
n=  5809   udiff=  5.7484E-05 ( 56, 25)   vdiff=  1.0963E-04 ( 59, 21)
n=  5810   udiff=  5.7295E-05 ( 56, 25)   vdiff=  1.0941E-04 ( 59, 21)
n=  5811   udiff=  5.7118E-05 ( 56, 25)   vdiff=  1.0908E-04 ( 59, 21)
n=  5812   udiff=  5.6901E-05 ( 56, 25)   vdiff=  1.0850E-04 ( 59, 21)
n=  5813   udiff=  5.6765E-05 ( 56, 25)   vdiff=  1.0837E-04 ( 59, 21)
n=  5814   udiff=  5.6556E-05 ( 56, 25)   vdiff=  1.0797E-04 ( 59, 21)
n=  5815   udiff=  5.6368E-05 ( 56, 25)   vdiff=  1.0751E-04 ( 59, 21)
n=  5816   udiff=  5.6185E-05 ( 56, 25)   vdiff=  1.0738E-04 ( 59, 21)
n=  5817   udiff=  5.6000E-05 ( 56, 25)   vdiff=  1.0686E-04 ( 59, 21)
n=  5818   udiff=  5.5802E-05 ( 56, 25)   vdiff=  1.0663E-04 ( 59, 21)
n=  5819   udiff=  5.5618E-05 ( 56, 25)   vdiff=  1.0626E-04 ( 59, 21)
n=  5820   udiff=  5.5424E-05 ( 56, 25)   vdiff=  1.0587E-04 ( 59, 21)
n=  5821   udiff=  5.5277E-05 ( 56, 25)   vdiff=  1.0569E-04 ( 59, 21)
n=  5822   udiff=  5.5054E-05 ( 56, 25)   vdiff=  1.0512E-04 ( 59, 21)
n=  5823   udiff=  5.4872E-05 ( 56, 25)   vdiff=  1.0503E-04 ( 59, 21)
n=  5824   udiff=  5.4711E-05 ( 56, 25)   vdiff=  1.0462E-04 ( 59, 21)
n=  5825   udiff=  5.4488E-05 ( 56, 25)   vdiff=  1.0432E-04 ( 59, 21)
n=  5826   udiff=  5.4331E-05 ( 56, 25)   vdiff=  1.0396E-04 ( 59, 21)
n=  5827   udiff=  5.4126E-05 ( 56, 25)   vdiff=  1.0376E-04 ( 59, 21)
n=  5828   udiff=  5.3956E-05 ( 56, 25)   vdiff=  1.0320E-04 ( 59, 21)
n=  5829   udiff=  5.3793E-05 ( 56, 25)   vdiff=  1.0307E-04 ( 59, 21)
n=  5830   udiff=  5.3592E-05 ( 56, 25)   vdiff=  1.0255E-04 ( 59, 21)
n=  5831   udiff=  5.3438E-05 ( 56, 25)   vdiff=  1.0238E-04 ( 59, 21)
n=  5832   udiff=  5.3229E-05 ( 56, 25)   vdiff=  1.0185E-04 ( 59, 21)
n=  5833   udiff=  5.3062E-05 ( 56, 25)   vdiff=  1.0171E-04 ( 59, 21)
n=  5834   udiff=  5.2868E-05 ( 56, 25)   vdiff=  1.0145E-04 ( 59, 21)
n=  5835   udiff=  5.2698E-05 ( 56, 25)   vdiff=  1.0097E-04 ( 59, 21)
n=  5836   udiff=  5.2512E-05 ( 56, 25)   vdiff=  1.0069E-04 ( 59, 21)
n=  5837   udiff=  5.2335E-05 ( 56, 25)   vdiff=  1.0022E-04 ( 59, 21)
n=  5838   udiff=  5.2157E-05 ( 56, 25)   vdiff=  1.0007E-04 ( 59, 21)
n=  5839   udiff=  5.1993E-05 ( 56, 25)   vdiff=  9.9788E-05 ( 59, 21)
n=  5840   udiff=  5.1797E-05 ( 56, 25)   vdiff=  9.9336E-05 ( 59, 21)
n=  5841   udiff=  5.1617E-05 ( 56, 25)   vdiff=  9.9084E-05 ( 59, 21)
n=  5842   udiff=  5.1421E-05 ( 56, 25)   vdiff=  9.8907E-05 ( 59, 21)
n=  5843   udiff=  5.1242E-05 ( 56, 25)   vdiff=  9.8286E-05 ( 59, 21)
n=  5844   udiff=  5.1112E-05 ( 56, 25)   vdiff=  9.8055E-05 ( 59, 21)
n=  5845   udiff=  5.0903E-05 ( 56, 25)   vdiff=  9.7808E-05 ( 59, 21)
n=  5846   udiff=  5.0722E-05 ( 56, 25)   vdiff=  9.7606E-05 ( 59, 21)
n=  5847   udiff=  5.0565E-05 ( 56, 25)   vdiff=  9.7038E-05 ( 59, 21)
n=  5848   udiff=  5.0371E-05 ( 56, 25)   vdiff=  9.6849E-05 ( 59, 21)
n=  5849   udiff=  5.0190E-05 ( 56, 25)   vdiff=  9.6565E-05 ( 59, 21)
n=  5850   udiff=  5.0035E-05 ( 56, 25)   vdiff=  9.6405E-05 ( 59, 21)
n=  5851   udiff=  4.9851E-05 ( 56, 25)   vdiff=  9.5746E-05 ( 59, 21)
n=  5852   udiff=  4.9662E-05 ( 56, 25)   vdiff=  9.5500E-05 ( 59, 21)
n=  5853   udiff=  4.9508E-05 ( 56, 25)   vdiff=  9.5292E-05 ( 59, 21)
n=  5854   udiff=  4.9346E-05 ( 56, 25)   vdiff=  9.5008E-05 ( 59, 21)
n=  5855   udiff=  4.9153E-05 ( 56, 25)   vdiff=  9.4560E-05 ( 59, 20)
n=  5856   udiff=  4.8971E-05 ( 56, 25)   vdiff=  9.4141E-05 ( 59, 21)
n=  5857   udiff=  4.8821E-05 ( 56, 25)   vdiff=  9.3997E-05 ( 59, 21)
n=  5858   udiff=  4.8630E-05 ( 56, 25)   vdiff=  9.3675E-05 ( 59, 21)
n=  5859   udiff=  4.8470E-05 ( 56, 25)   vdiff=  9.3433E-05 ( 59, 21)
n=  5860   udiff=  4.8295E-05 ( 56, 25)   vdiff=  9.3153E-05 ( 59, 21)
n=  5861   udiff=  4.8122E-05 ( 56, 25)   vdiff=  9.2918E-05 ( 59, 21)
n=  5862   udiff=  4.7951E-05 ( 56, 25)   vdiff=  9.2418E-05 ( 59, 20)
n=  5863   udiff=  4.7783E-05 ( 56, 25)   vdiff=  9.2102E-05 ( 59, 21)
n=  5864   udiff=  4.7603E-05 ( 56, 25)   vdiff=  9.1724E-05 ( 59, 21)
n=  5865   udiff=  4.7432E-05 ( 56, 25)   vdiff=  9.1339E-05 ( 59, 21)
n=  5866   udiff=  4.7262E-05 ( 56, 25)   vdiff=  9.1185E-05 ( 59, 21)
n=  5867   udiff=  4.7105E-05 ( 56, 25)   vdiff=  9.0862E-05 ( 59, 21)
n=  5868   udiff=  4.6949E-05 ( 56, 25)   vdiff=  9.0555E-05 ( 59, 21)
n=  5869   udiff=  4.6742E-05 ( 56, 25)   vdiff=  9.0307E-05 ( 59, 21)
n=  5870   udiff=  4.6567E-05 ( 56, 25)   vdiff=  9.0073E-05 ( 59, 21)
n=  5871   udiff=  4.6433E-05 ( 56, 25)   vdiff=  8.9726E-05 ( 59, 21)
n=  5872   udiff=  4.6247E-05 ( 56, 25)   vdiff=  8.9427E-05 ( 59, 21)
n=  5873   udiff=  4.6046E-05 ( 56, 25)   vdiff=  8.9136E-05 ( 59, 21)
n=  5874   udiff=  4.5898E-05 ( 56, 25)   vdiff=  8.8765E-05 ( 59, 21)
n=  5875   udiff=  4.5756E-05 ( 56, 25)   vdiff=  8.8419E-05 ( 59, 20)
n=  5876   udiff=  4.5583E-05 ( 56, 25)   vdiff=  8.8119E-05 ( 59, 21)
n=  5877   udiff=  4.5392E-05 ( 56, 25)   vdiff=  8.7756E-05 ( 59, 21)
n=  5878   udiff=  4.5223E-05 ( 56, 25)   vdiff=  8.7560E-05 ( 59, 21)
n=  5879   udiff=  4.5070E-05 ( 56, 25)   vdiff=  8.7202E-05 ( 59, 21)
n=  5880   udiff=  4.4915E-05 ( 56, 25)   vdiff=  8.6863E-05 ( 59, 21)
n=  5881   udiff=  4.4756E-05 ( 56, 25)   vdiff=  8.6510E-05 ( 59, 21)
n=  5882   udiff=  4.4582E-05 ( 56, 25)   vdiff=  8.6488E-05 ( 59, 20)
n=  5883   udiff=  4.4388E-05 ( 56, 25)   vdiff=  8.6224E-05 ( 59, 21)
n=  5884   udiff=  4.4271E-05 ( 56, 25)   vdiff=  8.5907E-05 ( 59, 21)
n=  5885   udiff=  4.4077E-05 ( 56, 25)   vdiff=  8.5576E-05 ( 59, 21)
n=  5886   udiff=  4.3914E-05 ( 56, 25)   vdiff=  8.5221E-05 ( 59, 21)
n=  5887   udiff=  4.3757E-05 ( 56, 25)   vdiff=  8.4840E-05 ( 59, 21)
n=  5888   udiff=  4.3613E-05 ( 56, 25)   vdiff=  8.4522E-05 ( 59, 21)
n=  5889   udiff=  4.3447E-05 ( 56, 25)   vdiff=  8.4452E-05 ( 59, 20)
n=  5890   udiff=  4.3284E-05 ( 56, 25)   vdiff=  8.4098E-05 ( 59, 20)
n=  5891   udiff=  4.3109E-05 ( 56, 25)   vdiff=  8.3840E-05 ( 59, 20)
n=  5892   udiff=  4.2947E-05 ( 56, 25)   vdiff=  8.3445E-05 ( 59, 21)
n=  5893   udiff=  4.2794E-05 ( 56, 25)   vdiff=  8.3151E-05 ( 59, 21)
n=  5894   udiff=  4.2626E-05 ( 56, 25)   vdiff=  8.2770E-05 ( 59, 20)
n=  5895   udiff=  4.2467E-05 ( 56, 25)   vdiff=  8.2677E-05 ( 59, 20)
n=  5896   udiff=  4.2299E-05 ( 56, 25)   vdiff=  8.2334E-05 ( 59, 21)
n=  5897   udiff=  4.2161E-05 ( 56, 25)   vdiff=  8.2086E-05 ( 59, 20)
n=  5898   udiff=  4.1975E-05 ( 56, 25)   vdiff=  8.1535E-05 ( 59, 21)
n=  5899   udiff=  4.1823E-05 ( 56, 25)   vdiff=  8.1548E-05 ( 59, 20)
n=  5900   udiff=  4.1643E-05 ( 56, 25)   vdiff=  8.1256E-05 ( 59, 20)
n=  5901   udiff=  4.1499E-05 ( 56, 25)   vdiff=  8.0846E-05 ( 59, 20)
n=  5902   udiff=  4.1349E-05 ( 56, 25)   vdiff=  8.0474E-05 ( 59, 20)
n=  5903   udiff=  4.1216E-05 ( 56, 25)   vdiff=  8.0495E-05 ( 59, 20)
n=  5904   udiff=  4.1017E-05 ( 56, 25)   vdiff=  7.9888E-05 ( 59, 20)
n=  5905   udiff=  4.0871E-05 ( 56, 25)   vdiff=  7.9658E-05 ( 59, 20)
n=  5906   udiff=  4.0715E-05 ( 56, 25)   vdiff=  7.9740E-05 ( 59, 20)
n=  5907   udiff=  4.0564E-05 ( 56, 25)   vdiff=  7.9151E-05 ( 59, 20)
n=  5908   udiff=  4.0403E-05 ( 56, 25)   vdiff=  7.8752E-05 ( 59, 21)
n=  5909   udiff=  4.0243E-05 ( 56, 25)   vdiff=  7.8752E-05 ( 59, 20)
n=  5910   udiff=  4.0091E-05 ( 56, 25)   vdiff=  7.8285E-05 ( 59, 20)
n=  5911   udiff=  3.9916E-05 ( 56, 25)   vdiff=  7.7906E-05 ( 59, 20)
n=  5912   udiff=  3.9830E-05 ( 56, 25)   vdiff=  7.7857E-05 ( 59, 20)
n=  5913   udiff=  3.9637E-05 ( 56, 25)   vdiff=  7.7463E-05 ( 59, 20)
n=  5914   udiff=  3.9483E-05 ( 56, 25)   vdiff=  7.7339E-05 ( 59, 20)
n=  5915   udiff=  3.9293E-05 ( 56, 25)   vdiff=  7.6967E-05 ( 59, 20)
n=  5916   udiff=  3.9143E-05 ( 56, 25)   vdiff=  7.6500E-05 ( 59, 20)
n=  5917   udiff=  3.9036E-05 ( 56, 25)   vdiff=  7.6428E-05 ( 59, 20)
n=  5918   udiff=  3.8893E-05 ( 56, 25)   vdiff=  7.6053E-05 ( 59, 20)
n=  5919   udiff=  3.8727E-05 ( 56, 25)   vdiff=  7.6014E-05 ( 59, 20)
n=  5920   udiff=  3.8556E-05 ( 56, 25)   vdiff=  7.5616E-05 ( 59, 20)
n=  5921   udiff=  3.8406E-05 ( 56, 25)   vdiff=  7.5437E-05 ( 59, 20)
n=  5922   udiff=  3.8243E-05 ( 56, 25)   vdiff=  7.4993E-05 ( 59, 20)
n=  5923   udiff=  3.8113E-05 ( 56, 25)   vdiff=  7.4829E-05 ( 59, 20)
n=  5924   udiff=  3.7965E-05 ( 56, 25)   vdiff=  7.4517E-05 ( 59, 20)
n=  5925   udiff=  3.7808E-05 ( 56, 25)   vdiff=  7.4315E-05 ( 59, 20)
n=  5926   udiff=  3.7642E-05 ( 56, 25)   vdiff=  7.3838E-05 ( 59, 20)
n=  5927   udiff=  3.7505E-05 ( 57, 25)   vdiff=  7.3732E-05 ( 59, 20)
n=  5928   udiff=  3.7384E-05 ( 57, 25)   vdiff=  7.3502E-05 ( 59, 20)
n=  5929   udiff=  3.7252E-05 ( 57, 25)   vdiff=  7.3264E-05 ( 59, 20)
n=  5930   udiff=  3.7079E-05 ( 57, 25)   vdiff=  7.2806E-05 ( 59, 20)
n=  5931   udiff=  3.6975E-05 ( 57, 25)   vdiff=  7.2693E-05 ( 59, 20)
n=  5932   udiff=  3.6822E-05 ( 57, 25)   vdiff=  7.2185E-05 ( 59, 20)
n=  5933   udiff=  3.6709E-05 ( 57, 25)   vdiff=  7.2109E-05 ( 59, 20)
n=  5934   udiff=  3.6540E-05 ( 57, 25)   vdiff=  7.2032E-05 ( 59, 20)
n=  5935   udiff=  3.6416E-05 ( 57, 25)   vdiff=  7.1470E-05 ( 59, 20)
n=  5936   udiff=  3.6267E-05 ( 57, 25)   vdiff=  7.1433E-05 ( 59, 20)
n=  5937   udiff=  3.6148E-05 ( 57, 25)   vdiff=  7.0978E-05 ( 59, 20)
n=  5938   udiff=  3.6012E-05 ( 57, 25)   vdiff=  7.0835E-05 ( 59, 20)
n=  5939   udiff=  3.5878E-05 ( 57, 25)   vdiff=  7.0656E-05 ( 59, 20)
n=  5940   udiff=  3.5753E-05 ( 57, 25)   vdiff=  7.0127E-05 ( 59, 20)
n=  5941   udiff=  3.5606E-05 ( 57, 25)   vdiff=  6.9946E-05 ( 59, 20)
n=  5942   udiff=  3.5474E-05 ( 57, 25)   vdiff=  6.9831E-05 ( 59, 20)
n=  5943   udiff=  3.5324E-05 ( 57, 25)   vdiff=  6.9395E-05 ( 59, 20)
n=  5944   udiff=  3.5189E-05 ( 57, 25)   vdiff=  6.9262E-05 ( 59, 20)
n=  5945   udiff=  3.5051E-05 ( 57, 25)   vdiff=  6.9080E-05 ( 59, 20)
n=  5946   udiff=  3.4920E-05 ( 57, 25)   vdiff=  6.8621E-05 ( 59, 20)
n=  5947   udiff=  3.4785E-05 ( 57, 25)   vdiff=  6.8434E-05 ( 59, 20)
n=  5948   udiff=  3.4671E-05 ( 57, 25)   vdiff=  6.8211E-05 ( 59, 20)
n=  5949   udiff=  3.4544E-05 ( 57, 25)   vdiff=  6.7757E-05 ( 59, 20)
n=  5950   udiff=  3.4413E-05 ( 57, 25)   vdiff=  6.7564E-05 ( 59, 20)
n=  5951   udiff=  3.4255E-05 ( 57, 25)   vdiff=  6.7419E-05 ( 59, 20)
n=  5952   udiff=  3.4140E-05 ( 57, 25)   vdiff=  6.7306E-05 ( 59, 20)
n=  5953   udiff=  3.3991E-05 ( 57, 25)   vdiff=  6.6795E-05 ( 59, 20)
n=  5954   udiff=  3.3872E-05 ( 57, 25)   vdiff=  6.6661E-05 ( 59, 20)
n=  5955   udiff=  3.3744E-05 ( 57, 25)   vdiff=  6.6293E-05 ( 59, 20)
n=  5956   udiff=  3.3607E-05 ( 57, 25)   vdiff=  6.6234E-05 ( 59, 20)
n=  5957   udiff=  3.3472E-05 ( 57, 25)   vdiff=  6.5771E-05 ( 59, 20)
n=  5958   udiff=  3.3347E-05 ( 57, 25)   vdiff=  6.5586E-05 ( 59, 20)
n=  5959   udiff=  3.3200E-05 ( 57, 25)   vdiff=  6.5441E-05 ( 59, 20)
n=  5960   udiff=  3.3103E-05 ( 57, 25)   vdiff=  6.5256E-05 ( 59, 20)
n=  5961   udiff=  3.2960E-05 ( 57, 25)   vdiff=  6.4990E-05 ( 59, 20)
n=  5962   udiff=  3.2816E-05 ( 57, 25)   vdiff=  6.4537E-05 ( 59, 20)
n=  5963   udiff=  3.2694E-05 ( 57, 25)   vdiff=  6.4350E-05 ( 59, 20)
n=  5964   udiff=  3.2568E-05 ( 57, 25)   vdiff=  6.4130E-05 ( 59, 20)
n=  5965   udiff=  3.2459E-05 ( 57, 25)   vdiff=  6.3923E-05 ( 59, 20)
n=  5966   udiff=  3.2308E-05 ( 57, 25)   vdiff=  6.3725E-05 ( 59, 20)
n=  5967   udiff=  3.2183E-05 ( 57, 25)   vdiff=  6.3487E-05 ( 59, 20)
n=  5968   udiff=  3.2072E-05 ( 57, 25)   vdiff=  6.3121E-05 ( 59, 20)
n=  5969   udiff=  3.1926E-05 ( 57, 25)   vdiff=  6.2678E-05 ( 59, 20)
n=  5970   udiff=  3.1816E-05 ( 57, 25)   vdiff=  6.2578E-05 ( 59, 20)
n=  5971   udiff=  3.1682E-05 ( 57, 25)   vdiff=  6.2340E-05 ( 59, 20)
n=  5972   udiff=  3.1532E-05 ( 57, 25)   vdiff=  6.2047E-05 ( 59, 20)
n=  5973   udiff=  3.1404E-05 ( 57, 25)   vdiff=  6.1851E-05 ( 59, 20)
n=  5974   udiff=  3.1283E-05 ( 57, 25)   vdiff=  6.1707E-05 ( 59, 20)
n=  5975   udiff=  3.1187E-05 ( 57, 25)   vdiff=  6.1357E-05 ( 59, 20)
n=  5976   udiff=  3.1052E-05 ( 57, 25)   vdiff=  6.1197E-05 ( 59, 20)
n=  5977   udiff=  3.0934E-05 ( 57, 25)   vdiff=  6.0995E-05 ( 59, 20)
n=  5978   udiff=  3.0812E-05 ( 57, 25)   vdiff=  6.0680E-05 ( 59, 20)
n=  5979   udiff=  3.0684E-05 ( 57, 25)   vdiff=  6.0575E-05 ( 59, 20)
n=  5980   udiff=  3.0528E-05 ( 57, 25)   vdiff=  6.0258E-05 ( 59, 20)
n=  5981   udiff=  3.0428E-05 ( 57, 25)   vdiff=  6.0017E-05 ( 59, 20)
n=  5982   udiff=  3.0330E-05 ( 57, 25)   vdiff=  5.9850E-05 ( 59, 20)
n=  5983   udiff=  3.0137E-05 ( 57, 25)   vdiff=  5.9519E-05 ( 59, 20)
n=  5984   udiff=  3.0069E-05 ( 57, 25)   vdiff=  5.9231E-05 ( 59, 20)
n=  5985   udiff=  2.9936E-05 ( 57, 25)   vdiff=  5.9133E-05 ( 59, 20)
n=  5986   udiff=  2.9802E-05 ( 57, 25)   vdiff=  5.8831E-05 ( 59, 20)
n=  5987   udiff=  2.9702E-05 ( 57, 25)   vdiff=  5.8534E-05 ( 59, 20)
n=  5988   udiff=  2.9593E-05 ( 57, 25)   vdiff=  5.8312E-05 ( 59, 20)
n=  5989   udiff=  2.9416E-05 ( 57, 25)   vdiff=  5.8020E-05 ( 59, 20)
n=  5990   udiff=  2.9323E-05 ( 57, 25)   vdiff=  5.7783E-05 ( 59, 20)
n=  5991   udiff=  2.9194E-05 ( 57, 25)   vdiff=  5.7537E-05 ( 59, 20)
n=  5992   udiff=  2.9097E-05 ( 57, 25)   vdiff=  5.7489E-05 ( 59, 20)
n=  5993   udiff=  2.8971E-05 ( 57, 25)   vdiff=  5.7273E-05 ( 59, 20)
n=  5994   udiff=  2.8855E-05 ( 57, 25)   vdiff=  5.6952E-05 ( 59, 20)
n=  5995   udiff=  2.8711E-05 ( 57, 25)   vdiff=  5.6670E-05 ( 59, 20)
n=  5996   udiff=  2.8595E-05 ( 57, 25)   vdiff=  5.6413E-05 ( 59, 20)
n=  5997   udiff=  2.8496E-05 ( 57, 25)   vdiff=  5.6025E-05 ( 59, 20)
n=  5998   udiff=  2.8378E-05 ( 57, 25)   vdiff=  5.5841E-05 ( 59, 20)
n=  5999   udiff=  2.8233E-05 ( 57, 25)   vdiff=  5.5842E-05 ( 59, 20)
n=  6000   udiff=  2.8113E-05 ( 57, 25)   vdiff=  5.5597E-05 ( 59, 20)
n=  6001   udiff=  2.8016E-05 ( 57, 25)   vdiff=  5.5321E-05 ( 59, 20)
n=  6002   udiff=  2.7880E-05 ( 57, 25)   vdiff=  5.5062E-05 ( 59, 20)
n=  6003   udiff=  2.7753E-05 ( 57, 25)   vdiff=  5.4704E-05 ( 59, 20)
n=  6004   udiff=  2.7654E-05 ( 57, 25)   vdiff=  5.4479E-05 ( 59, 20)
n=  6005   udiff=  2.7522E-05 ( 57, 25)   vdiff=  5.4105E-05 ( 59, 20)
n=  6006   udiff=  2.7447E-05 ( 57, 25)   vdiff=  5.4366E-05 ( 59, 20)
n=  6007   udiff=  2.7324E-05 ( 57, 25)   vdiff=  5.4080E-05 ( 59, 20)
n=  6008   udiff=  2.7167E-05 ( 57, 25)   vdiff=  5.3743E-05 ( 59, 20)
n=  6009   udiff=  2.7087E-05 ( 69, 14)   vdiff=  5.3433E-05 ( 59, 20)
n=  6010   udiff=  2.6960E-05 ( 57, 25)   vdiff=  5.3063E-05 ( 59, 20)
n=  6011   udiff=  2.6870E-05 ( 69, 14)   vdiff=  5.3122E-05 ( 59, 20)
n=  6012   udiff=  2.6793E-05 ( 69, 14)   vdiff=  5.2801E-05 ( 59, 20)
n=  6013   udiff=  2.6700E-05 ( 69, 14)   vdiff=  5.2412E-05 ( 59, 20)
n=  6014   udiff=  2.6580E-05 ( 70, 14)   vdiff=  5.2104E-05 ( 59, 20)
n=  6015   udiff=  2.6514E-05 ( 70, 14)   vdiff=  5.2253E-05 ( 59, 20)
n=  6016   udiff=  2.6451E-05 ( 70, 14)   vdiff=  5.2073E-05 ( 59, 20)
n=  6017   udiff=  2.6249E-05 ( 70, 14)   vdiff=  5.1683E-05 ( 59, 20)
n=  6018   udiff=  2.6233E-05 ( 70, 14)   vdiff=  5.1479E-05 ( 59, 20)
n=  6019   udiff=  2.6162E-05 ( 69, 14)   vdiff=  5.1375E-05 ( 59, 20)
n=  6020   udiff=  2.6102E-05 ( 69, 14)   vdiff=  5.0973E-05 ( 59, 20)
n=  6021   udiff=  2.5869E-05 ( 70, 14)   vdiff=  5.0664E-05 ( 59, 20)
n=  6022   udiff=  2.5861E-05 ( 70, 14)   vdiff=  5.0533E-05 ( 59, 20)
n=  6023   udiff=  2.5794E-05 ( 69, 14)   vdiff=  5.0497E-05 ( 59, 20)
n=  6024   udiff=  2.5750E-05 ( 69, 14)   vdiff=  5.0091E-05 ( 59, 20)
n=  6025   udiff=  2.5652E-05 ( 70, 14)   vdiff=  4.9807E-05 ( 59, 20)
n=  6026   udiff=  2.5513E-05 ( 70, 14)   vdiff=  4.9810E-05 ( 59, 20)
n=  6027   udiff=  2.5435E-05 ( 69, 14)   vdiff=  4.9380E-05 ( 59, 20)
n=  6028   udiff=  2.5389E-05 ( 69, 14)   vdiff=  4.9233E-05 ( 59, 20)
n=  6029   udiff=  2.5303E-05 ( 70, 14)   vdiff=  4.9124E-05 ( 59, 20)
n=  6030   udiff=  2.5271E-05 ( 70, 14)   vdiff=  4.8857E-05 ( 59, 20)
n=  6031   udiff=  2.5124E-05 ( 70, 14)   vdiff=  4.8597E-05 ( 59, 20)
n=  6032   udiff=  2.5021E-05 ( 69, 14)   vdiff=  4.8423E-05 ( 59, 20)
n=  6033   udiff=  2.4941E-05 ( 70, 14)   vdiff=  4.8114E-05 ( 59, 20)
n=  6034   udiff=  2.4887E-05 ( 70, 14)   vdiff=  4.8194E-05 ( 59, 20)
n=  6035   udiff=  2.4752E-05 ( 69, 14)   vdiff=  4.7796E-05 ( 59, 20)
n=  6036   udiff=  2.4681E-05 ( 69, 14)   vdiff=  4.7393E-05 ( 59, 20)
n=  6037   udiff=  2.4605E-05 ( 70, 14)   vdiff=  4.7420E-05 ( 59, 20)
n=  6038   udiff=  2.4538E-05 ( 70, 14)   vdiff=  4.7255E-05 ( 59, 19)
n=  6039   udiff=  2.4491E-05 ( 70, 14)   vdiff=  4.7046E-05 ( 59, 20)
n=  6040   udiff=  2.4324E-05 ( 69, 14)   vdiff=  4.6747E-05 ( 59, 20)
n=  6041   udiff=  2.4230E-05 ( 70, 14)   vdiff=  4.6353E-05 ( 59, 20)
n=  6042   udiff=  2.4188E-05 ( 70, 14)   vdiff=  4.6286E-05 ( 59, 20)
n=  6043   udiff=  2.4149E-05 ( 70, 14)   vdiff=  4.6062E-05 ( 59, 20)
n=  6044   udiff=  2.4135E-05 ( 70, 14)   vdiff=  4.6046E-05 ( 59, 20)
n=  6045   udiff=  2.3858E-05 ( 70, 14)   vdiff=  4.5690E-05 ( 59, 20)
n=  6046   udiff=  2.3821E-05 ( 70, 14)   vdiff=  4.5436E-05 ( 59, 20)
n=  6047   udiff=  2.3770E-05 ( 70, 14)   vdiff=  4.5298E-05 ( 59, 20)
n=  6048   udiff=  2.3749E-05 ( 70, 14)   vdiff=  4.5212E-05 ( 59, 20)
n=  6049   udiff=  2.3694E-05 ( 70, 14)   vdiff=  4.4729E-05 ( 59, 20)
n=  6050   udiff=  2.3527E-05 ( 71, 14)   vdiff=  4.4598E-05 ( 59, 20)
n=  6051   udiff=  2.3420E-05 ( 70, 14)   vdiff=  4.4528E-05 ( 59, 19)
n=  6052   udiff=  2.3392E-05 ( 70, 14)   vdiff=  4.4381E-05 ( 59, 20)
n=  6053   udiff=  2.3376E-05 ( 70, 14)   vdiff=  4.3990E-05 ( 59, 20)
n=  6054   udiff=  2.3224E-05 ( 70, 14)   vdiff=  4.3923E-05 ( 59, 20)
n=  6055   udiff=  2.3123E-05 ( 71, 14)   vdiff=  4.3656E-05 ( 59, 20)
n=  6056   udiff=  2.3058E-05 ( 70, 14)   vdiff=  4.3492E-05 ( 59, 20)
n=  6057   udiff=  2.2990E-05 ( 70, 14)   vdiff=  4.3111E-05 ( 59, 20)
n=  6058   udiff=  2.2927E-05 ( 70, 14)   vdiff=  4.3013E-05 ( 59, 20)
n=  6059   udiff=  2.2849E-05 ( 70, 14)   vdiff=  4.2852E-05 ( 59, 19)
n=  6060   udiff=  2.2746E-05 ( 71, 14)   vdiff=  4.2643E-05 ( 59, 20)
n=  6061   udiff=  2.2673E-05 ( 71, 14)   vdiff=  4.2604E-05 ( 59, 20)
n=  6062   udiff=  2.2595E-05 ( 71, 14)   vdiff=  4.2364E-05 ( 59, 19)
n=  6063   udiff=  2.2494E-05 ( 70, 14)   vdiff=  4.2166E-05 ( 59, 20)
n=  6064   udiff=  2.2426E-05 ( 70, 14)   vdiff=  4.1776E-05 ( 59, 20)
n=  6065   udiff=  2.2394E-05 ( 70, 14)   vdiff=  4.1723E-05 ( 59, 20)
n=  6066   udiff=  2.2249E-05 ( 70, 14)   vdiff=  4.1372E-05 ( 59, 20)
n=  6067   udiff=  2.2220E-05 ( 71, 14)   vdiff=  4.1143E-05 ( 59, 20)
n=  6068   udiff=  2.2159E-05 ( 71, 14)   vdiff=  4.1073E-05 ( 59, 20)
n=  6069   udiff=  2.2026E-05 ( 70, 14)   vdiff=  4.0920E-05 ( 59, 19)
n=  6070   udiff=  2.2004E-05 ( 70, 14)   vdiff=  4.0711E-05 ( 59, 20)
n=  6071   udiff=  2.1830E-05 ( 71, 14)   vdiff=  4.0573E-05 ( 59, 20)
n=  6072   udiff=  2.1792E-05 ( 71, 14)   vdiff=  4.0297E-05 ( 59, 19)
n=  6073   udiff=  2.1734E-05 ( 71, 14)   vdiff=  4.0053E-05 ( 59, 20)
n=  6074   udiff=  2.1709E-05 ( 71, 14)   vdiff=  4.0040E-05 ( 59, 20)
n=  6075   udiff=  2.1678E-05 ( 71, 14)   vdiff=  3.9704E-05 ( 59, 20)
n=  6076   udiff=  2.1524E-05 ( 72, 14)   vdiff=  3.9576E-05 ( 59, 20)
n=  6077   udiff=  2.1366E-05 ( 70, 14)   vdiff=  3.9380E-05 ( 59, 20)
n=  6078   udiff=  2.1328E-05 ( 71, 14)   vdiff=  3.9220E-05 ( 59, 19)
n=  6079   udiff=  2.1303E-05 ( 71, 14)   vdiff=  3.8973E-05 ( 59, 20)
n=  6080   udiff=  2.1257E-05 ( 71, 14)   vdiff=  3.8746E-05 ( 59, 20)
n=  6081   udiff=  2.1158E-05 ( 71, 14)   vdiff=  3.8766E-05 ( 59, 19)
n=  6082   udiff=  2.1078E-05 ( 51, 29)   vdiff=  3.8435E-05 ( 59, 20)
n=  6083   udiff=  2.1060E-05 ( 51, 29)   vdiff=  3.8192E-05 ( 59, 20)
n=  6084   udiff=  2.1045E-05 ( 51, 29)   vdiff=  3.7969E-05 ( 59, 19)
n=  6085   udiff=  2.1015E-05 ( 51, 29)   vdiff=  3.7811E-05 ( 59, 20)
n=  6086   udiff=  2.0993E-05 ( 51, 29)   vdiff=  3.7864E-05 ( 59, 19)
n=  6087   udiff=  2.0989E-05 ( 51, 29)   vdiff=  3.7531E-05 ( 59, 20)
n=  6088   udiff=  2.0980E-05 ( 51, 29)   vdiff=  3.7144E-05 ( 59, 20)
n=  6089   udiff=  2.0968E-05 ( 51, 29)   vdiff=  3.7127E-05 ( 59, 19)
n=  6090   udiff=  2.0941E-05 ( 51, 29)   vdiff=  3.6985E-05 ( 59, 20)
n=  6091   udiff=  2.0940E-05 ( 51, 29)   vdiff=  3.6758E-05 ( 59, 20)
n=  6092   udiff=  2.0920E-05 ( 51, 29)   vdiff=  3.6531E-05 ( 59, 19)
n=  6093   udiff=  2.0887E-05 ( 51, 29)   vdiff=  3.6274E-05 ( 59, 20)
n=  6094   udiff=  2.0869E-05 ( 51, 29)   vdiff=  3.6504E-05 ( 59, 19)
n=  6095   udiff=  2.0865E-05 ( 52, 29)   vdiff=  3.6095E-05 ( 59, 20)
n=  6096   udiff=  2.0857E-05 ( 52, 29)   vdiff=  3.5904E-05 ( 59, 20)
n=  6097   udiff=  2.0844E-05 ( 52, 29)   vdiff=  3.5735E-05 ( 59, 19)
n=  6098   udiff=  2.0826E-05 ( 52, 29)   vdiff=  3.5470E-05 ( 59, 19)
n=  6099   udiff=  2.0820E-05 ( 52, 29)   vdiff=  3.5511E-05 ( 59, 19)
n=  6100   udiff=  2.0809E-05 ( 52, 29)   vdiff=  3.5142E-05 ( 59, 20)
n=  6101   udiff=  2.0800E-05 ( 52, 29)   vdiff=  3.4971E-05 ( 59, 20)
n=  6102   udiff=  2.0783E-05 ( 52, 29)   vdiff=  3.4902E-05 ( 59, 19)
n=  6103   udiff=  2.0777E-05 ( 52, 29)   vdiff=  3.4489E-05 ( 59, 20)
n=  6104   udiff=  2.0769E-05 ( 52, 29)   vdiff=  3.4616E-05 ( 59, 19)
n=  6105   udiff=  2.0749E-05 ( 52, 29)   vdiff=  3.4246E-05 ( 59, 19)
n=  6106   udiff=  2.0737E-05 ( 52, 29)   vdiff=  3.4042E-05 ( 59, 20)
n=  6107   udiff=  2.0716E-05 ( 52, 29)   vdiff=  3.3942E-05 ( 59, 20)
n=  6108   udiff=  2.0720E-05 ( 52, 29)   vdiff=  3.3847E-05 ( 59, 20)
n=  6109   udiff=  2.0719E-05 ( 52, 29)   vdiff=  3.3581E-05 ( 59, 19)
n=  6110   udiff=  2.0706E-05 ( 52, 29)   vdiff=  3.3328E-05 ( 59, 19)
n=  6111   udiff=  2.0683E-05 ( 52, 29)   vdiff=  3.3314E-05 ( 59, 19)
n=  6112   udiff=  2.0668E-05 ( 52, 29)   vdiff=  3.3171E-05 ( 59, 19)
n=  6113   udiff=  2.0662E-05 ( 52, 29)   vdiff=  3.2983E-05 ( 59, 19)
n=  6114   udiff=  2.0652E-05 ( 52, 29)   vdiff=  3.2723E-05 ( 59, 19)
n=  6115   udiff=  2.0648E-05 ( 52, 29)   vdiff=  3.2464E-05 ( 59, 20)
n=  6116   udiff=  2.0614E-05 ( 52, 29)   vdiff=  3.2415E-05 ( 59, 20)
n=  6117   udiff=  2.0612E-05 ( 52, 29)   vdiff=  3.2216E-05 ( 59, 20)
n=  6118   udiff=  2.0601E-05 ( 52, 29)   vdiff=  3.2190E-05 ( 59, 19)
n=  6119   udiff=  2.0570E-05 ( 52, 29)   vdiff=  3.1678E-05 ( 59, 19)
n=  6120   udiff=  2.0556E-05 ( 52, 29)   vdiff=  3.1735E-05 ( 59, 19)
n=  6121   udiff=  2.0544E-05 ( 52, 29)   vdiff=  3.1613E-05 ( 59, 19)
n=  6122   udiff=  2.0540E-05 ( 52, 29)   vdiff=  3.1634E-05 ( 59, 19)
n=  6123   udiff=  2.0531E-05 ( 52, 29)   vdiff=  3.1068E-05 ( 59, 19)
n=  6124   udiff=  2.0510E-05 ( 52, 29)   vdiff=  3.1052E-05 ( 59, 19)
n=  6125   udiff=  2.0492E-05 ( 52, 29)   vdiff=  3.0959E-05 ( 59, 19)
n=  6126   udiff=  2.0477E-05 ( 52, 29)   vdiff=  3.1048E-05 ( 59, 19)
n=  6127   udiff=  2.0459E-05 ( 52, 29)   vdiff=  3.0506E-05 ( 59, 19)
n=  6128   udiff=  2.0450E-05 ( 52, 29)   vdiff=  3.0673E-05 ( 59, 19)
n=  6129   udiff=  2.0449E-05 ( 52, 29)   vdiff=  3.0234E-05 ( 59, 19)
n=  6130   udiff=  2.0426E-05 ( 52, 29)   vdiff=  3.0414E-05 ( 59, 19)
n=  6131   udiff=  2.0414E-05 ( 52, 29)   vdiff=  2.9879E-05 ( 59, 19)
n=  6132   udiff=  2.0414E-05 ( 52, 29)   vdiff=  2.9522E-05 ( 59, 20)
n=  6133   udiff=  2.0383E-05 ( 52, 29)   vdiff=  2.9539E-05 ( 59, 19)
n=  6134   udiff=  2.0369E-05 ( 52, 29)   vdiff=  2.9600E-05 ( 59, 19)
n=  6135   udiff=  2.0348E-05 ( 52, 29)   vdiff=  2.9406E-05 ( 59, 19)
n=  6136   udiff=  2.0320E-05 ( 52, 29)   vdiff=  2.9473E-05 ( 59, 19)
n=  6137   udiff=  2.0329E-05 ( 52, 29)   vdiff=  2.8837E-05 ( 59, 19)
n=  6138   udiff=  2.0319E-05 ( 52, 29)   vdiff=  2.8899E-05 ( 59, 19)
n=  6139   udiff=  2.0296E-05 ( 52, 29)   vdiff=  2.8749E-05 ( 59, 19)
n=  6140   udiff=  2.0277E-05 ( 52, 29)   vdiff=  2.8632E-05 ( 59, 19)
n=  6141   udiff=  2.0263E-05 ( 52, 29)   vdiff=  2.8356E-05 ( 59, 19)
n=  6142   udiff=  2.0252E-05 ( 52, 29)   vdiff=  2.8404E-05 ( 59, 19)
n=  6143   udiff=  2.0231E-05 ( 52, 29)   vdiff=  2.7688E-05 ( 59, 19)
n=  6144   udiff=  2.0208E-05 ( 52, 29)   vdiff=  2.7912E-05 ( 59, 19)
n=  6145   udiff=  2.0203E-05 ( 52, 29)   vdiff=  2.7678E-05 ( 59, 19)
n=  6146   udiff=  2.0171E-05 ( 52, 29)   vdiff=  2.7739E-05 ( 59, 19)
n=  6147   udiff=  2.0165E-05 ( 52, 29)   vdiff=  2.7340E-05 ( 59, 20)
n=  6148   udiff=  2.0157E-05 ( 52, 29)   vdiff=  2.7290E-05 ( 59, 19)
n=  6149   udiff=  2.0127E-05 ( 52, 29)   vdiff=  2.6781E-05 ( 59, 19)
n=  6150   udiff=  2.0126E-05 ( 52, 29)   vdiff=  2.6999E-05 ( 59, 19)
n=  6151   udiff=  2.0097E-05 ( 52, 29)   vdiff=  2.6587E-05 ( 59, 19)
n=  6152   udiff=  2.0074E-05 ( 52, 29)   vdiff=  2.6706E-05 ( 59, 19)
n=  6153   udiff=  2.0069E-05 ( 52, 29)   vdiff=  2.6639E-05 ( 59, 19)
n=  6154   udiff=  2.0050E-05 ( 52, 29)   vdiff=  2.6158E-05 ( 59, 19)
n=  6155   udiff=  2.0034E-05 ( 51, 28)   vdiff=  2.6309E-05 ( 59, 19)
n=  6156   udiff=  2.0021E-05 ( 51, 28)   vdiff=  2.6060E-05 ( 59, 19)
n=  6157   udiff=  2.0013E-05 ( 51, 28)   vdiff=  2.6078E-05 ( 59, 19)
n=  6158   udiff=  2.0009E-05 ( 51, 28)   vdiff=  2.5523E-05 ( 59, 19)
n=  6159   udiff=  2.0012E-05 ( 51, 28)   vdiff=  2.5508E-05 ( 59, 19)
n=  6160   udiff=  1.9999E-05 ( 51, 28)   vdiff=  2.5605E-05 ( 59, 19)
n=  6161   udiff=  1.9995E-05 ( 51, 28)   vdiff=  2.5168E-05 ( 59, 19)
n=  6162   udiff=  1.9997E-05 ( 51, 28)   vdiff=  2.5409E-05 ( 59, 19)
n=  6163   udiff=  1.9985E-05 ( 51, 28)   vdiff=  2.5126E-05 ( 59, 19)
n=  6164   udiff=  1.9972E-05 ( 51, 28)   vdiff=  2.4885E-05 ( 59, 19)
n=  6165   udiff=  1.9994E-05 ( 51, 28)   vdiff=  2.4467E-05 ( 59, 19)
n=  6166   udiff=  1.9977E-05 ( 51, 28)   vdiff=  2.4528E-05 ( 59, 19)
n=  6167   udiff=  1.9963E-05 ( 51, 28)   vdiff=  2.4532E-05 ( 59, 19)
n=  6168   udiff=  1.9963E-05 ( 51, 28)   vdiff=  2.4395E-05 ( 59, 19)
n=  6169   udiff=  1.9949E-05 ( 51, 28)   vdiff=  2.4286E-05 ( 59, 19)
n=  6170   udiff=  1.9962E-05 ( 51, 28)   vdiff=  2.3781E-05 ( 59, 19)
n=  6171   udiff=  1.9945E-05 ( 51, 28)   vdiff=  2.3992E-05 ( 59, 19)
n=  6172   udiff=  1.9944E-05 ( 51, 28)   vdiff=  2.3817E-05 ( 59, 19)
n=  6173   udiff=  1.9932E-05 ( 51, 28)   vdiff=  2.3470E-05 ( 59, 19)
n=  6174   udiff=  1.9922E-05 ( 51, 28)   vdiff=  2.3465E-05 ( 59, 19)
n=  6175   udiff=  1.9925E-05 ( 51, 28)   vdiff=  2.3144E-05 ( 59, 19)
n=  6176   udiff=  1.9932E-05 ( 51, 28)   vdiff=  2.3029E-05 ( 59, 19)
n=  6177   udiff=  1.9902E-05 ( 51, 28)   vdiff=  2.3224E-05 ( 59, 19)
n=  6178   udiff=  1.9907E-05 ( 51, 28)   vdiff=  2.2634E-05 ( 59, 19)
n=  6179   udiff=  1.9891E-05 ( 51, 28)   vdiff=  2.2818E-05 ( 59, 19)
n=  6180   udiff=  1.9892E-05 ( 51, 28)   vdiff=  2.2304E-05 ( 59, 19)
n=  6181   udiff=  1.9879E-05 ( 51, 28)   vdiff=  2.2337E-05 ( 59, 19)
n=  6182   udiff=  1.9881E-05 ( 51, 28)   vdiff=  2.2368E-05 ( 59, 19)
n=  6183   udiff=  1.9879E-05 ( 52, 28)   vdiff=  2.1995E-05 ( 59, 19)
n=  6184   udiff=  1.9869E-05 ( 51, 28)   vdiff=  2.2023E-05 ( 59, 19)
n=  6185   udiff=  1.9874E-05 ( 52, 28)   vdiff=  2.2098E-05 ( 59, 19)
n=  6186   udiff=  1.9873E-05 ( 52, 28)   vdiff=  2.1763E-05 ( 59, 19)
n=  6187   udiff=  1.9871E-05 ( 52, 28)   vdiff=  2.1820E-05 ( 59, 19)
n=  6188   udiff=  1.9868E-05 ( 52, 28)   vdiff=  2.1228E-05 ( 59, 19)
n=  6189   udiff=  1.9875E-05 ( 52, 28)   vdiff=  2.1087E-05 ( 59, 19)
n=  6190   udiff=  1.9872E-05 ( 52, 28)   vdiff=  2.1238E-05 ( 59, 19)
n=  6191   udiff=  1.9863E-05 ( 52, 28)   vdiff=  2.0787E-05 ( 59, 19)
n=  6192   udiff=  1.9872E-05 ( 52, 28)   vdiff=  2.1027E-05 ( 59, 19)
n=  6193   udiff=  1.9862E-05 ( 52, 28)   vdiff=  2.1032E-05 ( 59, 19)
n=  6194   udiff=  1.9864E-05 ( 52, 28)   vdiff=  2.0572E-05 ( 59, 19)
n=  6195   udiff=  1.9842E-05 ( 52, 28)   vdiff=  2.0580E-05 ( 59, 19)
n=  6196   udiff=  1.9855E-05 ( 52, 28)   vdiff=  2.0605E-05 ( 59, 19)
n=  6197   udiff=  1.9857E-05 ( 52, 28)   vdiff=  2.0111E-05 ( 59, 19)
n=  6198   udiff=  1.9859E-05 ( 52, 28)   vdiff=  2.0040E-05 ( 59, 19)
n=  6199   udiff=  1.9839E-05 ( 52, 28)   vdiff=  2.0104E-05 ( 59, 19)
n=  6200   udiff=  1.9839E-05 ( 52, 28)   vdiff=  1.9888E-05 ( 59, 19)
n=  6201   udiff=  1.9839E-05 ( 52, 28)   vdiff=  1.9813E-05 ( 59, 19)
n=  6202   udiff=  1.9839E-05 ( 52, 28)   vdiff=  1.9893E-05 ( 59, 19)
n=  6203   udiff=  1.9832E-05 ( 52, 28)   vdiff=  1.9291E-05 ( 59, 19)
n=  6204   udiff=  1.9835E-05 ( 52, 28)   vdiff=  1.9455E-05 ( 59, 19)
n=  6205   udiff=  1.9820E-05 ( 52, 28)   vdiff=  1.9315E-05 ( 59, 19)
n=  6206   udiff=  1.9821E-05 ( 52, 28)   vdiff=  1.8921E-05 ( 59, 19)
n=  6207   udiff=  1.9805E-05 ( 52, 28)   vdiff=  1.8997E-05 ( 59, 19)
n=  6208   udiff=  1.9808E-05 ( 52, 28)   vdiff=  1.9001E-05 ( 59, 19)
n=  6209   udiff=  1.9798E-05 ( 52, 28)   vdiff=  1.8476E-05 ( 59, 19)
n=  6210   udiff=  1.9804E-05 ( 52, 28)   vdiff=  1.8632E-05 ( 59, 19)
n=  6211   udiff=  1.9801E-05 ( 52, 28)   vdiff=  1.8704E-05 ( 59, 19)
n=  6212   udiff=  1.9793E-05 ( 52, 28)   vdiff=  1.8141E-05 ( 59, 19)
n=  6213   udiff=  1.9780E-05 ( 52, 28)   vdiff=  1.8289E-05 ( 59, 19)
n=  6214   udiff=  1.9784E-05 ( 52, 28)   vdiff=  1.8220E-05 ( 59, 19)
n=  6215   udiff=  1.9775E-05 ( 52, 28)   vdiff=  1.8310E-05 ( 59, 19)
n=  6216   udiff=  1.9769E-05 ( 52, 28)   vdiff=  1.7678E-05 ( 59, 19)
n=  6217   udiff=  1.9774E-05 ( 52, 28)   vdiff=  1.7842E-05 ( 59, 19)
n=  6218   udiff=  1.9744E-05 ( 52, 28)   vdiff=  1.7796E-05 ( 59, 19)
n=  6219   udiff=  1.9771E-05 ( 52, 28)   vdiff=  1.7163E-05 ( 59, 19)
n=  6220   udiff=  1.9750E-05 ( 52, 28)   vdiff=  1.7285E-05 ( 59, 19)
n=  6221   udiff=  1.9741E-05 ( 52, 28)   vdiff=  1.7247E-05 ( 59, 19)
n=  6222   udiff=  1.9722E-05 ( 52, 28)   vdiff=  1.7017E-05 ( 55, 24)
n=  6223   udiff=  1.9730E-05 ( 52, 28)   vdiff=  1.6958E-05 ( 59, 19)
n=  6224   udiff=  1.9738E-05 ( 52, 28)   vdiff=  1.7023E-05 ( 59, 19)
n=  6225   udiff=  1.9715E-05 ( 52, 28)   vdiff=  1.6953E-05 ( 59, 19)
n=  6226   udiff=  1.9702E-05 ( 52, 28)   vdiff=  1.6890E-05 ( 55, 24)
n=  6227   udiff=  1.9699E-05 ( 52, 28)   vdiff=  1.6802E-05 ( 55, 24)
n=  6228   udiff=  1.9702E-05 ( 52, 28)   vdiff=  1.6791E-05 ( 55, 24)
n=  6229   udiff=  1.9699E-05 ( 52, 28)   vdiff=  1.6773E-05 ( 55, 24)
n=  6230   udiff=  1.9684E-05 ( 52, 28)   vdiff=  1.6774E-05 ( 55, 24)
n=  6231   udiff=  1.9666E-05 ( 52, 28)   vdiff=  1.6688E-05 ( 55, 24)
n=  6232   udiff=  1.9671E-05 ( 52, 28)   vdiff=  1.6686E-05 ( 55, 24)
n=  6233   udiff=  1.9664E-05 ( 52, 28)   vdiff=  1.6678E-05 ( 55, 24)
n=  6234   udiff=  1.9656E-05 ( 52, 28)   vdiff=  1.6655E-05 ( 55, 24)
n=  6235   udiff=  1.9645E-05 ( 52, 28)   vdiff=  1.6571E-05 ( 55, 24)
n=  6236   udiff=  1.9628E-05 ( 52, 28)   vdiff=  1.6540E-05 ( 55, 24)
n=  6237   udiff=  1.9631E-05 ( 52, 28)   vdiff=  1.6529E-05 ( 55, 24)
n=  6238   udiff=  1.9633E-05 ( 52, 28)   vdiff=  1.6530E-05 ( 55, 24)
n=  6239   udiff=  1.9606E-05 ( 52, 28)   vdiff=  1.6447E-05 ( 55, 24)
n=  6240   udiff=  1.9599E-05 ( 52, 28)   vdiff=  1.6405E-05 ( 55, 24)
n=  6241   udiff=  1.9596E-05 ( 52, 28)   vdiff=  1.6401E-05 ( 55, 24)
n=  6242   udiff=  1.9591E-05 ( 52, 28)   vdiff=  1.6397E-05 ( 55, 24)
n=  6243   udiff=  1.9581E-05 ( 52, 28)   vdiff=  1.6384E-05 ( 55, 24)
n=  6244   udiff=  1.9578E-05 ( 52, 28)   vdiff=  1.6317E-05 ( 55, 24)
n=  6245   udiff=  1.9547E-05 ( 52, 28)   vdiff=  1.6262E-05 ( 55, 24)
n=  6246   udiff=  1.9555E-05 ( 52, 28)   vdiff=  1.6240E-05 ( 55, 24)
n=  6247   udiff=  1.9549E-05 ( 52, 28)   vdiff=  1.6202E-05 ( 55, 24)
n=  6248   udiff=  1.9524E-05 ( 52, 28)   vdiff=  1.6189E-05 ( 55, 24)
n=  6249   udiff=  1.9514E-05 ( 52, 28)   vdiff=  1.6173E-05 ( 55, 24)
n=  6250   udiff=  1.9514E-05 ( 52, 28)   vdiff=  1.6080E-05 ( 55, 24)
n=  6251   udiff=  1.9497E-05 ( 52, 28)   vdiff=  1.6077E-05 ( 55, 24)
n=  6252   udiff=  1.9483E-05 ( 52, 28)   vdiff=  1.6039E-05 ( 55, 24)
n=  6253   udiff=  1.9477E-05 ( 52, 28)   vdiff=  1.6003E-05 ( 55, 24)
n=  6254   udiff=  1.9457E-05 ( 52, 28)   vdiff=  1.5999E-05 ( 55, 24)
n=  6255   udiff=  1.9453E-05 ( 52, 28)   vdiff=  1.5986E-05 ( 55, 24)
n=  6256   udiff=  1.9442E-05 ( 52, 28)   vdiff=  1.5892E-05 ( 55, 24)
n=  6257   udiff=  1.9434E-05 ( 52, 28)   vdiff=  1.5862E-05 ( 55, 24)
n=  6258   udiff=  1.9423E-05 ( 52, 28)   vdiff=  1.5872E-05 ( 55, 24)
n=  6259   udiff=  1.9407E-05 ( 52, 28)   vdiff=  1.5843E-05 ( 55, 24)
n=  6260   udiff=  1.9395E-05 ( 52, 28)   vdiff=  1.5795E-05 ( 55, 24)
n=  6261   udiff=  1.9398E-05 ( 52, 28)   vdiff=  1.5772E-05 ( 55, 24)
n=  6262   udiff=  1.9376E-05 ( 52, 28)   vdiff=  1.5776E-05 ( 55, 24)
n=  6263   udiff=  1.9362E-05 ( 52, 28)   vdiff=  1.5747E-05 ( 55, 24)
n=  6264   udiff=  1.9352E-05 ( 52, 28)   vdiff=  1.5637E-05 ( 55, 24)
n=  6265   udiff=  1.9336E-05 ( 52, 28)   vdiff=  1.5591E-05 ( 55, 24)
n=  6266   udiff=  1.9326E-05 ( 52, 28)   vdiff=  1.5561E-05 ( 55, 24)
n=  6267   udiff=  1.9315E-05 ( 52, 28)   vdiff=  1.5525E-05 ( 55, 24)
n=  6268   udiff=  1.9310E-05 ( 52, 28)   vdiff=  1.5495E-05 ( 55, 24)
n=  6269   udiff=  1.9291E-05 ( 52, 28)   vdiff=  1.5469E-05 ( 55, 24)
n=  6270   udiff=  1.9281E-05 ( 52, 28)   vdiff=  1.5447E-05 ( 55, 24)
n=  6271   udiff=  1.9269E-05 ( 52, 28)   vdiff=  1.5438E-05 ( 55, 24)
n=  6272   udiff=  1.9264E-05 ( 52, 28)   vdiff=  1.5412E-05 ( 55, 24)
n=  6273   udiff=  1.9240E-05 ( 52, 28)   vdiff=  1.5380E-05 ( 55, 24)
n=  6274   udiff=  1.9230E-05 ( 52, 28)   vdiff=  1.5368E-05 ( 55, 24)
n=  6275   udiff=  1.9209E-05 ( 52, 28)   vdiff=  1.5340E-05 ( 55, 24)
n=  6276   udiff=  1.9197E-05 ( 52, 28)   vdiff=  1.5320E-05 ( 55, 24)
n=  6277   udiff=  1.9186E-05 ( 52, 28)   vdiff=  1.5215E-05 ( 55, 24)
n=  6278   udiff=  1.9185E-05 ( 52, 28)   vdiff=  1.5186E-05 ( 55, 24)
n=  6279   udiff=  1.9174E-05 ( 52, 28)   vdiff=  1.5169E-05 ( 55, 24)
n=  6280   udiff=  1.9158E-05 ( 52, 28)   vdiff=  1.5131E-05 ( 55, 24)
n=  6281   udiff=  1.9139E-05 ( 52, 28)   vdiff=  1.5102E-05 ( 55, 24)
n=  6282   udiff=  1.9116E-05 ( 52, 28)   vdiff=  1.5053E-05 ( 55, 24)
n=  6283   udiff=  1.9100E-05 ( 52, 28)   vdiff=  1.5019E-05 ( 55, 24)
n=  6284   udiff=  1.9092E-05 ( 52, 28)   vdiff=  1.4983E-05 ( 55, 24)
n=  6285   udiff=  1.9079E-05 ( 52, 28)   vdiff=  1.4989E-05 ( 55, 24)
n=  6286   udiff=  1.9057E-05 ( 52, 28)   vdiff=  1.4956E-05 ( 55, 24)
n=  6287   udiff=  1.9040E-05 ( 52, 28)   vdiff=  1.4926E-05 ( 56, 23)
n=  6288   udiff=  1.9026E-05 ( 52, 28)   vdiff=  1.4926E-05 ( 56, 23)
n=  6289   udiff=  1.9034E-05 ( 52, 28)   vdiff=  1.4882E-05 ( 55, 24)
n=  6290   udiff=  1.9015E-05 ( 52, 28)   vdiff=  1.4897E-05 ( 56, 23)
n=  6291   udiff=  1.8997E-05 ( 52, 28)   vdiff=  1.4901E-05 ( 56, 23)
n=  6292   udiff=  1.8970E-05 ( 52, 28)   vdiff=  1.4855E-05 ( 56, 23)
n=  6293   udiff=  1.8957E-05 ( 52, 28)   vdiff=  1.4866E-05 ( 56, 23)
n=  6294   udiff=  1.8947E-05 ( 52, 28)   vdiff=  1.4849E-05 ( 56, 23)
n=  6295   udiff=  1.8939E-05 ( 52, 28)   vdiff=  1.4883E-05 ( 56, 24)
n=  6296   udiff=  1.8932E-05 ( 52, 28)   vdiff=  1.4889E-05 ( 56, 24)
n=  6297   udiff=  1.8920E-05 ( 52, 28)   vdiff=  1.4879E-05 ( 56, 24)
n=  6298   udiff=  1.8903E-05 ( 52, 28)   vdiff=  1.4878E-05 ( 56, 24)
n=  6299   udiff=  1.8874E-05 ( 52, 28)   vdiff=  1.4844E-05 ( 56, 24)
n=  6300   udiff=  1.8862E-05 ( 52, 28)   vdiff=  1.4844E-05 ( 56, 24)
n=  6301   udiff=  1.8848E-05 ( 52, 28)   vdiff=  1.4807E-05 ( 56, 24)
n=  6302   udiff=  1.8837E-05 ( 52, 28)   vdiff=  1.4821E-05 ( 56, 24)
n=  6303   udiff=  1.8815E-05 ( 52, 28)   vdiff=  1.4801E-05 ( 56, 24)
n=  6304   udiff=  1.8801E-05 ( 52, 28)   vdiff=  1.4777E-05 ( 56, 24)
n=  6305   udiff=  1.8796E-05 ( 52, 28)   vdiff=  1.4794E-05 ( 56, 24)
n=  6306   udiff=  1.8776E-05 ( 52, 28)   vdiff=  1.4763E-05 ( 56, 24)
n=  6307   udiff=  1.8745E-05 ( 52, 28)   vdiff=  1.4762E-05 ( 56, 24)
n=  6308   udiff=  1.8725E-05 ( 52, 28)   vdiff=  1.4744E-05 ( 56, 24)
n=  6309   udiff=  1.8722E-05 ( 52, 28)   vdiff=  1.4758E-05 ( 56, 24)
n=  6310   udiff=  1.8708E-05 ( 52, 28)   vdiff=  1.4731E-05 ( 56, 24)
n=  6311   udiff=  1.8675E-05 ( 52, 28)   vdiff=  1.4718E-05 ( 56, 24)
n=  6312   udiff=  1.8672E-05 ( 52, 28)   vdiff=  1.4705E-05 ( 56, 24)
n=  6313   udiff=  1.8653E-05 ( 52, 28)   vdiff=  1.4697E-05 ( 56, 24)
n=  6314   udiff=  1.8642E-05 ( 52, 28)   vdiff=  1.4667E-05 ( 56, 24)
n=  6315   udiff=  1.8613E-05 ( 52, 28)   vdiff=  1.4654E-05 ( 56, 24)
n=  6316   udiff=  1.8601E-05 ( 52, 28)   vdiff=  1.4650E-05 ( 56, 24)
n=  6317   udiff=  1.8578E-05 ( 52, 28)   vdiff=  1.4640E-05 ( 56, 24)
n=  6318   udiff=  1.8574E-05 ( 52, 28)   vdiff=  1.4617E-05 ( 56, 24)
n=  6319   udiff=  1.8555E-05 ( 52, 28)   vdiff=  1.4616E-05 ( 56, 24)
n=  6320   udiff=  1.8515E-05 ( 52, 28)   vdiff=  1.4592E-05 ( 56, 24)
n=  6321   udiff=  1.8505E-05 ( 52, 28)   vdiff=  1.4575E-05 ( 56, 24)
n=  6322   udiff=  1.8493E-05 ( 52, 28)   vdiff=  1.4574E-05 ( 56, 24)
n=  6323   udiff=  1.8472E-05 ( 52, 28)   vdiff=  1.4577E-05 ( 56, 24)
n=  6324   udiff=  1.8462E-05 ( 52, 28)   vdiff=  1.4538E-05 ( 56, 24)
n=  6325   udiff=  1.8431E-05 ( 52, 28)   vdiff=  1.4527E-05 ( 56, 24)
n=  6326   udiff=  1.8433E-05 ( 52, 28)   vdiff=  1.4513E-05 ( 56, 24)
n=  6327   udiff=  1.8412E-05 ( 52, 28)   vdiff=  1.4520E-05 ( 56, 24)
n=  6328   udiff=  1.8401E-05 ( 52, 28)   vdiff=  1.4475E-05 ( 56, 24)
n=  6329   udiff=  1.8387E-05 ( 52, 28)   vdiff=  1.4546E-05 (120,  9)
n=  6330   udiff=  1.8359E-05 ( 52, 28)   vdiff=  1.4447E-05 ( 56, 24)
n=  6331   udiff=  1.8334E-05 ( 52, 28)   vdiff=  1.4517E-05 ( 56, 24)
n=  6332   udiff=  1.8334E-05 ( 52, 28)   vdiff=  1.4470E-05 ( 56, 24)
n=  6333   udiff=  1.8321E-05 ( 52, 28)   vdiff=  1.4621E-05 (120,  9)
n=  6334   udiff=  1.8285E-05 ( 52, 28)   vdiff=  1.4471E-05 ( 56, 24)
n=  6335   udiff=  1.8276E-05 ( 52, 28)   vdiff=  1.4475E-05 ( 56, 24)
n=  6336   udiff=  1.8256E-05 ( 52, 28)   vdiff=  1.4474E-05 ( 56, 24)
n=  6337   udiff=  1.8222E-05 ( 52, 28)   vdiff=  1.4534E-05 (120,  9)
n=  6338   udiff=  1.8212E-05 ( 52, 28)   vdiff=  1.4435E-05 ( 56, 24)
n=  6339   udiff=  1.8188E-05 ( 52, 28)   vdiff=  1.4379E-05 ( 56, 24)
n=  6340   udiff=  1.8167E-05 ( 52, 28)   vdiff=  1.4372E-05 ( 56, 24)
n=  6341   udiff=  1.8151E-05 ( 52, 28)   vdiff=  1.4388E-05 (120,  9)
n=  6342   udiff=  1.8140E-05 ( 52, 28)   vdiff=  1.4351E-05 ( 56, 24)
n=  6343   udiff=  1.8123E-05 ( 52, 28)   vdiff=  1.4306E-05 ( 56, 24)
n=  6344   udiff=  1.8104E-05 ( 52, 28)   vdiff=  1.4298E-05 ( 56, 24)
n=  6345   udiff=  1.8071E-05 ( 52, 28)   vdiff=  1.4347E-05 (120,  9)
n=  6346   udiff=  1.8051E-05 ( 52, 28)   vdiff=  1.4614E-05 (120,  9)
n=  6347   udiff=  1.8035E-05 ( 52, 28)   vdiff=  1.4341E-05 ( 56, 24)
n=  6348   udiff=  1.8017E-05 ( 53, 28)   vdiff=  1.4513E-05 (120,  9)
n=  6349   udiff=  1.8002E-05 ( 53, 28)   vdiff=  1.4532E-05 (120,  9)
n=  6350   udiff=  1.7992E-05 ( 53, 28)   vdiff=  1.4855E-05 (120,  9)
n=  6351   udiff=  1.7966E-05 ( 53, 28)   vdiff=  1.4437E-05 (120,  9)
n=  6352   udiff=  1.7962E-05 ( 53, 28)   vdiff=  1.4520E-05 (120,  9)
n=  6353   udiff=  1.7947E-05 ( 53, 28)   vdiff=  1.4572E-05 (120,  9)
n=  6354   udiff=  1.7939E-05 ( 53, 28)   vdiff=  1.4841E-05 (120,  9)
n=  6355   udiff=  1.7937E-05 ( 53, 28)   vdiff=  1.4368E-05 (120,  9)
n=  6356   udiff=  1.7915E-05 ( 53, 28)   vdiff=  1.4533E-05 (120,  9)
n=  6357   udiff=  1.7892E-05 ( 53, 28)   vdiff=  1.4710E-05 (120,  9)
n=  6358   udiff=  1.7873E-05 ( 53, 28)   vdiff=  1.4614E-05 (120,  9)
n=  6359   udiff=  1.7873E-05 ( 53, 28)   vdiff=  1.4363E-05 (120,  9)
n=  6360   udiff=  1.7850E-05 ( 53, 28)   vdiff=  1.4528E-05 (120,  9)
n=  6361   udiff=  1.7824E-05 ( 53, 28)   vdiff=  1.4713E-05 (120,  9)
n=  6362   udiff=  1.7819E-05 ( 53, 28)   vdiff=  1.4632E-05 (120,  9)
n=  6363   udiff=  1.7809E-05 ( 53, 28)   vdiff=  1.4497E-05 (120,  9)
n=  6364   udiff=  1.7794E-05 ( 53, 28)   vdiff=  1.4722E-05 (120,  9)
n=  6365   udiff=  1.7773E-05 ( 53, 28)   vdiff=  1.4974E-05 (120,  9)
n=  6366   udiff=  1.7749E-05 ( 53, 28)   vdiff=  1.4957E-05 (120,  9)
n=  6367   udiff=  1.7737E-05 ( 53, 28)   vdiff=  1.4432E-05 (120,  9)
n=  6368   udiff=  1.7733E-05 ( 53, 28)   vdiff=  1.4668E-05 (120,  9)
n=  6369   udiff=  1.7712E-05 ( 53, 28)   vdiff=  1.4775E-05 (120,  9)
n=  6370   udiff=  1.7690E-05 ( 53, 28)   vdiff=  1.4830E-05 (120,  9)
n=  6371   udiff=  1.7679E-05 ( 53, 28)   vdiff=  1.4226E-05 (120,  9)
n=  6372   udiff=  1.7661E-05 ( 53, 28)   vdiff=  1.4432E-05 (120,  9)
n=  6373   udiff=  1.7651E-05 ( 53, 28)   vdiff=  1.4621E-05 (120,  9)
n=  6374   udiff=  1.7625E-05 ( 53, 28)   vdiff=  1.4927E-05 (120,  9)
n=  6375   udiff=  1.7607E-05 ( 53, 28)   vdiff=  1.4287E-05 (120,  9)
n=  6376   udiff=  1.7579E-05 ( 53, 28)   vdiff=  1.4552E-05 (120,  9)
n=  6377   udiff=  1.7567E-05 ( 53, 28)   vdiff=  1.4727E-05 (120,  9)
n=  6378   udiff=  1.7564E-05 ( 53, 28)   vdiff=  1.4967E-05 (120,  9)
n=  6379   udiff=  1.7546E-05 ( 53, 28)   vdiff=  1.4369E-05 (120,  9)
n=  6380   udiff=  1.7528E-05 ( 53, 28)   vdiff=  1.4609E-05 (120,  9)
n=  6381   udiff=  1.7524E-05 ( 53, 28)   vdiff=  1.4772E-05 (120,  9)
n=  6382   udiff=  1.7505E-05 ( 53, 28)   vdiff=  1.5046E-05 (120,  9)
n=  6383   udiff=  1.7478E-05 ( 53, 28)   vdiff=  1.4452E-05 (120,  9)
n=  6384   udiff=  1.7469E-05 ( 53, 28)   vdiff=  1.4560E-05 (120,  9)
n=  6385   udiff=  1.7445E-05 ( 53, 28)   vdiff=  1.4808E-05 (120,  9)
n=  6386   udiff=  1.7434E-05 ( 53, 28)   vdiff=  1.4911E-05 (120,  9)
n=  6387   udiff=  1.7406E-05 ( 53, 28)   vdiff=  1.4529E-05 (120,  9)
n=  6388   udiff=  1.7396E-05 ( 53, 28)   vdiff=  1.4450E-05 (120,  9)
n=  6389   udiff=  1.7370E-05 ( 53, 28)   vdiff=  1.4759E-05 (120,  9)
n=  6390   udiff=  1.7358E-05 ( 53, 28)   vdiff=  1.4776E-05 (120,  9)
n=  6391   udiff=  1.7341E-05 ( 53, 28)   vdiff=  1.4575E-05 (120,  9)
n=  6392   udiff=  1.7314E-05 ( 53, 28)   vdiff=  1.4549E-05 (120,  9)
n=  6393   udiff=  1.7297E-05 ( 53, 28)   vdiff=  1.4786E-05 (120,  9)
n=  6394   udiff=  1.7277E-05 ( 53, 28)   vdiff=  1.4975E-05 (120,  9)
n=  6395   udiff=  1.7260E-05 ( 53, 28)   vdiff=  1.4570E-05 (120,  9)
n=  6396   udiff=  1.7248E-05 ( 53, 28)   vdiff=  1.4574E-05 (120,  9)
n=  6397   udiff=  1.7228E-05 ( 53, 28)   vdiff=  1.4896E-05 (120,  9)
n=  6398   udiff=  1.7205E-05 ( 53, 28)   vdiff=  1.5095E-05 (120,  9)
n=  6399   udiff=  1.7197E-05 ( 53, 28)   vdiff=  1.4715E-05 (120,  9)
n=  6400   udiff=  1.7174E-05 ( 53, 28)   vdiff=  1.4473E-05 (120,  9)
n=  6401   udiff=  1.7162E-05 ( 53, 28)   vdiff=  1.4673E-05 (120,  9)
n=  6402   udiff=  1.7137E-05 ( 53, 28)   vdiff=  1.4899E-05 (120,  9)
n=  6403   udiff=  1.7117E-05 ( 53, 28)   vdiff=  1.5177E-05 (120,  9)
n=  6404   udiff=  1.7110E-05 ( 53, 28)   vdiff=  1.4762E-05 (120,  9)
n=  6405   udiff=  1.7078E-05 ( 53, 28)   vdiff=  1.4667E-05 (120,  9)
n=  6406   udiff=  1.7077E-05 ( 53, 28)   vdiff=  1.4899E-05 (120,  9)
n=  6407   udiff=  1.7052E-05 ( 53, 28)   vdiff=  1.5012E-05 (120,  9)
n=  6408   udiff=  1.7029E-05 ( 53, 28)   vdiff=  1.4801E-05 (120,  9)
n=  6409   udiff=  1.7016E-05 ( 53, 28)   vdiff=  1.4730E-05 (120,  9)
n=  6410   udiff=  1.6991E-05 ( 53, 28)   vdiff=  1.4834E-05 (120,  9)
n=  6411   udiff=  1.6973E-05 ( 53, 28)   vdiff=  1.5032E-05 (120,  9)
n=  6412   udiff=  1.6945E-05 ( 53, 28)   vdiff=  1.4800E-05 (120,  9)
n=  6413   udiff=  1.6928E-05 ( 53, 28)   vdiff=  1.4639E-05 (120,  9)
n=  6414   udiff=  1.6917E-05 ( 53, 28)   vdiff=  1.4921E-05 (120,  9)
n=  6415   udiff=  1.6892E-05 ( 53, 28)   vdiff=  1.5114E-05 (120,  9)
n=  6416   udiff=  1.6877E-05 ( 53, 28)   vdiff=  1.4759E-05 (120,  9)
n=  6417   udiff=  1.6855E-05 ( 53, 28)   vdiff=  1.4890E-05 (120,  9)
n=  6418   udiff=  1.6827E-05 ( 53, 28)   vdiff=  1.5040E-05 (120,  9)
n=  6419   udiff=  1.6808E-05 ( 53, 28)   vdiff=  1.5111E-05 (120,  9)
n=  6420   udiff=  1.6785E-05 ( 53, 28)   vdiff=  1.4558E-05 (120,  9)
n=  6421   udiff=  1.6765E-05 ( 53, 28)   vdiff=  1.4819E-05 (120,  9)
n=  6422   udiff=  1.6763E-05 ( 53, 28)   vdiff=  1.4860E-05 (120,  9)
n=  6423   udiff=  1.6739E-05 ( 53, 28)   vdiff=  1.4947E-05 (120,  9)
n=  6424   udiff=  1.6715E-05 ( 53, 28)   vdiff=  1.4676E-05 (120,  9)
n=  6425   udiff=  1.6707E-05 ( 53, 28)   vdiff=  1.4786E-05 (120,  9)
n=  6426   udiff=  1.6684E-05 ( 53, 28)   vdiff=  1.4798E-05 (120,  9)
n=  6427   udiff=  1.6655E-05 ( 53, 28)   vdiff=  1.4993E-05 (120,  9)
n=  6428   udiff=  1.6641E-05 ( 53, 28)   vdiff=  1.4716E-05 (120,  9)
n=  6429   udiff=  1.6619E-05 ( 53, 28)   vdiff=  1.4936E-05 (120,  9)
n=  6430   udiff=  1.6599E-05 ( 53, 28)   vdiff=  1.5004E-05 (120,  9)
n=  6431   udiff=  1.6589E-05 ( 53, 28)   vdiff=  1.5264E-05 (120,  9)
n=  6432   udiff=  1.6556E-05 ( 53, 28)   vdiff=  1.4794E-05 (120,  9)
n=  6433   udiff=  1.6550E-05 ( 53, 28)   vdiff=  1.4868E-05 (120,  9)
n=  6434   udiff=  1.6516E-05 ( 53, 28)   vdiff=  1.5055E-05 (120,  9)
n=  6435   udiff=  1.6514E-05 ( 53, 28)   vdiff=  1.5044E-05 (120,  9)
n=  6436   udiff=  1.6498E-05 ( 53, 28)   vdiff=  1.4555E-05 (120,  9)
n=  6437   udiff=  1.6466E-05 ( 53, 28)   vdiff=  1.4857E-05 (120,  9)
n=  6438   udiff=  1.6439E-05 ( 53, 28)   vdiff=  1.4884E-05 (120,  9)
n=  6439   udiff=  1.6421E-05 ( 53, 28)   vdiff=  1.4914E-05 (120,  9)
n=  6440   udiff=  1.6394E-05 ( 53, 28)   vdiff=  1.4570E-05 (120,  9)
n=  6441   udiff=  1.6385E-05 ( 53, 28)   vdiff=  1.4817E-05 (120,  9)
n=  6442   udiff=  1.6356E-05 ( 53, 28)   vdiff=  1.4947E-05 (120,  9)
n=  6443   udiff=  1.6333E-05 ( 53, 28)   vdiff=  1.4896E-05 (120,  9)
n=  6444   udiff=  1.6321E-05 ( 53, 28)   vdiff=  1.4520E-05 (120,  9)
n=  6445   udiff=  1.6295E-05 ( 53, 28)   vdiff=  1.4714E-05 (120,  9)
n=  6446   udiff=  1.6271E-05 ( 53, 28)   vdiff=  1.4929E-05 (120,  9)
n=  6447   udiff=  1.6250E-05 ( 53, 28)   vdiff=  1.4879E-05 (120,  9)
n=  6448   udiff=  1.6233E-05 ( 53, 28)   vdiff=  1.4371E-05 (120,  9)
n=  6449   udiff=  1.6204E-05 ( 53, 28)   vdiff=  1.4706E-05 (120,  9)
n=  6450   udiff=  1.6194E-05 ( 53, 28)   vdiff=  1.4676E-05 (120,  9)
n=  6451   udiff=  1.6168E-05 ( 53, 28)   vdiff=  1.4968E-05 (120,  9)
n=  6452   udiff=  1.6144E-05 ( 53, 28)   vdiff=  1.4311E-05 (120,  9)
n=  6453   udiff=  1.6126E-05 ( 53, 28)   vdiff=  1.4524E-05 (120,  9)
n=  6454   udiff=  1.6100E-05 ( 53, 28)   vdiff=  1.4858E-05 (120,  9)
n=  6455   udiff=  1.6086E-05 ( 53, 28)   vdiff=  1.5092E-05 (120,  9)
n=  6456   udiff=  1.6055E-05 ( 53, 28)   vdiff=  1.4559E-05 (120,  9)
n=  6457   udiff=  1.6037E-05 ( 53, 28)   vdiff=  1.4705E-05 (120,  9)
n=  6458   udiff=  1.6003E-05 ( 53, 28)   vdiff=  1.4877E-05 (120,  9)
n=  6459   udiff=  1.5990E-05 ( 53, 28)   vdiff=  1.4982E-05 (120,  9)
n=  6460   udiff=  1.5976E-05 ( 53, 28)   vdiff=  1.4472E-05 (120,  9)
n=  6461   udiff=  1.5956E-05 ( 53, 28)   vdiff=  1.4664E-05 (120,  9)
n=  6462   udiff=  1.5936E-05 ( 53, 28)   vdiff=  1.4803E-05 (120,  9)
n=  6463   udiff=  1.5904E-05 ( 53, 28)   vdiff=  1.4979E-05 (120,  9)
n=  6464   udiff=  1.5886E-05 ( 53, 28)   vdiff=  1.4570E-05 (120,  9)
n=  6465   udiff=  1.5861E-05 ( 53, 28)   vdiff=  1.4653E-05 (120,  9)
n=  6466   udiff=  1.5847E-05 ( 53, 28)   vdiff=  1.4867E-05 (120,  9)
n=  6467   udiff=  1.5819E-05 ( 53, 28)   vdiff=  1.4976E-05 (120,  9)
n=  6468   udiff=  1.5796E-05 ( 53, 28)   vdiff=  1.4583E-05 (120,  9)
n=  6469   udiff=  1.5784E-05 ( 53, 28)   vdiff=  1.4508E-05 (120,  9)
n=  6470   udiff=  1.5766E-05 ( 53, 28)   vdiff=  1.4678E-05 (120,  9)
n=  6471   udiff=  1.5747E-05 ( 53, 28)   vdiff=  1.4939E-05 (120,  9)
n=  6472   udiff=  1.5717E-05 ( 53, 28)   vdiff=  1.4518E-05 (120,  9)
n=  6473   udiff=  1.5688E-05 ( 53, 28)   vdiff=  1.4479E-05 (120,  9)
n=  6474   udiff=  1.5670E-05 ( 53, 28)   vdiff=  1.4783E-05 (120,  9)
n=  6475   udiff=  1.5647E-05 ( 53, 28)   vdiff=  1.4870E-05 (120,  9)
n=  6476   udiff=  1.5628E-05 ( 53, 28)   vdiff=  1.4650E-05 (120,  9)
n=  6477   udiff=  1.5600E-05 ( 53, 28)   vdiff=  1.4635E-05 (120,  9)
n=  6478   udiff=  1.5588E-05 ( 53, 28)   vdiff=  1.4637E-05 (120,  9)
n=  6479   udiff=  1.5553E-05 ( 53, 28)   vdiff=  1.4926E-05 (120,  9)
n=  6480   udiff=  1.5535E-05 ( 53, 28)   vdiff=  1.4413E-05 (120,  9)
n=  6481   udiff=  1.5520E-05 ( 53, 28)   vdiff=  1.4680E-05 (120,  9)
n=  6482   udiff=  1.5485E-05 ( 53, 28)   vdiff=  1.4457E-05 (120,  9)
n=  6483   udiff=  1.5468E-05 ( 53, 28)   vdiff=  1.4701E-05 (120,  9)
n=  6484   udiff=  1.5446E-05 ( 53, 28)   vdiff=  1.4120E-05 (120,  9)
n=  6485   udiff=  1.5414E-05 ( 53, 28)   vdiff=  1.4395E-05 (120,  9)
n=  6486   udiff=  1.5400E-05 ( 53, 28)   vdiff=  1.4466E-05 (120,  9)
n=  6487   udiff=  1.5383E-05 ( 53, 28)   vdiff=  1.4584E-05 (120,  9)
n=  6488   udiff=  1.5359E-05 ( 53, 28)   vdiff=  1.4331E-05 (120,  9)
n=  6489   udiff=  1.5336E-05 ( 53, 28)   vdiff=  1.4563E-05 (120,  9)
n=  6490   udiff=  1.5314E-05 ( 53, 28)   vdiff=  1.4696E-05 (120,  9)
n=  6491   udiff=  1.5287E-05 ( 53, 28)   vdiff=  1.4723E-05 (120,  9)
n=  6492   udiff=  1.5278E-05 ( 53, 28)   vdiff=  1.4321E-05 (120,  9)
n=  6493   udiff=  1.5242E-05 ( 53, 28)   vdiff=  1.4638E-05 (120,  9)
n=  6494   udiff=  1.5235E-05 ( 53, 28)   vdiff=  1.4704E-05 (120,  9)
n=  6495   udiff=  1.5208E-05 ( 53, 28)   vdiff=  1.4682E-05 (120,  9)
n=  6496   udiff=  1.5192E-05 ( 53, 28)   vdiff=  1.4136E-05 (120,  9)
n=  6497   udiff=  1.5175E-05 ( 53, 28)   vdiff=  1.4300E-05 (120,  9)
n=  6498   udiff=  1.5139E-05 ( 53, 28)   vdiff=  1.4523E-05 (120,  9)
n=  6499   udiff=  1.5125E-05 ( 53, 28)   vdiff=  1.4716E-05 (120,  9)
n=  6500   udiff=  1.5107E-05 ( 53, 28)   vdiff=  1.4874E-05 (120,  9)
n=  6501   udiff=  1.5062E-05 ( 53, 28)   vdiff=  1.4251E-05 (120,  9)
n=  6502   udiff=  1.5042E-05 ( 53, 28)   vdiff=  1.4434E-05 (120,  9)
n=  6503   udiff=  1.5035E-05 ( 53, 28)   vdiff=  1.4662E-05 (120,  9)
n=  6504   udiff=  1.5010E-05 ( 53, 28)   vdiff=  1.4679E-05 (120,  9)
n=  6505   udiff=  1.4986E-05 ( 53, 28)   vdiff=  1.4421E-05 (120,  9)
n=  6506   udiff=  1.4964E-05 ( 53, 28)   vdiff=  1.4630E-05 (120,  9)
n=  6507   udiff=  1.4945E-05 ( 53, 28)   vdiff=  1.4715E-05 (120,  9)
n=  6508   udiff=  1.4905E-05 ( 53, 28)   vdiff=  1.4708E-05 (120,  9)
n=  6509   udiff=  1.4881E-05 ( 53, 28)   vdiff=  1.4327E-05 (120,  9)
n=  6510   udiff=  1.4860E-05 ( 53, 28)   vdiff=  1.4648E-05 (120,  9)
n=  6511   udiff=  1.4828E-05 ( 53, 28)   vdiff=  1.4578E-05 (120,  9)
n=  6512   udiff=  1.4808E-05 ( 53, 28)   vdiff=  1.4840E-05 (120,  9)
n=  6513   udiff=  1.4798E-05 ( 53, 28)   vdiff=  1.4117E-05 (120,  9)
n=  6514   udiff=  1.4779E-05 ( 53, 28)   vdiff=  1.4343E-05 (120,  9)
n=  6515   udiff=  1.4744E-05 ( 53, 28)   vdiff=  1.4561E-05 (120,  9)
n=  6516   udiff=  1.4728E-05 ( 53, 28)   vdiff=  1.4735E-05 (120,  9)
n=  6517   udiff=  1.4699E-05 ( 53, 28)   vdiff=  1.3834E-05 (120,  9)
n=  6518   udiff=  1.4680E-05 ( 53, 28)   vdiff=  1.4152E-05 (120,  9)
n=  6519   udiff=  1.4642E-05 ( 53, 28)   vdiff=  1.4412E-05 (120,  9)
n=  6520   udiff=  1.4624E-05 ( 53, 28)   vdiff=  1.4440E-05 (120,  9)
n=  6521   udiff=  1.4617E-05 ( 53, 28)   vdiff=  1.4008E-05 (120,  9)
n=  6522   udiff=  1.4591E-05 ( 53, 28)   vdiff=  1.4119E-05 (120,  9)
n=  6523   udiff=  1.4561E-05 ( 53, 28)   vdiff=  1.4400E-05 (120,  9)
n=  6524   udiff=  1.4555E-05 ( 53, 28)   vdiff=  1.4525E-05 (120,  9)
n=  6525   udiff=  1.4512E-05 ( 53, 28)   vdiff=  1.4352E-05 (120,  9)
n=  6526   udiff=  1.4492E-05 ( 53, 28)   vdiff=  1.4113E-05 (120,  9)
n=  6527   udiff=  1.4476E-05 ( 53, 28)   vdiff=  1.4346E-05 (120,  9)
n=  6528   udiff=  1.4445E-05 ( 53, 28)   vdiff=  1.4464E-05 (120,  9)
n=  6529   udiff=  1.4419E-05 ( 53, 28)   vdiff=  1.3980E-05 (120,  9)
n=  6530   udiff=  1.4392E-05 ( 53, 28)   vdiff=  1.3881E-05 (120,  9)
n=  6531   udiff=  1.4372E-05 ( 53, 28)   vdiff=  1.4075E-05 (120,  9)
n=  6532   udiff=  1.4362E-05 ( 53, 28)   vdiff=  1.4287E-05 (120,  9)
n=  6533   udiff=  1.4329E-05 ( 53, 28)   vdiff=  1.4526E-05 (120,  9)
n=  6534   udiff=  1.4298E-05 ( 53, 28)   vdiff=  1.4078E-05 (120,  9)
n=  6535   udiff=  1.4289E-05 ( 53, 28)   vdiff=  1.4066E-05 (120,  9)
n=  6536   udiff=  1.4253E-05 ( 53, 28)   vdiff=  1.4250E-05 (120,  9)
n=  6537   udiff=  1.4242E-05 ( 53, 28)   vdiff=  1.4372E-05 (120,  9)
n=  6538   udiff=  1.4211E-05 ( 53, 28)   vdiff=  1.4134E-05 (120,  9)
n=  6539   udiff=  1.4186E-05 ( 53, 28)   vdiff=  1.4179E-05 (120,  9)
n=  6540   udiff=  1.4135E-05 ( 53, 28)   vdiff=  1.4341E-05 (120,  9)
n=  6541   udiff=  1.4128E-05 ( 53, 28)   vdiff=  1.4319E-05 (120,  9)
n=  6542   udiff=  1.4109E-05 ( 53, 28)   vdiff=  1.4090E-05 (120,  9)
n=  6543   udiff=  1.4082E-05 ( 53, 28)   vdiff=  1.4248E-05 (120,  9)
n=  6544   udiff=  1.4065E-05 ( 53, 28)   vdiff=  1.4250E-05 (120,  9)
n=  6545   udiff=  1.4037E-05 ( 53, 28)   vdiff=  1.4315E-05 (120,  9)
n=  6546   udiff=  1.4010E-05 ( 53, 28)   vdiff=  1.3909E-05 (120,  9)
n=  6547   udiff=  1.3986E-05 ( 53, 28)   vdiff=  1.3888E-05 (120,  9)
n=  6548   udiff=  1.3973E-05 ( 53, 28)   vdiff=  1.3902E-05 (120,  9)
n=  6549   udiff=  1.3949E-05 ( 53, 28)   vdiff=  1.4219E-05 (120,  9)
n=  6550   udiff=  1.3924E-05 ( 53, 28)   vdiff=  1.4356E-05 (120,  9)
n=  6551   udiff=  1.3906E-05 ( 53, 28)   vdiff=  1.3950E-05 (120,  9)
n=  6552   udiff=  1.3877E-05 ( 53, 28)   vdiff=  1.3958E-05 (120,  9)
n=  6553   udiff=  1.3853E-05 ( 53, 28)   vdiff=  1.3925E-05 (120,  9)
n=  6554   udiff=  1.3817E-05 ( 53, 28)   vdiff=  1.4094E-05 (120,  9)
n=  6555   udiff=  1.3800E-05 ( 53, 28)   vdiff=  1.3841E-05 (120,  9)
n=  6556   udiff=  1.3775E-05 ( 53, 28)   vdiff=  1.4046E-05 (120,  9)
n=  6557   udiff=  1.3756E-05 ( 53, 28)   vdiff=  1.4020E-05 (120,  9)
n=  6558   udiff=  1.3735E-05 ( 53, 28)   vdiff=  1.4169E-05 (120,  9)
n=  6559   udiff=  1.3714E-05 ( 53, 28)   vdiff=  1.3913E-05 (120,  9)
n=  6560   udiff=  1.3689E-05 ( 54, 28)   vdiff=  1.4000E-05 (120,  9)
n=  6561   udiff=  1.3670E-05 ( 53, 28)   vdiff=  1.4277E-05 (120,  9)
n=  6562   udiff=  1.3645E-05 ( 54, 28)   vdiff=  1.4169E-05 (120,  9)
n=  6563   udiff=  1.3624E-05 ( 54, 28)   vdiff=  1.3538E-05 (120,  9)
n=  6564   udiff=  1.3602E-05 ( 54, 28)   vdiff=  1.3805E-05 (120,  9)
n=  6565   udiff=  1.3578E-05 ( 54, 28)   vdiff=  1.3952E-05 (120,  9)
n=  6566   udiff=  1.3569E-05 ( 54, 28)   vdiff=  1.4217E-05 (120,  9)
n=  6567   udiff=  1.3542E-05 ( 54, 28)   vdiff=  1.4060E-05 (120,  9)
n=  6568   udiff=  1.3515E-05 ( 54, 28)   vdiff=  1.3628E-05 (120,  9)
n=  6569   udiff=  1.3496E-05 ( 54, 28)   vdiff=  1.3665E-05 (120,  9)
n=  6570   udiff=  1.3476E-05 ( 54, 28)   vdiff=  1.3873E-05 (120,  9)
n=  6571   udiff=  1.3466E-05 ( 54, 28)   vdiff=  1.3916E-05 (120,  9)
n=  6572   udiff=  1.3433E-05 ( 54, 28)   vdiff=  1.3620E-05 (120,  9)
n=  6573   udiff=  1.3410E-05 ( 54, 28)   vdiff=  1.3815E-05 (120,  9)
n=  6574   udiff=  1.3395E-05 ( 54, 28)   vdiff=  1.3977E-05 (120,  9)
n=  6575   udiff=  1.3379E-05 ( 54, 28)   vdiff=  1.4167E-05 (120,  9)
n=  6576   udiff=  1.3354E-05 ( 54, 28)   vdiff=  1.3637E-05 (120,  9)
n=  6577   udiff=  1.3329E-05 ( 54, 28)   vdiff=  1.3777E-05 (120,  9)
n=  6578   udiff=  1.3318E-05 ( 54, 28)   vdiff=  1.3795E-05 (120,  9)
n=  6579   udiff=  1.3300E-05 ( 54, 28)   vdiff=  1.4156E-05 (120,  9)
n=  6580   udiff=  1.3275E-05 ( 54, 28)   vdiff=  1.3311E-05 (120,  9)
n=  6581   udiff=  1.3255E-05 ( 54, 28)   vdiff=  1.3490E-05 (120,  9)
n=  6582   udiff=  1.3235E-05 ( 54, 28)   vdiff=  1.3661E-05 (120,  9)
n=  6583   udiff=  1.3207E-05 ( 54, 28)   vdiff=  1.3766E-05 (120,  9)
n=  6584   udiff=  1.3185E-05 ( 54, 28)   vdiff=  1.3960E-05 (120,  9)
n=  6585   udiff=  1.3155E-05 ( 54, 28)   vdiff=  1.3200E-05 (120,  9)
n=  6586   udiff=  1.3138E-05 ( 54, 28)   vdiff=  1.3424E-05 (120,  9)
n=  6587   udiff=  1.3115E-05 ( 54, 28)   vdiff=  1.3520E-05 (120,  9)
n=  6588   udiff=  1.3099E-05 ( 54, 28)   vdiff=  1.3694E-05 (120,  9)
n=  6589   udiff=  1.3067E-05 ( 54, 28)   vdiff=  1.3378E-05 (120,  9)
n=  6590   udiff=  1.3052E-05 ( 54, 28)   vdiff=  1.3336E-05 (120,  9)
n=  6591   udiff=  1.3032E-05 ( 54, 28)   vdiff=  1.3494E-05 (120,  9)
n=  6592   udiff=  1.3007E-05 ( 54, 28)   vdiff=  1.3787E-05 (120,  9)
n=  6593   udiff=  1.2994E-05 ( 54, 28)   vdiff=  1.3888E-05 (120,  9)
n=  6594   udiff=  1.2974E-05 ( 54, 28)   vdiff=  1.3504E-05 (120,  9)
n=  6595   udiff=  1.2954E-05 ( 54, 28)   vdiff=  1.3619E-05 (120,  9)
n=  6596   udiff=  1.2929E-05 ( 54, 28)   vdiff=  1.3687E-05 (120,  9)
n=  6597   udiff=  1.2898E-05 ( 54, 28)   vdiff=  1.3966E-05 (120,  9)
n=  6598   udiff=  1.2880E-05 ( 54, 28)   vdiff=  1.3332E-05 (120,  9)
n=  6599   udiff=  1.2855E-05 ( 54, 28)   vdiff=  1.3203E-05 (120,  9)
n=  6600   udiff=  1.2835E-05 ( 54, 28)   vdiff=  1.3371E-05 (120,  9)
n=  6601   udiff=  1.2819E-05 ( 54, 28)   vdiff=  1.3561E-05 (120,  9)
n=  6602   udiff=  1.2795E-05 ( 54, 28)   vdiff=  1.3101E-05 (120,  9)
n=  6603   udiff=  1.2784E-05 ( 54, 28)   vdiff=  1.3339E-05 (120,  9)
n=  6604   udiff=  1.2764E-05 ( 54, 28)   vdiff=  1.3187E-05 (120,  9)
n=  6605   udiff=  1.2744E-05 ( 54, 28)   vdiff=  1.3260E-05 (120,  9)
n=  6606   udiff=  1.2715E-05 ( 54, 28)   vdiff=  1.3471E-05 (120,  9)
n=  6607   udiff=  1.2697E-05 ( 54, 28)   vdiff=  1.3143E-05 (120,  9)
n=  6608   udiff=  1.2676E-05 ( 54, 28)   vdiff=  1.3370E-05 (120,  9)
n=  6609   udiff=  1.2652E-05 ( 54, 28)   vdiff=  1.3333E-05 (120,  9)
n=  6610   udiff=  1.2634E-05 ( 54, 28)   vdiff=  1.3587E-05 (120,  9)
n=  6611   udiff=  1.2607E-05 ( 54, 28)   vdiff=  1.3312E-05 (120,  9)
n=  6612   udiff=  1.2581E-05 ( 54, 28)   vdiff=  1.3252E-05 (120,  9)
n=  6613   udiff=  1.2570E-05 ( 54, 28)   vdiff=  1.3536E-05 (120,  9)
n=  6614   udiff=  1.2539E-05 ( 54, 28)   vdiff=  1.3418E-05 (120,  9)
n=  6615   udiff=  1.2524E-05 ( 54, 28)   vdiff=  1.3576E-05 (120,  9)
n=  6616   udiff=  1.2479E-05 ( 54, 28)   vdiff=  1.3049E-05 (120,  9)
n=  6617   udiff=  1.2473E-05 ( 54, 28)   vdiff=  1.3250E-05 (120,  9)
n=  6618   udiff=  1.2442E-05 ( 54, 28)   vdiff=  1.3204E-05 (120,  9)
n=  6619   udiff=  1.2418E-05 ( 54, 28)   vdiff=  1.3325E-05 (120,  9)
n=  6620   udiff=  1.2403E-05 ( 54, 28)   vdiff=  1.2771E-05 (120,  9)
n=  6621   udiff=  1.2390E-05 ( 54, 28)   vdiff=  1.2924E-05 (120,  9)
n=  6622   udiff=  1.2367E-05 ( 54, 28)   vdiff=  1.3178E-05 (120,  9)
n=  6623   udiff=  1.2342E-05 ( 54, 28)   vdiff=  1.2950E-05 (120,  9)
n=  6624   udiff=  1.2320E-05 ( 54, 28)   vdiff=  1.3182E-05 (120,  9)
n=  6625   udiff=  1.2294E-05 ( 54, 28)   vdiff=  1.2810E-05 (120,  9)
n=  6626   udiff=  1.2279E-05 ( 54, 28)   vdiff=  1.2848E-05 (120,  9)
n=  6627   udiff=  1.2253E-05 ( 54, 28)   vdiff=  1.3036E-05 (120,  9)
n=  6628   udiff=  1.2227E-05 ( 54, 28)   vdiff=  1.3014E-05 (120,  9)
n=  6629   udiff=  1.2211E-05 ( 54, 28)   vdiff=  1.3239E-05 (120,  9)
n=  6630   udiff=  1.2191E-05 ( 54, 28)   vdiff=  1.2901E-05 (120,  9)
n=  6631   udiff=  1.2165E-05 ( 54, 28)   vdiff=  1.3033E-05 (120,  9)
n=  6632   udiff=  1.2152E-05 ( 54, 28)   vdiff=  1.3289E-05 (120,  9)
n=  6633   udiff=  1.2116E-05 ( 54, 28)   vdiff=  1.3306E-05 (120,  9)
n=  6634   udiff=  1.2111E-05 ( 54, 28)   vdiff=  1.2774E-05 (120,  9)
n=  6635   udiff=  1.2099E-05 ( 54, 28)   vdiff=  1.2959E-05 (120,  9)
n=  6636   udiff=  1.2064E-05 ( 54, 28)   vdiff=  1.2985E-05 (120,  9)
n=  6637   udiff=  1.2048E-05 ( 54, 28)   vdiff=  1.3042E-05 (120,  9)
n=  6638   udiff=  1.2024E-05 ( 54, 28)   vdiff=  1.3040E-05 (120,  9)
n=  6639   udiff=  1.1997E-05 ( 54, 28)   vdiff=  1.2607E-05 (120,  9)
n=  6640   udiff=  1.1975E-05 ( 54, 28)   vdiff=  1.2693E-05 (120,  9)
n=  6641   udiff=  1.1957E-05 ( 54, 28)   vdiff=  1.2954E-05 (120,  9)
n=  6642   udiff=  1.1937E-05 ( 54, 27)   vdiff=  1.2935E-05 (120,  9)
n=  6643   udiff=  1.1941E-05 ( 54, 27)   vdiff=  1.2446E-05 (120, 10)
n=  6644   udiff=  1.1913E-05 ( 54, 27)   vdiff=  1.2481E-05 (120,  9)
n=  6645   udiff=  1.1905E-05 ( 54, 27)   vdiff=  1.2672E-05 (120,  9)
n=  6646   udiff=  1.1892E-05 ( 54, 27)   vdiff=  1.2948E-05 (120,  9)
n=  6647   udiff=  1.1849E-05 ( 54, 27)   vdiff=  1.3039E-05 (120,  9)
n=  6648   udiff=  1.1838E-05 ( 54, 27)   vdiff=  1.2564E-05 (120, 10)
n=  6649   udiff=  1.1830E-05 ( 54, 27)   vdiff=  1.2697E-05 (120,  9)
n=  6650   udiff=  1.1804E-05 ( 54, 27)   vdiff=  1.2889E-05 (120,  9)
n=  6651   udiff=  1.1792E-05 ( 54, 27)   vdiff=  1.2992E-05 (120,  9)
n=  6652   udiff=  1.1779E-05 ( 54, 27)   vdiff=  1.3270E-05 (120,  9)
n=  6653   udiff=  1.1766E-05 ( 54, 27)   vdiff=  1.2450E-05 (120, 10)
n=  6654   udiff=  1.1758E-05 ( 54, 27)   vdiff=  1.2501E-05 (120,  9)
n=  6655   udiff=  1.1732E-05 ( 54, 27)   vdiff=  1.2672E-05 (120,  9)
n=  6656   udiff=  1.1711E-05 ( 54, 27)   vdiff=  1.2667E-05 (120,  9)
n=  6657   udiff=  1.1709E-05 ( 54, 27)   vdiff=  1.2320E-05 (120,  9)
n=  6658   udiff=  1.1692E-05 ( 54, 27)   vdiff=  1.2330E-05 (120, 10)
n=  6659   udiff=  1.1655E-05 ( 54, 27)   vdiff=  1.2329E-05 (120,  9)
n=  6660   udiff=  1.1660E-05 ( 54, 27)   vdiff=  1.2572E-05 (120,  9)
n=  6661   udiff=  1.1647E-05 ( 54, 27)   vdiff=  1.2603E-05 (120,  9)
n=  6662   udiff=  1.1601E-05 ( 54, 27)   vdiff=  1.2365E-05 (120,  9)
n=  6663   udiff=  1.1591E-05 ( 54, 27)   vdiff=  1.2359E-05 (120, 10)
n=  6664   udiff=  1.1591E-05 ( 54, 27)   vdiff=  1.2442E-05 (120,  9)
n=  6665   udiff=  1.1587E-05 ( 54, 27)   vdiff=  1.2580E-05 (120,  9)
n=  6666   udiff=  1.1553E-05 ( 54, 27)   vdiff=  1.2711E-05 (120,  9)
n=  6667   udiff=  1.1544E-05 ( 54, 27)   vdiff=  1.2391E-05 (120,  9)
n=  6668   udiff=  1.1522E-05 ( 54, 27)   vdiff=  1.2226E-05 (120,  9)
n=  6669   udiff=  1.1490E-05 ( 54, 27)   vdiff=  1.2386E-05 (120,  9)
n=  6670   udiff=  1.1470E-05 ( 54, 27)   vdiff=  1.2603E-05 (120,  9)
n=  6671   udiff=  1.1472E-05 ( 54, 27)   vdiff=  1.2579E-05 (120,  9)
n=  6672   udiff=  1.1453E-05 ( 54, 27)   vdiff=  1.2152E-05 (120,  9)
n=  6673   udiff=  1.1434E-05 ( 54, 27)   vdiff=  1.2221E-05 (120,  9)
n=  6674   udiff=  1.1414E-05 ( 54, 27)   vdiff=  1.2342E-05 (120,  9)
n=  6675   udiff=  1.1411E-05 ( 54, 27)   vdiff=  1.2489E-05 (120,  9)
n=  6676   udiff=  1.1373E-05 ( 54, 27)   vdiff=  1.2559E-05 (120,  9)
n=  6677   udiff=  1.1363E-05 ( 54, 27)   vdiff=  1.2077E-05 (120,  9)
n=  6678   udiff=  1.1356E-05 ( 54, 27)   vdiff=  1.2220E-05 (120,  9)
n=  6679   udiff=  1.1333E-05 ( 54, 27)   vdiff=  1.2179E-05 (120,  9)
n=  6680   udiff=  1.1311E-05 ( 54, 27)   vdiff=  1.2455E-05 (120,  9)
n=  6681   udiff=  1.1302E-05 ( 54, 27)   vdiff=  1.2060E-05 ( 58, 23)
n=  6682   udiff=  1.1287E-05 ( 54, 27)   vdiff=  1.2073E-05 (120,  9)
n=  6683   udiff=  1.1254E-05 ( 54, 27)   vdiff=  1.2187E-05 (120,  9)
n=  6684   udiff=  1.1234E-05 ( 54, 27)   vdiff=  1.2066E-05 (120,  9)
n=  6685   udiff=  1.1230E-05 ( 54, 27)   vdiff=  1.2284E-05 (120,  9)
n=  6686   udiff=  1.1214E-05 ( 54, 27)   vdiff=  1.1993E-05 ( 58, 23)
n=  6687   udiff=  1.1204E-05 ( 54, 27)   vdiff=  1.2205E-05 (120,  9)
n=  6688   udiff=  1.1191E-05 ( 54, 27)   vdiff=  1.2171E-05 (120,  9)
n=  6689   udiff=  1.1150E-05 ( 54, 27)   vdiff=  1.2218E-05 (120,  9)
n=  6690   udiff=  1.1148E-05 ( 54, 27)   vdiff=  1.2410E-05 (120,  9)
n=  6691   udiff=  1.1132E-05 ( 54, 27)   vdiff=  1.2011E-05 ( 58, 23)
n=  6692   udiff=  1.1103E-05 ( 54, 27)   vdiff=  1.2025E-05 (120,  9)
n=  6693   udiff=  1.1094E-05 ( 54, 27)   vdiff=  1.2083E-05 (120,  9)
n=  6694   udiff=  1.1086E-05 ( 54, 27)   vdiff=  1.1951E-05 (120,  9)
n=  6695   udiff=  1.1061E-05 ( 54, 27)   vdiff=  1.2193E-05 (120,  9)
n=  6696   udiff=  1.1048E-05 ( 54, 27)   vdiff=  1.1998E-05 ( 58, 23)
n=  6697   udiff=  1.1037E-05 ( 54, 27)   vdiff=  1.1932E-05 ( 58, 23)
n=  6698   udiff=  1.1001E-05 ( 54, 27)   vdiff=  1.1936E-05 ( 58, 23)
n=  6699   udiff=  1.0993E-05 ( 54, 27)   vdiff=  1.2025E-05 (120,  9)
n=  6700   udiff=  1.0982E-05 ( 54, 27)   vdiff=  1.1945E-05 ( 58, 23)
n=  6701   udiff=  1.0960E-05 ( 54, 27)   vdiff=  1.1932E-05 ( 58, 23)
n=  6702   udiff=  1.0934E-05 ( 54, 27)   vdiff=  1.1905E-05 ( 58, 23)
n=  6703   udiff=  1.0930E-05 ( 54, 27)   vdiff=  1.1910E-05 ( 58, 23)
n=  6704   udiff=  1.0889E-05 ( 54, 27)   vdiff=  1.1987E-05 (120,  9)
n=  6705   udiff=  1.0891E-05 ( 54, 27)   vdiff=  1.1951E-05 ( 58, 23)
n=  6706   udiff=  1.0879E-05 ( 54, 27)   vdiff=  1.1935E-05 ( 58, 23)
n=  6707   udiff=  1.0860E-05 ( 54, 27)   vdiff=  1.1874E-05 ( 58, 23)
n=  6708   udiff=  1.0826E-05 ( 54, 27)   vdiff=  1.1866E-05 ( 58, 23)
n=  6709   udiff=  1.0825E-05 ( 54, 27)   vdiff=  1.1882E-05 (120,  9)
n=  6710   udiff=  1.0789E-05 ( 54, 27)   vdiff=  1.2100E-05 (120,  9)
n=  6711   udiff=  1.0784E-05 ( 54, 27)   vdiff=  1.1850E-05 ( 58, 23)
n=  6712   udiff=  1.0778E-05 ( 54, 27)   vdiff=  1.1902E-05 ( 58, 23)
n=  6713   udiff=  1.0732E-05 ( 54, 27)   vdiff=  1.1847E-05 ( 58, 23)
n=  6714   udiff=  1.0720E-05 ( 54, 27)   vdiff=  1.1737E-05 ( 58, 23)
n=  6715   udiff=  1.0700E-05 ( 54, 27)   vdiff=  1.1881E-05 ( 58, 23)
n=  6716   udiff=  1.0691E-05 ( 54, 27)   vdiff=  1.1873E-05 ( 58, 23)
n=  6717   udiff=  1.0670E-05 ( 54, 27)   vdiff=  1.1792E-05 ( 58, 23)
n=  6718   udiff=  1.0656E-05 ( 54, 27)   vdiff=  1.1764E-05 ( 58, 23)
n=  6719   udiff=  1.0621E-05 ( 54, 27)   vdiff=  1.1752E-05 ( 58, 23)
n=  6720   udiff=  1.0621E-05 ( 54, 27)   vdiff=  1.1832E-05 ( 58, 23)
n=  6721   udiff=  1.0601E-05 ( 54, 27)   vdiff=  1.1831E-05 ( 58, 23)
n=  6722   udiff=  1.0596E-05 ( 54, 27)   vdiff=  1.1800E-05 ( 58, 23)
n=  6723   udiff=  1.0574E-05 ( 54, 27)   vdiff=  1.1760E-05 ( 58, 23)
n=  6724   udiff=  1.0553E-05 ( 54, 27)   vdiff=  1.1670E-05 ( 58, 23)
n=  6725   udiff=  1.0535E-05 ( 54, 27)   vdiff=  1.1793E-05 ( 58, 23)
n=  6726   udiff=  1.0511E-05 ( 54, 27)   vdiff=  1.1799E-05 ( 58, 23)
n=  6727   udiff=  1.0490E-05 ( 54, 27)   vdiff=  1.1713E-05 ( 58, 23)
n=  6728   udiff=  1.0489E-05 ( 54, 27)   vdiff=  1.1688E-05 ( 58, 23)
n=  6729   udiff=  1.0490E-05 ( 54, 27)   vdiff=  1.1849E-05 ( 58, 23)
n=  6730   udiff=  1.0456E-05 ( 54, 27)   vdiff=  1.1796E-05 ( 58, 23)
n=  6731   udiff=  1.0440E-05 ( 54, 27)   vdiff=  1.1697E-05 ( 58, 23)
n=  6732   udiff=  1.0418E-05 ( 54, 27)   vdiff=  1.1707E-05 ( 58, 23)
n=  6733   udiff=  1.0386E-05 ( 54, 27)   vdiff=  1.1624E-05 ( 58, 23)
n=  6734   udiff=  1.0375E-05 ( 54, 27)   vdiff=  1.1779E-05 ( 58, 23)
n=  6735   udiff=  1.0342E-05 ( 54, 27)   vdiff=  1.1708E-05 ( 58, 23)
n=  6736   udiff=  1.0328E-05 ( 54, 27)   vdiff=  1.1621E-05 (120,  9)
n=  6737   udiff=  1.0318E-05 ( 54, 27)   vdiff=  1.1620E-05 ( 58, 23)
n=  6738   udiff=  1.0277E-05 ( 54, 27)   vdiff=  1.1551E-05 ( 58, 23)
n=  6739   udiff=  1.0279E-05 ( 54, 27)   vdiff=  1.1640E-05 ( 58, 23)
n=  6740   udiff=  1.0249E-05 ( 54, 27)   vdiff=  1.1631E-05 ( 58, 23)
n=  6741   udiff=  1.0231E-05 ( 54, 27)   vdiff=  1.1600E-05 ( 58, 23)
n=  6742   udiff=  1.0234E-05 ( 54, 27)   vdiff=  1.1543E-05 ( 58, 23)
n=  6743   udiff=  1.0209E-05 ( 54, 27)   vdiff=  1.1691E-05 ( 58, 23)
n=  6744   udiff=  1.0205E-05 ( 54, 27)   vdiff=  1.1659E-05 ( 58, 23)
n=  6745   udiff=  1.0187E-05 ( 54, 27)   vdiff=  1.1569E-05 ( 58, 23)
n=  6746   udiff=  1.0161E-05 ( 54, 27)   vdiff=  1.1587E-05 ( 58, 23)
n=  6747   udiff=  1.0150E-05 ( 54, 27)   vdiff=  1.1559E-05 ( 58, 23)
n=  6748   udiff=  1.0126E-05 ( 54, 27)   vdiff=  1.1620E-05 ( 58, 23)
n=  6749   udiff=  1.0117E-05 ( 54, 27)   vdiff=  1.1594E-05 ( 58, 23)
n=  6750   udiff=  1.0090E-05 ( 54, 27)   vdiff=  1.1561E-05 ( 58, 23)
n=  6751   udiff=  1.0074E-05 ( 54, 27)   vdiff=  1.1509E-05 ( 58, 23)
n=  6752   udiff=  1.0044E-05 ( 54, 27)   vdiff=  1.1566E-05 ( 58, 23)
n=  6753   udiff=  1.0028E-05 ( 54, 27)   vdiff=  1.1546E-05 ( 58, 23)
n=  6754   udiff=  1.0008E-05 ( 54, 27)   vdiff=  1.1525E-05 ( 58, 23)
n=  6755   udiff=  1.0012E-05 ( 54, 27)   vdiff=  1.1506E-05 ( 58, 23)
n=  6756   udiff=  9.9652E-06 ( 54, 27)   vdiff=  1.1417E-05 ( 58, 23)
n=  6757   udiff=  9.9710E-06 ( 54, 27)   vdiff=  1.1538E-05 ( 58, 23)
n=  6758   udiff=  9.9411E-06 ( 54, 27)   vdiff=  1.1502E-05 ( 58, 23)
n=  6759   udiff=  9.9353E-06 ( 54, 27)   vdiff=  1.1465E-05 ( 58, 23)
n=  6760   udiff=  9.9147E-06 ( 54, 27)   vdiff=  1.1406E-05 ( 58, 23)
n=  6761   udiff=  9.8935E-06 ( 54, 27)   vdiff=  1.1481E-05 ( 58, 23)
n=  6762   udiff=  9.8780E-06 ( 54, 27)   vdiff=  1.1505E-05 ( 58, 23)
n=  6763   udiff=  9.8807E-06 ( 54, 27)   vdiff=  1.1441E-05 ( 58, 23)
n=  6764   udiff=  9.8455E-06 ( 54, 27)   vdiff=  1.1409E-05 ( 58, 23)
n=  6765   udiff=  9.8177E-06 ( 54, 27)   vdiff=  1.1525E-05 ( 58, 23)
n=  6766   udiff=  9.7897E-06 ( 54, 27)   vdiff=  1.1419E-05 ( 58, 23)
n=  6767   udiff=  9.7837E-06 ( 54, 27)   vdiff=  1.1416E-05 ( 58, 23)
n=  6768   udiff=  9.7632E-06 ( 54, 27)   vdiff=  1.1344E-05 ( 58, 23)
n=  6769   udiff=  9.7523E-06 ( 54, 27)   vdiff=  1.1342E-05 ( 58, 23)
n=  6770   udiff=  9.7308E-06 ( 54, 27)   vdiff=  1.1382E-05 ( 58, 23)
n=  6771   udiff=  9.7151E-06 ( 54, 27)   vdiff=  1.1387E-05 ( 58, 23)
n=  6772   udiff=  9.6912E-06 ( 54, 27)   vdiff=  1.1317E-05 ( 58, 23)
n=  6773   udiff=  9.6803E-06 ( 54, 27)   vdiff=  1.1290E-05 ( 58, 23)
n=  6774   udiff=  9.6624E-06 ( 54, 27)   vdiff=  1.1370E-05 ( 58, 23)
n=  6775   udiff=  9.6344E-06 ( 54, 27)   vdiff=  1.1335E-05 ( 58, 23)
n=  6776   udiff=  9.6139E-06 ( 54, 27)   vdiff=  1.1286E-05 ( 58, 23)
n=  6777   udiff=  9.6092E-06 ( 54, 27)   vdiff=  1.1231E-05 ( 58, 23)
n=  6778   udiff=  9.5917E-06 ( 54, 27)   vdiff=  1.1381E-05 ( 58, 23)
n=  6779   udiff=  9.5834E-06 ( 54, 27)   vdiff=  1.1311E-05 ( 58, 23)
n=  6780   udiff=  9.5704E-06 ( 54, 27)   vdiff=  1.1250E-05 ( 58, 23)
n=  6781   udiff=  9.5405E-06 ( 54, 27)   vdiff=  1.1229E-05 ( 58, 23)
n=  6782   udiff=  9.5356E-06 ( 54, 27)   vdiff=  1.1331E-05 ( 58, 23)
n=  6783   udiff=  9.5104E-06 ( 54, 27)   vdiff=  1.1291E-05 ( 58, 23)
n=  6784   udiff=  9.4982E-06 ( 54, 27)   vdiff=  1.1239E-05 ( 58, 23)
n=  6785   udiff=  9.4762E-06 ( 54, 27)   vdiff=  1.1170E-05 ( 58, 23)
n=  6786   udiff=  9.4520E-06 ( 54, 27)   vdiff=  1.1307E-05 ( 58, 23)
n=  6787   udiff=  9.4398E-06 ( 54, 27)   vdiff=  1.1192E-05 ( 58, 23)
n=  6788   udiff=  9.4055E-06 ( 54, 27)   vdiff=  1.1182E-05 ( 58, 23)
n=  6789   udiff=  9.3785E-06 ( 54, 27)   vdiff=  1.1137E-05 ( 58, 23)
n=  6790   udiff=  9.3627E-06 ( 54, 27)   vdiff=  1.1199E-05 ( 58, 23)
n=  6791   udiff=  9.3468E-06 ( 54, 27)   vdiff=  1.1187E-05 ( 58, 23)
n=  6792   udiff=  9.3382E-06 ( 54, 27)   vdiff=  1.1164E-05 ( 58, 23)
n=  6793   udiff=  9.3111E-06 ( 54, 27)   vdiff=  1.1041E-05 ( 58, 23)
n=  6794   udiff=  9.3005E-06 ( 54, 27)   vdiff=  1.1208E-05 ( 58, 23)
n=  6795   udiff=  9.2900E-06 ( 54, 27)   vdiff=  1.1138E-05 ( 58, 23)
n=  6796   udiff=  9.2517E-06 ( 54, 27)   vdiff=  1.1096E-05 ( 58, 23)
n=  6797   udiff=  9.2459E-06 ( 54, 27)   vdiff=  1.1040E-05 ( 58, 23)
n=  6798   udiff=  9.2305E-06 ( 54, 27)   vdiff=  1.1112E-05 ( 58, 23)
n=  6799   udiff=  9.2128E-06 ( 54, 27)   vdiff=  1.1107E-05 ( 58, 23)
n=  6800   udiff=  9.1868E-06 ( 54, 27)   vdiff=  1.0991E-05 ( 58, 23)
n=  6801   udiff=  9.1675E-06 ( 54, 27)   vdiff=  1.1010E-05 ( 58, 23)
n=  6802   udiff=  9.1669E-06 ( 54, 27)   vdiff=  1.1105E-05 ( 58, 23)
n=  6803   udiff=  9.1275E-06 ( 54, 27)   vdiff=  1.1001E-05 ( 58, 23)
n=  6804   udiff=  9.1088E-06 ( 54, 27)   vdiff=  1.0938E-05 ( 58, 23)
n=  6805   udiff=  9.0936E-06 ( 54, 27)   vdiff=  1.0915E-05 ( 58, 23)
n=  6806   udiff=  9.0681E-06 ( 54, 27)   vdiff=  1.1049E-05 ( 58, 23)
n=  6807   udiff=  9.0619E-06 ( 54, 27)   vdiff=  1.0970E-05 ( 58, 23)
n=  6808   udiff=  9.0469E-06 ( 54, 27)   vdiff=  1.0929E-05 ( 58, 23)
n=  6809   udiff=  9.0355E-06 ( 54, 27)   vdiff=  1.0912E-05 ( 58, 23)
n=  6810   udiff=  9.0099E-06 ( 54, 27)   vdiff=  1.0937E-05 ( 58, 23)
n=  6811   udiff=  9.0046E-06 ( 54, 27)   vdiff=  1.0884E-05 ( 58, 23)
n=  6812   udiff=  8.9740E-06 ( 54, 27)   vdiff=  1.0900E-05 ( 58, 23)
n=  6813   udiff=  8.9648E-06 ( 54, 27)   vdiff=  1.0939E-05 ( 58, 23)
n=  6814   udiff=  8.9560E-06 ( 54, 27)   vdiff=  1.0901E-05 ( 58, 23)
n=  6815   udiff=  8.9330E-06 ( 54, 27)   vdiff=  1.0894E-05 ( 58, 23)
n=  6816   udiff=  8.9186E-06 ( 54, 27)   vdiff=  1.0806E-05 ( 58, 23)
n=  6817   udiff=  8.8916E-06 ( 54, 27)   vdiff=  1.0930E-05 ( 58, 23)
n=  6818   udiff=  8.8784E-06 ( 54, 27)   vdiff=  1.0875E-05 ( 58, 23)
n=  6819   udiff=  8.8534E-06 ( 54, 27)   vdiff=  1.0821E-05 ( 58, 23)
n=  6820   udiff=  8.8374E-06 ( 54, 27)   vdiff=  1.0736E-05 ( 58, 23)
n=  6821   udiff=  8.8194E-06 ( 54, 27)   vdiff=  1.0831E-05 ( 58, 23)
n=  6822   udiff=  8.7993E-06 ( 54, 27)   vdiff=  1.0835E-05 ( 58, 23)
n=  6823   udiff=  8.7907E-06 ( 54, 27)   vdiff=  1.0755E-05 ( 58, 23)
n=  6824   udiff=  8.7679E-06 ( 54, 27)   vdiff=  1.0846E-05 ( 58, 23)
n=  6825   udiff=  8.7429E-06 ( 54, 27)   vdiff=  1.0756E-05 ( 58, 23)
n=  6826   udiff=  8.7162E-06 ( 54, 27)   vdiff=  1.0725E-05 ( 58, 23)
n=  6827   udiff=  8.7063E-06 ( 54, 27)   vdiff=  1.0639E-05 ( 58, 23)
n=  6828   udiff=  8.6888E-06 ( 54, 27)   vdiff=  1.0734E-05 ( 58, 23)
n=  6829   udiff=  8.6643E-06 ( 54, 27)   vdiff=  1.0712E-05 ( 58, 23)
n=  6830   udiff=  8.6527E-06 ( 54, 27)   vdiff=  1.0656E-05 ( 58, 23)
n=  6831   udiff=  8.6288E-06 ( 54, 27)   vdiff=  1.0598E-05 ( 58, 23)
n=  6832   udiff=  8.6268E-06 ( 55, 27)   vdiff=  1.0634E-05 ( 58, 23)
n=  6833   udiff=  8.6014E-06 ( 55, 27)   vdiff=  1.0661E-05 ( 58, 23)
n=  6834   udiff=  8.5898E-06 ( 55, 27)   vdiff=  1.0598E-05 ( 58, 23)
n=  6835   udiff=  8.5692E-06 ( 55, 27)   vdiff=  1.0626E-05 ( 58, 23)
n=  6836   udiff=  8.5710E-06 ( 55, 27)   vdiff=  1.0659E-05 ( 58, 23)
n=  6837   udiff=  8.5587E-06 ( 55, 27)   vdiff=  1.0575E-05 ( 58, 23)
n=  6838   udiff=  8.5225E-06 ( 54, 27)   vdiff=  1.0519E-05 ( 58, 23)
n=  6839   udiff=  8.5114E-06 ( 54, 27)   vdiff=  1.0607E-05 ( 58, 23)
n=  6840   udiff=  8.4897E-06 ( 55, 27)   vdiff=  1.0585E-05 ( 58, 23)
n=  6841   udiff=  8.4743E-06 ( 55, 27)   vdiff=  1.0512E-05 ( 58, 23)
n=  6842   udiff=  8.4497E-06 ( 55, 27)   vdiff=  1.0542E-05 ( 58, 23)
n=  6843   udiff=  8.4355E-06 ( 55, 27)   vdiff=  1.0555E-05 ( 58, 23)
n=  6844   udiff=  8.4154E-06 ( 55, 27)   vdiff=  1.0489E-05 ( 58, 23)
n=  6845   udiff=  8.4044E-06 ( 55, 27)   vdiff=  1.0534E-05 ( 58, 23)
n=  6846   udiff=  8.4018E-06 ( 55, 27)   vdiff=  1.0502E-05 ( 58, 23)
n=  6847   udiff=  8.3691E-06 ( 55, 27)   vdiff=  1.0465E-05 ( 58, 23)
n=  6848   udiff=  8.3715E-06 ( 55, 27)   vdiff=  1.0378E-05 ( 58, 23)
n=  6849   udiff=  8.3464E-06 ( 55, 27)   vdiff=  1.0547E-05 ( 58, 23)
n=  6850   udiff=  8.3402E-06 ( 55, 27)   vdiff=  1.0428E-05 ( 58, 23)
n=  6851   udiff=  8.3320E-06 ( 55, 27)   vdiff=  1.0366E-05 ( 58, 23)
n=  6852   udiff=  8.3045E-06 ( 55, 27)   vdiff=  1.0516E-05 ( 58, 23)
n=  6853   udiff=  8.2971E-06 ( 55, 27)   vdiff=  1.0421E-05 ( 58, 23)
n=  6854   udiff=  8.2618E-06 ( 55, 27)   vdiff=  1.0349E-05 ( 58, 23)
n=  6855   udiff=  8.2482E-06 ( 55, 27)   vdiff=  1.0447E-05 ( 58, 23)
n=  6856   udiff=  8.2146E-06 ( 55, 27)   vdiff=  1.0366E-05 ( 58, 23)
n=  6857   udiff=  8.2100E-06 ( 55, 27)   vdiff=  1.0288E-05 ( 58, 23)
n=  6858   udiff=  8.1947E-06 ( 55, 27)   vdiff=  1.0256E-05 ( 58, 23)
n=  6859   udiff=  8.1644E-06 ( 55, 27)   vdiff=  1.0319E-05 ( 58, 23)
n=  6860   udiff=  8.1641E-06 ( 55, 27)   vdiff=  1.0273E-05 ( 58, 23)
n=  6861   udiff=  8.1484E-06 ( 55, 27)   vdiff=  1.0234E-05 ( 58, 23)
n=  6862   udiff=  8.1287E-06 ( 55, 27)   vdiff=  1.0305E-05 ( 58, 23)
n=  6863   udiff=  8.1166E-06 ( 55, 27)   vdiff=  1.0255E-05 ( 58, 23)
n=  6864   udiff=  8.1033E-06 ( 55, 27)   vdiff=  1.0195E-05 ( 58, 23)
n=  6865   udiff=  8.0908E-06 ( 55, 27)   vdiff=  1.0300E-05 ( 58, 23)
n=  6866   udiff=  8.0672E-06 ( 55, 27)   vdiff=  1.0186E-05 ( 58, 23)
n=  6867   udiff=  8.0422E-06 ( 55, 27)   vdiff=  1.0174E-05 ( 58, 23)
n=  6868   udiff=  8.0320E-06 ( 55, 27)   vdiff=  1.0241E-05 ( 58, 23)
n=  6869   udiff=  8.0149E-06 ( 55, 27)   vdiff=  1.0182E-05 ( 58, 23)
n=  6870   udiff=  8.0155E-06 ( 55, 27)   vdiff=  1.0140E-05 ( 58, 23)
n=  6871   udiff=  8.0098E-06 ( 55, 27)   vdiff=  1.0264E-05 ( 58, 23)
n=  6872   udiff=  7.9962E-06 ( 55, 27)   vdiff=  1.0161E-05 ( 58, 23)
n=  6873   udiff=  7.9789E-06 ( 55, 27)   vdiff=  1.0129E-05 ( 58, 23)
n=  6874   udiff=  7.9466E-06 ( 55, 27)   vdiff=  1.0086E-05 ( 58, 23)
n=  6875   udiff=  7.9365E-06 ( 55, 27)   vdiff=  1.0119E-05 ( 58, 23)
n=  6876   udiff=  7.9153E-06 ( 55, 27)   vdiff=  1.0085E-05 ( 59, 22)
n=  6877   udiff=  7.9083E-06 ( 55, 27)   vdiff=  1.0027E-05 ( 58, 23)
n=  6878   udiff=  7.8815E-06 ( 55, 27)   vdiff=  1.0120E-05 ( 58, 23)
n=  6879   udiff=  7.8656E-06 ( 55, 27)   vdiff=  1.0022E-05 ( 58, 23)
n=  6880   udiff=  7.8463E-06 ( 55, 27)   vdiff=  9.9930E-06 ( 58, 23)
n=  6881   udiff=  7.8358E-06 ( 55, 27)   vdiff=  1.0048E-05 ( 59, 22)
n=  6882   udiff=  7.8293E-06 ( 55, 27)   vdiff=  1.0054E-05 ( 59, 22)
n=  6883   udiff=  7.8151E-06 ( 55, 27)   vdiff=  9.9347E-06 ( 58, 23)
n=  6884   udiff=  7.7816E-06 ( 55, 27)   vdiff=  1.0020E-05 ( 58, 23)
n=  6885   udiff=  7.7632E-06 ( 55, 27)   vdiff=  9.9773E-06 ( 59, 22)
n=  6886   udiff=  7.7417E-06 ( 55, 27)   vdiff=  9.8905E-06 ( 58, 23)
n=  6887   udiff=  7.7318E-06 ( 55, 27)   vdiff=  9.9336E-06 ( 59, 22)
n=  6888   udiff=  7.7223E-06 ( 55, 27)   vdiff=  9.9232E-06 ( 59, 22)
n=  6889   udiff=  7.6983E-06 ( 55, 27)   vdiff=  9.8591E-06 ( 59, 22)
n=  6890   udiff=  7.6907E-06 ( 55, 27)   vdiff=  9.9379E-06 ( 58, 23)
n=  6891   udiff=  7.6730E-06 ( 55, 27)   vdiff=  9.9058E-06 ( 59, 22)
n=  6892   udiff=  7.6566E-06 ( 55, 27)   vdiff=  9.8394E-06 ( 59, 22)
n=  6893   udiff=  7.6335E-06 ( 55, 27)   vdiff=  9.8714E-06 ( 58, 23)
n=  6894   udiff=  7.6291E-06 ( 55, 27)   vdiff=  9.8741E-06 ( 59, 22)
n=  6895   udiff=  7.6099E-06 ( 55, 27)   vdiff=  9.7933E-06 ( 59, 22)
n=  6896   udiff=  7.6012E-06 ( 55, 27)   vdiff=  9.8624E-06 ( 59, 22)
n=  6897   udiff=  7.5825E-06 ( 55, 27)   vdiff=  9.8762E-06 ( 59, 22)
n=  6898   udiff=  7.5596E-06 ( 55, 27)   vdiff=  9.7640E-06 ( 59, 22)
n=  6899   udiff=  7.5568E-06 ( 55, 27)   vdiff=  9.8319E-06 ( 59, 22)
n=  6900   udiff=  7.5406E-06 ( 55, 27)   vdiff=  9.7490E-06 ( 59, 22)
n=  6901   udiff=  7.5073E-06 ( 55, 27)   vdiff=  9.6920E-06 ( 59, 22)
n=  6902   udiff=  7.5024E-06 ( 55, 27)   vdiff=  9.8003E-06 ( 59, 22)
n=  6903   udiff=  7.4868E-06 ( 55, 27)   vdiff=  9.7344E-06 ( 59, 22)
n=  6904   udiff=  7.4712E-06 ( 55, 27)   vdiff=  9.7711E-06 ( 59, 21)
n=  6905   udiff=  7.4684E-06 ( 55, 27)   vdiff=  9.8098E-06 ( 59, 22)
n=  6906   udiff=  7.4425E-06 ( 55, 27)   vdiff=  9.7494E-06 ( 59, 22)
n=  6907   udiff=  7.4367E-06 ( 55, 27)   vdiff=  9.6963E-06 ( 58, 23)
n=  6908   udiff=  7.4195E-06 ( 55, 27)   vdiff=  9.7503E-06 ( 59, 22)
n=  6909   udiff=  7.3867E-06 ( 55, 27)   vdiff=  9.7412E-06 ( 59, 22)
n=  6910   udiff=  7.3750E-06 ( 55, 27)   vdiff=  9.6663E-06 ( 58, 23)
n=  6911   udiff=  7.3528E-06 ( 55, 27)   vdiff=  9.6634E-06 ( 59, 22)
n=  6912   udiff=  7.3369E-06 ( 55, 27)   vdiff=  9.6661E-06 ( 59, 22)
n=  6913   udiff=  7.3347E-06 ( 55, 27)   vdiff=  9.6149E-06 ( 58, 23)
n=  6914   udiff=  7.3071E-06 ( 55, 27)   vdiff=  9.6526E-06 ( 59, 22)
n=  6915   udiff=  7.2927E-06 ( 55, 27)   vdiff=  9.6266E-06 ( 59, 22)
n=  6916   udiff=  7.2822E-06 ( 55, 27)   vdiff=  9.6816E-06 ( 59, 22)
n=  6917   udiff=  7.2573E-06 ( 55, 27)   vdiff=  9.6161E-06 ( 59, 22)
n=  6918   udiff=  7.2456E-06 ( 55, 27)   vdiff=  9.5946E-06 ( 59, 22)
n=  6919   udiff=  7.2440E-06 ( 55, 27)   vdiff=  9.7509E-06 ( 59, 22)
n=  6920   udiff=  7.2249E-06 ( 55, 27)   vdiff=  9.5828E-06 ( 59, 22)
n=  6921   udiff=  7.2179E-06 ( 55, 27)   vdiff=  9.5561E-06 ( 59, 22)
n=  6922   udiff=  7.2034E-06 ( 55, 27)   vdiff=  9.6187E-06 ( 59, 22)
n=  6923   udiff=  7.1686E-06 ( 55, 27)   vdiff=  9.4975E-06 ( 59, 22)
n=  6924   udiff=  7.1384E-06 ( 55, 27)   vdiff=  9.5004E-06 ( 59, 22)
n=  6925   udiff=  7.1293E-06 ( 55, 27)   vdiff=  9.6302E-06 ( 59, 22)
n=  6926   udiff=  7.1285E-06 ( 55, 27)   vdiff=  9.4666E-06 ( 59, 22)
n=  6927   udiff=  7.1078E-06 ( 55, 27)   vdiff=  9.5035E-06 ( 59, 22)
n=  6928   udiff=  7.1200E-06 ( 55, 27)   vdiff=  9.6017E-06 ( 59, 22)
n=  6929   udiff=  7.0717E-06 ( 55, 27)   vdiff=  9.5426E-06 ( 59, 21)
n=  6930   udiff=  7.0637E-06 ( 55, 27)   vdiff=  9.5245E-06 ( 59, 22)
n=  6931   udiff=  7.0552E-06 ( 55, 27)   vdiff=  9.5069E-06 ( 59, 22)
n=  6932   udiff=  7.0346E-06 ( 55, 27)   vdiff=  9.5369E-06 ( 59, 22)
n=  6933   udiff=  7.0095E-06 ( 55, 27)   vdiff=  9.4564E-06 ( 59, 22)
n=  6934   udiff=  6.9990E-06 ( 55, 27)   vdiff=  9.4659E-06 ( 59, 22)
n=  6935   udiff=  6.9860E-06 ( 55, 27)   vdiff=  9.4821E-06 ( 59, 21)
n=  6936   udiff=  6.9640E-06 ( 55, 27)   vdiff=  9.4169E-06 ( 59, 22)
n=  6937   udiff=  6.9465E-06 ( 55, 27)   vdiff=  9.4009E-06 ( 59, 22)
n=  6938   udiff=  6.9364E-06 ( 55, 27)   vdiff=  9.3839E-06 ( 59, 21)
n=  6939   udiff=  6.9181E-06 ( 55, 27)   vdiff=  9.3541E-06 ( 59, 22)
n=  6940   udiff=  6.9145E-06 ( 55, 27)   vdiff=  9.3764E-06 ( 59, 22)
n=  6941   udiff=  6.8812E-06 ( 55, 27)   vdiff=  9.4561E-06 ( 59, 22)
n=  6942   udiff=  6.8655E-06 ( 55, 27)   vdiff=  9.3422E-06 ( 59, 22)
n=  6943   udiff=  6.8550E-06 ( 55, 27)   vdiff=  9.2829E-06 ( 59, 22)
n=  6944   udiff=  6.8415E-06 ( 55, 27)   vdiff=  9.3723E-06 ( 59, 22)
n=  6945   udiff=  6.8174E-06 ( 55, 27)   vdiff=  9.4018E-06 ( 59, 21)
n=  6946   udiff=  6.8081E-06 ( 55, 27)   vdiff=  9.2299E-06 ( 59, 22)
n=  6947   udiff=  6.7912E-06 ( 55, 27)   vdiff=  9.3159E-06 ( 59, 22)
n=  6948   udiff=  6.7819E-06 ( 55, 27)   vdiff=  9.3195E-06 ( 59, 21)
n=  6949   udiff=  6.7630E-06 ( 55, 27)   vdiff=  9.2947E-06 ( 59, 22)
n=  6950   udiff=  6.7284E-06 ( 55, 27)   vdiff=  9.2662E-06 ( 59, 22)
n=  6951   udiff=  6.7236E-06 ( 55, 27)   vdiff=  9.1813E-06 ( 59, 22)
n=  6952   udiff=  6.7229E-06 ( 55, 27)   vdiff=  9.2401E-06 ( 59, 22)
n=  6953   udiff=  6.7029E-06 ( 55, 27)   vdiff=  9.1915E-06 ( 59, 22)
n=  6954   udiff=  6.6881E-06 ( 55, 27)   vdiff=  9.1657E-06 ( 59, 21)
n=  6955   udiff=  6.6802E-06 ( 55, 27)   vdiff=  9.2560E-06 ( 59, 22)
n=  6956   udiff=  6.6605E-06 ( 55, 27)   vdiff=  9.1547E-06 ( 59, 22)
n=  6957   udiff=  6.6445E-06 ( 55, 27)   vdiff=  9.1975E-06 ( 59, 22)
n=  6958   udiff=  6.6421E-06 ( 55, 27)   vdiff=  9.1468E-06 ( 59, 22)
n=  6959   udiff=  6.6040E-06 ( 55, 27)   vdiff=  9.0643E-06 ( 59, 22)
n=  6960   udiff=  6.5880E-06 ( 55, 27)   vdiff=  9.1711E-06 ( 59, 22)
n=  6961   udiff=  6.5769E-06 ( 55, 27)   vdiff=  9.1215E-06 ( 59, 22)
n=  6962   udiff=  6.5677E-06 ( 55, 27)   vdiff=  9.1941E-06 ( 59, 22)
n=  6963   udiff=  6.5554E-06 ( 55, 27)   vdiff=  9.1355E-06 ( 59, 22)
n=  6964   udiff=  6.5301E-06 ( 55, 27)   vdiff=  9.1008E-06 ( 59, 22)
n=  6965   udiff=  6.5190E-06 ( 55, 27)   vdiff=  9.1036E-06 ( 59, 22)
n=  6966   udiff=  6.5069E-06 ( 55, 27)   vdiff=  9.0486E-06 ( 59, 22)
n=  6967   udiff=  6.4886E-06 ( 55, 27)   vdiff=  9.0403E-06 ( 59, 22)
n=  6968   udiff=  6.4814E-06 ( 55, 27)   vdiff=  9.1189E-06 ( 59, 21)
n=  6969   udiff=  6.4604E-06 ( 55, 27)   vdiff=  8.9699E-06 ( 59, 22)
n=  6970   udiff=  6.4361E-06 ( 55, 27)   vdiff=  9.0487E-06 ( 59, 22)
n=  6971   udiff=  6.4193E-06 ( 55, 27)   vdiff=  9.0552E-06 ( 59, 21)
n=  6972   udiff=  6.4075E-06 ( 55, 27)   vdiff=  8.9435E-06 ( 59, 22)
n=  6973   udiff=  6.4011E-06 ( 55, 27)   vdiff=  9.0075E-06 ( 59, 22)
n=  6974   udiff=  6.3765E-06 ( 55, 27)   vdiff=  8.9515E-06 ( 59, 21)
n=  6975   udiff=  6.3566E-06 ( 55, 27)   vdiff=  8.9576E-06 ( 59, 22)
n=  6976   udiff=  6.3471E-06 ( 55, 27)   vdiff=  8.9487E-06 ( 59, 22)
n=  6977   udiff=  6.3458E-06 ( 55, 27)   vdiff=  9.0036E-06 ( 59, 21)
n=  6978   udiff=  6.3374E-06 ( 55, 27)   vdiff=  9.0299E-06 ( 59, 21)
n=  6979   udiff=  6.3273E-06 ( 55, 27)   vdiff=  8.9405E-06 ( 59, 22)
n=  6980   udiff=  6.3058E-06 ( 55, 27)   vdiff=  8.9781E-06 ( 59, 22)
n=  6981   udiff=  6.2666E-06 ( 55, 27)   vdiff=  8.9067E-06 ( 59, 21)
n=  6982   udiff=  6.2579E-06 ( 55, 27)   vdiff=  8.7771E-06 ( 59, 22)
n=  6983   udiff=  6.2559E-06 ( 55, 27)   vdiff=  8.8761E-06 ( 59, 22)
n=  6984   udiff=  6.2431E-06 ( 55, 27)   vdiff=  8.9628E-06 ( 59, 21)
n=  6985   udiff=  6.2206E-06 ( 55, 27)   vdiff=  8.9081E-06 ( 59, 22)
n=  6986   udiff=  6.1883E-06 ( 55, 27)   vdiff=  8.8638E-06 ( 59, 22)
n=  6987   udiff=  6.1833E-06 ( 55, 27)   vdiff=  8.7587E-06 ( 59, 22)
n=  6988   udiff=  6.1724E-06 ( 55, 27)   vdiff=  8.8338E-06 ( 59, 22)
n=  6989   udiff=  6.1573E-06 ( 55, 27)   vdiff=  8.7503E-06 ( 59, 22)
n=  6990   udiff=  6.1434E-06 ( 55, 27)   vdiff=  8.8575E-06 ( 59, 22)
n=  6991   udiff=  6.1353E-06 ( 55, 27)   vdiff=  8.7945E-06 ( 59, 21)
n=  6992   udiff=  6.1142E-06 ( 55, 27)   vdiff=  8.7952E-06 ( 59, 22)
n=  6993   udiff=  6.0944E-06 ( 55, 27)   vdiff=  8.7760E-06 ( 59, 22)
n=  6994   udiff=  6.0961E-06 ( 55, 27)   vdiff=  8.7446E-06 ( 59, 21)
n=  6995   udiff=  6.0558E-06 ( 55, 27)   vdiff=  8.7272E-06 ( 59, 22)
n=  6996   udiff=  6.0457E-06 ( 55, 27)   vdiff=  8.7000E-06 ( 59, 22)
n=  6997   udiff=  6.0467E-06 ( 55, 27)   vdiff=  8.7720E-06 ( 59, 22)
n=  6998   udiff=  6.0188E-06 ( 55, 27)   vdiff=  8.7935E-06 ( 59, 21)
n=  6999   udiff=  6.0000E-06 ( 55, 27)   vdiff=  8.5664E-06 ( 59, 22)
n=  7000   udiff=  5.9804E-06 ( 55, 27)   vdiff=  8.6669E-06 ( 59, 22)
 FAILED to converge in maximum time steps        7000
