 Forming PPE matrix
 Calculating LU decomposition of PPE matrix
 Starting time step loop
n=     1   udiff=  3.3880E+03 ( 61, 15)   vdiff=  2.8861E+03 ( 60, 16)
n=     2   udiff=  1.0542E+02 ( 61, 15)   vdiff=  6.2812E+01 ( 60, 15)
n=     3   udiff=  9.9501E+01 ( 61, 15)   vdiff=  6.1550E+01 ( 60, 15)
n=     4   udiff=  9.3620E+01 ( 61, 15)   vdiff=  5.9823E+01 ( 60, 15)
n=     5   udiff=  8.7828E+01 ( 61, 15)   vdiff=  5.7706E+01 ( 60, 15)
n=     6   udiff=  8.2167E+01 ( 61, 15)   vdiff=  5.5268E+01 ( 60, 15)
n=     7   udiff=  7.6670E+01 ( 61, 15)   vdiff=  5.2573E+01 ( 60, 15)
n=     8   udiff=  7.1365E+01 ( 61, 15)   vdiff=  4.9680E+01 ( 60, 15)
n=     9   udiff=  6.8901E+01 ( 62, 15)   vdiff=  4.6642E+01 ( 60, 15)
n=    10   udiff=  6.8387E+01 ( 62, 15)   vdiff=  4.3508E+01 ( 60, 15)
n=    11   udiff=  6.7560E+01 ( 62, 15)   vdiff=  4.0319E+01 ( 60, 15)
n=    12   udiff=  6.6460E+01 ( 62, 15)   vdiff=  3.7114E+01 ( 60, 15)
n=    13   udiff=  6.5121E+01 ( 62, 15)   vdiff=  3.3925E+01 ( 60, 15)
n=    14   udiff=  6.3580E+01 ( 62, 15)   vdiff=  3.0783E+01 ( 60, 15)
n=    15   udiff=  6.1867E+01 ( 62, 15)   vdiff=  2.7712E+01 ( 60, 15)
n=    16   udiff=  6.0022E+01 ( 62, 15)   vdiff=  2.4735E+01 ( 60, 15)
n=    17   udiff=  5.8072E+01 ( 62, 15)   vdiff=  2.3776E+01 ( 61, 15)
n=    18   udiff=  5.6032E+01 ( 62, 15)   vdiff=  2.4625E+01 ( 61, 15)
n=    19   udiff=  5.3922E+01 ( 62, 15)   vdiff=  2.5179E+01 ( 61, 15)
n=    20   udiff=  5.1766E+01 ( 62, 15)   vdiff=  2.5467E+01 ( 61, 15)
n=    21   udiff=  4.9582E+01 ( 62, 15)   vdiff=  2.5520E+01 ( 61, 15)
n=    22   udiff=  4.8207E+01 ( 63, 15)   vdiff=  2.5365E+01 ( 61, 15)
n=    23   udiff=  4.7642E+01 ( 63, 15)   vdiff=  2.5028E+01 ( 61, 15)
n=    24   udiff=  4.6985E+01 ( 63, 15)   vdiff=  2.4533E+01 ( 61, 15)
n=    25   udiff=  4.6246E+01 ( 63, 15)   vdiff=  2.3904E+01 ( 61, 15)
n=    26   udiff=  4.5433E+01 ( 63, 15)   vdiff=  2.3161E+01 ( 61, 15)
n=    27   udiff=  4.4556E+01 ( 63, 15)   vdiff=  2.2324E+01 ( 61, 15)
n=    28   udiff=  4.3624E+01 ( 63, 15)   vdiff=  2.1411E+01 ( 61, 15)
n=    29   udiff=  4.2644E+01 ( 63, 15)   vdiff=  2.0728E+01 ( 61, 14)
n=    30   udiff=  4.1626E+01 ( 63, 15)   vdiff=  2.0763E+01 ( 61, 14)
n=    31   udiff=  4.0577E+01 ( 63, 15)   vdiff=  2.0682E+01 ( 61, 14)
n=    32   udiff=  3.9503E+01 ( 63, 15)   vdiff=  2.0490E+01 ( 61, 14)
n=    33   udiff=  3.8411E+01 ( 63, 15)   vdiff=  2.0193E+01 ( 61, 14)
n=    34   udiff=  3.7306E+01 ( 63, 15)   vdiff=  1.9798E+01 ( 61, 14)
n=    35   udiff=  3.6195E+01 ( 63, 15)   vdiff=  1.9314E+01 ( 61, 14)
n=    36   udiff=  3.5082E+01 ( 63, 15)   vdiff=  1.8749E+01 ( 61, 14)
n=    37   udiff=  3.3972E+01 ( 63, 15)   vdiff=  1.8111E+01 ( 61, 14)
n=    38   udiff=  3.2868E+01 ( 63, 15)   vdiff=  1.7411E+01 ( 61, 14)
n=    39   udiff=  3.2118E+01 ( 64, 15)   vdiff=  1.6657E+01 ( 61, 14)
n=    40   udiff=  3.1682E+01 ( 64, 15)   vdiff=  1.5860E+01 ( 61, 14)
n=    41   udiff=  3.1226E+01 ( 64, 15)   vdiff=  1.5028E+01 ( 61, 14)
n=    42   udiff=  3.0754E+01 ( 64, 15)   vdiff=  1.4331E+01 ( 62, 14)
n=    43   udiff=  3.0267E+01 ( 64, 15)   vdiff=  1.4629E+01 ( 62, 14)
n=    44   udiff=  2.9766E+01 ( 64, 15)   vdiff=  1.4852E+01 ( 62, 14)
n=    45   udiff=  2.9254E+01 ( 64, 15)   vdiff=  1.5000E+01 ( 62, 14)
n=    46   udiff=  2.8725E+01 ( 64, 15)   vdiff=  1.5082E+01 ( 62, 14)
n=    47   udiff=  2.8185E+01 ( 64, 15)   vdiff=  1.5095E+01 ( 62, 14)
n=    48   udiff=  2.7638E+01 ( 64, 15)   vdiff=  1.5043E+01 ( 62, 14)
n=    49   udiff=  2.7083E+01 ( 64, 15)   vdiff=  1.4928E+01 ( 62, 14)
n=    50   udiff=  2.6522E+01 ( 64, 15)   vdiff=  1.4756E+01 ( 62, 14)
n=    51   udiff=  2.5957E+01 ( 64, 15)   vdiff=  1.4530E+01 ( 62, 14)
n=    52   udiff=  2.5389E+01 ( 64, 15)   vdiff=  1.4254E+01 ( 62, 14)
n=    53   udiff=  2.4818E+01 ( 64, 15)   vdiff=  1.3934E+01 ( 62, 14)
n=    54   udiff=  2.4247E+01 ( 64, 15)   vdiff=  1.3574E+01 ( 62, 14)
n=    55   udiff=  2.3675E+01 ( 64, 15)   vdiff=  1.3179E+01 ( 62, 14)
n=    56   udiff=  2.3104E+01 ( 64, 15)   vdiff=  1.2754E+01 ( 62, 14)
n=    57   udiff=  2.2535E+01 ( 64, 15)   vdiff=  1.2304E+01 ( 62, 14)
n=    58   udiff=  2.1968E+01 ( 64, 15)   vdiff=  1.1833E+01 ( 62, 14)
n=    59   udiff=  2.1405E+01 ( 64, 15)   vdiff=  1.1346E+01 ( 62, 14)
n=    60   udiff=  2.1090E+01 ( 65, 15)   vdiff=  1.0848E+01 ( 62, 14)
n=    61   udiff=  2.0840E+01 ( 65, 15)   vdiff=  1.0342E+01 ( 62, 14)
n=    62   udiff=  2.0584E+01 ( 65, 15)   vdiff=  1.0060E+01 ( 63, 14)
n=    63   udiff=  2.0323E+01 ( 65, 15)   vdiff=  1.0148E+01 ( 63, 14)
n=    64   udiff=  2.0057E+01 ( 65, 15)   vdiff=  1.0198E+01 ( 63, 14)
n=    65   udiff=  1.9785E+01 ( 65, 15)   vdiff=  1.0209E+01 ( 63, 14)
n=    66   udiff=  1.9509E+01 ( 65, 15)   vdiff=  1.0186E+01 ( 63, 14)
n=    67   udiff=  1.9229E+01 ( 65, 15)   vdiff=  1.0130E+01 ( 63, 14)
n=    68   udiff=  1.8944E+01 ( 65, 15)   vdiff=  1.0045E+01 ( 63, 14)
n=    69   udiff=  1.8656E+01 ( 65, 15)   vdiff=  9.9331E+00 ( 63, 14)
n=    70   udiff=  1.8364E+01 ( 65, 15)   vdiff=  9.7958E+00 ( 63, 14)
n=    71   udiff=  1.8069E+01 ( 65, 15)   vdiff=  9.6358E+00 ( 63, 14)
n=    72   udiff=  1.7770E+01 ( 65, 15)   vdiff=  9.4555E+00 ( 63, 14)
n=    73   udiff=  1.7469E+01 ( 65, 15)   vdiff=  9.2579E+00 ( 63, 14)
n=    74   udiff=  1.7166E+01 ( 65, 15)   vdiff=  9.0452E+00 ( 63, 14)
n=    75   udiff=  1.6860E+01 ( 65, 15)   vdiff=  8.8189E+00 ( 63, 14)
n=    76   udiff=  1.6553E+01 ( 65, 15)   vdiff=  8.5810E+00 ( 63, 14)
n=    77   udiff=  1.6244E+01 ( 65, 15)   vdiff=  8.3339E+00 ( 63, 14)
n=    78   udiff=  1.5935E+01 ( 65, 15)   vdiff=  8.0797E+00 ( 63, 14)
n=    79   udiff=  1.5625E+01 ( 65, 15)   vdiff=  7.8201E+00 ( 63, 14)
n=    80   udiff=  1.5314E+01 ( 65, 15)   vdiff=  7.5570E+00 ( 63, 14)
n=    81   udiff=  1.5004E+01 ( 65, 15)   vdiff=  7.2920E+00 ( 63, 14)
n=    82   udiff=  1.4768E+01 ( 66, 15)   vdiff=  7.0267E+00 ( 63, 14)
n=    83   udiff=  1.4636E+01 ( 66, 15)   vdiff=  6.7625E+00 ( 63, 14)
n=    84   udiff=  1.4500E+01 ( 66, 15)   vdiff=  6.7624E+00 ( 64, 14)
n=    85   udiff=  1.4360E+01 ( 66, 15)   vdiff=  6.7782E+00 ( 64, 14)
n=    86   udiff=  1.4216E+01 ( 66, 15)   vdiff=  6.7770E+00 ( 64, 14)
n=    87   udiff=  1.4068E+01 ( 66, 15)   vdiff=  6.7600E+00 ( 64, 14)
n=    88   udiff=  1.3917E+01 ( 66, 15)   vdiff=  6.7290E+00 ( 64, 14)
n=    89   udiff=  1.3763E+01 ( 66, 15)   vdiff=  6.6844E+00 ( 64, 14)
n=    90   udiff=  1.3604E+01 ( 66, 15)   vdiff=  6.6272E+00 ( 64, 14)
n=    91   udiff=  1.3443E+01 ( 66, 15)   vdiff=  6.5585E+00 ( 64, 14)
n=    92   udiff=  1.3278E+01 ( 66, 15)   vdiff=  6.4786E+00 ( 64, 14)
n=    93   udiff=  1.3110E+01 ( 66, 15)   vdiff=  6.3891E+00 ( 64, 14)
n=    94   udiff=  1.2940E+01 ( 66, 15)   vdiff=  6.2913E+00 ( 64, 14)
n=    95   udiff=  1.2767E+01 ( 66, 15)   vdiff=  6.1862E+00 ( 64, 14)
n=    96   udiff=  1.2591E+01 ( 66, 15)   vdiff=  6.0750E+00 ( 64, 14)
n=    97   udiff=  1.2413E+01 ( 66, 15)   vdiff=  5.9584E+00 ( 64, 14)
n=    98   udiff=  1.2233E+01 ( 66, 15)   vdiff=  5.8374E+00 ( 64, 14)
n=    99   udiff=  1.2051E+01 ( 66, 15)   vdiff=  5.7129E+00 ( 64, 14)
n=   100   udiff=  1.1867E+01 ( 66, 15)   vdiff=  5.5856E+00 ( 64, 14)
n=   101   udiff=  1.1682E+01 ( 66, 15)   vdiff=  5.4564E+00 ( 64, 14)
n=   102   udiff=  1.1496E+01 ( 66, 15)   vdiff=  5.3260E+00 ( 64, 14)
n=   103   udiff=  1.1309E+01 ( 66, 15)   vdiff=  5.1950E+00 ( 64, 14)
n=   104   udiff=  1.1121E+01 ( 66, 15)   vdiff=  5.0641E+00 ( 64, 14)
n=   105   udiff=  1.0975E+01 ( 67, 15)   vdiff=  4.9337E+00 ( 64, 14)
n=   106   udiff=  1.0900E+01 ( 67, 15)   vdiff=  4.9052E+00 (  4, 17)
n=   107   udiff=  1.0823E+01 ( 67, 14)   vdiff=  4.8931E+00 (  4, 17)
n=   108   udiff=  1.0763E+01 ( 67, 14)   vdiff=  4.8783E+00 (  4, 17)
n=   109   udiff=  1.0699E+01 ( 67, 14)   vdiff=  4.8608E+00 (  4, 17)
n=   110   udiff=  1.0631E+01 ( 67, 14)   vdiff=  4.8407E+00 (  4, 17)
n=   111   udiff=  1.0558E+01 ( 67, 14)   vdiff=  4.8181E+00 (  4, 17)
n=   112   udiff=  1.0482E+01 ( 67, 14)   vdiff=  4.7930E+00 (  4, 17)
n=   113   udiff=  1.0403E+01 ( 67, 14)   vdiff=  4.7656E+00 (  4, 17)
n=   114   udiff=  1.0321E+01 ( 67, 14)   vdiff=  4.7371E+00 (  4, 18)
n=   115   udiff=  1.0235E+01 ( 67, 14)   vdiff=  4.7172E+00 (  4, 18)
n=   116   udiff=  1.0148E+01 ( 67, 14)   vdiff=  4.6950E+00 (  4, 18)
n=   117   udiff=  1.0058E+01 ( 67, 14)   vdiff=  4.6708E+00 (  4, 18)
n=   118   udiff=  9.9659E+00 ( 67, 14)   vdiff=  4.6444E+00 (  4, 18)
n=   119   udiff=  9.9101E+00 ( 68, 14)   vdiff=  4.6161E+00 (  4, 18)
n=   120   udiff=  9.8860E+00 ( 68, 14)   vdiff=  4.5859E+00 (  4, 18)
n=   121   udiff=  9.8575E+00 ( 68, 14)   vdiff=  4.5539E+00 (  4, 18)
n=   122   udiff=  9.8249E+00 ( 68, 14)   vdiff=  4.5200E+00 (  4, 18)
n=   123   udiff=  9.7883E+00 ( 68, 14)   vdiff=  4.4845E+00 (  4, 18)
n=   124   udiff=  9.7480E+00 ( 68, 14)   vdiff=  4.4586E+00 (  4, 19)
n=   125   udiff=  9.7041E+00 ( 68, 14)   vdiff=  4.4316E+00 (  4, 19)
n=   126   udiff=  9.6569E+00 ( 68, 14)   vdiff=  4.4030E+00 (  4, 19)
n=   127   udiff=  9.6065E+00 ( 68, 14)   vdiff=  4.3728E+00 (  4, 19)
n=   128   udiff=  9.5531E+00 ( 68, 14)   vdiff=  4.3411E+00 (  4, 19)
n=   129   udiff=  9.4969E+00 ( 68, 14)   vdiff=  4.3087E+00 (  5, 15)
n=   130   udiff=  9.4381E+00 ( 68, 14)   vdiff=  4.3059E+00 (  5, 16)
n=   131   udiff=  9.3769E+00 ( 68, 14)   vdiff=  4.3085E+00 (  5, 16)
n=   132   udiff=  9.3136E+00 ( 68, 14)   vdiff=  4.3085E+00 (  5, 16)
n=   133   udiff=  9.2482E+00 ( 68, 14)   vdiff=  4.3062E+00 (  5, 16)
n=   134   udiff=  9.1811E+00 ( 68, 14)   vdiff=  4.3016E+00 (  5, 16)
n=   135   udiff=  9.1124E+00 ( 68, 14)   vdiff=  4.2946E+00 (  5, 16)
n=   136   udiff=  9.0422E+00 ( 68, 14)   vdiff=  4.2853E+00 (  5, 16)
n=   137   udiff=  8.9708E+00 ( 68, 14)   vdiff=  4.2738E+00 (  5, 16)
n=   138   udiff=  8.8983E+00 ( 68, 14)   vdiff=  4.2601E+00 (  5, 16)
n=   139   udiff=  8.8249E+00 ( 68, 14)   vdiff=  4.2444E+00 (  5, 16)
n=   140   udiff=  8.7508E+00 ( 68, 14)   vdiff=  4.2376E+00 (  5, 17)
n=   141   udiff=  8.7008E+00 ( 69, 14)   vdiff=  4.2289E+00 (  5, 17)
n=   142   udiff=  8.6719E+00 ( 69, 14)   vdiff=  4.2182E+00 (  5, 17)
n=   143   udiff=  8.6404E+00 ( 69, 14)   vdiff=  4.2055E+00 (  5, 17)
n=   144   udiff=  8.6064E+00 ( 69, 14)   vdiff=  4.1909E+00 (  5, 17)
n=   145   udiff=  8.5701E+00 ( 69, 14)   vdiff=  4.1744E+00 (  5, 17)
n=   146   udiff=  8.5317E+00 ( 69, 14)   vdiff=  4.1561E+00 (  5, 17)
n=   147   udiff=  8.4911E+00 ( 69, 14)   vdiff=  4.1360E+00 (  5, 17)
n=   148   udiff=  8.4486E+00 ( 69, 14)   vdiff=  4.1142E+00 (  5, 17)
n=   149   udiff=  8.4044E+00 ( 69, 14)   vdiff=  4.0942E+00 (  5, 18)
n=   150   udiff=  8.3584E+00 ( 69, 14)   vdiff=  4.0804E+00 (  5, 18)
n=   151   udiff=  8.3109E+00 ( 69, 14)   vdiff=  4.0649E+00 (  5, 18)
n=   152   udiff=  8.2620E+00 ( 69, 14)   vdiff=  4.0479E+00 (  5, 18)
n=   153   udiff=  8.2119E+00 ( 69, 14)   vdiff=  4.0292E+00 (  5, 18)
n=   154   udiff=  8.1605E+00 ( 69, 14)   vdiff=  4.0091E+00 (  5, 18)
n=   155   udiff=  8.1082E+00 ( 69, 14)   vdiff=  3.9875E+00 (  5, 18)
n=   156   udiff=  8.0549E+00 ( 69, 14)   vdiff=  3.9645E+00 (  5, 18)
n=   157   udiff=  8.0008E+00 ( 69, 14)   vdiff=  3.9400E+00 (  5, 18)
n=   158   udiff=  7.9460E+00 ( 69, 14)   vdiff=  3.9143E+00 (  5, 18)
n=   159   udiff=  7.8907E+00 ( 69, 14)   vdiff=  3.8872E+00 (  5, 18)
n=   160   udiff=  7.8349E+00 ( 69, 14)   vdiff=  3.8686E+00 (  5, 19)
n=   161   udiff=  7.7787E+00 ( 69, 14)   vdiff=  3.8501E+00 (  5, 19)
n=   162   udiff=  7.7223E+00 ( 69, 14)   vdiff=  3.8342E+00 (  6, 16)
n=   163   udiff=  7.6657E+00 ( 69, 14)   vdiff=  3.8363E+00 (  6, 16)
n=   164   udiff=  7.6090E+00 ( 69, 14)   vdiff=  3.8364E+00 (  6, 16)
n=   165   udiff=  7.5727E+00 ( 70, 14)   vdiff=  3.8347E+00 (  6, 16)
n=   166   udiff=  7.5440E+00 ( 70, 14)   vdiff=  3.8312E+00 (  6, 16)
n=   167   udiff=  7.5138E+00 ( 70, 14)   vdiff=  3.8258E+00 (  6, 16)
n=   168   udiff=  7.4822E+00 ( 70, 14)   vdiff=  3.8186E+00 (  6, 16)
n=   169   udiff=  7.4495E+00 ( 70, 14)   vdiff=  3.8097E+00 (  6, 16)
n=   170   udiff=  7.4156E+00 ( 70, 14)   vdiff=  3.7991E+00 (  6, 16)
n=   171   udiff=  7.3806E+00 ( 70, 14)   vdiff=  3.7868E+00 (  6, 16)
n=   172   udiff=  7.3447E+00 ( 70, 14)   vdiff=  3.7736E+00 (  6, 17)
n=   173   udiff=  7.3078E+00 ( 70, 14)   vdiff=  3.7687E+00 (  6, 17)
n=   174   udiff=  7.2702E+00 ( 70, 14)   vdiff=  3.7623E+00 (  6, 17)
n=   175   udiff=  7.2319E+00 ( 70, 14)   vdiff=  3.7542E+00 (  6, 17)
n=   176   udiff=  7.1929E+00 ( 70, 14)   vdiff=  3.7446E+00 (  6, 17)
n=   177   udiff=  7.1534E+00 ( 70, 14)   vdiff=  3.7335E+00 (  6, 17)
n=   178   udiff=  7.1134E+00 ( 70, 14)   vdiff=  3.7209E+00 (  6, 17)
n=   179   udiff=  7.0729E+00 ( 70, 14)   vdiff=  3.7069E+00 (  6, 17)
n=   180   udiff=  7.0322E+00 ( 70, 14)   vdiff=  3.6914E+00 (  6, 17)
n=   181   udiff=  6.9911E+00 ( 70, 14)   vdiff=  3.6746E+00 (  6, 17)
n=   182   udiff=  6.9499E+00 ( 70, 14)   vdiff=  3.6564E+00 (  6, 17)
n=   183   udiff=  6.9085E+00 ( 70, 14)   vdiff=  3.6403E+00 (  6, 18)
n=   184   udiff=  6.8670E+00 ( 70, 14)   vdiff=  3.6302E+00 (  6, 18)
n=   185   udiff=  6.8255E+00 ( 70, 14)   vdiff=  3.6188E+00 (  6, 18)
n=   186   udiff=  6.7840E+00 ( 70, 14)   vdiff=  3.6062E+00 (  6, 18)
n=   187   udiff=  6.7425E+00 ( 70, 14)   vdiff=  3.5923E+00 (  6, 18)
n=   188   udiff=  6.7012E+00 ( 70, 14)   vdiff=  3.5771E+00 (  6, 18)
n=   189   udiff=  6.6600E+00 ( 70, 14)   vdiff=  3.5608E+00 (  6, 18)
n=   190   udiff=  6.6190E+00 ( 70, 14)   vdiff=  3.5433E+00 (  6, 18)
n=   191   udiff=  6.5782E+00 ( 70, 14)   vdiff=  3.5247E+00 (  6, 18)
n=   192   udiff=  6.5456E+00 ( 71, 14)   vdiff=  3.5050E+00 (  6, 18)
n=   193   udiff=  6.5197E+00 ( 71, 14)   vdiff=  3.4842E+00 (  6, 18)
n=   194   udiff=  6.4933E+00 ( 71, 14)   vdiff=  3.4681E+00 (  7, 16)
n=   195   udiff=  6.4664E+00 ( 71, 14)   vdiff=  3.4690E+00 (  7, 16)
n=   196   udiff=  6.4390E+00 ( 71, 14)   vdiff=  3.4685E+00 (  7, 16)
n=   197   udiff=  6.4112E+00 ( 71, 14)   vdiff=  3.4664E+00 (  7, 16)
n=   198   udiff=  6.3830E+00 ( 71, 14)   vdiff=  3.4629E+00 (  7, 16)
n=   199   udiff=  6.3544E+00 ( 71, 14)   vdiff=  3.4578E+00 (  7, 16)
n=   200   udiff=  6.3257E+00 ( 71, 14)   vdiff=  3.4514E+00 (  7, 16)
n=   201   udiff=  6.2967E+00 ( 71, 14)   vdiff=  3.4435E+00 (  7, 16)
n=   202   udiff=  6.2675E+00 ( 71, 14)   vdiff=  3.4343E+00 (  7, 16)
n=   203   udiff=  6.2381E+00 ( 71, 14)   vdiff=  3.4237E+00 (  7, 16)
n=   204   udiff=  6.2087E+00 ( 71, 14)   vdiff=  3.4117E+00 (  7, 16)
n=   205   udiff=  6.1792E+00 ( 71, 14)   vdiff=  3.4055E+00 (  7, 17)
n=   206   udiff=  6.1496E+00 ( 71, 14)   vdiff=  3.4011E+00 (  7, 17)
n=   207   udiff=  6.1201E+00 ( 71, 14)   vdiff=  3.3954E+00 (  7, 17)
n=   208   udiff=  6.0905E+00 ( 71, 14)   vdiff=  3.3885E+00 (  7, 17)
n=   209   udiff=  6.0610E+00 ( 71, 14)   vdiff=  3.3803E+00 (  7, 17)
n=   210   udiff=  6.0316E+00 ( 71, 14)   vdiff=  3.3708E+00 (  7, 17)
n=   211   udiff=  6.0023E+00 ( 71, 14)   vdiff=  3.3602E+00 (  7, 17)
n=   212   udiff=  5.9731E+00 ( 71, 14)   vdiff=  3.3484E+00 (  7, 17)
n=   213   udiff=  5.9441E+00 ( 71, 14)   vdiff=  3.3354E+00 (  7, 17)
n=   214   udiff=  5.9152E+00 ( 71, 14)   vdiff=  3.3213E+00 (  7, 17)
n=   215   udiff=  5.8864E+00 ( 71, 14)   vdiff=  3.3061E+00 (  7, 17)
n=   216   udiff=  5.8578E+00 ( 71, 14)   vdiff=  3.2898E+00 (  7, 17)
n=   217   udiff=  5.8294E+00 ( 71, 14)   vdiff=  3.2811E+00 (  7, 18)
n=   218   udiff=  5.8012E+00 ( 71, 14)   vdiff=  3.2728E+00 (  7, 18)
n=   219   udiff=  5.7732E+00 ( 71, 14)   vdiff=  3.2635E+00 (  7, 18)
n=   220   udiff=  5.7454E+00 ( 71, 14)   vdiff=  3.2532E+00 (  7, 18)
n=   221   udiff=  5.7178E+00 ( 71, 14)   vdiff=  3.2418E+00 (  7, 18)
n=   222   udiff=  5.6903E+00 ( 71, 14)   vdiff=  3.2294E+00 (  7, 18)
n=   223   udiff=  5.6631E+00 ( 71, 14)   vdiff=  3.2160E+00 (  7, 18)
n=   224   udiff=  5.6361E+00 ( 71, 14)   vdiff=  3.2017E+00 (  7, 18)
n=   225   udiff=  5.6092E+00 ( 71, 14)   vdiff=  3.1865E+00 (  7, 18)
n=   226   udiff=  5.5826E+00 ( 71, 14)   vdiff=  3.1703E+00 (  7, 18)
n=   227   udiff=  5.5589E+00 ( 72, 14)   vdiff=  3.1666E+00 (  8, 16)
n=   228   udiff=  5.5386E+00 ( 72, 14)   vdiff=  3.1651E+00 (  8, 16)
n=   229   udiff=  5.5183E+00 ( 72, 14)   vdiff=  3.1625E+00 (  8, 16)
n=   230   udiff=  5.4979E+00 ( 72, 14)   vdiff=  3.1586E+00 (  8, 16)
n=   231   udiff=  5.4776E+00 ( 72, 14)   vdiff=  3.1535E+00 (  8, 16)
n=   232   udiff=  5.4573E+00 ( 72, 14)   vdiff=  3.1472E+00 (  8, 16)
n=   233   udiff=  5.4370E+00 ( 72, 14)   vdiff=  3.1397E+00 (  8, 16)
n=   234   udiff=  5.4167E+00 ( 72, 14)   vdiff=  3.1311E+00 (  8, 16)
n=   235   udiff=  5.3965E+00 ( 72, 14)   vdiff=  3.1214E+00 (  8, 16)
n=   236   udiff=  5.3763E+00 ( 72, 14)   vdiff=  3.1106E+00 (  8, 16)
n=   237   udiff=  5.3562E+00 ( 72, 14)   vdiff=  3.1051E+00 (  8, 17)
n=   238   udiff=  5.3361E+00 ( 72, 14)   vdiff=  3.1017E+00 (  8, 17)
n=   239   udiff=  5.3161E+00 ( 72, 14)   vdiff=  3.0973E+00 (  8, 17)
n=   240   udiff=  5.2961E+00 ( 72, 14)   vdiff=  3.0918E+00 (  8, 17)
n=   241   udiff=  5.2762E+00 ( 72, 14)   vdiff=  3.0852E+00 (  8, 17)
n=   242   udiff=  5.2564E+00 ( 72, 14)   vdiff=  3.0776E+00 (  8, 17)
n=   243   udiff=  5.2366E+00 ( 72, 14)   vdiff=  3.0691E+00 (  8, 17)
n=   244   udiff=  5.2169E+00 ( 72, 14)   vdiff=  3.0595E+00 (  8, 17)
n=   245   udiff=  5.1972E+00 ( 72, 14)   vdiff=  3.0489E+00 (  8, 17)
n=   246   udiff=  5.1775E+00 ( 72, 14)   vdiff=  3.0374E+00 (  8, 17)
n=   247   udiff=  5.1579E+00 ( 72, 14)   vdiff=  3.0250E+00 (  8, 17)
n=   248   udiff=  5.1384E+00 ( 72, 14)   vdiff=  3.0116E+00 (  8, 17)
n=   249   udiff=  5.1188E+00 ( 72, 14)   vdiff=  2.9974E+00 (  8, 17)
n=   250   udiff=  5.0993E+00 ( 72, 14)   vdiff=  2.9894E+00 (  8, 18)
n=   251   udiff=  5.0798E+00 ( 72, 14)   vdiff=  2.9829E+00 (  8, 18)
n=   252   udiff=  5.0603E+00 ( 72, 14)   vdiff=  2.9756E+00 (  8, 18)
n=   253   udiff=  5.0408E+00 ( 72, 14)   vdiff=  2.9674E+00 (  8, 18)
n=   254   udiff=  5.0213E+00 ( 72, 14)   vdiff=  2.9583E+00 (  8, 18)
n=   255   udiff=  5.0018E+00 ( 72, 14)   vdiff=  2.9484E+00 (  8, 18)
n=   256   udiff=  4.9822E+00 ( 72, 14)   vdiff=  2.9376E+00 (  8, 18)
n=   257   udiff=  4.9627E+00 ( 72, 14)   vdiff=  2.9261E+00 (  8, 18)
n=   258   udiff=  4.9430E+00 ( 72, 14)   vdiff=  2.9137E+00 (  8, 18)
n=   259   udiff=  4.9234E+00 ( 72, 14)   vdiff=  2.9087E+00 (  9, 16)
n=   260   udiff=  4.9037E+00 ( 72, 14)   vdiff=  2.9064E+00 (  9, 16)
n=   261   udiff=  4.8839E+00 ( 72, 14)   vdiff=  2.9031E+00 (  9, 16)
n=   262   udiff=  4.8640E+00 ( 72, 14)   vdiff=  2.8988E+00 (  9, 16)
n=   263   udiff=  4.8441E+00 ( 72, 14)   vdiff=  2.8934E+00 (  9, 16)
n=   264   udiff=  4.8241E+00 ( 72, 14)   vdiff=  2.8871E+00 (  9, 16)
n=   265   udiff=  4.8045E+00 ( 73, 14)   vdiff=  2.8797E+00 (  9, 16)
n=   266   udiff=  4.7904E+00 ( 73, 14)   vdiff=  2.8715E+00 (  9, 16)
n=   267   udiff=  4.7763E+00 ( 73, 14)   vdiff=  2.8623E+00 (  9, 16)
n=   268   udiff=  4.7621E+00 ( 73, 14)   vdiff=  2.8521E+00 (  9, 16)
n=   269   udiff=  4.7479E+00 ( 73, 14)   vdiff=  2.8492E+00 (  9, 17)
n=   270   udiff=  4.7335E+00 ( 73, 14)   vdiff=  2.8463E+00 (  9, 17)
n=   271   udiff=  4.7191E+00 ( 73, 14)   vdiff=  2.8425E+00 (  9, 17)
n=   272   udiff=  4.7046E+00 ( 73, 14)   vdiff=  2.8379E+00 (  9, 17)
n=   273   udiff=  4.6900E+00 ( 73, 14)   vdiff=  2.8323E+00 (  9, 17)
n=   274   udiff=  4.6754E+00 ( 73, 14)   vdiff=  2.8259E+00 (  9, 17)
n=   275   udiff=  4.6606E+00 ( 73, 14)   vdiff=  2.8186E+00 (  9, 17)
n=   276   udiff=  4.6457E+00 ( 73, 14)   vdiff=  2.8104E+00 (  9, 17)
n=   277   udiff=  4.6308E+00 ( 73, 14)   vdiff=  2.8015E+00 (  9, 17)
n=   278   udiff=  4.6157E+00 ( 73, 14)   vdiff=  2.7917E+00 (  9, 17)
n=   279   udiff=  4.6005E+00 ( 73, 14)   vdiff=  2.7811E+00 (  9, 17)
n=   280   udiff=  4.5852E+00 ( 73, 14)   vdiff=  2.7698E+00 (  9, 17)
n=   281   udiff=  4.5697E+00 ( 73, 14)   vdiff=  2.7576E+00 (  9, 17)
n=   282   udiff=  4.5541E+00 ( 73, 14)   vdiff=  2.7448E+00 (  9, 17)
n=   283   udiff=  4.5384E+00 ( 73, 14)   vdiff=  2.7394E+00 (  9, 18)
n=   284   udiff=  4.5226E+00 ( 73, 14)   vdiff=  2.7340E+00 (  9, 18)
n=   285   udiff=  4.5066E+00 ( 73, 14)   vdiff=  2.7278E+00 (  9, 18)
n=   286   udiff=  4.4905E+00 ( 73, 14)   vdiff=  2.7210E+00 (  9, 18)
n=   287   udiff=  4.4743E+00 ( 73, 14)   vdiff=  2.7133E+00 (  9, 18)
n=   288   udiff=  4.4579E+00 ( 73, 14)   vdiff=  2.7050E+00 (  9, 18)
n=   289   udiff=  4.4413E+00 ( 73, 14)   vdiff=  2.6960E+00 (  9, 18)
n=   290   udiff=  4.4247E+00 ( 73, 14)   vdiff=  2.6863E+00 (  9, 18)
n=   291   udiff=  4.4078E+00 ( 73, 14)   vdiff=  2.6837E+00 ( 10, 16)
n=   292   udiff=  4.3909E+00 ( 73, 14)   vdiff=  2.6807E+00 ( 10, 16)
n=   293   udiff=  4.3737E+00 ( 73, 14)   vdiff=  2.6767E+00 ( 10, 16)
n=   294   udiff=  4.3565E+00 ( 73, 14)   vdiff=  2.6719E+00 ( 10, 16)
n=   295   udiff=  4.3390E+00 ( 73, 14)   vdiff=  2.6663E+00 ( 10, 16)
n=   296   udiff=  4.3215E+00 ( 73, 14)   vdiff=  2.6598E+00 ( 10, 16)
n=   297   udiff=  4.3063E+00 ( 74, 14)   vdiff=  2.6525E+00 ( 10, 16)
n=   298   udiff=  4.2950E+00 ( 74, 14)   vdiff=  2.6444E+00 ( 10, 16)
n=   299   udiff=  4.2835E+00 ( 74, 14)   vdiff=  2.6355E+00 ( 10, 16)
n=   300   udiff=  4.2718E+00 ( 74, 14)   vdiff=  2.6286E+00 ( 10, 17)
n=   301   udiff=  4.2599E+00 ( 74, 14)   vdiff=  2.6268E+00 ( 10, 17)
n=   302   udiff=  4.2479E+00 ( 74, 14)   vdiff=  2.6241E+00 ( 10, 17)
n=   303   udiff=  4.2358E+00 ( 74, 14)   vdiff=  2.6206E+00 ( 10, 17)
n=   304   udiff=  4.2234E+00 ( 74, 14)   vdiff=  2.6164E+00 ( 10, 17)
n=   305   udiff=  4.2109E+00 ( 74, 14)   vdiff=  2.6114E+00 ( 10, 17)
n=   306   udiff=  4.1983E+00 ( 74, 14)   vdiff=  2.6057E+00 ( 10, 17)
n=   307   udiff=  4.1854E+00 ( 74, 14)   vdiff=  2.5992E+00 ( 10, 17)
n=   308   udiff=  4.1724E+00 ( 74, 14)   vdiff=  2.5920E+00 ( 10, 17)
n=   309   udiff=  4.1593E+00 ( 74, 14)   vdiff=  2.5841E+00 ( 10, 17)
n=   310   udiff=  4.1459E+00 ( 74, 14)   vdiff=  2.5755E+00 ( 10, 17)
n=   311   udiff=  4.1324E+00 ( 74, 14)   vdiff=  2.5663E+00 ( 10, 17)
n=   312   udiff=  4.1188E+00 ( 74, 14)   vdiff=  2.5564E+00 ( 10, 17)
n=   313   udiff=  4.1049E+00 ( 74, 14)   vdiff=  2.5458E+00 ( 10, 17)
n=   314   udiff=  4.0910E+00 ( 74, 14)   vdiff=  2.5345E+00 ( 10, 17)
n=   315   udiff=  4.0768E+00 ( 74, 14)   vdiff=  2.5253E+00 ( 10, 18)
n=   316   udiff=  4.0625E+00 ( 74, 14)   vdiff=  2.5212E+00 ( 10, 18)
n=   317   udiff=  4.0481E+00 ( 74, 14)   vdiff=  2.5164E+00 ( 10, 18)
n=   318   udiff=  4.0335E+00 ( 74, 14)   vdiff=  2.5110E+00 ( 10, 18)
n=   319   udiff=  4.0187E+00 ( 74, 14)   vdiff=  2.5050E+00 ( 10, 18)
n=   320   udiff=  4.0038E+00 ( 74, 14)   vdiff=  2.4984E+00 ( 10, 18)
n=   321   udiff=  3.9888E+00 ( 74, 14)   vdiff=  2.4911E+00 ( 10, 18)
n=   322   udiff=  3.9736E+00 ( 74, 14)   vdiff=  2.4870E+00 ( 11, 16)
n=   323   udiff=  3.9583E+00 ( 74, 14)   vdiff=  2.4840E+00 ( 11, 16)
n=   324   udiff=  3.9429E+00 ( 74, 14)   vdiff=  2.4803E+00 ( 11, 16)
n=   325   udiff=  3.9273E+00 ( 74, 14)   vdiff=  2.4758E+00 ( 11, 16)
n=   326   udiff=  3.9117E+00 ( 74, 14)   vdiff=  2.4706E+00 ( 11, 16)
n=   327   udiff=  3.9011E+00 ( 75, 14)   vdiff=  2.4647E+00 ( 11, 16)
n=   328   udiff=  3.8910E+00 ( 75, 14)   vdiff=  2.4581E+00 ( 11, 16)
n=   329   udiff=  3.8807E+00 ( 75, 14)   vdiff=  2.4508E+00 ( 11, 16)
n=   330   udiff=  3.8702E+00 ( 75, 14)   vdiff=  2.4428E+00 ( 11, 16)
n=   331   udiff=  3.8596E+00 ( 75, 14)   vdiff=  2.4341E+00 ( 11, 16)
n=   332   udiff=  3.8488E+00 ( 75, 14)   vdiff=  2.4323E+00 ( 11, 17)
n=   333   udiff=  3.8378E+00 ( 75, 14)   vdiff=  2.4304E+00 ( 11, 17)
n=   334   udiff=  3.8267E+00 ( 75, 14)   vdiff=  2.4277E+00 ( 11, 17)
n=   335   udiff=  3.8154E+00 ( 75, 14)   vdiff=  2.4244E+00 ( 11, 17)
n=   336   udiff=  3.8039E+00 ( 75, 14)   vdiff=  2.4204E+00 ( 11, 17)
n=   337   udiff=  3.7923E+00 ( 75, 14)   vdiff=  2.4158E+00 ( 11, 17)
n=   338   udiff=  3.7805E+00 ( 75, 14)   vdiff=  2.4105E+00 ( 11, 17)
n=   339   udiff=  3.7686E+00 ( 75, 14)   vdiff=  2.4046E+00 ( 11, 17)
n=   340   udiff=  3.7566E+00 ( 75, 14)   vdiff=  2.3980E+00 ( 11, 17)
n=   341   udiff=  3.7444E+00 ( 75, 14)   vdiff=  2.3909E+00 ( 11, 17)
n=   342   udiff=  3.7321E+00 ( 75, 14)   vdiff=  2.3832E+00 ( 11, 17)
n=   343   udiff=  3.7196E+00 ( 75, 14)   vdiff=  2.3749E+00 ( 11, 17)
n=   344   udiff=  3.7070E+00 ( 75, 14)   vdiff=  2.3660E+00 ( 11, 17)
n=   345   udiff=  3.6943E+00 ( 75, 14)   vdiff=  2.3565E+00 ( 11, 17)
n=   346   udiff=  3.6815E+00 ( 75, 14)   vdiff=  2.3465E+00 ( 11, 17)
n=   347   udiff=  3.6685E+00 ( 75, 14)   vdiff=  2.3360E+00 ( 11, 17)
n=   348   udiff=  3.6554E+00 ( 75, 14)   vdiff=  2.3319E+00 ( 11, 18)
n=   349   udiff=  3.6423E+00 ( 75, 14)   vdiff=  2.3281E+00 ( 11, 18)
n=   350   udiff=  3.6290E+00 ( 75, 14)   vdiff=  2.3237E+00 ( 11, 18)
n=   351   udiff=  3.6156E+00 ( 75, 14)   vdiff=  2.3188E+00 ( 11, 18)
n=   352   udiff=  3.6022E+00 ( 75, 14)   vdiff=  2.3134E+00 ( 12, 16)
n=   353   udiff=  3.5886E+00 ( 75, 14)   vdiff=  2.3111E+00 ( 12, 16)
n=   354   udiff=  3.5750E+00 ( 75, 14)   vdiff=  2.3082E+00 ( 12, 16)
n=   355   udiff=  3.5612E+00 ( 75, 14)   vdiff=  2.3046E+00 ( 12, 16)
n=   356   udiff=  3.5496E+00 ( 76, 14)   vdiff=  2.3003E+00 ( 12, 16)
n=   357   udiff=  3.5405E+00 ( 76, 14)   vdiff=  2.2955E+00 ( 12, 16)
n=   358   udiff=  3.5312E+00 ( 76, 14)   vdiff=  2.2899E+00 ( 12, 16)
n=   359   udiff=  3.5217E+00 ( 76, 14)   vdiff=  2.2838E+00 ( 12, 16)
n=   360   udiff=  3.5122E+00 ( 76, 14)   vdiff=  2.2771E+00 ( 12, 16)
n=   361   udiff=  3.5024E+00 ( 76, 14)   vdiff=  2.2698E+00 ( 12, 16)
n=   362   udiff=  3.4926E+00 ( 76, 14)   vdiff=  2.2618E+00 ( 12, 16)
n=   363   udiff=  3.4826E+00 ( 76, 14)   vdiff=  2.2586E+00 ( 12, 17)
n=   364   udiff=  3.4725E+00 ( 76, 14)   vdiff=  2.2571E+00 ( 12, 17)
n=   365   udiff=  3.4623E+00 ( 76, 14)   vdiff=  2.2549E+00 ( 12, 17)
n=   366   udiff=  3.4520E+00 ( 76, 14)   vdiff=  2.2522E+00 ( 12, 17)
n=   367   udiff=  3.4415E+00 ( 76, 14)   vdiff=  2.2489E+00 ( 12, 17)
n=   368   udiff=  3.4310E+00 ( 76, 14)   vdiff=  2.2451E+00 ( 12, 17)
n=   369   udiff=  3.4203E+00 ( 76, 14)   vdiff=  2.2406E+00 ( 12, 17)
n=   370   udiff=  3.4095E+00 ( 76, 14)   vdiff=  2.2357E+00 ( 12, 17)
n=   371   udiff=  3.3987E+00 ( 76, 14)   vdiff=  2.2301E+00 ( 12, 17)
n=   372   udiff=  3.3877E+00 ( 76, 14)   vdiff=  2.2241E+00 ( 12, 17)
n=   373   udiff=  3.3767E+00 ( 76, 14)   vdiff=  2.2175E+00 ( 12, 17)
n=   374   udiff=  3.3656E+00 ( 76, 14)   vdiff=  2.2104E+00 ( 12, 17)
n=   375   udiff=  3.3543E+00 ( 76, 14)   vdiff=  2.2028E+00 ( 12, 17)
n=   376   udiff=  3.3431E+00 ( 76, 14)   vdiff=  2.1947E+00 ( 12, 17)
n=   377   udiff=  3.3317E+00 ( 76, 14)   vdiff=  2.1861E+00 ( 12, 17)
n=   378   udiff=  3.3203E+00 ( 76, 14)   vdiff=  2.1771E+00 ( 12, 17)
n=   379   udiff=  3.3088E+00 ( 76, 14)   vdiff=  2.1675E+00 ( 12, 17)
n=   380   udiff=  3.2972E+00 ( 76, 14)   vdiff=  2.1623E+00 ( 12, 18)
n=   381   udiff=  3.2856E+00 ( 76, 14)   vdiff=  2.1591E+00 ( 12, 18)
n=   382   udiff=  3.2739E+00 ( 76, 14)   vdiff=  2.1568E+00 ( 13, 16)
n=   383   udiff=  3.2622E+00 ( 76, 14)   vdiff=  2.1550E+00 ( 13, 16)
n=   384   udiff=  3.2504E+00 ( 76, 14)   vdiff=  2.1526E+00 ( 13, 16)
n=   385   udiff=  3.2386E+00 ( 76, 14)   vdiff=  2.1496E+00 ( 13, 16)
n=   386   udiff=  3.2267E+00 ( 76, 14)   vdiff=  2.1461E+00 ( 13, 16)
n=   387   udiff=  3.2184E+00 ( 77, 14)   vdiff=  2.1420E+00 ( 13, 16)
n=   388   udiff=  3.2100E+00 ( 77, 14)   vdiff=  2.1373E+00 ( 13, 16)
n=   389   udiff=  3.2015E+00 ( 77, 14)   vdiff=  2.1321E+00 ( 13, 16)
n=   390   udiff=  3.1930E+00 ( 77, 14)   vdiff=  2.1263E+00 ( 13, 16)
n=   391   udiff=  3.1843E+00 ( 77, 14)   vdiff=  2.1200E+00 ( 13, 16)
n=   392   udiff=  3.1755E+00 ( 77, 14)   vdiff=  2.1132E+00 ( 13, 16)
n=   393   udiff=  3.1667E+00 ( 77, 14)   vdiff=  2.1059E+00 ( 13, 16)
n=   394   udiff=  3.1578E+00 ( 77, 14)   vdiff=  2.1022E+00 ( 13, 17)
n=   395   udiff=  3.1488E+00 ( 77, 14)   vdiff=  2.1009E+00 ( 13, 17)
n=   396   udiff=  3.1397E+00 ( 77, 14)   vdiff=  2.0991E+00 ( 13, 17)
n=   397   udiff=  3.1306E+00 ( 77, 14)   vdiff=  2.0968E+00 ( 13, 17)
n=   398   udiff=  3.1213E+00 ( 77, 14)   vdiff=  2.0940E+00 ( 13, 17)
n=   399   udiff=  3.1120E+00 ( 77, 14)   vdiff=  2.0907E+00 ( 13, 17)
n=   400   udiff=  3.1027E+00 ( 77, 14)   vdiff=  2.0869E+00 ( 13, 17)
n=   401   udiff=  3.0933E+00 ( 77, 14)   vdiff=  2.0826E+00 ( 13, 17)
n=   402   udiff=  3.0838E+00 ( 77, 14)   vdiff=  2.0778E+00 ( 13, 17)
n=   403   udiff=  3.0743E+00 ( 77, 14)   vdiff=  2.0726E+00 ( 13, 17)
n=   404   udiff=  3.0647E+00 ( 77, 14)   vdiff=  2.0669E+00 ( 13, 17)
n=   405   udiff=  3.0550E+00 ( 77, 14)   vdiff=  2.0607E+00 ( 13, 17)
n=   406   udiff=  3.0453E+00 ( 77, 14)   vdiff=  2.0541E+00 ( 13, 17)
n=   407   udiff=  3.0356E+00 ( 77, 14)   vdiff=  2.0471E+00 ( 13, 17)
n=   408   udiff=  3.0258E+00 ( 77, 14)   vdiff=  2.0396E+00 ( 13, 17)
n=   409   udiff=  3.0160E+00 ( 77, 14)   vdiff=  2.0317E+00 ( 13, 17)
n=   410   udiff=  3.0061E+00 ( 77, 14)   vdiff=  2.0234E+00 ( 13, 17)
n=   411   udiff=  2.9962E+00 ( 77, 14)   vdiff=  2.0157E+00 ( 14, 16)
n=   412   udiff=  2.9863E+00 ( 77, 14)   vdiff=  2.0147E+00 ( 14, 16)
n=   413   udiff=  2.9763E+00 ( 77, 14)   vdiff=  2.0132E+00 ( 14, 16)
n=   414   udiff=  2.9663E+00 ( 77, 14)   vdiff=  2.0112E+00 ( 14, 16)
n=   415   udiff=  2.9563E+00 ( 77, 14)   vdiff=  2.0087E+00 ( 14, 16)
n=   416   udiff=  2.9462E+00 ( 77, 14)   vdiff=  2.0057E+00 ( 14, 16)
n=   417   udiff=  2.9361E+00 ( 77, 14)   vdiff=  2.0022E+00 ( 14, 16)
n=   418   udiff=  2.9260E+00 ( 77, 14)   vdiff=  1.9981E+00 ( 14, 16)
n=   419   udiff=  2.9184E+00 ( 78, 14)   vdiff=  1.9936E+00 ( 14, 16)
n=   420   udiff=  2.9110E+00 ( 78, 14)   vdiff=  1.9886E+00 ( 14, 16)
n=   421   udiff=  2.9035E+00 ( 78, 14)   vdiff=  1.9832E+00 ( 14, 16)
n=   422   udiff=  2.8959E+00 ( 78, 14)   vdiff=  1.9773E+00 ( 14, 16)
n=   423   udiff=  2.8883E+00 ( 78, 14)   vdiff=  1.9709E+00 ( 14, 16)
n=   424   udiff=  2.8806E+00 ( 78, 14)   vdiff=  1.9641E+00 ( 14, 16)
n=   425   udiff=  2.8729E+00 ( 78, 14)   vdiff=  1.9605E+00 ( 14, 17)
n=   426   udiff=  2.8651E+00 ( 78, 14)   vdiff=  1.9594E+00 ( 14, 17)
n=   427   udiff=  2.8573E+00 ( 78, 14)   vdiff=  1.9578E+00 ( 14, 17)
n=   428   udiff=  2.8494E+00 ( 78, 14)   vdiff=  1.9558E+00 ( 14, 17)
n=   429   udiff=  2.8415E+00 ( 78, 14)   vdiff=  1.9533E+00 ( 14, 17)
n=   430   udiff=  2.8335E+00 ( 78, 14)   vdiff=  1.9504E+00 ( 14, 17)
n=   431   udiff=  2.8255E+00 ( 78, 14)   vdiff=  1.9471E+00 ( 14, 17)
n=   432   udiff=  2.8174E+00 ( 78, 14)   vdiff=  1.9433E+00 ( 14, 17)
n=   433   udiff=  2.8093E+00 ( 78, 14)   vdiff=  1.9391E+00 ( 14, 17)
n=   434   udiff=  2.8012E+00 ( 78, 14)   vdiff=  1.9345E+00 ( 14, 17)
n=   435   udiff=  2.7930E+00 ( 78, 14)   vdiff=  1.9295E+00 ( 14, 17)
n=   436   udiff=  2.7848E+00 ( 78, 14)   vdiff=  1.9241E+00 ( 14, 17)
n=   437   udiff=  2.7766E+00 ( 78, 14)   vdiff=  1.9182E+00 ( 14, 17)
n=   438   udiff=  2.7683E+00 ( 78, 14)   vdiff=  1.9120E+00 ( 14, 17)
n=   439   udiff=  2.7599E+00 ( 78, 14)   vdiff=  1.9055E+00 ( 14, 17)
n=   440   udiff=  2.7516E+00 ( 78, 14)   vdiff=  1.8985E+00 ( 14, 17)
n=   441   udiff=  2.7432E+00 ( 78, 14)   vdiff=  1.8912E+00 ( 14, 17)
n=   442   udiff=  2.7348E+00 ( 78, 14)   vdiff=  1.8851E+00 ( 15, 16)
n=   443   udiff=  2.7263E+00 ( 78, 14)   vdiff=  1.8839E+00 ( 15, 16)
n=   444   udiff=  2.7178E+00 ( 78, 14)   vdiff=  1.8822E+00 ( 15, 16)
n=   445   udiff=  2.7093E+00 ( 78, 14)   vdiff=  1.8800E+00 ( 15, 16)
n=   446   udiff=  2.7008E+00 ( 78, 14)   vdiff=  1.8774E+00 ( 15, 16)
n=   447   udiff=  2.6922E+00 ( 78, 14)   vdiff=  1.8743E+00 ( 15, 16)
n=   448   udiff=  2.6836E+00 ( 78, 14)   vdiff=  1.8708E+00 ( 15, 16)
n=   449   udiff=  2.6750E+00 ( 78, 14)   vdiff=  1.8668E+00 ( 15, 16)
n=   450   udiff=  2.6663E+00 ( 78, 14)   vdiff=  1.8625E+00 ( 15, 16)
n=   451   udiff=  2.6576E+00 ( 78, 14)   vdiff=  1.8577E+00 ( 15, 16)
n=   452   udiff=  2.6507E+00 ( 79, 14)   vdiff=  1.8525E+00 ( 15, 16)
n=   453   udiff=  2.6442E+00 ( 79, 14)   vdiff=  1.8469E+00 ( 15, 16)
n=   454   udiff=  2.6377E+00 ( 79, 14)   vdiff=  1.8409E+00 ( 15, 16)
n=   455   udiff=  2.6311E+00 ( 79, 14)   vdiff=  1.8345E+00 ( 15, 16)
n=   456   udiff=  2.6245E+00 ( 79, 14)   vdiff=  1.8315E+00 ( 15, 17)
n=   457   udiff=  2.6179E+00 ( 79, 14)   vdiff=  1.8305E+00 ( 15, 17)
n=   458   udiff=  2.6112E+00 ( 79, 14)   vdiff=  1.8291E+00 ( 15, 17)
n=   459   udiff=  2.6045E+00 ( 79, 14)   vdiff=  1.8273E+00 ( 15, 17)
n=   460   udiff=  2.5977E+00 ( 79, 14)   vdiff=  1.8250E+00 ( 15, 17)
n=   461   udiff=  2.5909E+00 ( 79, 14)   vdiff=  1.8224E+00 ( 15, 17)
n=   462   udiff=  2.5841E+00 ( 79, 14)   vdiff=  1.8194E+00 ( 15, 17)
n=   463   udiff=  2.5772E+00 ( 79, 14)   vdiff=  1.8161E+00 ( 15, 17)
n=   464   udiff=  2.5703E+00 ( 79, 14)   vdiff=  1.8123E+00 ( 15, 17)
n=   465   udiff=  2.5634E+00 ( 79, 14)   vdiff=  1.8082E+00 ( 15, 17)
n=   466   udiff=  2.5564E+00 ( 79, 14)   vdiff=  1.8037E+00 ( 15, 17)
n=   467   udiff=  2.5493E+00 ( 79, 14)   vdiff=  1.7989E+00 ( 15, 17)
n=   468   udiff=  2.5423E+00 ( 79, 14)   vdiff=  1.7937E+00 ( 15, 17)
n=   469   udiff=  2.5352E+00 ( 79, 14)   vdiff=  1.7881E+00 ( 15, 17)
n=   470   udiff=  2.5281E+00 ( 79, 14)   vdiff=  1.7823E+00 ( 15, 17)
n=   471   udiff=  2.5209E+00 ( 79, 14)   vdiff=  1.7761E+00 ( 15, 17)
n=   472   udiff=  2.5137E+00 ( 79, 14)   vdiff=  1.7696E+00 ( 15, 17)
n=   473   udiff=  2.5065E+00 ( 79, 14)   vdiff=  1.7654E+00 ( 16, 16)
n=   474   udiff=  2.4992E+00 ( 79, 14)   vdiff=  1.7639E+00 ( 16, 16)
n=   475   udiff=  2.4919E+00 ( 79, 14)   vdiff=  1.7620E+00 ( 16, 16)
n=   476   udiff=  2.4846E+00 ( 79, 14)   vdiff=  1.7597E+00 ( 16, 16)
n=   477   udiff=  2.4772E+00 ( 79, 14)   vdiff=  1.7570E+00 ( 16, 16)
n=   478   udiff=  2.4698E+00 ( 79, 14)   vdiff=  1.7539E+00 ( 16, 16)
n=   479   udiff=  2.4624E+00 ( 79, 14)   vdiff=  1.7504E+00 ( 16, 16)
n=   480   udiff=  2.4549E+00 ( 79, 14)   vdiff=  1.7465E+00 ( 16, 16)
n=   481   udiff=  2.4474E+00 ( 79, 14)   vdiff=  1.7423E+00 ( 16, 16)
n=   482   udiff=  2.4399E+00 ( 79, 14)   vdiff=  1.7376E+00 ( 16, 16)
n=   483   udiff=  2.4324E+00 ( 79, 14)   vdiff=  1.7327E+00 ( 16, 16)
n=   484   udiff=  2.4248E+00 ( 79, 14)   vdiff=  1.7273E+00 ( 16, 16)
n=   485   udiff=  2.4187E+00 ( 80, 14)   vdiff=  1.7216E+00 ( 16, 16)
n=   486   udiff=  2.4130E+00 ( 80, 14)   vdiff=  1.7156E+00 ( 16, 16)
n=   487   udiff=  2.4074E+00 ( 80, 14)   vdiff=  1.7136E+00 ( 16, 17)
n=   488   udiff=  2.4017E+00 ( 80, 14)   vdiff=  1.7127E+00 ( 16, 17)
n=   489   udiff=  2.3959E+00 ( 80, 14)   vdiff=  1.7113E+00 ( 16, 17)
n=   490   udiff=  2.3901E+00 ( 80, 14)   vdiff=  1.7096E+00 ( 16, 17)
n=   491   udiff=  2.3843E+00 ( 80, 14)   vdiff=  1.7076E+00 ( 16, 17)
n=   492   udiff=  2.3784E+00 ( 80, 14)   vdiff=  1.7052E+00 ( 16, 17)
n=   493   udiff=  2.3725E+00 ( 80, 14)   vdiff=  1.7025E+00 ( 16, 17)
n=   494   udiff=  2.3666E+00 ( 80, 14)   vdiff=  1.6994E+00 ( 16, 17)
n=   495   udiff=  2.3606E+00 ( 80, 14)   vdiff=  1.6960E+00 ( 16, 17)
n=   496   udiff=  2.3546E+00 ( 80, 14)   vdiff=  1.6923E+00 ( 16, 17)
n=   497   udiff=  2.3485E+00 ( 80, 14)   vdiff=  1.6882E+00 ( 16, 17)
n=   498   udiff=  2.3424E+00 ( 80, 14)   vdiff=  1.6839E+00 ( 16, 17)
n=   499   udiff=  2.3363E+00 ( 80, 14)   vdiff=  1.6792E+00 ( 16, 17)
n=   500   udiff=  2.3301E+00 ( 80, 14)   vdiff=  1.6742E+00 ( 16, 17)
n=   501   udiff=  2.3239E+00 ( 80, 14)   vdiff=  1.6690E+00 ( 16, 17)
n=   502   udiff=  2.3177E+00 ( 80, 14)   vdiff=  1.6634E+00 ( 16, 17)
n=   503   udiff=  2.3114E+00 ( 80, 14)   vdiff=  1.6575E+00 ( 16, 17)
n=   504   udiff=  2.3051E+00 ( 80, 14)   vdiff=  1.6553E+00 ( 17, 16)
n=   505   udiff=  2.2988E+00 ( 80, 14)   vdiff=  1.6536E+00 ( 17, 16)
n=   506   udiff=  2.2924E+00 ( 80, 14)   vdiff=  1.6515E+00 ( 17, 16)
n=   507   udiff=  2.2860E+00 ( 80, 14)   vdiff=  1.6491E+00 ( 17, 16)
n=   508   udiff=  2.2795E+00 ( 80, 14)   vdiff=  1.6463E+00 ( 17, 16)
n=   509   udiff=  2.2730E+00 ( 80, 14)   vdiff=  1.6432E+00 ( 17, 16)
n=   510   udiff=  2.2665E+00 ( 80, 14)   vdiff=  1.6397E+00 ( 17, 16)
n=   511   udiff=  2.2600E+00 ( 80, 14)   vdiff=  1.6359E+00 ( 17, 16)
n=   512   udiff=  2.2534E+00 ( 80, 14)   vdiff=  1.6317E+00 ( 17, 16)
n=   513   udiff=  2.2468E+00 ( 80, 14)   vdiff=  1.6273E+00 ( 17, 16)
n=   514   udiff=  2.2401E+00 ( 80, 14)   vdiff=  1.6225E+00 ( 17, 16)
n=   515   udiff=  2.2334E+00 ( 80, 14)   vdiff=  1.6174E+00 ( 17, 16)
n=   516   udiff=  2.2267E+00 ( 80, 14)   vdiff=  1.6120E+00 ( 17, 16)
n=   517   udiff=  2.2207E+00 ( 81, 14)   vdiff=  1.6063E+00 ( 17, 16)
n=   518   udiff=  2.2158E+00 ( 81, 14)   vdiff=  1.6055E+00 ( 17, 17)
n=   519   udiff=  2.2108E+00 ( 81, 14)   vdiff=  1.6045E+00 ( 17, 17)
n=   520   udiff=  2.2057E+00 ( 81, 14)   vdiff=  1.6033E+00 ( 17, 17)
n=   521   udiff=  2.2007E+00 ( 81, 14)   vdiff=  1.6017E+00 ( 17, 17)
n=   522   udiff=  2.1956E+00 ( 81, 14)   vdiff=  1.5998E+00 ( 17, 17)
n=   523   udiff=  2.1904E+00 ( 81, 14)   vdiff=  1.5976E+00 ( 17, 17)
n=   524   udiff=  2.1852E+00 ( 81, 14)   vdiff=  1.5950E+00 ( 17, 17)
n=   525   udiff=  2.1800E+00 ( 81, 14)   vdiff=  1.5922E+00 ( 17, 17)
n=   526   udiff=  2.1747E+00 ( 81, 14)   vdiff=  1.5891E+00 ( 17, 17)
n=   527   udiff=  2.1694E+00 ( 81, 14)   vdiff=  1.5857E+00 ( 17, 17)
n=   528   udiff=  2.1641E+00 ( 81, 14)   vdiff=  1.5820E+00 ( 17, 17)
n=   529   udiff=  2.1587E+00 ( 81, 14)   vdiff=  1.5781E+00 ( 17, 17)
n=   530   udiff=  2.1533E+00 ( 81, 14)   vdiff=  1.5738E+00 ( 17, 17)
n=   531   udiff=  2.1479E+00 ( 81, 14)   vdiff=  1.5693E+00 ( 17, 17)
n=   532   udiff=  2.1424E+00 ( 81, 14)   vdiff=  1.5645E+00 ( 17, 17)
n=   533   udiff=  2.1368E+00 ( 81, 14)   vdiff=  1.5595E+00 ( 17, 17)
n=   534   udiff=  2.1313E+00 ( 81, 14)   vdiff=  1.5552E+00 ( 18, 16)
n=   535   udiff=  2.1257E+00 ( 81, 14)   vdiff=  1.5536E+00 ( 18, 16)
n=   536   udiff=  2.1201E+00 ( 81, 14)   vdiff=  1.5517E+00 ( 18, 16)
n=   537   udiff=  2.1144E+00 ( 81, 14)   vdiff=  1.5495E+00 ( 18, 16)
n=   538   udiff=  2.1087E+00 ( 81, 14)   vdiff=  1.5470E+00 ( 18, 16)
n=   539   udiff=  2.1030E+00 ( 81, 14)   vdiff=  1.5442E+00 ( 18, 16)
n=   540   udiff=  2.0972E+00 ( 81, 14)   vdiff=  1.5411E+00 ( 18, 16)
n=   541   udiff=  2.0914E+00 ( 81, 14)   vdiff=  1.5376E+00 ( 18, 16)
n=   542   udiff=  2.0856E+00 ( 81, 14)   vdiff=  1.5339E+00 ( 18, 16)
n=   543   udiff=  2.0798E+00 ( 81, 14)   vdiff=  1.5299E+00 ( 18, 16)
n=   544   udiff=  2.0739E+00 ( 81, 14)   vdiff=  1.5256E+00 ( 18, 16)
n=   545   udiff=  2.0680E+00 ( 81, 14)   vdiff=  1.5210E+00 ( 18, 16)
n=   546   udiff=  2.0620E+00 ( 81, 14)   vdiff=  1.5161E+00 ( 18, 16)
n=   547   udiff=  2.0560E+00 ( 81, 14)   vdiff=  1.5110E+00 ( 18, 16)
n=   548   udiff=  2.0500E+00 ( 81, 14)   vdiff=  1.5067E+00 ( 18, 17)
n=   549   udiff=  2.0451E+00 ( 82, 14)   vdiff=  1.5060E+00 ( 18, 17)
n=   550   udiff=  2.0407E+00 ( 82, 14)   vdiff=  1.5051E+00 ( 18, 17)
n=   551   udiff=  2.0362E+00 ( 82, 14)   vdiff=  1.5038E+00 ( 18, 17)
n=   552   udiff=  2.0317E+00 ( 82, 14)   vdiff=  1.5023E+00 ( 18, 17)
n=   553   udiff=  2.0271E+00 ( 82, 14)   vdiff=  1.5005E+00 ( 18, 17)
n=   554   udiff=  2.0225E+00 ( 82, 14)   vdiff=  1.4984E+00 ( 18, 17)
n=   555   udiff=  2.0179E+00 ( 82, 14)   vdiff=  1.4961E+00 ( 18, 17)
n=   556   udiff=  2.0132E+00 ( 82, 14)   vdiff=  1.4935E+00 ( 18, 17)
n=   557   udiff=  2.0085E+00 ( 82, 14)   vdiff=  1.4906E+00 ( 18, 17)
n=   558   udiff=  2.0038E+00 ( 82, 14)   vdiff=  1.4875E+00 ( 18, 17)
n=   559   udiff=  1.9990E+00 ( 82, 14)   vdiff=  1.4841E+00 ( 18, 17)
n=   560   udiff=  1.9942E+00 ( 82, 14)   vdiff=  1.4804E+00 ( 18, 17)
n=   561   udiff=  1.9894E+00 ( 82, 14)   vdiff=  1.4766E+00 ( 18, 17)
n=   562   udiff=  1.9845E+00 ( 82, 14)   vdiff=  1.4724E+00 ( 18, 17)
n=   563   udiff=  1.9796E+00 ( 82, 14)   vdiff=  1.4681E+00 ( 18, 17)
n=   564   udiff=  1.9747E+00 ( 82, 14)   vdiff=  1.4635E+00 ( 18, 17)
n=   565   udiff=  1.9697E+00 ( 82, 14)   vdiff=  1.4613E+00 ( 19, 16)
n=   566   udiff=  1.9647E+00 ( 82, 14)   vdiff=  1.4595E+00 ( 19, 16)
n=   567   udiff=  1.9597E+00 ( 82, 14)   vdiff=  1.4575E+00 ( 19, 16)
n=   568   udiff=  1.9546E+00 ( 82, 14)   vdiff=  1.4552E+00 ( 19, 16)
n=   569   udiff=  1.9495E+00 ( 82, 14)   vdiff=  1.4527E+00 ( 19, 16)
n=   570   udiff=  1.9444E+00 ( 82, 14)   vdiff=  1.4498E+00 ( 19, 16)
n=   571   udiff=  1.9392E+00 ( 82, 14)   vdiff=  1.4467E+00 ( 19, 16)
n=   572   udiff=  1.9341E+00 ( 82, 14)   vdiff=  1.4433E+00 ( 19, 16)
n=   573   udiff=  1.9288E+00 ( 82, 14)   vdiff=  1.4397E+00 ( 19, 16)
n=   574   udiff=  1.9236E+00 ( 82, 14)   vdiff=  1.4358E+00 ( 19, 16)
n=   575   udiff=  1.9183E+00 ( 82, 14)   vdiff=  1.4317E+00 ( 19, 16)
n=   576   udiff=  1.9130E+00 ( 82, 14)   vdiff=  1.4273E+00 ( 19, 16)
n=   577   udiff=  1.9077E+00 ( 82, 14)   vdiff=  1.4226E+00 ( 19, 16)
n=   578   udiff=  1.9024E+00 ( 82, 14)   vdiff=  1.4178E+00 ( 19, 16)
n=   579   udiff=  1.8970E+00 ( 82, 14)   vdiff=  1.4150E+00 ( 19, 17)
n=   580   udiff=  1.8920E+00 ( 83, 14)   vdiff=  1.4143E+00 ( 19, 17)
n=   581   udiff=  1.8880E+00 ( 83, 14)   vdiff=  1.4133E+00 ( 19, 17)
n=   582   udiff=  1.8840E+00 ( 83, 14)   vdiff=  1.4121E+00 ( 19, 17)
n=   583   udiff=  1.8799E+00 ( 83, 14)   vdiff=  1.4106E+00 ( 19, 17)
n=   584   udiff=  1.8758E+00 ( 83, 14)   vdiff=  1.4089E+00 ( 19, 17)
n=   585   udiff=  1.8717E+00 ( 83, 14)   vdiff=  1.4070E+00 ( 19, 17)
n=   586   udiff=  1.8675E+00 ( 83, 14)   vdiff=  1.4048E+00 ( 19, 17)
n=   587   udiff=  1.8633E+00 ( 83, 14)   vdiff=  1.4023E+00 ( 19, 17)
n=   588   udiff=  1.8591E+00 ( 83, 14)   vdiff=  1.3996E+00 ( 19, 17)
n=   589   udiff=  1.8548E+00 ( 83, 14)   vdiff=  1.3967E+00 ( 19, 17)
n=   590   udiff=  1.8505E+00 ( 83, 14)   vdiff=  1.3936E+00 ( 19, 17)
n=   591   udiff=  1.8462E+00 ( 83, 14)   vdiff=  1.3903E+00 ( 19, 17)
n=   592   udiff=  1.8419E+00 ( 83, 14)   vdiff=  1.3867E+00 ( 19, 17)
n=   593   udiff=  1.8375E+00 ( 83, 14)   vdiff=  1.3829E+00 ( 19, 17)
n=   594   udiff=  1.8331E+00 ( 83, 14)   vdiff=  1.3789E+00 ( 19, 17)
n=   595   udiff=  1.8286E+00 ( 83, 14)   vdiff=  1.3757E+00 ( 20, 16)
n=   596   udiff=  1.8242E+00 ( 83, 14)   vdiff=  1.3742E+00 ( 20, 16)
n=   597   udiff=  1.8197E+00 ( 83, 14)   vdiff=  1.3723E+00 ( 20, 16)
n=   598   udiff=  1.8151E+00 ( 83, 14)   vdiff=  1.3702E+00 ( 20, 16)
n=   599   udiff=  1.8106E+00 ( 83, 14)   vdiff=  1.3679E+00 ( 20, 16)
n=   600   udiff=  1.8060E+00 ( 83, 14)   vdiff=  1.3653E+00 ( 20, 16)
n=   601   udiff=  1.8014E+00 ( 83, 14)   vdiff=  1.3625E+00 ( 20, 16)
n=   602   udiff=  1.7967E+00 ( 83, 14)   vdiff=  1.3594E+00 ( 20, 16)
n=   603   udiff=  1.7921E+00 ( 83, 14)   vdiff=  1.3561E+00 ( 20, 16)
n=   604   udiff=  1.7874E+00 ( 83, 14)   vdiff=  1.3525E+00 ( 20, 16)
n=   605   udiff=  1.7827E+00 ( 83, 14)   vdiff=  1.3488E+00 ( 20, 16)
n=   606   udiff=  1.7779E+00 ( 83, 14)   vdiff=  1.3448E+00 ( 20, 16)
n=   607   udiff=  1.7732E+00 ( 83, 14)   vdiff=  1.3406E+00 ( 20, 16)
n=   608   udiff=  1.7684E+00 ( 83, 14)   vdiff=  1.3361E+00 ( 20, 16)
n=   609   udiff=  1.7636E+00 ( 83, 14)   vdiff=  1.3315E+00 ( 20, 16)
n=   610   udiff=  1.7587E+00 ( 83, 14)   vdiff=  1.3302E+00 ( 20, 17)
n=   611   udiff=  1.7540E+00 ( 84, 14)   vdiff=  1.3294E+00 ( 20, 17)
n=   612   udiff=  1.7503E+00 ( 84, 14)   vdiff=  1.3285E+00 ( 20, 17)
n=   613   udiff=  1.7467E+00 ( 84, 14)   vdiff=  1.3273E+00 ( 20, 17)
n=   614   udiff=  1.7430E+00 ( 84, 14)   vdiff=  1.3259E+00 ( 20, 17)
n=   615   udiff=  1.7393E+00 ( 84, 14)   vdiff=  1.3242E+00 ( 20, 17)
n=   616   udiff=  1.7356E+00 ( 84, 14)   vdiff=  1.3224E+00 ( 20, 17)
n=   617   udiff=  1.7318E+00 ( 84, 14)   vdiff=  1.3203E+00 ( 20, 17)
n=   618   udiff=  1.7280E+00 ( 84, 14)   vdiff=  1.3180E+00 ( 20, 17)
n=   619   udiff=  1.7242E+00 ( 84, 14)   vdiff=  1.3155E+00 ( 20, 17)
n=   620   udiff=  1.7204E+00 ( 84, 14)   vdiff=  1.3128E+00 ( 20, 17)
n=   621   udiff=  1.7165E+00 ( 84, 14)   vdiff=  1.3099E+00 ( 20, 17)
n=   622   udiff=  1.7126E+00 ( 84, 14)   vdiff=  1.3068E+00 ( 20, 17)
n=   623   udiff=  1.7086E+00 ( 84, 14)   vdiff=  1.3035E+00 ( 20, 17)
n=   624   udiff=  1.7047E+00 ( 84, 14)   vdiff=  1.3000E+00 ( 20, 17)
n=   625   udiff=  1.7007E+00 ( 84, 14)   vdiff=  1.2964E+00 ( 21, 16)
n=   626   udiff=  1.6967E+00 ( 84, 14)   vdiff=  1.2950E+00 ( 21, 16)
n=   627   udiff=  1.6926E+00 ( 84, 14)   vdiff=  1.2933E+00 ( 21, 16)
n=   628   udiff=  1.6886E+00 ( 84, 14)   vdiff=  1.2913E+00 ( 21, 16)
n=   629   udiff=  1.6845E+00 ( 84, 14)   vdiff=  1.2892E+00 ( 21, 16)
n=   630   udiff=  1.6804E+00 ( 84, 14)   vdiff=  1.2868E+00 ( 21, 16)
n=   631   udiff=  1.6762E+00 ( 84, 14)   vdiff=  1.2842E+00 ( 21, 16)
n=   632   udiff=  1.6721E+00 ( 84, 14)   vdiff=  1.2814E+00 ( 21, 16)
n=   633   udiff=  1.6679E+00 ( 84, 14)   vdiff=  1.2784E+00 ( 21, 16)
n=   634   udiff=  1.6637E+00 ( 84, 14)   vdiff=  1.2752E+00 ( 21, 16)
n=   635   udiff=  1.6594E+00 ( 84, 14)   vdiff=  1.2717E+00 ( 21, 16)
n=   636   udiff=  1.6552E+00 ( 84, 14)   vdiff=  1.2681E+00 ( 21, 16)
n=   637   udiff=  1.6509E+00 ( 84, 14)   vdiff=  1.2643E+00 ( 21, 16)
n=   638   udiff=  1.6466E+00 ( 84, 14)   vdiff=  1.2603E+00 ( 21, 16)
n=   639   udiff=  1.6422E+00 ( 84, 14)   vdiff=  1.2560E+00 ( 21, 16)
n=   640   udiff=  1.6379E+00 ( 84, 14)   vdiff=  1.2521E+00 ( 21, 17)
n=   641   udiff=  1.6335E+00 ( 84, 14)   vdiff=  1.2516E+00 ( 21, 17)
n=   642   udiff=  1.6292E+00 ( 85, 14)   vdiff=  1.2508E+00 ( 21, 17)
n=   643   udiff=  1.6259E+00 ( 85, 14)   vdiff=  1.2499E+00 ( 21, 17)
n=   644   udiff=  1.6226E+00 ( 85, 14)   vdiff=  1.2487E+00 ( 21, 17)
n=   645   udiff=  1.6192E+00 ( 85, 14)   vdiff=  1.2473E+00 ( 21, 17)
n=   646   udiff=  1.6159E+00 ( 85, 14)   vdiff=  1.2457E+00 ( 21, 17)
n=   647   udiff=  1.6125E+00 ( 85, 14)   vdiff=  1.2440E+00 ( 21, 17)
n=   648   udiff=  1.6091E+00 ( 85, 14)   vdiff=  1.2420E+00 ( 21, 17)
n=   649   udiff=  1.6056E+00 ( 85, 14)   vdiff=  1.2399E+00 ( 21, 17)
n=   650   udiff=  1.6022E+00 ( 85, 14)   vdiff=  1.2375E+00 ( 21, 17)
n=   651   udiff=  1.5987E+00 ( 85, 14)   vdiff=  1.2350E+00 ( 21, 17)
n=   652   udiff=  1.5951E+00 ( 85, 14)   vdiff=  1.2323E+00 ( 21, 17)
n=   653   udiff=  1.5916E+00 ( 85, 14)   vdiff=  1.2294E+00 ( 21, 17)
n=   654   udiff=  1.5880E+00 ( 85, 14)   vdiff=  1.2264E+00 ( 21, 17)
n=   655   udiff=  1.5844E+00 ( 85, 14)   vdiff=  1.2232E+00 ( 21, 17)
n=   656   udiff=  1.5808E+00 ( 85, 14)   vdiff=  1.2214E+00 ( 22, 16)
n=   657   udiff=  1.5772E+00 ( 85, 14)   vdiff=  1.2198E+00 ( 22, 16)
n=   658   udiff=  1.5735E+00 ( 85, 14)   vdiff=  1.2180E+00 ( 22, 16)
n=   659   udiff=  1.5698E+00 ( 85, 14)   vdiff=  1.2160E+00 ( 22, 16)
n=   660   udiff=  1.5661E+00 ( 85, 14)   vdiff=  1.2139E+00 ( 22, 16)
n=   661   udiff=  1.5623E+00 ( 85, 14)   vdiff=  1.2115E+00 ( 22, 16)
n=   662   udiff=  1.5586E+00 ( 85, 14)   vdiff=  1.2089E+00 ( 22, 16)
n=   663   udiff=  1.5548E+00 ( 85, 14)   vdiff=  1.2062E+00 ( 22, 16)
n=   664   udiff=  1.5510E+00 ( 85, 14)   vdiff=  1.2032E+00 ( 22, 16)
n=   665   udiff=  1.5472E+00 ( 85, 14)   vdiff=  1.2001E+00 ( 22, 16)
n=   666   udiff=  1.5433E+00 ( 85, 14)   vdiff=  1.1968E+00 ( 22, 16)
n=   667   udiff=  1.5395E+00 ( 85, 14)   vdiff=  1.1933E+00 ( 22, 16)
n=   668   udiff=  1.5356E+00 ( 85, 14)   vdiff=  1.1896E+00 ( 22, 16)
n=   669   udiff=  1.5317E+00 ( 85, 14)   vdiff=  1.1858E+00 ( 22, 16)
n=   670   udiff=  1.5277E+00 ( 85, 14)   vdiff=  1.1817E+00 ( 22, 16)
n=   671   udiff=  1.5238E+00 ( 85, 14)   vdiff=  1.1792E+00 ( 22, 17)
n=   672   udiff=  1.5198E+00 ( 85, 14)   vdiff=  1.1786E+00 ( 22, 17)
n=   673   udiff=  1.5161E+00 ( 86, 14)   vdiff=  1.1779E+00 ( 22, 17)
n=   674   udiff=  1.5131E+00 ( 86, 14)   vdiff=  1.1769E+00 ( 22, 17)
n=   675   udiff=  1.5101E+00 ( 86, 14)   vdiff=  1.1757E+00 ( 22, 17)
n=   676   udiff=  1.5070E+00 ( 86, 14)   vdiff=  1.1744E+00 ( 22, 17)
n=   677   udiff=  1.5039E+00 ( 86, 14)   vdiff=  1.1729E+00 ( 22, 17)
n=   678   udiff=  1.5008E+00 ( 86, 14)   vdiff=  1.1712E+00 ( 22, 17)
n=   679   udiff=  1.4977E+00 ( 86, 14)   vdiff=  1.1694E+00 ( 22, 17)
n=   680   udiff=  1.4946E+00 ( 86, 14)   vdiff=  1.1673E+00 ( 22, 17)
n=   681   udiff=  1.4914E+00 ( 86, 14)   vdiff=  1.1651E+00 ( 22, 17)
n=   682   udiff=  1.4882E+00 ( 86, 14)   vdiff=  1.1628E+00 ( 22, 17)
n=   683   udiff=  1.4850E+00 ( 86, 14)   vdiff=  1.1603E+00 ( 22, 17)
n=   684   udiff=  1.4818E+00 ( 86, 14)   vdiff=  1.1576E+00 ( 22, 17)
n=   685   udiff=  1.4785E+00 ( 86, 14)   vdiff=  1.1548E+00 ( 22, 17)
n=   686   udiff=  1.4752E+00 ( 86, 14)   vdiff=  1.1528E+00 ( 23, 16)
n=   687   udiff=  1.4719E+00 ( 86, 14)   vdiff=  1.1514E+00 ( 23, 16)
n=   688   udiff=  1.4686E+00 ( 86, 14)   vdiff=  1.1497E+00 ( 23, 16)
n=   689   udiff=  1.4652E+00 ( 86, 14)   vdiff=  1.1479E+00 ( 23, 16)
n=   690   udiff=  1.4619E+00 ( 86, 14)   vdiff=  1.1459E+00 ( 23, 16)
n=   691   udiff=  1.4585E+00 ( 86, 14)   vdiff=  1.1437E+00 ( 23, 16)
n=   692   udiff=  1.4551E+00 ( 86, 14)   vdiff=  1.1414E+00 ( 23, 16)
n=   693   udiff=  1.4516E+00 ( 86, 14)   vdiff=  1.1389E+00 ( 23, 16)
n=   694   udiff=  1.4482E+00 ( 86, 14)   vdiff=  1.1362E+00 ( 23, 16)
n=   695   udiff=  1.4447E+00 ( 86, 14)   vdiff=  1.1333E+00 ( 23, 16)
n=   696   udiff=  1.4412E+00 ( 86, 14)   vdiff=  1.1303E+00 ( 23, 16)
n=   697   udiff=  1.4377E+00 ( 86, 14)   vdiff=  1.1271E+00 ( 23, 16)
n=   698   udiff=  1.4342E+00 ( 86, 14)   vdiff=  1.1237E+00 ( 23, 16)
n=   699   udiff=  1.4306E+00 ( 86, 14)   vdiff=  1.1202E+00 ( 23, 16)
n=   700   udiff=  1.4271E+00 ( 86, 14)   vdiff=  1.1166E+00 ( 23, 16)
n=   701   udiff=  1.4235E+00 ( 86, 14)   vdiff=  1.1128E+00 ( 23, 16)
n=   702   udiff=  1.4199E+00 ( 86, 14)   vdiff=  1.1114E+00 ( 23, 17)
n=   703   udiff=  1.4162E+00 ( 86, 14)   vdiff=  1.1108E+00 ( 23, 17)
n=   704   udiff=  1.4133E+00 ( 87, 14)   vdiff=  1.1100E+00 ( 23, 17)
n=   705   udiff=  1.4105E+00 ( 87, 14)   vdiff=  1.1090E+00 ( 23, 17)
n=   706   udiff=  1.4077E+00 ( 87, 14)   vdiff=  1.1079E+00 ( 23, 17)
n=   707   udiff=  1.4049E+00 ( 87, 14)   vdiff=  1.1066E+00 ( 23, 17)
n=   708   udiff=  1.4021E+00 ( 87, 14)   vdiff=  1.1052E+00 ( 23, 17)
n=   709   udiff=  1.3993E+00 ( 87, 14)   vdiff=  1.1036E+00 ( 23, 17)
n=   710   udiff=  1.3964E+00 ( 87, 14)   vdiff=  1.1018E+00 ( 23, 17)
n=   711   udiff=  1.3935E+00 ( 87, 14)   vdiff=  1.0999E+00 ( 23, 17)
n=   712   udiff=  1.3906E+00 ( 87, 14)   vdiff=  1.0979E+00 ( 23, 17)
n=   713   udiff=  1.3877E+00 ( 87, 14)   vdiff=  1.0957E+00 ( 23, 17)
n=   714   udiff=  1.3847E+00 ( 87, 14)   vdiff=  1.0933E+00 ( 23, 17)
n=   715   udiff=  1.3818E+00 ( 87, 14)   vdiff=  1.0908E+00 ( 23, 17)
n=   716   udiff=  1.3788E+00 ( 87, 14)   vdiff=  1.0889E+00 ( 24, 16)
n=   717   udiff=  1.3757E+00 ( 87, 14)   vdiff=  1.0876E+00 ( 24, 16)
n=   718   udiff=  1.3727E+00 ( 87, 14)   vdiff=  1.0861E+00 ( 24, 16)
n=   719   udiff=  1.3697E+00 ( 87, 14)   vdiff=  1.0844E+00 ( 24, 16)
n=   720   udiff=  1.3666E+00 ( 87, 14)   vdiff=  1.0826E+00 ( 24, 16)
n=   721   udiff=  1.3635E+00 ( 87, 14)   vdiff=  1.0806E+00 ( 24, 16)
n=   722   udiff=  1.3604E+00 ( 87, 14)   vdiff=  1.0784E+00 ( 24, 16)
n=   723   udiff=  1.3573E+00 ( 87, 14)   vdiff=  1.0761E+00 ( 24, 16)
n=   724   udiff=  1.3541E+00 ( 87, 14)   vdiff=  1.0736E+00 ( 24, 16)
n=   725   udiff=  1.3509E+00 ( 87, 14)   vdiff=  1.0710E+00 ( 24, 16)
n=   726   udiff=  1.3477E+00 ( 87, 14)   vdiff=  1.0682E+00 ( 24, 16)
n=   727   udiff=  1.3445E+00 ( 87, 14)   vdiff=  1.0653E+00 ( 24, 16)
n=   728   udiff=  1.3413E+00 ( 87, 14)   vdiff=  1.0622E+00 ( 24, 16)
n=   729   udiff=  1.3381E+00 ( 87, 14)   vdiff=  1.0590E+00 ( 24, 16)
n=   730   udiff=  1.3348E+00 ( 87, 14)   vdiff=  1.0557E+00 ( 24, 16)
n=   731   udiff=  1.3315E+00 ( 87, 14)   vdiff=  1.0522E+00 ( 24, 16)
n=   732   udiff=  1.3283E+00 ( 87, 14)   vdiff=  1.0486E+00 ( 24, 17)
n=   733   udiff=  1.3249E+00 ( 87, 14)   vdiff=  1.0482E+00 ( 24, 17)
n=   734   udiff=  1.3220E+00 ( 88, 14)   vdiff=  1.0475E+00 ( 24, 17)
n=   735   udiff=  1.3195E+00 ( 88, 14)   vdiff=  1.0467E+00 ( 24, 17)
n=   736   udiff=  1.3170E+00 ( 88, 14)   vdiff=  1.0458E+00 ( 24, 17)
n=   737   udiff=  1.3144E+00 ( 88, 14)   vdiff=  1.0447E+00 ( 24, 17)
n=   738   udiff=  1.3118E+00 ( 88, 14)   vdiff=  1.0435E+00 ( 24, 17)
n=   739   udiff=  1.3092E+00 ( 88, 14)   vdiff=  1.0421E+00 ( 24, 17)
n=   740   udiff=  1.3066E+00 ( 88, 14)   vdiff=  1.0406E+00 ( 24, 17)
n=   741   udiff=  1.3039E+00 ( 88, 14)   vdiff=  1.0389E+00 ( 24, 17)
n=   742   udiff=  1.3013E+00 ( 88, 14)   vdiff=  1.0371E+00 ( 24, 17)
n=   743   udiff=  1.2986E+00 ( 88, 14)   vdiff=  1.0352E+00 ( 24, 17)
n=   744   udiff=  1.2959E+00 ( 88, 14)   vdiff=  1.0331E+00 ( 24, 17)
n=   745   udiff=  1.2932E+00 ( 88, 14)   vdiff=  1.0309E+00 ( 24, 17)
n=   746   udiff=  1.2904E+00 ( 88, 14)   vdiff=  1.0292E+00 ( 25, 16)
n=   747   udiff=  1.2877E+00 ( 88, 14)   vdiff=  1.0280E+00 ( 25, 16)
n=   748   udiff=  1.2849E+00 ( 88, 14)   vdiff=  1.0266E+00 ( 25, 16)
n=   749   udiff=  1.2821E+00 ( 88, 14)   vdiff=  1.0250E+00 ( 25, 16)
n=   750   udiff=  1.2793E+00 ( 88, 14)   vdiff=  1.0234E+00 ( 25, 16)
n=   751   udiff=  1.2764E+00 ( 88, 14)   vdiff=  1.0215E+00 ( 25, 16)
n=   752   udiff=  1.2736E+00 ( 88, 14)   vdiff=  1.0195E+00 ( 25, 16)
n=   753   udiff=  1.2707E+00 ( 88, 14)   vdiff=  1.0174E+00 ( 25, 16)
n=   754   udiff=  1.2678E+00 ( 88, 14)   vdiff=  1.0152E+00 ( 25, 16)
n=   755   udiff=  1.2649E+00 ( 88, 14)   vdiff=  1.0128E+00 ( 25, 16)
n=   756   udiff=  1.2620E+00 ( 88, 14)   vdiff=  1.0102E+00 ( 25, 16)
n=   757   udiff=  1.2590E+00 ( 88, 14)   vdiff=  1.0076E+00 ( 25, 16)
n=   758   udiff=  1.2561E+00 ( 88, 14)   vdiff=  1.0048E+00 ( 25, 16)
n=   759   udiff=  1.2531E+00 ( 88, 14)   vdiff=  1.0018E+00 ( 25, 16)
n=   760   udiff=  1.2501E+00 ( 88, 14)   vdiff=  9.9880E-01 ( 25, 16)
n=   761   udiff=  1.2471E+00 ( 88, 14)   vdiff=  9.9563E-01 ( 25, 16)
n=   762   udiff=  1.2441E+00 ( 88, 14)   vdiff=  9.9235E-01 ( 25, 16)
n=   763   udiff=  1.2411E+00 ( 88, 14)   vdiff=  9.8961E-01 ( 25, 17)
n=   764   udiff=  1.2385E+00 ( 89, 14)   vdiff=  9.8910E-01 ( 25, 17)
n=   765   udiff=  1.2361E+00 ( 89, 14)   vdiff=  9.8845E-01 ( 25, 17)
n=   766   udiff=  1.2338E+00 ( 89, 14)   vdiff=  9.8767E-01 ( 25, 17)
n=   767   udiff=  1.2314E+00 ( 89, 14)   vdiff=  9.8675E-01 ( 25, 17)
n=   768   udiff=  1.2290E+00 ( 89, 14)   vdiff=  9.8570E-01 ( 25, 17)
n=   769   udiff=  1.2266E+00 ( 89, 14)   vdiff=  9.8452E-01 ( 25, 17)
n=   770   udiff=  1.2242E+00 ( 89, 14)   vdiff=  9.8321E-01 ( 25, 17)
n=   771   udiff=  1.2218E+00 ( 89, 14)   vdiff=  9.8178E-01 ( 25, 17)
n=   772   udiff=  1.2193E+00 ( 89, 14)   vdiff=  9.8022E-01 ( 25, 17)
n=   773   udiff=  1.2169E+00 ( 89, 14)   vdiff=  9.7854E-01 ( 25, 17)
n=   774   udiff=  1.2144E+00 ( 89, 14)   vdiff=  9.7674E-01 ( 25, 17)
n=   775   udiff=  1.2118E+00 ( 89, 14)   vdiff=  9.7482E-01 ( 25, 17)
n=   776   udiff=  1.2093E+00 ( 89, 14)   vdiff=  9.7333E-01 ( 26, 16)
n=   777   udiff=  1.2068E+00 ( 89, 14)   vdiff=  9.7219E-01 ( 26, 16)
n=   778   udiff=  1.2042E+00 ( 89, 14)   vdiff=  9.7092E-01 ( 26, 16)
n=   779   udiff=  1.2016E+00 ( 89, 14)   vdiff=  9.6950E-01 ( 26, 16)
n=   780   udiff=  1.1990E+00 ( 89, 14)   vdiff=  9.6795E-01 ( 26, 16)
n=   781   udiff=  1.1964E+00 ( 89, 14)   vdiff=  9.6627E-01 ( 26, 16)
n=   782   udiff=  1.1938E+00 ( 89, 14)   vdiff=  9.6446E-01 ( 26, 16)
n=   783   udiff=  1.1912E+00 ( 89, 14)   vdiff=  9.6252E-01 ( 26, 16)
n=   784   udiff=  1.1885E+00 ( 89, 14)   vdiff=  9.6045E-01 ( 26, 16)
n=   785   udiff=  1.1858E+00 ( 89, 14)   vdiff=  9.5825E-01 ( 26, 16)
n=   786   udiff=  1.1831E+00 ( 89, 14)   vdiff=  9.5594E-01 ( 26, 16)
n=   787   udiff=  1.1804E+00 ( 89, 14)   vdiff=  9.5350E-01 ( 26, 16)
n=   788   udiff=  1.1777E+00 ( 89, 14)   vdiff=  9.5095E-01 ( 26, 16)
n=   789   udiff=  1.1750E+00 ( 89, 14)   vdiff=  9.4829E-01 ( 26, 16)
n=   790   udiff=  1.1722E+00 ( 89, 14)   vdiff=  9.4551E-01 ( 26, 16)
n=   791   udiff=  1.1694E+00 ( 89, 14)   vdiff=  9.4262E-01 ( 26, 16)
n=   792   udiff=  1.1667E+00 ( 89, 14)   vdiff=  9.3963E-01 ( 26, 16)
n=   793   udiff=  1.1639E+00 ( 89, 14)   vdiff=  9.3653E-01 ( 26, 16)
n=   794   udiff=  1.1617E+00 ( 90, 14)   vdiff=  9.3437E-01 ( 26, 17)
n=   795   udiff=  1.1595E+00 ( 90, 14)   vdiff=  9.3385E-01 ( 26, 17)
n=   796   udiff=  1.1573E+00 ( 90, 14)   vdiff=  9.3321E-01 ( 26, 17)
n=   797   udiff=  1.1552E+00 ( 90, 14)   vdiff=  9.3244E-01 ( 26, 17)
n=   798   udiff=  1.1530E+00 ( 90, 14)   vdiff=  9.3155E-01 ( 26, 17)
n=   799   udiff=  1.1507E+00 ( 90, 14)   vdiff=  9.3055E-01 ( 26, 17)
n=   800   udiff=  1.1485E+00 ( 90, 14)   vdiff=  9.2942E-01 ( 26, 17)
n=   801   udiff=  1.1462E+00 ( 90, 14)   vdiff=  9.2819E-01 ( 26, 17)
n=   802   udiff=  1.1440E+00 ( 90, 14)   vdiff=  9.2684E-01 ( 26, 17)
n=   803   udiff=  1.1417E+00 ( 90, 14)   vdiff=  9.2538E-01 ( 26, 17)
n=   804   udiff=  1.1394E+00 ( 90, 14)   vdiff=  9.2380E-01 ( 26, 17)
n=   805   udiff=  1.1370E+00 ( 90, 14)   vdiff=  9.2213E-01 ( 26, 17)
n=   806   udiff=  1.1347E+00 ( 90, 14)   vdiff=  9.2093E-01 ( 27, 16)
n=   807   udiff=  1.1324E+00 ( 90, 14)   vdiff=  9.1989E-01 ( 27, 16)
n=   808   udiff=  1.1300E+00 ( 90, 14)   vdiff=  9.1872E-01 ( 27, 16)
n=   809   udiff=  1.1277E+00 ( 91, 13)   vdiff=  9.1743E-01 ( 27, 16)
n=   810   udiff=  1.1260E+00 ( 91, 13)   vdiff=  9.1601E-01 ( 27, 16)
n=   811   udiff=  1.1243E+00 ( 91, 13)   vdiff=  9.1447E-01 ( 27, 16)
n=   812   udiff=  1.1226E+00 ( 91, 13)   vdiff=  9.1282E-01 ( 27, 16)
n=   813   udiff=  1.1209E+00 ( 91, 13)   vdiff=  9.1104E-01 ( 27, 16)
n=   814   udiff=  1.1192E+00 ( 91, 13)   vdiff=  9.0916E-01 ( 27, 16)
n=   815   udiff=  1.1175E+00 ( 91, 13)   vdiff=  9.0715E-01 ( 27, 16)
n=   816   udiff=  1.1157E+00 ( 91, 13)   vdiff=  9.0504E-01 ( 27, 16)
n=   817   udiff=  1.1140E+00 ( 91, 13)   vdiff=  9.0282E-01 ( 27, 16)
n=   818   udiff=  1.1122E+00 ( 91, 13)   vdiff=  9.0050E-01 ( 27, 16)
n=   819   udiff=  1.1104E+00 ( 91, 13)   vdiff=  8.9806E-01 ( 27, 16)
n=   820   udiff=  1.1086E+00 ( 91, 13)   vdiff=  8.9553E-01 ( 27, 16)
n=   821   udiff=  1.1068E+00 ( 91, 13)   vdiff=  8.9290E-01 ( 27, 16)
n=   822   udiff=  1.1050E+00 ( 91, 13)   vdiff=  8.9017E-01 ( 27, 16)
n=   823   udiff=  1.1031E+00 ( 91, 13)   vdiff=  8.8734E-01 ( 27, 16)
n=   824   udiff=  1.1013E+00 ( 91, 13)   vdiff=  8.8443E-01 ( 27, 16)
n=   825   udiff=  1.0995E+00 ( 91, 13)   vdiff=  8.8258E-01 ( 27, 17)
n=   826   udiff=  1.0976E+00 ( 91, 13)   vdiff=  8.8206E-01 ( 27, 17)
n=   827   udiff=  1.0957E+00 ( 91, 13)   vdiff=  8.8143E-01 ( 27, 17)
n=   828   udiff=  1.0938E+00 ( 91, 13)   vdiff=  8.8068E-01 ( 27, 17)
n=   829   udiff=  1.0919E+00 ( 91, 13)   vdiff=  8.7984E-01 ( 27, 17)
n=   830   udiff=  1.0900E+00 ( 91, 13)   vdiff=  8.7888E-01 ( 27, 17)
n=   831   udiff=  1.0881E+00 ( 91, 13)   vdiff=  8.7782E-01 ( 27, 17)
n=   832   udiff=  1.0862E+00 ( 91, 13)   vdiff=  8.7666E-01 ( 27, 17)
n=   833   udiff=  1.0846E+00 ( 92, 13)   vdiff=  8.7539E-01 ( 27, 17)
n=   834   udiff=  1.0830E+00 ( 92, 13)   vdiff=  8.7402E-01 ( 27, 17)
n=   835   udiff=  1.0815E+00 ( 92, 13)   vdiff=  8.7256E-01 ( 27, 17)
n=   836   udiff=  1.0799E+00 ( 92, 13)   vdiff=  8.7169E-01 ( 28, 16)
n=   837   udiff=  1.0783E+00 ( 92, 13)   vdiff=  8.7075E-01 ( 28, 16)
n=   838   udiff=  1.0767E+00 ( 92, 13)   vdiff=  8.6968E-01 ( 28, 16)
n=   839   udiff=  1.0751E+00 ( 92, 13)   vdiff=  8.6850E-01 ( 28, 16)
n=   840   udiff=  1.0735E+00 ( 92, 13)   vdiff=  8.6721E-01 ( 28, 16)
n=   841   udiff=  1.0719E+00 ( 92, 13)   vdiff=  8.6581E-01 ( 28, 16)
n=   842   udiff=  1.0703E+00 ( 92, 13)   vdiff=  8.6431E-01 ( 28, 16)
n=   843   udiff=  1.0686E+00 ( 92, 13)   vdiff=  8.6269E-01 ( 28, 16)
n=   844   udiff=  1.0670E+00 ( 92, 13)   vdiff=  8.6097E-01 ( 28, 16)
n=   845   udiff=  1.0653E+00 ( 92, 13)   vdiff=  8.5915E-01 ( 28, 16)
n=   846   udiff=  1.0636E+00 ( 92, 13)   vdiff=  8.5723E-01 ( 28, 16)
n=   847   udiff=  1.0619E+00 ( 92, 13)   vdiff=  8.5521E-01 ( 28, 16)
n=   848   udiff=  1.0602E+00 ( 92, 13)   vdiff=  8.5309E-01 ( 28, 16)
n=   849   udiff=  1.0585E+00 ( 92, 13)   vdiff=  8.5088E-01 ( 28, 16)
n=   850   udiff=  1.0568E+00 ( 92, 13)   vdiff=  8.4857E-01 ( 28, 16)
n=   851   udiff=  1.0551E+00 ( 92, 13)   vdiff=  8.4617E-01 ( 28, 16)
n=   852   udiff=  1.0533E+00 ( 92, 13)   vdiff=  8.4369E-01 ( 28, 16)
n=   853   udiff=  1.0516E+00 ( 92, 13)   vdiff=  8.4112E-01 ( 28, 16)
n=   854   udiff=  1.0498E+00 ( 92, 13)   vdiff=  8.3846E-01 ( 28, 16)
n=   855   udiff=  1.0480E+00 ( 92, 13)   vdiff=  8.3572E-01 ( 28, 16)
n=   856   udiff=  1.0463E+00 ( 92, 13)   vdiff=  8.3390E-01 ( 28, 17)
n=   857   udiff=  1.0445E+00 ( 92, 13)   vdiff=  8.3339E-01 ( 28, 17)
n=   858   udiff=  1.0427E+00 ( 92, 13)   vdiff=  8.3279E-01 ( 28, 17)
n=   859   udiff=  1.0409E+00 ( 92, 13)   vdiff=  8.3208E-01 ( 28, 17)
n=   860   udiff=  1.0390E+00 ( 92, 13)   vdiff=  8.3128E-01 ( 28, 17)
n=   861   udiff=  1.0376E+00 ( 93, 13)   vdiff=  8.3037E-01 ( 28, 17)
n=   862   udiff=  1.0361E+00 ( 93, 13)   vdiff=  8.2938E-01 ( 28, 17)
n=   863   udiff=  1.0346E+00 ( 93, 13)   vdiff=  8.2829E-01 ( 28, 17)
n=   864   udiff=  1.0331E+00 ( 93, 13)   vdiff=  8.2711E-01 ( 28, 17)
n=   865   udiff=  1.0316E+00 ( 93, 13)   vdiff=  8.2607E-01 ( 29, 16)
n=   866   udiff=  1.0301E+00 ( 93, 13)   vdiff=  8.2532E-01 ( 29, 16)
n=   867   udiff=  1.0286E+00 ( 93, 13)   vdiff=  8.2447E-01 ( 29, 16)
n=   868   udiff=  1.0271E+00 ( 93, 13)   vdiff=  8.2350E-01 ( 29, 16)
n=   869   udiff=  1.0256E+00 ( 93, 13)   vdiff=  8.2244E-01 ( 29, 16)
n=   870   udiff=  1.0240E+00 ( 93, 13)   vdiff=  8.2127E-01 ( 29, 16)
n=   871   udiff=  1.0224E+00 ( 93, 13)   vdiff=  8.2000E-01 ( 29, 16)
n=   872   udiff=  1.0209E+00 ( 93, 13)   vdiff=  8.1863E-01 ( 29, 16)
n=   873   udiff=  1.0193E+00 ( 93, 13)   vdiff=  8.1717E-01 ( 29, 16)
n=   874   udiff=  1.0177E+00 ( 93, 13)   vdiff=  8.1561E-01 ( 29, 16)
n=   875   udiff=  1.0161E+00 ( 93, 13)   vdiff=  8.1395E-01 ( 29, 16)
n=   876   udiff=  1.0145E+00 ( 93, 13)   vdiff=  8.1221E-01 ( 29, 16)
n=   877   udiff=  1.0129E+00 ( 93, 13)   vdiff=  8.1037E-01 ( 29, 16)
n=   878   udiff=  1.0112E+00 ( 93, 13)   vdiff=  8.0845E-01 ( 29, 16)
n=   879   udiff=  1.0096E+00 ( 93, 13)   vdiff=  8.0644E-01 ( 29, 16)
n=   880   udiff=  1.0079E+00 ( 93, 13)   vdiff=  8.0435E-01 ( 29, 16)
n=   881   udiff=  1.0063E+00 ( 93, 13)   vdiff=  8.0217E-01 ( 29, 16)
n=   882   udiff=  1.0046E+00 ( 93, 13)   vdiff=  7.9991E-01 ( 29, 16)
n=   883   udiff=  1.0029E+00 ( 93, 13)   vdiff=  7.9758E-01 ( 29, 16)
n=   884   udiff=  1.0012E+00 ( 93, 13)   vdiff=  7.9516E-01 ( 29, 16)
n=   885   udiff=  9.9954E-01 ( 93, 13)   vdiff=  7.9267E-01 ( 29, 16)
n=   886   udiff=  9.9784E-01 ( 93, 13)   vdiff=  7.9011E-01 ( 29, 16)
n=   887   udiff=  9.9612E-01 ( 93, 13)   vdiff=  7.8805E-01 ( 29, 17)
n=   888   udiff=  9.9445E-01 ( 94, 13)   vdiff=  7.8757E-01 ( 29, 17)
n=   889   udiff=  9.9308E-01 ( 94, 13)   vdiff=  7.8699E-01 ( 29, 17)
n=   890   udiff=  9.9169E-01 ( 94, 13)   vdiff=  7.8632E-01 ( 29, 17)
n=   891   udiff=  9.9029E-01 ( 94, 13)   vdiff=  7.8557E-01 ( 29, 17)
n=   892   udiff=  9.8888E-01 ( 94, 13)   vdiff=  7.8473E-01 ( 29, 17)
n=   893   udiff=  9.8746E-01 ( 94, 13)   vdiff=  7.8380E-01 ( 29, 17)
n=   894   udiff=  9.8603E-01 ( 94, 13)   vdiff=  7.8279E-01 ( 29, 17)
n=   895   udiff=  9.8459E-01 ( 94, 13)   vdiff=  7.8221E-01 ( 30, 16)
n=   896   udiff=  9.8314E-01 ( 94, 13)   vdiff=  7.8154E-01 ( 30, 16)
n=   897   udiff=  9.8168E-01 ( 94, 13)   vdiff=  7.8077E-01 ( 30, 16)
n=   898   udiff=  9.8021E-01 ( 94, 13)   vdiff=  7.7991E-01 ( 30, 16)
n=   899   udiff=  9.7873E-01 ( 94, 13)   vdiff=  7.7895E-01 ( 30, 16)
n=   900   udiff=  9.7724E-01 ( 94, 13)   vdiff=  7.7790E-01 ( 30, 16)
n=   901   udiff=  9.7574E-01 ( 94, 13)   vdiff=  7.7675E-01 ( 30, 16)
n=   902   udiff=  9.7423E-01 ( 94, 13)   vdiff=  7.7552E-01 ( 30, 16)
n=   903   udiff=  9.7271E-01 ( 94, 13)   vdiff=  7.7420E-01 ( 30, 16)
n=   904   udiff=  9.7118E-01 ( 94, 13)   vdiff=  7.7279E-01 ( 30, 16)
n=   905   udiff=  9.6964E-01 ( 94, 13)   vdiff=  7.7130E-01 ( 30, 16)
n=   906   udiff=  9.6810E-01 ( 94, 13)   vdiff=  7.6972E-01 ( 30, 16)
n=   907   udiff=  9.6654E-01 ( 94, 13)   vdiff=  7.6806E-01 ( 30, 16)
n=   908   udiff=  9.6497E-01 ( 94, 13)   vdiff=  7.6632E-01 ( 30, 16)
n=   909   udiff=  9.6339E-01 ( 94, 13)   vdiff=  7.6450E-01 ( 30, 16)
n=   910   udiff=  9.6181E-01 ( 94, 13)   vdiff=  7.6260E-01 ( 30, 16)
n=   911   udiff=  9.6021E-01 ( 94, 13)   vdiff=  7.6063E-01 ( 30, 16)
n=   912   udiff=  9.5861E-01 ( 94, 13)   vdiff=  7.5859E-01 ( 30, 16)
n=   913   udiff=  9.5699E-01 ( 94, 13)   vdiff=  7.5647E-01 ( 30, 16)
n=   914   udiff=  9.5537E-01 ( 94, 13)   vdiff=  7.5428E-01 ( 30, 16)
n=   915   udiff=  9.5374E-01 ( 94, 13)   vdiff=  7.5202E-01 ( 30, 16)
n=   916   udiff=  9.5227E-01 ( 95, 13)   vdiff=  7.4970E-01 ( 30, 16)
n=   917   udiff=  9.5096E-01 ( 95, 13)   vdiff=  7.4731E-01 ( 30, 16)
n=   918   udiff=  9.4964E-01 ( 95, 13)   vdiff=  7.4485E-01 ( 30, 16)
n=   919   udiff=  9.4831E-01 ( 95, 13)   vdiff=  7.4430E-01 ( 30, 17)
n=   920   udiff=  9.4697E-01 ( 95, 13)   vdiff=  7.4376E-01 ( 30, 17)
n=   921   udiff=  9.4562E-01 ( 95, 13)   vdiff=  7.4314E-01 ( 30, 17)
n=   922   udiff=  9.4426E-01 ( 95, 13)   vdiff=  7.4244E-01 ( 30, 17)
n=   923   udiff=  9.4289E-01 ( 95, 13)   vdiff=  7.4166E-01 ( 30, 17)
n=   924   udiff=  9.4151E-01 ( 95, 13)   vdiff=  7.4117E-01 ( 31, 16)
n=   925   udiff=  9.4012E-01 ( 95, 13)   vdiff=  7.4067E-01 ( 31, 16)
n=   926   udiff=  9.3872E-01 ( 95, 13)   vdiff=  7.4008E-01 ( 31, 16)
n=   927   udiff=  9.3731E-01 ( 95, 13)   vdiff=  7.3940E-01 ( 31, 16)
n=   928   udiff=  9.3589E-01 ( 95, 13)   vdiff=  7.3863E-01 ( 31, 16)
n=   929   udiff=  9.3447E-01 ( 95, 13)   vdiff=  7.3778E-01 ( 31, 16)
n=   930   udiff=  9.3303E-01 ( 95, 13)   vdiff=  7.3684E-01 ( 31, 16)
n=   931   udiff=  9.3159E-01 ( 95, 13)   vdiff=  7.3582E-01 ( 31, 16)
n=   932   udiff=  9.3013E-01 ( 95, 13)   vdiff=  7.3471E-01 ( 31, 16)
n=   933   udiff=  9.2867E-01 ( 95, 13)   vdiff=  7.3353E-01 ( 31, 16)
n=   934   udiff=  9.2719E-01 ( 95, 13)   vdiff=  7.3226E-01 ( 31, 16)
n=   935   udiff=  9.2571E-01 ( 95, 13)   vdiff=  7.3092E-01 ( 31, 16)
n=   936   udiff=  9.2422E-01 ( 95, 13)   vdiff=  7.2950E-01 ( 31, 16)
n=   937   udiff=  9.2272E-01 ( 95, 13)   vdiff=  7.2800E-01 ( 31, 16)
n=   938   udiff=  9.2121E-01 ( 95, 13)   vdiff=  7.2644E-01 ( 31, 16)
n=   939   udiff=  9.1970E-01 ( 95, 13)   vdiff=  7.2480E-01 ( 31, 16)
n=   940   udiff=  9.1817E-01 ( 95, 13)   vdiff=  7.2309E-01 ( 31, 16)
n=   941   udiff=  9.1664E-01 ( 95, 13)   vdiff=  7.2131E-01 ( 31, 16)
n=   942   udiff=  9.1509E-01 ( 95, 13)   vdiff=  7.1946E-01 ( 31, 16)
n=   943   udiff=  9.1354E-01 ( 95, 13)   vdiff=  7.1755E-01 ( 31, 16)
n=   944   udiff=  9.1225E-01 ( 96, 13)   vdiff=  7.1557E-01 ( 31, 16)
n=   945   udiff=  9.1100E-01 ( 96, 13)   vdiff=  7.1353E-01 ( 31, 16)
n=   946   udiff=  9.0975E-01 ( 96, 13)   vdiff=  7.1142E-01 ( 31, 16)
n=   947   udiff=  9.0848E-01 ( 96, 13)   vdiff=  7.0926E-01 ( 31, 16)
n=   948   udiff=  9.0720E-01 ( 96, 13)   vdiff=  7.0704E-01 ( 31, 16)
n=   949   udiff=  9.0591E-01 ( 96, 13)   vdiff=  7.0476E-01 ( 31, 16)
n=   950   udiff=  9.0462E-01 ( 96, 13)   vdiff=  7.0331E-01 ( 31, 17)
n=   951   udiff=  9.0331E-01 ( 96, 13)   vdiff=  7.0282E-01 ( 31, 17)
n=   952   udiff=  9.0200E-01 ( 96, 13)   vdiff=  7.0225E-01 ( 31, 17)
n=   953   udiff=  9.0067E-01 ( 96, 13)   vdiff=  7.0198E-01 ( 32, 16)
n=   954   udiff=  8.9934E-01 ( 96, 13)   vdiff=  7.0164E-01 ( 32, 16)
n=   955   udiff=  8.9800E-01 ( 96, 13)   vdiff=  7.0121E-01 ( 32, 16)
n=   956   udiff=  8.9665E-01 ( 96, 13)   vdiff=  7.0069E-01 ( 32, 16)
n=   957   udiff=  8.9529E-01 ( 96, 13)   vdiff=  7.0010E-01 ( 32, 16)
n=   958   udiff=  8.9392E-01 ( 96, 13)   vdiff=  6.9943E-01 ( 32, 16)
n=   959   udiff=  8.9254E-01 ( 96, 13)   vdiff=  6.9867E-01 ( 32, 16)
n=   960   udiff=  8.9115E-01 ( 96, 13)   vdiff=  6.9784E-01 ( 32, 16)
n=   961   udiff=  8.8976E-01 ( 96, 13)   vdiff=  6.9694E-01 ( 32, 16)
n=   962   udiff=  8.8835E-01 ( 96, 13)   vdiff=  6.9596E-01 ( 32, 16)
n=   963   udiff=  8.8694E-01 ( 96, 13)   vdiff=  6.9490E-01 ( 32, 16)
n=   964   udiff=  8.8552E-01 ( 96, 13)   vdiff=  6.9377E-01 ( 32, 16)
n=   965   udiff=  8.8409E-01 ( 96, 13)   vdiff=  6.9257E-01 ( 32, 16)
n=   966   udiff=  8.8265E-01 ( 96, 13)   vdiff=  6.9130E-01 ( 32, 16)
n=   967   udiff=  8.8121E-01 ( 96, 13)   vdiff=  6.8997E-01 ( 32, 16)
n=   968   udiff=  8.7975E-01 ( 96, 13)   vdiff=  6.8856E-01 ( 32, 16)
n=   969   udiff=  8.7829E-01 ( 96, 13)   vdiff=  6.8709E-01 ( 32, 16)
n=   970   udiff=  8.7682E-01 ( 96, 13)   vdiff=  6.8555E-01 ( 32, 16)
n=   971   udiff=  8.7542E-01 ( 97, 13)   vdiff=  6.8396E-01 ( 32, 16)
n=   972   udiff=  8.7424E-01 ( 97, 13)   vdiff=  6.8229E-01 ( 32, 16)
n=   973   udiff=  8.7304E-01 ( 97, 13)   vdiff=  6.8057E-01 ( 32, 16)
n=   974   udiff=  8.7184E-01 ( 97, 13)   vdiff=  6.7879E-01 ( 32, 16)
n=   975   udiff=  8.7063E-01 ( 97, 13)   vdiff=  6.7695E-01 ( 32, 16)
n=   976   udiff=  8.6941E-01 ( 97, 13)   vdiff=  6.7506E-01 ( 32, 16)
n=   977   udiff=  8.6818E-01 ( 97, 13)   vdiff=  6.7311E-01 ( 32, 16)
n=   978   udiff=  8.6694E-01 ( 97, 13)   vdiff=  6.7110E-01 ( 32, 16)
n=   979   udiff=  8.6569E-01 ( 97, 13)   vdiff=  6.6904E-01 ( 32, 16)
n=   980   udiff=  8.6444E-01 ( 97, 13)   vdiff=  6.6694E-01 ( 32, 16)
n=   981   udiff=  8.6317E-01 ( 97, 13)   vdiff=  6.6478E-01 ( 32, 16)
n=   982   udiff=  8.6190E-01 ( 97, 13)   vdiff=  6.6440E-01 ( 33, 16)
n=   983   udiff=  8.6062E-01 ( 97, 13)   vdiff=  6.6420E-01 ( 33, 16)
n=   984   udiff=  8.5933E-01 ( 97, 13)   vdiff=  6.6392E-01 ( 33, 16)
n=   985   udiff=  8.5803E-01 ( 97, 13)   vdiff=  6.6356E-01 ( 33, 16)
n=   986   udiff=  8.5672E-01 ( 97, 13)   vdiff=  6.6313E-01 ( 33, 16)
n=   987   udiff=  8.5541E-01 ( 97, 13)   vdiff=  6.6262E-01 ( 33, 16)
n=   988   udiff=  8.5408E-01 ( 97, 13)   vdiff=  6.6204E-01 ( 33, 16)
n=   989   udiff=  8.5275E-01 ( 97, 13)   vdiff=  6.6139E-01 ( 33, 16)
n=   990   udiff=  8.5141E-01 ( 97, 13)   vdiff=  6.6067E-01 ( 33, 16)
n=   991   udiff=  8.5006E-01 ( 97, 13)   vdiff=  6.5987E-01 ( 33, 16)
n=   992   udiff=  8.4870E-01 ( 97, 13)   vdiff=  6.5901E-01 ( 33, 16)
n=   993   udiff=  8.4734E-01 ( 97, 13)   vdiff=  6.5808E-01 ( 33, 16)
n=   994   udiff=  8.4597E-01 ( 97, 13)   vdiff=  6.5708E-01 ( 33, 16)
n=   995   udiff=  8.4459E-01 ( 97, 13)   vdiff=  6.5602E-01 ( 33, 16)
n=   996   udiff=  8.4320E-01 ( 97, 13)   vdiff=  6.5489E-01 ( 33, 16)
n=   997   udiff=  8.4180E-01 ( 97, 13)   vdiff=  6.5370E-01 ( 33, 16)
n=   998   udiff=  8.4040E-01 ( 97, 13)   vdiff=  6.5245E-01 ( 33, 16)
n=   999   udiff=  8.3918E-01 ( 98, 13)   vdiff=  6.5114E-01 ( 33, 16)
n=  1000   udiff=  8.3804E-01 ( 98, 13)   vdiff=  6.4977E-01 ( 33, 16)
n=  1001   udiff=  8.3690E-01 ( 98, 13)   vdiff=  6.4834E-01 ( 33, 16)
n=  1002   udiff=  8.3575E-01 ( 98, 13)   vdiff=  6.4686E-01 ( 33, 16)
n=  1003   udiff=  8.3459E-01 ( 98, 13)   vdiff=  6.4532E-01 ( 33, 16)
n=  1004   udiff=  8.3342E-01 ( 98, 13)   vdiff=  6.4372E-01 ( 33, 16)
n=  1005   udiff=  8.3225E-01 ( 98, 13)   vdiff=  6.4207E-01 ( 33, 16)
n=  1006   udiff=  8.3106E-01 ( 98, 13)   vdiff=  6.4037E-01 ( 33, 16)
n=  1007   udiff=  8.2987E-01 ( 98, 13)   vdiff=  6.3862E-01 ( 33, 16)
n=  1008   udiff=  8.2867E-01 ( 98, 13)   vdiff=  6.3682E-01 ( 33, 16)
n=  1009   udiff=  8.2746E-01 ( 98, 13)   vdiff=  6.3497E-01 ( 33, 16)
n=  1010   udiff=  8.2624E-01 ( 98, 13)   vdiff=  6.3307E-01 ( 33, 16)
n=  1011   udiff=  8.2501E-01 ( 98, 13)   vdiff=  6.3113E-01 ( 33, 16)
n=  1012   udiff=  8.2378E-01 ( 98, 13)   vdiff=  6.2914E-01 ( 33, 16)
n=  1013   udiff=  8.2254E-01 ( 98, 13)   vdiff=  6.2800E-01 ( 34, 16)
n=  1014   udiff=  8.2129E-01 ( 98, 13)   vdiff=  6.2779E-01 ( 34, 16)
n=  1015   udiff=  8.2003E-01 ( 98, 13)   vdiff=  6.2750E-01 ( 34, 16)
n=  1016   udiff=  8.1876E-01 ( 98, 13)   vdiff=  6.2715E-01 ( 34, 16)
n=  1017   udiff=  8.1749E-01 ( 98, 13)   vdiff=  6.2673E-01 ( 34, 16)
n=  1018   udiff=  8.1621E-01 ( 98, 13)   vdiff=  6.2624E-01 ( 34, 16)
n=  1019   udiff=  8.1492E-01 ( 98, 13)   vdiff=  6.2568E-01 ( 34, 16)
n=  1020   udiff=  8.1362E-01 ( 98, 13)   vdiff=  6.2506E-01 ( 34, 16)
n=  1021   udiff=  8.1232E-01 ( 98, 13)   vdiff=  6.2438E-01 ( 34, 16)
n=  1022   udiff=  8.1100E-01 ( 98, 13)   vdiff=  6.2363E-01 ( 34, 16)
n=  1023   udiff=  8.0968E-01 ( 98, 13)   vdiff=  6.2282E-01 ( 34, 16)
n=  1024   udiff=  8.0836E-01 ( 98, 13)   vdiff=  6.2195E-01 ( 34, 16)
n=  1025   udiff=  8.0702E-01 ( 98, 13)   vdiff=  6.2102E-01 ( 34, 16)
n=  1026   udiff=  8.0570E-01 ( 99, 13)   vdiff=  6.2003E-01 ( 34, 16)
n=  1027   udiff=  8.0462E-01 ( 99, 13)   vdiff=  6.1898E-01 ( 34, 16)
n=  1028   udiff=  8.0353E-01 ( 99, 13)   vdiff=  6.1788E-01 ( 34, 16)
n=  1029   udiff=  8.0244E-01 ( 99, 13)   vdiff=  6.1672E-01 ( 34, 16)
n=  1030   udiff=  8.0134E-01 ( 99, 13)   vdiff=  6.1550E-01 ( 34, 16)
n=  1031   udiff=  8.0022E-01 ( 99, 13)   vdiff=  6.1424E-01 ( 34, 16)
n=  1032   udiff=  7.9910E-01 ( 99, 13)   vdiff=  6.1292E-01 ( 34, 16)
n=  1033   udiff=  7.9798E-01 ( 99, 13)   vdiff=  6.1155E-01 ( 34, 16)
n=  1034   udiff=  7.9684E-01 ( 99, 13)   vdiff=  6.1013E-01 ( 34, 16)
n=  1035   udiff=  7.9570E-01 ( 99, 13)   vdiff=  6.0865E-01 ( 34, 16)
n=  1036   udiff=  7.9455E-01 ( 99, 13)   vdiff=  6.0714E-01 ( 34, 16)
n=  1037   udiff=  7.9339E-01 ( 99, 13)   vdiff=  6.0557E-01 ( 34, 16)
n=  1038   udiff=  7.9222E-01 ( 99, 13)   vdiff=  6.0396E-01 ( 34, 16)
n=  1039   udiff=  7.9105E-01 ( 99, 13)   vdiff=  6.0230E-01 ( 34, 16)
n=  1040   udiff=  7.8987E-01 ( 99, 13)   vdiff=  6.0061E-01 ( 34, 16)
n=  1041   udiff=  7.8868E-01 ( 99, 13)   vdiff=  5.9886E-01 ( 34, 16)
n=  1042   udiff=  7.8748E-01 ( 99, 13)   vdiff=  5.9708E-01 ( 34, 16)
n=  1043   udiff=  7.8627E-01 ( 99, 13)   vdiff=  5.9526E-01 ( 34, 16)
n=  1044   udiff=  7.8506E-01 ( 99, 13)   vdiff=  5.9339E-01 ( 34, 16)
n=  1045   udiff=  7.8384E-01 ( 99, 13)   vdiff=  5.9279E-01 ( 35, 16)
n=  1046   udiff=  7.8261E-01 ( 99, 13)   vdiff=  5.9251E-01 ( 35, 16)
n=  1047   udiff=  7.8138E-01 ( 99, 13)   vdiff=  5.9217E-01 ( 35, 16)
n=  1048   udiff=  7.8014E-01 ( 99, 13)   vdiff=  5.9177E-01 ( 35, 16)
n=  1049   udiff=  7.7889E-01 ( 99, 13)   vdiff=  5.9131E-01 ( 35, 16)
n=  1050   udiff=  7.7763E-01 ( 99, 13)   vdiff=  5.9079E-01 ( 35, 16)
n=  1051   udiff=  7.7637E-01 ( 99, 13)   vdiff=  5.9022E-01 ( 35, 16)
n=  1052   udiff=  7.7510E-01 ( 99, 13)   vdiff=  5.8958E-01 ( 35, 16)
n=  1053   udiff=  7.7382E-01 ( 99, 13)   vdiff=  5.8889E-01 ( 35, 16)
n=  1054   udiff=  7.7264E-01 (100, 13)   vdiff=  5.8814E-01 ( 35, 16)
n=  1055   udiff=  7.7160E-01 (100, 13)   vdiff=  5.8733E-01 ( 35, 16)
n=  1056   udiff=  7.7056E-01 (100, 13)   vdiff=  5.8647E-01 ( 35, 16)
n=  1057   udiff=  7.6951E-01 (100, 13)   vdiff=  5.8556E-01 ( 35, 16)
n=  1058   udiff=  7.6845E-01 (100, 13)   vdiff=  5.8460E-01 ( 35, 16)
n=  1059   udiff=  7.6738E-01 (100, 13)   vdiff=  5.8358E-01 ( 35, 16)
n=  1060   udiff=  7.6631E-01 (100, 13)   vdiff=  5.8252E-01 ( 35, 16)
n=  1061   udiff=  7.6522E-01 (100, 13)   vdiff=  5.8140E-01 ( 35, 16)
n=  1062   udiff=  7.6413E-01 (100, 13)   vdiff=  5.8024E-01 ( 35, 16)
n=  1063   udiff=  7.6304E-01 (100, 13)   vdiff=  5.7903E-01 ( 35, 16)
n=  1064   udiff=  7.6193E-01 (100, 13)   vdiff=  5.7777E-01 ( 35, 16)
n=  1065   udiff=  7.6082E-01 (100, 13)   vdiff=  5.7647E-01 ( 35, 16)
n=  1066   udiff=  7.5970E-01 (100, 13)   vdiff=  5.7513E-01 ( 35, 16)
n=  1067   udiff=  7.5857E-01 (100, 13)   vdiff=  5.7374E-01 ( 35, 16)
n=  1068   udiff=  7.5744E-01 (100, 13)   vdiff=  5.7231E-01 ( 35, 16)
n=  1069   udiff=  7.5630E-01 (100, 13)   vdiff=  5.7083E-01 ( 35, 16)
n=  1070   udiff=  7.5515E-01 (100, 13)   vdiff=  5.6932E-01 ( 35, 16)
n=  1071   udiff=  7.5399E-01 (100, 13)   vdiff=  5.6777E-01 ( 35, 16)
n=  1072   udiff=  7.5283E-01 (100, 13)   vdiff=  5.6618E-01 ( 35, 16)
n=  1073   udiff=  7.5166E-01 (100, 13)   vdiff=  5.6455E-01 ( 35, 16)
n=  1074   udiff=  7.5048E-01 (100, 13)   vdiff=  5.6288E-01 ( 35, 16)
n=  1075   udiff=  7.4930E-01 (100, 13)   vdiff=  5.6118E-01 ( 35, 16)
n=  1076   udiff=  7.4810E-01 (100, 13)   vdiff=  5.5944E-01 ( 35, 16)
n=  1077   udiff=  7.4691E-01 (100, 13)   vdiff=  5.5872E-01 ( 36, 16)
n=  1078   udiff=  7.4570E-01 (100, 13)   vdiff=  5.5841E-01 ( 36, 16)
n=  1079   udiff=  7.4449E-01 (100, 13)   vdiff=  5.5804E-01 ( 36, 16)
n=  1080   udiff=  7.4327E-01 (100, 13)   vdiff=  5.5762E-01 ( 36, 16)
n=  1081   udiff=  7.4204E-01 (100, 13)   vdiff=  5.5714E-01 ( 36, 16)
n=  1082   udiff=  7.4096E-01 (101, 13)   vdiff=  5.5662E-01 ( 36, 16)
n=  1083   udiff=  7.3997E-01 (101, 13)   vdiff=  5.5603E-01 ( 36, 16)
n=  1084   udiff=  7.3896E-01 (101, 13)   vdiff=  5.5540E-01 ( 36, 16)
n=  1085   udiff=  7.3795E-01 (101, 13)   vdiff=  5.5472E-01 ( 36, 16)
n=  1086   udiff=  7.3693E-01 (101, 13)   vdiff=  5.5399E-01 ( 36, 16)
n=  1087   udiff=  7.3591E-01 (101, 13)   vdiff=  5.5320E-01 ( 36, 16)
n=  1088   udiff=  7.3487E-01 (101, 13)   vdiff=  5.5237E-01 ( 36, 16)
n=  1089   udiff=  7.3383E-01 (101, 13)   vdiff=  5.5150E-01 ( 36, 16)
n=  1090   udiff=  7.3278E-01 (101, 13)   vdiff=  5.5057E-01 ( 36, 16)
n=  1091   udiff=  7.3173E-01 (101, 13)   vdiff=  5.4960E-01 ( 36, 16)
n=  1092   udiff=  7.3067E-01 (101, 13)   vdiff=  5.4859E-01 ( 36, 16)
n=  1093   udiff=  7.2960E-01 (101, 13)   vdiff=  5.4753E-01 ( 36, 16)
n=  1094   udiff=  7.2852E-01 (101, 13)   vdiff=  5.4643E-01 ( 36, 16)
n=  1095   udiff=  7.2744E-01 (101, 13)   vdiff=  5.4529E-01 ( 36, 16)
n=  1096   udiff=  7.2634E-01 (101, 13)   vdiff=  5.4411E-01 ( 36, 16)
n=  1097   udiff=  7.2525E-01 (101, 13)   vdiff=  5.4289E-01 ( 36, 16)
n=  1098   udiff=  7.2414E-01 (101, 13)   vdiff=  5.4162E-01 ( 36, 16)
n=  1099   udiff=  7.2303E-01 (101, 13)   vdiff=  5.4032E-01 ( 36, 16)
n=  1100   udiff=  7.2191E-01 (101, 13)   vdiff=  5.3898E-01 ( 36, 16)
n=  1101   udiff=  7.2079E-01 (101, 13)   vdiff=  5.3761E-01 ( 36, 16)
n=  1102   udiff=  7.1965E-01 (101, 13)   vdiff=  5.3620E-01 ( 36, 16)
n=  1103   udiff=  7.1852E-01 (101, 13)   vdiff=  5.3475E-01 ( 36, 16)
n=  1104   udiff=  7.1737E-01 (101, 13)   vdiff=  5.3327E-01 ( 36, 16)
n=  1105   udiff=  7.1622E-01 (101, 13)   vdiff=  5.3176E-01 ( 36, 16)
n=  1106   udiff=  7.1506E-01 (101, 13)   vdiff=  5.3021E-01 ( 36, 16)
n=  1107   udiff=  7.1390E-01 (101, 13)   vdiff=  5.2864E-01 ( 36, 16)
n=  1108   udiff=  7.1273E-01 (101, 13)   vdiff=  5.2703E-01 ( 36, 16)
n=  1109   udiff=  7.1155E-01 (101, 13)   vdiff=  5.2562E-01 ( 37, 16)
n=  1110   udiff=  7.1052E-01 (102, 13)   vdiff=  5.2529E-01 ( 37, 16)
n=  1111   udiff=  7.0955E-01 (102, 13)   vdiff=  5.2491E-01 ( 37, 16)
n=  1112   udiff=  7.0859E-01 (102, 13)   vdiff=  5.2449E-01 ( 37, 16)
n=  1113   udiff=  7.0761E-01 (102, 13)   vdiff=  5.2402E-01 ( 37, 16)
n=  1114   udiff=  7.0663E-01 (102, 13)   vdiff=  5.2350E-01 ( 37, 16)
n=  1115   udiff=  7.0564E-01 (102, 13)   vdiff=  5.2293E-01 ( 37, 16)
n=  1116   udiff=  7.0464E-01 (102, 13)   vdiff=  5.2232E-01 ( 37, 16)
n=  1117   udiff=  7.0364E-01 (102, 13)   vdiff=  5.2166E-01 ( 37, 16)
n=  1118   udiff=  7.0263E-01 (102, 13)   vdiff=  5.2096E-01 ( 37, 16)
n=  1119   udiff=  7.0161E-01 (102, 13)   vdiff=  5.2022E-01 ( 37, 16)
n=  1120   udiff=  7.0059E-01 (102, 13)   vdiff=  5.1943E-01 ( 37, 16)
n=  1121   udiff=  6.9956E-01 (102, 13)   vdiff=  5.1860E-01 ( 37, 16)
n=  1122   udiff=  6.9852E-01 (102, 13)   vdiff=  5.1773E-01 ( 37, 16)
n=  1123   udiff=  6.9747E-01 (102, 13)   vdiff=  5.1681E-01 ( 37, 16)
n=  1124   udiff=  6.9642E-01 (102, 13)   vdiff=  5.1586E-01 ( 37, 16)
n=  1125   udiff=  6.9536E-01 (102, 13)   vdiff=  5.1487E-01 ( 37, 16)
n=  1126   udiff=  6.9430E-01 (102, 13)   vdiff=  5.1384E-01 ( 37, 16)
n=  1127   udiff=  6.9323E-01 (102, 13)   vdiff=  5.1278E-01 ( 37, 16)
n=  1128   udiff=  6.9215E-01 (102, 13)   vdiff=  5.1168E-01 ( 37, 16)
n=  1129   udiff=  6.9107E-01 (102, 13)   vdiff=  5.1054E-01 ( 37, 16)
n=  1130   udiff=  6.8998E-01 (102, 13)   vdiff=  5.0936E-01 ( 37, 16)
n=  1131   udiff=  6.8888E-01 (102, 13)   vdiff=  5.0816E-01 ( 37, 16)
n=  1132   udiff=  6.8778E-01 (102, 13)   vdiff=  5.0692E-01 ( 37, 16)
n=  1133   udiff=  6.8667E-01 (102, 13)   vdiff=  5.0564E-01 ( 37, 16)
n=  1134   udiff=  6.8556E-01 (102, 13)   vdiff=  5.0434E-01 ( 37, 16)
n=  1135   udiff=  6.8444E-01 (102, 13)   vdiff=  5.0300E-01 ( 37, 16)
n=  1136   udiff=  6.8331E-01 (102, 13)   vdiff=  5.0164E-01 ( 37, 16)
n=  1137   udiff=  6.8217E-01 (102, 13)   vdiff=  5.0024E-01 ( 37, 16)
n=  1138   udiff=  6.8112E-01 (103, 13)   vdiff=  4.9881E-01 ( 37, 16)
n=  1139   udiff=  6.8019E-01 (103, 13)   vdiff=  4.9736E-01 ( 37, 16)
n=  1140   udiff=  6.7925E-01 (103, 13)   vdiff=  4.9588E-01 ( 37, 16)
n=  1141   udiff=  6.7831E-01 (103, 13)   vdiff=  4.9437E-01 ( 37, 16)
n=  1142   udiff=  6.7736E-01 (103, 13)   vdiff=  4.9295E-01 ( 38, 16)
n=  1143   udiff=  6.7640E-01 (103, 13)   vdiff=  4.9258E-01 ( 38, 16)
n=  1144   udiff=  6.7544E-01 (103, 13)   vdiff=  4.9217E-01 ( 38, 16)
n=  1145   udiff=  6.7447E-01 (103, 13)   vdiff=  4.9172E-01 ( 38, 16)
n=  1146   udiff=  6.7350E-01 (103, 13)   vdiff=  4.9122E-01 ( 38, 16)
n=  1147   udiff=  6.7251E-01 (103, 13)   vdiff=  4.9068E-01 ( 38, 16)
n=  1148   udiff=  6.7152E-01 (103, 13)   vdiff=  4.9011E-01 ( 38, 16)
n=  1149   udiff=  6.7053E-01 (103, 13)   vdiff=  4.8949E-01 ( 38, 16)
n=  1150   udiff=  6.6953E-01 (103, 13)   vdiff=  4.8883E-01 ( 38, 16)
n=  1151   udiff=  6.6852E-01 (103, 13)   vdiff=  4.8813E-01 ( 38, 16)
n=  1152   udiff=  6.6750E-01 (103, 13)   vdiff=  4.8739E-01 ( 38, 16)
n=  1153   udiff=  6.6648E-01 (103, 13)   vdiff=  4.8662E-01 ( 38, 16)
n=  1154   udiff=  6.6545E-01 (103, 13)   vdiff=  4.8581E-01 ( 38, 16)
n=  1155   udiff=  6.6442E-01 (103, 13)   vdiff=  4.8497E-01 ( 38, 16)
n=  1156   udiff=  6.6338E-01 (103, 13)   vdiff=  4.8408E-01 ( 38, 16)
n=  1157   udiff=  6.6234E-01 (103, 13)   vdiff=  4.8317E-01 ( 38, 16)
n=  1158   udiff=  6.6128E-01 (103, 13)   vdiff=  4.8222E-01 ( 38, 16)
n=  1159   udiff=  6.6023E-01 (103, 13)   vdiff=  4.8123E-01 ( 38, 16)
n=  1160   udiff=  6.5916E-01 (103, 13)   vdiff=  4.8022E-01 ( 38, 16)
n=  1161   udiff=  6.5809E-01 (103, 13)   vdiff=  4.7917E-01 ( 38, 16)
n=  1162   udiff=  6.5702E-01 (103, 13)   vdiff=  4.7809E-01 ( 38, 16)
n=  1163   udiff=  6.5593E-01 (103, 13)   vdiff=  4.7855E-01 (120,  8)
n=  1164   udiff=  6.5485E-01 (103, 13)   vdiff=  4.7936E-01 (120,  8)
n=  1165   udiff=  6.5375E-01 (103, 13)   vdiff=  4.8016E-01 (120,  8)
n=  1166   udiff=  6.5266E-01 (103, 13)   vdiff=  4.8097E-01 (120,  8)
n=  1167   udiff=  6.5168E-01 (104, 13)   vdiff=  4.8178E-01 (120,  8)
n=  1168   udiff=  6.5077E-01 (104, 13)   vdiff=  4.8258E-01 (120,  8)
n=  1169   udiff=  6.4986E-01 (104, 13)   vdiff=  4.8339E-01 (120,  8)
n=  1170   udiff=  6.4894E-01 (104, 13)   vdiff=  4.8420E-01 (120,  8)
n=  1171   udiff=  6.4801E-01 (104, 13)   vdiff=  4.8500E-01 (120,  8)
n=  1172   udiff=  6.4708E-01 (104, 13)   vdiff=  4.8581E-01 (120,  8)
n=  1173   udiff=  6.4614E-01 (104, 13)   vdiff=  4.8661E-01 (120,  8)
n=  1174   udiff=  6.4520E-01 (104, 13)   vdiff=  4.8741E-01 (120,  8)
n=  1175   udiff=  6.4425E-01 (104, 13)   vdiff=  4.8822E-01 (120,  8)
n=  1176   udiff=  6.4329E-01 (104, 13)   vdiff=  4.8902E-01 (120,  8)
n=  1177   udiff=  6.4233E-01 (104, 13)   vdiff=  4.8982E-01 (120,  8)
n=  1178   udiff=  6.4136E-01 (104, 13)   vdiff=  4.9063E-01 (120,  8)
n=  1179   udiff=  6.4038E-01 (104, 13)   vdiff=  4.9142E-01 (120,  8)
n=  1180   udiff=  6.3940E-01 (104, 13)   vdiff=  4.9222E-01 (120,  8)
n=  1181   udiff=  6.3841E-01 (104, 13)   vdiff=  4.9302E-01 (120,  8)
n=  1182   udiff=  6.3742E-01 (104, 13)   vdiff=  4.9382E-01 (120,  8)
n=  1183   udiff=  6.3642E-01 (104, 13)   vdiff=  4.9461E-01 (120,  8)
n=  1184   udiff=  6.3541E-01 (104, 13)   vdiff=  4.9541E-01 (120,  8)
n=  1185   udiff=  6.3440E-01 (104, 13)   vdiff=  4.9620E-01 (120,  8)
n=  1186   udiff=  6.3338E-01 (104, 13)   vdiff=  4.9699E-01 (120,  8)
n=  1187   udiff=  6.3236E-01 (104, 13)   vdiff=  4.9778E-01 (120,  8)
n=  1188   udiff=  6.3133E-01 (104, 13)   vdiff=  4.9857E-01 (120,  8)
n=  1189   udiff=  6.3030E-01 (104, 13)   vdiff=  4.9935E-01 (120,  8)
n=  1190   udiff=  6.2926E-01 (104, 13)   vdiff=  5.0014E-01 (120,  8)
n=  1191   udiff=  6.2821E-01 (104, 13)   vdiff=  5.0092E-01 (120,  8)
n=  1192   udiff=  6.2716E-01 (104, 13)   vdiff=  5.0170E-01 (120,  8)
n=  1193   udiff=  6.2610E-01 (104, 13)   vdiff=  5.0248E-01 (120,  8)
n=  1194   udiff=  6.2504E-01 (104, 13)   vdiff=  5.0325E-01 (120,  8)
n=  1195   udiff=  6.2397E-01 (104, 13)   vdiff=  5.0403E-01 (120,  8)
n=  1196   udiff=  6.2294E-01 (105, 13)   vdiff=  5.0480E-01 (120,  8)
n=  1197   udiff=  6.2206E-01 (105, 13)   vdiff=  5.0557E-01 (120,  8)
n=  1198   udiff=  6.2116E-01 (105, 13)   vdiff=  5.0633E-01 (120,  8)
n=  1199   udiff=  6.2027E-01 (105, 13)   vdiff=  5.0710E-01 (120,  8)
n=  1200   udiff=  6.1936E-01 (105, 13)   vdiff=  5.0786E-01 (120,  8)
n=  1201   udiff=  6.1845E-01 (105, 13)   vdiff=  5.0861E-01 (120,  8)
n=  1202   udiff=  6.1753E-01 (105, 13)   vdiff=  5.0937E-01 (120,  8)
n=  1203   udiff=  6.1661E-01 (105, 13)   vdiff=  5.1012E-01 (120,  8)
n=  1204   udiff=  6.1568E-01 (105, 13)   vdiff=  5.1087E-01 (120,  8)
n=  1205   udiff=  6.1474E-01 (105, 13)   vdiff=  5.1162E-01 (120,  8)
n=  1206   udiff=  6.1380E-01 (105, 13)   vdiff=  5.1236E-01 (120,  8)
n=  1207   udiff=  6.1286E-01 (105, 13)   vdiff=  5.1310E-01 (120,  8)
n=  1208   udiff=  6.1190E-01 (105, 13)   vdiff=  5.1384E-01 (120,  8)
n=  1209   udiff=  6.1095E-01 (105, 13)   vdiff=  5.1457E-01 (120,  8)
n=  1210   udiff=  6.0998E-01 (105, 13)   vdiff=  5.1531E-01 (120,  8)
n=  1211   udiff=  6.0901E-01 (105, 13)   vdiff=  5.1603E-01 (120,  8)
n=  1212   udiff=  6.0804E-01 (105, 13)   vdiff=  5.1676E-01 (120,  8)
n=  1213   udiff=  6.0706E-01 (105, 13)   vdiff=  5.1748E-01 (120,  8)
n=  1214   udiff=  6.0607E-01 (105, 13)   vdiff=  5.1820E-01 (120,  8)
n=  1215   udiff=  6.0508E-01 (105, 13)   vdiff=  5.1891E-01 (120,  8)
n=  1216   udiff=  6.0408E-01 (105, 13)   vdiff=  5.1962E-01 (120,  8)
n=  1217   udiff=  6.0308E-01 (105, 13)   vdiff=  5.2033E-01 (120,  8)
n=  1218   udiff=  6.0207E-01 (105, 13)   vdiff=  5.2103E-01 (120,  8)
n=  1219   udiff=  6.0106E-01 (105, 13)   vdiff=  5.2173E-01 (120,  8)
n=  1220   udiff=  6.0004E-01 (105, 13)   vdiff=  5.2243E-01 (120,  8)
n=  1221   udiff=  5.9902E-01 (105, 13)   vdiff=  5.2312E-01 (120,  8)
n=  1222   udiff=  5.9799E-01 (105, 13)   vdiff=  5.2381E-01 (120,  8)
n=  1223   udiff=  5.9696E-01 (105, 13)   vdiff=  5.2449E-01 (120,  8)
n=  1224   udiff=  5.9592E-01 (105, 13)   vdiff=  5.2517E-01 (120,  8)
n=  1225   udiff=  5.9487E-01 (105, 13)   vdiff=  5.2585E-01 (120,  8)
n=  1226   udiff=  5.9382E-01 (105, 13)   vdiff=  5.2652E-01 (120,  8)
n=  1227   udiff=  5.9293E-01 (106, 13)   vdiff=  5.2719E-01 (120,  8)
n=  1228   udiff=  5.9205E-01 (106, 13)   vdiff=  5.2786E-01 (120,  8)
n=  1229   udiff=  5.9116E-01 (106, 13)   vdiff=  5.2852E-01 (120,  8)
n=  1230   udiff=  5.9027E-01 (106, 13)   vdiff=  5.2918E-01 (120,  8)
n=  1231   udiff=  5.8937E-01 (106, 13)   vdiff=  5.2983E-01 (120,  8)
n=  1232   udiff=  5.8847E-01 (106, 13)   vdiff=  5.3048E-01 (120,  8)
n=  1233   udiff=  5.8812E-01 ( 54,  1)   vdiff=  5.3113E-01 (120,  8)
n=  1234   udiff=  5.8784E-01 ( 54,  1)   vdiff=  5.3177E-01 (120,  8)
n=  1235   udiff=  5.8751E-01 ( 54,  1)   vdiff=  5.3240E-01 (120,  8)
n=  1236   udiff=  5.8714E-01 ( 54,  1)   vdiff=  5.3304E-01 (120,  8)
n=  1237   udiff=  5.8671E-01 ( 54,  1)   vdiff=  5.3367E-01 (120,  8)
n=  1238   udiff=  5.8624E-01 ( 54,  1)   vdiff=  5.3429E-01 (120,  8)
n=  1239   udiff=  5.8572E-01 ( 54,  1)   vdiff=  5.3491E-01 (120,  8)
n=  1240   udiff=  5.8515E-01 ( 54,  1)   vdiff=  5.3553E-01 (120,  8)
n=  1241   udiff=  5.8454E-01 ( 54,  1)   vdiff=  5.3614E-01 (120,  8)
n=  1242   udiff=  5.8388E-01 ( 54,  1)   vdiff=  5.3675E-01 (120,  8)
n=  1243   udiff=  5.8317E-01 ( 54,  1)   vdiff=  5.3735E-01 (120,  8)
n=  1244   udiff=  5.8241E-01 ( 54,  1)   vdiff=  5.3795E-01 (120,  8)
n=  1245   udiff=  5.8161E-01 ( 54,  1)   vdiff=  5.3854E-01 (120,  8)
n=  1246   udiff=  5.8075E-01 ( 54,  1)   vdiff=  5.3930E-01 (120,  9)
n=  1247   udiff=  5.7986E-01 ( 54,  1)   vdiff=  5.4007E-01 (120,  9)
n=  1248   udiff=  5.7892E-01 ( 54,  1)   vdiff=  5.4083E-01 (120,  9)
n=  1249   udiff=  5.7793E-01 ( 54,  1)   vdiff=  5.4159E-01 (120,  9)
n=  1250   udiff=  5.7689E-01 ( 54,  1)   vdiff=  5.4235E-01 (120,  9)
n=  1251   udiff=  5.7582E-01 ( 54,  1)   vdiff=  5.4310E-01 (120,  9)
n=  1252   udiff=  5.7469E-01 ( 54,  1)   vdiff=  5.4384E-01 (120,  9)
n=  1253   udiff=  5.7379E-01 ( 55,  1)   vdiff=  5.4459E-01 (120,  9)
n=  1254   udiff=  5.7354E-01 ( 55,  1)   vdiff=  5.4532E-01 (120,  9)
n=  1255   udiff=  5.7323E-01 ( 55,  1)   vdiff=  5.4606E-01 (120,  9)
n=  1256   udiff=  5.7288E-01 ( 55,  1)   vdiff=  5.4679E-01 (120,  9)
n=  1257   udiff=  5.7247E-01 ( 55,  1)   vdiff=  5.4751E-01 (120,  9)
n=  1258   udiff=  5.7202E-01 ( 55,  1)   vdiff=  5.4823E-01 (120,  9)
n=  1259   udiff=  5.7152E-01 ( 55,  1)   vdiff=  5.4894E-01 (120,  9)
n=  1260   udiff=  5.7097E-01 ( 55,  1)   vdiff=  5.4965E-01 (120,  9)
n=  1261   udiff=  5.7037E-01 ( 55,  1)   vdiff=  5.5035E-01 (120,  9)
n=  1262   udiff=  5.6972E-01 ( 55,  1)   vdiff=  5.5105E-01 (120,  9)
n=  1263   udiff=  5.6903E-01 ( 55,  1)   vdiff=  5.5174E-01 (120,  9)
n=  1264   udiff=  5.6829E-01 ( 55,  1)   vdiff=  5.5243E-01 (120,  9)
n=  1265   udiff=  5.6750E-01 ( 55,  1)   vdiff=  5.5311E-01 (120,  9)
n=  1266   udiff=  5.6666E-01 ( 55,  1)   vdiff=  5.5379E-01 (120,  9)
n=  1267   udiff=  5.6578E-01 ( 55,  1)   vdiff=  5.5446E-01 (120,  9)
n=  1268   udiff=  5.6485E-01 ( 55,  1)   vdiff=  5.5513E-01 (120,  9)
n=  1269   udiff=  5.6388E-01 ( 55,  1)   vdiff=  5.5579E-01 (120,  9)
n=  1270   udiff=  5.6285E-01 ( 55,  1)   vdiff=  5.5645E-01 (120,  9)
n=  1271   udiff=  5.6179E-01 ( 55,  1)   vdiff=  5.5710E-01 (120,  9)
n=  1272   udiff=  5.6068E-01 ( 55,  1)   vdiff=  5.5774E-01 (120,  9)
n=  1273   udiff=  5.5952E-01 ( 55,  1)   vdiff=  5.5838E-01 (120,  9)
n=  1274   udiff=  5.5832E-01 ( 55,  1)   vdiff=  5.5902E-01 (120,  9)
n=  1275   udiff=  5.5755E-01 ( 56,  1)   vdiff=  5.5965E-01 (120,  9)
n=  1276   udiff=  5.5719E-01 ( 56,  1)   vdiff=  5.6027E-01 (120,  9)
n=  1277   udiff=  5.5679E-01 ( 56,  1)   vdiff=  5.6089E-01 (120,  9)
n=  1278   udiff=  5.5633E-01 ( 56,  1)   vdiff=  5.6150E-01 (120,  9)
n=  1279   udiff=  5.5582E-01 ( 56,  1)   vdiff=  5.6211E-01 (120,  9)
n=  1280   udiff=  5.5527E-01 ( 56,  1)   vdiff=  5.6271E-01 (120,  9)
n=  1281   udiff=  5.5466E-01 ( 56,  1)   vdiff=  5.6330E-01 (120,  9)
n=  1282   udiff=  5.5401E-01 ( 56,  1)   vdiff=  5.6389E-01 (120,  9)
n=  1283   udiff=  5.5331E-01 ( 56,  1)   vdiff=  5.6447E-01 (120,  9)
n=  1284   udiff=  5.5256E-01 ( 56,  1)   vdiff=  5.6505E-01 (120,  9)
n=  1285   udiff=  5.5176E-01 ( 56,  1)   vdiff=  5.6562E-01 (120,  9)
n=  1286   udiff=  5.5092E-01 ( 56,  1)   vdiff=  5.6619E-01 (120,  9)
n=  1287   udiff=  5.5003E-01 ( 56,  1)   vdiff=  5.6675E-01 (120,  9)
n=  1288   udiff=  5.4909E-01 ( 56,  1)   vdiff=  5.6730E-01 (120,  9)
n=  1289   udiff=  5.4811E-01 ( 56,  1)   vdiff=  5.6785E-01 (120,  9)
n=  1290   udiff=  5.4708E-01 ( 56,  1)   vdiff=  5.6839E-01 (120,  9)
n=  1291   udiff=  5.4600E-01 ( 56,  1)   vdiff=  5.6892E-01 (120,  9)
n=  1292   udiff=  5.4488E-01 ( 56,  1)   vdiff=  5.6945E-01 (120,  9)
n=  1293   udiff=  5.4372E-01 ( 56,  1)   vdiff=  5.6997E-01 (120,  9)
n=  1294   udiff=  5.4251E-01 ( 56,  1)   vdiff=  5.7049E-01 (120,  9)
n=  1295   udiff=  5.4125E-01 ( 56,  1)   vdiff=  5.7100E-01 (120,  9)
n=  1296   udiff=  5.4012E-01 ( 57,  1)   vdiff=  5.7150E-01 (120,  9)
n=  1297   udiff=  5.3968E-01 ( 57,  1)   vdiff=  5.7200E-01 (120,  9)
n=  1298   udiff=  5.3920E-01 ( 57,  1)   vdiff=  5.7249E-01 (120,  9)
n=  1299   udiff=  5.3866E-01 ( 57,  1)   vdiff=  5.7298E-01 (120,  9)
n=  1300   udiff=  5.3808E-01 ( 57,  1)   vdiff=  5.7346E-01 (120,  9)
n=  1301   udiff=  5.3745E-01 ( 57,  1)   vdiff=  5.7393E-01 (120,  9)
n=  1302   udiff=  5.3676E-01 ( 57,  1)   vdiff=  5.7439E-01 (120,  9)
n=  1303   udiff=  5.3603E-01 ( 57,  1)   vdiff=  5.7485E-01 (120,  9)
n=  1304   udiff=  5.3526E-01 ( 57,  1)   vdiff=  5.7531E-01 (120,  9)
n=  1305   udiff=  5.3443E-01 ( 57,  1)   vdiff=  5.7575E-01 (120,  9)
n=  1306   udiff=  5.3356E-01 ( 57,  1)   vdiff=  5.7619E-01 (120,  9)
n=  1307   udiff=  5.3264E-01 ( 57,  1)   vdiff=  5.7662E-01 (120,  9)
n=  1308   udiff=  5.3167E-01 ( 57,  1)   vdiff=  5.7705E-01 (120,  9)
n=  1309   udiff=  5.3066E-01 ( 57,  1)   vdiff=  5.7747E-01 (120,  9)
n=  1310   udiff=  5.2960E-01 ( 57,  1)   vdiff=  5.7788E-01 (120,  9)
n=  1311   udiff=  5.2849E-01 ( 57,  1)   vdiff=  5.7829E-01 (120,  9)
n=  1312   udiff=  5.2734E-01 ( 57,  1)   vdiff=  5.7869E-01 (120,  9)
n=  1313   udiff=  5.2614E-01 ( 57,  1)   vdiff=  5.7908E-01 (120,  9)
n=  1314   udiff=  5.2490E-01 ( 57,  1)   vdiff=  5.7947E-01 (120,  9)
n=  1315   udiff=  5.2362E-01 ( 57,  1)   vdiff=  5.7985E-01 (120,  9)
n=  1316   udiff=  5.2229E-01 ( 57,  1)   vdiff=  5.8022E-01 (120,  9)
n=  1317   udiff=  5.2123E-01 ( 58,  1)   vdiff=  5.8059E-01 (120,  9)
n=  1318   udiff=  5.2069E-01 ( 58,  1)   vdiff=  5.8095E-01 (120,  9)
n=  1319   udiff=  5.2011E-01 ( 58,  1)   vdiff=  5.8130E-01 (120,  9)
n=  1320   udiff=  5.1947E-01 ( 58,  1)   vdiff=  5.8164E-01 (120,  9)
n=  1321   udiff=  5.1879E-01 ( 58,  1)   vdiff=  5.8198E-01 (120,  9)
n=  1322   udiff=  5.1806E-01 ( 58,  1)   vdiff=  5.8232E-01 (120,  9)
n=  1323   udiff=  5.1728E-01 ( 58,  1)   vdiff=  5.8264E-01 (120,  9)
n=  1324   udiff=  5.1645E-01 ( 58,  1)   vdiff=  5.8296E-01 (120,  9)
n=  1325   udiff=  5.1557E-01 ( 58,  1)   vdiff=  5.8327E-01 (120,  9)
n=  1326   udiff=  5.1465E-01 ( 58,  1)   vdiff=  5.8357E-01 (120,  9)
n=  1327   udiff=  5.1368E-01 ( 58,  1)   vdiff=  5.8387E-01 (120,  9)
n=  1328   udiff=  5.1266E-01 ( 58,  1)   vdiff=  5.8416E-01 (120,  9)
n=  1329   udiff=  5.1160E-01 ( 58,  1)   vdiff=  5.8444E-01 (120,  9)
n=  1330   udiff=  5.1049E-01 ( 58,  1)   vdiff=  5.8472E-01 (120,  9)
n=  1331   udiff=  5.0934E-01 ( 58,  1)   vdiff=  5.8499E-01 (120,  9)
n=  1332   udiff=  5.0814E-01 ( 58,  1)   vdiff=  5.8525E-01 (120,  9)
n=  1333   udiff=  5.0689E-01 ( 58,  1)   vdiff=  5.8550E-01 (120,  9)
n=  1334   udiff=  5.0561E-01 ( 58,  1)   vdiff=  5.8575E-01 (120,  9)
n=  1335   udiff=  5.0428E-01 ( 58,  1)   vdiff=  5.8599E-01 (120,  9)
n=  1336   udiff=  5.0290E-01 ( 58,  1)   vdiff=  5.8623E-01 (120,  9)
n=  1337   udiff=  5.0154E-01 ( 59,  1)   vdiff=  5.8645E-01 (120,  9)
n=  1338   udiff=  5.0093E-01 ( 59,  1)   vdiff=  5.8667E-01 (120,  9)
n=  1339   udiff=  5.0028E-01 ( 59,  1)   vdiff=  5.8688E-01 (120,  9)
n=  1340   udiff=  4.9957E-01 ( 59,  1)   vdiff=  5.8709E-01 (120,  9)
n=  1341   udiff=  4.9882E-01 ( 59,  1)   vdiff=  5.8729E-01 (120,  9)
n=  1342   udiff=  4.9802E-01 ( 59,  1)   vdiff=  5.8748E-01 (120,  9)
n=  1343   udiff=  4.9717E-01 ( 59,  1)   vdiff=  5.8766E-01 (120,  9)
n=  1344   udiff=  4.9627E-01 ( 59,  1)   vdiff=  5.8784E-01 (120,  9)
n=  1345   udiff=  4.9533E-01 ( 59,  1)   vdiff=  5.8801E-01 (120,  9)
n=  1346   udiff=  4.9434E-01 ( 59,  1)   vdiff=  5.8817E-01 (120,  9)
n=  1347   udiff=  4.9330E-01 ( 59,  1)   vdiff=  5.8832E-01 (120,  9)
n=  1348   udiff=  4.9221E-01 ( 59,  1)   vdiff=  5.8847E-01 (120,  9)
n=  1349   udiff=  4.9108E-01 ( 59,  1)   vdiff=  5.8861E-01 (120,  9)
n=  1350   udiff=  4.8991E-01 ( 59,  1)   vdiff=  5.8875E-01 (120,  9)
n=  1351   udiff=  4.8869E-01 ( 59,  1)   vdiff=  5.8887E-01 (120,  9)
n=  1352   udiff=  4.8742E-01 ( 59,  1)   vdiff=  5.8899E-01 (120,  9)
n=  1353   udiff=  4.8612E-01 ( 59,  1)   vdiff=  5.8910E-01 (120,  9)
n=  1354   udiff=  4.8476E-01 ( 59,  1)   vdiff=  5.8921E-01 (120,  9)
n=  1355   udiff=  4.8337E-01 ( 59,  1)   vdiff=  5.8930E-01 (120,  9)
n=  1356   udiff=  4.8193E-01 ( 59,  1)   vdiff=  5.8939E-01 (120,  9)
n=  1357   udiff=  4.8079E-01 ( 60,  1)   vdiff=  5.8947E-01 (120,  9)
n=  1358   udiff=  4.8010E-01 ( 60,  1)   vdiff=  5.8955E-01 (120,  9)
n=  1359   udiff=  4.7935E-01 ( 60,  1)   vdiff=  5.8962E-01 (120,  9)
n=  1360   udiff=  4.7856E-01 ( 60,  1)   vdiff=  5.8968E-01 (120,  9)
n=  1361   udiff=  4.7772E-01 ( 60,  1)   vdiff=  5.8973E-01 (120,  9)
n=  1362   udiff=  4.7683E-01 ( 60,  1)   vdiff=  5.8978E-01 (120,  9)
n=  1363   udiff=  4.7590E-01 ( 60,  1)   vdiff=  5.8982E-01 (120,  9)
n=  1364   udiff=  4.7491E-01 ( 60,  1)   vdiff=  5.8985E-01 (120,  9)
n=  1365   udiff=  4.7388E-01 ( 60,  1)   vdiff=  5.8987E-01 (120,  9)
n=  1366   udiff=  4.7281E-01 ( 60,  1)   vdiff=  5.8989E-01 (120,  9)
n=  1367   udiff=  4.7169E-01 ( 60,  1)   vdiff=  5.8990E-01 (120,  9)
n=  1368   udiff=  4.7129E-01 ( 66, 14)   vdiff=  5.8990E-01 (120,  9)
n=  1369   udiff=  4.7149E-01 ( 66, 14)   vdiff=  5.8990E-01 (120,  9)
n=  1370   udiff=  4.7169E-01 ( 66, 14)   vdiff=  5.8988E-01 (120,  9)
n=  1371   udiff=  4.7188E-01 ( 66, 14)   vdiff=  5.8986E-01 (120,  9)
n=  1372   udiff=  4.7205E-01 ( 66, 14)   vdiff=  5.8984E-01 (120,  9)
n=  1373   udiff=  4.7222E-01 ( 66, 14)   vdiff=  5.8980E-01 (120,  9)
n=  1374   udiff=  4.7238E-01 ( 66, 14)   vdiff=  5.8976E-01 (120,  9)
n=  1375   udiff=  4.7253E-01 ( 66, 14)   vdiff=  5.8971E-01 (120,  9)
n=  1376   udiff=  4.7267E-01 ( 66, 14)   vdiff=  5.8966E-01 (120,  9)
n=  1377   udiff=  4.7280E-01 ( 66, 14)   vdiff=  5.8959E-01 (120,  9)
n=  1378   udiff=  4.7293E-01 ( 66, 14)   vdiff=  5.8952E-01 (120,  9)
n=  1379   udiff=  4.7304E-01 ( 66, 14)   vdiff=  5.8945E-01 (120,  9)
n=  1380   udiff=  4.7314E-01 ( 66, 14)   vdiff=  5.8936E-01 (120,  9)
n=  1381   udiff=  4.7323E-01 ( 66, 14)   vdiff=  5.8927E-01 (120,  9)
n=  1382   udiff=  4.7332E-01 ( 66, 14)   vdiff=  5.8917E-01 (120,  9)
n=  1383   udiff=  4.7339E-01 ( 66, 14)   vdiff=  5.8906E-01 (120,  9)
n=  1384   udiff=  4.7345E-01 ( 66, 14)   vdiff=  5.8895E-01 (120,  9)
n=  1385   udiff=  4.7351E-01 ( 66, 14)   vdiff=  5.8883E-01 (120,  9)
n=  1386   udiff=  4.7355E-01 ( 66, 14)   vdiff=  5.8870E-01 (120,  9)
n=  1387   udiff=  4.7358E-01 ( 66, 14)   vdiff=  5.8856E-01 (120,  9)
n=  1388   udiff=  4.7361E-01 ( 66, 14)   vdiff=  5.8842E-01 (120,  9)
n=  1389   udiff=  4.7362E-01 ( 66, 14)   vdiff=  5.8827E-01 (120,  9)
n=  1390   udiff=  4.7362E-01 ( 66, 14)   vdiff=  5.8811E-01 (120,  9)
n=  1391   udiff=  4.7362E-01 ( 66, 14)   vdiff=  5.8794E-01 (120,  9)
n=  1392   udiff=  4.7360E-01 ( 66, 14)   vdiff=  5.8777E-01 (120,  9)
n=  1393   udiff=  4.7358E-01 ( 66, 14)   vdiff=  5.8759E-01 (120,  9)
n=  1394   udiff=  4.7354E-01 ( 66, 14)   vdiff=  5.8741E-01 (120,  9)
n=  1395   udiff=  4.7349E-01 ( 66, 14)   vdiff=  5.8721E-01 (120,  9)
n=  1396   udiff=  4.7344E-01 ( 66, 14)   vdiff=  5.8701E-01 (120,  9)
n=  1397   udiff=  4.7337E-01 ( 66, 14)   vdiff=  5.8681E-01 (120,  9)
n=  1398   udiff=  4.7330E-01 ( 66, 14)   vdiff=  5.8659E-01 (120,  9)
n=  1399   udiff=  4.7321E-01 ( 66, 14)   vdiff=  5.8637E-01 (120,  9)
n=  1400   udiff=  4.7311E-01 ( 66, 14)   vdiff=  5.8614E-01 (120,  9)
n=  1401   udiff=  4.7301E-01 ( 66, 14)   vdiff=  5.8590E-01 (120,  9)
n=  1402   udiff=  4.7289E-01 ( 66, 14)   vdiff=  5.8566E-01 (120,  9)
n=  1403   udiff=  4.7276E-01 ( 66, 14)   vdiff=  5.8541E-01 (120,  9)
n=  1404   udiff=  4.7262E-01 ( 66, 14)   vdiff=  5.8515E-01 (120,  9)
n=  1405   udiff=  4.7248E-01 ( 66, 14)   vdiff=  5.8489E-01 (120,  9)
n=  1406   udiff=  4.7232E-01 ( 66, 14)   vdiff=  5.8461E-01 (120,  9)
n=  1407   udiff=  4.7215E-01 ( 66, 14)   vdiff=  5.8434E-01 (120,  9)
n=  1408   udiff=  4.7197E-01 ( 66, 14)   vdiff=  5.8405E-01 (120,  9)
n=  1409   udiff=  4.7178E-01 ( 66, 14)   vdiff=  5.8376E-01 (120,  9)
n=  1410   udiff=  4.7159E-01 ( 66, 14)   vdiff=  5.8346E-01 (120,  9)
n=  1411   udiff=  4.7138E-01 ( 66, 14)   vdiff=  5.8315E-01 (120,  9)
n=  1412   udiff=  4.7116E-01 ( 66, 14)   vdiff=  5.8284E-01 (120,  9)
n=  1413   udiff=  4.7093E-01 ( 66, 14)   vdiff=  5.8252E-01 (120,  9)
n=  1414   udiff=  4.7069E-01 ( 66, 14)   vdiff=  5.8219E-01 (120,  9)
n=  1415   udiff=  4.7044E-01 ( 66, 14)   vdiff=  5.8185E-01 (120,  9)
n=  1416   udiff=  4.7018E-01 ( 66, 14)   vdiff=  5.8151E-01 (120,  9)
n=  1417   udiff=  4.6991E-01 ( 66, 14)   vdiff=  5.8116E-01 (120,  9)
n=  1418   udiff=  4.6963E-01 ( 66, 14)   vdiff=  5.8081E-01 (120,  9)
n=  1419   udiff=  4.6934E-01 ( 66, 14)   vdiff=  5.8044E-01 (120,  9)
n=  1420   udiff=  4.6905E-01 ( 66, 14)   vdiff=  5.8008E-01 (120,  9)
n=  1421   udiff=  4.6874E-01 ( 66, 14)   vdiff=  5.7970E-01 (120,  9)
n=  1422   udiff=  4.6842E-01 ( 66, 14)   vdiff=  5.7932E-01 (120,  9)
n=  1423   udiff=  4.6809E-01 ( 66, 14)   vdiff=  5.7893E-01 (120,  9)
n=  1424   udiff=  4.6775E-01 ( 66, 14)   vdiff=  5.7853E-01 (120,  9)
n=  1425   udiff=  4.6740E-01 ( 66, 14)   vdiff=  5.7813E-01 (120,  9)
n=  1426   udiff=  4.6704E-01 ( 66, 14)   vdiff=  5.7772E-01 (120,  9)
n=  1427   udiff=  4.6667E-01 ( 66, 14)   vdiff=  5.7730E-01 (120,  9)
n=  1428   udiff=  4.6630E-01 ( 66, 14)   vdiff=  5.7688E-01 (120,  9)
n=  1429   udiff=  4.6591E-01 ( 66, 14)   vdiff=  5.7645E-01 (120,  9)
n=  1430   udiff=  4.6551E-01 ( 66, 14)   vdiff=  5.7601E-01 (120,  9)
n=  1431   udiff=  4.6510E-01 ( 66, 14)   vdiff=  5.7557E-01 (120,  9)
n=  1432   udiff=  4.6469E-01 ( 66, 14)   vdiff=  5.7512E-01 (120,  9)
n=  1433   udiff=  4.6426E-01 ( 66, 14)   vdiff=  5.7466E-01 (120,  9)
n=  1434   udiff=  4.6387E-01 ( 67, 14)   vdiff=  5.7420E-01 (120,  9)
n=  1435   udiff=  4.6421E-01 ( 64, 11)   vdiff=  5.7373E-01 (120,  9)
n=  1436   udiff=  4.6498E-01 ( 64, 11)   vdiff=  5.7325E-01 (120,  9)
n=  1437   udiff=  4.6573E-01 ( 64, 11)   vdiff=  5.7277E-01 (120,  9)
n=  1438   udiff=  4.6646E-01 ( 64, 11)   vdiff=  5.7228E-01 (120,  9)
n=  1439   udiff=  4.6717E-01 ( 64, 11)   vdiff=  5.7178E-01 (120,  9)
n=  1440   udiff=  4.6787E-01 ( 64, 11)   vdiff=  5.7128E-01 (120,  9)
n=  1441   udiff=  4.6855E-01 ( 64, 11)   vdiff=  5.7077E-01 (120,  9)
n=  1442   udiff=  4.6920E-01 ( 64, 11)   vdiff=  5.7026E-01 (120,  9)
n=  1443   udiff=  4.6984E-01 ( 64, 11)   vdiff=  5.6974E-01 (120,  9)
n=  1444   udiff=  4.7047E-01 ( 64, 11)   vdiff=  5.6921E-01 (120,  9)
n=  1445   udiff=  4.7107E-01 ( 64, 11)   vdiff=  5.6867E-01 (120,  9)
n=  1446   udiff=  4.7165E-01 ( 64, 11)   vdiff=  5.6813E-01 (120,  9)
n=  1447   udiff=  4.7222E-01 ( 64, 11)   vdiff=  5.6759E-01 (120,  9)
n=  1448   udiff=  4.7276E-01 ( 64, 11)   vdiff=  5.6703E-01 (120,  9)
n=  1449   udiff=  4.7329E-01 ( 64, 11)   vdiff=  5.6647E-01 (120,  9)
n=  1450   udiff=  4.7379E-01 ( 64, 11)   vdiff=  5.6591E-01 (120,  9)
n=  1451   udiff=  4.7428E-01 ( 64, 11)   vdiff=  5.6534E-01 (120,  9)
n=  1452   udiff=  4.7475E-01 ( 64, 11)   vdiff=  5.6476E-01 (120,  9)
n=  1453   udiff=  4.7520E-01 ( 64, 11)   vdiff=  5.6418E-01 (120,  9)
n=  1454   udiff=  4.7562E-01 ( 64, 11)   vdiff=  5.6359E-01 (120,  9)
n=  1455   udiff=  4.7603E-01 ( 64, 11)   vdiff=  5.6299E-01 (120,  9)
n=  1456   udiff=  4.7642E-01 ( 64, 11)   vdiff=  5.6239E-01 (120,  9)
n=  1457   udiff=  4.7679E-01 ( 64, 11)   vdiff=  5.6178E-01 (120,  9)
n=  1458   udiff=  4.7714E-01 ( 64, 11)   vdiff=  5.6116E-01 (120,  9)
n=  1459   udiff=  4.7774E-01 ( 66, 10)   vdiff=  5.6054E-01 (120,  9)
n=  1460   udiff=  4.7846E-01 ( 66, 10)   vdiff=  5.5992E-01 (120,  9)
n=  1461   udiff=  4.7916E-01 ( 66, 10)   vdiff=  5.5929E-01 (120,  9)
n=  1462   udiff=  4.7983E-01 ( 66, 10)   vdiff=  5.5865E-01 (120,  9)
n=  1463   udiff=  4.8048E-01 ( 66, 10)   vdiff=  5.5800E-01 (120,  9)
n=  1464   udiff=  4.8110E-01 ( 66, 10)   vdiff=  5.5735E-01 (120,  9)
n=  1465   udiff=  4.8170E-01 ( 66, 10)   vdiff=  5.5670E-01 (120,  9)
n=  1466   udiff=  4.8228E-01 ( 66, 10)   vdiff=  5.5604E-01 (120,  9)
n=  1467   udiff=  4.8283E-01 ( 66, 10)   vdiff=  5.5537E-01 (120,  9)
n=  1468   udiff=  4.8336E-01 ( 66, 10)   vdiff=  5.5470E-01 (120,  9)
n=  1469   udiff=  4.8410E-01 ( 67, 10)   vdiff=  5.5402E-01 (120,  9)
n=  1470   udiff=  4.8496E-01 ( 67, 10)   vdiff=  5.5333E-01 (120,  9)
n=  1471   udiff=  4.8579E-01 ( 67, 10)   vdiff=  5.5264E-01 (120,  9)
n=  1472   udiff=  4.8660E-01 ( 67, 10)   vdiff=  5.5195E-01 (120,  9)
n=  1473   udiff=  4.8739E-01 ( 67, 10)   vdiff=  5.5125E-01 (120,  9)
n=  1474   udiff=  4.8815E-01 ( 67, 10)   vdiff=  5.5054E-01 (120,  9)
n=  1475   udiff=  4.8890E-01 ( 67, 10)   vdiff=  5.4983E-01 (120,  9)
n=  1476   udiff=  4.8961E-01 ( 67, 10)   vdiff=  5.4911E-01 (120,  9)
n=  1477   udiff=  4.9031E-01 ( 67, 10)   vdiff=  5.4839E-01 (120,  9)
n=  1478   udiff=  4.9098E-01 ( 67, 10)   vdiff=  5.4766E-01 (120,  9)
n=  1479   udiff=  4.9162E-01 ( 67, 10)   vdiff=  5.4692E-01 (120,  9)
n=  1480   udiff=  4.9225E-01 ( 67, 10)   vdiff=  5.4618E-01 (120,  9)
n=  1481   udiff=  4.9284E-01 ( 67, 10)   vdiff=  5.4544E-01 (120,  9)
n=  1482   udiff=  4.9342E-01 ( 67, 10)   vdiff=  5.4469E-01 (120,  9)
n=  1483   udiff=  4.9396E-01 ( 67, 10)   vdiff=  5.4393E-01 (120,  9)
n=  1484   udiff=  4.9449E-01 ( 67, 10)   vdiff=  5.4317E-01 (120,  9)
n=  1485   udiff=  4.9499E-01 ( 67, 10)   vdiff=  5.4241E-01 (120,  9)
n=  1486   udiff=  4.9546E-01 ( 67, 10)   vdiff=  5.4163E-01 (120,  9)
n=  1487   udiff=  4.9591E-01 ( 67, 10)   vdiff=  5.4086E-01 (120,  9)
n=  1488   udiff=  4.9633E-01 ( 67, 10)   vdiff=  5.4008E-01 (120,  9)
n=  1489   udiff=  4.9672E-01 ( 67, 10)   vdiff=  5.3929E-01 (120,  9)
n=  1490   udiff=  4.9709E-01 ( 67, 10)   vdiff=  5.3850E-01 (120,  9)
n=  1491   udiff=  4.9744E-01 ( 67, 10)   vdiff=  5.3770E-01 (120,  9)
n=  1492   udiff=  4.9776E-01 ( 67, 10)   vdiff=  5.3690E-01 (120,  9)
n=  1493   udiff=  4.9805E-01 ( 67, 10)   vdiff=  5.3609E-01 (120,  9)
n=  1494   udiff=  4.9832E-01 ( 67, 10)   vdiff=  5.3528E-01 (120,  9)
n=  1495   udiff=  4.9856E-01 ( 67, 10)   vdiff=  5.3446E-01 (120,  9)
n=  1496   udiff=  4.9877E-01 ( 67, 10)   vdiff=  5.3364E-01 (120,  9)
n=  1497   udiff=  4.9896E-01 ( 67, 10)   vdiff=  5.3282E-01 (120,  9)
n=  1498   udiff=  4.9913E-01 ( 67, 10)   vdiff=  5.3199E-01 (120,  9)
n=  1499   udiff=  4.9926E-01 ( 67, 10)   vdiff=  5.3115E-01 (120,  9)
n=  1500   udiff=  4.9937E-01 ( 67, 10)   vdiff=  5.3031E-01 (120,  9)
n=  1501   udiff=  4.9945E-01 ( 67, 10)   vdiff=  5.2946E-01 (120,  9)
n=  1502   udiff=  4.9951E-01 ( 67, 10)   vdiff=  5.2861E-01 (120,  9)
n=  1503   udiff=  4.9954E-01 ( 67, 10)   vdiff=  5.2776E-01 (120,  9)
n=  1504   udiff=  4.9955E-01 ( 67, 10)   vdiff=  5.2690E-01 (120,  9)
n=  1505   udiff=  4.9952E-01 ( 67, 10)   vdiff=  5.2604E-01 (120,  9)
n=  1506   udiff=  4.9947E-01 ( 67, 10)   vdiff=  5.2517E-01 (120,  9)
n=  1507   udiff=  4.9940E-01 ( 67, 10)   vdiff=  5.2429E-01 (120,  9)
n=  1508   udiff=  4.9935E-01 ( 68, 10)   vdiff=  5.2342E-01 (120,  9)
n=  1509   udiff=  4.9965E-01 ( 68, 10)   vdiff=  5.2253E-01 (120,  9)
n=  1510   udiff=  4.9992E-01 ( 68, 10)   vdiff=  5.2165E-01 (120,  9)
n=  1511   udiff=  5.0016E-01 ( 68, 10)   vdiff=  5.2076E-01 (120,  9)
n=  1512   udiff=  5.0038E-01 ( 68, 10)   vdiff=  5.1986E-01 (120,  9)
n=  1513   udiff=  5.0057E-01 ( 68, 10)   vdiff=  5.1896E-01 (120,  9)
n=  1514   udiff=  5.0073E-01 ( 68, 10)   vdiff=  5.1806E-01 (120,  9)
n=  1515   udiff=  5.0087E-01 ( 68, 10)   vdiff=  5.1715E-01 (120,  9)
n=  1516   udiff=  5.0098E-01 ( 68, 10)   vdiff=  5.1624E-01 (120,  9)
n=  1517   udiff=  5.0107E-01 ( 68, 10)   vdiff=  5.1532E-01 (120,  9)
n=  1518   udiff=  5.0113E-01 ( 68, 10)   vdiff=  5.1440E-01 (120,  9)
n=  1519   udiff=  5.0116E-01 ( 68, 10)   vdiff=  5.1348E-01 (120,  9)
n=  1520   udiff=  5.0117E-01 ( 68, 10)   vdiff=  5.1255E-01 (120,  9)
n=  1521   udiff=  5.0115E-01 ( 68, 10)   vdiff=  5.1162E-01 (120,  9)
n=  1522   udiff=  5.0110E-01 ( 68, 10)   vdiff=  5.1068E-01 (120,  9)
n=  1523   udiff=  5.0103E-01 ( 68, 10)   vdiff=  5.0974E-01 (120,  9)
n=  1524   udiff=  5.0093E-01 ( 68, 10)   vdiff=  5.0879E-01 (120,  9)
n=  1525   udiff=  5.0080E-01 ( 68, 10)   vdiff=  5.0784E-01 (120,  9)
n=  1526   udiff=  5.0065E-01 ( 68, 10)   vdiff=  5.0689E-01 (120,  9)
n=  1527   udiff=  5.0047E-01 ( 68, 10)   vdiff=  5.0594E-01 (120,  9)
n=  1528   udiff=  5.0026E-01 ( 68, 10)   vdiff=  5.0498E-01 (120,  9)
n=  1529   udiff=  5.0003E-01 ( 68, 10)   vdiff=  5.0401E-01 (120,  9)
n=  1530   udiff=  4.9978E-01 ( 68, 10)   vdiff=  5.0304E-01 (120,  9)
n=  1531   udiff=  4.9949E-01 ( 68, 10)   vdiff=  5.0207E-01 (120,  9)
n=  1532   udiff=  4.9918E-01 ( 68, 10)   vdiff=  5.0110E-01 (120,  9)
n=  1533   udiff=  4.9885E-01 ( 68, 10)   vdiff=  5.0012E-01 (120,  9)
n=  1534   udiff=  4.9849E-01 ( 68, 10)   vdiff=  4.9914E-01 (120,  9)
n=  1535   udiff=  4.9810E-01 ( 68, 10)   vdiff=  4.9815E-01 (120,  9)
n=  1536   udiff=  4.9769E-01 ( 68, 10)   vdiff=  4.9716E-01 (120,  9)
n=  1537   udiff=  4.9726E-01 ( 68, 10)   vdiff=  4.9617E-01 (120,  9)
n=  1538   udiff=  4.9679E-01 ( 68, 10)   vdiff=  4.9517E-01 (120,  9)
n=  1539   udiff=  4.9631E-01 ( 68, 10)   vdiff=  4.9418E-01 (120,  9)
n=  1540   udiff=  4.9580E-01 ( 68, 10)   vdiff=  4.9317E-01 (120,  9)
n=  1541   udiff=  4.9542E-01 ( 69, 10)   vdiff=  4.9217E-01 (120,  9)
n=  1542   udiff=  4.9527E-01 ( 69, 10)   vdiff=  4.9116E-01 (120,  9)
n=  1543   udiff=  4.9510E-01 ( 69, 10)   vdiff=  4.9014E-01 (120,  9)
n=  1544   udiff=  4.9491E-01 ( 69, 10)   vdiff=  4.8913E-01 (120,  9)
n=  1545   udiff=  4.9469E-01 ( 69, 10)   vdiff=  4.8811E-01 (120,  9)
n=  1546   udiff=  4.9444E-01 ( 69, 10)   vdiff=  4.8709E-01 (120,  9)
n=  1547   udiff=  4.9417E-01 ( 69, 10)   vdiff=  4.8606E-01 (120,  9)
n=  1548   udiff=  4.9387E-01 ( 69, 10)   vdiff=  4.8511E-01 ( 60, 15)
n=  1549   udiff=  4.9355E-01 ( 69, 10)   vdiff=  4.8426E-01 ( 60, 15)
n=  1550   udiff=  4.9320E-01 ( 69, 10)   vdiff=  4.8340E-01 ( 60, 15)
n=  1551   udiff=  4.9282E-01 ( 69, 10)   vdiff=  4.8254E-01 ( 60, 15)
n=  1552   udiff=  4.9242E-01 ( 69, 10)   vdiff=  4.8169E-01 ( 60, 15)
n=  1553   udiff=  4.9200E-01 ( 69, 10)   vdiff=  4.8083E-01 ( 60, 15)
n=  1554   udiff=  4.9154E-01 ( 69, 10)   vdiff=  4.7997E-01 ( 60, 15)
n=  1555   udiff=  4.9107E-01 ( 69, 10)   vdiff=  4.7911E-01 ( 60, 15)
n=  1556   udiff=  4.9057E-01 ( 69, 10)   vdiff=  4.7825E-01 ( 60, 15)
n=  1557   udiff=  4.9004E-01 ( 69, 10)   vdiff=  4.7739E-01 ( 60, 15)
n=  1558   udiff=  4.8950E-01 ( 69, 10)   vdiff=  4.7653E-01 ( 60, 15)
n=  1559   udiff=  4.8892E-01 ( 69, 10)   vdiff=  4.7567E-01 ( 60, 15)
n=  1560   udiff=  4.8833E-01 ( 69, 10)   vdiff=  4.7481E-01 ( 60, 15)
n=  1561   udiff=  4.8770E-01 ( 69, 10)   vdiff=  4.7395E-01 ( 60, 15)
n=  1562   udiff=  4.8706E-01 ( 69, 10)   vdiff=  4.7309E-01 ( 60, 15)
n=  1563   udiff=  4.8639E-01 ( 69, 10)   vdiff=  4.7223E-01 ( 60, 15)
n=  1564   udiff=  4.8570E-01 ( 69, 10)   vdiff=  4.7137E-01 ( 60, 15)
n=  1565   udiff=  4.8499E-01 ( 69, 10)   vdiff=  4.7051E-01 ( 60, 15)
n=  1566   udiff=  4.8425E-01 ( 69, 10)   vdiff=  4.6965E-01 ( 60, 15)
n=  1567   udiff=  4.8349E-01 ( 69, 10)   vdiff=  4.6879E-01 ( 60, 15)
n=  1568   udiff=  4.8270E-01 ( 69, 10)   vdiff=  4.6792E-01 ( 60, 15)
n=  1569   udiff=  4.8193E-01 ( 70, 10)   vdiff=  4.6706E-01 ( 60, 15)
n=  1570   udiff=  4.8149E-01 ( 70, 10)   vdiff=  4.6620E-01 ( 60, 15)
n=  1571   udiff=  4.8103E-01 ( 70, 10)   vdiff=  4.6534E-01 ( 60, 15)
n=  1572   udiff=  4.8055E-01 ( 70, 10)   vdiff=  4.6448E-01 ( 60, 15)
n=  1573   udiff=  4.8004E-01 ( 70, 10)   vdiff=  4.6362E-01 ( 60, 15)
n=  1574   udiff=  4.7951E-01 ( 70, 10)   vdiff=  4.6276E-01 ( 60, 15)
n=  1575   udiff=  4.7895E-01 ( 70, 10)   vdiff=  4.6190E-01 ( 60, 15)
n=  1576   udiff=  4.7837E-01 ( 70, 10)   vdiff=  4.6104E-01 ( 60, 15)
n=  1577   udiff=  4.7777E-01 ( 70, 10)   vdiff=  4.6018E-01 ( 60, 15)
n=  1578   udiff=  4.7714E-01 ( 70, 10)   vdiff=  4.5932E-01 ( 60, 15)
n=  1579   udiff=  4.7649E-01 ( 70, 10)   vdiff=  4.5846E-01 ( 60, 15)
n=  1580   udiff=  4.7582E-01 ( 70, 10)   vdiff=  4.5760E-01 ( 60, 15)
n=  1581   udiff=  4.7512E-01 ( 70, 10)   vdiff=  4.5674E-01 ( 60, 15)
n=  1582   udiff=  4.7440E-01 ( 70, 10)   vdiff=  4.5588E-01 ( 60, 15)
n=  1583   udiff=  4.7366E-01 ( 70, 10)   vdiff=  4.5502E-01 ( 60, 15)
n=  1584   udiff=  4.7290E-01 ( 70, 10)   vdiff=  4.5416E-01 ( 60, 15)
n=  1585   udiff=  4.7211E-01 ( 70, 10)   vdiff=  4.5330E-01 ( 60, 15)
n=  1586   udiff=  4.7131E-01 ( 70, 10)   vdiff=  4.5245E-01 ( 60, 15)
n=  1587   udiff=  4.7048E-01 ( 70, 10)   vdiff=  4.5159E-01 ( 60, 15)
n=  1588   udiff=  4.6963E-01 ( 70, 10)   vdiff=  4.5073E-01 ( 60, 15)
n=  1589   udiff=  4.6876E-01 ( 70, 10)   vdiff=  4.4988E-01 ( 60, 15)
n=  1590   udiff=  4.6787E-01 ( 70, 10)   vdiff=  4.4902E-01 ( 60, 15)
n=  1591   udiff=  4.6696E-01 ( 70, 10)   vdiff=  4.4816E-01 ( 60, 15)
n=  1592   udiff=  4.6603E-01 ( 70, 10)   vdiff=  4.4731E-01 ( 60, 15)
n=  1593   udiff=  4.6507E-01 ( 70, 10)   vdiff=  4.4645E-01 ( 60, 15)
n=  1594   udiff=  4.6416E-01 ( 71, 10)   vdiff=  4.4560E-01 ( 60, 15)
n=  1595   udiff=  4.6353E-01 ( 71, 10)   vdiff=  4.4475E-01 ( 60, 15)
n=  1596   udiff=  4.6288E-01 ( 71, 10)   vdiff=  4.4389E-01 ( 60, 15)
n=  1597   udiff=  4.6220E-01 ( 71, 10)   vdiff=  4.4304E-01 ( 60, 15)
n=  1598   udiff=  4.6150E-01 ( 71, 10)   vdiff=  4.4219E-01 ( 60, 15)
n=  1599   udiff=  4.6078E-01 ( 71, 10)   vdiff=  4.4134E-01 ( 60, 15)
n=  1600   udiff=  4.6004E-01 ( 71, 10)   vdiff=  4.4049E-01 ( 60, 15)
n=  1601   udiff=  4.5928E-01 ( 71, 10)   vdiff=  4.3963E-01 ( 60, 15)
n=  1602   udiff=  4.5850E-01 ( 71, 10)   vdiff=  4.3878E-01 ( 60, 15)
n=  1603   udiff=  4.5769E-01 ( 71, 10)   vdiff=  4.3794E-01 ( 60, 15)
n=  1604   udiff=  4.5686E-01 ( 71, 10)   vdiff=  4.3709E-01 ( 60, 15)
n=  1605   udiff=  4.5602E-01 ( 71, 10)   vdiff=  4.3624E-01 ( 60, 15)
n=  1606   udiff=  4.5515E-01 ( 71, 10)   vdiff=  4.3539E-01 ( 60, 15)
n=  1607   udiff=  4.5427E-01 ( 71, 10)   vdiff=  4.3454E-01 ( 60, 15)
n=  1608   udiff=  4.5336E-01 ( 71, 10)   vdiff=  4.3370E-01 ( 60, 15)
n=  1609   udiff=  4.5243E-01 ( 71, 10)   vdiff=  4.3285E-01 ( 60, 15)
n=  1610   udiff=  4.5149E-01 ( 71, 10)   vdiff=  4.3201E-01 ( 60, 15)
n=  1611   udiff=  4.5052E-01 ( 71, 10)   vdiff=  4.3116E-01 ( 60, 15)
n=  1612   udiff=  4.4975E-01 ( 74,  9)   vdiff=  4.3032E-01 ( 60, 15)
n=  1613   udiff=  4.4906E-01 ( 74,  9)   vdiff=  4.2948E-01 ( 60, 15)
n=  1614   udiff=  4.4834E-01 ( 74,  9)   vdiff=  4.2864E-01 ( 60, 15)
n=  1615   udiff=  4.4760E-01 ( 74,  9)   vdiff=  4.2779E-01 ( 60, 15)
n=  1616   udiff=  4.4708E-01 ( 75,  9)   vdiff=  4.2695E-01 ( 60, 15)
n=  1617   udiff=  4.4673E-01 ( 75,  9)   vdiff=  4.2611E-01 ( 60, 15)
n=  1618   udiff=  4.4635E-01 ( 75,  9)   vdiff=  4.2527E-01 ( 60, 15)
n=  1619   udiff=  4.4594E-01 ( 75,  9)   vdiff=  4.2444E-01 ( 60, 15)
n=  1620   udiff=  4.4550E-01 ( 75,  9)   vdiff=  4.2360E-01 ( 60, 15)
n=  1621   udiff=  4.4503E-01 ( 75,  9)   vdiff=  4.2276E-01 ( 60, 15)
n=  1622   udiff=  4.4453E-01 ( 75,  9)   vdiff=  4.2192E-01 ( 60, 15)
n=  1623   udiff=  4.4400E-01 ( 75,  9)   vdiff=  4.2109E-01 ( 60, 15)
n=  1624   udiff=  4.4344E-01 ( 75,  9)   vdiff=  4.2025E-01 ( 60, 15)
n=  1625   udiff=  4.4285E-01 ( 75,  9)   vdiff=  4.1942E-01 ( 60, 15)
n=  1626   udiff=  4.4223E-01 ( 75,  9)   vdiff=  4.1858E-01 ( 60, 15)
n=  1627   udiff=  4.4158E-01 ( 75,  9)   vdiff=  4.1775E-01 ( 60, 15)
n=  1628   udiff=  4.4090E-01 ( 75,  9)   vdiff=  4.1692E-01 ( 60, 15)
n=  1629   udiff=  4.4019E-01 ( 75,  9)   vdiff=  4.1609E-01 ( 60, 15)
n=  1630   udiff=  4.3946E-01 ( 75,  9)   vdiff=  4.1526E-01 ( 60, 15)
n=  1631   udiff=  4.3869E-01 ( 75,  9)   vdiff=  4.1443E-01 ( 60, 15)
n=  1632   udiff=  4.3790E-01 ( 75,  9)   vdiff=  4.1360E-01 ( 60, 15)
n=  1633   udiff=  4.3714E-01 ( 76,  9)   vdiff=  4.1277E-01 ( 60, 15)
n=  1634   udiff=  4.3674E-01 ( 76,  9)   vdiff=  4.1195E-01 ( 60, 15)
n=  1635   udiff=  4.3631E-01 ( 76,  9)   vdiff=  4.1112E-01 ( 60, 15)
n=  1636   udiff=  4.3584E-01 ( 76,  9)   vdiff=  4.1029E-01 ( 60, 15)
n=  1637   udiff=  4.3535E-01 ( 76,  9)   vdiff=  4.0947E-01 ( 60, 15)
n=  1638   udiff=  4.3483E-01 ( 76,  9)   vdiff=  4.0865E-01 ( 60, 15)
n=  1639   udiff=  4.3428E-01 ( 76,  9)   vdiff=  4.0782E-01 ( 60, 15)
n=  1640   udiff=  4.3370E-01 ( 76,  9)   vdiff=  4.0700E-01 ( 60, 15)
n=  1641   udiff=  4.3309E-01 ( 76,  9)   vdiff=  4.0618E-01 ( 60, 15)
n=  1642   udiff=  4.3245E-01 ( 76,  9)   vdiff=  4.0536E-01 ( 60, 15)
n=  1643   udiff=  4.3178E-01 ( 76,  9)   vdiff=  4.0454E-01 ( 60, 15)
n=  1644   udiff=  4.3109E-01 ( 76,  9)   vdiff=  4.0372E-01 ( 60, 15)
n=  1645   udiff=  4.3036E-01 ( 76,  9)   vdiff=  4.0290E-01 ( 60, 15)
n=  1646   udiff=  4.2961E-01 ( 76,  9)   vdiff=  4.0209E-01 ( 60, 15)
n=  1647   udiff=  4.2883E-01 ( 76,  9)   vdiff=  4.0127E-01 ( 60, 15)
n=  1648   udiff=  4.2802E-01 ( 76,  9)   vdiff=  4.0045E-01 ( 60, 15)
n=  1649   udiff=  4.2718E-01 ( 76,  9)   vdiff=  3.9964E-01 ( 60, 15)
n=  1650   udiff=  4.2644E-01 ( 77,  9)   vdiff=  3.9882E-01 ( 60, 15)
n=  1651   udiff=  4.2599E-01 ( 77,  9)   vdiff=  3.9801E-01 ( 60, 15)
n=  1652   udiff=  4.2551E-01 ( 77,  9)   vdiff=  3.9720E-01 ( 60, 15)
n=  1653   udiff=  4.2500E-01 ( 77,  9)   vdiff=  3.9639E-01 ( 60, 15)
n=  1654   udiff=  4.2445E-01 ( 77,  9)   vdiff=  3.9558E-01 ( 60, 15)
n=  1655   udiff=  4.2388E-01 ( 77,  9)   vdiff=  3.9477E-01 ( 60, 15)
n=  1656   udiff=  4.2328E-01 ( 77,  9)   vdiff=  3.9396E-01 ( 60, 15)
n=  1657   udiff=  4.2266E-01 ( 77,  9)   vdiff=  3.9315E-01 ( 60, 15)
n=  1658   udiff=  4.2200E-01 ( 77,  9)   vdiff=  3.9235E-01 ( 60, 15)
n=  1659   udiff=  4.2132E-01 ( 77,  9)   vdiff=  3.9154E-01 ( 60, 15)
n=  1660   udiff=  4.2060E-01 ( 77,  9)   vdiff=  3.9073E-01 ( 60, 15)
n=  1661   udiff=  4.1986E-01 ( 77,  9)   vdiff=  3.8993E-01 ( 60, 15)
n=  1662   udiff=  4.1910E-01 ( 77,  9)   vdiff=  3.8913E-01 ( 60, 15)
n=  1663   udiff=  4.1830E-01 ( 77,  9)   vdiff=  3.8832E-01 ( 60, 15)
n=  1664   udiff=  4.1748E-01 ( 77,  9)   vdiff=  3.8752E-01 ( 60, 15)
n=  1665   udiff=  4.1663E-01 ( 77,  9)   vdiff=  3.8672E-01 ( 60, 15)
n=  1666   udiff=  4.1576E-01 ( 77,  9)   vdiff=  3.8592E-01 ( 60, 15)
n=  1667   udiff=  4.1523E-01 ( 78,  9)   vdiff=  3.8512E-01 ( 60, 15)
n=  1668   udiff=  4.1472E-01 ( 78,  9)   vdiff=  3.8432E-01 ( 60, 15)
n=  1669   udiff=  4.1419E-01 ( 78,  9)   vdiff=  3.8353E-01 ( 60, 15)
n=  1670   udiff=  4.1363E-01 ( 78,  9)   vdiff=  3.8273E-01 ( 60, 15)
n=  1671   udiff=  4.1304E-01 ( 78,  9)   vdiff=  3.8193E-01 ( 60, 15)
n=  1672   udiff=  4.1242E-01 ( 78,  9)   vdiff=  3.8114E-01 ( 60, 15)
n=  1673   udiff=  4.1178E-01 ( 78,  9)   vdiff=  3.8035E-01 ( 60, 15)
n=  1674   udiff=  4.1111E-01 ( 78,  9)   vdiff=  3.7955E-01 ( 60, 15)
n=  1675   udiff=  4.1041E-01 ( 78,  9)   vdiff=  3.7876E-01 ( 60, 15)
n=  1676   udiff=  4.0968E-01 ( 78,  9)   vdiff=  3.7797E-01 ( 60, 15)
n=  1677   udiff=  4.0893E-01 ( 78,  9)   vdiff=  3.7718E-01 ( 60, 15)
n=  1678   udiff=  4.0815E-01 ( 78,  9)   vdiff=  3.7639E-01 ( 60, 15)
n=  1679   udiff=  4.0734E-01 ( 78,  9)   vdiff=  3.7560E-01 ( 60, 15)
n=  1680   udiff=  4.0651E-01 ( 78,  9)   vdiff=  3.7481E-01 ( 60, 15)
n=  1681   udiff=  4.0565E-01 ( 78,  9)   vdiff=  3.7403E-01 ( 60, 15)
n=  1682   udiff=  4.0477E-01 ( 78,  9)   vdiff=  3.7324E-01 ( 60, 15)
n=  1683   udiff=  4.0418E-01 ( 79,  9)   vdiff=  3.7246E-01 ( 60, 15)
n=  1684   udiff=  4.0366E-01 ( 79,  9)   vdiff=  3.7167E-01 ( 60, 15)
n=  1685   udiff=  4.0311E-01 ( 79,  9)   vdiff=  3.7089E-01 ( 60, 15)
n=  1686   udiff=  4.0253E-01 ( 79,  9)   vdiff=  3.7011E-01 ( 60, 15)
n=  1687   udiff=  4.0192E-01 ( 79,  9)   vdiff=  3.6932E-01 ( 60, 15)
n=  1688   udiff=  4.0129E-01 ( 79,  9)   vdiff=  3.6854E-01 ( 60, 15)
n=  1689   udiff=  4.0063E-01 ( 79,  9)   vdiff=  3.6776E-01 ( 60, 15)
n=  1690   udiff=  3.9994E-01 ( 79,  9)   vdiff=  3.6698E-01 ( 60, 15)
n=  1691   udiff=  3.9923E-01 ( 79,  9)   vdiff=  3.6621E-01 ( 60, 15)
n=  1692   udiff=  3.9849E-01 ( 79,  9)   vdiff=  3.6543E-01 ( 60, 15)
n=  1693   udiff=  3.9772E-01 ( 79,  9)   vdiff=  3.6465E-01 ( 60, 15)
n=  1694   udiff=  3.9693E-01 ( 79,  9)   vdiff=  3.6388E-01 ( 60, 15)
n=  1695   udiff=  3.9611E-01 ( 79,  9)   vdiff=  3.6310E-01 ( 60, 15)
n=  1696   udiff=  3.9527E-01 ( 79,  9)   vdiff=  3.6233E-01 ( 60, 15)
n=  1697   udiff=  3.9440E-01 ( 79,  9)   vdiff=  3.6156E-01 ( 60, 15)
n=  1698   udiff=  3.9351E-01 ( 79,  9)   vdiff=  3.6079E-01 ( 60, 15)
n=  1699   udiff=  3.9299E-01 ( 80,  9)   vdiff=  3.6002E-01 ( 60, 15)
n=  1700   udiff=  3.9245E-01 ( 80,  9)   vdiff=  3.5925E-01 ( 60, 15)
n=  1701   udiff=  3.9188E-01 ( 80,  9)   vdiff=  3.5848E-01 ( 60, 15)
n=  1702   udiff=  3.9128E-01 ( 80,  9)   vdiff=  3.5771E-01 ( 60, 15)
n=  1703   udiff=  3.9066E-01 ( 80,  9)   vdiff=  3.5694E-01 ( 60, 15)
n=  1704   udiff=  3.9001E-01 ( 80,  9)   vdiff=  3.5618E-01 ( 60, 15)
n=  1705   udiff=  3.8933E-01 ( 80,  9)   vdiff=  3.5541E-01 ( 60, 15)
n=  1706   udiff=  3.8863E-01 ( 80,  9)   vdiff=  3.5465E-01 ( 60, 15)
n=  1707   udiff=  3.8791E-01 ( 80,  9)   vdiff=  3.5388E-01 ( 60, 15)
n=  1708   udiff=  3.8715E-01 ( 80,  9)   vdiff=  3.5312E-01 ( 60, 15)
n=  1709   udiff=  3.8638E-01 ( 80,  9)   vdiff=  3.5236E-01 ( 60, 15)
n=  1710   udiff=  3.8557E-01 ( 80,  9)   vdiff=  3.5160E-01 ( 60, 15)
n=  1711   udiff=  3.8475E-01 ( 80,  9)   vdiff=  3.5084E-01 ( 60, 15)
n=  1712   udiff=  3.8390E-01 ( 80,  9)   vdiff=  3.5008E-01 ( 60, 15)
n=  1713   udiff=  3.8302E-01 ( 80,  9)   vdiff=  3.4932E-01 ( 60, 15)
n=  1714   udiff=  3.8228E-01 ( 81,  9)   vdiff=  3.4856E-01 ( 60, 15)
n=  1715   udiff=  3.8175E-01 ( 81,  9)   vdiff=  3.4781E-01 ( 60, 15)
n=  1716   udiff=  3.8119E-01 ( 81,  9)   vdiff=  3.4705E-01 ( 60, 15)
n=  1717   udiff=  3.8060E-01 ( 81,  9)   vdiff=  3.4630E-01 ( 60, 15)
n=  1718   udiff=  3.7999E-01 ( 81,  9)   vdiff=  3.4555E-01 ( 60, 15)
n=  1719   udiff=  3.7935E-01 ( 81,  9)   vdiff=  3.4479E-01 ( 60, 15)
n=  1720   udiff=  3.7869E-01 ( 81,  9)   vdiff=  3.4404E-01 ( 60, 15)
n=  1721   udiff=  3.7800E-01 ( 81,  9)   vdiff=  3.4329E-01 ( 60, 15)
n=  1722   udiff=  3.7728E-01 ( 81,  9)   vdiff=  3.4254E-01 ( 60, 15)
n=  1723   udiff=  3.7654E-01 ( 81,  9)   vdiff=  3.4179E-01 ( 60, 15)
n=  1724   udiff=  3.7578E-01 ( 81,  9)   vdiff=  3.4104E-01 ( 60, 15)
n=  1725   udiff=  3.7500E-01 ( 81,  9)   vdiff=  3.4030E-01 ( 60, 15)
n=  1726   udiff=  3.7418E-01 ( 81,  9)   vdiff=  3.3955E-01 ( 60, 15)
n=  1727   udiff=  3.7335E-01 ( 81,  9)   vdiff=  3.3880E-01 ( 60, 15)
n=  1728   udiff=  3.7249E-01 ( 81,  9)   vdiff=  3.3806E-01 ( 60, 15)
n=  1729   udiff=  3.7161E-01 ( 81,  9)   vdiff=  3.3732E-01 ( 60, 15)
n=  1730   udiff=  3.7109E-01 ( 82,  9)   vdiff=  3.3657E-01 ( 60, 15)
n=  1731   udiff=  3.7053E-01 ( 82,  9)   vdiff=  3.3583E-01 ( 60, 15)
n=  1732   udiff=  3.6996E-01 ( 82,  9)   vdiff=  3.3509E-01 ( 60, 15)
n=  1733   udiff=  3.6935E-01 ( 82,  9)   vdiff=  3.3435E-01 ( 60, 15)
n=  1734   udiff=  3.6873E-01 ( 82,  9)   vdiff=  3.3361E-01 ( 60, 15)
n=  1735   udiff=  3.6807E-01 ( 82,  9)   vdiff=  3.3288E-01 ( 60, 15)
n=  1736   udiff=  3.6740E-01 ( 82,  9)   vdiff=  3.3214E-01 ( 60, 15)
n=  1737   udiff=  3.6670E-01 ( 82,  9)   vdiff=  3.3140E-01 ( 60, 15)
n=  1738   udiff=  3.6597E-01 ( 82,  9)   vdiff=  3.3067E-01 ( 60, 15)
n=  1739   udiff=  3.6522E-01 ( 82,  9)   vdiff=  3.2993E-01 ( 60, 15)
n=  1740   udiff=  3.6445E-01 ( 82,  9)   vdiff=  3.2920E-01 ( 60, 15)
n=  1741   udiff=  3.6365E-01 ( 82,  9)   vdiff=  3.2847E-01 ( 60, 15)
n=  1742   udiff=  3.6284E-01 ( 82,  9)   vdiff=  3.2774E-01 ( 60, 15)
n=  1743   udiff=  3.6199E-01 ( 82,  9)   vdiff=  3.2700E-01 ( 60, 15)
n=  1744   udiff=  3.6113E-01 ( 82,  9)   vdiff=  3.2627E-01 ( 60, 15)
n=  1745   udiff=  3.6053E-01 ( 83,  9)   vdiff=  3.2555E-01 ( 60, 15)
n=  1746   udiff=  3.5998E-01 ( 83,  9)   vdiff=  3.2482E-01 ( 60, 15)
n=  1747   udiff=  3.5941E-01 ( 83,  9)   vdiff=  3.2409E-01 ( 60, 15)
n=  1748   udiff=  3.5882E-01 ( 83,  9)   vdiff=  3.2337E-01 ( 60, 15)
n=  1749   udiff=  3.5820E-01 ( 83,  9)   vdiff=  3.2264E-01 ( 60, 15)
n=  1750   udiff=  3.5756E-01 ( 83,  9)   vdiff=  3.2192E-01 ( 60, 15)
n=  1751   udiff=  3.5689E-01 ( 83,  9)   vdiff=  3.2119E-01 ( 60, 15)
n=  1752   udiff=  3.5620E-01 ( 83,  9)   vdiff=  3.2047E-01 ( 60, 15)
n=  1753   udiff=  3.5549E-01 ( 83,  9)   vdiff=  3.1975E-01 ( 60, 15)
n=  1754   udiff=  3.5475E-01 ( 83,  9)   vdiff=  3.1903E-01 ( 60, 15)
n=  1755   udiff=  3.5399E-01 ( 83,  9)   vdiff=  3.1831E-01 ( 60, 15)
n=  1756   udiff=  3.5321E-01 ( 83,  9)   vdiff=  3.1759E-01 ( 60, 15)
n=  1757   udiff=  3.5241E-01 ( 83,  9)   vdiff=  3.1687E-01 ( 60, 15)
n=  1758   udiff=  3.5159E-01 ( 83,  9)   vdiff=  3.1616E-01 ( 60, 15)
n=  1759   udiff=  3.5074E-01 ( 83,  9)   vdiff=  3.1544E-01 ( 60, 15)
n=  1760   udiff=  3.5011E-01 ( 84,  9)   vdiff=  3.1473E-01 ( 60, 15)
n=  1761   udiff=  3.4957E-01 ( 84,  9)   vdiff=  3.1401E-01 ( 60, 15)
n=  1762   udiff=  3.4901E-01 ( 84,  9)   vdiff=  3.1330E-01 ( 60, 15)
n=  1763   udiff=  3.4842E-01 ( 84,  9)   vdiff=  3.1259E-01 ( 60, 15)
n=  1764   udiff=  3.4781E-01 ( 84,  9)   vdiff=  3.1188E-01 ( 60, 15)
n=  1765   udiff=  3.4718E-01 ( 84,  9)   vdiff=  3.1117E-01 ( 60, 15)
n=  1766   udiff=  3.4652E-01 ( 84,  9)   vdiff=  3.1046E-01 ( 60, 15)
n=  1767   udiff=  3.4585E-01 ( 84,  9)   vdiff=  3.0975E-01 ( 60, 15)
n=  1768   udiff=  3.4514E-01 ( 84,  9)   vdiff=  3.0904E-01 ( 60, 15)
n=  1769   udiff=  3.4442E-01 ( 84,  9)   vdiff=  3.0834E-01 ( 60, 15)
n=  1770   udiff=  3.4368E-01 ( 84,  9)   vdiff=  3.0763E-01 ( 60, 15)
n=  1771   udiff=  3.4291E-01 ( 84,  9)   vdiff=  3.0693E-01 ( 60, 15)
n=  1772   udiff=  3.4212E-01 ( 84,  9)   vdiff=  3.0622E-01 ( 60, 15)
n=  1773   udiff=  3.4131E-01 ( 84,  9)   vdiff=  3.0552E-01 ( 60, 15)
n=  1774   udiff=  3.4048E-01 ( 84,  9)   vdiff=  3.0482E-01 ( 60, 15)
n=  1775   udiff=  3.3987E-01 ( 85,  9)   vdiff=  3.0412E-01 ( 60, 15)
n=  1776   udiff=  3.3934E-01 ( 85,  9)   vdiff=  3.0342E-01 ( 60, 15)
n=  1777   udiff=  3.3878E-01 ( 85,  9)   vdiff=  3.0272E-01 ( 60, 15)
n=  1778   udiff=  3.3820E-01 ( 85,  9)   vdiff=  3.0202E-01 ( 60, 15)
n=  1779   udiff=  3.3760E-01 ( 85,  9)   vdiff=  3.0133E-01 ( 60, 15)
n=  1780   udiff=  3.3698E-01 ( 85,  9)   vdiff=  3.0063E-01 ( 60, 15)
n=  1781   udiff=  3.3633E-01 ( 85,  9)   vdiff=  2.9993E-01 ( 60, 15)
n=  1782   udiff=  3.3566E-01 ( 85,  9)   vdiff=  2.9924E-01 ( 60, 15)
n=  1783   udiff=  3.3497E-01 ( 85,  9)   vdiff=  2.9855E-01 ( 60, 15)
n=  1784   udiff=  3.3426E-01 ( 85,  9)   vdiff=  2.9786E-01 ( 60, 15)
n=  1785   udiff=  3.3353E-01 ( 85,  9)   vdiff=  2.9717E-01 ( 60, 15)
n=  1786   udiff=  3.3278E-01 ( 85,  9)   vdiff=  2.9647E-01 ( 60, 15)
n=  1787   udiff=  3.3200E-01 ( 85,  9)   vdiff=  2.9579E-01 ( 60, 15)
n=  1788   udiff=  3.3121E-01 ( 85,  9)   vdiff=  2.9510E-01 ( 60, 15)
n=  1789   udiff=  3.3039E-01 ( 85,  9)   vdiff=  2.9441E-01 ( 60, 15)
n=  1790   udiff=  3.2983E-01 ( 86,  9)   vdiff=  2.9372E-01 ( 60, 15)
n=  1791   udiff=  3.2931E-01 ( 86,  9)   vdiff=  2.9304E-01 ( 60, 15)
n=  1792   udiff=  3.2876E-01 ( 86,  9)   vdiff=  2.9235E-01 ( 60, 15)
n=  1793   udiff=  3.2818E-01 ( 86,  9)   vdiff=  2.9167E-01 ( 60, 15)
n=  1794   udiff=  3.2759E-01 ( 86,  9)   vdiff=  2.9099E-01 ( 60, 15)
n=  1795   udiff=  3.2697E-01 ( 86,  9)   vdiff=  2.9031E-01 ( 60, 15)
n=  1796   udiff=  3.2634E-01 ( 86,  9)   vdiff=  2.8963E-01 ( 60, 15)
n=  1797   udiff=  3.2568E-01 ( 86,  9)   vdiff=  2.8895E-01 ( 60, 15)
n=  1798   udiff=  3.2500E-01 ( 86,  9)   vdiff=  2.8827E-01 ( 60, 15)
n=  1799   udiff=  3.2430E-01 ( 86,  9)   vdiff=  2.8759E-01 ( 60, 15)
n=  1800   udiff=  3.2358E-01 ( 86,  9)   vdiff=  2.8692E-01 ( 60, 15)
n=  1801   udiff=  3.2284E-01 ( 86,  9)   vdiff=  2.8624E-01 ( 60, 15)
n=  1802   udiff=  3.2208E-01 ( 86,  9)   vdiff=  2.8557E-01 ( 60, 15)
n=  1803   udiff=  3.2130E-01 ( 86,  9)   vdiff=  2.8489E-01 ( 60, 15)
n=  1804   udiff=  3.2052E-01 ( 87,  9)   vdiff=  2.8422E-01 ( 60, 15)
n=  1805   udiff=  3.2002E-01 ( 87,  9)   vdiff=  2.8355E-01 ( 60, 15)
n=  1806   udiff=  3.1950E-01 ( 87,  9)   vdiff=  2.8288E-01 ( 60, 15)
n=  1807   udiff=  3.1895E-01 ( 87,  9)   vdiff=  2.8221E-01 ( 60, 15)
n=  1808   udiff=  3.1838E-01 ( 87,  9)   vdiff=  2.8154E-01 ( 60, 15)
n=  1809   udiff=  3.1780E-01 ( 87,  9)   vdiff=  2.8087E-01 ( 60, 15)
n=  1810   udiff=  3.1719E-01 ( 87,  9)   vdiff=  2.8020E-01 ( 60, 15)
n=  1811   udiff=  3.1656E-01 ( 87,  9)   vdiff=  2.7954E-01 ( 60, 15)
n=  1812   udiff=  3.1591E-01 ( 87,  9)   vdiff=  2.7887E-01 ( 60, 15)
n=  1813   udiff=  3.1524E-01 ( 87,  9)   vdiff=  2.7821E-01 ( 60, 15)
n=  1814   udiff=  3.1455E-01 ( 87,  9)   vdiff=  2.7755E-01 ( 60, 15)
n=  1815   udiff=  3.1384E-01 ( 87,  9)   vdiff=  2.7689E-01 ( 60, 15)
n=  1816   udiff=  3.1311E-01 ( 87,  9)   vdiff=  2.7622E-01 ( 60, 15)
n=  1817   udiff=  3.1237E-01 ( 87,  9)   vdiff=  2.7557E-01 ( 60, 15)
n=  1818   udiff=  3.1160E-01 ( 87,  9)   vdiff=  2.7491E-01 ( 60, 15)
n=  1819   udiff=  3.1094E-01 ( 88,  9)   vdiff=  2.7425E-01 ( 60, 15)
n=  1820   udiff=  3.1044E-01 ( 88,  9)   vdiff=  2.7359E-01 ( 60, 15)
n=  1821   udiff=  3.0992E-01 ( 88,  9)   vdiff=  2.7294E-01 ( 60, 15)
n=  1822   udiff=  3.0938E-01 ( 88,  9)   vdiff=  2.7228E-01 ( 60, 15)
n=  1823   udiff=  3.0882E-01 ( 88,  9)   vdiff=  2.7163E-01 ( 60, 15)
n=  1824   udiff=  3.0824E-01 ( 88,  9)   vdiff=  2.7097E-01 ( 60, 15)
n=  1825   udiff=  3.0764E-01 ( 88,  9)   vdiff=  2.7032E-01 ( 60, 15)
n=  1826   udiff=  3.0702E-01 ( 88,  9)   vdiff=  2.6967E-01 ( 60, 15)
n=  1827   udiff=  3.0638E-01 ( 88,  9)   vdiff=  2.6902E-01 ( 60, 15)
n=  1828   udiff=  3.0572E-01 ( 88,  9)   vdiff=  2.6837E-01 ( 60, 15)
n=  1829   udiff=  3.0504E-01 ( 88,  9)   vdiff=  2.6773E-01 ( 60, 15)
n=  1830   udiff=  3.0434E-01 ( 88,  9)   vdiff=  2.6708E-01 ( 60, 15)
n=  1831   udiff=  3.0362E-01 ( 88,  9)   vdiff=  2.6643E-01 ( 60, 15)
n=  1832   udiff=  3.0289E-01 ( 88,  9)   vdiff=  2.6579E-01 ( 60, 15)
n=  1833   udiff=  3.0213E-01 ( 88,  9)   vdiff=  2.6514E-01 ( 60, 15)
n=  1834   udiff=  3.0160E-01 ( 89,  9)   vdiff=  2.6450E-01 ( 60, 15)
n=  1835   udiff=  3.0111E-01 ( 89,  9)   vdiff=  2.6386E-01 ( 60, 15)
n=  1836   udiff=  3.0059E-01 ( 89,  9)   vdiff=  2.6322E-01 ( 60, 15)
n=  1837   udiff=  3.0006E-01 ( 89,  9)   vdiff=  2.6258E-01 ( 60, 15)
n=  1838   udiff=  2.9950E-01 ( 89,  9)   vdiff=  2.6194E-01 ( 60, 15)
n=  1839   udiff=  2.9892E-01 ( 89,  9)   vdiff=  2.6130E-01 ( 60, 15)
n=  1840   udiff=  2.9833E-01 ( 89,  9)   vdiff=  2.6067E-01 ( 60, 15)
n=  1841   udiff=  2.9772E-01 ( 89,  9)   vdiff=  2.6003E-01 ( 60, 15)
n=  1842   udiff=  2.9708E-01 ( 89,  9)   vdiff=  2.5940E-01 ( 60, 15)
n=  1843   udiff=  2.9643E-01 ( 89,  9)   vdiff=  2.5876E-01 ( 60, 15)
n=  1844   udiff=  2.9576E-01 ( 89,  9)   vdiff=  2.5813E-01 ( 60, 15)
n=  1845   udiff=  2.9507E-01 ( 89,  9)   vdiff=  2.5750E-01 ( 60, 15)
n=  1846   udiff=  2.9437E-01 ( 89,  9)   vdiff=  2.5687E-01 ( 60, 15)
n=  1847   udiff=  2.9364E-01 ( 89,  9)   vdiff=  2.5624E-01 ( 60, 15)
n=  1848   udiff=  2.9299E-01 ( 90,  9)   vdiff=  2.5561E-01 ( 60, 15)
n=  1849   udiff=  2.9252E-01 ( 90,  9)   vdiff=  2.5498E-01 ( 60, 15)
n=  1850   udiff=  2.9203E-01 ( 90,  9)   vdiff=  2.5436E-01 ( 60, 15)
n=  1851   udiff=  2.9152E-01 ( 90,  9)   vdiff=  2.5373E-01 ( 60, 15)
n=  1852   udiff=  2.9098E-01 ( 90,  9)   vdiff=  2.5311E-01 ( 60, 15)
n=  1853   udiff=  2.9043E-01 ( 90,  9)   vdiff=  2.5248E-01 ( 60, 15)
n=  1854   udiff=  2.8986E-01 ( 90,  9)   vdiff=  2.5186E-01 ( 60, 15)
n=  1855   udiff=  2.8927E-01 ( 90,  9)   vdiff=  2.5124E-01 ( 60, 15)
n=  1856   udiff=  2.8867E-01 ( 90,  9)   vdiff=  2.5062E-01 ( 60, 15)
n=  1857   udiff=  2.8804E-01 ( 90,  9)   vdiff=  2.5000E-01 ( 60, 15)
n=  1858   udiff=  2.8740E-01 ( 90,  9)   vdiff=  2.4938E-01 ( 60, 15)
n=  1859   udiff=  2.8674E-01 ( 90,  9)   vdiff=  2.4876E-01 ( 60, 15)
n=  1860   udiff=  2.8606E-01 ( 90,  9)   vdiff=  2.4815E-01 ( 60, 15)
n=  1861   udiff=  2.8536E-01 ( 90,  9)   vdiff=  2.4753E-01 ( 60, 15)
n=  1862   udiff=  2.8465E-01 ( 90,  9)   vdiff=  2.4692E-01 ( 60, 15)
n=  1863   udiff=  2.8417E-01 ( 91,  9)   vdiff=  2.4631E-01 ( 60, 15)
n=  1864   udiff=  2.8370E-01 ( 91,  9)   vdiff=  2.4569E-01 ( 60, 15)
n=  1865   udiff=  2.8321E-01 ( 91,  9)   vdiff=  2.4508E-01 ( 60, 15)
n=  1866   udiff=  2.8270E-01 ( 91,  9)   vdiff=  2.4447E-01 ( 60, 15)
n=  1867   udiff=  2.8217E-01 ( 91,  9)   vdiff=  2.4386E-01 ( 60, 15)
n=  1868   udiff=  2.8162E-01 ( 91,  9)   vdiff=  2.4326E-01 ( 60, 15)
n=  1869   udiff=  2.8106E-01 ( 91,  9)   vdiff=  2.4265E-01 ( 60, 15)
n=  1870   udiff=  2.8047E-01 ( 91,  9)   vdiff=  2.4204E-01 ( 60, 15)
n=  1871   udiff=  2.7987E-01 ( 91,  9)   vdiff=  2.4144E-01 ( 60, 15)
n=  1872   udiff=  2.7925E-01 ( 91,  9)   vdiff=  2.4083E-01 ( 60, 15)
n=  1873   udiff=  2.7862E-01 ( 91,  9)   vdiff=  2.4023E-01 ( 60, 15)
n=  1874   udiff=  2.7796E-01 ( 91,  9)   vdiff=  2.3963E-01 ( 60, 15)
n=  1875   udiff=  2.7729E-01 ( 91,  9)   vdiff=  2.3903E-01 ( 60, 15)
n=  1876   udiff=  2.7661E-01 ( 91,  9)   vdiff=  2.3843E-01 ( 60, 15)
n=  1877   udiff=  2.7606E-01 ( 92,  9)   vdiff=  2.3783E-01 ( 60, 15)
n=  1878   udiff=  2.7561E-01 ( 92,  9)   vdiff=  2.3723E-01 ( 60, 15)
n=  1879   udiff=  2.7514E-01 ( 92,  9)   vdiff=  2.3664E-01 ( 60, 15)
n=  1880   udiff=  2.7465E-01 ( 92,  9)   vdiff=  2.3604E-01 ( 60, 15)
n=  1881   udiff=  2.7414E-01 ( 92,  9)   vdiff=  2.3545E-01 ( 60, 15)
n=  1882   udiff=  2.7361E-01 ( 92,  9)   vdiff=  2.3485E-01 ( 60, 15)
n=  1883   udiff=  2.7307E-01 ( 92,  9)   vdiff=  2.3426E-01 ( 60, 15)
n=  1884   udiff=  2.7251E-01 ( 92,  9)   vdiff=  2.3367E-01 ( 60, 15)
n=  1885   udiff=  2.7215E-01 ( 97,  1)   vdiff=  2.3308E-01 ( 60, 15)
n=  1886   udiff=  2.7199E-01 ( 97,  1)   vdiff=  2.3249E-01 ( 60, 15)
n=  1887   udiff=  2.7179E-01 ( 97,  1)   vdiff=  2.3190E-01 ( 60, 15)
n=  1888   udiff=  2.7156E-01 ( 97,  1)   vdiff=  2.3132E-01 ( 60, 15)
n=  1889   udiff=  2.7141E-01 ( 98,  1)   vdiff=  2.3073E-01 ( 60, 15)
n=  1890   udiff=  2.7158E-01 ( 98,  1)   vdiff=  2.3015E-01 ( 60, 15)
n=  1891   udiff=  2.7172E-01 ( 98,  1)   vdiff=  2.2956E-01 ( 60, 15)
n=  1892   udiff=  2.7182E-01 ( 98,  1)   vdiff=  2.2898E-01 ( 60, 15)
n=  1893   udiff=  2.7189E-01 ( 98,  1)   vdiff=  2.2840E-01 ( 60, 15)
n=  1894   udiff=  2.7192E-01 ( 98,  1)   vdiff=  2.2782E-01 ( 60, 15)
n=  1895   udiff=  2.7192E-01 ( 98,  1)   vdiff=  2.2724E-01 ( 60, 15)
n=  1896   udiff=  2.7188E-01 ( 98,  1)   vdiff=  2.2666E-01 ( 60, 15)
n=  1897   udiff=  2.7181E-01 ( 98,  1)   vdiff=  2.2608E-01 ( 60, 15)
n=  1898   udiff=  2.7171E-01 ( 98,  1)   vdiff=  2.2551E-01 ( 60, 15)
n=  1899   udiff=  2.7157E-01 ( 98,  1)   vdiff=  2.2493E-01 ( 60, 15)
n=  1900   udiff=  2.7139E-01 ( 98,  1)   vdiff=  2.2435E-01 ( 60, 15)
n=  1901   udiff=  2.7118E-01 ( 98,  1)   vdiff=  2.2378E-01 ( 60, 15)
n=  1902   udiff=  2.7094E-01 ( 98,  1)   vdiff=  2.2321E-01 ( 60, 15)
n=  1903   udiff=  2.7087E-01 ( 99,  1)   vdiff=  2.2264E-01 ( 60, 15)
n=  1904   udiff=  2.7103E-01 ( 99,  1)   vdiff=  2.2207E-01 ( 60, 15)
n=  1905   udiff=  2.7115E-01 ( 99,  1)   vdiff=  2.2150E-01 ( 60, 15)
n=  1906   udiff=  2.7123E-01 ( 99,  1)   vdiff=  2.2093E-01 ( 60, 15)
n=  1907   udiff=  2.7129E-01 ( 99,  1)   vdiff=  2.2036E-01 ( 60, 15)
n=  1908   udiff=  2.7130E-01 ( 99,  1)   vdiff=  2.1980E-01 ( 60, 15)
n=  1909   udiff=  2.7128E-01 ( 99,  1)   vdiff=  2.1923E-01 ( 60, 15)
n=  1910   udiff=  2.7123E-01 ( 99,  1)   vdiff=  2.1867E-01 ( 60, 15)
n=  1911   udiff=  2.7114E-01 ( 99,  1)   vdiff=  2.1811E-01 ( 60, 15)
n=  1912   udiff=  2.7102E-01 ( 99,  1)   vdiff=  2.1754E-01 ( 60, 15)
n=  1913   udiff=  2.7087E-01 ( 99,  1)   vdiff=  2.1698E-01 ( 60, 15)
n=  1914   udiff=  2.7068E-01 ( 99,  1)   vdiff=  2.1643E-01 ( 60, 15)
n=  1915   udiff=  2.7046E-01 ( 99,  1)   vdiff=  2.1587E-01 ( 60, 15)
n=  1916   udiff=  2.7020E-01 ( 99,  1)   vdiff=  2.1531E-01 ( 60, 15)
n=  1917   udiff=  2.7022E-01 (100,  1)   vdiff=  2.1475E-01 ( 60, 15)
n=  1918   udiff=  2.7036E-01 (100,  1)   vdiff=  2.1420E-01 ( 60, 15)
n=  1919   udiff=  2.7046E-01 (100,  1)   vdiff=  2.1364E-01 ( 60, 15)
n=  1920   udiff=  2.7053E-01 (100,  1)   vdiff=  2.1309E-01 ( 60, 15)
n=  1921   udiff=  2.7056E-01 (100,  1)   vdiff=  2.1254E-01 ( 60, 15)
n=  1922   udiff=  2.7056E-01 (100,  1)   vdiff=  2.1199E-01 ( 60, 15)
n=  1923   udiff=  2.7053E-01 (100,  1)   vdiff=  2.1144E-01 ( 60, 15)
n=  1924   udiff=  2.7046E-01 (100,  1)   vdiff=  2.1089E-01 ( 60, 15)
n=  1925   udiff=  2.7036E-01 (100,  1)   vdiff=  2.1034E-01 ( 60, 15)
n=  1926   udiff=  2.7022E-01 (100,  1)   vdiff=  2.0979E-01 ( 60, 15)
n=  1927   udiff=  2.7006E-01 (100,  1)   vdiff=  2.0925E-01 ( 60, 15)
n=  1928   udiff=  2.6985E-01 (100,  1)   vdiff=  2.0870E-01 ( 60, 15)
n=  1929   udiff=  2.6962E-01 (100,  1)   vdiff=  2.0816E-01 ( 60, 15)
n=  1930   udiff=  2.6935E-01 (100,  1)   vdiff=  2.0762E-01 ( 60, 15)
n=  1931   udiff=  2.6944E-01 (101,  1)   vdiff=  2.0708E-01 ( 60, 15)
n=  1932   udiff=  2.6956E-01 (101,  1)   vdiff=  2.0653E-01 ( 60, 15)
n=  1933   udiff=  2.6965E-01 (101,  1)   vdiff=  2.0599E-01 ( 60, 15)
n=  1934   udiff=  2.6970E-01 (101,  1)   vdiff=  2.0546E-01 ( 60, 15)
n=  1935   udiff=  2.6972E-01 (101,  1)   vdiff=  2.0492E-01 ( 60, 15)
n=  1936   udiff=  2.6970E-01 (101,  1)   vdiff=  2.0438E-01 ( 60, 15)
n=  1937   udiff=  2.6965E-01 (101,  1)   vdiff=  2.0385E-01 ( 60, 15)
n=  1938   udiff=  2.6957E-01 (101,  1)   vdiff=  2.0331E-01 ( 60, 15)
n=  1939   udiff=  2.6945E-01 (101,  1)   vdiff=  2.0278E-01 ( 60, 15)
n=  1940   udiff=  2.6930E-01 (101,  1)   vdiff=  2.0225E-01 ( 60, 15)
n=  1941   udiff=  2.6912E-01 (101,  1)   vdiff=  2.0172E-01 ( 60, 15)
n=  1942   udiff=  2.6891E-01 (101,  1)   vdiff=  2.0119E-01 ( 60, 15)
n=  1943   udiff=  2.6866E-01 (101,  1)   vdiff=  2.0066E-01 ( 60, 15)
n=  1944   udiff=  2.6840E-01 (102,  1)   vdiff=  2.0013E-01 ( 60, 15)
n=  1945   udiff=  2.6853E-01 (102,  1)   vdiff=  1.9960E-01 ( 60, 15)
n=  1946   udiff=  2.6864E-01 (102,  1)   vdiff=  1.9908E-01 ( 60, 15)
n=  1947   udiff=  2.6870E-01 (102,  1)   vdiff=  1.9855E-01 ( 60, 15)
n=  1948   udiff=  2.6874E-01 (102,  1)   vdiff=  1.9803E-01 ( 60, 15)
n=  1949   udiff=  2.6874E-01 (102,  1)   vdiff=  1.9751E-01 ( 60, 15)
n=  1950   udiff=  2.6871E-01 (102,  1)   vdiff=  1.9699E-01 ( 60, 15)
n=  1951   udiff=  2.6864E-01 (102,  1)   vdiff=  1.9647E-01 ( 60, 15)
n=  1952   udiff=  2.6855E-01 (102,  1)   vdiff=  1.9595E-01 ( 60, 15)
n=  1953   udiff=  2.6842E-01 (102,  1)   vdiff=  1.9543E-01 ( 60, 15)
n=  1954   udiff=  2.6825E-01 (102,  1)   vdiff=  1.9491E-01 ( 60, 15)
n=  1955   udiff=  2.6806E-01 (102,  1)   vdiff=  1.9440E-01 ( 60, 15)
n=  1956   udiff=  2.6783E-01 (102,  1)   vdiff=  1.9388E-01 ( 60, 15)
n=  1957   udiff=  2.6757E-01 (102,  1)   vdiff=  1.9337E-01 ( 60, 15)
n=  1958   udiff=  2.6737E-01 (103,  1)   vdiff=  1.9285E-01 ( 60, 15)
n=  1959   udiff=  2.6748E-01 (103,  1)   vdiff=  1.9234E-01 ( 60, 15)
n=  1960   udiff=  2.6757E-01 (103,  1)   vdiff=  1.9183E-01 ( 60, 15)
n=  1961   udiff=  2.6762E-01 (103,  1)   vdiff=  1.9132E-01 ( 60, 15)
n=  1962   udiff=  2.6764E-01 (103,  1)   vdiff=  1.9081E-01 ( 60, 15)
n=  1963   udiff=  2.6763E-01 (103,  1)   vdiff=  1.9031E-01 ( 60, 15)
n=  1964   udiff=  2.6758E-01 (103,  1)   vdiff=  1.8980E-01 ( 60, 15)
n=  1965   udiff=  2.6750E-01 (103,  1)   vdiff=  1.8930E-01 ( 60, 15)
n=  1966   udiff=  2.6739E-01 (103,  1)   vdiff=  1.8879E-01 ( 60, 15)
n=  1967   udiff=  2.6725E-01 (103,  1)   vdiff=  1.8829E-01 ( 60, 15)
n=  1968   udiff=  2.6707E-01 (103,  1)   vdiff=  1.8778E-01 ( 60, 15)
n=  1969   udiff=  2.6686E-01 (103,  1)   vdiff=  1.8728E-01 ( 60, 15)
n=  1970   udiff=  2.6662E-01 (103,  1)   vdiff=  1.8678E-01 ( 60, 15)
n=  1971   udiff=  2.6635E-01 (103,  1)   vdiff=  1.8628E-01 ( 60, 15)
n=  1972   udiff=  2.6619E-01 (104,  1)   vdiff=  1.8579E-01 ( 60, 15)
n=  1973   udiff=  2.6629E-01 (104,  1)   vdiff=  1.8529E-01 ( 60, 15)
n=  1974   udiff=  2.6636E-01 (104,  1)   vdiff=  1.8479E-01 ( 60, 15)
n=  1975   udiff=  2.6639E-01 (104,  1)   vdiff=  1.8430E-01 ( 60, 15)
n=  1976   udiff=  2.6639E-01 (104,  1)   vdiff=  1.8380E-01 ( 60, 15)
n=  1977   udiff=  2.6636E-01 (104,  1)   vdiff=  1.8331E-01 ( 60, 15)
n=  1978   udiff=  2.6630E-01 (104,  1)   vdiff=  1.8282E-01 ( 60, 15)
n=  1979   udiff=  2.6621E-01 (104,  1)   vdiff=  1.8233E-01 ( 60, 15)
n=  1980   udiff=  2.6608E-01 (104,  1)   vdiff=  1.8184E-01 ( 60, 15)
n=  1981   udiff=  2.6593E-01 (104,  1)   vdiff=  1.8135E-01 ( 60, 15)
n=  1982   udiff=  2.6574E-01 (104,  1)   vdiff=  1.8086E-01 ( 60, 15)
n=  1983   udiff=  2.6552E-01 (104,  1)   vdiff=  1.8038E-01 ( 60, 15)
n=  1984   udiff=  2.6527E-01 (104,  1)   vdiff=  1.7989E-01 ( 60, 15)
n=  1985   udiff=  2.6498E-01 (104,  1)   vdiff=  1.7941E-01 ( 60, 15)
n=  1986   udiff=  2.6485E-01 (105,  1)   vdiff=  1.7892E-01 ( 60, 15)
n=  1987   udiff=  2.6493E-01 (105,  1)   vdiff=  1.7844E-01 ( 60, 15)
n=  1988   udiff=  2.6498E-01 (105,  1)   vdiff=  1.7796E-01 ( 60, 15)
n=  1989   udiff=  2.6500E-01 (105,  1)   vdiff=  1.7748E-01 ( 60, 15)
n=  1990   udiff=  2.6499E-01 (105,  1)   vdiff=  1.7700E-01 ( 60, 15)
n=  1991   udiff=  2.6494E-01 (105,  1)   vdiff=  1.7652E-01 ( 60, 15)
n=  1992   udiff=  2.6487E-01 (105,  1)   vdiff=  1.7604E-01 ( 60, 15)
n=  1993   udiff=  2.6476E-01 (105,  1)   vdiff=  1.7557E-01 ( 60, 15)
n=  1994   udiff=  2.6462E-01 (105,  1)   vdiff=  1.7509E-01 ( 60, 15)
n=  1995   udiff=  2.6445E-01 (105,  1)   vdiff=  1.7462E-01 ( 60, 15)
n=  1996   udiff=  2.6425E-01 (105,  1)   vdiff=  1.7415E-01 ( 60, 15)
n=  1997   udiff=  2.6401E-01 (105,  1)   vdiff=  1.7367E-01 ( 60, 15)
n=  1998   udiff=  2.6375E-01 (105,  1)   vdiff=  1.7320E-01 ( 60, 15)
n=  1999   udiff=  2.6345E-01 (105,  1)   vdiff=  1.7273E-01 ( 60, 15)
n=  2000   udiff=  2.6333E-01 (106,  1)   vdiff=  1.7226E-01 ( 60, 15)
n=  2001   udiff=  2.6340E-01 (106,  1)   vdiff=  1.7180E-01 ( 60, 15)
n=  2002   udiff=  2.6343E-01 (106,  1)   vdiff=  1.7133E-01 ( 60, 15)
n=  2003   udiff=  2.6343E-01 (106,  1)   vdiff=  1.7087E-01 ( 60, 15)
n=  2004   udiff=  2.6340E-01 (106,  1)   vdiff=  1.7040E-01 ( 60, 15)
n=  2005   udiff=  2.6334E-01 (106,  1)   vdiff=  1.6994E-01 ( 60, 15)
n=  2006   udiff=  2.6325E-01 (106,  1)   vdiff=  1.6947E-01 ( 60, 15)
n=  2007   udiff=  2.6313E-01 (106,  1)   vdiff=  1.6901E-01 ( 60, 15)
n=  2008   udiff=  2.6297E-01 (106,  1)   vdiff=  1.6855E-01 ( 60, 15)
n=  2009   udiff=  2.6279E-01 (106,  1)   vdiff=  1.6809E-01 ( 60, 15)
n=  2010   udiff=  2.6257E-01 (106,  1)   vdiff=  1.6763E-01 ( 60, 15)
n=  2011   udiff=  2.6232E-01 (106,  1)   vdiff=  1.6718E-01 ( 60, 15)
n=  2012   udiff=  2.6205E-01 (106,  1)   vdiff=  1.6672E-01 ( 60, 15)
n=  2013   udiff=  2.6174E-01 (106,  1)   vdiff=  1.6626E-01 ( 60, 15)
n=  2014   udiff=  2.6161E-01 (107,  1)   vdiff=  1.6581E-01 ( 60, 15)
n=  2015   udiff=  2.6165E-01 (107,  1)   vdiff=  1.6536E-01 ( 60, 15)
n=  2016   udiff=  2.6167E-01 (107,  1)   vdiff=  1.6490E-01 ( 60, 15)
n=  2017   udiff=  2.6165E-01 (107,  1)   vdiff=  1.6445E-01 ( 60, 15)
n=  2018   udiff=  2.6161E-01 (107,  1)   vdiff=  1.6400E-01 ( 60, 15)
n=  2019   udiff=  2.6153E-01 (107,  1)   vdiff=  1.6355E-01 ( 60, 15)
n=  2020   udiff=  2.6142E-01 (107,  1)   vdiff=  1.6311E-01 ( 60, 15)
n=  2021   udiff=  2.6128E-01 (107,  1)   vdiff=  1.6266E-01 ( 60, 15)
n=  2022   udiff=  2.6111E-01 (107,  1)   vdiff=  1.6221E-01 ( 60, 15)
n=  2023   udiff=  2.6091E-01 (107,  1)   vdiff=  1.6177E-01 ( 60, 15)
n=  2024   udiff=  2.6068E-01 (107,  1)   vdiff=  1.6132E-01 ( 60, 15)
n=  2025   udiff=  2.6042E-01 (107,  1)   vdiff=  1.6088E-01 ( 60, 15)
n=  2026   udiff=  2.6013E-01 (107,  1)   vdiff=  1.6044E-01 ( 60, 15)
n=  2027   udiff=  2.5980E-01 (107,  1)   vdiff=  1.6000E-01 ( 60, 15)
n=  2028   udiff=  2.5964E-01 (108,  1)   vdiff=  1.5956E-01 ( 60, 15)
n=  2029   udiff=  2.5966E-01 (108,  1)   vdiff=  1.5912E-01 ( 60, 15)
n=  2030   udiff=  2.5966E-01 (108,  1)   vdiff=  1.5868E-01 ( 60, 15)
n=  2031   udiff=  2.5962E-01 (108,  1)   vdiff=  1.5824E-01 ( 60, 15)
n=  2032   udiff=  2.5956E-01 (108,  1)   vdiff=  1.5781E-01 ( 60, 15)
n=  2033   udiff=  2.5946E-01 (108,  1)   vdiff=  1.5737E-01 ( 60, 15)
n=  2034   udiff=  2.5933E-01 (108,  1)   vdiff=  1.5694E-01 ( 60, 15)
n=  2035   udiff=  2.5918E-01 (108,  1)   vdiff=  1.5650E-01 ( 60, 15)
n=  2036   udiff=  2.5899E-01 (108,  1)   vdiff=  1.5607E-01 ( 60, 15)
n=  2037   udiff=  2.5877E-01 (108,  1)   vdiff=  1.5564E-01 ( 60, 15)
n=  2038   udiff=  2.5852E-01 (108,  1)   vdiff=  1.5521E-01 ( 60, 15)
n=  2039   udiff=  2.5824E-01 (108,  1)   vdiff=  1.5478E-01 ( 60, 15)
n=  2040   udiff=  2.5794E-01 (108,  1)   vdiff=  1.5436E-01 ( 60, 15)
n=  2041   udiff=  2.5760E-01 (108,  1)   vdiff=  1.5393E-01 ( 60, 15)
n=  2042   udiff=  2.5735E-01 (109,  1)   vdiff=  1.5350E-01 ( 60, 15)
n=  2043   udiff=  2.5736E-01 (109,  1)   vdiff=  1.5308E-01 ( 60, 15)
n=  2044   udiff=  2.5733E-01 (109,  1)   vdiff=  1.5265E-01 ( 60, 15)
n=  2045   udiff=  2.5727E-01 (109,  1)   vdiff=  1.5223E-01 ( 60, 15)
n=  2046   udiff=  2.5718E-01 (109,  1)   vdiff=  1.5181E-01 ( 60, 15)
n=  2047   udiff=  2.5707E-01 (109,  1)   vdiff=  1.5139E-01 ( 60, 15)
n=  2048   udiff=  2.5692E-01 (109,  1)   vdiff=  1.5097E-01 ( 60, 15)
n=  2049   udiff=  2.5674E-01 (109,  1)   vdiff=  1.5055E-01 ( 60, 15)
n=  2050   udiff=  2.5653E-01 (109,  1)   vdiff=  1.5013E-01 ( 60, 15)
n=  2051   udiff=  2.5629E-01 (109,  1)   vdiff=  1.4971E-01 ( 60, 15)
n=  2052   udiff=  2.5603E-01 (109,  1)   vdiff=  1.4930E-01 ( 60, 15)
n=  2053   udiff=  2.5573E-01 (109,  1)   vdiff=  1.4888E-01 ( 60, 15)
n=  2054   udiff=  2.5540E-01 (109,  1)   vdiff=  1.4847E-01 ( 60, 15)
n=  2055   udiff=  2.5505E-01 (109,  1)   vdiff=  1.4806E-01 ( 60, 15)
n=  2056   udiff=  2.5467E-01 (110,  1)   vdiff=  1.4764E-01 ( 60, 15)
n=  2057   udiff=  2.5464E-01 (110,  1)   vdiff=  1.4723E-01 ( 60, 15)
n=  2058   udiff=  2.5459E-01 (110,  1)   vdiff=  1.4682E-01 ( 60, 15)
n=  2059   udiff=  2.5451E-01 (110,  1)   vdiff=  1.4641E-01 ( 60, 15)
n=  2060   udiff=  2.5439E-01 (110,  1)   vdiff=  1.4601E-01 ( 60, 15)
n=  2061   udiff=  2.5425E-01 (110,  1)   vdiff=  1.4560E-01 ( 60, 15)
n=  2062   udiff=  2.5408E-01 (110,  1)   vdiff=  1.4696E-01 (120,  5)
n=  2063   udiff=  2.5387E-01 (110,  1)   vdiff=  1.4889E-01 (120,  5)
n=  2064   udiff=  2.5364E-01 (110,  1)   vdiff=  1.5083E-01 (120,  5)
n=  2065   udiff=  2.5338E-01 (110,  1)   vdiff=  1.5279E-01 (120,  5)
n=  2066   udiff=  2.5309E-01 (110,  1)   vdiff=  1.5476E-01 (120,  5)
n=  2067   udiff=  2.5277E-01 (110,  1)   vdiff=  1.5676E-01 (120,  5)
n=  2068   udiff=  2.5242E-01 (110,  1)   vdiff=  1.5877E-01 (120,  5)
n=  2069   udiff=  2.5204E-01 (110,  1)   vdiff=  1.6080E-01 (120,  5)
n=  2070   udiff=  2.5164E-01 (110,  1)   vdiff=  1.6284E-01 (120,  5)
n=  2071   udiff=  2.5137E-01 (111,  1)   vdiff=  1.6490E-01 (120,  5)
n=  2072   udiff=  2.5129E-01 (111,  1)   vdiff=  1.6698E-01 (120,  5)
n=  2073   udiff=  2.5117E-01 (111,  1)   vdiff=  1.6907E-01 (120,  5)
n=  2074   udiff=  2.5103E-01 (111,  1)   vdiff=  1.7118E-01 (120,  5)
n=  2075   udiff=  2.5085E-01 (111,  1)   vdiff=  1.7329E-01 (120,  5)
n=  2076   udiff=  2.5065E-01 (111,  1)   vdiff=  1.7543E-01 (120,  5)
n=  2077   udiff=  2.5042E-01 (111,  1)   vdiff=  1.7760E-01 (120,  4)
n=  2078   udiff=  2.5016E-01 (111,  1)   vdiff=  1.7981E-01 (120,  4)
n=  2079   udiff=  2.4987E-01 (111,  1)   vdiff=  1.8203E-01 (120,  4)
n=  2080   udiff=  2.4955E-01 (111,  1)   vdiff=  1.8426E-01 (120,  4)
n=  2081   udiff=  2.4920E-01 (111,  1)   vdiff=  1.8650E-01 (120,  4)
n=  2082   udiff=  2.4882E-01 (111,  1)   vdiff=  1.8874E-01 (120,  4)
n=  2083   udiff=  2.4841E-01 (111,  1)   vdiff=  1.9099E-01 (120,  4)
n=  2084   udiff=  2.4798E-01 (111,  1)   vdiff=  1.9325E-01 (120,  4)
n=  2085   udiff=  2.4752E-01 (111,  1)   vdiff=  1.9552E-01 (120,  4)
n=  2086   udiff=  2.4722E-01 (112,  1)   vdiff=  1.9779E-01 (120,  4)
n=  2087   udiff=  2.4707E-01 (112,  1)   vdiff=  2.0006E-01 (120,  4)
n=  2088   udiff=  2.4688E-01 (112,  1)   vdiff=  2.0234E-01 (120,  4)
n=  2089   udiff=  2.4667E-01 (112,  1)   vdiff=  2.0462E-01 (120,  4)
n=  2090   udiff=  2.4643E-01 (112,  1)   vdiff=  2.0691E-01 (120,  4)
n=  2091   udiff=  2.4616E-01 (112,  1)   vdiff=  2.0920E-01 (120,  4)
n=  2092   udiff=  2.4586E-01 (112,  1)   vdiff=  2.1149E-01 (120,  4)
n=  2093   udiff=  2.4554E-01 (112,  1)   vdiff=  2.1378E-01 (120,  4)
n=  2094   udiff=  2.4518E-01 (112,  1)   vdiff=  2.1607E-01 (120,  4)
n=  2095   udiff=  2.4480E-01 (112,  1)   vdiff=  2.1836E-01 (120,  4)
n=  2096   udiff=  2.4439E-01 (112,  1)   vdiff=  2.2064E-01 (120,  4)
n=  2097   udiff=  2.4395E-01 (112,  1)   vdiff=  2.2293E-01 (120,  4)
n=  2098   udiff=  2.4348E-01 (112,  1)   vdiff=  2.2522E-01 (120,  4)
n=  2099   udiff=  2.4298E-01 (112,  1)   vdiff=  2.2750E-01 (120,  4)
n=  2100   udiff=  2.4246E-01 (112,  1)   vdiff=  2.2977E-01 (120,  4)
n=  2101   udiff=  2.4191E-01 (112,  1)   vdiff=  2.3205E-01 (120,  4)
n=  2102   udiff=  2.4164E-01 (113,  1)   vdiff=  2.3431E-01 (120,  4)
n=  2103   udiff=  2.4138E-01 (113,  1)   vdiff=  2.3657E-01 (120,  4)
n=  2104   udiff=  2.4109E-01 (113,  1)   vdiff=  2.3883E-01 (120,  4)
n=  2105   udiff=  2.4078E-01 (113,  1)   vdiff=  2.4107E-01 (120,  4)
n=  2106   udiff=  2.4043E-01 (113,  1)   vdiff=  2.4331E-01 (120,  4)
n=  2107   udiff=  2.4006E-01 (113,  1)   vdiff=  2.4554E-01 (120,  4)
n=  2108   udiff=  2.3966E-01 (113,  1)   vdiff=  2.4776E-01 (120,  4)
n=  2109   udiff=  2.3924E-01 (113,  1)   vdiff=  2.4996E-01 (120,  4)
n=  2110   udiff=  2.3878E-01 (113,  1)   vdiff=  2.5221E-01 (120,  5)
n=  2111   udiff=  2.3830E-01 (113,  1)   vdiff=  2.5446E-01 (120,  5)
n=  2112   udiff=  2.3779E-01 (113,  1)   vdiff=  2.5671E-01 (120,  5)
n=  2113   udiff=  2.3726E-01 (113,  1)   vdiff=  2.5894E-01 (120,  5)
n=  2114   udiff=  2.3669E-01 (113,  1)   vdiff=  2.6116E-01 (120,  5)
n=  2115   udiff=  2.3610E-01 (113,  1)   vdiff=  2.6338E-01 (120,  5)
n=  2116   udiff=  2.3549E-01 (113,  1)   vdiff=  2.6558E-01 (120,  5)
n=  2117   udiff=  2.3485E-01 (113,  1)   vdiff=  2.6777E-01 (120,  5)
n=  2118   udiff=  2.3426E-01 (114,  1)   vdiff=  2.6994E-01 (120,  5)
n=  2119   udiff=  2.3389E-01 (114,  1)   vdiff=  2.7210E-01 (120,  5)
n=  2120   udiff=  2.3349E-01 (114,  1)   vdiff=  2.7425E-01 (120,  5)
n=  2121   udiff=  2.3307E-01 (114,  1)   vdiff=  2.7638E-01 (120,  5)
n=  2122   udiff=  2.3262E-01 (114,  1)   vdiff=  2.7850E-01 (120,  5)
n=  2123   udiff=  2.3214E-01 (114,  1)   vdiff=  2.8059E-01 (120,  5)
n=  2124   udiff=  2.3164E-01 (114,  1)   vdiff=  2.8267E-01 (120,  5)
n=  2125   udiff=  2.3110E-01 (114,  1)   vdiff=  2.8474E-01 (120,  5)
n=  2126   udiff=  2.3055E-01 (114,  1)   vdiff=  2.8678E-01 (120,  5)
n=  2127   udiff=  2.2996E-01 (114,  1)   vdiff=  2.8881E-01 (120,  5)
n=  2128   udiff=  2.2935E-01 (114,  1)   vdiff=  2.9081E-01 (120,  5)
n=  2129   udiff=  2.2872E-01 (114,  1)   vdiff=  2.9279E-01 (120,  5)
n=  2130   udiff=  2.2806E-01 (114,  1)   vdiff=  2.9475E-01 (120,  5)
n=  2131   udiff=  2.2737E-01 (114,  1)   vdiff=  2.9669E-01 (120,  5)
n=  2132   udiff=  2.2666E-01 (114,  1)   vdiff=  2.9861E-01 (120,  5)
n=  2133   udiff=  2.2593E-01 (114,  1)   vdiff=  3.0050E-01 (120,  5)
n=  2134   udiff=  2.2517E-01 (114,  1)   vdiff=  3.0236E-01 (120,  5)
n=  2135   udiff=  2.2439E-01 (114,  1)   vdiff=  3.0421E-01 (120,  5)
n=  2136   udiff=  2.2359E-01 (114,  1)   vdiff=  3.0602E-01 (120,  5)
n=  2137   udiff=  2.2276E-01 (114,  1)   vdiff=  3.0781E-01 (120,  5)
n=  2138   udiff=  2.2210E-01 (115,  1)   vdiff=  3.0957E-01 (120,  5)
n=  2139   udiff=  2.2151E-01 (115,  1)   vdiff=  3.1131E-01 (120,  5)
n=  2140   udiff=  2.2089E-01 (115,  1)   vdiff=  3.1301E-01 (120,  5)
n=  2141   udiff=  2.2025E-01 (115,  1)   vdiff=  3.1469E-01 (120,  5)
n=  2142   udiff=  2.1959E-01 (115,  1)   vdiff=  3.1634E-01 (120,  5)
n=  2143   udiff=  2.1890E-01 (115,  1)   vdiff=  3.1795E-01 (120,  5)
n=  2144   udiff=  2.1819E-01 (115,  1)   vdiff=  3.1954E-01 (120,  5)
n=  2145   udiff=  2.1745E-01 (115,  1)   vdiff=  3.2109E-01 (120,  5)
n=  2146   udiff=  2.1669E-01 (115,  1)   vdiff=  3.2261E-01 (120,  5)
n=  2147   udiff=  2.1591E-01 (115,  1)   vdiff=  3.2410E-01 (120,  5)
n=  2148   udiff=  2.1510E-01 (115,  1)   vdiff=  3.2556E-01 (120,  5)
n=  2149   udiff=  2.1427E-01 (115,  1)   vdiff=  3.2698E-01 (120,  5)
n=  2150   udiff=  2.1342E-01 (115,  1)   vdiff=  3.2837E-01 (120,  5)
n=  2151   udiff=  2.1255E-01 (115,  1)   vdiff=  3.2973E-01 (120,  5)
n=  2152   udiff=  2.1166E-01 (115,  1)   vdiff=  3.3105E-01 (120,  5)
n=  2153   udiff=  2.1075E-01 (115,  1)   vdiff=  3.3233E-01 (120,  5)
n=  2154   udiff=  2.0981E-01 (115,  1)   vdiff=  3.3358E-01 (120,  5)
n=  2155   udiff=  2.0886E-01 (115,  1)   vdiff=  3.3479E-01 (120,  5)
n=  2156   udiff=  2.0789E-01 (115,  1)   vdiff=  3.3596E-01 (120,  5)
n=  2157   udiff=  2.0690E-01 (115,  1)   vdiff=  3.3710E-01 (120,  5)
n=  2158   udiff=  2.0605E-01 (116,  1)   vdiff=  3.3820E-01 (120,  5)
n=  2159   udiff=  2.0527E-01 (116,  1)   vdiff=  3.3926E-01 (120,  5)
n=  2160   udiff=  2.0446E-01 (116,  1)   vdiff=  3.4028E-01 (120,  5)
n=  2161   udiff=  2.0364E-01 (116,  1)   vdiff=  3.4127E-01 (120,  5)
n=  2162   udiff=  2.0279E-01 (116,  1)   vdiff=  3.4221E-01 (120,  5)
n=  2163   udiff=  2.0193E-01 (116,  1)   vdiff=  3.4312E-01 (120,  5)
n=  2164   udiff=  2.0104E-01 (116,  1)   vdiff=  3.4398E-01 (120,  5)
n=  2165   udiff=  2.0013E-01 (116,  1)   vdiff=  3.4481E-01 (120,  5)
n=  2166   udiff=  1.9921E-01 (116,  1)   vdiff=  3.4559E-01 (120,  5)
n=  2167   udiff=  1.9826E-01 (116,  1)   vdiff=  3.4634E-01 (120,  5)
n=  2168   udiff=  1.9730E-01 (116,  1)   vdiff=  3.4704E-01 (120,  5)
n=  2169   udiff=  1.9632E-01 (116,  1)   vdiff=  3.4771E-01 (120,  5)
n=  2170   udiff=  1.9532E-01 (116,  1)   vdiff=  3.4833E-01 (120,  5)
n=  2171   udiff=  1.9430E-01 (116,  1)   vdiff=  3.4891E-01 (120,  5)
n=  2172   udiff=  1.9327E-01 (116,  1)   vdiff=  3.4945E-01 (120,  5)
n=  2173   udiff=  1.9222E-01 (116,  1)   vdiff=  3.4995E-01 (120,  5)
n=  2174   udiff=  1.9116E-01 (116,  1)   vdiff=  3.5040E-01 (120,  5)
n=  2175   udiff=  1.9008E-01 (116,  1)   vdiff=  3.5082E-01 (120,  5)
n=  2176   udiff=  1.8898E-01 (116,  1)   vdiff=  3.5119E-01 (120,  5)
n=  2177   udiff=  1.8787E-01 (116,  1)   vdiff=  3.5152E-01 (120,  5)
n=  2178   udiff=  1.8675E-01 (116,  1)   vdiff=  3.5181E-01 (120,  5)
n=  2179   udiff=  1.8561E-01 (116,  1)   vdiff=  3.5206E-01 (120,  5)
n=  2180   udiff=  1.8446E-01 (116,  1)   vdiff=  3.5227E-01 (120,  5)
n=  2181   udiff=  1.8329E-01 (116,  1)   vdiff=  3.5243E-01 (120,  5)
n=  2182   udiff=  1.8211E-01 (116,  1)   vdiff=  3.5255E-01 (120,  5)
n=  2183   udiff=  1.8093E-01 (116,  1)   vdiff=  3.5263E-01 (120,  5)
n=  2184   udiff=  1.7973E-01 (116,  1)   vdiff=  3.5267E-01 (120,  5)
n=  2185   udiff=  1.7851E-01 (116,  1)   vdiff=  3.5266E-01 (120,  5)
n=  2186   udiff=  1.7729E-01 (116,  1)   vdiff=  3.5262E-01 (120,  5)
n=  2187   udiff=  1.7606E-01 (116,  1)   vdiff=  3.5253E-01 (120,  5)
n=  2188   udiff=  1.7482E-01 (116,  1)   vdiff=  3.5240E-01 (120,  5)
n=  2189   udiff=  1.7357E-01 (116,  1)   vdiff=  3.5224E-01 (120,  5)
n=  2190   udiff=  1.7231E-01 (116,  1)   vdiff=  3.5203E-01 (120,  5)
n=  2191   udiff=  1.7104E-01 (116,  1)   vdiff=  3.5177E-01 (120,  5)
n=  2192   udiff=  1.6977E-01 (116,  1)   vdiff=  3.5148E-01 (120,  5)
n=  2193   udiff=  1.6849E-01 (116,  1)   vdiff=  3.5115E-01 (120,  5)
n=  2194   udiff=  1.6720E-01 (116,  1)   vdiff=  3.5078E-01 (120,  5)
n=  2195   udiff=  1.6590E-01 (116,  1)   vdiff=  3.5037E-01 (120,  5)
n=  2196   udiff=  1.6460E-01 (116,  1)   vdiff=  3.4992E-01 (120,  5)
n=  2197   udiff=  1.6330E-01 (116,  1)   vdiff=  3.4943E-01 (120,  5)
n=  2198   udiff=  1.6198E-01 (116,  1)   vdiff=  3.4890E-01 (120,  5)
n=  2199   udiff=  1.6067E-01 (116,  1)   vdiff=  3.4833E-01 (120,  5)
n=  2200   udiff=  1.5935E-01 (116,  1)   vdiff=  3.4772E-01 (120,  5)
n=  2201   udiff=  1.5802E-01 (116,  1)   vdiff=  3.4708E-01 (120,  5)
n=  2202   udiff=  1.5670E-01 (116,  1)   vdiff=  3.4640E-01 (120,  5)
n=  2203   udiff=  1.5536E-01 (116,  1)   vdiff=  3.4568E-01 (120,  5)
n=  2204   udiff=  1.5403E-01 (116,  1)   vdiff=  3.4493E-01 (120,  5)
n=  2205   udiff=  1.5278E-01 (118,  1)   vdiff=  3.4413E-01 (120,  5)
n=  2206   udiff=  1.5169E-01 (118,  1)   vdiff=  3.4331E-01 (120,  5)
n=  2207   udiff=  1.5060E-01 (118,  1)   vdiff=  3.4244E-01 (120,  5)
n=  2208   udiff=  1.4950E-01 (118,  1)   vdiff=  3.4155E-01 (120,  5)
n=  2209   udiff=  1.4839E-01 (118,  1)   vdiff=  3.4061E-01 (120,  5)
n=  2210   udiff=  1.4727E-01 (118,  1)   vdiff=  3.3965E-01 (120,  5)
n=  2211   udiff=  1.4614E-01 (118,  1)   vdiff=  3.3865E-01 (120,  5)
n=  2212   udiff=  1.4501E-01 (118,  1)   vdiff=  3.3761E-01 (120,  5)
n=  2213   udiff=  1.4387E-01 (118,  1)   vdiff=  3.3655E-01 (120,  5)
n=  2214   udiff=  1.4272E-01 (118,  1)   vdiff=  3.3545E-01 (120,  5)
n=  2215   udiff=  1.4157E-01 (118,  1)   vdiff=  3.3432E-01 (120,  5)
n=  2216   udiff=  1.4042E-01 (118,  1)   vdiff=  3.3316E-01 (120,  5)
n=  2217   udiff=  1.3926E-01 (118,  1)   vdiff=  3.3197E-01 (120,  5)
n=  2218   udiff=  1.3809E-01 (118,  1)   vdiff=  3.3075E-01 (120,  5)
n=  2219   udiff=  1.3692E-01 (118,  1)   vdiff=  3.2950E-01 (120,  5)
n=  2220   udiff=  1.3575E-01 (118,  1)   vdiff=  3.2822E-01 (120,  5)
n=  2221   udiff=  1.3457E-01 (118,  1)   vdiff=  3.2692E-01 (120,  5)
n=  2222   udiff=  1.3339E-01 (118,  1)   vdiff=  3.2558E-01 (120,  5)
n=  2223   udiff=  1.3221E-01 (118,  1)   vdiff=  3.2422E-01 (120,  5)
n=  2224   udiff=  1.3102E-01 (118,  1)   vdiff=  3.2283E-01 (120,  5)
n=  2225   udiff=  1.2984E-01 (118,  1)   vdiff=  3.2142E-01 (120,  5)
n=  2226   udiff=  1.2865E-01 (118,  1)   vdiff=  3.1998E-01 (120,  5)
n=  2227   udiff=  1.2746E-01 (118,  1)   vdiff=  3.1852E-01 (120,  5)
n=  2228   udiff=  1.2627E-01 (118,  1)   vdiff=  3.1703E-01 (120,  5)
n=  2229   udiff=  1.2508E-01 (118,  1)   vdiff=  3.1552E-01 (120,  5)
n=  2230   udiff=  1.2389E-01 (118,  1)   vdiff=  3.1399E-01 (120,  5)
n=  2231   udiff=  1.2286E-01 (114,  9)   vdiff=  3.1244E-01 (120,  5)
n=  2232   udiff=  1.2234E-01 (114,  9)   vdiff=  3.1086E-01 (120,  5)
n=  2233   udiff=  1.2181E-01 (114,  9)   vdiff=  3.0927E-01 (120,  5)
n=  2234   udiff=  1.2128E-01 (114,  9)   vdiff=  3.0765E-01 (120,  5)
n=  2235   udiff=  1.2075E-01 (114,  9)   vdiff=  3.0602E-01 (120,  5)
n=  2236   udiff=  1.2027E-01 (115,  9)   vdiff=  3.0436E-01 (120,  5)
n=  2237   udiff=  1.1980E-01 (115,  9)   vdiff=  3.0269E-01 (120,  5)
n=  2238   udiff=  1.1933E-01 (115,  9)   vdiff=  3.0100E-01 (120,  5)
n=  2239   udiff=  1.1885E-01 (115,  9)   vdiff=  2.9929E-01 (120,  5)
n=  2240   udiff=  1.1837E-01 (115,  9)   vdiff=  2.9757E-01 (120,  5)
n=  2241   udiff=  1.1789E-01 (115,  9)   vdiff=  2.9583E-01 (120,  5)
n=  2242   udiff=  1.1741E-01 (115,  9)   vdiff=  2.9408E-01 (120,  5)
n=  2243   udiff=  1.1692E-01 (115,  9)   vdiff=  2.9231E-01 (120,  5)
n=  2244   udiff=  1.1643E-01 (115,  9)   vdiff=  2.9053E-01 (120,  5)
n=  2245   udiff=  1.1594E-01 (115,  9)   vdiff=  2.8874E-01 (120,  5)
n=  2246   udiff=  1.1545E-01 (115,  9)   vdiff=  2.8693E-01 (120,  5)
n=  2247   udiff=  1.1496E-01 (115,  9)   vdiff=  2.8512E-01 (120,  5)
n=  2248   udiff=  1.1447E-01 (115,  9)   vdiff=  2.8329E-01 (120,  5)
n=  2249   udiff=  1.1397E-01 (115,  9)   vdiff=  2.8145E-01 (120,  5)
n=  2250   udiff=  1.1348E-01 (115,  9)   vdiff=  2.7960E-01 (120,  5)
n=  2251   udiff=  1.1298E-01 (115,  9)   vdiff=  2.7774E-01 (120,  5)
n=  2252   udiff=  1.1248E-01 (115,  9)   vdiff=  2.7588E-01 (120,  5)
n=  2253   udiff=  1.1198E-01 (115,  9)   vdiff=  2.7400E-01 (120,  5)
n=  2254   udiff=  1.1148E-01 (115,  9)   vdiff=  2.7212E-01 (120,  5)
n=  2255   udiff=  1.1098E-01 (115,  9)   vdiff=  2.7023E-01 (120,  5)
n=  2256   udiff=  1.1048E-01 (115,  9)   vdiff=  2.6834E-01 (120,  5)
n=  2257   udiff=  1.0998E-01 (115,  9)   vdiff=  2.6644E-01 (120,  5)
n=  2258   udiff=  1.0948E-01 (115,  9)   vdiff=  2.6454E-01 (120,  5)
n=  2259   udiff=  1.0897E-01 (115,  9)   vdiff=  2.6263E-01 (120,  5)
n=  2260   udiff=  1.0847E-01 (115,  9)   vdiff=  2.6071E-01 (120,  5)
n=  2261   udiff=  1.0797E-01 (115,  9)   vdiff=  2.5880E-01 (120,  5)
n=  2262   udiff=  1.0747E-01 (115,  9)   vdiff=  2.5688E-01 (120,  5)
n=  2263   udiff=  1.0696E-01 (115,  9)   vdiff=  2.5496E-01 (120,  5)
n=  2264   udiff=  1.0646E-01 (115,  9)   vdiff=  2.5303E-01 (120,  5)
n=  2265   udiff=  1.0596E-01 (115,  9)   vdiff=  2.5111E-01 (120,  5)
n=  2266   udiff=  1.0546E-01 (115,  9)   vdiff=  2.4919E-01 (120,  5)
n=  2267   udiff=  1.0496E-01 (115,  9)   vdiff=  2.4760E-01 (120,  6)
n=  2268   udiff=  1.0446E-01 (115,  9)   vdiff=  2.4608E-01 (120,  6)
n=  2269   udiff=  1.0396E-01 (115,  9)   vdiff=  2.4456E-01 (120,  6)
n=  2270   udiff=  1.0346E-01 (115,  9)   vdiff=  2.4304E-01 (120,  6)
n=  2271   udiff=  1.0296E-01 (115,  9)   vdiff=  2.4151E-01 (120,  6)
n=  2272   udiff=  1.0246E-01 (115,  9)   vdiff=  2.3998E-01 (120,  6)
n=  2273   udiff=  1.0196E-01 (115,  9)   vdiff=  2.3844E-01 (120,  6)
n=  2274   udiff=  1.0147E-01 (115,  9)   vdiff=  2.3691E-01 (120,  6)
n=  2275   udiff=  1.0097E-01 (115,  9)   vdiff=  2.3537E-01 (120,  6)
n=  2276   udiff=  1.0048E-01 (115,  9)   vdiff=  2.3383E-01 (120,  6)
n=  2277   udiff=  9.9983E-02 (115,  9)   vdiff=  2.3229E-01 (120,  6)
n=  2278   udiff=  9.9491E-02 (115,  9)   vdiff=  2.3075E-01 (120,  6)
n=  2279   udiff=  9.9000E-02 (115,  9)   vdiff=  2.2921E-01 (120,  6)
n=  2280   udiff=  9.8510E-02 (115,  9)   vdiff=  2.2767E-01 (120,  6)
n=  2281   udiff=  9.8021E-02 (115,  9)   vdiff=  2.2612E-01 (120,  6)
n=  2282   udiff=  9.7552E-02 (116,  9)   vdiff=  2.2458E-01 (120,  6)
n=  2283   udiff=  9.7096E-02 (116,  9)   vdiff=  2.2304E-01 (120,  6)
n=  2284   udiff=  9.6641E-02 (116,  9)   vdiff=  2.2150E-01 (120,  6)
n=  2285   udiff=  9.6186E-02 (116,  9)   vdiff=  2.1997E-01 (120,  6)
n=  2286   udiff=  9.5732E-02 (116,  9)   vdiff=  2.1843E-01 (120,  6)
n=  2287   udiff=  9.5279E-02 (116,  9)   vdiff=  2.1690E-01 (120,  6)
n=  2288   udiff=  9.4827E-02 (116,  9)   vdiff=  2.1537E-01 (120,  6)
n=  2289   udiff=  9.4376E-02 (116,  9)   vdiff=  2.1384E-01 (120,  6)
n=  2290   udiff=  9.3925E-02 (116,  9)   vdiff=  2.1232E-01 (120,  6)
n=  2291   udiff=  9.3475E-02 (116,  9)   vdiff=  2.1080E-01 (120,  6)
n=  2292   udiff=  9.3027E-02 (116,  9)   vdiff=  2.0928E-01 (120,  6)
n=  2293   udiff=  9.2579E-02 (116,  9)   vdiff=  2.0777E-01 (120,  6)
n=  2294   udiff=  9.2133E-02 (116,  9)   vdiff=  2.0626E-01 (120,  6)
n=  2295   udiff=  9.1688E-02 (116,  9)   vdiff=  2.0475E-01 (120,  6)
n=  2296   udiff=  9.1243E-02 (116,  9)   vdiff=  2.0325E-01 (120,  6)
n=  2297   udiff=  9.0801E-02 (116,  9)   vdiff=  2.0176E-01 (120,  6)
n=  2298   udiff=  9.0359E-02 (116,  9)   vdiff=  2.0027E-01 (120,  6)
n=  2299   udiff=  8.9919E-02 (116,  9)   vdiff=  1.9878E-01 (120,  6)
n=  2300   udiff=  8.9480E-02 (116,  9)   vdiff=  1.9730E-01 (120,  6)
n=  2301   udiff=  8.9042E-02 (116,  9)   vdiff=  1.9583E-01 (120,  6)
n=  2302   udiff=  8.8606E-02 (116,  9)   vdiff=  1.9436E-01 (120,  6)
n=  2303   udiff=  8.8171E-02 (116,  9)   vdiff=  1.9290E-01 (120,  6)
n=  2304   udiff=  8.7738E-02 (116,  9)   vdiff=  1.9144E-01 (120,  6)
n=  2305   udiff=  8.7306E-02 (116,  9)   vdiff=  1.8999E-01 (120,  6)
n=  2306   udiff=  8.6876E-02 (116,  9)   vdiff=  1.8855E-01 (120,  6)
n=  2307   udiff=  8.6448E-02 (116,  9)   vdiff=  1.8711E-01 (120,  6)
n=  2308   udiff=  8.6021E-02 (116,  9)   vdiff=  1.8568E-01 (120,  6)
n=  2309   udiff=  8.5595E-02 (116,  9)   vdiff=  1.8426E-01 (120,  6)
n=  2310   udiff=  8.5171E-02 (116,  9)   vdiff=  1.8284E-01 (120,  6)
n=  2311   udiff=  8.4749E-02 (116,  9)   vdiff=  1.8144E-01 (120,  6)
n=  2312   udiff=  8.4329E-02 (116,  9)   vdiff=  1.8003E-01 (120,  6)
n=  2313   udiff=  8.3910E-02 (116,  9)   vdiff=  1.7864E-01 (120,  6)
n=  2314   udiff=  8.3493E-02 (116,  9)   vdiff=  1.7726E-01 (120,  6)
n=  2315   udiff=  8.3078E-02 (116,  9)   vdiff=  1.7588E-01 (120,  6)
n=  2316   udiff=  8.2664E-02 (116,  9)   vdiff=  1.7451E-01 (120,  6)
n=  2317   udiff=  8.2252E-02 (116,  9)   vdiff=  1.7315E-01 (120,  6)
n=  2318   udiff=  8.1842E-02 (116,  9)   vdiff=  1.7179E-01 (120,  6)
n=  2319   udiff=  8.1434E-02 (116,  9)   vdiff=  1.7044E-01 (120,  6)
n=  2320   udiff=  8.1028E-02 (116,  9)   vdiff=  1.6911E-01 (120,  6)
n=  2321   udiff=  8.0623E-02 (116,  9)   vdiff=  1.6778E-01 (120,  6)
n=  2322   udiff=  8.0221E-02 (116,  9)   vdiff=  1.6646E-01 (120,  6)
n=  2323   udiff=  7.9820E-02 (116,  9)   vdiff=  1.6514E-01 (120,  6)
n=  2324   udiff=  7.9421E-02 (116,  9)   vdiff=  1.6384E-01 (120,  6)
n=  2325   udiff=  7.9024E-02 (116,  9)   vdiff=  1.6254E-01 (120,  6)
n=  2326   udiff=  7.8628E-02 (116,  9)   vdiff=  1.6125E-01 (120,  6)
n=  2327   udiff=  7.8235E-02 (116,  9)   vdiff=  1.5997E-01 (120,  6)
n=  2328   udiff=  7.7843E-02 (116,  9)   vdiff=  1.5870E-01 (120,  6)
n=  2329   udiff=  7.7454E-02 (116,  9)   vdiff=  1.5744E-01 (120,  6)
n=  2330   udiff=  7.7066E-02 (116,  9)   vdiff=  1.5619E-01 (120,  6)
n=  2331   udiff=  7.6680E-02 (116,  9)   vdiff=  1.5494E-01 (120,  6)
n=  2332   udiff=  7.6296E-02 (116,  9)   vdiff=  1.5371E-01 (120,  6)
n=  2333   udiff=  7.5914E-02 (116,  9)   vdiff=  1.5248E-01 (120,  6)
n=  2334   udiff=  7.5534E-02 (116,  9)   vdiff=  1.5126E-01 (120,  6)
n=  2335   udiff=  7.5155E-02 (116,  9)   vdiff=  1.5005E-01 (120,  6)
n=  2336   udiff=  7.4779E-02 (116,  9)   vdiff=  1.4885E-01 (120,  6)
n=  2337   udiff=  7.4404E-02 (116,  9)   vdiff=  1.4765E-01 (120,  6)
n=  2338   udiff=  7.4032E-02 (116,  9)   vdiff=  1.4647E-01 (120,  6)
n=  2339   udiff=  7.3661E-02 (116,  9)   vdiff=  1.4529E-01 (120,  6)
n=  2340   udiff=  7.3292E-02 (116,  9)   vdiff=  1.4413E-01 (120,  6)
n=  2341   udiff=  7.2925E-02 (116,  9)   vdiff=  1.4297E-01 (120,  6)
n=  2342   udiff=  7.2560E-02 (116,  9)   vdiff=  1.4182E-01 (120,  6)
n=  2343   udiff=  7.2197E-02 (116,  9)   vdiff=  1.4068E-01 (120,  6)
n=  2344   udiff=  7.1835E-02 (116,  9)   vdiff=  1.3954E-01 (120,  6)
n=  2345   udiff=  7.1476E-02 (116,  9)   vdiff=  1.3842E-01 (120,  6)
n=  2346   udiff=  7.1118E-02 (116,  9)   vdiff=  1.3730E-01 (120,  6)
n=  2347   udiff=  7.0762E-02 (116,  9)   vdiff=  1.3620E-01 (120,  6)
n=  2348   udiff=  7.0408E-02 (116,  9)   vdiff=  1.3510E-01 (120,  6)
n=  2349   udiff=  7.0056E-02 (116,  9)   vdiff=  1.3401E-01 (120,  6)
n=  2350   udiff=  6.9706E-02 (116,  9)   vdiff=  1.3292E-01 (120,  6)
n=  2351   udiff=  6.9357E-02 (116,  9)   vdiff=  1.3185E-01 (120,  6)
n=  2352   udiff=  6.9011E-02 (116,  9)   vdiff=  1.3078E-01 (120,  6)
n=  2353   udiff=  6.8666E-02 (116,  9)   vdiff=  1.2973E-01 (120,  6)
n=  2354   udiff=  6.8323E-02 (116,  9)   vdiff=  1.2868E-01 (120,  6)
n=  2355   udiff=  6.7982E-02 (116,  9)   vdiff=  1.2764E-01 (120,  6)
n=  2356   udiff=  6.7642E-02 (116,  9)   vdiff=  1.2660E-01 (120,  6)
n=  2357   udiff=  6.7305E-02 (116,  9)   vdiff=  1.2558E-01 (120,  6)
n=  2358   udiff=  6.6969E-02 (116,  9)   vdiff=  1.2456E-01 (120,  6)
n=  2359   udiff=  6.6635E-02 (116,  9)   vdiff=  1.2355E-01 (120,  6)
n=  2360   udiff=  6.6302E-02 (116,  9)   vdiff=  1.2255E-01 (120,  6)
n=  2361   udiff=  6.5972E-02 (116,  9)   vdiff=  1.2155E-01 (120,  6)
n=  2362   udiff=  6.5643E-02 (116,  9)   vdiff=  1.2057E-01 (120,  6)
n=  2363   udiff=  6.5316E-02 (116,  9)   vdiff=  1.1959E-01 (120,  6)
n=  2364   udiff=  6.4990E-02 (116,  9)   vdiff=  1.1862E-01 (120,  6)
n=  2365   udiff=  6.4667E-02 (116,  9)   vdiff=  1.1765E-01 (120,  6)
n=  2366   udiff=  6.4345E-02 (116,  9)   vdiff=  1.1670E-01 (120,  6)
n=  2367   udiff=  6.4024E-02 (116,  9)   vdiff=  1.1575E-01 (120,  6)
n=  2368   udiff=  6.3706E-02 (116,  9)   vdiff=  1.1480E-01 (120,  6)
n=  2369   udiff=  6.3389E-02 (116,  9)   vdiff=  1.1387E-01 (120,  6)
n=  2370   udiff=  6.3073E-02 (116,  9)   vdiff=  1.1294E-01 (120,  6)
n=  2371   udiff=  6.2760E-02 (116,  9)   vdiff=  1.1202E-01 (120,  6)
n=  2372   udiff=  6.2448E-02 (116,  9)   vdiff=  1.1111E-01 (120,  6)
n=  2373   udiff=  6.2137E-02 (116,  9)   vdiff=  1.1020E-01 (120,  6)
n=  2374   udiff=  6.1829E-02 (116,  9)   vdiff=  1.0930E-01 (120,  6)
n=  2375   udiff=  6.1522E-02 (116,  9)   vdiff=  1.0841E-01 (120,  6)
n=  2376   udiff=  6.1216E-02 (116,  9)   vdiff=  1.0752E-01 (120,  6)
n=  2377   udiff=  6.0912E-02 (116,  9)   vdiff=  1.0664E-01 (120,  6)
n=  2378   udiff=  6.0610E-02 (116,  9)   vdiff=  1.0577E-01 (120,  6)
n=  2379   udiff=  6.0309E-02 (116,  9)   vdiff=  1.0490E-01 (120,  6)
n=  2380   udiff=  6.0010E-02 (116,  9)   vdiff=  1.0404E-01 (120,  6)
n=  2381   udiff=  5.9712E-02 (116,  9)   vdiff=  1.0319E-01 (120,  6)
n=  2382   udiff=  5.9416E-02 (116,  9)   vdiff=  1.0234E-01 (120,  6)
n=  2383   udiff=  5.9121E-02 (116,  9)   vdiff=  1.0150E-01 (120,  6)
n=  2384   udiff=  5.8828E-02 (116,  9)   vdiff=  1.0066E-01 (120,  6)
n=  2385   udiff=  5.8536E-02 (116,  9)   vdiff=  9.9833E-02 (120,  6)
n=  2386   udiff=  5.8246E-02 (116,  9)   vdiff=  9.9009E-02 (120,  6)
n=  2387   udiff=  5.7958E-02 (116,  9)   vdiff=  9.8192E-02 (120,  6)
n=  2388   udiff=  5.7671E-02 (116,  9)   vdiff=  9.7380E-02 (120,  6)
n=  2389   udiff=  5.7385E-02 (116,  9)   vdiff=  9.6574E-02 (120,  6)
n=  2390   udiff=  5.7101E-02 (116,  9)   vdiff=  9.5775E-02 (120,  6)
n=  2391   udiff=  5.6818E-02 (116,  9)   vdiff=  9.4981E-02 (120,  6)
n=  2392   udiff=  5.6537E-02 (116,  9)   vdiff=  9.4192E-02 (120,  6)
n=  2393   udiff=  5.6257E-02 (116,  9)   vdiff=  9.3409E-02 (120,  6)
n=  2394   udiff=  5.5978E-02 (116,  9)   vdiff=  9.2631E-02 (120,  6)
n=  2395   udiff=  5.5701E-02 (116,  9)   vdiff=  9.1859E-02 (120,  6)
n=  2396   udiff=  5.5426E-02 (116,  9)   vdiff=  9.1092E-02 (120,  6)
n=  2397   udiff=  5.5151E-02 (116,  9)   vdiff=  9.0331E-02 (120,  6)
n=  2398   udiff=  5.4879E-02 (116,  9)   vdiff=  8.9574E-02 (120,  6)
n=  2399   udiff=  5.4660E-02 ( 54, 23)   vdiff=  8.8824E-02 (120,  6)
n=  2400   udiff=  5.4526E-02 ( 54, 23)   vdiff=  8.8077E-02 (120,  6)
n=  2401   udiff=  5.4391E-02 ( 54, 23)   vdiff=  8.7337E-02 (120,  6)
n=  2402   udiff=  5.4257E-02 ( 54, 23)   vdiff=  8.6601E-02 (120,  6)
n=  2403   udiff=  5.4124E-02 ( 54, 23)   vdiff=  8.5870E-02 (120,  6)
n=  2404   udiff=  5.3990E-02 ( 54, 23)   vdiff=  8.5144E-02 (120,  6)
n=  2405   udiff=  5.3857E-02 ( 54, 23)   vdiff=  8.4422E-02 (120,  6)
n=  2406   udiff=  5.3724E-02 ( 54, 23)   vdiff=  8.3706E-02 (120,  6)
n=  2407   udiff=  5.3591E-02 ( 54, 23)   vdiff=  8.2994E-02 (120,  6)
n=  2408   udiff=  5.3459E-02 ( 54, 23)   vdiff=  8.2287E-02 (120,  6)
n=  2409   udiff=  5.3326E-02 ( 54, 23)   vdiff=  8.1585E-02 (120,  6)
n=  2410   udiff=  5.3194E-02 ( 54, 23)   vdiff=  8.0887E-02 (120,  6)
n=  2411   udiff=  5.3062E-02 ( 54, 23)   vdiff=  8.0194E-02 (120,  6)
n=  2412   udiff=  5.2931E-02 ( 54, 23)   vdiff=  7.9505E-02 (120,  6)
n=  2413   udiff=  5.2799E-02 ( 54, 23)   vdiff=  7.8821E-02 (120,  6)
n=  2414   udiff=  5.2668E-02 ( 54, 23)   vdiff=  7.8141E-02 (120,  6)
n=  2415   udiff=  5.2537E-02 ( 54, 23)   vdiff=  7.7465E-02 (120,  6)
n=  2416   udiff=  5.2407E-02 ( 54, 23)   vdiff=  7.6794E-02 (120,  6)
n=  2417   udiff=  5.2276E-02 ( 54, 23)   vdiff=  7.6127E-02 (120,  6)
n=  2418   udiff=  5.2146E-02 ( 54, 23)   vdiff=  7.5464E-02 (120,  6)
n=  2419   udiff=  5.2016E-02 ( 54, 23)   vdiff=  7.4805E-02 (120,  6)
n=  2420   udiff=  5.1887E-02 ( 54, 23)   vdiff=  7.4151E-02 (120,  6)
n=  2421   udiff=  5.1757E-02 ( 54, 23)   vdiff=  7.3500E-02 (120,  6)
n=  2422   udiff=  5.1628E-02 ( 54, 23)   vdiff=  7.2854E-02 (120,  6)
n=  2423   udiff=  5.1499E-02 ( 54, 23)   vdiff=  7.2211E-02 (120,  6)
n=  2424   udiff=  5.1370E-02 ( 54, 23)   vdiff=  7.1573E-02 (120,  6)
n=  2425   udiff=  5.1242E-02 ( 54, 23)   vdiff=  7.0938E-02 (120,  6)
n=  2426   udiff=  5.1114E-02 ( 54, 23)   vdiff=  7.0308E-02 (120,  6)
n=  2427   udiff=  5.0986E-02 ( 54, 23)   vdiff=  6.9681E-02 (120,  6)
n=  2428   udiff=  5.0858E-02 ( 54, 23)   vdiff=  6.9058E-02 (120,  6)
n=  2429   udiff=  5.0731E-02 ( 54, 23)   vdiff=  6.8439E-02 (120,  6)
n=  2430   udiff=  5.0603E-02 ( 54, 23)   vdiff=  6.7824E-02 (120,  6)
n=  2431   udiff=  5.0476E-02 ( 54, 23)   vdiff=  6.7213E-02 (120,  6)
n=  2432   udiff=  5.0349E-02 ( 54, 23)   vdiff=  6.6605E-02 (120,  6)
n=  2433   udiff=  5.0223E-02 ( 54, 23)   vdiff=  6.6001E-02 (120,  6)
n=  2434   udiff=  5.0097E-02 ( 54, 23)   vdiff=  6.5400E-02 (120,  6)
n=  2435   udiff=  4.9970E-02 ( 54, 23)   vdiff=  6.4803E-02 (120,  6)
n=  2436   udiff=  4.9845E-02 ( 54, 23)   vdiff=  6.4210E-02 (120,  6)
n=  2437   udiff=  4.9719E-02 ( 54, 23)   vdiff=  6.3620E-02 (120,  6)
n=  2438   udiff=  4.9594E-02 ( 54, 23)   vdiff=  6.3034E-02 (120,  6)
n=  2439   udiff=  4.9468E-02 ( 54, 23)   vdiff=  6.2452E-02 (120,  6)
n=  2440   udiff=  4.9343E-02 ( 54, 23)   vdiff=  6.1872E-02 (120,  6)
n=  2441   udiff=  4.9219E-02 ( 54, 23)   vdiff=  6.1297E-02 (120,  6)
n=  2442   udiff=  4.9094E-02 ( 54, 23)   vdiff=  6.0724E-02 (120,  6)
n=  2443   udiff=  4.8970E-02 ( 54, 23)   vdiff=  6.0156E-02 (120,  6)
n=  2444   udiff=  4.8846E-02 ( 54, 23)   vdiff=  5.9590E-02 (120,  6)
n=  2445   udiff=  4.8722E-02 ( 54, 23)   vdiff=  5.9029E-02 (120,  6)
n=  2446   udiff=  4.8599E-02 ( 54, 23)   vdiff=  5.8470E-02 (120,  6)
n=  2447   udiff=  4.8476E-02 ( 54, 23)   vdiff=  5.7915E-02 (120,  6)
n=  2448   udiff=  4.8352E-02 ( 54, 23)   vdiff=  5.7363E-02 (120,  6)
n=  2449   udiff=  4.8230E-02 ( 54, 23)   vdiff=  5.6814E-02 (120,  6)
n=  2450   udiff=  4.8107E-02 ( 54, 23)   vdiff=  5.6269E-02 (120,  6)
n=  2451   udiff=  4.7985E-02 ( 54, 23)   vdiff=  5.5727E-02 (120,  6)
n=  2452   udiff=  4.7863E-02 ( 54, 23)   vdiff=  5.5188E-02 (120,  6)
n=  2453   udiff=  4.7741E-02 ( 54, 23)   vdiff=  5.4653E-02 (120,  6)
n=  2454   udiff=  4.7619E-02 ( 54, 23)   vdiff=  5.4120E-02 (120,  6)
n=  2455   udiff=  4.7497E-02 ( 54, 23)   vdiff=  5.3591E-02 (120,  6)
n=  2456   udiff=  4.7376E-02 ( 54, 23)   vdiff=  5.3065E-02 (120,  6)
n=  2457   udiff=  4.7255E-02 ( 54, 23)   vdiff=  5.2542E-02 (120,  6)
n=  2458   udiff=  4.7135E-02 ( 54, 23)   vdiff=  5.2023E-02 (120,  6)
n=  2459   udiff=  4.7014E-02 ( 54, 23)   vdiff=  5.1506E-02 (120,  6)
n=  2460   udiff=  4.6894E-02 ( 54, 23)   vdiff=  5.0993E-02 (120,  6)
n=  2461   udiff=  4.6774E-02 ( 54, 23)   vdiff=  5.0482E-02 (120,  6)
n=  2462   udiff=  4.6654E-02 ( 54, 23)   vdiff=  4.9975E-02 (120,  6)
n=  2463   udiff=  4.6534E-02 ( 54, 23)   vdiff=  4.9583E-02 ( 59, 17)
n=  2464   udiff=  4.6415E-02 ( 54, 23)   vdiff=  4.9442E-02 ( 59, 17)
n=  2465   udiff=  4.6295E-02 ( 54, 23)   vdiff=  4.9307E-02 (120, 12)
n=  2466   udiff=  4.6183E-02 ( 55, 23)   vdiff=  4.9310E-02 (120, 12)
n=  2467   udiff=  4.6074E-02 ( 55, 23)   vdiff=  4.9312E-02 (120, 12)
n=  2468   udiff=  4.5966E-02 ( 55, 23)   vdiff=  4.9314E-02 (120, 12)
n=  2469   udiff=  4.5858E-02 ( 55, 23)   vdiff=  4.9316E-02 (120, 12)
n=  2470   udiff=  4.5751E-02 ( 55, 23)   vdiff=  4.9317E-02 (120, 12)
n=  2471   udiff=  4.5643E-02 ( 55, 23)   vdiff=  4.9317E-02 (120, 12)
n=  2472   udiff=  4.5535E-02 ( 55, 23)   vdiff=  4.9316E-02 (120, 12)
n=  2473   udiff=  4.5428E-02 ( 55, 23)   vdiff=  4.9315E-02 (120, 12)
n=  2474   udiff=  4.5321E-02 ( 55, 23)   vdiff=  4.9314E-02 (120, 12)
n=  2475   udiff=  4.5214E-02 ( 55, 23)   vdiff=  4.9312E-02 (120, 12)
n=  2476   udiff=  4.5107E-02 ( 55, 23)   vdiff=  4.9309E-02 (120, 12)
n=  2477   udiff=  4.5001E-02 ( 55, 23)   vdiff=  4.9306E-02 (120, 12)
n=  2478   udiff=  4.4895E-02 ( 55, 23)   vdiff=  4.9302E-02 (120, 12)
n=  2479   udiff=  4.4788E-02 ( 55, 23)   vdiff=  4.9298E-02 (120, 12)
n=  2480   udiff=  4.4682E-02 ( 55, 23)   vdiff=  4.9293E-02 (120, 12)
n=  2481   udiff=  4.4576E-02 ( 55, 23)   vdiff=  4.9288E-02 (120, 12)
n=  2482   udiff=  4.4471E-02 ( 55, 23)   vdiff=  4.9282E-02 (120, 12)
n=  2483   udiff=  4.4365E-02 ( 55, 23)   vdiff=  4.9275E-02 (120, 12)
n=  2484   udiff=  4.4260E-02 ( 55, 23)   vdiff=  4.9268E-02 (120, 12)
n=  2485   udiff=  4.4155E-02 ( 55, 23)   vdiff=  4.9260E-02 (120, 12)
n=  2486   udiff=  4.4050E-02 ( 55, 23)   vdiff=  4.9252E-02 (120, 12)
n=  2487   udiff=  4.3945E-02 ( 55, 23)   vdiff=  4.9243E-02 (120, 12)
n=  2488   udiff=  4.3840E-02 ( 55, 23)   vdiff=  4.9234E-02 (120, 12)
n=  2489   udiff=  4.3735E-02 ( 55, 23)   vdiff=  4.9224E-02 (120, 12)
n=  2490   udiff=  4.3631E-02 ( 55, 23)   vdiff=  4.9213E-02 (120, 12)
n=  2491   udiff=  4.3527E-02 ( 55, 23)   vdiff=  4.9202E-02 (120, 12)
n=  2492   udiff=  4.3423E-02 ( 55, 23)   vdiff=  4.9190E-02 (120, 12)
n=  2493   udiff=  4.3319E-02 ( 55, 23)   vdiff=  4.9178E-02 (120, 12)
n=  2494   udiff=  4.3215E-02 ( 55, 23)   vdiff=  4.9165E-02 (120, 12)
n=  2495   udiff=  4.3112E-02 ( 55, 23)   vdiff=  4.9151E-02 (120, 12)
n=  2496   udiff=  4.3009E-02 ( 55, 23)   vdiff=  4.9137E-02 (120, 12)
n=  2497   udiff=  4.2905E-02 ( 55, 23)   vdiff=  4.9123E-02 (120, 12)
n=  2498   udiff=  4.2802E-02 ( 55, 23)   vdiff=  4.9108E-02 (120, 12)
n=  2499   udiff=  4.2700E-02 ( 55, 23)   vdiff=  4.9092E-02 (120, 12)
n=  2500   udiff=  4.2597E-02 ( 55, 23)   vdiff=  4.9075E-02 (120, 12)
n=  2501   udiff=  4.2494E-02 ( 55, 23)   vdiff=  4.9059E-02 (120, 12)
n=  2502   udiff=  4.2392E-02 ( 55, 23)   vdiff=  4.9041E-02 (120, 12)
n=  2503   udiff=  4.2290E-02 ( 55, 23)   vdiff=  4.9023E-02 (120, 12)
n=  2504   udiff=  4.2188E-02 ( 55, 23)   vdiff=  4.9004E-02 (120, 12)
n=  2505   udiff=  4.2086E-02 ( 55, 23)   vdiff=  4.8985E-02 (120, 12)
n=  2506   udiff=  4.1984E-02 ( 55, 23)   vdiff=  4.8965E-02 (120, 12)
n=  2507   udiff=  4.1883E-02 ( 55, 23)   vdiff=  4.8945E-02 (120, 12)
n=  2508   udiff=  4.1782E-02 ( 55, 23)   vdiff=  4.8924E-02 (120, 12)
n=  2509   udiff=  4.1681E-02 ( 55, 23)   vdiff=  4.8902E-02 (120, 12)
n=  2510   udiff=  4.1579E-02 ( 55, 23)   vdiff=  4.8880E-02 (120, 12)
n=  2511   udiff=  4.1479E-02 ( 55, 23)   vdiff=  4.8857E-02 (120, 12)
n=  2512   udiff=  4.1378E-02 ( 55, 23)   vdiff=  4.8834E-02 (120, 12)
n=  2513   udiff=  4.1278E-02 ( 55, 23)   vdiff=  4.8810E-02 (120, 12)
n=  2514   udiff=  4.1177E-02 ( 55, 23)   vdiff=  4.8785E-02 (120, 12)
n=  2515   udiff=  4.1077E-02 ( 55, 23)   vdiff=  4.8760E-02 (120, 12)
n=  2516   udiff=  4.0977E-02 ( 55, 23)   vdiff=  4.8734E-02 (120, 12)
n=  2517   udiff=  4.0877E-02 ( 55, 23)   vdiff=  4.8708E-02 (120, 12)
n=  2518   udiff=  4.0778E-02 ( 55, 23)   vdiff=  4.8681E-02 (120, 12)
n=  2519   udiff=  4.0678E-02 ( 55, 23)   vdiff=  4.8654E-02 (120, 12)
n=  2520   udiff=  4.0579E-02 ( 55, 23)   vdiff=  4.8626E-02 (120, 12)
n=  2521   udiff=  4.0479E-02 ( 55, 23)   vdiff=  4.8597E-02 (120, 12)
n=  2522   udiff=  4.0380E-02 ( 55, 23)   vdiff=  4.8568E-02 (120, 12)
n=  2523   udiff=  4.0282E-02 ( 55, 23)   vdiff=  4.8539E-02 (120, 12)
n=  2524   udiff=  4.0183E-02 ( 55, 23)   vdiff=  4.8508E-02 (120, 12)
n=  2525   udiff=  4.0084E-02 ( 55, 23)   vdiff=  4.8477E-02 (120, 12)
n=  2526   udiff=  3.9986E-02 ( 55, 23)   vdiff=  4.8446E-02 (120, 12)
n=  2527   udiff=  3.9888E-02 ( 55, 23)   vdiff=  4.8414E-02 (120, 12)
n=  2528   udiff=  3.9790E-02 ( 55, 23)   vdiff=  4.8381E-02 (120, 12)
n=  2529   udiff=  3.9692E-02 ( 55, 23)   vdiff=  4.8348E-02 (120, 12)
n=  2530   udiff=  3.9594E-02 ( 55, 23)   vdiff=  4.8315E-02 (120, 12)
n=  2531   udiff=  3.9497E-02 ( 55, 23)   vdiff=  4.8280E-02 (120, 12)
n=  2532   udiff=  3.9399E-02 ( 55, 23)   vdiff=  4.8246E-02 (120, 12)
n=  2533   udiff=  3.9302E-02 ( 55, 23)   vdiff=  4.8210E-02 (120, 12)
n=  2534   udiff=  3.9205E-02 ( 55, 23)   vdiff=  4.8174E-02 (120, 12)
n=  2535   udiff=  3.9108E-02 ( 55, 23)   vdiff=  4.8138E-02 (120, 12)
n=  2536   udiff=  3.9011E-02 ( 55, 23)   vdiff=  4.8101E-02 (120, 12)
n=  2537   udiff=  3.8915E-02 ( 55, 23)   vdiff=  4.8063E-02 (120, 12)
n=  2538   udiff=  3.8818E-02 ( 55, 23)   vdiff=  4.8025E-02 (120, 12)
n=  2539   udiff=  3.8722E-02 ( 55, 23)   vdiff=  4.7986E-02 (120, 12)
n=  2540   udiff=  3.8626E-02 ( 55, 23)   vdiff=  4.7947E-02 (120, 12)
n=  2541   udiff=  3.8530E-02 ( 55, 23)   vdiff=  4.7907E-02 (120, 12)
n=  2542   udiff=  3.8434E-02 ( 55, 23)   vdiff=  4.7867E-02 (120, 12)
n=  2543   udiff=  3.8339E-02 ( 55, 23)   vdiff=  4.7826E-02 (120, 12)
n=  2544   udiff=  3.8243E-02 ( 55, 23)   vdiff=  4.7784E-02 (120, 12)
n=  2545   udiff=  3.8148E-02 ( 55, 23)   vdiff=  4.7742E-02 (120, 12)
n=  2546   udiff=  3.8053E-02 ( 55, 23)   vdiff=  4.7700E-02 (120, 12)
n=  2547   udiff=  3.7958E-02 ( 55, 23)   vdiff=  4.7657E-02 (120, 12)
n=  2548   udiff=  3.7863E-02 ( 55, 23)   vdiff=  4.7613E-02 (120, 12)
n=  2549   udiff=  3.7769E-02 ( 55, 23)   vdiff=  4.7569E-02 (120, 12)
n=  2550   udiff=  3.7674E-02 ( 55, 23)   vdiff=  4.7524E-02 (120, 12)
n=  2551   udiff=  3.7580E-02 ( 55, 23)   vdiff=  4.7479E-02 (120, 12)
n=  2552   udiff=  3.7486E-02 ( 55, 23)   vdiff=  4.7433E-02 (120, 12)
n=  2553   udiff=  3.7392E-02 ( 55, 23)   vdiff=  4.7387E-02 (120, 12)
n=  2554   udiff=  3.7298E-02 ( 55, 23)   vdiff=  4.7340E-02 (120, 12)
n=  2555   udiff=  3.7204E-02 ( 55, 23)   vdiff=  4.7293E-02 (120, 12)
n=  2556   udiff=  3.7111E-02 ( 55, 23)   vdiff=  4.7245E-02 (120, 12)
n=  2557   udiff=  3.7017E-02 ( 55, 23)   vdiff=  4.7197E-02 (120, 12)
n=  2558   udiff=  3.6924E-02 ( 55, 23)   vdiff=  4.7148E-02 (120, 12)
n=  2559   udiff=  3.6831E-02 ( 55, 23)   vdiff=  4.7098E-02 (120, 12)
n=  2560   udiff=  3.6738E-02 ( 55, 23)   vdiff=  4.7049E-02 (120, 12)
n=  2561   udiff=  3.6645E-02 ( 55, 23)   vdiff=  4.6998E-02 (120, 12)
n=  2562   udiff=  3.6553E-02 ( 55, 23)   vdiff=  4.6947E-02 (120, 12)
n=  2563   udiff=  3.6460E-02 ( 55, 23)   vdiff=  4.6896E-02 (120, 12)
n=  2564   udiff=  3.6368E-02 ( 55, 23)   vdiff=  4.6844E-02 (120, 12)
n=  2565   udiff=  3.6276E-02 ( 55, 23)   vdiff=  4.6792E-02 (120, 12)
n=  2566   udiff=  3.6184E-02 ( 55, 23)   vdiff=  4.6739E-02 (120, 12)
n=  2567   udiff=  3.6092E-02 ( 55, 23)   vdiff=  4.6685E-02 (120, 12)
n=  2568   udiff=  3.6001E-02 ( 55, 23)   vdiff=  4.6631E-02 (120, 12)
n=  2569   udiff=  3.5909E-02 ( 55, 23)   vdiff=  4.6577E-02 (120, 12)
n=  2570   udiff=  3.5818E-02 ( 55, 23)   vdiff=  4.6522E-02 (120, 12)
n=  2571   udiff=  3.5727E-02 ( 55, 23)   vdiff=  4.6467E-02 (120, 12)
n=  2572   udiff=  3.5636E-02 ( 55, 23)   vdiff=  4.6411E-02 (120, 12)
n=  2573   udiff=  3.5545E-02 ( 55, 23)   vdiff=  4.6354E-02 (120, 12)
n=  2574   udiff=  3.5454E-02 ( 55, 23)   vdiff=  4.6298E-02 (120, 12)
n=  2575   udiff=  3.5363E-02 ( 55, 23)   vdiff=  4.6240E-02 (120, 12)
n=  2576   udiff=  3.5273E-02 ( 55, 23)   vdiff=  4.6182E-02 (120, 12)
n=  2577   udiff=  3.5183E-02 ( 55, 23)   vdiff=  4.6124E-02 (120, 12)
n=  2578   udiff=  3.5093E-02 ( 55, 23)   vdiff=  4.6065E-02 (120, 12)
n=  2579   udiff=  3.5003E-02 ( 55, 23)   vdiff=  4.6006E-02 (120, 12)
n=  2580   udiff=  3.4913E-02 ( 55, 23)   vdiff=  4.5947E-02 (120, 12)
n=  2581   udiff=  3.4823E-02 ( 55, 23)   vdiff=  4.5887E-02 (120, 12)
n=  2582   udiff=  3.4734E-02 ( 55, 23)   vdiff=  4.5826E-02 (120, 12)
n=  2583   udiff=  3.4645E-02 ( 55, 23)   vdiff=  4.5765E-02 (120, 12)
n=  2584   udiff=  3.4555E-02 ( 55, 23)   vdiff=  4.5704E-02 (120, 12)
n=  2585   udiff=  3.4466E-02 ( 55, 23)   vdiff=  4.5642E-02 (120, 12)
n=  2586   udiff=  3.4377E-02 ( 55, 23)   vdiff=  4.5579E-02 (120, 12)
n=  2587   udiff=  3.4289E-02 ( 55, 23)   vdiff=  4.5517E-02 (120, 12)
n=  2588   udiff=  3.4200E-02 ( 55, 23)   vdiff=  4.5453E-02 (120, 12)
n=  2589   udiff=  3.4112E-02 ( 55, 23)   vdiff=  4.5390E-02 (120, 12)
n=  2590   udiff=  3.4024E-02 ( 55, 23)   vdiff=  4.5326E-02 (120, 12)
n=  2591   udiff=  3.3935E-02 ( 55, 23)   vdiff=  4.5261E-02 (120, 12)
n=  2592   udiff=  3.3847E-02 ( 55, 23)   vdiff=  4.5196E-02 (120, 12)
n=  2593   udiff=  3.3760E-02 ( 55, 23)   vdiff=  4.5131E-02 (120, 12)
n=  2594   udiff=  3.3672E-02 ( 55, 23)   vdiff=  4.5065E-02 (120, 12)
n=  2595   udiff=  3.3585E-02 ( 55, 23)   vdiff=  4.4999E-02 (120, 12)
n=  2596   udiff=  3.3497E-02 ( 55, 23)   vdiff=  4.4932E-02 (120, 12)
n=  2597   udiff=  3.3410E-02 ( 55, 23)   vdiff=  4.4865E-02 (120, 12)
n=  2598   udiff=  3.3350E-02 (110, 13)   vdiff=  4.4798E-02 (120, 12)
n=  2599   udiff=  3.3295E-02 (110, 13)   vdiff=  4.4730E-02 (120, 12)
n=  2600   udiff=  3.3241E-02 (110, 13)   vdiff=  4.4662E-02 (120, 12)
n=  2601   udiff=  3.3186E-02 (110, 13)   vdiff=  4.4594E-02 (120, 12)
n=  2602   udiff=  3.3131E-02 (110, 13)   vdiff=  4.4525E-02 (120, 12)
n=  2603   udiff=  3.3077E-02 (110, 13)   vdiff=  4.4455E-02 (120, 12)
n=  2604   udiff=  3.3022E-02 (110, 13)   vdiff=  4.4386E-02 (120, 12)
n=  2605   udiff=  3.2967E-02 (110, 13)   vdiff=  4.4319E-02 (120, 11)
n=  2606   udiff=  3.2912E-02 (110, 13)   vdiff=  4.4286E-02 (120, 11)
n=  2607   udiff=  3.2857E-02 (110, 13)   vdiff=  4.4254E-02 (120, 11)
n=  2608   udiff=  3.2802E-02 (110, 13)   vdiff=  4.4220E-02 (120, 11)
n=  2609   udiff=  3.2747E-02 (110, 13)   vdiff=  4.4186E-02 (120, 11)
n=  2610   udiff=  3.2692E-02 (110, 13)   vdiff=  4.4152E-02 (120, 11)
n=  2611   udiff=  3.2637E-02 (110, 13)   vdiff=  4.4117E-02 (120, 11)
n=  2612   udiff=  3.2581E-02 (110, 13)   vdiff=  4.4081E-02 (120, 11)
n=  2613   udiff=  3.2526E-02 (110, 13)   vdiff=  4.4045E-02 (120, 11)
n=  2614   udiff=  3.2471E-02 (110, 13)   vdiff=  4.4008E-02 (120, 11)
n=  2615   udiff=  3.2416E-02 (110, 13)   vdiff=  4.3971E-02 (120, 11)
n=  2616   udiff=  3.2360E-02 (110, 13)   vdiff=  4.3933E-02 (120, 11)
n=  2617   udiff=  3.2305E-02 (110, 13)   vdiff=  4.3895E-02 (120, 11)
n=  2618   udiff=  3.2249E-02 (110, 13)   vdiff=  4.3856E-02 (120, 11)
n=  2619   udiff=  3.2194E-02 (110, 13)   vdiff=  4.3817E-02 (120, 11)
n=  2620   udiff=  3.2139E-02 (110, 13)   vdiff=  4.3777E-02 (120, 11)
n=  2621   udiff=  3.2083E-02 (110, 13)   vdiff=  4.3737E-02 (120, 11)
n=  2622   udiff=  3.2028E-02 (110, 13)   vdiff=  4.3696E-02 (120, 11)
n=  2623   udiff=  3.1972E-02 (110, 13)   vdiff=  4.3655E-02 (120, 11)
n=  2624   udiff=  3.1917E-02 (110, 13)   vdiff=  4.3613E-02 (120, 11)
n=  2625   udiff=  3.1861E-02 (110, 13)   vdiff=  4.3570E-02 (120, 11)
n=  2626   udiff=  3.1806E-02 (110, 13)   vdiff=  4.3527E-02 (120, 11)
n=  2627   udiff=  3.1750E-02 (110, 13)   vdiff=  4.3484E-02 (120, 11)
n=  2628   udiff=  3.1695E-02 (110, 13)   vdiff=  4.3440E-02 (120, 11)
n=  2629   udiff=  3.1639E-02 (110, 13)   vdiff=  4.3396E-02 (120, 11)
n=  2630   udiff=  3.1584E-02 (110, 13)   vdiff=  4.3351E-02 (120, 11)
n=  2631   udiff=  3.1528E-02 (110, 13)   vdiff=  4.3306E-02 (120, 11)
n=  2632   udiff=  3.1473E-02 (110, 13)   vdiff=  4.3260E-02 (120, 11)
n=  2633   udiff=  3.1417E-02 (110, 13)   vdiff=  4.3214E-02 (120, 11)
n=  2634   udiff=  3.1362E-02 (110, 13)   vdiff=  4.3167E-02 (120, 11)
n=  2635   udiff=  3.1306E-02 (110, 13)   vdiff=  4.3120E-02 (120, 11)
n=  2636   udiff=  3.1251E-02 (110, 13)   vdiff=  4.3073E-02 (120, 11)
n=  2637   udiff=  3.1195E-02 (110, 13)   vdiff=  4.3025E-02 (120, 11)
n=  2638   udiff=  3.1140E-02 (110, 13)   vdiff=  4.2976E-02 (120, 11)
n=  2639   udiff=  3.1084E-02 (110, 13)   vdiff=  4.2927E-02 (120, 11)
n=  2640   udiff=  3.1029E-02 (110, 13)   vdiff=  4.2878E-02 (120, 11)
n=  2641   udiff=  3.0974E-02 (110, 13)   vdiff=  4.2828E-02 (120, 11)
n=  2642   udiff=  3.0918E-02 (110, 13)   vdiff=  4.2778E-02 (120, 11)
n=  2643   udiff=  3.0863E-02 (110, 13)   vdiff=  4.2727E-02 (120, 11)
n=  2644   udiff=  3.0807E-02 (110, 13)   vdiff=  4.2676E-02 (120, 11)
n=  2645   udiff=  3.0752E-02 (110, 13)   vdiff=  4.2625E-02 (120, 11)
n=  2646   udiff=  3.0697E-02 (110, 13)   vdiff=  4.2573E-02 (120, 11)
n=  2647   udiff=  3.0642E-02 (110, 13)   vdiff=  4.2521E-02 (120, 11)
n=  2648   udiff=  3.0586E-02 (110, 13)   vdiff=  4.2468E-02 (120, 11)
n=  2649   udiff=  3.0531E-02 (110, 13)   vdiff=  4.2415E-02 (120, 11)
n=  2650   udiff=  3.0476E-02 (110, 13)   vdiff=  4.2362E-02 (120, 11)
n=  2651   udiff=  3.0421E-02 (110, 13)   vdiff=  4.2308E-02 (120, 11)
n=  2652   udiff=  3.0366E-02 (110, 13)   vdiff=  4.2253E-02 (120, 11)
n=  2653   udiff=  3.0311E-02 (110, 13)   vdiff=  4.2199E-02 (120, 11)
n=  2654   udiff=  3.0255E-02 (110, 13)   vdiff=  4.2144E-02 (120, 11)
n=  2655   udiff=  3.0200E-02 (110, 13)   vdiff=  4.2089E-02 (120, 11)
n=  2656   udiff=  3.0145E-02 (110, 13)   vdiff=  4.2033E-02 (120, 11)
n=  2657   udiff=  3.0091E-02 (110, 13)   vdiff=  4.1977E-02 (120, 11)
n=  2658   udiff=  3.0036E-02 (110, 13)   vdiff=  4.1920E-02 (120, 11)
n=  2659   udiff=  2.9981E-02 (110, 13)   vdiff=  4.1863E-02 (120, 11)
n=  2660   udiff=  2.9926E-02 (110, 13)   vdiff=  4.1806E-02 (120, 11)
n=  2661   udiff=  2.9871E-02 (110, 13)   vdiff=  4.1749E-02 (120, 11)
n=  2662   udiff=  2.9817E-02 (110, 13)   vdiff=  4.1691E-02 (120, 11)
n=  2663   udiff=  2.9762E-02 (110, 13)   vdiff=  4.1633E-02 (120, 11)
n=  2664   udiff=  2.9707E-02 (110, 13)   vdiff=  4.1574E-02 (120, 11)
n=  2665   udiff=  2.9653E-02 (110, 13)   vdiff=  4.1516E-02 (120, 11)
n=  2666   udiff=  2.9598E-02 (110, 13)   vdiff=  4.1456E-02 (120, 11)
n=  2667   udiff=  2.9544E-02 (110, 13)   vdiff=  4.1397E-02 (120, 11)
n=  2668   udiff=  2.9489E-02 (110, 13)   vdiff=  4.1337E-02 (120, 11)
n=  2669   udiff=  2.9435E-02 (110, 13)   vdiff=  4.1277E-02 (120, 11)
n=  2670   udiff=  2.9381E-02 (110, 13)   vdiff=  4.1216E-02 (120, 11)
n=  2671   udiff=  2.9326E-02 (110, 13)   vdiff=  4.1156E-02 (120, 11)
n=  2672   udiff=  2.9272E-02 (110, 13)   vdiff=  4.1095E-02 (120, 11)
n=  2673   udiff=  2.9218E-02 (110, 13)   vdiff=  4.1034E-02 (120, 11)
n=  2674   udiff=  2.9164E-02 (110, 13)   vdiff=  4.0972E-02 (120, 11)
n=  2675   udiff=  2.9110E-02 (110, 13)   vdiff=  4.0910E-02 (120, 11)
n=  2676   udiff=  2.9056E-02 (110, 13)   vdiff=  4.0848E-02 (120, 11)
n=  2677   udiff=  2.9002E-02 (110, 13)   vdiff=  4.0785E-02 (120, 11)
n=  2678   udiff=  2.8948E-02 (110, 13)   vdiff=  4.0723E-02 (120, 11)
n=  2679   udiff=  2.8894E-02 (110, 13)   vdiff=  4.0660E-02 (120, 11)
n=  2680   udiff=  2.8841E-02 (110, 13)   vdiff=  4.0596E-02 (120, 11)
n=  2681   udiff=  2.8788E-02 (109, 13)   vdiff=  4.0533E-02 (120, 11)
n=  2682   udiff=  2.8735E-02 (109, 13)   vdiff=  4.0469E-02 (120, 11)
n=  2683   udiff=  2.8682E-02 (109, 13)   vdiff=  4.0405E-02 (120, 11)
n=  2684   udiff=  2.8630E-02 (109, 13)   vdiff=  4.0341E-02 (120, 11)
n=  2685   udiff=  2.8577E-02 (109, 13)   vdiff=  4.0276E-02 (120, 11)
n=  2686   udiff=  2.8525E-02 (109, 13)   vdiff=  4.0211E-02 (120, 11)
n=  2687   udiff=  2.8472E-02 (109, 13)   vdiff=  4.0147E-02 (120, 11)
n=  2688   udiff=  2.8420E-02 (109, 13)   vdiff=  4.0081E-02 (120, 11)
n=  2689   udiff=  2.8368E-02 (109, 13)   vdiff=  4.0016E-02 (120, 11)
n=  2690   udiff=  2.8315E-02 (109, 13)   vdiff=  3.9950E-02 (120, 11)
n=  2691   udiff=  2.8263E-02 (109, 13)   vdiff=  3.9884E-02 (120, 11)
n=  2692   udiff=  2.8211E-02 (109, 13)   vdiff=  3.9818E-02 (120, 11)
n=  2693   udiff=  2.8160E-02 (109, 13)   vdiff=  3.9752E-02 (120, 11)
n=  2694   udiff=  2.8108E-02 (109, 13)   vdiff=  3.9685E-02 (120, 11)
n=  2695   udiff=  2.8056E-02 (109, 13)   vdiff=  3.9619E-02 (120, 11)
n=  2696   udiff=  2.8004E-02 (109, 13)   vdiff=  3.9552E-02 (120, 11)
n=  2697   udiff=  2.7953E-02 (109, 13)   vdiff=  3.9485E-02 (120, 11)
n=  2698   udiff=  2.7901E-02 (109, 13)   vdiff=  3.9417E-02 (120, 11)
n=  2699   udiff=  2.7850E-02 (109, 13)   vdiff=  3.9350E-02 (120, 11)
n=  2700   udiff=  2.7799E-02 (109, 13)   vdiff=  3.9282E-02 (120, 11)
n=  2701   udiff=  2.7747E-02 (109, 13)   vdiff=  3.9214E-02 (120, 11)
n=  2702   udiff=  2.7696E-02 (109, 13)   vdiff=  3.9146E-02 (120, 11)
n=  2703   udiff=  2.7645E-02 (109, 13)   vdiff=  3.9078E-02 (120, 11)
n=  2704   udiff=  2.7594E-02 (109, 13)   vdiff=  3.9010E-02 (120, 11)
n=  2705   udiff=  2.7543E-02 (109, 13)   vdiff=  3.8941E-02 (120, 11)
n=  2706   udiff=  2.7492E-02 (109, 13)   vdiff=  3.8872E-02 (120, 11)
n=  2707   udiff=  2.7442E-02 (109, 13)   vdiff=  3.8803E-02 (120, 11)
n=  2708   udiff=  2.7391E-02 (109, 13)   vdiff=  3.8734E-02 (120, 11)
n=  2709   udiff=  2.7340E-02 (109, 13)   vdiff=  3.8665E-02 (120, 11)
n=  2710   udiff=  2.7290E-02 (109, 13)   vdiff=  3.8596E-02 (120, 11)
n=  2711   udiff=  2.7239E-02 (109, 13)   vdiff=  3.8527E-02 (120, 11)
n=  2712   udiff=  2.7189E-02 (109, 13)   vdiff=  3.8457E-02 (120, 11)
n=  2713   udiff=  2.7139E-02 (109, 13)   vdiff=  3.8387E-02 (120, 11)
n=  2714   udiff=  2.7089E-02 (109, 13)   vdiff=  3.8317E-02 (120, 11)
n=  2715   udiff=  2.7039E-02 (109, 13)   vdiff=  3.8247E-02 (120, 11)
n=  2716   udiff=  2.6989E-02 (109, 13)   vdiff=  3.8177E-02 (120, 11)
n=  2717   udiff=  2.6939E-02 (109, 13)   vdiff=  3.8107E-02 (120, 11)
n=  2718   udiff=  2.6889E-02 (109, 13)   vdiff=  3.8037E-02 (120, 11)
n=  2719   udiff=  2.6839E-02 (109, 13)   vdiff=  3.7966E-02 (120, 11)
n=  2720   udiff=  2.6790E-02 (109, 13)   vdiff=  3.7896E-02 (120, 11)
n=  2721   udiff=  2.6740E-02 (109, 13)   vdiff=  3.7825E-02 (120, 11)
n=  2722   udiff=  2.6691E-02 (109, 13)   vdiff=  3.7754E-02 (120, 11)
n=  2723   udiff=  2.6641E-02 (109, 13)   vdiff=  3.7683E-02 (120, 11)
n=  2724   udiff=  2.6592E-02 (109, 13)   vdiff=  3.7612E-02 (120, 11)
n=  2725   udiff=  2.6543E-02 (109, 13)   vdiff=  3.7541E-02 (120, 11)
n=  2726   udiff=  2.6494E-02 (109, 13)   vdiff=  3.7470E-02 (120, 11)
n=  2727   udiff=  2.6445E-02 (109, 13)   vdiff=  3.7399E-02 (120, 11)
n=  2728   udiff=  2.6396E-02 (109, 13)   vdiff=  3.7328E-02 (120, 11)
n=  2729   udiff=  2.6347E-02 (109, 13)   vdiff=  3.7256E-02 (120, 11)
n=  2730   udiff=  2.6298E-02 (109, 13)   vdiff=  3.7185E-02 (120, 11)
n=  2731   udiff=  2.6250E-02 (109, 13)   vdiff=  3.7113E-02 (120, 11)
n=  2732   udiff=  2.6202E-02 (108, 13)   vdiff=  3.7042E-02 (120, 11)
n=  2733   udiff=  2.6154E-02 (108, 13)   vdiff=  3.6970E-02 (120, 11)
n=  2734   udiff=  2.6107E-02 (108, 13)   vdiff=  3.6898E-02 (120, 11)
n=  2735   udiff=  2.6059E-02 (108, 13)   vdiff=  3.6826E-02 (120, 11)
n=  2736   udiff=  2.6012E-02 (108, 13)   vdiff=  3.6754E-02 (120, 11)
n=  2737   udiff=  2.5965E-02 (108, 13)   vdiff=  3.6683E-02 (120, 11)
n=  2738   udiff=  2.5918E-02 (108, 13)   vdiff=  3.6610E-02 (120, 11)
n=  2739   udiff=  2.5871E-02 (108, 13)   vdiff=  3.6538E-02 (120, 11)
n=  2740   udiff=  2.5824E-02 (108, 13)   vdiff=  3.6466E-02 (120, 11)
n=  2741   udiff=  2.5777E-02 (108, 13)   vdiff=  3.6394E-02 (120, 11)
n=  2742   udiff=  2.5731E-02 (108, 13)   vdiff=  3.6322E-02 (120, 11)
n=  2743   udiff=  2.5684E-02 (108, 13)   vdiff=  3.6250E-02 (120, 11)
n=  2744   udiff=  2.5637E-02 (108, 13)   vdiff=  3.6178E-02 (120, 11)
n=  2745   udiff=  2.5591E-02 (108, 13)   vdiff=  3.6105E-02 (120, 11)
n=  2746   udiff=  2.5544E-02 (108, 13)   vdiff=  3.6033E-02 (120, 11)
n=  2747   udiff=  2.5498E-02 (108, 13)   vdiff=  3.5961E-02 (120, 11)
n=  2748   udiff=  2.5452E-02 (108, 13)   vdiff=  3.5889E-02 (120, 11)
n=  2749   udiff=  2.5406E-02 (108, 13)   vdiff=  3.5816E-02 (120, 11)
n=  2750   udiff=  2.5360E-02 (108, 13)   vdiff=  3.5744E-02 (120, 11)
n=  2751   udiff=  2.5314E-02 (108, 13)   vdiff=  3.5672E-02 (120, 11)
n=  2752   udiff=  2.5268E-02 (108, 13)   vdiff=  3.5599E-02 (120, 11)
n=  2753   udiff=  2.5222E-02 (108, 13)   vdiff=  3.5527E-02 (120, 11)
n=  2754   udiff=  2.5177E-02 (108, 13)   vdiff=  3.5455E-02 (120, 11)
n=  2755   udiff=  2.5131E-02 (108, 13)   vdiff=  3.5382E-02 (120, 11)
n=  2756   udiff=  2.5086E-02 (108, 13)   vdiff=  3.5310E-02 (120, 11)
n=  2757   udiff=  2.5040E-02 (108, 13)   vdiff=  3.5238E-02 (120, 11)
n=  2758   udiff=  2.4995E-02 (108, 13)   vdiff=  3.5165E-02 (120, 11)
n=  2759   udiff=  2.4950E-02 (108, 13)   vdiff=  3.5093E-02 (120, 11)
n=  2760   udiff=  2.4904E-02 (108, 13)   vdiff=  3.5020E-02 (120, 11)
n=  2761   udiff=  2.4859E-02 (108, 13)   vdiff=  3.4948E-02 (120, 11)
n=  2762   udiff=  2.4814E-02 (108, 13)   vdiff=  3.4876E-02 (120, 11)
n=  2763   udiff=  2.4770E-02 (108, 13)   vdiff=  3.4803E-02 (120, 11)
n=  2764   udiff=  2.4725E-02 (108, 13)   vdiff=  3.4731E-02 (120, 11)
n=  2765   udiff=  2.4680E-02 (108, 13)   vdiff=  3.4659E-02 (120, 11)
n=  2766   udiff=  2.4635E-02 (108, 13)   vdiff=  3.4587E-02 (120, 11)
n=  2767   udiff=  2.4591E-02 (108, 13)   vdiff=  3.4515E-02 (120, 11)
n=  2768   udiff=  2.4546E-02 (108, 13)   vdiff=  3.4442E-02 (120, 11)
n=  2769   udiff=  2.4502E-02 (108, 13)   vdiff=  3.4370E-02 (120, 11)
n=  2770   udiff=  2.4458E-02 (108, 13)   vdiff=  3.4298E-02 (120, 11)
n=  2771   udiff=  2.4413E-02 (108, 13)   vdiff=  3.4226E-02 (120, 11)
n=  2772   udiff=  2.4369E-02 (108, 13)   vdiff=  3.4154E-02 (120, 11)
n=  2773   udiff=  2.4325E-02 (108, 13)   vdiff=  3.4082E-02 (120, 11)
n=  2774   udiff=  2.4281E-02 (108, 13)   vdiff=  3.4010E-02 (120, 11)
n=  2775   udiff=  2.4238E-02 (108, 13)   vdiff=  3.3938E-02 (120, 11)
n=  2776   udiff=  2.4194E-02 (107, 13)   vdiff=  3.3866E-02 (120, 11)
n=  2777   udiff=  2.4151E-02 (107, 13)   vdiff=  3.3794E-02 (120, 11)
n=  2778   udiff=  2.4108E-02 (107, 13)   vdiff=  3.3723E-02 (120, 11)
n=  2779   udiff=  2.4065E-02 (107, 13)   vdiff=  3.3651E-02 (120, 11)
n=  2780   udiff=  2.4022E-02 (107, 13)   vdiff=  3.3579E-02 (120, 11)
n=  2781   udiff=  2.3980E-02 (107, 13)   vdiff=  3.3508E-02 (120, 11)
n=  2782   udiff=  2.3937E-02 (107, 13)   vdiff=  3.3436E-02 (120, 11)
n=  2783   udiff=  2.3895E-02 (107, 13)   vdiff=  3.3365E-02 (120, 11)
n=  2784   udiff=  2.3852E-02 (107, 13)   vdiff=  3.3294E-02 (120, 11)
n=  2785   udiff=  2.3810E-02 (107, 13)   vdiff=  3.3222E-02 (120, 11)
n=  2786   udiff=  2.3768E-02 (107, 13)   vdiff=  3.3151E-02 (120, 11)
n=  2787   udiff=  2.3725E-02 (107, 13)   vdiff=  3.3080E-02 (120, 11)
n=  2788   udiff=  2.3683E-02 (107, 13)   vdiff=  3.3009E-02 (120, 11)
n=  2789   udiff=  2.3641E-02 (107, 13)   vdiff=  3.2937E-02 (120, 11)
n=  2790   udiff=  2.3599E-02 (107, 13)   vdiff=  3.2867E-02 (120, 11)
n=  2791   udiff=  2.3557E-02 (107, 13)   vdiff=  3.2796E-02 (120, 11)
n=  2792   udiff=  2.3515E-02 (107, 13)   vdiff=  3.2725E-02 (120, 11)
n=  2793   udiff=  2.3474E-02 (107, 13)   vdiff=  3.2654E-02 (120, 11)
n=  2794   udiff=  2.3432E-02 (107, 13)   vdiff=  3.2584E-02 (120, 11)
n=  2795   udiff=  2.3390E-02 (107, 13)   vdiff=  3.2513E-02 (120, 11)
n=  2796   udiff=  2.3349E-02 (107, 13)   vdiff=  3.2442E-02 (120, 11)
n=  2797   udiff=  2.3308E-02 (107, 13)   vdiff=  3.2372E-02 (120, 11)
n=  2798   udiff=  2.3266E-02 (107, 13)   vdiff=  3.2302E-02 (120, 11)
n=  2799   udiff=  2.3225E-02 (107, 13)   vdiff=  3.2232E-02 (120, 11)
n=  2800   udiff=  2.3184E-02 (107, 13)   vdiff=  3.2161E-02 (120, 11)
n=  2801   udiff=  2.3143E-02 (107, 13)   vdiff=  3.2091E-02 (120, 11)
n=  2802   udiff=  2.3102E-02 (107, 13)   vdiff=  3.2021E-02 (120, 11)
n=  2803   udiff=  2.3061E-02 (107, 13)   vdiff=  3.1952E-02 (120, 11)
n=  2804   udiff=  2.3020E-02 (107, 13)   vdiff=  3.1882E-02 (120, 11)
n=  2805   udiff=  2.2979E-02 (107, 13)   vdiff=  3.1812E-02 (120, 11)
n=  2806   udiff=  2.2938E-02 (107, 13)   vdiff=  3.1743E-02 (120, 11)
n=  2807   udiff=  2.2897E-02 (107, 13)   vdiff=  3.1673E-02 (120, 11)
n=  2808   udiff=  2.2857E-02 (107, 13)   vdiff=  3.1604E-02 (120, 11)
n=  2809   udiff=  2.2816E-02 (107, 13)   vdiff=  3.1535E-02 (120, 11)
n=  2810   udiff=  2.2776E-02 (107, 13)   vdiff=  3.1465E-02 (120, 11)
n=  2811   udiff=  2.2736E-02 (107, 13)   vdiff=  3.1397E-02 (120, 11)
n=  2812   udiff=  2.2695E-02 (107, 13)   vdiff=  3.1328E-02 (120, 11)
n=  2813   udiff=  2.2655E-02 (107, 13)   vdiff=  3.1259E-02 (120, 11)
n=  2814   udiff=  2.2615E-02 (107, 13)   vdiff=  3.1190E-02 (120, 11)
n=  2815   udiff=  2.2575E-02 (107, 13)   vdiff=  3.1121E-02 (120, 11)
n=  2816   udiff=  2.2535E-02 (107, 13)   vdiff=  3.1053E-02 (120, 11)
n=  2817   udiff=  2.2495E-02 (107, 13)   vdiff=  3.0985E-02 (120, 11)
n=  2818   udiff=  2.2455E-02 (107, 13)   vdiff=  3.0916E-02 (120, 11)
n=  2819   udiff=  2.2415E-02 (107, 13)   vdiff=  3.0848E-02 (120, 11)
n=  2820   udiff=  2.2376E-02 (107, 13)   vdiff=  3.0780E-02 (120, 11)
n=  2821   udiff=  2.2336E-02 (107, 13)   vdiff=  3.0712E-02 (120, 11)
n=  2822   udiff=  2.2297E-02 (107, 13)   vdiff=  3.0645E-02 (120, 11)
n=  2823   udiff=  2.2257E-02 (107, 13)   vdiff=  3.0577E-02 (120, 11)
n=  2824   udiff=  2.2218E-02 (107, 13)   vdiff=  3.0509E-02 (120, 11)
n=  2825   udiff=  2.2178E-02 (107, 13)   vdiff=  3.0442E-02 (120, 11)
n=  2826   udiff=  2.2139E-02 (107, 13)   vdiff=  3.0375E-02 (120, 11)
n=  2827   udiff=  2.2100E-02 (107, 13)   vdiff=  3.0308E-02 (120, 11)
n=  2828   udiff=  2.2061E-02 (107, 13)   vdiff=  3.0241E-02 (120, 11)
n=  2829   udiff=  2.2022E-02 (107, 13)   vdiff=  3.0174E-02 (120, 11)
n=  2830   udiff=  2.1983E-02 (107, 13)   vdiff=  3.0107E-02 (120, 11)
n=  2831   udiff=  2.1944E-02 (107, 13)   vdiff=  3.0040E-02 (120, 11)
n=  2832   udiff=  2.1905E-02 (107, 13)   vdiff=  2.9974E-02 (120, 11)
n=  2833   udiff=  2.1866E-02 (107, 13)   vdiff=  2.9907E-02 (120, 11)
n=  2834   udiff=  2.1828E-02 (107, 13)   vdiff=  2.9841E-02 (120, 11)
n=  2835   udiff=  2.1789E-02 (107, 13)   vdiff=  2.9775E-02 (120, 11)
n=  2836   udiff=  2.1750E-02 (107, 13)   vdiff=  2.9709E-02 (120, 11)
n=  2837   udiff=  2.1712E-02 (107, 13)   vdiff=  2.9643E-02 (120, 11)
n=  2838   udiff=  2.1674E-02 (107, 13)   vdiff=  2.9578E-02 (120, 11)
n=  2839   udiff=  2.1635E-02 (107, 13)   vdiff=  2.9512E-02 (120, 11)
n=  2840   udiff=  2.1597E-02 (107, 13)   vdiff=  2.9454E-02 (120, 10)
n=  2841   udiff=  2.1559E-02 (106, 13)   vdiff=  2.9409E-02 (120, 10)
n=  2842   udiff=  2.1521E-02 (106, 13)   vdiff=  2.9364E-02 (120, 10)
n=  2843   udiff=  2.1484E-02 (106, 13)   vdiff=  2.9319E-02 (120, 10)
n=  2844   udiff=  2.1446E-02 (106, 13)   vdiff=  2.9274E-02 (120, 10)
n=  2845   udiff=  2.1408E-02 (106, 13)   vdiff=  2.9228E-02 (120, 10)
n=  2846   udiff=  2.1371E-02 (106, 13)   vdiff=  2.9183E-02 (120, 10)
n=  2847   udiff=  2.1333E-02 (106, 13)   vdiff=  2.9138E-02 (120, 10)
n=  2848   udiff=  2.1296E-02 (106, 13)   vdiff=  2.9093E-02 (120, 10)
n=  2849   udiff=  2.1259E-02 (106, 13)   vdiff=  2.9048E-02 (120, 10)
n=  2850   udiff=  2.1221E-02 (106, 13)   vdiff=  2.9003E-02 (120, 10)
n=  2851   udiff=  2.1184E-02 (106, 13)   vdiff=  2.8958E-02 (120, 10)
n=  2852   udiff=  2.1147E-02 (106, 13)   vdiff=  2.8912E-02 (120, 10)
n=  2853   udiff=  2.1110E-02 (106, 13)   vdiff=  2.8867E-02 (120, 10)
n=  2854   udiff=  2.1073E-02 (106, 13)   vdiff=  2.8822E-02 (120, 10)
n=  2855   udiff=  2.1036E-02 (106, 13)   vdiff=  2.8777E-02 (120, 10)
n=  2856   udiff=  2.0999E-02 (106, 13)   vdiff=  2.8732E-02 (120, 10)
n=  2857   udiff=  2.0962E-02 (106, 13)   vdiff=  2.8687E-02 (120, 10)
n=  2858   udiff=  2.0926E-02 (106, 13)   vdiff=  2.8642E-02 (120, 10)
n=  2859   udiff=  2.0889E-02 (106, 13)   vdiff=  2.8597E-02 (120, 10)
n=  2860   udiff=  2.0852E-02 (106, 13)   vdiff=  2.8552E-02 (120, 10)
n=  2861   udiff=  2.0816E-02 (106, 13)   vdiff=  2.8508E-02 (120, 10)
n=  2862   udiff=  2.0779E-02 (106, 13)   vdiff=  2.8463E-02 (120, 10)
n=  2863   udiff=  2.0743E-02 (106, 13)   vdiff=  2.8418E-02 (120, 10)
n=  2864   udiff=  2.0707E-02 (106, 13)   vdiff=  2.8373E-02 (120, 10)
n=  2865   udiff=  2.0670E-02 (106, 13)   vdiff=  2.8328E-02 (120, 10)
n=  2866   udiff=  2.0634E-02 (106, 13)   vdiff=  2.8283E-02 (120, 10)
n=  2867   udiff=  2.0598E-02 (106, 13)   vdiff=  2.8239E-02 (120, 10)
n=  2868   udiff=  2.0562E-02 (106, 13)   vdiff=  2.8194E-02 (120, 10)
n=  2869   udiff=  2.0526E-02 (106, 13)   vdiff=  2.8150E-02 (120, 10)
n=  2870   udiff=  2.0490E-02 (106, 13)   vdiff=  2.8105E-02 (120, 10)
n=  2871   udiff=  2.0454E-02 (106, 13)   vdiff=  2.8060E-02 (120, 10)
n=  2872   udiff=  2.0418E-02 (106, 13)   vdiff=  2.8016E-02 (120, 10)
n=  2873   udiff=  2.0382E-02 (106, 13)   vdiff=  2.7971E-02 (120, 10)
n=  2874   udiff=  2.0346E-02 (106, 13)   vdiff=  2.7926E-02 (120, 10)
n=  2875   udiff=  2.0311E-02 (106, 13)   vdiff=  2.7882E-02 (120, 10)
n=  2876   udiff=  2.0275E-02 (106, 13)   vdiff=  2.7837E-02 (120, 10)
n=  2877   udiff=  2.0240E-02 (106, 13)   vdiff=  2.7793E-02 (120, 10)
n=  2878   udiff=  2.0204E-02 (106, 13)   vdiff=  2.7749E-02 (120, 10)
n=  2879   udiff=  2.0169E-02 (106, 13)   vdiff=  2.7704E-02 (120, 10)
n=  2880   udiff=  2.0133E-02 (106, 13)   vdiff=  2.7660E-02 (120, 10)
n=  2881   udiff=  2.0098E-02 (106, 13)   vdiff=  2.7616E-02 (120, 10)
n=  2882   udiff=  2.0063E-02 (106, 13)   vdiff=  2.7572E-02 (120, 10)
n=  2883   udiff=  2.0028E-02 (106, 13)   vdiff=  2.7527E-02 (120, 10)
n=  2884   udiff=  1.9993E-02 (106, 13)   vdiff=  2.7484E-02 (120, 10)
n=  2885   udiff=  1.9957E-02 (106, 13)   vdiff=  2.7439E-02 (120, 10)
n=  2886   udiff=  1.9923E-02 (106, 13)   vdiff=  2.7395E-02 (120, 10)
n=  2887   udiff=  1.9888E-02 (106, 13)   vdiff=  2.7351E-02 (120, 10)
n=  2888   udiff=  1.9853E-02 (106, 13)   vdiff=  2.7307E-02 (120, 10)
n=  2889   udiff=  1.9818E-02 (106, 13)   vdiff=  2.7263E-02 (120, 10)
n=  2890   udiff=  1.9783E-02 (106, 13)   vdiff=  2.7220E-02 (120, 10)
n=  2891   udiff=  1.9748E-02 (106, 13)   vdiff=  2.7176E-02 (120, 10)
n=  2892   udiff=  1.9714E-02 (106, 13)   vdiff=  2.7132E-02 (120, 10)
n=  2893   udiff=  1.9679E-02 (106, 13)   vdiff=  2.7088E-02 (120, 10)
n=  2894   udiff=  1.9645E-02 (106, 13)   vdiff=  2.7045E-02 (120, 10)
n=  2895   udiff=  1.9610E-02 (106, 13)   vdiff=  2.7001E-02 (120, 10)
n=  2896   udiff=  1.9576E-02 (106, 13)   vdiff=  2.6957E-02 (120, 10)
n=  2897   udiff=  1.9541E-02 (106, 13)   vdiff=  2.6914E-02 (120, 10)
n=  2898   udiff=  1.9507E-02 (106, 13)   vdiff=  2.6870E-02 (120, 10)
n=  2899   udiff=  1.9473E-02 (106, 13)   vdiff=  2.6827E-02 (120, 10)
n=  2900   udiff=  1.9439E-02 (106, 13)   vdiff=  2.6783E-02 (120, 10)
n=  2901   udiff=  1.9405E-02 (106, 13)   vdiff=  2.6740E-02 (120, 10)
n=  2902   udiff=  1.9370E-02 (106, 13)   vdiff=  2.6697E-02 (120, 10)
n=  2903   udiff=  1.9336E-02 (106, 13)   vdiff=  2.6654E-02 (120, 10)
n=  2904   udiff=  1.9302E-02 (106, 13)   vdiff=  2.6610E-02 (120, 10)
n=  2905   udiff=  1.9269E-02 (106, 13)   vdiff=  2.6567E-02 (120, 10)
n=  2906   udiff=  1.9235E-02 (106, 13)   vdiff=  2.6524E-02 (120, 10)
n=  2907   udiff=  1.9201E-02 (106, 13)   vdiff=  2.6481E-02 (120, 10)
n=  2908   udiff=  1.9167E-02 (106, 13)   vdiff=  2.6438E-02 (120, 10)
n=  2909   udiff=  1.9134E-02 (106, 13)   vdiff=  2.6395E-02 (120, 10)
n=  2910   udiff=  1.9100E-02 (106, 13)   vdiff=  2.6352E-02 (120, 10)
n=  2911   udiff=  1.9066E-02 (106, 13)   vdiff=  2.6309E-02 (120, 10)
n=  2912   udiff=  1.9033E-02 (106, 13)   vdiff=  2.6267E-02 (120, 10)
n=  2913   udiff=  1.9000E-02 (106, 13)   vdiff=  2.6224E-02 (120, 10)
n=  2914   udiff=  1.8966E-02 (106, 13)   vdiff=  2.6181E-02 (120, 10)
n=  2915   udiff=  1.8933E-02 (106, 13)   vdiff=  2.6139E-02 (120, 10)
n=  2916   udiff=  1.8900E-02 (106, 13)   vdiff=  2.6096E-02 (120, 10)
n=  2917   udiff=  1.8866E-02 (106, 13)   vdiff=  2.6054E-02 (120, 10)
n=  2918   udiff=  1.8833E-02 (106, 13)   vdiff=  2.6011E-02 (120, 10)
n=  2919   udiff=  1.8800E-02 (106, 13)   vdiff=  2.5969E-02 (120, 10)
n=  2920   udiff=  1.8767E-02 (106, 13)   vdiff=  2.5927E-02 (120, 10)
n=  2921   udiff=  1.8734E-02 (106, 13)   vdiff=  2.5884E-02 (120, 10)
n=  2922   udiff=  1.8701E-02 (106, 13)   vdiff=  2.5842E-02 (120, 10)
n=  2923   udiff=  1.8668E-02 (106, 13)   vdiff=  2.5800E-02 (120, 10)
n=  2924   udiff=  1.8635E-02 (106, 13)   vdiff=  2.5758E-02 (120, 10)
n=  2925   udiff=  1.8603E-02 (106, 13)   vdiff=  2.5716E-02 (120, 10)
n=  2926   udiff=  1.8570E-02 (106, 13)   vdiff=  2.5674E-02 (120, 10)
n=  2927   udiff=  1.8537E-02 (106, 13)   vdiff=  2.5632E-02 (120, 10)
n=  2928   udiff=  1.8504E-02 (106, 13)   vdiff=  2.5590E-02 (120, 10)
n=  2929   udiff=  1.8472E-02 (106, 13)   vdiff=  2.5548E-02 (120, 10)
n=  2930   udiff=  1.8439E-02 (106, 13)   vdiff=  2.5506E-02 (120, 10)
n=  2931   udiff=  1.8407E-02 (106, 13)   vdiff=  2.5465E-02 (120, 10)
n=  2932   udiff=  1.8375E-02 (106, 13)   vdiff=  2.5423E-02 (120, 10)
n=  2933   udiff=  1.8342E-02 (106, 13)   vdiff=  2.5382E-02 (120, 10)
n=  2934   udiff=  1.8310E-02 (106, 13)   vdiff=  2.5340E-02 (120, 10)
n=  2935   udiff=  1.8278E-02 (106, 13)   vdiff=  2.5299E-02 (120, 10)
n=  2936   udiff=  1.8246E-02 (106, 13)   vdiff=  2.5257E-02 (120, 10)
n=  2937   udiff=  1.8213E-02 (106, 13)   vdiff=  2.5216E-02 (120, 10)
n=  2938   udiff=  1.8181E-02 (106, 13)   vdiff=  2.5175E-02 (120, 10)
n=  2939   udiff=  1.8149E-02 (106, 13)   vdiff=  2.5134E-02 (120, 10)
n=  2940   udiff=  1.8117E-02 (106, 13)   vdiff=  2.5093E-02 (120, 10)
n=  2941   udiff=  1.8085E-02 (106, 13)   vdiff=  2.5051E-02 (120, 10)
n=  2942   udiff=  1.8053E-02 (106, 13)   vdiff=  2.5010E-02 (120, 10)
n=  2943   udiff=  1.8022E-02 (106, 13)   vdiff=  2.4969E-02 (120, 10)
n=  2944   udiff=  1.7990E-02 (106, 13)   vdiff=  2.4928E-02 (120, 10)
n=  2945   udiff=  1.7958E-02 (106, 13)   vdiff=  2.4888E-02 (120, 10)
n=  2946   udiff=  1.7927E-02 (106, 13)   vdiff=  2.4847E-02 (120, 10)
n=  2947   udiff=  1.7895E-02 (106, 13)   vdiff=  2.4806E-02 (120, 10)
n=  2948   udiff=  1.7863E-02 (106, 13)   vdiff=  2.4765E-02 (120, 10)
n=  2949   udiff=  1.7832E-02 (106, 13)   vdiff=  2.4725E-02 (120, 10)
n=  2950   udiff=  1.7800E-02 (106, 13)   vdiff=  2.4684E-02 (120, 10)
n=  2951   udiff=  1.7769E-02 (106, 13)   vdiff=  2.4644E-02 (120, 10)
n=  2952   udiff=  1.7738E-02 (106, 13)   vdiff=  2.4603E-02 (120, 10)
n=  2953   udiff=  1.7706E-02 (106, 13)   vdiff=  2.4563E-02 (120, 10)
n=  2954   udiff=  1.7675E-02 (106, 13)   vdiff=  2.4523E-02 (120, 10)
n=  2955   udiff=  1.7644E-02 (106, 13)   vdiff=  2.4482E-02 (120, 10)
n=  2956   udiff=  1.7613E-02 (106, 13)   vdiff=  2.4442E-02 (120, 10)
n=  2957   udiff=  1.7582E-02 (106, 13)   vdiff=  2.4402E-02 (120, 10)
n=  2958   udiff=  1.7550E-02 (106, 13)   vdiff=  2.4362E-02 (120, 10)
n=  2959   udiff=  1.7519E-02 (106, 13)   vdiff=  2.4322E-02 (120, 10)
n=  2960   udiff=  1.7489E-02 (106, 13)   vdiff=  2.4282E-02 (120, 10)
n=  2961   udiff=  1.7458E-02 (106, 13)   vdiff=  2.4242E-02 (120, 10)
n=  2962   udiff=  1.7427E-02 (106, 13)   vdiff=  2.4203E-02 (120, 10)
n=  2963   udiff=  1.7396E-02 (106, 13)   vdiff=  2.4163E-02 (120, 10)
n=  2964   udiff=  1.7365E-02 (106, 13)   vdiff=  2.4123E-02 (120, 10)
n=  2965   udiff=  1.7334E-02 (106, 13)   vdiff=  2.4083E-02 (120, 10)
n=  2966   udiff=  1.7304E-02 (106, 13)   vdiff=  2.4044E-02 (120, 10)
n=  2967   udiff=  1.7273E-02 (106, 13)   vdiff=  2.4005E-02 (120, 10)
n=  2968   udiff=  1.7243E-02 (106, 13)   vdiff=  2.3965E-02 (120, 10)
n=  2969   udiff=  1.7212E-02 (106, 13)   vdiff=  2.3926E-02 (120, 10)
n=  2970   udiff=  1.7182E-02 (106, 13)   vdiff=  2.3886E-02 (120, 10)
n=  2971   udiff=  1.7151E-02 (106, 13)   vdiff=  2.3847E-02 (120, 10)
n=  2972   udiff=  1.7121E-02 (106, 13)   vdiff=  2.3808E-02 (120, 10)
n=  2973   udiff=  1.7090E-02 (106, 13)   vdiff=  2.3769E-02 (120, 10)
n=  2974   udiff=  1.7060E-02 (106, 13)   vdiff=  2.3730E-02 (120, 10)
n=  2975   udiff=  1.7030E-02 (106, 13)   vdiff=  2.3691E-02 (120, 10)
n=  2976   udiff=  1.7000E-02 (106, 13)   vdiff=  2.3652E-02 (120, 10)
n=  2977   udiff=  1.6970E-02 (106, 13)   vdiff=  2.3613E-02 (120, 10)
n=  2978   udiff=  1.6940E-02 (106, 13)   vdiff=  2.3574E-02 (120, 10)
n=  2979   udiff=  1.6910E-02 (106, 13)   vdiff=  2.3535E-02 (120, 10)
n=  2980   udiff=  1.6880E-02 (106, 13)   vdiff=  2.3496E-02 (120, 10)
n=  2981   udiff=  1.6850E-02 (106, 13)   vdiff=  2.3458E-02 (120, 10)
n=  2982   udiff=  1.6820E-02 (106, 13)   vdiff=  2.3419E-02 (120, 10)
n=  2983   udiff=  1.6790E-02 (106, 13)   vdiff=  2.3381E-02 (120, 10)
n=  2984   udiff=  1.6760E-02 (106, 13)   vdiff=  2.3342E-02 (120, 10)
n=  2985   udiff=  1.6730E-02 (106, 13)   vdiff=  2.3304E-02 (120, 10)
n=  2986   udiff=  1.6701E-02 (106, 13)   vdiff=  2.3266E-02 (120, 10)
n=  2987   udiff=  1.6671E-02 (106, 13)   vdiff=  2.3228E-02 (120, 10)
n=  2988   udiff=  1.6641E-02 (106, 13)   vdiff=  2.3189E-02 (120, 10)
n=  2989   udiff=  1.6612E-02 (106, 13)   vdiff=  2.3151E-02 (120, 10)
n=  2990   udiff=  1.6582E-02 (106, 13)   vdiff=  2.3113E-02 (120, 10)
n=  2991   udiff=  1.6553E-02 (106, 13)   vdiff=  2.3075E-02 (120, 10)
n=  2992   udiff=  1.6523E-02 (106, 13)   vdiff=  2.3037E-02 (120, 10)
n=  2993   udiff=  1.6494E-02 (106, 13)   vdiff=  2.2999E-02 (120, 10)
n=  2994   udiff=  1.6465E-02 (106, 13)   vdiff=  2.2961E-02 (120, 10)
n=  2995   udiff=  1.6435E-02 (106, 13)   vdiff=  2.2924E-02 (120, 10)
n=  2996   udiff=  1.6406E-02 (106, 13)   vdiff=  2.2886E-02 (120, 10)
n=  2997   udiff=  1.6377E-02 (106, 13)   vdiff=  2.2848E-02 (120, 10)
n=  2998   udiff=  1.6348E-02 (106, 13)   vdiff=  2.2810E-02 (120, 10)
n=  2999   udiff=  1.6319E-02 (106, 13)   vdiff=  2.2773E-02 (120, 10)
n=  3000   udiff=  1.6289E-02 (106, 13)   vdiff=  2.2736E-02 (120, 10)
n=  3001   udiff=  1.6260E-02 (106, 13)   vdiff=  2.2698E-02 (120, 10)
n=  3002   udiff=  1.6231E-02 (106, 13)   vdiff=  2.2661E-02 (120, 10)
n=  3003   udiff=  1.6203E-02 (106, 13)   vdiff=  2.2624E-02 (120, 10)
n=  3004   udiff=  1.6174E-02 (106, 13)   vdiff=  2.2586E-02 (120, 10)
n=  3005   udiff=  1.6145E-02 (106, 13)   vdiff=  2.2549E-02 (120, 10)
n=  3006   udiff=  1.6116E-02 (106, 13)   vdiff=  2.2512E-02 (120, 10)
n=  3007   udiff=  1.6087E-02 (106, 13)   vdiff=  2.2475E-02 (120, 10)
n=  3008   udiff=  1.6059E-02 (106, 13)   vdiff=  2.2438E-02 (120, 10)
n=  3009   udiff=  1.6030E-02 (106, 13)   vdiff=  2.2401E-02 (120, 10)
n=  3010   udiff=  1.6001E-02 (106, 13)   vdiff=  2.2364E-02 (120, 10)
n=  3011   udiff=  1.5973E-02 (106, 13)   vdiff=  2.2327E-02 (120, 10)
n=  3012   udiff=  1.5944E-02 (106, 13)   vdiff=  2.2291E-02 (120, 10)
n=  3013   udiff=  1.5916E-02 (106, 13)   vdiff=  2.2254E-02 (120, 10)
n=  3014   udiff=  1.5887E-02 (106, 13)   vdiff=  2.2217E-02 (120, 10)
n=  3015   udiff=  1.5859E-02 (106, 13)   vdiff=  2.2181E-02 (120, 10)
n=  3016   udiff=  1.5830E-02 (106, 13)   vdiff=  2.2144E-02 (120, 10)
n=  3017   udiff=  1.5802E-02 (106, 13)   vdiff=  2.2108E-02 (120, 10)
n=  3018   udiff=  1.5774E-02 (106, 13)   vdiff=  2.2071E-02 (120, 10)
n=  3019   udiff=  1.5746E-02 (106, 13)   vdiff=  2.2035E-02 (120, 10)
n=  3020   udiff=  1.5717E-02 (106, 13)   vdiff=  2.1999E-02 (120, 10)
n=  3021   udiff=  1.5689E-02 (106, 13)   vdiff=  2.1962E-02 (120, 10)
n=  3022   udiff=  1.5661E-02 (106, 13)   vdiff=  2.1926E-02 (120, 10)
n=  3023   udiff=  1.5633E-02 (106, 13)   vdiff=  2.1890E-02 (120, 10)
n=  3024   udiff=  1.5605E-02 (106, 13)   vdiff=  2.1854E-02 (120, 10)
n=  3025   udiff=  1.5577E-02 (106, 13)   vdiff=  2.1818E-02 (120, 10)
n=  3026   udiff=  1.5549E-02 (106, 13)   vdiff=  2.1782E-02 (120, 10)
n=  3027   udiff=  1.5521E-02 (106, 13)   vdiff=  2.1746E-02 (120, 10)
n=  3028   udiff=  1.5493E-02 (106, 13)   vdiff=  2.1710E-02 (120, 10)
n=  3029   udiff=  1.5465E-02 (106, 13)   vdiff=  2.1675E-02 (120, 10)
n=  3030   udiff=  1.5438E-02 (106, 13)   vdiff=  2.1639E-02 (120, 10)
n=  3031   udiff=  1.5410E-02 (106, 13)   vdiff=  2.1603E-02 (120, 10)
n=  3032   udiff=  1.5382E-02 (106, 13)   vdiff=  2.1568E-02 (120, 10)
n=  3033   udiff=  1.5355E-02 (106, 13)   vdiff=  2.1532E-02 (120, 10)
n=  3034   udiff=  1.5327E-02 (106, 13)   vdiff=  2.1496E-02 (120, 10)
n=  3035   udiff=  1.5299E-02 (106, 13)   vdiff=  2.1461E-02 (120, 10)
n=  3036   udiff=  1.5272E-02 (106, 13)   vdiff=  2.1426E-02 (120, 10)
n=  3037   udiff=  1.5244E-02 (106, 13)   vdiff=  2.1390E-02 (120, 10)
n=  3038   udiff=  1.5217E-02 (106, 13)   vdiff=  2.1355E-02 (120, 10)
n=  3039   udiff=  1.5190E-02 (106, 13)   vdiff=  2.1320E-02 (120, 10)
n=  3040   udiff=  1.5162E-02 (106, 13)   vdiff=  2.1285E-02 (120, 10)
n=  3041   udiff=  1.5135E-02 (106, 13)   vdiff=  2.1250E-02 (120, 10)
n=  3042   udiff=  1.5108E-02 (106, 13)   vdiff=  2.1215E-02 (120, 10)
n=  3043   udiff=  1.5080E-02 (106, 13)   vdiff=  2.1180E-02 (120, 10)
n=  3044   udiff=  1.5053E-02 (106, 13)   vdiff=  2.1145E-02 (120, 10)
n=  3045   udiff=  1.5026E-02 (106, 13)   vdiff=  2.1110E-02 (120, 10)
n=  3046   udiff=  1.4999E-02 (106, 13)   vdiff=  2.1075E-02 (120, 10)
n=  3047   udiff=  1.4972E-02 (106, 13)   vdiff=  2.1040E-02 (120, 10)
n=  3048   udiff=  1.4945E-02 (106, 13)   vdiff=  2.1006E-02 (120, 10)
n=  3049   udiff=  1.4918E-02 (106, 13)   vdiff=  2.0971E-02 (120, 10)
n=  3050   udiff=  1.4891E-02 (106, 13)   vdiff=  2.0936E-02 (120, 10)
n=  3051   udiff=  1.4864E-02 (106, 13)   vdiff=  2.0902E-02 (120, 10)
n=  3052   udiff=  1.4837E-02 (106, 13)   vdiff=  2.0867E-02 (120, 10)
n=  3053   udiff=  1.4810E-02 (106, 13)   vdiff=  2.0833E-02 (120, 10)
n=  3054   udiff=  1.4783E-02 (106, 13)   vdiff=  2.0798E-02 (120, 10)
n=  3055   udiff=  1.4757E-02 (106, 13)   vdiff=  2.0764E-02 (120, 10)
n=  3056   udiff=  1.4730E-02 (106, 13)   vdiff=  2.0730E-02 (120, 10)
n=  3057   udiff=  1.4703E-02 (106, 13)   vdiff=  2.0696E-02 (120, 10)
n=  3058   udiff=  1.4677E-02 (106, 13)   vdiff=  2.0661E-02 (120, 10)
n=  3059   udiff=  1.4650E-02 (106, 13)   vdiff=  2.0627E-02 (120, 10)
n=  3060   udiff=  1.4623E-02 (106, 13)   vdiff=  2.0593E-02 (120, 10)
n=  3061   udiff=  1.4597E-02 (106, 13)   vdiff=  2.0559E-02 (120, 10)
n=  3062   udiff=  1.4570E-02 (106, 13)   vdiff=  2.0525E-02 (120, 10)
n=  3063   udiff=  1.4544E-02 (106, 13)   vdiff=  2.0491E-02 (120, 10)
n=  3064   udiff=  1.4518E-02 (106, 13)   vdiff=  2.0458E-02 (120, 10)
n=  3065   udiff=  1.4491E-02 (106, 13)   vdiff=  2.0424E-02 (120, 10)
n=  3066   udiff=  1.4465E-02 (106, 13)   vdiff=  2.0390E-02 (120, 10)
n=  3067   udiff=  1.4439E-02 (106, 13)   vdiff=  2.0356E-02 (120, 10)
n=  3068   udiff=  1.4412E-02 (106, 13)   vdiff=  2.0323E-02 (120, 10)
n=  3069   udiff=  1.4386E-02 (106, 13)   vdiff=  2.0289E-02 (120, 10)
n=  3070   udiff=  1.4360E-02 (106, 13)   vdiff=  2.0256E-02 (120, 10)
n=  3071   udiff=  1.4334E-02 (106, 13)   vdiff=  2.0222E-02 (120, 10)
n=  3072   udiff=  1.4308E-02 (106, 13)   vdiff=  2.0189E-02 (120, 10)
n=  3073   udiff=  1.4281E-02 (106, 13)   vdiff=  2.0155E-02 (120, 10)
n=  3074   udiff=  1.4256E-02 (106, 13)   vdiff=  2.0122E-02 (120, 10)
n=  3075   udiff=  1.4230E-02 (106, 13)   vdiff=  2.0089E-02 (120, 10)
n=  3076   udiff=  1.4204E-02 (106, 13)   vdiff=  2.0056E-02 (120, 10)
n=  3077   udiff=  1.4178E-02 (106, 13)   vdiff=  2.0022E-02 (120, 10)
n=  3078   udiff=  1.4152E-02 (106, 13)   vdiff=  1.9989E-02 (120, 10)
n=  3079   udiff=  1.4126E-02 (106, 13)   vdiff=  1.9956E-02 (120, 10)
n=  3080   udiff=  1.4100E-02 (106, 13)   vdiff=  1.9923E-02 (120, 10)
n=  3081   udiff=  1.4074E-02 (106, 13)   vdiff=  1.9890E-02 (120, 10)
n=  3082   udiff=  1.4049E-02 (106, 13)   vdiff=  1.9857E-02 (120, 10)
n=  3083   udiff=  1.4023E-02 (106, 13)   vdiff=  1.9824E-02 (120, 10)
n=  3084   udiff=  1.3997E-02 (106, 13)   vdiff=  1.9791E-02 (120, 10)
n=  3085   udiff=  1.3972E-02 (106, 13)   vdiff=  1.9759E-02 (120, 10)
n=  3086   udiff=  1.3946E-02 (106, 13)   vdiff=  1.9726E-02 (120, 10)
n=  3087   udiff=  1.3920E-02 (106, 13)   vdiff=  1.9694E-02 (120, 10)
n=  3088   udiff=  1.3895E-02 (106, 13)   vdiff=  1.9661E-02 (120, 10)
n=  3089   udiff=  1.3869E-02 (106, 13)   vdiff=  1.9628E-02 (120, 10)
n=  3090   udiff=  1.3844E-02 (106, 13)   vdiff=  1.9596E-02 (120, 10)
n=  3091   udiff=  1.3819E-02 (106, 13)   vdiff=  1.9563E-02 (120, 10)
n=  3092   udiff=  1.3793E-02 (106, 13)   vdiff=  1.9531E-02 (120, 10)
n=  3093   udiff=  1.3768E-02 (106, 13)   vdiff=  1.9498E-02 (120, 10)
n=  3094   udiff=  1.3743E-02 (106, 13)   vdiff=  1.9466E-02 (120, 10)
n=  3095   udiff=  1.3717E-02 (106, 13)   vdiff=  1.9434E-02 (120, 10)
n=  3096   udiff=  1.3692E-02 (106, 13)   vdiff=  1.9402E-02 (120, 10)
n=  3097   udiff=  1.3667E-02 (106, 13)   vdiff=  1.9370E-02 (120, 10)
n=  3098   udiff=  1.3642E-02 (106, 13)   vdiff=  1.9337E-02 (120, 10)
n=  3099   udiff=  1.3617E-02 (106, 13)   vdiff=  1.9305E-02 (120, 10)
n=  3100   udiff=  1.3592E-02 (106, 13)   vdiff=  1.9273E-02 (120, 10)
n=  3101   udiff=  1.3567E-02 (106, 13)   vdiff=  1.9241E-02 (120, 10)
n=  3102   udiff=  1.3541E-02 (106, 13)   vdiff=  1.9209E-02 (120, 10)
n=  3103   udiff=  1.3517E-02 (106, 13)   vdiff=  1.9177E-02 (120, 10)
n=  3104   udiff=  1.3492E-02 (106, 13)   vdiff=  1.9145E-02 (120, 10)
n=  3105   udiff=  1.3467E-02 (106, 13)   vdiff=  1.9114E-02 (120, 10)
n=  3106   udiff=  1.3442E-02 (106, 13)   vdiff=  1.9082E-02 (120, 10)
n=  3107   udiff=  1.3417E-02 (106, 13)   vdiff=  1.9050E-02 (120, 10)
n=  3108   udiff=  1.3392E-02 (106, 13)   vdiff=  1.9018E-02 (120, 10)
n=  3109   udiff=  1.3367E-02 (106, 13)   vdiff=  1.8987E-02 (120, 10)
n=  3110   udiff=  1.3343E-02 (106, 13)   vdiff=  1.8955E-02 (120, 10)
n=  3111   udiff=  1.3318E-02 (106, 13)   vdiff=  1.8924E-02 (120, 10)
n=  3112   udiff=  1.3293E-02 (106, 13)   vdiff=  1.8892E-02 (120, 10)
n=  3113   udiff=  1.3269E-02 (106, 13)   vdiff=  1.8861E-02 (120, 10)
n=  3114   udiff=  1.3244E-02 (106, 13)   vdiff=  1.8829E-02 (120, 10)
n=  3115   udiff=  1.3220E-02 (106, 13)   vdiff=  1.8798E-02 (120, 10)
n=  3116   udiff=  1.3195E-02 (106, 13)   vdiff=  1.8767E-02 (120, 10)
n=  3117   udiff=  1.3171E-02 (106, 13)   vdiff=  1.8736E-02 (120, 10)
n=  3118   udiff=  1.3146E-02 (106, 13)   vdiff=  1.8704E-02 (120, 10)
n=  3119   udiff=  1.3122E-02 (106, 13)   vdiff=  1.8674E-02 (120, 10)
n=  3120   udiff=  1.3097E-02 (106, 13)   vdiff=  1.8642E-02 (120, 10)
n=  3121   udiff=  1.3073E-02 (106, 13)   vdiff=  1.8611E-02 (120, 10)
n=  3122   udiff=  1.3049E-02 (106, 13)   vdiff=  1.8580E-02 (120, 10)
n=  3123   udiff=  1.3024E-02 (106, 13)   vdiff=  1.8549E-02 (120, 10)
n=  3124   udiff=  1.3000E-02 (106, 13)   vdiff=  1.8518E-02 (120, 10)
n=  3125   udiff=  1.2976E-02 (106, 13)   vdiff=  1.8487E-02 (120, 10)
n=  3126   udiff=  1.2952E-02 (106, 13)   vdiff=  1.8457E-02 (120, 10)
n=  3127   udiff=  1.2928E-02 (106, 13)   vdiff=  1.8426E-02 (120, 10)
n=  3128   udiff=  1.2903E-02 (106, 13)   vdiff=  1.8395E-02 (120, 10)
n=  3129   udiff=  1.2879E-02 (106, 13)   vdiff=  1.8364E-02 (120, 10)
n=  3130   udiff=  1.2855E-02 (106, 13)   vdiff=  1.8334E-02 (120, 10)
n=  3131   udiff=  1.2831E-02 (106, 13)   vdiff=  1.8303E-02 (120, 10)
n=  3132   udiff=  1.2807E-02 (106, 13)   vdiff=  1.8272E-02 (120, 10)
n=  3133   udiff=  1.2783E-02 (106, 13)   vdiff=  1.8242E-02 (120, 10)
n=  3134   udiff=  1.2759E-02 (107, 13)   vdiff=  1.8211E-02 (120, 10)
n=  3135   udiff=  1.2736E-02 (107, 13)   vdiff=  1.8181E-02 (120, 10)
n=  3136   udiff=  1.2712E-02 (107, 13)   vdiff=  1.8151E-02 (120, 10)
n=  3137   udiff=  1.2688E-02 (107, 13)   vdiff=  1.8121E-02 (120, 10)
n=  3138   udiff=  1.2665E-02 (107, 13)   vdiff=  1.8090E-02 (120, 10)
n=  3139   udiff=  1.2641E-02 (107, 13)   vdiff=  1.8060E-02 (120, 10)
n=  3140   udiff=  1.2618E-02 (107, 13)   vdiff=  1.8030E-02 (120, 10)
n=  3141   udiff=  1.2594E-02 (107, 13)   vdiff=  1.7999E-02 (120, 10)
n=  3142   udiff=  1.2571E-02 (107, 13)   vdiff=  1.7969E-02 (120, 10)
n=  3143   udiff=  1.2547E-02 (107, 13)   vdiff=  1.7939E-02 (120, 10)
n=  3144   udiff=  1.2524E-02 (107, 13)   vdiff=  1.7909E-02 (120, 10)
n=  3145   udiff=  1.2501E-02 (107, 13)   vdiff=  1.7879E-02 (120, 10)
n=  3146   udiff=  1.2477E-02 (107, 13)   vdiff=  1.7849E-02 (120, 10)
n=  3147   udiff=  1.2454E-02 (107, 13)   vdiff=  1.7819E-02 (120, 10)
n=  3148   udiff=  1.2431E-02 (107, 13)   vdiff=  1.7789E-02 (120, 10)
n=  3149   udiff=  1.2407E-02 (107, 13)   vdiff=  1.7760E-02 (120, 10)
n=  3150   udiff=  1.2384E-02 (107, 13)   vdiff=  1.7731E-02 (120,  9)
n=  3151   udiff=  1.2361E-02 (107, 13)   vdiff=  1.7704E-02 (120,  9)
n=  3152   udiff=  1.2338E-02 (107, 13)   vdiff=  1.7678E-02 (120,  9)
n=  3153   udiff=  1.2315E-02 (107, 13)   vdiff=  1.7651E-02 (120,  9)
n=  3154   udiff=  1.2292E-02 (107, 13)   vdiff=  1.7625E-02 (120,  9)
n=  3155   udiff=  1.2269E-02 (107, 13)   vdiff=  1.7598E-02 (120,  9)
n=  3156   udiff=  1.2246E-02 (107, 13)   vdiff=  1.7571E-02 (120,  9)
n=  3157   udiff=  1.2223E-02 (107, 13)   vdiff=  1.7545E-02 (120,  9)
n=  3158   udiff=  1.2200E-02 (107, 13)   vdiff=  1.7518E-02 (120,  9)
n=  3159   udiff=  1.2177E-02 (107, 13)   vdiff=  1.7492E-02 (120,  9)
n=  3160   udiff=  1.2154E-02 (107, 13)   vdiff=  1.7465E-02 (120,  9)
n=  3161   udiff=  1.2131E-02 (107, 13)   vdiff=  1.7439E-02 (120,  9)
n=  3162   udiff=  1.2108E-02 (107, 13)   vdiff=  1.7412E-02 (120,  9)
n=  3163   udiff=  1.2086E-02 (107, 13)   vdiff=  1.7386E-02 (120,  9)
n=  3164   udiff=  1.2063E-02 (107, 13)   vdiff=  1.7360E-02 (120,  9)
n=  3165   udiff=  1.2040E-02 (107, 13)   vdiff=  1.7333E-02 (120,  9)
n=  3166   udiff=  1.2017E-02 (107, 13)   vdiff=  1.7307E-02 (120,  9)
n=  3167   udiff=  1.1995E-02 (107, 13)   vdiff=  1.7280E-02 (120,  9)
n=  3168   udiff=  1.1972E-02 (107, 13)   vdiff=  1.7254E-02 (120,  9)
n=  3169   udiff=  1.1949E-02 (107, 13)   vdiff=  1.7228E-02 (120,  9)
n=  3170   udiff=  1.1927E-02 (107, 13)   vdiff=  1.7201E-02 (120,  9)
n=  3171   udiff=  1.1904E-02 (107, 13)   vdiff=  1.7175E-02 (120,  9)
n=  3172   udiff=  1.1882E-02 (107, 13)   vdiff=  1.7149E-02 (120,  9)
n=  3173   udiff=  1.1859E-02 (107, 13)   vdiff=  1.7122E-02 (120,  9)
n=  3174   udiff=  1.1837E-02 (107, 13)   vdiff=  1.7096E-02 (120,  9)
n=  3175   udiff=  1.1815E-02 (107, 13)   vdiff=  1.7070E-02 (120,  9)
n=  3176   udiff=  1.1792E-02 (107, 13)   vdiff=  1.7044E-02 (120,  9)
n=  3177   udiff=  1.1770E-02 (107, 13)   vdiff=  1.7017E-02 (120,  9)
n=  3178   udiff=  1.1748E-02 (107, 13)   vdiff=  1.6991E-02 (120,  9)
n=  3179   udiff=  1.1725E-02 (107, 13)   vdiff=  1.6965E-02 (120,  9)
n=  3180   udiff=  1.1703E-02 (107, 13)   vdiff=  1.6939E-02 (120,  9)
n=  3181   udiff=  1.1681E-02 (107, 13)   vdiff=  1.6913E-02 (120,  9)
n=  3182   udiff=  1.1659E-02 (107, 13)   vdiff=  1.6887E-02 (120,  9)
n=  3183   udiff=  1.1636E-02 (107, 13)   vdiff=  1.6861E-02 (120,  9)
n=  3184   udiff=  1.1614E-02 (107, 13)   vdiff=  1.6835E-02 (120,  9)
n=  3185   udiff=  1.1592E-02 (107, 13)   vdiff=  1.6809E-02 (120,  9)
n=  3186   udiff=  1.1570E-02 (107, 13)   vdiff=  1.6783E-02 (120,  9)
n=  3187   udiff=  1.1548E-02 (107, 13)   vdiff=  1.6757E-02 (120,  9)
n=  3188   udiff=  1.1526E-02 (107, 13)   vdiff=  1.6731E-02 (120,  9)
n=  3189   udiff=  1.1504E-02 (107, 13)   vdiff=  1.6705E-02 (120,  9)
n=  3190   udiff=  1.1482E-02 (107, 13)   vdiff=  1.6679E-02 (120,  9)
n=  3191   udiff=  1.1460E-02 (107, 13)   vdiff=  1.6653E-02 (120,  9)
n=  3192   udiff=  1.1438E-02 (107, 13)   vdiff=  1.6627E-02 (120,  9)
n=  3193   udiff=  1.1416E-02 (107, 13)   vdiff=  1.6601E-02 (120,  9)
n=  3194   udiff=  1.1395E-02 (107, 13)   vdiff=  1.6575E-02 (120,  9)
n=  3195   udiff=  1.1373E-02 (107, 13)   vdiff=  1.6549E-02 (120,  9)
n=  3196   udiff=  1.1351E-02 (107, 13)   vdiff=  1.6523E-02 (120,  9)
n=  3197   udiff=  1.1329E-02 (107, 13)   vdiff=  1.6498E-02 (120,  9)
n=  3198   udiff=  1.1308E-02 (107, 13)   vdiff=  1.6472E-02 (120,  9)
n=  3199   udiff=  1.1286E-02 (107, 13)   vdiff=  1.6446E-02 (120,  9)
n=  3200   udiff=  1.1264E-02 (107, 13)   vdiff=  1.6420E-02 (120,  9)
n=  3201   udiff=  1.1243E-02 (107, 13)   vdiff=  1.6395E-02 (120,  9)
n=  3202   udiff=  1.1221E-02 (107, 13)   vdiff=  1.6369E-02 (120,  9)
n=  3203   udiff=  1.1199E-02 (107, 13)   vdiff=  1.6343E-02 (120,  9)
n=  3204   udiff=  1.1178E-02 (107, 13)   vdiff=  1.6318E-02 (120,  9)
n=  3205   udiff=  1.1156E-02 (107, 13)   vdiff=  1.6292E-02 (120,  9)
n=  3206   udiff=  1.1135E-02 (107, 13)   vdiff=  1.6266E-02 (120,  9)
n=  3207   udiff=  1.1114E-02 (107, 13)   vdiff=  1.6241E-02 (120,  9)
n=  3208   udiff=  1.1092E-02 (107, 13)   vdiff=  1.6215E-02 (120,  9)
n=  3209   udiff=  1.1071E-02 (107, 13)   vdiff=  1.6189E-02 (120,  9)
n=  3210   udiff=  1.1049E-02 (107, 13)   vdiff=  1.6164E-02 (120,  9)
n=  3211   udiff=  1.1028E-02 (107, 13)   vdiff=  1.6138E-02 (120,  9)
n=  3212   udiff=  1.1007E-02 (107, 13)   vdiff=  1.6113E-02 (120,  9)
n=  3213   udiff=  1.0985E-02 (107, 13)   vdiff=  1.6087E-02 (120,  9)
n=  3214   udiff=  1.0964E-02 (107, 13)   vdiff=  1.6062E-02 (120,  9)
n=  3215   udiff=  1.0943E-02 (107, 13)   vdiff=  1.6036E-02 (120,  9)
n=  3216   udiff=  1.0922E-02 (107, 13)   vdiff=  1.6011E-02 (120,  9)
n=  3217   udiff=  1.0901E-02 (107, 13)   vdiff=  1.5985E-02 (120,  9)
n=  3218   udiff=  1.0880E-02 (107, 13)   vdiff=  1.5960E-02 (120,  9)
n=  3219   udiff=  1.0858E-02 (107, 13)   vdiff=  1.5935E-02 (120,  9)
n=  3220   udiff=  1.0837E-02 (107, 13)   vdiff=  1.5909E-02 (120,  9)
n=  3221   udiff=  1.0816E-02 (107, 13)   vdiff=  1.5884E-02 (120,  9)
n=  3222   udiff=  1.0795E-02 (107, 13)   vdiff=  1.5858E-02 (120,  9)
n=  3223   udiff=  1.0774E-02 (107, 13)   vdiff=  1.5833E-02 (120,  9)
n=  3224   udiff=  1.0753E-02 (107, 13)   vdiff=  1.5808E-02 (120,  9)
n=  3225   udiff=  1.0733E-02 (107, 13)   vdiff=  1.5783E-02 (120,  9)
n=  3226   udiff=  1.0712E-02 (107, 13)   vdiff=  1.5757E-02 (120,  9)
n=  3227   udiff=  1.0691E-02 (107, 13)   vdiff=  1.5732E-02 (120,  9)
n=  3228   udiff=  1.0670E-02 (107, 13)   vdiff=  1.5707E-02 (120,  9)
n=  3229   udiff=  1.0649E-02 (107, 13)   vdiff=  1.5682E-02 (120,  9)
n=  3230   udiff=  1.0628E-02 (107, 13)   vdiff=  1.5657E-02 (120,  9)
n=  3231   udiff=  1.0608E-02 (107, 13)   vdiff=  1.5631E-02 (120,  9)
n=  3232   udiff=  1.0587E-02 (107, 13)   vdiff=  1.5606E-02 (120,  9)
n=  3233   udiff=  1.0566E-02 (107, 13)   vdiff=  1.5581E-02 (120,  9)
n=  3234   udiff=  1.0546E-02 (107, 13)   vdiff=  1.5556E-02 (120,  9)
n=  3235   udiff=  1.0525E-02 (107, 13)   vdiff=  1.5531E-02 (120,  9)
n=  3236   udiff=  1.0504E-02 (107, 13)   vdiff=  1.5506E-02 (120,  9)
n=  3237   udiff=  1.0484E-02 (107, 13)   vdiff=  1.5481E-02 (120,  9)
n=  3238   udiff=  1.0463E-02 (107, 13)   vdiff=  1.5456E-02 (120,  9)
n=  3239   udiff=  1.0443E-02 (107, 13)   vdiff=  1.5431E-02 (120,  9)
n=  3240   udiff=  1.0422E-02 (107, 13)   vdiff=  1.5406E-02 (120,  9)
n=  3241   udiff=  1.0402E-02 (107, 13)   vdiff=  1.5381E-02 (120,  9)
n=  3242   udiff=  1.0381E-02 (107, 13)   vdiff=  1.5356E-02 (120,  9)
n=  3243   udiff=  1.0361E-02 (107, 13)   vdiff=  1.5331E-02 (120,  9)
n=  3244   udiff=  1.0340E-02 (107, 13)   vdiff=  1.5306E-02 (120,  9)
n=  3245   udiff=  1.0320E-02 (107, 13)   vdiff=  1.5281E-02 (120,  9)
n=  3246   udiff=  1.0300E-02 (107, 13)   vdiff=  1.5256E-02 (120,  9)
n=  3247   udiff=  1.0279E-02 (107, 13)   vdiff=  1.5232E-02 (120,  9)
n=  3248   udiff=  1.0259E-02 (107, 13)   vdiff=  1.5207E-02 (120,  9)
n=  3249   udiff=  1.0239E-02 (107, 13)   vdiff=  1.5182E-02 (120,  9)
n=  3250   udiff=  1.0219E-02 (107, 13)   vdiff=  1.5157E-02 (120,  9)
n=  3251   udiff=  1.0198E-02 (107, 13)   vdiff=  1.5132E-02 (120,  9)
n=  3252   udiff=  1.0178E-02 (107, 13)   vdiff=  1.5107E-02 (120,  9)
n=  3253   udiff=  1.0158E-02 (107, 13)   vdiff=  1.5083E-02 (120,  9)
n=  3254   udiff=  1.0138E-02 (107, 13)   vdiff=  1.5058E-02 (120,  9)
n=  3255   udiff=  1.0118E-02 (107, 13)   vdiff=  1.5033E-02 (120,  9)
n=  3256   udiff=  1.0098E-02 (107, 13)   vdiff=  1.5009E-02 (120,  9)
n=  3257   udiff=  1.0078E-02 (107, 13)   vdiff=  1.4984E-02 (120,  9)
n=  3258   udiff=  1.0058E-02 (107, 13)   vdiff=  1.4959E-02 (120,  9)
n=  3259   udiff=  1.0038E-02 (107, 13)   vdiff=  1.4935E-02 (120,  9)
n=  3260   udiff=  1.0018E-02 (107, 13)   vdiff=  1.4910E-02 (120,  9)
n=  3261   udiff=  9.9982E-03 (107, 13)   vdiff=  1.4886E-02 (120,  9)
n=  3262   udiff=  9.9783E-03 (107, 13)   vdiff=  1.4861E-02 (120,  9)
n=  3263   udiff=  9.9584E-03 (107, 13)   vdiff=  1.4837E-02 (120,  9)
n=  3264   udiff=  9.9386E-03 (107, 13)   vdiff=  1.4812E-02 (120,  9)
n=  3265   udiff=  9.9188E-03 (107, 13)   vdiff=  1.4788E-02 (120,  9)
n=  3266   udiff=  9.8990E-03 (107, 13)   vdiff=  1.4763E-02 (120,  9)
n=  3267   udiff=  9.8792E-03 (107, 13)   vdiff=  1.4739E-02 (120,  9)
n=  3268   udiff=  9.8596E-03 (107, 13)   vdiff=  1.4714E-02 (120,  9)
n=  3269   udiff=  9.8399E-03 (107, 13)   vdiff=  1.4690E-02 (120,  9)
n=  3270   udiff=  9.8202E-03 (107, 13)   vdiff=  1.4665E-02 (120,  9)
n=  3271   udiff=  9.8005E-03 (107, 13)   vdiff=  1.4641E-02 (120,  9)
n=  3272   udiff=  9.7809E-03 (107, 13)   vdiff=  1.4617E-02 (120,  9)
n=  3273   udiff=  9.7614E-03 (107, 13)   vdiff=  1.4592E-02 (120,  9)
n=  3274   udiff=  9.7418E-03 (107, 13)   vdiff=  1.4568E-02 (120,  9)
n=  3275   udiff=  9.7222E-03 (107, 13)   vdiff=  1.4544E-02 (120,  9)
n=  3276   udiff=  9.7028E-03 (107, 13)   vdiff=  1.4520E-02 (120,  9)
n=  3277   udiff=  9.6833E-03 (107, 13)   vdiff=  1.4495E-02 (120,  9)
n=  3278   udiff=  9.6639E-03 (107, 13)   vdiff=  1.4471E-02 (120,  9)
n=  3279   udiff=  9.6444E-03 (107, 13)   vdiff=  1.4447E-02 (120,  9)
n=  3280   udiff=  9.6250E-03 (107, 13)   vdiff=  1.4423E-02 (120,  9)
n=  3281   udiff=  9.6056E-03 (107, 13)   vdiff=  1.4398E-02 (120,  9)
n=  3282   udiff=  9.5863E-03 (107, 13)   vdiff=  1.4374E-02 (120,  9)
n=  3283   udiff=  9.5670E-03 (107, 13)   vdiff=  1.4350E-02 (120,  9)
n=  3284   udiff=  9.5477E-03 (107, 13)   vdiff=  1.4326E-02 (120,  9)
n=  3285   udiff=  9.5284E-03 (107, 13)   vdiff=  1.4302E-02 (120,  9)
n=  3286   udiff=  9.5092E-03 (107, 13)   vdiff=  1.4278E-02 (120,  9)
n=  3287   udiff=  9.4900E-03 (107, 13)   vdiff=  1.4254E-02 (120,  9)
n=  3288   udiff=  9.4708E-03 (107, 13)   vdiff=  1.4230E-02 (120,  9)
n=  3289   udiff=  9.4516E-03 (107, 13)   vdiff=  1.4206E-02 (120,  9)
n=  3290   udiff=  9.4325E-03 (107, 13)   vdiff=  1.4182E-02 (120,  9)
n=  3291   udiff=  9.4134E-03 (107, 13)   vdiff=  1.4158E-02 (120,  9)
n=  3292   udiff=  9.3943E-03 (107, 13)   vdiff=  1.4134E-02 (120,  9)
n=  3293   udiff=  9.3753E-03 (107, 13)   vdiff=  1.4110E-02 (120,  9)
n=  3294   udiff=  9.3563E-03 (107, 13)   vdiff=  1.4086E-02 (120,  9)
n=  3295   udiff=  9.3373E-03 (107, 13)   vdiff=  1.4062E-02 (120,  9)
n=  3296   udiff=  9.3185E-03 (108, 13)   vdiff=  1.4038E-02 (120,  9)
n=  3297   udiff=  9.2998E-03 (108, 13)   vdiff=  1.4015E-02 (120,  9)
n=  3298   udiff=  9.2811E-03 (108, 13)   vdiff=  1.3991E-02 (120,  9)
n=  3299   udiff=  9.2624E-03 (108, 13)   vdiff=  1.3967E-02 (120,  9)
n=  3300   udiff=  9.2438E-03 (108, 13)   vdiff=  1.3943E-02 (120,  9)
n=  3301   udiff=  9.2252E-03 (108, 13)   vdiff=  1.3919E-02 (120,  9)
n=  3302   udiff=  9.2066E-03 (108, 13)   vdiff=  1.3896E-02 (120,  9)
n=  3303   udiff=  9.1880E-03 (108, 13)   vdiff=  1.3872E-02 (120,  9)
n=  3304   udiff=  9.1694E-03 (108, 13)   vdiff=  1.3848E-02 (120,  9)
n=  3305   udiff=  9.1509E-03 (108, 13)   vdiff=  1.3824E-02 (120,  9)
n=  3306   udiff=  9.1325E-03 (108, 13)   vdiff=  1.3800E-02 (120,  9)
n=  3307   udiff=  9.1140E-03 (108, 13)   vdiff=  1.3777E-02 (120,  9)
n=  3308   udiff=  9.0955E-03 (108, 13)   vdiff=  1.3753E-02 (120,  9)
n=  3309   udiff=  9.0772E-03 (108, 13)   vdiff=  1.3730E-02 (120,  9)
n=  3310   udiff=  9.0587E-03 (108, 13)   vdiff=  1.3706E-02 (120,  9)
n=  3311   udiff=  9.0404E-03 (108, 13)   vdiff=  1.3683E-02 (120,  9)
n=  3312   udiff=  9.0221E-03 (108, 13)   vdiff=  1.3659E-02 (120,  9)
n=  3313   udiff=  9.0038E-03 (108, 13)   vdiff=  1.3635E-02 (120,  9)
n=  3314   udiff=  8.9855E-03 (108, 13)   vdiff=  1.3612E-02 (120,  9)
n=  3315   udiff=  8.9672E-03 (108, 13)   vdiff=  1.3589E-02 (120,  9)
n=  3316   udiff=  8.9489E-03 (108, 13)   vdiff=  1.3565E-02 (120,  9)
n=  3317   udiff=  8.9308E-03 (108, 13)   vdiff=  1.3542E-02 (120,  9)
n=  3318   udiff=  8.9126E-03 (108, 13)   vdiff=  1.3518E-02 (120,  9)
n=  3319   udiff=  8.8944E-03 (108, 13)   vdiff=  1.3495E-02 (120,  9)
n=  3320   udiff=  8.8763E-03 (108, 13)   vdiff=  1.3471E-02 (120,  9)
n=  3321   udiff=  8.8582E-03 (108, 13)   vdiff=  1.3448E-02 (120,  9)
n=  3322   udiff=  8.8401E-03 (108, 13)   vdiff=  1.3425E-02 (120,  9)
n=  3323   udiff=  8.8220E-03 (108, 13)   vdiff=  1.3402E-02 (120,  9)
n=  3324   udiff=  8.8040E-03 (108, 13)   vdiff=  1.3378E-02 (120,  9)
n=  3325   udiff=  8.7860E-03 (108, 13)   vdiff=  1.3355E-02 (120,  9)
n=  3326   udiff=  8.7680E-03 (108, 13)   vdiff=  1.3332E-02 (120,  9)
n=  3327   udiff=  8.7501E-03 (108, 13)   vdiff=  1.3309E-02 (120,  9)
n=  3328   udiff=  8.7322E-03 (108, 13)   vdiff=  1.3285E-02 (120,  9)
n=  3329   udiff=  8.7142E-03 (108, 13)   vdiff=  1.3262E-02 (120,  9)
n=  3330   udiff=  8.6963E-03 (108, 13)   vdiff=  1.3239E-02 (120,  9)
n=  3331   udiff=  8.6785E-03 (108, 13)   vdiff=  1.3216E-02 (120,  9)
n=  3332   udiff=  8.6607E-03 (108, 13)   vdiff=  1.3193E-02 (120,  9)
n=  3333   udiff=  8.6428E-03 (108, 13)   vdiff=  1.3169E-02 (120,  9)
n=  3334   udiff=  8.6251E-03 (108, 13)   vdiff=  1.3146E-02 (120,  9)
n=  3335   udiff=  8.6073E-03 (108, 13)   vdiff=  1.3123E-02 (120,  9)
n=  3336   udiff=  8.5896E-03 (108, 13)   vdiff=  1.3100E-02 (120,  9)
n=  3337   udiff=  8.5719E-03 (108, 13)   vdiff=  1.3077E-02 (120,  9)
n=  3338   udiff=  8.5542E-03 (108, 13)   vdiff=  1.3054E-02 (120,  9)
n=  3339   udiff=  8.5365E-03 (108, 13)   vdiff=  1.3031E-02 (120,  9)
n=  3340   udiff=  8.5189E-03 (108, 13)   vdiff=  1.3008E-02 (120,  9)
n=  3341   udiff=  8.5014E-03 (108, 13)   vdiff=  1.2985E-02 (120,  9)
n=  3342   udiff=  8.4838E-03 (108, 13)   vdiff=  1.2962E-02 (120,  9)
n=  3343   udiff=  8.4662E-03 (108, 13)   vdiff=  1.2939E-02 (120,  9)
n=  3344   udiff=  8.4487E-03 (108, 13)   vdiff=  1.2916E-02 (120,  9)
n=  3345   udiff=  8.4312E-03 (108, 13)   vdiff=  1.2893E-02 (120,  9)
n=  3346   udiff=  8.4137E-03 (108, 13)   vdiff=  1.2871E-02 (120,  9)
n=  3347   udiff=  8.3963E-03 (108, 13)   vdiff=  1.2848E-02 (120,  9)
n=  3348   udiff=  8.3788E-03 (108, 13)   vdiff=  1.2825E-02 (120,  9)
n=  3349   udiff=  8.3614E-03 (108, 13)   vdiff=  1.2802E-02 (120,  9)
n=  3350   udiff=  8.3441E-03 (108, 13)   vdiff=  1.2780E-02 (120,  9)
n=  3351   udiff=  8.3267E-03 (108, 13)   vdiff=  1.2757E-02 (120,  9)
n=  3352   udiff=  8.3094E-03 (108, 13)   vdiff=  1.2734E-02 (120,  9)
n=  3353   udiff=  8.2920E-03 (108, 13)   vdiff=  1.2711E-02 (120,  9)
n=  3354   udiff=  8.2747E-03 (108, 13)   vdiff=  1.2689E-02 (120,  9)
n=  3355   udiff=  8.2575E-03 (108, 13)   vdiff=  1.2666E-02 (120,  9)
n=  3356   udiff=  8.2403E-03 (108, 13)   vdiff=  1.2643E-02 (120,  9)
n=  3357   udiff=  8.2231E-03 (108, 13)   vdiff=  1.2621E-02 (120,  9)
n=  3358   udiff=  8.2059E-03 (108, 13)   vdiff=  1.2598E-02 (120,  9)
n=  3359   udiff=  8.1888E-03 (108, 13)   vdiff=  1.2576E-02 (120,  9)
n=  3360   udiff=  8.1716E-03 (108, 13)   vdiff=  1.2553E-02 (120,  9)
n=  3361   udiff=  8.1545E-03 (108, 13)   vdiff=  1.2531E-02 (120,  9)
n=  3362   udiff=  8.1375E-03 (108, 13)   vdiff=  1.2508E-02 (120,  9)
n=  3363   udiff=  8.1203E-03 (108, 13)   vdiff=  1.2485E-02 (120,  9)
n=  3364   udiff=  8.1033E-03 (108, 13)   vdiff=  1.2463E-02 (120,  9)
n=  3365   udiff=  8.0864E-03 (108, 13)   vdiff=  1.2440E-02 (120,  9)
n=  3366   udiff=  8.0693E-03 (108, 13)   vdiff=  1.2418E-02 (120,  9)
n=  3367   udiff=  8.0524E-03 (108, 13)   vdiff=  1.2396E-02 (120,  9)
n=  3368   udiff=  8.0354E-03 (108, 13)   vdiff=  1.2373E-02 (120,  9)
n=  3369   udiff=  8.0185E-03 (108, 13)   vdiff=  1.2351E-02 (120,  9)
n=  3370   udiff=  8.0017E-03 (108, 13)   vdiff=  1.2329E-02 (120,  9)
n=  3371   udiff=  7.9848E-03 (108, 13)   vdiff=  1.2306E-02 (120,  9)
n=  3372   udiff=  7.9679E-03 (108, 13)   vdiff=  1.2284E-02 (120,  9)
n=  3373   udiff=  7.9511E-03 (108, 13)   vdiff=  1.2262E-02 (120,  9)
n=  3374   udiff=  7.9343E-03 (108, 13)   vdiff=  1.2239E-02 (120,  9)
n=  3375   udiff=  7.9176E-03 (108, 13)   vdiff=  1.2217E-02 (120,  9)
n=  3376   udiff=  7.9009E-03 (108, 13)   vdiff=  1.2195E-02 (120,  9)
n=  3377   udiff=  7.8841E-03 (108, 13)   vdiff=  1.2173E-02 (120,  9)
n=  3378   udiff=  7.8674E-03 (108, 13)   vdiff=  1.2150E-02 (120,  9)
n=  3379   udiff=  7.8508E-03 (108, 13)   vdiff=  1.2128E-02 (120,  9)
n=  3380   udiff=  7.8341E-03 (108, 13)   vdiff=  1.2106E-02 (120,  9)
n=  3381   udiff=  7.8175E-03 (108, 13)   vdiff=  1.2084E-02 (120,  9)
n=  3382   udiff=  7.8009E-03 (108, 13)   vdiff=  1.2062E-02 (120,  9)
n=  3383   udiff=  7.7843E-03 (108, 13)   vdiff=  1.2040E-02 (120,  9)
n=  3384   udiff=  7.7678E-03 (108, 13)   vdiff=  1.2018E-02 (120,  9)
n=  3385   udiff=  7.7513E-03 (108, 13)   vdiff=  1.1996E-02 (120,  9)
n=  3386   udiff=  7.7348E-03 (108, 13)   vdiff=  1.1974E-02 (120,  9)
n=  3387   udiff=  7.7183E-03 (108, 13)   vdiff=  1.1952E-02 (120,  9)
n=  3388   udiff=  7.7019E-03 (108, 13)   vdiff=  1.1930E-02 (120,  9)
n=  3389   udiff=  7.6854E-03 (108, 13)   vdiff=  1.1908E-02 (120,  9)
n=  3390   udiff=  7.6690E-03 (108, 13)   vdiff=  1.1886E-02 (120,  9)
n=  3391   udiff=  7.6527E-03 (108, 13)   vdiff=  1.1864E-02 (120,  9)
n=  3392   udiff=  7.6363E-03 (108, 13)   vdiff=  1.1842E-02 (120,  9)
n=  3393   udiff=  7.6200E-03 (108, 13)   vdiff=  1.1820E-02 (120,  9)
n=  3394   udiff=  7.6037E-03 (108, 13)   vdiff=  1.1799E-02 (120,  9)
n=  3395   udiff=  7.5874E-03 (108, 13)   vdiff=  1.1777E-02 (120,  9)
n=  3396   udiff=  7.5711E-03 (108, 13)   vdiff=  1.1755E-02 (120,  9)
n=  3397   udiff=  7.5549E-03 (108, 13)   vdiff=  1.1733E-02 (120,  9)
n=  3398   udiff=  7.5387E-03 (108, 13)   vdiff=  1.1711E-02 (120,  9)
n=  3399   udiff=  7.5225E-03 (108, 13)   vdiff=  1.1690E-02 (120,  9)
n=  3400   udiff=  7.5063E-03 (108, 13)   vdiff=  1.1668E-02 (120,  9)
n=  3401   udiff=  7.4902E-03 (108, 13)   vdiff=  1.1646E-02 (120,  9)
n=  3402   udiff=  7.4740E-03 (108, 13)   vdiff=  1.1624E-02 (120,  9)
n=  3403   udiff=  7.4580E-03 (108, 13)   vdiff=  1.1603E-02 (120,  9)
n=  3404   udiff=  7.4419E-03 (108, 13)   vdiff=  1.1581E-02 (120,  9)
n=  3405   udiff=  7.4259E-03 (108, 13)   vdiff=  1.1560E-02 (120,  9)
n=  3406   udiff=  7.4098E-03 (108, 13)   vdiff=  1.1538E-02 (120,  9)
n=  3407   udiff=  7.3938E-03 (108, 13)   vdiff=  1.1516E-02 (120,  9)
n=  3408   udiff=  7.3779E-03 (108, 13)   vdiff=  1.1495E-02 (120,  9)
n=  3409   udiff=  7.3619E-03 (108, 13)   vdiff=  1.1474E-02 (120,  9)
n=  3410   udiff=  7.3460E-03 (108, 13)   vdiff=  1.1452E-02 (120,  9)
n=  3411   udiff=  7.3301E-03 (108, 13)   vdiff=  1.1431E-02 (120,  9)
n=  3412   udiff=  7.3142E-03 (108, 13)   vdiff=  1.1409E-02 (120,  9)
n=  3413   udiff=  7.2984E-03 (108, 13)   vdiff=  1.1388E-02 (120,  9)
n=  3414   udiff=  7.2825E-03 (108, 13)   vdiff=  1.1366E-02 (120,  9)
n=  3415   udiff=  7.2667E-03 (108, 13)   vdiff=  1.1345E-02 (120,  9)
n=  3416   udiff=  7.2509E-03 (108, 13)   vdiff=  1.1324E-02 (120,  9)
n=  3417   udiff=  7.2352E-03 (108, 13)   vdiff=  1.1302E-02 (120,  9)
n=  3418   udiff=  7.2194E-03 (108, 13)   vdiff=  1.1281E-02 (120,  9)
n=  3419   udiff=  7.2037E-03 (108, 13)   vdiff=  1.1260E-02 (120,  9)
n=  3420   udiff=  7.1880E-03 (108, 13)   vdiff=  1.1238E-02 (120,  9)
n=  3421   udiff=  7.1723E-03 (108, 13)   vdiff=  1.1217E-02 (120,  9)
n=  3422   udiff=  7.1567E-03 (108, 13)   vdiff=  1.1196E-02 (120,  9)
n=  3423   udiff=  7.1411E-03 (108, 13)   vdiff=  1.1175E-02 (120,  9)
n=  3424   udiff=  7.1255E-03 (108, 13)   vdiff=  1.1154E-02 (120,  9)
n=  3425   udiff=  7.1100E-03 (108, 13)   vdiff=  1.1132E-02 (120,  9)
n=  3426   udiff=  7.0944E-03 (108, 13)   vdiff=  1.1111E-02 (120,  9)
n=  3427   udiff=  7.0789E-03 (108, 13)   vdiff=  1.1090E-02 (120,  9)
n=  3428   udiff=  7.0633E-03 (108, 13)   vdiff=  1.1069E-02 (120,  9)
n=  3429   udiff=  7.0478E-03 (108, 13)   vdiff=  1.1048E-02 (120,  9)
n=  3430   udiff=  7.0324E-03 (108, 13)   vdiff=  1.1027E-02 (120,  9)
n=  3431   udiff=  7.0170E-03 (108, 13)   vdiff=  1.1006E-02 (120,  9)
n=  3432   udiff=  7.0016E-03 (108, 13)   vdiff=  1.0985E-02 (120,  9)
n=  3433   udiff=  6.9862E-03 (108, 13)   vdiff=  1.0964E-02 (120,  9)
n=  3434   udiff=  6.9708E-03 (108, 13)   vdiff=  1.0943E-02 (120,  9)
n=  3435   udiff=  6.9555E-03 (108, 13)   vdiff=  1.0922E-02 (120,  9)
n=  3436   udiff=  6.9402E-03 (108, 13)   vdiff=  1.0901E-02 (120,  9)
n=  3437   udiff=  6.9249E-03 (108, 13)   vdiff=  1.0880E-02 (120,  9)
n=  3438   udiff=  6.9096E-03 (108, 13)   vdiff=  1.0859E-02 (120,  9)
n=  3439   udiff=  6.8943E-03 (108, 13)   vdiff=  1.0838E-02 (120,  9)
n=  3440   udiff=  6.8791E-03 (108, 13)   vdiff=  1.0817E-02 (120,  9)
n=  3441   udiff=  6.8639E-03 (108, 13)   vdiff=  1.0796E-02 (120,  9)
n=  3442   udiff=  6.8488E-03 (108, 13)   vdiff=  1.0776E-02 (120,  9)
n=  3443   udiff=  6.8336E-03 (108, 13)   vdiff=  1.0755E-02 (120,  9)
n=  3444   udiff=  6.8185E-03 (108, 13)   vdiff=  1.0734E-02 (120,  9)
n=  3445   udiff=  6.8034E-03 (108, 13)   vdiff=  1.0714E-02 (120,  9)
n=  3446   udiff=  6.7883E-03 (108, 13)   vdiff=  1.0693E-02 (120,  9)
n=  3447   udiff=  6.7732E-03 (108, 13)   vdiff=  1.0672E-02 (120,  9)
n=  3448   udiff=  6.7582E-03 (108, 13)   vdiff=  1.0651E-02 (120,  9)
n=  3449   udiff=  6.7433E-03 (109, 13)   vdiff=  1.0631E-02 (120,  9)
n=  3450   udiff=  6.7285E-03 (109, 13)   vdiff=  1.0610E-02 (120,  9)
n=  3451   udiff=  6.7138E-03 (109, 13)   vdiff=  1.0589E-02 (120,  9)
n=  3452   udiff=  6.6990E-03 (109, 13)   vdiff=  1.0569E-02 (120,  9)
n=  3453   udiff=  6.6842E-03 (109, 13)   vdiff=  1.0549E-02 (120,  9)
n=  3454   udiff=  6.6695E-03 (109, 13)   vdiff=  1.0528E-02 (120,  9)
n=  3455   udiff=  6.6548E-03 (109, 13)   vdiff=  1.0507E-02 (120,  9)
n=  3456   udiff=  6.6402E-03 (109, 13)   vdiff=  1.0487E-02 (120,  9)
n=  3457   udiff=  6.6255E-03 (109, 13)   vdiff=  1.0466E-02 (120,  9)
n=  3458   udiff=  6.6109E-03 (109, 13)   vdiff=  1.0446E-02 (120,  9)
n=  3459   udiff=  6.5963E-03 (109, 13)   vdiff=  1.0426E-02 (120,  9)
n=  3460   udiff=  6.5818E-03 (109, 13)   vdiff=  1.0405E-02 (120,  9)
n=  3461   udiff=  6.5673E-03 (109, 13)   vdiff=  1.0385E-02 (120,  9)
n=  3462   udiff=  6.5527E-03 (109, 13)   vdiff=  1.0364E-02 (120,  9)
n=  3463   udiff=  6.5382E-03 (109, 13)   vdiff=  1.0344E-02 (120,  9)
n=  3464   udiff=  6.5237E-03 (109, 13)   vdiff=  1.0324E-02 (120,  9)
n=  3465   udiff=  6.5112E-03 ( 50, 26)   vdiff=  1.0304E-02 (120,  9)
n=  3466   udiff=  6.5050E-03 ( 50, 26)   vdiff=  1.0283E-02 (120,  9)
n=  3467   udiff=  6.4987E-03 ( 50, 26)   vdiff=  1.0263E-02 (120,  9)
n=  3468   udiff=  6.4924E-03 ( 50, 26)   vdiff=  1.0243E-02 (120,  9)
n=  3469   udiff=  6.4861E-03 ( 50, 26)   vdiff=  1.0223E-02 (120,  9)
n=  3470   udiff=  6.4798E-03 ( 50, 26)   vdiff=  1.0203E-02 (120,  9)
n=  3471   udiff=  6.4734E-03 ( 50, 26)   vdiff=  1.0182E-02 (120,  9)
n=  3472   udiff=  6.4670E-03 ( 50, 26)   vdiff=  1.0162E-02 (120,  9)
n=  3473   udiff=  6.4605E-03 ( 50, 26)   vdiff=  1.0142E-02 (120,  9)
n=  3474   udiff=  6.4541E-03 ( 50, 26)   vdiff=  1.0122E-02 (120,  9)
n=  3475   udiff=  6.4476E-03 ( 50, 26)   vdiff=  1.0102E-02 (120,  9)
n=  3476   udiff=  6.4411E-03 ( 50, 26)   vdiff=  1.0082E-02 (120,  9)
n=  3477   udiff=  6.4345E-03 ( 50, 26)   vdiff=  1.0062E-02 (120,  9)
n=  3478   udiff=  6.4280E-03 ( 50, 26)   vdiff=  1.0042E-02 (120,  9)
n=  3479   udiff=  6.4214E-03 ( 50, 26)   vdiff=  1.0022E-02 (120,  9)
n=  3480   udiff=  6.4147E-03 ( 50, 26)   vdiff=  1.0002E-02 (120,  9)
n=  3481   udiff=  6.4081E-03 ( 50, 26)   vdiff=  9.9822E-03 (120,  9)
n=  3482   udiff=  6.4014E-03 ( 50, 26)   vdiff=  9.9623E-03 (120,  9)
n=  3483   udiff=  6.3947E-03 ( 50, 26)   vdiff=  9.9424E-03 (120,  9)
n=  3484   udiff=  6.3880E-03 ( 50, 26)   vdiff=  9.9230E-03 (120,  9)
n=  3485   udiff=  6.3812E-03 ( 50, 26)   vdiff=  9.9030E-03 (120,  9)
n=  3486   udiff=  6.3744E-03 ( 50, 26)   vdiff=  9.8829E-03 (120,  9)
n=  3487   udiff=  6.3676E-03 ( 50, 26)   vdiff=  9.8634E-03 (120,  9)
n=  3488   udiff=  6.3608E-03 ( 50, 26)   vdiff=  9.8438E-03 (120,  9)
n=  3489   udiff=  6.3539E-03 ( 50, 26)   vdiff=  9.8237E-03 (120,  9)
n=  3490   udiff=  6.3470E-03 ( 50, 26)   vdiff=  9.8040E-03 (120,  9)
n=  3491   udiff=  6.3401E-03 ( 50, 26)   vdiff=  9.7845E-03 (120,  9)
n=  3492   udiff=  6.3331E-03 ( 50, 26)   vdiff=  9.7649E-03 (120,  9)
n=  3493   udiff=  6.3262E-03 ( 50, 26)   vdiff=  9.7452E-03 (120,  9)
n=  3494   udiff=  6.3192E-03 ( 50, 26)   vdiff=  9.7255E-03 (120,  9)
n=  3495   udiff=  6.3122E-03 ( 50, 26)   vdiff=  9.7060E-03 (120,  9)
n=  3496   udiff=  6.3052E-03 ( 50, 26)   vdiff=  9.6864E-03 (120,  9)
n=  3497   udiff=  6.2981E-03 ( 50, 26)   vdiff=  9.6669E-03 (120,  9)
n=  3498   udiff=  6.2910E-03 ( 50, 26)   vdiff=  9.6475E-03 (120,  9)
n=  3499   udiff=  6.2839E-03 ( 50, 26)   vdiff=  9.6280E-03 (120,  9)
n=  3500   udiff=  6.2768E-03 ( 50, 26)   vdiff=  9.6085E-03 (120,  9)
n=  3501   udiff=  6.2696E-03 ( 50, 26)   vdiff=  9.5886E-03 (120,  9)
n=  3502   udiff=  6.2624E-03 ( 50, 26)   vdiff=  9.5694E-03 (120,  9)
n=  3503   udiff=  6.2552E-03 ( 50, 26)   vdiff=  9.5498E-03 (120,  9)
n=  3504   udiff=  6.2480E-03 ( 50, 26)   vdiff=  9.5306E-03 (120,  9)
n=  3505   udiff=  6.2407E-03 ( 50, 26)   vdiff=  9.5112E-03 (120,  9)
n=  3506   udiff=  6.2334E-03 ( 50, 26)   vdiff=  9.4919E-03 (120,  9)
n=  3507   udiff=  6.2261E-03 ( 50, 26)   vdiff=  9.4726E-03 (120,  9)
n=  3508   udiff=  6.2188E-03 ( 50, 26)   vdiff=  9.4535E-03 (120,  9)
n=  3509   udiff=  6.2115E-03 ( 50, 26)   vdiff=  9.4342E-03 (120,  9)
n=  3510   udiff=  6.2041E-03 ( 50, 26)   vdiff=  9.4147E-03 (120,  9)
n=  3511   udiff=  6.1967E-03 ( 50, 26)   vdiff=  9.3955E-03 (120,  9)
n=  3512   udiff=  6.1893E-03 ( 50, 26)   vdiff=  9.3764E-03 (120,  9)
n=  3513   udiff=  6.1818E-03 ( 50, 26)   vdiff=  9.3570E-03 (120,  9)
n=  3514   udiff=  6.1744E-03 ( 50, 26)   vdiff=  9.3379E-03 (120,  9)
n=  3515   udiff=  6.1669E-03 ( 50, 26)   vdiff=  9.3190E-03 (120,  9)
n=  3516   udiff=  6.1594E-03 ( 50, 26)   vdiff=  9.2999E-03 (120,  9)
n=  3517   udiff=  6.1518E-03 ( 50, 26)   vdiff=  9.2807E-03 (120,  9)
n=  3518   udiff=  6.1443E-03 ( 50, 26)   vdiff=  9.2618E-03 (120,  9)
n=  3519   udiff=  6.1367E-03 ( 50, 26)   vdiff=  9.2426E-03 (120,  9)
n=  3520   udiff=  6.1291E-03 ( 50, 26)   vdiff=  9.2238E-03 (120,  9)
n=  3521   udiff=  6.1215E-03 ( 50, 26)   vdiff=  9.2046E-03 (120,  9)
n=  3522   udiff=  6.1139E-03 ( 50, 26)   vdiff=  9.1857E-03 (120,  9)
n=  3523   udiff=  6.1062E-03 ( 50, 26)   vdiff=  9.1666E-03 (120,  9)
n=  3524   udiff=  6.0985E-03 ( 50, 26)   vdiff=  9.1479E-03 (120,  9)
n=  3525   udiff=  6.0908E-03 ( 50, 26)   vdiff=  9.1291E-03 (120,  9)
n=  3526   udiff=  6.0831E-03 ( 50, 26)   vdiff=  9.1100E-03 (120,  9)
n=  3527   udiff=  6.0754E-03 ( 50, 26)   vdiff=  9.0912E-03 (120,  9)
n=  3528   udiff=  6.0676E-03 ( 50, 26)   vdiff=  9.0725E-03 (120,  9)
n=  3529   udiff=  6.0598E-03 ( 50, 26)   vdiff=  9.0535E-03 (120,  9)
n=  3530   udiff=  6.0520E-03 ( 50, 26)   vdiff=  9.0348E-03 (120,  9)
n=  3531   udiff=  6.0442E-03 ( 50, 26)   vdiff=  9.0159E-03 (120,  9)
n=  3532   udiff=  6.0364E-03 ( 50, 26)   vdiff=  8.9975E-03 (120,  9)
n=  3533   udiff=  6.0285E-03 ( 50, 26)   vdiff=  8.9787E-03 (120,  9)
n=  3534   udiff=  6.0206E-03 ( 50, 26)   vdiff=  8.9601E-03 (120,  9)
n=  3535   udiff=  6.0127E-03 ( 50, 26)   vdiff=  8.9415E-03 (120,  9)
n=  3536   udiff=  6.0048E-03 ( 50, 26)   vdiff=  8.9227E-03 (120,  9)
n=  3537   udiff=  5.9969E-03 ( 50, 26)   vdiff=  8.9042E-03 (120,  9)
n=  3538   udiff=  5.9889E-03 ( 50, 26)   vdiff=  8.8856E-03 (120,  9)
n=  3539   udiff=  5.9809E-03 ( 50, 26)   vdiff=  8.8672E-03 (120,  9)
n=  3540   udiff=  5.9729E-03 ( 50, 26)   vdiff=  8.8484E-03 (120,  9)
n=  3541   udiff=  5.9649E-03 ( 50, 26)   vdiff=  8.8298E-03 (120,  9)
n=  3542   udiff=  5.9569E-03 ( 50, 26)   vdiff=  8.8115E-03 (120,  9)
n=  3543   udiff=  5.9492E-03 ( 51, 26)   vdiff=  8.7929E-03 (120,  9)
n=  3544   udiff=  5.9423E-03 ( 51, 26)   vdiff=  8.7746E-03 (120,  9)
n=  3545   udiff=  5.9353E-03 ( 51, 26)   vdiff=  8.7562E-03 (120,  9)
n=  3546   udiff=  5.9283E-03 ( 51, 26)   vdiff=  8.7378E-03 (120,  9)
n=  3547   udiff=  5.9213E-03 ( 51, 26)   vdiff=  8.7195E-03 (120,  9)
n=  3548   udiff=  5.9142E-03 ( 51, 26)   vdiff=  8.7010E-03 (120,  9)
n=  3549   udiff=  5.9072E-03 ( 51, 26)   vdiff=  8.6826E-03 (120,  9)
n=  3550   udiff=  5.9001E-03 ( 51, 26)   vdiff=  8.6646E-03 (120,  9)
n=  3551   udiff=  5.8930E-03 ( 51, 26)   vdiff=  8.6461E-03 (120,  9)
n=  3552   udiff=  5.8859E-03 ( 51, 26)   vdiff=  8.6279E-03 (120,  9)
n=  3553   udiff=  5.8787E-03 ( 51, 26)   vdiff=  8.6098E-03 (120,  9)
n=  3554   udiff=  5.8716E-03 ( 51, 26)   vdiff=  8.5914E-03 (120,  9)
n=  3555   udiff=  5.8644E-03 ( 51, 26)   vdiff=  8.5733E-03 (120,  9)
n=  3556   udiff=  5.8572E-03 ( 51, 26)   vdiff=  8.5552E-03 (120,  9)
n=  3557   udiff=  5.8500E-03 ( 51, 26)   vdiff=  8.5371E-03 (120,  9)
n=  3558   udiff=  5.8428E-03 ( 51, 26)   vdiff=  8.5188E-03 (120,  9)
n=  3559   udiff=  5.8355E-03 ( 51, 26)   vdiff=  8.5006E-03 (120,  9)
n=  3560   udiff=  5.8282E-03 ( 51, 26)   vdiff=  8.4828E-03 (120,  9)
n=  3561   udiff=  5.8209E-03 ( 51, 26)   vdiff=  8.4646E-03 (120,  9)
n=  3562   udiff=  5.8136E-03 ( 51, 26)   vdiff=  8.4467E-03 (120,  9)
n=  3563   udiff=  5.8063E-03 ( 51, 26)   vdiff=  8.4287E-03 (120,  9)
n=  3564   udiff=  5.7989E-03 ( 51, 26)   vdiff=  8.4106E-03 (120,  9)
n=  3565   udiff=  5.7915E-03 ( 51, 26)   vdiff=  8.3929E-03 (120,  9)
n=  3566   udiff=  5.7842E-03 ( 51, 26)   vdiff=  8.3747E-03 (120,  9)
n=  3567   udiff=  5.7767E-03 ( 51, 26)   vdiff=  8.3568E-03 (120,  9)
n=  3568   udiff=  5.7693E-03 ( 51, 26)   vdiff=  8.3391E-03 (120,  9)
n=  3569   udiff=  5.7619E-03 ( 51, 26)   vdiff=  8.3212E-03 (120,  9)
n=  3570   udiff=  5.7544E-03 ( 51, 26)   vdiff=  8.3036E-03 (120,  9)
n=  3571   udiff=  5.7469E-03 ( 51, 26)   vdiff=  8.2858E-03 (120,  9)
n=  3572   udiff=  5.7394E-03 ( 51, 26)   vdiff=  8.2680E-03 (120,  9)
n=  3573   udiff=  5.7319E-03 ( 51, 26)   vdiff=  8.2505E-03 (120,  9)
n=  3574   udiff=  5.7244E-03 ( 51, 26)   vdiff=  8.2324E-03 (120,  9)
n=  3575   udiff=  5.7168E-03 ( 51, 26)   vdiff=  8.2149E-03 (120,  9)
n=  3576   udiff=  5.7092E-03 ( 51, 26)   vdiff=  8.1972E-03 (120,  9)
n=  3577   udiff=  5.7016E-03 ( 51, 26)   vdiff=  8.1797E-03 (120,  9)
n=  3578   udiff=  5.6940E-03 ( 51, 26)   vdiff=  8.1619E-03 (120,  9)
n=  3579   udiff=  5.6864E-03 ( 51, 26)   vdiff=  8.1445E-03 (120,  9)
n=  3580   udiff=  5.6788E-03 ( 51, 26)   vdiff=  8.1266E-03 (120,  9)
n=  3581   udiff=  5.6711E-03 ( 51, 26)   vdiff=  8.1092E-03 (120,  9)
n=  3582   udiff=  5.6634E-03 ( 51, 26)   vdiff=  8.0916E-03 (120,  9)
n=  3583   udiff=  5.6557E-03 ( 51, 26)   vdiff=  8.0740E-03 (120,  9)
n=  3584   udiff=  5.6480E-03 ( 51, 26)   vdiff=  8.0567E-03 (120,  9)
n=  3585   udiff=  5.6403E-03 ( 51, 26)   vdiff=  8.0394E-03 (120,  9)
n=  3586   udiff=  5.6325E-03 ( 51, 26)   vdiff=  8.0217E-03 (120,  9)
n=  3587   udiff=  5.6248E-03 ( 51, 26)   vdiff=  8.0043E-03 (120,  9)
n=  3588   udiff=  5.6170E-03 ( 51, 26)   vdiff=  7.9870E-03 (120,  9)
n=  3589   udiff=  5.6092E-03 ( 51, 26)   vdiff=  7.9695E-03 (120,  9)
n=  3590   udiff=  5.6014E-03 ( 51, 26)   vdiff=  7.9524E-03 (120,  9)
n=  3591   udiff=  5.5936E-03 ( 51, 26)   vdiff=  7.9350E-03 (120,  9)
n=  3592   udiff=  5.5857E-03 ( 51, 26)   vdiff=  7.9177E-03 (120,  9)
n=  3593   udiff=  5.5779E-03 ( 51, 26)   vdiff=  7.9004E-03 (120,  9)
n=  3594   udiff=  5.5700E-03 ( 51, 26)   vdiff=  7.8833E-03 (120,  9)
n=  3595   udiff=  5.5621E-03 ( 51, 26)   vdiff=  7.8662E-03 (120,  9)
n=  3596   udiff=  5.5542E-03 ( 51, 26)   vdiff=  7.8489E-03 (120,  9)
n=  3597   udiff=  5.5463E-03 ( 51, 26)   vdiff=  7.8315E-03 (120,  9)
n=  3598   udiff=  5.5384E-03 ( 51, 26)   vdiff=  7.8149E-03 (120,  9)
n=  3599   udiff=  5.5304E-03 ( 51, 26)   vdiff=  7.7973E-03 (120,  9)
n=  3600   udiff=  5.5225E-03 ( 51, 26)   vdiff=  7.7805E-03 (120,  9)
n=  3601   udiff=  5.5145E-03 ( 51, 26)   vdiff=  7.7634E-03 (120,  9)
n=  3602   udiff=  5.5065E-03 ( 51, 26)   vdiff=  7.7462E-03 (120,  9)
n=  3603   udiff=  5.4985E-03 ( 51, 26)   vdiff=  7.7292E-03 (120,  9)
n=  3604   udiff=  5.4905E-03 ( 51, 26)   vdiff=  7.7122E-03 (120,  9)
n=  3605   udiff=  5.4824E-03 ( 51, 26)   vdiff=  7.6954E-03 (120,  9)
n=  3606   udiff=  5.4744E-03 ( 51, 26)   vdiff=  7.6783E-03 (120,  9)
n=  3607   udiff=  5.4663E-03 ( 51, 26)   vdiff=  7.6615E-03 (120,  9)
n=  3608   udiff=  5.4583E-03 ( 51, 26)   vdiff=  7.6445E-03 (120,  9)
n=  3609   udiff=  5.4502E-03 ( 51, 26)   vdiff=  7.6277E-03 (120,  9)
n=  3610   udiff=  5.4421E-03 ( 51, 26)   vdiff=  7.6110E-03 (120,  9)
n=  3611   udiff=  5.4339E-03 ( 51, 26)   vdiff=  7.5939E-03 (120,  9)
n=  3612   udiff=  5.4258E-03 ( 51, 26)   vdiff=  7.5770E-03 (120,  9)
n=  3613   udiff=  5.4177E-03 ( 51, 26)   vdiff=  7.5602E-03 (120,  9)
n=  3614   udiff=  5.4095E-03 ( 51, 26)   vdiff=  7.5437E-03 (120,  9)
n=  3615   udiff=  5.4013E-03 ( 51, 26)   vdiff=  7.5268E-03 (120,  9)
n=  3616   udiff=  5.3931E-03 ( 51, 26)   vdiff=  7.5103E-03 (120,  9)
n=  3617   udiff=  5.3849E-03 ( 51, 26)   vdiff=  7.4937E-03 (120,  9)
n=  3618   udiff=  5.3767E-03 ( 51, 26)   vdiff=  7.4768E-03 (120,  9)
n=  3619   udiff=  5.3685E-03 ( 51, 26)   vdiff=  7.4606E-03 (120,  9)
n=  3620   udiff=  5.3603E-03 ( 51, 26)   vdiff=  7.4435E-03 (120,  9)
n=  3621   udiff=  5.3520E-03 ( 51, 26)   vdiff=  7.4270E-03 (120,  9)
n=  3622   udiff=  5.3437E-03 ( 51, 26)   vdiff=  7.4106E-03 (120,  9)
n=  3623   udiff=  5.3355E-03 ( 51, 26)   vdiff=  7.3942E-03 (120,  9)
n=  3624   udiff=  5.3272E-03 ( 51, 26)   vdiff=  7.3774E-03 (120,  9)
n=  3625   udiff=  5.3189E-03 ( 51, 26)   vdiff=  7.3611E-03 (120,  9)
n=  3626   udiff=  5.3106E-03 ( 51, 26)   vdiff=  7.3447E-03 (120,  9)
n=  3627   udiff=  5.3023E-03 ( 51, 26)   vdiff=  7.3280E-03 (120,  9)
n=  3628   udiff=  5.2939E-03 ( 51, 26)   vdiff=  7.3120E-03 (120,  9)
n=  3629   udiff=  5.2856E-03 ( 51, 26)   vdiff=  7.2953E-03 (120,  9)
n=  3630   udiff=  5.2772E-03 ( 51, 26)   vdiff=  7.2789E-03 (120,  9)
n=  3631   udiff=  5.2688E-03 ( 51, 26)   vdiff=  7.2627E-03 (120,  9)
n=  3632   udiff=  5.2605E-03 ( 51, 26)   vdiff=  7.2465E-03 (120,  9)
n=  3633   udiff=  5.2521E-03 ( 51, 26)   vdiff=  7.2299E-03 (120,  9)
n=  3634   udiff=  5.2437E-03 ( 51, 26)   vdiff=  7.2141E-03 (120,  9)
n=  3635   udiff=  5.2353E-03 ( 51, 26)   vdiff=  7.1978E-03 (120,  9)
n=  3636   udiff=  5.2268E-03 ( 51, 26)   vdiff=  7.1815E-03 (120,  9)
n=  3637   udiff=  5.2184E-03 ( 51, 26)   vdiff=  7.1653E-03 (120,  9)
n=  3638   udiff=  5.2099E-03 ( 51, 26)   vdiff=  7.1493E-03 (120,  9)
n=  3639   udiff=  5.2015E-03 ( 51, 26)   vdiff=  7.1329E-03 (120,  9)
n=  3640   udiff=  5.1930E-03 ( 51, 26)   vdiff=  7.1171E-03 (120,  9)
n=  3641   udiff=  5.1845E-03 ( 51, 26)   vdiff=  7.1008E-03 (120,  9)
n=  3642   udiff=  5.1760E-03 ( 51, 26)   vdiff=  7.0850E-03 (120,  9)
n=  3643   udiff=  5.1675E-03 ( 51, 26)   vdiff=  7.0687E-03 (120,  9)
n=  3644   udiff=  5.1590E-03 ( 51, 26)   vdiff=  7.0529E-03 (120,  9)
n=  3645   udiff=  5.1505E-03 ( 51, 26)   vdiff=  7.0368E-03 (120,  9)
n=  3646   udiff=  5.1420E-03 ( 51, 26)   vdiff=  7.0208E-03 (120,  9)
n=  3647   udiff=  5.1334E-03 ( 51, 26)   vdiff=  7.0047E-03 (120,  9)
n=  3648   udiff=  5.1249E-03 ( 51, 26)   vdiff=  6.9889E-03 (120,  9)
n=  3649   udiff=  5.1163E-03 ( 51, 26)   vdiff=  6.9730E-03 (120,  9)
n=  3650   udiff=  5.1085E-03 ( 52, 26)   vdiff=  6.9573E-03 (120,  9)
n=  3651   udiff=  5.1008E-03 ( 52, 26)   vdiff=  6.9413E-03 (120,  9)
n=  3652   udiff=  5.0930E-03 ( 52, 26)   vdiff=  6.9253E-03 (120,  9)
n=  3653   udiff=  5.0852E-03 ( 52, 26)   vdiff=  6.9095E-03 (120,  9)
n=  3654   udiff=  5.0775E-03 ( 52, 26)   vdiff=  6.8939E-03 (120,  9)
n=  3655   udiff=  5.0697E-03 ( 52, 26)   vdiff=  6.8781E-03 (120,  9)
n=  3656   udiff=  5.0619E-03 ( 52, 26)   vdiff=  6.8625E-03 (120,  9)
n=  3657   udiff=  5.0541E-03 ( 52, 26)   vdiff=  6.8469E-03 (120,  9)
n=  3658   udiff=  5.0463E-03 ( 52, 26)   vdiff=  6.8310E-03 (120,  9)
n=  3659   udiff=  5.0384E-03 ( 52, 26)   vdiff=  6.8155E-03 (120,  9)
n=  3660   udiff=  5.0306E-03 ( 52, 26)   vdiff=  6.7999E-03 (120,  9)
n=  3661   udiff=  5.0228E-03 ( 52, 26)   vdiff=  6.7842E-03 (120,  9)
n=  3662   udiff=  5.0149E-03 ( 52, 26)   vdiff=  6.7687E-03 (120,  9)
n=  3663   udiff=  5.0070E-03 ( 52, 26)   vdiff=  6.7529E-03 (120,  9)
n=  3664   udiff=  4.9991E-03 ( 52, 26)   vdiff=  6.7427E-03 ( 59, 21)
n=  3665   udiff=  4.9912E-03 ( 52, 26)   vdiff=  6.7370E-03 ( 59, 21)
n=  3666   udiff=  4.9833E-03 ( 52, 26)   vdiff=  6.7311E-03 ( 59, 21)
n=  3667   udiff=  4.9754E-03 ( 52, 26)   vdiff=  6.7252E-03 ( 59, 21)
n=  3668   udiff=  4.9675E-03 ( 52, 26)   vdiff=  6.7191E-03 ( 59, 21)
n=  3669   udiff=  4.9596E-03 ( 52, 26)   vdiff=  6.7133E-03 ( 59, 21)
n=  3670   udiff=  4.9516E-03 ( 52, 26)   vdiff=  6.7075E-03 ( 59, 21)
n=  3671   udiff=  4.9437E-03 ( 52, 26)   vdiff=  6.7014E-03 ( 59, 21)
n=  3672   udiff=  4.9357E-03 ( 52, 26)   vdiff=  6.6954E-03 ( 59, 21)
n=  3673   udiff=  4.9277E-03 ( 52, 26)   vdiff=  6.6893E-03 ( 59, 21)
n=  3674   udiff=  4.9197E-03 ( 52, 26)   vdiff=  6.6834E-03 ( 59, 21)
n=  3675   udiff=  4.9118E-03 ( 52, 26)   vdiff=  6.6771E-03 ( 59, 21)
n=  3676   udiff=  4.9038E-03 ( 52, 26)   vdiff=  6.6711E-03 ( 59, 21)
n=  3677   udiff=  4.8957E-03 ( 52, 26)   vdiff=  6.6652E-03 ( 59, 21)
n=  3678   udiff=  4.8877E-03 ( 52, 26)   vdiff=  6.6590E-03 ( 59, 21)
n=  3679   udiff=  4.8797E-03 ( 52, 26)   vdiff=  6.6526E-03 ( 59, 21)
n=  3680   udiff=  4.8716E-03 ( 52, 26)   vdiff=  6.6465E-03 ( 59, 21)
n=  3681   udiff=  4.8636E-03 ( 52, 26)   vdiff=  6.6403E-03 ( 59, 21)
n=  3682   udiff=  4.8556E-03 ( 52, 26)   vdiff=  6.6341E-03 ( 59, 21)
n=  3683   udiff=  4.8475E-03 ( 52, 26)   vdiff=  6.6281E-03 ( 59, 21)
n=  3684   udiff=  4.8394E-03 ( 52, 26)   vdiff=  6.6216E-03 ( 59, 21)
n=  3685   udiff=  4.8313E-03 ( 52, 26)   vdiff=  6.6154E-03 ( 59, 21)
n=  3686   udiff=  4.8232E-03 ( 52, 26)   vdiff=  6.6091E-03 ( 59, 21)
n=  3687   udiff=  4.8151E-03 ( 52, 26)   vdiff=  6.6027E-03 ( 59, 21)
n=  3688   udiff=  4.8070E-03 ( 52, 26)   vdiff=  6.5965E-03 ( 59, 21)
n=  3689   udiff=  4.7989E-03 ( 52, 26)   vdiff=  6.5903E-03 ( 59, 21)
n=  3690   udiff=  4.7908E-03 ( 52, 26)   vdiff=  6.5838E-03 ( 59, 21)
n=  3691   udiff=  4.7827E-03 ( 52, 26)   vdiff=  6.5773E-03 ( 59, 21)
n=  3692   udiff=  4.7745E-03 ( 52, 26)   vdiff=  6.5711E-03 ( 59, 21)
n=  3693   udiff=  4.7664E-03 ( 52, 26)   vdiff=  6.5646E-03 ( 59, 21)
n=  3694   udiff=  4.7582E-03 ( 52, 26)   vdiff=  6.5580E-03 ( 59, 21)
n=  3695   udiff=  4.7501E-03 ( 52, 26)   vdiff=  6.5516E-03 ( 59, 21)
n=  3696   udiff=  4.7419E-03 ( 52, 26)   vdiff=  6.5452E-03 ( 59, 21)
n=  3697   udiff=  4.7337E-03 ( 52, 26)   vdiff=  6.5388E-03 ( 59, 21)
n=  3698   udiff=  4.7255E-03 ( 52, 26)   vdiff=  6.5321E-03 ( 59, 21)
n=  3699   udiff=  4.7173E-03 ( 52, 26)   vdiff=  6.5257E-03 ( 59, 21)
n=  3700   udiff=  4.7091E-03 ( 52, 26)   vdiff=  6.5192E-03 ( 59, 21)
n=  3701   udiff=  4.7009E-03 ( 52, 26)   vdiff=  6.5125E-03 ( 59, 21)
n=  3702   udiff=  4.6927E-03 ( 52, 26)   vdiff=  6.5060E-03 ( 59, 21)
n=  3703   udiff=  4.6845E-03 ( 52, 26)   vdiff=  6.4993E-03 ( 59, 21)
n=  3704   udiff=  4.6763E-03 ( 52, 26)   vdiff=  6.4926E-03 ( 59, 21)
n=  3705   udiff=  4.6680E-03 ( 52, 26)   vdiff=  6.4860E-03 ( 59, 21)
n=  3706   udiff=  4.6598E-03 ( 52, 26)   vdiff=  6.4795E-03 ( 59, 21)
n=  3707   udiff=  4.6515E-03 ( 52, 26)   vdiff=  6.4725E-03 ( 59, 21)
n=  3708   udiff=  4.6433E-03 ( 52, 26)   vdiff=  6.4660E-03 ( 59, 21)
n=  3709   udiff=  4.6350E-03 ( 52, 26)   vdiff=  6.4592E-03 ( 59, 21)
n=  3710   udiff=  4.6268E-03 ( 52, 26)   vdiff=  6.4527E-03 ( 59, 21)
n=  3711   udiff=  4.6185E-03 ( 52, 26)   vdiff=  6.4459E-03 ( 59, 21)
n=  3712   udiff=  4.6102E-03 ( 52, 26)   vdiff=  6.4391E-03 ( 59, 21)
n=  3713   udiff=  4.6019E-03 ( 52, 26)   vdiff=  6.4324E-03 ( 59, 21)
n=  3714   udiff=  4.5936E-03 ( 52, 26)   vdiff=  6.4256E-03 ( 59, 21)
n=  3715   udiff=  4.5853E-03 ( 52, 26)   vdiff=  6.4186E-03 ( 59, 21)
n=  3716   udiff=  4.5770E-03 ( 52, 26)   vdiff=  6.4119E-03 ( 59, 21)
n=  3717   udiff=  4.5687E-03 ( 52, 26)   vdiff=  6.4050E-03 ( 59, 21)
n=  3718   udiff=  4.5604E-03 ( 52, 26)   vdiff=  6.3981E-03 ( 59, 21)
n=  3719   udiff=  4.5521E-03 ( 52, 26)   vdiff=  6.3912E-03 ( 59, 21)
n=  3720   udiff=  4.5437E-03 ( 52, 26)   vdiff=  6.3844E-03 ( 59, 21)
n=  3721   udiff=  4.5354E-03 ( 52, 26)   vdiff=  6.3772E-03 ( 59, 21)
n=  3722   udiff=  4.5271E-03 ( 52, 26)   vdiff=  6.3711E-03 ( 59, 20)
n=  3723   udiff=  4.5187E-03 ( 52, 26)   vdiff=  6.3655E-03 ( 59, 20)
n=  3724   udiff=  4.5104E-03 ( 52, 26)   vdiff=  6.3595E-03 ( 59, 20)
n=  3725   udiff=  4.5020E-03 ( 52, 26)   vdiff=  6.3535E-03 ( 59, 20)
n=  3726   udiff=  4.4936E-03 ( 52, 26)   vdiff=  6.3475E-03 ( 59, 20)
n=  3727   udiff=  4.4853E-03 ( 52, 26)   vdiff=  6.3414E-03 ( 59, 20)
n=  3728   udiff=  4.4769E-03 ( 52, 26)   vdiff=  6.3355E-03 ( 59, 20)
n=  3729   udiff=  4.4685E-03 ( 52, 26)   vdiff=  6.3294E-03 ( 59, 20)
n=  3730   udiff=  4.4602E-03 ( 52, 26)   vdiff=  6.3235E-03 ( 59, 20)
n=  3731   udiff=  4.4518E-03 ( 52, 26)   vdiff=  6.3172E-03 ( 59, 20)
n=  3732   udiff=  4.4434E-03 ( 52, 26)   vdiff=  6.3112E-03 ( 59, 20)
n=  3733   udiff=  4.4350E-03 ( 52, 26)   vdiff=  6.3053E-03 ( 59, 20)
n=  3734   udiff=  4.4266E-03 ( 52, 26)   vdiff=  6.2990E-03 ( 59, 20)
n=  3735   udiff=  4.4182E-03 ( 52, 26)   vdiff=  6.2930E-03 ( 59, 20)
n=  3736   udiff=  4.4098E-03 ( 52, 26)   vdiff=  6.2869E-03 ( 59, 20)
n=  3737   udiff=  4.4014E-03 ( 52, 26)   vdiff=  6.2808E-03 ( 59, 20)
n=  3738   udiff=  4.3930E-03 ( 52, 26)   vdiff=  6.2744E-03 ( 59, 20)
n=  3739   udiff=  4.3846E-03 ( 52, 26)   vdiff=  6.2681E-03 ( 59, 20)
n=  3740   udiff=  4.3761E-03 ( 52, 26)   vdiff=  6.2620E-03 ( 59, 20)
n=  3741   udiff=  4.3677E-03 ( 52, 26)   vdiff=  6.2556E-03 ( 59, 20)
n=  3742   udiff=  4.3593E-03 ( 52, 26)   vdiff=  6.2493E-03 ( 59, 20)
n=  3743   udiff=  4.3508E-03 ( 52, 26)   vdiff=  6.2428E-03 ( 59, 20)
n=  3744   udiff=  4.3424E-03 ( 52, 26)   vdiff=  6.2369E-03 ( 59, 20)
n=  3745   udiff=  4.3340E-03 ( 52, 26)   vdiff=  6.2306E-03 ( 59, 20)
n=  3746   udiff=  4.3255E-03 ( 52, 26)   vdiff=  6.2241E-03 ( 59, 20)
n=  3747   udiff=  4.3170E-03 ( 52, 26)   vdiff=  6.2177E-03 ( 59, 20)
n=  3748   udiff=  4.3086E-03 ( 52, 26)   vdiff=  6.2112E-03 ( 59, 20)
n=  3749   udiff=  4.3001E-03 ( 52, 26)   vdiff=  6.2049E-03 ( 59, 20)
n=  3750   udiff=  4.2917E-03 ( 52, 26)   vdiff=  6.1981E-03 ( 59, 20)
n=  3751   udiff=  4.2832E-03 ( 52, 26)   vdiff=  6.1917E-03 ( 59, 20)
n=  3752   udiff=  4.2747E-03 ( 52, 26)   vdiff=  6.1855E-03 ( 59, 20)
n=  3753   udiff=  4.2663E-03 ( 52, 26)   vdiff=  6.1789E-03 ( 59, 20)
n=  3754   udiff=  4.2578E-03 ( 52, 26)   vdiff=  6.1726E-03 ( 59, 20)
n=  3755   udiff=  4.2493E-03 ( 52, 26)   vdiff=  6.1660E-03 ( 59, 20)
n=  3756   udiff=  4.2409E-03 ( 52, 26)   vdiff=  6.1595E-03 ( 59, 20)
n=  3757   udiff=  4.2324E-03 ( 52, 26)   vdiff=  6.1527E-03 ( 59, 20)
n=  3758   udiff=  4.2239E-03 ( 52, 26)   vdiff=  6.1463E-03 ( 59, 20)
n=  3759   udiff=  4.2154E-03 ( 52, 26)   vdiff=  6.1395E-03 ( 59, 20)
n=  3760   udiff=  4.2069E-03 ( 52, 26)   vdiff=  6.1329E-03 ( 59, 20)
n=  3761   udiff=  4.1985E-03 ( 52, 26)   vdiff=  6.1264E-03 ( 59, 20)
n=  3762   udiff=  4.1899E-03 ( 52, 26)   vdiff=  6.1196E-03 ( 59, 20)
n=  3763   udiff=  4.1815E-03 ( 52, 26)   vdiff=  6.1131E-03 ( 59, 20)
n=  3764   udiff=  4.1730E-03 ( 52, 26)   vdiff=  6.1064E-03 ( 59, 20)
n=  3765   udiff=  4.1645E-03 ( 52, 26)   vdiff=  6.0996E-03 ( 59, 20)
n=  3766   udiff=  4.1560E-03 ( 52, 26)   vdiff=  6.0927E-03 ( 59, 20)
n=  3767   udiff=  4.1475E-03 ( 52, 26)   vdiff=  6.0862E-03 ( 59, 20)
n=  3768   udiff=  4.1389E-03 ( 52, 26)   vdiff=  6.0791E-03 ( 59, 20)
n=  3769   udiff=  4.1304E-03 ( 52, 26)   vdiff=  6.0724E-03 ( 59, 20)
n=  3770   udiff=  4.1219E-03 ( 52, 26)   vdiff=  6.0658E-03 ( 59, 20)
n=  3771   udiff=  4.1134E-03 ( 52, 26)   vdiff=  6.0589E-03 ( 59, 20)
n=  3772   udiff=  4.1049E-03 ( 52, 26)   vdiff=  6.0520E-03 ( 59, 20)
n=  3773   udiff=  4.0964E-03 ( 52, 26)   vdiff=  6.0453E-03 ( 59, 20)
n=  3774   udiff=  4.0879E-03 ( 52, 26)   vdiff=  6.0383E-03 ( 59, 20)
n=  3775   udiff=  4.0794E-03 ( 52, 26)   vdiff=  6.0315E-03 ( 59, 20)
n=  3776   udiff=  4.0709E-03 ( 52, 26)   vdiff=  6.0246E-03 ( 59, 20)
n=  3777   udiff=  4.0623E-03 ( 52, 26)   vdiff=  6.0178E-03 ( 59, 20)
n=  3778   udiff=  4.0538E-03 ( 52, 26)   vdiff=  6.0106E-03 ( 59, 20)
n=  3779   udiff=  4.0453E-03 ( 53, 26)   vdiff=  6.0037E-03 ( 59, 20)
n=  3780   udiff=  4.0375E-03 ( 53, 26)   vdiff=  5.9970E-03 ( 59, 20)
n=  3781   udiff=  4.0295E-03 ( 53, 26)   vdiff=  5.9895E-03 ( 59, 20)
n=  3782   udiff=  4.0217E-03 ( 53, 26)   vdiff=  5.9825E-03 ( 59, 20)
n=  3783   udiff=  4.0137E-03 ( 53, 26)   vdiff=  5.9757E-03 ( 59, 20)
n=  3784   udiff=  4.0058E-03 ( 53, 26)   vdiff=  5.9687E-03 ( 59, 20)
n=  3785   udiff=  3.9979E-03 ( 53, 26)   vdiff=  5.9616E-03 ( 59, 20)
n=  3786   udiff=  3.9900E-03 ( 53, 26)   vdiff=  5.9546E-03 ( 59, 20)
n=  3787   udiff=  3.9821E-03 ( 53, 26)   vdiff=  5.9474E-03 ( 59, 20)
n=  3788   udiff=  3.9742E-03 ( 53, 26)   vdiff=  5.9406E-03 ( 59, 20)
n=  3789   udiff=  3.9662E-03 ( 53, 26)   vdiff=  5.9332E-03 ( 59, 20)
n=  3790   udiff=  3.9583E-03 ( 53, 26)   vdiff=  5.9262E-03 ( 59, 20)
n=  3791   udiff=  3.9504E-03 ( 53, 26)   vdiff=  5.9190E-03 ( 59, 20)
n=  3792   udiff=  3.9425E-03 ( 53, 26)   vdiff=  5.9120E-03 ( 59, 20)
n=  3793   udiff=  3.9345E-03 ( 53, 26)   vdiff=  5.9047E-03 ( 59, 20)
n=  3794   udiff=  3.9266E-03 ( 53, 26)   vdiff=  5.8975E-03 ( 59, 20)
n=  3795   udiff=  3.9187E-03 ( 53, 26)   vdiff=  5.8903E-03 ( 59, 20)
n=  3796   udiff=  3.9107E-03 ( 53, 26)   vdiff=  5.8833E-03 ( 59, 20)
n=  3797   udiff=  3.9028E-03 ( 53, 26)   vdiff=  5.8758E-03 ( 59, 20)
n=  3798   udiff=  3.8949E-03 ( 53, 26)   vdiff=  5.8686E-03 ( 59, 20)
n=  3799   udiff=  3.8869E-03 ( 53, 26)   vdiff=  5.8614E-03 ( 59, 20)
n=  3800   udiff=  3.8790E-03 ( 53, 26)   vdiff=  5.8540E-03 ( 59, 20)
n=  3801   udiff=  3.8710E-03 ( 53, 26)   vdiff=  5.8468E-03 ( 59, 20)
n=  3802   udiff=  3.8631E-03 ( 53, 26)   vdiff=  5.8395E-03 ( 59, 20)
n=  3803   udiff=  3.8551E-03 ( 53, 26)   vdiff=  5.8321E-03 ( 59, 20)
n=  3804   udiff=  3.8472E-03 ( 53, 26)   vdiff=  5.8249E-03 ( 59, 20)
n=  3805   udiff=  3.8393E-03 ( 53, 26)   vdiff=  5.8175E-03 ( 59, 20)
n=  3806   udiff=  3.8313E-03 ( 53, 26)   vdiff=  5.8103E-03 ( 59, 20)
n=  3807   udiff=  3.8234E-03 ( 53, 26)   vdiff=  5.8030E-03 ( 59, 20)
n=  3808   udiff=  3.8154E-03 ( 53, 26)   vdiff=  5.7954E-03 ( 59, 20)
n=  3809   udiff=  3.8075E-03 ( 53, 26)   vdiff=  5.7879E-03 ( 59, 20)
n=  3810   udiff=  3.7995E-03 ( 53, 26)   vdiff=  5.7805E-03 ( 59, 20)
n=  3811   udiff=  3.7916E-03 ( 53, 26)   vdiff=  5.7731E-03 ( 59, 20)
n=  3812   udiff=  3.7836E-03 ( 53, 26)   vdiff=  5.7658E-03 ( 59, 20)
n=  3813   udiff=  3.7757E-03 ( 53, 26)   vdiff=  5.7582E-03 ( 59, 20)
n=  3814   udiff=  3.7677E-03 ( 53, 26)   vdiff=  5.7509E-03 ( 59, 20)
n=  3815   udiff=  3.7598E-03 ( 53, 26)   vdiff=  5.7433E-03 ( 59, 20)
n=  3816   udiff=  3.7518E-03 ( 53, 26)   vdiff=  5.7357E-03 ( 59, 20)
n=  3817   udiff=  3.7439E-03 ( 53, 26)   vdiff=  5.7284E-03 ( 59, 20)
n=  3818   udiff=  3.7359E-03 ( 53, 26)   vdiff=  5.7209E-03 ( 59, 20)
n=  3819   udiff=  3.7280E-03 ( 53, 26)   vdiff=  5.7134E-03 ( 59, 20)
n=  3820   udiff=  3.7200E-03 ( 53, 26)   vdiff=  5.7057E-03 ( 59, 20)
n=  3821   udiff=  3.7121E-03 ( 53, 26)   vdiff=  5.6981E-03 ( 59, 20)
n=  3822   udiff=  3.7041E-03 ( 53, 26)   vdiff=  5.6904E-03 ( 59, 20)
n=  3823   udiff=  3.6962E-03 ( 53, 26)   vdiff=  5.6829E-03 ( 59, 20)
n=  3824   udiff=  3.6882E-03 ( 53, 26)   vdiff=  5.6756E-03 ( 59, 20)
n=  3825   udiff=  3.6802E-03 ( 53, 26)   vdiff=  5.6677E-03 ( 59, 20)
n=  3826   udiff=  3.6723E-03 ( 53, 26)   vdiff=  5.6602E-03 ( 59, 20)
n=  3827   udiff=  3.6643E-03 ( 53, 26)   vdiff=  5.6524E-03 ( 59, 20)
n=  3828   udiff=  3.6564E-03 ( 53, 26)   vdiff=  5.6449E-03 ( 59, 20)
n=  3829   udiff=  3.6484E-03 ( 53, 26)   vdiff=  5.6372E-03 ( 59, 20)
n=  3830   udiff=  3.6405E-03 ( 53, 26)   vdiff=  5.6297E-03 ( 59, 20)
n=  3831   udiff=  3.6325E-03 ( 53, 26)   vdiff=  5.6219E-03 ( 59, 20)
n=  3832   udiff=  3.6249E-03 ( 53, 25)   vdiff=  5.6142E-03 ( 59, 20)
n=  3833   udiff=  3.6183E-03 ( 53, 25)   vdiff=  5.6066E-03 ( 59, 20)
n=  3834   udiff=  3.6116E-03 ( 53, 25)   vdiff=  5.5989E-03 ( 59, 20)
n=  3835   udiff=  3.6050E-03 ( 53, 25)   vdiff=  5.5912E-03 ( 59, 20)
n=  3836   udiff=  3.5983E-03 ( 53, 25)   vdiff=  5.5833E-03 ( 59, 20)
n=  3837   udiff=  3.5916E-03 ( 53, 25)   vdiff=  5.5756E-03 ( 59, 20)
n=  3838   udiff=  3.5850E-03 ( 53, 25)   vdiff=  5.5680E-03 ( 59, 20)
n=  3839   udiff=  3.5782E-03 ( 53, 25)   vdiff=  5.5600E-03 ( 59, 20)
n=  3840   udiff=  3.5716E-03 ( 53, 25)   vdiff=  5.5522E-03 ( 59, 20)
n=  3841   udiff=  3.5649E-03 ( 53, 25)   vdiff=  5.5445E-03 ( 59, 20)
n=  3842   udiff=  3.5582E-03 ( 53, 25)   vdiff=  5.5366E-03 ( 59, 20)
n=  3843   udiff=  3.5515E-03 ( 53, 25)   vdiff=  5.5289E-03 ( 59, 20)
n=  3844   udiff=  3.5448E-03 ( 53, 25)   vdiff=  5.5211E-03 ( 59, 20)
n=  3845   udiff=  3.5381E-03 ( 53, 25)   vdiff=  5.5133E-03 ( 59, 20)
n=  3846   udiff=  3.5314E-03 ( 53, 25)   vdiff=  5.5056E-03 ( 59, 20)
n=  3847   udiff=  3.5247E-03 ( 53, 25)   vdiff=  5.4975E-03 ( 59, 20)
n=  3848   udiff=  3.5179E-03 ( 53, 25)   vdiff=  5.4895E-03 ( 59, 20)
n=  3849   udiff=  3.5113E-03 ( 53, 25)   vdiff=  5.4817E-03 ( 59, 20)
n=  3850   udiff=  3.5046E-03 ( 53, 25)   vdiff=  5.4739E-03 ( 59, 20)
n=  3851   udiff=  3.4978E-03 ( 53, 25)   vdiff=  5.4662E-03 ( 59, 20)
n=  3852   udiff=  3.4911E-03 ( 53, 25)   vdiff=  5.4581E-03 ( 59, 20)
n=  3853   udiff=  3.4844E-03 ( 53, 25)   vdiff=  5.4502E-03 ( 59, 20)
n=  3854   udiff=  3.4777E-03 ( 53, 25)   vdiff=  5.4422E-03 ( 59, 20)
n=  3855   udiff=  3.4709E-03 ( 53, 25)   vdiff=  5.4344E-03 ( 59, 20)
n=  3856   udiff=  3.4642E-03 ( 53, 25)   vdiff=  5.4263E-03 ( 59, 20)
n=  3857   udiff=  3.4575E-03 ( 53, 25)   vdiff=  5.4184E-03 ( 59, 20)
n=  3858   udiff=  3.4507E-03 ( 53, 25)   vdiff=  5.4104E-03 ( 59, 20)
n=  3859   udiff=  3.4440E-03 ( 53, 25)   vdiff=  5.4025E-03 ( 59, 20)
n=  3860   udiff=  3.4372E-03 ( 53, 25)   vdiff=  5.3944E-03 ( 59, 20)
n=  3861   udiff=  3.4305E-03 ( 53, 25)   vdiff=  5.3864E-03 ( 59, 20)
n=  3862   udiff=  3.4238E-03 ( 53, 25)   vdiff=  5.3786E-03 ( 59, 20)
n=  3863   udiff=  3.4170E-03 ( 53, 25)   vdiff=  5.3704E-03 ( 59, 20)
n=  3864   udiff=  3.4102E-03 ( 53, 25)   vdiff=  5.3626E-03 ( 59, 20)
n=  3865   udiff=  3.4035E-03 ( 53, 25)   vdiff=  5.3544E-03 ( 59, 20)
n=  3866   udiff=  3.3968E-03 ( 53, 25)   vdiff=  5.3463E-03 ( 59, 20)
n=  3867   udiff=  3.3900E-03 ( 53, 25)   vdiff=  5.3384E-03 ( 59, 20)
n=  3868   udiff=  3.3832E-03 ( 53, 25)   vdiff=  5.3304E-03 ( 59, 20)
n=  3869   udiff=  3.3764E-03 ( 53, 25)   vdiff=  5.3222E-03 ( 59, 20)
n=  3870   udiff=  3.3697E-03 ( 53, 25)   vdiff=  5.3140E-03 ( 59, 20)
n=  3871   udiff=  3.3630E-03 ( 53, 25)   vdiff=  5.3061E-03 ( 59, 20)
n=  3872   udiff=  3.3562E-03 ( 53, 25)   vdiff=  5.2979E-03 ( 59, 20)
n=  3873   udiff=  3.3494E-03 ( 53, 25)   vdiff=  5.2897E-03 ( 59, 20)
n=  3874   udiff=  3.3426E-03 ( 53, 25)   vdiff=  5.2819E-03 ( 59, 20)
n=  3875   udiff=  3.3359E-03 ( 53, 25)   vdiff=  5.2738E-03 ( 59, 20)
n=  3876   udiff=  3.3291E-03 ( 53, 25)   vdiff=  5.2657E-03 ( 59, 20)
n=  3877   udiff=  3.3223E-03 ( 53, 25)   vdiff=  5.2575E-03 ( 59, 20)
n=  3878   udiff=  3.3156E-03 ( 53, 25)   vdiff=  5.2495E-03 ( 59, 20)
n=  3879   udiff=  3.3088E-03 ( 53, 25)   vdiff=  5.2410E-03 ( 59, 20)
n=  3880   udiff=  3.3020E-03 ( 53, 25)   vdiff=  5.2332E-03 ( 59, 20)
n=  3881   udiff=  3.2952E-03 ( 53, 25)   vdiff=  5.2250E-03 ( 59, 20)
n=  3882   udiff=  3.2884E-03 ( 53, 25)   vdiff=  5.2168E-03 ( 59, 20)
n=  3883   udiff=  3.2816E-03 ( 53, 25)   vdiff=  5.2087E-03 ( 59, 20)
n=  3884   udiff=  3.2749E-03 ( 53, 25)   vdiff=  5.2004E-03 ( 59, 20)
n=  3885   udiff=  3.2681E-03 ( 53, 25)   vdiff=  5.1922E-03 ( 59, 20)
n=  3886   udiff=  3.2613E-03 ( 53, 25)   vdiff=  5.1840E-03 ( 59, 20)
n=  3887   udiff=  3.2545E-03 ( 53, 25)   vdiff=  5.1757E-03 ( 59, 20)
n=  3888   udiff=  3.2478E-03 ( 53, 25)   vdiff=  5.1675E-03 ( 59, 20)
n=  3889   udiff=  3.2410E-03 ( 53, 25)   vdiff=  5.1593E-03 ( 59, 20)
n=  3890   udiff=  3.2342E-03 ( 53, 25)   vdiff=  5.1512E-03 ( 59, 20)
n=  3891   udiff=  3.2274E-03 ( 53, 25)   vdiff=  5.1429E-03 ( 59, 20)
n=  3892   udiff=  3.2206E-03 ( 53, 25)   vdiff=  5.1347E-03 ( 59, 20)
n=  3893   udiff=  3.2138E-03 ( 53, 25)   vdiff=  5.1264E-03 ( 59, 20)
n=  3894   udiff=  3.2070E-03 ( 53, 25)   vdiff=  5.1181E-03 ( 59, 20)
n=  3895   udiff=  3.2002E-03 ( 53, 25)   vdiff=  5.1101E-03 ( 59, 20)
n=  3896   udiff=  3.1935E-03 ( 53, 25)   vdiff=  5.1017E-03 ( 59, 20)
n=  3897   udiff=  3.1867E-03 ( 53, 25)   vdiff=  5.0934E-03 ( 59, 20)
n=  3898   udiff=  3.1799E-03 ( 53, 25)   vdiff=  5.0850E-03 ( 59, 20)
n=  3899   udiff=  3.1731E-03 ( 53, 25)   vdiff=  5.0765E-03 ( 59, 20)
n=  3900   udiff=  3.1663E-03 ( 53, 25)   vdiff=  5.0686E-03 ( 59, 20)
n=  3901   udiff=  3.1595E-03 ( 53, 25)   vdiff=  5.0601E-03 ( 59, 20)
n=  3902   udiff=  3.1527E-03 ( 53, 25)   vdiff=  5.0518E-03 ( 59, 20)
n=  3903   udiff=  3.1460E-03 ( 53, 25)   vdiff=  5.0436E-03 ( 59, 20)
n=  3904   udiff=  3.1391E-03 ( 53, 25)   vdiff=  5.0351E-03 ( 59, 20)
n=  3905   udiff=  3.1324E-03 ( 53, 25)   vdiff=  5.0268E-03 ( 59, 20)
n=  3906   udiff=  3.1256E-03 ( 53, 25)   vdiff=  5.0187E-03 ( 59, 20)
n=  3907   udiff=  3.1188E-03 ( 53, 25)   vdiff=  5.0102E-03 ( 59, 20)
n=  3908   udiff=  3.1120E-03 ( 53, 25)   vdiff=  5.0020E-03 ( 59, 20)
n=  3909   udiff=  3.1052E-03 ( 53, 25)   vdiff=  4.9935E-03 ( 59, 20)
n=  3910   udiff=  3.0985E-03 ( 53, 25)   vdiff=  4.9852E-03 ( 59, 20)
n=  3911   udiff=  3.0917E-03 ( 53, 25)   vdiff=  4.9770E-03 ( 59, 20)
n=  3912   udiff=  3.0849E-03 ( 53, 25)   vdiff=  4.9687E-03 ( 59, 20)
n=  3913   udiff=  3.0781E-03 ( 53, 25)   vdiff=  4.9602E-03 ( 59, 20)
n=  3914   udiff=  3.0713E-03 ( 53, 25)   vdiff=  4.9517E-03 ( 59, 20)
n=  3915   udiff=  3.0645E-03 ( 53, 25)   vdiff=  4.9434E-03 ( 59, 20)
n=  3916   udiff=  3.0577E-03 ( 53, 25)   vdiff=  4.9350E-03 ( 59, 20)
n=  3917   udiff=  3.0510E-03 ( 53, 25)   vdiff=  4.9266E-03 ( 59, 20)
n=  3918   udiff=  3.0442E-03 ( 53, 25)   vdiff=  4.9184E-03 ( 59, 20)
n=  3919   udiff=  3.0374E-03 ( 53, 25)   vdiff=  4.9097E-03 ( 59, 20)
n=  3920   udiff=  3.0306E-03 ( 53, 25)   vdiff=  4.9016E-03 ( 59, 20)
n=  3921   udiff=  3.0238E-03 ( 53, 25)   vdiff=  4.8929E-03 ( 59, 20)
n=  3922   udiff=  3.0171E-03 ( 53, 25)   vdiff=  4.8847E-03 ( 59, 20)
n=  3923   udiff=  3.0103E-03 ( 53, 25)   vdiff=  4.8762E-03 ( 59, 20)
n=  3924   udiff=  3.0035E-03 ( 53, 25)   vdiff=  4.8680E-03 ( 59, 20)
n=  3925   udiff=  2.9967E-03 ( 53, 25)   vdiff=  4.8593E-03 ( 59, 20)
n=  3926   udiff=  2.9900E-03 ( 53, 25)   vdiff=  4.8511E-03 ( 59, 20)
n=  3927   udiff=  2.9832E-03 ( 53, 25)   vdiff=  4.8425E-03 ( 59, 20)
n=  3928   udiff=  2.9764E-03 ( 53, 25)   vdiff=  4.8342E-03 ( 59, 20)
n=  3929   udiff=  2.9697E-03 ( 53, 25)   vdiff=  4.8258E-03 ( 59, 20)
n=  3930   udiff=  2.9629E-03 ( 53, 25)   vdiff=  4.8173E-03 ( 59, 20)
n=  3931   udiff=  2.9561E-03 ( 53, 25)   vdiff=  4.8087E-03 ( 59, 20)
n=  3932   udiff=  2.9500E-03 ( 67, 14)   vdiff=  4.8004E-03 ( 59, 20)
n=  3933   udiff=  2.9462E-03 ( 67, 14)   vdiff=  4.7919E-03 ( 59, 20)
n=  3934   udiff=  2.9422E-03 ( 67, 14)   vdiff=  4.7834E-03 ( 59, 20)
n=  3935   udiff=  2.9385E-03 ( 67, 14)   vdiff=  4.7749E-03 ( 59, 20)
n=  3936   udiff=  2.9345E-03 ( 67, 14)   vdiff=  4.7666E-03 ( 59, 20)
n=  3937   udiff=  2.9306E-03 ( 67, 14)   vdiff=  4.7580E-03 ( 59, 20)
n=  3938   udiff=  2.9270E-03 ( 67, 14)   vdiff=  4.7497E-03 ( 59, 20)
n=  3939   udiff=  2.9231E-03 ( 67, 14)   vdiff=  4.7409E-03 ( 59, 20)
n=  3940   udiff=  2.9192E-03 ( 67, 14)   vdiff=  4.7326E-03 ( 59, 20)
n=  3941   udiff=  2.9152E-03 ( 67, 14)   vdiff=  4.7240E-03 ( 59, 20)
n=  3942   udiff=  2.9115E-03 ( 67, 14)   vdiff=  4.7157E-03 ( 59, 20)
n=  3943   udiff=  2.9075E-03 ( 67, 14)   vdiff=  4.7071E-03 ( 59, 20)
n=  3944   udiff=  2.9037E-03 ( 67, 14)   vdiff=  4.6988E-03 ( 59, 20)
n=  3945   udiff=  2.8997E-03 ( 67, 14)   vdiff=  4.6901E-03 ( 59, 20)
n=  3946   udiff=  2.8959E-03 ( 67, 14)   vdiff=  4.6818E-03 ( 59, 20)
n=  3947   udiff=  2.8919E-03 ( 67, 14)   vdiff=  4.6732E-03 ( 59, 20)
n=  3948   udiff=  2.8880E-03 ( 67, 14)   vdiff=  4.6648E-03 ( 59, 20)
n=  3949   udiff=  2.8840E-03 ( 67, 14)   vdiff=  4.6561E-03 ( 59, 20)
n=  3950   udiff=  2.8802E-03 ( 67, 14)   vdiff=  4.6477E-03 ( 59, 20)
n=  3951   udiff=  2.8762E-03 ( 67, 14)   vdiff=  4.6393E-03 ( 59, 20)
n=  3952   udiff=  2.8722E-03 ( 67, 14)   vdiff=  4.6306E-03 ( 59, 20)
n=  3953   udiff=  2.8683E-03 ( 67, 14)   vdiff=  4.6222E-03 ( 59, 20)
n=  3954   udiff=  2.8643E-03 ( 67, 14)   vdiff=  4.6136E-03 ( 59, 20)
n=  3955   udiff=  2.8603E-03 ( 67, 14)   vdiff=  4.6049E-03 ( 59, 20)
n=  3956   udiff=  2.8564E-03 ( 67, 14)   vdiff=  4.5966E-03 ( 59, 20)
n=  3957   udiff=  2.8524E-03 ( 67, 14)   vdiff=  4.5880E-03 ( 59, 20)
n=  3958   udiff=  2.8485E-03 ( 67, 14)   vdiff=  4.5794E-03 ( 59, 20)
n=  3959   udiff=  2.8443E-03 ( 67, 14)   vdiff=  4.5710E-03 ( 59, 20)
n=  3960   udiff=  2.8404E-03 ( 67, 14)   vdiff=  4.5624E-03 ( 59, 20)
n=  3961   udiff=  2.8364E-03 ( 67, 14)   vdiff=  4.5539E-03 ( 59, 20)
n=  3962   udiff=  2.8324E-03 ( 67, 14)   vdiff=  4.5455E-03 ( 59, 20)
n=  3963   udiff=  2.8283E-03 ( 67, 14)   vdiff=  4.5369E-03 ( 59, 20)
n=  3964   udiff=  2.8243E-03 ( 67, 14)   vdiff=  4.5284E-03 ( 59, 20)
n=  3965   udiff=  2.8203E-03 ( 67, 14)   vdiff=  4.5198E-03 ( 59, 20)
n=  3966   udiff=  2.8162E-03 ( 67, 14)   vdiff=  4.5112E-03 ( 59, 20)
n=  3967   udiff=  2.8121E-03 ( 67, 14)   vdiff=  4.5027E-03 ( 59, 20)
n=  3968   udiff=  2.8082E-03 ( 67, 14)   vdiff=  4.4942E-03 ( 59, 20)
n=  3969   udiff=  2.8041E-03 ( 67, 14)   vdiff=  4.4856E-03 ( 59, 20)
n=  3970   udiff=  2.8001E-03 ( 67, 14)   vdiff=  4.4770E-03 ( 59, 20)
n=  3971   udiff=  2.7959E-03 ( 67, 14)   vdiff=  4.4684E-03 ( 59, 20)
n=  3972   udiff=  2.7918E-03 ( 67, 14)   vdiff=  4.4599E-03 ( 59, 20)
n=  3973   udiff=  2.7880E-03 ( 67, 14)   vdiff=  4.4513E-03 ( 59, 20)
n=  3974   udiff=  2.7838E-03 ( 67, 14)   vdiff=  4.4427E-03 ( 59, 20)
n=  3975   udiff=  2.7796E-03 ( 67, 14)   vdiff=  4.4341E-03 ( 59, 20)
n=  3976   udiff=  2.7756E-03 ( 67, 14)   vdiff=  4.4257E-03 ( 59, 20)
n=  3977   udiff=  2.7715E-03 ( 67, 14)   vdiff=  4.4172E-03 ( 59, 20)
n=  3978   udiff=  2.7674E-03 ( 67, 14)   vdiff=  4.4087E-03 ( 59, 20)
n=  3979   udiff=  2.7633E-03 ( 67, 14)   vdiff=  4.4000E-03 ( 59, 20)
n=  3980   udiff=  2.7592E-03 ( 67, 14)   vdiff=  4.3914E-03 ( 59, 20)
n=  3981   udiff=  2.7550E-03 ( 67, 14)   vdiff=  4.3830E-03 ( 59, 20)
n=  3982   udiff=  2.7509E-03 ( 67, 14)   vdiff=  4.3744E-03 ( 59, 20)
n=  3983   udiff=  2.7468E-03 ( 67, 14)   vdiff=  4.3658E-03 ( 59, 20)
n=  3984   udiff=  2.7427E-03 ( 67, 14)   vdiff=  4.3571E-03 ( 59, 20)
n=  3985   udiff=  2.7385E-03 ( 67, 14)   vdiff=  4.3487E-03 ( 59, 20)
n=  3986   udiff=  2.7344E-03 ( 67, 14)   vdiff=  4.3400E-03 ( 59, 20)
n=  3987   udiff=  2.7302E-03 ( 67, 14)   vdiff=  4.3316E-03 ( 59, 20)
n=  3988   udiff=  2.7260E-03 ( 67, 14)   vdiff=  4.3229E-03 ( 59, 20)
n=  3989   udiff=  2.7220E-03 ( 67, 14)   vdiff=  4.3144E-03 ( 59, 20)
n=  3990   udiff=  2.7178E-03 ( 67, 14)   vdiff=  4.3056E-03 ( 59, 20)
n=  3991   udiff=  2.7137E-03 ( 67, 14)   vdiff=  4.2972E-03 ( 59, 20)
n=  3992   udiff=  2.7094E-03 ( 67, 14)   vdiff=  4.2887E-03 ( 59, 20)
n=  3993   udiff=  2.7052E-03 ( 67, 14)   vdiff=  4.2802E-03 ( 59, 20)
n=  3994   udiff=  2.7011E-03 ( 67, 14)   vdiff=  4.2716E-03 ( 59, 20)
n=  3995   udiff=  2.6968E-03 ( 67, 14)   vdiff=  4.2631E-03 ( 59, 20)
n=  3996   udiff=  2.6927E-03 ( 67, 14)   vdiff=  4.2543E-03 ( 59, 20)
n=  3997   udiff=  2.6884E-03 ( 67, 14)   vdiff=  4.2458E-03 ( 59, 20)
n=  3998   udiff=  2.6844E-03 ( 67, 14)   vdiff=  4.2373E-03 ( 59, 20)
n=  3999   udiff=  2.6802E-03 ( 67, 14)   vdiff=  4.2286E-03 ( 59, 20)
n=  4000   udiff=  2.6759E-03 ( 67, 14)   vdiff=  4.2203E-03 ( 59, 20)
n=  4001   udiff=  2.6717E-03 ( 67, 14)   vdiff=  4.2116E-03 ( 59, 20)
n=  4002   udiff=  2.6675E-03 ( 67, 14)   vdiff=  4.2031E-03 ( 59, 20)
n=  4003   udiff=  2.6632E-03 ( 67, 14)   vdiff=  4.1946E-03 ( 59, 20)
n=  4004   udiff=  2.6590E-03 ( 67, 14)   vdiff=  4.1860E-03 ( 59, 20)
n=  4005   udiff=  2.6548E-03 ( 67, 14)   vdiff=  4.1772E-03 ( 59, 20)
n=  4006   udiff=  2.6506E-03 ( 67, 14)   vdiff=  4.1687E-03 ( 59, 20)
n=  4007   udiff=  2.6463E-03 ( 67, 14)   vdiff=  4.1601E-03 ( 59, 20)
n=  4008   udiff=  2.6421E-03 ( 67, 14)   vdiff=  4.1517E-03 ( 59, 20)
n=  4009   udiff=  2.6378E-03 ( 67, 14)   vdiff=  4.1430E-03 ( 59, 20)
n=  4010   udiff=  2.6335E-03 ( 67, 14)   vdiff=  4.1345E-03 ( 59, 20)
n=  4011   udiff=  2.6294E-03 ( 67, 14)   vdiff=  4.1261E-03 ( 59, 20)
n=  4012   udiff=  2.6251E-03 ( 67, 14)   vdiff=  4.1174E-03 ( 59, 20)
n=  4013   udiff=  2.6209E-03 ( 67, 14)   vdiff=  4.1088E-03 ( 59, 20)
n=  4014   udiff=  2.6166E-03 ( 67, 14)   vdiff=  4.1003E-03 ( 59, 20)
n=  4015   udiff=  2.6123E-03 ( 67, 14)   vdiff=  4.0918E-03 ( 59, 20)
n=  4016   udiff=  2.6081E-03 ( 67, 14)   vdiff=  4.0832E-03 ( 59, 20)
n=  4017   udiff=  2.6038E-03 ( 67, 14)   vdiff=  4.0746E-03 ( 59, 20)
n=  4018   udiff=  2.5995E-03 ( 67, 14)   vdiff=  4.0662E-03 ( 59, 20)
n=  4019   udiff=  2.5952E-03 ( 67, 14)   vdiff=  4.0576E-03 ( 59, 20)
n=  4020   udiff=  2.5909E-03 ( 67, 14)   vdiff=  4.0490E-03 ( 59, 20)
n=  4021   udiff=  2.5867E-03 ( 67, 14)   vdiff=  4.0405E-03 ( 59, 20)
n=  4022   udiff=  2.5824E-03 ( 67, 14)   vdiff=  4.0322E-03 ( 59, 20)
n=  4023   udiff=  2.5781E-03 ( 67, 14)   vdiff=  4.0232E-03 ( 59, 20)
n=  4024   udiff=  2.5739E-03 ( 67, 14)   vdiff=  4.0149E-03 ( 59, 20)
n=  4025   udiff=  2.5696E-03 ( 67, 14)   vdiff=  4.0065E-03 ( 59, 20)
n=  4026   udiff=  2.5652E-03 ( 67, 14)   vdiff=  3.9977E-03 ( 59, 20)
n=  4027   udiff=  2.5609E-03 ( 67, 14)   vdiff=  3.9893E-03 ( 59, 20)
n=  4028   udiff=  2.5566E-03 ( 67, 14)   vdiff=  3.9807E-03 ( 59, 20)
n=  4029   udiff=  2.5522E-03 ( 67, 14)   vdiff=  3.9724E-03 ( 59, 20)
n=  4030   udiff=  2.5480E-03 ( 67, 14)   vdiff=  3.9635E-03 ( 59, 20)
n=  4031   udiff=  2.5436E-03 ( 67, 14)   vdiff=  3.9552E-03 ( 59, 20)
n=  4032   udiff=  2.5393E-03 ( 67, 14)   vdiff=  3.9466E-03 ( 59, 20)
n=  4033   udiff=  2.5350E-03 ( 67, 14)   vdiff=  3.9380E-03 ( 59, 20)
n=  4034   udiff=  2.5307E-03 ( 67, 14)   vdiff=  3.9296E-03 ( 59, 20)
n=  4035   udiff=  2.5263E-03 ( 67, 14)   vdiff=  3.9210E-03 ( 59, 20)
n=  4036   udiff=  2.5221E-03 ( 67, 14)   vdiff=  3.9127E-03 ( 59, 20)
n=  4037   udiff=  2.5177E-03 ( 67, 14)   vdiff=  3.9039E-03 ( 59, 20)
n=  4038   udiff=  2.5134E-03 ( 67, 14)   vdiff=  3.8955E-03 ( 59, 20)
n=  4039   udiff=  2.5090E-03 ( 67, 14)   vdiff=  3.8872E-03 ( 59, 20)
n=  4040   udiff=  2.5046E-03 ( 67, 14)   vdiff=  3.8785E-03 ( 59, 20)
n=  4041   udiff=  2.5004E-03 ( 67, 14)   vdiff=  3.8700E-03 ( 59, 20)
n=  4042   udiff=  2.4961E-03 ( 67, 14)   vdiff=  3.8614E-03 ( 59, 20)
n=  4043   udiff=  2.4916E-03 ( 67, 14)   vdiff=  3.8532E-03 ( 59, 20)
n=  4044   udiff=  2.4873E-03 ( 67, 14)   vdiff=  3.8445E-03 ( 59, 20)
n=  4045   udiff=  2.4829E-03 ( 67, 14)   vdiff=  3.8360E-03 ( 59, 20)
n=  4046   udiff=  2.4786E-03 ( 67, 14)   vdiff=  3.8277E-03 ( 59, 20)
n=  4047   udiff=  2.4743E-03 ( 67, 14)   vdiff=  3.8190E-03 ( 59, 20)
n=  4048   udiff=  2.4699E-03 ( 67, 14)   vdiff=  3.8106E-03 ( 59, 20)
n=  4049   udiff=  2.4655E-03 ( 67, 14)   vdiff=  3.8020E-03 ( 59, 20)
n=  4050   udiff=  2.4611E-03 ( 67, 14)   vdiff=  3.7937E-03 ( 59, 20)
n=  4051   udiff=  2.4568E-03 ( 67, 14)   vdiff=  3.7852E-03 ( 59, 20)
n=  4052   udiff=  2.4524E-03 ( 67, 14)   vdiff=  3.7765E-03 ( 59, 20)
n=  4053   udiff=  2.4481E-03 ( 67, 14)   vdiff=  3.7683E-03 ( 59, 20)
n=  4054   udiff=  2.4437E-03 ( 67, 14)   vdiff=  3.7598E-03 ( 59, 20)
n=  4055   udiff=  2.4393E-03 ( 67, 14)   vdiff=  3.7512E-03 ( 59, 20)
n=  4056   udiff=  2.4350E-03 ( 67, 14)   vdiff=  3.7430E-03 ( 59, 20)
n=  4057   udiff=  2.4306E-03 ( 67, 14)   vdiff=  3.7343E-03 ( 59, 20)
n=  4058   udiff=  2.4262E-03 ( 67, 14)   vdiff=  3.7258E-03 ( 59, 20)
n=  4059   udiff=  2.4218E-03 ( 67, 14)   vdiff=  3.7176E-03 ( 59, 19)
n=  4060   udiff=  2.4174E-03 ( 67, 14)   vdiff=  3.7088E-03 ( 59, 20)
n=  4061   udiff=  2.4131E-03 ( 67, 14)   vdiff=  3.7007E-03 ( 59, 19)
n=  4062   udiff=  2.4087E-03 ( 67, 14)   vdiff=  3.6925E-03 ( 59, 19)
n=  4063   udiff=  2.4043E-03 ( 67, 14)   vdiff=  3.6842E-03 ( 59, 19)
n=  4064   udiff=  2.4000E-03 ( 67, 14)   vdiff=  3.6759E-03 ( 59, 19)
n=  4065   udiff=  2.3955E-03 ( 67, 14)   vdiff=  3.6679E-03 ( 59, 19)
n=  4066   udiff=  2.3911E-03 ( 67, 14)   vdiff=  3.6593E-03 ( 59, 19)
n=  4067   udiff=  2.3867E-03 ( 67, 14)   vdiff=  3.6513E-03 ( 59, 19)
n=  4068   udiff=  2.3823E-03 ( 67, 14)   vdiff=  3.6426E-03 ( 59, 19)
n=  4069   udiff=  2.3780E-03 ( 67, 14)   vdiff=  3.6343E-03 ( 59, 19)
n=  4070   udiff=  2.3735E-03 ( 67, 14)   vdiff=  3.6259E-03 ( 59, 19)
n=  4071   udiff=  2.3692E-03 ( 67, 14)   vdiff=  3.6176E-03 ( 59, 19)
n=  4072   udiff=  2.3647E-03 ( 67, 14)   vdiff=  3.6099E-03 ( 59, 19)
n=  4073   udiff=  2.3603E-03 ( 67, 14)   vdiff=  3.6013E-03 ( 59, 19)
n=  4074   udiff=  2.3559E-03 ( 67, 14)   vdiff=  3.5931E-03 ( 59, 19)
n=  4075   udiff=  2.3515E-03 ( 67, 14)   vdiff=  3.5845E-03 ( 59, 19)
n=  4076   udiff=  2.3472E-03 ( 67, 14)   vdiff=  3.5765E-03 ( 59, 19)
n=  4077   udiff=  2.3428E-03 ( 67, 14)   vdiff=  3.5680E-03 ( 59, 19)
n=  4078   udiff=  2.3383E-03 ( 67, 14)   vdiff=  3.5597E-03 ( 59, 19)
n=  4079   udiff=  2.3339E-03 ( 67, 14)   vdiff=  3.5519E-03 ( 59, 19)
n=  4080   udiff=  2.3295E-03 ( 67, 14)   vdiff=  3.5436E-03 ( 59, 19)
n=  4081   udiff=  2.3251E-03 ( 67, 14)   vdiff=  3.5355E-03 ( 59, 19)
n=  4082   udiff=  2.3207E-03 ( 67, 14)   vdiff=  3.5270E-03 ( 59, 19)
n=  4083   udiff=  2.3163E-03 ( 67, 14)   vdiff=  3.5186E-03 ( 59, 19)
n=  4084   udiff=  2.3119E-03 ( 67, 14)   vdiff=  3.5104E-03 ( 59, 19)
n=  4085   udiff=  2.3074E-03 ( 67, 14)   vdiff=  3.5021E-03 ( 59, 19)
n=  4086   udiff=  2.3031E-03 ( 67, 14)   vdiff=  3.4945E-03 ( 59, 19)
n=  4087   udiff=  2.2986E-03 ( 67, 14)   vdiff=  3.4861E-03 ( 59, 19)
n=  4088   udiff=  2.2942E-03 ( 67, 14)   vdiff=  3.4775E-03 ( 59, 19)
n=  4089   udiff=  2.2898E-03 ( 67, 14)   vdiff=  3.4695E-03 ( 59, 19)
n=  4090   udiff=  2.2854E-03 ( 67, 14)   vdiff=  3.4612E-03 ( 59, 19)
n=  4091   udiff=  2.2810E-03 ( 67, 14)   vdiff=  3.4532E-03 ( 59, 19)
n=  4092   udiff=  2.2766E-03 ( 67, 14)   vdiff=  3.4451E-03 ( 59, 19)
n=  4093   udiff=  2.2721E-03 ( 67, 14)   vdiff=  3.4365E-03 ( 59, 19)
n=  4094   udiff=  2.2678E-03 ( 67, 14)   vdiff=  3.4282E-03 ( 59, 19)
n=  4095   udiff=  2.2633E-03 ( 67, 14)   vdiff=  3.4205E-03 ( 59, 19)
n=  4096   udiff=  2.2590E-03 ( 67, 14)   vdiff=  3.4121E-03 ( 59, 19)
n=  4097   udiff=  2.2545E-03 ( 67, 14)   vdiff=  3.4039E-03 ( 59, 19)
n=  4098   udiff=  2.2500E-03 ( 67, 14)   vdiff=  3.3957E-03 ( 59, 19)
n=  4099   udiff=  2.2456E-03 ( 67, 14)   vdiff=  3.3875E-03 ( 59, 19)
n=  4100   udiff=  2.2413E-03 ( 67, 14)   vdiff=  3.3794E-03 ( 59, 19)
n=  4101   udiff=  2.2368E-03 ( 67, 14)   vdiff=  3.3716E-03 ( 59, 19)
n=  4102   udiff=  2.2324E-03 ( 67, 14)   vdiff=  3.3633E-03 ( 59, 19)
n=  4103   udiff=  2.2279E-03 ( 67, 14)   vdiff=  3.3552E-03 ( 59, 19)
n=  4104   udiff=  2.2235E-03 ( 67, 14)   vdiff=  3.3466E-03 ( 59, 19)
n=  4105   udiff=  2.2192E-03 ( 67, 14)   vdiff=  3.3387E-03 ( 59, 19)
n=  4106   udiff=  2.2148E-03 ( 67, 14)   vdiff=  3.3305E-03 ( 59, 19)
n=  4107   udiff=  2.2103E-03 ( 67, 14)   vdiff=  3.3222E-03 ( 59, 19)
n=  4108   udiff=  2.2058E-03 ( 67, 14)   vdiff=  3.3145E-03 ( 59, 19)
n=  4109   udiff=  2.2014E-03 ( 67, 14)   vdiff=  3.3063E-03 ( 59, 19)
n=  4110   udiff=  2.1971E-03 ( 67, 14)   vdiff=  3.2979E-03 ( 59, 19)
n=  4111   udiff=  2.1927E-03 ( 67, 14)   vdiff=  3.2900E-03 ( 59, 19)
n=  4112   udiff=  2.1882E-03 ( 67, 14)   vdiff=  3.2820E-03 ( 59, 19)
n=  4113   udiff=  2.1838E-03 ( 67, 14)   vdiff=  3.2738E-03 ( 59, 19)
n=  4114   udiff=  2.1794E-03 ( 67, 14)   vdiff=  3.2657E-03 ( 59, 19)
n=  4115   udiff=  2.1749E-03 ( 67, 14)   vdiff=  3.2576E-03 ( 59, 19)
n=  4116   udiff=  2.1705E-03 ( 67, 14)   vdiff=  3.2498E-03 ( 59, 19)
n=  4117   udiff=  2.1660E-03 ( 67, 14)   vdiff=  3.2416E-03 ( 59, 19)
n=  4118   udiff=  2.1617E-03 ( 67, 14)   vdiff=  3.2335E-03 ( 59, 19)
n=  4119   udiff=  2.1572E-03 ( 67, 14)   vdiff=  3.2251E-03 ( 59, 19)
n=  4120   udiff=  2.1529E-03 ( 67, 14)   vdiff=  3.2172E-03 ( 59, 19)
n=  4121   udiff=  2.1484E-03 ( 67, 14)   vdiff=  3.2091E-03 ( 59, 19)
n=  4122   udiff=  2.1440E-03 ( 67, 14)   vdiff=  3.2010E-03 ( 59, 19)
n=  4123   udiff=  2.1397E-03 ( 67, 14)   vdiff=  3.1932E-03 ( 59, 19)
n=  4124   udiff=  2.1351E-03 ( 67, 14)   vdiff=  3.1850E-03 ( 59, 19)
n=  4125   udiff=  2.1307E-03 ( 67, 14)   vdiff=  3.1772E-03 ( 59, 19)
n=  4126   udiff=  2.1264E-03 ( 67, 14)   vdiff=  3.1688E-03 ( 59, 19)
n=  4127   udiff=  2.1219E-03 ( 67, 14)   vdiff=  3.1608E-03 ( 59, 19)
n=  4128   udiff=  2.1176E-03 ( 67, 14)   vdiff=  3.1528E-03 ( 59, 19)
n=  4129   udiff=  2.1131E-03 ( 67, 14)   vdiff=  3.1448E-03 ( 59, 19)
n=  4130   udiff=  2.1087E-03 ( 67, 14)   vdiff=  3.1372E-03 ( 59, 19)
n=  4131   udiff=  2.1043E-03 ( 67, 14)   vdiff=  3.1289E-03 ( 59, 19)
n=  4132   udiff=  2.0999E-03 ( 67, 14)   vdiff=  3.1208E-03 ( 59, 19)
n=  4133   udiff=  2.0955E-03 ( 67, 14)   vdiff=  3.1131E-03 ( 59, 19)
n=  4134   udiff=  2.0911E-03 ( 67, 14)   vdiff=  3.1051E-03 ( 59, 19)
n=  4135   udiff=  2.0867E-03 ( 67, 14)   vdiff=  3.0972E-03 ( 59, 19)
n=  4136   udiff=  2.0822E-03 ( 67, 14)   vdiff=  3.0894E-03 ( 59, 19)
n=  4137   udiff=  2.0779E-03 ( 67, 14)   vdiff=  3.0811E-03 ( 59, 19)
n=  4138   udiff=  2.0735E-03 ( 67, 14)   vdiff=  3.0730E-03 ( 59, 19)
n=  4139   udiff=  2.0690E-03 ( 67, 14)   vdiff=  3.0653E-03 ( 59, 19)
n=  4140   udiff=  2.0648E-03 ( 67, 14)   vdiff=  3.0570E-03 ( 59, 19)
n=  4141   udiff=  2.0603E-03 ( 67, 14)   vdiff=  3.0493E-03 ( 59, 19)
n=  4142   udiff=  2.0559E-03 ( 67, 14)   vdiff=  3.0415E-03 ( 59, 19)
n=  4143   udiff=  2.0515E-03 ( 67, 14)   vdiff=  3.0337E-03 ( 59, 19)
n=  4144   udiff=  2.0471E-03 ( 67, 14)   vdiff=  3.0255E-03 ( 59, 19)
n=  4145   udiff=  2.0426E-03 ( 67, 14)   vdiff=  3.0176E-03 ( 59, 19)
n=  4146   udiff=  2.0382E-03 ( 67, 14)   vdiff=  3.0101E-03 ( 59, 19)
n=  4147   udiff=  2.0338E-03 ( 67, 14)   vdiff=  3.0017E-03 ( 59, 19)
n=  4148   udiff=  2.0294E-03 ( 67, 14)   vdiff=  2.9940E-03 ( 59, 19)
n=  4149   udiff=  2.0251E-03 ( 67, 14)   vdiff=  2.9858E-03 ( 59, 19)
n=  4150   udiff=  2.0207E-03 ( 67, 14)   vdiff=  2.9781E-03 ( 59, 19)
n=  4151   udiff=  2.0163E-03 ( 67, 14)   vdiff=  2.9702E-03 ( 59, 19)
n=  4152   udiff=  2.0118E-03 ( 67, 14)   vdiff=  2.9627E-03 ( 59, 19)
n=  4153   udiff=  2.0075E-03 ( 67, 14)   vdiff=  2.9548E-03 ( 59, 19)
n=  4154   udiff=  2.0031E-03 ( 67, 14)   vdiff=  2.9467E-03 ( 59, 19)
n=  4155   udiff=  1.9988E-03 ( 67, 14)   vdiff=  2.9389E-03 ( 59, 19)
n=  4156   udiff=  1.9943E-03 ( 67, 14)   vdiff=  2.9314E-03 ( 59, 19)
n=  4157   udiff=  1.9900E-03 ( 67, 14)   vdiff=  2.9232E-03 ( 59, 19)
n=  4158   udiff=  1.9856E-03 ( 67, 14)   vdiff=  2.9153E-03 ( 59, 19)
n=  4159   udiff=  1.9812E-03 ( 67, 14)   vdiff=  2.9073E-03 ( 59, 19)
n=  4160   udiff=  1.9768E-03 ( 67, 14)   vdiff=  2.9001E-03 ( 59, 19)
n=  4161   udiff=  1.9725E-03 ( 67, 14)   vdiff=  2.8920E-03 ( 59, 19)
n=  4162   udiff=  1.9681E-03 ( 67, 14)   vdiff=  2.8842E-03 ( 59, 19)
n=  4163   udiff=  1.9636E-03 ( 67, 14)   vdiff=  2.8764E-03 ( 59, 19)
n=  4164   udiff=  1.9593E-03 ( 67, 14)   vdiff=  2.8686E-03 ( 59, 19)
n=  4165   udiff=  1.9550E-03 ( 67, 14)   vdiff=  2.8610E-03 ( 59, 19)
n=  4166   udiff=  1.9507E-03 ( 67, 14)   vdiff=  2.8534E-03 ( 59, 19)
n=  4167   udiff=  1.9464E-03 ( 67, 14)   vdiff=  2.8454E-03 ( 59, 19)
n=  4168   udiff=  1.9420E-03 ( 67, 14)   vdiff=  2.8375E-03 ( 59, 19)
n=  4169   udiff=  1.9375E-03 ( 67, 14)   vdiff=  2.8295E-03 ( 59, 19)
n=  4170   udiff=  1.9331E-03 ( 67, 14)   vdiff=  2.8221E-03 ( 59, 19)
n=  4171   udiff=  1.9288E-03 ( 67, 14)   vdiff=  2.8145E-03 ( 59, 19)
n=  4172   udiff=  1.9244E-03 ( 67, 14)   vdiff=  2.8064E-03 ( 59, 19)
n=  4173   udiff=  1.9202E-03 ( 67, 14)   vdiff=  2.7987E-03 ( 59, 19)
n=  4174   udiff=  1.9158E-03 ( 67, 14)   vdiff=  2.7910E-03 ( 59, 19)
n=  4175   udiff=  1.9115E-03 ( 67, 14)   vdiff=  2.7837E-03 ( 59, 19)
n=  4176   udiff=  1.9071E-03 ( 67, 14)   vdiff=  2.7759E-03 ( 59, 19)
n=  4177   udiff=  1.9027E-03 ( 67, 14)   vdiff=  2.7680E-03 ( 59, 19)
n=  4178   udiff=  1.8983E-03 ( 67, 14)   vdiff=  2.7606E-03 ( 59, 19)
n=  4179   udiff=  1.8941E-03 ( 67, 14)   vdiff=  2.7530E-03 ( 59, 19)
n=  4180   udiff=  1.8897E-03 ( 67, 14)   vdiff=  2.7450E-03 ( 59, 19)
n=  4181   udiff=  1.8853E-03 ( 67, 14)   vdiff=  2.7372E-03 ( 59, 19)
n=  4182   udiff=  1.8811E-03 ( 67, 14)   vdiff=  2.7296E-03 ( 59, 19)
n=  4183   udiff=  1.8767E-03 ( 67, 14)   vdiff=  2.7225E-03 ( 59, 19)
n=  4184   udiff=  1.8723E-03 ( 67, 14)   vdiff=  2.7147E-03 ( 59, 19)
n=  4185   udiff=  1.8681E-03 ( 67, 14)   vdiff=  2.7068E-03 ( 59, 19)
n=  4186   udiff=  1.8636E-03 ( 67, 14)   vdiff=  2.6993E-03 ( 59, 19)
n=  4187   udiff=  1.8594E-03 ( 67, 14)   vdiff=  2.6918E-03 ( 59, 19)
n=  4188   udiff=  1.8550E-03 ( 67, 14)   vdiff=  2.6844E-03 ( 59, 19)
n=  4189   udiff=  1.8508E-03 ( 67, 14)   vdiff=  2.6764E-03 ( 59, 19)
n=  4190   udiff=  1.8465E-03 ( 67, 14)   vdiff=  2.6691E-03 ( 59, 19)
n=  4191   udiff=  1.8420E-03 ( 67, 14)   vdiff=  2.6615E-03 ( 59, 19)
n=  4192   udiff=  1.8378E-03 ( 67, 14)   vdiff=  2.6536E-03 ( 59, 19)
n=  4193   udiff=  1.8335E-03 ( 67, 14)   vdiff=  2.6463E-03 ( 59, 19)
n=  4194   udiff=  1.8293E-03 ( 67, 14)   vdiff=  2.6386E-03 ( 59, 19)
n=  4195   udiff=  1.8249E-03 ( 67, 14)   vdiff=  2.6310E-03 ( 59, 19)
n=  4196   udiff=  1.8206E-03 ( 67, 14)   vdiff=  2.6235E-03 ( 59, 19)
n=  4197   udiff=  1.8163E-03 ( 67, 14)   vdiff=  2.6163E-03 ( 59, 19)
n=  4198   udiff=  1.8120E-03 ( 67, 14)   vdiff=  2.6086E-03 ( 59, 19)
n=  4199   udiff=  1.8077E-03 ( 67, 14)   vdiff=  2.6007E-03 ( 59, 19)
n=  4200   udiff=  1.8035E-03 ( 67, 14)   vdiff=  2.5938E-03 ( 59, 19)
n=  4201   udiff=  1.7992E-03 ( 67, 14)   vdiff=  2.5860E-03 ( 59, 19)
n=  4202   udiff=  1.7948E-03 ( 67, 14)   vdiff=  2.5786E-03 ( 59, 19)
n=  4203   udiff=  1.7905E-03 ( 67, 14)   vdiff=  2.5708E-03 ( 59, 19)
n=  4204   udiff=  1.7862E-03 ( 67, 14)   vdiff=  2.5633E-03 ( 59, 19)
n=  4205   udiff=  1.7820E-03 ( 67, 14)   vdiff=  2.5560E-03 ( 59, 19)
n=  4206   udiff=  1.7777E-03 ( 67, 14)   vdiff=  2.5484E-03 ( 59, 19)
n=  4207   udiff=  1.7735E-03 ( 67, 14)   vdiff=  2.5415E-03 ( 59, 19)
n=  4208   udiff=  1.7692E-03 ( 67, 14)   vdiff=  2.5339E-03 ( 59, 19)
n=  4209   udiff=  1.7649E-03 ( 67, 14)   vdiff=  2.5260E-03 ( 59, 19)
n=  4210   udiff=  1.7606E-03 ( 67, 14)   vdiff=  2.5189E-03 ( 59, 19)
n=  4211   udiff=  1.7564E-03 ( 67, 14)   vdiff=  2.5116E-03 ( 59, 19)
n=  4212   udiff=  1.7522E-03 ( 67, 14)   vdiff=  2.5043E-03 ( 59, 19)
n=  4213   udiff=  1.7478E-03 ( 67, 14)   vdiff=  2.4969E-03 ( 59, 19)
n=  4214   udiff=  1.7437E-03 ( 68, 14)   vdiff=  2.4894E-03 ( 59, 19)
n=  4215   udiff=  1.7395E-03 ( 68, 14)   vdiff=  2.4818E-03 ( 59, 19)
n=  4216   udiff=  1.7355E-03 ( 68, 14)   vdiff=  2.4742E-03 ( 59, 19)
n=  4217   udiff=  1.7315E-03 ( 68, 14)   vdiff=  2.4673E-03 ( 59, 19)
n=  4218   udiff=  1.7274E-03 ( 68, 14)   vdiff=  2.4596E-03 ( 59, 19)
n=  4219   udiff=  1.7233E-03 ( 68, 14)   vdiff=  2.4523E-03 ( 59, 19)
n=  4220   udiff=  1.7192E-03 ( 68, 14)   vdiff=  2.4452E-03 ( 59, 19)
n=  4221   udiff=  1.7152E-03 ( 68, 14)   vdiff=  2.4380E-03 ( 59, 19)
n=  4222   udiff=  1.7111E-03 ( 68, 14)   vdiff=  2.4303E-03 ( 59, 19)
n=  4223   udiff=  1.7070E-03 ( 68, 14)   vdiff=  2.4230E-03 ( 59, 19)
n=  4224   udiff=  1.7030E-03 ( 68, 14)   vdiff=  2.4161E-03 ( 59, 19)
n=  4225   udiff=  1.6989E-03 ( 68, 14)   vdiff=  2.4086E-03 ( 59, 19)
n=  4226   udiff=  1.6949E-03 ( 68, 14)   vdiff=  2.4014E-03 ( 59, 19)
n=  4227   udiff=  1.6908E-03 ( 68, 14)   vdiff=  2.3938E-03 ( 59, 19)
n=  4228   udiff=  1.6868E-03 ( 68, 14)   vdiff=  2.3867E-03 ( 59, 19)
n=  4229   udiff=  1.6828E-03 ( 68, 14)   vdiff=  2.3794E-03 ( 59, 19)
n=  4230   udiff=  1.6787E-03 ( 68, 14)   vdiff=  2.3722E-03 ( 59, 19)
n=  4231   udiff=  1.6747E-03 ( 68, 14)   vdiff=  2.3653E-03 ( 59, 19)
n=  4232   udiff=  1.6707E-03 ( 68, 14)   vdiff=  2.3580E-03 ( 59, 19)
n=  4233   udiff=  1.6666E-03 ( 68, 14)   vdiff=  2.3505E-03 ( 59, 19)
n=  4234   udiff=  1.6626E-03 ( 68, 14)   vdiff=  2.3435E-03 ( 59, 19)
n=  4235   udiff=  1.6585E-03 ( 68, 14)   vdiff=  2.3363E-03 ( 59, 19)
n=  4236   udiff=  1.6545E-03 ( 68, 14)   vdiff=  2.3288E-03 ( 59, 19)
n=  4237   udiff=  1.6505E-03 ( 68, 14)   vdiff=  2.3216E-03 ( 59, 19)
n=  4238   udiff=  1.6464E-03 ( 68, 14)   vdiff=  2.3146E-03 ( 59, 19)
n=  4239   udiff=  1.6424E-03 ( 68, 14)   vdiff=  2.3072E-03 ( 59, 19)
n=  4240   udiff=  1.6385E-03 ( 68, 14)   vdiff=  2.3005E-03 ( 59, 19)
n=  4241   udiff=  1.6344E-03 ( 68, 14)   vdiff=  2.2932E-03 ( 59, 19)
n=  4242   udiff=  1.6304E-03 ( 68, 14)   vdiff=  2.2861E-03 ( 59, 19)
n=  4243   udiff=  1.6264E-03 ( 68, 14)   vdiff=  2.2787E-03 ( 59, 19)
n=  4244   udiff=  1.6224E-03 ( 68, 14)   vdiff=  2.2716E-03 ( 59, 19)
n=  4245   udiff=  1.6184E-03 ( 68, 14)   vdiff=  2.2648E-03 ( 59, 19)
n=  4246   udiff=  1.6144E-03 ( 68, 14)   vdiff=  2.2577E-03 ( 59, 19)
n=  4247   udiff=  1.6104E-03 ( 68, 14)   vdiff=  2.2505E-03 ( 59, 19)
n=  4248   udiff=  1.6064E-03 ( 68, 14)   vdiff=  2.2432E-03 ( 59, 19)
n=  4249   udiff=  1.6024E-03 ( 68, 14)   vdiff=  2.2365E-03 ( 59, 19)
n=  4250   udiff=  1.5984E-03 ( 68, 14)   vdiff=  2.2292E-03 ( 59, 19)
n=  4251   udiff=  1.5944E-03 ( 68, 14)   vdiff=  2.2223E-03 ( 59, 19)
n=  4252   udiff=  1.5905E-03 ( 68, 14)   vdiff=  2.2153E-03 ( 59, 19)
n=  4253   udiff=  1.5866E-03 ( 68, 14)   vdiff=  2.2081E-03 ( 59, 19)
n=  4254   udiff=  1.5825E-03 ( 68, 14)   vdiff=  2.2008E-03 ( 59, 19)
n=  4255   udiff=  1.5785E-03 ( 68, 14)   vdiff=  2.1938E-03 ( 59, 19)
n=  4256   udiff=  1.5747E-03 ( 68, 14)   vdiff=  2.1873E-03 ( 59, 19)
n=  4257   udiff=  1.5706E-03 ( 68, 14)   vdiff=  2.1803E-03 ( 59, 19)
n=  4258   udiff=  1.5667E-03 ( 68, 14)   vdiff=  2.1730E-03 ( 59, 19)
n=  4259   udiff=  1.5628E-03 ( 68, 14)   vdiff=  2.1662E-03 ( 59, 19)
n=  4260   udiff=  1.5587E-03 ( 68, 14)   vdiff=  2.1590E-03 ( 59, 19)
n=  4261   udiff=  1.5548E-03 ( 68, 14)   vdiff=  2.1520E-03 ( 59, 19)
n=  4262   udiff=  1.5509E-03 ( 68, 14)   vdiff=  2.1451E-03 ( 59, 19)
n=  4263   udiff=  1.5469E-03 ( 68, 14)   vdiff=  2.1381E-03 ( 59, 19)
n=  4264   udiff=  1.5430E-03 ( 68, 14)   vdiff=  2.1312E-03 ( 59, 19)
n=  4265   udiff=  1.5390E-03 ( 68, 14)   vdiff=  2.1247E-03 ( 59, 19)
n=  4266   udiff=  1.5351E-03 ( 68, 14)   vdiff=  2.1175E-03 ( 59, 19)
n=  4267   udiff=  1.5312E-03 ( 68, 14)   vdiff=  2.1104E-03 ( 59, 19)
n=  4268   udiff=  1.5273E-03 ( 68, 14)   vdiff=  2.1038E-03 ( 59, 19)
n=  4269   udiff=  1.5234E-03 ( 68, 14)   vdiff=  2.0971E-03 ( 59, 19)
n=  4270   udiff=  1.5195E-03 ( 68, 14)   vdiff=  2.0899E-03 ( 59, 19)
n=  4271   udiff=  1.5156E-03 ( 68, 14)   vdiff=  2.0831E-03 ( 59, 19)
n=  4272   udiff=  1.5116E-03 ( 68, 14)   vdiff=  2.0759E-03 ( 59, 19)
n=  4273   udiff=  1.5077E-03 ( 68, 14)   vdiff=  2.0695E-03 ( 59, 19)
n=  4274   udiff=  1.5038E-03 ( 68, 14)   vdiff=  2.0626E-03 ( 59, 19)
n=  4275   udiff=  1.4999E-03 ( 68, 14)   vdiff=  2.0556E-03 ( 59, 19)
n=  4276   udiff=  1.4960E-03 ( 68, 14)   vdiff=  2.0493E-03 ( 59, 19)
n=  4277   udiff=  1.4920E-03 ( 68, 14)   vdiff=  2.0421E-03 ( 59, 19)
n=  4278   udiff=  1.4881E-03 ( 68, 14)   vdiff=  2.0352E-03 ( 59, 19)
n=  4279   udiff=  1.4842E-03 ( 68, 14)   vdiff=  2.0284E-03 ( 59, 19)
n=  4280   udiff=  1.4805E-03 ( 68, 14)   vdiff=  2.0218E-03 ( 59, 19)
n=  4281   udiff=  1.4765E-03 ( 68, 14)   vdiff=  2.0149E-03 ( 59, 19)
n=  4282   udiff=  1.4727E-03 ( 68, 14)   vdiff=  2.0081E-03 ( 59, 19)
n=  4283   udiff=  1.4687E-03 ( 68, 14)   vdiff=  2.0019E-03 ( 59, 19)
n=  4284   udiff=  1.4650E-03 ( 68, 14)   vdiff=  1.9950E-03 ( 59, 19)
n=  4285   udiff=  1.4610E-03 ( 68, 14)   vdiff=  1.9883E-03 ( 59, 19)
n=  4286   udiff=  1.4571E-03 ( 68, 14)   vdiff=  1.9814E-03 ( 59, 19)
n=  4287   udiff=  1.4532E-03 ( 68, 14)   vdiff=  1.9748E-03 ( 59, 19)
n=  4288   udiff=  1.4494E-03 ( 68, 14)   vdiff=  1.9681E-03 ( 59, 19)
n=  4289   udiff=  1.4455E-03 ( 68, 14)   vdiff=  1.9613E-03 ( 59, 19)
n=  4290   udiff=  1.4418E-03 ( 68, 14)   vdiff=  1.9547E-03 ( 59, 19)
n=  4291   udiff=  1.4379E-03 ( 68, 14)   vdiff=  1.9479E-03 ( 59, 19)
n=  4292   udiff=  1.4341E-03 ( 68, 14)   vdiff=  1.9411E-03 ( 59, 19)
n=  4293   udiff=  1.4303E-03 ( 68, 14)   vdiff=  1.9348E-03 ( 59, 19)
n=  4294   udiff=  1.4264E-03 ( 68, 14)   vdiff=  1.9279E-03 ( 59, 19)
n=  4295   udiff=  1.4225E-03 ( 68, 14)   vdiff=  1.9214E-03 ( 59, 19)
n=  4296   udiff=  1.4188E-03 ( 68, 14)   vdiff=  1.9149E-03 ( 59, 19)
n=  4297   udiff=  1.4149E-03 ( 68, 14)   vdiff=  1.9084E-03 ( 59, 19)
n=  4298   udiff=  1.4111E-03 ( 68, 14)   vdiff=  1.9017E-03 ( 59, 19)
n=  4299   udiff=  1.4073E-03 ( 68, 14)   vdiff=  1.8951E-03 ( 59, 19)
n=  4300   udiff=  1.4035E-03 ( 68, 14)   vdiff=  1.8886E-03 ( 59, 19)
n=  4301   udiff=  1.3997E-03 ( 68, 14)   vdiff=  1.8818E-03 ( 59, 19)
n=  4302   udiff=  1.3958E-03 ( 68, 14)   vdiff=  1.8755E-03 ( 59, 19)
n=  4303   udiff=  1.3921E-03 ( 68, 14)   vdiff=  1.8687E-03 ( 59, 19)
n=  4304   udiff=  1.3883E-03 ( 68, 14)   vdiff=  1.8624E-03 ( 59, 19)
n=  4305   udiff=  1.3845E-03 ( 68, 14)   vdiff=  1.8561E-03 ( 59, 19)
n=  4306   udiff=  1.3806E-03 ( 68, 14)   vdiff=  1.8494E-03 ( 59, 19)
n=  4307   udiff=  1.3769E-03 ( 68, 14)   vdiff=  1.8425E-03 ( 59, 19)
n=  4308   udiff=  1.3731E-03 ( 68, 14)   vdiff=  1.8365E-03 ( 59, 19)
n=  4309   udiff=  1.3694E-03 ( 68, 14)   vdiff=  1.8298E-03 ( 59, 19)
n=  4310   udiff=  1.3656E-03 ( 68, 14)   vdiff=  1.8233E-03 ( 59, 19)
n=  4311   udiff=  1.3619E-03 ( 68, 14)   vdiff=  1.8165E-03 ( 59, 19)
n=  4312   udiff=  1.3581E-03 ( 68, 14)   vdiff=  1.8104E-03 ( 59, 19)
n=  4313   udiff=  1.3543E-03 ( 68, 14)   vdiff=  1.8042E-03 ( 59, 19)
n=  4314   udiff=  1.3505E-03 ( 68, 14)   vdiff=  1.7971E-03 ( 59, 19)
n=  4315   udiff=  1.3467E-03 ( 68, 14)   vdiff=  1.7912E-03 ( 59, 19)
n=  4316   udiff=  1.3429E-03 ( 68, 14)   vdiff=  1.7845E-03 ( 59, 19)
n=  4317   udiff=  1.3394E-03 ( 68, 14)   vdiff=  1.7782E-03 ( 59, 19)
n=  4318   udiff=  1.3356E-03 ( 68, 14)   vdiff=  1.7719E-03 ( 59, 19)
n=  4319   udiff=  1.3319E-03 ( 68, 14)   vdiff=  1.7659E-03 ( 59, 19)
n=  4320   udiff=  1.3281E-03 ( 68, 14)   vdiff=  1.7592E-03 ( 59, 19)
n=  4321   udiff=  1.3243E-03 ( 68, 14)   vdiff=  1.7532E-03 ( 59, 19)
n=  4322   udiff=  1.3207E-03 ( 69, 14)   vdiff=  1.7464E-03 ( 59, 19)
n=  4323   udiff=  1.3171E-03 ( 69, 14)   vdiff=  1.7402E-03 ( 59, 19)
n=  4324   udiff=  1.3135E-03 ( 69, 14)   vdiff=  1.7340E-03 ( 59, 19)
n=  4325   udiff=  1.3100E-03 ( 69, 14)   vdiff=  1.7277E-03 ( 59, 19)
n=  4326   udiff=  1.3065E-03 ( 69, 14)   vdiff=  1.7215E-03 ( 59, 19)
n=  4327   udiff=  1.3029E-03 ( 69, 14)   vdiff=  1.7151E-03 ( 59, 19)
n=  4328   udiff=  1.2993E-03 ( 69, 14)   vdiff=  1.7089E-03 ( 59, 19)
n=  4329   udiff=  1.2958E-03 ( 69, 14)   vdiff=  1.7023E-03 ( 59, 19)
n=  4330   udiff=  1.2922E-03 ( 69, 14)   vdiff=  1.6964E-03 ( 59, 19)
n=  4331   udiff=  1.2888E-03 ( 69, 14)   vdiff=  1.6898E-03 ( 59, 19)
n=  4332   udiff=  1.2852E-03 ( 69, 14)   vdiff=  1.6838E-03 ( 59, 19)
n=  4333   udiff=  1.2816E-03 ( 69, 14)   vdiff=  1.6776E-03 ( 59, 19)
n=  4334   udiff=  1.2782E-03 ( 69, 14)   vdiff=  1.6710E-03 ( 59, 19)
n=  4335   udiff=  1.2746E-03 ( 69, 14)   vdiff=  1.6647E-03 ( 59, 19)
n=  4336   udiff=  1.2711E-03 ( 69, 14)   vdiff=  1.6587E-03 ( 59, 19)
n=  4337   udiff=  1.2676E-03 ( 69, 14)   vdiff=  1.6528E-03 ( 59, 19)
n=  4338   udiff=  1.2640E-03 ( 69, 14)   vdiff=  1.6466E-03 ( 59, 19)
n=  4339   udiff=  1.2605E-03 ( 69, 14)   vdiff=  1.6401E-03 ( 59, 19)
n=  4340   udiff=  1.2571E-03 ( 69, 14)   vdiff=  1.6342E-03 ( 59, 19)
n=  4341   udiff=  1.2535E-03 ( 69, 14)   vdiff=  1.6278E-03 ( 59, 19)
n=  4342   udiff=  1.2501E-03 ( 69, 14)   vdiff=  1.6219E-03 ( 59, 19)
n=  4343   udiff=  1.2465E-03 ( 69, 14)   vdiff=  1.6159E-03 ( 59, 19)
n=  4344   udiff=  1.2430E-03 ( 69, 14)   vdiff=  1.6098E-03 ( 59, 19)
n=  4345   udiff=  1.2396E-03 ( 69, 14)   vdiff=  1.6036E-03 ( 59, 19)
n=  4346   udiff=  1.2360E-03 ( 69, 14)   vdiff=  1.5974E-03 ( 59, 19)
n=  4347   udiff=  1.2326E-03 ( 69, 14)   vdiff=  1.5913E-03 ( 59, 19)
n=  4348   udiff=  1.2290E-03 ( 69, 14)   vdiff=  1.5852E-03 ( 59, 19)
n=  4349   udiff=  1.2256E-03 ( 69, 14)   vdiff=  1.5794E-03 ( 59, 19)
n=  4350   udiff=  1.2223E-03 ( 69, 14)   vdiff=  1.5731E-03 ( 59, 19)
n=  4351   udiff=  1.2188E-03 ( 70, 14)   vdiff=  1.5673E-03 ( 59, 19)
n=  4352   udiff=  1.2155E-03 ( 70, 14)   vdiff=  1.5614E-03 ( 59, 19)
n=  4353   udiff=  1.2122E-03 ( 70, 14)   vdiff=  1.5550E-03 ( 59, 19)
n=  4354   udiff=  1.2089E-03 ( 70, 14)   vdiff=  1.5491E-03 ( 59, 19)
n=  4355   udiff=  1.2056E-03 ( 70, 14)   vdiff=  1.5430E-03 ( 59, 19)
n=  4356   udiff=  1.2022E-03 ( 70, 14)   vdiff=  1.5369E-03 ( 59, 19)
n=  4357   udiff=  1.1989E-03 ( 70, 14)   vdiff=  1.5314E-03 ( 59, 19)
n=  4358   udiff=  1.1958E-03 ( 70, 14)   vdiff=  1.5252E-03 ( 59, 19)
n=  4359   udiff=  1.1925E-03 ( 70, 14)   vdiff=  1.5190E-03 ( 59, 19)
n=  4360   udiff=  1.1892E-03 ( 70, 14)   vdiff=  1.5133E-03 ( 59, 19)
n=  4361   udiff=  1.1859E-03 ( 70, 14)   vdiff=  1.5072E-03 ( 59, 19)
n=  4362   udiff=  1.1826E-03 ( 70, 14)   vdiff=  1.5012E-03 ( 59, 19)
n=  4363   udiff=  1.1793E-03 ( 71, 14)   vdiff=  1.4956E-03 ( 59, 19)
n=  4364   udiff=  1.1762E-03 ( 71, 14)   vdiff=  1.4897E-03 ( 59, 19)
n=  4365   udiff=  1.1730E-03 ( 71, 14)   vdiff=  1.4837E-03 ( 59, 19)
n=  4366   udiff=  1.1699E-03 ( 71, 14)   vdiff=  1.4780E-03 ( 59, 19)
n=  4367   udiff=  1.1668E-03 ( 71, 14)   vdiff=  1.4720E-03 ( 59, 19)
n=  4368   udiff=  1.1637E-03 ( 71, 14)   vdiff=  1.4660E-03 ( 59, 19)
n=  4369   udiff=  1.1605E-03 ( 71, 14)   vdiff=  1.4603E-03 ( 59, 19)
n=  4370   udiff=  1.1574E-03 ( 71, 14)   vdiff=  1.4543E-03 ( 59, 19)
n=  4371   udiff=  1.1544E-03 ( 71, 14)   vdiff=  1.4487E-03 ( 59, 19)
n=  4372   udiff=  1.1512E-03 ( 71, 14)   vdiff=  1.4431E-03 ( 59, 19)
n=  4373   udiff=  1.1481E-03 ( 71, 14)   vdiff=  1.4367E-03 ( 59, 19)
n=  4374   udiff=  1.1451E-03 ( 71, 14)   vdiff=  1.4311E-03 ( 59, 19)
n=  4375   udiff=  1.1419E-03 ( 71, 14)   vdiff=  1.4252E-03 ( 59, 19)
n=  4376   udiff=  1.1389E-03 ( 72, 14)   vdiff=  1.4196E-03 ( 59, 19)
n=  4377   udiff=  1.1360E-03 ( 72, 14)   vdiff=  1.4142E-03 ( 59, 19)
n=  4378   udiff=  1.1330E-03 ( 72, 14)   vdiff=  1.4083E-03 ( 59, 19)
n=  4379   udiff=  1.1301E-03 ( 72, 14)   vdiff=  1.4023E-03 ( 59, 19)
n=  4380   udiff=  1.1271E-03 ( 72, 14)   vdiff=  1.3969E-03 ( 59, 19)
n=  4381   udiff=  1.1241E-03 ( 72, 14)   vdiff=  1.3910E-03 ( 59, 19)
n=  4382   udiff=  1.1212E-03 ( 72, 14)   vdiff=  1.3855E-03 ( 59, 19)
n=  4383   udiff=  1.1184E-03 ( 72, 14)   vdiff=  1.3799E-03 ( 59, 19)
n=  4384   udiff=  1.1154E-03 ( 72, 14)   vdiff=  1.3744E-03 ( 59, 19)
n=  4385   udiff=  1.1124E-03 ( 72, 14)   vdiff=  1.3688E-03 ( 59, 19)
n=  4386   udiff=  1.1095E-03 ( 72, 14)   vdiff=  1.3630E-03 ( 59, 19)
n=  4387   udiff=  1.1065E-03 ( 72, 14)   vdiff=  1.3573E-03 ( 59, 19)
n=  4388   udiff=  1.1037E-03 ( 72, 14)   vdiff=  1.3515E-03 ( 59, 19)
n=  4389   udiff=  1.1008E-03 ( 72, 14)   vdiff=  1.3457E-03 ( 59, 19)
n=  4390   udiff=  1.0978E-03 ( 72, 14)   vdiff=  1.3405E-03 ( 59, 19)
n=  4391   udiff=  1.0949E-03 ( 72, 14)   vdiff=  1.3344E-03 ( 59, 19)
n=  4392   udiff=  1.0921E-03 ( 73, 14)   vdiff=  1.3293E-03 ( 59, 19)
n=  4393   udiff=  1.0894E-03 ( 73, 14)   vdiff=  1.3232E-03 ( 59, 19)
n=  4394   udiff=  1.0866E-03 ( 73, 14)   vdiff=  1.3176E-03 ( 59, 19)
n=  4395   udiff=  1.0838E-03 ( 73, 14)   vdiff=  1.3122E-03 ( 59, 19)
n=  4396   udiff=  1.0811E-03 ( 73, 14)   vdiff=  1.3066E-03 ( 59, 19)
n=  4397   udiff=  1.0782E-03 ( 73, 14)   vdiff=  1.3011E-03 ( 59, 19)
n=  4398   udiff=  1.0755E-03 ( 73, 14)   vdiff=  1.2954E-03 ( 59, 19)
n=  4399   udiff=  1.0727E-03 ( 73, 14)   vdiff=  1.2905E-03 ( 59, 19)
n=  4400   udiff=  1.0700E-03 ( 73, 14)   vdiff=  1.2848E-03 ( 59, 19)
n=  4401   udiff=  1.0672E-03 ( 73, 14)   vdiff=  1.2789E-03 ( 59, 19)
n=  4402   udiff=  1.0651E-03 ( 78, 13)   vdiff=  1.2739E-03 ( 59, 19)
n=  4403   udiff=  1.0630E-03 ( 78, 13)   vdiff=  1.2684E-03 ( 59, 19)
n=  4404   udiff=  1.0610E-03 ( 78, 13)   vdiff=  1.2625E-03 ( 59, 19)
n=  4405   udiff=  1.0589E-03 ( 78, 13)   vdiff=  1.2572E-03 ( 59, 19)
n=  4406   udiff=  1.0568E-03 ( 78, 13)   vdiff=  1.2520E-03 ( 59, 19)
n=  4407   udiff=  1.0547E-03 ( 78, 13)   vdiff=  1.2465E-03 ( 59, 19)
n=  4408   udiff=  1.0527E-03 ( 78, 13)   vdiff=  1.2410E-03 ( 59, 19)
n=  4409   udiff=  1.0506E-03 ( 78, 13)   vdiff=  1.2355E-03 ( 59, 19)
n=  4410   udiff=  1.0486E-03 ( 78, 13)   vdiff=  1.2305E-03 ( 59, 19)
n=  4411   udiff=  1.0465E-03 ( 78, 13)   vdiff=  1.2249E-03 ( 59, 19)
n=  4412   udiff=  1.0445E-03 ( 78, 13)   vdiff=  1.2194E-03 ( 59, 19)
n=  4413   udiff=  1.0424E-03 ( 78, 13)   vdiff=  1.2143E-03 ( 59, 19)
n=  4414   udiff=  1.0403E-03 ( 78, 13)   vdiff=  1.2089E-03 ( 59, 19)
n=  4415   udiff=  1.0383E-03 ( 78, 13)   vdiff=  1.2033E-03 ( 59, 19)
n=  4416   udiff=  1.0362E-03 ( 78, 13)   vdiff=  1.1981E-03 ( 59, 19)
n=  4417   udiff=  1.0342E-03 ( 78, 13)   vdiff=  1.1927E-03 ( 59, 19)
n=  4418   udiff=  1.0321E-03 ( 78, 13)   vdiff=  1.1877E-03 ( 59, 19)
n=  4419   udiff=  1.0301E-03 ( 78, 13)   vdiff=  1.1823E-03 ( 59, 19)
n=  4420   udiff=  1.0280E-03 ( 78, 13)   vdiff=  1.1769E-03 ( 59, 19)
n=  4421   udiff=  1.0260E-03 ( 78, 13)   vdiff=  1.1720E-03 ( 59, 19)
n=  4422   udiff=  1.0238E-03 ( 78, 13)   vdiff=  1.1665E-03 ( 59, 19)
n=  4423   udiff=  1.0218E-03 ( 78, 13)   vdiff=  1.1612E-03 ( 59, 19)
n=  4424   udiff=  1.0197E-03 ( 78, 13)   vdiff=  1.1560E-03 ( 59, 19)
n=  4425   udiff=  1.0177E-03 ( 79, 13)   vdiff=  1.1503E-03 ( 59, 19)
n=  4426   udiff=  1.0158E-03 ( 79, 13)   vdiff=  1.1453E-03 ( 59, 19)
n=  4427   udiff=  1.0139E-03 ( 79, 13)   vdiff=  1.1405E-03 ( 59, 19)
n=  4428   udiff=  1.0119E-03 ( 79, 13)   vdiff=  1.1351E-03 ( 59, 19)
n=  4429   udiff=  1.0100E-03 ( 79, 13)   vdiff=  1.1302E-03 ( 59, 19)
n=  4430   udiff=  1.0081E-03 ( 79, 13)   vdiff=  1.1248E-03 ( 59, 19)
n=  4431   udiff=  1.0062E-03 ( 79, 13)   vdiff=  1.1197E-03 ( 59, 19)
n=  4432   udiff=  1.0042E-03 ( 79, 13)   vdiff=  1.1144E-03 ( 59, 19)
n=  4433   udiff=  1.0022E-03 ( 79, 13)   vdiff=  1.1090E-03 ( 59, 19)
n=  4434   udiff=  1.0003E-03 ( 79, 13)   vdiff=  1.1042E-03 ( 59, 19)
n=  4435   udiff=  9.9833E-04 ( 79, 13)   vdiff=  1.0989E-03 ( 59, 19)
n=  4436   udiff=  9.9646E-04 ( 79, 13)   vdiff=  1.0939E-03 ( 59, 19)
n=  4437   udiff=  9.9447E-04 ( 79, 13)   vdiff=  1.0886E-03 ( 59, 19)
n=  4438   udiff=  9.9253E-04 ( 79, 13)   vdiff=  1.0838E-03 ( 59, 19)
n=  4439   udiff=  9.9058E-04 ( 79, 13)   vdiff=  1.0788E-03 ( 59, 19)
n=  4440   udiff=  9.8865E-04 ( 79, 13)   vdiff=  1.0737E-03 ( 59, 19)
n=  4441   udiff=  9.8675E-04 ( 79, 13)   vdiff=  1.0686E-03 ( 59, 19)
n=  4442   udiff=  9.8476E-04 ( 79, 13)   vdiff=  1.0636E-03 ( 59, 19)
n=  4443   udiff=  9.8286E-04 ( 79, 13)   vdiff=  1.0583E-03 ( 59, 19)
n=  4444   udiff=  9.8090E-04 ( 79, 13)   vdiff=  1.0534E-03 ( 59, 19)
n=  4445   udiff=  9.7899E-04 ( 79, 13)   vdiff=  1.0486E-03 ( 59, 19)
n=  4446   udiff=  9.7701E-04 ( 79, 13)   vdiff=  1.0435E-03 ( 59, 19)
n=  4447   udiff=  9.7509E-04 ( 79, 13)   vdiff=  1.0387E-03 ( 59, 19)
n=  4448   udiff=  9.7310E-04 ( 79, 13)   vdiff=  1.0333E-03 ( 59, 19)
n=  4449   udiff=  9.7118E-04 ( 79, 13)   vdiff=  1.0286E-03 ( 59, 19)
n=  4450   udiff=  9.6926E-04 ( 79, 13)   vdiff=  1.0238E-03 ( 59, 19)
n=  4451   udiff=  9.6735E-04 ( 79, 13)   vdiff=  1.0184E-03 ( 59, 19)
n=  4452   udiff=  9.6534E-04 ( 79, 13)   vdiff=  1.0137E-03 ( 59, 19)
n=  4453   udiff=  9.6343E-04 ( 79, 13)   vdiff=  1.0087E-03 ( 59, 19)
n=  4454   udiff=  9.6150E-04 ( 79, 13)   vdiff=  1.0038E-03 ( 59, 19)
n=  4455   udiff=  9.5963E-04 ( 80, 13)   vdiff=  9.9916E-04 ( 59, 19)
n=  4456   udiff=  9.5783E-04 ( 80, 13)   vdiff=  9.9418E-04 ( 59, 19)
n=  4457   udiff=  9.5598E-04 ( 80, 13)   vdiff=  9.8927E-04 ( 59, 19)
n=  4458   udiff=  9.5416E-04 ( 80, 13)   vdiff=  9.8463E-04 ( 59, 19)
n=  4459   udiff=  9.5229E-04 ( 80, 13)   vdiff=  9.7971E-04 ( 59, 19)
n=  4460   udiff=  9.5050E-04 ( 80, 13)   vdiff=  9.7488E-04 ( 59, 19)
n=  4461   udiff=  9.4868E-04 ( 80, 13)   vdiff=  9.6971E-04 ( 59, 19)
n=  4462   udiff=  9.4687E-04 ( 80, 13)   vdiff=  9.6532E-04 ( 59, 19)
n=  4463   udiff=  9.4501E-04 ( 80, 13)   vdiff=  9.6043E-04 ( 59, 19)
n=  4464   udiff=  9.4320E-04 ( 80, 13)   vdiff=  9.5560E-04 ( 59, 19)
n=  4465   udiff=  9.4140E-04 ( 80, 13)   vdiff=  9.5062E-04 ( 59, 19)
n=  4466   udiff=  9.3957E-04 ( 80, 13)   vdiff=  9.4604E-04 ( 59, 19)
n=  4467   udiff=  9.3776E-04 ( 80, 13)   vdiff=  9.4110E-04 ( 59, 19)
n=  4468   udiff=  9.3594E-04 ( 80, 13)   vdiff=  9.3631E-04 ( 59, 19)
n=  4469   udiff=  9.3407E-04 ( 80, 13)   vdiff=  9.3162E-04 ( 59, 19)
n=  4470   udiff=  9.3225E-04 ( 80, 13)   vdiff=  9.2694E-04 ( 59, 19)
n=  4471   udiff=  9.3040E-04 ( 80, 13)   vdiff=  9.2213E-04 ( 59, 19)
n=  4472   udiff=  9.2861E-04 ( 80, 13)   vdiff=  9.1756E-04 ( 59, 19)
n=  4473   udiff=  9.2676E-04 ( 80, 13)   vdiff=  9.1252E-04 ( 59, 19)
n=  4474   udiff=  9.2493E-04 ( 80, 13)   vdiff=  9.0815E-04 ( 59, 19)
n=  4475   udiff=  9.2317E-04 ( 80, 13)   vdiff=  9.0347E-04 ( 59, 19)
n=  4476   udiff=  9.2135E-04 ( 80, 13)   vdiff=  8.9899E-04 ( 59, 19)
n=  4477   udiff=  9.1951E-04 ( 80, 13)   vdiff=  8.9378E-04 ( 59, 19)
n=  4478   udiff=  9.1766E-04 ( 80, 13)   vdiff=  8.8915E-04 ( 59, 19)
n=  4479   udiff=  9.1582E-04 ( 80, 13)   vdiff=  8.8495E-04 ( 59, 19)
n=  4480   udiff=  9.1400E-04 ( 80, 13)   vdiff=  8.8031E-04 ( 59, 19)
n=  4481   udiff=  9.1216E-04 ( 80, 13)   vdiff=  8.7546E-04 ( 59, 19)
n=  4482   udiff=  9.1036E-04 ( 80, 13)   vdiff=  8.7083E-04 ( 59, 19)
n=  4483   udiff=  9.0858E-04 ( 81, 13)   vdiff=  8.6657E-04 ( 59, 19)
n=  4484   udiff=  9.0686E-04 ( 81, 13)   vdiff=  8.6178E-04 ( 59, 19)
n=  4485   udiff=  9.0517E-04 ( 81, 13)   vdiff=  8.5724E-04 ( 59, 19)
n=  4486   udiff=  9.0345E-04 ( 81, 13)   vdiff=  8.5243E-04 ( 59, 19)
n=  4487   udiff=  9.0173E-04 ( 81, 13)   vdiff=  8.4816E-04 ( 59, 19)
n=  4488   udiff=  9.0002E-04 ( 81, 13)   vdiff=  8.4362E-04 ( 59, 19)
n=  4489   udiff=  8.9829E-04 ( 81, 13)   vdiff=  8.3919E-04 ( 59, 19)
n=  4490   udiff=  8.9660E-04 ( 81, 13)   vdiff=  8.3417E-04 ( 59, 19)
n=  4491   udiff=  8.9488E-04 ( 81, 13)   vdiff=  8.2971E-04 ( 59, 19)
n=  4492   udiff=  8.9314E-04 ( 81, 13)   vdiff=  8.2583E-04 ( 59, 19)
n=  4493   udiff=  8.9147E-04 ( 81, 13)   vdiff=  8.2112E-04 ( 59, 19)
n=  4494   udiff=  8.8976E-04 ( 81, 13)   vdiff=  8.1645E-04 ( 59, 19)
n=  4495   udiff=  8.8803E-04 ( 81, 13)   vdiff=  8.1179E-04 ( 59, 19)
n=  4496   udiff=  8.8630E-04 ( 81, 13)   vdiff=  8.0787E-04 ( 59, 19)
n=  4497   udiff=  8.8456E-04 ( 81, 13)   vdiff=  8.0312E-04 ( 59, 19)
n=  4498   udiff=  8.8290E-04 ( 81, 13)   vdiff=  7.9898E-04 ( 59, 19)
n=  4499   udiff=  8.8116E-04 ( 81, 13)   vdiff=  7.9426E-04 ( 59, 19)
n=  4500   udiff=  8.7943E-04 ( 81, 13)   vdiff=  7.8999E-04 ( 59, 19)
n=  4501   udiff=  8.7778E-04 ( 81, 13)   vdiff=  7.8575E-04 ( 59, 19)
n=  4502   udiff=  8.7600E-04 ( 81, 13)   vdiff=  7.8093E-04 ( 59, 19)
n=  4503   udiff=  8.7427E-04 ( 81, 13)   vdiff=  7.7650E-04 ( 59, 19)
n=  4504   udiff=  8.7259E-04 ( 81, 13)   vdiff=  7.7228E-04 ( 59, 19)
n=  4505   udiff=  8.7084E-04 ( 81, 13)   vdiff=  7.6800E-04 ( 59, 19)
n=  4506   udiff=  8.6911E-04 ( 81, 13)   vdiff=  7.6354E-04 ( 59, 19)
n=  4507   udiff=  8.6743E-04 ( 81, 13)   vdiff=  7.5961E-04 ( 59, 19)
n=  4508   udiff=  8.6566E-04 ( 81, 13)   vdiff=  7.5502E-04 ( 59, 19)
n=  4509   udiff=  8.6400E-04 ( 81, 13)   vdiff=  7.5061E-04 ( 59, 19)
n=  4510   udiff=  8.6235E-04 ( 82, 13)   vdiff=  7.4662E-04 ( 59, 19)
n=  4511   udiff=  8.6075E-04 ( 82, 13)   vdiff=  7.4226E-04 ( 59, 19)
n=  4512   udiff=  8.5921E-04 ( 82, 13)   vdiff=  7.3809E-04 ( 59, 19)
n=  4513   udiff=  8.5755E-04 ( 82, 13)   vdiff=  7.3345E-04 ( 59, 19)
n=  4514   udiff=  8.5594E-04 ( 82, 13)   vdiff=  7.2917E-04 ( 59, 19)
n=  4515   udiff=  8.5432E-04 ( 82, 13)   vdiff=  7.2531E-04 ( 59, 19)
n=  4516   udiff=  8.5269E-04 ( 82, 13)   vdiff=  7.2095E-04 ( 59, 19)
n=  4517   udiff=  8.5106E-04 ( 82, 13)   vdiff=  7.1630E-04 ( 59, 19)
n=  4518   udiff=  8.4949E-04 ( 82, 13)   vdiff=  7.1205E-04 ( 59, 19)
n=  4519   udiff=  8.4785E-04 ( 82, 13)   vdiff=  7.0857E-04 ( 59, 19)
n=  4520   udiff=  8.4623E-04 ( 82, 13)   vdiff=  7.0421E-04 ( 59, 19)
n=  4521   udiff=  8.4467E-04 ( 82, 13)   vdiff=  6.9999E-04 ( 59, 19)
n=  4522   udiff=  8.4302E-04 ( 82, 13)   vdiff=  6.9564E-04 ( 59, 19)
n=  4523   udiff=  8.4137E-04 ( 82, 13)   vdiff=  6.9125E-04 ( 59, 19)
n=  4524   udiff=  8.3980E-04 ( 82, 13)   vdiff=  6.8748E-04 ( 59, 19)
n=  4525   udiff=  8.3816E-04 ( 82, 13)   vdiff=  6.8316E-04 ( 59, 19)
n=  4526   udiff=  8.3653E-04 ( 82, 13)   vdiff=  6.7930E-04 ( 59, 19)
n=  4527   udiff=  8.3495E-04 ( 82, 13)   vdiff=  6.7483E-04 ( 59, 19)
n=  4528   udiff=  8.3330E-04 ( 82, 13)   vdiff=  6.7103E-04 ( 59, 19)
n=  4529   udiff=  8.3171E-04 ( 82, 13)   vdiff=  6.6686E-04 ( 59, 19)
n=  4530   udiff=  8.3005E-04 ( 82, 13)   vdiff=  6.6279E-04 ( 59, 19)
n=  4531   udiff=  8.2848E-04 ( 82, 13)   vdiff=  6.5890E-04 ( 59, 19)
n=  4532   udiff=  8.2683E-04 ( 82, 13)   vdiff=  6.5430E-04 ( 59, 19)
n=  4533   udiff=  8.2525E-04 ( 82, 13)   vdiff=  6.5034E-04 ( 59, 19)
n=  4534   udiff=  8.2361E-04 ( 83, 13)   vdiff=  6.4672E-04 ( 59, 19)
n=  4535   udiff=  8.2208E-04 ( 83, 13)   vdiff=  6.4264E-04 ( 59, 19)
n=  4536   udiff=  8.2058E-04 ( 83, 13)   vdiff=  6.3858E-04 ( 59, 19)
n=  4537   udiff=  8.1902E-04 ( 83, 13)   vdiff=  6.3437E-04 ( 59, 19)
n=  4538   udiff=  8.1750E-04 ( 83, 13)   vdiff=  6.3064E-04 ( 59, 19)
n=  4539   udiff=  8.1598E-04 ( 83, 13)   vdiff=  6.2638E-04 ( 59, 19)
n=  4540   udiff=  8.1445E-04 ( 83, 13)   vdiff=  6.2234E-04 ( 59, 19)
n=  4541   udiff=  8.1294E-04 ( 83, 13)   vdiff=  6.1832E-04 ( 59, 19)
n=  4542   udiff=  8.1147E-04 ( 83, 13)   vdiff=  6.1463E-04 ( 59, 19)
n=  4543   udiff=  8.0994E-04 ( 83, 13)   vdiff=  6.1060E-04 ( 59, 19)
n=  4544   udiff=  8.0838E-04 ( 83, 13)   vdiff=  6.0650E-04 ( 59, 19)
n=  4545   udiff=  8.0684E-04 ( 83, 13)   vdiff=  6.0274E-04 ( 59, 19)
n=  4546   udiff=  8.0536E-04 ( 83, 13)   vdiff=  5.9879E-04 ( 59, 19)
n=  4547   udiff=  8.0384E-04 ( 83, 13)   vdiff=  5.9520E-04 ( 59, 19)
n=  4548   udiff=  8.0229E-04 ( 83, 13)   vdiff=  5.9094E-04 ( 59, 19)
n=  4549   udiff=  8.0083E-04 ( 83, 13)   vdiff=  5.8701E-04 ( 59, 19)
n=  4550   udiff=  7.9931E-04 ( 83, 13)   vdiff=  5.8322E-04 ( 59, 19)
n=  4551   udiff=  7.9770E-04 ( 83, 13)   vdiff=  5.7927E-04 ( 59, 19)
n=  4552   udiff=  7.9623E-04 ( 83, 13)   vdiff=  5.7568E-04 ( 59, 19)
n=  4553   udiff=  7.9470E-04 ( 83, 13)   vdiff=  5.7167E-04 ( 59, 19)
n=  4554   udiff=  7.9321E-04 ( 83, 13)   vdiff=  5.6757E-04 ( 59, 19)
n=  4555   udiff=  7.9165E-04 ( 83, 13)   vdiff=  5.6408E-04 ( 59, 19)
n=  4556   udiff=  7.9017E-04 ( 83, 13)   vdiff=  5.6002E-04 ( 59, 19)
n=  4557   udiff=  7.8861E-04 ( 83, 13)   vdiff=  5.5649E-04 ( 59, 19)
n=  4558   udiff=  7.8714E-04 ( 83, 13)   vdiff=  5.5287E-04 ( 59, 19)
n=  4559   udiff=  7.8558E-04 ( 84, 13)   vdiff=  5.4874E-04 ( 59, 19)
n=  4560   udiff=  7.8415E-04 ( 84, 13)   vdiff=  5.4496E-04 ( 59, 19)
n=  4561   udiff=  7.8271E-04 ( 84, 13)   vdiff=  5.4122E-04 ( 59, 19)
n=  4562   udiff=  7.8128E-04 ( 84, 13)   vdiff=  5.3749E-04 ( 59, 19)
n=  4563   udiff=  7.7983E-04 ( 84, 13)   vdiff=  5.3388E-04 ( 59, 19)
n=  4564   udiff=  7.7842E-04 ( 84, 13)   vdiff=  5.3001E-04 ( 59, 19)
n=  4565   udiff=  7.7699E-04 ( 84, 13)   vdiff=  5.2632E-04 ( 59, 19)
n=  4566   udiff=  7.7555E-04 ( 84, 13)   vdiff=  5.2248E-04 ( 59, 19)
n=  4567   udiff=  7.7410E-04 ( 84, 13)   vdiff=  5.1874E-04 ( 59, 19)
n=  4568   udiff=  7.7267E-04 ( 84, 13)   vdiff=  5.1536E-04 ( 59, 19)
n=  4569   udiff=  7.7125E-04 ( 84, 13)   vdiff=  5.1141E-04 ( 59, 19)
n=  4570   udiff=  7.6979E-04 ( 84, 13)   vdiff=  5.0751E-04 ( 59, 19)
n=  4571   udiff=  7.6842E-04 ( 84, 13)   vdiff=  5.0421E-04 ( 59, 19)
n=  4572   udiff=  7.6697E-04 ( 84, 13)   vdiff=  5.0031E-04 ( 59, 19)
n=  4573   udiff=  7.6554E-04 ( 84, 13)   vdiff=  4.9695E-04 ( 59, 19)
n=  4574   udiff=  7.6407E-04 ( 84, 13)   vdiff=  4.9349E-04 ( 59, 19)
n=  4575   udiff=  7.6264E-04 ( 84, 13)   vdiff=  4.8951E-04 ( 59, 19)
n=  4576   udiff=  7.6125E-04 ( 84, 13)   vdiff=  4.8611E-04 ( 59, 19)
n=  4577   udiff=  7.5981E-04 ( 84, 13)   vdiff=  4.8222E-04 ( 59, 19)
n=  4578   udiff=  7.5837E-04 ( 84, 13)   vdiff=  4.7886E-04 ( 59, 19)
n=  4579   udiff=  7.5696E-04 ( 84, 13)   vdiff=  4.7517E-04 ( 59, 19)
n=  4580   udiff=  7.5551E-04 ( 84, 13)   vdiff=  4.7173E-04 ( 59, 19)
n=  4581   udiff=  7.5405E-04 ( 84, 13)   vdiff=  4.6814E-04 ( 59, 19)
n=  4582   udiff=  7.5267E-04 ( 84, 13)   vdiff=  4.6467E-04 ( 59, 19)
n=  4583   udiff=  7.5120E-04 ( 84, 13)   vdiff=  4.6075E-04 ( 59, 19)
n=  4584   udiff=  7.4976E-04 ( 85, 13)   vdiff=  4.5782E-04 ( 59, 19)
n=  4585   udiff=  7.4845E-04 ( 85, 13)   vdiff=  4.5397E-04 ( 59, 19)
n=  4586   udiff=  7.4708E-04 ( 85, 13)   vdiff=  4.5032E-04 ( 59, 19)
n=  4587   udiff=  7.4578E-04 ( 85, 13)   vdiff=  4.4725E-04 ( 59, 19)
n=  4588   udiff=  7.4442E-04 ( 85, 13)   vdiff=  4.4342E-04 ( 59, 19)
n=  4589   udiff=  7.4304E-04 ( 85, 13)   vdiff=  4.4000E-04 ( 59, 19)
n=  4590   udiff=  7.4170E-04 ( 85, 13)   vdiff=  4.3675E-04 ( 59, 19)
n=  4591   udiff=  7.4033E-04 ( 85, 13)   vdiff=  4.3309E-04 ( 59, 19)
n=  4592   udiff=  7.3901E-04 ( 85, 13)   vdiff=  4.2965E-04 ( 59, 19)
n=  4593   udiff=  7.3767E-04 ( 85, 13)   vdiff=  4.2634E-04 ( 59, 19)
n=  4594   udiff=  7.3631E-04 ( 85, 13)   vdiff=  4.2305E-04 ( 59, 19)
n=  4595   udiff=  7.3498E-04 ( 85, 13)   vdiff=  4.1923E-04 ( 59, 19)
n=  4596   udiff=  7.3362E-04 ( 85, 13)   vdiff=  4.1567E-04 ( 59, 19)
n=  4597   udiff=  7.3228E-04 ( 85, 13)   vdiff=  4.1242E-04 ( 59, 19)
n=  4598   udiff=  7.3094E-04 ( 85, 13)   vdiff=  4.1138E-04 ( 55, 22)
n=  4599   udiff=  7.2959E-04 ( 85, 13)   vdiff=  4.1109E-04 ( 55, 22)
n=  4600   udiff=  7.2822E-04 ( 85, 13)   vdiff=  4.1086E-04 ( 55, 22)
n=  4601   udiff=  7.2686E-04 ( 85, 13)   vdiff=  4.1059E-04 ( 55, 22)
n=  4602   udiff=  7.2553E-04 ( 85, 13)   vdiff=  4.1027E-04 ( 55, 22)
n=  4603   udiff=  7.2416E-04 ( 85, 13)   vdiff=  4.1013E-04 ( 55, 22)
n=  4604   udiff=  7.2282E-04 ( 85, 13)   vdiff=  4.0977E-04 ( 55, 22)
n=  4605   udiff=  7.2143E-04 ( 85, 13)   vdiff=  4.0960E-04 ( 55, 22)
n=  4606   udiff=  7.2009E-04 ( 85, 13)   vdiff=  4.0923E-04 ( 55, 22)
n=  4607   udiff=  7.1871E-04 ( 85, 13)   vdiff=  4.0908E-04 ( 55, 22)
n=  4608   udiff=  7.1745E-04 ( 85, 13)   vdiff=  4.0864E-04 ( 55, 22)
n=  4609   udiff=  7.1613E-04 ( 86, 13)   vdiff=  4.0849E-04 ( 55, 22)
n=  4610   udiff=  7.1490E-04 ( 86, 13)   vdiff=  4.0819E-04 ( 55, 22)
n=  4611   udiff=  7.1361E-04 ( 86, 13)   vdiff=  4.0789E-04 ( 55, 22)
n=  4612   udiff=  7.1235E-04 ( 86, 13)   vdiff=  4.0764E-04 ( 55, 22)
n=  4613   udiff=  7.1105E-04 ( 86, 13)   vdiff=  4.0729E-04 ( 55, 22)
n=  4614   udiff=  7.0982E-04 ( 86, 13)   vdiff=  4.0704E-04 ( 55, 22)
n=  4615   udiff=  7.0850E-04 ( 86, 13)   vdiff=  4.0676E-04 ( 55, 22)
n=  4616   udiff=  7.0723E-04 ( 86, 13)   vdiff=  4.0654E-04 ( 55, 22)
n=  4617   udiff=  7.0603E-04 ( 86, 13)   vdiff=  4.0614E-04 ( 55, 22)
n=  4618   udiff=  7.0471E-04 ( 86, 13)   vdiff=  4.0582E-04 ( 55, 22)
n=  4619   udiff=  7.0344E-04 ( 86, 13)   vdiff=  4.0558E-04 ( 55, 22)
n=  4620   udiff=  7.0222E-04 ( 86, 13)   vdiff=  4.0529E-04 ( 55, 22)
n=  4621   udiff=  7.0088E-04 ( 86, 13)   vdiff=  4.0489E-04 ( 55, 22)
n=  4622   udiff=  6.9962E-04 ( 86, 13)   vdiff=  4.0460E-04 ( 55, 22)
n=  4623   udiff=  6.9838E-04 ( 86, 13)   vdiff=  4.0436E-04 ( 55, 22)
n=  4624   udiff=  6.9705E-04 ( 86, 13)   vdiff=  4.0403E-04 ( 55, 22)
n=  4625   udiff=  6.9577E-04 ( 86, 13)   vdiff=  4.0367E-04 ( 55, 22)
n=  4626   udiff=  6.9456E-04 ( 86, 13)   vdiff=  4.0339E-04 ( 55, 22)
n=  4627   udiff=  6.9328E-04 ( 86, 13)   vdiff=  4.0306E-04 ( 55, 22)
n=  4628   udiff=  6.9195E-04 ( 86, 13)   vdiff=  4.0279E-04 ( 55, 22)
n=  4629   udiff=  6.9069E-04 ( 86, 13)   vdiff=  4.0248E-04 ( 55, 22)
n=  4630   udiff=  6.8943E-04 ( 86, 13)   vdiff=  4.0206E-04 ( 55, 22)
n=  4631   udiff=  6.8817E-04 ( 86, 13)   vdiff=  4.0171E-04 ( 55, 22)
n=  4632   udiff=  6.8690E-04 ( 86, 13)   vdiff=  4.0143E-04 ( 55, 22)
n=  4633   udiff=  6.8570E-04 ( 87, 13)   vdiff=  4.0107E-04 ( 55, 22)
n=  4634   udiff=  6.8452E-04 ( 87, 13)   vdiff=  4.0071E-04 ( 55, 22)
n=  4635   udiff=  6.8332E-04 ( 87, 13)   vdiff=  4.0038E-04 ( 55, 22)
n=  4636   udiff=  6.8210E-04 ( 87, 13)   vdiff=  4.0002E-04 ( 55, 22)
n=  4637   udiff=  6.8093E-04 ( 87, 13)   vdiff=  3.9964E-04 ( 55, 22)
n=  4638   udiff=  6.7970E-04 ( 87, 13)   vdiff=  3.9926E-04 ( 55, 22)
n=  4639   udiff=  6.7856E-04 ( 87, 13)   vdiff=  3.9900E-04 ( 55, 22)
n=  4640   udiff=  6.7733E-04 ( 87, 13)   vdiff=  3.9863E-04 ( 55, 22)
n=  4641   udiff=  6.7614E-04 ( 87, 13)   vdiff=  3.9818E-04 ( 55, 22)
n=  4642   udiff=  6.7492E-04 ( 87, 13)   vdiff=  3.9780E-04 ( 55, 22)
n=  4643   udiff=  6.7375E-04 ( 87, 13)   vdiff=  3.9760E-04 ( 55, 22)
n=  4644   udiff=  6.7252E-04 ( 87, 13)   vdiff=  3.9711E-04 ( 55, 22)
n=  4645   udiff=  6.7131E-04 ( 87, 13)   vdiff=  3.9669E-04 ( 55, 22)
n=  4646   udiff=  6.7014E-04 ( 87, 13)   vdiff=  3.9644E-04 ( 55, 22)
n=  4647   udiff=  6.6892E-04 ( 87, 13)   vdiff=  3.9599E-04 ( 55, 22)
n=  4648   udiff=  6.6770E-04 ( 87, 13)   vdiff=  3.9552E-04 ( 55, 22)
n=  4649   udiff=  6.6655E-04 ( 87, 13)   vdiff=  3.9523E-04 ( 55, 22)
n=  4650   udiff=  6.6533E-04 ( 87, 13)   vdiff=  3.9478E-04 ( 55, 22)
n=  4651   udiff=  6.6408E-04 ( 87, 13)   vdiff=  3.9444E-04 ( 55, 22)
n=  4652   udiff=  6.6292E-04 ( 87, 13)   vdiff=  3.9398E-04 ( 55, 22)
n=  4653   udiff=  6.6169E-04 ( 87, 13)   vdiff=  3.9362E-04 ( 55, 22)
n=  4654   udiff=  6.6050E-04 ( 87, 13)   vdiff=  3.9331E-04 ( 55, 22)
n=  4655   udiff=  6.5929E-04 ( 87, 13)   vdiff=  3.9288E-04 ( 55, 22)
n=  4656   udiff=  6.5814E-04 ( 88, 13)   vdiff=  3.9256E-04 ( 55, 22)
n=  4657   udiff=  6.5702E-04 ( 88, 13)   vdiff=  3.9201E-04 ( 55, 22)
n=  4658   udiff=  6.5582E-04 ( 88, 13)   vdiff=  3.9164E-04 ( 55, 22)
n=  4659   udiff=  6.5472E-04 ( 88, 13)   vdiff=  3.9129E-04 ( 55, 22)
n=  4660   udiff=  6.5358E-04 ( 88, 13)   vdiff=  3.9091E-04 ( 55, 22)
n=  4661   udiff=  6.5250E-04 ( 88, 13)   vdiff=  3.9038E-04 ( 55, 22)
n=  4662   udiff=  6.5136E-04 ( 88, 13)   vdiff=  3.9006E-04 ( 55, 22)
n=  4663   udiff=  6.5018E-04 ( 88, 13)   vdiff=  3.8963E-04 ( 55, 22)
n=  4664   udiff=  6.4907E-04 ( 88, 13)   vdiff=  3.8923E-04 ( 55, 22)
n=  4665   udiff=  6.4794E-04 ( 88, 13)   vdiff=  3.8885E-04 ( 55, 22)
n=  4666   udiff=  6.4684E-04 ( 88, 13)   vdiff=  3.8848E-04 ( 55, 22)
n=  4667   udiff=  6.4569E-04 ( 88, 13)   vdiff=  3.8797E-04 ( 55, 22)
n=  4668   udiff=  6.4457E-04 ( 88, 13)   vdiff=  3.8764E-04 ( 55, 22)
n=  4669   udiff=  6.4343E-04 ( 88, 13)   vdiff=  3.8698E-04 ( 55, 22)
n=  4670   udiff=  6.4225E-04 ( 88, 13)   vdiff=  3.8675E-04 ( 55, 22)
n=  4671   udiff=  6.4112E-04 ( 88, 13)   vdiff=  3.8630E-04 ( 55, 22)
n=  4672   udiff=  6.3999E-04 ( 88, 13)   vdiff=  3.8585E-04 ( 55, 22)
n=  4673   udiff=  6.3886E-04 ( 88, 13)   vdiff=  3.8546E-04 ( 55, 22)
n=  4674   udiff=  6.3774E-04 ( 88, 13)   vdiff=  3.8494E-04 ( 55, 22)
n=  4675   udiff=  6.3659E-04 ( 88, 13)   vdiff=  3.8449E-04 ( 55, 22)
n=  4676   udiff=  6.3545E-04 ( 88, 13)   vdiff=  3.8408E-04 ( 55, 22)
n=  4677   udiff=  6.3431E-04 ( 88, 13)   vdiff=  3.8361E-04 ( 55, 22)
n=  4678   udiff=  6.3319E-04 ( 88, 13)   vdiff=  3.8320E-04 ( 55, 22)
n=  4679   udiff=  6.3202E-04 ( 88, 13)   vdiff=  3.8273E-04 ( 55, 22)
n=  4680   udiff=  6.3099E-04 ( 89, 13)   vdiff=  3.8227E-04 ( 55, 22)
n=  4681   udiff=  6.2989E-04 ( 89, 13)   vdiff=  3.8184E-04 ( 55, 22)
n=  4682   udiff=  6.2883E-04 ( 89, 13)   vdiff=  3.8135E-04 ( 55, 22)
n=  4683   udiff=  6.2771E-04 ( 89, 13)   vdiff=  3.8090E-04 ( 55, 22)
n=  4684   udiff=  6.2669E-04 ( 89, 13)   vdiff=  3.8047E-04 ( 55, 22)
n=  4685   udiff=  6.2560E-04 ( 89, 13)   vdiff=  3.7998E-04 ( 55, 22)
n=  4686   udiff=  6.2451E-04 ( 89, 13)   vdiff=  3.7962E-04 ( 55, 22)
n=  4687   udiff=  6.2350E-04 ( 89, 13)   vdiff=  3.7901E-04 ( 55, 22)
n=  4688   udiff=  6.2241E-04 ( 89, 13)   vdiff=  3.7862E-04 ( 55, 22)
n=  4689   udiff=  6.2138E-04 ( 89, 13)   vdiff=  3.7829E-04 ( 55, 22)
n=  4690   udiff=  6.2030E-04 ( 89, 13)   vdiff=  3.7771E-04 ( 55, 22)
n=  4691   udiff=  6.1919E-04 ( 89, 13)   vdiff=  3.7723E-04 ( 55, 22)
n=  4692   udiff=  6.1816E-04 ( 89, 13)   vdiff=  3.7671E-04 ( 55, 22)
n=  4693   udiff=  6.1705E-04 ( 89, 13)   vdiff=  3.7627E-04 ( 55, 22)
n=  4694   udiff=  6.1602E-04 ( 89, 13)   vdiff=  3.7584E-04 ( 55, 22)
n=  4695   udiff=  6.1493E-04 ( 89, 13)   vdiff=  3.7544E-04 ( 55, 22)
n=  4696   udiff=  6.1382E-04 ( 89, 13)   vdiff=  3.7525E-04 ( 56, 23)
n=  4697   udiff=  6.1277E-04 ( 89, 13)   vdiff=  3.7542E-04 ( 56, 23)
n=  4698   udiff=  6.1167E-04 ( 89, 13)   vdiff=  3.7564E-04 ( 56, 23)
n=  4699   udiff=  6.1063E-04 ( 89, 13)   vdiff=  3.7575E-04 ( 56, 23)
n=  4700   udiff=  6.0953E-04 ( 89, 13)   vdiff=  3.7579E-04 ( 56, 23)
n=  4701   udiff=  6.0848E-04 ( 89, 13)   vdiff=  3.7598E-04 ( 56, 23)
n=  4702   udiff=  6.0737E-04 ( 89, 13)   vdiff=  3.7609E-04 ( 56, 23)
n=  4703   udiff=  6.0632E-04 ( 89, 13)   vdiff=  3.7625E-04 ( 56, 23)
n=  4704   udiff=  6.0533E-04 ( 90, 13)   vdiff=  3.7642E-04 ( 56, 23)
n=  4705   udiff=  6.0428E-04 ( 90, 13)   vdiff=  3.7645E-04 ( 56, 23)
n=  4706   udiff=  6.0326E-04 ( 90, 13)   vdiff=  3.7660E-04 ( 56, 23)
n=  4707   udiff=  6.0231E-04 ( 90, 13)   vdiff=  3.7671E-04 ( 56, 23)
n=  4708   udiff=  6.0129E-04 ( 90, 13)   vdiff=  3.7674E-04 ( 56, 23)
n=  4709   udiff=  6.0024E-04 ( 90, 13)   vdiff=  3.7688E-04 ( 56, 23)
n=  4710   udiff=  5.9925E-04 ( 90, 13)   vdiff=  3.7702E-04 ( 56, 23)
n=  4711   udiff=  5.9824E-04 ( 90, 13)   vdiff=  3.7717E-04 ( 56, 23)
n=  4712   udiff=  5.9724E-04 ( 90, 13)   vdiff=  3.7710E-04 ( 56, 23)
n=  4713   udiff=  5.9622E-04 ( 90, 13)   vdiff=  3.7725E-04 ( 56, 23)
n=  4714   udiff=  5.9523E-04 ( 90, 13)   vdiff=  3.7738E-04 ( 56, 23)
n=  4715   udiff=  5.9424E-04 ( 90, 13)   vdiff=  3.7737E-04 ( 56, 23)
n=  4716   udiff=  5.9315E-04 ( 90, 13)   vdiff=  3.7747E-04 ( 56, 23)
n=  4717   udiff=  5.9213E-04 ( 90, 13)   vdiff=  3.7761E-04 ( 56, 23)
n=  4718   udiff=  5.9114E-04 ( 90, 13)   vdiff=  3.7752E-04 ( 56, 23)
n=  4719   udiff=  5.9011E-04 ( 90, 13)   vdiff=  3.7766E-04 ( 56, 23)
n=  4720   udiff=  5.8913E-04 ( 90, 13)   vdiff=  3.7778E-04 ( 56, 23)
n=  4721   udiff=  5.8812E-04 ( 90, 13)   vdiff=  3.7778E-04 ( 56, 23)
n=  4722   udiff=  5.8707E-04 ( 90, 13)   vdiff=  3.7785E-04 ( 56, 23)
n=  4723   udiff=  5.8606E-04 ( 90, 13)   vdiff=  3.7794E-04 ( 56, 23)
n=  4724   udiff=  5.8505E-04 ( 90, 13)   vdiff=  3.7794E-04 ( 56, 23)
n=  4725   udiff=  5.8408E-04 ( 90, 13)   vdiff=  3.7798E-04 ( 56, 23)
n=  4726   udiff=  5.8304E-04 ( 90, 13)   vdiff=  3.7805E-04 ( 56, 23)
n=  4727   udiff=  5.8202E-04 ( 91, 13)   vdiff=  3.7804E-04 ( 56, 23)
n=  4728   udiff=  5.8109E-04 ( 91, 13)   vdiff=  3.7812E-04 ( 56, 23)
n=  4729   udiff=  5.8009E-04 ( 91, 13)   vdiff=  3.7806E-04 ( 56, 23)
n=  4730   udiff=  5.7920E-04 ( 91, 13)   vdiff=  3.7816E-04 ( 56, 23)
n=  4731   udiff=  5.7822E-04 ( 91, 13)   vdiff=  3.7822E-04 ( 56, 23)
n=  4732   udiff=  5.7726E-04 ( 91, 13)   vdiff=  3.7816E-04 ( 56, 23)
n=  4733   udiff=  5.7628E-04 ( 91, 13)   vdiff=  3.7823E-04 ( 56, 23)
n=  4734   udiff=  5.7536E-04 ( 91, 13)   vdiff=  3.7825E-04 ( 56, 23)
n=  4735   udiff=  5.7439E-04 ( 91, 13)   vdiff=  3.7817E-04 ( 56, 23)
n=  4736   udiff=  5.7342E-04 ( 91, 13)   vdiff=  3.7828E-04 ( 56, 23)
n=  4737   udiff=  5.7250E-04 ( 91, 13)   vdiff=  3.7817E-04 ( 56, 23)
n=  4738   udiff=  5.7153E-04 ( 91, 13)   vdiff=  3.7822E-04 ( 56, 23)
n=  4739   udiff=  5.7054E-04 ( 91, 13)   vdiff=  3.7829E-04 ( 56, 23)
n=  4740   udiff=  5.6956E-04 ( 91, 13)   vdiff=  3.7820E-04 ( 56, 23)
n=  4741   udiff=  5.6862E-04 ( 91, 13)   vdiff=  3.7827E-04 ( 56, 23)
n=  4742   udiff=  5.6766E-04 ( 91, 13)   vdiff=  3.7822E-04 ( 56, 23)
n=  4743   udiff=  5.6667E-04 ( 91, 13)   vdiff=  3.7819E-04 ( 56, 23)
n=  4744   udiff=  5.6576E-04 ( 91, 13)   vdiff=  3.7822E-04 ( 56, 23)
n=  4745   udiff=  5.6479E-04 ( 91, 13)   vdiff=  3.7814E-04 ( 56, 23)
n=  4746   udiff=  5.6377E-04 ( 91, 13)   vdiff=  3.7813E-04 ( 56, 23)
n=  4747   udiff=  5.6285E-04 ( 91, 13)   vdiff=  3.7816E-04 ( 56, 23)
n=  4748   udiff=  5.6183E-04 ( 91, 13)   vdiff=  3.7802E-04 ( 56, 23)
n=  4749   udiff=  5.6095E-04 ( 91, 13)   vdiff=  3.7805E-04 ( 56, 23)
n=  4750   udiff=  5.5997E-04 ( 92, 13)   vdiff=  3.7796E-04 ( 56, 23)
n=  4751   udiff=  5.5903E-04 ( 92, 13)   vdiff=  3.7793E-04 ( 56, 23)
n=  4752   udiff=  5.5817E-04 ( 92, 13)   vdiff=  3.7791E-04 ( 56, 23)
n=  4753   udiff=  5.5719E-04 ( 92, 13)   vdiff=  3.7785E-04 ( 56, 23)
n=  4754   udiff=  5.5634E-04 ( 92, 13)   vdiff=  3.7783E-04 ( 56, 23)
n=  4755   udiff=  5.5544E-04 ( 92, 13)   vdiff=  3.7782E-04 ( 56, 23)
n=  4756   udiff=  5.5449E-04 ( 92, 13)   vdiff=  3.7768E-04 ( 56, 23)
n=  4757   udiff=  5.5362E-04 ( 92, 13)   vdiff=  3.7767E-04 ( 56, 23)
n=  4758   udiff=  5.5274E-04 ( 92, 13)   vdiff=  3.7764E-04 ( 56, 23)
n=  4759   udiff=  5.5177E-04 ( 92, 13)   vdiff=  3.7747E-04 ( 56, 23)
n=  4760   udiff=  5.5086E-04 ( 92, 13)   vdiff=  3.7745E-04 ( 56, 23)
n=  4761   udiff=  5.5001E-04 ( 92, 13)   vdiff=  3.7740E-04 ( 56, 23)
n=  4762   udiff=  5.4904E-04 ( 92, 13)   vdiff=  3.7727E-04 ( 56, 23)
n=  4763   udiff=  5.4815E-04 ( 92, 13)   vdiff=  3.7725E-04 ( 56, 23)
n=  4764   udiff=  5.4726E-04 ( 92, 13)   vdiff=  3.7719E-04 ( 56, 23)
n=  4765   udiff=  5.4635E-04 ( 92, 13)   vdiff=  3.7701E-04 ( 56, 23)
n=  4766   udiff=  5.4539E-04 ( 92, 13)   vdiff=  3.7695E-04 ( 56, 23)
n=  4767   udiff=  5.4451E-04 ( 92, 13)   vdiff=  3.7689E-04 ( 56, 23)
n=  4768   udiff=  5.4363E-04 ( 92, 13)   vdiff=  3.7673E-04 ( 56, 23)
n=  4769   udiff=  5.4272E-04 ( 92, 13)   vdiff=  3.7662E-04 ( 56, 23)
n=  4770   udiff=  5.4175E-04 ( 92, 13)   vdiff=  3.7655E-04 ( 56, 23)
n=  4771   udiff=  5.4084E-04 ( 92, 13)   vdiff=  3.7649E-04 ( 56, 23)
n=  4772   udiff=  5.3994E-04 ( 92, 13)   vdiff=  3.7633E-04 ( 56, 23)
n=  4773   udiff=  5.3904E-04 ( 92, 13)   vdiff=  3.7623E-04 ( 56, 23)
n=  4774   udiff=  5.3814E-04 ( 93, 13)   vdiff=  3.7613E-04 ( 56, 23)
n=  4775   udiff=  5.3729E-04 ( 93, 13)   vdiff=  3.7609E-04 ( 56, 23)
n=  4776   udiff=  5.3642E-04 ( 93, 13)   vdiff=  3.7581E-04 ( 56, 23)
n=  4777   udiff=  5.3557E-04 ( 93, 13)   vdiff=  3.7572E-04 ( 56, 23)
n=  4778   udiff=  5.3471E-04 ( 93, 13)   vdiff=  3.7560E-04 ( 56, 23)
n=  4779   udiff=  5.3386E-04 ( 93, 13)   vdiff=  3.7562E-04 ( 56, 23)
n=  4780   udiff=  5.3299E-04 ( 93, 13)   vdiff=  3.7533E-04 ( 56, 23)
n=  4781   udiff=  5.3210E-04 ( 93, 13)   vdiff=  3.7524E-04 ( 56, 23)
n=  4782   udiff=  5.3124E-04 ( 93, 13)   vdiff=  3.7509E-04 ( 56, 23)
n=  4783   udiff=  5.3040E-04 ( 93, 13)   vdiff=  3.7499E-04 ( 56, 23)
n=  4784   udiff=  5.2955E-04 ( 93, 13)   vdiff=  3.7491E-04 ( 56, 23)
n=  4785   udiff=  5.2867E-04 ( 93, 13)   vdiff=  3.7479E-04 ( 56, 23)
n=  4786   udiff=  5.2778E-04 ( 93, 13)   vdiff=  3.7448E-04 ( 56, 23)
n=  4787   udiff=  5.2692E-04 ( 93, 13)   vdiff=  3.7442E-04 ( 56, 23)
n=  4788   udiff=  5.2605E-04 ( 93, 13)   vdiff=  3.7420E-04 ( 56, 23)
n=  4789   udiff=  5.2514E-04 ( 93, 13)   vdiff=  3.7411E-04 ( 56, 23)
n=  4790   udiff=  5.2430E-04 ( 93, 13)   vdiff=  3.7399E-04 ( 56, 23)
n=  4791   udiff=  5.2345E-04 ( 93, 13)   vdiff=  3.7381E-04 ( 56, 23)
n=  4792   udiff=  5.2264E-04 ( 93, 13)   vdiff=  3.7368E-04 ( 56, 23)
n=  4793   udiff=  5.2174E-04 ( 93, 13)   vdiff=  3.7351E-04 ( 56, 23)
n=  4794   udiff=  5.2088E-04 ( 93, 13)   vdiff=  3.7338E-04 ( 56, 23)
n=  4795   udiff=  5.1998E-04 ( 93, 13)   vdiff=  3.7316E-04 ( 56, 23)
n=  4796   udiff=  5.1913E-04 ( 93, 13)   vdiff=  3.7302E-04 ( 56, 23)
n=  4797   udiff=  5.1826E-04 ( 93, 13)   vdiff=  3.7290E-04 ( 56, 23)
n=  4798   udiff=  5.1742E-04 ( 94, 13)   vdiff=  3.7267E-04 ( 56, 23)
n=  4799   udiff=  5.1657E-04 ( 94, 13)   vdiff=  3.7252E-04 ( 56, 23)
n=  4800   udiff=  5.1582E-04 ( 94, 13)   vdiff=  3.7230E-04 ( 56, 23)
n=  4801   udiff=  5.1496E-04 ( 94, 13)   vdiff=  3.7216E-04 ( 56, 23)
n=  4802   udiff=  5.1415E-04 ( 94, 13)   vdiff=  3.7233E-04 ( 57, 24)
n=  4803   udiff=  5.1336E-04 ( 94, 13)   vdiff=  3.7256E-04 ( 57, 24)
n=  4804   udiff=  5.1253E-04 ( 94, 13)   vdiff=  3.7279E-04 ( 57, 24)
n=  4805   udiff=  5.1168E-04 ( 94, 13)   vdiff=  3.7307E-04 ( 57, 24)
n=  4806   udiff=  5.1090E-04 ( 94, 13)   vdiff=  3.7336E-04 ( 57, 24)
n=  4807   udiff=  5.1005E-04 ( 94, 13)   vdiff=  3.7359E-04 ( 57, 24)
n=  4808   udiff=  5.0927E-04 ( 94, 13)   vdiff=  3.7385E-04 ( 57, 24)
n=  4809   udiff=  5.0841E-04 ( 94, 13)   vdiff=  3.7412E-04 ( 57, 24)
n=  4810   udiff=  5.0759E-04 ( 94, 13)   vdiff=  3.7428E-04 ( 57, 24)
n=  4811   udiff=  5.0680E-04 ( 94, 13)   vdiff=  3.7453E-04 ( 57, 24)
n=  4812   udiff=  5.0593E-04 ( 94, 13)   vdiff=  3.7477E-04 ( 57, 24)
n=  4813   udiff=  5.0516E-04 ( 94, 13)   vdiff=  3.7503E-04 ( 57, 24)
n=  4814   udiff=  5.0446E-04 ( 52, 28)   vdiff=  3.7520E-04 ( 57, 24)
n=  4815   udiff=  5.0385E-04 ( 52, 28)   vdiff=  3.7545E-04 ( 57, 24)
n=  4816   udiff=  5.0322E-04 ( 52, 28)   vdiff=  3.7569E-04 ( 57, 24)
n=  4817   udiff=  5.0260E-04 ( 52, 28)   vdiff=  3.7586E-04 ( 57, 24)
n=  4818   udiff=  5.0196E-04 ( 52, 28)   vdiff=  3.7609E-04 ( 57, 24)
n=  4819   udiff=  5.0134E-04 ( 52, 28)   vdiff=  3.7630E-04 ( 57, 24)
n=  4820   udiff=  5.0071E-04 ( 52, 28)   vdiff=  3.7645E-04 ( 57, 24)
n=  4821   udiff=  5.0009E-04 ( 52, 28)   vdiff=  3.7663E-04 ( 57, 24)
n=  4822   udiff=  4.9945E-04 ( 52, 28)   vdiff=  3.7689E-04 ( 57, 24)
n=  4823   udiff=  4.9882E-04 ( 52, 28)   vdiff=  3.7703E-04 ( 57, 24)
n=  4824   udiff=  4.9818E-04 ( 52, 28)   vdiff=  3.7721E-04 ( 57, 24)
n=  4825   udiff=  4.9754E-04 ( 52, 28)   vdiff=  3.7737E-04 ( 57, 24)
n=  4826   udiff=  4.9691E-04 ( 52, 28)   vdiff=  3.7759E-04 ( 57, 24)
n=  4827   udiff=  4.9627E-04 ( 52, 28)   vdiff=  3.7773E-04 ( 57, 24)
n=  4828   udiff=  4.9562E-04 ( 52, 28)   vdiff=  3.7793E-04 ( 57, 24)
n=  4829   udiff=  4.9498E-04 ( 52, 28)   vdiff=  3.7805E-04 ( 57, 24)
n=  4830   udiff=  4.9434E-04 ( 52, 28)   vdiff=  3.7823E-04 ( 57, 24)
n=  4831   udiff=  4.9367E-04 ( 52, 28)   vdiff=  3.7843E-04 ( 57, 24)
n=  4832   udiff=  4.9304E-04 ( 52, 28)   vdiff=  3.7856E-04 ( 57, 24)
n=  4833   udiff=  4.9240E-04 ( 52, 28)   vdiff=  3.7873E-04 ( 57, 24)
n=  4834   udiff=  4.9175E-04 ( 52, 28)   vdiff=  3.7887E-04 ( 57, 24)
n=  4835   udiff=  4.9108E-04 ( 52, 28)   vdiff=  3.7899E-04 ( 57, 24)
n=  4836   udiff=  4.9043E-04 ( 52, 28)   vdiff=  3.7911E-04 ( 57, 24)
n=  4837   udiff=  4.8979E-04 ( 52, 28)   vdiff=  3.7930E-04 ( 57, 24)
n=  4838   udiff=  4.8914E-04 ( 52, 28)   vdiff=  3.7945E-04 ( 57, 24)
n=  4839   udiff=  4.8847E-04 ( 52, 28)   vdiff=  3.7955E-04 ( 57, 24)
n=  4840   udiff=  4.8782E-04 ( 52, 28)   vdiff=  3.7974E-04 ( 57, 23)
n=  4841   udiff=  4.8716E-04 ( 52, 28)   vdiff=  3.7997E-04 ( 57, 23)
n=  4842   udiff=  4.8651E-04 ( 52, 28)   vdiff=  3.8007E-04 ( 57, 23)
n=  4843   udiff=  4.8582E-04 ( 52, 28)   vdiff=  3.8038E-04 ( 57, 23)
n=  4844   udiff=  4.8516E-04 ( 52, 28)   vdiff=  3.8048E-04 ( 57, 23)
n=  4845   udiff=  4.8455E-04 ( 53, 28)   vdiff=  3.8058E-04 ( 57, 23)
n=  4846   udiff=  4.8400E-04 ( 53, 28)   vdiff=  3.8085E-04 ( 57, 23)
n=  4847   udiff=  4.8341E-04 ( 53, 28)   vdiff=  3.8096E-04 ( 57, 23)
n=  4848   udiff=  4.8283E-04 ( 53, 28)   vdiff=  3.8123E-04 ( 57, 23)
n=  4849   udiff=  4.8226E-04 ( 53, 28)   vdiff=  3.8128E-04 ( 57, 23)
n=  4850   udiff=  4.8169E-04 ( 53, 28)   vdiff=  3.8156E-04 ( 57, 23)
n=  4851   udiff=  4.8110E-04 ( 53, 28)   vdiff=  3.8165E-04 ( 57, 23)
n=  4852   udiff=  4.8053E-04 ( 53, 28)   vdiff=  3.8179E-04 ( 57, 23)
n=  4853   udiff=  4.7993E-04 ( 53, 28)   vdiff=  3.8202E-04 ( 57, 23)
n=  4854   udiff=  4.7935E-04 ( 53, 28)   vdiff=  3.8211E-04 ( 57, 23)
n=  4855   udiff=  4.7877E-04 ( 53, 28)   vdiff=  3.8233E-04 ( 57, 23)
n=  4856   udiff=  4.7817E-04 ( 53, 28)   vdiff=  3.8244E-04 ( 57, 23)
n=  4857   udiff=  4.7759E-04 ( 53, 28)   vdiff=  3.8252E-04 ( 57, 23)
n=  4858   udiff=  4.7700E-04 ( 53, 28)   vdiff=  3.8276E-04 ( 57, 23)
n=  4859   udiff=  4.7639E-04 ( 53, 28)   vdiff=  3.8284E-04 ( 57, 23)
n=  4860   udiff=  4.7581E-04 ( 53, 28)   vdiff=  3.8293E-04 ( 57, 23)
n=  4861   udiff=  4.7521E-04 ( 53, 28)   vdiff=  3.8304E-04 ( 57, 23)
n=  4862   udiff=  4.7461E-04 ( 53, 28)   vdiff=  3.8324E-04 ( 57, 23)
n=  4863   udiff=  4.7401E-04 ( 53, 28)   vdiff=  3.8331E-04 ( 57, 23)
n=  4864   udiff=  4.7342E-04 ( 53, 28)   vdiff=  3.8339E-04 ( 57, 23)
n=  4865   udiff=  4.7282E-04 ( 53, 28)   vdiff=  3.8361E-04 ( 57, 23)
n=  4866   udiff=  4.7221E-04 ( 53, 28)   vdiff=  3.8367E-04 ( 57, 23)
n=  4867   udiff=  4.7162E-04 ( 53, 28)   vdiff=  3.8374E-04 ( 57, 23)
n=  4868   udiff=  4.7099E-04 ( 53, 28)   vdiff=  3.8378E-04 ( 57, 23)
n=  4869   udiff=  4.7040E-04 ( 53, 28)   vdiff=  3.8399E-04 ( 57, 23)
n=  4870   udiff=  4.6979E-04 ( 53, 28)   vdiff=  3.8404E-04 ( 57, 23)
n=  4871   udiff=  4.6918E-04 ( 53, 28)   vdiff=  3.8417E-04 ( 57, 23)
n=  4872   udiff=  4.6856E-04 ( 53, 28)   vdiff=  3.8416E-04 ( 57, 23)
n=  4873   udiff=  4.6794E-04 ( 53, 28)   vdiff=  3.8424E-04 ( 57, 23)
n=  4874   udiff=  4.6734E-04 ( 53, 28)   vdiff=  3.8439E-04 ( 57, 23)
n=  4875   udiff=  4.6672E-04 ( 53, 28)   vdiff=  3.8443E-04 ( 57, 23)
n=  4876   udiff=  4.6611E-04 ( 53, 28)   vdiff=  3.8447E-04 ( 57, 23)
n=  4877   udiff=  4.6550E-04 ( 53, 28)   vdiff=  3.8456E-04 ( 57, 23)
n=  4878   udiff=  4.6487E-04 ( 53, 28)   vdiff=  3.8458E-04 ( 57, 23)
n=  4879   udiff=  4.6426E-04 ( 53, 28)   vdiff=  3.8474E-04 ( 57, 23)
n=  4880   udiff=  4.6364E-04 ( 53, 28)   vdiff=  3.8478E-04 ( 57, 23)
n=  4881   udiff=  4.6302E-04 ( 53, 28)   vdiff=  3.8480E-04 ( 57, 23)
n=  4882   udiff=  4.6238E-04 ( 53, 28)   vdiff=  3.8478E-04 ( 57, 23)
n=  4883   udiff=  4.6176E-04 ( 53, 28)   vdiff=  3.8485E-04 ( 57, 23)
n=  4884   udiff=  4.6113E-04 ( 53, 28)   vdiff=  3.8502E-04 ( 57, 23)
n=  4885   udiff=  4.6051E-04 ( 53, 28)   vdiff=  3.8505E-04 ( 57, 23)
n=  4886   udiff=  4.5989E-04 ( 53, 28)   vdiff=  3.8508E-04 ( 57, 23)
n=  4887   udiff=  4.5924E-04 ( 53, 28)   vdiff=  3.8506E-04 ( 57, 23)
n=  4888   udiff=  4.5862E-04 ( 53, 28)   vdiff=  3.8511E-04 ( 57, 23)
n=  4889   udiff=  4.5800E-04 ( 53, 28)   vdiff=  3.8511E-04 ( 57, 23)
n=  4890   udiff=  4.5736E-04 ( 53, 28)   vdiff=  3.8524E-04 ( 57, 23)
n=  4891   udiff=  4.5673E-04 ( 53, 28)   vdiff=  3.8528E-04 ( 57, 23)
n=  4892   udiff=  4.5609E-04 ( 53, 28)   vdiff=  3.8521E-04 ( 57, 23)
n=  4893   udiff=  4.5546E-04 ( 53, 28)   vdiff=  3.8522E-04 ( 57, 23)
n=  4894   udiff=  4.5483E-04 ( 53, 28)   vdiff=  3.8520E-04 ( 57, 23)
n=  4895   udiff=  4.5418E-04 ( 53, 28)   vdiff=  3.8520E-04 ( 57, 23)
n=  4896   udiff=  4.5354E-04 ( 53, 28)   vdiff=  3.8517E-04 ( 57, 23)
n=  4897   udiff=  4.5290E-04 ( 53, 28)   vdiff=  3.8531E-04 ( 57, 23)
n=  4898   udiff=  4.5226E-04 ( 53, 28)   vdiff=  3.8529E-04 ( 57, 23)
n=  4899   udiff=  4.5162E-04 ( 53, 28)   vdiff=  3.8527E-04 ( 57, 23)
n=  4900   udiff=  4.5098E-04 ( 53, 28)   vdiff=  3.8523E-04 ( 57, 23)
n=  4901   udiff=  4.5033E-04 ( 53, 28)   vdiff=  3.8521E-04 ( 57, 23)
n=  4902   udiff=  4.4969E-04 ( 53, 28)   vdiff=  3.8517E-04 ( 57, 23)
n=  4903   udiff=  4.4905E-04 ( 53, 28)   vdiff=  3.8515E-04 ( 57, 23)
n=  4904   udiff=  4.4840E-04 ( 53, 28)   vdiff=  3.8527E-04 ( 57, 23)
n=  4905   udiff=  4.4775E-04 ( 53, 28)   vdiff=  3.8520E-04 ( 57, 23)
n=  4906   udiff=  4.4710E-04 ( 53, 28)   vdiff=  3.8519E-04 ( 57, 23)
n=  4907   udiff=  4.4645E-04 ( 53, 28)   vdiff=  3.8512E-04 ( 57, 23)
n=  4908   udiff=  4.4578E-04 ( 53, 28)   vdiff=  3.8505E-04 ( 57, 23)
n=  4909   udiff=  4.4513E-04 ( 53, 28)   vdiff=  3.8499E-04 ( 57, 23)
n=  4910   udiff=  4.4449E-04 ( 53, 28)   vdiff=  3.8507E-04 ( 57, 23)
n=  4911   udiff=  4.4383E-04 ( 53, 28)   vdiff=  3.8500E-04 ( 57, 23)
n=  4912   udiff=  4.4317E-04 ( 53, 28)   vdiff=  3.8496E-04 ( 57, 23)
n=  4913   udiff=  4.4252E-04 ( 53, 28)   vdiff=  3.8491E-04 ( 57, 23)
n=  4914   udiff=  4.4185E-04 ( 53, 28)   vdiff=  3.8478E-04 ( 57, 23)
n=  4915   udiff=  4.4119E-04 ( 53, 28)   vdiff=  3.8475E-04 ( 57, 23)
n=  4916   udiff=  4.4055E-04 ( 53, 28)   vdiff=  3.8478E-04 ( 57, 23)
n=  4917   udiff=  4.3988E-04 ( 53, 28)   vdiff=  3.8472E-04 ( 57, 23)
n=  4918   udiff=  4.3922E-04 ( 53, 28)   vdiff=  3.8462E-04 ( 57, 23)
n=  4919   udiff=  4.3856E-04 ( 53, 28)   vdiff=  3.8463E-04 ( 58, 24)
n=  4920   udiff=  4.3790E-04 ( 53, 28)   vdiff=  3.8475E-04 ( 58, 24)
n=  4921   udiff=  4.3723E-04 ( 53, 28)   vdiff=  3.8501E-04 ( 58, 24)
n=  4922   udiff=  4.3658E-04 ( 53, 28)   vdiff=  3.8519E-04 ( 58, 24)
n=  4923   udiff=  4.3592E-04 ( 53, 28)   vdiff=  3.8536E-04 ( 58, 23)
n=  4924   udiff=  4.3524E-04 ( 53, 28)   vdiff=  3.8562E-04 ( 58, 23)
n=  4925   udiff=  4.3456E-04 ( 53, 28)   vdiff=  3.8590E-04 ( 58, 23)
n=  4926   udiff=  4.3399E-04 ( 53, 27)   vdiff=  3.8613E-04 ( 58, 23)
n=  4927   udiff=  4.3357E-04 ( 53, 27)   vdiff=  3.8642E-04 ( 58, 23)
n=  4928   udiff=  4.3315E-04 ( 53, 27)   vdiff=  3.8671E-04 ( 58, 23)
n=  4929   udiff=  4.3272E-04 ( 53, 27)   vdiff=  3.8700E-04 ( 58, 23)
n=  4930   udiff=  4.3231E-04 ( 53, 27)   vdiff=  3.8725E-04 ( 58, 23)
n=  4931   udiff=  4.3188E-04 ( 53, 27)   vdiff=  3.8750E-04 ( 58, 23)
n=  4932   udiff=  4.3144E-04 ( 53, 27)   vdiff=  3.8780E-04 ( 58, 23)
n=  4933   udiff=  4.3102E-04 ( 53, 27)   vdiff=  3.8806E-04 ( 58, 23)
n=  4934   udiff=  4.3058E-04 ( 53, 27)   vdiff=  3.8830E-04 ( 58, 23)
n=  4935   udiff=  4.3014E-04 ( 53, 27)   vdiff=  3.8855E-04 ( 58, 23)
n=  4936   udiff=  4.2969E-04 ( 53, 27)   vdiff=  3.8884E-04 ( 58, 23)
n=  4937   udiff=  4.2926E-04 ( 53, 27)   vdiff=  3.8908E-04 ( 58, 23)
n=  4938   udiff=  4.2881E-04 ( 53, 27)   vdiff=  3.8931E-04 ( 58, 23)
n=  4939   udiff=  4.2837E-04 ( 53, 27)   vdiff=  3.8957E-04 ( 58, 23)
n=  4940   udiff=  4.2792E-04 ( 53, 27)   vdiff=  3.8981E-04 ( 58, 23)
n=  4941   udiff=  4.2748E-04 ( 53, 27)   vdiff=  3.9005E-04 ( 58, 23)
n=  4942   udiff=  4.2705E-04 ( 53, 27)   vdiff=  3.9019E-04 ( 58, 23)
n=  4943   udiff=  4.2659E-04 ( 53, 27)   vdiff=  3.9046E-04 ( 58, 23)
n=  4944   udiff=  4.2612E-04 ( 53, 27)   vdiff=  3.9066E-04 ( 58, 23)
n=  4945   udiff=  4.2568E-04 ( 53, 27)   vdiff=  3.9094E-04 ( 58, 23)
n=  4946   udiff=  4.2523E-04 ( 53, 27)   vdiff=  3.9119E-04 ( 58, 23)
n=  4947   udiff=  4.2477E-04 ( 53, 27)   vdiff=  3.9129E-04 ( 58, 23)
n=  4948   udiff=  4.2433E-04 ( 53, 27)   vdiff=  3.9151E-04 ( 58, 23)
n=  4949   udiff=  4.2385E-04 ( 53, 27)   vdiff=  3.9171E-04 ( 58, 23)
n=  4950   udiff=  4.2339E-04 ( 53, 27)   vdiff=  3.9197E-04 ( 58, 23)
n=  4951   udiff=  4.2293E-04 ( 53, 27)   vdiff=  3.9208E-04 ( 58, 23)
n=  4952   udiff=  4.2246E-04 ( 53, 27)   vdiff=  3.9228E-04 ( 58, 23)
n=  4953   udiff=  4.2200E-04 ( 53, 27)   vdiff=  3.9254E-04 ( 58, 23)
n=  4954   udiff=  4.2152E-04 ( 53, 27)   vdiff=  3.9259E-04 ( 58, 23)
n=  4955   udiff=  4.2105E-04 ( 53, 27)   vdiff=  3.9282E-04 ( 58, 23)
n=  4956   udiff=  4.2059E-04 ( 53, 27)   vdiff=  3.9300E-04 ( 58, 23)
n=  4957   udiff=  4.2011E-04 ( 53, 27)   vdiff=  3.9314E-04 ( 58, 23)
n=  4958   udiff=  4.1964E-04 ( 53, 27)   vdiff=  3.9332E-04 ( 58, 23)
n=  4959   udiff=  4.1916E-04 ( 53, 27)   vdiff=  3.9341E-04 ( 58, 23)
n=  4960   udiff=  4.1868E-04 ( 53, 27)   vdiff=  3.9363E-04 ( 58, 23)
n=  4961   udiff=  4.1820E-04 ( 53, 27)   vdiff=  3.9385E-04 ( 58, 23)
n=  4962   udiff=  4.1773E-04 ( 53, 27)   vdiff=  3.9392E-04 ( 58, 23)
n=  4963   udiff=  4.1724E-04 ( 53, 27)   vdiff=  3.9408E-04 ( 58, 23)
n=  4964   udiff=  4.1676E-04 ( 53, 27)   vdiff=  3.9420E-04 ( 58, 23)
n=  4965   udiff=  4.1628E-04 ( 53, 27)   vdiff=  3.9441E-04 ( 58, 23)
n=  4966   udiff=  4.1580E-04 ( 53, 27)   vdiff=  3.9444E-04 ( 58, 23)
n=  4967   udiff=  4.1532E-04 ( 53, 27)   vdiff=  3.9467E-04 ( 58, 23)
n=  4968   udiff=  4.1483E-04 ( 53, 27)   vdiff=  3.9468E-04 ( 58, 23)
n=  4969   udiff=  4.1434E-04 ( 53, 27)   vdiff=  3.9491E-04 ( 58, 23)
n=  4970   udiff=  4.1385E-04 ( 53, 27)   vdiff=  3.9497E-04 ( 58, 23)
n=  4971   udiff=  4.1335E-04 ( 53, 27)   vdiff=  3.9512E-04 ( 58, 23)
n=  4972   udiff=  4.1284E-04 ( 53, 27)   vdiff=  3.9518E-04 ( 58, 23)
n=  4973   udiff=  4.1238E-04 ( 53, 27)   vdiff=  3.9538E-04 ( 58, 23)
n=  4974   udiff=  4.1186E-04 ( 53, 27)   vdiff=  3.9542E-04 ( 58, 23)
n=  4975   udiff=  4.1136E-04 ( 53, 27)   vdiff=  3.9556E-04 ( 58, 23)
n=  4976   udiff=  4.1087E-04 ( 53, 27)   vdiff=  3.9562E-04 ( 58, 23)
n=  4977   udiff=  4.1038E-04 ( 53, 27)   vdiff=  3.9581E-04 ( 58, 23)
n=  4978   udiff=  4.0988E-04 ( 53, 27)   vdiff=  3.9582E-04 ( 58, 23)
n=  4979   udiff=  4.0935E-04 ( 53, 27)   vdiff=  3.9599E-04 ( 58, 23)
n=  4980   udiff=  4.0887E-04 ( 53, 27)   vdiff=  3.9604E-04 ( 58, 23)
n=  4981   udiff=  4.0835E-04 ( 53, 27)   vdiff=  3.9606E-04 ( 58, 23)
n=  4982   udiff=  4.0784E-04 ( 53, 27)   vdiff=  3.9620E-04 ( 58, 23)
n=  4983   udiff=  4.0735E-04 ( 53, 27)   vdiff=  3.9621E-04 ( 58, 23)
n=  4984   udiff=  4.0683E-04 ( 53, 27)   vdiff=  3.9640E-04 ( 58, 23)
n=  4985   udiff=  4.0632E-04 ( 53, 27)   vdiff=  3.9638E-04 ( 58, 23)
n=  4986   udiff=  4.0581E-04 ( 53, 27)   vdiff=  3.9645E-04 ( 58, 23)
n=  4987   udiff=  4.0528E-04 ( 53, 27)   vdiff=  3.9658E-04 ( 58, 23)
n=  4988   udiff=  4.0478E-04 ( 53, 27)   vdiff=  3.9658E-04 ( 58, 23)
n=  4989   udiff=  4.0427E-04 ( 53, 27)   vdiff=  3.9672E-04 ( 58, 23)
n=  4990   udiff=  4.0375E-04 ( 53, 27)   vdiff=  3.9670E-04 ( 58, 23)
n=  4991   udiff=  4.0322E-04 ( 53, 27)   vdiff=  3.9669E-04 ( 58, 23)
n=  4992   udiff=  4.0270E-04 ( 53, 27)   vdiff=  3.9685E-04 ( 58, 23)
n=  4993   udiff=  4.0219E-04 ( 53, 27)   vdiff=  3.9682E-04 ( 58, 23)
n=  4994   udiff=  4.0167E-04 ( 53, 27)   vdiff=  3.9680E-04 ( 58, 23)
n=  4995   udiff=  4.0113E-04 ( 53, 27)   vdiff=  3.9692E-04 ( 58, 23)
n=  4996   udiff=  4.0061E-04 ( 53, 27)   vdiff=  3.9694E-04 ( 58, 23)
n=  4997   udiff=  4.0010E-04 ( 53, 27)   vdiff=  3.9707E-04 ( 58, 23)
n=  4998   udiff=  3.9958E-04 ( 53, 27)   vdiff=  3.9703E-04 ( 58, 23)
n=  4999   udiff=  3.9904E-04 ( 53, 27)   vdiff=  3.9698E-04 ( 58, 23)
n=  5000   udiff=  3.9851E-04 ( 53, 27)   vdiff=  3.9711E-04 ( 58, 23)
n=  5001   udiff=  3.9797E-04 ( 53, 27)   vdiff=  3.9708E-04 ( 58, 23)
n=  5002   udiff=  3.9745E-04 ( 53, 27)   vdiff=  3.9706E-04 ( 58, 23)
n=  5003   udiff=  3.9694E-04 ( 53, 27)   vdiff=  3.9712E-04 ( 58, 23)
n=  5004   udiff=  3.9639E-04 ( 53, 27)   vdiff=  3.9709E-04 ( 58, 23)
n=  5005   udiff=  3.9585E-04 ( 53, 27)   vdiff=  3.9709E-04 ( 58, 23)
n=  5006   udiff=  3.9531E-04 ( 53, 27)   vdiff=  3.9719E-04 ( 58, 23)
n=  5007   udiff=  3.9478E-04 ( 53, 27)   vdiff=  3.9709E-04 ( 58, 23)
n=  5008   udiff=  3.9423E-04 ( 53, 27)   vdiff=  3.9700E-04 ( 58, 23)
n=  5009   udiff=  3.9370E-04 ( 53, 27)   vdiff=  3.9714E-04 ( 58, 23)
n=  5010   udiff=  3.9318E-04 ( 53, 27)   vdiff=  3.9706E-04 ( 58, 23)
n=  5011   udiff=  3.9262E-04 ( 53, 27)   vdiff=  3.9718E-04 ( 58, 23)
n=  5012   udiff=  3.9209E-04 ( 53, 27)   vdiff=  3.9709E-04 ( 58, 23)
n=  5013   udiff=  3.9155E-04 ( 53, 27)   vdiff=  3.9705E-04 ( 58, 23)
n=  5014   udiff=  3.9098E-04 ( 53, 27)   vdiff=  3.9709E-04 ( 58, 23)
n=  5015   udiff=  3.9046E-04 ( 53, 27)   vdiff=  3.9701E-04 ( 58, 23)
n=  5016   udiff=  3.8990E-04 ( 53, 27)   vdiff=  3.9695E-04 ( 58, 23)
n=  5017   udiff=  3.8936E-04 ( 53, 27)   vdiff=  3.9696E-04 ( 58, 23)
n=  5018   udiff=  3.8880E-04 ( 53, 27)   vdiff=  3.9691E-04 ( 58, 23)
n=  5019   udiff=  3.8826E-04 ( 53, 27)   vdiff=  3.9684E-04 ( 58, 23)
n=  5020   udiff=  3.8773E-04 ( 53, 27)   vdiff=  3.9685E-04 ( 58, 23)
n=  5021   udiff=  3.8717E-04 ( 53, 27)   vdiff=  3.9680E-04 ( 58, 23)
n=  5022   udiff=  3.8660E-04 ( 53, 27)   vdiff=  3.9668E-04 ( 58, 23)
n=  5023   udiff=  3.8606E-04 ( 53, 27)   vdiff=  3.9671E-04 ( 58, 23)
n=  5024   udiff=  3.8551E-04 ( 53, 27)   vdiff=  3.9661E-04 ( 58, 23)
n=  5025   udiff=  3.8495E-04 ( 53, 27)   vdiff=  3.9666E-04 ( 58, 23)
n=  5026   udiff=  3.8439E-04 ( 53, 27)   vdiff=  3.9657E-04 ( 58, 23)
n=  5027   udiff=  3.8385E-04 ( 53, 27)   vdiff=  3.9641E-04 ( 58, 23)
n=  5028   udiff=  3.8328E-04 ( 53, 27)   vdiff=  3.9648E-04 ( 58, 23)
n=  5029   udiff=  3.8274E-04 ( 53, 27)   vdiff=  3.9635E-04 ( 58, 23)
n=  5030   udiff=  3.8215E-04 ( 53, 27)   vdiff=  3.9630E-04 ( 58, 23)
n=  5031   udiff=  3.8161E-04 ( 53, 27)   vdiff=  3.9623E-04 ( 58, 23)
n=  5032   udiff=  3.8105E-04 ( 53, 27)   vdiff=  3.9610E-04 ( 58, 23)
n=  5033   udiff=  3.8050E-04 ( 53, 27)   vdiff=  3.9608E-04 ( 58, 23)
n=  5034   udiff=  3.7992E-04 ( 53, 27)   vdiff=  3.9591E-04 ( 58, 23)
n=  5035   udiff=  3.7936E-04 ( 53, 27)   vdiff=  3.9594E-04 ( 58, 23)
n=  5036   udiff=  3.7879E-04 ( 53, 27)   vdiff=  3.9579E-04 ( 58, 23)
n=  5037   udiff=  3.7824E-04 ( 53, 27)   vdiff=  3.9579E-04 ( 58, 23)
n=  5038   udiff=  3.7768E-04 ( 53, 27)   vdiff=  3.9564E-04 ( 58, 23)
n=  5039   udiff=  3.7711E-04 ( 53, 27)   vdiff=  3.9549E-04 ( 58, 23)
n=  5040   udiff=  3.7655E-04 ( 53, 27)   vdiff=  3.9546E-04 ( 58, 23)
n=  5041   udiff=  3.7598E-04 ( 53, 27)   vdiff=  3.9536E-04 ( 58, 23)
n=  5042   udiff=  3.7539E-04 ( 53, 27)   vdiff=  3.9529E-04 ( 58, 23)
n=  5043   udiff=  3.7482E-04 ( 53, 27)   vdiff=  3.9513E-04 ( 58, 23)
n=  5044   udiff=  3.7426E-04 ( 53, 27)   vdiff=  3.9512E-04 ( 58, 23)
n=  5045   udiff=  3.7368E-04 ( 53, 27)   vdiff=  3.9491E-04 ( 58, 23)
n=  5046   udiff=  3.7313E-04 ( 53, 27)   vdiff=  3.9484E-04 ( 58, 23)
n=  5047   udiff=  3.7254E-04 ( 53, 27)   vdiff=  3.9470E-04 ( 58, 23)
n=  5048   udiff=  3.7199E-04 ( 53, 27)   vdiff=  3.9466E-04 ( 58, 23)
n=  5049   udiff=  3.7139E-04 ( 53, 27)   vdiff=  3.9443E-04 ( 58, 23)
n=  5050   udiff=  3.7083E-04 ( 53, 27)   vdiff=  3.9435E-04 ( 58, 23)
n=  5051   udiff=  3.7026E-04 ( 53, 27)   vdiff=  3.9417E-04 ( 58, 23)
n=  5052   udiff=  3.6969E-04 ( 53, 27)   vdiff=  3.9410E-04 ( 58, 23)
n=  5053   udiff=  3.6911E-04 ( 53, 27)   vdiff=  3.9391E-04 ( 58, 23)
n=  5054   udiff=  3.6853E-04 ( 53, 27)   vdiff=  3.9383E-04 ( 58, 23)
n=  5055   udiff=  3.6794E-04 ( 53, 27)   vdiff=  3.9375E-04 ( 58, 23)
n=  5056   udiff=  3.6737E-04 ( 53, 27)   vdiff=  3.9352E-04 ( 58, 23)
n=  5057   udiff=  3.6680E-04 ( 53, 27)   vdiff=  3.9349E-04 ( 58, 23)
n=  5058   udiff=  3.6620E-04 ( 53, 27)   vdiff=  3.9327E-04 ( 58, 23)
n=  5059   udiff=  3.6562E-04 ( 53, 27)   vdiff=  3.9313E-04 ( 58, 23)
n=  5060   udiff=  3.6505E-04 ( 53, 27)   vdiff=  3.9303E-04 ( 58, 23)
n=  5061   udiff=  3.6447E-04 ( 53, 27)   vdiff=  3.9286E-04 ( 58, 23)
n=  5062   udiff=  3.6388E-04 ( 53, 27)   vdiff=  3.9272E-04 ( 58, 23)
n=  5063   udiff=  3.6332E-04 ( 53, 27)   vdiff=  3.9251E-04 ( 58, 23)
n=  5064   udiff=  3.6272E-04 ( 53, 27)   vdiff=  3.9235E-04 ( 58, 23)
n=  5065   udiff=  3.6213E-04 ( 53, 27)   vdiff=  3.9226E-04 ( 58, 23)
n=  5066   udiff=  3.6155E-04 ( 53, 27)   vdiff=  3.9198E-04 ( 58, 23)
n=  5067   udiff=  3.6097E-04 ( 53, 27)   vdiff=  3.9189E-04 ( 58, 23)
n=  5068   udiff=  3.6039E-04 ( 53, 27)   vdiff=  3.9173E-04 ( 58, 23)
n=  5069   udiff=  3.5980E-04 ( 53, 27)   vdiff=  3.9166E-04 ( 58, 23)
n=  5070   udiff=  3.5921E-04 ( 53, 27)   vdiff=  3.9139E-04 ( 58, 23)
n=  5071   udiff=  3.5862E-04 ( 53, 27)   vdiff=  3.9118E-04 ( 58, 23)
n=  5072   udiff=  3.5802E-04 ( 53, 27)   vdiff=  3.9107E-04 ( 58, 23)
n=  5073   udiff=  3.5744E-04 ( 53, 27)   vdiff=  3.9092E-04 ( 58, 23)
n=  5074   udiff=  3.5684E-04 ( 53, 27)   vdiff=  3.9063E-04 ( 58, 23)
n=  5075   udiff=  3.5626E-04 ( 53, 27)   vdiff=  3.9050E-04 ( 58, 23)
n=  5076   udiff=  3.5568E-04 ( 53, 27)   vdiff=  3.9036E-04 ( 58, 23)
n=  5077   udiff=  3.5508E-04 ( 53, 27)   vdiff=  3.9018E-04 ( 58, 23)
n=  5078   udiff=  3.5447E-04 ( 53, 27)   vdiff=  3.8983E-04 ( 58, 23)
n=  5079   udiff=  3.5390E-04 ( 53, 27)   vdiff=  3.8965E-04 ( 58, 23)
n=  5080   udiff=  3.5331E-04 ( 53, 27)   vdiff=  3.8955E-04 ( 58, 23)
n=  5081   udiff=  3.5273E-04 ( 53, 27)   vdiff=  3.8938E-04 ( 58, 23)
n=  5082   udiff=  3.5213E-04 ( 53, 27)   vdiff=  3.8916E-04 ( 58, 23)
n=  5083   udiff=  3.5153E-04 ( 53, 27)   vdiff=  3.8899E-04 ( 58, 23)
n=  5084   udiff=  3.5094E-04 ( 53, 27)   vdiff=  3.8880E-04 ( 58, 23)
n=  5085   udiff=  3.5033E-04 ( 53, 27)   vdiff=  3.8860E-04 ( 58, 23)
n=  5086   udiff=  3.4976E-04 ( 53, 27)   vdiff=  3.8841E-04 ( 58, 23)
n=  5087   udiff=  3.4916E-04 ( 53, 27)   vdiff=  3.8808E-04 ( 58, 23)
n=  5088   udiff=  3.4855E-04 ( 53, 27)   vdiff=  3.8785E-04 ( 58, 23)
n=  5089   udiff=  3.4794E-04 ( 53, 27)   vdiff=  3.8764E-04 ( 58, 23)
n=  5090   udiff=  3.4736E-04 ( 53, 27)   vdiff=  3.8743E-04 ( 58, 23)
n=  5091   udiff=  3.4677E-04 ( 53, 27)   vdiff=  3.8720E-04 ( 58, 23)
n=  5092   udiff=  3.4617E-04 ( 53, 27)   vdiff=  3.8698E-04 ( 58, 23)
n=  5093   udiff=  3.4555E-04 ( 53, 27)   vdiff=  3.8676E-04 ( 58, 23)
n=  5094   udiff=  3.4496E-04 ( 53, 27)   vdiff=  3.8654E-04 ( 58, 23)
n=  5095   udiff=  3.4437E-04 ( 53, 27)   vdiff=  3.8648E-04 ( 58, 23)
n=  5096   udiff=  3.4377E-04 ( 53, 27)   vdiff=  3.8620E-04 ( 58, 23)
n=  5097   udiff=  3.4324E-04 ( 54, 27)   vdiff=  3.8598E-04 ( 58, 23)
n=  5098   udiff=  3.4270E-04 ( 54, 27)   vdiff=  3.8573E-04 ( 58, 23)
n=  5099   udiff=  3.4218E-04 ( 54, 27)   vdiff=  3.8544E-04 ( 58, 23)
n=  5100   udiff=  3.4164E-04 ( 54, 27)   vdiff=  3.8519E-04 ( 58, 23)
n=  5101   udiff=  3.4109E-04 ( 54, 27)   vdiff=  3.8491E-04 ( 58, 23)
n=  5102   udiff=  3.4055E-04 ( 54, 27)   vdiff=  3.8465E-04 ( 58, 23)
n=  5103   udiff=  3.4002E-04 ( 54, 27)   vdiff=  3.8454E-04 ( 58, 23)
n=  5104   udiff=  3.3949E-04 ( 54, 27)   vdiff=  3.8428E-04 ( 58, 23)
n=  5105   udiff=  3.3894E-04 ( 54, 27)   vdiff=  3.8399E-04 ( 58, 22)
n=  5106   udiff=  3.3838E-04 ( 54, 27)   vdiff=  3.8377E-04 ( 58, 22)
n=  5107   udiff=  3.3786E-04 ( 54, 27)   vdiff=  3.8360E-04 ( 58, 22)
n=  5108   udiff=  3.3733E-04 ( 54, 27)   vdiff=  3.8347E-04 ( 58, 22)
n=  5109   udiff=  3.3677E-04 ( 54, 27)   vdiff=  3.8314E-04 ( 58, 22)
n=  5110   udiff=  3.3626E-04 ( 54, 27)   vdiff=  3.8293E-04 ( 58, 22)
n=  5111   udiff=  3.3570E-04 ( 54, 27)   vdiff=  3.8285E-04 ( 58, 22)
n=  5112   udiff=  3.3516E-04 ( 54, 27)   vdiff=  3.8255E-04 ( 58, 22)
n=  5113   udiff=  3.3461E-04 ( 54, 27)   vdiff=  3.8224E-04 ( 58, 22)
n=  5114   udiff=  3.3407E-04 ( 54, 27)   vdiff=  3.8219E-04 ( 58, 22)
n=  5115   udiff=  3.3354E-04 ( 54, 27)   vdiff=  3.8188E-04 ( 58, 22)
n=  5116   udiff=  3.3299E-04 ( 54, 27)   vdiff=  3.8159E-04 ( 58, 22)
n=  5117   udiff=  3.3244E-04 ( 54, 27)   vdiff=  3.8145E-04 ( 58, 22)
n=  5118   udiff=  3.3189E-04 ( 54, 27)   vdiff=  3.8118E-04 ( 58, 22)
n=  5119   udiff=  3.3134E-04 ( 54, 27)   vdiff=  3.8105E-04 ( 58, 22)
n=  5120   udiff=  3.3081E-04 ( 54, 27)   vdiff=  3.8066E-04 ( 58, 22)
n=  5121   udiff=  3.3025E-04 ( 54, 27)   vdiff=  3.8044E-04 ( 58, 22)
n=  5122   udiff=  3.2971E-04 ( 54, 27)   vdiff=  3.8027E-04 ( 58, 22)
n=  5123   udiff=  3.2915E-04 ( 54, 27)   vdiff=  3.7993E-04 ( 58, 22)
n=  5124   udiff=  3.2859E-04 ( 54, 27)   vdiff=  3.7984E-04 (120,  9)
n=  5125   udiff=  3.2807E-04 ( 54, 27)   vdiff=  3.7965E-04 (120,  9)
n=  5126   udiff=  3.2748E-04 ( 54, 27)   vdiff=  3.7925E-04 ( 58, 22)
n=  5127   udiff=  3.2696E-04 ( 54, 27)   vdiff=  3.7918E-04 (120,  9)
n=  5128   udiff=  3.2641E-04 ( 54, 27)   vdiff=  3.7892E-04 (120,  9)
n=  5129   udiff=  3.2585E-04 ( 54, 27)   vdiff=  3.7866E-04 (120,  9)
n=  5130   udiff=  3.2530E-04 ( 54, 27)   vdiff=  3.7846E-04 (120,  9)
n=  5131   udiff=  3.2476E-04 ( 54, 27)   vdiff=  3.7830E-04 (120,  9)
n=  5132   udiff=  3.2419E-04 ( 54, 27)   vdiff=  3.7823E-04 (120,  9)
n=  5133   udiff=  3.2364E-04 ( 54, 27)   vdiff=  3.7779E-04 (120,  9)
n=  5134   udiff=  3.2308E-04 ( 54, 27)   vdiff=  3.7773E-04 (120,  9)
n=  5135   udiff=  3.2255E-04 ( 54, 27)   vdiff=  3.7772E-04 (120,  9)
n=  5136   udiff=  3.2199E-04 ( 54, 27)   vdiff=  3.7720E-04 (120,  9)
n=  5137   udiff=  3.2143E-04 ( 54, 27)   vdiff=  3.7705E-04 (120,  9)
n=  5138   udiff=  3.2088E-04 ( 54, 27)   vdiff=  3.7678E-04 (120,  9)
n=  5139   udiff=  3.2033E-04 ( 54, 27)   vdiff=  3.7652E-04 (120,  9)
n=  5140   udiff=  3.1975E-04 ( 54, 27)   vdiff=  3.7636E-04 (120,  9)
n=  5141   udiff=  3.1922E-04 ( 54, 27)   vdiff=  3.7591E-04 (120,  9)
n=  5142   udiff=  3.1866E-04 ( 54, 27)   vdiff=  3.7587E-04 (120,  9)
n=  5143   udiff=  3.1810E-04 ( 54, 27)   vdiff=  3.7587E-04 (120,  9)
n=  5144   udiff=  3.1754E-04 ( 54, 27)   vdiff=  3.7542E-04 (120,  9)
n=  5145   udiff=  3.1699E-04 ( 54, 27)   vdiff=  3.7521E-04 (120,  9)
n=  5146   udiff=  3.1644E-04 ( 54, 27)   vdiff=  3.7499E-04 (120,  9)
n=  5147   udiff=  3.1588E-04 ( 54, 27)   vdiff=  3.7469E-04 (120,  9)
n=  5148   udiff=  3.1532E-04 ( 54, 27)   vdiff=  3.7449E-04 (120,  9)
n=  5149   udiff=  3.1477E-04 ( 54, 27)   vdiff=  3.7431E-04 (120,  9)
n=  5150   udiff=  3.1421E-04 ( 54, 27)   vdiff=  3.7418E-04 (120,  9)
n=  5151   udiff=  3.1366E-04 ( 54, 27)   vdiff=  3.7371E-04 (120,  9)
n=  5152   udiff=  3.1309E-04 ( 54, 27)   vdiff=  3.7375E-04 (120,  9)
n=  5153   udiff=  3.1253E-04 ( 54, 27)   vdiff=  3.7319E-04 (120,  9)
n=  5154   udiff=  3.1198E-04 ( 54, 27)   vdiff=  3.7298E-04 (120,  9)
n=  5155   udiff=  3.1140E-04 ( 54, 27)   vdiff=  3.7278E-04 (120,  9)
n=  5156   udiff=  3.1085E-04 ( 54, 27)   vdiff=  3.7277E-04 (120,  9)
n=  5157   udiff=  3.1028E-04 ( 54, 27)   vdiff=  3.7216E-04 (120,  9)
n=  5158   udiff=  3.0973E-04 ( 54, 27)   vdiff=  3.7220E-04 (120,  9)
n=  5159   udiff=  3.0917E-04 ( 54, 27)   vdiff=  3.7177E-04 (120,  9)
n=  5160   udiff=  3.0861E-04 ( 54, 27)   vdiff=  3.7158E-04 (120,  9)
n=  5161   udiff=  3.0805E-04 ( 54, 27)   vdiff=  3.7121E-04 (120,  9)
n=  5162   udiff=  3.0749E-04 ( 54, 27)   vdiff=  3.7095E-04 (120,  9)
n=  5163   udiff=  3.0693E-04 ( 54, 27)   vdiff=  3.7087E-04 (120,  9)
n=  5164   udiff=  3.0638E-04 ( 54, 27)   vdiff=  3.7041E-04 (120,  9)
n=  5165   udiff=  3.0580E-04 ( 54, 27)   vdiff=  3.7000E-04 (120,  9)
n=  5166   udiff=  3.0525E-04 ( 54, 27)   vdiff=  3.7003E-04 (120,  9)
n=  5167   udiff=  3.0468E-04 ( 54, 27)   vdiff=  3.6979E-04 (120,  9)
n=  5168   udiff=  3.0412E-04 ( 54, 27)   vdiff=  3.6910E-04 (120,  9)
n=  5169   udiff=  3.0356E-04 ( 54, 27)   vdiff=  3.6912E-04 (120,  9)
n=  5170   udiff=  3.0300E-04 ( 54, 27)   vdiff=  3.6868E-04 (120,  9)
n=  5171   udiff=  3.0242E-04 ( 54, 27)   vdiff=  3.6852E-04 (120,  9)
n=  5172   udiff=  3.0188E-04 ( 54, 27)   vdiff=  3.6832E-04 (120,  9)
n=  5173   udiff=  3.0132E-04 ( 54, 27)   vdiff=  3.6765E-04 (120,  9)
n=  5174   udiff=  3.0075E-04 ( 54, 27)   vdiff=  3.6783E-04 (120,  9)
n=  5175   udiff=  3.0016E-04 ( 54, 27)   vdiff=  3.6736E-04 (120,  9)
n=  5176   udiff=  2.9961E-04 ( 54, 27)   vdiff=  3.6712E-04 (120,  9)
n=  5177   udiff=  2.9906E-04 ( 54, 27)   vdiff=  3.6688E-04 (120,  9)
n=  5178   udiff=  2.9849E-04 ( 54, 27)   vdiff=  3.6692E-04 (120,  9)
n=  5179   udiff=  2.9794E-04 ( 54, 27)   vdiff=  3.6603E-04 (120,  9)
n=  5180   udiff=  2.9735E-04 ( 54, 27)   vdiff=  3.6583E-04 (120,  9)
n=  5181   udiff=  2.9680E-04 ( 54, 27)   vdiff=  3.6573E-04 (120,  9)
n=  5182   udiff=  2.9623E-04 ( 54, 27)   vdiff=  3.6546E-04 (120,  9)
n=  5183   udiff=  2.9566E-04 ( 54, 27)   vdiff=  3.6502E-04 (120,  9)
n=  5184   udiff=  2.9510E-04 ( 54, 27)   vdiff=  3.6465E-04 (120,  9)
n=  5185   udiff=  2.9455E-04 ( 54, 27)   vdiff=  3.6450E-04 (120,  9)
n=  5186   udiff=  2.9399E-04 ( 54, 27)   vdiff=  3.6410E-04 (120,  9)
n=  5187   udiff=  2.9342E-04 ( 54, 27)   vdiff=  3.6394E-04 (120,  9)
n=  5188   udiff=  2.9284E-04 ( 54, 27)   vdiff=  3.6342E-04 (120,  9)
n=  5189   udiff=  2.9230E-04 ( 54, 27)   vdiff=  3.6317E-04 (120,  9)
n=  5190   udiff=  2.9173E-04 ( 54, 27)   vdiff=  3.6298E-04 (120,  9)
n=  5191   udiff=  2.9116E-04 ( 54, 27)   vdiff=  3.6275E-04 (120,  9)
n=  5192   udiff=  2.9060E-04 ( 54, 27)   vdiff=  3.6207E-04 (120,  9)
n=  5193   udiff=  2.9001E-04 ( 54, 27)   vdiff=  3.6185E-04 (120,  9)
n=  5194   udiff=  2.8947E-04 ( 54, 27)   vdiff=  3.6163E-04 (120,  9)
n=  5195   udiff=  2.8889E-04 ( 54, 27)   vdiff=  3.6129E-04 (120,  9)
n=  5196   udiff=  2.8834E-04 ( 54, 27)   vdiff=  3.6114E-04 (120,  9)
n=  5197   udiff=  2.8777E-04 ( 54, 27)   vdiff=  3.6064E-04 (120,  9)
n=  5198   udiff=  2.8721E-04 ( 54, 27)   vdiff=  3.6051E-04 (120,  9)
n=  5199   udiff=  2.8663E-04 ( 54, 27)   vdiff=  3.5998E-04 (120,  9)
n=  5200   udiff=  2.8608E-04 ( 54, 27)   vdiff=  3.5955E-04 (120,  9)
n=  5201   udiff=  2.8551E-04 ( 54, 27)   vdiff=  3.5934E-04 (120,  9)
n=  5202   udiff=  2.8493E-04 ( 54, 27)   vdiff=  3.5892E-04 (120,  9)
n=  5203   udiff=  2.8438E-04 ( 54, 27)   vdiff=  3.5872E-04 (120,  9)
n=  5204   udiff=  2.8382E-04 ( 54, 27)   vdiff=  3.5828E-04 (120,  9)
n=  5205   udiff=  2.8325E-04 ( 54, 27)   vdiff=  3.5812E-04 (120,  9)
n=  5206   udiff=  2.8268E-04 ( 54, 27)   vdiff=  3.5755E-04 (120,  9)
n=  5207   udiff=  2.8210E-04 ( 54, 27)   vdiff=  3.5743E-04 (120,  9)
n=  5208   udiff=  2.8154E-04 ( 54, 27)   vdiff=  3.5690E-04 (120,  9)
n=  5209   udiff=  2.8097E-04 ( 54, 27)   vdiff=  3.5677E-04 (120,  9)
n=  5210   udiff=  2.8040E-04 ( 54, 27)   vdiff=  3.5654E-04 (120,  9)
n=  5211   udiff=  2.7987E-04 ( 54, 27)   vdiff=  3.5591E-04 (120,  9)
n=  5212   udiff=  2.7928E-04 ( 54, 27)   vdiff=  3.5573E-04 (120,  9)
n=  5213   udiff=  2.7873E-04 ( 54, 27)   vdiff=  3.5519E-04 (120,  9)
n=  5214   udiff=  2.7814E-04 ( 54, 27)   vdiff=  3.5489E-04 (120,  9)
n=  5215   udiff=  2.7758E-04 ( 54, 27)   vdiff=  3.5496E-04 (120,  9)
n=  5216   udiff=  2.7702E-04 ( 54, 27)   vdiff=  3.5455E-04 (120,  9)
n=  5217   udiff=  2.7646E-04 ( 54, 27)   vdiff=  3.5418E-04 (120,  9)
n=  5218   udiff=  2.7588E-04 ( 54, 27)   vdiff=  3.5377E-04 (120,  9)
n=  5219   udiff=  2.7532E-04 ( 54, 27)   vdiff=  3.5331E-04 (120,  9)
n=  5220   udiff=  2.7477E-04 ( 54, 27)   vdiff=  3.5314E-04 (120,  9)
n=  5221   udiff=  2.7420E-04 ( 54, 27)   vdiff=  3.5254E-04 (120,  9)
n=  5222   udiff=  2.7364E-04 ( 54, 27)   vdiff=  3.5228E-04 (120,  9)
n=  5223   udiff=  2.7307E-04 ( 54, 27)   vdiff=  3.5219E-04 (120,  9)
n=  5224   udiff=  2.7249E-04 ( 54, 27)   vdiff=  3.5165E-04 (120,  9)
n=  5225   udiff=  2.7194E-04 ( 54, 27)   vdiff=  3.5137E-04 (120,  9)
n=  5226   udiff=  2.7136E-04 ( 54, 27)   vdiff=  3.5058E-04 (120,  9)
n=  5227   udiff=  2.7082E-04 ( 54, 27)   vdiff=  3.5043E-04 (120,  9)
n=  5228   udiff=  2.7025E-04 ( 54, 27)   vdiff=  3.5028E-04 (120,  9)
n=  5229   udiff=  2.6967E-04 ( 54, 27)   vdiff=  3.4960E-04 (120,  9)
n=  5230   udiff=  2.6910E-04 ( 54, 27)   vdiff=  3.4926E-04 (120,  9)
n=  5231   udiff=  2.6857E-04 ( 54, 27)   vdiff=  3.4928E-04 (120,  9)
n=  5232   udiff=  2.6798E-04 ( 54, 27)   vdiff=  3.4880E-04 (120,  9)
n=  5233   udiff=  2.6744E-04 ( 54, 27)   vdiff=  3.4832E-04 (120,  9)
n=  5234   udiff=  2.6687E-04 ( 54, 27)   vdiff=  3.4788E-04 (120,  9)
n=  5235   udiff=  2.6630E-04 ( 54, 27)   vdiff=  3.4766E-04 (120,  9)
n=  5236   udiff=  2.6572E-04 ( 54, 27)   vdiff=  3.4726E-04 (120,  9)
n=  5237   udiff=  2.6517E-04 ( 54, 27)   vdiff=  3.4678E-04 (120,  9)
n=  5238   udiff=  2.6463E-04 ( 54, 27)   vdiff=  3.4664E-04 (120,  9)
n=  5239   udiff=  2.6405E-04 ( 54, 27)   vdiff=  3.4601E-04 (120,  9)
n=  5240   udiff=  2.6348E-04 ( 54, 27)   vdiff=  3.4578E-04 (120,  9)
n=  5241   udiff=  2.6291E-04 ( 54, 27)   vdiff=  3.4526E-04 (120,  9)
n=  5242   udiff=  2.6237E-04 ( 54, 27)   vdiff=  3.4491E-04 (120,  9)
n=  5243   udiff=  2.6181E-04 ( 54, 27)   vdiff=  3.4454E-04 (120,  9)
n=  5244   udiff=  2.6124E-04 ( 54, 27)   vdiff=  3.4414E-04 (120,  9)
n=  5245   udiff=  2.6068E-04 ( 54, 27)   vdiff=  3.4393E-04 (120,  9)
n=  5246   udiff=  2.6011E-04 ( 54, 27)   vdiff=  3.4360E-04 (120,  9)
n=  5247   udiff=  2.5955E-04 ( 54, 27)   vdiff=  3.4327E-04 (120,  9)
n=  5248   udiff=  2.5899E-04 ( 54, 27)   vdiff=  3.4246E-04 (120,  9)
n=  5249   udiff=  2.5843E-04 ( 54, 27)   vdiff=  3.4230E-04 (120,  9)
n=  5250   udiff=  2.5788E-04 ( 54, 27)   vdiff=  3.4179E-04 (120,  9)
n=  5251   udiff=  2.5729E-04 ( 54, 27)   vdiff=  3.4170E-04 (120,  9)
n=  5252   udiff=  2.5676E-04 ( 54, 27)   vdiff=  3.4094E-04 (120,  9)
n=  5253   udiff=  2.5619E-04 ( 54, 27)   vdiff=  3.4078E-04 (120,  9)
n=  5254   udiff=  2.5563E-04 ( 54, 27)   vdiff=  3.4031E-04 (120,  9)
n=  5255   udiff=  2.5506E-04 ( 54, 27)   vdiff=  3.3976E-04 (120,  9)
n=  5256   udiff=  2.5451E-04 ( 54, 27)   vdiff=  3.3959E-04 (120,  9)
n=  5257   udiff=  2.5396E-04 ( 54, 27)   vdiff=  3.3922E-04 (120,  9)
n=  5258   udiff=  2.5337E-04 ( 54, 27)   vdiff=  3.3871E-04 (120,  9)
n=  5259   udiff=  2.5281E-04 ( 54, 27)   vdiff=  3.3820E-04 (120,  9)
n=  5260   udiff=  2.5228E-04 ( 54, 27)   vdiff=  3.3800E-04 (120,  9)
n=  5261   udiff=  2.5171E-04 ( 54, 27)   vdiff=  3.3778E-04 (120,  9)
n=  5262   udiff=  2.5115E-04 ( 54, 27)   vdiff=  3.3700E-04 (120,  9)
n=  5263   udiff=  2.5060E-04 ( 54, 27)   vdiff=  3.3687E-04 (120,  9)
n=  5264   udiff=  2.5004E-04 ( 54, 27)   vdiff=  3.3654E-04 (120,  9)
n=  5265   udiff=  2.4946E-04 ( 54, 27)   vdiff=  3.3581E-04 (120,  9)
n=  5266   udiff=  2.4891E-04 ( 54, 27)   vdiff=  3.3549E-04 (120,  9)
n=  5267   udiff=  2.4836E-04 ( 54, 27)   vdiff=  3.3498E-04 (120,  9)
n=  5268   udiff=  2.4780E-04 ( 54, 27)   vdiff=  3.3480E-04 (120,  9)
n=  5269   udiff=  2.4724E-04 ( 54, 27)   vdiff=  3.3420E-04 (120,  9)
n=  5270   udiff=  2.4669E-04 ( 54, 27)   vdiff=  3.3404E-04 (120,  9)
n=  5271   udiff=  2.4613E-04 ( 54, 27)   vdiff=  3.3361E-04 (120,  9)
n=  5272   udiff=  2.4557E-04 ( 54, 27)   vdiff=  3.3317E-04 (120,  9)
n=  5273   udiff=  2.4501E-04 ( 54, 27)   vdiff=  3.3286E-04 (120,  9)
n=  5274   udiff=  2.4447E-04 ( 54, 27)   vdiff=  3.3213E-04 (120,  9)
n=  5275   udiff=  2.4390E-04 ( 54, 27)   vdiff=  3.3160E-04 (120,  9)
n=  5276   udiff=  2.4336E-04 ( 54, 27)   vdiff=  3.3134E-04 (120,  9)
n=  5277   udiff=  2.4281E-04 ( 54, 27)   vdiff=  3.3096E-04 (120,  9)
n=  5278   udiff=  2.4226E-04 ( 54, 27)   vdiff=  3.3053E-04 (120,  9)
n=  5279   udiff=  2.4169E-04 ( 54, 27)   vdiff=  3.3014E-04 (120,  9)
n=  5280   udiff=  2.4114E-04 ( 54, 27)   vdiff=  3.2990E-04 (120,  9)
n=  5281   udiff=  2.4058E-04 ( 54, 27)   vdiff=  3.2959E-04 (120,  9)
n=  5282   udiff=  2.4005E-04 ( 54, 27)   vdiff=  3.2892E-04 (120,  9)
n=  5283   udiff=  2.3947E-04 ( 54, 27)   vdiff=  3.2857E-04 (120,  9)
n=  5284   udiff=  2.3893E-04 ( 54, 27)   vdiff=  3.2823E-04 (120,  9)
n=  5285   udiff=  2.3838E-04 ( 54, 27)   vdiff=  3.2781E-04 (120,  9)
n=  5286   udiff=  2.3783E-04 ( 54, 27)   vdiff=  3.2742E-04 (120,  9)
n=  5287   udiff=  2.3729E-04 ( 54, 27)   vdiff=  3.2690E-04 (120,  9)
n=  5288   udiff=  2.3671E-04 ( 54, 27)   vdiff=  3.2657E-04 (120,  9)
n=  5289   udiff=  2.3617E-04 ( 54, 27)   vdiff=  3.2624E-04 (120,  9)
n=  5290   udiff=  2.3562E-04 ( 54, 27)   vdiff=  3.2577E-04 ( 59, 21)
n=  5291   udiff=  2.3508E-04 ( 54, 27)   vdiff=  3.2537E-04 ( 59, 21)
n=  5292   udiff=  2.3450E-04 ( 54, 27)   vdiff=  3.2507E-04 ( 59, 21)
n=  5293   udiff=  2.3396E-04 ( 54, 27)   vdiff=  3.2474E-04 ( 59, 21)
n=  5294   udiff=  2.3339E-04 ( 54, 27)   vdiff=  3.2428E-04 ( 59, 21)
n=  5295   udiff=  2.3286E-04 ( 54, 27)   vdiff=  3.2391E-04 ( 59, 21)
n=  5296   udiff=  2.3232E-04 ( 54, 27)   vdiff=  3.2366E-04 ( 59, 21)
n=  5297   udiff=  2.3177E-04 ( 54, 27)   vdiff=  3.2332E-04 ( 59, 21)
n=  5298   udiff=  2.3122E-04 ( 54, 27)   vdiff=  3.2309E-04 ( 59, 21)
n=  5299   udiff=  2.3068E-04 ( 54, 27)   vdiff=  3.2277E-04 ( 59, 21)
n=  5300   udiff=  2.3015E-04 ( 54, 27)   vdiff=  3.2244E-04 ( 59, 21)
n=  5301   udiff=  2.2959E-04 ( 54, 27)   vdiff=  3.2197E-04 ( 59, 21)
n=  5302   udiff=  2.2904E-04 ( 54, 27)   vdiff=  3.2154E-04 ( 59, 21)
n=  5303   udiff=  2.2848E-04 ( 54, 27)   vdiff=  3.2132E-04 ( 59, 21)
n=  5304   udiff=  2.2795E-04 ( 54, 27)   vdiff=  3.2096E-04 ( 59, 21)
n=  5305   udiff=  2.2741E-04 ( 54, 27)   vdiff=  3.2058E-04 ( 59, 21)
n=  5306   udiff=  2.2683E-04 ( 54, 27)   vdiff=  3.2015E-04 ( 59, 21)
n=  5307   udiff=  2.2633E-04 ( 54, 27)   vdiff=  3.1977E-04 ( 59, 21)
n=  5308   udiff=  2.2577E-04 ( 54, 27)   vdiff=  3.1966E-04 ( 59, 21)
n=  5309   udiff=  2.2523E-04 ( 54, 27)   vdiff=  3.1913E-04 ( 59, 21)
n=  5310   udiff=  2.2469E-04 ( 54, 27)   vdiff=  3.1871E-04 ( 59, 21)
n=  5311   udiff=  2.2414E-04 ( 54, 27)   vdiff=  3.1850E-04 ( 59, 21)
n=  5312   udiff=  2.2359E-04 ( 54, 27)   vdiff=  3.1808E-04 ( 59, 21)
n=  5313   udiff=  2.2306E-04 ( 54, 27)   vdiff=  3.1762E-04 ( 59, 21)
n=  5314   udiff=  2.2251E-04 ( 54, 27)   vdiff=  3.1746E-04 ( 59, 21)
n=  5315   udiff=  2.2198E-04 ( 54, 27)   vdiff=  3.1696E-04 ( 59, 21)
n=  5316   udiff=  2.2145E-04 ( 54, 27)   vdiff=  3.1654E-04 ( 59, 21)
n=  5317   udiff=  2.2090E-04 ( 54, 27)   vdiff=  3.1632E-04 ( 59, 21)
n=  5318   udiff=  2.2035E-04 ( 54, 27)   vdiff=  3.1589E-04 ( 59, 21)
n=  5319   udiff=  2.1981E-04 ( 54, 27)   vdiff=  3.1544E-04 ( 59, 21)
n=  5320   udiff=  2.1927E-04 ( 54, 27)   vdiff=  3.1523E-04 ( 59, 21)
n=  5321   udiff=  2.1874E-04 ( 54, 27)   vdiff=  3.1469E-04 ( 59, 21)
n=  5322   udiff=  2.1819E-04 ( 54, 27)   vdiff=  3.1448E-04 ( 59, 21)
n=  5323   udiff=  2.1765E-04 ( 54, 27)   vdiff=  3.1407E-04 ( 59, 21)
n=  5324   udiff=  2.1710E-04 ( 54, 27)   vdiff=  3.1379E-04 ( 59, 21)
n=  5325   udiff=  2.1657E-04 ( 54, 27)   vdiff=  3.1316E-04 ( 59, 21)
n=  5326   udiff=  2.1604E-04 ( 54, 27)   vdiff=  3.1295E-04 ( 59, 21)
n=  5327   udiff=  2.1550E-04 ( 54, 27)   vdiff=  3.1248E-04 ( 59, 21)
n=  5328   udiff=  2.1496E-04 ( 54, 27)   vdiff=  3.1223E-04 ( 59, 21)
n=  5329   udiff=  2.1443E-04 ( 54, 27)   vdiff=  3.1181E-04 ( 59, 21)
n=  5330   udiff=  2.1392E-04 ( 54, 27)   vdiff=  3.1158E-04 ( 59, 21)
n=  5331   udiff=  2.1335E-04 ( 54, 27)   vdiff=  3.1091E-04 ( 59, 21)
n=  5332   udiff=  2.1284E-04 ( 54, 27)   vdiff=  3.1075E-04 ( 59, 21)
n=  5333   udiff=  2.1231E-04 ( 54, 27)   vdiff=  3.1022E-04 ( 59, 21)
n=  5334   udiff=  2.1177E-04 ( 54, 27)   vdiff=  3.0991E-04 ( 59, 21)
n=  5335   udiff=  2.1125E-04 ( 55, 26)   vdiff=  3.0965E-04 ( 59, 21)
n=  5336   udiff=  2.1084E-04 ( 55, 26)   vdiff=  3.0908E-04 ( 59, 21)
n=  5337   udiff=  2.1043E-04 ( 55, 26)   vdiff=  3.0875E-04 ( 59, 21)
n=  5338   udiff=  2.1004E-04 ( 55, 26)   vdiff=  3.0822E-04 ( 59, 21)
n=  5339   udiff=  2.0962E-04 ( 55, 26)   vdiff=  3.0795E-04 ( 59, 21)
n=  5340   udiff=  2.0920E-04 ( 55, 26)   vdiff=  3.0763E-04 ( 59, 21)
n=  5341   udiff=  2.0880E-04 ( 55, 26)   vdiff=  3.0712E-04 ( 59, 21)
n=  5342   udiff=  2.0842E-04 ( 55, 26)   vdiff=  3.0676E-04 ( 59, 21)
n=  5343   udiff=  2.0798E-04 ( 55, 26)   vdiff=  3.0647E-04 ( 59, 21)
n=  5344   udiff=  2.0760E-04 ( 55, 26)   vdiff=  3.0627E-04 ( 59, 21)
n=  5345   udiff=  2.0717E-04 ( 55, 26)   vdiff=  3.0560E-04 ( 59, 21)
n=  5346   udiff=  2.0676E-04 ( 55, 26)   vdiff=  3.0523E-04 ( 59, 21)
n=  5347   udiff=  2.0636E-04 ( 55, 26)   vdiff=  3.0490E-04 ( 59, 21)
n=  5348   udiff=  2.0595E-04 ( 55, 26)   vdiff=  3.0456E-04 ( 59, 21)
n=  5349   udiff=  2.0555E-04 ( 55, 26)   vdiff=  3.0397E-04 ( 59, 21)
n=  5350   udiff=  2.0515E-04 ( 55, 26)   vdiff=  3.0361E-04 ( 59, 21)
n=  5351   udiff=  2.0472E-04 ( 55, 26)   vdiff=  3.0324E-04 ( 59, 21)
n=  5352   udiff=  2.0434E-04 ( 55, 26)   vdiff=  3.0290E-04 ( 59, 21)
n=  5353   udiff=  2.0392E-04 ( 55, 26)   vdiff=  3.0267E-04 ( 59, 21)
n=  5354   udiff=  2.0352E-04 ( 55, 26)   vdiff=  3.0193E-04 ( 59, 21)
n=  5355   udiff=  2.0311E-04 ( 55, 26)   vdiff=  3.0165E-04 ( 59, 21)
n=  5356   udiff=  2.0272E-04 ( 55, 26)   vdiff=  3.0124E-04 ( 59, 21)
n=  5357   udiff=  2.0230E-04 ( 55, 26)   vdiff=  3.0091E-04 ( 59, 21)
n=  5358   udiff=  2.0190E-04 ( 55, 26)   vdiff=  3.0053E-04 ( 59, 21)
n=  5359   udiff=  2.0147E-04 ( 55, 26)   vdiff=  3.0014E-04 ( 59, 21)
n=  5360   udiff=  2.0108E-04 ( 55, 26)   vdiff=  2.9966E-04 ( 59, 21)
n=  5361   udiff=  2.0068E-04 ( 55, 26)   vdiff=  2.9934E-04 ( 59, 21)
n=  5362   udiff=  2.0026E-04 ( 55, 26)   vdiff=  2.9898E-04 ( 59, 21)
n=  5363   udiff=  1.9985E-04 ( 55, 26)   vdiff=  2.9853E-04 ( 59, 21)
n=  5364   udiff=  1.9946E-04 ( 55, 26)   vdiff=  2.9809E-04 ( 59, 21)
n=  5365   udiff=  1.9905E-04 ( 55, 26)   vdiff=  2.9766E-04 ( 59, 21)
n=  5366   udiff=  1.9864E-04 ( 55, 26)   vdiff=  2.9731E-04 ( 59, 21)
n=  5367   udiff=  1.9823E-04 ( 55, 26)   vdiff=  2.9694E-04 ( 59, 21)
n=  5368   udiff=  1.9784E-04 ( 55, 26)   vdiff=  2.9659E-04 ( 59, 21)
n=  5369   udiff=  1.9742E-04 ( 55, 26)   vdiff=  2.9604E-04 ( 59, 21)
n=  5370   udiff=  1.9703E-04 ( 55, 26)   vdiff=  2.9555E-04 ( 59, 21)
n=  5371   udiff=  1.9662E-04 ( 55, 26)   vdiff=  2.9511E-04 ( 59, 21)
n=  5372   udiff=  1.9620E-04 ( 55, 26)   vdiff=  2.9487E-04 ( 59, 21)
n=  5373   udiff=  1.9581E-04 ( 55, 26)   vdiff=  2.9434E-04 ( 59, 21)
n=  5374   udiff=  1.9541E-04 ( 55, 26)   vdiff=  2.9384E-04 ( 59, 21)
n=  5375   udiff=  1.9500E-04 ( 55, 26)   vdiff=  2.9341E-04 ( 59, 21)
n=  5376   udiff=  1.9457E-04 ( 55, 26)   vdiff=  2.9326E-04 ( 59, 21)
n=  5377   udiff=  1.9417E-04 ( 55, 26)   vdiff=  2.9281E-04 ( 59, 21)
n=  5378   udiff=  1.9377E-04 ( 55, 26)   vdiff=  2.9241E-04 ( 59, 21)
n=  5379   udiff=  1.9337E-04 ( 55, 26)   vdiff=  2.9186E-04 ( 59, 21)
n=  5380   udiff=  1.9296E-04 ( 55, 26)   vdiff=  2.9139E-04 ( 59, 21)
n=  5381   udiff=  1.9255E-04 ( 55, 26)   vdiff=  2.9119E-04 ( 59, 21)
n=  5382   udiff=  1.9214E-04 ( 55, 26)   vdiff=  2.9069E-04 ( 59, 21)
n=  5383   udiff=  1.9176E-04 ( 55, 26)   vdiff=  2.9019E-04 ( 59, 21)
n=  5384   udiff=  1.9133E-04 ( 55, 26)   vdiff=  2.8961E-04 ( 59, 21)
n=  5385   udiff=  1.9093E-04 ( 55, 26)   vdiff=  2.8942E-04 ( 59, 21)
n=  5386   udiff=  1.9053E-04 ( 55, 26)   vdiff=  2.8893E-04 ( 59, 21)
n=  5387   udiff=  1.9011E-04 ( 55, 26)   vdiff=  2.8840E-04 ( 59, 21)
n=  5388   udiff=  1.8972E-04 ( 55, 26)   vdiff=  2.8793E-04 ( 59, 21)
n=  5389   udiff=  1.8932E-04 ( 55, 26)   vdiff=  2.8771E-04 ( 59, 21)
n=  5390   udiff=  1.8890E-04 ( 55, 26)   vdiff=  2.8720E-04 ( 59, 21)
n=  5391   udiff=  1.8850E-04 ( 55, 26)   vdiff=  2.8692E-04 ( 59, 21)
n=  5392   udiff=  1.8811E-04 ( 55, 26)   vdiff=  2.8637E-04 ( 59, 21)
n=  5393   udiff=  1.8771E-04 ( 55, 26)   vdiff=  2.8596E-04 ( 59, 21)
n=  5394   udiff=  1.8729E-04 ( 55, 26)   vdiff=  2.8566E-04 ( 59, 21)
n=  5395   udiff=  1.8688E-04 ( 55, 26)   vdiff=  2.8510E-04 ( 59, 21)
n=  5396   udiff=  1.8649E-04 ( 55, 26)   vdiff=  2.8483E-04 ( 59, 21)
n=  5397   udiff=  1.8606E-04 ( 55, 26)   vdiff=  2.8429E-04 ( 59, 21)
n=  5398   udiff=  1.8568E-04 ( 55, 26)   vdiff=  2.8376E-04 ( 59, 21)
n=  5399   udiff=  1.8529E-04 ( 55, 26)   vdiff=  2.8341E-04 ( 59, 21)
n=  5400   udiff=  1.8488E-04 ( 55, 26)   vdiff=  2.8290E-04 ( 59, 21)
n=  5401   udiff=  1.8445E-04 ( 55, 26)   vdiff=  2.8258E-04 ( 59, 21)
n=  5402   udiff=  1.8406E-04 ( 55, 26)   vdiff=  2.8212E-04 ( 59, 21)
n=  5403   udiff=  1.8366E-04 ( 55, 26)   vdiff=  2.8174E-04 ( 59, 21)
n=  5404   udiff=  1.8326E-04 ( 55, 26)   vdiff=  2.8134E-04 ( 59, 21)
n=  5405   udiff=  1.8285E-04 ( 55, 26)   vdiff=  2.8090E-04 ( 59, 21)
n=  5406   udiff=  1.8245E-04 ( 55, 26)   vdiff=  2.8047E-04 ( 59, 21)
n=  5407   udiff=  1.8205E-04 ( 55, 26)   vdiff=  2.7988E-04 ( 59, 21)
n=  5408   udiff=  1.8166E-04 ( 55, 26)   vdiff=  2.7955E-04 ( 59, 21)
n=  5409   udiff=  1.8126E-04 ( 55, 26)   vdiff=  2.7907E-04 ( 59, 21)
n=  5410   udiff=  1.8086E-04 ( 55, 26)   vdiff=  2.7874E-04 ( 59, 21)
n=  5411   udiff=  1.8045E-04 ( 55, 26)   vdiff=  2.7832E-04 ( 59, 21)
n=  5412   udiff=  1.8008E-04 ( 55, 26)   vdiff=  2.7775E-04 ( 59, 21)
n=  5413   udiff=  1.7965E-04 ( 55, 26)   vdiff=  2.7735E-04 ( 59, 21)
n=  5414   udiff=  1.7926E-04 ( 55, 26)   vdiff=  2.7705E-04 ( 59, 21)
n=  5415   udiff=  1.7887E-04 ( 55, 26)   vdiff=  2.7676E-04 ( 59, 21)
n=  5416   udiff=  1.7847E-04 ( 55, 26)   vdiff=  2.7606E-04 ( 59, 21)
n=  5417   udiff=  1.7804E-04 ( 55, 26)   vdiff=  2.7567E-04 ( 59, 21)
n=  5418   udiff=  1.7765E-04 ( 55, 26)   vdiff=  2.7532E-04 ( 59, 21)
n=  5419   udiff=  1.7724E-04 ( 55, 26)   vdiff=  2.7468E-04 ( 59, 21)
n=  5420   udiff=  1.7684E-04 ( 55, 26)   vdiff=  2.7419E-04 ( 59, 21)
n=  5421   udiff=  1.7646E-04 ( 55, 26)   vdiff=  2.7393E-04 ( 59, 21)
n=  5422   udiff=  1.7605E-04 ( 55, 26)   vdiff=  2.7351E-04 ( 59, 21)
n=  5423   udiff=  1.7567E-04 ( 55, 26)   vdiff=  2.7316E-04 ( 59, 21)
n=  5424   udiff=  1.7526E-04 ( 55, 26)   vdiff=  2.7271E-04 ( 59, 21)
n=  5425   udiff=  1.7486E-04 ( 55, 26)   vdiff=  2.7199E-04 ( 59, 21)
n=  5426   udiff=  1.7446E-04 ( 55, 26)   vdiff=  2.7161E-04 ( 59, 21)
n=  5427   udiff=  1.7408E-04 ( 55, 26)   vdiff=  2.7120E-04 ( 59, 21)
n=  5428   udiff=  1.7367E-04 ( 55, 26)   vdiff=  2.7078E-04 ( 59, 21)
n=  5429   udiff=  1.7327E-04 ( 55, 26)   vdiff=  2.7039E-04 ( 59, 21)
n=  5430   udiff=  1.7285E-04 ( 55, 26)   vdiff=  2.6987E-04 ( 59, 21)
n=  5431   udiff=  1.7248E-04 ( 55, 26)   vdiff=  2.6968E-04 ( 59, 21)
n=  5432   udiff=  1.7207E-04 ( 55, 26)   vdiff=  2.6919E-04 ( 59, 21)
n=  5433   udiff=  1.7169E-04 ( 55, 26)   vdiff=  2.6863E-04 ( 59, 21)
n=  5434   udiff=  1.7126E-04 ( 55, 26)   vdiff=  2.6825E-04 ( 59, 21)
n=  5435   udiff=  1.7088E-04 ( 55, 26)   vdiff=  2.6774E-04 ( 59, 21)
n=  5436   udiff=  1.7049E-04 ( 55, 26)   vdiff=  2.6731E-04 ( 59, 21)
n=  5437   udiff=  1.7010E-04 ( 55, 26)   vdiff=  2.6677E-04 ( 59, 21)
n=  5438   udiff=  1.6970E-04 ( 55, 26)   vdiff=  2.6647E-04 ( 59, 21)
n=  5439   udiff=  1.6930E-04 ( 55, 26)   vdiff=  2.6596E-04 ( 59, 21)
n=  5440   udiff=  1.6891E-04 ( 55, 26)   vdiff=  2.6547E-04 ( 59, 21)
n=  5441   udiff=  1.6850E-04 ( 55, 26)   vdiff=  2.6498E-04 ( 59, 21)
n=  5442   udiff=  1.6812E-04 ( 55, 26)   vdiff=  2.6462E-04 ( 59, 21)
n=  5443   udiff=  1.6774E-04 ( 55, 26)   vdiff=  2.6409E-04 ( 59, 21)
n=  5444   udiff=  1.6732E-04 ( 55, 26)   vdiff=  2.6360E-04 ( 59, 21)
n=  5445   udiff=  1.6692E-04 ( 55, 26)   vdiff=  2.6338E-04 ( 59, 21)
n=  5446   udiff=  1.6654E-04 ( 55, 26)   vdiff=  2.6293E-04 ( 59, 21)
n=  5447   udiff=  1.6613E-04 ( 55, 26)   vdiff=  2.6243E-04 ( 59, 21)
n=  5448   udiff=  1.6575E-04 ( 55, 26)   vdiff=  2.6189E-04 ( 59, 21)
n=  5449   udiff=  1.6536E-04 ( 55, 26)   vdiff=  2.6147E-04 ( 59, 21)
n=  5450   udiff=  1.6498E-04 ( 55, 26)   vdiff=  2.6128E-04 ( 59, 21)
n=  5451   udiff=  1.6458E-04 ( 55, 26)   vdiff=  2.6064E-04 ( 59, 21)
n=  5452   udiff=  1.6420E-04 ( 55, 26)   vdiff=  2.6018E-04 ( 59, 21)
n=  5453   udiff=  1.6381E-04 ( 55, 26)   vdiff=  2.5970E-04 ( 59, 21)
n=  5454   udiff=  1.6341E-04 ( 55, 26)   vdiff=  2.5945E-04 ( 59, 21)
n=  5455   udiff=  1.6302E-04 ( 55, 26)   vdiff=  2.5886E-04 ( 59, 21)
n=  5456   udiff=  1.6263E-04 ( 55, 26)   vdiff=  2.5834E-04 ( 59, 21)
n=  5457   udiff=  1.6225E-04 ( 55, 26)   vdiff=  2.5814E-04 ( 59, 21)
n=  5458   udiff=  1.6183E-04 ( 55, 26)   vdiff=  2.5746E-04 ( 59, 21)
n=  5459   udiff=  1.6145E-04 ( 55, 26)   vdiff=  2.5688E-04 ( 59, 21)
n=  5460   udiff=  1.6106E-04 ( 55, 26)   vdiff=  2.5655E-04 ( 59, 21)
n=  5461   udiff=  1.6066E-04 ( 55, 26)   vdiff=  2.5609E-04 ( 59, 21)
n=  5462   udiff=  1.6027E-04 ( 55, 26)   vdiff=  2.5554E-04 ( 59, 21)
n=  5463   udiff=  1.5990E-04 ( 55, 26)   vdiff=  2.5526E-04 ( 59, 21)
n=  5464   udiff=  1.5951E-04 ( 55, 26)   vdiff=  2.5471E-04 ( 59, 21)
n=  5465   udiff=  1.5913E-04 ( 55, 26)   vdiff=  2.5430E-04 ( 59, 21)
n=  5466   udiff=  1.5872E-04 ( 55, 26)   vdiff=  2.5387E-04 ( 59, 21)
n=  5467   udiff=  1.5833E-04 ( 55, 26)   vdiff=  2.5343E-04 ( 59, 21)
n=  5468   udiff=  1.5797E-04 ( 55, 26)   vdiff=  2.5289E-04 ( 59, 21)
n=  5469   udiff=  1.5758E-04 ( 55, 26)   vdiff=  2.5259E-04 ( 59, 21)
n=  5470   udiff=  1.5719E-04 ( 55, 26)   vdiff=  2.5201E-04 ( 59, 21)
n=  5471   udiff=  1.5681E-04 ( 55, 26)   vdiff=  2.5168E-04 ( 59, 21)
n=  5472   udiff=  1.5642E-04 ( 55, 26)   vdiff=  2.5108E-04 ( 59, 21)
n=  5473   udiff=  1.5603E-04 ( 55, 26)   vdiff=  2.5072E-04 ( 59, 21)
n=  5474   udiff=  1.5562E-04 ( 55, 26)   vdiff=  2.5009E-04 ( 59, 21)
n=  5475   udiff=  1.5524E-04 ( 55, 26)   vdiff=  2.4975E-04 ( 59, 21)
n=  5476   udiff=  1.5486E-04 ( 55, 26)   vdiff=  2.4954E-04 ( 59, 21)
n=  5477   udiff=  1.5449E-04 ( 55, 26)   vdiff=  2.4873E-04 ( 59, 21)
n=  5478   udiff=  1.5410E-04 ( 55, 26)   vdiff=  2.4842E-04 ( 59, 21)
n=  5479   udiff=  1.5372E-04 ( 55, 26)   vdiff=  2.4802E-04 ( 59, 21)
n=  5480   udiff=  1.5333E-04 ( 55, 26)   vdiff=  2.4748E-04 ( 59, 21)
n=  5481   udiff=  1.5295E-04 ( 55, 26)   vdiff=  2.4705E-04 ( 59, 21)
n=  5482   udiff=  1.5256E-04 ( 55, 26)   vdiff=  2.4669E-04 ( 59, 21)
n=  5483   udiff=  1.5217E-04 ( 55, 26)   vdiff=  2.4599E-04 ( 59, 21)
n=  5484   udiff=  1.5180E-04 ( 55, 26)   vdiff=  2.4565E-04 ( 59, 21)
n=  5485   udiff=  1.5140E-04 ( 55, 26)   vdiff=  2.4523E-04 ( 59, 21)
n=  5486   udiff=  1.5106E-04 ( 55, 26)   vdiff=  2.4494E-04 ( 59, 21)
n=  5487   udiff=  1.5066E-04 ( 55, 26)   vdiff=  2.4424E-04 ( 59, 21)
n=  5488   udiff=  1.5029E-04 ( 55, 26)   vdiff=  2.4382E-04 ( 59, 21)
n=  5489   udiff=  1.4991E-04 ( 55, 26)   vdiff=  2.4343E-04 ( 59, 21)
n=  5490   udiff=  1.4953E-04 ( 55, 26)   vdiff=  2.4301E-04 ( 59, 21)
n=  5491   udiff=  1.4912E-04 ( 55, 26)   vdiff=  2.4260E-04 ( 59, 21)
n=  5492   udiff=  1.4874E-04 ( 55, 26)   vdiff=  2.4210E-04 ( 59, 21)
n=  5493   udiff=  1.4841E-04 ( 55, 26)   vdiff=  2.4168E-04 ( 59, 21)
n=  5494   udiff=  1.4800E-04 ( 55, 26)   vdiff=  2.4093E-04 ( 59, 21)
n=  5495   udiff=  1.4764E-04 ( 55, 26)   vdiff=  2.4063E-04 ( 59, 21)
n=  5496   udiff=  1.4724E-04 ( 55, 26)   vdiff=  2.4019E-04 ( 59, 21)
n=  5497   udiff=  1.4688E-04 ( 55, 26)   vdiff=  2.3980E-04 ( 59, 21)
n=  5498   udiff=  1.4651E-04 ( 55, 26)   vdiff=  2.3934E-04 ( 59, 21)
n=  5499   udiff=  1.4613E-04 ( 55, 26)   vdiff=  2.3897E-04 ( 59, 21)
n=  5500   udiff=  1.4574E-04 ( 55, 26)   vdiff=  2.3841E-04 ( 59, 21)
n=  5501   udiff=  1.4536E-04 ( 55, 26)   vdiff=  2.3801E-04 ( 59, 21)
n=  5502   udiff=  1.4499E-04 ( 55, 26)   vdiff=  2.3750E-04 ( 59, 21)
n=  5503   udiff=  1.4460E-04 ( 55, 26)   vdiff=  2.3704E-04 ( 59, 21)
n=  5504   udiff=  1.4421E-04 ( 55, 26)   vdiff=  2.3656E-04 ( 59, 21)
n=  5505   udiff=  1.4386E-04 ( 55, 26)   vdiff=  2.3615E-04 ( 59, 21)
n=  5506   udiff=  1.4350E-04 ( 55, 26)   vdiff=  2.3557E-04 ( 59, 21)
n=  5507   udiff=  1.4313E-04 ( 55, 26)   vdiff=  2.3509E-04 ( 59, 21)
n=  5508   udiff=  1.4274E-04 ( 55, 26)   vdiff=  2.3488E-04 ( 59, 21)
n=  5509   udiff=  1.4238E-04 ( 55, 26)   vdiff=  2.3441E-04 ( 59, 21)
n=  5510   udiff=  1.4202E-04 ( 55, 26)   vdiff=  2.3399E-04 ( 59, 21)
n=  5511   udiff=  1.4164E-04 ( 55, 26)   vdiff=  2.3348E-04 ( 59, 21)
n=  5512   udiff=  1.4123E-04 ( 55, 26)   vdiff=  2.3295E-04 ( 59, 21)
n=  5513   udiff=  1.4087E-04 ( 55, 26)   vdiff=  2.3246E-04 ( 59, 21)
n=  5514   udiff=  1.4051E-04 ( 55, 26)   vdiff=  2.3197E-04 ( 59, 21)
n=  5515   udiff=  1.4013E-04 ( 55, 26)   vdiff=  2.3166E-04 ( 59, 21)
n=  5516   udiff=  1.3977E-04 ( 55, 26)   vdiff=  2.3117E-04 ( 59, 21)
n=  5517   udiff=  1.3941E-04 ( 55, 26)   vdiff=  2.3074E-04 ( 59, 21)
n=  5518   udiff=  1.3903E-04 ( 55, 26)   vdiff=  2.3011E-04 ( 59, 21)
n=  5519   udiff=  1.3867E-04 ( 55, 26)   vdiff=  2.2977E-04 ( 59, 21)
n=  5520   udiff=  1.3830E-04 ( 55, 26)   vdiff=  2.2924E-04 ( 59, 21)
n=  5521   udiff=  1.3791E-04 ( 55, 26)   vdiff=  2.2874E-04 ( 59, 21)
n=  5522   udiff=  1.3755E-04 ( 55, 26)   vdiff=  2.2856E-04 ( 59, 21)
n=  5523   udiff=  1.3721E-04 ( 55, 26)   vdiff=  2.2804E-04 ( 59, 21)
n=  5524   udiff=  1.3682E-04 ( 55, 26)   vdiff=  2.2749E-04 ( 59, 21)
n=  5525   udiff=  1.3646E-04 ( 55, 26)   vdiff=  2.2706E-04 ( 59, 21)
n=  5526   udiff=  1.3607E-04 ( 55, 26)   vdiff=  2.2653E-04 ( 59, 21)
n=  5527   udiff=  1.3572E-04 ( 55, 26)   vdiff=  2.2603E-04 ( 59, 21)
n=  5528   udiff=  1.3534E-04 ( 55, 26)   vdiff=  2.2572E-04 ( 59, 21)
n=  5529   udiff=  1.3499E-04 ( 55, 26)   vdiff=  2.2518E-04 ( 59, 21)
n=  5530   udiff=  1.3464E-04 ( 55, 26)   vdiff=  2.2487E-04 ( 59, 21)
n=  5531   udiff=  1.3425E-04 ( 55, 26)   vdiff=  2.2433E-04 ( 59, 21)
n=  5532   udiff=  1.3390E-04 ( 55, 26)   vdiff=  2.2394E-04 ( 59, 21)
n=  5533   udiff=  1.3353E-04 ( 55, 26)   vdiff=  2.2343E-04 ( 59, 21)
n=  5534   udiff=  1.3319E-04 ( 55, 26)   vdiff=  2.2308E-04 ( 59, 21)
n=  5535   udiff=  1.3281E-04 ( 55, 26)   vdiff=  2.2244E-04 ( 59, 21)
n=  5536   udiff=  1.3244E-04 ( 55, 26)   vdiff=  2.2206E-04 ( 59, 21)
n=  5537   udiff=  1.3211E-04 ( 55, 26)   vdiff=  2.2154E-04 ( 59, 21)
n=  5538   udiff=  1.3173E-04 ( 55, 26)   vdiff=  2.2114E-04 ( 59, 21)
n=  5539   udiff=  1.3138E-04 ( 55, 26)   vdiff=  2.2052E-04 ( 59, 21)
n=  5540   udiff=  1.3102E-04 ( 55, 26)   vdiff=  2.2028E-04 ( 59, 21)
n=  5541   udiff=  1.3064E-04 ( 55, 26)   vdiff=  2.1983E-04 ( 59, 21)
n=  5542   udiff=  1.3028E-04 ( 55, 26)   vdiff=  2.1927E-04 ( 59, 21)
n=  5543   udiff=  1.2992E-04 ( 55, 26)   vdiff=  2.1887E-04 ( 59, 21)
n=  5544   udiff=  1.2955E-04 ( 55, 26)   vdiff=  2.1852E-04 ( 59, 21)
n=  5545   udiff=  1.2920E-04 ( 55, 26)   vdiff=  2.1787E-04 ( 59, 21)
n=  5546   udiff=  1.2884E-04 ( 55, 26)   vdiff=  2.1757E-04 ( 59, 21)
n=  5547   udiff=  1.2850E-04 ( 55, 26)   vdiff=  2.1710E-04 ( 59, 21)
n=  5548   udiff=  1.2812E-04 ( 55, 26)   vdiff=  2.1658E-04 ( 59, 21)
n=  5549   udiff=  1.2779E-04 ( 55, 26)   vdiff=  2.1621E-04 ( 59, 21)
n=  5550   udiff=  1.2742E-04 ( 55, 26)   vdiff=  2.1570E-04 ( 59, 21)
n=  5551   udiff=  1.2707E-04 ( 55, 26)   vdiff=  2.1540E-04 ( 59, 21)
n=  5552   udiff=  1.2670E-04 ( 55, 26)   vdiff=  2.1461E-04 ( 59, 21)
n=  5553   udiff=  1.2635E-04 ( 55, 26)   vdiff=  2.1432E-04 ( 59, 21)
n=  5554   udiff=  1.2599E-04 ( 55, 26)   vdiff=  2.1387E-04 ( 59, 21)
n=  5555   udiff=  1.2564E-04 ( 55, 26)   vdiff=  2.1351E-04 ( 59, 21)
n=  5556   udiff=  1.2530E-04 ( 55, 26)   vdiff=  2.1307E-04 ( 59, 21)
n=  5557   udiff=  1.2495E-04 ( 55, 26)   vdiff=  2.1240E-04 ( 59, 21)
n=  5558   udiff=  1.2461E-04 ( 55, 26)   vdiff=  2.1195E-04 ( 59, 21)
n=  5559   udiff=  1.2422E-04 ( 55, 26)   vdiff=  2.1154E-04 ( 59, 21)
n=  5560   udiff=  1.2387E-04 ( 55, 26)   vdiff=  2.1120E-04 ( 59, 21)
n=  5561   udiff=  1.2353E-04 ( 55, 26)   vdiff=  2.1079E-04 ( 59, 21)
n=  5562   udiff=  1.2321E-04 ( 55, 26)   vdiff=  2.1037E-04 ( 59, 21)
n=  5563   udiff=  1.2283E-04 ( 55, 26)   vdiff=  2.0992E-04 ( 59, 21)
n=  5564   udiff=  1.2250E-04 ( 55, 26)   vdiff=  2.0943E-04 ( 59, 21)
n=  5565   udiff=  1.2214E-04 ( 55, 26)   vdiff=  2.0904E-04 ( 59, 21)
n=  5566   udiff=  1.2178E-04 ( 55, 26)   vdiff=  2.0862E-04 ( 59, 21)
n=  5567   udiff=  1.2143E-04 ( 55, 26)   vdiff=  2.0808E-04 ( 59, 21)
n=  5568   udiff=  1.2110E-04 ( 55, 26)   vdiff=  2.0768E-04 ( 59, 21)
n=  5569   udiff=  1.2072E-04 ( 55, 26)   vdiff=  2.0718E-04 ( 59, 21)
n=  5570   udiff=  1.2039E-04 ( 55, 26)   vdiff=  2.0668E-04 ( 59, 21)
n=  5571   udiff=  1.2005E-04 ( 55, 26)   vdiff=  2.0615E-04 ( 59, 21)
n=  5572   udiff=  1.1970E-04 ( 55, 26)   vdiff=  2.0568E-04 ( 59, 21)
n=  5573   udiff=  1.1936E-04 ( 55, 26)   vdiff=  2.0531E-04 ( 59, 21)
n=  5574   udiff=  1.1901E-04 ( 55, 26)   vdiff=  2.0480E-04 ( 59, 21)
n=  5575   udiff=  1.1866E-04 ( 55, 26)   vdiff=  2.0434E-04 ( 59, 21)
n=  5576   udiff=  1.1831E-04 ( 55, 26)   vdiff=  2.0413E-04 ( 59, 21)
n=  5577   udiff=  1.1798E-04 ( 55, 26)   vdiff=  2.0355E-04 ( 59, 21)
n=  5578   udiff=  1.1762E-04 ( 55, 26)   vdiff=  2.0314E-04 ( 59, 21)
n=  5579   udiff=  1.1727E-04 ( 55, 26)   vdiff=  2.0250E-04 ( 59, 21)
n=  5580   udiff=  1.1695E-04 ( 55, 26)   vdiff=  2.0207E-04 ( 59, 21)
n=  5581   udiff=  1.1659E-04 ( 55, 26)   vdiff=  2.0163E-04 ( 59, 21)
n=  5582   udiff=  1.1630E-04 ( 55, 26)   vdiff=  2.0144E-04 ( 59, 21)
n=  5583   udiff=  1.1593E-04 ( 55, 26)   vdiff=  2.0086E-04 ( 59, 21)
n=  5584   udiff=  1.1558E-04 ( 55, 26)   vdiff=  2.0028E-04 ( 59, 21)
n=  5585   udiff=  1.1522E-04 ( 55, 26)   vdiff=  1.9980E-04 ( 59, 21)
n=  5586   udiff=  1.1490E-04 ( 55, 26)   vdiff=  1.9958E-04 ( 59, 21)
n=  5587   udiff=  1.1457E-04 ( 55, 26)   vdiff=  1.9904E-04 ( 59, 21)
n=  5588   udiff=  1.1423E-04 ( 55, 26)   vdiff=  1.9852E-04 ( 59, 21)
n=  5589   udiff=  1.1388E-04 ( 55, 26)   vdiff=  1.9826E-04 ( 59, 21)
n=  5590   udiff=  1.1355E-04 ( 55, 26)   vdiff=  1.9772E-04 ( 59, 21)
n=  5591   udiff=  1.1320E-04 ( 55, 26)   vdiff=  1.9715E-04 ( 59, 21)
n=  5592   udiff=  1.1287E-04 ( 55, 26)   vdiff=  1.9684E-04 ( 59, 21)
n=  5593   udiff=  1.1253E-04 ( 55, 26)   vdiff=  1.9639E-04 ( 59, 21)
n=  5594   udiff=  1.1221E-04 ( 55, 26)   vdiff=  1.9610E-04 ( 59, 21)
n=  5595   udiff=  1.1186E-04 ( 55, 26)   vdiff=  1.9545E-04 ( 59, 21)
n=  5596   udiff=  1.1152E-04 ( 55, 26)   vdiff=  1.9523E-04 ( 59, 21)
n=  5597   udiff=  1.1120E-04 ( 55, 26)   vdiff=  1.9456E-04 ( 59, 21)
n=  5598   udiff=  1.1086E-04 ( 55, 26)   vdiff=  1.9413E-04 ( 59, 21)
n=  5599   udiff=  1.1053E-04 ( 55, 26)   vdiff=  1.9373E-04 ( 59, 21)
n=  5600   udiff=  1.1018E-04 ( 55, 26)   vdiff=  1.9321E-04 ( 59, 21)
n=  5601   udiff=  1.0987E-04 ( 55, 26)   vdiff=  1.9282E-04 ( 59, 21)
n=  5602   udiff=  1.0952E-04 ( 55, 26)   vdiff=  1.9234E-04 ( 59, 21)
n=  5603   udiff=  1.0920E-04 ( 55, 26)   vdiff=  1.9198E-04 ( 59, 21)
n=  5604   udiff=  1.0885E-04 ( 55, 26)   vdiff=  1.9163E-04 ( 59, 21)
n=  5605   udiff=  1.0854E-04 ( 55, 26)   vdiff=  1.9107E-04 ( 59, 21)
n=  5606   udiff=  1.0820E-04 ( 55, 26)   vdiff=  1.9070E-04 ( 59, 21)
n=  5607   udiff=  1.0787E-04 ( 55, 26)   vdiff=  1.9009E-04 ( 59, 21)
n=  5608   udiff=  1.0756E-04 ( 55, 26)   vdiff=  1.8977E-04 ( 59, 21)
n=  5609   udiff=  1.0723E-04 ( 55, 26)   vdiff=  1.8944E-04 ( 59, 21)
n=  5610   udiff=  1.0690E-04 ( 55, 26)   vdiff=  1.8889E-04 ( 59, 21)
n=  5611   udiff=  1.0658E-04 ( 55, 26)   vdiff=  1.8848E-04 ( 59, 21)
n=  5612   udiff=  1.0625E-04 ( 55, 26)   vdiff=  1.8813E-04 ( 59, 21)
n=  5613   udiff=  1.0591E-04 ( 55, 26)   vdiff=  1.8749E-04 ( 59, 21)
n=  5614   udiff=  1.0581E-04 ( 67, 14)   vdiff=  1.8712E-04 ( 59, 21)
n=  5615   udiff=  1.0560E-04 ( 67, 14)   vdiff=  1.8678E-04 ( 59, 21)
n=  5616   udiff=  1.0539E-04 ( 67, 14)   vdiff=  1.8619E-04 ( 59, 21)
n=  5617   udiff=  1.0534E-04 ( 67, 14)   vdiff=  1.8581E-04 ( 59, 21)
n=  5618   udiff=  1.0509E-04 ( 67, 14)   vdiff=  1.8537E-04 ( 59, 21)
n=  5619   udiff=  1.0483E-04 ( 67, 14)   vdiff=  1.8502E-04 ( 59, 21)
n=  5620   udiff=  1.0477E-04 ( 67, 14)   vdiff=  1.8444E-04 ( 59, 21)
n=  5621   udiff=  1.0454E-04 ( 67, 14)   vdiff=  1.8401E-04 ( 59, 21)
n=  5622   udiff=  1.0430E-04 ( 67, 14)   vdiff=  1.8356E-04 ( 59, 21)
n=  5623   udiff=  1.0405E-04 ( 67, 14)   vdiff=  1.8321E-04 ( 59, 21)
n=  5624   udiff=  1.0397E-04 ( 67, 14)   vdiff=  1.8278E-04 ( 59, 21)
n=  5625   udiff=  1.0372E-04 ( 67, 14)   vdiff=  1.8239E-04 ( 59, 21)
n=  5626   udiff=  1.0356E-04 ( 67, 14)   vdiff=  1.8198E-04 ( 59, 21)
n=  5627   udiff=  1.0343E-04 ( 67, 14)   vdiff=  1.8138E-04 ( 59, 21)
n=  5628   udiff=  1.0318E-04 ( 67, 14)   vdiff=  1.8094E-04 ( 59, 21)
n=  5629   udiff=  1.0294E-04 ( 67, 14)   vdiff=  1.8050E-04 ( 59, 21)
n=  5630   udiff=  1.0291E-04 ( 67, 14)   vdiff=  1.8005E-04 ( 59, 21)
n=  5631   udiff=  1.0263E-04 ( 67, 14)   vdiff=  1.7964E-04 ( 59, 21)
n=  5632   udiff=  1.0242E-04 ( 67, 14)   vdiff=  1.7928E-04 ( 59, 21)
n=  5633   udiff=  1.0226E-04 ( 67, 14)   vdiff=  1.7885E-04 ( 59, 21)
n=  5634   udiff=  1.0204E-04 ( 67, 14)   vdiff=  1.7846E-04 ( 59, 21)
n=  5635   udiff=  1.0179E-04 ( 67, 14)   vdiff=  1.7792E-04 ( 59, 21)
n=  5636   udiff=  1.0173E-04 ( 67, 14)   vdiff=  1.7753E-04 ( 59, 21)
n=  5637   udiff=  1.0144E-04 ( 67, 14)   vdiff=  1.7719E-04 ( 59, 21)
n=  5638   udiff=  1.0126E-04 ( 67, 14)   vdiff=  1.7663E-04 ( 59, 21)
n=  5639   udiff=  1.0119E-04 ( 67, 14)   vdiff=  1.7618E-04 ( 59, 21)
n=  5640   udiff=  1.0097E-04 ( 67, 14)   vdiff=  1.7570E-04 ( 59, 21)
n=  5641   udiff=  1.0074E-04 ( 67, 14)   vdiff=  1.7551E-04 ( 59, 21)
n=  5642   udiff=  1.0049E-04 ( 67, 14)   vdiff=  1.7502E-04 ( 59, 21)
n=  5643   udiff=  1.0039E-04 ( 67, 14)   vdiff=  1.7462E-04 ( 59, 21)
n=  5644   udiff=  1.0012E-04 ( 67, 14)   vdiff=  1.7421E-04 ( 59, 21)
n=  5645   udiff=  9.9894E-05 ( 67, 14)   vdiff=  1.7362E-04 ( 59, 21)
n=  5646   udiff=  9.9789E-05 ( 67, 14)   vdiff=  1.7320E-04 ( 59, 21)
n=  5647   udiff=  9.9585E-05 ( 67, 14)   vdiff=  1.7273E-04 ( 59, 21)
n=  5648   udiff=  9.9323E-05 ( 67, 14)   vdiff=  1.7251E-04 ( 59, 21)
n=  5649   udiff=  9.9223E-05 ( 67, 14)   vdiff=  1.7202E-04 ( 59, 21)
n=  5650   udiff=  9.8979E-05 ( 67, 14)   vdiff=  1.7155E-04 ( 59, 21)
n=  5651   udiff=  9.8793E-05 ( 67, 14)   vdiff=  1.7107E-04 ( 59, 21)
n=  5652   udiff=  9.8669E-05 ( 67, 14)   vdiff=  1.7079E-04 ( 59, 21)
n=  5653   udiff=  9.8494E-05 ( 67, 14)   vdiff=  1.7032E-04 ( 59, 21)
n=  5654   udiff=  9.8369E-05 ( 67, 14)   vdiff=  1.6984E-04 ( 59, 21)
n=  5655   udiff=  9.8135E-05 ( 67, 14)   vdiff=  1.6935E-04 ( 59, 21)
n=  5656   udiff=  9.7900E-05 ( 67, 14)   vdiff=  1.6905E-04 ( 59, 21)
n=  5657   udiff=  9.7777E-05 ( 67, 14)   vdiff=  1.6860E-04 ( 59, 21)
n=  5658   udiff=  9.7518E-05 ( 67, 14)   vdiff=  1.6806E-04 ( 59, 21)
n=  5659   udiff=  9.7296E-05 ( 67, 14)   vdiff=  1.6780E-04 ( 59, 21)
n=  5660   udiff=  9.7200E-05 ( 67, 14)   vdiff=  1.6721E-04 ( 59, 21)
n=  5661   udiff=  9.7016E-05 ( 67, 14)   vdiff=  1.6701E-04 ( 59, 21)
n=  5662   udiff=  9.6769E-05 ( 67, 14)   vdiff=  1.6649E-04 ( 59, 21)
n=  5663   udiff=  9.6674E-05 ( 67, 14)   vdiff=  1.6597E-04 ( 59, 21)
n=  5664   udiff=  9.6375E-05 ( 67, 14)   vdiff=  1.6568E-04 ( 59, 21)
n=  5665   udiff=  9.6181E-05 ( 67, 14)   vdiff=  1.6516E-04 ( 59, 21)
n=  5666   udiff=  9.6088E-05 ( 67, 14)   vdiff=  1.6488E-04 ( 59, 21)
n=  5667   udiff=  9.5843E-05 ( 67, 14)   vdiff=  1.6442E-04 ( 59, 21)
n=  5668   udiff=  9.5633E-05 ( 67, 14)   vdiff=  1.6407E-04 ( 59, 21)
n=  5669   udiff=  9.5502E-05 ( 67, 14)   vdiff=  1.6342E-04 ( 59, 21)
n=  5670   udiff=  9.5279E-05 ( 67, 14)   vdiff=  1.6327E-04 ( 59, 21)
n=  5671   udiff=  9.5120E-05 ( 67, 14)   vdiff=  1.6257E-04 ( 59, 21)
n=  5672   udiff=  9.4916E-05 ( 67, 14)   vdiff=  1.6241E-04 ( 59, 21)
n=  5673   udiff=  9.4681E-05 ( 67, 14)   vdiff=  1.6175E-04 ( 59, 21)
n=  5674   udiff=  9.4573E-05 ( 67, 14)   vdiff=  1.6149E-04 ( 59, 21)
n=  5675   udiff=  9.4280E-05 ( 67, 14)   vdiff=  1.6097E-04 ( 59, 21)
n=  5676   udiff=  9.4069E-05 ( 67, 14)   vdiff=  1.6054E-04 ( 59, 21)
n=  5677   udiff=  9.4019E-05 ( 67, 14)   vdiff=  1.6026E-04 ( 59, 21)
n=  5678   udiff=  9.3782E-05 ( 67, 14)   vdiff=  1.5967E-04 ( 59, 21)
n=  5679   udiff=  9.3558E-05 ( 67, 14)   vdiff=  1.5946E-04 ( 59, 21)
n=  5680   udiff=  9.3415E-05 ( 67, 14)   vdiff=  1.5904E-04 ( 59, 21)
n=  5681   udiff=  9.3214E-05 ( 67, 14)   vdiff=  1.5846E-04 ( 59, 21)
n=  5682   udiff=  9.3049E-05 ( 67, 14)   vdiff=  1.5807E-04 ( 59, 21)
n=  5683   udiff=  9.2802E-05 ( 67, 14)   vdiff=  1.5784E-04 ( 59, 21)
n=  5684   udiff=  9.2556E-05 ( 67, 14)   vdiff=  1.5723E-04 ( 59, 21)
n=  5685   udiff=  9.2428E-05 ( 67, 14)   vdiff=  1.5695E-04 ( 59, 21)
n=  5686   udiff=  9.2187E-05 ( 67, 14)   vdiff=  1.5647E-04 ( 59, 21)
n=  5687   udiff=  9.2127E-05 ( 67, 14)   vdiff=  1.5611E-04 ( 59, 21)
n=  5688   udiff=  9.1850E-05 ( 67, 14)   vdiff=  1.5554E-04 ( 59, 21)
n=  5689   udiff=  9.1642E-05 ( 67, 14)   vdiff=  1.5521E-04 ( 59, 21)
n=  5690   udiff=  9.1558E-05 ( 67, 14)   vdiff=  1.5483E-04 ( 59, 21)
n=  5691   udiff=  9.1319E-05 ( 67, 14)   vdiff=  1.5449E-04 ( 59, 21)
n=  5692   udiff=  9.1119E-05 ( 67, 14)   vdiff=  1.5392E-04 ( 59, 21)
n=  5693   udiff=  9.1002E-05 ( 67, 14)   vdiff=  1.5348E-04 ( 59, 21)
n=  5694   udiff=  9.0735E-05 ( 67, 14)   vdiff=  1.5326E-04 ( 59, 21)
n=  5695   udiff=  9.0597E-05 ( 67, 14)   vdiff=  1.5278E-04 ( 59, 21)
n=  5696   udiff=  9.0379E-05 ( 67, 14)   vdiff=  1.5245E-04 ( 59, 21)
n=  5697   udiff=  9.0145E-05 ( 67, 14)   vdiff=  1.5202E-04 ( 59, 21)
n=  5698   udiff=  9.0030E-05 ( 67, 14)   vdiff=  1.5163E-04 ( 59, 21)
n=  5699   udiff=  8.9784E-05 ( 67, 14)   vdiff=  1.5134E-04 ( 59, 21)
n=  5700   udiff=  8.9655E-05 ( 67, 14)   vdiff=  1.5080E-04 ( 59, 21)
n=  5701   udiff=  8.9434E-05 ( 67, 14)   vdiff=  1.5025E-04 ( 59, 21)
n=  5702   udiff=  8.9264E-05 ( 67, 14)   vdiff=  1.4978E-04 ( 59, 21)
n=  5703   udiff=  8.9158E-05 ( 67, 14)   vdiff=  1.4936E-04 ( 59, 21)
n=  5704   udiff=  8.8875E-05 ( 67, 14)   vdiff=  1.4898E-04 ( 59, 21)
n=  5705   udiff=  8.8741E-05 ( 67, 14)   vdiff=  1.4863E-04 ( 59, 21)
n=  5706   udiff=  8.8532E-05 ( 67, 14)   vdiff=  1.4835E-04 ( 59, 21)
n=  5707   udiff=  8.8249E-05 ( 67, 14)   vdiff=  1.4785E-04 ( 59, 21)
n=  5708   udiff=  8.8131E-05 ( 67, 14)   vdiff=  1.4739E-04 ( 59, 21)
n=  5709   udiff=  8.7909E-05 ( 67, 14)   vdiff=  1.4733E-04 ( 59, 21)
n=  5710   udiff=  8.7825E-05 ( 67, 14)   vdiff=  1.4690E-04 ( 59, 21)
n=  5711   udiff=  8.7562E-05 ( 67, 14)   vdiff=  1.4654E-04 ( 59, 21)
n=  5712   udiff=  8.7478E-05 ( 67, 14)   vdiff=  1.4600E-04 ( 59, 21)
n=  5713   udiff=  8.7255E-05 ( 67, 14)   vdiff=  1.4556E-04 ( 59, 21)
n=  5714   udiff=  8.7027E-05 ( 67, 14)   vdiff=  1.4511E-04 ( 59, 21)
n=  5715   udiff=  8.6909E-05 ( 67, 14)   vdiff=  1.4468E-04 ( 59, 21)
n=  5716   udiff=  8.6639E-05 ( 67, 14)   vdiff=  1.4431E-04 ( 59, 21)
n=  5717   udiff=  8.6578E-05 ( 67, 14)   vdiff=  1.4390E-04 ( 59, 21)
n=  5718   udiff=  8.6245E-05 ( 67, 14)   vdiff=  1.4369E-04 ( 59, 21)
n=  5719   udiff=  8.6033E-05 ( 67, 14)   vdiff=  1.4318E-04 ( 59, 21)
n=  5720   udiff=  8.5952E-05 ( 67, 14)   vdiff=  1.4278E-04 ( 59, 21)
n=  5721   udiff=  8.5689E-05 ( 67, 14)   vdiff=  1.4236E-04 ( 59, 21)
n=  5722   udiff=  8.5599E-05 ( 67, 14)   vdiff=  1.4189E-04 ( 59, 21)
n=  5723   udiff=  8.5323E-05 ( 67, 14)   vdiff=  1.4178E-04 ( 59, 21)
n=  5724   udiff=  8.5206E-05 ( 67, 14)   vdiff=  1.4124E-04 ( 59, 21)
n=  5725   udiff=  8.4984E-05 ( 67, 14)   vdiff=  1.4072E-04 ( 59, 21)
n=  5726   udiff=  8.4811E-05 ( 67, 14)   vdiff=  1.4027E-04 ( 59, 21)
n=  5727   udiff=  8.4676E-05 ( 67, 14)   vdiff=  1.4012E-04 ( 59, 21)
n=  5728   udiff=  8.4323E-05 ( 67, 14)   vdiff=  1.3964E-04 ( 59, 21)
n=  5729   udiff=  8.4295E-05 ( 67, 14)   vdiff=  1.3914E-04 ( 59, 21)
n=  5730   udiff=  8.4000E-05 ( 67, 14)   vdiff=  1.3887E-04 ( 59, 21)
n=  5731   udiff=  8.3879E-05 ( 67, 14)   vdiff=  1.3853E-04 ( 59, 21)
n=  5732   udiff=  8.3743E-05 ( 67, 14)   vdiff=  1.3796E-04 ( 59, 21)
n=  5733   udiff=  8.3587E-05 ( 67, 14)   vdiff=  1.3764E-04 ( 59, 21)
n=  5734   udiff=  8.3353E-05 ( 67, 14)   vdiff=  1.3728E-04 ( 59, 21)
n=  5735   udiff=  8.3104E-05 ( 67, 14)   vdiff=  1.3674E-04 ( 59, 21)
n=  5736   udiff=  8.2946E-05 ( 67, 14)   vdiff=  1.3654E-04 ( 59, 21)
n=  5737   udiff=  8.2699E-05 ( 67, 14)   vdiff=  1.3608E-04 ( 59, 21)
n=  5738   udiff=  8.2607E-05 ( 67, 14)   vdiff=  1.3580E-04 ( 59, 21)
n=  5739   udiff=  8.2438E-05 ( 67, 14)   vdiff=  1.3534E-04 ( 59, 21)
n=  5740   udiff=  8.2274E-05 ( 67, 14)   vdiff=  1.3506E-04 ( 59, 21)
n=  5741   udiff=  8.2041E-05 ( 67, 14)   vdiff=  1.3449E-04 ( 59, 21)
n=  5742   udiff=  8.1881E-05 ( 67, 14)   vdiff=  1.3435E-04 ( 59, 21)
n=  5743   udiff=  8.1658E-05 ( 67, 14)   vdiff=  1.3379E-04 ( 59, 21)
n=  5744   udiff=  8.1474E-05 ( 67, 14)   vdiff=  1.3353E-04 ( 59, 21)
n=  5745   udiff=  8.1269E-05 ( 67, 14)   vdiff=  1.3309E-04 ( 59, 21)
n=  5746   udiff=  8.1078E-05 ( 67, 14)   vdiff=  1.3282E-04 ( 59, 21)
n=  5747   udiff=  8.0953E-05 ( 67, 14)   vdiff=  1.3226E-04 ( 59, 21)
n=  5748   udiff=  8.0685E-05 ( 67, 14)   vdiff=  1.3187E-04 ( 59, 21)
n=  5749   udiff=  8.0659E-05 ( 67, 14)   vdiff=  1.3135E-04 ( 59, 21)
n=  5750   udiff=  8.0350E-05 ( 67, 14)   vdiff=  1.3114E-04 ( 59, 21)
n=  5751   udiff=  8.0266E-05 ( 67, 14)   vdiff=  1.3063E-04 ( 59, 21)
n=  5752   udiff=  7.9989E-05 ( 67, 14)   vdiff=  1.3031E-04 ( 59, 21)
n=  5753   udiff=  7.9854E-05 ( 67, 14)   vdiff=  1.3007E-04 ( 59, 21)
n=  5754   udiff=  7.9619E-05 ( 67, 14)   vdiff=  1.2951E-04 ( 59, 21)
n=  5755   udiff=  7.9543E-05 ( 67, 14)   vdiff=  1.2921E-04 ( 59, 21)
n=  5756   udiff=  7.9334E-05 ( 67, 14)   vdiff=  1.2891E-04 ( 59, 21)
n=  5757   udiff=  7.9197E-05 ( 67, 14)   vdiff=  1.2842E-04 ( 59, 21)
n=  5758   udiff=  7.8901E-05 ( 67, 14)   vdiff=  1.2811E-04 ( 59, 21)
n=  5759   udiff=  7.8678E-05 ( 67, 14)   vdiff=  1.2778E-04 ( 59, 21)
n=  5760   udiff=  7.8574E-05 ( 67, 14)   vdiff=  1.2736E-04 ( 59, 21)
n=  5761   udiff=  7.8320E-05 ( 67, 14)   vdiff=  1.2695E-04 ( 59, 21)
n=  5762   udiff=  7.8230E-05 ( 67, 14)   vdiff=  1.2657E-04 ( 59, 21)
n=  5763   udiff=  7.7953E-05 ( 67, 14)   vdiff=  1.2643E-04 ( 59, 21)
n=  5764   udiff=  7.7899E-05 ( 67, 14)   vdiff=  1.2574E-04 ( 59, 21)
n=  5765   udiff=  7.7678E-05 ( 67, 14)   vdiff=  1.2551E-04 ( 59, 21)
n=  5766   udiff=  7.7534E-05 ( 67, 14)   vdiff=  1.2515E-04 ( 59, 21)
n=  5767   udiff=  7.7295E-05 ( 67, 14)   vdiff=  1.2472E-04 ( 59, 21)
n=  5768   udiff=  7.7092E-05 ( 67, 14)   vdiff=  1.2446E-04 ( 59, 21)
n=  5769   udiff=  7.6926E-05 ( 67, 14)   vdiff=  1.2391E-04 ( 59, 21)
n=  5770   udiff=  7.6761E-05 ( 67, 14)   vdiff=  1.2358E-04 ( 59, 21)
n=  5771   udiff=  7.6566E-05 ( 67, 14)   vdiff=  1.2324E-04 ( 59, 21)
n=  5772   udiff=  7.6447E-05 ( 67, 14)   vdiff=  1.2282E-04 ( 59, 21)
n=  5773   udiff=  7.6232E-05 ( 67, 14)   vdiff=  1.2258E-04 ( 59, 21)
n=  5774   udiff=  7.6089E-05 ( 67, 14)   vdiff=  1.2223E-04 ( 59, 21)
n=  5775   udiff=  7.5829E-05 ( 67, 14)   vdiff=  1.2188E-04 ( 59, 21)
n=  5776   udiff=  7.5698E-05 ( 67, 14)   vdiff=  1.2149E-04 ( 59, 21)
n=  5777   udiff=  7.5521E-05 ( 67, 14)   vdiff=  1.2115E-04 ( 59, 21)
n=  5778   udiff=  7.5385E-05 ( 67, 14)   vdiff=  1.2062E-04 ( 59, 21)
n=  5779   udiff=  7.5150E-05 ( 67, 14)   vdiff=  1.2025E-04 ( 59, 21)
n=  5780   udiff=  7.5034E-05 ( 67, 14)   vdiff=  1.1984E-04 ( 59, 21)
n=  5781   udiff=  7.4771E-05 ( 67, 14)   vdiff=  1.1948E-04 ( 59, 21)
n=  5782   udiff=  7.4703E-05 ( 67, 14)   vdiff=  1.1910E-04 ( 59, 21)
n=  5783   udiff=  7.4409E-05 ( 67, 14)   vdiff=  1.1886E-04 ( 59, 21)
n=  5784   udiff=  7.4290E-05 ( 67, 14)   vdiff=  1.1840E-04 ( 59, 21)
n=  5785   udiff=  7.4051E-05 ( 67, 14)   vdiff=  1.1804E-04 ( 59, 21)
n=  5786   udiff=  7.4009E-05 ( 67, 14)   vdiff=  1.1775E-04 ( 59, 21)
n=  5787   udiff=  7.3647E-05 ( 67, 14)   vdiff=  1.1740E-04 ( 59, 21)
n=  5788   udiff=  7.3571E-05 ( 67, 14)   vdiff=  1.1723E-04 ( 59, 21)
n=  5789   udiff=  7.3350E-05 ( 67, 14)   vdiff=  1.1686E-04 ( 59, 21)
n=  5790   udiff=  7.3269E-05 ( 67, 14)   vdiff=  1.1646E-04 ( 59, 21)
n=  5791   udiff=  7.3017E-05 ( 67, 14)   vdiff=  1.1609E-04 ( 59, 21)
n=  5792   udiff=  7.2882E-05 ( 67, 14)   vdiff=  1.1565E-04 ( 59, 21)
n=  5793   udiff=  7.2601E-05 ( 67, 14)   vdiff=  1.1529E-04 ( 59, 21)
n=  5794   udiff=  7.2522E-05 ( 67, 14)   vdiff=  1.1497E-04 ( 59, 21)
n=  5795   udiff=  7.2279E-05 ( 67, 14)   vdiff=  1.1451E-04 ( 59, 21)
n=  5796   udiff=  7.2149E-05 ( 67, 14)   vdiff=  1.1418E-04 ( 59, 21)
n=  5797   udiff=  7.1936E-05 ( 67, 14)   vdiff=  1.1401E-04 ( 59, 21)
n=  5798   udiff=  7.1836E-05 ( 67, 14)   vdiff=  1.1356E-04 ( 59, 21)
n=  5799   udiff=  7.1619E-05 ( 67, 14)   vdiff=  1.1321E-04 ( 59, 20)
n=  5800   udiff=  7.1401E-05 ( 67, 14)   vdiff=  1.1281E-04 ( 59, 21)
n=  5801   udiff=  7.1204E-05 ( 67, 14)   vdiff=  1.1236E-04 ( 59, 21)
n=  5802   udiff=  7.1102E-05 ( 67, 14)   vdiff=  1.1218E-04 ( 59, 21)
n=  5803   udiff=  7.0881E-05 ( 67, 14)   vdiff=  1.1174E-04 ( 59, 21)
n=  5804   udiff=  7.0698E-05 ( 67, 14)   vdiff=  1.1130E-04 ( 59, 20)
n=  5805   udiff=  7.0480E-05 ( 67, 14)   vdiff=  1.1097E-04 ( 59, 21)
n=  5806   udiff=  7.0415E-05 ( 67, 14)   vdiff=  1.1069E-04 ( 59, 21)
n=  5807   udiff=  7.0260E-05 ( 67, 14)   vdiff=  1.1048E-04 ( 59, 21)
n=  5808   udiff=  7.0055E-05 ( 67, 14)   vdiff=  1.0997E-04 ( 59, 20)
n=  5809   udiff=  6.9971E-05 ( 67, 14)   vdiff=  1.0974E-04 ( 59, 21)
n=  5810   udiff=  6.9641E-05 ( 67, 14)   vdiff=  1.0929E-04 ( 59, 21)
n=  5811   udiff=  6.9521E-05 ( 67, 14)   vdiff=  1.0902E-04 ( 59, 20)
n=  5812   udiff=  6.9327E-05 ( 67, 14)   vdiff=  1.0871E-04 ( 59, 21)
n=  5813   udiff=  6.9232E-05 ( 67, 14)   vdiff=  1.0826E-04 ( 59, 21)
n=  5814   udiff=  6.8967E-05 ( 67, 14)   vdiff=  1.0789E-04 ( 59, 21)
n=  5815   udiff=  6.8834E-05 ( 67, 14)   vdiff=  1.0763E-04 ( 59, 21)
n=  5816   udiff=  6.8605E-05 ( 67, 14)   vdiff=  1.0736E-04 ( 59, 20)
n=  5817   udiff=  6.8484E-05 ( 67, 14)   vdiff=  1.0683E-04 ( 59, 20)
n=  5818   udiff=  6.8274E-05 ( 67, 14)   vdiff=  1.0660E-04 ( 59, 21)
n=  5819   udiff=  6.8137E-05 ( 67, 14)   vdiff=  1.0621E-04 ( 59, 20)
n=  5820   udiff=  6.8015E-05 ( 67, 14)   vdiff=  1.0593E-04 ( 59, 21)
n=  5821   udiff=  6.7813E-05 ( 67, 14)   vdiff=  1.0549E-04 ( 59, 20)
n=  5822   udiff=  6.7642E-05 ( 67, 14)   vdiff=  1.0523E-04 ( 59, 21)
n=  5823   udiff=  6.7443E-05 ( 67, 14)   vdiff=  1.0490E-04 ( 59, 20)
n=  5824   udiff=  6.7261E-05 ( 67, 14)   vdiff=  1.0453E-04 ( 59, 21)
n=  5825   udiff=  6.7133E-05 ( 67, 14)   vdiff=  1.0433E-04 ( 59, 20)
n=  5826   udiff=  6.6919E-05 ( 67, 14)   vdiff=  1.0394E-04 ( 59, 21)
n=  5827   udiff=  6.6698E-05 ( 68, 14)   vdiff=  1.0355E-04 ( 59, 20)
n=  5828   udiff=  6.6621E-05 ( 67, 14)   vdiff=  1.0316E-04 ( 59, 21)
n=  5829   udiff=  6.6446E-05 ( 68, 14)   vdiff=  1.0293E-04 ( 59, 20)
n=  5830   udiff=  6.6337E-05 ( 68, 14)   vdiff=  1.0252E-04 ( 59, 21)
n=  5831   udiff=  6.6170E-05 ( 67, 14)   vdiff=  1.0233E-04 ( 59, 20)
n=  5832   udiff=  6.5947E-05 ( 68, 14)   vdiff=  1.0177E-04 ( 59, 21)
n=  5833   udiff=  6.5884E-05 ( 68, 14)   vdiff=  1.0158E-04 ( 59, 20)
n=  5834   udiff=  6.5603E-05 ( 68, 14)   vdiff=  1.0137E-04 ( 59, 20)
n=  5835   udiff=  6.5464E-05 ( 68, 14)   vdiff=  1.0086E-04 ( 59, 21)
n=  5836   udiff=  6.5347E-05 ( 68, 14)   vdiff=  1.0066E-04 ( 59, 20)
n=  5837   udiff=  6.5107E-05 ( 67, 14)   vdiff=  1.0011E-04 ( 59, 21)
n=  5838   udiff=  6.5030E-05 ( 68, 14)   vdiff=  9.9978E-05 ( 59, 20)
n=  5839   udiff=  6.4909E-05 ( 68, 14)   vdiff=  9.9612E-05 ( 59, 20)
n=  5840   udiff=  6.4629E-05 ( 68, 14)   vdiff=  9.9132E-05 ( 59, 20)
n=  5841   udiff=  6.4512E-05 ( 68, 14)   vdiff=  9.9002E-05 ( 59, 20)
n=  5842   udiff=  6.4385E-05 ( 68, 14)   vdiff=  9.8616E-05 ( 59, 20)
n=  5843   udiff=  6.4134E-05 ( 68, 14)   vdiff=  9.8135E-05 ( 59, 20)
n=  5844   udiff=  6.4011E-05 ( 68, 14)   vdiff=  9.7984E-05 ( 59, 20)
n=  5845   udiff=  6.3890E-05 ( 68, 14)   vdiff=  9.7620E-05 ( 59, 20)
n=  5846   udiff=  6.3653E-05 ( 68, 14)   vdiff=  9.7500E-05 ( 59, 20)
n=  5847   udiff=  6.3541E-05 ( 68, 14)   vdiff=  9.6855E-05 ( 59, 20)
n=  5848   udiff=  6.3371E-05 ( 68, 14)   vdiff=  9.6736E-05 ( 59, 20)
n=  5849   udiff=  6.3132E-05 ( 68, 14)   vdiff=  9.6329E-05 ( 59, 20)
n=  5850   udiff=  6.3010E-05 ( 68, 14)   vdiff=  9.6158E-05 ( 59, 20)
n=  5851   udiff=  6.2910E-05 ( 68, 14)   vdiff=  9.5677E-05 ( 59, 20)
n=  5852   udiff=  6.2733E-05 ( 68, 14)   vdiff=  9.5424E-05 ( 59, 20)
n=  5853   udiff=  6.2534E-05 ( 68, 14)   vdiff=  9.5065E-05 ( 59, 20)
n=  5854   udiff=  6.2412E-05 ( 68, 14)   vdiff=  9.4851E-05 ( 59, 20)
n=  5855   udiff=  6.2339E-05 ( 68, 14)   vdiff=  9.4485E-05 ( 59, 20)
n=  5856   udiff=  6.2048E-05 ( 68, 14)   vdiff=  9.4100E-05 ( 59, 20)
n=  5857   udiff=  6.1924E-05 ( 68, 14)   vdiff=  9.3768E-05 ( 59, 20)
n=  5858   udiff=  6.1821E-05 ( 68, 14)   vdiff=  9.3559E-05 ( 59, 20)
n=  5859   udiff=  6.1548E-05 ( 68, 14)   vdiff=  9.3156E-05 ( 59, 20)
n=  5860   udiff=  6.1466E-05 ( 68, 14)   vdiff=  9.2864E-05 ( 59, 20)
n=  5861   udiff=  6.1358E-05 ( 68, 14)   vdiff=  9.2608E-05 ( 59, 20)
n=  5862   udiff=  6.1011E-05 ( 68, 14)   vdiff=  9.2382E-05 ( 59, 20)
n=  5863   udiff=  6.0974E-05 ( 68, 14)   vdiff=  9.1838E-05 ( 59, 20)
n=  5864   udiff=  6.0849E-05 ( 68, 14)   vdiff=  9.1519E-05 ( 59, 20)
n=  5865   udiff=  6.0675E-05 ( 68, 14)   vdiff=  9.1255E-05 ( 59, 20)
n=  5866   udiff=  6.0519E-05 ( 68, 14)   vdiff=  9.0915E-05 ( 59, 20)
n=  5867   udiff=  6.0317E-05 ( 68, 14)   vdiff=  9.0638E-05 ( 59, 20)
n=  5868   udiff=  6.0231E-05 ( 68, 14)   vdiff=  9.0318E-05 ( 59, 20)
n=  5869   udiff=  5.9999E-05 ( 68, 14)   vdiff=  9.0021E-05 ( 59, 20)
n=  5870   udiff=  5.9844E-05 ( 68, 14)   vdiff=  8.9818E-05 ( 59, 20)
n=  5871   udiff=  5.9778E-05 ( 68, 14)   vdiff=  8.9518E-05 ( 59, 20)
n=  5872   udiff=  5.9458E-05 ( 68, 14)   vdiff=  8.9155E-05 ( 59, 20)
n=  5873   udiff=  5.9374E-05 ( 68, 14)   vdiff=  8.8872E-05 ( 59, 20)
n=  5874   udiff=  5.9275E-05 ( 68, 14)   vdiff=  8.8522E-05 ( 59, 20)
n=  5875   udiff=  5.9155E-05 ( 68, 14)   vdiff=  8.8274E-05 ( 59, 20)
n=  5876   udiff=  5.8908E-05 ( 68, 14)   vdiff=  8.7916E-05 ( 59, 20)
n=  5877   udiff=  5.8734E-05 ( 68, 14)   vdiff=  8.7611E-05 ( 59, 20)
n=  5878   udiff=  5.8669E-05 ( 68, 14)   vdiff=  8.7355E-05 ( 59, 20)
n=  5879   udiff=  5.8429E-05 ( 68, 14)   vdiff=  8.6947E-05 ( 59, 20)
n=  5880   udiff=  5.8273E-05 ( 68, 14)   vdiff=  8.6633E-05 ( 59, 20)
n=  5881   udiff=  5.8172E-05 ( 68, 14)   vdiff=  8.6572E-05 ( 59, 20)
n=  5882   udiff=  5.8008E-05 ( 68, 14)   vdiff=  8.6198E-05 ( 59, 20)
n=  5883   udiff=  5.7824E-05 ( 68, 14)   vdiff=  8.6011E-05 ( 59, 20)
n=  5884   udiff=  5.7673E-05 ( 68, 14)   vdiff=  8.5603E-05 ( 59, 20)
n=  5885   udiff=  5.7582E-05 ( 68, 14)   vdiff=  8.5302E-05 ( 59, 20)
n=  5886   udiff=  5.7319E-05 ( 68, 14)   vdiff=  8.4927E-05 ( 59, 20)
n=  5887   udiff=  5.7181E-05 ( 68, 14)   vdiff=  8.4553E-05 ( 59, 20)
n=  5888   udiff=  5.7082E-05 ( 68, 14)   vdiff=  8.4197E-05 ( 59, 20)
n=  5889   udiff=  5.6955E-05 ( 68, 14)   vdiff=  8.3977E-05 ( 59, 20)
n=  5890   udiff=  5.6735E-05 ( 68, 14)   vdiff=  8.3837E-05 ( 59, 20)
n=  5891   udiff=  5.6594E-05 ( 68, 14)   vdiff=  8.3448E-05 ( 59, 20)
n=  5892   udiff=  5.6463E-05 ( 68, 14)   vdiff=  8.3019E-05 ( 59, 20)
n=  5893   udiff=  5.6231E-05 ( 68, 14)   vdiff=  8.2815E-05 ( 59, 20)
n=  5894   udiff=  5.6097E-05 ( 68, 14)   vdiff=  8.2722E-05 ( 59, 20)
n=  5895   udiff=  5.6053E-05 ( 68, 14)   vdiff=  8.2342E-05 ( 59, 20)
n=  5896   udiff=  5.5921E-05 ( 68, 14)   vdiff=  8.1974E-05 ( 59, 20)
n=  5897   udiff=  5.5633E-05 ( 68, 14)   vdiff=  8.1622E-05 ( 59, 20)
n=  5898   udiff=  5.5519E-05 ( 68, 14)   vdiff=  8.1450E-05 ( 59, 20)
n=  5899   udiff=  5.5362E-05 ( 68, 14)   vdiff=  8.1123E-05 ( 59, 20)
n=  5900   udiff=  5.5335E-05 ( 68, 14)   vdiff=  8.0778E-05 ( 59, 20)
n=  5901   udiff=  5.5046E-05 ( 69, 14)   vdiff=  8.0518E-05 ( 59, 20)
n=  5902   udiff=  5.4928E-05 ( 68, 14)   vdiff=  8.0289E-05 ( 59, 20)
n=  5903   udiff=  5.4812E-05 ( 68, 14)   vdiff=  7.9950E-05 ( 59, 20)
n=  5904   udiff=  5.4620E-05 ( 69, 14)   vdiff=  7.9561E-05 ( 59, 20)
n=  5905   udiff=  5.4478E-05 ( 68, 14)   vdiff=  7.9407E-05 ( 59, 20)
n=  5906   udiff=  5.4409E-05 ( 68, 14)   vdiff=  7.9084E-05 ( 59, 20)
n=  5907   udiff=  5.4198E-05 ( 68, 14)   vdiff=  7.8831E-05 ( 59, 20)
n=  5908   udiff=  5.4004E-05 ( 77, 13)   vdiff=  7.8665E-05 ( 59, 20)
n=  5909   udiff=  5.3879E-05 ( 77, 13)   vdiff=  7.8166E-05 ( 59, 20)
n=  5910   udiff=  5.3843E-05 ( 76, 13)   vdiff=  7.7859E-05 ( 59, 20)
n=  5911   udiff=  5.3697E-05 ( 76, 13)   vdiff=  7.7722E-05 ( 59, 20)
n=  5912   udiff=  5.3608E-05 ( 76, 13)   vdiff=  7.7297E-05 ( 59, 20)
n=  5913   udiff=  5.3501E-05 ( 77, 13)   vdiff=  7.7223E-05 ( 59, 20)
n=  5914   udiff=  5.3390E-05 ( 76, 13)   vdiff=  7.6794E-05 ( 59, 20)
n=  5915   udiff=  5.3273E-05 ( 77, 13)   vdiff=  7.6535E-05 ( 59, 20)
n=  5916   udiff=  5.3227E-05 ( 76, 13)   vdiff=  7.6339E-05 ( 59, 20)
n=  5917   udiff=  5.3127E-05 ( 76, 13)   vdiff=  7.5765E-05 ( 59, 20)
n=  5918   udiff=  5.3032E-05 ( 77, 13)   vdiff=  7.5776E-05 ( 59, 20)
n=  5919   udiff=  5.2922E-05 ( 77, 13)   vdiff=  7.5375E-05 ( 59, 20)
n=  5920   udiff=  5.2810E-05 ( 77, 13)   vdiff=  7.5226E-05 ( 59, 20)
n=  5921   udiff=  5.2703E-05 ( 77, 13)   vdiff=  7.4998E-05 ( 59, 20)
n=  5922   udiff=  5.2660E-05 ( 77, 13)   vdiff=  7.4582E-05 ( 59, 20)
n=  5923   udiff=  5.2551E-05 ( 77, 13)   vdiff=  7.4345E-05 ( 59, 20)
n=  5924   udiff=  5.2447E-05 ( 77, 13)   vdiff=  7.4146E-05 ( 59, 20)
n=  5925   udiff=  5.2339E-05 ( 77, 13)   vdiff=  7.3817E-05 ( 59, 20)
n=  5926   udiff=  5.2219E-05 ( 77, 13)   vdiff=  7.3634E-05 ( 59, 20)
n=  5927   udiff=  5.2184E-05 ( 77, 13)   vdiff=  7.3211E-05 ( 59, 20)
n=  5928   udiff=  5.2074E-05 ( 77, 13)   vdiff=  7.2907E-05 ( 59, 20)
n=  5929   udiff=  5.1953E-05 ( 77, 13)   vdiff=  7.2561E-05 ( 59, 20)
n=  5930   udiff=  5.1802E-05 ( 77, 13)   vdiff=  7.2360E-05 ( 59, 20)
n=  5931   udiff=  5.1757E-05 ( 77, 13)   vdiff=  7.2281E-05 ( 59, 20)
n=  5932   udiff=  5.1642E-05 ( 77, 13)   vdiff=  7.1810E-05 ( 59, 20)
n=  5933   udiff=  5.1542E-05 ( 77, 13)   vdiff=  7.1709E-05 ( 59, 20)
n=  5934   udiff=  5.1439E-05 ( 77, 13)   vdiff=  7.1253E-05 ( 59, 20)
n=  5935   udiff=  5.1395E-05 ( 77, 13)   vdiff=  7.0947E-05 ( 59, 20)
n=  5936   udiff=  5.1260E-05 ( 77, 13)   vdiff=  7.0866E-05 ( 59, 20)
n=  5937   udiff=  5.1151E-05 ( 77, 13)   vdiff=  7.0437E-05 ( 59, 20)
n=  5938   udiff=  5.1064E-05 ( 77, 13)   vdiff=  7.0290E-05 ( 59, 20)
n=  5939   udiff=  5.0995E-05 ( 77, 13)   vdiff=  6.9908E-05 ( 59, 20)
n=  5940   udiff=  5.0884E-05 ( 77, 13)   vdiff=  6.9780E-05 ( 59, 20)
n=  5941   udiff=  5.0784E-05 ( 77, 13)   vdiff=  6.9345E-05 ( 59, 20)
n=  5942   udiff=  5.0663E-05 ( 77, 13)   vdiff=  6.9022E-05 ( 59, 20)
n=  5943   udiff=  5.0634E-05 ( 77, 13)   vdiff=  6.8886E-05 ( 59, 20)
n=  5944   udiff=  5.0507E-05 ( 77, 13)   vdiff=  6.8691E-05 ( 59, 20)
n=  5945   udiff=  5.0410E-05 ( 77, 13)   vdiff=  6.8200E-05 ( 59, 20)
n=  5946   udiff=  5.0281E-05 ( 77, 13)   vdiff=  6.8107E-05 ( 59, 20)
n=  5947   udiff=  5.0246E-05 ( 77, 13)   vdiff=  6.7931E-05 ( 59, 20)
n=  5948   udiff=  5.0136E-05 ( 77, 13)   vdiff=  6.7738E-05 ( 59, 20)
n=  5949   udiff=  5.0020E-05 ( 78, 13)   vdiff=  6.7194E-05 ( 59, 20)
n=  5950   udiff=  4.9881E-05 ( 77, 13)   vdiff=  6.7079E-05 ( 59, 20)
n=  5951   udiff=  4.9836E-05 ( 77, 13)   vdiff=  6.6743E-05 ( 59, 20)
n=  5952   udiff=  4.9706E-05 ( 77, 13)   vdiff=  6.6456E-05 ( 59, 20)
n=  5953   udiff=  4.9586E-05 ( 78, 13)   vdiff=  6.6023E-05 ( 59, 20)
n=  5954   udiff=  4.9466E-05 ( 78, 13)   vdiff=  6.5913E-05 ( 59, 20)
n=  5955   udiff=  4.9449E-05 ( 78, 13)   vdiff=  6.5701E-05 ( 59, 20)
n=  5956   udiff=  4.9342E-05 ( 78, 13)   vdiff=  6.5489E-05 ( 59, 20)
n=  5957   udiff=  4.9228E-05 ( 78, 13)   vdiff=  6.5352E-05 ( 59, 20)
n=  5958   udiff=  4.9172E-05 ( 78, 13)   vdiff=  6.4804E-05 ( 59, 20)
n=  5959   udiff=  4.9062E-05 ( 78, 13)   vdiff=  6.4701E-05 ( 59, 20)
n=  5960   udiff=  4.8950E-05 ( 78, 13)   vdiff=  6.4423E-05 ( 59, 20)
n=  5961   udiff=  4.8905E-05 ( 78, 13)   vdiff=  6.4174E-05 ( 59, 20)
n=  5962   udiff=  4.8806E-05 ( 78, 13)   vdiff=  6.4028E-05 ( 59, 20)
n=  5963   udiff=  4.8698E-05 ( 78, 13)   vdiff=  6.3774E-05 ( 59, 20)
n=  5964   udiff=  4.8648E-05 ( 78, 13)   vdiff=  6.3269E-05 ( 59, 20)
n=  5965   udiff=  4.8502E-05 ( 78, 13)   vdiff=  6.3069E-05 ( 59, 20)
n=  5966   udiff=  4.8422E-05 ( 78, 13)   vdiff=  6.2827E-05 ( 59, 20)
n=  5967   udiff=  4.8380E-05 ( 78, 13)   vdiff=  6.2624E-05 ( 59, 20)
n=  5968   udiff=  4.8252E-05 ( 78, 13)   vdiff=  6.2529E-05 ( 59, 20)
n=  5969   udiff=  4.8176E-05 ( 78, 13)   vdiff=  6.2201E-05 ( 59, 20)
n=  5970   udiff=  4.8073E-05 ( 78, 13)   vdiff=  6.1928E-05 ( 59, 20)
n=  5971   udiff=  4.7955E-05 ( 78, 13)   vdiff=  6.1829E-05 ( 59, 20)
n=  5972   udiff=  4.7836E-05 ( 78, 13)   vdiff=  6.1517E-05 ( 59, 20)
n=  5973   udiff=  4.7799E-05 ( 78, 13)   vdiff=  6.1203E-05 ( 59, 20)
n=  5974   udiff=  4.7691E-05 ( 78, 13)   vdiff=  6.0808E-05 ( 59, 20)
n=  5975   udiff=  4.7563E-05 ( 78, 13)   vdiff=  6.0538E-05 ( 59, 20)
n=  5976   udiff=  4.7528E-05 ( 78, 13)   vdiff=  6.0294E-05 ( 59, 20)
n=  5977   udiff=  4.7439E-05 ( 78, 13)   vdiff=  6.0059E-05 ( 59, 20)
n=  5978   udiff=  4.7297E-05 ( 78, 13)   vdiff=  5.9865E-05 ( 59, 20)
n=  5979   udiff=  4.7274E-05 ( 78, 13)   vdiff=  5.9528E-05 ( 59, 20)
n=  5980   udiff=  4.7160E-05 ( 78, 13)   vdiff=  5.9287E-05 ( 59, 20)
n=  5981   udiff=  4.7030E-05 ( 78, 13)   vdiff=  5.9048E-05 ( 59, 20)
n=  5982   udiff=  4.7012E-05 ( 78, 13)   vdiff=  5.8764E-05 ( 59, 20)
n=  5983   udiff=  4.6867E-05 ( 78, 13)   vdiff=  5.8548E-05 ( 59, 20)
n=  5984   udiff=  4.6746E-05 ( 78, 13)   vdiff=  5.8348E-05 ( 59, 20)
n=  5985   udiff=  4.6723E-05 ( 78, 13)   vdiff=  5.8255E-05 ( 59, 20)
n=  5986   udiff=  4.6602E-05 ( 78, 13)   vdiff=  5.8130E-05 ( 59, 20)
n=  5987   udiff=  4.6525E-05 ( 79, 13)   vdiff=  5.7707E-05 ( 59, 20)
n=  5988   udiff=  4.6450E-05 ( 78, 13)   vdiff=  5.7588E-05 ( 59, 20)
n=  5989   udiff=  4.6332E-05 ( 79, 13)   vdiff=  5.7382E-05 ( 59, 20)
n=  5990   udiff=  4.6283E-05 ( 79, 13)   vdiff=  5.7081E-05 ( 59, 20)
n=  5991   udiff=  4.6173E-05 ( 79, 13)   vdiff=  5.6881E-05 ( 59, 20)
n=  5992   udiff=  4.6091E-05 ( 79, 13)   vdiff=  5.6603E-05 ( 59, 20)
n=  5993   udiff=  4.5995E-05 ( 79, 13)   vdiff=  5.6282E-05 ( 59, 20)
n=  5994   udiff=  4.5876E-05 ( 79, 13)   vdiff=  5.5999E-05 ( 59, 20)
n=  5995   udiff=  4.5839E-05 ( 79, 13)   vdiff=  5.5624E-05 ( 59, 20)
n=  5996   udiff=  4.5743E-05 ( 79, 13)   vdiff=  5.5474E-05 ( 59, 20)
n=  5997   udiff=  4.5686E-05 ( 79, 13)   vdiff=  5.5443E-05 ( 59, 20)
n=  5998   udiff=  4.5571E-05 ( 79, 13)   vdiff=  5.5201E-05 ( 59, 20)
n=  5999   udiff=  4.5457E-05 ( 79, 13)   vdiff=  5.4997E-05 ( 59, 20)
n=  6000   udiff=  4.5426E-05 ( 79, 13)   vdiff=  5.4632E-05 ( 59, 20)
n=  6001   udiff=  4.5287E-05 ( 79, 13)   vdiff=  5.4332E-05 ( 59, 20)
n=  6002   udiff=  4.5259E-05 ( 79, 13)   vdiff=  5.4033E-05 ( 59, 20)
n=  6003   udiff=  4.5119E-05 ( 79, 13)   vdiff=  5.4062E-05 ( 59, 20)
n=  6004   udiff=  4.5053E-05 ( 79, 13)   vdiff=  5.3622E-05 ( 59, 20)
n=  6005   udiff=  4.4987E-05 ( 79, 13)   vdiff=  5.3359E-05 ( 59, 20)
n=  6006   udiff=  4.4887E-05 ( 79, 13)   vdiff=  5.3223E-05 ( 59, 20)
n=  6007   udiff=  4.4820E-05 ( 79, 13)   vdiff=  5.2982E-05 ( 59, 20)
n=  6008   udiff=  4.4707E-05 ( 79, 13)   vdiff=  5.2941E-05 ( 59, 20)
n=  6009   udiff=  4.4608E-05 ( 80, 13)   vdiff=  5.2575E-05 ( 59, 20)
n=  6010   udiff=  4.4537E-05 ( 79, 13)   vdiff=  5.2170E-05 ( 59, 20)
n=  6011   udiff=  4.4449E-05 ( 80, 13)   vdiff=  5.2030E-05 ( 59, 20)
n=  6012   udiff=  4.4372E-05 ( 79, 13)   vdiff=  5.1943E-05 ( 59, 20)
n=  6013   udiff=  4.4280E-05 ( 80, 13)   vdiff=  5.1745E-05 ( 59, 20)
n=  6014   udiff=  4.4177E-05 ( 80, 13)   vdiff=  5.1433E-05 ( 59, 20)
n=  6015   udiff=  4.4161E-05 ( 80, 13)   vdiff=  5.1083E-05 ( 59, 20)
n=  6016   udiff=  4.4014E-05 ( 80, 13)   vdiff=  5.1004E-05 ( 59, 20)
n=  6017   udiff=  4.3947E-05 ( 79, 13)   vdiff=  5.0613E-05 ( 59, 20)
n=  6018   udiff=  4.3855E-05 ( 80, 13)   vdiff=  5.0360E-05 ( 59, 20)
n=  6019   udiff=  4.3775E-05 ( 79, 13)   vdiff=  5.0435E-05 ( 59, 20)
n=  6020   udiff=  4.3704E-05 ( 80, 13)   vdiff=  5.0065E-05 ( 59, 20)
n=  6021   udiff=  4.3592E-05 ( 80, 13)   vdiff=  4.9743E-05 ( 59, 20)
n=  6022   udiff=  4.3557E-05 ( 80, 13)   vdiff=  4.9399E-05 ( 59, 20)
n=  6023   udiff=  4.3449E-05 ( 80, 13)   vdiff=  4.9483E-05 ( 59, 20)
n=  6024   udiff=  4.3395E-05 ( 80, 13)   vdiff=  4.9151E-05 ( 59, 20)
n=  6025   udiff=  4.3295E-05 ( 80, 13)   vdiff=  4.9089E-05 ( 59, 20)
n=  6026   udiff=  4.3242E-05 ( 80, 13)   vdiff=  4.8819E-05 ( 59, 20)
n=  6027   udiff=  4.3130E-05 ( 80, 13)   vdiff=  4.8444E-05 ( 59, 20)
n=  6028   udiff=  4.2993E-05 ( 80, 13)   vdiff=  4.8288E-05 ( 59, 20)
n=  6029   udiff=  4.2973E-05 ( 80, 13)   vdiff=  4.8123E-05 ( 59, 20)
n=  6030   udiff=  4.2862E-05 ( 80, 13)   vdiff=  4.7811E-05 ( 59, 20)
n=  6031   udiff=  4.2838E-05 ( 80, 13)   vdiff=  4.7710E-05 ( 59, 20)
n=  6032   udiff=  4.2699E-05 ( 80, 13)   vdiff=  4.7308E-05 ( 59, 20)
n=  6033   udiff=  4.2670E-05 ( 80, 13)   vdiff=  4.7425E-05 ( 59, 20)
n=  6034   udiff=  4.2544E-05 ( 80, 13)   vdiff=  4.7027E-05 ( 59, 20)
n=  6035   udiff=  4.2520E-05 ( 80, 13)   vdiff=  4.6630E-05 ( 59, 20)
n=  6036   udiff=  4.2374E-05 ( 80, 13)   vdiff=  4.6527E-05 ( 59, 20)
n=  6037   udiff=  4.2342E-05 ( 81, 13)   vdiff=  4.6198E-05 ( 59, 20)
n=  6038   udiff=  4.2227E-05 ( 81, 13)   vdiff=  4.6184E-05 ( 59, 20)
n=  6039   udiff=  4.2182E-05 ( 80, 13)   vdiff=  4.5769E-05 ( 59, 20)
n=  6040   udiff=  4.2067E-05 ( 80, 13)   vdiff=  4.5812E-05 ( 59, 20)
n=  6041   udiff=  4.2029E-05 ( 80, 13)   vdiff=  4.5501E-05 ( 59, 20)
n=  6042   udiff=  4.1917E-05 ( 80, 13)   vdiff=  4.5378E-05 ( 59, 20)
n=  6043   udiff=  4.1877E-05 ( 81, 13)   vdiff=  4.5031E-05 ( 59, 20)
n=  6044   udiff=  4.1755E-05 ( 81, 13)   vdiff=  4.4957E-05 ( 59, 20)
n=  6045   udiff=  4.1723E-05 ( 81, 13)   vdiff=  4.4601E-05 ( 59, 20)
n=  6046   udiff=  4.1591E-05 ( 81, 13)   vdiff=  4.4491E-05 ( 59, 20)
n=  6047   udiff=  4.1541E-05 ( 81, 13)   vdiff=  4.4090E-05 ( 59, 20)
n=  6048   udiff=  4.1435E-05 ( 81, 13)   vdiff=  4.4050E-05 ( 59, 20)
n=  6049   udiff=  4.1376E-05 ( 81, 13)   vdiff=  4.3814E-05 ( 59, 20)
n=  6050   udiff=  4.1284E-05 ( 81, 13)   vdiff=  4.3637E-05 ( 59, 20)
n=  6051   udiff=  4.1238E-05 ( 81, 13)   vdiff=  4.3323E-05 ( 59, 20)
n=  6052   udiff=  4.1136E-05 ( 81, 13)   vdiff=  4.3268E-05 ( 59, 20)
n=  6053   udiff=  4.1074E-05 ( 81, 13)   vdiff=  4.2841E-05 ( 59, 20)
n=  6054   udiff=  4.0976E-05 ( 81, 13)   vdiff=  4.2803E-05 ( 59, 20)
n=  6055   udiff=  4.0928E-05 ( 81, 13)   vdiff=  4.2496E-05 ( 59, 20)
n=  6056   udiff=  4.0822E-05 ( 82, 13)   vdiff=  4.2495E-05 ( 59, 20)
n=  6057   udiff=  4.0760E-05 ( 81, 13)   vdiff=  4.2227E-05 ( 59, 20)
n=  6058   udiff=  4.0679E-05 ( 81, 13)   vdiff=  4.1975E-05 ( 59, 20)
n=  6059   udiff=  4.0604E-05 ( 81, 13)   vdiff=  4.1871E-05 ( 59, 20)
n=  6060   udiff=  4.0514E-05 ( 81, 13)   vdiff=  4.1515E-05 ( 59, 20)
n=  6061   udiff=  4.0461E-05 ( 81, 13)   vdiff=  4.1312E-05 ( 59, 20)
n=  6062   udiff=  4.0359E-05 ( 82, 13)   vdiff=  4.1230E-05 ( 59, 20)
n=  6063   udiff=  4.0333E-05 ( 82, 13)   vdiff=  4.0803E-05 ( 59, 20)
n=  6064   udiff=  4.0202E-05 ( 81, 13)   vdiff=  4.0727E-05 ( 59, 20)
n=  6065   udiff=  4.0150E-05 ( 82, 13)   vdiff=  4.0421E-05 ( 59, 20)
n=  6066   udiff=  4.0062E-05 ( 82, 13)   vdiff=  4.0270E-05 ( 59, 20)
n=  6067   udiff=  4.0004E-05 ( 81, 13)   vdiff=  4.0322E-05 ( 59, 20)
n=  6068   udiff=  3.9899E-05 ( 82, 13)   vdiff=  3.9773E-05 ( 59, 20)
n=  6069   udiff=  3.9856E-05 ( 82, 13)   vdiff=  3.9730E-05 ( 59, 20)
n=  6070   udiff=  3.9780E-05 ( 81, 13)   vdiff=  3.9703E-05 ( 59, 20)
n=  6071   udiff=  3.9717E-05 ( 82, 13)   vdiff=  3.9287E-05 ( 59, 20)
n=  6072   udiff=  3.9609E-05 ( 81, 13)   vdiff=  3.9091E-05 ( 59, 20)
n=  6073   udiff=  3.9548E-05 ( 82, 13)   vdiff=  3.9057E-05 ( 59, 20)
n=  6074   udiff=  3.9505E-05 ( 82, 13)   vdiff=  3.8606E-05 ( 59, 20)
n=  6075   udiff=  3.9408E-05 ( 82, 13)   vdiff=  3.8539E-05 ( 59, 20)
n=  6076   udiff=  3.9371E-05 ( 82, 13)   vdiff=  3.8502E-05 ( 59, 20)
n=  6077   udiff=  3.9257E-05 ( 82, 13)   vdiff=  3.8251E-05 ( 59, 20)
n=  6078   udiff=  3.9236E-05 ( 82, 13)   vdiff=  3.7994E-05 ( 59, 20)
n=  6079   udiff=  3.9070E-05 ( 82, 13)   vdiff=  3.7839E-05 ( 59, 20)
n=  6080   udiff=  3.9063E-05 ( 82, 13)   vdiff=  3.7593E-05 ( 59, 20)
n=  6081   udiff=  3.8980E-05 ( 82, 13)   vdiff=  3.7349E-05 ( 59, 20)
n=  6082   udiff=  3.8899E-05 ( 82, 13)   vdiff=  3.7174E-05 ( 59, 20)
n=  6083   udiff=  3.8881E-05 ( 82, 13)   vdiff=  3.7147E-05 ( 59, 20)
n=  6084   udiff=  3.8739E-05 ( 82, 13)   vdiff=  3.6862E-05 ( 59, 20)
n=  6085   udiff=  3.8724E-05 ( 82, 13)   vdiff=  3.6550E-05 ( 59, 20)
n=  6086   udiff=  3.8580E-05 ( 82, 13)   vdiff=  3.6401E-05 ( 59, 20)
n=  6087   udiff=  3.8549E-05 ( 82, 13)   vdiff=  3.6184E-05 ( 59, 20)
n=  6088   udiff=  3.8462E-05 ( 83, 13)   vdiff=  3.6205E-05 ( 59, 20)
n=  6089   udiff=  3.8405E-05 ( 82, 13)   vdiff=  3.5981E-05 ( 59, 20)
n=  6090   udiff=  3.8348E-05 ( 82, 13)   vdiff=  3.5546E-05 ( 59, 20)
n=  6091   udiff=  3.8250E-05 ( 82, 13)   vdiff=  3.5514E-05 ( 59, 20)
n=  6092   udiff=  3.8202E-05 ( 82, 13)   vdiff=  3.5389E-05 ( 59, 20)
n=  6093   udiff=  3.8158E-05 ( 83, 13)   vdiff=  3.5238E-05 ( 59, 20)
n=  6094   udiff=  3.8037E-05 ( 83, 13)   vdiff=  3.5190E-05 ( 59, 20)
n=  6095   udiff=  3.7987E-05 ( 83, 13)   vdiff=  3.4589E-05 ( 59, 20)
n=  6096   udiff=  3.7896E-05 ( 83, 13)   vdiff=  3.4555E-05 ( 59, 20)
n=  6097   udiff=  3.7850E-05 ( 82, 13)   vdiff=  3.4330E-05 ( 59, 20)
n=  6098   udiff=  3.7747E-05 ( 83, 13)   vdiff=  3.4262E-05 ( 59, 20)
n=  6099   udiff=  3.7708E-05 ( 83, 13)   vdiff=  3.4130E-05 ( 59, 20)
n=  6100   udiff=  3.7656E-05 ( 83, 13)   vdiff=  3.4051E-05 ( 59, 20)
n=  6101   udiff=  3.7575E-05 ( 83, 13)   vdiff=  3.3824E-05 ( 59, 20)
n=  6102   udiff=  3.7496E-05 ( 83, 13)   vdiff=  3.3432E-05 ( 59, 20)
n=  6103   udiff=  3.7393E-05 ( 83, 13)   vdiff=  3.3275E-05 ( 59, 20)
n=  6104   udiff=  3.7384E-05 ( 83, 13)   vdiff=  3.3118E-05 ( 59, 20)
n=  6105   udiff=  3.7313E-05 ( 83, 13)   vdiff=  3.2981E-05 ( 59, 20)
n=  6106   udiff=  3.7226E-05 ( 83, 13)   vdiff=  3.2809E-05 ( 59, 20)
n=  6107   udiff=  3.7161E-05 ( 83, 13)   vdiff=  3.2628E-05 ( 59, 20)
n=  6108   udiff=  3.7062E-05 ( 83, 13)   vdiff=  3.2464E-05 ( 59, 20)
n=  6109   udiff=  3.7046E-05 ( 83, 13)   vdiff=  3.2348E-05 ( 59, 20)
n=  6110   udiff=  3.6958E-05 ( 83, 13)   vdiff=  3.2130E-05 ( 59, 20)
n=  6111   udiff=  3.6867E-05 ( 83, 13)   vdiff=  3.1811E-05 ( 59, 20)
n=  6112   udiff=  3.6821E-05 ( 84, 13)   vdiff=  3.1526E-05 ( 59, 20)
n=  6113   udiff=  3.6789E-05 ( 83, 13)   vdiff=  3.1452E-05 ( 59, 20)
n=  6114   udiff=  3.6693E-05 ( 83, 13)   vdiff=  3.1225E-05 ( 59, 20)
n=  6115   udiff=  3.6622E-05 ( 83, 13)   vdiff=  3.1236E-05 ( 59, 20)
n=  6116   udiff=  3.6547E-05 ( 83, 13)   vdiff=  3.0990E-05 ( 59, 20)
n=  6117   udiff=  3.6487E-05 ( 84, 13)   vdiff=  3.0943E-05 ( 59, 20)
n=  6118   udiff=  3.6423E-05 ( 83, 13)   vdiff=  3.0597E-05 ( 59, 20)
n=  6119   udiff=  3.6352E-05 ( 84, 13)   vdiff=  3.0576E-05 ( 59, 20)
n=  6120   udiff=  3.6317E-05 ( 84, 13)   vdiff=  3.0316E-05 ( 59, 20)
n=  6121   udiff=  3.6214E-05 ( 84, 13)   vdiff=  3.0281E-05 ( 59, 20)
n=  6122   udiff=  3.6157E-05 ( 84, 13)   vdiff=  3.0070E-05 ( 59, 20)
n=  6123   udiff=  3.6129E-05 ( 84, 13)   vdiff=  2.9909E-05 ( 59, 20)
n=  6124   udiff=  3.5998E-05 ( 84, 13)   vdiff=  2.9577E-05 ( 59, 20)
n=  6125   udiff=  3.5975E-05 ( 84, 13)   vdiff=  2.9577E-05 ( 59, 20)
n=  6126   udiff=  3.5872E-05 ( 84, 13)   vdiff=  2.9195E-05 ( 59, 20)
n=  6127   udiff=  3.5829E-05 ( 84, 13)   vdiff=  2.9174E-05 ( 59, 20)
n=  6128   udiff=  3.5803E-05 ( 84, 13)   vdiff=  2.8988E-05 ( 59, 20)
n=  6129   udiff=  3.5659E-05 ( 85, 13)   vdiff=  2.8742E-05 ( 59, 20)
n=  6130   udiff=  3.5643E-05 ( 84, 13)   vdiff=  2.8636E-05 ( 59, 20)
n=  6131   udiff=  3.5589E-05 ( 84, 13)   vdiff=  2.8393E-05 ( 59, 20)
n=  6132   udiff=  3.5482E-05 ( 84, 13)   vdiff=  2.8250E-05 ( 59, 20)
n=  6133   udiff=  3.5475E-05 ( 84, 13)   vdiff=  2.8146E-05 ( 59, 20)
n=  6134   udiff=  3.5397E-05 ( 84, 13)   vdiff=  2.8034E-05 ( 59, 20)
n=  6135   udiff=  3.5306E-05 ( 84, 13)   vdiff=  2.7672E-05 ( 59, 20)
n=  6136   udiff=  3.5288E-05 ( 85, 13)   vdiff=  2.7715E-05 ( 59, 20)
n=  6137   udiff=  3.5137E-05 ( 85, 13)   vdiff=  2.7587E-05 ( 59, 20)
n=  6138   udiff=  3.5100E-05 ( 85, 13)   vdiff=  2.7427E-05 ( 59, 20)
n=  6139   udiff=  3.5091E-05 ( 84, 13)   vdiff=  2.7247E-05 ( 59, 20)
n=  6140   udiff=  3.4970E-05 ( 85, 13)   vdiff=  2.7113E-05 ( 59, 20)
n=  6141   udiff=  3.4929E-05 ( 84, 13)   vdiff=  2.6864E-05 ( 59, 20)
n=  6142   udiff=  3.4910E-05 ( 85, 13)   vdiff=  2.6749E-05 ( 59, 20)
n=  6143   udiff=  3.4801E-05 ( 85, 13)   vdiff=  2.6588E-05 ( 59, 20)
n=  6144   udiff=  3.4764E-05 ( 85, 13)   vdiff=  2.6385E-05 ( 59, 20)
n=  6145   udiff=  3.4715E-05 ( 85, 13)   vdiff=  2.6184E-05 ( 59, 20)
n=  6146   udiff=  3.4596E-05 ( 85, 13)   vdiff=  2.5960E-05 ( 59, 20)
n=  6147   udiff=  3.4568E-05 ( 85, 13)   vdiff=  2.6019E-05 ( 59, 20)
n=  6148   udiff=  3.4530E-05 ( 85, 13)   vdiff=  2.5842E-05 ( 59, 20)
n=  6149   udiff=  3.4435E-05 ( 85, 13)   vdiff=  2.5672E-05 ( 59, 20)
n=  6150   udiff=  3.4377E-05 ( 85, 13)   vdiff=  2.5426E-05 ( 59, 20)
n=  6151   udiff=  3.4343E-05 ( 85, 13)   vdiff=  2.5239E-05 ( 59, 20)
n=  6152   udiff=  3.4251E-05 ( 85, 13)   vdiff=  2.5085E-05 ( 59, 20)
n=  6153   udiff=  3.4188E-05 ( 85, 13)   vdiff=  2.4815E-05 ( 59, 20)
n=  6154   udiff=  3.4152E-05 ( 85, 13)   vdiff=  2.5009E-05 ( 59, 20)
n=  6155   udiff=  3.4063E-05 ( 86, 13)   vdiff=  2.4641E-05 ( 59, 20)
n=  6156   udiff=  3.4017E-05 ( 85, 13)   vdiff=  2.4513E-05 ( 59, 20)
n=  6157   udiff=  3.3975E-05 ( 85, 13)   vdiff=  2.4322E-05 ( 59, 20)
n=  6158   udiff=  3.3884E-05 ( 86, 13)   vdiff=  2.3983E-05 ( 59, 20)
n=  6159   udiff=  3.3809E-05 ( 85, 13)   vdiff=  2.3936E-05 ( 59, 20)
n=  6160   udiff=  3.3779E-05 ( 85, 13)   vdiff=  2.3978E-05 ( 59, 20)
n=  6161   udiff=  3.3696E-05 ( 86, 13)   vdiff=  2.3735E-05 ( 59, 20)
n=  6162   udiff=  3.3670E-05 ( 86, 13)   vdiff=  2.3534E-05 ( 59, 20)
n=  6163   udiff=  3.3610E-05 ( 85, 13)   vdiff=  2.3326E-05 ( 59, 20)
n=  6164   udiff=  3.3547E-05 ( 86, 13)   vdiff=  2.3050E-05 ( 59, 20)
n=  6165   udiff=  3.3511E-05 ( 86, 13)   vdiff=  2.3216E-05 ( 59, 20)
n=  6166   udiff=  3.3395E-05 ( 85, 13)   vdiff=  2.2931E-05 ( 59, 20)
n=  6167   udiff=  3.3335E-05 ( 86, 13)   vdiff=  2.2796E-05 ( 59, 20)
n=  6168   udiff=  3.3315E-05 ( 86, 13)   vdiff=  2.2552E-05 ( 59, 20)
n=  6169   udiff=  3.3224E-05 ( 86, 13)   vdiff=  2.2637E-05 ( 59, 20)
n=  6170   udiff=  3.3168E-05 ( 86, 13)   vdiff=  2.2470E-05 ( 59, 20)
n=  6171   udiff=  3.3131E-05 ( 86, 13)   vdiff=  2.2130E-05 ( 59, 20)
n=  6172   udiff=  3.3039E-05 ( 86, 13)   vdiff=  2.2040E-05 ( 59, 20)
n=  6173   udiff=  3.2974E-05 ( 86, 13)   vdiff=  2.2060E-05 ( 59, 20)
n=  6174   udiff=  3.2955E-05 ( 86, 13)   vdiff=  2.1850E-05 ( 59, 20)
n=  6175   udiff=  3.2914E-05 ( 86, 13)   vdiff=  2.1696E-05 ( 59, 20)
n=  6176   udiff=  3.2840E-05 ( 86, 13)   vdiff=  2.1444E-05 ( 59, 20)
n=  6177   udiff=  3.2768E-05 ( 86, 13)   vdiff=  2.1411E-05 ( 59, 20)
n=  6178   udiff=  3.2744E-05 ( 86, 13)   vdiff=  2.1263E-05 ( 59, 20)
n=  6179   udiff=  3.2644E-05 ( 87, 13)   vdiff=  2.0879E-05 ( 59, 20)
n=  6180   udiff=  3.2605E-05 ( 87, 13)   vdiff=  2.1021E-05 ( 59, 20)
n=  6181   udiff=  3.2544E-05 ( 86, 13)   vdiff=  2.0834E-05 ( 59, 20)
n=  6182   udiff=  3.2461E-05 ( 86, 13)   vdiff=  2.0543E-05 ( 59, 20)
n=  6183   udiff=  3.2432E-05 ( 87, 13)   vdiff=  2.0682E-05 ( 59, 20)
n=  6184   udiff=  3.2377E-05 ( 86, 13)   vdiff=  2.0383E-05 ( 59, 20)
n=  6185   udiff=  3.2338E-05 ( 86, 13)   vdiff=  2.0032E-05 ( 59, 20)
n=  6186   udiff=  3.2272E-05 ( 87, 13)   vdiff=  2.0012E-05 ( 59, 20)
n=  6187   udiff=  3.2238E-05 ( 87, 13)   vdiff=  1.9985E-05 ( 59, 20)
n=  6188   udiff=  3.2155E-05 ( 86, 13)   vdiff=  1.9631E-05 ( 59, 20)
n=  6189   udiff=  3.2066E-05 ( 87, 13)   vdiff=  1.9508E-05 ( 59, 20)
n=  6190   udiff=  3.2058E-05 ( 87, 13)   vdiff=  1.9648E-05 ( 59, 20)
n=  6191   udiff=  3.1973E-05 ( 86, 13)   vdiff=  1.9381E-05 ( 59, 20)
n=  6192   udiff=  3.1947E-05 ( 86, 13)   vdiff=  1.9080E-05 ( 59, 20)
n=  6193   udiff=  3.1874E-05 ( 87, 13)   vdiff=  1.9126E-05 ( 59, 20)
n=  6194   udiff=  3.1841E-05 ( 87, 13)   vdiff=  1.9070E-05 ( 59, 20)
n=  6195   udiff=  3.1748E-05 ( 86, 13)   vdiff=  1.8885E-05 ( 59, 20)
n=  6196   udiff=  3.1689E-05 ( 87, 13)   vdiff=  1.8720E-05 ( 59, 20)
n=  6197   udiff=  3.1663E-05 ( 87, 13)   vdiff=  1.8550E-05 ( 59, 19)
n=  6198   udiff=  3.1649E-05 ( 87, 13)   vdiff=  1.8420E-05 ( 59, 20)
n=  6199   udiff=  3.1509E-05 ( 87, 13)   vdiff=  1.8317E-05 ( 59, 20)
n=  6200   udiff=  3.1473E-05 ( 87, 13)   vdiff=  1.8139E-05 ( 59, 20)
n=  6201   udiff=  3.1441E-05 ( 87, 13)   vdiff=  1.7983E-05 ( 59, 20)
n=  6202   udiff=  3.1359E-05 ( 88, 13)   vdiff=  1.7802E-05 ( 59, 20)
n=  6203   udiff=  3.1293E-05 ( 87, 13)   vdiff=  1.7870E-05 ( 59, 20)
n=  6204   udiff=  3.1268E-05 ( 87, 13)   vdiff=  1.7700E-05 ( 55, 24)
n=  6205   udiff=  3.1255E-05 ( 87, 13)   vdiff=  1.7679E-05 ( 55, 24)
n=  6206   udiff=  3.1165E-05 ( 88, 13)   vdiff=  1.7630E-05 ( 55, 24)
n=  6207   udiff=  3.1102E-05 ( 87, 13)   vdiff=  1.7617E-05 ( 55, 24)
n=  6208   udiff=  3.1048E-05 ( 87, 13)   vdiff=  1.7646E-05 ( 55, 24)
n=  6209   udiff=  3.1024E-05 ( 87, 13)   vdiff=  1.7559E-05 ( 55, 24)
n=  6210   udiff=  3.0959E-05 ( 88, 13)   vdiff=  1.7531E-05 ( 55, 24)
n=  6211   udiff=  3.0887E-05 ( 87, 13)   vdiff=  1.7454E-05 ( 55, 24)
n=  6212   udiff=  3.0844E-05 ( 87, 13)   vdiff=  1.7455E-05 ( 55, 24)
n=  6213   udiff=  3.0799E-05 ( 88, 13)   vdiff=  1.7424E-05 ( 55, 24)
n=  6214   udiff=  3.0753E-05 ( 88, 13)   vdiff=  1.7359E-05 ( 55, 24)
n=  6215   udiff=  3.0669E-05 ( 87, 13)   vdiff=  1.7365E-05 ( 55, 24)
n=  6216   udiff=  3.0630E-05 ( 88, 13)   vdiff=  1.7352E-05 ( 55, 24)
n=  6217   udiff=  3.0572E-05 ( 88, 13)   vdiff=  1.7280E-05 ( 55, 24)
n=  6218   udiff=  3.0561E-05 ( 88, 13)   vdiff=  1.7270E-05 ( 55, 24)
n=  6219   udiff=  3.0461E-05 ( 87, 13)   vdiff=  1.7265E-05 ( 55, 24)
n=  6220   udiff=  3.0433E-05 ( 88, 13)   vdiff=  1.7198E-05 ( 55, 24)
n=  6221   udiff=  3.0360E-05 ( 88, 13)   vdiff=  1.7170E-05 ( 55, 24)
n=  6222   udiff=  3.0285E-05 ( 88, 13)   vdiff=  1.7159E-05 ( 55, 24)
n=  6223   udiff=  3.0254E-05 ( 88, 13)   vdiff=  1.7142E-05 ( 55, 24)
n=  6224   udiff=  3.0236E-05 ( 88, 13)   vdiff=  1.7041E-05 ( 55, 24)
n=  6225   udiff=  3.0178E-05 ( 88, 13)   vdiff=  1.7045E-05 ( 55, 24)
n=  6226   udiff=  3.0091E-05 ( 88, 13)   vdiff=  1.7040E-05 ( 55, 24)
n=  6227   udiff=  3.0054E-05 ( 89, 13)   vdiff=  1.6968E-05 ( 55, 24)
n=  6228   udiff=  3.0034E-05 ( 89, 13)   vdiff=  1.6946E-05 ( 55, 24)
n=  6229   udiff=  2.9965E-05 ( 88, 13)   vdiff=  1.6947E-05 ( 55, 24)
n=  6230   udiff=  2.9862E-05 ( 88, 13)   vdiff=  1.6945E-05 ( 55, 24)
n=  6231   udiff=  2.9850E-05 ( 89, 13)   vdiff=  1.6845E-05 ( 55, 24)
n=  6232   udiff=  2.9807E-05 ( 89, 13)   vdiff=  1.6818E-05 ( 55, 24)
n=  6233   udiff=  2.9771E-05 ( 88, 13)   vdiff=  1.6806E-05 ( 55, 24)
n=  6234   udiff=  2.9681E-05 ( 89, 13)   vdiff=  1.6791E-05 ( 55, 24)
n=  6235   udiff=  2.9662E-05 ( 89, 13)   vdiff=  1.6728E-05 ( 55, 24)
n=  6236   udiff=  2.9603E-05 ( 89, 13)   vdiff=  1.6713E-05 ( 55, 24)
n=  6237   udiff=  2.9550E-05 ( 88, 13)   vdiff=  1.6691E-05 ( 55, 24)
n=  6238   udiff=  2.9518E-05 ( 88, 13)   vdiff=  1.6674E-05 ( 55, 24)
n=  6239   udiff=  2.9435E-05 ( 89, 13)   vdiff=  1.6605E-05 ( 55, 24)
n=  6240   udiff=  2.9419E-05 ( 89, 13)   vdiff=  1.6574E-05 ( 55, 24)
n=  6241   udiff=  2.9396E-05 ( 89, 13)   vdiff=  1.6563E-05 ( 55, 24)
n=  6242   udiff=  2.9306E-05 ( 88, 13)   vdiff=  1.6507E-05 ( 55, 24)
n=  6243   udiff=  2.9249E-05 ( 89, 13)   vdiff=  1.6439E-05 ( 55, 24)
n=  6244   udiff=  2.9210E-05 ( 89, 13)   vdiff=  1.6437E-05 ( 55, 24)
n=  6245   udiff=  2.9188E-05 ( 89, 13)   vdiff=  1.6411E-05 ( 55, 24)
n=  6246   udiff=  2.9110E-05 ( 89, 13)   vdiff=  1.6388E-05 ( 55, 24)
n=  6247   udiff=  2.9061E-05 ( 89, 13)   vdiff=  1.6373E-05 ( 55, 24)
n=  6248   udiff=  2.9005E-05 ( 89, 13)   vdiff=  1.6297E-05 ( 55, 24)
n=  6249   udiff=  2.8973E-05 ( 89, 13)   vdiff=  1.6284E-05 ( 55, 24)
n=  6250   udiff=  2.8888E-05 ( 90, 13)   vdiff=  1.6266E-05 ( 55, 24)
n=  6251   udiff=  2.8864E-05 ( 90, 13)   vdiff=  1.6230E-05 ( 55, 24)
n=  6252   udiff=  2.8821E-05 ( 90, 13)   vdiff=  1.6224E-05 ( 55, 24)
n=  6253   udiff=  2.8789E-05 ( 89, 13)   vdiff=  1.6134E-05 ( 55, 24)
n=  6254   udiff=  2.8755E-05 ( 89, 13)   vdiff=  1.6138E-05 ( 55, 24)
n=  6255   udiff=  2.8650E-05 ( 90, 13)   vdiff=  1.6104E-05 ( 55, 24)
n=  6256   udiff=  2.8641E-05 ( 90, 13)   vdiff=  1.6092E-05 ( 55, 24)
n=  6257   udiff=  2.8559E-05 ( 89, 13)   vdiff=  1.6056E-05 ( 55, 24)
n=  6258   udiff=  2.8547E-05 ( 89, 13)   vdiff=  1.6013E-05 ( 55, 24)
n=  6259   udiff=  2.8481E-05 ( 90, 13)   vdiff=  1.6005E-05 ( 55, 24)
n=  6260   udiff=  2.8457E-05 ( 90, 13)   vdiff=  1.5911E-05 ( 55, 24)
n=  6261   udiff=  2.8400E-05 ( 90, 13)   vdiff=  1.5859E-05 ( 55, 24)
n=  6262   udiff=  2.8312E-05 ( 89, 13)   vdiff=  1.5847E-05 ( 55, 24)
n=  6263   udiff=  2.8282E-05 ( 90, 13)   vdiff=  1.5840E-05 ( 55, 24)
n=  6264   udiff=  2.8240E-05 ( 90, 13)   vdiff=  1.5805E-05 ( 55, 24)
n=  6265   udiff=  2.8231E-05 ( 90, 13)   vdiff=  1.5779E-05 ( 55, 24)
n=  6266   udiff=  2.8180E-05 ( 90, 13)   vdiff=  1.5775E-05 ( 55, 24)
n=  6267   udiff=  2.8099E-05 ( 89, 13)   vdiff=  1.5668E-05 ( 55, 24)
n=  6268   udiff=  2.8038E-05 ( 90, 13)   vdiff=  1.5650E-05 ( 55, 24)
n=  6269   udiff=  2.8014E-05 ( 90, 13)   vdiff=  1.5652E-05 ( 56, 24)
n=  6270   udiff=  2.7994E-05 ( 90, 13)   vdiff=  1.5637E-05 ( 56, 24)
n=  6271   udiff=  2.7886E-05 ( 90, 13)   vdiff=  1.5649E-05 ( 56, 24)
n=  6272   udiff=  2.7825E-05 ( 90, 13)   vdiff=  1.5635E-05 ( 56, 24)
n=  6273   udiff=  2.7829E-05 ( 90, 13)   vdiff=  1.5632E-05 ( 56, 24)
n=  6274   udiff=  2.7769E-05 ( 91, 13)   vdiff=  1.5632E-05 ( 56, 24)
n=  6275   udiff=  2.7767E-05 ( 90, 13)   vdiff=  1.5633E-05 ( 56, 24)
n=  6276   udiff=  2.7640E-05 ( 91, 13)   vdiff=  1.5560E-05 ( 56, 24)
n=  6277   udiff=  2.7621E-05 ( 90, 13)   vdiff=  1.5584E-05 ( 56, 24)
n=  6278   udiff=  2.7585E-05 ( 90, 13)   vdiff=  1.5556E-05 ( 56, 24)
n=  6279   udiff=  2.7563E-05 ( 90, 13)   vdiff=  1.5585E-05 ( 56, 24)
n=  6280   udiff=  2.7542E-05 ( 90, 13)   vdiff=  1.5571E-05 ( 56, 24)
n=  6281   udiff=  2.7421E-05 ( 91, 13)   vdiff=  1.5581E-05 ( 56, 24)
n=  6282   udiff=  2.7381E-05 ( 90, 13)   vdiff=  1.5554E-05 ( 56, 24)
n=  6283   udiff=  2.7379E-05 ( 91, 13)   vdiff=  1.5568E-05 ( 56, 24)
n=  6284   udiff=  2.7359E-05 ( 91, 13)   vdiff=  1.5555E-05 ( 56, 24)
n=  6285   udiff=  2.7309E-05 ( 90, 13)   vdiff=  1.5567E-05 ( 56, 24)
n=  6286   udiff=  2.7251E-05 ( 91, 13)   vdiff=  1.5554E-05 ( 56, 24)
n=  6287   udiff=  2.7155E-05 ( 91, 13)   vdiff=  1.5485E-05 ( 56, 24)
n=  6288   udiff=  2.7153E-05 ( 91, 13)   vdiff=  1.5486E-05 ( 56, 24)
n=  6289   udiff=  2.7118E-05 ( 91, 13)   vdiff=  1.5467E-05 ( 56, 24)
n=  6290   udiff=  2.7094E-05 ( 91, 13)   vdiff=  1.5500E-05 ( 56, 24)
n=  6291   udiff=  2.7017E-05 ( 91, 13)   vdiff=  1.5473E-05 ( 56, 24)
n=  6292   udiff=  2.6934E-05 ( 91, 13)   vdiff=  1.5473E-05 ( 56, 24)
n=  6293   udiff=  2.6900E-05 ( 91, 13)   vdiff=  1.5462E-05 ( 56, 24)
n=  6294   udiff=  2.6891E-05 ( 91, 13)   vdiff=  1.5494E-05 ( 56, 24)
n=  6295   udiff=  2.6860E-05 ( 91, 13)   vdiff=  1.5470E-05 ( 56, 24)
n=  6296   udiff=  2.6837E-05 ( 91, 13)   vdiff=  1.5427E-05 ( 56, 24)
n=  6297   udiff=  2.6710E-05 ( 91, 13)   vdiff=  1.5436E-05 ( 56, 24)
n=  6298   udiff=  2.6672E-05 ( 92, 13)   vdiff=  1.5419E-05 ( 56, 24)
n=  6299   udiff=  2.6666E-05 ( 91, 13)   vdiff=  1.5418E-05 ( 56, 24)
n=  6300   udiff=  2.6637E-05 ( 92, 13)   vdiff=  1.5347E-05 ( 56, 24)
n=  6301   udiff=  2.6607E-05 ( 91, 13)   vdiff=  1.5336E-05 ( 56, 24)
n=  6302   udiff=  2.6495E-05 ( 92, 13)   vdiff=  1.5341E-05 ( 56, 24)
n=  6303   udiff=  2.6453E-05 ( 91, 13)   vdiff=  1.5326E-05 ( 56, 24)
n=  6304   udiff=  2.6446E-05 ( 91, 13)   vdiff=  1.5335E-05 ( 56, 24)
n=  6305   udiff=  2.6406E-05 ( 92, 13)   vdiff=  1.5346E-05 ( 56, 24)
n=  6306   udiff=  2.6383E-05 ( 92, 13)   vdiff=  1.5317E-05 ( 56, 24)
n=  6307   udiff=  2.6343E-05 ( 92, 13)   vdiff=  1.5300E-05 ( 56, 24)
n=  6308   udiff=  2.6260E-05 ( 92, 13)   vdiff=  1.5296E-05 ( 56, 24)
n=  6309   udiff=  2.6216E-05 ( 91, 13)   vdiff=  1.5290E-05 ( 56, 24)
n=  6310   udiff=  2.6187E-05 ( 92, 13)   vdiff=  1.5300E-05 ( 56, 24)
n=  6311   udiff=  2.6159E-05 ( 92, 13)   vdiff=  1.5284E-05 ( 56, 24)
n=  6312   udiff=  2.6131E-05 ( 92, 13)   vdiff=  1.5272E-05 ( 56, 24)
n=  6313   udiff=  2.6108E-05 ( 92, 13)   vdiff=  1.5274E-05 ( 56, 24)
n=  6314   udiff=  2.6030E-05 ( 93, 13)   vdiff=  1.5250E-05 ( 56, 24)
n=  6315   udiff=  2.5968E-05 ( 92, 13)   vdiff=  1.5274E-05 ( 56, 24)
n=  6316   udiff=  2.5924E-05 ( 92, 13)   vdiff=  1.5261E-05 ( 56, 24)
n=  6317   udiff=  2.5904E-05 ( 92, 13)   vdiff=  1.5249E-05 ( 56, 24)
n=  6318   udiff=  2.5868E-05 ( 92, 13)   vdiff=  1.5191E-05 ( 56, 24)
n=  6319   udiff=  2.5796E-05 ( 93, 13)   vdiff=  1.5159E-05 ( 56, 24)
n=  6320   udiff=  2.5793E-05 ( 93, 13)   vdiff=  1.5141E-05 ( 56, 24)
n=  6321   udiff=  2.5727E-05 ( 92, 13)   vdiff=  1.5129E-05 ( 56, 24)
n=  6322   udiff=  2.5678E-05 ( 92, 13)   vdiff=  1.5134E-05 ( 56, 24)
n=  6323   udiff=  2.5647E-05 ( 92, 13)   vdiff=  1.5121E-05 ( 56, 24)
n=  6324   udiff=  2.5628E-05 ( 92, 13)   vdiff=  1.5115E-05 ( 56, 24)
n=  6325   udiff=  2.5552E-05 ( 93, 13)   vdiff=  1.5113E-05 ( 56, 24)
n=  6326   udiff=  2.5544E-05 ( 93, 13)   vdiff=  1.5103E-05 ( 56, 24)
n=  6327   udiff=  2.5481E-05 ( 92, 13)   vdiff=  1.5092E-05 ( 56, 24)
n=  6328   udiff=  2.5440E-05 ( 92, 13)   vdiff=  1.5088E-05 ( 56, 24)
n=  6329   udiff=  2.5396E-05 ( 93, 13)   vdiff=  1.5066E-05 ( 56, 24)
n=  6330   udiff=  2.5370E-05 ( 93, 13)   vdiff=  1.5056E-05 ( 56, 24)
n=  6331   udiff=  2.5327E-05 ( 93, 13)   vdiff=  1.5058E-05 ( 56, 24)
n=  6332   udiff=  2.5296E-05 ( 93, 13)   vdiff=  1.5030E-05 ( 56, 24)
n=  6333   udiff=  2.5216E-05 ( 92, 13)   vdiff=  1.5003E-05 ( 56, 24)
n=  6334   udiff=  2.5212E-05 ( 94, 13)   vdiff=  1.5013E-05 ( 56, 24)
n=  6335   udiff=  2.5157E-05 ( 93, 13)   vdiff=  1.5005E-05 ( 56, 24)
n=  6336   udiff=  2.5108E-05 ( 93, 13)   vdiff=  1.4987E-05 ( 56, 24)
n=  6337   udiff=  2.5077E-05 ( 93, 13)   vdiff=  1.4986E-05 ( 56, 24)
n=  6338   udiff=  2.5056E-05 ( 93, 13)   vdiff=  1.4961E-05 ( 56, 24)
n=  6339   udiff=  2.4974E-05 ( 94, 13)   vdiff=  1.4925E-05 ( 56, 24)
n=  6340   udiff=  2.4969E-05 ( 94, 13)   vdiff=  1.4912E-05 ( 56, 24)
n=  6341   udiff=  2.4915E-05 ( 93, 13)   vdiff=  1.4914E-05 ( 56, 24)
n=  6342   udiff=  2.4864E-05 ( 93, 13)   vdiff=  1.4911E-05 ( 56, 24)
n=  6343   udiff=  2.4855E-05 ( 93, 13)   vdiff=  1.4896E-05 ( 56, 24)
n=  6344   udiff=  2.4800E-05 ( 93, 13)   vdiff=  1.4893E-05 ( 56, 24)
n=  6345   udiff=  2.4734E-05 ( 94, 13)   vdiff=  1.4881E-05 ( 56, 24)
n=  6346   udiff=  2.4732E-05 ( 94, 13)   vdiff=  1.4858E-05 ( 56, 24)
n=  6347   udiff=  2.4707E-05 ( 94, 13)   vdiff=  1.4849E-05 ( 56, 24)
n=  6348   udiff=  2.4639E-05 ( 93, 13)   vdiff=  1.4815E-05 ( 56, 24)
n=  6349   udiff=  2.4604E-05 ( 93, 13)   vdiff=  1.4817E-05 ( 56, 24)
n=  6350   udiff=  2.4574E-05 ( 93, 13)   vdiff=  1.4780E-05 ( 56, 24)
n=  6351   udiff=  2.4499E-05 ( 94, 13)   vdiff=  1.4763E-05 ( 56, 24)
n=  6352   udiff=  2.4491E-05 ( 94, 13)   vdiff=  1.4785E-05 ( 56, 24)
n=  6353   udiff=  2.4460E-05 ( 94, 13)   vdiff=  1.4775E-05 ( 56, 24)
n=  6354   udiff=  2.4440E-05 ( 94, 13)   vdiff=  1.4768E-05 ( 56, 24)
n=  6355   udiff=  2.4361E-05 ( 93, 13)   vdiff=  1.4759E-05 ( 56, 24)
n=  6356   udiff=  2.4324E-05 ( 93, 13)   vdiff=  1.4725E-05 ( 56, 24)
n=  6357   udiff=  2.4310E-05 ( 93, 13)   vdiff=  1.4703E-05 ( 56, 24)
n=  6358   udiff=  2.4251E-05 ( 94, 13)   vdiff=  1.4696E-05 ( 56, 24)
n=  6359   udiff=  2.4223E-05 ( 94, 13)   vdiff=  1.4683E-05 ( 56, 24)
n=  6360   udiff=  2.4192E-05 ( 94, 13)   vdiff=  1.4655E-05 ( 56, 24)
n=  6361   udiff=  2.4112E-05 ( 95, 13)   vdiff=  1.4621E-05 ( 56, 24)
n=  6362   udiff=  2.4078E-05 ( 95, 13)   vdiff=  1.4638E-05 ( 56, 24)
n=  6363   udiff=  2.4057E-05 ( 95, 13)   vdiff=  1.4590E-05 ( 56, 24)
n=  6364   udiff=  2.4052E-05 ( 95, 13)   vdiff=  1.4607E-05 ( 56, 24)
n=  6365   udiff=  2.3986E-05 ( 94, 13)   vdiff=  1.4588E-05 ( 56, 24)
n=  6366   udiff=  2.3958E-05 ( 94, 13)   vdiff=  1.4564E-05 ( 56, 24)
n=  6367   udiff=  2.3942E-05 ( 94, 13)   vdiff=  1.4593E-05 ( 56, 24)
n=  6368   udiff=  2.3854E-05 ( 95, 13)   vdiff=  1.4579E-05 ( 56, 24)
n=  6369   udiff=  2.3831E-05 ( 95, 13)   vdiff=  1.4570E-05 ( 56, 24)
n=  6370   udiff=  2.3816E-05 ( 95, 13)   vdiff=  1.4538E-05 ( 56, 24)
n=  6371   udiff=  2.3793E-05 ( 95, 13)   vdiff=  1.4519E-05 ( 56, 24)
n=  6372   udiff=  2.3711E-05 ( 94, 13)   vdiff=  1.4512E-05 ( 56, 24)
n=  6373   udiff=  2.3699E-05 ( 94, 13)   vdiff=  1.4480E-05 ( 56, 24)
n=  6374   udiff=  2.3673E-05 ( 94, 13)   vdiff=  1.4440E-05 ( 56, 24)
n=  6375   udiff=  2.3594E-05 ( 95, 13)   vdiff=  1.4442E-05 ( 56, 24)
n=  6376   udiff=  2.3569E-05 ( 95, 13)   vdiff=  1.4626E-05 (120,  9)
n=  6377   udiff=  2.3547E-05 ( 95, 13)   vdiff=  1.4490E-05 (120,  9)
n=  6378   udiff=  2.3529E-05 ( 95, 13)   vdiff=  1.4834E-05 (120,  9)
n=  6379   udiff=  2.3453E-05 ( 94, 13)   vdiff=  1.4520E-05 (120,  9)
n=  6380   udiff=  2.3424E-05 ( 94, 13)   vdiff=  1.4656E-05 (120,  9)
n=  6381   udiff=  2.3400E-05 ( 94, 13)   vdiff=  1.4857E-05 (120,  9)
n=  6382   udiff=  2.3329E-05 ( 95, 13)   vdiff=  1.4811E-05 (120,  9)
n=  6383   udiff=  2.3325E-05 ( 95, 13)   vdiff=  1.5081E-05 (120,  9)
n=  6384   udiff=  2.3297E-05 ( 95, 13)   vdiff=  1.4696E-05 (120,  9)
n=  6385   udiff=  2.3263E-05 ( 95, 13)   vdiff=  1.4894E-05 (120,  9)
n=  6386   udiff=  2.3199E-05 ( 95, 13)   vdiff=  1.5075E-05 (120,  9)
n=  6387   udiff=  2.3163E-05 ( 96, 13)   vdiff=  1.5255E-05 (120,  9)
n=  6388   udiff=  2.3158E-05 ( 96, 13)   vdiff=  1.4996E-05 (120,  9)
n=  6389   udiff=  2.3086E-05 ( 95, 13)   vdiff=  1.5102E-05 (120,  9)
n=  6390   udiff=  2.3052E-05 ( 95, 13)   vdiff=  1.5095E-05 (120,  9)
n=  6391   udiff=  2.3031E-05 ( 95, 13)   vdiff=  1.5124E-05 (120,  9)
n=  6392   udiff=  2.3005E-05 ( 95, 13)   vdiff=  1.5472E-05 (120,  9)
n=  6393   udiff=  2.2996E-05 ( 95, 13)   vdiff=  1.5157E-05 (120,  9)
n=  6394   udiff=  2.2919E-05 ( 96, 13)   vdiff=  1.5389E-05 (120,  9)
n=  6395   udiff=  2.2901E-05 ( 96, 13)   vdiff=  1.5250E-05 (120,  9)
n=  6396   udiff=  2.2858E-05 ( 96, 13)   vdiff=  1.5621E-05 (120,  9)
n=  6397   udiff=  2.2785E-05 ( 95, 13)   vdiff=  1.5240E-05 (120,  9)
n=  6398   udiff=  2.2759E-05 ( 95, 13)   vdiff=  1.5470E-05 (120,  9)
n=  6399   udiff=  2.2753E-05 ( 95, 13)   vdiff=  1.5380E-05 (120,  9)
n=  6400   udiff=  2.2722E-05 ( 95, 13)   vdiff=  1.5665E-05 (120,  9)
n=  6401   udiff=  2.2681E-05 ( 95, 13)   vdiff=  1.5507E-05 (120,  9)
n=  6402   udiff=  2.2659E-05 ( 96, 13)   vdiff=  1.5884E-05 (120,  9)
n=  6403   udiff=  2.2600E-05 ( 96, 13)   vdiff=  1.5620E-05 (120,  9)
n=  6404   udiff=  2.2580E-05 ( 96, 13)   vdiff=  1.5924E-05 (120,  9)
n=  6405   udiff=  2.2509E-05 ( 96, 13)   vdiff=  1.5531E-05 (120,  9)
n=  6406   udiff=  2.2480E-05 ( 95, 13)   vdiff=  1.5879E-05 (120,  9)
n=  6407   udiff=  2.2458E-05 ( 96, 13)   vdiff=  1.5964E-05 (120,  9)
n=  6408   udiff=  2.2443E-05 ( 96, 13)   vdiff=  1.6232E-05 (120,  9)
n=  6409   udiff=  2.2410E-05 ( 96, 13)   vdiff=  1.5881E-05 (120,  9)
n=  6410   udiff=  2.2349E-05 ( 96, 13)   vdiff=  1.6226E-05 (120,  9)
n=  6411   udiff=  2.2311E-05 ( 96, 13)   vdiff=  1.6076E-05 (120,  9)
n=  6412   udiff=  2.2313E-05 ( 96, 13)   vdiff=  1.6101E-05 (120,  9)
n=  6413   udiff=  2.2229E-05 ( 97, 13)   vdiff=  1.6020E-05 (120,  9)
n=  6414   udiff=  2.2203E-05 ( 97, 13)   vdiff=  1.5984E-05 (120,  9)
n=  6415   udiff=  2.2193E-05 ( 96, 13)   vdiff=  1.6214E-05 (120,  9)
n=  6416   udiff=  2.2159E-05 ( 96, 13)   vdiff=  1.6438E-05 (120,  9)
n=  6417   udiff=  2.2125E-05 ( 97, 13)   vdiff=  1.6331E-05 (120,  9)
n=  6418   udiff=  2.2110E-05 ( 97, 13)   vdiff=  1.6275E-05 (120,  9)
n=  6419   udiff=  2.2044E-05 ( 96, 13)   vdiff=  1.6495E-05 (120,  9)
n=  6420   udiff=  2.2024E-05 ( 96, 13)   vdiff=  1.6481E-05 (120,  9)
n=  6421   udiff=  2.1956E-05 ( 97, 13)   vdiff=  1.6399E-05 (120,  9)
n=  6422   udiff=  2.1925E-05 ( 97, 13)   vdiff=  1.6523E-05 (120,  9)
n=  6423   udiff=  2.1912E-05 ( 97, 13)   vdiff=  1.6418E-05 (120,  9)
n=  6424   udiff=  2.1911E-05 ( 97, 13)   vdiff=  1.6692E-05 (120,  9)
n=  6425   udiff=  2.1868E-05 ( 97, 13)   vdiff=  1.6527E-05 (120,  9)
n=  6426   udiff=  2.1811E-05 ( 97, 13)   vdiff=  1.6600E-05 (120,  9)
n=  6427   udiff=  2.1751E-05 ( 96, 13)   vdiff=  1.6580E-05 (120,  9)
n=  6428   udiff=  2.1734E-05 ( 96, 13)   vdiff=  1.6793E-05 (120,  9)
n=  6429   udiff=  2.1731E-05 ( 96, 13)   vdiff=  1.6608E-05 (120,  9)
n=  6430   udiff=  2.1654E-05 ( 97, 13)   vdiff=  1.6886E-05 (120,  9)
n=  6431   udiff=  2.1656E-05 ( 97, 13)   vdiff=  1.6970E-05 (120,  9)
n=  6432   udiff=  2.1630E-05 ( 97, 13)   vdiff=  1.6545E-05 (120,  9)
n=  6433   udiff=  2.1569E-05 ( 98, 13)   vdiff=  1.6919E-05 (120,  9)
n=  6434   udiff=  2.1573E-05 ( 97, 13)   vdiff=  1.6775E-05 (120,  9)
n=  6435   udiff=  2.1530E-05 ( 97, 13)   vdiff=  1.7042E-05 (120,  9)
n=  6436   udiff=  2.1457E-05 ( 96, 13)   vdiff=  1.6851E-05 (120,  9)
n=  6437   udiff=  2.1432E-05 ( 96, 13)   vdiff=  1.7085E-05 (120,  9)
n=  6438   udiff=  2.1390E-05 ( 97, 13)   vdiff=  1.7058E-05 (120,  9)
n=  6439   udiff=  2.1372E-05 ( 97, 13)   vdiff=  1.6968E-05 (120,  9)
n=  6440   udiff=  2.1346E-05 ( 98, 13)   vdiff=  1.7084E-05 (120,  9)
n=  6441   udiff=  2.1294E-05 ( 98, 13)   vdiff=  1.6940E-05 (120,  9)
n=  6442   udiff=  2.1292E-05 ( 97, 13)   vdiff=  1.7316E-05 (120,  9)
n=  6443   udiff=  2.1274E-05 ( 98, 13)   vdiff=  1.7149E-05 (120,  9)
n=  6444   udiff=  2.1244E-05 ( 98, 13)   vdiff=  1.7226E-05 (120,  9)
n=  6445   udiff=  2.1154E-05 ( 97, 13)   vdiff=  1.7325E-05 (120,  9)
n=  6446   udiff=  2.1131E-05 ( 97, 13)   vdiff=  1.7261E-05 (120,  9)
n=  6447   udiff=  2.1087E-05 ( 98, 13)   vdiff=  1.7596E-05 (120,  9)
n=  6448   udiff=  2.1046E-05 ( 98, 13)   vdiff=  1.7060E-05 (120,  9)
n=  6449   udiff=  2.1050E-05 ( 98, 13)   vdiff=  1.7437E-05 (120,  9)
n=  6450   udiff=  2.1017E-05 ( 98, 13)   vdiff=  1.7488E-05 (120,  9)
n=  6451   udiff=  2.1001E-05 ( 98, 13)   vdiff=  1.7605E-05 (120,  9)
n=  6452   udiff=  2.0979E-05 ( 98, 13)   vdiff=  1.7520E-05 (120,  9)
n=  6453   udiff=  2.0970E-05 ( 98, 13)   vdiff=  1.7407E-05 (120,  9)
n=  6454   udiff=  2.0952E-05 ( 98, 13)   vdiff=  1.7609E-05 (120,  9)
n=  6455   udiff=  2.0827E-05 ( 99, 13)   vdiff=  1.7319E-05 (120,  9)
n=  6456   udiff=  2.0769E-05 ( 98, 13)   vdiff=  1.7685E-05 (120,  9)
n=  6457   udiff=  2.0769E-05 ( 98, 13)   vdiff=  1.7500E-05 (120,  9)
n=  6458   udiff=  2.0746E-05 ( 98, 13)   vdiff=  1.7655E-05 (120,  9)
n=  6459   udiff=  2.0719E-05 ( 98, 13)   vdiff=  1.7713E-05 (120,  9)
n=  6460   udiff=  2.0705E-05 ( 98, 13)   vdiff=  1.7735E-05 (120,  9)
n=  6461   udiff=  2.0700E-05 ( 98, 13)   vdiff=  1.7918E-05 (120,  9)
n=  6462   udiff=  2.0651E-05 ( 98, 13)   vdiff=  1.7523E-05 (120,  9)
n=  6463   udiff=  2.0636E-05 ( 98, 13)   vdiff=  1.7733E-05 (120,  9)
n=  6464   udiff=  2.0587E-05 ( 99, 13)   vdiff=  1.7955E-05 (120,  9)
n=  6465   udiff=  2.0557E-05 ( 99, 13)   vdiff=  1.7948E-05 (120,  9)
n=  6466   udiff=  2.0519E-05 ( 99, 13)   vdiff=  1.7834E-05 (120,  9)
n=  6467   udiff=  2.0437E-05 ( 98, 13)   vdiff=  1.7871E-05 (120,  9)
n=  6468   udiff=  2.0443E-05 ( 98, 13)   vdiff=  1.7797E-05 (120,  9)
n=  6469   udiff=  2.0401E-05 ( 98, 13)   vdiff=  1.7785E-05 (120,  9)
n=  6470   udiff=  2.0367E-05 ( 98, 13)   vdiff=  1.7678E-05 (120,  9)
n=  6471   udiff=  2.0353E-05 ( 98, 13)   vdiff=  1.7914E-05 (120,  9)
n=  6472   udiff=  2.0348E-05 ( 98, 13)   vdiff=  1.8174E-05 (120,  9)
n=  6473   udiff=  2.0309E-05 ( 98, 13)   vdiff=  1.7871E-05 (120,  9)
n=  6474   udiff=  2.0274E-05 ( 98, 13)   vdiff=  1.8074E-05 (120,  9)
n=  6475   udiff=  2.0236E-05 ( 99, 13)   vdiff=  1.8031E-05 (120,  9)
n=  6476   udiff=  2.0219E-05 ( 99, 13)   vdiff=  1.8277E-05 (120,  9)
n=  6477   udiff=  2.0201E-05 ( 99, 13)   vdiff=  1.8201E-05 (120,  9)
n=  6478   udiff=  2.0099E-05 ( 99, 13)   vdiff=  1.8030E-05 (120,  9)
n=  6479   udiff=  2.0063E-05 ( 99, 13)   vdiff=  1.8391E-05 (120,  9)
n=  6480   udiff=  2.0057E-05 ( 98, 13)   vdiff=  1.8012E-05 (120,  9)
n=  6481   udiff=  2.0041E-05 ( 98, 13)   vdiff=  1.8307E-05 (120,  9)
n=  6482   udiff=  2.0004E-05 ( 98, 13)   vdiff=  1.8204E-05 (120,  9)
n=  6483   udiff=  1.9982E-05 ( 99, 13)   vdiff=  1.8095E-05 (120,  9)
n=  6484   udiff=  1.9978E-05 ( 99, 13)   vdiff=  1.8251E-05 (120,  9)
n=  6485   udiff=  1.9929E-05 ( 99, 13)   vdiff=  1.8320E-05 (120,  9)
n=  6486   udiff=  1.9910E-05 ( 99, 13)   vdiff=  1.8454E-05 (120,  9)
n=  6487   udiff=  1.9890E-05 ( 99, 13)   vdiff=  1.8314E-05 (120,  9)
n=  6488   udiff=  1.9855E-05 ( 99, 13)   vdiff=  1.8208E-05 (120,  9)
n=  6489   udiff=  1.9820E-05 (100, 13)   vdiff=  1.8593E-05 (120,  9)
n=  6490   udiff=  1.9728E-05 ( 99, 13)   vdiff=  1.8528E-05 (120,  9)
n=  6491   udiff=  1.9699E-05 ( 99, 13)   vdiff=  1.8186E-05 (120,  9)
n=  6492   udiff=  1.9702E-05 ( 99, 13)   vdiff=  1.8523E-05 (120,  9)
n=  6493   udiff=  1.9676E-05 ( 99, 13)   vdiff=  1.8466E-05 (120,  9)
n=  6494   udiff=  1.9646E-05 ( 99, 13)   vdiff=  1.8582E-05 (120,  9)
n=  6495   udiff=  1.9599E-05 (100, 13)   vdiff=  1.8392E-05 (120,  9)
n=  6496   udiff=  1.9603E-05 (100, 13)   vdiff=  1.8254E-05 (120,  9)
n=  6497   udiff=  1.9576E-05 (100, 13)   vdiff=  1.8624E-05 (120,  9)
n=  6498   udiff=  1.9553E-05 (100, 13)   vdiff=  1.8539E-05 (120,  9)
n=  6499   udiff=  1.9518E-05 (100, 13)   vdiff=  1.8438E-05 (120,  9)
n=  6500   udiff=  1.9489E-05 (100, 13)   vdiff=  1.8654E-05 (120,  9)
n=  6501   udiff=  1.9465E-05 (100, 13)   vdiff=  1.8408E-05 (120,  9)
n=  6502   udiff=  1.9388E-05 (101, 13)   vdiff=  1.8777E-05 (120,  9)
n=  6503   udiff=  1.9331E-05 (100, 13)   vdiff=  1.8734E-05 (120,  9)
n=  6504   udiff=  1.9326E-05 (100, 13)   vdiff=  1.8504E-05 (120,  9)
n=  6505   udiff=  1.9314E-05 (100, 13)   vdiff=  1.8689E-05 (120,  9)
n=  6506   udiff=  1.9264E-05 (100, 13)   vdiff=  1.8622E-05 (120,  9)
n=  6507   udiff=  1.9241E-05 (100, 13)   vdiff=  1.8570E-05 (120,  9)
n=  6508   udiff=  1.9234E-05 ( 99, 13)   vdiff=  1.8581E-05 (120,  9)
n=  6509   udiff=  1.9225E-05 (100, 13)   vdiff=  1.8618E-05 (120,  9)
n=  6510   udiff=  1.9198E-05 (100, 13)   vdiff=  1.8794E-05 (120,  9)
n=  6511   udiff=  1.9159E-05 (100, 13)   vdiff=  1.8621E-05 (120,  9)
n=  6512   udiff=  1.9129E-05 (100, 13)   vdiff=  1.8638E-05 (120,  9)
n=  6513   udiff=  1.9119E-05 (100, 13)   vdiff=  1.8904E-05 (120,  9)
n=  6514   udiff=  1.9038E-05 (101, 13)   vdiff=  1.8918E-05 (120,  9)
n=  6515   udiff=  1.9016E-05 (101, 13)   vdiff=  1.8697E-05 (120,  9)
n=  6516   udiff=  1.8944E-05 (100, 13)   vdiff=  1.8937E-05 (120,  9)
n=  6517   udiff=  1.8948E-05 (100, 13)   vdiff=  1.8983E-05 (120,  9)
n=  6518   udiff=  1.8920E-05 (100, 13)   vdiff=  1.8938E-05 (120,  9)
n=  6519   udiff=  1.8895E-05 (100, 13)   vdiff=  1.8753E-05 (120,  9)
n=  6520   udiff=  1.8871E-05 (100, 13)   vdiff=  1.8742E-05 (120,  9)
n=  6521   udiff=  1.8832E-05 (100, 13)   vdiff=  1.9016E-05 (120,  9)
n=  6522   udiff=  1.8822E-05 (100, 13)   vdiff=  1.8792E-05 (120,  9)
n=  6523   udiff=  1.8799E-05 (101, 13)   vdiff=  1.8794E-05 (120,  9)
n=  6524   udiff=  1.8777E-05 (101, 13)   vdiff=  1.9054E-05 (120,  9)
n=  6525   udiff=  1.8750E-05 (101, 13)   vdiff=  1.8829E-05 (120,  9)
n=  6526   udiff=  1.8715E-05 (101, 13)   vdiff=  1.8750E-05 (120,  9)
n=  6527   udiff=  1.8713E-05 (101, 13)   vdiff=  1.9039E-05 (120,  9)
n=  6528   udiff=  1.8682E-05 (101, 13)   vdiff=  1.8985E-05 (120,  9)
n=  6529   udiff=  1.8624E-05 (101, 13)   vdiff=  1.9221E-05 (120,  9)
n=  6530   udiff=  1.8554E-05 (100, 13)   vdiff=  1.9073E-05 (120,  9)
n=  6531   udiff=  1.8529E-05 (100, 13)   vdiff=  1.8972E-05 (120,  9)
n=  6532   udiff=  1.8510E-05 (101, 13)   vdiff=  1.9087E-05 (120,  9)
n=  6533   udiff=  1.8493E-05 (101, 13)   vdiff=  1.9043E-05 (120,  9)
n=  6534   udiff=  1.8457E-05 (101, 13)   vdiff=  1.8823E-05 (120,  9)
n=  6535   udiff=  1.8433E-05 (101, 13)   vdiff=  1.8886E-05 (120,  9)
n=  6536   udiff=  1.8416E-05 (101, 13)   vdiff=  1.8983E-05 (120,  9)
n=  6537   udiff=  1.8402E-05 (101, 13)   vdiff=  1.8906E-05 (120,  9)
n=  6538   udiff=  1.8375E-05 (101, 13)   vdiff=  1.9132E-05 (120,  9)
n=  6539   udiff=  1.8334E-05 (101, 13)   vdiff=  1.8911E-05 (120,  9)
n=  6540   udiff=  1.8313E-05 (101, 13)   vdiff=  1.9228E-05 (120,  9)
n=  6541   udiff=  1.8306E-05 (101, 13)   vdiff=  1.9361E-05 (120,  9)
n=  6542   udiff=  1.8277E-05 (101, 13)   vdiff=  1.8950E-05 (120,  9)
n=  6543   udiff=  1.8184E-05 (101, 13)   vdiff=  1.9348E-05 (120,  9)
n=  6544   udiff=  1.8140E-05 (102, 13)   vdiff=  1.9192E-05 (120,  9)
n=  6545   udiff=  1.8129E-05 (101, 13)   vdiff=  1.8857E-05 (120,  9)
n=  6546   udiff=  1.8110E-05 (101, 13)   vdiff=  1.9157E-05 (120,  9)
n=  6547   udiff=  1.8097E-05 (102, 13)   vdiff=  1.9081E-05 (120,  9)
n=  6548   udiff=  1.8069E-05 (102, 13)   vdiff=  1.9304E-05 (120,  9)
n=  6549   udiff=  1.8039E-05 (101, 13)   vdiff=  1.9213E-05 (120,  9)
n=  6550   udiff=  1.8027E-05 (101, 13)   vdiff=  1.8984E-05 (120,  9)
n=  6551   udiff=  1.7985E-05 (101, 13)   vdiff=  1.9022E-05 (120,  9)
n=  6552   udiff=  1.7961E-05 (102, 13)   vdiff=  1.9127E-05 (120,  9)
n=  6553   udiff=  1.7953E-05 (102, 13)   vdiff=  1.9196E-05 (120,  9)
n=  6554   udiff=  1.7917E-05 (102, 13)   vdiff=  1.9465E-05 (120,  9)
n=  6555   udiff=  1.7903E-05 (102, 13)   vdiff=  1.9184E-05 (120,  9)
n=  6556   udiff=  1.7881E-05 (102, 13)   vdiff=  1.9203E-05 (120,  9)
n=  6557   udiff=  1.7841E-05 (102, 13)   vdiff=  1.9423E-05 (120,  9)
n=  6558   udiff=  1.7765E-05 (103, 13)   vdiff=  1.9277E-05 (120,  9)
n=  6559   udiff=  1.7730E-05 (102, 13)   vdiff=  1.9018E-05 (120,  9)
n=  6560   udiff=  1.7705E-05 (103, 13)   vdiff=  1.9241E-05 (120,  9)
n=  6561   udiff=  1.7685E-05 (103, 13)   vdiff=  1.9381E-05 (120,  9)
n=  6562   udiff=  1.7681E-05 (102, 13)   vdiff=  1.9020E-05 (120,  9)
n=  6563   udiff=  1.7666E-05 (102, 13)   vdiff=  1.9281E-05 (120,  9)
n=  6564   udiff=  1.7634E-05 (103, 13)   vdiff=  1.9225E-05 (120,  9)
n=  6565   udiff=  1.7611E-05 (103, 13)   vdiff=  1.9194E-05 (120,  9)
n=  6566   udiff=  1.7554E-05 (102, 13)   vdiff=  1.9327E-05 (120,  9)
n=  6567   udiff=  1.7545E-05 (102, 13)   vdiff=  1.9347E-05 (120,  9)
n=  6568   udiff=  1.7527E-05 (102, 13)   vdiff=  1.9593E-05 (120,  9)
n=  6569   udiff=  1.7508E-05 (102, 13)   vdiff=  1.9272E-05 (120,  9)
n=  6570   udiff=  1.7486E-05 (102, 13)   vdiff=  1.9208E-05 (120,  9)
n=  6571   udiff=  1.7477E-05 (102, 13)   vdiff=  1.9467E-05 (120,  9)
n=  6572   udiff=  1.7420E-05 (102, 13)   vdiff=  1.9225E-05 (120,  9)
n=  6573   udiff=  1.7403E-05 (102, 13)   vdiff=  1.9308E-05 (120,  9)
n=  6574   udiff=  1.7322E-05 (103, 13)   vdiff=  1.9481E-05 (120,  9)
n=  6575   udiff=  1.7300E-05 (103, 13)   vdiff=  1.9207E-05 (120,  9)
n=  6576   udiff=  1.7287E-05 (103, 13)   vdiff=  1.9107E-05 (120,  9)
n=  6577   udiff=  1.7266E-05 (103, 13)   vdiff=  1.9388E-05 (120,  9)
n=  6578   udiff=  1.7257E-05 (103, 13)   vdiff=  1.9440E-05 (120,  9)
n=  6579   udiff=  1.7232E-05 (103, 13)   vdiff=  1.9168E-05 (120,  9)
n=  6580   udiff=  1.7218E-05 (103, 13)   vdiff=  1.9532E-05 (120,  9)
n=  6581   udiff=  1.7169E-05 (103, 13)   vdiff=  1.9330E-05 (120,  9)
n=  6582   udiff=  1.7149E-05 (103, 13)   vdiff=  1.9030E-05 (120,  9)
n=  6583   udiff=  1.7104E-05 (102, 13)   vdiff=  1.9345E-05 (120,  9)
n=  6584   udiff=  1.7079E-05 (102, 13)   vdiff=  1.9318E-05 (120,  9)
n=  6585   udiff=  1.7047E-05 (102, 13)   vdiff=  1.9232E-05 (120,  9)
n=  6586   udiff=  1.7035E-05 (102, 13)   vdiff=  1.9438E-05 (120,  9)
n=  6587   udiff=  1.6995E-05 (102, 13)   vdiff=  1.9343E-05 (120,  9)
n=  6588   udiff=  1.6967E-05 (103, 13)   vdiff=  1.9503E-05 (120,  9)
n=  6589   udiff=  1.6916E-05 (103, 13)   vdiff=  1.9188E-05 (120,  9)
n=  6590   udiff=  1.6892E-05 (103, 13)   vdiff=  1.9319E-05 (120,  9)
n=  6591   udiff=  1.6878E-05 (103, 13)   vdiff=  1.9679E-05 (120,  9)
n=  6592   udiff=  1.6845E-05 (103, 13)   vdiff=  1.9401E-05 (120,  9)
n=  6593   udiff=  1.6842E-05 (103, 13)   vdiff=  1.9133E-05 (120,  9)
n=  6594   udiff=  1.6822E-05 (103, 13)   vdiff=  1.9465E-05 (120,  9)
n=  6595   udiff=  1.6804E-05 (103, 13)   vdiff=  1.9191E-05 (120,  9)
n=  6596   udiff=  1.6773E-05 (103, 13)   vdiff=  1.9106E-05 (120,  9)
n=  6597   udiff=  1.6736E-05 (103, 13)   vdiff=  1.9363E-05 (120,  9)
n=  6598   udiff=  1.6737E-05 (103, 13)   vdiff=  1.9451E-05 (120,  9)
n=  6599   udiff=  1.6706E-05 (103, 13)   vdiff=  1.9211E-05 (120,  9)
n=  6600   udiff=  1.6666E-05 (104, 13)   vdiff=  1.9414E-05 (120,  9)
n=  6601   udiff=  1.6629E-05 (104, 13)   vdiff=  1.9269E-05 (120,  9)
n=  6602   udiff=  1.6591E-05 (104, 13)   vdiff=  1.9192E-05 (120,  9)
n=  6603   udiff=  1.6569E-05 (104, 13)   vdiff=  1.9414E-05 (120,  9)
n=  6604   udiff=  1.6538E-05 (103, 13)   vdiff=  1.9374E-05 (120,  9)
n=  6605   udiff=  1.6498E-05 (103, 13)   vdiff=  1.9448E-05 (120,  9)
n=  6606   udiff=  1.6454E-05 (103, 13)   vdiff=  1.9334E-05 (120,  9)
n=  6607   udiff=  1.6433E-05 (103, 13)   vdiff=  1.9300E-05 (120,  9)
n=  6608   udiff=  1.6415E-05 (103, 13)   vdiff=  1.9546E-05 (120,  9)
n=  6609   udiff=  1.6408E-05 (103, 13)   vdiff=  1.9156E-05 (120,  9)
n=  6610   udiff=  1.6380E-05 (103, 13)   vdiff=  1.9333E-05 (120,  9)
n=  6611   udiff=  1.6367E-05 (103, 13)   vdiff=  1.9606E-05 (120,  9)
n=  6612   udiff=  1.6336E-05 (103, 13)   vdiff=  1.9212E-05 (120,  9)
n=  6613   udiff=  1.6294E-05 (103, 13)   vdiff=  1.9072E-05 (120,  9)
n=  6614   udiff=  1.6285E-05 (103, 13)   vdiff=  1.9333E-05 (120,  9)
n=  6615   udiff=  1.6268E-05 (103, 13)   vdiff=  1.9196E-05 (120,  9)
n=  6616   udiff=  1.6244E-05 (104, 13)   vdiff=  1.9112E-05 (120,  9)
n=  6617   udiff=  1.6228E-05 (104, 13)   vdiff=  1.9326E-05 (120,  9)
n=  6618   udiff=  1.6172E-05 (104, 13)   vdiff=  1.9348E-05 (120,  9)
n=  6619   udiff=  1.6145E-05 (104, 13)   vdiff=  1.9066E-05 (120,  9)
n=  6620   udiff=  1.6128E-05 (104, 13)   vdiff=  1.9197E-05 (120,  9)
n=  6621   udiff=  1.6101E-05 (104, 13)   vdiff=  1.9236E-05 (120,  9)
n=  6622   udiff=  1.6098E-05 (104, 13)   vdiff=  1.9299E-05 (120,  9)
n=  6623   udiff=  1.6002E-05 (104, 13)   vdiff=  1.9415E-05 (120,  9)
n=  6624   udiff=  1.5978E-05 (104, 13)   vdiff=  1.9321E-05 (120,  9)
n=  6625   udiff=  1.5970E-05 (105, 13)   vdiff=  1.9244E-05 (120,  9)
n=  6626   udiff=  1.5954E-05 (105, 13)   vdiff=  1.9212E-05 (120,  9)
n=  6627   udiff=  1.5921E-05 (103, 13)   vdiff=  1.9293E-05 (120,  9)
n=  6628   udiff=  1.5903E-05 (104, 13)   vdiff=  1.9437E-05 (120,  9)
n=  6629   udiff=  1.5874E-05 (104, 13)   vdiff=  1.9203E-05 (120,  9)
n=  6630   udiff=  1.5844E-05 (104, 13)   vdiff=  1.9092E-05 (120,  9)
n=  6631   udiff=  1.5834E-05 (104, 13)   vdiff=  1.9284E-05 (120,  9)
n=  6632   udiff=  1.5805E-05 (104, 13)   vdiff=  1.9010E-05 (120,  9)
n=  6633   udiff=  1.5808E-05 (104, 13)   vdiff=  1.8872E-05 (120,  9)
n=  6634   udiff=  1.5747E-05 (104, 13)   vdiff=  1.9246E-05 (120,  9)
n=  6635   udiff=  1.5728E-05 (104, 13)   vdiff=  1.9208E-05 (120,  9)
n=  6636   udiff=  1.5685E-05 (104, 13)   vdiff=  1.8986E-05 (120,  9)
n=  6637   udiff=  1.5663E-05 (104, 13)   vdiff=  1.9370E-05 (120,  9)
n=  6638   udiff=  1.5664E-05 (104, 13)   vdiff=  1.9251E-05 (120,  9)
n=  6639   udiff=  1.5632E-05 (104, 13)   vdiff=  1.9221E-05 (120,  9)
n=  6640   udiff=  1.5607E-05 (104, 13)   vdiff=  1.9287E-05 (120,  9)
n=  6641   udiff=  1.5590E-05 (104, 13)   vdiff=  1.9152E-05 (120,  9)
n=  6642   udiff=  1.5553E-05 (105, 13)   vdiff=  1.9281E-05 (120,  9)
n=  6643   udiff=  1.5495E-05 (105, 13)   vdiff=  1.9144E-05 (120,  9)
n=  6644   udiff=  1.5466E-05 (105, 13)   vdiff=  1.8941E-05 (120,  9)
n=  6645   udiff=  1.5455E-05 (105, 13)   vdiff=  1.9283E-05 (120,  9)
n=  6646   udiff=  1.5430E-05 (105, 13)   vdiff=  1.8919E-05 (120,  9)
n=  6647   udiff=  1.5408E-05 (105, 13)   vdiff=  1.9039E-05 (120,  9)
n=  6648   udiff=  1.5405E-05 (105, 13)   vdiff=  1.9315E-05 (120,  9)
n=  6649   udiff=  1.5383E-05 (105, 13)   vdiff=  1.9040E-05 (120,  9)
n=  6650   udiff=  1.5364E-05 (105, 13)   vdiff=  1.9079E-05 (120,  9)
n=  6651   udiff=  1.5320E-05 (105, 13)   vdiff=  1.9239E-05 (120,  9)
n=  6652   udiff=  1.5287E-05 (105, 13)   vdiff=  1.8956E-05 (120,  9)
n=  6653   udiff=  1.5272E-05 (105, 13)   vdiff=  1.9317E-05 (120,  9)
n=  6654   udiff=  1.5274E-05 (105, 13)   vdiff=  1.9226E-05 (120,  9)
n=  6655   udiff=  1.5251E-05 (105, 13)   vdiff=  1.9118E-05 (120,  9)
n=  6656   udiff=  1.5174E-05 (104, 13)   vdiff=  1.9062E-05 (120,  9)
n=  6657   udiff=  1.5147E-05 (104, 13)   vdiff=  1.8936E-05 (120,  9)
n=  6658   udiff=  1.5118E-05 (104, 13)   vdiff=  1.8946E-05 (120,  9)
n=  6659   udiff=  1.5081E-05 (104, 13)   vdiff=  1.8974E-05 (120,  9)
n=  6660   udiff=  1.5057E-05 (104, 13)   vdiff=  1.8948E-05 (120,  9)
n=  6661   udiff=  1.5058E-05 (104, 13)   vdiff=  1.8960E-05 (120,  9)
n=  6662   udiff=  1.5028E-05 (104, 13)   vdiff=  1.9003E-05 (120,  9)
n=  6663   udiff=  1.5012E-05 (104, 13)   vdiff=  1.8851E-05 (120,  9)
n=  6664   udiff=  1.4956E-05 (105, 13)   vdiff=  1.9158E-05 (120,  9)
n=  6665   udiff=  1.4936E-05 (105, 13)   vdiff=  1.9118E-05 (120,  9)
n=  6666   udiff=  1.4933E-05 (105, 13)   vdiff=  1.8883E-05 (120,  9)
n=  6667   udiff=  1.4892E-05 (105, 13)   vdiff=  1.9059E-05 (120,  9)
n=  6668   udiff=  1.4867E-05 (105, 13)   vdiff=  1.8977E-05 (120,  9)
n=  6669   udiff=  1.4852E-05 (105, 13)   vdiff=  1.8715E-05 (120,  9)
n=  6670   udiff=  1.4819E-05 (105, 13)   vdiff=  1.8878E-05 (120,  9)
n=  6671   udiff=  1.4804E-05 (105, 13)   vdiff=  1.8726E-05 (120,  9)
n=  6672   udiff=  1.4801E-05 (105, 13)   vdiff=  1.8832E-05 (120,  9)
n=  6673   udiff=  1.4782E-05 (105, 13)   vdiff=  1.8892E-05 (120,  9)
n=  6674   udiff=  1.4761E-05 (105, 13)   vdiff=  1.8893E-05 (120,  9)
n=  6675   udiff=  1.4733E-05 (105, 13)   vdiff=  1.9016E-05 (120,  9)
n=  6676   udiff=  1.4687E-05 (106, 13)   vdiff=  1.8710E-05 (120,  9)
n=  6677   udiff=  1.4666E-05 (106, 13)   vdiff=  1.8871E-05 (120,  9)
n=  6678   udiff=  1.4661E-05 (105, 13)   vdiff=  1.9102E-05 (120,  9)
n=  6679   udiff=  1.4644E-05 (105, 13)   vdiff=  1.8802E-05 (120,  9)
n=  6680   udiff=  1.4580E-05 (106, 13)   vdiff=  1.8604E-05 (120,  9)
n=  6681   udiff=  1.4548E-05 (106, 13)   vdiff=  1.8856E-05 (120,  9)
n=  6682   udiff=  1.4495E-05 (105, 13)   vdiff=  1.8857E-05 (120,  9)
n=  6683   udiff=  1.4473E-05 (105, 13)   vdiff=  1.8794E-05 (120,  9)
n=  6684   udiff=  1.4446E-05 (105, 13)   vdiff=  1.8751E-05 (120,  9)
n=  6685   udiff=  1.4425E-05 (105, 13)   vdiff=  1.8718E-05 (120,  9)
n=  6686   udiff=  1.4390E-05 (105, 13)   vdiff=  1.8761E-05 (120,  9)
n=  6687   udiff=  1.4370E-05 (105, 13)   vdiff=  1.8646E-05 (120,  9)
n=  6688   udiff=  1.4353E-05 (106, 13)   vdiff=  1.8546E-05 (120,  9)
n=  6689   udiff=  1.4323E-05 (106, 13)   vdiff=  1.8766E-05 (120,  9)
n=  6690   udiff=  1.4314E-05 (105, 13)   vdiff=  1.8752E-05 (120,  9)
n=  6691   udiff=  1.4299E-05 (105, 13)   vdiff=  1.8604E-05 (120,  9)
n=  6692   udiff=  1.4268E-05 (105, 13)   vdiff=  1.8809E-05 (120,  9)
n=  6693   udiff=  1.4230E-05 (105, 13)   vdiff=  1.8461E-05 (120,  9)
n=  6694   udiff=  1.4222E-05 (106, 13)   vdiff=  1.8700E-05 (120,  9)
n=  6695   udiff=  1.4198E-05 (106, 13)   vdiff=  1.8638E-05 (120,  9)
n=  6696   udiff=  1.4173E-05 (106, 13)   vdiff=  1.8444E-05 (120,  9)
n=  6697   udiff=  1.4155E-05 (106, 13)   vdiff=  1.8501E-05 (120,  9)
n=  6698   udiff=  1.4136E-05 (105, 13)   vdiff=  1.8606E-05 (120,  9)
n=  6699   udiff=  1.4111E-05 (105, 13)   vdiff=  1.8499E-05 (120,  9)
n=  6700   udiff=  1.4088E-05 (105, 13)   vdiff=  1.8525E-05 (120,  9)
n=  6701   udiff=  1.4069E-05 (106, 13)   vdiff=  1.8423E-05 (120,  9)
n=  6702   udiff=  1.4052E-05 (106, 13)   vdiff=  1.8785E-05 (120,  9)
n=  6703   udiff=  1.4035E-05 (106, 13)   vdiff=  1.8809E-05 (120,  9)
n=  6704   udiff=  1.3993E-05 (106, 13)   vdiff=  1.8400E-05 (120,  9)
n=  6705   udiff=  1.3962E-05 (106, 13)   vdiff=  1.8670E-05 (120,  9)
n=  6706   udiff=  1.3949E-05 (106, 13)   vdiff=  1.8573E-05 (120,  9)
n=  6707   udiff=  1.3930E-05 (106, 13)   vdiff=  1.8648E-05 (120,  9)
n=  6708   udiff=  1.3901E-05 (106, 13)   vdiff=  1.8420E-05 (120,  9)
n=  6709   udiff=  1.3878E-05 (106, 13)   vdiff=  1.8285E-05 (120,  9)
n=  6710   udiff=  1.3808E-05 (107, 13)   vdiff=  1.8551E-05 (120,  9)
n=  6711   udiff=  1.3786E-05 (107, 13)   vdiff=  1.8340E-05 (120,  9)
n=  6712   udiff=  1.3744E-05 (106, 13)   vdiff=  1.8262E-05 (120,  9)
n=  6713   udiff=  1.3737E-05 (107, 13)   vdiff=  1.8497E-05 (120,  9)
n=  6714   udiff=  1.3725E-05 (107, 13)   vdiff=  1.8201E-05 (120,  9)
n=  6715   udiff=  1.3703E-05 (107, 13)   vdiff=  1.8484E-05 (120,  9)
n=  6716   udiff=  1.3675E-05 (107, 13)   vdiff=  1.8500E-05 (120,  9)
n=  6717   udiff=  1.3653E-05 (107, 13)   vdiff=  1.8462E-05 (120,  9)
n=  6718   udiff=  1.3627E-05 (107, 13)   vdiff=  1.8433E-05 (120,  9)
n=  6719   udiff=  1.3608E-05 (107, 13)   vdiff=  1.8346E-05 (120,  9)
n=  6720   udiff=  1.3613E-05 (107, 13)   vdiff=  1.8179E-05 (120,  9)
n=  6721   udiff=  1.3552E-05 (106, 13)   vdiff=  1.8158E-05 (120,  9)
n=  6722   udiff=  1.3531E-05 (106, 13)   vdiff=  1.8142E-05 (120,  9)
n=  6723   udiff=  1.3505E-05 (106, 13)   vdiff=  1.8359E-05 (120,  9)
n=  6724   udiff=  1.3485E-05 (106, 13)   vdiff=  1.8292E-05 (120,  9)
n=  6725   udiff=  1.3446E-05 (106, 13)   vdiff=  1.7957E-05 (120,  9)
n=  6726   udiff=  1.3424E-05 (106, 13)   vdiff=  1.8175E-05 (120,  9)
n=  6727   udiff=  1.3394E-05 (106, 13)   vdiff=  1.8153E-05 (120,  9)
n=  6728   udiff=  1.3398E-05 (106, 13)   vdiff=  1.8095E-05 (120,  9)
n=  6729   udiff=  1.3385E-05 (106, 13)   vdiff=  1.8179E-05 (120,  9)
n=  6730   udiff=  1.3347E-05 (106, 13)   vdiff=  1.8099E-05 (120,  9)
n=  6731   udiff=  1.3309E-05 (106, 13)   vdiff=  1.8314E-05 (120,  9)
n=  6732   udiff=  1.3288E-05 (106, 13)   vdiff=  1.8039E-05 (120,  9)
n=  6733   udiff=  1.3251E-05 (106, 13)   vdiff=  1.8240E-05 (120,  9)
n=  6734   udiff=  1.3250E-05 (106, 13)   vdiff=  1.8122E-05 (120,  9)
n=  6735   udiff=  1.3226E-05 (106, 13)   vdiff=  1.7830E-05 (120,  9)
n=  6736   udiff=  1.3195E-05 (106, 13)   vdiff=  1.8004E-05 (120,  9)
n=  6737   udiff=  1.3174E-05 (107, 13)   vdiff=  1.8074E-05 (120,  9)
n=  6738   udiff=  1.3131E-05 (107, 13)   vdiff=  1.8243E-05 (120,  9)
n=  6739   udiff=  1.3091E-05 (107, 13)   vdiff=  1.7885E-05 (120,  9)
n=  6740   udiff=  1.3067E-05 (107, 13)   vdiff=  1.7834E-05 (120,  9)
n=  6741   udiff=  1.3065E-05 (107, 13)   vdiff=  1.7904E-05 (120,  9)
n=  6742   udiff=  1.3050E-05 (107, 13)   vdiff=  1.7925E-05 (120,  9)
n=  6743   udiff=  1.3025E-05 (107, 13)   vdiff=  1.8082E-05 (120,  9)
n=  6744   udiff=  1.2997E-05 (107, 13)   vdiff=  1.8067E-05 (120,  9)
n=  6745   udiff=  1.2978E-05 (107, 13)   vdiff=  1.7833E-05 (120,  9)
n=  6746   udiff=  1.2957E-05 (107, 13)   vdiff=  1.7839E-05 (120,  9)
n=  6747   udiff=  1.2944E-05 (107, 13)   vdiff=  1.7815E-05 (120,  9)
n=  6748   udiff=  1.2922E-05 (107, 13)   vdiff=  1.7671E-05 (120,  9)
n=  6749   udiff=  1.2893E-05 (107, 13)   vdiff=  1.7918E-05 (120,  9)
n=  6750   udiff=  1.2871E-05 (107, 13)   vdiff=  1.7716E-05 (120,  9)
n=  6751   udiff=  1.2851E-05 (107, 13)   vdiff=  1.7817E-05 (120,  9)
n=  6752   udiff=  1.2832E-05 (107, 13)   vdiff=  1.7812E-05 (120,  9)
n=  6753   udiff=  1.2800E-05 (107, 13)   vdiff=  1.7654E-05 (120,  9)
n=  6754   udiff=  1.2781E-05 (107, 13)   vdiff=  1.7632E-05 (120,  9)
n=  6755   udiff=  1.2723E-05 (108, 13)   vdiff=  1.7700E-05 (120,  9)
n=  6756   udiff=  1.2703E-05 (108, 13)   vdiff=  1.7943E-05 (120,  9)
n=  6757   udiff=  1.2663E-05 (106, 13)   vdiff=  1.7635E-05 (120,  9)
n=  6758   udiff=  1.2636E-05 (106, 13)   vdiff=  1.7668E-05 (120,  9)
n=  6759   udiff=  1.2618E-05 (106, 13)   vdiff=  1.7670E-05 (120,  9)
n=  6760   udiff=  1.2593E-05 (106, 13)   vdiff=  1.7536E-05 (120,  9)
n=  6761   udiff=  1.2589E-05 (108, 13)   vdiff=  1.7671E-05 (120,  9)
n=  6762   udiff=  1.2571E-05 (108, 13)   vdiff=  1.7414E-05 (120,  9)
n=  6763   udiff=  1.2523E-05 (107, 13)   vdiff=  1.7715E-05 (120,  9)
n=  6764   udiff=  1.2494E-05 (107, 13)   vdiff=  1.7506E-05 (120,  9)
n=  6765   udiff=  1.2482E-05 (107, 13)   vdiff=  1.7324E-05 (120,  9)
n=  6766   udiff=  1.2452E-05 (106, 13)   vdiff=  1.7562E-05 (120,  9)
n=  6767   udiff=  1.2431E-05 (106, 13)   vdiff=  1.7393E-05 (120,  9)
n=  6768   udiff=  1.2412E-05 (106, 13)   vdiff=  1.7415E-05 (120,  9)
n=  6769   udiff=  1.2367E-05 (107, 13)   vdiff=  1.7470E-05 (120,  9)
n=  6770   udiff=  1.2366E-05 (107, 13)   vdiff=  1.7342E-05 (120,  9)
n=  6771   udiff=  1.2349E-05 (107, 13)   vdiff=  1.7520E-05 (120,  9)
n=  6772   udiff=  1.2328E-05 (107, 13)   vdiff=  1.7133E-05 (120,  9)
n=  6773   udiff=  1.2300E-05 (107, 13)   vdiff=  1.7418E-05 (120,  9)
n=  6774   udiff=  1.2282E-05 (107, 13)   vdiff=  1.7294E-05 (120,  9)
n=  6775   udiff=  1.2259E-05 (107, 13)   vdiff=  1.7309E-05 (120,  9)
n=  6776   udiff=  1.2208E-05 (107, 13)   vdiff=  1.7175E-05 (120,  9)
n=  6777   udiff=  1.2199E-05 (107, 13)   vdiff=  1.7355E-05 (120,  9)
n=  6778   udiff=  1.2189E-05 (107, 13)   vdiff=  1.7476E-05 (120,  9)
n=  6779   udiff=  1.2159E-05 (107, 13)   vdiff=  1.7008E-05 (120,  9)
n=  6780   udiff=  1.2151E-05 (107, 13)   vdiff=  1.7272E-05 (120,  9)
n=  6781   udiff=  1.2120E-05 (107, 13)   vdiff=  1.7182E-05 (120,  9)
n=  6782   udiff=  1.2106E-05 (107, 13)   vdiff=  1.7440E-05 (120,  9)
n=  6783   udiff=  1.2082E-05 (107, 13)   vdiff=  1.7219E-05 (120,  9)
n=  6784   udiff=  1.2055E-05 (107, 13)   vdiff=  1.7113E-05 (120,  9)
n=  6785   udiff=  1.2029E-05 (107, 13)   vdiff=  1.7253E-05 (120,  9)
n=  6786   udiff=  1.2013E-05 (107, 13)   vdiff=  1.7079E-05 (120,  9)
n=  6787   udiff=  1.1991E-05 (107, 13)   vdiff=  1.7178E-05 (120,  9)
n=  6788   udiff=  1.1959E-05 (107, 13)   vdiff=  1.6913E-05 (120,  9)
n=  6789   udiff=  1.1938E-05 (107, 13)   vdiff=  1.6858E-05 (120,  9)
n=  6790   udiff=  1.1895E-05 (108, 13)   vdiff=  1.6889E-05 (120,  9)
n=  6791   udiff=  1.1872E-05 (108, 13)   vdiff=  1.7036E-05 (120,  9)
n=  6792   udiff=  1.1856E-05 (108, 13)   vdiff=  1.7101E-05 (120,  9)
n=  6793   udiff=  1.1851E-05 (108, 13)   vdiff=  1.7032E-05 (120,  9)
n=  6794   udiff=  1.1818E-05 (108, 13)   vdiff=  1.6864E-05 (120,  9)
n=  6795   udiff=  1.1783E-05 (108, 13)   vdiff=  1.6791E-05 (120,  9)
n=  6796   udiff=  1.1760E-05 (108, 13)   vdiff=  1.7075E-05 (120,  9)
n=  6797   udiff=  1.1741E-05 (108, 13)   vdiff=  1.7063E-05 (120,  9)
n=  6798   udiff=  1.1724E-05 (108, 13)   vdiff=  1.6753E-05 (120,  9)
n=  6799   udiff=  1.1705E-05 (108, 13)   vdiff=  1.6883E-05 (120,  9)
n=  6800   udiff=  1.1683E-05 (108, 13)   vdiff=  1.6823E-05 (120,  9)
n=  6801   udiff=  1.1668E-05 (108, 13)   vdiff=  1.6904E-05 (120,  9)
n=  6802   udiff=  1.1647E-05 (108, 13)   vdiff=  1.6689E-05 (120,  9)
n=  6803   udiff=  1.1631E-05 (108, 13)   vdiff=  1.6858E-05 (120,  9)
n=  6804   udiff=  1.1594E-05 (108, 13)   vdiff=  1.6728E-05 (120,  9)
n=  6805   udiff=  1.1515E-05 (109, 13)   vdiff=  1.6842E-05 (120,  9)
n=  6806   udiff=  1.1488E-05 (109, 13)   vdiff=  1.6718E-05 (120,  9)
n=  6807   udiff=  1.1463E-05 (107, 13)   vdiff=  1.6666E-05 (120,  9)
n=  6808   udiff=  1.1449E-05 (107, 13)   vdiff=  1.6801E-05 (120,  9)
n=  6809   udiff=  1.1442E-05 (107, 13)   vdiff=  1.6538E-05 (120,  9)
n=  6810   udiff=  1.1416E-05 (107, 13)   vdiff=  1.6564E-05 (120,  9)
n=  6811   udiff=  1.1400E-05 (107, 13)   vdiff=  1.6694E-05 (120,  9)
n=  6812   udiff=  1.1383E-05 (107, 13)   vdiff=  1.6527E-05 (120,  9)
n=  6813   udiff=  1.1364E-05 (107, 13)   vdiff=  1.6588E-05 (120,  9)
n=  6814   udiff=  1.1332E-05 (107, 13)   vdiff=  1.6415E-05 (120,  9)
n=  6815   udiff=  1.1296E-05 (109, 13)   vdiff=  1.6466E-05 (120,  9)
n=  6816   udiff=  1.1275E-05 (108, 13)   vdiff=  1.6374E-05 (120,  9)
n=  6817   udiff=  1.1272E-05 (108, 13)   vdiff=  1.6362E-05 (120,  9)
n=  6818   udiff=  1.1248E-05 (107, 13)   vdiff=  1.6327E-05 (120,  9)
n=  6819   udiff=  1.1231E-05 (108, 13)   vdiff=  1.6426E-05 (120,  9)
n=  6820   udiff=  1.1213E-05 (108, 13)   vdiff=  1.6570E-05 (120,  9)
n=  6821   udiff=  1.1199E-05 (108, 13)   vdiff=  1.6543E-05 (120,  9)
n=  6822   udiff=  1.1183E-05 (108, 13)   vdiff=  1.6458E-05 (120,  9)
n=  6823   udiff=  1.1155E-05 (108, 13)   vdiff=  1.6268E-05 (120,  9)
n=  6824   udiff=  1.1119E-05 (107, 13)   vdiff=  1.6445E-05 (120,  9)
n=  6825   udiff=  1.1094E-05 (108, 13)   vdiff=  1.6254E-05 (120,  9)
n=  6826   udiff=  1.1089E-05 (108, 13)   vdiff=  1.6515E-05 (120,  9)
n=  6827   udiff=  1.1076E-05 (108, 13)   vdiff=  1.6334E-05 (120,  9)
n=  6828   udiff=  1.1033E-05 (108, 13)   vdiff=  1.6611E-05 (120,  9)
n=  6829   udiff=  1.1005E-05 (108, 13)   vdiff=  1.6021E-05 (120,  9)
n=  6830   udiff=  1.0971E-05 (108, 13)   vdiff=  1.6165E-05 (120,  9)
n=  6831   udiff=  1.0955E-05 (108, 13)   vdiff=  1.6119E-05 (120,  9)
n=  6832   udiff=  1.0934E-05 (108, 13)   vdiff=  1.5985E-05 (120,  9)
n=  6833   udiff=  1.0911E-05 (108, 13)   vdiff=  1.5945E-05 (120,  9)
n=  6834   udiff=  1.0906E-05 (108, 13)   vdiff=  1.5954E-05 (120,  9)
n=  6835   udiff=  1.0855E-05 (108, 13)   vdiff=  1.6264E-05 (120,  9)
n=  6836   udiff=  1.0834E-05 (108, 13)   vdiff=  1.6068E-05 (120,  9)
n=  6837   udiff=  1.0816E-05 (108, 13)   vdiff=  1.6165E-05 (120,  9)
n=  6838   udiff=  1.0791E-05 (108, 13)   vdiff=  1.5876E-05 (120,  9)
n=  6839   udiff=  1.0769E-05 (108, 13)   vdiff=  1.6104E-05 (120,  9)
n=  6840   udiff=  1.0751E-05 (108, 13)   vdiff=  1.6122E-05 (120,  9)
n=  6841   udiff=  1.0731E-05 (108, 13)   vdiff=  1.6176E-05 (120,  9)
n=  6842   udiff=  1.0706E-05 (108, 13)   vdiff=  1.6036E-05 (120,  9)
n=  6843   udiff=  1.0707E-05 (108, 13)   vdiff=  1.6165E-05 (120,  9)
n=  6844   udiff=  1.0694E-05 (108, 13)   vdiff=  1.5959E-05 (120,  9)
n=  6845   udiff=  1.0641E-05 (108, 13)   vdiff=  1.5609E-05 (120,  9)
n=  6846   udiff=  1.0616E-05 (108, 13)   vdiff=  1.5771E-05 (120,  9)
n=  6847   udiff=  1.0601E-05 (108, 13)   vdiff=  1.5546E-05 (120,  9)
n=  6848   udiff=  1.0587E-05 (108, 13)   vdiff=  1.5734E-05 (120,  9)
n=  6849   udiff=  1.0563E-05 (108, 13)   vdiff=  1.5560E-05 (120,  9)
n=  6850   udiff=  1.0545E-05 (108, 13)   vdiff=  1.5890E-05 (120,  9)
n=  6851   udiff=  1.0476E-05 (109, 13)   vdiff=  1.5625E-05 (120,  9)
n=  6852   udiff=  1.0455E-05 (109, 13)   vdiff=  1.5816E-05 (120,  9)
n=  6853   udiff=  1.0433E-05 (109, 13)   vdiff=  1.5414E-05 (120,  9)
n=  6854   udiff=  1.0418E-05 (108, 13)   vdiff=  1.5713E-05 (120,  9)
n=  6855   udiff=  1.0402E-05 (108, 13)   vdiff=  1.5738E-05 (120,  9)
n=  6856   udiff=  1.0371E-05 (109, 13)   vdiff=  1.5992E-05 (120,  9)
n=  6857   udiff=  1.0365E-05 (109, 13)   vdiff=  1.5443E-05 (120,  9)
n=  6858   udiff=  1.0361E-05 (109, 13)   vdiff=  1.5730E-05 (120,  9)
n=  6859   udiff=  1.0337E-05 (109, 13)   vdiff=  1.5509E-05 (120,  9)
n=  6860   udiff=  1.0307E-05 (109, 13)   vdiff=  1.5791E-05 (120,  9)
n=  6861   udiff=  1.0279E-05 (108, 13)   vdiff=  1.5555E-05 (120,  9)
n=  6862   udiff=  1.0248E-05 (109, 13)   vdiff=  1.5403E-05 (120,  9)
n=  6863   udiff=  1.0228E-05 (108, 13)   vdiff=  1.5227E-05 (120,  9)
n=  6864   udiff=  1.0215E-05 (109, 13)   vdiff=  1.5487E-05 (120,  9)
n=  6865   udiff=  1.0207E-05 (108, 13)   vdiff=  1.5539E-05 (120,  9)
n=  6866   udiff=  1.0183E-05 (109, 13)   vdiff=  1.5263E-05 (120,  9)
n=  6867   udiff=  1.0167E-05 (109, 13)   vdiff=  1.5283E-05 (120,  9)
n=  6868   udiff=  1.0147E-05 (109, 13)   vdiff=  1.5239E-05 (120,  9)
n=  6869   udiff=  1.0128E-05 (109, 13)   vdiff=  1.5295E-05 (120,  9)
n=  6870   udiff=  1.0101E-05 (109, 13)   vdiff=  1.5230E-05 (120,  9)
n=  6871   udiff=  1.0064E-05 (109, 13)   vdiff=  1.5424E-05 (120,  9)
n=  6872   udiff=  1.0039E-05 (108, 13)   vdiff=  1.5256E-05 (120,  9)
n=  6873   udiff=  1.0021E-05 (108, 13)   vdiff=  1.5427E-05 (120,  9)
n=  6874   udiff=  1.0005E-05 (109, 13)   vdiff=  1.5101E-05 (120,  9)
n=  6875   udiff=  9.9871E-06 (109, 13)   vdiff=  1.5166E-05 (120,  9)
n=  6876   udiff=  9.9934E-06 (109, 13)   vdiff=  1.5108E-05 (120,  9)
n=  6877   udiff=  9.9708E-06 (109, 13)   vdiff=  1.5132E-05 (120,  9)
n=  6878   udiff=  9.9308E-06 (109, 13)   vdiff=  1.4845E-05 (120,  9)
n=  6879   udiff=  9.9120E-06 (109, 13)   vdiff=  1.4977E-05 (120,  9)
n=  6880   udiff=  9.8968E-06 (109, 13)   vdiff=  1.5083E-05 (120,  9)
n=  6881   udiff=  9.8749E-06 (109, 13)   vdiff=  1.5078E-05 (120,  9)
n=  6882   udiff=  9.8355E-06 (109, 13)   vdiff=  1.5002E-05 (120,  9)
n=  6883   udiff=  9.8182E-06 (109, 13)   vdiff=  1.4935E-05 (120,  9)
n=  6884   udiff=  9.8093E-06 (109, 13)   vdiff=  1.4880E-05 (120,  9)
n=  6885   udiff=  9.7787E-06 (109, 13)   vdiff=  1.4982E-05 (120,  9)
n=  6886   udiff=  9.7758E-06 (109, 13)   vdiff=  1.5109E-05 (120,  9)
n=  6887   udiff=  9.7566E-06 (109, 13)   vdiff=  1.4886E-05 (120,  9)
n=  6888   udiff=  9.7320E-06 (109, 13)   vdiff=  1.4820E-05 (120,  9)
n=  6889   udiff=  9.7147E-06 (109, 13)   vdiff=  1.4971E-05 (120,  9)
n=  6890   udiff=  9.6442E-06 (108, 13)   vdiff=  1.4883E-05 (120,  9)
n=  6891   udiff=  9.6189E-06 (108, 13)   vdiff=  1.4772E-05 (120,  9)
n=  6892   udiff=  9.6023E-06 (108, 13)   vdiff=  1.4575E-05 (120,  9)
n=  6893   udiff=  9.5735E-06 (108, 13)   vdiff=  1.4673E-05 (120,  9)
n=  6894   udiff=  9.5601E-06 (110, 13)   vdiff=  1.4573E-05 (120,  9)
n=  6895   udiff=  9.5473E-06 (110, 13)   vdiff=  1.4841E-05 (120,  9)
n=  6896   udiff=  9.5283E-06 (110, 13)   vdiff=  1.4584E-05 (120,  9)
n=  6897   udiff=  9.4972E-06 (110, 13)   vdiff=  1.4777E-05 (120,  9)
n=  6898   udiff=  9.4785E-06 (108, 13)   vdiff=  1.4572E-05 (120,  9)
n=  6899   udiff=  9.4628E-06 (109, 13)   vdiff=  1.4827E-05 (120,  9)
n=  6900   udiff=  9.4500E-06 (108, 13)   vdiff=  1.4376E-05 (120,  9)
n=  6901   udiff=  9.4244E-06 (109, 13)   vdiff=  1.4628E-05 (120,  9)
n=  6902   udiff=  9.3957E-06 (110, 13)   vdiff=  1.4520E-05 (120,  9)
n=  6903   udiff=  9.3780E-06 (110, 13)   vdiff=  1.4770E-05 (120,  9)
n=  6904   udiff=  9.3494E-06 (110, 13)   vdiff=  1.4543E-05 (120,  9)
n=  6905   udiff=  9.3286E-06 (110, 13)   vdiff=  1.4637E-05 (120,  9)
n=  6906   udiff=  9.3213E-06 (110, 13)   vdiff=  1.4403E-05 (120,  9)
n=  6907   udiff=  9.2983E-06 (110, 13)   vdiff=  1.4507E-05 (120,  9)
n=  6908   udiff=  9.2751E-06 (110, 13)   vdiff=  1.4307E-05 (120,  9)
n=  6909   udiff=  9.2393E-06 (109, 13)   vdiff=  1.4261E-05 (120,  9)
n=  6910   udiff=  9.2144E-06 (109, 13)   vdiff=  1.4392E-05 (120,  9)
n=  6911   udiff=  9.2004E-06 (109, 13)   vdiff=  1.4301E-05 (120,  9)
n=  6912   udiff=  9.1790E-06 (110, 13)   vdiff=  1.4315E-05 (120,  9)
n=  6913   udiff=  9.1671E-06 (110, 13)   vdiff=  1.4400E-05 (120,  9)
n=  6914   udiff=  9.1497E-06 (110, 13)   vdiff=  1.4314E-05 (120,  9)
n=  6915   udiff=  9.1269E-06 (110, 13)   vdiff=  1.4198E-05 (120,  9)
n=  6916   udiff=  9.0852E-06 (109, 13)   vdiff=  1.4451E-05 (120,  9)
n=  6917   udiff=  9.0536E-06 (109, 13)   vdiff=  1.4210E-05 (120,  9)
n=  6918   udiff=  9.0347E-06 (109, 13)   vdiff=  1.4144E-05 (120,  9)
n=  6919   udiff=  9.0158E-06 (109, 13)   vdiff=  1.4095E-05 (120,  9)
n=  6920   udiff=  9.0028E-06 (109, 13)   vdiff=  1.4289E-05 (120,  9)
n=  6921   udiff=  8.9856E-06 (109, 13)   vdiff=  1.4129E-05 (120,  9)
n=  6922   udiff=  8.9720E-06 (109, 13)   vdiff=  1.4377E-05 (120,  9)
n=  6923   udiff=  8.9460E-06 (109, 13)   vdiff=  1.3894E-05 (120,  9)
n=  6924   udiff=  8.9307E-06 (109, 13)   vdiff=  1.4118E-05 (120,  9)
n=  6925   udiff=  8.9016E-06 (109, 13)   vdiff=  1.3915E-05 (120,  9)
n=  6926   udiff=  8.8900E-06 (109, 13)   vdiff=  1.4091E-05 (120,  9)
n=  6927   udiff=  8.8881E-06 (109, 13)   vdiff=  1.3599E-05 (120,  9)
n=  6928   udiff=  8.8489E-06 (109, 13)   vdiff=  1.3719E-05 (120,  9)
n=  6929   udiff=  8.8283E-06 (109, 13)   vdiff=  1.3762E-05 (120,  9)
n=  6930   udiff=  8.8062E-06 (109, 13)   vdiff=  1.3962E-05 (120,  9)
n=  6931   udiff=  8.7935E-06 (109, 13)   vdiff=  1.4176E-05 (120,  9)
n=  6932   udiff=  8.7677E-06 (109, 13)   vdiff=  1.3669E-05 (120,  9)
n=  6933   udiff=  8.7527E-06 (109, 13)   vdiff=  1.3892E-05 (120,  9)
n=  6934   udiff=  8.7332E-06 (109, 13)   vdiff=  1.3597E-05 (120,  9)
n=  6935   udiff=  8.7248E-06 (109, 13)   vdiff=  1.3807E-05 (120,  9)
n=  6936   udiff=  8.7030E-06 (109, 13)   vdiff=  1.3790E-05 (120,  9)
n=  6937   udiff=  8.6760E-06 (109, 13)   vdiff=  1.3841E-05 (120,  9)
n=  6938   udiff=  8.6788E-06 (109, 13)   vdiff=  1.3588E-05 (120,  9)
n=  6939   udiff=  8.6512E-06 (109, 13)   vdiff=  1.3709E-05 (120,  9)
n=  6940   udiff=  8.6317E-06 (109, 13)   vdiff=  1.3580E-05 (120,  9)
n=  6941   udiff=  8.5877E-06 (109, 13)   vdiff=  1.3549E-05 (120,  9)
n=  6942   udiff=  8.5740E-06 (109, 13)   vdiff=  1.3434E-05 (120,  9)
n=  6943   udiff=  8.5614E-06 (109, 13)   vdiff=  1.3535E-05 (120,  9)
n=  6944   udiff=  8.5410E-06 (109, 13)   vdiff=  1.3752E-05 (120,  9)
n=  6945   udiff=  8.5161E-06 (109, 13)   vdiff=  1.3395E-05 (120,  9)
n=  6946   udiff=  8.4926E-06 (109, 13)   vdiff=  1.3364E-05 (120,  9)
n=  6947   udiff=  8.4833E-06 (109, 13)   vdiff=  1.3349E-05 (120,  9)
n=  6948   udiff=  8.4733E-06 (109, 13)   vdiff=  1.3589E-05 (120,  9)
n=  6949   udiff=  8.4704E-06 (109, 13)   vdiff=  1.3441E-05 (120,  9)
n=  6950   udiff=  8.4529E-06 (109, 13)   vdiff=  1.3436E-05 (120,  9)
n=  6951   udiff=  8.4159E-06 (109, 13)   vdiff=  1.3100E-05 (120, 10)
n=  6952   udiff=  8.3989E-06 (109, 13)   vdiff=  1.3188E-05 (120,  9)
n=  6953   udiff=  8.3626E-06 (110, 13)   vdiff=  1.3386E-05 (120,  9)
n=  6954   udiff=  8.3526E-06 (110, 13)   vdiff=  1.3342E-05 (120,  9)
n=  6955   udiff=  8.3420E-06 (110, 13)   vdiff=  1.3541E-05 (120,  9)
n=  6956   udiff=  8.3099E-06 (110, 13)   vdiff=  1.3064E-05 (120,  9)
n=  6957   udiff=  8.2975E-06 (110, 13)   vdiff=  1.3282E-05 (120,  9)
n=  6958   udiff=  8.2581E-06 (110, 13)   vdiff=  1.3208E-05 (120,  9)
n=  6959   udiff=  8.2205E-06 (110, 13)   vdiff=  1.3305E-05 (120,  9)
n=  6960   udiff=  8.2039E-06 (110, 13)   vdiff=  1.3092E-05 (120,  9)
n=  6961   udiff=  8.1890E-06 (110, 13)   vdiff=  1.3002E-05 (120,  9)
n=  6962   udiff=  8.1729E-06 (110, 13)   vdiff=  1.3158E-05 (120,  9)
n=  6963   udiff=  8.1331E-06 (110, 13)   vdiff=  1.2920E-05 (120,  9)
n=  6964   udiff=  8.1243E-06 (110, 13)   vdiff=  1.3126E-05 (120,  9)
n=  6965   udiff=  8.1015E-06 (110, 13)   vdiff=  1.3190E-05 (120,  9)
n=  6966   udiff=  8.0652E-06 (110, 13)   vdiff=  1.3082E-05 (120,  9)
n=  6967   udiff=  8.0522E-06 (110, 13)   vdiff=  1.2883E-05 (120,  9)
n=  6968   udiff=  8.0311E-06 (110, 13)   vdiff=  1.2926E-05 (120,  9)
n=  6969   udiff=  8.0396E-06 (110, 13)   vdiff=  1.2785E-05 (120,  9)
n=  6970   udiff=  8.0026E-06 (110, 13)   vdiff=  1.2896E-05 (120,  9)
n=  6971   udiff=  7.9788E-06 (110, 13)   vdiff=  1.2828E-05 (120,  9)
n=  6972   udiff=  7.9668E-06 (110, 13)   vdiff=  1.2858E-05 (120,  9)
n=  6973   udiff=  7.9463E-06 (110, 13)   vdiff=  1.2885E-05 (120,  9)
n=  6974   udiff=  7.9157E-06 (110, 13)   vdiff=  1.2678E-05 (120,  9)
n=  6975   udiff=  7.8998E-06 (110, 13)   vdiff=  1.2825E-05 (120,  9)
n=  6976   udiff=  7.8847E-06 (110, 13)   vdiff=  1.2525E-05 (120,  9)
n=  6977   udiff=  7.8700E-06 (110, 13)   vdiff=  1.2712E-05 (120,  9)
n=  6978   udiff=  7.8561E-06 (110, 13)   vdiff=  1.2847E-05 (120,  9)
n=  6979   udiff=  7.8289E-06 (110, 13)   vdiff=  1.2633E-05 (120,  9)
n=  6980   udiff=  7.8108E-06 (110, 13)   vdiff=  1.2748E-05 (120,  9)
n=  6981   udiff=  7.8006E-06 (110, 13)   vdiff=  1.2408E-05 (120,  9)
n=  6982   udiff=  7.7781E-06 (110, 13)   vdiff=  1.2443E-05 (120,  9)
n=  6983   udiff=  7.7493E-06 (110, 13)   vdiff=  1.2522E-05 (120,  9)
n=  6984   udiff=  7.7322E-06 (110, 13)   vdiff=  1.2697E-05 (120,  9)
n=  6985   udiff=  7.7134E-06 (110, 13)   vdiff=  1.2738E-05 (120,  9)
n=  6986   udiff=  7.6994E-06 (110, 13)   vdiff=  1.2376E-05 (120,  9)
n=  6987   udiff=  7.6838E-06 (110, 13)   vdiff=  1.2490E-05 (120,  9)
n=  6988   udiff=  7.6601E-06 (110, 13)   vdiff=  1.2338E-05 (120,  9)
n=  6989   udiff=  7.6293E-06 (110, 13)   vdiff=  1.2486E-05 (120,  9)
n=  6990   udiff=  7.6101E-06 (110, 13)   vdiff=  1.2569E-05 (120,  9)
n=  6991   udiff=  7.5926E-06 (110, 13)   vdiff=  1.2272E-05 (120,  9)
n=  6992   udiff=  7.5869E-06 (110, 13)   vdiff=  1.2349E-05 (120,  9)
n=  6993   udiff=  7.5743E-06 (110, 13)   vdiff=  1.2234E-05 (120,  9)
n=  6994   udiff=  7.5802E-06 (110, 13)   vdiff=  1.2412E-05 (120,  9)
n=  6995   udiff=  7.5627E-06 (110, 13)   vdiff=  1.2182E-05 (120,  9)
n=  6996   udiff=  7.5211E-06 (110, 13)   vdiff=  1.2218E-05 (120,  9)
n=  6997   udiff=  7.4903E-06 (110, 13)   vdiff=  1.2246E-05 (120,  9)
n=  6998   udiff=  7.4634E-06 (110, 13)   vdiff=  1.1963E-05 (120,  9)
n=  6999   udiff=  7.4509E-06 (110, 13)   vdiff=  1.2206E-05 (120,  9)
n=  7000   udiff=  7.4338E-06 (110, 13)   vdiff=  1.1938E-05 (120,  9)
 FAILED to converge in maximum time steps        7000
