 Forming PPE matrix
 Calculating LU decomposition of PPE matrix
 Starting time step loop
n=     1   udiff=  3.3880E+03 ( 61, 15)   vdiff=  2.8861E+03 ( 60, 16)
n=     2   udiff=  6.0366E+01 ( 60, 15)   vdiff=  6.5890E+01 ( 60, 16)
n=     3   udiff=  5.5668E+01 ( 60, 15)   vdiff=  6.4797E+01 ( 60, 16)
n=     4   udiff=  5.0813E+01 ( 60, 15)   vdiff=  6.3504E+01 ( 60, 16)
n=     5   udiff=  5.0978E+01 ( 60, 16)   vdiff=  6.5999E+01 ( 60, 15)
n=     6   udiff=  5.1986E+01 ( 60, 16)   vdiff=  6.9103E+01 ( 60, 15)
n=     7   udiff=  5.2753E+01 ( 60, 16)   vdiff=  7.1903E+01 ( 60, 15)
n=     8   udiff=  5.3269E+01 ( 60, 16)   vdiff=  7.4386E+01 ( 60, 15)
n=     9   udiff=  5.3526E+01 ( 60, 16)   vdiff=  7.6538E+01 ( 60, 15)
n=    10   udiff=  5.3519E+01 ( 60, 16)   vdiff=  7.8349E+01 ( 60, 15)
n=    11   udiff=  5.3243E+01 ( 60, 16)   vdiff=  7.9809E+01 ( 60, 15)
n=    12   udiff=  5.2697E+01 ( 60, 16)   vdiff=  8.0908E+01 ( 60, 15)
n=    13   udiff=  5.1882E+01 ( 60, 16)   vdiff=  8.1638E+01 ( 60, 15)
n=    14   udiff=  5.0800E+01 ( 60, 16)   vdiff=  8.1993E+01 ( 60, 15)
n=    15   udiff=  4.9458E+01 ( 60, 16)   vdiff=  8.1966E+01 ( 60, 15)
n=    16   udiff=  4.8413E+01 ( 62, 15)   vdiff=  8.1553E+01 ( 60, 15)
n=    17   udiff=  4.9213E+01 ( 62, 15)   vdiff=  8.0753E+01 ( 60, 15)
n=    18   udiff=  4.9855E+01 ( 62, 15)   vdiff=  7.9563E+01 ( 60, 15)
n=    19   udiff=  5.0334E+01 ( 62, 15)   vdiff=  7.7986E+01 ( 60, 15)
n=    20   udiff=  5.0648E+01 ( 62, 15)   vdiff=  7.6023E+01 ( 60, 15)
n=    21   udiff=  5.0791E+01 ( 62, 15)   vdiff=  7.5590E+01 (120,  7)
n=    22   udiff=  5.0762E+01 ( 62, 15)   vdiff=  7.6479E+01 (120,  6)
n=    23   udiff=  5.0559E+01 ( 62, 15)   vdiff=  7.7381E+01 (120,  6)
n=    24   udiff=  5.0181E+01 ( 62, 15)   vdiff=  7.8205E+01 (120,  6)
n=    25   udiff=  4.9628E+01 ( 62, 15)   vdiff=  7.8946E+01 (120,  6)
n=    26   udiff=  4.8901E+01 ( 62, 15)   vdiff=  7.9594E+01 (120,  6)
n=    27   udiff=  4.8001E+01 ( 62, 15)   vdiff=  8.0142E+01 (120,  6)
n=    28   udiff=  4.6932E+01 ( 62, 15)   vdiff=  8.0579E+01 (120,  6)
n=    29   udiff=  4.7085E+01 ( 60, 15)   vdiff=  8.0896E+01 (120,  6)
n=    30   udiff=  4.7306E+01 ( 60, 15)   vdiff=  8.1082E+01 (120,  6)
n=    31   udiff=  4.7123E+01 ( 60, 15)   vdiff=  8.1746E+01 (120,  5)
n=    32   udiff=  4.6544E+01 ( 60, 15)   vdiff=  8.2585E+01 (120,  5)
n=    33   udiff=  4.5578E+01 ( 60, 15)   vdiff=  8.3326E+01 (120,  5)
n=    34   udiff=  4.4240E+01 ( 60, 15)   vdiff=  8.3954E+01 (120,  5)
n=    35   udiff=  4.3379E+01 ( 63, 15)   vdiff=  8.4730E+01 (119,  6)
n=    36   udiff=  4.2971E+01 ( 63, 15)   vdiff=  8.6099E+01 (119,  6)
n=    37   udiff=  4.2462E+01 ( 63, 15)   vdiff=  8.7327E+01 (119,  6)
n=    38   udiff=  4.1857E+01 ( 63, 15)   vdiff=  8.8401E+01 (119,  6)
n=    39   udiff=  4.1160E+01 ( 63, 15)   vdiff=  8.9312E+01 (119,  6)
n=    40   udiff=  4.2418E+01 (120,  1)   vdiff=  9.0048E+01 (119,  6)
n=    41   udiff=  4.4031E+01 (120,  1)   vdiff=  9.0595E+01 (119,  6)
n=    42   udiff=  4.5715E+01 (120,  1)   vdiff=  9.0944E+01 (119,  6)
n=    43   udiff=  4.7473E+01 (120,  1)   vdiff=  9.1080E+01 (119,  6)
n=    44   udiff=  4.9304E+01 (120,  1)   vdiff=  9.0994E+01 (119,  6)
n=    45   udiff=  5.1208E+01 (120,  1)   vdiff=  9.0672E+01 (119,  6)
n=    46   udiff=  5.3185E+01 (120,  1)   vdiff=  9.0577E+01 (120,  4)
n=    47   udiff=  5.5234E+01 (120,  1)   vdiff=  9.0546E+01 (120,  4)
n=    48   udiff=  5.7352E+01 (120,  1)   vdiff=  9.0244E+01 (120,  4)
n=    49   udiff=  5.9535E+01 (120,  1)   vdiff=  9.1265E+01 (120,  3)
n=    50   udiff=  6.1780E+01 (120,  1)   vdiff=  9.3025E+01 (120,  3)
n=    51   udiff=  6.4082E+01 (120,  1)   vdiff=  9.4657E+01 (120,  3)
n=    52   udiff=  6.6432E+01 (120,  1)   vdiff=  9.6135E+01 (120,  3)
n=    53   udiff=  6.8823E+01 (120,  1)   vdiff=  9.7428E+01 (120,  3)
n=    54   udiff=  7.1245E+01 (120,  1)   vdiff=  9.8506E+01 (120,  3)
n=    55   udiff=  7.3687E+01 (120,  1)   vdiff=  9.9334E+01 (120,  3)
n=    56   udiff=  7.6134E+01 (120,  1)   vdiff=  9.9877E+01 (120,  3)
n=    57   udiff=  7.8573E+01 (120,  1)   vdiff=  1.0010E+02 (120,  3)
n=    58   udiff=  8.0986E+01 (120,  1)   vdiff=  1.0052E+02 (118,  6)
n=    59   udiff=  8.3354E+01 (120,  1)   vdiff=  1.0316E+02 (118,  5)
n=    60   udiff=  8.5657E+01 (120,  1)   vdiff=  1.0693E+02 (118,  5)
n=    61   udiff=  8.7871E+01 (120,  1)   vdiff=  1.1046E+02 (118,  5)
n=    62   udiff=  8.9973E+01 (120,  1)   vdiff=  1.1366E+02 (118,  5)
n=    63   udiff=  9.1937E+01 (120,  1)   vdiff=  1.1646E+02 (118,  5)
n=    64   udiff=  9.3735E+01 (120,  1)   vdiff=  1.1875E+02 (118,  5)
n=    65   udiff=  9.5340E+01 (120,  1)   vdiff=  1.2044E+02 (118,  5)
n=    66   udiff=  9.6721E+01 (120,  1)   vdiff=  1.2141E+02 (118,  5)
n=    67   udiff=  9.7849E+01 (120,  1)   vdiff=  1.2328E+02 (118,  4)
n=    68   udiff=  9.8696E+01 (120,  1)   vdiff=  1.2908E+02 (118,  4)
n=    69   udiff=  9.9232E+01 (120,  1)   vdiff=  1.3457E+02 (118,  4)
n=    70   udiff=  9.9431E+01 (120,  1)   vdiff=  1.3964E+02 (118,  4)
n=    71   udiff=  9.9267E+01 (120,  1)   vdiff=  1.4414E+02 (118,  4)
n=    72   udiff=  9.8717E+01 (120,  1)   vdiff=  1.4790E+02 (118,  4)
n=    73   udiff=  9.7763E+01 (120,  1)   vdiff=  1.5075E+02 (118,  4)
n=    74   udiff=  9.6390E+01 (120,  1)   vdiff=  1.5254E+02 (118,  4)
n=    75   udiff=  9.4588E+01 (120,  1)   vdiff=  1.5307E+02 (118,  4)
n=    76   udiff=  9.2352E+01 (120,  1)   vdiff=  1.5219E+02 (118,  4)
n=    77   udiff=  9.6433E+01 (120,  2)   vdiff=  1.4972E+02 (118,  4)
n=    78   udiff=  1.0398E+02 (120,  2)   vdiff=  1.5278E+02 (118,  3)
n=    79   udiff=  1.1120E+02 (120,  2)   vdiff=  1.6124E+02 (118,  3)
n=    80   udiff=  1.1799E+02 (120,  2)   vdiff=  1.6912E+02 (118,  3)
n=    81   udiff=  1.2425E+02 (120,  2)   vdiff=  1.7619E+02 (118,  3)
n=    82   udiff=  1.2987E+02 (120,  2)   vdiff=  1.8224E+02 (118,  3)
n=    83   udiff=  1.3474E+02 (120,  2)   vdiff=  1.8703E+02 (118,  3)
n=    84   udiff=  1.3877E+02 (120,  2)   vdiff=  1.9033E+02 (118,  3)
n=    85   udiff=  1.4183E+02 (120,  2)   vdiff=  1.9190E+02 (118,  3)
n=    86   udiff=  1.4385E+02 (120,  2)   vdiff=  1.9155E+02 (118,  3)
n=    87   udiff=  1.4473E+02 (120,  2)   vdiff=  1.8910E+02 (118,  3)
n=    88   udiff=  1.4439E+02 (120,  2)   vdiff=  1.8440E+02 (118,  3)
n=    89   udiff=  1.4277E+02 (120,  2)   vdiff=  1.7734E+02 (118,  3)
n=    90   udiff=  1.3983E+02 (120,  2)   vdiff=  1.6790E+02 (118,  3)
n=    91   udiff=  1.3555E+02 (120,  2)   vdiff=  1.5607E+02 (118,  3)
n=    92   udiff=  1.3772E+02 (118,  3)   vdiff=  1.5943E+02 (116,  4)
n=    93   udiff=  1.4275E+02 (118,  3)   vdiff=  1.6578E+02 (116,  4)
n=    94   udiff=  1.4605E+02 (118,  3)   vdiff=  1.7106E+02 (116,  4)
n=    95   udiff=  1.4746E+02 (118,  3)   vdiff=  1.7506E+02 (116,  4)
n=    96   udiff=  1.4684E+02 (118,  3)   vdiff=  1.7755E+02 (116,  4)
n=    97   udiff=  1.4410E+02 (118,  3)   vdiff=  1.7834E+02 (116,  4)
n=    98   udiff=  1.3922E+02 (118,  3)   vdiff=  1.7900E+02 (118,  4)
n=    99   udiff=  1.3218E+02 (118,  3)   vdiff=  1.8513E+02 (118,  4)
n=   100   udiff=  1.2306E+02 (118,  3)   vdiff=  1.8822E+02 (118,  4)
n=   101   udiff=  1.1997E+02 (119,  2)   vdiff=  1.8828E+02 (118,  4)
n=   102   udiff=  1.2652E+02 (119,  2)   vdiff=  1.8537E+02 (118,  4)
n=   103   udiff=  1.3103E+02 (119,  2)   vdiff=  1.9021E+02 (116,  3)
n=   104   udiff=  1.3343E+02 (119,  2)   vdiff=  2.0037E+02 (116,  3)
n=   105   udiff=  1.3373E+02 (119,  2)   vdiff=  2.0919E+02 (116,  3)
n=   106   udiff=  1.3612E+02 (118,  2)   vdiff=  2.1637E+02 (116,  3)
n=   107   udiff=  1.4481E+02 (118,  2)   vdiff=  2.2163E+02 (116,  3)
n=   108   udiff=  1.5246E+02 (118,  2)   vdiff=  2.2473E+02 (116,  3)
n=   109   udiff=  1.5899E+02 (118,  2)   vdiff=  2.2544E+02 (116,  3)
n=   110   udiff=  1.6433E+02 (118,  2)   vdiff=  2.2359E+02 (116,  3)
n=   111   udiff=  1.6841E+02 (118,  2)   vdiff=  2.1905E+02 (116,  3)
n=   112   udiff=  1.7116E+02 (118,  2)   vdiff=  2.1175E+02 (116,  3)
n=   113   udiff=  1.7252E+02 (118,  2)   vdiff=  2.0170E+02 (116,  3)
n=   114   udiff=  1.7242E+02 (118,  2)   vdiff=  1.8895E+02 (116,  3)
n=   115   udiff=  1.7082E+02 (118,  2)   vdiff=  1.8216E+02 (118,  3)
n=   116   udiff=  1.6768E+02 (118,  2)   vdiff=  1.7402E+02 (118,  3)
n=   117   udiff=  1.6341E+02 (116,  3)   vdiff=  1.6379E+02 (118,  3)
n=   118   udiff=  1.6678E+02 (116,  3)   vdiff=  1.7208E+02 (116,  4)
n=   119   udiff=  1.6797E+02 (116,  3)   vdiff=  1.8655E+02 (116,  4)
n=   120   udiff=  1.6693E+02 (116,  3)   vdiff=  1.9831E+02 (116,  4)
n=   121   udiff=  1.6363E+02 (116,  3)   vdiff=  2.0718E+02 (116,  4)
n=   122   udiff=  1.5811E+02 (116,  3)   vdiff=  2.1305E+02 (116,  4)
n=   123   udiff=  1.5044E+02 (116,  3)   vdiff=  2.1586E+02 (116,  4)
n=   124   udiff=  1.4072E+02 (116,  3)   vdiff=  2.1565E+02 (116,  4)
n=   125   udiff=  1.3862E+02 (117,  2)   vdiff=  2.1249E+02 (116,  4)
n=   126   udiff=  1.4752E+02 (117,  2)   vdiff=  2.0653E+02 (116,  4)
n=   127   udiff=  1.5414E+02 (117,  2)   vdiff=  1.9797E+02 (116,  4)
n=   128   udiff=  1.5841E+02 (117,  2)   vdiff=  1.8707E+02 (116,  4)
n=   129   udiff=  1.6033E+02 (117,  2)   vdiff=  1.9041E+02 (114,  3)
n=   130   udiff=  1.5994E+02 (117,  2)   vdiff=  1.9663E+02 (114,  3)
n=   131   udiff=  1.5733E+02 (117,  2)   vdiff=  2.0116E+02 (114,  3)
n=   132   udiff=  1.5263E+02 (117,  2)   vdiff=  2.0384E+02 (114,  3)
n=   133   udiff=  1.4601E+02 (117,  2)   vdiff=  2.0451E+02 (114,  3)
n=   134   udiff=  1.3764E+02 (117,  2)   vdiff=  2.0306E+02 (114,  3)
n=   135   udiff=  1.3991E+02 (116,  2)   vdiff=  2.0375E+02 (116,  3)
n=   136   udiff=  1.4277E+02 (116,  2)   vdiff=  2.0562E+02 (116,  3)
n=   137   udiff=  1.4463E+02 (116,  2)   vdiff=  2.0510E+02 (116,  3)
n=   138   udiff=  1.4547E+02 (116,  2)   vdiff=  2.0226E+02 (116,  3)
n=   139   udiff=  1.4529E+02 (116,  2)   vdiff=  1.9718E+02 (116,  3)
n=   140   udiff=  1.4406E+02 (116,  2)   vdiff=  1.9001E+02 (116,  3)
n=   141   udiff=  1.4177E+02 (116,  2)   vdiff=  1.8086E+02 (116,  3)
n=   142   udiff=  1.4503E+02 (114,  3)   vdiff=  1.6990E+02 (116,  3)
n=   143   udiff=  1.4720E+02 (114,  3)   vdiff=  1.6105E+02 (114,  4)
n=   144   udiff=  1.4765E+02 (114,  3)   vdiff=  1.7065E+02 (114,  4)
n=   145   udiff=  1.4638E+02 (114,  3)   vdiff=  1.7816E+02 (114,  4)
n=   146   udiff=  1.4339E+02 (114,  3)   vdiff=  1.8353E+02 (114,  4)
n=   147   udiff=  1.3873E+02 (114,  3)   vdiff=  1.8670E+02 (114,  4)
n=   148   udiff=  1.3444E+02 (116,  3)   vdiff=  1.8768E+02 (114,  4)
n=   149   udiff=  1.3069E+02 (116,  3)   vdiff=  1.8651E+02 (114,  4)
n=   150   udiff=  1.2579E+02 (116,  3)   vdiff=  1.8327E+02 (114,  4)
n=   151   udiff=  1.2158E+02 (115,  2)   vdiff=  1.7806E+02 (114,  4)
n=   152   udiff=  1.2809E+02 (115,  2)   vdiff=  1.7102E+02 (114,  4)
n=   153   udiff=  1.3286E+02 (115,  2)   vdiff=  1.6231E+02 (114,  4)
n=   154   udiff=  1.3588E+02 (115,  2)   vdiff=  1.5403E+02 (112,  3)
n=   155   udiff=  1.3716E+02 (115,  2)   vdiff=  1.5833E+02 (112,  3)
n=   156   udiff=  1.3673E+02 (115,  2)   vdiff=  1.6145E+02 (112,  3)
n=   157   udiff=  1.3468E+02 (115,  2)   vdiff=  1.6326E+02 (112,  3)
n=   158   udiff=  1.3109E+02 (115,  2)   vdiff=  1.6368E+02 (112,  3)
n=   159   udiff=  1.2607E+02 (115,  2)   vdiff=  1.6788E+02 (114,  3)
n=   160   udiff=  1.1977E+02 (115,  2)   vdiff=  1.7312E+02 (114,  3)
n=   161   udiff=  1.1946E+02 (113,  3)   vdiff=  1.7652E+02 (114,  3)
n=   162   udiff=  1.2019E+02 (113,  3)   vdiff=  1.7809E+02 (114,  3)
n=   163   udiff=  1.1958E+02 (113,  3)   vdiff=  1.7787E+02 (114,  3)
n=   164   udiff=  1.1767E+02 (113,  3)   vdiff=  1.7593E+02 (114,  3)
n=   165   udiff=  1.1450E+02 (113,  3)   vdiff=  1.7232E+02 (114,  3)
n=   166   udiff=  1.1015E+02 (113,  3)   vdiff=  1.6714E+02 (114,  3)
n=   167   udiff=  1.0975E+02 (112,  3)   vdiff=  1.6047E+02 (114,  3)
n=   168   udiff=  1.1211E+02 (112,  3)   vdiff=  1.5243E+02 (114,  3)
n=   169   udiff=  1.1337E+02 (112,  3)   vdiff=  1.4314E+02 (114,  3)
n=   170   udiff=  1.1351E+02 (112,  3)   vdiff=  1.3445E+02 (112,  4)
n=   171   udiff=  1.1253E+02 (112,  3)   vdiff=  1.3935E+02 (112,  4)
n=   172   udiff=  1.1042E+02 (112,  3)   vdiff=  1.4284E+02 (112,  4)
n=   173   udiff=  1.1137E+02 (114,  3)   vdiff=  1.4492E+02 (112,  4)
n=   174   udiff=  1.1142E+02 (114,  3)   vdiff=  1.4559E+02 (112,  4)
n=   175   udiff=  1.1058E+02 (114,  3)   vdiff=  1.4488E+02 (112,  4)
n=   176   udiff=  1.0891E+02 (114,  3)   vdiff=  1.4283E+02 (112,  4)
n=   177   udiff=  1.0646E+02 (114,  3)   vdiff=  1.3949E+02 (112,  4)
n=   178   udiff=  1.0328E+02 (114,  3)   vdiff=  1.3496E+02 (112,  4)
n=   179   udiff=  9.9426E+01 (114,  3)   vdiff=  1.3360E+02 (116,  4)
n=   180   udiff=  1.0238E+02 (113,  2)   vdiff=  1.3907E+02 (116,  4)
n=   181   udiff=  1.0429E+02 (113,  2)   vdiff=  1.4296E+02 (116,  4)
n=   182   udiff=  1.0508E+02 (113,  2)   vdiff=  1.4530E+02 (116,  4)
n=   183   udiff=  1.0476E+02 (113,  2)   vdiff=  1.4614E+02 (116,  4)
n=   184   udiff=  1.0339E+02 (113,  2)   vdiff=  1.4553E+02 (116,  4)
n=   185   udiff=  1.0103E+02 (113,  2)   vdiff=  1.4357E+02 (116,  4)
n=   186   udiff=  9.7731E+01 (113,  2)   vdiff=  1.4033E+02 (116,  4)
n=   187   udiff=  9.3586E+01 (113,  2)   vdiff=  1.3594E+02 (116,  4)
n=   188   udiff=  9.0817E+01 (111,  3)   vdiff=  1.3771E+02 (112,  3)
n=   189   udiff=  9.0967E+01 (111,  3)   vdiff=  1.3941E+02 (112,  3)
n=   190   udiff=  9.0276E+01 (111,  3)   vdiff=  1.3992E+02 (112,  3)
n=   191   udiff=  8.8764E+01 (111,  3)   vdiff=  1.3926E+02 (112,  3)
n=   192   udiff=  8.6799E+01 (113,  3)   vdiff=  1.3749E+02 (112,  3)
n=   193   udiff=  8.7841E+01 (113,  3)   vdiff=  1.3579E+02 (116,  3)
n=   194   udiff=  8.8211E+01 (113,  3)   vdiff=  1.3498E+02 (116,  3)
n=   195   udiff=  8.7932E+01 (113,  3)   vdiff=  1.3298E+02 (116,  3)
n=   196   udiff=  8.7028E+01 (113,  3)   vdiff=  1.2987E+02 (116,  3)
n=   197   udiff=  8.5522E+01 (113,  3)   vdiff=  1.2571E+02 (116,  3)
n=   198   udiff=  8.3437E+01 (113,  3)   vdiff=  1.2059E+02 (116,  3)
n=   199   udiff=  8.0798E+01 (113,  3)   vdiff=  1.1458E+02 (116,  3)
n=   200   udiff=  8.0776E+01 (112,  3)   vdiff=  1.0776E+02 (116,  3)
n=   201   udiff=  8.2140E+01 (112,  3)   vdiff=  1.0657E+02 (110,  4)
n=   202   udiff=  8.2945E+01 (112,  3)   vdiff=  1.0674E+02 (110,  4)
n=   203   udiff=  8.3214E+01 (112,  3)   vdiff=  1.0606E+02 (110,  4)
n=   204   udiff=  8.2971E+01 (112,  3)   vdiff=  1.0457E+02 (110,  4)
n=   205   udiff=  8.2236E+01 (112,  3)   vdiff=  1.0230E+02 (110,  4)
n=   206   udiff=  8.1029E+01 (112,  3)   vdiff=  1.0485E+02 (114,  4)
n=   207   udiff=  7.9368E+01 (112,  3)   vdiff=  1.1180E+02 (114,  4)
n=   208   udiff=  7.7269E+01 (112,  3)   vdiff=  1.1760E+02 (114,  4)
n=   209   udiff=  7.5727E+01 (111,  2)   vdiff=  1.2221E+02 (114,  4)
n=   210   udiff=  7.6383E+01 (111,  2)   vdiff=  1.2563E+02 (114,  4)
n=   211   udiff=  7.6363E+01 (111,  2)   vdiff=  1.2787E+02 (114,  4)
n=   212   udiff=  7.5691E+01 (111,  2)   vdiff=  1.2896E+02 (114,  4)
n=   213   udiff=  7.4397E+01 (111,  2)   vdiff=  1.2894E+02 (114,  4)
n=   214   udiff=  7.2518E+01 (111,  2)   vdiff=  1.2785E+02 (114,  4)
n=   215   udiff=  7.0095E+01 (111,  2)   vdiff=  1.2575E+02 (114,  4)
n=   216   udiff=  6.8454E+01 (115,  2)   vdiff=  1.2271E+02 (114,  4)
n=   217   udiff=  6.7656E+01 (117,  2)   vdiff=  1.1880E+02 (114,  4)
n=   218   udiff=  6.7741E+01 (117,  2)   vdiff=  1.1410E+02 (114,  4)
n=   219   udiff=  6.7333E+01 (117,  2)   vdiff=  1.0867E+02 (114,  4)
n=   220   udiff=  6.6431E+01 (117,  2)   vdiff=  1.0635E+02 (114,  3)
n=   221   udiff=  6.7220E+01 (111,  3)   vdiff=  1.0888E+02 (114,  3)
n=   222   udiff=  6.8309E+01 (111,  3)   vdiff=  1.1047E+02 (114,  3)
n=   223   udiff=  6.8955E+01 (111,  3)   vdiff=  1.1116E+02 (114,  3)
n=   224   udiff=  6.9170E+01 (111,  3)   vdiff=  1.1096E+02 (114,  3)
n=   225   udiff=  6.8962E+01 (111,  3)   vdiff=  1.0992E+02 (114,  3)
n=   226   udiff=  6.8343E+01 (111,  3)   vdiff=  1.0808E+02 (114,  3)
n=   227   udiff=  6.7322E+01 (111,  3)   vdiff=  1.0547E+02 (114,  3)
n=   228   udiff=  6.7453E+01 (116,  2)   vdiff=  1.0214E+02 (114,  3)
n=   229   udiff=  6.8062E+01 (116,  2)   vdiff=  9.9588E+01 (116,  3)
n=   230   udiff=  6.8176E+01 (116,  2)   vdiff=  9.8783E+01 (116,  3)
n=   231   udiff=  6.7786E+01 (116,  2)   vdiff=  9.7152E+01 (116,  3)
n=   232   udiff=  6.6887E+01 (116,  2)   vdiff=  9.4698E+01 (116,  3)
n=   233   udiff=  6.5479E+01 (116,  2)   vdiff=  9.1434E+01 (116,  3)
n=   234   udiff=  6.3569E+01 (116,  2)   vdiff=  8.7380E+01 (116,  3)
n=   235   udiff=  6.1169E+01 (116,  2)   vdiff=  8.2565E+01 (116,  3)
n=   236   udiff=  5.9130E+01 (110,  3)   vdiff=  7.9423E+01 (113,  4)
n=   237   udiff=  5.8434E+01 (110,  3)   vdiff=  8.4840E+01 (112,  4)
n=   238   udiff=  5.7463E+01 (110,  3)   vdiff=  8.9853E+01 (112,  4)
n=   239   udiff=  5.6225E+01 (110,  3)   vdiff=  9.4092E+01 (112,  4)
n=   240   udiff=  5.4724E+01 (110,  3)   vdiff=  9.7541E+01 (112,  4)
n=   241   udiff=  5.3785E+01 (109,  2)   vdiff=  1.0019E+02 (112,  4)
n=   242   udiff=  5.3223E+01 (116,  3)   vdiff=  1.0204E+02 (112,  4)
n=   243   udiff=  5.3359E+01 (116,  3)   vdiff=  1.0310E+02 (112,  4)
n=   244   udiff=  5.2988E+01 (116,  3)   vdiff=  1.0339E+02 (112,  4)
n=   245   udiff=  5.4728E+01 (115,  2)   vdiff=  1.0293E+02 (112,  4)
n=   246   udiff=  5.6502E+01 (115,  2)   vdiff=  1.0175E+02 (112,  4)
n=   247   udiff=  5.7909E+01 (115,  2)   vdiff=  9.9885E+01 (112,  4)
n=   248   udiff=  5.9012E+01 (117,  2)   vdiff=  9.7373E+01 (112,  4)
n=   249   udiff=  6.0741E+01 (117,  2)   vdiff=  9.4255E+01 (112,  4)
n=   250   udiff=  6.1877E+01 (117,  2)   vdiff=  9.0575E+01 (112,  4)
n=   251   udiff=  6.2415E+01 (117,  2)   vdiff=  9.0219E+01 (114,  4)
n=   252   udiff=  6.2356E+01 (117,  2)   vdiff=  8.9405E+01 (114,  4)
n=   253   udiff=  6.1711E+01 (117,  2)   vdiff=  8.7891E+01 (114,  4)
n=   254   udiff=  6.0495E+01 (117,  2)   vdiff=  8.5682E+01 (114,  4)
n=   255   udiff=  5.8731E+01 (117,  2)   vdiff=  8.2785E+01 (114,  4)
n=   256   udiff=  5.6446E+01 (117,  2)   vdiff=  8.1488E+01 (112,  3)
n=   257   udiff=  5.3674E+01 (117,  2)   vdiff=  8.1536E+01 (114,  3)
n=   258   udiff=  5.2831E+01 (114,  2)   vdiff=  8.3971E+01 (114,  3)
n=   259   udiff=  5.4551E+01 (114,  2)   vdiff=  8.5777E+01 (114,  3)
n=   260   udiff=  5.5918E+01 (114,  2)   vdiff=  8.6933E+01 (114,  3)
n=   261   udiff=  5.6913E+01 (114,  2)   vdiff=  8.7422E+01 (114,  3)
n=   262   udiff=  5.7516E+01 (114,  2)   vdiff=  8.7235E+01 (114,  3)
n=   263   udiff=  5.7714E+01 (114,  2)   vdiff=  8.6363E+01 (114,  3)
n=   264   udiff=  5.7497E+01 (114,  2)   vdiff=  8.4806E+01 (114,  3)
n=   265   udiff=  5.6860E+01 (114,  2)   vdiff=  8.2606E+01 (116,  3)
n=   266   udiff=  5.5801E+01 (114,  2)   vdiff=  7.9792E+01 (116,  3)
n=   267   udiff=  5.4325E+01 (114,  2)   vdiff=  7.6339E+01 (116,  3)
n=   268   udiff=  5.3047E+01 (116,  2)   vdiff=  7.2283E+01 (116,  3)
n=   269   udiff=  5.1945E+01 (116,  2)   vdiff=  6.7661E+01 (116,  3)
n=   270   udiff=  5.0455E+01 (116,  2)   vdiff=  6.4197E+01 (110,  4)
n=   271   udiff=  4.8584E+01 (116,  2)   vdiff=  6.7529E+01 (110,  4)
n=   272   udiff=  4.6340E+01 (116,  2)   vdiff=  7.0380E+01 (110,  4)
n=   273   udiff=  4.4525E+01 (116,  3)   vdiff=  7.2737E+01 (110,  4)
n=   274   udiff=  4.5987E+01 (116,  3)   vdiff=  7.4593E+01 (110,  4)
n=   275   udiff=  4.7093E+01 (116,  3)   vdiff=  7.5946E+01 (110,  4)
n=   276   udiff=  4.7837E+01 (116,  3)   vdiff=  7.6797E+01 (110,  4)
n=   277   udiff=  4.8214E+01 (116,  3)   vdiff=  7.7150E+01 (110,  4)
n=   278   udiff=  4.8219E+01 (116,  3)   vdiff=  7.7016E+01 (110,  4)
n=   279   udiff=  4.7852E+01 (116,  3)   vdiff=  7.6405E+01 (110,  4)
n=   280   udiff=  4.9849E+01 (115,  2)   vdiff=  7.5335E+01 (110,  4)
n=   281   udiff=  5.2084E+01 (115,  2)   vdiff=  7.6335E+01 (114,  4)
n=   282   udiff=  5.3843E+01 (115,  2)   vdiff=  7.7953E+01 (114,  4)
n=   283   udiff=  5.5112E+01 (115,  2)   vdiff=  7.8874E+01 (114,  4)
n=   284   udiff=  5.5884E+01 (115,  2)   vdiff=  7.9107E+01 (114,  4)
n=   285   udiff=  5.6357E+01 (117,  2)   vdiff=  7.8664E+01 (114,  4)
n=   286   udiff=  5.6531E+01 (117,  2)   vdiff=  7.7566E+01 (114,  4)
n=   287   udiff=  5.6233E+01 (117,  2)   vdiff=  7.6065E+01 (116,  4)
n=   288   udiff=  5.5460E+01 (117,  2)   vdiff=  7.4611E+01 (116,  4)
n=   289   udiff=  5.4214E+01 (117,  2)   vdiff=  7.2483E+01 (116,  4)
n=   290   udiff=  5.2501E+01 (117,  2)   vdiff=  6.9685E+01 (116,  4)
n=   291   udiff=  5.0329E+01 (117,  2)   vdiff=  7.2385E+01 (116,  3)
n=   292   udiff=  4.7714E+01 (117,  2)   vdiff=  7.5417E+01 (116,  3)
n=   293   udiff=  4.4673E+01 (117,  2)   vdiff=  7.7785E+01 (116,  3)
n=   294   udiff=  4.3896E+01 (116,  4)   vdiff=  7.9462E+01 (116,  3)
n=   295   udiff=  4.6016E+01 (116,  2)   vdiff=  8.0427E+01 (116,  3)
n=   296   udiff=  4.7952E+01 (116,  2)   vdiff=  8.0667E+01 (116,  3)
n=   297   udiff=  4.9418E+01 (116,  2)   vdiff=  8.0174E+01 (116,  3)
n=   298   udiff=  5.0400E+01 (116,  2)   vdiff=  7.8947E+01 (116,  3)
n=   299   udiff=  5.0890E+01 (116,  2)   vdiff=  7.6991E+01 (116,  3)
n=   300   udiff=  5.0885E+01 (116,  2)   vdiff=  7.4321E+01 (116,  3)
n=   301   udiff=  5.0391E+01 (116,  2)   vdiff=  7.0957E+01 (116,  3)
n=   302   udiff=  4.9416E+01 (116,  2)   vdiff=  6.6929E+01 (116,  3)
n=   303   udiff=  4.7978E+01 (116,  2)   vdiff=  6.2272E+01 (116,  3)
n=   304   udiff=  4.6099E+01 (116,  2)   vdiff=  5.7030E+01 (116,  3)
n=   305   udiff=  4.3805E+01 (116,  2)   vdiff=  5.2122E+01 (111,  4)
n=   306   udiff=  4.2508E+01 (118,  3)   vdiff=  5.1978E+01 (117,  3)
n=   307   udiff=  4.3709E+01 (118,  3)   vdiff=  5.4148E+01 (117,  3)
n=   308   udiff=  4.4671E+01 (116,  3)   vdiff=  5.5853E+01 (117,  3)
n=   309   udiff=  4.5709E+01 (116,  3)   vdiff=  5.7074E+01 (117,  3)
n=   310   udiff=  4.6321E+01 (116,  3)   vdiff=  5.8059E+01 (116,  4)
n=   311   udiff=  4.6510E+01 (116,  3)   vdiff=  6.2793E+01 (116,  4)
n=   312   udiff=  4.6282E+01 (116,  3)   vdiff=  6.6899E+01 (116,  4)
n=   313   udiff=  4.7296E+01 (117,  2)   vdiff=  7.0345E+01 (116,  4)
n=   314   udiff=  4.9858E+01 (117,  2)   vdiff=  7.3108E+01 (116,  4)
n=   315   udiff=  5.1932E+01 (117,  2)   vdiff=  7.5173E+01 (116,  4)
n=   316   udiff=  5.3501E+01 (117,  2)   vdiff=  7.6534E+01 (116,  4)
n=   317   udiff=  5.4554E+01 (117,  2)   vdiff=  7.7192E+01 (116,  4)
n=   318   udiff=  5.5088E+01 (117,  2)   vdiff=  7.7154E+01 (116,  4)
n=   319   udiff=  5.5104E+01 (117,  2)   vdiff=  7.6436E+01 (116,  4)
n=   320   udiff=  5.4609E+01 (117,  2)   vdiff=  7.5058E+01 (116,  4)
n=   321   udiff=  5.3616E+01 (117,  2)   vdiff=  7.3045E+01 (116,  4)
n=   322   udiff=  5.2145E+01 (117,  2)   vdiff=  7.0428E+01 (116,  4)
n=   323   udiff=  5.0218E+01 (117,  2)   vdiff=  6.7241E+01 (116,  4)
n=   324   udiff=  4.7862E+01 (117,  2)   vdiff=  6.9593E+01 (116,  3)
n=   325   udiff=  4.5110E+01 (115,  2)   vdiff=  7.2234E+01 (116,  3)
n=   326   udiff=  4.3288E+01 (115,  2)   vdiff=  7.4246E+01 (116,  3)
n=   327   udiff=  4.1470E+01 (118,  4)   vdiff=  7.5623E+01 (116,  3)
n=   328   udiff=  4.3088E+01 (118,  4)   vdiff=  7.6365E+01 (116,  3)
n=   329   udiff=  4.4276E+01 (118,  4)   vdiff=  7.6478E+01 (116,  3)
n=   330   udiff=  4.5017E+01 (118,  4)   vdiff=  7.5971E+01 (116,  3)
n=   331   udiff=  4.5301E+01 (118,  4)   vdiff=  7.4855E+01 (116,  3)
n=   332   udiff=  4.5125E+01 (118,  4)   vdiff=  7.3148E+01 (116,  3)
n=   333   udiff=  4.4489E+01 (118,  4)   vdiff=  7.0869E+01 (116,  3)
n=   334   udiff=  4.3600E+01 (118,  2)   vdiff=  6.8041E+01 (116,  3)
n=   335   udiff=  4.3087E+01 (116,  2)   vdiff=  6.4689E+01 (116,  3)
n=   336   udiff=  4.2741E+01 (116,  2)   vdiff=  6.0841E+01 (116,  3)
n=   337   udiff=  4.2077E+01 (116,  2)   vdiff=  5.6848E+01 (114,  3)
n=   338   udiff=  4.1093E+01 (116,  2)   vdiff=  5.3318E+01 (114,  3)
n=   339   udiff=  4.1061E+01 (118,  3)   vdiff=  5.0144E+01 (118,  5)
n=   340   udiff=  4.2860E+01 (118,  3)   vdiff=  5.0939E+01 (117,  3)
n=   341   udiff=  4.4260E+01 (118,  3)   vdiff=  5.2492E+01 (117,  3)
n=   342   udiff=  4.5250E+01 (118,  3)   vdiff=  5.3566E+01 (117,  3)
n=   343   udiff=  4.5819E+01 (118,  3)   vdiff=  5.4158E+01 (117,  3)
n=   344   udiff=  4.5963E+01 (118,  3)   vdiff=  5.7597E+01 (118,  4)
n=   345   udiff=  4.5684E+01 (118,  3)   vdiff=  6.1750E+01 (118,  4)
n=   346   udiff=  4.4987E+01 (118,  3)   vdiff=  6.5304E+01 (118,  4)
n=   347   udiff=  4.4395E+01 (116,  3)   vdiff=  6.8230E+01 (118,  4)
n=   348   udiff=  4.5778E+01 (117,  2)   vdiff=  7.0509E+01 (118,  4)
n=   349   udiff=  4.7694E+01 (117,  2)   vdiff=  7.2131E+01 (118,  4)
n=   350   udiff=  4.9227E+01 (117,  2)   vdiff=  7.3091E+01 (118,  4)
n=   351   udiff=  5.0360E+01 (117,  2)   vdiff=  7.3393E+01 (118,  4)
n=   352   udiff=  5.1079E+01 (117,  2)   vdiff=  7.3496E+01 (116,  4)
n=   353   udiff=  5.1374E+01 (117,  2)   vdiff=  7.3572E+01 (116,  4)
n=   354   udiff=  5.1237E+01 (117,  2)   vdiff=  7.3034E+01 (116,  4)
n=   355   udiff=  5.0664E+01 (117,  2)   vdiff=  7.1875E+01 (116,  4)
n=   356   udiff=  4.9654E+01 (117,  2)   vdiff=  7.0094E+01 (116,  4)
n=   357   udiff=  4.8212E+01 (117,  2)   vdiff=  6.7696E+01 (116,  4)
n=   358   udiff=  4.6342E+01 (117,  2)   vdiff=  6.8307E+01 (118,  3)
n=   359   udiff=  4.4058E+01 (117,  2)   vdiff=  7.0608E+01 (118,  3)
n=   360   udiff=  4.1374E+01 (117,  2)   vdiff=  7.2309E+01 (118,  3)
n=   361   udiff=  4.1607E+01 (118,  4)   vdiff=  7.3405E+01 (118,  3)
n=   362   udiff=  4.2643E+01 (118,  4)   vdiff=  7.4250E+01 (116,  3)
n=   363   udiff=  4.3362E+01 (118,  4)   vdiff=  7.4878E+01 (116,  3)
n=   364   udiff=  4.3761E+01 (118,  4)   vdiff=  7.4832E+01 (116,  3)
n=   365   udiff=  4.4436E+01 (116,  4)   vdiff=  7.4105E+01 (116,  3)
n=   366   udiff=  4.4707E+01 (116,  4)   vdiff=  7.2698E+01 (116,  3)
n=   367   udiff=  4.4546E+01 (116,  4)   vdiff=  7.0618E+01 (116,  3)
n=   368   udiff=  4.3959E+01 (116,  4)   vdiff=  6.7878E+01 (116,  3)
n=   369   udiff=  4.3494E+01 (116,  2)   vdiff=  6.4501E+01 (116,  3)
n=   370   udiff=  4.2598E+01 (116,  2)   vdiff=  6.0514E+01 (116,  3)
n=   371   udiff=  4.2117E+01 (117,  3)   vdiff=  5.5952E+01 (116,  3)
n=   372   udiff=  4.1311E+01 (117,  3)   vdiff=  5.0859E+01 (116,  3)
n=   373   udiff=  4.0239E+01 (118,  3)   vdiff=  5.0521E+01 (117,  3)
n=   374   udiff=  4.1847E+01 (118,  3)   vdiff=  5.2790E+01 (117,  3)
n=   375   udiff=  4.3129E+01 (118,  3)   vdiff=  5.4636E+01 (117,  3)
n=   376   udiff=  4.4080E+01 (118,  3)   vdiff=  5.6042E+01 (117,  3)
n=   377   udiff=  4.4694E+01 (118,  3)   vdiff=  5.6990E+01 (117,  3)
n=   378   udiff=  4.4971E+01 (118,  3)   vdiff=  5.7787E+01 (116,  4)
n=   379   udiff=  4.4911E+01 (118,  3)   vdiff=  6.2277E+01 (116,  4)
n=   380   udiff=  4.4515E+01 (118,  3)   vdiff=  6.6191E+01 (116,  4)
n=   381   udiff=  4.6964E+01 (117,  2)   vdiff=  6.9501E+01 (116,  4)
n=   382   udiff=  4.9108E+01 (117,  2)   vdiff=  7.2183E+01 (116,  4)
n=   383   udiff=  5.0790E+01 (117,  2)   vdiff=  7.4225E+01 (116,  4)
n=   384   udiff=  5.1997E+01 (117,  2)   vdiff=  7.5617E+01 (116,  4)
n=   385   udiff=  5.2721E+01 (117,  2)   vdiff=  7.6360E+01 (116,  4)
n=   386   udiff=  5.2960E+01 (117,  2)   vdiff=  7.6458E+01 (116,  4)
n=   387   udiff=  5.2717E+01 (117,  2)   vdiff=  7.5922E+01 (116,  4)
n=   388   udiff=  5.2003E+01 (117,  2)   vdiff=  7.4767E+01 (116,  4)
n=   389   udiff=  5.0830E+01 (117,  2)   vdiff=  7.3581E+01 (118,  4)
n=   390   udiff=  4.9217E+01 (117,  2)   vdiff=  7.2134E+01 (118,  4)
n=   391   udiff=  4.7188E+01 (117,  2)   vdiff=  7.0038E+01 (118,  4)
n=   392   udiff=  4.4767E+01 (117,  2)   vdiff=  6.8059E+01 (116,  3)
n=   393   udiff=  4.1985E+01 (117,  2)   vdiff=  7.0464E+01 (116,  3)
n=   394   udiff=  4.3616E+01 (118,  4)   vdiff=  7.2285E+01 (116,  3)
n=   395   udiff=  4.5817E+01 (118,  4)   vdiff=  7.3956E+01 (118,  3)
n=   396   udiff=  4.7599E+01 (118,  4)   vdiff=  7.5374E+01 (118,  3)
n=   397   udiff=  4.8936E+01 (118,  4)   vdiff=  7.6165E+01 (118,  3)
n=   398   udiff=  4.9808E+01 (118,  4)   vdiff=  7.6311E+01 (118,  3)
n=   399   udiff=  5.0202E+01 (118,  4)   vdiff=  7.5799E+01 (118,  3)
n=   400   udiff=  5.0110E+01 (118,  4)   vdiff=  7.4622E+01 (118,  3)
n=   401   udiff=  4.9531E+01 (118,  4)   vdiff=  7.2777E+01 (118,  3)
n=   402   udiff=  4.8472E+01 (118,  4)   vdiff=  7.0271E+01 (118,  3)
n=   403   udiff=  4.6943E+01 (118,  4)   vdiff=  6.7115E+01 (118,  3)
n=   404   udiff=  4.4964E+01 (118,  4)   vdiff=  6.3329E+01 (118,  3)
n=   405   udiff=  4.3088E+01 (117,  3)   vdiff=  5.8941E+01 (118,  3)
n=   406   udiff=  4.2339E+01 (117,  3)   vdiff=  5.3985E+01 (118,  3)
n=   407   udiff=  4.1250E+01 (117,  3)   vdiff=  5.2964E+01 (118,  5)
n=   408   udiff=  4.3368E+01 (118,  3)   vdiff=  5.3068E+01 (118,  5)
n=   409   udiff=  4.5156E+01 (118,  3)   vdiff=  5.4385E+01 (117,  3)
n=   410   udiff=  4.6531E+01 (118,  3)   vdiff=  5.5488E+01 (117,  3)
n=   411   udiff=  4.7481E+01 (118,  3)   vdiff=  5.6115E+01 (117,  3)
n=   412   udiff=  4.8001E+01 (118,  3)   vdiff=  6.0702E+01 (118,  4)
n=   413   udiff=  4.8087E+01 (118,  3)   vdiff=  6.5584E+01 (118,  4)
n=   414   udiff=  4.7743E+01 (118,  3)   vdiff=  6.9844E+01 (118,  4)
n=   415   udiff=  4.6978E+01 (118,  3)   vdiff=  7.3448E+01 (118,  4)
n=   416   udiff=  4.5957E+01 (117,  2)   vdiff=  7.6373E+01 (118,  4)
n=   417   udiff=  4.7899E+01 (117,  2)   vdiff=  7.8602E+01 (118,  4)
n=   418   udiff=  4.9486E+01 (117,  2)   vdiff=  8.0127E+01 (118,  4)
n=   419   udiff=  5.0703E+01 (117,  2)   vdiff=  8.0950E+01 (118,  4)
n=   420   udiff=  5.1533E+01 (117,  2)   vdiff=  8.1079E+01 (118,  4)
n=   421   udiff=  5.1966E+01 (117,  2)   vdiff=  8.0528E+01 (118,  4)
n=   422   udiff=  5.1991E+01 (117,  2)   vdiff=  7.9319E+01 (118,  4)
n=   423   udiff=  5.1602E+01 (117,  2)   vdiff=  7.7477E+01 (118,  4)
n=   424   udiff=  5.0795E+01 (117,  2)   vdiff=  7.5033E+01 (118,  4)
n=   425   udiff=  4.9569E+01 (117,  2)   vdiff=  7.2023E+01 (118,  4)
n=   426   udiff=  4.7929E+01 (117,  2)   vdiff=  7.1512E+01 (118,  3)
n=   427   udiff=  4.5882E+01 (117,  2)   vdiff=  7.4391E+01 (118,  3)
n=   428   udiff=  4.3437E+01 (117,  2)   vdiff=  7.6652E+01 (118,  3)
n=   429   udiff=  4.3934E+01 (118,  4)   vdiff=  7.8286E+01 (118,  3)
n=   430   udiff=  4.5305E+01 (118,  4)   vdiff=  7.9289E+01 (118,  3)
n=   431   udiff=  4.6356E+01 (118,  4)   vdiff=  7.9663E+01 (118,  3)
n=   432   udiff=  4.7085E+01 (118,  4)   vdiff=  7.9415E+01 (118,  3)
n=   433   udiff=  4.7575E+01 (118,  2)   vdiff=  7.8555E+01 (118,  3)
n=   434   udiff=  4.7757E+01 (118,  2)   vdiff=  7.7098E+01 (118,  3)
n=   435   udiff=  4.7593E+01 (118,  2)   vdiff=  7.5060E+01 (118,  3)
n=   436   udiff=  4.7080E+01 (118,  2)   vdiff=  7.2464E+01 (118,  3)
n=   437   udiff=  4.6219E+01 (118,  2)   vdiff=  6.9333E+01 (118,  3)
n=   438   udiff=  4.5008E+01 (118,  2)   vdiff=  6.5695E+01 (118,  3)
n=   439   udiff=  4.4343E+01 (117,  3)   vdiff=  6.1579E+01 (118,  3)
n=   440   udiff=  4.4047E+01 (117,  3)   vdiff=  5.7047E+01 (116,  3)
n=   441   udiff=  4.3389E+01 (117,  3)   vdiff=  5.4397E+01 (117,  4)
n=   442   udiff=  4.2369E+01 (117,  3)   vdiff=  5.3909E+01 (117,  4)
n=   443   udiff=  4.1924E+01 (118,  3)   vdiff=  5.3906E+01 (117,  3)
n=   444   udiff=  4.3475E+01 (118,  3)   vdiff=  5.5793E+01 (117,  3)
n=   445   udiff=  4.4712E+01 (118,  3)   vdiff=  5.7252E+01 (117,  3)
n=   446   udiff=  4.5631E+01 (118,  3)   vdiff=  5.8266E+01 (117,  3)
n=   447   udiff=  4.6227E+01 (118,  3)   vdiff=  5.8821E+01 (117,  3)
n=   448   udiff=  4.6497E+01 (118,  3)   vdiff=  5.9832E+01 (118,  4)
n=   449   udiff=  4.6440E+01 (118,  3)   vdiff=  6.4383E+01 (118,  4)
n=   450   udiff=  4.8767E+01 (117,  2)   vdiff=  6.8529E+01 (118,  4)
n=   451   udiff=  5.0993E+01 (117,  2)   vdiff=  7.2233E+01 (118,  4)
n=   452   udiff=  5.2764E+01 (117,  2)   vdiff=  7.5459E+01 (118,  4)
n=   453   udiff=  5.4066E+01 (117,  2)   vdiff=  7.8171E+01 (118,  4)
n=   454   udiff=  5.4891E+01 (117,  2)   vdiff=  8.0334E+01 (118,  4)
n=   455   udiff=  5.5234E+01 (117,  2)   vdiff=  8.1914E+01 (118,  4)
n=   456   udiff=  5.5098E+01 (117,  2)   vdiff=  8.2881E+01 (118,  4)
n=   457   udiff=  5.4490E+01 (117,  2)   vdiff=  8.3208E+01 (118,  4)
n=   458   udiff=  5.3422E+01 (117,  2)   vdiff=  8.2870E+01 (118,  4)
n=   459   udiff=  5.1910E+01 (117,  2)   vdiff=  8.1848E+01 (118,  4)
n=   460   udiff=  4.9975E+01 (117,  2)   vdiff=  8.0129E+01 (118,  4)
n=   461   udiff=  4.7641E+01 (117,  2)   vdiff=  7.7705E+01 (118,  4)
n=   462   udiff=  4.4936E+01 (117,  2)   vdiff=  7.4576E+01 (118,  4)
n=   463   udiff=  4.7055E+01 (118,  2)   vdiff=  7.6766E+01 (118,  3)
n=   464   udiff=  4.9535E+01 (118,  2)   vdiff=  7.9436E+01 (118,  3)
n=   465   udiff=  5.1611E+01 (118,  2)   vdiff=  8.1502E+01 (118,  3)
n=   466   udiff=  5.3257E+01 (118,  2)   vdiff=  8.2935E+01 (118,  3)
n=   467   udiff=  5.4454E+01 (118,  2)   vdiff=  8.3709E+01 (118,  3)
n=   468   udiff=  5.5186E+01 (118,  2)   vdiff=  8.3802E+01 (118,  3)
n=   469   udiff=  5.5440E+01 (118,  2)   vdiff=  8.3197E+01 (118,  3)
n=   470   udiff=  5.5209E+01 (118,  2)   vdiff=  8.1886E+01 (118,  3)
n=   471   udiff=  5.4493E+01 (118,  2)   vdiff=  7.9864E+01 (118,  3)
n=   472   udiff=  5.3295E+01 (118,  2)   vdiff=  7.7136E+01 (118,  3)
n=   473   udiff=  5.1624E+01 (118,  2)   vdiff=  7.3711E+01 (118,  3)
n=   474   udiff=  4.9496E+01 (118,  2)   vdiff=  6.9611E+01 (118,  3)
n=   475   udiff=  4.6931E+01 (118,  2)   vdiff=  6.4862E+01 (118,  3)
n=   476   udiff=  4.3955E+01 (118,  2)   vdiff=  5.9501E+01 (118,  3)
n=   477   udiff=  4.3894E+01 (118,  3)   vdiff=  5.9281E+01 (118,  5)
n=   478   udiff=  4.6269E+01 (118,  3)   vdiff=  5.9377E+01 (118,  5)
n=   479   udiff=  4.8221E+01 (118,  3)   vdiff=  5.8946E+01 (118,  5)
n=   480   udiff=  4.9732E+01 (118,  3)   vdiff=  5.8977E+01 (117,  3)
n=   481   udiff=  5.0787E+01 (118,  3)   vdiff=  6.0515E+01 (118,  4)
n=   482   udiff=  5.1382E+01 (118,  3)   vdiff=  6.6467E+01 (118,  4)
n=   483   udiff=  5.1514E+01 (118,  3)   vdiff=  7.1782E+01 (118,  4)
n=   484   udiff=  5.1189E+01 (118,  3)   vdiff=  7.6419E+01 (118,  4)
n=   485   udiff=  5.0416E+01 (118,  3)   vdiff=  8.0342E+01 (118,  4)
n=   486   udiff=  5.0589E+01 (119,  2)   vdiff=  8.3528E+01 (118,  4)
n=   487   udiff=  5.2201E+01 (119,  2)   vdiff=  8.5963E+01 (118,  4)
n=   488   udiff=  5.3347E+01 (119,  2)   vdiff=  8.7642E+01 (118,  4)
n=   489   udiff=  5.4018E+01 (119,  2)   vdiff=  8.8567E+01 (118,  4)
n=   490   udiff=  5.4209E+01 (119,  2)   vdiff=  8.8752E+01 (118,  4)
n=   491   udiff=  5.4632E+01 (117,  2)   vdiff=  8.8213E+01 (118,  4)
n=   492   udiff=  5.4703E+01 (117,  2)   vdiff=  8.6976E+01 (118,  4)
n=   493   udiff=  5.4353E+01 (117,  2)   vdiff=  8.5071E+01 (118,  4)
n=   494   udiff=  5.3580E+01 (117,  2)   vdiff=  8.2534E+01 (118,  4)
n=   495   udiff=  5.2380E+01 (117,  2)   vdiff=  7.9401E+01 (118,  4)
n=   496   udiff=  5.0757E+01 (117,  2)   vdiff=  7.6798E+01 (118,  3)
n=   497   udiff=  4.8717E+01 (117,  2)   vdiff=  8.0015E+01 (118,  3)
n=   498   udiff=  4.6269E+01 (117,  2)   vdiff=  8.2579E+01 (118,  3)
n=   499   udiff=  4.7819E+01 (118,  2)   vdiff=  8.4481E+01 (118,  3)
n=   500   udiff=  4.9539E+01 (118,  2)   vdiff=  8.5719E+01 (118,  3)
n=   501   udiff=  5.0922E+01 (118,  2)   vdiff=  8.6296E+01 (118,  3)
n=   502   udiff=  5.1961E+01 (118,  2)   vdiff=  8.6219E+01 (118,  3)
n=   503   udiff=  5.2651E+01 (118,  2)   vdiff=  8.5500E+01 (118,  3)
n=   504   udiff=  5.2988E+01 (118,  2)   vdiff=  8.4154E+01 (118,  3)
n=   505   udiff=  5.2969E+01 (118,  2)   vdiff=  8.2201E+01 (118,  3)
n=   506   udiff=  5.2590E+01 (118,  2)   vdiff=  7.9663E+01 (118,  3)
n=   507   udiff=  5.1851E+01 (118,  2)   vdiff=  7.6565E+01 (118,  3)
n=   508   udiff=  5.0751E+01 (118,  2)   vdiff=  7.2935E+01 (118,  3)
n=   509   udiff=  4.9293E+01 (118,  2)   vdiff=  6.8802E+01 (118,  3)
n=   510   udiff=  4.7480E+01 (118,  2)   vdiff=  6.4200E+01 (118,  3)
n=   511   udiff=  4.5318E+01 (118,  2)   vdiff=  5.9162E+01 (118,  3)
n=   512   udiff=  4.3536E+01 (117,  3)   vdiff=  5.6673E+01 (117,  4)
n=   513   udiff=  4.2387E+01 (118,  3)   vdiff=  5.5936E+01 (117,  3)
n=   514   udiff=  4.4162E+01 (118,  3)   vdiff=  5.8009E+01 (117,  3)
n=   515   udiff=  4.5637E+01 (118,  3)   vdiff=  5.9655E+01 (117,  3)
n=   516   udiff=  4.6807E+01 (118,  3)   vdiff=  6.0855E+01 (117,  3)
n=   517   udiff=  4.7667E+01 (118,  3)   vdiff=  6.1594E+01 (117,  3)
n=   518   udiff=  4.8214E+01 (118,  3)   vdiff=  6.1861E+01 (117,  3)
n=   519   udiff=  4.8446E+01 (118,  3)   vdiff=  6.4887E+01 (118,  4)
n=   520   udiff=  4.9225E+01 (117,  2)   vdiff=  6.9647E+01 (118,  4)
n=   521   udiff=  5.1720E+01 (117,  2)   vdiff=  7.3995E+01 (118,  4)
n=   522   udiff=  5.3765E+01 (117,  2)   vdiff=  7.7892E+01 (118,  4)
n=   523   udiff=  5.5345E+01 (117,  2)   vdiff=  8.1300E+01 (118,  4)
n=   524   udiff=  5.6448E+01 (117,  2)   vdiff=  8.4180E+01 (118,  4)
n=   525   udiff=  5.7071E+01 (117,  2)   vdiff=  8.6495E+01 (118,  4)
n=   526   udiff=  5.7212E+01 (117,  2)   vdiff=  8.8208E+01 (118,  4)
n=   527   udiff=  5.6877E+01 (117,  2)   vdiff=  8.9286E+01 (118,  4)
n=   528   udiff=  5.6077E+01 (117,  2)   vdiff=  8.9696E+01 (118,  4)
n=   529   udiff=  5.4825E+01 (117,  2)   vdiff=  8.9412E+01 (118,  4)
n=   530   udiff=  5.3140E+01 (117,  2)   vdiff=  8.8411E+01 (118,  4)
n=   531   udiff=  5.1046E+01 (117,  2)   vdiff=  8.6677E+01 (118,  4)
n=   532   udiff=  4.8568E+01 (117,  2)   vdiff=  8.4199E+01 (118,  4)
n=   533   udiff=  4.6880E+01 (118,  2)   vdiff=  8.0974E+01 (118,  4)
n=   534   udiff=  5.0031E+01 (118,  2)   vdiff=  8.2148E+01 (118,  3)
n=   535   udiff=  5.2796E+01 (118,  2)   vdiff=  8.5040E+01 (118,  3)
n=   536   udiff=  5.5143E+01 (118,  2)   vdiff=  8.7314E+01 (118,  3)
n=   537   udiff=  5.7046E+01 (118,  2)   vdiff=  8.8935E+01 (118,  3)
n=   538   udiff=  5.8481E+01 (118,  2)   vdiff=  8.9876E+01 (118,  3)
n=   539   udiff=  5.9428E+01 (118,  2)   vdiff=  9.0110E+01 (118,  3)
n=   540   udiff=  5.9873E+01 (118,  2)   vdiff=  8.9620E+01 (118,  3)
n=   541   udiff=  5.9806E+01 (118,  2)   vdiff=  8.8390E+01 (118,  3)
n=   542   udiff=  5.9223E+01 (118,  2)   vdiff=  8.6416E+01 (118,  3)
n=   543   udiff=  5.8125E+01 (118,  2)   vdiff=  8.3696E+01 (118,  3)
n=   544   udiff=  5.6520E+01 (118,  2)   vdiff=  8.0241E+01 (118,  3)
n=   545   udiff=  5.4423E+01 (118,  2)   vdiff=  7.6068E+01 (118,  3)
n=   546   udiff=  5.1852E+01 (118,  2)   vdiff=  7.1203E+01 (118,  3)
n=   547   udiff=  4.8835E+01 (118,  2)   vdiff=  6.5681E+01 (118,  3)
n=   548   udiff=  4.5772E+01 (118,  3)   vdiff=  6.3609E+01 (118,  5)
n=   549   udiff=  4.8368E+01 (118,  3)   vdiff=  6.3930E+01 (118,  5)
n=   550   udiff=  5.0521E+01 (118,  3)   vdiff=  6.3687E+01 (118,  5)
n=   551   udiff=  5.2208E+01 (118,  3)   vdiff=  6.2901E+01 (118,  5)
n=   552   udiff=  5.3416E+01 (118,  3)   vdiff=  6.2518E+01 (118,  4)
n=   553   udiff=  5.4136E+01 (118,  3)   vdiff=  6.8947E+01 (118,  4)
n=   554   udiff=  5.4367E+01 (118,  3)   vdiff=  7.4705E+01 (118,  4)
n=   555   udiff=  5.4114E+01 (118,  3)   vdiff=  7.9746E+01 (118,  4)
n=   556   udiff=  5.3386E+01 (118,  3)   vdiff=  8.4034E+01 (118,  4)
n=   557   udiff=  5.3773E+01 (119,  2)   vdiff=  8.7543E+01 (118,  4)
n=   558   udiff=  5.5734E+01 (119,  2)   vdiff=  9.0261E+01 (118,  4)
n=   559   udiff=  5.7205E+01 (119,  2)   vdiff=  9.2180E+01 (118,  4)
n=   560   udiff=  5.8173E+01 (119,  2)   vdiff=  9.3308E+01 (118,  4)
n=   561   udiff=  5.8633E+01 (119,  2)   vdiff=  9.3657E+01 (118,  4)
n=   562   udiff=  5.8585E+01 (119,  2)   vdiff=  9.3248E+01 (118,  4)
n=   563   udiff=  5.8035E+01 (119,  2)   vdiff=  9.2109E+01 (118,  4)
n=   564   udiff=  5.6995E+01 (119,  2)   vdiff=  9.0274E+01 (118,  4)
n=   565   udiff=  5.5485E+01 (119,  2)   vdiff=  8.7782E+01 (118,  4)
n=   566   udiff=  5.3526E+01 (119,  2)   vdiff=  8.4674E+01 (118,  4)
n=   567   udiff=  5.2009E+01 (117,  2)   vdiff=  8.0996E+01 (118,  4)
n=   568   udiff=  5.0108E+01 (117,  2)   vdiff=  8.2633E+01 (118,  3)
n=   569   udiff=  4.7797E+01 (117,  2)   vdiff=  8.5582E+01 (118,  3)
n=   570   udiff=  4.8261E+01 (118,  2)   vdiff=  8.7849E+01 (118,  3)
n=   571   udiff=  5.0195E+01 (118,  2)   vdiff=  8.9433E+01 (118,  3)
n=   572   udiff=  5.1788E+01 (118,  2)   vdiff=  9.0337E+01 (118,  3)
n=   573   udiff=  5.3037E+01 (118,  2)   vdiff=  9.0568E+01 (118,  3)
n=   574   udiff=  5.3938E+01 (118,  2)   vdiff=  9.0139E+01 (118,  3)
n=   575   udiff=  5.4487E+01 (118,  2)   vdiff=  8.9066E+01 (118,  3)
n=   576   udiff=  5.4682E+01 (118,  2)   vdiff=  8.7368E+01 (118,  3)
n=   577   udiff=  5.4523E+01 (118,  2)   vdiff=  8.5069E+01 (118,  3)
n=   578   udiff=  5.4008E+01 (118,  2)   vdiff=  8.2194E+01 (118,  3)
n=   579   udiff=  5.3139E+01 (118,  2)   vdiff=  7.8772E+01 (118,  3)
n=   580   udiff=  5.1916E+01 (118,  2)   vdiff=  7.4832E+01 (118,  3)
n=   581   udiff=  5.0345E+01 (118,  2)   vdiff=  7.0408E+01 (118,  3)
n=   582   udiff=  4.8429E+01 (118,  2)   vdiff=  6.5533E+01 (118,  3)
n=   583   udiff=  4.6176E+01 (118,  2)   vdiff=  6.0244E+01 (118,  3)
n=   584   udiff=  4.3596E+01 (118,  2)   vdiff=  5.6740E+01 (117,  4)
n=   585   udiff=  4.3854E+01 (118,  3)   vdiff=  5.8961E+01 (117,  3)
n=   586   udiff=  4.5449E+01 (118,  3)   vdiff=  6.0800E+01 (117,  3)
n=   587   udiff=  4.6752E+01 (118,  3)   vdiff=  6.2200E+01 (117,  3)
n=   588   udiff=  4.7759E+01 (118,  3)   vdiff=  6.3145E+01 (117,  3)
n=   589   udiff=  4.8470E+01 (118,  3)   vdiff=  6.3622E+01 (117,  3)
n=   590   udiff=  4.8883E+01 (118,  3)   vdiff=  6.3622E+01 (117,  3)
n=   591   udiff=  4.8998E+01 (118,  3)   vdiff=  6.6300E+01 (118,  4)
n=   592   udiff=  4.9619E+01 (117,  2)   vdiff=  7.1002E+01 (118,  4)
n=   593   udiff=  5.1807E+01 (117,  2)   vdiff=  7.5301E+01 (118,  4)
n=   594   udiff=  5.3546E+01 (117,  2)   vdiff=  7.9161E+01 (118,  4)
n=   595   udiff=  5.4827E+01 (117,  2)   vdiff=  8.2545E+01 (118,  4)
n=   596   udiff=  5.5644E+01 (117,  2)   vdiff=  8.5413E+01 (118,  4)
n=   597   udiff=  5.5996E+01 (117,  2)   vdiff=  8.7731E+01 (118,  4)
n=   598   udiff=  5.5888E+01 (117,  2)   vdiff=  8.9461E+01 (118,  4)
n=   599   udiff=  5.5329E+01 (117,  2)   vdiff=  9.0570E+01 (118,  4)
n=   600   udiff=  5.4331E+01 (117,  2)   vdiff=  9.1026E+01 (118,  4)
n=   601   udiff=  5.3325E+01 (119,  2)   vdiff=  9.0802E+01 (118,  4)
n=   602   udiff=  5.2389E+01 (119,  2)   vdiff=  8.9874E+01 (118,  4)
n=   603   udiff=  5.1094E+01 (119,  2)   vdiff=  8.8224E+01 (118,  4)
n=   604   udiff=  4.9440E+01 (119,  2)   vdiff=  8.5841E+01 (118,  4)
n=   605   udiff=  4.7431E+01 (119,  2)   vdiff=  8.2721E+01 (118,  4)
n=   606   udiff=  4.8865E+01 (118,  2)   vdiff=  8.2877E+01 (118,  3)
n=   607   udiff=  5.1710E+01 (118,  2)   vdiff=  8.5882E+01 (118,  3)
n=   608   udiff=  5.4159E+01 (118,  2)   vdiff=  8.8285E+01 (118,  3)
n=   609   udiff=  5.6185E+01 (118,  2)   vdiff=  9.0052E+01 (118,  3)
n=   610   udiff=  5.7763E+01 (118,  2)   vdiff=  9.1154E+01 (118,  3)
n=   611   udiff=  5.8872E+01 (118,  2)   vdiff=  9.1565E+01 (118,  3)
n=   612   udiff=  5.9496E+01 (118,  2)   vdiff=  9.1263E+01 (118,  3)
n=   613   udiff=  5.9621E+01 (118,  2)   vdiff=  9.0234E+01 (118,  3)
n=   614   udiff=  5.9243E+01 (118,  2)   vdiff=  8.8470E+01 (118,  3)
n=   615   udiff=  5.8360E+01 (118,  2)   vdiff=  8.5967E+01 (118,  3)
n=   616   udiff=  5.6976E+01 (118,  2)   vdiff=  8.2734E+01 (118,  3)
n=   617   udiff=  5.5103E+01 (118,  2)   vdiff=  7.8784E+01 (118,  3)
n=   618   udiff=  5.2757E+01 (118,  2)   vdiff=  7.4141E+01 (118,  3)
n=   619   udiff=  4.9961E+01 (118,  2)   vdiff=  6.8838E+01 (118,  3)
n=   620   udiff=  4.6745E+01 (118,  2)   vdiff=  6.2916E+01 (118,  3)
n=   621   udiff=  4.7991E+01 (118,  3)   vdiff=  6.2976E+01 (118,  5)
n=   622   udiff=  5.0243E+01 (118,  3)   vdiff=  6.2943E+01 (118,  5)
n=   623   udiff=  5.2035E+01 (118,  3)   vdiff=  6.2652E+01 (117,  3)
n=   624   udiff=  5.3352E+01 (118,  3)   vdiff=  6.2926E+01 (117,  3)
n=   625   udiff=  5.4183E+01 (118,  3)   vdiff=  6.6529E+01 (118,  4)
n=   626   udiff=  5.4525E+01 (118,  3)   vdiff=  7.2430E+01 (118,  4)
n=   627   udiff=  5.4381E+01 (118,  3)   vdiff=  7.7627E+01 (118,  4)
n=   628   udiff=  5.3760E+01 (118,  3)   vdiff=  8.2083E+01 (118,  4)
n=   629   udiff=  5.2678E+01 (118,  3)   vdiff=  8.5769E+01 (118,  4)
n=   630   udiff=  5.4109E+01 (119,  2)   vdiff=  8.8670E+01 (118,  4)
n=   631   udiff=  5.5892E+01 (119,  2)   vdiff=  9.0779E+01 (118,  4)
n=   632   udiff=  5.7183E+01 (119,  2)   vdiff=  9.2099E+01 (118,  4)
n=   633   udiff=  5.7975E+01 (119,  2)   vdiff=  9.2642E+01 (118,  4)
n=   634   udiff=  5.8266E+01 (119,  2)   vdiff=  9.2428E+01 (118,  4)
n=   635   udiff=  5.8059E+01 (119,  2)   vdiff=  9.1486E+01 (118,  4)
n=   636   udiff=  5.7365E+01 (119,  2)   vdiff=  8.9847E+01 (118,  4)
n=   637   udiff=  5.6200E+01 (119,  2)   vdiff=  8.7552E+01 (118,  4)
n=   638   udiff=  5.4584E+01 (119,  2)   vdiff=  8.4642E+01 (118,  4)
n=   639   udiff=  5.2541E+01 (119,  2)   vdiff=  8.1163E+01 (118,  4)
n=   640   udiff=  5.0101E+01 (119,  2)   vdiff=  7.9339E+01 (118,  3)
n=   641   udiff=  4.7296E+01 (119,  2)   vdiff=  8.2529E+01 (118,  3)
n=   642   udiff=  4.5344E+01 (118,  2)   vdiff=  8.5055E+01 (118,  3)
n=   643   udiff=  4.7313E+01 (118,  2)   vdiff=  8.6914E+01 (118,  3)
n=   644   udiff=  4.8949E+01 (118,  2)   vdiff=  8.8107E+01 (118,  3)
n=   645   udiff=  5.0249E+01 (118,  2)   vdiff=  8.8643E+01 (118,  3)
n=   646   udiff=  5.1211E+01 (118,  2)   vdiff=  8.8533E+01 (118,  3)
n=   647   udiff=  5.1834E+01 (118,  2)   vdiff=  8.7792E+01 (118,  3)
n=   648   udiff=  5.2118E+01 (118,  2)   vdiff=  8.6440E+01 (118,  3)
n=   649   udiff=  5.2063E+01 (118,  2)   vdiff=  8.4499E+01 (118,  3)
n=   650   udiff=  5.1670E+01 (118,  2)   vdiff=  8.1996E+01 (118,  3)
n=   651   udiff=  5.0944E+01 (118,  2)   vdiff=  7.8956E+01 (118,  3)
n=   652   udiff=  4.9887E+01 (118,  2)   vdiff=  7.5412E+01 (118,  3)
n=   653   udiff=  4.8505E+01 (118,  2)   vdiff=  7.1394E+01 (118,  3)
n=   654   udiff=  4.6805E+01 (118,  2)   vdiff=  6.6937E+01 (118,  3)
n=   655   udiff=  4.4795E+01 (118,  2)   vdiff=  6.2075E+01 (118,  3)
n=   656   udiff=  4.2486E+01 (118,  2)   vdiff=  5.6845E+01 (118,  3)
n=   657   udiff=  4.1796E+01 (118,  3)   vdiff=  5.6795E+01 (117,  3)
n=   658   udiff=  4.3364E+01 (118,  3)   vdiff=  5.8650E+01 (117,  3)
n=   659   udiff=  4.4651E+01 (118,  3)   vdiff=  6.0086E+01 (117,  3)
n=   660   udiff=  4.5656E+01 (118,  3)   vdiff=  6.1090E+01 (117,  3)
n=   661   udiff=  4.6382E+01 (118,  3)   vdiff=  6.1650E+01 (117,  3)
n=   662   udiff=  4.6828E+01 (118,  3)   vdiff=  6.1757E+01 (117,  3)
n=   663   udiff=  4.6997E+01 (118,  3)   vdiff=  6.2372E+01 (116,  4)
n=   664   udiff=  4.6890E+01 (118,  3)   vdiff=  6.4232E+01 (118,  4)
n=   665   udiff=  4.7465E+01 (117,  2)   vdiff=  6.8383E+01 (118,  4)
n=   666   udiff=  4.9048E+01 (117,  2)   vdiff=  7.2141E+01 (118,  4)
n=   667   udiff=  5.0209E+01 (117,  2)   vdiff=  7.5472E+01 (118,  4)
n=   668   udiff=  5.0943E+01 (117,  2)   vdiff=  7.8346E+01 (118,  4)
n=   669   udiff=  5.1252E+01 (117,  2)   vdiff=  8.0731E+01 (118,  4)
n=   670   udiff=  5.1140E+01 (117,  2)   vdiff=  8.2596E+01 (118,  4)
n=   671   udiff=  5.0619E+01 (117,  2)   vdiff=  8.3913E+01 (118,  4)
n=   672   udiff=  5.0428E+01 (119,  2)   vdiff=  8.4652E+01 (118,  4)
n=   673   udiff=  5.0274E+01 (119,  2)   vdiff=  8.4791E+01 (118,  4)
n=   674   udiff=  4.9799E+01 (119,  2)   vdiff=  8.4307E+01 (118,  4)
n=   675   udiff=  4.9001E+01 (119,  2)   vdiff=  8.3184E+01 (118,  4)
n=   676   udiff=  4.7880E+01 (119,  2)   vdiff=  8.1410E+01 (118,  4)
n=   677   udiff=  4.6436E+01 (119,  2)   vdiff=  7.8979E+01 (118,  4)
n=   678   udiff=  4.4673E+01 (119,  2)   vdiff=  7.5891E+01 (118,  4)
n=   679   udiff=  4.4383E+01 (118,  2)   vdiff=  7.6997E+01 (118,  3)
n=   680   udiff=  4.6841E+01 (118,  2)   vdiff=  7.9664E+01 (118,  3)
n=   681   udiff=  4.8947E+01 (118,  2)   vdiff=  8.1777E+01 (118,  3)
n=   682   udiff=  5.0678E+01 (118,  2)   vdiff=  8.3309E+01 (118,  3)
n=   683   udiff=  5.2015E+01 (118,  2)   vdiff=  8.4236E+01 (118,  3)
n=   684   udiff=  5.2939E+01 (118,  2)   vdiff=  8.4537E+01 (118,  3)
n=   685   udiff=  5.3438E+01 (118,  2)   vdiff=  8.4195E+01 (118,  3)
n=   686   udiff=  5.3501E+01 (118,  2)   vdiff=  8.3199E+01 (118,  3)
n=   687   udiff=  5.3125E+01 (118,  2)   vdiff=  8.1543E+01 (118,  3)
n=   688   udiff=  5.2308E+01 (118,  2)   vdiff=  7.9230E+01 (118,  3)
n=   689   udiff=  5.1055E+01 (118,  2)   vdiff=  7.6265E+01 (118,  3)
n=   690   udiff=  4.9376E+01 (118,  2)   vdiff=  7.2665E+01 (118,  3)
n=   691   udiff=  4.7285E+01 (118,  2)   vdiff=  6.8452E+01 (118,  3)
n=   692   udiff=  4.4802E+01 (118,  2)   vdiff=  6.3655E+01 (118,  3)
n=   693   udiff=  4.2384E+01 (119,  3)   vdiff=  5.8313E+01 (118,  3)
n=   694   udiff=  4.4337E+01 (118,  3)   vdiff=  5.6899E+01 (117,  3)
n=   695   udiff=  4.6357E+01 (118,  3)   vdiff=  5.7901E+01 (117,  3)
n=   696   udiff=  4.7961E+01 (118,  3)   vdiff=  5.8445E+01 (117,  3)
n=   697   udiff=  4.9136E+01 (118,  3)   vdiff=  5.8535E+01 (117,  3)
n=   698   udiff=  4.9872E+01 (118,  3)   vdiff=  6.0053E+01 (118,  4)
n=   699   udiff=  5.0167E+01 (118,  3)   vdiff=  6.5329E+01 (118,  4)
n=   700   udiff=  5.0022E+01 (118,  3)   vdiff=  6.9975E+01 (118,  4)
n=   701   udiff=  4.9446E+01 (118,  3)   vdiff=  7.3957E+01 (118,  4)
n=   702   udiff=  4.8449E+01 (118,  3)   vdiff=  7.7250E+01 (118,  4)
n=   703   udiff=  4.7049E+01 (118,  3)   vdiff=  7.9839E+01 (118,  4)
n=   704   udiff=  4.8392E+01 (119,  2)   vdiff=  8.1716E+01 (118,  4)
n=   705   udiff=  4.9702E+01 (119,  2)   vdiff=  8.2885E+01 (118,  4)
n=   706   udiff=  5.0578E+01 (119,  2)   vdiff=  8.3354E+01 (118,  4)
n=   707   udiff=  5.1017E+01 (119,  2)   vdiff=  8.3141E+01 (118,  4)
n=   708   udiff=  5.1021E+01 (119,  2)   vdiff=  8.2268E+01 (118,  4)
n=   709   udiff=  5.0598E+01 (119,  2)   vdiff=  8.0766E+01 (118,  4)
n=   710   udiff=  4.9761E+01 (119,  2)   vdiff=  7.8667E+01 (118,  4)
n=   711   udiff=  4.8525E+01 (119,  2)   vdiff=  7.6009E+01 (118,  4)
n=   712   udiff=  4.6912E+01 (119,  2)   vdiff=  7.2834E+01 (118,  4)
n=   713   udiff=  4.4946E+01 (119,  2)   vdiff=  6.9427E+01 (118,  3)
n=   714   udiff=  4.2653E+01 (119,  2)   vdiff=  7.2347E+01 (118,  3)
n=   715   udiff=  4.0062E+01 (119,  2)   vdiff=  7.4675E+01 (118,  3)
n=   716   udiff=  4.1410E+01 (118,  2)   vdiff=  7.6408E+01 (118,  3)
n=   717   udiff=  4.2805E+01 (118,  2)   vdiff=  7.7547E+01 (118,  3)
n=   718   udiff=  4.3889E+01 (118,  2)   vdiff=  7.8098E+01 (118,  3)
n=   719   udiff=  4.4661E+01 (118,  2)   vdiff=  7.8072E+01 (118,  3)
n=   720   udiff=  4.5122E+01 (118,  2)   vdiff=  7.7483E+01 (118,  3)
n=   721   udiff=  4.5273E+01 (118,  2)   vdiff=  7.6347E+01 (118,  3)
n=   722   udiff=  4.5116E+01 (118,  2)   vdiff=  7.4686E+01 (118,  3)
n=   723   udiff=  4.4655E+01 (118,  2)   vdiff=  7.2523E+01 (118,  3)
n=   724   udiff=  4.3896E+01 (118,  2)   vdiff=  6.9884E+01 (118,  3)
n=   725   udiff=  4.2846E+01 (118,  2)   vdiff=  6.6797E+01 (118,  3)
n=   726   udiff=  4.1511E+01 (118,  2)   vdiff=  6.3292E+01 (118,  3)
n=   727   udiff=  3.9903E+01 (118,  2)   vdiff=  5.9399E+01 (118,  3)
n=   728   udiff=  3.8032E+01 (118,  2)   vdiff=  5.5153E+01 (118,  3)
n=   729   udiff=  3.6108E+01 (118,  3)   vdiff=  5.0587E+01 (118,  3)
n=   730   udiff=  3.7707E+01 (118,  3)   vdiff=  5.1121E+01 (117,  3)
n=   731   udiff=  3.9043E+01 (118,  3)   vdiff=  5.2635E+01 (117,  3)
n=   732   udiff=  4.0118E+01 (118,  3)   vdiff=  5.3768E+01 (117,  3)
n=   733   udiff=  4.0930E+01 (118,  3)   vdiff=  5.6409E+01 (116,  4)
n=   734   udiff=  4.1483E+01 (118,  3)   vdiff=  5.8954E+01 (116,  4)
n=   735   udiff=  4.1779E+01 (118,  3)   vdiff=  6.1003E+01 (116,  4)
n=   736   udiff=  4.1820E+01 (118,  3)   vdiff=  6.2548E+01 (116,  4)
n=   737   udiff=  4.1609E+01 (118,  3)   vdiff=  6.3588E+01 (116,  4)
n=   738   udiff=  4.1791E+01 (117,  2)   vdiff=  6.4124E+01 (116,  4)
n=   739   udiff=  4.2844E+01 (117,  2)   vdiff=  6.4165E+01 (116,  4)
n=   740   udiff=  4.3525E+01 (117,  2)   vdiff=  6.5130E+01 (118,  4)
n=   741   udiff=  4.3835E+01 (117,  2)   vdiff=  6.7326E+01 (118,  4)
n=   742   udiff=  4.3780E+01 (117,  2)   vdiff=  6.9085E+01 (118,  4)
n=   743   udiff=  4.3367E+01 (117,  2)   vdiff=  7.0385E+01 (118,  4)
n=   744   udiff=  4.2609E+01 (117,  2)   vdiff=  7.1206E+01 (118,  4)
n=   745   udiff=  4.1521E+01 (117,  2)   vdiff=  7.1533E+01 (118,  4)
n=   746   udiff=  4.1083E+01 (119,  2)   vdiff=  7.1349E+01 (118,  4)
n=   747   udiff=  4.0764E+01 (119,  2)   vdiff=  7.0646E+01 (118,  4)
n=   748   udiff=  4.0183E+01 (119,  2)   vdiff=  6.9414E+01 (118,  4)
n=   749   udiff=  3.9340E+01 (119,  2)   vdiff=  6.7651E+01 (118,  4)
n=   750   udiff=  3.8239E+01 (119,  2)   vdiff=  6.5358E+01 (118,  4)
n=   751   udiff=  3.6882E+01 (119,  2)   vdiff=  6.2541E+01 (118,  4)
n=   752   udiff=  3.7571E+01 (118,  4)   vdiff=  6.3206E+01 (118,  3)
n=   753   udiff=  3.9233E+01 (118,  4)   vdiff=  6.5336E+01 (118,  3)
n=   754   udiff=  4.0568E+01 (118,  4)   vdiff=  6.7003E+01 (118,  3)
n=   755   udiff=  4.1558E+01 (118,  4)   vdiff=  6.8187E+01 (118,  3)
n=   756   udiff=  4.2191E+01 (118,  4)   vdiff=  6.8874E+01 (118,  3)
n=   757   udiff=  4.2454E+01 (118,  4)   vdiff=  6.9050E+01 (118,  3)
n=   758   udiff=  4.2597E+01 (118,  2)   vdiff=  6.8705E+01 (118,  3)
n=   759   udiff=  4.2540E+01 (118,  2)   vdiff=  6.7836E+01 (118,  3)
n=   760   udiff=  4.2143E+01 (118,  2)   vdiff=  6.6440E+01 (118,  3)
n=   761   udiff=  4.1408E+01 (118,  2)   vdiff=  6.4524E+01 (118,  3)
n=   762   udiff=  4.0338E+01 (118,  2)   vdiff=  6.2095E+01 (118,  3)
n=   763   udiff=  3.8944E+01 (118,  2)   vdiff=  5.9170E+01 (118,  3)
n=   764   udiff=  3.7237E+01 (118,  2)   vdiff=  5.5767E+01 (118,  3)
n=   765   udiff=  3.5233E+01 (118,  2)   vdiff=  5.1913E+01 (118,  3)
n=   766   udiff=  3.4738E+01 (118,  3)   vdiff=  4.7639E+01 (118,  3)
n=   767   udiff=  3.6705E+01 (118,  3)   vdiff=  4.7978E+01 (117,  3)
n=   768   udiff=  3.8353E+01 (118,  3)   vdiff=  4.8759E+01 (117,  3)
n=   769   udiff=  3.9668E+01 (118,  3)   vdiff=  5.0584E+01 (116,  4)
n=   770   udiff=  4.0638E+01 (118,  3)   vdiff=  5.3502E+01 (116,  4)
n=   771   udiff=  4.1255E+01 (118,  3)   vdiff=  5.6043E+01 (116,  4)
n=   772   udiff=  4.1516E+01 (118,  3)   vdiff=  5.8180E+01 (116,  4)
n=   773   udiff=  4.1423E+01 (118,  3)   vdiff=  5.9892E+01 (116,  4)
n=   774   udiff=  4.0978E+01 (118,  3)   vdiff=  6.1160E+01 (116,  4)
n=   775   udiff=  4.0191E+01 (118,  3)   vdiff=  6.2203E+01 (118,  4)
n=   776   udiff=  3.9073E+01 (118,  3)   vdiff=  6.4252E+01 (118,  4)
n=   777   udiff=  3.7639E+01 (118,  3)   vdiff=  6.5733E+01 (118,  4)
n=   778   udiff=  3.7282E+01 (117,  2)   vdiff=  6.6646E+01 (118,  4)
n=   779   udiff=  3.7620E+01 (119,  2)   vdiff=  6.6995E+01 (118,  4)
n=   780   udiff=  3.8082E+01 (119,  2)   vdiff=  6.6793E+01 (118,  4)
n=   781   udiff=  3.8216E+01 (119,  2)   vdiff=  6.6054E+01 (118,  4)
n=   782   udiff=  3.8028E+01 (119,  2)   vdiff=  6.4802E+01 (118,  4)
n=   783   udiff=  3.7525E+01 (119,  2)   vdiff=  6.3059E+01 (118,  4)
n=   784   udiff=  3.6718E+01 (119,  2)   vdiff=  6.0856E+01 (118,  4)
n=   785   udiff=  3.5622E+01 (119,  2)   vdiff=  5.8224E+01 (118,  4)
n=   786   udiff=  3.4253E+01 (119,  2)   vdiff=  5.8047E+01 (116,  3)
n=   787   udiff=  3.2630E+01 (119,  2)   vdiff=  5.8826E+01 (116,  3)
n=   788   udiff=  3.3434E+01 (118,  4)   vdiff=  5.9142E+01 (116,  3)
n=   789   udiff=  3.4158E+01 (118,  4)   vdiff=  5.9196E+01 (118,  3)
n=   790   udiff=  3.4627E+01 (118,  4)   vdiff=  6.0125E+01 (118,  3)
n=   791   udiff=  3.4847E+01 (118,  4)   vdiff=  6.0582E+01 (118,  3)
n=   792   udiff=  3.5037E+01 (118,  2)   vdiff=  6.0574E+01 (118,  3)
n=   793   udiff=  3.5276E+01 (118,  2)   vdiff=  6.0112E+01 (118,  3)
n=   794   udiff=  3.5480E+01 (117,  3)   vdiff=  5.9210E+01 (118,  3)
n=   795   udiff=  3.5890E+01 (117,  3)   vdiff=  5.7883E+01 (118,  3)
n=   796   udiff=  3.5992E+01 (117,  3)   vdiff=  5.6150E+01 (118,  3)
n=   797   udiff=  3.5784E+01 (117,  3)   vdiff=  5.4033E+01 (118,  3)
n=   798   udiff=  3.5270E+01 (117,  3)   vdiff=  5.1555E+01 (118,  3)
n=   799   udiff=  3.4455E+01 (117,  3)   vdiff=  4.8740E+01 (118,  3)
n=   800   udiff=  3.3348E+01 (117,  3)   vdiff=  4.5615E+01 (118,  3)
n=   801   udiff=  3.1961E+01 (117,  3)   vdiff=  4.2355E+01 (117,  4)
n=   802   udiff=  3.0829E+01 (116,  3)   vdiff=  4.2947E+01 (116,  4)
n=   803   udiff=  3.1258E+01 (118,  3)   vdiff=  4.6640E+01 (116,  4)
n=   804   udiff=  3.2300E+01 (118,  3)   vdiff=  4.9921E+01 (116,  4)
n=   805   udiff=  3.3108E+01 (118,  3)   vdiff=  5.2768E+01 (116,  4)
n=   806   udiff=  3.3683E+01 (118,  3)   vdiff=  5.5163E+01 (116,  4)
n=   807   udiff=  3.4026E+01 (118,  3)   vdiff=  5.7092E+01 (116,  4)
n=   808   udiff=  3.4139E+01 (118,  3)   vdiff=  5.8549E+01 (116,  4)
n=   809   udiff=  3.4027E+01 (118,  3)   vdiff=  5.9530E+01 (116,  4)
n=   810   udiff=  3.4229E+01 (117,  2)   vdiff=  6.0036E+01 (116,  4)
n=   811   udiff=  3.5065E+01 (117,  2)   vdiff=  6.0073E+01 (116,  4)
n=   812   udiff=  3.5591E+01 (117,  2)   vdiff=  5.9650E+01 (116,  4)
n=   813   udiff=  3.5809E+01 (117,  2)   vdiff=  5.8780E+01 (116,  4)
n=   814   udiff=  3.5720E+01 (117,  2)   vdiff=  5.7479E+01 (116,  4)
n=   815   udiff=  3.5333E+01 (117,  2)   vdiff=  5.5765E+01 (116,  4)
n=   816   udiff=  3.4655E+01 (117,  2)   vdiff=  5.4703E+01 (118,  4)
n=   817   udiff=  3.3700E+01 (117,  2)   vdiff=  5.4801E+01 (118,  4)
n=   818   udiff=  3.2483E+01 (117,  2)   vdiff=  5.4495E+01 (118,  4)
n=   819   udiff=  3.1019E+01 (117,  2)   vdiff=  5.3782E+01 (118,  4)
n=   820   udiff=  2.9327E+01 (117,  2)   vdiff=  5.3809E+01 (116,  3)
n=   821   udiff=  2.7875E+01 (116,  4)   vdiff=  5.4729E+01 (116,  3)
n=   822   udiff=  2.8294E+01 (116,  4)   vdiff=  5.5230E+01 (116,  3)
n=   823   udiff=  2.8874E+01 (118,  4)   vdiff=  5.5318E+01 (116,  3)
n=   824   udiff=  3.0253E+01 (118,  4)   vdiff=  5.4999E+01 (116,  3)
n=   825   udiff=  3.1385E+01 (118,  4)   vdiff=  5.4284E+01 (116,  3)
n=   826   udiff=  3.2256E+01 (118,  4)   vdiff=  5.3185E+01 (116,  3)
n=   827   udiff=  3.2855E+01 (118,  4)   vdiff=  5.1716E+01 (116,  3)
n=   828   udiff=  3.3176E+01 (118,  4)   vdiff=  4.9894E+01 (116,  3)
n=   829   udiff=  3.3213E+01 (118,  4)   vdiff=  4.9950E+01 (118,  3)
n=   830   udiff=  3.2964E+01 (118,  4)   vdiff=  4.9649E+01 (118,  3)
n=   831   udiff=  3.2431E+01 (118,  4)   vdiff=  4.8961E+01 (118,  3)
n=   832   udiff=  3.1618E+01 (118,  4)   vdiff=  4.7889E+01 (118,  3)
n=   833   udiff=  3.0532E+01 (118,  4)   vdiff=  4.6440E+01 (118,  3)
n=   834   udiff=  2.9345E+01 (117,  3)   vdiff=  4.4624E+01 (118,  3)
n=   835   udiff=  2.8718E+01 (117,  3)   vdiff=  4.2456E+01 (118,  3)
n=   836   udiff=  2.7902E+01 (117,  3)   vdiff=  3.9950E+01 (118,  3)
n=   837   udiff=  2.6941E+01 (116,  3)   vdiff=  4.0493E+01 (114,  4)
n=   838   udiff=  2.7668E+01 (116,  3)   vdiff=  4.2426E+01 (114,  4)
n=   839   udiff=  2.8221E+01 (116,  3)   vdiff=  4.4037E+01 (114,  4)
n=   840   udiff=  2.8847E+01 (118,  3)   vdiff=  4.5316E+01 (114,  4)
n=   841   udiff=  2.9862E+01 (118,  3)   vdiff=  4.6260E+01 (114,  4)
n=   842   udiff=  3.0621E+01 (118,  3)   vdiff=  4.8702E+01 (116,  4)
n=   843   udiff=  3.1118E+01 (118,  3)   vdiff=  5.0927E+01 (116,  4)
n=   844   udiff=  3.1352E+01 (118,  3)   vdiff=  5.2790E+01 (116,  4)
n=   845   udiff=  3.1320E+01 (118,  3)   vdiff=  5.4272E+01 (116,  4)
n=   846   udiff=  3.1025E+01 (118,  3)   vdiff=  5.5358E+01 (116,  4)
n=   847   udiff=  3.0473E+01 (118,  3)   vdiff=  5.6035E+01 (116,  4)
n=   848   udiff=  2.9750E+01 (117,  2)   vdiff=  5.6294E+01 (116,  4)
n=   849   udiff=  3.0064E+01 (117,  2)   vdiff=  5.6127E+01 (116,  4)
n=   850   udiff=  3.0163E+01 (117,  2)   vdiff=  5.5531E+01 (116,  4)
n=   851   udiff=  3.0043E+01 (117,  2)   vdiff=  5.4504E+01 (116,  4)
n=   852   udiff=  2.9705E+01 (117,  2)   vdiff=  5.3050E+01 (116,  4)
n=   853   udiff=  2.9147E+01 (117,  2)   vdiff=  5.1176E+01 (116,  4)
n=   854   udiff=  2.8371E+01 (117,  2)   vdiff=  4.8893E+01 (116,  4)
n=   855   udiff=  2.7941E+01 (116,  4)   vdiff=  4.6851E+01 (116,  3)
n=   856   udiff=  2.9240E+01 (116,  4)   vdiff=  4.8649E+01 (116,  3)
n=   857   udiff=  3.0300E+01 (116,  4)   vdiff=  5.0085E+01 (116,  3)
n=   858   udiff=  3.1108E+01 (116,  4)   vdiff=  5.1143E+01 (116,  3)
n=   859   udiff=  3.1657E+01 (116,  4)   vdiff=  5.1810E+01 (116,  3)
n=   860   udiff=  3.1937E+01 (116,  4)   vdiff=  5.2078E+01 (116,  3)
n=   861   udiff=  3.1946E+01 (116,  4)   vdiff=  5.1939E+01 (116,  3)
n=   862   udiff=  3.1682E+01 (116,  4)   vdiff=  5.1390E+01 (116,  3)
n=   863   udiff=  3.1149E+01 (116,  4)   vdiff=  5.0432E+01 (116,  3)
n=   864   udiff=  3.0351E+01 (116,  4)   vdiff=  4.9070E+01 (116,  3)
n=   865   udiff=  2.9331E+01 (117,  3)   vdiff=  4.7311E+01 (116,  3)
n=   866   udiff=  2.9885E+01 (117,  3)   vdiff=  4.5167E+01 (116,  3)
n=   867   udiff=  3.0184E+01 (117,  3)   vdiff=  4.2655E+01 (116,  3)
n=   868   udiff=  3.0225E+01 (117,  3)   vdiff=  3.9794E+01 (116,  3)
n=   869   udiff=  3.0007E+01 (117,  3)   vdiff=  3.6989E+01 (118,  3)
n=   870   udiff=  2.9530E+01 (117,  3)   vdiff=  3.6698E+01 (117,  4)
n=   871   udiff=  2.8800E+01 (117,  3)   vdiff=  3.6156E+01 (117,  4)
n=   872   udiff=  2.7821E+01 (117,  3)   vdiff=  3.6633E+01 (115,  3)
n=   873   udiff=  2.8525E+01 (116,  3)   vdiff=  3.7058E+01 (115,  3)
n=   874   udiff=  2.9303E+01 (116,  3)   vdiff=  3.7613E+01 (116,  4)
n=   875   udiff=  2.9835E+01 (116,  3)   vdiff=  4.0961E+01 (116,  4)
n=   876   udiff=  3.0119E+01 (116,  3)   vdiff=  4.3949E+01 (116,  4)
n=   877   udiff=  3.0156E+01 (116,  3)   vdiff=  4.6555E+01 (116,  4)
n=   878   udiff=  2.9948E+01 (116,  3)   vdiff=  4.8762E+01 (116,  4)
n=   879   udiff=  2.9502E+01 (116,  3)   vdiff=  5.0558E+01 (116,  4)
n=   880   udiff=  2.8825E+01 (116,  3)   vdiff=  5.1932E+01 (116,  4)
n=   881   udiff=  2.8082E+01 (117,  2)   vdiff=  5.2882E+01 (116,  4)
n=   882   udiff=  2.8842E+01 (117,  2)   vdiff=  5.3405E+01 (116,  4)
n=   883   udiff=  2.9348E+01 (117,  2)   vdiff=  5.3506E+01 (116,  4)
n=   884   udiff=  2.9600E+01 (117,  2)   vdiff=  5.3190E+01 (116,  4)
n=   885   udiff=  2.9596E+01 (117,  2)   vdiff=  5.2467E+01 (116,  4)
n=   886   udiff=  2.9340E+01 (117,  2)   vdiff=  5.1351E+01 (116,  4)
n=   887   udiff=  2.8839E+01 (117,  2)   vdiff=  4.9856E+01 (116,  4)
n=   888   udiff=  2.8099E+01 (117,  2)   vdiff=  4.8001E+01 (116,  4)
n=   889   udiff=  2.7132E+01 (117,  2)   vdiff=  4.5807E+01 (116,  4)
n=   890   udiff=  2.5948E+01 (117,  2)   vdiff=  4.3600E+01 (116,  3)
n=   891   udiff=  2.6449E+01 (116,  4)   vdiff=  4.5243E+01 (116,  3)
n=   892   udiff=  2.7390E+01 (116,  4)   vdiff=  4.6525E+01 (116,  3)
n=   893   udiff=  2.8142E+01 (116,  4)   vdiff=  4.7444E+01 (116,  3)
n=   894   udiff=  2.8701E+01 (116,  4)   vdiff=  4.7998E+01 (116,  3)
n=   895   udiff=  2.9066E+01 (116,  4)   vdiff=  4.8189E+01 (116,  3)
n=   896   udiff=  2.9238E+01 (116,  4)   vdiff=  4.8022E+01 (116,  3)
n=   897   udiff=  2.9217E+01 (116,  4)   vdiff=  4.7503E+01 (116,  3)
n=   898   udiff=  2.9004E+01 (116,  4)   vdiff=  4.6641E+01 (116,  3)
n=   899   udiff=  2.8601E+01 (116,  4)   vdiff=  4.5448E+01 (116,  3)
n=   900   udiff=  2.8012E+01 (116,  4)   vdiff=  4.3936E+01 (116,  3)
n=   901   udiff=  2.7675E+01 (115,  3)   vdiff=  4.2119E+01 (116,  3)
n=   902   udiff=  2.7539E+01 (115,  3)   vdiff=  4.0014E+01 (116,  3)
n=   903   udiff=  2.7194E+01 (115,  3)   vdiff=  3.7639E+01 (116,  3)
n=   904   udiff=  2.6644E+01 (115,  3)   vdiff=  3.5011E+01 (116,  3)
n=   905   udiff=  2.5893E+01 (115,  3)   vdiff=  3.4214E+01 (115,  4)
n=   906   udiff=  2.5036E+01 (117,  3)   vdiff=  3.3308E+01 (115,  4)
n=   907   udiff=  2.4231E+01 (117,  3)   vdiff=  3.2181E+01 (115,  3)
n=   908   udiff=  2.5010E+01 (116,  3)   vdiff=  3.3269E+01 (115,  3)
n=   909   udiff=  2.6009E+01 (116,  3)   vdiff=  3.4121E+01 (115,  3)
n=   910   udiff=  2.6831E+01 (116,  3)   vdiff=  3.4728E+01 (115,  3)
n=   911   udiff=  2.7469E+01 (116,  3)   vdiff=  3.6619E+01 (114,  4)
n=   912   udiff=  2.7920E+01 (116,  3)   vdiff=  3.8541E+01 (114,  4)
n=   913   udiff=  2.8178E+01 (116,  3)   vdiff=  4.0644E+01 (116,  4)
n=   914   udiff=  2.8241E+01 (116,  3)   vdiff=  4.2792E+01 (116,  4)
n=   915   udiff=  2.8107E+01 (116,  3)   vdiff=  4.4630E+01 (116,  4)
n=   916   udiff=  2.7831E+01 (115,  2)   vdiff=  4.6143E+01 (116,  4)
n=   917   udiff=  2.8414E+01 (115,  2)   vdiff=  4.7318E+01 (116,  4)
n=   918   udiff=  2.8777E+01 (115,  2)   vdiff=  4.8146E+01 (116,  4)
n=   919   udiff=  2.8919E+01 (115,  2)   vdiff=  4.8617E+01 (116,  4)
n=   920   udiff=  2.8841E+01 (115,  2)   vdiff=  4.8726E+01 (116,  4)
n=   921   udiff=  2.8546E+01 (115,  2)   vdiff=  4.8469E+01 (116,  4)
n=   922   udiff=  2.8038E+01 (115,  2)   vdiff=  4.7845E+01 (116,  4)
n=   923   udiff=  2.7324E+01 (115,  2)   vdiff=  4.6855E+01 (116,  4)
n=   924   udiff=  2.6414E+01 (115,  2)   vdiff=  4.5504E+01 (116,  4)
n=   925   udiff=  2.5315E+01 (115,  2)   vdiff=  4.3801E+01 (116,  4)
n=   926   udiff=  2.4041E+01 (115,  2)   vdiff=  4.1754E+01 (116,  4)
n=   927   udiff=  2.5484E+01 (116,  4)   vdiff=  4.0596E+01 (116,  3)
n=   928   udiff=  2.6801E+01 (116,  4)   vdiff=  4.2093E+01 (116,  3)
n=   929   udiff=  2.7905E+01 (116,  4)   vdiff=  4.3268E+01 (116,  3)
n=   930   udiff=  2.8783E+01 (116,  4)   vdiff=  4.4111E+01 (116,  3)
n=   931   udiff=  2.9427E+01 (116,  4)   vdiff=  4.4612E+01 (116,  3)
n=   932   udiff=  2.9832E+01 (116,  4)   vdiff=  4.4766E+01 (116,  3)
n=   933   udiff=  2.9992E+01 (116,  4)   vdiff=  4.4569E+01 (116,  3)
n=   934   udiff=  2.9907E+01 (116,  4)   vdiff=  4.4021E+01 (116,  3)
n=   935   udiff=  2.9578E+01 (116,  4)   vdiff=  4.3124E+01 (116,  3)
n=   936   udiff=  2.9008E+01 (116,  4)   vdiff=  4.1886E+01 (116,  3)
n=   937   udiff=  2.8204E+01 (116,  4)   vdiff=  4.0313E+01 (116,  3)
n=   938   udiff=  2.7175E+01 (116,  4)   vdiff=  3.8419E+01 (116,  3)
n=   939   udiff=  2.6070E+01 (117,  3)   vdiff=  3.6219E+01 (116,  3)
n=   940   udiff=  2.5876E+01 (117,  3)   vdiff=  3.3730E+01 (116,  3)
n=   941   udiff=  2.5468E+01 (117,  3)   vdiff=  3.0973E+01 (116,  3)
n=   942   udiff=  2.4847E+01 (117,  3)   vdiff=  2.9918E+01 (115,  4)
n=   943   udiff=  2.4019E+01 (117,  3)   vdiff=  2.9373E+01 (116,  5)
n=   944   udiff=  2.4173E+01 (116,  3)   vdiff=  2.9889E+01 (115,  3)
n=   945   udiff=  2.5208E+01 (116,  3)   vdiff=  3.0592E+01 (115,  3)
n=   946   udiff=  2.6037E+01 (116,  3)   vdiff=  3.2317E+01 (116,  4)
n=   947   udiff=  2.6654E+01 (116,  3)   vdiff=  3.5153E+01 (116,  4)
n=   948   udiff=  2.7059E+01 (116,  3)   vdiff=  3.7682E+01 (116,  4)
n=   949   udiff=  2.7250E+01 (116,  3)   vdiff=  3.9887E+01 (116,  4)
n=   950   udiff=  2.7228E+01 (116,  3)   vdiff=  4.1751E+01 (116,  4)
n=   951   udiff=  2.6998E+01 (116,  3)   vdiff=  4.3265E+01 (116,  4)
n=   952   udiff=  2.6563E+01 (116,  3)   vdiff=  4.4418E+01 (116,  4)
n=   953   udiff=  2.6062E+01 (117,  2)   vdiff=  4.5207E+01 (116,  4)
n=   954   udiff=  2.6479E+01 (117,  2)   vdiff=  4.5629E+01 (116,  4)
n=   955   udiff=  2.6675E+01 (117,  2)   vdiff=  4.5686E+01 (116,  4)
n=   956   udiff=  2.6649E+01 (117,  2)   vdiff=  4.5383E+01 (116,  4)
n=   957   udiff=  2.6403E+01 (117,  2)   vdiff=  4.4726E+01 (116,  4)
n=   958   udiff=  2.5942E+01 (117,  2)   vdiff=  4.3727E+01 (116,  4)
n=   959   udiff=  2.5334E+01 (115,  2)   vdiff=  4.2397E+01 (116,  4)
n=   960   udiff=  2.4889E+01 (115,  2)   vdiff=  4.0751E+01 (116,  4)
n=   961   udiff=  2.4271E+01 (115,  2)   vdiff=  3.8807E+01 (116,  4)
n=   962   udiff=  2.3484E+01 (115,  2)   vdiff=  3.6954E+01 (116,  3)
n=   963   udiff=  2.3344E+01 (116,  4)   vdiff=  3.8344E+01 (116,  3)
n=   964   udiff=  2.4411E+01 (116,  4)   vdiff=  3.9429E+01 (116,  3)
n=   965   udiff=  2.5302E+01 (116,  4)   vdiff=  4.0207E+01 (116,  3)
n=   966   udiff=  2.6014E+01 (116,  4)   vdiff=  4.0676E+01 (116,  3)
n=   967   udiff=  2.6543E+01 (116,  4)   vdiff=  4.0837E+01 (116,  3)
n=   968   udiff=  2.6887E+01 (116,  4)   vdiff=  4.0693E+01 (116,  3)
n=   969   udiff=  2.7046E+01 (116,  4)   vdiff=  4.0248E+01 (116,  3)
n=   970   udiff=  2.7019E+01 (116,  4)   vdiff=  3.9510E+01 (116,  3)
n=   971   udiff=  2.6807E+01 (116,  4)   vdiff=  3.8486E+01 (116,  3)
n=   972   udiff=  2.6412E+01 (116,  4)   vdiff=  3.7188E+01 (116,  3)
n=   973   udiff=  2.5837E+01 (116,  4)   vdiff=  3.5626E+01 (116,  3)
n=   974   udiff=  2.5086E+01 (116,  4)   vdiff=  3.3814E+01 (116,  3)
n=   975   udiff=  2.4415E+01 (117,  3)   vdiff=  3.1766E+01 (116,  3)
n=   976   udiff=  2.3974E+01 (117,  3)   vdiff=  2.9718E+01 (114,  3)
n=   977   udiff=  2.3550E+01 (115,  3)   vdiff=  2.8030E+01 (117,  4)
n=   978   udiff=  2.2988E+01 (115,  3)   vdiff=  2.7154E+01 (117,  4)
n=   979   udiff=  2.2260E+01 (115,  3)   vdiff=  2.6512E+01 (116,  5)
n=   980   udiff=  2.1929E+01 (116,  3)   vdiff=  2.6170E+01 (116,  5)
n=   981   udiff=  2.2996E+01 (116,  3)   vdiff=  2.6663E+01 (116,  4)
n=   982   udiff=  2.3896E+01 (116,  3)   vdiff=  2.9329E+01 (116,  4)
n=   983   udiff=  2.4622E+01 (116,  3)   vdiff=  3.1770E+01 (116,  4)
n=   984   udiff=  2.5169E+01 (116,  3)   vdiff=  3.3970E+01 (116,  4)
n=   985   udiff=  2.5530E+01 (116,  3)   vdiff=  3.5912E+01 (116,  4)
n=   986   udiff=  2.5703E+01 (116,  3)   vdiff=  3.7584E+01 (116,  4)
n=   987   udiff=  2.5686E+01 (116,  3)   vdiff=  3.8974E+01 (116,  4)
n=   988   udiff=  2.5477E+01 (116,  3)   vdiff=  4.0070E+01 (116,  4)
n=   989   udiff=  2.5078E+01 (116,  3)   vdiff=  4.0866E+01 (116,  4)
n=   990   udiff=  2.5198E+01 (117,  2)   vdiff=  4.1353E+01 (116,  4)
n=   991   udiff=  2.5388E+01 (117,  2)   vdiff=  4.1529E+01 (116,  4)
n=   992   udiff=  2.5390E+01 (117,  2)   vdiff=  4.1391E+01 (116,  4)
n=   993   udiff=  2.5203E+01 (117,  2)   vdiff=  4.0938E+01 (116,  4)
n=   994   udiff=  2.4826E+01 (117,  2)   vdiff=  4.0174E+01 (116,  4)
n=   995   udiff=  2.4261E+01 (117,  2)   vdiff=  3.9102E+01 (116,  4)
n=   996   udiff=  2.3510E+01 (117,  2)   vdiff=  3.7729E+01 (116,  4)
n=   997   udiff=  2.2638E+01 (115,  2)   vdiff=  3.6065E+01 (116,  4)
n=   998   udiff=  2.3107E+01 (118,  4)   vdiff=  3.4121E+01 (116,  4)
n=   999   udiff=  2.4005E+01 (118,  4)   vdiff=  3.5419E+01 (116,  3)
n=  1000   udiff=  2.4724E+01 (118,  4)   vdiff=  3.6594E+01 (116,  3)
n=  1001   udiff=  2.5259E+01 (118,  4)   vdiff=  3.7480E+01 (116,  3)
n=  1002   udiff=  2.5608E+01 (118,  4)   vdiff=  3.8070E+01 (116,  3)
n=  1003   udiff=  2.5769E+01 (118,  4)   vdiff=  3.8359E+01 (116,  3)
n=  1004   udiff=  2.5742E+01 (118,  4)   vdiff=  3.8342E+01 (116,  3)
n=  1005   udiff=  2.5792E+01 (116,  4)   vdiff=  3.8019E+01 (116,  3)
n=  1006   udiff=  2.5843E+01 (116,  4)   vdiff=  3.7393E+01 (116,  3)
n=  1007   udiff=  2.5688E+01 (116,  4)   vdiff=  3.6467E+01 (116,  3)
n=  1008   udiff=  2.5328E+01 (116,  4)   vdiff=  3.5249E+01 (116,  3)
n=  1009   udiff=  2.4768E+01 (116,  4)   vdiff=  3.3748E+01 (116,  3)
n=  1010   udiff=  2.4423E+01 (117,  3)   vdiff=  3.1978E+01 (116,  3)
n=  1011   udiff=  2.4176E+01 (117,  3)   vdiff=  2.9953E+01 (116,  3)
n=  1012   udiff=  2.3740E+01 (117,  3)   vdiff=  2.7692E+01 (116,  3)
n=  1013   udiff=  2.3117E+01 (117,  3)   vdiff=  2.6242E+01 (117,  4)
n=  1014   udiff=  2.2311E+01 (117,  3)   vdiff=  2.5816E+01 (116,  5)
n=  1015   udiff=  2.2032E+01 (118,  3)   vdiff=  2.5379E+01 (116,  5)
n=  1016   udiff=  2.2771E+01 (118,  3)   vdiff=  2.5875E+01 (117,  3)
n=  1017   udiff=  2.3338E+01 (118,  3)   vdiff=  2.7435E+01 (118,  4)
n=  1018   udiff=  2.3729E+01 (118,  3)   vdiff=  2.9748E+01 (118,  4)
n=  1019   udiff=  2.3941E+01 (118,  3)   vdiff=  3.1855E+01 (118,  4)
n=  1020   udiff=  2.3970E+01 (118,  3)   vdiff=  3.3741E+01 (118,  4)
n=  1021   udiff=  2.3817E+01 (118,  3)   vdiff=  3.5389E+01 (118,  4)
n=  1022   udiff=  2.3494E+01 (117,  2)   vdiff=  3.6785E+01 (118,  4)
n=  1023   udiff=  2.4354E+01 (117,  2)   vdiff=  3.7917E+01 (118,  4)
n=  1024   udiff=  2.5016E+01 (117,  2)   vdiff=  3.8772E+01 (118,  4)
n=  1025   udiff=  2.5473E+01 (117,  2)   vdiff=  3.9341E+01 (118,  4)
n=  1026   udiff=  2.5725E+01 (117,  2)   vdiff=  3.9617E+01 (118,  4)
n=  1027   udiff=  2.5769E+01 (117,  2)   vdiff=  3.9591E+01 (118,  4)
n=  1028   udiff=  2.5608E+01 (117,  2)   vdiff=  3.9262E+01 (118,  4)
n=  1029   udiff=  2.5244E+01 (117,  2)   vdiff=  3.8626E+01 (118,  4)
n=  1030   udiff=  2.4683E+01 (117,  2)   vdiff=  3.7684E+01 (118,  4)
n=  1031   udiff=  2.3930E+01 (117,  2)   vdiff=  3.6439E+01 (118,  4)
n=  1032   udiff=  2.2993E+01 (117,  2)   vdiff=  3.4897E+01 (118,  4)
n=  1033   udiff=  2.3418E+01 (118,  4)   vdiff=  3.4483E+01 (118,  3)
n=  1034   udiff=  2.4692E+01 (118,  4)   vdiff=  3.5829E+01 (118,  3)
n=  1035   udiff=  2.5772E+01 (118,  4)   vdiff=  3.6910E+01 (118,  3)
n=  1036   udiff=  2.6647E+01 (118,  4)   vdiff=  3.7713E+01 (118,  3)
n=  1037   udiff=  2.7307E+01 (118,  4)   vdiff=  3.8228E+01 (118,  3)
n=  1038   udiff=  2.7746E+01 (118,  4)   vdiff=  3.8450E+01 (118,  3)
n=  1039   udiff=  2.7957E+01 (118,  4)   vdiff=  3.8372E+01 (118,  3)
n=  1040   udiff=  2.7937E+01 (118,  4)   vdiff=  3.7993E+01 (118,  3)
n=  1041   udiff=  2.7685E+01 (118,  4)   vdiff=  3.7312E+01 (118,  3)
n=  1042   udiff=  2.7202E+01 (118,  4)   vdiff=  3.6332E+01 (118,  3)
n=  1043   udiff=  2.6493E+01 (118,  4)   vdiff=  3.5059E+01 (118,  3)
n=  1044   udiff=  2.5563E+01 (118,  4)   vdiff=  3.3501E+01 (118,  3)
n=  1045   udiff=  2.4432E+01 (117,  3)   vdiff=  3.1668E+01 (118,  3)
n=  1046   udiff=  2.4287E+01 (117,  3)   vdiff=  2.9574E+01 (118,  3)
n=  1047   udiff=  2.3955E+01 (117,  3)   vdiff=  2.7298E+01 (117,  4)
n=  1048   udiff=  2.3437E+01 (117,  3)   vdiff=  2.6629E+01 (117,  4)
n=  1049   udiff=  2.2736E+01 (117,  3)   vdiff=  2.6324E+01 (118,  5)
n=  1050   udiff=  2.3173E+01 (118,  3)   vdiff=  2.5995E+01 (117,  3)
n=  1051   udiff=  2.4052E+01 (118,  3)   vdiff=  2.6664E+01 (117,  3)
n=  1052   udiff=  2.4739E+01 (118,  3)   vdiff=  2.8356E+01 (118,  4)
n=  1053   udiff=  2.5227E+01 (118,  3)   vdiff=  3.0971E+01 (118,  4)
n=  1054   udiff=  2.5514E+01 (118,  3)   vdiff=  3.3326E+01 (118,  4)
n=  1055   udiff=  2.5598E+01 (118,  3)   vdiff=  3.5402E+01 (118,  4)
n=  1056   udiff=  2.5478E+01 (118,  3)   vdiff=  3.7182E+01 (118,  4)
n=  1057   udiff=  2.5156E+01 (118,  3)   vdiff=  3.8654E+01 (118,  4)
n=  1058   udiff=  2.4637E+01 (118,  3)   vdiff=  3.9808E+01 (118,  4)
n=  1059   udiff=  2.3960E+01 (117,  4)   vdiff=  4.0635E+01 (118,  4)
n=  1060   udiff=  2.4476E+01 (117,  4)   vdiff=  4.1133E+01 (118,  4)
n=  1061   udiff=  2.4813E+01 (117,  4)   vdiff=  4.1300E+01 (118,  4)
n=  1062   udiff=  2.4969E+01 (117,  4)   vdiff=  4.1138E+01 (118,  4)
n=  1063   udiff=  2.4982E+01 (117,  2)   vdiff=  4.0652E+01 (118,  4)
n=  1064   udiff=  2.4958E+01 (117,  2)   vdiff=  3.9849E+01 (118,  4)
n=  1065   udiff=  2.4748E+01 (117,  2)   vdiff=  3.8739E+01 (118,  4)
n=  1066   udiff=  2.4354E+01 (117,  2)   vdiff=  3.7333E+01 (118,  4)
n=  1067   udiff=  2.3777E+01 (117,  2)   vdiff=  3.5647E+01 (118,  4)
n=  1068   udiff=  2.3019E+01 (117,  2)   vdiff=  3.4628E+01 (118,  3)
n=  1069   udiff=  2.4149E+01 (118,  4)   vdiff=  3.6058E+01 (118,  3)
n=  1070   udiff=  2.5200E+01 (118,  4)   vdiff=  3.7210E+01 (118,  3)
n=  1071   udiff=  2.6069E+01 (118,  4)   vdiff=  3.8080E+01 (118,  3)
n=  1072   udiff=  2.6750E+01 (118,  4)   vdiff=  3.8663E+01 (118,  3)
n=  1073   udiff=  2.7242E+01 (118,  4)   vdiff=  3.8956E+01 (118,  3)
n=  1074   udiff=  2.7542E+01 (118,  4)   vdiff=  3.8960E+01 (118,  3)
n=  1075   udiff=  2.7649E+01 (118,  4)   vdiff=  3.8677E+01 (118,  3)
n=  1076   udiff=  2.7564E+01 (118,  4)   vdiff=  3.8110E+01 (118,  3)
n=  1077   udiff=  2.7287E+01 (118,  4)   vdiff=  3.7265E+01 (118,  3)
n=  1078   udiff=  2.6821E+01 (118,  4)   vdiff=  3.6150E+01 (118,  3)
n=  1079   udiff=  2.6168E+01 (118,  4)   vdiff=  3.4773E+01 (118,  3)
n=  1080   udiff=  2.5334E+01 (118,  4)   vdiff=  3.3146E+01 (118,  3)
n=  1081   udiff=  2.4322E+01 (118,  4)   vdiff=  3.1279E+01 (118,  3)
n=  1082   udiff=  2.3972E+01 (117,  3)   vdiff=  2.9187E+01 (118,  3)
n=  1083   udiff=  2.3559E+01 (117,  3)   vdiff=  2.8423E+01 (118,  5)
n=  1084   udiff=  2.2964E+01 (117,  3)   vdiff=  2.8530E+01 (118,  5)
n=  1085   udiff=  2.2530E+01 (118,  3)   vdiff=  2.8432E+01 (118,  5)
n=  1086   udiff=  2.3581E+01 (118,  3)   vdiff=  2.8125E+01 (118,  5)
n=  1087   udiff=  2.4464E+01 (118,  3)   vdiff=  2.7609E+01 (118,  5)
n=  1088   udiff=  2.5171E+01 (118,  3)   vdiff=  2.8561E+01 (118,  4)
n=  1089   udiff=  2.5697E+01 (118,  3)   vdiff=  3.1110E+01 (118,  4)
n=  1090   udiff=  2.6039E+01 (118,  3)   vdiff=  3.3453E+01 (118,  4)
n=  1091   udiff=  2.6191E+01 (118,  3)   vdiff=  3.5570E+01 (118,  4)
n=  1092   udiff=  2.6153E+01 (118,  3)   vdiff=  3.7447E+01 (118,  4)
n=  1093   udiff=  2.5924E+01 (118,  3)   vdiff=  3.9067E+01 (118,  4)
n=  1094   udiff=  2.5503E+01 (118,  3)   vdiff=  4.0416E+01 (118,  4)
n=  1095   udiff=  2.4893E+01 (118,  3)   vdiff=  4.1482E+01 (118,  4)
n=  1096   udiff=  2.4978E+01 (117,  4)   vdiff=  4.2254E+01 (118,  4)
n=  1097   udiff=  2.5408E+01 (117,  4)   vdiff=  4.2721E+01 (118,  4)
n=  1098   udiff=  2.5643E+01 (117,  4)   vdiff=  4.2877E+01 (118,  4)
n=  1099   udiff=  2.5682E+01 (117,  4)   vdiff=  4.2715E+01 (118,  4)
n=  1100   udiff=  2.5525E+01 (117,  4)   vdiff=  4.2232E+01 (118,  4)
n=  1101   udiff=  2.5172E+01 (117,  4)   vdiff=  4.1427E+01 (118,  4)
n=  1102   udiff=  2.4625E+01 (117,  4)   vdiff=  4.0301E+01 (118,  4)
n=  1103   udiff=  2.3889E+01 (117,  4)   vdiff=  3.8858E+01 (118,  4)
n=  1104   udiff=  2.3240E+01 (118,  4)   vdiff=  3.7106E+01 (118,  4)
n=  1105   udiff=  2.4797E+01 (118,  4)   vdiff=  3.6853E+01 (118,  3)
n=  1106   udiff=  2.6164E+01 (118,  4)   vdiff=  3.8340E+01 (118,  3)
n=  1107   udiff=  2.7329E+01 (118,  4)   vdiff=  3.9547E+01 (118,  3)
n=  1108   udiff=  2.8279E+01 (118,  4)   vdiff=  4.0462E+01 (118,  3)
n=  1109   udiff=  2.9005E+01 (118,  4)   vdiff=  4.1074E+01 (118,  3)
n=  1110   udiff=  2.9498E+01 (118,  4)   vdiff=  4.1376E+01 (118,  3)
n=  1111   udiff=  2.9753E+01 (118,  4)   vdiff=  4.1362E+01 (118,  3)
n=  1112   udiff=  2.9767E+01 (118,  4)   vdiff=  4.1028E+01 (118,  3)
n=  1113   udiff=  2.9539E+01 (118,  4)   vdiff=  4.0374E+01 (118,  3)
n=  1114   udiff=  2.9070E+01 (118,  4)   vdiff=  3.9403E+01 (118,  3)
n=  1115   udiff=  2.8364E+01 (118,  4)   vdiff=  3.8120E+01 (118,  3)
n=  1116   udiff=  2.7428E+01 (118,  4)   vdiff=  3.6533E+01 (118,  3)
n=  1117   udiff=  2.6270E+01 (118,  4)   vdiff=  3.4653E+01 (118,  3)
n=  1118   udiff=  2.4901E+01 (118,  4)   vdiff=  3.2494E+01 (118,  3)
n=  1119   udiff=  2.3754E+01 (117,  3)   vdiff=  3.1138E+01 (118,  5)
n=  1120   udiff=  2.3215E+01 (117,  3)   vdiff=  3.0987E+01 (118,  5)
n=  1121   udiff=  2.4012E+01 (118,  3)   vdiff=  3.0586E+01 (118,  5)
n=  1122   udiff=  2.5142E+01 (118,  3)   vdiff=  2.9941E+01 (118,  5)
n=  1123   udiff=  2.6073E+01 (118,  3)   vdiff=  2.9060E+01 (118,  5)
n=  1124   udiff=  2.6795E+01 (118,  3)   vdiff=  3.0511E+01 (118,  4)
n=  1125   udiff=  2.7305E+01 (118,  3)   vdiff=  3.3229E+01 (118,  4)
n=  1126   udiff=  2.7599E+01 (118,  3)   vdiff=  3.5670E+01 (118,  4)
n=  1127   udiff=  2.7675E+01 (118,  3)   vdiff=  3.7813E+01 (118,  4)
n=  1128   udiff=  2.7536E+01 (118,  3)   vdiff=  3.9643E+01 (118,  4)
n=  1129   udiff=  2.7183E+01 (118,  3)   vdiff=  4.1147E+01 (118,  4)
n=  1130   udiff=  2.6620E+01 (118,  3)   vdiff=  4.2316E+01 (118,  4)
n=  1131   udiff=  2.5855E+01 (118,  3)   vdiff=  4.3143E+01 (118,  4)
n=  1132   udiff=  2.4894E+01 (118,  3)   vdiff=  4.3625E+01 (118,  4)
n=  1133   udiff=  2.4956E+01 (119,  2)   vdiff=  4.3763E+01 (118,  4)
n=  1134   udiff=  2.5141E+01 (119,  2)   vdiff=  4.3559E+01 (118,  4)
n=  1135   udiff=  2.5127E+01 (119,  2)   vdiff=  4.3019E+01 (118,  4)
n=  1136   udiff=  2.4916E+01 (119,  2)   vdiff=  4.2152E+01 (118,  4)
n=  1137   udiff=  2.4512E+01 (119,  2)   vdiff=  4.0969E+01 (118,  4)
n=  1138   udiff=  2.3919E+01 (119,  2)   vdiff=  3.9483E+01 (118,  4)
n=  1139   udiff=  2.3146E+01 (119,  2)   vdiff=  3.7710E+01 (118,  4)
n=  1140   udiff=  2.2368E+01 (118,  4)   vdiff=  3.5666E+01 (118,  4)
n=  1141   udiff=  2.3651E+01 (118,  4)   vdiff=  3.6680E+01 (118,  3)
n=  1142   udiff=  2.4758E+01 (118,  4)   vdiff=  3.7953E+01 (118,  3)
n=  1143   udiff=  2.5682E+01 (118,  4)   vdiff=  3.8935E+01 (118,  3)
n=  1144   udiff=  2.6419E+01 (118,  4)   vdiff=  3.9623E+01 (118,  3)
n=  1145   udiff=  2.6968E+01 (118,  4)   vdiff=  4.0014E+01 (118,  3)
n=  1146   udiff=  2.7326E+01 (118,  4)   vdiff=  4.0110E+01 (118,  3)
n=  1147   udiff=  2.7492E+01 (118,  4)   vdiff=  3.9912E+01 (118,  3)
n=  1148   udiff=  2.7467E+01 (118,  4)   vdiff=  3.9426E+01 (118,  3)
n=  1149   udiff=  2.7253E+01 (118,  4)   vdiff=  3.8657E+01 (118,  3)
n=  1150   udiff=  2.6850E+01 (118,  4)   vdiff=  3.7614E+01 (118,  3)
n=  1151   udiff=  2.6263E+01 (118,  4)   vdiff=  3.6306E+01 (118,  3)
n=  1152   udiff=  2.5496E+01 (118,  4)   vdiff=  3.4744E+01 (118,  3)
n=  1153   udiff=  2.4552E+01 (118,  4)   vdiff=  3.2940E+01 (118,  3)
n=  1154   udiff=  2.3472E+01 (117,  3)   vdiff=  3.0910E+01 (118,  3)
n=  1155   udiff=  2.2950E+01 (117,  3)   vdiff=  3.0768E+01 (118,  5)
n=  1156   udiff=  2.2250E+01 (117,  3)   vdiff=  3.0842E+01 (118,  5)
n=  1157   udiff=  2.2447E+01 (118,  3)   vdiff=  3.0693E+01 (118,  5)
n=  1158   udiff=  2.3535E+01 (118,  3)   vdiff=  3.0317E+01 (118,  5)
n=  1159   udiff=  2.4455E+01 (118,  3)   vdiff=  2.9715E+01 (118,  5)
n=  1160   udiff=  2.5198E+01 (118,  3)   vdiff=  2.8887E+01 (118,  5)
n=  1161   udiff=  2.5761E+01 (118,  3)   vdiff=  3.0491E+01 (118,  4)
n=  1162   udiff=  2.6140E+01 (118,  3)   vdiff=  3.2838E+01 (118,  4)
n=  1163   udiff=  2.6331E+01 (118,  3)   vdiff=  3.4955E+01 (118,  4)
n=  1164   udiff=  2.6332E+01 (118,  3)   vdiff=  3.6827E+01 (118,  4)
n=  1165   udiff=  2.6143E+01 (118,  3)   vdiff=  3.8439E+01 (118,  4)
n=  1166   udiff=  2.5764E+01 (118,  3)   vdiff=  3.9777E+01 (118,  4)
n=  1167   udiff=  2.5197E+01 (118,  3)   vdiff=  4.0828E+01 (118,  4)
n=  1168   udiff=  2.4443E+01 (118,  3)   vdiff=  4.1584E+01 (118,  4)
n=  1169   udiff=  2.4516E+01 (117,  4)   vdiff=  4.2034E+01 (118,  4)
n=  1170   udiff=  2.4711E+01 (117,  4)   vdiff=  4.2172E+01 (118,  4)
n=  1171   udiff=  2.4723E+01 (117,  4)   vdiff=  4.1993E+01 (118,  4)
n=  1172   udiff=  2.4549E+01 (117,  4)   vdiff=  4.1495E+01 (118,  4)
n=  1173   udiff=  2.4191E+01 (117,  4)   vdiff=  4.0677E+01 (118,  4)
n=  1174   udiff=  2.3652E+01 (117,  4)   vdiff=  3.9542E+01 (118,  4)
n=  1175   udiff=  2.2935E+01 (117,  4)   vdiff=  3.8094E+01 (118,  4)
n=  1176   udiff=  2.2072E+01 (119,  4)   vdiff=  3.6341E+01 (118,  4)
n=  1177   udiff=  2.3330E+01 (118,  4)   vdiff=  3.4294E+01 (118,  4)
n=  1178   udiff=  2.4698E+01 (118,  4)   vdiff=  3.5678E+01 (118,  3)
n=  1179   udiff=  2.5871E+01 (118,  4)   vdiff=  3.6922E+01 (118,  3)
n=  1180   udiff=  2.6837E+01 (118,  4)   vdiff=  3.7886E+01 (118,  3)
n=  1181   udiff=  2.7586E+01 (118,  4)   vdiff=  3.8560E+01 (118,  3)
n=  1182   udiff=  2.8112E+01 (118,  4)   vdiff=  3.8935E+01 (118,  3)
n=  1183   udiff=  2.8408E+01 (118,  4)   vdiff=  3.9006E+01 (118,  3)
n=  1184   udiff=  2.8473E+01 (118,  4)   vdiff=  3.8771E+01 (118,  3)
n=  1185   udiff=  2.8304E+01 (118,  4)   vdiff=  3.8228E+01 (118,  3)
n=  1186   udiff=  2.7904E+01 (118,  4)   vdiff=  3.7380E+01 (118,  3)
n=  1187   udiff=  2.7276E+01 (118,  4)   vdiff=  3.6232E+01 (118,  3)
n=  1188   udiff=  2.6427E+01 (118,  4)   vdiff=  3.4792E+01 (118,  3)
n=  1189   udiff=  2.5366E+01 (118,  4)   vdiff=  3.3070E+01 (118,  3)
n=  1190   udiff=  2.4102E+01 (118,  4)   vdiff=  3.3232E+01 (118,  5)
n=  1191   udiff=  2.2649E+01 (118,  4)   vdiff=  3.3379E+01 (118,  5)
n=  1192   udiff=  2.1860E+01 (119,  3)   vdiff=  3.3266E+01 (118,  5)
n=  1193   udiff=  2.2894E+01 (118,  3)   vdiff=  3.2898E+01 (118,  5)
n=  1194   udiff=  2.4035E+01 (118,  3)   vdiff=  3.2281E+01 (118,  5)
n=  1195   udiff=  2.4980E+01 (118,  3)   vdiff=  3.1423E+01 (118,  5)
n=  1196   udiff=  2.5723E+01 (118,  3)   vdiff=  3.0335E+01 (118,  5)
n=  1197   udiff=  2.6258E+01 (118,  3)   vdiff=  3.2427E+01 (118,  4)
n=  1198   udiff=  2.6582E+01 (118,  3)   vdiff=  3.4777E+01 (118,  4)
n=  1199   udiff=  2.6693E+01 (118,  3)   vdiff=  3.6839E+01 (118,  4)
n=  1200   udiff=  2.6593E+01 (118,  3)   vdiff=  3.8598E+01 (118,  4)
n=  1201   udiff=  2.6284E+01 (118,  3)   vdiff=  4.0042E+01 (118,  4)
n=  1202   udiff=  2.5771E+01 (118,  3)   vdiff=  4.1164E+01 (118,  4)
n=  1203   udiff=  2.5059E+01 (118,  3)   vdiff=  4.1958E+01 (118,  4)
n=  1204   udiff=  2.4157E+01 (118,  3)   vdiff=  4.2421E+01 (118,  4)
n=  1205   udiff=  2.4043E+01 (117,  4)   vdiff=  4.2555E+01 (118,  4)
n=  1206   udiff=  2.4191E+01 (117,  4)   vdiff=  4.2364E+01 (118,  4)
n=  1207   udiff=  2.4152E+01 (117,  4)   vdiff=  4.1853E+01 (118,  4)
n=  1208   udiff=  2.3927E+01 (117,  4)   vdiff=  4.1032E+01 (118,  4)
n=  1209   udiff=  2.3518E+01 (117,  4)   vdiff=  3.9911E+01 (118,  4)
n=  1210   udiff=  2.2929E+01 (117,  4)   vdiff=  3.8505E+01 (118,  4)
n=  1211   udiff=  2.2166E+01 (117,  4)   vdiff=  3.6829E+01 (118,  4)
n=  1212   udiff=  2.1234E+01 (117,  4)   vdiff=  3.4900E+01 (118,  4)
n=  1213   udiff=  2.1430E+01 (118,  4)   vdiff=  3.4227E+01 (118,  3)
n=  1214   udiff=  2.2473E+01 (118,  4)   vdiff=  3.5463E+01 (118,  3)
n=  1215   udiff=  2.3346E+01 (118,  4)   vdiff=  3.6427E+01 (118,  3)
n=  1216   udiff=  2.4048E+01 (118,  4)   vdiff=  3.7115E+01 (118,  3)
n=  1217   udiff=  2.4576E+01 (118,  4)   vdiff=  3.7526E+01 (118,  3)
n=  1218   udiff=  2.4928E+01 (118,  4)   vdiff=  3.7661E+01 (118,  3)
n=  1219   udiff=  2.5106E+01 (118,  4)   vdiff=  3.7522E+01 (118,  3)
n=  1220   udiff=  2.5109E+01 (118,  4)   vdiff=  3.7114E+01 (118,  3)
n=  1221   udiff=  2.4939E+01 (118,  4)   vdiff=  3.6444E+01 (118,  3)
n=  1222   udiff=  2.4600E+01 (118,  4)   vdiff=  3.5518E+01 (118,  3)
n=  1223   udiff=  2.4094E+01 (118,  4)   vdiff=  3.4348E+01 (118,  3)
n=  1224   udiff=  2.3426E+01 (118,  4)   vdiff=  3.2943E+01 (118,  3)
n=  1225   udiff=  2.2935E+01 (117,  3)   vdiff=  3.1317E+01 (118,  3)
n=  1226   udiff=  2.2496E+01 (117,  3)   vdiff=  2.9483E+01 (118,  3)
n=  1227   udiff=  2.1880E+01 (117,  3)   vdiff=  2.9043E+01 (118,  5)
n=  1228   udiff=  2.1094E+01 (117,  3)   vdiff=  2.9214E+01 (118,  5)
n=  1229   udiff=  2.0754E+01 (118,  3)   vdiff=  2.9171E+01 (118,  5)
n=  1230   udiff=  2.1769E+01 (118,  3)   vdiff=  2.8913E+01 (118,  5)
n=  1231   udiff=  2.2627E+01 (118,  3)   vdiff=  2.8441E+01 (118,  5)
n=  1232   udiff=  2.3322E+01 (118,  3)   vdiff=  2.9808E+01 (116,  4)
n=  1233   udiff=  2.3850E+01 (118,  3)   vdiff=  3.1328E+01 (116,  4)
n=  1234   udiff=  2.4209E+01 (118,  3)   vdiff=  3.2606E+01 (116,  4)
n=  1235   udiff=  2.4396E+01 (118,  3)   vdiff=  3.3634E+01 (116,  4)
n=  1236   udiff=  2.4412E+01 (118,  3)   vdiff=  3.4406E+01 (116,  4)
n=  1237   udiff=  2.4254E+01 (118,  3)   vdiff=  3.4919E+01 (116,  4)
n=  1238   udiff=  2.3926E+01 (118,  3)   vdiff=  3.5172E+01 (116,  4)
n=  1239   udiff=  2.3428E+01 (118,  3)   vdiff=  3.5949E+01 (118,  4)
n=  1240   udiff=  2.2765E+01 (118,  3)   vdiff=  3.6637E+01 (118,  4)
n=  1241   udiff=  2.2295E+01 (117,  4)   vdiff=  3.7051E+01 (118,  4)
n=  1242   udiff=  2.2421E+01 (117,  4)   vdiff=  3.7185E+01 (118,  4)
n=  1243   udiff=  2.2383E+01 (117,  4)   vdiff=  3.7036E+01 (118,  4)
n=  1244   udiff=  2.2182E+01 (117,  4)   vdiff=  3.6603E+01 (118,  4)
n=  1245   udiff=  2.1820E+01 (117,  4)   vdiff=  3.5886E+01 (118,  4)
n=  1246   udiff=  2.1301E+01 (117,  4)   vdiff=  3.4890E+01 (118,  4)
n=  1247   udiff=  2.0630E+01 (117,  4)   vdiff=  3.3618E+01 (118,  4)
n=  1248   udiff=  1.9810E+01 (117,  4)   vdiff=  3.2079E+01 (118,  4)
n=  1249   udiff=  1.9470E+01 (118,  4)   vdiff=  3.0631E+01 (116,  3)
n=  1250   udiff=  2.0687E+01 (118,  4)   vdiff=  3.1042E+01 (116,  3)
n=  1251   udiff=  2.1737E+01 (118,  4)   vdiff=  3.1228E+01 (116,  3)
n=  1252   udiff=  2.2612E+01 (118,  4)   vdiff=  3.1842E+01 (118,  3)
n=  1253   udiff=  2.3303E+01 (118,  4)   vdiff=  3.2442E+01 (118,  3)
n=  1254   udiff=  2.3805E+01 (118,  4)   vdiff=  3.2786E+01 (118,  3)
n=  1255   udiff=  2.4112E+01 (118,  4)   vdiff=  3.2870E+01 (118,  3)
n=  1256   udiff=  2.4222E+01 (118,  4)   vdiff=  3.2692E+01 (118,  3)
n=  1257   udiff=  2.4135E+01 (118,  4)   vdiff=  3.2253E+01 (118,  3)
n=  1258   udiff=  2.3853E+01 (118,  4)   vdiff=  3.1555E+01 (118,  3)
n=  1259   udiff=  2.3377E+01 (118,  4)   vdiff=  3.0604E+01 (118,  3)
n=  1260   udiff=  2.2714E+01 (118,  4)   vdiff=  2.9407E+01 (118,  3)
n=  1261   udiff=  2.1871E+01 (118,  4)   vdiff=  2.9533E+01 (118,  5)
n=  1262   udiff=  2.0855E+01 (118,  4)   vdiff=  3.0060E+01 (118,  5)
n=  1263   udiff=  2.0242E+01 (117,  3)   vdiff=  3.0355E+01 (118,  5)
n=  1264   udiff=  1.9615E+01 (117,  3)   vdiff=  3.0417E+01 (118,  5)
n=  1265   udiff=  1.9332E+01 (118,  3)   vdiff=  3.0251E+01 (118,  5)
n=  1266   udiff=  2.0402E+01 (118,  3)   vdiff=  2.9859E+01 (118,  5)
n=  1267   udiff=  2.1306E+01 (118,  3)   vdiff=  2.9249E+01 (118,  5)
n=  1268   udiff=  2.2037E+01 (118,  3)   vdiff=  2.8429E+01 (118,  5)
n=  1269   udiff=  2.2590E+01 (118,  3)   vdiff=  2.7880E+01 (118,  4)
n=  1270   udiff=  2.2961E+01 (118,  3)   vdiff=  2.9940E+01 (118,  4)
n=  1271   udiff=  2.3150E+01 (118,  3)   vdiff=  3.1752E+01 (118,  4)
n=  1272   udiff=  2.3156E+01 (118,  3)   vdiff=  3.3305E+01 (118,  4)
n=  1273   udiff=  2.2980E+01 (118,  3)   vdiff=  3.4588E+01 (118,  4)
n=  1274   udiff=  2.2626E+01 (118,  3)   vdiff=  3.5594E+01 (118,  4)
n=  1275   udiff=  2.2098E+01 (118,  3)   vdiff=  3.6319E+01 (118,  4)
n=  1276   udiff=  2.1402E+01 (118,  3)   vdiff=  3.6759E+01 (118,  4)
n=  1277   udiff=  2.0855E+01 (117,  4)   vdiff=  3.6914E+01 (118,  4)
n=  1278   udiff=  2.1042E+01 (117,  4)   vdiff=  3.6788E+01 (118,  4)
n=  1279   udiff=  2.1069E+01 (117,  4)   vdiff=  3.6386E+01 (118,  4)
n=  1280   udiff=  2.0935E+01 (117,  4)   vdiff=  3.5714E+01 (118,  4)
n=  1281   udiff=  2.0642E+01 (117,  4)   vdiff=  3.4782E+01 (118,  4)
n=  1282   udiff=  2.0192E+01 (117,  4)   vdiff=  3.3600E+01 (118,  4)
n=  1283   udiff=  1.9590E+01 (117,  4)   vdiff=  3.2181E+01 (118,  4)
n=  1284   udiff=  1.8840E+01 (117,  4)   vdiff=  3.0539E+01 (118,  4)
n=  1285   udiff=  1.7949E+01 (117,  4)   vdiff=  2.8690E+01 (118,  4)
n=  1286   udiff=  1.8390E+01 (118,  4)   vdiff=  2.9729E+01 (118,  3)
n=  1287   udiff=  1.9178E+01 (118,  4)   vdiff=  3.0570E+01 (118,  3)
n=  1288   udiff=  1.9822E+01 (118,  4)   vdiff=  3.1178E+01 (118,  3)
n=  1289   udiff=  2.0321E+01 (118,  4)   vdiff=  3.1553E+01 (118,  3)
n=  1290   udiff=  2.0674E+01 (118,  4)   vdiff=  3.1693E+01 (118,  3)
n=  1291   udiff=  2.0879E+01 (118,  4)   vdiff=  3.1600E+01 (118,  3)
n=  1292   udiff=  2.0938E+01 (118,  4)   vdiff=  3.1277E+01 (118,  3)
n=  1293   udiff=  2.0852E+01 (118,  4)   vdiff=  3.0730E+01 (118,  3)
n=  1294   udiff=  2.0834E+01 (117,  3)   vdiff=  2.9965E+01 (118,  3)
n=  1295   udiff=  2.0952E+01 (117,  3)   vdiff=  2.8989E+01 (118,  3)
n=  1296   udiff=  2.0905E+01 (117,  3)   vdiff=  2.7810E+01 (118,  3)
n=  1297   udiff=  2.0694E+01 (117,  3)   vdiff=  2.6441E+01 (118,  3)
n=  1298   udiff=  2.0322E+01 (117,  3)   vdiff=  2.5479E+01 (118,  5)
n=  1299   udiff=  1.9792E+01 (117,  3)   vdiff=  2.6040E+01 (118,  5)
n=  1300   udiff=  1.9111E+01 (117,  3)   vdiff=  2.6418E+01 (118,  5)
n=  1301   udiff=  1.8284E+01 (117,  3)   vdiff=  2.6609E+01 (118,  5)
n=  1302   udiff=  1.8448E+01 (118,  3)   vdiff=  2.6613E+01 (118,  5)
n=  1303   udiff=  1.9272E+01 (118,  3)   vdiff=  2.6426E+01 (118,  5)
n=  1304   udiff=  1.9956E+01 (118,  3)   vdiff=  2.6555E+01 (116,  4)
n=  1305   udiff=  2.0497E+01 (118,  3)   vdiff=  2.7962E+01 (116,  4)
n=  1306   udiff=  2.0892E+01 (118,  3)   vdiff=  2.9150E+01 (116,  4)
n=  1307   udiff=  2.1139E+01 (118,  3)   vdiff=  3.0111E+01 (116,  4)
n=  1308   udiff=  2.1236E+01 (118,  3)   vdiff=  3.0839E+01 (116,  4)
n=  1309   udiff=  2.1184E+01 (118,  3)   vdiff=  3.1333E+01 (116,  4)
n=  1310   udiff=  2.0982E+01 (118,  3)   vdiff=  3.1590E+01 (116,  4)
n=  1311   udiff=  2.0632E+01 (118,  3)   vdiff=  3.2000E+01 (118,  4)
n=  1312   udiff=  2.0136E+01 (118,  3)   vdiff=  3.2687E+01 (118,  4)
n=  1313   udiff=  1.9498E+01 (118,  3)   vdiff=  3.3136E+01 (118,  4)
n=  1314   udiff=  1.8835E+01 (117,  4)   vdiff=  3.3343E+01 (118,  4)
n=  1315   udiff=  1.8846E+01 (117,  4)   vdiff=  3.3304E+01 (118,  4)
n=  1316   udiff=  1.8718E+01 (117,  4)   vdiff=  3.3019E+01 (118,  4)
n=  1317   udiff=  1.8455E+01 (117,  4)   vdiff=  3.2487E+01 (118,  4)
n=  1318   udiff=  1.8059E+01 (117,  4)   vdiff=  3.1710E+01 (118,  4)
n=  1319   udiff=  1.7534E+01 (117,  4)   vdiff=  3.0692E+01 (118,  4)
n=  1320   udiff=  1.6884E+01 (117,  4)   vdiff=  2.9439E+01 (118,  4)
n=  1321   udiff=  1.6116E+01 (117,  4)   vdiff=  2.7960E+01 (118,  4)
n=  1322   udiff=  1.6690E+01 (118,  4)   vdiff=  2.7077E+01 (116,  3)
n=  1323   udiff=  1.7603E+01 (118,  4)   vdiff=  2.7452E+01 (118,  3)
n=  1324   udiff=  1.8373E+01 (118,  4)   vdiff=  2.8237E+01 (118,  3)
n=  1325   udiff=  1.8994E+01 (118,  4)   vdiff=  2.8810E+01 (118,  3)
n=  1326   udiff=  1.9458E+01 (118,  4)   vdiff=  2.9165E+01 (118,  3)
n=  1327   udiff=  1.9763E+01 (118,  4)   vdiff=  2.9298E+01 (118,  3)
n=  1328   udiff=  1.9905E+01 (118,  4)   vdiff=  2.9207E+01 (118,  3)
n=  1329   udiff=  1.9884E+01 (118,  4)   vdiff=  2.8892E+01 (118,  3)
n=  1330   udiff=  1.9699E+01 (118,  4)   vdiff=  2.8356E+01 (118,  3)
n=  1331   udiff=  1.9353E+01 (118,  4)   vdiff=  2.7601E+01 (118,  3)
n=  1332   udiff=  1.9005E+01 (117,  3)   vdiff=  2.6633E+01 (118,  3)
n=  1333   udiff=  1.8884E+01 (117,  3)   vdiff=  2.5459E+01 (118,  3)
n=  1334   udiff=  1.8627E+01 (117,  3)   vdiff=  2.4312E+01 (118,  5)
n=  1335   udiff=  1.8238E+01 (117,  3)   vdiff=  2.4819E+01 (118,  5)
n=  1336   udiff=  1.7717E+01 (117,  3)   vdiff=  2.5128E+01 (118,  5)
n=  1337   udiff=  1.7069E+01 (117,  3)   vdiff=  2.5239E+01 (118,  5)
n=  1338   udiff=  1.7170E+01 (118,  3)   vdiff=  2.5154E+01 (118,  5)
n=  1339   udiff=  1.8051E+01 (118,  3)   vdiff=  2.4877E+01 (118,  5)
n=  1340   udiff=  1.8788E+01 (118,  3)   vdiff=  2.4412E+01 (118,  5)
n=  1341   udiff=  1.9374E+01 (118,  3)   vdiff=  2.5041E+01 (116,  4)
n=  1342   udiff=  1.9805E+01 (118,  3)   vdiff=  2.6312E+01 (116,  4)
n=  1343   udiff=  2.0080E+01 (118,  3)   vdiff=  2.7386E+01 (116,  4)
n=  1344   udiff=  2.0196E+01 (118,  3)   vdiff=  2.8255E+01 (116,  4)
n=  1345   udiff=  2.0154E+01 (118,  3)   vdiff=  2.9086E+01 (118,  4)
n=  1346   udiff=  1.9956E+01 (118,  3)   vdiff=  3.0105E+01 (118,  4)
n=  1347   udiff=  1.9604E+01 (118,  3)   vdiff=  3.0881E+01 (118,  4)
n=  1348   udiff=  1.9102E+01 (118,  3)   vdiff=  3.1410E+01 (118,  4)
n=  1349   udiff=  1.8456E+01 (118,  3)   vdiff=  3.1692E+01 (118,  4)
n=  1350   udiff=  1.7671E+01 (118,  3)   vdiff=  3.1728E+01 (118,  4)
n=  1351   udiff=  1.7589E+01 (117,  4)   vdiff=  3.1521E+01 (118,  4)
n=  1352   udiff=  1.7534E+01 (117,  4)   vdiff=  3.1074E+01 (118,  4)
n=  1353   udiff=  1.7344E+01 (117,  4)   vdiff=  3.0396E+01 (118,  4)
n=  1354   udiff=  1.7021E+01 (117,  4)   vdiff=  2.9494E+01 (118,  4)
n=  1355   udiff=  1.6566E+01 (117,  4)   vdiff=  2.8379E+01 (118,  4)
n=  1356   udiff=  1.5984E+01 (117,  4)   vdiff=  2.7061E+01 (118,  4)
n=  1357   udiff=  1.5280E+01 (117,  4)   vdiff=  2.5555E+01 (118,  4)
n=  1358   udiff=  1.5460E+01 (118,  4)   vdiff=  2.5096E+01 (118,  3)
n=  1359   udiff=  1.6137E+01 (118,  4)   vdiff=  2.5954E+01 (118,  3)
n=  1360   udiff=  1.6690E+01 (118,  4)   vdiff=  2.6614E+01 (118,  3)
n=  1361   udiff=  1.7118E+01 (118,  4)   vdiff=  2.7071E+01 (118,  3)
n=  1362   udiff=  1.7419E+01 (118,  4)   vdiff=  2.7325E+01 (118,  3)
n=  1363   udiff=  1.7593E+01 (118,  4)   vdiff=  2.7377E+01 (118,  3)
n=  1364   udiff=  1.7639E+01 (118,  4)   vdiff=  2.7227E+01 (118,  3)
n=  1365   udiff=  1.7911E+01 (117,  3)   vdiff=  2.6879E+01 (118,  3)
n=  1366   udiff=  1.8218E+01 (117,  3)   vdiff=  2.6338E+01 (118,  3)
n=  1367   udiff=  1.8381E+01 (117,  3)   vdiff=  2.5610E+01 (118,  3)
n=  1368   udiff=  1.8398E+01 (117,  3)   vdiff=  2.4701E+01 (118,  3)
n=  1369   udiff=  1.8270E+01 (117,  3)   vdiff=  2.3619E+01 (118,  3)
n=  1370   udiff=  1.7997E+01 (117,  3)   vdiff=  2.2695E+01 (116,  5)
n=  1371   udiff=  1.7584E+01 (117,  3)   vdiff=  2.2659E+01 (116,  5)
n=  1372   udiff=  1.7035E+01 (117,  3)   vdiff=  2.2454E+01 (116,  5)
n=  1373   udiff=  1.6353E+01 (117,  3)   vdiff=  2.2216E+01 (118,  5)
n=  1374   udiff=  1.5547E+01 (117,  3)   vdiff=  2.2338E+01 (118,  5)
n=  1375   udiff=  1.6251E+01 (118,  3)   vdiff=  2.2297E+01 (118,  5)
n=  1376   udiff=  1.6918E+01 (118,  3)   vdiff=  2.3339E+01 (116,  4)
n=  1377   udiff=  1.7461E+01 (118,  3)   vdiff=  2.4690E+01 (116,  4)
n=  1378   udiff=  1.7876E+01 (118,  3)   vdiff=  2.5845E+01 (116,  4)
n=  1379   udiff=  1.8161E+01 (118,  3)   vdiff=  2.6796E+01 (116,  4)
n=  1380   udiff=  1.8315E+01 (118,  3)   vdiff=  2.7538E+01 (116,  4)
n=  1381   udiff=  1.8337E+01 (118,  3)   vdiff=  2.8067E+01 (116,  4)
n=  1382   udiff=  1.8227E+01 (118,  3)   vdiff=  2.8381E+01 (116,  4)
n=  1383   udiff=  1.7986E+01 (118,  3)   vdiff=  2.8480E+01 (116,  4)
n=  1384   udiff=  1.7617E+01 (118,  3)   vdiff=  2.8364E+01 (116,  4)
n=  1385   udiff=  1.7121E+01 (118,  3)   vdiff=  2.8476E+01 (118,  4)
n=  1386   udiff=  1.6501E+01 (118,  3)   vdiff=  2.8717E+01 (118,  4)
n=  1387   udiff=  1.6398E+01 (117,  4)   vdiff=  2.8746E+01 (118,  4)
n=  1388   udiff=  1.6318E+01 (117,  4)   vdiff=  2.8561E+01 (118,  4)
n=  1389   udiff=  1.6120E+01 (117,  4)   vdiff=  2.8162E+01 (118,  4)
n=  1390   udiff=  1.5805E+01 (117,  4)   vdiff=  2.7550E+01 (118,  4)
n=  1391   udiff=  1.5379E+01 (117,  4)   vdiff=  2.6730E+01 (118,  4)
n=  1392   udiff=  1.4843E+01 (117,  4)   vdiff=  2.5705E+01 (118,  4)
n=  1393   udiff=  1.4203E+01 (117,  4)   vdiff=  2.4483E+01 (118,  4)
n=  1394   udiff=  1.4729E+01 (118,  4)   vdiff=  2.3846E+01 (116,  3)
n=  1395   udiff=  1.5506E+01 (118,  4)   vdiff=  2.4115E+01 (116,  3)
n=  1396   udiff=  1.6162E+01 (118,  4)   vdiff=  2.4206E+01 (116,  3)
n=  1397   udiff=  1.6690E+01 (118,  4)   vdiff=  2.4375E+01 (118,  3)
n=  1398   udiff=  1.7086E+01 (118,  4)   vdiff=  2.4767E+01 (118,  3)
n=  1399   udiff=  1.7345E+01 (118,  4)   vdiff=  2.4970E+01 (118,  3)
n=  1400   udiff=  1.7466E+01 (118,  4)   vdiff=  2.4981E+01 (118,  3)
n=  1401   udiff=  1.7447E+01 (118,  4)   vdiff=  2.4801E+01 (118,  3)
n=  1402   udiff=  1.7288E+01 (118,  4)   vdiff=  2.4431E+01 (118,  3)
n=  1403   udiff=  1.6992E+01 (118,  4)   vdiff=  2.3873E+01 (118,  3)
n=  1404   udiff=  1.7015E+01 (117,  3)   vdiff=  2.3131E+01 (118,  3)
n=  1405   udiff=  1.6932E+01 (117,  3)   vdiff=  2.2212E+01 (118,  3)
n=  1406   udiff=  1.6728E+01 (117,  3)   vdiff=  2.1314E+01 (116,  5)
n=  1407   udiff=  1.6403E+01 (117,  3)   vdiff=  2.1479E+01 (116,  5)
n=  1408   udiff=  1.5959E+01 (117,  3)   vdiff=  2.1489E+01 (116,  5)
n=  1409   udiff=  1.5400E+01 (117,  3)   vdiff=  2.1343E+01 (116,  5)
n=  1410   udiff=  1.4729E+01 (117,  3)   vdiff=  2.1266E+01 (118,  5)
n=  1411   udiff=  1.5344E+01 (118,  3)   vdiff=  2.1134E+01 (118,  5)
n=  1412   udiff=  1.6046E+01 (118,  3)   vdiff=  2.1574E+01 (116,  4)
n=  1413   udiff=  1.6621E+01 (118,  3)   vdiff=  2.2965E+01 (116,  4)
n=  1414   udiff=  1.7065E+01 (118,  3)   vdiff=  2.4188E+01 (116,  4)
n=  1415   udiff=  1.7374E+01 (118,  3)   vdiff=  2.5234E+01 (116,  4)
n=  1416   udiff=  1.7547E+01 (118,  3)   vdiff=  2.6094E+01 (116,  4)
n=  1417   udiff=  1.7583E+01 (118,  3)   vdiff=  2.6761E+01 (116,  4)
n=  1418   udiff=  1.7483E+01 (118,  3)   vdiff=  2.7228E+01 (116,  4)
n=  1419   udiff=  1.7248E+01 (118,  3)   vdiff=  2.7494E+01 (116,  4)
n=  1420   udiff=  1.6880E+01 (118,  3)   vdiff=  2.7553E+01 (116,  4)
n=  1421   udiff=  1.6385E+01 (118,  3)   vdiff=  2.7405E+01 (116,  4)
n=  1422   udiff=  1.5765E+01 (118,  3)   vdiff=  2.7479E+01 (118,  4)
n=  1423   udiff=  1.5216E+01 (117,  4)   vdiff=  2.7357E+01 (118,  4)
n=  1424   udiff=  1.5225E+01 (117,  4)   vdiff=  2.7025E+01 (118,  4)
n=  1425   udiff=  1.5118E+01 (117,  4)   vdiff=  2.6486E+01 (118,  4)
n=  1426   udiff=  1.4896E+01 (117,  4)   vdiff=  2.5749E+01 (118,  4)
n=  1427   udiff=  1.4560E+01 (117,  4)   vdiff=  2.4820E+01 (118,  4)
n=  1428   udiff=  1.4114E+01 (117,  4)   vdiff=  2.3709E+01 (118,  4)
n=  1429   udiff=  1.3560E+01 (117,  4)   vdiff=  2.2427E+01 (118,  4)
n=  1430   udiff=  1.3716E+01 (118,  4)   vdiff=  2.2862E+01 (116,  3)
n=  1431   udiff=  1.4344E+01 (118,  4)   vdiff=  2.3285E+01 (116,  3)
n=  1432   udiff=  1.4863E+01 (118,  4)   vdiff=  2.3530E+01 (116,  3)
n=  1433   udiff=  1.5271E+01 (118,  4)   vdiff=  2.3595E+01 (116,  3)
n=  1434   udiff=  1.5566E+01 (118,  4)   vdiff=  2.3479E+01 (116,  3)
n=  1435   udiff=  1.5747E+01 (118,  4)   vdiff=  2.3182E+01 (116,  3)
n=  1436   udiff=  1.5889E+01 (117,  3)   vdiff=  2.2707E+01 (116,  3)
n=  1437   udiff=  1.6346E+01 (117,  3)   vdiff=  2.2394E+01 (118,  3)
n=  1438   udiff=  1.6675E+01 (117,  3)   vdiff=  2.1982E+01 (118,  3)
n=  1439   udiff=  1.6875E+01 (117,  3)   vdiff=  2.1407E+01 (118,  3)
n=  1440   udiff=  1.6942E+01 (117,  3)   vdiff=  2.0676E+01 (118,  3)
n=  1441   udiff=  1.6878E+01 (117,  3)   vdiff=  1.9794E+01 (118,  3)
n=  1442   udiff=  1.6683E+01 (117,  3)   vdiff=  1.9770E+01 (116,  5)
n=  1443   udiff=  1.6359E+01 (117,  3)   vdiff=  1.9915E+01 (116,  5)
n=  1444   udiff=  1.5909E+01 (117,  3)   vdiff=  1.9909E+01 (116,  5)
n=  1445   udiff=  1.5337E+01 (117,  3)   vdiff=  1.9754E+01 (116,  5)
n=  1446   udiff=  1.4649E+01 (117,  3)   vdiff=  1.9454E+01 (116,  5)
n=  1447   udiff=  1.4114E+01 (118,  3)   vdiff=  1.9330E+01 (116,  4)
n=  1448   udiff=  1.4752E+01 (118,  3)   vdiff=  2.0833E+01 (116,  4)
n=  1449   udiff=  1.5280E+01 (118,  3)   vdiff=  2.2169E+01 (116,  4)
n=  1450   udiff=  1.5693E+01 (118,  3)   vdiff=  2.3329E+01 (116,  4)
n=  1451   udiff=  1.5991E+01 (118,  3)   vdiff=  2.4306E+01 (116,  4)
n=  1452   udiff=  1.6171E+01 (118,  3)   vdiff=  2.5094E+01 (116,  4)
n=  1453   udiff=  1.6232E+01 (118,  3)   vdiff=  2.5689E+01 (116,  4)
n=  1454   udiff=  1.6174E+01 (118,  3)   vdiff=  2.6088E+01 (116,  4)
n=  1455   udiff=  1.5998E+01 (118,  3)   vdiff=  2.6290E+01 (116,  4)
n=  1456   udiff=  1.5706E+01 (118,  3)   vdiff=  2.6295E+01 (116,  4)
n=  1457   udiff=  1.5299E+01 (118,  3)   vdiff=  2.6106E+01 (116,  4)
n=  1458   udiff=  1.4781E+01 (118,  3)   vdiff=  2.5726E+01 (116,  4)
n=  1459   udiff=  1.4353E+01 (117,  2)   vdiff=  2.5209E+01 (118,  4)
n=  1460   udiff=  1.4186E+01 (117,  2)   vdiff=  2.5017E+01 (118,  4)
n=  1461   udiff=  1.3910E+01 (117,  2)   vdiff=  2.4634E+01 (118,  4)
n=  1462   udiff=  1.3530E+01 (117,  2)   vdiff=  2.4064E+01 (118,  4)
n=  1463   udiff=  1.3048E+01 (117,  2)   vdiff=  2.3309E+01 (118,  4)
n=  1464   udiff=  1.2470E+01 (117,  2)   vdiff=  2.2373E+01 (118,  4)
n=  1465   udiff=  1.1823E+01 (117,  4)   vdiff=  2.1264E+01 (118,  4)
n=  1466   udiff=  1.2506E+01 (118,  4)   vdiff=  2.1436E+01 (116,  3)
n=  1467   udiff=  1.3189E+01 (118,  4)   vdiff=  2.1785E+01 (116,  3)
n=  1468   udiff=  1.3766E+01 (118,  4)   vdiff=  2.1973E+01 (116,  3)
n=  1469   udiff=  1.4233E+01 (118,  4)   vdiff=  2.2001E+01 (116,  3)
n=  1470   udiff=  1.4585E+01 (118,  4)   vdiff=  2.1872E+01 (116,  3)
n=  1471   udiff=  1.4820E+01 (118,  4)   vdiff=  2.1588E+01 (116,  3)
n=  1472   udiff=  1.4936E+01 (118,  4)   vdiff=  2.1151E+01 (116,  3)
n=  1473   udiff=  1.4939E+01 (117,  3)   vdiff=  2.0604E+01 (118,  3)
n=  1474   udiff=  1.5246E+01 (117,  3)   vdiff=  2.0225E+01 (118,  3)
n=  1475   udiff=  1.5442E+01 (117,  3)   vdiff=  1.9685E+01 (118,  3)
n=  1476   udiff=  1.5527E+01 (117,  3)   vdiff=  1.8986E+01 (118,  3)
n=  1477   udiff=  1.5500E+01 (117,  3)   vdiff=  1.8135E+01 (118,  3)
n=  1478   udiff=  1.5362E+01 (117,  3)   vdiff=  1.7886E+01 (118,  5)
n=  1479   udiff=  1.5114E+01 (117,  3)   vdiff=  1.8389E+01 (118,  5)
n=  1480   udiff=  1.4758E+01 (117,  3)   vdiff=  1.8749E+01 (118,  5)
n=  1481   udiff=  1.4297E+01 (117,  3)   vdiff=  1.8966E+01 (118,  5)
n=  1482   udiff=  1.3735E+01 (117,  3)   vdiff=  1.9039E+01 (118,  5)
n=  1483   udiff=  1.3091E+01 (118,  3)   vdiff=  1.8970E+01 (118,  5)
n=  1484   udiff=  1.3727E+01 (118,  3)   vdiff=  1.8761E+01 (118,  5)
n=  1485   udiff=  1.4253E+01 (118,  3)   vdiff=  1.8803E+01 (116,  4)
n=  1486   udiff=  1.4667E+01 (118,  3)   vdiff=  1.9930E+01 (116,  4)
n=  1487   udiff=  1.4966E+01 (118,  3)   vdiff=  2.0904E+01 (116,  4)
n=  1488   udiff=  1.5149E+01 (118,  3)   vdiff=  2.1716E+01 (116,  4)
n=  1489   udiff=  1.5214E+01 (118,  3)   vdiff=  2.2596E+01 (118,  4)
n=  1490   udiff=  1.5163E+01 (118,  3)   vdiff=  2.3449E+01 (118,  4)
n=  1491   udiff=  1.4996E+01 (118,  3)   vdiff=  2.4120E+01 (118,  4)
n=  1492   udiff=  1.4716E+01 (118,  3)   vdiff=  2.4604E+01 (118,  4)
n=  1493   udiff=  1.4325E+01 (118,  3)   vdiff=  2.4900E+01 (118,  4)
n=  1494   udiff=  1.3828E+01 (118,  3)   vdiff=  2.5008E+01 (118,  4)
n=  1495   udiff=  1.3230E+01 (118,  3)   vdiff=  2.4927E+01 (118,  4)
n=  1496   udiff=  1.2946E+01 (117,  2)   vdiff=  2.4662E+01 (118,  4)
n=  1497   udiff=  1.2772E+01 (117,  2)   vdiff=  2.4214E+01 (118,  4)
n=  1498   udiff=  1.2504E+01 (117,  2)   vdiff=  2.3591E+01 (118,  4)
n=  1499   udiff=  1.2144E+01 (117,  2)   vdiff=  2.2799E+01 (118,  4)
n=  1500   udiff=  1.1695E+01 (117,  2)   vdiff=  2.1844E+01 (118,  4)
n=  1501   udiff=  1.1160E+01 (117,  2)   vdiff=  2.0737E+01 (118,  4)
n=  1502   udiff=  1.1285E+01 (118,  4)   vdiff=  1.9486E+01 (118,  4)
n=  1503   udiff=  1.1810E+01 (118,  4)   vdiff=  1.9865E+01 (118,  3)
n=  1504   udiff=  1.2244E+01 (118,  4)   vdiff=  2.0367E+01 (118,  3)
n=  1505   udiff=  1.2584E+01 (118,  4)   vdiff=  2.0717E+01 (118,  3)
n=  1506   udiff=  1.2828E+01 (118,  4)   vdiff=  2.0915E+01 (118,  3)
n=  1507   udiff=  1.2976E+01 (118,  4)   vdiff=  2.0959E+01 (118,  3)
n=  1508   udiff=  1.3107E+01 (117,  3)   vdiff=  2.0851E+01 (118,  3)
n=  1509   udiff=  1.3542E+01 (117,  3)   vdiff=  2.0593E+01 (118,  3)
n=  1510   udiff=  1.3868E+01 (117,  3)   vdiff=  2.0186E+01 (118,  3)
n=  1511   udiff=  1.4085E+01 (117,  3)   vdiff=  1.9636E+01 (118,  3)
n=  1512   udiff=  1.4190E+01 (117,  3)   vdiff=  1.8947E+01 (118,  3)
n=  1513   udiff=  1.4183E+01 (117,  3)   vdiff=  1.8124E+01 (118,  3)
n=  1514   udiff=  1.4066E+01 (117,  3)   vdiff=  1.7175E+01 (118,  3)
n=  1515   udiff=  1.3839E+01 (117,  3)   vdiff=  1.6589E+01 (117,  4)
n=  1516   udiff=  1.3504E+01 (117,  3)   vdiff=  1.6197E+01 (118,  5)
n=  1517   udiff=  1.3066E+01 (117,  3)   vdiff=  1.6559E+01 (118,  5)
n=  1518   udiff=  1.2528E+01 (117,  3)   vdiff=  1.6804E+01 (118,  5)
n=  1519   udiff=  1.1896E+01 (117,  3)   vdiff=  1.6928E+01 (118,  5)
n=  1520   udiff=  1.2286E+01 (118,  3)   vdiff=  1.7079E+01 (116,  4)
n=  1521   udiff=  1.2785E+01 (118,  3)   vdiff=  1.8223E+01 (116,  4)
n=  1522   udiff=  1.3189E+01 (118,  3)   vdiff=  1.9218E+01 (116,  4)
n=  1523   udiff=  1.3495E+01 (118,  3)   vdiff=  2.0055E+01 (116,  4)
n=  1524   udiff=  1.3702E+01 (118,  3)   vdiff=  2.0731E+01 (116,  4)
n=  1525   udiff=  1.3808E+01 (118,  3)   vdiff=  2.1239E+01 (116,  4)
n=  1526   udiff=  1.3813E+01 (118,  3)   vdiff=  2.1578E+01 (116,  4)
n=  1527   udiff=  1.3718E+01 (118,  3)   vdiff=  2.1746E+01 (116,  4)
n=  1528   udiff=  1.3522E+01 (118,  3)   vdiff=  2.2220E+01 (118,  4)
n=  1529   udiff=  1.3227E+01 (118,  3)   vdiff=  2.2680E+01 (118,  4)
n=  1530   udiff=  1.2836E+01 (118,  3)   vdiff=  2.2977E+01 (118,  4)
n=  1531   udiff=  1.2351E+01 (118,  3)   vdiff=  2.3107E+01 (118,  4)
n=  1532   udiff=  1.1839E+01 (117,  2)   vdiff=  2.3070E+01 (118,  4)
n=  1533   udiff=  1.1629E+01 (117,  2)   vdiff=  2.2864E+01 (118,  4)
n=  1534   udiff=  1.1329E+01 (117,  2)   vdiff=  2.2491E+01 (118,  4)
n=  1535   udiff=  1.0944E+01 (117,  2)   vdiff=  2.1953E+01 (118,  4)
n=  1536   udiff=  1.0489E+01 (117,  4)   vdiff=  2.1253E+01 (118,  4)
n=  1537   udiff=  1.0156E+01 (118,  4)   vdiff=  2.0397E+01 (118,  4)
n=  1538   udiff=  1.0805E+01 (118,  4)   vdiff=  1.9389E+01 (118,  4)
n=  1539   udiff=  1.1369E+01 (118,  4)   vdiff=  1.8556E+01 (118,  3)
n=  1540   udiff=  1.1843E+01 (118,  4)   vdiff=  1.9203E+01 (118,  3)
n=  1541   udiff=  1.2222E+01 (118,  4)   vdiff=  1.9711E+01 (118,  3)
n=  1542   udiff=  1.2503E+01 (118,  4)   vdiff=  2.0075E+01 (118,  3)
n=  1543   udiff=  1.2683E+01 (118,  4)   vdiff=  2.0293E+01 (118,  3)
n=  1544   udiff=  1.2760E+01 (118,  4)   vdiff=  2.0363E+01 (118,  3)
n=  1545   udiff=  1.2733E+01 (118,  4)   vdiff=  2.0283E+01 (118,  3)
n=  1546   udiff=  1.2602E+01 (118,  4)   vdiff=  2.0055E+01 (118,  3)
n=  1547   udiff=  1.2564E+01 (117,  3)   vdiff=  1.9680E+01 (118,  3)
n=  1548   udiff=  1.2636E+01 (117,  3)   vdiff=  1.9160E+01 (118,  3)
n=  1549   udiff=  1.2611E+01 (117,  3)   vdiff=  1.8500E+01 (118,  3)
n=  1550   udiff=  1.2490E+01 (117,  3)   vdiff=  1.7704E+01 (118,  3)
n=  1551   udiff=  1.2274E+01 (117,  3)   vdiff=  1.6779E+01 (118,  3)
n=  1552   udiff=  1.1964E+01 (117,  3)   vdiff=  1.6747E+01 (116,  5)
n=  1553   udiff=  1.1601E+01 (119,  3)   vdiff=  1.6626E+01 (116,  5)
n=  1554   udiff=  1.1394E+01 (119,  3)   vdiff=  1.6380E+01 (116,  5)
n=  1555   udiff=  1.1102E+01 (119,  3)   vdiff=  1.6109E+01 (116,  4)
n=  1556   udiff=  1.1532E+01 (118,  3)   vdiff=  1.7339E+01 (116,  4)
n=  1557   udiff=  1.2019E+01 (118,  3)   vdiff=  1.8439E+01 (116,  4)
n=  1558   udiff=  1.2407E+01 (118,  3)   vdiff=  1.9401E+01 (116,  4)
n=  1559   udiff=  1.2695E+01 (118,  3)   vdiff=  2.0218E+01 (116,  4)
n=  1560   udiff=  1.2880E+01 (118,  3)   vdiff=  2.0882E+01 (116,  4)
n=  1561   udiff=  1.2962E+01 (118,  3)   vdiff=  2.1387E+01 (116,  4)
n=  1562   udiff=  1.2940E+01 (118,  3)   vdiff=  2.1728E+01 (116,  4)
n=  1563   udiff=  1.2815E+01 (118,  3)   vdiff=  2.1903E+01 (116,  4)
n=  1564   udiff=  1.2588E+01 (118,  3)   vdiff=  2.1909E+01 (116,  4)
n=  1565   udiff=  1.2261E+01 (118,  3)   vdiff=  2.1746E+01 (116,  4)
n=  1566   udiff=  1.1964E+01 (117,  4)   vdiff=  2.1412E+01 (116,  4)
n=  1567   udiff=  1.2006E+01 (117,  4)   vdiff=  2.1108E+01 (118,  4)
n=  1568   udiff=  1.1958E+01 (117,  4)   vdiff=  2.1018E+01 (118,  4)
n=  1569   udiff=  1.1819E+01 (117,  4)   vdiff=  2.0769E+01 (118,  4)
n=  1570   udiff=  1.1592E+01 (117,  4)   vdiff=  2.0364E+01 (118,  4)
n=  1571   udiff=  1.1276E+01 (117,  4)   vdiff=  1.9809E+01 (118,  4)
n=  1572   udiff=  1.0874E+01 (117,  4)   vdiff=  1.9110E+01 (118,  4)
n=  1573   udiff=  1.0395E+01 (118,  4)   vdiff=  1.8275E+01 (118,  4)
n=  1574   udiff=  1.0933E+01 (118,  4)   vdiff=  1.7990E+01 (116,  3)
n=  1575   udiff=  1.1386E+01 (118,  4)   vdiff=  1.8249E+01 (116,  3)
n=  1576   udiff=  1.1753E+01 (118,  4)   vdiff=  1.8365E+01 (116,  3)
n=  1577   udiff=  1.2031E+01 (118,  4)   vdiff=  1.8337E+01 (116,  3)
n=  1578   udiff=  1.2220E+01 (118,  4)   vdiff=  1.8163E+01 (116,  3)
n=  1579   udiff=  1.2319E+01 (118,  4)   vdiff=  1.8025E+01 (118,  3)
n=  1580   udiff=  1.2327E+01 (118,  4)   vdiff=  1.8112E+01 (118,  3)
n=  1581   udiff=  1.2635E+01 (117,  3)   vdiff=  1.8067E+01 (118,  3)
n=  1582   udiff=  1.2868E+01 (117,  3)   vdiff=  1.7891E+01 (118,  3)
n=  1583   udiff=  1.2999E+01 (117,  3)   vdiff=  1.7589E+01 (118,  3)
n=  1584   udiff=  1.3026E+01 (117,  3)   vdiff=  1.7162E+01 (118,  3)
n=  1585   udiff=  1.2948E+01 (117,  3)   vdiff=  1.7517E+01 (116,  5)
n=  1586   udiff=  1.2767E+01 (117,  3)   vdiff=  1.7824E+01 (116,  5)
n=  1587   udiff=  1.2484E+01 (117,  3)   vdiff=  1.8008E+01 (116,  5)
n=  1588   udiff=  1.2100E+01 (117,  3)   vdiff=  1.8067E+01 (116,  5)
n=  1589   udiff=  1.1621E+01 (117,  3)   vdiff=  1.8002E+01 (116,  5)
n=  1590   udiff=  1.1284E+01 (116,  3)   vdiff=  1.7816E+01 (116,  5)
n=  1591   udiff=  1.1744E+01 (116,  3)   vdiff=  1.7620E+01 (116,  4)
n=  1592   udiff=  1.2116E+01 (116,  3)   vdiff=  1.8890E+01 (116,  4)
n=  1593   udiff=  1.2399E+01 (116,  3)   vdiff=  2.0021E+01 (116,  4)
n=  1594   udiff=  1.2591E+01 (116,  3)   vdiff=  2.1006E+01 (116,  4)
n=  1595   udiff=  1.2691E+01 (116,  3)   vdiff=  2.1839E+01 (116,  4)
n=  1596   udiff=  1.2698E+01 (116,  3)   vdiff=  2.2513E+01 (116,  4)
n=  1597   udiff=  1.2614E+01 (116,  3)   vdiff=  2.3026E+01 (116,  4)
n=  1598   udiff=  1.2440E+01 (116,  3)   vdiff=  2.3373E+01 (116,  4)
n=  1599   udiff=  1.2177E+01 (116,  3)   vdiff=  2.3554E+01 (116,  4)
n=  1600   udiff=  1.1829E+01 (116,  3)   vdiff=  2.3569E+01 (116,  4)
n=  1601   udiff=  1.1398E+01 (116,  3)   vdiff=  2.3418E+01 (116,  4)
n=  1602   udiff=  1.1365E+01 (117,  4)   vdiff=  2.3103E+01 (116,  4)
n=  1603   udiff=  1.1385E+01 (117,  4)   vdiff=  2.2629E+01 (116,  4)
n=  1604   udiff=  1.1323E+01 (117,  4)   vdiff=  2.1999E+01 (116,  4)
n=  1605   udiff=  1.1179E+01 (117,  4)   vdiff=  2.1219E+01 (116,  4)
n=  1606   udiff=  1.0955E+01 (117,  4)   vdiff=  2.0296E+01 (116,  4)
n=  1607   udiff=  1.0655E+01 (117,  4)   vdiff=  1.9236E+01 (116,  4)
n=  1608   udiff=  1.0281E+01 (117,  4)   vdiff=  1.8647E+01 (116,  3)
n=  1609   udiff=  9.8360E+00 (117,  4)   vdiff=  1.9183E+01 (116,  3)
n=  1610   udiff=  1.0120E+01 (118,  4)   vdiff=  1.9586E+01 (116,  3)
n=  1611   udiff=  1.0631E+01 (118,  4)   vdiff=  1.9853E+01 (116,  3)
n=  1612   udiff=  1.1062E+01 (118,  4)   vdiff=  1.9983E+01 (116,  3)
n=  1613   udiff=  1.1411E+01 (118,  4)   vdiff=  1.9977E+01 (116,  3)
n=  1614   udiff=  1.1674E+01 (118,  4)   vdiff=  1.9835E+01 (116,  3)
n=  1615   udiff=  1.1998E+01 (117,  3)   vdiff=  1.9558E+01 (116,  3)
n=  1616   udiff=  1.2393E+01 (117,  3)   vdiff=  1.9150E+01 (116,  3)
n=  1617   udiff=  1.2701E+01 (117,  3)   vdiff=  1.8614E+01 (116,  3)
n=  1618   udiff=  1.2919E+01 (117,  3)   vdiff=  1.7955E+01 (116,  3)
n=  1619   udiff=  1.3046E+01 (117,  3)   vdiff=  1.7176E+01 (116,  3)
n=  1620   udiff=  1.3083E+01 (117,  3)   vdiff=  1.6284E+01 (116,  3)
n=  1621   udiff=  1.3028E+01 (117,  3)   vdiff=  1.5859E+01 (115,  4)
n=  1622   udiff=  1.2884E+01 (117,  3)   vdiff=  1.5498E+01 (115,  4)
n=  1623   udiff=  1.2651E+01 (117,  3)   vdiff=  1.5115E+01 (116,  5)
n=  1624   udiff=  1.2332E+01 (117,  3)   vdiff=  1.5450E+01 (116,  5)
n=  1625   udiff=  1.1928E+01 (117,  3)   vdiff=  1.5680E+01 (116,  5)
n=  1626   udiff=  1.1443E+01 (117,  3)   vdiff=  1.5803E+01 (116,  5)
n=  1627   udiff=  1.0939E+01 (116,  3)   vdiff=  1.5820E+01 (116,  5)
n=  1628   udiff=  1.1449E+01 (116,  3)   vdiff=  1.5746E+01 (116,  4)
n=  1629   udiff=  1.1882E+01 (116,  3)   vdiff=  1.7036E+01 (116,  4)
n=  1630   udiff=  1.2237E+01 (116,  3)   vdiff=  1.8209E+01 (116,  4)
n=  1631   udiff=  1.2509E+01 (116,  3)   vdiff=  1.9258E+01 (116,  4)
n=  1632   udiff=  1.2698E+01 (116,  3)   vdiff=  2.0176E+01 (116,  4)
n=  1633   udiff=  1.2800E+01 (116,  3)   vdiff=  2.0957E+01 (116,  4)
n=  1634   udiff=  1.2816E+01 (116,  3)   vdiff=  2.1594E+01 (116,  4)
n=  1635   udiff=  1.2745E+01 (116,  3)   vdiff=  2.2085E+01 (116,  4)
n=  1636   udiff=  1.2586E+01 (116,  3)   vdiff=  2.2424E+01 (116,  4)
n=  1637   udiff=  1.2341E+01 (116,  3)   vdiff=  2.2611E+01 (116,  4)
n=  1638   udiff=  1.2012E+01 (116,  3)   vdiff=  2.2642E+01 (116,  4)
n=  1639   udiff=  1.1599E+01 (116,  3)   vdiff=  2.2519E+01 (116,  4)
n=  1640   udiff=  1.1106E+01 (116,  3)   vdiff=  2.2241E+01 (116,  4)
n=  1641   udiff=  1.0536E+01 (116,  3)   vdiff=  2.1811E+01 (116,  4)
n=  1642   udiff=  1.0227E+01 (117,  2)   vdiff=  2.1231E+01 (116,  4)
n=  1643   udiff=  9.8925E+00 (117,  2)   vdiff=  2.0506E+01 (116,  4)
n=  1644   udiff=  9.4867E+00 (117,  2)   vdiff=  1.9640E+01 (116,  4)
n=  1645   udiff=  9.9260E+00 (116,  2)   vdiff=  1.8640E+01 (116,  4)
n=  1646   udiff=  1.0465E+01 (116,  2)   vdiff=  1.8019E+01 (116,  3)
n=  1647   udiff=  1.0935E+01 (116,  2)   vdiff=  1.8565E+01 (116,  3)
n=  1648   udiff=  1.1332E+01 (116,  2)   vdiff=  1.8981E+01 (116,  3)
n=  1649   udiff=  1.1654E+01 (116,  2)   vdiff=  1.9265E+01 (116,  3)
n=  1650   udiff=  1.1898E+01 (116,  2)   vdiff=  1.9415E+01 (116,  3)
n=  1651   udiff=  1.2062E+01 (116,  2)   vdiff=  1.9429E+01 (116,  3)
n=  1652   udiff=  1.2144E+01 (116,  2)   vdiff=  1.9307E+01 (116,  3)
n=  1653   udiff=  1.2144E+01 (116,  2)   vdiff=  1.9051E+01 (116,  3)
n=  1654   udiff=  1.2148E+01 (117,  3)   vdiff=  1.8662E+01 (116,  3)
n=  1655   udiff=  1.2402E+01 (117,  3)   vdiff=  1.8144E+01 (116,  3)
n=  1656   udiff=  1.2566E+01 (117,  3)   vdiff=  1.7500E+01 (116,  3)
n=  1657   udiff=  1.2636E+01 (117,  3)   vdiff=  1.6736E+01 (116,  3)
n=  1658   udiff=  1.2613E+01 (117,  3)   vdiff=  1.5857E+01 (116,  3)
n=  1659   udiff=  1.2497E+01 (117,  3)   vdiff=  1.4872E+01 (116,  3)
n=  1660   udiff=  1.2289E+01 (117,  3)   vdiff=  1.3872E+01 (115,  4)
n=  1661   udiff=  1.1989E+01 (117,  3)   vdiff=  1.3818E+01 (118,  5)
n=  1662   udiff=  1.1602E+01 (117,  3)   vdiff=  1.3835E+01 (118,  5)
n=  1663   udiff=  1.1129E+01 (117,  3)   vdiff=  1.3749E+01 (118,  5)
n=  1664   udiff=  1.0575E+01 (117,  3)   vdiff=  1.3561E+01 (118,  5)
n=  1665   udiff=  1.0330E+01 (118,  3)   vdiff=  1.3394E+01 (118,  4)
n=  1666   udiff=  1.0643E+01 (118,  3)   vdiff=  1.4346E+01 (118,  4)
n=  1667   udiff=  1.0952E+01 (116,  3)   vdiff=  1.5196E+01 (116,  4)
n=  1668   udiff=  1.1204E+01 (116,  3)   vdiff=  1.6134E+01 (116,  4)
n=  1669   udiff=  1.1373E+01 (116,  3)   vdiff=  1.6939E+01 (116,  4)
n=  1670   udiff=  1.1459E+01 (116,  3)   vdiff=  1.7606E+01 (116,  4)
n=  1671   udiff=  1.1461E+01 (116,  3)   vdiff=  1.8131E+01 (116,  4)
n=  1672   udiff=  1.1382E+01 (116,  3)   vdiff=  1.8511E+01 (116,  4)
n=  1673   udiff=  1.1222E+01 (116,  3)   vdiff=  1.8746E+01 (116,  4)
n=  1674   udiff=  1.0983E+01 (116,  3)   vdiff=  1.8835E+01 (116,  4)
n=  1675   udiff=  1.0686E+01 (117,  2)   vdiff=  1.8780E+01 (116,  4)
n=  1676   udiff=  1.0604E+01 (117,  2)   vdiff=  1.8583E+01 (116,  4)
n=  1677   udiff=  1.0442E+01 (117,  2)   vdiff=  1.8247E+01 (116,  4)
n=  1678   udiff=  1.0202E+01 (117,  2)   vdiff=  1.7777E+01 (116,  4)
n=  1679   udiff=  9.8870E+00 (117,  2)   vdiff=  1.7179E+01 (116,  4)
n=  1680   udiff=  9.4998E+00 (117,  2)   vdiff=  1.6458E+01 (116,  4)
n=  1681   udiff=  9.0438E+00 (117,  2)   vdiff=  1.5621E+01 (116,  4)
n=  1682   udiff=  8.6828E+00 (116,  4)   vdiff=  1.4678E+01 (116,  4)
n=  1683   udiff=  9.0522E+00 (116,  4)   vdiff=  1.4680E+01 (118,  3)
n=  1684   udiff=  9.3550E+00 (116,  4)   vdiff=  1.5007E+01 (116,  3)
n=  1685   udiff=  9.5894E+00 (116,  4)   vdiff=  1.5319E+01 (116,  3)
n=  1686   udiff=  9.7540E+00 (116,  4)   vdiff=  1.5514E+01 (116,  3)
n=  1687   udiff=  9.8482E+00 (116,  4)   vdiff=  1.5591E+01 (116,  3)
n=  1688   udiff=  9.9339E+00 (116,  2)   vdiff=  1.5554E+01 (116,  3)
n=  1689   udiff=  1.0315E+01 (117,  3)   vdiff=  1.5402E+01 (116,  3)
n=  1690   udiff=  1.0619E+01 (117,  3)   vdiff=  1.5139E+01 (116,  3)
n=  1691   udiff=  1.0838E+01 (117,  3)   vdiff=  1.4769E+01 (116,  3)
n=  1692   udiff=  1.0971E+01 (117,  3)   vdiff=  1.4295E+01 (116,  3)
n=  1693   udiff=  1.1017E+01 (117,  3)   vdiff=  1.3950E+01 (118,  5)
n=  1694   udiff=  1.0977E+01 (117,  3)   vdiff=  1.4433E+01 (118,  5)
n=  1695   udiff=  1.0850E+01 (117,  3)   vdiff=  1.4815E+01 (118,  5)
n=  1696   udiff=  1.0640E+01 (117,  3)   vdiff=  1.5095E+01 (118,  5)
n=  1697   udiff=  1.0347E+01 (117,  3)   vdiff=  1.5271E+01 (118,  5)
n=  1698   udiff=  9.9742E+00 (117,  3)   vdiff=  1.5342E+01 (118,  5)
n=  1699   udiff=  9.5258E+00 (117,  3)   vdiff=  1.5311E+01 (118,  5)
n=  1700   udiff=  9.8460E+00 (118,  3)   vdiff=  1.5178E+01 (118,  5)
n=  1701   udiff=  1.0174E+01 (118,  3)   vdiff=  1.5952E+01 (118,  4)
n=  1702   udiff=  1.0421E+01 (118,  3)   vdiff=  1.6990E+01 (118,  4)
n=  1703   udiff=  1.0587E+01 (118,  3)   vdiff=  1.7908E+01 (118,  4)
n=  1704   udiff=  1.0669E+01 (118,  3)   vdiff=  1.8700E+01 (118,  4)
n=  1705   udiff=  1.0668E+01 (118,  3)   vdiff=  1.9359E+01 (118,  4)
n=  1706   udiff=  1.0584E+01 (118,  3)   vdiff=  1.9883E+01 (118,  4)
n=  1707   udiff=  1.0420E+01 (118,  3)   vdiff=  2.0268E+01 (118,  4)
n=  1708   udiff=  1.0176E+01 (118,  3)   vdiff=  2.0511E+01 (118,  4)
n=  1709   udiff=  9.8543E+00 (118,  3)   vdiff=  2.0612E+01 (118,  4)
n=  1710   udiff=  9.4590E+00 (118,  3)   vdiff=  2.0571E+01 (118,  4)
n=  1711   udiff=  9.4780E+00 (117,  2)   vdiff=  2.0389E+01 (118,  4)
n=  1712   udiff=  9.4269E+00 (117,  2)   vdiff=  2.0069E+01 (118,  4)
n=  1713   udiff=  9.3043E+00 (117,  2)   vdiff=  1.9613E+01 (118,  4)
n=  1714   udiff=  9.1110E+00 (117,  2)   vdiff=  1.9026E+01 (118,  4)
n=  1715   udiff=  8.8488E+00 (117,  2)   vdiff=  1.8313E+01 (118,  4)
n=  1716   udiff=  8.5306E+00 (118,  2)   vdiff=  1.7479E+01 (118,  4)
n=  1717   udiff=  8.9233E+00 (118,  2)   vdiff=  1.7941E+01 (118,  3)
n=  1718   udiff=  9.2539E+00 (118,  2)   vdiff=  1.8415E+01 (118,  3)
n=  1719   udiff=  9.5201E+00 (118,  2)   vdiff=  1.8771E+01 (118,  3)
n=  1720   udiff=  9.7202E+00 (118,  2)   vdiff=  1.9006E+01 (118,  3)
n=  1721   udiff=  9.8528E+00 (118,  2)   vdiff=  1.9119E+01 (118,  3)
n=  1722   udiff=  9.9170E+00 (118,  2)   vdiff=  1.9110E+01 (118,  3)
n=  1723   udiff=  9.9123E+00 (118,  2)   vdiff=  1.8979E+01 (118,  3)
n=  1724   udiff=  1.0155E+01 (119,  3)   vdiff=  1.8727E+01 (118,  3)
n=  1725   udiff=  1.0449E+01 (119,  3)   vdiff=  1.8356E+01 (118,  3)
n=  1726   udiff=  1.0676E+01 (119,  3)   vdiff=  1.7868E+01 (118,  3)
n=  1727   udiff=  1.0834E+01 (119,  3)   vdiff=  1.7267E+01 (118,  3)
n=  1728   udiff=  1.0924E+01 (119,  3)   vdiff=  1.6556E+01 (118,  3)
n=  1729   udiff=  1.0945E+01 (119,  3)   vdiff=  1.5742E+01 (118,  3)
n=  1730   udiff=  1.0898E+01 (119,  3)   vdiff=  1.4828E+01 (118,  3)
n=  1731   udiff=  1.0784E+01 (119,  3)   vdiff=  1.3821E+01 (118,  3)
n=  1732   udiff=  1.0603E+01 (119,  3)   vdiff=  1.3635E+01 (119,  4)
n=  1733   udiff=  1.0358E+01 (119,  3)   vdiff=  1.3531E+01 (119,  4)
n=  1734   udiff=  1.0051E+01 (119,  3)   vdiff=  1.3347E+01 (119,  4)
n=  1735   udiff=  9.6835E+00 (119,  3)   vdiff=  1.3085E+01 (119,  4)
n=  1736   udiff=  9.5772E+00 (118,  3)   vdiff=  1.2748E+01 (119,  4)
n=  1737   udiff=  9.9298E+00 (118,  3)   vdiff=  1.2765E+01 (118,  5)
n=  1738   udiff=  1.0213E+01 (118,  3)   vdiff=  1.3713E+01 (118,  4)
n=  1739   udiff=  1.0423E+01 (118,  3)   vdiff=  1.4832E+01 (118,  4)
n=  1740   udiff=  1.0560E+01 (118,  3)   vdiff=  1.5855E+01 (118,  4)
n=  1741   udiff=  1.0623E+01 (118,  3)   vdiff=  1.6775E+01 (118,  4)
n=  1742   udiff=  1.0610E+01 (118,  3)   vdiff=  1.7585E+01 (118,  4)
n=  1743   udiff=  1.0799E+01 (119,  2)   vdiff=  1.8281E+01 (118,  4)
n=  1744   udiff=  1.1010E+01 (119,  2)   vdiff=  1.8857E+01 (118,  4)
n=  1745   udiff=  1.1159E+01 (119,  2)   vdiff=  1.9310E+01 (118,  4)
n=  1746   udiff=  1.1242E+01 (119,  2)   vdiff=  1.9635E+01 (118,  4)
n=  1747   udiff=  1.1261E+01 (119,  2)   vdiff=  1.9831E+01 (118,  4)
n=  1748   udiff=  1.1214E+01 (119,  2)   vdiff=  1.9895E+01 (118,  4)
n=  1749   udiff=  1.1102E+01 (119,  2)   vdiff=  1.9827E+01 (118,  4)
n=  1750   udiff=  1.0925E+01 (119,  2)   vdiff=  1.9626E+01 (118,  4)
n=  1751   udiff=  1.0683E+01 (119,  2)   vdiff=  1.9294E+01 (118,  4)
n=  1752   udiff=  1.0378E+01 (119,  2)   vdiff=  1.8832E+01 (118,  4)
n=  1753   udiff=  1.0011E+01 (119,  2)   vdiff=  1.8242E+01 (118,  4)
n=  1754   udiff=  9.9638E+00 (118,  2)   vdiff=  1.7529E+01 (118,  4)
n=  1755   udiff=  1.0416E+01 (118,  2)   vdiff=  1.7350E+01 (118,  3)
n=  1756   udiff=  1.0801E+01 (118,  2)   vdiff=  1.8009E+01 (118,  3)
n=  1757   udiff=  1.1114E+01 (118,  2)   vdiff=  1.8555E+01 (118,  3)
n=  1758   udiff=  1.1354E+01 (118,  2)   vdiff=  1.8984E+01 (118,  3)
n=  1759   udiff=  1.1518E+01 (118,  2)   vdiff=  1.9291E+01 (118,  3)
n=  1760   udiff=  1.1605E+01 (118,  2)   vdiff=  1.9475E+01 (118,  3)
n=  1761   udiff=  1.1612E+01 (118,  2)   vdiff=  1.9535E+01 (118,  3)
n=  1762   udiff=  1.1540E+01 (118,  2)   vdiff=  1.9469E+01 (118,  3)
n=  1763   udiff=  1.1388E+01 (118,  2)   vdiff=  1.9279E+01 (118,  3)
n=  1764   udiff=  1.1157E+01 (118,  2)   vdiff=  1.8964E+01 (118,  3)
n=  1765   udiff=  1.0849E+01 (118,  2)   vdiff=  1.8528E+01 (118,  3)
n=  1766   udiff=  1.0465E+01 (118,  2)   vdiff=  1.7974E+01 (118,  3)
n=  1767   udiff=  1.0284E+01 (117,  3)   vdiff=  1.7304E+01 (118,  3)
n=  1768   udiff=  1.0295E+01 (119,  3)   vdiff=  1.6525E+01 (118,  3)
n=  1769   udiff=  1.0265E+01 (119,  3)   vdiff=  1.5642E+01 (118,  3)
n=  1770   udiff=  1.0164E+01 (119,  3)   vdiff=  1.4975E+01 (116,  5)
n=  1771   udiff=  9.9899E+00 (119,  3)   vdiff=  1.4849E+01 (116,  5)
n=  1772   udiff=  9.9868E+00 (118,  3)   vdiff=  1.5006E+01 (116,  4)
n=  1773   udiff=  1.0429E+01 (118,  3)   vdiff=  1.5969E+01 (116,  4)
n=  1774   udiff=  1.0794E+01 (118,  3)   vdiff=  1.6830E+01 (116,  4)
n=  1775   udiff=  1.1078E+01 (118,  3)   vdiff=  1.7581E+01 (116,  4)
n=  1776   udiff=  1.1279E+01 (118,  3)   vdiff=  1.8217E+01 (116,  4)
n=  1777   udiff=  1.1394E+01 (118,  3)   vdiff=  1.8731E+01 (116,  4)
n=  1778   udiff=  1.1423E+01 (118,  3)   vdiff=  1.9119E+01 (116,  4)
n=  1779   udiff=  1.1366E+01 (118,  3)   vdiff=  1.9375E+01 (116,  4)
n=  1780   udiff=  1.1222E+01 (118,  3)   vdiff=  1.9498E+01 (116,  4)
n=  1781   udiff=  1.0993E+01 (118,  3)   vdiff=  1.9483E+01 (116,  4)
n=  1782   udiff=  1.0681E+01 (118,  3)   vdiff=  1.9331E+01 (116,  4)
n=  1783   udiff=  1.0288E+01 (118,  3)   vdiff=  1.9041E+01 (116,  4)
n=  1784   udiff=  1.0375E+01 (119,  2)   vdiff=  1.8614E+01 (116,  4)
n=  1785   udiff=  1.0477E+01 (119,  2)   vdiff=  1.8051E+01 (116,  4)
n=  1786   udiff=  1.0508E+01 (119,  2)   vdiff=  1.7356E+01 (116,  4)
n=  1787   udiff=  1.0470E+01 (119,  2)   vdiff=  1.6533E+01 (116,  4)
n=  1788   udiff=  1.0362E+01 (119,  2)   vdiff=  1.5884E+01 (118,  4)
n=  1789   udiff=  1.0187E+01 (119,  2)   vdiff=  1.6306E+01 (116,  3)
n=  1790   udiff=  9.9469E+00 (119,  2)   vdiff=  1.6732E+01 (116,  3)
n=  1791   udiff=  1.0155E+01 (118,  4)   vdiff=  1.7046E+01 (116,  3)
n=  1792   udiff=  1.0494E+01 (118,  4)   vdiff=  1.7244E+01 (116,  3)
n=  1793   udiff=  1.0756E+01 (118,  4)   vdiff=  1.7324E+01 (116,  3)
n=  1794   udiff=  1.0942E+01 (118,  4)   vdiff=  1.7283E+01 (116,  3)
n=  1795   udiff=  1.1051E+01 (118,  4)   vdiff=  1.7121E+01 (116,  3)
n=  1796   udiff=  1.1239E+01 (117,  3)   vdiff=  1.6836E+01 (116,  3)
n=  1797   udiff=  1.1637E+01 (117,  3)   vdiff=  1.6431E+01 (116,  3)
n=  1798   udiff=  1.1951E+01 (117,  3)   vdiff=  1.5906E+01 (116,  3)
n=  1799   udiff=  1.2178E+01 (117,  3)   vdiff=  1.5265E+01 (116,  3)
n=  1800   udiff=  1.2317E+01 (117,  3)   vdiff=  1.5032E+01 (118,  3)
n=  1801   udiff=  1.2366E+01 (117,  3)   vdiff=  1.4817E+01 (118,  3)
n=  1802   udiff=  1.2324E+01 (117,  3)   vdiff=  1.4501E+01 (118,  3)
n=  1803   udiff=  1.2192E+01 (117,  3)   vdiff=  1.4086E+01 (118,  3)
n=  1804   udiff=  1.1971E+01 (117,  3)   vdiff=  1.3951E+01 (116,  5)
n=  1805   udiff=  1.1662E+01 (117,  3)   vdiff=  1.4210E+01 (116,  5)
n=  1806   udiff=  1.1267E+01 (117,  3)   vdiff=  1.4376E+01 (116,  5)
n=  1807   udiff=  1.0790E+01 (117,  3)   vdiff=  1.4447E+01 (116,  5)
n=  1808   udiff=  1.0235E+01 (117,  3)   vdiff=  1.4776E+01 (116,  4)
n=  1809   udiff=  1.0111E+01 (116,  3)   vdiff=  1.5981E+01 (116,  4)
n=  1810   udiff=  1.0423E+01 (116,  3)   vdiff=  1.7078E+01 (116,  4)
n=  1811   udiff=  1.0693E+01 (118,  3)   vdiff=  1.8060E+01 (116,  4)
n=  1812   udiff=  1.0904E+01 (118,  3)   vdiff=  1.8919E+01 (116,  4)
n=  1813   udiff=  1.1036E+01 (118,  3)   vdiff=  1.9652E+01 (116,  4)
n=  1814   udiff=  1.1088E+01 (118,  3)   vdiff=  2.0253E+01 (116,  4)
n=  1815   udiff=  1.1062E+01 (118,  3)   vdiff=  2.0720E+01 (116,  4)
n=  1816   udiff=  1.0958E+01 (118,  3)   vdiff=  2.1050E+01 (116,  4)
n=  1817   udiff=  1.0776E+01 (118,  3)   vdiff=  2.1243E+01 (116,  4)
n=  1818   udiff=  1.0862E+01 (117,  2)   vdiff=  2.1297E+01 (116,  4)
n=  1819   udiff=  1.0894E+01 (117,  2)   vdiff=  2.1215E+01 (116,  4)
n=  1820   udiff=  1.0848E+01 (117,  2)   vdiff=  2.0998E+01 (116,  4)
n=  1821   udiff=  1.0724E+01 (117,  2)   vdiff=  2.0649E+01 (116,  4)
n=  1822   udiff=  1.0523E+01 (117,  2)   vdiff=  2.0171E+01 (116,  4)
n=  1823   udiff=  1.0249E+01 (117,  2)   vdiff=  1.9569E+01 (116,  4)
n=  1824   udiff=  9.9026E+00 (117,  2)   vdiff=  1.8848E+01 (116,  4)
n=  1825   udiff=  9.4877E+00 (117,  2)   vdiff=  1.8016E+01 (116,  4)
n=  1826   udiff=  9.7684E+00 (116,  2)   vdiff=  1.7289E+01 (116,  3)
n=  1827   udiff=  1.0154E+01 (116,  2)   vdiff=  1.7824E+01 (116,  3)
n=  1828   udiff=  1.0482E+01 (116,  2)   vdiff=  1.8246E+01 (116,  3)
n=  1829   udiff=  1.0748E+01 (116,  2)   vdiff=  1.8555E+01 (116,  3)
n=  1830   udiff=  1.0953E+01 (116,  2)   vdiff=  1.8749E+01 (116,  3)
n=  1831   udiff=  1.1094E+01 (116,  2)   vdiff=  1.8827E+01 (116,  3)
n=  1832   udiff=  1.1171E+01 (116,  2)   vdiff=  1.8792E+01 (116,  3)
n=  1833   udiff=  1.1184E+01 (116,  2)   vdiff=  1.8644E+01 (116,  3)
n=  1834   udiff=  1.1132E+01 (116,  2)   vdiff=  1.8385E+01 (116,  3)
n=  1835   udiff=  1.1410E+01 (117,  3)   vdiff=  1.8019E+01 (116,  3)
n=  1836   udiff=  1.1626E+01 (117,  3)   vdiff=  1.7548E+01 (116,  3)
n=  1837   udiff=  1.1762E+01 (117,  3)   vdiff=  1.6977E+01 (116,  3)
n=  1838   udiff=  1.1820E+01 (117,  3)   vdiff=  1.6310E+01 (116,  3)
n=  1839   udiff=  1.1799E+01 (117,  3)   vdiff=  1.5552E+01 (116,  3)
n=  1840   udiff=  1.1700E+01 (117,  3)   vdiff=  1.4708E+01 (116,  3)
n=  1841   udiff=  1.1524E+01 (117,  3)   vdiff=  1.3786E+01 (116,  3)
n=  1842   udiff=  1.1274E+01 (117,  3)   vdiff=  1.2823E+01 (115,  4)
n=  1843   udiff=  1.0951E+01 (117,  3)   vdiff=  1.2406E+01 (115,  4)
n=  1844   udiff=  1.0559E+01 (117,  3)   vdiff=  1.1917E+01 (115,  4)
n=  1845   udiff=  1.0100E+01 (117,  3)   vdiff=  1.1905E+01 (115,  3)
n=  1846   udiff=  9.5786E+00 (117,  3)   vdiff=  1.2150E+01 (115,  3)
n=  1847   udiff=  9.3195E+00 (116,  3)   vdiff=  1.2326E+01 (115,  3)
n=  1848   udiff=  9.6713E+00 (116,  3)   vdiff=  1.2431E+01 (115,  3)
n=  1849   udiff=  9.9609E+00 (116,  3)   vdiff=  1.3241E+01 (116,  4)
n=  1850   udiff=  1.0187E+01 (116,  3)   vdiff=  1.4046E+01 (116,  4)
n=  1851   udiff=  1.0347E+01 (116,  3)   vdiff=  1.4749E+01 (116,  4)
n=  1852   udiff=  1.0441E+01 (116,  3)   vdiff=  1.5346E+01 (116,  4)
n=  1853   udiff=  1.0468E+01 (116,  3)   vdiff=  1.5834E+01 (116,  4)
n=  1854   udiff=  1.0429E+01 (116,  3)   vdiff=  1.6211E+01 (116,  4)
n=  1855   udiff=  1.0323E+01 (116,  3)   vdiff=  1.6475E+01 (116,  4)
n=  1856   udiff=  1.0151E+01 (116,  3)   vdiff=  1.6625E+01 (116,  4)
n=  1857   udiff=  1.0007E+01 (117,  2)   vdiff=  1.6662E+01 (116,  4)
n=  1858   udiff=  9.9698E+00 (117,  2)   vdiff=  1.6586E+01 (116,  4)
n=  1859   udiff=  9.8674E+00 (117,  2)   vdiff=  1.6397E+01 (116,  4)
n=  1860   udiff=  9.7012E+00 (117,  2)   vdiff=  1.6100E+01 (116,  4)
n=  1861   udiff=  9.4726E+00 (117,  2)   vdiff=  1.5696E+01 (116,  4)
n=  1862   udiff=  9.1832E+00 (117,  2)   vdiff=  1.5189E+01 (116,  4)
n=  1863   udiff=  8.8353E+00 (117,  2)   vdiff=  1.4583E+01 (116,  4)
n=  1864   udiff=  8.4314E+00 (117,  2)   vdiff=  1.3885E+01 (116,  4)
n=  1865   udiff=  8.5248E+00 (116,  2)   vdiff=  1.3099E+01 (116,  4)
n=  1866   udiff=  9.0035E+00 (116,  2)   vdiff=  1.3123E+01 (116,  3)
n=  1867   udiff=  9.4251E+00 (116,  2)   vdiff=  1.3517E+01 (116,  3)
n=  1868   udiff=  9.7869E+00 (116,  2)   vdiff=  1.3814E+01 (116,  3)
n=  1869   udiff=  1.0087E+01 (116,  2)   vdiff=  1.4013E+01 (116,  3)
n=  1870   udiff=  1.0324E+01 (116,  2)   vdiff=  1.4113E+01 (116,  3)
n=  1871   udiff=  1.0496E+01 (116,  2)   vdiff=  1.4115E+01 (116,  3)
n=  1872   udiff=  1.0603E+01 (116,  2)   vdiff=  1.4019E+01 (116,  3)
n=  1873   udiff=  1.0645E+01 (116,  2)   vdiff=  1.3827E+01 (116,  3)
n=  1874   udiff=  1.0621E+01 (116,  2)   vdiff=  1.3542E+01 (116,  3)
n=  1875   udiff=  1.0534E+01 (116,  2)   vdiff=  1.3400E+01 (118,  5)
n=  1876   udiff=  1.0383E+01 (116,  2)   vdiff=  1.3738E+01 (118,  5)
n=  1877   udiff=  1.0172E+01 (116,  2)   vdiff=  1.3992E+01 (118,  5)
n=  1878   udiff=  9.9008E+00 (116,  2)   vdiff=  1.4161E+01 (118,  5)
n=  1879   udiff=  9.5736E+00 (116,  2)   vdiff=  1.4240E+01 (118,  5)
n=  1880   udiff=  9.1929E+00 (116,  2)   vdiff=  1.4230E+01 (118,  5)
n=  1881   udiff=  8.7862E+00 (117,  3)   vdiff=  1.4128E+01 (118,  5)
n=  1882   udiff=  8.4126E+00 (117,  3)   vdiff=  1.3934E+01 (118,  5)
n=  1883   udiff=  8.2752E+00 (118,  3)   vdiff=  1.4670E+01 (118,  4)
n=  1884   udiff=  8.5748E+00 (118,  3)   vdiff=  1.5497E+01 (118,  4)
n=  1885   udiff=  8.8068E+00 (118,  3)   vdiff=  1.6226E+01 (118,  4)
n=  1886   udiff=  8.9690E+00 (118,  3)   vdiff=  1.6851E+01 (118,  4)
n=  1887   udiff=  9.0601E+00 (118,  3)   vdiff=  1.7367E+01 (118,  4)
n=  1888   udiff=  9.0789E+00 (118,  3)   vdiff=  1.7768E+01 (118,  4)
n=  1889   udiff=  9.0252E+00 (118,  3)   vdiff=  1.8050E+01 (118,  4)
n=  1890   udiff=  8.8989E+00 (118,  3)   vdiff=  1.8209E+01 (118,  4)
n=  1891   udiff=  8.7008E+00 (118,  3)   vdiff=  1.8244E+01 (118,  4)
n=  1892   udiff=  8.4322E+00 (118,  3)   vdiff=  1.8150E+01 (118,  4)
n=  1893   udiff=  8.0950E+00 (118,  3)   vdiff=  1.7929E+01 (118,  4)
n=  1894   udiff=  7.9641E+00 (119,  4)   vdiff=  1.7579E+01 (118,  4)
n=  1895   udiff=  7.9626E+00 (119,  4)   vdiff=  1.7102E+01 (118,  4)
n=  1896   udiff=  7.9062E+00 (119,  4)   vdiff=  1.6500E+01 (118,  4)
n=  1897   udiff=  7.7948E+00 (119,  4)   vdiff=  1.5775E+01 (118,  4)
n=  1898   udiff=  7.6287E+00 (119,  4)   vdiff=  1.4932E+01 (118,  4)
n=  1899   udiff=  7.4087E+00 (119,  4)   vdiff=  1.5212E+01 (118,  3)
n=  1900   udiff=  7.7018E+00 (118,  4)   vdiff=  1.5529E+01 (118,  3)
n=  1901   udiff=  8.0487E+00 (118,  4)   vdiff=  1.5742E+01 (118,  3)
n=  1902   udiff=  8.3297E+00 (118,  4)   vdiff=  1.5847E+01 (118,  3)
n=  1903   udiff=  8.5423E+00 (118,  4)   vdiff=  1.5842E+01 (118,  3)
n=  1904   udiff=  8.9275E+00 (119,  3)   vdiff=  1.5725E+01 (118,  3)
n=  1905   udiff=  9.3540E+00 (119,  3)   vdiff=  1.5495E+01 (118,  3)
n=  1906   udiff=  9.7207E+00 (119,  3)   vdiff=  1.5152E+01 (118,  3)
n=  1907   udiff=  1.0024E+01 (119,  3)   vdiff=  1.4696E+01 (118,  3)
n=  1908   udiff=  1.0262E+01 (119,  3)   vdiff=  1.4130E+01 (118,  3)
n=  1909   udiff=  1.0431E+01 (119,  3)   vdiff=  1.3752E+01 (119,  4)
n=  1910   udiff=  1.0530E+01 (119,  3)   vdiff=  1.3968E+01 (119,  4)
n=  1911   udiff=  1.0558E+01 (119,  3)   vdiff=  1.4107E+01 (119,  4)
n=  1912   udiff=  1.0513E+01 (119,  3)   vdiff=  1.4166E+01 (119,  4)
n=  1913   udiff=  1.0395E+01 (119,  3)   vdiff=  1.4144E+01 (119,  4)
n=  1914   udiff=  1.0206E+01 (119,  3)   vdiff=  1.4042E+01 (119,  4)
n=  1915   udiff=  9.9454E+00 (119,  3)   vdiff=  1.4266E+01 (118,  5)
n=  1916   udiff=  9.6157E+00 (119,  3)   vdiff=  1.4460E+01 (118,  5)
n=  1917   udiff=  9.2190E+00 (119,  3)   vdiff=  1.4562E+01 (118,  5)
n=  1918   udiff=  8.7582E+00 (119,  3)   vdiff=  1.4571E+01 (118,  5)
n=  1919   udiff=  8.8508E+00 (118,  3)   vdiff=  1.5085E+01 (118,  4)
n=  1920   udiff=  9.0876E+00 (118,  3)   vdiff=  1.6188E+01 (118,  4)
n=  1921   udiff=  9.2534E+00 (118,  3)   vdiff=  1.7184E+01 (118,  4)
n=  1922   udiff=  9.4237E+00 (119,  2)   vdiff=  1.8066E+01 (118,  4)
n=  1923   udiff=  9.7250E+00 (119,  2)   vdiff=  1.8829E+01 (118,  4)
n=  1924   udiff=  9.9645E+00 (119,  2)   vdiff=  1.9468E+01 (118,  4)
n=  1925   udiff=  1.0140E+01 (119,  2)   vdiff=  1.9979E+01 (118,  4)
n=  1926   udiff=  1.0250E+01 (119,  2)   vdiff=  2.0361E+01 (118,  4)
n=  1927   udiff=  1.0294E+01 (119,  2)   vdiff=  2.0610E+01 (118,  4)
n=  1928   udiff=  1.0271E+01 (119,  2)   vdiff=  2.0728E+01 (118,  4)
n=  1929   udiff=  1.0181E+01 (119,  2)   vdiff=  2.0715E+01 (118,  4)
n=  1930   udiff=  1.0025E+01 (119,  2)   vdiff=  2.0572E+01 (118,  4)
n=  1931   udiff=  9.8039E+00 (119,  2)   vdiff=  2.0301E+01 (118,  4)
n=  1932   udiff=  9.5197E+00 (119,  2)   vdiff=  1.9905E+01 (118,  4)
n=  1933   udiff=  9.1744E+00 (119,  2)   vdiff=  1.9389E+01 (118,  4)
n=  1934   udiff=  8.7705E+00 (119,  2)   vdiff=  1.8758E+01 (118,  4)
n=  1935   udiff=  8.3112E+00 (119,  2)   vdiff=  1.8016E+01 (118,  4)
n=  1936   udiff=  8.5655E+00 (118,  2)   vdiff=  1.8144E+01 (118,  3)
n=  1937   udiff=  8.8134E+00 (118,  2)   vdiff=  1.8627E+01 (118,  3)
n=  1938   udiff=  9.0031E+00 (118,  2)   vdiff=  1.8998E+01 (118,  3)
n=  1939   udiff=  9.1332E+00 (118,  2)   vdiff=  1.9256E+01 (118,  3)
n=  1940   udiff=  9.2030E+00 (118,  2)   vdiff=  1.9400E+01 (118,  3)
n=  1941   udiff=  9.2122E+00 (118,  2)   vdiff=  1.9431E+01 (118,  3)
n=  1942   udiff=  9.1611E+00 (120,  2)   vdiff=  1.9348E+01 (118,  3)
n=  1943   udiff=  9.1242E+00 (120,  2)   vdiff=  1.9154E+01 (118,  3)
n=  1944   udiff=  9.0461E+00 (119,  3)   vdiff=  1.8850E+01 (118,  3)
n=  1945   udiff=  9.3166E+00 (119,  3)   vdiff=  1.8439E+01 (118,  3)
n=  1946   udiff=  9.5269E+00 (119,  3)   vdiff=  1.7924E+01 (118,  3)
n=  1947   udiff=  9.6766E+00 (119,  3)   vdiff=  1.7310E+01 (118,  3)
n=  1948   udiff=  9.7658E+00 (119,  3)   vdiff=  1.6601E+01 (118,  3)
n=  1949   udiff=  9.7949E+00 (119,  3)   vdiff=  1.5801E+01 (118,  3)
n=  1950   udiff=  9.7647E+00 (119,  3)   vdiff=  1.4916E+01 (118,  3)
n=  1951   udiff=  9.6763E+00 (119,  3)   vdiff=  1.3953E+01 (118,  3)
n=  1952   udiff=  9.5310E+00 (119,  3)   vdiff=  1.2917E+01 (118,  3)
n=  1953   udiff=  9.3305E+00 (119,  3)   vdiff=  1.1964E+01 (119,  4)
n=  1954   udiff=  9.0768E+00 (119,  3)   vdiff=  1.2127E+01 (116,  4)
n=  1955   udiff=  8.7720E+00 (119,  3)   vdiff=  1.2779E+01 (116,  4)
n=  1956   udiff=  9.0027E+00 (118,  3)   vdiff=  1.3349E+01 (116,  4)
n=  1957   udiff=  9.2517E+00 (118,  3)   vdiff=  1.3834E+01 (116,  4)
n=  1958   udiff=  9.4412E+00 (118,  3)   vdiff=  1.4229E+01 (116,  4)
n=  1959   udiff=  9.5701E+00 (118,  3)   vdiff=  1.4532E+01 (116,  4)
n=  1960   udiff=  9.6377E+00 (118,  3)   vdiff=  1.4740E+01 (116,  4)
n=  1961   udiff=  9.6433E+00 (118,  3)   vdiff=  1.4851E+01 (116,  4)
n=  1962   udiff=  9.5869E+00 (118,  3)   vdiff=  1.4907E+01 (118,  4)
n=  1963   udiff=  9.4688E+00 (118,  3)   vdiff=  1.5534E+01 (118,  4)
n=  1964   udiff=  9.5576E+00 (119,  2)   vdiff=  1.6060E+01 (118,  4)
n=  1965   udiff=  9.7198E+00 (119,  2)   vdiff=  1.6482E+01 (118,  4)
n=  1966   udiff=  9.8271E+00 (119,  2)   vdiff=  1.6797E+01 (118,  4)
n=  1967   udiff=  9.8791E+00 (119,  2)   vdiff=  1.7003E+01 (118,  4)
n=  1968   udiff=  9.8760E+00 (119,  2)   vdiff=  1.7100E+01 (118,  4)
n=  1969   udiff=  9.8179E+00 (119,  2)   vdiff=  1.7087E+01 (118,  4)
n=  1970   udiff=  9.7055E+00 (119,  2)   vdiff=  1.6964E+01 (118,  4)
n=  1971   udiff=  9.5396E+00 (119,  2)   vdiff=  1.6734E+01 (118,  4)
n=  1972   udiff=  9.3212E+00 (119,  2)   vdiff=  1.6396E+01 (118,  4)
n=  1973   udiff=  9.0519E+00 (119,  2)   vdiff=  1.5954E+01 (118,  4)
n=  1974   udiff=  9.1584E+00 (118,  2)   vdiff=  1.5411E+01 (118,  4)
n=  1975   udiff=  9.5173E+00 (118,  2)   vdiff=  1.4771E+01 (118,  4)
n=  1976   udiff=  9.8193E+00 (118,  2)   vdiff=  1.4823E+01 (118,  3)
n=  1977   udiff=  1.0062E+01 (118,  2)   vdiff=  1.5345E+01 (118,  3)
n=  1978   udiff=  1.0244E+01 (118,  2)   vdiff=  1.5771E+01 (118,  3)
n=  1979   udiff=  1.0364E+01 (118,  2)   vdiff=  1.6098E+01 (118,  3)
n=  1980   udiff=  1.0420E+01 (118,  2)   vdiff=  1.6324E+01 (118,  3)
n=  1981   udiff=  1.0412E+01 (118,  2)   vdiff=  1.6450E+01 (118,  3)
n=  1982   udiff=  1.0339E+01 (118,  2)   vdiff=  1.6473E+01 (118,  3)
n=  1983   udiff=  1.0203E+01 (118,  2)   vdiff=  1.6395E+01 (118,  3)
n=  1984   udiff=  1.0003E+01 (118,  2)   vdiff=  1.6217E+01 (118,  3)
n=  1985   udiff=  9.7399E+00 (118,  2)   vdiff=  1.5940E+01 (118,  3)
n=  1986   udiff=  9.4165E+00 (118,  2)   vdiff=  1.5566E+01 (118,  3)
n=  1987   udiff=  9.1354E+00 (117,  3)   vdiff=  1.5099E+01 (118,  3)
n=  1988   udiff=  8.9515E+00 (117,  3)   vdiff=  1.4542E+01 (118,  3)
n=  1989   udiff=  8.7093E+00 (117,  3)   vdiff=  1.3899E+01 (118,  3)
n=  1990   udiff=  8.4100E+00 (117,  3)   vdiff=  1.3176E+01 (118,  3)
n=  1991   udiff=  8.0552E+00 (117,  3)   vdiff=  1.2378E+01 (118,  3)
n=  1992   udiff=  8.2215E+00 (118,  3)   vdiff=  1.2608E+01 (116,  4)
n=  1993   udiff=  8.6307E+00 (118,  3)   vdiff=  1.3407E+01 (116,  4)
n=  1994   udiff=  8.9800E+00 (118,  3)   vdiff=  1.4124E+01 (116,  4)
n=  1995   udiff=  9.2668E+00 (118,  3)   vdiff=  1.4755E+01 (116,  4)
n=  1996   udiff=  9.4890E+00 (118,  3)   vdiff=  1.5294E+01 (116,  4)
n=  1997   udiff=  9.6451E+00 (118,  3)   vdiff=  1.5738E+01 (116,  4)
n=  1998   udiff=  9.7341E+00 (118,  3)   vdiff=  1.6082E+01 (116,  4)
n=  1999   udiff=  9.7554E+00 (118,  3)   vdiff=  1.6325E+01 (116,  4)
n=  2000   udiff=  9.7089E+00 (118,  3)   vdiff=  1.6464E+01 (116,  4)
n=  2001   udiff=  9.5953E+00 (118,  3)   vdiff=  1.6498E+01 (116,  4)
n=  2002   udiff=  9.4156E+00 (118,  3)   vdiff=  1.6426E+01 (116,  4)
n=  2003   udiff=  9.1711E+00 (118,  3)   vdiff=  1.6247E+01 (116,  4)
n=  2004   udiff=  8.8641E+00 (118,  3)   vdiff=  1.5964E+01 (116,  4)
n=  2005   udiff=  8.4970E+00 (118,  3)   vdiff=  1.5577E+01 (116,  4)
n=  2006   udiff=  8.2842E+00 (117,  2)   vdiff=  1.5088E+01 (116,  4)
n=  2007   udiff=  8.0565E+00 (117,  2)   vdiff=  1.4502E+01 (116,  4)
n=  2008   udiff=  7.7768E+00 (117,  2)   vdiff=  1.3821E+01 (116,  4)
n=  2009   udiff=  7.5090E+00 (119,  2)   vdiff=  1.4036E+01 (116,  3)
n=  2010   udiff=  7.3805E+00 (119,  2)   vdiff=  1.4429E+01 (116,  3)
n=  2011   udiff=  7.5583E+00 (118,  4)   vdiff=  1.4734E+01 (116,  3)
n=  2012   udiff=  7.8537E+00 (118,  4)   vdiff=  1.4949E+01 (116,  3)
n=  2013   udiff=  8.1939E+00 (118,  2)   vdiff=  1.5072E+01 (116,  3)
n=  2014   udiff=  8.5467E+00 (118,  2)   vdiff=  1.5102E+01 (116,  3)
n=  2015   udiff=  8.8417E+00 (118,  2)   vdiff=  1.5037E+01 (116,  3)
n=  2016   udiff=  9.0776E+00 (118,  2)   vdiff=  1.4878E+01 (116,  3)
n=  2017   udiff=  9.2532E+00 (118,  2)   vdiff=  1.4625E+01 (116,  3)
n=  2018   udiff=  9.3680E+00 (118,  2)   vdiff=  1.4280E+01 (116,  3)
n=  2019   udiff=  9.4215E+00 (118,  2)   vdiff=  1.3845E+01 (116,  3)
n=  2020   udiff=  9.4141E+00 (118,  2)   vdiff=  1.3321E+01 (116,  3)
n=  2021   udiff=  9.3463E+00 (118,  2)   vdiff=  1.2714E+01 (116,  3)
n=  2022   udiff=  9.2904E+00 (117,  3)   vdiff=  1.2027E+01 (116,  3)
n=  2023   udiff=  9.2754E+00 (117,  3)   vdiff=  1.1264E+01 (116,  3)
n=  2024   udiff=  9.1940E+00 (117,  3)   vdiff=  1.0911E+01 (117,  4)
n=  2025   udiff=  9.0469E+00 (117,  3)   vdiff=  1.0745E+01 (117,  4)
n=  2026   udiff=  8.8356E+00 (117,  3)   vdiff=  1.0506E+01 (117,  4)
n=  2027   udiff=  8.5620E+00 (117,  3)   vdiff=  1.0195E+01 (117,  4)
n=  2028   udiff=  8.2283E+00 (117,  3)   vdiff=  9.9121E+00 (115,  3)
n=  2029   udiff=  7.8374E+00 (117,  3)   vdiff=  9.9519E+00 (116,  4)
n=  2030   udiff=  7.7526E+00 (116,  3)   vdiff=  1.0828E+01 (116,  4)
n=  2031   udiff=  7.9049E+00 (116,  3)   vdiff=  1.1623E+01 (116,  4)
n=  2032   udiff=  8.0037E+00 (116,  3)   vdiff=  1.2330E+01 (116,  4)
n=  2033   udiff=  8.0484E+00 (116,  3)   vdiff=  1.2947E+01 (116,  4)
n=  2034   udiff=  8.0801E+00 (118,  3)   vdiff=  1.3469E+01 (116,  4)
n=  2035   udiff=  8.1661E+00 (118,  3)   vdiff=  1.3893E+01 (116,  4)
n=  2036   udiff=  8.1929E+00 (118,  3)   vdiff=  1.4218E+01 (116,  4)
n=  2037   udiff=  8.1609E+00 (118,  3)   vdiff=  1.4443E+01 (116,  4)
n=  2038   udiff=  8.2757E+00 (117,  2)   vdiff=  1.4567E+01 (116,  4)
n=  2039   udiff=  8.3843E+00 (117,  2)   vdiff=  1.4590E+01 (116,  4)
n=  2040   udiff=  8.4341E+00 (117,  2)   vdiff=  1.4514E+01 (116,  4)
n=  2041   udiff=  8.4252E+00 (117,  2)   vdiff=  1.4340E+01 (116,  4)
n=  2042   udiff=  8.3582E+00 (117,  2)   vdiff=  1.4071E+01 (116,  4)
n=  2043   udiff=  8.2341E+00 (117,  2)   vdiff=  1.3710E+01 (116,  4)
n=  2044   udiff=  8.0542E+00 (117,  2)   vdiff=  1.3261E+01 (116,  4)
n=  2045   udiff=  7.8205E+00 (117,  2)   vdiff=  1.2728E+01 (116,  4)
n=  2046   udiff=  7.5353E+00 (117,  2)   vdiff=  1.2116E+01 (116,  4)
n=  2047   udiff=  7.3157E+00 (116,  2)   vdiff=  1.1683E+01 (116,  3)
n=  2048   udiff=  7.6009E+00 (116,  2)   vdiff=  1.2093E+01 (116,  3)
n=  2049   udiff=  7.8402E+00 (116,  2)   vdiff=  1.2420E+01 (116,  3)
n=  2050   udiff=  8.0323E+00 (116,  2)   vdiff=  1.2662E+01 (116,  3)
n=  2051   udiff=  8.1764E+00 (116,  2)   vdiff=  1.2819E+01 (116,  3)
n=  2052   udiff=  8.2719E+00 (116,  2)   vdiff=  1.2891E+01 (116,  3)
n=  2053   udiff=  8.3184E+00 (116,  2)   vdiff=  1.2880E+01 (116,  3)
n=  2054   udiff=  8.3161E+00 (116,  2)   vdiff=  1.2786E+01 (116,  3)
n=  2055   udiff=  8.2652E+00 (116,  2)   vdiff=  1.2612E+01 (116,  3)
n=  2056   udiff=  8.1664E+00 (116,  2)   vdiff=  1.2359E+01 (116,  3)
n=  2057   udiff=  8.0206E+00 (116,  2)   vdiff=  1.2031E+01 (116,  3)
n=  2058   udiff=  7.8290E+00 (116,  2)   vdiff=  1.1632E+01 (116,  3)
n=  2059   udiff=  7.8424E+00 (117,  3)   vdiff=  1.1164E+01 (116,  3)
n=  2060   udiff=  7.8210E+00 (117,  3)   vdiff=  1.0633E+01 (116,  3)
n=  2061   udiff=  7.7440E+00 (117,  3)   vdiff=  1.0043E+01 (116,  3)
n=  2062   udiff=  7.6125E+00 (117,  3)   vdiff=  9.3982E+00 (116,  3)
n=  2063   udiff=  7.4280E+00 (117,  3)   vdiff=  8.7050E+00 (116,  3)
n=  2064   udiff=  7.1922E+00 (117,  3)   vdiff=  8.2546E+00 (118,  5)
n=  2065   udiff=  6.9074E+00 (117,  3)   vdiff=  8.2585E+00 (115,  3)
n=  2066   udiff=  6.5759E+00 (117,  3)   vdiff=  8.5761E+00 (114,  4)
n=  2067   udiff=  6.4755E+00 (116,  3)   vdiff=  8.9807E+00 (114,  4)
n=  2068   udiff=  6.6729E+00 (116,  3)   vdiff=  9.3265E+00 (114,  4)
n=  2069   udiff=  6.8239E+00 (116,  3)   vdiff=  9.6115E+00 (114,  4)
n=  2070   udiff=  6.9278E+00 (116,  3)   vdiff=  9.9711E+00 (118,  4)
n=  2071   udiff=  6.9842E+00 (116,  3)   vdiff=  1.0386E+01 (118,  4)
n=  2072   udiff=  6.9927E+00 (116,  3)   vdiff=  1.0726E+01 (118,  4)
n=  2073   udiff=  6.9537E+00 (116,  3)   vdiff=  1.0988E+01 (118,  4)
n=  2074   udiff=  6.8675E+00 (116,  3)   vdiff=  1.1171E+01 (118,  4)
n=  2075   udiff=  6.7351E+00 (116,  3)   vdiff=  1.1272E+01 (118,  4)
n=  2076   udiff=  6.5575E+00 (116,  3)   vdiff=  1.1292E+01 (118,  4)
n=  2077   udiff=  6.4850E+00 (117,  2)   vdiff=  1.1231E+01 (118,  4)
n=  2078   udiff=  6.5028E+00 (117,  2)   vdiff=  1.1088E+01 (118,  4)
n=  2079   udiff=  6.4743E+00 (117,  2)   vdiff=  1.0866E+01 (118,  4)
n=  2080   udiff=  6.3999E+00 (117,  2)   vdiff=  1.0565E+01 (118,  4)
n=  2081   udiff=  6.2808E+00 (117,  2)   vdiff=  1.0190E+01 (118,  4)
n=  2082   udiff=  6.1181E+00 (117,  2)   vdiff=  9.7409E+00 (118,  4)
n=  2083   udiff=  5.9136E+00 (117,  2)   vdiff=  9.2228E+00 (118,  4)
n=  2084   udiff=  5.9158E+00 (118,  4)   vdiff=  9.3071E+00 (114,  3)
n=  2085   udiff=  6.1765E+00 (118,  4)   vdiff=  9.4231E+00 (114,  3)
n=  2086   udiff=  6.3909E+00 (118,  4)   vdiff=  9.4821E+00 (114,  3)
n=  2087   udiff=  6.5579E+00 (118,  4)   vdiff=  9.4845E+00 (114,  3)
n=  2088   udiff=  6.6764E+00 (118,  4)   vdiff=  9.4308E+00 (114,  3)
n=  2089   udiff=  6.7461E+00 (118,  4)   vdiff=  9.3222E+00 (114,  3)
n=  2090   udiff=  6.7667E+00 (118,  4)   vdiff=  9.1600E+00 (114,  3)
n=  2091   udiff=  6.7383E+00 (118,  4)   vdiff=  8.9459E+00 (114,  3)
n=  2092   udiff=  6.6614E+00 (118,  4)   vdiff=  8.6820E+00 (114,  3)
n=  2093   udiff=  6.5367E+00 (118,  4)   vdiff=  8.3705E+00 (114,  3)
n=  2094   udiff=  6.3652E+00 (118,  4)   vdiff=  8.1019E+00 (117,  4)
n=  2095   udiff=  6.3654E+00 (117,  3)   vdiff=  8.0683E+00 (117,  4)
n=  2096   udiff=  6.3709E+00 (117,  3)   vdiff=  7.9737E+00 (117,  4)
n=  2097   udiff=  6.3264E+00 (117,  3)   vdiff=  7.8188E+00 (117,  4)
n=  2098   udiff=  6.2325E+00 (117,  3)   vdiff=  7.6145E+00 (118,  5)
n=  2099   udiff=  6.0902E+00 (117,  3)   vdiff=  7.7374E+00 (118,  5)
n=  2100   udiff=  5.9008E+00 (117,  3)   vdiff=  7.8069E+00 (118,  5)
n=  2101   udiff=  5.6660E+00 (117,  3)   vdiff=  7.8221E+00 (118,  5)
n=  2102   udiff=  5.3879E+00 (117,  3)   vdiff=  7.7828E+00 (118,  5)
n=  2103   udiff=  5.1750E+00 (118,  3)   vdiff=  7.7471E+00 (116,  4)
n=  2104   udiff=  5.3998E+00 (118,  3)   vdiff=  8.2868E+00 (116,  4)
n=  2105   udiff=  5.5822E+00 (118,  3)   vdiff=  8.7844E+00 (118,  4)
n=  2106   udiff=  5.7209E+00 (118,  3)   vdiff=  9.3452E+00 (118,  4)
n=  2107   udiff=  5.8147E+00 (118,  3)   vdiff=  9.8402E+00 (118,  4)
n=  2108   udiff=  5.8632E+00 (118,  3)   vdiff=  1.0266E+01 (118,  4)
n=  2109   udiff=  5.8659E+00 (118,  3)   vdiff=  1.0619E+01 (118,  4)
n=  2110   udiff=  5.8228E+00 (118,  3)   vdiff=  1.0896E+01 (118,  4)
n=  2111   udiff=  5.8968E+00 (117,  4)   vdiff=  1.1097E+01 (118,  4)
n=  2112   udiff=  5.9342E+00 (117,  4)   vdiff=  1.1218E+01 (118,  4)
n=  2113   udiff=  5.9289E+00 (117,  4)   vdiff=  1.1259E+01 (118,  4)
n=  2114   udiff=  5.8813E+00 (117,  4)   vdiff=  1.1219E+01 (118,  4)
n=  2115   udiff=  5.7917E+00 (117,  4)   vdiff=  1.1099E+01 (118,  4)
n=  2116   udiff=  5.6611E+00 (117,  4)   vdiff=  1.0899E+01 (118,  4)
n=  2117   udiff=  5.4905E+00 (117,  4)   vdiff=  1.0620E+01 (118,  4)
n=  2118   udiff=  5.2813E+00 (117,  4)   vdiff=  1.0264E+01 (118,  4)
n=  2119   udiff=  5.2259E+00 (118,  4)   vdiff=  9.8326E+00 (118,  4)
n=  2120   udiff=  5.5640E+00 (118,  4)   vdiff=  9.3295E+00 (118,  4)
n=  2121   udiff=  5.8611E+00 (118,  4)   vdiff=  8.7578E+00 (118,  4)
n=  2122   udiff=  6.1151E+00 (118,  4)   vdiff=  8.8237E+00 (118,  3)
n=  2123   udiff=  6.3239E+00 (118,  4)   vdiff=  8.9968E+00 (118,  3)
n=  2124   udiff=  6.4860E+00 (118,  4)   vdiff=  9.1048E+00 (118,  3)
n=  2125   udiff=  6.6002E+00 (118,  4)   vdiff=  9.1463E+00 (118,  3)
n=  2126   udiff=  6.6656E+00 (118,  4)   vdiff=  9.1208E+00 (118,  3)
n=  2127   udiff=  6.6817E+00 (118,  4)   vdiff=  9.0280E+00 (118,  3)
n=  2128   udiff=  6.6486E+00 (118,  4)   vdiff=  8.8682E+00 (118,  3)
n=  2129   udiff=  6.5664E+00 (118,  4)   vdiff=  8.6422E+00 (118,  3)
n=  2130   udiff=  6.4361E+00 (118,  4)   vdiff=  8.3716E+00 (117,  4)
n=  2131   udiff=  6.3187E+00 (117,  3)   vdiff=  8.3545E+00 (117,  4)
n=  2132   udiff=  6.3362E+00 (117,  3)   vdiff=  8.2757E+00 (117,  4)
n=  2133   udiff=  6.3077E+00 (117,  3)   vdiff=  8.1358E+00 (117,  4)
n=  2134   udiff=  6.2334E+00 (117,  3)   vdiff=  7.9359E+00 (117,  4)
n=  2135   udiff=  6.1140E+00 (117,  3)   vdiff=  7.7113E+00 (118,  5)
n=  2136   udiff=  5.9502E+00 (117,  3)   vdiff=  7.8644E+00 (118,  5)
n=  2137   udiff=  5.7433E+00 (117,  3)   vdiff=  7.9650E+00 (118,  5)
n=  2138   udiff=  5.4949E+00 (117,  3)   vdiff=  8.0131E+00 (118,  5)
n=  2139   udiff=  5.4928E+00 (118,  3)   vdiff=  8.0089E+00 (118,  5)
n=  2140   udiff=  5.7162E+00 (118,  3)   vdiff=  8.1048E+00 (116,  4)
n=  2141   udiff=  5.8975E+00 (118,  3)   vdiff=  8.5964E+00 (116,  4)
n=  2142   udiff=  6.0353E+00 (118,  3)   vdiff=  9.1231E+00 (118,  4)
n=  2143   udiff=  6.1288E+00 (118,  3)   vdiff=  9.7122E+00 (118,  4)
n=  2144   udiff=  6.1773E+00 (118,  3)   vdiff=  1.0234E+01 (118,  4)
n=  2145   udiff=  6.1807E+00 (118,  3)   vdiff=  1.0686E+01 (118,  4)
n=  2146   udiff=  6.1391E+00 (118,  3)   vdiff=  1.1065E+01 (118,  4)
n=  2147   udiff=  6.0530E+00 (118,  3)   vdiff=  1.1368E+01 (118,  4)
n=  2148   udiff=  5.9233E+00 (118,  3)   vdiff=  1.1595E+01 (118,  4)
n=  2149   udiff=  5.7509E+00 (118,  3)   vdiff=  1.1744E+01 (118,  4)
n=  2150   udiff=  5.5375E+00 (118,  3)   vdiff=  1.1814E+01 (118,  4)
n=  2151   udiff=  5.3765E+00 (117,  4)   vdiff=  1.1807E+01 (118,  4)
n=  2152   udiff=  5.2886E+00 (117,  4)   vdiff=  1.1722E+01 (118,  4)
n=  2153   udiff=  5.1618E+00 (117,  4)   vdiff=  1.1561E+01 (118,  4)
n=  2154   udiff=  4.9971E+00 (117,  4)   vdiff=  1.1326E+01 (118,  4)
n=  2155   udiff=  4.7958E+00 (117,  4)   vdiff=  1.1019E+01 (118,  4)
n=  2156   udiff=  4.8790E+00 (118,  4)   vdiff=  1.0644E+01 (118,  4)
n=  2157   udiff=  5.1734E+00 (118,  4)   vdiff=  1.0203E+01 (118,  4)
n=  2158   udiff=  5.4292E+00 (118,  4)   vdiff=  9.6996E+00 (118,  4)
n=  2159   udiff=  5.6450E+00 (118,  4)   vdiff=  9.7966E+00 (118,  3)
n=  2160   udiff=  5.8196E+00 (118,  4)   vdiff=  1.0001E+01 (118,  3)
n=  2161   udiff=  5.9520E+00 (118,  4)   vdiff=  1.0141E+01 (118,  3)
n=  2162   udiff=  6.0419E+00 (118,  4)   vdiff=  1.0217E+01 (118,  3)
n=  2163   udiff=  6.0888E+00 (118,  4)   vdiff=  1.0227E+01 (118,  3)
n=  2164   udiff=  6.0929E+00 (118,  4)   vdiff=  1.0173E+01 (118,  3)
n=  2165   udiff=  6.0545E+00 (118,  4)   vdiff=  1.0056E+01 (118,  3)
n=  2166   udiff=  5.9741E+00 (118,  4)   vdiff=  9.8768E+00 (118,  3)
n=  2167   udiff=  6.0281E+00 (117,  3)   vdiff=  9.6370E+00 (118,  3)
n=  2168   udiff=  6.0666E+00 (117,  3)   vdiff=  9.3390E+00 (118,  3)
n=  2169   udiff=  6.0595E+00 (117,  3)   vdiff=  9.1692E+00 (117,  4)
n=  2170   udiff=  6.0071E+00 (117,  3)   vdiff=  9.0861E+00 (117,  4)
n=  2171   udiff=  5.9099E+00 (117,  3)   vdiff=  8.9452E+00 (117,  4)
n=  2172   udiff=  5.7690E+00 (117,  3)   vdiff=  8.7475E+00 (117,  4)
n=  2173   udiff=  5.5856E+00 (117,  3)   vdiff=  8.4948E+00 (117,  4)
n=  2174   udiff=  5.3612E+00 (117,  3)   vdiff=  8.1889E+00 (117,  4)
n=  2175   udiff=  5.0977E+00 (117,  3)   vdiff=  8.0673E+00 (116,  4)
n=  2176   udiff=  5.1328E+00 (118,  3)   vdiff=  8.6943E+00 (116,  4)
n=  2177   udiff=  5.3411E+00 (118,  3)   vdiff=  9.2643E+00 (116,  4)
n=  2178   udiff=  5.5111E+00 (118,  3)   vdiff=  9.7734E+00 (116,  4)
n=  2179   udiff=  5.6420E+00 (118,  3)   vdiff=  1.0218E+01 (116,  4)
n=  2180   udiff=  5.7328E+00 (118,  3)   vdiff=  1.0596E+01 (116,  4)
n=  2181   udiff=  5.7831E+00 (118,  3)   vdiff=  1.0905E+01 (116,  4)
n=  2182   udiff=  5.7928E+00 (118,  3)   vdiff=  1.1143E+01 (116,  4)
n=  2183   udiff=  5.7620E+00 (118,  3)   vdiff=  1.1309E+01 (116,  4)
n=  2184   udiff=  5.6910E+00 (118,  3)   vdiff=  1.1402E+01 (116,  4)
n=  2185   udiff=  5.5804E+00 (118,  3)   vdiff=  1.1422E+01 (116,  4)
n=  2186   udiff=  5.4313E+00 (118,  3)   vdiff=  1.1370E+01 (116,  4)
n=  2187   udiff=  5.2446E+00 (118,  3)   vdiff=  1.1246E+01 (116,  4)
n=  2188   udiff=  5.1541E+00 (117,  2)   vdiff=  1.1052E+01 (116,  4)
n=  2189   udiff=  5.0438E+00 (117,  4)   vdiff=  1.0789E+01 (116,  4)
n=  2190   udiff=  4.9125E+00 (117,  4)   vdiff=  1.0460E+01 (116,  4)
n=  2191   udiff=  4.7473E+00 (117,  4)   vdiff=  1.0068E+01 (116,  4)
n=  2192   udiff=  4.5495E+00 (117,  4)   vdiff=  9.6159E+00 (116,  4)
n=  2193   udiff=  4.3208E+00 (117,  4)   vdiff=  9.4895E+00 (116,  3)
n=  2194   udiff=  4.4972E+00 (118,  4)   vdiff=  9.6959E+00 (116,  3)
n=  2195   udiff=  4.7404E+00 (118,  4)   vdiff=  9.8421E+00 (116,  3)
n=  2196   udiff=  4.9476E+00 (118,  4)   vdiff=  9.9274E+00 (116,  3)
n=  2197   udiff=  5.1173E+00 (118,  4)   vdiff=  9.9518E+00 (116,  3)
n=  2198   udiff=  5.2485E+00 (118,  4)   vdiff=  9.9154E+00 (116,  3)
n=  2199   udiff=  5.3402E+00 (118,  4)   vdiff=  9.8188E+00 (116,  3)
n=  2200   udiff=  5.3920E+00 (118,  4)   vdiff=  9.6632E+00 (116,  3)
n=  2201   udiff=  5.4036E+00 (118,  4)   vdiff=  9.4500E+00 (116,  3)
n=  2202   udiff=  5.5059E+00 (117,  3)   vdiff=  9.1809E+00 (116,  3)
n=  2203   udiff=  5.6137E+00 (117,  3)   vdiff=  8.8582E+00 (116,  3)
n=  2204   udiff=  5.6820E+00 (117,  3)   vdiff=  8.4844E+00 (116,  3)
n=  2205   udiff=  5.7105E+00 (117,  3)   vdiff=  8.0624E+00 (116,  3)
n=  2206   udiff=  5.6991E+00 (117,  3)   vdiff=  7.5953E+00 (116,  3)
n=  2207   udiff=  5.6482E+00 (117,  3)   vdiff=  7.0865E+00 (116,  3)
n=  2208   udiff=  5.5584E+00 (117,  3)   vdiff=  6.7189E+00 (115,  4)
n=  2209   udiff=  5.4306E+00 (117,  3)   vdiff=  6.5302E+00 (118,  5)
n=  2210   udiff=  5.2657E+00 (117,  3)   vdiff=  6.6502E+00 (118,  5)
n=  2211   udiff=  5.0652E+00 (117,  3)   vdiff=  6.7291E+00 (118,  5)
n=  2212   udiff=  4.8306E+00 (117,  3)   vdiff=  6.7667E+00 (118,  5)
n=  2213   udiff=  4.5789E+00 (118,  3)   vdiff=  6.7629E+00 (118,  5)
n=  2214   udiff=  4.7765E+00 (118,  3)   vdiff=  6.8252E+00 (114,  4)
n=  2215   udiff=  4.9382E+00 (118,  3)   vdiff=  7.1242E+00 (118,  4)
n=  2216   udiff=  5.0630E+00 (118,  3)   vdiff=  7.6467E+00 (118,  4)
n=  2217   udiff=  5.1503E+00 (118,  3)   vdiff=  8.1186E+00 (118,  4)
n=  2218   udiff=  5.1995E+00 (118,  3)   vdiff=  8.5367E+00 (118,  4)
n=  2219   udiff=  5.2106E+00 (118,  3)   vdiff=  8.8984E+00 (118,  4)
n=  2220   udiff=  5.1838E+00 (118,  3)   vdiff=  9.2013E+00 (118,  4)
n=  2221   udiff=  5.1566E+00 (117,  2)   vdiff=  9.4436E+00 (118,  4)
n=  2222   udiff=  5.1935E+00 (117,  2)   vdiff=  9.6240E+00 (118,  4)
n=  2223   udiff=  5.1951E+00 (117,  2)   vdiff=  9.7415E+00 (118,  4)
n=  2224   udiff=  5.1613E+00 (117,  2)   vdiff=  9.7957E+00 (118,  4)
n=  2225   udiff=  5.0925E+00 (117,  2)   vdiff=  9.7868E+00 (118,  4)
n=  2226   udiff=  4.9892E+00 (117,  2)   vdiff=  9.7152E+00 (118,  4)
n=  2227   udiff=  4.8523E+00 (117,  2)   vdiff=  9.5819E+00 (118,  4)
n=  2228   udiff=  4.6827E+00 (117,  2)   vdiff=  9.3883E+00 (118,  4)
n=  2229   udiff=  4.4817E+00 (117,  2)   vdiff=  9.1362E+00 (118,  4)
n=  2230   udiff=  4.2508E+00 (117,  2)   vdiff=  8.8280E+00 (118,  4)
n=  2231   udiff=  4.1878E+00 (118,  2)   vdiff=  8.4661E+00 (118,  4)
n=  2232   udiff=  4.3962E+00 (118,  2)   vdiff=  8.0536E+00 (118,  4)
n=  2233   udiff=  4.5735E+00 (118,  2)   vdiff=  8.2647E+00 (118,  3)
n=  2234   udiff=  4.7186E+00 (118,  2)   vdiff=  8.4317E+00 (118,  3)
n=  2235   udiff=  4.8306E+00 (118,  2)   vdiff=  8.5457E+00 (118,  3)
n=  2236   udiff=  4.9090E+00 (118,  2)   vdiff=  8.6060E+00 (118,  3)
n=  2237   udiff=  4.9533E+00 (118,  2)   vdiff=  8.6126E+00 (118,  3)
n=  2238   udiff=  4.9633E+00 (118,  2)   vdiff=  8.5658E+00 (118,  3)
n=  2239   udiff=  4.9393E+00 (118,  2)   vdiff=  8.4662E+00 (118,  3)
n=  2240   udiff=  4.8871E+00 (117,  3)   vdiff=  8.3148E+00 (118,  3)
n=  2241   udiff=  4.9530E+00 (117,  3)   vdiff=  8.1130E+00 (118,  3)
n=  2242   udiff=  4.9815E+00 (117,  3)   vdiff=  7.8625E+00 (118,  3)
n=  2243   udiff=  4.9727E+00 (117,  3)   vdiff=  7.6342E+00 (117,  4)
n=  2244   udiff=  4.9268E+00 (117,  3)   vdiff=  7.5831E+00 (117,  4)
n=  2245   udiff=  4.8444E+00 (117,  3)   vdiff=  7.4840E+00 (117,  4)
n=  2246   udiff=  4.7262E+00 (117,  3)   vdiff=  7.3378E+00 (117,  4)
n=  2247   udiff=  4.5733E+00 (117,  3)   vdiff=  7.1457E+00 (117,  4)
n=  2248   udiff=  4.3870E+00 (117,  3)   vdiff=  6.9093E+00 (117,  4)
n=  2249   udiff=  4.1690E+00 (117,  3)   vdiff=  6.6303E+00 (117,  4)
n=  2250   udiff=  4.1882E+00 (118,  3)   vdiff=  6.6258E+00 (116,  4)
n=  2251   udiff=  4.3694E+00 (118,  3)   vdiff=  7.1024E+00 (116,  4)
n=  2252   udiff=  4.5192E+00 (118,  3)   vdiff=  7.5302E+00 (116,  4)
n=  2253   udiff=  4.6367E+00 (118,  3)   vdiff=  7.9063E+00 (116,  4)
n=  2254   udiff=  4.7213E+00 (118,  3)   vdiff=  8.2283E+00 (116,  4)
n=  2255   udiff=  4.7725E+00 (118,  3)   vdiff=  8.4941E+00 (116,  4)
n=  2256   udiff=  4.7901E+00 (118,  3)   vdiff=  8.7020E+00 (116,  4)
n=  2257   udiff=  4.7742E+00 (118,  3)   vdiff=  8.8510E+00 (116,  4)
n=  2258   udiff=  4.7250E+00 (118,  3)   vdiff=  8.9402E+00 (116,  4)
n=  2259   udiff=  4.6430E+00 (118,  3)   vdiff=  8.9694E+00 (116,  4)
n=  2260   udiff=  4.5415E+00 (117,  2)   vdiff=  8.9387E+00 (116,  4)
n=  2261   udiff=  4.5122E+00 (117,  2)   vdiff=  8.8487E+00 (116,  4)
n=  2262   udiff=  4.4497E+00 (117,  2)   vdiff=  8.7005E+00 (116,  4)
n=  2263   udiff=  4.3546E+00 (117,  2)   vdiff=  8.4953E+00 (116,  4)
n=  2264   udiff=  4.2280E+00 (117,  2)   vdiff=  8.2351E+00 (116,  4)
n=  2265   udiff=  4.0709E+00 (117,  2)   vdiff=  7.9220E+00 (116,  4)
n=  2266   udiff=  3.8849E+00 (117,  2)   vdiff=  7.5586E+00 (116,  4)
n=  2267   udiff=  3.6715E+00 (117,  2)   vdiff=  7.3642E+00 (116,  3)
n=  2268   udiff=  3.6983E+00 (118,  4)   vdiff=  7.5568E+00 (116,  3)
n=  2269   udiff=  3.8958E+00 (118,  4)   vdiff=  7.6994E+00 (116,  3)
n=  2270   udiff=  4.0642E+00 (118,  4)   vdiff=  7.7911E+00 (116,  3)
n=  2271   udiff=  4.2023E+00 (118,  4)   vdiff=  7.8317E+00 (116,  3)
n=  2272   udiff=  4.3092E+00 (118,  4)   vdiff=  7.8211E+00 (116,  3)
n=  2273   udiff=  4.3841E+00 (118,  4)   vdiff=  7.7599E+00 (116,  3)
n=  2274   udiff=  4.4267E+00 (118,  4)   vdiff=  7.6487E+00 (116,  3)
n=  2275   udiff=  4.4367E+00 (118,  4)   vdiff=  7.4886E+00 (116,  3)
n=  2276   udiff=  4.4469E+00 (117,  3)   vdiff=  7.2811E+00 (116,  3)
n=  2277   udiff=  4.5252E+00 (117,  3)   vdiff=  7.0280E+00 (116,  3)
n=  2278   udiff=  4.5704E+00 (117,  3)   vdiff=  6.7312E+00 (116,  3)
n=  2279   udiff=  4.5824E+00 (117,  3)   vdiff=  6.3932E+00 (116,  3)
n=  2280   udiff=  4.5611E+00 (117,  3)   vdiff=  6.1977E+00 (115,  4)
n=  2281   udiff=  4.5070E+00 (117,  3)   vdiff=  6.0426E+00 (115,  4)
n=  2282   udiff=  4.4204E+00 (117,  3)   vdiff=  5.8501E+00 (115,  4)
n=  2283   udiff=  4.3022E+00 (117,  3)   vdiff=  5.7478E+00 (119,  4)
n=  2284   udiff=  4.1534E+00 (117,  3)   vdiff=  5.7644E+00 (119,  4)
n=  2285   udiff=  3.9749E+00 (117,  3)   vdiff=  5.7498E+00 (119,  4)
n=  2286   udiff=  3.7683E+00 (117,  3)   vdiff=  5.7043E+00 (119,  4)
n=  2287   udiff=  3.7798E+00 (116,  3)   vdiff=  5.8236E+00 (114,  4)
n=  2288   udiff=  3.9092E+00 (116,  3)   vdiff=  6.0841E+00 (114,  4)
n=  2289   udiff=  4.0110E+00 (116,  3)   vdiff=  6.3057E+00 (114,  4)
n=  2290   udiff=  4.0846E+00 (116,  3)   vdiff=  6.4870E+00 (114,  4)
n=  2291   udiff=  4.1416E+00 (118,  3)   vdiff=  6.6444E+00 (118,  4)
n=  2292   udiff=  4.1860E+00 (118,  3)   vdiff=  7.0240E+00 (118,  4)
n=  2293   udiff=  4.1989E+00 (118,  3)   vdiff=  7.3586E+00 (118,  4)
n=  2294   udiff=  4.1802E+00 (118,  3)   vdiff=  7.6463E+00 (118,  4)
n=  2295   udiff=  4.1303E+00 (118,  3)   vdiff=  7.8851E+00 (118,  4)
n=  2296   udiff=  4.0553E+00 (117,  2)   vdiff=  8.0740E+00 (118,  4)
n=  2297   udiff=  4.0500E+00 (117,  2)   vdiff=  8.2117E+00 (118,  4)
n=  2298   udiff=  4.0148E+00 (117,  2)   vdiff=  8.2980E+00 (118,  4)
n=  2299   udiff=  3.9501E+00 (117,  2)   vdiff=  8.3324E+00 (118,  4)
n=  2300   udiff=  3.8563E+00 (117,  2)   vdiff=  8.3154E+00 (118,  4)
n=  2301   udiff=  3.7341E+00 (117,  2)   vdiff=  8.2473E+00 (118,  4)
n=  2302   udiff=  3.5846E+00 (117,  2)   vdiff=  8.1292E+00 (118,  4)
n=  2303   udiff=  3.4478E+00 (119,  2)   vdiff=  7.9624E+00 (118,  4)
n=  2304   udiff=  3.3254E+00 (119,  2)   vdiff=  7.7484E+00 (118,  4)
n=  2305   udiff=  3.4772E+00 (118,  4)   vdiff=  7.4892E+00 (118,  4)
n=  2306   udiff=  3.6558E+00 (118,  4)   vdiff=  7.1870E+00 (118,  4)
n=  2307   udiff=  3.8083E+00 (118,  4)   vdiff=  7.0972E+00 (118,  3)
n=  2308   udiff=  3.9338E+00 (118,  4)   vdiff=  7.2789E+00 (118,  3)
n=  2309   udiff=  4.0316E+00 (118,  4)   vdiff=  7.4169E+00 (118,  3)
n=  2310   udiff=  4.1013E+00 (118,  4)   vdiff=  7.5105E+00 (118,  3)
n=  2311   udiff=  4.1426E+00 (118,  4)   vdiff=  7.5594E+00 (118,  3)
n=  2312   udiff=  4.2335E+00 (117,  3)   vdiff=  7.5636E+00 (118,  3)
n=  2313   udiff=  4.3450E+00 (117,  3)   vdiff=  7.5235E+00 (118,  3)
n=  2314   udiff=  4.4256E+00 (117,  3)   vdiff=  7.4397E+00 (118,  3)
n=  2315   udiff=  4.4748E+00 (117,  3)   vdiff=  7.3131E+00 (118,  3)
n=  2316   udiff=  4.4924E+00 (117,  3)   vdiff=  7.1450E+00 (118,  3)
n=  2317   udiff=  4.4784E+00 (117,  3)   vdiff=  7.0436E+00 (117,  4)
n=  2318   udiff=  4.4331E+00 (117,  3)   vdiff=  7.0056E+00 (117,  4)
n=  2319   udiff=  4.3568E+00 (117,  3)   vdiff=  6.9263E+00 (117,  4)
n=  2320   udiff=  4.2502E+00 (117,  3)   vdiff=  6.8064E+00 (117,  4)
n=  2321   udiff=  4.1144E+00 (117,  3)   vdiff=  6.6466E+00 (117,  4)
n=  2322   udiff=  3.9503E+00 (117,  3)   vdiff=  6.4484E+00 (117,  4)
n=  2323   udiff=  3.7594E+00 (117,  3)   vdiff=  6.2130E+00 (117,  4)
n=  2324   udiff=  3.6839E+00 (118,  3)   vdiff=  6.3357E+00 (116,  4)
n=  2325   udiff=  3.8443E+00 (118,  3)   vdiff=  6.7666E+00 (116,  4)
n=  2326   udiff=  3.9789E+00 (118,  3)   vdiff=  7.1553E+00 (116,  4)
n=  2327   udiff=  4.0868E+00 (118,  3)   vdiff=  7.4993E+00 (116,  4)
n=  2328   udiff=  4.1676E+00 (118,  3)   vdiff=  7.7964E+00 (116,  4)
n=  2329   udiff=  4.2208E+00 (118,  3)   vdiff=  8.0449E+00 (116,  4)
n=  2330   udiff=  4.2463E+00 (118,  3)   vdiff=  8.2431E+00 (116,  4)
n=  2331   udiff=  4.2440E+00 (118,  3)   vdiff=  8.3900E+00 (116,  4)
n=  2332   udiff=  4.2141E+00 (118,  3)   vdiff=  8.4848E+00 (116,  4)
n=  2333   udiff=  4.1760E+00 (117,  2)   vdiff=  8.5272E+00 (116,  4)
n=  2334   udiff=  4.1720E+00 (117,  2)   vdiff=  8.5171E+00 (116,  4)
n=  2335   udiff=  4.1392E+00 (117,  2)   vdiff=  8.4549E+00 (116,  4)
n=  2336   udiff=  4.0782E+00 (117,  2)   vdiff=  8.3413E+00 (116,  4)
n=  2337   udiff=  3.9894E+00 (117,  2)   vdiff=  8.1775E+00 (116,  4)
n=  2338   udiff=  3.8738E+00 (117,  2)   vdiff=  7.9649E+00 (116,  4)
n=  2339   udiff=  3.7323E+00 (117,  2)   vdiff=  7.7051E+00 (116,  4)
n=  2340   udiff=  3.5660E+00 (117,  2)   vdiff=  7.4002E+00 (116,  4)
n=  2341   udiff=  3.3764E+00 (117,  2)   vdiff=  7.1496E+00 (116,  3)
n=  2342   udiff=  3.2230E+00 (116,  4)   vdiff=  7.3270E+00 (116,  3)
n=  2343   udiff=  3.3570E+00 (116,  4)   vdiff=  7.4604E+00 (116,  3)
n=  2344   udiff=  3.5011E+00 (118,  2)   vdiff=  7.5490E+00 (116,  3)
n=  2345   udiff=  3.6437E+00 (118,  2)   vdiff=  7.5926E+00 (116,  3)
n=  2346   udiff=  3.7617E+00 (118,  2)   vdiff=  7.5910E+00 (116,  3)
n=  2347   udiff=  3.8545E+00 (118,  2)   vdiff=  7.5445E+00 (116,  3)
n=  2348   udiff=  3.9216E+00 (118,  2)   vdiff=  7.4538E+00 (116,  3)
n=  2349   udiff=  3.9626E+00 (118,  2)   vdiff=  7.3195E+00 (116,  3)
n=  2350   udiff=  3.9775E+00 (118,  2)   vdiff=  7.1429E+00 (116,  3)
n=  2351   udiff=  3.9664E+00 (118,  2)   vdiff=  6.9255E+00 (116,  3)
n=  2352   udiff=  3.9294E+00 (118,  2)   vdiff=  6.6688E+00 (116,  3)
n=  2353   udiff=  3.9103E+00 (117,  3)   vdiff=  6.3748E+00 (116,  3)
n=  2354   udiff=  3.9078E+00 (117,  3)   vdiff=  6.1055E+00 (115,  4)
n=  2355   udiff=  3.8779E+00 (117,  3)   vdiff=  5.9827E+00 (115,  4)
n=  2356   udiff=  3.8212E+00 (117,  3)   vdiff=  5.8247E+00 (115,  4)
n=  2357   udiff=  3.7382E+00 (117,  3)   vdiff=  5.6326E+00 (115,  4)
n=  2358   udiff=  3.6297E+00 (117,  3)   vdiff=  5.4077E+00 (115,  4)
n=  2359   udiff=  3.4966E+00 (117,  3)   vdiff=  5.5059E+00 (115,  3)
n=  2360   udiff=  3.3400E+00 (117,  3)   vdiff=  5.5754E+00 (115,  3)
n=  2361   udiff=  3.4801E+00 (116,  3)   vdiff=  5.6131E+00 (115,  3)
n=  2362   udiff=  3.6048E+00 (116,  3)   vdiff=  5.7906E+00 (114,  4)
n=  2363   udiff=  3.7060E+00 (116,  3)   vdiff=  6.0210E+00 (114,  4)
n=  2364   udiff=  3.7830E+00 (116,  3)   vdiff=  6.2156E+00 (114,  4)
n=  2365   udiff=  3.8354E+00 (116,  3)   vdiff=  6.3730E+00 (114,  4)
n=  2366   udiff=  3.8628E+00 (116,  3)   vdiff=  6.4924E+00 (114,  4)
n=  2367   udiff=  3.8651E+00 (116,  3)   vdiff=  6.5730E+00 (114,  4)
n=  2368   udiff=  3.8423E+00 (116,  3)   vdiff=  6.6143E+00 (114,  4)
n=  2369   udiff=  3.7945E+00 (116,  3)   vdiff=  6.6162E+00 (114,  4)
n=  2370   udiff=  3.7222E+00 (116,  3)   vdiff=  6.5788E+00 (114,  4)
n=  2371   udiff=  3.6258E+00 (116,  3)   vdiff=  6.5024E+00 (114,  4)
n=  2372   udiff=  3.5982E+00 (117,  2)   vdiff=  6.3876E+00 (114,  4)
n=  2373   udiff=  3.5663E+00 (117,  2)   vdiff=  6.2354E+00 (114,  4)
n=  2374   udiff=  3.5100E+00 (117,  2)   vdiff=  6.0987E+00 (116,  4)
n=  2375   udiff=  3.4299E+00 (117,  2)   vdiff=  5.9703E+00 (116,  4)
n=  2376   udiff=  3.3267E+00 (117,  2)   vdiff=  5.7977E+00 (116,  4)
n=  2377   udiff=  3.2012E+00 (117,  2)   vdiff=  5.7901E+00 (114,  3)
n=  2378   udiff=  3.0545E+00 (117,  2)   vdiff=  5.8885E+00 (114,  3)
n=  2379   udiff=  3.0770E+00 (116,  2)   vdiff=  5.9526E+00 (114,  3)
n=  2380   udiff=  3.2240E+00 (116,  2)   vdiff=  5.9823E+00 (114,  3)
n=  2381   udiff=  3.3491E+00 (116,  2)   vdiff=  5.9773E+00 (114,  3)
n=  2382   udiff=  3.4516E+00 (116,  2)   vdiff=  5.9377E+00 (114,  3)
n=  2383   udiff=  3.5308E+00 (116,  2)   vdiff=  5.8640E+00 (114,  3)
n=  2384   udiff=  3.5862E+00 (116,  2)   vdiff=  5.7567E+00 (114,  3)
n=  2385   udiff=  3.6175E+00 (116,  2)   vdiff=  5.6166E+00 (114,  3)
n=  2386   udiff=  3.6245E+00 (116,  2)   vdiff=  5.4446E+00 (114,  3)
n=  2387   udiff=  3.6073E+00 (116,  2)   vdiff=  5.2421E+00 (114,  3)
n=  2388   udiff=  3.5661E+00 (116,  2)   vdiff=  5.0104E+00 (114,  3)
n=  2389   udiff=  3.5013E+00 (116,  2)   vdiff=  4.7828E+00 (116,  3)
n=  2390   udiff=  3.4851E+00 (117,  3)   vdiff=  4.7036E+00 (117,  4)
n=  2391   udiff=  3.4928E+00 (117,  3)   vdiff=  4.7272E+00 (117,  4)
n=  2392   udiff=  3.4752E+00 (117,  3)   vdiff=  4.7176E+00 (117,  4)
n=  2393   udiff=  3.4325E+00 (117,  3)   vdiff=  4.6748E+00 (117,  4)
n=  2394   udiff=  3.3651E+00 (117,  3)   vdiff=  4.5992E+00 (117,  4)
n=  2395   udiff=  3.2736E+00 (117,  3)   vdiff=  4.4913E+00 (117,  4)
n=  2396   udiff=  3.1587E+00 (117,  3)   vdiff=  4.3521E+00 (117,  4)
n=  2397   udiff=  3.0214E+00 (117,  3)   vdiff=  4.1885E+00 (113,  3)
n=  2398   udiff=  2.8627E+00 (117,  3)   vdiff=  4.1708E+00 (113,  3)
n=  2399   udiff=  2.9410E+00 (116,  3)   vdiff=  4.2322E+00 (116,  4)
n=  2400   udiff=  3.0552E+00 (116,  3)   vdiff=  4.5915E+00 (116,  4)
n=  2401   udiff=  3.1468E+00 (116,  3)   vdiff=  4.9175E+00 (116,  4)
n=  2402   udiff=  3.2153E+00 (116,  3)   vdiff=  5.2079E+00 (116,  4)
n=  2403   udiff=  3.2603E+00 (116,  3)   vdiff=  5.4608E+00 (116,  4)
n=  2404   udiff=  3.2818E+00 (116,  3)   vdiff=  5.6746E+00 (116,  4)
n=  2405   udiff=  3.2797E+00 (116,  3)   vdiff=  5.8480E+00 (116,  4)
n=  2406   udiff=  3.2543E+00 (116,  3)   vdiff=  5.9798E+00 (116,  4)
n=  2407   udiff=  3.2058E+00 (116,  3)   vdiff=  6.0694E+00 (116,  4)
n=  2408   udiff=  3.1376E+00 (118,  3)   vdiff=  6.1163E+00 (116,  4)
n=  2409   udiff=  3.0853E+00 (117,  2)   vdiff=  6.1205E+00 (116,  4)
n=  2410   udiff=  3.0590E+00 (117,  2)   vdiff=  6.0820E+00 (116,  4)
n=  2411   udiff=  3.0101E+00 (117,  2)   vdiff=  6.0014E+00 (116,  4)
n=  2412   udiff=  2.9390E+00 (117,  2)   vdiff=  5.8796E+00 (116,  4)
n=  2413   udiff=  2.8465E+00 (117,  2)   vdiff=  5.7174E+00 (116,  4)
n=  2414   udiff=  2.7333E+00 (117,  2)   vdiff=  5.5164E+00 (116,  4)
n=  2415   udiff=  2.6003E+00 (117,  2)   vdiff=  5.2781E+00 (116,  4)
n=  2416   udiff=  2.4574E+00 (117,  4)   vdiff=  5.0043E+00 (116,  4)
n=  2417   udiff=  2.5909E+00 (116,  2)   vdiff=  5.0473E+00 (116,  3)
n=  2418   udiff=  2.7203E+00 (116,  2)   vdiff=  5.1653E+00 (116,  3)
n=  2419   udiff=  2.8296E+00 (116,  2)   vdiff=  5.2471E+00 (116,  3)
n=  2420   udiff=  2.9184E+00 (116,  2)   vdiff=  5.2925E+00 (116,  3)
n=  2421   udiff=  2.9861E+00 (116,  2)   vdiff=  5.3011E+00 (116,  3)
n=  2422   udiff=  3.0324E+00 (116,  2)   vdiff=  5.2733E+00 (116,  3)
n=  2423   udiff=  3.0572E+00 (116,  2)   vdiff=  5.2094E+00 (116,  3)
n=  2424   udiff=  3.1184E+00 (117,  3)   vdiff=  5.1099E+00 (116,  3)
n=  2425   udiff=  3.1980E+00 (117,  3)   vdiff=  4.9759E+00 (116,  3)
n=  2426   udiff=  3.2549E+00 (117,  3)   vdiff=  4.8084E+00 (116,  3)
n=  2427   udiff=  3.2889E+00 (117,  3)   vdiff=  4.6087E+00 (116,  3)
n=  2428   udiff=  3.2999E+00 (117,  3)   vdiff=  4.4296E+00 (115,  4)
n=  2429   udiff=  3.2879E+00 (117,  3)   vdiff=  4.3827E+00 (115,  4)
n=  2430   udiff=  3.2531E+00 (117,  3)   vdiff=  4.3222E+00 (117,  4)
n=  2431   udiff=  3.1958E+00 (117,  3)   vdiff=  4.2513E+00 (117,  4)
n=  2432   udiff=  3.1166E+00 (117,  3)   vdiff=  4.1498E+00 (117,  4)
n=  2433   udiff=  3.0161E+00 (117,  3)   vdiff=  4.0185E+00 (117,  4)
n=  2434   udiff=  2.8950E+00 (117,  3)   vdiff=  3.8585E+00 (117,  4)
n=  2435   udiff=  2.7544E+00 (117,  3)   vdiff=  3.8296E+00 (115,  3)
n=  2436   udiff=  2.6858E+00 (116,  3)   vdiff=  3.8856E+00 (115,  3)
n=  2437   udiff=  2.7987E+00 (116,  3)   vdiff=  3.9410E+00 (116,  4)
n=  2438   udiff=  2.8917E+00 (116,  3)   vdiff=  4.2545E+00 (116,  4)
n=  2439   udiff=  2.9641E+00 (116,  3)   vdiff=  4.5361E+00 (116,  4)
n=  2440   udiff=  3.0153E+00 (116,  3)   vdiff=  4.7839E+00 (116,  4)
n=  2441   udiff=  3.0452E+00 (116,  3)   vdiff=  4.9963E+00 (116,  4)
n=  2442   udiff=  3.0535E+00 (116,  3)   vdiff=  5.1718E+00 (116,  4)
n=  2443   udiff=  3.0401E+00 (116,  3)   vdiff=  5.3092E+00 (116,  4)
n=  2444   udiff=  3.0053E+00 (116,  3)   vdiff=  5.4077E+00 (116,  4)
n=  2445   udiff=  3.0013E+00 (117,  2)   vdiff=  5.4666E+00 (116,  4)
n=  2446   udiff=  3.0025E+00 (117,  2)   vdiff=  5.4856E+00 (116,  4)
n=  2447   udiff=  2.9831E+00 (117,  2)   vdiff=  5.4645E+00 (116,  4)
n=  2448   udiff=  2.9432E+00 (117,  2)   vdiff=  5.4035E+00 (116,  4)
n=  2449   udiff=  2.8833E+00 (117,  2)   vdiff=  5.3032E+00 (116,  4)
n=  2450   udiff=  2.8038E+00 (117,  2)   vdiff=  5.2024E+00 (118,  4)
n=  2451   udiff=  2.7054E+00 (117,  2)   vdiff=  5.1136E+00 (118,  4)
n=  2452   udiff=  2.5887E+00 (117,  2)   vdiff=  4.9914E+00 (118,  4)
n=  2453   udiff=  2.4547E+00 (117,  2)   vdiff=  4.8370E+00 (118,  4)
n=  2454   udiff=  2.3270E+00 (116,  4)   vdiff=  4.6515E+00 (118,  4)
n=  2455   udiff=  2.4528E+00 (116,  4)   vdiff=  4.4475E+00 (116,  3)
n=  2456   udiff=  2.5610E+00 (116,  4)   vdiff=  4.5309E+00 (116,  3)
n=  2457   udiff=  2.6511E+00 (116,  4)   vdiff=  4.5799E+00 (116,  3)
n=  2458   udiff=  2.7223E+00 (116,  4)   vdiff=  4.5941E+00 (116,  3)
n=  2459   udiff=  2.7743E+00 (116,  4)   vdiff=  4.6151E+00 (118,  3)
n=  2460   udiff=  2.8067E+00 (116,  4)   vdiff=  4.6278E+00 (118,  3)
n=  2461   udiff=  2.8195E+00 (116,  4)   vdiff=  4.6106E+00 (118,  3)
n=  2462   udiff=  2.8747E+00 (117,  3)   vdiff=  4.5636E+00 (118,  3)
n=  2463   udiff=  2.9352E+00 (117,  3)   vdiff=  4.4874E+00 (118,  3)
n=  2464   udiff=  2.9742E+00 (117,  3)   vdiff=  4.4132E+00 (117,  4)
n=  2465   udiff=  2.9913E+00 (117,  3)   vdiff=  4.4571E+00 (117,  4)
n=  2466   udiff=  2.9866E+00 (117,  3)   vdiff=  4.4713E+00 (117,  4)
n=  2467   udiff=  2.9601E+00 (117,  3)   vdiff=  4.4557E+00 (117,  4)
n=  2468   udiff=  2.9120E+00 (117,  3)   vdiff=  4.4105E+00 (117,  4)
n=  2469   udiff=  2.8428E+00 (117,  3)   vdiff=  4.3362E+00 (117,  4)
n=  2470   udiff=  2.7530E+00 (117,  3)   vdiff=  4.2332E+00 (117,  4)
n=  2471   udiff=  2.6433E+00 (117,  3)   vdiff=  4.1025E+00 (117,  4)
n=  2472   udiff=  2.5146E+00 (117,  3)   vdiff=  3.9449E+00 (117,  4)
n=  2473   udiff=  2.5374E+00 (116,  3)   vdiff=  3.8304E+00 (116,  5)
n=  2474   udiff=  2.6508E+00 (116,  3)   vdiff=  4.0928E+00 (116,  4)
n=  2475   udiff=  2.7453E+00 (116,  3)   vdiff=  4.4091E+00 (116,  4)
n=  2476   udiff=  2.8203E+00 (116,  3)   vdiff=  4.6954E+00 (116,  4)
n=  2477   udiff=  2.8754E+00 (116,  3)   vdiff=  4.9497E+00 (116,  4)
n=  2478   udiff=  2.9102E+00 (116,  3)   vdiff=  5.1705E+00 (116,  4)
n=  2479   udiff=  2.9247E+00 (116,  3)   vdiff=  5.3563E+00 (116,  4)
n=  2480   udiff=  2.9189E+00 (116,  3)   vdiff=  5.5059E+00 (116,  4)
n=  2481   udiff=  2.8929E+00 (116,  3)   vdiff=  5.6185E+00 (116,  4)
n=  2482   udiff=  2.8469E+00 (116,  3)   vdiff=  5.6933E+00 (116,  4)
n=  2483   udiff=  2.7815E+00 (116,  3)   vdiff=  5.7302E+00 (116,  4)
n=  2484   udiff=  2.6972E+00 (116,  3)   vdiff=  5.7288E+00 (116,  4)
n=  2485   udiff=  2.5946E+00 (116,  3)   vdiff=  5.6896E+00 (116,  4)
n=  2486   udiff=  2.5172E+00 (117,  2)   vdiff=  5.6128E+00 (116,  4)
n=  2487   udiff=  2.4655E+00 (117,  4)   vdiff=  5.4992E+00 (116,  4)
n=  2488   udiff=  2.4075E+00 (117,  4)   vdiff=  5.3497E+00 (116,  4)
n=  2489   udiff=  2.3332E+00 (117,  4)   vdiff=  5.1656E+00 (116,  4)
n=  2490   udiff=  2.2433E+00 (117,  4)   vdiff=  4.9482E+00 (116,  4)
n=  2491   udiff=  2.3313E+00 (116,  2)   vdiff=  4.7323E+00 (116,  3)
n=  2492   udiff=  2.4445E+00 (116,  2)   vdiff=  4.8522E+00 (116,  3)
n=  2493   udiff=  2.5407E+00 (116,  2)   vdiff=  4.9397E+00 (116,  3)
n=  2494   udiff=  2.6195E+00 (116,  2)   vdiff=  4.9945E+00 (116,  3)
n=  2495   udiff=  2.6802E+00 (116,  2)   vdiff=  5.0164E+00 (116,  3)
n=  2496   udiff=  2.7226E+00 (116,  2)   vdiff=  5.0052E+00 (116,  3)
n=  2497   udiff=  2.7463E+00 (116,  2)   vdiff=  4.9612E+00 (116,  3)
n=  2498   udiff=  2.7513E+00 (116,  2)   vdiff=  4.8848E+00 (116,  3)
n=  2499   udiff=  2.8125E+00 (117,  3)   vdiff=  4.7767E+00 (116,  3)
n=  2500   udiff=  2.8723E+00 (117,  3)   vdiff=  4.6377E+00 (116,  3)
n=  2501   udiff=  2.9120E+00 (117,  3)   vdiff=  4.4689E+00 (116,  3)
n=  2502   udiff=  2.9315E+00 (117,  3)   vdiff=  4.4268E+00 (115,  4)
n=  2503   udiff=  2.9307E+00 (117,  3)   vdiff=  4.4185E+00 (115,  4)
n=  2504   udiff=  2.9096E+00 (117,  3)   vdiff=  4.3823E+00 (115,  4)
n=  2505   udiff=  2.8685E+00 (117,  3)   vdiff=  4.3184E+00 (115,  4)
n=  2506   udiff=  2.8078E+00 (117,  3)   vdiff=  4.2272E+00 (115,  4)
n=  2507   udiff=  2.7280E+00 (117,  3)   vdiff=  4.1095E+00 (115,  4)
n=  2508   udiff=  2.6296E+00 (117,  3)   vdiff=  3.9662E+00 (115,  4)
n=  2509   udiff=  2.5134E+00 (117,  3)   vdiff=  3.8131E+00 (115,  3)
n=  2510   udiff=  2.3802E+00 (117,  3)   vdiff=  3.8801E+00 (115,  3)
n=  2511   udiff=  2.3638E+00 (116,  3)   vdiff=  3.9227E+00 (115,  3)
n=  2512   udiff=  2.4644E+00 (116,  3)   vdiff=  3.9407E+00 (115,  3)
n=  2513   udiff=  2.5474E+00 (116,  3)   vdiff=  3.9340E+00 (115,  3)
n=  2514   udiff=  2.6125E+00 (116,  3)   vdiff=  3.9436E+00 (116,  4)
n=  2515   udiff=  2.6591E+00 (116,  3)   vdiff=  4.1716E+00 (116,  4)
n=  2516   udiff=  2.6869E+00 (116,  3)   vdiff=  4.3679E+00 (116,  4)
n=  2517   udiff=  2.6959E+00 (116,  3)   vdiff=  4.5313E+00 (116,  4)
n=  2518   udiff=  2.6860E+00 (116,  3)   vdiff=  4.6606E+00 (116,  4)
n=  2519   udiff=  2.6573E+00 (116,  3)   vdiff=  4.7550E+00 (116,  4)
n=  2520   udiff=  2.6100E+00 (116,  3)   vdiff=  4.8282E+00 (118,  4)
n=  2521   udiff=  2.5808E+00 (117,  2)   vdiff=  4.8993E+00 (118,  4)
n=  2522   udiff=  2.5457E+00 (117,  2)   vdiff=  4.9395E+00 (118,  4)
n=  2523   udiff=  2.4926E+00 (117,  2)   vdiff=  4.9485E+00 (118,  4)
n=  2524   udiff=  2.4221E+00 (117,  2)   vdiff=  4.9264E+00 (118,  4)
n=  2525   udiff=  2.3346E+00 (117,  2)   vdiff=  4.8735E+00 (118,  4)
n=  2526   udiff=  2.2308E+00 (117,  2)   vdiff=  4.7904E+00 (118,  4)
n=  2527   udiff=  2.1113E+00 (117,  2)   vdiff=  4.6777E+00 (118,  4)
n=  2528   udiff=  2.0295E+00 (116,  2)   vdiff=  4.5364E+00 (118,  4)
n=  2529   udiff=  2.1467E+00 (116,  2)   vdiff=  4.3676E+00 (118,  4)
n=  2530   udiff=  2.2481E+00 (116,  2)   vdiff=  4.1730E+00 (118,  3)
n=  2531   udiff=  2.3328E+00 (116,  2)   vdiff=  4.2824E+00 (118,  3)
n=  2532   udiff=  2.4003E+00 (116,  2)   vdiff=  4.3653E+00 (118,  3)
n=  2533   udiff=  2.4501E+00 (116,  2)   vdiff=  4.4215E+00 (118,  3)
n=  2534   udiff=  2.4820E+00 (116,  2)   vdiff=  4.4504E+00 (118,  3)
n=  2535   udiff=  2.5002E+00 (117,  3)   vdiff=  4.4522E+00 (118,  3)
n=  2536   udiff=  2.5883E+00 (117,  3)   vdiff=  4.4268E+00 (118,  3)
n=  2537   udiff=  2.6580E+00 (117,  3)   vdiff=  4.3744E+00 (118,  3)
n=  2538   udiff=  2.7088E+00 (117,  3)   vdiff=  4.3713E+00 (117,  4)
n=  2539   udiff=  2.7405E+00 (117,  3)   vdiff=  4.4389E+00 (117,  4)
n=  2540   udiff=  2.7528E+00 (117,  3)   vdiff=  4.4795E+00 (117,  4)
n=  2541   udiff=  2.7458E+00 (117,  3)   vdiff=  4.4929E+00 (117,  4)
n=  2542   udiff=  2.7195E+00 (117,  3)   vdiff=  4.4791E+00 (117,  4)
n=  2543   udiff=  2.6741E+00 (117,  3)   vdiff=  4.4382E+00 (117,  4)
n=  2544   udiff=  2.6101E+00 (117,  3)   vdiff=  4.3706E+00 (117,  4)
n=  2545   udiff=  2.5280E+00 (117,  3)   vdiff=  4.2767E+00 (117,  4)
n=  2546   udiff=  2.4284E+00 (117,  3)   vdiff=  4.1573E+00 (117,  4)
n=  2547   udiff=  2.3120E+00 (117,  3)   vdiff=  4.0131E+00 (117,  4)
n=  2548   udiff=  2.2445E+00 (118,  3)   vdiff=  3.9100E+00 (117,  3)
n=  2549   udiff=  2.3478E+00 (118,  3)   vdiff=  3.9701E+00 (117,  3)
n=  2550   udiff=  2.4350E+00 (118,  3)   vdiff=  4.0909E+00 (116,  4)
n=  2551   udiff=  2.5057E+00 (118,  3)   vdiff=  4.3616E+00 (116,  4)
n=  2552   udiff=  2.5594E+00 (118,  3)   vdiff=  4.6043E+00 (116,  4)
n=  2553   udiff=  2.5957E+00 (118,  3)   vdiff=  4.8175E+00 (116,  4)
n=  2554   udiff=  2.6146E+00 (118,  3)   vdiff=  4.9998E+00 (116,  4)
n=  2555   udiff=  2.6158E+00 (118,  3)   vdiff=  5.1502E+00 (116,  4)
n=  2556   udiff=  2.5996E+00 (118,  3)   vdiff=  5.2677E+00 (116,  4)
n=  2557   udiff=  2.5842E+00 (117,  2)   vdiff=  5.3517E+00 (116,  4)
n=  2558   udiff=  2.5763E+00 (117,  2)   vdiff=  5.4017E+00 (116,  4)
n=  2559   udiff=  2.5505E+00 (117,  2)   vdiff=  5.4176E+00 (116,  4)
n=  2560   udiff=  2.5072E+00 (117,  2)   vdiff=  5.3995E+00 (116,  4)
n=  2561   udiff=  2.4467E+00 (117,  2)   vdiff=  5.3477E+00 (116,  4)
n=  2562   udiff=  2.3694E+00 (117,  2)   vdiff=  5.2626E+00 (116,  4)
n=  2563   udiff=  2.2761E+00 (117,  2)   vdiff=  5.1451E+00 (116,  4)
n=  2564   udiff=  2.1674E+00 (117,  2)   vdiff=  4.9962E+00 (116,  4)
n=  2565   udiff=  2.0442E+00 (117,  2)   vdiff=  4.8169E+00 (116,  4)
n=  2566   udiff=  2.1153E+00 (116,  2)   vdiff=  4.6813E+00 (116,  3)
n=  2567   udiff=  2.2147E+00 (116,  2)   vdiff=  4.7977E+00 (116,  3)
n=  2568   udiff=  2.2987E+00 (116,  2)   vdiff=  4.8843E+00 (116,  3)
n=  2569   udiff=  2.3669E+00 (116,  2)   vdiff=  4.9406E+00 (116,  3)
n=  2570   udiff=  2.4187E+00 (116,  2)   vdiff=  4.9665E+00 (116,  3)
n=  2571   udiff=  2.4539E+00 (116,  2)   vdiff=  4.9618E+00 (116,  3)
n=  2572   udiff=  2.4723E+00 (116,  2)   vdiff=  4.9267E+00 (116,  3)
n=  2573   udiff=  2.4739E+00 (116,  2)   vdiff=  4.8616E+00 (116,  3)
n=  2574   udiff=  2.4586E+00 (116,  2)   vdiff=  4.7671E+00 (116,  3)
n=  2575   udiff=  2.4640E+00 (117,  3)   vdiff=  4.6439E+00 (116,  3)
n=  2576   udiff=  2.4985E+00 (117,  3)   vdiff=  4.4930E+00 (116,  3)
n=  2577   udiff=  2.5152E+00 (117,  3)   vdiff=  4.3155E+00 (116,  3)
n=  2578   udiff=  2.5141E+00 (117,  3)   vdiff=  4.1128E+00 (116,  3)
n=  2579   udiff=  2.4951E+00 (117,  3)   vdiff=  4.0732E+00 (115,  4)
n=  2580   udiff=  2.4586E+00 (117,  3)   vdiff=  4.0300E+00 (115,  4)
n=  2581   udiff=  2.4048E+00 (117,  3)   vdiff=  3.9623E+00 (115,  4)
n=  2582   udiff=  2.3343E+00 (117,  3)   vdiff=  3.8706E+00 (115,  4)
n=  2583   udiff=  2.2475E+00 (117,  3)   vdiff=  3.7557E+00 (115,  4)
n=  2584   udiff=  2.1452E+00 (117,  3)   vdiff=  3.6697E+00 (115,  3)
n=  2585   udiff=  2.1008E+00 (116,  3)   vdiff=  3.7397E+00 (115,  3)
n=  2586   udiff=  2.2054E+00 (116,  3)   vdiff=  3.7873E+00 (115,  3)
n=  2587   udiff=  2.2952E+00 (116,  3)   vdiff=  3.8122E+00 (115,  3)
n=  2588   udiff=  2.3696E+00 (116,  3)   vdiff=  3.8143E+00 (115,  3)
n=  2589   udiff=  2.4282E+00 (116,  3)   vdiff=  3.7936E+00 (115,  3)
n=  2590   udiff=  2.4706E+00 (116,  3)   vdiff=  3.7722E+00 (114,  4)
n=  2591   udiff=  2.4965E+00 (116,  3)   vdiff=  3.9174E+00 (114,  4)
n=  2592   udiff=  2.5058E+00 (116,  3)   vdiff=  4.0383E+00 (114,  4)
n=  2593   udiff=  2.4984E+00 (116,  3)   vdiff=  4.1342E+00 (114,  4)
n=  2594   udiff=  2.4745E+00 (116,  3)   vdiff=  4.2204E+00 (118,  4)
n=  2595   udiff=  2.4341E+00 (116,  3)   vdiff=  4.3127E+00 (118,  4)
n=  2596   udiff=  2.3777E+00 (116,  3)   vdiff=  4.3776E+00 (118,  4)
n=  2597   udiff=  2.3056E+00 (116,  3)   vdiff=  4.4147E+00 (118,  4)
n=  2598   udiff=  2.2416E+00 (117,  2)   vdiff=  4.4239E+00 (118,  4)
n=  2599   udiff=  2.1799E+00 (117,  2)   vdiff=  4.4050E+00 (118,  4)
n=  2600   udiff=  2.1030E+00 (117,  2)   vdiff=  4.3584E+00 (118,  4)
n=  2601   udiff=  2.0115E+00 (117,  2)   vdiff=  4.2843E+00 (118,  4)
n=  2602   udiff=  1.9061E+00 (117,  2)   vdiff=  4.1834E+00 (118,  4)
n=  2603   udiff=  1.8741E+00 (116,  2)   vdiff=  4.0564E+00 (118,  4)
n=  2604   udiff=  1.9804E+00 (116,  2)   vdiff=  3.9042E+00 (118,  4)
n=  2605   udiff=  2.0723E+00 (116,  2)   vdiff=  3.9625E+00 (114,  3)
n=  2606   udiff=  2.1494E+00 (116,  2)   vdiff=  4.0036E+00 (114,  3)
n=  2607   udiff=  2.2111E+00 (116,  2)   vdiff=  4.0203E+00 (114,  3)
n=  2608   udiff=  2.2569E+00 (116,  2)   vdiff=  4.0126E+00 (114,  3)
n=  2609   udiff=  2.2867E+00 (116,  2)   vdiff=  3.9942E+00 (118,  3)
n=  2610   udiff=  2.3002E+00 (116,  2)   vdiff=  3.9897E+00 (118,  3)
n=  2611   udiff=  2.3093E+00 (117,  3)   vdiff=  3.9603E+00 (118,  3)
n=  2612   udiff=  2.3691E+00 (117,  3)   vdiff=  3.9063E+00 (118,  3)
n=  2613   udiff=  2.4123E+00 (117,  3)   vdiff=  3.8280E+00 (118,  3)
n=  2614   udiff=  2.4388E+00 (117,  3)   vdiff=  3.7628E+00 (117,  4)
n=  2615   udiff=  2.4482E+00 (117,  3)   vdiff=  3.8029E+00 (117,  4)
n=  2616   udiff=  2.4407E+00 (117,  3)   vdiff=  3.8186E+00 (117,  4)
n=  2617   udiff=  2.4162E+00 (117,  3)   vdiff=  3.8100E+00 (117,  4)
n=  2618   udiff=  2.3750E+00 (117,  3)   vdiff=  3.7770E+00 (117,  4)
n=  2619   udiff=  2.3174E+00 (117,  3)   vdiff=  3.7198E+00 (117,  4)
n=  2620   udiff=  2.2438E+00 (117,  3)   vdiff=  3.6388E+00 (117,  4)
n=  2621   udiff=  2.1547E+00 (117,  3)   vdiff=  3.5346E+00 (117,  4)
n=  2622   udiff=  2.0508E+00 (117,  3)   vdiff=  3.4078E+00 (117,  4)
n=  2623   udiff=  1.9853E+00 (118,  3)   vdiff=  3.3117E+00 (117,  3)
n=  2624   udiff=  2.0795E+00 (118,  3)   vdiff=  3.3678E+00 (117,  3)
n=  2625   udiff=  2.1597E+00 (118,  3)   vdiff=  3.4027E+00 (117,  3)
n=  2626   udiff=  2.2255E+00 (118,  3)   vdiff=  3.5742E+00 (116,  4)
n=  2627   udiff=  2.2764E+00 (118,  3)   vdiff=  3.7929E+00 (116,  4)
n=  2628   udiff=  2.3120E+00 (118,  3)   vdiff=  3.9867E+00 (116,  4)
n=  2629   udiff=  2.3323E+00 (118,  3)   vdiff=  4.1541E+00 (116,  4)
n=  2630   udiff=  2.3370E+00 (118,  3)   vdiff=  4.2942E+00 (116,  4)
n=  2631   udiff=  2.3261E+00 (118,  3)   vdiff=  4.4060E+00 (116,  4)
n=  2632   udiff=  2.2998E+00 (118,  3)   vdiff=  4.4887E+00 (116,  4)
n=  2633   udiff=  2.2583E+00 (118,  3)   vdiff=  4.5420E+00 (116,  4)
n=  2634   udiff=  2.2019E+00 (118,  3)   vdiff=  4.5654E+00 (116,  4)
n=  2635   udiff=  2.1555E+00 (117,  2)   vdiff=  4.5589E+00 (116,  4)
n=  2636   udiff=  2.1003E+00 (117,  2)   vdiff=  4.5225E+00 (116,  4)
n=  2637   udiff=  2.0303E+00 (117,  2)   vdiff=  4.4567E+00 (116,  4)
n=  2638   udiff=  1.9459E+00 (117,  2)   vdiff=  4.3619E+00 (116,  4)
n=  2639   udiff=  1.8477E+00 (117,  2)   vdiff=  4.2388E+00 (116,  4)
n=  2640   udiff=  1.7462E+00 (118,  2)   vdiff=  4.0883E+00 (116,  4)
n=  2641   udiff=  1.8532E+00 (118,  2)   vdiff=  3.9253E+00 (116,  3)
n=  2642   udiff=  1.9474E+00 (118,  2)   vdiff=  4.0347E+00 (116,  3)
n=  2643   udiff=  2.0283E+00 (118,  2)   vdiff=  4.1176E+00 (116,  3)
n=  2644   udiff=  2.0952E+00 (118,  2)   vdiff=  4.1737E+00 (116,  3)
n=  2645   udiff=  2.1478E+00 (118,  2)   vdiff=  4.2024E+00 (116,  3)
n=  2646   udiff=  2.1856E+00 (118,  2)   vdiff=  4.2038E+00 (116,  3)
n=  2647   udiff=  2.2084E+00 (118,  2)   vdiff=  4.1777E+00 (116,  3)
n=  2648   udiff=  2.2162E+00 (118,  2)   vdiff=  4.1245E+00 (116,  3)
n=  2649   udiff=  2.2361E+00 (117,  3)   vdiff=  4.0445E+00 (116,  3)
n=  2650   udiff=  2.2893E+00 (117,  3)   vdiff=  3.9384E+00 (116,  3)
n=  2651   udiff=  2.3268E+00 (117,  3)   vdiff=  3.8068E+00 (116,  3)
n=  2652   udiff=  2.3483E+00 (117,  3)   vdiff=  3.6508E+00 (116,  3)
n=  2653   udiff=  2.3539E+00 (117,  3)   vdiff=  3.4713E+00 (116,  3)
n=  2654   udiff=  2.3435E+00 (117,  3)   vdiff=  3.4609E+00 (115,  4)
n=  2655   udiff=  2.3173E+00 (117,  3)   vdiff=  3.4351E+00 (115,  4)
n=  2656   udiff=  2.2754E+00 (117,  3)   vdiff=  3.3873E+00 (115,  4)
n=  2657   udiff=  2.2182E+00 (117,  3)   vdiff=  3.3179E+00 (115,  4)
n=  2658   udiff=  2.1462E+00 (117,  3)   vdiff=  3.2332E+00 (117,  4)
n=  2659   udiff=  2.0598E+00 (117,  3)   vdiff=  3.1365E+00 (117,  4)
n=  2660   udiff=  1.9598E+00 (117,  3)   vdiff=  3.1481E+00 (115,  3)
n=  2661   udiff=  1.8699E+00 (116,  3)   vdiff=  3.1995E+00 (115,  3)
n=  2662   udiff=  1.9573E+00 (116,  3)   vdiff=  3.2306E+00 (115,  3)
n=  2663   udiff=  2.0316E+00 (116,  3)   vdiff=  3.2410E+00 (115,  3)
n=  2664   udiff=  2.0921E+00 (116,  3)   vdiff=  3.2307E+00 (115,  3)
n=  2665   udiff=  2.1386E+00 (116,  3)   vdiff=  3.3513E+00 (116,  4)
n=  2666   udiff=  2.1708E+00 (116,  3)   vdiff=  3.5478E+00 (116,  4)
n=  2667   udiff=  2.1883E+00 (116,  3)   vdiff=  3.7195E+00 (116,  4)
n=  2668   udiff=  2.2046E+00 (117,  2)   vdiff=  3.8654E+00 (116,  4)
n=  2669   udiff=  2.2221E+00 (117,  2)   vdiff=  3.9846E+00 (116,  4)
n=  2670   udiff=  2.2246E+00 (117,  2)   vdiff=  4.0762E+00 (116,  4)
n=  2671   udiff=  2.2119E+00 (117,  2)   vdiff=  4.1397E+00 (116,  4)
n=  2672   udiff=  2.1843E+00 (117,  2)   vdiff=  4.1748E+00 (116,  4)
n=  2673   udiff=  2.1420E+00 (117,  2)   vdiff=  4.1812E+00 (116,  4)
n=  2674   udiff=  2.0851E+00 (117,  2)   vdiff=  4.1589E+00 (116,  4)
n=  2675   udiff=  2.0142E+00 (117,  2)   vdiff=  4.1081E+00 (116,  4)
n=  2676   udiff=  1.9297E+00 (117,  2)   vdiff=  4.0292E+00 (116,  4)
n=  2677   udiff=  1.8322E+00 (117,  2)   vdiff=  3.9227E+00 (116,  4)
n=  2678   udiff=  1.7665E+00 (116,  2)   vdiff=  3.7895E+00 (116,  4)
n=  2679   udiff=  1.8688E+00 (116,  2)   vdiff=  3.6303E+00 (116,  4)
n=  2680   udiff=  1.9583E+00 (116,  2)   vdiff=  3.6426E+00 (116,  3)
n=  2681   udiff=  2.0343E+00 (116,  2)   vdiff=  3.7313E+00 (116,  3)
n=  2682   udiff=  2.0964E+00 (116,  2)   vdiff=  3.7938E+00 (116,  3)
n=  2683   udiff=  2.1441E+00 (116,  2)   vdiff=  3.8295E+00 (116,  3)
n=  2684   udiff=  2.1771E+00 (116,  2)   vdiff=  3.8384E+00 (116,  3)
n=  2685   udiff=  2.1952E+00 (116,  2)   vdiff=  3.8203E+00 (116,  3)
n=  2686   udiff=  2.1982E+00 (116,  2)   vdiff=  3.7754E+00 (116,  3)
n=  2687   udiff=  2.1862E+00 (116,  2)   vdiff=  3.7040E+00 (116,  3)
n=  2688   udiff=  2.1778E+00 (117,  3)   vdiff=  3.6066E+00 (116,  3)
n=  2689   udiff=  2.2160E+00 (117,  3)   vdiff=  3.5150E+00 (118,  3)
n=  2690   udiff=  2.2391E+00 (117,  3)   vdiff=  3.4633E+00 (117,  4)
n=  2691   udiff=  2.2468E+00 (117,  3)   vdiff=  3.5157E+00 (117,  4)
n=  2692   udiff=  2.2393E+00 (117,  3)   vdiff=  3.5458E+00 (117,  4)
n=  2693   udiff=  2.2165E+00 (117,  3)   vdiff=  3.5533E+00 (117,  4)
n=  2694   udiff=  2.1787E+00 (117,  3)   vdiff=  3.5382E+00 (117,  4)
n=  2695   udiff=  2.1262E+00 (117,  3)   vdiff=  3.5008E+00 (117,  4)
n=  2696   udiff=  2.0593E+00 (117,  3)   vdiff=  3.4413E+00 (117,  4)
n=  2697   udiff=  1.9786E+00 (117,  3)   vdiff=  3.3601E+00 (117,  4)
n=  2698   udiff=  1.8846E+00 (117,  3)   vdiff=  3.2578E+00 (117,  4)
n=  2699   udiff=  1.8182E+00 (118,  3)   vdiff=  3.1754E+00 (117,  3)
n=  2700   udiff=  1.9037E+00 (118,  3)   vdiff=  3.2372E+00 (117,  3)
n=  2701   udiff=  1.9766E+00 (118,  3)   vdiff=  3.2788E+00 (117,  3)
n=  2702   udiff=  2.0363E+00 (118,  3)   vdiff=  3.3000E+00 (117,  3)
n=  2703   udiff=  2.0826E+00 (118,  3)   vdiff=  3.3304E+00 (116,  4)
n=  2704   udiff=  2.1152E+00 (118,  3)   vdiff=  3.5246E+00 (116,  4)
n=  2705   udiff=  2.1386E+00 (117,  2)   vdiff=  3.6953E+00 (116,  4)
n=  2706   udiff=  2.1721E+00 (117,  2)   vdiff=  3.8413E+00 (116,  4)
n=  2707   udiff=  2.1909E+00 (117,  2)   vdiff=  3.9618E+00 (116,  4)
n=  2708   udiff=  2.1947E+00 (117,  2)   vdiff=  4.0561E+00 (116,  4)
n=  2709   udiff=  2.1837E+00 (117,  2)   vdiff=  4.1236E+00 (116,  4)
n=  2710   udiff=  2.1580E+00 (117,  2)   vdiff=  4.1641E+00 (116,  4)
n=  2711   udiff=  2.1178E+00 (117,  2)   vdiff=  4.1773E+00 (116,  4)
n=  2712   udiff=  2.0634E+00 (117,  2)   vdiff=  4.1634E+00 (116,  4)
n=  2713   udiff=  1.9953E+00 (117,  2)   vdiff=  4.1225E+00 (116,  4)
n=  2714   udiff=  1.9139E+00 (117,  2)   vdiff=  4.0551E+00 (116,  4)
n=  2715   udiff=  1.8199E+00 (117,  2)   vdiff=  3.9617E+00 (116,  4)
n=  2716   udiff=  1.7139E+00 (117,  2)   vdiff=  3.8431E+00 (116,  4)
n=  2717   udiff=  1.7734E+00 (116,  2)   vdiff=  3.7087E+00 (116,  3)
n=  2718   udiff=  1.8572E+00 (116,  2)   vdiff=  3.8242E+00 (116,  3)
n=  2719   udiff=  1.9280E+00 (116,  2)   vdiff=  3.9149E+00 (116,  3)
n=  2720   udiff=  1.9884E+00 (118,  2)   vdiff=  3.9803E+00 (116,  3)
n=  2721   udiff=  2.0377E+00 (118,  2)   vdiff=  4.0201E+00 (116,  3)
n=  2722   udiff=  2.0734E+00 (118,  2)   vdiff=  4.0342E+00 (116,  3)
n=  2723   udiff=  2.0951E+00 (118,  2)   vdiff=  4.0224E+00 (116,  3)
n=  2724   udiff=  2.1027E+00 (118,  2)   vdiff=  3.9850E+00 (116,  3)
n=  2725   udiff=  2.0963E+00 (118,  2)   vdiff=  3.9225E+00 (116,  3)
n=  2726   udiff=  2.0759E+00 (118,  2)   vdiff=  3.8351E+00 (116,  3)
n=  2727   udiff=  2.0422E+00 (117,  3)   vdiff=  3.7237E+00 (116,  3)
n=  2728   udiff=  2.0613E+00 (117,  3)   vdiff=  3.5891E+00 (116,  3)
n=  2729   udiff=  2.0662E+00 (117,  3)   vdiff=  3.4323E+00 (116,  3)
n=  2730   udiff=  2.0567E+00 (117,  3)   vdiff=  3.2544E+00 (116,  3)
n=  2731   udiff=  2.0332E+00 (117,  3)   vdiff=  3.2047E+00 (115,  4)
n=  2732   udiff=  1.9957E+00 (117,  3)   vdiff=  3.1778E+00 (115,  4)
n=  2733   udiff=  1.9445E+00 (117,  3)   vdiff=  3.1311E+00 (115,  4)
n=  2734   udiff=  1.8802E+00 (117,  3)   vdiff=  3.0650E+00 (115,  4)
n=  2735   udiff=  1.8031E+00 (117,  3)   vdiff=  2.9798E+00 (115,  4)
n=  2736   udiff=  1.7139E+00 (117,  3)   vdiff=  3.0297E+00 (115,  3)
n=  2737   udiff=  1.7336E+00 (116,  3)   vdiff=  3.0886E+00 (115,  3)
n=  2738   udiff=  1.8118E+00 (116,  3)   vdiff=  3.1283E+00 (115,  3)
n=  2739   udiff=  1.8781E+00 (116,  3)   vdiff=  3.1486E+00 (115,  3)
n=  2740   udiff=  1.9323E+00 (116,  3)   vdiff=  3.1493E+00 (115,  3)
n=  2741   udiff=  1.9738E+00 (116,  3)   vdiff=  3.1305E+00 (115,  3)
n=  2742   udiff=  2.0026E+00 (116,  3)   vdiff=  3.0923E+00 (115,  3)
n=  2743   udiff=  2.0184E+00 (116,  3)   vdiff=  3.0946E+00 (116,  4)
n=  2744   udiff=  2.0212E+00 (116,  3)   vdiff=  3.2379E+00 (116,  4)
n=  2745   udiff=  2.0109E+00 (116,  3)   vdiff=  3.3581E+00 (116,  4)
n=  2746   udiff=  1.9905E+00 (117,  2)   vdiff=  3.4544E+00 (116,  4)
n=  2747   udiff=  1.9797E+00 (117,  2)   vdiff=  3.5263E+00 (116,  4)
n=  2748   udiff=  1.9551E+00 (117,  2)   vdiff=  3.5733E+00 (116,  4)
n=  2749   udiff=  1.9170E+00 (117,  2)   vdiff=  3.5952E+00 (116,  4)
n=  2750   udiff=  1.8656E+00 (117,  2)   vdiff=  3.5919E+00 (116,  4)
n=  2751   udiff=  1.8014E+00 (117,  2)   vdiff=  3.5635E+00 (116,  4)
n=  2752   udiff=  1.7248E+00 (117,  2)   vdiff=  3.5103E+00 (116,  4)
n=  2753   udiff=  1.6363E+00 (117,  2)   vdiff=  3.4327E+00 (116,  4)
n=  2754   udiff=  1.6709E+00 (116,  2)   vdiff=  3.3314E+00 (116,  4)
n=  2755   udiff=  1.7680E+00 (116,  2)   vdiff=  3.2070E+00 (116,  4)
n=  2756   udiff=  1.8533E+00 (116,  2)   vdiff=  3.1855E+00 (116,  3)
n=  2757   udiff=  1.9263E+00 (116,  2)   vdiff=  3.2803E+00 (116,  3)
n=  2758   udiff=  1.9864E+00 (116,  2)   vdiff=  3.3515E+00 (116,  3)
n=  2759   udiff=  2.0334E+00 (116,  2)   vdiff=  3.3986E+00 (116,  3)
n=  2760   udiff=  2.0669E+00 (116,  2)   vdiff=  3.4215E+00 (116,  3)
n=  2761   udiff=  2.0867E+00 (116,  2)   vdiff=  3.4200E+00 (116,  3)
n=  2762   udiff=  2.0928E+00 (116,  2)   vdiff=  3.3942E+00 (116,  3)
n=  2763   udiff=  2.0850E+00 (116,  2)   vdiff=  3.3443E+00 (116,  3)
n=  2764   udiff=  2.0635E+00 (116,  2)   vdiff=  3.2707E+00 (116,  3)
n=  2765   udiff=  2.0285E+00 (116,  2)   vdiff=  3.1739E+00 (116,  3)
n=  2766   udiff=  2.0191E+00 (117,  3)   vdiff=  3.0548E+00 (116,  3)
n=  2767   udiff=  2.0264E+00 (117,  3)   vdiff=  3.0710E+00 (117,  4)
n=  2768   udiff=  2.0202E+00 (117,  3)   vdiff=  3.1010E+00 (117,  4)
n=  2769   udiff=  2.0005E+00 (117,  3)   vdiff=  3.1108E+00 (117,  4)
n=  2770   udiff=  1.9675E+00 (117,  3)   vdiff=  3.1003E+00 (117,  4)
n=  2771   udiff=  1.9215E+00 (117,  3)   vdiff=  3.0696E+00 (117,  4)
n=  2772   udiff=  1.8628E+00 (117,  3)   vdiff=  3.0189E+00 (117,  4)
n=  2773   udiff=  1.7918E+00 (117,  3)   vdiff=  2.9486E+00 (117,  4)
n=  2774   udiff=  1.7090E+00 (117,  3)   vdiff=  2.8591E+00 (117,  4)
n=  2775   udiff=  1.6326E+00 (118,  3)   vdiff=  2.7685E+00 (117,  3)
n=  2776   udiff=  1.7091E+00 (118,  3)   vdiff=  2.8236E+00 (117,  3)
n=  2777   udiff=  1.7745E+00 (118,  3)   vdiff=  2.8602E+00 (117,  3)
n=  2778   udiff=  1.8284E+00 (118,  3)   vdiff=  2.8782E+00 (117,  3)
n=  2779   udiff=  1.8704E+00 (118,  3)   vdiff=  2.8774E+00 (117,  3)
n=  2780   udiff=  1.9201E+00 (117,  2)   vdiff=  2.9307E+00 (116,  4)
n=  2781   udiff=  1.9635E+00 (117,  2)   vdiff=  3.0854E+00 (116,  4)
n=  2782   udiff=  1.9936E+00 (117,  2)   vdiff=  3.2190E+00 (116,  4)
n=  2783   udiff=  2.0104E+00 (117,  2)   vdiff=  3.3306E+00 (116,  4)
n=  2784   udiff=  2.0136E+00 (117,  2)   vdiff=  3.4196E+00 (116,  4)
n=  2785   udiff=  2.0034E+00 (117,  2)   vdiff=  3.4854E+00 (116,  4)
n=  2786   udiff=  1.9798E+00 (117,  2)   vdiff=  3.5277E+00 (116,  4)
n=  2787   udiff=  1.9430E+00 (117,  2)   vdiff=  3.5463E+00 (116,  4)
n=  2788   udiff=  1.8933E+00 (117,  2)   vdiff=  3.5410E+00 (116,  4)
n=  2789   udiff=  1.8310E+00 (117,  2)   vdiff=  3.5121E+00 (116,  4)
n=  2790   udiff=  1.7567E+00 (117,  2)   vdiff=  3.4598E+00 (116,  4)
n=  2791   udiff=  1.6708E+00 (117,  2)   vdiff=  3.3845E+00 (116,  4)
n=  2792   udiff=  1.6009E+00 (118,  2)   vdiff=  3.2868E+00 (116,  4)
n=  2793   udiff=  1.6947E+00 (118,  2)   vdiff=  3.1758E+00 (116,  3)
n=  2794   udiff=  1.7776E+00 (118,  2)   vdiff=  3.2848E+00 (116,  3)
n=  2795   udiff=  1.8491E+00 (118,  2)   vdiff=  3.3718E+00 (116,  3)
n=  2796   udiff=  1.9086E+00 (118,  2)   vdiff=  3.4363E+00 (116,  3)
n=  2797   udiff=  1.9558E+00 (118,  2)   vdiff=  3.4778E+00 (116,  3)
n=  2798   udiff=  1.9904E+00 (118,  2)   vdiff=  3.4963E+00 (116,  3)
n=  2799   udiff=  2.0122E+00 (118,  2)   vdiff=  3.4915E+00 (116,  3)
n=  2800   udiff=  2.0211E+00 (118,  2)   vdiff=  3.4637E+00 (116,  3)
n=  2801   udiff=  2.0169E+00 (118,  2)   vdiff=  3.4130E+00 (116,  3)
n=  2802   udiff=  1.9998E+00 (118,  2)   vdiff=  3.3399E+00 (116,  3)
n=  2803   udiff=  1.9699E+00 (118,  2)   vdiff=  3.2448E+00 (116,  3)
n=  2804   udiff=  1.9273E+00 (118,  2)   vdiff=  3.1286E+00 (116,  3)
n=  2805   udiff=  1.8726E+00 (118,  2)   vdiff=  2.9919E+00 (116,  3)
n=  2806   udiff=  1.8395E+00 (117,  3)   vdiff=  2.9463E+00 (117,  4)
n=  2807   udiff=  1.8226E+00 (117,  3)   vdiff=  2.9695E+00 (117,  4)
n=  2808   udiff=  1.7934E+00 (117,  3)   vdiff=  2.9734E+00 (117,  4)
n=  2809   udiff=  1.7520E+00 (117,  3)   vdiff=  2.9578E+00 (117,  4)
n=  2810   udiff=  1.6989E+00 (117,  3)   vdiff=  2.9231E+00 (117,  4)
n=  2811   udiff=  1.6343E+00 (117,  3)   vdiff=  2.8695E+00 (117,  4)
n=  2812   udiff=  1.5588E+00 (117,  3)   vdiff=  2.7975E+00 (117,  4)
n=  2813   udiff=  1.5246E+00 (116,  3)   vdiff=  2.7077E+00 (117,  4)
n=  2814   udiff=  1.5932E+00 (116,  3)   vdiff=  2.6758E+00 (117,  3)
n=  2815   udiff=  1.6515E+00 (116,  3)   vdiff=  2.7218E+00 (117,  3)
n=  2816   udiff=  1.6990E+00 (116,  3)   vdiff=  2.7497E+00 (117,  3)
n=  2817   udiff=  1.7356E+00 (116,  3)   vdiff=  2.7594E+00 (117,  3)
n=  2818   udiff=  1.7738E+00 (117,  2)   vdiff=  2.7508E+00 (117,  3)
n=  2819   udiff=  1.8182E+00 (117,  2)   vdiff=  2.8924E+00 (116,  4)
n=  2820   udiff=  1.8503E+00 (117,  2)   vdiff=  3.0313E+00 (116,  4)
n=  2821   udiff=  1.8698E+00 (117,  2)   vdiff=  3.1501E+00 (116,  4)
n=  2822   udiff=  1.8767E+00 (117,  2)   vdiff=  3.2481E+00 (116,  4)
n=  2823   udiff=  1.8709E+00 (117,  2)   vdiff=  3.3247E+00 (116,  4)
n=  2824   udiff=  1.8525E+00 (117,  2)   vdiff=  3.3796E+00 (116,  4)
n=  2825   udiff=  1.8217E+00 (117,  2)   vdiff=  3.4123E+00 (116,  4)
n=  2826   udiff=  1.7786E+00 (117,  2)   vdiff=  3.4227E+00 (116,  4)
n=  2827   udiff=  1.7237E+00 (117,  2)   vdiff=  3.4109E+00 (116,  4)
n=  2828   udiff=  1.6572E+00 (117,  2)   vdiff=  3.3770E+00 (116,  4)
n=  2829   udiff=  1.5797E+00 (117,  2)   vdiff=  3.3212E+00 (116,  4)
n=  2830   udiff=  1.5115E+00 (116,  2)   vdiff=  3.2440E+00 (116,  4)
n=  2831   udiff=  1.6024E+00 (116,  2)   vdiff=  3.1461E+00 (116,  4)
n=  2832   udiff=  1.6830E+00 (116,  2)   vdiff=  3.0943E+00 (116,  3)
n=  2833   udiff=  1.7527E+00 (116,  2)   vdiff=  3.1922E+00 (116,  3)
n=  2834   udiff=  1.8109E+00 (116,  2)   vdiff=  3.2689E+00 (116,  3)
n=  2835   udiff=  1.8575E+00 (116,  2)   vdiff=  3.3240E+00 (116,  3)
n=  2836   udiff=  1.8920E+00 (116,  2)   vdiff=  3.3571E+00 (116,  3)
n=  2837   udiff=  1.9142E+00 (116,  2)   vdiff=  3.3682E+00 (116,  3)
n=  2838   udiff=  1.9241E+00 (116,  2)   vdiff=  3.3571E+00 (116,  3)
n=  2839   udiff=  1.9216E+00 (116,  2)   vdiff=  3.3240E+00 (116,  3)
n=  2840   udiff=  1.9066E+00 (116,  2)   vdiff=  3.2691E+00 (116,  3)
n=  2841   udiff=  1.8795E+00 (116,  2)   vdiff=  3.1929E+00 (116,  3)
n=  2842   udiff=  1.8402E+00 (116,  2)   vdiff=  3.0960E+00 (116,  3)
n=  2843   udiff=  1.7893E+00 (116,  2)   vdiff=  2.9790E+00 (116,  3)
n=  2844   udiff=  1.7867E+00 (117,  3)   vdiff=  2.8427E+00 (116,  3)
n=  2845   udiff=  1.7744E+00 (117,  3)   vdiff=  2.6883E+00 (116,  3)
n=  2846   udiff=  1.7502E+00 (117,  3)   vdiff=  2.6292E+00 (117,  4)
n=  2847   udiff=  1.7144E+00 (117,  3)   vdiff=  2.6238E+00 (117,  4)
n=  2848   udiff=  1.6673E+00 (117,  3)   vdiff=  2.6005E+00 (117,  4)
n=  2849   udiff=  1.6092E+00 (117,  3)   vdiff=  2.5592E+00 (117,  4)
n=  2850   udiff=  1.5406E+00 (117,  3)   vdiff=  2.5005E+00 (117,  4)
n=  2851   udiff=  1.4618E+00 (117,  3)   vdiff=  2.4246E+00 (117,  4)
n=  2852   udiff=  1.4693E+00 (118,  3)   vdiff=  2.4610E+00 (115,  3)
n=  2853   udiff=  1.5310E+00 (118,  3)   vdiff=  2.4926E+00 (115,  3)
n=  2854   udiff=  1.5949E+00 (117,  2)   vdiff=  2.5117E+00 (117,  3)
n=  2855   udiff=  1.6648E+00 (117,  2)   vdiff=  2.5279E+00 (117,  3)
n=  2856   udiff=  1.7235E+00 (117,  2)   vdiff=  2.5266E+00 (117,  3)
n=  2857   udiff=  1.7706E+00 (117,  2)   vdiff=  2.5081E+00 (117,  3)
n=  2858   udiff=  1.8058E+00 (117,  2)   vdiff=  2.5750E+00 (116,  4)
n=  2859   udiff=  1.8289E+00 (117,  2)   vdiff=  2.6892E+00 (116,  4)
n=  2860   udiff=  1.8397E+00 (117,  2)   vdiff=  2.7838E+00 (116,  4)
n=  2861   udiff=  1.8383E+00 (117,  2)   vdiff=  2.8584E+00 (116,  4)
n=  2862   udiff=  1.8246E+00 (117,  2)   vdiff=  2.9125E+00 (116,  4)
n=  2863   udiff=  1.7989E+00 (117,  2)   vdiff=  2.9661E+00 (118,  4)
n=  2864   udiff=  1.7612E+00 (117,  2)   vdiff=  3.0158E+00 (118,  4)
n=  2865   udiff=  1.7120E+00 (117,  2)   vdiff=  3.0467E+00 (118,  4)
n=  2866   udiff=  1.6515E+00 (117,  2)   vdiff=  3.0585E+00 (118,  4)
n=  2867   udiff=  1.5803E+00 (117,  2)   vdiff=  3.0513E+00 (118,  4)
n=  2868   udiff=  1.4987E+00 (117,  2)   vdiff=  3.0251E+00 (118,  4)
n=  2869   udiff=  1.5026E+00 (118,  2)   vdiff=  2.9802E+00 (118,  4)
n=  2870   udiff=  1.5871E+00 (118,  2)   vdiff=  2.9169E+00 (118,  4)
n=  2871   udiff=  1.6614E+00 (118,  2)   vdiff=  2.8357E+00 (118,  4)
n=  2872   udiff=  1.7251E+00 (118,  2)   vdiff=  2.9074E+00 (116,  3)
n=  2873   udiff=  1.7778E+00 (118,  2)   vdiff=  2.9629E+00 (116,  3)
n=  2874   udiff=  1.8191E+00 (118,  2)   vdiff=  2.9977E+00 (116,  3)
n=  2875   udiff=  1.8487E+00 (118,  2)   vdiff=  3.0116E+00 (116,  3)
n=  2876   udiff=  1.8666E+00 (118,  2)   vdiff=  3.0045E+00 (116,  3)
n=  2877   udiff=  1.8726E+00 (118,  2)   vdiff=  2.9766E+00 (116,  3)
n=  2878   udiff=  1.8667E+00 (118,  2)   vdiff=  2.9522E+00 (118,  3)
n=  2879   udiff=  1.8489E+00 (118,  2)   vdiff=  2.9277E+00 (118,  3)
n=  2880   udiff=  1.8195E+00 (118,  2)   vdiff=  2.8848E+00 (118,  3)
n=  2881   udiff=  1.7786E+00 (118,  2)   vdiff=  2.8238E+00 (118,  3)
n=  2882   udiff=  1.7265E+00 (118,  2)   vdiff=  2.7452E+00 (118,  3)
n=  2883   udiff=  1.6636E+00 (118,  2)   vdiff=  2.6708E+00 (117,  4)
n=  2884   udiff=  1.6061E+00 (117,  3)   vdiff=  2.6921E+00 (117,  4)
n=  2885   udiff=  1.5743E+00 (117,  3)   vdiff=  2.6962E+00 (117,  4)
n=  2886   udiff=  1.5319E+00 (117,  3)   vdiff=  2.6834E+00 (117,  4)
n=  2887   udiff=  1.4792E+00 (117,  3)   vdiff=  2.6537E+00 (117,  4)
n=  2888   udiff=  1.4166E+00 (117,  3)   vdiff=  2.6073E+00 (117,  4)
n=  2889   udiff=  1.3468E+00 (116,  3)   vdiff=  2.5448E+00 (117,  4)
n=  2890   udiff=  1.4110E+00 (116,  3)   vdiff=  2.4727E+00 (117,  3)
n=  2891   udiff=  1.4661E+00 (116,  3)   vdiff=  2.5291E+00 (117,  3)
n=  2892   udiff=  1.5117E+00 (116,  3)   vdiff=  2.5692E+00 (117,  3)
n=  2893   udiff=  1.5475E+00 (116,  3)   vdiff=  2.5928E+00 (117,  3)
n=  2894   udiff=  1.5732E+00 (116,  3)   vdiff=  2.5997E+00 (117,  3)
n=  2895   udiff=  1.6071E+00 (117,  2)   vdiff=  2.5901E+00 (117,  3)
n=  2896   udiff=  1.6433E+00 (117,  2)   vdiff=  2.6843E+00 (116,  4)
n=  2897   udiff=  1.6681E+00 (117,  2)   vdiff=  2.7991E+00 (116,  4)
n=  2898   udiff=  1.6815E+00 (117,  2)   vdiff=  2.8960E+00 (116,  4)
n=  2899   udiff=  1.6834E+00 (117,  2)   vdiff=  2.9744E+00 (116,  4)
n=  2900   udiff=  1.6738E+00 (117,  2)   vdiff=  3.0339E+00 (116,  4)
n=  2901   udiff=  1.6529E+00 (117,  2)   vdiff=  3.0740E+00 (116,  4)
n=  2902   udiff=  1.6208E+00 (117,  2)   vdiff=  3.0946E+00 (116,  4)
n=  2903   udiff=  1.5777E+00 (117,  2)   vdiff=  3.0955E+00 (116,  4)
n=  2904   udiff=  1.5239E+00 (117,  2)   vdiff=  3.0768E+00 (116,  4)
n=  2905   udiff=  1.4598E+00 (117,  2)   vdiff=  3.0387E+00 (116,  4)
n=  2906   udiff=  1.3858E+00 (117,  2)   vdiff=  2.9814E+00 (116,  4)
n=  2907   udiff=  1.4457E+00 (116,  2)   vdiff=  2.9055E+00 (116,  4)
n=  2908   udiff=  1.5233E+00 (116,  2)   vdiff=  2.8114E+00 (116,  4)
n=  2909   udiff=  1.5913E+00 (116,  2)   vdiff=  2.8835E+00 (116,  3)
n=  2910   udiff=  1.6491E+00 (116,  2)   vdiff=  2.9652E+00 (116,  3)
n=  2911   udiff=  1.6965E+00 (116,  2)   vdiff=  3.0276E+00 (116,  3)
n=  2912   udiff=  1.7330E+00 (116,  2)   vdiff=  3.0706E+00 (116,  3)
n=  2913   udiff=  1.7586E+00 (116,  2)   vdiff=  3.0938E+00 (116,  3)
n=  2914   udiff=  1.7729E+00 (116,  2)   vdiff=  3.0970E+00 (116,  3)
n=  2915   udiff=  1.7760E+00 (116,  2)   vdiff=  3.0804E+00 (116,  3)
n=  2916   udiff=  1.7678E+00 (116,  2)   vdiff=  3.0441E+00 (116,  3)
n=  2917   udiff=  1.7484E+00 (116,  2)   vdiff=  2.9883E+00 (116,  3)
n=  2918   udiff=  1.7180E+00 (116,  2)   vdiff=  2.9134E+00 (116,  3)
n=  2919   udiff=  1.6768E+00 (116,  2)   vdiff=  2.8201E+00 (116,  3)
n=  2920   udiff=  1.6251E+00 (116,  2)   vdiff=  2.7090E+00 (116,  3)
n=  2921   udiff=  1.5958E+00 (117,  3)   vdiff=  2.5808E+00 (116,  3)
n=  2922   udiff=  1.5801E+00 (117,  3)   vdiff=  2.4364E+00 (116,  3)
n=  2923   udiff=  1.5539E+00 (117,  3)   vdiff=  2.2866E+00 (115,  4)
n=  2924   udiff=  1.5176E+00 (117,  3)   vdiff=  2.2576E+00 (115,  4)
n=  2925   udiff=  1.4714E+00 (117,  3)   vdiff=  2.2200E+00 (117,  4)
n=  2926   udiff=  1.4155E+00 (117,  3)   vdiff=  2.1860E+00 (117,  4)
n=  2927   udiff=  1.3505E+00 (117,  3)   vdiff=  2.2250E+00 (115,  3)
n=  2928   udiff=  1.2809E+00 (118,  3)   vdiff=  2.2763E+00 (115,  3)
n=  2929   udiff=  1.3443E+00 (117,  2)   vdiff=  2.3128E+00 (115,  3)
n=  2930   udiff=  1.4238E+00 (117,  2)   vdiff=  2.3345E+00 (115,  3)
n=  2931   udiff=  1.4939E+00 (117,  2)   vdiff=  2.3412E+00 (115,  3)
n=  2932   udiff=  1.5541E+00 (117,  2)   vdiff=  2.3329E+00 (115,  3)
n=  2933   udiff=  1.6040E+00 (117,  2)   vdiff=  2.3098E+00 (115,  3)
n=  2934   udiff=  1.6433E+00 (117,  2)   vdiff=  2.2720E+00 (115,  3)
n=  2935   udiff=  1.6717E+00 (117,  2)   vdiff=  2.2890E+00 (116,  4)
n=  2936   udiff=  1.6892E+00 (117,  2)   vdiff=  2.3861E+00 (116,  4)
n=  2937   udiff=  1.6955E+00 (117,  2)   vdiff=  2.4659E+00 (116,  4)
n=  2938   udiff=  1.6907E+00 (117,  2)   vdiff=  2.5277E+00 (116,  4)
n=  2939   udiff=  1.6749E+00 (117,  2)   vdiff=  2.5713E+00 (116,  4)
n=  2940   udiff=  1.6481E+00 (117,  2)   vdiff=  2.5964E+00 (116,  4)
n=  2941   udiff=  1.6106E+00 (117,  2)   vdiff=  2.6146E+00 (118,  4)
n=  2942   udiff=  1.5626E+00 (117,  2)   vdiff=  2.6430E+00 (118,  4)
n=  2943   udiff=  1.5046E+00 (117,  2)   vdiff=  2.6551E+00 (118,  4)
n=  2944   udiff=  1.4370E+00 (117,  2)   vdiff=  2.6510E+00 (118,  4)
n=  2945   udiff=  1.3601E+00 (117,  2)   vdiff=  2.6308E+00 (118,  4)
n=  2946   udiff=  1.3729E+00 (118,  2)   vdiff=  2.5946E+00 (118,  4)
n=  2947   udiff=  1.4485E+00 (118,  2)   vdiff=  2.5428E+00 (118,  4)
n=  2948   udiff=  1.5149E+00 (118,  2)   vdiff=  2.5434E+00 (116,  3)
n=  2949   udiff=  1.5716E+00 (118,  2)   vdiff=  2.6085E+00 (116,  3)
n=  2950   udiff=  1.6185E+00 (118,  2)   vdiff=  2.6551E+00 (116,  3)
n=  2951   udiff=  1.6551E+00 (118,  2)   vdiff=  2.6830E+00 (116,  3)
n=  2952   udiff=  1.6813E+00 (118,  2)   vdiff=  2.6920E+00 (116,  3)
n=  2953   udiff=  1.6968E+00 (118,  2)   vdiff=  2.6821E+00 (116,  3)
n=  2954   udiff=  1.7017E+00 (118,  2)   vdiff=  2.6834E+00 (118,  3)
n=  2955   udiff=  1.6959E+00 (118,  2)   vdiff=  2.6828E+00 (118,  3)
n=  2956   udiff=  1.6796E+00 (118,  2)   vdiff=  2.6658E+00 (118,  3)
n=  2957   udiff=  1.6528E+00 (118,  2)   vdiff=  2.6327E+00 (118,  3)
n=  2958   udiff=  1.6157E+00 (118,  2)   vdiff=  2.5837E+00 (118,  3)
n=  2959   udiff=  1.5687E+00 (118,  2)   vdiff=  2.5192E+00 (118,  3)
n=  2960   udiff=  1.5120E+00 (118,  2)   vdiff=  2.4397E+00 (118,  3)
n=  2961   udiff=  1.4461E+00 (118,  2)   vdiff=  2.3846E+00 (117,  4)
n=  2962   udiff=  1.3814E+00 (117,  3)   vdiff=  2.3916E+00 (117,  4)
n=  2963   udiff=  1.3406E+00 (117,  3)   vdiff=  2.3839E+00 (117,  4)
n=  2964   udiff=  1.2907E+00 (117,  3)   vdiff=  2.3619E+00 (117,  4)
n=  2965   udiff=  1.2323E+00 (117,  3)   vdiff=  2.3256E+00 (117,  4)
n=  2966   udiff=  1.2481E+00 (116,  3)   vdiff=  2.2754E+00 (117,  4)
n=  2967   udiff=  1.3018E+00 (116,  3)   vdiff=  2.2988E+00 (117,  3)
n=  2968   udiff=  1.3470E+00 (116,  3)   vdiff=  2.3525E+00 (117,  3)
n=  2969   udiff=  1.3835E+00 (116,  3)   vdiff=  2.3917E+00 (117,  3)
n=  2970   udiff=  1.4112E+00 (116,  3)   vdiff=  2.4162E+00 (117,  3)
n=  2971   udiff=  1.4316E+00 (117,  2)   vdiff=  2.4260E+00 (117,  3)
n=  2972   udiff=  1.4736E+00 (117,  2)   vdiff=  2.4211E+00 (117,  3)
n=  2973   udiff=  1.5056E+00 (117,  2)   vdiff=  2.4485E+00 (116,  4)
n=  2974   udiff=  1.5273E+00 (117,  2)   vdiff=  2.5495E+00 (116,  4)
n=  2975   udiff=  1.5387E+00 (117,  2)   vdiff=  2.6347E+00 (116,  4)
n=  2976   udiff=  1.5397E+00 (117,  2)   vdiff=  2.7036E+00 (116,  4)
n=  2977   udiff=  1.5303E+00 (117,  2)   vdiff=  2.7557E+00 (116,  4)
n=  2978   udiff=  1.5107E+00 (117,  2)   vdiff=  2.7908E+00 (116,  4)
n=  2979   udiff=  1.4810E+00 (117,  2)   vdiff=  2.8087E+00 (116,  4)
n=  2980   udiff=  1.4414E+00 (117,  2)   vdiff=  2.8094E+00 (116,  4)
n=  2981   udiff=  1.3923E+00 (117,  2)   vdiff=  2.7929E+00 (116,  4)
n=  2982   udiff=  1.3339E+00 (117,  2)   vdiff=  2.7593E+00 (116,  4)
n=  2983   udiff=  1.2785E+00 (116,  2)   vdiff=  2.7090E+00 (116,  4)
n=  2984   udiff=  1.3561E+00 (116,  2)   vdiff=  2.6424E+00 (116,  4)
n=  2985   udiff=  1.4252E+00 (116,  2)   vdiff=  2.5904E+00 (116,  3)
n=  2986   udiff=  1.4854E+00 (116,  2)   vdiff=  2.6814E+00 (116,  3)
n=  2987   udiff=  1.5363E+00 (116,  2)   vdiff=  2.7557E+00 (116,  3)
n=  2988   udiff=  1.5776E+00 (116,  2)   vdiff=  2.8129E+00 (116,  3)
n=  2989   udiff=  1.6090E+00 (116,  2)   vdiff=  2.8526E+00 (116,  3)
n=  2990   udiff=  1.6303E+00 (116,  2)   vdiff=  2.8745E+00 (116,  3)
n=  2991   udiff=  1.6414E+00 (116,  2)   vdiff=  2.8787E+00 (116,  3)
n=  2992   udiff=  1.6422E+00 (116,  2)   vdiff=  2.8652E+00 (116,  3)
n=  2993   udiff=  1.6327E+00 (116,  2)   vdiff=  2.8340E+00 (116,  3)
n=  2994   udiff=  1.6131E+00 (116,  2)   vdiff=  2.7855E+00 (116,  3)
n=  2995   udiff=  1.5835E+00 (116,  2)   vdiff=  2.7200E+00 (116,  3)
n=  2996   udiff=  1.5440E+00 (116,  2)   vdiff=  2.6381E+00 (116,  3)
n=  2997   udiff=  1.4951E+00 (116,  2)   vdiff=  2.5402E+00 (116,  3)
n=  2998   udiff=  1.4369E+00 (116,  2)   vdiff=  2.4272E+00 (116,  3)
n=  2999   udiff=  1.3763E+00 (117,  3)   vdiff=  2.2999E+00 (116,  3)
n=  3000   udiff=  1.3495E+00 (117,  3)   vdiff=  2.1740E+00 (115,  4)
n=  3001   udiff=  1.3138E+00 (117,  3)   vdiff=  2.1513E+00 (115,  4)
n=  3002   udiff=  1.2695E+00 (117,  3)   vdiff=  2.1160E+00 (115,  4)
n=  3003   udiff=  1.2169E+00 (117,  3)   vdiff=  2.0826E+00 (115,  3)
n=  3004   udiff=  1.1563E+00 (117,  3)   vdiff=  2.1428E+00 (115,  3)
n=  3005   udiff=  1.1485E+00 (118,  3)   vdiff=  2.1898E+00 (115,  3)
n=  3006   udiff=  1.1945E+00 (118,  3)   vdiff=  2.2235E+00 (115,  3)
n=  3007   udiff=  1.2509E+00 (117,  2)   vdiff=  2.2437E+00 (115,  3)
n=  3008   udiff=  1.3127E+00 (117,  2)   vdiff=  2.2503E+00 (115,  3)
n=  3009   udiff=  1.3656E+00 (117,  2)   vdiff=  2.2433E+00 (115,  3)
n=  3010   udiff=  1.4092E+00 (117,  2)   vdiff=  2.2228E+00 (115,  3)
n=  3011   udiff=  1.4434E+00 (117,  2)   vdiff=  2.1890E+00 (115,  3)
n=  3012   udiff=  1.4678E+00 (117,  2)   vdiff=  2.1421E+00 (115,  3)
n=  3013   udiff=  1.4824E+00 (117,  2)   vdiff=  2.0856E+00 (114,  4)
n=  3014   udiff=  1.4871E+00 (117,  2)   vdiff=  2.1362E+00 (114,  4)
n=  3015   udiff=  1.4818E+00 (117,  2)   vdiff=  2.1742E+00 (114,  4)
n=  3016   udiff=  1.4666E+00 (117,  2)   vdiff=  2.2237E+00 (118,  4)
n=  3017   udiff=  1.4418E+00 (117,  2)   vdiff=  2.2628E+00 (118,  4)
n=  3018   udiff=  1.4073E+00 (117,  2)   vdiff=  2.2881E+00 (118,  4)
n=  3019   udiff=  1.3637E+00 (117,  2)   vdiff=  2.2996E+00 (118,  4)
n=  3020   udiff=  1.3110E+00 (117,  2)   vdiff=  2.2972E+00 (118,  4)
n=  3021   udiff=  1.2498E+00 (117,  2)   vdiff=  2.2810E+00 (118,  4)
n=  3022   udiff=  1.1804E+00 (117,  2)   vdiff=  2.2511E+00 (118,  4)
n=  3023   udiff=  1.1927E+00 (118,  2)   vdiff=  2.2078E+00 (118,  4)
n=  3024   udiff=  1.2569E+00 (118,  2)   vdiff=  2.2052E+00 (114,  3)
n=  3025   udiff=  1.3129E+00 (118,  2)   vdiff=  2.2564E+00 (114,  3)
n=  3026   udiff=  1.3603E+00 (118,  2)   vdiff=  2.2940E+00 (114,  3)
n=  3027   udiff=  1.3989E+00 (118,  2)   vdiff=  2.3178E+00 (114,  3)
n=  3028   udiff=  1.4284E+00 (118,  2)   vdiff=  2.3277E+00 (114,  3)
n=  3029   udiff=  1.4487E+00 (118,  2)   vdiff=  2.3387E+00 (118,  3)
n=  3030   udiff=  1.4596E+00 (118,  2)   vdiff=  2.3581E+00 (118,  3)
n=  3031   udiff=  1.4611E+00 (118,  2)   vdiff=  2.3633E+00 (118,  3)
n=  3032   udiff=  1.4532E+00 (118,  2)   vdiff=  2.3543E+00 (118,  3)
n=  3033   udiff=  1.4360E+00 (118,  2)   vdiff=  2.3311E+00 (118,  3)
n=  3034   udiff=  1.4096E+00 (118,  2)   vdiff=  2.2941E+00 (118,  3)
n=  3035   udiff=  1.3742E+00 (118,  2)   vdiff=  2.2435E+00 (118,  3)
n=  3036   udiff=  1.3301E+00 (118,  2)   vdiff=  2.1796E+00 (118,  3)
n=  3037   udiff=  1.2776E+00 (118,  2)   vdiff=  2.1029E+00 (118,  3)
n=  3038   udiff=  1.2516E+00 (117,  3)   vdiff=  2.0600E+00 (117,  4)
n=  3039   udiff=  1.2200E+00 (117,  3)   vdiff=  2.0570E+00 (117,  4)
n=  3040   udiff=  1.1803E+00 (117,  3)   vdiff=  2.0416E+00 (117,  4)
n=  3041   udiff=  1.1328E+00 (117,  3)   vdiff=  2.0140E+00 (117,  4)
n=  3042   udiff=  1.0777E+00 (117,  3)   vdiff=  1.9745E+00 (117,  4)
n=  3043   udiff=  1.0785E+00 (118,  3)   vdiff=  1.9862E+00 (117,  3)
n=  3044   udiff=  1.1244E+00 (118,  3)   vdiff=  2.0385E+00 (117,  3)
n=  3045   udiff=  1.1626E+00 (118,  3)   vdiff=  2.0784E+00 (117,  3)
n=  3046   udiff=  1.1958E+00 (117,  2)   vdiff=  2.1057E+00 (117,  3)
n=  3047   udiff=  1.2483E+00 (117,  2)   vdiff=  2.1204E+00 (117,  3)
n=  3048   udiff=  1.2922E+00 (117,  2)   vdiff=  2.1222E+00 (117,  3)
n=  3049   udiff=  1.3272E+00 (117,  2)   vdiff=  2.1113E+00 (117,  3)
n=  3050   udiff=  1.3532E+00 (117,  2)   vdiff=  2.2018E+00 (116,  4)
n=  3051   udiff=  1.3699E+00 (117,  2)   vdiff=  2.2842E+00 (116,  4)
n=  3052   udiff=  1.3774E+00 (117,  2)   vdiff=  2.3528E+00 (116,  4)
n=  3053   udiff=  1.3755E+00 (117,  2)   vdiff=  2.4070E+00 (116,  4)
n=  3054   udiff=  1.3643E+00 (117,  2)   vdiff=  2.4467E+00 (116,  4)
n=  3055   udiff=  1.3439E+00 (117,  2)   vdiff=  2.4715E+00 (116,  4)
n=  3056   udiff=  1.3145E+00 (117,  2)   vdiff=  2.4813E+00 (116,  4)
n=  3057   udiff=  1.2762E+00 (117,  2)   vdiff=  2.4762E+00 (116,  4)
n=  3058   udiff=  1.2295E+00 (117,  2)   vdiff=  2.4561E+00 (116,  4)
n=  3059   udiff=  1.1744E+00 (117,  2)   vdiff=  2.4213E+00 (116,  4)
n=  3060   udiff=  1.1446E+00 (116,  2)   vdiff=  2.3721E+00 (116,  4)
n=  3061   udiff=  1.2151E+00 (116,  2)   vdiff=  2.3088E+00 (116,  4)
n=  3062   udiff=  1.2781E+00 (116,  2)   vdiff=  2.3494E+00 (116,  3)
n=  3063   udiff=  1.3330E+00 (116,  2)   vdiff=  2.4247E+00 (116,  3)
n=  3064   udiff=  1.3794E+00 (116,  2)   vdiff=  2.4852E+00 (116,  3)
n=  3065   udiff=  1.4172E+00 (116,  2)   vdiff=  2.5305E+00 (116,  3)
n=  3066   udiff=  1.4460E+00 (116,  2)   vdiff=  2.5603E+00 (116,  3)
n=  3067   udiff=  1.4657E+00 (116,  2)   vdiff=  2.5744E+00 (116,  3)
n=  3068   udiff=  1.4762E+00 (116,  2)   vdiff=  2.5728E+00 (116,  3)
n=  3069   udiff=  1.4774E+00 (116,  2)   vdiff=  2.5556E+00 (116,  3)
n=  3070   udiff=  1.4694E+00 (116,  2)   vdiff=  2.5229E+00 (116,  3)
n=  3071   udiff=  1.4521E+00 (116,  2)   vdiff=  2.4749E+00 (116,  3)
n=  3072   udiff=  1.4258E+00 (116,  2)   vdiff=  2.4120E+00 (116,  3)
n=  3073   udiff=  1.3907E+00 (116,  2)   vdiff=  2.3347E+00 (116,  3)
n=  3074   udiff=  1.3470E+00 (116,  2)   vdiff=  2.2435E+00 (116,  3)
n=  3075   udiff=  1.2950E+00 (116,  2)   vdiff=  2.1390E+00 (116,  3)
n=  3076   udiff=  1.2351E+00 (116,  2)   vdiff=  2.0220E+00 (116,  3)
n=  3077   udiff=  1.1868E+00 (117,  3)   vdiff=  1.8947E+00 (115,  4)
n=  3078   udiff=  1.1519E+00 (117,  3)   vdiff=  1.8797E+00 (115,  4)
n=  3079   udiff=  1.1095E+00 (117,  3)   vdiff=  1.8538E+00 (115,  4)
n=  3080   udiff=  1.0597E+00 (117,  3)   vdiff=  1.8791E+00 (115,  3)
n=  3081   udiff=  1.0150E+00 (118,  3)   vdiff=  1.9332E+00 (115,  3)
n=  3082   udiff=  1.0597E+00 (118,  3)   vdiff=  1.9757E+00 (115,  3)
n=  3083   udiff=  1.0992E+00 (117,  2)   vdiff=  2.0064E+00 (115,  3)
n=  3084   udiff=  1.1607E+00 (117,  2)   vdiff=  2.0251E+00 (115,  3)
n=  3085   udiff=  1.2143E+00 (117,  2)   vdiff=  2.0318E+00 (115,  3)
n=  3086   udiff=  1.2598E+00 (117,  2)   vdiff=  2.0265E+00 (115,  3)
n=  3087   udiff=  1.2969E+00 (117,  2)   vdiff=  2.0093E+00 (115,  3)
n=  3088   udiff=  1.3253E+00 (117,  2)   vdiff=  1.9802E+00 (115,  3)
n=  3089   udiff=  1.3449E+00 (117,  2)   vdiff=  1.9397E+00 (115,  3)
n=  3090   udiff=  1.3556E+00 (117,  2)   vdiff=  1.8930E+00 (118,  4)
n=  3091   udiff=  1.3572E+00 (117,  2)   vdiff=  1.9506E+00 (118,  4)
n=  3092   udiff=  1.3499E+00 (117,  2)   vdiff=  1.9964E+00 (118,  4)
n=  3093   udiff=  1.3337E+00 (117,  2)   vdiff=  2.0302E+00 (118,  4)
n=  3094   udiff=  1.3087E+00 (117,  2)   vdiff=  2.0517E+00 (118,  4)
n=  3095   udiff=  1.2751E+00 (117,  2)   vdiff=  2.0607E+00 (118,  4)
n=  3096   udiff=  1.2332E+00 (117,  2)   vdiff=  2.0573E+00 (118,  4)
n=  3097   udiff=  1.1833E+00 (117,  2)   vdiff=  2.0415E+00 (118,  4)
n=  3098   udiff=  1.1257E+00 (117,  2)   vdiff=  2.0134E+00 (118,  4)
n=  3099   udiff=  1.0609E+00 (117,  2)   vdiff=  1.9732E+00 (118,  4)
n=  3100   udiff=  1.1036E+00 (118,  2)   vdiff=  1.9211E+00 (118,  4)
n=  3101   udiff=  1.1573E+00 (118,  2)   vdiff=  1.8902E+00 (114,  3)
n=  3102   udiff=  1.2035E+00 (118,  2)   vdiff=  1.9525E+00 (118,  3)
n=  3103   udiff=  1.2419E+00 (118,  2)   vdiff=  2.0087E+00 (118,  3)
n=  3104   udiff=  1.2721E+00 (118,  2)   vdiff=  2.0527E+00 (118,  3)
n=  3105   udiff=  1.2940E+00 (118,  2)   vdiff=  2.0843E+00 (118,  3)
n=  3106   udiff=  1.3076E+00 (118,  2)   vdiff=  2.1032E+00 (118,  3)
n=  3107   udiff=  1.3126E+00 (118,  2)   vdiff=  2.1095E+00 (118,  3)
n=  3108   udiff=  1.3091E+00 (118,  2)   vdiff=  2.1030E+00 (118,  3)
n=  3109   udiff=  1.2971E+00 (118,  2)   vdiff=  2.0838E+00 (118,  3)
n=  3110   udiff=  1.2767E+00 (118,  2)   vdiff=  2.0521E+00 (118,  3)
n=  3111   udiff=  1.2481E+00 (118,  2)   vdiff=  2.0081E+00 (118,  3)
n=  3112   udiff=  1.2115E+00 (118,  2)   vdiff=  1.9522E+00 (118,  3)
n=  3113   udiff=  1.1672E+00 (118,  2)   vdiff=  1.8847E+00 (118,  3)
n=  3114   udiff=  1.1215E+00 (117,  3)   vdiff=  1.8279E+00 (117,  4)
n=  3115   udiff=  1.0976E+00 (117,  3)   vdiff=  1.8293E+00 (117,  4)
n=  3116   udiff=  1.0663E+00 (117,  3)   vdiff=  1.8199E+00 (117,  4)
n=  3117   udiff=  1.0279E+00 (117,  3)   vdiff=  1.7995E+00 (117,  4)
n=  3118   udiff=  9.8254E-01 (117,  3)   vdiff=  1.7684E+00 (117,  4)
n=  3119   udiff=  9.6765E-01 (118,  3)   vdiff=  1.7639E+00 (117,  3)
n=  3120   udiff=  1.0124E+00 (118,  3)   vdiff=  1.8150E+00 (117,  3)
n=  3121   udiff=  1.0503E+00 (118,  3)   vdiff=  1.8552E+00 (117,  3)
n=  3122   udiff=  1.0810E+00 (118,  3)   vdiff=  1.8843E+00 (117,  3)
n=  3123   udiff=  1.1044E+00 (118,  3)   vdiff=  1.9022E+00 (117,  3)
n=  3124   udiff=  1.1465E+00 (117,  2)   vdiff=  1.9086E+00 (117,  3)
n=  3125   udiff=  1.1850E+00 (117,  2)   vdiff=  1.9037E+00 (117,  3)
n=  3126   udiff=  1.2155E+00 (117,  2)   vdiff=  1.8874E+00 (117,  3)
n=  3127   udiff=  1.2376E+00 (117,  2)   vdiff=  1.8952E+00 (116,  4)
n=  3128   udiff=  1.2514E+00 (117,  2)   vdiff=  1.9628E+00 (116,  4)
n=  3129   udiff=  1.2568E+00 (117,  2)   vdiff=  2.0184E+00 (116,  4)
n=  3130   udiff=  1.2537E+00 (117,  2)   vdiff=  2.0615E+00 (116,  4)
n=  3131   udiff=  1.2422E+00 (117,  2)   vdiff=  2.0920E+00 (116,  4)
n=  3132   udiff=  1.2223E+00 (117,  2)   vdiff=  2.1098E+00 (116,  4)
n=  3133   udiff=  1.1943E+00 (117,  2)   vdiff=  2.1146E+00 (116,  4)
n=  3134   udiff=  1.1583E+00 (117,  2)   vdiff=  2.1066E+00 (116,  4)
n=  3135   udiff=  1.1146E+00 (117,  2)   vdiff=  2.0858E+00 (116,  4)
n=  3136   udiff=  1.0635E+00 (117,  2)   vdiff=  2.0525E+00 (116,  4)
n=  3137   udiff=  1.0054E+00 (117,  2)   vdiff=  2.0068E+00 (116,  4)
n=  3138   udiff=  1.0512E+00 (116,  2)   vdiff=  2.0087E+00 (116,  3)
n=  3139   udiff=  1.1077E+00 (116,  2)   vdiff=  2.0863E+00 (116,  3)
n=  3140   udiff=  1.1570E+00 (116,  2)   vdiff=  2.1512E+00 (116,  3)
n=  3141   udiff=  1.1989E+00 (116,  2)   vdiff=  2.2029E+00 (116,  3)
n=  3142   udiff=  1.2331E+00 (116,  2)   vdiff=  2.2411E+00 (116,  3)
n=  3143   udiff=  1.2593E+00 (116,  2)   vdiff=  2.2656E+00 (116,  3)
n=  3144   udiff=  1.2775E+00 (116,  2)   vdiff=  2.2763E+00 (116,  3)
n=  3145   udiff=  1.2876E+00 (116,  2)   vdiff=  2.2732E+00 (116,  3)
n=  3146   udiff=  1.2894E+00 (116,  2)   vdiff=  2.2562E+00 (116,  3)
n=  3147   udiff=  1.2831E+00 (116,  2)   vdiff=  2.2257E+00 (116,  3)
n=  3148   udiff=  1.2686E+00 (116,  2)   vdiff=  2.1818E+00 (116,  3)
n=  3149   udiff=  1.2461E+00 (116,  2)   vdiff=  2.1248E+00 (116,  3)
n=  3150   udiff=  1.2158E+00 (116,  2)   vdiff=  2.0552E+00 (116,  3)
n=  3151   udiff=  1.1779E+00 (116,  2)   vdiff=  1.9734E+00 (116,  3)
n=  3152   udiff=  1.1327E+00 (116,  2)   vdiff=  1.8802E+00 (116,  3)
n=  3153   udiff=  1.0805E+00 (116,  2)   vdiff=  1.7760E+00 (116,  3)
n=  3154   udiff=  1.0370E+00 (117,  3)   vdiff=  1.6617E+00 (116,  3)
n=  3155   udiff=  1.0023E+00 (117,  3)   vdiff=  1.5381E+00 (116,  3)
n=  3156   udiff=  9.6110E-01 (117,  3)   vdiff=  1.5431E+00 (115,  3)
n=  3157   udiff=  9.1355E-01 (117,  3)   vdiff=  1.6016E+00 (115,  3)
n=  3158   udiff=  9.2026E-01 (118,  3)   vdiff=  1.6505E+00 (115,  3)
n=  3159   udiff=  9.5722E-01 (118,  3)   vdiff=  1.6895E+00 (115,  3)
n=  3160   udiff=  9.9420E-01 (117,  2)   vdiff=  1.7184E+00 (115,  3)
n=  3161   udiff=  1.0484E+00 (117,  2)   vdiff=  1.7371E+00 (115,  3)
n=  3162   udiff=  1.0954E+00 (117,  2)   vdiff=  1.7455E+00 (115,  3)
n=  3163   udiff=  1.1351E+00 (117,  2)   vdiff=  1.7436E+00 (115,  3)
n=  3164   udiff=  1.1671E+00 (117,  2)   vdiff=  1.7315E+00 (115,  3)
n=  3165   udiff=  1.1912E+00 (117,  2)   vdiff=  1.7251E+00 (118,  4)
n=  3166   udiff=  1.2073E+00 (117,  2)   vdiff=  1.7959E+00 (118,  4)
n=  3167   udiff=  1.2153E+00 (117,  2)   vdiff=  1.8564E+00 (118,  4)
n=  3168   udiff=  1.2151E+00 (117,  2)   vdiff=  1.9060E+00 (118,  4)
n=  3169   udiff=  1.2068E+00 (117,  2)   vdiff=  1.9444E+00 (118,  4)
n=  3170   udiff=  1.1905E+00 (117,  2)   vdiff=  1.9715E+00 (118,  4)
n=  3171   udiff=  1.1663E+00 (117,  2)   vdiff=  1.9870E+00 (118,  4)
n=  3172   udiff=  1.1344E+00 (117,  2)   vdiff=  1.9908E+00 (118,  4)
n=  3173   udiff=  1.0949E+00 (117,  2)   vdiff=  1.9830E+00 (118,  4)
n=  3174   udiff=  1.0483E+00 (117,  2)   vdiff=  1.9636E+00 (118,  4)
n=  3175   udiff=  9.9474E-01 (117,  2)   vdiff=  1.9327E+00 (118,  4)
n=  3176   udiff=  9.8116E-01 (118,  2)   vdiff=  1.8905E+00 (118,  4)
n=  3177   udiff=  1.0352E+00 (118,  2)   vdiff=  1.8374E+00 (118,  4)
n=  3178   udiff=  1.0825E+00 (118,  2)   vdiff=  1.8735E+00 (118,  3)
n=  3179   udiff=  1.1227E+00 (118,  2)   vdiff=  1.9313E+00 (118,  3)
n=  3180   udiff=  1.1555E+00 (118,  2)   vdiff=  1.9778E+00 (118,  3)
n=  3181   udiff=  1.1807E+00 (118,  2)   vdiff=  2.0128E+00 (118,  3)
n=  3182   udiff=  1.1983E+00 (118,  2)   vdiff=  2.0359E+00 (118,  3)
n=  3183   udiff=  1.2080E+00 (118,  2)   vdiff=  2.0471E+00 (118,  3)
n=  3184   udiff=  1.2098E+00 (118,  2)   vdiff=  2.0464E+00 (118,  3)
n=  3185   udiff=  1.2037E+00 (118,  2)   vdiff=  2.0336E+00 (118,  3)
n=  3186   udiff=  1.1897E+00 (118,  2)   vdiff=  2.0088E+00 (118,  3)
n=  3187   udiff=  1.1681E+00 (118,  2)   vdiff=  1.9724E+00 (118,  3)
n=  3188   udiff=  1.1388E+00 (118,  2)   vdiff=  1.9244E+00 (118,  3)
n=  3189   udiff=  1.1022E+00 (118,  2)   vdiff=  1.8653E+00 (118,  3)
n=  3190   udiff=  1.0585E+00 (118,  2)   vdiff=  1.7954E+00 (118,  3)
n=  3191   udiff=  1.0079E+00 (118,  2)   vdiff=  1.7152E+00 (118,  3)
n=  3192   udiff=  9.7816E-01 (117,  3)   vdiff=  1.6916E+00 (117,  4)
n=  3193   udiff=  9.4714E-01 (117,  3)   vdiff=  1.6799E+00 (117,  4)
n=  3194   udiff=  9.0983E-01 (117,  3)   vdiff=  1.6583E+00 (117,  4)
n=  3195   udiff=  8.6678E-01 (118,  3)   vdiff=  1.6275E+00 (117,  3)
n=  3196   udiff=  9.1001E-01 (118,  3)   vdiff=  1.6792E+00 (117,  3)
n=  3197   udiff=  9.4715E-01 (118,  3)   vdiff=  1.7210E+00 (117,  3)
n=  3198   udiff=  9.7795E-01 (118,  3)   vdiff=  1.7528E+00 (117,  3)
n=  3199   udiff=  1.0022E+00 (118,  3)   vdiff=  1.7743E+00 (117,  3)
n=  3200   udiff=  1.0221E+00 (117,  2)   vdiff=  1.7853E+00 (117,  3)
n=  3201   udiff=  1.0629E+00 (117,  2)   vdiff=  1.7858E+00 (117,  3)
n=  3202   udiff=  1.0964E+00 (117,  2)   vdiff=  1.7759E+00 (117,  3)
n=  3203   udiff=  1.1225E+00 (117,  2)   vdiff=  1.7556E+00 (117,  3)
n=  3204   udiff=  1.1412E+00 (117,  2)   vdiff=  1.7251E+00 (117,  3)
n=  3205   udiff=  1.1521E+00 (117,  2)   vdiff=  1.7432E+00 (116,  4)
n=  3206   udiff=  1.1554E+00 (117,  2)   vdiff=  1.7838E+00 (116,  4)
n=  3207   udiff=  1.1509E+00 (117,  2)   vdiff=  1.8136E+00 (116,  4)
n=  3208   udiff=  1.1388E+00 (117,  2)   vdiff=  1.8324E+00 (116,  4)
n=  3209   udiff=  1.1191E+00 (117,  2)   vdiff=  1.8400E+00 (116,  4)
n=  3210   udiff=  1.0920E+00 (117,  2)   vdiff=  1.8365E+00 (116,  4)
n=  3211   udiff=  1.0577E+00 (117,  2)   vdiff=  1.8220E+00 (116,  4)
n=  3212   udiff=  1.0163E+00 (117,  2)   vdiff=  1.7964E+00 (116,  4)
n=  3213   udiff=  9.6830E-01 (117,  2)   vdiff=  1.7601E+00 (116,  4)
n=  3214   udiff=  9.1390E-01 (117,  2)   vdiff=  1.7440E+00 (116,  3)
n=  3215   udiff=  9.3466E-01 (118,  2)   vdiff=  1.8192E+00 (116,  3)
n=  3216   udiff=  9.8433E-01 (118,  2)   vdiff=  1.8834E+00 (116,  3)
n=  3217   udiff=  1.0273E+00 (118,  2)   vdiff=  1.9361E+00 (116,  3)
n=  3218   udiff=  1.0633E+00 (118,  2)   vdiff=  1.9772E+00 (116,  3)
n=  3219   udiff=  1.0921E+00 (118,  2)   vdiff=  2.0063E+00 (116,  3)
n=  3220   udiff=  1.1136E+00 (118,  2)   vdiff=  2.0232E+00 (116,  3)
n=  3221   udiff=  1.1276E+00 (118,  2)   vdiff=  2.0279E+00 (116,  3)
n=  3222   udiff=  1.1340E+00 (118,  2)   vdiff=  2.0204E+00 (116,  3)
n=  3223   udiff=  1.1328E+00 (118,  2)   vdiff=  2.0007E+00 (116,  3)
n=  3224   udiff=  1.1241E+00 (118,  2)   vdiff=  1.9691E+00 (116,  3)
n=  3225   udiff=  1.1078E+00 (118,  2)   vdiff=  1.9256E+00 (116,  3)
n=  3226   udiff=  1.0843E+00 (118,  2)   vdiff=  1.8707E+00 (116,  3)
n=  3227   udiff=  1.0535E+00 (118,  2)   vdiff=  1.8048E+00 (116,  3)
n=  3228   udiff=  1.0157E+00 (118,  2)   vdiff=  1.7283E+00 (116,  3)
n=  3229   udiff=  9.7124E-01 (118,  2)   vdiff=  1.6418E+00 (116,  3)
n=  3230   udiff=  9.4647E-01 (117,  3)   vdiff=  1.5458E+00 (116,  3)
n=  3231   udiff=  9.1946E-01 (117,  3)   vdiff=  1.4410E+00 (116,  3)
n=  3232   udiff=  8.8642E-01 (117,  3)   vdiff=  1.3282E+00 (116,  3)
n=  3233   udiff=  8.4757E-01 (117,  3)   vdiff=  1.3133E+00 (115,  3)
n=  3234   udiff=  8.0321E-01 (117,  3)   vdiff=  1.3587E+00 (115,  3)
n=  3235   udiff=  8.3576E-01 (118,  3)   vdiff=  1.3959E+00 (115,  3)
n=  3236   udiff=  8.6867E-01 (117,  2)   vdiff=  1.4247E+00 (115,  3)
n=  3237   udiff=  9.2431E-01 (117,  2)   vdiff=  1.4449E+00 (115,  3)
n=  3238   udiff=  9.7376E-01 (117,  2)   vdiff=  1.4565E+00 (115,  3)
n=  3239   udiff=  1.0167E+00 (117,  2)   vdiff=  1.4595E+00 (115,  3)
n=  3240   udiff=  1.0528E+00 (117,  2)   vdiff=  1.4537E+00 (115,  3)
n=  3241   udiff=  1.0820E+00 (117,  2)   vdiff=  1.4393E+00 (115,  3)
n=  3242   udiff=  1.1040E+00 (117,  2)   vdiff=  1.4621E+00 (118,  4)
n=  3243   udiff=  1.1186E+00 (117,  2)   vdiff=  1.5309E+00 (118,  4)
n=  3244   udiff=  1.1259E+00 (117,  2)   vdiff=  1.5905E+00 (118,  4)
n=  3245   udiff=  1.1258E+00 (117,  2)   vdiff=  1.6406E+00 (118,  4)
n=  3246   udiff=  1.1183E+00 (117,  2)   vdiff=  1.6809E+00 (118,  4)
n=  3247   udiff=  1.1034E+00 (117,  2)   vdiff=  1.7112E+00 (118,  4)
n=  3248   udiff=  1.0814E+00 (117,  2)   vdiff=  1.7313E+00 (118,  4)
n=  3249   udiff=  1.0523E+00 (117,  2)   vdiff=  1.7411E+00 (118,  4)
n=  3250   udiff=  1.0164E+00 (117,  2)   vdiff=  1.7407E+00 (118,  4)
n=  3251   udiff=  9.7394E-01 (117,  2)   vdiff=  1.7299E+00 (118,  4)
n=  3252   udiff=  9.2523E-01 (117,  2)   vdiff=  1.7090E+00 (118,  4)
n=  3253   udiff=  8.9445E-01 (118,  2)   vdiff=  1.6781E+00 (118,  4)
n=  3254   udiff=  9.4662E-01 (118,  2)   vdiff=  1.6374E+00 (118,  4)
n=  3255   udiff=  9.9259E-01 (118,  2)   vdiff=  1.6713E+00 (118,  3)
n=  3256   udiff=  1.0321E+00 (118,  2)   vdiff=  1.7305E+00 (118,  3)
n=  3257   udiff=  1.0648E+00 (118,  2)   vdiff=  1.7795E+00 (118,  3)
n=  3258   udiff=  1.0906E+00 (118,  2)   vdiff=  1.8180E+00 (118,  3)
n=  3259   udiff=  1.1093E+00 (118,  2)   vdiff=  1.8457E+00 (118,  3)
n=  3260   udiff=  1.1208E+00 (118,  2)   vdiff=  1.8626E+00 (118,  3)
n=  3261   udiff=  1.1250E+00 (118,  2)   vdiff=  1.8685E+00 (118,  3)
n=  3262   udiff=  1.1220E+00 (118,  2)   vdiff=  1.8635E+00 (118,  3)
n=  3263   udiff=  1.1117E+00 (118,  2)   vdiff=  1.8475E+00 (118,  3)
n=  3264   udiff=  1.0943E+00 (118,  2)   vdiff=  1.8208E+00 (118,  3)
n=  3265   udiff=  1.0699E+00 (118,  2)   vdiff=  1.7835E+00 (118,  3)
n=  3266   udiff=  1.0387E+00 (118,  2)   vdiff=  1.7359E+00 (118,  3)
n=  3267   udiff=  1.0008E+00 (118,  2)   vdiff=  1.6784E+00 (118,  3)
n=  3268   udiff=  9.5662E-01 (118,  2)   vdiff=  1.6112E+00 (118,  3)
n=  3269   udiff=  9.0639E-01 (118,  2)   vdiff=  1.5350E+00 (118,  3)
n=  3270   udiff=  8.5048E-01 (118,  2)   vdiff=  1.4502E+00 (118,  3)
n=  3271   udiff=  7.9416E-01 (117,  3)   vdiff=  1.4282E+00 (117,  4)
n=  3272   udiff=  7.8208E-01 (118,  3)   vdiff=  1.4345E+00 (117,  3)
n=  3273   udiff=  8.1830E-01 (118,  3)   vdiff=  1.4860E+00 (117,  3)
n=  3274   udiff=  8.4903E-01 (118,  3)   vdiff=  1.5287E+00 (117,  3)
n=  3275   udiff=  8.7408E-01 (118,  3)   vdiff=  1.5623E+00 (117,  3)
n=  3276   udiff=  8.9330E-01 (118,  3)   vdiff=  1.5867E+00 (117,  3)
n=  3277   udiff=  9.1723E-01 (117,  2)   vdiff=  1.6017E+00 (117,  3)
n=  3278   udiff=  9.5530E-01 (117,  2)   vdiff=  1.6073E+00 (117,  3)
n=  3279   udiff=  9.8692E-01 (117,  2)   vdiff=  1.6035E+00 (117,  3)
n=  3280   udiff=  1.0119E+00 (117,  2)   vdiff=  1.5903E+00 (117,  3)
n=  3281   udiff=  1.0301E+00 (117,  2)   vdiff=  1.5679E+00 (117,  3)
n=  3282   udiff=  1.0414E+00 (117,  2)   vdiff=  1.5364E+00 (117,  3)
n=  3283   udiff=  1.0458E+00 (117,  2)   vdiff=  1.5150E+00 (116,  4)
n=  3284   udiff=  1.0433E+00 (117,  2)   vdiff=  1.5371E+00 (116,  4)
n=  3285   udiff=  1.0338E+00 (117,  2)   vdiff=  1.5497E+00 (116,  4)
n=  3286   udiff=  1.0176E+00 (117,  2)   vdiff=  1.5527E+00 (116,  4)
n=  3287   udiff=  9.9465E-01 (117,  2)   vdiff=  1.5462E+00 (116,  4)
n=  3288   udiff=  9.6520E-01 (117,  2)   vdiff=  1.5303E+00 (116,  4)
n=  3289   udiff=  9.2945E-01 (117,  2)   vdiff=  1.5051E+00 (116,  4)
n=  3290   udiff=  8.8765E-01 (117,  2)   vdiff=  1.4708E+00 (116,  4)
n=  3291   udiff=  8.4010E-01 (117,  2)   vdiff=  1.4968E+00 (116,  3)
n=  3292   udiff=  8.4282E-01 (118,  4)   vdiff=  1.5631E+00 (116,  3)
n=  3293   udiff=  8.7333E-01 (118,  4)   vdiff=  1.6197E+00 (116,  3)
n=  3294   udiff=  9.1518E-01 (118,  2)   vdiff=  1.6664E+00 (116,  3)
n=  3295   udiff=  9.5142E-01 (118,  2)   vdiff=  1.7029E+00 (116,  3)
n=  3296   udiff=  9.8127E-01 (118,  2)   vdiff=  1.7289E+00 (116,  3)
n=  3297   udiff=  1.0046E+00 (118,  2)   vdiff=  1.7444E+00 (116,  3)
n=  3298   udiff=  1.0212E+00 (118,  2)   vdiff=  1.7492E+00 (116,  3)
n=  3299   udiff=  1.0310E+00 (118,  2)   vdiff=  1.7435E+00 (116,  3)
n=  3300   udiff=  1.0340E+00 (118,  2)   vdiff=  1.7271E+00 (116,  3)
n=  3301   udiff=  1.0303E+00 (118,  2)   vdiff=  1.7004E+00 (116,  3)
n=  3302   udiff=  1.0197E+00 (118,  2)   vdiff=  1.6635E+00 (116,  3)
n=  3303   udiff=  1.0026E+00 (118,  2)   vdiff=  1.6167E+00 (116,  3)
n=  3304   udiff=  9.7886E-01 (118,  2)   vdiff=  1.5603E+00 (116,  3)
n=  3305   udiff=  9.4883E-01 (118,  2)   vdiff=  1.4948E+00 (116,  3)
n=  3306   udiff=  9.1269E-01 (118,  2)   vdiff=  1.4206E+00 (116,  3)
n=  3307   udiff=  8.7069E-01 (118,  2)   vdiff=  1.3383E+00 (116,  3)
n=  3308   udiff=  8.2313E-01 (118,  2)   vdiff=  1.2485E+00 (116,  3)
n=  3309   udiff=  7.7034E-01 (118,  2)   vdiff=  1.1517E+00 (116,  3)
n=  3310   udiff=  7.2943E-01 (117,  3)   vdiff=  1.1350E+00 (115,  3)
n=  3311   udiff=  7.2391E-01 (116,  3)   vdiff=  1.1700E+00 (115,  3)
n=  3312   udiff=  7.4968E-01 (116,  3)   vdiff=  1.1979E+00 (115,  3)
n=  3313   udiff=  7.7041E-01 (116,  3)   vdiff=  1.2186E+00 (115,  3)
n=  3314   udiff=  7.9832E-01 (117,  2)   vdiff=  1.2319E+00 (115,  3)
n=  3315   udiff=  8.4339E-01 (117,  2)   vdiff=  1.2377E+00 (115,  3)
n=  3316   udiff=  8.8274E-01 (117,  2)   vdiff=  1.2362E+00 (115,  3)
n=  3317   udiff=  9.1614E-01 (117,  2)   vdiff=  1.2272E+00 (115,  3)
n=  3318   udiff=  9.4337E-01 (117,  2)   vdiff=  1.2109E+00 (115,  3)
n=  3319   udiff=  9.6429E-01 (117,  2)   vdiff=  1.1875E+00 (115,  3)
n=  3320   udiff=  9.7876E-01 (117,  2)   vdiff=  1.1886E+00 (118,  4)
n=  3321   udiff=  9.8673E-01 (117,  2)   vdiff=  1.2404E+00 (118,  4)
n=  3322   udiff=  9.8816E-01 (117,  2)   vdiff=  1.2846E+00 (118,  4)
n=  3323   udiff=  9.8306E-01 (117,  2)   vdiff=  1.3209E+00 (118,  4)
n=  3324   udiff=  9.7150E-01 (117,  2)   vdiff=  1.3491E+00 (118,  4)
n=  3325   udiff=  9.5357E-01 (117,  2)   vdiff=  1.3691E+00 (118,  4)
n=  3326   udiff=  9.2942E-01 (117,  2)   vdiff=  1.3809E+00 (118,  4)
n=  3327   udiff=  8.9923E-01 (117,  2)   vdiff=  1.3843E+00 (118,  4)
n=  3328   udiff=  8.6324E-01 (117,  2)   vdiff=  1.3794E+00 (118,  4)
n=  3329   udiff=  8.2169E-01 (117,  2)   vdiff=  1.3664E+00 (118,  4)
n=  3330   udiff=  7.8215E-01 (118,  4)   vdiff=  1.3453E+00 (118,  4)
n=  3331   udiff=  8.1483E-01 (118,  4)   vdiff=  1.3163E+00 (118,  4)
n=  3332   udiff=  8.4207E-01 (118,  4)   vdiff=  1.3538E+00 (118,  3)
n=  3333   udiff=  8.6384E-01 (118,  2)   vdiff=  1.4109E+00 (118,  3)
n=  3334   udiff=  8.9633E-01 (118,  2)   vdiff=  1.4595E+00 (118,  3)
n=  3335   udiff=  9.2286E-01 (118,  2)   vdiff=  1.4994E+00 (118,  3)
n=  3336   udiff=  9.4327E-01 (118,  2)   vdiff=  1.5304E+00 (118,  3)
n=  3337   udiff=  9.5747E-01 (118,  2)   vdiff=  1.5522E+00 (118,  3)
n=  3338   udiff=  9.6538E-01 (118,  2)   vdiff=  1.5649E+00 (118,  3)
n=  3339   udiff=  9.6698E-01 (118,  2)   vdiff=  1.5683E+00 (118,  3)
n=  3340   udiff=  9.6229E-01 (118,  2)   vdiff=  1.5626E+00 (118,  3)
n=  3341   udiff=  9.5136E-01 (118,  2)   vdiff=  1.5477E+00 (118,  3)
n=  3342   udiff=  9.3429E-01 (118,  2)   vdiff=  1.5238E+00 (118,  3)
n=  3343   udiff=  9.1122E-01 (118,  2)   vdiff=  1.4912E+00 (118,  3)
n=  3344   udiff=  8.8234E-01 (118,  2)   vdiff=  1.4500E+00 (118,  3)
n=  3345   udiff=  8.4785E-01 (118,  2)   vdiff=  1.4007E+00 (118,  3)
n=  3346   udiff=  8.0800E-01 (118,  2)   vdiff=  1.3436E+00 (118,  3)
n=  3347   udiff=  7.6309E-01 (118,  2)   vdiff=  1.2790E+00 (118,  3)
n=  3348   udiff=  7.1343E-01 (118,  2)   vdiff=  1.2075E+00 (118,  3)
n=  3349   udiff=  6.9622E-01 (118,  3)   vdiff=  1.1661E+00 (117,  3)
n=  3350   udiff=  7.2542E-01 (118,  3)   vdiff=  1.2134E+00 (117,  3)
n=  3351   udiff=  7.4978E-01 (118,  3)   vdiff=  1.2535E+00 (117,  3)
n=  3352   udiff=  7.6915E-01 (118,  3)   vdiff=  1.2860E+00 (117,  3)
n=  3353   udiff=  7.8341E-01 (118,  3)   vdiff=  1.3109E+00 (117,  3)
n=  3354   udiff=  7.9250E-01 (118,  3)   vdiff=  1.3279E+00 (117,  3)
n=  3355   udiff=  8.2426E-01 (117,  2)   vdiff=  1.3371E+00 (117,  3)
n=  3356   udiff=  8.5293E-01 (117,  2)   vdiff=  1.3383E+00 (117,  3)
n=  3357   udiff=  8.7585E-01 (117,  2)   vdiff=  1.3317E+00 (117,  3)
n=  3358   udiff=  8.9289E-01 (117,  2)   vdiff=  1.3173E+00 (117,  3)
n=  3359   udiff=  9.0396E-01 (117,  2)   vdiff=  1.2953E+00 (117,  3)
n=  3360   udiff=  9.0901E-01 (117,  2)   vdiff=  1.2871E+00 (116,  4)
n=  3361   udiff=  9.0803E-01 (117,  2)   vdiff=  1.3019E+00 (116,  4)
n=  3362   udiff=  9.0106E-01 (117,  2)   vdiff=  1.3087E+00 (116,  4)
n=  3363   udiff=  8.8815E-01 (117,  2)   vdiff=  1.3075E+00 (116,  4)
n=  3364   udiff=  8.6943E-01 (117,  2)   vdiff=  1.2983E+00 (116,  4)
n=  3365   udiff=  8.4503E-01 (117,  2)   vdiff=  1.2813E+00 (116,  4)
n=  3366   udiff=  8.1514E-01 (117,  2)   vdiff=  1.2566E+00 (116,  4)
n=  3367   udiff=  7.7998E-01 (117,  2)   vdiff=  1.2243E+00 (116,  4)
n=  3368   udiff=  7.3981E-01 (117,  2)   vdiff=  1.2674E+00 (116,  3)
n=  3369   udiff=  7.2753E-01 (118,  4)   vdiff=  1.3226E+00 (116,  3)
n=  3370   udiff=  7.5577E-01 (118,  4)   vdiff=  1.3697E+00 (116,  3)
n=  3371   udiff=  7.7886E-01 (118,  4)   vdiff=  1.4084E+00 (116,  3)
n=  3372   udiff=  8.0398E-01 (116,  2)   vdiff=  1.4384E+00 (116,  3)
n=  3373   udiff=  8.2474E-01 (116,  2)   vdiff=  1.4596E+00 (116,  3)
n=  3374   udiff=  8.4009E-01 (116,  2)   vdiff=  1.4719E+00 (116,  3)
n=  3375   udiff=  8.5148E-01 (118,  2)   vdiff=  1.4753E+00 (116,  3)
n=  3376   udiff=  8.6324E-01 (118,  2)   vdiff=  1.4697E+00 (116,  3)
n=  3377   udiff=  8.6926E-01 (118,  2)   vdiff=  1.4552E+00 (116,  3)
n=  3378   udiff=  8.6956E-01 (118,  2)   vdiff=  1.4320E+00 (116,  3)
n=  3379   udiff=  8.6416E-01 (118,  2)   vdiff=  1.4003E+00 (116,  3)
n=  3380   udiff=  8.5312E-01 (118,  2)   vdiff=  1.3602E+00 (116,  3)
n=  3381   udiff=  8.3656E-01 (118,  2)   vdiff=  1.3122E+00 (116,  3)
n=  3382   udiff=  8.1460E-01 (118,  2)   vdiff=  1.2566E+00 (116,  3)
n=  3383   udiff=  7.8743E-01 (118,  2)   vdiff=  1.1937E+00 (116,  3)
n=  3384   udiff=  7.5526E-01 (118,  2)   vdiff=  1.1240E+00 (116,  3)
n=  3385   udiff=  7.1831E-01 (118,  2)   vdiff=  1.0481E+00 (116,  3)
n=  3386   udiff=  6.7687E-01 (118,  2)   vdiff=  9.7641E-01 (115,  3)
n=  3387   udiff=  6.3124E-01 (118,  2)   vdiff=  1.0101E+00 (115,  3)
n=  3388   udiff=  6.4084E-01 (116,  3)   vdiff=  1.0377E+00 (115,  3)
n=  3389   udiff=  6.6112E-01 (116,  3)   vdiff=  1.0591E+00 (115,  3)
n=  3390   udiff=  6.7697E-01 (116,  3)   vdiff=  1.0741E+00 (115,  3)
n=  3391   udiff=  6.8829E-01 (116,  3)   vdiff=  1.0828E+00 (115,  3)
n=  3392   udiff=  7.1145E-01 (117,  2)   vdiff=  1.0850E+00 (115,  3)
n=  3393   udiff=  7.4623E-01 (117,  2)   vdiff=  1.0808E+00 (115,  3)
n=  3394   udiff=  7.7595E-01 (117,  2)   vdiff=  1.0702E+00 (115,  3)
n=  3395   udiff=  8.0043E-01 (117,  2)   vdiff=  1.0534E+00 (115,  3)
n=  3396   udiff=  8.1953E-01 (117,  2)   vdiff=  1.0303E+00 (115,  3)
n=  3397   udiff=  8.3316E-01 (117,  2)   vdiff=  1.0013E+00 (115,  3)
n=  3398   udiff=  8.4124E-01 (117,  2)   vdiff=  9.6659E-01 (115,  3)
n=  3399   udiff=  8.4375E-01 (117,  2)   vdiff=  9.5957E-01 (116,  4)
n=  3400   udiff=  8.4070E-01 (117,  2)   vdiff=  9.6855E-01 (116,  4)
n=  3401   udiff=  8.3214E-01 (117,  2)   vdiff=  9.7319E-01 (118,  4)
n=  3402   udiff=  8.1815E-01 (117,  2)   vdiff=  9.8237E-01 (118,  4)
n=  3403   udiff=  7.9886E-01 (117,  2)   vdiff=  9.8528E-01 (118,  4)
n=  3404   udiff=  7.7442E-01 (117,  2)   vdiff=  9.8193E-01 (118,  4)
n=  3405   udiff=  7.4502E-01 (117,  2)   vdiff=  9.7240E-01 (118,  4)
n=  3406   udiff=  7.1087E-01 (117,  2)   vdiff=  9.5678E-01 (118,  4)
n=  3407   udiff=  6.7224E-01 (117,  2)   vdiff=  9.8641E-01 (114,  3)
n=  3408   udiff=  6.7906E-01 (118,  4)   vdiff=  1.0105E+00 (114,  3)
n=  3409   udiff=  7.0250E-01 (118,  4)   vdiff=  1.0285E+00 (114,  3)
n=  3410   udiff=  7.2114E-01 (118,  4)   vdiff=  1.0521E+00 (116,  3)
n=  3411   udiff=  7.3488E-01 (118,  4)   vdiff=  1.0759E+00 (116,  3)
n=  3412   udiff=  7.4364E-01 (118,  4)   vdiff=  1.0923E+00 (118,  3)
n=  3413   udiff=  7.5395E-01 (116,  2)   vdiff=  1.1162E+00 (118,  3)
n=  3414   udiff=  7.6133E-01 (116,  2)   vdiff=  1.1331E+00 (118,  3)
n=  3415   udiff=  7.6550E-01 (118,  2)   vdiff=  1.1430E+00 (118,  3)
n=  3416   udiff=  7.6894E-01 (118,  2)   vdiff=  1.1457E+00 (118,  3)
n=  3417   udiff=  7.6725E-01 (118,  2)   vdiff=  1.1414E+00 (118,  3)
n=  3418   udiff=  7.6048E-01 (118,  2)   vdiff=  1.1302E+00 (118,  3)
n=  3419   udiff=  7.4871E-01 (118,  2)   vdiff=  1.1121E+00 (118,  3)
n=  3420   udiff=  7.3204E-01 (118,  2)   vdiff=  1.0874E+00 (118,  3)
n=  3421   udiff=  7.1062E-01 (118,  2)   vdiff=  1.0562E+00 (118,  3)
n=  3422   udiff=  6.8462E-01 (118,  2)   vdiff=  1.0188E+00 (118,  3)
n=  3423   udiff=  6.5424E-01 (118,  2)   vdiff=  9.7554E-01 (118,  3)
n=  3424   udiff=  6.1971E-01 (118,  2)   vdiff=  9.2672E-01 (118,  3)
n=  3425   udiff=  5.8129E-01 (118,  2)   vdiff=  8.7273E-01 (118,  3)
n=  3426   udiff=  5.9345E-01 (118,  3)   vdiff=  8.6981E-01 (117,  3)
n=  3427   udiff=  6.1543E-01 (118,  3)   vdiff=  9.0703E-01 (117,  3)
n=  3428   udiff=  6.3325E-01 (118,  3)   vdiff=  9.3855E-01 (117,  3)
n=  3429   udiff=  6.4680E-01 (118,  3)   vdiff=  9.6419E-01 (117,  3)
n=  3430   udiff=  6.5601E-01 (118,  3)   vdiff=  9.8382E-01 (117,  3)
n=  3431   udiff=  6.6083E-01 (118,  3)   vdiff=  9.9736E-01 (117,  3)
n=  3432   udiff=  6.7223E-01 (117,  2)   vdiff=  1.0048E+00 (117,  3)
n=  3433   udiff=  6.9687E-01 (117,  2)   vdiff=  1.0060E+00 (117,  3)
n=  3434   udiff=  7.1671E-01 (117,  2)   vdiff=  1.0011E+00 (117,  3)
n=  3435   udiff=  7.3166E-01 (117,  2)   vdiff=  9.9021E-01 (117,  3)
n=  3436   udiff=  7.4162E-01 (117,  2)   vdiff=  9.9302E-01 (116,  4)
n=  3437   udiff=  7.4658E-01 (117,  2)   vdiff=  1.0076E+00 (116,  4)
n=  3438   udiff=  7.4651E-01 (117,  2)   vdiff=  1.0158E+00 (116,  4)
n=  3439   udiff=  7.4145E-01 (117,  2)   vdiff=  1.0176E+00 (116,  4)
n=  3440   udiff=  7.3146E-01 (117,  2)   vdiff=  1.0131E+00 (116,  4)
n=  3441   udiff=  7.1664E-01 (117,  2)   vdiff=  1.0022E+00 (116,  4)
n=  3442   udiff=  6.9710E-01 (117,  2)   vdiff=  9.8515E-01 (116,  4)
n=  3443   udiff=  6.7301E-01 (117,  2)   vdiff=  9.6204E-01 (116,  4)
n=  3444   udiff=  6.4455E-01 (117,  2)   vdiff=  9.4608E-01 (116,  3)
n=  3445   udiff=  6.1192E-01 (117,  2)   vdiff=  9.9600E-01 (116,  3)
n=  3446   udiff=  6.1309E-01 (116,  4)   vdiff=  1.0396E+00 (116,  3)
n=  3447   udiff=  6.3046E-01 (116,  4)   vdiff=  1.0765E+00 (116,  3)
n=  3448   udiff=  6.4527E-01 (116,  2)   vdiff=  1.1066E+00 (116,  3)
n=  3449   udiff=  6.6878E-01 (116,  2)   vdiff=  1.1297E+00 (116,  3)
n=  3450   udiff=  6.8784E-01 (116,  2)   vdiff=  1.1457E+00 (116,  3)
n=  3451   udiff=  7.0235E-01 (116,  2)   vdiff=  1.1546E+00 (116,  3)
n=  3452   udiff=  7.1224E-01 (116,  2)   vdiff=  1.1562E+00 (116,  3)
n=  3453   udiff=  7.1746E-01 (116,  2)   vdiff=  1.1507E+00 (116,  3)
n=  3454   udiff=  7.1800E-01 (116,  2)   vdiff=  1.1382E+00 (116,  3)
n=  3455   udiff=  7.1389E-01 (116,  2)   vdiff=  1.1186E+00 (116,  3)
n=  3456   udiff=  7.0517E-01 (116,  2)   vdiff=  1.0924E+00 (116,  3)
n=  3457   udiff=  6.9192E-01 (116,  2)   vdiff=  1.0596E+00 (116,  3)
n=  3458   udiff=  6.7427E-01 (116,  2)   vdiff=  1.0204E+00 (116,  3)
n=  3459   udiff=  6.5235E-01 (116,  2)   vdiff=  9.7537E-01 (116,  3)
n=  3460   udiff=  6.2632E-01 (116,  2)   vdiff=  9.2465E-01 (116,  3)
n=  3461   udiff=  5.9639E-01 (116,  2)   vdiff=  8.6868E-01 (116,  3)
n=  3462   udiff=  5.6276E-01 (116,  2)   vdiff=  8.0787E-01 (116,  3)
n=  3463   udiff=  5.2570E-01 (116,  2)   vdiff=  7.9292E-01 (115,  3)
n=  3464   udiff=  5.2014E-01 (116,  3)   vdiff=  8.2174E-01 (115,  3)
n=  3465   udiff=  5.3874E-01 (116,  3)   vdiff=  8.4553E-01 (115,  3)
n=  3466   udiff=  5.5365E-01 (116,  3)   vdiff=  8.6417E-01 (115,  3)
n=  3467   udiff=  5.6481E-01 (116,  3)   vdiff=  8.7757E-01 (115,  3)
n=  3468   udiff=  5.7214E-01 (116,  3)   vdiff=  8.8567E-01 (115,  3)
n=  3469   udiff=  5.8564E-01 (117,  4)   vdiff=  8.8845E-01 (115,  3)
n=  3470   udiff=  5.9759E-01 (117,  4)   vdiff=  8.8592E-01 (115,  3)
n=  3471   udiff=  6.1925E-01 (117,  2)   vdiff=  8.7813E-01 (115,  3)
n=  3472   udiff=  6.3855E-01 (117,  2)   vdiff=  8.6516E-01 (115,  3)
n=  3473   udiff=  6.5345E-01 (117,  2)   vdiff=  8.4713E-01 (115,  3)
n=  3474   udiff=  6.6387E-01 (117,  2)   vdiff=  8.2420E-01 (115,  3)
n=  3475   udiff=  6.6977E-01 (117,  2)   vdiff=  7.9654E-01 (115,  3)
n=  3476   udiff=  6.7114E-01 (117,  2)   vdiff=  7.9441E-01 (118,  4)
n=  3477   udiff=  6.6799E-01 (117,  2)   vdiff=  7.9938E-01 (118,  4)
n=  3478   udiff=  6.6037E-01 (117,  2)   vdiff=  7.9926E-01 (118,  4)
n=  3479   udiff=  6.4836E-01 (117,  2)   vdiff=  7.9405E-01 (118,  4)
n=  3480   udiff=  6.3206E-01 (117,  2)   vdiff=  7.8381E-01 (118,  4)
n=  3481   udiff=  6.1161E-01 (117,  2)   vdiff=  7.6864E-01 (118,  4)
n=  3482   udiff=  5.8717E-01 (117,  2)   vdiff=  7.4864E-01 (118,  4)
n=  3483   udiff=  5.5893E-01 (117,  2)   vdiff=  7.7931E-01 (114,  3)
n=  3484   udiff=  5.6033E-01 (116,  4)   vdiff=  8.0663E-01 (114,  3)
n=  3485   udiff=  5.7778E-01 (116,  4)   vdiff=  8.2904E-01 (114,  3)
n=  3486   udiff=  5.9130E-01 (116,  4)   vdiff=  8.4644E-01 (114,  3)
n=  3487   udiff=  6.0081E-01 (116,  4)   vdiff=  8.5873E-01 (114,  3)
n=  3488   udiff=  6.0721E-01 (118,  4)   vdiff=  8.6585E-01 (114,  3)
n=  3489   udiff=  6.1159E-01 (118,  4)   vdiff=  8.6781E-01 (114,  3)
n=  3490   udiff=  6.1178E-01 (118,  4)   vdiff=  8.7093E-01 (118,  3)
n=  3491   udiff=  6.1440E-01 (116,  2)   vdiff=  8.7429E-01 (118,  3)
n=  3492   udiff=  6.1740E-01 (116,  2)   vdiff=  8.7214E-01 (118,  3)
n=  3493   udiff=  6.1624E-01 (116,  2)   vdiff=  8.6453E-01 (118,  3)
n=  3494   udiff=  6.1093E-01 (116,  2)   vdiff=  8.5153E-01 (118,  3)
n=  3495   udiff=  6.0155E-01 (116,  2)   vdiff=  8.3326E-01 (118,  3)
n=  3496   udiff=  5.8818E-01 (116,  2)   vdiff=  8.0987E-01 (118,  3)
n=  3497   udiff=  5.7094E-01 (116,  2)   vdiff=  7.8156E-01 (118,  3)
n=  3498   udiff=  5.4995E-01 (116,  2)   vdiff=  7.4855E-01 (118,  3)
n=  3499   udiff=  5.2540E-01 (116,  2)   vdiff=  7.1109E-01 (118,  3)
n=  3500   udiff=  4.9745E-01 (116,  2)   vdiff=  6.6945E-01 (118,  3)
 FAILED to converge in maximum time steps        3500
