 Forming PPE matrix
 Calculating LU decomposition of PPE matrix
 Starting time step loop
n=     1   udiff=  3.3880E+03 ( 61, 15)   vdiff=  2.8861E+03 ( 60, 16)
n=     2   udiff=  4.6513E+02 ( 61, 15)   vdiff=  3.4732E+02 ( 60, 16)
n=     3   udiff=  3.3095E+02 ( 61, 15)   vdiff=  2.5956E+02 ( 60, 16)
n=     4   udiff=  2.4578E+02 ( 61, 15)   vdiff=  1.9963E+02 ( 60, 16)
n=     5   udiff=  1.9371E+02 ( 62, 15)   vdiff=  1.5715E+02 ( 60, 16)
n=     6   udiff=  1.5759E+02 ( 62, 15)   vdiff=  1.2612E+02 ( 60, 16)
n=     7   udiff=  1.2893E+02 ( 62, 15)   vdiff=  1.0290E+02 ( 60, 16)
n=     8   udiff=  1.0627E+02 ( 62, 15)   vdiff=  8.5197E+01 ( 60, 16)
n=     9   udiff=  8.8317E+01 ( 62, 15)   vdiff=  7.1469E+01 ( 60, 16)
n=    10   udiff=  7.4712E+01 ( 63, 15)   vdiff=  6.0674E+01 ( 60, 16)
n=    11   udiff=  6.3868E+01 ( 63, 15)   vdiff=  5.2078E+01 ( 60, 16)
n=    12   udiff=  5.4915E+01 ( 63, 15)   vdiff=  4.5155E+01 ( 60, 16)
n=    13   udiff=  4.7505E+01 ( 63, 15)   vdiff=  3.9521E+01 ( 60, 16)
n=    14   udiff=  4.1465E+01 ( 62, 14)   vdiff=  3.4889E+01 ( 60, 16)
n=    15   udiff=  3.9793E+01 ( 62, 14)   vdiff=  3.1046E+01 ( 60, 16)
n=    16   udiff=  3.8038E+01 ( 62, 14)   vdiff=  2.7829E+01 ( 60, 16)
n=    17   udiff=  3.6589E+01 ( 63, 14)   vdiff=  2.5113E+01 ( 60, 16)
n=    18   udiff=  3.5147E+01 ( 63, 14)   vdiff=  2.2800E+01 ( 60, 16)
n=    19   udiff=  3.3684E+01 ( 63, 14)   vdiff=  2.0816E+01 ( 60, 16)
n=    20   udiff=  3.2228E+01 ( 63, 14)   vdiff=  1.9102E+01 ( 60, 16)
n=    21   udiff=  3.0799E+01 ( 63, 14)   vdiff=  1.7609E+01 ( 60, 16)
n=    22   udiff=  2.9412E+01 ( 63, 14)   vdiff=  1.6302E+01 ( 60, 16)
n=    23   udiff=  2.8076E+01 ( 63, 14)   vdiff=  1.5149E+01 ( 60, 16)
n=    24   udiff=  2.6826E+01 ( 64, 14)   vdiff=  1.4126E+01 ( 60, 16)
n=    25   udiff=  2.5728E+01 ( 64, 14)   vdiff=  1.3298E+01 ( 59, 16)
n=    26   udiff=  2.4671E+01 ( 64, 14)   vdiff=  1.2724E+01 ( 59, 16)
n=    27   udiff=  2.3658E+01 ( 64, 14)   vdiff=  1.2184E+01 ( 59, 16)
n=    28   udiff=  2.2689E+01 ( 64, 14)   vdiff=  1.1675E+01 ( 59, 16)
n=    29   udiff=  2.1764E+01 ( 64, 14)   vdiff=  1.1196E+01 ( 59, 16)
n=    30   udiff=  2.0883E+01 ( 64, 14)   vdiff=  1.0745E+01 ( 59, 16)
n=    31   udiff=  2.0044E+01 ( 64, 14)   vdiff=  1.0319E+01 ( 59, 16)
n=    32   udiff=  1.9246E+01 ( 64, 14)   vdiff=  9.9180E+00 ( 59, 16)
n=    33   udiff=  1.8488E+01 ( 64, 14)   vdiff=  9.5394E+00 ( 59, 16)
n=    34   udiff=  1.7804E+01 ( 65, 14)   vdiff=  9.1819E+00 ( 59, 16)
n=    35   udiff=  1.7167E+01 ( 65, 14)   vdiff=  8.8440E+00 ( 59, 16)
n=    36   udiff=  1.6560E+01 ( 65, 14)   vdiff=  8.5245E+00 ( 59, 16)
n=    37   udiff=  1.5980E+01 ( 65, 14)   vdiff=  8.2220E+00 ( 59, 16)
n=    38   udiff=  1.5427E+01 ( 65, 14)   vdiff=  7.9355E+00 ( 59, 16)
n=    39   udiff=  1.4900E+01 ( 65, 14)   vdiff=  7.6638E+00 ( 59, 16)
n=    40   udiff=  1.4397E+01 ( 65, 14)   vdiff=  7.4060E+00 ( 59, 16)
n=    41   udiff=  1.3916E+01 ( 65, 14)   vdiff=  7.1611E+00 ( 59, 16)
n=    42   udiff=  1.3457E+01 ( 65, 14)   vdiff=  6.9283E+00 ( 59, 16)
n=    43   udiff=  1.3019E+01 ( 65, 14)   vdiff=  6.7068E+00 ( 59, 16)
n=    44   udiff=  1.2602E+01 ( 66, 14)   vdiff=  6.4959E+00 ( 59, 16)
n=    45   udiff=  1.2232E+01 ( 66, 14)   vdiff=  6.2949E+00 ( 59, 16)
n=    46   udiff=  1.1877E+01 ( 66, 14)   vdiff=  6.1033E+00 ( 59, 16)
n=    47   udiff=  1.1536E+01 ( 66, 14)   vdiff=  5.9204E+00 ( 59, 16)
n=    48   udiff=  1.1209E+01 ( 66, 14)   vdiff=  5.7457E+00 ( 59, 16)
n=    49   udiff=  1.0894E+01 ( 66, 14)   vdiff=  5.5787E+00 ( 59, 16)
n=    50   udiff=  1.0658E+01 ( 65, 13)   vdiff=  5.4191E+00 ( 59, 16)
n=    51   udiff=  1.0463E+01 ( 65, 13)   vdiff=  5.2662E+00 ( 59, 16)
n=    52   udiff=  1.0270E+01 ( 65, 13)   vdiff=  5.1199E+00 ( 59, 16)
n=    53   udiff=  1.0096E+01 ( 66, 13)   vdiff=  4.9796E+00 ( 59, 16)
n=    54   udiff=  9.9259E+00 ( 66, 13)   vdiff=  4.8450E+00 ( 59, 16)
n=    55   udiff=  9.7573E+00 ( 66, 13)   vdiff=  4.7160E+00 ( 59, 16)
n=    56   udiff=  9.5907E+00 ( 66, 13)   vdiff=  4.5920E+00 ( 59, 16)
n=    57   udiff=  9.4259E+00 ( 66, 13)   vdiff=  4.4729E+00 ( 59, 16)
n=    58   udiff=  9.2633E+00 ( 66, 13)   vdiff=  4.3585E+00 ( 59, 16)
n=    59   udiff=  9.1028E+00 ( 66, 13)   vdiff=  4.2484E+00 ( 59, 16)
n=    60   udiff=  8.9446E+00 ( 66, 13)   vdiff=  4.1425E+00 ( 59, 16)
n=    61   udiff=  8.7886E+00 ( 66, 13)   vdiff=  4.0405E+00 ( 59, 16)
n=    62   udiff=  8.6351E+00 ( 66, 13)   vdiff=  3.9423E+00 ( 59, 16)
n=    63   udiff=  8.4955E+00 ( 67, 13)   vdiff=  3.8476E+00 ( 59, 16)
n=    64   udiff=  8.3608E+00 ( 67, 13)   vdiff=  3.7563E+00 ( 59, 16)
n=    65   udiff=  8.2280E+00 ( 67, 13)   vdiff=  3.6683E+00 ( 59, 16)
n=    66   udiff=  8.0973E+00 ( 67, 13)   vdiff=  3.5890E+00 (119, 11)
n=    67   udiff=  7.9694E+00 ( 67, 13)   vdiff=  3.5350E+00 (119, 11)
n=    68   udiff=  7.8436E+00 ( 67, 13)   vdiff=  3.4823E+00 (119, 11)
n=    69   udiff=  7.7197E+00 ( 67, 13)   vdiff=  3.4308E+00 (119, 11)
n=    70   udiff=  7.5977E+00 ( 67, 13)   vdiff=  3.3804E+00 (119, 11)
n=    71   udiff=  7.4776E+00 ( 67, 13)   vdiff=  3.3313E+00 (119, 11)
n=    72   udiff=  7.3594E+00 ( 67, 13)   vdiff=  3.2832E+00 (119, 11)
n=    73   udiff=  7.2429E+00 ( 67, 13)   vdiff=  3.2361E+00 (119, 11)
n=    74   udiff=  7.1283E+00 ( 67, 13)   vdiff=  3.1901E+00 (119, 11)
n=    75   udiff=  7.0226E+00 ( 68, 13)   vdiff=  3.1451E+00 (119, 11)
n=    76   udiff=  6.9208E+00 ( 68, 13)   vdiff=  3.1010E+00 (119, 11)
n=    77   udiff=  6.8205E+00 ( 68, 13)   vdiff=  3.0579E+00 (119, 11)
n=    78   udiff=  6.7217E+00 ( 68, 13)   vdiff=  3.0156E+00 (119, 11)
n=    79   udiff=  6.6244E+00 ( 68, 13)   vdiff=  2.9742E+00 (119, 11)
n=    80   udiff=  6.5286E+00 ( 68, 13)   vdiff=  2.9337E+00 (119, 11)
n=    81   udiff=  6.4342E+00 ( 68, 13)   vdiff=  2.8940E+00 (119, 11)
n=    82   udiff=  6.3411E+00 ( 68, 13)   vdiff=  2.8550E+00 (119, 11)
n=    83   udiff=  6.2489E+00 ( 68, 13)   vdiff=  2.8169E+00 (119, 11)
n=    84   udiff=  6.1579E+00 ( 68, 13)   vdiff=  2.7851E+00 (119, 10)
n=    85   udiff=  6.0684E+00 ( 68, 13)   vdiff=  2.7558E+00 (119, 10)
n=    86   udiff=  5.9802E+00 ( 68, 13)   vdiff=  2.7269E+00 (119, 10)
n=    87   udiff=  5.8987E+00 ( 69, 13)   vdiff=  2.6985E+00 (119, 10)
n=    88   udiff=  5.8206E+00 ( 69, 13)   vdiff=  2.6706E+00 (119, 10)
n=    89   udiff=  5.7436E+00 ( 69, 13)   vdiff=  2.6430E+00 (119, 10)
n=    90   udiff=  5.6678E+00 ( 69, 13)   vdiff=  2.6159E+00 (119, 10)
n=    91   udiff=  5.5930E+00 ( 69, 13)   vdiff=  2.5892E+00 (119, 10)
n=    92   udiff=  5.5193E+00 ( 69, 13)   vdiff=  2.5629E+00 (119, 10)
n=    93   udiff=  5.4467E+00 ( 69, 13)   vdiff=  2.5370E+00 (119, 10)
n=    94   udiff=  5.3751E+00 ( 69, 13)   vdiff=  2.5114E+00 (119, 10)
n=    95   udiff=  5.3046E+00 ( 69, 13)   vdiff=  2.4863E+00 (119, 10)
n=    96   udiff=  5.2351E+00 ( 69, 13)   vdiff=  2.4614E+00 (119, 10)
n=    97   udiff=  5.1666E+00 ( 69, 13)   vdiff=  2.4370E+00 (119, 10)
n=    98   udiff=  5.0990E+00 ( 69, 13)   vdiff=  2.4128E+00 (119, 10)
n=    99   udiff=  5.0324E+00 ( 69, 13)   vdiff=  2.3891E+00 (119, 10)
n=   100   udiff=  4.9695E+00 ( 70, 13)   vdiff=  2.3656E+00 (119, 10)
n=   101   udiff=  4.9100E+00 ( 70, 13)   vdiff=  2.3425E+00 (119, 10)
n=   102   udiff=  4.8512E+00 ( 70, 13)   vdiff=  2.3196E+00 (119, 10)
n=   103   udiff=  4.7932E+00 ( 70, 13)   vdiff=  2.2971E+00 (119, 10)
n=   104   udiff=  4.7360E+00 ( 70, 13)   vdiff=  2.2749E+00 (119, 10)
n=   105   udiff=  4.6795E+00 ( 70, 13)   vdiff=  2.2530E+00 (119, 10)
n=   106   udiff=  4.6237E+00 ( 70, 13)   vdiff=  2.2314E+00 (119, 10)
n=   107   udiff=  4.5686E+00 ( 70, 13)   vdiff=  2.2101E+00 (119, 10)
n=   108   udiff=  4.5143E+00 ( 70, 13)   vdiff=  2.1890E+00 (119, 10)
n=   109   udiff=  4.4607E+00 ( 70, 13)   vdiff=  2.1682E+00 (119, 10)
n=   110   udiff=  4.4077E+00 ( 70, 13)   vdiff=  2.1477E+00 (119, 10)
n=   111   udiff=  4.3554E+00 ( 70, 13)   vdiff=  2.1275E+00 (119, 10)
n=   112   udiff=  4.3038E+00 ( 70, 13)   vdiff=  2.1075E+00 (119, 10)
n=   113   udiff=  4.2528E+00 ( 70, 13)   vdiff=  2.0878E+00 (119, 10)
n=   114   udiff=  4.2040E+00 ( 71, 13)   vdiff=  2.0683E+00 (119, 10)
n=   115   udiff=  4.1582E+00 ( 71, 13)   vdiff=  2.0491E+00 (119, 10)
n=   116   udiff=  4.1130E+00 ( 71, 13)   vdiff=  2.0301E+00 (119, 10)
n=   117   udiff=  4.0683E+00 ( 71, 13)   vdiff=  2.0114E+00 (119, 10)
n=   118   udiff=  4.0241E+00 ( 71, 13)   vdiff=  1.9929E+00 (119, 10)
n=   119   udiff=  3.9805E+00 ( 71, 13)   vdiff=  1.9746E+00 (119, 10)
n=   120   udiff=  3.9373E+00 ( 71, 13)   vdiff=  1.9566E+00 (119, 10)
n=   121   udiff=  3.8947E+00 ( 71, 13)   vdiff=  1.9388E+00 (119, 10)
n=   122   udiff=  3.8525E+00 ( 71, 13)   vdiff=  1.9212E+00 (119, 10)
n=   123   udiff=  3.8109E+00 ( 71, 13)   vdiff=  1.9038E+00 (119, 10)
n=   124   udiff=  3.7697E+00 ( 71, 13)   vdiff=  1.8866E+00 (119, 10)
n=   125   udiff=  3.7290E+00 ( 71, 13)   vdiff=  1.8697E+00 (119, 10)
n=   126   udiff=  3.6887E+00 ( 71, 13)   vdiff=  1.8551E+00 (118,  9)
n=   127   udiff=  3.6490E+00 ( 71, 13)   vdiff=  1.8417E+00 (118,  9)
n=   128   udiff=  3.6096E+00 ( 71, 13)   vdiff=  1.8285E+00 (118,  9)
n=   129   udiff=  3.5726E+00 ( 72, 13)   vdiff=  1.8153E+00 (118,  9)
n=   130   udiff=  3.5370E+00 ( 72, 13)   vdiff=  1.8023E+00 (118,  9)
n=   131   udiff=  3.5019E+00 ( 72, 13)   vdiff=  1.7894E+00 (118,  9)
n=   132   udiff=  3.4722E+00 ( 72, 12)   vdiff=  1.7766E+00 (118,  9)
n=   133   udiff=  3.4451E+00 ( 72, 12)   vdiff=  1.7640E+00 (118,  9)
n=   134   udiff=  3.4180E+00 ( 72, 12)   vdiff=  1.7514E+00 (118,  9)
n=   135   udiff=  3.3910E+00 ( 72, 12)   vdiff=  1.7390E+00 (118,  9)
n=   136   udiff=  3.3642E+00 ( 72, 12)   vdiff=  1.7267E+00 (118,  9)
n=   137   udiff=  3.3375E+00 ( 72, 12)   vdiff=  1.7145E+00 (118,  9)
n=   138   udiff=  3.3109E+00 ( 72, 12)   vdiff=  1.7024E+00 (118,  9)
n=   139   udiff=  3.2844E+00 ( 72, 12)   vdiff=  1.6904E+00 (118,  9)
n=   140   udiff=  3.2580E+00 ( 72, 12)   vdiff=  1.6786E+00 (118,  9)
n=   141   udiff=  3.2318E+00 ( 72, 12)   vdiff=  1.6668E+00 (118,  9)
n=   142   udiff=  3.2057E+00 ( 72, 12)   vdiff=  1.6552E+00 (118,  9)
n=   143   udiff=  3.1797E+00 ( 72, 12)   vdiff=  1.6436E+00 (118,  9)
n=   144   udiff=  3.1539E+00 ( 72, 12)   vdiff=  1.6322E+00 (118,  9)
n=   145   udiff=  3.1281E+00 ( 72, 12)   vdiff=  1.6208E+00 (118,  9)
n=   146   udiff=  3.1032E+00 ( 73, 12)   vdiff=  1.6096E+00 (118,  9)
n=   147   udiff=  3.0799E+00 ( 73, 12)   vdiff=  1.5985E+00 (118,  9)
n=   148   udiff=  3.0568E+00 ( 73, 12)   vdiff=  1.5874E+00 (118,  9)
n=   149   udiff=  3.0338E+00 ( 73, 12)   vdiff=  1.5765E+00 (118,  9)
n=   150   udiff=  3.0109E+00 ( 73, 12)   vdiff=  1.5657E+00 (118,  9)
n=   151   udiff=  2.9880E+00 ( 73, 12)   vdiff=  1.5549E+00 (118,  9)
n=   152   udiff=  2.9653E+00 ( 73, 12)   vdiff=  1.5443E+00 (118,  9)
n=   153   udiff=  2.9427E+00 ( 73, 12)   vdiff=  1.5337E+00 (118,  9)
n=   154   udiff=  2.9202E+00 ( 73, 12)   vdiff=  1.5233E+00 (118,  9)
n=   155   udiff=  2.8978E+00 ( 73, 12)   vdiff=  1.5129E+00 (118,  9)
n=   156   udiff=  2.8754E+00 ( 73, 12)   vdiff=  1.5027E+00 (118,  9)
n=   157   udiff=  2.8532E+00 ( 73, 12)   vdiff=  1.4925E+00 (118,  9)
n=   158   udiff=  2.8311E+00 ( 73, 12)   vdiff=  1.4824E+00 (118,  9)
n=   159   udiff=  2.8091E+00 ( 73, 12)   vdiff=  1.4724E+00 (118,  9)
n=   160   udiff=  2.7872E+00 ( 73, 12)   vdiff=  1.4625E+00 (118,  9)
n=   161   udiff=  2.7672E+00 ( 74, 12)   vdiff=  1.4527E+00 (118,  9)
n=   162   udiff=  2.7474E+00 ( 74, 12)   vdiff=  1.4429E+00 (118,  9)
n=   163   udiff=  2.7276E+00 ( 74, 12)   vdiff=  1.4333E+00 (118,  9)
n=   164   udiff=  2.7080E+00 ( 74, 12)   vdiff=  1.4237E+00 (118,  9)
n=   165   udiff=  2.6885E+00 ( 74, 12)   vdiff=  1.4143E+00 (118,  9)
n=   166   udiff=  2.6690E+00 ( 74, 12)   vdiff=  1.4049E+00 (118,  9)
n=   167   udiff=  2.6496E+00 ( 74, 12)   vdiff=  1.3956E+00 (118,  9)
n=   168   udiff=  2.6303E+00 ( 74, 12)   vdiff=  1.3863E+00 (118,  9)
n=   169   udiff=  2.6111E+00 ( 74, 12)   vdiff=  1.3772E+00 (118,  9)
n=   170   udiff=  2.5920E+00 ( 74, 12)   vdiff=  1.3681E+00 (118,  9)
n=   171   udiff=  2.5730E+00 ( 74, 12)   vdiff=  1.3591E+00 (118,  9)
n=   172   udiff=  2.5540E+00 ( 74, 12)   vdiff=  1.3502E+00 (118,  9)
n=   173   udiff=  2.5352E+00 ( 74, 12)   vdiff=  1.3414E+00 (118,  9)
n=   174   udiff=  2.5164E+00 ( 74, 12)   vdiff=  1.3326E+00 (118,  9)
n=   175   udiff=  2.4979E+00 ( 75, 12)   vdiff=  1.3240E+00 (118,  9)
n=   176   udiff=  2.4809E+00 ( 75, 12)   vdiff=  1.3154E+00 (118,  9)
n=   177   udiff=  2.4639E+00 ( 75, 12)   vdiff=  1.3068E+00 (118,  9)
n=   178   udiff=  2.4470E+00 ( 75, 12)   vdiff=  1.2984E+00 (118,  9)
n=   179   udiff=  2.4302E+00 ( 75, 12)   vdiff=  1.2900E+00 (118,  9)
n=   180   udiff=  2.4134E+00 ( 75, 12)   vdiff=  1.2817E+00 (118,  9)
n=   181   udiff=  2.3967E+00 ( 75, 12)   vdiff=  1.2735E+00 (118,  9)
n=   182   udiff=  2.3801E+00 ( 75, 12)   vdiff=  1.2653E+00 (118,  9)
n=   183   udiff=  2.3636E+00 ( 75, 12)   vdiff=  1.2572E+00 (118,  9)
n=   184   udiff=  2.3471E+00 ( 75, 12)   vdiff=  1.2492E+00 (118,  9)
n=   185   udiff=  2.3307E+00 ( 75, 12)   vdiff=  1.2412E+00 (118,  9)
n=   186   udiff=  2.3143E+00 ( 75, 12)   vdiff=  1.2333E+00 (118,  9)
n=   187   udiff=  2.2981E+00 ( 75, 12)   vdiff=  1.2255E+00 (118,  9)
n=   188   udiff=  2.2818E+00 ( 75, 12)   vdiff=  1.2177E+00 (118,  9)
n=   189   udiff=  2.2657E+00 ( 75, 12)   vdiff=  1.2101E+00 (118,  9)
n=   190   udiff=  2.2498E+00 ( 76, 12)   vdiff=  1.2033E+00 (118,  8)
n=   191   udiff=  2.2352E+00 ( 76, 12)   vdiff=  1.1968E+00 (118,  8)
n=   192   udiff=  2.2206E+00 ( 76, 12)   vdiff=  1.1902E+00 (118,  8)
n=   193   udiff=  2.2060E+00 ( 76, 12)   vdiff=  1.1838E+00 (118,  8)
n=   194   udiff=  2.1915E+00 ( 76, 12)   vdiff=  1.1773E+00 (118,  8)
n=   195   udiff=  2.1770E+00 ( 76, 12)   vdiff=  1.1709E+00 (118,  8)
n=   196   udiff=  2.1626E+00 ( 76, 12)   vdiff=  1.1646E+00 (118,  8)
n=   197   udiff=  2.1483E+00 ( 76, 12)   vdiff=  1.1583E+00 (118,  8)
n=   198   udiff=  2.1340E+00 ( 76, 12)   vdiff=  1.1520E+00 (118,  8)
n=   199   udiff=  2.1198E+00 ( 76, 12)   vdiff=  1.1458E+00 (118,  8)
n=   200   udiff=  2.1056E+00 ( 76, 12)   vdiff=  1.1396E+00 (118,  8)
n=   201   udiff=  2.0915E+00 ( 76, 12)   vdiff=  1.1335E+00 (118,  8)
n=   202   udiff=  2.0774E+00 ( 76, 12)   vdiff=  1.1274E+00 (118,  8)
n=   203   udiff=  2.0634E+00 ( 76, 12)   vdiff=  1.1213E+00 (118,  8)
n=   204   udiff=  2.0494E+00 ( 76, 12)   vdiff=  1.1153E+00 (118,  8)
n=   205   udiff=  2.0355E+00 ( 76, 12)   vdiff=  1.1093E+00 (118,  8)
n=   206   udiff=  2.0227E+00 ( 77, 12)   vdiff=  1.1034E+00 (118,  8)
n=   207   udiff=  2.0101E+00 ( 77, 12)   vdiff=  1.0975E+00 (118,  8)
n=   208   udiff=  1.9974E+00 ( 77, 12)   vdiff=  1.0917E+00 (118,  8)
n=   209   udiff=  1.9849E+00 ( 77, 12)   vdiff=  1.0858E+00 (118,  8)
n=   210   udiff=  1.9723E+00 ( 77, 12)   vdiff=  1.0801E+00 (118,  8)
n=   211   udiff=  1.9598E+00 ( 77, 12)   vdiff=  1.0743E+00 (118,  8)
n=   212   udiff=  1.9474E+00 ( 77, 12)   vdiff=  1.0686E+00 (118,  8)
n=   213   udiff=  1.9383E+00 ( 77,  1)   vdiff=  1.0630E+00 (118,  8)
n=   214   udiff=  1.9328E+00 ( 77,  1)   vdiff=  1.0574E+00 (118,  8)
n=   215   udiff=  1.9272E+00 ( 77,  1)   vdiff=  1.0518E+00 (118,  8)
n=   216   udiff=  1.9215E+00 ( 77,  1)   vdiff=  1.0463E+00 (118,  8)
n=   217   udiff=  1.9158E+00 ( 77,  1)   vdiff=  1.0407E+00 (118,  8)
n=   218   udiff=  1.9100E+00 ( 77,  1)   vdiff=  1.0353E+00 (118,  8)
n=   219   udiff=  1.9041E+00 ( 77,  1)   vdiff=  1.0298E+00 (118,  8)
n=   220   udiff=  1.8981E+00 ( 77,  1)   vdiff=  1.0245E+00 (118,  8)
n=   221   udiff=  1.8928E+00 ( 78,  1)   vdiff=  1.0191E+00 (118,  8)
n=   222   udiff=  1.8876E+00 ( 78,  1)   vdiff=  1.0138E+00 (118,  8)
n=   223   udiff=  1.8824E+00 ( 78,  1)   vdiff=  1.0085E+00 (118,  8)
n=   224   udiff=  1.8772E+00 ( 78,  1)   vdiff=  1.0032E+00 (118,  8)
n=   225   udiff=  1.8718E+00 ( 78,  1)   vdiff=  9.9802E-01 (118,  8)
n=   226   udiff=  1.8664E+00 ( 78,  1)   vdiff=  9.9284E-01 (118,  8)
n=   227   udiff=  1.8609E+00 ( 78,  1)   vdiff=  9.8769E-01 (118,  8)
n=   228   udiff=  1.8554E+00 ( 78,  1)   vdiff=  9.8258E-01 (118,  8)
n=   229   udiff=  1.8498E+00 ( 78,  1)   vdiff=  9.7750E-01 (118,  8)
n=   230   udiff=  1.8441E+00 ( 78,  1)   vdiff=  9.7246E-01 (118,  8)
n=   231   udiff=  1.8383E+00 ( 78,  1)   vdiff=  9.6744E-01 (118,  8)
n=   232   udiff=  1.8325E+00 ( 78,  1)   vdiff=  9.6247E-01 (118,  8)
n=   233   udiff=  1.8266E+00 ( 78,  1)   vdiff=  9.5752E-01 (118,  8)
n=   234   udiff=  1.8209E+00 ( 79,  1)   vdiff=  9.5261E-01 (118,  8)
n=   235   udiff=  1.8157E+00 ( 79,  1)   vdiff=  9.4773E-01 (118,  8)
n=   236   udiff=  1.8106E+00 ( 79,  1)   vdiff=  9.4288E-01 (118,  8)
n=   237   udiff=  1.8053E+00 ( 79,  1)   vdiff=  9.3807E-01 (118,  8)
n=   238   udiff=  1.8000E+00 ( 79,  1)   vdiff=  9.3328E-01 (118,  8)
n=   239   udiff=  1.7947E+00 ( 79,  1)   vdiff=  9.2853E-01 (118,  8)
n=   240   udiff=  1.7893E+00 ( 79,  1)   vdiff=  9.2381E-01 (118,  8)
n=   241   udiff=  1.7838E+00 ( 79,  1)   vdiff=  9.1912E-01 (118,  8)
n=   242   udiff=  1.7782E+00 ( 79,  1)   vdiff=  9.1446E-01 (118,  8)
n=   243   udiff=  1.7726E+00 ( 79,  1)   vdiff=  9.0983E-01 (118,  8)
n=   244   udiff=  1.7669E+00 ( 79,  1)   vdiff=  9.0523E-01 (118,  8)
n=   245   udiff=  1.7612E+00 ( 79,  1)   vdiff=  9.0066E-01 (118,  8)
n=   246   udiff=  1.7554E+00 ( 79,  1)   vdiff=  8.9612E-01 (118,  8)
n=   247   udiff=  1.7495E+00 ( 79,  1)   vdiff=  8.9161E-01 (118,  8)
n=   248   udiff=  1.7442E+00 ( 80,  1)   vdiff=  8.8713E-01 (118,  8)
n=   249   udiff=  1.7391E+00 ( 80,  1)   vdiff=  8.8268E-01 (118,  8)
n=   250   udiff=  1.7339E+00 ( 80,  1)   vdiff=  8.7826E-01 (118,  8)
n=   251   udiff=  1.7287E+00 ( 80,  1)   vdiff=  8.7386E-01 (118,  8)
n=   252   udiff=  1.7234E+00 ( 80,  1)   vdiff=  8.6950E-01 (118,  8)
n=   253   udiff=  1.7180E+00 ( 80,  1)   vdiff=  8.6516E-01 (118,  8)
n=   254   udiff=  1.7126E+00 ( 80,  1)   vdiff=  8.6085E-01 (118,  8)
n=   255   udiff=  1.7071E+00 ( 80,  1)   vdiff=  8.5657E-01 (118,  8)
n=   256   udiff=  1.7016E+00 ( 80,  1)   vdiff=  8.5231E-01 (118,  8)
n=   257   udiff=  1.6960E+00 ( 80,  1)   vdiff=  8.4809E-01 (118,  8)
n=   258   udiff=  1.6903E+00 ( 80,  1)   vdiff=  8.4389E-01 (118,  8)
n=   259   udiff=  1.6846E+00 ( 80,  1)   vdiff=  8.3971E-01 (118,  8)
n=   260   udiff=  1.6789E+00 ( 80,  1)   vdiff=  8.3557E-01 (118,  8)
n=   261   udiff=  1.6733E+00 ( 81,  1)   vdiff=  8.3145E-01 (118,  8)
n=   262   udiff=  1.6683E+00 ( 81,  1)   vdiff=  8.2735E-01 (118,  8)
n=   263   udiff=  1.6632E+00 ( 81,  1)   vdiff=  8.2328E-01 (118,  8)
n=   264   udiff=  1.6580E+00 ( 81,  1)   vdiff=  8.1924E-01 (118,  8)
n=   265   udiff=  1.6528E+00 ( 81,  1)   vdiff=  8.1523E-01 (118,  8)
n=   266   udiff=  1.6475E+00 ( 81,  1)   vdiff=  8.1124E-01 (118,  8)
n=   267   udiff=  1.6421E+00 ( 81,  1)   vdiff=  8.0727E-01 (118,  8)
n=   268   udiff=  1.6368E+00 ( 81,  1)   vdiff=  8.0333E-01 (118,  8)
n=   269   udiff=  1.6313E+00 ( 81,  1)   vdiff=  7.9941E-01 (118,  8)
n=   270   udiff=  1.6258E+00 ( 81,  1)   vdiff=  7.9552E-01 (118,  8)
n=   271   udiff=  1.6203E+00 ( 81,  1)   vdiff=  7.9165E-01 (118,  8)
n=   272   udiff=  1.6147E+00 ( 81,  1)   vdiff=  7.8781E-01 (118,  8)
n=   273   udiff=  1.6091E+00 ( 81,  1)   vdiff=  7.8399E-01 (118,  8)
n=   274   udiff=  1.6034E+00 ( 81,  1)   vdiff=  7.8019E-01 (118,  8)
n=   275   udiff=  1.5984E+00 ( 82,  1)   vdiff=  7.7642E-01 (118,  8)
n=   276   udiff=  1.5934E+00 ( 82,  1)   vdiff=  7.7267E-01 (118,  8)
n=   277   udiff=  1.5883E+00 ( 82,  1)   vdiff=  7.6895E-01 (118,  8)
n=   278   udiff=  1.5831E+00 ( 82,  1)   vdiff=  7.6524E-01 (118,  8)
n=   279   udiff=  1.5780E+00 ( 82,  1)   vdiff=  7.6156E-01 (118,  8)
n=   280   udiff=  1.5727E+00 ( 82,  1)   vdiff=  7.5791E-01 (118,  8)
n=   281   udiff=  1.5675E+00 ( 82,  1)   vdiff=  7.5427E-01 (118,  8)
n=   282   udiff=  1.5621E+00 ( 82,  1)   vdiff=  7.5066E-01 (118,  8)
n=   283   udiff=  1.5568E+00 ( 82,  1)   vdiff=  7.4707E-01 (118,  8)
n=   284   udiff=  1.5514E+00 ( 82,  1)   vdiff=  7.4350E-01 (118,  8)
n=   285   udiff=  1.5459E+00 ( 82,  1)   vdiff=  7.3996E-01 (118,  8)
n=   286   udiff=  1.5404E+00 ( 82,  1)   vdiff=  7.3643E-01 (118,  8)
n=   287   udiff=  1.5349E+00 ( 82,  1)   vdiff=  7.3293E-01 (118,  8)
n=   288   udiff=  1.5297E+00 ( 83,  1)   vdiff=  7.2945E-01 (118,  8)
n=   289   udiff=  1.5248E+00 ( 83,  1)   vdiff=  7.2599E-01 (118,  8)
n=   290   udiff=  1.5198E+00 ( 83,  1)   vdiff=  7.2255E-01 (118,  8)
n=   291   udiff=  1.5148E+00 ( 83,  1)   vdiff=  7.1913E-01 (118,  8)
n=   292   udiff=  1.5097E+00 ( 83,  1)   vdiff=  7.1573E-01 (118,  8)
n=   293   udiff=  1.5046E+00 ( 83,  1)   vdiff=  7.1235E-01 (118,  8)
n=   294   udiff=  1.4994E+00 ( 83,  1)   vdiff=  7.0924E-01 ( 11, 17)
n=   295   udiff=  1.4942E+00 ( 83,  1)   vdiff=  7.0633E-01 ( 11, 17)
n=   296   udiff=  1.4890E+00 ( 83,  1)   vdiff=  7.0340E-01 ( 11, 17)
n=   297   udiff=  1.4837E+00 ( 83,  1)   vdiff=  7.0047E-01 ( 11, 17)
n=   298   udiff=  1.4784E+00 ( 83,  1)   vdiff=  6.9753E-01 ( 11, 17)
n=   299   udiff=  1.4731E+00 ( 83,  1)   vdiff=  6.9459E-01 ( 11, 17)
n=   300   udiff=  1.4677E+00 ( 83,  1)   vdiff=  6.9164E-01 ( 11, 17)
n=   301   udiff=  1.4624E+00 ( 84,  1)   vdiff=  6.8869E-01 ( 11, 17)
n=   302   udiff=  1.4576E+00 ( 84,  1)   vdiff=  6.8574E-01 ( 11, 17)
n=   303   udiff=  1.4527E+00 ( 84,  1)   vdiff=  6.8278E-01 ( 11, 17)
n=   304   udiff=  1.4478E+00 ( 84,  1)   vdiff=  6.7981E-01 ( 11, 17)
n=   305   udiff=  1.4429E+00 ( 84,  1)   vdiff=  6.7685E-01 ( 11, 17)
n=   306   udiff=  1.4379E+00 ( 84,  1)   vdiff=  6.7388E-01 ( 11, 17)
n=   307   udiff=  1.4329E+00 ( 84,  1)   vdiff=  6.7135E-01 ( 12, 17)
n=   308   udiff=  1.4279E+00 ( 84,  1)   vdiff=  6.6921E-01 ( 12, 17)
n=   309   udiff=  1.4228E+00 ( 84,  1)   vdiff=  6.6705E-01 ( 12, 17)
n=   310   udiff=  1.4177E+00 ( 84,  1)   vdiff=  6.6488E-01 ( 12, 17)
n=   311   udiff=  1.4125E+00 ( 84,  1)   vdiff=  6.6270E-01 ( 12, 17)
n=   312   udiff=  1.4073E+00 ( 84,  1)   vdiff=  6.6050E-01 ( 12, 17)
n=   313   udiff=  1.4021E+00 ( 84,  1)   vdiff=  6.5829E-01 ( 12, 17)
n=   314   udiff=  1.3969E+00 ( 84,  1)   vdiff=  6.5607E-01 ( 12, 17)
n=   315   udiff=  1.3921E+00 ( 85,  1)   vdiff=  6.5383E-01 ( 12, 17)
n=   316   udiff=  1.3873E+00 ( 85,  1)   vdiff=  6.5159E-01 ( 12, 17)
n=   317   udiff=  1.3826E+00 ( 85,  1)   vdiff=  6.4933E-01 ( 12, 17)
n=   318   udiff=  1.3778E+00 ( 85,  1)   vdiff=  6.4706E-01 ( 12, 17)
n=   319   udiff=  1.3729E+00 ( 85,  1)   vdiff=  6.4478E-01 ( 12, 17)
n=   320   udiff=  1.3681E+00 ( 85,  1)   vdiff=  6.4250E-01 ( 12, 17)
n=   321   udiff=  1.3632E+00 ( 85,  1)   vdiff=  6.4020E-01 ( 12, 17)
n=   322   udiff=  1.3583E+00 ( 85,  1)   vdiff=  6.3789E-01 ( 12, 17)
n=   323   udiff=  1.3533E+00 ( 85,  1)   vdiff=  6.3558E-01 ( 12, 17)
n=   324   udiff=  1.3483E+00 ( 85,  1)   vdiff=  6.3325E-01 ( 12, 17)
n=   325   udiff=  1.3433E+00 ( 85,  1)   vdiff=  6.3092E-01 ( 12, 17)
n=   326   udiff=  1.3383E+00 ( 85,  1)   vdiff=  6.2858E-01 ( 12, 17)
n=   327   udiff=  1.3332E+00 ( 85,  1)   vdiff=  6.2623E-01 ( 12, 17)
n=   328   udiff=  1.3283E+00 ( 86,  1)   vdiff=  6.2388E-01 ( 12, 17)
n=   329   udiff=  1.3237E+00 ( 86,  1)   vdiff=  6.2152E-01 ( 12, 17)
n=   330   udiff=  1.3191E+00 ( 86,  1)   vdiff=  6.1915E-01 ( 12, 17)
n=   331   udiff=  1.3144E+00 ( 86,  1)   vdiff=  6.1678E-01 ( 12, 17)
n=   332   udiff=  1.3098E+00 ( 86,  1)   vdiff=  6.1440E-01 ( 12, 17)
n=   333   udiff=  1.3051E+00 ( 86,  1)   vdiff=  6.1202E-01 ( 12, 17)
n=   334   udiff=  1.3003E+00 ( 86,  1)   vdiff=  6.0963E-01 ( 12, 17)
n=   335   udiff=  1.2956E+00 ( 86,  1)   vdiff=  6.0724E-01 ( 12, 17)
n=   336   udiff=  1.2908E+00 ( 86,  1)   vdiff=  6.0484E-01 ( 12, 17)
n=   337   udiff=  1.2860E+00 ( 86,  1)   vdiff=  6.0244E-01 ( 12, 17)
n=   338   udiff=  1.2811E+00 ( 86,  1)   vdiff=  6.0003E-01 ( 12, 17)
n=   339   udiff=  1.2763E+00 ( 86,  1)   vdiff=  5.9763E-01 ( 12, 17)
n=   340   udiff=  1.2714E+00 ( 86,  1)   vdiff=  5.9521E-01 ( 12, 17)
n=   341   udiff=  1.2665E+00 ( 86,  1)   vdiff=  5.9280E-01 ( 12, 17)
n=   342   udiff=  1.2620E+00 ( 87,  1)   vdiff=  5.9076E-01 ( 13, 17)
n=   343   udiff=  1.2575E+00 ( 87,  1)   vdiff=  5.8899E-01 ( 13, 17)
n=   344   udiff=  1.2530E+00 ( 87,  1)   vdiff=  5.8720E-01 ( 13, 17)
n=   345   udiff=  1.2485E+00 ( 87,  1)   vdiff=  5.8541E-01 ( 13, 17)
n=   346   udiff=  1.2440E+00 ( 87,  1)   vdiff=  5.8360E-01 ( 13, 17)
n=   347   udiff=  1.2394E+00 ( 87,  1)   vdiff=  5.8179E-01 ( 13, 17)
n=   348   udiff=  1.2348E+00 ( 87,  1)   vdiff=  5.7996E-01 ( 13, 17)
n=   349   udiff=  1.2302E+00 ( 87,  1)   vdiff=  5.7812E-01 ( 13, 17)
n=   350   udiff=  1.2256E+00 ( 87,  1)   vdiff=  5.7628E-01 ( 13, 17)
n=   351   udiff=  1.2209E+00 ( 87,  1)   vdiff=  5.7442E-01 ( 13, 17)
n=   352   udiff=  1.2162E+00 ( 87,  1)   vdiff=  5.7256E-01 ( 13, 17)
n=   353   udiff=  1.2115E+00 ( 87,  1)   vdiff=  5.7069E-01 ( 13, 17)
n=   354   udiff=  1.2068E+00 ( 87,  1)   vdiff=  5.6880E-01 ( 13, 17)
n=   355   udiff=  1.2023E+00 ( 88,  1)   vdiff=  5.6692E-01 ( 13, 17)
n=   356   udiff=  1.1980E+00 ( 88,  1)   vdiff=  5.6502E-01 ( 13, 17)
n=   357   udiff=  1.1936E+00 ( 88,  1)   vdiff=  5.6311E-01 ( 13, 17)
n=   358   udiff=  1.1893E+00 ( 88,  1)   vdiff=  5.6120E-01 ( 13, 17)
n=   359   udiff=  1.1849E+00 ( 88,  1)   vdiff=  5.5928E-01 ( 13, 17)
n=   360   udiff=  1.1805E+00 ( 88,  1)   vdiff=  5.5736E-01 ( 13, 17)
n=   361   udiff=  1.1761E+00 ( 88,  1)   vdiff=  5.5543E-01 ( 13, 17)
n=   362   udiff=  1.1717E+00 ( 88,  1)   vdiff=  5.5349E-01 ( 13, 17)
n=   363   udiff=  1.1672E+00 ( 88,  1)   vdiff=  5.5155E-01 ( 13, 17)
n=   364   udiff=  1.1627E+00 ( 88,  1)   vdiff=  5.4960E-01 ( 13, 17)
n=   365   udiff=  1.1583E+00 ( 88,  1)   vdiff=  5.4764E-01 ( 13, 17)
n=   366   udiff=  1.1537E+00 ( 88,  1)   vdiff=  5.4568E-01 ( 13, 17)
n=   367   udiff=  1.1492E+00 ( 88,  1)   vdiff=  5.4372E-01 ( 13, 17)
n=   368   udiff=  1.1447E+00 ( 88,  1)   vdiff=  5.4175E-01 ( 13, 17)
n=   369   udiff=  1.1405E+00 ( 89,  1)   vdiff=  5.3978E-01 ( 13, 17)
n=   370   udiff=  1.1363E+00 ( 89,  1)   vdiff=  5.3780E-01 ( 13, 17)
n=   371   udiff=  1.1321E+00 ( 89,  1)   vdiff=  5.3582E-01 ( 13, 17)
n=   372   udiff=  1.1279E+00 ( 89,  1)   vdiff=  5.3383E-01 ( 13, 17)
n=   373   udiff=  1.1237E+00 ( 89,  1)   vdiff=  5.3184E-01 ( 13, 17)
n=   374   udiff=  1.1195E+00 ( 89,  1)   vdiff=  5.2985E-01 ( 13, 17)
n=   375   udiff=  1.1152E+00 ( 89,  1)   vdiff=  5.2785E-01 ( 13, 17)
n=   376   udiff=  1.1109E+00 ( 89,  1)   vdiff=  5.2586E-01 ( 13, 17)
n=   377   udiff=  1.1066E+00 ( 89,  1)   vdiff=  5.2410E-01 ( 14, 17)
n=   378   udiff=  1.1023E+00 ( 89,  1)   vdiff=  5.2261E-01 ( 14, 17)
n=   379   udiff=  1.0980E+00 ( 89,  1)   vdiff=  5.2111E-01 ( 14, 17)
n=   380   udiff=  1.0937E+00 ( 89,  1)   vdiff=  5.1961E-01 ( 14, 17)
n=   381   udiff=  1.0893E+00 ( 89,  1)   vdiff=  5.1809E-01 ( 14, 17)
n=   382   udiff=  1.0851E+00 ( 90,  1)   vdiff=  5.1657E-01 ( 14, 17)
n=   383   udiff=  1.0811E+00 ( 90,  1)   vdiff=  5.1504E-01 ( 14, 17)
n=   384   udiff=  1.0770E+00 ( 90,  1)   vdiff=  5.1350E-01 ( 14, 17)
n=   385   udiff=  1.0730E+00 ( 90,  1)   vdiff=  5.1195E-01 ( 14, 17)
n=   386   udiff=  1.0690E+00 ( 90,  1)   vdiff=  5.1039E-01 ( 14, 17)
n=   387   udiff=  1.0649E+00 ( 90,  1)   vdiff=  5.0883E-01 ( 14, 17)
n=   388   udiff=  1.0608E+00 ( 90,  1)   vdiff=  5.0726E-01 ( 14, 17)
n=   389   udiff=  1.0568E+00 ( 90,  1)   vdiff=  5.0569E-01 ( 14, 17)
n=   390   udiff=  1.0526E+00 ( 90,  1)   vdiff=  5.0410E-01 ( 14, 17)
n=   391   udiff=  1.0485E+00 ( 90,  1)   vdiff=  5.0251E-01 ( 14, 17)
n=   392   udiff=  1.0444E+00 ( 90,  1)   vdiff=  5.0092E-01 ( 14, 17)
n=   393   udiff=  1.0402E+00 ( 90,  1)   vdiff=  4.9932E-01 ( 14, 17)
n=   394   udiff=  1.0361E+00 ( 90,  1)   vdiff=  4.9771E-01 ( 14, 17)
n=   395   udiff=  1.0319E+00 ( 90,  1)   vdiff=  4.9610E-01 ( 14, 17)
n=   396   udiff=  1.0279E+00 ( 91,  1)   vdiff=  4.9448E-01 ( 14, 17)
n=   397   udiff=  1.0241E+00 ( 91,  1)   vdiff=  4.9285E-01 ( 14, 17)
n=   398   udiff=  1.0202E+00 ( 91,  1)   vdiff=  4.9123E-01 ( 14, 17)
n=   399   udiff=  1.0164E+00 ( 91,  1)   vdiff=  4.8959E-01 ( 14, 17)
n=   400   udiff=  1.0125E+00 ( 91,  1)   vdiff=  4.8795E-01 ( 14, 17)
n=   401   udiff=  1.0086E+00 ( 91,  1)   vdiff=  4.8631E-01 ( 14, 17)
n=   402   udiff=  1.0047E+00 ( 91,  1)   vdiff=  4.8466E-01 ( 14, 17)
n=   403   udiff=  1.0007E+00 ( 91,  1)   vdiff=  4.8301E-01 ( 14, 17)
n=   404   udiff=  9.9681E-01 ( 91,  1)   vdiff=  4.8136E-01 ( 14, 17)
n=   405   udiff=  9.9286E-01 ( 91,  1)   vdiff=  4.7970E-01 ( 14, 17)
n=   406   udiff=  9.8890E-01 ( 91,  1)   vdiff=  4.7804E-01 ( 14, 17)
n=   407   udiff=  9.8493E-01 ( 91,  1)   vdiff=  4.7637E-01 ( 14, 17)
n=   408   udiff=  9.8095E-01 ( 91,  1)   vdiff=  4.7470E-01 ( 14, 17)
n=   409   udiff=  9.7695E-01 ( 91,  1)   vdiff=  4.7303E-01 ( 14, 17)
n=   410   udiff=  9.7323E-01 ( 92,  1)   vdiff=  4.7144E-01 ( 15, 16)
n=   411   udiff=  9.6954E-01 ( 92,  1)   vdiff=  4.7014E-01 ( 15, 16)
n=   412   udiff=  9.6584E-01 ( 92,  1)   vdiff=  4.6882E-01 ( 15, 16)
n=   413   udiff=  9.6213E-01 ( 92,  1)   vdiff=  4.6750E-01 ( 15, 16)
n=   414   udiff=  9.5841E-01 ( 92,  1)   vdiff=  4.6617E-01 ( 15, 16)
n=   415   udiff=  9.5468E-01 ( 92,  1)   vdiff=  4.6483E-01 ( 15, 16)
n=   416   udiff=  9.5093E-01 ( 92,  1)   vdiff=  4.6349E-01 ( 15, 16)
n=   417   udiff=  9.4718E-01 ( 92,  1)   vdiff=  4.6214E-01 ( 15, 16)
n=   418   udiff=  9.4341E-01 ( 92,  1)   vdiff=  4.6079E-01 ( 15, 16)
n=   419   udiff=  9.3964E-01 ( 92,  1)   vdiff=  4.5942E-01 ( 15, 16)
n=   420   udiff=  9.3585E-01 ( 92,  1)   vdiff=  4.5806E-01 ( 15, 16)
n=   421   udiff=  9.3205E-01 ( 92,  1)   vdiff=  4.5669E-01 ( 15, 16)
n=   422   udiff=  9.2825E-01 ( 92,  1)   vdiff=  4.5531E-01 ( 15, 16)
n=   423   udiff=  9.2445E-01 ( 93,  1)   vdiff=  4.5392E-01 ( 15, 16)
n=   424   udiff=  9.2093E-01 ( 93,  1)   vdiff=  4.5254E-01 ( 15, 16)
n=   425   udiff=  9.1739E-01 ( 93,  1)   vdiff=  4.5114E-01 ( 15, 16)
n=   426   udiff=  9.1385E-01 ( 93,  1)   vdiff=  4.4977E-01 ( 15, 17)
n=   427   udiff=  9.1030E-01 ( 93,  1)   vdiff=  4.4842E-01 ( 15, 17)
n=   428   udiff=  9.0674E-01 ( 93,  1)   vdiff=  4.4706E-01 ( 15, 17)
n=   429   udiff=  9.0317E-01 ( 93,  1)   vdiff=  4.4570E-01 ( 15, 17)
n=   430   udiff=  8.9960E-01 ( 93,  1)   vdiff=  4.4433E-01 ( 15, 17)
n=   431   udiff=  8.9601E-01 ( 93,  1)   vdiff=  4.4296E-01 ( 15, 17)
n=   432   udiff=  8.9241E-01 ( 93,  1)   vdiff=  4.4158E-01 ( 15, 17)
n=   433   udiff=  8.8881E-01 ( 93,  1)   vdiff=  4.4020E-01 ( 15, 17)
n=   434   udiff=  8.8519E-01 ( 93,  1)   vdiff=  4.3881E-01 ( 15, 17)
n=   435   udiff=  8.8157E-01 ( 93,  1)   vdiff=  4.3742E-01 ( 15, 17)
n=   436   udiff=  8.7794E-01 ( 93,  1)   vdiff=  4.3603E-01 ( 15, 17)
n=   437   udiff=  8.7434E-01 ( 94,  1)   vdiff=  4.3463E-01 ( 15, 17)
n=   438   udiff=  8.7097E-01 ( 94,  1)   vdiff=  4.3323E-01 ( 15, 17)
n=   439   udiff=  8.6760E-01 ( 94,  1)   vdiff=  4.3183E-01 ( 15, 17)
n=   440   udiff=  8.6422E-01 ( 94,  1)   vdiff=  4.3042E-01 ( 15, 17)
n=   441   udiff=  8.6083E-01 ( 94,  1)   vdiff=  4.2901E-01 ( 15, 17)
n=   442   udiff=  8.5743E-01 ( 94,  1)   vdiff=  4.2768E-01 ( 16, 16)
n=   443   udiff=  8.5402E-01 ( 94,  1)   vdiff=  4.2658E-01 ( 16, 16)
n=   444   udiff=  8.5061E-01 ( 94,  1)   vdiff=  4.2546E-01 ( 16, 16)
n=   445   udiff=  8.4719E-01 ( 94,  1)   vdiff=  4.2434E-01 ( 16, 16)
n=   446   udiff=  8.4376E-01 ( 94,  1)   vdiff=  4.2322E-01 ( 16, 16)
n=   447   udiff=  8.4032E-01 ( 94,  1)   vdiff=  4.2209E-01 ( 16, 16)
n=   448   udiff=  8.3688E-01 ( 94,  1)   vdiff=  4.2095E-01 ( 16, 16)
n=   449   udiff=  8.3343E-01 ( 94,  1)   vdiff=  4.1980E-01 ( 16, 16)
n=   450   udiff=  8.2998E-01 ( 94,  1)   vdiff=  4.1865E-01 ( 16, 16)
n=   451   udiff=  8.2653E-01 ( 95,  1)   vdiff=  4.1750E-01 ( 16, 16)
n=   452   udiff=  8.2332E-01 ( 95,  1)   vdiff=  4.1634E-01 ( 16, 16)
n=   453   udiff=  8.2010E-01 ( 95,  1)   vdiff=  4.1518E-01 ( 16, 16)
n=   454   udiff=  8.1688E-01 ( 95,  1)   vdiff=  4.1401E-01 ( 16, 16)
n=   455   udiff=  8.1364E-01 ( 95,  1)   vdiff=  4.1283E-01 ( 16, 16)
n=   456   udiff=  8.1040E-01 ( 95,  1)   vdiff=  4.1165E-01 ( 16, 16)
n=   457   udiff=  8.0716E-01 ( 95,  1)   vdiff=  4.1047E-01 ( 16, 16)
n=   458   udiff=  8.0391E-01 ( 95,  1)   vdiff=  4.0928E-01 ( 16, 16)
n=   459   udiff=  8.0065E-01 ( 95,  1)   vdiff=  4.0808E-01 ( 16, 16)
n=   460   udiff=  7.9739E-01 ( 95,  1)   vdiff=  4.0689E-01 ( 16, 16)
n=   461   udiff=  7.9412E-01 ( 95,  1)   vdiff=  4.0569E-01 ( 16, 16)
n=   462   udiff=  7.9084E-01 ( 95,  1)   vdiff=  4.0448E-01 ( 16, 16)
n=   463   udiff=  7.8756E-01 ( 95,  1)   vdiff=  4.0327E-01 ( 16, 16)
n=   464   udiff=  7.8427E-01 ( 95,  1)   vdiff=  4.0206E-01 ( 16, 16)
n=   465   udiff=  7.8098E-01 ( 95,  1)   vdiff=  4.0084E-01 ( 16, 16)
n=   466   udiff=  7.7789E-01 ( 96,  1)   vdiff=  3.9962E-01 ( 16, 16)
n=   467   udiff=  7.7483E-01 ( 96,  1)   vdiff=  3.9840E-01 ( 16, 16)
n=   468   udiff=  7.7176E-01 ( 96,  1)   vdiff=  3.9717E-01 ( 16, 16)
n=   469   udiff=  7.6868E-01 ( 96,  1)   vdiff=  3.9594E-01 ( 16, 16)
n=   470   udiff=  7.6560E-01 ( 96,  1)   vdiff=  3.9471E-01 ( 16, 16)
n=   471   udiff=  7.6251E-01 ( 96,  1)   vdiff=  3.9348E-01 ( 16, 16)
n=   472   udiff=  7.5942E-01 ( 96,  1)   vdiff=  3.9224E-01 ( 16, 16)
n=   473   udiff=  7.5632E-01 ( 96,  1)   vdiff=  3.9100E-01 ( 16, 16)
n=   474   udiff=  7.5322E-01 ( 96,  1)   vdiff=  3.8975E-01 ( 16, 16)
n=   475   udiff=  7.5011E-01 ( 96,  1)   vdiff=  3.8857E-01 ( 17, 16)
n=   476   udiff=  7.4700E-01 ( 96,  1)   vdiff=  3.8762E-01 ( 17, 16)
n=   477   udiff=  7.4388E-01 ( 96,  1)   vdiff=  3.8666E-01 ( 17, 16)
n=   478   udiff=  7.4076E-01 ( 96,  1)   vdiff=  3.8570E-01 ( 17, 16)
n=   479   udiff=  7.3763E-01 ( 96,  1)   vdiff=  3.8473E-01 ( 17, 16)
n=   480   udiff=  7.3461E-01 ( 97,  1)   vdiff=  3.8376E-01 ( 17, 16)
n=   481   udiff=  7.3170E-01 ( 97,  1)   vdiff=  3.8278E-01 ( 17, 16)
n=   482   udiff=  7.2878E-01 ( 97,  1)   vdiff=  3.8180E-01 ( 17, 16)
n=   483   udiff=  7.2585E-01 ( 97,  1)   vdiff=  3.8081E-01 ( 17, 16)
n=   484   udiff=  7.2292E-01 ( 97,  1)   vdiff=  3.7981E-01 ( 17, 16)
n=   485   udiff=  7.1999E-01 ( 97,  1)   vdiff=  3.7882E-01 ( 17, 16)
n=   486   udiff=  7.1705E-01 ( 97,  1)   vdiff=  3.7782E-01 ( 17, 16)
n=   487   udiff=  7.1411E-01 ( 97,  1)   vdiff=  3.7681E-01 ( 17, 16)
n=   488   udiff=  7.1116E-01 ( 97,  1)   vdiff=  3.7580E-01 ( 17, 16)
n=   489   udiff=  7.0821E-01 ( 97,  1)   vdiff=  3.7478E-01 ( 17, 16)
n=   490   udiff=  7.0526E-01 ( 97,  1)   vdiff=  3.7376E-01 ( 17, 16)
n=   491   udiff=  7.0230E-01 ( 97,  1)   vdiff=  3.7274E-01 ( 17, 16)
n=   492   udiff=  6.9934E-01 ( 97,  1)   vdiff=  3.7171E-01 ( 17, 16)
n=   493   udiff=  6.9638E-01 ( 97,  1)   vdiff=  3.7068E-01 ( 17, 16)
n=   494   udiff=  6.9341E-01 ( 97,  1)   vdiff=  3.6965E-01 ( 17, 16)
n=   495   udiff=  6.9062E-01 ( 98,  1)   vdiff=  3.6861E-01 ( 17, 16)
n=   496   udiff=  6.8785E-01 ( 98,  1)   vdiff=  3.6757E-01 ( 17, 16)
n=   497   udiff=  6.8507E-01 ( 98,  1)   vdiff=  3.6652E-01 ( 17, 16)
n=   498   udiff=  6.8229E-01 ( 98,  1)   vdiff=  3.6547E-01 ( 17, 16)
n=   499   udiff=  6.7951E-01 ( 98,  1)   vdiff=  3.6442E-01 ( 17, 16)
n=   500   udiff=  6.7672E-01 ( 98,  1)   vdiff=  3.6337E-01 ( 17, 16)
n=   501   udiff=  6.7393E-01 ( 98,  1)   vdiff=  3.6231E-01 ( 17, 16)
n=   502   udiff=  6.7113E-01 ( 98,  1)   vdiff=  3.6125E-01 ( 17, 16)
n=   503   udiff=  6.6834E-01 ( 98,  1)   vdiff=  3.6019E-01 ( 17, 16)
n=   504   udiff=  6.6554E-01 ( 98,  1)   vdiff=  3.5912E-01 ( 17, 16)
n=   505   udiff=  6.6274E-01 ( 98,  1)   vdiff=  3.5805E-01 ( 17, 16)
n=   506   udiff=  6.5993E-01 ( 98,  1)   vdiff=  3.5698E-01 ( 17, 16)
n=   507   udiff=  6.5712E-01 ( 98,  1)   vdiff=  3.5591E-01 ( 17, 16)
n=   508   udiff=  6.5431E-01 ( 98,  1)   vdiff=  3.5483E-01 ( 17, 16)
n=   509   udiff=  6.5150E-01 ( 98,  1)   vdiff=  3.5375E-01 ( 17, 16)
n=   510   udiff=  6.4887E-01 ( 99,  1)   vdiff=  3.5267E-01 ( 17, 16)
n=   511   udiff=  6.4624E-01 ( 99,  1)   vdiff=  3.5182E-01 ( 18, 16)
n=   512   udiff=  6.4360E-01 ( 99,  1)   vdiff=  3.5098E-01 ( 18, 16)
n=   513   udiff=  6.4096E-01 ( 99,  1)   vdiff=  3.5014E-01 ( 18, 16)
n=   514   udiff=  6.3832E-01 ( 99,  1)   vdiff=  3.4929E-01 ( 18, 16)
n=   515   udiff=  6.3568E-01 ( 99,  1)   vdiff=  3.4844E-01 ( 18, 16)
n=   516   udiff=  6.3303E-01 ( 99,  1)   vdiff=  3.4758E-01 ( 18, 16)
n=   517   udiff=  6.3038E-01 ( 99,  1)   vdiff=  3.4672E-01 ( 18, 16)
n=   518   udiff=  6.2773E-01 ( 99,  1)   vdiff=  3.4586E-01 ( 18, 16)
n=   519   udiff=  6.2508E-01 ( 99,  1)   vdiff=  3.4499E-01 ( 18, 16)
n=   520   udiff=  6.2242E-01 ( 99,  1)   vdiff=  3.4412E-01 ( 18, 16)
n=   521   udiff=  6.1977E-01 ( 99,  1)   vdiff=  3.4324E-01 ( 18, 16)
n=   522   udiff=  6.1711E-01 ( 99,  1)   vdiff=  3.4236E-01 ( 18, 16)
n=   523   udiff=  6.1445E-01 ( 99,  1)   vdiff=  3.4148E-01 ( 18, 16)
n=   524   udiff=  6.1178E-01 ( 99,  1)   vdiff=  3.4059E-01 ( 18, 16)
n=   525   udiff=  6.0925E-01 (100,  1)   vdiff=  3.3970E-01 ( 18, 16)
n=   526   udiff=  6.0675E-01 (100,  1)   vdiff=  3.3880E-01 ( 18, 16)
n=   527   udiff=  6.0425E-01 (100,  1)   vdiff=  3.3790E-01 ( 18, 16)
n=   528   udiff=  6.0175E-01 (100,  1)   vdiff=  3.3700E-01 ( 18, 16)
n=   529   udiff=  5.9925E-01 (100,  1)   vdiff=  3.3610E-01 ( 18, 16)
n=   530   udiff=  5.9675E-01 (100,  1)   vdiff=  3.3519E-01 ( 18, 16)
n=   531   udiff=  5.9424E-01 (100,  1)   vdiff=  3.3428E-01 ( 18, 16)
n=   532   udiff=  5.9173E-01 (100,  1)   vdiff=  3.3337E-01 ( 18, 16)
n=   533   udiff=  5.8923E-01 (100,  1)   vdiff=  3.3245E-01 ( 18, 16)
n=   534   udiff=  5.8672E-01 (100,  1)   vdiff=  3.3153E-01 ( 18, 16)
n=   535   udiff=  5.8420E-01 (100,  1)   vdiff=  3.3061E-01 ( 18, 16)
n=   536   udiff=  5.8169E-01 (100,  1)   vdiff=  3.2968E-01 ( 18, 16)
n=   537   udiff=  5.7918E-01 (100,  1)   vdiff=  3.2876E-01 ( 18, 16)
n=   538   udiff=  5.7666E-01 (100,  1)   vdiff=  3.2783E-01 ( 18, 16)
n=   539   udiff=  5.7414E-01 (100,  1)   vdiff=  3.2690E-01 ( 18, 16)
n=   540   udiff=  5.7163E-01 (101,  1)   vdiff=  3.2596E-01 ( 18, 16)
n=   541   udiff=  5.6927E-01 (101,  1)   vdiff=  3.2502E-01 ( 18, 16)
n=   542   udiff=  5.6691E-01 (101,  1)   vdiff=  3.2409E-01 ( 18, 16)
n=   543   udiff=  5.6454E-01 (101,  1)   vdiff=  3.2315E-01 ( 18, 16)
n=   544   udiff=  5.6217E-01 (101,  1)   vdiff=  3.2220E-01 ( 18, 16)
n=   545   udiff=  5.5981E-01 (101,  1)   vdiff=  3.2126E-01 ( 18, 16)
n=   546   udiff=  5.5744E-01 (101,  1)   vdiff=  3.2042E-01 ( 19, 16)
n=   547   udiff=  5.5507E-01 (101,  1)   vdiff=  3.1968E-01 ( 19, 16)
n=   548   udiff=  5.5269E-01 (101,  1)   vdiff=  3.1894E-01 ( 19, 16)
n=   549   udiff=  5.5032E-01 (101,  1)   vdiff=  3.1819E-01 ( 19, 16)
n=   550   udiff=  5.4795E-01 (101,  1)   vdiff=  3.1744E-01 ( 19, 16)
n=   551   udiff=  5.4557E-01 (101,  1)   vdiff=  3.1669E-01 ( 19, 16)
n=   552   udiff=  5.4320E-01 (101,  1)   vdiff=  3.1593E-01 ( 19, 16)
n=   553   udiff=  5.4082E-01 (101,  1)   vdiff=  3.1517E-01 ( 19, 16)
n=   554   udiff=  5.3845E-01 (101,  1)   vdiff=  3.1440E-01 ( 19, 16)
n=   555   udiff=  5.3607E-01 (101,  1)   vdiff=  3.1363E-01 ( 19, 16)
n=   556   udiff=  5.3369E-01 (101,  1)   vdiff=  3.1286E-01 ( 19, 16)
n=   557   udiff=  5.3143E-01 (102,  1)   vdiff=  3.1209E-01 ( 19, 16)
n=   558   udiff=  5.2919E-01 (102,  1)   vdiff=  3.1131E-01 ( 19, 16)
n=   559   udiff=  5.2696E-01 (102,  1)   vdiff=  3.1053E-01 ( 19, 16)
n=   560   udiff=  5.2472E-01 (102,  1)   vdiff=  3.0974E-01 ( 19, 16)
n=   561   udiff=  5.2248E-01 (102,  1)   vdiff=  3.0895E-01 ( 19, 16)
n=   562   udiff=  5.2024E-01 (102,  1)   vdiff=  3.0816E-01 ( 19, 16)
n=   563   udiff=  5.1801E-01 (102,  1)   vdiff=  3.0737E-01 ( 19, 16)
n=   564   udiff=  5.1577E-01 (102,  1)   vdiff=  3.0657E-01 ( 19, 16)
n=   565   udiff=  5.1353E-01 (102,  1)   vdiff=  3.0577E-01 ( 19, 16)
n=   566   udiff=  5.1129E-01 (102,  1)   vdiff=  3.0497E-01 ( 19, 16)
n=   567   udiff=  5.0905E-01 (102,  1)   vdiff=  3.0417E-01 ( 19, 16)
n=   568   udiff=  5.0681E-01 (102,  1)   vdiff=  3.0336E-01 ( 19, 16)
n=   569   udiff=  5.0457E-01 (102,  1)   vdiff=  3.0255E-01 ( 19, 16)
n=   570   udiff=  5.0232E-01 (102,  1)   vdiff=  3.0174E-01 ( 19, 16)
n=   571   udiff=  5.0008E-01 (102,  1)   vdiff=  3.0093E-01 ( 19, 16)
n=   572   udiff=  4.9784E-01 (102,  1)   vdiff=  3.0011E-01 ( 19, 16)
n=   573   udiff=  4.9560E-01 (102,  1)   vdiff=  2.9929E-01 ( 19, 16)
n=   574   udiff=  4.9347E-01 (103,  1)   vdiff=  2.9847E-01 ( 19, 16)
n=   575   udiff=  4.9136E-01 (103,  1)   vdiff=  2.9765E-01 ( 19, 16)
n=   576   udiff=  4.8925E-01 (103,  1)   vdiff=  2.9683E-01 ( 19, 16)
n=   577   udiff=  4.8714E-01 (103,  1)   vdiff=  2.9600E-01 ( 19, 16)
n=   578   udiff=  4.8503E-01 (103,  1)   vdiff=  2.9517E-01 ( 19, 16)
n=   579   udiff=  4.8292E-01 (103,  1)   vdiff=  2.9434E-01 ( 19, 16)
n=   580   udiff=  4.8081E-01 (103,  1)   vdiff=  2.9351E-01 ( 19, 16)
n=   581   udiff=  4.7870E-01 (103,  1)   vdiff=  2.9268E-01 ( 19, 16)
n=   582   udiff=  4.7659E-01 (103,  1)   vdiff=  2.9201E-01 ( 20, 16)
n=   583   udiff=  4.7447E-01 (103,  1)   vdiff=  2.9136E-01 ( 20, 16)
n=   584   udiff=  4.7236E-01 (103,  1)   vdiff=  2.9069E-01 ( 20, 16)
n=   585   udiff=  4.7025E-01 (103,  1)   vdiff=  2.9003E-01 ( 20, 16)
n=   586   udiff=  4.6814E-01 (103,  1)   vdiff=  2.8936E-01 ( 20, 16)
n=   587   udiff=  4.6666E-01 ( 33,  1)   vdiff=  2.8868E-01 ( 20, 16)
n=   588   udiff=  4.6612E-01 ( 33,  1)   vdiff=  2.8801E-01 ( 20, 16)
n=   589   udiff=  4.6557E-01 ( 33,  1)   vdiff=  2.8733E-01 ( 20, 16)
n=   590   udiff=  4.6502E-01 ( 33,  1)   vdiff=  2.8665E-01 ( 20, 16)
n=   591   udiff=  4.6446E-01 ( 33,  1)   vdiff=  2.8597E-01 ( 20, 16)
n=   592   udiff=  4.6390E-01 ( 33,  1)   vdiff=  2.8528E-01 ( 20, 16)
n=   593   udiff=  4.6334E-01 ( 33,  1)   vdiff=  2.8459E-01 ( 20, 16)
n=   594   udiff=  4.6277E-01 ( 33,  1)   vdiff=  2.8390E-01 ( 20, 16)
n=   595   udiff=  4.6219E-01 ( 33,  1)   vdiff=  2.8320E-01 ( 20, 16)
n=   596   udiff=  4.6161E-01 ( 33,  1)   vdiff=  2.8250E-01 ( 20, 16)
n=   597   udiff=  4.6103E-01 ( 33,  1)   vdiff=  2.8180E-01 ( 20, 16)
n=   598   udiff=  4.6044E-01 ( 33,  1)   vdiff=  2.8110E-01 ( 20, 16)
n=   599   udiff=  4.5985E-01 ( 33,  1)   vdiff=  2.8039E-01 ( 20, 16)
n=   600   udiff=  4.5925E-01 ( 33,  1)   vdiff=  2.7969E-01 ( 20, 16)
n=   601   udiff=  4.5865E-01 ( 33,  1)   vdiff=  2.7898E-01 ( 20, 16)
n=   602   udiff=  4.5804E-01 ( 33,  1)   vdiff=  2.7826E-01 ( 20, 16)
n=   603   udiff=  4.5743E-01 ( 33,  1)   vdiff=  2.7755E-01 ( 20, 16)
n=   604   udiff=  4.5682E-01 ( 33,  1)   vdiff=  2.7683E-01 ( 20, 16)
n=   605   udiff=  4.5629E-01 ( 34,  1)   vdiff=  2.7611E-01 ( 20, 16)
n=   606   udiff=  4.5580E-01 ( 34,  1)   vdiff=  2.7539E-01 ( 20, 16)
n=   607   udiff=  4.5531E-01 ( 34,  1)   vdiff=  2.7467E-01 ( 20, 16)
n=   608   udiff=  4.5481E-01 ( 34,  1)   vdiff=  2.7395E-01 ( 20, 16)
n=   609   udiff=  4.5431E-01 ( 34,  1)   vdiff=  2.7322E-01 ( 20, 16)
n=   610   udiff=  4.5381E-01 ( 34,  1)   vdiff=  2.7249E-01 ( 20, 16)
n=   611   udiff=  4.5330E-01 ( 34,  1)   vdiff=  2.7176E-01 ( 20, 16)
n=   612   udiff=  4.5278E-01 ( 34,  1)   vdiff=  2.7103E-01 ( 20, 16)
n=   613   udiff=  4.5227E-01 ( 34,  1)   vdiff=  2.7030E-01 ( 20, 16)
n=   614   udiff=  4.5174E-01 ( 34,  1)   vdiff=  2.6956E-01 ( 20, 16)
n=   615   udiff=  4.5121E-01 ( 34,  1)   vdiff=  2.6883E-01 ( 20, 16)
n=   616   udiff=  4.5068E-01 ( 34,  1)   vdiff=  2.6809E-01 ( 20, 16)
n=   617   udiff=  4.5014E-01 ( 34,  1)   vdiff=  2.6740E-01 ( 21, 15)
n=   618   udiff=  4.4960E-01 ( 34,  1)   vdiff=  2.6679E-01 ( 21, 16)
n=   619   udiff=  4.4906E-01 ( 34,  1)   vdiff=  2.6620E-01 ( 21, 16)
n=   620   udiff=  4.4851E-01 ( 34,  1)   vdiff=  2.6561E-01 ( 21, 16)
n=   621   udiff=  4.4795E-01 ( 34,  1)   vdiff=  2.6501E-01 ( 21, 16)
n=   622   udiff=  4.4739E-01 ( 34,  1)   vdiff=  2.6441E-01 ( 21, 16)
n=   623   udiff=  4.4683E-01 ( 34,  1)   vdiff=  2.6381E-01 ( 21, 16)
n=   624   udiff=  4.4626E-01 ( 34,  1)   vdiff=  2.6321E-01 ( 21, 16)
n=   625   udiff=  4.4569E-01 ( 34,  1)   vdiff=  2.6260E-01 ( 21, 16)
n=   626   udiff=  4.4511E-01 ( 34,  1)   vdiff=  2.6199E-01 ( 21, 16)
n=   627   udiff=  4.4453E-01 ( 34,  1)   vdiff=  2.6138E-01 ( 21, 16)
n=   628   udiff=  4.4395E-01 ( 34,  1)   vdiff=  2.6076E-01 ( 21, 16)
n=   629   udiff=  4.4336E-01 ( 34,  1)   vdiff=  2.6014E-01 ( 21, 16)
n=   630   udiff=  4.4277E-01 ( 34,  1)   vdiff=  2.5953E-01 ( 21, 16)
n=   631   udiff=  4.4219E-01 ( 35,  1)   vdiff=  2.5890E-01 ( 21, 16)
n=   632   udiff=  4.4172E-01 ( 35,  1)   vdiff=  2.5828E-01 ( 21, 16)
n=   633   udiff=  4.4124E-01 ( 35,  1)   vdiff=  2.5765E-01 ( 21, 16)
n=   634   udiff=  4.4076E-01 ( 35,  1)   vdiff=  2.5703E-01 ( 21, 16)
n=   635   udiff=  4.4028E-01 ( 35,  1)   vdiff=  2.5640E-01 ( 21, 16)
n=   636   udiff=  4.3979E-01 ( 35,  1)   vdiff=  2.5576E-01 ( 21, 16)
n=   637   udiff=  4.3929E-01 ( 35,  1)   vdiff=  2.5513E-01 ( 21, 16)
n=   638   udiff=  4.3879E-01 ( 35,  1)   vdiff=  2.5449E-01 ( 21, 16)
n=   639   udiff=  4.3829E-01 ( 35,  1)   vdiff=  2.5385E-01 ( 21, 16)
n=   640   udiff=  4.3778E-01 ( 35,  1)   vdiff=  2.5321E-01 ( 21, 16)
n=   641   udiff=  4.3727E-01 ( 35,  1)   vdiff=  2.5257E-01 ( 21, 16)
n=   642   udiff=  4.3675E-01 ( 35,  1)   vdiff=  2.5193E-01 ( 21, 16)
n=   643   udiff=  4.3623E-01 ( 35,  1)   vdiff=  2.5128E-01 ( 21, 16)
n=   644   udiff=  4.3571E-01 ( 35,  1)   vdiff=  2.5064E-01 ( 21, 16)
n=   645   udiff=  4.3518E-01 ( 35,  1)   vdiff=  2.4999E-01 ( 21, 16)
n=   646   udiff=  4.3465E-01 ( 35,  1)   vdiff=  2.4934E-01 ( 21, 16)
n=   647   udiff=  4.3411E-01 ( 35,  1)   vdiff=  2.4869E-01 ( 21, 16)
n=   648   udiff=  4.3357E-01 ( 35,  1)   vdiff=  2.4803E-01 ( 21, 16)
n=   649   udiff=  4.3303E-01 ( 35,  1)   vdiff=  2.4742E-01 ( 22, 15)
n=   650   udiff=  4.3248E-01 ( 35,  1)   vdiff=  2.4688E-01 ( 22, 15)
n=   651   udiff=  4.3193E-01 ( 35,  1)   vdiff=  2.4633E-01 ( 22, 15)
n=   652   udiff=  4.3137E-01 ( 35,  1)   vdiff=  2.4578E-01 ( 22, 15)
n=   653   udiff=  4.3081E-01 ( 35,  1)   vdiff=  2.4523E-01 ( 22, 15)
n=   654   udiff=  4.3024E-01 ( 35,  1)   vdiff=  2.4468E-01 ( 22, 15)
n=   655   udiff=  4.2968E-01 ( 35,  1)   vdiff=  2.4413E-01 ( 22, 15)
n=   656   udiff=  4.2911E-01 ( 35,  1)   vdiff=  2.4357E-01 ( 22, 15)
n=   657   udiff=  4.2853E-01 ( 35,  1)   vdiff=  2.4301E-01 ( 22, 15)
n=   658   udiff=  4.2799E-01 ( 36,  1)   vdiff=  2.4245E-01 ( 22, 15)
n=   659   udiff=  4.2753E-01 ( 36,  1)   vdiff=  2.4188E-01 ( 22, 15)
n=   660   udiff=  4.2706E-01 ( 36,  1)   vdiff=  2.4132E-01 ( 22, 15)
n=   661   udiff=  4.2659E-01 ( 36,  1)   vdiff=  2.4075E-01 ( 22, 15)
n=   662   udiff=  4.2611E-01 ( 36,  1)   vdiff=  2.4018E-01 ( 22, 15)
n=   663   udiff=  4.2563E-01 ( 36,  1)   vdiff=  2.3961E-01 ( 22, 15)
n=   664   udiff=  4.2514E-01 ( 36,  1)   vdiff=  2.3903E-01 ( 22, 15)
n=   665   udiff=  4.2465E-01 ( 36,  1)   vdiff=  2.3846E-01 ( 22, 15)
n=   666   udiff=  4.2416E-01 ( 36,  1)   vdiff=  2.3788E-01 ( 22, 15)
n=   667   udiff=  4.2366E-01 ( 36,  1)   vdiff=  2.3730E-01 ( 22, 15)
n=   668   udiff=  4.2316E-01 ( 36,  1)   vdiff=  2.3672E-01 ( 22, 15)
n=   669   udiff=  4.2266E-01 ( 36,  1)   vdiff=  2.3614E-01 ( 22, 15)
n=   670   udiff=  4.2215E-01 ( 36,  1)   vdiff=  2.3556E-01 ( 22, 15)
n=   671   udiff=  4.2164E-01 ( 36,  1)   vdiff=  2.3497E-01 ( 22, 15)
n=   672   udiff=  4.2112E-01 ( 36,  1)   vdiff=  2.3438E-01 ( 22, 15)
n=   673   udiff=  4.2060E-01 ( 36,  1)   vdiff=  2.3379E-01 ( 22, 15)
n=   674   udiff=  4.2008E-01 ( 36,  1)   vdiff=  2.3320E-01 ( 22, 15)
n=   675   udiff=  4.1955E-01 ( 36,  1)   vdiff=  2.3262E-01 ( 22, 16)
n=   676   udiff=  4.1902E-01 ( 36,  1)   vdiff=  2.3205E-01 ( 22, 16)
n=   677   udiff=  4.1848E-01 ( 36,  1)   vdiff=  2.3147E-01 ( 22, 16)
n=   678   udiff=  4.1795E-01 ( 36,  1)   vdiff=  2.3090E-01 ( 22, 16)
n=   679   udiff=  4.1740E-01 ( 36,  1)   vdiff=  2.3032E-01 ( 22, 16)
n=   680   udiff=  4.1686E-01 ( 36,  1)   vdiff=  2.2974E-01 ( 22, 16)
n=   681   udiff=  4.1631E-01 ( 36,  1)   vdiff=  2.2920E-01 ( 23, 15)
n=   682   udiff=  4.1576E-01 ( 36,  1)   vdiff=  2.2872E-01 ( 23, 15)
n=   683   udiff=  4.1520E-01 ( 36,  1)   vdiff=  2.2823E-01 ( 23, 15)
n=   684   udiff=  4.1464E-01 ( 36,  1)   vdiff=  2.2775E-01 ( 23, 15)
n=   685   udiff=  4.1410E-01 ( 37,  1)   vdiff=  2.2726E-01 ( 23, 15)
n=   686   udiff=  4.1364E-01 ( 37,  1)   vdiff=  2.2676E-01 ( 23, 15)
n=   687   udiff=  4.1318E-01 ( 37,  1)   vdiff=  2.2627E-01 ( 23, 15)
n=   688   udiff=  4.1271E-01 ( 37,  1)   vdiff=  2.2577E-01 ( 23, 15)
n=   689   udiff=  4.1224E-01 ( 37,  1)   vdiff=  2.2527E-01 ( 23, 15)
n=   690   udiff=  4.1177E-01 ( 37,  1)   vdiff=  2.2477E-01 ( 23, 15)
n=   691   udiff=  4.1130E-01 ( 37,  1)   vdiff=  2.2435E-01 ( 57, 16)
n=   692   udiff=  4.1082E-01 ( 37,  1)   vdiff=  2.2416E-01 ( 57, 16)
n=   693   udiff=  4.1033E-01 ( 37,  1)   vdiff=  2.2398E-01 ( 57, 16)
n=   694   udiff=  4.0985E-01 ( 37,  1)   vdiff=  2.2380E-01 ( 57, 16)
n=   695   udiff=  4.0935E-01 ( 37,  1)   vdiff=  2.2362E-01 ( 57, 16)
n=   696   udiff=  4.0886E-01 ( 37,  1)   vdiff=  2.2344E-01 ( 57, 16)
n=   697   udiff=  4.0836E-01 ( 37,  1)   vdiff=  2.2326E-01 ( 57, 16)
n=   698   udiff=  4.0786E-01 ( 37,  1)   vdiff=  2.2309E-01 ( 57, 16)
n=   699   udiff=  4.0736E-01 ( 37,  1)   vdiff=  2.2291E-01 ( 57, 16)
n=   700   udiff=  4.0685E-01 ( 37,  1)   vdiff=  2.2273E-01 ( 57, 16)
n=   701   udiff=  4.0634E-01 ( 37,  1)   vdiff=  2.2256E-01 ( 57, 16)
n=   702   udiff=  4.0582E-01 ( 37,  1)   vdiff=  2.2239E-01 ( 57, 16)
n=   703   udiff=  4.0530E-01 ( 37,  1)   vdiff=  2.2221E-01 ( 57, 16)
n=   704   udiff=  4.0478E-01 ( 37,  1)   vdiff=  2.2205E-01 ( 57, 16)
n=   705   udiff=  4.0426E-01 ( 37,  1)   vdiff=  2.2188E-01 ( 57, 16)
n=   706   udiff=  4.0373E-01 ( 37,  1)   vdiff=  2.2170E-01 ( 57, 16)
n=   707   udiff=  4.0319E-01 ( 37,  1)   vdiff=  2.2154E-01 ( 57, 16)
n=   708   udiff=  4.0266E-01 ( 37,  1)   vdiff=  2.2137E-01 ( 57, 16)
n=   709   udiff=  4.0212E-01 ( 37,  1)   vdiff=  2.2121E-01 ( 57, 16)
n=   710   udiff=  4.0158E-01 ( 37,  1)   vdiff=  2.2105E-01 ( 57, 16)
n=   711   udiff=  4.0103E-01 ( 37,  1)   vdiff=  2.2088E-01 ( 57, 16)
n=   712   udiff=  4.0049E-01 ( 37,  1)   vdiff=  2.2072E-01 ( 57, 16)
n=   713   udiff=  3.9999E-01 ( 38,  1)   vdiff=  2.2055E-01 ( 57, 16)
n=   714   udiff=  3.9953E-01 ( 38,  1)   vdiff=  2.2039E-01 ( 57, 16)
n=   715   udiff=  3.9907E-01 ( 38,  1)   vdiff=  2.2023E-01 ( 57, 16)
n=   716   udiff=  3.9861E-01 ( 38,  1)   vdiff=  2.2007E-01 ( 57, 16)
n=   717   udiff=  3.9815E-01 ( 38,  1)   vdiff=  2.1992E-01 ( 57, 16)
n=   718   udiff=  3.9768E-01 ( 38,  1)   vdiff=  2.1976E-01 ( 57, 16)
n=   719   udiff=  3.9721E-01 ( 38,  1)   vdiff=  2.1960E-01 ( 57, 16)
n=   720   udiff=  3.9674E-01 ( 38,  1)   vdiff=  2.1945E-01 ( 57, 16)
n=   721   udiff=  3.9626E-01 ( 38,  1)   vdiff=  2.1929E-01 ( 57, 16)
n=   722   udiff=  3.9578E-01 ( 38,  1)   vdiff=  2.1914E-01 ( 57, 16)
n=   723   udiff=  3.9529E-01 ( 38,  1)   vdiff=  2.1899E-01 ( 57, 16)
n=   724   udiff=  3.9480E-01 ( 38,  1)   vdiff=  2.1884E-01 ( 57, 16)
n=   725   udiff=  3.9431E-01 ( 38,  1)   vdiff=  2.1869E-01 ( 57, 16)
n=   726   udiff=  3.9382E-01 ( 38,  1)   vdiff=  2.1854E-01 ( 57, 16)
n=   727   udiff=  3.9332E-01 ( 38,  1)   vdiff=  2.1839E-01 ( 57, 16)
n=   728   udiff=  3.9282E-01 ( 38,  1)   vdiff=  2.1824E-01 ( 57, 16)
n=   729   udiff=  3.9232E-01 ( 38,  1)   vdiff=  2.1809E-01 ( 57, 16)
n=   730   udiff=  3.9181E-01 ( 38,  1)   vdiff=  2.1795E-01 ( 57, 16)
n=   731   udiff=  3.9130E-01 ( 38,  1)   vdiff=  2.1780E-01 ( 57, 16)
n=   732   udiff=  3.9079E-01 ( 38,  1)   vdiff=  2.1766E-01 ( 57, 16)
n=   733   udiff=  3.9027E-01 ( 38,  1)   vdiff=  2.1752E-01 ( 57, 16)
n=   734   udiff=  3.8975E-01 ( 38,  1)   vdiff=  2.1737E-01 ( 57, 16)
n=   735   udiff=  3.8923E-01 ( 38,  1)   vdiff=  2.1723E-01 ( 57, 16)
n=   736   udiff=  3.8870E-01 ( 38,  1)   vdiff=  2.1709E-01 ( 57, 16)
n=   737   udiff=  3.8817E-01 ( 38,  1)   vdiff=  2.1695E-01 ( 57, 16)
n=   738   udiff=  3.8764E-01 ( 38,  1)   vdiff=  2.1681E-01 ( 57, 16)
n=   739   udiff=  3.8711E-01 ( 38,  1)   vdiff=  2.1667E-01 ( 57, 16)
n=   740   udiff=  3.8657E-01 ( 38,  1)   vdiff=  2.1653E-01 ( 57, 16)
n=   741   udiff=  3.8605E-01 ( 39,  1)   vdiff=  2.1640E-01 ( 57, 16)
n=   742   udiff=  3.8560E-01 ( 39,  1)   vdiff=  2.1626E-01 ( 57, 16)
n=   743   udiff=  3.8515E-01 ( 39,  1)   vdiff=  2.1613E-01 ( 57, 16)
n=   744   udiff=  3.8469E-01 ( 39,  1)   vdiff=  2.1599E-01 ( 57, 16)
n=   745   udiff=  3.8423E-01 ( 39,  1)   vdiff=  2.1585E-01 ( 57, 16)
n=   746   udiff=  3.8377E-01 ( 39,  1)   vdiff=  2.1573E-01 ( 57, 16)
n=   747   udiff=  3.8330E-01 ( 39,  1)   vdiff=  2.1559E-01 ( 57, 16)
n=   748   udiff=  3.8283E-01 ( 39,  1)   vdiff=  2.1546E-01 ( 57, 16)
n=   749   udiff=  3.8236E-01 ( 39,  1)   vdiff=  2.1533E-01 ( 57, 16)
n=   750   udiff=  3.8189E-01 ( 39,  1)   vdiff=  2.1519E-01 ( 57, 16)
n=   751   udiff=  3.8141E-01 ( 39,  1)   vdiff=  2.1507E-01 ( 57, 16)
n=   752   udiff=  3.8093E-01 ( 39,  1)   vdiff=  2.1493E-01 ( 57, 16)
n=   753   udiff=  3.8044E-01 ( 39,  1)   vdiff=  2.1481E-01 ( 57, 16)
n=   754   udiff=  3.7995E-01 ( 39,  1)   vdiff=  2.1468E-01 ( 57, 16)
n=   755   udiff=  3.7946E-01 ( 39,  1)   vdiff=  2.1455E-01 ( 57, 16)
n=   756   udiff=  3.7897E-01 ( 39,  1)   vdiff=  2.1443E-01 ( 57, 16)
n=   757   udiff=  3.7847E-01 ( 39,  1)   vdiff=  2.1431E-01 ( 57, 16)
n=   758   udiff=  3.7797E-01 ( 39,  1)   vdiff=  2.1418E-01 ( 57, 16)
n=   759   udiff=  3.7747E-01 ( 39,  1)   vdiff=  2.1405E-01 ( 57, 16)
n=   760   udiff=  3.7696E-01 ( 39,  1)   vdiff=  2.1393E-01 ( 57, 16)
n=   761   udiff=  3.7646E-01 ( 39,  1)   vdiff=  2.1381E-01 ( 57, 16)
n=   762   udiff=  3.7594E-01 ( 39,  1)   vdiff=  2.1368E-01 ( 57, 16)
n=   763   udiff=  3.7543E-01 ( 39,  1)   vdiff=  2.1356E-01 ( 57, 16)
n=   764   udiff=  3.7491E-01 ( 39,  1)   vdiff=  2.1344E-01 ( 57, 16)
n=   765   udiff=  3.7439E-01 ( 39,  1)   vdiff=  2.1333E-01 ( 57, 16)
n=   766   udiff=  3.7387E-01 ( 39,  1)   vdiff=  2.1320E-01 ( 57, 16)
n=   767   udiff=  3.7335E-01 ( 39,  1)   vdiff=  2.1308E-01 ( 57, 16)
n=   768   udiff=  3.7282E-01 ( 39,  1)   vdiff=  2.1296E-01 ( 57, 16)
n=   769   udiff=  3.7229E-01 ( 39,  1)   vdiff=  2.1285E-01 ( 57, 16)
n=   770   udiff=  3.7179E-01 ( 40,  1)   vdiff=  2.1273E-01 ( 57, 16)
n=   771   udiff=  3.7134E-01 ( 40,  1)   vdiff=  2.1261E-01 ( 57, 16)
n=   772   udiff=  3.7089E-01 ( 40,  1)   vdiff=  2.1249E-01 ( 57, 16)
n=   773   udiff=  3.7043E-01 ( 40,  1)   vdiff=  2.1238E-01 ( 57, 16)
n=   774   udiff=  3.6997E-01 ( 40,  1)   vdiff=  2.1226E-01 ( 57, 16)
n=   775   udiff=  3.6951E-01 ( 40,  1)   vdiff=  2.1214E-01 ( 57, 16)
n=   776   udiff=  3.6905E-01 ( 40,  1)   vdiff=  2.1203E-01 ( 57, 16)
n=   777   udiff=  3.6858E-01 ( 40,  1)   vdiff=  2.1192E-01 ( 57, 16)
n=   778   udiff=  3.6811E-01 ( 40,  1)   vdiff=  2.1181E-01 ( 57, 16)
n=   779   udiff=  3.6764E-01 ( 40,  1)   vdiff=  2.1169E-01 ( 57, 16)
n=   780   udiff=  3.6716E-01 ( 40,  1)   vdiff=  2.1157E-01 ( 57, 16)
n=   781   udiff=  3.6668E-01 ( 40,  1)   vdiff=  2.1147E-01 ( 57, 16)
n=   782   udiff=  3.6620E-01 ( 40,  1)   vdiff=  2.1135E-01 ( 57, 16)
n=   783   udiff=  3.6572E-01 ( 40,  1)   vdiff=  2.1124E-01 ( 57, 16)
n=   784   udiff=  3.6523E-01 ( 40,  1)   vdiff=  2.1113E-01 ( 57, 16)
n=   785   udiff=  3.6474E-01 ( 40,  1)   vdiff=  2.1102E-01 ( 57, 16)
n=   786   udiff=  3.6425E-01 ( 40,  1)   vdiff=  2.1091E-01 ( 57, 16)
n=   787   udiff=  3.6375E-01 ( 40,  1)   vdiff=  2.1080E-01 ( 57, 16)
n=   788   udiff=  3.6325E-01 ( 40,  1)   vdiff=  2.1069E-01 ( 57, 16)
n=   789   udiff=  3.6275E-01 ( 40,  1)   vdiff=  2.1061E-01 ( 57, 15)
n=   790   udiff=  3.6225E-01 ( 40,  1)   vdiff=  2.1051E-01 ( 57, 15)
n=   791   udiff=  3.6174E-01 ( 40,  1)   vdiff=  2.1043E-01 ( 57, 15)
n=   792   udiff=  3.6124E-01 ( 40,  1)   vdiff=  2.1034E-01 ( 57, 15)
n=   793   udiff=  3.6072E-01 ( 40,  1)   vdiff=  2.1025E-01 ( 57, 15)
n=   794   udiff=  3.6021E-01 ( 40,  1)   vdiff=  2.1017E-01 ( 57, 15)
n=   795   udiff=  3.5970E-01 ( 40,  1)   vdiff=  2.1008E-01 ( 57, 15)
n=   796   udiff=  3.5918E-01 ( 40,  1)   vdiff=  2.0999E-01 ( 57, 15)
n=   797   udiff=  3.5866E-01 ( 40,  1)   vdiff=  2.0991E-01 ( 57, 15)
n=   798   udiff=  3.5813E-01 ( 40,  1)   vdiff=  2.0983E-01 ( 57, 15)
n=   799   udiff=  3.5761E-01 ( 40,  1)   vdiff=  2.0974E-01 ( 57, 15)
n=   800   udiff=  3.5713E-01 ( 41,  1)   vdiff=  2.0965E-01 ( 57, 15)
n=   801   udiff=  3.5668E-01 ( 41,  1)   vdiff=  2.0957E-01 ( 57, 15)
n=   802   udiff=  3.5623E-01 ( 41,  1)   vdiff=  2.0949E-01 ( 57, 15)
n=   803   udiff=  3.5577E-01 ( 41,  1)   vdiff=  2.0940E-01 ( 57, 15)
n=   804   udiff=  3.5531E-01 ( 41,  1)   vdiff=  2.0931E-01 ( 57, 15)
n=   805   udiff=  3.5485E-01 ( 41,  1)   vdiff=  2.0923E-01 ( 57, 15)
n=   806   udiff=  3.5438E-01 ( 41,  1)   vdiff=  2.0915E-01 ( 57, 15)
n=   807   udiff=  3.5392E-01 ( 41,  1)   vdiff=  2.0906E-01 ( 57, 15)
n=   808   udiff=  3.5345E-01 ( 41,  1)   vdiff=  2.0897E-01 ( 57, 15)
n=   809   udiff=  3.5297E-01 ( 41,  1)   vdiff=  2.0889E-01 ( 57, 15)
n=   810   udiff=  3.5250E-01 ( 41,  1)   vdiff=  2.0881E-01 ( 57, 15)
n=   811   udiff=  3.5202E-01 ( 41,  1)   vdiff=  2.0873E-01 ( 57, 15)
n=   812   udiff=  3.5154E-01 ( 41,  1)   vdiff=  2.0864E-01 ( 57, 15)
n=   813   udiff=  3.5106E-01 ( 41,  1)   vdiff=  2.0856E-01 ( 57, 15)
n=   814   udiff=  3.5057E-01 ( 41,  1)   vdiff=  2.0847E-01 ( 57, 15)
n=   815   udiff=  3.5008E-01 ( 41,  1)   vdiff=  2.0839E-01 ( 57, 15)
n=   816   udiff=  3.4959E-01 ( 41,  1)   vdiff=  2.0830E-01 ( 57, 15)
n=   817   udiff=  3.4910E-01 ( 41,  1)   vdiff=  2.0823E-01 ( 57, 15)
n=   818   udiff=  3.4860E-01 ( 41,  1)   vdiff=  2.0814E-01 ( 57, 15)
n=   819   udiff=  3.4811E-01 ( 41,  1)   vdiff=  2.0805E-01 ( 57, 15)
n=   820   udiff=  3.4761E-01 ( 41,  1)   vdiff=  2.0798E-01 ( 57, 15)
n=   821   udiff=  3.4710E-01 ( 41,  1)   vdiff=  2.0789E-01 ( 57, 15)
n=   822   udiff=  3.4660E-01 ( 41,  1)   vdiff=  2.0781E-01 ( 57, 15)
n=   823   udiff=  3.4609E-01 ( 41,  1)   vdiff=  2.0772E-01 ( 57, 15)
n=   824   udiff=  3.4558E-01 ( 41,  1)   vdiff=  2.0764E-01 ( 57, 15)
n=   825   udiff=  3.4507E-01 ( 41,  1)   vdiff=  2.0756E-01 ( 57, 15)
n=   826   udiff=  3.4456E-01 ( 41,  1)   vdiff=  2.0747E-01 ( 57, 15)
n=   827   udiff=  3.4404E-01 ( 41,  1)   vdiff=  2.0739E-01 ( 57, 15)
n=   828   udiff=  3.4352E-01 ( 41,  1)   vdiff=  2.0730E-01 ( 57, 15)
n=   829   udiff=  3.4300E-01 ( 41,  1)   vdiff=  2.0722E-01 ( 57, 15)
n=   830   udiff=  3.4248E-01 ( 42,  1)   vdiff=  2.0714E-01 ( 57, 15)
n=   831   udiff=  3.4203E-01 ( 42,  1)   vdiff=  2.0705E-01 ( 57, 15)
n=   832   udiff=  3.4157E-01 ( 42,  1)   vdiff=  2.0697E-01 ( 57, 15)
n=   833   udiff=  3.4112E-01 ( 42,  1)   vdiff=  2.0688E-01 ( 57, 15)
n=   834   udiff=  3.4066E-01 ( 42,  1)   vdiff=  2.0680E-01 ( 57, 15)
n=   835   udiff=  3.4019E-01 ( 42,  1)   vdiff=  2.0672E-01 ( 57, 15)
n=   836   udiff=  3.3973E-01 ( 42,  1)   vdiff=  2.0663E-01 ( 57, 15)
n=   837   udiff=  3.3926E-01 ( 42,  1)   vdiff=  2.0655E-01 ( 57, 15)
n=   838   udiff=  3.3879E-01 ( 42,  1)   vdiff=  2.0646E-01 ( 57, 15)
n=   839   udiff=  3.3832E-01 ( 42,  1)   vdiff=  2.0638E-01 ( 57, 15)
n=   840   udiff=  3.3785E-01 ( 42,  1)   vdiff=  2.0629E-01 ( 57, 15)
n=   841   udiff=  3.3737E-01 ( 42,  1)   vdiff=  2.0620E-01 ( 57, 15)
n=   842   udiff=  3.3689E-01 ( 42,  1)   vdiff=  2.0612E-01 ( 57, 15)
n=   843   udiff=  3.3641E-01 ( 42,  1)   vdiff=  2.0604E-01 ( 57, 15)
n=   844   udiff=  3.3593E-01 ( 42,  1)   vdiff=  2.0595E-01 ( 57, 15)
n=   845   udiff=  3.3544E-01 ( 42,  1)   vdiff=  2.0586E-01 ( 57, 15)
n=   846   udiff=  3.3495E-01 ( 42,  1)   vdiff=  2.0578E-01 ( 57, 15)
n=   847   udiff=  3.3446E-01 ( 42,  1)   vdiff=  2.0569E-01 ( 57, 15)
n=   848   udiff=  3.3397E-01 ( 42,  1)   vdiff=  2.0561E-01 ( 57, 15)
n=   849   udiff=  3.3348E-01 ( 42,  1)   vdiff=  2.0551E-01 ( 57, 15)
n=   850   udiff=  3.3298E-01 ( 42,  1)   vdiff=  2.0543E-01 ( 57, 15)
n=   851   udiff=  3.3248E-01 ( 42,  1)   vdiff=  2.0534E-01 ( 57, 15)
n=   852   udiff=  3.3198E-01 ( 42,  1)   vdiff=  2.0525E-01 ( 57, 15)
n=   853   udiff=  3.3148E-01 ( 42,  1)   vdiff=  2.0517E-01 ( 57, 15)
n=   854   udiff=  3.3097E-01 ( 42,  1)   vdiff=  2.0508E-01 ( 57, 15)
n=   855   udiff=  3.3047E-01 ( 42,  1)   vdiff=  2.0499E-01 ( 57, 15)
n=   856   udiff=  3.2996E-01 ( 42,  1)   vdiff=  2.0490E-01 ( 57, 15)
n=   857   udiff=  3.2944E-01 ( 42,  1)   vdiff=  2.0481E-01 ( 57, 15)
n=   858   udiff=  3.2893E-01 ( 42,  1)   vdiff=  2.0472E-01 ( 57, 15)
n=   859   udiff=  3.2842E-01 ( 42,  1)   vdiff=  2.0463E-01 ( 57, 15)
n=   860   udiff=  3.2790E-01 ( 42,  1)   vdiff=  2.0454E-01 ( 57, 15)
n=   861   udiff=  3.2738E-01 ( 42,  1)   vdiff=  2.0445E-01 ( 57, 15)
n=   862   udiff=  3.2688E-01 ( 43,  1)   vdiff=  2.0436E-01 ( 57, 15)
n=   863   udiff=  3.2642E-01 ( 43,  1)   vdiff=  2.0427E-01 ( 57, 15)
n=   864   udiff=  3.2596E-01 ( 43,  1)   vdiff=  2.0418E-01 ( 57, 15)
n=   865   udiff=  3.2550E-01 ( 43,  1)   vdiff=  2.0409E-01 ( 57, 15)
n=   866   udiff=  3.2504E-01 ( 43,  1)   vdiff=  2.0399E-01 ( 57, 15)
n=   867   udiff=  3.2457E-01 ( 43,  1)   vdiff=  2.0390E-01 ( 57, 15)
n=   868   udiff=  3.2410E-01 ( 43,  1)   vdiff=  2.0380E-01 ( 57, 15)
n=   869   udiff=  3.2363E-01 ( 43,  1)   vdiff=  2.0371E-01 ( 57, 15)
n=   870   udiff=  3.2316E-01 ( 43,  1)   vdiff=  2.0362E-01 ( 57, 15)
n=   871   udiff=  3.2269E-01 ( 43,  1)   vdiff=  2.0352E-01 ( 57, 15)
n=   872   udiff=  3.2221E-01 ( 43,  1)   vdiff=  2.0343E-01 ( 57, 15)
n=   873   udiff=  3.2173E-01 ( 43,  1)   vdiff=  2.0334E-01 ( 57, 15)
n=   874   udiff=  3.2125E-01 ( 43,  1)   vdiff=  2.0324E-01 ( 57, 15)
n=   875   udiff=  3.2077E-01 ( 43,  1)   vdiff=  2.0315E-01 ( 57, 15)
n=   876   udiff=  3.2028E-01 ( 43,  1)   vdiff=  2.0304E-01 ( 57, 15)
n=   877   udiff=  3.1980E-01 ( 43,  1)   vdiff=  2.0295E-01 ( 57, 15)
n=   878   udiff=  3.1931E-01 ( 43,  1)   vdiff=  2.0285E-01 ( 57, 15)
n=   879   udiff=  3.1882E-01 ( 43,  1)   vdiff=  2.0276E-01 ( 57, 15)
n=   880   udiff=  3.1833E-01 ( 43,  1)   vdiff=  2.0265E-01 ( 57, 15)
n=   881   udiff=  3.1783E-01 ( 43,  1)   vdiff=  2.0256E-01 ( 57, 15)
n=   882   udiff=  3.1734E-01 ( 43,  1)   vdiff=  2.0246E-01 ( 57, 15)
n=   883   udiff=  3.1684E-01 ( 43,  1)   vdiff=  2.0236E-01 ( 57, 15)
n=   884   udiff=  3.1634E-01 ( 43,  1)   vdiff=  2.0226E-01 ( 57, 15)
n=   885   udiff=  3.1584E-01 ( 43,  1)   vdiff=  2.0216E-01 ( 57, 15)
n=   886   udiff=  3.1533E-01 ( 43,  1)   vdiff=  2.0205E-01 ( 57, 15)
n=   887   udiff=  3.1483E-01 ( 43,  1)   vdiff=  2.0195E-01 ( 57, 15)
n=   888   udiff=  3.1432E-01 ( 43,  1)   vdiff=  2.0185E-01 ( 57, 15)
n=   889   udiff=  3.1381E-01 ( 43,  1)   vdiff=  2.0175E-01 ( 57, 15)
n=   890   udiff=  3.1330E-01 ( 43,  1)   vdiff=  2.0165E-01 ( 57, 15)
n=   891   udiff=  3.1279E-01 ( 43,  1)   vdiff=  2.0154E-01 ( 57, 15)
n=   892   udiff=  3.1227E-01 ( 43,  1)   vdiff=  2.0143E-01 ( 57, 15)
n=   893   udiff=  3.1175E-01 ( 43,  1)   vdiff=  2.0133E-01 ( 57, 15)
n=   894   udiff=  3.1124E-01 ( 43,  1)   vdiff=  2.0122E-01 ( 57, 15)
n=   895   udiff=  3.1072E-01 ( 44,  1)   vdiff=  2.0112E-01 ( 57, 15)
n=   896   udiff=  3.1026E-01 ( 44,  1)   vdiff=  2.0101E-01 ( 57, 15)
n=   897   udiff=  3.0980E-01 ( 44,  1)   vdiff=  2.0090E-01 ( 57, 15)
n=   898   udiff=  3.0933E-01 ( 44,  1)   vdiff=  2.0080E-01 ( 57, 15)
n=   899   udiff=  3.0886E-01 ( 44,  1)   vdiff=  2.0069E-01 ( 57, 15)
n=   900   udiff=  3.0840E-01 ( 44,  1)   vdiff=  2.0058E-01 ( 57, 15)
n=   901   udiff=  3.0792E-01 ( 44,  1)   vdiff=  2.0047E-01 ( 57, 15)
n=   902   udiff=  3.0745E-01 ( 44,  1)   vdiff=  2.0036E-01 ( 57, 15)
n=   903   udiff=  3.0698E-01 ( 44,  1)   vdiff=  2.0025E-01 ( 57, 15)
n=   904   udiff=  3.0650E-01 ( 44,  1)   vdiff=  2.0013E-01 ( 57, 15)
n=   905   udiff=  3.0602E-01 ( 44,  1)   vdiff=  2.0003E-01 ( 57, 15)
n=   906   udiff=  3.0554E-01 ( 44,  1)   vdiff=  1.9991E-01 ( 57, 15)
n=   907   udiff=  3.0506E-01 ( 44,  1)   vdiff=  1.9980E-01 ( 57, 15)
n=   908   udiff=  3.0458E-01 ( 44,  1)   vdiff=  1.9968E-01 ( 57, 15)
n=   909   udiff=  3.0409E-01 ( 44,  1)   vdiff=  1.9957E-01 ( 57, 15)
n=   910   udiff=  3.0360E-01 ( 44,  1)   vdiff=  1.9945E-01 ( 57, 15)
n=   911   udiff=  3.0311E-01 ( 44,  1)   vdiff=  1.9934E-01 ( 57, 15)
n=   912   udiff=  3.0262E-01 ( 44,  1)   vdiff=  1.9922E-01 ( 57, 15)
n=   913   udiff=  3.0213E-01 ( 44,  1)   vdiff=  1.9910E-01 ( 57, 15)
n=   914   udiff=  3.0164E-01 ( 44,  1)   vdiff=  1.9898E-01 ( 57, 15)
n=   915   udiff=  3.0114E-01 ( 44,  1)   vdiff=  1.9887E-01 ( 57, 15)
n=   916   udiff=  3.0064E-01 ( 44,  1)   vdiff=  1.9874E-01 ( 57, 15)
n=   917   udiff=  3.0015E-01 ( 44,  1)   vdiff=  1.9862E-01 ( 57, 15)
n=   918   udiff=  2.9964E-01 ( 44,  1)   vdiff=  1.9850E-01 ( 57, 15)
n=   919   udiff=  2.9914E-01 ( 44,  1)   vdiff=  1.9838E-01 ( 57, 15)
n=   920   udiff=  2.9864E-01 ( 44,  1)   vdiff=  1.9826E-01 ( 57, 15)
n=   921   udiff=  2.9813E-01 ( 44,  1)   vdiff=  1.9814E-01 ( 57, 15)
n=   922   udiff=  2.9762E-01 ( 44,  1)   vdiff=  1.9802E-01 ( 57, 15)
n=   923   udiff=  2.9712E-01 ( 44,  1)   vdiff=  1.9789E-01 ( 57, 15)
n=   924   udiff=  2.9661E-01 ( 44,  1)   vdiff=  1.9776E-01 ( 57, 15)
n=   925   udiff=  2.9609E-01 ( 44,  1)   vdiff=  1.9764E-01 ( 57, 15)
n=   926   udiff=  2.9558E-01 ( 44,  1)   vdiff=  1.9751E-01 ( 57, 15)
n=   927   udiff=  2.9506E-01 ( 44,  1)   vdiff=  1.9739E-01 ( 57, 15)
n=   928   udiff=  2.9455E-01 ( 44,  1)   vdiff=  1.9726E-01 ( 57, 15)
n=   929   udiff=  2.9403E-01 ( 44,  1)   vdiff=  1.9713E-01 ( 57, 15)
n=   930   udiff=  2.9352E-01 ( 45,  1)   vdiff=  1.9700E-01 ( 57, 15)
n=   931   udiff=  2.9306E-01 ( 45,  1)   vdiff=  1.9687E-01 ( 57, 15)
n=   932   udiff=  2.9259E-01 ( 45,  1)   vdiff=  1.9674E-01 ( 57, 15)
n=   933   udiff=  2.9212E-01 ( 45,  1)   vdiff=  1.9661E-01 ( 57, 15)
n=   934   udiff=  2.9165E-01 ( 45,  1)   vdiff=  1.9647E-01 ( 57, 15)
n=   935   udiff=  2.9117E-01 ( 45,  1)   vdiff=  1.9634E-01 ( 57, 15)
n=   936   udiff=  2.9070E-01 ( 45,  1)   vdiff=  1.9620E-01 ( 57, 15)
n=   937   udiff=  2.9022E-01 ( 45,  1)   vdiff=  1.9607E-01 ( 57, 15)
n=   938   udiff=  2.8974E-01 ( 45,  1)   vdiff=  1.9594E-01 ( 57, 15)
n=   939   udiff=  2.8926E-01 ( 45,  1)   vdiff=  1.9580E-01 ( 57, 15)
n=   940   udiff=  2.8878E-01 ( 45,  1)   vdiff=  1.9567E-01 ( 57, 15)
n=   941   udiff=  2.8830E-01 ( 45,  1)   vdiff=  1.9552E-01 ( 57, 15)
n=   942   udiff=  2.8782E-01 ( 45,  1)   vdiff=  1.9539E-01 ( 57, 15)
n=   943   udiff=  2.8733E-01 ( 45,  1)   vdiff=  1.9525E-01 ( 57, 15)
n=   944   udiff=  2.8684E-01 ( 45,  1)   vdiff=  1.9510E-01 ( 57, 15)
n=   945   udiff=  2.8635E-01 ( 45,  1)   vdiff=  1.9496E-01 ( 57, 15)
n=   946   udiff=  2.8586E-01 ( 45,  1)   vdiff=  1.9482E-01 ( 57, 15)
n=   947   udiff=  2.8537E-01 ( 45,  1)   vdiff=  1.9468E-01 ( 57, 15)
n=   948   udiff=  2.8488E-01 ( 45,  1)   vdiff=  1.9453E-01 ( 57, 15)
n=   949   udiff=  2.8438E-01 ( 45,  1)   vdiff=  1.9439E-01 ( 57, 15)
n=   950   udiff=  2.8389E-01 ( 45,  1)   vdiff=  1.9425E-01 ( 57, 15)
n=   951   udiff=  2.8339E-01 ( 45,  1)   vdiff=  1.9410E-01 ( 57, 15)
n=   952   udiff=  2.8289E-01 ( 45,  1)   vdiff=  1.9395E-01 ( 57, 15)
n=   953   udiff=  2.8239E-01 ( 45,  1)   vdiff=  1.9381E-01 ( 57, 15)
n=   954   udiff=  2.8189E-01 ( 45,  1)   vdiff=  1.9366E-01 ( 57, 15)
n=   955   udiff=  2.8138E-01 ( 45,  1)   vdiff=  1.9351E-01 ( 57, 15)
n=   956   udiff=  2.8088E-01 ( 45,  1)   vdiff=  1.9336E-01 ( 57, 15)
n=   957   udiff=  2.8037E-01 ( 45,  1)   vdiff=  1.9321E-01 ( 57, 15)
n=   958   udiff=  2.7987E-01 ( 45,  1)   vdiff=  1.9305E-01 ( 57, 15)
n=   959   udiff=  2.7936E-01 ( 45,  1)   vdiff=  1.9290E-01 ( 57, 15)
n=   960   udiff=  2.7885E-01 ( 45,  1)   vdiff=  1.9275E-01 ( 57, 15)
n=   961   udiff=  2.7834E-01 ( 45,  1)   vdiff=  1.9259E-01 ( 57, 15)
n=   962   udiff=  2.7783E-01 ( 45,  1)   vdiff=  1.9244E-01 ( 57, 15)
n=   963   udiff=  2.7731E-01 ( 45,  1)   vdiff=  1.9228E-01 ( 57, 15)
n=   964   udiff=  2.7680E-01 ( 45,  1)   vdiff=  1.9212E-01 ( 57, 15)
n=   965   udiff=  2.7628E-01 ( 45,  1)   vdiff=  1.9197E-01 ( 57, 15)
n=   966   udiff=  2.7576E-01 ( 45,  1)   vdiff=  1.9181E-01 ( 57, 15)
n=   967   udiff=  2.7526E-01 ( 46,  1)   vdiff=  1.9165E-01 ( 57, 15)
n=   968   udiff=  2.7479E-01 ( 46,  1)   vdiff=  1.9149E-01 ( 57, 15)
n=   969   udiff=  2.7432E-01 ( 46,  1)   vdiff=  1.9133E-01 ( 57, 15)
n=   970   udiff=  2.7384E-01 ( 46,  1)   vdiff=  1.9116E-01 ( 57, 15)
n=   971   udiff=  2.7337E-01 ( 46,  1)   vdiff=  1.9100E-01 ( 57, 15)
n=   972   udiff=  2.7289E-01 ( 46,  1)   vdiff=  1.9084E-01 ( 57, 15)
n=   973   udiff=  2.7241E-01 ( 46,  1)   vdiff=  1.9068E-01 ( 57, 15)
n=   974   udiff=  2.7193E-01 ( 46,  1)   vdiff=  1.9051E-01 ( 57, 15)
n=   975   udiff=  2.7145E-01 ( 46,  1)   vdiff=  1.9035E-01 ( 57, 15)
n=   976   udiff=  2.7097E-01 ( 46,  1)   vdiff=  1.9018E-01 ( 57, 15)
n=   977   udiff=  2.7049E-01 ( 46,  1)   vdiff=  1.9001E-01 ( 57, 15)
n=   978   udiff=  2.7000E-01 ( 46,  1)   vdiff=  1.8985E-01 ( 57, 15)
n=   979   udiff=  2.6952E-01 ( 46,  1)   vdiff=  1.8967E-01 ( 57, 15)
n=   980   udiff=  2.6903E-01 ( 46,  1)   vdiff=  1.8950E-01 ( 57, 15)
n=   981   udiff=  2.6854E-01 ( 46,  1)   vdiff=  1.8933E-01 ( 57, 15)
n=   982   udiff=  2.6805E-01 ( 46,  1)   vdiff=  1.8916E-01 ( 57, 15)
n=   983   udiff=  2.6756E-01 ( 46,  1)   vdiff=  1.8898E-01 ( 57, 15)
n=   984   udiff=  2.6707E-01 ( 46,  1)   vdiff=  1.8881E-01 ( 57, 15)
n=   985   udiff=  2.6658E-01 ( 46,  1)   vdiff=  1.8863E-01 ( 57, 15)
n=   986   udiff=  2.6608E-01 ( 46,  1)   vdiff=  1.8846E-01 ( 57, 15)
n=   987   udiff=  2.6559E-01 ( 46,  1)   vdiff=  1.8828E-01 ( 57, 15)
n=   988   udiff=  2.6509E-01 ( 46,  1)   vdiff=  1.8811E-01 ( 57, 15)
n=   989   udiff=  2.6459E-01 ( 46,  1)   vdiff=  1.8793E-01 ( 57, 15)
n=   990   udiff=  2.6409E-01 ( 46,  1)   vdiff=  1.8775E-01 ( 57, 15)
n=   991   udiff=  2.6359E-01 ( 46,  1)   vdiff=  1.8757E-01 ( 57, 15)
n=   992   udiff=  2.6309E-01 ( 46,  1)   vdiff=  1.8738E-01 ( 57, 15)
n=   993   udiff=  2.6259E-01 ( 46,  1)   vdiff=  1.8720E-01 ( 57, 15)
n=   994   udiff=  2.6209E-01 ( 46,  1)   vdiff=  1.8702E-01 ( 57, 15)
n=   995   udiff=  2.6158E-01 ( 46,  1)   vdiff=  1.8684E-01 ( 57, 15)
n=   996   udiff=  2.6108E-01 ( 46,  1)   vdiff=  1.8665E-01 ( 57, 15)
n=   997   udiff=  2.6057E-01 ( 46,  1)   vdiff=  1.8647E-01 ( 57, 15)
n=   998   udiff=  2.6006E-01 ( 46,  1)   vdiff=  1.8628E-01 ( 57, 15)
n=   999   udiff=  2.5956E-01 ( 46,  1)   vdiff=  1.8610E-01 ( 57, 15)
n=  1000   udiff=  2.5905E-01 ( 46,  1)   vdiff=  1.8591E-01 ( 57, 15)
n=  1001   udiff=  2.5854E-01 ( 46,  1)   vdiff=  1.8572E-01 ( 57, 15)
n=  1002   udiff=  2.5802E-01 ( 46,  1)   vdiff=  1.8553E-01 ( 57, 15)
n=  1003   udiff=  2.5751E-01 ( 46,  1)   vdiff=  1.8534E-01 ( 57, 15)
n=  1004   udiff=  2.5700E-01 ( 46,  1)   vdiff=  1.8515E-01 ( 57, 15)
n=  1005   udiff=  2.5649E-01 ( 46,  1)   vdiff=  1.8496E-01 ( 57, 15)
n=  1006   udiff=  2.5597E-01 ( 46,  1)   vdiff=  1.8476E-01 ( 57, 15)
n=  1007   udiff=  2.5549E-01 ( 47,  1)   vdiff=  1.8457E-01 ( 57, 15)
n=  1008   udiff=  2.5502E-01 ( 47,  1)   vdiff=  1.8437E-01 ( 57, 15)
n=  1009   udiff=  2.5454E-01 ( 47,  1)   vdiff=  1.8418E-01 ( 57, 15)
n=  1010   udiff=  2.5407E-01 ( 47,  1)   vdiff=  1.8398E-01 ( 57, 15)
n=  1011   udiff=  2.5359E-01 ( 47,  1)   vdiff=  1.8378E-01 ( 57, 15)
n=  1012   udiff=  2.5311E-01 ( 47,  1)   vdiff=  1.8359E-01 ( 57, 15)
n=  1013   udiff=  2.5263E-01 ( 47,  1)   vdiff=  1.8339E-01 ( 57, 15)
n=  1014   udiff=  2.5215E-01 ( 47,  1)   vdiff=  1.8319E-01 ( 57, 15)
n=  1015   udiff=  2.5167E-01 ( 47,  1)   vdiff=  1.8299E-01 ( 57, 15)
n=  1016   udiff=  2.5119E-01 ( 47,  1)   vdiff=  1.8279E-01 ( 57, 15)
n=  1017   udiff=  2.5071E-01 ( 47,  1)   vdiff=  1.8258E-01 ( 57, 15)
n=  1018   udiff=  2.5022E-01 ( 47,  1)   vdiff=  1.8238E-01 ( 57, 15)
n=  1019   udiff=  2.4974E-01 ( 47,  1)   vdiff=  1.8218E-01 ( 57, 15)
n=  1020   udiff=  2.4925E-01 ( 47,  1)   vdiff=  1.8197E-01 ( 57, 15)
n=  1021   udiff=  2.4876E-01 ( 47,  1)   vdiff=  1.8177E-01 ( 57, 15)
n=  1022   udiff=  2.4827E-01 ( 47,  1)   vdiff=  1.8156E-01 ( 57, 15)
n=  1023   udiff=  2.4779E-01 ( 47,  1)   vdiff=  1.8135E-01 ( 57, 15)
n=  1024   udiff=  2.4730E-01 ( 47,  1)   vdiff=  1.8114E-01 ( 57, 15)
n=  1025   udiff=  2.4680E-01 ( 47,  1)   vdiff=  1.8094E-01 ( 57, 15)
n=  1026   udiff=  2.4631E-01 ( 47,  1)   vdiff=  1.8072E-01 ( 57, 15)
n=  1027   udiff=  2.4582E-01 ( 47,  1)   vdiff=  1.8051E-01 ( 57, 15)
n=  1028   udiff=  2.4533E-01 ( 47,  1)   vdiff=  1.8030E-01 ( 57, 15)
n=  1029   udiff=  2.4483E-01 ( 47,  1)   vdiff=  1.8009E-01 ( 57, 15)
n=  1030   udiff=  2.4434E-01 ( 47,  1)   vdiff=  1.7987E-01 ( 57, 15)
n=  1031   udiff=  2.4384E-01 ( 47,  1)   vdiff=  1.7966E-01 ( 57, 15)
n=  1032   udiff=  2.4334E-01 ( 47,  1)   vdiff=  1.7944E-01 ( 57, 15)
n=  1033   udiff=  2.4285E-01 ( 47,  1)   vdiff=  1.7923E-01 ( 57, 15)
n=  1034   udiff=  2.4235E-01 ( 47,  1)   vdiff=  1.7901E-01 ( 57, 15)
n=  1035   udiff=  2.4185E-01 ( 47,  1)   vdiff=  1.7881E-01 ( 58, 15)
n=  1036   udiff=  2.4135E-01 ( 47,  1)   vdiff=  1.7862E-01 ( 58, 15)
n=  1037   udiff=  2.4085E-01 ( 47,  1)   vdiff=  1.7843E-01 ( 58, 15)
n=  1038   udiff=  2.4035E-01 ( 47,  1)   vdiff=  1.7823E-01 ( 58, 15)
n=  1039   udiff=  2.3985E-01 ( 47,  1)   vdiff=  1.7804E-01 ( 58, 15)
n=  1040   udiff=  2.3934E-01 ( 47,  1)   vdiff=  1.7785E-01 ( 58, 15)
n=  1041   udiff=  2.3884E-01 ( 47,  1)   vdiff=  1.7765E-01 ( 58, 15)
n=  1042   udiff=  2.3834E-01 ( 47,  1)   vdiff=  1.7746E-01 ( 58, 15)
n=  1043   udiff=  2.3783E-01 ( 47,  1)   vdiff=  1.7726E-01 ( 58, 15)
n=  1044   udiff=  2.3732E-01 ( 47,  1)   vdiff=  1.7706E-01 ( 58, 15)
n=  1045   udiff=  2.3682E-01 ( 47,  1)   vdiff=  1.7686E-01 ( 58, 15)
n=  1046   udiff=  2.3631E-01 ( 47,  1)   vdiff=  1.7666E-01 ( 58, 15)
n=  1047   udiff=  2.3580E-01 ( 47,  1)   vdiff=  1.7646E-01 ( 58, 15)
n=  1048   udiff=  2.3530E-01 ( 47,  1)   vdiff=  1.7626E-01 ( 58, 15)
n=  1049   udiff=  2.3480E-01 ( 48,  1)   vdiff=  1.7605E-01 ( 58, 15)
n=  1050   udiff=  2.3433E-01 ( 48,  1)   vdiff=  1.7585E-01 ( 58, 15)
n=  1051   udiff=  2.3386E-01 ( 48,  1)   vdiff=  1.7565E-01 ( 58, 15)
n=  1052   udiff=  2.3338E-01 ( 48,  1)   vdiff=  1.7545E-01 ( 58, 15)
n=  1053   udiff=  2.3291E-01 ( 48,  1)   vdiff=  1.7524E-01 ( 58, 15)
n=  1054   udiff=  2.3243E-01 ( 48,  1)   vdiff=  1.7503E-01 ( 58, 15)
n=  1055   udiff=  2.3196E-01 ( 48,  1)   vdiff=  1.7482E-01 ( 58, 15)
n=  1056   udiff=  2.3148E-01 ( 48,  1)   vdiff=  1.7462E-01 ( 58, 15)
n=  1057   udiff=  2.3100E-01 ( 48,  1)   vdiff=  1.7441E-01 ( 58, 15)
n=  1058   udiff=  2.3052E-01 ( 48,  1)   vdiff=  1.7420E-01 ( 58, 15)
n=  1059   udiff=  2.3004E-01 ( 48,  1)   vdiff=  1.7399E-01 ( 58, 15)
n=  1060   udiff=  2.2956E-01 ( 48,  1)   vdiff=  1.7378E-01 ( 58, 15)
n=  1061   udiff=  2.2908E-01 ( 48,  1)   vdiff=  1.7356E-01 ( 58, 15)
n=  1062   udiff=  2.2860E-01 ( 48,  1)   vdiff=  1.7336E-01 ( 58, 15)
n=  1063   udiff=  2.2812E-01 ( 48,  1)   vdiff=  1.7314E-01 ( 58, 15)
n=  1064   udiff=  2.2764E-01 ( 48,  1)   vdiff=  1.7292E-01 ( 58, 15)
n=  1065   udiff=  2.2716E-01 ( 48,  1)   vdiff=  1.7271E-01 ( 58, 15)
n=  1066   udiff=  2.2667E-01 ( 48,  1)   vdiff=  1.7250E-01 ( 58, 15)
n=  1067   udiff=  2.2619E-01 ( 48,  1)   vdiff=  1.7228E-01 ( 58, 15)
n=  1068   udiff=  2.2570E-01 ( 48,  1)   vdiff=  1.7206E-01 ( 58, 15)
n=  1069   udiff=  2.2522E-01 ( 48,  1)   vdiff=  1.7184E-01 ( 58, 15)
n=  1070   udiff=  2.2473E-01 ( 48,  1)   vdiff=  1.7162E-01 ( 58, 15)
n=  1071   udiff=  2.2425E-01 ( 48,  1)   vdiff=  1.7140E-01 ( 58, 15)
n=  1072   udiff=  2.2376E-01 ( 48,  1)   vdiff=  1.7118E-01 ( 58, 15)
n=  1073   udiff=  2.2327E-01 ( 48,  1)   vdiff=  1.7096E-01 ( 58, 15)
n=  1074   udiff=  2.2278E-01 ( 48,  1)   vdiff=  1.7074E-01 ( 58, 15)
n=  1075   udiff=  2.2229E-01 ( 48,  1)   vdiff=  1.7052E-01 ( 58, 15)
n=  1076   udiff=  2.2180E-01 ( 48,  1)   vdiff=  1.7029E-01 ( 58, 15)
n=  1077   udiff=  2.2132E-01 ( 48,  1)   vdiff=  1.7007E-01 ( 58, 15)
n=  1078   udiff=  2.2083E-01 ( 48,  1)   vdiff=  1.6984E-01 ( 58, 15)
n=  1079   udiff=  2.2033E-01 ( 48,  1)   vdiff=  1.6961E-01 ( 58, 15)
n=  1080   udiff=  2.1984E-01 ( 48,  1)   vdiff=  1.6939E-01 ( 58, 15)
n=  1081   udiff=  2.1935E-01 ( 48,  1)   vdiff=  1.6916E-01 ( 58, 15)
n=  1082   udiff=  2.1886E-01 ( 48,  1)   vdiff=  1.6893E-01 ( 58, 15)
n=  1083   udiff=  2.1837E-01 ( 48,  1)   vdiff=  1.6870E-01 ( 58, 15)
n=  1084   udiff=  2.1787E-01 ( 48,  1)   vdiff=  1.6847E-01 ( 58, 15)
n=  1085   udiff=  2.1738E-01 ( 48,  1)   vdiff=  1.6824E-01 ( 58, 15)
n=  1086   udiff=  2.1689E-01 ( 48,  1)   vdiff=  1.6801E-01 ( 58, 15)
n=  1087   udiff=  2.1639E-01 ( 48,  1)   vdiff=  1.6777E-01 ( 58, 15)
n=  1088   udiff=  2.1590E-01 ( 48,  1)   vdiff=  1.6755E-01 ( 58, 15)
n=  1089   udiff=  2.1540E-01 ( 48,  1)   vdiff=  1.6731E-01 ( 58, 15)
n=  1090   udiff=  2.1491E-01 ( 48,  1)   vdiff=  1.6708E-01 ( 58, 15)
n=  1091   udiff=  2.1441E-01 ( 48,  1)   vdiff=  1.6684E-01 ( 58, 15)
n=  1092   udiff=  2.1392E-01 ( 48,  1)   vdiff=  1.6660E-01 ( 58, 15)
n=  1093   udiff=  2.1342E-01 ( 48,  1)   vdiff=  1.6637E-01 ( 58, 15)
n=  1094   udiff=  2.1292E-01 ( 48,  1)   vdiff=  1.6613E-01 ( 58, 15)
n=  1095   udiff=  2.1243E-01 ( 49,  1)   vdiff=  1.6590E-01 ( 58, 15)
n=  1096   udiff=  2.1196E-01 ( 49,  1)   vdiff=  1.6566E-01 ( 58, 15)
n=  1097   udiff=  2.1150E-01 ( 49,  1)   vdiff=  1.6541E-01 ( 58, 15)
n=  1098   udiff=  2.1103E-01 ( 49,  1)   vdiff=  1.6518E-01 ( 58, 15)
n=  1099   udiff=  2.1056E-01 ( 49,  1)   vdiff=  1.6493E-01 ( 58, 15)
n=  1100   udiff=  2.1010E-01 ( 49,  1)   vdiff=  1.6469E-01 ( 58, 15)
n=  1101   udiff=  2.0963E-01 ( 49,  1)   vdiff=  1.6445E-01 ( 58, 15)
n=  1102   udiff=  2.0916E-01 ( 49,  1)   vdiff=  1.6421E-01 ( 58, 15)
n=  1103   udiff=  2.0869E-01 ( 49,  1)   vdiff=  1.6396E-01 ( 58, 15)
n=  1104   udiff=  2.0822E-01 ( 49,  1)   vdiff=  1.6372E-01 ( 58, 15)
n=  1105   udiff=  2.0775E-01 ( 49,  1)   vdiff=  1.6347E-01 ( 58, 15)
n=  1106   udiff=  2.0728E-01 ( 49,  1)   vdiff=  1.6322E-01 ( 58, 15)
n=  1107   udiff=  2.0681E-01 ( 49,  1)   vdiff=  1.6298E-01 ( 58, 15)
n=  1108   udiff=  2.0634E-01 ( 49,  1)   vdiff=  1.6274E-01 ( 58, 15)
n=  1109   udiff=  2.0587E-01 ( 49,  1)   vdiff=  1.6249E-01 ( 58, 15)
n=  1110   udiff=  2.0539E-01 ( 49,  1)   vdiff=  1.6224E-01 ( 58, 15)
n=  1111   udiff=  2.0492E-01 ( 49,  1)   vdiff=  1.6199E-01 ( 58, 15)
n=  1112   udiff=  2.0445E-01 ( 49,  1)   vdiff=  1.6174E-01 ( 58, 15)
n=  1113   udiff=  2.0398E-01 ( 49,  1)   vdiff=  1.6149E-01 ( 58, 15)
n=  1114   udiff=  2.0350E-01 ( 49,  1)   vdiff=  1.6124E-01 ( 58, 15)
n=  1115   udiff=  2.0303E-01 ( 49,  1)   vdiff=  1.6099E-01 ( 58, 15)
n=  1116   udiff=  2.0256E-01 ( 49,  1)   vdiff=  1.6073E-01 ( 58, 15)
n=  1117   udiff=  2.0208E-01 ( 49,  1)   vdiff=  1.6048E-01 ( 58, 15)
n=  1118   udiff=  2.0161E-01 ( 49,  1)   vdiff=  1.6023E-01 ( 58, 15)
n=  1119   udiff=  2.0113E-01 ( 49,  1)   vdiff=  1.5998E-01 ( 58, 15)
n=  1120   udiff=  2.0066E-01 ( 49,  1)   vdiff=  1.5972E-01 ( 58, 15)
n=  1121   udiff=  2.0018E-01 ( 49,  1)   vdiff=  1.5947E-01 ( 58, 15)
n=  1122   udiff=  1.9971E-01 ( 49,  1)   vdiff=  1.5921E-01 ( 58, 15)
n=  1123   udiff=  1.9923E-01 ( 49,  1)   vdiff=  1.5895E-01 ( 58, 15)
n=  1124   udiff=  1.9876E-01 ( 49,  1)   vdiff=  1.5869E-01 ( 58, 15)
n=  1125   udiff=  1.9828E-01 ( 49,  1)   vdiff=  1.5844E-01 ( 58, 15)
n=  1126   udiff=  1.9781E-01 ( 49,  1)   vdiff=  1.5818E-01 ( 58, 15)
n=  1127   udiff=  1.9733E-01 ( 49,  1)   vdiff=  1.5792E-01 ( 58, 15)
n=  1128   udiff=  1.9685E-01 ( 49,  1)   vdiff=  1.5766E-01 ( 58, 15)
n=  1129   udiff=  1.9638E-01 ( 49,  1)   vdiff=  1.5740E-01 ( 58, 15)
n=  1130   udiff=  1.9590E-01 ( 49,  1)   vdiff=  1.5714E-01 ( 58, 15)
n=  1131   udiff=  1.9542E-01 ( 49,  1)   vdiff=  1.5688E-01 ( 58, 15)
n=  1132   udiff=  1.9495E-01 ( 49,  1)   vdiff=  1.5662E-01 ( 58, 15)
n=  1133   udiff=  1.9447E-01 ( 49,  1)   vdiff=  1.5635E-01 ( 58, 15)
n=  1134   udiff=  1.9399E-01 ( 49,  1)   vdiff=  1.5609E-01 ( 58, 15)
n=  1135   udiff=  1.9351E-01 ( 49,  1)   vdiff=  1.5583E-01 ( 58, 15)
n=  1136   udiff=  1.9304E-01 ( 49,  1)   vdiff=  1.5556E-01 ( 58, 15)
n=  1137   udiff=  1.9256E-01 ( 49,  1)   vdiff=  1.5530E-01 ( 58, 15)
n=  1138   udiff=  1.9208E-01 ( 49,  1)   vdiff=  1.5504E-01 ( 58, 15)
n=  1139   udiff=  1.9160E-01 ( 49,  1)   vdiff=  1.5477E-01 ( 58, 15)
n=  1140   udiff=  1.9113E-01 ( 49,  1)   vdiff=  1.5450E-01 ( 58, 15)
n=  1141   udiff=  1.9065E-01 ( 49,  1)   vdiff=  1.5423E-01 ( 58, 15)
n=  1142   udiff=  1.9017E-01 ( 49,  1)   vdiff=  1.5397E-01 ( 58, 15)
n=  1143   udiff=  1.8969E-01 ( 49,  1)   vdiff=  1.5370E-01 ( 58, 15)
n=  1144   udiff=  1.8921E-01 ( 49,  1)   vdiff=  1.5343E-01 ( 58, 15)
n=  1145   udiff=  1.8873E-01 ( 49,  1)   vdiff=  1.5316E-01 ( 58, 15)
n=  1146   udiff=  1.8826E-01 ( 50,  1)   vdiff=  1.5289E-01 ( 58, 15)
n=  1147   udiff=  1.8781E-01 ( 50,  1)   vdiff=  1.5262E-01 ( 58, 15)
n=  1148   udiff=  1.8736E-01 ( 50,  1)   vdiff=  1.5235E-01 ( 58, 15)
n=  1149   udiff=  1.8690E-01 ( 50,  1)   vdiff=  1.5208E-01 ( 58, 15)
n=  1150   udiff=  1.8645E-01 ( 50,  1)   vdiff=  1.5181E-01 ( 58, 15)
n=  1151   udiff=  1.8600E-01 ( 50,  1)   vdiff=  1.5154E-01 ( 58, 15)
n=  1152   udiff=  1.8554E-01 ( 50,  1)   vdiff=  1.5127E-01 ( 58, 15)
n=  1153   udiff=  1.8509E-01 ( 50,  1)   vdiff=  1.5099E-01 ( 58, 15)
n=  1154   udiff=  1.8464E-01 ( 50,  1)   vdiff=  1.5072E-01 ( 58, 15)
n=  1155   udiff=  1.8418E-01 ( 50,  1)   vdiff=  1.5045E-01 ( 58, 15)
n=  1156   udiff=  1.8373E-01 ( 50,  1)   vdiff=  1.5017E-01 ( 58, 15)
n=  1157   udiff=  1.8328E-01 ( 50,  1)   vdiff=  1.4990E-01 ( 58, 15)
n=  1158   udiff=  1.8282E-01 ( 50,  1)   vdiff=  1.4962E-01 ( 58, 15)
n=  1159   udiff=  1.8237E-01 ( 50,  1)   vdiff=  1.4934E-01 ( 58, 15)
n=  1160   udiff=  1.8191E-01 ( 50,  1)   vdiff=  1.4907E-01 ( 58, 15)
n=  1161   udiff=  1.8146E-01 ( 50,  1)   vdiff=  1.4879E-01 ( 58, 15)
n=  1162   udiff=  1.8101E-01 ( 50,  1)   vdiff=  1.4851E-01 ( 58, 15)
n=  1163   udiff=  1.8055E-01 ( 50,  1)   vdiff=  1.4824E-01 ( 58, 15)
n=  1164   udiff=  1.8010E-01 ( 50,  1)   vdiff=  1.4796E-01 ( 58, 15)
n=  1165   udiff=  1.7964E-01 ( 50,  1)   vdiff=  1.4768E-01 ( 58, 15)
n=  1166   udiff=  1.7919E-01 ( 50,  1)   vdiff=  1.4740E-01 ( 58, 15)
n=  1167   udiff=  1.7873E-01 ( 50,  1)   vdiff=  1.4712E-01 ( 58, 15)
n=  1168   udiff=  1.7828E-01 ( 50,  1)   vdiff=  1.4684E-01 ( 58, 15)
n=  1169   udiff=  1.7783E-01 ( 50,  1)   vdiff=  1.4657E-01 ( 58, 15)
n=  1170   udiff=  1.7737E-01 ( 50,  1)   vdiff=  1.4628E-01 ( 58, 15)
n=  1171   udiff=  1.7692E-01 ( 50,  1)   vdiff=  1.4600E-01 ( 58, 15)
n=  1172   udiff=  1.7646E-01 ( 50,  1)   vdiff=  1.4572E-01 ( 58, 15)
n=  1173   udiff=  1.7601E-01 ( 50,  1)   vdiff=  1.4544E-01 ( 58, 15)
n=  1174   udiff=  1.7555E-01 ( 50,  1)   vdiff=  1.4516E-01 ( 58, 15)
n=  1175   udiff=  1.7510E-01 ( 50,  1)   vdiff=  1.4488E-01 ( 58, 15)
n=  1176   udiff=  1.7465E-01 ( 50,  1)   vdiff=  1.4459E-01 ( 58, 15)
n=  1177   udiff=  1.7419E-01 ( 50,  1)   vdiff=  1.4431E-01 ( 58, 15)
n=  1178   udiff=  1.7374E-01 ( 50,  1)   vdiff=  1.4402E-01 ( 58, 15)
n=  1179   udiff=  1.7328E-01 ( 50,  1)   vdiff=  1.4374E-01 ( 58, 15)
n=  1180   udiff=  1.7283E-01 ( 50,  1)   vdiff=  1.4346E-01 ( 58, 15)
n=  1181   udiff=  1.7238E-01 ( 50,  1)   vdiff=  1.4317E-01 ( 58, 15)
n=  1182   udiff=  1.7192E-01 ( 50,  1)   vdiff=  1.4289E-01 ( 58, 15)
n=  1183   udiff=  1.7147E-01 ( 50,  1)   vdiff=  1.4260E-01 ( 58, 15)
n=  1184   udiff=  1.7102E-01 ( 50,  1)   vdiff=  1.4232E-01 ( 58, 15)
n=  1185   udiff=  1.7056E-01 ( 50,  1)   vdiff=  1.4203E-01 ( 58, 15)
n=  1186   udiff=  1.7011E-01 ( 50,  1)   vdiff=  1.4175E-01 ( 58, 15)
n=  1187   udiff=  1.6966E-01 ( 50,  1)   vdiff=  1.4146E-01 ( 58, 15)
n=  1188   udiff=  1.6920E-01 ( 50,  1)   vdiff=  1.4117E-01 ( 58, 15)
n=  1189   udiff=  1.6875E-01 ( 50,  1)   vdiff=  1.4088E-01 ( 58, 15)
n=  1190   udiff=  1.6830E-01 ( 50,  1)   vdiff=  1.4060E-01 ( 58, 15)
n=  1191   udiff=  1.6785E-01 ( 50,  1)   vdiff=  1.4031E-01 ( 58, 15)
n=  1192   udiff=  1.6739E-01 ( 50,  1)   vdiff=  1.4002E-01 ( 58, 15)
n=  1193   udiff=  1.6694E-01 ( 50,  1)   vdiff=  1.3973E-01 ( 58, 15)
n=  1194   udiff=  1.6649E-01 ( 50,  1)   vdiff=  1.3944E-01 ( 58, 15)
n=  1195   udiff=  1.6604E-01 ( 50,  1)   vdiff=  1.3915E-01 ( 58, 15)
n=  1196   udiff=  1.6559E-01 ( 50,  1)   vdiff=  1.3886E-01 ( 58, 15)
n=  1197   udiff=  1.6513E-01 ( 50,  1)   vdiff=  1.3857E-01 ( 58, 15)
n=  1198   udiff=  1.6468E-01 ( 50,  1)   vdiff=  1.3829E-01 ( 58, 15)
n=  1199   udiff=  1.6423E-01 ( 50,  1)   vdiff=  1.3799E-01 ( 58, 15)
n=  1200   udiff=  1.6378E-01 ( 50,  1)   vdiff=  1.3770E-01 ( 58, 15)
n=  1201   udiff=  1.6333E-01 ( 50,  1)   vdiff=  1.3741E-01 ( 58, 15)
n=  1202   udiff=  1.6288E-01 ( 50,  1)   vdiff=  1.3712E-01 ( 58, 15)
n=  1203   udiff=  1.6244E-01 ( 51,  1)   vdiff=  1.3683E-01 ( 58, 15)
n=  1204   udiff=  1.6202E-01 ( 51,  1)   vdiff=  1.3654E-01 ( 58, 15)
n=  1205   udiff=  1.6159E-01 ( 51,  1)   vdiff=  1.3625E-01 ( 58, 15)
n=  1206   udiff=  1.6116E-01 ( 51,  1)   vdiff=  1.3596E-01 ( 58, 15)
n=  1207   udiff=  1.6073E-01 ( 51,  1)   vdiff=  1.3567E-01 ( 58, 15)
n=  1208   udiff=  1.6030E-01 ( 51,  1)   vdiff=  1.3537E-01 ( 58, 15)
n=  1209   udiff=  1.5987E-01 ( 51,  1)   vdiff=  1.3508E-01 ( 58, 15)
n=  1210   udiff=  1.5944E-01 ( 51,  1)   vdiff=  1.3479E-01 ( 58, 15)
n=  1211   udiff=  1.5901E-01 ( 51,  1)   vdiff=  1.3449E-01 ( 58, 15)
n=  1212   udiff=  1.5859E-01 ( 51,  1)   vdiff=  1.3420E-01 ( 58, 15)
n=  1213   udiff=  1.5816E-01 ( 51,  1)   vdiff=  1.3391E-01 ( 58, 15)
n=  1214   udiff=  1.5773E-01 ( 51,  1)   vdiff=  1.3361E-01 ( 58, 15)
n=  1215   udiff=  1.5730E-01 ( 51,  1)   vdiff=  1.3332E-01 ( 58, 15)
n=  1216   udiff=  1.5688E-01 ( 51,  1)   vdiff=  1.3303E-01 ( 58, 15)
n=  1217   udiff=  1.5645E-01 ( 51,  1)   vdiff=  1.3273E-01 ( 58, 15)
n=  1218   udiff=  1.5602E-01 ( 51,  1)   vdiff=  1.3244E-01 ( 58, 15)
n=  1219   udiff=  1.5559E-01 ( 51,  1)   vdiff=  1.3214E-01 ( 58, 15)
n=  1220   udiff=  1.5517E-01 ( 51,  1)   vdiff=  1.3185E-01 ( 58, 15)
n=  1221   udiff=  1.5474E-01 ( 51,  1)   vdiff=  1.3155E-01 ( 58, 15)
n=  1222   udiff=  1.5432E-01 ( 51,  1)   vdiff=  1.3126E-01 ( 58, 15)
n=  1223   udiff=  1.5389E-01 ( 51,  1)   vdiff=  1.3097E-01 ( 58, 15)
n=  1224   udiff=  1.5346E-01 ( 51,  1)   vdiff=  1.3067E-01 ( 58, 15)
n=  1225   udiff=  1.5304E-01 ( 51,  1)   vdiff=  1.3037E-01 ( 58, 15)
n=  1226   udiff=  1.5261E-01 ( 51,  1)   vdiff=  1.3008E-01 ( 58, 15)
n=  1227   udiff=  1.5219E-01 ( 51,  1)   vdiff=  1.2978E-01 ( 58, 15)
n=  1228   udiff=  1.5176E-01 ( 51,  1)   vdiff=  1.2948E-01 ( 58, 15)
n=  1229   udiff=  1.5134E-01 ( 51,  1)   vdiff=  1.2919E-01 ( 58, 15)
n=  1230   udiff=  1.5091E-01 ( 51,  1)   vdiff=  1.2889E-01 ( 58, 15)
n=  1231   udiff=  1.5049E-01 ( 51,  1)   vdiff=  1.2859E-01 ( 58, 15)
n=  1232   udiff=  1.5007E-01 ( 51,  1)   vdiff=  1.2830E-01 ( 58, 15)
n=  1233   udiff=  1.4964E-01 ( 51,  1)   vdiff=  1.2800E-01 ( 58, 15)
n=  1234   udiff=  1.4922E-01 ( 51,  1)   vdiff=  1.2771E-01 ( 58, 15)
n=  1235   udiff=  1.4880E-01 ( 51,  1)   vdiff=  1.2741E-01 ( 58, 15)
n=  1236   udiff=  1.4838E-01 ( 51,  1)   vdiff=  1.2712E-01 ( 58, 15)
n=  1237   udiff=  1.4795E-01 ( 51,  1)   vdiff=  1.2682E-01 ( 58, 15)
n=  1238   udiff=  1.4753E-01 ( 51,  1)   vdiff=  1.2652E-01 ( 58, 15)
n=  1239   udiff=  1.4711E-01 ( 51,  1)   vdiff=  1.2622E-01 ( 58, 15)
n=  1240   udiff=  1.4669E-01 ( 51,  1)   vdiff=  1.2592E-01 ( 58, 15)
n=  1241   udiff=  1.4627E-01 ( 51,  1)   vdiff=  1.2563E-01 ( 58, 15)
n=  1242   udiff=  1.4585E-01 ( 51,  1)   vdiff=  1.2533E-01 ( 58, 15)
n=  1243   udiff=  1.4543E-01 ( 51,  1)   vdiff=  1.2503E-01 ( 58, 15)
n=  1244   udiff=  1.4501E-01 ( 51,  1)   vdiff=  1.2474E-01 ( 58, 15)
n=  1245   udiff=  1.4459E-01 ( 51,  1)   vdiff=  1.2444E-01 ( 58, 15)
n=  1246   udiff=  1.4417E-01 ( 51,  1)   vdiff=  1.2414E-01 ( 58, 15)
n=  1247   udiff=  1.4375E-01 ( 51,  1)   vdiff=  1.2384E-01 ( 58, 15)
n=  1248   udiff=  1.4333E-01 ( 51,  1)   vdiff=  1.2354E-01 ( 58, 15)
n=  1249   udiff=  1.4291E-01 ( 51,  1)   vdiff=  1.2324E-01 ( 58, 15)
n=  1250   udiff=  1.4250E-01 ( 51,  1)   vdiff=  1.2295E-01 ( 58, 15)
n=  1251   udiff=  1.4208E-01 ( 51,  1)   vdiff=  1.2265E-01 ( 58, 15)
n=  1252   udiff=  1.4166E-01 ( 51,  1)   vdiff=  1.2235E-01 ( 58, 15)
n=  1253   udiff=  1.4125E-01 ( 51,  1)   vdiff=  1.2205E-01 ( 58, 15)
n=  1254   udiff=  1.4083E-01 ( 51,  1)   vdiff=  1.2175E-01 ( 58, 15)
n=  1255   udiff=  1.4041E-01 ( 51,  1)   vdiff=  1.2146E-01 ( 58, 15)
n=  1256   udiff=  1.4000E-01 ( 51,  1)   vdiff=  1.2116E-01 ( 58, 15)
n=  1257   udiff=  1.3958E-01 ( 51,  1)   vdiff=  1.2086E-01 ( 58, 15)
n=  1258   udiff=  1.3917E-01 ( 51,  1)   vdiff=  1.2057E-01 ( 58, 15)
n=  1259   udiff=  1.3876E-01 ( 51,  1)   vdiff=  1.2027E-01 ( 58, 15)
n=  1260   udiff=  1.3834E-01 ( 51,  1)   vdiff=  1.1997E-01 ( 58, 15)
n=  1261   udiff=  1.3793E-01 ( 51,  1)   vdiff=  1.1967E-01 ( 58, 15)
n=  1262   udiff=  1.3752E-01 ( 51,  1)   vdiff=  1.1937E-01 ( 58, 15)
n=  1263   udiff=  1.3710E-01 ( 51,  1)   vdiff=  1.1908E-01 ( 58, 15)
n=  1264   udiff=  1.3669E-01 ( 51,  1)   vdiff=  1.1877E-01 ( 58, 15)
n=  1265   udiff=  1.3628E-01 ( 51,  1)   vdiff=  1.1848E-01 ( 58, 15)
n=  1266   udiff=  1.3588E-01 ( 52,  1)   vdiff=  1.1818E-01 ( 58, 15)
n=  1267   udiff=  1.3549E-01 ( 52,  1)   vdiff=  1.1788E-01 ( 58, 15)
n=  1268   udiff=  1.3509E-01 ( 52,  1)   vdiff=  1.1758E-01 ( 58, 15)
n=  1269   udiff=  1.3470E-01 ( 52,  1)   vdiff=  1.1729E-01 ( 58, 15)
n=  1270   udiff=  1.3430E-01 ( 52,  1)   vdiff=  1.1699E-01 ( 58, 15)
n=  1271   udiff=  1.3391E-01 ( 52,  1)   vdiff=  1.1669E-01 ( 58, 15)
n=  1272   udiff=  1.3352E-01 ( 52,  1)   vdiff=  1.1639E-01 ( 58, 15)
n=  1273   udiff=  1.3313E-01 ( 52,  1)   vdiff=  1.1610E-01 ( 58, 15)
n=  1274   udiff=  1.3273E-01 ( 52,  1)   vdiff=  1.1580E-01 ( 58, 15)
n=  1275   udiff=  1.3234E-01 ( 52,  1)   vdiff=  1.1550E-01 ( 58, 15)
n=  1276   udiff=  1.3195E-01 ( 52,  1)   vdiff=  1.1520E-01 ( 58, 15)
n=  1277   udiff=  1.3156E-01 ( 52,  1)   vdiff=  1.1490E-01 ( 58, 15)
n=  1278   udiff=  1.3117E-01 ( 52,  1)   vdiff=  1.1461E-01 ( 58, 15)
n=  1279   udiff=  1.3078E-01 ( 52,  1)   vdiff=  1.1431E-01 ( 58, 15)
n=  1280   udiff=  1.3039E-01 ( 52,  1)   vdiff=  1.1402E-01 ( 58, 15)
n=  1281   udiff=  1.3000E-01 ( 52,  1)   vdiff=  1.1372E-01 ( 58, 15)
n=  1282   udiff=  1.2961E-01 ( 52,  1)   vdiff=  1.1342E-01 ( 58, 15)
n=  1283   udiff=  1.2922E-01 ( 52,  1)   vdiff=  1.1312E-01 ( 58, 15)
n=  1284   udiff=  1.2884E-01 ( 52,  1)   vdiff=  1.1283E-01 ( 58, 15)
n=  1285   udiff=  1.2845E-01 ( 52,  1)   vdiff=  1.1253E-01 ( 58, 15)
n=  1286   udiff=  1.2806E-01 ( 52,  1)   vdiff=  1.1223E-01 ( 58, 15)
n=  1287   udiff=  1.2768E-01 ( 52,  1)   vdiff=  1.1194E-01 ( 58, 15)
n=  1288   udiff=  1.2729E-01 ( 52,  1)   vdiff=  1.1164E-01 ( 58, 15)
n=  1289   udiff=  1.2690E-01 ( 52,  1)   vdiff=  1.1134E-01 ( 58, 15)
n=  1290   udiff=  1.2652E-01 ( 52,  1)   vdiff=  1.1105E-01 ( 58, 15)
n=  1291   udiff=  1.2613E-01 ( 52,  1)   vdiff=  1.1075E-01 ( 58, 15)
n=  1292   udiff=  1.2575E-01 ( 52,  1)   vdiff=  1.1045E-01 ( 58, 15)
n=  1293   udiff=  1.2536E-01 ( 52,  1)   vdiff=  1.1016E-01 ( 58, 15)
n=  1294   udiff=  1.2498E-01 ( 52,  1)   vdiff=  1.0987E-01 ( 58, 15)
n=  1295   udiff=  1.2460E-01 ( 52,  1)   vdiff=  1.0957E-01 ( 58, 15)
n=  1296   udiff=  1.2422E-01 ( 52,  1)   vdiff=  1.0928E-01 ( 58, 15)
n=  1297   udiff=  1.2383E-01 ( 52,  1)   vdiff=  1.0898E-01 ( 58, 15)
n=  1298   udiff=  1.2345E-01 ( 52,  1)   vdiff=  1.0868E-01 ( 58, 15)
n=  1299   udiff=  1.2307E-01 ( 52,  1)   vdiff=  1.0839E-01 ( 58, 15)
n=  1300   udiff=  1.2269E-01 ( 52,  1)   vdiff=  1.0809E-01 ( 58, 15)
n=  1301   udiff=  1.2231E-01 ( 52,  1)   vdiff=  1.0780E-01 ( 58, 15)
n=  1302   udiff=  1.2193E-01 ( 52,  1)   vdiff=  1.0750E-01 ( 58, 15)
n=  1303   udiff=  1.2155E-01 ( 52,  1)   vdiff=  1.0721E-01 ( 58, 15)
n=  1304   udiff=  1.2117E-01 ( 52,  1)   vdiff=  1.0692E-01 ( 58, 15)
n=  1305   udiff=  1.2079E-01 ( 52,  1)   vdiff=  1.0662E-01 ( 58, 15)
n=  1306   udiff=  1.2042E-01 ( 52,  1)   vdiff=  1.0633E-01 ( 58, 15)
n=  1307   udiff=  1.2004E-01 ( 52,  1)   vdiff=  1.0604E-01 ( 58, 15)
n=  1308   udiff=  1.1966E-01 ( 52,  1)   vdiff=  1.0574E-01 ( 58, 15)
n=  1309   udiff=  1.1929E-01 ( 52,  1)   vdiff=  1.0545E-01 ( 58, 15)
n=  1310   udiff=  1.1891E-01 ( 52,  1)   vdiff=  1.0516E-01 ( 58, 15)
n=  1311   udiff=  1.1854E-01 ( 52,  1)   vdiff=  1.0487E-01 ( 58, 15)
n=  1312   udiff=  1.1816E-01 ( 52,  1)   vdiff=  1.0457E-01 ( 58, 15)
n=  1313   udiff=  1.1779E-01 ( 52,  1)   vdiff=  1.0428E-01 ( 58, 15)
n=  1314   udiff=  1.1741E-01 ( 52,  1)   vdiff=  1.0398E-01 ( 58, 15)
n=  1315   udiff=  1.1704E-01 ( 52,  1)   vdiff=  1.0370E-01 ( 58, 15)
n=  1316   udiff=  1.1667E-01 ( 52,  1)   vdiff=  1.0340E-01 ( 58, 15)
n=  1317   udiff=  1.1630E-01 ( 52,  1)   vdiff=  1.0311E-01 ( 58, 15)
n=  1318   udiff=  1.1593E-01 ( 52,  1)   vdiff=  1.0282E-01 ( 58, 15)
n=  1319   udiff=  1.1555E-01 ( 52,  1)   vdiff=  1.0253E-01 ( 58, 15)
n=  1320   udiff=  1.1518E-01 ( 52,  1)   vdiff=  1.0224E-01 ( 58, 15)
n=  1321   udiff=  1.1481E-01 ( 52,  1)   vdiff=  1.0195E-01 ( 58, 15)
n=  1322   udiff=  1.1445E-01 ( 52,  1)   vdiff=  1.0166E-01 ( 58, 15)
n=  1323   udiff=  1.1408E-01 ( 52,  1)   vdiff=  1.0137E-01 ( 58, 15)
n=  1324   udiff=  1.1371E-01 ( 52,  1)   vdiff=  1.0107E-01 ( 58, 15)
n=  1325   udiff=  1.1334E-01 ( 52,  1)   vdiff=  1.0079E-01 ( 58, 15)
n=  1326   udiff=  1.1298E-01 ( 52,  1)   vdiff=  1.0050E-01 ( 58, 15)
n=  1327   udiff=  1.1261E-01 ( 52,  1)   vdiff=  1.0021E-01 ( 58, 15)
n=  1328   udiff=  1.1224E-01 ( 52,  1)   vdiff=  9.9916E-02 ( 58, 15)
n=  1329   udiff=  1.1188E-01 ( 52,  1)   vdiff=  9.9632E-02 ( 58, 15)
n=  1330   udiff=  1.1151E-01 ( 52,  1)   vdiff=  9.9338E-02 ( 58, 15)
n=  1331   udiff=  1.1115E-01 ( 52,  1)   vdiff=  9.9054E-02 ( 58, 15)
n=  1332   udiff=  1.1079E-01 ( 52,  1)   vdiff=  9.8767E-02 ( 58, 15)
n=  1333   udiff=  1.1042E-01 ( 52,  1)   vdiff=  9.8479E-02 ( 58, 15)
n=  1334   udiff=  1.1006E-01 ( 52,  1)   vdiff=  9.8192E-02 ( 58, 15)
n=  1335   udiff=  1.0970E-01 ( 52,  1)   vdiff=  9.7902E-02 ( 58, 15)
n=  1336   udiff=  1.0934E-01 ( 53,  1)   vdiff=  9.7619E-02 ( 58, 15)
n=  1337   udiff=  1.0899E-01 ( 53,  1)   vdiff=  9.7329E-02 ( 58, 15)
n=  1338   udiff=  1.0865E-01 ( 53,  1)   vdiff=  9.7044E-02 ( 58, 15)
n=  1339   udiff=  1.0830E-01 ( 53,  1)   vdiff=  9.6756E-02 ( 58, 15)
n=  1340   udiff=  1.0795E-01 ( 53,  1)   vdiff=  9.6474E-02 ( 58, 15)
n=  1341   udiff=  1.0760E-01 ( 53,  1)   vdiff=  9.6185E-02 ( 58, 15)
n=  1342   udiff=  1.0726E-01 ( 53,  1)   vdiff=  9.5899E-02 ( 58, 15)
n=  1343   udiff=  1.0691E-01 ( 53,  1)   vdiff=  9.5616E-02 ( 58, 15)
n=  1344   udiff=  1.0657E-01 ( 53,  1)   vdiff=  9.5332E-02 ( 58, 15)
n=  1345   udiff=  1.0622E-01 ( 53,  1)   vdiff=  9.5047E-02 ( 58, 15)
n=  1346   udiff=  1.0588E-01 ( 53,  1)   vdiff=  9.4762E-02 ( 58, 15)
n=  1347   udiff=  1.0554E-01 ( 53,  1)   vdiff=  9.4478E-02 ( 58, 15)
n=  1348   udiff=  1.0519E-01 ( 53,  1)   vdiff=  9.4198E-02 ( 58, 15)
n=  1349   udiff=  1.0485E-01 ( 53,  1)   vdiff=  9.3914E-02 ( 58, 15)
n=  1350   udiff=  1.0451E-01 ( 53,  1)   vdiff=  9.3628E-02 ( 58, 15)
n=  1351   udiff=  1.0417E-01 ( 53,  1)   vdiff=  9.3351E-02 ( 58, 15)
n=  1352   udiff=  1.0383E-01 ( 53,  1)   vdiff=  9.3064E-02 ( 58, 15)
n=  1353   udiff=  1.0349E-01 ( 53,  1)   vdiff=  9.2785E-02 ( 58, 15)
n=  1354   udiff=  1.0315E-01 ( 53,  1)   vdiff=  9.2501E-02 ( 58, 15)
n=  1355   udiff=  1.0281E-01 ( 53,  1)   vdiff=  9.2219E-02 ( 58, 15)
n=  1356   udiff=  1.0247E-01 ( 53,  1)   vdiff=  9.1942E-02 ( 58, 15)
n=  1357   udiff=  1.0214E-01 ( 53,  1)   vdiff=  9.1663E-02 ( 58, 15)
n=  1358   udiff=  1.0180E-01 ( 53,  1)   vdiff=  9.1383E-02 ( 58, 15)
n=  1359   udiff=  1.0146E-01 ( 53,  1)   vdiff=  9.1100E-02 ( 58, 15)
n=  1360   udiff=  1.0113E-01 ( 53,  1)   vdiff=  9.0818E-02 ( 58, 15)
n=  1361   udiff=  1.0079E-01 ( 53,  1)   vdiff=  9.0542E-02 ( 58, 15)
n=  1362   udiff=  1.0046E-01 ( 53,  1)   vdiff=  9.0266E-02 ( 58, 15)
n=  1363   udiff=  1.0012E-01 ( 53,  1)   vdiff=  8.9981E-02 ( 58, 15)
n=  1364   udiff=  9.9788E-02 ( 53,  1)   vdiff=  8.9707E-02 ( 58, 15)
n=  1365   udiff=  9.9455E-02 ( 53,  1)   vdiff=  8.9424E-02 ( 58, 15)
n=  1366   udiff=  9.9123E-02 ( 53,  1)   vdiff=  8.9150E-02 ( 58, 15)
n=  1367   udiff=  9.8791E-02 ( 53,  1)   vdiff=  8.8877E-02 ( 58, 15)
n=  1368   udiff=  9.8460E-02 ( 53,  1)   vdiff=  8.8594E-02 ( 58, 15)
n=  1369   udiff=  9.8129E-02 ( 53,  1)   vdiff=  8.8319E-02 ( 58, 15)
n=  1370   udiff=  9.7799E-02 ( 53,  1)   vdiff=  8.8041E-02 ( 58, 15)
n=  1371   udiff=  9.7469E-02 ( 53,  1)   vdiff=  8.7766E-02 ( 58, 15)
n=  1372   udiff=  9.7140E-02 ( 53,  1)   vdiff=  8.7494E-02 ( 58, 15)
n=  1373   udiff=  9.6812E-02 ( 53,  1)   vdiff=  8.7218E-02 ( 58, 15)
n=  1374   udiff=  9.6485E-02 ( 53,  1)   vdiff=  8.6944E-02 ( 58, 15)
n=  1375   udiff=  9.6157E-02 ( 53,  1)   vdiff=  8.6669E-02 ( 58, 15)
n=  1376   udiff=  9.5831E-02 ( 53,  1)   vdiff=  8.6397E-02 ( 58, 15)
n=  1377   udiff=  9.5505E-02 ( 53,  1)   vdiff=  8.6120E-02 ( 58, 15)
n=  1378   udiff=  9.5180E-02 ( 53,  1)   vdiff=  8.5846E-02 ( 58, 15)
n=  1379   udiff=  9.4855E-02 ( 53,  1)   vdiff=  8.5575E-02 ( 58, 15)
n=  1380   udiff=  9.4531E-02 ( 53,  1)   vdiff=  8.5303E-02 ( 58, 15)
n=  1381   udiff=  9.4208E-02 ( 53,  1)   vdiff=  8.5031E-02 ( 58, 15)
n=  1382   udiff=  9.3885E-02 ( 53,  1)   vdiff=  8.4763E-02 ( 58, 15)
n=  1383   udiff=  9.3563E-02 ( 53,  1)   vdiff=  8.4491E-02 ( 58, 15)
n=  1384   udiff=  9.3241E-02 ( 53,  1)   vdiff=  8.4217E-02 ( 58, 15)
n=  1385   udiff=  9.2920E-02 ( 53,  1)   vdiff=  8.3947E-02 ( 58, 15)
n=  1386   udiff=  9.2600E-02 ( 53,  1)   vdiff=  8.3680E-02 ( 58, 15)
n=  1387   udiff=  9.2280E-02 ( 53,  1)   vdiff=  8.3409E-02 ( 58, 15)
n=  1388   udiff=  9.1961E-02 ( 53,  1)   vdiff=  8.3139E-02 ( 58, 15)
n=  1389   udiff=  9.1642E-02 ( 53,  1)   vdiff=  8.2872E-02 ( 58, 15)
n=  1390   udiff=  9.1325E-02 ( 53,  1)   vdiff=  8.2601E-02 ( 58, 15)
n=  1391   udiff=  9.1008E-02 ( 53,  1)   vdiff=  8.2339E-02 ( 58, 15)
n=  1392   udiff=  9.0691E-02 ( 53,  1)   vdiff=  8.2066E-02 ( 58, 15)
n=  1393   udiff=  9.0375E-02 ( 53,  1)   vdiff=  8.1798E-02 ( 58, 15)
n=  1394   udiff=  9.0060E-02 ( 53,  1)   vdiff=  8.1534E-02 ( 58, 15)
n=  1395   udiff=  8.9745E-02 ( 53,  1)   vdiff=  8.1267E-02 ( 58, 15)
n=  1396   udiff=  8.9431E-02 ( 53,  1)   vdiff=  8.1001E-02 ( 58, 15)
n=  1397   udiff=  8.9118E-02 ( 53,  1)   vdiff=  8.0737E-02 ( 58, 15)
n=  1398   udiff=  8.8805E-02 ( 53,  1)   vdiff=  8.0468E-02 ( 58, 16)
n=  1399   udiff=  8.8493E-02 ( 53,  1)   vdiff=  8.0206E-02 ( 58, 16)
n=  1400   udiff=  8.8182E-02 ( 53,  1)   vdiff=  7.9943E-02 ( 58, 16)
n=  1401   udiff=  8.7871E-02 ( 53,  1)   vdiff=  7.9684E-02 ( 58, 16)
n=  1402   udiff=  8.7561E-02 ( 53,  1)   vdiff=  7.9422E-02 ( 58, 16)
n=  1403   udiff=  8.7251E-02 ( 53,  1)   vdiff=  7.9164E-02 ( 58, 16)
n=  1404   udiff=  8.6942E-02 ( 53,  1)   vdiff=  7.8903E-02 ( 58, 16)
n=  1405   udiff=  8.6634E-02 ( 53,  1)   vdiff=  7.8642E-02 ( 58, 16)
n=  1406   udiff=  8.6327E-02 ( 53,  1)   vdiff=  7.8383E-02 ( 58, 16)
n=  1407   udiff=  8.6020E-02 ( 53,  1)   vdiff=  7.8120E-02 ( 58, 16)
n=  1408   udiff=  8.5714E-02 ( 53,  1)   vdiff=  7.7863E-02 ( 58, 16)
n=  1409   udiff=  8.5408E-02 ( 53,  1)   vdiff=  7.7607E-02 ( 58, 16)
n=  1410   udiff=  8.5103E-02 ( 53,  1)   vdiff=  7.7344E-02 ( 58, 16)
n=  1411   udiff=  8.4799E-02 ( 53,  1)   vdiff=  7.7092E-02 ( 58, 16)
n=  1412   udiff=  8.4496E-02 ( 53,  1)   vdiff=  7.6829E-02 ( 58, 16)
n=  1413   udiff=  8.4192E-02 ( 53,  1)   vdiff=  7.6580E-02 ( 58, 16)
n=  1414   udiff=  8.3894E-02 ( 54,  1)   vdiff=  7.6322E-02 ( 58, 16)
n=  1415   udiff=  8.3601E-02 ( 54,  1)   vdiff=  7.6062E-02 ( 58, 16)
n=  1416   udiff=  8.3308E-02 ( 54,  1)   vdiff=  7.5805E-02 ( 58, 16)
n=  1417   udiff=  8.3016E-02 ( 54,  1)   vdiff=  7.5551E-02 ( 58, 16)
n=  1418   udiff=  8.2725E-02 ( 54,  1)   vdiff=  7.5300E-02 ( 58, 16)
n=  1419   udiff=  8.2434E-02 ( 54,  1)   vdiff=  7.5043E-02 ( 58, 16)
n=  1420   udiff=  8.2144E-02 ( 54,  1)   vdiff=  7.4791E-02 ( 58, 16)
n=  1421   udiff=  8.1855E-02 ( 54,  1)   vdiff=  7.4542E-02 ( 58, 16)
n=  1422   udiff=  8.1566E-02 ( 54,  1)   vdiff=  7.4285E-02 ( 58, 16)
n=  1423   udiff=  8.1278E-02 ( 54,  1)   vdiff=  7.4035E-02 ( 58, 16)
n=  1424   udiff=  8.0990E-02 ( 54,  1)   vdiff=  7.3785E-02 ( 58, 16)
n=  1425   udiff=  8.0703E-02 ( 54,  1)   vdiff=  7.3531E-02 ( 58, 16)
n=  1426   udiff=  8.0416E-02 ( 54,  1)   vdiff=  7.3277E-02 ( 58, 16)
n=  1427   udiff=  8.0131E-02 ( 54,  1)   vdiff=  7.3028E-02 ( 58, 16)
n=  1428   udiff=  7.9845E-02 ( 54,  1)   vdiff=  7.2776E-02 ( 58, 16)
n=  1429   udiff=  7.9561E-02 ( 54,  1)   vdiff=  7.2531E-02 ( 58, 16)
n=  1430   udiff=  7.9277E-02 ( 54,  1)   vdiff=  7.2282E-02 ( 58, 16)
n=  1431   udiff=  7.8993E-02 ( 54,  1)   vdiff=  7.2031E-02 ( 58, 16)
n=  1432   udiff=  7.8711E-02 ( 54,  1)   vdiff=  7.1782E-02 ( 58, 16)
n=  1433   udiff=  7.8428E-02 ( 54,  1)   vdiff=  7.1534E-02 ( 58, 16)
n=  1434   udiff=  7.8147E-02 ( 54,  1)   vdiff=  7.1288E-02 ( 58, 16)
n=  1435   udiff=  7.7866E-02 ( 54,  1)   vdiff=  7.1041E-02 ( 58, 16)
n=  1436   udiff=  7.7585E-02 ( 54,  1)   vdiff=  7.0793E-02 ( 58, 16)
n=  1437   udiff=  7.7306E-02 ( 54,  1)   vdiff=  7.0545E-02 ( 58, 16)
n=  1438   udiff=  7.7027E-02 ( 54,  1)   vdiff=  7.0305E-02 ( 58, 16)
n=  1439   udiff=  7.6748E-02 ( 54,  1)   vdiff=  7.0057E-02 ( 58, 16)
n=  1440   udiff=  7.6470E-02 ( 54,  1)   vdiff=  6.9815E-02 ( 58, 16)
n=  1441   udiff=  7.6193E-02 ( 54,  1)   vdiff=  6.9571E-02 ( 58, 16)
n=  1442   udiff=  7.5917E-02 ( 54,  1)   vdiff=  6.9328E-02 ( 58, 16)
n=  1443   udiff=  7.5641E-02 ( 54,  1)   vdiff=  6.9081E-02 ( 58, 16)
n=  1444   udiff=  7.5365E-02 ( 54,  1)   vdiff=  6.8837E-02 ( 58, 16)
n=  1445   udiff=  7.5091E-02 ( 54,  1)   vdiff=  6.8594E-02 ( 58, 16)
n=  1446   udiff=  7.4817E-02 ( 54,  1)   vdiff=  6.8358E-02 ( 58, 16)
n=  1447   udiff=  7.4543E-02 ( 54,  1)   vdiff=  6.8119E-02 ( 58, 16)
n=  1448   udiff=  7.4270E-02 ( 54,  1)   vdiff=  6.7875E-02 ( 58, 16)
n=  1449   udiff=  7.3998E-02 ( 54,  1)   vdiff=  6.7633E-02 ( 58, 16)
n=  1450   udiff=  7.3726E-02 ( 54,  1)   vdiff=  6.7397E-02 ( 58, 16)
n=  1451   udiff=  7.3456E-02 ( 54,  1)   vdiff=  6.7158E-02 ( 58, 16)
n=  1452   udiff=  7.3185E-02 ( 54,  1)   vdiff=  6.6915E-02 ( 58, 16)
n=  1453   udiff=  7.2916E-02 ( 54,  1)   vdiff=  6.6674E-02 ( 58, 16)
n=  1454   udiff=  7.2647E-02 ( 54,  1)   vdiff=  6.6440E-02 ( 58, 16)
n=  1455   udiff=  7.2378E-02 ( 54,  1)   vdiff=  6.6201E-02 ( 58, 16)
n=  1456   udiff=  7.2110E-02 ( 54,  1)   vdiff=  6.5962E-02 ( 58, 16)
n=  1457   udiff=  7.1843E-02 ( 54,  1)   vdiff=  6.5730E-02 ( 58, 16)
n=  1458   udiff=  7.1577E-02 ( 54,  1)   vdiff=  6.5493E-02 ( 58, 16)
n=  1459   udiff=  7.1311E-02 ( 54,  1)   vdiff=  6.5256E-02 ( 58, 16)
n=  1460   udiff=  7.1045E-02 ( 54,  1)   vdiff=  6.5021E-02 ( 58, 16)
n=  1461   udiff=  7.0781E-02 ( 54,  1)   vdiff=  6.4791E-02 ( 58, 16)
n=  1462   udiff=  7.0517E-02 ( 54,  1)   vdiff=  6.4557E-02 ( 58, 16)
n=  1463   udiff=  7.0254E-02 ( 54,  1)   vdiff=  6.4317E-02 ( 58, 16)
n=  1464   udiff=  6.9991E-02 ( 54,  1)   vdiff=  6.4085E-02 ( 58, 16)
n=  1465   udiff=  6.9729E-02 ( 54,  1)   vdiff=  6.3854E-02 ( 58, 16)
n=  1466   udiff=  6.9468E-02 ( 54,  1)   vdiff=  6.3627E-02 ( 58, 16)
n=  1467   udiff=  6.9207E-02 ( 54,  1)   vdiff=  6.3388E-02 ( 58, 16)
n=  1468   udiff=  6.8946E-02 ( 54,  1)   vdiff=  6.3162E-02 ( 58, 16)
n=  1469   udiff=  6.8687E-02 ( 54,  1)   vdiff=  6.2927E-02 ( 58, 16)
n=  1470   udiff=  6.8428E-02 ( 54,  1)   vdiff=  6.2703E-02 ( 58, 16)
n=  1471   udiff=  6.8170E-02 ( 54,  1)   vdiff=  6.2473E-02 ( 58, 16)
n=  1472   udiff=  6.7912E-02 ( 54,  1)   vdiff=  6.2238E-02 ( 58, 16)
n=  1473   udiff=  6.7656E-02 ( 54,  1)   vdiff=  6.2012E-02 ( 58, 16)
n=  1474   udiff=  6.7399E-02 ( 54,  1)   vdiff=  6.1785E-02 ( 58, 16)
n=  1475   udiff=  6.7143E-02 ( 54,  1)   vdiff=  6.1553E-02 ( 58, 16)
n=  1476   udiff=  6.6889E-02 ( 54,  1)   vdiff=  6.1330E-02 ( 58, 16)
n=  1477   udiff=  6.6634E-02 ( 54,  1)   vdiff=  6.1105E-02 ( 58, 16)
n=  1478   udiff=  6.6381E-02 ( 54,  1)   vdiff=  6.0873E-02 ( 58, 16)
n=  1479   udiff=  6.6127E-02 ( 54,  1)   vdiff=  6.0650E-02 ( 58, 16)
n=  1480   udiff=  6.5875E-02 ( 54,  1)   vdiff=  6.0429E-02 ( 58, 16)
n=  1481   udiff=  6.5623E-02 ( 54,  1)   vdiff=  6.0202E-02 ( 58, 16)
n=  1482   udiff=  6.5372E-02 ( 54,  1)   vdiff=  5.9978E-02 ( 58, 16)
n=  1483   udiff=  6.5121E-02 ( 54,  1)   vdiff=  5.9755E-02 ( 58, 16)
n=  1484   udiff=  6.4872E-02 ( 54,  1)   vdiff=  5.9529E-02 ( 58, 16)
n=  1485   udiff=  6.4622E-02 ( 54,  1)   vdiff=  5.9305E-02 ( 58, 16)
n=  1486   udiff=  6.4374E-02 ( 54,  1)   vdiff=  5.9083E-02 ( 58, 16)
n=  1487   udiff=  6.4126E-02 ( 54,  1)   vdiff=  5.8863E-02 ( 58, 16)
n=  1488   udiff=  6.3878E-02 ( 54,  1)   vdiff=  5.8641E-02 ( 58, 16)
n=  1489   udiff=  6.3632E-02 ( 54,  1)   vdiff=  5.8424E-02 ( 58, 16)
n=  1490   udiff=  6.3386E-02 ( 54,  1)   vdiff=  5.8201E-02 ( 58, 16)
n=  1491   udiff=  6.3140E-02 ( 54,  1)   vdiff=  5.7984E-02 ( 58, 16)
n=  1492   udiff=  6.2895E-02 ( 54,  1)   vdiff=  5.7762E-02 ( 58, 16)
n=  1493   udiff=  6.2651E-02 ( 54,  1)   vdiff=  5.7545E-02 ( 58, 16)
n=  1494   udiff=  6.2408E-02 ( 54,  1)   vdiff=  5.7329E-02 ( 58, 16)
n=  1495   udiff=  6.2165E-02 ( 54,  1)   vdiff=  5.7111E-02 ( 58, 16)
n=  1496   udiff=  6.1923E-02 ( 54,  1)   vdiff=  5.6894E-02 ( 58, 16)
n=  1497   udiff=  6.1682E-02 ( 54,  1)   vdiff=  5.6677E-02 ( 58, 16)
n=  1498   udiff=  6.1445E-02 ( 55,  1)   vdiff=  5.6459E-02 ( 58, 16)
n=  1499   udiff=  6.1210E-02 ( 55,  1)   vdiff=  5.6244E-02 ( 58, 16)
n=  1500   udiff=  6.0977E-02 ( 55,  1)   vdiff=  5.6027E-02 ( 58, 16)
n=  1501   udiff=  6.0744E-02 ( 55,  1)   vdiff=  5.5812E-02 ( 58, 16)
n=  1502   udiff=  6.0511E-02 ( 55,  1)   vdiff=  5.5603E-02 ( 58, 16)
n=  1503   udiff=  6.0279E-02 ( 55,  1)   vdiff=  5.5389E-02 ( 58, 16)
n=  1504   udiff=  6.0048E-02 ( 55,  1)   vdiff=  5.5176E-02 ( 58, 16)
n=  1505   udiff=  5.9817E-02 ( 55,  1)   vdiff=  5.4960E-02 ( 58, 16)
n=  1506   udiff=  5.9587E-02 ( 55,  1)   vdiff=  5.4750E-02 ( 58, 16)
n=  1507   udiff=  5.9358E-02 ( 55,  1)   vdiff=  5.4543E-02 ( 58, 16)
n=  1508   udiff=  5.9129E-02 ( 55,  1)   vdiff=  5.4330E-02 ( 58, 16)
n=  1509   udiff=  5.8901E-02 ( 55,  1)   vdiff=  5.4117E-02 ( 58, 16)
n=  1510   udiff=  5.8673E-02 ( 55,  1)   vdiff=  5.3907E-02 ( 58, 16)
n=  1511   udiff=  5.8446E-02 ( 55,  1)   vdiff=  5.3701E-02 ( 58, 16)
n=  1512   udiff=  5.8220E-02 ( 55,  1)   vdiff=  5.3492E-02 ( 58, 16)
n=  1513   udiff=  5.7993E-02 ( 55,  1)   vdiff=  5.3280E-02 ( 58, 16)
n=  1514   udiff=  5.7768E-02 ( 55,  1)   vdiff=  5.3070E-02 ( 58, 16)
n=  1515   udiff=  5.7543E-02 ( 55,  1)   vdiff=  5.2867E-02 ( 58, 16)
n=  1516   udiff=  5.7319E-02 ( 55,  1)   vdiff=  5.2661E-02 ( 58, 16)
n=  1517   udiff=  5.7096E-02 ( 55,  1)   vdiff=  5.2456E-02 ( 58, 16)
n=  1518   udiff=  5.6873E-02 ( 55,  1)   vdiff=  5.2246E-02 ( 58, 16)
n=  1519   udiff=  5.6650E-02 ( 55,  1)   vdiff=  5.2043E-02 ( 58, 16)
n=  1520   udiff=  5.6429E-02 ( 55,  1)   vdiff=  5.1841E-02 ( 58, 16)
n=  1521   udiff=  5.6207E-02 ( 55,  1)   vdiff=  5.1633E-02 ( 58, 16)
n=  1522   udiff=  5.5987E-02 ( 55,  1)   vdiff=  5.1434E-02 ( 58, 16)
n=  1523   udiff=  5.5767E-02 ( 55,  1)   vdiff=  5.1229E-02 ( 58, 16)
n=  1524   udiff=  5.5548E-02 ( 55,  1)   vdiff=  5.1024E-02 ( 58, 16)
n=  1525   udiff=  5.5329E-02 ( 55,  1)   vdiff=  5.0821E-02 ( 58, 16)
n=  1526   udiff=  5.5110E-02 ( 55,  1)   vdiff=  5.0624E-02 ( 58, 16)
n=  1527   udiff=  5.4893E-02 ( 55,  1)   vdiff=  5.0418E-02 ( 58, 16)
n=  1528   udiff=  5.4676E-02 ( 55,  1)   vdiff=  5.0224E-02 ( 58, 16)
n=  1529   udiff=  5.4460E-02 ( 55,  1)   vdiff=  5.0021E-02 ( 58, 16)
n=  1530   udiff=  5.4244E-02 ( 55,  1)   vdiff=  4.9821E-02 ( 58, 16)
n=  1531   udiff=  5.4028E-02 ( 55,  1)   vdiff=  4.9621E-02 ( 58, 16)
n=  1532   udiff=  5.3814E-02 ( 55,  1)   vdiff=  4.9421E-02 ( 58, 16)
n=  1533   udiff=  5.3600E-02 ( 55,  1)   vdiff=  4.9225E-02 ( 58, 16)
n=  1534   udiff=  5.3386E-02 ( 55,  1)   vdiff=  4.9025E-02 ( 58, 16)
n=  1535   udiff=  5.3173E-02 ( 55,  1)   vdiff=  4.8831E-02 ( 58, 16)
n=  1536   udiff=  5.2961E-02 ( 55,  1)   vdiff=  4.8637E-02 ( 58, 16)
n=  1537   udiff=  5.2750E-02 ( 55,  1)   vdiff=  4.8442E-02 ( 58, 16)
n=  1538   udiff=  5.2538E-02 ( 55,  1)   vdiff=  4.8244E-02 ( 58, 16)
n=  1539   udiff=  5.2328E-02 ( 55,  1)   vdiff=  4.8045E-02 ( 58, 16)
n=  1540   udiff=  5.2118E-02 ( 55,  1)   vdiff=  4.7853E-02 ( 58, 16)
n=  1541   udiff=  5.1909E-02 ( 55,  1)   vdiff=  4.7664E-02 ( 58, 16)
n=  1542   udiff=  5.1700E-02 ( 55,  1)   vdiff=  4.7467E-02 ( 58, 16)
n=  1543   udiff=  5.1492E-02 ( 55,  1)   vdiff=  4.7278E-02 ( 58, 16)
n=  1544   udiff=  5.1284E-02 ( 55,  1)   vdiff=  4.7080E-02 ( 58, 16)
n=  1545   udiff=  5.1078E-02 ( 55,  1)   vdiff=  4.6888E-02 ( 58, 16)
n=  1546   udiff=  5.0871E-02 ( 55,  1)   vdiff=  4.6701E-02 ( 58, 16)
n=  1547   udiff=  5.0665E-02 ( 55,  1)   vdiff=  4.6508E-02 ( 58, 16)
n=  1548   udiff=  5.0460E-02 ( 55,  1)   vdiff=  4.6321E-02 ( 58, 16)
n=  1549   udiff=  5.0255E-02 ( 55,  1)   vdiff=  4.6128E-02 ( 58, 16)
n=  1550   udiff=  5.0051E-02 ( 55,  1)   vdiff=  4.5940E-02 ( 58, 16)
n=  1551   udiff=  4.9848E-02 ( 55,  1)   vdiff=  4.5748E-02 ( 58, 16)
n=  1552   udiff=  4.9645E-02 ( 55,  1)   vdiff=  4.5567E-02 ( 58, 16)
n=  1553   udiff=  4.9443E-02 ( 55,  1)   vdiff=  4.5376E-02 ( 58, 16)
n=  1554   udiff=  4.9241E-02 ( 55,  1)   vdiff=  4.5190E-02 ( 58, 16)
n=  1555   udiff=  4.9040E-02 ( 55,  1)   vdiff=  4.5004E-02 ( 58, 16)
n=  1556   udiff=  4.8839E-02 ( 55,  1)   vdiff=  4.4818E-02 ( 58, 16)
n=  1557   udiff=  4.8640E-02 ( 55,  1)   vdiff=  4.4632E-02 ( 58, 16)
n=  1558   udiff=  4.8441E-02 ( 55,  1)   vdiff=  4.4444E-02 ( 58, 16)
n=  1559   udiff=  4.8242E-02 ( 55,  1)   vdiff=  4.4258E-02 ( 58, 16)
n=  1560   udiff=  4.8044E-02 ( 55,  1)   vdiff=  4.4080E-02 ( 58, 16)
n=  1561   udiff=  4.7846E-02 ( 55,  1)   vdiff=  4.3893E-02 ( 58, 16)
n=  1562   udiff=  4.7649E-02 ( 55,  1)   vdiff=  4.3714E-02 ( 58, 16)
n=  1563   udiff=  4.7453E-02 ( 55,  1)   vdiff=  4.3533E-02 ( 58, 16)
n=  1564   udiff=  4.7257E-02 ( 55,  1)   vdiff=  4.3345E-02 ( 58, 16)
n=  1565   udiff=  4.7061E-02 ( 55,  1)   vdiff=  4.3166E-02 ( 58, 16)
n=  1566   udiff=  4.6867E-02 ( 55,  1)   vdiff=  4.2986E-02 ( 58, 16)
n=  1567   udiff=  4.6673E-02 ( 55,  1)   vdiff=  4.2807E-02 ( 58, 16)
n=  1568   udiff=  4.6479E-02 ( 55,  1)   vdiff=  4.2620E-02 ( 58, 16)
n=  1569   udiff=  4.6286E-02 ( 55,  1)   vdiff=  4.2442E-02 ( 58, 16)
n=  1570   udiff=  4.6094E-02 ( 55,  1)   vdiff=  4.2267E-02 ( 58, 16)
n=  1571   udiff=  4.5902E-02 ( 55,  1)   vdiff=  4.2087E-02 ( 58, 16)
n=  1572   udiff=  4.5711E-02 ( 55,  1)   vdiff=  4.1913E-02 ( 58, 16)
n=  1573   udiff=  4.5520E-02 ( 55,  1)   vdiff=  4.1736E-02 ( 58, 16)
n=  1574   udiff=  4.5330E-02 ( 55,  1)   vdiff=  4.1559E-02 ( 58, 16)
n=  1575   udiff=  4.5140E-02 ( 55,  1)   vdiff=  4.1378E-02 ( 58, 16)
n=  1576   udiff=  4.4951E-02 ( 55,  1)   vdiff=  4.1205E-02 ( 58, 16)
n=  1577   udiff=  4.4763E-02 ( 55,  1)   vdiff=  4.1031E-02 ( 58, 16)
n=  1578   udiff=  4.4575E-02 ( 55,  1)   vdiff=  4.0858E-02 ( 58, 16)
n=  1579   udiff=  4.4388E-02 ( 55,  1)   vdiff=  4.0681E-02 ( 58, 16)
n=  1580   udiff=  4.4202E-02 ( 55,  1)   vdiff=  4.0509E-02 ( 58, 16)
n=  1581   udiff=  4.4015E-02 ( 55,  1)   vdiff=  4.0336E-02 ( 58, 16)
n=  1582   udiff=  4.3830E-02 ( 55,  1)   vdiff=  4.0161E-02 ( 58, 16)
n=  1583   udiff=  4.3645E-02 ( 55,  1)   vdiff=  3.9987E-02 ( 58, 16)
n=  1584   udiff=  4.3463E-02 ( 56,  1)   vdiff=  3.9820E-02 ( 58, 16)
n=  1585   udiff=  4.3284E-02 ( 56,  1)   vdiff=  3.9644E-02 ( 58, 16)
n=  1586   udiff=  4.3105E-02 ( 56,  1)   vdiff=  3.9474E-02 ( 58, 16)
n=  1587   udiff=  4.2927E-02 ( 56,  1)   vdiff=  3.9307E-02 ( 58, 16)
n=  1588   udiff=  4.2749E-02 ( 56,  1)   vdiff=  3.9140E-02 ( 58, 16)
n=  1589   udiff=  4.2571E-02 ( 56,  1)   vdiff=  3.8970E-02 ( 58, 16)
n=  1590   udiff=  4.2394E-02 ( 56,  1)   vdiff=  3.8798E-02 ( 58, 16)
n=  1591   udiff=  4.2218E-02 ( 56,  1)   vdiff=  3.8629E-02 ( 58, 16)
n=  1592   udiff=  4.2042E-02 ( 56,  1)   vdiff=  3.8463E-02 ( 58, 16)
n=  1593   udiff=  4.1867E-02 ( 56,  1)   vdiff=  3.8298E-02 ( 58, 16)
n=  1594   udiff=  4.1692E-02 ( 56,  1)   vdiff=  3.8128E-02 ( 58, 16)
n=  1595   udiff=  4.1518E-02 ( 56,  1)   vdiff=  3.7965E-02 ( 58, 16)
n=  1596   udiff=  4.1344E-02 ( 56,  1)   vdiff=  3.7799E-02 ( 58, 16)
n=  1597   udiff=  4.1171E-02 ( 56,  1)   vdiff=  3.7630E-02 ( 58, 16)
n=  1598   udiff=  4.0999E-02 ( 56,  1)   vdiff=  3.7469E-02 ( 58, 16)
n=  1599   udiff=  4.0827E-02 ( 56,  1)   vdiff=  3.7307E-02 ( 58, 16)
n=  1600   udiff=  4.0655E-02 ( 56,  1)   vdiff=  3.7145E-02 ( 58, 16)
n=  1601   udiff=  4.0484E-02 ( 56,  1)   vdiff=  3.6978E-02 ( 58, 16)
n=  1602   udiff=  4.0313E-02 ( 56,  1)   vdiff=  3.6815E-02 ( 58, 16)
n=  1603   udiff=  4.0143E-02 ( 56,  1)   vdiff=  3.6653E-02 ( 58, 16)
n=  1604   udiff=  3.9974E-02 ( 56,  1)   vdiff=  3.6492E-02 ( 58, 16)
n=  1605   udiff=  3.9804E-02 ( 56,  1)   vdiff=  3.6328E-02 ( 58, 16)
n=  1606   udiff=  3.9636E-02 ( 56,  1)   vdiff=  3.6173E-02 ( 58, 16)
n=  1607   udiff=  3.9468E-02 ( 56,  1)   vdiff=  3.6014E-02 ( 58, 16)
n=  1608   udiff=  3.9301E-02 ( 56,  1)   vdiff=  3.5854E-02 ( 58, 16)
n=  1609   udiff=  3.9134E-02 ( 56,  1)   vdiff=  3.5692E-02 ( 58, 16)
n=  1610   udiff=  3.8968E-02 ( 56,  1)   vdiff=  3.5530E-02 ( 58, 16)
n=  1611   udiff=  3.8802E-02 ( 56,  1)   vdiff=  3.5376E-02 ( 58, 16)
n=  1612   udiff=  3.8637E-02 ( 56,  1)   vdiff=  3.5221E-02 ( 58, 16)
n=  1613   udiff=  3.8472E-02 ( 56,  1)   vdiff=  3.5063E-02 ( 58, 16)
n=  1614   udiff=  3.8307E-02 ( 56,  1)   vdiff=  3.4905E-02 ( 58, 16)
n=  1615   udiff=  3.8144E-02 ( 56,  1)   vdiff=  3.4748E-02 ( 58, 16)
n=  1616   udiff=  3.7980E-02 ( 56,  1)   vdiff=  3.4594E-02 ( 58, 16)
n=  1617   udiff=  3.7817E-02 ( 56,  1)   vdiff=  3.4439E-02 ( 58, 16)
n=  1618   udiff=  3.7655E-02 ( 56,  1)   vdiff=  3.4284E-02 ( 58, 16)
n=  1619   udiff=  3.7494E-02 ( 56,  1)   vdiff=  3.4130E-02 ( 58, 16)
n=  1620   udiff=  3.7332E-02 ( 56,  1)   vdiff=  3.3976E-02 ( 58, 16)
n=  1621   udiff=  3.7172E-02 ( 56,  1)   vdiff=  3.3823E-02 ( 58, 16)
n=  1622   udiff=  3.7011E-02 ( 56,  1)   vdiff=  3.3673E-02 ( 58, 16)
n=  1623   udiff=  3.6852E-02 ( 56,  1)   vdiff=  3.3519E-02 ( 58, 16)
n=  1624   udiff=  3.6693E-02 ( 56,  1)   vdiff=  3.3364E-02 ( 58, 16)
n=  1625   udiff=  3.6534E-02 ( 56,  1)   vdiff=  3.3213E-02 ( 58, 16)
n=  1626   udiff=  3.6376E-02 ( 56,  1)   vdiff=  3.3063E-02 ( 58, 16)
n=  1627   udiff=  3.6218E-02 ( 56,  1)   vdiff=  3.2916E-02 ( 58, 16)
n=  1628   udiff=  3.6061E-02 ( 56,  1)   vdiff=  3.2763E-02 ( 58, 16)
n=  1629   udiff=  3.5904E-02 ( 56,  1)   vdiff=  3.2618E-02 ( 58, 16)
n=  1630   udiff=  3.5748E-02 ( 56,  1)   vdiff=  3.2463E-02 ( 58, 16)
n=  1631   udiff=  3.5593E-02 ( 56,  1)   vdiff=  3.2321E-02 ( 58, 16)
n=  1632   udiff=  3.5437E-02 ( 56,  1)   vdiff=  3.2168E-02 ( 58, 16)
n=  1633   udiff=  3.5282E-02 ( 56,  1)   vdiff=  3.2024E-02 ( 58, 16)
n=  1634   udiff=  3.5129E-02 ( 56,  1)   vdiff=  3.1881E-02 ( 58, 16)
n=  1635   udiff=  3.4975E-02 ( 56,  1)   vdiff=  3.1731E-02 ( 58, 16)
n=  1636   udiff=  3.4822E-02 ( 56,  1)   vdiff=  3.1584E-02 ( 58, 16)
n=  1637   udiff=  3.4669E-02 ( 56,  1)   vdiff=  3.1436E-02 ( 58, 16)
n=  1638   udiff=  3.4517E-02 ( 56,  1)   vdiff=  3.1295E-02 ( 58, 16)
n=  1639   udiff=  3.4365E-02 ( 56,  1)   vdiff=  3.1153E-02 ( 58, 16)
n=  1640   udiff=  3.4214E-02 ( 56,  1)   vdiff=  3.1005E-02 ( 58, 16)
n=  1641   udiff=  3.4063E-02 ( 56,  1)   vdiff=  3.0864E-02 ( 58, 16)
n=  1642   udiff=  3.3913E-02 ( 56,  1)   vdiff=  3.0720E-02 ( 58, 16)
n=  1643   udiff=  3.3764E-02 ( 56,  1)   vdiff=  3.0577E-02 ( 58, 16)
n=  1644   udiff=  3.3615E-02 ( 56,  1)   vdiff=  3.0438E-02 ( 58, 16)
n=  1645   udiff=  3.3466E-02 ( 56,  1)   vdiff=  3.0292E-02 ( 58, 16)
n=  1646   udiff=  3.3317E-02 ( 56,  1)   vdiff=  3.0154E-02 ( 58, 16)
n=  1647   udiff=  3.3170E-02 ( 56,  1)   vdiff=  3.0014E-02 ( 58, 16)
n=  1648   udiff=  3.3023E-02 ( 56,  1)   vdiff=  2.9876E-02 ( 58, 16)
n=  1649   udiff=  3.2876E-02 ( 56,  1)   vdiff=  2.9732E-02 ( 58, 16)
n=  1650   udiff=  3.2730E-02 ( 56,  1)   vdiff=  2.9596E-02 ( 58, 16)
n=  1651   udiff=  3.2584E-02 ( 56,  1)   vdiff=  2.9454E-02 ( 58, 16)
n=  1652   udiff=  3.2439E-02 ( 56,  1)   vdiff=  2.9319E-02 ( 58, 16)
n=  1653   udiff=  3.2294E-02 ( 56,  1)   vdiff=  2.9181E-02 ( 58, 16)
n=  1654   udiff=  3.2150E-02 ( 56,  1)   vdiff=  2.9038E-02 ( 58, 16)
n=  1655   udiff=  3.2006E-02 ( 56,  1)   vdiff=  2.8904E-02 ( 58, 16)
n=  1656   udiff=  3.1863E-02 ( 56,  1)   vdiff=  2.8767E-02 ( 58, 16)
n=  1657   udiff=  3.1720E-02 ( 56,  1)   vdiff=  2.8635E-02 ( 58, 16)
n=  1658   udiff=  3.1578E-02 ( 56,  1)   vdiff=  2.8497E-02 ( 58, 16)
n=  1659   udiff=  3.1436E-02 ( 56,  1)   vdiff=  2.8363E-02 ( 58, 16)
n=  1660   udiff=  3.1294E-02 ( 56,  1)   vdiff=  2.8226E-02 ( 58, 16)
n=  1661   udiff=  3.1154E-02 ( 56,  1)   vdiff=  2.8095E-02 ( 58, 16)
n=  1662   udiff=  3.1013E-02 ( 56,  1)   vdiff=  2.7959E-02 ( 58, 16)
n=  1663   udiff=  3.0873E-02 ( 56,  1)   vdiff=  2.7827E-02 ( 58, 16)
n=  1664   udiff=  3.0734E-02 ( 56,  1)   vdiff=  2.7693E-02 ( 58, 16)
n=  1665   udiff=  3.0595E-02 ( 56,  1)   vdiff=  2.7567E-02 ( 58, 16)
n=  1666   udiff=  3.0456E-02 ( 56,  1)   vdiff=  2.7430E-02 ( 58, 16)
n=  1667   udiff=  3.0319E-02 ( 57,  1)   vdiff=  2.7298E-02 ( 58, 16)
n=  1668   udiff=  3.0184E-02 ( 57,  1)   vdiff=  2.7169E-02 ( 58, 16)
n=  1669   udiff=  3.0050E-02 ( 57,  1)   vdiff=  2.7037E-02 ( 58, 16)
n=  1670   udiff=  2.9917E-02 ( 57,  1)   vdiff=  2.6914E-02 ( 58, 16)
n=  1671   udiff=  2.9784E-02 ( 57,  1)   vdiff=  2.6780E-02 ( 58, 16)
n=  1672   udiff=  2.9651E-02 ( 57,  1)   vdiff=  2.6651E-02 ( 58, 16)
n=  1673   udiff=  2.9519E-02 ( 57,  1)   vdiff=  2.6523E-02 ( 58, 16)
n=  1674   udiff=  2.9387E-02 ( 57,  1)   vdiff=  2.6396E-02 ( 58, 16)
n=  1675   udiff=  2.9256E-02 ( 57,  1)   vdiff=  2.6266E-02 ( 58, 16)
n=  1676   udiff=  2.9125E-02 ( 57,  1)   vdiff=  2.6140E-02 ( 58, 16)
n=  1677   udiff=  2.8994E-02 ( 57,  1)   vdiff=  2.6016E-02 ( 58, 16)
n=  1678   udiff=  2.8864E-02 ( 57,  1)   vdiff=  2.5882E-02 ( 58, 16)
n=  1679   udiff=  2.8735E-02 ( 57,  1)   vdiff=  2.5759E-02 ( 58, 16)
n=  1680   udiff=  2.8606E-02 ( 57,  1)   vdiff=  2.5636E-02 ( 58, 16)
n=  1681   udiff=  2.8477E-02 ( 57,  1)   vdiff=  2.5514E-02 ( 58, 16)
n=  1682   udiff=  2.8349E-02 ( 57,  1)   vdiff=  2.5386E-02 ( 58, 16)
n=  1683   udiff=  2.8221E-02 ( 57,  1)   vdiff=  2.5263E-02 ( 58, 16)
n=  1684   udiff=  2.8093E-02 ( 57,  1)   vdiff=  2.5139E-02 ( 58, 16)
n=  1685   udiff=  2.7966E-02 ( 57,  1)   vdiff=  2.5015E-02 ( 58, 16)
n=  1686   udiff=  2.7840E-02 ( 57,  1)   vdiff=  2.4891E-02 ( 58, 16)
n=  1687   udiff=  2.7714E-02 ( 57,  1)   vdiff=  2.4771E-02 ( 58, 16)
n=  1688   udiff=  2.7588E-02 ( 57,  1)   vdiff=  2.4648E-02 ( 58, 16)
n=  1689   udiff=  2.7463E-02 ( 57,  1)   vdiff=  2.4529E-02 ( 58, 16)
n=  1690   udiff=  2.7338E-02 ( 57,  1)   vdiff=  2.4402E-02 ( 58, 16)
n=  1691   udiff=  2.7214E-02 ( 57,  1)   vdiff=  2.4285E-02 ( 58, 16)
n=  1692   udiff=  2.7090E-02 ( 57,  1)   vdiff=  2.4163E-02 ( 58, 16)
n=  1693   udiff=  2.6966E-02 ( 57,  1)   vdiff=  2.4045E-02 ( 58, 16)
n=  1694   udiff=  2.6843E-02 ( 57,  1)   vdiff=  2.3930E-02 ( 58, 16)
n=  1695   udiff=  2.6721E-02 ( 57,  1)   vdiff=  2.3806E-02 ( 58, 16)
n=  1696   udiff=  2.6598E-02 ( 57,  1)   vdiff=  2.3691E-02 ( 58, 16)
n=  1697   udiff=  2.6477E-02 ( 57,  1)   vdiff=  2.3569E-02 ( 58, 16)
n=  1698   udiff=  2.6355E-02 ( 57,  1)   vdiff=  2.3454E-02 ( 58, 16)
n=  1699   udiff=  2.6235E-02 ( 57,  1)   vdiff=  2.3333E-02 ( 58, 16)
n=  1700   udiff=  2.6114E-02 ( 57,  1)   vdiff=  2.3222E-02 ( 58, 16)
n=  1701   udiff=  2.5994E-02 ( 57,  1)   vdiff=  2.3102E-02 ( 58, 16)
n=  1702   udiff=  2.5874E-02 ( 57,  1)   vdiff=  2.2989E-02 ( 58, 16)
n=  1703   udiff=  2.5755E-02 ( 57,  1)   vdiff=  2.2874E-02 ( 58, 16)
n=  1704   udiff=  2.5636E-02 ( 57,  1)   vdiff=  2.2757E-02 ( 58, 16)
n=  1705   udiff=  2.5518E-02 ( 57,  1)   vdiff=  2.2641E-02 ( 58, 16)
n=  1706   udiff=  2.5399E-02 ( 57,  1)   vdiff=  2.2533E-02 ( 58, 16)
n=  1707   udiff=  2.5282E-02 ( 57,  1)   vdiff=  2.2418E-02 ( 58, 16)
n=  1708   udiff=  2.5165E-02 ( 57,  1)   vdiff=  2.2300E-02 ( 58, 16)
n=  1709   udiff=  2.5048E-02 ( 57,  1)   vdiff=  2.2189E-02 ( 58, 16)
n=  1710   udiff=  2.4932E-02 ( 57,  1)   vdiff=  2.2078E-02 ( 58, 16)
n=  1711   udiff=  2.4816E-02 ( 57,  1)   vdiff=  2.1969E-02 ( 58, 16)
n=  1712   udiff=  2.4700E-02 ( 57,  1)   vdiff=  2.1855E-02 ( 58, 16)
n=  1713   udiff=  2.4585E-02 ( 57,  1)   vdiff=  2.1741E-02 ( 58, 16)
n=  1714   udiff=  2.4470E-02 ( 57,  1)   vdiff=  2.1635E-02 ( 58, 16)
n=  1715   udiff=  2.4356E-02 ( 57,  1)   vdiff=  2.1524E-02 ( 58, 16)
n=  1716   udiff=  2.4242E-02 ( 57,  1)   vdiff=  2.1414E-02 ( 58, 16)
n=  1717   udiff=  2.4129E-02 ( 57,  1)   vdiff=  2.1301E-02 ( 58, 16)
n=  1718   udiff=  2.4015E-02 ( 57,  1)   vdiff=  2.1193E-02 ( 58, 16)
n=  1719   udiff=  2.3903E-02 ( 57,  1)   vdiff=  2.1082E-02 ( 58, 16)
n=  1720   udiff=  2.3790E-02 ( 57,  1)   vdiff=  2.0979E-02 ( 58, 16)
n=  1721   udiff=  2.3678E-02 ( 57,  1)   vdiff=  2.0872E-02 ( 58, 16)
n=  1722   udiff=  2.3567E-02 ( 57,  1)   vdiff=  2.0764E-02 ( 58, 16)
n=  1723   udiff=  2.3456E-02 ( 57,  1)   vdiff=  2.0652E-02 ( 58, 16)
n=  1724   udiff=  2.3345E-02 ( 57,  1)   vdiff=  2.0548E-02 ( 58, 16)
n=  1725   udiff=  2.3235E-02 ( 57,  1)   vdiff=  2.0440E-02 ( 58, 16)
n=  1726   udiff=  2.3125E-02 ( 57,  1)   vdiff=  2.0336E-02 ( 58, 16)
n=  1727   udiff=  2.3016E-02 ( 57,  1)   vdiff=  2.0232E-02 ( 58, 16)
n=  1728   udiff=  2.2907E-02 ( 57,  1)   vdiff=  2.0124E-02 ( 58, 16)
n=  1729   udiff=  2.2798E-02 ( 57,  1)   vdiff=  2.0023E-02 ( 58, 16)
n=  1730   udiff=  2.2690E-02 ( 57,  1)   vdiff=  1.9919E-02 ( 58, 16)
n=  1731   udiff=  2.2582E-02 ( 57,  1)   vdiff=  1.9814E-02 ( 58, 16)
n=  1732   udiff=  2.2474E-02 ( 57,  1)   vdiff=  1.9710E-02 ( 58, 16)
n=  1733   udiff=  2.2367E-02 ( 57,  1)   vdiff=  1.9609E-02 ( 58, 16)
n=  1734   udiff=  2.2260E-02 ( 57,  1)   vdiff=  1.9507E-02 ( 58, 16)
n=  1735   udiff=  2.2154E-02 ( 57,  1)   vdiff=  1.9400E-02 ( 58, 16)
n=  1736   udiff=  2.2048E-02 ( 57,  1)   vdiff=  1.9301E-02 ( 58, 16)
n=  1737   udiff=  2.1943E-02 ( 57,  1)   vdiff=  1.9200E-02 ( 58, 16)
n=  1738   udiff=  2.1837E-02 ( 57,  1)   vdiff=  1.9100E-02 ( 58, 16)
n=  1739   udiff=  2.1733E-02 ( 57,  1)   vdiff=  1.8998E-02 ( 58, 16)
n=  1740   udiff=  2.1628E-02 ( 57,  1)   vdiff=  1.8898E-02 ( 58, 16)
n=  1741   udiff=  2.1524E-02 ( 57,  1)   vdiff=  1.8800E-02 ( 58, 16)
n=  1742   udiff=  2.1421E-02 ( 57,  1)   vdiff=  1.8696E-02 ( 58, 16)
n=  1743   udiff=  2.1318E-02 ( 57,  1)   vdiff=  1.8602E-02 ( 58, 16)
n=  1744   udiff=  2.1217E-02 ( 58,  1)   vdiff=  1.8502E-02 ( 58, 16)
n=  1745   udiff=  2.1117E-02 ( 58,  1)   vdiff=  1.8401E-02 ( 58, 16)
n=  1746   udiff=  2.1017E-02 ( 58,  1)   vdiff=  1.8303E-02 ( 58, 16)
n=  1747   udiff=  2.0918E-02 ( 58,  1)   vdiff=  1.8207E-02 ( 58, 16)
n=  1748   udiff=  2.0819E-02 ( 58,  1)   vdiff=  1.8111E-02 ( 58, 16)
n=  1749   udiff=  2.0720E-02 ( 58,  1)   vdiff=  1.8016E-02 ( 58, 16)
n=  1750   udiff=  2.0622E-02 ( 58,  1)   vdiff=  1.7920E-02 ( 58, 16)
n=  1751   udiff=  2.0524E-02 ( 58,  1)   vdiff=  1.7820E-02 ( 58, 16)
n=  1752   udiff=  2.0426E-02 ( 58,  1)   vdiff=  1.7723E-02 ( 58, 16)
n=  1753   udiff=  2.0329E-02 ( 58,  1)   vdiff=  1.7633E-02 ( 58, 16)
n=  1754   udiff=  2.0232E-02 ( 58,  1)   vdiff=  1.7538E-02 ( 58, 16)
n=  1755   udiff=  2.0135E-02 ( 58,  1)   vdiff=  1.7445E-02 ( 58, 16)
n=  1756   udiff=  2.0040E-02 ( 58,  1)   vdiff=  1.7348E-02 ( 58, 16)
n=  1757   udiff=  1.9944E-02 ( 58,  1)   vdiff=  1.7254E-02 ( 58, 16)
n=  1758   udiff=  1.9849E-02 ( 58,  1)   vdiff=  1.7165E-02 ( 58, 16)
n=  1759   udiff=  1.9753E-02 ( 58,  1)   vdiff=  1.7070E-02 ( 58, 16)
n=  1760   udiff=  1.9658E-02 ( 58,  1)   vdiff=  1.6974E-02 ( 58, 16)
n=  1761   udiff=  1.9564E-02 ( 58,  1)   vdiff=  1.6880E-02 ( 58, 16)
n=  1762   udiff=  1.9470E-02 ( 58,  1)   vdiff=  1.6790E-02 ( 58, 16)
n=  1763   udiff=  1.9377E-02 ( 58,  1)   vdiff=  1.6698E-02 ( 58, 16)
n=  1764   udiff=  1.9283E-02 ( 58,  1)   vdiff=  1.6607E-02 ( 58, 16)
n=  1765   udiff=  1.9190E-02 ( 58,  1)   vdiff=  1.6520E-02 ( 58, 16)
n=  1766   udiff=  1.9097E-02 ( 58,  1)   vdiff=  1.6433E-02 ( 58, 16)
n=  1767   udiff=  1.9005E-02 ( 58,  1)   vdiff=  1.6339E-02 ( 58, 16)
n=  1768   udiff=  1.8913E-02 ( 58,  1)   vdiff=  1.6250E-02 ( 58, 16)
n=  1769   udiff=  1.8821E-02 ( 58,  1)   vdiff=  1.6159E-02 ( 58, 16)
n=  1770   udiff=  1.8730E-02 ( 58,  1)   vdiff=  1.6072E-02 ( 58, 16)
n=  1771   udiff=  1.8639E-02 ( 58,  1)   vdiff=  1.5980E-02 ( 58, 16)
n=  1772   udiff=  1.8549E-02 ( 58,  1)   vdiff=  1.5893E-02 ( 58, 16)
n=  1773   udiff=  1.8458E-02 ( 58,  1)   vdiff=  1.5809E-02 ( 58, 16)
n=  1774   udiff=  1.8368E-02 ( 58,  1)   vdiff=  1.5716E-02 ( 58, 16)
n=  1775   udiff=  1.8279E-02 ( 58,  1)   vdiff=  1.5635E-02 ( 58, 16)
n=  1776   udiff=  1.8190E-02 ( 58,  1)   vdiff=  1.5544E-02 ( 58, 16)
n=  1777   udiff=  1.8101E-02 ( 58,  1)   vdiff=  1.5462E-02 ( 58, 16)
n=  1778   udiff=  1.8012E-02 ( 58,  1)   vdiff=  1.5373E-02 ( 58, 16)
n=  1779   udiff=  1.7924E-02 ( 58,  1)   vdiff=  1.5287E-02 ( 58, 16)
n=  1780   udiff=  1.7836E-02 ( 58,  1)   vdiff=  1.5206E-02 ( 58, 16)
n=  1781   udiff=  1.7749E-02 ( 58,  1)   vdiff=  1.5119E-02 ( 58, 16)
n=  1782   udiff=  1.7661E-02 ( 58,  1)   vdiff=  1.5033E-02 ( 58, 16)
n=  1783   udiff=  1.7574E-02 ( 58,  1)   vdiff=  1.4949E-02 ( 58, 16)
n=  1784   udiff=  1.7488E-02 ( 58,  1)   vdiff=  1.4864E-02 ( 58, 16)
n=  1785   udiff=  1.7402E-02 ( 58,  1)   vdiff=  1.4783E-02 ( 58, 16)
n=  1786   udiff=  1.7316E-02 ( 58,  1)   vdiff=  1.4700E-02 ( 58, 16)
n=  1787   udiff=  1.7230E-02 ( 58,  1)   vdiff=  1.4615E-02 ( 58, 16)
n=  1788   udiff=  1.7145E-02 ( 58,  1)   vdiff=  1.4535E-02 ( 58, 16)
n=  1789   udiff=  1.7060E-02 ( 58,  1)   vdiff=  1.4451E-02 ( 58, 16)
n=  1790   udiff=  1.6975E-02 ( 58,  1)   vdiff=  1.4372E-02 ( 58, 16)
n=  1791   udiff=  1.6891E-02 ( 58,  1)   vdiff=  1.4285E-02 ( 58, 16)
n=  1792   udiff=  1.6807E-02 ( 58,  1)   vdiff=  1.4208E-02 ( 58, 16)
n=  1793   udiff=  1.6724E-02 ( 58,  1)   vdiff=  1.4124E-02 ( 58, 16)
n=  1794   udiff=  1.6640E-02 ( 58,  1)   vdiff=  1.4045E-02 ( 58, 16)
n=  1795   udiff=  1.6557E-02 ( 58,  1)   vdiff=  1.3969E-02 ( 58, 16)
n=  1796   udiff=  1.6475E-02 ( 58,  1)   vdiff=  1.3885E-02 ( 58, 16)
n=  1797   udiff=  1.6392E-02 ( 58,  1)   vdiff=  1.3804E-02 ( 58, 16)
n=  1798   udiff=  1.6310E-02 ( 58,  1)   vdiff=  1.3729E-02 ( 58, 16)
n=  1799   udiff=  1.6229E-02 ( 58,  1)   vdiff=  1.3652E-02 ( 58, 16)
n=  1800   udiff=  1.6147E-02 ( 58,  1)   vdiff=  1.3574E-02 ( 58, 16)
n=  1801   udiff=  1.6066E-02 ( 58,  1)   vdiff=  1.3492E-02 ( 58, 16)
n=  1802   udiff=  1.5985E-02 ( 58,  1)   vdiff=  1.3414E-02 ( 58, 16)
n=  1803   udiff=  1.5905E-02 ( 58,  1)   vdiff=  1.3337E-02 ( 58, 16)
n=  1804   udiff=  1.5825E-02 ( 58,  1)   vdiff=  1.3264E-02 ( 58, 16)
n=  1805   udiff=  1.5745E-02 ( 58,  1)   vdiff=  1.3183E-02 ( 58, 16)
n=  1806   udiff=  1.5665E-02 ( 58,  1)   vdiff=  1.3108E-02 ( 58, 16)
n=  1807   udiff=  1.5586E-02 ( 58,  1)   vdiff=  1.3029E-02 ( 58, 16)
n=  1808   udiff=  1.5507E-02 ( 58,  1)   vdiff=  1.2954E-02 ( 58, 16)
n=  1809   udiff=  1.5429E-02 ( 58,  1)   vdiff=  1.2881E-02 ( 58, 16)
n=  1810   udiff=  1.5351E-02 ( 59,  1)   vdiff=  1.2808E-02 ( 58, 16)
n=  1811   udiff=  1.5275E-02 ( 59,  1)   vdiff=  1.2731E-02 ( 58, 16)
n=  1812   udiff=  1.5199E-02 ( 59,  1)   vdiff=  1.2657E-02 ( 58, 16)
n=  1813   udiff=  1.5124E-02 ( 59,  1)   vdiff=  1.2582E-02 ( 58, 16)
n=  1814   udiff=  1.5049E-02 ( 59,  1)   vdiff=  1.2511E-02 ( 58, 16)
n=  1815   udiff=  1.4974E-02 ( 59,  1)   vdiff=  1.2435E-02 ( 58, 16)
n=  1816   udiff=  1.4899E-02 ( 59,  1)   vdiff=  1.2360E-02 ( 58, 16)
n=  1817   udiff=  1.4825E-02 ( 59,  1)   vdiff=  1.2291E-02 ( 58, 16)
n=  1818   udiff=  1.4751E-02 ( 59,  1)   vdiff=  1.2217E-02 ( 58, 16)
n=  1819   udiff=  1.4677E-02 ( 59,  1)   vdiff=  1.2146E-02 ( 58, 16)
n=  1820   udiff=  1.4604E-02 ( 59,  1)   vdiff=  1.2073E-02 ( 58, 16)
n=  1821   udiff=  1.4530E-02 ( 59,  1)   vdiff=  1.2007E-02 ( 59, 16)
n=  1822   udiff=  1.4458E-02 ( 59,  1)   vdiff=  1.1939E-02 ( 59, 16)
n=  1823   udiff=  1.4385E-02 ( 59,  1)   vdiff=  1.1865E-02 ( 59, 16)
n=  1824   udiff=  1.4313E-02 ( 59,  1)   vdiff=  1.1797E-02 ( 59, 16)
n=  1825   udiff=  1.4240E-02 ( 59,  1)   vdiff=  1.1729E-02 ( 59, 16)
n=  1826   udiff=  1.4169E-02 ( 59,  1)   vdiff=  1.1657E-02 ( 59, 16)
n=  1827   udiff=  1.4097E-02 ( 59,  1)   vdiff=  1.1596E-02 ( 59, 16)
n=  1828   udiff=  1.4026E-02 ( 59,  1)   vdiff=  1.1525E-02 ( 59, 16)
n=  1829   udiff=  1.3955E-02 ( 59,  1)   vdiff=  1.1463E-02 ( 59, 16)
n=  1830   udiff=  1.3885E-02 ( 59,  1)   vdiff=  1.1394E-02 ( 59, 16)
n=  1831   udiff=  1.3814E-02 ( 59,  1)   vdiff=  1.1331E-02 ( 59, 16)
n=  1832   udiff=  1.3744E-02 ( 59,  1)   vdiff=  1.1257E-02 ( 59, 16)
n=  1833   udiff=  1.3674E-02 ( 59,  1)   vdiff=  1.1199E-02 ( 59, 16)
n=  1834   udiff=  1.3605E-02 ( 59,  1)   vdiff=  1.1130E-02 ( 59, 16)
n=  1835   udiff=  1.3536E-02 ( 59,  1)   vdiff=  1.1065E-02 ( 59, 16)
n=  1836   udiff=  1.3467E-02 ( 59,  1)   vdiff=  1.0997E-02 ( 59, 16)
n=  1837   udiff=  1.3398E-02 ( 59,  1)   vdiff=  1.0938E-02 ( 59, 16)
n=  1838   udiff=  1.3329E-02 ( 59,  1)   vdiff=  1.0868E-02 ( 59, 16)
n=  1839   udiff=  1.3261E-02 ( 59,  1)   vdiff=  1.0806E-02 ( 59, 16)
n=  1840   udiff=  1.3194E-02 ( 59,  1)   vdiff=  1.0744E-02 ( 59, 16)
n=  1841   udiff=  1.3126E-02 ( 59,  1)   vdiff=  1.0676E-02 ( 59, 16)
n=  1842   udiff=  1.3059E-02 ( 59,  1)   vdiff=  1.0616E-02 ( 59, 16)
n=  1843   udiff=  1.2991E-02 ( 59,  1)   vdiff=  1.0553E-02 ( 59, 16)
n=  1844   udiff=  1.2925E-02 ( 59,  1)   vdiff=  1.0489E-02 ( 59, 16)
n=  1845   udiff=  1.2858E-02 ( 59,  1)   vdiff=  1.0427E-02 ( 59, 16)
n=  1846   udiff=  1.2792E-02 ( 59,  1)   vdiff=  1.0367E-02 ( 59, 16)
n=  1847   udiff=  1.2726E-02 ( 59,  1)   vdiff=  1.0301E-02 ( 59, 16)
n=  1848   udiff=  1.2660E-02 ( 59,  1)   vdiff=  1.0242E-02 ( 59, 16)
n=  1849   udiff=  1.2595E-02 ( 59,  1)   vdiff=  1.0184E-02 ( 59, 16)
n=  1850   udiff=  1.2529E-02 ( 59,  1)   vdiff=  1.0122E-02 ( 59, 16)
n=  1851   udiff=  1.2465E-02 ( 59,  1)   vdiff=  1.0057E-02 ( 59, 16)
n=  1852   udiff=  1.2399E-02 ( 59,  1)   vdiff=  9.9999E-03 ( 59, 16)
n=  1853   udiff=  1.2335E-02 ( 59,  1)   vdiff=  9.9364E-03 ( 59, 16)
n=  1854   udiff=  1.2271E-02 ( 59,  1)   vdiff=  9.8793E-03 ( 59, 16)
n=  1855   udiff=  1.2207E-02 ( 59,  1)   vdiff=  9.8182E-03 ( 59, 16)
n=  1856   udiff=  1.2144E-02 ( 59,  1)   vdiff=  9.7558E-03 ( 59, 16)
n=  1857   udiff=  1.2080E-02 ( 59,  1)   vdiff=  9.7028E-03 ( 59, 16)
n=  1858   udiff=  1.2017E-02 ( 59,  1)   vdiff=  9.6417E-03 ( 59, 16)
n=  1859   udiff=  1.1954E-02 ( 59,  1)   vdiff=  9.5824E-03 ( 59, 16)
n=  1860   udiff=  1.1891E-02 ( 59,  1)   vdiff=  9.5233E-03 ( 59, 16)
n=  1861   udiff=  1.1829E-02 ( 59,  1)   vdiff=  9.4648E-03 ( 59, 16)
n=  1862   udiff=  1.1767E-02 ( 59,  1)   vdiff=  9.4118E-03 ( 59, 16)
n=  1863   udiff=  1.1705E-02 ( 59,  1)   vdiff=  9.3531E-03 ( 59, 16)
n=  1864   udiff=  1.1643E-02 ( 59,  1)   vdiff=  9.2921E-03 ( 59, 16)
n=  1865   udiff=  1.1582E-02 ( 59,  1)   vdiff=  9.2362E-03 ( 59, 16)
n=  1866   udiff=  1.1521E-02 ( 60,  1)   vdiff=  9.1808E-03 ( 59, 15)
n=  1867   udiff=  1.1462E-02 ( 60,  1)   vdiff=  9.1223E-03 ( 59, 15)
n=  1868   udiff=  1.1403E-02 ( 60,  1)   vdiff=  9.0683E-03 ( 59, 16)
n=  1869   udiff=  1.1344E-02 ( 60,  1)   vdiff=  9.0101E-03 ( 59, 16)
n=  1870   udiff=  1.1285E-02 ( 60,  1)   vdiff=  8.9568E-03 ( 59, 16)
n=  1871   udiff=  1.1227E-02 ( 60,  1)   vdiff=  8.8968E-03 ( 59, 16)
n=  1872   udiff=  1.1169E-02 ( 60,  1)   vdiff=  8.8439E-03 ( 59, 16)
n=  1873   udiff=  1.1111E-02 ( 60,  1)   vdiff=  8.7907E-03 ( 59, 16)
n=  1874   udiff=  1.1054E-02 ( 60,  1)   vdiff=  8.7327E-03 ( 59, 16)
n=  1875   udiff=  1.0996E-02 ( 60,  1)   vdiff=  8.6837E-03 ( 59, 16)
n=  1876   udiff=  1.0939E-02 ( 60,  1)   vdiff=  8.6233E-03 ( 59, 16)
n=  1877   udiff=  1.0882E-02 ( 60,  1)   vdiff=  8.5705E-03 ( 59, 16)
n=  1878   udiff=  1.0825E-02 ( 60,  1)   vdiff=  8.5223E-03 ( 59, 16)
n=  1879   udiff=  1.0769E-02 ( 60,  1)   vdiff=  8.4694E-03 ( 59, 16)
n=  1880   udiff=  1.0713E-02 ( 60,  1)   vdiff=  8.4122E-03 ( 59, 16)
n=  1881   udiff=  1.0657E-02 ( 60,  1)   vdiff=  8.3586E-03 ( 59, 15)
n=  1882   udiff=  1.0601E-02 ( 60,  1)   vdiff=  8.3061E-03 ( 59, 16)
n=  1883   udiff=  1.0545E-02 ( 60,  1)   vdiff=  8.2509E-03 ( 59, 16)
n=  1884   udiff=  1.0490E-02 ( 60,  1)   vdiff=  8.2015E-03 ( 59, 15)
n=  1885   udiff=  1.0435E-02 ( 60,  1)   vdiff=  8.1494E-03 ( 59, 16)
n=  1886   udiff=  1.0380E-02 ( 60,  1)   vdiff=  8.0936E-03 ( 59, 16)
n=  1887   udiff=  1.0326E-02 ( 60,  1)   vdiff=  8.0455E-03 ( 59, 15)
n=  1888   udiff=  1.0271E-02 ( 60,  1)   vdiff=  7.9952E-03 ( 59, 15)
n=  1889   udiff=  1.0217E-02 ( 60,  1)   vdiff=  7.9443E-03 ( 59, 16)
n=  1890   udiff=  1.0163E-02 ( 60,  1)   vdiff=  7.8940E-03 ( 59, 16)
n=  1891   udiff=  1.0109E-02 ( 60,  1)   vdiff=  7.8449E-03 ( 59, 16)
n=  1892   udiff=  1.0056E-02 ( 60,  1)   vdiff=  7.7923E-03 ( 59, 16)
n=  1893   udiff=  1.0002E-02 ( 60,  1)   vdiff=  7.7427E-03 ( 59, 15)
n=  1894   udiff=  9.9492E-03 ( 60,  1)   vdiff=  7.6924E-03 ( 59, 15)
n=  1895   udiff=  9.8963E-03 ( 60,  1)   vdiff=  7.6408E-03 ( 59, 15)
n=  1896   udiff=  9.8436E-03 ( 60,  1)   vdiff=  7.5960E-03 ( 59, 15)
n=  1897   udiff=  9.7914E-03 ( 60,  1)   vdiff=  7.5479E-03 ( 59, 16)
n=  1898   udiff=  9.7388E-03 ( 60,  1)   vdiff=  7.4954E-03 ( 59, 15)
n=  1899   udiff=  9.6869E-03 ( 60,  1)   vdiff=  7.4467E-03 ( 59, 15)
n=  1900   udiff=  9.6352E-03 ( 60,  1)   vdiff=  7.3955E-03 ( 59, 15)
n=  1901   udiff=  9.5837E-03 ( 60,  1)   vdiff=  7.3490E-03 ( 59, 15)
n=  1902   udiff=  9.5321E-03 ( 60,  1)   vdiff=  7.3035E-03 ( 59, 15)
n=  1903   udiff=  9.4812E-03 ( 60,  1)   vdiff=  7.2579E-03 ( 59, 16)
n=  1904   udiff=  9.4301E-03 ( 60,  1)   vdiff=  7.2063E-03 ( 59, 16)
n=  1905   udiff=  9.3795E-03 ( 60,  1)   vdiff=  7.1601E-03 ( 59, 16)
n=  1906   udiff=  9.3290E-03 ( 60,  1)   vdiff=  7.1134E-03 ( 59, 16)
n=  1907   udiff=  9.2787E-03 ( 60,  1)   vdiff=  7.0650E-03 ( 59, 15)
n=  1908   udiff=  9.2284E-03 ( 60,  1)   vdiff=  7.0210E-03 ( 59, 15)
n=  1909   udiff=  9.1786E-03 ( 60,  1)   vdiff=  6.9733E-03 ( 59, 15)
n=  1910   udiff=  9.1290E-03 ( 60,  1)   vdiff=  6.9267E-03 ( 59, 15)
n=  1911   udiff=  9.0794E-03 ( 60,  1)   vdiff=  6.8823E-03 ( 59, 15)
n=  1912   udiff=  9.0304E-03 ( 60,  1)   vdiff=  6.8357E-03 ( 59, 16)
n=  1913   udiff=  8.9824E-03 ( 61,  1)   vdiff=  6.7888E-03 ( 59, 16)
n=  1914   udiff=  8.9346E-03 ( 61,  1)   vdiff=  6.7464E-03 ( 59, 15)
n=  1915   udiff=  8.8876E-03 ( 61,  1)   vdiff=  6.6973E-03 ( 59, 15)
n=  1916   udiff=  8.8403E-03 ( 61,  1)   vdiff=  6.6541E-03 ( 59, 15)
n=  1917   udiff=  8.7933E-03 ( 61,  1)   vdiff=  6.6086E-03 ( 59, 16)
n=  1918   udiff=  8.7468E-03 ( 61,  1)   vdiff=  6.5631E-03 ( 59, 16)
n=  1919   udiff=  8.7003E-03 ( 61,  1)   vdiff=  6.5196E-03 ( 59, 15)
n=  1920   udiff=  8.6539E-03 ( 61,  1)   vdiff=  6.4777E-03 ( 59, 15)
n=  1921   udiff=  8.6077E-03 ( 61,  1)   vdiff=  6.4326E-03 ( 59, 15)
n=  1922   udiff=  8.5618E-03 ( 61,  1)   vdiff=  6.3902E-03 ( 59, 15)
n=  1923   udiff=  8.5162E-03 ( 61,  1)   vdiff=  6.3480E-03 ( 59, 15)
n=  1924   udiff=  8.4707E-03 ( 61,  1)   vdiff=  6.3052E-03 ( 59, 15)
n=  1925   udiff=  8.4251E-03 ( 61,  1)   vdiff=  6.2633E-03 ( 59, 15)
n=  1926   udiff=  8.3801E-03 ( 61,  1)   vdiff=  6.2210E-03 ( 59, 15)
n=  1927   udiff=  8.3351E-03 ( 61,  1)   vdiff=  6.1744E-03 ( 59, 15)
n=  1928   udiff=  8.2905E-03 ( 61,  1)   vdiff=  6.1367E-03 ( 59, 15)
n=  1929   udiff=  8.2455E-03 ( 61,  1)   vdiff=  6.0922E-03 ( 59, 15)
n=  1930   udiff=  8.2013E-03 ( 61,  1)   vdiff=  6.0507E-03 ( 59, 15)
n=  1931   udiff=  8.1570E-03 ( 61,  1)   vdiff=  6.0061E-03 ( 59, 15)
n=  1932   udiff=  8.1129E-03 ( 61,  1)   vdiff=  5.9652E-03 ( 59, 15)
n=  1933   udiff=  8.0689E-03 ( 61,  1)   vdiff=  5.9264E-03 ( 59, 15)
n=  1934   udiff=  8.0256E-03 ( 61,  1)   vdiff=  5.8878E-03 ( 59, 15)
n=  1935   udiff=  7.9817E-03 ( 61,  1)   vdiff=  5.8441E-03 ( 59, 15)
n=  1936   udiff=  7.9387E-03 ( 61,  1)   vdiff=  5.8050E-03 ( 59, 16)
n=  1937   udiff=  7.8955E-03 ( 61,  1)   vdiff=  5.7644E-03 ( 59, 15)
n=  1938   udiff=  7.8525E-03 ( 61,  1)   vdiff=  5.7241E-03 ( 59, 15)
n=  1939   udiff=  7.8096E-03 ( 61,  1)   vdiff=  5.6844E-03 ( 59, 15)
n=  1940   udiff=  7.7669E-03 ( 61,  1)   vdiff=  5.6458E-03 ( 59, 15)
n=  1941   udiff=  7.7247E-03 ( 61,  1)   vdiff=  5.6047E-03 ( 59, 15)
n=  1942   udiff=  7.6825E-03 ( 61,  1)   vdiff=  5.5645E-03 ( 59, 15)
n=  1943   udiff=  7.6404E-03 ( 61,  1)   vdiff=  5.5216E-03 ( 59, 15)
n=  1944   udiff=  7.5983E-03 ( 61,  1)   vdiff=  5.4883E-03 ( 59, 15)
n=  1945   udiff=  7.5570E-03 ( 61,  1)   vdiff=  5.4498E-03 ( 59, 15)
n=  1946   udiff=  7.5155E-03 ( 61,  1)   vdiff=  5.4064E-03 ( 59, 15)
n=  1947   udiff=  7.4741E-03 ( 61,  1)   vdiff=  5.3727E-03 ( 59, 15)
n=  1948   udiff=  7.4327E-03 ( 61,  1)   vdiff=  5.3297E-03 ( 59, 15)
n=  1949   udiff=  7.3919E-03 ( 61,  1)   vdiff=  5.2947E-03 ( 59, 15)
n=  1950   udiff=  7.3510E-03 ( 61,  1)   vdiff=  5.2550E-03 ( 59, 15)
n=  1951   udiff=  7.3114E-03 ( 62,  1)   vdiff=  5.2177E-03 ( 59, 15)
n=  1952   udiff=  7.2722E-03 ( 62,  1)   vdiff=  5.1840E-03 ( 59, 15)
n=  1953   udiff=  7.2330E-03 ( 62,  1)   vdiff=  5.1468E-03 ( 59, 15)
n=  1954   udiff=  7.1940E-03 ( 62,  1)   vdiff=  5.1070E-03 ( 59, 15)
n=  1955   udiff=  7.1555E-03 ( 62,  1)   vdiff=  5.0737E-03 ( 59, 15)
n=  1956   udiff=  7.1168E-03 ( 62,  1)   vdiff=  5.0312E-03 ( 59, 15)
n=  1957   udiff=  7.0782E-03 ( 62,  1)   vdiff=  4.9957E-03 ( 59, 15)
n=  1958   udiff=  7.0401E-03 ( 62,  1)   vdiff=  4.9627E-03 ( 59, 15)
n=  1959   udiff=  7.0017E-03 ( 62,  1)   vdiff=  4.9254E-03 ( 59, 15)
n=  1960   udiff=  6.9636E-03 ( 62,  1)   vdiff=  4.8882E-03 ( 59, 15)
n=  1961   udiff=  6.9258E-03 ( 62,  1)   vdiff=  4.8503E-03 ( 59, 15)
n=  1962   udiff=  6.8883E-03 ( 62,  1)   vdiff=  4.8177E-03 ( 59, 15)
n=  1963   udiff=  6.8507E-03 ( 62,  1)   vdiff=  4.7848E-03 ( 59, 15)
n=  1964   udiff=  6.8134E-03 ( 62,  1)   vdiff=  4.7485E-03 ( 59, 15)
n=  1965   udiff=  6.7763E-03 ( 62,  1)   vdiff=  4.7109E-03 ( 59, 15)
n=  1966   udiff=  6.7392E-03 ( 62,  1)   vdiff=  4.6789E-03 ( 59, 15)
n=  1967   udiff=  6.7023E-03 ( 62,  1)   vdiff=  4.6454E-03 ( 59, 15)
n=  1968   udiff=  6.6657E-03 ( 62,  1)   vdiff=  4.6106E-03 ( 59, 15)
n=  1969   udiff=  6.6291E-03 ( 62,  1)   vdiff=  4.5706E-03 ( 59, 15)
n=  1970   udiff=  6.5929E-03 ( 62,  1)   vdiff=  4.5437E-03 ( 59, 15)
n=  1971   udiff=  6.5567E-03 ( 62,  1)   vdiff=  4.5021E-03 ( 59, 15)
n=  1972   udiff=  6.5203E-03 ( 62,  1)   vdiff=  4.4735E-03 ( 59, 15)
n=  1973   udiff=  6.4845E-03 ( 62,  1)   vdiff=  4.4409E-03 ( 59, 15)
n=  1974   udiff=  6.4485E-03 ( 62,  1)   vdiff=  4.4053E-03 ( 59, 15)
n=  1975   udiff=  6.4132E-03 ( 62,  1)   vdiff=  4.3715E-03 ( 59, 15)
n=  1976   udiff=  6.3775E-03 ( 62,  1)   vdiff=  4.3414E-03 ( 59, 15)
n=  1977   udiff=  6.3422E-03 ( 62,  1)   vdiff=  4.3073E-03 ( 59, 15)
n=  1978   udiff=  6.3073E-03 ( 62,  1)   vdiff=  4.2753E-03 ( 59, 15)
n=  1979   udiff=  6.2722E-03 ( 62,  1)   vdiff=  4.2423E-03 ( 59, 15)
n=  1980   udiff=  6.2372E-03 ( 62,  1)   vdiff=  4.2103E-03 ( 59, 15)
n=  1981   udiff=  6.2024E-03 ( 62,  1)   vdiff=  4.1738E-03 ( 59, 15)
n=  1982   udiff=  6.1687E-03 ( 63,  1)   vdiff=  4.1451E-03 ( 59, 15)
n=  1983   udiff=  6.1357E-03 ( 63,  1)   vdiff=  4.1157E-03 ( 59, 15)
n=  1984   udiff=  6.1022E-03 ( 63,  1)   vdiff=  4.0842E-03 ( 59, 15)
n=  1985   udiff=  6.0692E-03 ( 63,  1)   vdiff=  4.0498E-03 ( 59, 15)
n=  1986   udiff=  6.0360E-03 ( 63,  1)   vdiff=  4.0169E-03 ( 59, 15)
n=  1987   udiff=  6.0034E-03 ( 63,  1)   vdiff=  3.9917E-03 ( 59, 15)
n=  1988   udiff=  5.9705E-03 ( 63,  1)   vdiff=  3.9588E-03 ( 59, 15)
n=  1989   udiff=  5.9380E-03 ( 63,  1)   vdiff=  3.9296E-03 ( 59, 15)
n=  1990   udiff=  5.9056E-03 ( 63,  1)   vdiff=  3.8972E-03 ( 59, 15)
n=  1991   udiff=  5.8734E-03 ( 63,  1)   vdiff=  3.8631E-03 ( 59, 15)
n=  1992   udiff=  5.8412E-03 ( 63,  1)   vdiff=  3.8317E-03 ( 59, 15)
n=  1993   udiff=  5.8094E-03 ( 63,  1)   vdiff=  3.8058E-03 ( 59, 15)
n=  1994   udiff=  5.7774E-03 ( 63,  1)   vdiff=  3.7743E-03 ( 59, 15)
n=  1995   udiff=  5.7458E-03 ( 63,  1)   vdiff=  3.7461E-03 ( 59, 15)
n=  1996   udiff=  5.7141E-03 ( 63,  1)   vdiff=  3.7145E-03 ( 59, 15)
n=  1997   udiff=  5.6827E-03 ( 63,  1)   vdiff=  3.6866E-03 ( 59, 15)
n=  1998   udiff=  5.6516E-03 ( 63,  1)   vdiff=  3.6554E-03 ( 59, 15)
n=  1999   udiff=  5.6201E-03 ( 63,  1)   vdiff=  3.6293E-03 ( 59, 15)
n=  2000   udiff=  5.5891E-03 ( 63,  1)   vdiff=  3.5995E-03 ( 59, 15)
n=  2001   udiff=  5.5584E-03 ( 63,  1)   vdiff=  3.5669E-03 ( 59, 15)
n=  2002   udiff=  5.5274E-03 ( 63,  1)   vdiff=  3.5423E-03 ( 59, 15)
n=  2003   udiff=  5.4967E-03 ( 63,  1)   vdiff=  3.5117E-03 ( 59, 15)
n=  2004   udiff=  5.4662E-03 ( 63,  1)   vdiff=  3.4814E-03 ( 59, 15)
n=  2005   udiff=  5.4360E-03 ( 63,  1)   vdiff=  3.4577E-03 ( 59, 15)
n=  2006   udiff=  5.4056E-03 ( 63,  1)   vdiff=  3.4286E-03 ( 59, 15)
n=  2007   udiff=  5.3760E-03 ( 64,  1)   vdiff=  3.3989E-03 ( 59, 15)
n=  2008   udiff=  5.3470E-03 ( 64,  1)   vdiff=  3.3711E-03 ( 59, 15)
n=  2009   udiff=  5.3180E-03 ( 64,  1)   vdiff=  3.3459E-03 ( 59, 15)
n=  2010   udiff=  5.2893E-03 ( 64,  1)   vdiff=  3.3185E-03 ( 59, 15)
n=  2011   udiff=  5.2606E-03 ( 64,  1)   vdiff=  3.2878E-03 ( 59, 15)
n=  2012   udiff=  5.2320E-03 ( 64,  1)   vdiff=  3.2627E-03 ( 59, 15)
n=  2013   udiff=  5.2034E-03 ( 64,  1)   vdiff=  3.2337E-03 ( 59, 15)
n=  2014   udiff=  5.1752E-03 ( 64,  1)   vdiff=  3.2095E-03 ( 59, 15)
n=  2015   udiff=  5.1469E-03 ( 64,  1)   vdiff=  3.1811E-03 ( 59, 15)
n=  2016   udiff=  5.1189E-03 ( 64,  1)   vdiff=  3.1520E-03 ( 59, 15)
n=  2017   udiff=  5.0908E-03 ( 64,  1)   vdiff=  3.1305E-03 ( 59, 15)
n=  2018   udiff=  5.0632E-03 ( 64,  1)   vdiff=  3.1023E-03 ( 59, 15)
n=  2019   udiff=  5.0352E-03 ( 64,  1)   vdiff=  3.0756E-03 ( 59, 15)
n=  2020   udiff=  5.0073E-03 ( 64,  1)   vdiff=  3.0489E-03 ( 59, 15)
n=  2021   udiff=  4.9800E-03 ( 64,  1)   vdiff=  3.0241E-03 ( 59, 15)
n=  2022   udiff=  4.9526E-03 ( 64,  1)   vdiff=  3.0032E-03 ( 59, 15)
n=  2023   udiff=  4.9255E-03 ( 64,  1)   vdiff=  2.9722E-03 ( 59, 15)
n=  2024   udiff=  4.8982E-03 ( 64,  1)   vdiff=  2.9453E-03 ( 59, 15)
n=  2025   udiff=  4.8714E-03 ( 64,  1)   vdiff=  2.9233E-03 ( 59, 15)
n=  2026   udiff=  4.8443E-03 ( 64,  1)   vdiff=  2.9002E-03 ( 59, 15)
n=  2027   udiff=  4.8176E-03 ( 64,  1)   vdiff=  2.8702E-03 ( 59, 15)
n=  2028   udiff=  4.7914E-03 ( 65,  1)   vdiff=  2.8484E-03 ( 59, 15)
n=  2029   udiff=  4.7655E-03 ( 65,  1)   vdiff=  2.8224E-03 ( 59, 15)
n=  2030   udiff=  4.7400E-03 ( 65,  1)   vdiff=  2.7996E-03 ( 59, 15)
n=  2031   udiff=  4.7146E-03 ( 65,  1)   vdiff=  2.7723E-03 ( 59, 15)
n=  2032   udiff=  4.6891E-03 ( 65,  1)   vdiff=  2.7470E-03 ( 59, 15)
n=  2033   udiff=  4.6637E-03 ( 65,  1)   vdiff=  2.7244E-03 ( 59, 15)
n=  2034   udiff=  4.6386E-03 ( 65,  1)   vdiff=  2.7038E-03 ( 59, 15)
n=  2035   udiff=  4.6136E-03 ( 65,  1)   vdiff=  2.6763E-03 ( 59, 15)
n=  2036   udiff=  4.5886E-03 ( 65,  1)   vdiff=  2.6520E-03 ( 59, 15)
n=  2037   udiff=  4.5635E-03 ( 65,  1)   vdiff=  2.6323E-03 ( 59, 15)
n=  2038   udiff=  4.5387E-03 ( 65,  1)   vdiff=  2.6094E-03 ( 59, 15)
n=  2039   udiff=  4.5141E-03 ( 65,  1)   vdiff=  2.5837E-03 ( 59, 15)
n=  2040   udiff=  4.4895E-03 ( 65,  1)   vdiff=  2.5635E-03 ( 59, 15)
n=  2041   udiff=  4.4649E-03 ( 65,  1)   vdiff=  2.5375E-03 ( 59, 15)
n=  2042   udiff=  4.4406E-03 ( 65,  1)   vdiff=  2.5129E-03 ( 59, 15)
n=  2043   udiff=  4.4164E-03 ( 65,  1)   vdiff=  2.4932E-03 ( 59, 15)
n=  2044   udiff=  4.3922E-03 ( 65,  1)   vdiff=  2.4690E-03 ( 59, 15)
n=  2045   udiff=  4.3688E-03 ( 66,  1)   vdiff=  2.4475E-03 ( 59, 15)
n=  2046   udiff=  4.3453E-03 ( 66,  1)   vdiff=  2.4196E-03 ( 59, 15)
n=  2047   udiff=  4.3219E-03 ( 66,  1)   vdiff=  2.4016E-03 ( 59, 15)
n=  2048   udiff=  4.2989E-03 ( 66,  1)   vdiff=  2.3833E-03 ( 59, 15)
n=  2049   udiff=  4.2760E-03 ( 66,  1)   vdiff=  2.3588E-03 ( 59, 15)
n=  2050   udiff=  4.2532E-03 ( 66,  1)   vdiff=  2.3343E-03 ( 59, 15)
n=  2051   udiff=  4.2307E-03 ( 66,  1)   vdiff=  2.3133E-03 ( 59, 15)
n=  2052   udiff=  4.2079E-03 ( 66,  1)   vdiff=  2.2903E-03 ( 59, 15)
n=  2053   udiff=  4.1853E-03 ( 66,  1)   vdiff=  2.2730E-03 ( 59, 15)
n=  2054   udiff=  4.1631E-03 ( 66,  1)   vdiff=  2.2513E-03 ( 59, 15)
n=  2055   udiff=  4.1406E-03 ( 66,  1)   vdiff=  2.2302E-03 ( 59, 15)
n=  2056   udiff=  4.1182E-03 ( 66,  1)   vdiff=  2.2035E-03 ( 59, 15)
n=  2057   udiff=  4.0961E-03 ( 66,  1)   vdiff=  2.1846E-03 ( 59, 15)
n=  2058   udiff=  4.0739E-03 ( 66,  1)   vdiff=  2.1682E-03 ( 59, 15)
n=  2059   udiff=  4.0522E-03 ( 67,  1)   vdiff=  2.1435E-03 ( 59, 15)
n=  2060   udiff=  4.0308E-03 ( 67,  1)   vdiff=  2.1225E-03 ( 59, 15)
n=  2061   udiff=  4.0097E-03 ( 67,  1)   vdiff=  2.1070E-03 ( 59, 15)
n=  2062   udiff=  3.9885E-03 ( 67,  1)   vdiff=  2.0820E-03 ( 59, 15)
n=  2063   udiff=  3.9679E-03 ( 67,  1)   vdiff=  2.0626E-03 ( 59, 15)
n=  2064   udiff=  3.9466E-03 ( 67,  1)   vdiff=  2.0438E-03 ( 59, 15)
n=  2065   udiff=  3.9259E-03 ( 67,  1)   vdiff=  2.0254E-03 ( 59, 15)
n=  2066   udiff=  3.9051E-03 ( 67,  1)   vdiff=  2.0059E-03 ( 59, 15)
n=  2067   udiff=  3.8845E-03 ( 67,  1)   vdiff=  1.9853E-03 ( 59, 15)
n=  2068   udiff=  3.8641E-03 ( 67,  1)   vdiff=  1.9659E-03 ( 59, 15)
n=  2069   udiff=  3.8435E-03 ( 67,  1)   vdiff=  1.9460E-03 ( 59, 15)
n=  2070   udiff=  3.8233E-03 ( 67,  1)   vdiff=  1.9229E-03 ( 59, 15)
n=  2071   udiff=  3.8030E-03 ( 67,  1)   vdiff=  1.9048E-03 ( 59, 15)
n=  2072   udiff=  3.7833E-03 ( 68,  1)   vdiff=  1.8867E-03 ( 59, 15)
n=  2073   udiff=  3.7636E-03 ( 68,  1)   vdiff=  1.8649E-03 ( 59, 15)
n=  2074   udiff=  3.7443E-03 ( 68,  1)   vdiff=  1.8488E-03 ( 59, 15)
n=  2075   udiff=  3.7249E-03 ( 68,  1)   vdiff=  1.8292E-03 ( 59, 15)
n=  2076   udiff=  3.7054E-03 ( 68,  1)   vdiff=  1.8094E-03 ( 59, 15)
n=  2077   udiff=  3.6864E-03 ( 68,  1)   vdiff=  1.7927E-03 ( 59, 15)
n=  2078   udiff=  3.6673E-03 ( 68,  1)   vdiff=  1.7760E-03 ( 59, 15)
n=  2079   udiff=  3.6480E-03 ( 68,  1)   vdiff=  1.7553E-03 ( 59, 15)
n=  2080   udiff=  3.6291E-03 ( 68,  1)   vdiff=  1.7344E-03 ( 59, 15)
n=  2081   udiff=  3.6105E-03 ( 68,  1)   vdiff=  1.7183E-03 ( 59, 15)
n=  2082   udiff=  3.5915E-03 ( 69,  1)   vdiff=  1.7033E-03 ( 59, 15)
n=  2083   udiff=  3.5733E-03 ( 69,  1)   vdiff=  1.6840E-03 ( 59, 15)
n=  2084   udiff=  3.5553E-03 ( 69,  1)   vdiff=  1.6673E-03 ( 59, 15)
n=  2085   udiff=  3.5370E-03 ( 69,  1)   vdiff=  1.6487E-03 ( 59, 15)
n=  2086   udiff=  3.5191E-03 ( 69,  1)   vdiff=  1.6285E-03 ( 59, 15)
n=  2087   udiff=  3.5012E-03 ( 69,  1)   vdiff=  1.6141E-03 ( 59, 15)
n=  2088   udiff=  3.4834E-03 ( 69,  1)   vdiff=  1.5980E-03 ( 59, 15)
n=  2089   udiff=  3.4655E-03 ( 69,  1)   vdiff=  1.5772E-03 ( 59, 15)
n=  2090   udiff=  3.4478E-03 ( 69,  1)   vdiff=  1.5576E-03 ( 59, 15)
n=  2091   udiff=  3.4301E-03 ( 70,  1)   vdiff=  1.5494E-03 ( 49, 12)
n=  2092   udiff=  3.4131E-03 ( 70,  1)   vdiff=  1.5400E-03 ( 49, 12)
n=  2093   udiff=  3.3959E-03 ( 70,  1)   vdiff=  1.5328E-03 ( 49, 12)
n=  2094   udiff=  3.3792E-03 ( 70,  1)   vdiff=  1.5260E-03 ( 49, 12)
n=  2095   udiff=  3.3621E-03 ( 70,  1)   vdiff=  1.5188E-03 ( 49, 12)
n=  2096   udiff=  3.3452E-03 ( 70,  1)   vdiff=  1.5114E-03 ( 49, 12)
n=  2097   udiff=  3.3286E-03 ( 70,  1)   vdiff=  1.5031E-03 ( 49, 12)
n=  2098   udiff=  3.3118E-03 ( 70,  1)   vdiff=  1.4941E-03 ( 49, 12)
n=  2099   udiff=  3.2952E-03 ( 70,  1)   vdiff=  1.4872E-03 ( 49, 12)
n=  2100   udiff=  3.2789E-03 ( 71,  1)   vdiff=  1.4792E-03 ( 49, 12)
n=  2101   udiff=  3.2629E-03 ( 71,  1)   vdiff=  1.4745E-03 ( 49, 12)
n=  2102   udiff=  3.2468E-03 ( 71,  1)   vdiff=  1.4658E-03 ( 49, 12)
n=  2103   udiff=  3.2308E-03 ( 71,  1)   vdiff=  1.4581E-03 ( 49, 12)
n=  2104   udiff=  3.2149E-03 ( 71,  1)   vdiff=  1.4522E-03 ( 49, 12)
n=  2105   udiff=  3.1991E-03 ( 71,  1)   vdiff=  1.4451E-03 ( 49, 13)
n=  2106   udiff=  3.1833E-03 ( 71,  1)   vdiff=  1.4378E-03 ( 49, 12)
n=  2107   udiff=  3.1677E-03 ( 71,  1)   vdiff=  1.4313E-03 ( 49, 12)
n=  2108   udiff=  3.1523E-03 ( 72,  1)   vdiff=  1.4241E-03 ( 49, 12)
n=  2109   udiff=  3.1371E-03 ( 72,  1)   vdiff=  1.4159E-03 ( 49, 12)
n=  2110   udiff=  3.1219E-03 ( 72,  1)   vdiff=  1.4101E-03 ( 49, 13)
n=  2111   udiff=  3.1067E-03 ( 72,  1)   vdiff=  1.4010E-03 ( 49, 13)
n=  2112   udiff=  3.0918E-03 ( 72,  1)   vdiff=  1.3954E-03 ( 49, 13)
n=  2113   udiff=  3.0768E-03 ( 72,  1)   vdiff=  1.3906E-03 ( 49, 13)
n=  2114   udiff=  3.0620E-03 ( 72,  1)   vdiff=  1.3820E-03 ( 49, 13)
n=  2115   udiff=  3.0472E-03 ( 73,  1)   vdiff=  1.3765E-03 ( 49, 13)
n=  2116   udiff=  3.0327E-03 ( 73,  1)   vdiff=  1.3669E-03 ( 49, 13)
n=  2117   udiff=  3.0182E-03 ( 73,  1)   vdiff=  1.3629E-03 ( 49, 13)
n=  2118   udiff=  3.0040E-03 ( 73,  1)   vdiff=  1.3553E-03 ( 49, 13)
n=  2119   udiff=  2.9897E-03 ( 73,  1)   vdiff=  1.3461E-03 ( 49, 13)
n=  2120   udiff=  2.9755E-03 ( 73,  1)   vdiff=  1.3415E-03 ( 49, 13)
n=  2121   udiff=  2.9612E-03 ( 73,  1)   vdiff=  1.3344E-03 ( 49, 13)
n=  2122   udiff=  2.9471E-03 ( 73,  1)   vdiff=  1.3282E-03 ( 49, 13)
n=  2123   udiff=  2.9332E-03 ( 74,  1)   vdiff=  1.3231E-03 ( 49, 13)
n=  2124   udiff=  2.9195E-03 ( 74,  1)   vdiff=  1.3144E-03 ( 49, 13)
n=  2125   udiff=  2.9059E-03 ( 74,  1)   vdiff=  1.3090E-03 ( 49, 13)
n=  2126   udiff=  2.8922E-03 ( 74,  1)   vdiff=  1.3021E-03 ( 49, 13)
n=  2127   udiff=  2.8786E-03 ( 74,  1)   vdiff=  1.2981E-03 ( 49, 13)
n=  2128   udiff=  2.8653E-03 ( 74,  1)   vdiff=  1.2895E-03 ( 49, 13)
n=  2129   udiff=  2.8518E-03 ( 74,  1)   vdiff=  1.2835E-03 ( 49, 13)
n=  2130   udiff=  2.8384E-03 ( 74,  1)   vdiff=  1.2785E-03 ( 49, 13)
n=  2131   udiff=  2.8252E-03 ( 75,  1)   vdiff=  1.2697E-03 ( 49, 13)
n=  2132   udiff=  2.8123E-03 ( 75,  1)   vdiff=  1.2630E-03 ( 49, 13)
n=  2133   udiff=  2.7993E-03 ( 75,  1)   vdiff=  1.2589E-03 ( 49, 13)
n=  2134   udiff=  2.7863E-03 ( 75,  1)   vdiff=  1.2527E-03 ( 49, 13)
n=  2135   udiff=  2.7735E-03 ( 75,  1)   vdiff=  1.2469E-03 ( 49, 13)
n=  2136   udiff=  2.7607E-03 ( 75,  1)   vdiff=  1.2392E-03 ( 50, 12)
n=  2137   udiff=  2.7479E-03 ( 75,  1)   vdiff=  1.2324E-03 ( 49, 13)
n=  2138   udiff=  2.7351E-03 ( 75,  1)   vdiff=  1.2270E-03 ( 49, 13)
n=  2139   udiff=  2.7226E-03 ( 76,  1)   vdiff=  1.2210E-03 ( 49, 13)
n=  2140   udiff=  2.7102E-03 ( 76,  1)   vdiff=  1.2157E-03 ( 50, 12)
n=  2141   udiff=  2.6979E-03 ( 76,  1)   vdiff=  1.2101E-03 ( 50, 12)
n=  2142   udiff=  2.6857E-03 ( 76,  1)   vdiff=  1.2023E-03 ( 50, 12)
n=  2143   udiff=  2.6733E-03 ( 76,  1)   vdiff=  1.1992E-03 ( 50, 12)
n=  2144   udiff=  2.6612E-03 ( 76,  1)   vdiff=  1.1938E-03 ( 50, 12)
n=  2145   udiff=  2.6491E-03 ( 76,  1)   vdiff=  1.1879E-03 ( 50, 12)
n=  2146   udiff=  2.6369E-03 ( 76,  1)   vdiff=  1.1820E-03 ( 50, 12)
n=  2147   udiff=  2.6250E-03 ( 77,  1)   vdiff=  1.1744E-03 ( 50, 12)
n=  2148   udiff=  2.6131E-03 ( 77,  1)   vdiff=  1.1721E-03 ( 50, 12)
n=  2149   udiff=  2.6014E-03 ( 77,  1)   vdiff=  1.1647E-03 ( 50, 13)
n=  2150   udiff=  2.5897E-03 ( 77,  1)   vdiff=  1.1603E-03 ( 50, 12)
n=  2151   udiff=  2.5780E-03 ( 77,  1)   vdiff=  1.1545E-03 ( 50, 12)
n=  2152   udiff=  2.5664E-03 ( 77,  1)   vdiff=  1.1506E-03 ( 50, 12)
n=  2153   udiff=  2.5549E-03 ( 77,  1)   vdiff=  1.1434E-03 ( 50, 12)
n=  2154   udiff=  2.5433E-03 ( 77,  1)   vdiff=  1.1396E-03 ( 50, 12)
n=  2155   udiff=  2.5318E-03 ( 77,  1)   vdiff=  1.1340E-03 ( 50, 13)
n=  2156   udiff=  2.5205E-03 ( 78,  1)   vdiff=  1.1291E-03 ( 50, 12)
n=  2157   udiff=  2.5092E-03 ( 78,  1)   vdiff=  1.1241E-03 ( 50, 12)
n=  2158   udiff=  2.4981E-03 ( 78,  1)   vdiff=  1.1184E-03 ( 50, 13)
n=  2159   udiff=  2.4870E-03 ( 78,  1)   vdiff=  1.1141E-03 ( 50, 13)
n=  2160   udiff=  2.4759E-03 ( 78,  1)   vdiff=  1.1079E-03 ( 50, 13)
n=  2161   udiff=  2.4649E-03 ( 78,  1)   vdiff=  1.1026E-03 ( 50, 13)
n=  2162   udiff=  2.4538E-03 ( 78,  1)   vdiff=  1.0975E-03 ( 50, 13)
n=  2163   udiff=  2.4429E-03 ( 78,  1)   vdiff=  1.0915E-03 ( 50, 13)
n=  2164   udiff=  2.4320E-03 ( 78,  1)   vdiff=  1.0906E-03 ( 50, 13)
n=  2165   udiff=  2.4211E-03 ( 78,  1)   vdiff=  1.0844E-03 ( 50, 13)
n=  2166   udiff=  2.4105E-03 ( 79,  1)   vdiff=  1.0800E-03 ( 50, 13)
n=  2167   udiff=  2.3998E-03 ( 79,  1)   vdiff=  1.0727E-03 ( 50, 13)
n=  2168   udiff=  2.3893E-03 ( 79,  1)   vdiff=  1.0686E-03 ( 50, 13)
n=  2169   udiff=  2.3788E-03 ( 79,  1)   vdiff=  1.0658E-03 ( 50, 13)
n=  2170   udiff=  2.3683E-03 ( 79,  1)   vdiff=  1.0592E-03 ( 50, 13)
n=  2171   udiff=  2.3578E-03 ( 79,  1)   vdiff=  1.0534E-03 ( 50, 13)
n=  2172   udiff=  2.3473E-03 ( 79,  1)   vdiff=  1.0496E-03 ( 50, 13)
n=  2173   udiff=  2.3370E-03 ( 79,  1)   vdiff=  1.0460E-03 ( 50, 13)
n=  2174   udiff=  2.3266E-03 ( 79,  1)   vdiff=  1.0410E-03 ( 50, 13)
n=  2175   udiff=  2.3163E-03 ( 80,  1)   vdiff=  1.0358E-03 ( 50, 13)
n=  2176   udiff=  2.3062E-03 ( 80,  1)   vdiff=  1.0304E-03 ( 50, 13)
n=  2177   udiff=  2.2961E-03 ( 80,  1)   vdiff=  1.0248E-03 ( 50, 13)
n=  2178   udiff=  2.2861E-03 ( 80,  1)   vdiff=  1.0220E-03 ( 50, 13)
n=  2179   udiff=  2.2761E-03 ( 80,  1)   vdiff=  1.0174E-03 ( 50, 13)
n=  2180   udiff=  2.2662E-03 ( 80,  1)   vdiff=  1.0131E-03 ( 50, 13)
n=  2181   udiff=  2.2562E-03 ( 80,  1)   vdiff=  1.0088E-03 ( 50, 13)
n=  2182   udiff=  2.2463E-03 ( 80,  1)   vdiff=  1.0021E-03 ( 50, 13)
n=  2183   udiff=  2.2365E-03 ( 80,  1)   vdiff=  9.9716E-04 ( 50, 13)
n=  2184   udiff=  2.2267E-03 ( 80,  1)   vdiff=  9.9516E-04 ( 50, 13)
n=  2185   udiff=  2.2169E-03 ( 80,  1)   vdiff=  9.8921E-04 ( 51, 12)
n=  2186   udiff=  2.2072E-03 ( 81,  1)   vdiff=  9.8323E-04 ( 50, 13)
n=  2187   udiff=  2.1977E-03 ( 81,  1)   vdiff=  9.7964E-04 ( 51, 12)
n=  2188   udiff=  2.1882E-03 ( 81,  1)   vdiff=  9.7566E-04 ( 51, 12)
n=  2189   udiff=  2.1786E-03 ( 81,  1)   vdiff=  9.7219E-04 ( 50, 13)
n=  2190   udiff=  2.1693E-03 ( 81,  1)   vdiff=  9.6731E-04 ( 51, 13)
n=  2191   udiff=  2.1599E-03 ( 81,  1)   vdiff=  9.6509E-04 ( 51, 13)
n=  2192   udiff=  2.1504E-03 ( 81,  1)   vdiff=  9.6047E-04 ( 51, 12)
n=  2193   udiff=  2.1410E-03 ( 81,  1)   vdiff=  9.5630E-04 ( 51, 13)
n=  2194   udiff=  2.1317E-03 ( 81,  1)   vdiff=  9.5263E-04 ( 51, 13)
n=  2195   udiff=  2.1225E-03 ( 81,  1)   vdiff=  9.4787E-04 ( 51, 13)
n=  2196   udiff=  2.1132E-03 ( 81,  1)   vdiff=  9.4450E-04 ( 51, 12)
n=  2197   udiff=  2.1040E-03 ( 82,  1)   vdiff=  9.4007E-04 ( 51, 13)
n=  2198   udiff=  2.0950E-03 ( 82,  1)   vdiff=  9.3769E-04 ( 51, 13)
n=  2199   udiff=  2.0860E-03 ( 82,  1)   vdiff=  9.3204E-04 ( 51, 13)
n=  2200   udiff=  2.0770E-03 ( 82,  1)   vdiff=  9.3034E-04 ( 51, 13)
n=  2201   udiff=  2.0681E-03 ( 82,  1)   vdiff=  9.2711E-04 ( 51, 13)
n=  2202   udiff=  2.0592E-03 ( 82,  1)   vdiff=  9.2421E-04 ( 51, 13)
n=  2203   udiff=  2.0503E-03 ( 82,  1)   vdiff=  9.1961E-04 ( 51, 13)
n=  2204   udiff=  2.0414E-03 ( 82,  1)   vdiff=  9.1535E-04 ( 51, 13)
n=  2205   udiff=  2.0326E-03 ( 82,  1)   vdiff=  9.1011E-04 ( 51, 13)
n=  2206   udiff=  2.0237E-03 ( 82,  1)   vdiff=  9.0977E-04 ( 51, 13)
n=  2207   udiff=  2.0150E-03 ( 82,  1)   vdiff=  9.0482E-04 ( 51, 13)
n=  2208   udiff=  2.0063E-03 ( 83,  1)   vdiff=  9.0216E-04 ( 51, 13)
n=  2209   udiff=  1.9977E-03 ( 83,  1)   vdiff=  8.9883E-04 ( 51, 13)
n=  2210   udiff=  1.9892E-03 ( 83,  1)   vdiff=  8.9235E-04 ( 51, 13)
n=  2211   udiff=  1.9807E-03 ( 83,  1)   vdiff=  8.8990E-04 ( 51, 13)
n=  2212   udiff=  1.9722E-03 ( 83,  1)   vdiff=  8.8873E-04 ( 51, 13)
n=  2213   udiff=  1.9637E-03 ( 83,  1)   vdiff=  8.8335E-04 ( 51, 13)
n=  2214   udiff=  1.9553E-03 ( 83,  1)   vdiff=  8.7949E-04 ( 51, 13)
n=  2215   udiff=  1.9469E-03 ( 83,  1)   vdiff=  8.7683E-04 ( 51, 13)
n=  2216   udiff=  1.9385E-03 ( 83,  1)   vdiff=  8.7201E-04 ( 51, 13)
n=  2217   udiff=  1.9302E-03 ( 83,  1)   vdiff=  8.6875E-04 ( 51, 13)
n=  2218   udiff=  1.9219E-03 ( 83,  1)   vdiff=  8.6643E-04 ( 51, 13)
n=  2219   udiff=  1.9136E-03 ( 83,  1)   vdiff=  8.6166E-04 ( 51, 13)
n=  2220   udiff=  1.9053E-03 ( 84,  1)   vdiff=  8.5822E-04 ( 51, 13)
n=  2221   udiff=  1.8973E-03 ( 84,  1)   vdiff=  8.5479E-04 ( 51, 13)
n=  2222   udiff=  1.8892E-03 ( 84,  1)   vdiff=  8.5038E-04 ( 51, 13)
n=  2223   udiff=  1.8812E-03 ( 84,  1)   vdiff=  8.4841E-04 ( 51, 13)
n=  2224   udiff=  1.8732E-03 ( 84,  1)   vdiff=  8.4421E-04 ( 51, 13)
n=  2225   udiff=  1.8652E-03 ( 84,  1)   vdiff=  8.4201E-04 ( 51, 13)
n=  2226   udiff=  1.8572E-03 ( 84,  1)   vdiff=  8.3786E-04 ( 51, 13)
n=  2227   udiff=  1.8493E-03 ( 84,  1)   vdiff=  8.3375E-04 ( 51, 13)
n=  2228   udiff=  1.8414E-03 ( 84,  1)   vdiff=  8.3190E-04 ( 52, 13)
n=  2229   udiff=  1.8335E-03 ( 84,  1)   vdiff=  8.2779E-04 ( 52, 13)
n=  2230   udiff=  1.8256E-03 ( 84,  1)   vdiff=  8.2693E-04 ( 52, 13)
n=  2231   udiff=  1.8178E-03 ( 84,  1)   vdiff=  8.2218E-04 ( 52, 13)
n=  2232   udiff=  1.8100E-03 ( 85,  1)   vdiff=  8.2091E-04 ( 52, 13)
n=  2233   udiff=  1.8024E-03 ( 85,  1)   vdiff=  8.1781E-04 ( 52, 13)
n=  2234   udiff=  1.7947E-03 ( 85,  1)   vdiff=  8.1608E-04 ( 52, 13)
n=  2235   udiff=  1.7871E-03 ( 85,  1)   vdiff=  8.1030E-04 ( 52, 13)
n=  2236   udiff=  1.7796E-03 ( 85,  1)   vdiff=  8.0988E-04 ( 52, 13)
n=  2237   udiff=  1.7720E-03 ( 85,  1)   vdiff=  8.0765E-04 ( 52, 13)
n=  2238   udiff=  1.7645E-03 ( 85,  1)   vdiff=  8.0450E-04 ( 52, 13)
n=  2239   udiff=  1.7570E-03 ( 85,  1)   vdiff=  8.0168E-04 ( 52, 13)
n=  2240   udiff=  1.7495E-03 ( 85,  1)   vdiff=  7.9887E-04 ( 52, 13)
n=  2241   udiff=  1.7421E-03 ( 85,  1)   vdiff=  7.9727E-04 ( 52, 13)
n=  2242   udiff=  1.7346E-03 ( 85,  1)   vdiff=  7.9252E-04 ( 52, 13)
n=  2243   udiff=  1.7272E-03 ( 85,  1)   vdiff=  7.9287E-04 ( 52, 13)
n=  2244   udiff=  1.7198E-03 ( 85,  1)   vdiff=  7.8796E-04 ( 52, 13)
n=  2245   udiff=  1.7125E-03 ( 86,  1)   vdiff=  7.8713E-04 ( 52, 13)
n=  2246   udiff=  1.7053E-03 ( 86,  1)   vdiff=  7.8251E-04 ( 52, 14)
n=  2247   udiff=  1.6981E-03 ( 86,  1)   vdiff=  7.8010E-04 ( 52, 13)
n=  2248   udiff=  1.6910E-03 ( 86,  1)   vdiff=  7.7778E-04 ( 52, 13)
n=  2249   udiff=  1.6838E-03 ( 86,  1)   vdiff=  7.7587E-04 ( 52, 13)
n=  2250   udiff=  1.6767E-03 ( 86,  1)   vdiff=  7.7430E-04 ( 52, 13)
n=  2251   udiff=  1.6696E-03 ( 86,  1)   vdiff=  7.7150E-04 ( 52, 13)
n=  2252   udiff=  1.6626E-03 ( 86,  1)   vdiff=  7.6780E-04 ( 52, 13)
n=  2253   udiff=  1.6555E-03 ( 86,  1)   vdiff=  7.6428E-04 ( 52, 13)
n=  2254   udiff=  1.6484E-03 ( 86,  1)   vdiff=  7.6333E-04 ( 52, 13)
n=  2255   udiff=  1.6415E-03 ( 86,  1)   vdiff=  7.6000E-04 ( 52, 13)
n=  2256   udiff=  1.6345E-03 ( 86,  1)   vdiff=  7.5516E-04 ( 53, 13)
n=  2257   udiff=  1.6275E-03 ( 86,  1)   vdiff=  7.5506E-04 ( 52, 14)
n=  2258   udiff=  1.6206E-03 ( 87,  1)   vdiff=  7.5415E-04 ( 52, 13)
n=  2259   udiff=  1.6138E-03 ( 87,  1)   vdiff=  7.5200E-04 ( 52, 14)
n=  2260   udiff=  1.6071E-03 ( 87,  1)   vdiff=  7.4679E-04 ( 52, 13)
n=  2261   udiff=  1.6003E-03 ( 87,  1)   vdiff=  7.4549E-04 ( 52, 14)
n=  2262   udiff=  1.5936E-03 ( 87,  1)   vdiff=  7.4273E-04 ( 52, 13)
n=  2263   udiff=  1.5869E-03 ( 87,  1)   vdiff=  7.4078E-04 ( 52, 14)
n=  2264   udiff=  1.5802E-03 ( 87,  1)   vdiff=  7.3953E-04 ( 52, 13)
n=  2265   udiff=  1.5735E-03 ( 87,  1)   vdiff=  7.3786E-04 ( 52, 14)
n=  2266   udiff=  1.5669E-03 ( 87,  1)   vdiff=  7.3534E-04 ( 53, 13)
n=  2267   udiff=  1.5602E-03 ( 87,  1)   vdiff=  7.3105E-04 ( 52, 14)
n=  2268   udiff=  1.5536E-03 ( 87,  1)   vdiff=  7.3038E-04 ( 53, 13)
n=  2269   udiff=  1.5470E-03 ( 87,  1)   vdiff=  7.3049E-04 ( 53, 13)
n=  2270   udiff=  1.5404E-03 ( 87,  1)   vdiff=  7.2908E-04 ( 53, 13)
n=  2271   udiff=  1.5339E-03 ( 88,  1)   vdiff=  7.2458E-04 ( 52, 14)
n=  2272   udiff=  1.5275E-03 ( 88,  1)   vdiff=  7.2103E-04 ( 53, 13)
n=  2273   udiff=  1.5212E-03 ( 88,  1)   vdiff=  7.2054E-04 ( 53, 13)
n=  2274   udiff=  1.5148E-03 ( 88,  1)   vdiff=  7.1937E-04 ( 53, 13)
n=  2275   udiff=  1.5084E-03 ( 88,  1)   vdiff=  7.1855E-04 ( 53, 13)
n=  2276   udiff=  1.5021E-03 ( 88,  1)   vdiff=  7.1568E-04 ( 53, 14)
n=  2277   udiff=  1.4958E-03 ( 88,  1)   vdiff=  7.1494E-04 ( 53, 14)
n=  2278   udiff=  1.4895E-03 ( 88,  1)   vdiff=  7.1448E-04 ( 53, 14)
n=  2279   udiff=  1.4832E-03 ( 88,  1)   vdiff=  7.1103E-04 ( 53, 14)
n=  2280   udiff=  1.4770E-03 ( 88,  1)   vdiff=  7.1017E-04 ( 53, 14)
n=  2281   udiff=  1.4707E-03 ( 88,  1)   vdiff=  7.0679E-04 ( 53, 14)
n=  2282   udiff=  1.4645E-03 ( 88,  1)   vdiff=  7.0419E-04 ( 53, 14)
n=  2283   udiff=  1.4583E-03 ( 88,  1)   vdiff=  7.0568E-04 ( 53, 13)
n=  2284   udiff=  1.4521E-03 ( 89,  1)   vdiff=  7.0777E-04 ( 53, 14)
n=  2285   udiff=  1.4461E-03 ( 89,  1)   vdiff=  7.0255E-04 ( 53, 14)
n=  2286   udiff=  1.4400E-03 ( 89,  1)   vdiff=  6.9954E-04 ( 53, 14)
n=  2287   udiff=  1.4340E-03 ( 89,  1)   vdiff=  6.9736E-04 ( 53, 13)
n=  2288   udiff=  1.4280E-03 ( 89,  1)   vdiff=  6.9943E-04 ( 53, 14)
n=  2289   udiff=  1.4220E-03 ( 89,  1)   vdiff=  6.9393E-04 ( 53, 14)
n=  2290   udiff=  1.4161E-03 ( 89,  1)   vdiff=  6.9318E-04 ( 53, 14)
n=  2291   udiff=  1.4101E-03 ( 89,  1)   vdiff=  6.9346E-04 ( 53, 14)
n=  2292   udiff=  1.4042E-03 ( 89,  1)   vdiff=  6.9059E-04 ( 53, 14)
n=  2293   udiff=  1.3983E-03 ( 89,  1)   vdiff=  6.8614E-04 ( 54, 14)
n=  2294   udiff=  1.3924E-03 ( 89,  1)   vdiff=  6.8984E-04 ( 53, 14)
n=  2295   udiff=  1.3865E-03 ( 89,  1)   vdiff=  6.8396E-04 ( 54, 14)
n=  2296   udiff=  1.3807E-03 ( 89,  1)   vdiff=  6.8534E-04 ( 53, 14)
n=  2297   udiff=  1.3749E-03 ( 89,  1)   vdiff=  6.8188E-04 ( 54, 14)
n=  2298   udiff=  1.3691E-03 ( 90,  1)   vdiff=  6.8143E-04 ( 53, 14)
n=  2299   udiff=  1.3633E-03 ( 90,  1)   vdiff=  6.7758E-04 ( 54, 14)
n=  2300   udiff=  1.3577E-03 ( 90,  1)   vdiff=  6.7883E-04 ( 54, 14)
n=  2301   udiff=  1.3520E-03 ( 90,  1)   vdiff=  6.7660E-04 ( 53, 14)
n=  2302   udiff=  1.3464E-03 ( 90,  1)   vdiff=  6.7458E-04 ( 54, 14)
n=  2303   udiff=  1.3407E-03 ( 90,  1)   vdiff=  6.7576E-04 ( 54, 14)
n=  2304   udiff=  1.3351E-03 ( 90,  1)   vdiff=  6.7192E-04 ( 54, 15)
n=  2305   udiff=  1.3296E-03 ( 90,  1)   vdiff=  6.7294E-04 ( 54, 14)
n=  2306   udiff=  1.3240E-03 ( 90,  1)   vdiff=  6.7309E-04 ( 54, 14)
n=  2307   udiff=  1.3184E-03 ( 90,  1)   vdiff=  6.6603E-04 ( 54, 15)
n=  2308   udiff=  1.3129E-03 ( 90,  1)   vdiff=  6.6803E-04 ( 54, 14)
n=  2309   udiff=  1.3074E-03 ( 90,  1)   vdiff=  6.6806E-04 ( 54, 14)
n=  2310   udiff=  1.3018E-03 ( 90,  1)   vdiff=  6.6713E-04 ( 54, 14)
n=  2311   udiff=  1.2963E-03 ( 90,  1)   vdiff=  6.6618E-04 ( 54, 14)
n=  2312   udiff=  1.2909E-03 ( 91,  1)   vdiff=  6.6111E-04 ( 54, 15)
n=  2313   udiff=  1.2855E-03 ( 91,  1)   vdiff=  6.6147E-04 ( 54, 15)
n=  2314   udiff=  1.2801E-03 ( 91,  1)   vdiff=  6.6274E-04 ( 54, 15)
n=  2315   udiff=  1.2749E-03 ( 91,  1)   vdiff=  6.6199E-04 ( 54, 15)
n=  2316   udiff=  1.2695E-03 ( 91,  1)   vdiff=  6.6278E-04 ( 54, 15)
n=  2317   udiff=  1.2642E-03 ( 91,  1)   vdiff=  6.6240E-04 ( 54, 15)
n=  2318   udiff=  1.2590E-03 ( 91,  1)   vdiff=  6.6147E-04 ( 54, 15)
n=  2319   udiff=  1.2537E-03 ( 91,  1)   vdiff=  6.5871E-04 ( 54, 14)
n=  2320   udiff=  1.2484E-03 ( 91,  1)   vdiff=  6.6002E-04 ( 54, 15)
n=  2321   udiff=  1.2432E-03 ( 91,  1)   vdiff=  6.5517E-04 ( 54, 14)
n=  2322   udiff=  1.2380E-03 ( 91,  1)   vdiff=  6.5409E-04 ( 54, 14)
n=  2323   udiff=  1.2328E-03 ( 91,  1)   vdiff=  6.5804E-04 ( 54, 15)
n=  2324   udiff=  1.2276E-03 ( 91,  1)   vdiff=  6.5174E-04 ( 54, 15)
n=  2325   udiff=  1.2225E-03 ( 91,  1)   vdiff=  6.5689E-04 ( 54, 15)
n=  2326   udiff=  1.2173E-03 ( 91,  1)   vdiff=  6.5406E-04 ( 54, 15)
n=  2327   udiff=  1.2122E-03 ( 92,  1)   vdiff=  6.5289E-04 ( 54, 15)
n=  2328   udiff=  1.2072E-03 ( 92,  1)   vdiff=  6.5186E-04 ( 55, 15)
n=  2329   udiff=  1.2022E-03 ( 92,  1)   vdiff=  6.4856E-04 ( 55, 15)
n=  2330   udiff=  1.1972E-03 ( 92,  1)   vdiff=  6.4829E-04 ( 55, 15)
n=  2331   udiff=  1.1922E-03 ( 92,  1)   vdiff=  6.4644E-04 ( 54, 16)
n=  2332   udiff=  1.1872E-03 ( 92,  1)   vdiff=  6.4776E-04 ( 55, 15)
n=  2333   udiff=  1.1823E-03 ( 92,  1)   vdiff=  6.4466E-04 ( 55, 15)
n=  2334   udiff=  1.1773E-03 ( 92,  1)   vdiff=  6.4579E-04 ( 54, 15)
n=  2335   udiff=  1.1724E-03 ( 92,  1)   vdiff=  6.4606E-04 ( 54, 15)
n=  2336   udiff=  1.1675E-03 ( 92,  1)   vdiff=  6.4690E-04 ( 55, 15)
n=  2337   udiff=  1.1626E-03 ( 92,  1)   vdiff=  6.4749E-04 ( 55, 15)
n=  2338   udiff=  1.1577E-03 ( 92,  1)   vdiff=  6.4440E-04 ( 55, 15)
n=  2339   udiff=  1.1529E-03 ( 92,  1)   vdiff=  6.4241E-04 ( 55, 15)
n=  2340   udiff=  1.1480E-03 ( 92,  1)   vdiff=  6.3931E-04 ( 55, 15)
n=  2341   udiff=  1.1432E-03 ( 92,  1)   vdiff=  6.4624E-04 ( 55, 15)
n=  2342   udiff=  1.1384E-03 ( 93,  1)   vdiff=  6.4214E-04 ( 55, 15)
n=  2343   udiff=  1.1337E-03 ( 93,  1)   vdiff=  6.4035E-04 ( 55, 15)
n=  2344   udiff=  1.1290E-03 ( 93,  1)   vdiff=  6.4308E-04 ( 55, 15)
n=  2345   udiff=  1.1243E-03 ( 93,  1)   vdiff=  6.4407E-04 ( 55, 15)
n=  2346   udiff=  1.1196E-03 ( 93,  1)   vdiff=  6.4222E-04 ( 55, 15)
n=  2347   udiff=  1.1150E-03 ( 93,  1)   vdiff=  6.3908E-04 ( 55, 15)
n=  2348   udiff=  1.1103E-03 ( 93,  1)   vdiff=  6.4025E-04 ( 55, 16)
n=  2349   udiff=  1.1057E-03 ( 93,  1)   vdiff=  6.4278E-04 ( 55, 15)
n=  2350   udiff=  1.1010E-03 ( 93,  1)   vdiff=  6.3848E-04 ( 55, 15)
n=  2351   udiff=  1.0965E-03 ( 93,  1)   vdiff=  6.3724E-04 ( 55, 15)
n=  2352   udiff=  1.0918E-03 ( 93,  1)   vdiff=  6.3616E-04 ( 55, 16)
n=  2353   udiff=  1.0873E-03 ( 93,  1)   vdiff=  6.3849E-04 ( 55, 15)
n=  2354   udiff=  1.0826E-03 ( 93,  1)   vdiff=  6.3557E-04 ( 56, 16)
n=  2355   udiff=  1.0781E-03 ( 93,  1)   vdiff=  6.3652E-04 ( 55, 16)
n=  2356   udiff=  1.0736E-03 ( 93,  1)   vdiff=  6.3676E-04 ( 55, 15)
n=  2357   udiff=  1.0691E-03 ( 94,  1)   vdiff=  6.3568E-04 ( 55, 16)
n=  2358   udiff=  1.0647E-03 ( 94,  1)   vdiff=  6.3252E-04 ( 55, 16)
n=  2359   udiff=  1.0603E-03 ( 94,  1)   vdiff=  6.3633E-04 ( 56, 16)
n=  2360   udiff=  1.0559E-03 ( 94,  1)   vdiff=  6.3407E-04 ( 55, 16)
n=  2361   udiff=  1.0515E-03 ( 94,  1)   vdiff=  6.3592E-04 ( 55, 15)
n=  2362   udiff=  1.0471E-03 ( 94,  1)   vdiff=  6.3465E-04 ( 56, 16)
n=  2363   udiff=  1.0427E-03 ( 94,  1)   vdiff=  6.3260E-04 ( 56, 16)
n=  2364   udiff=  1.0384E-03 ( 94,  1)   vdiff=  6.3155E-04 ( 55, 15)
n=  2365   udiff=  1.0340E-03 ( 94,  1)   vdiff=  6.3333E-04 ( 56, 16)
n=  2366   udiff=  1.0297E-03 ( 94,  1)   vdiff=  6.3220E-04 ( 56, 16)
n=  2367   udiff=  1.0254E-03 ( 94,  1)   vdiff=  6.3472E-04 ( 56, 16)
n=  2368   udiff=  1.0211E-03 ( 94,  1)   vdiff=  6.3133E-04 ( 56, 16)
n=  2369   udiff=  1.0168E-03 ( 94,  1)   vdiff=  6.3177E-04 ( 56, 16)
n=  2370   udiff=  1.0125E-03 ( 94,  1)   vdiff=  6.3276E-04 ( 56, 16)
n=  2371   udiff=  1.0083E-03 ( 94,  1)   vdiff=  6.2928E-04 ( 56, 16)
n=  2372   udiff=  1.0040E-03 ( 95,  1)   vdiff=  6.3418E-04 ( 56, 16)
n=  2373   udiff=  9.9983E-04 ( 95,  1)   vdiff=  6.3043E-04 ( 56, 16)
n=  2374   udiff=  9.9569E-04 ( 95,  1)   vdiff=  6.2925E-04 ( 56, 15)
n=  2375   udiff=  9.9159E-04 ( 95,  1)   vdiff=  6.3188E-04 ( 56, 16)
n=  2376   udiff=  9.8744E-04 ( 95,  1)   vdiff=  6.2964E-04 ( 56, 16)
n=  2377   udiff=  9.8334E-04 ( 95,  1)   vdiff=  6.3130E-04 ( 56, 16)
n=  2378   udiff=  9.7924E-04 ( 95,  1)   vdiff=  6.3110E-04 ( 56, 16)
n=  2379   udiff=  9.7517E-04 ( 95,  1)   vdiff=  6.2698E-04 ( 56, 16)
n=  2380   udiff=  9.7106E-04 ( 95,  1)   vdiff=  6.3063E-04 ( 56, 16)
n=  2381   udiff=  9.6702E-04 ( 95,  1)   vdiff=  6.2737E-04 ( 56, 16)
n=  2382   udiff=  9.6294E-04 ( 95,  1)   vdiff=  6.2863E-04 ( 56, 16)
n=  2383   udiff=  9.5890E-04 ( 95,  1)   vdiff=  6.2810E-04 ( 56, 16)
n=  2384   udiff=  9.5487E-04 ( 95,  1)   vdiff=  6.3009E-04 ( 56, 16)
n=  2385   udiff=  9.5087E-04 ( 95,  1)   vdiff=  6.2683E-04 ( 56, 16)
n=  2386   udiff=  9.4685E-04 ( 95,  1)   vdiff=  6.3085E-04 ( 56, 16)
n=  2387   udiff=  9.4289E-04 ( 95,  1)   vdiff=  6.2678E-04 ( 56, 16)
n=  2388   udiff=  9.3892E-04 ( 96,  1)   vdiff=  6.2888E-04 ( 56, 16)
n=  2389   udiff=  9.3499E-04 ( 96,  1)   vdiff=  6.2645E-04 ( 56, 16)
n=  2390   udiff=  9.3112E-04 ( 96,  1)   vdiff=  6.2773E-04 ( 56, 16)
n=  2391   udiff=  9.2728E-04 ( 96,  1)   vdiff=  6.2430E-04 ( 56, 16)
n=  2392   udiff=  9.2341E-04 ( 96,  1)   vdiff=  6.2716E-04 ( 56, 16)
n=  2393   udiff=  9.1956E-04 ( 96,  1)   vdiff=  6.2478E-04 ( 56, 16)
n=  2394   udiff=  9.1571E-04 ( 96,  1)   vdiff=  6.2575E-04 ( 56, 16)
n=  2395   udiff=  9.1187E-04 ( 96,  1)   vdiff=  6.2337E-04 ( 56, 16)
n=  2396   udiff=  9.0806E-04 ( 96,  1)   vdiff=  6.2499E-04 ( 56, 16)
n=  2397   udiff=  9.0428E-04 ( 96,  1)   vdiff=  6.2350E-04 ( 57, 16)
n=  2398   udiff=  9.0046E-04 ( 96,  1)   vdiff=  6.2365E-04 ( 56, 16)
n=  2399   udiff=  8.9669E-04 ( 96,  1)   vdiff=  6.2263E-04 ( 57, 16)
n=  2400   udiff=  8.9297E-04 ( 96,  1)   vdiff=  6.2306E-04 ( 56, 16)
n=  2401   udiff=  8.8916E-04 ( 96,  1)   vdiff=  6.2237E-04 ( 57, 16)
n=  2402   udiff=  8.8545E-04 ( 96,  1)   vdiff=  6.2281E-04 ( 57, 16)
n=  2403   udiff=  8.8174E-04 ( 96,  1)   vdiff=  6.2290E-04 ( 56, 16)
n=  2404   udiff=  8.7798E-04 ( 96,  1)   vdiff=  6.2097E-04 ( 57, 16)
n=  2405   udiff=  8.7428E-04 ( 97,  1)   vdiff=  6.1981E-04 ( 56, 16)
n=  2406   udiff=  8.7066E-04 ( 97,  1)   vdiff=  6.2035E-04 ( 57, 16)
n=  2407   udiff=  8.6703E-04 ( 97,  1)   vdiff=  6.2234E-04 ( 57, 16)
n=  2408   udiff=  8.6340E-04 ( 97,  1)   vdiff=  6.1937E-04 ( 56, 16)
n=  2409   udiff=  8.5983E-04 ( 97,  1)   vdiff=  6.2028E-04 ( 57, 16)
n=  2410   udiff=  8.5624E-04 ( 97,  1)   vdiff=  6.1697E-04 ( 56, 16)
n=  2411   udiff=  8.5264E-04 ( 97,  1)   vdiff=  6.1816E-04 ( 56, 16)
n=  2412   udiff=  8.4906E-04 ( 97,  1)   vdiff=  6.2035E-04 ( 57, 16)
n=  2413   udiff=  8.4549E-04 ( 97,  1)   vdiff=  6.1656E-04 ( 57, 16)
n=  2414   udiff=  8.4191E-04 ( 97,  1)   vdiff=  6.1657E-04 ( 57, 16)
n=  2415   udiff=  8.3840E-04 ( 97,  1)   vdiff=  6.2022E-04 ( 57, 16)
n=  2416   udiff=  8.3487E-04 ( 97,  1)   vdiff=  6.1583E-04 ( 57, 16)
n=  2417   udiff=  8.3140E-04 ( 97,  1)   vdiff=  6.1791E-04 ( 57, 16)
n=  2418   udiff=  8.2789E-04 ( 97,  1)   vdiff=  6.1467E-04 ( 57, 16)
n=  2419   udiff=  8.2437E-04 ( 97,  1)   vdiff=  6.1573E-04 ( 57, 16)
n=  2420   udiff=  8.2090E-04 ( 97,  1)   vdiff=  6.1808E-04 ( 57, 16)
n=  2421   udiff=  8.1742E-04 ( 97,  1)   vdiff=  6.1387E-04 ( 57, 16)
n=  2422   udiff=  8.1397E-04 ( 97,  1)   vdiff=  6.1676E-04 ( 57, 16)
n=  2423   udiff=  8.1052E-04 ( 98,  1)   vdiff=  6.1678E-04 ( 57, 16)
n=  2424   udiff=  8.0719E-04 ( 98,  1)   vdiff=  6.1195E-04 ( 57, 16)
n=  2425   udiff=  8.0380E-04 ( 98,  1)   vdiff=  6.1448E-04 ( 57, 16)
n=  2426   udiff=  8.0046E-04 ( 98,  1)   vdiff=  6.1415E-04 ( 57, 16)
n=  2427   udiff=  7.9706E-04 ( 98,  1)   vdiff=  6.1385E-04 ( 57, 16)
n=  2428   udiff=  7.9373E-04 ( 98,  1)   vdiff=  6.1181E-04 ( 57, 16)
n=  2429   udiff=  7.9041E-04 ( 98,  1)   vdiff=  6.1411E-04 ( 57, 16)
n=  2430   udiff=  7.8707E-04 ( 98,  1)   vdiff=  6.1448E-04 ( 57, 16)
n=  2431   udiff=  7.8377E-04 ( 98,  1)   vdiff=  6.0889E-04 ( 57, 16)
n=  2432   udiff=  7.8048E-04 ( 98,  1)   vdiff=  6.0983E-04 ( 57, 16)
n=  2433   udiff=  7.7713E-04 ( 98,  1)   vdiff=  6.0996E-04 ( 57, 16)
n=  2434   udiff=  7.7389E-04 ( 98,  1)   vdiff=  6.1146E-04 ( 57, 16)
n=  2435   udiff=  7.7067E-04 ( 98,  1)   vdiff=  6.0608E-04 ( 57, 16)
n=  2436   udiff=  7.6735E-04 ( 98,  1)   vdiff=  6.0819E-04 ( 57, 16)
n=  2437   udiff=  7.6414E-04 ( 98,  1)   vdiff=  6.0621E-04 ( 57, 16)
n=  2438   udiff=  7.6087E-04 ( 98,  1)   vdiff=  6.0819E-04 ( 57, 16)
n=  2439   udiff=  7.5764E-04 ( 98,  1)   vdiff=  6.0886E-04 ( 57, 16)
n=  2440   udiff=  7.5445E-04 ( 98,  1)   vdiff=  6.0389E-04 ( 57, 16)
n=  2441   udiff=  7.5122E-04 ( 99,  1)   vdiff=  6.0577E-04 ( 57, 16)
n=  2442   udiff=  7.4807E-04 ( 99,  1)   vdiff=  6.0510E-04 ( 57, 16)
n=  2443   udiff=  7.4494E-04 ( 99,  1)   vdiff=  6.0651E-04 ( 57, 16)
n=  2444   udiff=  7.4186E-04 ( 99,  1)   vdiff=  6.0641E-04 ( 57, 16)
n=  2445   udiff=  7.3872E-04 ( 99,  1)   vdiff=  6.0525E-04 ( 57, 16)
n=  2446   udiff=  7.3555E-04 ( 99,  1)   vdiff=  6.0466E-04 ( 57, 16)
n=  2447   udiff=  7.3249E-04 ( 99,  1)   vdiff=  5.9997E-04 ( 57, 16)
n=  2448   udiff=  7.2939E-04 ( 99,  1)   vdiff=  6.0074E-04 ( 57, 16)
n=  2449   udiff=  7.2631E-04 ( 99,  1)   vdiff=  6.0171E-04 ( 57, 16)
n=  2450   udiff=  7.2324E-04 ( 99,  1)   vdiff=  6.0220E-04 ( 57, 16)
n=  2451   udiff=  7.2020E-04 ( 99,  1)   vdiff=  6.0240E-04 ( 57, 16)
n=  2452   udiff=  7.1712E-04 ( 99,  1)   vdiff=  5.9967E-04 ( 57, 16)
n=  2453   udiff=  7.1412E-04 ( 99,  1)   vdiff=  6.0180E-04 ( 57, 16)
n=  2454   udiff=  7.1107E-04 ( 99,  1)   vdiff=  6.0013E-04 ( 57, 16)
n=  2455   udiff=  7.0803E-04 ( 99,  1)   vdiff=  5.9988E-04 ( 57, 16)
n=  2456   udiff=  7.0505E-04 ( 99,  1)   vdiff=  5.9926E-04 ( 57, 16)
n=  2457   udiff=  7.0201E-04 ( 99,  1)   vdiff=  5.9812E-04 ( 57, 16)
n=  2458   udiff=  6.9905E-04 ( 99,  1)   vdiff=  5.9619E-04 ( 57, 16)
n=  2459   udiff=  6.9602E-04 ( 99,  1)   vdiff=  5.9702E-04 ( 57, 16)
n=  2460   udiff=  6.9308E-04 ( 99,  1)   vdiff=  5.9564E-04 ( 57, 16)
n=  2461   udiff=  6.9012E-04 (100,  1)   vdiff=  5.9332E-04 ( 57, 16)
n=  2462   udiff=  6.8723E-04 (100,  1)   vdiff=  5.9287E-04 ( 57, 16)
n=  2463   udiff=  6.8430E-04 (100,  1)   vdiff=  5.9185E-04 ( 57, 16)
n=  2464   udiff=  6.8144E-04 (100,  1)   vdiff=  5.9096E-04 ( 57, 16)
n=  2465   udiff=  6.7858E-04 (100,  1)   vdiff=  5.9037E-04 ( 57, 16)
n=  2466   udiff=  6.7571E-04 (100,  1)   vdiff=  5.8721E-04 ( 57, 16)
n=  2467   udiff=  6.7280E-04 (100,  1)   vdiff=  5.8672E-04 ( 57, 16)
n=  2468   udiff=  6.6994E-04 (100,  1)   vdiff=  5.8411E-04 ( 57, 16)
n=  2469   udiff=  6.6711E-04 (100,  1)   vdiff=  5.8398E-04 ( 57, 16)
n=  2470   udiff=  6.6427E-04 (100,  1)   vdiff=  5.8785E-04 ( 57, 16)
n=  2471   udiff=  6.6146E-04 (100,  1)   vdiff=  5.8605E-04 ( 57, 16)
n=  2472   udiff=  6.5862E-04 (100,  1)   vdiff=  5.8363E-04 ( 57, 16)
n=  2473   udiff=  6.5582E-04 (100,  1)   vdiff=  5.8267E-04 ( 57, 16)
n=  2474   udiff=  6.5304E-04 (100,  1)   vdiff=  5.8042E-04 ( 57, 16)
n=  2475   udiff=  6.5023E-04 (100,  1)   vdiff=  5.8461E-04 ( 57, 16)
n=  2476   udiff=  6.4743E-04 (100,  1)   vdiff=  5.8129E-04 ( 57, 16)
n=  2477   udiff=  6.4465E-04 (100,  1)   vdiff=  5.7933E-04 ( 57, 16)
n=  2478   udiff=  6.4188E-04 (100,  1)   vdiff=  5.7758E-04 ( 57, 16)
n=  2479   udiff=  6.3915E-04 (100,  1)   vdiff=  5.8058E-04 ( 57, 16)
n=  2480   udiff=  6.3640E-04 (100,  1)   vdiff=  5.7721E-04 ( 57, 16)
n=  2481   udiff=  6.3366E-04 (100,  1)   vdiff=  5.7511E-04 ( 57, 16)
n=  2482   udiff=  6.3092E-04 (100,  1)   vdiff=  5.7637E-04 ( 57, 16)
n=  2483   udiff=  6.2825E-04 (101,  1)   vdiff=  5.7512E-04 ( 57, 16)
n=  2484   udiff=  6.2558E-04 (101,  1)   vdiff=  5.7328E-04 ( 57, 16)
n=  2485   udiff=  6.2290E-04 (101,  1)   vdiff=  5.7558E-04 ( 57, 16)
n=  2486   udiff=  6.2029E-04 (101,  1)   vdiff=  5.7236E-04 ( 57, 16)
n=  2487   udiff=  6.1761E-04 (101,  1)   vdiff=  5.6770E-04 ( 57, 16)
n=  2488   udiff=  6.1500E-04 (101,  1)   vdiff=  5.7024E-04 ( 57, 16)
n=  2489   udiff=  6.1238E-04 (101,  1)   vdiff=  5.6986E-04 ( 57, 16)
n=  2490   udiff=  6.0976E-04 (101,  1)   vdiff=  5.6825E-04 ( 57, 16)
n=  2491   udiff=  6.0709E-04 (101,  1)   vdiff=  5.6807E-04 ( 57, 16)
n=  2492   udiff=  6.0452E-04 (101,  1)   vdiff=  5.6805E-04 ( 57, 16)
n=  2493   udiff=  6.0195E-04 (101,  1)   vdiff=  5.6463E-04 ( 57, 16)
n=  2494   udiff=  5.9936E-04 (101,  1)   vdiff=  5.6652E-04 ( 57, 16)
n=  2495   udiff=  5.9681E-04 (101,  1)   vdiff=  5.6305E-04 ( 57, 16)
n=  2496   udiff=  5.9417E-04 (101,  1)   vdiff=  5.6309E-04 ( 57, 16)
n=  2497   udiff=  5.9163E-04 (101,  1)   vdiff=  5.6114E-04 ( 58, 16)
n=  2498   udiff=  5.8908E-04 (101,  1)   vdiff=  5.6153E-04 ( 57, 16)
n=  2499   udiff=  5.8655E-04 (101,  1)   vdiff=  5.5879E-04 ( 58, 16)
n=  2500   udiff=  5.8400E-04 (101,  1)   vdiff=  5.5862E-04 ( 57, 16)
n=  2501   udiff=  5.8142E-04 (101,  1)   vdiff=  5.6054E-04 ( 57, 16)
n=  2502   udiff=  5.7891E-04 (101,  1)   vdiff=  5.5463E-04 ( 58, 16)
n=  2503   udiff=  5.7645E-04 (101,  1)   vdiff=  5.5509E-04 ( 57, 16)
n=  2504   udiff=  5.7392E-04 (101,  1)   vdiff=  5.5799E-04 ( 57, 16)
n=  2505   udiff=  5.7144E-04 (101,  1)   vdiff=  5.5345E-04 ( 57, 16)
n=  2506   udiff=  5.6894E-04 (101,  1)   vdiff=  5.5469E-04 ( 57, 16)
n=  2507   udiff=  5.6650E-04 (102,  1)   vdiff=  5.5137E-04 ( 57, 16)
n=  2508   udiff=  5.6407E-04 (102,  1)   vdiff=  5.4899E-04 ( 58, 16)
n=  2509   udiff=  5.6163E-04 (102,  1)   vdiff=  5.5013E-04 ( 57, 16)
n=  2510   udiff=  5.5922E-04 (102,  1)   vdiff=  5.4942E-04 ( 57, 16)
n=  2511   udiff=  5.5684E-04 (102,  1)   vdiff=  5.4957E-04 ( 57, 16)
n=  2512   udiff=  5.5441E-04 (102,  1)   vdiff=  5.4877E-04 ( 57, 16)
n=  2513   udiff=  5.5204E-04 (102,  1)   vdiff=  5.4513E-04 ( 57, 16)
n=  2514   udiff=  5.4971E-04 (102,  1)   vdiff=  5.4499E-04 ( 57, 16)
n=  2515   udiff=  5.4729E-04 (102,  1)   vdiff=  5.4283E-04 ( 57, 16)
n=  2516   udiff=  5.4492E-04 (102,  1)   vdiff=  5.4254E-04 ( 57, 16)
n=  2517   udiff=  5.4252E-04 (102,  1)   vdiff=  5.4203E-04 ( 57, 16)
n=  2518   udiff=  5.4017E-04 (102,  1)   vdiff=  5.4134E-04 ( 58, 16)
n=  2519   udiff=  5.3782E-04 (102,  1)   vdiff=  5.4142E-04 ( 58, 16)
n=  2520   udiff=  5.3549E-04 (102,  1)   vdiff=  5.3985E-04 ( 58, 16)
n=  2521   udiff=  5.3314E-04 (102,  1)   vdiff=  5.3839E-04 ( 58, 16)
n=  2522   udiff=  5.3082E-04 (102,  1)   vdiff=  5.3796E-04 ( 58, 16)
n=  2523   udiff=  5.2848E-04 (102,  1)   vdiff=  5.3642E-04 ( 58, 16)
n=  2524   udiff=  5.2622E-04 (102,  1)   vdiff=  5.3596E-04 ( 58, 16)
n=  2525   udiff=  5.2388E-04 (102,  1)   vdiff=  5.3757E-04 ( 58, 16)
n=  2526   udiff=  5.2157E-04 (102,  1)   vdiff=  5.3392E-04 ( 58, 16)
n=  2527   udiff=  5.1932E-04 (102,  1)   vdiff=  5.3442E-04 ( 58, 16)
n=  2528   udiff=  5.1703E-04 (102,  1)   vdiff=  5.3193E-04 ( 58, 16)
n=  2529   udiff=  5.1475E-04 (102,  1)   vdiff=  5.3036E-04 ( 58, 16)
n=  2530   udiff=  5.1249E-04 (102,  1)   vdiff=  5.2972E-04 ( 58, 16)
n=  2531   udiff=  5.1021E-04 (102,  1)   vdiff=  5.2787E-04 ( 57, 16)
n=  2532   udiff=  5.0800E-04 (103,  1)   vdiff=  5.2603E-04 ( 57, 16)
n=  2533   udiff=  5.0580E-04 (103,  1)   vdiff=  5.2579E-04 ( 57, 16)
n=  2534   udiff=  5.0354E-04 (103,  1)   vdiff=  5.2280E-04 ( 57, 16)
n=  2535   udiff=  5.0137E-04 (103,  1)   vdiff=  5.2696E-04 ( 58, 16)
n=  2536   udiff=  4.9920E-04 (103,  1)   vdiff=  5.2445E-04 ( 57, 16)
n=  2537   udiff=  4.9699E-04 (103,  1)   vdiff=  5.2106E-04 ( 58, 16)
n=  2538   udiff=  4.9484E-04 (103,  1)   vdiff=  5.1969E-04 ( 58, 16)
n=  2539   udiff=  4.9268E-04 (103,  1)   vdiff=  5.2232E-04 ( 58, 16)
n=  2540   udiff=  4.9053E-04 (103,  1)   vdiff=  5.1939E-04 ( 58, 16)
n=  2541   udiff=  4.8838E-04 (103,  1)   vdiff=  5.1775E-04 ( 58, 16)
n=  2542   udiff=  4.8618E-04 (103,  1)   vdiff=  5.1444E-04 ( 58, 16)
n=  2543   udiff=  4.8406E-04 (103,  1)   vdiff=  5.1732E-04 ( 58, 16)
n=  2544   udiff=  4.8196E-04 (103,  1)   vdiff=  5.1573E-04 ( 58, 16)
n=  2545   udiff=  4.7983E-04 (103,  1)   vdiff=  5.1764E-04 ( 58, 16)
n=  2546   udiff=  4.7770E-04 (103,  1)   vdiff=  5.1484E-04 ( 58, 16)
n=  2547   udiff=  4.7563E-04 (103,  1)   vdiff=  5.1066E-04 ( 57, 16)
n=  2548   udiff=  4.7350E-04 (103,  1)   vdiff=  5.1237E-04 ( 58, 16)
n=  2549   udiff=  4.7140E-04 (103,  1)   vdiff=  5.0951E-04 ( 58, 16)
n=  2550   udiff=  4.6932E-04 (103,  1)   vdiff=  5.0706E-04 ( 58, 16)
n=  2551   udiff=  4.6723E-04 (103,  1)   vdiff=  5.0673E-04 ( 58, 16)
n=  2552   udiff=  4.6518E-04 (103,  1)   vdiff=  5.0526E-04 ( 58, 16)
n=  2553   udiff=  4.6311E-04 (103,  1)   vdiff=  5.0576E-04 ( 58, 16)
n=  2554   udiff=  4.6104E-04 (103,  1)   vdiff=  5.0834E-04 ( 58, 16)
n=  2555   udiff=  4.5897E-04 (103,  1)   vdiff=  5.0452E-04 ( 58, 16)
n=  2556   udiff=  4.5767E-04 ( 50,  1)   vdiff=  5.0530E-04 ( 58, 16)
n=  2557   udiff=  4.5656E-04 ( 50,  1)   vdiff=  5.0221E-04 ( 58, 16)
n=  2558   udiff=  4.5568E-04 ( 50,  1)   vdiff=  5.0175E-04 ( 58, 16)
n=  2559   udiff=  4.5438E-04 ( 50,  1)   vdiff=  4.9666E-04 ( 58, 16)
n=  2560   udiff=  4.5339E-04 ( 50,  1)   vdiff=  5.0116E-04 ( 58, 16)
n=  2561   udiff=  4.5214E-04 ( 50,  1)   vdiff=  4.9526E-04 ( 58, 16)
n=  2562   udiff=  4.5112E-04 ( 50,  1)   vdiff=  4.9609E-04 ( 58, 16)
n=  2563   udiff=  4.4991E-04 ( 50,  1)   vdiff=  4.9631E-04 ( 58, 16)
n=  2564   udiff=  4.4899E-04 ( 50,  1)   vdiff=  4.9108E-04 ( 58, 16)
n=  2565   udiff=  4.4779E-04 ( 50,  1)   vdiff=  4.9327E-04 ( 58, 16)
n=  2566   udiff=  4.4667E-04 ( 50,  1)   vdiff=  4.9241E-04 ( 58, 16)
n=  2567   udiff=  4.4596E-04 ( 50,  1)   vdiff=  4.9386E-04 ( 58, 16)
n=  2568   udiff=  4.4440E-04 ( 50,  1)   vdiff=  4.8633E-04 ( 58, 16)
n=  2569   udiff=  4.4337E-04 ( 50,  1)   vdiff=  4.8842E-04 ( 58, 16)
n=  2570   udiff=  4.4228E-04 ( 50,  1)   vdiff=  4.8631E-04 ( 58, 16)
n=  2571   udiff=  4.4117E-04 ( 50,  1)   vdiff=  4.8722E-04 ( 58, 16)
n=  2572   udiff=  4.4021E-04 ( 50,  1)   vdiff=  4.8725E-04 ( 58, 16)
n=  2573   udiff=  4.3890E-04 ( 50,  1)   vdiff=  4.8638E-04 ( 58, 16)
n=  2574   udiff=  4.3801E-04 ( 50,  1)   vdiff=  4.8129E-04 ( 58, 16)
n=  2575   udiff=  4.3663E-04 ( 50,  1)   vdiff=  4.7998E-04 ( 58, 16)
n=  2576   udiff=  4.3560E-04 ( 50,  1)   vdiff=  4.8230E-04 ( 58, 16)
n=  2577   udiff=  4.3445E-04 ( 50,  1)   vdiff=  4.7964E-04 ( 58, 16)
n=  2578   udiff=  4.3354E-04 ( 50,  1)   vdiff=  4.7915E-04 ( 58, 16)
n=  2579   udiff=  4.3229E-04 ( 50,  1)   vdiff=  4.7927E-04 ( 58, 16)
n=  2580   udiff=  4.3123E-04 ( 50,  1)   vdiff=  4.7733E-04 ( 58, 16)
n=  2581   udiff=  4.3020E-04 ( 50,  1)   vdiff=  4.7455E-04 ( 58, 16)
n=  2582   udiff=  4.2899E-04 ( 50,  1)   vdiff=  4.7719E-04 ( 58, 16)
n=  2583   udiff=  4.2794E-04 ( 50,  1)   vdiff=  4.7222E-04 ( 58, 16)
n=  2584   udiff=  4.2679E-04 ( 50,  1)   vdiff=  4.7250E-04 ( 58, 16)
n=  2585   udiff=  4.2567E-04 ( 51,  1)   vdiff=  4.6910E-04 ( 58, 16)
n=  2586   udiff=  4.2438E-04 ( 51,  1)   vdiff=  4.7044E-04 ( 58, 16)
n=  2587   udiff=  4.2360E-04 ( 51,  1)   vdiff=  4.6537E-04 ( 58, 16)
n=  2588   udiff=  4.2268E-04 ( 51,  1)   vdiff=  4.7170E-04 ( 58, 16)
n=  2589   udiff=  4.2131E-04 ( 51,  1)   vdiff=  4.6793E-04 ( 58, 16)
n=  2590   udiff=  4.2056E-04 ( 51,  1)   vdiff=  4.6678E-04 ( 58, 16)
n=  2591   udiff=  4.1947E-04 ( 51,  1)   vdiff=  4.6428E-04 ( 58, 16)
n=  2592   udiff=  4.1852E-04 ( 51,  1)   vdiff=  4.6275E-04 ( 58, 16)
n=  2593   udiff=  4.1723E-04 ( 51,  1)   vdiff=  4.6594E-04 ( 58, 16)
n=  2594   udiff=  4.1604E-04 ( 51,  1)   vdiff=  4.6120E-04 ( 58, 16)
n=  2595   udiff=  4.1525E-04 ( 51,  1)   vdiff=  4.5993E-04 ( 58, 16)
n=  2596   udiff=  4.1396E-04 ( 51,  1)   vdiff=  4.5699E-04 ( 58, 16)
n=  2597   udiff=  4.1302E-04 ( 51,  1)   vdiff=  4.5988E-04 ( 58, 16)
n=  2598   udiff=  4.1169E-04 ( 51,  1)   vdiff=  4.5536E-04 ( 58, 16)
n=  2599   udiff=  4.1088E-04 ( 51,  1)   vdiff=  4.5161E-04 ( 58, 16)
n=  2600   udiff=  4.1006E-04 ( 51,  1)   vdiff=  4.5392E-04 ( 58, 16)
n=  2601   udiff=  4.0884E-04 ( 51,  1)   vdiff=  4.5093E-04 ( 58, 16)
n=  2602   udiff=  4.0768E-04 ( 51,  1)   vdiff=  4.4863E-04 ( 58, 16)
n=  2603   udiff=  4.0682E-04 ( 51,  1)   vdiff=  4.5201E-04 ( 58, 16)
n=  2604   udiff=  4.0560E-04 ( 51,  1)   vdiff=  4.4890E-04 ( 58, 16)
n=  2605   udiff=  4.0452E-04 ( 51,  1)   vdiff=  4.5187E-04 ( 58, 16)
n=  2606   udiff=  4.0361E-04 ( 51,  1)   vdiff=  4.4505E-04 ( 58, 16)
n=  2607   udiff=  4.0236E-04 ( 51,  1)   vdiff=  4.4783E-04 ( 58, 16)
n=  2608   udiff=  4.0134E-04 ( 51,  1)   vdiff=  4.4331E-04 ( 58, 16)
n=  2609   udiff=  4.0021E-04 ( 51,  1)   vdiff=  4.4422E-04 ( 58, 16)
n=  2610   udiff=  3.9923E-04 ( 51,  1)   vdiff=  4.4081E-04 ( 58, 16)
n=  2611   udiff=  3.9816E-04 ( 51,  1)   vdiff=  4.4127E-04 ( 58, 16)
n=  2612   udiff=  3.9726E-04 ( 51,  1)   vdiff=  4.4153E-04 ( 58, 16)
n=  2613   udiff=  3.9597E-04 ( 51,  1)   vdiff=  4.3836E-04 ( 58, 16)
n=  2614   udiff=  3.9520E-04 ( 51,  1)   vdiff=  4.3948E-04 ( 58, 16)
n=  2615   udiff=  3.9395E-04 ( 51,  1)   vdiff=  4.3529E-04 ( 58, 16)
n=  2616   udiff=  3.9289E-04 ( 51,  1)   vdiff=  4.3444E-04 ( 58, 16)
n=  2617   udiff=  3.9159E-04 ( 51,  1)   vdiff=  4.3615E-04 ( 58, 16)
n=  2618   udiff=  3.9058E-04 ( 51,  1)   vdiff=  4.3591E-04 ( 58, 16)
n=  2619   udiff=  3.8949E-04 ( 51,  1)   vdiff=  4.2976E-04 ( 58, 16)
n=  2620   udiff=  3.8824E-04 ( 51,  1)   vdiff=  4.3036E-04 ( 58, 16)
n=  2621   udiff=  3.8746E-04 ( 51,  1)   vdiff=  4.3103E-04 ( 58, 16)
n=  2622   udiff=  3.8619E-04 ( 51,  1)   vdiff=  4.3179E-04 ( 58, 16)
n=  2623   udiff=  3.8540E-04 ( 51,  1)   vdiff=  4.2470E-04 ( 58, 16)
n=  2624   udiff=  3.8416E-04 ( 51,  1)   vdiff=  4.2526E-04 ( 58, 16)
n=  2625   udiff=  3.8307E-04 ( 51,  1)   vdiff=  4.2473E-04 ( 58, 16)
n=  2626   udiff=  3.8206E-04 ( 51,  1)   vdiff=  4.2601E-04 ( 58, 16)
n=  2627   udiff=  3.8096E-04 ( 51,  1)   vdiff=  4.2632E-04 ( 58, 16)
n=  2628   udiff=  3.7991E-04 ( 51,  1)   vdiff=  4.2420E-04 ( 58, 16)
n=  2629   udiff=  3.7883E-04 ( 51,  1)   vdiff=  4.2298E-04 ( 58, 16)
n=  2630   udiff=  3.7791E-04 ( 51,  1)   vdiff=  4.1625E-04 ( 58, 16)
n=  2631   udiff=  3.7660E-04 ( 51,  1)   vdiff=  4.1563E-04 ( 58, 16)
n=  2632   udiff=  3.7552E-04 ( 51,  1)   vdiff=  4.1507E-04 ( 58, 16)
n=  2633   udiff=  3.7430E-04 ( 51,  1)   vdiff=  4.1422E-04 ( 58, 16)
n=  2634   udiff=  3.7349E-04 ( 51,  1)   vdiff=  4.1847E-04 ( 58, 16)
n=  2635   udiff=  3.7245E-04 ( 51,  1)   vdiff=  4.1437E-04 ( 58, 16)
n=  2636   udiff=  3.7129E-04 ( 51,  1)   vdiff=  4.1386E-04 ( 58, 16)
n=  2637   udiff=  3.7023E-04 ( 52,  1)   vdiff=  4.1331E-04 ( 58, 16)
n=  2638   udiff=  3.6905E-04 ( 51,  1)   vdiff=  4.1263E-04 ( 58, 16)
n=  2639   udiff=  3.6831E-04 ( 52,  1)   vdiff=  4.0892E-04 ( 58, 16)
n=  2640   udiff=  3.6703E-04 ( 51,  1)   vdiff=  4.0520E-04 ( 58, 16)
n=  2641   udiff=  3.6611E-04 ( 52,  1)   vdiff=  4.0409E-04 ( 58, 16)
n=  2642   udiff=  3.6492E-04 ( 52,  1)   vdiff=  4.0297E-04 ( 58, 16)
n=  2643   udiff=  3.6404E-04 ( 52,  1)   vdiff=  4.0632E-04 ( 58, 16)
n=  2644   udiff=  3.6307E-04 ( 52,  1)   vdiff=  4.0019E-04 ( 58, 16)
n=  2645   udiff=  3.6228E-04 ( 52,  1)   vdiff=  4.0146E-04 ( 58, 16)
n=  2646   udiff=  3.6094E-04 ( 52,  1)   vdiff=  3.9741E-04 ( 58, 16)
n=  2647   udiff=  3.5991E-04 ( 52,  1)   vdiff=  3.9963E-04 ( 58, 16)
n=  2648   udiff=  3.5885E-04 ( 52,  1)   vdiff=  3.9660E-04 ( 58, 16)
n=  2649   udiff=  3.5783E-04 ( 52,  1)   vdiff=  3.9649E-04 ( 58, 16)
n=  2650   udiff=  3.5687E-04 ( 52,  1)   vdiff=  3.9783E-04 ( 58, 16)
n=  2651   udiff=  3.5557E-04 ( 52,  1)   vdiff=  3.9341E-04 ( 58, 16)
n=  2652   udiff=  3.5494E-04 ( 52,  1)   vdiff=  3.9106E-04 ( 58, 16)
n=  2653   udiff=  3.5372E-04 ( 52,  1)   vdiff=  3.9248E-04 ( 58, 16)
n=  2654   udiff=  3.5281E-04 ( 52,  1)   vdiff=  3.8974E-04 ( 58, 16)
n=  2655   udiff=  3.5196E-04 ( 52,  1)   vdiff=  3.9086E-04 ( 58, 16)
n=  2656   udiff=  3.5096E-04 ( 52,  1)   vdiff=  3.8716E-04 ( 58, 16)
n=  2657   udiff=  3.4957E-04 ( 52,  1)   vdiff=  3.9130E-04 ( 58, 16)
n=  2658   udiff=  3.4872E-04 ( 52,  1)   vdiff=  3.8711E-04 ( 58, 16)
n=  2659   udiff=  3.4759E-04 ( 52,  1)   vdiff=  3.8878E-04 ( 58, 16)
n=  2660   udiff=  3.4655E-04 ( 52,  1)   vdiff=  3.8324E-04 ( 58, 16)
n=  2661   udiff=  3.4578E-04 ( 52,  1)   vdiff=  3.8271E-04 ( 58, 16)
n=  2662   udiff=  3.4471E-04 ( 52,  1)   vdiff=  3.8002E-04 ( 58, 16)
n=  2663   udiff=  3.4364E-04 ( 52,  1)   vdiff=  3.8054E-04 ( 58, 16)
n=  2664   udiff=  3.4246E-04 ( 52,  1)   vdiff=  3.7594E-04 ( 58, 16)
n=  2665   udiff=  3.4174E-04 ( 52,  1)   vdiff=  3.7611E-04 ( 58, 16)
n=  2666   udiff=  3.4077E-04 ( 52,  1)   vdiff=  3.7730E-04 ( 58, 16)
n=  2667   udiff=  3.3960E-04 ( 52,  1)   vdiff=  3.7489E-04 ( 58, 16)
n=  2668   udiff=  3.3859E-04 ( 52,  1)   vdiff=  3.7505E-04 ( 58, 16)
n=  2669   udiff=  3.3736E-04 ( 52,  1)   vdiff=  3.7566E-04 ( 58, 16)
n=  2670   udiff=  3.3651E-04 ( 52,  1)   vdiff=  3.7598E-04 ( 58, 16)
n=  2671   udiff=  3.3568E-04 ( 52,  1)   vdiff=  3.6941E-04 ( 58, 16)
n=  2672   udiff=  3.3455E-04 ( 52,  1)   vdiff=  3.7022E-04 ( 58, 16)
n=  2673   udiff=  3.3358E-04 ( 52,  1)   vdiff=  3.7127E-04 ( 58, 16)
n=  2674   udiff=  3.3238E-04 ( 52,  1)   vdiff=  3.6896E-04 ( 58, 16)
n=  2675   udiff=  3.3161E-04 ( 52,  1)   vdiff=  3.6546E-04 ( 58, 16)
n=  2676   udiff=  3.3069E-04 ( 52,  1)   vdiff=  3.6292E-04 ( 58, 16)
n=  2677   udiff=  3.2955E-04 ( 52,  1)   vdiff=  3.6342E-04 ( 58, 16)
n=  2678   udiff=  3.2858E-04 ( 52,  1)   vdiff=  3.6574E-04 ( 58, 16)
n=  2679   udiff=  3.2763E-04 ( 52,  1)   vdiff=  3.6194E-04 ( 58, 16)
n=  2680   udiff=  3.2633E-04 ( 52,  1)   vdiff=  3.6279E-04 ( 58, 16)
n=  2681   udiff=  3.2555E-04 ( 52,  1)   vdiff=  3.6231E-04 ( 58, 16)
n=  2682   udiff=  3.2467E-04 ( 52,  1)   vdiff=  3.6112E-04 ( 58, 16)
n=  2683   udiff=  3.2361E-04 ( 52,  1)   vdiff=  3.5890E-04 ( 58, 16)
n=  2684   udiff=  3.2232E-04 ( 52,  1)   vdiff=  3.5787E-04 ( 58, 16)
n=  2685   udiff=  3.2148E-04 ( 52,  1)   vdiff=  3.5630E-04 ( 58, 16)
n=  2686   udiff=  3.2035E-04 ( 52,  1)   vdiff=  3.5553E-04 ( 58, 16)
n=  2687   udiff=  3.1959E-04 ( 52,  1)   vdiff=  3.5189E-04 ( 58, 16)
n=  2688   udiff=  3.1838E-04 ( 52,  1)   vdiff=  3.5175E-04 ( 58, 16)
n=  2689   udiff=  3.1733E-04 ( 52,  1)   vdiff=  3.4873E-04 ( 58, 16)
n=  2690   udiff=  3.1655E-04 ( 52,  1)   vdiff=  3.4873E-04 ( 58, 16)
n=  2691   udiff=  3.1542E-04 ( 52,  1)   vdiff=  3.4526E-04 ( 58, 16)
n=  2692   udiff=  3.1452E-04 ( 52,  1)   vdiff=  3.4446E-04 ( 58, 16)
n=  2693   udiff=  3.1351E-04 ( 52,  1)   vdiff=  3.4684E-04 ( 58, 16)
n=  2694   udiff=  3.1242E-04 ( 52,  1)   vdiff=  3.4659E-04 ( 58, 16)
n=  2695   udiff=  3.1184E-04 ( 52,  1)   vdiff=  3.4251E-04 ( 58, 16)
n=  2696   udiff=  3.1055E-04 ( 52,  1)   vdiff=  3.4052E-04 ( 58, 16)
n=  2697   udiff=  3.0946E-04 ( 52,  1)   vdiff=  3.4564E-04 ( 58, 16)
n=  2698   udiff=  3.0860E-04 ( 52,  1)   vdiff=  3.4232E-04 ( 58, 16)
n=  2699   udiff=  3.0742E-04 ( 52,  1)   vdiff=  3.3697E-04 ( 58, 16)
n=  2700   udiff=  3.0657E-04 ( 53,  1)   vdiff=  3.3733E-04 ( 58, 16)
n=  2701   udiff=  3.0551E-04 ( 52,  1)   vdiff=  3.3784E-04 ( 58, 16)
n=  2702   udiff=  3.0461E-04 ( 52,  1)   vdiff=  3.3447E-04 ( 58, 16)
n=  2703   udiff=  3.0372E-04 ( 52,  1)   vdiff=  3.3402E-04 ( 58, 16)
n=  2704   udiff=  3.0270E-04 ( 53,  1)   vdiff=  3.3404E-04 ( 58, 16)
n=  2705   udiff=  3.0166E-04 ( 53,  1)   vdiff=  3.3252E-04 ( 58, 16)
n=  2706   udiff=  3.0095E-04 ( 53,  1)   vdiff=  3.3363E-04 ( 58, 16)
n=  2707   udiff=  2.9969E-04 ( 53,  1)   vdiff=  3.3079E-04 ( 58, 16)
n=  2708   udiff=  2.9881E-04 ( 53,  1)   vdiff=  3.3247E-04 ( 58, 16)
n=  2709   udiff=  2.9799E-04 ( 53,  1)   vdiff=  3.2855E-04 ( 58, 16)
n=  2710   udiff=  2.9708E-04 ( 53,  1)   vdiff=  3.2525E-04 ( 58, 16)
n=  2711   udiff=  2.9615E-04 ( 53,  1)   vdiff=  3.2619E-04 ( 58, 16)
n=  2712   udiff=  2.9523E-04 ( 53,  1)   vdiff=  3.2198E-04 ( 58, 16)
n=  2713   udiff=  2.9434E-04 ( 53,  1)   vdiff=  3.2418E-04 ( 58, 16)
n=  2714   udiff=  2.9331E-04 ( 53,  1)   vdiff=  3.2527E-04 ( 58, 16)
n=  2715   udiff=  2.9239E-04 ( 53,  1)   vdiff=  3.2166E-04 ( 58, 16)
n=  2716   udiff=  2.9147E-04 ( 53,  1)   vdiff=  3.2298E-04 ( 58, 16)
n=  2717   udiff=  2.9037E-04 ( 53,  1)   vdiff=  3.1740E-04 ( 58, 16)
n=  2718   udiff=  2.8946E-04 ( 53,  1)   vdiff=  3.1908E-04 ( 58, 16)
n=  2719   udiff=  2.8864E-04 ( 53,  1)   vdiff=  3.1885E-04 ( 58, 16)
n=  2720   udiff=  2.8778E-04 ( 53,  1)   vdiff=  3.1590E-04 ( 58, 16)
n=  2721   udiff=  2.8659E-04 ( 53,  1)   vdiff=  3.1621E-04 ( 58, 16)
n=  2722   udiff=  2.8606E-04 ( 53,  1)   vdiff=  3.1661E-04 ( 58, 16)
n=  2723   udiff=  2.8493E-04 ( 53,  1)   vdiff=  3.1056E-04 ( 58, 16)
n=  2724   udiff=  2.8421E-04 ( 53,  1)   vdiff=  3.0958E-04 ( 58, 16)
n=  2725   udiff=  2.8333E-04 ( 53,  1)   vdiff=  3.1042E-04 ( 58, 16)
n=  2726   udiff=  2.8227E-04 ( 53,  1)   vdiff=  3.1051E-04 ( 58, 16)
n=  2727   udiff=  2.8139E-04 ( 53,  1)   vdiff=  3.1077E-04 ( 58, 16)
n=  2728   udiff=  2.8034E-04 ( 53,  1)   vdiff=  3.0537E-04 ( 58, 15)
n=  2729   udiff=  2.7970E-04 ( 53,  1)   vdiff=  3.0622E-04 ( 58, 16)
n=  2730   udiff=  2.7854E-04 ( 53,  1)   vdiff=  3.0758E-04 ( 58, 16)
n=  2731   udiff=  2.7760E-04 ( 53,  1)   vdiff=  3.0562E-04 ( 58, 16)
n=  2732   udiff=  2.7664E-04 ( 53,  1)   vdiff=  3.0433E-04 ( 58, 16)
n=  2733   udiff=  2.7560E-04 ( 53,  1)   vdiff=  3.0249E-04 ( 58, 16)
n=  2734   udiff=  2.7510E-04 ( 53,  1)   vdiff=  3.0024E-04 ( 58, 16)
n=  2735   udiff=  2.7387E-04 ( 53,  1)   vdiff=  3.0392E-04 ( 58, 16)
n=  2736   udiff=  2.7322E-04 ( 53,  1)   vdiff=  3.0003E-04 ( 58, 16)
n=  2737   udiff=  2.7217E-04 ( 53,  1)   vdiff=  2.9604E-04 ( 58, 15)
n=  2738   udiff=  2.7132E-04 ( 53,  1)   vdiff=  2.9896E-04 ( 58, 16)
n=  2739   udiff=  2.7012E-04 ( 53,  1)   vdiff=  2.9940E-04 ( 58, 16)
n=  2740   udiff=  2.6958E-04 ( 53,  1)   vdiff=  2.9056E-04 ( 58, 16)
n=  2741   udiff=  2.6864E-04 ( 53,  1)   vdiff=  2.9548E-04 ( 58, 16)
n=  2742   udiff=  2.6762E-04 ( 53,  1)   vdiff=  2.9293E-04 ( 58, 16)
n=  2743   udiff=  2.6682E-04 ( 53,  1)   vdiff=  2.9088E-04 ( 58, 16)
n=  2744   udiff=  2.6561E-04 ( 53,  1)   vdiff=  2.9092E-04 ( 58, 16)
n=  2745   udiff=  2.6479E-04 ( 53,  1)   vdiff=  2.8812E-04 ( 58, 15)
n=  2746   udiff=  2.6405E-04 ( 53,  1)   vdiff=  2.8845E-04 ( 58, 16)
n=  2747   udiff=  2.6310E-04 ( 53,  1)   vdiff=  2.8434E-04 ( 58, 16)
n=  2748   udiff=  2.6239E-04 ( 53,  1)   vdiff=  2.8869E-04 ( 58, 16)
n=  2749   udiff=  2.6110E-04 ( 53,  1)   vdiff=  2.8807E-04 ( 58, 16)
n=  2750   udiff=  2.6035E-04 ( 53,  1)   vdiff=  2.8327E-04 ( 58, 16)
n=  2751   udiff=  2.5948E-04 ( 53,  1)   vdiff=  2.8316E-04 ( 58, 16)
n=  2752   udiff=  2.5868E-04 ( 53,  1)   vdiff=  2.7890E-04 ( 58, 16)
n=  2753   udiff=  2.5772E-04 ( 53,  1)   vdiff=  2.8455E-04 ( 58, 16)
n=  2754   udiff=  2.5685E-04 ( 53,  1)   vdiff=  2.8130E-04 ( 58, 16)
n=  2755   udiff=  2.5606E-04 ( 53,  1)   vdiff=  2.7881E-04 ( 58, 16)
n=  2756   udiff=  2.5498E-04 ( 53,  1)   vdiff=  2.8125E-04 ( 58, 16)
n=  2757   udiff=  2.5423E-04 ( 53,  1)   vdiff=  2.7516E-04 ( 58, 16)
n=  2758   udiff=  2.5327E-04 ( 53,  1)   vdiff=  2.7619E-04 ( 58, 16)
n=  2759   udiff=  2.5244E-04 ( 53,  1)   vdiff=  2.7768E-04 ( 58, 16)
n=  2760   udiff=  2.5153E-04 ( 53,  1)   vdiff=  2.7338E-04 ( 58, 16)
n=  2761   udiff=  2.5073E-04 ( 53,  1)   vdiff=  2.7101E-04 ( 58, 16)
n=  2762   udiff=  2.4965E-04 ( 53,  1)   vdiff=  2.7276E-04 ( 58, 16)
n=  2763   udiff=  2.4888E-04 ( 53,  1)   vdiff=  2.6952E-04 ( 58, 15)
n=  2764   udiff=  2.4788E-04 ( 53,  1)   vdiff=  2.7211E-04 ( 58, 16)
n=  2765   udiff=  2.4723E-04 ( 54,  1)   vdiff=  2.6733E-04 ( 58, 16)
n=  2766   udiff=  2.4631E-04 ( 54,  1)   vdiff=  2.6998E-04 ( 58, 16)
n=  2767   udiff=  2.4525E-04 ( 53,  1)   vdiff=  2.6673E-04 ( 58, 16)
n=  2768   udiff=  2.4449E-04 ( 54,  1)   vdiff=  2.6927E-04 ( 58, 16)
n=  2769   udiff=  2.4357E-04 ( 54,  1)   vdiff=  2.6228E-04 ( 58, 16)
n=  2770   udiff=  2.4298E-04 ( 54,  1)   vdiff=  2.6485E-04 ( 58, 16)
n=  2771   udiff=  2.4203E-04 ( 53,  1)   vdiff=  2.6206E-04 ( 58, 16)
n=  2772   udiff=  2.4109E-04 ( 54,  1)   vdiff=  2.6276E-04 ( 58, 16)
n=  2773   udiff=  2.4034E-04 ( 54,  1)   vdiff=  2.5838E-04 ( 58, 16)
n=  2774   udiff=  2.3959E-04 ( 53,  1)   vdiff=  2.5807E-04 ( 58, 16)
n=  2775   udiff=  2.3877E-04 ( 54,  1)   vdiff=  2.5951E-04 ( 58, 16)
n=  2776   udiff=  2.3769E-04 ( 53,  1)   vdiff=  2.5584E-04 ( 58, 15)
n=  2777   udiff=  2.3707E-04 ( 54,  1)   vdiff=  2.5761E-04 ( 58, 16)
n=  2778   udiff=  2.3603E-04 ( 54,  1)   vdiff=  2.5841E-04 ( 58, 16)
n=  2779   udiff=  2.3535E-04 ( 53,  1)   vdiff=  2.5313E-04 ( 58, 16)
n=  2780   udiff=  2.3458E-04 ( 54,  1)   vdiff=  2.5390E-04 ( 58, 16)
n=  2781   udiff=  2.3370E-04 ( 54,  1)   vdiff=  2.5578E-04 ( 58, 16)
n=  2782   udiff=  2.3284E-04 ( 54,  1)   vdiff=  2.5242E-04 ( 58, 16)
n=  2783   udiff=  2.3202E-04 ( 54,  1)   vdiff=  2.4828E-04 ( 58, 16)
n=  2784   udiff=  2.3132E-04 ( 54,  1)   vdiff=  2.4955E-04 ( 58, 16)
n=  2785   udiff=  2.3073E-04 ( 54,  1)   vdiff=  2.4965E-04 ( 58, 16)
n=  2786   udiff=  2.2981E-04 ( 54,  1)   vdiff=  2.4867E-04 ( 58, 16)
n=  2787   udiff=  2.2917E-04 ( 54,  1)   vdiff=  2.4867E-04 ( 58, 16)
n=  2788   udiff=  2.2815E-04 ( 54,  1)   vdiff=  2.4780E-04 ( 58, 16)
n=  2789   udiff=  2.2739E-04 ( 54,  1)   vdiff=  2.4432E-04 ( 58, 15)
n=  2790   udiff=  2.2644E-04 ( 54,  1)   vdiff=  2.4264E-04 ( 58, 16)
n=  2791   udiff=  2.2579E-04 ( 54,  1)   vdiff=  2.4343E-04 ( 58, 16)
n=  2792   udiff=  2.2482E-04 ( 54,  1)   vdiff=  2.4301E-04 ( 58, 16)
n=  2793   udiff=  2.2404E-04 ( 54,  1)   vdiff=  2.4318E-04 ( 58, 16)
n=  2794   udiff=  2.2311E-04 ( 54,  1)   vdiff=  2.4204E-04 ( 58, 16)
n=  2795   udiff=  2.2223E-04 ( 54,  1)   vdiff=  2.3988E-04 ( 58, 16)
n=  2796   udiff=  2.2136E-04 ( 54,  1)   vdiff=  2.4091E-04 ( 58, 15)
n=  2797   udiff=  2.2107E-04 ( 54,  1)   vdiff=  2.3912E-04 ( 58, 16)
n=  2798   udiff=  2.1998E-04 ( 54,  1)   vdiff=  2.3951E-04 ( 58, 16)
n=  2799   udiff=  2.1919E-04 ( 54,  1)   vdiff=  2.3916E-04 ( 58, 16)
n=  2800   udiff=  2.1841E-04 ( 54,  1)   vdiff=  2.3559E-04 ( 58, 16)
n=  2801   udiff=  2.1776E-04 ( 54,  1)   vdiff=  2.3453E-04 ( 58, 16)
n=  2802   udiff=  2.1693E-04 ( 54,  1)   vdiff=  2.3461E-04 ( 58, 16)
n=  2803   udiff=  2.1610E-04 ( 54,  1)   vdiff=  2.3218E-04 ( 58, 16)
n=  2804   udiff=  2.1527E-04 ( 54,  1)   vdiff=  2.2886E-04 ( 58, 16)
n=  2805   udiff=  2.1449E-04 ( 54,  1)   vdiff=  2.3070E-04 ( 58, 16)
n=  2806   udiff=  2.1373E-04 ( 54,  1)   vdiff=  2.2722E-04 ( 58, 16)
n=  2807   udiff=  2.1287E-04 ( 54,  1)   vdiff=  2.3129E-04 ( 58, 16)
n=  2808   udiff=  2.1209E-04 ( 54,  1)   vdiff=  2.3120E-04 ( 58, 16)
n=  2809   udiff=  2.1127E-04 ( 54,  1)   vdiff=  2.2760E-04 ( 58, 16)
n=  2810   udiff=  2.1070E-04 ( 54,  1)   vdiff=  2.2400E-04 ( 58, 16)
n=  2811   udiff=  2.0973E-04 ( 54,  1)   vdiff=  2.2437E-04 ( 58, 16)
n=  2812   udiff=  2.0894E-04 ( 54,  1)   vdiff=  2.2636E-04 ( 58, 16)
n=  2813   udiff=  2.0827E-04 ( 54,  1)   vdiff=  2.2369E-04 ( 58, 16)
n=  2814   udiff=  2.0746E-04 ( 54,  1)   vdiff=  2.2227E-04 ( 58, 16)
n=  2815   udiff=  2.0685E-04 ( 54,  1)   vdiff=  2.2156E-04 ( 58, 16)
n=  2816   udiff=  2.0591E-04 ( 54,  1)   vdiff=  2.2292E-04 ( 58, 16)
n=  2817   udiff=  2.0515E-04 ( 54,  1)   vdiff=  2.2024E-04 ( 58, 16)
n=  2818   udiff=  2.0448E-04 ( 54,  1)   vdiff=  2.1924E-04 ( 58, 16)
n=  2819   udiff=  2.0363E-04 ( 54,  1)   vdiff=  2.1466E-04 ( 58, 16)
n=  2820   udiff=  2.0305E-04 ( 54,  1)   vdiff=  2.2079E-04 ( 58, 16)
n=  2821   udiff=  2.0202E-04 ( 54,  1)   vdiff=  2.1440E-04 ( 58, 16)
n=  2822   udiff=  2.0144E-04 ( 54,  1)   vdiff=  2.1322E-04 ( 58, 16)
n=  2823   udiff=  2.0065E-04 ( 54,  1)   vdiff=  2.1532E-04 ( 58, 16)
n=  2824   udiff=  1.9990E-04 ( 54,  1)   vdiff=  2.1068E-04 ( 58, 16)
n=  2825   udiff=  1.9914E-04 ( 54,  1)   vdiff=  2.1568E-04 ( 58, 16)
n=  2826   udiff=  1.9834E-04 ( 54,  1)   vdiff=  2.0975E-04 ( 58, 16)
n=  2827   udiff=  1.9787E-04 ( 54,  1)   vdiff=  2.1398E-04 ( 58, 16)
n=  2828   udiff=  1.9692E-04 ( 54,  1)   vdiff=  2.0931E-04 ( 58, 16)
n=  2829   udiff=  1.9615E-04 ( 54,  1)   vdiff=  2.1070E-04 ( 58, 16)
n=  2830   udiff=  1.9545E-04 ( 54,  1)   vdiff=  2.0736E-04 ( 58, 16)
n=  2831   udiff=  1.9449E-04 ( 54,  1)   vdiff=  2.1069E-04 ( 58, 16)
n=  2832   udiff=  1.9392E-04 ( 54,  1)   vdiff=  2.0533E-04 ( 58, 16)
n=  2833   udiff=  1.9308E-04 ( 54,  1)   vdiff=  2.0691E-04 ( 58, 16)
n=  2834   udiff=  1.9229E-04 ( 54,  1)   vdiff=  2.0382E-04 ( 58, 15)
n=  2835   udiff=  1.9172E-04 ( 54,  1)   vdiff=  2.0642E-04 ( 58, 16)
n=  2836   udiff=  1.9098E-04 ( 54,  1)   vdiff=  2.0320E-04 ( 58, 16)
n=  2837   udiff=  1.9025E-04 ( 54,  1)   vdiff=  2.0434E-04 ( 58, 16)
n=  2838   udiff=  1.8942E-04 ( 54,  1)   vdiff=  1.9801E-04 ( 58, 16)
n=  2839   udiff=  1.8898E-04 ( 54,  1)   vdiff=  2.0174E-04 ( 58, 16)
n=  2840   udiff=  1.8809E-04 ( 54,  1)   vdiff=  2.0315E-04 ( 58, 15)
n=  2841   udiff=  1.8745E-04 ( 54,  1)   vdiff=  1.9922E-04 ( 58, 16)
n=  2842   udiff=  1.8659E-04 ( 54,  1)   vdiff=  1.9968E-04 ( 58, 16)
n=  2843   udiff=  1.8590E-04 ( 55,  1)   vdiff=  1.9954E-04 ( 58, 16)
n=  2844   udiff=  1.8528E-04 ( 54,  1)   vdiff=  1.9237E-04 ( 58, 16)
n=  2845   udiff=  1.8415E-04 ( 54,  1)   vdiff=  1.9343E-04 ( 58, 16)
n=  2846   udiff=  1.8389E-04 ( 54,  1)   vdiff=  1.9631E-04 ( 58, 16)
n=  2847   udiff=  1.8339E-04 ( 55,  1)   vdiff=  1.9282E-04 ( 58, 15)
n=  2848   udiff=  1.8235E-04 ( 54,  1)   vdiff=  1.9028E-04 ( 58, 16)
n=  2849   udiff=  1.8157E-04 ( 54,  1)   vdiff=  1.9190E-04 ( 58, 16)
n=  2850   udiff=  1.8069E-04 ( 55,  1)   vdiff=  1.9186E-04 ( 58, 16)
n=  2851   udiff=  1.8035E-04 ( 55,  1)   vdiff=  1.9272E-04 ( 58, 16)
n=  2852   udiff=  1.7958E-04 ( 55,  1)   vdiff=  1.8903E-04 ( 58, 16)
n=  2853   udiff=  1.7893E-04 ( 55,  1)   vdiff=  1.8841E-04 ( 58, 16)
n=  2854   udiff=  1.7824E-04 ( 55,  1)   vdiff=  1.8766E-04 ( 58, 16)
n=  2855   udiff=  1.7749E-04 ( 55,  1)   vdiff=  1.8956E-04 ( 58, 16)
n=  2856   udiff=  1.7692E-04 ( 55,  1)   vdiff=  1.8841E-04 ( 58, 16)
n=  2857   udiff=  1.7614E-04 ( 55,  1)   vdiff=  1.9039E-04 ( 58, 16)
n=  2858   udiff=  1.7538E-04 ( 55,  1)   vdiff=  1.8423E-04 ( 58, 16)
n=  2859   udiff=  1.7497E-04 ( 55,  1)   vdiff=  1.8425E-04 ( 58, 16)
n=  2860   udiff=  1.7408E-04 ( 55,  1)   vdiff=  1.8420E-04 ( 58, 16)
n=  2861   udiff=  1.7352E-04 ( 55,  1)   vdiff=  1.8392E-04 ( 58, 16)
n=  2862   udiff=  1.7283E-04 ( 55,  1)   vdiff=  1.8363E-04 ( 58, 16)
n=  2863   udiff=  1.7206E-04 ( 55,  1)   vdiff=  1.8305E-04 ( 58, 16)
n=  2864   udiff=  1.7161E-04 ( 55,  1)   vdiff=  1.8154E-04 ( 58, 16)
n=  2865   udiff=  1.7080E-04 ( 55,  1)   vdiff=  1.8090E-04 ( 58, 16)
n=  2866   udiff=  1.6998E-04 ( 55,  1)   vdiff=  1.8147E-04 ( 58, 16)
n=  2867   udiff=  1.6930E-04 ( 55,  1)   vdiff=  1.7982E-04 ( 58, 16)
n=  2868   udiff=  1.6888E-04 ( 55,  1)   vdiff=  1.7884E-04 ( 58, 16)
n=  2869   udiff=  1.6842E-04 ( 55,  1)   vdiff=  1.7616E-04 ( 58, 16)
n=  2870   udiff=  1.6754E-04 ( 55,  1)   vdiff=  1.7555E-04 ( 58, 16)
n=  2871   udiff=  1.6705E-04 ( 55,  1)   vdiff=  1.7572E-04 ( 58, 16)
n=  2872   udiff=  1.6631E-04 ( 55,  1)   vdiff=  1.7553E-04 ( 58, 16)
n=  2873   udiff=  1.6552E-04 ( 55,  1)   vdiff=  1.7188E-04 ( 58, 16)
n=  2874   udiff=  1.6493E-04 ( 55,  1)   vdiff=  1.7026E-04 ( 58, 16)
n=  2875   udiff=  1.6430E-04 ( 55,  1)   vdiff=  1.7019E-04 ( 58, 16)
n=  2876   udiff=  1.6358E-04 ( 55,  1)   vdiff=  1.6985E-04 ( 58, 15)
n=  2877   udiff=  1.6271E-04 ( 55,  1)   vdiff=  1.6851E-04 ( 58, 15)
n=  2878   udiff=  1.6254E-04 ( 55,  1)   vdiff=  1.7170E-04 ( 58, 16)
n=  2879   udiff=  1.6135E-04 ( 55,  1)   vdiff=  1.6845E-04 ( 58, 16)
n=  2880   udiff=  1.6113E-04 ( 55,  1)   vdiff=  1.6896E-04 ( 58, 16)
n=  2881   udiff=  1.6032E-04 ( 55,  1)   vdiff=  1.6849E-04 ( 58, 16)
n=  2882   udiff=  1.5976E-04 ( 55,  1)   vdiff=  1.6455E-04 ( 58, 15)
n=  2883   udiff=  1.5909E-04 ( 55,  1)   vdiff=  1.6992E-04 ( 58, 16)
n=  2884   udiff=  1.5847E-04 ( 55,  1)   vdiff=  1.6771E-04 ( 58, 16)
n=  2885   udiff=  1.5765E-04 ( 55,  1)   vdiff=  1.6494E-04 ( 58, 16)
n=  2886   udiff=  1.5697E-04 ( 55,  1)   vdiff=  1.6392E-04 ( 58, 16)
n=  2887   udiff=  1.5658E-04 ( 55,  1)   vdiff=  1.5995E-04 ( 58, 16)
n=  2888   udiff=  1.5589E-04 ( 55,  1)   vdiff=  1.6403E-04 ( 58, 16)
n=  2889   udiff=  1.5542E-04 ( 55,  1)   vdiff=  1.6183E-04 ( 58, 16)
n=  2890   udiff=  1.5462E-04 ( 55,  1)   vdiff=  1.6008E-04 ( 58, 16)
n=  2891   udiff=  1.5405E-04 ( 55,  1)   vdiff=  1.6176E-04 ( 58, 16)
n=  2892   udiff=  1.5335E-04 ( 55,  1)   vdiff=  1.6108E-04 ( 58, 16)
n=  2893   udiff=  1.5302E-04 ( 55,  1)   vdiff=  1.5692E-04 ( 58, 16)
n=  2894   udiff=  1.5206E-04 ( 55,  1)   vdiff=  1.5615E-04 ( 58, 16)
n=  2895   udiff=  1.5148E-04 ( 55,  1)   vdiff=  1.5887E-04 ( 58, 16)
n=  2896   udiff=  1.5089E-04 ( 55,  1)   vdiff=  1.5679E-04 ( 58, 16)
n=  2897   udiff=  1.5039E-04 ( 55,  1)   vdiff=  1.5814E-04 ( 58, 16)
n=  2898   udiff=  1.4961E-04 ( 55,  1)   vdiff=  1.5606E-04 ( 58, 16)
n=  2899   udiff=  1.4927E-04 ( 55,  1)   vdiff=  1.5089E-04 ( 58, 16)
n=  2900   udiff=  1.4828E-04 ( 55,  1)   vdiff=  1.5619E-04 ( 58, 16)
n=  2901   udiff=  1.4795E-04 ( 55,  1)   vdiff=  1.5222E-04 ( 58, 16)
n=  2902   udiff=  1.4740E-04 ( 55,  1)   vdiff=  1.5486E-04 ( 58, 16)
n=  2903   udiff=  1.4659E-04 ( 55,  1)   vdiff=  1.5117E-04 ( 58, 16)
n=  2904   udiff=  1.4612E-04 ( 55,  1)   vdiff=  1.4845E-04 ( 58, 16)
n=  2905   udiff=  1.4560E-04 ( 55,  1)   vdiff=  1.5013E-04 ( 58, 16)
n=  2906   udiff=  1.4480E-04 ( 55,  1)   vdiff=  1.4889E-04 ( 58, 16)
n=  2907   udiff=  1.4414E-04 ( 55,  1)   vdiff=  1.4951E-04 ( 58, 16)
n=  2908   udiff=  1.4360E-04 ( 55,  1)   vdiff=  1.4627E-04 ( 58, 15)
n=  2909   udiff=  1.4324E-04 ( 55,  1)   vdiff=  1.5208E-04 ( 58, 16)
n=  2910   udiff=  1.4239E-04 ( 55,  1)   vdiff=  1.4435E-04 ( 58, 15)
n=  2911   udiff=  1.4200E-04 ( 55,  1)   vdiff=  1.4797E-04 ( 58, 16)
n=  2912   udiff=  1.4150E-04 ( 55,  1)   vdiff=  1.4756E-04 ( 58, 16)
n=  2913   udiff=  1.4054E-04 ( 56,  1)   vdiff=  1.4650E-04 ( 58, 16)
n=  2914   udiff=  1.4012E-04 ( 55,  1)   vdiff=  1.4707E-04 ( 58, 16)
n=  2915   udiff=  1.3955E-04 ( 56,  1)   vdiff=  1.4294E-04 ( 58, 16)
n=  2916   udiff=  1.3902E-04 ( 55,  1)   vdiff=  1.4499E-04 ( 58, 15)
n=  2917   udiff=  1.3843E-04 ( 56,  1)   vdiff=  1.4058E-04 ( 58, 16)
n=  2918   udiff=  1.3771E-04 ( 56,  1)   vdiff=  1.4295E-04 ( 58, 16)
n=  2919   udiff=  1.3730E-04 ( 55,  1)   vdiff=  1.4252E-04 ( 58, 16)
n=  2920   udiff=  1.3681E-04 ( 56,  1)   vdiff=  1.3900E-04 ( 58, 16)
n=  2921   udiff=  1.3610E-04 ( 56,  1)   vdiff=  1.4216E-04 ( 58, 16)
n=  2922   udiff=  1.3559E-04 ( 56,  1)   vdiff=  1.3669E-04 ( 59, 15)
n=  2923   udiff=  1.3503E-04 ( 56,  1)   vdiff=  1.3677E-04 ( 59, 16)
n=  2924   udiff=  1.3453E-04 ( 55,  1)   vdiff=  1.3884E-04 ( 58, 16)
n=  2925   udiff=  1.3386E-04 ( 55,  1)   vdiff=  1.4076E-04 ( 58, 16)
n=  2926   udiff=  1.3340E-04 ( 56,  1)   vdiff=  1.3389E-04 ( 58, 16)
n=  2927   udiff=  1.3261E-04 ( 56,  1)   vdiff=  1.3683E-04 ( 58, 16)
n=  2928   udiff=  1.3242E-04 ( 55,  1)   vdiff=  1.3751E-04 ( 58, 16)
n=  2929   udiff=  1.3165E-04 ( 56,  1)   vdiff=  1.3425E-04 ( 58, 16)
n=  2930   udiff=  1.3108E-04 ( 55,  1)   vdiff=  1.3378E-04 ( 58, 16)
n=  2931   udiff=  1.3052E-04 ( 55,  1)   vdiff=  1.3341E-04 ( 58, 16)
n=  2932   udiff=  1.2989E-04 ( 56,  1)   vdiff=  1.3476E-04 ( 58, 16)
n=  2933   udiff=  1.2958E-04 ( 56,  1)   vdiff=  1.3231E-04 ( 58, 15)
n=  2934   udiff=  1.2873E-04 ( 56,  1)   vdiff=  1.3103E-04 ( 58, 16)
n=  2935   udiff=  1.2836E-04 ( 56,  1)   vdiff=  1.3162E-04 ( 58, 16)
n=  2936   udiff=  1.2773E-04 ( 56,  1)   vdiff=  1.3095E-04 ( 58, 16)
n=  2937   udiff=  1.2735E-04 ( 56,  1)   vdiff=  1.3209E-04 ( 58, 16)
n=  2938   udiff=  1.2677E-04 ( 56,  1)   vdiff=  1.2783E-04 ( 58, 15)
n=  2939   udiff=  1.2631E-04 ( 56,  1)   vdiff=  1.2759E-04 ( 58, 15)
n=  2940   udiff=  1.2558E-04 ( 56,  1)   vdiff=  1.2896E-04 ( 58, 15)
n=  2941   udiff=  1.2537E-04 ( 56,  1)   vdiff=  1.2683E-04 ( 58, 16)
n=  2942   udiff=  1.2455E-04 ( 56,  1)   vdiff=  1.2768E-04 ( 58, 16)
n=  2943   udiff=  1.2412E-04 ( 56,  1)   vdiff=  1.2822E-04 ( 58, 16)
n=  2944   udiff=  1.2351E-04 ( 56,  1)   vdiff=  1.2911E-04 ( 58, 16)
n=  2945   udiff=  1.2326E-04 ( 56,  1)   vdiff=  1.2448E-04 ( 58, 15)
n=  2946   udiff=  1.2240E-04 ( 56,  1)   vdiff=  1.2568E-04 ( 59, 16)
n=  2947   udiff=  1.2191E-04 ( 56,  1)   vdiff=  1.2253E-04 ( 58, 15)
n=  2948   udiff=  1.2148E-04 ( 56,  1)   vdiff=  1.2241E-04 ( 58, 15)
n=  2949   udiff=  1.2100E-04 ( 56,  1)   vdiff=  1.2260E-04 ( 59, 16)
n=  2950   udiff=  1.2055E-04 ( 56,  1)   vdiff=  1.2302E-04 ( 58, 16)
n=  2951   udiff=  1.2004E-04 ( 56,  1)   vdiff=  1.2277E-04 ( 58, 16)
n=  2952   udiff=  1.1938E-04 ( 56,  1)   vdiff=  1.2162E-04 ( 58, 16)
n=  2953   udiff=  1.1899E-04 ( 56,  1)   vdiff=  1.2202E-04 ( 58, 16)
n=  2954   udiff=  1.1851E-04 ( 56,  1)   vdiff=  1.2098E-04 ( 58, 16)
n=  2955   udiff=  1.1817E-04 ( 56,  1)   vdiff=  1.1974E-04 ( 58, 16)
n=  2956   udiff=  1.1748E-04 ( 56,  1)   vdiff=  1.1926E-04 ( 58, 16)
n=  2957   udiff=  1.1686E-04 ( 56,  1)   vdiff=  1.1808E-04 ( 58, 16)
n=  2958   udiff=  1.1645E-04 ( 56,  1)   vdiff=  1.1708E-04 ( 58, 16)
n=  2959   udiff=  1.1577E-04 ( 56,  1)   vdiff=  1.1694E-04 ( 58, 16)
n=  2960   udiff=  1.1532E-04 ( 56,  1)   vdiff=  1.1747E-04 ( 58, 16)
n=  2961   udiff=  1.1483E-04 ( 56,  1)   vdiff=  1.1506E-04 ( 58, 16)
n=  2962   udiff=  1.1444E-04 ( 56,  1)   vdiff=  1.1413E-04 ( 58, 16)
n=  2963   udiff=  1.1379E-04 ( 56,  1)   vdiff=  1.1289E-04 ( 58, 16)
n=  2964   udiff=  1.1333E-04 ( 56,  1)   vdiff=  1.1494E-04 ( 59, 16)
n=  2965   udiff=  1.1274E-04 ( 56,  1)   vdiff=  1.1422E-04 ( 58, 15)
n=  2966   udiff=  1.1250E-04 ( 56,  1)   vdiff=  1.1348E-04 ( 58, 15)
n=  2967   udiff=  1.1193E-04 ( 56,  1)   vdiff=  1.1537E-04 ( 58, 16)
n=  2968   udiff=  1.1163E-04 ( 56,  1)   vdiff=  1.1504E-04 ( 58, 16)
n=  2969   udiff=  1.1086E-04 ( 56,  1)   vdiff=  1.1291E-04 ( 58, 16)
n=  2970   udiff=  1.1032E-04 ( 56,  1)   vdiff=  1.1015E-04 ( 58, 16)
n=  2971   udiff=  1.0978E-04 ( 56,  1)   vdiff=  1.0816E-04 ( 58, 16)
n=  2972   udiff=  1.0963E-04 ( 56,  1)   vdiff=  1.1050E-04 ( 58, 15)
n=  2973   udiff=  1.0899E-04 ( 56,  1)   vdiff=  1.0790E-04 ( 58, 15)
n=  2974   udiff=  1.0861E-04 ( 56,  1)   vdiff=  1.1137E-04 ( 58, 16)
n=  2975   udiff=  1.0793E-04 ( 56,  1)   vdiff=  1.1045E-04 ( 58, 16)
n=  2976   udiff=  1.0749E-04 ( 56,  1)   vdiff=  1.0802E-04 ( 58, 16)
n=  2977   udiff=  1.0700E-04 ( 56,  1)   vdiff=  1.0700E-04 ( 58, 16)
n=  2978   udiff=  1.0670E-04 ( 56,  1)   vdiff=  1.0533E-04 ( 58, 15)
n=  2979   udiff=  1.0605E-04 ( 56,  1)   vdiff=  1.0494E-04 ( 59, 16)
n=  2980   udiff=  1.0570E-04 ( 56,  1)   vdiff=  1.0657E-04 ( 58, 16)
n=  2981   udiff=  1.0525E-04 ( 56,  1)   vdiff=  1.0612E-04 ( 58, 15)
n=  2982   udiff=  1.0473E-04 ( 56,  1)   vdiff=  1.0225E-04 ( 58, 15)
n=  2983   udiff=  1.0441E-04 ( 56,  1)   vdiff=  1.0411E-04 ( 59, 16)
n=  2984   udiff=  1.0378E-04 ( 56,  1)   vdiff=  1.0549E-04 ( 58, 16)
n=  2985   udiff=  1.0343E-04 ( 56,  1)   vdiff=  1.0385E-04 ( 58, 16)
n=  2986   udiff=  1.0293E-04 ( 56,  1)   vdiff=  1.0128E-04 ( 59, 16)
n=  2987   udiff=  1.0251E-04 ( 56,  1)   vdiff=  1.0369E-04 ( 58, 16)
n=  2988   udiff=  1.0213E-04 ( 56,  1)   vdiff=  1.0310E-04 ( 58, 15)
n=  2989   udiff=  1.0174E-04 ( 56,  1)   vdiff=  9.9244E-05 ( 58, 16)
n=  2990   udiff=  1.0096E-04 ( 56,  1)   vdiff=  9.7611E-05 ( 58, 16)
n=  2991   udiff=  1.0053E-04 ( 56,  1)   vdiff=  1.0050E-04 ( 58, 16)
n=  2992   udiff=  1.0017E-04 ( 56,  1)   vdiff=  9.9069E-05 ( 58, 16)
n=  2993   udiff=  9.9988E-05 ( 57,  1)   vdiff=  1.0093E-04 ( 58, 16)
n=  2994   udiff=  9.9265E-05 ( 56,  1)   vdiff=  9.9966E-05 ( 59, 16)
n=  2995   udiff=  9.8864E-05 ( 56,  1)   vdiff=  9.7646E-05 ( 58, 16)
n=  2996   udiff=  9.8401E-05 ( 56,  1)   vdiff=  1.0119E-04 ( 58, 16)
n=  2997   udiff=  9.7832E-05 ( 56,  1)   vdiff=  9.6532E-05 ( 59, 15)
n=  2998   udiff=  9.7518E-05 ( 57,  1)   vdiff=  9.3711E-05 ( 59, 16)
n=  2999   udiff=  9.7391E-05 ( 56,  1)   vdiff=  9.8430E-05 ( 58, 16)
n=  3000   udiff=  9.6634E-05 ( 57,  1)   vdiff=  9.3915E-05 ( 58, 16)
n=  3001   udiff=  9.6147E-05 ( 56,  1)   vdiff=  9.5873E-05 ( 58, 15)
n=  3002   udiff=  9.5866E-05 ( 57,  1)   vdiff=  9.5417E-05 ( 58, 16)
n=  3003   udiff=  9.5215E-05 ( 56,  1)   vdiff=  9.3246E-05 ( 58, 16)
n=  3004   udiff=  9.4735E-05 ( 56,  1)   vdiff=  9.4176E-05 ( 58, 16)
n=  3005   udiff=  9.4469E-05 ( 57,  1)   vdiff=  9.3209E-05 ( 58, 16)
n=  3006   udiff=  9.4090E-05 ( 56,  1)   vdiff=  9.4307E-05 ( 58, 16)
n=  3007   udiff=  9.3754E-05 ( 57,  1)   vdiff=  9.1433E-05 ( 58, 16)
n=  3008   udiff=  9.3213E-05 ( 57,  1)   vdiff=  9.1759E-05 ( 59, 16)
n=  3009   udiff=  9.2704E-05 ( 57,  1)   vdiff=  9.1470E-05 ( 58, 16)
n=  3010   udiff=  9.2542E-05 ( 57,  1)   vdiff=  9.2275E-05 ( 59, 16)
n=  3011   udiff=  9.2188E-05 ( 57,  1)   vdiff=  8.9009E-05 ( 58, 16)
n=  3012   udiff=  9.1615E-05 ( 57,  1)   vdiff=  8.7776E-05 ( 58, 15)
n=  3013   udiff=  9.1174E-05 ( 57,  1)   vdiff=  9.1769E-05 ( 59, 16)
n=  3014   udiff=  9.0888E-05 ( 57,  1)   vdiff=  9.0752E-05 ( 58, 16)
n=  3015   udiff=  9.0428E-05 ( 57,  1)   vdiff=  8.9610E-05 ( 59, 15)
n=  3016   udiff=  8.9879E-05 ( 57,  1)   vdiff=  8.9379E-05 ( 58, 16)
n=  3017   udiff=  8.9605E-05 ( 57,  1)   vdiff=  8.7892E-05 ( 58, 15)
n=  3018   udiff=  8.9345E-05 ( 57,  1)   vdiff=  8.7901E-05 ( 58, 16)
n=  3019   udiff=  8.8647E-05 ( 57,  1)   vdiff=  8.5984E-05 ( 58, 15)
n=  3020   udiff=  8.8459E-05 ( 57,  1)   vdiff=  8.7739E-05 ( 58, 16)
n=  3021   udiff=  8.7805E-05 ( 57,  1)   vdiff=  8.3954E-05 ( 58, 15)
n=  3022   udiff=  8.7743E-05 ( 57,  1)   vdiff=  8.6087E-05 ( 59, 16)
n=  3023   udiff=  8.7003E-05 ( 57,  1)   vdiff=  8.4369E-05 ( 58, 15)
n=  3024   udiff=  8.6691E-05 ( 57,  1)   vdiff=  8.4447E-05 ( 58, 16)
n=  3025   udiff=  8.6209E-05 ( 57,  1)   vdiff=  8.6534E-05 ( 58, 16)
n=  3026   udiff=  8.5916E-05 ( 57,  1)   vdiff=  8.4149E-05 ( 58, 15)
n=  3027   udiff=  8.5568E-05 ( 57,  1)   vdiff=  8.3977E-05 ( 59, 16)
n=  3028   udiff=  8.5269E-05 ( 57,  1)   vdiff=  7.9915E-05 ( 58, 15)
n=  3029   udiff=  8.4533E-05 ( 57,  1)   vdiff=  8.1426E-05 ( 58, 15)
n=  3030   udiff=  8.4304E-05 ( 57,  1)   vdiff=  8.1338E-05 ( 58, 16)
n=  3031   udiff=  8.4046E-05 ( 57,  1)   vdiff=  8.0281E-05 ( 59, 15)
n=  3032   udiff=  8.3582E-05 ( 57,  1)   vdiff=  7.9873E-05 ( 58, 15)
n=  3033   udiff=  8.3255E-05 ( 57,  1)   vdiff=  7.9733E-05 ( 58, 16)
n=  3034   udiff=  8.2595E-05 ( 57,  1)   vdiff=  7.8486E-05 ( 58, 16)
n=  3035   udiff=  8.2483E-05 ( 57,  1)   vdiff=  8.1615E-05 ( 58, 15)
n=  3036   udiff=  8.2057E-05 ( 57,  1)   vdiff=  7.9717E-05 ( 58, 16)
n=  3037   udiff=  8.1562E-05 ( 57,  1)   vdiff=  7.9596E-05 ( 59, 16)
n=  3038   udiff=  8.1136E-05 ( 57,  1)   vdiff=  7.9033E-05 ( 58, 16)
n=  3039   udiff=  8.0978E-05 ( 57,  1)   vdiff=  7.9556E-05 ( 58, 16)
n=  3040   udiff=  8.0718E-05 ( 57,  1)   vdiff=  7.8917E-05 ( 59, 16)
n=  3041   udiff=  8.0068E-05 ( 57,  1)   vdiff=  7.7739E-05 ( 58, 16)
n=  3042   udiff=  7.9837E-05 ( 57,  1)   vdiff=  7.7192E-05 ( 58, 15)
n=  3043   udiff=  7.9446E-05 ( 57,  1)   vdiff=  7.6112E-05 ( 58, 16)
n=  3044   udiff=  7.8825E-05 ( 57,  1)   vdiff=  7.4390E-05 ( 59, 15)
n=  3045   udiff=  7.8565E-05 ( 57,  1)   vdiff=  7.6091E-05 ( 58, 16)
n=  3046   udiff=  7.8248E-05 ( 57,  1)   vdiff=  7.8043E-05 ( 58, 16)
n=  3047   udiff=  7.7819E-05 ( 57,  1)   vdiff=  7.6236E-05 ( 58, 15)
n=  3048   udiff=  7.7576E-05 ( 57,  1)   vdiff=  7.2648E-05 ( 59, 15)
n=  3049   udiff=  7.7150E-05 ( 57,  1)   vdiff=  7.3283E-05 ( 59, 15)
n=  3050   udiff=  7.6662E-05 ( 57,  1)   vdiff=  7.4015E-05 ( 58, 16)
n=  3051   udiff=  7.6364E-05 ( 57,  1)   vdiff=  7.6210E-05 ( 58, 16)
n=  3052   udiff=  7.5818E-05 ( 57,  1)   vdiff=  7.2906E-05 ( 59, 16)
n=  3053   udiff=  7.5578E-05 ( 57,  1)   vdiff=  7.0847E-05 ( 59, 16)
n=  3054   udiff=  7.5402E-05 ( 57,  1)   vdiff=  7.2397E-05 ( 58, 16)
n=  3055   udiff=  7.5092E-05 ( 57,  1)   vdiff=  7.3700E-05 ( 58, 16)
n=  3056   udiff=  7.4634E-05 ( 57,  1)   vdiff=  7.3078E-05 ( 58, 16)
n=  3057   udiff=  7.4423E-05 ( 57,  1)   vdiff=  6.8120E-05 ( 59, 16)
n=  3058   udiff=  7.3891E-05 ( 57,  1)   vdiff=  6.8389E-05 ( 59, 16)
n=  3059   udiff=  7.3644E-05 ( 58,  1)   vdiff=  6.8555E-05 ( 59, 16)
n=  3060   udiff=  7.3153E-05 ( 57,  1)   vdiff=  6.9896E-05 ( 59, 16)
n=  3061   udiff=  7.2835E-05 ( 57,  1)   vdiff=  6.8831E-05 ( 59, 16)
n=  3062   udiff=  7.2693E-05 ( 58,  1)   vdiff=  7.0811E-05 ( 58, 16)
n=  3063   udiff=  7.2183E-05 ( 57,  1)   vdiff=  6.8067E-05 ( 59, 16)
n=  3064   udiff=  7.1851E-05 ( 58,  1)   vdiff=  6.8280E-05 ( 59, 16)
n=  3065   udiff=  7.1515E-05 ( 58,  1)   vdiff=  6.4910E-05 ( 59, 16)
n=  3066   udiff=  7.1273E-05 ( 57,  1)   vdiff=  6.7093E-05 ( 59, 16)
n=  3067   udiff=  7.1102E-05 ( 58,  1)   vdiff=  6.7693E-05 ( 59, 16)
n=  3068   udiff=  7.0375E-05 ( 57,  1)   vdiff=  6.8409E-05 ( 59, 16)
n=  3069   udiff=  7.0123E-05 ( 57,  1)   vdiff=  6.8688E-05 ( 58, 16)
n=  3070   udiff=  6.9796E-05 ( 57,  1)   vdiff=  6.8047E-05 ( 58, 16)
n=  3071   udiff=  6.9644E-05 ( 57,  1)   vdiff=  6.8881E-05 ( 58, 16)
n=  3072   udiff=  6.9118E-05 ( 58,  1)   vdiff=  6.6250E-05 ( 59, 16)
n=  3073   udiff=  6.9014E-05 ( 58,  1)   vdiff=  6.4544E-05 ( 58, 15)
n=  3074   udiff=  6.8754E-05 ( 58,  1)   vdiff=  6.4750E-05 ( 58, 16)
n=  3075   udiff=  6.8292E-05 ( 57,  1)   vdiff=  6.4866E-05 ( 59, 16)
n=  3076   udiff=  6.7925E-05 ( 58,  1)   vdiff=  6.2421E-05 ( 58, 16)
n=  3077   udiff=  6.7765E-05 ( 57,  1)   vdiff=  6.3016E-05 ( 59, 16)
n=  3078   udiff=  6.7296E-05 ( 58,  1)   vdiff=  6.3554E-05 ( 58, 16)
n=  3079   udiff=  6.6764E-05 ( 57,  1)   vdiff=  6.2651E-05 ( 58, 16)
n=  3080   udiff=  6.6534E-05 ( 57,  1)   vdiff=  6.1757E-05 ( 58, 16)
n=  3081   udiff=  6.6160E-05 ( 58,  1)   vdiff=  6.2243E-05 ( 58, 16)
n=  3082   udiff=  6.6005E-05 ( 58,  1)   vdiff=  6.0658E-05 ( 58, 16)
n=  3083   udiff=  6.5539E-05 ( 58,  1)   vdiff=  6.0573E-05 ( 58, 15)
n=  3084   udiff=  6.5251E-05 ( 58,  1)   vdiff=  6.1300E-05 ( 59, 16)
n=  3085   udiff=  6.5067E-05 ( 58,  1)   vdiff=  6.3193E-05 ( 59, 15)
n=  3086   udiff=  6.4526E-05 ( 58,  1)   vdiff=  5.9559E-05 ( 58, 15)
n=  3087   udiff=  6.4372E-05 ( 58,  1)   vdiff=  6.2711E-05 ( 59, 15)
n=  3088   udiff=  6.4141E-05 ( 58,  1)   vdiff=  5.8034E-05 ( 58, 16)
n=  3089   udiff=  6.3754E-05 ( 58,  1)   vdiff=  6.1541E-05 ( 59, 15)
n=  3090   udiff=  6.3340E-05 ( 58,  1)   vdiff=  6.3068E-05 ( 58, 15)
n=  3091   udiff=  6.3254E-05 ( 58,  1)   vdiff=  6.1498E-05 ( 59, 15)
n=  3092   udiff=  6.2550E-05 ( 58,  1)   vdiff=  5.9901E-05 ( 58, 15)
n=  3093   udiff=  6.2463E-05 ( 58,  1)   vdiff=  5.9485E-05 ( 58, 15)
n=  3094   udiff=  6.2304E-05 ( 58,  1)   vdiff=  5.9510E-05 ( 58, 15)
n=  3095   udiff=  6.1985E-05 ( 58,  1)   vdiff=  5.7325E-05 ( 58, 16)
n=  3096   udiff=  6.1628E-05 ( 58,  1)   vdiff=  5.6496E-05 ( 59, 15)
n=  3097   udiff=  6.1280E-05 ( 58,  1)   vdiff=  5.6184E-05 ( 58, 15)
n=  3098   udiff=  6.1081E-05 ( 58,  1)   vdiff=  5.5962E-05 ( 58, 16)
n=  3099   udiff=  6.0767E-05 ( 58,  1)   vdiff=  5.4587E-05 ( 58, 15)
n=  3100   udiff=  6.0539E-05 ( 58,  1)   vdiff=  5.3830E-05 ( 58, 16)
n=  3101   udiff=  6.0305E-05 ( 58,  1)   vdiff=  5.8803E-05 ( 59, 16)
n=  3102   udiff=  5.9789E-05 ( 58,  1)   vdiff=  5.4920E-05 ( 59, 16)
n=  3103   udiff=  5.9489E-05 ( 58,  1)   vdiff=  5.6173E-05 ( 59, 16)
n=  3104   udiff=  5.9255E-05 ( 59,  1)   vdiff=  5.5284E-05 ( 58, 16)
n=  3105   udiff=  5.9092E-05 ( 58,  1)   vdiff=  5.5780E-05 ( 58, 16)
n=  3106   udiff=  5.8656E-05 ( 58,  1)   vdiff=  5.5502E-05 ( 58, 16)
n=  3107   udiff=  5.8399E-05 ( 58,  1)   vdiff=  5.3713E-05 ( 58, 16)
n=  3108   udiff=  5.8208E-05 ( 58,  1)   vdiff=  5.3075E-05 ( 58, 16)
n=  3109   udiff=  5.7910E-05 ( 58,  1)   vdiff=  5.2059E-05 ( 58, 15)
n=  3110   udiff=  5.7510E-05 ( 58,  1)   vdiff=  5.5109E-05 ( 59, 16)
n=  3111   udiff=  5.7279E-05 ( 58,  1)   vdiff=  5.1286E-05 ( 59, 16)
n=  3112   udiff=  5.7099E-05 ( 58,  1)   vdiff=  5.4716E-05 ( 59, 15)
n=  3113   udiff=  5.6868E-05 ( 58,  1)   vdiff=  5.3799E-05 ( 58, 15)
n=  3114   udiff=  5.6322E-05 ( 58,  1)   vdiff=  5.0197E-05 ( 59, 15)
n=  3115   udiff=  5.6011E-05 ( 58,  1)   vdiff=  5.0386E-05 ( 58, 16)
n=  3116   udiff=  5.5695E-05 ( 58,  1)   vdiff=  4.9240E-05 ( 58, 16)
n=  3117   udiff=  5.5631E-05 ( 58,  1)   vdiff=  5.2571E-05 ( 59, 16)
n=  3118   udiff=  5.5264E-05 ( 58,  1)   vdiff=  5.0257E-05 ( 59, 16)
n=  3119   udiff=  5.5244E-05 ( 58,  1)   vdiff=  5.0511E-05 ( 58, 16)
n=  3120   udiff=  5.4577E-05 ( 58,  1)   vdiff=  4.9784E-05 ( 58, 16)
n=  3121   udiff=  5.4332E-05 ( 58,  1)   vdiff=  4.8003E-05 ( 58, 16)
n=  3122   udiff=  5.4092E-05 ( 58,  1)   vdiff=  5.2014E-05 ( 59, 16)
n=  3123   udiff=  5.3822E-05 ( 59,  1)   vdiff=  4.8565E-05 ( 59, 16)
n=  3124   udiff=  5.3539E-05 ( 59,  1)   vdiff=  5.2488E-05 ( 58, 16)
n=  3125   udiff=  5.3359E-05 ( 58,  1)   vdiff=  4.8032E-05 ( 58, 15)
n=  3126   udiff=  5.3046E-05 ( 58,  1)   vdiff=  4.7098E-05 ( 58, 16)
n=  3127   udiff=  5.2721E-05 ( 58,  1)   vdiff=  4.8481E-05 ( 59, 16)
n=  3128   udiff=  5.2530E-05 ( 58,  1)   vdiff=  4.8504E-05 ( 59, 16)
n=  3129   udiff=  5.2237E-05 ( 58,  1)   vdiff=  4.7697E-05 ( 58, 16)
n=  3130   udiff=  5.2069E-05 ( 58,  1)   vdiff=  4.6144E-05 ( 58, 16)
n=  3131   udiff=  5.1782E-05 ( 58,  1)   vdiff=  4.5610E-05 ( 58, 16)
n=  3132   udiff=  5.1487E-05 ( 58,  1)   vdiff=  4.6987E-05 ( 59, 16)
n=  3133   udiff=  5.1151E-05 ( 58,  1)   vdiff=  4.6763E-05 ( 58, 16)
n=  3134   udiff=  5.0830E-05 ( 59,  1)   vdiff=  4.7235E-05 ( 58, 16)
n=  3135   udiff=  5.0460E-05 ( 59,  1)   vdiff=  4.3926E-05 ( 58, 16)
n=  3136   udiff=  5.0497E-05 ( 59,  1)   vdiff=  4.7521E-05 ( 59, 16)
n=  3137   udiff=  5.0238E-05 ( 59,  1)   vdiff=  4.7166E-05 ( 58, 16)
n=  3138   udiff=  4.9913E-05 ( 58,  1)   vdiff=  4.4496E-05 ( 58, 15)
n=  3139   udiff=  4.9680E-05 ( 58,  1)   vdiff=  4.2935E-05 ( 58, 16)
n=  3140   udiff=  4.9537E-05 ( 58,  1)   vdiff=  4.6194E-05 ( 59, 16)
n=  3141   udiff=  4.9344E-05 ( 59,  1)   vdiff=  4.4492E-05 ( 58, 16)
n=  3142   udiff=  4.8873E-05 ( 59,  1)   vdiff=  4.3599E-05 ( 58, 16)
n=  3143   udiff=  4.8720E-05 ( 59,  1)   vdiff=  4.4719E-05 ( 59, 16)
n=  3144   udiff=  4.8423E-05 ( 59,  1)   vdiff=  4.5191E-05 ( 58, 16)
n=  3145   udiff=  4.8317E-05 ( 59,  1)   vdiff=  4.2423E-05 ( 58, 16)
n=  3146   udiff=  4.7875E-05 ( 59,  1)   vdiff=  4.1639E-05 ( 58, 16)
n=  3147   udiff=  4.7799E-05 ( 59,  1)   vdiff=  4.3386E-05 ( 59, 16)
n=  3148   udiff=  4.7459E-05 ( 59,  1)   vdiff=  4.2315E-05 ( 59, 16)
n=  3149   udiff=  4.7179E-05 ( 59,  1)   vdiff=  4.0640E-05 ( 58, 16)
n=  3150   udiff=  4.6886E-05 ( 59,  1)   vdiff=  4.1666E-05 ( 59, 15)
n=  3151   udiff=  4.6857E-05 ( 59,  1)   vdiff=  4.2314E-05 ( 58, 16)
n=  3152   udiff=  4.6505E-05 ( 59,  1)   vdiff=  3.9806E-05 ( 58, 16)
n=  3153   udiff=  4.6304E-05 ( 59,  1)   vdiff=  4.2612E-05 ( 59, 16)
n=  3154   udiff=  4.6051E-05 ( 59,  1)   vdiff=  4.1593E-05 ( 58, 16)
n=  3155   udiff=  4.5827E-05 ( 59,  1)   vdiff=  3.9757E-05 ( 58, 16)
n=  3156   udiff=  4.5744E-05 ( 59,  1)   vdiff=  4.1131E-05 ( 59, 16)
n=  3157   udiff=  4.5312E-05 ( 59,  1)   vdiff=  4.0932E-05 ( 58, 16)
n=  3158   udiff=  4.5255E-05 ( 59,  1)   vdiff=  4.0950E-05 ( 58, 15)
n=  3159   udiff=  4.5087E-05 ( 59,  1)   vdiff=  3.9509E-05 ( 59, 16)
n=  3160   udiff=  4.4533E-05 ( 59,  1)   vdiff=  3.7971E-05 ( 59, 15)
n=  3161   udiff=  4.4532E-05 ( 59,  1)   vdiff=  3.9009E-05 ( 58, 15)
n=  3162   udiff=  4.4319E-05 ( 59,  1)   vdiff=  4.0324E-05 ( 58, 16)
n=  3163   udiff=  4.4078E-05 ( 59,  1)   vdiff=  3.6082E-05 ( 59, 14)
n=  3164   udiff=  4.3771E-05 ( 59,  1)   vdiff=  4.2145E-05 ( 59, 16)
n=  3165   udiff=  4.3637E-05 ( 59,  1)   vdiff=  3.7213E-05 ( 58, 16)
n=  3166   udiff=  4.3188E-05 ( 59,  1)   vdiff=  3.9612E-05 ( 58, 15)
n=  3167   udiff=  4.3076E-05 ( 59,  1)   vdiff=  3.9617E-05 ( 59, 16)
n=  3168   udiff=  4.2853E-05 ( 59,  1)   vdiff=  3.7413E-05 ( 58, 16)
n=  3169   udiff=  4.2523E-05 ( 60,  1)   vdiff=  3.7994E-05 ( 59, 16)
n=  3170   udiff=  4.2552E-05 ( 59,  1)   vdiff=  3.8267E-05 ( 59, 15)
n=  3171   udiff=  4.2302E-05 ( 60,  1)   vdiff=  3.6584E-05 ( 58, 15)
n=  3172   udiff=  4.2106E-05 ( 59,  1)   vdiff=  3.8928E-05 ( 59, 15)
n=  3173   udiff=  4.1816E-05 ( 60,  1)   vdiff=  3.4437E-05 ( 58, 16)
n=  3174   udiff=  4.1720E-05 ( 60,  1)   vdiff=  3.8846E-05 ( 59, 16)
n=  3175   udiff=  4.1576E-05 ( 59,  1)   vdiff=  3.5441E-05 ( 58, 16)
n=  3176   udiff=  4.1184E-05 ( 60,  1)   vdiff=  3.5234E-05 ( 58, 15)
n=  3177   udiff=  4.0879E-05 ( 60,  1)   vdiff=  3.6497E-05 ( 58, 16)
n=  3178   udiff=  4.0615E-05 ( 59,  1)   vdiff=  3.5875E-05 ( 58, 15)
n=  3179   udiff=  4.0620E-05 ( 59,  1)   vdiff=  3.8394E-05 ( 59, 16)
n=  3180   udiff=  4.0133E-05 ( 60,  1)   vdiff=  3.6111E-05 ( 58, 15)
n=  3181   udiff=  4.0003E-05 ( 60,  1)   vdiff=  3.7141E-05 ( 59, 15)
n=  3182   udiff=  3.9719E-05 ( 60,  1)   vdiff=  3.3831E-05 ( 58, 16)
n=  3183   udiff=  3.9830E-05 ( 59,  1)   vdiff=  3.3302E-05 ( 58, 15)
n=  3184   udiff=  3.9440E-05 ( 60,  1)   vdiff=  3.4285E-05 ( 58, 16)
n=  3185   udiff=  3.9321E-05 ( 59,  1)   vdiff=  3.4109E-05 ( 58, 15)
n=  3186   udiff=  3.8936E-05 ( 60,  1)   vdiff=  3.3741E-05 ( 59, 15)
n=  3187   udiff=  3.8773E-05 ( 60,  1)   vdiff=  3.3877E-05 ( 58, 15)
n=  3188   udiff=  3.8766E-05 ( 60,  1)   vdiff=  3.5163E-05 ( 59, 16)
n=  3189   udiff=  3.8457E-05 ( 59,  1)   vdiff=  3.2921E-05 ( 58, 15)
n=  3190   udiff=  3.8236E-05 ( 60,  1)   vdiff=  3.5778E-05 ( 59, 16)
n=  3191   udiff=  3.8027E-05 ( 59,  1)   vdiff=  3.3127E-05 ( 58, 15)
n=  3192   udiff=  3.7967E-05 ( 59,  1)   vdiff=  3.3791E-05 ( 59, 15)
n=  3193   udiff=  3.7663E-05 ( 60,  1)   vdiff=  3.3218E-05 ( 58, 15)
n=  3194   udiff=  3.7510E-05 ( 59,  1)   vdiff=  3.3384E-05 ( 59, 16)
n=  3195   udiff=  3.7335E-05 ( 60,  1)   vdiff=  3.1690E-05 ( 58, 15)
n=  3196   udiff=  3.7089E-05 ( 60,  1)   vdiff=  3.4572E-05 ( 59, 16)
n=  3197   udiff=  3.6928E-05 ( 59,  1)   vdiff=  3.2295E-05 ( 58, 16)
n=  3198   udiff=  3.6589E-05 ( 60,  1)   vdiff=  3.0306E-05 ( 58, 16)
n=  3199   udiff=  3.6299E-05 ( 59,  1)   vdiff=  3.1812E-05 ( 58, 16)
n=  3200   udiff=  3.6127E-05 ( 61,  1)   vdiff=  3.1539E-05 ( 59, 15)
n=  3201   udiff=  3.6035E-05 ( 60,  1)   vdiff=  2.8850E-05 ( 58, 15)
n=  3202   udiff=  3.5931E-05 ( 59,  1)   vdiff=  3.2424E-05 ( 59, 16)
n=  3203   udiff=  3.5717E-05 ( 60,  1)   vdiff=  3.0353E-05 ( 58, 15)
n=  3204   udiff=  3.5615E-05 ( 60,  1)   vdiff=  3.1129E-05 ( 59, 15)
n=  3205   udiff=  3.5307E-05 ( 60,  1)   vdiff=  3.0548E-05 ( 58, 15)
n=  3206   udiff=  3.5178E-05 ( 60,  1)   vdiff=  3.1295E-05 ( 59, 15)
n=  3207   udiff=  3.4885E-05 ( 60,  1)   vdiff=  2.9956E-05 ( 58, 15)
n=  3208   udiff=  3.4671E-05 ( 60,  1)   vdiff=  2.9873E-05 ( 59, 16)
n=  3209   udiff=  3.4617E-05 ( 60,  1)   vdiff=  2.7813E-05 ( 58, 16)
n=  3210   udiff=  3.4466E-05 ( 60,  1)   vdiff=  2.9120E-05 ( 59, 15)
n=  3211   udiff=  3.4251E-05 ( 60,  1)   vdiff=  2.7417E-05 ( 59, 16)
n=  3212   udiff=  3.4059E-05 ( 61,  1)   vdiff=  2.9133E-05 ( 58, 16)
n=  3213   udiff=  3.3774E-05 ( 60,  1)   vdiff=  2.5629E-05 ( 58, 15)
n=  3214   udiff=  3.3660E-05 ( 60,  1)   vdiff=  2.9062E-05 ( 59, 16)
n=  3215   udiff=  3.3605E-05 ( 61,  1)   vdiff=  2.6538E-05 ( 58, 14)
n=  3216   udiff=  3.3459E-05 ( 60,  1)   vdiff=  2.6520E-05 ( 58, 15)
n=  3217   udiff=  3.3150E-05 ( 61,  1)   vdiff=  3.0379E-05 ( 59, 15)
n=  3218   udiff=  3.2741E-05 ( 61,  1)   vdiff=  2.5972E-05 ( 58, 15)
n=  3219   udiff=  3.2714E-05 ( 61,  1)   vdiff=  2.7578E-05 ( 58, 16)
n=  3220   udiff=  3.2802E-05 ( 61,  1)   vdiff=  2.4481E-05 ( 58, 14)
n=  3221   udiff=  3.2362E-05 ( 60,  1)   vdiff=  2.7606E-05 ( 59, 16)
n=  3222   udiff=  3.2093E-05 ( 61,  1)   vdiff=  2.4227E-05 ( 59, 16)
n=  3223   udiff=  3.2027E-05 ( 61,  1)   vdiff=  2.5934E-05 ( 59, 15)
n=  3224   udiff=  3.1834E-05 ( 60,  1)   vdiff=  2.9877E-05 ( 59, 15)
n=  3225   udiff=  3.1652E-05 ( 61,  1)   vdiff=  2.5500E-05 ( 59, 16)
n=  3226   udiff=  3.1543E-05 ( 60,  1)   vdiff=  2.6658E-05 ( 59, 15)
n=  3227   udiff=  3.1461E-05 ( 61,  1)   vdiff=  2.4496E-05 ( 58, 17)
n=  3228   udiff=  3.1244E-05 ( 61,  1)   vdiff=  2.5924E-05 ( 59, 16)
n=  3229   udiff=  3.0995E-05 ( 61,  1)   vdiff=  2.5988E-05 ( 58, 16)
n=  3230   udiff=  3.1021E-05 ( 62,  1)   vdiff=  2.3313E-05 ( 59, 15)
n=  3231   udiff=  3.0868E-05 ( 61,  1)   vdiff=  2.6727E-05 ( 59, 16)
n=  3232   udiff=  3.0506E-05 ( 60,  1)   vdiff=  2.4791E-05 ( 59, 14)
n=  3233   udiff=  3.0325E-05 ( 60,  1)   vdiff=  2.4871E-05 ( 59, 15)
n=  3234   udiff=  3.0265E-05 ( 60,  1)   vdiff=  2.6115E-05 ( 58, 16)
n=  3235   udiff=  3.0046E-05 ( 60,  1)   vdiff=  2.5025E-05 ( 59, 16)
n=  3236   udiff=  2.9813E-05 ( 60,  1)   vdiff=  2.4699E-05 ( 59, 15)
n=  3237   udiff=  2.9583E-05 ( 60,  1)   vdiff=  2.2196E-05 ( 59, 14)
n=  3238   udiff=  2.9494E-05 ( 61,  1)   vdiff=  2.5604E-05 ( 59, 16)
n=  3239   udiff=  2.9361E-05 ( 61,  1)   vdiff=  2.5683E-05 ( 59, 16)
n=  3240   udiff=  2.9279E-05 ( 61,  1)   vdiff=  2.2403E-05 ( 59, 16)
n=  3241   udiff=  2.9215E-05 ( 61,  1)   vdiff=  2.3277E-05 ( 59, 16)
n=  3242   udiff=  2.9029E-05 ( 61,  1)   vdiff=  2.5280E-05 ( 58, 15)
n=  3243   udiff=  2.8910E-05 ( 61,  1)   vdiff=  2.3713E-05 ( 59, 16)
n=  3244   udiff=  2.8766E-05 ( 61,  1)   vdiff=  2.3554E-05 ( 59, 16)
n=  3245   udiff=  2.8415E-05 ( 61,  1)   vdiff=  2.1784E-05 ( 57, 15)
n=  3246   udiff=  2.8137E-05 ( 61,  1)   vdiff=  2.3689E-05 ( 59, 15)
n=  3247   udiff=  2.8059E-05 ( 61,  1)   vdiff=  2.3480E-05 ( 59, 16)
n=  3248   udiff=  2.8060E-05 ( 61,  1)   vdiff=  2.0132E-05 ( 59, 16)
n=  3249   udiff=  2.7753E-05 ( 61,  1)   vdiff=  2.2311E-05 ( 59, 14)
n=  3250   udiff=  2.7495E-05 ( 61,  1)   vdiff=  2.3623E-05 ( 58, 16)
n=  3251   udiff=  2.7517E-05 ( 61,  1)   vdiff=  2.1334E-05 ( 59, 16)
n=  3252   udiff=  2.7292E-05 ( 62,  1)   vdiff=  2.0653E-05 ( 59, 15)
n=  3253   udiff=  2.7323E-05 ( 62,  1)   vdiff=  2.2257E-05 ( 58, 16)
n=  3254   udiff=  2.7197E-05 ( 62,  1)   vdiff=  2.1709E-05 ( 58, 15)
n=  3255   udiff=  2.6957E-05 ( 62,  1)   vdiff=  2.4027E-05 ( 59, 16)
n=  3256   udiff=  2.6897E-05 ( 62,  1)   vdiff=  2.0749E-05 ( 58, 16)
n=  3257   udiff=  2.6885E-05 ( 62,  1)   vdiff=  2.3412E-05 ( 58, 16)
n=  3258   udiff=  2.6682E-05 ( 62,  1)   vdiff=  2.1330E-05 ( 59, 15)
n=  3259   udiff=  2.6570E-05 ( 62,  1)   vdiff=  2.1995E-05 ( 59, 15)
n=  3260   udiff=  2.6332E-05 ( 62,  1)   vdiff=  2.0951E-05 ( 58, 15)
n=  3261   udiff=  2.5983E-05 ( 60,  1)   vdiff=  2.1604E-05 ( 59, 15)
n=  3262   udiff=  2.5978E-05 ( 62,  1)   vdiff=  2.0774E-05 ( 59, 15)
n=  3263   udiff=  2.5702E-05 ( 62,  1)   vdiff=  2.0507E-05 ( 58, 16)
n=  3264   udiff=  2.5484E-05 ( 62,  1)   vdiff=  2.0813E-05 ( 59, 16)
n=  3265   udiff=  2.5404E-05 ( 62,  1)   vdiff=  2.1488E-05 ( 59, 15)
n=  3266   udiff=  2.5256E-05 ( 62,  1)   vdiff=  1.9922E-05 ( 58, 15)
n=  3267   udiff=  2.5303E-05 ( 62,  1)   vdiff=  1.7700E-05 ( 59, 15)
n=  3268   udiff=  2.5085E-05 ( 62,  1)   vdiff=  2.2378E-05 ( 59, 16)
n=  3269   udiff=  2.4962E-05 ( 62,  1)   vdiff=  2.0618E-05 ( 58, 16)
n=  3270   udiff=  2.4970E-05 ( 62,  1)   vdiff=  1.9722E-05 ( 59, 16)
n=  3271   udiff=  2.4658E-05 ( 62,  1)   vdiff=  1.9352E-05 ( 59, 15)
n=  3272   udiff=  2.4614E-05 ( 61,  1)   vdiff=  1.7905E-05 ( 60, 15)
n=  3273   udiff=  2.4447E-05 ( 62,  1)   vdiff=  2.1111E-05 ( 58, 16)
n=  3274   udiff=  2.4224E-05 ( 62,  1)   vdiff=  1.9709E-05 ( 59, 16)
n=  3275   udiff=  2.3922E-05 ( 63,  1)   vdiff=  1.9068E-05 ( 59, 15)
n=  3276   udiff=  2.3994E-05 ( 61,  1)   vdiff=  1.7785E-05 ( 58, 17)
n=  3277   udiff=  2.3784E-05 ( 61,  1)   vdiff=  2.0708E-05 ( 58, 16)
n=  3278   udiff=  2.3670E-05 ( 62,  1)   vdiff=  2.1426E-05 ( 59, 16)
n=  3279   udiff=  2.3546E-05 ( 62,  1)   vdiff=  1.6071E-05 ( 58, 16)
n=  3280   udiff=  2.3387E-05 ( 62,  1)   vdiff=  1.7480E-05 ( 58, 16)
n=  3281   udiff=  2.3448E-05 ( 62,  1)   vdiff=  1.8615E-05 ( 59, 14)
n=  3282   udiff=  2.3301E-05 ( 62,  1)   vdiff=  2.0501E-05 ( 59, 15)
n=  3283   udiff=  2.3227E-05 ( 62,  1)   vdiff=  1.6063E-05 ( 58, 16)
n=  3284   udiff=  2.3071E-05 ( 64,  1)   vdiff=  1.6965E-05 ( 58, 16)
n=  3285   udiff=  2.2941E-05 ( 62,  1)   vdiff=  1.7059E-05 ( 59, 16)
n=  3286   udiff=  2.2849E-05 ( 63,  1)   vdiff=  1.8811E-05 ( 59, 15)
n=  3287   udiff=  2.2674E-05 ( 62,  1)   vdiff=  1.6165E-05 ( 58, 14)
n=  3288   udiff=  2.2524E-05 ( 61,  1)   vdiff=  1.7839E-05 ( 59, 16)
n=  3289   udiff=  2.2370E-05 ( 62,  1)   vdiff=  1.9021E-05 ( 59, 16)
n=  3290   udiff=  2.2436E-05 ( 61,  1)   vdiff=  1.5814E-05 ( 57, 15)
n=  3291   udiff=  2.2091E-05 ( 62,  1)   vdiff=  1.5453E-05 ( 58, 16)
n=  3292   udiff=  2.2000E-05 ( 63,  1)   vdiff=  1.5816E-05 ( 59, 14)
n=  3293   udiff=  2.1794E-05 ( 63,  1)   vdiff=  1.7530E-05 ( 59, 16)
n=  3294   udiff=  2.1645E-05 ( 62,  1)   vdiff=  1.5649E-05 ( 57, 16)
n=  3295   udiff=  2.1507E-05 ( 64,  1)   vdiff=  1.5278E-05 ( 57, 15)
n=  3296   udiff=  2.1510E-05 ( 62,  1)   vdiff=  1.6842E-05 ( 58, 16)
n=  3297   udiff=  2.1250E-05 ( 63,  1)   vdiff=  1.7875E-05 ( 59, 16)
n=  3298   udiff=  2.1161E-05 ( 63,  1)   vdiff=  1.8295E-05 ( 59, 15)
n=  3299   udiff=  2.1047E-05 ( 63,  1)   vdiff=  1.4276E-05 ( 60, 15)
n=  3300   udiff=  2.0870E-05 ( 64,  1)   vdiff=  1.4251E-05 ( 59, 16)
n=  3301   udiff=  2.0715E-05 ( 61,  1)   vdiff=  1.5743E-05 ( 58, 16)
n=  3302   udiff=  2.0776E-05 ( 62,  1)   vdiff=  1.6249E-05 ( 59, 14)
n=  3303   udiff=  2.0706E-05 ( 64,  1)   vdiff=  1.2262E-05 ( 59, 16)
n=  3304   udiff=  2.0600E-05 ( 62,  1)   vdiff=  1.3522E-05 ( 58, 17)
n=  3305   udiff=  2.0489E-05 ( 63,  1)   vdiff=  1.2942E-05 ( 59, 15)
n=  3306   udiff=  2.0379E-05 ( 62,  1)   vdiff=  1.5796E-05 ( 59, 16)
n=  3307   udiff=  2.0253E-05 ( 64,  1)   vdiff=  1.5915E-05 ( 58, 15)
n=  3308   udiff=  2.0005E-05 ( 63,  1)   vdiff=  1.5701E-05 ( 59, 14)
n=  3309   udiff=  1.9934E-05 ( 62,  1)   vdiff=  1.3371E-05 ( 59, 15)
n=  3310   udiff=  1.9934E-05 ( 64,  1)   vdiff=  1.4923E-05 ( 58, 17)
n=  3311   udiff=  1.9815E-05 ( 65,  1)   vdiff=  1.3301E-05 ( 59, 15)
n=  3312   udiff=  1.9524E-05 ( 66,  1)   vdiff=  1.5007E-05 ( 58, 15)
n=  3313   udiff=  1.9454E-05 ( 63,  1)   vdiff=  1.3919E-05 ( 59, 16)
n=  3314   udiff=  1.9494E-05 ( 63,  1)   vdiff=  1.4875E-05 ( 59, 16)
n=  3315   udiff=  1.9456E-05 ( 63,  1)   vdiff=  1.5209E-05 ( 59, 16)
n=  3316   udiff=  1.9298E-05 ( 62,  1)   vdiff=  1.3442E-05 ( 58, 15)
n=  3317   udiff=  1.9119E-05 ( 63,  1)   vdiff=  1.2956E-05 ( 60, 15)
n=  3318   udiff=  1.9232E-05 ( 63,  1)   vdiff=  1.3318E-05 ( 59, 15)
n=  3319   udiff=  1.9054E-05 ( 62,  1)   vdiff=  1.5494E-05 ( 59, 16)
n=  3320   udiff=  1.8864E-05 ( 63,  1)   vdiff=  1.5877E-05 ( 59, 16)
n=  3321   udiff=  1.8950E-05 ( 63,  1)   vdiff=  1.4978E-05 ( 58, 15)
n=  3322   udiff=  1.8699E-05 ( 62,  1)   vdiff=  1.3387E-05 ( 58, 15)
n=  3323   udiff=  1.8628E-05 ( 63,  1)   vdiff=  1.2483E-05 ( 59, 15)
n=  3324   udiff=  1.8393E-05 ( 64,  1)   vdiff=  1.3359E-05 ( 60, 14)
n=  3325   udiff=  1.8339E-05 ( 64,  1)   vdiff=  1.4497E-05 ( 59, 15)
n=  3326   udiff=  1.8155E-05 ( 62,  1)   vdiff=  1.4192E-05 ( 58, 16)
n=  3327   udiff=  1.8088E-05 ( 64,  1)   vdiff=  1.3882E-05 ( 58, 15)
n=  3328   udiff=  1.7944E-05 ( 63,  1)   vdiff=  1.2202E-05 ( 59, 15)
n=  3329   udiff=  1.7825E-05 ( 63,  1)   vdiff=  1.2776E-05 ( 59, 15)
n=  3330   udiff=  1.7818E-05 ( 64,  1)   vdiff=  1.2137E-05 ( 59, 16)
n=  3331   udiff=  1.7709E-05 ( 63,  1)   vdiff=  1.2407E-05 ( 59, 15)
n=  3332   udiff=  1.7680E-05 ( 63,  1)   vdiff=  1.1954E-05 ( 58, 16)
n=  3333   udiff=  1.7551E-05 ( 63,  1)   vdiff=  1.0934E-05 ( 58, 15)
n=  3334   udiff=  1.7396E-05 ( 64,  1)   vdiff=  1.3104E-05 ( 59, 16)
n=  3335   udiff=  1.7453E-05 ( 65,  1)   vdiff=  1.2427E-05 ( 59, 15)
n=  3336   udiff=  1.7259E-05 ( 64,  1)   vdiff=  1.2233E-05 ( 59, 16)
n=  3337   udiff=  1.7164E-05 ( 64,  1)   vdiff=  1.1866E-05 ( 60, 15)
n=  3338   udiff=  1.7201E-05 ( 65,  1)   vdiff=  1.1031E-05 ( 58, 16)
n=  3339   udiff=  1.7095E-05 ( 64,  1)   vdiff=  1.0797E-05 ( 57, 16)
n=  3340   udiff=  1.6918E-05 ( 64,  1)   vdiff=  1.0995E-05 ( 59, 14)
n=  3341   udiff=  1.6912E-05 ( 65,  1)   vdiff=  1.3399E-05 ( 59, 15)
n=  3342   udiff=  1.6749E-05 ( 64,  1)   vdiff=  1.5039E-05 ( 59, 16)
n=  3343   udiff=  1.6682E-05 ( 65,  1)   vdiff=  1.0540E-05 ( 58, 16)
n=  3344   udiff=  1.6565E-05 ( 64,  1)   vdiff=  1.1022E-05 ( 58, 15)
n=  3345   udiff=  1.6437E-05 ( 64,  1)   vdiff=  1.1440E-05 ( 58, 16)
n=  3346   udiff=  1.6585E-05 ( 65,  1)   vdiff=  1.0362E-05 ( 59, 14)
n=  3347   udiff=  1.6288E-05 ( 64,  1)   vdiff=  1.0836E-05 ( 59, 15)
n=  3348   udiff=  1.6213E-05 ( 64,  1)   vdiff=  1.2815E-05 ( 59, 15)
n=  3349   udiff=  1.6083E-05 ( 64,  1)   vdiff=  1.0979E-05 ( 58, 16)
n=  3350   udiff=  1.5921E-05 ( 66,  1)   vdiff=  1.0499E-05 ( 60, 15)
n=  3351   udiff=  1.5833E-05 ( 66,  1)   vdiff=  1.1211E-05 ( 58, 16)
n=  3352   udiff=  1.5776E-05 ( 66,  1)   vdiff=  1.1678E-05 ( 59, 16)
n=  3353   udiff=  1.5646E-05 ( 66,  1)   vdiff=  1.1683E-05 ( 59, 16)
n=  3354   udiff=  1.5540E-05 ( 66,  1)   vdiff=  1.1521E-05 ( 59, 16)
n=  3355   udiff=  1.5521E-05 ( 66,  1)   vdiff=  1.1976E-05 ( 59, 15)
n=  3356   udiff=  1.5454E-05 ( 66,  1)   vdiff=  9.9664E-06 ( 59, 14)
n=  3357   udiff=  1.5358E-05 ( 66,  1)   vdiff=  1.0707E-05 ( 58, 16)
n=  3358   udiff=  1.5331E-05 ( 66,  1)   vdiff=  9.2280E-06 ( 58, 16)
n=  3359   udiff=  1.5222E-05 ( 66,  1)   vdiff=  9.5115E-06 ( 59, 16)
n=  3360   udiff=  1.5113E-05 ( 66,  1)   vdiff=  9.0281E-06 ( 60, 15)
n=  3361   udiff=  1.4989E-05 ( 66,  1)   vdiff=  1.1176E-05 ( 59, 16)
n=  3362   udiff=  1.4919E-05 ( 66,  1)   vdiff=  1.1572E-05 ( 59, 16)
n=  3363   udiff=  1.4882E-05 ( 66,  1)   vdiff=  1.2329E-05 ( 59, 15)
n=  3364   udiff=  1.4714E-05 ( 68,  1)   vdiff=  9.6012E-06 ( 59, 14)
n=  3365   udiff=  1.4729E-05 ( 66,  1)   vdiff=  8.2241E-06 ( 48, 12)
n=  3366   udiff=  1.4554E-05 ( 66,  1)   vdiff=  9.4894E-06 ( 58, 14)
n=  3367   udiff=  1.4635E-05 ( 67,  1)   vdiff=  8.9402E-06 ( 58, 14)
n=  3368   udiff=  1.4405E-05 ( 68,  1)   vdiff=  9.5115E-06 ( 59, 16)
n=  3369   udiff=  1.4361E-05 ( 68,  1)   vdiff=  8.6135E-06 ( 59, 16)
n=  3370   udiff=  1.4339E-05 ( 68,  1)   vdiff=  1.0068E-05 ( 60, 16)
n=  3371   udiff=  1.4151E-05 ( 68,  1)   vdiff=  1.0683E-05 ( 59, 15)
n=  3372   udiff=  1.4224E-05 ( 67,  1)   vdiff=  8.1685E-06 ( 49, 11)
n=  3373   udiff=  1.4068E-05 ( 68,  1)   vdiff=  7.5795E-06 ( 60, 14)
n=  3374   udiff=  1.4008E-05 ( 65,  1)   vdiff=  7.5136E-06 ( 48, 12)
n=  3375   udiff=  1.4030E-05 ( 67,  1)   vdiff=  8.8327E-06 ( 58, 17)
n=  3376   udiff=  1.3756E-05 ( 68,  1)   vdiff=  9.0396E-06 ( 58, 17)
n=  3377   udiff=  1.3807E-05 ( 68,  1)   vdiff=  8.1085E-06 ( 58, 16)
n=  3378   udiff=  1.3699E-05 ( 68,  1)   vdiff=  9.9338E-06 ( 59, 16)
n=  3379   udiff=  1.3723E-05 ( 66,  1)   vdiff=  9.3395E-06 ( 60, 16)
n=  3380   udiff=  1.3520E-05 ( 67,  1)   vdiff=  8.7108E-06 ( 58, 15)
n=  3381   udiff=  1.3503E-05 ( 65,  1)   vdiff=  9.3202E-06 ( 58, 14)
n=  3382   udiff=  1.3407E-05 ( 68,  1)   vdiff=  8.2265E-06 ( 59, 16)
n=  3383   udiff=  1.3373E-05 ( 67,  1)   vdiff=  8.1606E-06 ( 59, 14)
n=  3384   udiff=  1.3314E-05 ( 66,  1)   vdiff=  8.6944E-06 ( 60, 14)
n=  3385   udiff=  1.3161E-05 ( 64,  1)   vdiff=  8.0054E-06 ( 59, 16)
n=  3386   udiff=  1.3142E-05 ( 66,  1)   vdiff=  7.6125E-06 ( 58, 16)
n=  3387   udiff=  1.3029E-05 ( 64,  1)   vdiff=  7.9515E-06 ( 49, 11)
n=  3388   udiff=  1.3036E-05 ( 65,  1)   vdiff=  7.6212E-06 ( 49, 15)
n=  3389   udiff=  1.3071E-05 ( 69,  1)   vdiff=  8.6673E-06 ( 58, 15)
n=  3390   udiff=  1.2843E-05 ( 68,  1)   vdiff=  8.3974E-06 ( 58, 15)
n=  3391   udiff=  1.2839E-05 ( 67,  1)   vdiff=  7.1657E-06 ( 59, 15)
n=  3392   udiff=  1.2803E-05 ( 69,  1)   vdiff=  8.1767E-06 ( 59, 17)
n=  3393   udiff=  1.2703E-05 ( 68,  1)   vdiff=  7.1099E-06 ( 48, 12)
n=  3394   udiff=  1.2675E-05 ( 65,  1)   vdiff=  7.2844E-06 ( 59, 14)
n=  3395   udiff=  1.2556E-05 ( 69,  1)   vdiff=  7.3390E-06 ( 60, 14)
n=  3396   udiff=  1.2499E-05 ( 67,  1)   vdiff=  8.5293E-06 ( 59, 16)
n=  3397   udiff=  1.2354E-05 ( 68,  1)   vdiff=  9.0762E-06 ( 59, 16)
n=  3398   udiff=  1.2316E-05 ( 69,  1)   vdiff=  8.5442E-06 ( 58, 16)
n=  3399   udiff=  1.2267E-05 ( 70,  1)   vdiff=  6.5528E-06 ( 50, 12)
n=  3400   udiff=  1.2202E-05 ( 67,  1)   vdiff=  6.5907E-06 ( 47, 12)
n=  3401   udiff=  1.2079E-05 ( 72,  1)   vdiff=  7.5713E-06 ( 51,  9)
n=  3402   udiff=  1.2150E-05 ( 68,  1)   vdiff=  6.4928E-06 ( 51, 10)
n=  3403   udiff=  1.1964E-05 ( 71,  1)   vdiff=  7.4719E-06 ( 49, 11)
n=  3404   udiff=  1.1975E-05 ( 68,  1)   vdiff=  7.0555E-06 ( 49, 15)
n=  3405   udiff=  1.1851E-05 ( 67,  1)   vdiff=  7.8772E-06 ( 59, 15)
n=  3406   udiff=  1.1820E-05 ( 68,  1)   vdiff=  7.3534E-06 ( 59, 15)
n=  3407   udiff=  1.1860E-05 ( 70,  1)   vdiff=  8.1443E-06 ( 59, 15)
n=  3408   udiff=  1.1656E-05 ( 74,  1)   vdiff=  6.4830E-06 ( 59, 15)
n=  3409   udiff=  1.1631E-05 ( 72,  1)   vdiff=  6.7518E-06 ( 59, 15)
n=  3410   udiff=  1.1588E-05 ( 69,  1)   vdiff=  6.6256E-06 ( 50, 12)
n=  3411   udiff=  1.1576E-05 ( 68,  1)   vdiff=  6.3050E-06 ( 49, 16)
n=  3412   udiff=  1.1435E-05 ( 72,  1)   vdiff=  6.5238E-06 ( 49, 12)
n=  3413   udiff=  1.1365E-05 ( 69,  1)   vdiff=  7.5795E-06 ( 58, 16)
n=  3414   udiff=  1.1377E-05 ( 72,  1)   vdiff=  7.1534E-06 ( 49, 11)
n=  3415   udiff=  1.1295E-05 ( 71,  1)   vdiff=  6.3421E-06 ( 49, 15)
n=  3416   udiff=  1.1607E-05 ( 61, 12)   vdiff=  6.7640E-06 ( 51, 12)
n=  3417   udiff=  1.1186E-05 ( 72,  1)   vdiff=  6.4191E-06 ( 58, 13)
n=  3418   udiff=  1.1163E-05 ( 71,  1)   vdiff=  6.6434E-06 ( 59, 15)
n=  3419   udiff=  1.1098E-05 ( 72,  1)   vdiff=  8.1709E-06 ( 59, 15)
n=  3420   udiff=  1.1057E-05 ( 66,  1)   vdiff=  7.3643E-06 ( 59, 15)
n=  3421   udiff=  1.0991E-05 ( 72,  1)   vdiff=  7.6460E-06 ( 59, 15)
n=  3422   udiff=  1.0946E-05 ( 71,  1)   vdiff=  6.2062E-06 ( 59, 16)
n=  3423   udiff=  1.0906E-05 ( 72,  1)   vdiff=  6.3112E-06 ( 48, 15)
n=  3424   udiff=  1.0782E-05 ( 69,  1)   vdiff=  6.2064E-06 ( 48, 14)
n=  3425   udiff=  1.0767E-05 ( 71,  1)   vdiff=  6.4209E-06 ( 49, 10)
n=  3426   udiff=  1.0777E-05 ( 69,  1)   vdiff=  6.5679E-06 ( 52, 14)
n=  3427   udiff=  1.0698E-05 ( 72,  1)   vdiff=  5.9125E-06 ( 49, 14)
n=  3428   udiff=  1.0627E-05 ( 71,  1)   vdiff=  6.4978E-06 ( 49, 15)
n=  3429   udiff=  1.0615E-05 ( 67,  1)   vdiff=  5.9682E-06 ( 48, 15)
n=  3430   udiff=  1.0573E-05 ( 72,  1)   vdiff=  5.9947E-06 ( 49, 16)
n=  3431   udiff=  1.0405E-05 ( 71,  1)   vdiff=  6.1899E-06 ( 50, 14)
n=  3432   udiff=  1.0415E-05 ( 70,  1)   vdiff=  6.3918E-06 ( 54, 11)
n=  3433   udiff=  1.0427E-05 ( 67,  1)   vdiff=  5.9799E-06 ( 51, 10)
n=  3434   udiff=  1.0318E-05 ( 70,  1)   vdiff=  6.4392E-06 ( 52, 13)
n=  3435   udiff=  1.0234E-05 ( 71,  1)   vdiff=  6.3615E-06 ( 51, 12)
n=  3436   udiff=  1.0247E-05 ( 67,  1)   vdiff=  6.3083E-06 ( 59, 15)
n=  3437   udiff=  1.0207E-05 ( 72,  1)   vdiff=  6.2721E-06 ( 59, 15)
n=  3438   udiff=  1.0096E-05 ( 67,  1)   vdiff=  6.4107E-06 ( 50, 13)
n=  3439   udiff=  1.0063E-05 ( 74,  1)   vdiff=  6.3847E-06 ( 51, 10)
n=  3440   udiff=  1.0019E-05 ( 70,  1)   vdiff=  6.6368E-06 ( 59, 15)
n=  3441   udiff=  1.0008E-05 ( 67,  1)   vdiff=  5.7229E-06 ( 51, 11)
n=  3442   udiff=  9.8779E-06 ( 70,  1)   vdiff=  5.9285E-06 ( 49, 12)
n=  3443   udiff=  9.9557E-06 ( 72,  1)   vdiff=  5.6337E-06 ( 48, 15)
n=  3444   udiff=  9.8108E-06 ( 70,  1)   vdiff=  5.8271E-06 ( 50, 13)
n=  3445   udiff=  9.7911E-06 ( 74,  1)   vdiff=  6.1320E-06 ( 53, 16)
n=  3446   udiff=  9.7552E-06 ( 70,  1)   vdiff=  6.0900E-06 ( 54, 14)
n=  3447   udiff=  9.6362E-06 ( 77,  1)   vdiff=  6.0098E-06 ( 51, 10)
n=  3448   udiff=  9.6018E-06 ( 74,  1)   vdiff=  7.6383E-06 ( 60, 13)
n=  3449   udiff=  9.5785E-06 ( 71,  1)   vdiff=  5.5779E-06 ( 50, 17)
n=  3450   udiff=  9.5110E-06 ( 77,  1)   vdiff=  5.7829E-06 ( 52, 15)
n=  3451   udiff=  9.4662E-06 ( 76,  1)   vdiff=  5.8694E-06 ( 49, 16)
n=  3452   udiff=  9.4221E-06 ( 71,  1)   vdiff=  5.5830E-06 ( 50, 13)
n=  3453   udiff=  9.3898E-06 ( 76,  1)   vdiff=  6.1021E-06 ( 59, 16)
n=  3454   udiff=  9.3393E-06 ( 77,  1)   vdiff=  7.5543E-06 ( 57, 11)
n=  3455   udiff=  9.3012E-06 ( 76,  1)   vdiff=  8.4344E-06 ( 59, 16)
n=  3456   udiff=  9.2716E-06 ( 77,  1)   vdiff=  6.1978E-06 ( 59, 16)
n=  3457   udiff=  9.2337E-06 ( 76,  1)   vdiff=  6.2520E-06 ( 59, 15)
n=  3458   udiff=  9.1917E-06 ( 77,  1)   vdiff=  7.1539E-06 ( 60, 16)
n=  3459   udiff=  9.1690E-06 ( 74,  1)   vdiff=  5.8611E-06 ( 49, 16)
n=  3460   udiff=  9.1208E-06 ( 76,  1)   vdiff=  6.3130E-06 ( 59, 15)
n=  3461   udiff=  9.0774E-06 ( 77,  1)   vdiff=  5.9232E-06 ( 51, 10)
n=  3462   udiff=  9.0210E-06 ( 73,  1)   vdiff=  5.7615E-06 ( 51, 12)
n=  3463   udiff=  8.9917E-06 ( 78,  1)   vdiff=  6.4958E-06 ( 56, 13)
n=  3464   udiff=  8.9646E-06 ( 77,  1)   vdiff=  5.8130E-06 ( 50, 17)
n=  3465   udiff=  8.9018E-06 ( 78,  1)   vdiff=  6.4981E-06 ( 58, 18)
n=  3466   udiff=  8.8844E-06 ( 78,  1)   vdiff=  5.9849E-06 ( 58, 14)
n=  3467   udiff=  8.8323E-06 ( 78,  1)   vdiff=  5.7607E-06 ( 54, 13)
n=  3468   udiff=  8.8236E-06 ( 73,  1)   vdiff=  5.8898E-06 ( 59, 10)
n=  3469   udiff=  8.7459E-06 ( 78,  1)   vdiff=  6.7829E-06 ( 54, 12)
n=  3470   udiff=  8.6994E-06 ( 79,  1)   vdiff=  7.9382E-06 ( 55, 13)
n=  3471   udiff=  8.7021E-06 ( 74,  1)   vdiff=  6.8300E-06 ( 54, 12)
n=  3472   udiff=  8.6240E-06 ( 78,  1)   vdiff=  6.0569E-06 ( 54, 12)
n=  3473   udiff=  8.6054E-06 ( 75,  1)   vdiff=  6.9454E-06 ( 52, 13)
n=  3474   udiff=  8.5548E-06 ( 77,  1)   vdiff=  5.7521E-06 ( 52, 12)
n=  3475   udiff=  8.5259E-06 ( 76,  1)   vdiff=  5.9728E-06 ( 54, 12)
n=  3476   udiff=  8.4466E-06 ( 74,  1)   vdiff=  5.5027E-06 ( 51, 12)
n=  3477   udiff=  8.4683E-06 ( 78,  1)   vdiff=  5.6015E-06 ( 51, 12)
n=  3478   udiff=  9.6959E-06 ( 60, 12)   vdiff=  6.3688E-06 ( 60, 13)
n=  3479   udiff=  8.3403E-06 ( 77,  1)   vdiff=  6.3652E-06 ( 60, 14)
n=  3480   udiff=  8.3302E-06 ( 76,  1)   vdiff=  5.8263E-06 ( 52, 11)
n=  3481   udiff=  8.3183E-06 ( 73,  1)   vdiff=  5.6097E-06 ( 52, 11)
n=  3482   udiff=  8.2646E-06 ( 74,  1)   vdiff=  6.3098E-06 ( 58, 10)
n=  3483   udiff=  8.2475E-06 ( 76,  1)   vdiff=  5.4027E-06 ( 52, 14)
n=  3484   udiff=  8.1718E-06 ( 77,  1)   vdiff=  6.0847E-06 ( 56, 18)
n=  3485   udiff=  8.1507E-06 ( 77,  1)   vdiff=  5.5210E-06 ( 51, 10)
n=  3486   udiff=  8.0975E-06 ( 76,  1)   vdiff=  5.7763E-06 ( 60, 10)
n=  3487   udiff=  8.0638E-06 ( 77,  1)   vdiff=  5.4565E-06 ( 54, 13)
n=  3488   udiff=  8.0291E-06 ( 79,  1)   vdiff=  5.9122E-06 ( 61, 13)
n=  3489   udiff=  7.9916E-06 ( 80,  1)   vdiff=  6.1256E-06 ( 54, 12)
n=  3490   udiff=  7.9334E-06 ( 80,  1)   vdiff=  6.6948E-06 ( 54, 13)
n=  3491   udiff=  7.8918E-06 ( 80,  1)   vdiff=  7.3537E-06 ( 54, 13)
n=  3492   udiff=  7.8526E-06 ( 77,  1)   vdiff=  6.6840E-06 ( 55, 13)
n=  3493   udiff=  7.8403E-06 ( 80,  1)   vdiff=  5.9461E-06 ( 51, 12)
n=  3494   udiff=  7.7620E-06 ( 79,  1)   vdiff=  6.5297E-06 ( 60, 16)
n=  3495   udiff=  7.7620E-06 ( 79,  1)   vdiff=  5.6339E-06 ( 60, 10)
n=  3496   udiff=  7.7419E-06 ( 78,  1)   vdiff=  5.4302E-06 ( 51, 15)
n=  3497   udiff=  7.7141E-06 ( 77,  1)   vdiff=  5.3764E-06 ( 53, 14)
n=  3498   udiff=  7.6705E-06 ( 82,  1)   vdiff=  5.9040E-06 ( 53, 13)
n=  3499   udiff=  7.6209E-06 ( 83,  1)   vdiff=  5.6801E-06 ( 53, 14)
n=  3500   udiff=  7.5962E-06 ( 81,  1)   vdiff=  5.7853E-06 ( 52, 14)
n=  3501   udiff=  7.5834E-06 ( 82,  1)   vdiff=  5.7997E-06 ( 52, 14)
n=  3502   udiff=  7.5270E-06 ( 77,  1)   vdiff=  5.8603E-06 ( 59, 16)
n=  3503   udiff=  7.4664E-06 ( 83,  1)   vdiff=  6.1319E-06 ( 53, 15)
n=  3504   udiff=  7.4516E-06 ( 78,  1)   vdiff=  5.9350E-06 ( 59, 16)
n=  3505   udiff=  7.4468E-06 ( 82,  1)   vdiff=  6.4284E-06 ( 54, 15)
n=  3506   udiff=  7.3762E-06 ( 78,  1)   vdiff=  6.2348E-06 ( 59, 16)
n=  3507   udiff=  7.3569E-06 ( 78,  1)   vdiff=  5.9611E-06 ( 54, 11)
n=  3508   udiff=  7.3673E-06 ( 79,  1)   vdiff=  6.1854E-06 ( 54, 11)
n=  3509   udiff=  7.2810E-06 ( 82,  1)   vdiff=  5.4897E-06 ( 54, 12)
n=  3510   udiff=  7.2593E-06 ( 82,  1)   vdiff=  5.7056E-06 ( 54, 12)
n=  3511   udiff=  7.2597E-06 ( 78,  1)   vdiff=  5.8475E-06 ( 54, 12)
n=  3512   udiff=  7.2245E-06 ( 80,  1)   vdiff=  5.5504E-06 ( 55, 13)
n=  3513   udiff=  7.1785E-06 ( 78,  1)   vdiff=  5.9232E-06 ( 59, 11)
n=  3514   udiff=  7.1605E-06 ( 79,  1)   vdiff=  6.6041E-06 ( 54, 13)
n=  3515   udiff=  7.1372E-06 ( 82,  1)   vdiff=  6.8625E-06 ( 55, 12)
n=  3516   udiff=  7.0739E-06 ( 81,  1)   vdiff=  6.8517E-06 ( 55, 12)
n=  3517   udiff=  7.0953E-06 ( 61, 12)   vdiff=  6.4954E-06 ( 55, 14)
n=  3518   udiff=  6.9959E-06 ( 81,  1)   vdiff=  6.5373E-06 ( 55, 14)
n=  3519   udiff=  6.9910E-06 ( 80,  1)   vdiff=  6.3650E-06 ( 54, 14)
n=  3520   udiff=  6.9436E-06 ( 82,  1)   vdiff=  5.0920E-06 ( 56, 10)
n=  3521   udiff=  6.9311E-06 ( 82,  1)   vdiff=  5.1617E-06 ( 57, 18)
n=  3522   udiff=  6.9081E-06 ( 80,  1)   vdiff=  5.1408E-06 ( 50, 13)
n=  3523   udiff=  6.8695E-06 ( 82,  1)   vdiff=  6.1309E-06 ( 52, 13)
n=  3524   udiff=  6.8517E-06 ( 82,  1)   vdiff=  5.6011E-06 ( 54, 15)
n=  3525   udiff=  6.8062E-06 ( 82,  1)   vdiff=  6.6237E-06 ( 53, 15)
n=  3526   udiff=  6.8053E-06 ( 80,  1)   vdiff=  5.3069E-06 ( 52, 15)
n=  3527   udiff=  6.7477E-06 ( 82,  1)   vdiff=  6.5175E-06 ( 54, 11)
n=  3528   udiff=  6.7271E-06 ( 81,  1)   vdiff=  5.5849E-06 ( 54, 11)
n=  3529   udiff=  6.6958E-06 ( 82,  1)   vdiff=  6.1571E-06 ( 55, 11)
n=  3530   udiff=  6.6697E-06 ( 81,  1)   vdiff=  5.4607E-06 ( 54, 11)
n=  3531   udiff=  6.6377E-06 ( 82,  1)   vdiff=  6.0467E-06 ( 54, 11)
n=  3532   udiff=  6.5986E-06 ( 82,  1)   vdiff=  5.7067E-06 ( 53, 13)
n=  3533   udiff=  6.5555E-06 ( 80,  1)   vdiff=  6.0142E-06 ( 58, 10)
n=  3534   udiff=  6.5736E-06 ( 81,  1)   vdiff=  5.5546E-06 ( 53, 13)
n=  3535   udiff=  6.5489E-06 ( 82,  1)   vdiff=  5.3268E-06 ( 52, 16)
n=  3536   udiff=  6.5013E-06 ( 83,  1)   vdiff=  6.0094E-06 ( 60, 11)
n=  3537   udiff=  6.4816E-06 ( 84,  1)   vdiff=  6.0703E-06 ( 53, 14)
n=  3538   udiff=  6.4315E-06 ( 82,  1)   vdiff=  6.6661E-06 ( 54, 14)
n=  3539   udiff=  6.4117E-06 ( 81,  1)   vdiff=  6.4820E-06 ( 55, 14)
n=  3540   udiff=  6.3778E-06 ( 84,  1)   vdiff=  6.5165E-06 ( 55, 14)
n=  3541   udiff=  6.3502E-06 ( 85,  1)   vdiff=  6.0683E-06 ( 55, 14)
n=  3542   udiff=  6.3399E-06 ( 81,  1)   vdiff=  5.4890E-06 ( 54, 13)
n=  3543   udiff=  6.3236E-06 ( 82,  1)   vdiff=  5.2039E-06 ( 54, 13)
n=  3544   udiff=  6.2540E-06 ( 81,  1)   vdiff=  5.1822E-06 ( 54, 13)
n=  3545   udiff=  6.2560E-06 ( 81,  1)   vdiff=  5.6570E-06 ( 60, 12)
n=  3546   udiff=  6.2045E-06 ( 82,  1)   vdiff=  5.1757E-06 ( 56, 15)
n=  3547   udiff=  6.1754E-06 ( 83,  1)   vdiff=  4.7938E-06 ( 54, 12)
n=  3548   udiff=  6.1375E-06 ( 85,  1)   vdiff=  6.6943E-06 ( 54, 15)
n=  3549   udiff=  6.1394E-06 ( 84,  1)   vdiff=  5.9544E-06 ( 54, 11)
n=  3550   udiff=  6.0927E-06 ( 82,  1)   vdiff=  5.3443E-06 ( 54, 12)
n=  3551   udiff=  6.0490E-06 ( 81,  1)   vdiff=  5.5524E-06 ( 54, 11)
n=  3552   udiff=  6.0342E-06 ( 85,  1)   vdiff=  5.7965E-06 ( 54, 11)
n=  3553   udiff=  6.0140E-06 ( 85,  1)   vdiff=  5.7009E-06 ( 53, 13)
n=  3554   udiff=  6.0005E-06 ( 81,  1)   vdiff=  6.4022E-06 ( 53, 12)
n=  3555   udiff=  5.9820E-06 ( 86,  1)   vdiff=  5.3397E-06 ( 54, 12)
n=  3556   udiff=  5.9463E-06 ( 85,  1)   vdiff=  4.7081E-06 ( 56, 11)
n=  3557   udiff=  5.9333E-06 ( 85,  1)   vdiff=  5.4186E-06 ( 53, 14)
n=  3558   udiff=  5.9234E-06 ( 84,  1)   vdiff=  4.9631E-06 ( 55, 14)
n=  3559   udiff=  5.8775E-06 ( 85,  1)   vdiff=  5.1340E-06 ( 54, 14)
n=  3560   udiff=  5.8535E-06 ( 86,  1)   vdiff=  4.6960E-06 ( 55, 14)
n=  3561   udiff=  5.8650E-06 ( 85,  1)   vdiff=  6.0415E-06 ( 52, 13)
n=  3562   udiff=  5.8347E-06 ( 84,  1)   vdiff=  6.3963E-06 ( 55, 14)
n=  3563   udiff=  5.7881E-06 ( 86,  1)   vdiff=  6.4477E-06 ( 55, 14)
n=  3564   udiff=  5.7568E-06 ( 85,  1)   vdiff=  6.3654E-06 ( 55, 14)
n=  3565   udiff=  5.7224E-06 ( 83,  1)   vdiff=  6.4778E-06 ( 55, 14)
n=  3566   udiff=  5.7224E-06 ( 84,  1)   vdiff=  7.0660E-06 ( 55, 16)
n=  3567   udiff=  5.6783E-06 ( 86,  1)   vdiff=  5.9898E-06 ( 55, 16)
n=  3568   udiff=  5.6633E-06 ( 85,  1)   vdiff=  4.9685E-06 ( 56, 18)
n=  3569   udiff=  5.6378E-06 ( 84,  1)   vdiff=  5.3195E-06 ( 55, 18)
n=  3570   udiff=  5.6231E-06 ( 84,  1)   vdiff=  5.5855E-06 ( 58, 18)
n=  3571   udiff=  5.5928E-06 ( 86,  1)   vdiff=  6.0144E-06 ( 54, 11)
n=  3572   udiff=  5.5614E-06 ( 81,  1)   vdiff=  5.5547E-06 ( 54, 12)
n=  3573   udiff=  5.5495E-06 ( 85,  1)   vdiff=  5.9686E-06 ( 56, 15)
n=  3574   udiff=  5.5303E-06 ( 84,  1)   vdiff=  6.1597E-06 ( 60, 12)
n=  3575   udiff=  5.4945E-06 ( 87,  1)   vdiff=  6.4344E-06 ( 53, 12)
n=  3576   udiff=  5.4762E-06 ( 86,  1)   vdiff=  5.0899E-06 ( 56, 15)
n=  3577   udiff=  5.4585E-06 ( 86,  1)   vdiff=  5.2476E-06 ( 53, 13)
n=  3578   udiff=  5.4244E-06 ( 86,  1)   vdiff=  5.6361E-06 ( 53, 14)
n=  3579   udiff=  5.4053E-06 ( 84,  1)   vdiff=  5.2982E-06 ( 54, 17)
n=  3580   udiff=  5.3532E-06 ( 85,  1)   vdiff=  4.9816E-06 ( 54, 17)
n=  3581   udiff=  5.3082E-06 ( 83,  1)   vdiff=  5.5942E-06 ( 55, 17)
n=  3582   udiff=  5.3062E-06 ( 85,  1)   vdiff=  6.2294E-06 ( 57, 15)
n=  3583   udiff=  5.2941E-06 ( 84,  1)   vdiff=  5.2293E-06 ( 54, 17)
n=  3584   udiff=  5.2632E-06 ( 86,  1)   vdiff=  4.6864E-06 ( 58, 16)
n=  3585   udiff=  5.2630E-06 ( 85,  1)   vdiff=  5.2759E-06 ( 57, 10)
n=  3586   udiff=  5.2369E-06 ( 86,  1)   vdiff=  5.1551E-06 ( 55, 13)
n=  3587   udiff=  5.2242E-06 ( 85,  1)   vdiff=  5.1790E-06 ( 55, 13)
n=  3588   udiff=  5.2064E-06 ( 84,  1)   vdiff=  4.8789E-06 ( 55, 15)
n=  3589   udiff=  5.1902E-06 ( 85,  1)   vdiff=  7.2876E-06 ( 55, 16)
n=  3590   udiff=  5.1833E-06 ( 86,  1)   vdiff=  7.2735E-06 ( 55, 15)
n=  3591   udiff=  5.1541E-06 ( 84,  1)   vdiff=  5.6685E-06 ( 54, 16)
n=  3592   udiff=  5.1460E-06 ( 87,  1)   vdiff=  5.1257E-06 ( 59, 17)
n=  3593   udiff=  5.1067E-06 ( 84,  1)   vdiff=  5.4973E-06 ( 55, 12)
n=  3594   udiff=  5.0821E-06 ( 88,  1)   vdiff=  7.0102E-06 ( 57, 12)
n=  3595   udiff=  5.0714E-06 ( 86,  1)   vdiff=  5.6491E-06 ( 56, 12)
n=  3596   udiff=  5.0520E-06 ( 87,  1)   vdiff=  5.4171E-06 ( 54, 12)
n=  3597   udiff=  4.9996E-06 ( 88,  1)   vdiff=  5.8081E-06 ( 54, 12)
n=  3598   udiff=  5.9444E-06 ( 60, 16)   vdiff=  6.2431E-06 ( 55, 11)
n=  3599   udiff=  4.9741E-06 ( 88,  1)   vdiff=  6.1346E-06 ( 53, 13)
n=  3600   udiff=  4.9555E-06 ( 85,  1)   vdiff=  6.2663E-06 ( 57, 17)
n=  3601   udiff=  4.9506E-06 ( 88,  1)   vdiff=  5.0261E-06 ( 55, 15)
n=  3602   udiff=  4.9311E-06 ( 87,  1)   vdiff=  5.1329E-06 ( 56, 11)
n=  3603   udiff=  4.8786E-06 ( 86,  1)   vdiff=  4.8890E-06 ( 56, 11)
n=  3604   udiff=  4.8781E-06 ( 86,  1)   vdiff=  5.8665E-06 ( 58,  9)
n=  3605   udiff=  4.8366E-06 ( 86,  1)   vdiff=  5.4605E-06 ( 54, 14)
n=  3606   udiff=  4.8234E-06 ( 87,  1)   vdiff=  5.4897E-06 ( 54, 17)
n=  3607   udiff=  4.7990E-06 ( 89,  1)   vdiff=  5.1799E-06 ( 54, 17)
n=  3608   udiff=  4.7834E-06 ( 89,  1)   vdiff=  6.2168E-06 ( 53, 13)
n=  3609   udiff=  4.7550E-06 ( 88,  1)   vdiff=  6.2385E-06 ( 58, 15)
n=  3610   udiff=  4.7506E-06 ( 88,  1)   vdiff=  5.7145E-06 ( 60, 16)
n=  3611   udiff=  4.7111E-06 ( 87,  1)   vdiff=  4.9833E-06 ( 55, 13)
n=  3612   udiff=  4.7129E-06 ( 89,  1)   vdiff=  5.5806E-06 ( 55, 13)
n=  3613   udiff=  4.6949E-06 ( 87,  1)   vdiff=  5.2369E-06 ( 55, 16)
n=  3614   udiff=  4.6642E-06 ( 86,  1)   vdiff=  7.1214E-06 ( 55, 15)
n=  3615   udiff=  4.6600E-06 ( 85,  1)   vdiff=  5.5603E-06 ( 55, 12)
n=  3616   udiff=  4.6199E-06 ( 89,  1)   vdiff=  7.1245E-06 ( 55, 15)
n=  3617   udiff=  4.6259E-06 ( 88,  1)   vdiff=  6.3340E-06 ( 58, 13)
n=  3618   udiff=  4.5939E-06 ( 89,  1)   vdiff=  4.5294E-06 ( 54, 12)
n=  3619   udiff=  4.5509E-06 ( 86,  1)   vdiff=  5.5770E-06 ( 54, 11)
n=  3620   udiff=  4.5379E-06 ( 90,  1)   vdiff=  5.0840E-06 ( 54, 12)
n=  3621   udiff=  4.5218E-06 ( 89,  1)   vdiff=  4.7913E-06 ( 54, 12)
n=  3622   udiff=  4.5200E-06 ( 88,  1)   vdiff=  5.4270E-06 ( 57, 12)
n=  3623   udiff=  4.5191E-06 ( 89,  1)   vdiff=  6.0473E-06 ( 58, 12)
n=  3624   udiff=  4.4975E-06 ( 89,  1)   vdiff=  6.3196E-06 ( 55, 18)
n=  3625   udiff=  4.4653E-06 ( 88,  1)   vdiff=  5.6060E-06 ( 58, 12)
n=  3626   udiff=  4.4388E-06 ( 90,  1)   vdiff=  5.9555E-06 ( 57, 11)
n=  3627   udiff=  4.4197E-06 ( 88,  1)   vdiff=  5.0280E-06 ( 56, 11)
n=  3628   udiff=  4.4179E-06 ( 88,  1)   vdiff=  5.5911E-06 ( 59, 16)
n=  3629   udiff=  4.4248E-06 ( 89,  1)   vdiff=  5.6495E-06 ( 54, 12)
n=  3630   udiff=  4.3784E-06 ( 87,  1)   vdiff=  5.2029E-06 ( 58, 12)
n=  3631   udiff=  4.3727E-06 ( 88,  1)   vdiff=  4.8983E-06 ( 60, 10)
n=  3632   udiff=  4.3412E-06 ( 87,  1)   vdiff=  6.6869E-06 ( 57, 17)
n=  3633   udiff=  4.3069E-06 ( 87,  1)   vdiff=  4.9884E-06 ( 55, 13)
n=  3634   udiff=  4.2887E-06 ( 89,  1)   vdiff=  5.3121E-06 ( 55, 13)
n=  3635   udiff=  4.2874E-06 ( 90,  1)   vdiff=  5.4497E-06 ( 55, 13)
n=  3636   udiff=  4.3879E-06 ( 59,  9)   vdiff=  5.4523E-06 ( 59, 11)
n=  3637   udiff=  4.2398E-06 ( 90,  1)   vdiff=  6.9133E-06 ( 60, 14)
n=  3638   udiff=  4.2315E-06 ( 92,  1)   vdiff=  5.3769E-06 ( 55, 13)
n=  3639   udiff=  4.2067E-06 ( 92,  1)   vdiff=  5.4557E-06 ( 55, 15)
n=  3640   udiff=  4.1886E-06 ( 88,  1)   vdiff=  5.5113E-06 ( 56, 15)
n=  3641   udiff=  4.1722E-06 ( 89,  1)   vdiff=  5.0667E-06 ( 55, 15)
n=  3642   udiff=  4.1341E-06 ( 87,  1)   vdiff=  6.9983E-06 ( 55, 15)
n=  3643   udiff=  4.1162E-06 ( 90,  1)   vdiff=  5.8290E-06 ( 55, 15)
n=  3644   udiff=  4.1036E-06 ( 90,  1)   vdiff=  4.8569E-06 ( 60, 15)
n=  3645   udiff=  4.0987E-06 ( 88,  1)   vdiff=  5.1615E-06 ( 56, 16)
n=  3646   udiff=  4.0945E-06 ( 89,  1)   vdiff=  4.4391E-06 ( 53, 16)
n=  3647   udiff=  4.0806E-06 ( 89,  1)   vdiff=  5.9765E-06 ( 60, 12)
n=  3648   udiff=  4.0537E-06 ( 88,  1)   vdiff=  4.7712E-06 ( 54, 11)
n=  3649   udiff=  4.0316E-06 ( 88,  1)   vdiff=  4.7701E-06 ( 57, 13)
n=  3650   udiff=  4.0251E-06 ( 89,  1)   vdiff=  5.1200E-06 ( 57, 13)
n=  3651   udiff=  4.0032E-06 ( 90,  1)   vdiff=  5.8335E-06 ( 55, 11)
n=  3652   udiff=  3.9995E-06 ( 89,  1)   vdiff=  5.1672E-06 ( 53, 13)
n=  3653   udiff=  3.9716E-06 ( 89,  1)   vdiff=  5.1425E-06 ( 58, 18)
n=  3654   udiff=  3.9699E-06 ( 89,  1)   vdiff=  5.6991E-06 ( 56, 18)
n=  3655   udiff=  3.9227E-06 ( 90,  1)   vdiff=  5.5507E-06 ( 57, 18)
n=  3656   udiff=  3.9169E-06 ( 92,  1)   vdiff=  5.5565E-06 ( 57, 18)
n=  3657   udiff=  3.9012E-06 ( 92,  1)   vdiff=  5.0937E-06 ( 57, 11)
n=  3658   udiff=  3.8753E-06 ( 91,  1)   vdiff=  5.6882E-06 ( 57, 16)
n=  3659   udiff=  3.8768E-06 ( 91,  1)   vdiff=  6.0292E-06 ( 59, 11)
n=  3660   udiff=  3.8562E-06 ( 90,  1)   vdiff=  5.1117E-06 ( 57, 13)
n=  3661   udiff=  3.8201E-06 ( 91,  1)   vdiff=  5.1913E-06 ( 55, 13)
n=  3662   udiff=  3.8274E-06 ( 92,  1)   vdiff=  5.3389E-06 ( 55, 13)
n=  3663   udiff=  3.8074E-06 ( 92,  1)   vdiff=  4.6421E-06 ( 55, 13)
n=  3664   udiff=  3.7890E-06 ( 92,  1)   vdiff=  5.3125E-06 ( 55, 15)
n=  3665   udiff=  3.7639E-06 ( 92,  1)   vdiff=  5.3129E-06 ( 55, 13)
n=  3666   udiff=  3.7454E-06 ( 91,  1)   vdiff=  5.2796E-06 ( 55, 15)
n=  3667   udiff=  4.1130E-06 ( 59,  8)   vdiff=  7.0898E-06 ( 55, 15)
n=  3668   udiff=  3.7373E-06 ( 93,  1)   vdiff=  5.1402E-06 ( 55, 14)
n=  3669   udiff=  3.9854E-06 ( 54, 15)   vdiff=  6.0707E-06 ( 53, 15)
n=  3670   udiff=  4.1337E-06 ( 58,  9)   vdiff=  5.4025E-06 ( 58, 10)
n=  3671   udiff=  3.6990E-06 ( 91,  1)   vdiff=  5.4376E-06 ( 59, 16)
n=  3672   udiff=  3.6564E-06 ( 91,  1)   vdiff=  5.0751E-06 ( 58,  9)
n=  3673   udiff=  3.7027E-06 ( 58, 13)   vdiff=  4.9991E-06 ( 58, 15)
n=  3674   udiff=  4.1893E-06 ( 56, 12)   vdiff=  6.5824E-06 ( 55, 12)
n=  3675   udiff=  3.5992E-06 ( 93,  1)   vdiff=  4.6849E-06 ( 60, 15)
n=  3676   udiff=  3.5944E-06 ( 94,  1)   vdiff=  4.8876E-06 ( 54, 12)
n=  3677   udiff=  3.5763E-06 ( 92,  1)   vdiff=  4.9688E-06 ( 59, 15)
n=  3678   udiff=  3.5734E-06 ( 94,  1)   vdiff=  5.7737E-06 ( 54, 11)
n=  3679   udiff=  3.9177E-06 ( 60, 16)   vdiff=  5.6278E-06 ( 59, 10)
n=  3680   udiff=  3.5680E-06 ( 55, 11)   vdiff=  4.9023E-06 ( 55, 18)
n=  3681   udiff=  3.5121E-06 ( 93,  1)   vdiff=  5.7318E-06 ( 60, 16)
n=  3682   udiff=  3.4943E-06 ( 92,  1)   vdiff=  5.2436E-06 ( 53, 14)
n=  3683   udiff=  3.4722E-06 ( 92,  1)   vdiff=  5.3665E-06 ( 57, 18)
n=  3684   udiff=  3.4656E-06 ( 92,  1)   vdiff=  5.1992E-06 ( 57, 18)
n=  3685   udiff=  3.4626E-06 ( 92,  1)   vdiff=  6.0437E-06 ( 60, 16)
n=  3686   udiff=  3.4406E-06 ( 92,  1)   vdiff=  5.6478E-06 ( 57, 18)
n=  3687   udiff=  3.4150E-06 ( 93,  1)   vdiff=  6.2005E-06 ( 57, 16)
n=  3688   udiff=  3.4158E-06 ( 93,  1)   vdiff=  5.2569E-06 ( 58, 16)
n=  3689   udiff=  4.0815E-06 ( 60, 15)   vdiff=  6.2132E-06 ( 60, 16)
n=  3690   udiff=  3.3675E-06 ( 93,  1)   vdiff=  5.3935E-06 ( 56, 11)
n=  3691   udiff=  3.3708E-06 ( 92,  1)   vdiff=  5.0235E-06 ( 58, 11)
n=  3692   udiff=  3.3452E-06 ( 94,  1)   vdiff=  4.7772E-06 ( 55, 15)
n=  3693   udiff=  3.3396E-06 ( 94,  1)   vdiff=  5.9138E-06 ( 59, 12)
n=  3694   udiff=  4.5371E-06 ( 54, 15)   vdiff=  5.6632E-06 ( 59, 14)
n=  3695   udiff=  4.1553E-06 ( 59, 12)   vdiff=  6.1868E-06 ( 57, 13)
n=  3696   udiff=  3.4017E-06 ( 59, 11)   vdiff=  6.1881E-06 ( 55, 15)
n=  3697   udiff=  3.6479E-06 ( 60, 16)   vdiff=  7.3467E-06 ( 60, 16)
n=  3698   udiff=  3.4144E-06 ( 58, 14)   vdiff=  5.6872E-06 ( 56, 14)
n=  3699   udiff=  3.7352E-06 ( 55, 14)   vdiff=  5.2890E-06 ( 57, 14)
n=  3700   udiff=  3.2337E-06 ( 94,  1)   vdiff=  5.1129E-06 ( 60, 13)
n=  3701   udiff=  3.2136E-06 ( 94,  1)   vdiff=  5.7634E-06 ( 56, 10)
n=  3702   udiff=  3.2131E-06 ( 95,  1)   vdiff=  4.4917E-06 ( 55, 15)
n=  3703   udiff=  3.1958E-06 ( 93,  1)   vdiff=  5.7005E-06 ( 57, 12)
n=  3704   udiff=  3.7789E-06 ( 58, 10)   vdiff=  5.6713E-06 ( 58, 10)
n=  3705   udiff=  3.2020E-06 ( 59, 10)   vdiff=  5.1148E-06 ( 59,  9)
n=  3706   udiff=  3.1447E-06 ( 93,  1)   vdiff=  5.3321E-06 ( 57, 13)
n=  3707   udiff=  3.1361E-06 ( 94,  1)   vdiff=  5.6961E-06 ( 56, 12)
n=  3708   udiff=  3.6339E-06 ( 59, 10)   vdiff=  5.8644E-06 ( 57, 12)
n=  3709   udiff=  3.1193E-06 ( 94,  1)   vdiff=  4.1719E-06 ( 58,  9)
n=  3710   udiff=  3.1148E-06 ( 95,  1)   vdiff=  4.6286E-06 ( 57, 14)
n=  3711   udiff=  4.2143E-06 ( 59, 17)   vdiff=  5.6291E-06 ( 57, 18)
n=  3712   udiff=  3.0830E-06 ( 96,  1)   vdiff=  5.1503E-06 ( 57, 18)
n=  3713   udiff=  3.0630E-06 ( 95,  1)   vdiff=  4.7557E-06 ( 55, 12)
n=  3714   udiff=  3.6451E-06 ( 60, 10)   vdiff=  5.9408E-06 ( 58,  9)
n=  3715   udiff=  3.2765E-06 ( 55, 11)   vdiff=  6.4610E-06 ( 57, 16)
n=  3716   udiff=  4.0717E-06 ( 54, 13)   vdiff=  5.7009E-06 ( 54, 14)
n=  3717   udiff=  3.8006E-06 ( 58, 16)   vdiff=  5.9430E-06 ( 58, 18)
n=  3718   udiff=  2.9879E-06 ( 95,  1)   vdiff=  5.4592E-06 ( 54, 12)
n=  3719   udiff=  3.2014E-06 ( 57, 15)   vdiff=  4.9384E-06 ( 60, 15)
n=  3720   udiff=  3.4419E-06 ( 54, 16)   vdiff=  5.7925E-06 ( 60, 10)
n=  3721   udiff=  2.9234E-06 ( 98,  1)   vdiff=  5.0301E-06 ( 54, 17)
n=  3722   udiff=  3.0393E-06 ( 54, 16)   vdiff=  4.5964E-06 ( 55, 14)
n=  3723   udiff=  3.8419E-06 ( 59, 10)   vdiff=  5.1009E-06 ( 55, 15)
n=  3724   udiff=  2.9290E-06 ( 54, 15)   vdiff=  5.8800E-06 ( 57, 13)
n=  3725   udiff=  2.9080E-06 ( 95,  1)   vdiff=  5.6387E-06 ( 55, 13)
n=  3726   udiff=  2.9284E-06 ( 95,  1)   vdiff=  6.3848E-06 ( 55, 16)
n=  3727   udiff=  4.0970E-06 ( 55, 14)   vdiff=  5.3720E-06 ( 61, 11)
n=  3728   udiff=  3.8599E-06 ( 55, 15)   vdiff=  5.7915E-06 ( 53, 15)
n=  3729   udiff=  3.6455E-06 ( 54, 15)   vdiff=  6.4285E-06 ( 54, 15)
n=  3730   udiff=  2.8720E-06 ( 98,  1)   vdiff=  5.0018E-06 ( 59, 17)
n=  3731   udiff=  2.8446E-06 ( 98,  1)   vdiff=  5.1715E-06 ( 58, 17)
n=  3732   udiff=  3.5404E-06 ( 60, 11)   vdiff=  5.1347E-06 ( 60, 12)
n=  3733   udiff=  3.9680E-06 ( 53,  7)   vdiff=  5.7061E-06 ( 56, 10)
n=  3734   udiff=  3.0299E-06 ( 54,  7)   vdiff=  5.0195E-06 ( 55, 15)
n=  3735   udiff=  3.2890E-06 ( 61, 11)   vdiff=  5.5987E-06 ( 57, 12)
n=  3736   udiff=  3.2349E-06 ( 56, 18)   vdiff=  4.9995E-06 ( 53, 13)
n=  3737   udiff=  3.4354E-06 ( 56, 12)   vdiff=  5.9165E-06 ( 55, 12)
n=  3738   udiff=  3.0208E-06 ( 59,  9)   vdiff=  4.4291E-06 ( 59, 10)
n=  3739   udiff=  2.7906E-06 ( 57, 18)   vdiff=  4.8920E-06 ( 57, 12)
n=  3740   udiff=  3.3800E-06 ( 59, 12)   vdiff=  5.6432E-06 ( 61, 12)
n=  3741   udiff=  3.1438E-06 ( 62, 13)   vdiff=  5.2317E-06 ( 58, 13)
n=  3742   udiff=  2.7379E-06 ( 96,  1)   vdiff=  6.0941E-06 ( 58, 10)
n=  3743   udiff=  2.9075E-06 ( 51, 10)   vdiff=  5.2789E-06 ( 57, 18)
n=  3744   udiff=  2.7125E-06 ( 96,  1)   vdiff=  4.8133E-06 ( 58, 18)
n=  3745   udiff=  5.6293E-06 ( 60, 15)   vdiff=  8.3696E-06 ( 59, 16)
n=  3746   udiff=  3.4088E-06 ( 55, 16)   vdiff=  5.2893E-06 ( 54, 17)
n=  3747   udiff=  3.9776E-06 ( 60, 16)   vdiff=  5.8616E-06 ( 58, 16)
n=  3748   udiff=  3.3090E-06 ( 60, 16)   vdiff=  6.6173E-06 ( 60, 13)
n=  3749   udiff=  3.1179E-06 ( 60, 16)   vdiff=  5.8424E-06 ( 54, 17)
n=  3750   udiff=  4.7051E-06 ( 60, 10)   vdiff=  4.9076E-06 ( 54, 17)
n=  3751   udiff=  2.8010E-06 ( 50,  6)   vdiff=  5.5872E-06 ( 60, 16)
n=  3752   udiff=  3.2449E-06 ( 54, 16)   vdiff=  5.0131E-06 ( 59, 17)
n=  3753   udiff=  2.6149E-06 ( 54, 17)   vdiff=  4.9866E-06 ( 54, 17)
n=  3754   udiff=  3.5937E-06 ( 61, 12)   vdiff=  6.6480E-06 ( 60, 13)
n=  3755   udiff=  2.8941E-06 ( 54, 16)   vdiff=  6.4368E-06 ( 58,  9)
n=  3756   udiff=  4.1441E-06 ( 56, 13)   vdiff=  5.8749E-06 ( 55, 16)
n=  3757   udiff=  3.6972E-06 ( 56, 14)   vdiff=  6.7109E-06 ( 55, 16)
n=  3758   udiff=  3.7163E-06 ( 57, 14)   vdiff=  5.2450E-06 ( 56, 16)
n=  3759   udiff=  4.0197E-06 ( 59, 10)   vdiff=  5.1222E-06 ( 58, 15)
n=  3760   udiff=  3.4952E-06 ( 58, 16)   vdiff=  4.7566E-06 ( 61, 13)
n=  3761   udiff=  2.7425E-06 ( 51,  7)   vdiff=  5.0080E-06 ( 58, 12)
n=  3762   udiff=  2.9356E-06 ( 59, 10)   vdiff=  4.6874E-06 ( 54, 15)
n=  3763   udiff=  2.7473E-06 ( 59, 15)   vdiff=  4.9491E-06 ( 58, 17)
n=  3764   udiff=  3.5966E-06 ( 60, 16)   vdiff=  6.7774E-06 ( 60, 16)
n=  3765   udiff=  2.9757E-06 ( 60, 14)   vdiff=  5.2906E-06 ( 60, 10)
n=  3766   udiff=  2.4659E-06 ( 98,  1)   vdiff=  4.7289E-06 ( 53, 15)
n=  3767   udiff=  3.0501E-06 ( 59, 12)   vdiff=  4.6531E-06 ( 57, 15)
n=  3768   udiff=  3.4246E-06 ( 55, 17)   vdiff=  5.3375E-06 ( 57, 12)
n=  3769   udiff=  3.2658E-06 ( 56, 17)   vdiff=  5.0340E-06 ( 57, 15)
n=  3770   udiff=  3.5490E-06 ( 56, 18)   vdiff=  6.1156E-06 ( 56, 18)
n=  3771   udiff=  3.5617E-06 ( 58, 13)   vdiff=  5.4552E-06 ( 57, 13)
n=  3772   udiff=  2.8684E-06 ( 57, 18)   vdiff=  5.4478E-06 ( 56, 12)
n=  3773   udiff=  3.7069E-06 ( 59, 12)   vdiff=  5.5050E-06 ( 57, 12)
n=  3774   udiff=  3.8026E-06 ( 58, 12)   vdiff=  6.3354E-06 ( 56, 17)
n=  3775   udiff=  2.9942E-06 ( 58, 17)   vdiff=  4.0605E-06 ( 56, 16)
n=  3776   udiff=  3.4491E-06 ( 60, 16)   vdiff=  4.7653E-06 ( 58, 10)
n=  3777   udiff=  3.1714E-06 ( 60, 12)   vdiff=  6.0577E-06 ( 59, 12)
n=  3778   udiff=  2.6456E-06 ( 57, 15)   vdiff=  5.5034E-06 ( 58, 10)
n=  3779   udiff=  2.8020E-06 ( 61, 11)   vdiff=  4.8936E-06 ( 56, 13)
n=  3780   udiff=  2.8900E-06 ( 59, 14)   vdiff=  5.2975E-06 ( 54, 13)
n=  3781   udiff=  2.9979E-06 ( 55, 14)   vdiff=  5.2593E-06 ( 55, 13)
n=  3782   udiff=  2.7217E-06 ( 57, 17)   vdiff=  4.8875E-06 ( 55, 13)
n=  3783   udiff=  2.8577E-06 ( 55, 14)   vdiff=  4.9694E-06 ( 55, 14)
n=  3784   udiff=  2.4253E-06 ( 47,  6)   vdiff=  4.6622E-06 ( 59, 15)
n=  3785   udiff=  3.1644E-06 ( 59,  8)   vdiff=  4.8093E-06 ( 55, 14)
n=  3786   udiff=  2.6793E-06 ( 49,  6)   vdiff=  5.2778E-06 ( 54, 16)
n=  3787   udiff=  3.0682E-06 ( 59, 10)   vdiff=  5.1615E-06 ( 55, 14)
n=  3788   udiff=  2.8955E-06 ( 57, 14)   vdiff=  6.5253E-06 ( 55, 14)
n=  3789   udiff=  3.3022E-06 ( 60, 10)   vdiff=  5.8207E-06 ( 59, 11)
n=  3790   udiff=  3.9267E-06 ( 55, 12)   vdiff=  4.9866E-06 ( 58, 14)
n=  3791   udiff=  3.4264E-06 ( 55, 16)   vdiff=  4.7519E-06 ( 53, 16)
n=  3792   udiff=  3.4164E-06 ( 62, 12)   vdiff=  5.1355E-06 ( 54, 16)
n=  3793   udiff=  3.5343E-06 ( 55, 15)   vdiff=  4.6827E-06 ( 59, 14)
n=  3794   udiff=  3.0740E-06 ( 55, 12)   vdiff=  4.0500E-06 ( 59, 12)
n=  3795   udiff=  2.7398E-06 ( 61, 13)   vdiff=  4.0713E-06 ( 61, 12)
n=  3796   udiff=  3.1036E-06 ( 55, 13)   vdiff=  4.5727E-06 ( 58, 12)
n=  3797   udiff=  3.1806E-06 ( 59, 10)   vdiff=  4.7741E-06 ( 55, 15)
n=  3798   udiff=  3.6748E-06 ( 60,  9)   vdiff=  5.6003E-06 ( 59, 10)
n=  3799   udiff=  3.2701E-06 ( 59, 10)   vdiff=  4.9711E-06 ( 61, 12)
n=  3800   udiff=  2.3785E-06 ( 61, 10)   vdiff=  5.6604E-06 ( 58, 12)
n=  3801   udiff=  3.4492E-06 ( 56, 17)   vdiff=  4.6696E-06 ( 57, 15)
n=  3802   udiff=  3.6243E-06 ( 56, 11)   vdiff=  5.4516E-06 ( 55, 15)
n=  3803   udiff=  3.2061E-06 ( 57, 17)   vdiff=  5.1492E-06 ( 54, 16)
n=  3804   udiff=  3.6483E-06 ( 55, 17)   vdiff=  4.8771E-06 ( 57, 17)
n=  3805   udiff=  3.1255E-06 ( 56, 16)   vdiff=  4.7675E-06 ( 57, 12)
n=  3806   udiff=  2.6397E-06 ( 59, 12)   vdiff=  4.5680E-06 ( 56, 17)
n=  3807   udiff=  3.4344E-06 ( 56, 16)   vdiff=  5.3918E-06 ( 57, 12)
n=  3808   udiff=  3.5820E-06 ( 55, 16)   vdiff=  4.5541E-06 ( 58, 13)
n=  3809   udiff=  3.3839E-06 ( 57, 15)   vdiff=  6.3287E-06 ( 59, 16)
n=  3810   udiff=  3.2778E-06 ( 58, 12)   vdiff=  4.6874E-06 ( 60, 13)
n=  3811   udiff=  3.1977E-06 ( 58, 12)   vdiff=  3.8082E-06 ( 57, 18)
n=  3812   udiff=  3.6499E-06 ( 58, 15)   vdiff=  4.0898E-06 ( 59, 13)
n=  3813   udiff=  2.7079E-06 ( 57,  9)   vdiff=  4.1239E-06 ( 60, 13)
n=  3814   udiff=  2.9137E-06 ( 55,  6)   vdiff=  4.7612E-06 ( 55, 17)
n=  3815   udiff=  3.0591E-06 ( 60, 14)   vdiff=  4.2294E-06 ( 59, 15)
n=  3816   udiff=  2.3420E-06 ( 56,  5)   vdiff=  5.0125E-06 ( 56, 13)
n=  3817   udiff=  3.0653E-06 ( 54,  6)   vdiff=  5.4351E-06 ( 57, 13)
n=  3818   udiff=  2.7754E-06 ( 59, 14)   vdiff=  5.2864E-06 ( 58, 15)
n=  3819   udiff=  3.5734E-06 ( 60, 14)   vdiff=  4.7053E-06 ( 59, 15)
n=  3820   udiff=  3.1891E-06 ( 60, 15)   vdiff=  4.8764E-06 ( 55, 13)
n=  3821   udiff=  3.1077E-06 ( 54, 12)   vdiff=  5.2450E-06 ( 54, 13)
n=  3822   udiff=  2.9205E-06 ( 61, 12)   vdiff=  6.6439E-06 ( 55, 14)
n=  3823   udiff=  4.0082E-06 ( 59, 14)   vdiff=  5.4365E-06 ( 55, 13)
n=  3824   udiff=  3.1374E-06 ( 58, 14)   vdiff=  5.2257E-06 ( 55, 14)
n=  3825   udiff=  3.9715E-06 ( 59, 14)   vdiff=  6.0765E-06 ( 54, 13)
n=  3826   udiff=  3.4770E-06 ( 56, 14)   vdiff=  5.3967E-06 ( 54, 16)
n=  3827   udiff=  3.4433E-06 ( 58, 14)   vdiff=  7.1914E-06 ( 55, 14)
n=  3828   udiff=  3.3361E-06 ( 55, 16)   vdiff=  4.8309E-06 ( 60, 12)
n=  3829   udiff=  2.5565E-06 ( 55, 11)   vdiff=  5.1792E-06 ( 54, 17)
n=  3830   udiff=  3.4821E-06 ( 55, 13)   vdiff=  4.0529E-06 ( 55, 13)
n=  3831   udiff=  3.1767E-06 ( 59, 11)   vdiff=  4.6786E-06 ( 60, 11)
n=  3832   udiff=  2.7534E-06 ( 55, 15)   vdiff=  4.9916E-06 ( 61, 11)
n=  3833   udiff=  3.1126E-06 ( 54, 16)   vdiff=  5.0027E-06 ( 54, 16)
n=  3834   udiff=  2.5548E-06 ( 55, 15)   vdiff=  4.8298E-06 ( 57, 15)
n=  3835   udiff=  3.4598E-06 ( 55, 14)   vdiff=  5.6438E-06 ( 56, 17)
n=  3836   udiff=  4.2871E-06 ( 59,  9)   vdiff=  6.4063E-06 ( 57, 16)
n=  3837   udiff=  2.7972E-06 ( 57, 15)   vdiff=  5.1073E-06 ( 56, 16)
n=  3838   udiff=  3.6342E-06 ( 60, 10)   vdiff=  5.1842E-06 ( 56, 16)
n=  3839   udiff=  3.5148E-06 ( 57, 16)   vdiff=  6.1648E-06 ( 58, 12)
n=  3840   udiff=  3.2470E-06 ( 56, 18)   vdiff=  6.5087E-06 ( 56, 18)
n=  3841   udiff=  3.0035E-06 ( 56, 16)   vdiff=  4.4435E-06 ( 60, 13)
n=  3842   udiff=  3.1719E-06 ( 55, 17)   vdiff=  4.8496E-06 ( 59, 10)
n=  3843   udiff=  3.7578E-06 ( 55, 16)   vdiff=  5.6225E-06 ( 56, 11)
n=  3844   udiff=  2.4743E-06 ( 55, 18)   vdiff=  4.4387E-06 ( 55, 18)
n=  3845   udiff=  3.5399E-06 ( 54, 14)   vdiff=  6.8690E-06 ( 56, 15)
n=  3846   udiff=  4.1304E-06 ( 59, 12)   vdiff=  5.2108E-06 ( 58, 13)
n=  3847   udiff=  3.2949E-06 ( 54, 14)   vdiff=  4.9830E-06 ( 59, 10)
n=  3848   udiff=  3.3994E-06 ( 60, 13)   vdiff=  5.8361E-06 ( 57, 13)
n=  3849   udiff=  3.6976E-06 ( 56, 11)   vdiff=  7.7138E-06 ( 56, 12)
n=  3850   udiff=  3.5774E-06 ( 61, 13)   vdiff=  4.6090E-06 ( 59, 12)
n=  3851   udiff=  3.1776E-06 ( 58, 11)   vdiff=  5.6254E-06 ( 59, 13)
n=  3852   udiff=  2.9523E-06 ( 56, 16)   vdiff=  6.8713E-06 ( 55, 18)
n=  3853   udiff=  2.5214E-06 ( 60, 13)   vdiff=  4.6722E-06 ( 56, 13)
n=  3854   udiff=  2.6725E-06 ( 54,  7)   vdiff=  5.3063E-06 ( 57, 13)
n=  3855   udiff=  2.5243E-06 ( 56,  8)   vdiff=  3.6231E-06 ( 60, 10)
n=  3856   udiff=  2.7128E-06 ( 62, 12)   vdiff=  4.6898E-06 ( 58, 15)
n=  3857   udiff=  2.6752E-06 ( 53,  8)   vdiff=  3.4251E-06 ( 58, 14)
n=  3858   udiff=  3.5894E-06 ( 59, 14)   vdiff=  3.8022E-06 ( 60, 10)
n=  3859   udiff=  3.6772E-06 ( 58, 14)   vdiff=  5.4264E-06 ( 59, 15)
n=  3860   udiff=  3.4519E-06 ( 59, 14)   vdiff=  5.6988E-06 ( 56, 13)
n=  3861   udiff=  4.7447E-06 ( 60, 15)   vdiff=  3.8574E-06 ( 59, 16)
n=  3862   udiff=  2.7393E-06 ( 51, 17)   vdiff=  5.5731E-06 ( 58, 14)
n=  3863   udiff=  4.5880E-06 ( 60, 16)   vdiff=  5.3766E-06 ( 56, 16)
n=  3864   udiff=  2.2147E-06 ( 48,  5)   vdiff=  5.5617E-06 ( 59, 12)
n=  3865   udiff=  4.2531E-06 ( 60, 16)   vdiff=  4.3311E-06 ( 56, 10)
n=  3866   udiff=  2.8638E-06 ( 55, 15)   vdiff=  4.2871E-06 ( 54, 16)
n=  3867   udiff=  2.6856E-06 ( 60, 14)   vdiff=  4.4564E-06 ( 55, 16)
n=  3868   udiff=  3.3567E-06 ( 55, 15)   vdiff=  6.0362E-06 ( 55, 14)
n=  3869   udiff=  2.5490E-06 ( 55, 13)   vdiff=  5.5184E-06 ( 53, 15)
n=  3870   udiff=  2.9714E-06 ( 60, 15)   vdiff=  6.6893E-06 ( 55, 14)
n=  3871   udiff=  3.2234E-06 ( 55, 16)   vdiff=  4.6651E-06 ( 58, 10)
n=  3872   udiff=  2.8960E-06 ( 58, 17)   vdiff=  5.5016E-06 ( 57, 10)
n=  3873   udiff=  3.3000E-06 ( 58, 16)   vdiff=  4.3126E-06 ( 59, 10)
n=  3874   udiff=  4.2211E-06 ( 59, 16)   vdiff=  4.8861E-06 ( 60, 16)
n=  3875   udiff=  4.0444E-06 ( 55, 12)   vdiff=  4.9434E-06 ( 54, 13)
n=  3876   udiff=  3.4622E-06 ( 60, 14)   vdiff=  4.6886E-06 ( 54, 17)
n=  3877   udiff=  2.6511E-06 ( 57, 15)   vdiff=  5.9369E-06 ( 59, 17)
n=  3878   udiff=  3.1226E-06 ( 56, 16)   vdiff=  6.2269E-06 ( 56, 10)
n=  3879   udiff=  3.3958E-06 ( 59, 11)   vdiff=  4.8303E-06 ( 58, 12)
n=  3880   udiff=  3.0149E-06 ( 56, 16)   vdiff=  5.4813E-06 ( 58, 16)
n=  3881   udiff=  3.4829E-06 ( 57, 10)   vdiff=  4.5470E-06 ( 57, 10)
n=  3882   udiff=  3.2128E-06 ( 59, 13)   vdiff=  5.4290E-06 ( 54, 17)
n=  3883   udiff=  4.5303E-06 ( 56, 14)   vdiff=  5.6934E-06 ( 55, 15)
n=  3884   udiff=  2.8394E-06 ( 58, 15)   vdiff=  6.2102E-06 ( 56, 15)
n=  3885   udiff=  3.4264E-06 ( 61, 13)   vdiff=  4.5239E-06 ( 57, 18)
n=  3886   udiff=  3.0249E-06 ( 54, 15)   vdiff=  6.0137E-06 ( 54, 16)
n=  3887   udiff=  2.9036E-06 ( 55, 16)   vdiff=  4.7340E-06 ( 61, 13)
n=  3888   udiff=  3.3099E-06 ( 55, 17)   vdiff=  4.4153E-06 ( 53, 13)
n=  3889   udiff=  3.6555E-06 ( 56, 11)   vdiff=  5.4305E-06 ( 55, 11)
n=  3890   udiff=  3.9174E-06 ( 56, 17)   vdiff=  5.9680E-06 ( 54, 13)
n=  3891   udiff=  2.9193E-06 ( 54, 15)   vdiff=  6.0613E-06 ( 53, 13)
n=  3892   udiff=  3.3551E-06 ( 56, 11)   vdiff=  4.8946E-06 ( 60, 11)
n=  3893   udiff=  3.9049E-06 ( 56, 11)   vdiff=  5.4925E-06 ( 56, 13)
n=  3894   udiff=  3.4057E-06 ( 60, 14)   vdiff=  5.5310E-06 ( 58, 15)
n=  3895   udiff=  3.3393E-06 ( 57, 11)   vdiff=  4.2894E-06 ( 57, 12)
n=  3896   udiff=  3.0660E-06 ( 55, 17)   vdiff=  4.4055E-06 ( 55, 17)
n=  3897   udiff=  2.8621E-06 ( 57, 12)   vdiff=  5.5431E-06 ( 56, 11)
n=  3898   udiff=  2.4777E-06 ( 61, 11)   vdiff=  5.2927E-06 ( 61, 11)
n=  3899   udiff=  2.9316E-06 ( 59,  8)   vdiff=  4.6776E-06 ( 59, 15)
n=  3900   udiff=  3.4784E-06 ( 55, 18)   vdiff=  6.1374E-06 ( 56, 13)
n=  3901   udiff=  2.6757E-06 ( 58, 14)   vdiff=  4.1725E-06 ( 56, 14)
n=  3902   udiff=  2.6866E-06 ( 58, 13)   vdiff=  3.6449E-06 ( 59, 12)
n=  3903   udiff=  2.7743E-06 ( 57, 12)   vdiff=  5.9439E-06 ( 56, 11)
n=  3904   udiff=  3.4453E-06 ( 57, 12)   vdiff=  6.6023E-06 ( 57, 12)
n=  3905   udiff=  1.9929E-06 ( 59, 12)   vdiff=  4.6118E-06 ( 59, 12)
n=  3906   udiff=  3.0987E-06 ( 54, 14)   vdiff=  3.8599E-06 ( 53, 12)
n=  3907   udiff=  2.1934E-06 ( 58, 16)   vdiff=  3.4520E-06 ( 58,  9)
n=  3908   udiff=  3.9672E-06 ( 58, 16)   vdiff=  4.7595E-06 ( 55, 12)
n=  3909   udiff=  3.1430E-06 ( 58, 16)   vdiff=  4.6578E-06 ( 58,  9)
n=  3910   udiff=  3.8370E-06 ( 57, 13)   vdiff=  5.0502E-06 ( 56, 14)
n=  3911   udiff=  3.1460E-06 ( 58, 16)   vdiff=  3.7724E-06 ( 57, 14)
n=  3912   udiff=  2.9031E-06 ( 59, 16)   vdiff=  4.3318E-06 ( 53, 15)
n=  3913   udiff=  3.1984E-06 ( 58, 15)   vdiff=  7.1265E-06 ( 57, 16)
n=  3914   udiff=  3.8633E-06 ( 57, 13)   vdiff=  5.6215E-06 ( 56, 14)
n=  3915   udiff=  2.8547E-06 ( 57, 14)   vdiff=  4.3147E-06 ( 56, 16)
n=  3916   udiff=  2.7518E-06 ( 59, 16)   vdiff=  4.1638E-06 ( 55, 16)
n=  3917   udiff=  2.3228E-06 ( 54, 18)   vdiff=  4.4725E-06 ( 58, 16)
n=  3918   udiff=  2.8392E-06 ( 61, 10)   vdiff=  5.3491E-06 ( 57, 14)
n=  3919   udiff=  2.9037E-06 ( 56, 18)   vdiff=  5.1713E-06 ( 55, 16)
n=  3920   udiff=  3.8182E-06 ( 59, 13)   vdiff=  4.1811E-06 ( 58, 13)
n=  3921   udiff=  3.8184E-06 ( 60, 16)   vdiff=  5.7306E-06 ( 59, 16)
n=  3922   udiff=  4.2330E-06 ( 61, 15)   vdiff=  6.9325E-06 ( 55, 14)
n=  3923   udiff=  4.2788E-06 ( 60, 16)   vdiff=  4.1568E-06 ( 60, 15)
n=  3924   udiff=  4.5280E-06 ( 60, 16)   vdiff=  5.0246E-06 ( 59, 16)
n=  3925   udiff=  3.1450E-06 ( 55,  7)   vdiff=  4.8387E-06 ( 60, 15)
n=  3926   udiff=  3.1759E-06 ( 60, 17)   vdiff=  5.5605E-06 ( 58, 12)
n=  3927   udiff=  4.0562E-06 ( 60, 16)   vdiff=  6.5740E-06 ( 60, 16)
n=  3928   udiff=  4.5896E-06 ( 60, 16)   vdiff=  5.6044E-06 ( 59, 16)
n=  3929   udiff=  5.7929E-06 ( 60, 16)   vdiff=  4.5328E-06 ( 61, 12)
n=  3930   udiff=  3.3654E-06 ( 60, 16)   vdiff=  5.1817E-06 ( 57, 15)
n=  3931   udiff=  3.1840E-06 ( 55, 12)   vdiff=  4.8464E-06 ( 56, 18)
n=  3932   udiff=  5.0921E-06 ( 55, 16)   vdiff=  5.4791E-06 ( 54, 17)
n=  3933   udiff=  4.1916E-06 ( 60, 15)   vdiff=  7.5669E-06 ( 59, 16)
n=  3934   udiff=  4.1410E-06 ( 56, 17)   vdiff=  4.8572E-06 ( 60, 16)
n=  3935   udiff=  3.9714E-06 ( 55, 17)   vdiff=  5.3329E-06 ( 58, 16)
n=  3936   udiff=  2.7031E-06 ( 55, 12)   vdiff=  6.8856E-06 ( 54, 17)
n=  3937   udiff=  3.6192E-06 ( 59, 15)   vdiff=  5.5872E-06 ( 55, 18)
n=  3938   udiff=  4.2069E-06 ( 58, 13)   vdiff=  5.8159E-06 ( 55, 13)
n=  3939   udiff=  4.1422E-06 ( 55, 15)   vdiff=  5.4647E-06 ( 60, 16)
n=  3940   udiff=  3.2563E-06 ( 60, 15)   vdiff=  5.4158E-06 ( 56, 13)
n=  3941   udiff=  3.3147E-06 ( 55, 17)   vdiff=  4.5966E-06 ( 59, 15)
n=  3942   udiff=  3.9220E-06 ( 55, 15)   vdiff=  4.4477E-06 ( 58, 11)
n=  3943   udiff=  3.4728E-06 ( 56, 17)   vdiff=  6.3517E-06 ( 60, 16)
n=  3944   udiff=  3.2122E-06 ( 60, 15)   vdiff=  5.4394E-06 ( 56, 16)
n=  3945   udiff=  3.4875E-06 ( 56, 11)   vdiff=  4.7472E-06 ( 54, 16)
n=  3946   udiff=  2.8716E-06 ( 57, 12)   vdiff=  4.8925E-06 ( 56, 12)
n=  3947   udiff=  2.9985E-06 ( 58, 15)   vdiff=  6.4345E-06 ( 57, 16)
n=  3948   udiff=  3.5989E-06 ( 53, 15)   vdiff=  6.4411E-06 ( 56, 13)
n=  3949   udiff=  3.7323E-06 ( 60, 16)   vdiff=  7.5328E-06 ( 60, 16)
n=  3950   udiff=  2.7763E-06 ( 55, 11)   vdiff=  3.8373E-06 ( 55, 11)
n=  3951   udiff=  3.7317E-06 ( 57, 13)   vdiff=  5.7624E-06 ( 56, 14)
n=  3952   udiff=  3.2095E-06 ( 56, 11)   vdiff=  5.5709E-06 ( 54, 11)
n=  3953   udiff=  4.3577E-06 ( 61, 12)   vdiff=  6.2000E-06 ( 60, 13)
n=  3954   udiff=  2.9424E-06 ( 56, 12)   vdiff=  5.4264E-06 ( 56, 11)
n=  3955   udiff=  2.8533E-06 ( 61, 10)   vdiff=  5.3339E-06 ( 61, 11)
n=  3956   udiff=  2.7824E-06 ( 61, 13)   vdiff=  4.4691E-06 ( 61, 11)
n=  3957   udiff=  3.5095E-06 ( 59, 16)   vdiff=  4.4357E-06 ( 53, 13)
n=  3958   udiff=  2.5793E-06 ( 61, 13)   vdiff=  4.2041E-06 ( 59, 17)
n=  3959   udiff=  2.8133E-06 ( 60, 16)   vdiff=  4.2935E-06 ( 56, 11)
n=  3960   udiff=  2.5577E-06 ( 61, 13)   vdiff=  4.4237E-06 ( 59, 17)
n=  3961   udiff=  2.8569E-06 ( 62, 13)   vdiff=  3.7178E-06 ( 61, 11)
n=  3962   udiff=  3.9651E-06 ( 56, 16)   vdiff=  4.6990E-06 ( 53, 13)
n=  3963   udiff=  3.4568E-06 ( 56, 10)   vdiff=  4.4698E-06 ( 55, 11)
n=  3964   udiff=  3.0458E-06 ( 56, 11)   vdiff=  5.3910E-06 ( 56, 17)
n=  3965   udiff=  2.7340E-06 ( 53,  6)   vdiff=  5.1639E-06 ( 55, 16)
n=  3966   udiff=  3.2733E-06 ( 56, 16)   vdiff=  5.6285E-06 ( 55, 15)
n=  3967   udiff=  3.0903E-06 ( 59,  9)   vdiff=  5.1196E-06 ( 58,  9)
n=  3968   udiff=  3.2795E-06 ( 60, 13)   vdiff=  4.3731E-06 ( 59, 14)
n=  3969   udiff=  3.1926E-06 ( 57, 15)   vdiff=  5.0353E-06 ( 57, 15)
n=  3970   udiff=  3.5225E-06 ( 60, 13)   vdiff=  4.8005E-06 ( 59, 14)
n=  3971   udiff=  3.5784E-06 ( 57, 18)   vdiff=  5.5779E-06 ( 56, 15)
n=  3972   udiff=  3.6085E-06 ( 59, 13)   vdiff=  5.1172E-06 ( 57, 15)
n=  3973   udiff=  2.8629E-06 ( 55, 14)   vdiff=  4.9840E-06 ( 58, 13)
n=  3974   udiff=  3.6234E-06 ( 56, 14)   vdiff=  5.0507E-06 ( 61, 11)
n=  3975   udiff=  2.9770E-06 ( 56, 14)   vdiff=  5.7434E-06 ( 56, 15)
n=  3976   udiff=  3.7942E-06 ( 56, 14)   vdiff=  4.2045E-06 ( 56, 18)
n=  3977   udiff=  2.8654E-06 ( 58, 16)   vdiff=  3.9349E-06 ( 58, 16)
n=  3978   udiff=  2.5803E-06 ( 50, 11)   vdiff=  3.9326E-06 ( 57, 18)
n=  3979   udiff=  2.9238E-06 ( 57, 16)   vdiff=  5.0159E-06 ( 55, 15)
n=  3980   udiff=  3.1470E-06 ( 59, 15)   vdiff=  5.9968E-06 ( 58, 18)
n=  3981   udiff=  2.7896E-06 ( 59, 15)   vdiff=  4.7088E-06 ( 58, 14)
n=  3982   udiff=  3.5936E-06 ( 60,  9)   vdiff=  4.8559E-06 ( 58, 15)
n=  3983   udiff=  2.4382E-06 ( 55, 14)   vdiff=  5.2036E-06 ( 58, 12)
n=  3984   udiff=  2.6441E-06 ( 59, 15)   vdiff=  4.5708E-06 ( 61, 13)
n=  3985   udiff=  3.3869E-06 ( 57, 16)   vdiff=  4.3964E-06 ( 56, 16)
n=  3986   udiff=  3.0573E-06 ( 58, 11)   vdiff=  4.1386E-06 ( 59, 15)
n=  3987   udiff=  3.4026E-06 ( 58, 13)   vdiff=  3.7571E-06 ( 60, 13)
n=  3988   udiff=  3.1316E-06 ( 53, 14)   vdiff=  5.0045E-06 ( 58, 17)
n=  3989   udiff=  3.4539E-06 ( 54, 16)   vdiff=  5.0457E-06 ( 57, 16)
n=  3990   udiff=  4.9925E-06 ( 54, 15)   vdiff=  5.2678E-06 ( 54, 14)
n=  3991   udiff=  2.6416E-06 ( 58, 13)   vdiff=  5.5053E-06 ( 54, 17)
n=  3992   udiff=  4.2121E-06 ( 54, 15)   vdiff=  6.1122E-06 ( 57, 13)
n=  3993   udiff=  2.7156E-06 ( 59, 10)   vdiff=  5.5149E-06 ( 58, 17)
n=  3994   udiff=  3.8183E-06 ( 54, 15)   vdiff=  4.1691E-06 ( 55, 17)
n=  3995   udiff=  2.6870E-06 ( 56, 16)   vdiff=  3.7794E-06 ( 58, 10)
n=  3996   udiff=  3.0757E-06 ( 57, 14)   vdiff=  6.0829E-06 ( 60, 10)
n=  3997   udiff=  3.5725E-06 ( 54, 15)   vdiff=  4.4060E-06 ( 58, 14)
n=  3998   udiff=  2.3795E-06 ( 57, 12)   vdiff=  4.0540E-06 ( 59, 13)
n=  3999   udiff=  3.0894E-06 ( 54, 15)   vdiff=  5.8618E-06 ( 56, 13)
n=  4000   udiff=  3.3950E-06 ( 57, 12)   vdiff=  6.3638E-06 ( 54, 17)
n=  4001   udiff=  4.2184E-06 ( 57, 13)   vdiff=  4.9251E-06 ( 56, 14)
n=  4002   udiff=  3.4052E-06 ( 57, 14)   vdiff=  6.2803E-06 ( 58, 10)
n=  4003   udiff=  3.8790E-06 ( 56, 13)   vdiff=  5.2940E-06 ( 56, 13)
n=  4004   udiff=  3.5558E-06 ( 57, 11)   vdiff=  5.3475E-06 ( 60, 12)
n=  4005   udiff=  3.7028E-06 ( 55, 15)   vdiff=  5.4276E-06 ( 55, 13)
n=  4006   udiff=  4.2072E-06 ( 60, 15)   vdiff=  6.2911E-06 ( 60, 16)
n=  4007   udiff=  2.9172E-06 ( 57, 12)   vdiff=  5.3791E-06 ( 55, 18)
n=  4008   udiff=  3.3365E-06 ( 58,  9)   vdiff=  6.8969E-06 ( 58, 10)
n=  4009   udiff=  2.6684E-06 ( 58, 11)   vdiff=  3.7859E-06 ( 57, 10)
n=  4010   udiff=  3.9891E-06 ( 60, 15)   vdiff=  6.2781E-06 ( 56, 10)
n=  4011   udiff=  2.8777E-06 ( 61, 12)   vdiff=  4.4959E-06 ( 57, 10)
n=  4012   udiff=  3.5139E-06 ( 55, 15)   vdiff=  3.5906E-06 ( 61, 12)
n=  4013   udiff=  4.0102E-06 ( 60, 12)   vdiff=  5.3929E-06 ( 59, 16)
n=  4014   udiff=  3.3746E-06 ( 54, 14)   vdiff=  5.4385E-06 ( 53, 15)
n=  4015   udiff=  3.6125E-06 ( 56, 16)   vdiff=  5.6184E-06 ( 54, 16)
n=  4016   udiff=  4.6313E-06 ( 60, 16)   vdiff=  4.2879E-06 ( 60, 16)
n=  4017   udiff=  2.9629E-06 ( 60, 12)   vdiff=  4.9540E-06 ( 57, 14)
n=  4018   udiff=  3.9626E-06 ( 60, 16)   vdiff=  5.2196E-06 ( 56, 17)
n=  4019   udiff=  3.5344E-06 ( 55, 15)   vdiff=  5.0463E-06 ( 57, 12)
n=  4020   udiff=  4.1239E-06 ( 60, 16)   vdiff=  4.1872E-06 ( 60, 16)
n=  4021   udiff=  2.9101E-06 ( 59, 16)   vdiff=  5.0514E-06 ( 56, 11)
n=  4022   udiff=  3.0403E-06 ( 60, 16)   vdiff=  5.0568E-06 ( 56, 12)
n=  4023   udiff=  3.9271E-06 ( 60, 16)   vdiff=  4.9044E-06 ( 57, 10)
n=  4024   udiff=  3.6030E-06 ( 59, 13)   vdiff=  6.0695E-06 ( 59, 16)
n=  4025   udiff=  3.4222E-06 ( 56, 11)   vdiff=  6.0578E-06 ( 56, 15)
n=  4026   udiff=  4.4618E-06 ( 59, 13)   vdiff=  5.8685E-06 ( 60, 13)
n=  4027   udiff=  3.9898E-06 ( 55, 14)   vdiff=  5.6647E-06 ( 60, 16)
n=  4028   udiff=  4.3623E-06 ( 60, 13)   vdiff=  6.7108E-06 ( 59, 14)
n=  4029   udiff=  3.2299E-06 ( 56, 14)   vdiff=  6.3275E-06 ( 56, 15)
n=  4030   udiff=  3.4776E-06 ( 56, 16)   vdiff=  6.5167E-06 ( 55, 16)
n=  4031   udiff=  4.0667E-06 ( 60, 15)   vdiff=  6.6172E-06 ( 59, 16)
n=  4032   udiff=  3.2613E-06 ( 59, 15)   vdiff=  5.9059E-06 ( 55, 11)
n=  4033   udiff=  4.3124E-06 ( 59, 15)   vdiff=  5.5057E-06 ( 54, 15)
n=  4034   udiff=  3.6678E-06 ( 59, 16)   vdiff=  4.8931E-06 ( 59, 17)
n=  4035   udiff=  4.6144E-06 ( 56, 15)   vdiff=  6.3618E-06 ( 55, 16)
n=  4036   udiff=  3.5882E-06 ( 57, 17)   vdiff=  5.1780E-06 ( 60, 16)
n=  4037   udiff=  3.0269E-06 ( 59, 14)   vdiff=  5.3175E-06 ( 57, 18)
n=  4038   udiff=  3.3728E-06 ( 58, 17)   vdiff=  5.0707E-06 ( 56, 18)
n=  4039   udiff=  3.6092E-06 ( 57, 16)   vdiff=  5.9579E-06 ( 60, 16)
n=  4040   udiff=  4.2592E-06 ( 59, 16)   vdiff=  7.6866E-06 ( 59, 16)
n=  4041   udiff=  4.7437E-06 ( 59, 14)   vdiff=  4.3939E-06 ( 57, 14)
n=  4042   udiff=  3.2127E-06 ( 62, 11)   vdiff=  4.6122E-06 ( 61, 11)
n=  4043   udiff=  3.8804E-06 ( 60, 15)   vdiff=  6.5008E-06 ( 60, 16)
n=  4044   udiff=  3.6352E-06 ( 56, 15)   vdiff=  5.1247E-06 ( 55, 11)
n=  4045   udiff=  5.0509E-06 ( 58, 16)   vdiff=  6.8613E-06 ( 58, 17)
n=  4046   udiff=  3.3786E-06 ( 56, 15)   vdiff=  5.3574E-06 ( 57, 18)
n=  4047   udiff=  3.1519E-06 ( 56, 15)   vdiff=  4.4399E-06 ( 55, 14)
n=  4048   udiff=  2.7436E-06 ( 58, 17)   vdiff=  4.1580E-06 ( 61, 11)
n=  4049   udiff=  2.8930E-06 ( 57, 12)   vdiff=  5.5016E-06 ( 55, 15)
n=  4050   udiff=  3.9874E-06 ( 58, 17)   vdiff=  6.3201E-06 ( 58, 17)
n=  4051   udiff=  3.2171E-06 ( 56, 10)   vdiff=  6.3487E-06 ( 56, 11)
n=  4052   udiff=  2.6823E-06 ( 59, 13)   vdiff=  5.1108E-06 ( 58, 12)
n=  4053   udiff=  2.4731E-06 ( 58, 13)   vdiff=  3.2481E-06 ( 55, 14)
n=  4054   udiff=  3.7410E-06 ( 60, 14)   vdiff=  4.5943E-06 ( 60, 14)
n=  4055   udiff=  3.0013E-06 ( 56, 18)   vdiff=  4.8948E-06 ( 53, 16)
n=  4056   udiff=  2.7562E-06 ( 57, 16)   vdiff=  4.7319E-06 ( 57, 17)
n=  4057   udiff=  4.4227E-06 ( 58, 14)   vdiff=  7.1212E-06 ( 58, 14)
n=  4058   udiff=  2.7449E-06 ( 56, 14)   vdiff=  4.3856E-06 ( 59, 13)
n=  4059   udiff=  3.1504E-06 ( 58, 16)   vdiff=  6.7571E-06 ( 58, 17)
n=  4060   udiff=  3.5507E-06 ( 56, 12)   vdiff=  5.2822E-06 ( 61, 13)
n=  4061   udiff=  3.4598E-06 ( 54, 16)   vdiff=  3.6175E-06 ( 55, 14)
n=  4062   udiff=  3.1160E-06 ( 57, 14)   vdiff=  4.4262E-06 ( 55, 18)
n=  4063   udiff=  3.7681E-06 ( 58, 17)   vdiff=  5.4425E-06 ( 58, 17)
n=  4064   udiff=  2.9542E-06 ( 55, 12)   vdiff=  5.7502E-06 ( 55, 12)
n=  4065   udiff=  2.9512E-06 ( 59, 10)   vdiff=  4.5743E-06 ( 56, 14)
n=  4066   udiff=  4.2846E-06 ( 55, 16)   vdiff=  5.2102E-06 ( 58, 18)
n=  4067   udiff=  3.3351E-06 ( 55, 16)   vdiff=  6.5262E-06 ( 55, 17)
n=  4068   udiff=  4.7500E-06 ( 57, 14)   vdiff=  5.0463E-06 ( 56, 13)
n=  4069   udiff=  2.3978E-06 ( 54, 11)   vdiff=  5.5506E-06 ( 54, 17)
n=  4070   udiff=  4.2299E-06 ( 59, 10)   vdiff=  4.4656E-06 ( 58, 10)
n=  4071   udiff=  3.5850E-06 ( 58, 13)   vdiff=  5.0637E-06 ( 57, 12)
n=  4072   udiff=  3.6974E-06 ( 58, 10)   vdiff=  5.7791E-06 ( 56, 14)
n=  4073   udiff=  2.7640E-06 ( 61, 10)   vdiff=  5.4672E-06 ( 55, 18)
n=  4074   udiff=  2.4728E-06 ( 57, 14)   vdiff=  5.2853E-06 ( 58, 10)
n=  4075   udiff=  2.6959E-06 ( 53, 13)   vdiff=  4.5183E-06 ( 57, 12)
n=  4076   udiff=  3.4812E-06 ( 59, 10)   vdiff=  6.5345E-06 ( 54, 17)
n=  4077   udiff=  3.2468E-06 ( 56, 13)   vdiff=  4.3934E-06 ( 56, 13)
n=  4078   udiff=  3.8780E-06 ( 61, 12)   vdiff=  5.2206E-06 ( 58, 10)
n=  4079   udiff=  3.1721E-06 ( 56, 13)   vdiff=  5.0698E-06 ( 57, 14)
n=  4080   udiff=  3.6273E-06 ( 61, 12)   vdiff=  4.8862E-06 ( 54, 12)
n=  4081   udiff=  3.2700E-06 ( 54, 15)   vdiff=  5.1280E-06 ( 53, 15)
n=  4082   udiff=  3.5998E-06 ( 55, 15)   vdiff=  5.4420E-06 ( 54, 16)
n=  4083   udiff=  3.1528E-06 ( 58, 11)   vdiff=  5.8401E-06 ( 54, 15)
n=  4084   udiff=  3.2976E-06 ( 54, 15)   vdiff=  5.1204E-06 ( 53, 14)
n=  4085   udiff=  3.2721E-06 ( 55, 15)   vdiff=  5.0012E-06 ( 57, 14)
n=  4086   udiff=  2.2973E-06 ( 56, 18)   vdiff=  5.2281E-06 ( 58, 11)
n=  4087   udiff=  2.8827E-06 ( 55, 12)   vdiff=  5.1884E-06 ( 54, 12)
n=  4088   udiff=  4.2673E-06 ( 60, 12)   vdiff=  6.6257E-06 ( 60, 12)
n=  4089   udiff=  3.0107E-06 ( 55, 15)   vdiff=  4.9345E-06 ( 54, 16)
n=  4090   udiff=  4.1385E-06 ( 60, 14)   vdiff=  4.7343E-06 ( 61, 13)
n=  4091   udiff=  3.8512E-06 ( 57, 11)   vdiff=  5.6949E-06 ( 56, 12)
n=  4092   udiff=  3.1447E-06 ( 60, 12)   vdiff=  4.2618E-06 ( 59, 17)
n=  4093   udiff=  2.7216E-06 ( 59, 13)   vdiff=  4.0401E-06 ( 55, 16)
n=  4094   udiff=  3.3552E-06 ( 55, 15)   vdiff=  5.1898E-06 ( 59, 12)
n=  4095   udiff=  3.1978E-06 ( 59, 13)   vdiff=  5.5219E-06 ( 57, 15)
n=  4096   udiff=  3.6788E-06 ( 54, 15)   vdiff=  5.5491E-06 ( 53, 15)
n=  4097   udiff=  2.6516E-06 ( 55, 16)   vdiff=  5.8892E-06 ( 54, 16)
n=  4098   udiff=  4.1144E-06 ( 60, 15)   vdiff=  4.8209E-06 ( 60, 15)
n=  4099   udiff=  3.3821E-06 ( 58, 10)   vdiff=  5.2992E-06 ( 57, 10)
n=  4100   udiff=  2.8061E-06 ( 55, 16)   vdiff=  5.8999E-06 ( 54, 12)
n=  4101   udiff=  2.7383E-06 ( 59, 15)   vdiff=  3.9555E-06 ( 58, 17)
n=  4102   udiff=  3.4580E-06 ( 55, 14)   vdiff=  5.8619E-06 ( 59, 16)
n=  4103   udiff=  3.2174E-06 ( 59, 15)   vdiff=  4.8777E-06 ( 54, 15)
n=  4104   udiff=  2.7405E-06 ( 57, 18)   vdiff=  5.5625E-06 ( 56, 10)
n=  4105   udiff=  3.4904E-06 ( 54, 14)   vdiff=  5.2372E-06 ( 54, 13)
n=  4106   udiff=  2.5364E-06 ( 53, 14)   vdiff=  4.0908E-06 ( 55, 15)
n=  4107   udiff=  3.6731E-06 ( 59, 14)   vdiff=  6.1790E-06 ( 55, 16)
n=  4108   udiff=  3.5652E-06 ( 58, 17)   vdiff=  5.4361E-06 ( 54, 15)
n=  4109   udiff=  2.8821E-06 ( 58, 18)   vdiff=  4.6492E-06 ( 54, 15)
n=  4110   udiff=  3.4524E-06 ( 58, 18)   vdiff=  5.3084E-06 ( 59, 17)
n=  4111   udiff=  3.6881E-06 ( 59, 16)   vdiff=  6.0235E-06 ( 57, 16)
n=  4112   udiff=  2.9293E-06 ( 61, 14)   vdiff=  5.2922E-06 ( 57, 10)
n=  4113   udiff=  3.9244E-06 ( 55, 15)   vdiff=  4.7621E-06 ( 58, 12)
n=  4114   udiff=  3.3587E-06 ( 60, 16)   vdiff=  6.5159E-06 ( 57, 18)
n=  4115   udiff=  3.6238E-06 ( 55, 15)   vdiff=  4.3163E-06 ( 56, 10)
n=  4116   udiff=  3.9144E-06 ( 57, 16)   vdiff=  5.2422E-06 ( 58, 16)
n=  4117   udiff=  3.0878E-06 ( 60, 14)   vdiff=  5.3628E-06 ( 53, 15)
n=  4118   udiff=  2.8971E-06 ( 57, 15)   vdiff=  5.1428E-06 ( 60, 13)
n=  4119   udiff=  3.7951E-06 ( 55, 15)   vdiff=  5.5004E-06 ( 54, 13)
n=  4120   udiff=  4.1235E-06 ( 60, 15)   vdiff=  5.4606E-06 ( 55, 14)
n=  4121   udiff=  3.7404E-06 ( 58, 13)   vdiff=  6.5754E-06 ( 57, 18)
n=  4122   udiff=  2.9457E-06 ( 58, 11)   vdiff=  4.7311E-06 ( 54, 15)
n=  4123   udiff=  3.3535E-06 ( 55, 15)   vdiff=  4.6309E-06 ( 55, 15)
n=  4124   udiff=  3.3557E-06 ( 56, 15)   vdiff=  4.6680E-06 ( 60, 16)
n=  4125   udiff=  3.3829E-06 ( 58, 18)   vdiff=  7.1701E-06 ( 58, 17)
n=  4126   udiff=  2.1337E-06 ( 58, 13)   vdiff=  3.8500E-06 ( 60, 14)
n=  4127   udiff=  3.4271E-06 ( 55, 15)   vdiff=  5.2820E-06 ( 54, 13)
n=  4128   udiff=  3.9350E-06 ( 56, 11)   vdiff=  5.6592E-06 ( 54, 15)
n=  4129   udiff=  3.2311E-06 ( 61, 11)   vdiff=  5.0484E-06 ( 60, 11)
n=  4130   udiff=  2.8484E-06 ( 60, 16)   vdiff=  4.3651E-06 ( 60, 16)
n=  4131   udiff=  3.0063E-06 ( 55,  6)   vdiff=  5.2169E-06 ( 57, 14)
n=  4132   udiff=  2.9344E-06 ( 53, 13)   vdiff=  4.0850E-06 ( 57, 18)
n=  4133   udiff=  2.8184E-06 ( 54, 12)   vdiff=  4.8232E-06 ( 54, 13)
n=  4134   udiff=  3.3222E-06 ( 56, 13)   vdiff=  4.1650E-06 ( 57, 15)
n=  4135   udiff=  2.7238E-06 ( 56, 14)   vdiff=  3.9433E-06 ( 55, 14)
n=  4136   udiff=  3.0730E-06 ( 56, 13)   vdiff=  3.8243E-06 ( 55, 14)
n=  4137   udiff=  4.0628E-06 ( 57, 14)   vdiff=  4.5464E-06 ( 59, 10)
n=  4138   udiff=  3.9909E-06 ( 58, 17)   vdiff=  5.7366E-06 ( 56, 14)
n=  4139   udiff=  3.1605E-06 ( 61, 11)   vdiff=  4.2968E-06 ( 57, 14)
n=  4140   udiff=  3.2973E-06 ( 60, 16)   vdiff=  5.2993E-06 ( 60, 16)
n=  4141   udiff=  3.3848E-06 ( 60, 10)   vdiff=  4.7287E-06 ( 55, 14)
n=  4142   udiff=  3.6443E-06 ( 56, 12)   vdiff=  4.7934E-06 ( 56, 13)
n=  4143   udiff=  3.2446E-06 ( 56, 14)   vdiff=  6.2195E-06 ( 56, 14)
n=  4144   udiff=  3.0268E-06 ( 56, 13)   vdiff=  4.3809E-06 ( 57, 14)
n=  4145   udiff=  2.5314E-06 ( 61, 12)   vdiff=  4.6962E-06 ( 61, 12)
n=  4146   udiff=  3.1667E-06 ( 60, 13)   vdiff=  4.7150E-06 ( 56, 11)
n=  4147   udiff=  3.2710E-06 ( 55, 12)   vdiff=  5.1183E-06 ( 56, 13)
n=  4148   udiff=  2.8756E-06 ( 61, 13)   vdiff=  5.2828E-06 ( 53, 16)
n=  4149   udiff=  2.6586E-06 ( 60, 10)   vdiff=  3.1748E-06 ( 56, 17)
n=  4150   udiff=  3.2713E-06 ( 56, 13)   vdiff=  5.7369E-06 ( 55, 14)
n=  4151   udiff=  2.8700E-06 ( 56, 12)   vdiff=  4.4219E-06 ( 56, 13)
n=  4152   udiff=  2.9694E-06 ( 56, 11)   vdiff=  6.5363E-06 ( 56, 14)
n=  4153   udiff=  4.4041E-06 ( 57, 14)   vdiff=  4.6171E-06 ( 57, 14)
n=  4154   udiff=  2.9069E-06 ( 56, 12)   vdiff=  4.8159E-06 ( 53, 16)
n=  4155   udiff=  2.9403E-06 ( 60, 16)   vdiff=  5.2150E-06 ( 60, 16)
n=  4156   udiff=  2.8916E-06 ( 61, 10)   vdiff=  5.6475E-06 ( 55, 11)
n=  4157   udiff=  3.5755E-06 ( 55, 12)   vdiff=  5.6296E-06 ( 60, 14)
n=  4158   udiff=  2.8424E-06 ( 53, 13)   vdiff=  4.4953E-06 ( 53, 14)
n=  4159   udiff=  2.0843E-06 ( 56, 18)   vdiff=  2.9585E-06 ( 56, 17)
n=  4160   udiff=  2.8253E-06 ( 57, 14)   vdiff=  5.3753E-06 ( 59, 10)
n=  4161   udiff=  2.2208E-06 ( 56,  8)   vdiff=  4.2538E-06 ( 54, 13)
n=  4162   udiff=  2.7063E-06 ( 55, 17)   vdiff=  4.1656E-06 ( 57, 12)
n=  4163   udiff=  4.2660E-06 ( 56, 10)   vdiff=  7.0226E-06 ( 55, 11)
n=  4164   udiff=  2.8762E-06 ( 55, 17)   vdiff=  4.0855E-06 ( 57, 17)
n=  4165   udiff=  2.5961E-06 ( 58, 10)   vdiff=  4.7653E-06 ( 57, 11)
n=  4166   udiff=  4.0137E-06 ( 59, 13)   vdiff=  3.0117E-06 ( 56, 18)
n=  4167   udiff=  2.7475E-06 ( 57, 13)   vdiff=  4.1654E-06 ( 56, 13)
n=  4168   udiff=  4.1785E-06 ( 58, 12)   vdiff=  5.0486E-06 ( 58, 11)
n=  4169   udiff=  2.6837E-06 ( 59, 10)   vdiff=  4.7176E-06 ( 59, 11)
n=  4170   udiff=  4.2873E-06 ( 59, 15)   vdiff=  5.0041E-06 ( 58, 14)
n=  4171   udiff=  3.6409E-06 ( 59, 13)   vdiff=  5.5224E-06 ( 55, 11)
n=  4172   udiff=  2.6530E-06 ( 59, 14)   vdiff=  5.9807E-06 ( 58, 11)
n=  4173   udiff=  3.5620E-06 ( 58, 11)   vdiff=  4.3468E-06 ( 55, 12)
n=  4174   udiff=  3.6081E-06 ( 58, 14)   vdiff=  5.2319E-06 ( 53, 16)
n=  4175   udiff=  3.2419E-06 ( 59, 13)   vdiff=  4.5668E-06 ( 58, 10)
n=  4176   udiff=  3.5495E-06 ( 57, 12)   vdiff=  5.0605E-06 ( 58, 14)
n=  4177   udiff=  3.0397E-06 ( 55, 18)   vdiff=  6.1063E-06 ( 58, 11)
n=  4178   udiff=  3.2268E-06 ( 58, 14)   vdiff=  5.4716E-06 ( 58,  9)
n=  4179   udiff=  3.7015E-06 ( 59, 14)   vdiff=  6.7198E-06 ( 59, 11)
n=  4180   udiff=  2.7317E-06 ( 57, 18)   vdiff=  5.0231E-06 ( 54, 17)
n=  4181   udiff=  2.6682E-06 ( 60, 11)   vdiff=  4.0246E-06 ( 59, 12)
n=  4182   udiff=  3.1533E-06 ( 54, 16)   vdiff=  5.1203E-06 ( 60, 12)
n=  4183   udiff=  3.1503E-06 ( 58, 12)   vdiff=  6.1994E-06 ( 58, 11)
n=  4184   udiff=  3.7853E-06 ( 56, 15)   vdiff=  4.5267E-06 ( 56, 18)
n=  4185   udiff=  4.5520E-06 ( 55, 16)   vdiff=  4.4989E-06 ( 61, 11)
n=  4186   udiff=  3.3828E-06 ( 56, 15)   vdiff=  5.7122E-06 ( 60, 12)
n=  4187   udiff=  3.4155E-06 ( 54, 16)   vdiff=  5.4035E-06 ( 53, 16)
n=  4188   udiff=  2.7096E-06 ( 59,  8)   vdiff=  5.7149E-06 ( 58, 10)
n=  4189   udiff=  3.0228E-06 ( 58, 10)   vdiff=  5.7299E-06 ( 57, 11)
n=  4190   udiff=  2.9387E-06 ( 51, 16)   vdiff=  5.8078E-06 ( 54, 16)
n=  4191   udiff=  2.6094E-06 ( 55,  9)   vdiff=  6.7832E-06 ( 55, 12)
n=  4192   udiff=  4.2790E-06 ( 59, 16)   vdiff=  5.5525E-06 ( 59, 17)
n=  4193   udiff=  3.4470E-06 ( 54, 16)   vdiff=  5.0438E-06 ( 58, 10)
n=  4194   udiff=  2.6518E-06 ( 59, 16)   vdiff=  4.7978E-06 ( 53, 14)
n=  4195   udiff=  2.9223E-06 ( 56, 16)   vdiff=  5.8799E-06 ( 55, 16)
n=  4196   udiff=  2.9616E-06 ( 58, 16)   vdiff=  5.2660E-06 ( 54, 16)
n=  4197   udiff=  3.0864E-06 ( 61, 13)   vdiff=  4.4705E-06 ( 56, 15)
n=  4198   udiff=  3.8694E-06 ( 56, 16)   vdiff=  5.6310E-06 ( 58, 17)
n=  4199   udiff=  3.0064E-06 ( 54, 16)   vdiff=  6.0812E-06 ( 57, 11)
n=  4200   udiff=  4.5973E-06 ( 59, 12)   vdiff=  5.9167E-06 ( 58, 13)
n=  4201   udiff=  4.4937E-06 ( 57, 15)   vdiff=  6.3608E-06 ( 60, 15)
n=  4202   udiff=  4.0872E-06 ( 59, 16)   vdiff=  5.5964E-06 ( 58, 17)
n=  4203   udiff=  3.1263E-06 ( 55, 13)   vdiff=  6.4490E-06 ( 55, 16)
n=  4204   udiff=  3.3580E-06 ( 59, 14)   vdiff=  5.8067E-06 ( 54, 16)
n=  4205   udiff=  2.8422E-06 ( 54, 15)   vdiff=  4.8606E-06 ( 55, 13)
n=  4206   udiff=  2.9694E-06 ( 55, 16)   vdiff=  5.4262E-06 ( 58, 10)
n=  4207   udiff=  3.2045E-06 ( 58, 10)   vdiff=  6.5198E-06 ( 57, 12)
n=  4208   udiff=  2.6744E-06 ( 61, 12)   vdiff=  3.6388E-06 ( 60, 13)
n=  4209   udiff=  3.8106E-06 ( 57, 17)   vdiff=  6.2419E-06 ( 54, 16)
n=  4210   udiff=  2.7911E-06 ( 58, 17)   vdiff=  6.0650E-06 ( 56, 15)
n=  4211   udiff=  3.4748E-06 ( 58,  9)   vdiff=  5.7444E-06 ( 61, 13)
n=  4212   udiff=  3.0752E-06 ( 55, 14)   vdiff=  4.8353E-06 ( 59, 12)
n=  4213   udiff=  3.3141E-06 ( 55, 15)   vdiff=  6.1510E-06 ( 54, 17)
n=  4214   udiff=  3.4011E-06 ( 57, 17)   vdiff=  3.9936E-06 ( 58,  9)
n=  4215   udiff=  3.8776E-06 ( 61, 13)   vdiff=  5.2430E-06 ( 61, 13)
n=  4216   udiff=  3.0776E-06 ( 54, 15)   vdiff=  6.5660E-06 ( 57, 18)
n=  4217   udiff=  2.8799E-06 ( 54, 15)   vdiff=  4.4839E-06 ( 56, 18)
n=  4218   udiff=  2.9714E-06 ( 55, 16)   vdiff=  5.1648E-06 ( 54, 11)
n=  4219   udiff=  3.7750E-06 ( 57, 12)   vdiff=  5.9180E-06 ( 61, 13)
n=  4220   udiff=  3.3253E-06 ( 55, 14)   vdiff=  6.6193E-06 ( 57, 18)
n=  4221   udiff=  3.1640E-06 ( 54, 16)   vdiff=  4.9582E-06 ( 54, 16)
n=  4222   udiff=  2.6219E-06 ( 57, 16)   vdiff=  4.6620E-06 ( 56, 16)
n=  4223   udiff=  3.1448E-06 ( 54, 17)   vdiff=  6.0140E-06 ( 54, 16)
n=  4224   udiff=  3.1584E-06 ( 55, 14)   vdiff=  5.1508E-06 ( 58, 14)
n=  4225   udiff=  2.7789E-06 ( 59,  9)   vdiff=  3.9950E-06 ( 56, 18)
n=  4226   udiff=  3.1033E-06 ( 57, 18)   vdiff=  4.7501E-06 ( 57, 18)
n=  4227   udiff=  3.7916E-06 ( 58,  9)   vdiff=  5.9584E-06 ( 54, 17)
n=  4228   udiff=  3.1309E-06 ( 57, 12)   vdiff=  4.8326E-06 ( 56, 16)
n=  4229   udiff=  2.9819E-06 ( 60, 14)   vdiff=  5.5366E-06 ( 60, 14)
n=  4230   udiff=  3.2447E-06 ( 55, 11)   vdiff=  4.9020E-06 ( 55, 11)
n=  4231   udiff=  2.6364E-06 ( 61, 12)   vdiff=  6.0535E-06 ( 54, 16)
n=  4232   udiff=  3.6993E-06 ( 60, 15)   vdiff=  6.3651E-06 ( 57, 18)
n=  4233   udiff=  2.8901E-06 ( 56, 11)   vdiff=  4.5063E-06 ( 60, 14)
n=  4234   udiff=  2.9609E-06 ( 57, 12)   vdiff=  5.7717E-06 ( 54, 12)
n=  4235   udiff=  2.8907E-06 ( 56, 15)   vdiff=  6.3096E-06 ( 54, 16)
n=  4236   udiff=  3.5995E-06 ( 57, 16)   vdiff=  5.8596E-06 ( 57, 15)
n=  4237   udiff=  2.6606E-06 ( 60, 14)   vdiff=  4.6362E-06 ( 60, 14)
n=  4238   udiff=  2.6888E-06 ( 57, 18)   vdiff=  7.0578E-06 ( 57, 18)
n=  4239   udiff=  4.4144E-06 ( 61, 13)   vdiff=  5.8731E-06 ( 54, 17)
n=  4240   udiff=  3.1779E-06 ( 60, 15)   vdiff=  4.7053E-06 ( 60, 16)
n=  4241   udiff=  2.7031E-06 ( 55, 14)   vdiff=  5.5203E-06 ( 54, 12)
n=  4242   udiff=  2.5301E-06 ( 56, 10)   vdiff=  4.9079E-06 ( 57, 15)
n=  4243   udiff=  2.9461E-06 ( 60, 17)   vdiff=  4.7482E-06 ( 58,  9)
n=  4244   udiff=  3.0727E-06 ( 55, 14)   vdiff=  5.1602E-06 ( 54, 17)
n=  4245   udiff=  3.4310E-06 ( 61, 14)   vdiff=  5.4545E-06 ( 61, 13)
n=  4246   udiff=  3.0778E-06 ( 57, 14)   vdiff=  5.6350E-06 ( 56, 16)
n=  4247   udiff=  3.6533E-06 ( 60, 16)   vdiff=  4.8564E-06 ( 60, 13)
n=  4248   udiff=  3.4716E-06 ( 55, 11)   vdiff=  5.3582E-06 ( 55, 11)
n=  4249   udiff=  3.0070E-06 ( 56, 15)   vdiff=  6.1599E-06 ( 54, 17)
n=  4250   udiff=  2.9354E-06 ( 54, 15)   vdiff=  5.3050E-06 ( 53, 16)
n=  4251   udiff=  2.7358E-06 ( 58, 14)   vdiff=  4.5747E-06 ( 60, 16)
n=  4252   udiff=  3.5207E-06 ( 55, 11)   vdiff=  5.4619E-06 ( 55, 11)
n=  4253   udiff=  3.1175E-06 ( 62, 12)   vdiff=  4.0979E-06 ( 57, 13)
n=  4254   udiff=  2.8600E-06 ( 58, 15)   vdiff=  5.2323E-06 ( 58,  9)
n=  4255   udiff=  2.4041E-06 ( 55, 14)   vdiff=  4.3967E-06 ( 60, 14)
n=  4256   udiff=  2.3616E-06 ( 60, 16)   vdiff=  4.7225E-06 ( 57, 13)
n=  4257   udiff=  2.3507E-06 ( 59, 13)   vdiff=  5.6499E-06 ( 57, 15)
n=  4258   udiff=  3.0502E-06 ( 55, 11)   vdiff=  6.6316E-06 ( 54, 16)
n=  4259   udiff=  3.2490E-06 ( 55, 11)   vdiff=  6.7362E-06 ( 54, 15)
n=  4260   udiff=  2.6418E-06 ( 55, 15)   vdiff=  4.1203E-06 ( 54, 11)
n=  4261   udiff=  3.6688E-06 ( 60, 16)   vdiff=  5.5324E-06 ( 56, 12)
n=  4262   udiff=  2.6008E-06 ( 58,  8)   vdiff=  6.1727E-06 ( 58,  9)
n=  4263   udiff=  3.8595E-06 ( 55, 11)   vdiff=  5.8407E-06 ( 55, 11)
n=  4264   udiff=  2.4374E-06 ( 59, 11)   vdiff=  5.2466E-06 ( 58, 12)
n=  4265   udiff=  3.9703E-06 ( 58,  9)   vdiff=  5.8523E-06 ( 57, 15)
n=  4266   udiff=  3.6779E-06 ( 60, 13)   vdiff=  4.4707E-06 ( 54, 16)
n=  4267   udiff=  3.2292E-06 ( 59, 15)   vdiff=  5.0779E-06 ( 60, 16)
n=  4268   udiff=  2.4922E-06 ( 56,  8)   vdiff=  4.6861E-06 ( 54, 12)
n=  4269   udiff=  2.7276E-06 ( 60, 15)   vdiff=  4.5494E-06 ( 54, 17)
n=  4270   udiff=  2.8407E-06 ( 60, 15)   vdiff=  4.5260E-06 ( 60, 16)
n=  4271   udiff=  2.6142E-06 ( 60, 15)   vdiff=  4.7564E-06 ( 60, 16)
n=  4272   udiff=  3.6818E-06 ( 58, 14)   vdiff=  5.1388E-06 ( 59, 16)
n=  4273   udiff=  3.1184E-06 ( 55, 10)   vdiff=  5.8234E-06 ( 55, 11)
n=  4274   udiff=  3.4579E-06 ( 54, 11)   vdiff=  4.7838E-06 ( 54, 17)
n=  4275   udiff=  3.3036E-06 ( 58,  9)   vdiff=  5.3439E-06 ( 58, 10)
n=  4276   udiff=  3.4743E-06 ( 60, 16)   vdiff=  6.5613E-06 ( 54, 15)
n=  4277   udiff=  2.8149E-06 ( 59, 15)   vdiff=  5.3125E-06 ( 54, 16)
n=  4278   udiff=  3.2380E-06 ( 58,  9)   vdiff=  5.5444E-06 ( 58, 10)
n=  4279   udiff=  2.8410E-06 ( 58, 15)   vdiff=  5.4955E-06 ( 58, 15)
n=  4280   udiff=  3.3339E-06 ( 60, 14)   vdiff=  5.5126E-06 ( 60, 14)
n=  4281   udiff=  2.2938E-06 ( 55, 16)   vdiff=  5.1594E-06 ( 54, 17)
n=  4282   udiff=  2.1356E-06 ( 54, 12)   vdiff=  4.8593E-06 ( 54, 12)
n=  4283   udiff=  3.1395E-06 ( 58, 10)   vdiff=  6.3167E-06 ( 58, 15)
n=  4284   udiff=  2.2727E-06 ( 57,  9)   vdiff=  4.8804E-06 ( 57, 15)
n=  4285   udiff=  3.2445E-06 ( 60, 13)   vdiff=  6.4768E-06 ( 60, 14)
n=  4286   udiff=  2.5090E-06 ( 60, 17)   vdiff=  3.8730E-06 ( 54, 11)
n=  4287   udiff=  2.1558E-06 ( 55, 13)   vdiff=  4.8815E-06 ( 54, 14)
n=  4288   udiff=  2.6190E-06 ( 57, 15)   vdiff=  5.5659E-06 ( 57, 15)
n=  4289   udiff=  2.0826E-06 ( 50, 12)   vdiff=  3.9804E-06 ( 50, 13)
n=  4290   udiff=  4.2209E-06 ( 57, 14)   vdiff=  5.8802E-06 ( 55, 11)
n=  4291   udiff=  3.0115E-06 ( 55, 11)   vdiff=  4.4031E-06 ( 59, 10)
n=  4292   udiff=  3.2319E-06 ( 59, 13)   vdiff=  4.3572E-06 ( 58, 13)
n=  4293   udiff=  3.4579E-06 ( 58, 14)   vdiff=  4.7552E-06 ( 57, 15)
n=  4294   udiff=  3.3550E-06 ( 60, 10)   vdiff=  5.6019E-06 ( 54, 14)
n=  4295   udiff=  3.5982E-06 ( 54, 13)   vdiff=  4.2654E-06 ( 53, 13)
n=  4296   udiff=  3.0320E-06 ( 57, 14)   vdiff=  4.7479E-06 ( 57, 14)
n=  4297   udiff=  2.6038E-06 ( 57, 13)   vdiff=  3.5152E-06 ( 56, 14)
n=  4298   udiff=  3.4133E-06 ( 55, 15)   vdiff=  6.1646E-06 ( 55, 15)
n=  4299   udiff=  6.6554E-06 ( 59, 14)   vdiff=  6.5133E-06 ( 58, 14)
n=  4300   udiff=  2.8556E-06 ( 53, 14)   vdiff=  4.6658E-06 ( 53, 15)
n=  4301   udiff=  2.9955E-06 ( 55, 14)   vdiff=  4.1668E-06 ( 55, 14)
n=  4302   udiff=  2.7308E-06 ( 53, 12)   vdiff=  4.8080E-06 ( 58, 14)
n=  4303   udiff=  2.5280E-06 ( 58, 16)   vdiff=  4.5215E-06 ( 57, 17)
n=  4304   udiff=  2.8936E-06 ( 57, 14)   vdiff=  5.1096E-06 ( 60, 16)
n=  4305   udiff=  2.8601E-06 ( 55, 13)   vdiff=  5.3153E-06 ( 53, 15)
n=  4306   udiff=  2.6592E-06 ( 54, 12)   vdiff=  4.8088E-06 ( 58, 13)
n=  4307   udiff=  2.6410E-06 ( 54, 14)   vdiff=  4.3604E-06 ( 54, 15)
n=  4308   udiff=  2.5139E-06 ( 55, 14)   vdiff=  4.8628E-06 ( 57, 17)
n=  4309   udiff=  2.7711E-06 ( 60, 10)   vdiff=  4.3651E-06 ( 60, 11)
n=  4310   udiff=  3.7578E-06 ( 59, 14)   vdiff=  4.4698E-06 ( 59, 15)
n=  4311   udiff=  3.0084E-06 ( 54, 12)   vdiff=  4.3038E-06 ( 53, 13)
n=  4312   udiff=  2.4068E-06 ( 54, 12)   vdiff=  4.6178E-06 ( 58, 13)
n=  4313   udiff=  2.8462E-06 ( 51, 19)   vdiff=  5.4251E-06 ( 53, 15)
n=  4314   udiff=  3.3344E-06 ( 56, 16)   vdiff=  5.0916E-06 ( 57, 10)
n=  4315   udiff=  2.6545E-06 ( 58, 13)   vdiff=  5.6482E-06 ( 55, 18)
n=  4316   udiff=  2.6810E-06 ( 53, 14)   vdiff=  4.0586E-06 ( 54, 12)
n=  4317   udiff=  2.5861E-06 ( 54, 15)   vdiff=  5.2963E-06 ( 54, 15)
n=  4318   udiff=  3.8677E-06 ( 60, 11)   vdiff=  7.1004E-06 ( 60, 11)
n=  4319   udiff=  2.7872E-06 ( 59,  7)   vdiff=  4.3995E-06 ( 55, 17)
n=  4320   udiff=  2.4759E-06 ( 51, 19)   vdiff=  3.8106E-06 ( 61, 12)
n=  4321   udiff=  3.2284E-06 ( 59, 14)   vdiff=  5.3811E-06 ( 54, 15)
n=  4322   udiff=  2.8842E-06 ( 56, 14)   vdiff=  4.1376E-06 ( 58, 16)
n=  4323   udiff=  2.4261E-06 ( 60, 11)   vdiff=  4.2010E-06 ( 59, 11)
n=  4324   udiff=  3.1625E-06 ( 59, 13)   vdiff=  5.4172E-06 ( 59, 10)
n=  4325   udiff=  3.3717E-06 ( 54, 15)   vdiff=  5.2147E-06 ( 54, 15)
n=  4326   udiff=  3.5084E-06 ( 60, 17)   vdiff=  5.4247E-06 ( 59, 12)
n=  4327   udiff=  3.3767E-06 ( 58, 16)   vdiff=  3.7784E-06 ( 59, 17)
n=  4328   udiff=  3.2908E-06 ( 59, 13)   vdiff=  5.2746E-06 ( 55, 18)
n=  4329   udiff=  3.2181E-06 ( 59, 16)   vdiff=  5.6999E-06 ( 54, 15)
n=  4330   udiff=  3.0895E-06 ( 58, 16)   vdiff=  4.5713E-06 ( 56, 17)
n=  4331   udiff=  3.4850E-06 ( 59, 14)   vdiff=  5.6438E-06 ( 59, 12)
n=  4332   udiff=  2.6853E-06 ( 59, 12)   vdiff=  4.6980E-06 ( 58, 13)
n=  4333   udiff=  2.8698E-06 ( 58, 16)   vdiff=  5.8864E-06 ( 58, 16)
n=  4334   udiff=  3.6036E-06 ( 56, 15)   vdiff=  5.7464E-06 ( 57, 16)
n=  4335   udiff=  3.2579E-06 ( 61, 11)   vdiff=  6.3175E-06 ( 61, 12)
n=  4336   udiff=  3.0060E-06 ( 56, 18)   vdiff=  5.5572E-06 ( 56, 17)
n=  4337   udiff=  3.5991E-06 ( 59, 16)   vdiff=  6.2899E-06 ( 57, 16)
n=  4338   udiff=  2.8328E-06 ( 59, 10)   vdiff=  5.2060E-06 ( 58, 11)
n=  4339   udiff=  3.2972E-06 ( 57, 15)   vdiff=  5.1635E-06 ( 58, 13)
n=  4340   udiff=  2.7374E-06 ( 60, 11)   vdiff=  3.8080E-06 ( 53, 13)
n=  4341   udiff=  3.7894E-06 ( 60, 11)   vdiff=  4.2644E-06 ( 56, 16)
n=  4342   udiff=  4.1086E-06 ( 59, 11)   vdiff=  4.7001E-06 ( 57, 12)
n=  4343   udiff=  3.6017E-06 ( 60, 11)   vdiff=  6.5910E-06 ( 57, 11)
n=  4344   udiff=  4.9288E-06 ( 59, 11)   vdiff=  5.4369E-06 ( 58, 17)
n=  4345   udiff=  2.7254E-06 ( 56, 13)   vdiff=  4.2901E-06 ( 60, 12)
n=  4346   udiff=  3.8818E-06 ( 57, 16)   vdiff=  5.1946E-06 ( 60, 13)
n=  4347   udiff=  3.4953E-06 ( 60, 14)   vdiff=  5.2099E-06 ( 60, 15)
n=  4348   udiff=  3.4724E-06 ( 54, 11)   vdiff=  4.7057E-06 ( 55, 18)
n=  4349   udiff=  3.9124E-06 ( 60, 11)   vdiff=  6.5053E-06 ( 53, 14)
n=  4350   udiff=  5.4759E-06 ( 57, 11)   vdiff=  6.4376E-06 ( 58, 13)
n=  4351   udiff=  3.2596E-06 ( 57, 16)   vdiff=  5.3821E-06 ( 59, 11)
n=  4352   udiff=  2.9867E-06 ( 61, 15)   vdiff=  4.5791E-06 ( 55, 14)
n=  4353   udiff=  3.8222E-06 ( 61, 13)   vdiff=  5.1995E-06 ( 57, 18)
n=  4354   udiff=  3.2541E-06 ( 57, 18)   vdiff=  5.7820E-06 ( 57, 11)
n=  4355   udiff=  3.0407E-06 ( 59, 10)   vdiff=  4.9849E-06 ( 59, 11)
n=  4356   udiff=  3.4868E-06 ( 60, 14)   vdiff=  5.1635E-06 ( 56, 15)
n=  4357   udiff=  3.2040E-06 ( 57, 10)   vdiff=  4.8166E-06 ( 61, 11)
n=  4358   udiff=  4.1897E-06 ( 59, 11)   vdiff=  5.4849E-06 ( 57, 14)
n=  4359   udiff=  3.5646E-06 ( 61, 13)   vdiff=  5.2533E-06 ( 56, 18)
n=  4360   udiff=  3.2698E-06 ( 60, 14)   vdiff=  5.4171E-06 ( 59, 11)
n=  4361   udiff=  3.0901E-06 ( 57, 11)   vdiff=  6.0608E-06 ( 57, 11)
n=  4362   udiff=  3.8383E-06 ( 59, 11)   vdiff=  4.7341E-06 ( 56, 18)
n=  4363   udiff=  3.6639E-06 ( 57, 13)   vdiff=  5.5499E-06 ( 58, 13)
n=  4364   udiff=  2.5726E-06 ( 57, 15)   vdiff=  6.5208E-06 ( 54, 13)
n=  4365   udiff=  3.0866E-06 ( 57, 11)   vdiff=  6.1610E-06 ( 57, 11)
n=  4366   udiff=  4.0236E-06 ( 60, 11)   vdiff=  5.5114E-06 ( 60, 13)
n=  4367   udiff=  2.6809E-06 ( 57, 14)   vdiff=  4.8351E-06 ( 57, 18)
n=  4368   udiff=  3.0988E-06 ( 57, 16)   vdiff=  5.4892E-06 ( 59, 11)
n=  4369   udiff=  2.7004E-06 ( 57,  9)   vdiff=  4.9255E-06 ( 54, 11)
n=  4370   udiff=  3.3704E-06 ( 59, 11)   vdiff=  6.0662E-06 ( 53, 14)
n=  4371   udiff=  3.1994E-06 ( 57, 11)   vdiff=  6.3386E-06 ( 57, 11)
n=  4372   udiff=  3.0855E-06 ( 56, 17)   vdiff=  5.7159E-06 ( 59, 11)
n=  4373   udiff=  3.0812E-06 ( 57, 16)   vdiff=  5.5737E-06 ( 60, 12)
n=  4374   udiff=  3.8579E-06 ( 54, 12)   vdiff=  6.9692E-06 ( 57, 15)
n=  4375   udiff=  3.1835E-06 ( 57, 11)   vdiff=  6.6102E-06 ( 57, 11)
n=  4376   udiff=  2.6191E-06 ( 57, 16)   vdiff=  6.7369E-06 ( 54, 12)
n=  4377   udiff=  2.7678E-06 ( 61, 11)   vdiff=  6.0265E-06 ( 53, 14)
n=  4378   udiff=  3.0469E-06 ( 57, 13)   vdiff=  5.8798E-06 ( 59, 11)
n=  4379   udiff=  3.6663E-06 ( 55, 11)   vdiff=  5.3383E-06 ( 54, 12)
n=  4380   udiff=  3.4104E-06 ( 56, 15)   vdiff=  4.0023E-06 ( 54, 17)
n=  4381   udiff=  2.6483E-06 ( 58, 13)   vdiff=  4.4691E-06 ( 57, 13)
n=  4382   udiff=  3.4358E-06 ( 58, 10)   vdiff=  5.4143E-06 ( 59, 12)
n=  4383   udiff=  3.4163E-06 ( 56, 13)   vdiff=  7.1308E-06 ( 59, 15)
n=  4384   udiff=  3.3580E-06 ( 56, 16)   vdiff=  5.6788E-06 ( 53, 14)
n=  4385   udiff=  3.5170E-06 ( 57, 11)   vdiff=  7.2452E-06 ( 56, 11)
n=  4386   udiff=  3.3372E-06 ( 60, 10)   vdiff=  6.2509E-06 ( 59, 11)
n=  4387   udiff=  3.4656E-06 ( 58, 17)   vdiff=  5.4373E-06 ( 60, 12)
n=  4388   udiff=  3.4862E-06 ( 54, 12)   vdiff=  5.9080E-06 ( 58, 11)
n=  4389   udiff=  4.5280E-06 ( 57, 14)   vdiff=  6.7575E-06 ( 56, 15)
n=  4390   udiff=  2.6319E-06 ( 61, 12)   vdiff=  6.8752E-06 ( 54, 12)
n=  4391   udiff=  2.8590E-06 ( 59, 17)   vdiff=  4.9680E-06 ( 59, 17)
n=  4392   udiff=  3.5784E-06 ( 59, 11)   vdiff=  6.4104E-06 ( 57, 18)
n=  4393   udiff=  3.6723E-06 ( 61, 11)   vdiff=  5.7991E-06 ( 53, 14)
n=  4394   udiff=  4.6538E-06 ( 57, 14)   vdiff=  6.6232E-06 ( 56, 15)
n=  4395   udiff=  3.4272E-06 ( 54, 15)   vdiff=  5.5586E-06 ( 54, 12)
n=  4396   udiff=  3.5566E-06 ( 58, 17)   vdiff=  5.8336E-06 ( 57, 13)
n=  4397   udiff=  2.6056E-06 ( 55, 12)   vdiff=  5.6440E-06 ( 55, 13)
n=  4398   udiff=  2.8471E-06 ( 58, 11)   vdiff=  4.9629E-06 ( 58, 12)
n=  4399   udiff=  3.0588E-06 ( 54, 15)   vdiff=  4.4589E-06 ( 53, 13)
n=  4400   udiff=  3.8418E-06 ( 55, 13)   vdiff=  7.0653E-06 ( 54, 13)
n=  4401   udiff=  2.8769E-06 ( 57, 16)   vdiff=  7.2664E-06 ( 57, 18)
n=  4402   udiff=  3.2445E-06 ( 61, 15)   vdiff=  5.2386E-06 ( 60, 10)
n=  4403   udiff=  4.6890E-06 ( 55, 12)   vdiff=  5.3468E-06 ( 54, 13)
n=  4404   udiff=  3.0667E-06 ( 57, 14)   vdiff=  6.0290E-06 ( 58, 11)
n=  4405   udiff=  2.4974E-06 ( 59, 12)   vdiff=  5.0504E-06 ( 60, 13)
n=  4406   udiff=  3.2741E-06 ( 57, 18)   vdiff=  4.8302E-06 ( 57, 18)
n=  4407   udiff=  3.0489E-06 ( 55, 15)   vdiff=  6.7293E-06 ( 55, 16)
n=  4408   udiff=  3.8026E-06 ( 55, 13)   vdiff=  6.1389E-06 ( 54, 12)
n=  4409   udiff=  3.1414E-06 ( 57, 15)   vdiff=  6.4138E-06 ( 57, 14)
n=  4410   udiff=  3.0782E-06 ( 59, 11)   vdiff=  5.2672E-06 ( 59, 11)
n=  4411   udiff=  3.6836E-06 ( 55, 13)   vdiff=  5.9706E-06 ( 55, 13)
n=  4412   udiff=  3.3575E-06 ( 58, 17)   vdiff=  5.3293E-06 ( 54, 17)
n=  4413   udiff=  4.1681E-06 ( 55, 12)   vdiff=  4.6794E-06 ( 54, 12)
n=  4414   udiff=  3.4114E-06 ( 55, 12)   vdiff=  6.6411E-06 ( 57, 14)
n=  4415   udiff=  3.5780E-06 ( 54, 12)   vdiff=  4.2906E-06 ( 54, 16)
n=  4416   udiff=  3.2458E-06 ( 57, 10)   vdiff=  5.1250E-06 ( 54, 17)
n=  4417   udiff=  2.9706E-06 ( 58, 12)   vdiff=  5.0179E-06 ( 61, 11)
n=  4418   udiff=  3.2039E-06 ( 57, 17)   vdiff=  6.3554E-06 ( 58, 11)
n=  4419   udiff=  3.3293E-06 ( 58, 12)   vdiff=  6.4654E-06 ( 57, 14)
n=  4420   udiff=  3.5094E-06 ( 58, 17)   vdiff=  4.7763E-06 ( 58, 18)
n=  4421   udiff=  2.4886E-06 ( 57, 16)   vdiff=  2.8830E-06 ( 59, 18)
n=  4422   udiff=  3.4753E-06 ( 58, 12)   vdiff=  6.8213E-06 ( 54, 13)
n=  4423   udiff=  3.3832E-06 ( 58, 14)   vdiff=  4.9344E-06 ( 59, 13)
n=  4424   udiff=  3.7330E-06 ( 58, 14)   vdiff=  5.5036E-06 ( 57, 14)
n=  4425   udiff=  3.5934E-06 ( 57, 10)   vdiff=  5.5499E-06 ( 55, 13)
n=  4426   udiff=  3.2238E-06 ( 59, 12)   vdiff=  5.8401E-06 ( 53, 15)
n=  4427   udiff=  2.9114E-06 ( 58, 10)   vdiff=  6.3796E-06 ( 57, 18)
n=  4428   udiff=  2.5917E-06 ( 59, 15)   vdiff=  4.5851E-06 ( 57, 11)
n=  4429   udiff=  4.7089E-06 ( 55, 12)   vdiff=  6.4171E-06 ( 57, 15)
n=  4430   udiff=  2.9679E-06 ( 56, 16)   vdiff=  4.9462E-06 ( 55, 16)
n=  4431   udiff=  3.3055E-06 ( 61, 14)   vdiff=  5.8957E-06 ( 60, 14)
n=  4432   udiff=  3.7737E-06 ( 55, 13)   vdiff=  6.4554E-06 ( 54, 13)
n=  4433   udiff=  2.8183E-06 ( 61, 10)   vdiff=  5.3474E-06 ( 54, 17)
n=  4434   udiff=  2.5558E-06 ( 56, 16)   vdiff=  5.3296E-06 ( 57, 11)
n=  4435   udiff=  4.6377E-06 ( 57, 15)   vdiff=  6.5072E-06 ( 57, 14)
n=  4436   udiff=  3.0762E-06 ( 55, 13)   vdiff=  6.5255E-06 ( 54, 13)
n=  4437   udiff=  3.9941E-06 ( 60, 13)   vdiff=  4.8945E-06 ( 56, 10)
n=  4438   udiff=  4.2808E-06 ( 60, 13)   vdiff=  4.4416E-06 ( 56, 18)
n=  4439   udiff=  3.6838E-06 ( 57, 12)   vdiff=  6.1055E-06 ( 57, 14)
n=  4440   udiff=  3.8106E-06 ( 55, 15)   vdiff=  6.6723E-06 ( 58, 11)
n=  4441   udiff=  3.3552E-06 ( 58, 14)   vdiff=  5.4034E-06 ( 58, 15)
n=  4442   udiff=  2.8593E-06 ( 54, 16)   vdiff=  5.2373E-06 ( 56, 10)
n=  4443   udiff=  3.1390E-06 ( 55, 13)   vdiff=  6.6418E-06 ( 54, 13)
n=  4444   udiff=  3.6035E-06 ( 56, 11)   vdiff=  5.9855E-06 ( 56, 12)
n=  4445   udiff=  3.2068E-06 ( 60, 12)   vdiff=  5.0748E-06 ( 61, 11)
n=  4446   udiff=  3.7674E-06 ( 60, 14)   vdiff=  5.4897E-06 ( 58, 15)
n=  4447   udiff=  2.8653E-06 ( 60, 14)   vdiff=  4.2811E-06 ( 56, 10)
n=  4448   udiff=  3.9046E-06 ( 58, 14)   vdiff=  5.6687E-06 ( 54, 13)
n=  4449   udiff=  2.7876E-06 ( 57, 15)   vdiff=  5.2021E-06 ( 53, 13)
n=  4450   udiff=  3.1759E-06 ( 59, 12)   vdiff=  6.2101E-06 ( 53, 14)
n=  4451   udiff=  4.4281E-06 ( 60, 13)   vdiff=  5.9263E-06 ( 54, 13)
n=  4452   udiff=  3.0937E-06 ( 60, 13)   vdiff=  6.7542E-06 ( 59, 15)
n=  4453   udiff=  4.8864E-06 ( 60, 15)   vdiff=  8.0260E-06 ( 60, 16)
n=  4454   udiff=  3.1197E-06 ( 57, 15)   vdiff=  5.5020E-06 ( 60, 13)
n=  4455   udiff=  4.2415E-06 ( 56, 12)   vdiff=  6.8320E-06 ( 55, 16)
n=  4456   udiff=  2.6252E-06 ( 57, 15)   vdiff=  5.0587E-06 ( 54, 17)
n=  4457   udiff=  3.6157E-06 ( 58, 12)   vdiff=  4.7276E-06 ( 57, 13)
n=  4458   udiff=  2.9325E-06 ( 58, 12)   vdiff=  5.7325E-06 ( 57, 14)
n=  4459   udiff=  4.8535E-06 ( 60, 13)   vdiff=  6.4964E-06 ( 60, 16)
n=  4460   udiff=  3.7007E-06 ( 57, 16)   vdiff=  5.0097E-06 ( 55, 13)
n=  4461   udiff=  3.4243E-06 ( 56, 15)   vdiff=  5.8743E-06 ( 55, 15)
n=  4462   udiff=  4.2477E-06 ( 58, 14)   vdiff=  6.8658E-06 ( 60, 13)
n=  4463   udiff=  3.0460E-06 ( 60, 13)   vdiff=  7.2730E-06 ( 54, 12)
n=  4464   udiff=  2.5828E-06 ( 57, 11)   vdiff=  5.4738E-06 ( 57, 14)
n=  4465   udiff=  3.5167E-06 ( 59, 15)   vdiff=  6.6332E-06 ( 59, 14)
n=  4466   udiff=  3.7299E-06 ( 60, 13)   vdiff=  5.8691E-06 ( 61, 13)
n=  4467   udiff=  4.0762E-06 ( 60, 14)   vdiff=  5.2215E-06 ( 60, 10)
n=  4468   udiff=  3.2316E-06 ( 56, 15)   vdiff=  5.6202E-06 ( 55, 15)
n=  4469   udiff=  2.3921E-06 ( 60, 14)   vdiff=  4.4463E-06 ( 59, 14)
n=  4470   udiff=  3.4953E-06 ( 58, 12)   vdiff=  7.0654E-06 ( 60, 16)
n=  4471   udiff=  3.6890E-06 ( 58, 14)   vdiff=  5.5688E-06 ( 58, 11)
n=  4472   udiff=  2.8430E-06 ( 57,  9)   vdiff=  5.5028E-06 ( 59, 15)
n=  4473   udiff=  2.4287E-06 ( 57, 12)   vdiff=  4.2809E-06 ( 57, 13)
n=  4474   udiff=  4.1793E-06 ( 58, 14)   vdiff=  5.5647E-06 ( 54, 17)
n=  4475   udiff=  3.0181E-06 ( 58, 14)   vdiff=  5.3107E-06 ( 54, 13)
n=  4476   udiff=  2.8537E-06 ( 60, 12)   vdiff=  5.4519E-06 ( 60, 13)
n=  4477   udiff=  3.3091E-06 ( 57, 15)   vdiff=  6.2625E-06 ( 60, 16)
n=  4478   udiff=  3.4455E-06 ( 59, 15)   vdiff=  6.1475E-06 ( 59, 14)
n=  4479   udiff=  3.2019E-06 ( 56, 12)   vdiff=  5.6574E-06 ( 58, 11)
n=  4480   udiff=  2.7381E-06 ( 56, 15)   vdiff=  4.9051E-06 ( 55, 15)
n=  4481   udiff=  3.4275E-06 ( 55, 13)   vdiff=  6.4803E-06 ( 58, 15)
n=  4482   udiff=  3.7459E-06 ( 61, 12)   vdiff=  6.6671E-06 ( 60, 13)
n=  4483   udiff=  3.5220E-06 ( 59, 12)   vdiff=  6.5460E-06 ( 55, 12)
n=  4484   udiff=  5.7142E-06 ( 60, 15)   vdiff=  5.6701E-06 ( 59, 14)
n=  4485   udiff=  3.1523E-06 ( 58, 15)   vdiff=  5.6476E-06 ( 55, 15)
n=  4486   udiff=  2.7886E-06 ( 57, 17)   vdiff=  5.1300E-06 ( 61, 11)
n=  4487   udiff=  3.1305E-06 ( 55, 12)   vdiff=  6.0248E-06 ( 54, 13)
n=  4488   udiff=  3.0681E-06 ( 60, 16)   vdiff=  5.5210E-06 ( 60, 16)
n=  4489   udiff=  3.8601E-06 ( 60, 12)   vdiff=  6.2025E-06 ( 58, 11)
n=  4490   udiff=  3.2123E-06 ( 57, 11)   vdiff=  5.0237E-06 ( 57, 11)
n=  4491   udiff=  3.5979E-06 ( 56, 12)   vdiff=  6.1093E-06 ( 60, 16)
n=  4492   udiff=  3.3624E-06 ( 56, 15)   vdiff=  5.7193E-06 ( 56, 16)
n=  4493   udiff=  3.1132E-06 ( 58, 16)   vdiff=  6.0050E-06 ( 60, 13)
n=  4494   udiff=  4.7332E-06 ( 59, 15)   vdiff=  6.1427E-06 ( 59, 15)
n=  4495   udiff=  3.5578E-06 ( 57, 13)   vdiff=  5.9424E-06 ( 60, 16)
n=  4496   udiff=  3.2192E-06 ( 57, 17)   vdiff=  4.3243E-06 ( 59, 14)
n=  4497   udiff=  2.9519E-06 ( 60,  9)   vdiff=  5.6563E-06 ( 54, 17)
n=  4498   udiff=  3.6114E-06 ( 59, 15)   vdiff=  6.7515E-06 ( 60, 13)
n=  4499   udiff=  2.9502E-06 ( 60, 12)   vdiff=  5.2662E-06 ( 57, 11)
n=  4500   udiff=  3.5624E-06 ( 58, 11)   vdiff=  5.3382E-06 ( 58, 11)
n=  4501   udiff=  2.4872E-06 ( 61, 13)   vdiff=  5.3742E-06 ( 54, 17)
n=  4502   udiff=  3.5772E-06 ( 58, 15)   vdiff=  5.1522E-06 ( 57, 15)
n=  4503   udiff=  2.9610E-06 ( 55, 13)   vdiff=  6.2035E-06 ( 54, 13)
n=  4504   udiff=  3.1251E-06 ( 60, 12)   vdiff=  6.0482E-06 ( 60, 14)
n=  4505   udiff=  3.9409E-06 ( 58, 12)   vdiff=  5.3181E-06 ( 58, 12)
n=  4506   udiff=  2.8826E-06 ( 60, 16)   vdiff=  5.5099E-06 ( 59, 13)
n=  4507   udiff=  3.3818E-06 ( 59, 15)   vdiff=  5.1348E-06 ( 60, 10)
n=  4508   udiff=  4.0091E-06 ( 60, 13)   vdiff=  7.1796E-06 ( 57, 18)
n=  4509   udiff=  4.1726E-06 ( 60, 14)   vdiff=  4.7422E-06 ( 60, 16)
n=  4510   udiff=  4.2634E-06 ( 60, 14)   vdiff=  5.3282E-06 ( 59, 13)
n=  4511   udiff=  2.9738E-06 ( 61, 13)   vdiff=  4.9564E-06 ( 61, 11)
n=  4512   udiff=  4.0021E-06 ( 54, 15)   vdiff=  6.8822E-06 ( 53, 15)
n=  4513   udiff=  3.3548E-06 ( 58, 11)   vdiff=  5.6858E-06 ( 57, 11)
n=  4514   udiff=  3.0939E-06 ( 61, 13)   vdiff=  4.8302E-06 ( 60, 16)
n=  4515   udiff=  3.0302E-06 ( 60, 12)   vdiff=  5.7009E-06 ( 60, 14)
n=  4516   udiff=  3.6289E-06 ( 60, 12)   vdiff=  6.0949E-06 ( 59, 13)
n=  4517   udiff=  3.3797E-06 ( 60, 14)   vdiff=  5.4210E-06 ( 55, 11)
n=  4518   udiff=  3.4495E-06 ( 60, 14)   vdiff=  5.1977E-06 ( 61, 11)
n=  4519   udiff=  3.5912E-06 ( 59, 12)   vdiff=  6.7695E-06 ( 58, 11)
n=  4520   udiff=  3.2712E-06 ( 60, 12)   vdiff=  5.9101E-06 ( 60, 14)
n=  4521   udiff=  3.4519E-06 ( 57, 16)   vdiff=  5.6648E-06 ( 57, 11)
n=  4522   udiff=  3.7180E-06 ( 60, 17)   vdiff=  5.9173E-06 ( 59, 17)
n=  4523   udiff=  5.4051E-06 ( 60, 13)   vdiff=  4.9364E-06 ( 53, 14)
n=  4524   udiff=  3.6616E-06 ( 60, 15)   vdiff=  5.4956E-06 ( 57, 15)
n=  4525   udiff=  3.4711E-06 ( 57, 12)   vdiff=  5.0696E-06 ( 54, 17)
n=  4526   udiff=  3.9518E-06 ( 61, 13)   vdiff=  5.7897E-06 ( 60, 13)
n=  4527   udiff=  3.5664E-06 ( 60, 14)   vdiff=  5.5006E-06 ( 61, 11)
n=  4528   udiff=  2.9447E-06 ( 60, 14)   vdiff=  5.0631E-06 ( 58, 12)
n=  4529   udiff=  4.5320E-06 ( 60, 16)   vdiff=  6.1013E-06 ( 54, 13)
n=  4530   udiff=  3.0651E-06 ( 60, 15)   vdiff=  5.3082E-06 ( 53, 13)
n=  4531   udiff=  3.0489E-06 ( 60, 13)   vdiff=  5.4649E-06 ( 59, 14)
n=  4532   udiff=  3.1342E-06 ( 59, 15)   vdiff=  5.9170E-06 ( 57, 18)
n=  4533   udiff=  2.6246E-06 ( 60, 12)   vdiff=  5.9999E-06 ( 60, 14)
n=  4534   udiff=  3.1920E-06 ( 56, 12)   vdiff=  4.8678E-06 ( 55, 11)
n=  4535   udiff=  3.2525E-06 ( 60, 17)   vdiff=  5.8329E-06 ( 57, 11)
n=  4536   udiff=  4.2597E-06 ( 60, 13)   vdiff=  4.8294E-06 ( 58, 16)
n=  4537   udiff=  2.8653E-06 ( 60, 16)   vdiff=  4.7188E-06 ( 57, 14)
n=  4538   udiff=  3.1465E-06 ( 57, 12)   vdiff=  5.2940E-06 ( 57, 13)
n=  4539   udiff=  3.5705E-06 ( 61, 12)   vdiff=  6.8249E-06 ( 60, 13)
n=  4540   udiff=  3.5984E-06 ( 60, 14)   vdiff=  5.3521E-06 ( 61, 11)
n=  4541   udiff=  2.6514E-06 ( 59, 16)   vdiff=  5.5117E-06 ( 60, 10)
n=  4542   udiff=  3.7222E-06 ( 55, 15)   vdiff=  5.7900E-06 ( 54, 13)
n=  4543   udiff=  3.9611E-06 ( 60, 16)   vdiff=  5.3365E-06 ( 54, 17)
n=  4544   udiff=  3.4711E-06 ( 60, 16)   vdiff=  5.8524E-06 ( 53, 13)
n=  4545   udiff=  4.2756E-06 ( 61, 12)   vdiff=  6.1598E-06 ( 61, 13)
n=  4546   udiff=  3.2504E-06 ( 60, 16)   vdiff=  5.3121E-06 ( 57, 11)
n=  4547   udiff=  3.1913E-06 ( 59, 16)   vdiff=  5.3396E-06 ( 54, 17)
n=  4548   udiff=  4.4432E-06 ( 60, 15)   vdiff=  5.7001E-06 ( 59, 14)
n=  4549   udiff=  3.3869E-06 ( 60, 15)   vdiff=  5.6824E-06 ( 59, 13)
n=  4550   udiff=  3.0795E-06 ( 60, 12)   vdiff=  5.7892E-06 ( 60, 14)
n=  4551   udiff=  3.6309E-06 ( 59, 15)   vdiff=  6.7281E-06 ( 58, 12)
n=  4552   udiff=  3.2321E-06 ( 60, 15)   vdiff=  5.7835E-06 ( 57, 13)
n=  4553   udiff=  4.4375E-06 ( 60, 15)   vdiff=  5.6267E-06 ( 54, 17)
n=  4554   udiff=  3.5689E-06 ( 58, 16)   vdiff=  5.5354E-06 ( 59, 13)
n=  4555   udiff=  4.0527E-06 ( 60, 15)   vdiff=  6.7162E-06 ( 60, 13)
n=  4556   udiff=  2.9640E-06 ( 55, 13)   vdiff=  5.8586E-06 ( 54, 13)
n=  4557   udiff=  4.2359E-06 ( 58, 15)   vdiff=  5.3807E-06 ( 54, 17)
n=  4558   udiff=  4.5157E-06 ( 60, 13)   vdiff=  4.7171E-06 ( 59, 13)
n=  4559   udiff=  3.3290E-06 ( 60, 14)   vdiff=  4.9761E-06 ( 53, 14)
n=  4560   udiff=  2.6567E-06 ( 59, 14)   vdiff=  4.3711E-06 ( 60, 16)
n=  4561   udiff=  3.2130E-06 ( 61, 12)   vdiff=  7.1923E-06 ( 60, 13)
n=  4562   udiff=  3.0323E-06 ( 60, 12)   vdiff=  4.9625E-06 ( 59, 13)
n=  4563   udiff=  3.5860E-06 ( 60, 17)   vdiff=  5.1007E-06 ( 59, 17)
n=  4564   udiff=  3.5331E-06 ( 58, 15)   vdiff=  7.0398E-06 ( 58, 12)
n=  4565   udiff=  4.0803E-06 ( 57, 11)   vdiff=  7.2839E-06 ( 58, 17)
n=  4566   udiff=  3.4204E-06 ( 59, 16)   vdiff=  5.2988E-06 ( 54, 17)
n=  4567   udiff=  3.4193E-06 ( 60, 15)   vdiff=  4.9116E-06 ( 60, 16)
n=  4568   udiff=  3.2853E-06 ( 60, 14)   vdiff=  4.8095E-06 ( 60, 14)
n=  4569   udiff=  3.5662E-06 ( 60, 16)   vdiff=  7.6042E-06 ( 57, 18)
n=  4570   udiff=  3.8079E-06 ( 61, 12)   vdiff=  7.3983E-06 ( 60, 13)
n=  4571   udiff=  4.0735E-06 ( 60, 15)   vdiff=  4.9823E-06 ( 58, 16)
n=  4572   udiff=  3.4536E-06 ( 60, 15)   vdiff=  4.1380E-06 ( 60, 16)
n=  4573   udiff=  3.1513E-06 ( 60, 13)   vdiff=  5.8451E-06 ( 57, 15)
n=  4574   udiff=  4.6207E-06 ( 59, 16)   vdiff=  5.5030E-06 ( 54, 17)
n=  4575   udiff=  2.7654E-06 ( 60, 16)   vdiff=  5.8064E-06 ( 59, 13)
n=  4576   udiff=  4.4952E-06 ( 61, 13)   vdiff=  5.8820E-06 ( 61, 13)
n=  4577   udiff=  3.1361E-06 ( 55, 15)   vdiff=  4.4439E-06 ( 55, 15)
n=  4578   udiff=  3.0559E-06 ( 60, 13)   vdiff=  5.2570E-06 ( 59, 14)
n=  4579   udiff=  3.2594E-06 ( 55, 16)   vdiff=  5.4307E-06 ( 53, 14)
n=  4580   udiff=  3.2108E-06 ( 62, 11)   vdiff=  4.6920E-06 ( 61, 11)
n=  4581   udiff=  3.5521E-06 ( 59, 15)   vdiff=  5.6314E-06 ( 59, 13)
n=  4582   udiff=  2.9674E-06 ( 60, 12)   vdiff=  5.6186E-06 ( 58, 17)
n=  4583   udiff=  4.4385E-06 ( 60, 16)   vdiff=  5.8096E-06 ( 57, 13)
n=  4584   udiff=  3.2186E-06 ( 61, 13)   vdiff=  4.0456E-06 ( 57, 14)
n=  4585   udiff=  3.0251E-06 ( 59, 14)   vdiff=  3.9288E-06 ( 57, 17)
n=  4586   udiff=  3.9436E-06 ( 60, 16)   vdiff=  5.4108E-06 ( 59, 13)
n=  4587   udiff=  4.0117E-06 ( 60, 14)   vdiff=  6.3210E-06 ( 60, 14)
n=  4588   udiff=  3.3350E-06 ( 59, 16)   vdiff=  6.6575E-06 ( 57, 11)
n=  4589   udiff=  3.8584E-06 ( 60, 15)   vdiff=  3.6674E-06 ( 56, 12)
n=  4590   udiff=  3.9393E-06 ( 60, 15)   vdiff=  6.1384E-06 ( 54, 13)
n=  4591   udiff=  2.9013E-06 ( 58, 16)   vdiff=  5.3863E-06 ( 59, 13)
n=  4592   udiff=  3.2778E-06 ( 61, 12)   vdiff=  7.1364E-06 ( 60, 13)
n=  4593   udiff=  2.9539E-06 ( 60,  9)   vdiff=  4.3420E-06 ( 60, 10)
n=  4594   udiff=  4.3240E-06 ( 58, 15)   vdiff=  5.6261E-06 ( 57, 15)
n=  4595   udiff=  4.4720E-06 ( 60, 14)   vdiff=  5.1289E-06 ( 58, 17)
n=  4596   udiff=  3.9896E-06 ( 60, 15)   vdiff=  5.2956E-06 ( 57, 13)
n=  4597   udiff=  2.8583E-06 ( 60, 16)   vdiff=  5.9396E-06 ( 60, 14)
n=  4598   udiff=  2.8933E-06 ( 60,  9)   vdiff=  4.5015E-06 ( 60, 10)
n=  4599   udiff=  2.3002E-06 ( 62, 12)   vdiff=  4.2452E-06 ( 59, 15)
n=  4600   udiff=  3.4753E-06 ( 57, 13)   vdiff=  5.5936E-06 ( 56, 14)
n=  4601   udiff=  3.6966E-06 ( 59, 17)   vdiff=  5.5301E-06 ( 58, 17)
n=  4602   udiff=  4.2919E-06 ( 60, 16)   vdiff=  5.8218E-06 ( 57, 13)
n=  4603   udiff=  3.0279E-06 ( 55, 15)   vdiff=  4.8387E-06 ( 60, 10)
n=  4604   udiff=  2.8839E-06 ( 60, 15)   vdiff=  5.0444E-06 ( 54, 17)
n=  4605   udiff=  4.1524E-06 ( 60, 16)   vdiff=  5.9678E-06 ( 61, 13)
n=  4606   udiff=  3.5028E-06 ( 57, 11)   vdiff=  5.2618E-06 ( 57, 11)
n=  4607   udiff=  3.0389E-06 ( 56, 11)   vdiff=  5.7124E-06 ( 55, 11)
n=  4608   udiff=  3.2970E-06 ( 60, 13)   vdiff=  5.5692E-06 ( 59, 14)
n=  4609   udiff=  2.9095E-06 ( 59, 15)   vdiff=  4.7432E-06 ( 60, 16)
n=  4610   udiff=  3.1906E-06 ( 60, 16)   vdiff=  5.5900E-06 ( 57, 13)
n=  4611   udiff=  3.2029E-06 ( 60, 15)   vdiff=  5.7785E-06 ( 59, 13)
n=  4612   udiff=  4.2506E-06 ( 60, 16)   vdiff=  4.8950E-06 ( 56, 14)
n=  4613   udiff=  3.3669E-06 ( 60, 15)   vdiff=  5.3441E-06 ( 58, 11)
n=  4614   udiff=  3.8507E-06 ( 60, 16)   vdiff=  5.7226E-06 ( 54, 17)
n=  4615   udiff=  2.8926E-06 ( 60, 15)   vdiff=  5.6671E-06 ( 53, 14)
n=  4616   udiff=  3.4407E-06 ( 57, 14)   vdiff=  6.0309E-06 ( 60, 14)
n=  4617   udiff=  2.5649E-06 ( 60, 13)   vdiff=  4.8014E-06 ( 56, 18)
n=  4618   udiff=  3.2250E-06 ( 60, 14)   vdiff=  5.4156E-06 ( 53, 13)
n=  4619   udiff=  4.4902E-06 ( 60, 14)   vdiff=  5.1337E-06 ( 60, 10)
n=  4620   udiff=  4.0168E-06 ( 60, 15)   vdiff=  5.9446E-06 ( 59, 13)
n=  4621   udiff=  4.6249E-06 ( 60, 15)   vdiff=  5.1584E-06 ( 59, 14)
n=  4622   udiff=  3.2195E-06 ( 60, 15)   vdiff=  4.7043E-06 ( 58, 11)
n=  4623   udiff=  4.6321E-06 ( 61, 13)   vdiff=  5.4229E-06 ( 60, 13)
n=  4624   udiff=  3.2330E-06 ( 59, 15)   vdiff=  5.7626E-06 ( 59, 13)
n=  4625   udiff=  3.1547E-06 ( 59, 15)   vdiff=  5.3178E-06 ( 55, 11)
n=  4626   udiff=  4.0319E-06 ( 60, 16)   vdiff=  4.0606E-06 ( 60, 16)
n=  4627   udiff=  3.3957E-06 ( 61, 12)   vdiff=  6.9076E-06 ( 60, 13)
n=  4628   udiff=  2.7971E-06 ( 60, 12)   vdiff=  5.3705E-06 ( 54, 17)
n=  4629   udiff=  2.9897E-06 ( 60, 16)   vdiff=  4.3527E-06 ( 57, 17)
n=  4630   udiff=  3.3849E-06 ( 57, 13)   vdiff=  5.3059E-06 ( 56, 14)
n=  4631   udiff=  4.1315E-06 ( 60, 14)   vdiff=  5.2719E-06 ( 55, 11)
n=  4632   udiff=  3.5950E-06 ( 60, 14)   vdiff=  5.3564E-06 ( 54, 17)
n=  4633   udiff=  4.6067E-06 ( 60, 16)   vdiff=  6.5849E-06 ( 60, 13)
n=  4634   udiff=  3.1218E-06 ( 57, 14)   vdiff=  6.0185E-06 ( 57, 13)
n=  4635   udiff=  2.9871E-06 ( 56, 12)   vdiff=  5.5755E-06 ( 59, 13)
n=  4636   udiff=  3.6653E-06 ( 58, 17)   vdiff=  6.6206E-06 ( 57, 17)
n=  4637   udiff=  3.2199E-06 ( 55, 16)   vdiff=  4.1253E-06 ( 54, 17)
n=  4638   udiff=  3.9551E-06 ( 60, 15)   vdiff=  4.7571E-06 ( 57, 14)
n=  4639   udiff=  2.7944E-06 ( 60, 15)   vdiff=  5.6988E-06 ( 59, 13)
n=  4640   udiff=  4.3658E-06 ( 60, 16)   vdiff=  5.2309E-06 ( 60, 16)
n=  4641   udiff=  3.0319E-06 ( 60, 15)   vdiff=  5.1812E-06 ( 58, 17)
n=  4642   udiff=  4.2667E-06 ( 57, 12)   vdiff=  5.7166E-06 ( 57, 13)
n=  4643   udiff=  4.8867E-06 ( 60, 15)   vdiff=  6.9092E-06 ( 60, 13)
n=  4644   udiff=  2.9855E-06 ( 60, 15)   vdiff=  5.6135E-06 ( 59, 13)
n=  4645   udiff=  3.7148E-06 ( 60, 15)   vdiff=  5.3620E-06 ( 57, 14)
n=  4646   udiff=  3.4509E-06 ( 60, 15)   vdiff=  4.9020E-06 ( 58, 11)
n=  4647   udiff=  4.0180E-06 ( 60, 15)   vdiff=  5.5362E-06 ( 57, 11)
n=  4648   udiff=  3.3565E-06 ( 60, 15)   vdiff=  5.4148E-06 ( 61, 11)
n=  4649   udiff=  3.1659E-06 ( 59, 16)   vdiff=  5.2597E-06 ( 59, 14)
n=  4650   udiff=  4.1693E-06 ( 60, 13)   vdiff=  5.6789E-06 ( 54, 17)
n=  4651   udiff=  3.7979E-06 ( 57, 12)   vdiff=  5.4145E-06 ( 59, 13)
n=  4652   udiff=  4.5890E-06 ( 60, 15)   vdiff=  4.8638E-06 ( 59, 14)
n=  4653   udiff=  3.1428E-06 ( 60, 15)   vdiff=  5.2709E-06 ( 53, 14)
n=  4654   udiff=  2.9928E-06 ( 61, 12)   vdiff=  6.8545E-06 ( 60, 13)
n=  4655   udiff=  4.7164E-06 ( 60, 16)   vdiff=  4.9819E-06 ( 60, 16)
n=  4656   udiff=  3.6072E-06 ( 58, 17)   vdiff=  7.0798E-06 ( 58, 17)
n=  4657   udiff=  2.8715E-06 ( 57, 13)   vdiff=  5.2720E-06 ( 54, 17)
n=  4658   udiff=  3.2272E-06 ( 60, 13)   vdiff=  4.8471E-06 ( 59, 14)
n=  4659   udiff=  4.7728E-06 ( 60, 16)   vdiff=  5.7042E-06 ( 58, 11)
n=  4660   udiff=  3.1851E-06 ( 56, 14)   vdiff=  7.1956E-06 ( 60, 13)
n=  4661   udiff=  3.5303E-06 ( 60, 15)   vdiff=  5.6314E-06 ( 54, 17)
n=  4662   udiff=  2.4794E-06 ( 59, 16)   vdiff=  5.5103E-06 ( 60, 16)
n=  4663   udiff=  3.1251E-06 ( 60, 16)   vdiff=  4.3125E-06 ( 55, 13)
n=  4664   udiff=  2.4705E-06 ( 60, 16)   vdiff=  4.5472E-06 ( 60, 16)
n=  4665   udiff=  2.9298E-06 ( 60, 13)   vdiff=  5.4800E-06 ( 54, 17)
n=  4666   udiff=  3.9266E-06 ( 58, 16)   vdiff=  4.9509E-06 ( 56, 14)
n=  4667   udiff=  4.2639E-06 ( 60, 15)   vdiff=  6.6699E-06 ( 60, 13)
n=  4668   udiff=  3.5474E-06 ( 59, 16)   vdiff=  6.2141E-06 ( 59, 13)
n=  4669   udiff=  3.7370E-06 ( 60, 15)   vdiff=  6.1888E-06 ( 57, 13)
n=  4670   udiff=  4.3489E-06 ( 59, 13)   vdiff=  6.3736E-06 ( 58, 14)
n=  4671   udiff=  2.9851E-06 ( 56, 11)   vdiff=  5.7569E-06 ( 55, 11)
n=  4672   udiff=  3.6690E-06 ( 60, 15)   vdiff=  4.1987E-06 ( 60, 16)
n=  4673   udiff=  4.0105E-06 ( 57, 13)   vdiff=  5.9608E-06 ( 60, 14)
n=  4674   udiff=  4.1997E-06 ( 60, 16)   vdiff=  5.7671E-06 ( 54, 17)
n=  4675   udiff=  3.3228E-06 ( 62, 13)   vdiff=  6.3793E-06 ( 57, 13)
n=  4676   udiff=  3.1259E-06 ( 56, 12)   vdiff=  3.9917E-06 ( 59, 14)
n=  4677   udiff=  4.4018E-06 ( 60, 16)   vdiff=  5.5713E-06 ( 53, 13)
n=  4678   udiff=  3.4438E-06 ( 61, 12)   vdiff=  7.0349E-06 ( 60, 13)
n=  4679   udiff=  4.1190E-06 ( 60, 15)   vdiff=  5.3079E-06 ( 60, 16)
n=  4680   udiff=  3.6544E-06 ( 60, 15)   vdiff=  5.7788E-06 ( 59, 13)
n=  4681   udiff=  3.1806E-06 ( 60, 16)   vdiff=  4.9909E-06 ( 60, 14)
n=  4682   udiff=  2.5317E-06 ( 55, 15)   vdiff=  5.6732E-06 ( 54, 17)
n=  4683   udiff=  2.7849E-06 ( 60,  8)   vdiff=  5.7907E-06 ( 57, 14)
n=  4684   udiff=  4.4359E-06 ( 60, 16)   vdiff=  4.9454E-06 ( 60, 10)
n=  4685   udiff=  4.3396E-06 ( 61, 12)   vdiff=  7.3035E-06 ( 60, 13)
n=  4686   udiff=  4.0059E-06 ( 60, 15)   vdiff=  5.0476E-06 ( 57, 14)
n=  4687   udiff=  3.8059E-06 ( 60, 15)   vdiff=  6.1703E-06 ( 59, 13)
n=  4688   udiff=  3.2924E-06 ( 60, 13)   vdiff=  5.6085E-06 ( 57, 11)
n=  4689   udiff=  4.7276E-06 ( 60, 16)   vdiff=  5.3359E-06 ( 60, 16)
n=  4690   udiff=  3.5130E-06 ( 60, 16)   vdiff=  5.4275E-06 ( 54, 17)
n=  4691   udiff=  4.1058E-06 ( 57, 12)   vdiff=  8.0599E-06 ( 57, 14)
n=  4692   udiff=  3.2154E-06 ( 60, 16)   vdiff=  5.7336E-06 ( 55, 11)
n=  4693   udiff=  2.7107E-06 ( 56, 14)   vdiff=  5.1586E-06 ( 54, 17)
n=  4694   udiff=  4.4208E-06 ( 60, 16)   vdiff=  5.4728E-06 ( 61, 13)
n=  4695   udiff=  3.9557E-06 ( 60, 14)   vdiff=  5.7051E-06 ( 59, 13)
n=  4696   udiff=  4.4287E-06 ( 60, 14)   vdiff=  4.7567E-06 ( 60, 16)
n=  4697   udiff=  3.4364E-06 ( 60, 14)   vdiff=  5.6046E-06 ( 54, 17)
n=  4698   udiff=  3.6754E-06 ( 61, 12)   vdiff=  6.5851E-06 ( 60, 13)
n=  4699   udiff=  2.9556E-06 ( 59, 15)   vdiff=  5.0480E-06 ( 60, 16)
n=  4700   udiff=  3.6364E-06 ( 56, 12)   vdiff=  5.0424E-06 ( 58, 11)
n=  4701   udiff=  3.2547E-06 ( 58, 11)   vdiff=  7.0062E-06 ( 58, 14)
n=  4702   udiff=  4.5749E-06 ( 60, 15)   vdiff=  5.0126E-06 ( 60, 16)
n=  4703   udiff=  3.0832E-06 ( 60, 15)   vdiff=  5.4914E-06 ( 54, 17)
n=  4704   udiff=  3.8128E-06 ( 60, 15)   vdiff=  6.5961E-06 ( 60, 13)
n=  4705   udiff=  3.0085E-06 ( 57, 14)   vdiff=  5.8934E-06 ( 57, 13)
n=  4706   udiff=  2.5735E-06 ( 53, 12)   vdiff=  5.4466E-06 ( 54, 17)
n=  4707   udiff=  4.3996E-06 ( 60, 15)   vdiff=  4.9887E-06 ( 53, 14)
n=  4708   udiff=  3.0491E-06 ( 60, 15)   vdiff=  4.7424E-06 ( 59, 17)
n=  4709   udiff=  4.1763E-06 ( 59, 16)   vdiff=  6.3734E-06 ( 58, 14)
n=  4710   udiff=  2.8669E-06 ( 59, 16)   vdiff=  6.1361E-06 ( 60, 14)
n=  4711   udiff=  3.1682E-06 ( 58, 11)   vdiff=  6.7870E-06 ( 59, 13)
n=  4712   udiff=  3.6876E-06 ( 60, 15)   vdiff=  4.8352E-06 ( 60, 16)
n=  4713   udiff=  2.6580E-06 ( 59, 17)   vdiff=  5.2897E-06 ( 58, 17)
n=  4714   udiff=  4.4517E-06 ( 60, 16)   vdiff=  5.2525E-06 ( 55, 11)
n=  4715   udiff=  2.8828E-06 ( 60, 16)   vdiff=  3.6186E-06 ( 60, 16)
n=  4716   udiff=  3.1204E-06 ( 57, 13)   vdiff=  4.7067E-06 ( 54, 17)
n=  4717   udiff=  4.5444E-06 ( 60, 16)   vdiff=  5.7372E-06 ( 53, 13)
n=  4718   udiff=  4.6312E-06 ( 60, 13)   vdiff=  5.4194E-06 ( 58, 17)
n=  4719   udiff=  3.6447E-06 ( 58, 13)   vdiff=  7.4789E-06 ( 58, 14)
n=  4720   udiff=  4.5835E-06 ( 60, 14)   vdiff=  5.7639E-06 ( 54, 17)
n=  4721   udiff=  3.6229E-06 ( 57, 11)   vdiff=  5.5837E-06 ( 53, 14)
n=  4722   udiff=  4.4124E-06 ( 60, 15)   vdiff=  5.1920E-06 ( 57, 14)
n=  4723   udiff=  3.9721E-06 ( 59, 17)   vdiff=  5.5583E-06 ( 54, 17)
n=  4724   udiff=  3.1330E-06 ( 59, 13)   vdiff=  4.7503E-06 ( 60, 10)
n=  4725   udiff=  3.0468E-06 ( 58, 13)   vdiff=  5.5242E-06 ( 60, 16)
n=  4726   udiff=  2.9875E-06 ( 60, 14)   vdiff=  5.0552E-06 ( 61, 11)
n=  4727   udiff=  3.5216E-06 ( 60, 14)   vdiff=  7.0042E-06 ( 58, 14)
n=  4728   udiff=  4.7285E-06 ( 60, 14)   vdiff=  6.8476E-06 ( 60, 13)
n=  4729   udiff=  3.3814E-06 ( 59, 16)   vdiff=  5.9428E-06 ( 59, 13)
n=  4730   udiff=  3.5258E-06 ( 60, 15)   vdiff=  5.5810E-06 ( 60, 10)
n=  4731   udiff=  2.8660E-06 ( 57, 14)   vdiff=  3.5620E-06 ( 56, 14)
n=  4732   udiff=  2.9232E-06 ( 59, 16)   vdiff=  5.6135E-06 ( 54, 17)
n=  4733   udiff=  3.7362E-06 ( 57, 12)   vdiff=  4.9998E-06 ( 61, 11)
n=  4734   udiff=  3.3239E-06 ( 61, 12)   vdiff=  6.9287E-06 ( 60, 13)
n=  4735   udiff=  4.2443E-06 ( 60, 14)   vdiff=  5.4010E-06 ( 58, 17)
n=  4736   udiff=  5.1250E-06 ( 60, 16)   vdiff=  6.0855E-06 ( 60, 16)
n=  4737   udiff=  2.7634E-06 ( 59, 13)   vdiff=  5.2120E-06 ( 58, 11)
n=  4738   udiff=  2.5698E-06 ( 59, 15)   vdiff=  4.3120E-06 ( 59, 15)
n=  4739   udiff=  3.6205E-06 ( 57, 11)   vdiff=  5.6028E-06 ( 60, 16)
n=  4740   udiff=  3.7621E-06 ( 57, 13)   vdiff=  6.7136E-06 ( 60, 13)
n=  4741   udiff=  2.5914E-06 ( 56, 11)   vdiff=  5.1853E-06 ( 55, 11)
n=  4742   udiff=  5.1562E-06 ( 60, 16)   vdiff=  5.8597E-06 ( 60, 16)
n=  4743   udiff=  3.1166E-06 ( 60, 13)   vdiff=  5.9561E-06 ( 59, 13)
n=  4744   udiff=  2.4332E-06 ( 59, 14)   vdiff=  3.6195E-06 ( 57,  6)
n=  4745   udiff=  3.6355E-06 ( 59, 15)   vdiff=  5.3490E-06 ( 60, 16)
n=  4746   udiff=  3.5804E-06 ( 60, 17)   vdiff=  5.8599E-06 ( 59, 17)
n=  4747   udiff=  2.4602E-06 ( 59, 14)   vdiff=  5.1884E-06 ( 54, 17)
n=  4748   udiff=  3.6700E-06 ( 57, 12)   vdiff=  5.2707E-06 ( 60, 16)
n=  4749   udiff=  2.9828E-06 ( 59, 15)   vdiff=  5.3654E-06 ( 57, 14)
n=  4750   udiff=  3.0522E-06 ( 60, 12)   vdiff=  6.3356E-06 ( 59, 13)
n=  4751   udiff=  4.6018E-06 ( 60, 15)   vdiff=  6.0519E-06 ( 55, 13)
n=  4752   udiff=  3.7118E-06 ( 59, 13)   vdiff=  5.8105E-06 ( 59, 14)
n=  4753   udiff=  3.1492E-06 ( 61, 12)   vdiff=  6.9749E-06 ( 60, 13)
n=  4754   udiff=  4.3981E-06 ( 60, 15)   vdiff=  5.1591E-06 ( 60, 16)
n=  4755   udiff=  3.6480E-06 ( 60, 17)   vdiff=  5.7219E-06 ( 59, 17)
n=  4756   udiff=  3.9489E-06 ( 54, 14)   vdiff=  6.4143E-06 ( 59, 13)
n=  4757   udiff=  4.8896E-06 ( 60, 15)   vdiff=  5.4036E-06 ( 58, 17)
n=  4758   udiff=  2.7441E-06 ( 54, 16)   vdiff=  5.2307E-06 ( 56, 15)
n=  4759   udiff=  2.5566E-06 ( 60, 15)   vdiff=  3.9075E-06 ( 59, 14)
n=  4760   udiff=  4.6838E-06 ( 60, 15)   vdiff=  4.8971E-06 ( 55, 15)
n=  4761   udiff=  4.0389E-06 ( 57, 13)   vdiff=  5.5570E-06 ( 58, 14)
n=  4762   udiff=  2.9525E-06 ( 55, 16)   vdiff=  5.6044E-06 ( 57, 11)
n=  4763   udiff=  4.5394E-06 ( 60, 15)   vdiff=  5.4906E-06 ( 60, 16)
n=  4764   udiff=  3.6720E-06 ( 61, 12)   vdiff=  7.1971E-06 ( 60, 13)
n=  4765   udiff=  3.6161E-06 ( 54, 14)   vdiff=  6.1219E-06 ( 59, 13)
n=  4766   udiff=  4.3507E-06 ( 60, 16)   vdiff=  5.5717E-06 ( 59, 17)
n=  4767   udiff=  2.6331E-06 ( 55, 15)   vdiff=  5.7814E-06 ( 58, 17)
n=  4768   udiff=  3.2596E-06 ( 57, 13)   vdiff=  5.3586E-06 ( 54, 17)
n=  4769   udiff=  2.7479E-06 ( 60, 14)   vdiff=  4.3833E-06 ( 56, 17)
n=  4770   udiff=  5.1358E-06 ( 60, 15)   vdiff=  5.6116E-06 ( 60, 16)
n=  4771   udiff=  3.4501E-06 ( 59, 13)   vdiff=  5.7851E-06 ( 58, 14)
n=  4772   udiff=  3.2972E-06 ( 59, 13)   vdiff=  4.9475E-06 ( 59, 13)
n=  4773   udiff=  3.9541E-06 ( 60, 14)   vdiff=  5.5280E-06 ( 54, 15)
n=  4774   udiff=  4.3819E-06 ( 60, 14)   vdiff=  5.1267E-06 ( 54, 17)
n=  4775   udiff=  3.2767E-06 ( 59, 13)   vdiff=  6.1338E-06 ( 56, 14)
n=  4776   udiff=  2.2665E-06 ( 59, 15)   vdiff=  4.5576E-06 ( 59, 15)
n=  4777   udiff=  4.0111E-06 ( 60, 14)   vdiff=  6.1183E-06 ( 60, 16)
n=  4778   udiff=  3.1660E-06 ( 60, 15)   vdiff=  5.6756E-06 ( 58, 17)
n=  4779   udiff=  3.1545E-06 ( 60, 13)   vdiff=  5.5353E-06 ( 57, 13)
n=  4780   udiff=  3.2204E-06 ( 60, 12)   vdiff=  5.9653E-06 ( 59, 13)
n=  4781   udiff=  3.5498E-06 ( 60, 17)   vdiff=  5.7011E-06 ( 59, 17)
n=  4782   udiff=  2.4559E-06 ( 60, 16)   vdiff=  4.6855E-06 ( 59, 15)
n=  4783   udiff=  4.2518E-06 ( 59, 15)   vdiff=  5.8528E-06 ( 60, 16)
n=  4784   udiff=  3.2997E-06 ( 54, 15)   vdiff=  5.2934E-06 ( 58, 17)
n=  4785   udiff=  2.5400E-06 ( 56, 11)   vdiff=  4.2253E-06 ( 56, 12)
n=  4786   udiff=  2.9999E-06 ( 60, 13)   vdiff=  5.2290E-06 ( 54, 17)
n=  4787   udiff=  2.8768E-06 ( 59, 14)   vdiff=  6.8610E-06 ( 59, 14)
n=  4788   udiff=  3.2900E-06 ( 54, 13)   vdiff=  7.3380E-06 ( 60, 13)
n=  4789   udiff=  3.1523E-06 ( 55, 17)   vdiff=  6.1798E-06 ( 55, 17)
n=  4790   udiff=  2.5392E-06 ( 59, 17)   vdiff=  6.9387E-06 ( 56, 16)
n=  4791   udiff=  3.6784E-06 ( 59, 16)   vdiff=  5.7261E-06 ( 59, 17)
n=  4792   udiff=  3.0569E-06 ( 61, 13)   vdiff=  5.1399E-06 ( 61, 11)
n=  4793   udiff=  3.1622E-06 ( 56, 16)   vdiff=  4.2501E-06 ( 55, 17)
n=  4794   udiff=  2.7541E-06 ( 54, 13)   vdiff=  7.0126E-06 ( 54, 15)
n=  4795   udiff=  3.8397E-06 ( 60, 14)   vdiff=  5.4412E-06 ( 60, 10)
n=  4796   udiff=  4.5278E-06 ( 58, 15)   vdiff=  5.9702E-06 ( 57, 11)
n=  4797   udiff=  3.3882E-06 ( 56, 17)   vdiff=  5.2185E-06 ( 53, 14)
n=  4798   udiff=  2.8953E-06 ( 60, 16)   vdiff=  5.7396E-06 ( 60, 16)
n=  4799   udiff=  3.6356E-06 ( 58, 16)   vdiff=  7.0336E-06 ( 60, 13)
n=  4800   udiff=  3.5851E-06 ( 59, 16)   vdiff=  5.7250E-06 ( 59, 13)
n=  4801   udiff=  3.9802E-06 ( 60, 15)   vdiff=  5.0623E-06 ( 61, 11)
n=  4802   udiff=  3.6427E-06 ( 55, 17)   vdiff=  6.1442E-06 ( 54, 17)
n=  4803   udiff=  2.6156E-06 ( 60, 13)   vdiff=  5.4372E-06 ( 59, 14)
n=  4804   udiff=  2.8559E-06 ( 56, 16)   vdiff=  5.2897E-06 ( 60, 16)
n=  4805   udiff=  3.9775E-06 ( 60, 17)   vdiff=  7.1352E-06 ( 56, 16)
n=  4806   udiff=  3.0995E-06 ( 60,  9)   vdiff=  6.6417E-06 ( 54, 15)
n=  4807   udiff=  2.6803E-06 ( 60, 16)   vdiff=  5.2183E-06 ( 55, 14)
n=  4808   udiff=  3.9978E-06 ( 60, 16)   vdiff=  5.3597E-06 ( 57, 16)
n=  4809   udiff=  2.6628E-06 ( 60, 16)   vdiff=  5.3697E-06 ( 61, 11)
n=  4810   udiff=  3.7250E-06 ( 60, 14)   vdiff=  4.4367E-06 ( 58, 14)
n=  4811   udiff=  4.2273E-06 ( 55, 16)   vdiff=  6.3988E-06 ( 54, 15)
n=  4812   udiff=  3.6778E-06 ( 59, 14)   vdiff=  5.5121E-06 ( 59, 17)
n=  4813   udiff=  2.9714E-06 ( 59, 14)   vdiff=  5.1858E-06 ( 56, 17)
n=  4814   udiff=  3.6468E-06 ( 60, 14)   vdiff=  6.9272E-06 ( 56, 16)
n=  4815   udiff=  3.7903E-06 ( 60, 14)   vdiff=  6.2690E-06 ( 60, 14)
n=  4816   udiff=  3.8346E-06 ( 60, 16)   vdiff=  6.5932E-06 ( 54, 14)
n=  4817   udiff=  3.5197E-06 ( 59, 14)   vdiff=  5.5061E-06 ( 57, 11)
n=  4818   udiff=  4.5708E-06 ( 60, 15)   vdiff=  6.2449E-06 ( 56, 16)
n=  4819   udiff=  3.7074E-06 ( 60, 15)   vdiff=  6.6320E-06 ( 54, 17)
n=  4820   udiff=  2.6512E-06 ( 60, 16)   vdiff=  4.0066E-06 ( 55, 17)
n=  4821   udiff=  3.9996E-06 ( 60, 16)   vdiff=  6.6561E-06 ( 54, 15)
n=  4822   udiff=  3.2770E-06 ( 56, 16)   vdiff=  5.6075E-06 ( 59, 14)
n=  4823   udiff=  4.4623E-06 ( 60, 15)   vdiff=  5.3837E-06 ( 60, 10)
n=  4824   udiff=  4.2469E-06 ( 61, 12)   vdiff=  5.5994E-06 ( 60, 13)
n=  4825   udiff=  3.4034E-06 ( 60, 15)   vdiff=  4.6428E-06 ( 59, 17)
n=  4826   udiff=  3.3685E-06 ( 60, 16)   vdiff=  4.1954E-06 ( 56, 16)
n=  4827   udiff=  3.1602E-06 ( 60, 15)   vdiff=  6.9209E-06 ( 54, 15)
n=  4828   udiff=  5.1155E-06 ( 60, 16)   vdiff=  5.1166E-06 ( 61, 11)
n=  4829   udiff=  3.1574E-06 ( 60, 15)   vdiff=  6.8130E-06 ( 56, 16)
n=  4830   udiff=  4.3310E-06 ( 60, 15)   vdiff=  6.7244E-06 ( 60, 13)
n=  4831   udiff=  3.9268E-06 ( 60, 15)   vdiff=  6.2050E-06 ( 59, 13)
n=  4832   udiff=  3.8318E-06 ( 60, 15)   vdiff=  6.2203E-06 ( 54, 15)
n=  4833   udiff=  3.8281E-06 ( 56, 14)   vdiff=  5.6286E-06 ( 59, 17)
n=  4834   udiff=  3.5992E-06 ( 60, 15)   vdiff=  6.0727E-06 ( 56, 17)
n=  4835   udiff=  3.0279E-06 ( 60, 15)   vdiff=  5.6713E-06 ( 60, 13)
n=  4836   udiff=  4.4531E-06 ( 59, 13)   vdiff=  4.9137E-06 ( 59, 13)
n=  4837   udiff=  2.4721E-06 ( 59, 17)   vdiff=  4.7912E-06 ( 60, 16)
n=  4838   udiff=  3.5830E-06 ( 60, 16)   vdiff=  6.2979E-06 ( 54, 17)
n=  4839   udiff=  3.7576E-06 ( 60, 16)   vdiff=  5.2400E-06 ( 60, 14)
n=  4840   udiff=  3.2230E-06 ( 56, 17)   vdiff=  5.8143E-06 ( 55, 14)
n=  4841   udiff=  3.8456E-06 ( 60, 15)   vdiff=  5.1007E-06 ( 59, 17)
n=  4842   udiff=  4.5204E-06 ( 54, 14)   vdiff=  5.5094E-06 ( 54, 15)
n=  4843   udiff=  3.3494E-06 ( 60, 15)   vdiff=  4.5569E-06 ( 54, 14)
n=  4844   udiff=  2.5709E-06 ( 56, 15)   vdiff=  5.2220E-06 ( 61, 11)
n=  4845   udiff=  3.0950E-06 ( 55, 16)   vdiff=  6.7144E-06 ( 59, 14)
n=  4846   udiff=  4.1414E-06 ( 61, 13)   vdiff=  6.3609E-06 ( 58, 17)
n=  4847   udiff=  2.4225E-06 ( 59, 13)   vdiff=  5.1086E-06 ( 59, 14)
n=  4848   udiff=  4.3753E-06 ( 54, 15)   vdiff=  5.4366E-06 ( 60, 14)
n=  4849   udiff=  3.5637E-06 ( 60, 16)   vdiff=  6.4187E-06 ( 56, 17)
n=  4850   udiff=  3.6111E-06 ( 60, 15)   vdiff=  4.9515E-06 ( 59, 14)
n=  4851   udiff=  2.4261E-06 ( 54, 14)   vdiff=  6.1648E-06 ( 60, 14)
n=  4852   udiff=  2.7831E-06 ( 54, 14)   vdiff=  6.5452E-06 ( 59, 14)
n=  4853   udiff=  3.1105E-06 ( 55, 13)   vdiff=  5.1791E-06 ( 55, 14)
n=  4854   udiff=  3.0354E-06 ( 60, 15)   vdiff=  4.6229E-06 ( 58, 14)
n=  4855   udiff=  3.0847E-06 ( 56, 16)   vdiff=  5.5137E-06 ( 60, 13)
n=  4856   udiff=  3.1045E-06 ( 55, 17)   vdiff=  7.1222E-06 ( 54, 17)
n=  4857   udiff=  3.8244E-06 ( 60, 15)   vdiff=  5.3249E-06 ( 54, 14)
n=  4858   udiff=  3.9112E-06 ( 60, 15)   vdiff=  5.2279E-06 ( 55, 14)
n=  4859   udiff=  3.8414E-06 ( 59, 13)   vdiff=  4.8518E-06 ( 53, 14)
n=  4860   udiff=  3.5281E-06 ( 60, 16)   vdiff=  7.4678E-06 ( 58, 17)
n=  4861   udiff=  3.8504E-06 ( 60, 16)   vdiff=  6.1389E-06 ( 60, 14)
n=  4862   udiff=  3.9083E-06 ( 60, 16)   vdiff=  4.6874E-06 ( 60, 16)
n=  4863   udiff=  3.3855E-06 ( 60, 16)   vdiff=  4.8292E-06 ( 53, 14)
n=  4864   udiff=  3.4331E-06 ( 60, 16)   vdiff=  5.1672E-06 ( 60, 10)
n=  4865   udiff=  3.3017E-06 ( 60, 16)   vdiff=  6.7606E-06 ( 59, 13)
n=  4866   udiff=  3.4937E-06 ( 60, 16)   vdiff=  4.0682E-06 ( 60, 16)
n=  4867   udiff=  3.6398E-06 ( 59, 14)   vdiff=  5.0709E-06 ( 53, 14)
n=  4868   udiff=  3.1915E-06 ( 57, 16)   vdiff=  4.8869E-06 ( 56, 15)
n=  4869   udiff=  3.0142E-06 ( 62, 13)   vdiff=  4.6115E-06 ( 60, 16)
n=  4870   udiff=  4.4243E-06 ( 55, 14)   vdiff=  5.2825E-06 ( 55, 14)
n=  4871   udiff=  3.5013E-06 ( 55, 16)   vdiff=  4.6440E-06 ( 56, 16)
n=  4872   udiff=  3.4054E-06 ( 60, 14)   vdiff=  5.4023E-06 ( 60, 10)
n=  4873   udiff=  3.4430E-06 ( 60, 16)   vdiff=  3.7110E-06 ( 60, 16)
n=  4874   udiff=  4.0442E-06 ( 60, 15)   vdiff=  5.7361E-06 ( 61, 13)
n=  4875   udiff=  3.6777E-06 ( 60, 15)   vdiff=  4.5647E-06 ( 56, 12)
n=  4876   udiff=  2.2517E-06 ( 57, 16)   vdiff=  4.6754E-06 ( 61, 11)
n=  4877   udiff=  3.0387E-06 ( 55, 14)   vdiff=  5.1378E-06 ( 59, 14)
n=  4878   udiff=  2.6647E-06 ( 56, 16)   vdiff=  5.5670E-06 ( 60, 10)
n=  4879   udiff=  4.4886E-06 ( 60, 13)   vdiff=  5.2549E-06 ( 59, 14)
n=  4880   udiff=  2.4012E-06 ( 57, 15)   vdiff=  4.5591E-06 ( 54, 16)
n=  4881   udiff=  4.3265E-06 ( 54, 14)   vdiff=  5.2475E-06 ( 58, 14)
n=  4882   udiff=  4.0985E-06 ( 54, 14)   vdiff=  4.6869E-06 ( 58, 13)
n=  4883   udiff=  3.1961E-06 ( 60, 16)   vdiff=  5.0258E-06 ( 56, 12)
n=  4884   udiff=  3.9574E-06 ( 60, 16)   vdiff=  4.8298E-06 ( 60, 16)
n=  4885   udiff=  3.4632E-06 ( 60, 16)   vdiff=  5.6263E-06 ( 61, 11)
n=  4886   udiff=  4.5232E-06 ( 59, 13)   vdiff=  6.6511E-06 ( 54, 14)
n=  4887   udiff=  3.8155E-06 ( 56, 14)   vdiff=  5.6920E-06 ( 55, 14)
n=  4888   udiff=  3.3863E-06 ( 60, 16)   vdiff=  5.6215E-06 ( 60, 10)
n=  4889   udiff=  3.3090E-06 ( 60, 14)   vdiff=  7.7130E-06 ( 60, 13)
n=  4890   udiff=  3.5860E-06 ( 60, 15)   vdiff=  5.5012E-06 ( 58, 14)
n=  4891   udiff=  4.7200E-06 ( 55, 14)   vdiff=  5.5178E-06 ( 59, 14)
n=  4892   udiff=  3.5589E-06 ( 60, 16)   vdiff=  5.2492E-06 ( 60, 14)
n=  4893   udiff=  3.5475E-06 ( 60, 16)   vdiff=  4.9516E-06 ( 53, 14)
n=  4894   udiff=  3.3212E-06 ( 60, 15)   vdiff=  5.2644E-06 ( 59, 14)
n=  4895   udiff=  3.7088E-06 ( 60, 16)   vdiff=  5.2427E-06 ( 60, 10)
n=  4896   udiff=  3.2747E-06 ( 60, 16)   vdiff=  5.1489E-06 ( 54, 15)
n=  4897   udiff=  3.9262E-06 ( 60, 14)   vdiff=  4.5119E-06 ( 58, 14)
n=  4898   udiff=  3.2681E-06 ( 61, 12)   vdiff=  7.2259E-06 ( 60, 13)
n=  4899   udiff=  3.3088E-06 ( 56, 14)   vdiff=  5.4147E-06 ( 55, 14)
n=  4900   udiff=  3.5880E-06 ( 55, 13)   vdiff=  6.3646E-06 ( 54, 15)
n=  4901   udiff=  3.2780E-06 ( 55, 16)   vdiff=  3.9679E-06 ( 54, 16)
n=  4902   udiff=  3.7158E-06 ( 60, 16)   vdiff=  5.5461E-06 ( 57, 18)
n=  4903   udiff=  3.2840E-06 ( 60, 16)   vdiff=  5.7192E-06 ( 60, 13)
n=  4904   udiff=  3.9229E-06 ( 60, 16)   vdiff=  4.9597E-06 ( 60, 16)
n=  4905   udiff=  4.1816E-06 ( 54, 14)   vdiff=  5.1048E-06 ( 53, 14)
n=  4906   udiff=  3.5225E-06 ( 60, 14)   vdiff=  3.8019E-06 ( 59, 14)
n=  4907   udiff=  3.7061E-06 ( 60, 13)   vdiff=  5.0439E-06 ( 55, 14)
n=  4908   udiff=  3.1923E-06 ( 60, 16)   vdiff=  5.6488E-06 ( 54, 14)
n=  4909   udiff=  3.7131E-06 ( 60, 16)   vdiff=  4.6840E-06 ( 60, 16)
n=  4910   udiff=  3.3675E-06 ( 60, 14)   vdiff=  5.3697E-06 ( 53, 14)
n=  4911   udiff=  2.6886E-06 ( 53, 14)   vdiff=  5.3725E-06 ( 53, 13)
n=  4912   udiff=  3.9686E-06 ( 60, 16)   vdiff=  5.2943E-06 ( 61, 13)
n=  4913   udiff=  3.3411E-06 ( 60, 16)   vdiff=  3.9358E-06 ( 59, 14)
n=  4914   udiff=  3.4389E-06 ( 57, 14)   vdiff=  4.7527E-06 ( 57, 15)
n=  4915   udiff=  3.4955E-06 ( 60, 15)   vdiff=  5.4912E-06 ( 59, 14)
n=  4916   udiff=  3.2949E-06 ( 56, 16)   vdiff=  5.2170E-06 ( 54, 15)
n=  4917   udiff=  3.5709E-06 ( 60, 16)   vdiff=  4.5716E-06 ( 60, 16)
n=  4918   udiff=  2.9106E-06 ( 60, 16)   vdiff=  5.5338E-06 ( 57, 15)
n=  4919   udiff=  3.5356E-06 ( 60, 16)   vdiff=  4.6722E-06 ( 55, 14)
n=  4920   udiff=  3.3659E-06 ( 58, 13)   vdiff=  5.1835E-06 ( 54, 14)
n=  4921   udiff=  2.6619E-06 ( 57,  6)   vdiff=  5.1859E-06 ( 58, 10)
n=  4922   udiff=  3.5725E-06 ( 60, 16)   vdiff=  5.2684E-06 ( 58, 13)
n=  4923   udiff=  3.6681E-06 ( 55, 15)   vdiff=  5.2501E-06 ( 57, 18)
n=  4924   udiff=  4.2910E-06 ( 56, 16)   vdiff=  5.0309E-06 ( 56, 18)
n=  4925   udiff=  3.5702E-06 ( 60, 16)   vdiff=  5.1481E-06 ( 53, 14)
n=  4926   udiff=  3.8366E-06 ( 60, 13)   vdiff=  6.8770E-06 ( 59, 14)
n=  4927   udiff=  3.4987E-06 ( 60, 15)   vdiff=  4.8169E-06 ( 60, 14)
n=  4928   udiff=  2.9014E-06 ( 55, 15)   vdiff=  4.4969E-06 ( 57, 17)
n=  4929   udiff=  4.7238E-06 ( 57, 15)   vdiff=  6.3528E-06 ( 57, 15)
n=  4930   udiff=  4.0001E-06 ( 60, 16)   vdiff=  5.0719E-06 ( 58, 18)
n=  4931   udiff=  3.7018E-06 ( 60, 15)   vdiff=  4.1793E-06 ( 57, 17)
n=  4932   udiff=  3.9329E-06 ( 56, 13)   vdiff=  5.2286E-06 ( 55, 14)
n=  4933   udiff=  4.1597E-06 ( 57, 15)   vdiff=  7.3222E-06 ( 57, 13)
n=  4934   udiff=  2.7653E-06 ( 57,  6)   vdiff=  4.6046E-06 ( 57, 17)
n=  4935   udiff=  2.8797E-06 ( 60, 15)   vdiff=  5.1071E-06 ( 53, 14)
n=  4936   udiff=  3.7923E-06 ( 60, 15)   vdiff=  5.5044E-06 ( 53, 13)
n=  4937   udiff=  3.8008E-06 ( 54, 13)   vdiff=  7.0393E-06 ( 54, 14)
n=  4938   udiff=  3.5066E-06 ( 57, 16)   vdiff=  5.4307E-06 ( 56, 18)
n=  4939   udiff=  3.8768E-06 ( 57, 13)   vdiff=  5.6746E-06 ( 57, 13)
n=  4940   udiff=  4.3083E-06 ( 57, 14)   vdiff=  5.7545E-06 ( 56, 15)
n=  4941   udiff=  3.7228E-06 ( 57, 14)   vdiff=  4.4401E-06 ( 57, 17)
n=  4942   udiff=  3.2873E-06 ( 61, 10)   vdiff=  5.3452E-06 ( 54, 15)
n=  4943   udiff=  3.7378E-06 ( 60, 16)   vdiff=  4.9493E-06 ( 56, 13)
n=  4944   udiff=  3.4624E-06 ( 56, 17)   vdiff=  5.2332E-06 ( 56, 18)
n=  4945   udiff=  2.9591E-06 ( 60, 15)   vdiff=  5.1142E-06 ( 57, 18)
n=  4946   udiff=  3.2026E-06 ( 58, 17)   vdiff=  4.7997E-06 ( 57, 14)
n=  4947   udiff=  3.4966E-06 ( 54, 14)   vdiff=  5.4558E-06 ( 53, 14)
n=  4948   udiff=  2.8726E-06 ( 57, 12)   vdiff=  5.4545E-06 ( 56, 13)
n=  4949   udiff=  3.1524E-06 ( 60, 16)   vdiff=  4.7545E-06 ( 57, 15)
n=  4950   udiff=  4.0789E-06 ( 59, 17)   vdiff=  6.7757E-06 ( 57, 13)
n=  4951   udiff=  3.8472E-06 ( 57, 17)   vdiff=  5.1548E-06 ( 57, 15)
n=  4952   udiff=  3.4690E-06 ( 58, 17)   vdiff=  4.6119E-06 ( 58, 18)
n=  4953   udiff=  2.4516E-06 ( 58, 14)   vdiff=  5.4438E-06 ( 53, 14)
n=  4954   udiff=  3.1222E-06 ( 60, 16)   vdiff=  5.1422E-06 ( 57, 17)
n=  4955   udiff=  3.5871E-06 ( 60, 16)   vdiff=  5.4175E-06 ( 57, 10)
n=  4956   udiff=  3.5573E-06 ( 57, 15)   vdiff=  5.5575E-06 ( 59, 11)
n=  4957   udiff=  3.2751E-06 ( 56, 13)   vdiff=  6.2268E-06 ( 56, 18)
n=  4958   udiff=  3.8869E-06 ( 57, 17)   vdiff=  4.1054E-06 ( 57, 17)
n=  4959   udiff=  2.9400E-06 ( 58, 15)   vdiff=  5.1906E-06 ( 57, 14)
n=  4960   udiff=  3.6449E-06 ( 59,  9)   vdiff=  5.7342E-06 ( 53, 14)
n=  4961   udiff=  3.4960E-06 ( 58,  9)   vdiff=  5.1658E-06 ( 54, 15)
n=  4962   udiff=  3.2832E-06 ( 60, 11)   vdiff=  4.9876E-06 ( 53, 13)
n=  4963   udiff=  3.3250E-06 ( 59, 11)   vdiff=  6.2143E-06 ( 59, 11)
n=  4964   udiff=  4.0585E-06 ( 60, 16)   vdiff=  5.1236E-06 ( 60, 16)
n=  4965   udiff=  3.3907E-06 ( 57, 14)   vdiff=  5.1599E-06 ( 55, 17)
n=  4966   udiff=  3.1011E-06 ( 59,  9)   vdiff=  5.6435E-06 ( 54, 15)
n=  4967   udiff=  3.0256E-06 ( 58, 15)   vdiff=  4.8211E-06 ( 57, 10)
n=  4968   udiff=  3.1298E-06 ( 58, 14)   vdiff=  4.5772E-06 ( 57, 13)
n=  4969   udiff=  4.2741E-06 ( 60, 16)   vdiff=  5.4649E-06 ( 60, 16)
n=  4970   udiff=  3.7684E-06 ( 57, 14)   vdiff=  5.3868E-06 ( 57, 15)
n=  4971   udiff=  3.0705E-06 ( 60, 11)   vdiff=  5.7290E-06 ( 56, 18)
n=  4972   udiff=  3.7546E-06 ( 54, 14)   vdiff=  5.8454E-06 ( 53, 14)
n=  4973   udiff=  2.7087E-06 ( 59, 18)   vdiff=  5.2169E-06 ( 57, 17)
n=  4974   udiff=  3.9964E-06 ( 60, 16)   vdiff=  5.3765E-06 ( 60, 16)
n=  4975   udiff=  3.8133E-06 ( 59, 11)   vdiff=  5.1542E-06 ( 58, 11)
n=  4976   udiff=  3.3460E-06 ( 58, 15)   vdiff=  6.1172E-06 ( 57, 15)
n=  4977   udiff=  4.2674E-06 ( 57, 17)   vdiff=  6.8274E-06 ( 59, 12)
n=  4978   udiff=  3.4782E-06 ( 60, 10)   vdiff=  5.4160E-06 ( 60, 11)
n=  4979   udiff=  3.0692E-06 ( 58, 14)   vdiff=  5.6679E-06 ( 56, 13)
n=  4980   udiff=  3.2499E-06 ( 59, 11)   vdiff=  4.5018E-06 ( 59, 10)
n=  4981   udiff=  4.0104E-06 ( 60, 16)   vdiff=  5.9200E-06 ( 60, 16)
n=  4982   udiff=  3.9278E-06 ( 58, 15)   vdiff=  6.5286E-06 ( 57, 15)
n=  4983   udiff=  3.0160E-06 ( 57, 15)   vdiff=  4.6389E-06 ( 53, 13)
n=  4984   udiff=  3.3704E-06 ( 57, 15)   vdiff=  5.0636E-06 ( 57, 18)
n=  4985   udiff=  3.0157E-06 ( 58, 10)   vdiff=  6.0223E-06 ( 58, 11)
n=  4986   udiff=  3.9101E-06 ( 60, 16)   vdiff=  6.0058E-06 ( 60, 16)
n=  4987   udiff=  3.4708E-06 ( 57, 15)   vdiff=  4.9581E-06 ( 55, 11)
n=  4988   udiff=  3.6752E-06 ( 56, 16)   vdiff=  5.2796E-06 ( 55, 17)
n=  4989   udiff=  3.9818E-06 ( 58, 15)   vdiff=  5.8558E-06 ( 58, 15)
n=  4990   udiff=  3.6435E-06 ( 59, 12)   vdiff=  5.4752E-06 ( 59, 13)
n=  4991   udiff=  2.7482E-06 ( 59,  9)   vdiff=  4.3878E-06 ( 58,  9)
n=  4992   udiff=  3.5379E-06 ( 59, 11)   vdiff=  5.6254E-06 ( 57, 15)
n=  4993   udiff=  3.3817E-06 ( 59, 15)   vdiff=  5.1071E-06 ( 57, 17)
n=  4994   udiff=  3.1085E-06 ( 57, 14)   vdiff=  6.4710E-06 ( 55, 18)
n=  4995   udiff=  4.5604E-06 ( 59, 10)   vdiff=  6.1669E-06 ( 58, 11)
n=  4996   udiff=  3.5531E-06 ( 60, 11)   vdiff=  5.8515E-06 ( 60, 13)
n=  4997   udiff=  3.8040E-06 ( 57, 15)   vdiff=  5.4902E-06 ( 58, 16)
n=  4998   udiff=  2.8160E-06 ( 59,  9)   vdiff=  5.5979E-06 ( 57, 17)
n=  4999   udiff=  3.0160E-06 ( 58, 12)   vdiff=  7.1783E-06 ( 57, 14)
n=  5000   udiff=  4.2269E-06 ( 60, 12)   vdiff=  4.7176E-06 ( 56, 18)
n=  5001   udiff=  3.0131E-06 ( 60, 12)   vdiff=  6.2494E-06 ( 58, 11)
n=  5002   udiff=  3.4231E-06 ( 55, 16)   vdiff=  6.0186E-06 ( 58, 15)
n=  5003   udiff=  3.1009E-06 ( 60, 10)   vdiff=  5.3026E-06 ( 60, 12)
n=  5004   udiff=  2.7696E-06 ( 58,  8)   vdiff=  4.9168E-06 ( 58, 15)
n=  5005   udiff=  3.5184E-06 ( 57, 15)   vdiff=  5.9410E-06 ( 58, 11)
n=  5006   udiff=  3.7564E-06 ( 54, 12)   vdiff=  5.5975E-06 ( 60, 12)
n=  5007   udiff=  3.2271E-06 ( 55, 16)   vdiff=  5.1772E-06 ( 57, 18)
n=  5008   udiff=  2.4900E-06 ( 58, 14)   vdiff=  4.8572E-06 ( 58, 15)
n=  5009   udiff=  3.5283E-06 ( 56, 12)   vdiff=  7.3973E-06 ( 56, 13)
n=  5010   udiff=  3.1362E-06 ( 58,  9)   vdiff=  5.5648E-06 ( 60, 12)
n=  5011   udiff=  4.2035E-06 ( 59, 11)   vdiff=  5.5882E-06 ( 59, 11)
n=  5012   udiff=  2.8879E-06 ( 59, 10)   vdiff=  4.9523E-06 ( 57, 15)
n=  5013   udiff=  4.0369E-06 ( 54, 12)   vdiff=  5.8810E-06 ( 54, 12)
n=  5014   udiff=  3.4221E-06 ( 57, 15)   vdiff=  5.7554E-06 ( 53, 14)
n=  5015   udiff=  3.3287E-06 ( 58, 17)   vdiff=  5.3349E-06 ( 57, 15)
n=  5016   udiff=  3.4392E-06 ( 56, 16)   vdiff=  5.8401E-06 ( 60, 12)
n=  5017   udiff=  3.3927E-06 ( 58, 13)   vdiff=  5.6184E-06 ( 57, 14)
n=  5018   udiff=  4.5675E-06 ( 60, 13)   vdiff=  5.4528E-06 ( 54, 12)
n=  5019   udiff=  4.6663E-06 ( 59, 15)   vdiff=  5.2762E-06 ( 58, 15)
n=  5020   udiff=  3.1260E-06 ( 60, 12)   vdiff=  6.5622E-06 ( 55, 18)
n=  5021   udiff=  3.3067E-06 ( 55, 16)   vdiff=  5.5624E-06 ( 54, 13)
n=  5022   udiff=  4.5852E-06 ( 59, 11)   vdiff=  5.2829E-06 ( 59, 11)
n=  5023   udiff=  3.5900E-06 ( 58, 14)   vdiff=  5.4119E-06 ( 58, 15)
n=  5024   udiff=  3.7113E-06 ( 57, 15)   vdiff=  5.4055E-06 ( 58, 16)
n=  5025   udiff=  4.4175E-06 ( 59, 11)   vdiff=  5.5260E-06 ( 59, 11)
n=  5026   udiff=  3.1675E-06 ( 57, 15)   vdiff=  4.7311E-06 ( 60, 12)
n=  5027   udiff=  3.1550E-06 ( 59,  9)   vdiff=  6.6784E-06 ( 57, 14)
n=  5028   udiff=  3.8772E-06 ( 59, 15)   vdiff=  6.8597E-06 ( 54, 13)
n=  5029   udiff=  3.3785E-06 ( 58, 14)   vdiff=  5.2937E-06 ( 58, 15)
n=  5030   udiff=  3.2697E-06 ( 60, 10)   vdiff=  5.0873E-06 ( 60, 13)
n=  5031   udiff=  3.6146E-06 ( 57, 16)   vdiff=  5.6889E-06 ( 57, 18)
n=  5032   udiff=  3.3203E-06 ( 58, 12)   vdiff=  5.9611E-06 ( 55, 18)
n=  5033   udiff=  3.7181E-06 ( 54, 12)   vdiff=  5.0596E-06 ( 54, 12)
n=  5034   udiff=  3.2140E-06 ( 56, 16)   vdiff=  5.7821E-06 ( 53, 14)
n=  5035   udiff=  3.5394E-06 ( 58, 15)   vdiff=  6.5185E-06 ( 57, 14)
n=  5036   udiff=  2.5212E-06 ( 63, 11)   vdiff=  5.6027E-06 ( 59, 14)
n=  5037   udiff=  3.0116E-06 ( 59, 12)   vdiff=  5.5908E-06 ( 58,  9)
n=  5038   udiff=  3.3297E-06 ( 55, 13)   vdiff=  6.8232E-06 ( 54, 12)
n=  5039   udiff=  4.3357E-06 ( 61, 12)   vdiff=  6.2584E-06 ( 57, 11)
n=  5040   udiff=  3.4772E-06 ( 57, 17)   vdiff=  4.3102E-06 ( 58, 11)
n=  5041   udiff=  4.2270E-06 ( 59, 15)   vdiff=  5.0286E-06 ( 58,  9)
n=  5042   udiff=  3.8834E-06 ( 60, 12)   vdiff=  4.9553E-06 ( 57, 10)
n=  5043   udiff=  4.2177E-06 ( 60, 14)   vdiff=  5.5867E-06 ( 54, 12)
n=  5044   udiff=  4.0363E-06 ( 60, 12)   vdiff=  6.0795E-06 ( 55, 18)
n=  5045   udiff=  3.9161E-06 ( 57, 16)   vdiff=  6.5873E-06 ( 53, 14)
n=  5046   udiff=  4.7785E-06 ( 57, 14)   vdiff=  5.9368E-06 ( 58, 11)
n=  5047   udiff=  3.3990E-06 ( 58, 14)   vdiff=  6.8224E-06 ( 58, 15)
n=  5048   udiff=  4.1341E-06 ( 60, 12)   vdiff=  5.1733E-06 ( 59, 14)
n=  5049   udiff=  4.5148E-06 ( 55, 12)   vdiff=  5.7228E-06 ( 54, 15)
n=  5050   udiff=  4.0033E-06 ( 61, 12)   vdiff=  5.2470E-06 ( 61, 12)
n=  5051   udiff=  3.8159E-06 ( 57, 16)   vdiff=  5.5321E-06 ( 57, 18)
n=  5052   udiff=  4.4103E-06 ( 61, 12)   vdiff=  5.6971E-06 ( 56, 13)
n=  5053   udiff=  3.9532E-06 ( 59,  9)   vdiff=  6.0509E-06 ( 57, 14)
n=  5054   udiff=  3.5040E-06 ( 59, 15)   vdiff=  5.7974E-06 ( 58, 16)
n=  5055   udiff=  4.0882E-06 ( 60, 12)   vdiff=  7.2314E-06 ( 54, 13)
n=  5056   udiff=  4.0792E-06 ( 59, 10)   vdiff=  6.6612E-06 ( 55, 12)
n=  5057   udiff=  4.2307E-06 ( 60, 12)   vdiff=  5.9100E-06 ( 57, 11)
n=  5058   udiff=  4.2737E-06 ( 60, 12)   vdiff=  5.5878E-06 ( 58, 16)
n=  5059   udiff=  3.1718E-06 ( 58, 14)   vdiff=  6.9528E-06 ( 55, 18)
n=  5060   udiff=  3.9543E-06 ( 55, 12)   vdiff=  5.1305E-06 ( 58, 16)
n=  5061   udiff=  3.3348E-06 ( 59, 15)   vdiff=  5.6832E-06 ( 56, 18)
n=  5062   udiff=  3.0359E-06 ( 58, 12)   vdiff=  5.1697E-06 ( 60, 12)
n=  5063   udiff=  2.7647E-06 ( 59, 15)   vdiff=  4.8372E-06 ( 56, 18)
n=  5064   udiff=  3.8661E-06 ( 58,  9)   vdiff=  5.8651E-06 ( 58, 16)
n=  5065   udiff=  5.0978E-06 ( 57, 14)   vdiff=  7.7811E-06 ( 54, 13)
n=  5066   udiff=  2.5014E-06 ( 61, 11)   vdiff=  5.0935E-06 ( 60, 12)
n=  5067   udiff=  3.0303E-06 ( 60, 11)   vdiff=  5.2769E-06 ( 58, 16)
n=  5068   udiff=  2.5727E-06 ( 57, 16)   vdiff=  5.0221E-06 ( 60, 13)
n=  5069   udiff=  3.5910E-06 ( 60, 15)   vdiff=  5.7291E-06 ( 58, 11)
n=  5070   udiff=  3.4298E-06 ( 56, 13)   vdiff=  7.3201E-06 ( 56, 13)
n=  5071   udiff=  3.3716E-06 ( 59, 16)   vdiff=  5.6177E-06 ( 58, 16)
n=  5072   udiff=  4.4217E-06 ( 59, 10)   vdiff=  5.5494E-06 ( 58, 11)
n=  5073   udiff=  3.0419E-06 ( 59, 10)   vdiff=  4.7086E-06 ( 57, 18)
n=  5074   udiff=  2.9574E-06 ( 60, 13)   vdiff=  5.8433E-06 ( 57, 18)
n=  5075   udiff=  4.2328E-06 ( 60, 14)   vdiff=  7.8826E-06 ( 54, 13)
n=  5076   udiff=  3.3102E-06 ( 59, 12)   vdiff=  6.5538E-06 ( 55, 12)
n=  5077   udiff=  3.2442E-06 ( 57, 14)   vdiff=  5.3039E-06 ( 58, 16)
n=  5078   udiff=  2.8227E-06 ( 58, 18)   vdiff=  5.0544E-06 ( 61, 12)
n=  5079   udiff=  3.7522E-06 ( 60, 12)   vdiff=  6.2939E-06 ( 58, 15)
n=  5080   udiff=  4.0309E-06 ( 60, 12)   vdiff=  5.7319E-06 ( 58, 16)
n=  5081   udiff=  3.1967E-06 ( 57, 18)   vdiff=  5.1150E-06 ( 57, 17)
n=  5082   udiff=  4.6132E-06 ( 61, 12)   vdiff=  5.9531E-06 ( 57, 11)
n=  5083   udiff=  3.2486E-06 ( 61, 12)   vdiff=  6.2654E-06 ( 58, 11)
n=  5084   udiff=  3.7720E-06 ( 56, 16)   vdiff=  6.2526E-06 ( 54, 15)
n=  5085   udiff=  3.0955E-06 ( 59, 10)   vdiff=  5.3007E-06 ( 57, 17)
n=  5086   udiff=  4.5543E-06 ( 59, 10)   vdiff=  5.7145E-06 ( 58, 11)
n=  5087   udiff=  4.2505E-06 ( 57, 14)   vdiff=  6.1855E-06 ( 53, 14)
n=  5088   udiff=  4.0793E-06 ( 55, 12)   vdiff=  5.3472E-06 ( 54, 12)
n=  5089   udiff=  3.3895E-06 ( 58,  9)   vdiff=  4.5366E-06 ( 58,  9)
n=  5090   udiff=  3.8508E-06 ( 59, 16)   vdiff=  5.5997E-06 ( 58, 16)
n=  5091   udiff=  3.6578E-06 ( 59, 12)   vdiff=  5.7343E-06 ( 57, 18)
n=  5092   udiff=  3.5913E-06 ( 56, 13)   vdiff=  6.9332E-06 ( 56, 13)
n=  5093   udiff=  3.2110E-06 ( 58, 17)   vdiff=  4.6038E-06 ( 57, 10)
n=  5094   udiff=  3.8443E-06 ( 59,  9)   vdiff=  5.6318E-06 ( 59, 11)
n=  5095   udiff=  4.1606E-06 ( 59, 16)   vdiff=  5.4550E-06 ( 56, 18)
n=  5096   udiff=  3.7370E-06 ( 58, 13)   vdiff=  6.2238E-06 ( 57, 15)
n=  5097   udiff=  3.2892E-06 ( 54, 13)   vdiff=  7.5662E-06 ( 54, 13)
n=  5098   udiff=  3.5814E-06 ( 57, 15)   vdiff=  5.2385E-06 ( 57, 18)
n=  5099   udiff=  3.5483E-06 ( 59, 15)   vdiff=  5.7496E-06 ( 58, 16)
n=  5100   udiff=  3.6923E-06 ( 56, 16)   vdiff=  6.7744E-06 ( 55, 18)
n=  5101   udiff=  3.3349E-06 ( 56, 17)   vdiff=  4.5771E-06 ( 60, 13)
n=  5102   udiff=  3.9418E-06 ( 55, 12)   vdiff=  6.5709E-06 ( 58, 15)
n=  5103   udiff=  4.2779E-06 ( 59, 10)   vdiff=  5.7931E-06 ( 58, 16)
n=  5104   udiff=  3.3554E-06 ( 57, 15)   vdiff=  6.4578E-06 ( 57, 14)
n=  5105   udiff=  3.4793E-06 ( 57, 15)   vdiff=  5.4255E-06 ( 57, 17)
n=  5106   udiff=  3.4418E-06 ( 57, 15)   vdiff=  5.5507E-06 ( 59, 11)
n=  5107   udiff=  3.9305E-06 ( 60, 14)   vdiff=  5.7782E-06 ( 54, 15)
n=  5108   udiff=  3.4014E-06 ( 54, 12)   vdiff=  5.5721E-06 ( 58, 16)
n=  5109   udiff=  3.2956E-06 ( 59, 14)   vdiff=  5.4678E-06 ( 57, 17)
n=  5110   udiff=  3.6868E-06 ( 59,  9)   vdiff=  6.1122E-06 ( 59, 11)
n=  5111   udiff=  3.5520E-06 ( 55, 12)   vdiff=  5.6429E-06 ( 59, 14)
n=  5112   udiff=  3.9742E-06 ( 54, 12)   vdiff=  6.2523E-06 ( 57, 14)
n=  5113   udiff=  4.0678E-06 ( 59, 10)   vdiff=  5.3382E-06 ( 58, 11)
n=  5114   udiff=  4.1884E-06 ( 54, 16)   vdiff=  6.8062E-06 ( 53, 16)
n=  5115   udiff=  2.7632E-06 ( 58, 17)   vdiff=  5.4285E-06 ( 58,  9)
n=  5116   udiff=  4.0795E-06 ( 60, 12)   vdiff=  5.9379E-06 ( 59, 11)
n=  5117   udiff=  3.8860E-06 ( 55, 16)   vdiff=  6.5696E-06 ( 55, 12)
n=  5118   udiff=  3.8044E-06 ( 60, 12)   vdiff=  4.9109E-06 ( 59, 13)
n=  5119   udiff=  4.7587E-06 ( 59, 11)   vdiff=  7.2940E-06 ( 54, 13)
n=  5120   udiff=  4.0112E-06 ( 57, 16)   vdiff=  5.5195E-06 ( 57, 18)
n=  5121   udiff=  3.2859E-06 ( 59, 16)   vdiff=  5.1589E-06 ( 59, 16)
n=  5122   udiff=  4.6712E-06 ( 59, 11)   vdiff=  6.0405E-06 ( 54, 15)
n=  5123   udiff=  4.4157E-06 ( 60, 14)   vdiff=  6.6776E-06 ( 57, 14)
n=  5124   udiff=  3.2372E-06 ( 57, 16)   vdiff=  6.1910E-06 ( 55, 12)
n=  5125   udiff=  4.2671E-06 ( 59, 10)   vdiff=  5.7016E-06 ( 54, 12)
n=  5126   udiff=  3.8050E-06 ( 61, 12)   vdiff=  5.2548E-06 ( 58, 16)
n=  5127   udiff=  3.5075E-06 ( 58, 14)   vdiff=  5.5873E-06 ( 58, 15)
n=  5128   udiff=  3.7335E-06 ( 55, 12)   vdiff=  6.1203E-06 ( 55, 18)
n=  5129   udiff=  3.1007E-06 ( 57, 14)   vdiff=  5.6559E-06 ( 59, 14)
n=  5130   udiff=  3.7497E-06 ( 59,  9)   vdiff=  5.7505E-06 ( 57, 18)
n=  5131   udiff=  4.1284E-06 ( 55, 11)   vdiff=  6.1891E-06 ( 55, 12)
n=  5132   udiff=  3.3456E-06 ( 55, 11)   vdiff=  7.2090E-06 ( 54, 13)
n=  5133   udiff=  3.9722E-06 ( 54, 13)   vdiff=  5.9997E-06 ( 58, 15)
n=  5134   udiff=  3.3231E-06 ( 57, 14)   vdiff=  5.6926E-06 ( 58, 11)
n=  5135   udiff=  4.0933E-06 ( 60, 12)   vdiff=  4.5318E-06 ( 58,  9)
n=  5136   udiff=  3.6611E-06 ( 57, 18)   vdiff=  5.1924E-06 ( 56, 18)
n=  5137   udiff=  4.1111E-06 ( 55, 12)   vdiff=  5.5625E-06 ( 54, 12)
n=  5138   udiff=  3.7039E-06 ( 55, 12)   vdiff=  5.5808E-06 ( 59, 14)
n=  5139   udiff=  5.3907E-06 ( 59, 15)   vdiff=  6.0271E-06 ( 54, 15)
n=  5140   udiff=  3.2015E-06 ( 60, 13)   vdiff=  5.6237E-06 ( 58, 11)
n=  5141   udiff=  2.6130E-06 ( 56, 16)   vdiff=  4.9694E-06 ( 58, 16)
n=  5142   udiff=  3.3634E-06 ( 60, 12)   vdiff=  6.9994E-06 ( 54, 13)
n=  5143   udiff=  3.9911E-06 ( 55, 11)   vdiff=  6.4399E-06 ( 55, 12)
n=  5144   udiff=  4.0484E-06 ( 61, 12)   vdiff=  5.8771E-06 ( 59, 11)
n=  5145   udiff=  3.7815E-06 ( 56, 16)   vdiff=  6.0851E-06 ( 58, 15)
n=  5146   udiff=  3.2395E-06 ( 58, 16)   vdiff=  5.5546E-06 ( 54, 12)
n=  5147   udiff=  4.1214E-06 ( 59, 10)   vdiff=  5.4802E-06 ( 58, 11)
n=  5148   udiff=  3.0666E-06 ( 59,  9)   vdiff=  5.0907E-06 ( 56, 18)
n=  5149   udiff=  3.0384E-06 ( 55, 16)   vdiff=  5.5690E-06 ( 61, 12)
n=  5150   udiff=  3.7047E-06 ( 59, 16)   vdiff=  5.6906E-06 ( 55, 12)
n=  5151   udiff=  3.6687E-06 ( 58, 14)   vdiff=  7.2371E-06 ( 54, 13)
n=  5152   udiff=  5.2507E-06 ( 59, 11)   vdiff=  5.9469E-06 ( 59, 11)
n=  5153   udiff=  3.5565E-06 ( 59, 14)   vdiff=  5.0192E-06 ( 56, 18)
n=  5154   udiff=  3.0629E-06 ( 56, 16)   vdiff=  5.1941E-06 ( 61, 12)
n=  5155   udiff=  3.5900E-06 ( 60, 13)   vdiff=  5.1561E-06 ( 56, 15)
n=  5156   udiff=  3.8501E-06 ( 55, 11)   vdiff=  5.5967E-06 ( 54, 15)
n=  5157   udiff=  3.6388E-06 ( 59, 16)   vdiff=  5.6325E-06 ( 56, 18)
n=  5158   udiff=  3.7355E-06 ( 60, 14)   vdiff=  5.6834E-06 ( 59, 14)
n=  5159   udiff=  4.6430E-06 ( 59, 11)   vdiff=  6.5228E-06 ( 59, 11)
n=  5160   udiff=  3.1287E-06 ( 59, 15)   vdiff=  6.2044E-06 ( 57, 14)
n=  5161   udiff=  3.9587E-06 ( 57, 17)   vdiff=  7.3812E-06 ( 54, 13)
n=  5162   udiff=  3.4294E-06 ( 59, 16)   vdiff=  5.1534E-06 ( 59, 13)
n=  5163   udiff=  3.6030E-06 ( 57, 17)   vdiff=  4.5641E-06 ( 56, 18)
n=  5164   udiff=  3.2327E-06 ( 58, 14)   vdiff=  6.5638E-06 ( 55, 18)
n=  5165   udiff=  3.8059E-06 ( 57, 15)   vdiff=  5.0956E-06 ( 59, 14)
n=  5166   udiff=  5.1121E-06 ( 59, 10)   vdiff=  5.9487E-06 ( 54, 12)
n=  5167   udiff=  3.8006E-06 ( 60, 13)   vdiff=  4.6128E-06 ( 60, 12)
n=  5168   udiff=  4.2080E-06 ( 59, 16)   vdiff=  4.7327E-06 ( 59, 16)
n=  5169   udiff=  3.5358E-06 ( 60, 12)   vdiff=  5.8022E-06 ( 55, 12)
n=  5170   udiff=  3.9884E-06 ( 61, 12)   vdiff=  5.8679E-06 ( 54, 12)
n=  5171   udiff=  5.1488E-06 ( 59, 11)   vdiff=  6.0689E-06 ( 59, 11)
n=  5172   udiff=  3.9669E-06 ( 57, 15)   vdiff=  6.4631E-06 ( 56, 12)
n=  5173   udiff=  3.2273E-06 ( 55, 11)   vdiff=  4.3921E-06 ( 58, 12)
n=  5174   udiff=  4.0260E-06 ( 57, 17)   vdiff=  4.9506E-06 ( 56, 18)
n=  5175   udiff=  3.3797E-06 ( 60, 14)   vdiff=  6.2896E-06 ( 55, 18)
n=  5176   udiff=  3.7270E-06 ( 58, 11)   vdiff=  5.2545E-06 ( 58, 16)
n=  5177   udiff=  4.1443E-06 ( 58, 17)   vdiff=  5.3993E-06 ( 57, 12)
n=  5178   udiff=  3.2054E-06 ( 55, 16)   vdiff=  5.2279E-06 ( 56, 12)
n=  5179   udiff=  3.5538E-06 ( 55, 12)   vdiff=  5.3099E-06 ( 56, 15)
n=  5180   udiff=  3.2177E-06 ( 59, 16)   vdiff=  5.7871E-06 ( 58, 16)
n=  5181   udiff=  3.4855E-06 ( 57, 16)   vdiff=  5.1688E-06 ( 56, 15)
n=  5182   udiff=  4.0768E-06 ( 57, 16)   vdiff=  6.2792E-06 ( 58, 11)
n=  5183   udiff=  4.1508E-06 ( 55, 11)   vdiff=  5.5656E-06 ( 60, 12)
n=  5184   udiff=  3.0144E-06 ( 57, 17)   vdiff=  5.8673E-06 ( 56, 12)
n=  5185   udiff=  3.8666E-06 ( 59, 10)   vdiff=  6.1751E-06 ( 58, 11)
n=  5186   udiff=  4.1208E-06 ( 57, 15)   vdiff=  5.2884E-06 ( 57, 17)
n=  5187   udiff=  2.9701E-06 ( 55, 12)   vdiff=  5.8948E-06 ( 57, 12)
n=  5188   udiff=  4.0327E-06 ( 55, 12)   vdiff=  5.9027E-06 ( 53, 14)
n=  5189   udiff=  3.2677E-06 ( 54, 11)   vdiff=  5.3031E-06 ( 61, 12)
n=  5190   udiff=  3.3575E-06 ( 57, 18)   vdiff=  6.1386E-06 ( 58, 11)
n=  5191   udiff=  3.7302E-06 ( 58, 15)   vdiff=  7.1426E-06 ( 54, 13)
n=  5192   udiff=  3.1965E-06 ( 58, 16)   vdiff=  5.9913E-06 ( 57, 12)
n=  5193   udiff=  3.2026E-06 ( 61, 11)   vdiff=  5.5564E-06 ( 55, 12)
n=  5194   udiff=  3.5580E-06 ( 60, 13)   vdiff=  5.4480E-06 ( 56, 15)
n=  5195   udiff=  4.2588E-06 ( 55, 12)   vdiff=  5.5470E-06 ( 54, 12)
n=  5196   udiff=  3.8364E-06 ( 60, 14)   vdiff=  5.3795E-06 ( 56, 18)
n=  5197   udiff=  4.2638E-06 ( 59, 15)   vdiff=  6.2470E-06 ( 58, 11)
n=  5198   udiff=  4.2684E-06 ( 55, 12)   vdiff=  5.8355E-06 ( 57, 17)
n=  5199   udiff=  3.3118E-06 ( 60, 12)   vdiff=  4.7327E-06 ( 58, 16)
n=  5200   udiff=  3.6735E-06 ( 60, 12)   vdiff=  5.4895E-06 ( 56, 12)
n=  5201   udiff=  4.4263E-06 ( 55, 12)   vdiff=  5.9613E-06 ( 56, 14)
n=  5202   udiff=  4.3484E-06 ( 59, 11)   vdiff=  5.6134E-06 ( 59, 11)
n=  5203   udiff=  4.1354E-06 ( 57, 17)   vdiff=  4.1789E-06 ( 57, 17)
n=  5204   udiff=  3.9594E-06 ( 55, 13)   vdiff=  6.7276E-06 ( 54, 12)
n=  5205   udiff=  5.0540E-06 ( 59, 10)   vdiff=  5.9529E-06 ( 55, 12)
n=  5206   udiff=  3.5993E-06 ( 58, 11)   vdiff=  6.0683E-06 ( 55, 18)
n=  5207   udiff=  2.4913E-06 ( 58, 15)   vdiff=  5.3842E-06 ( 59, 14)
n=  5208   udiff=  3.7198E-06 ( 57, 16)   vdiff=  6.1950E-06 ( 58, 15)
n=  5209   udiff=  3.5536E-06 ( 55, 11)   vdiff=  5.4756E-06 ( 56, 15)
n=  5210   udiff=  3.5338E-06 ( 59, 10)   vdiff=  6.1284E-06 ( 56, 14)
n=  5211   udiff=  3.5148E-06 ( 59, 16)   vdiff=  5.5084E-06 ( 56, 15)
n=  5212   udiff=  3.9625E-06 ( 55, 11)   vdiff=  7.3751E-06 ( 54, 13)
n=  5213   udiff=  3.6629E-06 ( 54, 11)   vdiff=  4.7968E-06 ( 60, 13)
n=  5214   udiff=  3.6386E-06 ( 57, 16)   vdiff=  6.0517E-06 ( 53, 14)
n=  5215   udiff=  3.9966E-06 ( 56, 12)   vdiff=  5.5896E-06 ( 58, 16)
n=  5216   udiff=  3.5627E-06 ( 60, 14)   vdiff=  5.9122E-06 ( 54, 12)
n=  5217   udiff=  3.4961E-06 ( 56, 16)   vdiff=  5.3670E-06 ( 56, 14)
n=  5218   udiff=  3.5753E-06 ( 56, 18)   vdiff=  6.0562E-06 ( 55, 18)
n=  5219   udiff=  3.0167E-06 ( 57, 14)   vdiff=  4.8792E-06 ( 55, 12)
n=  5220   udiff=  3.6390E-06 ( 59, 16)   vdiff=  5.9446E-06 ( 55, 12)
n=  5221   udiff=  4.5641E-06 ( 61, 12)   vdiff=  5.8735E-06 ( 54, 13)
n=  5222   udiff=  3.5854E-06 ( 58, 11)   vdiff=  5.3824E-06 ( 59, 14)
n=  5223   udiff=  3.3240E-06 ( 59, 16)   vdiff=  5.1950E-06 ( 60, 13)
n=  5224   udiff=  3.8972E-06 ( 55, 16)   vdiff=  4.9905E-06 ( 56, 15)
n=  5225   udiff=  3.7878E-06 ( 60, 10)   vdiff=  5.1334E-06 ( 56, 14)
n=  5226   udiff=  3.5876E-06 ( 57, 18)   vdiff=  5.8196E-06 ( 57, 12)
n=  5227   udiff=  4.6986E-06 ( 59, 15)   vdiff=  5.3681E-06 ( 58, 15)
n=  5228   udiff=  3.4401E-06 ( 55, 11)   vdiff=  7.2224E-06 ( 54, 13)
n=  5229   udiff=  3.0838E-06 ( 57, 15)   vdiff=  5.8811E-06 ( 55, 12)
n=  5230   udiff=  3.4970E-06 ( 57, 15)   vdiff=  6.4441E-06 ( 55, 18)
n=  5231   udiff=  3.5743E-06 ( 60, 13)   vdiff=  5.9524E-06 ( 58, 15)
n=  5232   udiff=  3.9944E-06 ( 57, 16)   vdiff=  5.5429E-06 ( 57, 17)
n=  5233   udiff=  3.5719E-06 ( 55, 12)   vdiff=  6.7970E-06 ( 55, 15)
n=  5234   udiff=  4.6831E-06 ( 55, 12)   vdiff=  5.9380E-06 ( 54, 13)
n=  5235   udiff=  4.5989E-06 ( 56, 12)   vdiff=  4.6704E-06 ( 55, 17)
n=  5236   udiff=  3.7252E-06 ( 57, 15)   vdiff=  5.5698E-06 ( 57, 17)
n=  5237   udiff=  3.3982E-06 ( 60, 14)   vdiff=  5.4563E-06 ( 59, 14)
n=  5238   udiff=  4.3800E-06 ( 55, 12)   vdiff=  6.1842E-06 ( 58, 11)
n=  5239   udiff=  2.9697E-06 ( 57,  9)   vdiff=  4.2790E-06 ( 56, 10)
n=  5240   udiff=  4.1335E-06 ( 61, 12)   vdiff=  6.0076E-06 ( 56, 14)
n=  5241   udiff=  4.5629E-06 ( 59, 15)   vdiff=  5.4696E-06 ( 58, 15)
n=  5242   udiff=  3.7517E-06 ( 55, 11)   vdiff=  7.3406E-06 ( 54, 13)
n=  5243   udiff=  3.4387E-06 ( 60, 12)   vdiff=  5.9963E-06 ( 58, 11)
n=  5244   udiff=  4.1881E-06 ( 61, 12)   vdiff=  5.1024E-06 ( 61, 12)
n=  5245   udiff=  3.6850E-06 ( 60, 12)   vdiff=  5.9792E-06 ( 57, 12)
n=  5246   udiff=  4.3240E-06 ( 60, 12)   vdiff=  5.2411E-06 ( 57, 18)
n=  5247   udiff=  3.7818E-06 ( 60, 12)   vdiff=  6.3359E-06 ( 58, 15)
n=  5248   udiff=  3.4572E-06 ( 56, 15)   vdiff=  5.0332E-06 ( 57, 18)
n=  5249   udiff=  4.3700E-06 ( 57, 16)   vdiff=  5.5393E-06 ( 57, 18)
n=  5250   udiff=  4.1463E-06 ( 55, 11)   vdiff=  5.6997E-06 ( 55, 18)
n=  5251   udiff=  3.6071E-06 ( 55, 11)   vdiff=  5.7308E-06 ( 57, 12)
n=  5252   udiff=  2.9985E-06 ( 60, 11)   vdiff=  5.3882E-06 ( 55, 12)
n=  5253   udiff=  4.7012E-06 ( 59, 15)   vdiff=  5.2945E-06 ( 56, 12)
n=  5254   udiff=  4.3289E-06 ( 59, 10)   vdiff=  6.3818E-06 ( 58, 11)
n=  5255   udiff=  4.0772E-06 ( 55, 16)   vdiff=  4.9303E-06 ( 56, 10)
n=  5256   udiff=  3.3579E-06 ( 54, 11)   vdiff=  5.7164E-06 ( 56, 14)
n=  5257   udiff=  4.0098E-06 ( 55, 11)   vdiff=  6.7056E-06 ( 54, 13)
n=  5258   udiff=  3.4308E-06 ( 59, 16)   vdiff=  5.3347E-06 ( 58, 16)
n=  5259   udiff=  3.3345E-06 ( 59, 14)   vdiff=  5.5678E-06 ( 58,  9)
n=  5260   udiff=  3.1813E-06 ( 56, 15)   vdiff=  5.4328E-06 ( 59, 14)
n=  5261   udiff=  3.4960E-06 ( 57, 17)   vdiff=  6.0201E-06 ( 54, 12)
n=  5262   udiff=  3.7352E-06 ( 61, 12)   vdiff=  5.3815E-06 ( 56, 12)
n=  5263   udiff=  3.3452E-06 ( 57, 15)   vdiff=  6.7025E-06 ( 55, 15)
n=  5264   udiff=  4.1335E-06 ( 57, 15)   vdiff=  7.4661E-06 ( 54, 13)
n=  5265   udiff=  5.0234E-06 ( 59, 15)   vdiff=  5.8202E-06 ( 57, 17)
n=  5266   udiff=  4.0157E-06 ( 61, 12)   vdiff=  5.3385E-06 ( 61, 12)
n=  5267   udiff=  3.5220E-06 ( 55, 11)   vdiff=  5.4996E-06 ( 55, 12)
n=  5268   udiff=  3.9003E-06 ( 60, 12)   vdiff=  5.3862E-06 ( 56, 18)
n=  5269   udiff=  3.7698E-06 ( 57, 15)   vdiff=  4.4119E-06 ( 59, 13)
n=  5270   udiff=  4.1425E-06 ( 55, 11)   vdiff=  5.6278E-06 ( 58, 15)
n=  5271   udiff=  3.6270E-06 ( 58, 16)   vdiff=  6.2237E-06 ( 56, 14)
n=  5272   udiff=  3.6130E-06 ( 56, 11)   vdiff=  7.1533E-06 ( 55, 18)
n=  5273   udiff=  4.7189E-06 ( 54, 12)   vdiff=  6.7372E-06 ( 54, 13)
n=  5274   udiff=  3.8465E-06 ( 59, 16)   vdiff=  5.5934E-06 ( 56, 18)
n=  5275   udiff=  4.0013E-06 ( 59, 10)   vdiff=  5.8235E-06 ( 58, 11)
n=  5276   udiff=  3.5773E-06 ( 54, 12)   vdiff=  4.6382E-06 ( 54, 11)
n=  5277   udiff=  2.7773E-06 ( 58, 18)   vdiff=  5.2261E-06 ( 56, 15)
n=  5278   udiff=  3.4609E-06 ( 60, 11)   vdiff=  5.3578E-06 ( 56, 14)
n=  5279   udiff=  3.4386E-06 ( 55, 11)   vdiff=  4.8189E-06 ( 56, 15)
n=  5280   udiff=  4.4311E-06 ( 60, 12)   vdiff=  5.7111E-06 ( 57, 18)
n=  5281   udiff=  4.1604E-06 ( 60, 12)   vdiff=  5.8009E-06 ( 58, 15)
n=  5282   udiff=  4.3380E-06 ( 57, 15)   vdiff=  5.3808E-06 ( 58, 16)
n=  5283   udiff=  3.4107E-06 ( 58, 11)   vdiff=  5.4174E-06 ( 57, 12)
n=  5284   udiff=  3.8793E-06 ( 55, 13)   vdiff=  6.4771E-06 ( 54, 12)
n=  5285   udiff=  3.2952E-06 ( 60, 12)   vdiff=  6.3642E-06 ( 55, 12)
n=  5286   udiff=  4.0220E-06 ( 59, 16)   vdiff=  5.3584E-06 ( 57, 17)
n=  5287   udiff=  3.0403E-06 ( 58, 11)   vdiff=  5.7429E-06 ( 57, 12)
n=  5288   udiff=  2.7734E-06 ( 60, 11)   vdiff=  5.0380E-06 ( 56, 15)
n=  5289   udiff=  3.4728E-06 ( 55, 11)   vdiff=  7.2452E-06 ( 54, 13)
n=  5290   udiff=  3.7674E-06 ( 55, 11)   vdiff=  5.9881E-06 ( 58, 11)
n=  5291   udiff=  2.8295E-06 ( 60, 11)   vdiff=  6.4342E-06 ( 58, 15)
n=  5292   udiff=  3.2837E-06 ( 57, 18)   vdiff=  5.6674E-06 ( 57, 18)
n=  5293   udiff=  3.2757E-06 ( 56, 16)   vdiff=  5.7283E-06 ( 56, 14)
n=  5294   udiff=  3.4901E-06 ( 59, 11)   vdiff=  5.5093E-06 ( 56, 15)
n=  5295   udiff=  3.9923E-06 ( 55, 11)   vdiff=  6.4200E-06 ( 58, 11)
n=  5296   udiff=  3.6600E-06 ( 59, 12)   vdiff=  5.5578E-06 ( 56, 15)
n=  5297   udiff=  3.3210E-06 ( 56, 11)   vdiff=  5.1195E-06 ( 60, 12)
n=  5298   udiff=  4.2503E-06 ( 57, 17)   vdiff=  5.0377E-06 ( 57, 12)
n=  5299   udiff=  3.6557E-06 ( 57, 17)   vdiff=  5.4260E-06 ( 56, 12)
n=  5300   udiff=  3.2244E-06 ( 59, 16)   vdiff=  5.6528E-06 ( 56, 15)
n=  5301   udiff=  3.3277E-06 ( 60, 10)   vdiff=  5.9540E-06 ( 58, 15)
n=  5302   udiff=  3.2199E-06 ( 58, 18)   vdiff=  5.3566E-06 ( 58, 18)
n=  5303   udiff=  4.1428E-06 ( 57, 16)   vdiff=  6.3769E-06 ( 55, 18)
n=  5304   udiff=  4.8802E-06 ( 55, 12)   vdiff=  5.8780E-06 ( 54, 12)
n=  5305   udiff=  3.8127E-06 ( 56, 14)   vdiff=  6.3823E-06 ( 55, 15)
n=  5306   udiff=  3.6598E-06 ( 60, 12)   vdiff=  5.6542E-06 ( 59, 14)
n=  5307   udiff=  3.2212E-06 ( 60, 12)   vdiff=  6.3900E-06 ( 58, 15)
n=  5308   udiff=  4.3258E-06 ( 59, 10)   vdiff=  7.0377E-06 ( 54, 13)
n=  5309   udiff=  3.5368E-06 ( 58, 16)   vdiff=  5.2074E-06 ( 57, 17)
n=  5310   udiff=  3.1033E-06 ( 56, 16)   vdiff=  5.9445E-06 ( 57, 12)
n=  5311   udiff=  3.1809E-06 ( 58, 14)   vdiff=  6.8000E-06 ( 58, 15)
n=  5312   udiff=  3.5825E-06 ( 57, 12)   vdiff=  5.8939E-06 ( 58, 16)
n=  5313   udiff=  3.9098E-06 ( 55, 11)   vdiff=  5.0657E-06 ( 60, 12)
n=  5314   udiff=  3.7642E-06 ( 58, 11)   vdiff=  5.0561E-06 ( 57, 12)
n=  5315   udiff=  3.5125E-06 ( 57, 16)   vdiff=  6.8499E-06 ( 55, 18)
n=  5316   udiff=  3.6309E-06 ( 59,  9)   vdiff=  5.9652E-06 ( 58, 11)
n=  5317   udiff=  4.8059E-06 ( 59, 15)   vdiff=  5.3598E-06 ( 56, 10)
n=  5318   udiff=  4.1344E-06 ( 61, 12)   vdiff=  5.6277E-06 ( 57, 12)
n=  5319   udiff=  3.1615E-06 ( 61, 12)   vdiff=  4.6944E-06 ( 59, 13)
n=  5320   udiff=  3.5920E-06 ( 60, 12)   vdiff=  5.4430E-06 ( 55, 12)
n=  5321   udiff=  3.9705E-06 ( 54, 12)   vdiff=  6.3712E-06 ( 58, 11)
n=  5322   udiff=  3.7205E-06 ( 61, 12)   vdiff=  5.6904E-06 ( 61, 12)
n=  5323   udiff=  3.7124E-06 ( 60, 12)   vdiff=  5.2810E-06 ( 55, 12)
n=  5324   udiff=  3.0479E-06 ( 54, 13)   vdiff=  7.3697E-06 ( 54, 13)
n=  5325   udiff=  3.7161E-06 ( 57, 16)   vdiff=  6.5140E-06 ( 56, 14)
n=  5326   udiff=  3.9671E-06 ( 59, 11)   vdiff=  5.7275E-06 ( 59, 11)
n=  5327   udiff=  3.8558E-06 ( 54, 15)   vdiff=  5.6977E-06 ( 58, 15)
n=  5328   udiff=  2.8028E-06 ( 58, 14)   vdiff=  4.4767E-06 ( 57, 18)
n=  5329   udiff=  3.5257E-06 ( 56, 14)   vdiff=  5.8107E-06 ( 55, 15)
n=  5330   udiff=  3.3387E-06 ( 56, 16)   vdiff=  5.9834E-06 ( 55, 12)
n=  5331   udiff=  4.1767E-06 ( 59, 15)   vdiff=  6.2254E-06 ( 55, 18)
n=  5332   udiff=  4.1242E-06 ( 58, 11)   vdiff=  6.2720E-06 ( 57, 12)
n=  5333   udiff=  3.9189E-06 ( 60, 12)   vdiff=  5.6476E-06 ( 59, 14)
n=  5334   udiff=  4.4098E-06 ( 55, 12)   vdiff=  5.6564E-06 ( 58, 16)
n=  5335   udiff=  3.6918E-06 ( 61, 12)   vdiff=  6.6506E-06 ( 58, 15)
n=  5336   udiff=  3.7901E-06 ( 60, 12)   vdiff=  5.6470E-06 ( 58, 12)
n=  5337   udiff=  4.0651E-06 ( 60, 12)   vdiff=  4.2031E-06 ( 58, 12)
n=  5338   udiff=  4.2900E-06 ( 55, 12)   vdiff=  5.6800E-06 ( 54, 12)
n=  5339   udiff=  3.1114E-06 ( 59,  9)   vdiff=  5.3213E-06 ( 58,  9)
n=  5340   udiff=  3.5089E-06 ( 56, 11)   vdiff=  5.0474E-06 ( 60, 12)
n=  5341   udiff=  4.1822E-06 ( 59, 11)   vdiff=  5.9434E-06 ( 58, 15)
n=  5342   udiff=  3.7619E-06 ( 54, 12)   vdiff=  5.9698E-06 ( 54, 13)
n=  5343   udiff=  4.3735E-06 ( 56, 12)   vdiff=  6.5103E-06 ( 55, 15)
n=  5344   udiff=  3.4212E-06 ( 60, 15)   vdiff=  4.9531E-06 ( 61, 12)
n=  5345   udiff=  3.4622E-06 ( 55, 11)   vdiff=  4.3578E-06 ( 54, 12)
n=  5346   udiff=  3.2135E-06 ( 58, 12)   vdiff=  5.7592E-06 ( 59, 11)
n=  5347   udiff=  4.2482E-06 ( 58, 17)   vdiff=  6.1387E-06 ( 56, 12)
n=  5348   udiff=  4.1761E-06 ( 55, 11)   vdiff=  7.0635E-06 ( 54, 13)
n=  5349   udiff=  3.6508E-06 ( 61, 12)   vdiff=  5.3894E-06 ( 55, 12)
n=  5350   udiff=  3.6733E-06 ( 57, 17)   vdiff=  5.4096E-06 ( 57, 12)
n=  5351   udiff=  4.6266E-06 ( 59, 11)   vdiff=  5.5490E-06 ( 56, 12)
n=  5352   udiff=  3.7645E-06 ( 60, 13)   vdiff=  7.7287E-06 ( 54, 13)
n=  5353   udiff=  3.6588E-06 ( 61, 12)   vdiff=  5.8336E-06 ( 61, 12)
n=  5354   udiff=  2.9908E-06 ( 57, 13)   vdiff=  5.6255E-06 ( 57, 12)
n=  5355   udiff=  3.3857E-06 ( 60, 12)   vdiff=  6.1808E-06 ( 55, 18)
n=  5356   udiff=  4.3302E-06 ( 60, 12)   vdiff=  4.6002E-06 ( 58,  9)
n=  5357   udiff=  3.3955E-06 ( 60, 14)   vdiff=  6.8095E-06 ( 55, 15)
n=  5358   udiff=  3.5790E-06 ( 55, 13)   vdiff=  7.4588E-06 ( 54, 13)
n=  5359   udiff=  3.5266E-06 ( 58, 11)   vdiff=  5.3312E-06 ( 53, 15)
n=  5360   udiff=  3.2787E-06 ( 58, 17)   vdiff=  4.7233E-06 ( 56, 16)
n=  5361   udiff=  3.6898E-06 ( 59, 12)   vdiff=  6.2794E-06 ( 58, 11)
n=  5362   udiff=  4.1785E-06 ( 58, 15)   vdiff=  5.0901E-06 ( 56, 18)
n=  5363   udiff=  3.6952E-06 ( 57, 17)   vdiff=  6.6407E-06 ( 54, 12)
n=  5364   udiff=  3.4070E-06 ( 57, 15)   vdiff=  4.5970E-06 ( 55, 13)
n=  5365   udiff=  4.2197E-06 ( 57, 15)   vdiff=  5.4363E-06 ( 57, 12)
n=  5366   udiff=  3.5227E-06 ( 55, 11)   vdiff=  5.4050E-06 ( 58,  9)
n=  5367   udiff=  3.9524E-06 ( 60, 14)   vdiff=  6.0665E-06 ( 56, 12)
n=  5368   udiff=  3.5638E-06 ( 58, 16)   vdiff=  6.7122E-06 ( 58, 15)
n=  5369   udiff=  4.4644E-06 ( 55, 12)   vdiff=  5.4383E-06 ( 56, 14)
n=  5370   udiff=  3.6122E-06 ( 55, 16)   vdiff=  4.9176E-06 ( 56, 12)
n=  5371   udiff=  3.8499E-06 ( 60, 14)   vdiff=  5.9779E-06 ( 55, 12)
n=  5372   udiff=  3.2978E-06 ( 58, 18)   vdiff=  5.6112E-06 ( 58, 15)
n=  5373   udiff=  3.3996E-06 ( 58, 11)   vdiff=  6.1917E-06 ( 55, 18)
n=  5374   udiff=  4.1313E-06 ( 56, 14)   vdiff=  6.2213E-06 ( 55, 15)
n=  5375   udiff=  4.3292E-06 ( 55, 11)   vdiff=  6.5406E-06 ( 58, 11)
n=  5376   udiff=  3.6623E-06 ( 59, 16)   vdiff=  5.6703E-06 ( 53, 15)
n=  5377   udiff=  3.3293E-06 ( 60, 14)   vdiff=  6.0858E-06 ( 57, 12)
n=  5378   udiff=  4.3212E-06 ( 54, 12)   vdiff=  5.0305E-06 ( 54, 11)
n=  5379   udiff=  2.7163E-06 ( 57, 12)   vdiff=  6.4242E-06 ( 56, 12)
n=  5380   udiff=  3.4837E-06 ( 57, 16)   vdiff=  6.2231E-06 ( 58, 11)
n=  5381   udiff=  3.3443E-06 ( 59, 15)   vdiff=  7.5036E-06 ( 54, 13)
n=  5382   udiff=  3.1579E-06 ( 56, 16)   vdiff=  5.3912E-06 ( 58, 15)
n=  5383   udiff=  3.4066E-06 ( 58, 15)   vdiff=  7.2900E-06 ( 56, 15)
n=  5384   udiff=  3.3601E-06 ( 55, 11)   vdiff=  5.6041E-06 ( 55, 12)
n=  5385   udiff=  3.4522E-06 ( 54, 12)   vdiff=  5.3633E-06 ( 54, 13)
n=  5386   udiff=  3.8348E-06 ( 55, 16)   vdiff=  5.7738E-06 ( 57, 12)
n=  5387   udiff=  2.7513E-06 ( 58, 14)   vdiff=  4.1925E-06 ( 60, 13)
n=  5388   udiff=  3.6322E-06 ( 60, 10)   vdiff=  5.3428E-06 ( 56, 18)
n=  5389   udiff=  3.5474E-06 ( 57, 15)   vdiff=  6.3002E-06 ( 54, 13)
n=  5390   udiff=  4.9445E-06 ( 59, 15)   vdiff=  6.1785E-06 ( 58, 11)
n=  5391   udiff=  3.8691E-06 ( 58, 17)   vdiff=  4.6698E-06 ( 57, 15)
n=  5392   udiff=  3.7468E-06 ( 57, 15)   vdiff=  5.6678E-06 ( 54, 12)
n=  5393   udiff=  2.8041E-06 ( 60, 11)   vdiff=  4.5487E-06 ( 60, 13)
n=  5394   udiff=  2.9168E-06 ( 61, 11)   vdiff=  5.8632E-06 ( 58, 15)
n=  5395   udiff=  4.9834E-06 ( 56, 15)   vdiff=  6.6454E-06 ( 55, 15)
n=  5396   udiff=  4.1679E-06 ( 55, 11)   vdiff=  5.6717E-06 ( 57, 12)
n=  5397   udiff=  3.8637E-06 ( 56, 13)   vdiff=  5.9347E-06 ( 55, 12)
n=  5398   udiff=  3.0801E-06 ( 55, 16)   vdiff=  5.1250E-06 ( 56, 12)
n=  5399   udiff=  3.6026E-06 ( 59, 16)   vdiff=  6.8770E-06 ( 54, 13)
n=  5400   udiff=  3.6582E-06 ( 60, 12)   vdiff=  6.3296E-06 ( 58, 11)
n=  5401   udiff=  4.2053E-06 ( 57, 15)   vdiff=  5.7154E-06 ( 59, 14)
n=  5402   udiff=  3.2879E-06 ( 57, 15)   vdiff=  4.7877E-06 ( 58,  9)
n=  5403   udiff=  3.9087E-06 ( 61, 12)   vdiff=  5.8742E-06 ( 57, 18)
n=  5404   udiff=  4.5811E-06 ( 59, 15)   vdiff=  6.0386E-06 ( 53, 15)
n=  5405   udiff=  3.6262E-06 ( 54, 12)   vdiff=  6.1554E-06 ( 55, 18)
n=  5406   udiff=  3.4297E-06 ( 55, 11)   vdiff=  5.6129E-06 ( 60, 12)
n=  5407   udiff=  3.8895E-06 ( 57, 15)   vdiff=  5.5164E-06 ( 57, 17)
n=  5408   udiff=  3.5515E-06 ( 58, 11)   vdiff=  6.0859E-06 ( 58, 15)
n=  5409   udiff=  3.7437E-06 ( 55, 12)   vdiff=  6.4404E-06 ( 56, 15)
n=  5410   udiff=  3.2990E-06 ( 61, 11)   vdiff=  6.2552E-06 ( 58, 11)
n=  5411   udiff=  3.7961E-06 ( 58, 15)   vdiff=  5.2984E-06 ( 59, 14)
n=  5412   udiff=  3.8016E-06 ( 55, 11)   vdiff=  5.9027E-06 ( 58, 15)
n=  5413   udiff=  4.0133E-06 ( 59, 16)   vdiff=  5.5262E-06 ( 57, 17)
n=  5414   udiff=  3.4082E-06 ( 60, 12)   vdiff=  5.4065E-06 ( 57, 12)
n=  5415   udiff=  4.4885E-06 ( 59, 11)   vdiff=  7.4395E-06 ( 54, 13)
n=  5416   udiff=  4.0725E-06 ( 60, 12)   vdiff=  5.9821E-06 ( 55, 18)
n=  5417   udiff=  4.1555E-06 ( 60, 12)   vdiff=  5.2102E-06 ( 59, 14)
n=  5418   udiff=  4.6431E-06 ( 59, 15)   vdiff=  5.2593E-06 ( 55, 12)
n=  5419   udiff=  4.1095E-06 ( 61, 12)   vdiff=  5.7888E-06 ( 57, 17)
n=  5420   udiff=  4.5425E-06 ( 59, 10)   vdiff=  5.9318E-06 ( 58, 11)
n=  5421   udiff=  4.4657E-06 ( 56, 15)   vdiff=  6.4463E-06 ( 55, 15)
n=  5422   udiff=  3.5205E-06 ( 58, 12)   vdiff=  5.4619E-06 ( 54, 13)
n=  5423   udiff=  3.3418E-06 ( 57, 17)   vdiff=  4.7432E-06 ( 56, 18)
n=  5424   udiff=  3.3810E-06 ( 54, 12)   vdiff=  5.6245E-06 ( 54, 12)
n=  5425   udiff=  3.7402E-06 ( 56, 13)   vdiff=  6.5023E-06 ( 58, 11)
n=  5426   udiff=  2.9024E-06 ( 60, 13)   vdiff=  4.9614E-06 ( 58,  9)
n=  5427   udiff=  3.6596E-06 ( 57, 15)   vdiff=  5.6162E-06 ( 58, 16)
n=  5428   udiff=  2.7204E-06 ( 61, 11)   vdiff=  6.6953E-06 ( 55, 18)
n=  5429   udiff=  3.5759E-06 ( 60, 13)   vdiff=  5.7088E-06 ( 57, 18)
n=  5430   udiff=  4.6205E-06 ( 59, 11)   vdiff=  5.6153E-06 ( 58, 16)
n=  5431   udiff=  3.0713E-06 ( 60, 13)   vdiff=  4.4449E-06 ( 55, 13)
n=  5432   udiff=  3.9948E-06 ( 55, 13)   vdiff=  7.1064E-06 ( 54, 12)
n=  5433   udiff=  3.5645E-06 ( 60, 11)   vdiff=  5.7012E-06 ( 59, 14)
n=  5434   udiff=  3.3252E-06 ( 56, 12)   vdiff=  5.4039E-06 ( 56, 14)
n=  5435   udiff=  3.5882E-06 ( 59, 16)   vdiff=  6.3765E-06 ( 58, 11)
n=  5436   udiff=  3.3336E-06 ( 60, 12)   vdiff=  5.9358E-06 ( 58, 15)
n=  5437   udiff=  3.7859E-06 ( 61, 12)   vdiff=  7.7286E-06 ( 54, 13)
n=  5438   udiff=  3.9173E-06 ( 56, 12)   vdiff=  5.3166E-06 ( 56, 12)
n=  5439   udiff=  2.9771E-06 ( 60, 15)   vdiff=  5.8598E-06 ( 56, 15)
n=  5440   udiff=  4.2280E-06 ( 58, 17)   vdiff=  5.6855E-06 ( 60, 12)
n=  5441   udiff=  4.0072E-06 ( 56, 14)   vdiff=  7.1053E-06 ( 55, 15)
n=  5442   udiff=  2.9018E-06 ( 59, 10)   vdiff=  6.4735E-06 ( 56, 12)
n=  5443   udiff=  3.2740E-06 ( 58, 11)   vdiff=  7.2994E-06 ( 54, 13)
n=  5444   udiff=  2.8940E-06 ( 59, 15)   vdiff=  5.4148E-06 ( 60, 12)
n=  5445   udiff=  4.3831E-06 ( 59, 10)   vdiff=  6.0400E-06 ( 58, 11)
n=  5446   udiff=  3.1557E-06 ( 55, 16)   vdiff=  5.2116E-06 ( 58, 18)
n=  5447   udiff=  2.8649E-06 ( 59, 11)   vdiff=  6.3831E-06 ( 55, 18)
n=  5448   udiff=  4.6215E-06 ( 59, 15)   vdiff=  6.3146E-06 ( 55, 15)
n=  5449   udiff=  4.8452E-06 ( 55, 13)   vdiff=  6.8780E-06 ( 54, 12)
n=  5450   udiff=  3.6641E-06 ( 57, 17)   vdiff=  5.8018E-06 ( 58, 11)
n=  5451   udiff=  2.9411E-06 ( 57, 17)   vdiff=  5.3750E-06 ( 56, 12)
n=  5452   udiff=  2.8438E-06 ( 58, 12)   vdiff=  5.8931E-06 ( 57, 12)
n=  5453   udiff=  3.5202E-06 ( 55, 16)   vdiff=  5.1848E-06 ( 59, 14)
n=  5454   udiff=  3.0178E-06 ( 54, 13)   vdiff=  7.2756E-06 ( 54, 13)
n=  5455   udiff=  3.7457E-06 ( 57, 18)   vdiff=  5.7211E-06 ( 57, 18)
n=  5456   udiff=  4.4732E-06 ( 60, 12)   vdiff=  5.4765E-06 ( 57, 12)
n=  5457   udiff=  4.0975E-06 ( 60, 12)   vdiff=  5.5355E-06 ( 54, 12)
n=  5458   udiff=  3.6756E-06 ( 59, 13)   vdiff=  6.1344E-06 ( 56, 14)
n=  5459   udiff=  4.0326E-06 ( 61, 12)   vdiff=  6.2982E-06 ( 55, 18)
n=  5460   udiff=  3.1275E-06 ( 54, 13)   vdiff=  6.9908E-06 ( 54, 12)
n=  5461   udiff=  3.3037E-06 ( 56, 17)   vdiff=  5.7577E-06 ( 55, 12)
n=  5462   udiff=  3.2204E-06 ( 59, 16)   vdiff=  6.3710E-06 ( 58, 11)
n=  5463   udiff=  2.9438E-06 ( 61, 11)   vdiff=  5.3951E-06 ( 58, 15)
n=  5464   udiff=  2.8504E-06 ( 57, 16)   vdiff=  5.1285E-06 ( 55, 12)
n=  5465   udiff=  3.9802E-06 ( 55, 13)   vdiff=  5.8324E-06 ( 54, 12)
n=  5466   udiff=  3.2108E-06 ( 60, 13)   vdiff=  5.6901E-06 ( 57, 17)
n=  5467   udiff=  3.3749E-06 ( 59, 16)   vdiff=  5.4809E-06 ( 58, 16)
n=  5468   udiff=  4.0085E-06 ( 61, 12)   vdiff=  5.1714E-06 ( 56, 18)
n=  5469   udiff=  3.5375E-06 ( 54, 12)   vdiff=  5.1686E-06 ( 55, 12)
n=  5470   udiff=  3.4811E-06 ( 55, 15)   vdiff=  6.6811E-06 ( 55, 15)
n=  5471   udiff=  3.3460E-06 ( 55, 13)   vdiff=  5.5764E-06 ( 56, 12)
n=  5472   udiff=  4.8031E-06 ( 55, 12)   vdiff=  5.8821E-06 ( 54, 12)
n=  5473   udiff=  3.1409E-06 ( 55, 12)   vdiff=  6.0320E-06 ( 55, 18)
n=  5474   udiff=  3.1345E-06 ( 57, 17)   vdiff=  6.1726E-06 ( 57, 12)
n=  5475   udiff=  2.9881E-06 ( 59, 10)   vdiff=  4.6279E-06 ( 58,  9)
n=  5476   udiff=  3.8896E-06 ( 60, 14)   vdiff=  5.9703E-06 ( 54, 13)
n=  5477   udiff=  4.8608E-06 ( 58, 17)   vdiff=  7.0632E-06 ( 56, 15)
n=  5478   udiff=  4.1470E-06 ( 58, 11)   vdiff=  6.3644E-06 ( 56, 14)
n=  5479   udiff=  4.6114E-06 ( 61, 12)   vdiff=  5.1200E-06 ( 61, 12)
n=  5480   udiff=  3.4892E-06 ( 57, 17)   vdiff=  6.3168E-06 ( 58, 11)
n=  5481   udiff=  3.8623E-06 ( 61, 12)   vdiff=  4.8417E-06 ( 61, 12)
n=  5482   udiff=  4.8127E-06 ( 56, 12)   vdiff=  6.7064E-06 ( 58, 15)
n=  5483   udiff=  3.3699E-06 ( 56, 12)   vdiff=  5.2643E-06 ( 58, 16)
n=  5484   udiff=  3.1529E-06 ( 60, 13)   vdiff=  4.9354E-06 ( 56, 18)
n=  5485   udiff=  4.1640E-06 ( 57, 15)   vdiff=  6.0805E-06 ( 58, 11)
n=  5486   udiff=  3.5359E-06 ( 56, 13)   vdiff=  6.9916E-06 ( 54, 12)
n=  5487   udiff=  3.3043E-06 ( 57, 15)   vdiff=  5.0514E-06 ( 57, 12)
n=  5488   udiff=  3.9812E-06 ( 56, 12)   vdiff=  5.4151E-06 ( 56, 12)
n=  5489   udiff=  3.1893E-06 ( 57, 16)   vdiff=  6.5919E-06 ( 55, 18)
n=  5490   udiff=  3.7098E-06 ( 56, 14)   vdiff=  6.4633E-06 ( 55, 15)
n=  5491   udiff=  3.9599E-06 ( 55, 13)   vdiff=  7.2558E-06 ( 54, 12)
n=  5492   udiff=  3.1586E-06 ( 60, 13)   vdiff=  5.3412E-06 ( 55, 12)
n=  5493   udiff=  3.0950E-06 ( 60, 10)   vdiff=  5.7004E-06 ( 57, 12)
n=  5494   udiff=  3.4643E-06 ( 60, 14)   vdiff=  5.3744E-06 ( 59, 14)
n=  5495   udiff=  3.5761E-06 ( 55, 16)   vdiff=  5.3148E-06 ( 56, 10)
n=  5496   udiff=  3.3786E-06 ( 60, 13)   vdiff=  7.4931E-06 ( 54, 13)
n=  5497   udiff=  3.5141E-06 ( 60, 12)   vdiff=  4.8670E-06 ( 55, 12)
n=  5498   udiff=  3.4940E-06 ( 60, 12)   vdiff=  6.1713E-06 ( 56, 12)
n=  5499   udiff=  3.4709E-06 ( 55, 11)   vdiff=  7.0617E-06 ( 56, 15)
n=  5500   udiff=  3.8020E-06 ( 54, 11)   vdiff=  7.2072E-06 ( 54, 13)
n=  5501   udiff=  3.1393E-06 ( 58, 11)   vdiff=  5.3948E-06 ( 56, 15)
n=  5502   udiff=  2.7756E-06 ( 57, 14)   vdiff=  5.8242E-06 ( 56, 12)
n=  5503   udiff=  2.8904E-06 ( 59,  9)   vdiff=  4.8227E-06 ( 56, 18)
n=  5504   udiff=  3.9176E-06 ( 55, 12)   vdiff=  5.4658E-06 ( 60, 12)
n=  5505   udiff=  4.3854E-06 ( 59, 16)   vdiff=  6.2489E-06 ( 58, 11)
n=  5506   udiff=  3.5828E-06 ( 56, 13)   vdiff=  5.9046E-06 ( 56, 14)
n=  5507   udiff=  3.2045E-06 ( 60, 15)   vdiff=  5.5378E-06 ( 56, 15)
n=  5508   udiff=  4.2982E-06 ( 55, 12)   vdiff=  5.5987E-06 ( 54, 12)
n=  5509   udiff=  4.3553E-06 ( 61, 12)   vdiff=  5.3347E-06 ( 57, 12)
n=  5510   udiff=  3.9463E-06 ( 59, 11)   vdiff=  6.1848E-06 ( 58, 15)
n=  5511   udiff=  3.7341E-06 ( 54, 12)   vdiff=  5.4615E-06 ( 56, 15)
n=  5512   udiff=  5.0401E-06 ( 54, 12)   vdiff=  5.8558E-06 ( 54, 13)
n=  5513   udiff=  3.6505E-06 ( 61, 12)   vdiff=  5.3030E-06 ( 59, 14)
n=  5514   udiff=  3.0259E-06 ( 57, 13)   vdiff=  5.1788E-06 ( 58, 16)
n=  5515   udiff=  3.0063E-06 ( 59, 12)   vdiff=  6.0061E-06 ( 58, 11)
n=  5516   udiff=  4.2131E-06 ( 58, 16)   vdiff=  7.4659E-06 ( 54, 13)
n=  5517   udiff=  3.8126E-06 ( 58, 11)   vdiff=  5.5867E-06 ( 57, 12)
n=  5518   udiff=  4.2990E-06 ( 61, 12)   vdiff=  4.6584E-06 ( 61, 12)
n=  5519   udiff=  3.7011E-06 ( 61, 12)   vdiff=  5.4100E-06 ( 59, 14)
n=  5520   udiff=  4.0768E-06 ( 59, 11)   vdiff=  6.1160E-06 ( 58, 15)
n=  5521   udiff=  3.2437E-06 ( 57, 17)   vdiff=  5.6843E-06 ( 58, 16)
n=  5522   udiff=  4.0661E-06 ( 61, 12)   vdiff=  5.7456E-06 ( 54, 13)
n=  5523   udiff=  3.9416E-06 ( 57, 15)   vdiff=  5.0737E-06 ( 55, 12)
n=  5524   udiff=  2.8896E-06 ( 55, 11)   vdiff=  5.2765E-06 ( 58, 15)
n=  5525   udiff=  3.6316E-06 ( 55, 16)   vdiff=  5.8777E-06 ( 59, 14)
n=  5526   udiff=  3.5573E-06 ( 59, 16)   vdiff=  5.4713E-06 ( 57, 18)
n=  5527   udiff=  3.7076E-06 ( 55, 12)   vdiff=  5.6895E-06 ( 54, 12)
n=  5528   udiff=  3.3936E-06 ( 54, 12)   vdiff=  5.8210E-06 ( 54, 13)
n=  5529   udiff=  2.9139E-06 ( 56,  9)   vdiff=  5.7308E-06 ( 55, 12)
n=  5530   udiff=  4.1348E-06 ( 59, 15)   vdiff=  6.2371E-06 ( 55, 18)
n=  5531   udiff=  4.0185E-06 ( 58, 11)   vdiff=  5.6929E-06 ( 59, 14)
n=  5532   udiff=  3.4750E-06 ( 57, 16)   vdiff=  5.8313E-06 ( 57, 18)
n=  5533   udiff=  3.5848E-06 ( 60, 13)   vdiff=  6.5695E-06 ( 58, 15)
n=  5534   udiff=  3.4103E-06 ( 60, 12)   vdiff=  6.6485E-06 ( 54, 12)
n=  5535   udiff=  3.4469E-06 ( 60, 12)   vdiff=  6.2843E-06 ( 58, 11)
n=  5536   udiff=  4.1697E-06 ( 56, 15)   vdiff=  6.3781E-06 ( 55, 15)
n=  5537   udiff=  3.6725E-06 ( 61, 12)   vdiff=  6.2578E-06 ( 57, 12)
n=  5538   udiff=  4.1184E-06 ( 55, 12)   vdiff=  5.3313E-06 ( 57, 18)
n=  5539   udiff=  5.1425E-06 ( 55, 12)   vdiff=  6.3175E-06 ( 54, 12)
n=  5540   udiff=  3.7045E-06 ( 59, 16)   vdiff=  4.6240E-06 ( 59, 16)
n=  5541   udiff=  3.3474E-06 ( 59, 16)   vdiff=  5.4021E-06 ( 58, 15)
n=  5542   udiff=  3.2500E-06 ( 54, 13)   vdiff=  7.2011E-06 ( 54, 13)
n=  5543   udiff=  3.0504E-06 ( 59, 11)   vdiff=  5.2766E-06 ( 60, 13)
n=  5544   udiff=  2.8746E-06 ( 57, 18)   vdiff=  6.0701E-06 ( 56, 12)
n=  5545   udiff=  2.8955E-06 ( 56, 16)   vdiff=  5.3908E-06 ( 56, 14)
n=  5546   udiff=  4.6064E-06 ( 61, 12)   vdiff=  6.6259E-06 ( 55, 18)
n=  5547   udiff=  3.3641E-06 ( 54, 12)   vdiff=  4.5090E-06 ( 58,  9)
n=  5548   udiff=  3.9401E-06 ( 58, 15)   vdiff=  5.0617E-06 ( 56, 10)
n=  5549   udiff=  4.1634E-06 ( 57, 17)   vdiff=  5.2919E-06 ( 56, 15)
n=  5550   udiff=  4.1931E-06 ( 61, 12)   vdiff=  5.5759E-06 ( 59, 14)
n=  5551   udiff=  3.4637E-06 ( 54, 12)   vdiff=  5.5841E-06 ( 55, 12)
n=  5552   udiff=  3.7134E-06 ( 59, 16)   vdiff=  5.9387E-06 ( 55, 12)
n=  5553   udiff=  3.5160E-06 ( 54, 11)   vdiff=  5.6092E-06 ( 60, 12)
n=  5554   udiff=  4.5014E-06 ( 57, 16)   vdiff=  7.0969E-06 ( 54, 13)
n=  5555   udiff=  3.3259E-06 ( 57, 15)   vdiff=  5.1247E-06 ( 60, 13)
n=  5556   udiff=  4.0874E-06 ( 57, 15)   vdiff=  6.4807E-06 ( 58, 11)
n=  5557   udiff=  4.6832E-06 ( 59, 15)   vdiff=  5.0851E-06 ( 60, 13)
n=  5558   udiff=  3.5149E-06 ( 58, 11)   vdiff=  5.6886E-06 ( 57, 12)
n=  5559   udiff=  3.4452E-06 ( 55, 11)   vdiff=  5.2409E-06 ( 60, 12)
n=  5560   udiff=  5.4913E-06 ( 56, 14)   vdiff=  6.6312E-06 ( 56, 12)
n=  5561   udiff=  2.7514E-06 ( 59, 14)   vdiff=  6.6362E-06 ( 55, 18)
n=  5562   udiff=  3.9602E-06 ( 55, 11)   vdiff=  5.4605E-06 ( 57, 12)
n=  5563   udiff=  3.5808E-06 ( 55, 11)   vdiff=  4.9444E-06 ( 57, 18)
n=  5564   udiff=  3.8313E-06 ( 54, 12)   vdiff=  5.0647E-06 ( 56, 10)
n=  5565   udiff=  3.6088E-06 ( 54, 11)   vdiff=  6.4831E-06 ( 58, 11)
n=  5566   udiff=  3.4817E-06 ( 59, 16)   vdiff=  5.5301E-06 ( 56, 18)
n=  5567   udiff=  4.0336E-06 ( 55, 12)   vdiff=  5.7443E-06 ( 54, 12)
n=  5568   udiff=  3.0882E-06 ( 56, 12)   vdiff=  5.3433E-06 ( 56, 15)
n=  5569   udiff=  3.7508E-06 ( 56, 12)   vdiff=  6.4307E-06 ( 56, 12)
n=  5570   udiff=  3.0654E-06 ( 61, 12)   vdiff=  5.9144E-06 ( 54, 13)
n=  5571   udiff=  4.5828E-06 ( 61, 12)   vdiff=  6.8537E-06 ( 55, 15)
n=  5572   udiff=  3.4868E-06 ( 60, 12)   vdiff=  4.3149E-06 ( 59, 13)
n=  5573   udiff=  4.1619E-06 ( 60, 12)   vdiff=  5.0387E-06 ( 56, 18)
n=  5574   udiff=  3.7846E-06 ( 60, 12)   vdiff=  6.0847E-06 ( 55, 18)
n=  5575   udiff=  3.9881E-06 ( 60, 12)   vdiff=  5.4017E-06 ( 54, 13)
n=  5576   udiff=  4.1101E-06 ( 55, 11)   vdiff=  6.3357E-06 ( 58, 15)
n=  5577   udiff=  3.7594E-06 ( 58, 11)   vdiff=  4.8500E-06 ( 61, 12)
n=  5578   udiff=  3.5702E-06 ( 56, 14)   vdiff=  5.5350E-06 ( 56, 14)
n=  5579   udiff=  3.7211E-06 ( 55, 12)   vdiff=  5.8997E-06 ( 53, 15)
n=  5580   udiff=  4.7222E-06 ( 58, 15)   vdiff=  5.1582E-06 ( 57, 17)
n=  5581   udiff=  4.2666E-06 ( 56, 12)   vdiff=  6.2439E-06 ( 56, 12)
n=  5582   udiff=  3.6478E-06 ( 58, 12)   vdiff=  7.5915E-06 ( 54, 13)
n=  5583   udiff=  3.6858E-06 ( 55, 18)   vdiff=  5.6612E-06 ( 55, 18)
n=  5584   udiff=  3.4749E-06 ( 59, 16)   vdiff=  5.6071E-06 ( 56, 12)
n=  5585   udiff=  3.9445E-06 ( 58, 17)   vdiff=  4.8623E-06 ( 58, 15)
n=  5586   udiff=  3.2256E-06 ( 54, 12)   vdiff=  5.5946E-06 ( 57, 12)
n=  5587   udiff=  3.3867E-06 ( 55, 11)   vdiff=  4.8657E-06 ( 55, 12)
n=  5588   udiff=  4.2660E-06 ( 59, 10)   vdiff=  6.2693E-06 ( 58, 11)
n=  5589   udiff=  3.5917E-06 ( 59, 15)   vdiff=  5.4023E-06 ( 59, 14)
n=  5590   udiff=  3.7078E-06 ( 58, 16)   vdiff=  6.0008E-06 ( 54, 13)
n=  5591   udiff=  4.5043E-06 ( 59, 10)   vdiff=  5.8638E-06 ( 58, 11)
n=  5592   udiff=  3.6134E-06 ( 60, 12)   vdiff=  5.1225E-06 ( 56, 14)
n=  5593   udiff=  3.7501E-06 ( 55, 16)   vdiff=  5.6523E-06 ( 54, 12)
n=  5594   udiff=  4.8960E-06 ( 55, 12)   vdiff=  5.5110E-06 ( 58, 15)
n=  5595   udiff=  3.7703E-06 ( 56, 12)   vdiff=  6.3346E-06 ( 59, 14)
n=  5596   udiff=  3.5494E-06 ( 59,  9)   vdiff=  5.8411E-06 ( 59, 11)
n=  5597   udiff=  3.5798E-06 ( 60, 12)   vdiff=  5.3990E-06 ( 55, 12)
n=  5598   udiff=  3.4514E-06 ( 60, 12)   vdiff=  7.4198E-06 ( 54, 13)
n=  5599   udiff=  3.6997E-06 ( 60, 12)   vdiff=  5.9848E-06 ( 56, 15)
n=  5600   udiff=  3.7185E-06 ( 60, 12)   vdiff=  5.6053E-06 ( 56, 14)
n=  5601   udiff=  3.8042E-06 ( 54, 12)   vdiff=  5.2913E-06 ( 57, 17)
n=  5602   udiff=  3.4663E-06 ( 56, 16)   vdiff=  5.8674E-06 ( 55, 12)
n=  5603   udiff=  3.9801E-06 ( 59, 11)   vdiff=  5.6707E-06 ( 59, 11)
n=  5604   udiff=  3.3881E-06 ( 58, 14)   vdiff=  6.8281E-06 ( 54, 12)
n=  5605   udiff=  2.9634E-06 ( 55, 12)   vdiff=  5.5494E-06 ( 56, 14)
n=  5606   udiff=  4.1263E-06 ( 57, 17)   vdiff=  5.0282E-06 ( 58,  9)
n=  5607   udiff=  3.7859E-06 ( 61, 12)   vdiff=  5.8237E-06 ( 58, 16)
n=  5608   udiff=  3.3754E-06 ( 60, 12)   vdiff=  6.1267E-06 ( 58, 11)
n=  5609   udiff=  3.7574E-06 ( 55, 16)   vdiff=  5.8774E-06 ( 53, 15)
n=  5610   udiff=  3.2768E-06 ( 54, 12)   vdiff=  5.6267E-06 ( 54, 13)
n=  5611   udiff=  3.3313E-06 ( 61, 11)   vdiff=  5.7962E-06 ( 57, 18)
n=  5612   udiff=  3.2799E-06 ( 59, 11)   vdiff=  5.8114E-06 ( 54, 12)
n=  5613   udiff=  3.6150E-06 ( 60, 14)   vdiff=  7.0225E-06 ( 56, 15)
n=  5614   udiff=  3.5558E-06 ( 54, 12)   vdiff=  5.8672E-06 ( 54, 13)
n=  5615   udiff=  3.5344E-06 ( 55, 11)   vdiff=  5.2892E-06 ( 55, 12)
n=  5616   udiff=  3.9911E-06 ( 61, 12)   vdiff=  5.0803E-06 ( 59, 16)
n=  5617   udiff=  3.5891E-06 ( 57, 17)   vdiff=  4.4854E-06 ( 57, 17)
n=  5618   udiff=  3.1899E-06 ( 57, 17)   vdiff=  6.1399E-06 ( 58, 11)
n=  5619   udiff=  3.8208E-06 ( 57, 15)   vdiff=  5.2984E-06 ( 58, 16)
n=  5620   udiff=  3.7933E-06 ( 56, 12)   vdiff=  5.4108E-06 ( 56, 14)
n=  5621   udiff=  3.8665E-06 ( 60, 14)   vdiff=  5.1236E-06 ( 59, 14)
n=  5622   udiff=  5.2263E-06 ( 58, 15)   vdiff=  5.3234E-06 ( 55, 18)
n=  5623   udiff=  4.7010E-06 ( 59, 10)   vdiff=  4.6834E-06 ( 58, 11)
n=  5624   udiff=  3.2440E-06 ( 58, 11)   vdiff=  5.2935E-06 ( 58, 16)
n=  5625   udiff=  3.7764E-06 ( 55, 11)   vdiff=  5.7859E-06 ( 58, 15)
n=  5626   udiff=  4.1151E-06 ( 55, 11)   vdiff=  6.1943E-06 ( 55, 18)
n=  5627   udiff=  4.1420E-06 ( 57, 15)   vdiff=  5.7765E-06 ( 56, 12)
n=  5628   udiff=  4.7117E-06 ( 59, 10)   vdiff=  6.1187E-06 ( 58, 11)
n=  5629   udiff=  3.8304E-06 ( 61, 12)   vdiff=  5.7791E-06 ( 58, 15)
n=  5630   udiff=  4.1488E-06 ( 55, 11)   vdiff=  6.9860E-06 ( 54, 13)
n=  5631   udiff=  3.9012E-06 ( 60, 12)   vdiff=  4.8069E-06 ( 56, 18)
n=  5632   udiff=  4.0406E-06 ( 60, 12)   vdiff=  4.4199E-06 ( 55, 17)
n=  5633   udiff=  4.1687E-06 ( 57, 16)   vdiff=  5.5861E-06 ( 55, 12)
n=  5634   udiff=  3.5948E-06 ( 58, 12)   vdiff=  7.2469E-06 ( 54, 13)
n=  5635   udiff=  3.5169E-06 ( 56, 13)   vdiff=  5.3213E-06 ( 56, 14)
n=  5636   udiff=  2.6138E-06 ( 60, 13)   vdiff=  5.0543E-06 ( 56, 15)
n=  5637   udiff=  3.6612E-06 ( 57, 17)   vdiff=  4.9133E-06 ( 56, 18)
n=  5638   udiff=  3.5051E-06 ( 57, 17)   vdiff=  6.0884E-06 ( 58, 11)
n=  5639   udiff=  3.8914E-06 ( 58, 14)   vdiff=  5.8066E-06 ( 58, 15)
n=  5640   udiff=  4.2344E-06 ( 55, 11)   vdiff=  6.1991E-06 ( 55, 12)
n=  5641   udiff=  3.5159E-06 ( 60, 11)   vdiff=  4.9248E-06 ( 60, 13)
n=  5642   udiff=  3.4468E-06 ( 60, 12)   vdiff=  5.9227E-06 ( 57, 12)
n=  5643   udiff=  4.6659E-06 ( 59, 11)   vdiff=  6.7723E-06 ( 54, 12)
n=  5644   udiff=  3.7029E-06 ( 60, 12)   vdiff=  4.4347E-06 ( 55, 13)
n=  5645   udiff=  3.9545E-06 ( 61, 12)   vdiff=  5.1553E-06 ( 61, 12)
n=  5646   udiff=  3.6202E-06 ( 60, 13)   vdiff=  5.4375E-06 ( 58, 15)
n=  5647   udiff=  3.8015E-06 ( 54, 11)   vdiff=  6.8229E-06 ( 54, 13)
n=  5648   udiff=  3.3644E-06 ( 59,  9)   vdiff=  5.7811E-06 ( 58, 11)
n=  5649   udiff=  3.7101E-06 ( 57, 18)   vdiff=  5.6876E-06 ( 56, 18)
n=  5650   udiff=  2.9939E-06 ( 61, 11)   vdiff=  5.1870E-06 ( 56, 14)
n=  5651   udiff=  3.1911E-06 ( 59, 16)   vdiff=  5.8129E-06 ( 58, 16)
n=  5652   udiff=  3.1777E-06 ( 58, 18)   vdiff=  6.7203E-06 ( 58, 15)
n=  5653   udiff=  3.9704E-06 ( 59, 10)   vdiff=  5.8145E-06 ( 54, 13)
n=  5654   udiff=  3.1302E-06 ( 57, 15)   vdiff=  5.1843E-06 ( 61, 12)
n=  5655   udiff=  3.6427E-06 ( 56, 15)   vdiff=  6.6346E-06 ( 55, 15)
n=  5656   udiff=  3.6375E-06 ( 60, 10)   vdiff=  5.8001E-06 ( 55, 18)
n=  5657   udiff=  4.4108E-06 ( 56, 13)   vdiff=  6.0150E-06 ( 54, 11)
n=  5658   udiff=  5.0146E-06 ( 59, 10)   vdiff=  5.9179E-06 ( 58, 11)
n=  5659   udiff=  3.6321E-06 ( 61, 12)   vdiff=  5.1052E-06 ( 55, 12)
n=  5660   udiff=  3.3636E-06 ( 54, 12)   vdiff=  5.9086E-06 ( 53, 15)
n=  5661   udiff=  3.4468E-06 ( 57, 15)   vdiff=  5.6660E-06 ( 57, 18)
n=  5662   udiff=  3.1652E-06 ( 59, 11)   vdiff=  4.8447E-06 ( 55, 17)
n=  5663   udiff=  5.1877E-06 ( 59, 11)   vdiff=  7.2919E-06 ( 54, 13)
n=  5664   udiff=  3.3016E-06 ( 59, 11)   vdiff=  4.1856E-06 ( 58,  9)
n=  5665   udiff=  3.5753E-06 ( 59, 14)   vdiff=  5.8524E-06 ( 59, 14)
n=  5666   udiff=  3.5991E-06 ( 59, 14)   vdiff=  5.8684E-06 ( 58, 15)
n=  5667   udiff=  3.0645E-06 ( 57, 16)   vdiff=  5.0137E-06 ( 56, 15)
n=  5668   udiff=  4.2791E-06 ( 61, 12)   vdiff=  6.8229E-06 ( 54, 12)
n=  5669   udiff=  2.3962E-06 ( 61, 11)   vdiff=  5.8215E-06 ( 55, 12)
n=  5670   udiff=  3.7333E-06 ( 58, 16)   vdiff=  5.6180E-06 ( 57, 17)
n=  5671   udiff=  3.5639E-06 ( 55, 11)   vdiff=  5.5766E-06 ( 59, 14)
n=  5672   udiff=  3.5683E-06 ( 55, 11)   vdiff=  5.0768E-06 ( 61, 12)
n=  5673   udiff=  4.0422E-06 ( 59, 11)   vdiff=  5.8370E-06 ( 56, 14)
n=  5674   udiff=  3.4585E-06 ( 55, 11)   vdiff=  6.5214E-06 ( 56, 15)
n=  5675   udiff=  3.2591E-06 ( 56, 16)   vdiff=  6.8622E-06 ( 54, 13)
n=  5676   udiff=  3.6062E-06 ( 55, 18)   vdiff=  6.1386E-06 ( 55, 18)
n=  5677   udiff=  4.2868E-06 ( 59, 16)   vdiff=  5.4753E-06 ( 58, 16)
n=  5678   udiff=  4.6271E-06 ( 59, 10)   vdiff=  5.8102E-06 ( 57, 12)
n=  5679   udiff=  4.5180E-06 ( 55, 12)   vdiff=  5.4668E-06 ( 54, 12)
n=  5680   udiff=  3.8158E-06 ( 55, 12)   vdiff=  5.4462E-06 ( 56, 15)
n=  5681   udiff=  4.1492E-06 ( 54, 12)   vdiff=  5.4809E-06 ( 56, 14)
n=  5682   udiff=  3.6690E-06 ( 59, 16)   vdiff=  5.5176E-06 ( 57, 18)
n=  5683   udiff=  3.9092E-06 ( 58, 11)   vdiff=  5.7811E-06 ( 58, 15)
n=  5684   udiff=  3.1230E-06 ( 55, 11)   vdiff=  5.1436E-06 ( 56, 12)
n=  5685   udiff=  3.5877E-06 ( 57, 17)   vdiff=  7.0453E-06 ( 55, 15)
n=  5686   udiff=  3.4669E-06 ( 61, 11)   vdiff=  4.9668E-06 ( 61, 12)
n=  5687   udiff=  3.3254E-06 ( 60, 13)   vdiff=  6.0073E-06 ( 58, 15)
n=  5688   udiff=  4.3150E-06 ( 56, 13)   vdiff=  5.8395E-06 ( 55, 12)
n=  5689   udiff=  3.5409E-06 ( 56, 11)   vdiff=  5.3458E-06 ( 57, 17)
n=  5690   udiff=  3.6693E-06 ( 54, 15)   vdiff=  5.5322E-06 ( 53, 15)
n=  5691   udiff=  3.5365E-06 ( 54, 13)   vdiff=  7.4417E-06 ( 54, 13)
n=  5692   udiff=  2.9573E-06 ( 59,  9)   vdiff=  5.4705E-06 ( 55, 12)
n=  5693   udiff=  4.1292E-06 ( 59, 11)   vdiff=  6.0957E-06 ( 58, 15)
n=  5694   udiff=  3.5060E-06 ( 60, 12)   vdiff=  6.6047E-06 ( 56, 15)
n=  5695   udiff=  4.1556E-06 ( 55, 11)   vdiff=  7.0003E-06 ( 54, 13)
n=  5696   udiff=  3.7346E-06 ( 59, 16)   vdiff=  5.1524E-06 ( 57, 12)
n=  5697   udiff=  4.4691E-06 ( 55, 11)   vdiff=  5.7914E-06 ( 58, 15)
n=  5698   udiff=  3.6186E-06 ( 59,  9)   vdiff=  5.9828E-06 ( 59, 11)
n=  5699   udiff=  3.5592E-06 ( 57, 16)   vdiff=  7.1235E-06 ( 54, 12)
n=  5700   udiff=  3.2879E-06 ( 58, 12)   vdiff=  4.8075E-06 ( 58, 18)
n=  5701   udiff=  3.5204E-06 ( 56, 12)   vdiff=  6.0961E-06 ( 56, 12)
n=  5702   udiff=  3.5839E-06 ( 54, 11)   vdiff=  5.2256E-06 ( 56, 15)
n=  5703   udiff=  4.7180E-06 ( 59, 15)   vdiff=  5.5326E-06 ( 55, 12)
n=  5704   udiff=  3.9581E-06 ( 55, 13)   vdiff=  7.5014E-06 ( 54, 12)
n=  5705   udiff=  3.3235E-06 ( 58, 16)   vdiff=  5.5879E-06 ( 57, 18)
n=  5706   udiff=  2.9642E-06 ( 60, 13)   vdiff=  5.2050E-06 ( 57, 18)
n=  5707   udiff=  2.9274E-06 ( 58, 11)   vdiff=  5.5520E-06 ( 57, 12)
n=  5708   udiff=  4.0699E-06 ( 61, 12)   vdiff=  6.1882E-06 ( 55, 15)
n=  5709   udiff=  4.6201E-06 ( 59, 10)   vdiff=  7.7042E-06 ( 54, 13)
n=  5710   udiff=  3.4518E-06 ( 60, 12)   vdiff=  5.5536E-06 ( 55, 12)
n=  5711   udiff=  3.7689E-06 ( 59, 13)   vdiff=  6.2233E-06 ( 56, 12)
n=  5712   udiff=  3.4081E-06 ( 59, 11)   vdiff=  5.0366E-06 ( 58, 16)
n=  5713   udiff=  4.0103E-06 ( 54, 11)   vdiff=  4.6532E-06 ( 55, 13)
n=  5714   udiff=  4.6204E-06 ( 59, 11)   vdiff=  6.1108E-06 ( 55, 15)
n=  5715   udiff=  3.9343E-06 ( 59, 11)   vdiff=  5.7874E-06 ( 57, 18)
n=  5716   udiff=  3.5557E-06 ( 60, 14)   vdiff=  6.4731E-06 ( 55, 18)
n=  5717   udiff=  4.2907E-06 ( 57, 15)   vdiff=  5.1812E-06 ( 58, 16)
n=  5718   udiff=  3.9720E-06 ( 54, 12)   vdiff=  5.2592E-06 ( 55, 12)
n=  5719   udiff=  3.8327E-06 ( 58, 11)   vdiff=  5.9182E-06 ( 59, 11)
n=  5720   udiff=  2.6591E-06 ( 61, 11)   vdiff=  4.8697E-06 ( 61, 12)
n=  5721   udiff=  4.1791E-06 ( 59, 16)   vdiff=  7.2951E-06 ( 54, 13)
n=  5722   udiff=  3.4163E-06 ( 57, 11)   vdiff=  5.5496E-06 ( 58, 15)
n=  5723   udiff=  3.8155E-06 ( 61, 12)   vdiff=  5.7790E-06 ( 59, 14)
n=  5724   udiff=  3.9813E-06 ( 55, 12)   vdiff=  6.3141E-06 ( 58, 11)
n=  5725   udiff=  4.6291E-06 ( 55, 12)   vdiff=  5.9480E-06 ( 54, 13)
n=  5726   udiff=  3.8742E-06 ( 60, 12)   vdiff=  5.6947E-06 ( 56, 12)
n=  5727   udiff=  3.4254E-06 ( 57, 11)   vdiff=  5.6276E-06 ( 57, 17)
n=  5728   udiff=  3.4258E-06 ( 56, 14)   vdiff=  5.8933E-06 ( 56, 15)
n=  5729   udiff=  3.9409E-06 ( 55, 13)   vdiff=  7.0889E-06 ( 54, 13)
n=  5730   udiff=  3.2001E-06 ( 60, 14)   vdiff=  5.9919E-06 ( 55, 18)
n=  5731   udiff=  3.8631E-06 ( 59, 11)   vdiff=  5.7493E-06 ( 57, 18)
n=  5732   udiff=  3.6525E-06 ( 54, 12)   vdiff=  5.7599E-06 ( 54, 12)
n=  5733   udiff=  2.8900E-06 ( 57, 17)   vdiff=  5.6689E-06 ( 55, 12)
n=  5734   udiff=  3.1792E-06 ( 58, 12)   vdiff=  4.4553E-06 ( 58,  9)
n=  5735   udiff=  3.3616E-06 ( 59, 15)   vdiff=  6.8105E-06 ( 54, 12)
n=  5736   udiff=  3.2185E-06 ( 56, 12)   vdiff=  6.3049E-06 ( 58, 11)
n=  5737   udiff=  3.3532E-06 ( 57, 15)   vdiff=  5.5724E-06 ( 57, 18)
n=  5738   udiff=  3.5487E-06 ( 56, 11)   vdiff=  5.7701E-06 ( 56, 14)
n=  5739   udiff=  3.6296E-06 ( 60, 12)   vdiff=  5.2979E-06 ( 55, 12)
n=  5740   udiff=  3.7793E-06 ( 55, 13)   vdiff=  7.3209E-06 ( 54, 12)
n=  5741   udiff=  4.1531E-06 ( 59, 11)   vdiff=  5.6615E-06 ( 61, 12)
n=  5742   udiff=  3.2828E-06 ( 60, 12)   vdiff=  5.5737E-06 ( 57, 12)
n=  5743   udiff=  4.2987E-06 ( 55, 11)   vdiff=  5.6302E-06 ( 59, 14)
n=  5744   udiff=  3.5659E-06 ( 60, 12)   vdiff=  5.6616E-06 ( 58, 16)
n=  5745   udiff=  3.6459E-06 ( 55, 11)   vdiff=  6.6328E-06 ( 54, 13)
n=  5746   udiff=  4.2999E-06 ( 56, 13)   vdiff=  6.3559E-06 ( 58, 11)
n=  5747   udiff=  2.8088E-06 ( 56, 11)   vdiff=  5.1020E-06 ( 56, 12)
n=  5748   udiff=  3.5827E-06 ( 54, 12)   vdiff=  5.1036E-06 ( 60, 13)
n=  5749   udiff=  3.3493E-06 ( 59, 16)   vdiff=  5.6724E-06 ( 56, 15)
n=  5750   udiff=  3.5050E-06 ( 60, 13)   vdiff=  5.8539E-06 ( 58, 15)
n=  5751   udiff=  4.2084E-06 ( 59, 11)   vdiff=  5.9665E-06 ( 54, 13)
n=  5752   udiff=  3.6161E-06 ( 57, 17)   vdiff=  5.7155E-06 ( 57, 12)
n=  5753   udiff=  3.8877E-06 ( 61, 12)   vdiff=  5.3791E-06 ( 58, 15)
n=  5754   udiff=  4.0723E-06 ( 57, 15)   vdiff=  4.8469E-06 ( 58, 16)
n=  5755   udiff=  3.6221E-06 ( 60, 12)   vdiff=  6.1468E-06 ( 55, 12)
n=  5756   udiff=  3.8303E-06 ( 55, 11)   vdiff=  5.5125E-06 ( 53, 15)
n=  5757   udiff=  3.7263E-06 ( 56, 12)   vdiff=  6.2046E-06 ( 55, 18)
n=  5758   udiff=  3.5501E-06 ( 59, 16)   vdiff=  5.1536E-06 ( 60, 12)
n=  5759   udiff=  3.2087E-06 ( 55, 11)   vdiff=  4.3757E-06 ( 60, 13)
n=  5760   udiff=  3.1912E-06 ( 58, 16)   vdiff=  5.4693E-06 ( 58, 15)
n=  5761   udiff=  3.7125E-06 ( 56, 11)   vdiff=  6.4264E-06 ( 56, 15)
n=  5762   udiff=  3.5996E-06 ( 60, 10)   vdiff=  5.2800E-06 ( 60, 12)
n=  5763   udiff=  3.4401E-06 ( 60, 13)   vdiff=  4.9500E-06 ( 57, 18)
n=  5764   udiff=  4.3362E-06 ( 57, 15)   vdiff=  5.0388E-06 ( 56, 10)
n=  5765   udiff=  3.3533E-06 ( 57, 15)   vdiff=  7.2012E-06 ( 54, 13)
n=  5766   udiff=  3.1859E-06 ( 56, 12)   vdiff=  5.8202E-06 ( 57, 17)
n=  5767   udiff=  3.6016E-06 ( 55, 16)   vdiff=  5.0239E-06 ( 58, 16)
n=  5768   udiff=  4.0363E-06 ( 57, 15)   vdiff=  5.7187E-06 ( 54, 12)
n=  5769   udiff=  3.9542E-06 ( 58, 11)   vdiff=  5.8593E-06 ( 55, 18)
n=  5770   udiff=  2.9613E-06 ( 59, 15)   vdiff=  5.4292E-06 ( 56, 12)
n=  5771   udiff=  3.7003E-06 ( 61, 12)   vdiff=  6.9551E-06 ( 54, 12)
n=  5772   udiff=  3.1181E-06 ( 61, 12)   vdiff=  5.3778E-06 ( 57, 17)
n=  5773   udiff=  4.7451E-06 ( 58, 15)   vdiff=  6.5008E-06 ( 56, 12)
n=  5774   udiff=  3.2261E-06 ( 61, 11)   vdiff=  5.3883E-06 ( 60, 12)
n=  5775   udiff=  3.6603E-06 ( 59, 14)   vdiff=  5.3336E-06 ( 59, 14)
n=  5776   udiff=  4.0612E-06 ( 55, 11)   vdiff=  5.8231E-06 ( 54, 12)
n=  5777   udiff=  3.8029E-06 ( 58, 14)   vdiff=  6.4824E-06 ( 56, 12)
n=  5778   udiff=  3.0367E-06 ( 60, 12)   vdiff=  3.7428E-06 ( 60, 13)
n=  5779   udiff=  3.9819E-06 ( 60, 12)   vdiff=  5.3966E-06 ( 57, 12)
n=  5780   udiff=  4.2815E-06 ( 55, 12)   vdiff=  5.6439E-06 ( 58, 15)
n=  5781   udiff=  3.2784E-06 ( 59, 12)   vdiff=  6.2882E-06 ( 58, 11)
n=  5782   udiff=  3.7965E-06 ( 57, 16)   vdiff=  5.5078E-06 ( 55, 12)
n=  5783   udiff=  3.6948E-06 ( 56, 11)   vdiff=  4.9681E-06 ( 56, 15)
n=  5784   udiff=  3.3235E-06 ( 55, 11)   vdiff=  4.5845E-06 ( 57, 18)
n=  5785   udiff=  4.1739E-06 ( 56, 13)   vdiff=  6.1826E-06 ( 55, 12)
n=  5786   udiff=  3.4043E-06 ( 55, 16)   vdiff=  6.0409E-06 ( 58, 15)
n=  5787   udiff=  3.8217E-06 ( 54, 12)   vdiff=  6.4972E-06 ( 55, 18)
n=  5788   udiff=  3.1233E-06 ( 60, 14)   vdiff=  5.3979E-06 ( 56, 12)
n=  5789   udiff=  3.9401E-06 ( 60, 11)   vdiff=  5.4640E-06 ( 55, 12)
n=  5790   udiff=  3.6533E-06 ( 54, 12)   vdiff=  5.6045E-06 ( 56, 15)
n=  5791   udiff=  3.8560E-06 ( 56, 13)   vdiff=  6.2132E-06 ( 58, 11)
n=  5792   udiff=  3.9752E-06 ( 57, 17)   vdiff=  5.6436E-06 ( 56, 12)
n=  5793   udiff=  4.2965E-06 ( 55, 12)   vdiff=  6.7831E-06 ( 55, 15)
n=  5794   udiff=  3.4827E-06 ( 60, 10)   vdiff=  5.0693E-06 ( 56, 10)
n=  5795   udiff=  3.3139E-06 ( 60, 13)   vdiff=  5.9930E-06 ( 58, 15)
n=  5796   udiff=  4.1034E-06 ( 59, 10)   vdiff=  5.5523E-06 ( 60, 12)
n=  5797   udiff=  4.5831E-06 ( 55, 12)   vdiff=  5.8257E-06 ( 54, 13)
n=  5798   udiff=  2.9773E-06 ( 57, 14)   vdiff=  5.4797E-06 ( 58, 16)
n=  5799   udiff=  3.6271E-06 ( 60, 11)   vdiff=  5.6598E-06 ( 58, 15)
n=  5800   udiff=  3.6041E-06 ( 56, 13)   vdiff=  5.2126E-06 ( 56, 14)
n=  5801   udiff=  3.0171E-06 ( 55, 13)   vdiff=  7.4280E-06 ( 54, 13)
n=  5802   udiff=  3.6804E-06 ( 55, 16)   vdiff=  5.4593E-06 ( 58,  9)
n=  5803   udiff=  3.2646E-06 ( 57, 16)   vdiff=  5.6801E-06 ( 57, 18)
n=  5804   udiff=  3.7378E-06 ( 54, 11)   vdiff=  5.3454E-06 ( 56, 15)
n=  5805   udiff=  4.3409E-06 ( 61, 12)   vdiff=  5.5637E-06 ( 61, 12)
n=  5806   udiff=  3.3972E-06 ( 55, 12)   vdiff=  5.8590E-06 ( 58, 11)
n=  5807   udiff=  4.1547E-06 ( 56, 15)   vdiff=  6.2033E-06 ( 55, 15)
n=  5808   udiff=  2.7590E-06 ( 58, 16)   vdiff=  5.6382E-06 ( 57, 17)
n=  5809   udiff=  3.8730E-06 ( 58, 11)   vdiff=  5.2031E-06 ( 59, 14)
n=  5810   udiff=  3.7635E-06 ( 54, 12)   vdiff=  5.8534E-06 ( 56, 15)
n=  5811   udiff=  3.3254E-06 ( 61, 11)   vdiff=  6.4310E-06 ( 58, 11)
n=  5812   udiff=  3.2823E-06 ( 54, 12)   vdiff=  5.7754E-06 ( 54, 12)
n=  5813   udiff=  3.0437E-06 ( 58, 11)   vdiff=  5.4011E-06 ( 57, 12)
n=  5814   udiff=  5.4064E-06 ( 55, 12)   vdiff=  5.7632E-06 ( 60, 12)
n=  5815   udiff=  3.2178E-06 ( 58, 14)   vdiff=  5.5945E-06 ( 59, 14)
n=  5816   udiff=  3.9012E-06 ( 56, 15)   vdiff=  5.9693E-06 ( 59, 11)
n=  5817   udiff=  4.2864E-06 ( 55, 12)   vdiff=  5.3253E-06 ( 54, 12)
n=  5818   udiff=  3.0969E-06 ( 56, 16)   vdiff=  5.5323E-06 ( 57, 12)
n=  5819   udiff=  3.1586E-06 ( 58, 14)   vdiff=  6.1453E-06 ( 58, 15)
n=  5820   udiff=  4.4117E-06 ( 56, 13)   vdiff=  5.6615E-06 ( 57, 17)
n=  5821   udiff=  3.5183E-06 ( 55, 11)   vdiff=  5.7289E-06 ( 59, 14)
n=  5822   udiff=  4.2071E-06 ( 57, 17)   vdiff=  4.7698E-06 ( 56, 18)
n=  5823   udiff=  4.6734E-06 ( 55, 12)   vdiff=  6.0329E-06 ( 54, 13)
n=  5824   udiff=  3.1732E-06 ( 58, 11)   vdiff=  5.2623E-06 ( 57, 12)
n=  5825   udiff=  3.6163E-06 ( 60, 12)   vdiff=  5.6753E-06 ( 56, 15)
n=  5826   udiff=  3.9437E-06 ( 55, 11)   vdiff=  5.8589E-06 ( 55, 12)
n=  5827   udiff=  4.0661E-06 ( 60, 12)   vdiff=  6.2216E-06 ( 56, 14)
n=  5828   udiff=  4.0444E-06 ( 59, 15)   vdiff=  6.2174E-06 ( 56, 15)
n=  5829   udiff=  3.8877E-06 ( 60, 12)   vdiff=  5.7560E-06 ( 54, 13)
n=  5830   udiff=  3.9273E-06 ( 60, 12)   vdiff=  5.4217E-06 ( 57, 18)
n=  5831   udiff=  3.3726E-06 ( 58, 16)   vdiff=  4.5380E-06 ( 57, 18)
n=  5832   udiff=  3.9649E-06 ( 58, 12)   vdiff=  5.6435E-06 ( 58, 15)
n=  5833   udiff=  3.3788E-06 ( 59, 10)   vdiff=  5.5431E-06 ( 59, 14)
n=  5834   udiff=  4.0781E-06 ( 54, 12)   vdiff=  5.9502E-06 ( 54, 12)
n=  5835   udiff=  3.7117E-06 ( 57, 15)   vdiff=  5.5660E-06 ( 55, 12)
n=  5836   udiff=  3.3030E-06 ( 61, 11)   vdiff=  5.8764E-06 ( 56, 14)
n=  5837   udiff=  3.0696E-06 ( 59, 16)   vdiff=  7.5056E-06 ( 54, 13)
n=  5838   udiff=  4.0457E-06 ( 60, 13)   vdiff=  6.4197E-06 ( 55, 18)
n=  5839   udiff=  3.7509E-06 ( 60, 12)   vdiff=  5.1692E-06 ( 61, 12)
n=  5840   udiff=  3.3663E-06 ( 60, 12)   vdiff=  5.4074E-06 ( 57, 12)
n=  5841   udiff=  4.6693E-06 ( 57, 17)   vdiff=  5.4908E-06 ( 56, 15)
n=  5842   udiff=  4.2936E-06 ( 60, 12)   vdiff=  4.3627E-06 ( 58, 11)
n=  5843   udiff=  3.2395E-06 ( 54, 12)   vdiff=  6.3963E-06 ( 54, 13)
n=  5844   udiff=  3.2549E-06 ( 56, 14)   vdiff=  6.7058E-06 ( 55, 15)
n=  5845   udiff=  2.9545E-06 ( 60, 13)   vdiff=  5.7610E-06 ( 56, 14)
n=  5846   udiff=  3.7403E-06 ( 59, 10)   vdiff=  6.4204E-06 ( 58, 11)
n=  5847   udiff=  3.9301E-06 ( 57, 15)   vdiff=  5.1938E-06 ( 56, 10)
n=  5848   udiff=  3.1843E-06 ( 55, 16)   vdiff=  5.6716E-06 ( 58, 15)
n=  5849   udiff=  3.6705E-06 ( 56, 12)   vdiff=  6.4800E-06 ( 54, 12)
n=  5850   udiff=  3.1325E-06 ( 58, 12)   vdiff=  5.1104E-06 ( 56, 18)
n=  5851   udiff=  2.7343E-06 ( 55, 17)   vdiff=  6.7136E-06 ( 55, 18)
n=  5852   udiff=  3.7068E-06 ( 54, 15)   vdiff=  6.0596E-06 ( 56, 12)
n=  5853   udiff=  3.9945E-06 ( 57, 15)   vdiff=  6.6939E-06 ( 54, 13)
n=  5854   udiff=  3.2607E-06 ( 58, 11)   vdiff=  5.4172E-06 ( 57, 12)
n=  5855   udiff=  4.0717E-06 ( 60, 12)   vdiff=  5.2566E-06 ( 56, 15)
n=  5856   udiff=  2.6933E-06 ( 59, 15)   vdiff=  5.2165E-06 ( 55, 12)
n=  5857   udiff=  3.7160E-06 ( 58, 17)   vdiff=  7.2050E-06 ( 54, 13)
n=  5858   udiff=  4.4858E-06 ( 58, 15)   vdiff=  5.1341E-06 ( 57, 12)
n=  5859   udiff=  2.7903E-06 ( 59, 11)   vdiff=  5.3160E-06 ( 56, 15)
n=  5860   udiff=  3.3870E-06 ( 59, 16)   vdiff=  6.2095E-06 ( 55, 18)
n=  5861   udiff=  3.3997E-06 ( 59,  9)   vdiff=  5.7982E-06 ( 61, 12)
n=  5862   udiff=  4.1562E-06 ( 55, 13)   vdiff=  7.0421E-06 ( 54, 12)
n=  5863   udiff=  3.2198E-06 ( 58, 11)   vdiff=  5.3850E-06 ( 55, 12)
n=  5864   udiff=  3.6521E-06 ( 60, 11)   vdiff=  5.2943E-06 ( 56, 12)
n=  5865   udiff=  3.9584E-06 ( 55, 11)   vdiff=  5.6917E-06 ( 55, 12)
n=  5866   udiff=  3.7005E-06 ( 55, 16)   vdiff=  4.5989E-06 ( 60, 13)
n=  5867   udiff=  4.3777E-06 ( 55, 13)   vdiff=  7.2751E-06 ( 54, 12)
n=  5868   udiff=  4.0361E-06 ( 58, 14)   vdiff=  5.7867E-06 ( 58, 15)
n=  5869   udiff=  3.2557E-06 ( 58, 11)   vdiff=  5.5072E-06 ( 57, 12)
n=  5870   udiff=  4.2486E-06 ( 61, 12)   vdiff=  4.9745E-06 ( 61, 12)
n=  5871   udiff=  3.3691E-06 ( 57, 15)   vdiff=  5.4733E-06 ( 54, 13)
n=  5872   udiff=  3.4651E-06 ( 61, 12)   vdiff=  6.5402E-06 ( 55, 18)
n=  5873   udiff=  3.2928E-06 ( 55, 16)   vdiff=  5.4991E-06 ( 55, 12)
n=  5874   udiff=  3.2583E-06 ( 56, 13)   vdiff=  5.4532E-06 ( 55, 12)
n=  5875   udiff=  3.3595E-06 ( 55, 13)   vdiff=  7.4927E-06 ( 54, 13)
n=  5876   udiff=  3.1627E-06 ( 60, 11)   vdiff=  4.6552E-06 ( 60, 13)
n=  5877   udiff=  3.8439E-06 ( 56, 14)   vdiff=  7.3214E-06 ( 56, 15)
n=  5878   udiff=  3.7358E-06 ( 55, 11)   vdiff=  5.6151E-06 ( 59, 14)
n=  5879   udiff=  3.1529E-06 ( 60, 10)   vdiff=  5.9410E-06 ( 58, 15)
n=  5880   udiff=  3.4007E-06 ( 54, 15)   vdiff=  5.9401E-06 ( 57, 12)
n=  5881   udiff=  3.5555E-06 ( 54, 13)   vdiff=  7.2747E-06 ( 54, 13)
n=  5882   udiff=  3.8721E-06 ( 56, 13)   vdiff=  5.9914E-06 ( 56, 14)
n=  5883   udiff=  3.3027E-06 ( 58, 18)   vdiff=  5.0757E-06 ( 58, 18)
n=  5884   udiff=  3.0452E-06 ( 55, 11)   vdiff=  6.2122E-06 ( 59, 14)
n=  5885   udiff=  3.8753E-06 ( 57, 15)   vdiff=  6.5305E-06 ( 54, 13)
n=  5886   udiff=  3.4457E-06 ( 57, 17)   vdiff=  5.2981E-06 ( 55, 12)
n=  5887   udiff=  3.1772E-06 ( 59, 16)   vdiff=  5.4489E-06 ( 58, 16)
n=  5888   udiff=  3.0526E-06 ( 55, 14)   vdiff=  6.1958E-06 ( 57, 12)
n=  5889   udiff=  4.6807E-06 ( 55, 12)   vdiff=  6.1555E-06 ( 59, 11)
n=  5890   udiff=  3.4581E-06 ( 55, 12)   vdiff=  6.0417E-06 ( 59, 14)
n=  5891   udiff=  3.1331E-06 ( 56, 15)   vdiff=  5.4658E-06 ( 56, 12)
n=  5892   udiff=  3.1931E-06 ( 57, 18)   vdiff=  5.5044E-06 ( 57, 12)
n=  5893   udiff=  4.2416E-06 ( 55, 11)   vdiff=  7.0589E-06 ( 54, 13)
n=  5894   udiff=  3.2806E-06 ( 60, 13)   vdiff=  4.1239E-06 ( 60, 12)
n=  5895   udiff=  3.6336E-06 ( 55, 16)   vdiff=  5.4853E-06 ( 53, 15)
n=  5896   udiff=  3.6240E-06 ( 56, 13)   vdiff=  5.2736E-06 ( 56, 14)
n=  5897   udiff=  3.4135E-06 ( 57, 15)   vdiff=  7.3474E-06 ( 54, 13)
n=  5898   udiff=  3.9072E-06 ( 60, 14)   vdiff=  5.9095E-06 ( 57, 17)
n=  5899   udiff=  3.1158E-06 ( 59, 16)   vdiff=  5.4239E-06 ( 57, 12)
n=  5900   udiff=  2.7476E-06 ( 60, 13)   vdiff=  5.5956E-06 ( 56, 12)
n=  5901   udiff=  3.3446E-06 ( 60, 12)   vdiff=  6.5874E-06 ( 58, 11)
n=  5902   udiff=  4.0429E-06 ( 61, 12)   vdiff=  6.0199E-06 ( 58, 15)
n=  5903   udiff=  3.4985E-06 ( 56, 13)   vdiff=  5.6292E-06 ( 56, 14)
n=  5904   udiff=  4.0682E-06 ( 60, 12)   vdiff=  5.2168E-06 ( 59, 14)
n=  5905   udiff=  3.5251E-06 ( 60, 12)   vdiff=  5.3819E-06 ( 55, 12)
n=  5906   udiff=  4.2878E-06 ( 59, 11)   vdiff=  6.4992E-06 ( 54, 12)
n=  5907   udiff=  3.5785E-06 ( 60, 12)   vdiff=  5.2784E-06 ( 57, 17)
n=  5908   udiff=  3.6319E-06 ( 60, 12)   vdiff=  5.6826E-06 ( 58, 16)
n=  5909   udiff=  4.4155E-06 ( 55, 12)   vdiff=  5.7126E-06 ( 58, 15)
n=  5910   udiff=  3.5618E-06 ( 60, 12)   vdiff=  5.8895E-06 ( 59, 14)
n=  5911   udiff=  3.2813E-06 ( 59, 16)   vdiff=  6.1537E-06 ( 58, 11)
n=  5912   udiff=  4.3561E-06 ( 55, 12)   vdiff=  5.4117E-06 ( 54, 12)
n=  5913   udiff=  4.8724E-06 ( 55, 12)   vdiff=  6.2706E-06 ( 54, 13)
n=  5914   udiff=  4.2992E-06 ( 56, 12)   vdiff=  5.0333E-06 ( 56, 12)
n=  5915   udiff=  3.4610E-06 ( 57, 18)   vdiff=  6.2859E-06 ( 57, 12)
n=  5916   udiff=  3.9960E-06 ( 59, 10)   vdiff=  5.5322E-06 ( 55, 12)
n=  5917   udiff=  3.1404E-06 ( 54, 13)   vdiff=  7.3595E-06 ( 54, 13)
n=  5918   udiff=  3.2227E-06 ( 60, 13)   vdiff=  5.2299E-06 ( 58, 15)
n=  5919   udiff=  3.1398E-06 ( 60, 10)   vdiff=  5.4539E-06 ( 57, 12)
n=  5920   udiff=  3.7788E-06 ( 60, 12)   vdiff=  4.6889E-06 ( 57, 18)
n=  5921   udiff=  4.9234E-06 ( 59, 10)   vdiff=  5.9123E-06 ( 58, 11)
n=  5922   udiff=  4.9280E-06 ( 59, 15)   vdiff=  5.3172E-06 ( 59, 14)
n=  5923   udiff=  3.3617E-06 ( 57, 12)   vdiff=  7.2310E-06 ( 54, 13)
n=  5924   udiff=  3.3858E-06 ( 61, 11)   vdiff=  5.2948E-06 ( 60, 12)
n=  5925   udiff=  3.8478E-06 ( 57, 15)   vdiff=  5.7706E-06 ( 57, 18)
n=  5926   udiff=  4.5331E-06 ( 59, 11)   vdiff=  5.7663E-06 ( 58, 15)
n=  5927   udiff=  3.6432E-06 ( 59, 11)   vdiff=  5.7062E-06 ( 54, 13)
n=  5928   udiff=  3.2085E-06 ( 56, 11)   vdiff=  6.1861E-06 ( 55, 15)
n=  5929   udiff=  4.4512E-06 ( 56, 18)   vdiff=  5.8228E-06 ( 55, 18)
n=  5930   udiff=  3.1505E-06 ( 61, 12)   vdiff=  5.7859E-06 ( 58, 15)
n=  5931   udiff=  3.2836E-06 ( 59, 16)   vdiff=  6.2234E-06 ( 58, 11)
n=  5932   udiff=  3.4844E-06 ( 56, 13)   vdiff=  5.7541E-06 ( 60, 12)
n=  5933   udiff=  3.7177E-06 ( 58, 11)   vdiff=  4.7949E-06 ( 56, 15)
n=  5934   udiff=  3.9537E-06 ( 55, 12)   vdiff=  5.5335E-06 ( 58, 15)
n=  5935   udiff=  3.5513E-06 ( 56, 12)   vdiff=  5.4707E-06 ( 57, 17)
n=  5936   udiff=  4.2261E-06 ( 56, 14)   vdiff=  6.6816E-06 ( 55, 15)
n=  5937   udiff=  3.3735E-06 ( 54, 13)   vdiff=  6.2801E-06 ( 54, 12)
n=  5938   udiff=  2.9958E-06 ( 56, 12)   vdiff=  4.9659E-06 ( 58, 11)
n=  5939   udiff=  3.4845E-06 ( 59, 16)   vdiff=  6.2613E-06 ( 55, 18)
n=  5940   udiff=  4.0108E-06 ( 60, 14)   vdiff=  6.0823E-06 ( 58, 15)
n=  5941   udiff=  3.4385E-06 ( 60, 10)   vdiff=  4.3836E-06 ( 59, 13)
n=  5942   udiff=  3.5567E-06 ( 55, 13)   vdiff=  6.9130E-06 ( 54, 12)
n=  5943   udiff=  3.5368E-06 ( 60, 12)   vdiff=  5.4404E-06 ( 56, 10)
n=  5944   udiff=  3.2052E-06 ( 55, 16)   vdiff=  5.9692E-06 ( 58, 15)
n=  5945   udiff=  3.8769E-06 ( 55, 11)   vdiff=  5.4752E-06 ( 57, 17)
n=  5946   udiff=  3.6846E-06 ( 56, 14)   vdiff=  6.3819E-06 ( 55, 15)
n=  5947   udiff=  2.9853E-06 ( 56, 13)   vdiff=  5.6234E-06 ( 56, 14)
n=  5948   udiff=  4.5066E-06 ( 59, 10)   vdiff=  6.6173E-06 ( 58, 11)
n=  5949   udiff=  3.4219E-06 ( 57, 18)   vdiff=  5.6334E-06 ( 56, 15)
n=  5950   udiff=  3.8395E-06 ( 55, 12)   vdiff=  5.7791E-06 ( 54, 12)
n=  5951   udiff=  3.3681E-06 ( 55, 12)   vdiff=  5.2300E-06 ( 56, 10)
n=  5952   udiff=  3.9098E-06 ( 58, 14)   vdiff=  5.6216E-06 ( 57, 12)
n=  5953   udiff=  4.1924E-06 ( 59, 11)   vdiff=  5.9479E-06 ( 54, 13)
n=  5954   udiff=  3.3621E-06 ( 60, 12)   vdiff=  5.1580E-06 ( 58, 16)
n=  5955   udiff=  3.7814E-06 ( 56, 15)   vdiff=  6.6853E-06 ( 55, 15)
n=  5956   udiff=  3.9449E-06 ( 57, 15)   vdiff=  5.3232E-06 ( 54, 12)
n=  5957   udiff=  2.9191E-06 ( 54, 12)   vdiff=  4.6739E-06 ( 60, 13)
n=  5958   udiff=  4.4763E-06 ( 59, 15)   vdiff=  5.3298E-06 ( 59, 14)
n=  5959   udiff=  3.7330E-06 ( 56, 16)   vdiff=  7.3543E-06 ( 54, 13)
n=  5960   udiff=  2.9024E-06 ( 60, 13)   vdiff=  5.7615E-06 ( 58, 12)
n=  5961   udiff=  3.6985E-06 ( 57, 18)   vdiff=  5.5997E-06 ( 57, 17)
n=  5962   udiff=  4.0149E-06 ( 59, 15)   vdiff=  5.3664E-06 ( 57, 15)
n=  5963   udiff=  4.5432E-06 ( 60, 13)   vdiff=  6.1572E-06 ( 56, 14)
n=  5964   udiff=  3.5873E-06 ( 60, 11)   vdiff=  5.0461E-06 ( 57, 12)
n=  5965   udiff=  3.5616E-06 ( 54, 12)   vdiff=  5.6678E-06 ( 57, 17)
n=  5966   udiff=  4.0493E-06 ( 59,  9)   vdiff=  6.1481E-06 ( 58, 16)
n=  5967   udiff=  3.5182E-06 ( 55, 15)   vdiff=  7.4523E-06 ( 56, 15)
n=  5968   udiff=  3.8998E-06 ( 54, 12)   vdiff=  5.3924E-06 ( 55, 12)
n=  5969   udiff=  3.9958E-06 ( 60, 13)   vdiff=  5.7409E-06 ( 60, 12)
n=  5970   udiff=  3.8904E-06 ( 55, 13)   vdiff=  4.6124E-06 ( 55, 13)
n=  5971   udiff=  4.7741E-06 ( 59, 11)   vdiff=  5.8277E-06 ( 56, 15)
n=  5972   udiff=  3.0834E-06 ( 59, 11)   vdiff=  6.0805E-06 ( 56, 12)
n=  5973   udiff=  2.8734E-06 ( 56, 17)   vdiff=  6.6919E-06 ( 55, 18)
n=  5974   udiff=  3.4567E-06 ( 60, 11)   vdiff=  5.3178E-06 ( 59, 14)
n=  5975   udiff=  3.4285E-06 ( 54, 12)   vdiff=  5.6526E-06 ( 57, 17)
n=  5976   udiff=  3.7288E-06 ( 58, 14)   vdiff=  6.3492E-06 ( 55, 15)
n=  5977   udiff=  3.4944E-06 ( 54, 11)   vdiff=  5.3070E-06 ( 60, 12)
n=  5978   udiff=  3.4514E-06 ( 55, 11)   vdiff=  5.2057E-06 ( 57, 18)
n=  5979   udiff=  3.0658E-06 ( 54, 12)   vdiff=  5.2291E-06 ( 54, 13)
n=  5980   udiff=  5.7113E-06 ( 59, 15)   vdiff=  5.9197E-06 ( 56, 15)
n=  5981   udiff=  3.0305E-06 ( 59, 15)   vdiff=  6.3571E-06 ( 58, 11)
n=  5982   udiff=  3.2080E-06 ( 55, 16)   vdiff=  5.7888E-06 ( 55, 12)
n=  5983   udiff=  3.3879E-06 ( 58, 12)   vdiff=  4.4124E-06 ( 56, 12)
n=  5984   udiff=  3.5804E-06 ( 57, 17)   vdiff=  5.7912E-06 ( 58, 15)
n=  5985   udiff=  3.3487E-06 ( 59, 16)   vdiff=  6.2230E-06 ( 59, 11)
n=  5986   udiff=  3.5421E-06 ( 55, 11)   vdiff=  5.7455E-06 ( 60, 12)
n=  5987   udiff=  3.1220E-06 ( 58, 14)   vdiff=  5.3092E-06 ( 58, 15)
n=  5988   udiff=  4.6336E-06 ( 56, 15)   vdiff=  6.3780E-06 ( 59, 14)
n=  5989   udiff=  3.3521E-06 ( 61, 12)   vdiff=  7.2105E-06 ( 54, 13)
n=  5990   udiff=  3.5257E-06 ( 60, 13)   vdiff=  4.8309E-06 ( 55, 13)
n=  5991   udiff=  3.8400E-06 ( 57, 11)   vdiff=  5.4357E-06 ( 60, 12)
n=  5992   udiff=  3.6735E-06 ( 57, 15)   vdiff=  5.1701E-06 ( 58,  9)
n=  5993   udiff=  3.2485E-06 ( 55, 13)   vdiff=  5.3009E-06 ( 54, 13)
n=  5994   udiff=  3.9644E-06 ( 59, 16)   vdiff=  5.3684E-06 ( 58, 16)
n=  5995   udiff=  3.5132E-06 ( 54, 12)   vdiff=  5.6837E-06 ( 56, 12)
n=  5996   udiff=  2.9108E-06 ( 59,  9)   vdiff=  5.3428E-06 ( 56, 15)
n=  5997   udiff=  3.1861E-06 ( 59, 14)   vdiff=  5.7597E-06 ( 58, 15)
n=  5998   udiff=  3.9115E-06 ( 59, 16)   vdiff=  5.1789E-06 ( 57, 17)
n=  5999   udiff=  4.1012E-06 ( 55, 15)   vdiff=  6.0237E-06 ( 56, 12)
n=  6000   udiff=  3.0861E-06 ( 57, 15)   vdiff=  5.7175E-06 ( 59, 14)
n=  6001   udiff=  3.7356E-06 ( 55, 16)   vdiff=  5.5833E-06 ( 54, 12)
n=  6002   udiff=  3.7069E-06 ( 57, 15)   vdiff=  4.9634E-06 ( 55, 18)
n=  6003   udiff=  4.2903E-06 ( 56, 12)   vdiff=  5.7637E-06 ( 58, 12)
n=  6004   udiff=  4.0168E-06 ( 61, 12)   vdiff=  5.6050E-06 ( 54, 13)
n=  6005   udiff=  3.0297E-06 ( 60, 12)   vdiff=  5.1458E-06 ( 55, 12)
n=  6006   udiff=  3.6996E-06 ( 60, 12)   vdiff=  5.7595E-06 ( 54, 12)
n=  6007   udiff=  4.4617E-06 ( 59, 10)   vdiff=  6.1715E-06 ( 58, 11)
n=  6008   udiff=  3.2108E-06 ( 55, 15)   vdiff=  6.6604E-06 ( 56, 15)
n=  6009   udiff=  3.6221E-06 ( 55, 13)   vdiff=  7.0283E-06 ( 54, 12)
n=  6010   udiff=  3.7719E-06 ( 59, 16)   vdiff=  5.5500E-06 ( 55, 12)
n=  6011   udiff=  3.0799E-06 ( 58, 12)   vdiff=  5.6111E-06 ( 57, 12)
n=  6012   udiff=  4.3308E-06 ( 59, 11)   vdiff=  5.5341E-06 ( 56, 12)
n=  6013   udiff=  4.9120E-06 ( 58, 17)   vdiff=  6.1993E-06 ( 55, 18)
n=  6014   udiff=  3.4254E-06 ( 54, 13)   vdiff=  7.5634E-06 ( 54, 13)
n=  6015   udiff=  3.9656E-06 ( 58, 14)   vdiff=  5.5980E-06 ( 57, 12)
n=  6016   udiff=  3.2513E-06 ( 60, 12)   vdiff=  4.6614E-06 ( 56, 10)
n=  6017   udiff=  4.5753E-06 ( 59, 10)   vdiff=  6.4675E-06 ( 58, 11)
n=  6018   udiff=  3.7143E-06 ( 54, 11)   vdiff=  6.9294E-06 ( 54, 13)
n=  6019   udiff=  3.6679E-06 ( 55, 16)   vdiff=  5.4915E-06 ( 57, 12)
n=  6020   udiff=  4.2229E-06 ( 57, 15)   vdiff=  5.0099E-06 ( 60, 13)
n=  6021   udiff=  3.2613E-06 ( 57, 15)   vdiff=  5.5674E-06 ( 56, 12)
n=  6022   udiff=  4.4092E-06 ( 55, 12)   vdiff=  5.8748E-06 ( 56, 14)
n=  6023   udiff=  3.5815E-06 ( 54, 15)   vdiff=  5.7299E-06 ( 53, 15)
n=  6024   udiff=  3.2769E-06 ( 57, 17)   vdiff=  5.2391E-06 ( 60, 12)
n=  6025   udiff=  3.1446E-06 ( 60, 11)   vdiff=  5.5299E-06 ( 58, 15)
n=  6026   udiff=  3.6880E-06 ( 60, 12)   vdiff=  5.8024E-06 ( 54, 13)
n=  6027   udiff=  4.1801E-06 ( 60, 12)   vdiff=  5.4645E-06 ( 59, 14)
n=  6028   udiff=  3.4248E-06 ( 60, 12)   vdiff=  5.8941E-06 ( 57, 18)
n=  6029   udiff=  4.5588E-06 ( 59, 11)   vdiff=  5.9045E-06 ( 55, 18)
n=  6030   udiff=  3.7790E-06 ( 60, 12)   vdiff=  7.9143E-06 ( 54, 13)
n=  6031   udiff=  3.8950E-06 ( 61, 12)   vdiff=  5.6257E-06 ( 58, 16)
n=  6032   udiff=  3.9055E-06 ( 58, 16)   vdiff=  5.4468E-06 ( 58, 15)
n=  6033   udiff=  3.5218E-06 ( 57, 15)   vdiff=  5.7186E-06 ( 59, 14)
n=  6034   udiff=  4.5082E-06 ( 55, 12)   vdiff=  6.4277E-06 ( 58, 11)
n=  6035   udiff=  3.2949E-06 ( 55, 12)   vdiff=  5.8062E-06 ( 53, 15)
n=  6036   udiff=  4.2979E-06 ( 56, 12)   vdiff=  6.1257E-06 ( 56, 12)
n=  6037   udiff=  3.4070E-06 ( 61, 11)   vdiff=  5.5963E-06 ( 57, 17)
n=  6038   udiff=  3.1820E-06 ( 56, 16)   vdiff=  5.5217E-06 ( 56, 14)
n=  6039   udiff=  4.2193E-06 ( 59, 11)   vdiff=  5.3606E-06 ( 54, 12)
n=  6040   udiff=  3.9742E-06 ( 61, 12)   vdiff=  5.7708E-06 ( 59, 14)
n=  6041   udiff=  3.0541E-06 ( 60, 12)   vdiff=  5.0680E-06 ( 56, 15)
n=  6042   udiff=  3.3332E-06 ( 61, 12)   vdiff=  7.4436E-06 ( 54, 13)
n=  6043   udiff=  3.4890E-06 ( 60, 12)   vdiff=  5.1452E-06 ( 57, 17)
n=  6044   udiff=  3.0748E-06 ( 59,  9)   vdiff=  5.9329E-06 ( 58, 11)
n=  6045   udiff=  3.7182E-06 ( 56, 18)   vdiff=  5.9253E-06 ( 60, 12)
n=  6046   udiff=  3.0388E-06 ( 58, 18)   vdiff=  5.8648E-06 ( 55, 12)
n=  6047   udiff=  3.5072E-06 ( 60, 10)   vdiff=  4.8857E-06 ( 60, 13)
n=  6048   udiff=  3.4291E-06 ( 54, 12)   vdiff=  5.9772E-06 ( 59, 14)
n=  6049   udiff=  3.7125E-06 ( 59, 11)   vdiff=  5.6552E-06 ( 59, 11)
n=  6050   udiff=  3.7249E-06 ( 55, 11)   vdiff=  5.2947E-06 ( 56, 14)
n=  6051   udiff=  3.1409E-06 ( 55, 11)   vdiff=  5.6666E-06 ( 55, 12)
n=  6052   udiff=  3.9507E-06 ( 60, 12)   vdiff=  5.4632E-06 ( 59, 14)
n=  6053   udiff=  3.7727E-06 ( 54, 11)   vdiff=  5.8284E-06 ( 57, 18)
n=  6054   udiff=  4.4648E-06 ( 55, 12)   vdiff=  6.5932E-06 ( 58, 11)
n=  6055   udiff=  3.2587E-06 ( 55, 12)   vdiff=  5.5824E-06 ( 56, 15)
n=  6056   udiff=  2.8301E-06 ( 57, 13)   vdiff=  5.5252E-06 ( 57, 12)
n=  6057   udiff=  3.4006E-06 ( 58, 15)   vdiff=  5.5118E-06 ( 56, 18)
n=  6058   udiff=  3.8004E-06 ( 55, 16)   vdiff=  8.0866E-06 ( 54, 13)
n=  6059   udiff=  3.5965E-06 ( 60, 10)   vdiff=  5.3441E-06 ( 58, 16)
n=  6060   udiff=  3.4000E-06 ( 60, 13)   vdiff=  5.7932E-06 ( 58, 15)
n=  6061   udiff=  3.2130E-06 ( 60, 12)   vdiff=  5.1740E-06 ( 56, 10)
n=  6062   udiff=  3.9270E-06 ( 60, 12)   vdiff=  7.4097E-06 ( 54, 13)
n=  6063   udiff=  4.3794E-06 ( 57, 16)   vdiff=  5.5861E-06 ( 57, 17)
n=  6064   udiff=  3.7797E-06 ( 60, 14)   vdiff=  6.3072E-06 ( 58, 11)
n=  6065   udiff=  4.3822E-06 ( 57, 15)   vdiff=  5.4843E-06 ( 54, 12)
n=  6066   udiff=  3.1574E-06 ( 57, 15)   vdiff=  5.1097E-06 ( 57, 18)
n=  6067   udiff=  4.0541E-06 ( 57, 15)   vdiff=  4.3046E-06 ( 59, 11)
n=  6068   udiff=  3.5478E-06 ( 55, 11)   vdiff=  5.5979E-06 ( 58, 16)
n=  6069   udiff=  3.6302E-06 ( 55, 16)   vdiff=  5.6633E-06 ( 56, 12)
n=  6070   udiff=  4.7946E-06 ( 55, 12)   vdiff=  6.1072E-06 ( 59, 14)
n=  6071   udiff=  3.0246E-06 ( 55, 12)   vdiff=  5.7410E-06 ( 53, 15)
n=  6072   udiff=  3.7113E-06 ( 56, 12)   vdiff=  5.7366E-06 ( 56, 12)
n=  6073   udiff=  3.4624E-06 ( 55, 13)   vdiff=  6.6684E-06 ( 54, 12)
n=  6074   udiff=  2.9667E-06 ( 56, 16)   vdiff=  6.1893E-06 ( 55, 12)
n=  6075   udiff=  2.9440E-06 ( 60, 11)   vdiff=  5.2469E-06 ( 60, 12)
n=  6076   udiff=  3.0650E-06 ( 56, 11)   vdiff=  5.4750E-06 ( 56, 12)
n=  6077   udiff=  4.5925E-06 ( 59, 15)   vdiff=  6.8699E-06 ( 55, 18)
n=  6078   udiff=  3.6722E-06 ( 55, 13)   vdiff=  7.2937E-06 ( 54, 13)
n=  6079   udiff=  2.9597E-06 ( 57, 15)   vdiff=  4.5454E-06 ( 55, 12)
n=  6080   udiff=  4.0226E-06 ( 56, 15)   vdiff=  5.8208E-06 ( 55, 15)
n=  6081   udiff=  4.0229E-06 ( 55, 12)   vdiff=  5.8381E-06 ( 58, 15)
n=  6082   udiff=  4.8049E-06 ( 55, 12)   vdiff=  5.9197E-06 ( 54, 13)
n=  6083   udiff=  3.4192E-06 ( 60, 11)   vdiff=  5.0934E-06 ( 60, 13)
n=  6084   udiff=  3.9263E-06 ( 59,  9)   vdiff=  5.6429E-06 ( 58, 11)
n=  6085   udiff=  3.6663E-06 ( 60, 11)   vdiff=  5.8416E-06 ( 56, 14)
n=  6086   udiff=  3.5002E-06 ( 59, 16)   vdiff=  5.3275E-06 ( 53, 15)
n=  6087   udiff=  3.4220E-06 ( 57, 17)   vdiff=  5.1388E-06 ( 60, 12)
n=  6088   udiff=  3.5431E-06 ( 54, 13)   vdiff=  6.1632E-06 ( 55, 18)
n=  6089   udiff=  4.7486E-06 ( 59, 11)   vdiff=  5.5467E-06 ( 58, 16)
n=  6090   udiff=  4.7048E-06 ( 58, 17)   vdiff=  5.7669E-06 ( 59, 14)
n=  6091   udiff=  3.6318E-06 ( 56, 14)   vdiff=  6.9406E-06 ( 56, 15)
n=  6092   udiff=  3.3179E-06 ( 60, 13)   vdiff=  5.8980E-06 ( 56, 14)
n=  6093   udiff=  2.8896E-06 ( 57, 18)   vdiff=  5.4732E-06 ( 55, 12)
n=  6094   udiff=  4.5698E-06 ( 59, 10)   vdiff=  5.8962E-06 ( 58, 11)
n=  6095   udiff=  3.7623E-06 ( 59, 16)   vdiff=  5.2021E-06 ( 56, 15)
n=  6096   udiff=  3.5773E-06 ( 60, 14)   vdiff=  5.7498E-06 ( 59, 14)
n=  6097   udiff=  3.2955E-06 ( 55, 11)   vdiff=  5.2776E-06 ( 56, 15)
n=  6098   udiff=  3.7820E-06 ( 55, 11)   vdiff=  7.0037E-06 ( 54, 13)
n=  6099   udiff=  4.0756E-06 ( 59, 10)   vdiff=  6.5142E-06 ( 58, 11)
n=  6100   udiff=  4.6878E-06 ( 59, 15)   vdiff=  5.1886E-06 ( 57, 15)
n=  6101   udiff=  3.4532E-06 ( 55, 16)   vdiff=  4.9509E-06 ( 57, 17)
n=  6102   udiff=  3.6247E-06 ( 55, 18)   vdiff=  6.2636E-06 ( 55, 15)
n=  6103   udiff=  3.2353E-06 ( 54, 15)   vdiff=  5.3881E-06 ( 53, 15)
n=  6104   udiff=  4.7846E-06 ( 59, 11)   vdiff=  5.3537E-06 ( 58, 16)
n=  6105   udiff=  3.3409E-06 ( 60, 11)   vdiff=  5.7330E-06 ( 56, 15)
n=  6106   udiff=  3.2405E-06 ( 56, 13)   vdiff=  5.4665E-06 ( 55, 12)
n=  6107   udiff=  3.8131E-06 ( 55, 11)   vdiff=  5.1795E-06 ( 57, 12)
n=  6108   udiff=  4.0374E-06 ( 60, 12)   vdiff=  5.8334E-06 ( 54, 13)
n=  6109   udiff=  3.3303E-06 ( 59, 15)   vdiff=  6.3167E-06 ( 58, 11)
n=  6110   udiff=  4.2734E-06 ( 61, 12)   vdiff=  5.4992E-06 ( 58, 15)
n=  6111   udiff=  3.9704E-06 ( 55, 12)   vdiff=  6.5386E-06 ( 56, 15)
n=  6112   udiff=  4.1231E-06 ( 60, 12)   vdiff=  5.7011E-06 ( 56, 14)
n=  6113   udiff=  4.2470E-06 ( 60, 12)   vdiff=  6.3551E-06 ( 55, 18)
n=  6114   udiff=  3.7896E-06 ( 54, 13)   vdiff=  5.8707E-06 ( 54, 13)
n=  6115   udiff=  3.1790E-06 ( 57, 17)   vdiff=  5.5703E-06 ( 57, 12)
n=  6116   udiff=  4.1621E-06 ( 59, 11)   vdiff=  5.4728E-06 ( 59, 11)
n=  6117   udiff=  3.3046E-06 ( 56, 12)   vdiff=  5.5590E-06 ( 57, 17)
n=  6118   udiff=  3.7454E-06 ( 55, 11)   vdiff=  6.7413E-06 ( 54, 13)
n=  6119   udiff=  3.5886E-06 ( 58, 11)   vdiff=  5.4078E-06 ( 57, 12)
n=  6120   udiff=  3.5985E-06 ( 56, 11)   vdiff=  5.5588E-06 ( 56, 12)
n=  6121   udiff=  4.1037E-06 ( 57, 16)   vdiff=  6.1238E-06 ( 58, 11)
n=  6122   udiff=  3.2016E-06 ( 54, 13)   vdiff=  7.2693E-06 ( 54, 13)
n=  6123   udiff=  3.3576E-06 ( 60, 12)   vdiff=  5.6974E-06 ( 55, 12)
n=  6124   udiff=  3.8077E-06 ( 61, 12)   vdiff=  5.1377E-06 ( 56, 12)
n=  6125   udiff=  3.2904E-06 ( 55, 11)   vdiff=  5.0956E-06 ( 55, 12)
n=  6126   udiff=  4.0748E-06 ( 57, 17)   vdiff=  6.8046E-06 ( 54, 13)
n=  6127   udiff=  4.2338E-06 ( 59, 16)   vdiff=  5.8306E-06 ( 56, 12)
n=  6128   udiff=  3.4597E-06 ( 56, 12)   vdiff=  5.7193E-06 ( 58, 15)
n=  6129   udiff=  2.8927E-06 ( 59,  8)   vdiff=  6.4557E-06 ( 55, 18)
n=  6130   udiff=  4.4035E-06 ( 55, 12)   vdiff=  6.9615E-06 ( 56, 15)
n=  6131   udiff=  3.5594E-06 ( 56, 12)   vdiff=  5.4732E-06 ( 56, 10)
n=  6132   udiff=  3.3932E-06 ( 59, 15)   vdiff=  5.7373E-06 ( 58, 16)
n=  6133   udiff=  3.3024E-06 ( 58, 14)   vdiff=  6.0319E-06 ( 58, 15)
n=  6134   udiff=  3.2463E-06 ( 61, 12)   vdiff=  5.2397E-06 ( 55, 12)
n=  6135   udiff=  3.6384E-06 ( 60, 12)   vdiff=  4.6411E-06 ( 56, 10)
n=  6136   udiff=  4.1614E-06 ( 57, 15)   vdiff=  6.3200E-06 ( 58, 11)
n=  6137   udiff=  3.1021E-06 ( 57, 18)   vdiff=  5.7662E-06 ( 58, 15)
n=  6138   udiff=  3.9630E-06 ( 55, 12)   vdiff=  6.0603E-06 ( 54, 13)
n=  6139   udiff=  4.6386E-06 ( 56, 15)   vdiff=  7.1067E-06 ( 55, 15)
n=  6140   udiff=  3.5105E-06 ( 54, 12)   vdiff=  5.6710E-06 ( 59, 14)
n=  6141   udiff=  4.6322E-06 ( 59, 15)   vdiff=  6.5276E-06 ( 55, 18)
n=  6142   udiff=  3.2233E-06 ( 58, 12)   vdiff=  5.4379E-06 ( 58, 12)
n=  6143   udiff=  3.7418E-06 ( 56, 12)   vdiff=  5.4397E-06 ( 56, 12)
n=  6144   udiff=  4.0426E-06 ( 56, 12)   vdiff=  5.5211E-06 ( 53, 15)
n=  6145   udiff=  2.8882E-06 ( 59, 16)   vdiff=  5.7107E-06 ( 58, 16)
n=  6146   udiff=  3.2513E-06 ( 56, 14)   vdiff=  7.4779E-06 ( 56, 15)
n=  6147   udiff=  4.7681E-06 ( 55, 12)   vdiff=  5.9287E-06 ( 56, 10)
n=  6148   udiff=  4.1450E-06 ( 55, 12)   vdiff=  5.1259E-06 ( 57, 17)
n=  6149   udiff=  2.9446E-06 ( 57, 14)   vdiff=  4.9885E-06 ( 60, 12)
n=  6150   udiff=  3.5852E-06 ( 55, 11)   vdiff=  6.4104E-06 ( 58, 11)
n=  6151   udiff=  3.6718E-06 ( 54, 11)   vdiff=  6.7612E-06 ( 54, 13)
n=  6152   udiff=  4.1799E-06 ( 61, 12)   vdiff=  5.5362E-06 ( 57, 12)
n=  6153   udiff=  2.9141E-06 ( 61, 12)   vdiff=  5.3133E-06 ( 57, 17)
n=  6154   udiff=  3.5204E-06 ( 57, 15)   vdiff=  4.6992E-06 ( 60, 13)
n=  6155   udiff=  3.3108E-06 ( 61, 11)   vdiff=  5.5518E-06 ( 60, 12)
n=  6156   udiff=  3.5885E-06 ( 57, 15)   vdiff=  5.9268E-06 ( 59, 14)
n=  6157   udiff=  4.0887E-06 ( 56, 12)   vdiff=  6.6388E-06 ( 58, 15)
n=  6158   udiff=  3.7378E-06 ( 60, 11)   vdiff=  4.8368E-06 ( 60, 13)
n=  6159   udiff=  3.5486E-06 ( 59, 16)   vdiff=  5.7045E-06 ( 55, 15)
n=  6160   udiff=  3.9062E-06 ( 54, 12)   vdiff=  6.2873E-06 ( 58, 11)
n=  6161   udiff=  3.0397E-06 ( 56, 18)   vdiff=  6.1548E-06 ( 55, 18)
n=  6162   udiff=  3.3376E-06 ( 60, 14)   vdiff=  6.0174E-06 ( 59, 14)
n=  6163   udiff=  3.4545E-06 ( 57, 17)   vdiff=  7.5819E-06 ( 54, 13)
n=  6164   udiff=  3.8881E-06 ( 56, 13)   vdiff=  5.6045E-06 ( 60, 12)
n=  6165   udiff=  3.2683E-06 ( 58, 16)   vdiff=  5.7185E-06 ( 57, 18)
n=  6166   udiff=  3.8162E-06 ( 55, 16)   vdiff=  5.4745E-06 ( 57, 12)
n=  6167   udiff=  4.7806E-06 ( 55, 12)   vdiff=  5.8688E-06 ( 54, 13)
n=  6168   udiff=  4.2034E-06 ( 56, 12)   vdiff=  6.1974E-06 ( 56, 12)
n=  6169   udiff=  3.4018E-06 ( 59, 16)   vdiff=  5.1305E-06 ( 58, 16)
n=  6170   udiff=  3.3760E-06 ( 56, 15)   vdiff=  6.1485E-06 ( 57, 12)
n=  6171   udiff=  3.2982E-06 ( 56, 15)   vdiff=  5.3982E-06 ( 55, 12)
n=  6172   udiff=  3.1889E-06 ( 55, 13)   vdiff=  7.0191E-06 ( 54, 12)
n=  6173   udiff=  3.6974E-06 ( 59, 16)   vdiff=  7.0379E-06 ( 55, 18)
n=  6174   udiff=  3.9439E-06 ( 60, 14)   vdiff=  5.5717E-06 ( 59, 14)
n=  6175   udiff=  4.0269E-06 ( 59, 11)   vdiff=  5.6133E-06 ( 59, 11)
n=  6176   udiff=  3.7860E-06 ( 60, 13)   vdiff=  7.1882E-06 ( 54, 13)
n=  6177   udiff=  4.0540E-06 ( 57, 15)   vdiff=  5.5362E-06 ( 57, 18)
n=  6178   udiff=  4.2611E-06 ( 57, 15)   vdiff=  4.8702E-06 ( 57, 18)
n=  6179   udiff=  2.6255E-06 ( 58, 14)   vdiff=  7.0396E-06 ( 55, 18)
n=  6180   udiff=  3.7311E-06 ( 56, 12)   vdiff=  7.6631E-06 ( 54, 13)
n=  6181   udiff=  3.1735E-06 ( 60, 14)   vdiff=  4.5943E-06 ( 60, 13)
n=  6182   udiff=  4.1220E-06 ( 57, 17)   vdiff=  5.8723E-06 ( 57, 12)
n=  6183   udiff=  4.7561E-06 ( 56, 15)   vdiff=  5.7959E-06 ( 58, 15)
n=  6184   udiff=  3.7128E-06 ( 56, 15)   vdiff=  6.0946E-06 ( 55, 12)
n=  6185   udiff=  3.4384E-06 ( 54, 12)   vdiff=  5.7553E-06 ( 54, 12)
n=  6186   udiff=  3.9471E-06 ( 58, 11)   vdiff=  5.1704E-06 ( 59, 14)
n=  6187   udiff=  4.1001E-06 ( 57, 16)   vdiff=  5.6507E-06 ( 57, 18)
n=  6188   udiff=  4.4554E-06 ( 61, 12)   vdiff=  5.0764E-06 ( 56, 10)
n=  6189   udiff=  3.2127E-06 ( 61, 12)   vdiff=  4.5063E-06 ( 59, 13)
n=  6190   udiff=  3.8126E-06 ( 56, 14)   vdiff=  7.1298E-06 ( 55, 15)
n=  6191   udiff=  3.2062E-06 ( 61, 11)   vdiff=  5.8331E-06 ( 57, 17)
n=  6192   udiff=  4.0019E-06 ( 58, 14)   vdiff=  5.7288E-06 ( 55, 12)
n=  6193   udiff=  4.3880E-06 ( 57, 15)   vdiff=  5.8301E-06 ( 54, 12)
n=  6194   udiff=  3.2430E-06 ( 60, 15)   vdiff=  5.9336E-06 ( 55, 18)
n=  6195   udiff=  2.9243E-06 ( 57, 18)   vdiff=  5.8690E-06 ( 61, 12)
n=  6196   udiff=  3.3097E-06 ( 60, 11)   vdiff=  7.4086E-06 ( 54, 13)
n=  6197   udiff=  3.4499E-06 ( 55, 16)   vdiff=  5.2879E-06 ( 57, 17)
n=  6198   udiff=  3.2572E-06 ( 60, 13)   vdiff=  5.8358E-06 ( 58, 11)
n=  6199   udiff=  2.9622E-06 ( 60, 12)   vdiff=  5.6741E-06 ( 56, 15)
n=  6200   udiff=  3.5400E-06 ( 56, 12)   vdiff=  6.7924E-06 ( 56, 12)
n=  6201   udiff=  3.2254E-06 ( 54, 12)   vdiff=  5.4397E-06 ( 56, 15)
n=  6202   udiff=  3.9722E-06 ( 58, 15)   vdiff=  6.0668E-06 ( 55, 12)
n=  6203   udiff=  3.7229E-06 ( 59, 11)   vdiff=  5.8972E-06 ( 59, 11)
n=  6204   udiff=  3.5924E-06 ( 59, 16)   vdiff=  6.6100E-06 ( 55, 15)
n=  6205   udiff=  3.0179E-06 ( 56, 16)   vdiff=  4.5278E-06 ( 55, 17)
n=  6206   udiff=  3.7652E-06 ( 58, 14)   vdiff=  5.7263E-06 ( 58, 15)
n=  6207   udiff=  4.1275E-06 ( 57, 15)   vdiff=  5.7610E-06 ( 59, 14)
n=  6208   udiff=  4.7496E-06 ( 59, 10)   vdiff=  5.9666E-06 ( 58, 11)
n=  6209   udiff=  4.0060E-06 ( 61, 12)   vdiff=  5.4856E-06 ( 56, 12)
n=  6210   udiff=  3.4572E-06 ( 60, 12)   vdiff=  6.2744E-06 ( 58, 15)
n=  6211   udiff=  4.2056E-06 ( 58, 17)   vdiff=  5.2644E-06 ( 55, 12)
n=  6212   udiff=  3.5309E-06 ( 55, 11)   vdiff=  7.1140E-06 ( 54, 13)
n=  6213   udiff=  4.4066E-06 ( 59, 11)   vdiff=  6.4590E-06 ( 56, 15)
n=  6214   udiff=  3.5357E-06 ( 59, 11)   vdiff=  5.4787E-06 ( 58, 15)
n=  6215   udiff=  3.0885E-06 ( 56, 15)   vdiff=  4.6532E-06 ( 58, 16)
n=  6216   udiff=  4.1157E-06 ( 55, 12)   vdiff=  5.6903E-06 ( 57, 17)
n=  6217   udiff=  3.2942E-06 ( 55, 12)   vdiff=  4.8271E-06 ( 58, 18)
n=  6218   udiff=  4.1459E-06 ( 54, 12)   vdiff=  5.9128E-06 ( 59, 11)
n=  6219   udiff=  3.1467E-06 ( 57, 14)   vdiff=  5.8553E-06 ( 56, 15)
n=  6220   udiff=  3.7635E-06 ( 59, 16)   vdiff=  5.2548E-06 ( 57, 12)
n=  6221   udiff=  3.8430E-06 ( 54, 12)   vdiff=  5.2041E-06 ( 54, 12)
n=  6222   udiff=  3.6734E-06 ( 56, 15)   vdiff=  6.6173E-06 ( 55, 18)
n=  6223   udiff=  3.7544E-06 ( 55, 13)   vdiff=  5.1545E-06 ( 60, 12)
n=  6224   udiff=  4.7731E-06 ( 55, 12)   vdiff=  5.6192E-06 ( 54, 12)
n=  6225   udiff=  3.3748E-06 ( 55, 12)   vdiff=  5.6688E-06 ( 53, 15)
n=  6226   udiff=  4.0537E-06 ( 61, 12)   vdiff=  6.1942E-06 ( 58, 11)
n=  6227   udiff=  2.6952E-06 ( 61, 11)   vdiff=  4.0097E-06 ( 54, 11)
n=  6228   udiff=  4.3075E-06 ( 58, 14)   vdiff=  6.1039E-06 ( 57, 12)
n=  6229   udiff=  3.3993E-06 ( 56, 16)   vdiff=  4.9696E-06 ( 55, 12)
n=  6230   udiff=  4.0652E-06 ( 57, 15)   vdiff=  5.8265E-06 ( 56, 12)
n=  6231   udiff=  3.7024E-06 ( 57, 15)   vdiff=  4.9302E-06 ( 58,  9)
n=  6232   udiff=  3.3202E-06 ( 59, 16)   vdiff=  7.4851E-06 ( 54, 13)
n=  6233   udiff=  3.8008E-06 ( 57, 17)   vdiff=  6.1892E-06 ( 58, 11)
n=  6234   udiff=  4.0463E-06 ( 60, 14)   vdiff=  7.0351E-06 ( 56, 15)
n=  6235   udiff=  3.5009E-06 ( 55, 11)   vdiff=  5.4859E-06 ( 55, 12)
n=  6236   udiff=  3.2415E-06 ( 60, 13)   vdiff=  6.1009E-06 ( 56, 14)
n=  6237   udiff=  3.9251E-06 ( 58, 14)   vdiff=  5.9672E-06 ( 57, 12)
n=  6238   udiff=  4.4631E-06 ( 59, 11)   vdiff=  5.7562E-06 ( 57, 17)
n=  6239   udiff=  3.0743E-06 ( 59, 11)   vdiff=  4.5053E-06 ( 60, 13)
n=  6240   udiff=  3.9871E-06 ( 56, 15)   vdiff=  6.2678E-06 ( 55, 15)
n=  6241   udiff=  3.8367E-06 ( 54, 12)   vdiff=  5.3794E-06 ( 54, 12)
n=  6242   udiff=  2.7817E-06 ( 57, 11)   vdiff=  5.6022E-06 ( 59, 14)
n=  6243   udiff=  3.2178E-06 ( 58, 12)   vdiff=  5.3083E-06 ( 57, 12)
n=  6244   udiff=  3.9926E-06 ( 57, 15)   vdiff=  5.0973E-06 ( 57, 17)
n=  6245   udiff=  3.6696E-06 ( 57, 15)   vdiff=  5.6526E-06 ( 56, 10)
n=  6246   udiff=  3.5179E-06 ( 57, 15)   vdiff=  5.5019E-06 ( 54, 12)
n=  6247   udiff=  3.6888E-06 ( 58, 14)   vdiff=  5.8542E-06 ( 58, 15)
n=  6248   udiff=  4.0746E-06 ( 58, 11)   vdiff=  6.6736E-06 ( 54, 13)
n=  6249   udiff=  3.2461E-06 ( 55, 11)   vdiff=  5.7125E-06 ( 55, 12)
n=  6250   udiff=  4.0555E-06 ( 61, 12)   vdiff=  6.3240E-06 ( 55, 18)
n=  6251   udiff=  3.0026E-06 ( 60, 12)   vdiff=  5.1532E-06 ( 53, 15)
n=  6252   udiff=  3.6229E-06 ( 61, 12)   vdiff=  5.6771E-06 ( 59, 14)
n=  6253   udiff=  4.0016E-06 ( 55, 13)   vdiff=  5.8730E-06 ( 59, 11)
n=  6254   udiff=  3.5972E-06 ( 56, 14)   vdiff=  5.7689E-06 ( 56, 10)
n=  6255   udiff=  3.7065E-06 ( 54, 11)   vdiff=  5.5279E-06 ( 57, 12)
n=  6256   udiff=  3.7283E-06 ( 61, 11)   vdiff=  5.1585E-06 ( 56, 15)
n=  6257   udiff=  3.5987E-06 ( 55, 13)   vdiff=  6.9886E-06 ( 54, 12)
n=  6258   udiff=  3.3107E-06 ( 59, 10)   vdiff=  6.2829E-06 ( 57, 18)
n=  6259   udiff=  4.4477E-06 ( 60, 11)   vdiff=  5.2125E-06 ( 59, 14)
n=  6260   udiff=  4.9303E-06 ( 55, 12)   vdiff=  5.5434E-06 ( 54, 12)
n=  6261   udiff=  3.9129E-06 ( 61, 12)   vdiff=  6.1083E-06 ( 58, 11)
n=  6262   udiff=  3.1708E-06 ( 60, 12)   vdiff=  6.1782E-06 ( 55, 18)
n=  6263   udiff=  3.7662E-06 ( 58, 11)   vdiff=  5.3502E-06 ( 57, 15)
n=  6264   udiff=  3.2713E-06 ( 56, 17)   vdiff=  5.7834E-06 ( 57, 18)
n=  6265   udiff=  4.0425E-06 ( 61, 12)   vdiff=  5.6724E-06 ( 56, 15)
n=  6266   udiff=  4.1051E-06 ( 56, 13)   vdiff=  5.9356E-06 ( 58, 11)
n=  6267   udiff=  3.2652E-06 ( 58, 14)   vdiff=  5.9169E-06 ( 58, 15)
n=  6268   udiff=  3.3697E-06 ( 57, 16)   vdiff=  5.7130E-06 ( 56, 12)
n=  6269   udiff=  3.2880E-06 ( 56, 12)   vdiff=  4.6355E-06 ( 60, 13)
n=  6270   udiff=  3.7052E-06 ( 55, 11)   vdiff=  5.5456E-06 ( 57, 12)
n=  6271   udiff=  3.2472E-06 ( 59, 14)   vdiff=  5.7877E-06 ( 58, 16)
n=  6272   udiff=  3.6039E-06 ( 59, 14)   vdiff=  7.6071E-06 ( 54, 13)
n=  6273   udiff=  4.2929E-06 ( 61, 12)   vdiff=  5.1522E-06 ( 55, 12)
n=  6274   udiff=  2.8169E-06 ( 57, 18)   vdiff=  5.6381E-06 ( 57, 18)
n=  6275   udiff=  4.1037E-06 ( 57, 15)   vdiff=  4.3754E-06 ( 60, 13)
n=  6276   udiff=  3.6157E-06 ( 58, 14)   vdiff=  5.4227E-06 ( 58, 15)
n=  6277   udiff=  3.8096E-06 ( 57, 15)   vdiff=  7.0222E-06 ( 54, 12)
n=  6278   udiff=  4.1073E-06 ( 58, 12)   vdiff=  6.1418E-06 ( 55, 18)
n=  6279   udiff=  3.4003E-06 ( 55, 16)   vdiff=  5.1512E-06 ( 56, 15)
n=  6280   udiff=  3.9886E-06 ( 59, 16)   vdiff=  5.4745E-06 ( 58, 16)
n=  6281   udiff=  3.2800E-06 ( 60, 13)   vdiff=  4.0563E-06 ( 58, 15)
n=  6282   udiff=  4.0256E-06 ( 57, 17)   vdiff=  5.7432E-06 ( 58, 11)
n=  6283   udiff=  2.7187E-06 ( 56, 13)   vdiff=  5.3257E-06 ( 56, 12)
n=  6284   udiff=  4.0194E-06 ( 55, 11)   vdiff=  5.6373E-06 ( 58, 15)
n=  6285   udiff=  3.6290E-06 ( 59, 14)   vdiff=  5.6586E-06 ( 59, 14)
n=  6286   udiff=  3.2201E-06 ( 60, 12)   vdiff=  6.1368E-06 ( 56, 12)
n=  6287   udiff=  3.6885E-06 ( 60, 12)   vdiff=  5.4328E-06 ( 55, 12)
n=  6288   udiff=  3.3747E-06 ( 57, 17)   vdiff=  7.1891E-06 ( 54, 13)
n=  6289   udiff=  3.7706E-06 ( 61, 12)   vdiff=  5.2923E-06 ( 58, 16)
n=  6290   udiff=  3.7140E-06 ( 60, 12)   vdiff=  6.9612E-06 ( 56, 12)
n=  6291   udiff=  3.5026E-06 ( 57, 15)   vdiff=  5.2593E-06 ( 57, 18)
n=  6292   udiff=  3.8104E-06 ( 54, 13)   vdiff=  5.7416E-06 ( 54, 13)
n=  6293   udiff=  2.7565E-06 ( 59,  9)   vdiff=  5.0077E-06 ( 56, 12)
n=  6294   udiff=  3.6009E-06 ( 56, 14)   vdiff=  6.5846E-06 ( 55, 15)
n=  6295   udiff=  3.7090E-06 ( 57, 17)   vdiff=  5.7188E-06 ( 54, 12)
n=  6296   udiff=  3.0934E-06 ( 58, 17)   vdiff=  4.8316E-06 ( 58,  9)
n=  6297   udiff=  3.9155E-06 ( 61, 12)   vdiff=  5.6344E-06 ( 56, 15)
n=  6298   udiff=  4.1153E-06 ( 56, 13)   vdiff=  6.1519E-06 ( 58, 11)
n=  6299   udiff=  3.5737E-06 ( 60, 12)   vdiff=  5.4381E-06 ( 56, 15)
n=  6300   udiff=  4.4824E-06 ( 55, 12)   vdiff=  5.4806E-06 ( 54, 12)
n=  6301   udiff=  3.3633E-06 ( 58, 15)   vdiff=  5.3713E-06 ( 61, 12)
n=  6302   udiff=  3.2350E-06 ( 58, 12)   vdiff=  4.7585E-06 ( 58,  9)
n=  6303   udiff=  5.1157E-06 ( 59, 11)   vdiff=  6.2457E-06 ( 55, 18)
n=  6304   udiff=  3.9854E-06 ( 54, 12)   vdiff=  5.8425E-06 ( 54, 13)
n=  6305   udiff=  3.2771E-06 ( 58, 15)   vdiff=  5.6619E-06 ( 56, 14)
n=  6306   udiff=  3.0879E-06 ( 59, 10)   vdiff=  5.3498E-06 ( 56, 16)
n=  6307   udiff=  3.1927E-06 ( 61, 11)   vdiff=  5.6172E-06 ( 58, 16)
n=  6308   udiff=  4.2018E-06 ( 58, 11)   vdiff=  7.6442E-06 ( 54, 13)
n=  6309   udiff=  3.9116E-06 ( 56, 12)   vdiff=  5.8482E-06 ( 56, 12)
n=  6310   udiff=  3.4850E-06 ( 60, 15)   vdiff=  5.7969E-06 ( 56, 15)
n=  6311   udiff=  4.0359E-06 ( 57, 16)   vdiff=  5.7895E-06 ( 57, 18)
n=  6312   udiff=  4.3385E-06 ( 60, 12)   vdiff=  6.6455E-06 ( 54, 13)
n=  6313   udiff=  4.6097E-06 ( 60, 12)   vdiff=  5.8496E-06 ( 55, 12)
n=  6314   udiff=  2.6823E-06 ( 54, 11)   vdiff=  4.5611E-06 ( 60, 13)
n=  6315   udiff=  2.9810E-06 ( 55, 15)   vdiff=  6.2728E-06 ( 55, 18)
n=  6316   udiff=  3.8242E-06 ( 55, 12)   vdiff=  5.0612E-06 ( 56, 15)
n=  6317   udiff=  3.6596E-06 ( 55, 11)   vdiff=  5.7120E-06 ( 58, 15)
n=  6318   udiff=  3.7439E-06 ( 58, 11)   vdiff=  6.0012E-06 ( 59, 14)
n=  6319   udiff=  3.0326E-06 ( 56, 11)   vdiff=  5.3628E-06 ( 56, 18)
n=  6320   udiff=  3.8165E-06 ( 60, 13)   vdiff=  6.1859E-06 ( 54, 12)
n=  6321   udiff=  3.7032E-06 ( 59, 16)   vdiff=  5.9838E-06 ( 53, 15)
n=  6322   udiff=  4.1350E-06 ( 58, 17)   vdiff=  5.6805E-06 ( 54, 13)
n=  6323   udiff=  3.5402E-06 ( 55, 11)   vdiff=  5.1403E-06 ( 56, 18)
n=  6324   udiff=  3.6244E-06 ( 60, 14)   vdiff=  5.7117E-06 ( 58, 16)
n=  6325   udiff=  3.9570E-06 ( 55, 12)   vdiff=  5.4513E-06 ( 54, 12)
n=  6326   udiff=  3.7376E-06 ( 58, 12)   vdiff=  6.1789E-06 ( 58, 15)
n=  6327   udiff=  3.0352E-06 ( 57, 16)   vdiff=  6.0480E-06 ( 57, 18)
n=  6328   udiff=  3.6030E-06 ( 61, 11)   vdiff=  6.8866E-06 ( 54, 12)
n=  6329   udiff=  3.6976E-06 ( 59, 16)   vdiff=  5.1533E-06 ( 58, 16)
n=  6330   udiff=  3.9018E-06 ( 56, 12)   vdiff=  6.4993E-06 ( 58, 11)
n=  6331   udiff=  2.7399E-06 ( 58, 17)   vdiff=  7.0941E-06 ( 55, 18)
n=  6332   udiff=  3.3926E-06 ( 58, 11)   vdiff=  5.2083E-06 ( 57, 12)
n=  6333   udiff=  3.6113E-06 ( 55, 13)   vdiff=  7.1443E-06 ( 54, 12)
n=  6334   udiff=  3.4121E-06 ( 57, 11)   vdiff=  5.7956E-06 ( 56, 14)
n=  6335   udiff=  3.0355E-06 ( 57, 11)   vdiff=  5.6551E-06 ( 58, 15)
n=  6336   udiff=  4.4603E-06 ( 55, 12)   vdiff=  5.9023E-06 ( 54, 12)
n=  6337   udiff=  3.5929E-06 ( 59, 11)   vdiff=  6.0173E-06 ( 59, 11)
n=  6338   udiff=  4.2194E-06 ( 56, 15)   vdiff=  6.2800E-06 ( 56, 12)
n=  6339   udiff=  3.4687E-06 ( 57, 17)   vdiff=  5.3245E-06 ( 56, 18)
n=  6340   udiff=  3.5311E-06 ( 61, 12)   vdiff=  5.7477E-06 ( 55, 18)
n=  6341   udiff=  4.2538E-06 ( 55, 12)   vdiff=  5.7873E-06 ( 54, 12)
n=  6342   udiff=  2.8676E-06 ( 60, 12)   vdiff=  5.7853E-06 ( 58, 11)
n=  6343   udiff=  3.7045E-06 ( 59, 16)   vdiff=  5.3743E-06 ( 58, 16)
n=  6344   udiff=  3.6617E-06 ( 60, 14)   vdiff=  6.2661E-06 ( 54, 13)
n=  6345   udiff=  3.7769E-06 ( 60, 10)   vdiff=  4.4951E-06 ( 57, 12)
n=  6346   udiff=  3.6785E-06 ( 60, 13)   vdiff=  5.4436E-06 ( 54, 12)
n=  6347   udiff=  4.5977E-06 ( 59, 11)   vdiff=  5.8472E-06 ( 59, 11)
n=  6348   udiff=  4.9138E-06 ( 57, 14)   vdiff=  6.2407E-06 ( 56, 12)
n=  6349   udiff=  3.1674E-06 ( 59, 14)   vdiff=  6.1007E-06 ( 58, 15)
n=  6350   udiff=  2.9772E-06 ( 57, 16)   vdiff=  5.6231E-06 ( 57, 12)
n=  6351   udiff=  3.8713E-06 ( 57, 17)   vdiff=  5.0391E-06 ( 56, 18)
n=  6352   udiff=  3.1758E-06 ( 56, 11)   vdiff=  5.8634E-06 ( 56, 12)
n=  6353   udiff=  3.0482E-06 ( 58, 16)   vdiff=  5.6723E-06 ( 57, 18)
n=  6354   udiff=  4.9258E-06 ( 56, 13)   vdiff=  6.0268E-06 ( 54, 13)
n=  6355   udiff=  3.0166E-06 ( 60, 12)   vdiff=  6.8398E-06 ( 55, 18)
n=  6356   udiff=  3.5447E-06 ( 59, 16)   vdiff=  5.2431E-06 ( 58, 16)
n=  6357   udiff=  3.1000E-06 ( 59, 11)   vdiff=  4.7029E-06 ( 60, 13)
n=  6358   udiff=  3.9459E-06 ( 55, 11)   vdiff=  7.0422E-06 ( 54, 13)
n=  6359   udiff=  3.6226E-06 ( 57, 16)   vdiff=  5.7526E-06 ( 57, 17)
n=  6360   udiff=  3.6172E-06 ( 58, 11)   vdiff=  5.4135E-06 ( 59, 14)
n=  6361   udiff=  4.2210E-06 ( 56, 15)   vdiff=  6.8295E-06 ( 55, 15)
n=  6362   udiff=  3.5610E-06 ( 55, 11)   vdiff=  6.0708E-06 ( 58, 11)
n=  6363   udiff=  3.7833E-06 ( 54, 11)   vdiff=  5.0781E-06 ( 60, 13)
n=  6364   udiff=  3.2179E-06 ( 58, 11)   vdiff=  5.1224E-06 ( 57, 12)
n=  6365   udiff=  5.3535E-06 ( 55, 12)   vdiff=  5.5193E-06 ( 57, 17)
n=  6366   udiff=  4.8945E-06 ( 55, 12)   vdiff=  5.9556E-06 ( 54, 12)
n=  6367   udiff=  3.5374E-06 ( 59, 11)   vdiff=  5.9783E-06 ( 55, 18)
n=  6368   udiff=  3.2379E-06 ( 61, 11)   vdiff=  5.7220E-06 ( 57, 12)
n=  6369   udiff=  3.9791E-06 ( 55, 12)   vdiff=  5.5727E-06 ( 56, 14)
n=  6370   udiff=  4.7445E-06 ( 56, 15)   vdiff=  6.2670E-06 ( 55, 15)
n=  6371   udiff=  3.3320E-06 ( 57, 18)   vdiff=  4.9088E-06 ( 56, 18)
n=  6372   udiff=  3.6939E-06 ( 56,  9)   vdiff=  6.3343E-06 ( 58, 11)
n=  6373   udiff=  3.1086E-06 ( 60, 15)   vdiff=  5.1427E-06 ( 56, 15)
n=  6374   udiff=  3.2277E-06 ( 61, 11)   vdiff=  7.7986E-06 ( 54, 13)
n=  6375   udiff=  3.8144E-06 ( 56, 12)   vdiff=  5.8181E-06 ( 56, 12)
n=  6376   udiff=  2.9494E-06 ( 59, 10)   vdiff=  5.7602E-06 ( 58, 15)
n=  6377   udiff=  3.2727E-06 ( 60, 11)   vdiff=  5.9809E-06 ( 58, 11)
n=  6378   udiff=  3.3964E-06 ( 60, 11)   vdiff=  7.1602E-06 ( 54, 13)
n=  6379   udiff=  3.1939E-06 ( 57, 15)   vdiff=  5.2608E-06 ( 57, 12)
n=  6380   udiff=  3.6980E-06 ( 58, 16)   vdiff=  5.5730E-06 ( 58, 15)
n=  6381   udiff=  3.4587E-06 ( 60, 14)   vdiff=  6.0739E-06 ( 59, 14)
n=  6382   udiff=  3.2956E-06 ( 57, 18)   vdiff=  5.0731E-06 ( 56, 18)
n=  6383   udiff=  3.7519E-06 ( 55, 13)   vdiff=  6.8785E-06 ( 54, 12)
n=  6384   udiff=  3.5722E-06 ( 59, 16)   vdiff=  5.1426E-06 ( 56, 15)
n=  6385   udiff=  2.7569E-06 ( 54, 13)   vdiff=  5.3866E-06 ( 56, 14)
n=  6386   udiff=  3.8126E-06 ( 55, 11)   vdiff=  5.2879E-06 ( 57, 17)
n=  6387   udiff=  3.7284E-06 ( 55, 11)   vdiff=  5.9477E-06 ( 59, 14)
n=  6388   udiff=  3.6599E-06 ( 55, 16)   vdiff=  6.0571E-06 ( 58, 15)
n=  6389   udiff=  4.0922E-06 ( 55, 12)   vdiff=  5.5444E-06 ( 54, 12)
n=  6390   udiff=  4.9709E-06 ( 54, 12)   vdiff=  6.0012E-06 ( 54, 13)
n=  6391   udiff=  3.0740E-06 ( 57, 14)   vdiff=  5.2428E-06 ( 56, 15)
n=  6392   udiff=  3.5328E-06 ( 56, 11)   vdiff=  5.7709E-06 ( 56, 12)
n=  6393   udiff=  3.7460E-06 ( 59, 16)   vdiff=  5.5902E-06 ( 57, 12)
n=  6394   udiff=  3.2723E-06 ( 55, 13)   vdiff=  7.8024E-06 ( 54, 13)
n=  6395   udiff=  3.4228E-06 ( 60, 13)   vdiff=  5.4809E-06 ( 55, 12)
n=  6396   udiff=  3.3631E-06 ( 59, 16)   vdiff=  6.0941E-06 ( 56, 12)
n=  6397   udiff=  2.8503E-06 ( 60, 13)   vdiff=  6.8139E-06 ( 55, 18)
n=  6398   udiff=  3.2316E-06 ( 56, 17)   vdiff=  5.1321E-06 ( 60, 12)
n=  6399   udiff=  3.9266E-06 ( 55, 16)   vdiff=  7.5556E-06 ( 54, 12)
n=  6400   udiff=  3.4973E-06 ( 58, 14)   vdiff=  5.6510E-06 ( 56, 14)
n=  6401   udiff=  3.3267E-06 ( 60, 13)   vdiff=  5.6614E-06 ( 57, 12)
n=  6402   udiff=  4.1270E-06 ( 59, 11)   vdiff=  5.5099E-06 ( 59, 11)
n=  6403   udiff=  3.9195E-06 ( 61, 12)   vdiff=  5.9107E-06 ( 56, 15)
n=  6404   udiff=  3.0822E-06 ( 60, 12)   vdiff=  5.1383E-06 ( 55, 12)
n=  6405   udiff=  3.9651E-06 ( 54, 12)   vdiff=  5.4777E-06 ( 57, 17)
n=  6406   udiff=  2.8210E-06 ( 61, 11)   vdiff=  5.6695E-06 ( 60, 12)
n=  6407   udiff=  4.3755E-06 ( 55, 13)   vdiff=  6.4788E-06 ( 58, 11)
n=  6408   udiff=  3.3217E-06 ( 60, 11)   vdiff=  5.0040E-06 ( 60, 13)
n=  6409   udiff=  2.7989E-06 ( 58, 11)   vdiff=  5.4564E-06 ( 57, 12)
n=  6410   udiff=  4.0870E-06 ( 58, 17)   vdiff=  5.5996E-06 ( 61, 12)
n=  6411   udiff=  3.4057E-06 ( 59, 16)   vdiff=  5.8810E-06 ( 58, 16)
n=  6412   udiff=  4.0415E-06 ( 59, 11)   vdiff=  6.1043E-06 ( 55, 18)
n=  6413   udiff=  3.3783E-06 ( 60, 13)   vdiff=  5.3092E-06 ( 55, 12)
n=  6414   udiff=  3.2207E-06 ( 54, 13)   vdiff=  7.1954E-06 ( 54, 13)
n=  6415   udiff=  3.9989E-06 ( 61, 12)   vdiff=  6.1391E-06 ( 58, 11)
n=  6416   udiff=  3.8280E-06 ( 59, 16)   vdiff=  5.4798E-06 ( 58, 16)
n=  6417   udiff=  3.4085E-06 ( 60, 14)   vdiff=  5.4882E-06 ( 59, 14)
n=  6418   udiff=  2.7040E-06 ( 57, 17)   vdiff=  4.4216E-06 ( 56, 18)
n=  6419   udiff=  3.7264E-06 ( 55, 13)   vdiff=  6.9706E-06 ( 54, 12)
n=  6420   udiff=  4.4089E-06 ( 58, 15)   vdiff=  5.1737E-06 ( 57, 17)
n=  6421   udiff=  3.6530E-06 ( 58, 11)   vdiff=  7.1363E-06 ( 56, 15)
n=  6422   udiff=  3.6994E-06 ( 55, 11)   vdiff=  5.5377E-06 ( 55, 12)
n=  6423   udiff=  3.6560E-06 ( 55, 11)   vdiff=  5.0126E-06 ( 59, 13)
n=  6424   udiff=  3.3249E-06 ( 58, 14)   vdiff=  6.0689E-06 ( 55, 18)
n=  6425   udiff=  3.2261E-06 ( 55, 11)   vdiff=  5.8585E-06 ( 57, 18)
n=  6426   udiff=  3.8393E-06 ( 55, 11)   vdiff=  7.4997E-06 ( 54, 13)
n=  6427   udiff=  4.2075E-06 ( 59, 11)   vdiff=  5.6560E-06 ( 59, 11)
n=  6428   udiff=  4.1553E-06 ( 61, 12)   vdiff=  5.4789E-06 ( 61, 12)
n=  6429   udiff=  4.4890E-06 ( 56, 15)   vdiff=  6.2160E-06 ( 55, 15)
n=  6430   udiff=  3.9417E-06 ( 60, 12)   vdiff=  7.1086E-06 ( 54, 13)
n=  6431   udiff=  3.8586E-06 ( 55, 11)   vdiff=  5.5239E-06 ( 57, 17)
n=  6432   udiff=  3.8098E-06 ( 57, 15)   vdiff=  6.6320E-06 ( 58, 11)
n=  6433   udiff=  3.0247E-06 ( 59,  8)   vdiff=  5.4342E-06 ( 58, 15)
n=  6434   udiff=  3.4275E-06 ( 56, 16)   vdiff=  4.9735E-06 ( 55, 13)
n=  6435   udiff=  3.7746E-06 ( 60, 10)   vdiff=  6.4282E-06 ( 55, 18)
n=  6436   udiff=  4.1144E-06 ( 56, 12)   vdiff=  6.2340E-06 ( 56, 12)
n=  6437   udiff=  4.5227E-06 ( 59, 16)   vdiff=  5.5928E-06 ( 59, 11)
n=  6438   udiff=  4.0153E-06 ( 57, 15)   vdiff=  5.5113E-06 ( 57, 12)
n=  6439   udiff=  3.7770E-06 ( 56, 13)   vdiff=  5.3344E-06 ( 56, 14)
n=  6440   udiff=  3.7932E-06 ( 61, 12)   vdiff=  7.1499E-06 ( 54, 13)
n=  6441   udiff=  2.8989E-06 ( 60, 12)   vdiff=  5.1367E-06 ( 55, 12)
n=  6442   udiff=  4.7347E-06 ( 59, 10)   vdiff=  5.8965E-06 ( 58, 11)
n=  6443   udiff=  4.6836E-06 ( 56, 15)   vdiff=  6.2737E-06 ( 55, 15)
n=  6444   udiff=  3.0278E-06 ( 58, 14)   vdiff=  5.7172E-06 ( 58, 15)
n=  6445   udiff=  3.1154E-06 ( 59,  9)   vdiff=  5.2638E-06 ( 56, 14)
n=  6446   udiff=  3.3546E-06 ( 54, 13)   vdiff=  5.4980E-06 ( 55, 12)
n=  6447   udiff=  4.6089E-06 ( 59, 10)   vdiff=  6.2901E-06 ( 58, 11)
n=  6448   udiff=  3.6482E-06 ( 55, 11)   vdiff=  5.8065E-06 ( 55, 12)
n=  6449   udiff=  2.8539E-06 ( 57, 16)   vdiff=  4.2538E-06 ( 53, 12)
n=  6450   udiff=  3.2902E-06 ( 57, 17)   vdiff=  7.0211E-06 ( 54, 12)
n=  6451   udiff=  5.0746E-06 ( 59, 15)   vdiff=  5.9262E-06 ( 59, 14)
n=  6452   udiff=  4.5158E-06 ( 56, 15)   vdiff=  6.0650E-06 ( 55, 15)
n=  6453   udiff=  3.7289E-06 ( 60, 13)   vdiff=  5.1972E-06 ( 58, 18)
n=  6454   udiff=  2.8042E-06 ( 55, 10)   vdiff=  5.3844E-06 ( 54, 12)
n=  6455   udiff=  3.7890E-06 ( 58, 11)   vdiff=  5.0099E-06 ( 58, 16)
n=  6456   udiff=  3.5727E-06 ( 56, 11)   vdiff=  5.9119E-06 ( 54, 13)
n=  6457   udiff=  3.1483E-06 ( 59, 14)   vdiff=  6.6986E-06 ( 58, 11)
n=  6458   udiff=  3.7431E-06 ( 57, 15)   vdiff=  5.6246E-06 ( 60, 12)
n=  6459   udiff=  3.6662E-06 ( 55, 11)   vdiff=  5.7791E-06 ( 55, 12)
n=  6460   udiff=  3.4775E-06 ( 54, 12)   vdiff=  5.7245E-06 ( 54, 13)
n=  6461   udiff=  3.2161E-06 ( 56, 16)   vdiff=  5.3293E-06 ( 57, 12)
n=  6462   udiff=  2.9953E-06 ( 58, 15)   vdiff=  5.2245E-06 ( 56, 18)
n=  6463   udiff=  2.9269E-06 ( 59, 12)   vdiff=  5.9114E-06 ( 59, 14)
n=  6464   udiff=  3.2531E-06 ( 57, 14)   vdiff=  5.6441E-06 ( 57, 17)
n=  6465   udiff=  3.3291E-06 ( 56, 16)   vdiff=  5.6940E-06 ( 56, 14)
n=  6466   udiff=  3.4911E-06 ( 54, 13)   vdiff=  6.8846E-06 ( 55, 18)
n=  6467   udiff=  3.7463E-06 ( 54, 12)   vdiff=  6.3281E-06 ( 58, 11)
n=  6468   udiff=  3.5750E-06 ( 57, 17)   vdiff=  4.8234E-06 ( 56, 18)
n=  6469   udiff=  4.2358E-06 ( 59, 15)   vdiff=  5.5055E-06 ( 57, 12)
n=  6470   udiff=  4.1667E-06 ( 55, 11)   vdiff=  5.9011E-06 ( 57, 17)
n=  6471   udiff=  4.2519E-06 ( 55, 11)   vdiff=  5.7800E-06 ( 54, 13)
n=  6472   udiff=  4.0349E-06 ( 57, 15)   vdiff=  6.0679E-06 ( 59, 11)
n=  6473   udiff=  5.0564E-06 ( 59, 15)   vdiff=  6.0228E-06 ( 57, 12)
n=  6474   udiff=  3.3207E-06 ( 57, 18)   vdiff=  5.2745E-06 ( 57, 17)
n=  6475   udiff=  2.9175E-06 ( 57, 11)   vdiff=  5.3780E-06 ( 55, 12)
n=  6476   udiff=  3.8105E-06 ( 55, 11)   vdiff=  5.2428E-06 ( 60, 12)
n=  6477   udiff=  4.0281E-06 ( 60, 14)   vdiff=  6.1240E-06 ( 56, 12)
n=  6478   udiff=  3.2124E-06 ( 54, 13)   vdiff=  7.6595E-06 ( 54, 13)
n=  6479   udiff=  3.5974E-06 ( 56, 13)   vdiff=  5.7548E-06 ( 57, 17)
n=  6480   udiff=  3.1938E-06 ( 54, 15)   vdiff=  5.2175E-06 ( 57, 15)
n=  6481   udiff=  3.7361E-06 ( 57, 15)   vdiff=  4.4912E-06 ( 57, 18)
n=  6482   udiff=  3.4945E-06 ( 55, 13)   vdiff=  7.5490E-06 ( 54, 13)
n=  6483   udiff=  3.7066E-06 ( 60, 14)   vdiff=  5.5468E-06 ( 55, 12)
n=  6484   udiff=  3.3847E-06 ( 60, 14)   vdiff=  5.1957E-06 ( 58,  9)
n=  6485   udiff=  3.8631E-06 ( 60, 13)   vdiff=  7.7651E-06 ( 56, 15)
n=  6486   udiff=  3.4361E-06 ( 60, 12)   vdiff=  5.4130E-06 ( 55, 12)
n=  6487   udiff=  4.2382E-06 ( 60, 12)   vdiff=  7.1596E-06 ( 54, 12)
n=  6488   udiff=  4.5616E-06 ( 60, 12)   vdiff=  5.7559E-06 ( 58, 12)
n=  6489   udiff=  4.1462E-06 ( 60, 12)   vdiff=  4.9795E-06 ( 59, 14)
n=  6490   udiff=  3.2211E-06 ( 58, 16)   vdiff=  5.6986E-06 ( 54, 12)
n=  6491   udiff=  3.7953E-06 ( 61, 12)   vdiff=  5.4218E-06 ( 55, 12)
n=  6492   udiff=  3.3358E-06 ( 60, 12)   vdiff=  6.2296E-06 ( 58, 11)
n=  6493   udiff=  3.3507E-06 ( 57, 18)   vdiff=  5.4340E-06 ( 56, 18)
n=  6494   udiff=  3.1357E-06 ( 58, 14)   vdiff=  6.1426E-06 ( 57, 12)
n=  6495   udiff=  3.5630E-06 ( 54, 12)   vdiff=  5.7194E-06 ( 59, 14)
n=  6496   udiff=  4.0255E-06 ( 58, 17)   vdiff=  5.7893E-06 ( 56, 12)
n=  6497   udiff=  2.9039E-06 ( 57, 18)   vdiff=  5.0788E-06 ( 55, 12)
n=  6498   udiff=  3.4500E-06 ( 58, 12)   vdiff=  7.8326E-06 ( 54, 13)
n=  6499   udiff=  4.0208E-06 ( 56, 15)   vdiff=  6.4988E-06 ( 55, 15)
n=  6500   udiff=  3.8900E-06 ( 60, 13)   vdiff=  5.9186E-06 ( 58, 15)
n=  6501   udiff=  3.9284E-06 ( 55, 11)   vdiff=  5.5612E-06 ( 57, 17)
n=  6502   udiff=  3.3848E-06 ( 58, 12)   vdiff=  6.3768E-06 ( 58, 11)
n=  6503   udiff=  4.5036E-06 ( 55, 12)   vdiff=  5.7297E-06 ( 54, 12)
n=  6504   udiff=  3.6572E-06 ( 60, 12)   vdiff=  4.4090E-06 ( 58,  9)
n=  6505   udiff=  4.2252E-06 ( 60, 12)   vdiff=  5.1587E-06 ( 56, 18)
n=  6506   udiff=  3.9531E-06 ( 60, 13)   vdiff=  6.2671E-06 ( 56, 14)
n=  6507   udiff=  5.0323E-06 ( 55, 12)   vdiff=  4.9652E-06 ( 61, 12)
n=  6508   udiff=  4.2786E-06 ( 55, 12)   vdiff=  4.5858E-06 ( 54, 12)
n=  6509   udiff=  3.3829E-06 ( 59, 16)   vdiff=  5.4506E-06 ( 56, 15)
n=  6510   udiff=  3.2490E-06 ( 61, 11)   vdiff=  5.5830E-06 ( 58, 15)
n=  6511   udiff=  3.8992E-06 ( 55, 13)   vdiff=  7.7524E-06 ( 54, 13)
n=  6512   udiff=  3.4566E-06 ( 60, 10)   vdiff=  5.4473E-06 ( 58, 18)
n=  6513   udiff=  3.2789E-06 ( 60, 13)   vdiff=  5.6244E-06 ( 58, 15)
n=  6514   udiff=  3.7118E-06 ( 60, 12)   vdiff=  6.0083E-06 ( 56, 15)
n=  6515   udiff=  4.0842E-06 ( 60, 12)   vdiff=  5.8867E-06 ( 56, 14)
n=  6516   udiff=  3.9338E-06 ( 60, 12)   vdiff=  5.5895E-06 ( 56, 15)
n=  6517   udiff=  4.7167E-06 ( 60, 12)   vdiff=  5.8100E-06 ( 57, 18)
n=  6518   udiff=  3.3552E-06 ( 59, 16)   vdiff=  5.6474E-06 ( 58, 16)
n=  6519   udiff=  3.6053E-06 ( 56, 16)   vdiff=  6.9628E-06 ( 55, 18)
n=  6520   udiff=  3.7422E-06 ( 54, 12)   vdiff=  5.2254E-06 ( 55, 12)
n=  6521   udiff=  3.1581E-06 ( 58, 11)   vdiff=  5.6876E-06 ( 57, 12)
n=  6522   udiff=  3.8870E-06 ( 57, 17)   vdiff=  4.4872E-06 ( 57, 15)
n=  6523   udiff=  5.0409E-06 ( 59, 15)   vdiff=  8.0077E-06 ( 54, 13)
n=  6524   udiff=  2.6512E-06 ( 59, 15)   vdiff=  4.5466E-06 ( 58,  9)
n=  6525   udiff=  3.6044E-06 ( 58, 12)   vdiff=  5.6060E-06 ( 58, 12)
n=  6526   udiff=  3.9602E-06 ( 55, 12)   vdiff=  5.5521E-06 ( 54, 12)
n=  6527   udiff=  3.8437E-06 ( 57, 16)   vdiff=  5.6655E-06 ( 56, 14)
n=  6528   udiff=  3.0139E-06 ( 57, 16)   vdiff=  5.8472E-06 ( 56, 15)
n=  6529   udiff=  3.8018E-06 ( 58, 11)   vdiff=  6.0618E-06 ( 54, 13)
n=  6530   udiff=  3.0859E-06 ( 60, 11)   vdiff=  5.6252E-06 ( 56, 15)
n=  6531   udiff=  3.1267E-06 ( 60, 13)   vdiff=  6.6056E-06 ( 58, 11)
n=  6532   udiff=  4.3318E-06 ( 58, 17)   vdiff=  5.4916E-06 ( 60, 12)
n=  6533   udiff=  3.2465E-06 ( 56, 16)   vdiff=  5.6061E-06 ( 54, 13)
n=  6534   udiff=  3.5176E-06 ( 58, 11)   vdiff=  6.9822E-06 ( 55, 18)
n=  6535   udiff=  3.0205E-06 ( 55, 12)   vdiff=  5.8277E-06 ( 54, 12)
n=  6536   udiff=  3.2493E-06 ( 60, 12)   vdiff=  6.3750E-06 ( 58, 11)
n=  6537   udiff=  3.8679E-06 ( 59, 16)   vdiff=  5.8098E-06 ( 55, 12)
n=  6538   udiff=  4.1070E-06 ( 55, 11)   vdiff=  5.5483E-06 ( 57, 12)
n=  6539   udiff=  4.1428E-06 ( 60, 12)   vdiff=  5.3557E-06 ( 55, 12)
n=  6540   udiff=  3.5353E-06 ( 60, 12)   vdiff=  6.5073E-06 ( 56, 12)
n=  6541   udiff=  4.4661E-06 ( 59, 15)   vdiff=  6.5190E-06 ( 58, 11)
n=  6542   udiff=  3.5682E-06 ( 60, 12)   vdiff=  5.7331E-06 ( 57, 17)
n=  6543   udiff=  4.1222E-06 ( 56, 14)   vdiff=  7.7247E-06 ( 54, 13)
n=  6544   udiff=  3.5709E-06 ( 57, 17)   vdiff=  6.1676E-06 ( 56, 12)
n=  6545   udiff=  2.7173E-06 ( 58, 14)   vdiff=  6.1757E-06 ( 55, 18)
n=  6546   udiff=  3.7475E-06 ( 57, 15)   vdiff=  5.0581E-06 ( 55, 12)
n=  6547   udiff=  3.9292E-06 ( 55, 11)   vdiff=  6.9266E-06 ( 54, 13)
n=  6548   udiff=  4.2855E-06 ( 55, 16)   vdiff=  5.5650E-06 ( 53, 15)
n=  6549   udiff=  3.3081E-06 ( 60, 11)   vdiff=  4.8221E-06 ( 60, 13)
n=  6550   udiff=  5.2278E-06 ( 59, 15)   vdiff=  5.2341E-06 ( 60, 12)
n=  6551   udiff=  3.4345E-06 ( 56, 16)   vdiff=  6.5504E-06 ( 56, 12)
n=  6552   udiff=  3.7660E-06 ( 55, 13)   vdiff=  6.9585E-06 ( 54, 12)
n=  6553   udiff=  4.7468E-06 ( 58, 17)   vdiff=  5.7421E-06 ( 59, 14)
n=  6554   udiff=  4.2192E-06 ( 58, 15)   vdiff=  5.1283E-06 ( 56, 12)
n=  6555   udiff=  3.6425E-06 ( 57, 15)   vdiff=  5.1106E-06 ( 54, 11)
n=  6556   udiff=  3.4718E-06 ( 57, 17)   vdiff=  5.2534E-06 ( 55, 18)
n=  6557   udiff=  3.0228E-06 ( 60, 11)   vdiff=  5.9427E-06 ( 57, 12)
n=  6558   udiff=  3.4445E-06 ( 58, 15)   vdiff=  6.0071E-06 ( 58, 15)
n=  6559   udiff=  5.3686E-06 ( 55, 12)   vdiff=  5.9248E-06 ( 59, 14)
n=  6560   udiff=  4.7627E-06 ( 55, 12)   vdiff=  5.7912E-06 ( 54, 12)
n=  6561   udiff=  2.9544E-06 ( 59, 11)   vdiff=  5.9629E-06 ( 58, 11)
n=  6562   udiff=  2.6446E-06 ( 59, 15)   vdiff=  5.4250E-06 ( 55, 12)
n=  6563   udiff=  3.4052E-06 ( 61, 11)   vdiff=  6.5393E-06 ( 54, 12)
n=  6564   udiff=  2.7833E-06 ( 55, 13)   vdiff=  5.5918E-06 ( 58, 15)
n=  6565   udiff=  3.4252E-06 ( 60, 14)   vdiff=  5.9148E-06 ( 59, 14)
n=  6566   udiff=  3.7623E-06 ( 55, 15)   vdiff=  6.5735E-06 ( 55, 18)
n=  6567   udiff=  3.8608E-06 ( 56, 13)   vdiff=  6.2697E-06 ( 56, 14)
n=  6568   udiff=  4.7317E-06 ( 57, 17)   vdiff=  5.7164E-06 ( 56, 15)
n=  6569   udiff=  3.2744E-06 ( 54, 15)   vdiff=  5.5873E-06 ( 53, 15)
n=  6570   udiff=  3.0968E-06 ( 54, 12)   vdiff=  5.6698E-06 ( 54, 13)
n=  6571   udiff=  3.8421E-06 ( 60, 14)   vdiff=  6.1088E-06 ( 59, 14)
n=  6572   udiff=  3.5612E-06 ( 54, 11)   vdiff=  4.9325E-06 ( 58, 16)
n=  6573   udiff=  3.7866E-06 ( 56, 14)   vdiff=  6.3419E-06 ( 58, 15)
n=  6574   udiff=  3.9009E-06 ( 55, 11)   vdiff=  5.7620E-06 ( 55, 12)
n=  6575   udiff=  4.0440E-06 ( 55, 11)   vdiff=  7.1963E-06 ( 55, 18)
n=  6576   udiff=  3.5677E-06 ( 57, 15)   vdiff=  6.3335E-06 ( 58, 11)
n=  6577   udiff=  4.0537E-06 ( 61, 12)   vdiff=  5.9560E-06 ( 56, 12)
n=  6578   udiff=  4.4815E-06 ( 58, 17)   vdiff=  4.4645E-06 ( 59, 14)
n=  6579   udiff=  4.2590E-06 ( 60, 12)   vdiff=  5.7399E-06 ( 53, 15)
n=  6580   udiff=  3.6930E-06 ( 60, 12)   vdiff=  5.6089E-06 ( 54, 13)
n=  6581   udiff=  3.7639E-06 ( 59, 16)   vdiff=  6.1555E-06 ( 58, 11)
n=  6582   udiff=  3.3765E-06 ( 60, 11)   vdiff=  5.5031E-06 ( 56, 15)
n=  6583   udiff=  3.7214E-06 ( 57, 16)   vdiff=  5.9102E-06 ( 59, 14)
n=  6584   udiff=  3.2958E-06 ( 54, 13)   vdiff=  5.3042E-06 ( 54, 12)
n=  6585   udiff=  3.6184E-06 ( 55, 11)   vdiff=  5.6048E-06 ( 55, 12)
n=  6586   udiff=  3.2251E-06 ( 59,  9)   vdiff=  6.3795E-06 ( 56, 12)
n=  6587   udiff=  3.1051E-06 ( 57, 16)   vdiff=  6.5371E-06 ( 55, 18)
n=  6588   udiff=  3.2933E-06 ( 57, 16)   vdiff=  5.7144E-06 ( 56, 15)
n=  6589   udiff=  3.8310E-06 ( 54, 12)   vdiff=  5.9202E-06 ( 54, 13)
n=  6590   udiff=  2.9575E-06 ( 59,  8)   vdiff=  5.6366E-06 ( 58, 16)
n=  6591   udiff=  3.0791E-06 ( 55, 10)   vdiff=  6.5180E-06 ( 58, 15)
n=  6592   udiff=  4.0540E-06 ( 60, 12)   vdiff=  5.2756E-06 ( 56, 14)
n=  6593   udiff=  4.1318E-06 ( 57, 15)   vdiff=  5.3978E-06 ( 55, 12)
n=  6594   udiff=  3.5949E-06 ( 57, 15)   vdiff=  5.8807E-06 ( 56, 12)
n=  6595   udiff=  4.1734E-06 ( 60, 12)   vdiff=  5.4425E-06 ( 54, 13)
n=  6596   udiff=  3.9212E-06 ( 56, 16)   vdiff=  4.4700E-06 ( 59, 11)
n=  6597   udiff=  2.6914E-06 ( 58, 17)   vdiff=  5.2355E-06 ( 56, 15)
n=  6598   udiff=  4.4393E-06 ( 58, 17)   vdiff=  4.9903E-06 ( 56, 14)
n=  6599   udiff=  3.2077E-06 ( 57, 15)   vdiff=  5.1217E-06 ( 60, 12)
n=  6600   udiff=  4.1911E-06 ( 57, 15)   vdiff=  5.1638E-06 ( 57, 12)
n=  6601   udiff=  3.8913E-06 ( 55, 11)   vdiff=  6.2668E-06 ( 55, 18)
n=  6602   udiff=  3.7096E-06 ( 55, 11)   vdiff=  6.1723E-06 ( 58, 11)
n=  6603   udiff=  2.9871E-06 ( 56, 13)   vdiff=  5.7060E-06 ( 56, 14)
n=  6604   udiff=  3.8186E-06 ( 61, 12)   vdiff=  5.8326E-06 ( 54, 13)
n=  6605   udiff=  2.9886E-06 ( 57, 17)   vdiff=  5.4597E-06 ( 55, 12)
n=  6606   udiff=  3.3340E-06 ( 58, 11)   vdiff=  5.6427E-06 ( 57, 12)
n=  6607   udiff=  4.3247E-06 ( 59, 15)   vdiff=  5.9961E-06 ( 56, 12)
n=  6608   udiff=  3.0146E-06 ( 57, 14)   vdiff=  5.5881E-06 ( 57, 17)
n=  6609   udiff=  3.1469E-06 ( 55, 13)   vdiff=  7.3425E-06 ( 54, 13)
n=  6610   udiff=  3.6953E-06 ( 60, 10)   vdiff=  5.6408E-06 ( 57, 12)
n=  6611   udiff=  3.9878E-06 ( 59, 16)   vdiff=  5.0942E-06 ( 58, 16)
n=  6612   udiff=  4.2648E-06 ( 56, 13)   vdiff=  6.0769E-06 ( 58, 11)
n=  6613   udiff=  4.0071E-06 ( 54, 11)   vdiff=  7.1055E-06 ( 54, 13)
n=  6614   udiff=  3.1209E-06 ( 58, 11)   vdiff=  5.5416E-06 ( 57, 12)
n=  6615   udiff=  3.2227E-06 ( 60, 15)   vdiff=  5.3597E-06 ( 56, 15)
n=  6616   udiff=  3.4112E-06 ( 57, 14)   vdiff=  4.0476E-06 ( 58,  9)
n=  6617   udiff=  4.7123E-06 ( 61, 12)   vdiff=  5.5740E-06 ( 61, 12)
n=  6618   udiff=  3.1114E-06 ( 55, 13)   vdiff=  7.6471E-06 ( 54, 13)
n=  6619   udiff=  3.8338E-06 ( 58, 11)   vdiff=  5.6831E-06 ( 59, 14)
n=  6620   udiff=  4.3326E-06 ( 59, 15)   vdiff=  5.1307E-06 ( 57, 15)
n=  6621   udiff=  3.4434E-06 ( 60, 13)   vdiff=  5.4573E-06 ( 56, 18)
n=  6622   udiff=  4.1949E-06 ( 59, 11)   vdiff=  5.7599E-06 ( 54, 13)
n=  6623   udiff=  3.4087E-06 ( 55, 11)   vdiff=  5.4847E-06 ( 57, 17)
n=  6624   udiff=  3.4813E-06 ( 55, 11)   vdiff=  5.8865E-06 ( 58, 15)
n=  6625   udiff=  3.4245E-06 ( 60, 14)   vdiff=  5.9258E-06 ( 55, 12)
n=  6626   udiff=  3.1318E-06 ( 55, 13)   vdiff=  5.8028E-06 ( 54, 12)
n=  6627   udiff=  3.5658E-06 ( 60, 13)   vdiff=  6.4484E-06 ( 58, 11)
n=  6628   udiff=  3.1428E-06 ( 60, 11)   vdiff=  4.8083E-06 ( 56, 10)
n=  6629   udiff=  3.2527E-06 ( 59, 14)   vdiff=  5.6407E-06 ( 57, 12)
n=  6630   udiff=  3.4739E-06 ( 59, 16)   vdiff=  5.1395E-06 ( 58, 16)
n=  6631   udiff=  3.4512E-06 ( 60, 14)   vdiff=  7.8938E-06 ( 54, 13)
n=  6632   udiff=  4.1175E-06 ( 56, 12)   vdiff=  5.3909E-06 ( 56, 12)
n=  6633   udiff=  3.6705E-06 ( 60, 13)   vdiff=  7.1643E-06 ( 56, 15)
n=  6634   udiff=  4.0576E-06 ( 59, 15)   vdiff=  5.4733E-06 ( 55, 12)
n=  6635   udiff=  4.3049E-06 ( 61, 12)   vdiff=  5.9340E-06 ( 57, 18)
n=  6636   udiff=  2.9000E-06 ( 59,  9)   vdiff=  4.8517E-06 ( 58, 18)
n=  6637   udiff=  4.4426E-06 ( 58, 15)   vdiff=  6.0445E-06 ( 59, 14)
n=  6638   udiff=  3.0153E-06 ( 57, 11)   vdiff=  4.5006E-06 ( 58, 18)
n=  6639   udiff=  4.2696E-06 ( 61, 12)   vdiff=  5.4972E-06 ( 57, 12)
n=  6640   udiff=  3.9759E-06 ( 57, 17)   vdiff=  7.3894E-06 ( 54, 13)
n=  6641   udiff=  3.7212E-06 ( 56, 13)   vdiff=  5.8473E-06 ( 56, 14)
n=  6642   udiff=  3.0802E-06 ( 60, 11)   vdiff=  5.2982E-06 ( 56, 15)
n=  6643   udiff=  4.3824E-06 ( 59, 15)   vdiff=  6.1176E-06 ( 58, 11)
n=  6644   udiff=  3.7240E-06 ( 55, 11)   vdiff=  6.5129E-06 ( 54, 13)
n=  6645   udiff=  4.5012E-06 ( 56, 15)   vdiff=  6.7183E-06 ( 55, 15)
n=  6646   udiff=  3.1787E-06 ( 60, 11)   vdiff=  5.0347E-06 ( 58,  9)
n=  6647   udiff=  3.0230E-06 ( 59, 15)   vdiff=  4.6287E-06 ( 60, 13)
n=  6648   udiff=  4.8367E-06 ( 59, 15)   vdiff=  5.8946E-06 ( 56, 15)
n=  6649   udiff=  3.7414E-06 ( 60, 12)   vdiff=  6.0966E-06 ( 56, 14)
n=  6650   udiff=  4.0818E-06 ( 54, 12)   vdiff=  6.2554E-06 ( 55, 18)
n=  6651   udiff=  3.3454E-06 ( 60, 13)   vdiff=  4.4754E-06 ( 57, 18)
n=  6652   udiff=  3.4062E-06 ( 61, 11)   vdiff=  6.8930E-06 ( 56, 15)
n=  6653   udiff=  3.6354E-06 ( 60, 13)   vdiff=  5.6569E-06 ( 58, 15)
n=  6654   udiff=  3.4317E-06 ( 59, 10)   vdiff=  4.7635E-06 ( 60, 13)
n=  6655   udiff=  3.8806E-06 ( 60, 14)   vdiff=  5.6140E-06 ( 57, 18)
n=  6656   udiff=  3.8753E-06 ( 54, 12)   vdiff=  5.8641E-06 ( 54, 13)
n=  6657   udiff=  3.4934E-06 ( 55, 11)   vdiff=  5.4927E-06 ( 55, 12)
n=  6658   udiff=  4.6242E-06 ( 57, 14)   vdiff=  6.2670E-06 ( 55, 18)
n=  6659   udiff=  3.7357E-06 ( 60, 11)   vdiff=  5.5263E-06 ( 54, 12)
n=  6660   udiff=  3.3433E-06 ( 56, 17)   vdiff=  5.6844E-06 ( 55, 12)
n=  6661   udiff=  3.5315E-06 ( 58, 14)   vdiff=  6.2964E-06 ( 58, 11)
n=  6662   udiff=  3.2025E-06 ( 60, 11)   vdiff=  5.0729E-06 ( 60, 13)
n=  6663   udiff=  3.5714E-06 ( 60, 11)   vdiff=  5.4169E-06 ( 56, 12)
n=  6664   udiff=  3.1599E-06 ( 60, 12)   vdiff=  4.7546E-06 ( 58, 18)
n=  6665   udiff=  3.6965E-06 ( 60, 12)   vdiff=  5.2829E-06 ( 58,  9)
n=  6666   udiff=  3.5664E-06 ( 56, 13)   vdiff=  5.8821E-06 ( 56, 14)
n=  6667   udiff=  4.0467E-06 ( 58, 14)   vdiff=  6.4433E-06 ( 58, 11)
n=  6668   udiff=  3.1454E-06 ( 60, 11)   vdiff=  5.7326E-06 ( 60, 12)
n=  6669   udiff=  2.9169E-06 ( 59, 15)   vdiff=  5.5125E-06 ( 55, 12)
n=  6670   udiff=  2.8789E-06 ( 54, 13)   vdiff=  5.7783E-06 ( 54, 13)
n=  6671   udiff=  3.9366E-06 ( 59, 16)   vdiff=  5.5469E-06 ( 57, 12)
n=  6672   udiff=  4.2655E-06 ( 59, 11)   vdiff=  5.6386E-06 ( 59, 11)
n=  6673   udiff=  3.7791E-06 ( 55, 12)   vdiff=  6.1207E-06 ( 56, 12)
n=  6674   udiff=  4.5942E-06 ( 55, 12)   vdiff=  5.6587E-06 ( 54, 13)
n=  6675   udiff=  3.7426E-06 ( 58, 11)   vdiff=  6.3271E-06 ( 55, 15)
n=  6676   udiff=  3.4745E-06 ( 59, 16)   vdiff=  5.2032E-06 ( 58, 16)
n=  6677   udiff=  3.9084E-06 ( 54, 12)   vdiff=  6.5874E-06 ( 58, 11)
n=  6678   udiff=  2.6332E-06 ( 58, 15)   vdiff=  6.0361E-06 ( 55, 18)
n=  6679   udiff=  3.7926E-06 ( 58, 11)   vdiff=  6.3599E-06 ( 58, 15)
n=  6680   udiff=  3.8336E-06 ( 54, 13)   vdiff=  5.6943E-06 ( 54, 13)
n=  6681   udiff=  2.9729E-06 ( 57, 15)   vdiff=  5.0752E-06 ( 61, 12)
n=  6682   udiff=  4.0583E-06 ( 57, 14)   vdiff=  6.2716E-06 ( 59, 11)
n=  6683   udiff=  3.9350E-06 ( 57, 17)   vdiff=  4.3447E-06 ( 55, 17)
n=  6684   udiff=  2.6702E-06 ( 59,  9)   vdiff=  5.6316E-06 ( 57, 12)
n=  6685   udiff=  3.8726E-06 ( 55, 11)   vdiff=  6.1955E-06 ( 58, 15)
n=  6686   udiff=  4.0150E-06 ( 55, 11)   vdiff=  7.3395E-06 ( 54, 13)
n=  6687   udiff=  3.7882E-06 ( 56, 18)   vdiff=  5.4437E-06 ( 55, 18)
n=  6688   udiff=  3.2142E-06 ( 60, 13)   vdiff=  5.0443E-06 ( 56, 15)
n=  6689   udiff=  4.2043E-06 ( 55, 12)   vdiff=  5.4874E-06 ( 54, 12)
n=  6690   udiff=  4.5012E-06 ( 55, 12)   vdiff=  5.6839E-06 ( 54, 13)
n=  6691   udiff=  3.8522E-06 ( 57, 16)   vdiff=  5.1023E-06 ( 57, 17)
n=  6692   udiff=  3.6872E-06 ( 60, 14)   vdiff=  6.0129E-06 ( 57, 12)
n=  6693   udiff=  3.3419E-06 ( 55, 16)   vdiff=  6.1444E-06 ( 58, 15)
n=  6694   udiff=  2.8672E-06 ( 59, 15)   vdiff=  5.4782E-06 ( 58, 16)
n=  6695   udiff=  3.7253E-06 ( 59, 15)   vdiff=  4.9650E-06 ( 57, 17)
n=  6696   udiff=  4.0169E-06 ( 56, 13)   vdiff=  5.8077E-06 ( 56, 14)
n=  6697   udiff=  3.8203E-06 ( 54, 12)   vdiff=  5.6285E-06 ( 54, 12)
n=  6698   udiff=  5.3728E-06 ( 59, 11)   vdiff=  5.5499E-06 ( 59, 14)
n=  6699   udiff=  3.1692E-06 ( 59, 11)   vdiff=  5.5690E-06 ( 53, 15)
n=  6700   udiff=  3.4262E-06 ( 57, 16)   vdiff=  6.9911E-06 ( 54, 13)
n=  6701   udiff=  3.2597E-06 ( 57, 14)   vdiff=  5.6915E-06 ( 56, 15)
n=  6702   udiff=  3.0187E-06 ( 57, 11)   vdiff=  4.0522E-06 ( 60, 13)
n=  6703   udiff=  2.7812E-06 ( 60, 15)   vdiff=  6.1646E-06 ( 58, 11)
n=  6704   udiff=  3.0454E-06 ( 54, 12)   vdiff=  5.8308E-06 ( 54, 13)
n=  6705   udiff=  3.0590E-06 ( 57, 18)   vdiff=  5.4607E-06 ( 57, 18)
n=  6706   udiff=  3.6550E-06 ( 58, 14)   vdiff=  5.7574E-06 ( 54, 12)
n=  6707   udiff=  3.5528E-06 ( 57, 15)   vdiff=  4.8309E-06 ( 60, 13)
n=  6708   udiff=  4.5472E-06 ( 59, 10)   vdiff=  5.4147E-06 ( 55, 12)
n=  6709   udiff=  3.5553E-06 ( 60, 12)   vdiff=  5.3895E-06 ( 57, 17)
n=  6710   udiff=  4.0271E-06 ( 61, 12)   vdiff=  5.7090E-06 ( 54, 12)
n=  6711   udiff=  3.6364E-06 ( 58, 11)   vdiff=  5.2708E-06 ( 56, 14)
n=  6712   udiff=  4.4212E-06 ( 60, 12)   vdiff=  6.2582E-06 ( 56, 12)
n=  6713   udiff=  3.9437E-06 ( 57, 15)   vdiff=  6.1344E-06 ( 58, 11)
n=  6714   udiff=  3.6831E-06 ( 61, 12)   vdiff=  5.7361E-06 ( 61, 12)
n=  6715   udiff=  3.6172E-06 ( 60, 12)   vdiff=  5.4675E-06 ( 56, 12)
n=  6716   udiff=  3.0979E-06 ( 56, 16)   vdiff=  5.6325E-06 ( 58, 16)
n=  6717   udiff=  3.8734E-06 ( 54, 12)   vdiff=  6.2681E-06 ( 55, 18)
n=  6718   udiff=  3.1916E-06 ( 57, 14)   vdiff=  4.9222E-06 ( 58, 18)
n=  6719   udiff=  3.3240E-06 ( 60, 11)   vdiff=  5.4898E-06 ( 55, 12)
n=  6720   udiff=  3.9772E-06 ( 58, 17)   vdiff=  7.1986E-06 ( 54, 13)
n=  6721   udiff=  3.7878E-06 ( 58, 11)   vdiff=  5.5121E-06 ( 57, 12)
n=  6722   udiff=  3.1110E-06 ( 56, 12)   vdiff=  5.4091E-06 ( 58, 15)
n=  6723   udiff=  4.2178E-06 ( 60, 13)   vdiff=  6.1151E-06 ( 58, 11)
n=  6724   udiff=  3.4760E-06 ( 60, 13)   vdiff=  5.0521E-06 ( 58, 18)
n=  6725   udiff=  4.6106E-06 ( 56, 15)   vdiff=  6.9132E-06 ( 54, 12)
n=  6726   udiff=  3.6981E-06 ( 61, 12)   vdiff=  6.1383E-06 ( 58, 15)
n=  6727   udiff=  3.5003E-06 ( 60, 12)   vdiff=  5.0982E-06 ( 56, 14)
n=  6728   udiff=  4.3869E-06 ( 59, 11)   vdiff=  5.1461E-06 ( 59, 11)
n=  6729   udiff=  3.4611E-06 ( 59, 11)   vdiff=  6.1973E-06 ( 55, 18)
n=  6730   udiff=  3.6302E-06 ( 54, 13)   vdiff=  6.1238E-06 ( 54, 13)
n=  6731   udiff=  3.6157E-06 ( 58, 16)   vdiff=  5.6714E-06 ( 56, 15)
n=  6732   udiff=  2.7274E-06 ( 59, 13)   vdiff=  5.5830E-06 ( 56, 10)
n=  6733   udiff=  3.7272E-06 ( 54, 12)   vdiff=  6.2515E-06 ( 58, 11)
n=  6734   udiff=  3.3430E-06 ( 56, 12)   vdiff=  5.6041E-06 ( 56, 14)
n=  6735   udiff=  3.2955E-06 ( 55, 16)   vdiff=  5.3810E-06 ( 57, 12)
n=  6736   udiff=  4.6605E-06 ( 58, 17)   vdiff=  7.4518E-06 ( 54, 13)
n=  6737   udiff=  3.5087E-06 ( 60, 12)   vdiff=  5.4350E-06 ( 56, 10)
n=  6738   udiff=  4.3370E-06 ( 59, 11)   vdiff=  5.1624E-06 ( 58, 11)
n=  6739   udiff=  3.7113E-06 ( 54, 11)   vdiff=  5.4572E-06 ( 53, 15)
n=  6740   udiff=  3.7040E-06 ( 56, 13)   vdiff=  5.5753E-06 ( 58, 15)
n=  6741   udiff=  3.4439E-06 ( 55, 13)   vdiff=  7.3221E-06 ( 54, 12)
n=  6742   udiff=  3.8301E-06 ( 58, 16)   vdiff=  5.1517E-06 ( 57, 17)
n=  6743   udiff=  3.8123E-06 ( 60, 13)   vdiff=  5.8369E-06 ( 58, 15)
n=  6744   udiff=  3.9670E-06 ( 55, 11)   vdiff=  5.3484E-06 ( 55, 12)
n=  6745   udiff=  3.7257E-06 ( 55, 11)   vdiff=  5.1753E-06 ( 61, 12)
n=  6746   udiff=  3.1048E-06 ( 58, 17)   vdiff=  5.3583E-06 ( 56, 15)
n=  6747   udiff=  4.0494E-06 ( 57, 16)   vdiff=  6.1987E-06 ( 58, 11)
n=  6748   udiff=  3.3150E-06 ( 54, 12)   vdiff=  5.6611E-06 ( 54, 13)
n=  6749   udiff=  3.4332E-06 ( 54, 12)   vdiff=  5.7447E-06 ( 55, 18)
n=  6750   udiff=  4.0405E-06 ( 54, 11)   vdiff=  5.5690E-06 ( 59, 14)
n=  6751   udiff=  3.3853E-06 ( 58, 11)   vdiff=  5.1558E-06 ( 57, 12)
n=  6752   udiff=  3.7764E-06 ( 60, 12)   vdiff=  5.7018E-06 ( 54, 13)
n=  6753   udiff=  3.4462E-06 ( 60, 12)   vdiff=  6.1796E-06 ( 58, 11)
n=  6754   udiff=  3.8745E-06 ( 61, 12)   vdiff=  5.2345E-06 ( 56, 10)
n=  6755   udiff=  3.7780E-06 ( 55, 11)   vdiff=  5.1444E-06 ( 56, 14)
n=  6756   udiff=  3.3138E-06 ( 59,  9)   vdiff=  5.3923E-06 ( 54, 13)
n=  6757   udiff=  3.4033E-06 ( 56, 14)   vdiff=  6.4724E-06 ( 55, 15)
n=  6758   udiff=  3.9965E-06 ( 59, 11)   vdiff=  5.5590E-06 ( 57, 17)
n=  6759   udiff=  3.1299E-06 ( 59, 11)   vdiff=  5.8729E-06 ( 55, 12)
n=  6760   udiff=  3.2948E-06 ( 57, 15)   vdiff=  5.5425E-06 ( 54, 13)
n=  6761   udiff=  4.8394E-06 ( 60, 13)   vdiff=  5.6913E-06 ( 57, 12)
n=  6762   udiff=  3.5949E-06 ( 60, 13)   vdiff=  5.1864E-06 ( 56, 10)
n=  6763   udiff=  3.3459E-06 ( 56, 16)   vdiff=  7.2755E-06 ( 54, 13)
n=  6764   udiff=  3.7944E-06 ( 59, 16)   vdiff=  6.0585E-06 ( 55, 18)
n=  6765   udiff=  3.7450E-06 ( 58, 11)   vdiff=  4.3309E-06 ( 58, 12)
n=  6766   udiff=  3.7755E-06 ( 60, 12)   vdiff=  7.0301E-06 ( 56, 15)
n=  6767   udiff=  4.2529E-06 ( 58, 15)   vdiff=  4.9520E-06 ( 57, 15)
n=  6768   udiff=  3.3614E-06 ( 61, 12)   vdiff=  6.6819E-06 ( 58, 11)
n=  6769   udiff=  3.1251E-06 ( 60, 12)   vdiff=  5.1496E-06 ( 58,  9)
n=  6770   udiff=  3.3940E-06 ( 55, 12)   vdiff=  5.9748E-06 ( 53, 15)
n=  6771   udiff=  3.4335E-06 ( 56, 13)   vdiff=  5.8527E-06 ( 55, 12)
n=  6772   udiff=  3.6277E-06 ( 55, 11)   vdiff=  5.7586E-06 ( 56, 15)
n=  6773   udiff=  4.0070E-06 ( 60, 13)   vdiff=  5.7179E-06 ( 56, 10)
n=  6774   udiff=  3.5864E-06 ( 56, 12)   vdiff=  5.2718E-06 ( 57, 17)
n=  6775   udiff=  4.0178E-06 ( 55, 11)   vdiff=  7.3749E-06 ( 54, 13)
n=  6776   udiff=  3.2127E-06 ( 57, 17)   vdiff=  5.4857E-06 ( 58, 16)
n=  6777   udiff=  3.8867E-06 ( 56, 11)   vdiff=  6.1708E-06 ( 58, 11)
n=  6778   udiff=  3.5688E-06 ( 57, 17)   vdiff=  6.0015E-06 ( 59, 14)
n=  6779   udiff=  4.4222E-06 ( 57, 17)   vdiff=  7.4278E-06 ( 54, 13)
n=  6780   udiff=  3.3698E-06 ( 56, 13)   vdiff=  5.7530E-06 ( 55, 12)
n=  6781   udiff=  3.4567E-06 ( 58, 11)   vdiff=  4.9835E-06 ( 56, 18)
n=  6782   udiff=  3.2975E-06 ( 55, 11)   vdiff=  5.6646E-06 ( 55, 12)
n=  6783   udiff=  3.6141E-06 ( 55, 11)   vdiff=  6.1775E-06 ( 58, 11)
n=  6784   udiff=  3.4973E-06 ( 59, 14)   vdiff=  5.4751E-06 ( 56, 15)
n=  6785   udiff=  3.7169E-06 ( 55, 11)   vdiff=  5.5507E-06 ( 55, 12)
n=  6786   udiff=  4.1456E-06 ( 55, 11)   vdiff=  5.8181E-06 ( 53, 15)
n=  6787   udiff=  3.8548E-06 ( 56, 13)   vdiff=  5.6953E-06 ( 57, 18)
n=  6788   udiff=  3.3911E-06 ( 56, 11)   vdiff=  6.3315E-06 ( 58, 11)
n=  6789   udiff=  3.9821E-06 ( 56, 14)   vdiff=  6.3196E-06 ( 55, 15)
n=  6790   udiff=  3.2910E-06 ( 60, 13)   vdiff=  5.3406E-06 ( 56, 10)
n=  6791   udiff=  3.4299E-06 ( 54, 11)   vdiff=  5.5656E-06 ( 58, 15)
n=  6792   udiff=  4.4064E-06 ( 58, 17)   vdiff=  5.9256E-06 ( 59, 14)
n=  6793   udiff=  3.0692E-06 ( 55, 16)   vdiff=  6.2210E-06 ( 58, 11)
n=  6794   udiff=  2.9837E-06 ( 60, 11)   vdiff=  6.0192E-06 ( 56, 14)
n=  6795   udiff=  3.3488E-06 ( 58, 12)   vdiff=  5.7882E-06 ( 56, 15)
n=  6796   udiff=  3.4288E-06 ( 54, 13)   vdiff=  5.6118E-06 ( 55, 12)
n=  6797   udiff=  3.5467E-06 ( 56, 16)   vdiff=  4.4836E-06 ( 58, 18)
n=  6798   udiff=  3.9570E-06 ( 57, 15)   vdiff=  4.9304E-06 ( 59, 13)
n=  6799   udiff=  3.1447E-06 ( 55, 10)   vdiff=  5.9570E-06 ( 59, 14)
n=  6800   udiff=  4.7259E-06 ( 59, 15)   vdiff=  5.1076E-06 ( 58, 15)
n=  6801   udiff=  3.6582E-06 ( 60, 12)   vdiff=  5.7943E-06 ( 56, 14)
n=  6802   udiff=  3.2502E-06 ( 55, 12)   vdiff=  5.2825E-06 ( 56, 12)
n=  6803   udiff=  3.4775E-06 ( 54, 15)   vdiff=  6.3232E-06 ( 58, 11)
n=  6804   udiff=  3.3837E-06 ( 58, 16)   vdiff=  5.9831E-06 ( 57, 18)
n=  6805   udiff=  4.4739E-06 ( 57, 15)   vdiff=  5.5443E-06 ( 58, 16)
n=  6806   udiff=  4.7001E-06 ( 55, 12)   vdiff=  5.8356E-06 ( 55, 18)
n=  6807   udiff=  3.8698E-06 ( 55, 12)   vdiff=  5.6941E-06 ( 56, 12)
n=  6808   udiff=  4.3150E-06 ( 56, 15)   vdiff=  6.1189E-06 ( 58, 15)
n=  6809   udiff=  4.0790E-06 ( 56, 15)   vdiff=  6.2997E-06 ( 56, 12)
n=  6810   udiff=  4.6883E-06 ( 55, 12)   vdiff=  5.6095E-06 ( 57, 17)
n=  6811   udiff=  3.3444E-06 ( 55, 12)   vdiff=  4.9213E-06 ( 60, 13)
n=  6812   udiff=  3.5412E-06 ( 57, 17)   vdiff=  5.4502E-06 ( 60, 12)
n=  6813   udiff=  4.3033E-06 ( 59, 10)   vdiff=  6.4539E-06 ( 58, 11)
n=  6814   udiff=  3.5340E-06 ( 58, 16)   vdiff=  6.3358E-06 ( 58, 15)
n=  6815   udiff=  4.4849E-06 ( 61, 12)   vdiff=  5.4303E-06 ( 53, 15)
n=  6816   udiff=  4.1563E-06 ( 56, 13)   vdiff=  5.5946E-06 ( 54, 13)
n=  6817   udiff=  4.2888E-06 ( 56, 15)   vdiff=  6.3619E-06 ( 55, 15)
n=  6818   udiff=  4.2495E-06 ( 60, 12)   vdiff=  6.0438E-06 ( 55, 18)
n=  6819   udiff=  4.0446E-06 ( 55, 12)   vdiff=  5.7661E-06 ( 54, 12)
n=  6820   udiff=  3.1126E-06 ( 57, 12)   vdiff=  5.8915E-06 ( 56, 12)
n=  6821   udiff=  3.1165E-06 ( 57, 12)   vdiff=  5.1107E-06 ( 55, 12)
n=  6822   udiff=  3.5075E-06 ( 55, 13)   vdiff=  7.4141E-06 ( 54, 13)
n=  6823   udiff=  3.2872E-06 ( 60, 13)   vdiff=  6.1366E-06 ( 58, 11)
n=  6824   udiff=  2.9575E-06 ( 59, 12)   vdiff=  5.4296E-06 ( 60, 12)
n=  6825   udiff=  3.8470E-06 ( 55, 11)   vdiff=  6.1432E-06 ( 56, 14)
n=  6826   udiff=  3.7061E-06 ( 55, 11)   vdiff=  6.7678E-06 ( 54, 13)
n=  6827   udiff=  3.8779E-06 ( 61, 12)   vdiff=  5.5072E-06 ( 58, 16)
n=  6828   udiff=  4.0107E-06 ( 59, 11)   vdiff=  5.8822E-06 ( 56, 12)
n=  6829   udiff=  3.9115E-06 ( 56, 14)   vdiff=  7.0361E-06 ( 55, 18)
n=  6830   udiff=  3.2302E-06 ( 57, 16)   vdiff=  5.7377E-06 ( 57, 17)
n=  6831   udiff=  3.0857E-06 ( 58, 11)   vdiff=  5.8014E-06 ( 59, 14)
n=  6832   udiff=  3.3402E-06 ( 56, 12)   vdiff=  5.0556E-06 ( 56, 12)
n=  6833   udiff=  3.9426E-06 ( 58, 15)   vdiff=  6.2359E-06 ( 54, 13)
n=  6834   udiff=  3.0874E-06 ( 56, 13)   vdiff=  6.1299E-06 ( 57, 18)
n=  6835   udiff=  3.2856E-06 ( 59, 16)   vdiff=  5.6494E-06 ( 57, 18)
n=  6836   udiff=  3.6972E-06 ( 55, 11)   vdiff=  5.2385E-06 ( 55, 12)
n=  6837   udiff=  4.0132E-06 ( 60, 14)   vdiff=  5.5735E-06 ( 58, 15)
n=  6838   udiff=  4.3296E-06 ( 59, 11)   vdiff=  5.4645E-06 ( 56, 15)
n=  6839   udiff=  3.1218E-06 ( 57, 18)   vdiff=  5.6771E-06 ( 56, 12)
n=  6840   udiff=  2.6336E-06 ( 56, 16)   vdiff=  7.1006E-06 ( 55, 18)
n=  6841   udiff=  4.1806E-06 ( 59, 10)   vdiff=  6.5353E-06 ( 58, 11)
n=  6842   udiff=  4.6239E-06 ( 54, 12)   vdiff=  5.7756E-06 ( 54, 13)
n=  6843   udiff=  3.6573E-06 ( 60, 14)   vdiff=  5.8177E-06 ( 59, 14)
n=  6844   udiff=  3.0281E-06 ( 60, 14)   vdiff=  5.4132E-06 ( 56, 15)
n=  6845   udiff=  3.7485E-06 ( 60, 13)   vdiff=  5.4710E-06 ( 55, 12)
n=  6846   udiff=  3.2321E-06 ( 58, 11)   vdiff=  6.6706E-06 ( 54, 13)
n=  6847   udiff=  3.8697E-06 ( 61, 12)   vdiff=  6.4206E-06 ( 58, 15)
n=  6848   udiff=  4.4725E-06 ( 59, 10)   vdiff=  6.0302E-06 ( 58, 11)
n=  6849   udiff=  4.4096E-06 ( 60, 12)   vdiff=  5.5967E-06 ( 59, 14)
n=  6850   udiff=  4.3231E-06 ( 56, 15)   vdiff=  6.5698E-06 ( 55, 15)
n=  6851   udiff=  4.0180E-06 ( 55, 12)   vdiff=  6.0493E-06 ( 55, 18)
n=  6852   udiff=  3.7864E-06 ( 60, 12)   vdiff=  5.6951E-06 ( 54, 13)
n=  6853   udiff=  3.7920E-06 ( 58, 11)   vdiff=  5.4038E-06 ( 58, 16)
n=  6854   udiff=  3.4631E-06 ( 61, 11)   vdiff=  6.1739E-06 ( 58, 15)
n=  6855   udiff=  3.2427E-06 ( 55, 11)   vdiff=  5.2984E-06 ( 55, 12)
n=  6856   udiff=  3.6316E-06 ( 55, 11)   vdiff=  6.8547E-06 ( 54, 13)
n=  6857   udiff=  3.4419E-06 ( 57, 15)   vdiff=  5.6216E-06 ( 59, 14)
n=  6858   udiff=  3.7340E-06 ( 57, 15)   vdiff=  6.0528E-06 ( 56, 12)
n=  6859   udiff=  3.6715E-06 ( 57, 15)   vdiff=  4.2830E-06 ( 57, 15)
n=  6860   udiff=  3.6835E-06 ( 58, 18)   vdiff=  5.4904E-06 ( 58, 15)
n=  6861   udiff=  3.8975E-06 ( 54, 15)   vdiff=  5.7304E-06 ( 54, 12)
n=  6862   udiff=  3.5856E-06 ( 56, 14)   vdiff=  6.3577E-06 ( 55, 15)
n=  6863   udiff=  3.5916E-06 ( 57, 17)   vdiff=  5.7552E-06 ( 59, 14)
n=  6864   udiff=  3.2024E-06 ( 58, 12)   vdiff=  6.0402E-06 ( 58, 11)
n=  6865   udiff=  3.8731E-06 ( 55, 16)   vdiff=  4.8878E-06 ( 55, 17)
n=  6866   udiff=  3.2494E-06 ( 59, 11)   vdiff=  5.4895E-06 ( 55, 12)
n=  6867   udiff=  4.1692E-06 ( 55, 13)   vdiff=  5.8713E-06 ( 54, 12)
n=  6868   udiff=  4.6169E-06 ( 61, 12)   vdiff=  5.1026E-06 ( 57, 18)
n=  6869   udiff=  4.1223E-06 ( 59, 11)   vdiff=  5.5897E-06 ( 59, 11)
n=  6870   udiff=  4.8255E-06 ( 60, 13)   vdiff=  6.0130E-06 ( 55, 12)
n=  6871   udiff=  3.8328E-06 ( 55, 11)   vdiff=  6.9823E-06 ( 54, 13)
n=  6872   udiff=  3.7573E-06 ( 58, 11)   vdiff=  5.3543E-06 ( 57, 12)
n=  6873   udiff=  4.5269E-06 ( 58, 17)   vdiff=  4.7689E-06 ( 58, 18)
n=  6874   udiff=  4.6434E-06 ( 58, 15)   vdiff=  5.9888E-06 ( 58, 11)
n=  6875   udiff=  3.6455E-06 ( 60, 14)   vdiff=  6.0510E-06 ( 59, 14)
n=  6876   udiff=  3.4668E-06 ( 54, 15)   vdiff=  5.6239E-06 ( 56, 12)
n=  6877   udiff=  3.7972E-06 ( 61, 12)   vdiff=  5.1715E-06 ( 55, 12)
n=  6878   udiff=  3.9652E-06 ( 54, 12)   vdiff=  5.9403E-06 ( 58, 15)
n=  6879   udiff=  4.0137E-06 ( 60, 12)   vdiff=  5.0675E-06 ( 58, 16)
n=  6880   udiff=  3.8219E-06 ( 60, 12)   vdiff=  4.9793E-06 ( 56, 18)
n=  6881   udiff=  4.5141E-06 ( 57, 14)   vdiff=  5.3870E-06 ( 55, 12)
n=  6882   udiff=  3.7288E-06 ( 58, 11)   vdiff=  6.1028E-06 ( 58, 15)
n=  6883   udiff=  3.4573E-06 ( 59, 14)   vdiff=  5.5419E-06 ( 55, 12)
n=  6884   udiff=  4.3184E-06 ( 59, 10)   vdiff=  6.2548E-06 ( 58, 11)
n=  6885   udiff=  3.3246E-06 ( 58, 16)   vdiff=  5.3647E-06 ( 57, 17)
n=  6886   udiff=  3.4092E-06 ( 55, 15)   vdiff=  5.8032E-06 ( 56, 12)
n=  6887   udiff=  3.4330E-06 ( 57, 18)   vdiff=  5.7266E-06 ( 56, 15)
n=  6888   udiff=  2.8868E-06 ( 60, 11)   vdiff=  5.8929E-06 ( 57, 12)
n=  6889   udiff=  4.1382E-06 ( 57, 15)   vdiff=  6.6648E-06 ( 54, 12)
n=  6890   udiff=  3.5232E-06 ( 57, 15)   vdiff=  5.4776E-06 ( 56, 10)
n=  6891   udiff=  3.4008E-06 ( 57, 14)   vdiff=  4.7154E-06 ( 60, 13)
n=  6892   udiff=  3.3428E-06 ( 55, 16)   vdiff=  5.6350E-06 ( 57, 12)
n=  6893   udiff=  3.9058E-06 ( 61, 12)   vdiff=  5.7562E-06 ( 61, 12)
n=  6894   udiff=  3.3905E-06 ( 55, 13)   vdiff=  6.8775E-06 ( 54, 12)
n=  6895   udiff=  3.7010E-06 ( 60, 12)   vdiff=  5.6350E-06 ( 57, 18)
n=  6896   udiff=  3.3067E-06 ( 60, 11)   vdiff=  6.3090E-06 ( 55, 18)
n=  6897   udiff=  4.5733E-06 ( 55, 12)   vdiff=  5.6265E-06 ( 54, 12)
n=  6898   udiff=  2.7504E-06 ( 60, 11)   vdiff=  5.1820E-06 ( 56, 15)
n=  6899   udiff=  3.2327E-06 ( 54, 12)   vdiff=  6.0433E-06 ( 55, 12)
n=  6900   udiff=  3.9204E-06 ( 56, 11)   vdiff=  4.3452E-06 ( 57, 17)
n=  6901   udiff=  2.5828E-06 ( 59, 10)   vdiff=  5.1205E-06 ( 56, 18)
n=  6902   udiff=  3.2325E-06 ( 56, 16)   vdiff=  5.4210E-06 ( 56, 14)
n=  6903   udiff=  3.8735E-06 ( 55, 11)   vdiff=  6.0714E-06 ( 55, 12)
n=  6904   udiff=  3.9639E-06 ( 60, 14)   vdiff=  5.5054E-06 ( 59, 14)
n=  6905   udiff=  3.7630E-06 ( 60, 12)   vdiff=  6.0211E-06 ( 56, 12)
n=  6906   udiff=  4.6979E-06 ( 59, 11)   vdiff=  6.6825E-06 ( 55, 15)
n=  6907   udiff=  3.5543E-06 ( 57, 17)   vdiff=  5.4085E-06 ( 57, 12)
n=  6908   udiff=  3.6607E-06 ( 61, 12)   vdiff=  6.8341E-06 ( 55, 18)
n=  6909   udiff=  3.5764E-06 ( 54, 12)   vdiff=  6.7782E-06 ( 56, 12)
n=  6910   udiff=  3.2916E-06 ( 60, 14)   vdiff=  5.7500E-06 ( 56, 15)
n=  6911   udiff=  3.6219E-06 ( 59,  9)   vdiff=  5.9118E-06 ( 57, 12)
n=  6912   udiff=  3.8012E-06 ( 54, 12)   vdiff=  4.8485E-06 ( 56, 15)
n=  6913   udiff=  3.4014E-06 ( 54, 12)   vdiff=  6.0896E-06 ( 56, 12)
n=  6914   udiff=  3.2575E-06 ( 60, 10)   vdiff=  5.0001E-06 ( 55, 12)
n=  6915   udiff=  3.4293E-06 ( 54, 12)   vdiff=  5.6056E-06 ( 54, 12)
n=  6916   udiff=  4.0745E-06 ( 60, 12)   vdiff=  5.6161E-06 ( 58, 15)
n=  6917   udiff=  4.0753E-06 ( 55, 15)   vdiff=  5.6438E-06 ( 55, 12)
n=  6918   udiff=  3.8953E-06 ( 54, 12)   vdiff=  5.3520E-06 ( 55, 12)
n=  6919   udiff=  2.9152E-06 ( 57, 18)   vdiff=  5.6433E-06 ( 56, 15)
n=  6920   udiff=  2.8692E-06 ( 56, 16)   vdiff=  5.1362E-06 ( 53, 15)
n=  6921   udiff=  4.1345E-06 ( 59, 10)   vdiff=  7.5451E-06 ( 54, 13)
n=  6922   udiff=  4.0046E-06 ( 58, 14)   vdiff=  5.9667E-06 ( 58, 15)
n=  6923   udiff=  3.2525E-06 ( 59, 11)   vdiff=  3.5667E-06 ( 59, 10)
n=  6924   udiff=  3.5441E-06 ( 59, 16)   vdiff=  5.2258E-06 ( 58, 16)
n=  6925   udiff=  3.9984E-06 ( 56, 15)   vdiff=  6.0901E-06 ( 55, 15)
n=  6926   udiff=  3.9031E-06 ( 55, 13)   vdiff=  5.4862E-06 ( 57, 15)
n=  6927   udiff=  3.4446E-06 ( 57, 16)   vdiff=  5.8842E-06 ( 56, 12)
n=  6928   udiff=  3.4498E-06 ( 59,  9)   vdiff=  5.0631E-06 ( 58,  9)
n=  6929   udiff=  3.4103E-06 ( 55, 11)   vdiff=  5.8390E-06 ( 55, 12)
n=  6930   udiff=  3.9312E-06 ( 55, 11)   vdiff=  5.6597E-06 ( 54, 12)
n=  6931   udiff=  3.3279E-06 ( 57, 15)   vdiff=  5.4644E-06 ( 56, 12)
n=  6932   udiff=  3.7054E-06 ( 57, 17)   vdiff=  5.9806E-06 ( 58, 11)
n=  6933   udiff=  4.2411E-06 ( 57, 17)   vdiff=  5.1626E-06 ( 61, 12)
n=  6934   udiff=  3.5424E-06 ( 55, 12)   vdiff=  5.6990E-06 ( 54, 12)
n=  6935   udiff=  3.5156E-06 ( 60, 12)   vdiff=  4.7105E-06 ( 59, 13)
n=  6936   udiff=  4.6022E-06 ( 56, 12)   vdiff=  6.0752E-06 ( 59, 14)
n=  6937   udiff=  3.2582E-06 ( 54, 13)   vdiff=  7.3807E-06 ( 54, 13)
n=  6938   udiff=  4.0807E-06 ( 61, 12)   vdiff=  5.9533E-06 ( 55, 12)
n=  6939   udiff=  4.0397E-06 ( 59, 11)   vdiff=  5.7916E-06 ( 59, 11)
n=  6940   udiff=  3.4734E-06 ( 56, 16)   vdiff=  6.3032E-06 ( 56, 14)
n=  6941   udiff=  4.5167E-06 ( 55, 12)   vdiff=  6.1526E-06 ( 55, 18)
n=  6942   udiff=  3.9315E-06 ( 55, 12)   vdiff=  5.4351E-06 ( 58, 16)
n=  6943   udiff=  3.8175E-06 ( 54, 11)   vdiff=  5.7480E-06 ( 56, 15)
n=  6944   udiff=  3.7584E-06 ( 60, 13)   vdiff=  6.1516E-06 ( 58, 15)
n=  6945   udiff=  3.1538E-06 ( 55, 11)   vdiff=  6.9842E-06 ( 54, 13)
n=  6946   udiff=  3.5428E-06 ( 58, 11)   vdiff=  6.3588E-06 ( 55, 15)
n=  6947   udiff=  3.2813E-06 ( 59, 16)   vdiff=  6.1527E-06 ( 56, 12)
n=  6948   udiff=  4.1427E-06 ( 60, 14)   vdiff=  5.8467E-06 ( 58, 11)
n=  6949   udiff=  3.0450E-06 ( 60, 14)   vdiff=  4.9215E-06 ( 55, 12)
n=  6950   udiff=  4.1552E-06 ( 61, 12)   vdiff=  6.0322E-06 ( 55, 18)
n=  6951   udiff=  3.3157E-06 ( 56, 16)   vdiff=  4.7758E-06 ( 58,  9)
n=  6952   udiff=  3.1505E-06 ( 60, 12)   vdiff=  5.5674E-06 ( 56, 15)
n=  6953   udiff=  3.5807E-06 ( 56, 13)   vdiff=  6.1884E-06 ( 58, 11)
n=  6954   udiff=  3.8542E-06 ( 59, 14)   vdiff=  7.5462E-06 ( 54, 13)
n=  6955   udiff=  3.4051E-06 ( 56, 14)   vdiff=  7.0778E-06 ( 55, 15)
n=  6956   udiff=  3.7195E-06 ( 57, 16)   vdiff=  5.3091E-06 ( 57, 17)
n=  6957   udiff=  3.0912E-06 ( 59, 14)   vdiff=  5.9431E-06 ( 58, 15)
n=  6958   udiff=  2.9930E-06 ( 58, 11)   vdiff=  5.8211E-06 ( 57, 12)
n=  6959   udiff=  3.6544E-06 ( 59, 11)   vdiff=  5.4695E-06 ( 59, 11)
n=  6960   udiff=  4.1433E-06 ( 55, 11)   vdiff=  6.4732E-06 ( 55, 12)
n=  6961   udiff=  4.6478E-06 ( 57, 17)   vdiff=  5.9251E-06 ( 56, 15)
n=  6962   udiff=  3.4881E-06 ( 55, 11)   vdiff=  6.6580E-06 ( 58, 11)
n=  6963   udiff=  3.4763E-06 ( 60, 11)   vdiff=  5.3967E-06 ( 60, 13)
n=  6964   udiff=  3.1284E-06 ( 59, 16)   vdiff=  6.5093E-06 ( 55, 18)
n=  6965   udiff=  3.6636E-06 ( 55, 12)   vdiff=  7.3281E-06 ( 56, 15)
n=  6966   udiff=  5.0130E-06 ( 54, 12)   vdiff=  5.9044E-06 ( 54, 13)
n=  6967   udiff=  3.2335E-06 ( 56, 11)   vdiff=  5.4467E-06 ( 55, 12)
n=  6968   udiff=  2.9184E-06 ( 57, 11)   vdiff=  5.7455E-06 ( 58, 12)
n=  6969   udiff=  3.0612E-06 ( 60, 12)   vdiff=  5.2731E-06 ( 56, 14)
n=  6970   udiff=  3.9949E-06 ( 60, 12)   vdiff=  6.0834E-06 ( 54, 13)
n=  6971   udiff=  4.4358E-06 ( 59, 15)   vdiff=  4.8734E-06 ( 58, 15)
n=  6972   udiff=  3.5452E-06 ( 58, 11)   vdiff=  5.2706E-06 ( 57, 12)
n=  6973   udiff=  3.4221E-06 ( 54, 12)   vdiff=  5.5642E-06 ( 54, 12)
n=  6974   udiff=  3.5776E-06 ( 59, 12)   vdiff=  6.6102E-06 ( 55, 15)
n=  6975   udiff=  3.3830E-06 ( 60, 11)   vdiff=  5.1074E-06 ( 56, 14)
n=  6976   udiff=  3.5844E-06 ( 59, 16)   vdiff=  5.9569E-06 ( 54, 13)
n=  6977   udiff=  2.9358E-06 ( 54, 15)   vdiff=  6.5894E-06 ( 55, 18)
n=  6978   udiff=  3.3354E-06 ( 56,  9)   vdiff=  4.4534E-06 ( 56, 10)
n=  6979   udiff=  3.5469E-06 ( 54, 12)   vdiff=  6.4369E-06 ( 58, 11)
n=  6980   udiff=  4.7796E-06 ( 59, 15)   vdiff=  5.5909E-06 ( 54, 13)
n=  6981   udiff=  3.0837E-06 ( 58, 11)   vdiff=  5.6083E-06 ( 57, 12)
n=  6982   udiff=  3.6036E-06 ( 57, 18)   vdiff=  5.7554E-06 ( 55, 15)
n=  6983   udiff=  2.8118E-06 ( 58, 16)   vdiff=  5.6989E-06 ( 55, 12)
n=  6984   udiff=  3.6907E-06 ( 60, 13)   vdiff=  7.1912E-06 ( 54, 13)
n=  6985   udiff=  3.7649E-06 ( 57, 15)   vdiff=  5.1930E-06 ( 57, 12)
n=  6986   udiff=  3.9914E-06 ( 60, 12)   vdiff=  5.4829E-06 ( 59, 14)
n=  6987   udiff=  4.0100E-06 ( 58, 17)   vdiff=  6.3398E-06 ( 55, 18)
n=  6988   udiff=  3.4612E-06 ( 60, 12)   vdiff=  6.6245E-06 ( 58, 15)
n=  6989   udiff=  3.4067E-06 ( 60, 12)   vdiff=  6.2668E-06 ( 56, 12)
n=  6990   udiff=  4.6064E-06 ( 59, 11)   vdiff=  6.7915E-06 ( 54, 12)
n=  6991   udiff=  3.4552E-06 ( 60, 12)   vdiff=  5.3614E-06 ( 56, 15)
n=  6992   udiff=  3.1183E-06 ( 58, 15)   vdiff=  5.0674E-06 ( 59, 14)
n=  6993   udiff=  3.3967E-06 ( 59, 14)   vdiff=  5.9228E-06 ( 56, 15)
n=  6994   udiff=  3.0654E-06 ( 59, 16)   vdiff=  5.0732E-06 ( 58, 16)
n=  6995   udiff=  3.2327E-06 ( 55, 13)   vdiff=  7.0846E-06 ( 54, 12)
n=  6996   udiff=  4.2648E-06 ( 59, 11)   vdiff=  5.3323E-06 ( 55, 15)
n=  6997   udiff=  3.7819E-06 ( 58, 17)   vdiff=  5.2602E-06 ( 56, 15)
n=  6998   udiff=  4.6575E-06 ( 59, 15)   vdiff=  5.3474E-06 ( 55, 12)
n=  6999   udiff=  4.1688E-06 ( 58, 11)   vdiff=  5.3495E-06 ( 55, 12)
n=  7000   udiff=  4.2449E-06 ( 55, 12)   vdiff=  5.5067E-06 ( 54, 13)
 FAILED to converge in maximum time steps        7000
