 Forming PPE matrix
 Calculating LU decomposition of PPE matrix
 Starting time step loop
n=     1   udiff=  3.3880E+03 ( 61, 15)   vdiff=  2.8861E+03 ( 60, 16)
n=     2   udiff=  1.3960E+02 ( 61, 15)   vdiff=  6.8617E+01 ( 61, 15)
n=     3   udiff=  1.2336E+02 ( 61, 15)   vdiff=  5.0357E+01 ( 60, 15)
n=     4   udiff=  1.0959E+02 ( 61, 15)   vdiff=  4.4105E+01 ( 60, 16)
n=     5   udiff=  9.7853E+01 ( 61, 15)   vdiff=  4.0740E+01 ( 60, 16)
n=     6   udiff=  8.7787E+01 ( 61, 15)   vdiff=  3.7756E+01 ( 60, 16)
n=     7   udiff=  7.9107E+01 ( 61, 15)   vdiff=  3.5098E+01 ( 60, 16)
n=     8   udiff=  7.1586E+01 ( 61, 15)   vdiff=  3.2719E+01 ( 60, 16)
n=     9   udiff=  6.6663E+01 ( 62, 15)   vdiff=  3.0580E+01 ( 60, 16)
n=    10   udiff=  6.4113E+01 ( 62, 15)   vdiff=  2.8649E+01 ( 60, 16)
n=    11   udiff=  6.1471E+01 ( 62, 15)   vdiff=  2.6900E+01 ( 60, 16)
n=    12   udiff=  5.8796E+01 ( 62, 15)   vdiff=  2.5311E+01 ( 60, 16)
n=    13   udiff=  5.6129E+01 ( 62, 15)   vdiff=  2.3862E+01 ( 60, 16)
n=    14   udiff=  5.3502E+01 ( 62, 15)   vdiff=  2.2537E+01 ( 60, 16)
n=    15   udiff=  5.0939E+01 ( 62, 15)   vdiff=  2.1323E+01 ( 60, 16)
n=    16   udiff=  4.8453E+01 ( 62, 15)   vdiff=  2.0206E+01 ( 60, 16)
n=    17   udiff=  4.6053E+01 ( 62, 15)   vdiff=  1.9177E+01 ( 60, 16)
n=    18   udiff=  4.4033E+01 ( 63, 15)   vdiff=  1.8226E+01 ( 60, 16)
n=    19   udiff=  4.2965E+01 ( 63, 15)   vdiff=  1.7345E+01 ( 60, 16)
n=    20   udiff=  4.1848E+01 ( 63, 15)   vdiff=  1.6528E+01 ( 60, 16)
n=    21   udiff=  4.0687E+01 ( 63, 15)   vdiff=  1.5769E+01 ( 60, 16)
n=    22   udiff=  3.9516E+01 ( 63, 15)   vdiff=  1.5061E+01 ( 60, 16)
n=    23   udiff=  3.8344E+01 ( 63, 15)   vdiff=  1.4402E+01 ( 60, 16)
n=    24   udiff=  3.7176E+01 ( 63, 15)   vdiff=  1.3785E+01 ( 60, 16)
n=    25   udiff=  3.6019E+01 ( 63, 15)   vdiff=  1.3209E+01 ( 60, 16)
n=    26   udiff=  3.4879E+01 ( 63, 15)   vdiff=  1.2668E+01 ( 60, 16)
n=    27   udiff=  3.3761E+01 ( 63, 15)   vdiff=  1.2161E+01 ( 60, 16)
n=    28   udiff=  3.2643E+01 ( 63, 15)   vdiff=  1.1684E+01 ( 60, 16)
n=    29   udiff=  3.1534E+01 ( 63, 15)   vdiff=  1.1234E+01 ( 60, 16)
n=    30   udiff=  3.0448E+01 ( 63, 15)   vdiff=  1.0810E+01 ( 60, 16)
n=    31   udiff=  2.9389E+01 ( 64, 15)   vdiff=  1.0410E+01 ( 60, 16)
n=    32   udiff=  2.8756E+01 ( 64, 15)   vdiff=  1.0032E+01 ( 60, 16)
n=    33   udiff=  2.8122E+01 ( 64, 15)   vdiff=  9.6745E+00 ( 60, 16)
n=    34   udiff=  2.7489E+01 ( 64, 15)   vdiff=  9.3358E+00 ( 60, 16)
n=    35   udiff=  2.6858E+01 ( 64, 15)   vdiff=  9.0145E+00 ( 60, 16)
n=    36   udiff=  2.6230E+01 ( 64, 15)   vdiff=  8.7097E+00 ( 60, 16)
n=    37   udiff=  2.5607E+01 ( 64, 15)   vdiff=  8.4201E+00 ( 60, 16)
n=    38   udiff=  2.4991E+01 ( 64, 15)   vdiff=  8.1447E+00 ( 60, 16)
n=    39   udiff=  2.4382E+01 ( 64, 15)   vdiff=  7.8826E+00 ( 60, 16)
n=    40   udiff=  2.3781E+01 ( 64, 15)   vdiff=  7.6330E+00 ( 60, 16)
n=    41   udiff=  2.3190E+01 ( 64, 15)   vdiff=  7.3949E+00 ( 60, 16)
n=    42   udiff=  2.2608E+01 ( 64, 15)   vdiff=  7.1678E+00 ( 60, 16)
n=    43   udiff=  2.2038E+01 ( 64, 15)   vdiff=  6.9510E+00 ( 60, 16)
n=    44   udiff=  2.1478E+01 ( 64, 15)   vdiff=  6.7437E+00 ( 60, 16)
n=    45   udiff=  2.0929E+01 ( 64, 15)   vdiff=  6.5456E+00 ( 60, 16)
n=    46   udiff=  2.0392E+01 ( 64, 15)   vdiff=  6.3560E+00 ( 60, 16)
n=    47   udiff=  1.9867E+01 ( 64, 15)   vdiff=  6.1744E+00 ( 60, 16)
n=    48   udiff=  1.9386E+01 ( 65, 15)   vdiff=  6.0004E+00 ( 60, 16)
n=    49   udiff=  1.9033E+01 ( 65, 15)   vdiff=  5.8335E+00 ( 60, 16)
n=    50   udiff=  1.8685E+01 ( 65, 15)   vdiff=  5.7319E+00 ( 62, 14)
n=    51   udiff=  1.8340E+01 ( 65, 15)   vdiff=  5.6976E+00 ( 62, 14)
n=    52   udiff=  1.8000E+01 ( 65, 15)   vdiff=  5.6558E+00 ( 62, 14)
n=    53   udiff=  1.7665E+01 ( 65, 15)   vdiff=  5.6071E+00 ( 62, 14)
n=    54   udiff=  1.7334E+01 ( 65, 15)   vdiff=  5.5524E+00 ( 62, 14)
n=    55   udiff=  1.7008E+01 ( 65, 15)   vdiff=  5.4922E+00 ( 62, 14)
n=    56   udiff=  1.6687E+01 ( 65, 15)   vdiff=  5.4272E+00 ( 62, 14)
n=    57   udiff=  1.6371E+01 ( 65, 15)   vdiff=  5.3581E+00 ( 62, 14)
n=    58   udiff=  1.6060E+01 ( 65, 15)   vdiff=  5.2853E+00 ( 62, 14)
n=    59   udiff=  1.5754E+01 ( 65, 15)   vdiff=  5.2094E+00 ( 62, 14)
n=    60   udiff=  1.5452E+01 ( 65, 15)   vdiff=  5.1284E+00 ( 62, 14)
n=    61   udiff=  1.5156E+01 ( 65, 15)   vdiff=  5.0446E+00 ( 62, 14)
n=    62   udiff=  1.4864E+01 ( 65, 15)   vdiff=  4.9588E+00 ( 62, 14)
n=    63   udiff=  1.4578E+01 ( 65, 15)   vdiff=  4.8715E+00 ( 62, 14)
n=    64   udiff=  1.4296E+01 ( 65, 15)   vdiff=  4.7830E+00 ( 62, 14)
n=    65   udiff=  1.4020E+01 ( 65, 15)   vdiff=  4.6936E+00 ( 62, 14)
n=    66   udiff=  1.3748E+01 ( 65, 15)   vdiff=  4.6036E+00 ( 62, 14)
n=    67   udiff=  1.3482E+01 ( 65, 15)   vdiff=  4.5251E+00 (  3, 19)
n=    68   udiff=  1.3220E+01 ( 65, 15)   vdiff=  4.4840E+00 (  3, 19)
n=    69   udiff=  1.2962E+01 ( 65, 15)   vdiff=  4.4414E+00 (  3, 19)
n=    70   udiff=  1.2744E+01 ( 66, 15)   vdiff=  4.3976E+00 (  3, 19)
n=    71   udiff=  1.2555E+01 ( 66, 15)   vdiff=  4.3526E+00 (  3, 19)
n=    72   udiff=  1.2368E+01 ( 66, 15)   vdiff=  4.3066E+00 (  3, 19)
n=    73   udiff=  1.2184E+01 ( 66, 15)   vdiff=  4.2597E+00 (  3, 19)
n=    74   udiff=  1.2001E+01 ( 66, 15)   vdiff=  4.2120E+00 (  3, 19)
n=    75   udiff=  1.1821E+01 ( 66, 15)   vdiff=  4.1635E+00 (  3, 19)
n=    76   udiff=  1.1643E+01 ( 66, 15)   vdiff=  4.1188E+00 (  3, 20)
n=    77   udiff=  1.1468E+01 ( 66, 15)   vdiff=  4.0761E+00 (  3, 20)
n=    78   udiff=  1.1294E+01 ( 66, 15)   vdiff=  4.0326E+00 (  3, 20)
n=    79   udiff=  1.1123E+01 ( 66, 15)   vdiff=  3.9886E+00 (  3, 20)
n=    80   udiff=  1.0950E+01 ( 66, 15)   vdiff=  3.9440E+00 (  3, 20)
n=    81   udiff=  1.0779E+01 ( 66, 15)   vdiff=  3.8989E+00 (  3, 20)
n=    82   udiff=  1.0609E+01 ( 66, 15)   vdiff=  3.8534E+00 (  3, 20)
n=    83   udiff=  1.0443E+01 ( 66, 15)   vdiff=  3.8076E+00 (  3, 20)
n=    84   udiff=  1.0278E+01 ( 66, 15)   vdiff=  3.7615E+00 (  3, 20)
n=    85   udiff=  1.0115E+01 ( 66, 15)   vdiff=  3.7151E+00 (  3, 20)
n=    86   udiff=  9.9542E+00 ( 66, 15)   vdiff=  3.6714E+00 ( 63, 14)
n=    87   udiff=  9.7955E+00 ( 66, 15)   vdiff=  3.6306E+00 (  3, 21)
n=    88   udiff=  9.6389E+00 ( 66, 15)   vdiff=  3.5897E+00 (  3, 21)
n=    89   udiff=  9.4843E+00 ( 66, 15)   vdiff=  3.5486E+00 (  3, 21)
n=    90   udiff=  9.3316E+00 ( 66, 15)   vdiff=  3.5148E+00 (  4, 18)
n=    91   udiff=  9.1810E+00 ( 66, 15)   vdiff=  3.5001E+00 (  4, 18)
n=    92   udiff=  9.0324E+00 ( 66, 15)   vdiff=  3.4842E+00 (  4, 18)
n=    93   udiff=  8.9132E+00 ( 67, 15)   vdiff=  3.4672E+00 (  4, 18)
n=    94   udiff=  8.8041E+00 ( 67, 15)   vdiff=  3.4491E+00 (  4, 18)
n=    95   udiff=  8.7318E+00 ( 67, 14)   vdiff=  3.4300E+00 (  4, 18)
n=    96   udiff=  8.6947E+00 ( 67, 14)   vdiff=  3.4100E+00 (  4, 18)
n=    97   udiff=  8.6559E+00 ( 67, 14)   vdiff=  3.3891E+00 (  4, 18)
n=    98   udiff=  8.6155E+00 ( 67, 14)   vdiff=  3.3673E+00 (  4, 18)
n=    99   udiff=  8.5737E+00 ( 67, 14)   vdiff=  3.3447E+00 (  4, 18)
n=   100   udiff=  8.5304E+00 ( 67, 14)   vdiff=  3.3214E+00 (  4, 18)
n=   101   udiff=  8.4857E+00 ( 67, 14)   vdiff=  3.3000E+00 (  4, 19)
n=   102   udiff=  8.4397E+00 ( 67, 14)   vdiff=  3.2802E+00 (  4, 19)
n=   103   udiff=  8.3925E+00 ( 67, 14)   vdiff=  3.2597E+00 (  4, 19)
n=   104   udiff=  8.3442E+00 ( 67, 14)   vdiff=  3.2386E+00 (  4, 19)
n=   105   udiff=  8.2948E+00 ( 67, 14)   vdiff=  3.2167E+00 (  4, 19)
n=   106   udiff=  8.2445E+00 ( 67, 14)   vdiff=  3.1943E+00 (  4, 19)
n=   107   udiff=  8.1932E+00 ( 67, 14)   vdiff=  3.1713E+00 (  4, 19)
n=   108   udiff=  8.1410E+00 ( 67, 14)   vdiff=  3.1477E+00 (  4, 19)
n=   109   udiff=  8.0880E+00 ( 67, 14)   vdiff=  3.1237E+00 (  4, 19)
n=   110   udiff=  8.0343E+00 ( 67, 14)   vdiff=  3.0991E+00 (  4, 19)
n=   111   udiff=  7.9800E+00 ( 67, 14)   vdiff=  3.0741E+00 (  4, 19)
n=   112   udiff=  7.9250E+00 ( 67, 14)   vdiff=  3.0488E+00 (  4, 19)
n=   113   udiff=  7.8694E+00 ( 67, 14)   vdiff=  3.0262E+00 (  4, 20)
n=   114   udiff=  7.8310E+00 ( 68, 14)   vdiff=  3.0045E+00 (  4, 20)
n=   115   udiff=  7.7957E+00 ( 68, 14)   vdiff=  2.9824E+00 (  4, 20)
n=   116   udiff=  7.7594E+00 ( 68, 14)   vdiff=  2.9600E+00 (  4, 20)
n=   117   udiff=  7.7220E+00 ( 68, 14)   vdiff=  2.9371E+00 (  4, 20)
n=   118   udiff=  7.6838E+00 ( 68, 14)   vdiff=  2.9139E+00 (  4, 20)
n=   119   udiff=  7.6446E+00 ( 68, 14)   vdiff=  2.8904E+00 (  4, 20)
n=   120   udiff=  7.6046E+00 ( 68, 14)   vdiff=  2.8665E+00 (  4, 20)
n=   121   udiff=  7.5637E+00 ( 68, 14)   vdiff=  2.8425E+00 (  4, 20)
n=   122   udiff=  7.5221E+00 ( 68, 14)   vdiff=  2.8181E+00 (  4, 20)
n=   123   udiff=  7.4797E+00 ( 68, 14)   vdiff=  2.7935E+00 (  4, 20)
n=   124   udiff=  7.4366E+00 ( 68, 14)   vdiff=  2.7688E+00 (  4, 20)
n=   125   udiff=  7.3928E+00 ( 68, 14)   vdiff=  2.7469E+00 (  5, 18)
n=   126   udiff=  7.3484E+00 ( 68, 14)   vdiff=  2.7375E+00 (  5, 18)
n=   127   udiff=  7.3034E+00 ( 68, 14)   vdiff=  2.7274E+00 (  5, 18)
n=   128   udiff=  7.2578E+00 ( 68, 14)   vdiff=  2.7167E+00 (  5, 18)
n=   129   udiff=  7.2117E+00 ( 68, 14)   vdiff=  2.7054E+00 (  5, 18)
n=   130   udiff=  7.1651E+00 ( 68, 14)   vdiff=  2.6936E+00 (  5, 18)
n=   131   udiff=  7.1180E+00 ( 68, 14)   vdiff=  2.6812E+00 (  5, 18)
n=   132   udiff=  7.0705E+00 ( 68, 14)   vdiff=  2.6684E+00 (  5, 18)
n=   133   udiff=  7.0226E+00 ( 68, 14)   vdiff=  2.6550E+00 (  5, 18)
n=   134   udiff=  6.9744E+00 ( 68, 14)   vdiff=  2.6411E+00 (  5, 18)
n=   135   udiff=  6.9414E+00 ( 69, 14)   vdiff=  2.6268E+00 (  5, 18)
n=   136   udiff=  6.9095E+00 ( 69, 14)   vdiff=  2.6121E+00 (  5, 18)
n=   137   udiff=  6.8770E+00 ( 69, 14)   vdiff=  2.5999E+00 (  5, 19)
n=   138   udiff=  6.8439E+00 ( 69, 14)   vdiff=  2.5880E+00 (  5, 19)
n=   139   udiff=  6.8102E+00 ( 69, 14)   vdiff=  2.5756E+00 (  5, 19)
n=   140   udiff=  6.7760E+00 ( 69, 14)   vdiff=  2.5628E+00 (  5, 19)
n=   141   udiff=  6.7414E+00 ( 69, 14)   vdiff=  2.5496E+00 (  5, 19)
n=   142   udiff=  6.7062E+00 ( 69, 14)   vdiff=  2.5360E+00 (  5, 19)
n=   143   udiff=  6.6707E+00 ( 69, 14)   vdiff=  2.5220E+00 (  5, 19)
n=   144   udiff=  6.6347E+00 ( 69, 14)   vdiff=  2.5077E+00 (  5, 19)
n=   145   udiff=  6.5983E+00 ( 69, 14)   vdiff=  2.4931E+00 (  5, 19)
n=   146   udiff=  6.5615E+00 ( 69, 14)   vdiff=  2.4781E+00 (  5, 19)
n=   147   udiff=  6.5244E+00 ( 69, 14)   vdiff=  2.4629E+00 (  5, 19)
n=   148   udiff=  6.4868E+00 ( 69, 14)   vdiff=  2.4473E+00 (  5, 19)
n=   149   udiff=  6.4489E+00 ( 69, 14)   vdiff=  2.4315E+00 (  5, 19)
n=   150   udiff=  6.4107E+00 ( 69, 14)   vdiff=  2.4154E+00 (  5, 19)
n=   151   udiff=  6.3722E+00 ( 69, 14)   vdiff=  2.4008E+00 (  5, 20)
n=   152   udiff=  6.3335E+00 ( 69, 14)   vdiff=  2.3875E+00 (  5, 20)
n=   153   udiff=  6.2945E+00 ( 69, 14)   vdiff=  2.3739E+00 (  5, 20)
n=   154   udiff=  6.2553E+00 ( 69, 14)   vdiff=  2.3601E+00 (  5, 20)
n=   155   udiff=  6.2160E+00 ( 69, 14)   vdiff=  2.3460E+00 (  5, 20)
n=   156   udiff=  6.1765E+00 ( 69, 14)   vdiff=  2.3317E+00 (  5, 20)
n=   157   udiff=  6.1483E+00 ( 70, 14)   vdiff=  2.3171E+00 (  5, 20)
n=   158   udiff=  6.1208E+00 ( 70, 14)   vdiff=  2.3023E+00 (  5, 20)
n=   159   udiff=  6.0929E+00 ( 70, 14)   vdiff=  2.2874E+00 (  5, 20)
n=   160   udiff=  6.0646E+00 ( 70, 14)   vdiff=  2.2722E+00 (  5, 20)
n=   161   udiff=  6.0360E+00 ( 70, 14)   vdiff=  2.2580E+00 (  6, 18)
n=   162   udiff=  6.0071E+00 ( 70, 14)   vdiff=  2.2511E+00 (  6, 18)
n=   163   udiff=  5.9779E+00 ( 70, 14)   vdiff=  2.2438E+00 (  6, 18)
n=   164   udiff=  5.9484E+00 ( 70, 14)   vdiff=  2.2361E+00 (  6, 18)
n=   165   udiff=  5.9186E+00 ( 70, 14)   vdiff=  2.2281E+00 (  6, 18)
n=   166   udiff=  5.8886E+00 ( 70, 14)   vdiff=  2.2197E+00 (  6, 18)
n=   167   udiff=  5.8583E+00 ( 70, 14)   vdiff=  2.2109E+00 (  6, 18)
n=   168   udiff=  5.8278E+00 ( 70, 14)   vdiff=  2.2019E+00 (  6, 18)
n=   169   udiff=  5.7971E+00 ( 70, 14)   vdiff=  2.1925E+00 (  6, 18)
n=   170   udiff=  5.7662E+00 ( 70, 14)   vdiff=  2.1828E+00 (  6, 18)
n=   171   udiff=  5.7351E+00 ( 70, 14)   vdiff=  2.1728E+00 (  6, 18)
n=   172   udiff=  5.7036E+00 ( 70, 14)   vdiff=  2.1626E+00 (  6, 18)
n=   173   udiff=  5.6720E+00 ( 70, 14)   vdiff=  2.1533E+00 (  6, 19)
n=   174   udiff=  5.6402E+00 ( 70, 14)   vdiff=  2.1453E+00 (  6, 19)
n=   175   udiff=  5.6082E+00 ( 70, 14)   vdiff=  2.1371E+00 (  6, 19)
n=   176   udiff=  5.5761E+00 ( 70, 14)   vdiff=  2.1285E+00 (  6, 19)
n=   177   udiff=  5.5439E+00 ( 70, 14)   vdiff=  2.1196E+00 (  6, 19)
n=   178   udiff=  5.5116E+00 ( 70, 14)   vdiff=  2.1105E+00 (  6, 19)
n=   179   udiff=  5.4811E+00 ( 71, 14)   vdiff=  2.1012E+00 (  6, 19)
n=   180   udiff=  5.4580E+00 ( 71, 14)   vdiff=  2.0916E+00 (  6, 19)
n=   181   udiff=  5.4346E+00 ( 71, 14)   vdiff=  2.0817E+00 (  6, 19)
n=   182   udiff=  5.4109E+00 ( 71, 14)   vdiff=  2.0716E+00 (  6, 19)
n=   183   udiff=  5.3870E+00 ( 71, 14)   vdiff=  2.0613E+00 (  6, 19)
n=   184   udiff=  5.3629E+00 ( 71, 14)   vdiff=  2.0508E+00 (  6, 19)
n=   185   udiff=  5.3385E+00 ( 71, 14)   vdiff=  2.0401E+00 (  6, 19)
n=   186   udiff=  5.3140E+00 ( 71, 14)   vdiff=  2.0291E+00 (  6, 19)
n=   187   udiff=  5.2892E+00 ( 71, 14)   vdiff=  2.0180E+00 (  6, 19)
n=   188   udiff=  5.2643E+00 ( 71, 14)   vdiff=  2.0068E+00 (  6, 19)
n=   189   udiff=  5.2392E+00 ( 71, 14)   vdiff=  1.9953E+00 (  6, 19)
n=   190   udiff=  5.2140E+00 ( 71, 14)   vdiff=  1.9858E+00 (  6, 20)
n=   191   udiff=  5.1885E+00 ( 71, 14)   vdiff=  1.9766E+00 (  6, 20)
n=   192   udiff=  5.1629E+00 ( 71, 14)   vdiff=  1.9672E+00 (  6, 20)
n=   193   udiff=  5.1372E+00 ( 71, 14)   vdiff=  1.9575E+00 (  6, 20)
n=   194   udiff=  5.1113E+00 ( 71, 14)   vdiff=  1.9477E+00 (  6, 20)
n=   195   udiff=  5.0853E+00 ( 71, 14)   vdiff=  1.9378E+00 (  6, 20)
n=   196   udiff=  5.0592E+00 ( 71, 14)   vdiff=  1.9276E+00 (  6, 20)
n=   197   udiff=  5.0330E+00 ( 71, 14)   vdiff=  1.9187E+00 (  7, 18)
n=   198   udiff=  5.0066E+00 ( 71, 14)   vdiff=  1.9134E+00 (  7, 18)
n=   199   udiff=  4.9802E+00 ( 71, 14)   vdiff=  1.9079E+00 (  7, 18)
n=   200   udiff=  4.9536E+00 ( 71, 14)   vdiff=  1.9021E+00 (  7, 18)
n=   201   udiff=  4.9270E+00 ( 71, 14)   vdiff=  1.8960E+00 (  7, 18)
n=   202   udiff=  4.9003E+00 ( 71, 14)   vdiff=  1.8897E+00 (  7, 18)
n=   203   udiff=  4.8804E+00 ( 72, 14)   vdiff=  1.8831E+00 (  7, 18)
n=   204   udiff=  4.8607E+00 ( 72, 14)   vdiff=  1.8763E+00 (  7, 18)
n=   205   udiff=  4.8408E+00 ( 72, 14)   vdiff=  1.8693E+00 (  7, 18)
n=   206   udiff=  4.8207E+00 ( 72, 14)   vdiff=  1.8621E+00 (  7, 18)
n=   207   udiff=  4.8005E+00 ( 72, 14)   vdiff=  1.8547E+00 (  7, 18)
n=   208   udiff=  4.7801E+00 ( 72, 14)   vdiff=  1.8470E+00 (  7, 18)
n=   209   udiff=  4.7596E+00 ( 72, 14)   vdiff=  1.8392E+00 (  7, 18)
n=   210   udiff=  4.7389E+00 ( 72, 14)   vdiff=  1.8330E+00 (  7, 19)
n=   211   udiff=  4.7180E+00 ( 72, 14)   vdiff=  1.8271E+00 (  7, 19)
n=   212   udiff=  4.6971E+00 ( 72, 14)   vdiff=  1.8209E+00 (  7, 19)
n=   213   udiff=  4.6760E+00 ( 72, 14)   vdiff=  1.8146E+00 (  7, 19)
n=   214   udiff=  4.6548E+00 ( 72, 14)   vdiff=  1.8081E+00 (  7, 19)
n=   215   udiff=  4.6335E+00 ( 72, 14)   vdiff=  1.8014E+00 (  7, 19)
n=   216   udiff=  4.6120E+00 ( 72, 14)   vdiff=  1.7944E+00 (  7, 19)
n=   217   udiff=  4.5905E+00 ( 72, 14)   vdiff=  1.7874E+00 (  7, 19)
n=   218   udiff=  4.5688E+00 ( 72, 14)   vdiff=  1.7801E+00 (  7, 19)
n=   219   udiff=  4.5471E+00 ( 72, 14)   vdiff=  1.7727E+00 (  7, 19)
n=   220   udiff=  4.5252E+00 ( 72, 14)   vdiff=  1.7651E+00 (  7, 19)
n=   221   udiff=  4.5033E+00 ( 72, 14)   vdiff=  1.7573E+00 (  7, 19)
n=   222   udiff=  4.4813E+00 ( 72, 14)   vdiff=  1.7494E+00 (  7, 19)
n=   223   udiff=  4.4592E+00 ( 72, 14)   vdiff=  1.7414E+00 (  7, 19)
n=   224   udiff=  4.4370E+00 ( 72, 14)   vdiff=  1.7332E+00 (  7, 19)
n=   225   udiff=  4.4148E+00 ( 72, 14)   vdiff=  1.7248E+00 (  7, 19)
n=   226   udiff=  4.3933E+00 ( 73, 14)   vdiff=  1.7164E+00 (  7, 19)
n=   227   udiff=  4.3768E+00 ( 73, 14)   vdiff=  1.7078E+00 (  7, 19)
n=   228   udiff=  4.3601E+00 ( 73, 14)   vdiff=  1.6991E+00 (  7, 19)
n=   229   udiff=  4.3432E+00 ( 73, 14)   vdiff=  1.6923E+00 (  7, 20)
n=   230   udiff=  4.3262E+00 ( 73, 14)   vdiff=  1.6854E+00 (  7, 20)
n=   231   udiff=  4.3092E+00 ( 73, 14)   vdiff=  1.6784E+00 (  7, 20)
n=   232   udiff=  4.2919E+00 ( 73, 14)   vdiff=  1.6712E+00 (  7, 20)
n=   233   udiff=  4.2746E+00 ( 73, 14)   vdiff=  1.6670E+00 (  8, 18)
n=   234   udiff=  4.2572E+00 ( 73, 14)   vdiff=  1.6628E+00 (  8, 18)
n=   235   udiff=  4.2396E+00 ( 73, 14)   vdiff=  1.6584E+00 (  8, 18)
n=   236   udiff=  4.2219E+00 ( 73, 14)   vdiff=  1.6538E+00 (  8, 18)
n=   237   udiff=  4.2041E+00 ( 73, 14)   vdiff=  1.6490E+00 (  8, 18)
n=   238   udiff=  4.1862E+00 ( 73, 14)   vdiff=  1.6440E+00 (  8, 18)
n=   239   udiff=  4.1683E+00 ( 73, 14)   vdiff=  1.6389E+00 (  8, 18)
n=   240   udiff=  4.1502E+00 ( 73, 14)   vdiff=  1.6335E+00 (  8, 18)
n=   241   udiff=  4.1320E+00 ( 73, 14)   vdiff=  1.6281E+00 (  8, 18)
n=   242   udiff=  4.1138E+00 ( 73, 14)   vdiff=  1.6224E+00 (  8, 18)
n=   243   udiff=  4.0954E+00 ( 73, 14)   vdiff=  1.6167E+00 (  8, 18)
n=   244   udiff=  4.0770E+00 ( 73, 14)   vdiff=  1.6107E+00 (  8, 18)
n=   245   udiff=  4.0586E+00 ( 73, 14)   vdiff=  1.6046E+00 (  8, 18)
n=   246   udiff=  4.0400E+00 ( 73, 14)   vdiff=  1.5984E+00 (  8, 18)
n=   247   udiff=  4.0214E+00 ( 73, 14)   vdiff=  1.5939E+00 (  8, 19)
n=   248   udiff=  4.0028E+00 ( 73, 14)   vdiff=  1.5893E+00 (  8, 19)
n=   249   udiff=  3.9840E+00 ( 73, 14)   vdiff=  1.5845E+00 (  8, 19)
n=   250   udiff=  3.9653E+00 ( 73, 14)   vdiff=  1.5796E+00 (  8, 19)
n=   251   udiff=  3.9506E+00 ( 74, 14)   vdiff=  1.5745E+00 (  8, 19)
n=   252   udiff=  3.9364E+00 ( 74, 14)   vdiff=  1.5693E+00 (  8, 19)
n=   253   udiff=  3.9220E+00 ( 74, 14)   vdiff=  1.5640E+00 (  8, 19)
n=   254   udiff=  3.9076E+00 ( 74, 14)   vdiff=  1.5585E+00 (  8, 19)
n=   255   udiff=  3.8931E+00 ( 74, 14)   vdiff=  1.5529E+00 (  8, 19)
n=   256   udiff=  3.8784E+00 ( 74, 14)   vdiff=  1.5471E+00 (  8, 19)
n=   257   udiff=  3.8637E+00 ( 74, 14)   vdiff=  1.5412E+00 (  8, 19)
n=   258   udiff=  3.8489E+00 ( 74, 14)   vdiff=  1.5353E+00 (  8, 19)
n=   259   udiff=  3.8340E+00 ( 74, 14)   vdiff=  1.5292E+00 (  8, 19)
n=   260   udiff=  3.8190E+00 ( 74, 14)   vdiff=  1.5229E+00 (  8, 19)
n=   261   udiff=  3.8040E+00 ( 74, 14)   vdiff=  1.5166E+00 (  8, 19)
n=   262   udiff=  3.7888E+00 ( 74, 14)   vdiff=  1.5102E+00 (  8, 19)
n=   263   udiff=  3.7735E+00 ( 74, 14)   vdiff=  1.5036E+00 (  8, 19)
n=   264   udiff=  3.7582E+00 ( 74, 14)   vdiff=  1.4970E+00 (  8, 19)
n=   265   udiff=  3.7428E+00 ( 74, 14)   vdiff=  1.4903E+00 (  8, 19)
n=   266   udiff=  3.7274E+00 ( 74, 14)   vdiff=  1.4835E+00 (  8, 19)
n=   267   udiff=  3.7119E+00 ( 74, 14)   vdiff=  1.4778E+00 (  9, 18)
n=   268   udiff=  3.6963E+00 ( 74, 14)   vdiff=  1.4747E+00 (  9, 18)
n=   269   udiff=  3.6806E+00 ( 74, 14)   vdiff=  1.4713E+00 (  9, 18)
n=   270   udiff=  3.6649E+00 ( 74, 14)   vdiff=  1.4679E+00 (  9, 18)
n=   271   udiff=  3.6492E+00 ( 74, 14)   vdiff=  1.4642E+00 (  9, 18)
n=   272   udiff=  3.6334E+00 ( 74, 14)   vdiff=  1.4605E+00 (  9, 18)
n=   273   udiff=  3.6175E+00 ( 74, 14)   vdiff=  1.4566E+00 (  9, 18)
n=   274   udiff=  3.6016E+00 ( 74, 14)   vdiff=  1.4525E+00 (  9, 18)
n=   275   udiff=  3.5866E+00 ( 75, 14)   vdiff=  1.4484E+00 (  9, 18)
n=   276   udiff=  3.5744E+00 ( 75, 14)   vdiff=  1.4441E+00 (  9, 18)
n=   277   udiff=  3.5622E+00 ( 75, 14)   vdiff=  1.4396E+00 (  9, 18)
n=   278   udiff=  3.5498E+00 ( 75, 14)   vdiff=  1.4351E+00 (  9, 18)
n=   279   udiff=  3.5374E+00 ( 75, 14)   vdiff=  1.4304E+00 (  9, 18)
n=   280   udiff=  3.5249E+00 ( 75, 14)   vdiff=  1.4256E+00 (  9, 18)
n=   281   udiff=  3.5124E+00 ( 75, 14)   vdiff=  1.4207E+00 (  9, 18)
n=   282   udiff=  3.4997E+00 ( 75, 14)   vdiff=  1.4157E+00 (  9, 18)
n=   283   udiff=  3.4870E+00 ( 75, 14)   vdiff=  1.4108E+00 (  9, 19)
n=   284   udiff=  3.4742E+00 ( 75, 14)   vdiff=  1.4072E+00 (  9, 19)
n=   285   udiff=  3.4613E+00 ( 75, 14)   vdiff=  1.4035E+00 (  9, 19)
n=   286   udiff=  3.4484E+00 ( 75, 14)   vdiff=  1.3996E+00 (  9, 19)
n=   287   udiff=  3.4354E+00 ( 75, 14)   vdiff=  1.3957E+00 (  9, 19)
n=   288   udiff=  3.4224E+00 ( 75, 14)   vdiff=  1.3916E+00 (  9, 19)
n=   289   udiff=  3.4092E+00 ( 75, 14)   vdiff=  1.3874E+00 (  9, 19)
n=   290   udiff=  3.3961E+00 ( 75, 14)   vdiff=  1.3831E+00 (  9, 19)
n=   291   udiff=  3.3828E+00 ( 75, 14)   vdiff=  1.3787E+00 (  9, 19)
n=   292   udiff=  3.3696E+00 ( 75, 14)   vdiff=  1.3742E+00 (  9, 19)
n=   293   udiff=  3.3562E+00 ( 75, 14)   vdiff=  1.3696E+00 (  9, 19)
n=   294   udiff=  3.3428E+00 ( 75, 14)   vdiff=  1.3649E+00 (  9, 19)
n=   295   udiff=  3.3294E+00 ( 75, 14)   vdiff=  1.3601E+00 (  9, 19)
n=   296   udiff=  3.3159E+00 ( 75, 14)   vdiff=  1.3552E+00 (  9, 19)
n=   297   udiff=  3.3023E+00 ( 75, 14)   vdiff=  1.3503E+00 (  9, 19)
n=   298   udiff=  3.2887E+00 ( 75, 14)   vdiff=  1.3452E+00 (  9, 19)
n=   299   udiff=  3.2751E+00 ( 75, 14)   vdiff=  1.3401E+00 (  9, 19)
n=   300   udiff=  3.2624E+00 ( 76, 14)   vdiff=  1.3348E+00 (  9, 19)
n=   301   udiff=  3.2519E+00 ( 76, 14)   vdiff=  1.3295E+00 (  9, 19)
n=   302   udiff=  3.2413E+00 ( 76, 14)   vdiff=  1.3242E+00 (  9, 19)
n=   303   udiff=  3.2306E+00 ( 76, 14)   vdiff=  1.3195E+00 ( 10, 18)
n=   304   udiff=  3.2199E+00 ( 76, 14)   vdiff=  1.3168E+00 ( 10, 18)
n=   305   udiff=  3.2091E+00 ( 76, 14)   vdiff=  1.3140E+00 ( 10, 18)
n=   306   udiff=  3.1982E+00 ( 76, 14)   vdiff=  1.3111E+00 ( 10, 18)
n=   307   udiff=  3.1873E+00 ( 76, 14)   vdiff=  1.3081E+00 ( 10, 18)
n=   308   udiff=  3.1763E+00 ( 76, 14)   vdiff=  1.3049E+00 ( 10, 18)
n=   309   udiff=  3.1652E+00 ( 76, 14)   vdiff=  1.3016E+00 ( 10, 18)
n=   310   udiff=  3.1541E+00 ( 76, 14)   vdiff=  1.2983E+00 ( 10, 18)
n=   311   udiff=  3.1429E+00 ( 76, 14)   vdiff=  1.2948E+00 ( 10, 18)
n=   312   udiff=  3.1317E+00 ( 76, 14)   vdiff=  1.2912E+00 ( 10, 18)
n=   313   udiff=  3.1204E+00 ( 76, 14)   vdiff=  1.2876E+00 ( 10, 18)
n=   314   udiff=  3.1090E+00 ( 76, 14)   vdiff=  1.2838E+00 ( 10, 18)
n=   315   udiff=  3.0977E+00 ( 76, 14)   vdiff=  1.2800E+00 ( 10, 18)
n=   316   udiff=  3.0862E+00 ( 76, 14)   vdiff=  1.2760E+00 ( 10, 18)
n=   317   udiff=  3.0747E+00 ( 76, 14)   vdiff=  1.2720E+00 ( 10, 18)
n=   318   udiff=  3.0632E+00 ( 76, 14)   vdiff=  1.2678E+00 ( 10, 18)
n=   319   udiff=  3.0516E+00 ( 76, 14)   vdiff=  1.2636E+00 ( 10, 18)
n=   320   udiff=  3.0400E+00 ( 76, 14)   vdiff=  1.2596E+00 ( 10, 19)
n=   321   udiff=  3.0284E+00 ( 76, 14)   vdiff=  1.2566E+00 ( 10, 19)
n=   322   udiff=  3.0167E+00 ( 76, 14)   vdiff=  1.2535E+00 ( 10, 19)
n=   323   udiff=  3.0049E+00 ( 76, 14)   vdiff=  1.2503E+00 ( 10, 19)
n=   324   udiff=  2.9932E+00 ( 76, 14)   vdiff=  1.2470E+00 ( 10, 19)
n=   325   udiff=  2.9819E+00 ( 77, 14)   vdiff=  1.2436E+00 ( 10, 19)
n=   326   udiff=  2.9727E+00 ( 77, 14)   vdiff=  1.2402E+00 ( 10, 19)
n=   327   udiff=  2.9635E+00 ( 77, 14)   vdiff=  1.2366E+00 ( 10, 19)
n=   328   udiff=  2.9541E+00 ( 77, 14)   vdiff=  1.2330E+00 ( 10, 19)
n=   329   udiff=  2.9448E+00 ( 77, 14)   vdiff=  1.2293E+00 ( 10, 19)
n=   330   udiff=  2.9354E+00 ( 77, 14)   vdiff=  1.2255E+00 ( 10, 19)
n=   331   udiff=  2.9259E+00 ( 77, 14)   vdiff=  1.2217E+00 ( 10, 19)
n=   332   udiff=  2.9164E+00 ( 77, 14)   vdiff=  1.2177E+00 ( 10, 19)
n=   333   udiff=  2.9068E+00 ( 77, 14)   vdiff=  1.2137E+00 ( 10, 19)
n=   334   udiff=  2.8971E+00 ( 77, 14)   vdiff=  1.2096E+00 ( 10, 19)
n=   335   udiff=  2.8875E+00 ( 77, 14)   vdiff=  1.2055E+00 ( 10, 19)
n=   336   udiff=  2.8777E+00 ( 77, 14)   vdiff=  1.2013E+00 ( 10, 19)
n=   337   udiff=  2.8680E+00 ( 77, 14)   vdiff=  1.1970E+00 ( 10, 19)
n=   338   udiff=  2.8581E+00 ( 77, 14)   vdiff=  1.1926E+00 ( 10, 19)
n=   339   udiff=  2.8483E+00 ( 77, 14)   vdiff=  1.1891E+00 ( 11, 18)
n=   340   udiff=  2.8384E+00 ( 77, 14)   vdiff=  1.1867E+00 ( 11, 18)
n=   341   udiff=  2.8284E+00 ( 77, 14)   vdiff=  1.1843E+00 ( 11, 18)
n=   342   udiff=  2.8184E+00 ( 77, 14)   vdiff=  1.1818E+00 ( 11, 18)
n=   343   udiff=  2.8084E+00 ( 77, 14)   vdiff=  1.1792E+00 ( 11, 18)
n=   344   udiff=  2.7983E+00 ( 77, 14)   vdiff=  1.1765E+00 ( 11, 18)
n=   345   udiff=  2.7882E+00 ( 77, 14)   vdiff=  1.1738E+00 ( 11, 18)
n=   346   udiff=  2.7780E+00 ( 77, 14)   vdiff=  1.1709E+00 ( 11, 18)
n=   347   udiff=  2.7679E+00 ( 77, 14)   vdiff=  1.1679E+00 ( 11, 18)
n=   348   udiff=  2.7577E+00 ( 77, 14)   vdiff=  1.1649E+00 ( 11, 18)
n=   349   udiff=  2.7474E+00 ( 77, 14)   vdiff=  1.1618E+00 ( 11, 18)
n=   350   udiff=  2.7371E+00 ( 77, 14)   vdiff=  1.1586E+00 ( 11, 18)
n=   351   udiff=  2.7290E+00 ( 78, 14)   vdiff=  1.1554E+00 ( 11, 18)
n=   352   udiff=  2.7209E+00 ( 78, 14)   vdiff=  1.1521E+00 ( 11, 18)
n=   353   udiff=  2.7128E+00 ( 78, 14)   vdiff=  1.1486E+00 ( 11, 18)
n=   354   udiff=  2.7046E+00 ( 78, 14)   vdiff=  1.1452E+00 ( 11, 18)
n=   355   udiff=  2.6963E+00 ( 78, 14)   vdiff=  1.1416E+00 ( 11, 18)
n=   356   udiff=  2.6880E+00 ( 78, 14)   vdiff=  1.1380E+00 ( 11, 18)
n=   357   udiff=  2.6797E+00 ( 78, 14)   vdiff=  1.1346E+00 ( 11, 19)
n=   358   udiff=  2.6713E+00 ( 78, 14)   vdiff=  1.1321E+00 ( 11, 19)
n=   359   udiff=  2.6628E+00 ( 78, 14)   vdiff=  1.1295E+00 ( 11, 19)
n=   360   udiff=  2.6544E+00 ( 78, 14)   vdiff=  1.1268E+00 ( 11, 19)
n=   361   udiff=  2.6458E+00 ( 78, 14)   vdiff=  1.1240E+00 ( 11, 19)
n=   362   udiff=  2.6373E+00 ( 78, 14)   vdiff=  1.1211E+00 ( 11, 19)
n=   363   udiff=  2.6287E+00 ( 78, 14)   vdiff=  1.1182E+00 ( 11, 19)
n=   364   udiff=  2.6200E+00 ( 78, 14)   vdiff=  1.1152E+00 ( 11, 19)
n=   365   udiff=  2.6113E+00 ( 78, 14)   vdiff=  1.1122E+00 ( 11, 19)
n=   366   udiff=  2.6026E+00 ( 78, 14)   vdiff=  1.1091E+00 ( 11, 19)
n=   367   udiff=  2.5939E+00 ( 78, 14)   vdiff=  1.1059E+00 ( 11, 19)
n=   368   udiff=  2.5851E+00 ( 78, 14)   vdiff=  1.1026E+00 ( 11, 19)
n=   369   udiff=  2.5763E+00 ( 78, 14)   vdiff=  1.0993E+00 ( 11, 19)
n=   370   udiff=  2.5674E+00 ( 78, 14)   vdiff=  1.0960E+00 ( 11, 19)
n=   371   udiff=  2.5585E+00 ( 78, 14)   vdiff=  1.0925E+00 ( 11, 19)
n=   372   udiff=  2.5496E+00 ( 78, 14)   vdiff=  1.0891E+00 ( 11, 19)
n=   373   udiff=  2.5406E+00 ( 78, 14)   vdiff=  1.0855E+00 ( 11, 19)
n=   374   udiff=  2.5317E+00 ( 78, 14)   vdiff=  1.0819E+00 ( 11, 19)
n=   375   udiff=  2.5226E+00 ( 78, 14)   vdiff=  1.0794E+00 ( 12, 18)
n=   376   udiff=  2.5149E+00 ( 79, 14)   vdiff=  1.0774E+00 ( 12, 18)
n=   377   udiff=  2.5078E+00 ( 79, 14)   vdiff=  1.0753E+00 ( 12, 18)
n=   378   udiff=  2.5006E+00 ( 79, 14)   vdiff=  1.0731E+00 ( 12, 18)
n=   379   udiff=  2.4933E+00 ( 79, 14)   vdiff=  1.0708E+00 ( 12, 18)
n=   380   udiff=  2.4861E+00 ( 79, 14)   vdiff=  1.0685E+00 ( 12, 18)
n=   381   udiff=  2.4787E+00 ( 79, 14)   vdiff=  1.0661E+00 ( 12, 18)
n=   382   udiff=  2.4714E+00 ( 79, 14)   vdiff=  1.0636E+00 ( 12, 18)
n=   383   udiff=  2.4640E+00 ( 79, 14)   vdiff=  1.0611E+00 ( 12, 18)
n=   384   udiff=  2.4565E+00 ( 79, 14)   vdiff=  1.0585E+00 ( 12, 18)
n=   385   udiff=  2.4491E+00 ( 79, 14)   vdiff=  1.0558E+00 ( 12, 18)
n=   386   udiff=  2.4416E+00 ( 79, 14)   vdiff=  1.0531E+00 ( 12, 18)
n=   387   udiff=  2.4340E+00 ( 79, 14)   vdiff=  1.0503E+00 ( 12, 18)
n=   388   udiff=  2.4264E+00 ( 79, 14)   vdiff=  1.0474E+00 ( 12, 18)
n=   389   udiff=  2.4188E+00 ( 79, 14)   vdiff=  1.0445E+00 ( 12, 18)
n=   390   udiff=  2.4111E+00 ( 79, 14)   vdiff=  1.0416E+00 ( 12, 18)
n=   391   udiff=  2.4034E+00 ( 79, 14)   vdiff=  1.0385E+00 ( 12, 18)
n=   392   udiff=  2.3957E+00 ( 79, 14)   vdiff=  1.0355E+00 ( 12, 18)
n=   393   udiff=  2.3880E+00 ( 79, 14)   vdiff=  1.0323E+00 ( 12, 18)
n=   394   udiff=  2.3802E+00 ( 79, 14)   vdiff=  1.0294E+00 ( 12, 19)
n=   395   udiff=  2.3724E+00 ( 79, 14)   vdiff=  1.0272E+00 ( 12, 19)
n=   396   udiff=  2.3645E+00 ( 79, 14)   vdiff=  1.0249E+00 ( 12, 19)
n=   397   udiff=  2.3567E+00 ( 79, 14)   vdiff=  1.0226E+00 ( 12, 19)
n=   398   udiff=  2.3488E+00 ( 79, 14)   vdiff=  1.0202E+00 ( 12, 19)
n=   399   udiff=  2.3408E+00 ( 79, 14)   vdiff=  1.0178E+00 ( 12, 19)
n=   400   udiff=  2.3329E+00 ( 79, 14)   vdiff=  1.0153E+00 ( 12, 19)
n=   401   udiff=  2.3255E+00 ( 80, 14)   vdiff=  1.0127E+00 ( 12, 19)
n=   402   udiff=  2.3191E+00 ( 80, 14)   vdiff=  1.0101E+00 ( 12, 19)
n=   403   udiff=  2.3127E+00 ( 80, 14)   vdiff=  1.0074E+00 ( 12, 19)
n=   404   udiff=  2.3063E+00 ( 80, 14)   vdiff=  1.0047E+00 ( 12, 19)
n=   405   udiff=  2.2999E+00 ( 80, 14)   vdiff=  1.0019E+00 ( 12, 19)
n=   406   udiff=  2.2934E+00 ( 80, 14)   vdiff=  9.9910E-01 ( 12, 19)
n=   407   udiff=  2.2868E+00 ( 80, 14)   vdiff=  9.9622E-01 ( 12, 19)
n=   408   udiff=  2.2802E+00 ( 80, 14)   vdiff=  9.9330E-01 ( 12, 19)
n=   409   udiff=  2.2736E+00 ( 80, 14)   vdiff=  9.9034E-01 ( 12, 19)
n=   410   udiff=  2.2670E+00 ( 80, 14)   vdiff=  9.8759E-01 ( 13, 18)
n=   411   udiff=  2.2603E+00 ( 80, 14)   vdiff=  9.8585E-01 ( 13, 18)
n=   412   udiff=  2.2536E+00 ( 80, 14)   vdiff=  9.8404E-01 ( 13, 18)
n=   413   udiff=  2.2469E+00 ( 80, 14)   vdiff=  9.8218E-01 ( 13, 18)
n=   414   udiff=  2.2401E+00 ( 80, 14)   vdiff=  9.8025E-01 ( 13, 18)
n=   415   udiff=  2.2333E+00 ( 80, 14)   vdiff=  9.7826E-01 ( 13, 18)
n=   416   udiff=  2.2265E+00 ( 80, 14)   vdiff=  9.7621E-01 ( 13, 18)
n=   417   udiff=  2.2197E+00 ( 80, 14)   vdiff=  9.7411E-01 ( 13, 18)
n=   418   udiff=  2.2128E+00 ( 80, 14)   vdiff=  9.7195E-01 ( 13, 18)
n=   419   udiff=  2.2059E+00 ( 80, 14)   vdiff=  9.6973E-01 ( 13, 18)
n=   420   udiff=  2.1989E+00 ( 80, 14)   vdiff=  9.6746E-01 ( 13, 18)
n=   421   udiff=  2.1920E+00 ( 80, 14)   vdiff=  9.6514E-01 ( 13, 18)
n=   422   udiff=  2.1850E+00 ( 80, 14)   vdiff=  9.6276E-01 ( 13, 18)
n=   423   udiff=  2.1780E+00 ( 80, 14)   vdiff=  9.6033E-01 ( 13, 18)
n=   424   udiff=  2.1710E+00 ( 80, 14)   vdiff=  9.5786E-01 ( 13, 18)
n=   425   udiff=  2.1639E+00 ( 80, 14)   vdiff=  9.5533E-01 ( 13, 18)
n=   426   udiff=  2.1569E+00 ( 81, 14)   vdiff=  9.5275E-01 ( 13, 18)
n=   427   udiff=  2.1512E+00 ( 81, 14)   vdiff=  9.5013E-01 ( 13, 18)
n=   428   udiff=  2.1455E+00 ( 81, 14)   vdiff=  9.4746E-01 ( 13, 18)
n=   429   udiff=  2.1398E+00 ( 81, 14)   vdiff=  9.4475E-01 ( 13, 18)
n=   430   udiff=  2.1340E+00 ( 81, 14)   vdiff=  9.4199E-01 ( 13, 18)
n=   431   udiff=  2.1282E+00 ( 81, 14)   vdiff=  9.3945E-01 ( 13, 19)
n=   432   udiff=  2.1224E+00 ( 81, 14)   vdiff=  9.3751E-01 ( 13, 19)
n=   433   udiff=  2.1165E+00 ( 81, 14)   vdiff=  9.3552E-01 ( 13, 19)
n=   434   udiff=  2.1106E+00 ( 81, 14)   vdiff=  9.3348E-01 ( 13, 19)
n=   435   udiff=  2.1047E+00 ( 81, 14)   vdiff=  9.3139E-01 ( 13, 19)
n=   436   udiff=  2.0987E+00 ( 81, 14)   vdiff=  9.2926E-01 ( 13, 19)
n=   437   udiff=  2.0927E+00 ( 81, 14)   vdiff=  9.2707E-01 ( 13, 19)
n=   438   udiff=  2.0867E+00 ( 81, 14)   vdiff=  9.2485E-01 ( 13, 19)
n=   439   udiff=  2.0807E+00 ( 81, 14)   vdiff=  9.2257E-01 ( 13, 19)
n=   440   udiff=  2.0746E+00 ( 81, 14)   vdiff=  9.2025E-01 ( 13, 19)
n=   441   udiff=  2.0685E+00 ( 81, 14)   vdiff=  9.1789E-01 ( 13, 19)
n=   442   udiff=  2.0624E+00 ( 81, 14)   vdiff=  9.1549E-01 ( 13, 19)
n=   443   udiff=  2.0563E+00 ( 81, 14)   vdiff=  9.1304E-01 ( 13, 19)
n=   444   udiff=  2.0501E+00 ( 81, 14)   vdiff=  9.1056E-01 ( 13, 19)
n=   445   udiff=  2.0440E+00 ( 81, 14)   vdiff=  9.0803E-01 ( 13, 19)
n=   446   udiff=  2.0377E+00 ( 81, 14)   vdiff=  9.0650E-01 ( 14, 18)
n=   447   udiff=  2.0315E+00 ( 81, 14)   vdiff=  9.0494E-01 ( 14, 18)
n=   448   udiff=  2.0253E+00 ( 81, 14)   vdiff=  9.0332E-01 ( 14, 18)
n=   449   udiff=  2.0190E+00 ( 81, 14)   vdiff=  9.0166E-01 ( 14, 18)
n=   450   udiff=  2.0127E+00 ( 81, 14)   vdiff=  8.9994E-01 ( 14, 18)
n=   451   udiff=  2.0064E+00 ( 81, 14)   vdiff=  8.9817E-01 ( 14, 18)
n=   452   udiff=  2.0010E+00 ( 82, 14)   vdiff=  8.9636E-01 ( 14, 18)
n=   453   udiff=  1.9958E+00 ( 82, 14)   vdiff=  8.9449E-01 ( 14, 18)
n=   454   udiff=  1.9907E+00 ( 82, 14)   vdiff=  8.9258E-01 ( 14, 18)
n=   455   udiff=  1.9855E+00 ( 82, 14)   vdiff=  8.9063E-01 ( 14, 18)
n=   456   udiff=  1.9803E+00 ( 82, 14)   vdiff=  8.8863E-01 ( 14, 18)
n=   457   udiff=  1.9751E+00 ( 82, 14)   vdiff=  8.8658E-01 ( 14, 18)
n=   458   udiff=  1.9698E+00 ( 82, 14)   vdiff=  8.8449E-01 ( 14, 18)
n=   459   udiff=  1.9645E+00 ( 82, 14)   vdiff=  8.8236E-01 ( 14, 18)
n=   460   udiff=  1.9592E+00 ( 82, 14)   vdiff=  8.8018E-01 ( 14, 18)
n=   461   udiff=  1.9539E+00 ( 82, 14)   vdiff=  8.7797E-01 ( 14, 18)
n=   462   udiff=  1.9485E+00 ( 82, 14)   vdiff=  8.7571E-01 ( 14, 18)
n=   463   udiff=  1.9431E+00 ( 82, 14)   vdiff=  8.7342E-01 ( 14, 18)
n=   464   udiff=  1.9377E+00 ( 82, 14)   vdiff=  8.7108E-01 ( 14, 18)
n=   465   udiff=  1.9322E+00 ( 82, 14)   vdiff=  8.6871E-01 ( 14, 18)
n=   466   udiff=  1.9268E+00 ( 82, 14)   vdiff=  8.6630E-01 ( 14, 18)
n=   467   udiff=  1.9213E+00 ( 82, 14)   vdiff=  8.6386E-01 ( 14, 18)
n=   468   udiff=  1.9158E+00 ( 82, 14)   vdiff=  8.6157E-01 ( 14, 19)
n=   469   udiff=  1.9103E+00 ( 82, 14)   vdiff=  8.5985E-01 ( 14, 19)
n=   470   udiff=  1.9047E+00 ( 82, 14)   vdiff=  8.5808E-01 ( 14, 19)
n=   471   udiff=  1.8992E+00 ( 82, 14)   vdiff=  8.5628E-01 ( 14, 19)
n=   472   udiff=  1.8936E+00 ( 82, 14)   vdiff=  8.5443E-01 ( 14, 19)
n=   473   udiff=  1.8880E+00 ( 82, 14)   vdiff=  8.5255E-01 ( 14, 19)
n=   474   udiff=  1.8823E+00 ( 82, 14)   vdiff=  8.5063E-01 ( 14, 19)
n=   475   udiff=  1.8767E+00 ( 82, 14)   vdiff=  8.4866E-01 ( 14, 19)
n=   476   udiff=  1.8710E+00 ( 82, 14)   vdiff=  8.4667E-01 ( 14, 19)
n=   477   udiff=  1.8658E+00 ( 83, 14)   vdiff=  8.4463E-01 ( 14, 19)
n=   478   udiff=  1.8612E+00 ( 83, 14)   vdiff=  8.4256E-01 ( 14, 19)
n=   479   udiff=  1.8566E+00 ( 83, 14)   vdiff=  8.4045E-01 ( 14, 19)
n=   480   udiff=  1.8519E+00 ( 83, 14)   vdiff=  8.3836E-01 ( 15, 18)
n=   481   udiff=  1.8472E+00 ( 83, 14)   vdiff=  8.3703E-01 ( 15, 18)
n=   482   udiff=  1.8425E+00 ( 83, 14)   vdiff=  8.3566E-01 ( 15, 18)
n=   483   udiff=  1.8377E+00 ( 83, 14)   vdiff=  8.3425E-01 ( 15, 18)
n=   484   udiff=  1.8330E+00 ( 83, 14)   vdiff=  8.3280E-01 ( 15, 18)
n=   485   udiff=  1.8282E+00 ( 83, 14)   vdiff=  8.3130E-01 ( 15, 18)
n=   486   udiff=  1.8234E+00 ( 83, 14)   vdiff=  8.2975E-01 ( 15, 18)
n=   487   udiff=  1.8196E+00 ( 85, 13)   vdiff=  8.2817E-01 ( 15, 18)
n=   488   udiff=  1.8160E+00 ( 85, 13)   vdiff=  8.2655E-01 ( 15, 18)
n=   489   udiff=  1.8124E+00 ( 85, 13)   vdiff=  8.2488E-01 ( 15, 18)
n=   490   udiff=  1.8087E+00 ( 85, 13)   vdiff=  8.2318E-01 ( 15, 18)
n=   491   udiff=  1.8050E+00 ( 85, 13)   vdiff=  8.2144E-01 ( 15, 18)
n=   492   udiff=  1.8013E+00 ( 85, 13)   vdiff=  8.1966E-01 ( 15, 18)
n=   493   udiff=  1.7976E+00 ( 85, 13)   vdiff=  8.1784E-01 ( 15, 18)
n=   494   udiff=  1.7938E+00 ( 85, 13)   vdiff=  8.1599E-01 ( 15, 18)
n=   495   udiff=  1.7901E+00 ( 85, 13)   vdiff=  8.1409E-01 ( 15, 18)
n=   496   udiff=  1.7862E+00 ( 85, 13)   vdiff=  8.1217E-01 ( 15, 18)
n=   497   udiff=  1.7824E+00 ( 85, 13)   vdiff=  8.1021E-01 ( 15, 18)
n=   498   udiff=  1.7786E+00 ( 85, 13)   vdiff=  8.0821E-01 ( 15, 18)
n=   499   udiff=  1.7747E+00 ( 85, 13)   vdiff=  8.0619E-01 ( 15, 18)
n=   500   udiff=  1.7708E+00 ( 85, 13)   vdiff=  8.0413E-01 ( 15, 18)
n=   501   udiff=  1.7669E+00 ( 85, 13)   vdiff=  8.0203E-01 ( 15, 18)
n=   502   udiff=  1.7629E+00 ( 85, 13)   vdiff=  7.9991E-01 ( 15, 18)
n=   503   udiff=  1.7589E+00 ( 85, 13)   vdiff=  7.9776E-01 ( 15, 18)
n=   504   udiff=  1.7550E+00 ( 86, 13)   vdiff=  7.9557E-01 ( 15, 18)
n=   505   udiff=  1.7518E+00 ( 86, 13)   vdiff=  7.9346E-01 ( 15, 19)
n=   506   udiff=  1.7486E+00 ( 86, 13)   vdiff=  7.9192E-01 ( 15, 19)
n=   507   udiff=  1.7453E+00 ( 86, 13)   vdiff=  7.9034E-01 ( 15, 19)
n=   508   udiff=  1.7420E+00 ( 86, 13)   vdiff=  7.8873E-01 ( 15, 19)
n=   509   udiff=  1.7387E+00 ( 86, 13)   vdiff=  7.8708E-01 ( 15, 19)
n=   510   udiff=  1.7354E+00 ( 86, 13)   vdiff=  7.8540E-01 ( 15, 19)
n=   511   udiff=  1.7320E+00 ( 86, 13)   vdiff=  7.8369E-01 ( 15, 19)
n=   512   udiff=  1.7286E+00 ( 86, 13)   vdiff=  7.8195E-01 ( 15, 19)
n=   513   udiff=  1.7252E+00 ( 86, 13)   vdiff=  7.8018E-01 ( 15, 19)
n=   514   udiff=  1.7218E+00 ( 86, 13)   vdiff=  7.7837E-01 ( 15, 19)
n=   515   udiff=  1.7183E+00 ( 86, 13)   vdiff=  7.7686E-01 ( 16, 18)
n=   516   udiff=  1.7148E+00 ( 86, 13)   vdiff=  7.7569E-01 ( 16, 18)
n=   517   udiff=  1.7113E+00 ( 86, 13)   vdiff=  7.7448E-01 ( 16, 18)
n=   518   udiff=  1.7078E+00 ( 86, 13)   vdiff=  7.7323E-01 ( 16, 18)
n=   519   udiff=  1.7042E+00 ( 86, 13)   vdiff=  7.7195E-01 ( 16, 18)
n=   520   udiff=  1.7006E+00 ( 86, 13)   vdiff=  7.7063E-01 ( 16, 18)
n=   521   udiff=  1.6970E+00 ( 86, 13)   vdiff=  7.6927E-01 ( 16, 18)
n=   522   udiff=  1.6934E+00 ( 86, 13)   vdiff=  7.6788E-01 ( 16, 18)
n=   523   udiff=  1.6898E+00 ( 86, 13)   vdiff=  7.6645E-01 ( 16, 18)
n=   524   udiff=  1.6861E+00 ( 86, 13)   vdiff=  7.6499E-01 ( 16, 18)
n=   525   udiff=  1.6824E+00 ( 86, 13)   vdiff=  7.6349E-01 ( 16, 18)
n=   526   udiff=  1.6787E+00 ( 86, 13)   vdiff=  7.6196E-01 ( 16, 18)
n=   527   udiff=  1.6751E+00 ( 87, 13)   vdiff=  7.6040E-01 ( 16, 18)
n=   528   udiff=  1.6721E+00 ( 87, 13)   vdiff=  7.5880E-01 ( 16, 18)
n=   529   udiff=  1.6690E+00 ( 87, 13)   vdiff=  7.5717E-01 ( 16, 18)
n=   530   udiff=  1.6660E+00 ( 87, 13)   vdiff=  7.5552E-01 ( 16, 18)
n=   531   udiff=  1.6629E+00 ( 87, 13)   vdiff=  7.5383E-01 ( 16, 18)
n=   532   udiff=  1.6598E+00 ( 87, 13)   vdiff=  7.5211E-01 ( 16, 18)
n=   533   udiff=  1.6566E+00 ( 87, 13)   vdiff=  7.5036E-01 ( 16, 18)
n=   534   udiff=  1.6535E+00 ( 87, 13)   vdiff=  7.4858E-01 ( 16, 18)
n=   535   udiff=  1.6503E+00 ( 87, 13)   vdiff=  7.4678E-01 ( 16, 18)
n=   536   udiff=  1.6471E+00 ( 87, 13)   vdiff=  7.4494E-01 ( 16, 18)
n=   537   udiff=  1.6439E+00 ( 87, 13)   vdiff=  7.4308E-01 ( 16, 18)
n=   538   udiff=  1.6406E+00 ( 87, 13)   vdiff=  7.4120E-01 ( 16, 18)
n=   539   udiff=  1.6374E+00 ( 87, 13)   vdiff=  7.3928E-01 ( 16, 18)
n=   540   udiff=  1.6341E+00 ( 87, 13)   vdiff=  7.3735E-01 ( 16, 18)
n=   541   udiff=  1.6308E+00 ( 87, 13)   vdiff=  7.3538E-01 ( 16, 18)
n=   542   udiff=  1.6275E+00 ( 87, 13)   vdiff=  7.3339E-01 ( 16, 18)
n=   543   udiff=  1.6241E+00 ( 87, 13)   vdiff=  7.3199E-01 ( 16, 19)
n=   544   udiff=  1.6208E+00 ( 87, 13)   vdiff=  7.3057E-01 ( 16, 19)
n=   545   udiff=  1.6174E+00 ( 87, 13)   vdiff=  7.2912E-01 ( 16, 19)
n=   546   udiff=  1.6140E+00 ( 87, 13)   vdiff=  7.2764E-01 ( 16, 19)
n=   547   udiff=  1.6106E+00 ( 87, 13)   vdiff=  7.2613E-01 ( 16, 19)
n=   548   udiff=  1.6071E+00 ( 87, 13)   vdiff=  7.2460E-01 ( 16, 19)
n=   549   udiff=  1.6037E+00 ( 87, 13)   vdiff=  7.2317E-01 ( 17, 18)
n=   550   udiff=  1.6003E+00 ( 88, 13)   vdiff=  7.2216E-01 ( 17, 18)
n=   551   udiff=  1.5974E+00 ( 88, 13)   vdiff=  7.2112E-01 ( 17, 18)
n=   552   udiff=  1.5946E+00 ( 88, 13)   vdiff=  7.2004E-01 ( 17, 18)
n=   553   udiff=  1.5917E+00 ( 88, 13)   vdiff=  7.1893E-01 ( 17, 18)
n=   554   udiff=  1.5888E+00 ( 88, 13)   vdiff=  7.1779E-01 ( 17, 18)
n=   555   udiff=  1.5859E+00 ( 88, 13)   vdiff=  7.1662E-01 ( 17, 18)
n=   556   udiff=  1.5829E+00 ( 88, 13)   vdiff=  7.1541E-01 ( 17, 18)
n=   557   udiff=  1.5800E+00 ( 88, 13)   vdiff=  7.1418E-01 ( 17, 18)
n=   558   udiff=  1.5770E+00 ( 88, 13)   vdiff=  7.1291E-01 ( 17, 18)
n=   559   udiff=  1.5740E+00 ( 88, 13)   vdiff=  7.1161E-01 ( 17, 18)
n=   560   udiff=  1.5710E+00 ( 88, 13)   vdiff=  7.1029E-01 ( 17, 18)
n=   561   udiff=  1.5679E+00 ( 88, 13)   vdiff=  7.0893E-01 ( 17, 18)
n=   562   udiff=  1.5649E+00 ( 88, 13)   vdiff=  7.0755E-01 ( 17, 18)
n=   563   udiff=  1.5618E+00 ( 88, 13)   vdiff=  7.0614E-01 ( 17, 18)
n=   564   udiff=  1.5587E+00 ( 88, 13)   vdiff=  7.0470E-01 ( 17, 18)
n=   565   udiff=  1.5556E+00 ( 88, 13)   vdiff=  7.0324E-01 ( 17, 18)
n=   566   udiff=  1.5525E+00 ( 88, 13)   vdiff=  7.0175E-01 ( 17, 18)
n=   567   udiff=  1.5493E+00 ( 88, 13)   vdiff=  7.0023E-01 ( 17, 18)
n=   568   udiff=  1.5462E+00 ( 88, 13)   vdiff=  6.9868E-01 ( 17, 18)
n=   569   udiff=  1.5430E+00 ( 88, 13)   vdiff=  6.9711E-01 ( 17, 18)
n=   570   udiff=  1.5398E+00 ( 88, 13)   vdiff=  6.9552E-01 ( 17, 18)
n=   571   udiff=  1.5366E+00 ( 88, 13)   vdiff=  6.9390E-01 ( 17, 18)
n=   572   udiff=  1.5334E+00 ( 88, 13)   vdiff=  6.9226E-01 ( 17, 18)
n=   573   udiff=  1.5301E+00 ( 88, 13)   vdiff=  6.9060E-01 ( 17, 18)
n=   574   udiff=  1.5274E+00 ( 89, 13)   vdiff=  6.8891E-01 ( 17, 18)
n=   575   udiff=  1.5248E+00 ( 89, 13)   vdiff=  6.8720E-01 ( 17, 18)
n=   576   udiff=  1.5220E+00 ( 89, 13)   vdiff=  6.8547E-01 ( 17, 18)
n=   577   udiff=  1.5193E+00 ( 89, 13)   vdiff=  6.8371E-01 ( 17, 18)
n=   578   udiff=  1.5166E+00 ( 89, 13)   vdiff=  6.8194E-01 ( 17, 18)
n=   579   udiff=  1.5138E+00 ( 89, 13)   vdiff=  6.8014E-01 ( 17, 18)
n=   580   udiff=  1.5110E+00 ( 89, 13)   vdiff=  6.7873E-01 ( 17, 19)
n=   581   udiff=  1.5082E+00 ( 89, 13)   vdiff=  6.7744E-01 ( 17, 19)
n=   582   udiff=  1.5054E+00 ( 89, 13)   vdiff=  6.7613E-01 ( 17, 19)
n=   583   udiff=  1.5026E+00 ( 89, 13)   vdiff=  6.7499E-01 ( 18, 18)
n=   584   udiff=  1.4997E+00 ( 89, 13)   vdiff=  6.7411E-01 ( 18, 18)
n=   585   udiff=  1.4969E+00 ( 89, 13)   vdiff=  6.7320E-01 ( 18, 18)
n=   586   udiff=  1.4940E+00 ( 89, 13)   vdiff=  6.7226E-01 ( 18, 18)
n=   587   udiff=  1.4911E+00 ( 89, 13)   vdiff=  6.7130E-01 ( 18, 18)
n=   588   udiff=  1.4882E+00 ( 89, 13)   vdiff=  6.7031E-01 ( 18, 18)
n=   589   udiff=  1.4852E+00 ( 89, 13)   vdiff=  6.6928E-01 ( 18, 18)
n=   590   udiff=  1.4823E+00 ( 89, 13)   vdiff=  6.6823E-01 ( 18, 18)
n=   591   udiff=  1.4793E+00 ( 89, 13)   vdiff=  6.6716E-01 ( 18, 18)
n=   592   udiff=  1.4764E+00 ( 89, 13)   vdiff=  6.6605E-01 ( 18, 18)
n=   593   udiff=  1.4734E+00 ( 89, 13)   vdiff=  6.6492E-01 ( 18, 18)
n=   594   udiff=  1.4704E+00 ( 89, 13)   vdiff=  6.6377E-01 ( 18, 18)
n=   595   udiff=  1.4674E+00 ( 89, 13)   vdiff=  6.6258E-01 ( 18, 18)
n=   596   udiff=  1.4643E+00 ( 89, 13)   vdiff=  6.6138E-01 ( 18, 18)
n=   597   udiff=  1.4618E+00 ( 90, 13)   vdiff=  6.6015E-01 ( 18, 18)
n=   598   udiff=  1.4592E+00 ( 90, 13)   vdiff=  6.5889E-01 ( 18, 18)
n=   599   udiff=  1.4567E+00 ( 90, 13)   vdiff=  6.5761E-01 ( 18, 18)
n=   600   udiff=  1.4541E+00 ( 90, 13)   vdiff=  6.5630E-01 ( 18, 18)
n=   601   udiff=  1.4515E+00 ( 90, 13)   vdiff=  6.5498E-01 ( 18, 18)
n=   602   udiff=  1.4489E+00 ( 90, 13)   vdiff=  6.5363E-01 ( 18, 18)
n=   603   udiff=  1.4463E+00 ( 90, 13)   vdiff=  6.5226E-01 ( 18, 18)
n=   604   udiff=  1.4437E+00 ( 90, 13)   vdiff=  6.5086E-01 ( 18, 18)
n=   605   udiff=  1.4410E+00 ( 90, 13)   vdiff=  6.4945E-01 ( 18, 18)
n=   606   udiff=  1.4384E+00 ( 90, 13)   vdiff=  6.4801E-01 ( 18, 18)
n=   607   udiff=  1.4357E+00 ( 90, 13)   vdiff=  6.4655E-01 ( 18, 18)
n=   608   udiff=  1.4330E+00 ( 90, 13)   vdiff=  6.4507E-01 ( 18, 18)
n=   609   udiff=  1.4303E+00 ( 90, 13)   vdiff=  6.4357E-01 ( 18, 18)
n=   610   udiff=  1.4276E+00 ( 90, 13)   vdiff=  6.4205E-01 ( 18, 18)
n=   611   udiff=  1.4249E+00 ( 90, 13)   vdiff=  6.4052E-01 ( 18, 18)
n=   612   udiff=  1.4221E+00 ( 90, 13)   vdiff=  6.3896E-01 ( 18, 18)
n=   613   udiff=  1.4194E+00 ( 90, 13)   vdiff=  6.3738E-01 ( 18, 18)
n=   614   udiff=  1.4166E+00 ( 90, 13)   vdiff=  6.3579E-01 ( 18, 18)
n=   615   udiff=  1.4138E+00 ( 90, 13)   vdiff=  6.3418E-01 ( 18, 18)
n=   616   udiff=  1.4110E+00 ( 90, 13)   vdiff=  6.3263E-01 ( 19, 17)
n=   617   udiff=  1.4082E+00 ( 90, 13)   vdiff=  6.3150E-01 ( 19, 18)
n=   618   udiff=  1.4053E+00 ( 90, 13)   vdiff=  6.3074E-01 ( 19, 18)
n=   619   udiff=  1.4025E+00 ( 90, 13)   vdiff=  6.2994E-01 ( 19, 18)
n=   620   udiff=  1.4000E+00 ( 91, 13)   vdiff=  6.2912E-01 ( 19, 18)
n=   621   udiff=  1.3976E+00 ( 91, 13)   vdiff=  6.2828E-01 ( 19, 18)
n=   622   udiff=  1.3952E+00 ( 91, 13)   vdiff=  6.2740E-01 ( 19, 18)
n=   623   udiff=  1.3928E+00 ( 91, 13)   vdiff=  6.2651E-01 ( 19, 18)
n=   624   udiff=  1.3904E+00 ( 91, 13)   vdiff=  6.2559E-01 ( 19, 18)
n=   625   udiff=  1.3879E+00 ( 91, 13)   vdiff=  6.2464E-01 ( 19, 18)
n=   626   udiff=  1.3855E+00 ( 91, 13)   vdiff=  6.2367E-01 ( 19, 18)
n=   627   udiff=  1.3830E+00 ( 91, 13)   vdiff=  6.2268E-01 ( 19, 18)
n=   628   udiff=  1.3805E+00 ( 91, 13)   vdiff=  6.2167E-01 ( 19, 18)
n=   629   udiff=  1.3780E+00 ( 91, 13)   vdiff=  6.2063E-01 ( 19, 18)
n=   630   udiff=  1.3755E+00 ( 91, 13)   vdiff=  6.1957E-01 ( 19, 18)
n=   631   udiff=  1.3730E+00 ( 91, 13)   vdiff=  6.1849E-01 ( 19, 18)
n=   632   udiff=  1.3704E+00 ( 91, 13)   vdiff=  6.1738E-01 ( 19, 18)
n=   633   udiff=  1.3679E+00 ( 91, 13)   vdiff=  6.1626E-01 ( 19, 18)
n=   634   udiff=  1.3653E+00 ( 91, 13)   vdiff=  6.1511E-01 ( 19, 18)
n=   635   udiff=  1.3627E+00 ( 91, 13)   vdiff=  6.1395E-01 ( 19, 18)
n=   636   udiff=  1.3601E+00 ( 91, 13)   vdiff=  6.1276E-01 ( 19, 18)
n=   637   udiff=  1.3575E+00 ( 91, 13)   vdiff=  6.1155E-01 ( 19, 18)
n=   638   udiff=  1.3549E+00 ( 91, 13)   vdiff=  6.1032E-01 ( 19, 18)
n=   639   udiff=  1.3523E+00 ( 91, 13)   vdiff=  6.0908E-01 ( 19, 18)
n=   640   udiff=  1.3496E+00 ( 91, 13)   vdiff=  6.0781E-01 ( 19, 18)
n=   641   udiff=  1.3470E+00 ( 91, 13)   vdiff=  6.0653E-01 ( 19, 18)
n=   642   udiff=  1.3443E+00 ( 91, 13)   vdiff=  6.0523E-01 ( 19, 18)
n=   643   udiff=  1.3419E+00 ( 92, 13)   vdiff=  6.0390E-01 ( 19, 18)
n=   644   udiff=  1.3397E+00 ( 92, 13)   vdiff=  6.0257E-01 ( 19, 18)
n=   645   udiff=  1.3374E+00 ( 92, 13)   vdiff=  6.0121E-01 ( 19, 18)
n=   646   udiff=  1.3351E+00 ( 92, 13)   vdiff=  5.9984E-01 ( 19, 18)
n=   647   udiff=  1.3328E+00 ( 92, 13)   vdiff=  5.9845E-01 ( 19, 18)
n=   648   udiff=  1.3305E+00 ( 92, 13)   vdiff=  5.9704E-01 ( 19, 18)
n=   649   udiff=  1.3282E+00 ( 92, 13)   vdiff=  5.9562E-01 ( 19, 18)
n=   650   udiff=  1.3259E+00 ( 92, 13)   vdiff=  5.9418E-01 ( 19, 18)
n=   651   udiff=  1.3235E+00 ( 92, 13)   vdiff=  5.9281E-01 ( 20, 17)
n=   652   udiff=  1.3212E+00 ( 92, 13)   vdiff=  5.9167E-01 ( 20, 17)
n=   653   udiff=  1.3188E+00 ( 92, 13)   vdiff=  5.9070E-01 ( 20, 18)
n=   654   udiff=  1.3164E+00 ( 92, 13)   vdiff=  5.8998E-01 ( 20, 18)
n=   655   udiff=  1.3140E+00 ( 92, 13)   vdiff=  5.8923E-01 ( 20, 18)
n=   656   udiff=  1.3116E+00 ( 92, 13)   vdiff=  5.8846E-01 ( 20, 18)
n=   657   udiff=  1.3092E+00 ( 92, 13)   vdiff=  5.8767E-01 ( 20, 18)
n=   658   udiff=  1.3068E+00 ( 92, 13)   vdiff=  5.8686E-01 ( 20, 18)
n=   659   udiff=  1.3044E+00 ( 92, 13)   vdiff=  5.8603E-01 ( 20, 18)
n=   660   udiff=  1.3019E+00 ( 92, 13)   vdiff=  5.8517E-01 ( 20, 18)
n=   661   udiff=  1.2994E+00 ( 92, 13)   vdiff=  5.8430E-01 ( 20, 18)
n=   662   udiff=  1.2970E+00 ( 92, 13)   vdiff=  5.8340E-01 ( 20, 18)
n=   663   udiff=  1.2945E+00 ( 92, 13)   vdiff=  5.8248E-01 ( 20, 18)
n=   664   udiff=  1.2920E+00 ( 92, 13)   vdiff=  5.8155E-01 ( 20, 18)
n=   665   udiff=  1.2895E+00 ( 92, 13)   vdiff=  5.8059E-01 ( 20, 18)
n=   666   udiff=  1.2871E+00 ( 93, 13)   vdiff=  5.7962E-01 ( 20, 18)
n=   667   udiff=  1.2850E+00 ( 93, 13)   vdiff=  5.7862E-01 ( 20, 18)
n=   668   udiff=  1.2829E+00 ( 93, 13)   vdiff=  5.7761E-01 ( 20, 18)
n=   669   udiff=  1.2807E+00 ( 93, 13)   vdiff=  5.7658E-01 ( 20, 18)
n=   670   udiff=  1.2785E+00 ( 93, 13)   vdiff=  5.7553E-01 ( 20, 18)
n=   671   udiff=  1.2764E+00 ( 93, 13)   vdiff=  5.7446E-01 ( 20, 18)
n=   672   udiff=  1.2742E+00 ( 93, 13)   vdiff=  5.7337E-01 ( 20, 18)
n=   673   udiff=  1.2720E+00 ( 93, 13)   vdiff=  5.7227E-01 ( 20, 18)
n=   674   udiff=  1.2698E+00 ( 93, 13)   vdiff=  5.7115E-01 ( 20, 18)
n=   675   udiff=  1.2676E+00 ( 93, 13)   vdiff=  5.7001E-01 ( 20, 18)
n=   676   udiff=  1.2653E+00 ( 93, 13)   vdiff=  5.6886E-01 ( 20, 18)
n=   677   udiff=  1.2631E+00 ( 93, 13)   vdiff=  5.6769E-01 ( 20, 18)
n=   678   udiff=  1.2608E+00 ( 93, 13)   vdiff=  5.6651E-01 ( 20, 18)
n=   679   udiff=  1.2586E+00 ( 93, 13)   vdiff=  5.6530E-01 ( 20, 18)
n=   680   udiff=  1.2563E+00 ( 93, 13)   vdiff=  5.6409E-01 ( 20, 18)
n=   681   udiff=  1.2540E+00 ( 93, 13)   vdiff=  5.6286E-01 ( 20, 18)
n=   682   udiff=  1.2517E+00 ( 93, 13)   vdiff=  5.6161E-01 ( 20, 18)
n=   683   udiff=  1.2494E+00 ( 93, 13)   vdiff=  5.6035E-01 ( 20, 18)
n=   684   udiff=  1.2471E+00 ( 93, 13)   vdiff=  5.5907E-01 ( 20, 18)
n=   685   udiff=  1.2448E+00 ( 93, 13)   vdiff=  5.5778E-01 ( 20, 18)
n=   686   udiff=  1.2424E+00 ( 93, 13)   vdiff=  5.5662E-01 ( 21, 17)
n=   687   udiff=  1.2401E+00 ( 93, 13)   vdiff=  5.5558E-01 ( 21, 17)
n=   688   udiff=  1.2377E+00 ( 93, 13)   vdiff=  5.5452E-01 ( 21, 17)
n=   689   udiff=  1.2354E+00 ( 94, 13)   vdiff=  5.5364E-01 ( 21, 18)
n=   690   udiff=  1.2334E+00 ( 94, 13)   vdiff=  5.5296E-01 ( 21, 18)
n=   691   udiff=  1.2314E+00 ( 94, 13)   vdiff=  5.5226E-01 ( 21, 18)
n=   692   udiff=  1.2293E+00 ( 94, 13)   vdiff=  5.5154E-01 ( 21, 18)
n=   693   udiff=  1.2273E+00 ( 94, 13)   vdiff=  5.5080E-01 ( 21, 18)
n=   694   udiff=  1.2252E+00 ( 94, 13)   vdiff=  5.5004E-01 ( 21, 18)
n=   695   udiff=  1.2232E+00 ( 94, 13)   vdiff=  5.4926E-01 ( 21, 18)
n=   696   udiff=  1.2211E+00 ( 94, 13)   vdiff=  5.4847E-01 ( 21, 18)
n=   697   udiff=  1.2190E+00 ( 94, 13)   vdiff=  5.4765E-01 ( 21, 18)
n=   698   udiff=  1.2169E+00 ( 94, 13)   vdiff=  5.4682E-01 ( 21, 18)
n=   699   udiff=  1.2148E+00 ( 94, 13)   vdiff=  5.4597E-01 ( 21, 18)
n=   700   udiff=  1.2127E+00 ( 94, 13)   vdiff=  5.4511E-01 ( 21, 18)
n=   701   udiff=  1.2106E+00 ( 94, 13)   vdiff=  5.4422E-01 ( 21, 18)
n=   702   udiff=  1.2084E+00 ( 94, 13)   vdiff=  5.4332E-01 ( 21, 18)
n=   703   udiff=  1.2063E+00 ( 94, 13)   vdiff=  5.4241E-01 ( 21, 18)
n=   704   udiff=  1.2041E+00 ( 94, 13)   vdiff=  5.4148E-01 ( 21, 18)
n=   705   udiff=  1.2020E+00 ( 94, 13)   vdiff=  5.4053E-01 ( 21, 18)
n=   706   udiff=  1.1998E+00 ( 94, 13)   vdiff=  5.3956E-01 ( 21, 18)
n=   707   udiff=  1.1976E+00 ( 94, 13)   vdiff=  5.3858E-01 ( 21, 18)
n=   708   udiff=  1.1954E+00 ( 94, 13)   vdiff=  5.3758E-01 ( 21, 18)
n=   709   udiff=  1.1932E+00 ( 94, 13)   vdiff=  5.3657E-01 ( 21, 18)
n=   710   udiff=  1.1910E+00 ( 94, 13)   vdiff=  5.3555E-01 ( 21, 18)
n=   711   udiff=  1.1888E+00 ( 94, 13)   vdiff=  5.3451E-01 ( 21, 18)
n=   712   udiff=  1.1866E+00 ( 94, 13)   vdiff=  5.3345E-01 ( 21, 18)
n=   713   udiff=  1.1846E+00 ( 95, 13)   vdiff=  5.3238E-01 ( 21, 18)
n=   714   udiff=  1.1827E+00 ( 95, 13)   vdiff=  5.3130E-01 ( 21, 18)
n=   715   udiff=  1.1807E+00 ( 95, 13)   vdiff=  5.3020E-01 ( 21, 18)
n=   716   udiff=  1.1788E+00 ( 95, 13)   vdiff=  5.2909E-01 ( 21, 18)
n=   717   udiff=  1.1769E+00 ( 95, 13)   vdiff=  5.2797E-01 ( 21, 18)
n=   718   udiff=  1.1749E+00 ( 95, 13)   vdiff=  5.2683E-01 ( 21, 18)
n=   719   udiff=  1.1729E+00 ( 95, 13)   vdiff=  5.2568E-01 ( 21, 18)
n=   720   udiff=  1.1710E+00 ( 95, 13)   vdiff=  5.2453E-01 ( 22, 17)
n=   721   udiff=  1.1690E+00 ( 95, 13)   vdiff=  5.2359E-01 ( 22, 17)
n=   722   udiff=  1.1670E+00 ( 95, 13)   vdiff=  5.2263E-01 ( 22, 17)
n=   723   udiff=  1.1650E+00 ( 95, 13)   vdiff=  5.2166E-01 ( 22, 17)
n=   724   udiff=  1.1630E+00 ( 95, 13)   vdiff=  5.2068E-01 ( 22, 17)
n=   725   udiff=  1.1610E+00 ( 95, 13)   vdiff=  5.1982E-01 ( 22, 18)
n=   726   udiff=  1.1589E+00 ( 95, 13)   vdiff=  5.1918E-01 ( 22, 18)
n=   727   udiff=  1.1569E+00 ( 95, 13)   vdiff=  5.1852E-01 ( 22, 18)
n=   728   udiff=  1.1549E+00 ( 95, 13)   vdiff=  5.1785E-01 ( 22, 18)
n=   729   udiff=  1.1528E+00 ( 95, 13)   vdiff=  5.1715E-01 ( 22, 18)
n=   730   udiff=  1.1508E+00 ( 95, 13)   vdiff=  5.1644E-01 ( 22, 18)
n=   731   udiff=  1.1487E+00 ( 95, 13)   vdiff=  5.1572E-01 ( 22, 18)
n=   732   udiff=  1.1466E+00 ( 95, 13)   vdiff=  5.1498E-01 ( 22, 18)
n=   733   udiff=  1.1445E+00 ( 95, 13)   vdiff=  5.1422E-01 ( 22, 18)
n=   734   udiff=  1.1424E+00 ( 95, 13)   vdiff=  5.1345E-01 ( 22, 18)
n=   735   udiff=  1.1403E+00 ( 95, 13)   vdiff=  5.1266E-01 ( 22, 18)
n=   736   udiff=  1.1383E+00 ( 96, 13)   vdiff=  5.1186E-01 ( 22, 18)
n=   737   udiff=  1.1365E+00 ( 96, 13)   vdiff=  5.1104E-01 ( 22, 18)
n=   738   udiff=  1.1347E+00 ( 96, 13)   vdiff=  5.1021E-01 ( 22, 18)
n=   739   udiff=  1.1328E+00 ( 96, 13)   vdiff=  5.0936E-01 ( 22, 18)
n=   740   udiff=  1.1310E+00 ( 96, 13)   vdiff=  5.0850E-01 ( 22, 18)
n=   741   udiff=  1.1291E+00 ( 96, 13)   vdiff=  5.0762E-01 ( 22, 18)
n=   742   udiff=  1.1273E+00 ( 96, 13)   vdiff=  5.0673E-01 ( 22, 18)
n=   743   udiff=  1.1254E+00 ( 96, 13)   vdiff=  5.0583E-01 ( 22, 18)
n=   744   udiff=  1.1235E+00 ( 96, 13)   vdiff=  5.0492E-01 ( 22, 18)
n=   745   udiff=  1.1217E+00 ( 96, 13)   vdiff=  5.0399E-01 ( 22, 18)
n=   746   udiff=  1.1198E+00 ( 96, 13)   vdiff=  5.0304E-01 ( 22, 18)
n=   747   udiff=  1.1179E+00 ( 96, 13)   vdiff=  5.0209E-01 ( 22, 18)
n=   748   udiff=  1.1160E+00 ( 96, 13)   vdiff=  5.0112E-01 ( 22, 18)
n=   749   udiff=  1.1140E+00 ( 96, 13)   vdiff=  5.0014E-01 ( 22, 18)
n=   750   udiff=  1.1121E+00 ( 96, 13)   vdiff=  4.9915E-01 ( 22, 18)
n=   751   udiff=  1.1102E+00 ( 96, 13)   vdiff=  4.9814E-01 ( 22, 18)
n=   752   udiff=  1.1082E+00 ( 96, 13)   vdiff=  4.9712E-01 ( 22, 18)
n=   753   udiff=  1.1063E+00 ( 96, 13)   vdiff=  4.9610E-01 ( 22, 18)
n=   754   udiff=  1.1043E+00 ( 96, 13)   vdiff=  4.9506E-01 ( 22, 18)
n=   755   udiff=  1.1024E+00 ( 96, 13)   vdiff=  4.9417E-01 ( 23, 17)
n=   756   udiff=  1.1004E+00 ( 96, 13)   vdiff=  4.9330E-01 ( 23, 17)
n=   757   udiff=  1.0984E+00 ( 96, 13)   vdiff=  4.9243E-01 ( 23, 17)
n=   758   udiff=  1.0964E+00 ( 96, 13)   vdiff=  4.9153E-01 ( 23, 17)
n=   759   udiff=  1.0944E+00 ( 96, 13)   vdiff=  4.9063E-01 ( 23, 17)
n=   760   udiff=  1.0926E+00 ( 97, 13)   vdiff=  4.8971E-01 ( 23, 17)
n=   761   udiff=  1.0909E+00 ( 97, 13)   vdiff=  4.8883E-01 ( 23, 18)
n=   762   udiff=  1.0891E+00 ( 97, 13)   vdiff=  4.8823E-01 ( 23, 18)
n=   763   udiff=  1.0874E+00 ( 97, 13)   vdiff=  4.8761E-01 ( 23, 18)
n=   764   udiff=  1.0856E+00 ( 97, 13)   vdiff=  4.8697E-01 ( 23, 18)
n=   765   udiff=  1.0839E+00 ( 97, 13)   vdiff=  4.8632E-01 ( 23, 18)
n=   766   udiff=  1.0821E+00 ( 97, 13)   vdiff=  4.8566E-01 ( 23, 18)
n=   767   udiff=  1.0803E+00 ( 97, 13)   vdiff=  4.8498E-01 ( 23, 18)
n=   768   udiff=  1.0786E+00 ( 97, 13)   vdiff=  4.8429E-01 ( 23, 18)
n=   769   udiff=  1.0768E+00 ( 97, 13)   vdiff=  4.8359E-01 ( 23, 18)
n=   770   udiff=  1.0750E+00 ( 97, 13)   vdiff=  4.8287E-01 ( 23, 18)
n=   771   udiff=  1.0732E+00 ( 97, 13)   vdiff=  4.8213E-01 ( 23, 18)
n=   772   udiff=  1.0713E+00 ( 97, 13)   vdiff=  4.8139E-01 ( 23, 18)
n=   773   udiff=  1.0695E+00 ( 97, 13)   vdiff=  4.8063E-01 ( 23, 18)
n=   774   udiff=  1.0677E+00 ( 97, 13)   vdiff=  4.7986E-01 ( 23, 18)
n=   775   udiff=  1.0658E+00 ( 97, 13)   vdiff=  4.7907E-01 ( 23, 18)
n=   776   udiff=  1.0640E+00 ( 97, 13)   vdiff=  4.7828E-01 ( 23, 18)
n=   777   udiff=  1.0621E+00 ( 97, 13)   vdiff=  4.7747E-01 ( 23, 18)
n=   778   udiff=  1.0603E+00 ( 97, 13)   vdiff=  4.7664E-01 ( 23, 18)
n=   779   udiff=  1.0584E+00 ( 97, 13)   vdiff=  4.7581E-01 ( 23, 18)
n=   780   udiff=  1.0565E+00 ( 97, 13)   vdiff=  4.7496E-01 ( 23, 18)
n=   781   udiff=  1.0547E+00 ( 97, 13)   vdiff=  4.7411E-01 ( 23, 18)
n=   782   udiff=  1.0528E+00 ( 97, 13)   vdiff=  4.7324E-01 ( 23, 18)
n=   783   udiff=  1.0509E+00 ( 97, 13)   vdiff=  4.7236E-01 ( 23, 18)
n=   784   udiff=  1.0492E+00 ( 98, 13)   vdiff=  4.7147E-01 ( 23, 18)
n=   785   udiff=  1.0475E+00 ( 98, 13)   vdiff=  4.7057E-01 ( 23, 18)
n=   786   udiff=  1.0458E+00 ( 98, 13)   vdiff=  4.6965E-01 ( 23, 18)
n=   787   udiff=  1.0442E+00 ( 98, 13)   vdiff=  4.6873E-01 ( 23, 18)
n=   788   udiff=  1.0425E+00 ( 98, 13)   vdiff=  4.6780E-01 ( 23, 18)
n=   789   udiff=  1.0408E+00 ( 98, 13)   vdiff=  4.6701E-01 ( 24, 17)
n=   790   udiff=  1.0391E+00 ( 98, 13)   vdiff=  4.6622E-01 ( 24, 17)
n=   791   udiff=  1.0374E+00 ( 98, 13)   vdiff=  4.6543E-01 ( 24, 17)
n=   792   udiff=  1.0357E+00 ( 98, 13)   vdiff=  4.6462E-01 ( 24, 17)
n=   793   udiff=  1.0340E+00 ( 98, 13)   vdiff=  4.6379E-01 ( 24, 17)
n=   794   udiff=  1.0323E+00 ( 98, 13)   vdiff=  4.6296E-01 ( 24, 17)
n=   795   udiff=  1.0306E+00 ( 98, 13)   vdiff=  4.6212E-01 ( 24, 17)
n=   796   udiff=  1.0289E+00 ( 98, 13)   vdiff=  4.6126E-01 ( 24, 17)
n=   797   udiff=  1.0271E+00 ( 98, 13)   vdiff=  4.6039E-01 ( 24, 17)
n=   798   udiff=  1.0254E+00 ( 98, 13)   vdiff=  4.5974E-01 ( 24, 18)
n=   799   udiff=  1.0236E+00 ( 98, 13)   vdiff=  4.5916E-01 ( 24, 18)
n=   800   udiff=  1.0219E+00 ( 98, 13)   vdiff=  4.5856E-01 ( 24, 18)
n=   801   udiff=  1.0201E+00 ( 98, 13)   vdiff=  4.5795E-01 ( 24, 18)
n=   802   udiff=  1.0183E+00 ( 98, 13)   vdiff=  4.5733E-01 ( 24, 18)
n=   803   udiff=  1.0166E+00 ( 98, 13)   vdiff=  4.5670E-01 ( 24, 18)
n=   804   udiff=  1.0148E+00 ( 98, 13)   vdiff=  4.5605E-01 ( 24, 18)
n=   805   udiff=  1.0130E+00 ( 98, 13)   vdiff=  4.5539E-01 ( 24, 18)
n=   806   udiff=  1.0112E+00 ( 98, 13)   vdiff=  4.5472E-01 ( 24, 18)
n=   807   udiff=  1.0094E+00 ( 98, 13)   vdiff=  4.5404E-01 ( 24, 18)
n=   808   udiff=  1.0077E+00 ( 99, 13)   vdiff=  4.5334E-01 ( 24, 18)
n=   809   udiff=  1.0061E+00 ( 99, 13)   vdiff=  4.5264E-01 ( 24, 18)
n=   810   udiff=  1.0045E+00 ( 99, 13)   vdiff=  4.5192E-01 ( 24, 18)
n=   811   udiff=  1.0029E+00 ( 99, 13)   vdiff=  4.5119E-01 ( 24, 18)
n=   812   udiff=  1.0013E+00 ( 99, 13)   vdiff=  4.5045E-01 ( 24, 18)
n=   813   udiff=  9.9973E-01 ( 99, 13)   vdiff=  4.4970E-01 ( 24, 18)
n=   814   udiff=  9.9812E-01 ( 99, 13)   vdiff=  4.4894E-01 ( 24, 18)
n=   815   udiff=  9.9650E-01 ( 99, 13)   vdiff=  4.4817E-01 ( 24, 18)
n=   816   udiff=  9.9487E-01 ( 99, 13)   vdiff=  4.4739E-01 ( 24, 18)
n=   817   udiff=  9.9324E-01 ( 99, 13)   vdiff=  4.4659E-01 ( 24, 18)
n=   818   udiff=  9.9161E-01 ( 99, 13)   vdiff=  4.4579E-01 ( 24, 18)
n=   819   udiff=  9.8996E-01 ( 99, 13)   vdiff=  4.4498E-01 ( 24, 18)
n=   820   udiff=  9.8831E-01 ( 99, 13)   vdiff=  4.4416E-01 ( 24, 18)
n=   821   udiff=  9.8665E-01 ( 99, 13)   vdiff=  4.4332E-01 ( 24, 18)
n=   822   udiff=  9.8499E-01 ( 99, 13)   vdiff=  4.4254E-01 ( 25, 17)
n=   823   udiff=  9.8332E-01 ( 99, 13)   vdiff=  4.4183E-01 ( 25, 17)
n=   824   udiff=  9.8164E-01 ( 99, 13)   vdiff=  4.4111E-01 ( 25, 17)
n=   825   udiff=  9.7996E-01 ( 99, 13)   vdiff=  4.4039E-01 ( 25, 17)
n=   826   udiff=  9.7827E-01 ( 99, 13)   vdiff=  4.3965E-01 ( 25, 17)
n=   827   udiff=  9.7657E-01 ( 99, 13)   vdiff=  4.3890E-01 ( 25, 17)
n=   828   udiff=  9.7487E-01 ( 99, 13)   vdiff=  4.3814E-01 ( 25, 17)
n=   829   udiff=  9.7317E-01 ( 99, 13)   vdiff=  4.3737E-01 ( 25, 17)
n=   830   udiff=  9.7146E-01 ( 99, 13)   vdiff=  4.3659E-01 ( 25, 17)
n=   831   udiff=  9.6974E-01 ( 99, 13)   vdiff=  4.3580E-01 ( 25, 17)
n=   832   udiff=  9.6802E-01 ( 99, 13)   vdiff=  4.3501E-01 ( 25, 17)
n=   833   udiff=  9.6641E-01 (100, 13)   vdiff=  4.3420E-01 ( 25, 17)
n=   834   udiff=  9.6489E-01 (100, 13)   vdiff=  4.3341E-01 ( 25, 18)
n=   835   udiff=  9.6337E-01 (100, 13)   vdiff=  4.3286E-01 ( 25, 18)
n=   836   udiff=  9.6184E-01 (100, 13)   vdiff=  4.3230E-01 ( 25, 18)
n=   837   udiff=  9.6031E-01 (100, 13)   vdiff=  4.3173E-01 ( 25, 18)
n=   838   udiff=  9.5877E-01 (100, 13)   vdiff=  4.3114E-01 ( 25, 18)
n=   839   udiff=  9.5722E-01 (100, 13)   vdiff=  4.3055E-01 ( 25, 18)
n=   840   udiff=  9.5567E-01 (100, 13)   vdiff=  4.2994E-01 ( 25, 18)
n=   841   udiff=  9.5411E-01 (100, 13)   vdiff=  4.2933E-01 ( 25, 18)
n=   842   udiff=  9.5254E-01 (100, 13)   vdiff=  4.2870E-01 ( 25, 18)
n=   843   udiff=  9.5097E-01 (100, 13)   vdiff=  4.2806E-01 ( 25, 18)
n=   844   udiff=  9.4939E-01 (100, 13)   vdiff=  4.2742E-01 ( 25, 18)
n=   845   udiff=  9.4780E-01 (100, 13)   vdiff=  4.2676E-01 ( 25, 18)
n=   846   udiff=  9.4621E-01 (100, 13)   vdiff=  4.2687E-01 (120,  9)
n=   847   udiff=  9.4462E-01 (100, 13)   vdiff=  4.2769E-01 (120,  9)
n=   848   udiff=  9.4302E-01 (100, 13)   vdiff=  4.2851E-01 (120,  9)
n=   849   udiff=  9.4141E-01 (100, 13)   vdiff=  4.2932E-01 (120,  9)
n=   850   udiff=  9.3980E-01 (100, 13)   vdiff=  4.3013E-01 (120,  9)
n=   851   udiff=  9.3818E-01 (100, 13)   vdiff=  4.3094E-01 (120,  9)
n=   852   udiff=  9.3656E-01 (100, 13)   vdiff=  4.3175E-01 (120,  9)
n=   853   udiff=  9.3493E-01 (100, 13)   vdiff=  4.3256E-01 (120,  9)
n=   854   udiff=  9.3329E-01 (100, 13)   vdiff=  4.3336E-01 (120,  9)
n=   855   udiff=  9.3166E-01 (100, 13)   vdiff=  4.3416E-01 (120,  9)
n=   856   udiff=  9.3001E-01 (100, 13)   vdiff=  4.3496E-01 (120,  9)
n=   857   udiff=  9.2836E-01 (100, 13)   vdiff=  4.3576E-01 (120,  9)
n=   858   udiff=  9.2671E-01 (100, 13)   vdiff=  4.3655E-01 (120,  9)
n=   859   udiff=  9.2521E-01 (101, 13)   vdiff=  4.3734E-01 (120,  9)
n=   860   udiff=  9.2375E-01 (101, 13)   vdiff=  4.3813E-01 (120,  9)
n=   861   udiff=  9.2228E-01 (101, 13)   vdiff=  4.3891E-01 (120,  9)
n=   862   udiff=  9.2080E-01 (101, 13)   vdiff=  4.3969E-01 (120,  9)
n=   863   udiff=  9.1932E-01 (101, 13)   vdiff=  4.4047E-01 (120,  9)
n=   864   udiff=  9.1783E-01 (101, 13)   vdiff=  4.4124E-01 (120,  9)
n=   865   udiff=  9.1634E-01 (101, 13)   vdiff=  4.4201E-01 (120,  9)
n=   866   udiff=  9.1484E-01 (101, 13)   vdiff=  4.4278E-01 (120,  9)
n=   867   udiff=  9.1334E-01 (101, 13)   vdiff=  4.4354E-01 (120,  9)
n=   868   udiff=  9.1183E-01 (101, 13)   vdiff=  4.4430E-01 (120,  9)
n=   869   udiff=  9.1032E-01 (101, 13)   vdiff=  4.4506E-01 (120,  9)
n=   870   udiff=  9.0880E-01 (101, 13)   vdiff=  4.4581E-01 (120,  9)
n=   871   udiff=  9.0727E-01 (101, 13)   vdiff=  4.4656E-01 (120,  9)
n=   872   udiff=  9.0574E-01 (101, 13)   vdiff=  4.4731E-01 (120,  9)
n=   873   udiff=  9.0421E-01 (101, 13)   vdiff=  4.4805E-01 (120,  9)
n=   874   udiff=  9.0267E-01 (101, 13)   vdiff=  4.4878E-01 (120,  9)
n=   875   udiff=  9.0112E-01 (101, 13)   vdiff=  4.4952E-01 (120,  9)
n=   876   udiff=  8.9957E-01 (101, 13)   vdiff=  4.5025E-01 (120,  9)
n=   877   udiff=  8.9801E-01 (101, 13)   vdiff=  4.5097E-01 (120,  9)
n=   878   udiff=  8.9645E-01 (101, 13)   vdiff=  4.5169E-01 (120,  9)
n=   879   udiff=  8.9489E-01 (101, 13)   vdiff=  4.5240E-01 (120,  9)
n=   880   udiff=  8.9332E-01 (101, 13)   vdiff=  4.5311E-01 (120,  9)
n=   881   udiff=  8.9175E-01 (101, 13)   vdiff=  4.5382E-01 (120,  9)
n=   882   udiff=  8.9017E-01 (101, 13)   vdiff=  4.5452E-01 (120,  9)
n=   883   udiff=  8.8859E-01 (101, 13)   vdiff=  4.5522E-01 (120,  9)
n=   884   udiff=  8.8700E-01 (101, 13)   vdiff=  4.5591E-01 (120,  9)
n=   885   udiff=  8.8541E-01 (101, 13)   vdiff=  4.5659E-01 (120,  9)
n=   886   udiff=  8.8396E-01 (102, 13)   vdiff=  4.5727E-01 (120,  9)
n=   887   udiff=  8.8254E-01 (102, 13)   vdiff=  4.5795E-01 (120,  9)
n=   888   udiff=  8.8112E-01 (102, 13)   vdiff=  4.5862E-01 (120,  9)
n=   889   udiff=  8.7970E-01 (102, 13)   vdiff=  4.5929E-01 (120,  9)
n=   890   udiff=  8.7826E-01 (102, 13)   vdiff=  4.5995E-01 (120,  9)
n=   891   udiff=  8.7683E-01 (102, 13)   vdiff=  4.6060E-01 (120,  9)
n=   892   udiff=  8.7538E-01 (102, 13)   vdiff=  4.6125E-01 (120,  9)
n=   893   udiff=  8.7394E-01 (102, 13)   vdiff=  4.6190E-01 (120,  9)
n=   894   udiff=  8.7248E-01 (102, 13)   vdiff=  4.6253E-01 (120,  9)
n=   895   udiff=  8.7103E-01 (102, 13)   vdiff=  4.6317E-01 (120,  9)
n=   896   udiff=  8.6956E-01 (102, 13)   vdiff=  4.6379E-01 (120,  9)
n=   897   udiff=  8.6810E-01 (102, 13)   vdiff=  4.6442E-01 (120,  9)
n=   898   udiff=  8.6662E-01 (102, 13)   vdiff=  4.6503E-01 (120,  9)
n=   899   udiff=  8.6515E-01 (102, 13)   vdiff=  4.6564E-01 (120,  9)
n=   900   udiff=  8.6366E-01 (102, 13)   vdiff=  4.6625E-01 (120,  9)
n=   901   udiff=  8.6218E-01 (102, 13)   vdiff=  4.6684E-01 (120,  9)
n=   902   udiff=  8.6068E-01 (102, 13)   vdiff=  4.6744E-01 (120,  9)
n=   903   udiff=  8.5919E-01 (102, 13)   vdiff=  4.6802E-01 (120,  9)
n=   904   udiff=  8.5768E-01 (102, 13)   vdiff=  4.6860E-01 (120,  9)
n=   905   udiff=  8.5618E-01 (102, 13)   vdiff=  4.6918E-01 (120,  9)
n=   906   udiff=  8.5467E-01 (102, 13)   vdiff=  4.6974E-01 (120,  9)
n=   907   udiff=  8.5316E-01 (102, 13)   vdiff=  4.7031E-01 (120,  9)
n=   908   udiff=  8.5164E-01 (102, 13)   vdiff=  4.7086E-01 (120,  9)
n=   909   udiff=  8.5011E-01 (102, 13)   vdiff=  4.7141E-01 (120,  9)
n=   910   udiff=  8.4859E-01 (102, 13)   vdiff=  4.7195E-01 (120,  9)
n=   911   udiff=  8.4706E-01 (102, 13)   vdiff=  4.7249E-01 (120,  9)
n=   912   udiff=  8.4552E-01 (102, 13)   vdiff=  4.7302E-01 (120,  9)
n=   913   udiff=  8.4399E-01 (102, 13)   vdiff=  4.7354E-01 (120,  9)
n=   914   udiff=  8.4247E-01 (103, 13)   vdiff=  4.7406E-01 (120,  9)
n=   915   udiff=  8.4109E-01 (103, 13)   vdiff=  4.7457E-01 (120,  9)
n=   916   udiff=  8.3971E-01 (103, 13)   vdiff=  4.7507E-01 (120,  9)
n=   917   udiff=  8.3832E-01 (103, 13)   vdiff=  4.7557E-01 (120,  9)
n=   918   udiff=  8.3692E-01 (103, 13)   vdiff=  4.7606E-01 (120,  9)
n=   919   udiff=  8.3553E-01 (103, 13)   vdiff=  4.7655E-01 (120,  9)
n=   920   udiff=  8.3412E-01 (103, 13)   vdiff=  4.7702E-01 (120,  9)
n=   921   udiff=  8.3272E-01 (103, 13)   vdiff=  4.7749E-01 (120,  9)
n=   922   udiff=  8.3130E-01 (103, 13)   vdiff=  4.7796E-01 (120,  9)
n=   923   udiff=  8.2989E-01 (103, 13)   vdiff=  4.7841E-01 (120,  9)
n=   924   udiff=  8.2847E-01 (103, 13)   vdiff=  4.7886E-01 (120,  9)
n=   925   udiff=  8.2704E-01 (103, 13)   vdiff=  4.7931E-01 (120,  9)
n=   926   udiff=  8.2562E-01 (103, 13)   vdiff=  4.7974E-01 (120,  9)
n=   927   udiff=  8.2418E-01 (103, 13)   vdiff=  4.8017E-01 (120,  9)
n=   928   udiff=  8.2275E-01 (103, 13)   vdiff=  4.8059E-01 (120,  9)
n=   929   udiff=  8.2131E-01 (103, 13)   vdiff=  4.8101E-01 (120,  9)
n=   930   udiff=  8.1986E-01 (103, 13)   vdiff=  4.8142E-01 (120,  9)
n=   931   udiff=  8.1841E-01 (103, 13)   vdiff=  4.8182E-01 (120,  9)
n=   932   udiff=  8.1696E-01 (103, 13)   vdiff=  4.8222E-01 (120,  9)
n=   933   udiff=  8.1550E-01 (103, 13)   vdiff=  4.8260E-01 (120,  9)
n=   934   udiff=  8.1404E-01 (103, 13)   vdiff=  4.8298E-01 (120,  9)
n=   935   udiff=  8.1258E-01 (103, 13)   vdiff=  4.8336E-01 (120,  9)
n=   936   udiff=  8.1111E-01 (103, 13)   vdiff=  4.8372E-01 (120,  9)
n=   937   udiff=  8.0964E-01 (103, 13)   vdiff=  4.8408E-01 (120,  9)
n=   938   udiff=  8.0817E-01 (103, 13)   vdiff=  4.8443E-01 (120,  9)
n=   939   udiff=  8.0669E-01 (103, 13)   vdiff=  4.8478E-01 (120,  9)
n=   940   udiff=  8.0521E-01 (103, 13)   vdiff=  4.8512E-01 (120,  9)
n=   941   udiff=  8.0373E-01 (103, 13)   vdiff=  4.8545E-01 (120,  9)
n=   942   udiff=  8.0224E-01 (103, 13)   vdiff=  4.8577E-01 (120,  9)
n=   943   udiff=  8.0075E-01 (103, 13)   vdiff=  4.8609E-01 (120,  9)
n=   944   udiff=  7.9925E-01 (103, 13)   vdiff=  4.8640E-01 (120,  9)
n=   945   udiff=  7.9776E-01 (103, 13)   vdiff=  4.8670E-01 (120,  9)
n=   946   udiff=  7.9634E-01 (104, 13)   vdiff=  4.8699E-01 (120,  9)
n=   947   udiff=  7.9498E-01 (104, 13)   vdiff=  4.8728E-01 (120,  9)
n=   948   udiff=  7.9362E-01 (104, 13)   vdiff=  4.8756E-01 (120,  9)
n=   949   udiff=  7.9226E-01 (104, 13)   vdiff=  4.8784E-01 (120,  9)
n=   950   udiff=  7.9089E-01 (104, 13)   vdiff=  4.8810E-01 (120,  9)
n=   951   udiff=  7.8952E-01 (104, 13)   vdiff=  4.8836E-01 (120,  9)
n=   952   udiff=  7.8814E-01 (104, 13)   vdiff=  4.8861E-01 (120,  9)
n=   953   udiff=  7.8676E-01 (104, 13)   vdiff=  4.8886E-01 (120,  9)
n=   954   udiff=  7.8538E-01 (104, 13)   vdiff=  4.8909E-01 (120,  9)
n=   955   udiff=  7.8400E-01 (104, 13)   vdiff=  4.8932E-01 (120,  9)
n=   956   udiff=  7.8261E-01 (104, 13)   vdiff=  4.8955E-01 (120,  9)
n=   957   udiff=  7.8121E-01 (104, 13)   vdiff=  4.8976E-01 (120,  9)
n=   958   udiff=  7.7982E-01 (104, 13)   vdiff=  4.8997E-01 (120,  9)
n=   959   udiff=  7.7842E-01 (104, 13)   vdiff=  4.9017E-01 (120,  9)
n=   960   udiff=  7.7701E-01 (104, 13)   vdiff=  4.9037E-01 (120,  9)
n=   961   udiff=  7.7561E-01 (104, 13)   vdiff=  4.9055E-01 (120,  9)
n=   962   udiff=  7.7420E-01 (104, 13)   vdiff=  4.9073E-01 (120,  9)
n=   963   udiff=  7.7279E-01 (104, 13)   vdiff=  4.9091E-01 (120,  9)
n=   964   udiff=  7.7137E-01 (104, 13)   vdiff=  4.9107E-01 (120,  9)
n=   965   udiff=  7.6995E-01 (104, 13)   vdiff=  4.9123E-01 (120,  9)
n=   966   udiff=  7.6853E-01 (104, 13)   vdiff=  4.9138E-01 (120,  9)
n=   967   udiff=  7.6711E-01 (104, 13)   vdiff=  4.9153E-01 (120,  9)
n=   968   udiff=  7.6568E-01 (104, 13)   vdiff=  4.9166E-01 (120,  9)
n=   969   udiff=  7.6425E-01 (104, 13)   vdiff=  4.9179E-01 (120,  9)
n=   970   udiff=  7.6282E-01 (104, 13)   vdiff=  4.9191E-01 (120,  9)
n=   971   udiff=  7.6138E-01 (104, 13)   vdiff=  4.9203E-01 (120,  9)
n=   972   udiff=  7.5995E-01 (104, 13)   vdiff=  4.9214E-01 (120,  9)
n=   973   udiff=  7.5850E-01 (104, 13)   vdiff=  4.9224E-01 (120,  9)
n=   974   udiff=  7.5706E-01 (104, 13)   vdiff=  4.9233E-01 (120,  9)
n=   975   udiff=  7.5562E-01 (104, 13)   vdiff=  4.9242E-01 (120,  9)
n=   976   udiff=  7.5417E-01 (104, 13)   vdiff=  4.9250E-01 (120,  9)
n=   977   udiff=  7.5272E-01 (104, 13)   vdiff=  4.9257E-01 (120,  9)
n=   978   udiff=  7.5127E-01 (104, 13)   vdiff=  4.9264E-01 (120,  9)
n=   979   udiff=  7.4982E-01 (104, 13)   vdiff=  4.9270E-01 (120,  9)
n=   980   udiff=  7.4837E-01 (104, 13)   vdiff=  4.9275E-01 (120,  9)
n=   981   udiff=  7.4692E-01 (104, 13)   vdiff=  4.9280E-01 (120,  9)
n=   982   udiff=  7.4547E-01 (104, 13)   vdiff=  4.9284E-01 (120,  9)
n=   983   udiff=  7.4410E-01 (105, 13)   vdiff=  4.9287E-01 (120,  9)
n=   984   udiff=  7.4279E-01 (105, 13)   vdiff=  4.9289E-01 (120,  9)
n=   985   udiff=  7.4148E-01 (105, 13)   vdiff=  4.9291E-01 (120,  9)
n=   986   udiff=  7.4017E-01 (105, 13)   vdiff=  4.9292E-01 (120,  9)
n=   987   udiff=  7.3885E-01 (105, 13)   vdiff=  4.9292E-01 (120,  9)
n=   988   udiff=  7.3752E-01 (105, 13)   vdiff=  4.9292E-01 (120,  9)
n=   989   udiff=  7.3620E-01 (105, 13)   vdiff=  4.9291E-01 (120,  9)
n=   990   udiff=  7.3487E-01 (105, 13)   vdiff=  4.9290E-01 (120,  9)
n=   991   udiff=  7.3353E-01 (105, 13)   vdiff=  4.9287E-01 (120,  9)
n=   992   udiff=  7.3219E-01 (105, 13)   vdiff=  4.9284E-01 (120,  9)
n=   993   udiff=  7.3085E-01 (105, 13)   vdiff=  4.9281E-01 (120,  9)
n=   994   udiff=  7.2951E-01 (105, 13)   vdiff=  4.9276E-01 (120,  9)
n=   995   udiff=  7.2816E-01 (105, 13)   vdiff=  4.9271E-01 (120,  9)
n=   996   udiff=  7.2681E-01 (105, 13)   vdiff=  4.9266E-01 (120,  9)
n=   997   udiff=  7.2545E-01 (105, 13)   vdiff=  4.9259E-01 (120,  9)
n=   998   udiff=  7.2410E-01 (105, 13)   vdiff=  4.9252E-01 (120,  9)
n=   999   udiff=  7.2274E-01 (105, 13)   vdiff=  4.9245E-01 (120,  9)
n=  1000   udiff=  7.2137E-01 (105, 13)   vdiff=  4.9236E-01 (120,  9)
n=  1001   udiff=  7.2001E-01 (105, 13)   vdiff=  4.9228E-01 (120,  9)
n=  1002   udiff=  7.1864E-01 (105, 13)   vdiff=  4.9218E-01 (120,  9)
n=  1003   udiff=  7.1726E-01 (105, 13)   vdiff=  4.9208E-01 (120,  9)
n=  1004   udiff=  7.1589E-01 (105, 13)   vdiff=  4.9197E-01 (120,  9)
n=  1005   udiff=  7.1451E-01 (105, 13)   vdiff=  4.9185E-01 (120,  9)
n=  1006   udiff=  7.1313E-01 (105, 13)   vdiff=  4.9173E-01 (120,  9)
n=  1007   udiff=  7.1174E-01 (105, 13)   vdiff=  4.9161E-01 (120,  9)
n=  1008   udiff=  7.1036E-01 (105, 13)   vdiff=  4.9147E-01 (120,  9)
n=  1009   udiff=  7.0897E-01 (105, 13)   vdiff=  4.9133E-01 (120,  9)
n=  1010   udiff=  7.0758E-01 (105, 13)   vdiff=  4.9119E-01 (120,  9)
n=  1011   udiff=  7.0618E-01 (105, 13)   vdiff=  4.9103E-01 (120,  9)
n=  1012   udiff=  7.0479E-01 (105, 13)   vdiff=  4.9087E-01 (120,  9)
n=  1013   udiff=  7.0339E-01 (105, 13)   vdiff=  4.9071E-01 (120,  9)
n=  1014   udiff=  7.0199E-01 (105, 13)   vdiff=  4.9054E-01 (120,  9)
n=  1015   udiff=  7.0059E-01 (105, 13)   vdiff=  4.9036E-01 (120,  9)
n=  1016   udiff=  6.9922E-01 (106, 13)   vdiff=  4.9018E-01 (120,  9)
n=  1017   udiff=  6.9794E-01 (106, 13)   vdiff=  4.8999E-01 (120,  9)
n=  1018   udiff=  6.9666E-01 (106, 13)   vdiff=  4.8979E-01 (120,  9)
n=  1019   udiff=  6.9537E-01 (106, 13)   vdiff=  4.8959E-01 (120,  9)
n=  1020   udiff=  6.9409E-01 (106, 13)   vdiff=  4.8939E-01 (120,  9)
n=  1021   udiff=  6.9280E-01 (106, 13)   vdiff=  4.8917E-01 (120,  9)
n=  1022   udiff=  6.9150E-01 (106, 13)   vdiff=  4.8896E-01 (120,  9)
n=  1023   udiff=  6.9021E-01 (106, 13)   vdiff=  4.8873E-01 (120,  9)
n=  1024   udiff=  6.8891E-01 (106, 13)   vdiff=  4.8850E-01 (120,  9)
n=  1025   udiff=  6.8760E-01 (106, 13)   vdiff=  4.8826E-01 (120,  9)
n=  1026   udiff=  6.8627E-01 (106, 13)   vdiff=  4.8802E-01 (120,  9)
n=  1027   udiff=  6.8493E-01 (106, 13)   vdiff=  4.8778E-01 (120,  9)
n=  1028   udiff=  6.8359E-01 (106, 13)   vdiff=  4.8752E-01 (120,  9)
n=  1029   udiff=  6.8225E-01 (106, 13)   vdiff=  4.8726E-01 (120,  9)
n=  1030   udiff=  6.8090E-01 (106, 13)   vdiff=  4.8700E-01 (120,  9)
n=  1031   udiff=  6.7955E-01 (106, 13)   vdiff=  4.8673E-01 (120,  9)
n=  1032   udiff=  6.7820E-01 (106, 13)   vdiff=  4.8646E-01 (120,  9)
n=  1033   udiff=  6.7685E-01 (106, 13)   vdiff=  4.8617E-01 (120,  9)
n=  1034   udiff=  6.7550E-01 (106, 13)   vdiff=  4.8589E-01 (120,  9)
n=  1035   udiff=  6.7415E-01 (106, 13)   vdiff=  4.8560E-01 (120,  9)
n=  1036   udiff=  6.7279E-01 (106, 13)   vdiff=  4.8530E-01 (120,  9)
n=  1037   udiff=  6.7144E-01 (106, 13)   vdiff=  4.8500E-01 (120,  9)
n=  1038   udiff=  6.7008E-01 (106, 13)   vdiff=  4.8469E-01 (120,  9)
n=  1039   udiff=  6.6872E-01 (106, 13)   vdiff=  4.8438E-01 (120,  9)
n=  1040   udiff=  6.6736E-01 (106, 13)   vdiff=  4.8406E-01 (120,  9)
n=  1041   udiff=  6.6600E-01 (106, 13)   vdiff=  4.8374E-01 (120,  9)
n=  1042   udiff=  6.6463E-01 (106, 13)   vdiff=  4.8341E-01 (120,  9)
n=  1043   udiff=  6.6327E-01 (106, 13)   vdiff=  4.8307E-01 (120,  9)
n=  1044   udiff=  6.6190E-01 (106, 13)   vdiff=  4.8274E-01 (120,  9)
n=  1045   udiff=  6.6054E-01 (106, 13)   vdiff=  4.8239E-01 (120,  9)
n=  1046   udiff=  6.5917E-01 (106, 13)   vdiff=  4.8204E-01 (120,  9)
n=  1047   udiff=  6.5780E-01 (106, 13)   vdiff=  4.8169E-01 (120,  9)
n=  1048   udiff=  6.5643E-01 (106, 13)   vdiff=  4.8133E-01 (120,  9)
n=  1049   udiff=  6.5506E-01 (106, 13)   vdiff=  4.8097E-01 (120,  9)
n=  1050   udiff=  6.5369E-01 (106, 13)   vdiff=  4.8060E-01 (120,  9)
n=  1051   udiff=  6.5232E-01 (106, 13)   vdiff=  4.8023E-01 (120,  9)
n=  1052   udiff=  6.5094E-01 (106, 13)   vdiff=  4.7985E-01 (120,  9)
n=  1053   udiff=  6.4957E-01 (106, 13)   vdiff=  4.7947E-01 (120,  9)
n=  1054   udiff=  6.4819E-01 (106, 13)   vdiff=  4.7908E-01 (120,  9)
n=  1055   udiff=  6.4681E-01 (106, 13)   vdiff=  4.7869E-01 (120,  9)
n=  1056   udiff=  6.4544E-01 (106, 13)   vdiff=  4.7829E-01 (120,  9)
n=  1057   udiff=  6.4406E-01 (106, 13)   vdiff=  4.7789E-01 (120,  9)
n=  1058   udiff=  6.4268E-01 (106, 13)   vdiff=  4.7749E-01 (120,  9)
n=  1059   udiff=  6.4130E-01 (106, 13)   vdiff=  4.7708E-01 (120,  9)
n=  1060   udiff=  6.3992E-01 (106, 13)   vdiff=  4.7666E-01 (120,  9)
n=  1061   udiff=  6.3854E-01 (106, 13)   vdiff=  4.7624E-01 (120,  9)
n=  1062   udiff=  6.3715E-01 (106, 13)   vdiff=  4.7582E-01 (120,  9)
n=  1063   udiff=  6.3577E-01 (106, 13)   vdiff=  4.7539E-01 (120,  9)
n=  1064   udiff=  6.3439E-01 (106, 13)   vdiff=  4.7496E-01 (120,  9)
n=  1065   udiff=  6.3300E-01 (106, 13)   vdiff=  4.7452E-01 (120,  9)
n=  1066   udiff=  6.3162E-01 (106, 13)   vdiff=  4.7408E-01 (120,  9)
n=  1067   udiff=  6.3023E-01 (106, 13)   vdiff=  4.7364E-01 (120,  9)
n=  1068   udiff=  6.2884E-01 (106, 13)   vdiff=  4.7319E-01 (120,  9)
n=  1069   udiff=  6.2746E-01 (106, 13)   vdiff=  4.7274E-01 (120,  9)
n=  1070   udiff=  6.2607E-01 (106, 13)   vdiff=  4.7228E-01 (120,  9)
n=  1071   udiff=  6.2477E-01 (107, 13)   vdiff=  4.7182E-01 (120,  9)
n=  1072   udiff=  6.2348E-01 (107, 13)   vdiff=  4.7135E-01 (120,  9)
n=  1073   udiff=  6.2218E-01 (107, 13)   vdiff=  4.7088E-01 (120,  9)
n=  1074   udiff=  6.2089E-01 (107, 13)   vdiff=  4.7041E-01 (120,  9)
n=  1075   udiff=  6.1959E-01 (107, 13)   vdiff=  4.6993E-01 (120,  9)
n=  1076   udiff=  6.1829E-01 (107, 13)   vdiff=  4.6945E-01 (120,  9)
n=  1077   udiff=  6.1699E-01 (107, 13)   vdiff=  4.6896E-01 (120,  9)
n=  1078   udiff=  6.1570E-01 (107, 13)   vdiff=  4.6848E-01 (120,  9)
n=  1079   udiff=  6.1440E-01 (107, 13)   vdiff=  4.6798E-01 (120,  9)
n=  1080   udiff=  6.1310E-01 (107, 13)   vdiff=  4.6749E-01 (120,  9)
n=  1081   udiff=  6.1180E-01 (107, 13)   vdiff=  4.6699E-01 (120,  9)
n=  1082   udiff=  6.1049E-01 (107, 13)   vdiff=  4.6648E-01 (120,  9)
n=  1083   udiff=  6.0919E-01 (107, 13)   vdiff=  4.6597E-01 (120,  9)
n=  1084   udiff=  6.0789E-01 (107, 13)   vdiff=  4.6546E-01 (120,  9)
n=  1085   udiff=  6.0659E-01 (107, 13)   vdiff=  4.6495E-01 (120,  9)
n=  1086   udiff=  6.0529E-01 (107, 13)   vdiff=  4.6443E-01 (120,  9)
n=  1087   udiff=  6.0398E-01 (107, 13)   vdiff=  4.6391E-01 (120,  9)
n=  1088   udiff=  6.0268E-01 (107, 13)   vdiff=  4.6338E-01 (120,  9)
n=  1089   udiff=  6.0137E-01 (107, 13)   vdiff=  4.6285E-01 (120,  9)
n=  1090   udiff=  6.0007E-01 (107, 13)   vdiff=  4.6232E-01 (120,  9)
n=  1091   udiff=  5.9876E-01 (107, 13)   vdiff=  4.6178E-01 (120,  9)
n=  1092   udiff=  5.9745E-01 (107, 13)   vdiff=  4.6125E-01 (120,  9)
n=  1093   udiff=  5.9615E-01 (107, 13)   vdiff=  4.6070E-01 (120,  9)
n=  1094   udiff=  5.9484E-01 (107, 13)   vdiff=  4.6016E-01 (120,  9)
n=  1095   udiff=  5.9353E-01 (107, 13)   vdiff=  4.5961E-01 (120,  9)
n=  1096   udiff=  5.9223E-01 (107, 13)   vdiff=  4.5906E-01 (120,  9)
n=  1097   udiff=  5.9092E-01 (107, 13)   vdiff=  4.5850E-01 (120,  9)
n=  1098   udiff=  5.8961E-01 (107, 13)   vdiff=  4.5794E-01 (120,  9)
n=  1099   udiff=  5.8830E-01 (107, 13)   vdiff=  4.5738E-01 (120,  9)
n=  1100   udiff=  5.8699E-01 (107, 13)   vdiff=  4.5681E-01 (120,  9)
n=  1101   udiff=  5.8568E-01 (107, 13)   vdiff=  4.5625E-01 (120,  9)
n=  1102   udiff=  5.8437E-01 (107, 13)   vdiff=  4.5567E-01 (120,  9)
n=  1103   udiff=  5.8314E-01 (108, 13)   vdiff=  4.5510E-01 (120,  9)
n=  1104   udiff=  5.8190E-01 (108, 13)   vdiff=  4.5452E-01 (120,  9)
n=  1105   udiff=  5.8066E-01 (108, 13)   vdiff=  4.5394E-01 (120,  9)
n=  1106   udiff=  5.7943E-01 (108, 13)   vdiff=  4.5336E-01 (120,  9)
n=  1107   udiff=  5.7819E-01 (108, 13)   vdiff=  4.5277E-01 (120,  9)
n=  1108   udiff=  5.7695E-01 (108, 13)   vdiff=  4.5219E-01 (120,  9)
n=  1109   udiff=  5.7571E-01 (108, 13)   vdiff=  4.5159E-01 (120,  9)
n=  1110   udiff=  5.7447E-01 (108, 13)   vdiff=  4.5100E-01 (120,  9)
n=  1111   udiff=  5.7324E-01 (108, 13)   vdiff=  4.5040E-01 (120,  9)
n=  1112   udiff=  5.7200E-01 (108, 13)   vdiff=  4.4980E-01 (120,  9)
n=  1113   udiff=  5.7075E-01 (108, 13)   vdiff=  4.4920E-01 (120,  9)
n=  1114   udiff=  5.6951E-01 (108, 13)   vdiff=  4.4859E-01 (120,  9)
n=  1115   udiff=  5.6827E-01 (108, 13)   vdiff=  4.4799E-01 (120,  9)
n=  1116   udiff=  5.6703E-01 (108, 13)   vdiff=  4.4738E-01 (120,  9)
n=  1117   udiff=  5.6579E-01 (108, 13)   vdiff=  4.4676E-01 (120,  9)
n=  1118   udiff=  5.6454E-01 (108, 13)   vdiff=  4.4615E-01 (120,  9)
n=  1119   udiff=  5.6330E-01 (108, 13)   vdiff=  4.4553E-01 (120,  9)
n=  1120   udiff=  5.6206E-01 (108, 13)   vdiff=  4.4491E-01 (120,  9)
n=  1121   udiff=  5.6081E-01 (108, 13)   vdiff=  4.4428E-01 (120,  9)
n=  1122   udiff=  5.5957E-01 (108, 13)   vdiff=  4.4366E-01 (120,  9)
n=  1123   udiff=  5.5832E-01 (108, 13)   vdiff=  4.4303E-01 (120,  9)
n=  1124   udiff=  5.5708E-01 (108, 13)   vdiff=  4.4240E-01 (120,  9)
n=  1125   udiff=  5.5583E-01 (108, 13)   vdiff=  4.4176E-01 (120,  9)
n=  1126   udiff=  5.5459E-01 (108, 13)   vdiff=  4.4113E-01 (120,  9)
n=  1127   udiff=  5.5334E-01 (108, 13)   vdiff=  4.4049E-01 (120,  9)
n=  1128   udiff=  5.5209E-01 (108, 13)   vdiff=  4.3985E-01 (120,  9)
n=  1129   udiff=  5.5085E-01 (108, 13)   vdiff=  4.3921E-01 (120,  9)
n=  1130   udiff=  5.4960E-01 (108, 13)   vdiff=  4.3856E-01 (120,  9)
n=  1131   udiff=  5.4835E-01 (108, 13)   vdiff=  4.3792E-01 (120,  9)
n=  1132   udiff=  5.4710E-01 (108, 13)   vdiff=  4.3727E-01 (120,  9)
n=  1133   udiff=  5.4585E-01 (108, 13)   vdiff=  4.3662E-01 (120,  9)
n=  1134   udiff=  5.4461E-01 (108, 13)   vdiff=  4.3596E-01 (120,  9)
n=  1135   udiff=  5.4336E-01 (108, 13)   vdiff=  4.3531E-01 (120,  9)
n=  1136   udiff=  5.4211E-01 (108, 13)   vdiff=  4.3465E-01 (120,  9)
n=  1137   udiff=  5.4086E-01 (108, 13)   vdiff=  4.3399E-01 (120,  9)
n=  1138   udiff=  5.3961E-01 (108, 13)   vdiff=  4.3333E-01 (120,  9)
n=  1139   udiff=  5.3836E-01 (108, 13)   vdiff=  4.3266E-01 (120,  9)
n=  1140   udiff=  5.3711E-01 (108, 13)   vdiff=  4.3200E-01 (120,  9)
n=  1141   udiff=  5.3586E-01 (108, 13)   vdiff=  4.3133E-01 (120,  9)
n=  1142   udiff=  5.3461E-01 (108, 13)   vdiff=  4.3066E-01 (120,  9)
n=  1143   udiff=  5.3336E-01 (108, 13)   vdiff=  4.2999E-01 (120,  9)
n=  1144   udiff=  5.3211E-01 (108, 13)   vdiff=  4.2932E-01 (120,  9)
n=  1145   udiff=  5.3086E-01 (108, 13)   vdiff=  4.2864E-01 (120,  9)
n=  1146   udiff=  5.2961E-01 (108, 13)   vdiff=  4.2796E-01 (120,  9)
n=  1147   udiff=  5.2836E-01 (108, 13)   vdiff=  4.2729E-01 (120,  9)
n=  1148   udiff=  5.2711E-01 (108, 13)   vdiff=  4.2660E-01 (120,  9)
n=  1149   udiff=  5.2586E-01 (108, 13)   vdiff=  4.2592E-01 (120,  9)
n=  1150   udiff=  5.2462E-01 (108, 13)   vdiff=  4.2524E-01 (120,  9)
n=  1151   udiff=  5.2337E-01 (108, 13)   vdiff=  4.2455E-01 (120,  9)
n=  1152   udiff=  5.2212E-01 (108, 13)   vdiff=  4.2386E-01 (120,  9)
n=  1153   udiff=  5.2087E-01 (108, 13)   vdiff=  4.2317E-01 (120,  9)
n=  1154   udiff=  5.1962E-01 (108, 13)   vdiff=  4.2248E-01 (120,  9)
n=  1155   udiff=  5.1837E-01 (108, 13)   vdiff=  4.2179E-01 (120,  9)
n=  1156   udiff=  5.1712E-01 (108, 13)   vdiff=  4.2110E-01 (120,  9)
n=  1157   udiff=  5.1588E-01 (109, 13)   vdiff=  4.2040E-01 (120,  9)
n=  1158   udiff=  5.1470E-01 (109, 13)   vdiff=  4.1970E-01 (120,  9)
n=  1159   udiff=  5.1351E-01 (109, 13)   vdiff=  4.1900E-01 (120,  9)
n=  1160   udiff=  5.1232E-01 (109, 13)   vdiff=  4.1830E-01 (120,  9)
n=  1161   udiff=  5.1114E-01 (109, 13)   vdiff=  4.1760E-01 (120,  9)
n=  1162   udiff=  5.0995E-01 (109, 13)   vdiff=  4.1689E-01 (120,  9)
n=  1163   udiff=  5.0876E-01 (109, 13)   vdiff=  4.1619E-01 (120,  9)
n=  1164   udiff=  5.0757E-01 (109, 13)   vdiff=  4.1548E-01 (120,  9)
n=  1165   udiff=  5.0639E-01 (109, 13)   vdiff=  4.1477E-01 (120,  9)
n=  1166   udiff=  5.0520E-01 (109, 13)   vdiff=  4.1407E-01 (120,  9)
n=  1167   udiff=  5.0401E-01 (109, 13)   vdiff=  4.1335E-01 (120,  9)
n=  1168   udiff=  5.0282E-01 (109, 13)   vdiff=  4.1264E-01 (120,  9)
n=  1169   udiff=  5.0164E-01 (109, 13)   vdiff=  4.1193E-01 (120,  9)
n=  1170   udiff=  5.0045E-01 (109, 13)   vdiff=  4.1121E-01 (120,  9)
n=  1171   udiff=  4.9926E-01 (109, 13)   vdiff=  4.1050E-01 (120,  9)
n=  1172   udiff=  4.9807E-01 (109, 13)   vdiff=  4.0978E-01 (120,  9)
n=  1173   udiff=  4.9689E-01 (109, 13)   vdiff=  4.0906E-01 (120,  9)
n=  1174   udiff=  4.9570E-01 (109, 13)   vdiff=  4.0834E-01 (120,  9)
n=  1175   udiff=  4.9451E-01 (109, 13)   vdiff=  4.0762E-01 (120,  9)
n=  1176   udiff=  4.9332E-01 (109, 13)   vdiff=  4.0690E-01 (120,  9)
n=  1177   udiff=  4.9213E-01 (109, 13)   vdiff=  4.0617E-01 (120,  9)
n=  1178   udiff=  4.9095E-01 (109, 13)   vdiff=  4.0545E-01 (120,  9)
n=  1179   udiff=  4.8976E-01 (109, 13)   vdiff=  4.0472E-01 (120,  9)
n=  1180   udiff=  4.8857E-01 (109, 13)   vdiff=  4.0399E-01 (120,  9)
n=  1181   udiff=  4.8739E-01 (109, 13)   vdiff=  4.0326E-01 (120,  9)
n=  1182   udiff=  4.8620E-01 (109, 13)   vdiff=  4.0253E-01 (120,  9)
n=  1183   udiff=  4.8501E-01 (109, 13)   vdiff=  4.0180E-01 (120,  9)
n=  1184   udiff=  4.8383E-01 (109, 13)   vdiff=  4.0107E-01 (120,  9)
n=  1185   udiff=  4.8264E-01 (109, 13)   vdiff=  4.0034E-01 (120,  9)
n=  1186   udiff=  4.8145E-01 (109, 13)   vdiff=  3.9960E-01 (120,  9)
n=  1187   udiff=  4.8027E-01 (109, 13)   vdiff=  3.9887E-01 (120,  9)
n=  1188   udiff=  4.7908E-01 (109, 13)   vdiff=  3.9813E-01 (120,  9)
n=  1189   udiff=  4.7790E-01 (109, 13)   vdiff=  3.9739E-01 (120,  9)
n=  1190   udiff=  4.7671E-01 (109, 13)   vdiff=  3.9666E-01 (120,  9)
n=  1191   udiff=  4.7553E-01 (109, 13)   vdiff=  3.9701E-01 ( 59, 16)
n=  1192   udiff=  4.7434E-01 (109, 13)   vdiff=  3.9737E-01 ( 59, 16)
n=  1193   udiff=  4.7316E-01 (109, 13)   vdiff=  3.9773E-01 ( 59, 16)
n=  1194   udiff=  4.7248E-01 ( 39, 26)   vdiff=  3.9808E-01 ( 59, 16)
n=  1195   udiff=  4.7190E-01 ( 39, 26)   vdiff=  3.9843E-01 ( 59, 16)
n=  1196   udiff=  4.7132E-01 ( 39, 26)   vdiff=  3.9878E-01 ( 59, 16)
n=  1197   udiff=  4.7073E-01 ( 39, 26)   vdiff=  3.9912E-01 ( 59, 16)
n=  1198   udiff=  4.7014E-01 ( 39, 26)   vdiff=  3.9947E-01 ( 59, 16)
n=  1199   udiff=  4.6955E-01 ( 39, 26)   vdiff=  3.9981E-01 ( 59, 16)
n=  1200   udiff=  4.6896E-01 ( 39, 26)   vdiff=  4.0014E-01 ( 59, 16)
n=  1201   udiff=  4.6836E-01 ( 39, 26)   vdiff=  4.0048E-01 ( 59, 16)
n=  1202   udiff=  4.6776E-01 ( 39, 26)   vdiff=  4.0081E-01 ( 59, 16)
n=  1203   udiff=  4.6717E-01 ( 39, 26)   vdiff=  4.0114E-01 ( 59, 16)
n=  1204   udiff=  4.6657E-01 ( 39, 26)   vdiff=  4.0146E-01 ( 59, 16)
n=  1205   udiff=  4.6596E-01 ( 39, 26)   vdiff=  4.0179E-01 ( 59, 16)
n=  1206   udiff=  4.6536E-01 ( 39, 26)   vdiff=  4.0211E-01 ( 59, 16)
n=  1207   udiff=  4.6475E-01 ( 39, 26)   vdiff=  4.0243E-01 ( 59, 16)
n=  1208   udiff=  4.6415E-01 ( 39, 26)   vdiff=  4.0274E-01 ( 59, 16)
n=  1209   udiff=  4.6354E-01 ( 39, 26)   vdiff=  4.0305E-01 ( 59, 16)
n=  1210   udiff=  4.6292E-01 ( 39, 26)   vdiff=  4.0336E-01 ( 59, 16)
n=  1211   udiff=  4.6231E-01 ( 39, 26)   vdiff=  4.0367E-01 ( 59, 16)
n=  1212   udiff=  4.6170E-01 ( 39, 26)   vdiff=  4.0397E-01 ( 59, 16)
n=  1213   udiff=  4.6108E-01 ( 39, 26)   vdiff=  4.0427E-01 ( 59, 16)
n=  1214   udiff=  4.6053E-01 ( 40, 26)   vdiff=  4.0457E-01 ( 59, 16)
n=  1215   udiff=  4.6000E-01 ( 40, 26)   vdiff=  4.0486E-01 ( 59, 16)
n=  1216   udiff=  4.5946E-01 ( 40, 26)   vdiff=  4.0516E-01 ( 59, 16)
n=  1217   udiff=  4.5892E-01 ( 40, 26)   vdiff=  4.0544E-01 ( 59, 16)
n=  1218   udiff=  4.5838E-01 ( 40, 26)   vdiff=  4.0573E-01 ( 59, 16)
n=  1219   udiff=  4.5783E-01 ( 40, 26)   vdiff=  4.0601E-01 ( 59, 16)
n=  1220   udiff=  4.5728E-01 ( 40, 26)   vdiff=  4.0629E-01 ( 59, 16)
n=  1221   udiff=  4.5674E-01 ( 40, 26)   vdiff=  4.0657E-01 ( 59, 16)
n=  1222   udiff=  4.5619E-01 ( 40, 26)   vdiff=  4.0684E-01 ( 59, 16)
n=  1223   udiff=  4.5563E-01 ( 40, 26)   vdiff=  4.0711E-01 ( 59, 16)
n=  1224   udiff=  4.5508E-01 ( 40, 26)   vdiff=  4.0738E-01 ( 59, 16)
n=  1225   udiff=  4.5452E-01 ( 40, 26)   vdiff=  4.0764E-01 ( 59, 16)
n=  1226   udiff=  4.5397E-01 ( 40, 26)   vdiff=  4.0790E-01 ( 59, 16)
n=  1227   udiff=  4.5341E-01 ( 40, 26)   vdiff=  4.0816E-01 ( 59, 16)
n=  1228   udiff=  4.5285E-01 ( 40, 26)   vdiff=  4.0841E-01 ( 59, 16)
n=  1229   udiff=  4.5228E-01 ( 40, 26)   vdiff=  4.0867E-01 ( 59, 16)
n=  1230   udiff=  4.5172E-01 ( 40, 26)   vdiff=  4.0891E-01 ( 59, 16)
n=  1231   udiff=  4.5115E-01 ( 40, 26)   vdiff=  4.0916E-01 ( 59, 16)
n=  1232   udiff=  4.5058E-01 ( 40, 26)   vdiff=  4.0940E-01 ( 59, 16)
n=  1233   udiff=  4.5001E-01 ( 40, 26)   vdiff=  4.0964E-01 ( 59, 16)
n=  1234   udiff=  4.4944E-01 ( 40, 26)   vdiff=  4.0987E-01 ( 59, 16)
n=  1235   udiff=  4.4887E-01 ( 40, 26)   vdiff=  4.1011E-01 ( 59, 16)
n=  1236   udiff=  4.4829E-01 ( 40, 26)   vdiff=  4.1034E-01 ( 59, 16)
n=  1237   udiff=  4.4772E-01 ( 40, 26)   vdiff=  4.1056E-01 ( 59, 16)
n=  1238   udiff=  4.4714E-01 ( 40, 26)   vdiff=  4.1079E-01 ( 59, 16)
n=  1239   udiff=  4.4656E-01 ( 40, 26)   vdiff=  4.1101E-01 ( 59, 16)
n=  1240   udiff=  4.4598E-01 ( 40, 26)   vdiff=  4.1122E-01 ( 59, 16)
n=  1241   udiff=  4.4540E-01 ( 40, 26)   vdiff=  4.1143E-01 ( 59, 16)
n=  1242   udiff=  4.4481E-01 ( 40, 26)   vdiff=  4.1164E-01 ( 59, 16)
n=  1243   udiff=  4.4422E-01 ( 40, 26)   vdiff=  4.1185E-01 ( 59, 16)
n=  1244   udiff=  4.4364E-01 ( 40, 26)   vdiff=  4.1205E-01 ( 59, 16)
n=  1245   udiff=  4.4305E-01 ( 40, 26)   vdiff=  4.1225E-01 ( 59, 16)
n=  1246   udiff=  4.4246E-01 ( 40, 26)   vdiff=  4.1245E-01 ( 59, 16)
n=  1247   udiff=  4.4186E-01 ( 40, 26)   vdiff=  4.1264E-01 ( 59, 16)
n=  1248   udiff=  4.4127E-01 ( 40, 26)   vdiff=  4.1284E-01 ( 59, 16)
n=  1249   udiff=  4.4068E-01 ( 40, 26)   vdiff=  4.1302E-01 ( 59, 16)
n=  1250   udiff=  4.4008E-01 ( 40, 26)   vdiff=  4.1321E-01 ( 59, 16)
n=  1251   udiff=  4.3948E-01 ( 40, 26)   vdiff=  4.1339E-01 ( 59, 16)
n=  1252   udiff=  4.3888E-01 ( 40, 26)   vdiff=  4.1356E-01 ( 59, 16)
n=  1253   udiff=  4.3828E-01 ( 40, 26)   vdiff=  4.1374E-01 ( 59, 16)
n=  1254   udiff=  4.3768E-01 ( 40, 26)   vdiff=  4.1391E-01 ( 59, 16)
n=  1255   udiff=  4.3707E-01 ( 40, 26)   vdiff=  4.1407E-01 ( 59, 16)
n=  1256   udiff=  4.3647E-01 ( 40, 26)   vdiff=  4.1424E-01 ( 59, 16)
n=  1257   udiff=  4.3586E-01 ( 40, 26)   vdiff=  4.1440E-01 ( 59, 16)
n=  1258   udiff=  4.3525E-01 ( 40, 26)   vdiff=  4.1455E-01 ( 59, 16)
n=  1259   udiff=  4.3464E-01 ( 40, 26)   vdiff=  4.1471E-01 ( 59, 16)
n=  1260   udiff=  4.3403E-01 ( 40, 26)   vdiff=  4.1486E-01 ( 59, 16)
n=  1261   udiff=  4.3342E-01 ( 40, 26)   vdiff=  4.1500E-01 ( 59, 16)
n=  1262   udiff=  4.3281E-01 ( 40, 26)   vdiff=  4.1515E-01 ( 59, 16)
n=  1263   udiff=  4.3219E-01 ( 40, 26)   vdiff=  4.1528E-01 ( 59, 16)
n=  1264   udiff=  4.3158E-01 ( 40, 26)   vdiff=  4.1542E-01 ( 59, 16)
n=  1265   udiff=  4.3096E-01 ( 40, 26)   vdiff=  4.1555E-01 ( 59, 16)
n=  1266   udiff=  4.3034E-01 ( 40, 26)   vdiff=  4.1568E-01 ( 59, 16)
n=  1267   udiff=  4.2975E-01 ( 41, 26)   vdiff=  4.1581E-01 ( 59, 16)
n=  1268   udiff=  4.2920E-01 ( 41, 26)   vdiff=  4.1593E-01 ( 59, 16)
n=  1269   udiff=  4.2865E-01 ( 41, 26)   vdiff=  4.1605E-01 ( 59, 16)
n=  1270   udiff=  4.2810E-01 ( 41, 26)   vdiff=  4.1617E-01 ( 59, 16)
n=  1271   udiff=  4.2754E-01 ( 41, 26)   vdiff=  4.1628E-01 ( 59, 16)
n=  1272   udiff=  4.2699E-01 ( 41, 26)   vdiff=  4.1639E-01 ( 59, 16)
n=  1273   udiff=  4.2643E-01 ( 41, 26)   vdiff=  4.1649E-01 ( 59, 16)
n=  1274   udiff=  4.2587E-01 ( 41, 26)   vdiff=  4.1660E-01 ( 59, 16)
n=  1275   udiff=  4.2531E-01 ( 41, 26)   vdiff=  4.1669E-01 ( 59, 16)
n=  1276   udiff=  4.2475E-01 ( 41, 26)   vdiff=  4.1679E-01 ( 59, 16)
n=  1277   udiff=  4.2419E-01 ( 41, 26)   vdiff=  4.1688E-01 ( 59, 16)
n=  1278   udiff=  4.2362E-01 ( 41, 26)   vdiff=  4.1697E-01 ( 59, 16)
n=  1279   udiff=  4.2306E-01 ( 41, 26)   vdiff=  4.1705E-01 ( 59, 16)
n=  1280   udiff=  4.2249E-01 ( 41, 26)   vdiff=  4.1714E-01 ( 59, 16)
n=  1281   udiff=  4.2192E-01 ( 41, 26)   vdiff=  4.1721E-01 ( 59, 16)
n=  1282   udiff=  4.2135E-01 ( 41, 26)   vdiff=  4.1729E-01 ( 59, 16)
n=  1283   udiff=  4.2078E-01 ( 41, 26)   vdiff=  4.1736E-01 ( 59, 16)
n=  1284   udiff=  4.2021E-01 ( 41, 26)   vdiff=  4.1743E-01 ( 59, 16)
n=  1285   udiff=  4.1964E-01 ( 41, 26)   vdiff=  4.1749E-01 ( 59, 16)
n=  1286   udiff=  4.1907E-01 ( 41, 26)   vdiff=  4.1755E-01 ( 59, 16)
n=  1287   udiff=  4.1849E-01 ( 41, 26)   vdiff=  4.1761E-01 ( 59, 16)
n=  1288   udiff=  4.1791E-01 ( 41, 26)   vdiff=  4.1766E-01 ( 59, 16)
n=  1289   udiff=  4.1734E-01 ( 41, 26)   vdiff=  4.1771E-01 ( 59, 16)
n=  1290   udiff=  4.1676E-01 ( 41, 26)   vdiff=  4.1776E-01 ( 59, 16)
n=  1291   udiff=  4.1618E-01 ( 41, 26)   vdiff=  4.1780E-01 ( 59, 16)
n=  1292   udiff=  4.1560E-01 ( 41, 26)   vdiff=  4.1784E-01 ( 59, 16)
n=  1293   udiff=  4.1502E-01 ( 41, 26)   vdiff=  4.1788E-01 ( 59, 16)
n=  1294   udiff=  4.1443E-01 ( 41, 26)   vdiff=  4.1791E-01 ( 59, 16)
n=  1295   udiff=  4.1385E-01 ( 41, 26)   vdiff=  4.1794E-01 ( 59, 16)
n=  1296   udiff=  4.1326E-01 ( 41, 26)   vdiff=  4.1797E-01 ( 59, 16)
n=  1297   udiff=  4.1268E-01 ( 41, 26)   vdiff=  4.1799E-01 ( 59, 16)
n=  1298   udiff=  4.1209E-01 ( 41, 26)   vdiff=  4.1801E-01 ( 59, 16)
n=  1299   udiff=  4.1150E-01 ( 41, 26)   vdiff=  4.1802E-01 ( 59, 16)
n=  1300   udiff=  4.1091E-01 ( 41, 26)   vdiff=  4.1804E-01 ( 59, 16)
n=  1301   udiff=  4.1032E-01 ( 41, 26)   vdiff=  4.1804E-01 ( 59, 16)
n=  1302   udiff=  4.0973E-01 ( 41, 26)   vdiff=  4.1805E-01 ( 59, 16)
n=  1303   udiff=  4.0914E-01 ( 41, 26)   vdiff=  4.1805E-01 ( 59, 16)
n=  1304   udiff=  4.0854E-01 ( 41, 26)   vdiff=  4.1805E-01 ( 59, 16)
n=  1305   udiff=  4.0795E-01 ( 41, 26)   vdiff=  4.1804E-01 ( 59, 16)
n=  1306   udiff=  4.0735E-01 ( 41, 26)   vdiff=  4.1803E-01 ( 59, 16)
n=  1307   udiff=  4.0675E-01 ( 41, 26)   vdiff=  4.1802E-01 ( 59, 16)
n=  1308   udiff=  4.0616E-01 ( 41, 26)   vdiff=  4.1801E-01 ( 59, 16)
n=  1309   udiff=  4.0556E-01 ( 41, 26)   vdiff=  4.1799E-01 ( 59, 16)
n=  1310   udiff=  4.0496E-01 ( 41, 26)   vdiff=  4.1797E-01 ( 59, 16)
n=  1311   udiff=  4.0436E-01 ( 41, 26)   vdiff=  4.1794E-01 ( 59, 16)
n=  1312   udiff=  4.0376E-01 ( 41, 26)   vdiff=  4.1791E-01 ( 59, 16)
n=  1313   udiff=  4.0316E-01 ( 41, 26)   vdiff=  4.1788E-01 ( 59, 16)
n=  1314   udiff=  4.0255E-01 ( 41, 26)   vdiff=  4.1784E-01 ( 59, 16)
n=  1315   udiff=  4.0195E-01 ( 41, 26)   vdiff=  4.1780E-01 ( 59, 16)
n=  1316   udiff=  4.0135E-01 ( 41, 26)   vdiff=  4.1776E-01 ( 59, 16)
n=  1317   udiff=  4.0074E-01 ( 41, 26)   vdiff=  4.1771E-01 ( 59, 16)
n=  1318   udiff=  4.0013E-01 ( 41, 26)   vdiff=  4.1767E-01 ( 59, 16)
n=  1319   udiff=  3.9953E-01 ( 41, 26)   vdiff=  4.1761E-01 ( 59, 16)
n=  1320   udiff=  3.9892E-01 ( 41, 26)   vdiff=  4.1756E-01 ( 59, 16)
n=  1321   udiff=  3.9831E-01 ( 41, 26)   vdiff=  4.1750E-01 ( 59, 16)
n=  1322   udiff=  3.9770E-01 ( 41, 26)   vdiff=  4.1743E-01 ( 59, 16)
n=  1323   udiff=  3.9709E-01 ( 41, 26)   vdiff=  4.1737E-01 ( 59, 16)
n=  1324   udiff=  3.9648E-01 ( 41, 26)   vdiff=  4.1730E-01 ( 59, 16)
n=  1325   udiff=  3.9587E-01 ( 41, 26)   vdiff=  4.1722E-01 ( 59, 16)
n=  1326   udiff=  3.9526E-01 ( 41, 26)   vdiff=  4.1715E-01 ( 59, 16)
n=  1327   udiff=  3.9464E-01 ( 41, 26)   vdiff=  4.1707E-01 ( 59, 16)
n=  1328   udiff=  3.9407E-01 ( 42, 26)   vdiff=  4.1698E-01 ( 59, 16)
n=  1329   udiff=  3.9351E-01 ( 42, 26)   vdiff=  4.1690E-01 ( 59, 16)
n=  1330   udiff=  3.9296E-01 ( 42, 26)   vdiff=  4.1681E-01 ( 59, 16)
n=  1331   udiff=  3.9240E-01 ( 42, 26)   vdiff=  4.1671E-01 ( 59, 16)
n=  1332   udiff=  3.9184E-01 ( 42, 26)   vdiff=  4.1662E-01 ( 59, 16)
n=  1333   udiff=  3.9128E-01 ( 42, 26)   vdiff=  4.1652E-01 ( 59, 16)
n=  1334   udiff=  3.9072E-01 ( 42, 26)   vdiff=  4.1641E-01 ( 59, 16)
n=  1335   udiff=  3.9016E-01 ( 42, 26)   vdiff=  4.1631E-01 ( 59, 16)
n=  1336   udiff=  3.8960E-01 ( 42, 26)   vdiff=  4.1620E-01 ( 59, 16)
n=  1337   udiff=  3.8903E-01 ( 42, 26)   vdiff=  4.1608E-01 ( 59, 16)
n=  1338   udiff=  3.8847E-01 ( 42, 26)   vdiff=  4.1597E-01 ( 59, 16)
n=  1339   udiff=  3.8790E-01 ( 42, 26)   vdiff=  4.1585E-01 ( 59, 16)
n=  1340   udiff=  3.8734E-01 ( 42, 26)   vdiff=  4.1572E-01 ( 59, 16)
n=  1341   udiff=  3.8677E-01 ( 42, 26)   vdiff=  4.1560E-01 ( 59, 16)
n=  1342   udiff=  3.8621E-01 ( 42, 26)   vdiff=  4.1547E-01 ( 59, 16)
n=  1343   udiff=  3.8564E-01 ( 42, 26)   vdiff=  4.1534E-01 ( 59, 16)
n=  1344   udiff=  3.8507E-01 ( 42, 26)   vdiff=  4.1520E-01 ( 59, 16)
n=  1345   udiff=  3.8450E-01 ( 42, 26)   vdiff=  4.1506E-01 ( 59, 16)
n=  1346   udiff=  3.8393E-01 ( 42, 26)   vdiff=  4.1492E-01 ( 59, 16)
n=  1347   udiff=  3.8336E-01 ( 42, 26)   vdiff=  4.1477E-01 ( 59, 16)
n=  1348   udiff=  3.8279E-01 ( 42, 26)   vdiff=  4.1462E-01 ( 59, 16)
n=  1349   udiff=  3.8222E-01 ( 42, 26)   vdiff=  4.1447E-01 ( 59, 16)
n=  1350   udiff=  3.8164E-01 ( 42, 26)   vdiff=  4.1432E-01 ( 59, 16)
n=  1351   udiff=  3.8107E-01 ( 42, 26)   vdiff=  4.1416E-01 ( 59, 16)
n=  1352   udiff=  3.8050E-01 ( 42, 26)   vdiff=  4.1400E-01 ( 59, 16)
n=  1353   udiff=  3.7992E-01 ( 42, 26)   vdiff=  4.1383E-01 ( 59, 16)
n=  1354   udiff=  3.7935E-01 ( 42, 26)   vdiff=  4.1366E-01 ( 59, 16)
n=  1355   udiff=  3.7877E-01 ( 42, 26)   vdiff=  4.1349E-01 ( 59, 16)
n=  1356   udiff=  3.7820E-01 ( 42, 26)   vdiff=  4.1332E-01 ( 59, 16)
n=  1357   udiff=  3.7762E-01 ( 42, 26)   vdiff=  4.1314E-01 ( 59, 16)
n=  1358   udiff=  3.7704E-01 ( 42, 26)   vdiff=  4.1296E-01 ( 59, 16)
n=  1359   udiff=  3.7646E-01 ( 42, 26)   vdiff=  4.1278E-01 ( 59, 16)
n=  1360   udiff=  3.7589E-01 ( 42, 26)   vdiff=  4.1259E-01 ( 59, 16)
n=  1361   udiff=  3.7531E-01 ( 42, 26)   vdiff=  4.1240E-01 ( 59, 16)
n=  1362   udiff=  3.7473E-01 ( 42, 26)   vdiff=  4.1221E-01 ( 59, 16)
n=  1363   udiff=  3.7415E-01 ( 42, 26)   vdiff=  4.1201E-01 ( 59, 16)
n=  1364   udiff=  3.7357E-01 ( 42, 26)   vdiff=  4.1182E-01 ( 59, 16)
n=  1365   udiff=  3.7299E-01 ( 42, 26)   vdiff=  4.1162E-01 ( 59, 16)
n=  1366   udiff=  3.7240E-01 ( 42, 26)   vdiff=  4.1141E-01 ( 59, 16)
n=  1367   udiff=  3.7182E-01 ( 42, 26)   vdiff=  4.1120E-01 ( 59, 16)
n=  1368   udiff=  3.7124E-01 ( 42, 26)   vdiff=  4.1099E-01 ( 59, 16)
n=  1369   udiff=  3.7066E-01 ( 42, 26)   vdiff=  4.1078E-01 ( 59, 16)
n=  1370   udiff=  3.7007E-01 ( 42, 26)   vdiff=  4.1056E-01 ( 59, 16)
n=  1371   udiff=  3.6949E-01 ( 42, 26)   vdiff=  4.1034E-01 ( 59, 16)
n=  1372   udiff=  3.6890E-01 ( 42, 26)   vdiff=  4.1012E-01 ( 59, 16)
n=  1373   udiff=  3.6832E-01 ( 42, 26)   vdiff=  4.0989E-01 ( 59, 16)
n=  1374   udiff=  3.6773E-01 ( 42, 26)   vdiff=  4.0967E-01 ( 59, 16)
n=  1375   udiff=  3.6715E-01 ( 42, 26)   vdiff=  4.0943E-01 ( 59, 16)
n=  1376   udiff=  3.6656E-01 ( 42, 26)   vdiff=  4.0920E-01 ( 59, 16)
n=  1377   udiff=  3.6597E-01 ( 42, 26)   vdiff=  4.0896E-01 ( 59, 16)
n=  1378   udiff=  3.6539E-01 ( 42, 26)   vdiff=  4.0872E-01 ( 59, 16)
n=  1379   udiff=  3.6480E-01 ( 42, 26)   vdiff=  4.0848E-01 ( 59, 16)
n=  1380   udiff=  3.6421E-01 ( 42, 26)   vdiff=  4.0824E-01 ( 59, 16)
n=  1381   udiff=  3.6362E-01 ( 42, 26)   vdiff=  4.0799E-01 ( 59, 16)
n=  1382   udiff=  3.6304E-01 ( 42, 26)   vdiff=  4.0774E-01 ( 59, 16)
n=  1383   udiff=  3.6245E-01 ( 42, 26)   vdiff=  4.0748E-01 ( 59, 16)
n=  1384   udiff=  3.6186E-01 ( 42, 26)   vdiff=  4.0722E-01 ( 59, 16)
n=  1385   udiff=  3.6127E-01 ( 42, 26)   vdiff=  4.0697E-01 ( 59, 16)
n=  1386   udiff=  3.6073E-01 ( 44, 25)   vdiff=  4.0670E-01 ( 59, 16)
n=  1387   udiff=  3.6019E-01 ( 44, 25)   vdiff=  4.0644E-01 ( 59, 16)
n=  1388   udiff=  3.5965E-01 ( 44, 25)   vdiff=  4.0617E-01 ( 59, 16)
n=  1389   udiff=  3.5912E-01 ( 44, 25)   vdiff=  4.0590E-01 ( 59, 16)
n=  1390   udiff=  3.5858E-01 ( 44, 25)   vdiff=  4.0562E-01 ( 59, 16)
n=  1391   udiff=  3.5804E-01 ( 44, 25)   vdiff=  4.0535E-01 ( 59, 16)
n=  1392   udiff=  3.5750E-01 ( 44, 25)   vdiff=  4.0507E-01 ( 59, 16)
n=  1393   udiff=  3.5696E-01 ( 44, 25)   vdiff=  4.0479E-01 ( 59, 16)
n=  1394   udiff=  3.5642E-01 ( 44, 25)   vdiff=  4.0450E-01 ( 59, 16)
n=  1395   udiff=  3.5588E-01 ( 44, 25)   vdiff=  4.0422E-01 ( 59, 16)
n=  1396   udiff=  3.5534E-01 ( 44, 25)   vdiff=  4.0393E-01 ( 59, 16)
n=  1397   udiff=  3.5480E-01 ( 44, 25)   vdiff=  4.0363E-01 ( 59, 16)
n=  1398   udiff=  3.5426E-01 ( 44, 25)   vdiff=  4.0334E-01 ( 59, 16)
n=  1399   udiff=  3.5371E-01 ( 44, 25)   vdiff=  4.0304E-01 ( 59, 16)
n=  1400   udiff=  3.5317E-01 ( 44, 25)   vdiff=  4.0274E-01 ( 59, 16)
n=  1401   udiff=  3.5262E-01 ( 44, 25)   vdiff=  4.0244E-01 ( 59, 16)
n=  1402   udiff=  3.5208E-01 ( 44, 25)   vdiff=  4.0213E-01 ( 59, 16)
n=  1403   udiff=  3.5153E-01 ( 44, 25)   vdiff=  4.0183E-01 ( 59, 16)
n=  1404   udiff=  3.5099E-01 ( 44, 25)   vdiff=  4.0152E-01 ( 59, 16)
n=  1405   udiff=  3.5044E-01 ( 44, 25)   vdiff=  4.0120E-01 ( 59, 16)
n=  1406   udiff=  3.4989E-01 ( 44, 25)   vdiff=  4.0094E-01 ( 60, 16)
n=  1407   udiff=  3.4934E-01 ( 44, 25)   vdiff=  4.0069E-01 ( 60, 16)
n=  1408   udiff=  3.4880E-01 ( 44, 25)   vdiff=  4.0043E-01 ( 60, 16)
n=  1409   udiff=  3.4825E-01 ( 44, 25)   vdiff=  4.0017E-01 ( 60, 16)
n=  1410   udiff=  3.4770E-01 ( 44, 25)   vdiff=  3.9990E-01 ( 60, 16)
n=  1411   udiff=  3.4715E-01 ( 44, 25)   vdiff=  3.9963E-01 ( 60, 16)
n=  1412   udiff=  3.4660E-01 ( 44, 25)   vdiff=  3.9936E-01 ( 60, 16)
n=  1413   udiff=  3.4605E-01 ( 44, 25)   vdiff=  3.9909E-01 ( 60, 16)
n=  1414   udiff=  3.4550E-01 ( 44, 25)   vdiff=  3.9881E-01 ( 60, 16)
n=  1415   udiff=  3.4494E-01 ( 44, 25)   vdiff=  3.9853E-01 ( 60, 16)
n=  1416   udiff=  3.4439E-01 ( 44, 25)   vdiff=  3.9825E-01 ( 60, 16)
n=  1417   udiff=  3.4384E-01 ( 44, 25)   vdiff=  3.9796E-01 ( 60, 16)
n=  1418   udiff=  3.4329E-01 ( 44, 25)   vdiff=  3.9767E-01 ( 60, 16)
n=  1419   udiff=  3.4273E-01 ( 44, 25)   vdiff=  3.9738E-01 ( 60, 16)
n=  1420   udiff=  3.4218E-01 ( 44, 25)   vdiff=  3.9708E-01 ( 60, 16)
n=  1421   udiff=  3.4162E-01 ( 44, 25)   vdiff=  3.9678E-01 ( 60, 16)
n=  1422   udiff=  3.4107E-01 ( 44, 25)   vdiff=  3.9648E-01 ( 60, 16)
n=  1423   udiff=  3.4052E-01 ( 44, 25)   vdiff=  3.9618E-01 ( 60, 16)
n=  1424   udiff=  3.3996E-01 ( 44, 25)   vdiff=  3.9587E-01 ( 60, 16)
n=  1425   udiff=  3.3940E-01 ( 44, 25)   vdiff=  3.9556E-01 ( 60, 16)
n=  1426   udiff=  3.3885E-01 ( 44, 25)   vdiff=  3.9525E-01 ( 60, 16)
n=  1427   udiff=  3.3829E-01 ( 44, 25)   vdiff=  3.9493E-01 ( 60, 16)
n=  1428   udiff=  3.3773E-01 ( 44, 25)   vdiff=  3.9461E-01 ( 60, 16)
n=  1429   udiff=  3.3718E-01 ( 44, 25)   vdiff=  3.9429E-01 ( 60, 16)
n=  1430   udiff=  3.3665E-01 ( 45, 25)   vdiff=  3.9396E-01 ( 60, 16)
n=  1431   udiff=  3.3614E-01 ( 45, 25)   vdiff=  3.9364E-01 ( 60, 16)
n=  1432   udiff=  3.3563E-01 ( 45, 25)   vdiff=  3.9331E-01 ( 60, 16)
n=  1433   udiff=  3.3512E-01 ( 45, 25)   vdiff=  3.9297E-01 ( 60, 16)
n=  1434   udiff=  3.3462E-01 ( 45, 25)   vdiff=  3.9264E-01 ( 60, 16)
n=  1435   udiff=  3.3411E-01 ( 45, 25)   vdiff=  3.9230E-01 ( 60, 16)
n=  1436   udiff=  3.3360E-01 ( 45, 25)   vdiff=  3.9196E-01 ( 60, 16)
n=  1437   udiff=  3.3309E-01 ( 45, 25)   vdiff=  3.9162E-01 ( 60, 16)
n=  1438   udiff=  3.3258E-01 ( 45, 25)   vdiff=  3.9127E-01 ( 60, 16)
n=  1439   udiff=  3.3207E-01 ( 45, 25)   vdiff=  3.9092E-01 ( 60, 16)
n=  1440   udiff=  3.3156E-01 ( 45, 25)   vdiff=  3.9057E-01 ( 60, 16)
n=  1441   udiff=  3.3105E-01 ( 45, 25)   vdiff=  3.9021E-01 ( 60, 16)
n=  1442   udiff=  3.3054E-01 ( 45, 25)   vdiff=  3.8986E-01 ( 60, 16)
n=  1443   udiff=  3.3002E-01 ( 45, 25)   vdiff=  3.8950E-01 ( 60, 16)
n=  1444   udiff=  3.2951E-01 ( 45, 25)   vdiff=  3.8914E-01 ( 60, 16)
n=  1445   udiff=  3.2900E-01 ( 45, 25)   vdiff=  3.8877E-01 ( 60, 16)
n=  1446   udiff=  3.2849E-01 ( 45, 25)   vdiff=  3.8840E-01 ( 60, 16)
n=  1447   udiff=  3.2797E-01 ( 45, 25)   vdiff=  3.8803E-01 ( 60, 16)
n=  1448   udiff=  3.2746E-01 ( 45, 25)   vdiff=  3.8766E-01 ( 60, 16)
n=  1449   udiff=  3.2694E-01 ( 45, 25)   vdiff=  3.8728E-01 ( 60, 16)
n=  1450   udiff=  3.2643E-01 ( 45, 25)   vdiff=  3.8691E-01 ( 60, 16)
n=  1451   udiff=  3.2592E-01 ( 45, 25)   vdiff=  3.8653E-01 ( 60, 16)
n=  1452   udiff=  3.2540E-01 ( 45, 25)   vdiff=  3.8614E-01 ( 60, 16)
n=  1453   udiff=  3.2489E-01 ( 45, 25)   vdiff=  3.8576E-01 ( 60, 16)
n=  1454   udiff=  3.2437E-01 ( 45, 25)   vdiff=  3.8537E-01 ( 60, 16)
n=  1455   udiff=  3.2385E-01 ( 45, 25)   vdiff=  3.8498E-01 ( 60, 16)
n=  1456   udiff=  3.2334E-01 ( 45, 25)   vdiff=  3.8459E-01 ( 60, 16)
n=  1457   udiff=  3.2282E-01 ( 45, 25)   vdiff=  3.8420E-01 ( 60, 16)
n=  1458   udiff=  3.2230E-01 ( 45, 25)   vdiff=  3.8380E-01 ( 60, 16)
n=  1459   udiff=  3.2179E-01 ( 45, 25)   vdiff=  3.8340E-01 ( 60, 16)
n=  1460   udiff=  3.2127E-01 ( 45, 25)   vdiff=  3.8300E-01 ( 60, 16)
n=  1461   udiff=  3.2075E-01 ( 45, 25)   vdiff=  3.8260E-01 ( 60, 16)
n=  1462   udiff=  3.2023E-01 ( 45, 25)   vdiff=  3.8219E-01 ( 60, 16)
n=  1463   udiff=  3.1972E-01 ( 45, 25)   vdiff=  3.8178E-01 ( 60, 16)
n=  1464   udiff=  3.1920E-01 ( 45, 25)   vdiff=  3.8137E-01 ( 60, 16)
n=  1465   udiff=  3.1868E-01 ( 45, 25)   vdiff=  3.8096E-01 ( 60, 16)
n=  1466   udiff=  3.1816E-01 ( 45, 25)   vdiff=  3.8055E-01 ( 60, 16)
n=  1467   udiff=  3.1764E-01 ( 45, 25)   vdiff=  3.8013E-01 ( 60, 16)
n=  1468   udiff=  3.1712E-01 ( 45, 25)   vdiff=  3.7971E-01 ( 60, 16)
n=  1469   udiff=  3.1660E-01 ( 45, 25)   vdiff=  3.7929E-01 ( 60, 16)
n=  1470   udiff=  3.1609E-01 ( 45, 25)   vdiff=  3.7887E-01 ( 60, 16)
n=  1471   udiff=  3.1557E-01 ( 45, 25)   vdiff=  3.7844E-01 ( 60, 16)
n=  1472   udiff=  3.1505E-01 ( 45, 25)   vdiff=  3.7801E-01 ( 60, 16)
n=  1473   udiff=  3.1453E-01 ( 45, 25)   vdiff=  3.7758E-01 ( 60, 16)
n=  1474   udiff=  3.1401E-01 ( 45, 25)   vdiff=  3.7715E-01 ( 60, 16)
n=  1475   udiff=  3.1349E-01 ( 45, 25)   vdiff=  3.7672E-01 ( 60, 16)
n=  1476   udiff=  3.1297E-01 ( 45, 25)   vdiff=  3.7628E-01 ( 60, 16)
n=  1477   udiff=  3.1245E-01 ( 45, 25)   vdiff=  3.7584E-01 ( 60, 16)
n=  1478   udiff=  3.1192E-01 ( 45, 25)   vdiff=  3.7540E-01 ( 60, 16)
n=  1479   udiff=  3.1140E-01 ( 45, 25)   vdiff=  3.7496E-01 ( 60, 16)
n=  1480   udiff=  3.1088E-01 ( 45, 25)   vdiff=  3.7452E-01 ( 60, 16)
n=  1481   udiff=  3.1036E-01 ( 45, 25)   vdiff=  3.7407E-01 ( 60, 16)
n=  1482   udiff=  3.0984E-01 ( 45, 25)   vdiff=  3.7363E-01 ( 60, 16)
n=  1483   udiff=  3.0932E-01 ( 45, 25)   vdiff=  3.7317E-01 ( 60, 16)
n=  1484   udiff=  3.0880E-01 ( 45, 25)   vdiff=  3.7272E-01 ( 60, 16)
n=  1485   udiff=  3.0828E-01 ( 45, 25)   vdiff=  3.7227E-01 ( 60, 16)
n=  1486   udiff=  3.0776E-01 ( 45, 25)   vdiff=  3.7182E-01 ( 60, 16)
n=  1487   udiff=  3.0723E-01 ( 45, 25)   vdiff=  3.7136E-01 ( 60, 16)
n=  1488   udiff=  3.0671E-01 ( 45, 25)   vdiff=  3.7090E-01 ( 60, 16)
n=  1489   udiff=  3.0619E-01 ( 45, 25)   vdiff=  3.7044E-01 ( 60, 16)
n=  1490   udiff=  3.0567E-01 ( 45, 25)   vdiff=  3.6998E-01 ( 60, 16)
n=  1491   udiff=  3.0515E-01 ( 45, 25)   vdiff=  3.6951E-01 ( 60, 16)
n=  1492   udiff=  3.0463E-01 ( 45, 25)   vdiff=  3.6905E-01 ( 60, 16)
n=  1493   udiff=  3.0410E-01 ( 45, 25)   vdiff=  3.6858E-01 ( 60, 16)
n=  1494   udiff=  3.0358E-01 ( 45, 25)   vdiff=  3.6811E-01 ( 60, 16)
n=  1495   udiff=  3.0306E-01 ( 45, 25)   vdiff=  3.6764E-01 ( 60, 16)
n=  1496   udiff=  3.0254E-01 ( 45, 25)   vdiff=  3.6716E-01 ( 60, 16)
n=  1497   udiff=  3.0202E-01 ( 45, 25)   vdiff=  3.6669E-01 ( 60, 16)
n=  1498   udiff=  3.0150E-01 ( 45, 25)   vdiff=  3.6621E-01 ( 60, 16)
n=  1499   udiff=  3.0097E-01 ( 45, 25)   vdiff=  3.6574E-01 ( 60, 16)
n=  1500   udiff=  3.0045E-01 ( 45, 25)   vdiff=  3.6526E-01 ( 60, 16)
n=  1501   udiff=  2.9993E-01 ( 45, 25)   vdiff=  3.6478E-01 ( 60, 16)
n=  1502   udiff=  2.9941E-01 ( 45, 25)   vdiff=  3.6429E-01 ( 60, 16)
n=  1503   udiff=  2.9889E-01 ( 45, 25)   vdiff=  3.6381E-01 ( 60, 16)
n=  1504   udiff=  2.9837E-01 ( 45, 25)   vdiff=  3.6332E-01 ( 60, 16)
n=  1505   udiff=  2.9784E-01 ( 45, 25)   vdiff=  3.6283E-01 ( 60, 16)
n=  1506   udiff=  2.9732E-01 ( 45, 25)   vdiff=  3.6235E-01 ( 60, 16)
n=  1507   udiff=  2.9680E-01 ( 45, 25)   vdiff=  3.6186E-01 ( 60, 16)
n=  1508   udiff=  2.9628E-01 ( 45, 25)   vdiff=  3.6137E-01 ( 60, 16)
n=  1509   udiff=  2.9576E-01 ( 45, 25)   vdiff=  3.6087E-01 ( 60, 16)
n=  1510   udiff=  2.9524E-01 ( 45, 25)   vdiff=  3.6038E-01 ( 60, 16)
n=  1511   udiff=  2.9472E-01 ( 45, 25)   vdiff=  3.5988E-01 ( 60, 16)
n=  1512   udiff=  2.9420E-01 ( 45, 25)   vdiff=  3.5938E-01 ( 60, 16)
n=  1513   udiff=  2.9370E-01 ( 46, 25)   vdiff=  3.5888E-01 ( 60, 16)
n=  1514   udiff=  2.9322E-01 ( 46, 25)   vdiff=  3.5838E-01 ( 60, 16)
n=  1515   udiff=  2.9274E-01 ( 46, 25)   vdiff=  3.5788E-01 ( 60, 16)
n=  1516   udiff=  2.9226E-01 ( 46, 25)   vdiff=  3.5738E-01 ( 60, 16)
n=  1517   udiff=  2.9178E-01 ( 46, 25)   vdiff=  3.5687E-01 ( 60, 16)
n=  1518   udiff=  2.9130E-01 ( 46, 25)   vdiff=  3.5637E-01 ( 60, 16)
n=  1519   udiff=  2.9082E-01 ( 46, 25)   vdiff=  3.5586E-01 ( 60, 16)
n=  1520   udiff=  2.9034E-01 ( 46, 25)   vdiff=  3.5535E-01 ( 60, 16)
n=  1521   udiff=  2.8986E-01 ( 46, 25)   vdiff=  3.5484E-01 ( 60, 16)
n=  1522   udiff=  2.8938E-01 ( 46, 25)   vdiff=  3.5433E-01 ( 60, 16)
n=  1523   udiff=  2.8890E-01 ( 46, 25)   vdiff=  3.5382E-01 ( 60, 16)
n=  1524   udiff=  2.8842E-01 ( 46, 25)   vdiff=  3.5331E-01 ( 60, 16)
n=  1525   udiff=  2.8794E-01 ( 46, 25)   vdiff=  3.5279E-01 ( 60, 16)
n=  1526   udiff=  2.8746E-01 ( 46, 25)   vdiff=  3.5228E-01 ( 60, 16)
n=  1527   udiff=  2.8698E-01 ( 46, 25)   vdiff=  3.5176E-01 ( 60, 16)
n=  1528   udiff=  2.8650E-01 ( 46, 25)   vdiff=  3.5124E-01 ( 60, 16)
n=  1529   udiff=  2.8602E-01 ( 46, 25)   vdiff=  3.5072E-01 ( 60, 16)
n=  1530   udiff=  2.8554E-01 ( 46, 25)   vdiff=  3.5020E-01 ( 60, 16)
n=  1531   udiff=  2.8506E-01 ( 46, 25)   vdiff=  3.4968E-01 ( 60, 16)
n=  1532   udiff=  2.8458E-01 ( 46, 25)   vdiff=  3.4916E-01 ( 60, 16)
n=  1533   udiff=  2.8410E-01 ( 46, 25)   vdiff=  3.4863E-01 ( 60, 16)
n=  1534   udiff=  2.8362E-01 ( 46, 25)   vdiff=  3.4811E-01 ( 60, 16)
n=  1535   udiff=  2.8314E-01 ( 46, 25)   vdiff=  3.4758E-01 ( 60, 16)
n=  1536   udiff=  2.8266E-01 ( 46, 25)   vdiff=  3.4706E-01 ( 60, 16)
n=  1537   udiff=  2.8218E-01 ( 46, 25)   vdiff=  3.4653E-01 ( 60, 16)
n=  1538   udiff=  2.8170E-01 ( 46, 25)   vdiff=  3.4600E-01 ( 60, 16)
n=  1539   udiff=  2.8122E-01 ( 46, 25)   vdiff=  3.4547E-01 ( 60, 16)
n=  1540   udiff=  2.8074E-01 ( 46, 25)   vdiff=  3.4494E-01 ( 60, 16)
n=  1541   udiff=  2.8026E-01 ( 46, 25)   vdiff=  3.4441E-01 ( 60, 16)
n=  1542   udiff=  2.7978E-01 ( 46, 25)   vdiff=  3.4388E-01 ( 60, 16)
n=  1543   udiff=  2.7930E-01 ( 46, 25)   vdiff=  3.4334E-01 ( 60, 16)
n=  1544   udiff=  2.7883E-01 ( 46, 25)   vdiff=  3.4281E-01 ( 60, 16)
n=  1545   udiff=  2.7835E-01 ( 46, 25)   vdiff=  3.4227E-01 ( 60, 16)
n=  1546   udiff=  2.7787E-01 ( 46, 25)   vdiff=  3.4174E-01 ( 60, 16)
n=  1547   udiff=  2.7739E-01 ( 46, 25)   vdiff=  3.4120E-01 ( 60, 16)
n=  1548   udiff=  2.7691E-01 ( 46, 25)   vdiff=  3.4066E-01 ( 60, 16)
n=  1549   udiff=  2.7643E-01 ( 46, 25)   vdiff=  3.4012E-01 ( 60, 16)
n=  1550   udiff=  2.7595E-01 ( 46, 25)   vdiff=  3.3958E-01 ( 60, 16)
n=  1551   udiff=  2.7548E-01 ( 46, 25)   vdiff=  3.3904E-01 ( 60, 16)
n=  1552   udiff=  2.7500E-01 ( 46, 25)   vdiff=  3.3850E-01 ( 60, 16)
n=  1553   udiff=  2.7452E-01 ( 46, 25)   vdiff=  3.3796E-01 ( 60, 16)
n=  1554   udiff=  2.7404E-01 ( 46, 25)   vdiff=  3.3742E-01 ( 60, 16)
n=  1555   udiff=  2.7356E-01 ( 46, 25)   vdiff=  3.3687E-01 ( 60, 16)
n=  1556   udiff=  2.7309E-01 ( 46, 25)   vdiff=  3.3633E-01 ( 60, 16)
n=  1557   udiff=  2.7261E-01 ( 46, 25)   vdiff=  3.3578E-01 ( 60, 16)
n=  1558   udiff=  2.7213E-01 ( 46, 25)   vdiff=  3.3524E-01 ( 60, 16)
n=  1559   udiff=  2.7166E-01 ( 46, 25)   vdiff=  3.3469E-01 ( 60, 16)
n=  1560   udiff=  2.7118E-01 ( 46, 25)   vdiff=  3.3414E-01 ( 60, 16)
n=  1561   udiff=  2.7070E-01 ( 46, 25)   vdiff=  3.3360E-01 ( 60, 16)
n=  1562   udiff=  2.7023E-01 ( 46, 25)   vdiff=  3.3305E-01 ( 60, 16)
n=  1563   udiff=  2.6975E-01 ( 46, 25)   vdiff=  3.3250E-01 ( 60, 16)
n=  1564   udiff=  2.6927E-01 ( 46, 25)   vdiff=  3.3195E-01 ( 60, 16)
n=  1565   udiff=  2.6880E-01 ( 46, 25)   vdiff=  3.3140E-01 ( 60, 16)
n=  1566   udiff=  2.6832E-01 ( 46, 25)   vdiff=  3.3085E-01 ( 60, 16)
n=  1567   udiff=  2.6785E-01 ( 46, 25)   vdiff=  3.3030E-01 ( 60, 16)
n=  1568   udiff=  2.6737E-01 ( 46, 25)   vdiff=  3.2974E-01 ( 60, 16)
n=  1569   udiff=  2.6690E-01 ( 46, 25)   vdiff=  3.2919E-01 ( 60, 16)
n=  1570   udiff=  2.6642E-01 ( 46, 25)   vdiff=  3.2864E-01 ( 60, 16)
n=  1571   udiff=  2.6595E-01 ( 46, 25)   vdiff=  3.2808E-01 ( 60, 16)
n=  1572   udiff=  2.6547E-01 ( 46, 25)   vdiff=  3.2753E-01 ( 60, 16)
n=  1573   udiff=  2.6500E-01 ( 46, 25)   vdiff=  3.2697E-01 ( 60, 16)
n=  1574   udiff=  2.6452E-01 ( 46, 25)   vdiff=  3.2642E-01 ( 60, 16)
n=  1575   udiff=  2.6405E-01 ( 46, 25)   vdiff=  3.2586E-01 ( 60, 16)
n=  1576   udiff=  2.6358E-01 ( 46, 25)   vdiff=  3.2530E-01 ( 60, 16)
n=  1577   udiff=  2.6310E-01 ( 46, 25)   vdiff=  3.2475E-01 ( 60, 16)
n=  1578   udiff=  2.6263E-01 ( 46, 25)   vdiff=  3.2419E-01 ( 60, 16)
n=  1579   udiff=  2.6216E-01 ( 46, 25)   vdiff=  3.2363E-01 ( 60, 16)
n=  1580   udiff=  2.6169E-01 ( 46, 25)   vdiff=  3.2308E-01 ( 60, 16)
n=  1581   udiff=  2.6121E-01 ( 46, 25)   vdiff=  3.2252E-01 ( 60, 16)
n=  1582   udiff=  2.6074E-01 ( 46, 25)   vdiff=  3.2196E-01 ( 60, 16)
n=  1583   udiff=  2.6027E-01 ( 46, 25)   vdiff=  3.2140E-01 ( 60, 16)
n=  1584   udiff=  2.5980E-01 ( 46, 25)   vdiff=  3.2084E-01 ( 60, 16)
n=  1585   udiff=  2.5933E-01 ( 46, 25)   vdiff=  3.2028E-01 ( 60, 16)
n=  1586   udiff=  2.5886E-01 ( 46, 25)   vdiff=  3.1972E-01 ( 60, 16)
n=  1587   udiff=  2.5839E-01 ( 46, 25)   vdiff=  3.1916E-01 ( 60, 16)
n=  1588   udiff=  2.5791E-01 ( 46, 25)   vdiff=  3.1860E-01 ( 60, 16)
n=  1589   udiff=  2.5744E-01 ( 46, 25)   vdiff=  3.1803E-01 ( 60, 16)
n=  1590   udiff=  2.5697E-01 ( 46, 25)   vdiff=  3.1747E-01 ( 60, 16)
n=  1591   udiff=  2.5651E-01 ( 46, 25)   vdiff=  3.1691E-01 ( 60, 16)
n=  1592   udiff=  2.5604E-01 ( 46, 25)   vdiff=  3.1635E-01 ( 60, 16)
n=  1593   udiff=  2.5557E-01 ( 46, 25)   vdiff=  3.1579E-01 ( 60, 16)
n=  1594   udiff=  2.5510E-01 ( 46, 25)   vdiff=  3.1522E-01 ( 60, 16)
n=  1595   udiff=  2.5463E-01 ( 46, 25)   vdiff=  3.1466E-01 ( 60, 16)
n=  1596   udiff=  2.5416E-01 ( 46, 25)   vdiff=  3.1410E-01 ( 60, 16)
n=  1597   udiff=  2.5369E-01 ( 46, 25)   vdiff=  3.1353E-01 ( 60, 16)
n=  1598   udiff=  2.5323E-01 ( 46, 25)   vdiff=  3.1297E-01 ( 60, 16)
n=  1599   udiff=  2.5276E-01 ( 46, 25)   vdiff=  3.1240E-01 ( 60, 16)
n=  1600   udiff=  2.5229E-01 ( 46, 25)   vdiff=  3.1184E-01 ( 60, 16)
n=  1601   udiff=  2.5183E-01 ( 46, 25)   vdiff=  3.1128E-01 ( 60, 16)
n=  1602   udiff=  2.5136E-01 ( 46, 25)   vdiff=  3.1071E-01 ( 60, 16)
n=  1603   udiff=  2.5089E-01 ( 46, 25)   vdiff=  3.1015E-01 ( 60, 16)
n=  1604   udiff=  2.5043E-01 ( 46, 25)   vdiff=  3.0958E-01 ( 60, 16)
n=  1605   udiff=  2.4996E-01 ( 46, 25)   vdiff=  3.0902E-01 ( 60, 16)
n=  1606   udiff=  2.4950E-01 ( 46, 25)   vdiff=  3.0845E-01 ( 60, 16)
n=  1607   udiff=  2.4903E-01 ( 46, 25)   vdiff=  3.0789E-01 ( 60, 16)
n=  1608   udiff=  2.4857E-01 ( 46, 25)   vdiff=  3.0732E-01 ( 60, 16)
n=  1609   udiff=  2.4811E-01 ( 46, 25)   vdiff=  3.0676E-01 ( 60, 16)
n=  1610   udiff=  2.4764E-01 ( 46, 25)   vdiff=  3.0619E-01 ( 60, 16)
n=  1611   udiff=  2.4721E-01 ( 47, 25)   vdiff=  3.0563E-01 ( 60, 16)
n=  1612   udiff=  2.4678E-01 ( 47, 25)   vdiff=  3.0506E-01 ( 60, 16)
n=  1613   udiff=  2.4635E-01 ( 47, 25)   vdiff=  3.0449E-01 ( 60, 16)
n=  1614   udiff=  2.4592E-01 ( 47, 25)   vdiff=  3.0393E-01 ( 60, 16)
n=  1615   udiff=  2.4549E-01 ( 47, 25)   vdiff=  3.0336E-01 ( 60, 16)
n=  1616   udiff=  2.4506E-01 ( 47, 25)   vdiff=  3.0280E-01 ( 60, 16)
n=  1617   udiff=  2.4463E-01 ( 47, 25)   vdiff=  3.0223E-01 ( 60, 16)
n=  1618   udiff=  2.4420E-01 ( 47, 25)   vdiff=  3.0167E-01 ( 60, 16)
n=  1619   udiff=  2.4377E-01 ( 47, 25)   vdiff=  3.0110E-01 ( 60, 16)
n=  1620   udiff=  2.4334E-01 ( 47, 25)   vdiff=  3.0053E-01 ( 60, 16)
n=  1621   udiff=  2.4291E-01 ( 47, 25)   vdiff=  2.9997E-01 ( 60, 16)
n=  1622   udiff=  2.4248E-01 ( 47, 25)   vdiff=  2.9940E-01 ( 60, 16)
n=  1623   udiff=  2.4206E-01 ( 47, 25)   vdiff=  2.9884E-01 ( 60, 16)
n=  1624   udiff=  2.4163E-01 ( 47, 25)   vdiff=  2.9827E-01 ( 60, 16)
n=  1625   udiff=  2.4120E-01 ( 47, 25)   vdiff=  2.9770E-01 ( 60, 16)
n=  1626   udiff=  2.4077E-01 ( 47, 25)   vdiff=  2.9714E-01 ( 60, 16)
n=  1627   udiff=  2.4035E-01 ( 47, 25)   vdiff=  2.9657E-01 ( 60, 16)
n=  1628   udiff=  2.3992E-01 ( 47, 25)   vdiff=  2.9601E-01 ( 60, 16)
n=  1629   udiff=  2.3949E-01 ( 47, 25)   vdiff=  2.9544E-01 ( 60, 16)
n=  1630   udiff=  2.3907E-01 ( 47, 25)   vdiff=  2.9488E-01 ( 60, 16)
n=  1631   udiff=  2.3864E-01 ( 47, 25)   vdiff=  2.9431E-01 ( 60, 16)
n=  1632   udiff=  2.3821E-01 ( 47, 25)   vdiff=  2.9375E-01 ( 60, 16)
n=  1633   udiff=  2.3779E-01 ( 47, 25)   vdiff=  2.9318E-01 ( 60, 16)
n=  1634   udiff=  2.3736E-01 ( 47, 25)   vdiff=  2.9262E-01 ( 60, 16)
n=  1635   udiff=  2.3694E-01 ( 47, 25)   vdiff=  2.9206E-01 ( 60, 16)
n=  1636   udiff=  2.3651E-01 ( 47, 25)   vdiff=  2.9149E-01 ( 60, 16)
n=  1637   udiff=  2.3609E-01 ( 47, 25)   vdiff=  2.9093E-01 ( 60, 16)
n=  1638   udiff=  2.3566E-01 ( 47, 25)   vdiff=  2.9036E-01 ( 60, 16)
n=  1639   udiff=  2.3524E-01 ( 47, 25)   vdiff=  2.8980E-01 ( 60, 16)
n=  1640   udiff=  2.3482E-01 ( 47, 25)   vdiff=  2.8924E-01 ( 60, 16)
n=  1641   udiff=  2.3439E-01 ( 47, 25)   vdiff=  2.8867E-01 ( 60, 16)
n=  1642   udiff=  2.3397E-01 ( 47, 25)   vdiff=  2.8811E-01 ( 60, 16)
n=  1643   udiff=  2.3355E-01 ( 47, 25)   vdiff=  2.8755E-01 ( 60, 16)
n=  1644   udiff=  2.3313E-01 ( 47, 25)   vdiff=  2.8698E-01 ( 60, 16)
n=  1645   udiff=  2.3271E-01 ( 47, 25)   vdiff=  2.8642E-01 ( 60, 16)
n=  1646   udiff=  2.3228E-01 ( 47, 25)   vdiff=  2.8586E-01 ( 60, 16)
n=  1647   udiff=  2.3186E-01 ( 47, 25)   vdiff=  2.8530E-01 ( 60, 16)
n=  1648   udiff=  2.3144E-01 ( 47, 25)   vdiff=  2.8474E-01 ( 60, 16)
n=  1649   udiff=  2.3102E-01 ( 47, 25)   vdiff=  2.8417E-01 ( 60, 16)
n=  1650   udiff=  2.3060E-01 ( 47, 25)   vdiff=  2.8361E-01 ( 60, 16)
n=  1651   udiff=  2.3018E-01 ( 47, 25)   vdiff=  2.8305E-01 ( 60, 16)
n=  1652   udiff=  2.2976E-01 ( 47, 25)   vdiff=  2.8249E-01 ( 60, 16)
n=  1653   udiff=  2.2934E-01 ( 47, 25)   vdiff=  2.8193E-01 ( 60, 16)
n=  1654   udiff=  2.2892E-01 ( 47, 25)   vdiff=  2.8137E-01 ( 60, 16)
n=  1655   udiff=  2.2851E-01 ( 47, 25)   vdiff=  2.8081E-01 ( 60, 16)
n=  1656   udiff=  2.2809E-01 ( 47, 25)   vdiff=  2.8025E-01 ( 60, 16)
n=  1657   udiff=  2.2767E-01 ( 47, 25)   vdiff=  2.7969E-01 ( 60, 16)
n=  1658   udiff=  2.2725E-01 ( 47, 25)   vdiff=  2.7913E-01 ( 60, 16)
n=  1659   udiff=  2.2683E-01 ( 47, 25)   vdiff=  2.7858E-01 ( 60, 16)
n=  1660   udiff=  2.2642E-01 ( 47, 25)   vdiff=  2.7802E-01 ( 60, 16)
n=  1661   udiff=  2.2600E-01 ( 47, 25)   vdiff=  2.7746E-01 ( 60, 16)
n=  1662   udiff=  2.2559E-01 ( 47, 25)   vdiff=  2.7690E-01 ( 60, 16)
n=  1663   udiff=  2.2517E-01 ( 47, 25)   vdiff=  2.7635E-01 ( 60, 16)
n=  1664   udiff=  2.2475E-01 ( 47, 25)   vdiff=  2.7579E-01 ( 60, 16)
n=  1665   udiff=  2.2434E-01 ( 47, 25)   vdiff=  2.7523E-01 ( 60, 16)
n=  1666   udiff=  2.2392E-01 ( 47, 25)   vdiff=  2.7468E-01 ( 60, 16)
n=  1667   udiff=  2.2351E-01 ( 47, 25)   vdiff=  2.7412E-01 ( 60, 16)
n=  1668   udiff=  2.2310E-01 ( 47, 25)   vdiff=  2.7357E-01 ( 60, 16)
n=  1669   udiff=  2.2268E-01 ( 47, 25)   vdiff=  2.7301E-01 ( 60, 16)
n=  1670   udiff=  2.2227E-01 ( 47, 25)   vdiff=  2.7246E-01 ( 60, 16)
n=  1671   udiff=  2.2186E-01 ( 47, 25)   vdiff=  2.7190E-01 ( 60, 16)
n=  1672   udiff=  2.2144E-01 ( 47, 25)   vdiff=  2.7135E-01 ( 60, 16)
n=  1673   udiff=  2.2103E-01 ( 47, 25)   vdiff=  2.7080E-01 ( 60, 16)
n=  1674   udiff=  2.2062E-01 ( 47, 25)   vdiff=  2.7025E-01 ( 60, 16)
n=  1675   udiff=  2.2021E-01 ( 47, 25)   vdiff=  2.6969E-01 ( 60, 16)
n=  1676   udiff=  2.1980E-01 ( 47, 25)   vdiff=  2.6914E-01 ( 60, 16)
n=  1677   udiff=  2.1939E-01 ( 47, 25)   vdiff=  2.6859E-01 ( 60, 16)
n=  1678   udiff=  2.1898E-01 ( 47, 25)   vdiff=  2.6804E-01 ( 60, 16)
n=  1679   udiff=  2.1857E-01 ( 47, 25)   vdiff=  2.6749E-01 ( 60, 16)
n=  1680   udiff=  2.1816E-01 ( 47, 25)   vdiff=  2.6694E-01 ( 60, 16)
n=  1681   udiff=  2.1775E-01 ( 47, 25)   vdiff=  2.6639E-01 ( 60, 16)
n=  1682   udiff=  2.1734E-01 ( 47, 25)   vdiff=  2.6584E-01 ( 60, 16)
n=  1683   udiff=  2.1693E-01 ( 47, 25)   vdiff=  2.6530E-01 ( 59, 16)
n=  1684   udiff=  2.1652E-01 ( 47, 25)   vdiff=  2.6478E-01 ( 59, 16)
n=  1685   udiff=  2.1612E-01 ( 47, 25)   vdiff=  2.6426E-01 ( 59, 16)
n=  1686   udiff=  2.1571E-01 ( 47, 25)   vdiff=  2.6374E-01 ( 59, 16)
n=  1687   udiff=  2.1530E-01 ( 47, 25)   vdiff=  2.6322E-01 ( 59, 16)
n=  1688   udiff=  2.1490E-01 ( 47, 25)   vdiff=  2.6270E-01 ( 59, 16)
n=  1689   udiff=  2.1449E-01 ( 47, 25)   vdiff=  2.6218E-01 ( 59, 16)
n=  1690   udiff=  2.1409E-01 ( 47, 25)   vdiff=  2.6166E-01 ( 59, 16)
n=  1691   udiff=  2.1368E-01 ( 47, 25)   vdiff=  2.6115E-01 ( 59, 16)
n=  1692   udiff=  2.1328E-01 ( 47, 25)   vdiff=  2.6063E-01 ( 59, 16)
n=  1693   udiff=  2.1287E-01 ( 47, 25)   vdiff=  2.6011E-01 ( 59, 16)
n=  1694   udiff=  2.1247E-01 ( 47, 25)   vdiff=  2.5960E-01 ( 59, 16)
n=  1695   udiff=  2.1206E-01 ( 47, 25)   vdiff=  2.5908E-01 ( 59, 16)
n=  1696   udiff=  2.1166E-01 ( 47, 25)   vdiff=  2.5857E-01 ( 59, 16)
n=  1697   udiff=  2.1126E-01 ( 47, 25)   vdiff=  2.5805E-01 ( 59, 16)
n=  1698   udiff=  2.1086E-01 ( 47, 25)   vdiff=  2.5754E-01 ( 59, 16)
n=  1699   udiff=  2.1045E-01 ( 47, 25)   vdiff=  2.5703E-01 ( 59, 16)
n=  1700   udiff=  2.1005E-01 ( 47, 25)   vdiff=  2.5651E-01 ( 59, 16)
n=  1701   udiff=  2.0965E-01 ( 47, 25)   vdiff=  2.5600E-01 ( 59, 16)
n=  1702   udiff=  2.0925E-01 ( 47, 25)   vdiff=  2.5549E-01 ( 59, 16)
n=  1703   udiff=  2.0885E-01 ( 47, 25)   vdiff=  2.5498E-01 ( 59, 16)
n=  1704   udiff=  2.0845E-01 ( 47, 25)   vdiff=  2.5447E-01 ( 59, 16)
n=  1705   udiff=  2.0805E-01 ( 47, 25)   vdiff=  2.5396E-01 ( 59, 16)
n=  1706   udiff=  2.0765E-01 ( 47, 25)   vdiff=  2.5345E-01 ( 59, 16)
n=  1707   udiff=  2.0726E-01 ( 47, 25)   vdiff=  2.5294E-01 ( 59, 16)
n=  1708   udiff=  2.0686E-01 ( 47, 25)   vdiff=  2.5243E-01 ( 59, 16)
n=  1709   udiff=  2.0646E-01 ( 47, 25)   vdiff=  2.5192E-01 ( 59, 16)
n=  1710   udiff=  2.0606E-01 ( 47, 25)   vdiff=  2.5141E-01 ( 59, 16)
n=  1711   udiff=  2.0567E-01 ( 47, 25)   vdiff=  2.5091E-01 ( 59, 16)
n=  1712   udiff=  2.0527E-01 ( 47, 25)   vdiff=  2.5040E-01 ( 59, 16)
n=  1713   udiff=  2.0487E-01 ( 47, 25)   vdiff=  2.4989E-01 ( 59, 16)
n=  1714   udiff=  2.0448E-01 ( 47, 25)   vdiff=  2.4939E-01 ( 59, 16)
n=  1715   udiff=  2.0408E-01 ( 47, 25)   vdiff=  2.4888E-01 ( 59, 16)
n=  1716   udiff=  2.0369E-01 ( 47, 25)   vdiff=  2.4838E-01 ( 59, 16)
n=  1717   udiff=  2.0329E-01 ( 47, 25)   vdiff=  2.4788E-01 ( 59, 16)
n=  1718   udiff=  2.0290E-01 ( 47, 25)   vdiff=  2.4737E-01 ( 59, 16)
n=  1719   udiff=  2.0251E-01 ( 47, 25)   vdiff=  2.4687E-01 ( 59, 16)
n=  1720   udiff=  2.0211E-01 ( 47, 25)   vdiff=  2.4637E-01 ( 59, 16)
n=  1721   udiff=  2.0172E-01 ( 47, 25)   vdiff=  2.4587E-01 ( 59, 16)
n=  1722   udiff=  2.0133E-01 ( 47, 25)   vdiff=  2.4537E-01 ( 59, 16)
n=  1723   udiff=  2.0094E-01 ( 47, 25)   vdiff=  2.4487E-01 ( 59, 16)
n=  1724   udiff=  2.0055E-01 ( 47, 25)   vdiff=  2.4437E-01 ( 59, 16)
n=  1725   udiff=  2.0016E-01 ( 47, 25)   vdiff=  2.4387E-01 ( 59, 16)
n=  1726   udiff=  1.9977E-01 ( 48, 25)   vdiff=  2.4337E-01 ( 59, 16)
n=  1727   udiff=  1.9941E-01 ( 48, 25)   vdiff=  2.4288E-01 ( 59, 16)
n=  1728   udiff=  1.9904E-01 ( 48, 25)   vdiff=  2.4238E-01 ( 59, 16)
n=  1729   udiff=  1.9868E-01 ( 48, 25)   vdiff=  2.4188E-01 ( 59, 16)
n=  1730   udiff=  1.9831E-01 ( 48, 25)   vdiff=  2.4139E-01 ( 59, 16)
n=  1731   udiff=  1.9795E-01 ( 48, 25)   vdiff=  2.4089E-01 ( 59, 16)
n=  1732   udiff=  1.9758E-01 ( 48, 25)   vdiff=  2.4040E-01 ( 59, 16)
n=  1733   udiff=  1.9722E-01 ( 48, 25)   vdiff=  2.3991E-01 ( 59, 16)
n=  1734   udiff=  1.9686E-01 ( 48, 25)   vdiff=  2.3941E-01 ( 59, 16)
n=  1735   udiff=  1.9649E-01 ( 48, 25)   vdiff=  2.3892E-01 ( 59, 16)
n=  1736   udiff=  1.9613E-01 ( 48, 25)   vdiff=  2.3843E-01 ( 59, 16)
n=  1737   udiff=  1.9577E-01 ( 48, 25)   vdiff=  2.3794E-01 ( 59, 16)
n=  1738   udiff=  1.9541E-01 ( 48, 25)   vdiff=  2.3745E-01 ( 59, 16)
n=  1739   udiff=  1.9505E-01 ( 48, 25)   vdiff=  2.3696E-01 ( 59, 16)
n=  1740   udiff=  1.9468E-01 ( 48, 25)   vdiff=  2.3647E-01 ( 59, 16)
n=  1741   udiff=  1.9432E-01 ( 48, 25)   vdiff=  2.3598E-01 ( 59, 16)
n=  1742   udiff=  1.9396E-01 ( 48, 25)   vdiff=  2.3549E-01 ( 59, 16)
n=  1743   udiff=  1.9360E-01 ( 48, 25)   vdiff=  2.3500E-01 ( 59, 16)
n=  1744   udiff=  1.9324E-01 ( 48, 25)   vdiff=  2.3452E-01 ( 59, 16)
n=  1745   udiff=  1.9289E-01 ( 48, 25)   vdiff=  2.3403E-01 ( 59, 16)
n=  1746   udiff=  1.9253E-01 ( 48, 25)   vdiff=  2.3355E-01 ( 59, 16)
n=  1747   udiff=  1.9217E-01 ( 48, 25)   vdiff=  2.3306E-01 ( 59, 16)
n=  1748   udiff=  1.9181E-01 ( 48, 25)   vdiff=  2.3258E-01 ( 59, 16)
n=  1749   udiff=  1.9145E-01 ( 48, 25)   vdiff=  2.3209E-01 ( 59, 16)
n=  1750   udiff=  1.9110E-01 ( 48, 25)   vdiff=  2.3161E-01 ( 59, 16)
n=  1751   udiff=  1.9074E-01 ( 48, 25)   vdiff=  2.3113E-01 ( 59, 16)
n=  1752   udiff=  1.9038E-01 ( 48, 25)   vdiff=  2.3065E-01 ( 59, 16)
n=  1753   udiff=  1.9003E-01 ( 48, 25)   vdiff=  2.3017E-01 ( 59, 16)
n=  1754   udiff=  1.8967E-01 ( 48, 25)   vdiff=  2.2969E-01 ( 59, 16)
n=  1755   udiff=  1.8931E-01 ( 48, 25)   vdiff=  2.2921E-01 ( 59, 16)
n=  1756   udiff=  1.8896E-01 ( 48, 25)   vdiff=  2.2873E-01 ( 59, 16)
n=  1757   udiff=  1.8861E-01 ( 48, 25)   vdiff=  2.2825E-01 ( 59, 16)
n=  1758   udiff=  1.8825E-01 ( 48, 25)   vdiff=  2.2778E-01 ( 59, 16)
n=  1759   udiff=  1.8790E-01 ( 48, 25)   vdiff=  2.2730E-01 ( 59, 16)
n=  1760   udiff=  1.8754E-01 ( 48, 25)   vdiff=  2.2682E-01 ( 59, 16)
n=  1761   udiff=  1.8719E-01 ( 48, 25)   vdiff=  2.2635E-01 ( 59, 16)
n=  1762   udiff=  1.8684E-01 ( 48, 25)   vdiff=  2.2587E-01 ( 59, 16)
n=  1763   udiff=  1.8649E-01 ( 48, 25)   vdiff=  2.2540E-01 ( 59, 16)
n=  1764   udiff=  1.8613E-01 ( 48, 25)   vdiff=  2.2493E-01 ( 59, 16)
n=  1765   udiff=  1.8578E-01 ( 48, 25)   vdiff=  2.2446E-01 ( 59, 16)
n=  1766   udiff=  1.8543E-01 ( 48, 25)   vdiff=  2.2398E-01 ( 59, 16)
n=  1767   udiff=  1.8508E-01 ( 48, 25)   vdiff=  2.2351E-01 ( 59, 16)
n=  1768   udiff=  1.8473E-01 ( 48, 25)   vdiff=  2.2304E-01 ( 59, 16)
n=  1769   udiff=  1.8438E-01 ( 48, 25)   vdiff=  2.2257E-01 ( 59, 16)
n=  1770   udiff=  1.8403E-01 ( 48, 25)   vdiff=  2.2210E-01 ( 59, 16)
n=  1771   udiff=  1.8368E-01 ( 48, 25)   vdiff=  2.2164E-01 ( 59, 16)
n=  1772   udiff=  1.8333E-01 ( 48, 25)   vdiff=  2.2117E-01 ( 59, 16)
n=  1773   udiff=  1.8299E-01 ( 48, 25)   vdiff=  2.2070E-01 ( 59, 16)
n=  1774   udiff=  1.8264E-01 ( 48, 25)   vdiff=  2.2024E-01 ( 59, 16)
n=  1775   udiff=  1.8229E-01 ( 48, 25)   vdiff=  2.1977E-01 ( 59, 16)
n=  1776   udiff=  1.8194E-01 ( 48, 25)   vdiff=  2.1931E-01 ( 59, 16)
n=  1777   udiff=  1.8160E-01 ( 48, 25)   vdiff=  2.1884E-01 ( 59, 16)
n=  1778   udiff=  1.8125E-01 ( 48, 25)   vdiff=  2.1838E-01 ( 59, 16)
n=  1779   udiff=  1.8090E-01 ( 48, 25)   vdiff=  2.1792E-01 ( 59, 16)
n=  1780   udiff=  1.8056E-01 ( 48, 25)   vdiff=  2.1745E-01 ( 59, 16)
n=  1781   udiff=  1.8021E-01 ( 48, 25)   vdiff=  2.1699E-01 ( 59, 16)
n=  1782   udiff=  1.7987E-01 ( 48, 25)   vdiff=  2.1653E-01 ( 59, 16)
n=  1783   udiff=  1.7952E-01 ( 48, 25)   vdiff=  2.1607E-01 ( 59, 16)
n=  1784   udiff=  1.7918E-01 ( 48, 25)   vdiff=  2.1561E-01 ( 59, 16)
n=  1785   udiff=  1.7884E-01 ( 48, 25)   vdiff=  2.1516E-01 ( 59, 16)
n=  1786   udiff=  1.7849E-01 ( 48, 25)   vdiff=  2.1470E-01 ( 59, 16)
n=  1787   udiff=  1.7815E-01 ( 48, 25)   vdiff=  2.1424E-01 ( 59, 16)
n=  1788   udiff=  1.7781E-01 ( 48, 25)   vdiff=  2.1378E-01 ( 59, 16)
n=  1789   udiff=  1.7747E-01 ( 48, 25)   vdiff=  2.1333E-01 ( 59, 16)
n=  1790   udiff=  1.7713E-01 ( 48, 25)   vdiff=  2.1288E-01 ( 59, 16)
n=  1791   udiff=  1.7678E-01 ( 48, 25)   vdiff=  2.1242E-01 ( 59, 16)
n=  1792   udiff=  1.7644E-01 ( 48, 25)   vdiff=  2.1197E-01 ( 59, 16)
n=  1793   udiff=  1.7610E-01 ( 48, 25)   vdiff=  2.1152E-01 ( 59, 16)
n=  1794   udiff=  1.7576E-01 ( 48, 25)   vdiff=  2.1106E-01 ( 59, 16)
n=  1795   udiff=  1.7542E-01 ( 48, 25)   vdiff=  2.1061E-01 ( 59, 16)
n=  1796   udiff=  1.7509E-01 ( 48, 25)   vdiff=  2.1016E-01 ( 59, 16)
n=  1797   udiff=  1.7475E-01 ( 48, 25)   vdiff=  2.0971E-01 ( 59, 16)
n=  1798   udiff=  1.7441E-01 ( 48, 25)   vdiff=  2.0926E-01 ( 59, 16)
n=  1799   udiff=  1.7407E-01 ( 48, 25)   vdiff=  2.0882E-01 ( 59, 16)
n=  1800   udiff=  1.7373E-01 ( 48, 25)   vdiff=  2.0837E-01 ( 59, 16)
n=  1801   udiff=  1.7340E-01 ( 48, 25)   vdiff=  2.0792E-01 ( 59, 16)
n=  1802   udiff=  1.7306E-01 ( 48, 25)   vdiff=  2.0748E-01 ( 59, 16)
n=  1803   udiff=  1.7272E-01 ( 48, 25)   vdiff=  2.0703E-01 ( 59, 16)
n=  1804   udiff=  1.7239E-01 ( 48, 25)   vdiff=  2.0659E-01 ( 59, 16)
n=  1805   udiff=  1.7205E-01 ( 48, 25)   vdiff=  2.0614E-01 ( 59, 16)
n=  1806   udiff=  1.7172E-01 ( 48, 25)   vdiff=  2.0570E-01 ( 59, 16)
n=  1807   udiff=  1.7138E-01 ( 48, 25)   vdiff=  2.0526E-01 ( 59, 16)
n=  1808   udiff=  1.7105E-01 ( 48, 25)   vdiff=  2.0482E-01 ( 59, 16)
n=  1809   udiff=  1.7072E-01 ( 48, 25)   vdiff=  2.0438E-01 ( 59, 16)
n=  1810   udiff=  1.7038E-01 ( 48, 25)   vdiff=  2.0394E-01 ( 59, 16)
n=  1811   udiff=  1.7005E-01 ( 48, 25)   vdiff=  2.0350E-01 ( 59, 16)
n=  1812   udiff=  1.6972E-01 ( 48, 25)   vdiff=  2.0306E-01 ( 59, 16)
n=  1813   udiff=  1.6939E-01 ( 48, 25)   vdiff=  2.0262E-01 ( 59, 16)
n=  1814   udiff=  1.6905E-01 ( 48, 25)   vdiff=  2.0218E-01 ( 59, 16)
n=  1815   udiff=  1.6872E-01 ( 48, 25)   vdiff=  2.0175E-01 ( 59, 16)
n=  1816   udiff=  1.6839E-01 ( 48, 25)   vdiff=  2.0131E-01 ( 59, 16)
n=  1817   udiff=  1.6806E-01 ( 48, 25)   vdiff=  2.0088E-01 ( 59, 16)
n=  1818   udiff=  1.6773E-01 ( 48, 25)   vdiff=  2.0044E-01 ( 59, 16)
n=  1819   udiff=  1.6740E-01 ( 48, 25)   vdiff=  2.0001E-01 ( 59, 16)
n=  1820   udiff=  1.6707E-01 ( 48, 25)   vdiff=  1.9958E-01 ( 59, 16)
n=  1821   udiff=  1.6675E-01 ( 48, 25)   vdiff=  1.9915E-01 ( 59, 16)
n=  1822   udiff=  1.6642E-01 ( 48, 25)   vdiff=  1.9871E-01 ( 59, 16)
n=  1823   udiff=  1.6609E-01 ( 48, 25)   vdiff=  1.9828E-01 ( 59, 16)
n=  1824   udiff=  1.6576E-01 ( 48, 25)   vdiff=  1.9785E-01 ( 59, 16)
n=  1825   udiff=  1.6544E-01 ( 48, 25)   vdiff=  1.9743E-01 ( 59, 16)
n=  1826   udiff=  1.6511E-01 ( 48, 25)   vdiff=  1.9700E-01 ( 59, 16)
n=  1827   udiff=  1.6478E-01 ( 48, 25)   vdiff=  1.9657E-01 ( 59, 16)
n=  1828   udiff=  1.6446E-01 ( 48, 25)   vdiff=  1.9614E-01 ( 59, 16)
n=  1829   udiff=  1.6413E-01 ( 48, 25)   vdiff=  1.9572E-01 ( 59, 16)
n=  1830   udiff=  1.6381E-01 ( 48, 25)   vdiff=  1.9529E-01 ( 59, 16)
n=  1831   udiff=  1.6348E-01 ( 48, 25)   vdiff=  1.9487E-01 ( 59, 16)
n=  1832   udiff=  1.6316E-01 ( 48, 25)   vdiff=  1.9445E-01 ( 59, 16)
n=  1833   udiff=  1.6284E-01 ( 48, 25)   vdiff=  1.9402E-01 ( 59, 16)
n=  1834   udiff=  1.6251E-01 ( 48, 25)   vdiff=  1.9360E-01 ( 59, 16)
n=  1835   udiff=  1.6219E-01 ( 48, 25)   vdiff=  1.9318E-01 ( 59, 16)
n=  1836   udiff=  1.6187E-01 ( 48, 25)   vdiff=  1.9276E-01 ( 59, 16)
n=  1837   udiff=  1.6155E-01 ( 48, 25)   vdiff=  1.9234E-01 ( 59, 16)
n=  1838   udiff=  1.6123E-01 ( 48, 25)   vdiff=  1.9192E-01 ( 59, 16)
n=  1839   udiff=  1.6091E-01 ( 48, 25)   vdiff=  1.9150E-01 ( 59, 16)
n=  1840   udiff=  1.6058E-01 ( 48, 25)   vdiff=  1.9108E-01 ( 59, 16)
n=  1841   udiff=  1.6026E-01 ( 48, 25)   vdiff=  1.9067E-01 ( 59, 16)
n=  1842   udiff=  1.5995E-01 ( 48, 25)   vdiff=  1.9025E-01 ( 59, 16)
n=  1843   udiff=  1.5963E-01 ( 48, 25)   vdiff=  1.8984E-01 ( 59, 16)
n=  1844   udiff=  1.5931E-01 ( 48, 25)   vdiff=  1.8942E-01 ( 59, 16)
n=  1845   udiff=  1.5899E-01 ( 48, 25)   vdiff=  1.8901E-01 ( 59, 16)
n=  1846   udiff=  1.5867E-01 ( 48, 25)   vdiff=  1.8859E-01 ( 59, 16)
n=  1847   udiff=  1.5835E-01 ( 48, 25)   vdiff=  1.8818E-01 ( 59, 16)
n=  1848   udiff=  1.5804E-01 ( 48, 25)   vdiff=  1.8777E-01 ( 59, 16)
n=  1849   udiff=  1.5772E-01 ( 48, 25)   vdiff=  1.8736E-01 ( 59, 16)
n=  1850   udiff=  1.5740E-01 ( 48, 25)   vdiff=  1.8695E-01 ( 59, 16)
n=  1851   udiff=  1.5709E-01 ( 48, 25)   vdiff=  1.8654E-01 ( 59, 16)
n=  1852   udiff=  1.5677E-01 ( 48, 25)   vdiff=  1.8613E-01 ( 59, 16)
n=  1853   udiff=  1.5646E-01 ( 48, 25)   vdiff=  1.8572E-01 ( 59, 16)
n=  1854   udiff=  1.5614E-01 ( 48, 25)   vdiff=  1.8532E-01 ( 59, 16)
n=  1855   udiff=  1.5583E-01 ( 48, 25)   vdiff=  1.8491E-01 ( 59, 16)
n=  1856   udiff=  1.5552E-01 ( 48, 25)   vdiff=  1.8450E-01 ( 59, 16)
n=  1857   udiff=  1.5520E-01 ( 48, 25)   vdiff=  1.8410E-01 ( 59, 16)
n=  1858   udiff=  1.5489E-01 ( 48, 25)   vdiff=  1.8370E-01 ( 59, 16)
n=  1859   udiff=  1.5458E-01 ( 48, 25)   vdiff=  1.8329E-01 ( 59, 16)
n=  1860   udiff=  1.5427E-01 ( 48, 25)   vdiff=  1.8289E-01 ( 59, 16)
n=  1861   udiff=  1.5396E-01 ( 48, 25)   vdiff=  1.8249E-01 ( 59, 16)
n=  1862   udiff=  1.5364E-01 ( 48, 25)   vdiff=  1.8209E-01 ( 59, 16)
n=  1863   udiff=  1.5334E-01 ( 49, 25)   vdiff=  1.8169E-01 ( 59, 16)
n=  1864   udiff=  1.5304E-01 ( 49, 25)   vdiff=  1.8129E-01 ( 59, 16)
n=  1865   udiff=  1.5275E-01 ( 49, 25)   vdiff=  1.8089E-01 ( 59, 16)
n=  1866   udiff=  1.5246E-01 ( 49, 25)   vdiff=  1.8049E-01 ( 59, 16)
n=  1867   udiff=  1.5217E-01 ( 49, 25)   vdiff=  1.8009E-01 ( 59, 16)
n=  1868   udiff=  1.5188E-01 ( 49, 25)   vdiff=  1.7970E-01 ( 59, 16)
n=  1869   udiff=  1.5158E-01 ( 49, 25)   vdiff=  1.7930E-01 ( 59, 16)
n=  1870   udiff=  1.5129E-01 ( 49, 25)   vdiff=  1.7891E-01 ( 59, 16)
n=  1871   udiff=  1.5100E-01 ( 49, 25)   vdiff=  1.7851E-01 ( 59, 16)
n=  1872   udiff=  1.5071E-01 ( 49, 25)   vdiff=  1.7812E-01 ( 59, 16)
n=  1873   udiff=  1.5042E-01 ( 49, 25)   vdiff=  1.7773E-01 ( 59, 16)
n=  1874   udiff=  1.5014E-01 ( 49, 25)   vdiff=  1.7733E-01 ( 59, 16)
n=  1875   udiff=  1.4985E-01 ( 49, 25)   vdiff=  1.7694E-01 ( 59, 16)
n=  1876   udiff=  1.4956E-01 ( 49, 25)   vdiff=  1.7655E-01 ( 59, 16)
n=  1877   udiff=  1.4927E-01 ( 49, 25)   vdiff=  1.7616E-01 ( 59, 16)
n=  1878   udiff=  1.4898E-01 ( 49, 25)   vdiff=  1.7577E-01 ( 59, 16)
n=  1879   udiff=  1.4870E-01 ( 49, 25)   vdiff=  1.7538E-01 ( 59, 16)
n=  1880   udiff=  1.4841E-01 ( 49, 25)   vdiff=  1.7500E-01 ( 59, 16)
n=  1881   udiff=  1.4812E-01 ( 49, 25)   vdiff=  1.7461E-01 ( 59, 16)
n=  1882   udiff=  1.4784E-01 ( 49, 25)   vdiff=  1.7422E-01 ( 59, 16)
n=  1883   udiff=  1.4755E-01 ( 49, 25)   vdiff=  1.7385E-01 ( 59, 17)
n=  1884   udiff=  1.4727E-01 ( 49, 25)   vdiff=  1.7349E-01 ( 59, 17)
n=  1885   udiff=  1.4698E-01 ( 49, 25)   vdiff=  1.7315E-01 ( 59, 17)
n=  1886   udiff=  1.4670E-01 ( 49, 25)   vdiff=  1.7280E-01 ( 59, 17)
n=  1887   udiff=  1.4641E-01 ( 49, 25)   vdiff=  1.7245E-01 ( 59, 17)
n=  1888   udiff=  1.4613E-01 ( 49, 25)   vdiff=  1.7210E-01 ( 59, 17)
n=  1889   udiff=  1.4584E-01 ( 49, 25)   vdiff=  1.7175E-01 ( 59, 17)
n=  1890   udiff=  1.4556E-01 ( 49, 25)   vdiff=  1.7141E-01 ( 59, 17)
n=  1891   udiff=  1.4528E-01 ( 49, 25)   vdiff=  1.7106E-01 ( 59, 17)
n=  1892   udiff=  1.4500E-01 ( 49, 25)   vdiff=  1.7071E-01 ( 59, 17)
n=  1893   udiff=  1.4471E-01 ( 49, 25)   vdiff=  1.7037E-01 ( 59, 17)
n=  1894   udiff=  1.4443E-01 ( 49, 25)   vdiff=  1.7002E-01 ( 59, 17)
n=  1895   udiff=  1.4415E-01 ( 49, 25)   vdiff=  1.6968E-01 ( 59, 17)
n=  1896   udiff=  1.4387E-01 ( 49, 25)   vdiff=  1.6934E-01 ( 59, 17)
n=  1897   udiff=  1.4359E-01 ( 49, 25)   vdiff=  1.6899E-01 ( 59, 17)
n=  1898   udiff=  1.4331E-01 ( 49, 25)   vdiff=  1.6865E-01 ( 59, 17)
n=  1899   udiff=  1.4303E-01 ( 49, 25)   vdiff=  1.6831E-01 ( 59, 17)
n=  1900   udiff=  1.4275E-01 ( 49, 25)   vdiff=  1.6797E-01 ( 59, 17)
n=  1901   udiff=  1.4247E-01 ( 49, 25)   vdiff=  1.6763E-01 ( 59, 17)
n=  1902   udiff=  1.4219E-01 ( 49, 25)   vdiff=  1.6729E-01 ( 59, 17)
n=  1903   udiff=  1.4191E-01 ( 49, 25)   vdiff=  1.6695E-01 ( 59, 17)
n=  1904   udiff=  1.4164E-01 ( 49, 25)   vdiff=  1.6661E-01 ( 59, 17)
n=  1905   udiff=  1.4136E-01 ( 49, 25)   vdiff=  1.6627E-01 ( 59, 17)
n=  1906   udiff=  1.4108E-01 ( 49, 25)   vdiff=  1.6594E-01 ( 59, 17)
n=  1907   udiff=  1.4080E-01 ( 49, 25)   vdiff=  1.6560E-01 ( 59, 17)
n=  1908   udiff=  1.4053E-01 ( 49, 25)   vdiff=  1.6526E-01 ( 59, 17)
n=  1909   udiff=  1.4025E-01 ( 49, 25)   vdiff=  1.6493E-01 ( 59, 17)
n=  1910   udiff=  1.3998E-01 ( 49, 25)   vdiff=  1.6459E-01 ( 59, 17)
n=  1911   udiff=  1.3970E-01 ( 49, 25)   vdiff=  1.6426E-01 ( 59, 17)
n=  1912   udiff=  1.3943E-01 ( 49, 25)   vdiff=  1.6392E-01 ( 59, 17)
n=  1913   udiff=  1.3915E-01 ( 49, 25)   vdiff=  1.6359E-01 ( 59, 17)
n=  1914   udiff=  1.3888E-01 ( 49, 25)   vdiff=  1.6326E-01 ( 59, 17)
n=  1915   udiff=  1.3860E-01 ( 49, 25)   vdiff=  1.6293E-01 ( 59, 17)
n=  1916   udiff=  1.3833E-01 ( 49, 25)   vdiff=  1.6259E-01 ( 59, 17)
n=  1917   udiff=  1.3806E-01 ( 49, 25)   vdiff=  1.6226E-01 ( 59, 17)
n=  1918   udiff=  1.3778E-01 ( 49, 25)   vdiff=  1.6193E-01 ( 59, 17)
n=  1919   udiff=  1.3751E-01 ( 49, 25)   vdiff=  1.6160E-01 ( 59, 17)
n=  1920   udiff=  1.3724E-01 ( 49, 25)   vdiff=  1.6127E-01 ( 59, 17)
n=  1921   udiff=  1.3697E-01 ( 49, 25)   vdiff=  1.6095E-01 ( 59, 17)
n=  1922   udiff=  1.3670E-01 ( 49, 25)   vdiff=  1.6062E-01 ( 59, 17)
n=  1923   udiff=  1.3642E-01 ( 49, 25)   vdiff=  1.6029E-01 ( 59, 17)
n=  1924   udiff=  1.3615E-01 ( 49, 25)   vdiff=  1.5996E-01 ( 59, 17)
n=  1925   udiff=  1.3588E-01 ( 49, 25)   vdiff=  1.5964E-01 ( 59, 17)
n=  1926   udiff=  1.3561E-01 ( 49, 25)   vdiff=  1.5931E-01 ( 59, 17)
n=  1927   udiff=  1.3534E-01 ( 49, 25)   vdiff=  1.5899E-01 ( 59, 17)
n=  1928   udiff=  1.3508E-01 ( 49, 25)   vdiff=  1.5866E-01 ( 59, 17)
n=  1929   udiff=  1.3481E-01 ( 49, 25)   vdiff=  1.5834E-01 ( 59, 17)
n=  1930   udiff=  1.3454E-01 ( 49, 25)   vdiff=  1.5801E-01 ( 59, 17)
n=  1931   udiff=  1.3427E-01 ( 49, 25)   vdiff=  1.5769E-01 ( 59, 17)
n=  1932   udiff=  1.3400E-01 ( 49, 25)   vdiff=  1.5737E-01 ( 59, 17)
n=  1933   udiff=  1.3374E-01 ( 49, 25)   vdiff=  1.5705E-01 ( 59, 17)
n=  1934   udiff=  1.3347E-01 ( 49, 25)   vdiff=  1.5672E-01 ( 59, 17)
n=  1935   udiff=  1.3320E-01 ( 49, 25)   vdiff=  1.5640E-01 ( 59, 17)
n=  1936   udiff=  1.3294E-01 ( 49, 25)   vdiff=  1.5608E-01 ( 59, 17)
n=  1937   udiff=  1.3267E-01 ( 49, 25)   vdiff=  1.5576E-01 ( 59, 17)
n=  1938   udiff=  1.3241E-01 ( 49, 25)   vdiff=  1.5545E-01 ( 59, 17)
n=  1939   udiff=  1.3214E-01 ( 49, 25)   vdiff=  1.5513E-01 ( 59, 17)
n=  1940   udiff=  1.3188E-01 ( 49, 25)   vdiff=  1.5481E-01 ( 59, 17)
n=  1941   udiff=  1.3161E-01 ( 49, 25)   vdiff=  1.5449E-01 ( 59, 17)
n=  1942   udiff=  1.3135E-01 ( 49, 25)   vdiff=  1.5418E-01 ( 59, 17)
n=  1943   udiff=  1.3108E-01 ( 49, 25)   vdiff=  1.5386E-01 ( 59, 17)
n=  1944   udiff=  1.3082E-01 ( 49, 25)   vdiff=  1.5354E-01 ( 59, 17)
n=  1945   udiff=  1.3056E-01 ( 49, 25)   vdiff=  1.5323E-01 ( 59, 17)
n=  1946   udiff=  1.3030E-01 ( 49, 25)   vdiff=  1.5291E-01 ( 59, 17)
n=  1947   udiff=  1.3003E-01 ( 49, 25)   vdiff=  1.5260E-01 ( 59, 17)
n=  1948   udiff=  1.2977E-01 ( 49, 25)   vdiff=  1.5229E-01 ( 59, 17)
n=  1949   udiff=  1.2951E-01 ( 49, 25)   vdiff=  1.5197E-01 ( 59, 17)
n=  1950   udiff=  1.2925E-01 ( 49, 25)   vdiff=  1.5166E-01 ( 59, 17)
n=  1951   udiff=  1.2899E-01 ( 49, 25)   vdiff=  1.5135E-01 ( 59, 17)
n=  1952   udiff=  1.2873E-01 ( 49, 25)   vdiff=  1.5104E-01 ( 59, 17)
n=  1953   udiff=  1.2847E-01 ( 49, 25)   vdiff=  1.5073E-01 ( 59, 17)
n=  1954   udiff=  1.2821E-01 ( 49, 25)   vdiff=  1.5042E-01 ( 59, 17)
n=  1955   udiff=  1.2795E-01 ( 49, 25)   vdiff=  1.5011E-01 ( 59, 17)
n=  1956   udiff=  1.2769E-01 ( 49, 25)   vdiff=  1.4980E-01 ( 59, 17)
n=  1957   udiff=  1.2744E-01 ( 49, 25)   vdiff=  1.4949E-01 ( 59, 17)
n=  1958   udiff=  1.2718E-01 ( 49, 25)   vdiff=  1.4919E-01 ( 59, 17)
n=  1959   udiff=  1.2692E-01 ( 49, 25)   vdiff=  1.4888E-01 ( 59, 17)
n=  1960   udiff=  1.2666E-01 ( 49, 25)   vdiff=  1.4857E-01 ( 59, 17)
n=  1961   udiff=  1.2641E-01 ( 49, 25)   vdiff=  1.4827E-01 ( 59, 17)
n=  1962   udiff=  1.2615E-01 ( 49, 25)   vdiff=  1.4796E-01 ( 59, 17)
n=  1963   udiff=  1.2589E-01 ( 49, 25)   vdiff=  1.4766E-01 ( 59, 17)
n=  1964   udiff=  1.2564E-01 ( 49, 25)   vdiff=  1.4735E-01 ( 59, 17)
n=  1965   udiff=  1.2538E-01 ( 49, 25)   vdiff=  1.4705E-01 ( 59, 17)
n=  1966   udiff=  1.2513E-01 ( 49, 25)   vdiff=  1.4675E-01 ( 59, 17)
n=  1967   udiff=  1.2487E-01 ( 49, 25)   vdiff=  1.4644E-01 ( 59, 17)
n=  1968   udiff=  1.2462E-01 ( 49, 25)   vdiff=  1.4614E-01 ( 59, 17)
n=  1969   udiff=  1.2436E-01 ( 49, 25)   vdiff=  1.4584E-01 ( 59, 17)
n=  1970   udiff=  1.2411E-01 ( 49, 25)   vdiff=  1.4554E-01 ( 59, 17)
n=  1971   udiff=  1.2386E-01 ( 49, 25)   vdiff=  1.4524E-01 ( 59, 17)
n=  1972   udiff=  1.2361E-01 ( 49, 25)   vdiff=  1.4494E-01 ( 59, 17)
n=  1973   udiff=  1.2335E-01 ( 49, 25)   vdiff=  1.4464E-01 ( 59, 17)
n=  1974   udiff=  1.2310E-01 ( 49, 25)   vdiff=  1.4434E-01 ( 59, 17)
n=  1975   udiff=  1.2285E-01 ( 49, 25)   vdiff=  1.4404E-01 ( 59, 17)
n=  1976   udiff=  1.2260E-01 ( 49, 25)   vdiff=  1.4374E-01 ( 59, 17)
n=  1977   udiff=  1.2235E-01 ( 49, 25)   vdiff=  1.4345E-01 ( 59, 17)
n=  1978   udiff=  1.2210E-01 ( 49, 25)   vdiff=  1.4315E-01 ( 59, 17)
n=  1979   udiff=  1.2185E-01 ( 49, 25)   vdiff=  1.4286E-01 ( 59, 17)
n=  1980   udiff=  1.2160E-01 ( 49, 25)   vdiff=  1.4256E-01 ( 59, 17)
n=  1981   udiff=  1.2135E-01 ( 49, 25)   vdiff=  1.4227E-01 ( 59, 17)
n=  1982   udiff=  1.2110E-01 ( 49, 25)   vdiff=  1.4197E-01 ( 59, 17)
n=  1983   udiff=  1.2085E-01 ( 49, 25)   vdiff=  1.4168E-01 ( 59, 17)
n=  1984   udiff=  1.2060E-01 ( 49, 25)   vdiff=  1.4138E-01 ( 59, 17)
n=  1985   udiff=  1.2035E-01 ( 49, 25)   vdiff=  1.4109E-01 ( 59, 17)
n=  1986   udiff=  1.2011E-01 ( 49, 25)   vdiff=  1.4080E-01 ( 59, 17)
n=  1987   udiff=  1.1986E-01 ( 49, 25)   vdiff=  1.4051E-01 ( 59, 17)
n=  1988   udiff=  1.1961E-01 ( 49, 25)   vdiff=  1.4022E-01 ( 59, 17)
n=  1989   udiff=  1.1937E-01 ( 49, 25)   vdiff=  1.3993E-01 ( 59, 17)
n=  1990   udiff=  1.1912E-01 ( 49, 25)   vdiff=  1.3964E-01 ( 59, 17)
n=  1991   udiff=  1.1887E-01 ( 49, 25)   vdiff=  1.3935E-01 ( 59, 17)
n=  1992   udiff=  1.1863E-01 ( 49, 25)   vdiff=  1.3906E-01 ( 59, 17)
n=  1993   udiff=  1.1838E-01 ( 49, 25)   vdiff=  1.3877E-01 ( 59, 17)
n=  1994   udiff=  1.1814E-01 ( 49, 25)   vdiff=  1.3848E-01 ( 59, 17)
n=  1995   udiff=  1.1790E-01 ( 49, 25)   vdiff=  1.3820E-01 ( 59, 17)
n=  1996   udiff=  1.1765E-01 ( 49, 25)   vdiff=  1.3791E-01 ( 59, 17)
n=  1997   udiff=  1.1741E-01 ( 49, 25)   vdiff=  1.3762E-01 ( 59, 17)
n=  1998   udiff=  1.1717E-01 ( 49, 25)   vdiff=  1.3734E-01 ( 59, 17)
n=  1999   udiff=  1.1692E-01 ( 49, 25)   vdiff=  1.3705E-01 ( 59, 17)
n=  2000   udiff=  1.1668E-01 ( 49, 25)   vdiff=  1.3677E-01 ( 59, 17)
n=  2001   udiff=  1.1644E-01 ( 49, 25)   vdiff=  1.3648E-01 ( 59, 17)
n=  2002   udiff=  1.1620E-01 ( 49, 25)   vdiff=  1.3620E-01 ( 59, 17)
n=  2003   udiff=  1.1596E-01 ( 49, 25)   vdiff=  1.3592E-01 ( 59, 17)
n=  2004   udiff=  1.1571E-01 ( 49, 25)   vdiff=  1.3564E-01 ( 59, 17)
n=  2005   udiff=  1.1547E-01 ( 49, 25)   vdiff=  1.3535E-01 ( 59, 17)
n=  2006   udiff=  1.1523E-01 ( 49, 25)   vdiff=  1.3507E-01 ( 59, 17)
n=  2007   udiff=  1.1499E-01 ( 49, 25)   vdiff=  1.3479E-01 ( 59, 17)
n=  2008   udiff=  1.1475E-01 ( 49, 25)   vdiff=  1.3451E-01 ( 59, 17)
n=  2009   udiff=  1.1452E-01 ( 49, 25)   vdiff=  1.3423E-01 ( 59, 17)
n=  2010   udiff=  1.1428E-01 ( 49, 25)   vdiff=  1.3395E-01 ( 59, 17)
n=  2011   udiff=  1.1404E-01 ( 49, 25)   vdiff=  1.3367E-01 ( 59, 17)
n=  2012   udiff=  1.1380E-01 ( 49, 25)   vdiff=  1.3340E-01 ( 59, 17)
n=  2013   udiff=  1.1356E-01 ( 49, 25)   vdiff=  1.3312E-01 ( 59, 17)
n=  2014   udiff=  1.1333E-01 ( 49, 25)   vdiff=  1.3284E-01 ( 59, 17)
n=  2015   udiff=  1.1309E-01 ( 49, 25)   vdiff=  1.3257E-01 ( 59, 17)
n=  2016   udiff=  1.1285E-01 ( 49, 25)   vdiff=  1.3229E-01 ( 59, 17)
n=  2017   udiff=  1.1262E-01 ( 49, 25)   vdiff=  1.3201E-01 ( 59, 17)
n=  2018   udiff=  1.1238E-01 ( 49, 25)   vdiff=  1.3174E-01 ( 59, 17)
n=  2019   udiff=  1.1214E-01 ( 49, 25)   vdiff=  1.3146E-01 ( 59, 17)
n=  2020   udiff=  1.1191E-01 ( 49, 25)   vdiff=  1.3119E-01 ( 59, 17)
n=  2021   udiff=  1.1168E-01 ( 49, 25)   vdiff=  1.3092E-01 ( 59, 17)
n=  2022   udiff=  1.1144E-01 ( 49, 25)   vdiff=  1.3065E-01 ( 59, 17)
n=  2023   udiff=  1.1121E-01 ( 49, 25)   vdiff=  1.3037E-01 ( 59, 17)
n=  2024   udiff=  1.1097E-01 ( 49, 25)   vdiff=  1.3010E-01 ( 59, 17)
n=  2025   udiff=  1.1075E-01 ( 50, 25)   vdiff=  1.2983E-01 ( 59, 17)
n=  2026   udiff=  1.1053E-01 ( 50, 25)   vdiff=  1.2956E-01 ( 59, 17)
n=  2027   udiff=  1.1031E-01 ( 50, 25)   vdiff=  1.2929E-01 ( 59, 17)
n=  2028   udiff=  1.1009E-01 ( 50, 25)   vdiff=  1.2902E-01 ( 59, 17)
n=  2029   udiff=  1.0987E-01 ( 50, 25)   vdiff=  1.2875E-01 ( 59, 17)
n=  2030   udiff=  1.0965E-01 ( 50, 25)   vdiff=  1.2848E-01 ( 59, 17)
n=  2031   udiff=  1.0943E-01 ( 50, 25)   vdiff=  1.2821E-01 ( 59, 17)
n=  2032   udiff=  1.0921E-01 ( 50, 25)   vdiff=  1.2795E-01 ( 59, 17)
n=  2033   udiff=  1.0899E-01 ( 50, 25)   vdiff=  1.2768E-01 ( 59, 17)
n=  2034   udiff=  1.0877E-01 ( 50, 25)   vdiff=  1.2741E-01 ( 59, 17)
n=  2035   udiff=  1.0856E-01 ( 50, 25)   vdiff=  1.2715E-01 ( 59, 17)
n=  2036   udiff=  1.0834E-01 ( 50, 25)   vdiff=  1.2688E-01 ( 59, 17)
n=  2037   udiff=  1.0812E-01 ( 50, 25)   vdiff=  1.2662E-01 ( 59, 17)
n=  2038   udiff=  1.0790E-01 ( 50, 25)   vdiff=  1.2635E-01 ( 59, 17)
n=  2039   udiff=  1.0769E-01 ( 50, 25)   vdiff=  1.2609E-01 ( 59, 17)
n=  2040   udiff=  1.0747E-01 ( 50, 25)   vdiff=  1.2582E-01 ( 59, 17)
n=  2041   udiff=  1.0725E-01 ( 50, 25)   vdiff=  1.2556E-01 ( 59, 17)
n=  2042   udiff=  1.0704E-01 ( 50, 25)   vdiff=  1.2530E-01 ( 59, 17)
n=  2043   udiff=  1.0682E-01 ( 50, 25)   vdiff=  1.2504E-01 ( 59, 17)
n=  2044   udiff=  1.0661E-01 ( 50, 25)   vdiff=  1.2478E-01 ( 59, 17)
n=  2045   udiff=  1.0639E-01 ( 50, 25)   vdiff=  1.2451E-01 ( 59, 17)
n=  2046   udiff=  1.0618E-01 ( 50, 25)   vdiff=  1.2425E-01 ( 59, 17)
n=  2047   udiff=  1.0596E-01 ( 50, 25)   vdiff=  1.2399E-01 ( 59, 17)
n=  2048   udiff=  1.0575E-01 ( 50, 25)   vdiff=  1.2373E-01 ( 59, 17)
n=  2049   udiff=  1.0554E-01 ( 50, 25)   vdiff=  1.2348E-01 ( 59, 17)
n=  2050   udiff=  1.0532E-01 ( 50, 25)   vdiff=  1.2322E-01 ( 59, 17)
n=  2051   udiff=  1.0511E-01 ( 50, 25)   vdiff=  1.2296E-01 ( 59, 17)
n=  2052   udiff=  1.0490E-01 ( 50, 25)   vdiff=  1.2270E-01 ( 59, 17)
n=  2053   udiff=  1.0468E-01 ( 50, 25)   vdiff=  1.2245E-01 ( 59, 17)
n=  2054   udiff=  1.0447E-01 ( 50, 25)   vdiff=  1.2219E-01 ( 59, 17)
n=  2055   udiff=  1.0426E-01 ( 50, 25)   vdiff=  1.2193E-01 ( 59, 17)
n=  2056   udiff=  1.0405E-01 ( 50, 25)   vdiff=  1.2168E-01 ( 59, 17)
n=  2057   udiff=  1.0384E-01 ( 50, 25)   vdiff=  1.2142E-01 ( 59, 17)
n=  2058   udiff=  1.0363E-01 ( 50, 25)   vdiff=  1.2117E-01 ( 59, 17)
n=  2059   udiff=  1.0341E-01 ( 50, 25)   vdiff=  1.2092E-01 ( 59, 17)
n=  2060   udiff=  1.0320E-01 ( 50, 25)   vdiff=  1.2066E-01 ( 59, 17)
n=  2061   udiff=  1.0299E-01 ( 50, 25)   vdiff=  1.2041E-01 ( 59, 17)
n=  2062   udiff=  1.0278E-01 ( 50, 25)   vdiff=  1.2016E-01 ( 59, 17)
n=  2063   udiff=  1.0258E-01 ( 50, 25)   vdiff=  1.1990E-01 ( 59, 17)
n=  2064   udiff=  1.0237E-01 ( 50, 25)   vdiff=  1.1965E-01 ( 59, 17)
n=  2065   udiff=  1.0216E-01 ( 50, 25)   vdiff=  1.1940E-01 ( 59, 17)
n=  2066   udiff=  1.0195E-01 ( 50, 25)   vdiff=  1.1915E-01 ( 59, 17)
n=  2067   udiff=  1.0174E-01 ( 50, 25)   vdiff=  1.1890E-01 ( 59, 17)
n=  2068   udiff=  1.0153E-01 ( 50, 25)   vdiff=  1.1865E-01 ( 59, 17)
n=  2069   udiff=  1.0132E-01 ( 50, 25)   vdiff=  1.1840E-01 ( 59, 17)
n=  2070   udiff=  1.0112E-01 ( 50, 25)   vdiff=  1.1816E-01 ( 59, 17)
n=  2071   udiff=  1.0091E-01 ( 50, 25)   vdiff=  1.1791E-01 ( 59, 17)
n=  2072   udiff=  1.0070E-01 ( 50, 25)   vdiff=  1.1766E-01 ( 59, 17)
n=  2073   udiff=  1.0050E-01 ( 50, 25)   vdiff=  1.1741E-01 ( 59, 17)
n=  2074   udiff=  1.0029E-01 ( 50, 25)   vdiff=  1.1717E-01 ( 59, 17)
n=  2075   udiff=  1.0009E-01 ( 50, 25)   vdiff=  1.1692E-01 ( 59, 17)
n=  2076   udiff=  9.9880E-02 ( 50, 25)   vdiff=  1.1668E-01 ( 59, 17)
n=  2077   udiff=  9.9675E-02 ( 50, 25)   vdiff=  1.1643E-01 ( 59, 17)
n=  2078   udiff=  9.9470E-02 ( 50, 25)   vdiff=  1.1619E-01 ( 59, 17)
n=  2079   udiff=  9.9265E-02 ( 50, 25)   vdiff=  1.1594E-01 ( 59, 17)
n=  2080   udiff=  9.9061E-02 ( 50, 25)   vdiff=  1.1570E-01 ( 59, 17)
n=  2081   udiff=  9.8857E-02 ( 50, 25)   vdiff=  1.1546E-01 ( 59, 17)
n=  2082   udiff=  9.8653E-02 ( 50, 25)   vdiff=  1.1521E-01 ( 59, 17)
n=  2083   udiff=  9.8450E-02 ( 50, 25)   vdiff=  1.1497E-01 ( 59, 17)
n=  2084   udiff=  9.8247E-02 ( 50, 25)   vdiff=  1.1473E-01 ( 59, 17)
n=  2085   udiff=  9.8044E-02 ( 50, 25)   vdiff=  1.1449E-01 ( 59, 17)
n=  2086   udiff=  9.7842E-02 ( 50, 25)   vdiff=  1.1425E-01 ( 59, 17)
n=  2087   udiff=  9.7640E-02 ( 50, 25)   vdiff=  1.1401E-01 ( 59, 17)
n=  2088   udiff=  9.7438E-02 ( 50, 25)   vdiff=  1.1377E-01 ( 59, 17)
n=  2089   udiff=  9.7236E-02 ( 50, 25)   vdiff=  1.1353E-01 ( 59, 17)
n=  2090   udiff=  9.7035E-02 ( 50, 25)   vdiff=  1.1329E-01 ( 59, 17)
n=  2091   udiff=  9.6834E-02 ( 50, 25)   vdiff=  1.1305E-01 ( 59, 17)
n=  2092   udiff=  9.6633E-02 ( 50, 25)   vdiff=  1.1281E-01 ( 59, 17)
n=  2093   udiff=  9.6433E-02 ( 50, 25)   vdiff=  1.1258E-01 ( 59, 17)
n=  2094   udiff=  9.6233E-02 ( 50, 25)   vdiff=  1.1234E-01 ( 59, 17)
n=  2095   udiff=  9.6033E-02 ( 50, 25)   vdiff=  1.1210E-01 ( 59, 17)
n=  2096   udiff=  9.5834E-02 ( 50, 25)   vdiff=  1.1187E-01 ( 59, 17)
n=  2097   udiff=  9.5635E-02 ( 50, 25)   vdiff=  1.1163E-01 ( 59, 17)
n=  2098   udiff=  9.5436E-02 ( 50, 25)   vdiff=  1.1140E-01 ( 59, 17)
n=  2099   udiff=  9.5237E-02 ( 50, 25)   vdiff=  1.1116E-01 ( 59, 17)
n=  2100   udiff=  9.5039E-02 ( 50, 25)   vdiff=  1.1093E-01 ( 59, 17)
n=  2101   udiff=  9.4841E-02 ( 50, 25)   vdiff=  1.1070E-01 ( 59, 17)
n=  2102   udiff=  9.4643E-02 ( 50, 25)   vdiff=  1.1046E-01 ( 59, 17)
n=  2103   udiff=  9.4446E-02 ( 50, 25)   vdiff=  1.1023E-01 ( 59, 17)
n=  2104   udiff=  9.4249E-02 ( 50, 25)   vdiff=  1.1000E-01 ( 59, 17)
n=  2105   udiff=  9.4052E-02 ( 50, 25)   vdiff=  1.0977E-01 ( 59, 17)
n=  2106   udiff=  9.3856E-02 ( 50, 25)   vdiff=  1.0953E-01 ( 59, 17)
n=  2107   udiff=  9.3660E-02 ( 50, 25)   vdiff=  1.0930E-01 ( 59, 17)
n=  2108   udiff=  9.3464E-02 ( 50, 25)   vdiff=  1.0907E-01 ( 59, 17)
n=  2109   udiff=  9.3268E-02 ( 50, 25)   vdiff=  1.0884E-01 ( 59, 17)
n=  2110   udiff=  9.3073E-02 ( 50, 25)   vdiff=  1.0861E-01 ( 59, 17)
n=  2111   udiff=  9.2878E-02 ( 50, 25)   vdiff=  1.0839E-01 ( 59, 17)
n=  2112   udiff=  9.2683E-02 ( 50, 25)   vdiff=  1.0816E-01 ( 59, 17)
n=  2113   udiff=  9.2489E-02 ( 50, 25)   vdiff=  1.0793E-01 ( 59, 17)
n=  2114   udiff=  9.2295E-02 ( 50, 25)   vdiff=  1.0770E-01 ( 59, 17)
n=  2115   udiff=  9.2101E-02 ( 50, 25)   vdiff=  1.0747E-01 ( 59, 17)
n=  2116   udiff=  9.1908E-02 ( 50, 25)   vdiff=  1.0725E-01 ( 59, 17)
n=  2117   udiff=  9.1714E-02 ( 50, 25)   vdiff=  1.0702E-01 ( 59, 17)
n=  2118   udiff=  9.1522E-02 ( 50, 25)   vdiff=  1.0680E-01 ( 59, 17)
n=  2119   udiff=  9.1329E-02 ( 50, 25)   vdiff=  1.0657E-01 ( 59, 17)
n=  2120   udiff=  9.1137E-02 ( 50, 25)   vdiff=  1.0635E-01 ( 59, 17)
n=  2121   udiff=  9.0945E-02 ( 50, 25)   vdiff=  1.0612E-01 ( 59, 17)
n=  2122   udiff=  9.0753E-02 ( 50, 25)   vdiff=  1.0590E-01 ( 59, 17)
n=  2123   udiff=  9.0562E-02 ( 50, 25)   vdiff=  1.0567E-01 ( 59, 17)
n=  2124   udiff=  9.0370E-02 ( 50, 25)   vdiff=  1.0545E-01 ( 59, 17)
n=  2125   udiff=  9.0180E-02 ( 50, 25)   vdiff=  1.0523E-01 ( 59, 17)
n=  2126   udiff=  8.9989E-02 ( 50, 25)   vdiff=  1.0501E-01 ( 59, 17)
n=  2127   udiff=  8.9799E-02 ( 50, 25)   vdiff=  1.0479E-01 ( 59, 17)
n=  2128   udiff=  8.9609E-02 ( 50, 25)   vdiff=  1.0456E-01 ( 59, 17)
n=  2129   udiff=  8.9419E-02 ( 50, 25)   vdiff=  1.0434E-01 ( 59, 17)
n=  2130   udiff=  8.9230E-02 ( 50, 25)   vdiff=  1.0412E-01 ( 59, 17)
n=  2131   udiff=  8.9041E-02 ( 50, 25)   vdiff=  1.0390E-01 ( 59, 17)
n=  2132   udiff=  8.8852E-02 ( 50, 25)   vdiff=  1.0368E-01 ( 59, 17)
n=  2133   udiff=  8.8663E-02 ( 50, 25)   vdiff=  1.0346E-01 ( 59, 17)
n=  2134   udiff=  8.8475E-02 ( 50, 25)   vdiff=  1.0325E-01 ( 59, 17)
n=  2135   udiff=  8.8287E-02 ( 50, 25)   vdiff=  1.0303E-01 ( 59, 17)
n=  2136   udiff=  8.8100E-02 ( 50, 25)   vdiff=  1.0281E-01 ( 59, 17)
n=  2137   udiff=  8.7912E-02 ( 50, 25)   vdiff=  1.0259E-01 ( 59, 17)
n=  2138   udiff=  8.7725E-02 ( 50, 25)   vdiff=  1.0238E-01 ( 59, 17)
n=  2139   udiff=  8.7539E-02 ( 50, 25)   vdiff=  1.0216E-01 ( 59, 17)
n=  2140   udiff=  8.7352E-02 ( 50, 25)   vdiff=  1.0194E-01 ( 59, 17)
n=  2141   udiff=  8.7166E-02 ( 50, 25)   vdiff=  1.0173E-01 ( 59, 17)
n=  2142   udiff=  8.6980E-02 ( 50, 25)   vdiff=  1.0151E-01 ( 59, 17)
n=  2143   udiff=  8.6794E-02 ( 50, 25)   vdiff=  1.0130E-01 ( 59, 17)
n=  2144   udiff=  8.6609E-02 ( 50, 25)   vdiff=  1.0108E-01 ( 59, 17)
n=  2145   udiff=  8.6424E-02 ( 50, 25)   vdiff=  1.0087E-01 ( 59, 17)
n=  2146   udiff=  8.6239E-02 ( 50, 25)   vdiff=  1.0067E-01 ( 59, 18)
n=  2147   udiff=  8.6055E-02 ( 50, 25)   vdiff=  1.0047E-01 ( 59, 18)
n=  2148   udiff=  8.5871E-02 ( 50, 25)   vdiff=  1.0027E-01 ( 59, 18)
n=  2149   udiff=  8.5687E-02 ( 50, 25)   vdiff=  1.0007E-01 ( 59, 18)
n=  2150   udiff=  8.5503E-02 ( 50, 25)   vdiff=  9.9874E-02 ( 59, 18)
n=  2151   udiff=  8.5320E-02 ( 50, 25)   vdiff=  9.9677E-02 ( 59, 18)
n=  2152   udiff=  8.5137E-02 ( 50, 25)   vdiff=  9.9480E-02 ( 59, 18)
n=  2153   udiff=  8.4954E-02 ( 50, 25)   vdiff=  9.9283E-02 ( 59, 18)
n=  2154   udiff=  8.4772E-02 ( 50, 25)   vdiff=  9.9087E-02 ( 59, 18)
n=  2155   udiff=  8.4590E-02 ( 50, 25)   vdiff=  9.8891E-02 ( 59, 18)
n=  2156   udiff=  8.4408E-02 ( 50, 25)   vdiff=  9.8695E-02 ( 59, 18)
n=  2157   udiff=  8.4226E-02 ( 50, 25)   vdiff=  9.8500E-02 ( 59, 18)
n=  2158   udiff=  8.4045E-02 ( 50, 25)   vdiff=  9.8305E-02 ( 59, 18)
n=  2159   udiff=  8.3864E-02 ( 50, 25)   vdiff=  9.8110E-02 ( 59, 18)
n=  2160   udiff=  8.3683E-02 ( 50, 25)   vdiff=  9.7916E-02 ( 59, 18)
n=  2161   udiff=  8.3503E-02 ( 50, 25)   vdiff=  9.7722E-02 ( 59, 18)
n=  2162   udiff=  8.3323E-02 ( 50, 25)   vdiff=  9.7528E-02 ( 59, 18)
n=  2163   udiff=  8.3143E-02 ( 50, 25)   vdiff=  9.7335E-02 ( 59, 18)
n=  2164   udiff=  8.2963E-02 ( 50, 25)   vdiff=  9.7142E-02 ( 59, 18)
n=  2165   udiff=  8.2784E-02 ( 50, 25)   vdiff=  9.6949E-02 ( 59, 18)
n=  2166   udiff=  8.2605E-02 ( 50, 25)   vdiff=  9.6757E-02 ( 59, 18)
n=  2167   udiff=  8.2426E-02 ( 50, 25)   vdiff=  9.6566E-02 ( 59, 18)
n=  2168   udiff=  8.2248E-02 ( 50, 25)   vdiff=  9.6374E-02 ( 59, 18)
n=  2169   udiff=  8.2070E-02 ( 50, 25)   vdiff=  9.6183E-02 ( 59, 18)
n=  2170   udiff=  8.1892E-02 ( 50, 25)   vdiff=  9.5992E-02 ( 59, 18)
n=  2171   udiff=  8.1714E-02 ( 50, 25)   vdiff=  9.5801E-02 ( 59, 18)
n=  2172   udiff=  8.1537E-02 ( 50, 25)   vdiff=  9.5611E-02 ( 59, 18)
n=  2173   udiff=  8.1360E-02 ( 50, 25)   vdiff=  9.5421E-02 ( 59, 18)
n=  2174   udiff=  8.1183E-02 ( 50, 25)   vdiff=  9.5231E-02 ( 59, 18)
n=  2175   udiff=  8.1007E-02 ( 50, 25)   vdiff=  9.5042E-02 ( 59, 18)
n=  2176   udiff=  8.0831E-02 ( 50, 25)   vdiff=  9.4853E-02 ( 59, 18)
n=  2177   udiff=  8.0655E-02 ( 50, 25)   vdiff=  9.4665E-02 ( 59, 18)
n=  2178   udiff=  8.0479E-02 ( 50, 25)   vdiff=  9.4477E-02 ( 59, 18)
n=  2179   udiff=  8.0304E-02 ( 50, 25)   vdiff=  9.4288E-02 ( 59, 18)
n=  2180   udiff=  8.0129E-02 ( 50, 25)   vdiff=  9.4101E-02 ( 59, 18)
n=  2181   udiff=  7.9954E-02 ( 50, 25)   vdiff=  9.3914E-02 ( 59, 18)
n=  2182   udiff=  7.9779E-02 ( 50, 25)   vdiff=  9.3727E-02 ( 59, 18)
n=  2183   udiff=  7.9605E-02 ( 50, 25)   vdiff=  9.3540E-02 ( 59, 18)
n=  2184   udiff=  7.9431E-02 ( 50, 25)   vdiff=  9.3354E-02 ( 59, 18)
n=  2185   udiff=  7.9257E-02 ( 50, 25)   vdiff=  9.3168E-02 ( 59, 18)
n=  2186   udiff=  7.9084E-02 ( 50, 25)   vdiff=  9.2982E-02 ( 59, 18)
n=  2187   udiff=  7.8911E-02 ( 50, 25)   vdiff=  9.2797E-02 ( 59, 18)
n=  2188   udiff=  7.8738E-02 ( 50, 25)   vdiff=  9.2612E-02 ( 59, 18)
n=  2189   udiff=  7.8565E-02 ( 50, 25)   vdiff=  9.2428E-02 ( 59, 18)
n=  2190   udiff=  7.8393E-02 ( 50, 25)   vdiff=  9.2244E-02 ( 59, 18)
n=  2191   udiff=  7.8221E-02 ( 50, 25)   vdiff=  9.2059E-02 ( 59, 18)
n=  2192   udiff=  7.8049E-02 ( 50, 25)   vdiff=  9.1875E-02 ( 59, 18)
n=  2193   udiff=  7.7878E-02 ( 50, 25)   vdiff=  9.1693E-02 ( 59, 18)
n=  2194   udiff=  7.7707E-02 ( 50, 25)   vdiff=  9.1510E-02 ( 59, 18)
n=  2195   udiff=  7.7541E-02 ( 52, 24)   vdiff=  9.1327E-02 ( 59, 18)
n=  2196   udiff=  7.7381E-02 ( 52, 24)   vdiff=  9.1144E-02 ( 59, 18)
n=  2197   udiff=  7.7221E-02 ( 52, 24)   vdiff=  9.0963E-02 ( 59, 18)
n=  2198   udiff=  7.7062E-02 ( 52, 24)   vdiff=  9.0781E-02 ( 59, 18)
n=  2199   udiff=  7.6902E-02 ( 52, 24)   vdiff=  9.0599E-02 ( 59, 18)
n=  2200   udiff=  7.6743E-02 ( 52, 24)   vdiff=  9.0418E-02 ( 59, 18)
n=  2201   udiff=  7.6584E-02 ( 52, 24)   vdiff=  9.0238E-02 ( 59, 18)
n=  2202   udiff=  7.6426E-02 ( 52, 24)   vdiff=  9.0057E-02 ( 59, 18)
n=  2203   udiff=  7.6267E-02 ( 52, 24)   vdiff=  8.9877E-02 ( 59, 18)
n=  2204   udiff=  7.6109E-02 ( 52, 24)   vdiff=  8.9697E-02 ( 59, 18)
n=  2205   udiff=  7.5951E-02 ( 52, 24)   vdiff=  8.9518E-02 ( 59, 18)
n=  2206   udiff=  7.5793E-02 ( 52, 24)   vdiff=  8.9339E-02 ( 59, 18)
n=  2207   udiff=  7.5636E-02 ( 52, 24)   vdiff=  8.9160E-02 ( 59, 18)
n=  2208   udiff=  7.5479E-02 ( 52, 24)   vdiff=  8.8982E-02 ( 59, 18)
n=  2209   udiff=  7.5322E-02 ( 52, 24)   vdiff=  8.8803E-02 ( 59, 18)
n=  2210   udiff=  7.5165E-02 ( 52, 24)   vdiff=  8.8625E-02 ( 59, 18)
n=  2211   udiff=  7.5009E-02 ( 52, 24)   vdiff=  8.8448E-02 ( 59, 18)
n=  2212   udiff=  7.4853E-02 ( 52, 24)   vdiff=  8.8270E-02 ( 59, 18)
n=  2213   udiff=  7.4697E-02 ( 52, 24)   vdiff=  8.8093E-02 ( 59, 18)
n=  2214   udiff=  7.4541E-02 ( 52, 24)   vdiff=  8.7917E-02 ( 59, 18)
n=  2215   udiff=  7.4385E-02 ( 52, 24)   vdiff=  8.7740E-02 ( 59, 18)
n=  2216   udiff=  7.4230E-02 ( 52, 24)   vdiff=  8.7565E-02 ( 59, 18)
n=  2217   udiff=  7.4075E-02 ( 52, 24)   vdiff=  8.7389E-02 ( 59, 18)
n=  2218   udiff=  7.3921E-02 ( 52, 24)   vdiff=  8.7213E-02 ( 59, 18)
n=  2219   udiff=  7.3766E-02 ( 52, 24)   vdiff=  8.7039E-02 ( 59, 18)
n=  2220   udiff=  7.3612E-02 ( 52, 24)   vdiff=  8.6864E-02 ( 59, 18)
n=  2221   udiff=  7.3458E-02 ( 52, 24)   vdiff=  8.6689E-02 ( 59, 18)
n=  2222   udiff=  7.3304E-02 ( 52, 24)   vdiff=  8.6515E-02 ( 59, 18)
n=  2223   udiff=  7.3150E-02 ( 52, 24)   vdiff=  8.6341E-02 ( 59, 18)
n=  2224   udiff=  7.2997E-02 ( 52, 24)   vdiff=  8.6168E-02 ( 59, 18)
n=  2225   udiff=  7.2844E-02 ( 52, 24)   vdiff=  8.5994E-02 ( 59, 18)
n=  2226   udiff=  7.2691E-02 ( 52, 24)   vdiff=  8.5821E-02 ( 59, 18)
n=  2227   udiff=  7.2539E-02 ( 52, 24)   vdiff=  8.5649E-02 ( 59, 18)
n=  2228   udiff=  7.2386E-02 ( 52, 24)   vdiff=  8.5477E-02 ( 59, 18)
n=  2229   udiff=  7.2234E-02 ( 52, 24)   vdiff=  8.5305E-02 ( 59, 18)
n=  2230   udiff=  7.2083E-02 ( 52, 24)   vdiff=  8.5133E-02 ( 59, 18)
n=  2231   udiff=  7.1931E-02 ( 52, 24)   vdiff=  8.4962E-02 ( 59, 18)
n=  2232   udiff=  7.1780E-02 ( 52, 24)   vdiff=  8.4791E-02 ( 59, 18)
n=  2233   udiff=  7.1628E-02 ( 52, 24)   vdiff=  8.4620E-02 ( 59, 18)
n=  2234   udiff=  7.1478E-02 ( 52, 24)   vdiff=  8.4449E-02 ( 59, 18)
n=  2235   udiff=  7.1327E-02 ( 52, 24)   vdiff=  8.4280E-02 ( 59, 18)
n=  2236   udiff=  7.1177E-02 ( 52, 24)   vdiff=  8.4109E-02 ( 59, 18)
n=  2237   udiff=  7.1026E-02 ( 52, 24)   vdiff=  8.3939E-02 ( 59, 18)
n=  2238   udiff=  7.0876E-02 ( 52, 24)   vdiff=  8.3770E-02 ( 59, 18)
n=  2239   udiff=  7.0727E-02 ( 52, 24)   vdiff=  8.3602E-02 ( 59, 18)
n=  2240   udiff=  7.0577E-02 ( 52, 24)   vdiff=  8.3433E-02 ( 59, 18)
n=  2241   udiff=  7.0428E-02 ( 52, 24)   vdiff=  8.3264E-02 ( 59, 18)
n=  2242   udiff=  7.0279E-02 ( 52, 24)   vdiff=  8.3096E-02 ( 59, 18)
n=  2243   udiff=  7.0130E-02 ( 52, 24)   vdiff=  8.2928E-02 ( 59, 18)
n=  2244   udiff=  6.9982E-02 ( 52, 24)   vdiff=  8.2761E-02 ( 59, 18)
n=  2245   udiff=  6.9834E-02 ( 52, 24)   vdiff=  8.2594E-02 ( 59, 18)
n=  2246   udiff=  6.9686E-02 ( 52, 24)   vdiff=  8.2427E-02 ( 59, 18)
n=  2247   udiff=  6.9538E-02 ( 52, 24)   vdiff=  8.2261E-02 ( 59, 18)
n=  2248   udiff=  6.9390E-02 ( 52, 24)   vdiff=  8.2094E-02 ( 59, 18)
n=  2249   udiff=  6.9243E-02 ( 52, 24)   vdiff=  8.1928E-02 ( 59, 18)
n=  2250   udiff=  6.9096E-02 ( 52, 24)   vdiff=  8.1762E-02 ( 59, 18)
n=  2251   udiff=  6.8949E-02 ( 52, 24)   vdiff=  8.1597E-02 ( 59, 18)
n=  2252   udiff=  6.8803E-02 ( 52, 24)   vdiff=  8.1432E-02 ( 59, 18)
n=  2253   udiff=  6.8656E-02 ( 52, 24)   vdiff=  8.1267E-02 ( 59, 18)
n=  2254   udiff=  6.8510E-02 ( 52, 24)   vdiff=  8.1103E-02 ( 59, 18)
n=  2255   udiff=  6.8364E-02 ( 52, 24)   vdiff=  8.0939E-02 ( 59, 18)
n=  2256   udiff=  6.8218E-02 ( 52, 24)   vdiff=  8.0775E-02 ( 59, 18)
n=  2257   udiff=  6.8073E-02 ( 52, 24)   vdiff=  8.0611E-02 ( 59, 18)
n=  2258   udiff=  6.7928E-02 ( 52, 24)   vdiff=  8.0448E-02 ( 59, 18)
n=  2259   udiff=  6.7783E-02 ( 52, 24)   vdiff=  8.0285E-02 ( 59, 18)
n=  2260   udiff=  6.7638E-02 ( 52, 24)   vdiff=  8.0122E-02 ( 59, 18)
n=  2261   udiff=  6.7494E-02 ( 52, 24)   vdiff=  7.9960E-02 ( 59, 18)
n=  2262   udiff=  6.7349E-02 ( 52, 24)   vdiff=  7.9797E-02 ( 59, 18)
n=  2263   udiff=  6.7205E-02 ( 52, 24)   vdiff=  7.9635E-02 ( 59, 18)
n=  2264   udiff=  6.7062E-02 ( 52, 24)   vdiff=  7.9474E-02 ( 59, 18)
n=  2265   udiff=  6.6918E-02 ( 52, 24)   vdiff=  7.9312E-02 ( 59, 18)
n=  2266   udiff=  6.6775E-02 ( 52, 24)   vdiff=  7.9151E-02 ( 59, 18)
n=  2267   udiff=  6.6632E-02 ( 52, 24)   vdiff=  7.8990E-02 ( 59, 18)
n=  2268   udiff=  6.6489E-02 ( 52, 24)   vdiff=  7.8830E-02 ( 59, 18)
n=  2269   udiff=  6.6346E-02 ( 52, 24)   vdiff=  7.8670E-02 ( 59, 18)
n=  2270   udiff=  6.6204E-02 ( 52, 24)   vdiff=  7.8510E-02 ( 59, 18)
n=  2271   udiff=  6.6062E-02 ( 52, 24)   vdiff=  7.8350E-02 ( 59, 18)
n=  2272   udiff=  6.5920E-02 ( 52, 24)   vdiff=  7.8191E-02 ( 59, 18)
n=  2273   udiff=  6.5778E-02 ( 52, 24)   vdiff=  7.8032E-02 ( 59, 18)
n=  2274   udiff=  6.5636E-02 ( 52, 24)   vdiff=  7.7873E-02 ( 59, 18)
n=  2275   udiff=  6.5495E-02 ( 52, 24)   vdiff=  7.7714E-02 ( 59, 18)
n=  2276   udiff=  6.5354E-02 ( 52, 24)   vdiff=  7.7556E-02 ( 59, 18)
n=  2277   udiff=  6.5213E-02 ( 52, 24)   vdiff=  7.7398E-02 ( 59, 18)
n=  2278   udiff=  6.5073E-02 ( 52, 24)   vdiff=  7.7241E-02 ( 59, 18)
n=  2279   udiff=  6.4932E-02 ( 52, 24)   vdiff=  7.7083E-02 ( 59, 18)
n=  2280   udiff=  6.4798E-02 ( 53, 24)   vdiff=  7.6926E-02 ( 59, 18)
n=  2281   udiff=  6.4666E-02 ( 53, 24)   vdiff=  7.6769E-02 ( 59, 18)
n=  2282   udiff=  6.4534E-02 ( 53, 24)   vdiff=  7.6613E-02 ( 59, 18)
n=  2283   udiff=  6.4402E-02 ( 53, 24)   vdiff=  7.6457E-02 ( 59, 18)
n=  2284   udiff=  6.4271E-02 ( 53, 24)   vdiff=  7.6301E-02 ( 59, 18)
n=  2285   udiff=  6.4139E-02 ( 53, 24)   vdiff=  7.6145E-02 ( 59, 18)
n=  2286   udiff=  6.4008E-02 ( 53, 24)   vdiff=  7.5990E-02 ( 59, 18)
n=  2287   udiff=  6.3877E-02 ( 53, 24)   vdiff=  7.5834E-02 ( 59, 18)
n=  2288   udiff=  6.3746E-02 ( 53, 24)   vdiff=  7.5679E-02 ( 59, 18)
n=  2289   udiff=  6.3616E-02 ( 53, 24)   vdiff=  7.5525E-02 ( 59, 18)
n=  2290   udiff=  6.3485E-02 ( 53, 24)   vdiff=  7.5371E-02 ( 59, 18)
n=  2291   udiff=  6.3355E-02 ( 53, 24)   vdiff=  7.5216E-02 ( 59, 18)
n=  2292   udiff=  6.3225E-02 ( 53, 24)   vdiff=  7.5062E-02 ( 59, 18)
n=  2293   udiff=  6.3095E-02 ( 53, 24)   vdiff=  7.4909E-02 ( 59, 18)
n=  2294   udiff=  6.2965E-02 ( 53, 24)   vdiff=  7.4756E-02 ( 59, 18)
n=  2295   udiff=  6.2836E-02 ( 53, 24)   vdiff=  7.4603E-02 ( 59, 18)
n=  2296   udiff=  6.2707E-02 ( 53, 24)   vdiff=  7.4450E-02 ( 59, 18)
n=  2297   udiff=  6.2578E-02 ( 53, 24)   vdiff=  7.4298E-02 ( 59, 18)
n=  2298   udiff=  6.2449E-02 ( 53, 24)   vdiff=  7.4146E-02 ( 59, 18)
n=  2299   udiff=  6.2320E-02 ( 53, 24)   vdiff=  7.3994E-02 ( 59, 18)
n=  2300   udiff=  6.2192E-02 ( 53, 24)   vdiff=  7.3842E-02 ( 59, 18)
n=  2301   udiff=  6.2063E-02 ( 53, 24)   vdiff=  7.3690E-02 ( 59, 18)
n=  2302   udiff=  6.1935E-02 ( 53, 24)   vdiff=  7.3539E-02 ( 59, 18)
n=  2303   udiff=  6.1807E-02 ( 53, 24)   vdiff=  7.3388E-02 ( 59, 18)
n=  2304   udiff=  6.1679E-02 ( 53, 24)   vdiff=  7.3238E-02 ( 59, 18)
n=  2305   udiff=  6.1552E-02 ( 53, 24)   vdiff=  7.3088E-02 ( 59, 18)
n=  2306   udiff=  6.1424E-02 ( 53, 24)   vdiff=  7.2938E-02 ( 59, 18)
n=  2307   udiff=  6.1297E-02 ( 53, 24)   vdiff=  7.2788E-02 ( 59, 18)
n=  2308   udiff=  6.1170E-02 ( 53, 24)   vdiff=  7.2638E-02 ( 59, 18)
n=  2309   udiff=  6.1043E-02 ( 53, 24)   vdiff=  7.2489E-02 ( 59, 18)
n=  2310   udiff=  6.0917E-02 ( 53, 24)   vdiff=  7.2340E-02 ( 59, 18)
n=  2311   udiff=  6.0790E-02 ( 53, 24)   vdiff=  7.2192E-02 ( 59, 18)
n=  2312   udiff=  6.0664E-02 ( 53, 24)   vdiff=  7.2044E-02 ( 59, 18)
n=  2313   udiff=  6.0538E-02 ( 53, 24)   vdiff=  7.1895E-02 ( 59, 18)
n=  2314   udiff=  6.0412E-02 ( 53, 24)   vdiff=  7.1747E-02 ( 59, 18)
n=  2315   udiff=  6.0286E-02 ( 53, 24)   vdiff=  7.1599E-02 ( 59, 18)
n=  2316   udiff=  6.0161E-02 ( 53, 24)   vdiff=  7.1452E-02 ( 59, 18)
n=  2317   udiff=  6.0036E-02 ( 53, 24)   vdiff=  7.1305E-02 ( 59, 18)
n=  2318   udiff=  5.9911E-02 ( 53, 24)   vdiff=  7.1158E-02 ( 59, 18)
n=  2319   udiff=  5.9786E-02 ( 53, 24)   vdiff=  7.1011E-02 ( 59, 18)
n=  2320   udiff=  5.9661E-02 ( 53, 24)   vdiff=  7.0865E-02 ( 59, 18)
n=  2321   udiff=  5.9536E-02 ( 53, 24)   vdiff=  7.0719E-02 ( 59, 18)
n=  2322   udiff=  5.9412E-02 ( 53, 24)   vdiff=  7.0573E-02 ( 59, 18)
n=  2323   udiff=  5.9288E-02 ( 53, 24)   vdiff=  7.0428E-02 ( 59, 18)
n=  2324   udiff=  5.9164E-02 ( 53, 24)   vdiff=  7.0282E-02 ( 59, 18)
n=  2325   udiff=  5.9040E-02 ( 53, 24)   vdiff=  7.0137E-02 ( 59, 18)
n=  2326   udiff=  5.8916E-02 ( 53, 24)   vdiff=  6.9993E-02 ( 59, 18)
n=  2327   udiff=  5.8793E-02 ( 53, 24)   vdiff=  6.9848E-02 ( 59, 18)
n=  2328   udiff=  5.8669E-02 ( 53, 24)   vdiff=  6.9703E-02 ( 59, 18)
n=  2329   udiff=  5.8546E-02 ( 53, 24)   vdiff=  6.9559E-02 ( 59, 18)
n=  2330   udiff=  5.8424E-02 ( 53, 24)   vdiff=  6.9416E-02 ( 59, 18)
n=  2331   udiff=  5.8301E-02 ( 53, 24)   vdiff=  6.9272E-02 ( 59, 18)
n=  2332   udiff=  5.8178E-02 ( 53, 24)   vdiff=  6.9128E-02 ( 59, 18)
n=  2333   udiff=  5.8056E-02 ( 53, 24)   vdiff=  6.8986E-02 ( 59, 18)
n=  2334   udiff=  5.7934E-02 ( 53, 24)   vdiff=  6.8843E-02 ( 59, 18)
n=  2335   udiff=  5.7812E-02 ( 53, 24)   vdiff=  6.8700E-02 ( 59, 18)
n=  2336   udiff=  5.7690E-02 ( 53, 24)   vdiff=  6.8558E-02 ( 59, 18)
n=  2337   udiff=  5.7569E-02 ( 53, 24)   vdiff=  6.8416E-02 ( 59, 18)
n=  2338   udiff=  5.7447E-02 ( 53, 24)   vdiff=  6.8274E-02 ( 59, 18)
n=  2339   udiff=  5.7326E-02 ( 53, 24)   vdiff=  6.8133E-02 ( 59, 18)
n=  2340   udiff=  5.7205E-02 ( 53, 24)   vdiff=  6.7991E-02 ( 59, 18)
n=  2341   udiff=  5.7084E-02 ( 53, 24)   vdiff=  6.7850E-02 ( 59, 18)
n=  2342   udiff=  5.6963E-02 ( 53, 24)   vdiff=  6.7710E-02 ( 59, 18)
n=  2343   udiff=  5.6843E-02 ( 53, 24)   vdiff=  6.7569E-02 ( 59, 18)
n=  2344   udiff=  5.6723E-02 ( 53, 24)   vdiff=  6.7429E-02 ( 59, 18)
n=  2345   udiff=  5.6602E-02 ( 53, 24)   vdiff=  6.7289E-02 ( 59, 18)
n=  2346   udiff=  5.6482E-02 ( 53, 24)   vdiff=  6.7149E-02 ( 59, 18)
n=  2347   udiff=  5.6363E-02 ( 53, 24)   vdiff=  6.7009E-02 ( 59, 18)
n=  2348   udiff=  5.6243E-02 ( 53, 24)   vdiff=  6.6870E-02 ( 59, 18)
n=  2349   udiff=  5.6124E-02 ( 53, 24)   vdiff=  6.6731E-02 ( 59, 18)
n=  2350   udiff=  5.6004E-02 ( 53, 24)   vdiff=  6.6592E-02 ( 59, 18)
n=  2351   udiff=  5.5885E-02 ( 53, 24)   vdiff=  6.6454E-02 ( 59, 18)
n=  2352   udiff=  5.5767E-02 ( 53, 24)   vdiff=  6.6315E-02 ( 59, 18)
n=  2353   udiff=  5.5648E-02 ( 53, 24)   vdiff=  6.6177E-02 ( 59, 18)
n=  2354   udiff=  5.5529E-02 ( 53, 24)   vdiff=  6.6039E-02 ( 59, 18)
n=  2355   udiff=  5.5411E-02 ( 53, 24)   vdiff=  6.5902E-02 ( 59, 18)
n=  2356   udiff=  5.5293E-02 ( 53, 24)   vdiff=  6.5764E-02 ( 59, 18)
n=  2357   udiff=  5.5175E-02 ( 53, 24)   vdiff=  6.5627E-02 ( 59, 18)
n=  2358   udiff=  5.5057E-02 ( 53, 24)   vdiff=  6.5490E-02 ( 59, 18)
n=  2359   udiff=  5.4940E-02 ( 53, 24)   vdiff=  6.5354E-02 ( 59, 18)
n=  2360   udiff=  5.4822E-02 ( 53, 24)   vdiff=  6.5217E-02 ( 59, 18)
n=  2361   udiff=  5.4705E-02 ( 53, 24)   vdiff=  6.5081E-02 ( 59, 18)
n=  2362   udiff=  5.4588E-02 ( 53, 24)   vdiff=  6.4945E-02 ( 59, 18)
n=  2363   udiff=  5.4471E-02 ( 53, 24)   vdiff=  6.4810E-02 ( 59, 18)
n=  2364   udiff=  5.4354E-02 ( 53, 24)   vdiff=  6.4674E-02 ( 59, 18)
n=  2365   udiff=  5.4238E-02 ( 53, 24)   vdiff=  6.4539E-02 ( 59, 18)
n=  2366   udiff=  5.4122E-02 ( 53, 24)   vdiff=  6.4404E-02 ( 59, 18)
n=  2367   udiff=  5.4006E-02 ( 53, 24)   vdiff=  6.4269E-02 ( 59, 18)
n=  2368   udiff=  5.3889E-02 ( 53, 24)   vdiff=  6.4134E-02 ( 59, 18)
n=  2369   udiff=  5.3774E-02 ( 53, 24)   vdiff=  6.4000E-02 ( 59, 18)
n=  2370   udiff=  5.3658E-02 ( 53, 24)   vdiff=  6.3866E-02 ( 59, 18)
n=  2371   udiff=  5.3543E-02 ( 53, 24)   vdiff=  6.3732E-02 ( 59, 18)
n=  2372   udiff=  5.3427E-02 ( 53, 24)   vdiff=  6.3599E-02 ( 59, 18)
n=  2373   udiff=  5.3312E-02 ( 53, 24)   vdiff=  6.3465E-02 ( 59, 18)
n=  2374   udiff=  5.3197E-02 ( 53, 24)   vdiff=  6.3332E-02 ( 59, 18)
n=  2375   udiff=  5.3083E-02 ( 53, 24)   vdiff=  6.3199E-02 ( 59, 18)
n=  2376   udiff=  5.2968E-02 ( 53, 24)   vdiff=  6.3067E-02 ( 59, 18)
n=  2377   udiff=  5.2854E-02 ( 53, 24)   vdiff=  6.2934E-02 ( 59, 18)
n=  2378   udiff=  5.2740E-02 ( 53, 24)   vdiff=  6.2802E-02 ( 59, 18)
n=  2379   udiff=  5.2626E-02 ( 53, 24)   vdiff=  6.2670E-02 ( 59, 18)
n=  2380   udiff=  5.2512E-02 ( 53, 24)   vdiff=  6.2538E-02 ( 59, 18)
n=  2381   udiff=  5.2398E-02 ( 53, 24)   vdiff=  6.2407E-02 ( 59, 18)
n=  2382   udiff=  5.2285E-02 ( 53, 24)   vdiff=  6.2276E-02 ( 59, 18)
n=  2383   udiff=  5.2171E-02 ( 53, 24)   vdiff=  6.2145E-02 ( 59, 18)
n=  2384   udiff=  5.2058E-02 ( 53, 24)   vdiff=  6.2013E-02 ( 59, 18)
n=  2385   udiff=  5.1945E-02 ( 53, 24)   vdiff=  6.1883E-02 ( 59, 18)
n=  2386   udiff=  5.1832E-02 ( 53, 24)   vdiff=  6.1753E-02 ( 59, 18)
n=  2387   udiff=  5.1720E-02 ( 53, 24)   vdiff=  6.1623E-02 ( 59, 18)
n=  2388   udiff=  5.1607E-02 ( 53, 24)   vdiff=  6.1493E-02 ( 59, 18)
n=  2389   udiff=  5.1495E-02 ( 53, 24)   vdiff=  6.1363E-02 ( 59, 18)
n=  2390   udiff=  5.1383E-02 ( 53, 24)   vdiff=  6.1234E-02 ( 59, 18)
n=  2391   udiff=  5.1271E-02 ( 53, 24)   vdiff=  6.1105E-02 ( 59, 18)
n=  2392   udiff=  5.1159E-02 ( 53, 24)   vdiff=  6.0975E-02 ( 59, 18)
n=  2393   udiff=  5.1048E-02 ( 53, 24)   vdiff=  6.0846E-02 ( 59, 18)
n=  2394   udiff=  5.0936E-02 ( 53, 24)   vdiff=  6.0718E-02 ( 59, 18)
n=  2395   udiff=  5.0825E-02 ( 53, 24)   vdiff=  6.0590E-02 ( 59, 18)
n=  2396   udiff=  5.0714E-02 ( 53, 24)   vdiff=  6.0462E-02 ( 59, 18)
n=  2397   udiff=  5.0603E-02 ( 53, 24)   vdiff=  6.0334E-02 ( 59, 18)
n=  2398   udiff=  5.0492E-02 ( 53, 24)   vdiff=  6.0206E-02 ( 59, 18)
n=  2399   udiff=  5.0382E-02 ( 53, 24)   vdiff=  6.0078E-02 ( 59, 18)
n=  2400   udiff=  5.0271E-02 ( 53, 24)   vdiff=  5.9951E-02 ( 59, 18)
n=  2401   udiff=  5.0161E-02 ( 53, 24)   vdiff=  5.9825E-02 ( 59, 18)
n=  2402   udiff=  5.0051E-02 ( 53, 24)   vdiff=  5.9698E-02 ( 59, 18)
n=  2403   udiff=  4.9941E-02 ( 53, 24)   vdiff=  5.9571E-02 ( 59, 18)
n=  2404   udiff=  4.9832E-02 ( 53, 24)   vdiff=  5.9445E-02 ( 59, 18)
n=  2405   udiff=  4.9722E-02 ( 53, 24)   vdiff=  5.9319E-02 ( 59, 18)
n=  2406   udiff=  4.9613E-02 ( 53, 24)   vdiff=  5.9192E-02 ( 59, 18)
n=  2407   udiff=  4.9504E-02 ( 53, 24)   vdiff=  5.9067E-02 ( 59, 18)
n=  2408   udiff=  4.9395E-02 ( 53, 24)   vdiff=  5.8941E-02 ( 59, 18)
n=  2409   udiff=  4.9286E-02 ( 53, 24)   vdiff=  5.8816E-02 ( 59, 18)
n=  2410   udiff=  4.9177E-02 ( 53, 24)   vdiff=  5.8691E-02 ( 59, 18)
n=  2411   udiff=  4.9069E-02 ( 53, 24)   vdiff=  5.8566E-02 ( 59, 18)
n=  2412   udiff=  4.8961E-02 ( 53, 24)   vdiff=  5.8442E-02 ( 59, 18)
n=  2413   udiff=  4.8852E-02 ( 53, 24)   vdiff=  5.8317E-02 ( 59, 18)
n=  2414   udiff=  4.8744E-02 ( 53, 24)   vdiff=  5.8194E-02 ( 59, 18)
n=  2415   udiff=  4.8637E-02 ( 53, 24)   vdiff=  5.8069E-02 ( 59, 18)
n=  2416   udiff=  4.8529E-02 ( 53, 24)   vdiff=  5.7945E-02 ( 59, 18)
n=  2417   udiff=  4.8422E-02 ( 53, 24)   vdiff=  5.7822E-02 ( 59, 18)
n=  2418   udiff=  4.8314E-02 ( 53, 24)   vdiff=  5.7699E-02 ( 59, 18)
n=  2419   udiff=  4.8207E-02 ( 53, 24)   vdiff=  5.7575E-02 ( 59, 18)
n=  2420   udiff=  4.8100E-02 ( 53, 24)   vdiff=  5.7453E-02 ( 59, 18)
n=  2421   udiff=  4.7993E-02 ( 53, 24)   vdiff=  5.7330E-02 ( 59, 18)
n=  2422   udiff=  4.7887E-02 ( 53, 24)   vdiff=  5.7207E-02 ( 59, 18)
n=  2423   udiff=  4.7780E-02 ( 53, 24)   vdiff=  5.7085E-02 ( 59, 18)
n=  2424   udiff=  4.7674E-02 ( 53, 24)   vdiff=  5.6964E-02 ( 59, 18)
n=  2425   udiff=  4.7568E-02 ( 53, 24)   vdiff=  5.6841E-02 ( 59, 18)
n=  2426   udiff=  4.7462E-02 ( 53, 24)   vdiff=  5.6719E-02 ( 59, 18)
n=  2427   udiff=  4.7356E-02 ( 53, 24)   vdiff=  5.6598E-02 ( 59, 18)
n=  2428   udiff=  4.7251E-02 ( 53, 24)   vdiff=  5.6477E-02 ( 59, 18)
n=  2429   udiff=  4.7145E-02 ( 53, 24)   vdiff=  5.6356E-02 ( 59, 18)
n=  2430   udiff=  4.7040E-02 ( 53, 24)   vdiff=  5.6235E-02 ( 59, 18)
n=  2431   udiff=  4.6935E-02 ( 53, 24)   vdiff=  5.6115E-02 ( 59, 18)
n=  2432   udiff=  4.6830E-02 ( 53, 24)   vdiff=  5.5994E-02 ( 59, 18)
n=  2433   udiff=  4.6725E-02 ( 53, 24)   vdiff=  5.5874E-02 ( 59, 18)
n=  2434   udiff=  4.6620E-02 ( 53, 24)   vdiff=  5.5754E-02 ( 59, 18)
n=  2435   udiff=  4.6516E-02 ( 53, 24)   vdiff=  5.5634E-02 ( 59, 18)
n=  2436   udiff=  4.6412E-02 ( 53, 24)   vdiff=  5.5514E-02 ( 59, 18)
n=  2437   udiff=  4.6308E-02 ( 53, 24)   vdiff=  5.5395E-02 ( 59, 18)
n=  2438   udiff=  4.6204E-02 ( 53, 24)   vdiff=  5.5276E-02 ( 59, 18)
n=  2439   udiff=  4.6100E-02 ( 53, 24)   vdiff=  5.5157E-02 ( 59, 18)
n=  2440   udiff=  4.5996E-02 ( 53, 24)   vdiff=  5.5039E-02 ( 59, 18)
n=  2441   udiff=  4.5893E-02 ( 53, 24)   vdiff=  5.4920E-02 ( 59, 18)
n=  2442   udiff=  4.5789E-02 ( 53, 24)   vdiff=  5.4801E-02 ( 59, 18)
n=  2443   udiff=  4.5686E-02 ( 53, 24)   vdiff=  5.4683E-02 ( 59, 18)
n=  2444   udiff=  4.5583E-02 ( 53, 24)   vdiff=  5.4565E-02 ( 59, 18)
n=  2445   udiff=  4.5480E-02 ( 53, 24)   vdiff=  5.4447E-02 ( 59, 18)
n=  2446   udiff=  4.5378E-02 ( 53, 24)   vdiff=  5.4330E-02 ( 59, 18)
n=  2447   udiff=  4.5275E-02 ( 53, 24)   vdiff=  5.4213E-02 ( 59, 18)
n=  2448   udiff=  4.5173E-02 ( 53, 24)   vdiff=  5.4095E-02 ( 59, 18)
n=  2449   udiff=  4.5071E-02 ( 53, 24)   vdiff=  5.3979E-02 ( 59, 18)
n=  2450   udiff=  4.4969E-02 ( 53, 24)   vdiff=  5.3862E-02 ( 59, 18)
n=  2451   udiff=  4.4867E-02 ( 53, 24)   vdiff=  5.3746E-02 ( 59, 18)
n=  2452   udiff=  4.4765E-02 ( 53, 24)   vdiff=  5.3629E-02 ( 59, 18)
n=  2453   udiff=  4.4664E-02 ( 53, 24)   vdiff=  5.3513E-02 ( 59, 18)
n=  2454   udiff=  4.4563E-02 ( 53, 24)   vdiff=  5.3397E-02 ( 59, 18)
n=  2455   udiff=  4.4461E-02 ( 53, 24)   vdiff=  5.3281E-02 ( 59, 18)
n=  2456   udiff=  4.4360E-02 ( 53, 24)   vdiff=  5.3166E-02 ( 59, 18)
n=  2457   udiff=  4.4260E-02 ( 53, 24)   vdiff=  5.3051E-02 ( 59, 18)
n=  2458   udiff=  4.4159E-02 ( 53, 24)   vdiff=  5.2935E-02 ( 59, 18)
n=  2459   udiff=  4.4058E-02 ( 53, 24)   vdiff=  5.2820E-02 ( 59, 18)
n=  2460   udiff=  4.3958E-02 ( 53, 24)   vdiff=  5.2705E-02 ( 59, 18)
n=  2461   udiff=  4.3858E-02 ( 53, 24)   vdiff=  5.2591E-02 ( 59, 18)
n=  2462   udiff=  4.3758E-02 ( 53, 24)   vdiff=  5.2477E-02 ( 59, 18)
n=  2463   udiff=  4.3658E-02 ( 53, 24)   vdiff=  5.2362E-02 ( 59, 18)
n=  2464   udiff=  4.3558E-02 ( 53, 24)   vdiff=  5.2249E-02 ( 59, 18)
n=  2465   udiff=  4.3458E-02 ( 53, 24)   vdiff=  5.2134E-02 ( 59, 18)
n=  2466   udiff=  4.3359E-02 ( 53, 24)   vdiff=  5.2021E-02 ( 59, 18)
n=  2467   udiff=  4.3260E-02 ( 53, 24)   vdiff=  5.1908E-02 ( 59, 18)
n=  2468   udiff=  4.3161E-02 ( 53, 24)   vdiff=  5.1794E-02 ( 59, 18)
n=  2469   udiff=  4.3062E-02 ( 53, 24)   vdiff=  5.1681E-02 ( 59, 18)
n=  2470   udiff=  4.2963E-02 ( 53, 24)   vdiff=  5.1569E-02 ( 59, 18)
n=  2471   udiff=  4.2864E-02 ( 53, 24)   vdiff=  5.1456E-02 ( 59, 18)
n=  2472   udiff=  4.2766E-02 ( 53, 24)   vdiff=  5.1343E-02 ( 59, 18)
n=  2473   udiff=  4.2668E-02 ( 53, 24)   vdiff=  5.1231E-02 ( 59, 18)
n=  2474   udiff=  4.2569E-02 ( 53, 24)   vdiff=  5.1119E-02 ( 59, 18)
n=  2475   udiff=  4.2471E-02 ( 53, 24)   vdiff=  5.1007E-02 ( 59, 18)
n=  2476   udiff=  4.2374E-02 ( 53, 24)   vdiff=  5.0896E-02 ( 59, 18)
n=  2477   udiff=  4.2276E-02 ( 53, 24)   vdiff=  5.0784E-02 ( 59, 18)
n=  2478   udiff=  4.2178E-02 ( 53, 24)   vdiff=  5.0673E-02 ( 59, 18)
n=  2479   udiff=  4.2081E-02 ( 53, 24)   vdiff=  5.0562E-02 ( 59, 18)
n=  2480   udiff=  4.1984E-02 ( 53, 24)   vdiff=  5.0451E-02 ( 59, 18)
n=  2481   udiff=  4.1887E-02 ( 53, 24)   vdiff=  5.0340E-02 ( 59, 18)
n=  2482   udiff=  4.1790E-02 ( 53, 24)   vdiff=  5.0229E-02 ( 59, 18)
n=  2483   udiff=  4.1693E-02 ( 53, 24)   vdiff=  5.0119E-02 ( 59, 18)
n=  2484   udiff=  4.1597E-02 ( 53, 24)   vdiff=  5.0009E-02 ( 59, 18)
n=  2485   udiff=  4.1500E-02 ( 53, 24)   vdiff=  4.9899E-02 ( 59, 18)
n=  2486   udiff=  4.1404E-02 ( 53, 24)   vdiff=  4.9789E-02 ( 59, 18)
n=  2487   udiff=  4.1308E-02 ( 53, 24)   vdiff=  4.9679E-02 ( 59, 18)
n=  2488   udiff=  4.1212E-02 ( 53, 24)   vdiff=  4.9570E-02 ( 59, 18)
n=  2489   udiff=  4.1116E-02 ( 53, 24)   vdiff=  4.9461E-02 ( 59, 18)
n=  2490   udiff=  4.1020E-02 ( 53, 24)   vdiff=  4.9352E-02 ( 59, 18)
n=  2491   udiff=  4.0925E-02 ( 53, 24)   vdiff=  4.9243E-02 ( 59, 18)
n=  2492   udiff=  4.0830E-02 ( 53, 24)   vdiff=  4.9134E-02 ( 59, 18)
n=  2493   udiff=  4.0734E-02 ( 53, 24)   vdiff=  4.9025E-02 ( 59, 18)
n=  2494   udiff=  4.0639E-02 ( 53, 24)   vdiff=  4.8917E-02 ( 59, 18)
n=  2495   udiff=  4.0544E-02 ( 53, 24)   vdiff=  4.8809E-02 ( 59, 18)
n=  2496   udiff=  4.0450E-02 ( 53, 24)   vdiff=  4.8701E-02 ( 59, 18)
n=  2497   udiff=  4.0355E-02 ( 53, 24)   vdiff=  4.8593E-02 ( 59, 18)
n=  2498   udiff=  4.0261E-02 ( 53, 24)   vdiff=  4.8485E-02 ( 59, 18)
n=  2499   udiff=  4.0166E-02 ( 53, 24)   vdiff=  4.8378E-02 ( 59, 18)
n=  2500   udiff=  4.0072E-02 ( 53, 24)   vdiff=  4.8271E-02 ( 59, 18)
n=  2501   udiff=  3.9978E-02 ( 53, 24)   vdiff=  4.8164E-02 ( 59, 18)
n=  2502   udiff=  3.9885E-02 ( 53, 24)   vdiff=  4.8057E-02 ( 59, 18)
n=  2503   udiff=  3.9791E-02 ( 53, 24)   vdiff=  4.7950E-02 ( 59, 18)
n=  2504   udiff=  3.9697E-02 ( 53, 24)   vdiff=  4.7843E-02 ( 59, 18)
n=  2505   udiff=  3.9604E-02 ( 53, 24)   vdiff=  4.7737E-02 ( 59, 18)
n=  2506   udiff=  3.9511E-02 ( 53, 24)   vdiff=  4.7631E-02 ( 59, 18)
n=  2507   udiff=  3.9418E-02 ( 53, 24)   vdiff=  4.7525E-02 ( 59, 18)
n=  2508   udiff=  3.9325E-02 ( 53, 24)   vdiff=  4.7419E-02 ( 59, 18)
n=  2509   udiff=  3.9232E-02 ( 53, 24)   vdiff=  4.7314E-02 ( 59, 18)
n=  2510   udiff=  3.9140E-02 ( 53, 24)   vdiff=  4.7208E-02 ( 59, 18)
n=  2511   udiff=  3.9047E-02 ( 53, 24)   vdiff=  4.7102E-02 ( 59, 18)
n=  2512   udiff=  3.8955E-02 ( 53, 24)   vdiff=  4.6998E-02 ( 59, 18)
n=  2513   udiff=  3.8863E-02 ( 53, 24)   vdiff=  4.6892E-02 ( 59, 18)
n=  2514   udiff=  3.8771E-02 ( 53, 24)   vdiff=  4.6787E-02 ( 59, 18)
n=  2515   udiff=  3.8679E-02 ( 53, 24)   vdiff=  4.6683E-02 ( 59, 18)
n=  2516   udiff=  3.8587E-02 ( 53, 24)   vdiff=  4.6579E-02 ( 59, 18)
n=  2517   udiff=  3.8496E-02 ( 53, 24)   vdiff=  4.6474E-02 ( 59, 18)
n=  2518   udiff=  3.8404E-02 ( 53, 24)   vdiff=  4.6370E-02 ( 59, 18)
n=  2519   udiff=  3.8313E-02 ( 53, 24)   vdiff=  4.6266E-02 ( 59, 18)
n=  2520   udiff=  3.8222E-02 ( 53, 24)   vdiff=  4.6163E-02 ( 59, 18)
n=  2521   udiff=  3.8131E-02 ( 53, 24)   vdiff=  4.6059E-02 ( 59, 18)
n=  2522   udiff=  3.8040E-02 ( 53, 24)   vdiff=  4.5956E-02 ( 59, 18)
n=  2523   udiff=  3.7949E-02 ( 53, 24)   vdiff=  4.5853E-02 ( 59, 18)
n=  2524   udiff=  3.7859E-02 ( 54, 24)   vdiff=  4.5749E-02 ( 59, 18)
n=  2525   udiff=  3.7773E-02 ( 54, 24)   vdiff=  4.5647E-02 ( 59, 18)
n=  2526   udiff=  3.7688E-02 ( 54, 24)   vdiff=  4.5544E-02 ( 59, 18)
n=  2527   udiff=  3.7603E-02 ( 54, 24)   vdiff=  4.5441E-02 ( 59, 18)
n=  2528   udiff=  3.7517E-02 ( 54, 24)   vdiff=  4.5339E-02 ( 59, 18)
n=  2529   udiff=  3.7432E-02 ( 54, 24)   vdiff=  4.5237E-02 ( 59, 18)
n=  2530   udiff=  3.7347E-02 ( 54, 24)   vdiff=  4.5135E-02 ( 59, 18)
n=  2531   udiff=  3.7262E-02 ( 54, 24)   vdiff=  4.5033E-02 ( 59, 18)
n=  2532   udiff=  3.7178E-02 ( 54, 24)   vdiff=  4.4931E-02 ( 59, 18)
n=  2533   udiff=  3.7093E-02 ( 54, 24)   vdiff=  4.4829E-02 ( 59, 18)
n=  2534   udiff=  3.7009E-02 ( 54, 24)   vdiff=  4.4728E-02 ( 59, 18)
n=  2535   udiff=  3.6924E-02 ( 54, 24)   vdiff=  4.4627E-02 ( 59, 18)
n=  2536   udiff=  3.6840E-02 ( 54, 24)   vdiff=  4.4526E-02 ( 59, 18)
n=  2537   udiff=  3.6756E-02 ( 54, 24)   vdiff=  4.4425E-02 ( 59, 18)
n=  2538   udiff=  3.6672E-02 ( 54, 24)   vdiff=  4.4325E-02 ( 59, 18)
n=  2539   udiff=  3.6588E-02 ( 54, 24)   vdiff=  4.4224E-02 ( 59, 18)
n=  2540   udiff=  3.6504E-02 ( 54, 24)   vdiff=  4.4123E-02 ( 59, 18)
n=  2541   udiff=  3.6421E-02 ( 54, 24)   vdiff=  4.4023E-02 ( 59, 18)
n=  2542   udiff=  3.6337E-02 ( 54, 24)   vdiff=  4.3923E-02 ( 59, 18)
n=  2543   udiff=  3.6254E-02 ( 54, 24)   vdiff=  4.3823E-02 ( 59, 18)
n=  2544   udiff=  3.6171E-02 ( 54, 24)   vdiff=  4.3724E-02 ( 59, 18)
n=  2545   udiff=  3.6087E-02 ( 54, 24)   vdiff=  4.3624E-02 ( 59, 18)
n=  2546   udiff=  3.6005E-02 ( 54, 24)   vdiff=  4.3525E-02 ( 59, 18)
n=  2547   udiff=  3.5922E-02 ( 54, 24)   vdiff=  4.3425E-02 ( 59, 18)
n=  2548   udiff=  3.5839E-02 ( 54, 24)   vdiff=  4.3327E-02 ( 59, 18)
n=  2549   udiff=  3.5756E-02 ( 54, 24)   vdiff=  4.3228E-02 ( 59, 18)
n=  2550   udiff=  3.5674E-02 ( 54, 24)   vdiff=  4.3129E-02 ( 59, 18)
n=  2551   udiff=  3.5592E-02 ( 54, 24)   vdiff=  4.3030E-02 ( 59, 18)
n=  2552   udiff=  3.5509E-02 ( 54, 24)   vdiff=  4.2932E-02 ( 59, 18)
n=  2553   udiff=  3.5427E-02 ( 54, 24)   vdiff=  4.2834E-02 ( 59, 18)
n=  2554   udiff=  3.5345E-02 ( 54, 24)   vdiff=  4.2736E-02 ( 59, 18)
n=  2555   udiff=  3.5263E-02 ( 54, 24)   vdiff=  4.2638E-02 ( 59, 18)
n=  2556   udiff=  3.5182E-02 ( 54, 24)   vdiff=  4.2540E-02 ( 59, 18)
n=  2557   udiff=  3.5100E-02 ( 54, 24)   vdiff=  4.2442E-02 ( 59, 18)
n=  2558   udiff=  3.5019E-02 ( 54, 24)   vdiff=  4.2345E-02 ( 59, 18)
n=  2559   udiff=  3.4937E-02 ( 54, 24)   vdiff=  4.2248E-02 ( 59, 18)
n=  2560   udiff=  3.4856E-02 ( 54, 24)   vdiff=  4.2151E-02 ( 59, 18)
n=  2561   udiff=  3.4775E-02 ( 54, 24)   vdiff=  4.2054E-02 ( 59, 18)
n=  2562   udiff=  3.4694E-02 ( 54, 24)   vdiff=  4.1957E-02 ( 59, 18)
n=  2563   udiff=  3.4613E-02 ( 54, 24)   vdiff=  4.1860E-02 ( 59, 18)
n=  2564   udiff=  3.4532E-02 ( 54, 24)   vdiff=  4.1764E-02 ( 59, 18)
n=  2565   udiff=  3.4452E-02 ( 54, 24)   vdiff=  4.1668E-02 ( 59, 18)
n=  2566   udiff=  3.4371E-02 ( 54, 24)   vdiff=  4.1571E-02 ( 59, 18)
n=  2567   udiff=  3.4291E-02 ( 54, 24)   vdiff=  4.1476E-02 ( 59, 18)
n=  2568   udiff=  3.4211E-02 ( 54, 24)   vdiff=  4.1380E-02 ( 59, 18)
n=  2569   udiff=  3.4131E-02 ( 54, 24)   vdiff=  4.1284E-02 ( 59, 18)
n=  2570   udiff=  3.4051E-02 ( 54, 24)   vdiff=  4.1188E-02 ( 59, 18)
n=  2571   udiff=  3.3971E-02 ( 54, 24)   vdiff=  4.1093E-02 ( 59, 18)
n=  2572   udiff=  3.3891E-02 ( 54, 24)   vdiff=  4.0998E-02 ( 59, 18)
n=  2573   udiff=  3.3811E-02 ( 54, 24)   vdiff=  4.0903E-02 ( 59, 18)
n=  2574   udiff=  3.3732E-02 ( 54, 24)   vdiff=  4.0808E-02 ( 59, 18)
n=  2575   udiff=  3.3652E-02 ( 54, 24)   vdiff=  4.0713E-02 ( 59, 18)
n=  2576   udiff=  3.3573E-02 ( 54, 24)   vdiff=  4.0619E-02 ( 59, 18)
n=  2577   udiff=  3.3494E-02 ( 54, 24)   vdiff=  4.0524E-02 ( 59, 18)
n=  2578   udiff=  3.3415E-02 ( 54, 24)   vdiff=  4.0430E-02 ( 59, 18)
n=  2579   udiff=  3.3336E-02 ( 54, 24)   vdiff=  4.0336E-02 ( 59, 18)
n=  2580   udiff=  3.3257E-02 ( 54, 24)   vdiff=  4.0242E-02 ( 59, 18)
n=  2581   udiff=  3.3179E-02 ( 54, 24)   vdiff=  4.0148E-02 ( 59, 18)
n=  2582   udiff=  3.3100E-02 ( 54, 24)   vdiff=  4.0054E-02 ( 59, 18)
n=  2583   udiff=  3.3022E-02 ( 54, 24)   vdiff=  3.9961E-02 ( 59, 18)
n=  2584   udiff=  3.2944E-02 ( 54, 24)   vdiff=  3.9867E-02 ( 59, 18)
n=  2585   udiff=  3.2865E-02 ( 54, 24)   vdiff=  3.9774E-02 ( 59, 18)
n=  2586   udiff=  3.2787E-02 ( 54, 24)   vdiff=  3.9681E-02 ( 59, 18)
n=  2587   udiff=  3.2710E-02 ( 54, 24)   vdiff=  3.9588E-02 ( 59, 18)
n=  2588   udiff=  3.2632E-02 ( 54, 24)   vdiff=  3.9496E-02 ( 59, 18)
n=  2589   udiff=  3.2554E-02 ( 54, 24)   vdiff=  3.9403E-02 ( 59, 18)
n=  2590   udiff=  3.2476E-02 ( 54, 24)   vdiff=  3.9310E-02 ( 59, 18)
n=  2591   udiff=  3.2399E-02 ( 54, 24)   vdiff=  3.9218E-02 ( 59, 18)
n=  2592   udiff=  3.2322E-02 ( 54, 24)   vdiff=  3.9126E-02 ( 59, 18)
n=  2593   udiff=  3.2245E-02 ( 54, 24)   vdiff=  3.9034E-02 ( 59, 18)
n=  2594   udiff=  3.2167E-02 ( 54, 24)   vdiff=  3.8942E-02 ( 59, 18)
n=  2595   udiff=  3.2090E-02 ( 54, 24)   vdiff=  3.8850E-02 ( 59, 18)
n=  2596   udiff=  3.2014E-02 ( 54, 24)   vdiff=  3.8759E-02 ( 59, 18)
n=  2597   udiff=  3.1937E-02 ( 54, 24)   vdiff=  3.8668E-02 ( 59, 18)
n=  2598   udiff=  3.1860E-02 ( 54, 24)   vdiff=  3.8577E-02 ( 59, 18)
n=  2599   udiff=  3.1784E-02 ( 54, 24)   vdiff=  3.8485E-02 ( 59, 18)
n=  2600   udiff=  3.1708E-02 ( 54, 24)   vdiff=  3.8394E-02 ( 59, 18)
n=  2601   udiff=  3.1631E-02 ( 54, 24)   vdiff=  3.8303E-02 ( 59, 18)
n=  2602   udiff=  3.1555E-02 ( 54, 24)   vdiff=  3.8213E-02 ( 59, 18)
n=  2603   udiff=  3.1479E-02 ( 54, 24)   vdiff=  3.8123E-02 ( 59, 18)
n=  2604   udiff=  3.1403E-02 ( 54, 24)   vdiff=  3.8032E-02 ( 59, 18)
n=  2605   udiff=  3.1327E-02 ( 54, 24)   vdiff=  3.7942E-02 ( 59, 18)
n=  2606   udiff=  3.1252E-02 ( 54, 24)   vdiff=  3.7852E-02 ( 59, 18)
n=  2607   udiff=  3.1176E-02 ( 54, 24)   vdiff=  3.7761E-02 ( 59, 18)
n=  2608   udiff=  3.1101E-02 ( 54, 24)   vdiff=  3.7672E-02 ( 59, 18)
n=  2609   udiff=  3.1026E-02 ( 54, 24)   vdiff=  3.7582E-02 ( 59, 18)
n=  2610   udiff=  3.0950E-02 ( 54, 24)   vdiff=  3.7493E-02 ( 59, 18)
n=  2611   udiff=  3.0875E-02 ( 54, 24)   vdiff=  3.7403E-02 ( 59, 18)
n=  2612   udiff=  3.0800E-02 ( 54, 24)   vdiff=  3.7314E-02 ( 59, 18)
n=  2613   udiff=  3.0726E-02 ( 54, 24)   vdiff=  3.7225E-02 ( 59, 18)
n=  2614   udiff=  3.0651E-02 ( 54, 24)   vdiff=  3.7136E-02 ( 59, 18)
n=  2615   udiff=  3.0576E-02 ( 54, 24)   vdiff=  3.7048E-02 ( 59, 18)
n=  2616   udiff=  3.0502E-02 ( 54, 24)   vdiff=  3.6959E-02 ( 59, 18)
n=  2617   udiff=  3.0427E-02 ( 54, 24)   vdiff=  3.6871E-02 ( 59, 18)
n=  2618   udiff=  3.0353E-02 ( 54, 24)   vdiff=  3.6782E-02 ( 59, 18)
n=  2619   udiff=  3.0279E-02 ( 54, 24)   vdiff=  3.6694E-02 ( 59, 18)
n=  2620   udiff=  3.0205E-02 ( 54, 24)   vdiff=  3.6606E-02 ( 59, 18)
n=  2621   udiff=  3.0131E-02 ( 54, 24)   vdiff=  3.6518E-02 ( 59, 18)
n=  2622   udiff=  3.0057E-02 ( 54, 24)   vdiff=  3.6430E-02 ( 59, 18)
n=  2623   udiff=  2.9984E-02 ( 54, 24)   vdiff=  3.6342E-02 ( 59, 18)
n=  2624   udiff=  2.9910E-02 ( 54, 24)   vdiff=  3.6255E-02 ( 59, 18)
n=  2625   udiff=  2.9837E-02 ( 54, 24)   vdiff=  3.6167E-02 ( 59, 18)
n=  2626   udiff=  2.9763E-02 ( 54, 24)   vdiff=  3.6081E-02 ( 59, 18)
n=  2627   udiff=  2.9690E-02 ( 54, 24)   vdiff=  3.5993E-02 ( 59, 18)
n=  2628   udiff=  2.9617E-02 ( 54, 24)   vdiff=  3.5906E-02 ( 59, 18)
n=  2629   udiff=  2.9544E-02 ( 54, 24)   vdiff=  3.5820E-02 ( 59, 18)
n=  2630   udiff=  2.9471E-02 ( 54, 24)   vdiff=  3.5733E-02 ( 59, 18)
n=  2631   udiff=  2.9399E-02 ( 54, 24)   vdiff=  3.5646E-02 ( 59, 18)
n=  2632   udiff=  2.9326E-02 ( 54, 24)   vdiff=  3.5560E-02 ( 59, 18)
n=  2633   udiff=  2.9254E-02 ( 54, 24)   vdiff=  3.5474E-02 ( 59, 18)
n=  2634   udiff=  2.9181E-02 ( 54, 24)   vdiff=  3.5388E-02 ( 59, 18)
n=  2635   udiff=  2.9109E-02 ( 54, 24)   vdiff=  3.5302E-02 ( 59, 18)
n=  2636   udiff=  2.9037E-02 ( 54, 24)   vdiff=  3.5216E-02 ( 59, 18)
n=  2637   udiff=  2.8965E-02 ( 54, 24)   vdiff=  3.5131E-02 ( 59, 18)
n=  2638   udiff=  2.8893E-02 ( 54, 24)   vdiff=  3.5045E-02 ( 59, 18)
n=  2639   udiff=  2.8821E-02 ( 54, 24)   vdiff=  3.4960E-02 ( 59, 18)
n=  2640   udiff=  2.8749E-02 ( 54, 24)   vdiff=  3.4874E-02 ( 59, 18)
n=  2641   udiff=  2.8678E-02 ( 54, 24)   vdiff=  3.4789E-02 ( 59, 18)
n=  2642   udiff=  2.8606E-02 ( 54, 24)   vdiff=  3.4704E-02 ( 59, 18)
n=  2643   udiff=  2.8535E-02 ( 54, 24)   vdiff=  3.4619E-02 ( 59, 18)
n=  2644   udiff=  2.8464E-02 ( 54, 24)   vdiff=  3.4535E-02 ( 59, 18)
n=  2645   udiff=  2.8392E-02 ( 54, 24)   vdiff=  3.4450E-02 ( 59, 18)
n=  2646   udiff=  2.8321E-02 ( 54, 24)   vdiff=  3.4366E-02 ( 59, 18)
n=  2647   udiff=  2.8250E-02 ( 54, 24)   vdiff=  3.4281E-02 ( 59, 18)
n=  2648   udiff=  2.8180E-02 ( 54, 24)   vdiff=  3.4197E-02 ( 59, 18)
n=  2649   udiff=  2.8109E-02 ( 54, 24)   vdiff=  3.4113E-02 ( 59, 18)
n=  2650   udiff=  2.8038E-02 ( 54, 24)   vdiff=  3.4029E-02 ( 59, 18)
n=  2651   udiff=  2.7968E-02 ( 54, 24)   vdiff=  3.3945E-02 ( 59, 18)
n=  2652   udiff=  2.7898E-02 ( 54, 24)   vdiff=  3.3862E-02 ( 59, 18)
n=  2653   udiff=  2.7827E-02 ( 54, 24)   vdiff=  3.3778E-02 ( 59, 18)
n=  2654   udiff=  2.7757E-02 ( 54, 24)   vdiff=  3.3695E-02 ( 59, 18)
n=  2655   udiff=  2.7687E-02 ( 54, 24)   vdiff=  3.3612E-02 ( 59, 18)
n=  2656   udiff=  2.7617E-02 ( 54, 24)   vdiff=  3.3529E-02 ( 59, 18)
n=  2657   udiff=  2.7548E-02 ( 54, 24)   vdiff=  3.3446E-02 ( 59, 18)
n=  2658   udiff=  2.7478E-02 ( 54, 24)   vdiff=  3.3363E-02 ( 59, 18)
n=  2659   udiff=  2.7408E-02 ( 54, 24)   vdiff=  3.3280E-02 ( 59, 18)
n=  2660   udiff=  2.7339E-02 ( 54, 24)   vdiff=  3.3198E-02 ( 59, 18)
n=  2661   udiff=  2.7270E-02 ( 54, 24)   vdiff=  3.3115E-02 ( 59, 18)
n=  2662   udiff=  2.7200E-02 ( 54, 24)   vdiff=  3.3033E-02 ( 59, 18)
n=  2663   udiff=  2.7131E-02 ( 54, 24)   vdiff=  3.2951E-02 ( 59, 18)
n=  2664   udiff=  2.7062E-02 ( 54, 24)   vdiff=  3.2869E-02 ( 59, 18)
n=  2665   udiff=  2.6993E-02 ( 54, 24)   vdiff=  3.2787E-02 ( 59, 18)
n=  2666   udiff=  2.6925E-02 ( 54, 24)   vdiff=  3.2705E-02 ( 59, 18)
n=  2667   udiff=  2.6856E-02 ( 54, 24)   vdiff=  3.2624E-02 ( 59, 18)
n=  2668   udiff=  2.6787E-02 ( 54, 24)   vdiff=  3.2542E-02 ( 59, 18)
n=  2669   udiff=  2.6719E-02 ( 54, 24)   vdiff=  3.2461E-02 ( 59, 18)
n=  2670   udiff=  2.6651E-02 ( 54, 24)   vdiff=  3.2379E-02 ( 59, 18)
n=  2671   udiff=  2.6582E-02 ( 54, 24)   vdiff=  3.2298E-02 ( 59, 18)
n=  2672   udiff=  2.6514E-02 ( 54, 24)   vdiff=  3.2217E-02 ( 59, 18)
n=  2673   udiff=  2.6446E-02 ( 54, 24)   vdiff=  3.2136E-02 ( 59, 18)
n=  2674   udiff=  2.6378E-02 ( 54, 24)   vdiff=  3.2056E-02 ( 59, 18)
n=  2675   udiff=  2.6311E-02 ( 54, 24)   vdiff=  3.1975E-02 ( 59, 18)
n=  2676   udiff=  2.6243E-02 ( 54, 24)   vdiff=  3.1895E-02 ( 59, 18)
n=  2677   udiff=  2.6175E-02 ( 54, 24)   vdiff=  3.1814E-02 ( 59, 18)
n=  2678   udiff=  2.6108E-02 ( 54, 24)   vdiff=  3.1734E-02 ( 59, 18)
n=  2679   udiff=  2.6041E-02 ( 54, 24)   vdiff=  3.1654E-02 ( 59, 18)
n=  2680   udiff=  2.5973E-02 ( 54, 24)   vdiff=  3.1574E-02 ( 59, 18)
n=  2681   udiff=  2.5906E-02 ( 54, 24)   vdiff=  3.1494E-02 ( 59, 18)
n=  2682   udiff=  2.5839E-02 ( 54, 24)   vdiff=  3.1415E-02 ( 59, 18)
n=  2683   udiff=  2.5772E-02 ( 54, 24)   vdiff=  3.1335E-02 ( 59, 18)
n=  2684   udiff=  2.5706E-02 ( 54, 24)   vdiff=  3.1256E-02 ( 59, 18)
n=  2685   udiff=  2.5639E-02 ( 54, 24)   vdiff=  3.1176E-02 ( 59, 18)
n=  2686   udiff=  2.5572E-02 ( 54, 24)   vdiff=  3.1097E-02 ( 59, 18)
n=  2687   udiff=  2.5506E-02 ( 54, 24)   vdiff=  3.1018E-02 ( 59, 18)
n=  2688   udiff=  2.5440E-02 ( 54, 24)   vdiff=  3.0939E-02 ( 59, 18)
n=  2689   udiff=  2.5373E-02 ( 54, 24)   vdiff=  3.0860E-02 ( 59, 18)
n=  2690   udiff=  2.5307E-02 ( 54, 24)   vdiff=  3.0781E-02 ( 59, 18)
n=  2691   udiff=  2.5241E-02 ( 54, 24)   vdiff=  3.0703E-02 ( 59, 18)
n=  2692   udiff=  2.5175E-02 ( 54, 24)   vdiff=  3.0625E-02 ( 59, 18)
n=  2693   udiff=  2.5109E-02 ( 54, 24)   vdiff=  3.0546E-02 ( 59, 18)
n=  2694   udiff=  2.5044E-02 ( 54, 24)   vdiff=  3.0469E-02 ( 59, 18)
n=  2695   udiff=  2.4978E-02 ( 54, 24)   vdiff=  3.0390E-02 ( 59, 18)
n=  2696   udiff=  2.4913E-02 ( 54, 24)   vdiff=  3.0313E-02 ( 59, 18)
n=  2697   udiff=  2.4847E-02 ( 54, 24)   vdiff=  3.0235E-02 ( 59, 18)
n=  2698   udiff=  2.4782E-02 ( 54, 24)   vdiff=  3.0157E-02 ( 59, 18)
n=  2699   udiff=  2.4717E-02 ( 54, 24)   vdiff=  3.0079E-02 ( 59, 18)
n=  2700   udiff=  2.4652E-02 ( 54, 24)   vdiff=  3.0002E-02 ( 59, 18)
n=  2701   udiff=  2.4587E-02 ( 54, 24)   vdiff=  2.9925E-02 ( 59, 18)
n=  2702   udiff=  2.4522E-02 ( 54, 24)   vdiff=  2.9847E-02 ( 59, 18)
n=  2703   udiff=  2.4457E-02 ( 54, 24)   vdiff=  2.9770E-02 ( 59, 18)
n=  2704   udiff=  2.4392E-02 ( 54, 24)   vdiff=  2.9694E-02 ( 59, 18)
n=  2705   udiff=  2.4328E-02 ( 54, 24)   vdiff=  2.9617E-02 ( 59, 18)
n=  2706   udiff=  2.4263E-02 ( 54, 24)   vdiff=  2.9540E-02 ( 59, 18)
n=  2707   udiff=  2.4199E-02 ( 54, 24)   vdiff=  2.9463E-02 ( 59, 18)
n=  2708   udiff=  2.4135E-02 ( 54, 24)   vdiff=  2.9387E-02 ( 59, 18)
n=  2709   udiff=  2.4071E-02 ( 54, 24)   vdiff=  2.9310E-02 ( 59, 18)
n=  2710   udiff=  2.4007E-02 ( 54, 24)   vdiff=  2.9235E-02 ( 59, 18)
n=  2711   udiff=  2.3943E-02 ( 54, 24)   vdiff=  2.9158E-02 ( 59, 18)
n=  2712   udiff=  2.3879E-02 ( 54, 24)   vdiff=  2.9083E-02 ( 59, 18)
n=  2713   udiff=  2.3816E-02 ( 54, 24)   vdiff=  2.9007E-02 ( 59, 18)
n=  2714   udiff=  2.3752E-02 ( 54, 24)   vdiff=  2.8931E-02 ( 59, 18)
n=  2715   udiff=  2.3688E-02 ( 54, 24)   vdiff=  2.8855E-02 ( 59, 18)
n=  2716   udiff=  2.3625E-02 ( 54, 24)   vdiff=  2.8780E-02 ( 59, 18)
n=  2717   udiff=  2.3562E-02 ( 54, 24)   vdiff=  2.8705E-02 ( 59, 18)
n=  2718   udiff=  2.3499E-02 ( 54, 24)   vdiff=  2.8630E-02 ( 59, 18)
n=  2719   udiff=  2.3436E-02 ( 54, 24)   vdiff=  2.8554E-02 ( 59, 18)
n=  2720   udiff=  2.3373E-02 ( 54, 24)   vdiff=  2.8479E-02 ( 59, 18)
n=  2721   udiff=  2.3310E-02 ( 54, 24)   vdiff=  2.8405E-02 ( 59, 18)
n=  2722   udiff=  2.3247E-02 ( 54, 24)   vdiff=  2.8330E-02 ( 59, 18)
n=  2723   udiff=  2.3185E-02 ( 54, 24)   vdiff=  2.8255E-02 ( 59, 18)
n=  2724   udiff=  2.3122E-02 ( 54, 24)   vdiff=  2.8180E-02 ( 59, 18)
n=  2725   udiff=  2.3060E-02 ( 54, 24)   vdiff=  2.8106E-02 ( 59, 18)
n=  2726   udiff=  2.2997E-02 ( 54, 24)   vdiff=  2.8032E-02 ( 59, 18)
n=  2727   udiff=  2.2935E-02 ( 54, 24)   vdiff=  2.7958E-02 ( 59, 18)
n=  2728   udiff=  2.2873E-02 ( 54, 24)   vdiff=  2.7884E-02 ( 59, 18)
n=  2729   udiff=  2.2811E-02 ( 54, 24)   vdiff=  2.7810E-02 ( 59, 18)
n=  2730   udiff=  2.2749E-02 ( 54, 24)   vdiff=  2.7736E-02 ( 59, 18)
n=  2731   udiff=  2.2687E-02 ( 54, 24)   vdiff=  2.7663E-02 ( 59, 18)
n=  2732   udiff=  2.2626E-02 ( 54, 24)   vdiff=  2.7589E-02 ( 59, 18)
n=  2733   udiff=  2.2564E-02 ( 54, 24)   vdiff=  2.7516E-02 ( 59, 18)
n=  2734   udiff=  2.2503E-02 ( 54, 24)   vdiff=  2.7442E-02 ( 59, 18)
n=  2735   udiff=  2.2441E-02 ( 54, 24)   vdiff=  2.7369E-02 ( 59, 18)
n=  2736   udiff=  2.2380E-02 ( 54, 24)   vdiff=  2.7296E-02 ( 59, 18)
n=  2737   udiff=  2.2319E-02 ( 54, 24)   vdiff=  2.7223E-02 ( 59, 18)
n=  2738   udiff=  2.2258E-02 ( 54, 24)   vdiff=  2.7150E-02 ( 59, 18)
n=  2739   udiff=  2.2197E-02 ( 54, 24)   vdiff=  2.7078E-02 ( 59, 18)
n=  2740   udiff=  2.2136E-02 ( 54, 24)   vdiff=  2.7005E-02 ( 59, 18)
n=  2741   udiff=  2.2075E-02 ( 54, 24)   vdiff=  2.6932E-02 ( 59, 18)
n=  2742   udiff=  2.2014E-02 ( 54, 24)   vdiff=  2.6860E-02 ( 59, 18)
n=  2743   udiff=  2.1954E-02 ( 54, 24)   vdiff=  2.6788E-02 ( 59, 18)
n=  2744   udiff=  2.1893E-02 ( 54, 24)   vdiff=  2.6716E-02 ( 59, 18)
n=  2745   udiff=  2.1833E-02 ( 54, 24)   vdiff=  2.6644E-02 ( 59, 18)
n=  2746   udiff=  2.1773E-02 ( 54, 24)   vdiff=  2.6572E-02 ( 59, 18)
n=  2747   udiff=  2.1713E-02 ( 54, 24)   vdiff=  2.6500E-02 ( 59, 18)
n=  2748   udiff=  2.1653E-02 ( 54, 24)   vdiff=  2.6429E-02 ( 59, 18)
n=  2749   udiff=  2.1593E-02 ( 54, 24)   vdiff=  2.6357E-02 ( 59, 18)
n=  2750   udiff=  2.1533E-02 ( 54, 24)   vdiff=  2.6285E-02 ( 59, 18)
n=  2751   udiff=  2.1473E-02 ( 54, 24)   vdiff=  2.6214E-02 ( 59, 18)
n=  2752   udiff=  2.1414E-02 ( 54, 24)   vdiff=  2.6143E-02 ( 59, 18)
n=  2753   udiff=  2.1354E-02 ( 54, 24)   vdiff=  2.6072E-02 ( 59, 18)
n=  2754   udiff=  2.1295E-02 ( 54, 24)   vdiff=  2.6001E-02 ( 59, 18)
n=  2755   udiff=  2.1235E-02 ( 54, 24)   vdiff=  2.5930E-02 ( 59, 18)
n=  2756   udiff=  2.1176E-02 ( 54, 24)   vdiff=  2.5859E-02 ( 59, 18)
n=  2757   udiff=  2.1117E-02 ( 54, 24)   vdiff=  2.5789E-02 ( 59, 18)
n=  2758   udiff=  2.1058E-02 ( 54, 24)   vdiff=  2.5719E-02 ( 59, 18)
n=  2759   udiff=  2.0999E-02 ( 54, 24)   vdiff=  2.5648E-02 ( 59, 18)
n=  2760   udiff=  2.0940E-02 ( 54, 24)   vdiff=  2.5578E-02 ( 59, 18)
n=  2761   udiff=  2.0881E-02 ( 54, 24)   vdiff=  2.5508E-02 ( 59, 18)
n=  2762   udiff=  2.0823E-02 ( 54, 24)   vdiff=  2.5438E-02 ( 59, 18)
n=  2763   udiff=  2.0764E-02 ( 54, 24)   vdiff=  2.5368E-02 ( 59, 18)
n=  2764   udiff=  2.0706E-02 ( 54, 24)   vdiff=  2.5297E-02 ( 59, 18)
n=  2765   udiff=  2.0648E-02 ( 54, 24)   vdiff=  2.5228E-02 ( 59, 18)
n=  2766   udiff=  2.0589E-02 ( 54, 24)   vdiff=  2.5159E-02 ( 59, 18)
n=  2767   udiff=  2.0531E-02 ( 54, 24)   vdiff=  2.5089E-02 ( 59, 18)
n=  2768   udiff=  2.0473E-02 ( 54, 24)   vdiff=  2.5020E-02 ( 59, 18)
n=  2769   udiff=  2.0415E-02 ( 54, 24)   vdiff=  2.4950E-02 ( 59, 18)
n=  2770   udiff=  2.0358E-02 ( 54, 24)   vdiff=  2.4881E-02 ( 59, 18)
n=  2771   udiff=  2.0300E-02 ( 54, 24)   vdiff=  2.4812E-02 ( 59, 18)
n=  2772   udiff=  2.0242E-02 ( 54, 24)   vdiff=  2.4743E-02 ( 59, 18)
n=  2773   udiff=  2.0185E-02 ( 54, 24)   vdiff=  2.4674E-02 ( 59, 18)
n=  2774   udiff=  2.0127E-02 ( 54, 24)   vdiff=  2.4606E-02 ( 59, 18)
n=  2775   udiff=  2.0070E-02 ( 54, 24)   vdiff=  2.4537E-02 ( 59, 18)
n=  2776   udiff=  2.0013E-02 ( 54, 24)   vdiff=  2.4468E-02 ( 59, 18)
n=  2777   udiff=  1.9956E-02 ( 54, 24)   vdiff=  2.4400E-02 ( 59, 18)
n=  2778   udiff=  1.9899E-02 ( 54, 24)   vdiff=  2.4332E-02 ( 59, 18)
n=  2779   udiff=  1.9842E-02 ( 54, 24)   vdiff=  2.4264E-02 ( 59, 18)
n=  2780   udiff=  1.9785E-02 ( 54, 24)   vdiff=  2.4196E-02 ( 59, 18)
n=  2781   udiff=  1.9728E-02 ( 54, 24)   vdiff=  2.4128E-02 ( 59, 18)
n=  2782   udiff=  1.9671E-02 ( 54, 24)   vdiff=  2.4060E-02 ( 59, 18)
n=  2783   udiff=  1.9615E-02 ( 54, 24)   vdiff=  2.3992E-02 ( 59, 18)
n=  2784   udiff=  1.9559E-02 ( 54, 24)   vdiff=  2.3925E-02 ( 59, 18)
n=  2785   udiff=  1.9502E-02 ( 54, 24)   vdiff=  2.3857E-02 ( 59, 18)
n=  2786   udiff=  1.9446E-02 ( 55, 24)   vdiff=  2.3789E-02 ( 59, 18)
n=  2787   udiff=  1.9394E-02 ( 55, 24)   vdiff=  2.3722E-02 ( 59, 18)
n=  2788   udiff=  1.9341E-02 ( 55, 24)   vdiff=  2.3655E-02 ( 59, 18)
n=  2789   udiff=  1.9288E-02 ( 55, 24)   vdiff=  2.3588E-02 ( 59, 18)
n=  2790   udiff=  1.9235E-02 ( 55, 24)   vdiff=  2.3521E-02 ( 59, 18)
n=  2791   udiff=  1.9183E-02 ( 55, 24)   vdiff=  2.3454E-02 ( 59, 18)
n=  2792   udiff=  1.9130E-02 ( 55, 24)   vdiff=  2.3388E-02 ( 59, 18)
n=  2793   udiff=  1.9078E-02 ( 55, 24)   vdiff=  2.3321E-02 ( 59, 18)
n=  2794   udiff=  1.9025E-02 ( 55, 24)   vdiff=  2.3255E-02 ( 59, 18)
n=  2795   udiff=  1.8973E-02 ( 55, 24)   vdiff=  2.3188E-02 ( 59, 18)
n=  2796   udiff=  1.8921E-02 ( 55, 24)   vdiff=  2.3122E-02 ( 59, 18)
n=  2797   udiff=  1.8869E-02 ( 55, 24)   vdiff=  2.3056E-02 ( 59, 18)
n=  2798   udiff=  1.8817E-02 ( 55, 24)   vdiff=  2.2990E-02 ( 59, 18)
n=  2799   udiff=  1.8765E-02 ( 55, 24)   vdiff=  2.2924E-02 ( 59, 18)
n=  2800   udiff=  1.8713E-02 ( 55, 24)   vdiff=  2.2858E-02 ( 59, 18)
n=  2801   udiff=  1.8661E-02 ( 55, 24)   vdiff=  2.2792E-02 ( 59, 18)
n=  2802   udiff=  1.8610E-02 ( 55, 24)   vdiff=  2.2727E-02 ( 59, 18)
n=  2803   udiff=  1.8558E-02 ( 55, 24)   vdiff=  2.2661E-02 ( 59, 18)
n=  2804   udiff=  1.8507E-02 ( 55, 24)   vdiff=  2.2595E-02 ( 59, 18)
n=  2805   udiff=  1.8455E-02 ( 55, 24)   vdiff=  2.2530E-02 ( 59, 18)
n=  2806   udiff=  1.8404E-02 ( 55, 24)   vdiff=  2.2465E-02 ( 59, 18)
n=  2807   udiff=  1.8353E-02 ( 55, 24)   vdiff=  2.2400E-02 ( 59, 18)
n=  2808   udiff=  1.8302E-02 ( 55, 24)   vdiff=  2.2335E-02 ( 59, 18)
n=  2809   udiff=  1.8250E-02 ( 55, 24)   vdiff=  2.2270E-02 ( 59, 18)
n=  2810   udiff=  1.8199E-02 ( 55, 24)   vdiff=  2.2205E-02 ( 59, 18)
n=  2811   udiff=  1.8149E-02 ( 55, 24)   vdiff=  2.2141E-02 ( 59, 18)
n=  2812   udiff=  1.8098E-02 ( 55, 24)   vdiff=  2.2076E-02 ( 59, 18)
n=  2813   udiff=  1.8047E-02 ( 55, 24)   vdiff=  2.2012E-02 ( 59, 18)
n=  2814   udiff=  1.7996E-02 ( 55, 24)   vdiff=  2.1947E-02 ( 59, 18)
n=  2815   udiff=  1.7946E-02 ( 55, 24)   vdiff=  2.1883E-02 ( 59, 18)
n=  2816   udiff=  1.7895E-02 ( 55, 24)   vdiff=  2.1819E-02 ( 59, 18)
n=  2817   udiff=  1.7845E-02 ( 55, 24)   vdiff=  2.1755E-02 ( 59, 18)
n=  2818   udiff=  1.7795E-02 ( 55, 24)   vdiff=  2.1691E-02 ( 59, 18)
n=  2819   udiff=  1.7745E-02 ( 55, 24)   vdiff=  2.1627E-02 ( 59, 18)
n=  2820   udiff=  1.7694E-02 ( 55, 24)   vdiff=  2.1563E-02 ( 59, 18)
n=  2821   udiff=  1.7644E-02 ( 55, 24)   vdiff=  2.1500E-02 ( 59, 18)
n=  2822   udiff=  1.7594E-02 ( 55, 24)   vdiff=  2.1436E-02 ( 59, 18)
n=  2823   udiff=  1.7545E-02 ( 55, 24)   vdiff=  2.1373E-02 ( 59, 18)
n=  2824   udiff=  1.7495E-02 ( 55, 24)   vdiff=  2.1310E-02 ( 59, 18)
n=  2825   udiff=  1.7445E-02 ( 55, 24)   vdiff=  2.1247E-02 ( 59, 18)
n=  2826   udiff=  1.7395E-02 ( 55, 24)   vdiff=  2.1184E-02 ( 59, 18)
n=  2827   udiff=  1.7346E-02 ( 55, 24)   vdiff=  2.1120E-02 ( 59, 18)
n=  2828   udiff=  1.7296E-02 ( 55, 24)   vdiff=  2.1058E-02 ( 59, 18)
n=  2829   udiff=  1.7247E-02 ( 55, 24)   vdiff=  2.0995E-02 ( 59, 18)
n=  2830   udiff=  1.7198E-02 ( 55, 24)   vdiff=  2.0932E-02 ( 59, 18)
n=  2831   udiff=  1.7148E-02 ( 55, 24)   vdiff=  2.0870E-02 ( 59, 18)
n=  2832   udiff=  1.7099E-02 ( 55, 24)   vdiff=  2.0807E-02 ( 59, 18)
n=  2833   udiff=  1.7050E-02 ( 55, 24)   vdiff=  2.0745E-02 ( 59, 18)
n=  2834   udiff=  1.7001E-02 ( 55, 24)   vdiff=  2.0683E-02 ( 59, 18)
n=  2835   udiff=  1.6952E-02 ( 55, 24)   vdiff=  2.0620E-02 ( 59, 18)
n=  2836   udiff=  1.6904E-02 ( 55, 24)   vdiff=  2.0558E-02 ( 59, 18)
n=  2837   udiff=  1.6855E-02 ( 55, 24)   vdiff=  2.0496E-02 ( 59, 18)
n=  2838   udiff=  1.6806E-02 ( 55, 24)   vdiff=  2.0434E-02 ( 59, 18)
n=  2839   udiff=  1.6758E-02 ( 55, 24)   vdiff=  2.0373E-02 ( 59, 18)
n=  2840   udiff=  1.6709E-02 ( 55, 24)   vdiff=  2.0312E-02 ( 59, 18)
n=  2841   udiff=  1.6661E-02 ( 55, 24)   vdiff=  2.0250E-02 ( 59, 18)
n=  2842   udiff=  1.6613E-02 ( 55, 24)   vdiff=  2.0188E-02 ( 59, 18)
n=  2843   udiff=  1.6564E-02 ( 55, 24)   vdiff=  2.0127E-02 ( 59, 18)
n=  2844   udiff=  1.6516E-02 ( 55, 24)   vdiff=  2.0066E-02 ( 59, 18)
n=  2845   udiff=  1.6468E-02 ( 55, 24)   vdiff=  2.0005E-02 ( 59, 18)
n=  2846   udiff=  1.6420E-02 ( 55, 24)   vdiff=  1.9944E-02 ( 59, 18)
n=  2847   udiff=  1.6372E-02 ( 55, 24)   vdiff=  1.9883E-02 ( 59, 18)
n=  2848   udiff=  1.6325E-02 ( 55, 24)   vdiff=  1.9822E-02 ( 59, 18)
n=  2849   udiff=  1.6277E-02 ( 55, 24)   vdiff=  1.9762E-02 ( 59, 18)
n=  2850   udiff=  1.6229E-02 ( 55, 24)   vdiff=  1.9701E-02 ( 59, 18)
n=  2851   udiff=  1.6182E-02 ( 55, 24)   vdiff=  1.9640E-02 ( 59, 18)
n=  2852   udiff=  1.6134E-02 ( 55, 24)   vdiff=  1.9580E-02 ( 59, 18)
n=  2853   udiff=  1.6087E-02 ( 55, 24)   vdiff=  1.9520E-02 ( 59, 18)
n=  2854   udiff=  1.6039E-02 ( 55, 24)   vdiff=  1.9459E-02 ( 59, 18)
n=  2855   udiff=  1.5992E-02 ( 55, 24)   vdiff=  1.9399E-02 ( 59, 18)
n=  2856   udiff=  1.5945E-02 ( 55, 24)   vdiff=  1.9339E-02 ( 59, 18)
n=  2857   udiff=  1.5898E-02 ( 55, 24)   vdiff=  1.9280E-02 ( 59, 18)
n=  2858   udiff=  1.5851E-02 ( 55, 24)   vdiff=  1.9220E-02 ( 59, 18)
n=  2859   udiff=  1.5804E-02 ( 55, 24)   vdiff=  1.9160E-02 ( 59, 18)
n=  2860   udiff=  1.5757E-02 ( 55, 24)   vdiff=  1.9100E-02 ( 59, 18)
n=  2861   udiff=  1.5711E-02 ( 55, 24)   vdiff=  1.9041E-02 ( 59, 18)
n=  2862   udiff=  1.5664E-02 ( 55, 24)   vdiff=  1.8981E-02 ( 59, 18)
n=  2863   udiff=  1.5617E-02 ( 55, 24)   vdiff=  1.8922E-02 ( 59, 18)
n=  2864   udiff=  1.5571E-02 ( 55, 24)   vdiff=  1.8863E-02 ( 59, 18)
n=  2865   udiff=  1.5524E-02 ( 55, 24)   vdiff=  1.8804E-02 ( 59, 18)
n=  2866   udiff=  1.5478E-02 ( 55, 24)   vdiff=  1.8745E-02 ( 59, 18)
n=  2867   udiff=  1.5432E-02 ( 55, 24)   vdiff=  1.8686E-02 ( 59, 18)
n=  2868   udiff=  1.5386E-02 ( 55, 24)   vdiff=  1.8628E-02 ( 59, 18)
n=  2869   udiff=  1.5341E-02 ( 56, 23)   vdiff=  1.8569E-02 ( 59, 18)
n=  2870   udiff=  1.5299E-02 ( 56, 23)   vdiff=  1.8510E-02 ( 59, 18)
n=  2871   udiff=  1.5258E-02 ( 56, 23)   vdiff=  1.8452E-02 ( 59, 18)
n=  2872   udiff=  1.5217E-02 ( 56, 23)   vdiff=  1.8393E-02 ( 59, 18)
n=  2873   udiff=  1.5175E-02 ( 56, 23)   vdiff=  1.8335E-02 ( 59, 18)
n=  2874   udiff=  1.5134E-02 ( 56, 23)   vdiff=  1.8277E-02 ( 59, 18)
n=  2875   udiff=  1.5093E-02 ( 56, 23)   vdiff=  1.8219E-02 ( 59, 18)
n=  2876   udiff=  1.5052E-02 ( 56, 23)   vdiff=  1.8161E-02 ( 59, 18)
n=  2877   udiff=  1.5011E-02 ( 56, 23)   vdiff=  1.8103E-02 ( 59, 18)
n=  2878   udiff=  1.4970E-02 ( 56, 23)   vdiff=  1.8045E-02 ( 59, 18)
n=  2879   udiff=  1.4930E-02 ( 56, 23)   vdiff=  1.7988E-02 ( 59, 18)
n=  2880   udiff=  1.4889E-02 ( 56, 23)   vdiff=  1.7930E-02 ( 59, 18)
n=  2881   udiff=  1.4848E-02 ( 56, 23)   vdiff=  1.7873E-02 ( 59, 18)
n=  2882   udiff=  1.4808E-02 ( 56, 23)   vdiff=  1.7815E-02 ( 59, 18)
n=  2883   udiff=  1.4767E-02 ( 56, 23)   vdiff=  1.7758E-02 ( 59, 18)
n=  2884   udiff=  1.4727E-02 ( 56, 23)   vdiff=  1.7700E-02 ( 59, 18)
n=  2885   udiff=  1.4686E-02 ( 56, 23)   vdiff=  1.7644E-02 ( 59, 18)
n=  2886   udiff=  1.4646E-02 ( 56, 23)   vdiff=  1.7586E-02 ( 59, 18)
n=  2887   udiff=  1.4606E-02 ( 56, 23)   vdiff=  1.7530E-02 ( 59, 18)
n=  2888   udiff=  1.4566E-02 ( 56, 23)   vdiff=  1.7473E-02 ( 59, 18)
n=  2889   udiff=  1.4525E-02 ( 56, 23)   vdiff=  1.7416E-02 ( 59, 18)
n=  2890   udiff=  1.4485E-02 ( 56, 23)   vdiff=  1.7360E-02 ( 59, 18)
n=  2891   udiff=  1.4445E-02 ( 56, 23)   vdiff=  1.7303E-02 ( 59, 18)
n=  2892   udiff=  1.4406E-02 ( 56, 23)   vdiff=  1.7246E-02 ( 59, 18)
n=  2893   udiff=  1.4366E-02 ( 56, 23)   vdiff=  1.7190E-02 ( 59, 18)
n=  2894   udiff=  1.4326E-02 ( 56, 23)   vdiff=  1.7135E-02 ( 59, 18)
n=  2895   udiff=  1.4286E-02 ( 56, 23)   vdiff=  1.7078E-02 ( 59, 18)
n=  2896   udiff=  1.4247E-02 ( 56, 23)   vdiff=  1.7022E-02 ( 59, 18)
n=  2897   udiff=  1.4207E-02 ( 56, 23)   vdiff=  1.6966E-02 ( 59, 18)
n=  2898   udiff=  1.4168E-02 ( 56, 23)   vdiff=  1.6910E-02 ( 59, 18)
n=  2899   udiff=  1.4128E-02 ( 56, 23)   vdiff=  1.6855E-02 ( 59, 18)
n=  2900   udiff=  1.4089E-02 ( 56, 23)   vdiff=  1.6799E-02 ( 59, 18)
n=  2901   udiff=  1.4050E-02 ( 56, 23)   vdiff=  1.6744E-02 ( 59, 18)
n=  2902   udiff=  1.4011E-02 ( 56, 23)   vdiff=  1.6688E-02 ( 59, 18)
n=  2903   udiff=  1.3971E-02 ( 56, 23)   vdiff=  1.6633E-02 ( 59, 18)
n=  2904   udiff=  1.3932E-02 ( 56, 23)   vdiff=  1.6578E-02 ( 59, 18)
n=  2905   udiff=  1.3893E-02 ( 56, 23)   vdiff=  1.6523E-02 ( 59, 18)
n=  2906   udiff=  1.3854E-02 ( 56, 23)   vdiff=  1.6468E-02 ( 59, 18)
n=  2907   udiff=  1.3816E-02 ( 56, 23)   vdiff=  1.6413E-02 ( 59, 18)
n=  2908   udiff=  1.3777E-02 ( 56, 23)   vdiff=  1.6358E-02 ( 59, 18)
n=  2909   udiff=  1.3738E-02 ( 56, 23)   vdiff=  1.6303E-02 ( 59, 18)
n=  2910   udiff=  1.3699E-02 ( 56, 23)   vdiff=  1.6248E-02 ( 59, 18)
n=  2911   udiff=  1.3661E-02 ( 56, 23)   vdiff=  1.6194E-02 ( 59, 18)
n=  2912   udiff=  1.3622E-02 ( 56, 23)   vdiff=  1.6139E-02 ( 59, 18)
n=  2913   udiff=  1.3584E-02 ( 56, 23)   vdiff=  1.6085E-02 ( 59, 18)
n=  2914   udiff=  1.3546E-02 ( 56, 23)   vdiff=  1.6031E-02 ( 59, 18)
n=  2915   udiff=  1.3507E-02 ( 56, 23)   vdiff=  1.5976E-02 ( 59, 18)
n=  2916   udiff=  1.3469E-02 ( 56, 23)   vdiff=  1.5923E-02 ( 59, 18)
n=  2917   udiff=  1.3431E-02 ( 56, 23)   vdiff=  1.5869E-02 ( 59, 18)
n=  2918   udiff=  1.3393E-02 ( 56, 23)   vdiff=  1.5815E-02 ( 59, 18)
n=  2919   udiff=  1.3355E-02 ( 56, 23)   vdiff=  1.5761E-02 ( 59, 18)
n=  2920   udiff=  1.3317E-02 ( 56, 23)   vdiff=  1.5707E-02 ( 59, 18)
n=  2921   udiff=  1.3279E-02 ( 56, 23)   vdiff=  1.5654E-02 ( 59, 18)
n=  2922   udiff=  1.3241E-02 ( 56, 23)   vdiff=  1.5600E-02 ( 59, 18)
n=  2923   udiff=  1.3203E-02 ( 56, 23)   vdiff=  1.5547E-02 ( 59, 18)
n=  2924   udiff=  1.3166E-02 ( 56, 23)   vdiff=  1.5494E-02 ( 59, 18)
n=  2925   udiff=  1.3128E-02 ( 56, 23)   vdiff=  1.5441E-02 ( 59, 18)
n=  2926   udiff=  1.3090E-02 ( 56, 23)   vdiff=  1.5387E-02 ( 59, 18)
n=  2927   udiff=  1.3053E-02 ( 56, 23)   vdiff=  1.5334E-02 ( 59, 18)
n=  2928   udiff=  1.3016E-02 ( 56, 23)   vdiff=  1.5281E-02 ( 59, 18)
n=  2929   udiff=  1.2978E-02 ( 56, 23)   vdiff=  1.5229E-02 ( 59, 18)
n=  2930   udiff=  1.2941E-02 ( 56, 23)   vdiff=  1.5176E-02 ( 59, 18)
n=  2931   udiff=  1.2904E-02 ( 56, 23)   vdiff=  1.5123E-02 ( 59, 18)
n=  2932   udiff=  1.2867E-02 ( 56, 23)   vdiff=  1.5071E-02 ( 59, 18)
n=  2933   udiff=  1.2829E-02 ( 56, 23)   vdiff=  1.5018E-02 ( 59, 18)
n=  2934   udiff=  1.2792E-02 ( 56, 23)   vdiff=  1.4966E-02 ( 59, 18)
n=  2935   udiff=  1.2756E-02 ( 56, 23)   vdiff=  1.4914E-02 ( 59, 18)
n=  2936   udiff=  1.2719E-02 ( 56, 23)   vdiff=  1.4862E-02 ( 59, 18)
n=  2937   udiff=  1.2682E-02 ( 56, 23)   vdiff=  1.4809E-02 ( 59, 18)
n=  2938   udiff=  1.2645E-02 ( 56, 23)   vdiff=  1.4757E-02 ( 59, 18)
n=  2939   udiff=  1.2608E-02 ( 56, 23)   vdiff=  1.4705E-02 ( 59, 18)
n=  2940   udiff=  1.2572E-02 ( 56, 23)   vdiff=  1.4654E-02 ( 59, 18)
n=  2941   udiff=  1.2535E-02 ( 56, 23)   vdiff=  1.4602E-02 ( 59, 18)
n=  2942   udiff=  1.2499E-02 ( 56, 23)   vdiff=  1.4550E-02 ( 59, 18)
n=  2943   udiff=  1.2462E-02 ( 56, 23)   vdiff=  1.4499E-02 ( 59, 18)
n=  2944   udiff=  1.2426E-02 ( 56, 23)   vdiff=  1.4448E-02 ( 59, 18)
n=  2945   udiff=  1.2390E-02 ( 56, 23)   vdiff=  1.4396E-02 ( 59, 18)
n=  2946   udiff=  1.2353E-02 ( 56, 23)   vdiff=  1.4345E-02 ( 59, 18)
n=  2947   udiff=  1.2317E-02 ( 56, 23)   vdiff=  1.4294E-02 ( 59, 18)
n=  2948   udiff=  1.2281E-02 ( 56, 23)   vdiff=  1.4243E-02 ( 59, 18)
n=  2949   udiff=  1.2245E-02 ( 56, 23)   vdiff=  1.4192E-02 ( 59, 18)
n=  2950   udiff=  1.2209E-02 ( 56, 23)   vdiff=  1.4141E-02 ( 59, 18)
n=  2951   udiff=  1.2173E-02 ( 56, 23)   vdiff=  1.4090E-02 ( 59, 18)
n=  2952   udiff=  1.2137E-02 ( 56, 23)   vdiff=  1.4039E-02 ( 59, 18)
n=  2953   udiff=  1.2102E-02 ( 56, 23)   vdiff=  1.3989E-02 ( 59, 18)
n=  2954   udiff=  1.2066E-02 ( 56, 23)   vdiff=  1.3939E-02 ( 59, 18)
n=  2955   udiff=  1.2030E-02 ( 56, 23)   vdiff=  1.3888E-02 ( 59, 18)
n=  2956   udiff=  1.1995E-02 ( 56, 23)   vdiff=  1.3838E-02 ( 59, 18)
n=  2957   udiff=  1.1959E-02 ( 56, 23)   vdiff=  1.3788E-02 ( 59, 18)
n=  2958   udiff=  1.1924E-02 ( 56, 23)   vdiff=  1.3738E-02 ( 59, 18)
n=  2959   udiff=  1.1888E-02 ( 56, 23)   vdiff=  1.3687E-02 ( 59, 18)
n=  2960   udiff=  1.1853E-02 ( 56, 23)   vdiff=  1.3638E-02 ( 59, 18)
n=  2961   udiff=  1.1818E-02 ( 56, 23)   vdiff=  1.3588E-02 ( 59, 18)
n=  2962   udiff=  1.1783E-02 ( 56, 23)   vdiff=  1.3538E-02 ( 59, 18)
n=  2963   udiff=  1.1748E-02 ( 56, 23)   vdiff=  1.3489E-02 ( 59, 18)
n=  2964   udiff=  1.1713E-02 ( 56, 23)   vdiff=  1.3439E-02 ( 59, 18)
n=  2965   udiff=  1.1678E-02 ( 56, 23)   vdiff=  1.3389E-02 ( 59, 18)
n=  2966   udiff=  1.1643E-02 ( 56, 23)   vdiff=  1.3340E-02 ( 59, 18)
n=  2967   udiff=  1.1608E-02 ( 56, 23)   vdiff=  1.3291E-02 ( 59, 18)
n=  2968   udiff=  1.1573E-02 ( 56, 23)   vdiff=  1.3242E-02 ( 59, 18)
n=  2969   udiff=  1.1538E-02 ( 56, 23)   vdiff=  1.3192E-02 ( 59, 18)
n=  2970   udiff=  1.1505E-02 (102, 13)   vdiff=  1.3143E-02 ( 59, 18)
n=  2971   udiff=  1.1488E-02 (102, 13)   vdiff=  1.3095E-02 ( 59, 18)
n=  2972   udiff=  1.1471E-02 (102, 13)   vdiff=  1.3046E-02 ( 59, 18)
n=  2973   udiff=  1.1454E-02 (102, 13)   vdiff=  1.2997E-02 ( 59, 18)
n=  2974   udiff=  1.1436E-02 (102, 13)   vdiff=  1.2948E-02 ( 59, 18)
n=  2975   udiff=  1.1419E-02 (102, 13)   vdiff=  1.2900E-02 ( 59, 18)
n=  2976   udiff=  1.1402E-02 (102, 13)   vdiff=  1.2851E-02 ( 59, 18)
n=  2977   udiff=  1.1385E-02 (102, 13)   vdiff=  1.2803E-02 ( 59, 18)
n=  2978   udiff=  1.1368E-02 (102, 13)   vdiff=  1.2755E-02 ( 59, 18)
n=  2979   udiff=  1.1351E-02 (103, 13)   vdiff=  1.2707E-02 ( 59, 18)
n=  2980   udiff=  1.1334E-02 (103, 13)   vdiff=  1.2659E-02 ( 59, 18)
n=  2981   udiff=  1.1318E-02 (103, 13)   vdiff=  1.2610E-02 ( 59, 18)
n=  2982   udiff=  1.1301E-02 (103, 13)   vdiff=  1.2563E-02 ( 59, 18)
n=  2983   udiff=  1.1284E-02 (103, 13)   vdiff=  1.2515E-02 ( 59, 18)
n=  2984   udiff=  1.1268E-02 (103, 13)   vdiff=  1.2467E-02 ( 59, 18)
n=  2985   udiff=  1.1251E-02 (103, 13)   vdiff=  1.2419E-02 ( 59, 18)
n=  2986   udiff=  1.1234E-02 (103, 13)   vdiff=  1.2372E-02 ( 59, 18)
n=  2987   udiff=  1.1218E-02 (103, 13)   vdiff=  1.2324E-02 ( 59, 18)
n=  2988   udiff=  1.1201E-02 (103, 13)   vdiff=  1.2277E-02 ( 59, 18)
n=  2989   udiff=  1.1184E-02 (103, 13)   vdiff=  1.2230E-02 ( 59, 18)
n=  2990   udiff=  1.1168E-02 (103, 13)   vdiff=  1.2183E-02 ( 59, 18)
n=  2991   udiff=  1.1151E-02 (103, 13)   vdiff=  1.2135E-02 ( 59, 18)
n=  2992   udiff=  1.1134E-02 (103, 13)   vdiff=  1.2088E-02 ( 59, 18)
n=  2993   udiff=  1.1118E-02 (103, 13)   vdiff=  1.2041E-02 ( 59, 18)
n=  2994   udiff=  1.1101E-02 (103, 13)   vdiff=  1.1995E-02 ( 59, 18)
n=  2995   udiff=  1.1084E-02 (103, 13)   vdiff=  1.1948E-02 ( 59, 18)
n=  2996   udiff=  1.1068E-02 (103, 13)   vdiff=  1.1902E-02 ( 59, 18)
n=  2997   udiff=  1.1051E-02 (103, 13)   vdiff=  1.1855E-02 ( 59, 18)
n=  2998   udiff=  1.1034E-02 (103, 13)   vdiff=  1.1808E-02 ( 59, 18)
n=  2999   udiff=  1.1018E-02 (103, 13)   vdiff=  1.1762E-02 ( 59, 18)
n=  3000   udiff=  1.1001E-02 (103, 13)   vdiff=  1.1716E-02 ( 59, 18)
n=  3001   udiff=  1.0984E-02 (103, 13)   vdiff=  1.1669E-02 ( 59, 18)
n=  3002   udiff=  1.0968E-02 (103, 13)   vdiff=  1.1623E-02 ( 59, 18)
n=  3003   udiff=  1.0951E-02 (103, 13)   vdiff=  1.1577E-02 ( 59, 18)
n=  3004   udiff=  1.0934E-02 (103, 13)   vdiff=  1.1532E-02 ( 59, 18)
n=  3005   udiff=  1.0918E-02 (103, 13)   vdiff=  1.1486E-02 ( 59, 18)
n=  3006   udiff=  1.0901E-02 (103, 13)   vdiff=  1.1440E-02 ( 59, 18)
n=  3007   udiff=  1.0884E-02 (103, 13)   vdiff=  1.1394E-02 ( 59, 18)
n=  3008   udiff=  1.0868E-02 (103, 13)   vdiff=  1.1349E-02 ( 59, 18)
n=  3009   udiff=  1.0851E-02 (103, 13)   vdiff=  1.1303E-02 ( 59, 18)
n=  3010   udiff=  1.0834E-02 (103, 13)   vdiff=  1.1258E-02 ( 59, 18)
n=  3011   udiff=  1.0818E-02 (103, 13)   vdiff=  1.1213E-02 ( 59, 18)
n=  3012   udiff=  1.0801E-02 (103, 13)   vdiff=  1.1167E-02 ( 59, 18)
n=  3013   udiff=  1.0784E-02 (103, 13)   vdiff=  1.1122E-02 ( 59, 18)
n=  3014   udiff=  1.0768E-02 (103, 13)   vdiff=  1.1077E-02 ( 59, 18)
n=  3015   udiff=  1.0751E-02 (103, 13)   vdiff=  1.1032E-02 ( 59, 18)
n=  3016   udiff=  1.0734E-02 (103, 13)   vdiff=  1.0987E-02 ( 59, 18)
n=  3017   udiff=  1.0718E-02 (103, 13)   vdiff=  1.0942E-02 ( 59, 18)
n=  3018   udiff=  1.0701E-02 (103, 13)   vdiff=  1.0898E-02 ( 59, 18)
n=  3019   udiff=  1.0684E-02 (103, 13)   vdiff=  1.0853E-02 ( 59, 18)
n=  3020   udiff=  1.0668E-02 (103, 13)   vdiff=  1.0809E-02 ( 59, 18)
n=  3021   udiff=  1.0651E-02 (103, 13)   vdiff=  1.0765E-02 ( 59, 18)
n=  3022   udiff=  1.0634E-02 (103, 13)   vdiff=  1.0720E-02 ( 59, 18)
n=  3023   udiff=  1.0618E-02 (104, 13)   vdiff=  1.0676E-02 ( 59, 18)
n=  3024   udiff=  1.0602E-02 (104, 13)   vdiff=  1.0631E-02 ( 59, 18)
n=  3025   udiff=  1.0586E-02 (104, 13)   vdiff=  1.0587E-02 ( 59, 18)
n=  3026   udiff=  1.0570E-02 (104, 13)   vdiff=  1.0544E-02 ( 59, 18)
n=  3027   udiff=  1.0553E-02 (104, 13)   vdiff=  1.0500E-02 ( 59, 18)
n=  3028   udiff=  1.0537E-02 (104, 13)   vdiff=  1.0456E-02 ( 59, 18)
n=  3029   udiff=  1.0521E-02 (104, 13)   vdiff=  1.0412E-02 ( 59, 18)
n=  3030   udiff=  1.0505E-02 (104, 13)   vdiff=  1.0369E-02 ( 59, 18)
n=  3031   udiff=  1.0488E-02 (104, 13)   vdiff=  1.0325E-02 ( 59, 18)
n=  3032   udiff=  1.0472E-02 (104, 13)   vdiff=  1.0282E-02 ( 59, 18)
n=  3033   udiff=  1.0456E-02 (104, 13)   vdiff=  1.0238E-02 ( 59, 18)
n=  3034   udiff=  1.0440E-02 (104, 13)   vdiff=  1.0195E-02 ( 59, 18)
n=  3035   udiff=  1.0423E-02 (104, 13)   vdiff=  1.0152E-02 ( 59, 18)
n=  3036   udiff=  1.0407E-02 (104, 13)   vdiff=  1.0108E-02 ( 59, 18)
n=  3037   udiff=  1.0391E-02 (104, 13)   vdiff=  1.0066E-02 ( 59, 18)
n=  3038   udiff=  1.0375E-02 (104, 13)   vdiff=  1.0023E-02 ( 59, 18)
n=  3039   udiff=  1.0359E-02 (104, 13)   vdiff=  9.9795E-03 ( 59, 18)
n=  3040   udiff=  1.0342E-02 (104, 13)   vdiff=  9.9369E-03 ( 59, 18)
n=  3041   udiff=  1.0326E-02 (104, 13)   vdiff=  9.8941E-03 ( 59, 18)
n=  3042   udiff=  1.0310E-02 (104, 13)   vdiff=  9.8516E-03 ( 59, 18)
n=  3043   udiff=  1.0294E-02 (104, 13)   vdiff=  9.8093E-03 ( 59, 18)
n=  3044   udiff=  1.0278E-02 (104, 13)   vdiff=  9.7673E-03 ( 59, 18)
n=  3045   udiff=  1.0261E-02 (104, 13)   vdiff=  9.7246E-03 ( 59, 18)
n=  3046   udiff=  1.0245E-02 (104, 13)   vdiff=  9.6823E-03 ( 59, 18)
n=  3047   udiff=  1.0229E-02 (104, 13)   vdiff=  9.6401E-03 ( 59, 18)
n=  3048   udiff=  1.0213E-02 (104, 13)   vdiff=  9.5981E-03 ( 59, 18)
n=  3049   udiff=  1.0197E-02 (104, 13)   vdiff=  9.5562E-03 ( 59, 18)
n=  3050   udiff=  1.0180E-02 (104, 13)   vdiff=  9.5143E-03 ( 59, 18)
n=  3051   udiff=  1.0164E-02 (104, 13)   vdiff=  9.4721E-03 ( 59, 18)
n=  3052   udiff=  1.0148E-02 (104, 13)   vdiff=  9.4306E-03 ( 59, 18)
n=  3053   udiff=  1.0132E-02 (104, 13)   vdiff=  9.3890E-03 ( 59, 18)
n=  3054   udiff=  1.0116E-02 (104, 13)   vdiff=  9.3477E-03 ( 59, 18)
n=  3055   udiff=  1.0099E-02 (104, 13)   vdiff=  9.3062E-03 ( 59, 18)
n=  3056   udiff=  1.0083E-02 (104, 13)   vdiff=  9.2648E-03 ( 59, 18)
n=  3057   udiff=  1.0067E-02 (104, 13)   vdiff=  9.2234E-03 ( 59, 18)
n=  3058   udiff=  1.0051E-02 (104, 13)   vdiff=  9.1825E-03 ( 59, 18)
n=  3059   udiff=  1.0035E-02 (104, 13)   vdiff=  9.1409E-03 ( 59, 18)
n=  3060   udiff=  1.0019E-02 (104, 13)   vdiff=  9.1000E-03 ( 59, 18)
n=  3061   udiff=  1.0002E-02 (104, 13)   vdiff=  9.0588E-03 ( 59, 18)
n=  3062   udiff=  9.9863E-03 (104, 13)   vdiff=  9.0179E-03 ( 59, 18)
n=  3063   udiff=  9.9702E-03 (104, 13)   vdiff=  8.9774E-03 ( 59, 18)
n=  3064   udiff=  9.9541E-03 (104, 13)   vdiff=  8.9369E-03 ( 59, 18)
n=  3065   udiff=  9.9379E-03 (104, 13)   vdiff=  8.8963E-03 ( 59, 18)
n=  3066   udiff=  9.9217E-03 (104, 13)   vdiff=  8.8555E-03 ( 59, 18)
n=  3067   udiff=  9.9056E-03 (104, 13)   vdiff=  8.8154E-03 ( 59, 18)
n=  3068   udiff=  9.8895E-03 (104, 13)   vdiff=  8.7749E-03 ( 59, 18)
n=  3069   udiff=  9.8734E-03 (104, 13)   vdiff=  8.7346E-03 ( 59, 18)
n=  3070   udiff=  9.8573E-03 (104, 13)   vdiff=  8.6942E-03 ( 59, 18)
n=  3071   udiff=  9.8411E-03 (104, 13)   vdiff=  8.6541E-03 ( 59, 18)
n=  3072   udiff=  9.8250E-03 (104, 13)   vdiff=  8.6141E-03 ( 59, 18)
n=  3073   udiff=  9.8089E-03 (104, 13)   vdiff=  8.5745E-03 ( 59, 18)
n=  3074   udiff=  9.7928E-03 (104, 13)   vdiff=  8.5347E-03 ( 59, 18)
n=  3075   udiff=  9.7767E-03 (104, 13)   vdiff=  8.4947E-03 ( 59, 18)
n=  3076   udiff=  9.7607E-03 (105, 13)   vdiff=  8.4549E-03 ( 59, 18)
n=  3077   udiff=  9.7450E-03 (105, 13)   vdiff=  8.4153E-03 ( 59, 18)
n=  3078   udiff=  9.7292E-03 (105, 13)   vdiff=  8.3759E-03 ( 59, 18)
n=  3079   udiff=  9.7135E-03 (105, 13)   vdiff=  8.3362E-03 ( 59, 18)
n=  3080   udiff=  9.6978E-03 (105, 13)   vdiff=  8.2974E-03 ( 59, 18)
n=  3081   udiff=  9.6822E-03 (105, 13)   vdiff=  8.2577E-03 ( 59, 18)
n=  3082   udiff=  9.6664E-03 (105, 13)   vdiff=  8.2189E-03 ( 59, 18)
n=  3083   udiff=  9.6507E-03 (105, 13)   vdiff=  8.1798E-03 ( 59, 18)
n=  3084   udiff=  9.6350E-03 (105, 13)   vdiff=  8.1409E-03 ( 59, 18)
n=  3085   udiff=  9.6193E-03 (105, 13)   vdiff=  8.1018E-03 ( 59, 18)
n=  3086   udiff=  9.6036E-03 (105, 13)   vdiff=  8.0626E-03 ( 59, 18)
n=  3087   udiff=  9.5880E-03 (105, 13)   vdiff=  8.0242E-03 ( 59, 18)
n=  3088   udiff=  9.5722E-03 (105, 13)   vdiff=  7.9851E-03 ( 59, 18)
n=  3089   udiff=  9.5566E-03 (105, 13)   vdiff=  7.9466E-03 ( 59, 18)
n=  3090   udiff=  9.5409E-03 (105, 13)   vdiff=  7.9083E-03 ( 59, 18)
n=  3091   udiff=  9.5252E-03 (105, 13)   vdiff=  7.8697E-03 ( 59, 18)
n=  3092   udiff=  9.5096E-03 (105, 13)   vdiff=  7.8312E-03 ( 59, 18)
n=  3093   udiff=  9.4939E-03 (105, 13)   vdiff=  7.7936E-03 ( 59, 18)
n=  3094   udiff=  9.4782E-03 (105, 13)   vdiff=  7.7552E-03 ( 59, 18)
n=  3095   udiff=  9.4627E-03 (105, 13)   vdiff=  7.7173E-03 ( 59, 18)
n=  3096   udiff=  9.4470E-03 (105, 13)   vdiff=  7.6795E-03 ( 59, 18)
n=  3097   udiff=  9.4313E-03 (105, 13)   vdiff=  7.6414E-03 ( 59, 18)
n=  3098   udiff=  9.4157E-03 (105, 13)   vdiff=  7.6038E-03 ( 59, 18)
n=  3099   udiff=  9.4001E-03 (105, 13)   vdiff=  7.5656E-03 ( 59, 18)
n=  3100   udiff=  9.3845E-03 (105, 13)   vdiff=  7.5280E-03 ( 59, 18)
n=  3101   udiff=  9.3688E-03 (105, 13)   vdiff=  7.4904E-03 ( 59, 18)
n=  3102   udiff=  9.3533E-03 (105, 13)   vdiff=  7.4526E-03 ( 59, 18)
n=  3103   udiff=  9.3376E-03 (105, 13)   vdiff=  7.4152E-03 ( 59, 18)
n=  3104   udiff=  9.3221E-03 (105, 13)   vdiff=  7.3785E-03 ( 59, 18)
n=  3105   udiff=  9.3064E-03 (105, 13)   vdiff=  7.3409E-03 ( 59, 18)
n=  3106   udiff=  9.2909E-03 (105, 13)   vdiff=  7.3037E-03 ( 59, 18)
n=  3107   udiff=  9.2753E-03 (105, 13)   vdiff=  7.2663E-03 ( 59, 18)
n=  3108   udiff=  9.2597E-03 (105, 13)   vdiff=  7.2294E-03 ( 59, 18)
n=  3109   udiff=  9.2442E-03 (105, 13)   vdiff=  7.1926E-03 ( 59, 18)
n=  3110   udiff=  9.2286E-03 (105, 13)   vdiff=  7.1554E-03 ( 59, 18)
n=  3111   udiff=  9.2130E-03 (105, 13)   vdiff=  7.1189E-03 ( 59, 18)
n=  3112   udiff=  9.1975E-03 (105, 13)   vdiff=  7.0825E-03 ( 59, 18)
n=  3113   udiff=  9.1820E-03 (105, 13)   vdiff=  7.0456E-03 ( 59, 18)
n=  3114   udiff=  9.1664E-03 (105, 13)   vdiff=  7.0303E-03 (120, 10)
n=  3115   udiff=  9.1508E-03 (105, 13)   vdiff=  7.0227E-03 (120, 10)
n=  3116   udiff=  9.1354E-03 (105, 13)   vdiff=  7.0149E-03 (120, 10)
n=  3117   udiff=  9.1199E-03 (105, 13)   vdiff=  7.0072E-03 (120, 10)
n=  3118   udiff=  9.1043E-03 (105, 13)   vdiff=  6.9995E-03 (120, 10)
n=  3119   udiff=  9.0888E-03 (105, 13)   vdiff=  6.9917E-03 (120, 10)
n=  3120   udiff=  9.0734E-03 (105, 13)   vdiff=  6.9840E-03 (120, 10)
n=  3121   udiff=  9.0578E-03 (105, 13)   vdiff=  6.9762E-03 (120, 10)
n=  3122   udiff=  9.0424E-03 (105, 13)   vdiff=  6.9685E-03 (120, 10)
n=  3123   udiff=  9.0269E-03 (105, 13)   vdiff=  6.9607E-03 (120, 10)
n=  3124   udiff=  9.0114E-03 (105, 13)   vdiff=  6.9528E-03 (120, 10)
n=  3125   udiff=  8.9960E-03 (105, 13)   vdiff=  6.9452E-03 (120, 10)
n=  3126   udiff=  8.9805E-03 (105, 13)   vdiff=  6.9373E-03 (120, 10)
n=  3127   udiff=  8.9651E-03 (105, 13)   vdiff=  6.9295E-03 (120, 10)
n=  3128   udiff=  8.9496E-03 (105, 13)   vdiff=  6.9216E-03 (120, 10)
n=  3129   udiff=  8.9341E-03 (105, 13)   vdiff=  6.9136E-03 (120, 10)
n=  3130   udiff=  8.9188E-03 (105, 13)   vdiff=  6.9058E-03 (120, 10)
n=  3131   udiff=  8.9033E-03 (105, 13)   vdiff=  6.8980E-03 (120, 10)
n=  3132   udiff=  8.8879E-03 (105, 13)   vdiff=  6.8901E-03 (120, 10)
n=  3133   udiff=  8.8725E-03 (105, 13)   vdiff=  6.8821E-03 (120, 10)
n=  3134   udiff=  8.8571E-03 (105, 13)   vdiff=  6.8742E-03 (120, 10)
n=  3135   udiff=  8.8417E-03 (105, 13)   vdiff=  6.8664E-03 (120, 10)
n=  3136   udiff=  8.8264E-03 (105, 13)   vdiff=  6.8584E-03 (120, 10)
n=  3137   udiff=  8.8110E-03 (105, 13)   vdiff=  6.8504E-03 (120, 10)
n=  3138   udiff=  8.7956E-03 (105, 13)   vdiff=  6.8424E-03 (120, 10)
n=  3139   udiff=  8.7803E-03 (105, 13)   vdiff=  6.8344E-03 (120, 10)
n=  3140   udiff=  8.7649E-03 (105, 13)   vdiff=  6.8265E-03 (120, 10)
n=  3141   udiff=  8.7496E-03 (105, 13)   vdiff=  6.8184E-03 (120, 10)
n=  3142   udiff=  8.7343E-03 (105, 13)   vdiff=  6.8104E-03 (120, 10)
n=  3143   udiff=  8.7189E-03 (105, 13)   vdiff=  6.8023E-03 (120, 10)
n=  3144   udiff=  8.7036E-03 (105, 13)   vdiff=  6.7944E-03 (120, 10)
n=  3145   udiff=  8.6886E-03 (106, 13)   vdiff=  6.7863E-03 (120, 10)
n=  3146   udiff=  8.6736E-03 (106, 13)   vdiff=  6.7782E-03 (120, 10)
n=  3147   udiff=  8.6586E-03 (106, 13)   vdiff=  6.7701E-03 (120, 10)
n=  3148   udiff=  8.6436E-03 (106, 13)   vdiff=  6.7621E-03 (120, 10)
n=  3149   udiff=  8.6286E-03 (106, 13)   vdiff=  6.7539E-03 (120, 10)
n=  3150   udiff=  8.6137E-03 (106, 13)   vdiff=  6.7459E-03 (120, 10)
n=  3151   udiff=  8.5988E-03 (106, 13)   vdiff=  6.7377E-03 (120, 10)
n=  3152   udiff=  8.5837E-03 (106, 13)   vdiff=  6.7296E-03 (120, 10)
n=  3153   udiff=  8.5688E-03 (106, 13)   vdiff=  6.7215E-03 (120, 10)
n=  3154   udiff=  8.5539E-03 (106, 13)   vdiff=  6.7134E-03 (120, 10)
n=  3155   udiff=  8.5389E-03 (106, 13)   vdiff=  6.7052E-03 (120, 10)
n=  3156   udiff=  8.5240E-03 (106, 13)   vdiff=  6.6970E-03 (120, 10)
n=  3157   udiff=  8.5091E-03 (106, 13)   vdiff=  6.6889E-03 (120, 10)
n=  3158   udiff=  8.4942E-03 (106, 13)   vdiff=  6.6807E-03 (120, 10)
n=  3159   udiff=  8.4793E-03 (106, 13)   vdiff=  6.6724E-03 (120, 10)
n=  3160   udiff=  8.4644E-03 (106, 13)   vdiff=  6.6643E-03 (120, 10)
n=  3161   udiff=  8.4495E-03 (106, 13)   vdiff=  6.6560E-03 (120, 10)
n=  3162   udiff=  8.4347E-03 (106, 13)   vdiff=  6.6478E-03 (120, 10)
n=  3163   udiff=  8.4198E-03 (106, 13)   vdiff=  6.6396E-03 (120, 10)
n=  3164   udiff=  8.4049E-03 (106, 13)   vdiff=  6.6314E-03 (120, 10)
n=  3165   udiff=  8.3901E-03 (106, 13)   vdiff=  6.6231E-03 (120, 10)
n=  3166   udiff=  8.3752E-03 (106, 13)   vdiff=  6.6149E-03 (120, 10)
n=  3167   udiff=  8.3604E-03 (106, 13)   vdiff=  6.6066E-03 (120, 10)
n=  3168   udiff=  8.3456E-03 (106, 13)   vdiff=  6.5982E-03 (120, 10)
n=  3169   udiff=  8.3308E-03 (106, 13)   vdiff=  6.5899E-03 (120, 10)
n=  3170   udiff=  8.3160E-03 (106, 13)   vdiff=  6.5817E-03 (120, 10)
n=  3171   udiff=  8.3011E-03 (106, 13)   vdiff=  6.5733E-03 (120, 10)
n=  3172   udiff=  8.2864E-03 (106, 13)   vdiff=  6.5650E-03 (120, 10)
n=  3173   udiff=  8.2716E-03 (106, 13)   vdiff=  6.5568E-03 (120, 10)
n=  3174   udiff=  8.2568E-03 (106, 13)   vdiff=  6.5484E-03 (120, 10)
n=  3175   udiff=  8.2421E-03 (106, 13)   vdiff=  6.5399E-03 (120, 10)
n=  3176   udiff=  8.2273E-03 (106, 13)   vdiff=  6.5317E-03 (120, 10)
n=  3177   udiff=  8.2126E-03 (106, 13)   vdiff=  6.5234E-03 (120, 10)
n=  3178   udiff=  8.1978E-03 (106, 13)   vdiff=  6.5150E-03 (120, 10)
n=  3179   udiff=  8.1831E-03 (106, 13)   vdiff=  6.5066E-03 (120, 10)
n=  3180   udiff=  8.1684E-03 (106, 13)   vdiff=  6.4981E-03 (120, 10)
n=  3181   udiff=  8.1537E-03 (106, 13)   vdiff=  6.4898E-03 (120, 10)
n=  3182   udiff=  8.1390E-03 (106, 13)   vdiff=  6.4815E-03 (120, 10)
n=  3183   udiff=  8.1243E-03 (106, 13)   vdiff=  6.4730E-03 (120, 10)
n=  3184   udiff=  8.1096E-03 (106, 13)   vdiff=  6.4646E-03 (120, 10)
n=  3185   udiff=  8.0950E-03 (106, 13)   vdiff=  6.4563E-03 (120, 10)
n=  3186   udiff=  8.0803E-03 (106, 13)   vdiff=  6.4477E-03 (120, 10)
n=  3187   udiff=  8.0656E-03 (106, 13)   vdiff=  6.4394E-03 (120, 10)
n=  3188   udiff=  8.0510E-03 (106, 13)   vdiff=  6.4310E-03 (120, 10)
n=  3189   udiff=  8.0364E-03 (106, 13)   vdiff=  6.4224E-03 (120, 10)
n=  3190   udiff=  8.0217E-03 (106, 13)   vdiff=  6.4140E-03 (120, 10)
n=  3191   udiff=  8.0071E-03 (106, 13)   vdiff=  6.4057E-03 (120, 10)
n=  3192   udiff=  7.9925E-03 (106, 13)   vdiff=  6.3971E-03 (120, 10)
n=  3193   udiff=  7.9779E-03 (106, 13)   vdiff=  6.3885E-03 (120, 10)
n=  3194   udiff=  7.9634E-03 (106, 13)   vdiff=  6.3802E-03 (120, 10)
n=  3195   udiff=  7.9488E-03 (106, 13)   vdiff=  6.3715E-03 (120, 10)
n=  3196   udiff=  7.9343E-03 (106, 13)   vdiff=  6.3631E-03 (120, 10)
n=  3197   udiff=  7.9196E-03 (106, 13)   vdiff=  6.3546E-03 (120, 10)
n=  3198   udiff=  7.9051E-03 (106, 13)   vdiff=  6.3460E-03 (120, 10)
n=  3199   udiff=  7.8906E-03 (106, 13)   vdiff=  6.3376E-03 (120, 10)
n=  3200   udiff=  7.8761E-03 (106, 13)   vdiff=  6.3290E-03 (120, 10)
n=  3201   udiff=  7.8616E-03 (106, 13)   vdiff=  6.3204E-03 (120, 10)
n=  3202   udiff=  7.8471E-03 (106, 13)   vdiff=  6.3119E-03 (120, 10)
n=  3203   udiff=  7.8326E-03 (106, 13)   vdiff=  6.3035E-03 (120, 10)
n=  3204   udiff=  7.8181E-03 (106, 13)   vdiff=  6.2950E-03 (120, 10)
n=  3205   udiff=  7.8036E-03 (106, 13)   vdiff=  6.2863E-03 (120, 10)
n=  3206   udiff=  7.7891E-03 (106, 13)   vdiff=  6.2777E-03 (120, 10)
n=  3207   udiff=  7.7748E-03 (106, 13)   vdiff=  6.2692E-03 (120, 10)
n=  3208   udiff=  7.7603E-03 (106, 13)   vdiff=  6.2606E-03 (120, 10)
n=  3209   udiff=  7.7459E-03 (106, 13)   vdiff=  6.2521E-03 (120, 10)
n=  3210   udiff=  7.7314E-03 (106, 13)   vdiff=  6.2436E-03 (120, 10)
n=  3211   udiff=  7.7170E-03 (106, 13)   vdiff=  6.2350E-03 (120, 10)
n=  3212   udiff=  7.7026E-03 (106, 13)   vdiff=  6.2263E-03 (120, 10)
n=  3213   udiff=  7.6883E-03 (106, 13)   vdiff=  6.2176E-03 (120, 10)
n=  3214   udiff=  7.6739E-03 (106, 13)   vdiff=  6.2091E-03 (120, 10)
n=  3215   udiff=  7.6595E-03 (106, 13)   vdiff=  6.2005E-03 (120, 10)
n=  3216   udiff=  7.6452E-03 (106, 13)   vdiff=  6.1919E-03 (120, 10)
n=  3217   udiff=  7.6308E-03 (106, 13)   vdiff=  6.1834E-03 (120, 10)
n=  3218   udiff=  7.6165E-03 (106, 13)   vdiff=  6.1747E-03 (120, 10)
n=  3219   udiff=  7.6022E-03 (106, 13)   vdiff=  6.1661E-03 (120, 10)
n=  3220   udiff=  7.5878E-03 (106, 13)   vdiff=  6.1574E-03 (120, 10)
n=  3221   udiff=  7.5736E-03 (106, 13)   vdiff=  6.1488E-03 (120, 10)
n=  3222   udiff=  7.5592E-03 (106, 13)   vdiff=  6.1402E-03 (120, 10)
n=  3223   udiff=  7.5450E-03 (106, 13)   vdiff=  6.1315E-03 (120, 10)
n=  3224   udiff=  7.5307E-03 (106, 13)   vdiff=  6.1228E-03 (120, 10)
n=  3225   udiff=  7.5165E-03 (106, 13)   vdiff=  6.1142E-03 (120, 10)
n=  3226   udiff=  7.5022E-03 (106, 13)   vdiff=  6.1056E-03 (120, 10)
n=  3227   udiff=  7.4880E-03 (106, 13)   vdiff=  6.0968E-03 (120, 10)
n=  3228   udiff=  7.4738E-03 (106, 13)   vdiff=  6.0882E-03 (120, 10)
n=  3229   udiff=  7.4596E-03 (106, 13)   vdiff=  6.0796E-03 (120, 10)
n=  3230   udiff=  7.4454E-03 (106, 13)   vdiff=  6.0709E-03 (120, 10)
n=  3231   udiff=  7.4312E-03 (107, 13)   vdiff=  6.0622E-03 (120, 10)
n=  3232   udiff=  7.4174E-03 (107, 13)   vdiff=  6.0534E-03 (120, 10)
n=  3233   udiff=  7.4034E-03 (107, 13)   vdiff=  6.0449E-03 (120, 10)
n=  3234   udiff=  7.3895E-03 (107, 13)   vdiff=  6.0367E-03 (120,  9)
n=  3235   udiff=  7.3756E-03 (107, 13)   vdiff=  6.0287E-03 (120,  9)
n=  3236   udiff=  7.3617E-03 (107, 13)   vdiff=  6.0207E-03 (120,  9)
n=  3237   udiff=  7.3479E-03 (107, 13)   vdiff=  6.0127E-03 (120,  9)
n=  3238   udiff=  7.3340E-03 (107, 13)   vdiff=  6.0045E-03 (120,  9)
n=  3239   udiff=  7.3201E-03 (107, 13)   vdiff=  5.9964E-03 (120,  9)
n=  3240   udiff=  7.3063E-03 (107, 13)   vdiff=  5.9883E-03 (120,  9)
n=  3241   udiff=  7.2925E-03 (107, 13)   vdiff=  5.9802E-03 (120,  9)
n=  3242   udiff=  7.2786E-03 (107, 13)   vdiff=  5.9721E-03 (120,  9)
n=  3243   udiff=  7.2649E-03 (107, 13)   vdiff=  5.9642E-03 (120,  9)
n=  3244   udiff=  7.2510E-03 (107, 13)   vdiff=  5.9558E-03 (120,  9)
n=  3245   udiff=  7.2373E-03 (107, 13)   vdiff=  5.9478E-03 (120,  9)
n=  3246   udiff=  7.2235E-03 (107, 13)   vdiff=  5.9396E-03 (120,  9)
n=  3247   udiff=  7.2097E-03 (107, 13)   vdiff=  5.9315E-03 (120,  9)
n=  3248   udiff=  7.1960E-03 (107, 13)   vdiff=  5.9233E-03 (120,  9)
n=  3249   udiff=  7.1822E-03 (107, 13)   vdiff=  5.9151E-03 (120,  9)
n=  3250   udiff=  7.1685E-03 (107, 13)   vdiff=  5.9068E-03 (120,  9)
n=  3251   udiff=  7.1548E-03 (107, 13)   vdiff=  5.8988E-03 (120,  9)
n=  3252   udiff=  7.1411E-03 (107, 13)   vdiff=  5.8906E-03 (120,  9)
n=  3253   udiff=  7.1273E-03 (107, 13)   vdiff=  5.8824E-03 (120,  9)
n=  3254   udiff=  7.1137E-03 (107, 13)   vdiff=  5.8742E-03 (120,  9)
n=  3255   udiff=  7.1000E-03 (107, 13)   vdiff=  5.8660E-03 (120,  9)
n=  3256   udiff=  7.0864E-03 (107, 13)   vdiff=  5.8578E-03 (120,  9)
n=  3257   udiff=  7.0727E-03 (107, 13)   vdiff=  5.8496E-03 (120,  9)
n=  3258   udiff=  7.0591E-03 (107, 13)   vdiff=  5.8414E-03 (120,  9)
n=  3259   udiff=  7.0455E-03 (107, 13)   vdiff=  5.8332E-03 (120,  9)
n=  3260   udiff=  7.0319E-03 (107, 13)   vdiff=  5.8249E-03 (120,  9)
n=  3261   udiff=  7.0182E-03 (107, 13)   vdiff=  5.8166E-03 (120,  9)
n=  3262   udiff=  7.0047E-03 (107, 13)   vdiff=  5.8083E-03 (120,  9)
n=  3263   udiff=  6.9911E-03 (107, 13)   vdiff=  5.8001E-03 (120,  9)
n=  3264   udiff=  6.9775E-03 (107, 13)   vdiff=  5.7918E-03 (120,  9)
n=  3265   udiff=  6.9639E-03 (107, 13)   vdiff=  5.7835E-03 (120,  9)
n=  3266   udiff=  6.9504E-03 (107, 13)   vdiff=  5.7752E-03 (120,  9)
n=  3267   udiff=  6.9368E-03 (107, 13)   vdiff=  5.7669E-03 (120,  9)
n=  3268   udiff=  6.9233E-03 (107, 13)   vdiff=  5.7586E-03 (120,  9)
n=  3269   udiff=  6.9098E-03 (107, 13)   vdiff=  5.7504E-03 (120,  9)
n=  3270   udiff=  6.8963E-03 (107, 13)   vdiff=  5.7421E-03 (120,  9)
n=  3271   udiff=  6.8829E-03 (107, 13)   vdiff=  5.7338E-03 (120,  9)
n=  3272   udiff=  6.8694E-03 (107, 13)   vdiff=  5.7255E-03 (120,  9)
n=  3273   udiff=  6.8559E-03 (107, 13)   vdiff=  5.7173E-03 (120,  9)
n=  3274   udiff=  6.8424E-03 (107, 13)   vdiff=  5.7088E-03 (120,  9)
n=  3275   udiff=  6.8290E-03 (107, 13)   vdiff=  5.7005E-03 (120,  9)
n=  3276   udiff=  6.8156E-03 (107, 13)   vdiff=  5.6921E-03 (120,  9)
n=  3277   udiff=  6.8022E-03 (107, 13)   vdiff=  5.6837E-03 (120,  9)
n=  3278   udiff=  6.7888E-03 (107, 13)   vdiff=  5.6755E-03 (120,  9)
n=  3279   udiff=  6.7754E-03 (107, 13)   vdiff=  5.6671E-03 (120,  9)
n=  3280   udiff=  6.7620E-03 (107, 13)   vdiff=  5.6587E-03 (120,  9)
n=  3281   udiff=  6.7487E-03 (107, 13)   vdiff=  5.6504E-03 (120,  9)
n=  3282   udiff=  6.7353E-03 (107, 13)   vdiff=  5.6421E-03 (120,  9)
n=  3283   udiff=  6.7220E-03 (107, 13)   vdiff=  5.6336E-03 (120,  9)
n=  3284   udiff=  6.7086E-03 (107, 13)   vdiff=  5.6253E-03 (120,  9)
n=  3285   udiff=  6.6954E-03 (107, 13)   vdiff=  5.6169E-03 (120,  9)
n=  3286   udiff=  6.6820E-03 (107, 13)   vdiff=  5.6086E-03 (120,  9)
n=  3287   udiff=  6.6688E-03 (107, 13)   vdiff=  5.6001E-03 (120,  9)
n=  3288   udiff=  6.6555E-03 (107, 13)   vdiff=  5.5918E-03 (120,  9)
n=  3289   udiff=  6.6422E-03 (107, 13)   vdiff=  5.5833E-03 (120,  9)
n=  3290   udiff=  6.6290E-03 (107, 13)   vdiff=  5.5750E-03 (120,  9)
n=  3291   udiff=  6.6157E-03 (107, 13)   vdiff=  5.5664E-03 (120,  9)
n=  3292   udiff=  6.6025E-03 (107, 13)   vdiff=  5.5581E-03 (120,  9)
n=  3293   udiff=  6.5893E-03 (107, 13)   vdiff=  5.5496E-03 (120,  9)
n=  3294   udiff=  6.5761E-03 (107, 13)   vdiff=  5.5411E-03 (120,  9)
n=  3295   udiff=  6.5629E-03 (107, 13)   vdiff=  5.5329E-03 (120,  9)
n=  3296   udiff=  6.5497E-03 (107, 13)   vdiff=  5.5243E-03 (120,  9)
n=  3297   udiff=  6.5366E-03 (107, 13)   vdiff=  5.5160E-03 (120,  9)
n=  3298   udiff=  6.5234E-03 (107, 13)   vdiff=  5.5075E-03 (120,  9)
n=  3299   udiff=  6.5103E-03 (107, 13)   vdiff=  5.4991E-03 (120,  9)
n=  3300   udiff=  6.4972E-03 (107, 13)   vdiff=  5.4907E-03 (120,  9)
n=  3301   udiff=  6.4840E-03 (107, 13)   vdiff=  5.4821E-03 (120,  9)
n=  3302   udiff=  6.4709E-03 (107, 13)   vdiff=  5.4737E-03 (120,  9)
n=  3303   udiff=  6.4578E-03 (107, 13)   vdiff=  5.4654E-03 (120,  9)
n=  3304   udiff=  6.4448E-03 (107, 13)   vdiff=  5.4569E-03 (120,  9)
n=  3305   udiff=  6.4317E-03 (107, 13)   vdiff=  5.4483E-03 (120,  9)
n=  3306   udiff=  6.4187E-03 (107, 13)   vdiff=  5.4400E-03 (120,  9)
n=  3307   udiff=  6.4057E-03 (107, 13)   vdiff=  5.4315E-03 (120,  9)
n=  3308   udiff=  6.3927E-03 (107, 13)   vdiff=  5.4231E-03 (120,  9)
n=  3309   udiff=  6.3796E-03 (107, 13)   vdiff=  5.4146E-03 (120,  9)
n=  3310   udiff=  6.3666E-03 (107, 13)   vdiff=  5.4062E-03 (120,  9)
n=  3311   udiff=  6.3537E-03 (107, 13)   vdiff=  5.3977E-03 (120,  9)
n=  3312   udiff=  6.3407E-03 (107, 13)   vdiff=  5.3892E-03 (120,  9)
n=  3313   udiff=  6.3277E-03 (107, 13)   vdiff=  5.3806E-03 (120,  9)
n=  3314   udiff=  6.3148E-03 (107, 13)   vdiff=  5.3722E-03 (120,  9)
n=  3315   udiff=  6.3018E-03 (107, 13)   vdiff=  5.3636E-03 (120,  9)
n=  3316   udiff=  6.2889E-03 (107, 13)   vdiff=  5.3552E-03 (120,  9)
n=  3317   udiff=  6.2760E-03 (107, 13)   vdiff=  5.3469E-03 (120,  9)
n=  3318   udiff=  6.2631E-03 (107, 13)   vdiff=  5.3382E-03 (120,  9)
n=  3319   udiff=  6.2502E-03 (107, 13)   vdiff=  5.3298E-03 (120,  9)
n=  3320   udiff=  6.2373E-03 (107, 13)   vdiff=  5.3213E-03 (120,  9)
n=  3321   udiff=  6.2246E-03 (107, 13)   vdiff=  5.3128E-03 (120,  9)
n=  3322   udiff=  6.2117E-03 (107, 13)   vdiff=  5.3044E-03 (120,  9)
n=  3323   udiff=  6.1989E-03 (107, 13)   vdiff=  5.2960E-03 (120,  9)
n=  3324   udiff=  6.1860E-03 (107, 13)   vdiff=  5.2873E-03 (120,  9)
n=  3325   udiff=  6.1732E-03 (107, 13)   vdiff=  5.2787E-03 (120,  9)
n=  3326   udiff=  6.1605E-03 (107, 13)   vdiff=  5.2703E-03 (120,  9)
n=  3327   udiff=  6.1477E-03 (107, 13)   vdiff=  5.2617E-03 (120,  9)
n=  3328   udiff=  6.1349E-03 (107, 13)   vdiff=  5.2534E-03 (120,  9)
n=  3329   udiff=  6.1222E-03 (107, 13)   vdiff=  5.2449E-03 (120,  9)
n=  3330   udiff=  6.1095E-03 (107, 13)   vdiff=  5.2364E-03 (120,  9)
n=  3331   udiff=  6.0968E-03 (107, 13)   vdiff=  5.2278E-03 (120,  9)
n=  3332   udiff=  6.0840E-03 (107, 13)   vdiff=  5.2194E-03 (120,  9)
n=  3333   udiff=  6.0714E-03 (107, 13)   vdiff=  5.2107E-03 (120,  9)
n=  3334   udiff=  6.0587E-03 (107, 13)   vdiff=  5.2023E-03 (120,  9)
n=  3335   udiff=  6.0460E-03 (107, 13)   vdiff=  5.1938E-03 (120,  9)
n=  3336   udiff=  6.0334E-03 (107, 13)   vdiff=  5.1853E-03 (120,  9)
n=  3337   udiff=  6.0207E-03 (107, 13)   vdiff=  5.1768E-03 (120,  9)
n=  3338   udiff=  6.0080E-03 (107, 13)   vdiff=  5.1683E-03 (120,  9)
n=  3339   udiff=  5.9956E-03 (108, 13)   vdiff=  5.1598E-03 (120,  9)
n=  3340   udiff=  5.9833E-03 (108, 13)   vdiff=  5.1512E-03 (120,  9)
n=  3341   udiff=  5.9708E-03 (108, 13)   vdiff=  5.1427E-03 (120,  9)
n=  3342   udiff=  5.9585E-03 (108, 13)   vdiff=  5.1343E-03 (120,  9)
n=  3343   udiff=  5.9461E-03 (108, 13)   vdiff=  5.1258E-03 (120,  9)
n=  3344   udiff=  5.9338E-03 (108, 13)   vdiff=  5.1173E-03 (120,  9)
n=  3345   udiff=  5.9215E-03 (108, 13)   vdiff=  5.1088E-03 (120,  9)
n=  3346   udiff=  5.9091E-03 (108, 13)   vdiff=  5.1003E-03 (120,  9)
n=  3347   udiff=  5.8969E-03 (108, 13)   vdiff=  5.0917E-03 (120,  9)
n=  3348   udiff=  5.8846E-03 (108, 13)   vdiff=  5.0833E-03 (120,  9)
n=  3349   udiff=  5.8723E-03 (108, 13)   vdiff=  5.0747E-03 (120,  9)
n=  3350   udiff=  5.8600E-03 (108, 13)   vdiff=  5.0662E-03 (120,  9)
n=  3351   udiff=  5.8478E-03 (108, 13)   vdiff=  5.0577E-03 (120,  9)
n=  3352   udiff=  5.8355E-03 (108, 13)   vdiff=  5.0493E-03 (120,  9)
n=  3353   udiff=  5.8233E-03 (108, 13)   vdiff=  5.0407E-03 (120,  9)
n=  3354   udiff=  5.8111E-03 (108, 13)   vdiff=  5.0323E-03 (120,  9)
n=  3355   udiff=  5.7989E-03 (108, 13)   vdiff=  5.0237E-03 (120,  9)
n=  3356   udiff=  5.7868E-03 (108, 13)   vdiff=  5.0153E-03 (120,  9)
n=  3357   udiff=  5.7745E-03 (108, 13)   vdiff=  5.0066E-03 (120,  9)
n=  3358   udiff=  5.7624E-03 (108, 13)   vdiff=  4.9982E-03 (120,  9)
n=  3359   udiff=  5.7503E-03 (108, 13)   vdiff=  4.9898E-03 (120,  9)
n=  3360   udiff=  5.7381E-03 (108, 13)   vdiff=  4.9812E-03 (120,  9)
n=  3361   udiff=  5.7260E-03 (108, 13)   vdiff=  4.9728E-03 (120,  9)
n=  3362   udiff=  5.7139E-03 (108, 13)   vdiff=  4.9641E-03 (120,  9)
n=  3363   udiff=  5.7018E-03 (108, 13)   vdiff=  4.9557E-03 (120,  9)
n=  3364   udiff=  5.6898E-03 (108, 13)   vdiff=  4.9472E-03 (120,  9)
n=  3365   udiff=  5.6777E-03 (108, 13)   vdiff=  4.9387E-03 (120,  9)
n=  3366   udiff=  5.6657E-03 (108, 13)   vdiff=  4.9302E-03 (120,  9)
n=  3367   udiff=  5.6536E-03 (108, 13)   vdiff=  4.9217E-03 (120,  9)
n=  3368   udiff=  5.6416E-03 (108, 13)   vdiff=  4.9133E-03 (120,  9)
n=  3369   udiff=  5.6296E-03 (108, 13)   vdiff=  4.9047E-03 (120,  9)
n=  3370   udiff=  5.6176E-03 (108, 13)   vdiff=  4.8962E-03 (120,  9)
n=  3371   udiff=  5.6056E-03 (108, 13)   vdiff=  4.8877E-03 (120,  9)
n=  3372   udiff=  5.5936E-03 (108, 13)   vdiff=  4.8793E-03 (120,  9)
n=  3373   udiff=  5.5816E-03 (108, 13)   vdiff=  4.8708E-03 (120,  9)
n=  3374   udiff=  5.5697E-03 (108, 13)   vdiff=  4.8623E-03 (120,  9)
n=  3375   udiff=  5.5578E-03 (108, 13)   vdiff=  4.8540E-03 (120,  9)
n=  3376   udiff=  5.5458E-03 (108, 13)   vdiff=  4.8453E-03 (120,  9)
n=  3377   udiff=  5.5339E-03 (108, 13)   vdiff=  4.8369E-03 (120,  9)
n=  3378   udiff=  5.5220E-03 (108, 13)   vdiff=  4.8284E-03 (120,  9)
n=  3379   udiff=  5.5102E-03 (108, 13)   vdiff=  4.8199E-03 (120,  9)
n=  3380   udiff=  5.4983E-03 (108, 13)   vdiff=  4.8116E-03 (120,  9)
n=  3381   udiff=  5.4865E-03 (108, 13)   vdiff=  4.8030E-03 (120,  9)
n=  3382   udiff=  5.4746E-03 (108, 13)   vdiff=  4.7945E-03 (120,  9)
n=  3383   udiff=  5.4628E-03 (108, 13)   vdiff=  4.7861E-03 (120,  9)
n=  3384   udiff=  5.4510E-03 (108, 13)   vdiff=  4.7776E-03 (120,  9)
n=  3385   udiff=  5.4392E-03 (108, 13)   vdiff=  4.7692E-03 (120,  9)
n=  3386   udiff=  5.4274E-03 (108, 13)   vdiff=  4.7608E-03 (120,  9)
n=  3387   udiff=  5.4157E-03 (108, 13)   vdiff=  4.7522E-03 (120,  9)
n=  3388   udiff=  5.4039E-03 (108, 13)   vdiff=  4.7438E-03 (120,  9)
n=  3389   udiff=  5.3922E-03 (108, 13)   vdiff=  4.7354E-03 (120,  9)
n=  3390   udiff=  5.3804E-03 (108, 13)   vdiff=  4.7268E-03 (120,  9)
n=  3391   udiff=  5.3687E-03 (108, 13)   vdiff=  4.7185E-03 (120,  9)
n=  3392   udiff=  5.3570E-03 (109, 12)   vdiff=  4.7100E-03 (120,  9)
n=  3393   udiff=  5.3457E-03 (109, 12)   vdiff=  4.7015E-03 (120,  9)
n=  3394   udiff=  5.3344E-03 (109, 12)   vdiff=  4.6932E-03 (120,  9)
n=  3395   udiff=  5.3231E-03 (109, 12)   vdiff=  4.6848E-03 (120,  9)
n=  3396   udiff=  5.3118E-03 (109, 12)   vdiff=  4.6762E-03 (120,  9)
n=  3397   udiff=  5.3006E-03 (109, 12)   vdiff=  4.6680E-03 (120,  9)
n=  3398   udiff=  5.2893E-03 (109, 12)   vdiff=  4.6594E-03 (120,  9)
n=  3399   udiff=  5.2781E-03 (109, 12)   vdiff=  4.6510E-03 (120,  9)
n=  3400   udiff=  5.2669E-03 (109, 12)   vdiff=  4.6425E-03 (120,  9)
n=  3401   udiff=  5.2556E-03 (109, 12)   vdiff=  4.6342E-03 (120,  9)
n=  3402   udiff=  5.2444E-03 (109, 12)   vdiff=  4.6258E-03 (120,  9)
n=  3403   udiff=  5.2332E-03 (109, 12)   vdiff=  4.6173E-03 (120,  9)
n=  3404   udiff=  5.2220E-03 (109, 12)   vdiff=  4.6091E-03 (120,  9)
n=  3405   udiff=  5.2108E-03 (109, 12)   vdiff=  4.6005E-03 (120,  9)
n=  3406   udiff=  5.1997E-03 (109, 12)   vdiff=  4.5922E-03 (120,  9)
n=  3407   udiff=  5.1888E-03 (110, 12)   vdiff=  4.5838E-03 (120,  9)
n=  3408   udiff=  5.1778E-03 (110, 12)   vdiff=  4.5754E-03 (120,  9)
n=  3409   udiff=  5.1669E-03 (110, 12)   vdiff=  4.5670E-03 (120,  9)
n=  3410   udiff=  5.1560E-03 (110, 12)   vdiff=  4.5586E-03 (120,  9)
n=  3411   udiff=  5.1451E-03 (110, 12)   vdiff=  4.5501E-03 (120,  9)
n=  3412   udiff=  5.1342E-03 (110, 12)   vdiff=  4.5418E-03 (120,  9)
n=  3413   udiff=  5.1234E-03 (110, 12)   vdiff=  4.5334E-03 (120,  9)
n=  3414   udiff=  5.1124E-03 (110, 12)   vdiff=  4.5252E-03 (120,  9)
n=  3415   udiff=  5.1016E-03 (110, 12)   vdiff=  4.5168E-03 (120,  9)
n=  3416   udiff=  5.0908E-03 (110, 12)   vdiff=  4.5083E-03 (120,  9)
n=  3417   udiff=  5.0799E-03 (110, 12)   vdiff=  4.5002E-03 (120,  9)
n=  3418   udiff=  5.0690E-03 (110, 12)   vdiff=  4.4918E-03 (120,  9)
n=  3419   udiff=  5.0582E-03 (110, 12)   vdiff=  4.4833E-03 (120,  9)
n=  3420   udiff=  5.0474E-03 (110, 12)   vdiff=  4.4749E-03 (120,  9)
n=  3421   udiff=  5.0367E-03 (110, 12)   vdiff=  4.4667E-03 (120,  9)
n=  3422   udiff=  5.0259E-03 (110, 12)   vdiff=  4.4582E-03 (120,  9)
n=  3423   udiff=  5.0151E-03 (110, 12)   vdiff=  4.4500E-03 (120,  9)
n=  3424   udiff=  5.0064E-03 ( 51, 28)   vdiff=  4.4417E-03 (120,  9)
n=  3425   udiff=  5.0027E-03 ( 51, 28)   vdiff=  4.4333E-03 (120,  9)
n=  3426   udiff=  4.9989E-03 ( 51, 28)   vdiff=  4.4250E-03 (120,  9)
n=  3427   udiff=  4.9952E-03 ( 51, 28)   vdiff=  4.4168E-03 (120,  9)
n=  3428   udiff=  4.9914E-03 ( 51, 28)   vdiff=  4.4147E-03 ( 59, 25)
n=  3429   udiff=  4.9876E-03 ( 51, 28)   vdiff=  4.4132E-03 ( 59, 25)
n=  3430   udiff=  4.9838E-03 ( 51, 28)   vdiff=  4.4116E-03 ( 59, 25)
n=  3431   udiff=  4.9800E-03 ( 51, 28)   vdiff=  4.4101E-03 ( 59, 25)
n=  3432   udiff=  4.9762E-03 ( 51, 28)   vdiff=  4.4085E-03 ( 59, 25)
n=  3433   udiff=  4.9723E-03 ( 51, 28)   vdiff=  4.4069E-03 ( 59, 25)
n=  3434   udiff=  4.9684E-03 ( 51, 28)   vdiff=  4.4054E-03 ( 59, 25)
n=  3435   udiff=  4.9645E-03 ( 51, 28)   vdiff=  4.4038E-03 ( 59, 25)
n=  3436   udiff=  4.9606E-03 ( 51, 28)   vdiff=  4.4021E-03 ( 59, 25)
n=  3437   udiff=  4.9566E-03 ( 51, 28)   vdiff=  4.4005E-03 ( 59, 25)
n=  3438   udiff=  4.9527E-03 ( 51, 28)   vdiff=  4.3989E-03 ( 59, 25)
n=  3439   udiff=  4.9487E-03 ( 51, 28)   vdiff=  4.3972E-03 ( 59, 25)
n=  3440   udiff=  4.9447E-03 ( 51, 28)   vdiff=  4.3956E-03 ( 59, 25)
n=  3441   udiff=  4.9407E-03 ( 51, 28)   vdiff=  4.3939E-03 ( 59, 25)
n=  3442   udiff=  4.9367E-03 ( 51, 28)   vdiff=  4.3922E-03 ( 59, 25)
n=  3443   udiff=  4.9329E-03 ( 52, 28)   vdiff=  4.3905E-03 ( 59, 25)
n=  3444   udiff=  4.9290E-03 ( 52, 28)   vdiff=  4.3888E-03 ( 59, 25)
n=  3445   udiff=  4.9251E-03 ( 52, 28)   vdiff=  4.3870E-03 ( 59, 25)
n=  3446   udiff=  4.9212E-03 ( 52, 28)   vdiff=  4.3853E-03 ( 59, 25)
n=  3447   udiff=  4.9172E-03 ( 52, 28)   vdiff=  4.3835E-03 ( 59, 25)
n=  3448   udiff=  4.9133E-03 ( 52, 28)   vdiff=  4.3818E-03 ( 59, 25)
n=  3449   udiff=  4.9094E-03 ( 52, 28)   vdiff=  4.3800E-03 ( 59, 25)
n=  3450   udiff=  4.9054E-03 ( 52, 28)   vdiff=  4.3782E-03 ( 59, 25)
n=  3451   udiff=  4.9014E-03 ( 52, 28)   vdiff=  4.3764E-03 ( 59, 25)
n=  3452   udiff=  4.8974E-03 ( 52, 28)   vdiff=  4.3746E-03 ( 59, 25)
n=  3453   udiff=  4.8934E-03 ( 52, 28)   vdiff=  4.3728E-03 ( 59, 25)
n=  3454   udiff=  4.8893E-03 ( 52, 28)   vdiff=  4.3709E-03 ( 59, 25)
n=  3455   udiff=  4.8853E-03 ( 52, 28)   vdiff=  4.3691E-03 ( 59, 25)
n=  3456   udiff=  4.8812E-03 ( 52, 28)   vdiff=  4.3673E-03 ( 59, 25)
n=  3457   udiff=  4.8771E-03 ( 52, 28)   vdiff=  4.3654E-03 ( 59, 25)
n=  3458   udiff=  4.8730E-03 ( 52, 28)   vdiff=  4.3635E-03 ( 59, 25)
n=  3459   udiff=  4.8689E-03 ( 52, 28)   vdiff=  4.3616E-03 ( 59, 25)
n=  3460   udiff=  4.8648E-03 ( 52, 28)   vdiff=  4.3597E-03 ( 59, 25)
n=  3461   udiff=  4.8607E-03 ( 52, 28)   vdiff=  4.3578E-03 ( 59, 25)
n=  3462   udiff=  4.8565E-03 ( 52, 28)   vdiff=  4.3559E-03 ( 59, 25)
n=  3463   udiff=  4.8523E-03 ( 52, 28)   vdiff=  4.3539E-03 ( 59, 25)
n=  3464   udiff=  4.8481E-03 ( 52, 28)   vdiff=  4.3519E-03 ( 59, 25)
n=  3465   udiff=  4.8439E-03 ( 52, 28)   vdiff=  4.3500E-03 ( 59, 25)
n=  3466   udiff=  4.8397E-03 ( 52, 28)   vdiff=  4.3480E-03 ( 59, 25)
n=  3467   udiff=  4.8355E-03 ( 52, 28)   vdiff=  4.3460E-03 ( 59, 25)
n=  3468   udiff=  4.8312E-03 ( 52, 28)   vdiff=  4.3440E-03 ( 59, 25)
n=  3469   udiff=  4.8269E-03 ( 52, 28)   vdiff=  4.3420E-03 ( 59, 25)
n=  3470   udiff=  4.8226E-03 ( 52, 28)   vdiff=  4.3400E-03 ( 59, 25)
n=  3471   udiff=  4.8184E-03 ( 52, 28)   vdiff=  4.3380E-03 ( 59, 25)
n=  3472   udiff=  4.8141E-03 ( 52, 28)   vdiff=  4.3359E-03 ( 59, 25)
n=  3473   udiff=  4.8097E-03 ( 52, 28)   vdiff=  4.3339E-03 ( 59, 25)
n=  3474   udiff=  4.8054E-03 ( 52, 28)   vdiff=  4.3318E-03 ( 59, 25)
n=  3475   udiff=  4.8010E-03 ( 52, 28)   vdiff=  4.3297E-03 ( 59, 25)
n=  3476   udiff=  4.7967E-03 ( 52, 28)   vdiff=  4.3276E-03 ( 59, 25)
n=  3477   udiff=  4.7938E-03 ( 49, 27)   vdiff=  4.3255E-03 ( 59, 25)
n=  3478   udiff=  4.7908E-03 ( 49, 27)   vdiff=  4.3234E-03 ( 59, 25)
n=  3479   udiff=  4.7879E-03 ( 49, 27)   vdiff=  4.3213E-03 ( 59, 25)
n=  3480   udiff=  4.7849E-03 ( 49, 27)   vdiff=  4.3191E-03 ( 59, 25)
n=  3481   udiff=  4.7820E-03 ( 49, 27)   vdiff=  4.3170E-03 ( 59, 25)
n=  3482   udiff=  4.7789E-03 ( 49, 27)   vdiff=  4.3148E-03 ( 59, 25)
n=  3483   udiff=  4.7759E-03 ( 49, 27)   vdiff=  4.3126E-03 ( 59, 25)
n=  3484   udiff=  4.7728E-03 ( 49, 27)   vdiff=  4.3105E-03 ( 59, 25)
n=  3485   udiff=  4.7698E-03 ( 49, 27)   vdiff=  4.3083E-03 ( 59, 25)
n=  3486   udiff=  4.7667E-03 ( 49, 27)   vdiff=  4.3061E-03 ( 59, 25)
n=  3487   udiff=  4.7635E-03 ( 49, 27)   vdiff=  4.3039E-03 ( 59, 25)
n=  3488   udiff=  4.7604E-03 ( 49, 27)   vdiff=  4.3016E-03 ( 59, 25)
n=  3489   udiff=  4.7572E-03 ( 49, 27)   vdiff=  4.2994E-03 ( 59, 25)
n=  3490   udiff=  4.7540E-03 ( 49, 27)   vdiff=  4.2972E-03 ( 59, 25)
n=  3491   udiff=  4.7507E-03 ( 49, 27)   vdiff=  4.2949E-03 ( 59, 25)
n=  3492   udiff=  4.7475E-03 ( 49, 27)   vdiff=  4.2926E-03 ( 59, 25)
n=  3493   udiff=  4.7442E-03 ( 49, 27)   vdiff=  4.2903E-03 ( 59, 25)
n=  3494   udiff=  4.7409E-03 ( 49, 27)   vdiff=  4.2881E-03 ( 59, 25)
n=  3495   udiff=  4.7376E-03 ( 49, 27)   vdiff=  4.2858E-03 ( 59, 25)
n=  3496   udiff=  4.7342E-03 ( 49, 27)   vdiff=  4.2835E-03 ( 59, 25)
n=  3497   udiff=  4.7309E-03 ( 49, 27)   vdiff=  4.2811E-03 ( 59, 25)
n=  3498   udiff=  4.7275E-03 ( 49, 27)   vdiff=  4.2788E-03 ( 59, 25)
n=  3499   udiff=  4.7241E-03 ( 49, 27)   vdiff=  4.2765E-03 ( 59, 25)
n=  3500   udiff=  4.7206E-03 ( 49, 27)   vdiff=  4.2741E-03 ( 59, 25)
n=  3501   udiff=  4.7172E-03 ( 49, 27)   vdiff=  4.2717E-03 ( 59, 25)
n=  3502   udiff=  4.7137E-03 ( 49, 27)   vdiff=  4.2694E-03 ( 59, 25)
n=  3503   udiff=  4.7102E-03 ( 49, 27)   vdiff=  4.2670E-03 ( 59, 25)
n=  3504   udiff=  4.7066E-03 ( 49, 27)   vdiff=  4.2646E-03 ( 59, 25)
n=  3505   udiff=  4.7031E-03 ( 49, 27)   vdiff=  4.2622E-03 ( 59, 25)
n=  3506   udiff=  4.6995E-03 ( 49, 27)   vdiff=  4.2598E-03 ( 59, 25)
n=  3507   udiff=  4.6959E-03 ( 49, 27)   vdiff=  4.2573E-03 ( 59, 25)
n=  3508   udiff=  4.6923E-03 ( 49, 27)   vdiff=  4.2549E-03 ( 59, 25)
n=  3509   udiff=  4.6887E-03 ( 49, 27)   vdiff=  4.2524E-03 ( 59, 25)
n=  3510   udiff=  4.6853E-03 ( 50, 27)   vdiff=  4.2500E-03 ( 59, 25)
n=  3511   udiff=  4.6824E-03 ( 50, 27)   vdiff=  4.2475E-03 ( 59, 25)
n=  3512   udiff=  4.6794E-03 ( 50, 27)   vdiff=  4.2450E-03 ( 59, 25)
n=  3513   udiff=  4.6765E-03 ( 50, 27)   vdiff=  4.2425E-03 ( 59, 25)
n=  3514   udiff=  4.6735E-03 ( 50, 27)   vdiff=  4.2400E-03 ( 59, 25)
n=  3515   udiff=  4.6704E-03 ( 50, 27)   vdiff=  4.2375E-03 ( 59, 25)
n=  3516   udiff=  4.6674E-03 ( 50, 27)   vdiff=  4.2350E-03 ( 59, 25)
n=  3517   udiff=  4.6643E-03 ( 50, 27)   vdiff=  4.2324E-03 ( 59, 25)
n=  3518   udiff=  4.6612E-03 ( 50, 27)   vdiff=  4.2299E-03 ( 59, 25)
n=  3519   udiff=  4.6581E-03 ( 50, 27)   vdiff=  4.2274E-03 ( 59, 25)
n=  3520   udiff=  4.6550E-03 ( 50, 27)   vdiff=  4.2248E-03 ( 59, 25)
n=  3521   udiff=  4.6518E-03 ( 50, 27)   vdiff=  4.2222E-03 ( 59, 25)
n=  3522   udiff=  4.6487E-03 ( 50, 27)   vdiff=  4.2197E-03 ( 59, 25)
n=  3523   udiff=  4.6455E-03 ( 50, 27)   vdiff=  4.2170E-03 ( 59, 25)
n=  3524   udiff=  4.6422E-03 ( 50, 27)   vdiff=  4.2144E-03 ( 59, 25)
n=  3525   udiff=  4.6390E-03 ( 50, 27)   vdiff=  4.2118E-03 ( 59, 25)
n=  3526   udiff=  4.6357E-03 ( 50, 27)   vdiff=  4.2092E-03 ( 59, 25)
n=  3527   udiff=  4.6324E-03 ( 50, 27)   vdiff=  4.2066E-03 ( 59, 25)
n=  3528   udiff=  4.6291E-03 ( 50, 27)   vdiff=  4.2039E-03 ( 59, 25)
n=  3529   udiff=  4.6258E-03 ( 50, 27)   vdiff=  4.2013E-03 ( 59, 25)
n=  3530   udiff=  4.6224E-03 ( 50, 27)   vdiff=  4.1986E-03 ( 59, 25)
n=  3531   udiff=  4.6190E-03 ( 50, 27)   vdiff=  4.1959E-03 ( 59, 25)
n=  3532   udiff=  4.6157E-03 ( 50, 27)   vdiff=  4.1932E-03 ( 59, 25)
n=  3533   udiff=  4.6122E-03 ( 50, 27)   vdiff=  4.1906E-03 ( 59, 25)
n=  3534   udiff=  4.6088E-03 ( 50, 27)   vdiff=  4.1879E-03 ( 59, 25)
n=  3535   udiff=  4.6053E-03 ( 50, 27)   vdiff=  4.1851E-03 ( 59, 25)
n=  3536   udiff=  4.6019E-03 ( 50, 27)   vdiff=  4.1824E-03 ( 59, 25)
n=  3537   udiff=  4.5984E-03 ( 50, 27)   vdiff=  4.1797E-03 ( 59, 25)
n=  3538   udiff=  4.5948E-03 ( 50, 27)   vdiff=  4.1769E-03 ( 59, 25)
n=  3539   udiff=  4.5913E-03 ( 50, 27)   vdiff=  4.1742E-03 ( 59, 25)
n=  3540   udiff=  4.5877E-03 ( 50, 27)   vdiff=  4.1715E-03 ( 59, 25)
n=  3541   udiff=  4.5842E-03 ( 50, 27)   vdiff=  4.1687E-03 ( 59, 25)
n=  3542   udiff=  4.5806E-03 ( 50, 27)   vdiff=  4.1659E-03 ( 59, 25)
n=  3543   udiff=  4.5769E-03 ( 50, 27)   vdiff=  4.1631E-03 ( 59, 25)
n=  3544   udiff=  4.5733E-03 ( 50, 27)   vdiff=  4.1603E-03 ( 59, 25)
n=  3545   udiff=  4.5696E-03 ( 50, 27)   vdiff=  4.1575E-03 ( 59, 25)
n=  3546   udiff=  4.5659E-03 ( 50, 27)   vdiff=  4.1547E-03 ( 59, 25)
n=  3547   udiff=  4.5622E-03 ( 50, 27)   vdiff=  4.1528E-03 ( 58, 25)
n=  3548   udiff=  4.5585E-03 ( 50, 27)   vdiff=  4.1510E-03 ( 58, 25)
n=  3549   udiff=  4.5548E-03 ( 50, 27)   vdiff=  4.1492E-03 ( 58, 25)
n=  3550   udiff=  4.5510E-03 ( 50, 27)   vdiff=  4.1474E-03 ( 58, 25)
n=  3551   udiff=  4.5472E-03 ( 50, 27)   vdiff=  4.1456E-03 ( 58, 25)
n=  3552   udiff=  4.5434E-03 ( 50, 27)   vdiff=  4.1437E-03 ( 58, 25)
n=  3553   udiff=  4.5396E-03 ( 50, 27)   vdiff=  4.1418E-03 ( 58, 25)
n=  3554   udiff=  4.5358E-03 ( 50, 27)   vdiff=  4.1400E-03 ( 58, 25)
n=  3555   udiff=  4.5319E-03 ( 50, 27)   vdiff=  4.1381E-03 ( 58, 25)
n=  3556   udiff=  4.5280E-03 ( 50, 27)   vdiff=  4.1362E-03 ( 58, 25)
n=  3557   udiff=  4.5241E-03 ( 50, 27)   vdiff=  4.1342E-03 ( 58, 25)
n=  3558   udiff=  4.5202E-03 ( 50, 27)   vdiff=  4.1323E-03 ( 58, 25)
n=  3559   udiff=  4.5163E-03 ( 50, 27)   vdiff=  4.1303E-03 ( 58, 25)
n=  3560   udiff=  4.5123E-03 ( 50, 27)   vdiff=  4.1284E-03 ( 58, 25)
n=  3561   udiff=  4.5083E-03 ( 50, 27)   vdiff=  4.1264E-03 ( 58, 25)
n=  3562   udiff=  4.5043E-03 ( 50, 27)   vdiff=  4.1247E-03 ( 58, 24)
n=  3563   udiff=  4.5003E-03 ( 50, 27)   vdiff=  4.1246E-03 ( 58, 24)
n=  3564   udiff=  4.4963E-03 ( 50, 27)   vdiff=  4.1245E-03 ( 58, 24)
n=  3565   udiff=  4.4923E-03 ( 50, 27)   vdiff=  4.1244E-03 ( 58, 24)
n=  3566   udiff=  4.4882E-03 ( 50, 27)   vdiff=  4.1242E-03 ( 58, 24)
n=  3567   udiff=  4.4841E-03 ( 50, 27)   vdiff=  4.1240E-03 ( 58, 24)
n=  3568   udiff=  4.4800E-03 ( 50, 27)   vdiff=  4.1238E-03 ( 58, 24)
n=  3569   udiff=  4.4759E-03 ( 50, 27)   vdiff=  4.1236E-03 ( 58, 24)
n=  3570   udiff=  4.4718E-03 ( 50, 27)   vdiff=  4.1234E-03 ( 58, 24)
n=  3571   udiff=  4.4676E-03 ( 50, 27)   vdiff=  4.1231E-03 ( 58, 24)
n=  3572   udiff=  4.4635E-03 ( 50, 27)   vdiff=  4.1228E-03 ( 58, 24)
n=  3573   udiff=  4.4593E-03 ( 50, 27)   vdiff=  4.1225E-03 ( 58, 24)
n=  3574   udiff=  4.4551E-03 ( 50, 27)   vdiff=  4.1221E-03 ( 58, 24)
n=  3575   udiff=  4.4508E-03 ( 50, 27)   vdiff=  4.1218E-03 ( 58, 24)
n=  3576   udiff=  4.4466E-03 ( 50, 27)   vdiff=  4.1214E-03 ( 58, 24)
n=  3577   udiff=  4.4423E-03 ( 50, 27)   vdiff=  4.1210E-03 ( 58, 24)
n=  3578   udiff=  4.4381E-03 ( 50, 27)   vdiff=  4.1207E-03 ( 58, 24)
n=  3579   udiff=  4.4338E-03 ( 50, 27)   vdiff=  4.1202E-03 ( 58, 24)
n=  3580   udiff=  4.4295E-03 ( 50, 27)   vdiff=  4.1198E-03 ( 58, 24)
n=  3581   udiff=  4.4252E-03 ( 50, 27)   vdiff=  4.1193E-03 ( 58, 24)
n=  3582   udiff=  4.4208E-03 ( 50, 27)   vdiff=  4.1188E-03 ( 58, 24)
n=  3583   udiff=  4.4167E-03 ( 51, 27)   vdiff=  4.1183E-03 ( 58, 24)
n=  3584   udiff=  4.4129E-03 ( 51, 27)   vdiff=  4.1177E-03 ( 58, 24)
n=  3585   udiff=  4.4091E-03 ( 51, 27)   vdiff=  4.1172E-03 ( 58, 24)
n=  3586   udiff=  4.4053E-03 ( 51, 27)   vdiff=  4.1166E-03 ( 58, 24)
n=  3587   udiff=  4.4015E-03 ( 51, 27)   vdiff=  4.1160E-03 ( 58, 24)
n=  3588   udiff=  4.3977E-03 ( 51, 27)   vdiff=  4.1154E-03 ( 58, 24)
n=  3589   udiff=  4.3938E-03 ( 51, 27)   vdiff=  4.1148E-03 ( 58, 24)
n=  3590   udiff=  4.3899E-03 ( 51, 27)   vdiff=  4.1141E-03 ( 58, 24)
n=  3591   udiff=  4.3860E-03 ( 51, 27)   vdiff=  4.1134E-03 ( 58, 24)
n=  3592   udiff=  4.3822E-03 ( 51, 27)   vdiff=  4.1128E-03 ( 58, 24)
n=  3593   udiff=  4.3782E-03 ( 51, 27)   vdiff=  4.1121E-03 ( 58, 24)
n=  3594   udiff=  4.3743E-03 ( 51, 27)   vdiff=  4.1113E-03 ( 58, 24)
n=  3595   udiff=  4.3703E-03 ( 51, 27)   vdiff=  4.1105E-03 ( 58, 24)
n=  3596   udiff=  4.3663E-03 ( 51, 27)   vdiff=  4.1098E-03 ( 58, 24)
n=  3597   udiff=  4.3624E-03 ( 51, 27)   vdiff=  4.1090E-03 ( 58, 24)
n=  3598   udiff=  4.3583E-03 ( 51, 27)   vdiff=  4.1081E-03 ( 58, 24)
n=  3599   udiff=  4.3543E-03 ( 51, 27)   vdiff=  4.1073E-03 ( 58, 24)
n=  3600   udiff=  4.3503E-03 ( 51, 27)   vdiff=  4.1065E-03 ( 58, 24)
n=  3601   udiff=  4.3462E-03 ( 51, 27)   vdiff=  4.1056E-03 ( 58, 24)
n=  3602   udiff=  4.3422E-03 ( 51, 27)   vdiff=  4.1047E-03 ( 58, 24)
n=  3603   udiff=  4.3381E-03 ( 51, 27)   vdiff=  4.1038E-03 ( 58, 24)
n=  3604   udiff=  4.3340E-03 ( 51, 27)   vdiff=  4.1029E-03 ( 58, 24)
n=  3605   udiff=  4.3299E-03 ( 51, 27)   vdiff=  4.1019E-03 ( 58, 24)
n=  3606   udiff=  4.3257E-03 ( 51, 27)   vdiff=  4.1010E-03 ( 58, 24)
n=  3607   udiff=  4.3216E-03 ( 51, 27)   vdiff=  4.0999E-03 ( 58, 24)
n=  3608   udiff=  4.3174E-03 ( 51, 27)   vdiff=  4.0989E-03 ( 58, 24)
n=  3609   udiff=  4.3132E-03 ( 51, 27)   vdiff=  4.0979E-03 ( 58, 24)
n=  3610   udiff=  4.3090E-03 ( 51, 27)   vdiff=  4.0969E-03 ( 58, 24)
n=  3611   udiff=  4.3048E-03 ( 51, 27)   vdiff=  4.0959E-03 ( 58, 24)
n=  3612   udiff=  4.3006E-03 ( 51, 27)   vdiff=  4.0947E-03 ( 58, 24)
n=  3613   udiff=  4.2963E-03 ( 51, 27)   vdiff=  4.0937E-03 ( 58, 24)
n=  3614   udiff=  4.2921E-03 ( 51, 27)   vdiff=  4.0925E-03 ( 58, 24)
n=  3615   udiff=  4.2878E-03 ( 51, 27)   vdiff=  4.0914E-03 ( 58, 24)
n=  3616   udiff=  4.2835E-03 ( 51, 27)   vdiff=  4.0903E-03 ( 58, 24)
n=  3617   udiff=  4.2792E-03 ( 51, 27)   vdiff=  4.0891E-03 ( 58, 24)
n=  3618   udiff=  4.2749E-03 ( 51, 27)   vdiff=  4.0879E-03 ( 58, 24)
n=  3619   udiff=  4.2705E-03 ( 51, 27)   vdiff=  4.0866E-03 ( 58, 24)
n=  3620   udiff=  4.2662E-03 ( 51, 27)   vdiff=  4.0855E-03 ( 58, 24)
n=  3621   udiff=  4.2618E-03 ( 51, 27)   vdiff=  4.0842E-03 ( 58, 24)
n=  3622   udiff=  4.2575E-03 ( 51, 27)   vdiff=  4.0829E-03 ( 58, 24)
n=  3623   udiff=  4.2530E-03 ( 51, 27)   vdiff=  4.0816E-03 ( 58, 24)
n=  3624   udiff=  4.2486E-03 ( 51, 27)   vdiff=  4.0803E-03 ( 58, 24)
n=  3625   udiff=  4.2442E-03 ( 51, 27)   vdiff=  4.0790E-03 ( 58, 24)
n=  3626   udiff=  4.2398E-03 ( 51, 27)   vdiff=  4.0777E-03 ( 58, 24)
n=  3627   udiff=  4.2353E-03 ( 51, 27)   vdiff=  4.0763E-03 ( 58, 24)
n=  3628   udiff=  4.2309E-03 ( 51, 27)   vdiff=  4.0750E-03 ( 58, 24)
n=  3629   udiff=  4.2264E-03 ( 51, 27)   vdiff=  4.0736E-03 ( 58, 24)
n=  3630   udiff=  4.2219E-03 ( 51, 27)   vdiff=  4.0722E-03 ( 58, 24)
n=  3631   udiff=  4.2174E-03 ( 51, 27)   vdiff=  4.0707E-03 ( 58, 24)
n=  3632   udiff=  4.2129E-03 ( 51, 27)   vdiff=  4.0693E-03 ( 58, 24)
n=  3633   udiff=  4.2083E-03 ( 51, 27)   vdiff=  4.0678E-03 ( 58, 24)
n=  3634   udiff=  4.2038E-03 ( 51, 27)   vdiff=  4.0664E-03 ( 58, 24)
n=  3635   udiff=  4.1992E-03 ( 51, 27)   vdiff=  4.0648E-03 ( 58, 24)
n=  3636   udiff=  4.1947E-03 ( 51, 27)   vdiff=  4.0633E-03 ( 58, 24)
n=  3637   udiff=  4.1901E-03 ( 51, 27)   vdiff=  4.0618E-03 ( 58, 24)
n=  3638   udiff=  4.1855E-03 ( 51, 27)   vdiff=  4.0602E-03 ( 58, 24)
n=  3639   udiff=  4.1809E-03 ( 51, 27)   vdiff=  4.0587E-03 ( 58, 24)
n=  3640   udiff=  4.1762E-03 ( 51, 27)   vdiff=  4.0571E-03 ( 58, 24)
n=  3641   udiff=  4.1716E-03 ( 51, 27)   vdiff=  4.0555E-03 ( 58, 24)
n=  3642   udiff=  4.1669E-03 ( 51, 27)   vdiff=  4.0539E-03 ( 58, 24)
n=  3643   udiff=  4.1623E-03 ( 51, 27)   vdiff=  4.0522E-03 ( 58, 24)
n=  3644   udiff=  4.1576E-03 ( 51, 27)   vdiff=  4.0506E-03 ( 58, 24)
n=  3645   udiff=  4.1529E-03 ( 51, 27)   vdiff=  4.0489E-03 ( 58, 24)
n=  3646   udiff=  4.1482E-03 ( 51, 27)   vdiff=  4.0473E-03 ( 58, 24)
n=  3647   udiff=  4.1435E-03 ( 51, 27)   vdiff=  4.0455E-03 ( 58, 24)
n=  3648   udiff=  4.1387E-03 ( 51, 27)   vdiff=  4.0438E-03 ( 58, 24)
n=  3649   udiff=  4.1340E-03 ( 51, 27)   vdiff=  4.0421E-03 ( 58, 24)
n=  3650   udiff=  4.1292E-03 ( 51, 27)   vdiff=  4.0403E-03 ( 58, 24)
n=  3651   udiff=  4.1245E-03 ( 51, 27)   vdiff=  4.0386E-03 ( 58, 24)
n=  3652   udiff=  4.1197E-03 ( 51, 27)   vdiff=  4.0368E-03 ( 58, 24)
n=  3653   udiff=  4.1149E-03 ( 51, 27)   vdiff=  4.0349E-03 ( 58, 24)
n=  3654   udiff=  4.1101E-03 ( 51, 27)   vdiff=  4.0331E-03 ( 58, 24)
n=  3655   udiff=  4.1053E-03 ( 51, 27)   vdiff=  4.0313E-03 ( 58, 24)
n=  3656   udiff=  4.1004E-03 ( 51, 27)   vdiff=  4.0295E-03 ( 58, 24)
n=  3657   udiff=  4.0956E-03 ( 51, 27)   vdiff=  4.0275E-03 ( 58, 24)
n=  3658   udiff=  4.0908E-03 ( 51, 27)   vdiff=  4.0257E-03 ( 58, 24)
n=  3659   udiff=  4.0859E-03 ( 51, 27)   vdiff=  4.0238E-03 ( 58, 24)
n=  3660   udiff=  4.0810E-03 ( 51, 27)   vdiff=  4.0219E-03 ( 58, 24)
n=  3661   udiff=  4.0761E-03 ( 51, 27)   vdiff=  4.0199E-03 ( 58, 24)
n=  3662   udiff=  4.0712E-03 ( 51, 27)   vdiff=  4.0180E-03 ( 58, 24)
n=  3663   udiff=  4.0663E-03 ( 51, 27)   vdiff=  4.0160E-03 ( 58, 24)
n=  3664   udiff=  4.0614E-03 ( 51, 27)   vdiff=  4.0141E-03 ( 58, 24)
n=  3665   udiff=  4.0565E-03 ( 51, 27)   vdiff=  4.0121E-03 ( 58, 24)
n=  3666   udiff=  4.0515E-03 ( 51, 27)   vdiff=  4.0100E-03 ( 58, 24)
n=  3667   udiff=  4.0466E-03 ( 51, 27)   vdiff=  4.0080E-03 ( 58, 24)
n=  3668   udiff=  4.0416E-03 ( 51, 27)   vdiff=  4.0060E-03 ( 58, 24)
n=  3669   udiff=  4.0366E-03 ( 51, 27)   vdiff=  4.0038E-03 ( 58, 24)
n=  3670   udiff=  4.0317E-03 ( 51, 27)   vdiff=  4.0018E-03 ( 58, 24)
n=  3671   udiff=  4.0267E-03 ( 51, 27)   vdiff=  3.9997E-03 ( 58, 24)
n=  3672   udiff=  4.0216E-03 ( 51, 27)   vdiff=  3.9988E-03 ( 58, 23)
n=  3673   udiff=  4.0166E-03 ( 51, 27)   vdiff=  3.9978E-03 ( 58, 23)
n=  3674   udiff=  4.0116E-03 ( 51, 27)   vdiff=  3.9969E-03 ( 58, 23)
n=  3675   udiff=  4.0065E-03 ( 51, 27)   vdiff=  3.9959E-03 ( 58, 23)
n=  3676   udiff=  4.0015E-03 ( 51, 27)   vdiff=  3.9950E-03 ( 58, 23)
n=  3677   udiff=  3.9964E-03 ( 51, 27)   vdiff=  3.9940E-03 ( 58, 23)
n=  3678   udiff=  3.9914E-03 ( 52, 27)   vdiff=  3.9930E-03 ( 58, 23)
n=  3679   udiff=  3.9868E-03 ( 52, 27)   vdiff=  3.9919E-03 ( 58, 23)
n=  3680   udiff=  3.9822E-03 ( 52, 27)   vdiff=  3.9908E-03 ( 58, 23)
n=  3681   udiff=  3.9776E-03 ( 52, 27)   vdiff=  3.9898E-03 ( 58, 23)
n=  3682   udiff=  3.9729E-03 ( 52, 27)   vdiff=  3.9886E-03 ( 58, 23)
n=  3683   udiff=  3.9683E-03 ( 52, 27)   vdiff=  3.9875E-03 ( 58, 23)
n=  3684   udiff=  3.9636E-03 ( 52, 27)   vdiff=  3.9864E-03 ( 58, 23)
n=  3685   udiff=  3.9590E-03 ( 52, 27)   vdiff=  3.9852E-03 ( 58, 23)
n=  3686   udiff=  3.9543E-03 ( 52, 27)   vdiff=  3.9840E-03 ( 58, 23)
n=  3687   udiff=  3.9496E-03 ( 52, 27)   vdiff=  3.9827E-03 ( 58, 23)
n=  3688   udiff=  3.9449E-03 ( 52, 27)   vdiff=  3.9815E-03 ( 58, 23)
n=  3689   udiff=  3.9402E-03 ( 52, 27)   vdiff=  3.9803E-03 ( 58, 23)
n=  3690   udiff=  3.9355E-03 ( 52, 27)   vdiff=  3.9791E-03 ( 58, 23)
n=  3691   udiff=  3.9307E-03 ( 52, 27)   vdiff=  3.9778E-03 ( 58, 23)
n=  3692   udiff=  3.9260E-03 ( 52, 27)   vdiff=  3.9765E-03 ( 58, 23)
n=  3693   udiff=  3.9212E-03 ( 52, 27)   vdiff=  3.9751E-03 ( 58, 23)
n=  3694   udiff=  3.9165E-03 ( 52, 27)   vdiff=  3.9738E-03 ( 58, 23)
n=  3695   udiff=  3.9117E-03 ( 52, 27)   vdiff=  3.9725E-03 ( 58, 23)
n=  3696   udiff=  3.9069E-03 ( 52, 27)   vdiff=  3.9710E-03 ( 58, 23)
n=  3697   udiff=  3.9021E-03 ( 52, 27)   vdiff=  3.9697E-03 ( 58, 23)
n=  3698   udiff=  3.8973E-03 ( 52, 27)   vdiff=  3.9682E-03 ( 58, 23)
n=  3699   udiff=  3.8925E-03 ( 52, 27)   vdiff=  3.9668E-03 ( 58, 23)
n=  3700   udiff=  3.8877E-03 ( 52, 27)   vdiff=  3.9654E-03 ( 58, 23)
n=  3701   udiff=  3.8828E-03 ( 52, 27)   vdiff=  3.9639E-03 ( 58, 23)
n=  3702   udiff=  3.8780E-03 ( 52, 27)   vdiff=  3.9624E-03 ( 58, 23)
n=  3703   udiff=  3.8732E-03 ( 52, 27)   vdiff=  3.9609E-03 ( 58, 23)
n=  3704   udiff=  3.8683E-03 ( 52, 27)   vdiff=  3.9593E-03 ( 58, 23)
n=  3705   udiff=  3.8634E-03 ( 52, 27)   vdiff=  3.9577E-03 ( 58, 23)
n=  3706   udiff=  3.8585E-03 ( 52, 27)   vdiff=  3.9561E-03 ( 58, 23)
n=  3707   udiff=  3.8537E-03 ( 52, 27)   vdiff=  3.9545E-03 ( 58, 23)
n=  3708   udiff=  3.8488E-03 ( 52, 27)   vdiff=  3.9530E-03 ( 58, 23)
n=  3709   udiff=  3.8438E-03 ( 52, 27)   vdiff=  3.9513E-03 ( 58, 23)
n=  3710   udiff=  3.8389E-03 ( 52, 27)   vdiff=  3.9496E-03 ( 58, 23)
n=  3711   udiff=  3.8340E-03 ( 52, 27)   vdiff=  3.9480E-03 ( 58, 23)
n=  3712   udiff=  3.8291E-03 ( 52, 27)   vdiff=  3.9463E-03 ( 58, 23)
n=  3713   udiff=  3.8241E-03 ( 52, 27)   vdiff=  3.9446E-03 ( 58, 23)
n=  3714   udiff=  3.8192E-03 ( 52, 27)   vdiff=  3.9429E-03 ( 58, 23)
n=  3715   udiff=  3.8142E-03 ( 52, 27)   vdiff=  3.9412E-03 ( 58, 23)
n=  3716   udiff=  3.8093E-03 ( 52, 27)   vdiff=  3.9395E-03 ( 58, 23)
n=  3717   udiff=  3.8043E-03 ( 52, 27)   vdiff=  3.9376E-03 ( 58, 23)
n=  3718   udiff=  3.7993E-03 ( 52, 27)   vdiff=  3.9359E-03 ( 58, 23)
n=  3719   udiff=  3.7943E-03 ( 52, 27)   vdiff=  3.9341E-03 ( 58, 23)
n=  3720   udiff=  3.7893E-03 ( 52, 27)   vdiff=  3.9322E-03 ( 58, 23)
n=  3721   udiff=  3.7842E-03 ( 52, 27)   vdiff=  3.9303E-03 ( 58, 23)
n=  3722   udiff=  3.7793E-03 ( 52, 27)   vdiff=  3.9285E-03 ( 58, 23)
n=  3723   udiff=  3.7742E-03 ( 52, 27)   vdiff=  3.9265E-03 ( 58, 23)
n=  3724   udiff=  3.7692E-03 ( 52, 27)   vdiff=  3.9247E-03 ( 58, 23)
n=  3725   udiff=  3.7641E-03 ( 52, 27)   vdiff=  3.9228E-03 ( 58, 23)
n=  3726   udiff=  3.7591E-03 ( 52, 27)   vdiff=  3.9209E-03 ( 58, 23)
n=  3727   udiff=  3.7540E-03 ( 52, 27)   vdiff=  3.9189E-03 ( 58, 23)
n=  3728   udiff=  3.7489E-03 ( 52, 27)   vdiff=  3.9169E-03 ( 58, 23)
n=  3729   udiff=  3.7439E-03 ( 52, 27)   vdiff=  3.9149E-03 ( 58, 23)
n=  3730   udiff=  3.7388E-03 ( 52, 27)   vdiff=  3.9130E-03 ( 58, 23)
n=  3731   udiff=  3.7337E-03 ( 52, 27)   vdiff=  3.9110E-03 ( 58, 23)
n=  3732   udiff=  3.7286E-03 ( 52, 27)   vdiff=  3.9090E-03 ( 58, 23)
n=  3733   udiff=  3.7235E-03 ( 52, 27)   vdiff=  3.9068E-03 ( 58, 23)
n=  3734   udiff=  3.7184E-03 ( 52, 27)   vdiff=  3.9047E-03 ( 58, 23)
n=  3735   udiff=  3.7132E-03 ( 52, 27)   vdiff=  3.9027E-03 ( 58, 23)
n=  3736   udiff=  3.7081E-03 ( 52, 27)   vdiff=  3.9005E-03 ( 58, 23)
n=  3737   udiff=  3.7030E-03 ( 52, 27)   vdiff=  3.8984E-03 ( 58, 23)
n=  3738   udiff=  3.6978E-03 ( 52, 27)   vdiff=  3.8963E-03 ( 58, 23)
n=  3739   udiff=  3.6927E-03 ( 52, 27)   vdiff=  3.8941E-03 ( 58, 23)
n=  3740   udiff=  3.6875E-03 ( 52, 27)   vdiff=  3.8920E-03 ( 58, 23)
n=  3741   udiff=  3.6823E-03 ( 52, 27)   vdiff=  3.8898E-03 ( 58, 23)
n=  3742   udiff=  3.6772E-03 ( 52, 27)   vdiff=  3.8876E-03 ( 58, 23)
n=  3743   udiff=  3.6720E-03 ( 52, 27)   vdiff=  3.8854E-03 ( 58, 23)
n=  3744   udiff=  3.6668E-03 ( 52, 27)   vdiff=  3.8831E-03 ( 58, 23)
n=  3745   udiff=  3.6616E-03 ( 52, 27)   vdiff=  3.8808E-03 ( 58, 23)
n=  3746   udiff=  3.6564E-03 ( 52, 27)   vdiff=  3.8786E-03 ( 58, 23)
n=  3747   udiff=  3.6512E-03 ( 52, 27)   vdiff=  3.8763E-03 ( 58, 23)
n=  3748   udiff=  3.6460E-03 ( 52, 27)   vdiff=  3.8741E-03 ( 58, 23)
n=  3749   udiff=  3.6407E-03 ( 52, 27)   vdiff=  3.8717E-03 ( 58, 23)
n=  3750   udiff=  3.6355E-03 ( 52, 27)   vdiff=  3.8694E-03 ( 58, 23)
n=  3751   udiff=  3.6303E-03 ( 52, 27)   vdiff=  3.8670E-03 ( 58, 23)
n=  3752   udiff=  3.6250E-03 ( 52, 27)   vdiff=  3.8647E-03 ( 58, 23)
n=  3753   udiff=  3.6198E-03 ( 52, 27)   vdiff=  3.8623E-03 ( 58, 23)
n=  3754   udiff=  3.6145E-03 ( 52, 27)   vdiff=  3.8599E-03 ( 58, 23)
n=  3755   udiff=  3.6092E-03 ( 52, 27)   vdiff=  3.8575E-03 ( 58, 23)
n=  3756   udiff=  3.6040E-03 ( 52, 27)   vdiff=  3.8550E-03 ( 58, 23)
n=  3757   udiff=  3.5987E-03 ( 52, 27)   vdiff=  3.8525E-03 ( 58, 23)
n=  3758   udiff=  3.5934E-03 ( 52, 27)   vdiff=  3.8502E-03 ( 58, 23)
n=  3759   udiff=  3.5881E-03 ( 52, 27)   vdiff=  3.8477E-03 ( 58, 23)
n=  3760   udiff=  3.5828E-03 ( 52, 27)   vdiff=  3.8452E-03 ( 58, 23)
n=  3761   udiff=  3.5775E-03 ( 52, 27)   vdiff=  3.8426E-03 ( 58, 23)
n=  3762   udiff=  3.5722E-03 ( 52, 27)   vdiff=  3.8401E-03 ( 58, 23)
n=  3763   udiff=  3.5669E-03 ( 52, 27)   vdiff=  3.8377E-03 ( 58, 23)
n=  3764   udiff=  3.5616E-03 ( 52, 27)   vdiff=  3.8351E-03 ( 58, 23)
n=  3765   udiff=  3.5563E-03 ( 52, 27)   vdiff=  3.8326E-03 ( 58, 23)
n=  3766   udiff=  3.5510E-03 ( 52, 27)   vdiff=  3.8300E-03 ( 58, 23)
n=  3767   udiff=  3.5456E-03 ( 52, 27)   vdiff=  3.8274E-03 ( 58, 23)
n=  3768   udiff=  3.5403E-03 ( 52, 27)   vdiff=  3.8248E-03 ( 58, 23)
n=  3769   udiff=  3.5349E-03 ( 52, 27)   vdiff=  3.8221E-03 ( 58, 23)
n=  3770   udiff=  3.5296E-03 ( 52, 27)   vdiff=  3.8195E-03 ( 58, 23)
n=  3771   udiff=  3.5242E-03 ( 52, 27)   vdiff=  3.8168E-03 ( 58, 23)
n=  3772   udiff=  3.5188E-03 ( 52, 27)   vdiff=  3.8142E-03 ( 58, 23)
n=  3773   udiff=  3.5135E-03 ( 52, 27)   vdiff=  3.8115E-03 ( 58, 23)
n=  3774   udiff=  3.5081E-03 ( 52, 27)   vdiff=  3.8087E-03 ( 58, 23)
n=  3775   udiff=  3.5027E-03 ( 52, 27)   vdiff=  3.8061E-03 ( 58, 23)
n=  3776   udiff=  3.4973E-03 ( 52, 27)   vdiff=  3.8033E-03 ( 58, 23)
n=  3777   udiff=  3.4919E-03 ( 52, 27)   vdiff=  3.8006E-03 ( 58, 23)
n=  3778   udiff=  3.4866E-03 ( 52, 27)   vdiff=  3.7978E-03 ( 58, 23)
n=  3779   udiff=  3.4812E-03 ( 52, 27)   vdiff=  3.7951E-03 ( 58, 23)
n=  3780   udiff=  3.4757E-03 ( 52, 27)   vdiff=  3.7922E-03 ( 58, 23)
n=  3781   udiff=  3.4704E-03 ( 52, 27)   vdiff=  3.7895E-03 ( 58, 23)
n=  3782   udiff=  3.4649E-03 ( 52, 27)   vdiff=  3.7868E-03 ( 58, 23)
n=  3783   udiff=  3.4595E-03 ( 52, 27)   vdiff=  3.7839E-03 ( 58, 23)
n=  3784   udiff=  3.4541E-03 ( 52, 27)   vdiff=  3.7811E-03 ( 58, 23)
n=  3785   udiff=  3.4487E-03 ( 52, 27)   vdiff=  3.7782E-03 ( 58, 23)
n=  3786   udiff=  3.4432E-03 ( 52, 27)   vdiff=  3.7753E-03 ( 58, 23)
n=  3787   udiff=  3.4378E-03 ( 52, 27)   vdiff=  3.7724E-03 ( 58, 23)
n=  3788   udiff=  3.4323E-03 ( 52, 27)   vdiff=  3.7696E-03 ( 58, 23)
n=  3789   udiff=  3.4269E-03 ( 52, 27)   vdiff=  3.7666E-03 ( 58, 23)
n=  3790   udiff=  3.4214E-03 ( 52, 27)   vdiff=  3.7637E-03 ( 58, 23)
n=  3791   udiff=  3.4160E-03 ( 52, 27)   vdiff=  3.7607E-03 ( 58, 23)
n=  3792   udiff=  3.4105E-03 ( 52, 27)   vdiff=  3.7578E-03 ( 58, 23)
n=  3793   udiff=  3.4051E-03 ( 52, 27)   vdiff=  3.7549E-03 ( 58, 23)
n=  3794   udiff=  3.3996E-03 ( 52, 27)   vdiff=  3.7519E-03 ( 58, 23)
n=  3795   udiff=  3.3941E-03 ( 52, 27)   vdiff=  3.7489E-03 ( 58, 23)
n=  3796   udiff=  3.3886E-03 ( 52, 27)   vdiff=  3.7460E-03 ( 58, 23)
n=  3797   udiff=  3.3832E-03 ( 52, 27)   vdiff=  3.7429E-03 ( 58, 23)
n=  3798   udiff=  3.3777E-03 ( 52, 27)   vdiff=  3.7399E-03 ( 58, 23)
n=  3799   udiff=  3.3722E-03 ( 52, 27)   vdiff=  3.7369E-03 ( 58, 23)
n=  3800   udiff=  3.3667E-03 ( 52, 27)   vdiff=  3.7346E-03 ( 59, 22)
n=  3801   udiff=  3.3612E-03 ( 52, 27)   vdiff=  3.7328E-03 ( 59, 22)
n=  3802   udiff=  3.3557E-03 ( 52, 27)   vdiff=  3.7310E-03 ( 59, 22)
n=  3803   udiff=  3.3502E-03 ( 52, 27)   vdiff=  3.7291E-03 ( 59, 22)
n=  3804   udiff=  3.3447E-03 ( 52, 27)   vdiff=  3.7272E-03 ( 59, 22)
n=  3805   udiff=  3.3392E-03 ( 52, 27)   vdiff=  3.7254E-03 ( 59, 22)
n=  3806   udiff=  3.3336E-03 ( 52, 27)   vdiff=  3.7235E-03 ( 59, 22)
n=  3807   udiff=  3.3281E-03 ( 52, 27)   vdiff=  3.7217E-03 ( 59, 22)
n=  3808   udiff=  3.3226E-03 ( 52, 27)   vdiff=  3.7196E-03 ( 59, 22)
n=  3809   udiff=  3.3171E-03 ( 52, 27)   vdiff=  3.7178E-03 ( 59, 22)
n=  3810   udiff=  3.3116E-03 ( 53, 27)   vdiff=  3.7157E-03 ( 59, 22)
n=  3811   udiff=  3.3064E-03 ( 53, 27)   vdiff=  3.7138E-03 ( 59, 22)
n=  3812   udiff=  3.3013E-03 ( 53, 27)   vdiff=  3.7118E-03 ( 59, 22)
n=  3813   udiff=  3.2961E-03 ( 53, 27)   vdiff=  3.7097E-03 ( 59, 22)
n=  3814   udiff=  3.2910E-03 ( 53, 27)   vdiff=  3.7078E-03 ( 59, 22)
n=  3815   udiff=  3.2858E-03 ( 53, 27)   vdiff=  3.7058E-03 ( 59, 22)
n=  3816   udiff=  3.2806E-03 ( 53, 27)   vdiff=  3.7036E-03 ( 59, 22)
n=  3817   udiff=  3.2755E-03 ( 53, 27)   vdiff=  3.7015E-03 ( 59, 22)
n=  3818   udiff=  3.2703E-03 ( 53, 27)   vdiff=  3.6995E-03 ( 59, 22)
n=  3819   udiff=  3.2651E-03 ( 53, 27)   vdiff=  3.6974E-03 ( 59, 22)
n=  3820   udiff=  3.2599E-03 ( 53, 27)   vdiff=  3.6953E-03 ( 59, 22)
n=  3821   udiff=  3.2547E-03 ( 53, 27)   vdiff=  3.6932E-03 ( 59, 22)
n=  3822   udiff=  3.2495E-03 ( 53, 27)   vdiff=  3.6910E-03 ( 59, 22)
n=  3823   udiff=  3.2443E-03 ( 53, 27)   vdiff=  3.6888E-03 ( 59, 22)
n=  3824   udiff=  3.2391E-03 ( 53, 27)   vdiff=  3.6867E-03 ( 59, 22)
n=  3825   udiff=  3.2339E-03 ( 53, 27)   vdiff=  3.6844E-03 ( 59, 22)
n=  3826   udiff=  3.2287E-03 ( 53, 27)   vdiff=  3.6822E-03 ( 59, 22)
n=  3827   udiff=  3.2235E-03 ( 53, 27)   vdiff=  3.6801E-03 ( 59, 22)
n=  3828   udiff=  3.2183E-03 ( 53, 27)   vdiff=  3.6778E-03 ( 59, 22)
n=  3829   udiff=  3.2131E-03 ( 53, 27)   vdiff=  3.6756E-03 ( 59, 22)
n=  3830   udiff=  3.2078E-03 ( 53, 27)   vdiff=  3.6732E-03 ( 59, 22)
n=  3831   udiff=  3.2026E-03 ( 53, 27)   vdiff=  3.6710E-03 ( 59, 22)
n=  3832   udiff=  3.1974E-03 ( 53, 27)   vdiff=  3.6686E-03 ( 59, 22)
n=  3833   udiff=  3.1922E-03 ( 53, 27)   vdiff=  3.6663E-03 ( 59, 22)
n=  3834   udiff=  3.1869E-03 ( 53, 27)   vdiff=  3.6640E-03 ( 59, 22)
n=  3835   udiff=  3.1817E-03 ( 53, 27)   vdiff=  3.6616E-03 ( 59, 22)
n=  3836   udiff=  3.1765E-03 ( 53, 27)   vdiff=  3.6593E-03 ( 59, 22)
n=  3837   udiff=  3.1712E-03 ( 53, 27)   vdiff=  3.6569E-03 ( 59, 22)
n=  3838   udiff=  3.1660E-03 ( 53, 27)   vdiff=  3.6546E-03 ( 59, 22)
n=  3839   udiff=  3.1607E-03 ( 53, 27)   vdiff=  3.6521E-03 ( 59, 22)
n=  3840   udiff=  3.1555E-03 ( 53, 27)   vdiff=  3.6497E-03 ( 59, 22)
n=  3841   udiff=  3.1502E-03 ( 53, 27)   vdiff=  3.6472E-03 ( 59, 22)
n=  3842   udiff=  3.1450E-03 ( 53, 27)   vdiff=  3.6448E-03 ( 59, 22)
n=  3843   udiff=  3.1397E-03 ( 53, 27)   vdiff=  3.6424E-03 ( 59, 22)
n=  3844   udiff=  3.1344E-03 ( 53, 27)   vdiff=  3.6399E-03 ( 59, 22)
n=  3845   udiff=  3.1292E-03 ( 53, 27)   vdiff=  3.6373E-03 ( 59, 22)
n=  3846   udiff=  3.1239E-03 ( 53, 27)   vdiff=  3.6348E-03 ( 59, 22)
n=  3847   udiff=  3.1187E-03 ( 53, 27)   vdiff=  3.6322E-03 ( 59, 22)
n=  3848   udiff=  3.1134E-03 ( 53, 27)   vdiff=  3.6299E-03 ( 59, 22)
n=  3849   udiff=  3.1081E-03 ( 53, 27)   vdiff=  3.6273E-03 ( 59, 22)
n=  3850   udiff=  3.1028E-03 ( 53, 27)   vdiff=  3.6247E-03 ( 59, 22)
n=  3851   udiff=  3.0976E-03 ( 53, 27)   vdiff=  3.6221E-03 ( 59, 22)
n=  3852   udiff=  3.0923E-03 ( 53, 27)   vdiff=  3.6196E-03 ( 59, 22)
n=  3853   udiff=  3.0870E-03 ( 53, 27)   vdiff=  3.6170E-03 ( 59, 22)
n=  3854   udiff=  3.0817E-03 ( 53, 27)   vdiff=  3.6144E-03 ( 59, 22)
n=  3855   udiff=  3.0764E-03 ( 53, 27)   vdiff=  3.6117E-03 ( 59, 22)
n=  3856   udiff=  3.0711E-03 ( 53, 27)   vdiff=  3.6091E-03 ( 59, 22)
n=  3857   udiff=  3.0658E-03 ( 53, 27)   vdiff=  3.6064E-03 ( 59, 22)
n=  3858   udiff=  3.0605E-03 ( 53, 27)   vdiff=  3.6037E-03 ( 59, 22)
n=  3859   udiff=  3.0553E-03 ( 53, 27)   vdiff=  3.6011E-03 ( 59, 22)
n=  3860   udiff=  3.0500E-03 ( 53, 27)   vdiff=  3.5983E-03 ( 59, 22)
n=  3861   udiff=  3.0447E-03 ( 53, 27)   vdiff=  3.5956E-03 ( 59, 22)
n=  3862   udiff=  3.0394E-03 ( 53, 27)   vdiff=  3.5929E-03 ( 59, 22)
n=  3863   udiff=  3.0341E-03 ( 53, 27)   vdiff=  3.5901E-03 ( 59, 22)
n=  3864   udiff=  3.0287E-03 ( 53, 27)   vdiff=  3.5874E-03 ( 59, 22)
n=  3865   udiff=  3.0235E-03 ( 53, 27)   vdiff=  3.5846E-03 ( 59, 22)
n=  3866   udiff=  3.0181E-03 ( 53, 27)   vdiff=  3.5820E-03 ( 59, 22)
n=  3867   udiff=  3.0128E-03 ( 53, 27)   vdiff=  3.5791E-03 ( 59, 22)
n=  3868   udiff=  3.0075E-03 ( 53, 27)   vdiff=  3.5762E-03 ( 59, 22)
n=  3869   udiff=  3.0022E-03 ( 53, 27)   vdiff=  3.5735E-03 ( 59, 22)
n=  3870   udiff=  2.9969E-03 ( 53, 27)   vdiff=  3.5706E-03 ( 59, 22)
n=  3871   udiff=  2.9916E-03 ( 53, 27)   vdiff=  3.5679E-03 ( 59, 22)
n=  3872   udiff=  2.9863E-03 ( 53, 27)   vdiff=  3.5649E-03 ( 59, 22)
n=  3873   udiff=  2.9809E-03 ( 53, 27)   vdiff=  3.5621E-03 ( 59, 22)
n=  3874   udiff=  2.9756E-03 ( 53, 27)   vdiff=  3.5593E-03 ( 59, 22)
n=  3875   udiff=  2.9703E-03 ( 53, 27)   vdiff=  3.5563E-03 ( 59, 22)
n=  3876   udiff=  2.9650E-03 ( 53, 27)   vdiff=  3.5535E-03 ( 59, 22)
n=  3877   udiff=  2.9597E-03 ( 53, 27)   vdiff=  3.5506E-03 ( 59, 22)
n=  3878   udiff=  2.9543E-03 ( 53, 27)   vdiff=  3.5476E-03 ( 59, 22)
n=  3879   udiff=  2.9490E-03 ( 53, 27)   vdiff=  3.5447E-03 ( 59, 22)
n=  3880   udiff=  2.9437E-03 ( 53, 27)   vdiff=  3.5417E-03 ( 59, 22)
n=  3881   udiff=  2.9384E-03 ( 53, 27)   vdiff=  3.5387E-03 ( 59, 22)
n=  3882   udiff=  2.9330E-03 ( 53, 27)   vdiff=  3.5358E-03 ( 59, 22)
n=  3883   udiff=  2.9277E-03 ( 53, 27)   vdiff=  3.5327E-03 ( 59, 22)
n=  3884   udiff=  2.9224E-03 ( 53, 27)   vdiff=  3.5297E-03 ( 59, 22)
n=  3885   udiff=  2.9170E-03 ( 53, 27)   vdiff=  3.5268E-03 ( 59, 22)
n=  3886   udiff=  2.9117E-03 ( 53, 27)   vdiff=  3.5239E-03 ( 59, 22)
n=  3887   udiff=  2.9064E-03 ( 53, 27)   vdiff=  3.5207E-03 ( 59, 22)
n=  3888   udiff=  2.9011E-03 ( 53, 27)   vdiff=  3.5177E-03 ( 59, 22)
n=  3889   udiff=  2.8957E-03 ( 53, 27)   vdiff=  3.5147E-03 ( 59, 22)
n=  3890   udiff=  2.8904E-03 ( 53, 27)   vdiff=  3.5115E-03 ( 59, 22)
n=  3891   udiff=  2.8850E-03 ( 53, 27)   vdiff=  3.5084E-03 ( 59, 22)
n=  3892   udiff=  2.8797E-03 ( 53, 27)   vdiff=  3.5054E-03 ( 59, 22)
n=  3893   udiff=  2.8744E-03 ( 53, 27)   vdiff=  3.5023E-03 ( 59, 22)
n=  3894   udiff=  2.8690E-03 ( 53, 27)   vdiff=  3.4992E-03 ( 59, 22)
n=  3895   udiff=  2.8637E-03 ( 53, 27)   vdiff=  3.4961E-03 ( 59, 22)
n=  3896   udiff=  2.8584E-03 ( 53, 27)   vdiff=  3.4929E-03 ( 59, 22)
n=  3897   udiff=  2.8530E-03 ( 53, 27)   vdiff=  3.4898E-03 ( 59, 22)
n=  3898   udiff=  2.8477E-03 ( 53, 27)   vdiff=  3.4866E-03 ( 59, 22)
n=  3899   udiff=  2.8423E-03 ( 53, 27)   vdiff=  3.4835E-03 ( 59, 22)
n=  3900   udiff=  2.8370E-03 ( 53, 27)   vdiff=  3.4802E-03 ( 59, 22)
n=  3901   udiff=  2.8317E-03 ( 53, 27)   vdiff=  3.4770E-03 ( 59, 22)
n=  3902   udiff=  2.8263E-03 ( 53, 27)   vdiff=  3.4738E-03 ( 59, 22)
n=  3903   udiff=  2.8210E-03 ( 53, 27)   vdiff=  3.4707E-03 ( 59, 22)
n=  3904   udiff=  2.8156E-03 ( 53, 27)   vdiff=  3.4674E-03 ( 59, 22)
n=  3905   udiff=  2.8103E-03 ( 53, 27)   vdiff=  3.4641E-03 ( 59, 22)
n=  3906   udiff=  2.8049E-03 ( 53, 27)   vdiff=  3.4610E-03 ( 59, 22)
n=  3907   udiff=  2.7996E-03 ( 53, 27)   vdiff=  3.4577E-03 ( 59, 22)
n=  3908   udiff=  2.7943E-03 ( 53, 27)   vdiff=  3.4544E-03 ( 59, 22)
n=  3909   udiff=  2.7889E-03 ( 53, 27)   vdiff=  3.4512E-03 ( 59, 22)
n=  3910   udiff=  2.7836E-03 ( 53, 27)   vdiff=  3.4479E-03 ( 59, 22)
n=  3911   udiff=  2.7783E-03 ( 53, 27)   vdiff=  3.4446E-03 ( 59, 22)
n=  3912   udiff=  2.7729E-03 ( 53, 27)   vdiff=  3.4412E-03 ( 59, 22)
n=  3913   udiff=  2.7676E-03 ( 53, 27)   vdiff=  3.4380E-03 ( 59, 22)
n=  3914   udiff=  2.7622E-03 ( 53, 27)   vdiff=  3.4347E-03 ( 59, 22)
n=  3915   udiff=  2.7569E-03 ( 53, 27)   vdiff=  3.4313E-03 ( 59, 22)
n=  3916   udiff=  2.7516E-03 ( 53, 27)   vdiff=  3.4279E-03 ( 59, 22)
n=  3917   udiff=  2.7462E-03 ( 53, 27)   vdiff=  3.4246E-03 ( 59, 22)
n=  3918   udiff=  2.7409E-03 ( 53, 27)   vdiff=  3.4211E-03 ( 59, 22)
n=  3919   udiff=  2.7355E-03 ( 53, 27)   vdiff=  3.4179E-03 ( 59, 22)
n=  3920   udiff=  2.7302E-03 ( 53, 27)   vdiff=  3.4144E-03 ( 59, 22)
n=  3921   udiff=  2.7248E-03 ( 53, 27)   vdiff=  3.4111E-03 ( 59, 22)
n=  3922   udiff=  2.7195E-03 ( 53, 27)   vdiff=  3.4076E-03 ( 59, 22)
n=  3923   udiff=  2.7142E-03 ( 53, 27)   vdiff=  3.4042E-03 ( 59, 22)
n=  3924   udiff=  2.7088E-03 ( 53, 27)   vdiff=  3.4007E-03 ( 59, 22)
n=  3925   udiff=  2.7035E-03 ( 53, 27)   vdiff=  3.3973E-03 ( 59, 22)
n=  3926   udiff=  2.6982E-03 ( 53, 27)   vdiff=  3.3939E-03 ( 59, 22)
n=  3927   udiff=  2.6928E-03 ( 53, 27)   vdiff=  3.3904E-03 ( 59, 22)
n=  3928   udiff=  2.6875E-03 ( 53, 27)   vdiff=  3.3870E-03 ( 59, 22)
n=  3929   udiff=  2.6822E-03 ( 53, 27)   vdiff=  3.3835E-03 ( 59, 22)
n=  3930   udiff=  2.6769E-03 ( 53, 27)   vdiff=  3.3800E-03 ( 59, 22)
n=  3931   udiff=  2.6715E-03 ( 53, 27)   vdiff=  3.3765E-03 ( 59, 22)
n=  3932   udiff=  2.6662E-03 ( 53, 27)   vdiff=  3.3732E-03 ( 59, 21)
n=  3933   udiff=  2.6608E-03 ( 53, 27)   vdiff=  3.3699E-03 ( 59, 21)
n=  3934   udiff=  2.6555E-03 ( 53, 27)   vdiff=  3.3668E-03 ( 59, 21)
n=  3935   udiff=  2.6502E-03 ( 53, 27)   vdiff=  3.3637E-03 ( 59, 21)
n=  3936   udiff=  2.6448E-03 ( 53, 27)   vdiff=  3.3605E-03 ( 59, 21)
n=  3937   udiff=  2.6403E-03 ( 53, 26)   vdiff=  3.3573E-03 ( 59, 21)
n=  3938   udiff=  2.6359E-03 ( 53, 26)   vdiff=  3.3541E-03 ( 59, 21)
n=  3939   udiff=  2.6316E-03 ( 53, 26)   vdiff=  3.3510E-03 ( 59, 21)
n=  3940   udiff=  2.6272E-03 ( 53, 26)   vdiff=  3.3478E-03 ( 59, 21)
n=  3941   udiff=  2.6228E-03 ( 53, 26)   vdiff=  3.3446E-03 ( 59, 21)
n=  3942   udiff=  2.6184E-03 ( 53, 26)   vdiff=  3.3415E-03 ( 59, 21)
n=  3943   udiff=  2.6141E-03 ( 53, 26)   vdiff=  3.3383E-03 ( 59, 21)
n=  3944   udiff=  2.6097E-03 ( 53, 26)   vdiff=  3.3351E-03 ( 59, 21)
n=  3945   udiff=  2.6053E-03 ( 53, 26)   vdiff=  3.3318E-03 ( 59, 21)
n=  3946   udiff=  2.6009E-03 ( 53, 26)   vdiff=  3.3285E-03 ( 59, 21)
n=  3947   udiff=  2.5965E-03 ( 53, 26)   vdiff=  3.3252E-03 ( 59, 21)
n=  3948   udiff=  2.5921E-03 ( 53, 26)   vdiff=  3.3221E-03 ( 59, 21)
n=  3949   udiff=  2.5877E-03 ( 53, 26)   vdiff=  3.3186E-03 ( 59, 21)
n=  3950   udiff=  2.5833E-03 ( 53, 26)   vdiff=  3.3154E-03 ( 59, 21)
n=  3951   udiff=  2.5789E-03 ( 53, 26)   vdiff=  3.3122E-03 ( 59, 21)
n=  3952   udiff=  2.5745E-03 ( 53, 26)   vdiff=  3.3088E-03 ( 59, 21)
n=  3953   udiff=  2.5701E-03 ( 53, 26)   vdiff=  3.3057E-03 ( 59, 21)
n=  3954   udiff=  2.5657E-03 ( 53, 26)   vdiff=  3.3022E-03 ( 59, 21)
n=  3955   udiff=  2.5613E-03 ( 53, 26)   vdiff=  3.2988E-03 ( 59, 21)
n=  3956   udiff=  2.5569E-03 ( 53, 26)   vdiff=  3.2954E-03 ( 59, 21)
n=  3957   udiff=  2.5525E-03 ( 53, 26)   vdiff=  3.2922E-03 ( 59, 21)
n=  3958   udiff=  2.5481E-03 ( 53, 26)   vdiff=  3.2887E-03 ( 59, 21)
n=  3959   udiff=  2.5436E-03 ( 53, 26)   vdiff=  3.2853E-03 ( 59, 21)
n=  3960   udiff=  2.5392E-03 ( 53, 26)   vdiff=  3.2817E-03 ( 59, 21)
n=  3961   udiff=  2.5348E-03 ( 53, 26)   vdiff=  3.2784E-03 ( 59, 21)
n=  3962   udiff=  2.5304E-03 ( 53, 26)   vdiff=  3.2750E-03 ( 59, 21)
n=  3963   udiff=  2.5260E-03 ( 53, 26)   vdiff=  3.2715E-03 ( 59, 21)
n=  3964   udiff=  2.5215E-03 ( 53, 26)   vdiff=  3.2684E-03 ( 59, 21)
n=  3965   udiff=  2.5171E-03 ( 53, 26)   vdiff=  3.2648E-03 ( 59, 21)
n=  3966   udiff=  2.5127E-03 ( 53, 26)   vdiff=  3.2615E-03 ( 59, 21)
n=  3967   udiff=  2.5082E-03 ( 53, 26)   vdiff=  3.2579E-03 ( 59, 21)
n=  3968   udiff=  2.5038E-03 ( 53, 26)   vdiff=  3.2545E-03 ( 59, 21)
n=  3969   udiff=  2.4994E-03 ( 53, 26)   vdiff=  3.2510E-03 ( 59, 21)
n=  3970   udiff=  2.4949E-03 ( 53, 26)   vdiff=  3.2473E-03 ( 59, 21)
n=  3971   udiff=  2.4905E-03 ( 53, 26)   vdiff=  3.2441E-03 ( 59, 21)
n=  3972   udiff=  2.4860E-03 ( 53, 26)   vdiff=  3.2404E-03 ( 59, 21)
n=  3973   udiff=  2.4816E-03 ( 53, 26)   vdiff=  3.2370E-03 ( 59, 21)
n=  3974   udiff=  2.4772E-03 ( 53, 26)   vdiff=  3.2333E-03 ( 59, 21)
n=  3975   udiff=  2.4727E-03 ( 53, 26)   vdiff=  3.2298E-03 ( 59, 21)
n=  3976   udiff=  2.4683E-03 ( 53, 26)   vdiff=  3.2262E-03 ( 59, 21)
n=  3977   udiff=  2.4638E-03 ( 53, 26)   vdiff=  3.2227E-03 ( 59, 21)
n=  3978   udiff=  2.4594E-03 ( 53, 26)   vdiff=  3.2191E-03 ( 59, 21)
n=  3979   udiff=  2.4549E-03 ( 53, 26)   vdiff=  3.2155E-03 ( 59, 21)
n=  3980   udiff=  2.4505E-03 ( 53, 26)   vdiff=  3.2120E-03 ( 59, 21)
n=  3981   udiff=  2.4460E-03 ( 53, 26)   vdiff=  3.2083E-03 ( 59, 21)
n=  3982   udiff=  2.4416E-03 ( 53, 26)   vdiff=  3.2049E-03 ( 59, 21)
n=  3983   udiff=  2.4371E-03 ( 53, 26)   vdiff=  3.2012E-03 ( 59, 21)
n=  3984   udiff=  2.4327E-03 ( 53, 26)   vdiff=  3.1977E-03 ( 59, 21)
n=  3985   udiff=  2.4282E-03 ( 53, 26)   vdiff=  3.1938E-03 ( 59, 21)
n=  3986   udiff=  2.4237E-03 ( 53, 26)   vdiff=  3.1903E-03 ( 59, 21)
n=  3987   udiff=  2.4192E-03 ( 53, 26)   vdiff=  3.1867E-03 ( 59, 21)
n=  3988   udiff=  2.4148E-03 ( 53, 26)   vdiff=  3.1830E-03 ( 59, 21)
n=  3989   udiff=  2.4104E-03 ( 53, 26)   vdiff=  3.1795E-03 ( 59, 21)
n=  3990   udiff=  2.4059E-03 ( 53, 26)   vdiff=  3.1757E-03 ( 59, 21)
n=  3991   udiff=  2.4014E-03 ( 53, 26)   vdiff=  3.1719E-03 ( 59, 21)
n=  3992   udiff=  2.3969E-03 ( 53, 26)   vdiff=  3.1684E-03 ( 59, 21)
n=  3993   udiff=  2.3925E-03 ( 53, 26)   vdiff=  3.1647E-03 ( 59, 21)
n=  3994   udiff=  2.3880E-03 ( 53, 26)   vdiff=  3.1609E-03 ( 59, 21)
n=  3995   udiff=  2.3836E-03 ( 53, 26)   vdiff=  3.1572E-03 ( 59, 21)
n=  3996   udiff=  2.3791E-03 ( 53, 26)   vdiff=  3.1534E-03 ( 59, 21)
n=  3997   udiff=  2.3746E-03 ( 53, 26)   vdiff=  3.1500E-03 ( 59, 21)
n=  3998   udiff=  2.3702E-03 ( 53, 26)   vdiff=  3.1461E-03 ( 59, 21)
n=  3999   udiff=  2.3657E-03 ( 53, 26)   vdiff=  3.1423E-03 ( 59, 21)
n=  4000   udiff=  2.3612E-03 ( 53, 26)   vdiff=  3.1386E-03 ( 59, 21)
n=  4001   udiff=  2.3567E-03 ( 53, 26)   vdiff=  3.1350E-03 ( 59, 21)
n=  4002   udiff=  2.3523E-03 ( 53, 26)   vdiff=  3.1311E-03 ( 59, 21)
n=  4003   udiff=  2.3478E-03 ( 53, 26)   vdiff=  3.1273E-03 ( 59, 21)
n=  4004   udiff=  2.3433E-03 ( 53, 26)   vdiff=  3.1236E-03 ( 59, 21)
n=  4005   udiff=  2.3389E-03 ( 53, 26)   vdiff=  3.1200E-03 ( 59, 21)
n=  4006   udiff=  2.3344E-03 ( 53, 26)   vdiff=  3.1162E-03 ( 59, 21)
n=  4007   udiff=  2.3299E-03 ( 53, 26)   vdiff=  3.1121E-03 ( 59, 21)
n=  4008   udiff=  2.3254E-03 ( 53, 26)   vdiff=  3.1084E-03 ( 59, 21)
n=  4009   udiff=  2.3210E-03 ( 53, 26)   vdiff=  3.1047E-03 ( 59, 21)
n=  4010   udiff=  2.3165E-03 ( 53, 26)   vdiff=  3.1006E-03 ( 59, 21)
n=  4011   udiff=  2.3120E-03 ( 53, 26)   vdiff=  3.0969E-03 ( 59, 21)
n=  4012   udiff=  2.3076E-03 ( 53, 26)   vdiff=  3.0930E-03 ( 59, 21)
n=  4013   udiff=  2.3031E-03 ( 53, 26)   vdiff=  3.0894E-03 ( 59, 21)
n=  4014   udiff=  2.2986E-03 ( 53, 26)   vdiff=  3.0855E-03 ( 59, 21)
n=  4015   udiff=  2.2942E-03 ( 53, 26)   vdiff=  3.0815E-03 ( 59, 21)
n=  4016   udiff=  2.2896E-03 ( 53, 26)   vdiff=  3.0777E-03 ( 59, 21)
n=  4017   udiff=  2.2852E-03 ( 53, 26)   vdiff=  3.0739E-03 ( 59, 21)
n=  4018   udiff=  2.2807E-03 ( 53, 26)   vdiff=  3.0701E-03 ( 59, 21)
n=  4019   udiff=  2.2763E-03 ( 53, 26)   vdiff=  3.0662E-03 ( 59, 21)
n=  4020   udiff=  2.2718E-03 ( 53, 26)   vdiff=  3.0623E-03 ( 59, 21)
n=  4021   udiff=  2.2673E-03 ( 53, 26)   vdiff=  3.0584E-03 ( 59, 21)
n=  4022   udiff=  2.2629E-03 ( 53, 26)   vdiff=  3.0544E-03 ( 59, 21)
n=  4023   udiff=  2.2584E-03 ( 53, 26)   vdiff=  3.0505E-03 ( 59, 21)
n=  4024   udiff=  2.2539E-03 ( 53, 26)   vdiff=  3.0465E-03 ( 59, 21)
n=  4025   udiff=  2.2494E-03 ( 53, 26)   vdiff=  3.0426E-03 ( 59, 21)
n=  4026   udiff=  2.2450E-03 ( 53, 26)   vdiff=  3.0388E-03 ( 59, 21)
n=  4027   udiff=  2.2405E-03 ( 53, 26)   vdiff=  3.0347E-03 ( 59, 21)
n=  4028   udiff=  2.2360E-03 ( 53, 26)   vdiff=  3.0307E-03 ( 59, 21)
n=  4029   udiff=  2.2315E-03 ( 53, 26)   vdiff=  3.0271E-03 ( 59, 21)
n=  4030   udiff=  2.2271E-03 ( 53, 26)   vdiff=  3.0230E-03 ( 59, 21)
n=  4031   udiff=  2.2226E-03 ( 53, 26)   vdiff=  3.0192E-03 ( 59, 21)
n=  4032   udiff=  2.2182E-03 ( 53, 26)   vdiff=  3.0149E-03 ( 59, 21)
n=  4033   udiff=  2.2137E-03 ( 53, 26)   vdiff=  3.0110E-03 ( 59, 21)
n=  4034   udiff=  2.2092E-03 ( 53, 26)   vdiff=  3.0071E-03 ( 59, 21)
n=  4035   udiff=  2.2047E-03 ( 53, 26)   vdiff=  3.0031E-03 ( 59, 21)
n=  4036   udiff=  2.2003E-03 ( 53, 26)   vdiff=  2.9994E-03 ( 59, 21)
n=  4037   udiff=  2.1958E-03 ( 53, 26)   vdiff=  2.9952E-03 ( 59, 21)
n=  4038   udiff=  2.1914E-03 ( 53, 26)   vdiff=  2.9911E-03 ( 59, 21)
n=  4039   udiff=  2.1869E-03 ( 53, 26)   vdiff=  2.9870E-03 ( 59, 21)
n=  4040   udiff=  2.1824E-03 ( 53, 26)   vdiff=  2.9832E-03 ( 59, 21)
n=  4041   udiff=  2.1780E-03 ( 53, 26)   vdiff=  2.9792E-03 ( 59, 21)
n=  4042   udiff=  2.1735E-03 ( 53, 26)   vdiff=  2.9752E-03 ( 59, 21)
n=  4043   udiff=  2.1691E-03 ( 53, 26)   vdiff=  2.9711E-03 ( 59, 21)
n=  4044   udiff=  2.1646E-03 ( 53, 26)   vdiff=  2.9670E-03 ( 59, 21)
n=  4045   udiff=  2.1601E-03 ( 53, 26)   vdiff=  2.9631E-03 ( 59, 21)
n=  4046   udiff=  2.1557E-03 ( 53, 26)   vdiff=  2.9589E-03 ( 59, 21)
n=  4047   udiff=  2.1512E-03 ( 53, 26)   vdiff=  2.9549E-03 ( 59, 21)
n=  4048   udiff=  2.1468E-03 ( 53, 26)   vdiff=  2.9509E-03 ( 59, 21)
n=  4049   udiff=  2.1423E-03 ( 53, 26)   vdiff=  2.9468E-03 ( 59, 21)
n=  4050   udiff=  2.1379E-03 ( 53, 26)   vdiff=  2.9428E-03 ( 59, 21)
n=  4051   udiff=  2.1334E-03 ( 53, 26)   vdiff=  2.9386E-03 ( 59, 21)
n=  4052   udiff=  2.1289E-03 ( 53, 26)   vdiff=  2.9346E-03 ( 59, 21)
n=  4053   udiff=  2.1245E-03 ( 53, 26)   vdiff=  2.9305E-03 ( 59, 21)
n=  4054   udiff=  2.1201E-03 ( 53, 26)   vdiff=  2.9264E-03 ( 59, 21)
n=  4055   udiff=  2.1156E-03 ( 53, 26)   vdiff=  2.9225E-03 ( 59, 21)
n=  4056   udiff=  2.1112E-03 ( 53, 26)   vdiff=  2.9180E-03 ( 59, 21)
n=  4057   udiff=  2.1067E-03 ( 53, 26)   vdiff=  2.9143E-03 ( 59, 21)
n=  4058   udiff=  2.1023E-03 ( 53, 26)   vdiff=  2.9101E-03 ( 59, 21)
n=  4059   udiff=  2.0978E-03 ( 53, 26)   vdiff=  2.9059E-03 ( 59, 21)
n=  4060   udiff=  2.0934E-03 ( 53, 26)   vdiff=  2.9018E-03 ( 59, 21)
n=  4061   udiff=  2.0890E-03 ( 53, 26)   vdiff=  2.8976E-03 ( 59, 21)
n=  4062   udiff=  2.0845E-03 ( 53, 26)   vdiff=  2.8936E-03 ( 59, 21)
n=  4063   udiff=  2.0801E-03 ( 53, 26)   vdiff=  2.8894E-03 ( 59, 21)
n=  4064   udiff=  2.0757E-03 ( 53, 26)   vdiff=  2.8853E-03 ( 59, 21)
n=  4065   udiff=  2.0712E-03 ( 53, 26)   vdiff=  2.8811E-03 ( 59, 21)
n=  4066   udiff=  2.0668E-03 ( 53, 26)   vdiff=  2.8769E-03 ( 59, 21)
n=  4067   udiff=  2.0624E-03 ( 53, 26)   vdiff=  2.8728E-03 ( 59, 21)
n=  4068   udiff=  2.0580E-03 ( 53, 26)   vdiff=  2.8688E-03 ( 59, 21)
n=  4069   udiff=  2.0535E-03 ( 53, 26)   vdiff=  2.8645E-03 ( 59, 21)
n=  4070   udiff=  2.0491E-03 ( 53, 26)   vdiff=  2.8603E-03 ( 59, 21)
n=  4071   udiff=  2.0447E-03 ( 53, 26)   vdiff=  2.8562E-03 ( 59, 21)
n=  4072   udiff=  2.0403E-03 ( 53, 26)   vdiff=  2.8521E-03 ( 59, 21)
n=  4073   udiff=  2.0358E-03 ( 53, 26)   vdiff=  2.8480E-03 ( 59, 21)
n=  4074   udiff=  2.0314E-03 ( 53, 26)   vdiff=  2.8436E-03 ( 59, 21)
n=  4075   udiff=  2.0270E-03 ( 53, 26)   vdiff=  2.8395E-03 ( 59, 21)
n=  4076   udiff=  2.0226E-03 ( 53, 26)   vdiff=  2.8352E-03 ( 59, 21)
n=  4077   udiff=  2.0182E-03 ( 53, 26)   vdiff=  2.8311E-03 ( 59, 21)
n=  4078   udiff=  2.0138E-03 ( 53, 26)   vdiff=  2.8268E-03 ( 59, 21)
n=  4079   udiff=  2.0094E-03 ( 54, 26)   vdiff=  2.8227E-03 ( 59, 21)
n=  4080   udiff=  2.0054E-03 ( 54, 26)   vdiff=  2.8185E-03 ( 59, 21)
n=  4081   udiff=  2.0012E-03 ( 54, 26)   vdiff=  2.8143E-03 ( 59, 21)
n=  4082   udiff=  1.9972E-03 ( 54, 26)   vdiff=  2.8101E-03 ( 59, 21)
n=  4083   udiff=  1.9931E-03 ( 54, 26)   vdiff=  2.8058E-03 ( 59, 21)
n=  4084   udiff=  1.9890E-03 ( 54, 26)   vdiff=  2.8016E-03 ( 59, 21)
n=  4085   udiff=  1.9848E-03 ( 54, 26)   vdiff=  2.7974E-03 ( 59, 21)
n=  4086   udiff=  1.9808E-03 ( 54, 26)   vdiff=  2.7932E-03 ( 59, 21)
n=  4087   udiff=  1.9767E-03 ( 54, 26)   vdiff=  2.7891E-03 ( 59, 21)
n=  4088   udiff=  1.9726E-03 ( 54, 26)   vdiff=  2.7847E-03 ( 59, 21)
n=  4089   udiff=  1.9685E-03 ( 54, 26)   vdiff=  2.7807E-03 ( 59, 21)
n=  4090   udiff=  1.9644E-03 ( 54, 26)   vdiff=  2.7762E-03 ( 59, 21)
n=  4091   udiff=  1.9603E-03 ( 54, 26)   vdiff=  2.7721E-03 ( 59, 21)
n=  4092   udiff=  1.9563E-03 ( 54, 26)   vdiff=  2.7678E-03 ( 59, 21)
n=  4093   udiff=  1.9521E-03 ( 54, 26)   vdiff=  2.7635E-03 ( 59, 21)
n=  4094   udiff=  1.9481E-03 ( 54, 26)   vdiff=  2.7594E-03 ( 59, 21)
n=  4095   udiff=  1.9440E-03 ( 54, 26)   vdiff=  2.7550E-03 ( 59, 21)
n=  4096   udiff=  1.9399E-03 ( 54, 26)   vdiff=  2.7510E-03 ( 59, 21)
n=  4097   udiff=  1.9358E-03 ( 54, 26)   vdiff=  2.7464E-03 ( 59, 21)
n=  4098   udiff=  1.9318E-03 ( 54, 26)   vdiff=  2.7423E-03 ( 59, 21)
n=  4099   udiff=  1.9277E-03 ( 54, 26)   vdiff=  2.7379E-03 ( 59, 21)
n=  4100   udiff=  1.9236E-03 ( 54, 26)   vdiff=  2.7337E-03 ( 59, 21)
n=  4101   udiff=  1.9196E-03 ( 54, 26)   vdiff=  2.7293E-03 ( 59, 21)
n=  4102   udiff=  1.9154E-03 ( 54, 26)   vdiff=  2.7253E-03 ( 59, 21)
n=  4103   udiff=  1.9114E-03 ( 54, 26)   vdiff=  2.7208E-03 ( 59, 21)
n=  4104   udiff=  1.9073E-03 ( 54, 26)   vdiff=  2.7166E-03 ( 59, 21)
n=  4105   udiff=  1.9032E-03 ( 54, 26)   vdiff=  2.7123E-03 ( 59, 21)
n=  4106   udiff=  1.8992E-03 ( 54, 26)   vdiff=  2.7080E-03 ( 59, 21)
n=  4107   udiff=  1.8951E-03 ( 54, 26)   vdiff=  2.7037E-03 ( 59, 21)
n=  4108   udiff=  1.8910E-03 ( 54, 26)   vdiff=  2.6994E-03 ( 59, 21)
n=  4109   udiff=  1.8870E-03 ( 54, 26)   vdiff=  2.6952E-03 ( 59, 21)
n=  4110   udiff=  1.8829E-03 ( 54, 26)   vdiff=  2.6908E-03 ( 59, 21)
n=  4111   udiff=  1.8789E-03 ( 54, 26)   vdiff=  2.6865E-03 ( 59, 21)
n=  4112   udiff=  1.8748E-03 ( 54, 26)   vdiff=  2.6822E-03 ( 59, 21)
n=  4113   udiff=  1.8708E-03 ( 54, 26)   vdiff=  2.6780E-03 ( 59, 21)
n=  4114   udiff=  1.8667E-03 ( 54, 26)   vdiff=  2.6736E-03 ( 59, 21)
n=  4115   udiff=  1.8627E-03 ( 54, 26)   vdiff=  2.6692E-03 ( 59, 21)
n=  4116   udiff=  1.8586E-03 ( 54, 26)   vdiff=  2.6650E-03 ( 59, 21)
n=  4117   udiff=  1.8545E-03 ( 54, 26)   vdiff=  2.6605E-03 ( 59, 21)
n=  4118   udiff=  1.8505E-03 ( 54, 26)   vdiff=  2.6563E-03 ( 59, 21)
n=  4119   udiff=  1.8465E-03 ( 54, 26)   vdiff=  2.6520E-03 ( 59, 21)
n=  4120   udiff=  1.8424E-03 ( 54, 26)   vdiff=  2.6477E-03 ( 59, 21)
n=  4121   udiff=  1.8384E-03 ( 54, 26)   vdiff=  2.6433E-03 ( 59, 21)
n=  4122   udiff=  1.8344E-03 ( 54, 26)   vdiff=  2.6389E-03 ( 59, 21)
n=  4123   udiff=  1.8303E-03 ( 54, 26)   vdiff=  2.6347E-03 ( 59, 21)
n=  4124   udiff=  1.8263E-03 ( 54, 26)   vdiff=  2.6305E-03 ( 59, 21)
n=  4125   udiff=  1.8223E-03 ( 54, 26)   vdiff=  2.6260E-03 ( 59, 21)
n=  4126   udiff=  1.8182E-03 ( 54, 26)   vdiff=  2.6216E-03 ( 59, 21)
n=  4127   udiff=  1.8142E-03 ( 54, 26)   vdiff=  2.6174E-03 ( 59, 21)
n=  4128   udiff=  1.8102E-03 ( 54, 26)   vdiff=  2.6129E-03 ( 59, 21)
n=  4129   udiff=  1.8061E-03 ( 54, 26)   vdiff=  2.6088E-03 ( 59, 21)
n=  4130   udiff=  1.8021E-03 ( 54, 26)   vdiff=  2.6043E-03 ( 59, 21)
n=  4131   udiff=  1.7981E-03 ( 54, 26)   vdiff=  2.6001E-03 ( 59, 21)
n=  4132   udiff=  1.7941E-03 ( 54, 26)   vdiff=  2.5957E-03 ( 59, 21)
n=  4133   udiff=  1.7900E-03 ( 54, 26)   vdiff=  2.5911E-03 ( 59, 21)
n=  4134   udiff=  1.7861E-03 ( 54, 26)   vdiff=  2.5869E-03 ( 59, 21)
n=  4135   udiff=  1.7820E-03 ( 54, 26)   vdiff=  2.5827E-03 ( 59, 21)
n=  4136   udiff=  1.7780E-03 ( 54, 26)   vdiff=  2.5782E-03 ( 59, 21)
n=  4137   udiff=  1.7740E-03 ( 54, 26)   vdiff=  2.5737E-03 ( 59, 21)
n=  4138   udiff=  1.7700E-03 ( 54, 26)   vdiff=  2.5695E-03 ( 59, 21)
n=  4139   udiff=  1.7660E-03 ( 54, 26)   vdiff=  2.5651E-03 ( 59, 21)
n=  4140   udiff=  1.7620E-03 ( 54, 26)   vdiff=  2.5608E-03 ( 59, 21)
n=  4141   udiff=  1.7580E-03 ( 54, 26)   vdiff=  2.5564E-03 ( 59, 21)
n=  4142   udiff=  1.7540E-03 ( 54, 26)   vdiff=  2.5521E-03 ( 59, 21)
n=  4143   udiff=  1.7500E-03 ( 54, 26)   vdiff=  2.5477E-03 ( 59, 21)
n=  4144   udiff=  1.7460E-03 ( 54, 26)   vdiff=  2.5432E-03 ( 59, 21)
n=  4145   udiff=  1.7421E-03 ( 54, 26)   vdiff=  2.5390E-03 ( 59, 21)
n=  4146   udiff=  1.7380E-03 ( 54, 26)   vdiff=  2.5343E-03 ( 59, 21)
n=  4147   udiff=  1.7341E-03 ( 54, 26)   vdiff=  2.5301E-03 ( 59, 21)
n=  4148   udiff=  1.7301E-03 ( 54, 26)   vdiff=  2.5260E-03 ( 59, 21)
n=  4149   udiff=  1.7261E-03 ( 54, 26)   vdiff=  2.5215E-03 ( 59, 21)
n=  4150   udiff=  1.7221E-03 ( 54, 26)   vdiff=  2.5169E-03 ( 59, 21)
n=  4151   udiff=  1.7182E-03 ( 54, 26)   vdiff=  2.5127E-03 ( 59, 21)
n=  4152   udiff=  1.7142E-03 ( 54, 26)   vdiff=  2.5082E-03 ( 59, 21)
n=  4153   udiff=  1.7102E-03 ( 54, 26)   vdiff=  2.5038E-03 ( 59, 21)
n=  4154   udiff=  1.7063E-03 ( 54, 26)   vdiff=  2.4995E-03 ( 59, 21)
n=  4155   udiff=  1.7023E-03 ( 54, 26)   vdiff=  2.4951E-03 ( 59, 21)
n=  4156   udiff=  1.6983E-03 ( 54, 26)   vdiff=  2.4908E-03 ( 59, 21)
n=  4157   udiff=  1.6944E-03 ( 54, 26)   vdiff=  2.4863E-03 ( 59, 21)
n=  4158   udiff=  1.6904E-03 ( 54, 26)   vdiff=  2.4821E-03 ( 59, 21)
n=  4159   udiff=  1.6865E-03 ( 54, 26)   vdiff=  2.4776E-03 ( 59, 21)
n=  4160   udiff=  1.6825E-03 ( 54, 26)   vdiff=  2.4731E-03 ( 59, 21)
n=  4161   udiff=  1.6786E-03 ( 54, 26)   vdiff=  2.4687E-03 ( 59, 21)
n=  4162   udiff=  1.6746E-03 ( 54, 26)   vdiff=  2.4644E-03 ( 59, 21)
n=  4163   udiff=  1.6707E-03 ( 54, 26)   vdiff=  2.4601E-03 ( 59, 21)
n=  4164   udiff=  1.6668E-03 ( 54, 26)   vdiff=  2.4556E-03 ( 59, 21)
n=  4165   udiff=  1.6628E-03 ( 54, 26)   vdiff=  2.4513E-03 ( 59, 21)
n=  4166   udiff=  1.6589E-03 ( 54, 26)   vdiff=  2.4470E-03 ( 59, 21)
n=  4167   udiff=  1.6550E-03 ( 54, 26)   vdiff=  2.4424E-03 ( 59, 21)
n=  4168   udiff=  1.6511E-03 ( 54, 26)   vdiff=  2.4380E-03 ( 59, 21)
n=  4169   udiff=  1.6471E-03 ( 54, 26)   vdiff=  2.4339E-03 ( 59, 21)
n=  4170   udiff=  1.6432E-03 ( 54, 26)   vdiff=  2.4293E-03 ( 59, 21)
n=  4171   udiff=  1.6393E-03 ( 54, 26)   vdiff=  2.4248E-03 ( 59, 21)
n=  4172   udiff=  1.6353E-03 ( 54, 26)   vdiff=  2.4205E-03 ( 59, 21)
n=  4173   udiff=  1.6314E-03 ( 54, 26)   vdiff=  2.4162E-03 ( 59, 21)
n=  4174   udiff=  1.6276E-03 ( 54, 26)   vdiff=  2.4118E-03 ( 59, 21)
n=  4175   udiff=  1.6236E-03 ( 54, 26)   vdiff=  2.4074E-03 ( 59, 21)
n=  4176   udiff=  1.6197E-03 ( 54, 26)   vdiff=  2.4029E-03 ( 59, 21)
n=  4177   udiff=  1.6158E-03 ( 54, 26)   vdiff=  2.3984E-03 ( 59, 21)
n=  4178   udiff=  1.6119E-03 ( 54, 26)   vdiff=  2.3942E-03 ( 59, 21)
n=  4179   udiff=  1.6080E-03 ( 54, 26)   vdiff=  2.3898E-03 ( 59, 21)
n=  4180   udiff=  1.6041E-03 ( 54, 26)   vdiff=  2.3853E-03 ( 59, 21)
n=  4181   udiff=  1.6002E-03 ( 54, 26)   vdiff=  2.3808E-03 ( 59, 21)
n=  4182   udiff=  1.5964E-03 ( 54, 26)   vdiff=  2.3766E-03 ( 59, 21)
n=  4183   udiff=  1.5925E-03 ( 54, 26)   vdiff=  2.3722E-03 ( 59, 21)
n=  4184   udiff=  1.5886E-03 ( 54, 26)   vdiff=  2.3677E-03 ( 59, 21)
n=  4185   udiff=  1.5848E-03 ( 54, 26)   vdiff=  2.3634E-03 ( 59, 21)
n=  4186   udiff=  1.5809E-03 ( 54, 26)   vdiff=  2.3589E-03 ( 59, 21)
n=  4187   udiff=  1.5770E-03 ( 54, 26)   vdiff=  2.3546E-03 ( 59, 21)
n=  4188   udiff=  1.5731E-03 ( 54, 26)   vdiff=  2.3501E-03 ( 59, 21)
n=  4189   udiff=  1.5693E-03 ( 54, 26)   vdiff=  2.3457E-03 ( 59, 21)
n=  4190   udiff=  1.5654E-03 ( 54, 26)   vdiff=  2.3413E-03 ( 59, 21)
n=  4191   udiff=  1.5615E-03 ( 54, 26)   vdiff=  2.3370E-03 ( 59, 21)
n=  4192   udiff=  1.5577E-03 ( 54, 26)   vdiff=  2.3327E-03 ( 59, 21)
n=  4193   udiff=  1.5539E-03 ( 54, 26)   vdiff=  2.3283E-03 ( 59, 21)
n=  4194   udiff=  1.5500E-03 ( 54, 26)   vdiff=  2.3236E-03 ( 59, 21)
n=  4195   udiff=  1.5462E-03 ( 54, 26)   vdiff=  2.3193E-03 ( 59, 21)
n=  4196   udiff=  1.5423E-03 ( 54, 26)   vdiff=  2.3151E-03 ( 59, 21)
n=  4197   udiff=  1.5385E-03 ( 54, 26)   vdiff=  2.3106E-03 ( 59, 21)
n=  4198   udiff=  1.5347E-03 ( 54, 26)   vdiff=  2.3062E-03 ( 59, 21)
n=  4199   udiff=  1.5308E-03 ( 54, 26)   vdiff=  2.3017E-03 ( 59, 21)
n=  4200   udiff=  1.5270E-03 ( 54, 26)   vdiff=  2.2974E-03 ( 59, 21)
n=  4201   udiff=  1.5232E-03 ( 54, 26)   vdiff=  2.2931E-03 ( 59, 21)
n=  4202   udiff=  1.5194E-03 ( 54, 26)   vdiff=  2.2887E-03 ( 59, 21)
n=  4203   udiff=  1.5155E-03 ( 54, 26)   vdiff=  2.2843E-03 ( 59, 21)
n=  4204   udiff=  1.5117E-03 ( 54, 26)   vdiff=  2.2797E-03 ( 59, 21)
n=  4205   udiff=  1.5079E-03 ( 54, 26)   vdiff=  2.2754E-03 ( 59, 21)
n=  4206   udiff=  1.5041E-03 ( 54, 26)   vdiff=  2.2709E-03 ( 59, 21)
n=  4207   udiff=  1.5003E-03 ( 54, 26)   vdiff=  2.2665E-03 ( 59, 21)
n=  4208   udiff=  1.4965E-03 ( 54, 26)   vdiff=  2.2622E-03 ( 59, 21)
n=  4209   udiff=  1.4927E-03 ( 54, 26)   vdiff=  2.2578E-03 ( 59, 21)
n=  4210   udiff=  1.4889E-03 ( 54, 26)   vdiff=  2.2536E-03 ( 59, 21)
n=  4211   udiff=  1.4851E-03 ( 54, 26)   vdiff=  2.2491E-03 ( 59, 21)
n=  4212   udiff=  1.4813E-03 ( 54, 26)   vdiff=  2.2446E-03 ( 59, 21)
n=  4213   udiff=  1.4776E-03 ( 54, 26)   vdiff=  2.2402E-03 ( 59, 21)
n=  4214   udiff=  1.4738E-03 ( 54, 26)   vdiff=  2.2359E-03 ( 59, 21)
n=  4215   udiff=  1.4700E-03 ( 54, 26)   vdiff=  2.2315E-03 ( 59, 21)
n=  4216   udiff=  1.4663E-03 ( 54, 26)   vdiff=  2.2271E-03 ( 59, 21)
n=  4217   udiff=  1.4625E-03 ( 54, 26)   vdiff=  2.2227E-03 ( 59, 21)
n=  4218   udiff=  1.4587E-03 ( 54, 26)   vdiff=  2.2184E-03 ( 59, 21)
n=  4219   udiff=  1.4550E-03 ( 54, 26)   vdiff=  2.2140E-03 ( 59, 21)
n=  4220   udiff=  1.4512E-03 ( 54, 26)   vdiff=  2.2095E-03 ( 59, 21)
n=  4221   udiff=  1.4475E-03 ( 54, 26)   vdiff=  2.2052E-03 ( 59, 21)
n=  4222   udiff=  1.4437E-03 ( 54, 26)   vdiff=  2.2008E-03 ( 59, 21)
n=  4223   udiff=  1.4400E-03 ( 54, 26)   vdiff=  2.1964E-03 ( 59, 21)
n=  4224   udiff=  1.4362E-03 ( 54, 26)   vdiff=  2.1920E-03 ( 59, 21)
n=  4225   udiff=  1.4325E-03 ( 54, 26)   vdiff=  2.1878E-03 ( 59, 21)
n=  4226   udiff=  1.4288E-03 ( 54, 26)   vdiff=  2.1832E-03 ( 59, 21)
n=  4227   udiff=  1.4251E-03 ( 54, 26)   vdiff=  2.1790E-03 ( 59, 21)
n=  4228   udiff=  1.4214E-03 ( 54, 26)   vdiff=  2.1745E-03 ( 59, 21)
n=  4229   udiff=  1.4176E-03 ( 54, 26)   vdiff=  2.1702E-03 ( 59, 21)
n=  4230   udiff=  1.4139E-03 ( 54, 26)   vdiff=  2.1658E-03 ( 59, 21)
n=  4231   udiff=  1.4102E-03 ( 54, 26)   vdiff=  2.1616E-03 ( 59, 21)
n=  4232   udiff=  1.4065E-03 ( 54, 26)   vdiff=  2.1570E-03 ( 59, 21)
n=  4233   udiff=  1.4028E-03 ( 54, 26)   vdiff=  2.1529E-03 ( 59, 21)
n=  4234   udiff=  1.3991E-03 ( 54, 26)   vdiff=  2.1482E-03 ( 59, 21)
n=  4235   udiff=  1.3954E-03 ( 54, 26)   vdiff=  2.1438E-03 ( 59, 21)
n=  4236   udiff=  1.3917E-03 ( 54, 26)   vdiff=  2.1396E-03 ( 59, 21)
n=  4237   udiff=  1.3880E-03 ( 54, 26)   vdiff=  2.1354E-03 ( 59, 21)
n=  4238   udiff=  1.3843E-03 ( 54, 26)   vdiff=  2.1310E-03 ( 59, 21)
n=  4239   udiff=  1.3806E-03 ( 54, 26)   vdiff=  2.1264E-03 ( 59, 21)
n=  4240   udiff=  1.3770E-03 ( 54, 26)   vdiff=  2.1222E-03 ( 59, 21)
n=  4241   udiff=  1.3733E-03 ( 54, 26)   vdiff=  2.1180E-03 ( 59, 21)
n=  4242   udiff=  1.3696E-03 ( 54, 26)   vdiff=  2.1134E-03 ( 59, 21)
n=  4243   udiff=  1.3659E-03 ( 54, 26)   vdiff=  2.1091E-03 ( 59, 21)
n=  4244   udiff=  1.3623E-03 ( 54, 26)   vdiff=  2.1048E-03 ( 59, 21)
n=  4245   udiff=  1.3586E-03 ( 54, 26)   vdiff=  2.1007E-03 ( 59, 21)
n=  4246   udiff=  1.3550E-03 ( 54, 26)   vdiff=  2.0960E-03 ( 59, 21)
n=  4247   udiff=  1.3513E-03 ( 54, 26)   vdiff=  2.0918E-03 ( 59, 21)
n=  4248   udiff=  1.3477E-03 ( 54, 26)   vdiff=  2.0873E-03 ( 59, 21)
n=  4249   udiff=  1.3440E-03 ( 54, 26)   vdiff=  2.0829E-03 ( 59, 21)
n=  4250   udiff=  1.3404E-03 ( 54, 26)   vdiff=  2.0787E-03 ( 59, 21)
n=  4251   udiff=  1.3368E-03 ( 54, 26)   vdiff=  2.0744E-03 ( 59, 21)
n=  4252   udiff=  1.3332E-03 ( 54, 26)   vdiff=  2.0700E-03 ( 59, 21)
n=  4253   udiff=  1.3295E-03 ( 54, 26)   vdiff=  2.0657E-03 ( 59, 21)
n=  4254   udiff=  1.3259E-03 ( 54, 26)   vdiff=  2.0612E-03 ( 59, 21)
n=  4255   udiff=  1.3223E-03 ( 54, 26)   vdiff=  2.0569E-03 ( 59, 21)
n=  4256   udiff=  1.3187E-03 ( 54, 26)   vdiff=  2.0526E-03 ( 59, 21)
n=  4257   udiff=  1.3151E-03 ( 54, 26)   vdiff=  2.0483E-03 ( 59, 21)
n=  4258   udiff=  1.3115E-03 ( 54, 26)   vdiff=  2.0441E-03 ( 59, 21)
n=  4259   udiff=  1.3079E-03 ( 54, 26)   vdiff=  2.0398E-03 ( 59, 21)
n=  4260   udiff=  1.3043E-03 ( 54, 26)   vdiff=  2.0355E-03 ( 59, 21)
n=  4261   udiff=  1.3007E-03 ( 54, 26)   vdiff=  2.0311E-03 ( 59, 21)
n=  4262   udiff=  1.2971E-03 ( 54, 26)   vdiff=  2.0267E-03 ( 59, 21)
n=  4263   udiff=  1.2935E-03 ( 54, 26)   vdiff=  2.0224E-03 ( 59, 21)
n=  4264   udiff=  1.2900E-03 ( 54, 26)   vdiff=  2.0181E-03 ( 59, 21)
n=  4265   udiff=  1.2864E-03 ( 54, 26)   vdiff=  2.0139E-03 ( 59, 21)
n=  4266   udiff=  1.2828E-03 ( 54, 26)   vdiff=  2.0096E-03 ( 59, 21)
n=  4267   udiff=  1.2792E-03 ( 54, 26)   vdiff=  2.0053E-03 ( 59, 21)
n=  4268   udiff=  1.2757E-03 ( 54, 26)   vdiff=  2.0008E-03 ( 59, 21)
n=  4269   udiff=  1.2721E-03 ( 54, 26)   vdiff=  1.9965E-03 ( 59, 21)
n=  4270   udiff=  1.2686E-03 ( 54, 26)   vdiff=  1.9923E-03 ( 59, 21)
n=  4271   udiff=  1.2650E-03 ( 54, 26)   vdiff=  1.9879E-03 ( 59, 21)
n=  4272   udiff=  1.2615E-03 ( 54, 26)   vdiff=  1.9837E-03 ( 59, 21)
n=  4273   udiff=  1.2580E-03 ( 54, 26)   vdiff=  1.9794E-03 ( 59, 21)
n=  4274   udiff=  1.2544E-03 ( 54, 26)   vdiff=  1.9753E-03 ( 59, 21)
n=  4275   udiff=  1.2509E-03 ( 54, 26)   vdiff=  1.9707E-03 ( 59, 21)
n=  4276   udiff=  1.2474E-03 ( 54, 26)   vdiff=  1.9665E-03 ( 59, 21)
n=  4277   udiff=  1.2440E-03 ( 55, 26)   vdiff=  1.9621E-03 ( 59, 21)
n=  4278   udiff=  1.2408E-03 ( 55, 26)   vdiff=  1.9579E-03 ( 59, 21)
n=  4279   udiff=  1.2375E-03 ( 55, 26)   vdiff=  1.9538E-03 ( 59, 21)
n=  4280   udiff=  1.2342E-03 ( 55, 26)   vdiff=  1.9494E-03 ( 59, 21)
n=  4281   udiff=  1.2309E-03 ( 55, 26)   vdiff=  1.9453E-03 ( 59, 21)
n=  4282   udiff=  1.2277E-03 ( 55, 26)   vdiff=  1.9408E-03 ( 59, 21)
n=  4283   udiff=  1.2244E-03 ( 55, 26)   vdiff=  1.9365E-03 ( 59, 21)
n=  4284   udiff=  1.2211E-03 ( 55, 26)   vdiff=  1.9323E-03 ( 59, 21)
n=  4285   udiff=  1.2179E-03 ( 55, 26)   vdiff=  1.9282E-03 ( 59, 21)
n=  4286   udiff=  1.2146E-03 ( 55, 26)   vdiff=  1.9239E-03 ( 59, 21)
n=  4287   udiff=  1.2114E-03 ( 55, 26)   vdiff=  1.9194E-03 ( 59, 21)
n=  4288   udiff=  1.2081E-03 ( 55, 26)   vdiff=  1.9153E-03 ( 59, 21)
n=  4289   udiff=  1.2048E-03 ( 55, 26)   vdiff=  1.9111E-03 ( 59, 21)
n=  4290   udiff=  1.2016E-03 ( 55, 26)   vdiff=  1.9067E-03 ( 59, 21)
n=  4291   udiff=  1.1983E-03 ( 55, 26)   vdiff=  1.9024E-03 ( 59, 21)
n=  4292   udiff=  1.1951E-03 ( 55, 26)   vdiff=  1.8984E-03 ( 59, 21)
n=  4293   udiff=  1.1919E-03 ( 55, 26)   vdiff=  1.8941E-03 ( 59, 21)
n=  4294   udiff=  1.1887E-03 ( 55, 26)   vdiff=  1.8896E-03 ( 59, 21)
n=  4295   udiff=  1.1855E-03 ( 55, 26)   vdiff=  1.8856E-03 ( 59, 21)
n=  4296   udiff=  1.1822E-03 ( 55, 26)   vdiff=  1.8813E-03 ( 59, 21)
n=  4297   udiff=  1.1790E-03 ( 55, 26)   vdiff=  1.8772E-03 ( 59, 21)
n=  4298   udiff=  1.1758E-03 ( 55, 26)   vdiff=  1.8730E-03 ( 59, 21)
n=  4299   udiff=  1.1726E-03 ( 55, 26)   vdiff=  1.8686E-03 ( 59, 21)
n=  4300   udiff=  1.1694E-03 ( 55, 26)   vdiff=  1.8643E-03 ( 59, 21)
n=  4301   udiff=  1.1662E-03 ( 55, 26)   vdiff=  1.8602E-03 ( 59, 21)
n=  4302   udiff=  1.1630E-03 ( 55, 26)   vdiff=  1.8559E-03 ( 59, 21)
n=  4303   udiff=  1.1598E-03 ( 55, 26)   vdiff=  1.8517E-03 ( 59, 21)
n=  4304   udiff=  1.1566E-03 ( 55, 26)   vdiff=  1.8476E-03 ( 59, 21)
n=  4305   udiff=  1.1534E-03 ( 55, 26)   vdiff=  1.8433E-03 ( 59, 21)
n=  4306   udiff=  1.1502E-03 ( 55, 26)   vdiff=  1.8391E-03 ( 59, 21)
n=  4307   udiff=  1.1471E-03 ( 55, 26)   vdiff=  1.8349E-03 ( 59, 21)
n=  4308   udiff=  1.1439E-03 ( 55, 26)   vdiff=  1.8308E-03 ( 59, 21)
n=  4309   udiff=  1.1407E-03 ( 55, 26)   vdiff=  1.8264E-03 ( 59, 21)
n=  4310   udiff=  1.1375E-03 ( 55, 26)   vdiff=  1.8222E-03 ( 59, 21)
n=  4311   udiff=  1.1344E-03 ( 55, 26)   vdiff=  1.8181E-03 ( 59, 21)
n=  4312   udiff=  1.1312E-03 ( 55, 26)   vdiff=  1.8140E-03 ( 59, 21)
n=  4313   udiff=  1.1281E-03 ( 55, 26)   vdiff=  1.8097E-03 ( 59, 21)
n=  4314   udiff=  1.1249E-03 ( 55, 26)   vdiff=  1.8054E-03 ( 59, 21)
n=  4315   udiff=  1.1218E-03 ( 55, 26)   vdiff=  1.8014E-03 ( 59, 21)
n=  4316   udiff=  1.1186E-03 ( 55, 26)   vdiff=  1.7971E-03 ( 59, 21)
n=  4317   udiff=  1.1155E-03 ( 55, 26)   vdiff=  1.7930E-03 ( 59, 21)
n=  4318   udiff=  1.1123E-03 ( 55, 26)   vdiff=  1.7889E-03 ( 59, 21)
n=  4319   udiff=  1.1092E-03 ( 55, 26)   vdiff=  1.7847E-03 ( 59, 21)
n=  4320   udiff=  1.1061E-03 ( 55, 26)   vdiff=  1.7806E-03 ( 59, 21)
n=  4321   udiff=  1.1030E-03 ( 55, 26)   vdiff=  1.7764E-03 ( 59, 21)
n=  4322   udiff=  1.0998E-03 ( 55, 26)   vdiff=  1.7720E-03 ( 59, 21)
n=  4323   udiff=  1.0967E-03 ( 55, 26)   vdiff=  1.7680E-03 ( 59, 21)
n=  4324   udiff=  1.0936E-03 ( 55, 26)   vdiff=  1.7640E-03 ( 59, 21)
n=  4325   udiff=  1.0905E-03 ( 55, 26)   vdiff=  1.7596E-03 ( 59, 21)
n=  4326   udiff=  1.0874E-03 ( 55, 26)   vdiff=  1.7555E-03 ( 59, 21)
n=  4327   udiff=  1.0843E-03 ( 55, 26)   vdiff=  1.7513E-03 ( 59, 21)
n=  4328   udiff=  1.0812E-03 ( 55, 26)   vdiff=  1.7474E-03 ( 59, 21)
n=  4329   udiff=  1.0781E-03 ( 55, 26)   vdiff=  1.7430E-03 ( 59, 21)
n=  4330   udiff=  1.0750E-03 ( 55, 26)   vdiff=  1.7391E-03 ( 59, 21)
n=  4331   udiff=  1.0719E-03 ( 55, 26)   vdiff=  1.7348E-03 ( 59, 21)
n=  4332   udiff=  1.0689E-03 ( 55, 26)   vdiff=  1.7307E-03 ( 59, 21)
n=  4333   udiff=  1.0658E-03 ( 55, 26)   vdiff=  1.7267E-03 ( 59, 21)
n=  4334   udiff=  1.0627E-03 ( 55, 26)   vdiff=  1.7225E-03 ( 59, 21)
n=  4335   udiff=  1.0597E-03 ( 55, 26)   vdiff=  1.7183E-03 ( 59, 21)
n=  4336   udiff=  1.0566E-03 ( 55, 26)   vdiff=  1.7144E-03 ( 59, 21)
n=  4337   udiff=  1.0535E-03 ( 55, 26)   vdiff=  1.7102E-03 ( 59, 21)
n=  4338   udiff=  1.0505E-03 ( 55, 26)   vdiff=  1.7062E-03 ( 59, 21)
n=  4339   udiff=  1.0474E-03 ( 55, 26)   vdiff=  1.7019E-03 ( 59, 21)
n=  4340   udiff=  1.0444E-03 ( 55, 26)   vdiff=  1.6978E-03 ( 59, 21)
n=  4341   udiff=  1.0413E-03 ( 55, 26)   vdiff=  1.6936E-03 ( 59, 21)
n=  4342   udiff=  1.0383E-03 ( 55, 26)   vdiff=  1.6896E-03 ( 59, 21)
n=  4343   udiff=  1.0353E-03 ( 55, 26)   vdiff=  1.6858E-03 ( 59, 21)
n=  4344   udiff=  1.0322E-03 ( 55, 26)   vdiff=  1.6814E-03 ( 59, 21)
n=  4345   udiff=  1.0292E-03 ( 55, 26)   vdiff=  1.6775E-03 ( 59, 21)
n=  4346   udiff=  1.0262E-03 ( 55, 26)   vdiff=  1.6733E-03 ( 59, 21)
n=  4347   udiff=  1.0232E-03 ( 55, 26)   vdiff=  1.6692E-03 ( 59, 21)
n=  4348   udiff=  1.0202E-03 ( 55, 26)   vdiff=  1.6652E-03 ( 59, 21)
n=  4349   udiff=  1.0171E-03 ( 55, 26)   vdiff=  1.6611E-03 ( 59, 21)
n=  4350   udiff=  1.0141E-03 ( 55, 26)   vdiff=  1.6572E-03 ( 59, 21)
n=  4351   udiff=  1.0111E-03 ( 55, 26)   vdiff=  1.6530E-03 ( 59, 21)
n=  4352   udiff=  1.0081E-03 ( 55, 26)   vdiff=  1.6491E-03 ( 59, 21)
n=  4353   udiff=  1.0051E-03 ( 55, 26)   vdiff=  1.6448E-03 ( 59, 21)
n=  4354   udiff=  1.0022E-03 ( 55, 26)   vdiff=  1.6409E-03 ( 59, 21)
n=  4355   udiff=  9.9919E-04 ( 55, 26)   vdiff=  1.6369E-03 ( 59, 21)
n=  4356   udiff=  9.9621E-04 ( 55, 26)   vdiff=  1.6328E-03 ( 59, 21)
n=  4357   udiff=  9.9321E-04 ( 55, 26)   vdiff=  1.6287E-03 ( 59, 21)
n=  4358   udiff=  9.9026E-04 ( 55, 26)   vdiff=  1.6250E-03 ( 59, 21)
n=  4359   udiff=  9.8729E-04 ( 55, 26)   vdiff=  1.6208E-03 ( 59, 21)
n=  4360   udiff=  9.8431E-04 ( 55, 26)   vdiff=  1.6168E-03 ( 59, 21)
n=  4361   udiff=  9.8137E-04 ( 55, 26)   vdiff=  1.6128E-03 ( 59, 21)
n=  4362   udiff=  9.7839E-04 ( 55, 26)   vdiff=  1.6087E-03 ( 59, 21)
n=  4363   udiff=  9.7546E-04 ( 55, 26)   vdiff=  1.6046E-03 ( 59, 21)
n=  4364   udiff=  9.7251E-04 ( 55, 26)   vdiff=  1.6008E-03 ( 59, 21)
n=  4365   udiff=  9.6958E-04 ( 55, 26)   vdiff=  1.5967E-03 ( 59, 21)
n=  4366   udiff=  9.6664E-04 ( 55, 26)   vdiff=  1.5926E-03 ( 59, 21)
n=  4367   udiff=  9.6370E-04 ( 55, 26)   vdiff=  1.5887E-03 ( 59, 21)
n=  4368   udiff=  9.6080E-04 ( 55, 26)   vdiff=  1.5848E-03 ( 59, 21)
n=  4369   udiff=  9.5783E-04 ( 55, 26)   vdiff=  1.5805E-03 ( 59, 21)
n=  4370   udiff=  9.5492E-04 ( 55, 26)   vdiff=  1.5766E-03 ( 59, 21)
n=  4371   udiff=  9.5204E-04 ( 55, 26)   vdiff=  1.5726E-03 ( 59, 21)
n=  4372   udiff=  9.4911E-04 ( 55, 26)   vdiff=  1.5688E-03 ( 59, 21)
n=  4373   udiff=  9.4619E-04 ( 55, 26)   vdiff=  1.5648E-03 ( 59, 21)
n=  4374   udiff=  9.4330E-04 ( 55, 26)   vdiff=  1.5610E-03 ( 59, 21)
n=  4375   udiff=  9.4040E-04 ( 55, 26)   vdiff=  1.5569E-03 ( 59, 21)
n=  4376   udiff=  9.3752E-04 ( 55, 26)   vdiff=  1.5529E-03 ( 59, 21)
n=  4377   udiff=  9.3461E-04 ( 55, 26)   vdiff=  1.5490E-03 ( 59, 21)
n=  4378   udiff=  9.3172E-04 ( 55, 26)   vdiff=  1.5451E-03 ( 59, 21)
n=  4379   udiff=  9.2887E-04 ( 55, 26)   vdiff=  1.5411E-03 ( 59, 21)
n=  4380   udiff=  9.2597E-04 ( 55, 26)   vdiff=  1.5371E-03 ( 59, 21)
n=  4381   udiff=  9.2310E-04 ( 55, 26)   vdiff=  1.5333E-03 ( 59, 21)
n=  4382   udiff=  9.2022E-04 ( 55, 26)   vdiff=  1.5292E-03 ( 59, 21)
n=  4383   udiff=  9.1737E-04 ( 55, 26)   vdiff=  1.5253E-03 ( 59, 21)
n=  4384   udiff=  9.1452E-04 ( 55, 26)   vdiff=  1.5215E-03 ( 59, 21)
n=  4385   udiff=  9.1167E-04 ( 55, 26)   vdiff=  1.5176E-03 ( 59, 21)
n=  4386   udiff=  9.0881E-04 ( 55, 26)   vdiff=  1.5136E-03 ( 59, 21)
n=  4387   udiff=  9.0597E-04 ( 55, 26)   vdiff=  1.5096E-03 ( 59, 21)
n=  4388   udiff=  9.0311E-04 ( 55, 26)   vdiff=  1.5057E-03 ( 59, 21)
n=  4389   udiff=  9.0026E-04 ( 55, 26)   vdiff=  1.5019E-03 ( 59, 21)
n=  4390   udiff=  8.9745E-04 ( 55, 26)   vdiff=  1.4980E-03 ( 59, 21)
n=  4391   udiff=  8.9462E-04 ( 55, 26)   vdiff=  1.4940E-03 ( 59, 21)
n=  4392   udiff=  8.9181E-04 ( 55, 26)   vdiff=  1.4901E-03 ( 59, 21)
n=  4393   udiff=  8.8897E-04 ( 55, 26)   vdiff=  1.4862E-03 ( 59, 21)
n=  4394   udiff=  8.8617E-04 ( 55, 26)   vdiff=  1.4824E-03 ( 59, 21)
n=  4395   udiff=  8.8334E-04 ( 55, 26)   vdiff=  1.4783E-03 ( 59, 21)
n=  4396   udiff=  8.8055E-04 ( 55, 26)   vdiff=  1.4747E-03 ( 59, 21)
n=  4397   udiff=  8.7772E-04 ( 55, 26)   vdiff=  1.4707E-03 ( 59, 21)
n=  4398   udiff=  8.7494E-04 ( 55, 26)   vdiff=  1.4669E-03 ( 59, 21)
n=  4399   udiff=  8.7215E-04 ( 55, 26)   vdiff=  1.4630E-03 ( 59, 21)
n=  4400   udiff=  8.6936E-04 ( 55, 26)   vdiff=  1.4592E-03 ( 59, 21)
n=  4401   udiff=  8.6658E-04 ( 55, 26)   vdiff=  1.4554E-03 ( 59, 21)
n=  4402   udiff=  8.6380E-04 ( 55, 26)   vdiff=  1.4515E-03 ( 59, 21)
n=  4403   udiff=  8.6102E-04 ( 55, 26)   vdiff=  1.4476E-03 ( 59, 21)
n=  4404   udiff=  8.5826E-04 ( 55, 26)   vdiff=  1.4440E-03 ( 59, 21)
n=  4405   udiff=  8.5548E-04 ( 55, 26)   vdiff=  1.4400E-03 ( 59, 21)
n=  4406   udiff=  8.5272E-04 ( 55, 26)   vdiff=  1.4362E-03 ( 59, 21)
n=  4407   udiff=  8.4997E-04 ( 55, 26)   vdiff=  1.4323E-03 ( 59, 21)
n=  4408   udiff=  8.4721E-04 ( 55, 26)   vdiff=  1.4285E-03 ( 59, 21)
n=  4409   udiff=  8.4446E-04 ( 55, 26)   vdiff=  1.4247E-03 ( 59, 21)
n=  4410   udiff=  8.4171E-04 ( 55, 26)   vdiff=  1.4209E-03 ( 59, 21)
n=  4411   udiff=  8.3898E-04 ( 55, 26)   vdiff=  1.4171E-03 ( 59, 21)
n=  4412   udiff=  8.3624E-04 ( 55, 26)   vdiff=  1.4134E-03 ( 59, 21)
n=  4413   udiff=  8.3351E-04 ( 55, 26)   vdiff=  1.4094E-03 ( 59, 21)
n=  4414   udiff=  8.3081E-04 ( 55, 26)   vdiff=  1.4057E-03 ( 59, 21)
n=  4415   udiff=  8.2808E-04 ( 55, 26)   vdiff=  1.4020E-03 ( 59, 21)
n=  4416   udiff=  8.2534E-04 ( 55, 26)   vdiff=  1.3981E-03 ( 59, 21)
n=  4417   udiff=  8.2264E-04 ( 55, 26)   vdiff=  1.3944E-03 ( 59, 21)
n=  4418   udiff=  8.1993E-04 ( 55, 26)   vdiff=  1.3905E-03 ( 59, 21)
n=  4419   udiff=  8.1723E-04 ( 55, 26)   vdiff=  1.3867E-03 ( 59, 21)
n=  4420   udiff=  8.1454E-04 ( 55, 26)   vdiff=  1.3830E-03 ( 59, 21)
n=  4421   udiff=  8.1182E-04 ( 55, 26)   vdiff=  1.3791E-03 ( 59, 21)
n=  4422   udiff=  8.0915E-04 ( 55, 26)   vdiff=  1.3754E-03 ( 59, 21)
n=  4423   udiff=  8.0647E-04 ( 55, 26)   vdiff=  1.3717E-03 ( 59, 21)
n=  4424   udiff=  8.0389E-04 ( 55, 25)   vdiff=  1.3680E-03 ( 59, 21)
n=  4425   udiff=  8.0155E-04 ( 55, 25)   vdiff=  1.3643E-03 ( 59, 21)
n=  4426   udiff=  7.9916E-04 ( 55, 25)   vdiff=  1.3604E-03 ( 59, 21)
n=  4427   udiff=  7.9680E-04 ( 55, 25)   vdiff=  1.3568E-03 ( 59, 21)
n=  4428   udiff=  7.9447E-04 ( 55, 25)   vdiff=  1.3530E-03 ( 59, 21)
n=  4429   udiff=  7.9208E-04 ( 55, 25)   vdiff=  1.3494E-03 ( 59, 21)
n=  4430   udiff=  7.8971E-04 ( 55, 25)   vdiff=  1.3454E-03 ( 59, 21)
n=  4431   udiff=  7.8738E-04 ( 55, 25)   vdiff=  1.3418E-03 ( 59, 21)
n=  4432   udiff=  7.8500E-04 ( 55, 25)   vdiff=  1.3381E-03 ( 59, 21)
n=  4433   udiff=  7.8266E-04 ( 55, 25)   vdiff=  1.3343E-03 ( 59, 21)
n=  4434   udiff=  7.8036E-04 ( 55, 25)   vdiff=  1.3309E-03 ( 59, 21)
n=  4435   udiff=  7.7801E-04 ( 55, 25)   vdiff=  1.3272E-03 ( 59, 21)
n=  4436   udiff=  7.7569E-04 ( 55, 25)   vdiff=  1.3233E-03 ( 59, 21)
n=  4437   udiff=  7.7332E-04 ( 55, 25)   vdiff=  1.3197E-03 ( 59, 21)
n=  4438   udiff=  7.7100E-04 ( 55, 25)   vdiff=  1.3161E-03 ( 59, 21)
n=  4439   udiff=  7.6870E-04 ( 55, 25)   vdiff=  1.3124E-03 ( 59, 21)
n=  4440   udiff=  7.6636E-04 ( 55, 25)   vdiff=  1.3087E-03 ( 59, 21)
n=  4441   udiff=  7.6404E-04 ( 55, 25)   vdiff=  1.3051E-03 ( 59, 21)
n=  4442   udiff=  7.6176E-04 ( 55, 25)   vdiff=  1.3014E-03 ( 59, 21)
n=  4443   udiff=  7.5943E-04 ( 55, 25)   vdiff=  1.2975E-03 ( 59, 21)
n=  4444   udiff=  7.5716E-04 ( 55, 25)   vdiff=  1.2941E-03 ( 59, 21)
n=  4445   udiff=  7.5482E-04 ( 55, 25)   vdiff=  1.2903E-03 ( 59, 21)
n=  4446   udiff=  7.5251E-04 ( 55, 25)   vdiff=  1.2867E-03 ( 59, 21)
n=  4447   udiff=  7.5022E-04 ( 55, 25)   vdiff=  1.2831E-03 ( 59, 21)
n=  4448   udiff=  7.4796E-04 ( 55, 25)   vdiff=  1.2795E-03 ( 59, 21)
n=  4449   udiff=  7.4563E-04 ( 55, 25)   vdiff=  1.2758E-03 ( 59, 21)
n=  4450   udiff=  7.4336E-04 ( 55, 25)   vdiff=  1.2722E-03 ( 59, 21)
n=  4451   udiff=  7.4109E-04 ( 55, 25)   vdiff=  1.2684E-03 ( 59, 21)
n=  4452   udiff=  7.3880E-04 ( 55, 25)   vdiff=  1.2650E-03 ( 59, 21)
n=  4453   udiff=  7.3650E-04 ( 55, 25)   vdiff=  1.2612E-03 ( 59, 21)
n=  4454   udiff=  7.3425E-04 ( 55, 25)   vdiff=  1.2577E-03 ( 59, 21)
n=  4455   udiff=  7.3197E-04 ( 55, 25)   vdiff=  1.2542E-03 ( 59, 21)
n=  4456   udiff=  7.2972E-04 ( 55, 25)   vdiff=  1.2507E-03 ( 59, 21)
n=  4457   udiff=  7.2745E-04 ( 55, 25)   vdiff=  1.2470E-03 ( 59, 21)
n=  4458   udiff=  7.2521E-04 ( 55, 25)   vdiff=  1.2434E-03 ( 59, 21)
n=  4459   udiff=  7.2294E-04 ( 55, 25)   vdiff=  1.2397E-03 ( 59, 21)
n=  4460   udiff=  7.2067E-04 ( 55, 25)   vdiff=  1.2361E-03 ( 59, 21)
n=  4461   udiff=  7.1844E-04 ( 55, 25)   vdiff=  1.2326E-03 ( 59, 21)
n=  4462   udiff=  7.1618E-04 ( 55, 25)   vdiff=  1.2292E-03 ( 59, 21)
n=  4463   udiff=  7.1395E-04 ( 55, 25)   vdiff=  1.2254E-03 ( 59, 21)
n=  4464   udiff=  7.1169E-04 ( 55, 25)   vdiff=  1.2218E-03 ( 59, 21)
n=  4465   udiff=  7.0947E-04 ( 55, 25)   vdiff=  1.2183E-03 ( 59, 21)
n=  4466   udiff=  7.0721E-04 ( 55, 25)   vdiff=  1.2147E-03 ( 59, 21)
n=  4467   udiff=  7.0503E-04 ( 55, 25)   vdiff=  1.2115E-03 ( 59, 21)
n=  4468   udiff=  7.0281E-04 ( 55, 25)   vdiff=  1.2077E-03 ( 59, 21)
n=  4469   udiff=  7.0055E-04 ( 55, 25)   vdiff=  1.2041E-03 ( 59, 21)
n=  4470   udiff=  6.9837E-04 ( 55, 25)   vdiff=  1.2007E-03 ( 59, 21)
n=  4471   udiff=  6.9612E-04 ( 55, 25)   vdiff=  1.1972E-03 ( 59, 21)
n=  4472   udiff=  6.9395E-04 ( 55, 25)   vdiff=  1.1938E-03 ( 59, 21)
n=  4473   udiff=  6.9171E-04 ( 55, 25)   vdiff=  1.1903E-03 ( 59, 21)
n=  4474   udiff=  6.8954E-04 ( 55, 25)   vdiff=  1.1868E-03 ( 59, 21)
n=  4475   udiff=  6.8731E-04 ( 55, 25)   vdiff=  1.1832E-03 ( 59, 21)
n=  4476   udiff=  6.8513E-04 ( 55, 25)   vdiff=  1.1796E-03 ( 59, 21)
n=  4477   udiff=  6.8294E-04 ( 55, 25)   vdiff=  1.1763E-03 ( 59, 21)
n=  4478   udiff=  6.8074E-04 ( 55, 25)   vdiff=  1.1727E-03 ( 59, 21)
n=  4479   udiff=  6.7856E-04 ( 55, 25)   vdiff=  1.1693E-03 ( 59, 21)
n=  4480   udiff=  6.7640E-04 ( 55, 25)   vdiff=  1.1656E-03 ( 59, 21)
n=  4481   udiff=  6.7421E-04 ( 55, 25)   vdiff=  1.1622E-03 ( 59, 21)
n=  4482   udiff=  6.7203E-04 ( 55, 25)   vdiff=  1.1587E-03 ( 59, 21)
n=  4483   udiff=  6.6985E-04 ( 55, 25)   vdiff=  1.1553E-03 ( 59, 21)
n=  4484   udiff=  6.6769E-04 ( 55, 25)   vdiff=  1.1520E-03 ( 59, 21)
n=  4485   udiff=  6.6552E-04 ( 55, 25)   vdiff=  1.1484E-03 ( 59, 21)
n=  4486   udiff=  6.6334E-04 ( 55, 25)   vdiff=  1.1451E-03 ( 59, 21)
n=  4487   udiff=  6.6122E-04 ( 55, 25)   vdiff=  1.1415E-03 ( 59, 21)
n=  4488   udiff=  6.5906E-04 ( 55, 25)   vdiff=  1.1382E-03 ( 59, 21)
n=  4489   udiff=  6.5691E-04 ( 55, 25)   vdiff=  1.1348E-03 ( 59, 21)
n=  4490   udiff=  6.5476E-04 ( 55, 25)   vdiff=  1.1313E-03 ( 59, 21)
n=  4491   udiff=  6.5264E-04 ( 55, 25)   vdiff=  1.1280E-03 ( 59, 21)
n=  4492   udiff=  6.5048E-04 ( 55, 25)   vdiff=  1.1245E-03 ( 59, 21)
n=  4493   udiff=  6.4833E-04 ( 55, 25)   vdiff=  1.1210E-03 ( 59, 21)
n=  4494   udiff=  6.4622E-04 ( 55, 25)   vdiff=  1.1176E-03 ( 59, 21)
n=  4495   udiff=  6.4408E-04 ( 55, 25)   vdiff=  1.1142E-03 ( 59, 21)
n=  4496   udiff=  6.4195E-04 ( 55, 25)   vdiff=  1.1107E-03 ( 59, 21)
n=  4497   udiff=  6.3983E-04 ( 55, 25)   vdiff=  1.1074E-03 ( 59, 21)
n=  4498   udiff=  6.3773E-04 ( 55, 25)   vdiff=  1.1041E-03 ( 59, 21)
n=  4499   udiff=  6.3561E-04 ( 55, 25)   vdiff=  1.1007E-03 ( 59, 21)
n=  4500   udiff=  6.3352E-04 ( 55, 25)   vdiff=  1.0974E-03 ( 59, 21)
n=  4501   udiff=  6.3138E-04 ( 55, 25)   vdiff=  1.0939E-03 ( 59, 21)
n=  4502   udiff=  6.2929E-04 ( 55, 25)   vdiff=  1.0908E-03 ( 59, 21)
n=  4503   udiff=  6.2721E-04 ( 55, 25)   vdiff=  1.0873E-03 ( 59, 21)
n=  4504   udiff=  6.2512E-04 ( 55, 25)   vdiff=  1.0839E-03 ( 59, 21)
n=  4505   udiff=  6.2302E-04 ( 55, 25)   vdiff=  1.0806E-03 ( 59, 21)
n=  4506   udiff=  6.2093E-04 ( 55, 25)   vdiff=  1.0773E-03 ( 59, 21)
n=  4507   udiff=  6.1887E-04 ( 55, 25)   vdiff=  1.0739E-03 ( 59, 21)
n=  4508   udiff=  6.1678E-04 ( 55, 25)   vdiff=  1.0707E-03 ( 59, 21)
n=  4509   udiff=  6.1467E-04 ( 55, 25)   vdiff=  1.0672E-03 ( 59, 21)
n=  4510   udiff=  6.1262E-04 ( 55, 25)   vdiff=  1.0639E-03 ( 59, 21)
n=  4511   udiff=  6.1051E-04 ( 55, 25)   vdiff=  1.0604E-03 ( 59, 21)
n=  4512   udiff=  6.0850E-04 ( 55, 25)   vdiff=  1.0573E-03 ( 59, 21)
n=  4513   udiff=  6.0642E-04 ( 55, 25)   vdiff=  1.0539E-03 ( 59, 21)
n=  4514   udiff=  6.0437E-04 ( 55, 25)   vdiff=  1.0508E-03 ( 59, 21)
n=  4515   udiff=  6.0228E-04 ( 55, 25)   vdiff=  1.0475E-03 ( 59, 21)
n=  4516   udiff=  6.0026E-04 ( 55, 25)   vdiff=  1.0439E-03 ( 59, 21)
n=  4517   udiff=  5.9818E-04 ( 55, 25)   vdiff=  1.0407E-03 ( 59, 21)
n=  4518   udiff=  5.9618E-04 ( 55, 25)   vdiff=  1.0374E-03 ( 59, 21)
n=  4519   udiff=  5.9411E-04 ( 55, 25)   vdiff=  1.0344E-03 ( 59, 21)
n=  4520   udiff=  5.9207E-04 ( 55, 25)   vdiff=  1.0311E-03 ( 59, 21)
n=  4521   udiff=  5.9004E-04 ( 55, 25)   vdiff=  1.0276E-03 ( 59, 21)
n=  4522   udiff=  5.8802E-04 ( 55, 25)   vdiff=  1.0245E-03 ( 59, 21)
n=  4523   udiff=  5.8597E-04 ( 55, 25)   vdiff=  1.0211E-03 ( 59, 21)
n=  4524   udiff=  5.8398E-04 ( 55, 25)   vdiff=  1.0180E-03 ( 59, 21)
n=  4525   udiff=  5.8197E-04 ( 55, 25)   vdiff=  1.0148E-03 ( 59, 21)
n=  4526   udiff=  5.7993E-04 ( 55, 25)   vdiff=  1.0115E-03 ( 59, 21)
n=  4527   udiff=  5.7794E-04 ( 55, 25)   vdiff=  1.0083E-03 ( 59, 21)
n=  4528   udiff=  5.7598E-04 ( 56, 25)   vdiff=  1.0050E-03 ( 59, 21)
n=  4529   udiff=  5.7409E-04 ( 56, 25)   vdiff=  1.0017E-03 ( 59, 21)
n=  4530   udiff=  5.7224E-04 ( 56, 25)   vdiff=  9.9865E-04 ( 59, 21)
n=  4531   udiff=  5.7035E-04 ( 56, 25)   vdiff=  9.9530E-04 ( 59, 21)
n=  4532   udiff=  5.6849E-04 ( 56, 25)   vdiff=  9.9221E-04 ( 59, 21)
n=  4533   udiff=  5.6665E-04 ( 56, 25)   vdiff=  9.8914E-04 ( 59, 21)
n=  4534   udiff=  5.6480E-04 ( 56, 25)   vdiff=  9.8571E-04 ( 59, 21)
n=  4535   udiff=  5.6292E-04 ( 56, 25)   vdiff=  9.8260E-04 ( 59, 21)
n=  4536   udiff=  5.6111E-04 ( 56, 25)   vdiff=  9.7936E-04 ( 59, 21)
n=  4537   udiff=  5.5924E-04 ( 56, 25)   vdiff=  9.7647E-04 ( 59, 21)
n=  4538   udiff=  5.5740E-04 ( 56, 25)   vdiff=  9.7313E-04 ( 59, 21)
n=  4539   udiff=  5.5558E-04 ( 56, 25)   vdiff=  9.6989E-04 ( 59, 21)
n=  4540   udiff=  5.5375E-04 ( 56, 25)   vdiff=  9.6692E-04 ( 59, 21)
n=  4541   udiff=  5.5191E-04 ( 56, 25)   vdiff=  9.6367E-04 ( 59, 21)
n=  4542   udiff=  5.5009E-04 ( 56, 25)   vdiff=  9.6057E-04 ( 59, 21)
n=  4543   udiff=  5.4825E-04 ( 56, 25)   vdiff=  9.5748E-04 ( 59, 21)
n=  4544   udiff=  5.4641E-04 ( 56, 25)   vdiff=  9.5403E-04 ( 59, 21)
n=  4545   udiff=  5.4460E-04 ( 56, 25)   vdiff=  9.5091E-04 ( 59, 21)
n=  4546   udiff=  5.4278E-04 ( 56, 25)   vdiff=  9.4810E-04 ( 59, 21)
n=  4547   udiff=  5.4097E-04 ( 56, 25)   vdiff=  9.4486E-04 ( 59, 21)
n=  4548   udiff=  5.3913E-04 ( 56, 25)   vdiff=  9.4174E-04 ( 59, 21)
n=  4549   udiff=  5.3735E-04 ( 56, 25)   vdiff=  9.3853E-04 ( 59, 21)
n=  4550   udiff=  5.3555E-04 ( 56, 25)   vdiff=  9.3542E-04 ( 59, 21)
n=  4551   udiff=  5.3376E-04 ( 56, 25)   vdiff=  9.3253E-04 ( 59, 21)
n=  4552   udiff=  5.3195E-04 ( 56, 25)   vdiff=  9.2919E-04 ( 59, 21)
n=  4553   udiff=  5.3019E-04 ( 56, 25)   vdiff=  9.2617E-04 ( 59, 21)
n=  4554   udiff=  5.2836E-04 ( 56, 25)   vdiff=  9.2307E-04 ( 59, 21)
n=  4555   udiff=  5.2658E-04 ( 56, 25)   vdiff=  9.2000E-04 ( 59, 21)
n=  4556   udiff=  5.2476E-04 ( 56, 25)   vdiff=  9.1697E-04 ( 59, 21)
n=  4557   udiff=  5.2298E-04 ( 56, 25)   vdiff=  9.1380E-04 ( 59, 21)
n=  4558   udiff=  5.2121E-04 ( 56, 25)   vdiff=  9.1097E-04 ( 59, 21)
n=  4559   udiff=  5.1946E-04 ( 56, 25)   vdiff=  9.0769E-04 ( 59, 21)
n=  4560   udiff=  5.1764E-04 ( 56, 25)   vdiff=  9.0480E-04 ( 59, 21)
n=  4561   udiff=  5.1589E-04 ( 56, 25)   vdiff=  9.0161E-04 ( 59, 21)
n=  4562   udiff=  5.1410E-04 ( 56, 25)   vdiff=  8.9866E-04 ( 59, 21)
n=  4563   udiff=  5.1238E-04 ( 56, 25)   vdiff=  8.9567E-04 ( 59, 21)
n=  4564   udiff=  5.1059E-04 ( 56, 25)   vdiff=  8.9260E-04 ( 59, 21)
n=  4565   udiff=  5.0884E-04 ( 56, 25)   vdiff=  8.8952E-04 ( 59, 21)
n=  4566   udiff=  5.0705E-04 ( 56, 25)   vdiff=  8.8649E-04 ( 59, 21)
n=  4567   udiff=  5.0532E-04 ( 56, 25)   vdiff=  8.8342E-04 ( 59, 21)
n=  4568   udiff=  5.0360E-04 ( 56, 25)   vdiff=  8.8058E-04 ( 59, 21)
n=  4569   udiff=  5.0183E-04 ( 56, 25)   vdiff=  8.7744E-04 ( 59, 21)
n=  4570   udiff=  5.0008E-04 ( 56, 25)   vdiff=  8.7458E-04 ( 59, 21)
n=  4571   udiff=  4.9836E-04 ( 56, 25)   vdiff=  8.7144E-04 ( 59, 21)
n=  4572   udiff=  4.9662E-04 ( 56, 25)   vdiff=  8.6852E-04 ( 59, 21)
n=  4573   udiff=  4.9487E-04 ( 56, 25)   vdiff=  8.6559E-04 ( 59, 21)
n=  4574   udiff=  4.9316E-04 ( 56, 25)   vdiff=  8.6262E-04 ( 59, 21)
n=  4575   udiff=  4.9143E-04 ( 56, 25)   vdiff=  8.5953E-04 ( 59, 21)
n=  4576   udiff=  4.8972E-04 ( 56, 25)   vdiff=  8.5657E-04 ( 59, 21)
n=  4577   udiff=  4.8800E-04 ( 56, 25)   vdiff=  8.5350E-04 ( 59, 21)
n=  4578   udiff=  4.8625E-04 ( 56, 25)   vdiff=  8.5077E-04 ( 59, 21)
n=  4579   udiff=  4.8456E-04 ( 56, 25)   vdiff=  8.4764E-04 ( 59, 21)
n=  4580   udiff=  4.8285E-04 ( 56, 25)   vdiff=  8.4483E-04 ( 59, 21)
n=  4581   udiff=  4.8115E-04 ( 56, 25)   vdiff=  8.4175E-04 ( 59, 21)
n=  4582   udiff=  4.7946E-04 ( 56, 25)   vdiff=  8.3889E-04 ( 59, 21)
n=  4583   udiff=  4.7777E-04 ( 88, 13)   vdiff=  8.3604E-04 ( 59, 21)
n=  4584   udiff=  4.7697E-04 ( 88, 13)   vdiff=  8.3315E-04 ( 59, 21)
n=  4585   udiff=  4.7621E-04 ( 88, 13)   vdiff=  8.3009E-04 ( 59, 21)
n=  4586   udiff=  4.7539E-04 ( 88, 13)   vdiff=  8.2725E-04 ( 59, 21)
n=  4587   udiff=  4.7465E-04 ( 88, 13)   vdiff=  8.2432E-04 ( 59, 21)
n=  4588   udiff=  4.7382E-04 ( 88, 13)   vdiff=  8.2154E-04 ( 59, 21)
n=  4589   udiff=  4.7308E-04 ( 88, 13)   vdiff=  8.1849E-04 ( 59, 21)
n=  4590   udiff=  4.7233E-04 ( 88, 13)   vdiff=  8.1583E-04 ( 59, 21)
n=  4591   udiff=  4.7156E-04 ( 89, 13)   vdiff=  8.1272E-04 ( 59, 21)
n=  4592   udiff=  4.7086E-04 ( 89, 13)   vdiff=  8.0980E-04 ( 59, 21)
n=  4593   udiff=  4.7004E-04 ( 89, 13)   vdiff=  8.0701E-04 ( 59, 21)
n=  4594   udiff=  4.6933E-04 ( 89, 13)   vdiff=  8.0427E-04 ( 59, 21)
n=  4595   udiff=  4.6860E-04 ( 89, 13)   vdiff=  8.0130E-04 ( 59, 21)
n=  4596   udiff=  4.6779E-04 ( 89, 13)   vdiff=  7.9845E-04 ( 59, 21)
n=  4597   udiff=  4.6710E-04 ( 89, 13)   vdiff=  7.9550E-04 ( 59, 21)
n=  4598   udiff=  4.6635E-04 ( 89, 13)   vdiff=  7.9283E-04 ( 59, 21)
n=  4599   udiff=  4.6560E-04 ( 89, 13)   vdiff=  7.8986E-04 ( 59, 21)
n=  4600   udiff=  4.6488E-04 ( 89, 13)   vdiff=  7.8694E-04 ( 59, 21)
n=  4601   udiff=  4.6407E-04 ( 89, 13)   vdiff=  7.8424E-04 ( 59, 21)
n=  4602   udiff=  4.6334E-04 ( 89, 13)   vdiff=  7.8153E-04 ( 59, 21)
n=  4603   udiff=  4.6261E-04 ( 89, 13)   vdiff=  7.7855E-04 ( 59, 21)
n=  4604   udiff=  4.6188E-04 ( 89, 13)   vdiff=  7.7574E-04 ( 59, 21)
n=  4605   udiff=  4.6108E-04 ( 89, 13)   vdiff=  7.7295E-04 ( 59, 21)
n=  4606   udiff=  4.6033E-04 ( 89, 13)   vdiff=  7.7005E-04 ( 59, 21)
n=  4607   udiff=  4.5959E-04 ( 89, 13)   vdiff=  7.6743E-04 ( 59, 21)
n=  4608   udiff=  4.5887E-04 ( 89, 13)   vdiff=  7.6462E-04 ( 59, 21)
n=  4609   udiff=  4.5814E-04 ( 89, 13)   vdiff=  7.6174E-04 ( 59, 21)
n=  4610   udiff=  4.5732E-04 ( 89, 13)   vdiff=  7.5920E-04 ( 59, 21)
n=  4611   udiff=  4.5658E-04 ( 89, 13)   vdiff=  7.5629E-04 ( 59, 21)
n=  4612   udiff=  4.5585E-04 ( 89, 13)   vdiff=  7.5350E-04 ( 59, 21)
n=  4613   udiff=  4.5511E-04 ( 89, 13)   vdiff=  7.5059E-04 ( 59, 21)
n=  4614   udiff=  4.5438E-04 ( 90, 13)   vdiff=  7.4784E-04 ( 59, 21)
n=  4615   udiff=  4.5366E-04 ( 90, 13)   vdiff=  7.4514E-04 ( 59, 21)
n=  4616   udiff=  4.5295E-04 ( 90, 13)   vdiff=  7.4239E-04 ( 59, 21)
n=  4617   udiff=  4.5225E-04 ( 90, 13)   vdiff=  7.3960E-04 ( 59, 21)
n=  4618   udiff=  4.5151E-04 ( 90, 13)   vdiff=  7.3686E-04 ( 59, 21)
n=  4619   udiff=  4.5081E-04 ( 90, 13)   vdiff=  7.3426E-04 ( 59, 21)
n=  4620   udiff=  4.5009E-04 ( 90, 13)   vdiff=  7.3146E-04 ( 59, 21)
n=  4621   udiff=  4.4936E-04 ( 90, 13)   vdiff=  7.2882E-04 ( 59, 21)
n=  4622   udiff=  4.4865E-04 ( 90, 13)   vdiff=  7.2611E-04 ( 59, 21)
n=  4623   udiff=  4.4793E-04 ( 90, 13)   vdiff=  7.2336E-04 ( 59, 21)
n=  4624   udiff=  4.4720E-04 ( 90, 13)   vdiff=  7.2053E-04 ( 59, 21)
n=  4625   udiff=  4.4649E-04 ( 90, 13)   vdiff=  7.1792E-04 ( 59, 21)
n=  4626   udiff=  4.4576E-04 ( 90, 13)   vdiff=  7.1523E-04 ( 59, 21)
n=  4627   udiff=  4.4505E-04 ( 90, 13)   vdiff=  7.1253E-04 ( 59, 21)
n=  4628   udiff=  4.4433E-04 ( 90, 13)   vdiff=  7.0975E-04 ( 59, 21)
n=  4629   udiff=  4.4360E-04 ( 90, 13)   vdiff=  7.0701E-04 ( 59, 21)
n=  4630   udiff=  4.4288E-04 ( 90, 13)   vdiff=  7.0462E-04 ( 59, 21)
n=  4631   udiff=  4.4214E-04 ( 90, 13)   vdiff=  7.0184E-04 ( 59, 21)
n=  4632   udiff=  4.4144E-04 ( 90, 13)   vdiff=  6.9940E-04 ( 59, 21)
n=  4633   udiff=  4.4071E-04 ( 90, 13)   vdiff=  6.9660E-04 ( 59, 21)
n=  4634   udiff=  4.3999E-04 ( 90, 13)   vdiff=  6.9397E-04 ( 59, 21)
n=  4635   udiff=  4.3924E-04 ( 90, 13)   vdiff=  6.9106E-04 ( 59, 21)
n=  4636   udiff=  4.3851E-04 ( 90, 13)   vdiff=  6.8853E-04 ( 59, 21)
n=  4637   udiff=  4.3781E-04 ( 90, 13)   vdiff=  6.8593E-04 ( 59, 21)
n=  4638   udiff=  4.3710E-04 ( 90, 13)   vdiff=  6.8320E-04 ( 59, 21)
n=  4639   udiff=  4.3634E-04 ( 90, 13)   vdiff=  6.8067E-04 ( 59, 21)
n=  4640   udiff=  4.3562E-04 ( 90, 13)   vdiff=  6.7806E-04 ( 59, 21)
n=  4641   udiff=  4.3490E-04 ( 90, 13)   vdiff=  6.7564E-04 ( 59, 21)
n=  4642   udiff=  4.3422E-04 ( 90, 13)   vdiff=  6.7285E-04 ( 59, 21)
n=  4643   udiff=  4.3351E-04 ( 91, 13)   vdiff=  6.7011E-04 ( 59, 21)
n=  4644   udiff=  4.3279E-04 ( 91, 13)   vdiff=  6.6771E-04 ( 59, 21)
n=  4645   udiff=  4.3208E-04 ( 91, 13)   vdiff=  6.6493E-04 ( 59, 21)
n=  4646   udiff=  4.3147E-04 ( 91, 13)   vdiff=  6.6246E-04 ( 59, 21)
n=  4647   udiff=  4.3075E-04 ( 91, 13)   vdiff=  6.5995E-04 ( 59, 21)
n=  4648   udiff=  4.3002E-04 ( 91, 13)   vdiff=  6.5741E-04 ( 59, 21)
n=  4649   udiff=  4.2934E-04 ( 91, 13)   vdiff=  6.5494E-04 ( 59, 21)
n=  4650   udiff=  4.2868E-04 ( 91, 13)   vdiff=  6.5228E-04 ( 59, 21)
n=  4651   udiff=  4.2798E-04 ( 91, 13)   vdiff=  6.4969E-04 ( 59, 21)
n=  4652   udiff=  4.2728E-04 ( 91, 13)   vdiff=  6.4703E-04 ( 59, 21)
n=  4653   udiff=  4.2659E-04 ( 91, 13)   vdiff=  6.4447E-04 ( 59, 21)
n=  4654   udiff=  4.2595E-04 ( 91, 13)   vdiff=  6.4213E-04 ( 59, 21)
n=  4655   udiff=  4.2522E-04 ( 91, 13)   vdiff=  6.3932E-04 ( 59, 21)
n=  4656   udiff=  4.2454E-04 ( 91, 13)   vdiff=  6.3696E-04 ( 59, 21)
n=  4657   udiff=  4.2382E-04 ( 91, 13)   vdiff=  6.3436E-04 ( 59, 21)
n=  4658   udiff=  4.2316E-04 ( 91, 13)   vdiff=  6.3187E-04 ( 59, 21)
n=  4659   udiff=  4.2245E-04 ( 91, 13)   vdiff=  6.2932E-04 ( 59, 21)
n=  4660   udiff=  4.2174E-04 ( 91, 13)   vdiff=  6.2688E-04 ( 59, 21)
n=  4661   udiff=  4.2113E-04 ( 92, 13)   vdiff=  6.2441E-04 ( 59, 21)
n=  4662   udiff=  4.2045E-04 ( 92, 13)   vdiff=  6.2187E-04 ( 59, 21)
n=  4663   udiff=  4.1981E-04 ( 92, 13)   vdiff=  6.1947E-04 ( 59, 21)
n=  4664   udiff=  4.1912E-04 ( 92, 13)   vdiff=  6.1675E-04 ( 59, 21)
n=  4665   udiff=  4.1851E-04 ( 92, 13)   vdiff=  6.1433E-04 ( 59, 21)
n=  4666   udiff=  4.1782E-04 ( 92, 13)   vdiff=  6.1189E-04 ( 59, 21)
n=  4667   udiff=  4.1711E-04 ( 92, 13)   vdiff=  6.0939E-04 ( 59, 21)
n=  4668   udiff=  4.1653E-04 ( 92, 13)   vdiff=  6.0698E-04 ( 59, 21)
n=  4669   udiff=  4.1582E-04 ( 92, 13)   vdiff=  6.0437E-04 ( 59, 21)
n=  4670   udiff=  4.1522E-04 ( 92, 13)   vdiff=  6.0197E-04 ( 59, 21)
n=  4671   udiff=  4.1449E-04 ( 92, 13)   vdiff=  5.9954E-04 ( 59, 21)
n=  4672   udiff=  4.1390E-04 ( 92, 13)   vdiff=  5.9715E-04 ( 59, 21)
n=  4673   udiff=  4.1321E-04 ( 92, 13)   vdiff=  5.9472E-04 ( 59, 21)
n=  4674   udiff=  4.1258E-04 ( 92, 13)   vdiff=  5.9227E-04 ( 59, 21)
n=  4675   udiff=  4.1190E-04 ( 92, 13)   vdiff=  5.8991E-04 ( 59, 21)
n=  4676   udiff=  4.1127E-04 ( 92, 13)   vdiff=  5.8736E-04 ( 59, 21)
n=  4677   udiff=  4.1057E-04 ( 93, 13)   vdiff=  5.8482E-04 ( 59, 21)
n=  4678   udiff=  4.0999E-04 ( 93, 13)   vdiff=  5.8269E-04 ( 59, 21)
n=  4679   udiff=  4.0933E-04 ( 93, 13)   vdiff=  5.8005E-04 ( 59, 21)
n=  4680   udiff=  4.0871E-04 ( 93, 13)   vdiff=  5.7787E-04 ( 59, 21)
n=  4681   udiff=  4.0806E-04 ( 93, 13)   vdiff=  5.7531E-04 ( 59, 21)
n=  4682   udiff=  4.0744E-04 ( 93, 13)   vdiff=  5.7284E-04 ( 59, 21)
n=  4683   udiff=  4.0685E-04 ( 93, 13)   vdiff=  5.7064E-04 ( 59, 21)
n=  4684   udiff=  4.0619E-04 ( 93, 13)   vdiff=  5.6830E-04 ( 59, 21)
n=  4685   udiff=  4.0559E-04 ( 93, 13)   vdiff=  5.6590E-04 ( 59, 21)
n=  4686   udiff=  4.0491E-04 ( 93, 13)   vdiff=  5.6355E-04 ( 59, 21)
n=  4687   udiff=  4.0431E-04 ( 93, 13)   vdiff=  5.6119E-04 ( 59, 21)
n=  4688   udiff=  4.0369E-04 ( 93, 13)   vdiff=  5.5875E-04 ( 59, 21)
n=  4689   udiff=  4.0306E-04 ( 93, 13)   vdiff=  5.5624E-04 ( 59, 21)
n=  4690   udiff=  4.0244E-04 ( 93, 13)   vdiff=  5.5405E-04 ( 59, 21)
n=  4691   udiff=  4.0176E-04 ( 93, 13)   vdiff=  5.5164E-04 ( 59, 21)
n=  4692   udiff=  4.0117E-04 ( 93, 13)   vdiff=  5.4924E-04 ( 59, 21)
n=  4693   udiff=  4.0055E-04 ( 93, 13)   vdiff=  5.4705E-04 ( 59, 21)
n=  4694   udiff=  3.9990E-04 ( 94, 13)   vdiff=  5.4473E-04 ( 59, 21)
n=  4695   udiff=  3.9925E-04 ( 93, 13)   vdiff=  5.4231E-04 ( 59, 21)
n=  4696   udiff=  3.9870E-04 ( 94, 13)   vdiff=  5.4007E-04 ( 59, 21)
n=  4697   udiff=  3.9811E-04 ( 94, 13)   vdiff=  5.3758E-04 ( 59, 21)
n=  4698   udiff=  3.9754E-04 ( 94, 13)   vdiff=  5.3528E-04 ( 59, 21)
n=  4699   udiff=  3.9690E-04 ( 94, 13)   vdiff=  5.3314E-04 ( 59, 21)
n=  4700   udiff=  3.9630E-04 ( 94, 13)   vdiff=  5.3082E-04 ( 59, 21)
n=  4701   udiff=  3.9570E-04 ( 94, 13)   vdiff=  5.2847E-04 ( 59, 21)
n=  4702   udiff=  3.9511E-04 ( 94, 13)   vdiff=  5.2622E-04 ( 59, 21)
n=  4703   udiff=  3.9446E-04 ( 94, 13)   vdiff=  5.2392E-04 ( 59, 21)
n=  4704   udiff=  3.9389E-04 ( 94, 13)   vdiff=  5.2154E-04 ( 59, 21)
n=  4705   udiff=  3.9329E-04 ( 94, 13)   vdiff=  5.1948E-04 ( 59, 21)
n=  4706   udiff=  3.9271E-04 ( 94, 13)   vdiff=  5.1695E-04 ( 59, 21)
n=  4707   udiff=  3.9212E-04 ( 94, 13)   vdiff=  5.1493E-04 ( 59, 21)
n=  4708   udiff=  3.9146E-04 ( 94, 13)   vdiff=  5.1262E-04 ( 59, 21)
n=  4709   udiff=  3.9088E-04 ( 94, 13)   vdiff=  5.1049E-04 ( 59, 21)
n=  4710   udiff=  3.9030E-04 ( 94, 13)   vdiff=  5.0823E-04 ( 59, 21)
n=  4711   udiff=  3.8970E-04 ( 94, 13)   vdiff=  5.0582E-04 ( 59, 21)
n=  4712   udiff=  3.8904E-04 ( 95, 13)   vdiff=  5.0352E-04 ( 59, 21)
n=  4713   udiff=  3.8848E-04 ( 95, 13)   vdiff=  5.0158E-04 ( 59, 21)
n=  4714   udiff=  3.8792E-04 ( 95, 13)   vdiff=  4.9932E-04 ( 59, 21)
n=  4715   udiff=  3.8736E-04 ( 95, 13)   vdiff=  4.9692E-04 ( 59, 21)
n=  4716   udiff=  3.8679E-04 ( 95, 13)   vdiff=  4.9469E-04 ( 59, 21)
n=  4717   udiff=  3.8622E-04 ( 95, 13)   vdiff=  4.9258E-04 ( 59, 21)
n=  4718   udiff=  3.8566E-04 ( 95, 13)   vdiff=  4.9036E-04 ( 59, 21)
n=  4719   udiff=  3.8507E-04 ( 95, 13)   vdiff=  4.8819E-04 ( 59, 21)
n=  4720   udiff=  3.8443E-04 ( 95, 13)   vdiff=  4.8578E-04 ( 59, 21)
n=  4721   udiff=  3.8385E-04 ( 95, 13)   vdiff=  4.8377E-04 ( 59, 21)
n=  4722   udiff=  3.8329E-04 ( 95, 13)   vdiff=  4.8162E-04 ( 59, 21)
n=  4723   udiff=  3.8273E-04 ( 95, 13)   vdiff=  4.7940E-04 ( 59, 21)
n=  4724   udiff=  3.8215E-04 ( 95, 13)   vdiff=  4.7730E-04 ( 59, 21)
n=  4725   udiff=  3.8159E-04 ( 95, 13)   vdiff=  4.7516E-04 ( 59, 21)
n=  4726   udiff=  3.8100E-04 ( 95, 13)   vdiff=  4.7298E-04 ( 59, 21)
n=  4727   udiff=  3.8044E-04 ( 95, 13)   vdiff=  4.7087E-04 ( 59, 21)
n=  4728   udiff=  3.7987E-04 ( 95, 13)   vdiff=  4.6864E-04 ( 59, 21)
n=  4729   udiff=  3.7929E-04 ( 95, 13)   vdiff=  4.6633E-04 ( 59, 21)
n=  4730   udiff=  3.7865E-04 ( 95, 13)   vdiff=  4.6440E-04 ( 59, 21)
n=  4731   udiff=  3.7814E-04 ( 96, 13)   vdiff=  4.6216E-04 ( 59, 21)
n=  4732   udiff=  3.7758E-04 ( 96, 13)   vdiff=  4.5985E-04 ( 59, 21)
n=  4733   udiff=  3.7704E-04 ( 96, 13)   vdiff=  4.5789E-04 ( 59, 21)
n=  4734   udiff=  3.7651E-04 ( 96, 13)   vdiff=  4.5589E-04 ( 59, 21)
n=  4735   udiff=  3.7596E-04 ( 96, 13)   vdiff=  4.5359E-04 ( 59, 21)
n=  4736   udiff=  3.7538E-04 ( 96, 13)   vdiff=  4.5144E-04 ( 59, 21)
n=  4737   udiff=  3.7482E-04 ( 96, 13)   vdiff=  4.4942E-04 ( 59, 21)
n=  4738   udiff=  3.7427E-04 ( 96, 13)   vdiff=  4.4744E-04 ( 59, 21)
n=  4739   udiff=  3.7372E-04 ( 96, 13)   vdiff=  4.4523E-04 ( 59, 21)
n=  4740   udiff=  3.7317E-04 ( 96, 13)   vdiff=  4.4319E-04 ( 59, 21)
n=  4741   udiff=  3.7259E-04 ( 96, 13)   vdiff=  4.4104E-04 ( 59, 21)
n=  4742   udiff=  3.7206E-04 ( 96, 13)   vdiff=  4.3882E-04 ( 59, 21)
n=  4743   udiff=  3.7150E-04 ( 96, 13)   vdiff=  4.3712E-04 ( 59, 21)
n=  4744   udiff=  3.7094E-04 ( 96, 13)   vdiff=  4.3488E-04 ( 59, 21)
n=  4745   udiff=  3.7036E-04 ( 96, 13)   vdiff=  4.3278E-04 ( 59, 21)
n=  4746   udiff=  3.6981E-04 ( 96, 13)   vdiff=  4.3081E-04 ( 59, 21)
n=  4747   udiff=  3.6924E-04 ( 96, 13)   vdiff=  4.2853E-04 ( 59, 21)
n=  4748   udiff=  3.6868E-04 ( 96, 13)   vdiff=  4.2662E-04 ( 59, 21)
n=  4749   udiff=  3.6810E-04 ( 96, 13)   vdiff=  4.2466E-04 ( 59, 21)
n=  4750   udiff=  3.6759E-04 ( 97, 13)   vdiff=  4.2245E-04 ( 59, 21)
n=  4751   udiff=  3.6704E-04 ( 97, 13)   vdiff=  4.2054E-04 ( 59, 21)
n=  4752   udiff=  3.6651E-04 ( 97, 13)   vdiff=  4.1846E-04 ( 59, 21)
n=  4753   udiff=  3.6597E-04 ( 97, 13)   vdiff=  4.1649E-04 ( 59, 21)
n=  4754   udiff=  3.6540E-04 ( 97, 13)   vdiff=  4.1447E-04 ( 59, 21)
n=  4755   udiff=  3.6489E-04 ( 97, 13)   vdiff=  4.1243E-04 ( 59, 21)
n=  4756   udiff=  3.6434E-04 ( 97, 13)   vdiff=  4.1032E-04 ( 59, 21)
n=  4757   udiff=  3.6385E-04 ( 97, 13)   vdiff=  4.0857E-04 ( 59, 21)
n=  4758   udiff=  3.6330E-04 ( 97, 13)   vdiff=  4.0645E-04 ( 59, 21)
n=  4759   udiff=  3.6277E-04 ( 97, 13)   vdiff=  4.0436E-04 ( 59, 21)
n=  4760   udiff=  3.6222E-04 ( 97, 13)   vdiff=  4.0252E-04 ( 59, 21)
n=  4761   udiff=  3.6168E-04 ( 97, 13)   vdiff=  4.0049E-04 ( 59, 21)
n=  4762   udiff=  3.6112E-04 ( 97, 13)   vdiff=  3.9850E-04 ( 59, 21)
n=  4763   udiff=  3.6059E-04 ( 97, 13)   vdiff=  3.9639E-04 ( 59, 21)
n=  4764   udiff=  3.6011E-04 ( 97, 13)   vdiff=  3.9458E-04 ( 59, 21)
n=  4765   udiff=  3.5956E-04 ( 97, 13)   vdiff=  3.9256E-04 ( 59, 21)
n=  4766   udiff=  3.5901E-04 ( 97, 13)   vdiff=  3.9068E-04 ( 59, 21)
n=  4767   udiff=  3.5844E-04 ( 97, 13)   vdiff=  3.8880E-04 ( 59, 21)
n=  4768   udiff=  3.5791E-04 ( 97, 13)   vdiff=  3.8679E-04 ( 59, 21)
n=  4769   udiff=  3.5736E-04 ( 97, 13)   vdiff=  3.8492E-04 ( 59, 21)
n=  4770   udiff=  3.5681E-04 ( 97, 13)   vdiff=  3.8286E-04 ( 59, 21)
n=  4771   udiff=  3.5632E-04 ( 97, 13)   vdiff=  3.8099E-04 ( 59, 21)
n=  4772   udiff=  3.5582E-04 ( 98, 13)   vdiff=  3.7914E-04 ( 59, 20)
n=  4773   udiff=  3.5528E-04 ( 98, 13)   vdiff=  3.7718E-04 ( 59, 20)
n=  4774   udiff=  3.5477E-04 ( 98, 13)   vdiff=  3.7529E-04 ( 59, 20)
n=  4775   udiff=  3.5422E-04 ( 98, 13)   vdiff=  3.7346E-04 ( 59, 20)
n=  4776   udiff=  3.5375E-04 ( 98, 13)   vdiff=  3.7150E-04 ( 59, 20)
n=  4777   udiff=  3.5323E-04 ( 98, 13)   vdiff=  3.6972E-04 ( 59, 20)
n=  4778   udiff=  3.5270E-04 ( 98, 13)   vdiff=  3.6764E-04 ( 59, 20)
n=  4779   udiff=  3.5215E-04 ( 98, 13)   vdiff=  3.6588E-04 ( 59, 20)
n=  4780   udiff=  3.5170E-04 ( 98, 13)   vdiff=  3.6399E-04 ( 59, 20)
n=  4781   udiff=  3.5114E-04 ( 98, 13)   vdiff=  3.6197E-04 ( 59, 20)
n=  4782   udiff=  3.5063E-04 ( 98, 13)   vdiff=  3.6009E-04 ( 59, 20)
n=  4783   udiff=  3.5009E-04 ( 98, 13)   vdiff=  3.5842E-04 ( 59, 20)
n=  4784   udiff=  3.4961E-04 ( 98, 13)   vdiff=  3.5660E-04 ( 59, 20)
n=  4785   udiff=  3.4908E-04 ( 98, 13)   vdiff=  3.5462E-04 ( 59, 20)
n=  4786   udiff=  3.4854E-04 ( 98, 13)   vdiff=  3.5272E-04 ( 59, 20)
n=  4787   udiff=  3.4799E-04 ( 98, 13)   vdiff=  3.5100E-04 ( 59, 20)
n=  4788   udiff=  3.4753E-04 ( 98, 13)   vdiff=  3.4928E-04 ( 59, 20)
n=  4789   udiff=  3.4698E-04 ( 98, 13)   vdiff=  3.4736E-04 ( 59, 20)
n=  4790   udiff=  3.4646E-04 ( 98, 13)   vdiff=  3.4548E-04 ( 59, 20)
n=  4791   udiff=  3.4590E-04 ( 98, 13)   vdiff=  3.4377E-04 ( 59, 20)
n=  4792   udiff=  3.4543E-04 ( 98, 13)   vdiff=  3.4188E-04 ( 59, 20)
n=  4793   udiff=  3.4489E-04 ( 99, 13)   vdiff=  3.4013E-04 ( 59, 20)
n=  4794   udiff=  3.4436E-04 ( 99, 13)   vdiff=  3.3817E-04 ( 59, 20)
n=  4795   udiff=  3.4392E-04 ( 99, 13)   vdiff=  3.3659E-04 ( 59, 20)
n=  4796   udiff=  3.4342E-04 ( 99, 13)   vdiff=  3.3483E-04 ( 59, 20)
n=  4797   udiff=  3.4294E-04 ( 99, 13)   vdiff=  3.3293E-04 ( 59, 20)
n=  4798   udiff=  3.4241E-04 ( 99, 13)   vdiff=  3.3106E-04 ( 59, 20)
n=  4799   udiff=  3.4188E-04 ( 99, 13)   vdiff=  3.2935E-04 ( 59, 20)
n=  4800   udiff=  3.4145E-04 ( 99, 13)   vdiff=  3.2768E-04 ( 59, 20)
n=  4801   udiff=  3.4091E-04 ( 99, 13)   vdiff=  3.2579E-04 ( 59, 20)
n=  4802   udiff=  3.4039E-04 ( 99, 13)   vdiff=  3.2400E-04 ( 59, 20)
n=  4803   udiff=  3.3993E-04 ( 99, 13)   vdiff=  3.2215E-04 ( 59, 20)
n=  4804   udiff=  3.3938E-04 ( 99, 13)   vdiff=  3.2045E-04 ( 59, 20)
n=  4805   udiff=  3.3886E-04 ( 99, 13)   vdiff=  3.1899E-04 ( 59, 20)
n=  4806   udiff=  3.3842E-04 ( 99, 13)   vdiff=  3.1724E-04 ( 59, 20)
n=  4807   udiff=  3.3787E-04 ( 99, 13)   vdiff=  3.1512E-04 ( 59, 20)
n=  4808   udiff=  3.3736E-04 ( 99, 13)   vdiff=  3.1361E-04 ( 59, 20)
n=  4809   udiff=  3.3687E-04 ( 99, 13)   vdiff=  3.1170E-04 ( 59, 20)
n=  4810   udiff=  3.3637E-04 ( 99, 13)   vdiff=  3.1019E-04 ( 59, 20)
n=  4811   udiff=  3.3584E-04 ( 99, 13)   vdiff=  3.0826E-04 ( 59, 20)
n=  4812   udiff=  3.3536E-04 ( 99, 13)   vdiff=  3.0670E-04 ( 59, 20)
n=  4813   udiff=  3.3482E-04 ( 99, 13)   vdiff=  3.0504E-04 ( 59, 20)
n=  4814   udiff=  3.3429E-04 ( 99, 13)   vdiff=  3.0321E-04 ( 59, 20)
n=  4815   udiff=  3.3385E-04 ( 99, 13)   vdiff=  3.0154E-04 ( 59, 20)
n=  4816   udiff=  3.3331E-04 ( 99, 13)   vdiff=  2.9987E-04 ( 59, 20)
n=  4817   udiff=  3.3284E-04 (100, 13)   vdiff=  2.9815E-04 ( 59, 20)
n=  4818   udiff=  3.3234E-04 (100, 13)   vdiff=  2.9643E-04 ( 59, 20)
n=  4819   udiff=  3.3182E-04 (100, 13)   vdiff=  2.9461E-04 ( 59, 20)
n=  4820   udiff=  3.3139E-04 (100, 13)   vdiff=  2.9319E-04 ( 59, 20)
n=  4821   udiff=  3.3088E-04 (100, 13)   vdiff=  2.9134E-04 ( 59, 20)
n=  4822   udiff=  3.3040E-04 (100, 13)   vdiff=  2.8981E-04 ( 59, 20)
n=  4823   udiff=  3.2991E-04 (100, 13)   vdiff=  2.8828E-04 ( 59, 20)
n=  4824   udiff=  3.2947E-04 (100, 13)   vdiff=  2.8644E-04 ( 59, 20)
n=  4825   udiff=  3.2893E-04 (100, 13)   vdiff=  2.8482E-04 ( 59, 20)
n=  4826   udiff=  3.2849E-04 (100, 13)   vdiff=  2.8316E-04 ( 59, 20)
n=  4827   udiff=  3.2798E-04 (100, 13)   vdiff=  2.8157E-04 ( 59, 20)
n=  4828   udiff=  3.2747E-04 (100, 13)   vdiff=  2.7990E-04 ( 59, 20)
n=  4829   udiff=  3.2700E-04 (100, 13)   vdiff=  2.7829E-04 ( 59, 20)
n=  4830   udiff=  3.2648E-04 (100, 13)   vdiff=  2.7649E-04 ( 59, 20)
n=  4831   udiff=  3.2603E-04 (100, 13)   vdiff=  2.7485E-04 ( 59, 20)
n=  4832   udiff=  3.2551E-04 (100, 13)   vdiff=  2.7354E-04 ( 59, 20)
n=  4833   udiff=  3.2504E-04 (100, 13)   vdiff=  2.7187E-04 ( 59, 20)
n=  4834   udiff=  3.2454E-04 (100, 13)   vdiff=  2.7019E-04 ( 59, 20)
n=  4835   udiff=  3.2400E-04 (100, 13)   vdiff=  2.6874E-04 ( 59, 20)
n=  4836   udiff=  3.2354E-04 (100, 13)   vdiff=  2.6720E-04 ( 59, 20)
n=  4837   udiff=  3.2302E-04 (100, 13)   vdiff=  2.6536E-04 ( 59, 20)
n=  4838   udiff=  3.2259E-04 (100, 13)   vdiff=  2.6388E-04 ( 59, 20)
n=  4839   udiff=  3.2204E-04 (100, 13)   vdiff=  2.6226E-04 ( 59, 20)
n=  4840   udiff=  3.2159E-04 (100, 13)   vdiff=  2.6057E-04 ( 59, 20)
n=  4841   udiff=  3.2107E-04 (100, 13)   vdiff=  2.5881E-04 ( 59, 20)
n=  4842   udiff=  3.2062E-04 (101, 13)   vdiff=  2.5741E-04 ( 59, 20)
n=  4843   udiff=  3.2009E-04 (101, 13)   vdiff=  2.5584E-04 ( 59, 20)
n=  4844   udiff=  3.1964E-04 (101, 13)   vdiff=  2.5424E-04 ( 59, 20)
n=  4845   udiff=  3.1916E-04 (101, 13)   vdiff=  2.5271E-04 ( 59, 20)
n=  4846   udiff=  3.1870E-04 (101, 13)   vdiff=  2.5107E-04 ( 59, 20)
n=  4847   udiff=  3.1821E-04 (101, 13)   vdiff=  2.4958E-04 ( 59, 20)
n=  4848   udiff=  3.1776E-04 (101, 13)   vdiff=  2.4820E-04 ( 59, 20)
n=  4849   udiff=  3.1726E-04 (101, 13)   vdiff=  2.4642E-04 ( 59, 20)
n=  4850   udiff=  3.1681E-04 (101, 13)   vdiff=  2.4505E-04 ( 59, 20)
n=  4851   udiff=  3.1632E-04 (101, 13)   vdiff=  2.4341E-04 ( 59, 20)
n=  4852   udiff=  3.1587E-04 (101, 13)   vdiff=  2.4194E-04 ( 59, 20)
n=  4853   udiff=  3.1532E-04 (101, 13)   vdiff=  2.4009E-04 ( 59, 20)
n=  4854   udiff=  3.1491E-04 (101, 13)   vdiff=  2.3862E-04 ( 59, 20)
n=  4855   udiff=  3.1439E-04 (101, 13)   vdiff=  2.3716E-04 ( 59, 20)
n=  4856   udiff=  3.1394E-04 (101, 13)   vdiff=  2.3571E-04 ( 59, 20)
n=  4857   udiff=  3.1351E-04 (101, 13)   vdiff=  2.3451E-04 ( 59, 20)
n=  4858   udiff=  3.1298E-04 (101, 13)   vdiff=  2.3290E-04 ( 59, 20)
n=  4859   udiff=  3.1256E-04 (101, 13)   vdiff=  2.3138E-04 ( 59, 20)
n=  4860   udiff=  3.1202E-04 (101, 13)   vdiff=  2.2965E-04 ( 59, 20)
n=  4861   udiff=  3.1158E-04 (101, 13)   vdiff=  2.2835E-04 ( 59, 20)
n=  4862   udiff=  3.1109E-04 (101, 13)   vdiff=  2.2683E-04 ( 59, 20)
n=  4863   udiff=  3.1060E-04 (101, 13)   vdiff=  2.2530E-04 ( 59, 20)
n=  4864   udiff=  3.1008E-04 (101, 13)   vdiff=  2.2403E-04 ( 59, 20)
n=  4865   udiff=  3.0964E-04 (101, 13)   vdiff=  2.2226E-04 ( 59, 20)
n=  4866   udiff=  3.0912E-04 (101, 13)   vdiff=  2.2102E-04 ( 59, 20)
n=  4867   udiff=  3.0870E-04 (101, 13)   vdiff=  2.1937E-04 ( 59, 20)
n=  4868   udiff=  3.0816E-04 (101, 13)   vdiff=  2.1807E-04 ( 59, 20)
n=  4869   udiff=  3.0772E-04 (101, 13)   vdiff=  2.1636E-04 ( 59, 20)
n=  4870   udiff=  3.0720E-04 (102, 13)   vdiff=  2.1507E-04 ( 59, 20)
n=  4871   udiff=  3.0678E-04 (102, 13)   vdiff=  2.1368E-04 ( 59, 20)
n=  4872   udiff=  3.0630E-04 (102, 13)   vdiff=  2.1232E-04 ( 59, 20)
n=  4873   udiff=  3.0584E-04 (102, 13)   vdiff=  2.1071E-04 ( 59, 20)
n=  4874   udiff=  3.0539E-04 (102, 13)   vdiff=  2.1028E-04 (120,  9)
n=  4875   udiff=  3.0490E-04 (102, 13)   vdiff=  2.1003E-04 (120,  9)
n=  4876   udiff=  3.0447E-04 (102, 13)   vdiff=  2.1002E-04 (120,  9)
n=  4877   udiff=  3.0401E-04 (102, 13)   vdiff=  2.1001E-04 (120,  9)
n=  4878   udiff=  3.0352E-04 (102, 13)   vdiff=  2.0985E-04 (120,  9)
n=  4879   udiff=  3.0307E-04 (102, 13)   vdiff=  2.0974E-04 (120,  9)
n=  4880   udiff=  3.0260E-04 (102, 13)   vdiff=  2.0980E-04 (120,  9)
n=  4881   udiff=  3.0212E-04 (102, 13)   vdiff=  2.0977E-04 (120,  9)
n=  4882   udiff=  3.0169E-04 (102, 13)   vdiff=  2.0967E-04 (120,  9)
n=  4883   udiff=  3.0120E-04 (102, 13)   vdiff=  2.0951E-04 (120,  9)
n=  4884   udiff=  3.0076E-04 (102, 13)   vdiff=  2.0946E-04 (120,  9)
n=  4885   udiff=  3.0024E-04 (102, 13)   vdiff=  2.0950E-04 (120,  9)
n=  4886   udiff=  2.9982E-04 (102, 13)   vdiff=  2.0927E-04 (120,  9)
n=  4887   udiff=  2.9936E-04 (102, 13)   vdiff=  2.0914E-04 (120,  9)
n=  4888   udiff=  2.9887E-04 (102, 13)   vdiff=  2.0918E-04 (120,  9)
n=  4889   udiff=  2.9843E-04 (102, 13)   vdiff=  2.0918E-04 (120,  9)
n=  4890   udiff=  2.9791E-04 (102, 13)   vdiff=  2.0879E-04 (120,  9)
n=  4891   udiff=  2.9750E-04 (102, 13)   vdiff=  2.0879E-04 (120,  9)
n=  4892   udiff=  2.9703E-04 (102, 13)   vdiff=  2.0863E-04 (120,  9)
n=  4893   udiff=  2.9651E-04 (102, 13)   vdiff=  2.0852E-04 (120,  9)
n=  4894   udiff=  2.9608E-04 (102, 13)   vdiff=  2.0841E-04 (120,  9)
n=  4895   udiff=  2.9559E-04 (102, 13)   vdiff=  2.0833E-04 (120,  9)
n=  4896   udiff=  2.9512E-04 (102, 13)   vdiff=  2.0833E-04 (120,  9)
n=  4897   udiff=  2.9469E-04 (102, 13)   vdiff=  2.0838E-04 (120,  9)
n=  4898   udiff=  2.9419E-04 (102, 13)   vdiff=  2.0825E-04 (120,  9)
n=  4899   udiff=  2.9372E-04 (102, 13)   vdiff=  2.0810E-04 (120,  9)
n=  4900   udiff=  2.9322E-04 (102, 13)   vdiff=  2.0798E-04 (120,  9)
n=  4901   udiff=  2.9279E-04 (103, 13)   vdiff=  2.0788E-04 (120,  9)
n=  4902   udiff=  2.9231E-04 (102, 13)   vdiff=  2.0779E-04 (120,  9)
n=  4903   udiff=  2.9186E-04 (103, 13)   vdiff=  2.0756E-04 (120,  9)
n=  4904   udiff=  2.9144E-04 (103, 13)   vdiff=  2.0753E-04 (120,  9)
n=  4905   udiff=  2.9096E-04 (103, 13)   vdiff=  2.0745E-04 (120,  9)
n=  4906   udiff=  2.9050E-04 (103, 13)   vdiff=  2.0726E-04 (120,  9)
n=  4907   udiff=  2.9008E-04 (103, 13)   vdiff=  2.0716E-04 (120,  9)
n=  4908   udiff=  2.8960E-04 (103, 13)   vdiff=  2.0707E-04 (120,  9)
n=  4909   udiff=  2.8916E-04 (103, 13)   vdiff=  2.0696E-04 (120,  9)
n=  4910   udiff=  2.8874E-04 (103, 13)   vdiff=  2.0681E-04 (120,  9)
n=  4911   udiff=  2.8822E-04 (103, 13)   vdiff=  2.0665E-04 (120,  9)
n=  4912   udiff=  2.8781E-04 (103, 13)   vdiff=  2.0675E-04 (120,  9)
n=  4913   udiff=  2.8735E-04 (103, 13)   vdiff=  2.0655E-04 (120,  9)
n=  4914   udiff=  2.8687E-04 (103, 13)   vdiff=  2.0640E-04 (120,  9)
n=  4915   udiff=  2.8644E-04 (103, 13)   vdiff=  2.0627E-04 (120,  9)
n=  4916   udiff=  2.8600E-04 (103, 13)   vdiff=  2.0619E-04 (120,  9)
n=  4917   udiff=  2.8551E-04 (103, 13)   vdiff=  2.0595E-04 (120,  9)
n=  4918   udiff=  2.8505E-04 (103, 13)   vdiff=  2.0597E-04 (120,  9)
n=  4919   udiff=  2.8465E-04 (103, 13)   vdiff=  2.0588E-04 (120,  9)
n=  4920   udiff=  2.8413E-04 (103, 13)   vdiff=  2.0571E-04 (120,  9)
n=  4921   udiff=  2.8369E-04 (103, 13)   vdiff=  2.0552E-04 (120,  9)
n=  4922   udiff=  2.8326E-04 (103, 13)   vdiff=  2.0534E-04 (120,  9)
n=  4923   udiff=  2.8277E-04 (103, 13)   vdiff=  2.0543E-04 (120,  9)
n=  4924   udiff=  2.8234E-04 (103, 13)   vdiff=  2.0524E-04 (120,  9)
n=  4925   udiff=  2.8189E-04 (103, 13)   vdiff=  2.0506E-04 (120,  9)
n=  4926   udiff=  2.8145E-04 (103, 13)   vdiff=  2.0488E-04 (120,  9)
n=  4927   udiff=  2.8095E-04 (103, 13)   vdiff=  2.0475E-04 (120,  9)
n=  4928   udiff=  2.8054E-04 (103, 13)   vdiff=  2.0468E-04 (120,  9)
n=  4929   udiff=  2.8006E-04 (103, 13)   vdiff=  2.0448E-04 (120,  9)
n=  4930   udiff=  2.7958E-04 (103, 13)   vdiff=  2.0442E-04 (120,  9)
n=  4931   udiff=  2.7912E-04 (103, 13)   vdiff=  2.0431E-04 (120,  9)
n=  4932   udiff=  2.7871E-04 (103, 13)   vdiff=  2.0419E-04 (120,  9)
n=  4933   udiff=  2.7820E-04 (103, 13)   vdiff=  2.0398E-04 (120,  9)
n=  4934   udiff=  2.7775E-04 (103, 13)   vdiff=  2.0385E-04 (120,  9)
n=  4935   udiff=  2.7733E-04 (103, 13)   vdiff=  2.0378E-04 (120,  9)
n=  4936   udiff=  2.7680E-04 (103, 13)   vdiff=  2.0356E-04 (120,  9)
n=  4937   udiff=  2.7636E-04 (103, 13)   vdiff=  2.0345E-04 (120,  9)
n=  4938   udiff=  2.7594E-04 (104, 13)   vdiff=  2.0335E-04 (120,  9)
n=  4939   udiff=  2.7550E-04 (104, 13)   vdiff=  2.0319E-04 (120,  9)
n=  4940   udiff=  2.7503E-04 (104, 13)   vdiff=  2.0297E-04 (120,  9)
n=  4941   udiff=  2.7462E-04 (104, 13)   vdiff=  2.0299E-04 (120,  9)
n=  4942   udiff=  2.7414E-04 (104, 13)   vdiff=  2.0274E-04 (120,  9)
n=  4943   udiff=  2.7374E-04 (104, 13)   vdiff=  2.0274E-04 (120,  9)
n=  4944   udiff=  2.7325E-04 (104, 13)   vdiff=  2.0247E-04 (120,  9)
n=  4945   udiff=  2.7283E-04 (104, 13)   vdiff=  2.0220E-04 (120,  9)
n=  4946   udiff=  2.7242E-04 (104, 13)   vdiff=  2.0219E-04 (120,  9)
n=  4947   udiff=  2.7197E-04 (104, 13)   vdiff=  2.0204E-04 (120,  9)
n=  4948   udiff=  2.7147E-04 (104, 13)   vdiff=  2.0196E-04 (120,  9)
n=  4949   udiff=  2.7106E-04 (104, 13)   vdiff=  2.0171E-04 (120,  9)
n=  4950   udiff=  2.7063E-04 (104, 13)   vdiff=  2.0164E-04 (120,  9)
n=  4951   udiff=  2.7022E-04 (104, 13)   vdiff=  2.0144E-04 (120,  9)
n=  4952   udiff=  2.6968E-04 (104, 13)   vdiff=  2.0142E-04 (120,  9)
n=  4953   udiff=  2.6928E-04 (104, 13)   vdiff=  2.0106E-04 (120,  9)
n=  4954   udiff=  2.6886E-04 (104, 13)   vdiff=  2.0112E-04 (120,  9)
n=  4955   udiff=  2.6841E-04 (104, 13)   vdiff=  2.0086E-04 (120,  9)
n=  4956   udiff=  2.6794E-04 (104, 13)   vdiff=  2.0065E-04 (120,  9)
n=  4957   udiff=  2.6750E-04 (104, 13)   vdiff=  2.0053E-04 (120,  9)
n=  4958   udiff=  2.6706E-04 (104, 13)   vdiff=  2.0035E-04 (120,  9)
n=  4959   udiff=  2.6663E-04 (104, 13)   vdiff=  2.0010E-04 (120,  9)
n=  4960   udiff=  2.6616E-04 (104, 13)   vdiff=  2.0007E-04 (120,  9)
n=  4961   udiff=  2.6572E-04 (104, 13)   vdiff=  1.9982E-04 (120,  9)
n=  4962   udiff=  2.6529E-04 (104, 13)   vdiff=  1.9965E-04 (120,  9)
n=  4963   udiff=  2.6485E-04 (104, 13)   vdiff=  1.9963E-04 (120,  9)
n=  4964   udiff=  2.6435E-04 (104, 13)   vdiff=  1.9932E-04 (120,  9)
n=  4965   udiff=  2.6392E-04 (104, 13)   vdiff=  1.9928E-04 (120,  9)
n=  4966   udiff=  2.6349E-04 (104, 13)   vdiff=  1.9902E-04 (120,  9)
n=  4967   udiff=  2.6308E-04 (104, 13)   vdiff=  1.9886E-04 (120,  9)
n=  4968   udiff=  2.6256E-04 (104, 13)   vdiff=  1.9874E-04 (120,  9)
n=  4969   udiff=  2.6213E-04 (104, 13)   vdiff=  1.9853E-04 (120,  9)
n=  4970   udiff=  2.6171E-04 (104, 13)   vdiff=  1.9843E-04 (120,  9)
n=  4971   udiff=  2.6127E-04 (104, 13)   vdiff=  1.9828E-04 (120,  9)
n=  4972   udiff=  2.6078E-04 (104, 13)   vdiff=  1.9804E-04 (120,  9)
n=  4973   udiff=  2.6035E-04 (104, 13)   vdiff=  1.9784E-04 (120,  9)
n=  4974   udiff=  2.5989E-04 (104, 13)   vdiff=  1.9784E-04 (120,  9)
n=  4975   udiff=  2.5947E-04 (104, 13)   vdiff=  1.9775E-04 (120,  9)
n=  4976   udiff=  2.5901E-04 (105, 13)   vdiff=  1.9736E-04 (120,  9)
n=  4977   udiff=  2.5858E-04 (105, 13)   vdiff=  1.9721E-04 (120,  9)
n=  4978   udiff=  2.5808E-04 (104, 13)   vdiff=  1.9714E-04 (120,  9)
n=  4979   udiff=  2.5767E-04 (104, 13)   vdiff=  1.9691E-04 (120,  9)
n=  4980   udiff=  2.5726E-04 (105, 13)   vdiff=  1.9659E-04 (120,  9)
n=  4981   udiff=  2.5682E-04 (105, 13)   vdiff=  1.9659E-04 (120,  9)
n=  4982   udiff=  2.5642E-04 (105, 13)   vdiff=  1.9642E-04 (120,  9)
n=  4983   udiff=  2.5594E-04 (105, 13)   vdiff=  1.9618E-04 (120,  9)
n=  4984   udiff=  2.5549E-04 (105, 13)   vdiff=  1.9620E-04 (120,  9)
n=  4985   udiff=  2.5508E-04 (105, 13)   vdiff=  1.9595E-04 (120,  9)
n=  4986   udiff=  2.5467E-04 (105, 13)   vdiff=  1.9559E-04 (120,  9)
n=  4987   udiff=  2.5425E-04 (105, 13)   vdiff=  1.9550E-04 (120,  9)
n=  4988   udiff=  2.5374E-04 (105, 13)   vdiff=  1.9534E-04 (120,  9)
n=  4989   udiff=  2.5333E-04 (105, 13)   vdiff=  1.9515E-04 (120,  9)
n=  4990   udiff=  2.5294E-04 (105, 13)   vdiff=  1.9499E-04 (120,  9)
n=  4991   udiff=  2.5252E-04 (105, 13)   vdiff=  1.9467E-04 (120,  9)
n=  4992   udiff=  2.5205E-04 (105, 13)   vdiff=  1.9465E-04 (120,  9)
n=  4993   udiff=  2.5164E-04 (105, 13)   vdiff=  1.9442E-04 (120,  9)
n=  4994   udiff=  2.5116E-04 (105, 13)   vdiff=  1.9428E-04 (120,  9)
n=  4995   udiff=  2.5076E-04 (105, 13)   vdiff=  1.9416E-04 (120,  9)
n=  4996   udiff=  2.5031E-04 (105, 13)   vdiff=  1.9395E-04 (120,  9)
n=  4997   udiff=  2.4989E-04 (105, 13)   vdiff=  1.9371E-04 (120,  9)
n=  4998   udiff=  2.4947E-04 (105, 13)   vdiff=  1.9353E-04 (120,  9)
n=  4999   udiff=  2.4899E-04 (105, 13)   vdiff=  1.9335E-04 (120,  9)
n=  5000   udiff=  2.4853E-04 (105, 13)   vdiff=  1.9313E-04 (120,  9)
n=  5001   udiff=  2.4814E-04 (105, 13)   vdiff=  1.9296E-04 (120,  9)
n=  5002   udiff=  2.4772E-04 (105, 13)   vdiff=  1.9270E-04 (120,  9)
n=  5003   udiff=  2.4731E-04 (105, 13)   vdiff=  1.9254E-04 (120,  9)
n=  5004   udiff=  2.4681E-04 (105, 13)   vdiff=  1.9236E-04 (120,  9)
n=  5005   udiff=  2.4636E-04 (105, 13)   vdiff=  1.9211E-04 (120,  9)
n=  5006   udiff=  2.4595E-04 (105, 13)   vdiff=  1.9194E-04 (120,  9)
n=  5007   udiff=  2.4552E-04 (105, 13)   vdiff=  1.9166E-04 (120,  9)
n=  5008   udiff=  2.4510E-04 (105, 13)   vdiff=  1.9159E-04 (120,  9)
n=  5009   udiff=  2.4469E-04 (105, 13)   vdiff=  1.9139E-04 (120,  9)
n=  5010   udiff=  2.4419E-04 (105, 13)   vdiff=  1.9128E-04 (120,  9)
n=  5011   udiff=  2.4377E-04 (105, 13)   vdiff=  1.9105E-04 (120,  9)
n=  5012   udiff=  2.4334E-04 (105, 13)   vdiff=  1.9080E-04 (120,  9)
n=  5013   udiff=  2.4293E-04 (105, 13)   vdiff=  1.9068E-04 (120,  9)
n=  5014   udiff=  2.4251E-04 (105, 13)   vdiff=  1.9037E-04 (120,  9)
n=  5015   udiff=  2.4201E-04 (105, 13)   vdiff=  1.9028E-04 (120,  9)
n=  5016   udiff=  2.4158E-04 (105, 13)   vdiff=  1.9000E-04 (120,  9)
n=  5017   udiff=  2.4117E-04 (105, 13)   vdiff=  1.8972E-04 (120,  9)
n=  5018   udiff=  2.4074E-04 (105, 13)   vdiff=  1.8967E-04 (120,  9)
n=  5019   udiff=  2.4032E-04 (105, 13)   vdiff=  1.8955E-04 (120,  9)
n=  5020   udiff=  2.3984E-04 (105, 13)   vdiff=  1.8928E-04 (120,  9)
n=  5021   udiff=  2.3940E-04 (105, 13)   vdiff=  1.8901E-04 (120,  9)
n=  5022   udiff=  2.3896E-04 (105, 13)   vdiff=  1.8872E-04 (120,  9)
n=  5023   udiff=  2.3854E-04 (105, 13)   vdiff=  1.8876E-04 (120,  9)
n=  5024   udiff=  2.3813E-04 (105, 13)   vdiff=  1.8848E-04 (120,  9)
n=  5025   udiff=  2.3769E-04 (106, 13)   vdiff=  1.8813E-04 (120,  9)
n=  5026   udiff=  2.3728E-04 (106, 13)   vdiff=  1.8809E-04 (120,  9)
n=  5027   udiff=  2.3686E-04 (106, 13)   vdiff=  1.8775E-04 (120,  9)
n=  5028   udiff=  2.3644E-04 (106, 13)   vdiff=  1.8766E-04 (120,  9)
n=  5029   udiff=  2.3603E-04 (106, 13)   vdiff=  1.8732E-04 (120,  9)
n=  5030   udiff=  2.3557E-04 (106, 13)   vdiff=  1.8716E-04 (120,  9)
n=  5031   udiff=  2.3513E-04 (106, 13)   vdiff=  1.8705E-04 (120,  9)
n=  5032   udiff=  2.3472E-04 (106, 13)   vdiff=  1.8684E-04 (120,  9)
n=  5033   udiff=  2.3430E-04 (106, 13)   vdiff=  1.8665E-04 (120,  9)
n=  5034   udiff=  2.3391E-04 (106, 13)   vdiff=  1.8631E-04 (120,  9)
n=  5035   udiff=  2.3348E-04 (106, 13)   vdiff=  1.8626E-04 (120,  9)
n=  5036   udiff=  2.3308E-04 (106, 13)   vdiff=  1.8586E-04 (120,  9)
n=  5037   udiff=  2.3265E-04 (106, 13)   vdiff=  1.8592E-04 (120,  9)
n=  5038   udiff=  2.3217E-04 (106, 13)   vdiff=  1.8561E-04 (120,  9)
n=  5039   udiff=  2.3178E-04 (106, 13)   vdiff=  1.8540E-04 (120,  9)
n=  5040   udiff=  2.3137E-04 (106, 13)   vdiff=  1.8508E-04 (120,  9)
n=  5041   udiff=  2.3096E-04 (106, 13)   vdiff=  1.8495E-04 (120,  9)
n=  5042   udiff=  2.3053E-04 (106, 13)   vdiff=  1.8481E-04 (120,  9)
n=  5043   udiff=  2.3013E-04 (106, 13)   vdiff=  1.8449E-04 (120,  9)
n=  5044   udiff=  2.2968E-04 (106, 13)   vdiff=  1.8431E-04 (120,  9)
n=  5045   udiff=  2.2921E-04 (106, 13)   vdiff=  1.8397E-04 (120,  9)
n=  5046   udiff=  2.2880E-04 (106, 13)   vdiff=  1.8391E-04 (120,  9)
n=  5047   udiff=  2.2840E-04 (106, 13)   vdiff=  1.8373E-04 (120,  9)
n=  5048   udiff=  2.2797E-04 (106, 13)   vdiff=  1.8341E-04 (120,  9)
n=  5049   udiff=  2.2756E-04 (106, 13)   vdiff=  1.8331E-04 (120,  9)
n=  5050   udiff=  2.2717E-04 (106, 13)   vdiff=  1.8307E-04 (120,  9)
n=  5051   udiff=  2.2673E-04 (106, 13)   vdiff=  1.8298E-04 (120,  9)
n=  5052   udiff=  2.2632E-04 (106, 13)   vdiff=  1.8256E-04 (120,  9)
n=  5053   udiff=  2.2583E-04 (106, 13)   vdiff=  1.8239E-04 (120,  9)
n=  5054   udiff=  2.2544E-04 (106, 13)   vdiff=  1.8222E-04 (120,  9)
n=  5055   udiff=  2.2502E-04 (106, 13)   vdiff=  1.8200E-04 (120,  9)
n=  5056   udiff=  2.2462E-04 (106, 13)   vdiff=  1.8168E-04 (120,  9)
n=  5057   udiff=  2.2419E-04 (106, 13)   vdiff=  1.8141E-04 (120,  9)
n=  5058   udiff=  2.2376E-04 (106, 13)   vdiff=  1.8131E-04 (120,  9)
n=  5059   udiff=  2.2334E-04 (106, 13)   vdiff=  1.8111E-04 (120,  9)
n=  5060   udiff=  2.2293E-04 (106, 13)   vdiff=  1.8084E-04 (120,  9)
n=  5061   udiff=  2.2247E-04 (106, 13)   vdiff=  1.8067E-04 (120,  9)
n=  5062   udiff=  2.2206E-04 (106, 13)   vdiff=  1.8027E-04 (120,  9)
n=  5063   udiff=  2.2164E-04 (106, 13)   vdiff=  1.8014E-04 (120,  9)
n=  5064   udiff=  2.2121E-04 (106, 13)   vdiff=  1.7987E-04 (120,  9)
n=  5065   udiff=  2.2080E-04 (106, 13)   vdiff=  1.7980E-04 (120,  9)
n=  5066   udiff=  2.2040E-04 (106, 13)   vdiff=  1.7951E-04 (120,  9)
n=  5067   udiff=  2.1999E-04 (106, 13)   vdiff=  1.7931E-04 (120,  9)
n=  5068   udiff=  2.1958E-04 (106, 13)   vdiff=  1.7898E-04 (120,  9)
n=  5069   udiff=  2.1911E-04 (106, 13)   vdiff=  1.7899E-04 (120,  9)
n=  5070   udiff=  2.1866E-04 (106, 13)   vdiff=  1.7865E-04 (120,  9)
n=  5071   udiff=  2.1827E-04 (106, 13)   vdiff=  1.7850E-04 (120,  9)
n=  5072   udiff=  2.1785E-04 (106, 13)   vdiff=  1.7814E-04 (120,  9)
n=  5073   udiff=  2.1743E-04 (106, 13)   vdiff=  1.7795E-04 (120,  9)
n=  5074   udiff=  2.1702E-04 (106, 13)   vdiff=  1.7759E-04 (120,  9)
n=  5075   udiff=  2.1662E-04 (106, 13)   vdiff=  1.7744E-04 (120,  9)
n=  5076   udiff=  2.1619E-04 (106, 13)   vdiff=  1.7719E-04 (120,  9)
n=  5077   udiff=  2.1573E-04 (107, 13)   vdiff=  1.7707E-04 (120,  9)
n=  5078   udiff=  2.1532E-04 (107, 13)   vdiff=  1.7687E-04 (120,  9)
n=  5079   udiff=  2.1493E-04 (107, 13)   vdiff=  1.7668E-04 (120,  9)
n=  5080   udiff=  2.1451E-04 (107, 13)   vdiff=  1.7635E-04 (120,  9)
n=  5081   udiff=  2.1412E-04 (107, 13)   vdiff=  1.7616E-04 (120,  9)
n=  5082   udiff=  2.1369E-04 (107, 13)   vdiff=  1.7588E-04 (120,  9)
n=  5083   udiff=  2.1330E-04 (107, 13)   vdiff=  1.7562E-04 (120,  9)
n=  5084   udiff=  2.1285E-04 (107, 13)   vdiff=  1.7552E-04 (120,  9)
n=  5085   udiff=  2.1241E-04 (107, 13)   vdiff=  1.7521E-04 (120,  9)
n=  5086   udiff=  2.1203E-04 (107, 13)   vdiff=  1.7496E-04 (120,  9)
n=  5087   udiff=  2.1161E-04 (107, 13)   vdiff=  1.7465E-04 (120,  9)
n=  5088   udiff=  2.1122E-04 (107, 13)   vdiff=  1.7458E-04 (120,  9)
n=  5089   udiff=  2.1081E-04 (107, 13)   vdiff=  1.7436E-04 (120,  9)
n=  5090   udiff=  2.1042E-04 (107, 13)   vdiff=  1.7410E-04 (120,  9)
n=  5091   udiff=  2.1003E-04 (107, 13)   vdiff=  1.7380E-04 (120,  9)
n=  5092   udiff=  2.0962E-04 (107, 13)   vdiff=  1.7365E-04 (120,  9)
n=  5093   udiff=  2.0921E-04 (107, 13)   vdiff=  1.7331E-04 (120,  9)
n=  5094   udiff=  2.0878E-04 (107, 13)   vdiff=  1.7309E-04 (120,  9)
n=  5095   udiff=  2.0840E-04 (107, 13)   vdiff=  1.7290E-04 (120,  9)
n=  5096   udiff=  2.0800E-04 (107, 13)   vdiff=  1.7266E-04 (120,  9)
n=  5097   udiff=  2.0754E-04 (107, 13)   vdiff=  1.7247E-04 (120,  9)
n=  5098   udiff=  2.0713E-04 (107, 13)   vdiff=  1.7214E-04 (120,  9)
n=  5099   udiff=  2.0675E-04 (107, 13)   vdiff=  1.7201E-04 (120,  9)
n=  5100   udiff=  2.0635E-04 (107, 13)   vdiff=  1.7175E-04 (120,  9)
n=  5101   udiff=  2.0595E-04 (107, 13)   vdiff=  1.7149E-04 (120,  9)
n=  5102   udiff=  2.0554E-04 (107, 13)   vdiff=  1.7123E-04 (120,  9)
n=  5103   udiff=  2.0514E-04 (107, 13)   vdiff=  1.7099E-04 (120,  9)
n=  5104   udiff=  2.0475E-04 (107, 13)   vdiff=  1.7077E-04 (120,  9)
n=  5105   udiff=  2.0435E-04 (107, 13)   vdiff=  1.7068E-04 (120,  9)
n=  5106   udiff=  2.0393E-04 (107, 13)   vdiff=  1.7033E-04 (120,  9)
n=  5107   udiff=  2.0354E-04 (107, 13)   vdiff=  1.7013E-04 (120,  9)
n=  5108   udiff=  2.0315E-04 (107, 13)   vdiff=  1.6985E-04 (120,  9)
n=  5109   udiff=  2.0271E-04 (107, 13)   vdiff=  1.6955E-04 (120,  9)
n=  5110   udiff=  2.0225E-04 (107, 13)   vdiff=  1.6937E-04 (120,  9)
n=  5111   udiff=  2.0188E-04 (107, 13)   vdiff=  1.6912E-04 (120,  9)
n=  5112   udiff=  2.0149E-04 (107, 13)   vdiff=  1.6893E-04 (120,  9)
n=  5113   udiff=  2.0106E-04 (107, 13)   vdiff=  1.6856E-04 (120,  9)
n=  5114   udiff=  2.0068E-04 (107, 13)   vdiff=  1.6835E-04 (120,  9)
n=  5115   udiff=  2.0028E-04 (107, 13)   vdiff=  1.6828E-04 (120,  9)
n=  5116   udiff=  1.9986E-04 (107, 13)   vdiff=  1.6792E-04 (120,  9)
n=  5117   udiff=  1.9946E-04 (107, 13)   vdiff=  1.6764E-04 (120,  9)
n=  5118   udiff=  1.9906E-04 (107, 13)   vdiff=  1.6749E-04 (120,  9)
n=  5119   udiff=  1.9868E-04 (107, 13)   vdiff=  1.6729E-04 (120,  9)
n=  5120   udiff=  1.9828E-04 (107, 13)   vdiff=  1.6712E-04 (120,  9)
n=  5121   udiff=  1.9787E-04 (107, 13)   vdiff=  1.6661E-04 (120,  9)
n=  5122   udiff=  1.9745E-04 (107, 13)   vdiff=  1.6645E-04 (120,  9)
n=  5123   udiff=  1.9705E-04 (107, 13)   vdiff=  1.6624E-04 (120,  9)
n=  5124   udiff=  1.9660E-04 (107, 13)   vdiff=  1.6608E-04 (120,  9)
n=  5125   udiff=  1.9621E-04 (107, 13)   vdiff=  1.6586E-04 (120,  9)
n=  5126   udiff=  1.9580E-04 (107, 13)   vdiff=  1.6551E-04 (120,  9)
n=  5127   udiff=  1.9541E-04 (107, 13)   vdiff=  1.6514E-04 (120,  9)
n=  5128   udiff=  1.9500E-04 (107, 13)   vdiff=  1.6497E-04 (120,  9)
n=  5129   udiff=  1.9461E-04 (107, 13)   vdiff=  1.6477E-04 (120,  9)
n=  5130   udiff=  1.9422E-04 (107, 13)   vdiff=  1.6453E-04 (120,  9)
n=  5131   udiff=  1.9383E-04 (107, 13)   vdiff=  1.6428E-04 (120,  9)
n=  5132   udiff=  1.9343E-04 (107, 13)   vdiff=  1.6410E-04 (120,  9)
n=  5133   udiff=  1.9304E-04 (107, 13)   vdiff=  1.6383E-04 (120,  9)
n=  5134   udiff=  1.9261E-04 (107, 13)   vdiff=  1.6350E-04 (120,  9)
n=  5135   udiff=  1.9222E-04 (107, 13)   vdiff=  1.6332E-04 (120,  9)
n=  5136   udiff=  1.9183E-04 (107, 13)   vdiff=  1.6304E-04 (120,  9)
n=  5137   udiff=  1.9144E-04 (107, 13)   vdiff=  1.6284E-04 (120,  9)
n=  5138   udiff=  1.9097E-04 (107, 13)   vdiff=  1.6259E-04 (120,  9)
n=  5139   udiff=  1.9057E-04 (107, 13)   vdiff=  1.6228E-04 (120,  9)
n=  5140   udiff=  1.9017E-04 (107, 13)   vdiff=  1.6222E-04 (120,  9)
n=  5141   udiff=  1.8980E-04 (107, 13)   vdiff=  1.6194E-04 (120,  9)
n=  5142   udiff=  1.8939E-04 (107, 13)   vdiff=  1.6162E-04 (120,  9)
n=  5143   udiff=  1.8899E-04 (107, 13)   vdiff=  1.6136E-04 (120,  9)
n=  5144   udiff=  1.8859E-04 (108, 13)   vdiff=  1.6110E-04 (120,  9)
n=  5145   udiff=  1.8823E-04 (108, 13)   vdiff=  1.6075E-04 (120,  9)
n=  5146   udiff=  1.8783E-04 (107, 13)   vdiff=  1.6067E-04 (120,  9)
n=  5147   udiff=  1.8745E-04 (108, 13)   vdiff=  1.6044E-04 (120,  9)
n=  5148   udiff=  1.8706E-04 (108, 13)   vdiff=  1.6013E-04 (120,  9)
n=  5149   udiff=  1.8669E-04 (108, 13)   vdiff=  1.5983E-04 (120,  9)
n=  5150   udiff=  1.8629E-04 (108, 13)   vdiff=  1.5960E-04 (120,  9)
n=  5151   udiff=  1.8592E-04 (108, 13)   vdiff=  1.5937E-04 (120,  9)
n=  5152   udiff=  1.8551E-04 (108, 13)   vdiff=  1.5917E-04 (120,  9)
n=  5153   udiff=  1.8511E-04 (108, 13)   vdiff=  1.5883E-04 (120,  9)
n=  5154   udiff=  1.8475E-04 (108, 13)   vdiff=  1.5861E-04 (120,  9)
n=  5155   udiff=  1.8435E-04 (108, 13)   vdiff=  1.5838E-04 (120,  9)
n=  5156   udiff=  1.8397E-04 (108, 13)   vdiff=  1.5810E-04 (120,  9)
n=  5157   udiff=  1.8357E-04 (108, 13)   vdiff=  1.5785E-04 (120,  9)
n=  5158   udiff=  1.8321E-04 (108, 13)   vdiff=  1.5761E-04 (120,  9)
n=  5159   udiff=  1.8281E-04 (108, 13)   vdiff=  1.5751E-04 (120,  9)
n=  5160   udiff=  1.8237E-04 (108, 13)   vdiff=  1.5709E-04 (120,  9)
n=  5161   udiff=  1.8197E-04 (108, 13)   vdiff=  1.5698E-04 (120,  9)
n=  5162   udiff=  1.8161E-04 (108, 13)   vdiff=  1.5670E-04 (120,  9)
n=  5163   udiff=  1.8122E-04 (108, 13)   vdiff=  1.5643E-04 (120,  9)
n=  5164   udiff=  1.8084E-04 (108, 13)   vdiff=  1.5618E-04 (120,  9)
n=  5165   udiff=  1.8044E-04 (108, 13)   vdiff=  1.5603E-04 (120,  9)
n=  5166   udiff=  1.8007E-04 (108, 13)   vdiff=  1.5559E-04 (120,  9)
n=  5167   udiff=  1.7967E-04 (108, 13)   vdiff=  1.5547E-04 (120,  9)
n=  5168   udiff=  1.7929E-04 (108, 13)   vdiff=  1.5521E-04 (120,  9)
n=  5169   udiff=  1.7891E-04 (108, 13)   vdiff=  1.5489E-04 (120,  9)
n=  5170   udiff=  1.7854E-04 (109, 12)   vdiff=  1.5463E-04 (120,  9)
n=  5171   udiff=  1.7815E-04 (108, 13)   vdiff=  1.5443E-04 (120,  9)
n=  5172   udiff=  1.7776E-04 (108, 13)   vdiff=  1.5426E-04 (120,  9)
n=  5173   udiff=  1.7740E-04 (108, 13)   vdiff=  1.5381E-04 (120,  9)
n=  5174   udiff=  1.7712E-04 ( 52, 28)   vdiff=  1.5362E-04 (120,  9)
n=  5175   udiff=  1.7690E-04 ( 52, 28)   vdiff=  1.5347E-04 (120,  9)
n=  5176   udiff=  1.7666E-04 ( 52, 28)   vdiff=  1.5304E-04 (120,  9)
n=  5177   udiff=  1.7642E-04 ( 52, 28)   vdiff=  1.5290E-04 (120,  9)
n=  5178   udiff=  1.7621E-04 ( 52, 28)   vdiff=  1.5262E-04 (120,  9)
n=  5179   udiff=  1.7599E-04 ( 52, 28)   vdiff=  1.5245E-04 (120,  9)
n=  5180   udiff=  1.7575E-04 ( 52, 28)   vdiff=  1.5204E-04 (120,  9)
n=  5181   udiff=  1.7552E-04 ( 52, 28)   vdiff=  1.5192E-04 (120,  9)
n=  5182   udiff=  1.7529E-04 ( 52, 28)   vdiff=  1.5172E-04 (120,  9)
n=  5183   udiff=  1.7505E-04 ( 52, 28)   vdiff=  1.5144E-04 (120,  9)
n=  5184   udiff=  1.7482E-04 ( 52, 28)   vdiff=  1.5119E-04 (120,  9)
n=  5185   udiff=  1.7458E-04 ( 52, 28)   vdiff=  1.5074E-04 (120,  9)
n=  5186   udiff=  1.7436E-04 ( 52, 28)   vdiff=  1.5062E-04 (120,  9)
n=  5187   udiff=  1.7413E-04 ( 52, 28)   vdiff=  1.5035E-04 (120,  9)
n=  5188   udiff=  1.7388E-04 ( 52, 28)   vdiff=  1.5012E-04 (120,  9)
n=  5189   udiff=  1.7366E-04 ( 52, 28)   vdiff=  1.4980E-04 (120,  9)
n=  5190   udiff=  1.7342E-04 ( 52, 28)   vdiff=  1.4965E-04 (120,  9)
n=  5191   udiff=  1.7320E-04 ( 52, 28)   vdiff=  1.4936E-04 (120,  9)
n=  5192   udiff=  1.7296E-04 ( 52, 28)   vdiff=  1.4914E-04 (120,  9)
n=  5193   udiff=  1.7273E-04 ( 52, 28)   vdiff=  1.4880E-04 (120,  9)
n=  5194   udiff=  1.7248E-04 ( 52, 28)   vdiff=  1.4865E-04 (120,  9)
n=  5195   udiff=  1.7225E-04 ( 52, 28)   vdiff=  1.4837E-04 (120,  9)
n=  5196   udiff=  1.7201E-04 ( 52, 28)   vdiff=  1.4812E-04 (120,  9)
n=  5197   udiff=  1.7177E-04 ( 52, 28)   vdiff=  1.4778E-04 (120,  9)
n=  5198   udiff=  1.7154E-04 ( 52, 28)   vdiff=  1.4755E-04 (120,  9)
n=  5199   udiff=  1.7130E-04 ( 52, 28)   vdiff=  1.4729E-04 (120,  9)
n=  5200   udiff=  1.7106E-04 ( 52, 28)   vdiff=  1.4699E-04 (120,  9)
n=  5201   udiff=  1.7082E-04 ( 52, 28)   vdiff=  1.4689E-04 (120,  9)
n=  5202   udiff=  1.7058E-04 ( 52, 28)   vdiff=  1.4666E-04 (120,  9)
n=  5203   udiff=  1.7034E-04 ( 52, 28)   vdiff=  1.4634E-04 (120,  9)
n=  5204   udiff=  1.7011E-04 ( 52, 28)   vdiff=  1.4598E-04 (120,  9)
n=  5205   udiff=  1.6986E-04 ( 52, 28)   vdiff=  1.4573E-04 (120,  9)
n=  5206   udiff=  1.6962E-04 ( 52, 28)   vdiff=  1.4552E-04 (120,  9)
n=  5207   udiff=  1.6937E-04 ( 52, 28)   vdiff=  1.4538E-04 (120,  9)
n=  5208   udiff=  1.6913E-04 ( 52, 28)   vdiff=  1.4504E-04 (120,  9)
n=  5209   udiff=  1.6890E-04 ( 52, 28)   vdiff=  1.4481E-04 (120,  9)
n=  5210   udiff=  1.6866E-04 ( 52, 28)   vdiff=  1.4442E-04 (120,  9)
n=  5211   udiff=  1.6840E-04 ( 52, 28)   vdiff=  1.4441E-04 (120,  9)
n=  5212   udiff=  1.6815E-04 ( 52, 28)   vdiff=  1.4401E-04 (120,  9)
n=  5213   udiff=  1.6792E-04 ( 52, 28)   vdiff=  1.4361E-04 (120,  9)
n=  5214   udiff=  1.6768E-04 ( 52, 28)   vdiff=  1.4355E-04 (120,  9)
n=  5215   udiff=  1.6743E-04 ( 52, 28)   vdiff=  1.4315E-04 (120,  9)
n=  5216   udiff=  1.6720E-04 ( 52, 28)   vdiff=  1.4312E-04 (120,  9)
n=  5217   udiff=  1.6694E-04 ( 52, 28)   vdiff=  1.4276E-04 (120,  9)
n=  5218   udiff=  1.6670E-04 ( 52, 28)   vdiff=  1.4237E-04 (120,  9)
n=  5219   udiff=  1.6645E-04 ( 52, 28)   vdiff=  1.4224E-04 (120,  9)
n=  5220   udiff=  1.6621E-04 ( 52, 28)   vdiff=  1.4185E-04 (120,  9)
n=  5221   udiff=  1.6596E-04 ( 52, 28)   vdiff=  1.4181E-04 (120,  9)
n=  5222   udiff=  1.6572E-04 ( 52, 28)   vdiff=  1.4145E-04 (120,  9)
n=  5223   udiff=  1.6547E-04 ( 52, 28)   vdiff=  1.4118E-04 (120,  9)
n=  5224   udiff=  1.6522E-04 ( 52, 28)   vdiff=  1.4092E-04 (120,  9)
n=  5225   udiff=  1.6497E-04 ( 52, 28)   vdiff=  1.4074E-04 (120,  9)
n=  5226   udiff=  1.6471E-04 ( 52, 28)   vdiff=  1.4038E-04 (120,  9)
n=  5227   udiff=  1.6447E-04 ( 52, 28)   vdiff=  1.4020E-04 (120,  9)
n=  5228   udiff=  1.6422E-04 ( 52, 28)   vdiff=  1.4002E-04 (120,  9)
n=  5229   udiff=  1.6397E-04 ( 52, 28)   vdiff=  1.3954E-04 (120,  9)
n=  5230   udiff=  1.6373E-04 ( 52, 28)   vdiff=  1.3945E-04 (120,  9)
n=  5231   udiff=  1.6347E-04 ( 52, 28)   vdiff=  1.3907E-04 (120,  9)
n=  5232   udiff=  1.6324E-04 ( 52, 28)   vdiff=  1.3895E-04 (120,  9)
n=  5233   udiff=  1.6297E-04 ( 52, 28)   vdiff=  1.3872E-04 (120,  9)
n=  5234   udiff=  1.6273E-04 ( 52, 28)   vdiff=  1.3832E-04 (120,  9)
n=  5235   udiff=  1.6247E-04 ( 52, 28)   vdiff=  1.3801E-04 (120,  9)
n=  5236   udiff=  1.6222E-04 ( 52, 28)   vdiff=  1.3796E-04 (120,  9)
n=  5237   udiff=  1.6199E-04 ( 52, 28)   vdiff=  1.3769E-04 (120,  9)
n=  5238   udiff=  1.6172E-04 ( 52, 28)   vdiff=  1.3740E-04 (120,  9)
n=  5239   udiff=  1.6147E-04 ( 52, 28)   vdiff=  1.3706E-04 (120,  9)
n=  5240   udiff=  1.6122E-04 ( 52, 28)   vdiff=  1.3684E-04 (120,  9)
n=  5241   udiff=  1.6098E-04 ( 52, 28)   vdiff=  1.3657E-04 (120,  9)
n=  5242   udiff=  1.6073E-04 ( 52, 28)   vdiff=  1.3630E-04 (120,  9)
n=  5243   udiff=  1.6046E-04 ( 52, 28)   vdiff=  1.3600E-04 (120,  9)
n=  5244   udiff=  1.6020E-04 ( 52, 28)   vdiff=  1.3572E-04 (120,  9)
n=  5245   udiff=  1.5996E-04 ( 52, 28)   vdiff=  1.3565E-04 (120,  9)
n=  5246   udiff=  1.5970E-04 ( 52, 28)   vdiff=  1.3536E-04 (120,  9)
n=  5247   udiff=  1.5946E-04 ( 52, 28)   vdiff=  1.3507E-04 (120,  9)
n=  5248   udiff=  1.5920E-04 ( 52, 28)   vdiff=  1.3483E-04 (120,  9)
n=  5249   udiff=  1.5896E-04 ( 52, 28)   vdiff=  1.3457E-04 (120,  9)
n=  5250   udiff=  1.5868E-04 ( 52, 28)   vdiff=  1.3442E-04 (120,  9)
n=  5251   udiff=  1.5844E-04 ( 52, 28)   vdiff=  1.3404E-04 (120,  9)
n=  5252   udiff=  1.5819E-04 ( 52, 28)   vdiff=  1.3379E-04 (120,  9)
n=  5253   udiff=  1.5793E-04 ( 52, 28)   vdiff=  1.3362E-04 (120,  9)
n=  5254   udiff=  1.5768E-04 ( 52, 28)   vdiff=  1.3333E-04 (120,  9)
n=  5255   udiff=  1.5741E-04 ( 52, 28)   vdiff=  1.3298E-04 (120,  9)
n=  5256   udiff=  1.5717E-04 ( 52, 28)   vdiff=  1.3278E-04 (120,  9)
n=  5257   udiff=  1.5692E-04 ( 52, 28)   vdiff=  1.3246E-04 (120,  9)
n=  5258   udiff=  1.5666E-04 ( 52, 28)   vdiff=  1.3227E-04 (120,  9)
n=  5259   udiff=  1.5639E-04 ( 52, 28)   vdiff=  1.3200E-04 (120,  9)
n=  5260   udiff=  1.5614E-04 ( 52, 28)   vdiff=  1.3185E-04 (120,  9)
n=  5261   udiff=  1.5588E-04 ( 52, 28)   vdiff=  1.3156E-04 (120,  9)
n=  5262   udiff=  1.5562E-04 ( 52, 28)   vdiff=  1.3131E-04 (120,  9)
n=  5263   udiff=  1.5539E-04 ( 52, 28)   vdiff=  1.3100E-04 (120,  9)
n=  5264   udiff=  1.5510E-04 ( 52, 28)   vdiff=  1.3076E-04 (120,  9)
n=  5265   udiff=  1.5485E-04 ( 52, 28)   vdiff=  1.3041E-04 (120,  9)
n=  5266   udiff=  1.5458E-04 ( 52, 28)   vdiff=  1.3022E-04 (120,  9)
n=  5267   udiff=  1.5434E-04 ( 52, 28)   vdiff=  1.3001E-04 (120,  9)
n=  5268   udiff=  1.5409E-04 ( 52, 28)   vdiff=  1.2976E-04 (120,  9)
n=  5269   udiff=  1.5383E-04 ( 52, 28)   vdiff=  1.2957E-04 (120,  9)
n=  5270   udiff=  1.5357E-04 ( 52, 28)   vdiff=  1.2926E-04 (120,  9)
n=  5271   udiff=  1.5331E-04 ( 52, 28)   vdiff=  1.2918E-04 ( 57, 23)
n=  5272   udiff=  1.5305E-04 ( 52, 28)   vdiff=  1.2917E-04 ( 57, 23)
n=  5273   udiff=  1.5277E-04 ( 52, 28)   vdiff=  1.2914E-04 ( 57, 23)
n=  5274   udiff=  1.5254E-04 ( 52, 28)   vdiff=  1.2908E-04 ( 57, 23)
n=  5275   udiff=  1.5227E-04 ( 52, 28)   vdiff=  1.2907E-04 ( 57, 23)
n=  5276   udiff=  1.5202E-04 ( 52, 28)   vdiff=  1.2898E-04 ( 57, 23)
n=  5277   udiff=  1.5176E-04 ( 52, 28)   vdiff=  1.2892E-04 ( 57, 23)
n=  5278   udiff=  1.5150E-04 ( 52, 28)   vdiff=  1.2896E-04 ( 57, 23)
n=  5279   udiff=  1.5123E-04 ( 52, 28)   vdiff=  1.2880E-04 ( 57, 23)
n=  5280   udiff=  1.5098E-04 ( 52, 28)   vdiff=  1.2878E-04 ( 57, 23)
n=  5281   udiff=  1.5072E-04 ( 52, 28)   vdiff=  1.2882E-04 ( 57, 23)
n=  5282   udiff=  1.5045E-04 ( 52, 28)   vdiff=  1.2863E-04 ( 57, 23)
n=  5283   udiff=  1.5020E-04 ( 52, 28)   vdiff=  1.2859E-04 ( 57, 23)
n=  5284   udiff=  1.4997E-04 ( 52, 27)   vdiff=  1.2859E-04 ( 57, 23)
n=  5285   udiff=  1.4978E-04 ( 52, 27)   vdiff=  1.2849E-04 ( 57, 23)
n=  5286   udiff=  1.4958E-04 ( 52, 27)   vdiff=  1.2856E-04 ( 57, 23)
n=  5287   udiff=  1.4941E-04 ( 52, 27)   vdiff=  1.2843E-04 ( 57, 23)
n=  5288   udiff=  1.4922E-04 ( 52, 27)   vdiff=  1.2828E-04 ( 57, 23)
n=  5289   udiff=  1.4903E-04 ( 52, 27)   vdiff=  1.2831E-04 ( 57, 23)
n=  5290   udiff=  1.4885E-04 ( 52, 27)   vdiff=  1.2820E-04 ( 57, 23)
n=  5291   udiff=  1.4865E-04 ( 52, 27)   vdiff=  1.2810E-04 ( 57, 23)
n=  5292   udiff=  1.4847E-04 ( 52, 27)   vdiff=  1.2814E-04 ( 57, 23)
n=  5293   udiff=  1.4828E-04 ( 52, 27)   vdiff=  1.2799E-04 ( 57, 23)
n=  5294   udiff=  1.4810E-04 ( 52, 27)   vdiff=  1.2801E-04 ( 57, 23)
n=  5295   udiff=  1.4790E-04 ( 52, 27)   vdiff=  1.2789E-04 ( 57, 23)
n=  5296   udiff=  1.4772E-04 ( 52, 27)   vdiff=  1.2792E-04 ( 57, 23)
n=  5297   udiff=  1.4751E-04 ( 52, 27)   vdiff=  1.2775E-04 ( 57, 23)
n=  5298   udiff=  1.4734E-04 ( 52, 27)   vdiff=  1.2764E-04 ( 57, 23)
n=  5299   udiff=  1.4714E-04 ( 52, 27)   vdiff=  1.2764E-04 ( 57, 23)
n=  5300   udiff=  1.4695E-04 ( 52, 27)   vdiff=  1.2751E-04 ( 57, 23)
n=  5301   udiff=  1.4676E-04 ( 52, 27)   vdiff=  1.2754E-04 ( 57, 23)
n=  5302   udiff=  1.4656E-04 ( 52, 27)   vdiff=  1.2747E-04 ( 57, 23)
n=  5303   udiff=  1.4637E-04 ( 52, 27)   vdiff=  1.2740E-04 ( 57, 23)
n=  5304   udiff=  1.4617E-04 ( 52, 27)   vdiff=  1.2728E-04 ( 57, 23)
n=  5305   udiff=  1.4599E-04 ( 52, 27)   vdiff=  1.2714E-04 ( 57, 23)
n=  5306   udiff=  1.4579E-04 ( 52, 27)   vdiff=  1.2713E-04 ( 57, 23)
n=  5307   udiff=  1.4560E-04 ( 52, 27)   vdiff=  1.2704E-04 ( 57, 23)
n=  5308   udiff=  1.4540E-04 ( 52, 27)   vdiff=  1.2701E-04 ( 57, 23)
n=  5309   udiff=  1.4518E-04 ( 52, 27)   vdiff=  1.2683E-04 ( 57, 23)
n=  5310   udiff=  1.4500E-04 ( 52, 27)   vdiff=  1.2685E-04 ( 57, 23)
n=  5311   udiff=  1.4482E-04 ( 52, 27)   vdiff=  1.2670E-04 ( 57, 23)
n=  5312   udiff=  1.4462E-04 ( 52, 27)   vdiff=  1.2667E-04 ( 57, 23)
n=  5313   udiff=  1.4442E-04 ( 52, 27)   vdiff=  1.2653E-04 ( 57, 23)
n=  5314   udiff=  1.4423E-04 ( 52, 27)   vdiff=  1.2661E-04 ( 57, 23)
n=  5315   udiff=  1.4403E-04 ( 52, 27)   vdiff=  1.2642E-04 ( 57, 23)
n=  5316   udiff=  1.4382E-04 ( 52, 27)   vdiff=  1.2637E-04 ( 57, 23)
n=  5317   udiff=  1.4364E-04 ( 52, 27)   vdiff=  1.2624E-04 ( 57, 23)
n=  5318   udiff=  1.4342E-04 ( 52, 27)   vdiff=  1.2623E-04 ( 57, 23)
n=  5319   udiff=  1.4324E-04 ( 52, 27)   vdiff=  1.2615E-04 ( 58, 23)
n=  5320   udiff=  1.4303E-04 ( 52, 27)   vdiff=  1.2628E-04 ( 58, 23)
n=  5321   udiff=  1.4283E-04 ( 52, 27)   vdiff=  1.2623E-04 ( 58, 23)
n=  5322   udiff=  1.4263E-04 ( 52, 27)   vdiff=  1.2633E-04 ( 58, 23)
n=  5323   udiff=  1.4244E-04 ( 52, 27)   vdiff=  1.2629E-04 ( 58, 23)
n=  5324   udiff=  1.4222E-04 ( 52, 27)   vdiff=  1.2641E-04 ( 58, 23)
n=  5325   udiff=  1.4202E-04 ( 52, 27)   vdiff=  1.2635E-04 ( 58, 23)
n=  5326   udiff=  1.4182E-04 ( 52, 27)   vdiff=  1.2646E-04 ( 58, 23)
n=  5327   udiff=  1.4162E-04 ( 52, 27)   vdiff=  1.2636E-04 ( 58, 23)
n=  5328   udiff=  1.4143E-04 ( 52, 27)   vdiff=  1.2652E-04 ( 58, 23)
n=  5329   udiff=  1.4123E-04 ( 52, 27)   vdiff=  1.2645E-04 ( 58, 23)
n=  5330   udiff=  1.4103E-04 ( 52, 27)   vdiff=  1.2653E-04 ( 58, 23)
n=  5331   udiff=  1.4082E-04 ( 52, 27)   vdiff=  1.2649E-04 ( 58, 23)
n=  5332   udiff=  1.4063E-04 ( 52, 27)   vdiff=  1.2660E-04 ( 58, 23)
n=  5333   udiff=  1.4041E-04 ( 52, 27)   vdiff=  1.2655E-04 ( 58, 23)
n=  5334   udiff=  1.4021E-04 ( 52, 27)   vdiff=  1.2665E-04 ( 58, 23)
n=  5335   udiff=  1.4001E-04 ( 52, 27)   vdiff=  1.2663E-04 ( 58, 23)
n=  5336   udiff=  1.3980E-04 ( 52, 27)   vdiff=  1.2671E-04 ( 58, 23)
n=  5337   udiff=  1.3960E-04 ( 52, 27)   vdiff=  1.2664E-04 ( 58, 23)
n=  5338   udiff=  1.3939E-04 ( 52, 27)   vdiff=  1.2669E-04 ( 58, 23)
n=  5339   udiff=  1.3918E-04 ( 52, 27)   vdiff=  1.2667E-04 ( 58, 23)
n=  5340   udiff=  1.3898E-04 ( 52, 27)   vdiff=  1.2675E-04 ( 58, 23)
n=  5341   udiff=  1.3877E-04 ( 52, 27)   vdiff=  1.2669E-04 ( 58, 23)
n=  5342   udiff=  1.3856E-04 ( 52, 27)   vdiff=  1.2679E-04 ( 58, 23)
n=  5343   udiff=  1.3838E-04 ( 52, 27)   vdiff=  1.2672E-04 ( 58, 23)
n=  5344   udiff=  1.3819E-04 ( 53, 27)   vdiff=  1.2678E-04 ( 58, 23)
n=  5345   udiff=  1.3802E-04 ( 53, 27)   vdiff=  1.2678E-04 ( 58, 23)
n=  5346   udiff=  1.3786E-04 ( 53, 27)   vdiff=  1.2686E-04 ( 58, 23)
n=  5347   udiff=  1.3767E-04 ( 53, 27)   vdiff=  1.2677E-04 ( 58, 23)
n=  5348   udiff=  1.3750E-04 ( 53, 27)   vdiff=  1.2686E-04 ( 58, 23)
n=  5349   udiff=  1.3730E-04 ( 53, 27)   vdiff=  1.2679E-04 ( 58, 23)
n=  5350   udiff=  1.3713E-04 ( 53, 27)   vdiff=  1.2684E-04 ( 58, 23)
n=  5351   udiff=  1.3694E-04 ( 53, 27)   vdiff=  1.2674E-04 ( 58, 23)
n=  5352   udiff=  1.3677E-04 ( 53, 27)   vdiff=  1.2687E-04 ( 58, 23)
n=  5353   udiff=  1.3658E-04 ( 53, 27)   vdiff=  1.2677E-04 ( 58, 23)
n=  5354   udiff=  1.3641E-04 ( 53, 27)   vdiff=  1.2685E-04 ( 58, 23)
n=  5355   udiff=  1.3622E-04 ( 53, 27)   vdiff=  1.2680E-04 ( 58, 23)
n=  5356   udiff=  1.3603E-04 ( 53, 27)   vdiff=  1.2685E-04 ( 58, 23)
n=  5357   udiff=  1.3586E-04 ( 53, 27)   vdiff=  1.2680E-04 ( 58, 23)
n=  5358   udiff=  1.3566E-04 ( 53, 27)   vdiff=  1.2681E-04 ( 58, 23)
n=  5359   udiff=  1.3549E-04 ( 53, 27)   vdiff=  1.2676E-04 ( 58, 23)
n=  5360   udiff=  1.3531E-04 ( 53, 27)   vdiff=  1.2687E-04 ( 58, 23)
n=  5361   udiff=  1.3511E-04 ( 53, 27)   vdiff=  1.2680E-04 ( 58, 23)
n=  5362   udiff=  1.3493E-04 ( 53, 27)   vdiff=  1.2684E-04 ( 58, 23)
n=  5363   udiff=  1.3477E-04 ( 53, 27)   vdiff=  1.2675E-04 ( 58, 23)
n=  5364   udiff=  1.3456E-04 ( 53, 27)   vdiff=  1.2680E-04 ( 58, 23)
n=  5365   udiff=  1.3437E-04 ( 53, 27)   vdiff=  1.2674E-04 ( 58, 23)
n=  5366   udiff=  1.3419E-04 ( 53, 27)   vdiff=  1.2683E-04 ( 58, 23)
n=  5367   udiff=  1.3401E-04 ( 53, 27)   vdiff=  1.2671E-04 ( 58, 23)
n=  5368   udiff=  1.3382E-04 ( 53, 27)   vdiff=  1.2678E-04 ( 58, 23)
n=  5369   udiff=  1.3364E-04 ( 53, 27)   vdiff=  1.2668E-04 ( 58, 23)
n=  5370   udiff=  1.3344E-04 ( 53, 27)   vdiff=  1.2674E-04 ( 58, 23)
n=  5371   udiff=  1.3325E-04 ( 53, 27)   vdiff=  1.2666E-04 ( 58, 23)
n=  5372   udiff=  1.3308E-04 ( 53, 27)   vdiff=  1.2659E-04 ( 58, 23)
n=  5373   udiff=  1.3289E-04 ( 53, 27)   vdiff=  1.2664E-04 ( 58, 23)
n=  5374   udiff=  1.3269E-04 ( 53, 27)   vdiff=  1.2669E-04 ( 58, 23)
n=  5375   udiff=  1.3250E-04 ( 53, 27)   vdiff=  1.2659E-04 ( 58, 23)
n=  5376   udiff=  1.3233E-04 ( 53, 27)   vdiff=  1.2665E-04 ( 58, 23)
n=  5377   udiff=  1.3212E-04 ( 53, 27)   vdiff=  1.2656E-04 ( 58, 23)
n=  5378   udiff=  1.3195E-04 ( 53, 27)   vdiff=  1.2660E-04 ( 58, 23)
n=  5379   udiff=  1.3176E-04 ( 53, 27)   vdiff=  1.2652E-04 ( 58, 23)
n=  5380   udiff=  1.3157E-04 ( 53, 27)   vdiff=  1.2652E-04 ( 58, 23)
n=  5381   udiff=  1.3137E-04 ( 53, 27)   vdiff=  1.2643E-04 ( 58, 23)
n=  5382   udiff=  1.3117E-04 ( 53, 27)   vdiff=  1.2648E-04 ( 58, 23)
n=  5383   udiff=  1.3100E-04 ( 53, 27)   vdiff=  1.2637E-04 ( 58, 23)
n=  5384   udiff=  1.3081E-04 ( 53, 27)   vdiff=  1.2639E-04 ( 58, 23)
n=  5385   udiff=  1.3061E-04 ( 53, 27)   vdiff=  1.2629E-04 ( 58, 23)
n=  5386   udiff=  1.3040E-04 ( 53, 27)   vdiff=  1.2631E-04 ( 58, 23)
n=  5387   udiff=  1.3024E-04 ( 53, 27)   vdiff=  1.2626E-04 ( 58, 23)
n=  5388   udiff=  1.3003E-04 ( 53, 27)   vdiff=  1.2625E-04 ( 58, 23)
n=  5389   udiff=  1.2985E-04 ( 53, 27)   vdiff=  1.2618E-04 ( 58, 23)
n=  5390   udiff=  1.2965E-04 ( 53, 27)   vdiff=  1.2616E-04 ( 58, 23)
n=  5391   udiff=  1.2945E-04 ( 53, 27)   vdiff=  1.2610E-04 ( 58, 23)
n=  5392   udiff=  1.2926E-04 ( 53, 27)   vdiff=  1.2613E-04 ( 58, 23)
n=  5393   udiff=  1.2906E-04 ( 53, 27)   vdiff=  1.2601E-04 ( 58, 23)
n=  5394   udiff=  1.2888E-04 ( 53, 27)   vdiff=  1.2604E-04 ( 58, 23)
n=  5395   udiff=  1.2868E-04 ( 53, 27)   vdiff=  1.2591E-04 ( 58, 23)
n=  5396   udiff=  1.2848E-04 ( 53, 27)   vdiff=  1.2595E-04 ( 58, 23)
n=  5397   udiff=  1.2832E-04 ( 53, 27)   vdiff=  1.2601E-04 ( 58, 23)
n=  5398   udiff=  1.2809E-04 ( 53, 27)   vdiff=  1.2585E-04 ( 58, 23)
n=  5399   udiff=  1.2792E-04 ( 53, 27)   vdiff=  1.2589E-04 ( 58, 23)
n=  5400   udiff=  1.2774E-04 ( 53, 27)   vdiff=  1.2581E-04 ( 58, 23)
n=  5401   udiff=  1.2753E-04 ( 53, 27)   vdiff=  1.2576E-04 ( 58, 23)
n=  5402   udiff=  1.2733E-04 ( 53, 27)   vdiff=  1.2566E-04 ( 58, 23)
n=  5403   udiff=  1.2713E-04 ( 53, 27)   vdiff=  1.2568E-04 ( 58, 23)
n=  5404   udiff=  1.2693E-04 ( 53, 27)   vdiff=  1.2557E-04 ( 58, 23)
n=  5405   udiff=  1.2674E-04 ( 53, 27)   vdiff=  1.2561E-04 ( 58, 23)
n=  5406   udiff=  1.2654E-04 ( 53, 27)   vdiff=  1.2557E-04 ( 58, 23)
n=  5407   udiff=  1.2634E-04 ( 53, 27)   vdiff=  1.2543E-04 ( 58, 23)
n=  5408   udiff=  1.2616E-04 ( 53, 27)   vdiff=  1.2548E-04 ( 58, 23)
n=  5409   udiff=  1.2595E-04 ( 53, 27)   vdiff=  1.2532E-04 ( 58, 23)
n=  5410   udiff=  1.2576E-04 ( 53, 27)   vdiff=  1.2534E-04 ( 58, 23)
n=  5411   udiff=  1.2556E-04 ( 53, 27)   vdiff=  1.2524E-04 ( 58, 23)
n=  5412   udiff=  1.2536E-04 ( 53, 27)   vdiff=  1.2524E-04 ( 58, 23)
n=  5413   udiff=  1.2518E-04 ( 53, 27)   vdiff=  1.2522E-04 ( 58, 23)
n=  5414   udiff=  1.2497E-04 ( 53, 27)   vdiff=  1.2510E-04 ( 58, 23)
n=  5415   udiff=  1.2477E-04 ( 53, 27)   vdiff=  1.2507E-04 ( 58, 23)
n=  5416   udiff=  1.2456E-04 ( 53, 27)   vdiff=  1.2496E-04 ( 58, 23)
n=  5417   udiff=  1.2437E-04 ( 53, 27)   vdiff=  1.2493E-04 ( 58, 23)
n=  5418   udiff=  1.2418E-04 ( 53, 27)   vdiff=  1.2493E-04 ( 58, 23)
n=  5419   udiff=  1.2397E-04 ( 53, 27)   vdiff=  1.2482E-04 ( 58, 23)
n=  5420   udiff=  1.2378E-04 ( 53, 27)   vdiff=  1.2479E-04 ( 58, 23)
n=  5421   udiff=  1.2359E-04 ( 53, 27)   vdiff=  1.2476E-04 ( 58, 23)
n=  5422   udiff=  1.2341E-04 ( 53, 27)   vdiff=  1.2465E-04 ( 58, 23)
n=  5423   udiff=  1.2319E-04 ( 53, 27)   vdiff=  1.2465E-04 ( 58, 23)
n=  5424   udiff=  1.2299E-04 ( 53, 27)   vdiff=  1.2446E-04 ( 58, 23)
n=  5425   udiff=  1.2277E-04 ( 53, 27)   vdiff=  1.2444E-04 ( 58, 23)
n=  5426   udiff=  1.2256E-04 ( 53, 27)   vdiff=  1.2446E-04 ( 58, 23)
n=  5427   udiff=  1.2239E-04 ( 53, 27)   vdiff=  1.2430E-04 ( 58, 23)
n=  5428   udiff=  1.2219E-04 ( 53, 27)   vdiff=  1.2427E-04 ( 58, 23)
n=  5429   udiff=  1.2198E-04 ( 53, 27)   vdiff=  1.2423E-04 ( 58, 23)
n=  5430   udiff=  1.2178E-04 ( 53, 27)   vdiff=  1.2414E-04 ( 58, 23)
n=  5431   udiff=  1.2159E-04 ( 53, 27)   vdiff=  1.2409E-04 ( 58, 23)
n=  5432   udiff=  1.2140E-04 ( 53, 27)   vdiff=  1.2404E-04 ( 58, 23)
n=  5433   udiff=  1.2117E-04 ( 53, 27)   vdiff=  1.2390E-04 ( 58, 23)
n=  5434   udiff=  1.2099E-04 ( 53, 27)   vdiff=  1.2392E-04 ( 58, 23)
n=  5435   udiff=  1.2077E-04 ( 53, 27)   vdiff=  1.2381E-04 ( 58, 23)
n=  5436   udiff=  1.2060E-04 ( 53, 27)   vdiff=  1.2369E-04 ( 58, 23)
n=  5437   udiff=  1.2039E-04 ( 53, 27)   vdiff=  1.2368E-04 ( 58, 23)
n=  5438   udiff=  1.2018E-04 ( 53, 27)   vdiff=  1.2366E-04 ( 58, 23)
n=  5439   udiff=  1.1998E-04 ( 53, 27)   vdiff=  1.2358E-04 ( 58, 23)
n=  5440   udiff=  1.1978E-04 ( 53, 27)   vdiff=  1.2343E-04 ( 58, 23)
n=  5441   udiff=  1.1957E-04 ( 53, 27)   vdiff=  1.2338E-04 ( 58, 23)
n=  5442   udiff=  1.1936E-04 ( 53, 27)   vdiff=  1.2335E-04 ( 58, 23)
n=  5443   udiff=  1.1918E-04 ( 53, 27)   vdiff=  1.2313E-04 ( 58, 23)
n=  5444   udiff=  1.1897E-04 ( 53, 27)   vdiff=  1.2316E-04 ( 58, 23)
n=  5445   udiff=  1.1876E-04 ( 53, 27)   vdiff=  1.2310E-04 ( 58, 23)
n=  5446   udiff=  1.1856E-04 ( 53, 27)   vdiff=  1.2305E-04 ( 58, 23)
n=  5447   udiff=  1.1836E-04 ( 53, 27)   vdiff=  1.2289E-04 ( 58, 23)
n=  5448   udiff=  1.1816E-04 ( 53, 27)   vdiff=  1.2282E-04 ( 58, 23)
n=  5449   udiff=  1.1795E-04 ( 53, 27)   vdiff=  1.2277E-04 ( 58, 23)
n=  5450   udiff=  1.1776E-04 ( 53, 27)   vdiff=  1.2278E-04 ( 58, 23)
n=  5451   udiff=  1.1754E-04 ( 53, 27)   vdiff=  1.2258E-04 ( 58, 23)
n=  5452   udiff=  1.1735E-04 ( 53, 27)   vdiff=  1.2253E-04 ( 58, 23)
n=  5453   udiff=  1.1715E-04 ( 53, 27)   vdiff=  1.2245E-04 ( 58, 23)
n=  5454   udiff=  1.1694E-04 ( 53, 27)   vdiff=  1.2238E-04 ( 58, 23)
n=  5455   udiff=  1.1675E-04 ( 53, 27)   vdiff=  1.2238E-04 ( 58, 23)
n=  5456   udiff=  1.1653E-04 ( 53, 27)   vdiff=  1.2215E-04 ( 58, 23)
n=  5457   udiff=  1.1632E-04 ( 53, 27)   vdiff=  1.2210E-04 ( 58, 23)
n=  5458   udiff=  1.1613E-04 ( 53, 27)   vdiff=  1.2207E-04 ( 58, 23)
n=  5459   udiff=  1.1592E-04 ( 53, 27)   vdiff=  1.2195E-04 ( 58, 23)
n=  5460   udiff=  1.1573E-04 ( 53, 27)   vdiff=  1.2189E-04 ( 58, 23)
n=  5461   udiff=  1.1550E-04 ( 53, 27)   vdiff=  1.2171E-04 ( 58, 23)
n=  5462   udiff=  1.1531E-04 ( 53, 27)   vdiff=  1.2166E-04 ( 58, 23)
n=  5463   udiff=  1.1511E-04 ( 53, 27)   vdiff=  1.2162E-04 ( 58, 23)
n=  5464   udiff=  1.1490E-04 ( 53, 27)   vdiff=  1.2154E-04 ( 58, 23)
n=  5465   udiff=  1.1472E-04 ( 53, 27)   vdiff=  1.2149E-04 ( 58, 23)
n=  5466   udiff=  1.1450E-04 ( 53, 27)   vdiff=  1.2141E-04 ( 58, 23)
n=  5467   udiff=  1.1431E-04 ( 53, 27)   vdiff=  1.2116E-04 ( 58, 23)
n=  5468   udiff=  1.1407E-04 ( 53, 27)   vdiff=  1.2109E-04 ( 58, 23)
n=  5469   udiff=  1.1389E-04 ( 53, 27)   vdiff=  1.2105E-04 ( 58, 23)
n=  5470   udiff=  1.1367E-04 ( 53, 27)   vdiff=  1.2094E-04 ( 58, 23)
n=  5471   udiff=  1.1348E-04 ( 53, 27)   vdiff=  1.2087E-04 ( 58, 23)
n=  5472   udiff=  1.1329E-04 ( 53, 27)   vdiff=  1.2083E-04 ( 58, 23)
n=  5473   udiff=  1.1307E-04 ( 53, 27)   vdiff=  1.2075E-04 ( 58, 23)
n=  5474   udiff=  1.1288E-04 ( 53, 27)   vdiff=  1.2066E-04 ( 58, 23)
n=  5475   udiff=  1.1265E-04 ( 53, 27)   vdiff=  1.2056E-04 ( 58, 23)
n=  5476   udiff=  1.1244E-04 ( 53, 27)   vdiff=  1.2032E-04 ( 58, 23)
n=  5477   udiff=  1.1224E-04 ( 53, 27)   vdiff=  1.2026E-04 ( 58, 23)
n=  5478   udiff=  1.1205E-04 ( 53, 27)   vdiff=  1.2021E-04 ( 58, 23)
n=  5479   udiff=  1.1184E-04 ( 53, 27)   vdiff=  1.2014E-04 ( 58, 23)
n=  5480   udiff=  1.1163E-04 ( 53, 27)   vdiff=  1.2001E-04 ( 58, 23)
n=  5481   udiff=  1.1144E-04 ( 53, 27)   vdiff=  1.1995E-04 ( 58, 23)
n=  5482   udiff=  1.1123E-04 ( 53, 27)   vdiff=  1.1981E-04 ( 58, 23)
n=  5483   udiff=  1.1102E-04 ( 53, 27)   vdiff=  1.1973E-04 ( 58, 23)
n=  5484   udiff=  1.1083E-04 ( 53, 27)   vdiff=  1.1961E-04 ( 58, 23)
n=  5485   udiff=  1.1059E-04 ( 53, 27)   vdiff=  1.1952E-04 ( 58, 23)
n=  5486   udiff=  1.1041E-04 ( 53, 27)   vdiff=  1.1943E-04 ( 58, 23)
n=  5487   udiff=  1.1020E-04 ( 53, 27)   vdiff=  1.1935E-04 ( 58, 23)
n=  5488   udiff=  1.0999E-04 ( 53, 27)   vdiff=  1.1928E-04 ( 58, 23)
n=  5489   udiff=  1.0980E-04 ( 53, 27)   vdiff=  1.1914E-04 ( 58, 23)
n=  5490   udiff=  1.0957E-04 ( 53, 27)   vdiff=  1.1906E-04 ( 58, 23)
n=  5491   udiff=  1.0936E-04 ( 53, 27)   vdiff=  1.1892E-04 ( 58, 23)
n=  5492   udiff=  1.0917E-04 ( 53, 27)   vdiff=  1.1882E-04 ( 58, 23)
n=  5493   udiff=  1.0897E-04 ( 53, 27)   vdiff=  1.1874E-04 ( 58, 23)
n=  5494   udiff=  1.0878E-04 ( 53, 27)   vdiff=  1.1861E-04 ( 58, 23)
n=  5495   udiff=  1.0858E-04 ( 53, 27)   vdiff=  1.1853E-04 ( 58, 23)
n=  5496   udiff=  1.0834E-04 ( 53, 27)   vdiff=  1.1840E-04 ( 58, 23)
n=  5497   udiff=  1.0816E-04 ( 53, 27)   vdiff=  1.1829E-04 ( 58, 23)
n=  5498   udiff=  1.0793E-04 ( 53, 27)   vdiff=  1.1809E-04 ( 58, 23)
n=  5499   udiff=  1.0773E-04 ( 53, 27)   vdiff=  1.1796E-04 ( 58, 23)
n=  5500   udiff=  1.0751E-04 ( 53, 27)   vdiff=  1.1788E-04 ( 58, 23)
n=  5501   udiff=  1.0733E-04 ( 53, 27)   vdiff=  1.1777E-04 ( 58, 23)
n=  5502   udiff=  1.0712E-04 ( 53, 27)   vdiff=  1.1779E-04 ( 58, 23)
n=  5503   udiff=  1.0694E-04 ( 53, 27)   vdiff=  1.1768E-04 ( 58, 23)
n=  5504   udiff=  1.0670E-04 ( 53, 27)   vdiff=  1.1755E-04 ( 58, 23)
n=  5505   udiff=  1.0651E-04 ( 53, 27)   vdiff=  1.1746E-04 ( 58, 23)
n=  5506   udiff=  1.0628E-04 ( 53, 27)   vdiff=  1.1730E-04 ( 58, 23)
n=  5507   udiff=  1.0610E-04 ( 53, 27)   vdiff=  1.1714E-04 ( 58, 23)
n=  5508   udiff=  1.0589E-04 ( 53, 27)   vdiff=  1.1700E-04 ( 58, 23)
n=  5509   udiff=  1.0569E-04 ( 53, 27)   vdiff=  1.1694E-04 ( 58, 23)
n=  5510   udiff=  1.0547E-04 ( 53, 27)   vdiff=  1.1691E-04 ( 58, 23)
n=  5511   udiff=  1.0529E-04 ( 53, 27)   vdiff=  1.1676E-04 ( 58, 23)
n=  5512   udiff=  1.0507E-04 ( 53, 27)   vdiff=  1.1663E-04 ( 58, 23)
n=  5513   udiff=  1.0485E-04 ( 53, 27)   vdiff=  1.1645E-04 ( 58, 23)
n=  5514   udiff=  1.0465E-04 ( 53, 27)   vdiff=  1.1635E-04 ( 58, 23)
n=  5515   udiff=  1.0445E-04 ( 53, 27)   vdiff=  1.1620E-04 ( 58, 23)
n=  5516   udiff=  1.0425E-04 ( 53, 27)   vdiff=  1.1619E-04 ( 58, 23)
n=  5517   udiff=  1.0404E-04 ( 53, 27)   vdiff=  1.1602E-04 ( 58, 23)
n=  5518   udiff=  1.0385E-04 ( 53, 27)   vdiff=  1.1591E-04 ( 58, 23)
n=  5519   udiff=  1.0361E-04 ( 53, 27)   vdiff=  1.1578E-04 ( 58, 23)
n=  5520   udiff=  1.0343E-04 ( 53, 27)   vdiff=  1.1565E-04 ( 58, 23)
n=  5521   udiff=  1.0321E-04 ( 53, 27)   vdiff=  1.1560E-04 ( 58, 23)
n=  5522   udiff=  1.0300E-04 ( 53, 27)   vdiff=  1.1542E-04 ( 58, 23)
n=  5523   udiff=  1.0281E-04 ( 53, 27)   vdiff=  1.1533E-04 ( 58, 23)
n=  5524   udiff=  1.0259E-04 ( 53, 27)   vdiff=  1.1513E-04 ( 58, 23)
n=  5525   udiff=  1.0241E-04 ( 53, 27)   vdiff=  1.1512E-04 ( 58, 23)
n=  5526   udiff=  1.0219E-04 ( 53, 27)   vdiff=  1.1496E-04 ( 58, 23)
n=  5527   udiff=  1.0201E-04 ( 54, 27)   vdiff=  1.1484E-04 ( 58, 23)
n=  5528   udiff=  1.0182E-04 ( 54, 27)   vdiff=  1.1477E-04 ( 58, 23)
n=  5529   udiff=  1.0165E-04 ( 54, 27)   vdiff=  1.1460E-04 ( 58, 23)
n=  5530   udiff=  1.0146E-04 ( 54, 27)   vdiff=  1.1446E-04 ( 58, 23)
n=  5531   udiff=  1.0128E-04 ( 54, 27)   vdiff=  1.1443E-04 ( 58, 23)
n=  5532   udiff=  1.0109E-04 ( 54, 27)   vdiff=  1.1425E-04 ( 58, 23)
n=  5533   udiff=  1.0090E-04 ( 54, 27)   vdiff=  1.1410E-04 ( 58, 23)
n=  5534   udiff=  1.0071E-04 ( 54, 27)   vdiff=  1.1405E-04 ( 58, 23)
n=  5535   udiff=  1.0055E-04 ( 54, 27)   vdiff=  1.1387E-04 ( 58, 23)
n=  5536   udiff=  1.0036E-04 ( 54, 27)   vdiff=  1.1369E-04 ( 58, 23)
n=  5537   udiff=  1.0016E-04 ( 54, 27)   vdiff=  1.1368E-04 ( 58, 23)
n=  5538   udiff=  9.9955E-05 ( 54, 27)   vdiff=  1.1346E-04 ( 58, 23)
n=  5539   udiff=  9.9790E-05 ( 54, 27)   vdiff=  1.1333E-04 ( 58, 23)
n=  5540   udiff=  9.9601E-05 ( 54, 27)   vdiff=  1.1323E-04 ( 58, 23)
n=  5541   udiff=  9.9410E-05 ( 54, 27)   vdiff=  1.1309E-04 ( 58, 23)
n=  5542   udiff=  9.9247E-05 ( 54, 27)   vdiff=  1.1303E-04 ( 58, 23)
n=  5543   udiff=  9.9043E-05 ( 54, 27)   vdiff=  1.1287E-04 ( 58, 23)
n=  5544   udiff=  9.8865E-05 ( 54, 27)   vdiff=  1.1269E-04 ( 58, 23)
n=  5545   udiff=  9.8673E-05 ( 54, 27)   vdiff=  1.1261E-04 ( 58, 23)
n=  5546   udiff=  9.8484E-05 ( 54, 27)   vdiff=  1.1244E-04 ( 58, 23)
n=  5547   udiff=  9.8313E-05 ( 54, 27)   vdiff=  1.1237E-04 ( 58, 23)
n=  5548   udiff=  9.8114E-05 ( 54, 27)   vdiff=  1.1222E-04 ( 58, 23)
n=  5549   udiff=  9.7949E-05 ( 54, 27)   vdiff=  1.1210E-04 ( 58, 23)
n=  5550   udiff=  9.7759E-05 ( 54, 27)   vdiff=  1.1194E-04 ( 58, 23)
n=  5551   udiff=  9.7554E-05 ( 54, 27)   vdiff=  1.1185E-04 ( 58, 23)
n=  5552   udiff=  9.7377E-05 ( 54, 27)   vdiff=  1.1164E-04 ( 58, 23)
n=  5553   udiff=  9.7199E-05 ( 54, 27)   vdiff=  1.1162E-04 ( 58, 23)
n=  5554   udiff=  9.7003E-05 ( 54, 27)   vdiff=  1.1140E-04 ( 58, 23)
n=  5555   udiff=  9.6828E-05 ( 54, 27)   vdiff=  1.1136E-04 ( 58, 23)
n=  5556   udiff=  9.6637E-05 ( 54, 27)   vdiff=  1.1115E-04 ( 58, 23)
n=  5557   udiff=  9.6447E-05 ( 54, 27)   vdiff=  1.1105E-04 ( 58, 23)
n=  5558   udiff=  9.6269E-05 ( 54, 27)   vdiff=  1.1088E-04 ( 58, 22)
n=  5559   udiff=  9.6077E-05 ( 54, 27)   vdiff=  1.1085E-04 ( 58, 23)
n=  5560   udiff=  9.5886E-05 ( 54, 27)   vdiff=  1.1062E-04 ( 58, 22)
n=  5561   udiff=  9.5710E-05 ( 54, 27)   vdiff=  1.1052E-04 ( 58, 22)
n=  5562   udiff=  9.5513E-05 ( 54, 27)   vdiff=  1.1035E-04 ( 58, 23)
n=  5563   udiff=  9.5336E-05 ( 54, 27)   vdiff=  1.1024E-04 ( 58, 22)
n=  5564   udiff=  9.5140E-05 ( 54, 27)   vdiff=  1.1013E-04 ( 58, 23)
n=  5565   udiff=  9.4960E-05 ( 54, 27)   vdiff=  1.0992E-04 ( 58, 22)
n=  5566   udiff=  9.4765E-05 ( 54, 27)   vdiff=  1.0989E-04 ( 58, 22)
n=  5567   udiff=  9.4594E-05 ( 54, 27)   vdiff=  1.0978E-04 ( 58, 23)
n=  5568   udiff=  9.4417E-05 ( 54, 27)   vdiff=  1.0956E-04 ( 58, 23)
n=  5569   udiff=  9.4211E-05 ( 54, 27)   vdiff=  1.0955E-04 ( 58, 22)
n=  5570   udiff=  9.4035E-05 ( 54, 27)   vdiff=  1.0935E-04 ( 58, 23)
n=  5571   udiff=  9.3842E-05 ( 54, 27)   vdiff=  1.0912E-04 ( 58, 22)
n=  5572   udiff=  9.3661E-05 ( 54, 27)   vdiff=  1.0911E-04 ( 58, 22)
n=  5573   udiff=  9.3474E-05 ( 54, 27)   vdiff=  1.0891E-04 ( 58, 23)
n=  5574   udiff=  9.3288E-05 ( 54, 27)   vdiff=  1.0879E-04 ( 58, 22)
n=  5575   udiff=  9.3108E-05 ( 54, 27)   vdiff=  1.0866E-04 ( 58, 22)
n=  5576   udiff=  9.2921E-05 ( 54, 27)   vdiff=  1.0850E-04 ( 58, 23)
n=  5577   udiff=  9.2748E-05 ( 54, 27)   vdiff=  1.0835E-04 ( 58, 22)
n=  5578   udiff=  9.2533E-05 ( 54, 27)   vdiff=  1.0824E-04 ( 58, 22)
n=  5579   udiff=  9.2365E-05 ( 54, 27)   vdiff=  1.0818E-04 ( 58, 22)
n=  5580   udiff=  9.2190E-05 ( 54, 27)   vdiff=  1.0803E-04 ( 59, 22)
n=  5581   udiff=  9.1985E-05 ( 54, 27)   vdiff=  1.0791E-04 ( 59, 22)
n=  5582   udiff=  9.1801E-05 ( 54, 27)   vdiff=  1.0784E-04 ( 59, 22)
n=  5583   udiff=  9.1634E-05 ( 54, 27)   vdiff=  1.0765E-04 ( 59, 22)
n=  5584   udiff=  9.1424E-05 ( 54, 27)   vdiff=  1.0754E-04 ( 59, 22)
n=  5585   udiff=  9.1243E-05 ( 54, 27)   vdiff=  1.0758E-04 ( 59, 22)
n=  5586   udiff=  9.1056E-05 ( 54, 27)   vdiff=  1.0740E-04 ( 59, 22)
n=  5587   udiff=  9.0874E-05 ( 54, 27)   vdiff=  1.0731E-04 ( 59, 22)
n=  5588   udiff=  9.0687E-05 ( 54, 27)   vdiff=  1.0719E-04 ( 59, 22)
n=  5589   udiff=  9.0516E-05 ( 54, 27)   vdiff=  1.0715E-04 ( 59, 22)
n=  5590   udiff=  9.0335E-05 ( 54, 27)   vdiff=  1.0709E-04 ( 59, 22)
n=  5591   udiff=  9.0147E-05 ( 54, 27)   vdiff=  1.0698E-04 ( 59, 22)
n=  5592   udiff=  8.9960E-05 ( 54, 27)   vdiff=  1.0691E-04 ( 59, 22)
n=  5593   udiff=  8.9766E-05 ( 54, 27)   vdiff=  1.0667E-04 ( 59, 22)
n=  5594   udiff=  8.9597E-05 ( 54, 27)   vdiff=  1.0660E-04 ( 59, 22)
n=  5595   udiff=  8.9398E-05 ( 54, 27)   vdiff=  1.0655E-04 ( 59, 22)
n=  5596   udiff=  8.9209E-05 ( 54, 27)   vdiff=  1.0643E-04 ( 59, 22)
n=  5597   udiff=  8.9036E-05 ( 54, 27)   vdiff=  1.0639E-04 ( 59, 22)
n=  5598   udiff=  8.8862E-05 ( 54, 27)   vdiff=  1.0632E-04 ( 59, 22)
n=  5599   udiff=  8.8672E-05 ( 54, 27)   vdiff=  1.0607E-04 ( 59, 22)
n=  5600   udiff=  8.8494E-05 ( 54, 27)   vdiff=  1.0598E-04 ( 59, 22)
n=  5601   udiff=  8.8311E-05 ( 54, 27)   vdiff=  1.0593E-04 ( 59, 22)
n=  5602   udiff=  8.8110E-05 ( 54, 27)   vdiff=  1.0578E-04 ( 59, 22)
n=  5603   udiff=  8.7929E-05 ( 54, 27)   vdiff=  1.0574E-04 ( 59, 22)
n=  5604   udiff=  8.7743E-05 ( 54, 27)   vdiff=  1.0564E-04 ( 59, 22)
n=  5605   udiff=  8.7557E-05 ( 54, 27)   vdiff=  1.0548E-04 ( 59, 22)
n=  5606   udiff=  8.7386E-05 ( 54, 27)   vdiff=  1.0547E-04 ( 59, 22)
n=  5607   udiff=  8.7192E-05 ( 54, 27)   vdiff=  1.0529E-04 ( 59, 22)
n=  5608   udiff=  8.7007E-05 ( 54, 27)   vdiff=  1.0528E-04 ( 59, 22)
n=  5609   udiff=  8.6807E-05 ( 54, 27)   vdiff=  1.0505E-04 ( 59, 22)
n=  5610   udiff=  8.6647E-05 ( 54, 27)   vdiff=  1.0504E-04 ( 59, 22)
n=  5611   udiff=  8.6443E-05 ( 54, 27)   vdiff=  1.0477E-04 ( 59, 22)
n=  5612   udiff=  8.6264E-05 ( 54, 27)   vdiff=  1.0472E-04 ( 59, 22)
n=  5613   udiff=  8.6095E-05 ( 54, 27)   vdiff=  1.0458E-04 ( 59, 22)
n=  5614   udiff=  8.5917E-05 ( 54, 27)   vdiff=  1.0456E-04 ( 59, 22)
n=  5615   udiff=  8.5725E-05 ( 54, 27)   vdiff=  1.0435E-04 ( 59, 22)
n=  5616   udiff=  8.5538E-05 ( 54, 27)   vdiff=  1.0428E-04 ( 59, 22)
n=  5617   udiff=  8.5342E-05 ( 54, 27)   vdiff=  1.0414E-04 ( 59, 22)
n=  5618   udiff=  8.5166E-05 ( 54, 27)   vdiff=  1.0404E-04 ( 59, 22)
n=  5619   udiff=  8.4984E-05 ( 54, 27)   vdiff=  1.0394E-04 ( 59, 22)
n=  5620   udiff=  8.4797E-05 ( 54, 27)   vdiff=  1.0383E-04 ( 59, 22)
n=  5621   udiff=  8.4628E-05 ( 54, 27)   vdiff=  1.0376E-04 ( 59, 22)
n=  5622   udiff=  8.4444E-05 ( 54, 27)   vdiff=  1.0374E-04 ( 59, 22)
n=  5623   udiff=  8.4276E-05 ( 54, 27)   vdiff=  1.0368E-04 ( 59, 22)
n=  5624   udiff=  8.4071E-05 ( 54, 27)   vdiff=  1.0352E-04 ( 59, 22)
n=  5625   udiff=  8.3883E-05 ( 54, 27)   vdiff=  1.0339E-04 ( 59, 22)
n=  5626   udiff=  8.3710E-05 ( 54, 27)   vdiff=  1.0324E-04 ( 59, 22)
n=  5627   udiff=  8.3534E-05 ( 54, 27)   vdiff=  1.0318E-04 ( 59, 22)
n=  5628   udiff=  8.3341E-05 ( 54, 27)   vdiff=  1.0297E-04 ( 59, 22)
n=  5629   udiff=  8.3161E-05 ( 54, 27)   vdiff=  1.0289E-04 ( 59, 22)
n=  5630   udiff=  8.2984E-05 ( 54, 27)   vdiff=  1.0273E-04 ( 59, 22)
n=  5631   udiff=  8.2807E-05 ( 54, 27)   vdiff=  1.0262E-04 ( 59, 22)
n=  5632   udiff=  8.2626E-05 ( 54, 27)   vdiff=  1.0251E-04 ( 59, 22)
n=  5633   udiff=  8.2432E-05 ( 54, 27)   vdiff=  1.0237E-04 ( 59, 22)
n=  5634   udiff=  8.2246E-05 ( 54, 27)   vdiff=  1.0234E-04 ( 59, 22)
n=  5635   udiff=  8.2067E-05 ( 54, 27)   vdiff=  1.0224E-04 ( 59, 22)
n=  5636   udiff=  8.1895E-05 ( 54, 27)   vdiff=  1.0208E-04 ( 59, 22)
n=  5637   udiff=  8.1707E-05 ( 54, 27)   vdiff=  1.0192E-04 ( 59, 22)
n=  5638   udiff=  8.1555E-05 ( 54, 27)   vdiff=  1.0184E-04 ( 59, 22)
n=  5639   udiff=  8.1351E-05 ( 54, 27)   vdiff=  1.0171E-04 ( 59, 22)
n=  5640   udiff=  8.1160E-05 ( 54, 27)   vdiff=  1.0154E-04 ( 59, 22)
n=  5641   udiff=  8.1009E-05 ( 54, 27)   vdiff=  1.0154E-04 ( 59, 22)
n=  5642   udiff=  8.0808E-05 ( 54, 27)   vdiff=  1.0135E-04 ( 59, 22)
n=  5643   udiff=  8.0625E-05 ( 54, 27)   vdiff=  1.0121E-04 ( 59, 22)
n=  5644   udiff=  8.0443E-05 ( 54, 27)   vdiff=  1.0110E-04 ( 59, 22)
n=  5645   udiff=  8.0247E-05 ( 54, 27)   vdiff=  1.0092E-04 ( 59, 22)
n=  5646   udiff=  8.0089E-05 ( 54, 27)   vdiff=  1.0099E-04 ( 59, 22)
n=  5647   udiff=  7.9908E-05 ( 54, 27)   vdiff=  1.0079E-04 ( 59, 22)
n=  5648   udiff=  7.9737E-05 ( 54, 27)   vdiff=  1.0065E-04 ( 59, 22)
n=  5649   udiff=  7.9546E-05 ( 54, 27)   vdiff=  1.0047E-04 ( 59, 22)
n=  5650   udiff=  7.9372E-05 ( 54, 27)   vdiff=  1.0047E-04 ( 59, 22)
n=  5651   udiff=  7.9184E-05 ( 54, 27)   vdiff=  1.0028E-04 ( 59, 22)
n=  5652   udiff=  7.9022E-05 ( 54, 27)   vdiff=  1.0017E-04 ( 59, 22)
n=  5653   udiff=  7.8831E-05 ( 54, 27)   vdiff=  1.0003E-04 ( 59, 22)
n=  5654   udiff=  7.8640E-05 ( 54, 27)   vdiff=  9.9931E-05 ( 59, 22)
n=  5655   udiff=  7.8480E-05 ( 54, 27)   vdiff=  9.9856E-05 ( 59, 22)
n=  5656   udiff=  7.8280E-05 ( 54, 27)   vdiff=  9.9606E-05 ( 59, 22)
n=  5657   udiff=  7.8110E-05 ( 54, 27)   vdiff=  9.9612E-05 ( 59, 22)
n=  5658   udiff=  7.7941E-05 ( 54, 27)   vdiff=  9.9436E-05 ( 59, 22)
n=  5659   udiff=  7.7771E-05 ( 54, 27)   vdiff=  9.9257E-05 ( 59, 22)
n=  5660   udiff=  7.7578E-05 ( 54, 27)   vdiff=  9.9209E-05 ( 59, 22)
n=  5661   udiff=  7.7411E-05 ( 54, 27)   vdiff=  9.9095E-05 ( 59, 22)
n=  5662   udiff=  7.7242E-05 ( 54, 27)   vdiff=  9.8877E-05 ( 59, 22)
n=  5663   udiff=  7.7055E-05 ( 54, 27)   vdiff=  9.8914E-05 ( 59, 22)
n=  5664   udiff=  7.6873E-05 ( 54, 27)   vdiff=  9.8719E-05 ( 59, 22)
n=  5665   udiff=  7.6697E-05 ( 54, 27)   vdiff=  9.8474E-05 ( 59, 22)
n=  5666   udiff=  7.6506E-05 ( 54, 27)   vdiff=  9.8455E-05 ( 59, 22)
n=  5667   udiff=  7.6342E-05 ( 54, 27)   vdiff=  9.8279E-05 ( 59, 22)
n=  5668   udiff=  7.6159E-05 ( 54, 27)   vdiff=  9.8309E-05 ( 59, 22)
n=  5669   udiff=  7.5983E-05 ( 54, 27)   vdiff=  9.8068E-05 ( 59, 22)
n=  5670   udiff=  7.5820E-05 ( 54, 27)   vdiff=  9.7911E-05 ( 59, 22)
n=  5671   udiff=  7.5609E-05 ( 54, 27)   vdiff=  9.7811E-05 ( 59, 22)
n=  5672   udiff=  7.5460E-05 ( 54, 27)   vdiff=  9.7659E-05 ( 59, 22)
n=  5673   udiff=  7.5279E-05 ( 54, 27)   vdiff=  9.7557E-05 ( 59, 22)
n=  5674   udiff=  7.5108E-05 ( 54, 27)   vdiff=  9.7452E-05 ( 59, 22)
n=  5675   udiff=  7.4939E-05 ( 54, 27)   vdiff=  9.7414E-05 ( 59, 22)
n=  5676   udiff=  7.4740E-05 ( 54, 27)   vdiff=  9.7174E-05 ( 59, 22)
n=  5677   udiff=  7.4566E-05 ( 54, 27)   vdiff=  9.7106E-05 ( 59, 22)
n=  5678   udiff=  7.4401E-05 ( 54, 27)   vdiff=  9.6910E-05 ( 59, 22)
n=  5679   udiff=  7.4216E-05 ( 54, 27)   vdiff=  9.6865E-05 ( 59, 22)
n=  5680   udiff=  7.4040E-05 ( 54, 27)   vdiff=  9.6646E-05 ( 59, 22)
n=  5681   udiff=  7.3875E-05 ( 54, 27)   vdiff=  9.6554E-05 ( 59, 22)
n=  5682   udiff=  7.3694E-05 ( 54, 27)   vdiff=  9.6464E-05 ( 59, 22)
n=  5683   udiff=  7.3523E-05 ( 54, 27)   vdiff=  9.6361E-05 ( 59, 22)
n=  5684   udiff=  7.3344E-05 ( 54, 27)   vdiff=  9.6108E-05 ( 59, 22)
n=  5685   udiff=  7.3171E-05 ( 54, 27)   vdiff=  9.6014E-05 ( 59, 22)
n=  5686   udiff=  7.2991E-05 ( 54, 27)   vdiff=  9.5872E-05 ( 59, 22)
n=  5687   udiff=  7.2798E-05 ( 54, 27)   vdiff=  9.5809E-05 ( 59, 22)
n=  5688   udiff=  7.2644E-05 ( 54, 27)   vdiff=  9.5546E-05 ( 59, 22)
n=  5689   udiff=  7.2458E-05 ( 54, 27)   vdiff=  9.5437E-05 ( 59, 22)
n=  5690   udiff=  7.2292E-05 ( 54, 27)   vdiff=  9.5386E-05 ( 59, 22)
n=  5691   udiff=  7.2112E-05 ( 54, 27)   vdiff=  9.5237E-05 ( 59, 22)
n=  5692   udiff=  7.1948E-05 ( 54, 27)   vdiff=  9.5177E-05 ( 59, 22)
n=  5693   udiff=  7.1778E-05 ( 54, 27)   vdiff=  9.4973E-05 ( 59, 22)
n=  5694   udiff=  7.1600E-05 ( 54, 27)   vdiff=  9.4773E-05 ( 59, 22)
n=  5695   udiff=  7.1437E-05 ( 54, 27)   vdiff=  9.4743E-05 ( 59, 22)
n=  5696   udiff=  7.1264E-05 ( 54, 27)   vdiff=  9.4525E-05 ( 59, 22)
n=  5697   udiff=  7.1081E-05 ( 54, 27)   vdiff=  9.4516E-05 ( 59, 22)
n=  5698   udiff=  7.0901E-05 ( 54, 27)   vdiff=  9.4381E-05 ( 59, 22)
n=  5699   udiff=  7.0746E-05 ( 54, 27)   vdiff=  9.4197E-05 ( 59, 22)
n=  5700   udiff=  7.0577E-05 ( 54, 27)   vdiff=  9.4042E-05 ( 59, 22)
n=  5701   udiff=  7.0377E-05 ( 54, 27)   vdiff=  9.3958E-05 ( 59, 22)
n=  5702   udiff=  7.0202E-05 ( 54, 27)   vdiff=  9.3718E-05 ( 59, 22)
n=  5703   udiff=  7.0030E-05 ( 54, 27)   vdiff=  9.3621E-05 ( 59, 22)
n=  5704   udiff=  6.9863E-05 ( 54, 27)   vdiff=  9.3550E-05 ( 59, 22)
n=  5705   udiff=  6.9696E-05 ( 54, 27)   vdiff=  9.3356E-05 ( 59, 21)
n=  5706   udiff=  6.9518E-05 ( 54, 27)   vdiff=  9.3268E-05 ( 59, 21)
n=  5707   udiff=  6.9367E-05 ( 54, 27)   vdiff=  9.3071E-05 ( 59, 22)
n=  5708   udiff=  6.9190E-05 ( 54, 27)   vdiff=  9.2978E-05 ( 59, 22)
n=  5709   udiff=  6.9025E-05 ( 54, 27)   vdiff=  9.2772E-05 ( 59, 22)
n=  5710   udiff=  6.8849E-05 ( 54, 27)   vdiff=  9.2637E-05 ( 59, 22)
n=  5711   udiff=  6.8675E-05 ( 54, 27)   vdiff=  9.2551E-05 ( 59, 22)
n=  5712   udiff=  6.8514E-05 ( 54, 27)   vdiff=  9.2494E-05 ( 59, 22)
n=  5713   udiff=  6.8316E-05 ( 54, 27)   vdiff=  9.2358E-05 ( 59, 22)
n=  5714   udiff=  6.8169E-05 ( 54, 27)   vdiff=  9.2192E-05 ( 59, 21)
n=  5715   udiff=  6.7992E-05 ( 54, 27)   vdiff=  9.2018E-05 ( 59, 21)
n=  5716   udiff=  6.7827E-05 ( 54, 27)   vdiff=  9.1957E-05 ( 59, 21)
n=  5717   udiff=  6.7637E-05 ( 54, 27)   vdiff=  9.1721E-05 ( 59, 22)
n=  5718   udiff=  6.7474E-05 ( 54, 27)   vdiff=  9.1624E-05 ( 59, 22)
n=  5719   udiff=  6.7325E-05 ( 54, 27)   vdiff=  9.1513E-05 ( 59, 22)
n=  5720   udiff=  6.7152E-05 ( 54, 27)   vdiff=  9.1312E-05 ( 59, 22)
n=  5721   udiff=  6.6980E-05 ( 54, 27)   vdiff=  9.1200E-05 ( 59, 22)
n=  5722   udiff=  6.6799E-05 ( 54, 27)   vdiff=  9.0997E-05 ( 59, 22)
n=  5723   udiff=  6.6644E-05 ( 54, 27)   vdiff=  9.0950E-05 ( 59, 21)
n=  5724   udiff=  6.6468E-05 ( 54, 27)   vdiff=  9.0812E-05 ( 59, 22)
n=  5725   udiff=  6.6316E-05 ( 54, 27)   vdiff=  9.0713E-05 ( 59, 21)
n=  5726   udiff=  6.6132E-05 ( 54, 27)   vdiff=  9.0567E-05 ( 59, 22)
n=  5727   udiff=  6.5962E-05 ( 54, 27)   vdiff=  9.0432E-05 ( 59, 22)
n=  5728   udiff=  6.5814E-05 ( 54, 27)   vdiff=  9.0344E-05 ( 59, 22)
n=  5729   udiff=  6.5631E-05 ( 54, 27)   vdiff=  9.0177E-05 ( 59, 21)
n=  5730   udiff=  6.5461E-05 ( 54, 27)   vdiff=  9.0103E-05 ( 59, 22)
n=  5731   udiff=  6.5293E-05 ( 54, 27)   vdiff=  8.9937E-05 ( 59, 21)
n=  5732   udiff=  6.5144E-05 ( 54, 27)   vdiff=  8.9662E-05 ( 59, 21)
n=  5733   udiff=  6.4943E-05 ( 54, 27)   vdiff=  8.9525E-05 ( 59, 21)
n=  5734   udiff=  6.4788E-05 ( 54, 27)   vdiff=  8.9503E-05 ( 59, 21)
n=  5735   udiff=  6.4640E-05 ( 54, 27)   vdiff=  8.9300E-05 ( 59, 21)
n=  5736   udiff=  6.4446E-05 ( 54, 27)   vdiff=  8.9174E-05 ( 59, 21)
n=  5737   udiff=  6.4294E-05 ( 54, 27)   vdiff=  8.9028E-05 ( 59, 21)
n=  5738   udiff=  6.4127E-05 ( 54, 27)   vdiff=  8.8937E-05 ( 59, 21)
n=  5739   udiff=  6.3961E-05 ( 54, 27)   vdiff=  8.8905E-05 ( 59, 21)
n=  5740   udiff=  6.3810E-05 ( 54, 27)   vdiff=  8.8729E-05 ( 59, 22)
n=  5741   udiff=  6.3644E-05 ( 54, 27)   vdiff=  8.8512E-05 ( 59, 21)
n=  5742   udiff=  6.3465E-05 ( 54, 27)   vdiff=  8.8376E-05 ( 59, 22)
n=  5743   udiff=  6.3319E-05 ( 54, 27)   vdiff=  8.8175E-05 ( 59, 22)
n=  5744   udiff=  6.3146E-05 ( 54, 27)   vdiff=  8.8067E-05 ( 59, 22)
n=  5745   udiff=  6.2965E-05 ( 54, 27)   vdiff=  8.7898E-05 ( 59, 22)
n=  5746   udiff=  6.2801E-05 ( 54, 27)   vdiff=  8.7811E-05 ( 59, 21)
n=  5747   udiff=  6.2656E-05 ( 54, 27)   vdiff=  8.7598E-05 ( 59, 22)
n=  5748   udiff=  6.2488E-05 ( 54, 27)   vdiff=  8.7445E-05 ( 59, 21)
n=  5749   udiff=  6.2324E-05 ( 54, 27)   vdiff=  8.7293E-05 ( 59, 22)
n=  5750   udiff=  6.2140E-05 ( 54, 27)   vdiff=  8.7224E-05 ( 59, 22)
n=  5751   udiff=  6.2000E-05 ( 54, 27)   vdiff=  8.7090E-05 ( 59, 22)
n=  5752   udiff=  6.1834E-05 ( 54, 27)   vdiff=  8.6890E-05 ( 59, 22)
n=  5753   udiff=  6.1664E-05 ( 54, 27)   vdiff=  8.6890E-05 ( 59, 21)
n=  5754   udiff=  6.1520E-05 ( 54, 27)   vdiff=  8.6770E-05 ( 59, 21)
n=  5755   udiff=  6.1339E-05 ( 55, 27)   vdiff=  8.6551E-05 ( 59, 21)
n=  5756   udiff=  6.1201E-05 ( 55, 27)   vdiff=  8.6460E-05 ( 59, 21)
n=  5757   udiff=  6.1044E-05 ( 55, 27)   vdiff=  8.6289E-05 ( 59, 21)
n=  5758   udiff=  6.0874E-05 ( 55, 27)   vdiff=  8.6127E-05 ( 59, 21)
n=  5759   udiff=  6.0769E-05 ( 55, 27)   vdiff=  8.5899E-05 ( 59, 22)
n=  5760   udiff=  6.0592E-05 ( 55, 27)   vdiff=  8.5788E-05 ( 59, 21)
n=  5761   udiff=  6.0449E-05 ( 55, 27)   vdiff=  8.5692E-05 ( 59, 22)
n=  5762   udiff=  6.0314E-05 ( 55, 27)   vdiff=  8.5734E-05 ( 59, 21)
n=  5763   udiff=  6.0133E-05 ( 55, 27)   vdiff=  8.5491E-05 ( 59, 21)
n=  5764   udiff=  6.0012E-05 ( 55, 27)   vdiff=  8.5313E-05 ( 59, 21)
n=  5765   udiff=  5.9848E-05 ( 55, 27)   vdiff=  8.5163E-05 ( 59, 21)
n=  5766   udiff=  5.9718E-05 ( 55, 27)   vdiff=  8.4940E-05 ( 59, 22)
n=  5767   udiff=  5.9560E-05 ( 55, 27)   vdiff=  8.4798E-05 ( 59, 21)
n=  5768   udiff=  5.9425E-05 ( 55, 27)   vdiff=  8.4680E-05 ( 59, 22)
n=  5769   udiff=  5.9247E-05 ( 55, 27)   vdiff=  8.4759E-05 ( 59, 21)
n=  5770   udiff=  5.9116E-05 ( 55, 27)   vdiff=  8.4504E-05 ( 59, 21)
n=  5771   udiff=  5.8969E-05 ( 55, 27)   vdiff=  8.4354E-05 ( 59, 21)
n=  5772   udiff=  5.8825E-05 ( 55, 27)   vdiff=  8.4125E-05 ( 59, 21)
n=  5773   udiff=  5.8685E-05 ( 55, 27)   vdiff=  8.3959E-05 ( 59, 21)
n=  5774   udiff=  5.8533E-05 ( 55, 27)   vdiff=  8.3838E-05 ( 59, 22)
n=  5775   udiff=  5.8368E-05 ( 55, 27)   vdiff=  8.3847E-05 ( 59, 21)
n=  5776   udiff=  5.8238E-05 ( 55, 27)   vdiff=  8.3695E-05 ( 59, 21)
n=  5777   udiff=  5.8092E-05 ( 55, 27)   vdiff=  8.3510E-05 ( 59, 21)
n=  5778   udiff=  5.7957E-05 ( 55, 27)   vdiff=  8.3206E-05 ( 59, 21)
n=  5779   udiff=  5.7792E-05 ( 55, 27)   vdiff=  8.3093E-05 ( 59, 22)
n=  5780   udiff=  5.7647E-05 ( 55, 27)   vdiff=  8.3100E-05 ( 59, 21)
n=  5781   udiff=  5.7501E-05 ( 55, 27)   vdiff=  8.3006E-05 ( 59, 21)
n=  5782   udiff=  5.7350E-05 ( 55, 27)   vdiff=  8.2749E-05 ( 59, 21)
n=  5783   udiff=  5.7205E-05 ( 55, 27)   vdiff=  8.2532E-05 ( 59, 21)
n=  5784   udiff=  5.7078E-05 ( 55, 27)   vdiff=  8.2333E-05 ( 59, 21)
n=  5785   udiff=  5.6910E-05 ( 55, 27)   vdiff=  8.2375E-05 ( 59, 21)
n=  5786   udiff=  5.6759E-05 ( 55, 27)   vdiff=  8.2148E-05 ( 59, 21)
n=  5787   udiff=  5.6623E-05 ( 55, 27)   vdiff=  8.2032E-05 ( 59, 21)
n=  5788   udiff=  5.6476E-05 ( 55, 27)   vdiff=  8.1811E-05 ( 59, 22)
n=  5789   udiff=  5.6347E-05 ( 55, 27)   vdiff=  8.1858E-05 ( 59, 21)
n=  5790   udiff=  5.6199E-05 ( 55, 27)   vdiff=  8.1668E-05 ( 59, 21)
n=  5791   udiff=  5.6050E-05 ( 55, 27)   vdiff=  8.1396E-05 ( 59, 21)
n=  5792   udiff=  5.5916E-05 ( 55, 27)   vdiff=  8.1230E-05 ( 59, 21)
n=  5793   udiff=  5.5765E-05 ( 55, 27)   vdiff=  8.1264E-05 ( 59, 21)
n=  5794   udiff=  5.5624E-05 ( 55, 26)   vdiff=  8.1106E-05 ( 59, 21)
n=  5795   udiff=  5.5485E-05 ( 55, 27)   vdiff=  8.0905E-05 ( 59, 21)
n=  5796   udiff=  5.5359E-05 ( 55, 26)   vdiff=  8.0806E-05 ( 59, 21)
n=  5797   udiff=  5.5240E-05 ( 55, 26)   vdiff=  8.0755E-05 ( 59, 21)
n=  5798   udiff=  5.5118E-05 ( 55, 26)   vdiff=  8.0438E-05 ( 59, 21)
n=  5799   udiff=  5.4979E-05 ( 55, 26)   vdiff=  8.0190E-05 ( 59, 22)
n=  5800   udiff=  5.4854E-05 ( 55, 26)   vdiff=  8.0267E-05 ( 59, 21)
n=  5801   udiff=  5.4740E-05 ( 55, 26)   vdiff=  8.0001E-05 ( 59, 21)
n=  5802   udiff=  5.4627E-05 ( 55, 26)   vdiff=  7.9930E-05 ( 59, 21)
n=  5803   udiff=  5.4511E-05 ( 55, 26)   vdiff=  7.9880E-05 ( 59, 21)
n=  5804   udiff=  5.4361E-05 ( 55, 26)   vdiff=  7.9548E-05 ( 59, 21)
n=  5805   udiff=  5.4237E-05 ( 55, 26)   vdiff=  7.9410E-05 ( 59, 21)
n=  5806   udiff=  5.4097E-05 ( 55, 26)   vdiff=  7.9367E-05 ( 59, 21)
n=  5807   udiff=  5.3979E-05 ( 55, 26)   vdiff=  7.9234E-05 ( 59, 21)
n=  5808   udiff=  5.3890E-05 ( 55, 26)   vdiff=  7.8947E-05 ( 59, 21)
n=  5809   udiff=  5.3753E-05 ( 55, 26)   vdiff=  7.8990E-05 ( 59, 21)
n=  5810   udiff=  5.3600E-05 ( 55, 26)   vdiff=  7.8799E-05 ( 59, 21)
n=  5811   udiff=  5.3482E-05 ( 55, 26)   vdiff=  7.8488E-05 ( 59, 21)
n=  5812   udiff=  5.3370E-05 ( 55, 26)   vdiff=  7.8606E-05 ( 59, 21)
n=  5813   udiff=  5.3265E-05 ( 55, 26)   vdiff=  7.8303E-05 ( 59, 21)
n=  5814   udiff=  5.3127E-05 ( 55, 26)   vdiff=  7.8384E-05 ( 59, 21)
n=  5815   udiff=  5.2998E-05 ( 55, 26)   vdiff=  7.8136E-05 ( 59, 21)
n=  5816   udiff=  5.2876E-05 ( 55, 26)   vdiff=  7.7906E-05 ( 59, 21)
n=  5817   udiff=  5.2745E-05 ( 55, 26)   vdiff=  7.7817E-05 ( 59, 21)
n=  5818   udiff=  5.2624E-05 ( 55, 26)   vdiff=  7.7627E-05 ( 59, 21)
n=  5819   udiff=  5.2500E-05 ( 55, 26)   vdiff=  7.7373E-05 ( 59, 21)
n=  5820   udiff=  5.2363E-05 ( 55, 26)   vdiff=  7.7388E-05 ( 59, 21)
n=  5821   udiff=  5.2255E-05 ( 55, 26)   vdiff=  7.7173E-05 ( 59, 21)
n=  5822   udiff=  5.2165E-05 ( 55, 26)   vdiff=  7.7247E-05 ( 59, 21)
n=  5823   udiff=  5.2013E-05 ( 55, 26)   vdiff=  7.6866E-05 ( 59, 21)
n=  5824   udiff=  5.1889E-05 ( 55, 26)   vdiff=  7.6760E-05 ( 59, 21)
n=  5825   udiff=  5.1750E-05 ( 55, 26)   vdiff=  7.6689E-05 ( 59, 21)
n=  5826   udiff=  5.1637E-05 ( 55, 26)   vdiff=  7.6347E-05 ( 59, 21)
n=  5827   udiff=  5.1528E-05 ( 55, 26)   vdiff=  7.6439E-05 ( 59, 21)
n=  5828   udiff=  5.1382E-05 ( 55, 26)   vdiff=  7.6234E-05 ( 59, 21)
n=  5829   udiff=  5.1278E-05 ( 55, 26)   vdiff=  7.6210E-05 ( 59, 21)
n=  5830   udiff=  5.1143E-05 ( 55, 26)   vdiff=  7.5911E-05 ( 59, 21)
n=  5831   udiff=  5.1023E-05 ( 55, 26)   vdiff=  7.5889E-05 ( 59, 21)
n=  5832   udiff=  5.0907E-05 ( 55, 26)   vdiff=  7.5619E-05 ( 59, 21)
n=  5833   udiff=  5.0797E-05 ( 55, 26)   vdiff=  7.5335E-05 ( 59, 21)
n=  5834   udiff=  5.0657E-05 ( 55, 26)   vdiff=  7.5330E-05 ( 59, 21)
n=  5835   udiff=  5.0542E-05 ( 55, 26)   vdiff=  7.5167E-05 ( 59, 21)
n=  5836   udiff=  5.0425E-05 ( 55, 26)   vdiff=  7.5075E-05 ( 59, 21)
n=  5837   udiff=  5.0287E-05 ( 55, 26)   vdiff=  7.4838E-05 ( 59, 21)
n=  5838   udiff=  5.0164E-05 ( 55, 26)   vdiff=  7.4763E-05 ( 59, 21)
n=  5839   udiff=  5.0067E-05 ( 55, 26)   vdiff=  7.4510E-05 ( 59, 21)
n=  5840   udiff=  4.9938E-05 ( 55, 26)   vdiff=  7.4571E-05 ( 59, 21)
n=  5841   udiff=  4.9816E-05 ( 55, 26)   vdiff=  7.4300E-05 ( 59, 21)
n=  5842   udiff=  4.9668E-05 ( 55, 26)   vdiff=  7.4267E-05 ( 59, 21)
n=  5843   udiff=  4.9571E-05 ( 55, 26)   vdiff=  7.3976E-05 ( 59, 21)
n=  5844   udiff=  4.9455E-05 ( 55, 26)   vdiff=  7.4086E-05 ( 59, 21)
n=  5845   udiff=  4.9333E-05 ( 55, 26)   vdiff=  7.3665E-05 ( 59, 21)
n=  5846   udiff=  4.9216E-05 ( 55, 26)   vdiff=  7.3733E-05 ( 59, 21)
n=  5847   udiff=  4.9095E-05 ( 55, 26)   vdiff=  7.3384E-05 ( 59, 21)
n=  5848   udiff=  4.8955E-05 ( 55, 26)   vdiff=  7.3330E-05 ( 59, 21)
n=  5849   udiff=  4.8861E-05 ( 55, 26)   vdiff=  7.3388E-05 ( 59, 21)
n=  5850   udiff=  4.8726E-05 ( 55, 26)   vdiff=  7.3171E-05 ( 59, 21)
n=  5851   udiff=  4.8596E-05 ( 55, 26)   vdiff=  7.3089E-05 ( 59, 21)
n=  5852   udiff=  4.8478E-05 ( 55, 26)   vdiff=  7.2795E-05 ( 59, 21)
n=  5853   udiff=  4.8377E-05 ( 55, 26)   vdiff=  7.2761E-05 ( 59, 21)
n=  5854   udiff=  4.8262E-05 ( 55, 26)   vdiff=  7.2431E-05 ( 59, 21)
n=  5855   udiff=  4.8132E-05 ( 55, 26)   vdiff=  7.2438E-05 ( 59, 21)
n=  5856   udiff=  4.8017E-05 ( 55, 26)   vdiff=  7.2095E-05 ( 59, 21)
n=  5857   udiff=  4.7891E-05 ( 55, 26)   vdiff=  7.2066E-05 ( 59, 21)
n=  5858   udiff=  4.7792E-05 ( 55, 26)   vdiff=  7.2050E-05 ( 59, 21)
n=  5859   udiff=  4.7659E-05 ( 55, 26)   vdiff=  7.1710E-05 ( 59, 21)
n=  5860   udiff=  4.7547E-05 ( 55, 26)   vdiff=  7.1653E-05 ( 59, 21)
n=  5861   udiff=  4.7425E-05 ( 55, 26)   vdiff=  7.1375E-05 ( 59, 21)
n=  5862   udiff=  4.7292E-05 ( 55, 26)   vdiff=  7.1410E-05 ( 59, 21)
n=  5863   udiff=  4.7174E-05 ( 55, 26)   vdiff=  7.1344E-05 ( 59, 21)
n=  5864   udiff=  4.7066E-05 ( 55, 26)   vdiff=  7.1109E-05 ( 59, 21)
n=  5865   udiff=  4.6955E-05 ( 55, 26)   vdiff=  7.0955E-05 ( 59, 21)
n=  5866   udiff=  4.6816E-05 ( 55, 26)   vdiff=  7.0774E-05 ( 59, 21)
n=  5867   udiff=  4.6723E-05 ( 55, 26)   vdiff=  7.0699E-05 ( 59, 21)
n=  5868   udiff=  4.6596E-05 ( 55, 26)   vdiff=  7.0645E-05 ( 59, 21)
n=  5869   udiff=  4.6467E-05 ( 55, 26)   vdiff=  7.0226E-05 ( 59, 21)
n=  5870   udiff=  4.6367E-05 ( 55, 26)   vdiff=  7.0242E-05 ( 59, 21)
n=  5871   udiff=  4.6235E-05 ( 55, 26)   vdiff=  7.0102E-05 ( 59, 21)
n=  5872   udiff=  4.6114E-05 ( 55, 26)   vdiff=  6.9815E-05 ( 59, 21)
n=  5873   udiff=  4.6002E-05 ( 55, 26)   vdiff=  6.9811E-05 ( 59, 21)
n=  5874   udiff=  4.5877E-05 ( 55, 26)   vdiff=  6.9831E-05 ( 59, 21)
n=  5875   udiff=  4.5771E-05 ( 55, 26)   vdiff=  6.9551E-05 ( 59, 21)
n=  5876   udiff=  4.5670E-05 ( 55, 26)   vdiff=  6.9411E-05 ( 59, 21)
n=  5877   udiff=  4.5529E-05 ( 55, 26)   vdiff=  6.9071E-05 ( 59, 21)
n=  5878   udiff=  4.5406E-05 ( 55, 26)   vdiff=  6.9057E-05 ( 59, 21)
n=  5879   udiff=  4.5330E-05 ( 55, 26)   vdiff=  6.9037E-05 ( 59, 21)
n=  5880   udiff=  4.5184E-05 ( 55, 26)   vdiff=  6.8921E-05 ( 59, 21)
n=  5881   udiff=  4.5055E-05 ( 55, 26)   vdiff=  6.8655E-05 ( 59, 21)
n=  5882   udiff=  4.4953E-05 ( 55, 26)   vdiff=  6.8517E-05 ( 59, 21)
n=  5883   udiff=  4.4847E-05 ( 55, 26)   vdiff=  6.8530E-05 ( 59, 21)
n=  5884   udiff=  4.4722E-05 ( 55, 26)   vdiff=  6.8177E-05 ( 59, 21)
n=  5885   udiff=  4.4597E-05 ( 55, 26)   vdiff=  6.8076E-05 ( 59, 21)
n=  5886   udiff=  4.4495E-05 ( 55, 26)   vdiff=  6.8054E-05 ( 59, 21)
n=  5887   udiff=  4.4368E-05 ( 55, 26)   vdiff=  6.7597E-05 ( 59, 21)
n=  5888   udiff=  4.4263E-05 ( 55, 26)   vdiff=  6.7613E-05 ( 59, 21)
n=  5889   udiff=  4.4152E-05 ( 55, 26)   vdiff=  6.7535E-05 ( 59, 21)
n=  5890   udiff=  4.4005E-05 ( 55, 26)   vdiff=  6.7485E-05 ( 59, 21)
n=  5891   udiff=  4.3912E-05 ( 55, 26)   vdiff=  6.7093E-05 ( 59, 21)
n=  5892   udiff=  4.3814E-05 ( 55, 26)   vdiff=  6.7125E-05 ( 59, 21)
n=  5893   udiff=  4.3689E-05 ( 55, 26)   vdiff=  6.6991E-05 ( 59, 21)
n=  5894   udiff=  4.3571E-05 ( 55, 26)   vdiff=  6.6967E-05 ( 59, 21)
n=  5895   udiff=  4.3458E-05 ( 55, 26)   vdiff=  6.6527E-05 ( 59, 21)
n=  5896   udiff=  4.3344E-05 ( 55, 26)   vdiff=  6.6482E-05 ( 59, 21)
n=  5897   udiff=  4.3200E-05 ( 55, 26)   vdiff=  6.6412E-05 ( 59, 21)
n=  5898   udiff=  4.3130E-05 ( 55, 26)   vdiff=  6.6400E-05 ( 59, 21)
n=  5899   udiff=  4.2997E-05 ( 55, 26)   vdiff=  6.5875E-05 ( 59, 21)
n=  5900   udiff=  4.2888E-05 ( 55, 26)   vdiff=  6.5851E-05 ( 59, 21)
n=  5901   udiff=  4.2773E-05 ( 55, 26)   vdiff=  6.5830E-05 ( 59, 21)
n=  5902   udiff=  4.2680E-05 ( 55, 26)   vdiff=  6.5714E-05 ( 59, 21)
n=  5903   udiff=  4.2535E-05 ( 55, 26)   vdiff=  6.5619E-05 ( 59, 21)
n=  5904   udiff=  4.2445E-05 ( 55, 26)   vdiff=  6.5281E-05 ( 59, 21)
n=  5905   udiff=  4.2310E-05 ( 55, 26)   vdiff=  6.5218E-05 ( 59, 21)
n=  5906   udiff=  4.2202E-05 ( 55, 26)   vdiff=  6.5135E-05 ( 59, 21)
n=  5907   udiff=  4.2103E-05 ( 55, 26)   vdiff=  6.5073E-05 ( 59, 21)
n=  5908   udiff=  4.1991E-05 ( 55, 26)   vdiff=  6.5012E-05 ( 59, 21)
n=  5909   udiff=  4.1866E-05 ( 55, 26)   vdiff=  6.4835E-05 ( 59, 21)
n=  5910   udiff=  4.1763E-05 ( 55, 26)   vdiff=  6.4487E-05 ( 59, 21)
n=  5911   udiff=  4.1646E-05 ( 55, 26)   vdiff=  6.4348E-05 ( 59, 21)
n=  5912   udiff=  4.1549E-05 ( 55, 26)   vdiff=  6.4218E-05 ( 59, 21)
n=  5913   udiff=  4.1425E-05 ( 55, 26)   vdiff=  6.4183E-05 ( 59, 21)
n=  5914   udiff=  4.1321E-05 ( 55, 26)   vdiff=  6.4048E-05 ( 59, 21)
n=  5915   udiff=  4.1180E-05 ( 55, 26)   vdiff=  6.3992E-05 ( 59, 21)
n=  5916   udiff=  4.1098E-05 ( 55, 26)   vdiff=  6.3648E-05 ( 59, 21)
n=  5917   udiff=  4.0964E-05 ( 55, 26)   vdiff=  6.3532E-05 ( 59, 21)
n=  5918   udiff=  4.0871E-05 ( 55, 26)   vdiff=  6.3440E-05 ( 59, 21)
n=  5919   udiff=  4.0765E-05 ( 55, 26)   vdiff=  6.3349E-05 ( 59, 21)
n=  5920   udiff=  4.0643E-05 ( 55, 26)   vdiff=  6.3222E-05 ( 59, 21)
n=  5921   udiff=  4.0560E-05 ( 55, 26)   vdiff=  6.3178E-05 ( 59, 21)
n=  5922   udiff=  4.0427E-05 ( 55, 26)   vdiff=  6.3042E-05 ( 59, 21)
n=  5923   udiff=  4.0320E-05 ( 55, 26)   vdiff=  6.2999E-05 ( 59, 21)
n=  5924   udiff=  4.0224E-05 ( 55, 26)   vdiff=  6.2594E-05 ( 59, 21)
n=  5925   udiff=  4.0111E-05 ( 55, 26)   vdiff=  6.2411E-05 ( 59, 21)
n=  5926   udiff=  3.9976E-05 ( 55, 26)   vdiff=  6.2268E-05 ( 59, 21)
n=  5927   udiff=  3.9879E-05 ( 55, 26)   vdiff=  6.2124E-05 ( 59, 21)
n=  5928   udiff=  3.9777E-05 ( 55, 26)   vdiff=  6.2033E-05 ( 59, 21)
n=  5929   udiff=  3.9655E-05 ( 55, 26)   vdiff=  6.1944E-05 ( 59, 21)
n=  5930   udiff=  3.9553E-05 ( 55, 26)   vdiff=  6.1777E-05 ( 59, 21)
n=  5931   udiff=  3.9444E-05 ( 55, 26)   vdiff=  6.1703E-05 ( 59, 21)
n=  5932   udiff=  3.9321E-05 ( 55, 26)   vdiff=  6.1570E-05 ( 59, 21)
n=  5933   udiff=  3.9207E-05 ( 55, 26)   vdiff=  6.1429E-05 ( 59, 21)
n=  5934   udiff=  3.9113E-05 ( 55, 26)   vdiff=  6.1249E-05 ( 59, 21)
n=  5935   udiff=  3.9006E-05 ( 55, 26)   vdiff=  6.1144E-05 ( 59, 21)
n=  5936   udiff=  3.8910E-05 ( 55, 26)   vdiff=  6.1105E-05 ( 59, 21)
n=  5937   udiff=  3.8806E-05 ( 55, 26)   vdiff=  6.0870E-05 ( 59, 21)
n=  5938   udiff=  3.8679E-05 ( 55, 26)   vdiff=  6.0615E-05 ( 59, 21)
n=  5939   udiff=  3.8570E-05 ( 55, 26)   vdiff=  6.0496E-05 ( 59, 21)
n=  5940   udiff=  3.8469E-05 ( 55, 26)   vdiff=  6.0323E-05 ( 59, 21)
n=  5941   udiff=  3.8351E-05 ( 55, 26)   vdiff=  6.0282E-05 ( 59, 21)
n=  5942   udiff=  3.8245E-05 ( 55, 26)   vdiff=  6.0185E-05 ( 59, 21)
n=  5943   udiff=  3.8149E-05 ( 55, 26)   vdiff=  5.9966E-05 ( 59, 21)
n=  5944   udiff=  3.8038E-05 ( 55, 26)   vdiff=  5.9849E-05 ( 59, 21)
n=  5945   udiff=  3.7917E-05 ( 55, 26)   vdiff=  5.9760E-05 ( 59, 21)
n=  5946   udiff=  3.7836E-05 ( 55, 26)   vdiff=  5.9509E-05 ( 59, 21)
n=  5947   udiff=  3.7716E-05 ( 55, 26)   vdiff=  5.9361E-05 ( 59, 21)
n=  5948   udiff=  3.7618E-05 ( 55, 26)   vdiff=  5.9278E-05 ( 59, 21)
n=  5949   udiff=  3.7504E-05 ( 55, 26)   vdiff=  5.9190E-05 ( 59, 21)
n=  5950   udiff=  3.7412E-05 ( 55, 26)   vdiff=  5.9017E-05 ( 59, 21)
n=  5951   udiff=  3.7304E-05 ( 55, 26)   vdiff=  5.8862E-05 ( 59, 21)
n=  5952   udiff=  3.7163E-05 ( 55, 26)   vdiff=  5.8718E-05 ( 59, 21)
n=  5953   udiff=  3.7058E-05 ( 55, 26)   vdiff=  5.8502E-05 ( 59, 21)
n=  5954   udiff=  3.6983E-05 ( 55, 26)   vdiff=  5.8426E-05 ( 59, 21)
n=  5955   udiff=  3.6853E-05 ( 55, 26)   vdiff=  5.8371E-05 ( 59, 21)
n=  5956   udiff=  3.6761E-05 ( 55, 26)   vdiff=  5.8375E-05 ( 59, 21)
n=  5957   udiff=  3.6662E-05 ( 55, 26)   vdiff=  5.8255E-05 ( 59, 21)
n=  5958   udiff=  3.6535E-05 ( 55, 26)   vdiff=  5.8137E-05 ( 59, 21)
n=  5959   udiff=  3.6457E-05 ( 55, 26)   vdiff=  5.7977E-05 ( 59, 21)
n=  5960   udiff=  3.6351E-05 ( 55, 26)   vdiff=  5.7814E-05 ( 59, 21)
n=  5961   udiff=  3.6219E-05 ( 55, 26)   vdiff=  5.7633E-05 ( 59, 21)
n=  5962   udiff=  3.6118E-05 ( 55, 26)   vdiff=  5.7462E-05 ( 59, 21)
n=  5963   udiff=  3.6033E-05 ( 55, 26)   vdiff=  5.7313E-05 ( 59, 21)
n=  5964   udiff=  3.5936E-05 ( 55, 26)   vdiff=  5.7213E-05 ( 59, 21)
n=  5965   udiff=  3.5827E-05 ( 55, 26)   vdiff=  5.7001E-05 ( 59, 21)
n=  5966   udiff=  3.5752E-05 ( 55, 26)   vdiff=  5.6880E-05 ( 59, 21)
n=  5967   udiff=  3.5621E-05 ( 55, 26)   vdiff=  5.6688E-05 ( 59, 21)
n=  5968   udiff=  3.5522E-05 ( 55, 26)   vdiff=  5.6526E-05 ( 59, 21)
n=  5969   udiff=  3.5414E-05 ( 55, 26)   vdiff=  5.6415E-05 ( 59, 21)
n=  5970   udiff=  3.5306E-05 ( 55, 26)   vdiff=  5.6552E-05 ( 59, 21)
n=  5971   udiff=  3.5197E-05 ( 55, 26)   vdiff=  5.6350E-05 ( 59, 21)
n=  5972   udiff=  3.5097E-05 ( 55, 26)   vdiff=  5.6165E-05 ( 59, 21)
n=  5973   udiff=  3.4998E-05 ( 55, 26)   vdiff=  5.5970E-05 ( 59, 21)
n=  5974   udiff=  3.4881E-05 ( 55, 26)   vdiff=  5.5842E-05 ( 59, 21)
n=  5975   udiff=  3.4797E-05 ( 55, 26)   vdiff=  5.5771E-05 ( 59, 21)
n=  5976   udiff=  3.4691E-05 ( 55, 26)   vdiff=  5.5479E-05 ( 59, 21)
n=  5977   udiff=  3.4576E-05 ( 55, 26)   vdiff=  5.5414E-05 ( 59, 21)
n=  5978   udiff=  3.4500E-05 ( 55, 26)   vdiff=  5.5371E-05 ( 59, 21)
n=  5979   udiff=  3.4394E-05 ( 55, 26)   vdiff=  5.5229E-05 ( 59, 21)
n=  5980   udiff=  3.4283E-05 ( 55, 26)   vdiff=  5.5224E-05 ( 59, 21)
n=  5981   udiff=  3.4203E-05 ( 55, 26)   vdiff=  5.4994E-05 ( 59, 21)
n=  5982   udiff=  3.4078E-05 ( 55, 26)   vdiff=  5.4775E-05 ( 59, 21)
n=  5983   udiff=  3.3971E-05 ( 55, 26)   vdiff=  5.4506E-05 ( 59, 21)
n=  5984   udiff=  3.3880E-05 ( 55, 26)   vdiff=  5.4413E-05 ( 59, 21)
n=  5985   udiff=  3.3768E-05 ( 55, 26)   vdiff=  5.4405E-05 ( 59, 21)
n=  5986   udiff=  3.3663E-05 ( 55, 26)   vdiff=  5.4341E-05 ( 59, 21)
n=  5987   udiff=  3.3571E-05 ( 55, 26)   vdiff=  5.4033E-05 ( 59, 21)
n=  5988   udiff=  3.3467E-05 ( 55, 26)   vdiff=  5.3988E-05 ( 59, 21)
n=  5989   udiff=  3.3365E-05 ( 55, 26)   vdiff=  5.3707E-05 ( 59, 21)
n=  5990   udiff=  3.3283E-05 ( 55, 26)   vdiff=  5.3820E-05 ( 59, 21)
n=  5991   udiff=  3.3180E-05 ( 55, 26)   vdiff=  5.3687E-05 ( 59, 21)
n=  5992   udiff=  3.3065E-05 ( 55, 26)   vdiff=  5.3410E-05 ( 59, 21)
n=  5993   udiff=  3.2975E-05 ( 55, 26)   vdiff=  5.3361E-05 ( 59, 21)
n=  5994   udiff=  3.2872E-05 ( 55, 26)   vdiff=  5.3090E-05 ( 59, 21)
n=  5995   udiff=  3.2772E-05 ( 55, 26)   vdiff=  5.3208E-05 ( 59, 21)
n=  5996   udiff=  3.2677E-05 ( 55, 26)   vdiff=  5.2951E-05 ( 59, 21)
n=  5997   udiff=  3.2564E-05 ( 55, 26)   vdiff=  5.2865E-05 ( 59, 21)
n=  5998   udiff=  3.2474E-05 ( 55, 26)   vdiff=  5.2644E-05 ( 59, 21)
n=  5999   udiff=  3.2376E-05 ( 55, 26)   vdiff=  5.2450E-05 ( 59, 21)
n=  6000   udiff=  3.2276E-05 ( 55, 26)   vdiff=  5.2489E-05 ( 59, 21)
n=  6001   udiff=  3.2194E-05 ( 55, 26)   vdiff=  5.2273E-05 ( 59, 21)
n=  6002   udiff=  3.2100E-05 ( 55, 26)   vdiff=  5.2042E-05 ( 59, 21)
n=  6003   udiff=  3.1998E-05 ( 55, 26)   vdiff=  5.1999E-05 ( 59, 21)
n=  6004   udiff=  3.1905E-05 ( 55, 26)   vdiff=  5.2011E-05 ( 59, 21)
n=  6005   udiff=  3.1801E-05 ( 55, 26)   vdiff=  5.1810E-05 ( 59, 21)
n=  6006   udiff=  3.1689E-05 ( 55, 26)   vdiff=  5.1597E-05 ( 59, 21)
n=  6007   udiff=  3.1613E-05 ( 55, 26)   vdiff=  5.1365E-05 ( 59, 21)
n=  6008   udiff=  3.1508E-05 ( 55, 26)   vdiff=  5.1454E-05 ( 59, 21)
n=  6009   udiff=  3.1408E-05 ( 55, 26)   vdiff=  5.1140E-05 ( 59, 21)
n=  6010   udiff=  3.1304E-05 ( 55, 26)   vdiff=  5.1073E-05 ( 59, 21)
n=  6011   udiff=  3.1210E-05 ( 55, 26)   vdiff=  5.1125E-05 ( 59, 21)
n=  6012   udiff=  3.1126E-05 ( 55, 26)   vdiff=  5.1013E-05 ( 59, 21)
n=  6013   udiff=  3.1024E-05 ( 55, 26)   vdiff=  5.0682E-05 ( 59, 21)
n=  6014   udiff=  3.0927E-05 ( 55, 26)   vdiff=  5.0506E-05 ( 59, 21)
n=  6015   udiff=  3.0822E-05 ( 55, 26)   vdiff=  5.0504E-05 ( 59, 21)
n=  6016   udiff=  3.0745E-05 ( 55, 26)   vdiff=  5.0337E-05 ( 59, 21)
n=  6017   udiff=  3.0640E-05 ( 55, 26)   vdiff=  5.0058E-05 ( 59, 21)
n=  6018   udiff=  3.0557E-05 ( 55, 26)   vdiff=  5.0115E-05 ( 59, 21)
n=  6019   udiff=  3.0436E-05 ( 55, 26)   vdiff=  4.9934E-05 ( 59, 21)
n=  6020   udiff=  3.0366E-05 ( 55, 26)   vdiff=  4.9762E-05 ( 59, 21)
n=  6021   udiff=  3.0260E-05 ( 55, 26)   vdiff=  4.9793E-05 ( 59, 21)
n=  6022   udiff=  3.0185E-05 ( 55, 26)   vdiff=  4.9609E-05 ( 59, 21)
n=  6023   udiff=  3.0087E-05 ( 56, 26)   vdiff=  4.9432E-05 ( 59, 21)
n=  6024   udiff=  2.9975E-05 ( 56, 26)   vdiff=  4.9460E-05 ( 59, 21)
n=  6025   udiff=  2.9897E-05 ( 56, 26)   vdiff=  4.9165E-05 ( 59, 21)
n=  6026   udiff=  2.9817E-05 ( 56, 26)   vdiff=  4.8947E-05 ( 59, 21)
n=  6027   udiff=  2.9724E-05 ( 56, 26)   vdiff=  4.9006E-05 ( 59, 21)
n=  6028   udiff=  2.9637E-05 ( 56, 26)   vdiff=  4.8812E-05 ( 59, 21)
n=  6029   udiff=  2.9542E-05 ( 56, 26)   vdiff=  4.8628E-05 ( 59, 21)
n=  6030   udiff=  2.9460E-05 ( 56, 26)   vdiff=  4.8594E-05 ( 59, 21)
n=  6031   udiff=  2.9367E-05 ( 56, 26)   vdiff=  4.8394E-05 ( 59, 21)
n=  6032   udiff=  2.9298E-05 ( 56, 26)   vdiff=  4.8416E-05 ( 59, 21)
n=  6033   udiff=  2.9214E-05 ( 56, 26)   vdiff=  4.8233E-05 ( 59, 21)
n=  6034   udiff=  2.9099E-05 ( 56, 26)   vdiff=  4.7898E-05 ( 59, 21)
n=  6035   udiff=  2.9024E-05 ( 56, 26)   vdiff=  4.8060E-05 ( 59, 21)
n=  6036   udiff=  2.8964E-05 ( 56, 26)   vdiff=  4.7811E-05 ( 59, 21)
n=  6037   udiff=  2.8845E-05 ( 56, 26)   vdiff=  4.7791E-05 ( 59, 21)
n=  6038   udiff=  2.8755E-05 ( 56, 26)   vdiff=  4.7592E-05 ( 59, 21)
n=  6039   udiff=  2.8678E-05 ( 56, 26)   vdiff=  4.7352E-05 ( 59, 21)
n=  6040   udiff=  2.8598E-05 ( 56, 26)   vdiff=  4.7363E-05 ( 59, 21)
n=  6041   udiff=  2.8518E-05 ( 56, 26)   vdiff=  4.7231E-05 ( 59, 21)
n=  6042   udiff=  2.8422E-05 ( 56, 26)   vdiff=  4.7175E-05 ( 59, 21)
n=  6043   udiff=  2.8329E-05 ( 56, 26)   vdiff=  4.6910E-05 ( 59, 21)
n=  6044   udiff=  2.8252E-05 ( 56, 26)   vdiff=  4.6778E-05 ( 59, 21)
n=  6045   udiff=  2.8174E-05 ( 56, 26)   vdiff=  4.6780E-05 ( 59, 21)
n=  6046   udiff=  2.8103E-05 ( 56, 26)   vdiff=  4.6505E-05 ( 59, 21)
n=  6047   udiff=  2.8003E-05 ( 56, 26)   vdiff=  4.6590E-05 ( 59, 21)
n=  6048   udiff=  2.7897E-05 ( 56, 26)   vdiff=  4.6326E-05 ( 59, 21)
n=  6049   udiff=  2.7846E-05 ( 56, 26)   vdiff=  4.6232E-05 ( 59, 21)
n=  6050   udiff=  2.7773E-05 ( 56, 26)   vdiff=  4.6051E-05 ( 59, 21)
n=  6051   udiff=  2.7665E-05 ( 56, 26)   vdiff=  4.5825E-05 ( 59, 21)
n=  6052   udiff=  2.7566E-05 ( 56, 26)   vdiff=  4.5839E-05 ( 59, 21)
n=  6053   udiff=  2.7486E-05 ( 56, 26)   vdiff=  4.5611E-05 ( 59, 21)
n=  6054   udiff=  2.7418E-05 ( 56, 26)   vdiff=  4.5668E-05 ( 59, 21)
n=  6055   udiff=  2.7325E-05 ( 56, 26)   vdiff=  4.5339E-05 ( 59, 21)
n=  6056   udiff=  2.7262E-05 ( 56, 26)   vdiff=  4.5461E-05 ( 59, 21)
n=  6057   udiff=  2.7164E-05 ( 56, 26)   vdiff=  4.5122E-05 ( 59, 21)
n=  6058   udiff=  2.7097E-05 ( 56, 26)   vdiff=  4.5272E-05 ( 59, 21)
n=  6059   udiff=  2.6970E-05 ( 56, 26)   vdiff=  4.4893E-05 ( 59, 21)
n=  6060   udiff=  2.6916E-05 ( 56, 26)   vdiff=  4.4918E-05 ( 59, 21)
n=  6061   udiff=  2.6828E-05 ( 56, 26)   vdiff=  4.4577E-05 ( 59, 21)
n=  6062   udiff=  2.6743E-05 ( 56, 26)   vdiff=  4.4700E-05 ( 59, 21)
n=  6063   udiff=  2.6664E-05 ( 56, 26)   vdiff=  4.4459E-05 ( 59, 21)
n=  6064   udiff=  2.6583E-05 ( 56, 26)   vdiff=  4.4431E-05 ( 59, 21)
n=  6065   udiff=  2.6495E-05 ( 56, 26)   vdiff=  4.4186E-05 ( 59, 21)
n=  6066   udiff=  2.6423E-05 ( 56, 26)   vdiff=  4.4321E-05 ( 59, 21)
n=  6067   udiff=  2.6336E-05 ( 56, 26)   vdiff=  4.3923E-05 ( 59, 21)
n=  6068   udiff=  2.6253E-05 ( 56, 26)   vdiff=  4.3904E-05 ( 59, 21)
n=  6069   udiff=  2.6169E-05 ( 56, 26)   vdiff=  4.3700E-05 ( 59, 21)
n=  6070   udiff=  2.6075E-05 ( 56, 26)   vdiff=  4.3636E-05 ( 59, 21)
n=  6071   udiff=  2.6018E-05 ( 56, 26)   vdiff=  4.3489E-05 ( 59, 21)
n=  6072   udiff=  2.5927E-05 ( 56, 26)   vdiff=  4.3495E-05 ( 59, 21)
n=  6073   udiff=  2.5845E-05 ( 56, 26)   vdiff=  4.3414E-05 ( 59, 21)
n=  6074   udiff=  2.5768E-05 ( 56, 26)   vdiff=  4.3117E-05 ( 59, 21)
n=  6075   udiff=  2.5688E-05 ( 56, 26)   vdiff=  4.3117E-05 ( 59, 21)
n=  6076   udiff=  2.5621E-05 ( 56, 26)   vdiff=  4.2964E-05 ( 59, 21)
n=  6077   udiff=  2.5515E-05 ( 56, 26)   vdiff=  4.2977E-05 ( 59, 21)
n=  6078   udiff=  2.5436E-05 ( 56, 26)   vdiff=  4.2584E-05 ( 59, 21)
n=  6079   udiff=  2.5353E-05 ( 56, 26)   vdiff=  4.2579E-05 ( 59, 21)
n=  6080   udiff=  2.5288E-05 ( 56, 26)   vdiff=  4.2274E-05 ( 59, 21)
n=  6081   udiff=  2.5191E-05 ( 56, 26)   vdiff=  4.2407E-05 ( 59, 21)
n=  6082   udiff=  2.5137E-05 ( 56, 26)   vdiff=  4.2387E-05 ( 59, 21)
n=  6083   udiff=  2.5048E-05 ( 56, 26)   vdiff=  4.2079E-05 ( 59, 21)
n=  6084   udiff=  2.4961E-05 ( 56, 26)   vdiff=  4.2057E-05 ( 59, 21)
n=  6085   udiff=  2.4881E-05 ( 56, 26)   vdiff=  4.1782E-05 ( 59, 21)
n=  6086   udiff=  2.4793E-05 ( 56, 26)   vdiff=  4.1705E-05 ( 59, 21)
n=  6087   udiff=  2.4735E-05 ( 56, 26)   vdiff=  4.1832E-05 ( 59, 21)
n=  6088   udiff=  2.4630E-05 ( 56, 26)   vdiff=  4.1526E-05 ( 59, 21)
n=  6089   udiff=  2.4565E-05 ( 56, 26)   vdiff=  4.1485E-05 ( 59, 21)
n=  6090   udiff=  2.4492E-05 ( 56, 26)   vdiff=  4.1174E-05 ( 59, 21)
n=  6091   udiff=  2.4397E-05 ( 56, 26)   vdiff=  4.1234E-05 ( 59, 21)
n=  6092   udiff=  2.4361E-05 ( 56, 26)   vdiff=  4.1192E-05 ( 59, 21)
n=  6093   udiff=  2.4269E-05 ( 56, 26)   vdiff=  4.0910E-05 ( 59, 21)
n=  6094   udiff=  2.4173E-05 ( 56, 26)   vdiff=  4.0854E-05 ( 59, 21)
n=  6095   udiff=  2.4104E-05 ( 56, 26)   vdiff=  4.0656E-05 ( 59, 21)
n=  6096   udiff=  2.4014E-05 ( 56, 26)   vdiff=  4.0616E-05 ( 59, 21)
n=  6097   udiff=  2.3957E-05 ( 56, 26)   vdiff=  4.0624E-05 ( 59, 21)
n=  6098   udiff=  2.3867E-05 ( 56, 26)   vdiff=  4.0227E-05 ( 59, 21)
n=  6099   udiff=  2.3788E-05 ( 56, 26)   vdiff=  4.0308E-05 ( 59, 21)
n=  6100   udiff=  2.3707E-05 ( 56, 26)   vdiff=  4.0248E-05 ( 59, 21)
n=  6101   udiff=  2.3633E-05 ( 56, 26)   vdiff=  3.9878E-05 ( 59, 21)
n=  6102   udiff=  2.3560E-05 ( 56, 26)   vdiff=  3.9949E-05 ( 59, 21)
n=  6103   udiff=  2.3455E-05 ( 56, 26)   vdiff=  3.9896E-05 ( 59, 21)
n=  6104   udiff=  2.3406E-05 ( 56, 26)   vdiff=  3.9553E-05 ( 59, 21)
n=  6105   udiff=  2.3305E-05 ( 56, 26)   vdiff=  3.9631E-05 ( 59, 21)
n=  6106   udiff=  2.3251E-05 ( 56, 26)   vdiff=  3.9606E-05 ( 59, 21)
n=  6107   udiff=  2.3190E-05 ( 56, 26)   vdiff=  3.9322E-05 ( 59, 21)
n=  6108   udiff=  2.3076E-05 ( 56, 26)   vdiff=  3.9232E-05 ( 59, 21)
n=  6109   udiff=  2.3022E-05 ( 56, 26)   vdiff=  3.9118E-05 ( 59, 21)
n=  6110   udiff=  2.2956E-05 ( 56, 26)   vdiff=  3.8950E-05 ( 59, 21)
n=  6111   udiff=  2.2853E-05 ( 56, 26)   vdiff=  3.8868E-05 ( 59, 21)
n=  6112   udiff=  2.2810E-05 ( 56, 26)   vdiff=  3.8831E-05 ( 59, 21)
n=  6113   udiff=  2.2711E-05 ( 56, 26)   vdiff=  3.8541E-05 ( 59, 21)
n=  6114   udiff=  2.2648E-05 ( 56, 26)   vdiff=  3.8538E-05 ( 59, 21)
n=  6115   udiff=  2.2563E-05 ( 56, 26)   vdiff=  3.8445E-05 ( 59, 21)
n=  6116   udiff=  2.2492E-05 ( 56, 26)   vdiff=  3.8421E-05 ( 59, 21)
n=  6117   udiff=  2.2436E-05 ( 56, 26)   vdiff=  3.8149E-05 ( 59, 21)
n=  6118   udiff=  2.2361E-05 ( 56, 26)   vdiff=  3.8121E-05 ( 59, 21)
n=  6119   udiff=  2.2250E-05 ( 56, 26)   vdiff=  3.8087E-05 ( 59, 21)
n=  6120   udiff=  2.2197E-05 ( 56, 26)   vdiff=  3.7745E-05 ( 59, 21)
n=  6121   udiff=  2.2129E-05 ( 56, 26)   vdiff=  3.7766E-05 ( 59, 21)
n=  6122   udiff=  2.2047E-05 ( 56, 26)   vdiff=  3.7732E-05 ( 59, 21)
n=  6123   udiff=  2.1976E-05 ( 56, 26)   vdiff=  3.7719E-05 ( 59, 21)
n=  6124   udiff=  2.1883E-05 ( 56, 26)   vdiff=  3.7410E-05 ( 59, 21)
n=  6125   udiff=  2.1824E-05 ( 56, 26)   vdiff=  3.7330E-05 ( 59, 21)
n=  6126   udiff=  2.1738E-05 ( 56, 26)   vdiff=  3.7299E-05 ( 59, 21)
n=  6127   udiff=  2.1675E-05 ( 56, 26)   vdiff=  3.7225E-05 ( 59, 21)
n=  6128   udiff=  2.1594E-05 ( 56, 26)   vdiff=  3.6861E-05 ( 59, 21)
n=  6129   udiff=  2.1532E-05 ( 56, 26)   vdiff=  3.6856E-05 ( 59, 21)
n=  6130   udiff=  2.1451E-05 ( 56, 26)   vdiff=  3.6832E-05 ( 59, 21)
n=  6131   udiff=  2.1384E-05 ( 56, 26)   vdiff=  3.6824E-05 ( 59, 21)
n=  6132   udiff=  2.1317E-05 ( 56, 26)   vdiff=  3.6492E-05 ( 59, 21)
n=  6133   udiff=  2.1247E-05 ( 56, 26)   vdiff=  3.6467E-05 ( 59, 21)
n=  6134   udiff=  2.1162E-05 ( 56, 26)   vdiff=  3.6354E-05 ( 59, 21)
n=  6135   udiff=  2.1078E-05 ( 56, 26)   vdiff=  3.6357E-05 ( 59, 21)
n=  6136   udiff=  2.1019E-05 ( 56, 26)   vdiff=  3.6270E-05 ( 59, 21)
n=  6137   udiff=  2.0942E-05 ( 56, 26)   vdiff=  3.5883E-05 ( 59, 21)
n=  6138   udiff=  2.0883E-05 ( 56, 26)   vdiff=  3.5875E-05 ( 59, 21)
n=  6139   udiff=  2.0798E-05 ( 56, 26)   vdiff=  3.5771E-05 ( 59, 21)
n=  6140   udiff=  2.0739E-05 ( 56, 26)   vdiff=  3.5761E-05 ( 59, 21)
n=  6141   udiff=  2.0650E-05 ( 56, 26)   vdiff=  3.5390E-05 ( 59, 21)
n=  6142   udiff=  2.0607E-05 ( 56, 26)   vdiff=  3.5372E-05 ( 59, 21)
n=  6143   udiff=  2.0515E-05 ( 56, 26)   vdiff=  3.5353E-05 ( 59, 21)
n=  6144   udiff=  2.0462E-05 ( 56, 26)   vdiff=  3.5342E-05 ( 59, 21)
n=  6145   udiff=  2.0377E-05 ( 56, 26)   vdiff=  3.5215E-05 ( 59, 21)
n=  6146   udiff=  2.0311E-05 ( 56, 26)   vdiff=  3.5159E-05 ( 59, 21)
n=  6147   udiff=  2.0215E-05 ( 56, 26)   vdiff=  3.4819E-05 ( 59, 21)
n=  6148   udiff=  2.0171E-05 ( 56, 26)   vdiff=  3.4724E-05 ( 59, 21)
n=  6149   udiff=  2.0093E-05 ( 56, 26)   vdiff=  3.4796E-05 ( 59, 21)
n=  6150   udiff=  2.0003E-05 ( 56, 26)   vdiff=  3.4624E-05 ( 59, 21)
n=  6151   udiff=  1.9949E-05 ( 56, 26)   vdiff=  3.4696E-05 ( 59, 21)
n=  6152   udiff=  1.9865E-05 ( 56, 26)   vdiff=  3.4517E-05 ( 59, 21)
n=  6153   udiff=  1.9813E-05 ( 56, 26)   vdiff=  3.4150E-05 ( 59, 21)
n=  6154   udiff=  1.9759E-05 ( 56, 26)   vdiff=  3.4186E-05 ( 59, 21)
n=  6155   udiff=  1.9676E-05 ( 56, 26)   vdiff=  3.4087E-05 ( 59, 21)
n=  6156   udiff=  1.9596E-05 ( 56, 26)   vdiff=  3.3967E-05 ( 59, 21)
n=  6157   udiff=  1.9536E-05 ( 56, 26)   vdiff=  3.3954E-05 ( 59, 21)
n=  6158   udiff=  1.9453E-05 ( 56, 26)   vdiff=  3.3861E-05 ( 59, 21)
n=  6159   udiff=  1.9405E-05 ( 56, 26)   vdiff=  3.3815E-05 ( 59, 21)
n=  6160   udiff=  1.9335E-05 ( 56, 26)   vdiff=  3.3436E-05 ( 59, 21)
n=  6161   udiff=  1.9284E-05 ( 56, 26)   vdiff=  3.3469E-05 ( 59, 21)
n=  6162   udiff=  1.9184E-05 ( 56, 26)   vdiff=  3.3294E-05 ( 59, 21)
n=  6163   udiff=  1.9121E-05 ( 56, 26)   vdiff=  3.3298E-05 ( 59, 21)
n=  6164   udiff=  1.9034E-05 ( 56, 26)   vdiff=  3.3122E-05 ( 59, 21)
n=  6165   udiff=  1.8989E-05 ( 56, 26)   vdiff=  3.3190E-05 ( 59, 21)
n=  6166   udiff=  1.8931E-05 ( 56, 26)   vdiff=  3.2991E-05 ( 59, 21)
n=  6167   udiff=  1.8867E-05 ( 56, 26)   vdiff=  3.2931E-05 ( 59, 21)
n=  6168   udiff=  1.8805E-05 ( 56, 26)   vdiff=  3.2890E-05 ( 59, 21)
n=  6169   udiff=  1.8711E-05 ( 56, 26)   vdiff=  3.2552E-05 ( 59, 21)
n=  6170   udiff=  1.8639E-05 ( 56, 26)   vdiff=  3.2367E-05 ( 59, 21)
n=  6171   udiff=  1.8577E-05 ( 56, 26)   vdiff=  3.2432E-05 ( 59, 21)
n=  6172   udiff=  1.8526E-05 ( 56, 26)   vdiff=  3.2327E-05 ( 59, 21)
n=  6173   udiff=  1.8425E-05 ( 56, 26)   vdiff=  3.2335E-05 ( 59, 21)
n=  6174   udiff=  1.8375E-05 ( 56, 26)   vdiff=  3.2134E-05 ( 59, 21)
n=  6175   udiff=  1.8322E-05 ( 56, 26)   vdiff=  3.2061E-05 ( 59, 21)
n=  6176   udiff=  1.8238E-05 ( 56, 26)   vdiff=  3.1995E-05 ( 59, 21)
n=  6177   udiff=  1.8179E-05 ( 56, 26)   vdiff=  3.1955E-05 ( 59, 21)
n=  6178   udiff=  1.8123E-05 ( 56, 26)   vdiff=  3.1823E-05 ( 59, 21)
n=  6179   udiff=  1.8038E-05 ( 56, 26)   vdiff=  3.1787E-05 ( 59, 21)
n=  6180   udiff=  1.8000E-05 ( 56, 26)   vdiff=  3.1614E-05 ( 59, 21)
n=  6181   udiff=  1.7912E-05 ( 56, 26)   vdiff=  3.1279E-05 ( 59, 21)
n=  6182   udiff=  1.7846E-05 ( 56, 26)   vdiff=  3.1212E-05 ( 59, 21)
n=  6183   udiff=  1.7788E-05 ( 56, 26)   vdiff=  3.1166E-05 ( 59, 21)
n=  6184   udiff=  1.7718E-05 ( 56, 26)   vdiff=  3.1016E-05 ( 59, 21)
n=  6185   udiff=  1.7679E-05 ( 56, 26)   vdiff=  3.1007E-05 ( 59, 21)
n=  6186   udiff=  1.7575E-05 ( 56, 26)   vdiff=  3.0785E-05 ( 59, 21)
n=  6187   udiff=  1.7526E-05 ( 56, 26)   vdiff=  3.0736E-05 ( 59, 21)
n=  6188   udiff=  1.7479E-05 ( 56, 26)   vdiff=  3.0731E-05 ( 59, 21)
n=  6189   udiff=  1.7382E-05 ( 56, 26)   vdiff=  3.0588E-05 ( 59, 21)
n=  6190   udiff=  1.7343E-05 ( 56, 26)   vdiff=  3.0524E-05 ( 59, 21)
n=  6191   udiff=  1.7252E-05 ( 56, 26)   vdiff=  3.0381E-05 ( 59, 21)
n=  6192   udiff=  1.7185E-05 ( 56, 26)   vdiff=  3.0330E-05 ( 59, 21)
n=  6193   udiff=  1.7124E-05 ( 56, 26)   vdiff=  3.0181E-05 ( 59, 21)
n=  6194   udiff=  1.7092E-05 ( 56, 26)   vdiff=  3.0148E-05 ( 59, 21)
n=  6195   udiff=  1.7008E-05 ( 56, 26)   vdiff=  3.0106E-05 ( 59, 21)
n=  6196   udiff=  1.6940E-05 ( 56, 26)   vdiff=  2.9975E-05 ( 59, 21)
n=  6197   udiff=  1.6883E-05 ( 56, 26)   vdiff=  2.9757E-05 ( 59, 21)
n=  6198   udiff=  1.6804E-05 ( 56, 26)   vdiff=  2.9732E-05 ( 59, 21)
n=  6199   udiff=  1.6739E-05 ( 56, 26)   vdiff=  2.9711E-05 ( 59, 21)
n=  6200   udiff=  1.6688E-05 ( 56, 26)   vdiff=  2.9614E-05 ( 59, 21)
n=  6201   udiff=  1.6631E-05 ( 56, 26)   vdiff=  2.9407E-05 ( 59, 21)
n=  6202   udiff=  1.6570E-05 ( 56, 26)   vdiff=  2.9351E-05 ( 59, 21)
n=  6203   udiff=  1.6519E-05 ( 56, 26)   vdiff=  2.9299E-05 ( 59, 21)
n=  6204   udiff=  1.6430E-05 ( 56, 26)   vdiff=  2.9231E-05 ( 59, 21)
n=  6205   udiff=  1.6375E-05 ( 56, 26)   vdiff=  2.9140E-05 ( 59, 21)
n=  6206   udiff=  1.6306E-05 ( 56, 26)   vdiff=  2.8981E-05 ( 59, 21)
n=  6207   udiff=  1.6259E-05 ( 56, 26)   vdiff=  2.8943E-05 ( 59, 21)
n=  6208   udiff=  1.6189E-05 ( 56, 26)   vdiff=  2.8780E-05 ( 59, 21)
n=  6209   udiff=  1.6139E-05 ( 56, 26)   vdiff=  2.8724E-05 ( 59, 21)
n=  6210   udiff=  1.6062E-05 ( 56, 26)   vdiff=  2.8413E-05 ( 59, 21)
n=  6211   udiff=  1.5991E-05 ( 56, 26)   vdiff=  2.8352E-05 ( 59, 21)
n=  6212   udiff=  1.5938E-05 ( 56, 26)   vdiff=  2.8389E-05 ( 59, 21)
n=  6213   udiff=  1.5895E-05 ( 56, 26)   vdiff=  2.8233E-05 ( 59, 21)
n=  6214   udiff=  1.5836E-05 ( 56, 26)   vdiff=  2.8126E-05 ( 59, 21)
n=  6215   udiff=  1.5750E-05 ( 56, 26)   vdiff=  2.7997E-05 ( 59, 21)
n=  6216   udiff=  1.5692E-05 ( 56, 26)   vdiff=  2.8300E-05 ( 59, 21)
n=  6217   udiff=  1.5617E-05 ( 56, 26)   vdiff=  2.8075E-05 ( 59, 21)
n=  6218   udiff=  1.5561E-05 ( 56, 26)   vdiff=  2.7952E-05 ( 59, 21)
n=  6219   udiff=  1.5511E-05 ( 56, 26)   vdiff=  2.7846E-05 ( 59, 21)
n=  6220   udiff=  1.5438E-05 ( 56, 26)   vdiff=  2.7711E-05 ( 59, 21)
n=  6221   udiff=  1.5386E-05 ( 56, 26)   vdiff=  2.7556E-05 ( 59, 21)
n=  6222   udiff=  1.5335E-05 ( 56, 26)   vdiff=  2.7536E-05 ( 59, 21)
n=  6223   udiff=  1.5278E-05 ( 56, 26)   vdiff=  2.7362E-05 ( 59, 21)
n=  6224   udiff=  1.5199E-05 ( 56, 26)   vdiff=  2.7251E-05 ( 59, 21)
n=  6225   udiff=  1.5128E-05 ( 56, 26)   vdiff=  2.7098E-05 ( 59, 21)
n=  6226   udiff=  1.5101E-05 ( 56, 26)   vdiff=  2.7042E-05 ( 59, 21)
n=  6227   udiff=  1.5034E-05 ( 56, 26)   vdiff=  2.6957E-05 ( 59, 21)
n=  6228   udiff=  1.4977E-05 ( 56, 26)   vdiff=  2.6860E-05 ( 59, 21)
n=  6229   udiff=  1.4898E-05 ( 56, 26)   vdiff=  2.6930E-05 ( 59, 21)
n=  6230   udiff=  1.4856E-05 ( 56, 26)   vdiff=  2.6881E-05 ( 59, 21)
n=  6231   udiff=  1.4804E-05 ( 56, 26)   vdiff=  2.6689E-05 ( 59, 21)
n=  6232   udiff=  1.4749E-05 ( 56, 26)   vdiff=  2.6570E-05 ( 59, 21)
n=  6233   udiff=  1.4672E-05 ( 56, 26)   vdiff=  2.6481E-05 ( 59, 21)
n=  6234   udiff=  1.4623E-05 ( 56, 26)   vdiff=  2.6361E-05 ( 59, 21)
n=  6235   udiff=  1.4580E-05 ( 56, 26)   vdiff=  2.6204E-05 ( 59, 21)
n=  6236   udiff=  1.4519E-05 ( 56, 26)   vdiff=  2.6210E-05 ( 59, 21)
n=  6237   udiff=  1.4444E-05 ( 56, 26)   vdiff=  2.6006E-05 ( 59, 21)
n=  6238   udiff=  1.4390E-05 ( 56, 26)   vdiff=  2.6127E-05 ( 59, 21)
n=  6239   udiff=  1.4332E-05 ( 56, 26)   vdiff=  2.6014E-05 ( 59, 21)
n=  6240   udiff=  1.4279E-05 ( 56, 26)   vdiff=  2.5896E-05 ( 59, 21)
n=  6241   udiff=  1.4218E-05 ( 87, 13)   vdiff=  2.5778E-05 ( 59, 21)
n=  6242   udiff=  1.4206E-05 ( 87, 13)   vdiff=  2.5676E-05 ( 59, 21)
n=  6243   udiff=  1.4178E-05 ( 89, 13)   vdiff=  2.5564E-05 ( 59, 21)
n=  6244   udiff=  1.4157E-05 ( 88, 13)   vdiff=  2.5333E-05 ( 59, 21)
n=  6245   udiff=  1.4138E-05 ( 89, 13)   vdiff=  2.5553E-05 ( 59, 21)
n=  6246   udiff=  1.4127E-05 ( 89, 13)   vdiff=  2.5444E-05 ( 59, 21)
n=  6247   udiff=  1.4112E-05 ( 89, 13)   vdiff=  2.5265E-05 ( 59, 21)
n=  6248   udiff=  1.4087E-05 ( 89, 13)   vdiff=  2.5133E-05 ( 59, 21)
n=  6249   udiff=  1.4063E-05 ( 88, 13)   vdiff=  2.4984E-05 ( 59, 21)
n=  6250   udiff=  1.4059E-05 ( 89, 13)   vdiff=  2.4889E-05 ( 59, 21)
n=  6251   udiff=  1.4029E-05 ( 89, 13)   vdiff=  2.4751E-05 ( 59, 21)
n=  6252   udiff=  1.4013E-05 ( 88, 13)   vdiff=  2.4846E-05 ( 59, 21)
n=  6253   udiff=  1.3971E-05 ( 89, 13)   vdiff=  2.4770E-05 ( 59, 21)
n=  6254   udiff=  1.3959E-05 ( 89, 13)   vdiff=  2.4604E-05 ( 59, 21)
n=  6255   udiff=  1.3906E-05 ( 90, 13)   vdiff=  2.4412E-05 ( 59, 21)
n=  6256   udiff=  1.3895E-05 ( 90, 13)   vdiff=  2.4282E-05 ( 59, 21)
n=  6257   udiff=  1.3847E-05 ( 89, 13)   vdiff=  2.4240E-05 ( 59, 21)
n=  6258   udiff=  1.3836E-05 ( 89, 13)   vdiff=  2.4350E-05 ( 59, 21)
n=  6259   udiff=  1.3822E-05 ( 89, 13)   vdiff=  2.4199E-05 ( 59, 21)
n=  6260   udiff=  1.3811E-05 ( 89, 13)   vdiff=  2.3996E-05 ( 59, 21)
n=  6261   udiff=  1.3795E-05 ( 90, 13)   vdiff=  2.3891E-05 ( 59, 21)
n=  6262   udiff=  1.3773E-05 ( 90, 13)   vdiff=  2.3885E-05 ( 59, 21)
n=  6263   udiff=  1.3755E-05 ( 89, 13)   vdiff=  2.3845E-05 ( 59, 21)
n=  6264   udiff=  1.3743E-05 ( 89, 13)   vdiff=  2.3726E-05 ( 59, 21)
n=  6265   udiff=  1.3752E-05 ( 90, 13)   vdiff=  2.3577E-05 ( 59, 21)
n=  6266   udiff=  1.3728E-05 ( 90, 13)   vdiff=  2.3628E-05 ( 59, 21)
n=  6267   udiff=  1.3678E-05 ( 89, 13)   vdiff=  2.3453E-05 ( 59, 21)
n=  6268   udiff=  1.3643E-05 ( 89, 13)   vdiff=  2.3502E-05 ( 59, 21)
n=  6269   udiff=  1.3652E-05 ( 89, 13)   vdiff=  2.3435E-05 ( 59, 21)
n=  6270   udiff=  1.3604E-05 ( 89, 13)   vdiff=  2.3128E-05 ( 59, 21)
n=  6271   udiff=  1.3543E-05 ( 91, 13)   vdiff=  2.3031E-05 ( 59, 21)
n=  6272   udiff=  1.3549E-05 ( 90, 13)   vdiff=  2.3150E-05 ( 59, 21)
n=  6273   udiff=  1.3533E-05 ( 90, 13)   vdiff=  2.3023E-05 ( 59, 21)
n=  6274   udiff=  1.3516E-05 ( 90, 13)   vdiff=  2.2889E-05 ( 59, 21)
n=  6275   udiff=  1.3490E-05 ( 90, 13)   vdiff=  2.2680E-05 ( 59, 21)
n=  6276   udiff=  1.3443E-05 ( 89, 13)   vdiff=  2.2624E-05 ( 59, 21)
n=  6277   udiff=  1.3435E-05 ( 89, 13)   vdiff=  2.2706E-05 ( 59, 21)
n=  6278   udiff=  1.3422E-05 ( 89, 13)   vdiff=  2.2628E-05 ( 59, 21)
n=  6279   udiff=  1.3427E-05 ( 90, 13)   vdiff=  2.2441E-05 ( 59, 21)
n=  6280   udiff=  1.3399E-05 ( 90, 13)   vdiff=  2.2231E-05 ( 59, 21)
n=  6281   udiff=  1.3387E-05 ( 90, 13)   vdiff=  2.2388E-05 ( 59, 21)
n=  6282   udiff=  1.3370E-05 ( 90, 13)   vdiff=  2.2290E-05 ( 59, 21)
n=  6283   udiff=  1.3346E-05 ( 90, 13)   vdiff=  2.2133E-05 ( 59, 21)
n=  6284   udiff=  1.3276E-05 ( 91, 13)   vdiff=  2.1888E-05 ( 59, 21)
n=  6285   udiff=  1.3259E-05 ( 91, 13)   vdiff=  2.2088E-05 ( 59, 21)
n=  6286   udiff=  1.3245E-05 ( 91, 13)   vdiff=  2.1991E-05 ( 59, 21)
n=  6287   udiff=  1.3228E-05 ( 91, 13)   vdiff=  2.1749E-05 ( 59, 21)
n=  6288   udiff=  1.3210E-05 ( 91, 13)   vdiff=  2.1608E-05 ( 59, 21)
n=  6289   udiff=  1.3188E-05 ( 91, 13)   vdiff=  2.1726E-05 ( 59, 21)
n=  6290   udiff=  1.3179E-05 ( 91, 13)   vdiff=  2.1618E-05 ( 59, 21)
n=  6291   udiff=  1.3153E-05 ( 91, 13)   vdiff=  2.1434E-05 ( 59, 21)
n=  6292   udiff=  1.3146E-05 ( 90, 13)   vdiff=  2.1533E-05 ( 59, 21)
n=  6293   udiff=  1.3121E-05 ( 91, 13)   vdiff=  2.1410E-05 ( 59, 21)
n=  6294   udiff=  1.3094E-05 ( 90, 13)   vdiff=  2.1223E-05 ( 59, 21)
n=  6295   udiff=  1.3075E-05 ( 91, 13)   vdiff=  2.1015E-05 ( 59, 21)
n=  6296   udiff=  1.3026E-05 ( 90, 13)   vdiff=  2.1200E-05 ( 59, 21)
n=  6297   udiff=  1.3018E-05 ( 90, 13)   vdiff=  2.1078E-05 ( 59, 21)
n=  6298   udiff=  1.2991E-05 ( 90, 13)   vdiff=  2.0814E-05 ( 59, 21)
n=  6299   udiff=  1.2995E-05 ( 90, 13)   vdiff=  2.1083E-05 ( 59, 21)
n=  6300   udiff=  1.2980E-05 ( 90, 13)   vdiff=  2.0806E-05 ( 59, 21)
n=  6301   udiff=  1.2966E-05 ( 90, 13)   vdiff=  2.0632E-05 ( 59, 21)
n=  6302   udiff=  1.2946E-05 ( 90, 13)   vdiff=  2.0782E-05 ( 59, 21)
n=  6303   udiff=  1.2885E-05 ( 92, 13)   vdiff=  2.0699E-05 ( 59, 21)
n=  6304   udiff=  1.2881E-05 ( 91, 13)   vdiff=  2.0380E-05 ( 59, 21)
n=  6305   udiff=  1.2856E-05 ( 92, 13)   vdiff=  2.0297E-05 ( 59, 21)
n=  6306   udiff=  1.2843E-05 ( 92, 13)   vdiff=  2.0322E-05 ( 59, 21)
n=  6307   udiff=  1.2827E-05 ( 92, 13)   vdiff=  2.0253E-05 ( 59, 21)
n=  6308   udiff=  1.2806E-05 ( 91, 13)   vdiff=  2.0118E-05 ( 59, 21)
n=  6309   udiff=  1.2795E-05 ( 91, 13)   vdiff=  2.0213E-05 ( 59, 21)
n=  6310   udiff=  1.2753E-05 ( 92, 13)   vdiff=  2.0004E-05 ( 59, 21)
n=  6311   udiff=  1.2762E-05 ( 92, 13)   vdiff=  1.9923E-05 ( 59, 21)
n=  6312   udiff=  1.2744E-05 ( 92, 13)   vdiff=  1.9914E-05 ( 59, 21)
n=  6313   udiff=  1.2729E-05 ( 92, 13)   vdiff=  1.9805E-05 ( 59, 21)
n=  6314   udiff=  1.2713E-05 ( 92, 13)   vdiff=  1.9603E-05 ( 59, 21)
n=  6315   udiff=  1.2695E-05 ( 92, 13)   vdiff=  1.9686E-05 ( 59, 21)
n=  6316   udiff=  1.2618E-05 ( 93, 13)   vdiff=  1.9508E-05 ( 59, 21)
n=  6317   udiff=  1.2591E-05 ( 93, 13)   vdiff=  1.9471E-05 ( 59, 21)
n=  6318   udiff=  1.2560E-05 ( 90, 13)   vdiff=  1.9437E-05 ( 59, 21)
n=  6319   udiff=  1.2563E-05 ( 91, 13)   vdiff=  1.9215E-05 ( 59, 21)
n=  6320   udiff=  1.2532E-05 ( 90, 13)   vdiff=  1.9077E-05 ( 59, 21)
n=  6321   udiff=  1.2506E-05 ( 92, 13)   vdiff=  1.9168E-05 ( 59, 21)
n=  6322   udiff=  1.2486E-05 ( 92, 13)   vdiff=  1.9101E-05 ( 59, 21)
n=  6323   udiff=  1.2471E-05 ( 92, 13)   vdiff=  1.9121E-05 ( 59, 21)
n=  6324   udiff=  1.2452E-05 ( 92, 13)   vdiff=  1.8876E-05 ( 59, 21)
n=  6325   udiff=  1.2443E-05 ( 92, 13)   vdiff=  1.8787E-05 ( 59, 21)
n=  6326   udiff=  1.2449E-05 ( 92, 13)   vdiff=  1.8858E-05 ( 59, 21)
n=  6327   udiff=  1.2428E-05 ( 92, 13)   vdiff=  1.8695E-05 ( 59, 21)
n=  6328   udiff=  1.2395E-05 ( 92, 13)   vdiff=  1.8546E-05 ( 59, 21)
n=  6329   udiff=  1.2383E-05 ( 92, 13)   vdiff=  1.8543E-05 ( 59, 21)
n=  6330   udiff=  1.2367E-05 ( 92, 13)   vdiff=  1.8502E-05 ( 59, 21)
n=  6331   udiff=  1.2352E-05 ( 92, 13)   vdiff=  1.8528E-05 ( 59, 21)
n=  6332   udiff=  1.2335E-05 ( 93, 13)   vdiff=  1.8411E-05 ( 59, 21)
n=  6333   udiff=  1.2335E-05 ( 92, 13)   vdiff=  1.8236E-05 ( 59, 21)
n=  6334   udiff=  1.2326E-05 ( 93, 13)   vdiff=  1.8180E-05 ( 59, 21)
n=  6335   udiff=  1.2317E-05 ( 93, 13)   vdiff=  1.8087E-05 ( 59, 21)
n=  6336   udiff=  1.2295E-05 ( 93, 13)   vdiff=  1.7890E-05 ( 59, 21)
n=  6337   udiff=  1.2277E-05 ( 94, 13)   vdiff=  1.8134E-05 ( 59, 21)
n=  6338   udiff=  1.2234E-05 ( 92, 13)   vdiff=  1.7829E-05 ( 59, 21)
n=  6339   udiff=  1.2215E-05 ( 93, 13)   vdiff=  1.7908E-05 ( 59, 21)
n=  6340   udiff=  1.2178E-05 ( 93, 13)   vdiff=  1.7715E-05 ( 59, 21)
n=  6341   udiff=  1.2176E-05 ( 93, 13)   vdiff=  1.7611E-05 ( 59, 21)
n=  6342   udiff=  1.2157E-05 ( 93, 13)   vdiff=  1.7694E-05 ( 59, 21)
n=  6343   udiff=  1.2100E-05 ( 95, 13)   vdiff=  1.7458E-05 ( 59, 21)
n=  6344   udiff=  1.2072E-05 ( 94, 13)   vdiff=  1.7592E-05 ( 59, 21)
n=  6345   udiff=  1.2054E-05 ( 95, 13)   vdiff=  1.7354E-05 ( 59, 21)
n=  6346   udiff=  1.2040E-05 ( 94, 13)   vdiff=  1.7249E-05 ( 59, 21)
n=  6347   udiff=  1.2029E-05 ( 94, 13)   vdiff=  1.7225E-05 ( 59, 21)
n=  6348   udiff=  1.2015E-05 ( 94, 13)   vdiff=  1.7056E-05 ( 59, 21)
n=  6349   udiff=  1.1990E-05 ( 93, 13)   vdiff=  1.7213E-05 ( 59, 21)
n=  6350   udiff=  1.1969E-05 ( 93, 13)   vdiff=  1.6929E-05 ( 59, 21)
n=  6351   udiff=  1.1954E-05 ( 93, 13)   vdiff=  1.7082E-05 ( 59, 21)
n=  6352   udiff=  1.1943E-05 ( 94, 13)   vdiff=  1.6931E-05 ( 59, 21)
n=  6353   udiff=  1.1929E-05 ( 93, 13)   vdiff=  1.6774E-05 ( 59, 21)
n=  6354   udiff=  1.1930E-05 ( 94, 13)   vdiff=  1.6854E-05 ( 59, 21)
n=  6355   udiff=  1.1914E-05 ( 94, 13)   vdiff=  1.6558E-05 ( 59, 21)
n=  6356   udiff=  1.1900E-05 ( 94, 13)   vdiff=  1.6712E-05 ( 59, 21)
n=  6357   udiff=  1.1888E-05 ( 93, 13)   vdiff=  1.6501E-05 ( 59, 21)
n=  6358   udiff=  1.1870E-05 ( 94, 13)   vdiff=  1.6637E-05 ( 59, 21)
n=  6359   udiff=  1.1838E-05 ( 94, 13)   vdiff=  1.6330E-05 ( 59, 21)
n=  6360   udiff=  1.1827E-05 ( 94, 13)   vdiff=  1.6446E-05 ( 59, 21)
n=  6361   udiff=  1.1806E-05 ( 95, 13)   vdiff=  1.6239E-05 ( 59, 21)
n=  6362   udiff=  1.1814E-05 ( 94, 13)   vdiff=  1.6048E-05 ( 59, 21)
n=  6363   udiff=  1.1793E-05 ( 94, 13)   vdiff=  1.6180E-05 ( 59, 21)
n=  6364   udiff=  1.1778E-05 ( 94, 13)   vdiff=  1.6012E-05 ( 59, 21)
n=  6365   udiff=  1.1764E-05 ( 94, 13)   vdiff=  1.6021E-05 ( 59, 21)
n=  6366   udiff=  1.1741E-05 ( 94, 13)   vdiff=  1.5859E-05 ( 59, 21)
n=  6367   udiff=  1.1709E-05 ( 95, 13)   vdiff=  1.5926E-05 ( 59, 21)
n=  6368   udiff=  1.1694E-05 ( 95, 13)   vdiff=  1.5764E-05 ( 59, 21)
n=  6369   udiff=  1.1665E-05 ( 95, 13)   vdiff=  1.5815E-05 ( 59, 21)
n=  6370   udiff=  1.1652E-05 ( 95, 13)   vdiff=  1.5601E-05 ( 59, 21)
n=  6371   udiff=  1.1638E-05 ( 95, 13)   vdiff=  1.5784E-05 ( 59, 21)
n=  6372   udiff=  1.1622E-05 ( 95, 13)   vdiff=  1.5418E-05 ( 59, 21)
n=  6373   udiff=  1.1605E-05 ( 95, 13)   vdiff=  1.5478E-05 ( 59, 21)
n=  6374   udiff=  1.1586E-05 ( 96, 13)   vdiff=  1.5367E-05 ( 59, 21)
n=  6375   udiff=  1.1596E-05 ( 95, 13)   vdiff=  1.5395E-05 ( 59, 21)
n=  6376   udiff=  1.1569E-05 ( 96, 13)   vdiff=  1.5189E-05 ( 59, 21)
n=  6377   udiff=  1.1522E-05 ( 95, 13)   vdiff=  1.5314E-05 ( 59, 21)
n=  6378   udiff=  1.1461E-05 ( 94, 13)   vdiff=  1.5048E-05 ( 59, 21)
n=  6379   udiff=  1.1470E-05 ( 94, 13)   vdiff=  1.5140E-05 ( 59, 21)
n=  6380   udiff=  1.1458E-05 ( 94, 13)   vdiff=  1.5024E-05 ( 59, 21)
n=  6381   udiff=  1.1419E-05 ( 94, 13)   vdiff=  1.5019E-05 ( 59, 21)
n=  6382   udiff=  1.1397E-05 ( 94, 13)   vdiff=  1.4811E-05 ( 59, 21)
n=  6383   udiff=  1.1397E-05 ( 96, 13)   vdiff=  1.4967E-05 ( 59, 21)
n=  6384   udiff=  1.1392E-05 ( 95, 13)   vdiff=  1.4689E-05 ( 59, 21)
n=  6385   udiff=  1.1372E-05 ( 95, 13)   vdiff=  1.4861E-05 ( 59, 21)
n=  6386   udiff=  1.1361E-05 ( 95, 13)   vdiff=  1.4474E-05 ( 59, 21)
n=  6387   udiff=  1.1351E-05 ( 94, 13)   vdiff=  1.4605E-05 ( 59, 21)
n=  6388   udiff=  1.1328E-05 ( 94, 13)   vdiff=  1.4568E-05 ( 59, 21)
n=  6389   udiff=  1.1311E-05 ( 94, 13)   vdiff=  1.4537E-05 ( 59, 21)
n=  6390   udiff=  1.1295E-05 ( 94, 13)   vdiff=  1.4360E-05 ( 59, 21)
n=  6391   udiff=  1.1284E-05 ( 94, 13)   vdiff=  1.4396E-05 ( 59, 21)
n=  6392   udiff=  1.1281E-05 ( 95, 13)   vdiff=  1.4165E-05 ( 59, 21)
n=  6393   udiff=  1.1267E-05 ( 95, 13)   vdiff=  1.4240E-05 ( 59, 21)
n=  6394   udiff=  1.1257E-05 ( 95, 13)   vdiff=  1.4201E-05 ( 59, 21)
n=  6395   udiff=  1.1230E-05 ( 95, 13)   vdiff=  1.4100E-05 ( 59, 21)
n=  6396   udiff=  1.1225E-05 ( 95, 13)   vdiff=  1.3886E-05 ( 59, 21)
n=  6397   udiff=  1.1204E-05 ( 97, 13)   vdiff=  1.3955E-05 ( 59, 21)
n=  6398   udiff=  1.1181E-05 ( 96, 13)   vdiff=  1.3753E-05 ( 59, 21)
n=  6399   udiff=  1.1164E-05 ( 96, 13)   vdiff=  1.3801E-05 ( 59, 21)
n=  6400   udiff=  1.1145E-05 ( 96, 13)   vdiff=  1.3590E-05 ( 59, 21)
n=  6401   udiff=  1.1150E-05 ( 96, 13)   vdiff=  1.3715E-05 ( 59, 21)
n=  6402   udiff=  1.1114E-05 ( 96, 13)   vdiff=  1.3460E-05 ( 59, 21)
n=  6403   udiff=  1.1102E-05 ( 96, 13)   vdiff=  1.3562E-05 ( 59, 21)
n=  6404   udiff=  1.1101E-05 ( 97, 13)   vdiff=  1.3667E-05 ( 59, 21)
n=  6405   udiff=  1.1084E-05 ( 96, 13)   vdiff=  1.3387E-05 ( 59, 21)
n=  6406   udiff=  1.1060E-05 ( 97, 13)   vdiff=  1.3415E-05 ( 59, 21)
n=  6407   udiff=  1.1049E-05 ( 97, 13)   vdiff=  1.3264E-05 ( 59, 21)
n=  6408   udiff=  1.1036E-05 ( 96, 13)   vdiff=  1.3284E-05 ( 59, 21)
n=  6409   udiff=  1.1027E-05 ( 97, 13)   vdiff=  1.3032E-05 ( 59, 21)
n=  6410   udiff=  1.1027E-05 ( 96, 13)   vdiff=  1.3153E-05 ( 59, 21)
n=  6411   udiff=  1.0985E-05 ( 96, 13)   vdiff=  1.2942E-05 ( 59, 21)
n=  6412   udiff=  1.0950E-05 ( 96, 13)   vdiff=  1.2921E-05 ( 59, 21)
n=  6413   udiff=  1.0917E-05 ( 96, 13)   vdiff=  1.2969E-05 ( 59, 21)
n=  6414   udiff=  1.0885E-05 ( 98, 13)   vdiff=  1.2793E-05 ( 59, 21)
n=  6415   udiff=  1.0876E-05 ( 98, 13)   vdiff=  1.2858E-05 ( 59, 21)
n=  6416   udiff=  1.0844E-05 ( 98, 13)   vdiff=  1.2688E-05 ( 59, 21)
n=  6417   udiff=  1.0821E-05 ( 98, 13)   vdiff=  1.2805E-05 ( 59, 21)
n=  6418   udiff=  1.0806E-05 ( 98, 13)   vdiff=  1.2542E-05 ( 59, 21)
n=  6419   udiff=  1.0812E-05 ( 98, 13)   vdiff=  1.2545E-05 ( 59, 21)
n=  6420   udiff=  1.0801E-05 ( 98, 13)   vdiff=  1.2636E-05 ( 59, 21)
n=  6421   udiff=  1.0794E-05 ( 98, 13)   vdiff=  1.2398E-05 ( 59, 21)
n=  6422   udiff=  1.0781E-05 ( 98, 13)   vdiff=  1.2556E-05 ( 59, 21)
n=  6423   udiff=  1.0759E-05 ( 97, 13)   vdiff=  1.2210E-05 ( 59, 21)
n=  6424   udiff=  1.0748E-05 ( 97, 13)   vdiff=  1.2341E-05 ( 59, 21)
n=  6425   udiff=  1.0734E-05 ( 98, 13)   vdiff=  1.2004E-05 ( 59, 21)
n=  6426   udiff=  1.0723E-05 ( 98, 13)   vdiff=  1.2066E-05 ( 59, 21)
n=  6427   udiff=  1.0715E-05 ( 98, 13)   vdiff=  1.2214E-05 ( 59, 21)
n=  6428   udiff=  1.0678E-05 ( 98, 13)   vdiff=  1.1985E-05 ( 59, 21)
n=  6429   udiff=  1.0677E-05 ( 98, 13)   vdiff=  1.2076E-05 ( 59, 21)
n=  6430   udiff=  1.0662E-05 ( 98, 13)   vdiff=  1.1733E-05 ( 59, 21)
n=  6431   udiff=  1.0653E-05 ( 98, 13)   vdiff=  1.1927E-05 ( 59, 21)
n=  6432   udiff=  1.0641E-05 ( 97, 13)   vdiff=  1.1947E-05 ( 59, 21)
n=  6433   udiff=  1.0627E-05 ( 98, 13)   vdiff=  1.1727E-05 ( 59, 21)
n=  6434   udiff=  1.0609E-05 ( 98, 13)   vdiff=  1.1712E-05 ( 59, 21)
n=  6435   udiff=  1.0598E-05 ( 98, 13)   vdiff=  1.1541E-05 ( 59, 21)
n=  6436   udiff=  1.0589E-05 ( 98, 13)   vdiff=  1.1544E-05 ( 59, 21)
n=  6437   udiff=  1.0576E-05 ( 98, 13)   vdiff=  1.1659E-05 ( 59, 21)
n=  6438   udiff=  1.0578E-05 ( 98, 13)   vdiff=  1.1350E-05 ( 59, 21)
n=  6439   udiff=  1.0546E-05 ( 98, 13)   vdiff=  1.1503E-05 ( 59, 21)
n=  6440   udiff=  1.0526E-05 ( 98, 13)   vdiff=  1.1528E-05 ( 59, 21)
n=  6441   udiff=  1.0516E-05 ( 98, 13)   vdiff=  1.1173E-05 ( 59, 21)
n=  6442   udiff=  1.0501E-05 ( 98, 13)   vdiff=  1.1198E-05 ( 59, 21)
n=  6443   udiff=  1.0489E-05 ( 98, 13)   vdiff=  1.1068E-05 ( 59, 21)
n=  6444   udiff=  1.0481E-05 ( 98, 13)   vdiff=  1.1136E-05 ( 59, 21)
n=  6445   udiff=  1.0471E-05 ( 98, 13)   vdiff=  1.1198E-05 ( 59, 21)
n=  6446   udiff=  1.0428E-05 ( 99, 13)   vdiff=  1.0901E-05 ( 59, 21)
n=  6447   udiff=  1.0412E-05 ( 99, 13)   vdiff=  1.1062E-05 ( 59, 21)
n=  6448   udiff=  1.0414E-05 ( 99, 13)   vdiff=  1.1067E-05 ( 59, 21)
n=  6449   udiff=  1.0383E-05 ( 99, 13)   vdiff=  1.0804E-05 ( 59, 21)
n=  6450   udiff=  1.0367E-05 ( 99, 13)   vdiff=  1.0826E-05 ( 59, 21)
n=  6451   udiff=  1.0356E-05 ( 99, 13)   vdiff=  1.0798E-05 ( 59, 21)
n=  6452   udiff=  1.0344E-05 ( 99, 13)   vdiff=  1.0764E-05 ( 59, 21)
n=  6453   udiff=  1.0331E-05 ( 99, 13)   vdiff=  1.0805E-05 ( 59, 21)
n=  6454   udiff=  1.0307E-05 (100, 13)   vdiff=  1.0505E-05 ( 59, 21)
n=  6455   udiff=  1.0299E-05 (100, 13)   vdiff=  1.0526E-05 ( 59, 21)
n=  6456   udiff=  1.0285E-05 (100, 13)   vdiff=  1.0615E-05 ( 59, 21)
n=  6457   udiff=  1.0269E-05 (100, 13)   vdiff=  1.0341E-05 ( 59, 21)
n=  6458   udiff=  1.0257E-05 (100, 13)   vdiff=  1.0337E-05 ( 59, 21)
n=  6459   udiff=  1.0260E-05 ( 99, 13)   vdiff=  1.0385E-05 ( 59, 21)
n=  6460   udiff=  1.0234E-05 ( 99, 13)   vdiff=  1.0215E-05 ( 59, 21)
n=  6461   udiff=  1.0217E-05 (100, 13)   vdiff=  1.0196E-05 ( 59, 21)
n=  6462   udiff=  1.0205E-05 (100, 13)   vdiff=  1.0302E-05 ( 59, 21)
n=  6463   udiff=  1.0196E-05 (100, 13)   vdiff=  9.9755E-06 ( 59, 21)
n=  6464   udiff=  1.0148E-05 ( 99, 13)   vdiff=  1.0128E-05 ( 59, 21)
n=  6465   udiff=  1.0137E-05 ( 99, 13)   vdiff=  1.0214E-05 ( 59, 21)
n=  6466   udiff=  1.0092E-05 (101, 13)   vdiff=  9.8938E-06 ( 59, 21)
n=  6467   udiff=  1.0085E-05 (101, 13)   vdiff=  9.9266E-06 ( 59, 21)
n=  6468   udiff=  1.0071E-05 (101, 13)   vdiff=  1.0023E-05 ( 59, 21)
n=  6469   udiff=  1.0049E-05 ( 98, 13)   vdiff=  9.8130E-06 ( 59, 21)
n=  6470   udiff=  1.0032E-05 ( 98, 13)   vdiff=  9.7989E-06 ( 59, 21)
n=  6471   udiff=  1.0022E-05 (101, 13)   vdiff=  9.8887E-06 ( 59, 21)
n=  6472   udiff=  1.0025E-05 (101, 13)   vdiff=  9.5616E-06 ( 59, 21)
n=  6473   udiff=  1.0011E-05 (101, 13)   vdiff=  9.6031E-06 ( 59, 21)
n=  6474   udiff=  9.9999E-06 (101, 13)   vdiff=  9.6656E-06 ( 59, 21)
n=  6475   udiff=  9.9951E-06 (101, 13)   vdiff=  9.4492E-06 ( 59, 21)
n=  6476   udiff=  9.9570E-06 (101, 13)   vdiff=  9.3931E-06 ( 59, 21)
n=  6477   udiff=  9.9418E-06 (100, 13)   vdiff=  9.4286E-06 ( 59, 21)
n=  6478   udiff=  9.9245E-06 (101, 13)   vdiff=  9.2344E-06 ( 59, 21)
n=  6479   udiff=  9.9174E-06 (101, 13)   vdiff=  9.2171E-06 ( 59, 21)
n=  6480   udiff=  9.9081E-06 (102, 13)   vdiff=  9.3552E-06 ( 59, 21)
n=  6481   udiff=  9.8974E-06 (101, 13)   vdiff=  9.1082E-06 ( 59, 21)
n=  6482   udiff=  9.8919E-06 (100, 13)   vdiff=  9.1445E-06 ( 59, 21)
n=  6483   udiff=  9.8691E-06 ( 99, 13)   vdiff=  9.1118E-06 ( 59, 21)
n=  6484   udiff=  9.8707E-06 (101, 13)   vdiff=  8.9797E-06 ( 59, 20)
n=  6485   udiff=  9.8540E-06 (101, 13)   vdiff=  8.9551E-06 ( 59, 21)
n=  6486   udiff=  9.8433E-06 (101, 13)   vdiff=  8.9143E-06 ( 59, 21)
n=  6487   udiff=  9.8161E-06 (101, 13)   vdiff=  9.0355E-06 ( 59, 21)
n=  6488   udiff=  9.8020E-06 (100, 13)   vdiff=  8.7751E-06 ( 59, 21)
n=  6489   udiff=  9.7895E-06 (100, 13)   vdiff=  8.7444E-06 ( 59, 21)
n=  6490   udiff=  9.7716E-06 (101, 13)   vdiff=  8.9548E-06 ( 59, 21)
n=  6491   udiff=  9.7654E-06 (102, 13)   vdiff=  8.6649E-06 ( 59, 21)
n=  6492   udiff=  9.7543E-06 (102, 13)   vdiff=  8.6912E-06 ( 59, 21)
n=  6493   udiff=  9.7378E-06 (100, 13)   vdiff=  8.6263E-06 ( 59, 21)
n=  6494   udiff=  9.7241E-06 (100, 13)   vdiff=  8.4075E-06 ( 59, 21)
n=  6495   udiff=  9.7000E-06 ( 99, 13)   vdiff=  8.5139E-06 ( 59, 21)
n=  6496   udiff=  9.6793E-06 (100, 13)   vdiff=  8.4431E-06 ( 59, 21)
n=  6497   udiff=  9.6539E-06 (100, 13)   vdiff=  8.4478E-06 ( 59, 21)
n=  6498   udiff=  9.6404E-06 (100, 13)   vdiff=  8.3112E-06 ( 59, 20)
n=  6499   udiff=  9.6302E-06 (100, 13)   vdiff=  8.2440E-06 ( 59, 21)
n=  6500   udiff=  9.6241E-06 (100, 13)   vdiff=  8.3223E-06 ( 59, 21)
n=  6501   udiff=  9.6073E-06 (100, 13)   vdiff=  8.1462E-06 ( 59, 21)
n=  6502   udiff=  9.5950E-06 (100, 13)   vdiff=  8.1493E-06 ( 59, 21)
n=  6503   udiff=  9.5788E-06 (102, 13)   vdiff=  8.1428E-06 ( 59, 21)
n=  6504   udiff=  9.5762E-06 (100, 13)   vdiff=  8.1528E-06 ( 59, 21)
n=  6505   udiff=  9.5680E-06 (100, 13)   vdiff=  7.9062E-06 ( 59, 21)
n=  6506   udiff=  9.5506E-06 (100, 13)   vdiff=  7.9489E-06 ( 59, 20)
n=  6507   udiff=  9.5174E-06 (100, 13)   vdiff=  7.9784E-06 ( 59, 21)
n=  6508   udiff=  9.5067E-06 (100, 13)   vdiff=  8.0474E-06 ( 59, 21)
n=  6509   udiff=  9.4973E-06 (100, 13)   vdiff=  7.7699E-06 ( 59, 21)
n=  6510   udiff=  9.4710E-06 (101, 13)   vdiff=  7.7691E-06 ( 59, 21)
n=  6511   udiff=  9.4605E-06 (101, 13)   vdiff=  7.8399E-06 ( 59, 21)
n=  6512   udiff=  9.4464E-06 (100, 13)   vdiff=  7.8502E-06 ( 59, 21)
n=  6513   udiff=  9.4395E-06 (100, 13)   vdiff=  7.5944E-06 ( 59, 21)
n=  6514   udiff=  9.4276E-06 (100, 13)   vdiff=  7.7542E-06 ( 59, 21)
n=  6515   udiff=  9.4319E-06 (100, 13)   vdiff=  7.6962E-06 ( 59, 21)
n=  6516   udiff=  9.4166E-06 (100, 13)   vdiff=  7.6769E-06 ( 59, 21)
n=  6517   udiff=  9.3965E-06 (100, 13)   vdiff=  7.3779E-06 ( 59, 21)
n=  6518   udiff=  9.3866E-06 (101, 13)   vdiff=  7.3585E-06 ( 59, 21)
n=  6519   udiff=  9.3773E-06 (101, 13)   vdiff=  7.3279E-06 ( 59, 21)
n=  6520   udiff=  9.3629E-06 (101, 13)   vdiff=  7.4014E-06 ( 59, 21)
n=  6521   udiff=  9.3456E-06 (101, 13)   vdiff=  7.2585E-06 ( 59, 21)
n=  6522   udiff=  9.3285E-06 (101, 13)   vdiff=  7.2745E-06 ( 59, 20)
n=  6523   udiff=  9.3110E-06 (101, 13)   vdiff=  7.3039E-06 ( 59, 21)
n=  6524   udiff=  9.2993E-06 (101, 13)   vdiff=  7.2763E-06 ( 59, 21)
n=  6525   udiff=  9.2623E-06 (101, 13)   vdiff=  7.1147E-06 ( 59, 20)
n=  6526   udiff=  9.2573E-06 (101, 13)   vdiff=  7.0483E-06 ( 59, 21)
n=  6527   udiff=  9.2495E-06 (102, 13)   vdiff=  6.9910E-06 ( 59, 21)
n=  6528   udiff=  9.2427E-06 (102, 13)   vdiff=  7.0798E-06 ( 59, 21)
n=  6529   udiff=  9.2190E-06 (102, 13)   vdiff=  6.9097E-06 ( 59, 21)
n=  6530   udiff=  9.2250E-06 (101, 13)   vdiff=  6.9112E-06 ( 59, 21)
n=  6531   udiff=  9.1954E-06 (101, 13)   vdiff=  6.8314E-06 ( 59, 21)
n=  6532   udiff=  9.1844E-06 (102, 13)   vdiff=  6.9572E-06 ( 59, 21)
n=  6533   udiff=  9.1648E-06 (101, 13)   vdiff=  6.6854E-06 ( 59, 21)
n=  6534   udiff=  9.1390E-06 (101, 13)   vdiff=  6.7679E-06 ( 59, 20)
n=  6535   udiff=  9.1252E-06 (101, 13)   vdiff=  6.7446E-06 ( 59, 21)
n=  6536   udiff=  9.1101E-06 (101, 13)   vdiff=  6.7459E-06 ( 59, 21)
n=  6537   udiff=  9.0939E-06 (102, 13)   vdiff=  6.7451E-06 ( 59, 21)
n=  6538   udiff=  9.0853E-06 (102, 13)   vdiff=  6.5748E-06 ( 59, 21)
n=  6539   udiff=  9.0914E-06 (102, 13)   vdiff=  6.5712E-06 ( 59, 21)
n=  6540   udiff=  9.0819E-06 (102, 13)   vdiff=  6.4952E-06 ( 59, 21)
n=  6541   udiff=  9.0701E-06 (102, 13)   vdiff=  6.4721E-06 ( 59, 21)
n=  6542   udiff=  9.0464E-06 (102, 13)   vdiff=  6.2446E-06 (120,  9)
n=  6543   udiff=  9.0347E-06 (102, 13)   vdiff=  6.3289E-06 ( 59, 20)
n=  6544   udiff=  9.0226E-06 (102, 13)   vdiff=  6.3582E-06 ( 59, 20)
n=  6545   udiff=  9.0142E-06 (102, 13)   vdiff=  6.3468E-06 ( 59, 21)
n=  6546   udiff=  8.9828E-06 (103, 13)   vdiff=  6.3801E-06 ( 59, 21)
n=  6547   udiff=  8.9751E-06 (103, 13)   vdiff=  6.2606E-06 (120,  9)
n=  6548   udiff=  8.9616E-06 (103, 13)   vdiff=  6.2242E-06 (120,  9)
n=  6549   udiff=  8.9412E-06 (103, 13)   vdiff=  6.2899E-06 (120,  9)
n=  6550   udiff=  8.9055E-06 (102, 13)   vdiff=  6.3233E-06 (120,  9)
n=  6551   udiff=  8.8911E-06 (102, 13)   vdiff=  6.1825E-06 (120,  9)
n=  6552   udiff=  8.8991E-06 (102, 13)   vdiff=  6.2966E-06 (120,  9)
n=  6553   udiff=  8.8920E-06 (102, 13)   vdiff=  6.2482E-06 (120,  9)
n=  6554   udiff=  8.8801E-06 (102, 13)   vdiff=  6.1820E-06 (120,  9)
n=  6555   udiff=  8.8703E-06 (102, 13)   vdiff=  6.2214E-06 (120,  9)
n=  6556   udiff=  8.8439E-06 (102, 13)   vdiff=  6.0772E-06 (120,  9)
n=  6557   udiff=  8.8327E-06 (102, 13)   vdiff=  6.2055E-06 (120,  9)
n=  6558   udiff=  8.8211E-06 (102, 13)   vdiff=  6.0648E-06 (120,  9)
n=  6559   udiff=  8.7902E-06 (104, 13)   vdiff=  6.2280E-06 (120,  9)
n=  6560   udiff=  8.7801E-06 (102, 13)   vdiff=  6.1597E-06 (120,  9)
n=  6561   udiff=  8.7675E-06 (102, 13)   vdiff=  6.1954E-06 (120,  9)
n=  6562   udiff=  8.7559E-06 (102, 13)   vdiff=  6.3282E-06 (120,  9)
n=  6563   udiff=  8.7339E-06 (102, 13)   vdiff=  6.0823E-06 (120,  9)
n=  6564   udiff=  8.7241E-06 (102, 13)   vdiff=  6.2171E-06 (120,  9)
n=  6565   udiff=  8.7304E-06 (102, 13)   vdiff=  6.2875E-06 (120,  9)
n=  6566   udiff=  8.7182E-06 (102, 13)   vdiff=  6.1102E-06 (120,  9)
n=  6567   udiff=  8.7060E-06 (102, 13)   vdiff=  6.2413E-06 (120,  9)
n=  6568   udiff=  8.6964E-06 (102, 13)   vdiff=  6.1447E-06 (120,  9)
n=  6569   udiff=  8.6827E-06 (102, 13)   vdiff=  6.2916E-06 (120,  9)
n=  6570   udiff=  8.6588E-06 (102, 13)   vdiff=  6.1276E-06 (120,  9)
n=  6571   udiff=  8.6473E-06 (102, 13)   vdiff=  6.1771E-06 (120,  9)
n=  6572   udiff=  8.6271E-06 (104, 13)   vdiff=  6.2988E-06 (120,  9)
n=  6573   udiff=  8.6173E-06 (103, 13)   vdiff=  6.0602E-06 (120,  9)
n=  6574   udiff=  8.6019E-06 (104, 13)   vdiff=  6.1891E-06 (120,  9)
n=  6575   udiff=  8.5803E-06 (104, 13)   vdiff=  6.0630E-06 (120,  9)
n=  6576   udiff=  8.5675E-06 (103, 13)   vdiff=  6.0937E-06 (120,  9)
n=  6577   udiff=  8.5548E-06 (103, 13)   vdiff=  6.2249E-06 (120,  9)
n=  6578   udiff=  8.5389E-06 (103, 13)   vdiff=  6.0447E-06 (120,  9)
n=  6579   udiff=  8.5456E-06 (103, 13)   vdiff=  6.2015E-06 (120,  9)
n=  6580   udiff=  8.5152E-06 (103, 13)   vdiff=  6.1894E-06 (120,  9)
n=  6581   udiff=  8.5061E-06 (103, 13)   vdiff=  6.1463E-06 (120,  9)
n=  6582   udiff=  8.4907E-06 (103, 13)   vdiff=  6.2923E-06 (120,  9)
n=  6583   udiff=  8.4845E-06 (103, 13)   vdiff=  6.1226E-06 (120,  9)
n=  6584   udiff=  8.4715E-06 (103, 13)   vdiff=  6.1921E-06 (120,  9)
n=  6585   udiff=  8.4470E-06 (103, 13)   vdiff=  6.0971E-06 (120,  9)
n=  6586   udiff=  8.4524E-06 (104, 13)   vdiff=  6.1043E-06 (120,  9)
n=  6587   udiff=  8.4440E-06 (104, 13)   vdiff=  6.1832E-06 (120,  9)
n=  6588   udiff=  8.4336E-06 (104, 13)   vdiff=  6.2280E-06 (120,  9)
n=  6589   udiff=  8.4163E-06 (104, 13)   vdiff=  6.1886E-06 (120,  9)
n=  6590   udiff=  8.3823E-06 (103, 13)   vdiff=  6.1691E-06 (120,  9)
n=  6591   udiff=  8.3717E-06 (103, 13)   vdiff=  6.1144E-06 (120,  9)
n=  6592   udiff=  8.3549E-06 (105, 13)   vdiff=  6.0450E-06 (120,  9)
n=  6593   udiff=  8.3621E-06 (103, 13)   vdiff=  6.0861E-06 (120,  9)
n=  6594   udiff=  8.3322E-06 (104, 13)   vdiff=  6.1242E-06 (120,  9)
n=  6595   udiff=  8.3203E-06 (104, 13)   vdiff=  6.0718E-06 (120,  9)
n=  6596   udiff=  8.3111E-06 (104, 13)   vdiff=  6.1018E-06 (120,  9)
n=  6597   udiff=  8.2974E-06 (103, 13)   vdiff=  6.0105E-06 (120,  9)
n=  6598   udiff=  8.2893E-06 (103, 13)   vdiff=  6.0513E-06 (120,  9)
n=  6599   udiff=  8.2708E-06 (104, 13)   vdiff=  6.1142E-06 (120,  9)
n=  6600   udiff=  8.2746E-06 (104, 13)   vdiff=  6.1857E-06 (120,  9)
n=  6601   udiff=  8.2642E-06 (104, 13)   vdiff=  6.1716E-06 (120,  9)
n=  6602   udiff=  8.2545E-06 (104, 13)   vdiff=  6.0717E-06 (120,  9)
n=  6603   udiff=  8.2269E-06 (104, 13)   vdiff=  6.0721E-06 (120,  9)
n=  6604   udiff=  8.2080E-06 (104, 13)   vdiff=  5.8974E-06 (120,  9)
n=  6605   udiff=  8.1814E-06 (104, 13)   vdiff=  6.0657E-06 (120,  9)
n=  6606   udiff=  8.1780E-06 (105, 13)   vdiff=  6.1179E-06 (120,  9)
n=  6607   udiff=  8.1589E-06 (104, 13)   vdiff=  6.0784E-06 (120,  9)
n=  6608   udiff=  8.1490E-06 (104, 13)   vdiff=  6.1752E-06 (120,  9)
n=  6609   udiff=  8.1383E-06 (104, 13)   vdiff=  6.0995E-06 (120,  9)
n=  6610   udiff=  8.1261E-06 (104, 13)   vdiff=  6.1385E-06 (120,  9)
n=  6611   udiff=  8.1104E-06 (104, 13)   vdiff=  6.1559E-06 (120,  9)
n=  6612   udiff=  8.0890E-06 (104, 13)   vdiff=  6.0012E-06 (120,  9)
n=  6613   udiff=  8.0801E-06 (104, 13)   vdiff=  6.0422E-06 (120,  9)
n=  6614   udiff=  8.0866E-06 (104, 13)   vdiff=  5.9553E-06 (120,  9)
n=  6615   udiff=  8.0688E-06 (104, 13)   vdiff=  6.0428E-06 (120,  9)
n=  6616   udiff=  8.0563E-06 (104, 13)   vdiff=  6.0383E-06 (120,  9)
n=  6617   udiff=  8.0291E-06 (105, 13)   vdiff=  5.8826E-06 (120,  9)
n=  6618   udiff=  8.0178E-06 (104, 13)   vdiff=  6.0004E-06 (120,  9)
n=  6619   udiff=  8.0061E-06 (104, 13)   vdiff=  5.9795E-06 (120,  9)
n=  6620   udiff=  7.9819E-06 (105, 13)   vdiff=  6.0393E-06 (120,  9)
n=  6621   udiff=  7.9735E-06 (105, 13)   vdiff=  6.1325E-06 (120,  9)
n=  6622   udiff=  7.9613E-06 (105, 13)   vdiff=  5.9974E-06 (120,  9)
n=  6623   udiff=  7.9538E-06 (105, 13)   vdiff=  6.0035E-06 (120,  9)
n=  6624   udiff=  7.9387E-06 (105, 13)   vdiff=  5.9453E-06 (120,  9)
n=  6625   udiff=  7.9275E-06 (105, 13)   vdiff=  5.9603E-06 (120,  9)
n=  6626   udiff=  7.9173E-06 (105, 13)   vdiff=  5.9913E-06 (120,  9)
n=  6627   udiff=  7.8957E-06 (105, 13)   vdiff=  5.9985E-06 (120,  9)
n=  6628   udiff=  7.8857E-06 (105, 13)   vdiff=  6.0634E-06 (120,  9)
n=  6629   udiff=  7.8864E-06 (104, 13)   vdiff=  5.9570E-06 (120,  9)
n=  6630   udiff=  7.8737E-06 (104, 13)   vdiff=  6.0213E-06 (120,  9)
n=  6631   udiff=  7.8511E-06 (105, 13)   vdiff=  6.0591E-06 (120,  9)
n=  6632   udiff=  7.8377E-06 (105, 13)   vdiff=  5.9495E-06 (120,  9)
n=  6633   udiff=  7.8249E-06 (105, 13)   vdiff=  5.9688E-06 (120,  9)
n=  6634   udiff=  7.8160E-06 (105, 13)   vdiff=  5.8907E-06 (120,  9)
n=  6635   udiff=  7.7870E-06 (104, 13)   vdiff=  5.9479E-06 (120,  9)
n=  6636   udiff=  7.7806E-06 (105, 13)   vdiff=  5.9151E-06 (120,  9)
n=  6637   udiff=  7.7728E-06 (105, 13)   vdiff=  5.8922E-06 (120,  9)
n=  6638   udiff=  7.7613E-06 (105, 13)   vdiff=  5.9557E-06 (120,  9)
n=  6639   udiff=  7.7504E-06 (105, 13)   vdiff=  5.9080E-06 (120,  9)
n=  6640   udiff=  7.7378E-06 (105, 13)   vdiff=  5.9754E-06 (120,  9)
n=  6641   udiff=  7.7295E-06 (105, 13)   vdiff=  6.0320E-06 (120,  9)
n=  6642   udiff=  7.7162E-06 (105, 13)   vdiff=  5.9303E-06 (120,  9)
n=  6643   udiff=  7.6976E-06 (105, 13)   vdiff=  5.9968E-06 (120,  9)
n=  6644   udiff=  7.6840E-06 (104, 13)   vdiff=  5.7590E-06 (120,  9)
n=  6645   udiff=  7.6728E-06 (104, 13)   vdiff=  5.9026E-06 (120,  9)
n=  6646   udiff=  7.6559E-06 (105, 13)   vdiff=  5.9655E-06 (120,  9)
n=  6647   udiff=  7.6439E-06 (105, 13)   vdiff=  5.9107E-06 (120,  9)
n=  6648   udiff=  7.6319E-06 (105, 13)   vdiff=  6.0014E-06 (120,  9)
n=  6649   udiff=  7.5905E-06 (106, 13)   vdiff=  5.8084E-06 (120,  9)
n=  6650   udiff=  7.5787E-06 (106, 13)   vdiff=  5.9098E-06 (120,  9)
n=  6651   udiff=  7.5628E-06 (106, 13)   vdiff=  6.0193E-06 (120,  9)
n=  6652   udiff=  7.5570E-06 (105, 13)   vdiff=  5.7642E-06 (120,  9)
n=  6653   udiff=  7.5468E-06 (105, 13)   vdiff=  5.8681E-06 (120,  9)
n=  6654   udiff=  7.5324E-06 (105, 13)   vdiff=  5.8014E-06 (120,  9)
n=  6655   udiff=  7.5409E-06 (106, 13)   vdiff=  5.8270E-06 (120,  9)
n=  6656   udiff=  7.5188E-06 (106, 13)   vdiff=  5.8883E-06 (120,  9)
n=  6657   udiff=  7.5077E-06 (106, 13)   vdiff=  5.7475E-06 (120,  9)
n=  6658   udiff=  7.4941E-06 (106, 13)   vdiff=  5.8385E-06 (120,  9)
n=  6659   udiff=  7.4831E-06 (106, 13)   vdiff=  5.8409E-06 (120,  9)
n=  6660   udiff=  7.4467E-06 (105, 13)   vdiff=  5.7730E-06 (120,  9)
n=  6661   udiff=  7.4152E-06 (105, 13)   vdiff=  5.9111E-06 (120,  9)
n=  6662   udiff=  7.4047E-06 (105, 13)   vdiff=  5.7707E-06 (120,  9)
n=  6663   udiff=  7.3967E-06 (105, 13)   vdiff=  5.8348E-06 (120,  9)
n=  6664   udiff=  7.3619E-06 (105, 13)   vdiff=  5.7402E-06 (120,  9)
n=  6665   udiff=  7.3520E-06 (105, 13)   vdiff=  5.7800E-06 (120,  9)
n=  6666   udiff=  7.3436E-06 (103, 13)   vdiff=  5.8295E-06 (120,  9)
n=  6667   udiff=  7.3323E-06 (105, 13)   vdiff=  5.8399E-06 (120,  9)
n=  6668   udiff=  7.3543E-06 (106, 13)   vdiff=  5.8489E-06 (120,  9)
n=  6669   udiff=  7.3136E-06 (105, 13)   vdiff=  5.8967E-06 (120,  9)
n=  6670   udiff=  7.3048E-06 (105, 13)   vdiff=  5.7292E-06 (120,  9)
n=  6671   udiff=  7.2958E-06 (105, 13)   vdiff=  5.8043E-06 (120,  9)
n=  6672   udiff=  7.2849E-06 (105, 13)   vdiff=  5.7349E-06 (120,  9)
n=  6673   udiff=  7.2708E-06 (105, 13)   vdiff=  5.7572E-06 (120,  9)
n=  6674   udiff=  7.2636E-06 (105, 13)   vdiff=  5.8392E-06 (120,  9)
n=  6675   udiff=  7.2531E-06 (104, 13)   vdiff=  5.7267E-06 (120,  9)
n=  6676   udiff=  7.2400E-06 (105, 13)   vdiff=  5.7175E-06 (120,  9)
n=  6677   udiff=  7.2189E-06 (105, 13)   vdiff=  5.6220E-06 (120,  9)
n=  6678   udiff=  7.1991E-06 (105, 13)   vdiff=  5.6541E-06 (120,  9)
n=  6679   udiff=  7.1709E-06 (107, 12)   vdiff=  5.7191E-06 (120,  9)
n=  6680   udiff=  7.1646E-06 (108, 12)   vdiff=  5.7295E-06 (120,  9)
n=  6681   udiff=  7.1443E-06 (107, 12)   vdiff=  5.7636E-06 (120,  9)
n=  6682   udiff=  7.1419E-06 (107, 12)   vdiff=  5.7485E-06 (120,  9)
n=  6683   udiff=  7.1305E-06 (107, 12)   vdiff=  5.7227E-06 (120,  9)
n=  6684   udiff=  7.1334E-06 (105, 13)   vdiff=  5.7334E-06 (120,  9)
n=  6685   udiff=  7.1048E-06 (105, 13)   vdiff=  5.5797E-06 (120,  9)
n=  6686   udiff=  7.0993E-06 (105, 13)   vdiff=  5.6618E-06 (120,  9)
n=  6687   udiff=  7.0901E-06 (105, 13)   vdiff=  5.7567E-06 (120,  9)
n=  6688   udiff=  7.0871E-06 (106, 13)   vdiff=  5.6985E-06 (120,  9)
n=  6689   udiff=  7.0754E-06 (106, 13)   vdiff=  5.7203E-06 (120,  9)
n=  6690   udiff=  7.0543E-06 (106, 13)   vdiff=  5.6294E-06 (120,  9)
n=  6691   udiff=  7.0319E-06 (105, 13)   vdiff=  5.7103E-06 (120,  9)
n=  6692   udiff=  7.0252E-06 (105, 13)   vdiff=  5.7252E-06 (120,  9)
n=  6693   udiff=  7.0181E-06 (105, 13)   vdiff=  5.6236E-06 (120,  9)
n=  6694   udiff=  6.9931E-06 (105, 13)   vdiff=  5.6523E-06 (120,  9)
n=  6695   udiff=  6.9771E-06 (106, 13)   vdiff=  5.7224E-06 (120,  9)
n=  6696   udiff=  6.9697E-06 (108, 12)   vdiff=  5.6034E-06 (120,  9)
n=  6697   udiff=  6.9597E-06 (108, 12)   vdiff=  5.6126E-06 (120,  9)
n=  6698   udiff=  6.9548E-06 (108, 12)   vdiff=  5.4979E-06 (120,  9)
n=  6699   udiff=  6.9466E-06 (108, 12)   vdiff=  5.5044E-06 (120,  9)
n=  6700   udiff=  6.9207E-06 (107, 12)   vdiff=  5.5827E-06 (120,  9)
n=  6701   udiff=  6.9135E-06 (105, 13)   vdiff=  5.5999E-06 (120,  9)
n=  6702   udiff=  6.9049E-06 (105, 13)   vdiff=  5.6465E-06 (120,  9)
n=  6703   udiff=  6.8779E-06 (107, 13)   vdiff=  5.6604E-06 (120,  9)
n=  6704   udiff=  6.8688E-06 (105, 13)   vdiff=  5.5511E-06 (120,  9)
n=  6705   udiff=  6.8774E-06 (106, 13)   vdiff=  5.5550E-06 (120,  9)
n=  6706   udiff=  6.8488E-06 (106, 13)   vdiff=  5.4655E-06 (120,  9)
n=  6707   udiff=  6.8416E-06 (106, 13)   vdiff=  5.5439E-06 (120,  9)
n=  6708   udiff=  6.8236E-06 (107, 13)   vdiff=  5.5520E-06 (120,  9)
n=  6709   udiff=  6.8088E-06 (106, 13)   vdiff=  5.5780E-06 (120,  9)
n=  6710   udiff=  6.8022E-06 (106, 13)   vdiff=  5.6598E-06 (120,  9)
n=  6711   udiff=  6.7889E-06 (106, 13)   vdiff=  5.6691E-06 (120,  9)
n=  6712   udiff=  6.7726E-06 (106, 13)   vdiff=  5.5182E-06 (120,  9)
n=  6713   udiff=  6.7623E-06 (106, 13)   vdiff=  5.5943E-06 (120,  9)
n=  6714   udiff=  6.7534E-06 (108, 12)   vdiff=  5.4421E-06 (120,  9)
n=  6715   udiff=  6.7451E-06 (108, 12)   vdiff=  5.4912E-06 (120,  9)
n=  6716   udiff=  6.7335E-06 (108, 12)   vdiff=  5.5264E-06 (120,  9)
n=  6717   udiff=  6.7284E-06 (108, 12)   vdiff=  5.4272E-06 (120,  9)
n=  6718   udiff=  6.7235E-06 (108, 12)   vdiff=  5.4981E-06 (120,  9)
n=  6719   udiff=  6.7102E-06 (107, 12)   vdiff=  5.5128E-06 (120,  9)
n=  6720   udiff=  6.6797E-06 (107, 12)   vdiff=  5.4145E-06 (120,  9)
n=  6721   udiff=  6.6637E-06 (107, 13)   vdiff=  5.4702E-06 (120,  9)
n=  6722   udiff=  6.6486E-06 (107, 13)   vdiff=  5.4175E-06 (120,  9)
n=  6723   udiff=  6.6404E-06 (107, 13)   vdiff=  5.4952E-06 (120,  9)
n=  6724   udiff=  6.6342E-06 (106, 13)   vdiff=  5.5713E-06 (120,  9)
n=  6725   udiff=  6.6254E-06 (106, 13)   vdiff=  5.3878E-06 (120,  9)
n=  6726   udiff=  6.6053E-06 (106, 13)   vdiff=  5.4350E-06 (120,  9)
n=  6727   udiff=  6.5875E-06 (106, 13)   vdiff=  5.5292E-06 (120,  9)
n=  6728   udiff=  6.5733E-06 (106, 13)   vdiff=  5.3564E-06 (120,  9)
n=  6729   udiff=  6.5605E-06 (106, 13)   vdiff=  5.4006E-06 (120,  9)
n=  6730   udiff=  6.5482E-06 (106, 13)   vdiff=  5.3996E-06 (120,  9)
n=  6731   udiff=  6.5341E-06 (109, 12)   vdiff=  5.4362E-06 (120,  9)
n=  6732   udiff=  6.5278E-06 (109, 12)   vdiff=  5.4969E-06 (120,  9)
n=  6733   udiff=  6.5322E-06 (108, 12)   vdiff=  5.3272E-06 (120,  9)
n=  6734   udiff=  6.5222E-06 (108, 12)   vdiff=  5.4203E-06 (120,  9)
n=  6735   udiff=  6.5112E-06 (108, 12)   vdiff=  5.4568E-06 (120,  9)
n=  6736   udiff=  6.5065E-06 (108, 12)   vdiff=  5.3086E-06 (120,  9)
n=  6737   udiff=  6.4986E-06 (108, 12)   vdiff=  5.3829E-06 (120,  9)
n=  6738   udiff=  6.4973E-06 (108, 12)   vdiff=  5.4510E-06 (120,  9)
n=  6739   udiff=  6.4439E-06 (107, 12)   vdiff=  5.2563E-06 (120,  9)
n=  6740   udiff=  6.4357E-06 (107, 13)   vdiff=  5.3614E-06 (120,  9)
n=  6741   udiff=  6.4163E-06 (106, 13)   vdiff=  5.4268E-06 (120,  9)
n=  6742   udiff=  6.4098E-06 (106, 13)   vdiff=  5.2301E-06 (120,  9)
n=  6743   udiff=  6.3960E-06 (106, 13)   vdiff=  5.2882E-06 (120,  9)
n=  6744   udiff=  6.3865E-06 (106, 13)   vdiff=  5.3629E-06 (120,  9)
n=  6745   udiff=  6.3663E-06 (106, 13)   vdiff=  5.3174E-06 (120,  9)
n=  6746   udiff=  6.3529E-06 (107, 13)   vdiff=  5.3705E-06 (120,  9)
n=  6747   udiff=  6.3463E-06 (106, 13)   vdiff=  5.2632E-06 (120,  9)
n=  6748   udiff=  6.3338E-06 (107, 13)   vdiff=  5.2880E-06 (120,  9)
n=  6749   udiff=  6.3228E-06 (107, 13)   vdiff=  5.3563E-06 (120,  9)
n=  6750   udiff=  6.3057E-06 (108, 12)   vdiff=  5.1773E-06 (120,  9)
n=  6751   udiff=  6.3019E-06 (108, 12)   vdiff=  5.2383E-06 (120,  9)
n=  6752   udiff=  6.3019E-06 (108, 12)   vdiff=  5.3061E-06 (120,  9)
n=  6753   udiff=  6.2929E-06 (108, 12)   vdiff=  5.2094E-06 (120,  9)
n=  6754   udiff=  6.2860E-06 (108, 12)   vdiff=  5.2889E-06 (120,  9)
n=  6755   udiff=  6.2797E-06 (108, 12)   vdiff=  5.3395E-06 (120,  9)
n=  6756   udiff=  6.2734E-06 (108, 12)   vdiff=  5.1675E-06 (120,  9)
n=  6757   udiff=  6.2698E-06 (109, 12)   vdiff=  5.2530E-06 (120,  9)
n=  6758   udiff=  6.2643E-06 (109, 12)   vdiff=  5.3163E-06 (120,  9)
n=  6759   udiff=  6.2004E-06 (107, 13)   vdiff=  5.1626E-06 (120,  9)
n=  6760   udiff=  6.1812E-06 (107, 13)   vdiff=  5.1950E-06 (120,  9)
n=  6761   udiff=  6.1711E-06 (107, 13)   vdiff=  5.2356E-06 (120,  9)
n=  6762   udiff=  6.1617E-06 (106, 13)   vdiff=  5.1059E-06 (120,  9)
n=  6763   udiff=  6.1514E-06 (106, 13)   vdiff=  5.1653E-06 (120,  9)
n=  6764   udiff=  6.1381E-06 (107, 13)   vdiff=  5.0636E-06 (120,  9)
n=  6765   udiff=  6.1198E-06 (107, 13)   vdiff=  5.1152E-06 (120,  9)
n=  6766   udiff=  6.1131E-06 (107, 13)   vdiff=  5.1799E-06 (120,  9)
n=  6767   udiff=  6.0975E-06 (107, 13)   vdiff=  5.1436E-06 (120,  9)
n=  6768   udiff=  6.0921E-06 (108, 12)   vdiff=  5.1743E-06 (120,  9)
n=  6769   udiff=  6.0807E-06 (108, 12)   vdiff=  5.2261E-06 (120,  9)
n=  6770   udiff=  6.0714E-06 (110, 12)   vdiff=  5.1158E-06 (120,  9)
n=  6771   udiff=  6.0659E-06 (109, 12)   vdiff=  5.1081E-06 (120,  9)
n=  6772   udiff=  6.0536E-06 (109, 12)   vdiff=  5.2034E-06 (120,  9)
n=  6773   udiff=  6.0523E-06 (109, 12)   vdiff=  5.0929E-06 (120,  9)
n=  6774   udiff=  6.0413E-06 (108, 12)   vdiff=  5.0829E-06 (120,  9)
n=  6775   udiff=  6.0379E-06 (109, 12)   vdiff=  5.1614E-06 (120,  9)
n=  6776   udiff=  6.0295E-06 (109, 12)   vdiff=  5.1648E-06 (120,  9)
n=  6777   udiff=  6.0195E-06 (108, 12)   vdiff=  5.1619E-06 (120,  9)
n=  6778   udiff=  6.0128E-06 (108, 12)   vdiff=  5.1742E-06 (120,  9)
n=  6779   udiff=  6.0058E-06 (108, 12)   vdiff=  5.0484E-06 (120,  9)
n=  6780   udiff=  5.9314E-06 (110, 12)   vdiff=  5.1345E-06 (120,  9)
n=  6781   udiff=  5.9280E-06 (110, 12)   vdiff=  5.1971E-06 (120,  9)
n=  6782   udiff=  5.9177E-06 (110, 12)   vdiff=  5.0401E-06 (120,  9)
n=  6783   udiff=  5.9059E-06 (110, 12)   vdiff=  5.0283E-06 (120,  9)
n=  6784   udiff=  5.8951E-06 (110, 12)   vdiff=  5.1152E-06 (120,  9)
n=  6785   udiff=  5.8858E-06 (109, 12)   vdiff=  4.9689E-06 (120, 10)
n=  6786   udiff=  5.8812E-06 (109, 12)   vdiff=  4.9730E-06 (120,  9)
n=  6787   udiff=  5.8684E-06 (109, 12)   vdiff=  5.0273E-06 (120,  9)
n=  6788   udiff=  5.8602E-06 (109, 12)   vdiff=  4.9226E-06 (120,  9)
n=  6789   udiff=  5.8525E-06 (109, 12)   vdiff=  4.9202E-06 (120,  9)
n=  6790   udiff=  5.8390E-06 (109, 12)   vdiff=  5.0048E-06 (120,  9)
n=  6791   udiff=  5.8336E-06 (109, 12)   vdiff=  4.9982E-06 (120,  9)
n=  6792   udiff=  5.8265E-06 (109, 12)   vdiff=  5.0151E-06 (120,  9)
n=  6793   udiff=  5.8139E-06 (109, 12)   vdiff=  5.0458E-06 (120,  9)
n=  6794   udiff=  5.7930E-06 (108, 12)   vdiff=  4.9531E-06 (120,  9)
n=  6795   udiff=  5.7845E-06 (108, 12)   vdiff=  4.9542E-06 (120,  9)
n=  6796   udiff=  5.7814E-06 (108, 12)   vdiff=  5.0208E-06 (120,  9)
n=  6797   udiff=  5.7752E-06 (108, 12)   vdiff=  4.8722E-06 (120,  9)
n=  6798   udiff=  5.7713E-06 (108, 12)   vdiff=  4.8857E-06 (120,  9)
n=  6799   udiff=  5.7791E-06 (109, 12)   vdiff=  4.8728E-06 (120,  9)
n=  6800   udiff=  5.7729E-06 (109, 12)   vdiff=  4.9083E-06 (120,  9)
n=  6801   udiff=  5.7342E-06 (109, 12)   vdiff=  4.9215E-06 (120,  9)
n=  6802   udiff=  5.6827E-06 (110, 12)   vdiff=  4.9818E-06 (120,  9)
n=  6803   udiff=  5.6765E-06 (110, 12)   vdiff=  4.8545E-06 (120,  9)
n=  6804   udiff=  5.6565E-06 (110, 12)   vdiff=  4.8474E-06 (120,  9)
n=  6805   udiff=  5.6472E-06 (110, 12)   vdiff=  4.9386E-06 (120,  9)
n=  6806   udiff=  5.6419E-06 (110, 12)   vdiff=  4.8577E-06 (120,  9)
n=  6807   udiff=  5.6207E-06 (109, 12)   vdiff=  4.9374E-06 (120,  9)
n=  6808   udiff=  5.6159E-06 (109, 12)   vdiff=  4.9153E-06 (120,  9)
n=  6809   udiff=  5.6170E-06 (109, 12)   vdiff=  4.8023E-06 (120,  9)
n=  6810   udiff=  5.6091E-06 (109, 12)   vdiff=  4.8663E-06 (120,  9)
n=  6811   udiff=  5.6013E-06 (109, 12)   vdiff=  4.8626E-06 (120,  9)
n=  6812   udiff=  5.5748E-06 (109, 12)   vdiff=  4.7335E-06 (120,  9)
n=  6813   udiff=  5.5620E-06 (109, 12)   vdiff=  4.7891E-06 (120,  9)
n=  6814   udiff=  5.5776E-06 (109, 12)   vdiff=  4.7945E-06 (120,  9)
n=  6815   udiff=  5.5707E-06 (109, 12)   vdiff=  4.7770E-06 (120,  9)
n=  6816   udiff=  5.5590E-06 (109, 12)   vdiff=  4.8239E-06 (120,  9)
n=  6817   udiff=  5.5359E-06 (109, 12)   vdiff=  4.8382E-06 (120,  9)
n=  6818   udiff=  5.5301E-06 (109, 12)   vdiff=  4.7304E-06 (120,  9)
n=  6819   udiff=  5.5215E-06 (109, 12)   vdiff=  4.7966E-06 (120,  9)
n=  6820   udiff=  5.5173E-06 (109, 12)   vdiff=  4.7629E-06 (120,  9)
n=  6821   udiff=  5.5181E-06 (109, 12)   vdiff=  4.6581E-06 (120,  9)
n=  6822   udiff=  5.5000E-06 (109, 12)   vdiff=  4.7480E-06 (120,  9)
n=  6823   udiff=  5.4672E-06 (109, 12)   vdiff=  4.7366E-06 (120,  9)
n=  6824   udiff=  5.4588E-06 (109, 12)   vdiff=  4.7141E-06 (120,  9)
n=  6825   udiff=  5.4245E-06 (110, 12)   vdiff=  4.7567E-06 (120,  9)
n=  6826   udiff=  5.4117E-06 (110, 12)   vdiff=  4.8094E-06 (120,  9)
n=  6827   udiff=  5.4061E-06 (110, 12)   vdiff=  4.8043E-06 (120,  9)
n=  6828   udiff=  5.3871E-06 (110, 12)   vdiff=  4.6737E-06 (120,  9)
n=  6829   udiff=  5.3856E-06 (109, 12)   vdiff=  4.6773E-06 (120,  9)
n=  6830   udiff=  5.3713E-06 (109, 12)   vdiff=  4.7536E-06 (120,  9)
n=  6831   udiff=  5.3672E-06 (110, 12)   vdiff=  4.6407E-06 (120,  9)
n=  6832   udiff=  5.3632E-06 (110, 12)   vdiff=  4.6696E-06 (120,  9)
n=  6833   udiff=  5.3538E-06 (110, 12)   vdiff=  4.7359E-06 (120,  9)
n=  6834   udiff=  5.3488E-06 (110, 12)   vdiff=  4.6077E-06 (120,  9)
n=  6835   udiff=  5.3392E-06 (110, 12)   vdiff=  4.6763E-06 (120,  9)
n=  6836   udiff=  5.3328E-06 (110, 12)   vdiff=  4.5937E-06 (120,  9)
n=  6837   udiff=  5.3060E-06 (109, 12)   vdiff=  4.5617E-06 (120,  9)
n=  6838   udiff=  5.2969E-06 (109, 12)   vdiff=  4.6166E-06 (120,  9)
n=  6839   udiff=  5.2895E-06 (110, 12)   vdiff=  4.6936E-06 (120,  9)
n=  6840   udiff=  5.2977E-06 (110, 12)   vdiff=  4.5428E-06 (120,  9)
n=  6841   udiff=  5.2900E-06 (110, 12)   vdiff=  4.6180E-06 (120,  9)
n=  6842   udiff=  5.2519E-06 (108, 12)   vdiff=  4.6647E-06 (120,  9)
n=  6843   udiff=  5.2480E-06 (109, 12)   vdiff=  4.7214E-06 (120,  9)
n=  6844   udiff=  5.2432E-06 (109, 12)   vdiff=  4.5654E-06 (120,  9)
n=  6845   udiff=  5.2513E-06 (109, 12)   vdiff=  4.6186E-06 (120,  9)
n=  6846   udiff=  5.2399E-06 (109, 12)   vdiff=  4.6368E-06 (120,  9)
n=  6847   udiff=  5.2112E-06 (109, 12)   vdiff=  4.5253E-06 (120,  9)
n=  6848   udiff=  5.2035E-06 (109, 12)   vdiff=  4.5533E-06 (120,  9)
n=  6849   udiff=  5.1492E-06 (110, 12)   vdiff=  4.5976E-06 (120,  9)
n=  6850   udiff=  5.1374E-06 (110, 12)   vdiff=  4.4500E-06 (120,  9)
n=  6851   udiff=  5.1295E-06 (110, 12)   vdiff=  4.5639E-06 (120,  9)
n=  6852   udiff=  5.1227E-06 (110, 12)   vdiff=  4.6109E-06 (120,  9)
n=  6853   udiff=  5.1096E-06 (110, 12)   vdiff=  4.4343E-06 (120,  9)
n=  6854   udiff=  5.0998E-06 (110, 12)   vdiff=  4.4840E-06 (120,  9)
n=  6855   udiff=  5.0941E-06 (110, 12)   vdiff=  4.5160E-06 (120,  9)
n=  6856   udiff=  5.1141E-06 (110, 12)   vdiff=  4.5315E-06 (120,  9)
n=  6857   udiff=  5.0996E-06 (110, 12)   vdiff=  4.3586E-06 (120,  9)
n=  6858   udiff=  5.0918E-06 (110, 12)   vdiff=  4.4742E-06 (120,  9)
n=  6859   udiff=  5.0820E-06 (110, 12)   vdiff=  4.5225E-06 (120,  9)
n=  6860   udiff=  5.0680E-06 (110, 12)   vdiff=  4.3812E-06 (120,  9)
n=  6861   udiff=  5.0642E-06 (110, 12)   vdiff=  4.4453E-06 (120,  9)
n=  6862   udiff=  5.0592E-06 (110, 12)   vdiff=  4.5018E-06 (120,  9)
n=  6863   udiff=  5.0437E-06 (110, 12)   vdiff=  4.3163E-06 (120,  9)
n=  6864   udiff=  5.0270E-06 (109, 12)   vdiff=  4.3936E-06 (120,  9)
n=  6865   udiff=  5.0202E-06 (109, 12)   vdiff=  4.4058E-06 (120,  9)
n=  6866   udiff=  5.0126E-06 (109, 12)   vdiff=  4.4704E-06 (120,  9)
n=  6867   udiff=  5.0105E-06 (109, 12)   vdiff=  4.3845E-06 (120,  9)
n=  6868   udiff=  4.9892E-06 (109, 12)   vdiff=  4.3897E-06 (120,  9)
n=  6869   udiff=  4.9788E-06 (109, 12)   vdiff=  4.4652E-06 (120,  9)
n=  6870   udiff=  4.9610E-06 (109, 12)   vdiff=  4.2959E-06 (120,  9)
n=  6871   udiff=  4.9495E-06 (109, 12)   vdiff=  4.3702E-06 (120,  9)
n=  6872   udiff=  4.9205E-06 (109, 12)   vdiff=  4.4496E-06 (120,  9)
n=  6873   udiff=  4.9143E-06 (110, 12)   vdiff=  4.2352E-06 (120,  9)
n=  6874   udiff=  4.9038E-06 (109, 12)   vdiff=  4.3157E-06 (120,  9)
n=  6875   udiff=  4.8761E-06 (110, 12)   vdiff=  4.3878E-06 (120,  9)
n=  6876   udiff=  4.8685E-06 (110, 12)   vdiff=  4.4261E-06 (120,  9)
n=  6877   udiff=  4.8618E-06 (110, 12)   vdiff=  4.3326E-06 (120,  9)
n=  6878   udiff=  4.8556E-06 (110, 12)   vdiff=  4.3738E-06 (120,  9)
n=  6879   udiff=  4.8444E-06 (110, 12)   vdiff=  4.3800E-06 (120,  9)
n=  6880   udiff=  4.8387E-06 (110, 12)   vdiff=  4.2577E-06 (120,  9)
n=  6881   udiff=  4.8286E-06 (110, 12)   vdiff=  4.3196E-06 (120,  9)
n=  6882   udiff=  4.8141E-06 (110, 12)   vdiff=  4.3106E-06 (120,  9)
n=  6883   udiff=  4.8011E-06 (110, 12)   vdiff=  4.3593E-06 (120,  9)
n=  6884   udiff=  4.7867E-06 (110, 12)   vdiff=  4.1925E-06 (120,  9)
n=  6885   udiff=  4.7978E-06 (111, 12)   vdiff=  4.2623E-06 (120,  9)
n=  6886   udiff=  4.7911E-06 (111, 12)   vdiff=  4.2897E-06 (120,  9)
n=  6887   udiff=  4.7805E-06 (111, 12)   vdiff=  4.2201E-06 (120, 10)
n=  6888   udiff=  4.7712E-06 (111, 12)   vdiff=  4.1541E-06 (120,  9)
n=  6889   udiff=  4.7685E-06 (111, 12)   vdiff=  4.2169E-06 (120,  9)
n=  6890   udiff=  4.7792E-06 (110, 12)   vdiff=  4.2785E-06 (120,  9)
n=  6891   udiff=  4.7481E-06 (110, 12)   vdiff=  4.1178E-06 (120,  9)
n=  6892   udiff=  4.7296E-06 (110, 12)   vdiff=  4.1690E-06 (120,  9)
n=  6893   udiff=  4.7205E-06 (110, 12)   vdiff=  4.2143E-06 (120,  9)
n=  6894   udiff=  4.7103E-06 (110, 12)   vdiff=  4.2233E-06 (120,  9)
n=  6895   udiff=  4.6865E-06 (109, 12)   vdiff=  4.1704E-06 (120,  9)
n=  6896   udiff=  4.6784E-06 (109, 12)   vdiff=  4.2269E-06 (120,  9)
n=  6897   udiff=  4.6634E-06 (109, 12)   vdiff=  4.2831E-06 (120,  9)
n=  6898   udiff=  4.6398E-06 (109, 12)   vdiff=  4.0375E-06 (120,  9)
n=  6899   udiff=  4.6284E-06 (109, 12)   vdiff=  4.1593E-06 (120,  9)
n=  6900   udiff=  4.6188E-06 (109, 12)   vdiff=  4.1954E-06 (120,  9)
n=  6901   udiff=  4.6092E-06 (109, 12)   vdiff=  4.2424E-06 (120,  9)
n=  6902   udiff=  4.5726E-06 (110, 12)   vdiff=  4.0475E-06 (120,  9)
n=  6903   udiff=  4.5803E-06 (111, 12)   vdiff=  4.1505E-06 (120,  9)
n=  6904   udiff=  4.5716E-06 (111, 12)   vdiff=  4.2201E-06 (120,  9)
n=  6905   udiff=  4.5554E-06 (111, 12)   vdiff=  4.1718E-06 (120,  9)
n=  6906   udiff=  4.5444E-06 (111, 12)   vdiff=  4.0989E-06 (120,  9)
n=  6907   udiff=  4.5366E-06 (110, 12)   vdiff=  4.1953E-06 (120,  9)
n=  6908   udiff=  4.5511E-06 (110, 12)   vdiff=  4.2448E-06 (120,  9)
n=  6909   udiff=  4.5387E-06 (110, 12)   vdiff=  4.0283E-06 (120,  9)
n=  6910   udiff=  4.5319E-06 (110, 12)   vdiff=  4.0271E-06 (120,  9)
n=  6911   udiff=  4.5183E-06 (110, 12)   vdiff=  4.1244E-06 (120,  9)
n=  6912   udiff=  4.5005E-06 (110, 12)   vdiff=  4.0079E-06 (120,  9)
n=  6913   udiff=  4.4951E-06 (111, 12)   vdiff=  4.0106E-06 (120,  9)
n=  6914   udiff=  4.4886E-06 (110, 12)   vdiff=  3.9882E-06 (120,  9)
n=  6915   udiff=  4.4863E-06 (111, 12)   vdiff=  4.0936E-06 (120,  9)
n=  6916   udiff=  4.4757E-06 (111, 12)   vdiff=  3.9654E-06 (120, 10)
n=  6917   udiff=  4.4726E-06 (111, 12)   vdiff=  3.9648E-06 (120,  9)
n=  6918   udiff=  4.4634E-06 (110, 12)   vdiff=  3.9297E-06 (120,  9)
n=  6919   udiff=  4.4527E-06 (110, 12)   vdiff=  4.0485E-06 (120,  9)
n=  6920   udiff=  4.4469E-06 (110, 12)   vdiff=  3.9670E-06 (120, 10)
n=  6921   udiff=  4.4239E-06 (110, 12)   vdiff=  3.9212E-06 (120,  9)
n=  6922   udiff=  4.4176E-06 (110, 12)   vdiff=  3.9380E-06 (120,  9)
n=  6923   udiff=  4.3712E-06 (109, 12)   vdiff=  3.9970E-06 (120,  9)
n=  6924   udiff=  4.3645E-06 (109, 12)   vdiff=  3.9643E-06 (120,  9)
n=  6925   udiff=  4.3337E-06 (109, 12)   vdiff=  3.9863E-06 (120,  9)
n=  6926   udiff=  4.3254E-06 (109, 12)   vdiff=  3.9745E-06 (120,  9)
n=  6927   udiff=  4.3158E-06 (110, 12)   vdiff=  3.8929E-06 (120,  9)
n=  6928   udiff=  4.3139E-06 (110, 12)   vdiff=  3.8810E-06 (120,  9)
n=  6929   udiff=  4.3102E-06 (110, 12)   vdiff=  3.9132E-06 (120,  9)
n=  6930   udiff=  4.2875E-06 (110, 12)   vdiff=  3.9365E-06 (120,  9)
n=  6931   udiff=  4.2812E-06 (110, 12)   vdiff=  3.8696E-06 (120, 10)
n=  6932   udiff=  4.2764E-06 (110, 12)   vdiff=  3.8709E-06 (120,  9)
n=  6933   udiff=  4.2714E-06 (110, 12)   vdiff=  3.8933E-06 (120,  9)
n=  6934   udiff=  4.2601E-06 (110, 12)   vdiff=  3.9477E-06 (120,  9)
n=  6935   udiff=  4.2389E-06 (110, 12)   vdiff=  3.9411E-06 (120,  9)
n=  6936   udiff=  4.2307E-06 (110, 12)   vdiff=  3.9202E-06 (120,  9)
n=  6937   udiff=  4.2234E-06 (110, 12)   vdiff=  3.9520E-06 (120,  9)
n=  6938   udiff=  4.2138E-06 (110, 12)   vdiff=  3.9689E-06 (120,  9)
n=  6939   udiff=  4.2043E-06 (110, 12)   vdiff=  3.8525E-06 (120,  9)
n=  6940   udiff=  4.1999E-06 (110, 12)   vdiff=  3.8185E-06 (120,  9)
n=  6941   udiff=  4.2031E-06 (111, 12)   vdiff=  3.8971E-06 (120,  9)
n=  6942   udiff=  4.2000E-06 (111, 12)   vdiff=  3.9367E-06 (120,  9)
n=  6943   udiff=  4.1922E-06 (111, 12)   vdiff=  3.7363E-06 (120,  9)
n=  6944   udiff=  4.1802E-06 (111, 12)   vdiff=  3.8065E-06 (120,  9)
n=  6945   udiff=  4.1744E-06 (110, 12)   vdiff=  3.8420E-06 (120,  9)
n=  6946   udiff=  4.1683E-06 (110, 12)   vdiff=  3.7271E-06 (120,  9)
n=  6947   udiff=  4.1731E-06 (110, 12)   vdiff=  3.7225E-06 (120, 10)
n=  6948   udiff=  4.1675E-06 (110, 12)   vdiff=  3.7616E-06 (120,  9)
n=  6949   udiff=  4.1578E-06 (110, 12)   vdiff=  3.8025E-06 (120,  9)
n=  6950   udiff=  4.1444E-06 (111, 12)   vdiff=  3.6782E-06 (120, 10)
n=  6951   udiff=  4.1372E-06 (111, 12)   vdiff=  3.6979E-06 (120, 10)
n=  6952   udiff=  4.1234E-06 (111, 12)   vdiff=  3.7217E-06 (120,  9)
n=  6953   udiff=  4.0913E-06 (110, 12)   vdiff=  3.7357E-06 (120,  9)
n=  6954   udiff=  4.0644E-06 (109, 12)   vdiff=  3.6934E-06 (120,  9)
n=  6955   udiff=  4.0410E-06 (109, 12)   vdiff=  3.7487E-06 (120,  9)
n=  6956   udiff=  4.0377E-06 (112, 12)   vdiff=  3.7448E-06 (120,  9)
n=  6957   udiff=  4.0224E-06 (112, 12)   vdiff=  3.8087E-06 (120,  9)
n=  6958   udiff=  4.0099E-06 (109, 12)   vdiff=  3.6510E-06 (120,  9)
n=  6959   udiff=  3.9998E-06 (109, 12)   vdiff=  3.6748E-06 (120,  9)
n=  6960   udiff=  3.9912E-06 (110, 12)   vdiff=  3.6225E-06 (120,  9)
n=  6961   udiff=  3.9817E-06 (111, 12)   vdiff=  3.7187E-06 (120,  9)
n=  6962   udiff=  3.9654E-06 (111, 12)   vdiff=  3.5921E-06 (120, 10)
n=  6963   udiff=  3.9533E-06 (110, 12)   vdiff=  3.6351E-06 (120, 10)
n=  6964   udiff=  3.9445E-06 (110, 12)   vdiff=  3.6236E-06 (120,  9)
n=  6965   udiff=  3.9414E-06 (111, 12)   vdiff=  3.6639E-06 (120,  9)
n=  6966   udiff=  3.9440E-06 (111, 12)   vdiff=  3.7001E-06 (120,  9)
n=  6967   udiff=  3.9359E-06 (110, 12)   vdiff=  3.6633E-06 (120,  9)
n=  6968   udiff=  3.9312E-06 (111, 12)   vdiff=  3.6956E-06 (120,  9)
n=  6969   udiff=  3.9214E-06 (111, 12)   vdiff=  3.6573E-06 (120,  9)
n=  6970   udiff=  3.9098E-06 (111, 12)   vdiff=  3.7737E-06 (120,  9)
n=  6971   udiff=  3.9005E-06 (110, 12)   vdiff=  3.6114E-06 (120,  9)
n=  6972   udiff=  3.8933E-06 (111, 12)   vdiff=  3.6629E-06 (120,  9)
n=  6973   udiff=  3.8837E-06 (111, 12)   vdiff=  3.5403E-06 (120,  9)
n=  6974   udiff=  3.8791E-06 (110, 12)   vdiff=  3.6470E-06 (120,  9)
n=  6975   udiff=  3.8657E-06 (111, 12)   vdiff=  3.5394E-06 (120,  9)
n=  6976   udiff=  3.8681E-06 (111, 12)   vdiff=  3.5743E-06 (120,  9)
n=  6977   udiff=  3.8551E-06 (111, 12)   vdiff=  3.5831E-06 (120,  9)
n=  6978   udiff=  3.8531E-06 (111, 12)   vdiff=  3.5599E-06 (120,  9)
n=  6979   udiff=  3.8423E-06 (111, 12)   vdiff=  3.4320E-06 (120,  9)
n=  6980   udiff=  3.8374E-06 (111, 12)   vdiff=  3.5276E-06 (120, 10)
n=  6981   udiff=  3.8331E-06 (111, 12)   vdiff=  3.4937E-06 (120,  9)
n=  6982   udiff=  3.8245E-06 (111, 12)   vdiff=  3.4895E-06 (120,  9)
n=  6983   udiff=  3.8345E-06 (111, 12)   vdiff=  3.4371E-06 (120, 10)
n=  6984   udiff=  3.8276E-06 (111, 12)   vdiff=  3.4416E-06 (120, 10)
n=  6985   udiff=  3.8183E-06 (111, 12)   vdiff=  3.5304E-06 (120, 10)
n=  6986   udiff=  3.8158E-06 (111, 12)   vdiff=  3.4787E-06 (120,  9)
n=  6987   udiff=  3.7501E-06 (110, 12)   vdiff=  3.3967E-06 (120,  9)
n=  6988   udiff=  3.7275E-06 (112, 12)   vdiff=  3.5067E-06 (120,  9)
n=  6989   udiff=  3.7216E-06 (112, 12)   vdiff=  3.5275E-06 (120,  9)
n=  6990   udiff=  3.7063E-06 (112, 12)   vdiff=  3.4864E-06 (120,  9)
n=  6991   udiff=  3.7050E-06 (112, 12)   vdiff=  3.5104E-06 (120,  9)
n=  6992   udiff=  3.6958E-06 (112, 12)   vdiff=  3.3689E-06 (120,  9)
n=  6993   udiff=  3.6925E-06 (112, 12)   vdiff=  3.4665E-06 (120,  9)
n=  6994   udiff=  3.6637E-06 ( 53, 28)   vdiff=  3.4798E-06 (120,  9)
n=  6995   udiff=  3.6542E-06 ( 53, 28)   vdiff=  3.4921E-06 (120,  9)
n=  6996   udiff=  3.6481E-06 ( 53, 28)   vdiff=  3.3263E-06 (120, 10)
n=  6997   udiff=  3.6442E-06 ( 53, 28)   vdiff=  3.3422E-06 (120, 10)
n=  6998   udiff=  3.6301E-06 ( 53, 28)   vdiff=  3.4561E-06 (120,  9)
n=  6999   udiff=  3.6212E-06 ( 53, 28)   vdiff=  3.4391E-06 (120,  9)
n=  7000   udiff=  3.6231E-06 ( 53, 28)   vdiff=  3.4039E-06 (120,  9)
 FAILED to converge in maximum time steps        7000
